   time (s)      Tw (K)
  0.00000E+00  3.00000E+02
  1.00000E-02  3.14306E+02
  2.00000E-02  3.36117E+02
  3.00000E-02  3.65358E+02
  4.00000E-02  4.01550E+02
  5.00000E-02  4.44175E+02
  6.00000E-02  4.92670E+02
  7.00000E-02  5.43649E+02
  8.00000E-02  5.98053E+02
  9.00000E-02  6.56810E+02
  1.00000E-01  7.18436E+02
  1.10000E-01  7.63578E+02
  1.20000E-01  8.01491E+02
  1.30000E-01  8.33398E+02
  1.40000E-01  8.60433E+02
  1.50000E-01  8.83343E+02
  1.60000E-01  9.03186E+02
  1.70000E-01  9.20594E+02
  1.80000E-01  9.36090E+02
  1.90000E-01  9.50037E+02
  2.00000E-01  9.62714E+02
  2.10000E-01  9.74318E+02
  2.20000E-01  9.85032E+02
  2.30000E-01  9.94975E+02
  2.40000E-01  1.00427E+03
  2.50000E-01  1.01301E+03
  2.60000E-01  1.02126E+03
  2.70000E-01  1.02908E+03
  2.80000E-01  1.03651E+03
  2.90000E-01  1.04358E+03
  3.00000E-01  1.05033E+03
  3.10000E-01  1.05679E+03
  3.20000E-01  1.06297E+03
  3.30000E-01  1.06891E+03
  3.40000E-01  1.07462E+03
  3.50000E-01  1.08013E+03
  3.60000E-01  1.08543E+03
  3.70000E-01  1.09054E+03
  3.80000E-01  1.09549E+03
  3.90000E-01  1.10026E+03
  4.00000E-01  1.10489E+03
  4.10000E-01  1.10936E+03
  4.20000E-01  1.11370E+03
  4.30000E-01  1.11791E+03
  4.40000E-01  1.12200E+03
  4.50000E-01  1.12598E+03
  4.60000E-01  1.12985E+03
  4.70000E-01  1.13362E+03
  4.80000E-01  1.13731E+03
  4.90000E-01  1.14090E+03
  5.00000E-01  1.14441E+03
  5.10000E-01  1.14784E+03
  5.20000E-01  1.15119E+03
  5.30000E-01  1.15448E+03
  5.40000E-01  1.15771E+03
  5.50000E-01  1.16087E+03
  5.60000E-01  1.16398E+03
  5.70000E-01  1.16702E+03
  5.80000E-01  1.17001E+03
  5.90000E-01  1.17295E+03
  6.00000E-01  1.17584E+03
  6.10000E-01  1.17867E+03
  6.20000E-01  1.18147E+03
  6.30000E-01  1.18422E+03
  6.40000E-01  1.18693E+03
  6.50000E-01  1.18959E+03
  6.60000E-01  1.19221E+03
  6.70000E-01  1.19478E+03
  6.80000E-01  1.19732E+03
  6.90000E-01  1.19982E+03
  7.00000E-01  1.20229E+03
  7.10000E-01  1.20472E+03
  7.20000E-01  1.20712E+03
  7.30000E-01  1.20949E+03
  7.40000E-01  1.21182E+03
  7.50000E-01  1.21412E+03
  7.60000E-01  1.21639E+03
  7.70000E-01  1.21862E+03
  7.80000E-01  1.22083E+03
  7.90000E-01  1.22301E+03
  8.00000E-01  1.22516E+03
  8.10000E-01  1.22728E+03
  8.20000E-01  1.22937E+03
  8.30000E-01  1.23145E+03
  8.40000E-01  1.23349E+03
  8.50000E-01  1.23551E+03
  8.60000E-01  1.23750E+03
  8.70000E-01  1.23947E+03
  8.80000E-01  1.24142E+03
  8.90000E-01  1.24334E+03
  9.00000E-01  1.24524E+03
  9.10000E-01  1.24711E+03
  9.20000E-01  1.24896E+03
  9.30000E-01  1.25079E+03
  9.40000E-01  1.25261E+03
  9.50000E-01  1.25440E+03
  9.60000E-01  1.25617E+03
  9.70000E-01  1.25792E+03
  9.80000E-01  1.25966E+03
  9.90000E-01  1.26137E+03
  1.00000E+00  1.26306E+03
  1.01000E+00  1.26473E+03
  1.02000E+00  1.26639E+03
  1.03000E+00  1.26802E+03
  1.04000E+00  1.26964E+03
  1.05000E+00  1.27124E+03
  1.06000E+00  1.27283E+03
  1.07000E+00  1.27440E+03
  1.08000E+00  1.27595E+03
  1.09000E+00  1.27749E+03
  1.10000E+00  1.27901E+03
  1.11000E+00  1.28051E+03
  1.12000E+00  1.28200E+03
  1.13000E+00  1.28347E+03
  1.14000E+00  1.28493E+03
  1.15000E+00  1.28637E+03
  1.16000E+00  1.28780E+03
  1.17000E+00  1.28922E+03
  1.18000E+00  1.29062E+03
  1.19000E+00  1.29200E+03
  1.20000E+00  1.29338E+03
  1.21000E+00  1.29474E+03
  1.22000E+00  1.29608E+03
  1.23000E+00  1.29742E+03
  1.24000E+00  1.29874E+03
  1.25000E+00  1.30005E+03
  1.26000E+00  1.30135E+03
  1.27000E+00  1.30263E+03
  1.28000E+00  1.30390E+03
  1.29000E+00  1.30517E+03
  1.30000E+00  1.30641E+03
  1.31000E+00  1.30765E+03
  1.32000E+00  1.30888E+03
  1.33000E+00  1.31009E+03
  1.34000E+00  1.31130E+03
  1.35000E+00  1.31249E+03
  1.36000E+00  1.31367E+03
  1.37000E+00  1.31484E+03
  1.38000E+00  1.31600E+03
  1.39000E+00  1.31716E+03
  1.40000E+00  1.31830E+03
  1.41000E+00  1.31943E+03
  1.42000E+00  1.32055E+03
  1.43000E+00  1.32166E+03
  1.44000E+00  1.32277E+03
  1.45000E+00  1.32386E+03
  1.46000E+00  1.32494E+03
  1.47000E+00  1.32602E+03
  1.48000E+00  1.32708E+03
  1.49000E+00  1.32814E+03
  1.50000E+00  1.32919E+03
  1.51000E+00  1.33022E+03
  1.52000E+00  1.33125E+03
  1.53000E+00  1.33227E+03
  1.54000E+00  1.33329E+03
  1.55000E+00  1.33429E+03
  1.56000E+00  1.33529E+03
  1.57000E+00  1.33628E+03
  1.58000E+00  1.33726E+03
  1.59000E+00  1.33823E+03
  1.60000E+00  1.33920E+03
  1.61000E+00  1.34015E+03
  1.62000E+00  1.34110E+03
  1.63000E+00  1.34204E+03
  1.64000E+00  1.34298E+03
  1.65000E+00  1.34391E+03
  1.66000E+00  1.34482E+03
  1.67000E+00  1.34574E+03
  1.68000E+00  1.34664E+03
  1.69000E+00  1.34754E+03
  1.70000E+00  1.34843E+03
  1.71000E+00  1.34932E+03
  1.72000E+00  1.35019E+03
  1.73000E+00  1.35107E+03
  1.74000E+00  1.35193E+03
  1.75000E+00  1.35279E+03
  1.76000E+00  1.35364E+03
  1.77000E+00  1.35449E+03
  1.78000E+00  1.35533E+03
  1.79000E+00  1.35616E+03
  1.80000E+00  1.35699E+03
  1.81000E+00  1.35781E+03
  1.82000E+00  1.35862E+03
  1.83000E+00  1.35943E+03
  1.84000E+00  1.36023E+03
  1.85000E+00  1.36103E+03
  1.86000E+00  1.36182E+03
  1.87000E+00  1.36261E+03
  1.88000E+00  1.36339E+03
  1.89000E+00  1.36416E+03
  1.90000E+00  1.36493E+03
  1.91000E+00  1.36569E+03
  1.92000E+00  1.36645E+03
  1.93000E+00  1.36721E+03
  1.94000E+00  1.36795E+03
  1.95000E+00  1.36870E+03
  1.96000E+00  1.36943E+03
  1.97000E+00  1.37017E+03
  1.98000E+00  1.37089E+03
  1.99000E+00  1.37162E+03
  2.00000E+00  1.37233E+03
  2.01000E+00  1.37305E+03
  2.02000E+00  1.37375E+03
  2.03000E+00  1.37446E+03
  2.04000E+00  1.37515E+03
  2.05000E+00  1.37585E+03
  2.06000E+00  1.37654E+03
  2.07000E+00  1.37722E+03
  2.08000E+00  1.37790E+03
  2.09000E+00  1.37858E+03
  2.10000E+00  1.37925E+03
  2.11000E+00  1.37991E+03
  2.12000E+00  1.38058E+03
  2.13000E+00  1.38123E+03
  2.14000E+00  1.38189E+03
  2.15000E+00  1.38254E+03
  2.16000E+00  1.38318E+03
  2.17000E+00  1.38382E+03
  2.18000E+00  1.38446E+03
  2.19000E+00  1.38509E+03
  2.20000E+00  1.38572E+03
  2.21000E+00  1.38634E+03
  2.22000E+00  1.38697E+03
  2.23000E+00  1.38758E+03
  2.24000E+00  1.38820E+03
  2.25000E+00  1.38880E+03
  2.26000E+00  1.38941E+03
  2.27000E+00  1.39001E+03
  2.28000E+00  1.39061E+03
  2.29000E+00  1.39120E+03
  2.30000E+00  1.39179E+03
  2.31000E+00  1.39237E+03
  2.32000E+00  1.39296E+03
  2.33000E+00  1.39353E+03
  2.34000E+00  1.39411E+03
  2.35000E+00  1.39468E+03
  2.36000E+00  1.39525E+03
  2.37000E+00  1.39581E+03
  2.38000E+00  1.39637E+03
  2.39000E+00  1.39693E+03
  2.40000E+00  1.39749E+03
  2.41000E+00  1.39804E+03
  2.42000E+00  1.39859E+03
  2.43000E+00  1.39913E+03
  2.44000E+00  1.39968E+03
  2.45000E+00  1.40021E+03
  2.46000E+00  1.40075E+03
  2.47000E+00  1.40128E+03
  2.48000E+00  1.40181E+03
  2.49000E+00  1.40234E+03
  2.50000E+00  1.40286E+03
  2.51000E+00  1.40338E+03
  2.52000E+00  1.40390E+03
  2.53000E+00  1.40442E+03
  2.54000E+00  1.40493E+03
  2.55000E+00  1.40544E+03
  2.56000E+00  1.40594E+03
  2.57000E+00  1.40645E+03
  2.58000E+00  1.40695E+03
  2.59000E+00  1.40745E+03
  2.60000E+00  1.40794E+03
  2.61000E+00  1.40843E+03
  2.62000E+00  1.40892E+03
  2.63000E+00  1.40941E+03
  2.64000E+00  1.40990E+03
  2.65000E+00  1.41038E+03
  2.66000E+00  1.41086E+03
  2.67000E+00  1.41134E+03
  2.68000E+00  1.41181E+03
  2.69000E+00  1.41228E+03
  2.70000E+00  1.41275E+03
  2.71000E+00  1.41322E+03
  2.72000E+00  1.41368E+03
  2.73000E+00  1.41414E+03
  2.74000E+00  1.41460E+03
  2.75000E+00  1.41506E+03
  2.76000E+00  1.41552E+03
  2.77000E+00  1.41597E+03
  2.78000E+00  1.41642E+03
  2.79000E+00  1.41686E+03
  2.80000E+00  1.41731E+03
  2.81000E+00  1.41775E+03
  2.82000E+00  1.41819E+03
  2.83000E+00  1.41863E+03
  2.84000E+00  1.41906E+03
  2.85000E+00  1.41950E+03
  2.86000E+00  1.41993E+03
  2.87000E+00  1.42036E+03
  2.88000E+00  1.42078E+03
  2.89000E+00  1.42121E+03
  2.90000E+00  1.42163E+03
  2.91000E+00  1.42205E+03
  2.92000E+00  1.42247E+03
  2.93000E+00  1.42288E+03
  2.94000E+00  1.42330E+03
  2.95000E+00  1.42371E+03
  2.96000E+00  1.42412E+03
  2.97000E+00  1.42453E+03
  2.98000E+00  1.42493E+03
  2.99000E+00  1.42534E+03
  3.00000E+00  1.42574E+03
  3.01000E+00  1.42614E+03
  3.02000E+00  1.42654E+03
  3.03000E+00  1.42693E+03
  3.04000E+00  1.42733E+03
  3.05000E+00  1.42772E+03
  3.06000E+00  1.42811E+03
  3.07000E+00  1.42850E+03
  3.08000E+00  1.42889E+03
  3.09000E+00  1.42927E+03
  3.10000E+00  1.42966E+03
  3.11000E+00  1.43004E+03
  3.12000E+00  1.43042E+03
  3.13000E+00  1.43079E+03
  3.14000E+00  1.43117E+03
  3.15000E+00  1.43154E+03
  3.16000E+00  1.43192E+03
  3.17000E+00  1.43229E+03
  3.18000E+00  1.43266E+03
  3.19000E+00  1.43302E+03
  3.20000E+00  1.43339E+03
  3.21000E+00  1.43375E+03
  3.22000E+00  1.43412E+03
  3.23000E+00  1.43448E+03
  3.24000E+00  1.43483E+03
  3.25000E+00  1.43519E+03
  3.26000E+00  1.43555E+03
  3.27000E+00  1.43590E+03
  3.28000E+00  1.43625E+03
  3.29000E+00  1.43660E+03
  3.30000E+00  1.43695E+03
  3.31000E+00  1.43730E+03
  3.32000E+00  1.43765E+03
  3.33000E+00  1.43799E+03
  3.34000E+00  1.43833E+03
  3.35000E+00  1.43867E+03
  3.36000E+00  1.43902E+03
  3.37000E+00  1.43935E+03
  3.38000E+00  1.43969E+03
  3.39000E+00  1.44003E+03
  3.40000E+00  1.44036E+03
  3.41000E+00  1.44069E+03
  3.42000E+00  1.44102E+03
  3.43000E+00  1.44135E+03
  3.44000E+00  1.44168E+03
  3.45000E+00  1.44201E+03
  3.46000E+00  1.44234E+03
  3.47000E+00  1.44266E+03
  3.48000E+00  1.44298E+03
  3.49000E+00  1.44330E+03
  3.50000E+00  1.44362E+03
  3.51000E+00  1.44394E+03
  3.52000E+00  1.44426E+03
  3.53000E+00  1.44458E+03
  3.54000E+00  1.44489E+03
  3.55000E+00  1.44520E+03
  3.56000E+00  1.44552E+03
  3.57000E+00  1.44583E+03
  3.58000E+00  1.44614E+03
  3.59000E+00  1.44644E+03
  3.60000E+00  1.44675E+03
  3.61000E+00  1.44706E+03
  3.62000E+00  1.44736E+03
  3.63000E+00  1.44766E+03
  3.64000E+00  1.44797E+03
  3.65000E+00  1.44827E+03
  3.66000E+00  1.44857E+03
  3.67000E+00  1.44886E+03
  3.68000E+00  1.44916E+03
  3.69000E+00  1.44945E+03
  3.70000E+00  1.44975E+03
  3.71000E+00  1.45004E+03
  3.72000E+00  1.45033E+03
  3.73000E+00  1.45062E+03
  3.74000E+00  1.45091E+03
  3.75000E+00  1.45120E+03
  3.76000E+00  1.45149E+03
  3.77000E+00  1.45178E+03
  3.78000E+00  1.45206E+03
  3.79000E+00  1.45235E+03
  3.80000E+00  1.45263E+03
  3.81000E+00  1.45291E+03
  3.82000E+00  1.45319E+03
  3.83000E+00  1.45347E+03
  3.84000E+00  1.45375E+03
  3.85000E+00  1.45403E+03
  3.86000E+00  1.45430E+03
  3.87000E+00  1.45458E+03
  3.88000E+00  1.45485E+03
  3.89000E+00  1.45513E+03
  3.90000E+00  1.45540E+03
  3.91000E+00  1.45567E+03
  3.92000E+00  1.45594E+03
  3.93000E+00  1.45621E+03
  3.94000E+00  1.45648E+03
  3.95000E+00  1.45675E+03
  3.96000E+00  1.45701E+03
  3.97000E+00  1.45728E+03
  3.98000E+00  1.45754E+03
  3.99000E+00  1.45780E+03
  4.00000E+00  1.45807E+03
  4.01000E+00  1.45833E+03
  4.02000E+00  1.45859E+03
  4.03000E+00  1.45885E+03
  4.04000E+00  1.45910E+03
  4.05000E+00  1.45936E+03
  4.06000E+00  1.45962E+03
  4.07000E+00  1.45987E+03
  4.08000E+00  1.46013E+03
  4.09000E+00  1.46038E+03
  4.10000E+00  1.46063E+03
  4.11000E+00  1.46088E+03
  4.12000E+00  1.46113E+03
  4.13000E+00  1.46138E+03
  4.14000E+00  1.46163E+03
  4.15000E+00  1.46188E+03
  4.16000E+00  1.46213E+03
  4.17000E+00  1.46237E+03
  4.18000E+00  1.46262E+03
  4.19000E+00  1.46286E+03
  4.20000E+00  1.46310E+03
  4.21000E+00  1.46334E+03
  4.22000E+00  1.46359E+03
  4.23000E+00  1.46383E+03
  4.24000E+00  1.46406E+03
  4.25000E+00  1.46430E+03
  4.26000E+00  1.46454E+03
  4.27000E+00  1.46478E+03
  4.28000E+00  1.46501E+03
  4.29000E+00  1.46525E+03
  4.30000E+00  1.46548E+03
  4.31000E+00  1.46571E+03
  4.32000E+00  1.46595E+03
  4.33000E+00  1.46618E+03
  4.34000E+00  1.46641E+03
  4.35000E+00  1.46664E+03
  4.36000E+00  1.46687E+03
  4.37000E+00  1.46710E+03
  4.38000E+00  1.46733E+03
  4.39000E+00  1.46755E+03
  4.40000E+00  1.46778E+03
  4.41000E+00  1.46800E+03
  4.42000E+00  1.46823E+03
  4.43000E+00  1.46845E+03
  4.44000E+00  1.46868E+03
  4.45000E+00  1.46890E+03
  4.46000E+00  1.46912E+03
  4.47000E+00  1.46934E+03
  4.48000E+00  1.46956E+03
  4.49000E+00  1.46978E+03
  4.50000E+00  1.47000E+03
  4.51000E+00  1.47022E+03
  4.52000E+00  1.47043E+03
  4.53000E+00  1.47065E+03
  4.54000E+00  1.47087E+03
  4.55000E+00  1.47108E+03
  4.56000E+00  1.47130E+03
  4.57000E+00  1.47151E+03
  4.58000E+00  1.47172E+03
  4.59000E+00  1.47193E+03
  4.60000E+00  1.47215E+03
  4.61000E+00  1.47236E+03
  4.62000E+00  1.47257E+03
  4.63000E+00  1.47278E+03
  4.64000E+00  1.47298E+03
  4.65000E+00  1.47319E+03
  4.66000E+00  1.47340E+03
  4.67000E+00  1.47361E+03
  4.68000E+00  1.47381E+03
  4.69000E+00  1.47402E+03
  4.70000E+00  1.47422E+03
  4.71000E+00  1.47443E+03
  4.72000E+00  1.47463E+03
  4.73000E+00  1.47483E+03
  4.74000E+00  1.47503E+03
  4.75000E+00  1.47523E+03
  4.76000E+00  1.47544E+03
  4.77000E+00  1.47564E+03
  4.78000E+00  1.47584E+03
  4.79000E+00  1.47603E+03
  4.80000E+00  1.47623E+03
  4.81000E+00  1.47643E+03
  4.82000E+00  1.47663E+03
  4.83000E+00  1.47682E+03
  4.84000E+00  1.47702E+03
  4.85000E+00  1.47722E+03
  4.86000E+00  1.47741E+03
  4.87000E+00  1.47760E+03
  4.88000E+00  1.47780E+03
  4.89000E+00  1.47799E+03
  4.90000E+00  1.47818E+03
  4.91000E+00  1.47837E+03
  4.92000E+00  1.47857E+03
  4.93000E+00  1.47876E+03
  4.94000E+00  1.47895E+03
  4.95000E+00  1.47914E+03
  4.96000E+00  1.47932E+03
  4.97000E+00  1.47951E+03
  4.98000E+00  1.47970E+03
  4.99000E+00  1.47989E+03
  5.00000E+00  1.48007E+03
  5.01000E+00  1.48026E+03
  5.02000E+00  1.48044E+03
  5.03000E+00  1.48063E+03
  5.04000E+00  1.48081E+03
  5.05000E+00  1.48100E+03
  5.06000E+00  1.48118E+03
  5.07000E+00  1.48136E+03
  5.08000E+00  1.48154E+03
  5.09000E+00  1.48172E+03
  5.10000E+00  1.48191E+03
  5.11000E+00  1.48209E+03
  5.12000E+00  1.48227E+03
  5.13000E+00  1.48244E+03
  5.14000E+00  1.48262E+03
  5.15000E+00  1.48280E+03
  5.16000E+00  1.48298E+03
  5.17000E+00  1.48316E+03
  5.18000E+00  1.48333E+03
  5.19000E+00  1.48351E+03
  5.20000E+00  1.48368E+03
  5.21000E+00  1.48386E+03
  5.22000E+00  1.48403E+03
  5.23000E+00  1.48421E+03
  5.24000E+00  1.48438E+03
  5.25000E+00  1.48455E+03
  5.26000E+00  1.48473E+03
  5.27000E+00  1.48490E+03
  5.28000E+00  1.48507E+03
  5.29000E+00  1.48524E+03
  5.30000E+00  1.48541E+03
  5.31000E+00  1.48558E+03
  5.32000E+00  1.48575E+03
  5.33000E+00  1.48592E+03
  5.34000E+00  1.48609E+03
  5.35000E+00  1.48625E+03
  5.36000E+00  1.48642E+03
  5.37000E+00  1.48659E+03
  5.38000E+00  1.48676E+03
  5.39000E+00  1.48692E+03
  5.40000E+00  1.48709E+03
  5.41000E+00  1.48725E+03
  5.42000E+00  1.48742E+03
  5.43000E+00  1.48758E+03
  5.44000E+00  1.48775E+03
  5.45000E+00  1.48791E+03
  5.46000E+00  1.48807E+03
  5.47000E+00  1.48823E+03
  5.48000E+00  1.48840E+03
  5.49000E+00  1.48856E+03
  5.50000E+00  1.48872E+03
  5.51000E+00  1.48888E+03
  5.52000E+00  1.48904E+03
  5.53000E+00  1.48920E+03
  5.54000E+00  1.48936E+03
  5.55000E+00  1.48952E+03
  5.56000E+00  1.48967E+03
  5.57000E+00  1.48983E+03
  5.58000E+00  1.48999E+03
  5.59000E+00  1.49015E+03
  5.60000E+00  1.49030E+03
  5.61000E+00  1.49046E+03
  5.62000E+00  1.49062E+03
  5.63000E+00  1.49077E+03
  5.64000E+00  1.49093E+03
  5.65000E+00  1.49108E+03
  5.66000E+00  1.49123E+03
  5.67000E+00  1.49139E+03
  5.68000E+00  1.49154E+03
  5.69000E+00  1.49169E+03
  5.70000E+00  1.49185E+03
  5.71000E+00  1.49200E+03
  5.72000E+00  1.49215E+03
  5.73000E+00  1.49230E+03
  5.74000E+00  1.49245E+03
  5.75000E+00  1.49260E+03
  5.76000E+00  1.49275E+03
  5.77000E+00  1.49290E+03
  5.78000E+00  1.49305E+03
  5.79000E+00  1.49320E+03
  5.80000E+00  1.49335E+03
  5.81000E+00  1.49350E+03
  5.82000E+00  1.49365E+03
  5.83000E+00  1.49379E+03
  5.84000E+00  1.49394E+03
  5.85000E+00  1.49409E+03
  5.86000E+00  1.49423E+03
  5.87000E+00  1.49438E+03
  5.88000E+00  1.49452E+03
  5.89000E+00  1.49467E+03
  5.90000E+00  1.49481E+03
  5.91000E+00  1.49496E+03
  5.92000E+00  1.49510E+03
  5.93000E+00  1.49524E+03
  5.94000E+00  1.49539E+03
  5.95000E+00  1.49553E+03
  5.96000E+00  1.49567E+03
  5.97000E+00  1.49581E+03
  5.98000E+00  1.49595E+03
  5.99000E+00  1.49610E+03
  6.00000E+00  1.49624E+03
  6.01000E+00  1.49638E+03
  6.02000E+00  1.49652E+03
  6.03000E+00  1.49666E+03
  6.04000E+00  1.49680E+03
  6.05000E+00  1.49693E+03
  6.06000E+00  1.49707E+03
  6.07000E+00  1.49721E+03
  6.08000E+00  1.49735E+03
  6.09000E+00  1.49749E+03
  6.10000E+00  1.49762E+03
  6.11000E+00  1.49776E+03
  6.12000E+00  1.49790E+03
  6.13000E+00  1.49803E+03
  6.14000E+00  1.49817E+03
  6.15000E+00  1.49830E+03
  6.16000E+00  1.49844E+03
  6.17000E+00  1.49857E+03
  6.18000E+00  1.49871E+03
  6.19000E+00  1.49884E+03
  6.20000E+00  1.49898E+03
  6.21000E+00  1.49911E+03
  6.22000E+00  1.49924E+03
  6.23000E+00  1.49938E+03
  6.24000E+00  1.49951E+03
  6.25000E+00  1.49964E+03
  6.26000E+00  1.49977E+03
  6.27000E+00  1.49990E+03
  6.28000E+00  1.50003E+03
  6.29000E+00  1.50017E+03
  6.30000E+00  1.50030E+03
  6.31000E+00  1.50043E+03
  6.32000E+00  1.50056E+03
  6.33000E+00  1.50069E+03
  6.34000E+00  1.50082E+03
  6.35000E+00  1.50094E+03
  6.36000E+00  1.50107E+03
  6.37000E+00  1.50120E+03
  6.38000E+00  1.50133E+03
  6.39000E+00  1.50146E+03
  6.40000E+00  1.50158E+03
  6.41000E+00  1.50171E+03
  6.42000E+00  1.50184E+03
  6.43000E+00  1.50197E+03
  6.44000E+00  1.50209E+03
  6.45000E+00  1.50222E+03
  6.46000E+00  1.50234E+03
  6.47000E+00  1.50247E+03
  6.48000E+00  1.50259E+03
  6.49000E+00  1.50272E+03
  6.50000E+00  1.50284E+03
  6.51000E+00  1.50297E+03
  6.52000E+00  1.50309E+03
  6.53000E+00  1.50321E+03
  6.54000E+00  1.50334E+03
  6.55000E+00  1.50346E+03
  6.56000E+00  1.50358E+03
  6.57000E+00  1.50371E+03
  6.58000E+00  1.50383E+03
  6.59000E+00  1.50395E+03
  6.60000E+00  1.50407E+03
  6.61000E+00  1.50419E+03
  6.62000E+00  1.50431E+03
  6.63000E+00  1.50444E+03
  6.64000E+00  1.50456E+03
  6.65000E+00  1.50468E+03
  6.66000E+00  1.50480E+03
  6.67000E+00  1.50492E+03
  6.68000E+00  1.50503E+03
  6.69000E+00  1.50515E+03
  6.70000E+00  1.50527E+03
  6.71000E+00  1.50539E+03
  6.72000E+00  1.50551E+03
  6.73000E+00  1.50563E+03
  6.74000E+00  1.50575E+03
  6.75000E+00  1.50586E+03
  6.76000E+00  1.50598E+03
  6.77000E+00  1.50610E+03
  6.78000E+00  1.50621E+03
  6.79000E+00  1.50633E+03
  6.80000E+00  1.50645E+03
  6.81000E+00  1.50656E+03
  6.82000E+00  1.50668E+03
  6.83000E+00  1.50679E+03
  6.84000E+00  1.50691E+03
  6.85000E+00  1.50702E+03
  6.86000E+00  1.50714E+03
  6.87000E+00  1.50725E+03
  6.88000E+00  1.50737E+03
  6.89000E+00  1.50748E+03
  6.90000E+00  1.50759E+03
  6.91000E+00  1.50771E+03
  6.92000E+00  1.50782E+03
  6.93000E+00  1.50793E+03
  6.94000E+00  1.50804E+03
  6.95000E+00  1.50816E+03
  6.96000E+00  1.50827E+03
  6.97000E+00  1.50838E+03
  6.98000E+00  1.50849E+03
  6.99000E+00  1.50860E+03
  7.00000E+00  1.50871E+03
  7.01000E+00  1.50882E+03
  7.02000E+00  1.50894E+03
  7.03000E+00  1.50905E+03
  7.04000E+00  1.50916E+03
  7.05000E+00  1.50927E+03
  7.06000E+00  1.50938E+03
  7.07000E+00  1.50949E+03
  7.08000E+00  1.50959E+03
  7.09000E+00  1.50970E+03
  7.10000E+00  1.50981E+03
  7.11000E+00  1.50992E+03
  7.12000E+00  1.51003E+03
  7.13000E+00  1.51014E+03
  7.14000E+00  1.51024E+03
  7.15000E+00  1.51035E+03
  7.16000E+00  1.51046E+03
  7.17000E+00  1.51057E+03
  7.18000E+00  1.51067E+03
  7.19000E+00  1.51078E+03
  7.20000E+00  1.51089E+03
  7.21000E+00  1.51099E+03
  7.22000E+00  1.51110E+03
  7.23000E+00  1.51120E+03
  7.24000E+00  1.51131E+03
  7.25000E+00  1.51141E+03
  7.26000E+00  1.51152E+03
  7.27000E+00  1.51162E+03
  7.28000E+00  1.51173E+03
  7.29000E+00  1.51183E+03
  7.30000E+00  1.51194E+03
  7.31000E+00  1.51204E+03
  7.32000E+00  1.51215E+03
  7.33000E+00  1.51225E+03
  7.34000E+00  1.51235E+03
  7.35000E+00  1.51245E+03
  7.36000E+00  1.51256E+03
  7.37000E+00  1.51266E+03
  7.38000E+00  1.51276E+03
  7.39000E+00  1.51286E+03
  7.40000E+00  1.51297E+03
  7.41000E+00  1.51307E+03
  7.42000E+00  1.51317E+03
  7.43000E+00  1.51327E+03
  7.44000E+00  1.51337E+03
  7.45000E+00  1.51347E+03
  7.46000E+00  1.51357E+03
  7.47000E+00  1.51367E+03
  7.48000E+00  1.51378E+03
  7.49000E+00  1.51388E+03
  7.50000E+00  1.51398E+03
  7.51000E+00  1.51407E+03
  7.52000E+00  1.51417E+03
  7.53000E+00  1.51427E+03
  7.54000E+00  1.51437E+03
  7.55000E+00  1.51447E+03
  7.56000E+00  1.51457E+03
  7.57000E+00  1.51467E+03
  7.58000E+00  1.51477E+03
  7.59000E+00  1.51487E+03
  7.60000E+00  1.51496E+03
  7.61000E+00  1.51506E+03
  7.62000E+00  1.51516E+03
  7.63000E+00  1.51526E+03
  7.64000E+00  1.51535E+03
  7.65000E+00  1.51545E+03
  7.66000E+00  1.51555E+03
  7.67000E+00  1.51564E+03
  7.68000E+00  1.51574E+03
  7.69000E+00  1.51583E+03
  7.70000E+00  1.51593E+03
  7.71000E+00  1.51603E+03
  7.72000E+00  1.51612E+03
  7.73000E+00  1.51622E+03
  7.74000E+00  1.51631E+03
  7.75000E+00  1.51641E+03
  7.76000E+00  1.51650E+03
  7.77000E+00  1.51660E+03
  7.78000E+00  1.51669E+03
  7.79000E+00  1.51679E+03
  7.80000E+00  1.51688E+03
  7.81000E+00  1.51697E+03
  7.82000E+00  1.51707E+03
  7.83000E+00  1.51716E+03
  7.84000E+00  1.51725E+03
  7.85000E+00  1.51735E+03
  7.86000E+00  1.51744E+03
  7.87000E+00  1.51753E+03
  7.88000E+00  1.51762E+03
  7.89000E+00  1.51772E+03
  7.90000E+00  1.51781E+03
  7.91000E+00  1.51790E+03
  7.92000E+00  1.51799E+03
  7.93000E+00  1.51808E+03
  7.94000E+00  1.51818E+03
  7.95000E+00  1.51827E+03
  7.96000E+00  1.51836E+03
  7.97000E+00  1.51845E+03
  7.98000E+00  1.51854E+03
  7.99000E+00  1.51863E+03
  8.00000E+00  1.51872E+03
  8.01000E+00  1.51881E+03
  8.02000E+00  1.51890E+03
  8.03000E+00  1.51899E+03
  8.04000E+00  1.51908E+03
  8.05000E+00  1.51917E+03
  8.06000E+00  1.51926E+03
  8.07000E+00  1.51935E+03
  8.08000E+00  1.51944E+03
  8.09000E+00  1.51953E+03
  8.10000E+00  1.51962E+03
  8.11000E+00  1.51970E+03
  8.12000E+00  1.51979E+03
  8.13000E+00  1.51988E+03
  8.14000E+00  1.51997E+03
  8.15000E+00  1.52006E+03
  8.16000E+00  1.52014E+03
  8.17000E+00  1.52023E+03
  8.18000E+00  1.52032E+03
  8.19000E+00  1.52041E+03
  8.20000E+00  1.52049E+03
  8.21000E+00  1.52058E+03
  8.22000E+00  1.52067E+03
  8.23000E+00  1.52075E+03
  8.24000E+00  1.52084E+03
  8.25000E+00  1.52093E+03
  8.26000E+00  1.52101E+03
  8.27000E+00  1.52110E+03
  8.28000E+00  1.52118E+03
  8.29000E+00  1.52127E+03
  8.30000E+00  1.52135E+03
  8.31000E+00  1.52144E+03
  8.32000E+00  1.52152E+03
  8.33000E+00  1.52161E+03
  8.34000E+00  1.52169E+03
  8.35000E+00  1.52178E+03
  8.36000E+00  1.52186E+03
  8.37000E+00  1.52195E+03
  8.38000E+00  1.52203E+03
  8.39000E+00  1.52211E+03
  8.40000E+00  1.52220E+03
  8.41000E+00  1.52228E+03
  8.42000E+00  1.52237E+03
  8.43000E+00  1.52245E+03
  8.44000E+00  1.52253E+03
  8.45000E+00  1.52262E+03
  8.46000E+00  1.52270E+03
  8.47000E+00  1.52278E+03
  8.48000E+00  1.52286E+03
  8.49000E+00  1.52295E+03
  8.50000E+00  1.52303E+03
  8.51000E+00  1.52311E+03
  8.52000E+00  1.52319E+03
  8.53000E+00  1.52327E+03
  8.54000E+00  1.52336E+03
  8.55000E+00  1.52344E+03
  8.56000E+00  1.52352E+03
  8.57000E+00  1.52360E+03
  8.58000E+00  1.52368E+03
  8.59000E+00  1.52376E+03
  8.60000E+00  1.52384E+03
  8.61000E+00  1.52392E+03
  8.62000E+00  1.52400E+03
  8.63000E+00  1.52408E+03
  8.64000E+00  1.52416E+03
  8.65000E+00  1.52424E+03
  8.66000E+00  1.52432E+03
  8.67000E+00  1.52440E+03
  8.68000E+00  1.52448E+03
  8.69000E+00  1.52456E+03
  8.70000E+00  1.52464E+03
  8.71000E+00  1.52472E+03
  8.72000E+00  1.52480E+03
  8.73000E+00  1.52488E+03
  8.74000E+00  1.52496E+03
  8.75000E+00  1.52504E+03
  8.76000E+00  1.52512E+03
  8.77000E+00  1.52519E+03
  8.78000E+00  1.52527E+03
  8.79000E+00  1.52535E+03
  8.80000E+00  1.52543E+03
  8.81000E+00  1.52551E+03
  8.82000E+00  1.52558E+03
  8.83000E+00  1.52566E+03
  8.84000E+00  1.52574E+03
  8.85000E+00  1.52582E+03
  8.86000E+00  1.52589E+03
  8.87000E+00  1.52597E+03
  8.88000E+00  1.52605E+03
  8.89000E+00  1.52613E+03
  8.90000E+00  1.52620E+03
  8.91000E+00  1.52628E+03
  8.92000E+00  1.52635E+03
  8.93000E+00  1.52643E+03
  8.94000E+00  1.52651E+03
  8.95000E+00  1.52658E+03
  8.96000E+00  1.52666E+03
  8.97000E+00  1.52674E+03
  8.98000E+00  1.52681E+03
  8.99000E+00  1.52689E+03
  9.00000E+00  1.52696E+03
  9.01000E+00  1.52704E+03
  9.02000E+00  1.52711E+03
  9.03000E+00  1.52719E+03
  9.04000E+00  1.52726E+03
  9.05000E+00  1.52734E+03
  9.06000E+00  1.52741E+03
  9.07000E+00  1.52749E+03
  9.08000E+00  1.52756E+03
  9.09000E+00  1.52763E+03
  9.10000E+00  1.52771E+03
  9.11000E+00  1.52778E+03
  9.12000E+00  1.52786E+03
  9.13000E+00  1.52793E+03
  9.14000E+00  1.52800E+03
  9.15000E+00  1.52808E+03
  9.16000E+00  1.52815E+03
  9.17000E+00  1.52822E+03
  9.18000E+00  1.52830E+03
  9.19000E+00  1.52837E+03
  9.20000E+00  1.52844E+03
  9.21000E+00  1.52852E+03
  9.22000E+00  1.52859E+03
  9.23000E+00  1.52866E+03
  9.24000E+00  1.52873E+03
  9.25000E+00  1.52881E+03
  9.26000E+00  1.52888E+03
  9.27000E+00  1.52895E+03
  9.28000E+00  1.52902E+03
  9.29000E+00  1.52909E+03
  9.30000E+00  1.52917E+03
  9.31000E+00  1.52924E+03
  9.32000E+00  1.52931E+03
  9.33000E+00  1.52938E+03
  9.34000E+00  1.52945E+03
  9.35000E+00  1.52952E+03
  9.36000E+00  1.52959E+03
  9.37000E+00  1.52966E+03
  9.38000E+00  1.52973E+03
  9.39000E+00  1.52981E+03
  9.40000E+00  1.52988E+03
  9.41000E+00  1.52995E+03
  9.42000E+00  1.53002E+03
  9.43000E+00  1.53009E+03
  9.44000E+00  1.53016E+03
  9.45000E+00  1.53023E+03
  9.46000E+00  1.53030E+03
  9.47000E+00  1.53037E+03
  9.48000E+00  1.53044E+03
  9.49000E+00  1.53051E+03
  9.50000E+00  1.53057E+03
  9.51000E+00  1.53064E+03
  9.52000E+00  1.53071E+03
  9.53000E+00  1.53078E+03
  9.54000E+00  1.53085E+03
  9.55000E+00  1.53092E+03
  9.56000E+00  1.53099E+03
  9.57000E+00  1.53106E+03
  9.58000E+00  1.53113E+03
  9.59000E+00  1.53119E+03
  9.60000E+00  1.53126E+03
  9.61000E+00  1.53133E+03
  9.62000E+00  1.53140E+03
  9.63000E+00  1.53147E+03
  9.64000E+00  1.53153E+03
  9.65000E+00  1.53160E+03
  9.66000E+00  1.53167E+03
  9.67000E+00  1.53174E+03
  9.68000E+00  1.53180E+03
  9.69000E+00  1.53187E+03
  9.70000E+00  1.53194E+03
  9.71000E+00  1.53201E+03
  9.72000E+00  1.53207E+03
  9.73000E+00  1.53214E+03
  9.74000E+00  1.53221E+03
  9.75000E+00  1.53227E+03
  9.76000E+00  1.53234E+03
  9.77000E+00  1.53241E+03
  9.78000E+00  1.53247E+03
  9.79000E+00  1.53254E+03
  9.80000E+00  1.53260E+03
  9.81000E+00  1.53267E+03
  9.82000E+00  1.53274E+03
  9.83000E+00  1.53280E+03
  9.84000E+00  1.53287E+03
  9.85000E+00  1.53293E+03
  9.86000E+00  1.53300E+03
  9.87000E+00  1.53306E+03
  9.88000E+00  1.53313E+03
  9.89000E+00  1.53319E+03
  9.90000E+00  1.53326E+03
  9.91000E+00  1.53332E+03
  9.92000E+00  1.53339E+03
  9.93000E+00  1.53345E+03
  9.94000E+00  1.53352E+03
  9.95000E+00  1.53358E+03
  9.96000E+00  1.53365E+03
  9.97000E+00  1.53371E+03
  9.98000E+00  1.53378E+03
  9.99000E+00  1.53384E+03
  1.00000E+01  1.53391E+03
  1.00100E+01  1.53397E+03
  1.00200E+01  1.53403E+03
  1.00300E+01  1.53410E+03
  1.00400E+01  1.53416E+03
  1.00500E+01  1.53422E+03
  1.00600E+01  1.53429E+03
  1.00700E+01  1.53435E+03
  1.00800E+01  1.53441E+03
  1.00900E+01  1.53448E+03
  1.01000E+01  1.53454E+03
  1.01100E+01  1.53460E+03
  1.01200E+01  1.53467E+03
  1.01300E+01  1.53473E+03
  1.01400E+01  1.53479E+03
  1.01500E+01  1.53486E+03
  1.01600E+01  1.53492E+03
  1.01700E+01  1.53498E+03
  1.01800E+01  1.53504E+03
  1.01900E+01  1.53510E+03
  1.02000E+01  1.53517E+03
  1.02100E+01  1.53523E+03
  1.02200E+01  1.53529E+03
  1.02300E+01  1.53535E+03
  1.02400E+01  1.53541E+03
  1.02500E+01  1.53548E+03
  1.02600E+01  1.53554E+03
  1.02700E+01  1.53560E+03
  1.02800E+01  1.53566E+03
  1.02900E+01  1.53572E+03
  1.03000E+01  1.53578E+03
  1.03100E+01  1.53585E+03
  1.03200E+01  1.53591E+03
  1.03300E+01  1.53597E+03
  1.03400E+01  1.53603E+03
  1.03500E+01  1.53609E+03
  1.03600E+01  1.53615E+03
  1.03700E+01  1.53621E+03
  1.03800E+01  1.53627E+03
  1.03900E+01  1.53633E+03
  1.04000E+01  1.53639E+03
  1.04100E+01  1.53645E+03
  1.04200E+01  1.53651E+03
  1.04300E+01  1.53657E+03
  1.04400E+01  1.53663E+03
  1.04500E+01  1.53669E+03
  1.04600E+01  1.53675E+03
  1.04700E+01  1.53681E+03
  1.04800E+01  1.53687E+03
  1.04900E+01  1.53693E+03
  1.05000E+01  1.53699E+03
  1.05100E+01  1.53705E+03
  1.05200E+01  1.53711E+03
  1.05300E+01  1.53717E+03
  1.05400E+01  1.53723E+03
  1.05500E+01  1.53729E+03
  1.05600E+01  1.53734E+03
  1.05700E+01  1.53740E+03
  1.05800E+01  1.53746E+03
  1.05900E+01  1.53752E+03
  1.06000E+01  1.53758E+03
  1.06100E+01  1.53764E+03
  1.06200E+01  1.53770E+03
  1.06300E+01  1.53775E+03
  1.06400E+01  1.53781E+03
  1.06500E+01  1.53787E+03
  1.06600E+01  1.53793E+03
  1.06700E+01  1.53799E+03
  1.06800E+01  1.53805E+03
  1.06900E+01  1.53810E+03
  1.07000E+01  1.53816E+03
  1.07100E+01  1.53822E+03
  1.07200E+01  1.53828E+03
  1.07300E+01  1.53833E+03
  1.07400E+01  1.53839E+03
  1.07500E+01  1.53845E+03
  1.07600E+01  1.53850E+03
  1.07700E+01  1.53856E+03
  1.07800E+01  1.53862E+03
  1.07900E+01  1.53868E+03
  1.08000E+01  1.53873E+03
  1.08100E+01  1.53879E+03
  1.08200E+01  1.53885E+03
  1.08300E+01  1.53890E+03
  1.08400E+01  1.53896E+03
  1.08500E+01  1.53902E+03
  1.08600E+01  1.53907E+03
  1.08700E+01  1.53913E+03
  1.08800E+01  1.53919E+03
  1.08900E+01  1.53924E+03
  1.09000E+01  1.53930E+03
  1.09100E+01  1.53935E+03
  1.09200E+01  1.53941E+03
  1.09300E+01  1.53947E+03
  1.09400E+01  1.53952E+03
  1.09500E+01  1.53958E+03
  1.09600E+01  1.53963E+03
  1.09700E+01  1.53969E+03
  1.09800E+01  1.53974E+03
  1.09900E+01  1.53980E+03
  1.10000E+01  1.53985E+03
  1.10100E+01  1.53991E+03
  1.10200E+01  1.53996E+03
  1.10300E+01  1.54002E+03
  1.10400E+01  1.54007E+03
  1.10500E+01  1.54013E+03
  1.10600E+01  1.54018E+03
  1.10700E+01  1.54024E+03
  1.10800E+01  1.54029E+03
  1.10900E+01  1.54035E+03
  1.11000E+01  1.54040E+03
  1.11100E+01  1.54046E+03
  1.11200E+01  1.54051E+03
  1.11300E+01  1.54057E+03
  1.11400E+01  1.54062E+03
  1.11500E+01  1.54067E+03
  1.11600E+01  1.54073E+03
  1.11700E+01  1.54078E+03
  1.11800E+01  1.54084E+03
  1.11900E+01  1.54089E+03
  1.12000E+01  1.54094E+03
  1.12100E+01  1.54100E+03
  1.12200E+01  1.54105E+03
  1.12300E+01  1.54110E+03
  1.12400E+01  1.54116E+03
  1.12500E+01  1.54121E+03
  1.12600E+01  1.54126E+03
  1.12700E+01  1.54132E+03
  1.12800E+01  1.54137E+03
  1.12900E+01  1.54142E+03
  1.13000E+01  1.54148E+03
  1.13100E+01  1.54153E+03
  1.13200E+01  1.54158E+03
  1.13300E+01  1.54164E+03
  1.13400E+01  1.54169E+03
  1.13500E+01  1.54174E+03
  1.13600E+01  1.54179E+03
  1.13700E+01  1.54185E+03
  1.13800E+01  1.54190E+03
  1.13900E+01  1.54195E+03
  1.14000E+01  1.54200E+03
  1.14100E+01  1.54206E+03
  1.14200E+01  1.54211E+03
  1.14300E+01  1.54216E+03
  1.14400E+01  1.54221E+03
  1.14500E+01  1.54226E+03
  1.14600E+01  1.54232E+03
  1.14700E+01  1.54237E+03
  1.14800E+01  1.54242E+03
  1.14900E+01  1.54247E+03
  1.15000E+01  1.54252E+03
  1.15100E+01  1.54257E+03
  1.15200E+01  1.54263E+03
  1.15300E+01  1.54268E+03
  1.15400E+01  1.54273E+03
  1.15500E+01  1.54278E+03
  1.15600E+01  1.54283E+03
  1.15700E+01  1.54288E+03
  1.15800E+01  1.54293E+03
  1.15900E+01  1.54298E+03
  1.16000E+01  1.54304E+03
  1.16100E+01  1.54309E+03
  1.16200E+01  1.54314E+03
  1.16300E+01  1.54319E+03
  1.16400E+01  1.54324E+03
  1.16500E+01  1.54329E+03
  1.16600E+01  1.54334E+03
  1.16700E+01  1.54339E+03
  1.16800E+01  1.54344E+03
  1.16900E+01  1.54349E+03
  1.17000E+01  1.54354E+03
  1.17100E+01  1.54359E+03
  1.17200E+01  1.54364E+03
  1.17300E+01  1.54369E+03
  1.17400E+01  1.54374E+03
  1.17500E+01  1.54379E+03
  1.17600E+01  1.54384E+03
  1.17700E+01  1.54389E+03
  1.17800E+01  1.54394E+03
  1.17900E+01  1.54399E+03
  1.18000E+01  1.54404E+03
  1.18100E+01  1.54409E+03
  1.18200E+01  1.54414E+03
  1.18300E+01  1.54419E+03
  1.18400E+01  1.54424E+03
  1.18500E+01  1.54429E+03
  1.18600E+01  1.54434E+03
  1.18700E+01  1.54439E+03
  1.18800E+01  1.54444E+03
  1.18900E+01  1.54449E+03
  1.19000E+01  1.54453E+03
  1.19100E+01  1.54458E+03
  1.19200E+01  1.54463E+03
  1.19300E+01  1.54468E+03
  1.19400E+01  1.54473E+03
  1.19500E+01  1.54478E+03
  1.19600E+01  1.54483E+03
  1.19700E+01  1.54488E+03
  1.19800E+01  1.54492E+03
  1.19900E+01  1.54497E+03
  1.20000E+01  1.54502E+03
  1.20100E+01  1.54507E+03
  1.20200E+01  1.54512E+03
  1.20300E+01  1.54517E+03
  1.20400E+01  1.54521E+03
  1.20500E+01  1.54526E+03
  1.20600E+01  1.54531E+03
  1.20700E+01  1.54536E+03
  1.20800E+01  1.54541E+03
  1.20900E+01  1.54545E+03
  1.21000E+01  1.54550E+03
  1.21100E+01  1.54555E+03
  1.21200E+01  1.54560E+03
  1.21300E+01  1.54564E+03
  1.21400E+01  1.54569E+03
  1.21500E+01  1.54574E+03
  1.21600E+01  1.54579E+03
  1.21700E+01  1.54583E+03
  1.21800E+01  1.54588E+03
  1.21900E+01  1.54593E+03
  1.22000E+01  1.54598E+03
  1.22100E+01  1.54602E+03
  1.22200E+01  1.54607E+03
  1.22300E+01  1.54612E+03
  1.22400E+01  1.54616E+03
  1.22500E+01  1.54621E+03
  1.22600E+01  1.54626E+03
  1.22700E+01  1.54630E+03
  1.22800E+01  1.54635E+03
  1.22900E+01  1.54640E+03
  1.23000E+01  1.54644E+03
  1.23100E+01  1.54649E+03
  1.23200E+01  1.54654E+03
  1.23300E+01  1.54658E+03
  1.23400E+01  1.54663E+03
  1.23500E+01  1.54668E+03
  1.23600E+01  1.54672E+03
  1.23700E+01  1.54677E+03
  1.23800E+01  1.54682E+03
  1.23900E+01  1.54686E+03
  1.24000E+01  1.54691E+03
  1.24100E+01  1.54695E+03
  1.24200E+01  1.54700E+03
  1.24300E+01  1.54705E+03
  1.24400E+01  1.54709E+03
  1.24500E+01  1.54714E+03
  1.24600E+01  1.54718E+03
  1.24700E+01  1.54723E+03
  1.24800E+01  1.54727E+03
  1.24900E+01  1.54732E+03
  1.25000E+01  1.54736E+03
  1.25100E+01  1.54741E+03
  1.25200E+01  1.54746E+03
  1.25300E+01  1.54750E+03
  1.25400E+01  1.54755E+03
  1.25500E+01  1.54759E+03
  1.25600E+01  1.54764E+03
  1.25700E+01  1.54768E+03
  1.25800E+01  1.54773E+03
  1.25900E+01  1.54777E+03
  1.26000E+01  1.54782E+03
  1.26100E+01  1.54786E+03
  1.26200E+01  1.54791E+03
  1.26300E+01  1.54795E+03
  1.26400E+01  1.54799E+03
  1.26500E+01  1.54804E+03
  1.26600E+01  1.54808E+03
  1.26700E+01  1.54813E+03
  1.26800E+01  1.54817E+03
  1.26900E+01  1.54822E+03
  1.27000E+01  1.54826E+03
  1.27100E+01  1.54831E+03
  1.27200E+01  1.54835E+03
  1.27300E+01  1.54839E+03
  1.27400E+01  1.54844E+03
  1.27500E+01  1.54848E+03
  1.27600E+01  1.54853E+03
  1.27700E+01  1.54857E+03
  1.27800E+01  1.54861E+03
  1.27900E+01  1.54866E+03
  1.28000E+01  1.54870E+03
  1.28100E+01  1.54875E+03
  1.28200E+01  1.54879E+03
  1.28300E+01  1.54883E+03
  1.28400E+01  1.54888E+03
  1.28500E+01  1.54892E+03
  1.28600E+01  1.54896E+03
  1.28700E+01  1.54901E+03
  1.28800E+01  1.54905E+03
  1.28900E+01  1.54909E+03
  1.29000E+01  1.54914E+03
  1.29100E+01  1.54918E+03
  1.29200E+01  1.54922E+03
  1.29300E+01  1.54927E+03
  1.29400E+01  1.54931E+03
  1.29500E+01  1.54935E+03
  1.29600E+01  1.54940E+03
  1.29700E+01  1.54944E+03
  1.29800E+01  1.54948E+03
  1.29900E+01  1.54953E+03
  1.30000E+01  1.54957E+03
  1.30100E+01  1.54961E+03
  1.30200E+01  1.54965E+03
  1.30300E+01  1.54970E+03
  1.30400E+01  1.54974E+03
  1.30500E+01  1.54978E+03
  1.30600E+01  1.54982E+03
  1.30700E+01  1.54987E+03
  1.30800E+01  1.54991E+03
  1.30900E+01  1.54995E+03
  1.31000E+01  1.54999E+03
  1.31100E+01  1.55004E+03
  1.31200E+01  1.55008E+03
  1.31300E+01  1.55012E+03
  1.31400E+01  1.55016E+03
  1.31500E+01  1.55020E+03
  1.31600E+01  1.55025E+03
  1.31700E+01  1.55029E+03
  1.31800E+01  1.55033E+03
  1.31900E+01  1.55037E+03
  1.32000E+01  1.55041E+03
  1.32100E+01  1.55046E+03
  1.32200E+01  1.55050E+03
  1.32300E+01  1.55054E+03
  1.32400E+01  1.55058E+03
  1.32500E+01  1.55062E+03
  1.32600E+01  1.55066E+03
  1.32700E+01  1.55071E+03
  1.32800E+01  1.55075E+03
  1.32900E+01  1.55079E+03
  1.33000E+01  1.55083E+03
  1.33100E+01  1.55087E+03
  1.33200E+01  1.55091E+03
  1.33300E+01  1.55095E+03
  1.33400E+01  1.55099E+03
  1.33500E+01  1.55104E+03
  1.33600E+01  1.55108E+03
  1.33700E+01  1.55112E+03
  1.33800E+01  1.55116E+03
  1.33900E+01  1.55120E+03
  1.34000E+01  1.55124E+03
  1.34100E+01  1.55128E+03
  1.34200E+01  1.55132E+03
  1.34300E+01  1.55136E+03
  1.34400E+01  1.55140E+03
  1.34500E+01  1.55144E+03
  1.34600E+01  1.55148E+03
  1.34700E+01  1.55152E+03
  1.34800E+01  1.55157E+03
  1.34900E+01  1.55161E+03
  1.35000E+01  1.55165E+03
  1.35100E+01  1.55169E+03
  1.35200E+01  1.55173E+03
  1.35300E+01  1.55177E+03
  1.35400E+01  1.55181E+03
  1.35500E+01  1.55185E+03
  1.35600E+01  1.55189E+03
  1.35700E+01  1.55193E+03
  1.35800E+01  1.55197E+03
  1.35900E+01  1.55201E+03
  1.36000E+01  1.55205E+03
  1.36100E+01  1.55209E+03
  1.36200E+01  1.55213E+03
  1.36300E+01  1.55217E+03
  1.36400E+01  1.55221E+03
  1.36500E+01  1.55225E+03
  1.36600E+01  1.55229E+03
  1.36700E+01  1.55233E+03
  1.36800E+01  1.55237E+03
  1.36900E+01  1.55240E+03
  1.37000E+01  1.55244E+03
  1.37100E+01  1.55248E+03
  1.37200E+01  1.55252E+03
  1.37300E+01  1.55256E+03
  1.37400E+01  1.55260E+03
  1.37500E+01  1.55264E+03
  1.37600E+01  1.55268E+03
  1.37700E+01  1.55272E+03
  1.37800E+01  1.55276E+03
  1.37900E+01  1.55280E+03
  1.38000E+01  1.55284E+03
  1.38100E+01  1.55288E+03
  1.38200E+01  1.55291E+03
  1.38300E+01  1.55295E+03
  1.38400E+01  1.55299E+03
  1.38500E+01  1.55303E+03
  1.38600E+01  1.55307E+03
  1.38700E+01  1.55311E+03
  1.38800E+01  1.55315E+03
  1.38900E+01  1.55319E+03
  1.39000E+01  1.55322E+03
  1.39100E+01  1.55326E+03
  1.39200E+01  1.55330E+03
  1.39300E+01  1.55334E+03
  1.39400E+01  1.55338E+03
  1.39500E+01  1.55342E+03
  1.39600E+01  1.55346E+03
  1.39700E+01  1.55349E+03
  1.39800E+01  1.55353E+03
  1.39900E+01  1.55357E+03
  1.40000E+01  1.55361E+03
  1.40100E+01  1.55365E+03
  1.40200E+01  1.55368E+03
  1.40300E+01  1.55372E+03
  1.40400E+01  1.55376E+03
  1.40500E+01  1.55380E+03
  1.40600E+01  1.55384E+03
  1.40700E+01  1.55387E+03
  1.40800E+01  1.55391E+03
  1.40900E+01  1.55395E+03
  1.41000E+01  1.55399E+03
  1.41100E+01  1.55403E+03
  1.41200E+01  1.55406E+03
  1.41300E+01  1.55410E+03
  1.41400E+01  1.55414E+03
  1.41500E+01  1.55418E+03
  1.41600E+01  1.55421E+03
  1.41700E+01  1.55425E+03
  1.41800E+01  1.55429E+03
  1.41900E+01  1.55433E+03
  1.42000E+01  1.55436E+03
  1.42100E+01  1.55440E+03
  1.42200E+01  1.55444E+03
  1.42300E+01  1.55448E+03
  1.42400E+01  1.55451E+03
  1.42500E+01  1.55455E+03
  1.42600E+01  1.55459E+03
  1.42700E+01  1.55462E+03
  1.42800E+01  1.55466E+03
  1.42900E+01  1.55470E+03
  1.43000E+01  1.55474E+03
  1.43100E+01  1.55477E+03
  1.43200E+01  1.55481E+03
  1.43300E+01  1.55485E+03
  1.43400E+01  1.55488E+03
  1.43500E+01  1.55492E+03
  1.43600E+01  1.55496E+03
  1.43700E+01  1.55499E+03
  1.43800E+01  1.55503E+03
  1.43900E+01  1.55507E+03
  1.44000E+01  1.55510E+03
  1.44100E+01  1.55514E+03
  1.44200E+01  1.55518E+03
  1.44300E+01  1.55521E+03
  1.44400E+01  1.55525E+03
  1.44500E+01  1.55528E+03
  1.44600E+01  1.55532E+03
  1.44700E+01  1.55536E+03
  1.44800E+01  1.55539E+03
  1.44900E+01  1.55543E+03
  1.45000E+01  1.55547E+03
  1.45100E+01  1.55550E+03
  1.45200E+01  1.55554E+03
  1.45300E+01  1.55557E+03
  1.45400E+01  1.55561E+03
  1.45500E+01  1.55565E+03
  1.45600E+01  1.55568E+03
  1.45700E+01  1.55572E+03
  1.45800E+01  1.55575E+03
  1.45900E+01  1.55579E+03
  1.46000E+01  1.55583E+03
  1.46100E+01  1.55586E+03
  1.46200E+01  1.55590E+03
  1.46300E+01  1.55593E+03
  1.46400E+01  1.55597E+03
  1.46500E+01  1.55600E+03
  1.46600E+01  1.55604E+03
  1.46700E+01  1.55607E+03
  1.46800E+01  1.55611E+03
  1.46900E+01  1.55615E+03
  1.47000E+01  1.55618E+03
  1.47100E+01  1.55622E+03
  1.47200E+01  1.55625E+03
  1.47300E+01  1.55629E+03
  1.47400E+01  1.55632E+03
  1.47500E+01  1.55636E+03
  1.47600E+01  1.55639E+03
  1.47700E+01  1.55643E+03
  1.47800E+01  1.55646E+03
  1.47900E+01  1.55650E+03
  1.48000E+01  1.55653E+03
  1.48100E+01  1.55657E+03
  1.48200E+01  1.55660E+03
  1.48300E+01  1.55664E+03
  1.48400E+01  1.55667E+03
  1.48500E+01  1.55671E+03
  1.48600E+01  1.55674E+03
  1.48700E+01  1.55678E+03
  1.48800E+01  1.55681E+03
  1.48900E+01  1.55685E+03
  1.49000E+01  1.55688E+03
  1.49100E+01  1.55692E+03
  1.49200E+01  1.55695E+03
  1.49300E+01  1.55699E+03
  1.49400E+01  1.55702E+03
  1.49500E+01  1.55705E+03
  1.49600E+01  1.55709E+03
  1.49700E+01  1.55712E+03
  1.49800E+01  1.55716E+03
  1.49900E+01  1.55719E+03
  1.50000E+01  1.55723E+03
  1.50100E+01  1.55726E+03
  1.50200E+01  1.55730E+03
  1.50300E+01  1.55733E+03
  1.50400E+01  1.55736E+03
  1.50500E+01  1.55740E+03
  1.50600E+01  1.55743E+03
  1.50700E+01  1.55747E+03
  1.50800E+01  1.55750E+03
  1.50900E+01  1.55753E+03
  1.51000E+01  1.55757E+03
  1.51100E+01  1.55760E+03
  1.51200E+01  1.55764E+03
  1.51300E+01  1.55767E+03
  1.51400E+01  1.55770E+03
  1.51500E+01  1.55774E+03
  1.51600E+01  1.55777E+03
  1.51700E+01  1.55780E+03
  1.51800E+01  1.55784E+03
  1.51900E+01  1.55787E+03
  1.52000E+01  1.55791E+03
  1.52100E+01  1.55794E+03
  1.52200E+01  1.55797E+03
  1.52300E+01  1.55801E+03
  1.52400E+01  1.55804E+03
  1.52500E+01  1.55807E+03
  1.52600E+01  1.55811E+03
  1.52700E+01  1.55814E+03
  1.52800E+01  1.55817E+03
  1.52900E+01  1.55821E+03
  1.53000E+01  1.55824E+03
  1.53100E+01  1.55827E+03
  1.53200E+01  1.55831E+03
  1.53300E+01  1.55834E+03
  1.53400E+01  1.55837E+03
  1.53500E+01  1.55841E+03
  1.53600E+01  1.55844E+03
  1.53700E+01  1.55847E+03
  1.53800E+01  1.55851E+03
  1.53900E+01  1.55854E+03
  1.54000E+01  1.55857E+03
  1.54100E+01  1.55860E+03
  1.54200E+01  1.55864E+03
  1.54300E+01  1.55867E+03
  1.54400E+01  1.55870E+03
  1.54500E+01  1.55874E+03
  1.54600E+01  1.55877E+03
  1.54700E+01  1.55880E+03
  1.54800E+01  1.55883E+03
  1.54900E+01  1.55887E+03
  1.55000E+01  1.55890E+03
  1.55100E+01  1.55893E+03
  1.55200E+01  1.55896E+03
  1.55300E+01  1.55900E+03
  1.55400E+01  1.55903E+03
  1.55500E+01  1.55906E+03
  1.55600E+01  1.55909E+03
  1.55700E+01  1.55913E+03
  1.55800E+01  1.55916E+03
  1.55900E+01  1.55919E+03
  1.56000E+01  1.55922E+03
  1.56100E+01  1.55926E+03
  1.56200E+01  1.55929E+03
  1.56300E+01  1.55932E+03
  1.56400E+01  1.55935E+03
  1.56500E+01  1.55939E+03
  1.56600E+01  1.55942E+03
  1.56700E+01  1.55945E+03
  1.56800E+01  1.55948E+03
  1.56900E+01  1.55951E+03
  1.57000E+01  1.55955E+03
  1.57100E+01  1.55958E+03
  1.57200E+01  1.55961E+03
  1.57300E+01  1.55964E+03
  1.57400E+01  1.55967E+03
  1.57500E+01  1.55971E+03
  1.57600E+01  1.55974E+03
  1.57700E+01  1.55977E+03
  1.57800E+01  1.55980E+03
  1.57900E+01  1.55983E+03
  1.58000E+01  1.55986E+03
  1.58100E+01  1.55990E+03
  1.58200E+01  1.55993E+03
  1.58300E+01  1.55996E+03
  1.58400E+01  1.55999E+03
  1.58500E+01  1.56002E+03
  1.58600E+01  1.56005E+03
  1.58700E+01  1.56009E+03
  1.58800E+01  1.56012E+03
  1.58900E+01  1.56015E+03
  1.59000E+01  1.56018E+03
  1.59100E+01  1.56021E+03
  1.59200E+01  1.56024E+03
  1.59300E+01  1.56027E+03
  1.59400E+01  1.56031E+03
  1.59500E+01  1.56034E+03
  1.59600E+01  1.56037E+03
  1.59700E+01  1.56040E+03
  1.59800E+01  1.56043E+03
  1.59900E+01  1.56046E+03
  1.60000E+01  1.56049E+03
  1.60100E+01  1.56052E+03
  1.60200E+01  1.56055E+03
  1.60300E+01  1.56059E+03
  1.60400E+01  1.56062E+03
  1.60500E+01  1.56065E+03
  1.60600E+01  1.56068E+03
  1.60700E+01  1.56071E+03
  1.60800E+01  1.56074E+03
  1.60900E+01  1.56077E+03
  1.61000E+01  1.56080E+03
  1.61100E+01  1.56083E+03
  1.61200E+01  1.56086E+03
  1.61300E+01  1.56089E+03
  1.61400E+01  1.56093E+03
  1.61500E+01  1.56096E+03
  1.61600E+01  1.56099E+03
  1.61700E+01  1.56102E+03
  1.61800E+01  1.56105E+03
  1.61900E+01  1.56108E+03
  1.62000E+01  1.56111E+03
  1.62100E+01  1.56114E+03
  1.62200E+01  1.56117E+03
  1.62300E+01  1.56120E+03
  1.62400E+01  1.56123E+03
  1.62500E+01  1.56126E+03
  1.62600E+01  1.56129E+03
  1.62700E+01  1.56132E+03
  1.62800E+01  1.56135E+03
  1.62900E+01  1.56138E+03
  1.63000E+01  1.56141E+03
  1.63100E+01  1.56144E+03
  1.63200E+01  1.56147E+03
  1.63300E+01  1.56150E+03
  1.63400E+01  1.56153E+03
  1.63500E+01  1.56156E+03
  1.63600E+01  1.56159E+03
  1.63700E+01  1.56162E+03
  1.63800E+01  1.56165E+03
  1.63900E+01  1.56168E+03
  1.64000E+01  1.56171E+03
  1.64100E+01  1.56174E+03
  1.64200E+01  1.56177E+03
  1.64300E+01  1.56180E+03
  1.64400E+01  1.56183E+03
  1.64500E+01  1.56186E+03
  1.64600E+01  1.56189E+03
  1.64700E+01  1.56192E+03
  1.64800E+01  1.56195E+03
  1.64900E+01  1.56198E+03
  1.65000E+01  1.56201E+03
  1.65100E+01  1.56204E+03
  1.65200E+01  1.56207E+03
  1.65300E+01  1.56210E+03
  1.65400E+01  1.56213E+03
  1.65500E+01  1.56216E+03
  1.65600E+01  1.56219E+03
  1.65700E+01  1.56222E+03
  1.65800E+01  1.56225E+03
  1.65900E+01  1.56228E+03
  1.66000E+01  1.56231E+03
  1.66100E+01  1.56234E+03
  1.66200E+01  1.56237E+03
  1.66300E+01  1.56239E+03
  1.66400E+01  1.56242E+03
  1.66500E+01  1.56245E+03
  1.66600E+01  1.56248E+03
  1.66700E+01  1.56251E+03
  1.66800E+01  1.56254E+03
  1.66900E+01  1.56257E+03
  1.67000E+01  1.56260E+03
  1.67100E+01  1.56263E+03
  1.67200E+01  1.56266E+03
  1.67300E+01  1.56269E+03
  1.67400E+01  1.56272E+03
  1.67500E+01  1.56274E+03
  1.67600E+01  1.56277E+03
  1.67700E+01  1.56280E+03
  1.67800E+01  1.56283E+03
  1.67900E+01  1.56286E+03
  1.68000E+01  1.56289E+03
  1.68100E+01  1.56292E+03
  1.68200E+01  1.56295E+03
  1.68300E+01  1.56298E+03
  1.68400E+01  1.56300E+03
  1.68500E+01  1.56303E+03
  1.68600E+01  1.56306E+03
  1.68700E+01  1.56309E+03
  1.68800E+01  1.56312E+03
  1.68900E+01  1.56315E+03
  1.69000E+01  1.56318E+03
  1.69100E+01  1.56320E+03
  1.69200E+01  1.56323E+03
  1.69300E+01  1.56326E+03
  1.69400E+01  1.56329E+03
  1.69500E+01  1.56332E+03
  1.69600E+01  1.56335E+03
  1.69700E+01  1.56338E+03
  1.69800E+01  1.56340E+03
  1.69900E+01  1.56343E+03
  1.70000E+01  1.56346E+03
  1.70100E+01  1.56349E+03
  1.70200E+01  1.56352E+03
  1.70300E+01  1.56355E+03
  1.70400E+01  1.56357E+03
  1.70500E+01  1.56360E+03
  1.70600E+01  1.56363E+03
  1.70700E+01  1.56366E+03
  1.70800E+01  1.56369E+03
  1.70900E+01  1.56371E+03
  1.71000E+01  1.56374E+03
  1.71100E+01  1.56377E+03
  1.71200E+01  1.56380E+03
  1.71300E+01  1.56383E+03
  1.71400E+01  1.56385E+03
  1.71500E+01  1.56388E+03
  1.71600E+01  1.56391E+03
  1.71700E+01  1.56394E+03
  1.71800E+01  1.56397E+03
  1.71900E+01  1.56399E+03
  1.72000E+01  1.56402E+03
  1.72100E+01  1.56405E+03
  1.72200E+01  1.56408E+03
  1.72300E+01  1.56411E+03
  1.72400E+01  1.56413E+03
  1.72500E+01  1.56416E+03
  1.72600E+01  1.56419E+03
  1.72700E+01  1.56422E+03
  1.72800E+01  1.56424E+03
  1.72900E+01  1.56427E+03
  1.73000E+01  1.56430E+03
  1.73100E+01  1.56433E+03
  1.73200E+01  1.56435E+03
  1.73300E+01  1.56438E+03
  1.73400E+01  1.56441E+03
  1.73500E+01  1.56444E+03
  1.73600E+01  1.56446E+03
  1.73700E+01  1.56449E+03
  1.73800E+01  1.56452E+03
  1.73900E+01  1.56455E+03
  1.74000E+01  1.56457E+03
  1.74100E+01  1.56460E+03
  1.74200E+01  1.56463E+03
  1.74300E+01  1.56465E+03
  1.74400E+01  1.56468E+03
  1.74500E+01  1.56471E+03
  1.74600E+01  1.56474E+03
  1.74700E+01  1.56476E+03
  1.74800E+01  1.56479E+03
  1.74900E+01  1.56482E+03
  1.75000E+01  1.56484E+03
  1.75100E+01  1.56487E+03
  1.75200E+01  1.56490E+03
  1.75300E+01  1.56493E+03
  1.75400E+01  1.56495E+03
  1.75500E+01  1.56498E+03
  1.75600E+01  1.56501E+03
  1.75700E+01  1.56503E+03
  1.75800E+01  1.56506E+03
  1.75900E+01  1.56509E+03
  1.76000E+01  1.56511E+03
  1.76100E+01  1.56514E+03
  1.76200E+01  1.56517E+03
  1.76300E+01  1.56519E+03
  1.76400E+01  1.56522E+03
  1.76500E+01  1.56525E+03
  1.76600E+01  1.56528E+03
  1.76700E+01  1.56530E+03
  1.76800E+01  1.56533E+03
  1.76900E+01  1.56536E+03
  1.77000E+01  1.56538E+03
  1.77100E+01  1.56541E+03
  1.77200E+01  1.56543E+03
  1.77300E+01  1.56546E+03
  1.77400E+01  1.56549E+03
  1.77500E+01  1.56551E+03
  1.77600E+01  1.56554E+03
  1.77700E+01  1.56557E+03
  1.77800E+01  1.56559E+03
  1.77900E+01  1.56562E+03
  1.78000E+01  1.56565E+03
  1.78100E+01  1.56567E+03
  1.78200E+01  1.56570E+03
  1.78300E+01  1.56573E+03
  1.78400E+01  1.56575E+03
  1.78500E+01  1.56578E+03
  1.78600E+01  1.56580E+03
  1.78700E+01  1.56583E+03
  1.78800E+01  1.56586E+03
  1.78900E+01  1.56588E+03
  1.79000E+01  1.56591E+03
  1.79100E+01  1.56594E+03
  1.79200E+01  1.56596E+03
  1.79300E+01  1.56599E+03
  1.79400E+01  1.56601E+03
  1.79500E+01  1.56604E+03
  1.79600E+01  1.56607E+03
  1.79700E+01  1.56609E+03
  1.79800E+01  1.56612E+03
  1.79900E+01  1.56614E+03
  1.80000E+01  1.56617E+03
  1.80100E+01  1.56620E+03
  1.80200E+01  1.56622E+03
  1.80300E+01  1.56625E+03
  1.80400E+01  1.56627E+03
  1.80500E+01  1.56630E+03
  1.80600E+01  1.56633E+03
  1.80700E+01  1.56635E+03
  1.80800E+01  1.56638E+03
  1.80900E+01  1.56640E+03
  1.81000E+01  1.56643E+03
  1.81100E+01  1.56645E+03
  1.81200E+01  1.56648E+03
  1.81300E+01  1.56651E+03
  1.81400E+01  1.56653E+03
  1.81500E+01  1.56656E+03
  1.81600E+01  1.56658E+03
  1.81700E+01  1.56661E+03
  1.81800E+01  1.56663E+03
  1.81900E+01  1.56666E+03
  1.82000E+01  1.56669E+03
  1.82100E+01  1.56671E+03
  1.82200E+01  1.56674E+03
  1.82300E+01  1.56676E+03
  1.82400E+01  1.56679E+03
  1.82500E+01  1.56681E+03
  1.82600E+01  1.56684E+03
  1.82700E+01  1.56686E+03
  1.82800E+01  1.56689E+03
  1.82900E+01  1.56691E+03
  1.83000E+01  1.56694E+03
  1.83100E+01  1.56697E+03
  1.83200E+01  1.56699E+03
  1.83300E+01  1.56702E+03
  1.83400E+01  1.56704E+03
  1.83500E+01  1.56707E+03
  1.83600E+01  1.56709E+03
  1.83700E+01  1.56712E+03
  1.83800E+01  1.56714E+03
  1.83900E+01  1.56717E+03
  1.84000E+01  1.56719E+03
  1.84100E+01  1.56722E+03
  1.84200E+01  1.56724E+03
  1.84300E+01  1.56727E+03
  1.84400E+01  1.56729E+03
  1.84500E+01  1.56732E+03
  1.84600E+01  1.56734E+03
  1.84700E+01  1.56737E+03
  1.84800E+01  1.56739E+03
  1.84900E+01  1.56742E+03
  1.85000E+01  1.56744E+03
  1.85100E+01  1.56747E+03
  1.85200E+01  1.56749E+03
  1.85300E+01  1.56752E+03
  1.85400E+01  1.56754E+03
  1.85500E+01  1.56757E+03
  1.85600E+01  1.56759E+03
  1.85700E+01  1.56762E+03
  1.85800E+01  1.56764E+03
  1.85900E+01  1.56767E+03
  1.86000E+01  1.56769E+03
  1.86100E+01  1.56772E+03
  1.86200E+01  1.56774E+03
  1.86300E+01  1.56776E+03
  1.86400E+01  1.56779E+03
  1.86500E+01  1.56781E+03
  1.86600E+01  1.56784E+03
  1.86700E+01  1.56786E+03
  1.86800E+01  1.56789E+03
  1.86900E+01  1.56791E+03
  1.87000E+01  1.56794E+03
  1.87100E+01  1.56796E+03
  1.87200E+01  1.56799E+03
  1.87300E+01  1.56801E+03
  1.87400E+01  1.56803E+03
  1.87500E+01  1.56806E+03
  1.87600E+01  1.56808E+03
  1.87700E+01  1.56811E+03
  1.87800E+01  1.56813E+03
  1.87900E+01  1.56816E+03
  1.88000E+01  1.56818E+03
  1.88100E+01  1.56821E+03
  1.88200E+01  1.56823E+03
  1.88300E+01  1.56825E+03
  1.88400E+01  1.56828E+03
  1.88500E+01  1.56830E+03
  1.88600E+01  1.56833E+03
  1.88700E+01  1.56835E+03
  1.88800E+01  1.56837E+03
  1.88900E+01  1.56840E+03
  1.89000E+01  1.56842E+03
  1.89100E+01  1.56845E+03
  1.89200E+01  1.56847E+03
  1.89300E+01  1.56850E+03
  1.89400E+01  1.56852E+03
  1.89500E+01  1.56854E+03
  1.89600E+01  1.56857E+03
  1.89700E+01  1.56859E+03
  1.89800E+01  1.56862E+03
  1.89900E+01  1.56864E+03
  1.90000E+01  1.56866E+03
  1.90100E+01  1.56869E+03
  1.90200E+01  1.56871E+03
  1.90300E+01  1.56874E+03
  1.90400E+01  1.56876E+03
  1.90500E+01  1.56878E+03
  1.90600E+01  1.56881E+03
  1.90700E+01  1.56883E+03
  1.90800E+01  1.56885E+03
  1.90900E+01  1.56888E+03
  1.91000E+01  1.56890E+03
  1.91100E+01  1.56893E+03
  1.91200E+01  1.56895E+03
  1.91300E+01  1.56897E+03
  1.91400E+01  1.56900E+03
  1.91500E+01  1.56902E+03
  1.91600E+01  1.56904E+03
  1.91700E+01  1.56907E+03
  1.91800E+01  1.56909E+03
  1.91900E+01  1.56911E+03
  1.92000E+01  1.56914E+03
  1.92100E+01  1.56916E+03
  1.92200E+01  1.56919E+03
  1.92300E+01  1.56921E+03
  1.92400E+01  1.56923E+03
  1.92500E+01  1.56926E+03
  1.92600E+01  1.56928E+03
  1.92700E+01  1.56930E+03
  1.92800E+01  1.56933E+03
  1.92900E+01  1.56935E+03
  1.93000E+01  1.56937E+03
  1.93100E+01  1.56940E+03
  1.93200E+01  1.56942E+03
  1.93300E+01  1.56944E+03
  1.93400E+01  1.56947E+03
  1.93500E+01  1.56949E+03
  1.93600E+01  1.56951E+03
  1.93700E+01  1.56954E+03
  1.93800E+01  1.56956E+03
  1.93900E+01  1.56958E+03
  1.94000E+01  1.56961E+03
  1.94100E+01  1.56963E+03
  1.94200E+01  1.56965E+03
  1.94300E+01  1.56967E+03
  1.94400E+01  1.56970E+03
  1.94500E+01  1.56972E+03
  1.94600E+01  1.56974E+03
  1.94700E+01  1.56977E+03
  1.94800E+01  1.56979E+03
  1.94900E+01  1.56981E+03
  1.95000E+01  1.56984E+03
  1.95100E+01  1.56986E+03
  1.95200E+01  1.56988E+03
  1.95300E+01  1.56991E+03
  1.95400E+01  1.56993E+03
  1.95500E+01  1.56995E+03
  1.95600E+01  1.56997E+03
  1.95700E+01  1.57000E+03
  1.95800E+01  1.57002E+03
  1.95900E+01  1.57004E+03
  1.96000E+01  1.57007E+03
  1.96100E+01  1.57009E+03
  1.96200E+01  1.57011E+03
  1.96300E+01  1.57013E+03
  1.96400E+01  1.57016E+03
  1.96500E+01  1.57018E+03
  1.96600E+01  1.57020E+03
  1.96700E+01  1.57022E+03
  1.96800E+01  1.57025E+03
  1.96900E+01  1.57027E+03
  1.97000E+01  1.57029E+03
  1.97100E+01  1.57032E+03
  1.97200E+01  1.57034E+03
  1.97300E+01  1.57036E+03
  1.97400E+01  1.57038E+03
  1.97500E+01  1.57041E+03
  1.97600E+01  1.57043E+03
  1.97700E+01  1.57045E+03
  1.97800E+01  1.57047E+03
  1.97900E+01  1.57050E+03
  1.98000E+01  1.57052E+03
  1.98100E+01  1.57054E+03
  1.98200E+01  1.57056E+03
  1.98300E+01  1.57059E+03
  1.98400E+01  1.57061E+03
  1.98500E+01  1.57063E+03
  1.98600E+01  1.57065E+03
  1.98700E+01  1.57067E+03
  1.98800E+01  1.57070E+03
  1.98900E+01  1.57072E+03
  1.99000E+01  1.57074E+03
  1.99100E+01  1.57076E+03
  1.99200E+01  1.57079E+03
  1.99300E+01  1.57081E+03
  1.99400E+01  1.57083E+03
  1.99500E+01  1.57085E+03
  1.99600E+01  1.57087E+03
  1.99700E+01  1.57090E+03
  1.99800E+01  1.57092E+03
  1.99900E+01  1.57094E+03
  2.00000E+01  1.57096E+03
  2.00100E+01  1.57099E+03
  2.00200E+01  1.57101E+03
  2.00300E+01  1.57103E+03
  2.00400E+01  1.57105E+03
  2.00500E+01  1.57107E+03
  2.00600E+01  1.57110E+03
  2.00700E+01  1.57112E+03
  2.00800E+01  1.57114E+03
  2.00900E+01  1.57116E+03
  2.01000E+01  1.57118E+03
  2.01100E+01  1.57121E+03
  2.01200E+01  1.57123E+03
  2.01300E+01  1.57125E+03
  2.01400E+01  1.57127E+03
  2.01500E+01  1.57129E+03
  2.01600E+01  1.57131E+03
  2.01700E+01  1.57134E+03
  2.01800E+01  1.57136E+03
  2.01900E+01  1.57138E+03
  2.02000E+01  1.57140E+03
  2.02100E+01  1.57142E+03
  2.02200E+01  1.57145E+03
  2.02300E+01  1.57147E+03
  2.02400E+01  1.57149E+03
  2.02500E+01  1.57151E+03
  2.02600E+01  1.57153E+03
  2.02700E+01  1.57155E+03
  2.02800E+01  1.57158E+03
  2.02900E+01  1.57160E+03
  2.03000E+01  1.57162E+03
  2.03100E+01  1.57164E+03
  2.03200E+01  1.57166E+03
  2.03300E+01  1.57168E+03
  2.03400E+01  1.57170E+03
  2.03500E+01  1.57173E+03
  2.03600E+01  1.57175E+03
  2.03700E+01  1.57177E+03
  2.03800E+01  1.57179E+03
  2.03900E+01  1.57181E+03
  2.04000E+01  1.57183E+03
  2.04100E+01  1.57185E+03
  2.04200E+01  1.57188E+03
  2.04300E+01  1.57190E+03
  2.04400E+01  1.57192E+03
  2.04500E+01  1.57194E+03
  2.04600E+01  1.57196E+03
  2.04700E+01  1.57198E+03
  2.04800E+01  1.57200E+03
  2.04900E+01  1.57203E+03
  2.05000E+01  1.57205E+03
  2.05100E+01  1.57207E+03
  2.05200E+01  1.57209E+03
  2.05300E+01  1.57211E+03
  2.05400E+01  1.57213E+03
  2.05500E+01  1.57215E+03
  2.05600E+01  1.57217E+03
  2.05700E+01  1.57220E+03
  2.05800E+01  1.57222E+03
  2.05900E+01  1.57224E+03
  2.06000E+01  1.57226E+03
  2.06100E+01  1.57228E+03
  2.06200E+01  1.57230E+03
  2.06300E+01  1.57232E+03
  2.06400E+01  1.57234E+03
  2.06500E+01  1.57236E+03
  2.06600E+01  1.57239E+03
  2.06700E+01  1.57241E+03
  2.06800E+01  1.57243E+03
  2.06900E+01  1.57245E+03
  2.07000E+01  1.57247E+03
  2.07100E+01  1.57249E+03
  2.07200E+01  1.57251E+03
  2.07300E+01  1.57253E+03
  2.07400E+01  1.57255E+03
  2.07500E+01  1.57257E+03
  2.07600E+01  1.57259E+03
  2.07700E+01  1.57262E+03
  2.07800E+01  1.57264E+03
  2.07900E+01  1.57266E+03
  2.08000E+01  1.57268E+03
  2.08100E+01  1.57270E+03
  2.08200E+01  1.57272E+03
  2.08300E+01  1.57274E+03
  2.08400E+01  1.57276E+03
  2.08500E+01  1.57278E+03
  2.08600E+01  1.57280E+03
  2.08700E+01  1.57282E+03
  2.08800E+01  1.57284E+03
  2.08900E+01  1.57286E+03
  2.09000E+01  1.57289E+03
  2.09100E+01  1.57291E+03
  2.09200E+01  1.57293E+03
  2.09300E+01  1.57295E+03
  2.09400E+01  1.57297E+03
  2.09500E+01  1.57299E+03
  2.09600E+01  1.57301E+03
  2.09700E+01  1.57303E+03
  2.09800E+01  1.57305E+03
  2.09900E+01  1.57307E+03
  2.10000E+01  1.57309E+03
  2.10100E+01  1.57311E+03
  2.10200E+01  1.57313E+03
  2.10300E+01  1.57315E+03
  2.10400E+01  1.57317E+03
  2.10500E+01  1.57319E+03
  2.10600E+01  1.57321E+03
  2.10700E+01  1.57323E+03
  2.10800E+01  1.57326E+03
  2.10900E+01  1.57328E+03
  2.11000E+01  1.57330E+03
  2.11100E+01  1.57332E+03
  2.11200E+01  1.57334E+03
  2.11300E+01  1.57336E+03
  2.11400E+01  1.57338E+03
  2.11500E+01  1.57340E+03
  2.11600E+01  1.57342E+03
  2.11700E+01  1.57344E+03
  2.11800E+01  1.57346E+03
  2.11900E+01  1.57348E+03
  2.12000E+01  1.57350E+03
  2.12100E+01  1.57352E+03
  2.12200E+01  1.57354E+03
  2.12300E+01  1.57356E+03
  2.12400E+01  1.57358E+03
  2.12500E+01  1.57360E+03
  2.12600E+01  1.57362E+03
  2.12700E+01  1.57364E+03
  2.12800E+01  1.57366E+03
  2.12900E+01  1.57368E+03
  2.13000E+01  1.57370E+03
  2.13100E+01  1.57372E+03
  2.13200E+01  1.57374E+03
  2.13300E+01  1.57376E+03
  2.13400E+01  1.57378E+03
  2.13500E+01  1.57380E+03
  2.13600E+01  1.57382E+03
  2.13700E+01  1.57384E+03
  2.13800E+01  1.57386E+03
  2.13900E+01  1.57388E+03
  2.14000E+01  1.57390E+03
  2.14100E+01  1.57392E+03
  2.14200E+01  1.57394E+03
  2.14300E+01  1.57396E+03
  2.14400E+01  1.57398E+03
  2.14500E+01  1.57400E+03
  2.14600E+01  1.57402E+03
  2.14700E+01  1.57404E+03
  2.14800E+01  1.57406E+03
  2.14900E+01  1.57408E+03
  2.15000E+01  1.57410E+03
  2.15100E+01  1.57412E+03
  2.15200E+01  1.57414E+03
  2.15300E+01  1.57416E+03
  2.15400E+01  1.57418E+03
  2.15500E+01  1.57420E+03
  2.15600E+01  1.57422E+03
  2.15700E+01  1.57424E+03
  2.15800E+01  1.57426E+03
  2.15900E+01  1.57428E+03
  2.16000E+01  1.57430E+03
  2.16100E+01  1.57432E+03
  2.16200E+01  1.57434E+03
  2.16300E+01  1.57436E+03
  2.16400E+01  1.57438E+03
  2.16500E+01  1.57440E+03
  2.16600E+01  1.57441E+03
  2.16700E+01  1.57443E+03
  2.16800E+01  1.57445E+03
  2.16900E+01  1.57447E+03
  2.17000E+01  1.57449E+03
  2.17100E+01  1.57451E+03
  2.17200E+01  1.57453E+03
  2.17300E+01  1.57455E+03
  2.17400E+01  1.57457E+03
  2.17500E+01  1.57459E+03
  2.17600E+01  1.57461E+03
  2.17700E+01  1.57463E+03
  2.17800E+01  1.57465E+03
  2.17900E+01  1.57467E+03
  2.18000E+01  1.57469E+03
  2.18100E+01  1.57471E+03
  2.18200E+01  1.57473E+03
  2.18300E+01  1.57475E+03
  2.18400E+01  1.57477E+03
  2.18500E+01  1.57478E+03
  2.18600E+01  1.57480E+03
  2.18700E+01  1.57482E+03
  2.18800E+01  1.57484E+03
  2.18900E+01  1.57486E+03
  2.19000E+01  1.57488E+03
  2.19100E+01  1.57490E+03
  2.19200E+01  1.57492E+03
  2.19300E+01  1.57494E+03
  2.19400E+01  1.57496E+03
  2.19500E+01  1.57498E+03
  2.19600E+01  1.57500E+03
  2.19700E+01  1.57502E+03
  2.19800E+01  1.57503E+03
  2.19900E+01  1.57505E+03
  2.20000E+01  1.57507E+03
  2.20100E+01  1.57509E+03
  2.20200E+01  1.57511E+03
  2.20300E+01  1.57513E+03
  2.20400E+01  1.57515E+03
  2.20500E+01  1.57517E+03
  2.20600E+01  1.57519E+03
  2.20700E+01  1.57521E+03
  2.20800E+01  1.57523E+03
  2.20900E+01  1.57524E+03
  2.21000E+01  1.57526E+03
  2.21100E+01  1.57528E+03
  2.21200E+01  1.57530E+03
  2.21300E+01  1.57532E+03
  2.21400E+01  1.57534E+03
  2.21500E+01  1.57536E+03
  2.21600E+01  1.57538E+03
  2.21700E+01  1.57540E+03
  2.21800E+01  1.57541E+03
  2.21900E+01  1.57543E+03
  2.22000E+01  1.57545E+03
  2.22100E+01  1.57547E+03
  2.22200E+01  1.57549E+03
  2.22300E+01  1.57551E+03
  2.22400E+01  1.57553E+03
  2.22500E+01  1.57555E+03
  2.22600E+01  1.57556E+03
  2.22700E+01  1.57558E+03
  2.22800E+01  1.57560E+03
  2.22900E+01  1.57562E+03
  2.23000E+01  1.57564E+03
  2.23100E+01  1.57566E+03
  2.23200E+01  1.57568E+03
  2.23300E+01  1.57570E+03
  2.23400E+01  1.57571E+03
  2.23500E+01  1.57573E+03
  2.23600E+01  1.57575E+03
  2.23700E+01  1.57577E+03
  2.23800E+01  1.57579E+03
  2.23900E+01  1.57581E+03
  2.24000E+01  1.57583E+03
  2.24100E+01  1.57584E+03
  2.24200E+01  1.57586E+03
  2.24300E+01  1.57588E+03
  2.24400E+01  1.57590E+03
  2.24500E+01  1.57592E+03
  2.24600E+01  1.57594E+03
  2.24700E+01  1.57596E+03
  2.24800E+01  1.57597E+03
  2.24900E+01  1.57599E+03
  2.25000E+01  1.57601E+03
  2.25100E+01  1.57603E+03
  2.25200E+01  1.57605E+03
  2.25300E+01  1.57607E+03
  2.25400E+01  1.57608E+03
  2.25500E+01  1.57610E+03
  2.25600E+01  1.57612E+03
  2.25700E+01  1.57614E+03
  2.25800E+01  1.57616E+03
  2.25900E+01  1.57618E+03
  2.26000E+01  1.57619E+03
  2.26100E+01  1.57621E+03
  2.26200E+01  1.57623E+03
  2.26300E+01  1.57625E+03
  2.26400E+01  1.57627E+03
  2.26500E+01  1.57629E+03
  2.26600E+01  1.57630E+03
  2.26700E+01  1.57632E+03
  2.26800E+01  1.57634E+03
  2.26900E+01  1.57636E+03
  2.27000E+01  1.57638E+03
  2.27100E+01  1.57640E+03
  2.27200E+01  1.57641E+03
  2.27300E+01  1.57643E+03
  2.27400E+01  1.57645E+03
  2.27500E+01  1.57647E+03
  2.27600E+01  1.57649E+03
  2.27700E+01  1.57650E+03
  2.27800E+01  1.57652E+03
  2.27900E+01  1.57654E+03
  2.28000E+01  1.57656E+03
  2.28100E+01  1.57658E+03
  2.28200E+01  1.57659E+03
  2.28300E+01  1.57661E+03
  2.28400E+01  1.57663E+03
  2.28500E+01  1.57665E+03
  2.28600E+01  1.57667E+03
  2.28700E+01  1.57668E+03
  2.28800E+01  1.57670E+03
  2.28900E+01  1.57672E+03
  2.29000E+01  1.57674E+03
  2.29100E+01  1.57676E+03
  2.29200E+01  1.57677E+03
  2.29300E+01  1.57679E+03
  2.29400E+01  1.57681E+03
  2.29500E+01  1.57683E+03
  2.29600E+01  1.57685E+03
  2.29700E+01  1.57686E+03
  2.29800E+01  1.57688E+03
  2.29900E+01  1.57690E+03
  2.30000E+01  1.57692E+03
  2.30100E+01  1.57694E+03
  2.30200E+01  1.57695E+03
  2.30300E+01  1.57697E+03
  2.30400E+01  1.57699E+03
  2.30500E+01  1.57701E+03
  2.30600E+01  1.57702E+03
  2.30700E+01  1.57704E+03
  2.30800E+01  1.57706E+03
  2.30900E+01  1.57708E+03
  2.31000E+01  1.57709E+03
  2.31100E+01  1.57711E+03
  2.31200E+01  1.57713E+03
  2.31300E+01  1.57715E+03
  2.31400E+01  1.57717E+03
  2.31500E+01  1.57718E+03
  2.31600E+01  1.57720E+03
  2.31700E+01  1.57722E+03
  2.31800E+01  1.57724E+03
  2.31900E+01  1.57725E+03
  2.32000E+01  1.57727E+03
  2.32100E+01  1.57729E+03
  2.32200E+01  1.57731E+03
  2.32300E+01  1.57732E+03
  2.32400E+01  1.57734E+03
  2.32500E+01  1.57736E+03
  2.32600E+01  1.57738E+03
  2.32700E+01  1.57739E+03
  2.32800E+01  1.57741E+03
  2.32900E+01  1.57743E+03
  2.33000E+01  1.57745E+03
  2.33100E+01  1.57746E+03
  2.33200E+01  1.57748E+03
  2.33300E+01  1.57750E+03
  2.33400E+01  1.57752E+03
  2.33500E+01  1.57753E+03
  2.33600E+01  1.57755E+03
  2.33700E+01  1.57757E+03
  2.33800E+01  1.57759E+03
  2.33900E+01  1.57760E+03
  2.34000E+01  1.57762E+03
  2.34100E+01  1.57764E+03
  2.34200E+01  1.57765E+03
  2.34300E+01  1.57767E+03
  2.34400E+01  1.57769E+03
  2.34500E+01  1.57771E+03
  2.34600E+01  1.57772E+03
  2.34700E+01  1.57774E+03
  2.34800E+01  1.57776E+03
  2.34900E+01  1.57778E+03
  2.35000E+01  1.57779E+03
  2.35100E+01  1.57781E+03
  2.35200E+01  1.57783E+03
  2.35300E+01  1.57784E+03
  2.35400E+01  1.57786E+03
  2.35500E+01  1.57788E+03
  2.35600E+01  1.57790E+03
  2.35700E+01  1.57791E+03
  2.35800E+01  1.57793E+03
  2.35900E+01  1.57795E+03
  2.36000E+01  1.57797E+03
  2.36100E+01  1.57798E+03
  2.36200E+01  1.57800E+03
  2.36300E+01  1.57802E+03
  2.36400E+01  1.57803E+03
  2.36500E+01  1.57805E+03
  2.36600E+01  1.57807E+03
  2.36700E+01  1.57809E+03
  2.36800E+01  1.57810E+03
  2.36900E+01  1.57812E+03
  2.37000E+01  1.57814E+03
  2.37100E+01  1.57815E+03
  2.37200E+01  1.57817E+03
  2.37300E+01  1.57819E+03
  2.37400E+01  1.57820E+03
  2.37500E+01  1.57822E+03
  2.37600E+01  1.57824E+03
  2.37700E+01  1.57826E+03
  2.37800E+01  1.57827E+03
  2.37900E+01  1.57829E+03
  2.38000E+01  1.57831E+03
  2.38100E+01  1.57832E+03
  2.38200E+01  1.57834E+03
  2.38300E+01  1.57836E+03
  2.38400E+01  1.57837E+03
  2.38500E+01  1.57839E+03
  2.38600E+01  1.57841E+03
  2.38700E+01  1.57842E+03
  2.38800E+01  1.57844E+03
  2.38900E+01  1.57846E+03
  2.39000E+01  1.57848E+03
  2.39100E+01  1.57849E+03
  2.39200E+01  1.57851E+03
  2.39300E+01  1.57853E+03
  2.39400E+01  1.57854E+03
  2.39500E+01  1.57856E+03
  2.39600E+01  1.57858E+03
  2.39700E+01  1.57859E+03
  2.39800E+01  1.57861E+03
  2.39900E+01  1.57863E+03
  2.40000E+01  1.57864E+03
  2.40100E+01  1.57866E+03
  2.40200E+01  1.57868E+03
  2.40300E+01  1.57869E+03
  2.40400E+01  1.57871E+03
  2.40500E+01  1.57873E+03
  2.40600E+01  1.57874E+03
  2.40700E+01  1.57876E+03
  2.40800E+01  1.57878E+03
  2.40900E+01  1.57879E+03
  2.41000E+01  1.57881E+03
  2.41100E+01  1.57883E+03
  2.41200E+01  1.57884E+03
  2.41300E+01  1.57886E+03
  2.41400E+01  1.57888E+03
  2.41500E+01  1.57889E+03
  2.41600E+01  1.57891E+03
  2.41700E+01  1.57893E+03
  2.41800E+01  1.57894E+03
  2.41900E+01  1.57896E+03
  2.42000E+01  1.57898E+03
  2.42100E+01  1.57899E+03
  2.42200E+01  1.57901E+03
  2.42300E+01  1.57903E+03
  2.42400E+01  1.57904E+03
  2.42500E+01  1.57906E+03
  2.42600E+01  1.57908E+03
  2.42700E+01  1.57909E+03
  2.42800E+01  1.57911E+03
  2.42900E+01  1.57913E+03
  2.43000E+01  1.57914E+03
  2.43100E+01  1.57916E+03
  2.43200E+01  1.57917E+03
  2.43300E+01  1.57919E+03
  2.43400E+01  1.57921E+03
  2.43500E+01  1.57922E+03
  2.43600E+01  1.57924E+03
  2.43700E+01  1.57926E+03
  2.43800E+01  1.57927E+03
  2.43900E+01  1.57929E+03
  2.44000E+01  1.57931E+03
  2.44100E+01  1.57932E+03
  2.44200E+01  1.57934E+03
  2.44300E+01  1.57935E+03
  2.44400E+01  1.57937E+03
  2.44500E+01  1.57939E+03
  2.44600E+01  1.57940E+03
  2.44700E+01  1.57942E+03
  2.44800E+01  1.57944E+03
  2.44900E+01  1.57945E+03
  2.45000E+01  1.57947E+03
  2.45100E+01  1.57948E+03
  2.45200E+01  1.57950E+03
  2.45300E+01  1.57952E+03
  2.45400E+01  1.57953E+03
  2.45500E+01  1.57955E+03
  2.45600E+01  1.57957E+03
  2.45700E+01  1.57958E+03
  2.45800E+01  1.57960E+03
  2.45900E+01  1.57961E+03
  2.46000E+01  1.57963E+03
  2.46100E+01  1.57965E+03
  2.46200E+01  1.57966E+03
  2.46300E+01  1.57968E+03
  2.46400E+01  1.57970E+03
  2.46500E+01  1.57971E+03
  2.46600E+01  1.57973E+03
  2.46700E+01  1.57974E+03
  2.46800E+01  1.57976E+03
  2.46900E+01  1.57978E+03
  2.47000E+01  1.57979E+03
  2.47100E+01  1.57981E+03
  2.47200E+01  1.57982E+03
  2.47300E+01  1.57984E+03
  2.47400E+01  1.57986E+03
  2.47500E+01  1.57987E+03
  2.47600E+01  1.57989E+03
  2.47700E+01  1.57990E+03
  2.47800E+01  1.57992E+03
  2.47900E+01  1.57994E+03
  2.48000E+01  1.57995E+03
  2.48100E+01  1.57997E+03
  2.48200E+01  1.57998E+03
  2.48300E+01  1.58000E+03
  2.48400E+01  1.58002E+03
  2.48500E+01  1.58003E+03
  2.48600E+01  1.58005E+03
  2.48700E+01  1.58006E+03
  2.48800E+01  1.58008E+03
  2.48900E+01  1.58009E+03
  2.49000E+01  1.58011E+03
  2.49100E+01  1.58013E+03
  2.49200E+01  1.58014E+03
  2.49300E+01  1.58016E+03
  2.49400E+01  1.58017E+03
  2.49500E+01  1.58019E+03
  2.49600E+01  1.58021E+03
  2.49700E+01  1.58022E+03
  2.49800E+01  1.58024E+03
  2.49900E+01  1.58025E+03
  2.50000E+01  1.58027E+03
  2.50100E+01  1.58028E+03
  2.50200E+01  1.58030E+03
  2.50300E+01  1.58032E+03
  2.50400E+01  1.58033E+03
  2.50500E+01  1.58035E+03
  2.50600E+01  1.58036E+03
  2.50700E+01  1.58038E+03
  2.50800E+01  1.58039E+03
  2.50900E+01  1.58041E+03
  2.51000E+01  1.58043E+03
  2.51100E+01  1.58044E+03
  2.51200E+01  1.58046E+03
  2.51300E+01  1.58047E+03
  2.51400E+01  1.58049E+03
  2.51500E+01  1.58050E+03
  2.51600E+01  1.58052E+03
  2.51700E+01  1.58053E+03
  2.51800E+01  1.58055E+03
  2.51900E+01  1.58057E+03
  2.52000E+01  1.58058E+03
  2.52100E+01  1.58060E+03
  2.52200E+01  1.58061E+03
  2.52300E+01  1.58063E+03
  2.52400E+01  1.58064E+03
  2.52500E+01  1.58066E+03
  2.52600E+01  1.58067E+03
  2.52700E+01  1.58069E+03
  2.52800E+01  1.58071E+03
  2.52900E+01  1.58072E+03
  2.53000E+01  1.58074E+03
  2.53100E+01  1.58075E+03
  2.53200E+01  1.58077E+03
  2.53300E+01  1.58078E+03
  2.53400E+01  1.58080E+03
  2.53500E+01  1.58081E+03
  2.53600E+01  1.58083E+03
  2.53700E+01  1.58084E+03
  2.53800E+01  1.58086E+03
  2.53900E+01  1.58088E+03
  2.54000E+01  1.58089E+03
  2.54100E+01  1.58091E+03
  2.54200E+01  1.58092E+03
  2.54300E+01  1.58094E+03
  2.54400E+01  1.58095E+03
  2.54500E+01  1.58097E+03
  2.54600E+01  1.58098E+03
  2.54700E+01  1.58100E+03
  2.54800E+01  1.58101E+03
  2.54900E+01  1.58103E+03
  2.55000E+01  1.58104E+03
  2.55100E+01  1.58106E+03
  2.55200E+01  1.58107E+03
  2.55300E+01  1.58109E+03
  2.55400E+01  1.58110E+03
  2.55500E+01  1.58112E+03
  2.55600E+01  1.58114E+03
  2.55700E+01  1.58115E+03
  2.55800E+01  1.58117E+03
  2.55900E+01  1.58118E+03
  2.56000E+01  1.58120E+03
  2.56100E+01  1.58121E+03
  2.56200E+01  1.58123E+03
  2.56300E+01  1.58124E+03
  2.56400E+01  1.58126E+03
  2.56500E+01  1.58127E+03
  2.56600E+01  1.58129E+03
  2.56700E+01  1.58130E+03
  2.56800E+01  1.58132E+03
  2.56900E+01  1.58133E+03
  2.57000E+01  1.58135E+03
  2.57100E+01  1.58136E+03
  2.57200E+01  1.58138E+03
  2.57300E+01  1.58139E+03
  2.57400E+01  1.58141E+03
  2.57500E+01  1.58142E+03
  2.57600E+01  1.58144E+03
  2.57700E+01  1.58145E+03
  2.57800E+01  1.58147E+03
  2.57900E+01  1.58148E+03
  2.58000E+01  1.58150E+03
  2.58100E+01  1.58151E+03
  2.58200E+01  1.58153E+03
  2.58300E+01  1.58154E+03
  2.58400E+01  1.58156E+03
  2.58500E+01  1.58157E+03
  2.58600E+01  1.58159E+03
  2.58700E+01  1.58160E+03
  2.58800E+01  1.58162E+03
  2.58900E+01  1.58163E+03
  2.59000E+01  1.58165E+03
  2.59100E+01  1.58166E+03
  2.59200E+01  1.58168E+03
  2.59300E+01  1.58169E+03
  2.59400E+01  1.58171E+03
  2.59500E+01  1.58172E+03
  2.59600E+01  1.58174E+03
  2.59700E+01  1.58175E+03
  2.59800E+01  1.58177E+03
  2.59900E+01  1.58178E+03
  2.60000E+01  1.58180E+03
  2.60100E+01  1.58181E+03
  2.60200E+01  1.58183E+03
  2.60300E+01  1.58184E+03
  2.60400E+01  1.58185E+03
  2.60500E+01  1.58187E+03
  2.60600E+01  1.58188E+03
  2.60700E+01  1.58190E+03
  2.60800E+01  1.58191E+03
  2.60900E+01  1.58193E+03
  2.61000E+01  1.58194E+03
  2.61100E+01  1.58196E+03
  2.61200E+01  1.58197E+03
  2.61300E+01  1.58199E+03
  2.61400E+01  1.58200E+03
  2.61500E+01  1.58202E+03
  2.61600E+01  1.58203E+03
  2.61700E+01  1.58205E+03
  2.61800E+01  1.58206E+03
  2.61900E+01  1.58208E+03
  2.62000E+01  1.58209E+03
  2.62100E+01  1.58211E+03
  2.62200E+01  1.58212E+03
  2.62300E+01  1.58213E+03
  2.62400E+01  1.58215E+03
  2.62500E+01  1.58216E+03
  2.62600E+01  1.58218E+03
  2.62700E+01  1.58219E+03
  2.62800E+01  1.58221E+03
  2.62900E+01  1.58222E+03
  2.63000E+01  1.58224E+03
  2.63100E+01  1.58225E+03
  2.63200E+01  1.58227E+03
  2.63300E+01  1.58228E+03
  2.63400E+01  1.58229E+03
  2.63500E+01  1.58231E+03
  2.63600E+01  1.58232E+03
  2.63700E+01  1.58234E+03
  2.63800E+01  1.58235E+03
  2.63900E+01  1.58237E+03
  2.64000E+01  1.58238E+03
  2.64100E+01  1.58240E+03
  2.64200E+01  1.58241E+03
  2.64300E+01  1.58242E+03
  2.64400E+01  1.58244E+03
  2.64500E+01  1.58245E+03
  2.64600E+01  1.58247E+03
  2.64700E+01  1.58248E+03
  2.64800E+01  1.58250E+03
  2.64900E+01  1.58251E+03
  2.65000E+01  1.58253E+03
  2.65100E+01  1.58254E+03
  2.65200E+01  1.58255E+03
  2.65300E+01  1.58257E+03
  2.65400E+01  1.58258E+03
  2.65500E+01  1.58260E+03
  2.65600E+01  1.58261E+03
  2.65700E+01  1.58263E+03
  2.65800E+01  1.58264E+03
  2.65900E+01  1.58265E+03
  2.66000E+01  1.58267E+03
  2.66100E+01  1.58268E+03
  2.66200E+01  1.58270E+03
  2.66300E+01  1.58271E+03
  2.66400E+01  1.58273E+03
  2.66500E+01  1.58274E+03
  2.66600E+01  1.58275E+03
  2.66700E+01  1.58277E+03
  2.66800E+01  1.58278E+03
  2.66900E+01  1.58280E+03
  2.67000E+01  1.58281E+03
  2.67100E+01  1.58283E+03
  2.67200E+01  1.58284E+03
  2.67300E+01  1.58285E+03
  2.67400E+01  1.58287E+03
  2.67500E+01  1.58288E+03
  2.67600E+01  1.58290E+03
  2.67700E+01  1.58291E+03
  2.67800E+01  1.58293E+03
  2.67900E+01  1.58294E+03
  2.68000E+01  1.58295E+03
  2.68100E+01  1.58297E+03
  2.68200E+01  1.58298E+03
  2.68300E+01  1.58300E+03
  2.68400E+01  1.58301E+03
  2.68500E+01  1.58302E+03
  2.68600E+01  1.58304E+03
  2.68700E+01  1.58305E+03
  2.68800E+01  1.58307E+03
  2.68900E+01  1.58308E+03
  2.69000E+01  1.58309E+03
  2.69100E+01  1.58311E+03
  2.69200E+01  1.58312E+03
  2.69300E+01  1.58314E+03
  2.69400E+01  1.58315E+03
  2.69500E+01  1.58316E+03
  2.69600E+01  1.58318E+03
  2.69700E+01  1.58319E+03
  2.69800E+01  1.58321E+03
  2.69900E+01  1.58322E+03
  2.70000E+01  1.58323E+03
  2.70100E+01  1.58325E+03
  2.70200E+01  1.58326E+03
  2.70300E+01  1.58328E+03
  2.70400E+01  1.58329E+03
  2.70500E+01  1.58330E+03
  2.70600E+01  1.58332E+03
  2.70700E+01  1.58333E+03
  2.70800E+01  1.58335E+03
  2.70900E+01  1.58336E+03
  2.71000E+01  1.58337E+03
  2.71100E+01  1.58339E+03
  2.71200E+01  1.58340E+03
  2.71300E+01  1.58342E+03
  2.71400E+01  1.58343E+03
  2.71500E+01  1.58344E+03
  2.71600E+01  1.58346E+03
  2.71700E+01  1.58347E+03
  2.71800E+01  1.58349E+03
  2.71900E+01  1.58350E+03
  2.72000E+01  1.58351E+03
  2.72100E+01  1.58353E+03
  2.72200E+01  1.58354E+03
  2.72300E+01  1.58355E+03
  2.72400E+01  1.58357E+03
  2.72500E+01  1.58358E+03
  2.72600E+01  1.58360E+03
  2.72700E+01  1.58361E+03
  2.72800E+01  1.58362E+03
  2.72900E+01  1.58364E+03
  2.73000E+01  1.58365E+03
  2.73100E+01  1.58366E+03
  2.73200E+01  1.58368E+03
  2.73300E+01  1.58369E+03
  2.73400E+01  1.58371E+03
  2.73500E+01  1.58372E+03
  2.73600E+01  1.58373E+03
  2.73700E+01  1.58375E+03
  2.73800E+01  1.58376E+03
  2.73900E+01  1.58377E+03
  2.74000E+01  1.58379E+03
  2.74100E+01  1.58380E+03
  2.74200E+01  1.58382E+03
  2.74300E+01  1.58383E+03
  2.74400E+01  1.58384E+03
  2.74500E+01  1.58386E+03
  2.74600E+01  1.58387E+03
  2.74700E+01  1.58388E+03
  2.74800E+01  1.58390E+03
  2.74900E+01  1.58391E+03
  2.75000E+01  1.58392E+03
  2.75100E+01  1.58394E+03
  2.75200E+01  1.58395E+03
  2.75300E+01  1.58397E+03
  2.75400E+01  1.58398E+03
  2.75500E+01  1.58399E+03
  2.75600E+01  1.58401E+03
  2.75700E+01  1.58402E+03
  2.75800E+01  1.58403E+03
  2.75900E+01  1.58405E+03
  2.76000E+01  1.58406E+03
  2.76100E+01  1.58407E+03
  2.76200E+01  1.58409E+03
  2.76300E+01  1.58410E+03
  2.76400E+01  1.58411E+03
  2.76500E+01  1.58413E+03
  2.76600E+01  1.58414E+03
  2.76700E+01  1.58416E+03
  2.76800E+01  1.58417E+03
  2.76900E+01  1.58418E+03
  2.77000E+01  1.58420E+03
  2.77100E+01  1.58421E+03
  2.77200E+01  1.58422E+03
  2.77300E+01  1.58424E+03
  2.77400E+01  1.58425E+03
  2.77500E+01  1.58426E+03
  2.77600E+01  1.58428E+03
  2.77700E+01  1.58429E+03
  2.77800E+01  1.58430E+03
  2.77900E+01  1.58432E+03
  2.78000E+01  1.58433E+03
  2.78100E+01  1.58434E+03
  2.78200E+01  1.58436E+03
  2.78300E+01  1.58437E+03
  2.78400E+01  1.58438E+03
  2.78500E+01  1.58440E+03
  2.78600E+01  1.58441E+03
  2.78700E+01  1.58442E+03
  2.78800E+01  1.58444E+03
  2.78900E+01  1.58445E+03
  2.79000E+01  1.58446E+03
  2.79100E+01  1.58448E+03
  2.79200E+01  1.58449E+03
  2.79300E+01  1.58450E+03
  2.79400E+01  1.58452E+03
  2.79500E+01  1.58453E+03
  2.79600E+01  1.58454E+03
  2.79700E+01  1.58456E+03
  2.79800E+01  1.58457E+03
  2.79900E+01  1.58458E+03
  2.80000E+01  1.58460E+03
  2.80100E+01  1.58461E+03
  2.80200E+01  1.58462E+03
  2.80300E+01  1.58464E+03
  2.80400E+01  1.58465E+03
  2.80500E+01  1.58466E+03
  2.80600E+01  1.58468E+03
  2.80700E+01  1.58469E+03
  2.80800E+01  1.58470E+03
  2.80900E+01  1.58471E+03
  2.81000E+01  1.58473E+03
  2.81100E+01  1.58474E+03
  2.81200E+01  1.58475E+03
  2.81300E+01  1.58477E+03
  2.81400E+01  1.58478E+03
  2.81500E+01  1.58479E+03
  2.81600E+01  1.58481E+03
  2.81700E+01  1.58482E+03
  2.81800E+01  1.58483E+03
  2.81900E+01  1.58485E+03
  2.82000E+01  1.58486E+03
  2.82100E+01  1.58487E+03
  2.82200E+01  1.58489E+03
  2.82300E+01  1.58490E+03
  2.82400E+01  1.58491E+03
  2.82500E+01  1.58492E+03
  2.82600E+01  1.58494E+03
  2.82700E+01  1.58495E+03
  2.82800E+01  1.58496E+03
  2.82900E+01  1.58498E+03
  2.83000E+01  1.58499E+03
  2.83100E+01  1.58500E+03
  2.83200E+01  1.58502E+03
  2.83300E+01  1.58503E+03
  2.83400E+01  1.58504E+03
  2.83500E+01  1.58505E+03
  2.83600E+01  1.58507E+03
  2.83700E+01  1.58508E+03
  2.83800E+01  1.58509E+03
  2.83900E+01  1.58511E+03
  2.84000E+01  1.58512E+03
  2.84100E+01  1.58513E+03
  2.84200E+01  1.58515E+03
  2.84300E+01  1.58516E+03
  2.84400E+01  1.58517E+03
  2.84500E+01  1.58518E+03
  2.84600E+01  1.58520E+03
  2.84700E+01  1.58521E+03
  2.84800E+01  1.58522E+03
  2.84900E+01  1.58524E+03
  2.85000E+01  1.58525E+03
  2.85100E+01  1.58526E+03
  2.85200E+01  1.58527E+03
  2.85300E+01  1.58529E+03
  2.85400E+01  1.58530E+03
  2.85500E+01  1.58531E+03
  2.85600E+01  1.58533E+03
  2.85700E+01  1.58534E+03
  2.85800E+01  1.58535E+03
  2.85900E+01  1.58536E+03
  2.86000E+01  1.58538E+03
  2.86100E+01  1.58539E+03
  2.86200E+01  1.58540E+03
  2.86300E+01  1.58542E+03
  2.86400E+01  1.58543E+03
  2.86500E+01  1.58544E+03
  2.86600E+01  1.58545E+03
  2.86700E+01  1.58547E+03
  2.86800E+01  1.58548E+03
  2.86900E+01  1.58549E+03
  2.87000E+01  1.58551E+03
  2.87100E+01  1.58552E+03
  2.87200E+01  1.58553E+03
  2.87300E+01  1.58554E+03
  2.87400E+01  1.58556E+03
  2.87500E+01  1.58557E+03
  2.87600E+01  1.58558E+03
  2.87700E+01  1.58559E+03
  2.87800E+01  1.58561E+03
  2.87900E+01  1.58562E+03
  2.88000E+01  1.58563E+03
  2.88100E+01  1.58565E+03
  2.88200E+01  1.58566E+03
  2.88300E+01  1.58567E+03
  2.88400E+01  1.58568E+03
  2.88500E+01  1.58570E+03
  2.88600E+01  1.58571E+03
  2.88700E+01  1.58572E+03
  2.88800E+01  1.58573E+03
  2.88900E+01  1.58575E+03
  2.89000E+01  1.58576E+03
  2.89100E+01  1.58577E+03
  2.89200E+01  1.58578E+03
  2.89300E+01  1.58580E+03
  2.89400E+01  1.58581E+03
  2.89500E+01  1.58582E+03
  2.89600E+01  1.58583E+03
  2.89700E+01  1.58585E+03
  2.89800E+01  1.58586E+03
  2.89900E+01  1.58587E+03
  2.90000E+01  1.58588E+03
  2.90100E+01  1.58590E+03
  2.90200E+01  1.58591E+03
  2.90300E+01  1.58592E+03
  2.90400E+01  1.58594E+03
  2.90500E+01  1.58595E+03
  2.90600E+01  1.58596E+03
  2.90700E+01  1.58597E+03
  2.90800E+01  1.58599E+03
  2.90900E+01  1.58600E+03
  2.91000E+01  1.58601E+03
  2.91100E+01  1.58602E+03
  2.91200E+01  1.58604E+03
  2.91300E+01  1.58605E+03
  2.91400E+01  1.58606E+03
  2.91500E+01  1.58607E+03
  2.91600E+01  1.58609E+03
  2.91700E+01  1.58610E+03
  2.91800E+01  1.58611E+03
  2.91900E+01  1.58612E+03
  2.92000E+01  1.58613E+03
  2.92100E+01  1.58615E+03
  2.92200E+01  1.58616E+03
  2.92300E+01  1.58617E+03
  2.92400E+01  1.58618E+03
  2.92500E+01  1.58620E+03
  2.92600E+01  1.58621E+03
  2.92700E+01  1.58622E+03
  2.92800E+01  1.58623E+03
  2.92900E+01  1.58625E+03
  2.93000E+01  1.58626E+03
  2.93100E+01  1.58627E+03
  2.93200E+01  1.58628E+03
  2.93300E+01  1.58630E+03
  2.93400E+01  1.58631E+03
  2.93500E+01  1.58632E+03
  2.93600E+01  1.58633E+03
  2.93700E+01  1.58635E+03
  2.93800E+01  1.58636E+03
  2.93900E+01  1.58637E+03
  2.94000E+01  1.58638E+03
  2.94100E+01  1.58639E+03
  2.94200E+01  1.58641E+03
  2.94300E+01  1.58642E+03
  2.94400E+01  1.58643E+03
  2.94500E+01  1.58644E+03
  2.94600E+01  1.58646E+03
  2.94700E+01  1.58647E+03
  2.94800E+01  1.58648E+03
  2.94900E+01  1.58649E+03
  2.95000E+01  1.58650E+03
  2.95100E+01  1.58652E+03
  2.95200E+01  1.58653E+03
  2.95300E+01  1.58654E+03
  2.95400E+01  1.58655E+03
  2.95500E+01  1.58657E+03
  2.95600E+01  1.58658E+03
  2.95700E+01  1.58659E+03
  2.95800E+01  1.58660E+03
  2.95900E+01  1.58661E+03
  2.96000E+01  1.58663E+03
  2.96100E+01  1.58664E+03
  2.96200E+01  1.58665E+03
  2.96300E+01  1.58666E+03
  2.96400E+01  1.58668E+03
  2.96500E+01  1.58669E+03
  2.96600E+01  1.58670E+03
  2.96700E+01  1.58671E+03
  2.96800E+01  1.58672E+03
  2.96900E+01  1.58674E+03
  2.97000E+01  1.58675E+03
  2.97100E+01  1.58676E+03
  2.97200E+01  1.58677E+03
  2.97300E+01  1.58678E+03
  2.97400E+01  1.58680E+03
  2.97500E+01  1.58681E+03
  2.97600E+01  1.58682E+03
  2.97700E+01  1.58683E+03
  2.97800E+01  1.58684E+03
  2.97900E+01  1.58686E+03
  2.98000E+01  1.58687E+03
  2.98100E+01  1.58688E+03
  2.98200E+01  1.58689E+03
  2.98300E+01  1.58690E+03
  2.98400E+01  1.58692E+03
  2.98500E+01  1.58693E+03
  2.98600E+01  1.58694E+03
  2.98700E+01  1.58695E+03
  2.98800E+01  1.58696E+03
  2.98900E+01  1.58698E+03
  2.99000E+01  1.58699E+03
  2.99100E+01  1.58700E+03
  2.99200E+01  1.58701E+03
  2.99300E+01  1.58702E+03
  2.99400E+01  1.58704E+03
  2.99500E+01  1.58705E+03
  2.99600E+01  1.58706E+03
  2.99700E+01  1.58707E+03
  2.99800E+01  1.58708E+03
  2.99900E+01  1.58710E+03
  3.00000E+01  1.58711E+03
  3.00100E+01  1.58712E+03
  3.00200E+01  1.58713E+03
  3.00300E+01  1.58714E+03
  3.00400E+01  1.58716E+03
  3.00500E+01  1.58717E+03
  3.00600E+01  1.58718E+03
  3.00700E+01  1.58719E+03
  3.00800E+01  1.58720E+03
  3.00900E+01  1.58721E+03
  3.01000E+01  1.58723E+03
  3.01100E+01  1.58724E+03
  3.01200E+01  1.58725E+03
  3.01300E+01  1.58726E+03
  3.01400E+01  1.58727E+03
  3.01500E+01  1.58729E+03
  3.01600E+01  1.58730E+03
  3.01700E+01  1.58731E+03
  3.01800E+01  1.58732E+03
  3.01900E+01  1.58733E+03
  3.02000E+01  1.58734E+03
  3.02100E+01  1.58736E+03
  3.02200E+01  1.58737E+03
  3.02300E+01  1.58738E+03
  3.02400E+01  1.58739E+03
  3.02500E+01  1.58740E+03
  3.02600E+01  1.58742E+03
  3.02700E+01  1.58743E+03
  3.02800E+01  1.58744E+03
  3.02900E+01  1.58745E+03
  3.03000E+01  1.58746E+03
  3.03100E+01  1.58747E+03
  3.03200E+01  1.58749E+03
  3.03300E+01  1.58750E+03
  3.03400E+01  1.58751E+03
  3.03500E+01  1.58752E+03
  3.03600E+01  1.58753E+03
  3.03700E+01  1.58754E+03
  3.03800E+01  1.58756E+03
  3.03900E+01  1.58757E+03
  3.04000E+01  1.58758E+03
  3.04100E+01  1.58759E+03
  3.04200E+01  1.58760E+03
  3.04300E+01  1.58761E+03
  3.04400E+01  1.58763E+03
  3.04500E+01  1.58764E+03
  3.04600E+01  1.58765E+03
  3.04700E+01  1.58766E+03
  3.04800E+01  1.58767E+03
  3.04900E+01  1.58768E+03
  3.05000E+01  1.58770E+03
  3.05100E+01  1.58771E+03
  3.05200E+01  1.58772E+03
  3.05300E+01  1.58773E+03
  3.05400E+01  1.58774E+03
  3.05500E+01  1.58775E+03
  3.05600E+01  1.58777E+03
  3.05700E+01  1.58778E+03
  3.05800E+01  1.58779E+03
  3.05900E+01  1.58780E+03
  3.06000E+01  1.58781E+03
  3.06100E+01  1.58782E+03
  3.06200E+01  1.58783E+03
  3.06300E+01  1.58785E+03
  3.06400E+01  1.58786E+03
  3.06500E+01  1.58787E+03
  3.06600E+01  1.58788E+03
  3.06700E+01  1.58789E+03
  3.06800E+01  1.58790E+03
  3.06900E+01  1.58792E+03
  3.07000E+01  1.58793E+03
  3.07100E+01  1.58794E+03
  3.07200E+01  1.58795E+03
  3.07300E+01  1.58796E+03
  3.07400E+01  1.58797E+03
  3.07500E+01  1.58798E+03
  3.07600E+01  1.58800E+03
  3.07700E+01  1.58801E+03
  3.07800E+01  1.58802E+03
  3.07900E+01  1.58803E+03
  3.08000E+01  1.58804E+03
  3.08100E+01  1.58805E+03
  3.08200E+01  1.58806E+03
  3.08300E+01  1.58808E+03
  3.08400E+01  1.58809E+03
  3.08500E+01  1.58810E+03
  3.08600E+01  1.58811E+03
  3.08700E+01  1.58812E+03
  3.08800E+01  1.58813E+03
  3.08900E+01  1.58814E+03
  3.09000E+01  1.58816E+03
  3.09100E+01  1.58817E+03
  3.09200E+01  1.58818E+03
  3.09300E+01  1.58819E+03
  3.09400E+01  1.58820E+03
  3.09500E+01  1.58821E+03
  3.09600E+01  1.58822E+03
  3.09700E+01  1.58824E+03
  3.09800E+01  1.58825E+03
  3.09900E+01  1.58826E+03
  3.10000E+01  1.58827E+03
  3.10100E+01  1.58828E+03
  3.10200E+01  1.58829E+03
  3.10300E+01  1.58830E+03
  3.10400E+01  1.58832E+03
  3.10500E+01  1.58833E+03
  3.10600E+01  1.58834E+03
  3.10700E+01  1.58835E+03
  3.10800E+01  1.58836E+03
  3.10900E+01  1.58837E+03
  3.11000E+01  1.58838E+03
  3.11100E+01  1.58839E+03
  3.11200E+01  1.58841E+03
  3.11300E+01  1.58842E+03
  3.11400E+01  1.58843E+03
  3.11500E+01  1.58844E+03
  3.11600E+01  1.58845E+03
  3.11700E+01  1.58846E+03
  3.11800E+01  1.58847E+03
  3.11900E+01  1.58848E+03
  3.12000E+01  1.58850E+03
  3.12100E+01  1.58851E+03
  3.12200E+01  1.58852E+03
  3.12300E+01  1.58853E+03
  3.12400E+01  1.58854E+03
  3.12500E+01  1.58855E+03
  3.12600E+01  1.58856E+03
  3.12700E+01  1.58857E+03
  3.12800E+01  1.58859E+03
  3.12900E+01  1.58860E+03
  3.13000E+01  1.58861E+03
  3.13100E+01  1.58862E+03
  3.13200E+01  1.58863E+03
  3.13300E+01  1.58864E+03
  3.13400E+01  1.58865E+03
  3.13500E+01  1.58866E+03
  3.13600E+01  1.58867E+03
  3.13700E+01  1.58869E+03
  3.13800E+01  1.58870E+03
  3.13900E+01  1.58871E+03
  3.14000E+01  1.58872E+03
  3.14100E+01  1.58873E+03
  3.14200E+01  1.58874E+03
  3.14300E+01  1.58875E+03
  3.14400E+01  1.58876E+03
  3.14500E+01  1.58877E+03
  3.14600E+01  1.58879E+03
  3.14700E+01  1.58880E+03
  3.14800E+01  1.58881E+03
  3.14900E+01  1.58882E+03
  3.15000E+01  1.58883E+03
  3.15100E+01  1.58884E+03
  3.15200E+01  1.58885E+03
  3.15300E+01  1.58886E+03
  3.15400E+01  1.58887E+03
  3.15500E+01  1.58889E+03
  3.15600E+01  1.58890E+03
  3.15700E+01  1.58891E+03
  3.15800E+01  1.58892E+03
  3.15900E+01  1.58893E+03
  3.16000E+01  1.58894E+03
  3.16100E+01  1.58895E+03
  3.16200E+01  1.58896E+03
  3.16300E+01  1.58897E+03
  3.16400E+01  1.58898E+03
  3.16500E+01  1.58900E+03
  3.16600E+01  1.58901E+03
  3.16700E+01  1.58902E+03
  3.16800E+01  1.58903E+03
  3.16900E+01  1.58904E+03
  3.17000E+01  1.58905E+03
  3.17100E+01  1.58906E+03
  3.17200E+01  1.58907E+03
  3.17300E+01  1.58908E+03
  3.17400E+01  1.58909E+03
  3.17500E+01  1.58911E+03
  3.17600E+01  1.58912E+03
  3.17700E+01  1.58913E+03
  3.17800E+01  1.58914E+03
  3.17900E+01  1.58915E+03
  3.18000E+01  1.58916E+03
  3.18100E+01  1.58917E+03
  3.18200E+01  1.58918E+03
  3.18300E+01  1.58919E+03
  3.18400E+01  1.58920E+03
  3.18500E+01  1.58921E+03
  3.18600E+01  1.58923E+03
  3.18700E+01  1.58924E+03
  3.18800E+01  1.58925E+03
  3.18900E+01  1.58926E+03
  3.19000E+01  1.58927E+03
  3.19100E+01  1.58928E+03
  3.19200E+01  1.58929E+03
  3.19300E+01  1.58930E+03
  3.19400E+01  1.58931E+03
  3.19500E+01  1.58932E+03
  3.19600E+01  1.58933E+03
  3.19700E+01  1.58935E+03
  3.19800E+01  1.58936E+03
  3.19900E+01  1.58937E+03
  3.20000E+01  1.58938E+03
  3.20100E+01  1.58939E+03
  3.20200E+01  1.58940E+03
  3.20300E+01  1.58941E+03
  3.20400E+01  1.58942E+03
  3.20500E+01  1.58943E+03
  3.20600E+01  1.58944E+03
  3.20700E+01  1.58945E+03
  3.20800E+01  1.58946E+03
  3.20900E+01  1.58948E+03
  3.21000E+01  1.58949E+03
  3.21100E+01  1.58950E+03
  3.21200E+01  1.58951E+03
  3.21300E+01  1.58952E+03
  3.21400E+01  1.58953E+03
  3.21500E+01  1.58954E+03
  3.21600E+01  1.58955E+03
  3.21700E+01  1.58956E+03
  3.21800E+01  1.58957E+03
  3.21900E+01  1.58958E+03
  3.22000E+01  1.58959E+03
  3.22100E+01  1.58960E+03
  3.22200E+01  1.58961E+03
  3.22300E+01  1.58963E+03
  3.22400E+01  1.58964E+03
  3.22500E+01  1.58965E+03
  3.22600E+01  1.58966E+03
  3.22700E+01  1.58967E+03
  3.22800E+01  1.58968E+03
  3.22900E+01  1.58969E+03
  3.23000E+01  1.58970E+03
  3.23100E+01  1.58971E+03
  3.23200E+01  1.58972E+03
  3.23300E+01  1.58973E+03
  3.23400E+01  1.58974E+03
  3.23500E+01  1.58975E+03
  3.23600E+01  1.58976E+03
  3.23700E+01  1.58977E+03
  3.23800E+01  1.58979E+03
  3.23900E+01  1.58980E+03
  3.24000E+01  1.58981E+03
  3.24100E+01  1.58982E+03
  3.24200E+01  1.58983E+03
  3.24300E+01  1.58984E+03
  3.24400E+01  1.58985E+03
  3.24500E+01  1.58986E+03
  3.24600E+01  1.58987E+03
  3.24700E+01  1.58988E+03
  3.24800E+01  1.58989E+03
  3.24900E+01  1.58990E+03
  3.25000E+01  1.58991E+03
  3.25100E+01  1.58992E+03
  3.25200E+01  1.58993E+03
  3.25300E+01  1.58994E+03
  3.25400E+01  1.58995E+03
  3.25500E+01  1.58997E+03
  3.25600E+01  1.58998E+03
  3.25700E+01  1.58999E+03
  3.25800E+01  1.59000E+03
  3.25900E+01  1.59001E+03
  3.26000E+01  1.59002E+03
  3.26100E+01  1.59003E+03
  3.26200E+01  1.59004E+03
  3.26300E+01  1.59005E+03
  3.26400E+01  1.59006E+03
  3.26500E+01  1.59007E+03
  3.26600E+01  1.59008E+03
  3.26700E+01  1.59009E+03
  3.26800E+01  1.59010E+03
  3.26900E+01  1.59011E+03
  3.27000E+01  1.59012E+03
  3.27100E+01  1.59013E+03
  3.27200E+01  1.59014E+03
  3.27300E+01  1.59015E+03
  3.27400E+01  1.59016E+03
  3.27500E+01  1.59017E+03
  3.27600E+01  1.59019E+03
  3.27700E+01  1.59020E+03
  3.27800E+01  1.59021E+03
  3.27900E+01  1.59022E+03
  3.28000E+01  1.59023E+03
  3.28100E+01  1.59024E+03
  3.28200E+01  1.59025E+03
  3.28300E+01  1.59026E+03
  3.28400E+01  1.59027E+03
  3.28500E+01  1.59028E+03
  3.28600E+01  1.59029E+03
  3.28700E+01  1.59030E+03
  3.28800E+01  1.59031E+03
  3.28900E+01  1.59032E+03
  3.29000E+01  1.59033E+03
  3.29100E+01  1.59034E+03
  3.29200E+01  1.59035E+03
  3.29300E+01  1.59036E+03
  3.29400E+01  1.59037E+03
  3.29500E+01  1.59038E+03
  3.29600E+01  1.59039E+03
  3.29700E+01  1.59040E+03
  3.29800E+01  1.59041E+03
  3.29900E+01  1.59042E+03
  3.30000E+01  1.59043E+03
  3.30100E+01  1.59044E+03
  3.30200E+01  1.59045E+03
  3.30300E+01  1.59047E+03
  3.30400E+01  1.59048E+03
  3.30500E+01  1.59049E+03
  3.30600E+01  1.59050E+03
  3.30700E+01  1.59051E+03
  3.30800E+01  1.59052E+03
  3.30900E+01  1.59053E+03
  3.31000E+01  1.59054E+03
  3.31100E+01  1.59055E+03
  3.31200E+01  1.59056E+03
  3.31300E+01  1.59057E+03
  3.31400E+01  1.59058E+03
  3.31500E+01  1.59059E+03
  3.31600E+01  1.59060E+03
  3.31700E+01  1.59061E+03
  3.31800E+01  1.59062E+03
  3.31900E+01  1.59063E+03
  3.32000E+01  1.59064E+03
  3.32100E+01  1.59065E+03
  3.32200E+01  1.59066E+03
  3.32300E+01  1.59067E+03
  3.32400E+01  1.59068E+03
  3.32500E+01  1.59069E+03
  3.32600E+01  1.59070E+03
  3.32700E+01  1.59071E+03
  3.32800E+01  1.59072E+03
  3.32900E+01  1.59073E+03
  3.33000E+01  1.59074E+03
  3.33100E+01  1.59075E+03
  3.33200E+01  1.59076E+03
  3.33300E+01  1.59077E+03
  3.33400E+01  1.59078E+03
  3.33500E+01  1.59079E+03
  3.33600E+01  1.59080E+03
  3.33700E+01  1.59081E+03
  3.33800E+01  1.59082E+03
  3.33900E+01  1.59083E+03
  3.34000E+01  1.59084E+03
  3.34100E+01  1.59085E+03
  3.34200E+01  1.59086E+03
  3.34300E+01  1.59087E+03
  3.34400E+01  1.59088E+03
  3.34500E+01  1.59089E+03
  3.34600E+01  1.59090E+03
  3.34700E+01  1.59091E+03
  3.34800E+01  1.59092E+03
  3.34900E+01  1.59093E+03
  3.35000E+01  1.59094E+03
  3.35100E+01  1.59095E+03
  3.35200E+01  1.59096E+03
  3.35300E+01  1.59097E+03
  3.35400E+01  1.59098E+03
  3.35500E+01  1.59099E+03
  3.35600E+01  1.59100E+03
  3.35700E+01  1.59101E+03
  3.35800E+01  1.59102E+03
  3.35900E+01  1.59103E+03
  3.36000E+01  1.59104E+03
  3.36100E+01  1.59105E+03
  3.36200E+01  1.59106E+03
  3.36300E+01  1.59107E+03
  3.36400E+01  1.59108E+03
  3.36500E+01  1.59109E+03
  3.36600E+01  1.59110E+03
  3.36700E+01  1.59111E+03
  3.36800E+01  1.59112E+03
  3.36900E+01  1.59113E+03
  3.37000E+01  1.59114E+03
  3.37100E+01  1.59115E+03
  3.37200E+01  1.59116E+03
  3.37300E+01  1.59117E+03
  3.37400E+01  1.59118E+03
  3.37500E+01  1.59119E+03
  3.37600E+01  1.59120E+03
  3.37700E+01  1.59121E+03
  3.37800E+01  1.59122E+03
  3.37900E+01  1.59123E+03
  3.38000E+01  1.59124E+03
  3.38100E+01  1.59125E+03
  3.38200E+01  1.59126E+03
  3.38300E+01  1.59127E+03
  3.38400E+01  1.59128E+03
  3.38500E+01  1.59129E+03
  3.38600E+01  1.59130E+03
  3.38700E+01  1.59131E+03
  3.38800E+01  1.59132E+03
  3.38900E+01  1.59133E+03
  3.39000E+01  1.59134E+03
  3.39100E+01  1.59135E+03
  3.39200E+01  1.59136E+03
  3.39300E+01  1.59137E+03
  3.39400E+01  1.59138E+03
  3.39500E+01  1.59139E+03
  3.39600E+01  1.59140E+03
  3.39700E+01  1.59141E+03
  3.39800E+01  1.59142E+03
  3.39900E+01  1.59143E+03
  3.40000E+01  1.59144E+03
  3.40100E+01  1.59145E+03
  3.40200E+01  1.59146E+03
  3.40300E+01  1.59147E+03
  3.40400E+01  1.59148E+03
  3.40500E+01  1.59149E+03
  3.40600E+01  1.59150E+03
  3.40700E+01  1.59151E+03
  3.40800E+01  1.59152E+03
  3.40900E+01  1.59153E+03
  3.41000E+01  1.59154E+03
  3.41100E+01  1.59155E+03
  3.41200E+01  1.59156E+03
  3.41300E+01  1.59157E+03
  3.41400E+01  1.59158E+03
  3.41500E+01  1.59159E+03
  3.41600E+01  1.59160E+03
  3.41700E+01  1.59161E+03
  3.41800E+01  1.59162E+03
  3.41900E+01  1.59163E+03
  3.42000E+01  1.59164E+03
  3.42100E+01  1.59165E+03
  3.42200E+01  1.59166E+03
  3.42300E+01  1.59167E+03
  3.42400E+01  1.59168E+03
  3.42500E+01  1.59169E+03
  3.42600E+01  1.59170E+03
  3.42700E+01  1.59171E+03
  3.42800E+01  1.59172E+03
  3.42900E+01  1.59173E+03
  3.43000E+01  1.59174E+03
  3.43100E+01  1.59175E+03
  3.43200E+01  1.59175E+03
  3.43300E+01  1.59176E+03
  3.43400E+01  1.59177E+03
  3.43500E+01  1.59178E+03
  3.43600E+01  1.59179E+03
  3.43700E+01  1.59180E+03
  3.43800E+01  1.59181E+03
  3.43900E+01  1.59182E+03
  3.44000E+01  1.59183E+03
  3.44100E+01  1.59184E+03
  3.44200E+01  1.59185E+03
  3.44300E+01  1.59186E+03
  3.44400E+01  1.59187E+03
  3.44500E+01  1.59188E+03
  3.44600E+01  1.59189E+03
  3.44700E+01  1.59190E+03
  3.44800E+01  1.59191E+03
  3.44900E+01  1.59192E+03
  3.45000E+01  1.59193E+03
  3.45100E+01  1.59194E+03
  3.45200E+01  1.59195E+03
  3.45300E+01  1.59196E+03
  3.45400E+01  1.59197E+03
  3.45500E+01  1.59198E+03
  3.45600E+01  1.59199E+03
  3.45700E+01  1.59200E+03
  3.45800E+01  1.59201E+03
  3.45900E+01  1.59202E+03
  3.46000E+01  1.59203E+03
  3.46100E+01  1.59203E+03
  3.46200E+01  1.59204E+03
  3.46300E+01  1.59205E+03
  3.46400E+01  1.59206E+03
  3.46500E+01  1.59207E+03
  3.46600E+01  1.59208E+03
  3.46700E+01  1.59209E+03
  3.46800E+01  1.59210E+03
  3.46900E+01  1.59211E+03
  3.47000E+01  1.59212E+03
  3.47100E+01  1.59213E+03
  3.47200E+01  1.59214E+03
  3.47300E+01  1.59215E+03
  3.47400E+01  1.59216E+03
  3.47500E+01  1.59217E+03
  3.47600E+01  1.59218E+03
  3.47700E+01  1.59219E+03
  3.47800E+01  1.59220E+03
  3.47900E+01  1.59221E+03
  3.48000E+01  1.59222E+03
  3.48100E+01  1.59223E+03
  3.48200E+01  1.59224E+03
  3.48300E+01  1.59224E+03
  3.48400E+01  1.59225E+03
  3.48500E+01  1.59226E+03
  3.48600E+01  1.59227E+03
  3.48700E+01  1.59228E+03
  3.48800E+01  1.59229E+03
  3.48900E+01  1.59230E+03
  3.49000E+01  1.59231E+03
  3.49100E+01  1.59232E+03
  3.49200E+01  1.59233E+03
  3.49300E+01  1.59234E+03
  3.49400E+01  1.59235E+03
  3.49500E+01  1.59236E+03
  3.49600E+01  1.59237E+03
  3.49700E+01  1.59238E+03
  3.49800E+01  1.59239E+03
  3.49900E+01  1.59240E+03
  3.50000E+01  1.59241E+03
  3.50100E+01  1.59242E+03
  3.50200E+01  1.59242E+03
  3.50300E+01  1.59243E+03
  3.50400E+01  1.59244E+03
  3.50500E+01  1.59245E+03
  3.50600E+01  1.59246E+03
  3.50700E+01  1.59247E+03
  3.50800E+01  1.59248E+03
  3.50900E+01  1.59249E+03
  3.51000E+01  1.59250E+03
  3.51100E+01  1.59251E+03
  3.51200E+01  1.59252E+03
  3.51300E+01  1.59253E+03
  3.51400E+01  1.59254E+03
  3.51500E+01  1.59255E+03
  3.51600E+01  1.59256E+03
  3.51700E+01  1.59257E+03
  3.51800E+01  1.59258E+03
  3.51900E+01  1.59258E+03
  3.52000E+01  1.59259E+03
  3.52100E+01  1.59260E+03
  3.52200E+01  1.59261E+03
  3.52300E+01  1.59262E+03
  3.52400E+01  1.59263E+03
  3.52500E+01  1.59264E+03
  3.52600E+01  1.59265E+03
  3.52700E+01  1.59266E+03
  3.52800E+01  1.59267E+03
  3.52900E+01  1.59268E+03
  3.53000E+01  1.59269E+03
  3.53100E+01  1.59270E+03
  3.53200E+01  1.59271E+03
  3.53300E+01  1.59272E+03
  3.53400E+01  1.59272E+03
  3.53500E+01  1.59273E+03
  3.53600E+01  1.59274E+03
  3.53700E+01  1.59275E+03
  3.53800E+01  1.59276E+03
  3.53900E+01  1.59277E+03
  3.54000E+01  1.59278E+03
  3.54100E+01  1.59279E+03
  3.54200E+01  1.59280E+03
  3.54300E+01  1.59281E+03
  3.54400E+01  1.59282E+03
  3.54500E+01  1.59283E+03
  3.54600E+01  1.59284E+03
  3.54700E+01  1.59285E+03
  3.54800E+01  1.59285E+03
  3.54900E+01  1.59286E+03
  3.55000E+01  1.59287E+03
  3.55100E+01  1.59288E+03
  3.55200E+01  1.59289E+03
  3.55300E+01  1.59290E+03
  3.55400E+01  1.59291E+03
  3.55500E+01  1.59292E+03
  3.55600E+01  1.59293E+03
  3.55700E+01  1.59294E+03
  3.55800E+01  1.59295E+03
  3.55900E+01  1.59296E+03
  3.56000E+01  1.59297E+03
  3.56100E+01  1.59297E+03
  3.56200E+01  1.59298E+03
  3.56300E+01  1.59299E+03
  3.56400E+01  1.59300E+03
  3.56500E+01  1.59301E+03
  3.56600E+01  1.59302E+03
  3.56700E+01  1.59303E+03
  3.56800E+01  1.59304E+03
  3.56900E+01  1.59305E+03
  3.57000E+01  1.59306E+03
  3.57100E+01  1.59307E+03
  3.57200E+01  1.59308E+03
  3.57300E+01  1.59308E+03
  3.57400E+01  1.59309E+03
  3.57500E+01  1.59310E+03
  3.57600E+01  1.59311E+03
  3.57700E+01  1.59312E+03
  3.57800E+01  1.59313E+03
  3.57900E+01  1.59314E+03
  3.58000E+01  1.59315E+03
  3.58100E+01  1.59316E+03
  3.58200E+01  1.59317E+03
  3.58300E+01  1.59318E+03
  3.58400E+01  1.59319E+03
  3.58500E+01  1.59319E+03
  3.58600E+01  1.59320E+03
  3.58700E+01  1.59321E+03
  3.58800E+01  1.59322E+03
  3.58900E+01  1.59323E+03
  3.59000E+01  1.59324E+03
  3.59100E+01  1.59325E+03
  3.59200E+01  1.59326E+03
  3.59300E+01  1.59327E+03
  3.59400E+01  1.59328E+03
  3.59500E+01  1.59329E+03
  3.59600E+01  1.59329E+03
  3.59700E+01  1.59330E+03
  3.59800E+01  1.59331E+03
  3.59900E+01  1.59332E+03
  3.60000E+01  1.59333E+03
  3.60100E+01  1.59334E+03
  3.60200E+01  1.59335E+03
  3.60300E+01  1.59336E+03
  3.60400E+01  1.59337E+03
  3.60500E+01  1.59338E+03
  3.60600E+01  1.59338E+03
  3.60700E+01  1.59339E+03
  3.60800E+01  1.59340E+03
  3.60900E+01  1.59341E+03
  3.61000E+01  1.59342E+03
  3.61100E+01  1.59343E+03
  3.61200E+01  1.59344E+03
  3.61300E+01  1.59345E+03
  3.61400E+01  1.59346E+03
  3.61500E+01  1.59347E+03
  3.61600E+01  1.59347E+03
  3.61700E+01  1.59348E+03
  3.61800E+01  1.59349E+03
  3.61900E+01  1.59350E+03
  3.62000E+01  1.59351E+03
  3.62100E+01  1.59352E+03
  3.62200E+01  1.59353E+03
  3.62300E+01  1.59354E+03
  3.62400E+01  1.59355E+03
  3.62500E+01  1.59356E+03
  3.62600E+01  1.59356E+03
  3.62700E+01  1.59357E+03
  3.62800E+01  1.59358E+03
  3.62900E+01  1.59359E+03
  3.63000E+01  1.59360E+03
  3.63100E+01  1.59361E+03
  3.63200E+01  1.59362E+03
  3.63300E+01  1.59363E+03
  3.63400E+01  1.59364E+03
  3.63500E+01  1.59364E+03
  3.63600E+01  1.59365E+03
  3.63700E+01  1.59366E+03
  3.63800E+01  1.59367E+03
  3.63900E+01  1.59368E+03
  3.64000E+01  1.59369E+03
  3.64100E+01  1.59370E+03
  3.64200E+01  1.59371E+03
  3.64300E+01  1.59372E+03
  3.64400E+01  1.59372E+03
  3.64500E+01  1.59373E+03
  3.64600E+01  1.59374E+03
  3.64700E+01  1.59375E+03
  3.64800E+01  1.59376E+03
  3.64900E+01  1.59377E+03
  3.65000E+01  1.59378E+03
  3.65100E+01  1.59379E+03
  3.65200E+01  1.59380E+03
  3.65300E+01  1.59380E+03
  3.65400E+01  1.59381E+03
  3.65500E+01  1.59382E+03
  3.65600E+01  1.59383E+03
  3.65700E+01  1.59384E+03
  3.65800E+01  1.59385E+03
  3.65900E+01  1.59386E+03
  3.66000E+01  1.59387E+03
  3.66100E+01  1.59388E+03
  3.66200E+01  1.59388E+03
  3.66300E+01  1.59389E+03
  3.66400E+01  1.59390E+03
  3.66500E+01  1.59391E+03
  3.66600E+01  1.59392E+03
  3.66700E+01  1.59393E+03
  3.66800E+01  1.59394E+03
  3.66900E+01  1.59395E+03
  3.67000E+01  1.59395E+03
  3.67100E+01  1.59396E+03
  3.67200E+01  1.59397E+03
  3.67300E+01  1.59398E+03
  3.67400E+01  1.59399E+03
  3.67500E+01  1.59400E+03
  3.67600E+01  1.59401E+03
  3.67700E+01  1.59402E+03
  3.67800E+01  1.59402E+03
  3.67900E+01  1.59403E+03
  3.68000E+01  1.59404E+03
  3.68100E+01  1.59405E+03
  3.68200E+01  1.59406E+03
  3.68300E+01  1.59407E+03
  3.68400E+01  1.59408E+03
  3.68500E+01  1.59409E+03
  3.68600E+01  1.59409E+03
  3.68700E+01  1.59410E+03
  3.68800E+01  1.59411E+03
  3.68900E+01  1.59412E+03
  3.69000E+01  1.59413E+03
  3.69100E+01  1.59414E+03
  3.69200E+01  1.59415E+03
  3.69300E+01  1.59416E+03
  3.69400E+01  1.59416E+03
  3.69500E+01  1.59417E+03
  3.69600E+01  1.59418E+03
  3.69700E+01  1.59419E+03
  3.69800E+01  1.59420E+03
  3.69900E+01  1.59421E+03
  3.70000E+01  1.59422E+03
  3.70100E+01  1.59423E+03
  3.70200E+01  1.59423E+03
  3.70300E+01  1.59424E+03
  3.70400E+01  1.59425E+03
  3.70500E+01  1.59426E+03
  3.70600E+01  1.59427E+03
  3.70700E+01  1.59428E+03
  3.70800E+01  1.59429E+03
  3.70900E+01  1.59429E+03
  3.71000E+01  1.59430E+03
  3.71100E+01  1.59431E+03
  3.71200E+01  1.59432E+03
  3.71300E+01  1.59433E+03
  3.71400E+01  1.59434E+03
  3.71500E+01  1.59435E+03
  3.71600E+01  1.59435E+03
  3.71700E+01  1.59436E+03
  3.71800E+01  1.59437E+03
  3.71900E+01  1.59438E+03
  3.72000E+01  1.59439E+03
  3.72100E+01  1.59440E+03
  3.72200E+01  1.59441E+03
  3.72300E+01  1.59442E+03
  3.72400E+01  1.59442E+03
  3.72500E+01  1.59443E+03
  3.72600E+01  1.59444E+03
  3.72700E+01  1.59445E+03
  3.72800E+01  1.59446E+03
  3.72900E+01  1.59447E+03
  3.73000E+01  1.59448E+03
  3.73100E+01  1.59448E+03
  3.73200E+01  1.59449E+03
  3.73300E+01  1.59450E+03
  3.73400E+01  1.59451E+03
  3.73500E+01  1.59452E+03
  3.73600E+01  1.59453E+03
  3.73700E+01  1.59454E+03
  3.73800E+01  1.59454E+03
  3.73900E+01  1.59455E+03
  3.74000E+01  1.59456E+03
  3.74100E+01  1.59457E+03
  3.74200E+01  1.59458E+03
  3.74300E+01  1.59459E+03
  3.74400E+01  1.59459E+03
  3.74500E+01  1.59460E+03
  3.74600E+01  1.59461E+03
  3.74700E+01  1.59462E+03
  3.74800E+01  1.59463E+03
  3.74900E+01  1.59464E+03
  3.75000E+01  1.59465E+03
  3.75100E+01  1.59465E+03
  3.75200E+01  1.59466E+03
  3.75300E+01  1.59467E+03
  3.75400E+01  1.59468E+03
  3.75500E+01  1.59469E+03
  3.75600E+01  1.59470E+03
  3.75700E+01  1.59471E+03
  3.75800E+01  1.59471E+03
  3.75900E+01  1.59472E+03
  3.76000E+01  1.59473E+03
  3.76100E+01  1.59474E+03
  3.76200E+01  1.59475E+03
  3.76300E+01  1.59476E+03
  3.76400E+01  1.59476E+03
  3.76500E+01  1.59477E+03
  3.76600E+01  1.59478E+03
  3.76700E+01  1.59479E+03
  3.76800E+01  1.59480E+03
  3.76900E+01  1.59481E+03
  3.77000E+01  1.59482E+03
  3.77100E+01  1.59482E+03
  3.77200E+01  1.59483E+03
  3.77300E+01  1.59484E+03
  3.77400E+01  1.59485E+03
  3.77500E+01  1.59486E+03
  3.77600E+01  1.59487E+03
  3.77700E+01  1.59487E+03
  3.77800E+01  1.59488E+03
  3.77900E+01  1.59489E+03
  3.78000E+01  1.59490E+03
  3.78100E+01  1.59491E+03
  3.78200E+01  1.59492E+03
  3.78300E+01  1.59492E+03
  3.78400E+01  1.59493E+03
  3.78500E+01  1.59494E+03
  3.78600E+01  1.59495E+03
  3.78700E+01  1.59496E+03
  3.78800E+01  1.59497E+03
  3.78900E+01  1.59497E+03
  3.79000E+01  1.59498E+03
  3.79100E+01  1.59499E+03
  3.79200E+01  1.59500E+03
  3.79300E+01  1.59501E+03
  3.79400E+01  1.59502E+03
  3.79500E+01  1.59502E+03
  3.79600E+01  1.59503E+03
  3.79700E+01  1.59504E+03
  3.79800E+01  1.59505E+03
  3.79900E+01  1.59506E+03
  3.80000E+01  1.59507E+03
  3.80100E+01  1.59507E+03
  3.80200E+01  1.59508E+03
  3.80300E+01  1.59509E+03
  3.80400E+01  1.59510E+03
  3.80500E+01  1.59511E+03
  3.80600E+01  1.59512E+03
  3.80700E+01  1.59512E+03
  3.80800E+01  1.59513E+03
  3.80900E+01  1.59514E+03
  3.81000E+01  1.59515E+03
  3.81100E+01  1.59516E+03
  3.81200E+01  1.59517E+03
  3.81300E+01  1.59517E+03
  3.81400E+01  1.59518E+03
  3.81500E+01  1.59519E+03
  3.81600E+01  1.59520E+03
  3.81700E+01  1.59521E+03
  3.81800E+01  1.59522E+03
  3.81900E+01  1.59522E+03
  3.82000E+01  1.59523E+03
  3.82100E+01  1.59524E+03
  3.82200E+01  1.59525E+03
  3.82300E+01  1.59526E+03
  3.82400E+01  1.59527E+03
  3.82500E+01  1.59527E+03
  3.82600E+01  1.59528E+03
  3.82700E+01  1.59529E+03
  3.82800E+01  1.59530E+03
  3.82900E+01  1.59531E+03
  3.83000E+01  1.59531E+03
  3.83100E+01  1.59532E+03
  3.83200E+01  1.59533E+03
  3.83300E+01  1.59534E+03
  3.83400E+01  1.59535E+03
  3.83500E+01  1.59536E+03
  3.83600E+01  1.59536E+03
  3.83700E+01  1.59537E+03
  3.83800E+01  1.59538E+03
  3.83900E+01  1.59539E+03
  3.84000E+01  1.59540E+03
  3.84100E+01  1.59541E+03
  3.84200E+01  1.59541E+03
  3.84300E+01  1.59542E+03
  3.84400E+01  1.59543E+03
  3.84500E+01  1.59544E+03
  3.84600E+01  1.59545E+03
  3.84700E+01  1.59545E+03
  3.84800E+01  1.59546E+03
  3.84900E+01  1.59547E+03
  3.85000E+01  1.59548E+03
  3.85100E+01  1.59549E+03
  3.85200E+01  1.59550E+03
  3.85300E+01  1.59550E+03
  3.85400E+01  1.59551E+03
  3.85500E+01  1.59552E+03
  3.85600E+01  1.59553E+03
  3.85700E+01  1.59554E+03
  3.85800E+01  1.59554E+03
  3.85900E+01  1.59555E+03
  3.86000E+01  1.59556E+03
  3.86100E+01  1.59557E+03
  3.86200E+01  1.59558E+03
  3.86300E+01  1.59558E+03
  3.86400E+01  1.59559E+03
  3.86500E+01  1.59560E+03
  3.86600E+01  1.59561E+03
  3.86700E+01  1.59562E+03
  3.86800E+01  1.59563E+03
  3.86900E+01  1.59563E+03
  3.87000E+01  1.59564E+03
  3.87100E+01  1.59565E+03
  3.87200E+01  1.59566E+03
  3.87300E+01  1.59567E+03
  3.87400E+01  1.59567E+03
  3.87500E+01  1.59568E+03
  3.87600E+01  1.59569E+03
  3.87700E+01  1.59570E+03
  3.87800E+01  1.59571E+03
  3.87900E+01  1.59571E+03
  3.88000E+01  1.59572E+03
  3.88100E+01  1.59573E+03
  3.88200E+01  1.59574E+03
  3.88300E+01  1.59575E+03
  3.88400E+01  1.59575E+03
  3.88500E+01  1.59576E+03
  3.88600E+01  1.59577E+03
  3.88700E+01  1.59578E+03
  3.88800E+01  1.59579E+03
  3.88900E+01  1.59579E+03
  3.89000E+01  1.59580E+03
  3.89100E+01  1.59581E+03
  3.89200E+01  1.59582E+03
  3.89300E+01  1.59583E+03
  3.89400E+01  1.59583E+03
  3.89500E+01  1.59584E+03
  3.89600E+01  1.59585E+03
  3.89700E+01  1.59586E+03
  3.89800E+01  1.59587E+03
  3.89900E+01  1.59588E+03
  3.90000E+01  1.59588E+03
  3.90100E+01  1.59589E+03
  3.90200E+01  1.59590E+03
  3.90300E+01  1.59591E+03
  3.90400E+01  1.59592E+03
  3.90500E+01  1.59592E+03
  3.90600E+01  1.59593E+03
  3.90700E+01  1.59594E+03
  3.90800E+01  1.59595E+03
  3.90900E+01  1.59596E+03
  3.91000E+01  1.59596E+03
  3.91100E+01  1.59597E+03
  3.91200E+01  1.59598E+03
  3.91300E+01  1.59599E+03
  3.91400E+01  1.59599E+03
  3.91500E+01  1.59600E+03
  3.91600E+01  1.59601E+03
  3.91700E+01  1.59602E+03
  3.91800E+01  1.59603E+03
  3.91900E+01  1.59603E+03
  3.92000E+01  1.59604E+03
  3.92100E+01  1.59605E+03
  3.92200E+01  1.59606E+03
  3.92300E+01  1.59607E+03
  3.92400E+01  1.59607E+03
  3.92500E+01  1.59608E+03
  3.92600E+01  1.59609E+03
  3.92700E+01  1.59610E+03
  3.92800E+01  1.59611E+03
  3.92900E+01  1.59611E+03
  3.93000E+01  1.59612E+03
  3.93100E+01  1.59613E+03
  3.93200E+01  1.59614E+03
  3.93300E+01  1.59615E+03
  3.93400E+01  1.59615E+03
  3.93500E+01  1.59616E+03
  3.93600E+01  1.59617E+03
  3.93700E+01  1.59618E+03
  3.93800E+01  1.59619E+03
  3.93900E+01  1.59619E+03
  3.94000E+01  1.59620E+03
  3.94100E+01  1.59621E+03
  3.94200E+01  1.59622E+03
  3.94300E+01  1.59622E+03
  3.94400E+01  1.59623E+03
  3.94500E+01  1.59624E+03
  3.94600E+01  1.59625E+03
  3.94700E+01  1.59626E+03
  3.94800E+01  1.59626E+03
  3.94900E+01  1.59627E+03
  3.95000E+01  1.59628E+03
  3.95100E+01  1.59629E+03
  3.95200E+01  1.59630E+03
  3.95300E+01  1.59630E+03
  3.95400E+01  1.59631E+03
  3.95500E+01  1.59632E+03
  3.95600E+01  1.59633E+03
  3.95700E+01  1.59633E+03
  3.95800E+01  1.59634E+03
  3.95900E+01  1.59635E+03
  3.96000E+01  1.59636E+03
  3.96100E+01  1.59637E+03
  3.96200E+01  1.59637E+03
  3.96300E+01  1.59638E+03
  3.96400E+01  1.59639E+03
  3.96500E+01  1.59640E+03
  3.96600E+01  1.59641E+03
  3.96700E+01  1.59641E+03
  3.96800E+01  1.59642E+03
  3.96900E+01  1.59643E+03
  3.97000E+01  1.59644E+03
  3.97100E+01  1.59644E+03
  3.97200E+01  1.59645E+03
  3.97300E+01  1.59646E+03
  3.97400E+01  1.59647E+03
  3.97500E+01  1.59648E+03
  3.97600E+01  1.59648E+03
  3.97700E+01  1.59649E+03
  3.97800E+01  1.59650E+03
  3.97900E+01  1.59651E+03
  3.98000E+01  1.59651E+03
  3.98100E+01  1.59652E+03
  3.98200E+01  1.59653E+03
  3.98300E+01  1.59654E+03
  3.98400E+01  1.59655E+03
  3.98500E+01  1.59655E+03
  3.98600E+01  1.59656E+03
  3.98700E+01  1.59657E+03
  3.98800E+01  1.59658E+03
  3.98900E+01  1.59658E+03
  3.99000E+01  1.59659E+03
  3.99100E+01  1.59660E+03
  3.99200E+01  1.59661E+03
  3.99300E+01  1.59661E+03
  3.99400E+01  1.59662E+03
  3.99500E+01  1.59663E+03
  3.99600E+01  1.59664E+03
  3.99700E+01  1.59665E+03
  3.99800E+01  1.59665E+03
  3.99900E+01  1.59666E+03
  4.00000E+01  1.59667E+03
  4.00100E+01  1.59668E+03
  4.00200E+01  1.59668E+03
  4.00300E+01  1.59669E+03
  4.00400E+01  1.59670E+03
  4.00500E+01  1.59671E+03
  4.00600E+01  1.59672E+03
  4.00700E+01  1.59672E+03
  4.00800E+01  1.59673E+03
  4.00900E+01  1.59674E+03
  4.01000E+01  1.59675E+03
  4.01100E+01  1.59675E+03
  4.01200E+01  1.59676E+03
  4.01300E+01  1.59677E+03
  4.01400E+01  1.59678E+03
  4.01500E+01  1.59678E+03
  4.01600E+01  1.59679E+03
  4.01700E+01  1.59680E+03
  4.01800E+01  1.59681E+03
  4.01900E+01  1.59681E+03
  4.02000E+01  1.59682E+03
  4.02100E+01  1.59683E+03
  4.02200E+01  1.59684E+03
  4.02300E+01  1.59685E+03
  4.02400E+01  1.59685E+03
  4.02500E+01  1.59686E+03
  4.02600E+01  1.59687E+03
  4.02700E+01  1.59688E+03
  4.02800E+01  1.59688E+03
  4.02900E+01  1.59689E+03
  4.03000E+01  1.59690E+03
  4.03100E+01  1.59691E+03
  4.03200E+01  1.59691E+03
  4.03300E+01  1.59692E+03
  4.03400E+01  1.59693E+03
  4.03500E+01  1.59694E+03
  4.03600E+01  1.59694E+03
  4.03700E+01  1.59695E+03
  4.03800E+01  1.59696E+03
  4.03900E+01  1.59697E+03
  4.04000E+01  1.59698E+03
  4.04100E+01  1.59698E+03
  4.04200E+01  1.59699E+03
  4.04300E+01  1.59700E+03
  4.04400E+01  1.59701E+03
  4.04500E+01  1.59701E+03
  4.04600E+01  1.59702E+03
  4.04700E+01  1.59703E+03
  4.04800E+01  1.59704E+03
  4.04900E+01  1.59704E+03
  4.05000E+01  1.59705E+03
  4.05100E+01  1.59706E+03
  4.05200E+01  1.59707E+03
  4.05300E+01  1.59707E+03
  4.05400E+01  1.59708E+03
  4.05500E+01  1.59709E+03
  4.05600E+01  1.59710E+03
  4.05700E+01  1.59710E+03
  4.05800E+01  1.59711E+03
  4.05900E+01  1.59712E+03
  4.06000E+01  1.59713E+03
  4.06100E+01  1.59713E+03
  4.06200E+01  1.59714E+03
  4.06300E+01  1.59715E+03
  4.06400E+01  1.59716E+03
  4.06500E+01  1.59716E+03
  4.06600E+01  1.59717E+03
  4.06700E+01  1.59718E+03
  4.06800E+01  1.59719E+03
  4.06900E+01  1.59719E+03
  4.07000E+01  1.59720E+03
  4.07100E+01  1.59721E+03
  4.07200E+01  1.59722E+03
  4.07300E+01  1.59722E+03
  4.07400E+01  1.59723E+03
  4.07500E+01  1.59724E+03
  4.07600E+01  1.59725E+03
  4.07700E+01  1.59725E+03
  4.07800E+01  1.59726E+03
  4.07900E+01  1.59727E+03
  4.08000E+01  1.59728E+03
  4.08100E+01  1.59728E+03
  4.08200E+01  1.59729E+03
  4.08300E+01  1.59730E+03
  4.08400E+01  1.59731E+03
  4.08500E+01  1.59731E+03
  4.08600E+01  1.59732E+03
  4.08700E+01  1.59733E+03
  4.08800E+01  1.59734E+03
  4.08900E+01  1.59734E+03
  4.09000E+01  1.59735E+03
  4.09100E+01  1.59736E+03
  4.09200E+01  1.59737E+03
  4.09300E+01  1.59737E+03
  4.09400E+01  1.59738E+03
  4.09500E+01  1.59739E+03
  4.09600E+01  1.59740E+03
  4.09700E+01  1.59740E+03
  4.09800E+01  1.59741E+03
  4.09900E+01  1.59742E+03
  4.10000E+01  1.59743E+03
  4.10100E+01  1.59743E+03
  4.10200E+01  1.59744E+03
  4.10300E+01  1.59745E+03
  4.10400E+01  1.59746E+03
  4.10500E+01  1.59746E+03
  4.10600E+01  1.59747E+03
  4.10700E+01  1.59748E+03
  4.10800E+01  1.59749E+03
  4.10900E+01  1.59749E+03
  4.11000E+01  1.59750E+03
  4.11100E+01  1.59751E+03
  4.11200E+01  1.59751E+03
  4.11300E+01  1.59752E+03
  4.11400E+01  1.59753E+03
  4.11500E+01  1.59754E+03
  4.11600E+01  1.59754E+03
  4.11700E+01  1.59755E+03
  4.11800E+01  1.59756E+03
  4.11900E+01  1.59757E+03
  4.12000E+01  1.59757E+03
  4.12100E+01  1.59758E+03
  4.12200E+01  1.59759E+03
  4.12300E+01  1.59760E+03
  4.12400E+01  1.59760E+03
  4.12500E+01  1.59761E+03
  4.12600E+01  1.59762E+03
  4.12700E+01  1.59763E+03
  4.12800E+01  1.59763E+03
  4.12900E+01  1.59764E+03
  4.13000E+01  1.59765E+03
  4.13100E+01  1.59765E+03
  4.13200E+01  1.59766E+03
  4.13300E+01  1.59767E+03
  4.13400E+01  1.59768E+03
  4.13500E+01  1.59768E+03
  4.13600E+01  1.59769E+03
  4.13700E+01  1.59770E+03
  4.13800E+01  1.59771E+03
  4.13900E+01  1.59771E+03
  4.14000E+01  1.59772E+03
  4.14100E+01  1.59773E+03
  4.14200E+01  1.59774E+03
  4.14300E+01  1.59774E+03
  4.14400E+01  1.59775E+03
  4.14500E+01  1.59776E+03
  4.14600E+01  1.59776E+03
  4.14700E+01  1.59777E+03
  4.14800E+01  1.59778E+03
  4.14900E+01  1.59779E+03
  4.15000E+01  1.59779E+03
  4.15100E+01  1.59780E+03
  4.15200E+01  1.59781E+03
  4.15300E+01  1.59782E+03
  4.15400E+01  1.59782E+03
  4.15500E+01  1.59783E+03
  4.15600E+01  1.59784E+03
  4.15700E+01  1.59784E+03
  4.15800E+01  1.59785E+03
  4.15900E+01  1.59786E+03
  4.16000E+01  1.59787E+03
  4.16100E+01  1.59787E+03
  4.16200E+01  1.59788E+03
  4.16300E+01  1.59789E+03
  4.16400E+01  1.59790E+03
  4.16500E+01  1.59790E+03
  4.16600E+01  1.59791E+03
  4.16700E+01  1.59792E+03
  4.16800E+01  1.59792E+03
  4.16900E+01  1.59793E+03
  4.17000E+01  1.59794E+03
  4.17100E+01  1.59795E+03
  4.17200E+01  1.59795E+03
  4.17300E+01  1.59796E+03
  4.17400E+01  1.59797E+03
  4.17500E+01  1.59798E+03
  4.17600E+01  1.59798E+03
  4.17700E+01  1.59799E+03
  4.17800E+01  1.59800E+03
  4.17900E+01  1.59800E+03
  4.18000E+01  1.59801E+03
  4.18100E+01  1.59802E+03
  4.18200E+01  1.59803E+03
  4.18300E+01  1.59803E+03
  4.18400E+01  1.59804E+03
  4.18500E+01  1.59805E+03
  4.18600E+01  1.59805E+03
  4.18700E+01  1.59806E+03
  4.18800E+01  1.59807E+03
  4.18900E+01  1.59808E+03
  4.19000E+01  1.59808E+03
  4.19100E+01  1.59809E+03
  4.19200E+01  1.59810E+03
  4.19300E+01  1.59811E+03
  4.19400E+01  1.59811E+03
  4.19500E+01  1.59812E+03
  4.19600E+01  1.59813E+03
  4.19700E+01  1.59813E+03
  4.19800E+01  1.59814E+03
  4.19900E+01  1.59815E+03
  4.20000E+01  1.59816E+03
  4.20100E+01  1.59816E+03
  4.20200E+01  1.59817E+03
  4.20300E+01  1.59818E+03
  4.20400E+01  1.59818E+03
  4.20500E+01  1.59819E+03
  4.20600E+01  1.59820E+03
  4.20700E+01  1.59821E+03
  4.20800E+01  1.59821E+03
  4.20900E+01  1.59822E+03
  4.21000E+01  1.59823E+03
  4.21100E+01  1.59823E+03
  4.21200E+01  1.59824E+03
  4.21300E+01  1.59825E+03
  4.21400E+01  1.59826E+03
  4.21500E+01  1.59826E+03
  4.21600E+01  1.59827E+03
  4.21700E+01  1.59828E+03
  4.21800E+01  1.59828E+03
  4.21900E+01  1.59829E+03
  4.22000E+01  1.59830E+03
  4.22100E+01  1.59831E+03
  4.22200E+01  1.59831E+03
  4.22300E+01  1.59832E+03
  4.22400E+01  1.59833E+03
  4.22500E+01  1.59833E+03
  4.22600E+01  1.59834E+03
  4.22700E+01  1.59835E+03
  4.22800E+01  1.59835E+03
  4.22900E+01  1.59836E+03
  4.23000E+01  1.59837E+03
  4.23100E+01  1.59838E+03
  4.23200E+01  1.59838E+03
  4.23300E+01  1.59839E+03
  4.23400E+01  1.59840E+03
  4.23500E+01  1.59840E+03
  4.23600E+01  1.59841E+03
  4.23700E+01  1.59842E+03
  4.23800E+01  1.59843E+03
  4.23900E+01  1.59843E+03
  4.24000E+01  1.59844E+03
  4.24100E+01  1.59845E+03
  4.24200E+01  1.59845E+03
  4.24300E+01  1.59846E+03
  4.24400E+01  1.59847E+03
  4.24500E+01  1.59848E+03
  4.24600E+01  1.59848E+03
  4.24700E+01  1.59849E+03
  4.24800E+01  1.59850E+03
  4.24900E+01  1.59850E+03
  4.25000E+01  1.59851E+03
  4.25100E+01  1.59852E+03
  4.25200E+01  1.59852E+03
  4.25300E+01  1.59853E+03
  4.25400E+01  1.59854E+03
  4.25500E+01  1.59855E+03
  4.25600E+01  1.59855E+03
  4.25700E+01  1.59856E+03
  4.25800E+01  1.59857E+03
  4.25900E+01  1.59857E+03
  4.26000E+01  1.59858E+03
  4.26100E+01  1.59859E+03
  4.26200E+01  1.59859E+03
  4.26300E+01  1.59860E+03
  4.26400E+01  1.59861E+03
  4.26500E+01  1.59862E+03
  4.26600E+01  1.59862E+03
  4.26700E+01  1.59863E+03
  4.26800E+01  1.59864E+03
  4.26900E+01  1.59864E+03
  4.27000E+01  1.59865E+03
  4.27100E+01  1.59866E+03
  4.27200E+01  1.59866E+03
  4.27300E+01  1.59867E+03
  4.27400E+01  1.59868E+03
  4.27500E+01  1.59869E+03
  4.27600E+01  1.59869E+03
  4.27700E+01  1.59870E+03
  4.27800E+01  1.59871E+03
  4.27900E+01  1.59871E+03
  4.28000E+01  1.59872E+03
  4.28100E+01  1.59873E+03
  4.28200E+01  1.59873E+03
  4.28300E+01  1.59874E+03
  4.28400E+01  1.59875E+03
  4.28500E+01  1.59875E+03
  4.28600E+01  1.59876E+03
  4.28700E+01  1.59877E+03
  4.28800E+01  1.59878E+03
  4.28900E+01  1.59878E+03
  4.29000E+01  1.59879E+03
  4.29100E+01  1.59880E+03
  4.29200E+01  1.59880E+03
  4.29300E+01  1.59881E+03
  4.29400E+01  1.59882E+03
  4.29500E+01  1.59882E+03
  4.29600E+01  1.59883E+03
  4.29700E+01  1.59884E+03
  4.29800E+01  1.59885E+03
  4.29900E+01  1.59885E+03
  4.30000E+01  1.59886E+03
  4.30100E+01  1.59887E+03
  4.30200E+01  1.59887E+03
  4.30300E+01  1.59888E+03
  4.30400E+01  1.59889E+03
  4.30500E+01  1.59889E+03
  4.30600E+01  1.59890E+03
  4.30700E+01  1.59891E+03
  4.30800E+01  1.59891E+03
  4.30900E+01  1.59892E+03
  4.31000E+01  1.59893E+03
  4.31100E+01  1.59893E+03
  4.31200E+01  1.59894E+03
  4.31300E+01  1.59895E+03
  4.31400E+01  1.59896E+03
  4.31500E+01  1.59896E+03
  4.31600E+01  1.59897E+03
  4.31700E+01  1.59898E+03
  4.31800E+01  1.59898E+03
  4.31900E+01  1.59899E+03
  4.32000E+01  1.59900E+03
  4.32100E+01  1.59900E+03
  4.32200E+01  1.59901E+03
  4.32300E+01  1.59902E+03
  4.32400E+01  1.59902E+03
  4.32500E+01  1.59903E+03
  4.32600E+01  1.59904E+03
  4.32700E+01  1.59904E+03
  4.32800E+01  1.59905E+03
  4.32900E+01  1.59906E+03
  4.33000E+01  1.59907E+03
  4.33100E+01  1.59907E+03
  4.33200E+01  1.59908E+03
  4.33300E+01  1.59909E+03
  4.33400E+01  1.59909E+03
  4.33500E+01  1.59910E+03
  4.33600E+01  1.59911E+03
  4.33700E+01  1.59911E+03
  4.33800E+01  1.59912E+03
  4.33900E+01  1.59913E+03
  4.34000E+01  1.59913E+03
  4.34100E+01  1.59914E+03
  4.34200E+01  1.59915E+03
  4.34300E+01  1.59915E+03
  4.34400E+01  1.59916E+03
  4.34500E+01  1.59917E+03
  4.34600E+01  1.59917E+03
  4.34700E+01  1.59918E+03
  4.34800E+01  1.59919E+03
  4.34900E+01  1.59919E+03
  4.35000E+01  1.59920E+03
  4.35100E+01  1.59921E+03
  4.35200E+01  1.59922E+03
  4.35300E+01  1.59922E+03
  4.35400E+01  1.59923E+03
  4.35500E+01  1.59924E+03
  4.35600E+01  1.59924E+03
  4.35700E+01  1.59925E+03
  4.35800E+01  1.59926E+03
  4.35900E+01  1.59926E+03
  4.36000E+01  1.59927E+03
  4.36100E+01  1.59928E+03
  4.36200E+01  1.59928E+03
  4.36300E+01  1.59929E+03
  4.36400E+01  1.59930E+03
  4.36500E+01  1.59930E+03
  4.36600E+01  1.59931E+03
  4.36700E+01  1.59932E+03
  4.36800E+01  1.59932E+03
  4.36900E+01  1.59933E+03
  4.37000E+01  1.59934E+03
  4.37100E+01  1.59934E+03
  4.37200E+01  1.59935E+03
  4.37300E+01  1.59936E+03
  4.37400E+01  1.59936E+03
  4.37500E+01  1.59937E+03
  4.37600E+01  1.59938E+03
  4.37700E+01  1.59938E+03
  4.37800E+01  1.59939E+03
  4.37900E+01  1.59940E+03
  4.38000E+01  1.59940E+03
  4.38100E+01  1.59941E+03
  4.38200E+01  1.59942E+03
  4.38300E+01  1.59942E+03
  4.38400E+01  1.59943E+03
  4.38500E+01  1.59944E+03
  4.38600E+01  1.59944E+03
  4.38700E+01  1.59945E+03
  4.38800E+01  1.59946E+03
  4.38900E+01  1.59946E+03
  4.39000E+01  1.59947E+03
  4.39100E+01  1.59948E+03
  4.39200E+01  1.59948E+03
  4.39300E+01  1.59949E+03
  4.39400E+01  1.59950E+03
  4.39500E+01  1.59950E+03
  4.39600E+01  1.59951E+03
  4.39700E+01  1.59952E+03
  4.39800E+01  1.59952E+03
  4.39900E+01  1.59953E+03
  4.40000E+01  1.59954E+03
  4.40100E+01  1.59954E+03
  4.40200E+01  1.59955E+03
  4.40300E+01  1.59956E+03
  4.40400E+01  1.59956E+03
  4.40500E+01  1.59957E+03
  4.40600E+01  1.59958E+03
  4.40700E+01  1.59958E+03
  4.40800E+01  1.59959E+03
  4.40900E+01  1.59960E+03
  4.41000E+01  1.59960E+03
  4.41100E+01  1.59961E+03
  4.41200E+01  1.59962E+03
  4.41300E+01  1.59962E+03
  4.41400E+01  1.59963E+03
  4.41500E+01  1.59964E+03
  4.41600E+01  1.59964E+03
  4.41700E+01  1.59965E+03
  4.41800E+01  1.59966E+03
  4.41900E+01  1.59966E+03
  4.42000E+01  1.59967E+03
  4.42100E+01  1.59968E+03
  4.42200E+01  1.59968E+03
  4.42300E+01  1.59969E+03
  4.42400E+01  1.59970E+03
  4.42500E+01  1.59970E+03
  4.42600E+01  1.59971E+03
  4.42700E+01  1.59972E+03
  4.42800E+01  1.59972E+03
  4.42900E+01  1.59973E+03
  4.43000E+01  1.59974E+03
  4.43100E+01  1.59974E+03
  4.43200E+01  1.59975E+03
  4.43300E+01  1.59976E+03
  4.43400E+01  1.59976E+03
  4.43500E+01  1.59977E+03
  4.43600E+01  1.59978E+03
  4.43700E+01  1.59978E+03
  4.43800E+01  1.59979E+03
  4.43900E+01  1.59980E+03
  4.44000E+01  1.59980E+03
  4.44100E+01  1.59981E+03
  4.44200E+01  1.59982E+03
  4.44300E+01  1.59982E+03
  4.44400E+01  1.59983E+03
  4.44500E+01  1.59984E+03
  4.44600E+01  1.59984E+03
  4.44700E+01  1.59985E+03
  4.44800E+01  1.59986E+03
  4.44900E+01  1.59986E+03
  4.45000E+01  1.59987E+03
  4.45100E+01  1.59988E+03
  4.45200E+01  1.59988E+03
  4.45300E+01  1.59989E+03
  4.45400E+01  1.59990E+03
  4.45500E+01  1.59990E+03
  4.45600E+01  1.59991E+03
  4.45700E+01  1.59992E+03
  4.45800E+01  1.59992E+03
  4.45900E+01  1.59993E+03
  4.46000E+01  1.59993E+03
  4.46100E+01  1.59994E+03
  4.46200E+01  1.59995E+03
  4.46300E+01  1.59995E+03
  4.46400E+01  1.59996E+03
  4.46500E+01  1.59997E+03
  4.46600E+01  1.59997E+03
  4.46700E+01  1.59998E+03
  4.46800E+01  1.59999E+03
  4.46900E+01  1.59999E+03
  4.47000E+01  1.60000E+03
  4.47100E+01  1.60001E+03
  4.47200E+01  1.60001E+03
  4.47300E+01  1.60002E+03
  4.47400E+01  1.60003E+03
  4.47500E+01  1.60003E+03
  4.47600E+01  1.60004E+03
  4.47700E+01  1.60005E+03
  4.47800E+01  1.60005E+03
  4.47900E+01  1.60006E+03
  4.48000E+01  1.60007E+03
  4.48100E+01  1.60007E+03
  4.48200E+01  1.60008E+03
  4.48300E+01  1.60008E+03
  4.48400E+01  1.60009E+03
  4.48500E+01  1.60010E+03
  4.48600E+01  1.60010E+03
  4.48700E+01  1.60011E+03
  4.48800E+01  1.60012E+03
  4.48900E+01  1.60012E+03
  4.49000E+01  1.60013E+03
  4.49100E+01  1.60014E+03
  4.49200E+01  1.60014E+03
  4.49300E+01  1.60015E+03
  4.49400E+01  1.60016E+03
  4.49500E+01  1.60016E+03
  4.49600E+01  1.60017E+03
  4.49700E+01  1.60018E+03
  4.49800E+01  1.60018E+03
  4.49900E+01  1.60019E+03
  4.50000E+01  1.60019E+03
  4.50100E+01  1.60020E+03
  4.50200E+01  1.60021E+03
  4.50300E+01  1.60021E+03
  4.50400E+01  1.60022E+03
  4.50500E+01  1.60023E+03
  4.50600E+01  1.60023E+03
  4.50700E+01  1.60024E+03
  4.50800E+01  1.60025E+03
  4.50900E+01  1.60025E+03
  4.51000E+01  1.60026E+03
  4.51100E+01  1.60027E+03
  4.51200E+01  1.60027E+03
  4.51300E+01  1.60028E+03
  4.51400E+01  1.60028E+03
  4.51500E+01  1.60029E+03
  4.51600E+01  1.60030E+03
  4.51700E+01  1.60030E+03
  4.51800E+01  1.60031E+03
  4.51900E+01  1.60032E+03
  4.52000E+01  1.60032E+03
  4.52100E+01  1.60033E+03
  4.52200E+01  1.60034E+03
  4.52300E+01  1.60034E+03
  4.52400E+01  1.60035E+03
  4.52500E+01  1.60036E+03
  4.52600E+01  1.60036E+03
  4.52700E+01  1.60037E+03
  4.52800E+01  1.60037E+03
  4.52900E+01  1.60038E+03
  4.53000E+01  1.60039E+03
  4.53100E+01  1.60039E+03
  4.53200E+01  1.60040E+03
  4.53300E+01  1.60041E+03
  4.53400E+01  1.60041E+03
  4.53500E+01  1.60042E+03
  4.53600E+01  1.60043E+03
  4.53700E+01  1.60043E+03
  4.53800E+01  1.60044E+03
  4.53900E+01  1.60044E+03
  4.54000E+01  1.60045E+03
  4.54100E+01  1.60046E+03
  4.54200E+01  1.60046E+03
  4.54300E+01  1.60047E+03
  4.54400E+01  1.60048E+03
  4.54500E+01  1.60048E+03
  4.54600E+01  1.60049E+03
  4.54700E+01  1.60050E+03
  4.54800E+01  1.60050E+03
  4.54900E+01  1.60051E+03
  4.55000E+01  1.60051E+03
  4.55100E+01  1.60052E+03
  4.55200E+01  1.60053E+03
  4.55300E+01  1.60053E+03
  4.55400E+01  1.60054E+03
  4.55500E+01  1.60055E+03
  4.55600E+01  1.60055E+03
  4.55700E+01  1.60056E+03
  4.55800E+01  1.60057E+03
  4.55900E+01  1.60057E+03
  4.56000E+01  1.60058E+03
  4.56100E+01  1.60058E+03
  4.56200E+01  1.60059E+03
  4.56300E+01  1.60060E+03
  4.56400E+01  1.60060E+03
  4.56500E+01  1.60061E+03
  4.56600E+01  1.60062E+03
  4.56700E+01  1.60062E+03
  4.56800E+01  1.60063E+03
  4.56900E+01  1.60063E+03
  4.57000E+01  1.60064E+03
  4.57100E+01  1.60065E+03
  4.57200E+01  1.60065E+03
  4.57300E+01  1.60066E+03
  4.57400E+01  1.60067E+03
  4.57500E+01  1.60067E+03
  4.57600E+01  1.60068E+03
  4.57700E+01  1.60069E+03
  4.57800E+01  1.60069E+03
  4.57900E+01  1.60070E+03
  4.58000E+01  1.60070E+03
  4.58100E+01  1.60071E+03
  4.58200E+01  1.60072E+03
  4.58300E+01  1.60072E+03
  4.58400E+01  1.60073E+03
  4.58500E+01  1.60074E+03
  4.58600E+01  1.60074E+03
  4.58700E+01  1.60075E+03
  4.58800E+01  1.60075E+03
  4.58900E+01  1.60076E+03
  4.59000E+01  1.60077E+03
  4.59100E+01  1.60077E+03
  4.59200E+01  1.60078E+03
  4.59300E+01  1.60079E+03
  4.59400E+01  1.60079E+03
  4.59500E+01  1.60080E+03
  4.59600E+01  1.60080E+03
  4.59700E+01  1.60081E+03
  4.59800E+01  1.60082E+03
  4.59900E+01  1.60082E+03
  4.60000E+01  1.60083E+03
  4.60100E+01  1.60084E+03
  4.60200E+01  1.60084E+03
  4.60300E+01  1.60085E+03
  4.60400E+01  1.60085E+03
  4.60500E+01  1.60086E+03
  4.60600E+01  1.60087E+03
  4.60700E+01  1.60087E+03
  4.60800E+01  1.60088E+03
  4.60900E+01  1.60089E+03
  4.61000E+01  1.60089E+03
  4.61100E+01  1.60090E+03
  4.61200E+01  1.60090E+03
  4.61300E+01  1.60091E+03
  4.61400E+01  1.60092E+03
  4.61500E+01  1.60092E+03
  4.61600E+01  1.60093E+03
  4.61700E+01  1.60094E+03
  4.61800E+01  1.60094E+03
  4.61900E+01  1.60095E+03
  4.62000E+01  1.60095E+03
  4.62100E+01  1.60096E+03
  4.62200E+01  1.60097E+03
  4.62300E+01  1.60097E+03
  4.62400E+01  1.60098E+03
  4.62500E+01  1.60098E+03
  4.62600E+01  1.60099E+03
  4.62700E+01  1.60100E+03
  4.62800E+01  1.60100E+03
  4.62900E+01  1.60101E+03
  4.63000E+01  1.60102E+03
  4.63100E+01  1.60102E+03
  4.63200E+01  1.60103E+03
  4.63300E+01  1.60103E+03
  4.63400E+01  1.60104E+03
  4.63500E+01  1.60105E+03
  4.63600E+01  1.60105E+03
  4.63700E+01  1.60106E+03
  4.63800E+01  1.60107E+03
  4.63900E+01  1.60107E+03
  4.64000E+01  1.60108E+03
  4.64100E+01  1.60108E+03
  4.64200E+01  1.60109E+03
  4.64300E+01  1.60110E+03
  4.64400E+01  1.60110E+03
  4.64500E+01  1.60111E+03
  4.64600E+01  1.60111E+03
  4.64700E+01  1.60112E+03
  4.64800E+01  1.60113E+03
  4.64900E+01  1.60113E+03
  4.65000E+01  1.60114E+03
  4.65100E+01  1.60115E+03
  4.65200E+01  1.60115E+03
  4.65300E+01  1.60116E+03
  4.65400E+01  1.60116E+03
  4.65500E+01  1.60117E+03
  4.65600E+01  1.60118E+03
  4.65700E+01  1.60118E+03
  4.65800E+01  1.60119E+03
  4.65900E+01  1.60119E+03
  4.66000E+01  1.60120E+03
  4.66100E+01  1.60121E+03
  4.66200E+01  1.60121E+03
  4.66300E+01  1.60122E+03
  4.66400E+01  1.60122E+03
  4.66500E+01  1.60123E+03
  4.66600E+01  1.60124E+03
  4.66700E+01  1.60124E+03
  4.66800E+01  1.60125E+03
  4.66900E+01  1.60126E+03
  4.67000E+01  1.60126E+03
  4.67100E+01  1.60127E+03
  4.67200E+01  1.60127E+03
  4.67300E+01  1.60128E+03
  4.67400E+01  1.60129E+03
  4.67500E+01  1.60129E+03
  4.67600E+01  1.60130E+03
  4.67700E+01  1.60130E+03
  4.67800E+01  1.60131E+03
  4.67900E+01  1.60132E+03
  4.68000E+01  1.60132E+03
  4.68100E+01  1.60133E+03
  4.68200E+01  1.60133E+03
  4.68300E+01  1.60134E+03
  4.68400E+01  1.60135E+03
  4.68500E+01  1.60135E+03
  4.68600E+01  1.60136E+03
  4.68700E+01  1.60136E+03
  4.68800E+01  1.60137E+03
  4.68900E+01  1.60138E+03
  4.69000E+01  1.60138E+03
  4.69100E+01  1.60139E+03
  4.69200E+01  1.60140E+03
  4.69300E+01  1.60140E+03
  4.69400E+01  1.60141E+03
  4.69500E+01  1.60141E+03
  4.69600E+01  1.60142E+03
  4.69700E+01  1.60143E+03
  4.69800E+01  1.60143E+03
  4.69900E+01  1.60144E+03
  4.70000E+01  1.60144E+03
  4.70100E+01  1.60145E+03
  4.70200E+01  1.60146E+03
  4.70300E+01  1.60146E+03
  4.70400E+01  1.60147E+03
  4.70500E+01  1.60147E+03
  4.70600E+01  1.60148E+03
  4.70700E+01  1.60149E+03
  4.70800E+01  1.60149E+03
  4.70900E+01  1.60150E+03
  4.71000E+01  1.60150E+03
  4.71100E+01  1.60151E+03
  4.71200E+01  1.60152E+03
  4.71300E+01  1.60152E+03
  4.71400E+01  1.60153E+03
  4.71500E+01  1.60153E+03
  4.71600E+01  1.60154E+03
  4.71700E+01  1.60155E+03
  4.71800E+01  1.60155E+03
  4.71900E+01  1.60156E+03
  4.72000E+01  1.60156E+03
  4.72100E+01  1.60157E+03
  4.72200E+01  1.60158E+03
  4.72300E+01  1.60158E+03
  4.72400E+01  1.60159E+03
  4.72500E+01  1.60159E+03
  4.72600E+01  1.60160E+03
  4.72700E+01  1.60161E+03
  4.72800E+01  1.60161E+03
  4.72900E+01  1.60162E+03
  4.73000E+01  1.60162E+03
  4.73100E+01  1.60163E+03
  4.73200E+01  1.60164E+03
  4.73300E+01  1.60164E+03
  4.73400E+01  1.60165E+03
  4.73500E+01  1.60165E+03
  4.73600E+01  1.60166E+03
  4.73700E+01  1.60167E+03
  4.73800E+01  1.60167E+03
  4.73900E+01  1.60168E+03
  4.74000E+01  1.60168E+03
  4.74100E+01  1.60169E+03
  4.74200E+01  1.60170E+03
  4.74300E+01  1.60170E+03
  4.74400E+01  1.60171E+03
  4.74500E+01  1.60171E+03
  4.74600E+01  1.60172E+03
  4.74700E+01  1.60173E+03
  4.74800E+01  1.60173E+03
  4.74900E+01  1.60174E+03
  4.75000E+01  1.60174E+03
  4.75100E+01  1.60175E+03
  4.75200E+01  1.60176E+03
  4.75300E+01  1.60176E+03
  4.75400E+01  1.60177E+03
  4.75500E+01  1.60177E+03
  4.75600E+01  1.60178E+03
  4.75700E+01  1.60178E+03
  4.75800E+01  1.60179E+03
  4.75900E+01  1.60180E+03
  4.76000E+01  1.60180E+03
  4.76100E+01  1.60181E+03
  4.76200E+01  1.60181E+03
  4.76300E+01  1.60182E+03
  4.76400E+01  1.60183E+03
  4.76500E+01  1.60183E+03
  4.76600E+01  1.60184E+03
  4.76700E+01  1.60184E+03
  4.76800E+01  1.60185E+03
  4.76900E+01  1.60186E+03
  4.77000E+01  1.60186E+03
  4.77100E+01  1.60187E+03
  4.77200E+01  1.60187E+03
  4.77300E+01  1.60188E+03
  4.77400E+01  1.60189E+03
  4.77500E+01  1.60189E+03
  4.77600E+01  1.60190E+03
  4.77700E+01  1.60190E+03
  4.77800E+01  1.60191E+03
  4.77900E+01  1.60191E+03
  4.78000E+01  1.60192E+03
  4.78100E+01  1.60193E+03
  4.78200E+01  1.60193E+03
  4.78300E+01  1.60194E+03
  4.78400E+01  1.60194E+03
  4.78500E+01  1.60195E+03
  4.78600E+01  1.60196E+03
  4.78700E+01  1.60196E+03
  4.78800E+01  1.60197E+03
  4.78900E+01  1.60197E+03
  4.79000E+01  1.60198E+03
  4.79100E+01  1.60199E+03
  4.79200E+01  1.60199E+03
  4.79300E+01  1.60200E+03
  4.79400E+01  1.60200E+03
  4.79500E+01  1.60201E+03
  4.79600E+01  1.60201E+03
  4.79700E+01  1.60202E+03
  4.79800E+01  1.60203E+03
  4.79900E+01  1.60203E+03
  4.80000E+01  1.60204E+03
  4.80100E+01  1.60204E+03
  4.80200E+01  1.60205E+03
  4.80300E+01  1.60206E+03
  4.80400E+01  1.60206E+03
  4.80500E+01  1.60207E+03
  4.80600E+01  1.60207E+03
  4.80700E+01  1.60208E+03
  4.80800E+01  1.60208E+03
  4.80900E+01  1.60209E+03
  4.81000E+01  1.60210E+03
  4.81100E+01  1.60210E+03
  4.81200E+01  1.60211E+03
  4.81300E+01  1.60211E+03
  4.81400E+01  1.60212E+03
  4.81500E+01  1.60213E+03
  4.81600E+01  1.60213E+03
  4.81700E+01  1.60214E+03
  4.81800E+01  1.60214E+03
  4.81900E+01  1.60215E+03
  4.82000E+01  1.60215E+03
  4.82100E+01  1.60216E+03
  4.82200E+01  1.60217E+03
  4.82300E+01  1.60217E+03
  4.82400E+01  1.60218E+03
  4.82500E+01  1.60218E+03
  4.82600E+01  1.60219E+03
  4.82700E+01  1.60220E+03
  4.82800E+01  1.60220E+03
  4.82900E+01  1.60221E+03
  4.83000E+01  1.60221E+03
  4.83100E+01  1.60222E+03
  4.83200E+01  1.60222E+03
  4.83300E+01  1.60223E+03
  4.83400E+01  1.60224E+03
  4.83500E+01  1.60224E+03
  4.83600E+01  1.60225E+03
  4.83700E+01  1.60225E+03
  4.83800E+01  1.60226E+03
  4.83900E+01  1.60227E+03
  4.84000E+01  1.60227E+03
  4.84100E+01  1.60228E+03
  4.84200E+01  1.60228E+03
  4.84300E+01  1.60229E+03
  4.84400E+01  1.60229E+03
  4.84500E+01  1.60230E+03
  4.84600E+01  1.60231E+03
  4.84700E+01  1.60231E+03
  4.84800E+01  1.60232E+03
  4.84900E+01  1.60232E+03
  4.85000E+01  1.60233E+03
  4.85100E+01  1.60233E+03
  4.85200E+01  1.60234E+03
  4.85300E+01  1.60235E+03
  4.85400E+01  1.60235E+03
  4.85500E+01  1.60236E+03
  4.85600E+01  1.60236E+03
  4.85700E+01  1.60237E+03
  4.85800E+01  1.60237E+03
  4.85900E+01  1.60238E+03
  4.86000E+01  1.60239E+03
  4.86100E+01  1.60239E+03
  4.86200E+01  1.60240E+03
  4.86300E+01  1.60240E+03
  4.86400E+01  1.60241E+03
  4.86500E+01  1.60241E+03
  4.86600E+01  1.60242E+03
  4.86700E+01  1.60243E+03
  4.86800E+01  1.60243E+03
  4.86900E+01  1.60244E+03
  4.87000E+01  1.60244E+03
  4.87100E+01  1.60245E+03
  4.87200E+01  1.60246E+03
  4.87300E+01  1.60246E+03
  4.87400E+01  1.60247E+03
  4.87500E+01  1.60247E+03
  4.87600E+01  1.60248E+03
  4.87700E+01  1.60248E+03
  4.87800E+01  1.60249E+03
  4.87900E+01  1.60250E+03
  4.88000E+01  1.60250E+03
  4.88100E+01  1.60251E+03
  4.88200E+01  1.60251E+03
  4.88300E+01  1.60252E+03
  4.88400E+01  1.60252E+03
  4.88500E+01  1.60253E+03
  4.88600E+01  1.60254E+03
  4.88700E+01  1.60254E+03
  4.88800E+01  1.60255E+03
  4.88900E+01  1.60255E+03
  4.89000E+01  1.60256E+03
  4.89100E+01  1.60256E+03
  4.89200E+01  1.60257E+03
  4.89300E+01  1.60257E+03
  4.89400E+01  1.60258E+03
  4.89500E+01  1.60259E+03
  4.89600E+01  1.60259E+03
  4.89700E+01  1.60260E+03
  4.89800E+01  1.60260E+03
  4.89900E+01  1.60261E+03
  4.90000E+01  1.60261E+03
  4.90100E+01  1.60262E+03
  4.90200E+01  1.60263E+03
  4.90300E+01  1.60263E+03
  4.90400E+01  1.60264E+03
  4.90500E+01  1.60264E+03
  4.90600E+01  1.60265E+03
  4.90700E+01  1.60265E+03
  4.90800E+01  1.60266E+03
  4.90900E+01  1.60267E+03
  4.91000E+01  1.60267E+03
  4.91100E+01  1.60268E+03
  4.91200E+01  1.60268E+03
  4.91300E+01  1.60269E+03
  4.91400E+01  1.60269E+03
  4.91500E+01  1.60270E+03
  4.91600E+01  1.60271E+03
  4.91700E+01  1.60271E+03
  4.91800E+01  1.60272E+03
  4.91900E+01  1.60272E+03
  4.92000E+01  1.60273E+03
  4.92100E+01  1.60273E+03
  4.92200E+01  1.60274E+03
  4.92300E+01  1.60274E+03
  4.92400E+01  1.60275E+03
  4.92500E+01  1.60276E+03
  4.92600E+01  1.60276E+03
  4.92700E+01  1.60277E+03
  4.92800E+01  1.60277E+03
  4.92900E+01  1.60278E+03
  4.93000E+01  1.60278E+03
  4.93100E+01  1.60279E+03
  4.93200E+01  1.60280E+03
  4.93300E+01  1.60280E+03
  4.93400E+01  1.60281E+03
  4.93500E+01  1.60281E+03
  4.93600E+01  1.60282E+03
  4.93700E+01  1.60282E+03
  4.93800E+01  1.60283E+03
  4.93900E+01  1.60283E+03
  4.94000E+01  1.60284E+03
  4.94100E+01  1.60285E+03
  4.94200E+01  1.60285E+03
  4.94300E+01  1.60286E+03
  4.94400E+01  1.60286E+03
  4.94500E+01  1.60287E+03
  4.94600E+01  1.60287E+03
  4.94700E+01  1.60288E+03
  4.94800E+01  1.60289E+03
  4.94900E+01  1.60289E+03
  4.95000E+01  1.60290E+03
  4.95100E+01  1.60290E+03
  4.95200E+01  1.60291E+03
  4.95300E+01  1.60291E+03
  4.95400E+01  1.60292E+03
  4.95500E+01  1.60292E+03
  4.95600E+01  1.60293E+03
  4.95700E+01  1.60294E+03
  4.95800E+01  1.60294E+03
  4.95900E+01  1.60295E+03
  4.96000E+01  1.60295E+03
  4.96100E+01  1.60296E+03
  4.96200E+01  1.60296E+03
  4.96300E+01  1.60297E+03
  4.96400E+01  1.60297E+03
  4.96500E+01  1.60298E+03
  4.96600E+01  1.60299E+03
  4.96700E+01  1.60299E+03
  4.96800E+01  1.60300E+03
  4.96900E+01  1.60300E+03
  4.97000E+01  1.60301E+03
  4.97100E+01  1.60301E+03
  4.97200E+01  1.60302E+03
  4.97300E+01  1.60302E+03
  4.97400E+01  1.60303E+03
  4.97500E+01  1.60304E+03
  4.97600E+01  1.60304E+03
  4.97700E+01  1.60305E+03
  4.97800E+01  1.60305E+03
  4.97900E+01  1.60306E+03
  4.98000E+01  1.60306E+03
  4.98100E+01  1.60307E+03
  4.98200E+01  1.60307E+03
  4.98300E+01  1.60308E+03
  4.98400E+01  1.60309E+03
  4.98500E+01  1.60309E+03
  4.98600E+01  1.60310E+03
  4.98700E+01  1.60310E+03
  4.98800E+01  1.60311E+03
  4.98900E+01  1.60311E+03
  4.99000E+01  1.60312E+03
  4.99100E+01  1.60312E+03
  4.99200E+01  1.60313E+03
  4.99300E+01  1.60314E+03
  4.99400E+01  1.60314E+03
  4.99500E+01  1.60315E+03
  4.99600E+01  1.60315E+03
  4.99700E+01  1.60316E+03
  4.99800E+01  1.60316E+03
  4.99900E+01  1.60317E+03
  5.00000E+01  1.60317E+03
  5.00100E+01  1.60318E+03
  5.00200E+01  1.60318E+03
  5.00300E+01  1.60319E+03
  5.00400E+01  1.60320E+03
  5.00500E+01  1.60320E+03
  5.00600E+01  1.60321E+03
  5.00700E+01  1.60321E+03
  5.00800E+01  1.60322E+03
  5.00900E+01  1.60322E+03
  5.01000E+01  1.60323E+03
  5.01100E+01  1.60323E+03
  5.01200E+01  1.60324E+03
  5.01300E+01  1.60325E+03
  5.01400E+01  1.60325E+03
  5.01500E+01  1.60326E+03
  5.01600E+01  1.60326E+03
  5.01700E+01  1.60327E+03
  5.01800E+01  1.60327E+03
  5.01900E+01  1.60328E+03
  5.02000E+01  1.60328E+03
  5.02100E+01  1.60329E+03
  5.02200E+01  1.60329E+03
  5.02300E+01  1.60330E+03
  5.02400E+01  1.60331E+03
  5.02500E+01  1.60331E+03
  5.02600E+01  1.60332E+03
  5.02700E+01  1.60332E+03
  5.02800E+01  1.60333E+03
  5.02900E+01  1.60333E+03
  5.03000E+01  1.60334E+03
  5.03100E+01  1.60334E+03
  5.03200E+01  1.60335E+03
  5.03300E+01  1.60335E+03
  5.03400E+01  1.60336E+03
  5.03500E+01  1.60337E+03
  5.03600E+01  1.60337E+03
  5.03700E+01  1.60338E+03
  5.03800E+01  1.60338E+03
  5.03900E+01  1.60339E+03
  5.04000E+01  1.60339E+03
  5.04100E+01  1.60340E+03
  5.04200E+01  1.60340E+03
  5.04300E+01  1.60341E+03
  5.04400E+01  1.60341E+03
  5.04500E+01  1.60342E+03
  5.04600E+01  1.60343E+03
  5.04700E+01  1.60343E+03
  5.04800E+01  1.60344E+03
  5.04900E+01  1.60344E+03
  5.05000E+01  1.60345E+03
  5.05100E+01  1.60345E+03
  5.05200E+01  1.60346E+03
  5.05300E+01  1.60346E+03
  5.05400E+01  1.60347E+03
  5.05500E+01  1.60347E+03
  5.05600E+01  1.60348E+03
  5.05700E+01  1.60349E+03
  5.05800E+01  1.60349E+03
  5.05900E+01  1.60350E+03
  5.06000E+01  1.60350E+03
  5.06100E+01  1.60351E+03
  5.06200E+01  1.60351E+03
  5.06300E+01  1.60352E+03
  5.06400E+01  1.60352E+03
  5.06500E+01  1.60353E+03
  5.06600E+01  1.60353E+03
  5.06700E+01  1.60354E+03
  5.06800E+01  1.60354E+03
  5.06900E+01  1.60355E+03
  5.07000E+01  1.60356E+03
  5.07100E+01  1.60356E+03
  5.07200E+01  1.60357E+03
  5.07300E+01  1.60357E+03
  5.07400E+01  1.60358E+03
  5.07500E+01  1.60358E+03
  5.07600E+01  1.60359E+03
  5.07700E+01  1.60359E+03
  5.07800E+01  1.60360E+03
  5.07900E+01  1.60360E+03
  5.08000E+01  1.60361E+03
  5.08100E+01  1.60361E+03
  5.08200E+01  1.60362E+03
  5.08300E+01  1.60363E+03
  5.08400E+01  1.60363E+03
  5.08500E+01  1.60364E+03
  5.08600E+01  1.60364E+03
  5.08700E+01  1.60365E+03
  5.08800E+01  1.60365E+03
  5.08900E+01  1.60366E+03
  5.09000E+01  1.60366E+03
  5.09100E+01  1.60367E+03
  5.09200E+01  1.60367E+03
  5.09300E+01  1.60368E+03
  5.09400E+01  1.60368E+03
  5.09500E+01  1.60369E+03
  5.09600E+01  1.60370E+03
  5.09700E+01  1.60370E+03
  5.09800E+01  1.60371E+03
  5.09900E+01  1.60371E+03
  5.10000E+01  1.60372E+03
  5.10100E+01  1.60372E+03
  5.10200E+01  1.60373E+03
  5.10300E+01  1.60373E+03
  5.10400E+01  1.60374E+03
  5.10500E+01  1.60374E+03
  5.10600E+01  1.60375E+03
  5.10700E+01  1.60375E+03
  5.10800E+01  1.60376E+03
  5.10900E+01  1.60376E+03
  5.11000E+01  1.60377E+03
  5.11100E+01  1.60378E+03
  5.11200E+01  1.60378E+03
  5.11300E+01  1.60379E+03
  5.11400E+01  1.60379E+03
  5.11500E+01  1.60380E+03
  5.11600E+01  1.60380E+03
  5.11700E+01  1.60381E+03
  5.11800E+01  1.60381E+03
  5.11900E+01  1.60382E+03
  5.12000E+01  1.60382E+03
  5.12100E+01  1.60383E+03
  5.12200E+01  1.60383E+03
  5.12300E+01  1.60384E+03
  5.12400E+01  1.60384E+03
  5.12500E+01  1.60385E+03
  5.12600E+01  1.60385E+03
  5.12700E+01  1.60386E+03
  5.12800E+01  1.60387E+03
  5.12900E+01  1.60387E+03
  5.13000E+01  1.60388E+03
  5.13100E+01  1.60388E+03
  5.13200E+01  1.60389E+03
  5.13300E+01  1.60389E+03
  5.13400E+01  1.60390E+03
  5.13500E+01  1.60390E+03
  5.13600E+01  1.60391E+03
  5.13700E+01  1.60391E+03
  5.13800E+01  1.60392E+03
  5.13900E+01  1.60392E+03
  5.14000E+01  1.60393E+03
  5.14100E+01  1.60393E+03
  5.14200E+01  1.60394E+03
  5.14300E+01  1.60394E+03
  5.14400E+01  1.60395E+03
  5.14500E+01  1.60396E+03
  5.14600E+01  1.60396E+03
  5.14700E+01  1.60397E+03
  5.14800E+01  1.60397E+03
  5.14900E+01  1.60398E+03
  5.15000E+01  1.60398E+03
  5.15100E+01  1.60399E+03
  5.15200E+01  1.60399E+03
  5.15300E+01  1.60400E+03
  5.15400E+01  1.60400E+03
  5.15500E+01  1.60401E+03
  5.15600E+01  1.60401E+03
  5.15700E+01  1.60402E+03
  5.15800E+01  1.60402E+03
  5.15900E+01  1.60403E+03
  5.16000E+01  1.60403E+03
  5.16100E+01  1.60404E+03
  5.16200E+01  1.60404E+03
  5.16300E+01  1.60405E+03
  5.16400E+01  1.60406E+03
  5.16500E+01  1.60406E+03
  5.16600E+01  1.60407E+03
  5.16700E+01  1.60407E+03
  5.16800E+01  1.60408E+03
  5.16900E+01  1.60408E+03
  5.17000E+01  1.60409E+03
  5.17100E+01  1.60409E+03
  5.17200E+01  1.60410E+03
  5.17300E+01  1.60410E+03
  5.17400E+01  1.60411E+03
  5.17500E+01  1.60411E+03
  5.17600E+01  1.60412E+03
  5.17700E+01  1.60412E+03
  5.17800E+01  1.60413E+03
  5.17900E+01  1.60413E+03
  5.18000E+01  1.60414E+03
  5.18100E+01  1.60414E+03
  5.18200E+01  1.60415E+03
  5.18300E+01  1.60415E+03
  5.18400E+01  1.60416E+03
  5.18500E+01  1.60417E+03
  5.18600E+01  1.60417E+03
  5.18700E+01  1.60418E+03
  5.18800E+01  1.60418E+03
  5.18900E+01  1.60419E+03
  5.19000E+01  1.60419E+03
  5.19100E+01  1.60420E+03
  5.19200E+01  1.60420E+03
  5.19300E+01  1.60421E+03
  5.19400E+01  1.60421E+03
  5.19500E+01  1.60422E+03
  5.19600E+01  1.60422E+03
  5.19700E+01  1.60423E+03
  5.19800E+01  1.60423E+03
  5.19900E+01  1.60424E+03
  5.20000E+01  1.60424E+03
  5.20100E+01  1.60425E+03
  5.20200E+01  1.60425E+03
  5.20300E+01  1.60426E+03
  5.20400E+01  1.60426E+03
  5.20500E+01  1.60427E+03
  5.20600E+01  1.60427E+03
  5.20700E+01  1.60428E+03
  5.20800E+01  1.60428E+03
  5.20900E+01  1.60429E+03
  5.21000E+01  1.60430E+03
  5.21100E+01  1.60430E+03
  5.21200E+01  1.60431E+03
  5.21300E+01  1.60431E+03
  5.21400E+01  1.60432E+03
  5.21500E+01  1.60432E+03
  5.21600E+01  1.60433E+03
  5.21700E+01  1.60433E+03
  5.21800E+01  1.60434E+03
  5.21900E+01  1.60434E+03
  5.22000E+01  1.60435E+03
  5.22100E+01  1.60435E+03
  5.22200E+01  1.60436E+03
  5.22300E+01  1.60436E+03
  5.22400E+01  1.60437E+03
  5.22500E+01  1.60437E+03
  5.22600E+01  1.60438E+03
  5.22700E+01  1.60438E+03
  5.22800E+01  1.60439E+03
  5.22900E+01  1.60439E+03
  5.23000E+01  1.60440E+03
  5.23100E+01  1.60440E+03
  5.23200E+01  1.60441E+03
  5.23300E+01  1.60441E+03
  5.23400E+01  1.60442E+03
  5.23500E+01  1.60442E+03
  5.23600E+01  1.60443E+03
  5.23700E+01  1.60443E+03
  5.23800E+01  1.60444E+03
  5.23900E+01  1.60444E+03
  5.24000E+01  1.60445E+03
  5.24100E+01  1.60445E+03
  5.24200E+01  1.60446E+03
  5.24300E+01  1.60446E+03
  5.24400E+01  1.60447E+03
  5.24500E+01  1.60448E+03
  5.24600E+01  1.60448E+03
  5.24700E+01  1.60449E+03
  5.24800E+01  1.60449E+03
  5.24900E+01  1.60450E+03
  5.25000E+01  1.60450E+03
  5.25100E+01  1.60451E+03
  5.25200E+01  1.60451E+03
  5.25300E+01  1.60452E+03
  5.25400E+01  1.60452E+03
  5.25500E+01  1.60453E+03
  5.25600E+01  1.60453E+03
  5.25700E+01  1.60454E+03
  5.25800E+01  1.60454E+03
  5.25900E+01  1.60455E+03
  5.26000E+01  1.60455E+03
  5.26100E+01  1.60456E+03
  5.26200E+01  1.60456E+03
  5.26300E+01  1.60457E+03
  5.26400E+01  1.60457E+03
  5.26500E+01  1.60458E+03
  5.26600E+01  1.60458E+03
  5.26700E+01  1.60459E+03
  5.26800E+01  1.60459E+03
  5.26900E+01  1.60460E+03
  5.27000E+01  1.60460E+03
  5.27100E+01  1.60461E+03
  5.27200E+01  1.60461E+03
  5.27300E+01  1.60462E+03
  5.27400E+01  1.60462E+03
  5.27500E+01  1.60463E+03
  5.27600E+01  1.60463E+03
  5.27700E+01  1.60464E+03
  5.27800E+01  1.60464E+03
  5.27900E+01  1.60465E+03
  5.28000E+01  1.60465E+03
  5.28100E+01  1.60466E+03
  5.28200E+01  1.60466E+03
  5.28300E+01  1.60467E+03
  5.28400E+01  1.60467E+03
  5.28500E+01  1.60468E+03
  5.28600E+01  1.60468E+03
  5.28700E+01  1.60469E+03
  5.28800E+01  1.60469E+03
  5.28900E+01  1.60470E+03
  5.29000E+01  1.60470E+03
  5.29100E+01  1.60471E+03
  5.29200E+01  1.60471E+03
  5.29300E+01  1.60472E+03
  5.29400E+01  1.60472E+03
  5.29500E+01  1.60473E+03
  5.29600E+01  1.60473E+03
  5.29700E+01  1.60474E+03
  5.29800E+01  1.60474E+03
  5.29900E+01  1.60475E+03
  5.30000E+01  1.60475E+03
  5.30100E+01  1.60476E+03
  5.30200E+01  1.60476E+03
  5.30300E+01  1.60477E+03
  5.30400E+01  1.60477E+03
  5.30500E+01  1.60478E+03
  5.30600E+01  1.60478E+03
  5.30700E+01  1.60479E+03
  5.30800E+01  1.60479E+03
  5.30900E+01  1.60480E+03
  5.31000E+01  1.60481E+03
  5.31100E+01  1.60481E+03
  5.31200E+01  1.60482E+03
  5.31300E+01  1.60482E+03
  5.31400E+01  1.60483E+03
  5.31500E+01  1.60483E+03
  5.31600E+01  1.60484E+03
  5.31700E+01  1.60484E+03
  5.31800E+01  1.60485E+03
  5.31900E+01  1.60485E+03
  5.32000E+01  1.60486E+03
  5.32100E+01  1.60486E+03
  5.32200E+01  1.60487E+03
  5.32300E+01  1.60487E+03
  5.32400E+01  1.60488E+03
  5.32500E+01  1.60488E+03
  5.32600E+01  1.60489E+03
  5.32700E+01  1.60489E+03
  5.32800E+01  1.60490E+03
  5.32900E+01  1.60490E+03
  5.33000E+01  1.60491E+03
  5.33100E+01  1.60491E+03
  5.33200E+01  1.60492E+03
  5.33300E+01  1.60492E+03
  5.33400E+01  1.60493E+03
  5.33500E+01  1.60493E+03
  5.33600E+01  1.60494E+03
  5.33700E+01  1.60494E+03
  5.33800E+01  1.60495E+03
  5.33900E+01  1.60495E+03
  5.34000E+01  1.60496E+03
  5.34100E+01  1.60496E+03
  5.34200E+01  1.60497E+03
  5.34300E+01  1.60497E+03
  5.34400E+01  1.60498E+03
  5.34500E+01  1.60498E+03
  5.34600E+01  1.60499E+03
  5.34700E+01  1.60499E+03
  5.34800E+01  1.60500E+03
  5.34900E+01  1.60500E+03
  5.35000E+01  1.60500E+03
  5.35100E+01  1.60501E+03
  5.35200E+01  1.60501E+03
  5.35300E+01  1.60502E+03
  5.35400E+01  1.60502E+03
  5.35500E+01  1.60503E+03
  5.35600E+01  1.60503E+03
  5.35700E+01  1.60504E+03
  5.35800E+01  1.60504E+03
  5.35900E+01  1.60505E+03
  5.36000E+01  1.60505E+03
  5.36100E+01  1.60506E+03
  5.36200E+01  1.60506E+03
  5.36300E+01  1.60507E+03
  5.36400E+01  1.60507E+03
  5.36500E+01  1.60508E+03
  5.36600E+01  1.60508E+03
  5.36700E+01  1.60509E+03
  5.36800E+01  1.60509E+03
  5.36900E+01  1.60510E+03
  5.37000E+01  1.60510E+03
  5.37100E+01  1.60511E+03
  5.37200E+01  1.60511E+03
  5.37300E+01  1.60512E+03
  5.37400E+01  1.60512E+03
  5.37500E+01  1.60513E+03
  5.37600E+01  1.60513E+03
  5.37700E+01  1.60514E+03
  5.37800E+01  1.60514E+03
  5.37900E+01  1.60515E+03
  5.38000E+01  1.60515E+03
  5.38100E+01  1.60516E+03
  5.38200E+01  1.60516E+03
  5.38300E+01  1.60517E+03
  5.38400E+01  1.60517E+03
  5.38500E+01  1.60518E+03
  5.38600E+01  1.60518E+03
  5.38700E+01  1.60519E+03
  5.38800E+01  1.60519E+03
  5.38900E+01  1.60520E+03
  5.39000E+01  1.60520E+03
  5.39100E+01  1.60521E+03
  5.39200E+01  1.60521E+03
  5.39300E+01  1.60522E+03
  5.39400E+01  1.60522E+03
  5.39500E+01  1.60523E+03
  5.39600E+01  1.60523E+03
  5.39700E+01  1.60524E+03
  5.39800E+01  1.60524E+03
  5.39900E+01  1.60525E+03
  5.40000E+01  1.60525E+03
  5.40100E+01  1.60526E+03
  5.40200E+01  1.60526E+03
  5.40300E+01  1.60527E+03
  5.40400E+01  1.60527E+03
  5.40500E+01  1.60528E+03
  5.40600E+01  1.60528E+03
  5.40700E+01  1.60529E+03
  5.40800E+01  1.60529E+03
  5.40900E+01  1.60530E+03
  5.41000E+01  1.60530E+03
  5.41100E+01  1.60531E+03
  5.41200E+01  1.60531E+03
  5.41300E+01  1.60532E+03
  5.41400E+01  1.60532E+03
  5.41500E+01  1.60533E+03
  5.41600E+01  1.60533E+03
  5.41700E+01  1.60533E+03
  5.41800E+01  1.60534E+03
  5.41900E+01  1.60534E+03
  5.42000E+01  1.60535E+03
  5.42100E+01  1.60535E+03
  5.42200E+01  1.60536E+03
  5.42300E+01  1.60536E+03
  5.42400E+01  1.60537E+03
  5.42500E+01  1.60537E+03
  5.42600E+01  1.60538E+03
  5.42700E+01  1.60538E+03
  5.42800E+01  1.60539E+03
  5.42900E+01  1.60539E+03
  5.43000E+01  1.60540E+03
  5.43100E+01  1.60540E+03
  5.43200E+01  1.60541E+03
  5.43300E+01  1.60541E+03
  5.43400E+01  1.60542E+03
  5.43500E+01  1.60542E+03
  5.43600E+01  1.60543E+03
  5.43700E+01  1.60543E+03
  5.43800E+01  1.60544E+03
  5.43900E+01  1.60544E+03
  5.44000E+01  1.60545E+03
  5.44100E+01  1.60545E+03
  5.44200E+01  1.60546E+03
  5.44300E+01  1.60546E+03
  5.44400E+01  1.60547E+03
  5.44500E+01  1.60547E+03
  5.44600E+01  1.60548E+03
  5.44700E+01  1.60548E+03
  5.44800E+01  1.60549E+03
  5.44900E+01  1.60549E+03
  5.45000E+01  1.60550E+03
  5.45100E+01  1.60550E+03
  5.45200E+01  1.60550E+03
  5.45300E+01  1.60551E+03
  5.45400E+01  1.60551E+03
  5.45500E+01  1.60552E+03
  5.45600E+01  1.60552E+03
  5.45700E+01  1.60553E+03
  5.45800E+01  1.60553E+03
  5.45900E+01  1.60554E+03
  5.46000E+01  1.60554E+03
  5.46100E+01  1.60555E+03
  5.46200E+01  1.60555E+03
  5.46300E+01  1.60556E+03
  5.46400E+01  1.60556E+03
  5.46500E+01  1.60557E+03
  5.46600E+01  1.60557E+03
  5.46700E+01  1.60558E+03
  5.46800E+01  1.60558E+03
  5.46900E+01  1.60559E+03
  5.47000E+01  1.60559E+03
  5.47100E+01  1.60560E+03
  5.47200E+01  1.60560E+03
  5.47300E+01  1.60561E+03
  5.47400E+01  1.60561E+03
  5.47500E+01  1.60562E+03
  5.47600E+01  1.60562E+03
  5.47700E+01  1.60563E+03
  5.47800E+01  1.60563E+03
  5.47900E+01  1.60563E+03
  5.48000E+01  1.60564E+03
  5.48100E+01  1.60564E+03
  5.48200E+01  1.60565E+03
  5.48300E+01  1.60565E+03
  5.48400E+01  1.60566E+03
  5.48500E+01  1.60566E+03
  5.48600E+01  1.60567E+03
  5.48700E+01  1.60567E+03
  5.48800E+01  1.60568E+03
  5.48900E+01  1.60568E+03
  5.49000E+01  1.60569E+03
  5.49100E+01  1.60569E+03
  5.49200E+01  1.60570E+03
  5.49300E+01  1.60570E+03
  5.49400E+01  1.60571E+03
  5.49500E+01  1.60571E+03
  5.49600E+01  1.60572E+03
  5.49700E+01  1.60572E+03
  5.49800E+01  1.60573E+03
  5.49900E+01  1.60573E+03
  5.50000E+01  1.60574E+03
  5.50100E+01  1.60574E+03
  5.50200E+01  1.60574E+03
  5.50300E+01  1.60575E+03
  5.50400E+01  1.60575E+03
  5.50500E+01  1.60576E+03
  5.50600E+01  1.60576E+03
  5.50700E+01  1.60577E+03
  5.50800E+01  1.60577E+03
  5.50900E+01  1.60578E+03
  5.51000E+01  1.60578E+03
  5.51100E+01  1.60579E+03
  5.51200E+01  1.60579E+03
  5.51300E+01  1.60580E+03
  5.51400E+01  1.60580E+03
  5.51500E+01  1.60581E+03
  5.51600E+01  1.60581E+03
  5.51700E+01  1.60582E+03
  5.51800E+01  1.60582E+03
  5.51900E+01  1.60583E+03
  5.52000E+01  1.60583E+03
  5.52100E+01  1.60583E+03
  5.52200E+01  1.60584E+03
  5.52300E+01  1.60584E+03
  5.52400E+01  1.60585E+03
  5.52500E+01  1.60585E+03
  5.52600E+01  1.60586E+03
  5.52700E+01  1.60586E+03
  5.52800E+01  1.60587E+03
  5.52900E+01  1.60587E+03
  5.53000E+01  1.60588E+03
  5.53100E+01  1.60588E+03
  5.53200E+01  1.60589E+03
  5.53300E+01  1.60589E+03
  5.53400E+01  1.60590E+03
  5.53500E+01  1.60590E+03
  5.53600E+01  1.60591E+03
  5.53700E+01  1.60591E+03
  5.53800E+01  1.60592E+03
  5.53900E+01  1.60592E+03
  5.54000E+01  1.60592E+03
  5.54100E+01  1.60593E+03
  5.54200E+01  1.60593E+03
  5.54300E+01  1.60594E+03
  5.54400E+01  1.60594E+03
  5.54500E+01  1.60595E+03
  5.54600E+01  1.60595E+03
  5.54700E+01  1.60596E+03
  5.54800E+01  1.60596E+03
  5.54900E+01  1.60597E+03
  5.55000E+01  1.60597E+03
  5.55100E+01  1.60598E+03
  5.55200E+01  1.60598E+03
  5.55300E+01  1.60599E+03
  5.55400E+01  1.60599E+03
  5.55500E+01  1.60600E+03
  5.55600E+01  1.60600E+03
  5.55700E+01  1.60600E+03
  5.55800E+01  1.60601E+03
  5.55900E+01  1.60601E+03
  5.56000E+01  1.60602E+03
  5.56100E+01  1.60602E+03
  5.56200E+01  1.60603E+03
  5.56300E+01  1.60603E+03
  5.56400E+01  1.60604E+03
  5.56500E+01  1.60604E+03
  5.56600E+01  1.60605E+03
  5.56700E+01  1.60605E+03
  5.56800E+01  1.60606E+03
  5.56900E+01  1.60606E+03
  5.57000E+01  1.60607E+03
  5.57100E+01  1.60607E+03
  5.57200E+01  1.60608E+03
  5.57300E+01  1.60608E+03
  5.57400E+01  1.60608E+03
  5.57500E+01  1.60609E+03
  5.57600E+01  1.60609E+03
  5.57700E+01  1.60610E+03
  5.57800E+01  1.60610E+03
  5.57900E+01  1.60611E+03
  5.58000E+01  1.60611E+03
  5.58100E+01  1.60612E+03
  5.58200E+01  1.60612E+03
  5.58300E+01  1.60613E+03
  5.58400E+01  1.60613E+03
  5.58500E+01  1.60614E+03
  5.58600E+01  1.60614E+03
  5.58700E+01  1.60615E+03
  5.58800E+01  1.60615E+03
  5.58900E+01  1.60615E+03
  5.59000E+01  1.60616E+03
  5.59100E+01  1.60616E+03
  5.59200E+01  1.60617E+03
  5.59300E+01  1.60617E+03
  5.59400E+01  1.60618E+03
  5.59500E+01  1.60618E+03
  5.59600E+01  1.60619E+03
  5.59700E+01  1.60619E+03
  5.59800E+01  1.60620E+03
  5.59900E+01  1.60620E+03
  5.60000E+01  1.60621E+03
  5.60100E+01  1.60621E+03
  5.60200E+01  1.60621E+03
  5.60300E+01  1.60622E+03
  5.60400E+01  1.60622E+03
  5.60500E+01  1.60623E+03
  5.60600E+01  1.60623E+03
  5.60700E+01  1.60624E+03
  5.60800E+01  1.60624E+03
  5.60900E+01  1.60625E+03
  5.61000E+01  1.60625E+03
  5.61100E+01  1.60626E+03
  5.61200E+01  1.60626E+03
  5.61300E+01  1.60627E+03
  5.61400E+01  1.60627E+03
  5.61500E+01  1.60628E+03
  5.61600E+01  1.60628E+03
  5.61700E+01  1.60628E+03
  5.61800E+01  1.60629E+03
  5.61900E+01  1.60629E+03
  5.62000E+01  1.60630E+03
  5.62100E+01  1.60630E+03
  5.62200E+01  1.60631E+03
  5.62300E+01  1.60631E+03
  5.62400E+01  1.60632E+03
  5.62500E+01  1.60632E+03
  5.62600E+01  1.60633E+03
  5.62700E+01  1.60633E+03
  5.62800E+01  1.60634E+03
  5.62900E+01  1.60634E+03
  5.63000E+01  1.60634E+03
  5.63100E+01  1.60635E+03
  5.63200E+01  1.60635E+03
  5.63300E+01  1.60636E+03
  5.63400E+01  1.60636E+03
  5.63500E+01  1.60637E+03
  5.63600E+01  1.60637E+03
  5.63700E+01  1.60638E+03
  5.63800E+01  1.60638E+03
  5.63900E+01  1.60639E+03
  5.64000E+01  1.60639E+03
  5.64100E+01  1.60639E+03
  5.64200E+01  1.60640E+03
  5.64300E+01  1.60640E+03
  5.64400E+01  1.60641E+03
  5.64500E+01  1.60641E+03
  5.64600E+01  1.60642E+03
  5.64700E+01  1.60642E+03
  5.64800E+01  1.60643E+03
  5.64900E+01  1.60643E+03
  5.65000E+01  1.60644E+03
  5.65100E+01  1.60644E+03
  5.65200E+01  1.60645E+03
  5.65300E+01  1.60645E+03
  5.65400E+01  1.60645E+03
  5.65500E+01  1.60646E+03
  5.65600E+01  1.60646E+03
  5.65700E+01  1.60647E+03
  5.65800E+01  1.60647E+03
  5.65900E+01  1.60648E+03
  5.66000E+01  1.60648E+03
  5.66100E+01  1.60649E+03
  5.66200E+01  1.60649E+03
  5.66300E+01  1.60650E+03
  5.66400E+01  1.60650E+03
  5.66500E+01  1.60650E+03
  5.66600E+01  1.60651E+03
  5.66700E+01  1.60651E+03
  5.66800E+01  1.60652E+03
  5.66900E+01  1.60652E+03
  5.67000E+01  1.60653E+03
  5.67100E+01  1.60653E+03
  5.67200E+01  1.60654E+03
  5.67300E+01  1.60654E+03
  5.67400E+01  1.60655E+03
  5.67500E+01  1.60655E+03
  5.67600E+01  1.60655E+03
  5.67700E+01  1.60656E+03
  5.67800E+01  1.60656E+03
  5.67900E+01  1.60657E+03
  5.68000E+01  1.60657E+03
  5.68100E+01  1.60658E+03
  5.68200E+01  1.60658E+03
  5.68300E+01  1.60659E+03
  5.68400E+01  1.60659E+03
  5.68500E+01  1.60660E+03
  5.68600E+01  1.60660E+03
  5.68700E+01  1.60660E+03
  5.68800E+01  1.60661E+03
  5.68900E+01  1.60661E+03
  5.69000E+01  1.60662E+03
  5.69100E+01  1.60662E+03
  5.69200E+01  1.60663E+03
  5.69300E+01  1.60663E+03
  5.69400E+01  1.60664E+03
  5.69500E+01  1.60664E+03
  5.69600E+01  1.60665E+03
  5.69700E+01  1.60665E+03
  5.69800E+01  1.60665E+03
  5.69900E+01  1.60666E+03
  5.70000E+01  1.60666E+03
  5.70100E+01  1.60667E+03
  5.70200E+01  1.60667E+03
  5.70300E+01  1.60668E+03
  5.70400E+01  1.60668E+03
  5.70500E+01  1.60669E+03
  5.70600E+01  1.60669E+03
  5.70700E+01  1.60670E+03
  5.70800E+01  1.60670E+03
  5.70900E+01  1.60670E+03
  5.71000E+01  1.60671E+03
  5.71100E+01  1.60671E+03
  5.71200E+01  1.60672E+03
  5.71300E+01  1.60672E+03
  5.71400E+01  1.60673E+03
  5.71500E+01  1.60673E+03
  5.71600E+01  1.60674E+03
  5.71700E+01  1.60674E+03
  5.71800E+01  1.60675E+03
  5.71900E+01  1.60675E+03
  5.72000E+01  1.60675E+03
  5.72100E+01  1.60676E+03
  5.72200E+01  1.60676E+03
  5.72300E+01  1.60677E+03
  5.72400E+01  1.60677E+03
  5.72500E+01  1.60678E+03
  5.72600E+01  1.60678E+03
  5.72700E+01  1.60679E+03
  5.72800E+01  1.60679E+03
  5.72900E+01  1.60679E+03
  5.73000E+01  1.60680E+03
  5.73100E+01  1.60680E+03
  5.73200E+01  1.60681E+03
  5.73300E+01  1.60681E+03
  5.73400E+01  1.60682E+03
  5.73500E+01  1.60682E+03
  5.73600E+01  1.60683E+03
  5.73700E+01  1.60683E+03
  5.73800E+01  1.60683E+03
  5.73900E+01  1.60684E+03
  5.74000E+01  1.60684E+03
  5.74100E+01  1.60685E+03
  5.74200E+01  1.60685E+03
  5.74300E+01  1.60686E+03
  5.74400E+01  1.60686E+03
  5.74500E+01  1.60687E+03
  5.74600E+01  1.60687E+03
  5.74700E+01  1.60688E+03
  5.74800E+01  1.60688E+03
  5.74900E+01  1.60688E+03
  5.75000E+01  1.60689E+03
  5.75100E+01  1.60689E+03
  5.75200E+01  1.60690E+03
  5.75300E+01  1.60690E+03
  5.75400E+01  1.60691E+03
  5.75500E+01  1.60691E+03
  5.75600E+01  1.60692E+03
  5.75700E+01  1.60692E+03
  5.75800E+01  1.60692E+03
  5.75900E+01  1.60693E+03
  5.76000E+01  1.60693E+03
  5.76100E+01  1.60694E+03
  5.76200E+01  1.60694E+03
  5.76300E+01  1.60695E+03
  5.76400E+01  1.60695E+03
  5.76500E+01  1.60696E+03
  5.76600E+01  1.60696E+03
  5.76700E+01  1.60696E+03
  5.76800E+01  1.60697E+03
  5.76900E+01  1.60697E+03
  5.77000E+01  1.60698E+03
  5.77100E+01  1.60698E+03
  5.77200E+01  1.60699E+03
  5.77300E+01  1.60699E+03
  5.77400E+01  1.60700E+03
  5.77500E+01  1.60700E+03
  5.77600E+01  1.60700E+03
  5.77700E+01  1.60701E+03
  5.77800E+01  1.60701E+03
  5.77900E+01  1.60702E+03
  5.78000E+01  1.60702E+03
  5.78100E+01  1.60703E+03
  5.78200E+01  1.60703E+03
  5.78300E+01  1.60704E+03
  5.78400E+01  1.60704E+03
  5.78500E+01  1.60704E+03
  5.78600E+01  1.60705E+03
  5.78700E+01  1.60705E+03
  5.78800E+01  1.60706E+03
  5.78900E+01  1.60706E+03
  5.79000E+01  1.60707E+03
  5.79100E+01  1.60707E+03
  5.79200E+01  1.60707E+03
  5.79300E+01  1.60708E+03
  5.79400E+01  1.60708E+03
  5.79500E+01  1.60709E+03
  5.79600E+01  1.60709E+03
  5.79700E+01  1.60710E+03
  5.79800E+01  1.60710E+03
  5.79900E+01  1.60711E+03
  5.80000E+01  1.60711E+03
  5.80100E+01  1.60711E+03
  5.80200E+01  1.60712E+03
  5.80300E+01  1.60712E+03
  5.80400E+01  1.60713E+03
  5.80500E+01  1.60713E+03
  5.80600E+01  1.60714E+03
  5.80700E+01  1.60714E+03
  5.80800E+01  1.60715E+03
  5.80900E+01  1.60715E+03
  5.81000E+01  1.60715E+03
  5.81100E+01  1.60716E+03
  5.81200E+01  1.60716E+03
  5.81300E+01  1.60717E+03
  5.81400E+01  1.60717E+03
  5.81500E+01  1.60718E+03
  5.81600E+01  1.60718E+03
  5.81700E+01  1.60718E+03
  5.81800E+01  1.60719E+03
  5.81900E+01  1.60719E+03
  5.82000E+01  1.60720E+03
  5.82100E+01  1.60720E+03
  5.82200E+01  1.60721E+03
  5.82300E+01  1.60721E+03
  5.82400E+01  1.60722E+03
  5.82500E+01  1.60722E+03
  5.82600E+01  1.60722E+03
  5.82700E+01  1.60723E+03
  5.82800E+01  1.60723E+03
  5.82900E+01  1.60724E+03
  5.83000E+01  1.60724E+03
  5.83100E+01  1.60725E+03
  5.83200E+01  1.60725E+03
  5.83300E+01  1.60725E+03
  5.83400E+01  1.60726E+03
  5.83500E+01  1.60726E+03
  5.83600E+01  1.60727E+03
  5.83700E+01  1.60727E+03
  5.83800E+01  1.60728E+03
  5.83900E+01  1.60728E+03
  5.84000E+01  1.60729E+03
  5.84100E+01  1.60729E+03
  5.84200E+01  1.60729E+03
  5.84300E+01  1.60730E+03
  5.84400E+01  1.60730E+03
  5.84500E+01  1.60731E+03
  5.84600E+01  1.60731E+03
  5.84700E+01  1.60732E+03
  5.84800E+01  1.60732E+03
  5.84900E+01  1.60732E+03
  5.85000E+01  1.60733E+03
  5.85100E+01  1.60733E+03
  5.85200E+01  1.60734E+03
  5.85300E+01  1.60734E+03
  5.85400E+01  1.60735E+03
  5.85500E+01  1.60735E+03
  5.85600E+01  1.60735E+03
  5.85700E+01  1.60736E+03
  5.85800E+01  1.60736E+03
  5.85900E+01  1.60737E+03
  5.86000E+01  1.60737E+03
  5.86100E+01  1.60738E+03
  5.86200E+01  1.60738E+03
  5.86300E+01  1.60739E+03
  5.86400E+01  1.60739E+03
  5.86500E+01  1.60739E+03
  5.86600E+01  1.60740E+03
  5.86700E+01  1.60740E+03
  5.86800E+01  1.60741E+03
  5.86900E+01  1.60741E+03
  5.87000E+01  1.60742E+03
  5.87100E+01  1.60742E+03
  5.87200E+01  1.60742E+03
  5.87300E+01  1.60743E+03
  5.87400E+01  1.60743E+03
  5.87500E+01  1.60744E+03
  5.87600E+01  1.60744E+03
  5.87700E+01  1.60745E+03
  5.87800E+01  1.60745E+03
  5.87900E+01  1.60745E+03
  5.88000E+01  1.60746E+03
  5.88100E+01  1.60746E+03
  5.88200E+01  1.60747E+03
  5.88300E+01  1.60747E+03
  5.88400E+01  1.60748E+03
  5.88500E+01  1.60748E+03
  5.88600E+01  1.60748E+03
  5.88700E+01  1.60749E+03
  5.88800E+01  1.60749E+03
  5.88900E+01  1.60750E+03
  5.89000E+01  1.60750E+03
  5.89100E+01  1.60751E+03
  5.89200E+01  1.60751E+03
  5.89300E+01  1.60751E+03
  5.89400E+01  1.60752E+03
  5.89500E+01  1.60752E+03
  5.89600E+01  1.60753E+03
  5.89700E+01  1.60753E+03
  5.89800E+01  1.60754E+03
  5.89900E+01  1.60754E+03
  5.90000E+01  1.60754E+03
  5.90100E+01  1.60755E+03
  5.90200E+01  1.60755E+03
  5.90300E+01  1.60756E+03
  5.90400E+01  1.60756E+03
  5.90500E+01  1.60757E+03
  5.90600E+01  1.60757E+03
  5.90700E+01  1.60757E+03
  5.90800E+01  1.60758E+03
  5.90900E+01  1.60758E+03
  5.91000E+01  1.60759E+03
  5.91100E+01  1.60759E+03
  5.91200E+01  1.60760E+03
  5.91300E+01  1.60760E+03
  5.91400E+01  1.60760E+03
  5.91500E+01  1.60761E+03
  5.91600E+01  1.60761E+03
  5.91700E+01  1.60762E+03
  5.91800E+01  1.60762E+03
  5.91900E+01  1.60763E+03
  5.92000E+01  1.60763E+03
  5.92100E+01  1.60763E+03
  5.92200E+01  1.60764E+03
  5.92300E+01  1.60764E+03
  5.92400E+01  1.60765E+03
  5.92500E+01  1.60765E+03
  5.92600E+01  1.60766E+03
  5.92700E+01  1.60766E+03
  5.92800E+01  1.60766E+03
  5.92900E+01  1.60767E+03
  5.93000E+01  1.60767E+03
  5.93100E+01  1.60768E+03
  5.93200E+01  1.60768E+03
  5.93300E+01  1.60769E+03
  5.93400E+01  1.60769E+03
  5.93500E+01  1.60769E+03
  5.93600E+01  1.60770E+03
  5.93700E+01  1.60770E+03
  5.93800E+01  1.60771E+03
  5.93900E+01  1.60771E+03
  5.94000E+01  1.60772E+03
  5.94100E+01  1.60772E+03
  5.94200E+01  1.60772E+03
  5.94300E+01  1.60773E+03
  5.94400E+01  1.60773E+03
  5.94500E+01  1.60774E+03
  5.94600E+01  1.60774E+03
  5.94700E+01  1.60775E+03
  5.94800E+01  1.60775E+03
  5.94900E+01  1.60775E+03
  5.95000E+01  1.60776E+03
  5.95100E+01  1.60776E+03
  5.95200E+01  1.60777E+03
  5.95300E+01  1.60777E+03
  5.95400E+01  1.60777E+03
  5.95500E+01  1.60778E+03
  5.95600E+01  1.60778E+03
  5.95700E+01  1.60779E+03
  5.95800E+01  1.60779E+03
  5.95900E+01  1.60780E+03
  5.96000E+01  1.60780E+03
  5.96100E+01  1.60780E+03
  5.96200E+01  1.60781E+03
  5.96300E+01  1.60781E+03
  5.96400E+01  1.60782E+03
  5.96500E+01  1.60782E+03
  5.96600E+01  1.60783E+03
  5.96700E+01  1.60783E+03
  5.96800E+01  1.60783E+03
  5.96900E+01  1.60784E+03
  5.97000E+01  1.60784E+03
  5.97100E+01  1.60785E+03
  5.97200E+01  1.60785E+03
  5.97300E+01  1.60786E+03
  5.97400E+01  1.60786E+03
  5.97500E+01  1.60786E+03
  5.97600E+01  1.60787E+03
  5.97700E+01  1.60787E+03
  5.97800E+01  1.60788E+03
  5.97900E+01  1.60788E+03
  5.98000E+01  1.60788E+03
  5.98100E+01  1.60789E+03
  5.98200E+01  1.60789E+03
  5.98300E+01  1.60790E+03
  5.98400E+01  1.60790E+03
  5.98500E+01  1.60791E+03
  5.98600E+01  1.60791E+03
  5.98700E+01  1.60791E+03
  5.98800E+01  1.60792E+03
  5.98900E+01  1.60792E+03
  5.99000E+01  1.60793E+03
  5.99100E+01  1.60793E+03
  5.99200E+01  1.60794E+03
  5.99300E+01  1.60794E+03
  5.99400E+01  1.60794E+03
  5.99500E+01  1.60795E+03
  5.99600E+01  1.60795E+03
  5.99700E+01  1.60796E+03
  5.99800E+01  1.60796E+03
  5.99900E+01  1.60796E+03
  6.00000E+01  1.60797E+03
  6.00100E+01  1.56779E+03
  6.00200E+01  1.54808E+03
  6.00300E+01  1.53175E+03
  6.00400E+01  1.51757E+03
  6.00500E+01  1.50499E+03
  6.00600E+01  1.49364E+03
  6.00700E+01  1.48328E+03
  6.00800E+01  1.47373E+03
  6.00900E+01  1.46487E+03
  6.01000E+01  1.45659E+03
  6.01100E+01  1.44882E+03
  6.01200E+01  1.44150E+03
  6.01300E+01  1.43458E+03
  6.01400E+01  1.42801E+03
  6.01500E+01  1.42175E+03
  6.01600E+01  1.41578E+03
  6.01700E+01  1.41007E+03
  6.01800E+01  1.40460E+03
  6.01900E+01  1.39935E+03
  6.02000E+01  1.39430E+03
  6.02100E+01  1.38943E+03
  6.02200E+01  1.38474E+03
  6.02300E+01  1.38021E+03
  6.02400E+01  1.37583E+03
  6.02500E+01  1.37159E+03
  6.02600E+01  1.36748E+03
  6.02700E+01  1.36349E+03
  6.02800E+01  1.35962E+03
  6.02900E+01  1.35585E+03
  6.03000E+01  1.35219E+03
  6.03100E+01  1.34863E+03
  6.03200E+01  1.34516E+03
  6.03300E+01  1.34177E+03
  6.03400E+01  1.33847E+03
  6.03500E+01  1.33525E+03
  6.03600E+01  1.33210E+03
  6.03700E+01  1.32902E+03
  6.03800E+01  1.32601E+03
  6.03900E+01  1.32307E+03
  6.04000E+01  1.32019E+03
  6.04100E+01  1.31737E+03
  6.04200E+01  1.31460E+03
  6.04300E+01  1.31189E+03
  6.04400E+01  1.30924E+03
  6.04500E+01  1.30663E+03
  6.04600E+01  1.30408E+03
  6.04700E+01  1.30157E+03
  6.04800E+01  1.29910E+03
  6.04900E+01  1.29668E+03
  6.05000E+01  1.29430E+03
  6.05100E+01  1.29196E+03
  6.05200E+01  1.28966E+03
  6.05300E+01  1.28740E+03
  6.05400E+01  1.28518E+03
  6.05500E+01  1.28299E+03
  6.05600E+01  1.28083E+03
  6.05700E+01  1.27871E+03
  6.05800E+01  1.27662E+03
  6.05900E+01  1.27456E+03
  6.06000E+01  1.27253E+03
  6.06100E+01  1.27053E+03
  6.06200E+01  1.26856E+03
  6.06300E+01  1.26662E+03
  6.06400E+01  1.26470E+03
  6.06500E+01  1.26281E+03
  6.06600E+01  1.26094E+03
  6.06700E+01  1.25910E+03
  6.06800E+01  1.25729E+03
  6.06900E+01  1.25549E+03
  6.07000E+01  1.25372E+03
  6.07100E+01  1.25197E+03
  6.07200E+01  1.25025E+03
  6.07300E+01  1.24854E+03
  6.07400E+01  1.24686E+03
  6.07500E+01  1.24519E+03
  6.07600E+01  1.24354E+03
  6.07700E+01  1.24192E+03
  6.07800E+01  1.24031E+03
  6.07900E+01  1.23872E+03
  6.08000E+01  1.23714E+03
  6.08100E+01  1.23559E+03
  6.08200E+01  1.23405E+03
  6.08300E+01  1.23253E+03
  6.08400E+01  1.23102E+03
  6.08500E+01  1.22953E+03
  6.08600E+01  1.22806E+03
  6.08700E+01  1.22660E+03
  6.08800E+01  1.22515E+03
  6.08900E+01  1.22372E+03
  6.09000E+01  1.22231E+03
  6.09100E+01  1.22091E+03
  6.09200E+01  1.21952E+03
  6.09300E+01  1.21814E+03
  6.09400E+01  1.21678E+03
  6.09500E+01  1.21543E+03
  6.09600E+01  1.21409E+03
  6.09700E+01  1.21276E+03
  6.09800E+01  1.21145E+03
  6.09900E+01  1.21015E+03
  6.10000E+01  1.20886E+03
  6.10100E+01  1.20758E+03
  6.10200E+01  1.20631E+03
  6.10300E+01  1.20506E+03
  6.10400E+01  1.20381E+03
  6.10500E+01  1.20258E+03
  6.10600E+01  1.20135E+03
  6.10700E+01  1.20014E+03
  6.10800E+01  1.19893E+03
  6.10900E+01  1.19774E+03
  6.11000E+01  1.19655E+03
  6.11100E+01  1.19538E+03
  6.11200E+01  1.19421E+03
  6.11300E+01  1.19305E+03
  6.11400E+01  1.19190E+03
  6.11500E+01  1.19076E+03
  6.11600E+01  1.18963E+03
  6.11700E+01  1.18851E+03
  6.11800E+01  1.18739E+03
  6.11900E+01  1.18629E+03
  6.12000E+01  1.18519E+03
  6.12100E+01  1.18410E+03
  6.12200E+01  1.18302E+03
  6.12300E+01  1.18194E+03
  6.12400E+01  1.18088E+03
  6.12500E+01  1.17982E+03
  6.12600E+01  1.17876E+03
  6.12700E+01  1.17772E+03
  6.12800E+01  1.17668E+03
  6.12900E+01  1.17565E+03
  6.13000E+01  1.17463E+03
  6.13100E+01  1.17361E+03
  6.13200E+01  1.17261E+03
  6.13300E+01  1.17160E+03
  6.13400E+01  1.17061E+03
  6.13500E+01  1.16962E+03
  6.13600E+01  1.16863E+03
  6.13700E+01  1.16766E+03
  6.13800E+01  1.16668E+03
  6.13900E+01  1.16572E+03
  6.14000E+01  1.16476E+03
  6.14100E+01  1.16381E+03
  6.14200E+01  1.16286E+03
  6.14300E+01  1.16192E+03
  6.14400E+01  1.16098E+03
  6.14500E+01  1.16005E+03
  6.14600E+01  1.15913E+03
  6.14700E+01  1.15821E+03
  6.14800E+01  1.15730E+03
  6.14900E+01  1.15639E+03
  6.15000E+01  1.15549E+03
  6.15100E+01  1.15459E+03
  6.15200E+01  1.15370E+03
  6.15300E+01  1.15281E+03
  6.15400E+01  1.15193E+03
  6.15500E+01  1.15106E+03
  6.15600E+01  1.15018E+03
  6.15700E+01  1.14932E+03
  6.15800E+01  1.14846E+03
  6.15900E+01  1.14760E+03
  6.16000E+01  1.14675E+03
  6.16100E+01  1.14590E+03
  6.16200E+01  1.14506E+03
  6.16300E+01  1.14422E+03
  6.16400E+01  1.14339E+03
  6.16500E+01  1.14256E+03
  6.16600E+01  1.14173E+03
  6.16700E+01  1.14091E+03
  6.16800E+01  1.14010E+03
  6.16900E+01  1.13929E+03
  6.17000E+01  1.13848E+03
  6.17100E+01  1.13767E+03
  6.17200E+01  1.13688E+03
  6.17300E+01  1.13608E+03
  6.17400E+01  1.13529E+03
  6.17500E+01  1.13450E+03
  6.17600E+01  1.13372E+03
  6.17700E+01  1.13294E+03
  6.17800E+01  1.13217E+03
  6.17900E+01  1.13140E+03
  6.18000E+01  1.13063E+03
  6.18100E+01  1.12987E+03
  6.18200E+01  1.12911E+03
  6.18300E+01  1.12835E+03
  6.18400E+01  1.12760E+03
  6.18500E+01  1.12685E+03
  6.18600E+01  1.12610E+03
  6.18700E+01  1.12536E+03
  6.18800E+01  1.12463E+03
  6.18900E+01  1.12389E+03
  6.19000E+01  1.12316E+03
  6.19100E+01  1.12243E+03
  6.19200E+01  1.12171E+03
  6.19300E+01  1.12099E+03
  6.19400E+01  1.12027E+03
  6.19500E+01  1.11956E+03
  6.19600E+01  1.11885E+03
  6.19700E+01  1.11814E+03
  6.19800E+01  1.11744E+03
  6.19900E+01  1.11674E+03
  6.20000E+01  1.11604E+03
  6.20100E+01  1.11534E+03
  6.20200E+01  1.11465E+03
  6.20300E+01  1.11396E+03
  6.20400E+01  1.11328E+03
  6.20500E+01  1.11260E+03
  6.20600E+01  1.11192E+03
  6.20700E+01  1.11124E+03
  6.20800E+01  1.11057E+03
  6.20900E+01  1.10990E+03
  6.21000E+01  1.10923E+03
  6.21100E+01  1.10857E+03
  6.21200E+01  1.10790E+03
  6.21300E+01  1.10724E+03
  6.21400E+01  1.10659E+03
  6.21500E+01  1.10593E+03
  6.21600E+01  1.10528E+03
  6.21700E+01  1.10464E+03
  6.21800E+01  1.10399E+03
  6.21900E+01  1.10335E+03
  6.22000E+01  1.10271E+03
  6.22100E+01  1.10207E+03
  6.22200E+01  1.10144E+03
  6.22300E+01  1.10081E+03
  6.22400E+01  1.10018E+03
  6.22500E+01  1.09955E+03
  6.22600E+01  1.09893E+03
  6.22700E+01  1.09830E+03
  6.22800E+01  1.09768E+03
  6.22900E+01  1.09707E+03
  6.23000E+01  1.09645E+03
  6.23100E+01  1.09584E+03
  6.23200E+01  1.09523E+03
  6.23300E+01  1.09463E+03
  6.23400E+01  1.09402E+03
  6.23500E+01  1.09342E+03
  6.23600E+01  1.09282E+03
  6.23700E+01  1.09222E+03
  6.23800E+01  1.09163E+03
  6.23900E+01  1.09103E+03
  6.24000E+01  1.09044E+03
  6.24100E+01  1.08985E+03
  6.24200E+01  1.08927E+03
  6.24300E+01  1.08868E+03
  6.24400E+01  1.08810E+03
  6.24500E+01  1.08752E+03
  6.24600E+01  1.08694E+03
  6.24700E+01  1.08637E+03
  6.24800E+01  1.08580E+03
  6.24900E+01  1.08522E+03
  6.25000E+01  1.08466E+03
  6.25100E+01  1.08409E+03
  6.25200E+01  1.08352E+03
  6.25300E+01  1.08296E+03
  6.25400E+01  1.08240E+03
  6.25500E+01  1.08184E+03
  6.25600E+01  1.08128E+03
  6.25700E+01  1.08073E+03
  6.25800E+01  1.08018E+03
  6.25900E+01  1.07963E+03
  6.26000E+01  1.07908E+03
  6.26100E+01  1.07853E+03
  6.26200E+01  1.07799E+03
  6.26300E+01  1.07744E+03
  6.26400E+01  1.07690E+03
  6.26500E+01  1.07636E+03
  6.26600E+01  1.07583E+03
  6.26700E+01  1.07529E+03
  6.26800E+01  1.07476E+03
  6.26900E+01  1.07423E+03
  6.27000E+01  1.07370E+03
  6.27100E+01  1.07317E+03
  6.27200E+01  1.07264E+03
  6.27300E+01  1.07212E+03
  6.27400E+01  1.07159E+03
  6.27500E+01  1.07107E+03
  6.27600E+01  1.07055E+03
  6.27700E+01  1.07004E+03
  6.27800E+01  1.06952E+03
  6.27900E+01  1.06901E+03
  6.28000E+01  1.06850E+03
  6.28100E+01  1.06799E+03
  6.28200E+01  1.06748E+03
  6.28300E+01  1.06697E+03
  6.28400E+01  1.06646E+03
  6.28500E+01  1.06596E+03
  6.28600E+01  1.06546E+03
  6.28700E+01  1.06496E+03
  6.28800E+01  1.06446E+03
  6.28900E+01  1.06396E+03
  6.29000E+01  1.06347E+03
  6.29100E+01  1.06297E+03
  6.29200E+01  1.06248E+03
  6.29300E+01  1.06199E+03
  6.29400E+01  1.06150E+03
  6.29500E+01  1.06101E+03
  6.29600E+01  1.06053E+03
  6.29700E+01  1.06004E+03
  6.29800E+01  1.05956E+03
  6.29900E+01  1.05908E+03
  6.30000E+01  1.05860E+03
  6.30100E+01  1.05812E+03
  6.30200E+01  1.05764E+03
  6.30300E+01  1.05717E+03
  6.30400E+01  1.05669E+03
  6.30500E+01  1.05622E+03
  6.30600E+01  1.05575E+03
  6.30700E+01  1.05528E+03
  6.30800E+01  1.05481E+03
  6.30900E+01  1.05434E+03
  6.31000E+01  1.05388E+03
  6.31100E+01  1.05341E+03
  6.31200E+01  1.05295E+03
  6.31300E+01  1.05249E+03
  6.31400E+01  1.05203E+03
  6.31500E+01  1.05157E+03
  6.31600E+01  1.05112E+03
  6.31700E+01  1.05066E+03
  6.31800E+01  1.05020E+03
  6.31900E+01  1.04975E+03
  6.32000E+01  1.04930E+03
  6.32100E+01  1.04885E+03
  6.32200E+01  1.04840E+03
  6.32300E+01  1.04795E+03
  6.32400E+01  1.04751E+03
  6.32500E+01  1.04706E+03
  6.32600E+01  1.04662E+03
  6.32700E+01  1.04618E+03
  6.32800E+01  1.04573E+03
  6.32900E+01  1.04530E+03
  6.33000E+01  1.04486E+03
  6.33100E+01  1.04442E+03
  6.33200E+01  1.04398E+03
  6.33300E+01  1.04355E+03
  6.33400E+01  1.04312E+03
  6.33500E+01  1.04268E+03
  6.33600E+01  1.04225E+03
  6.33700E+01  1.04182E+03
  6.33800E+01  1.04140E+03
  6.33900E+01  1.04097E+03
  6.34000E+01  1.04054E+03
  6.34100E+01  1.04012E+03
  6.34200E+01  1.03969E+03
  6.34300E+01  1.03927E+03
  6.34400E+01  1.03885E+03
  6.34500E+01  1.03843E+03
  6.34600E+01  1.03801E+03
  6.34700E+01  1.03759E+03
  6.34800E+01  1.03718E+03
  6.34900E+01  1.03676E+03
  6.35000E+01  1.03635E+03
  6.35100E+01  1.03593E+03
  6.35200E+01  1.03552E+03
  6.35300E+01  1.03511E+03
  6.35400E+01  1.03470E+03
  6.35500E+01  1.03429E+03
  6.35600E+01  1.03389E+03
  6.35700E+01  1.03348E+03
  6.35800E+01  1.03307E+03
  6.35900E+01  1.03267E+03
  6.36000E+01  1.03227E+03
  6.36100E+01  1.03186E+03
  6.36200E+01  1.03146E+03
  6.36300E+01  1.03106E+03
  6.36400E+01  1.03066E+03
  6.36500E+01  1.03027E+03
  6.36600E+01  1.02987E+03
  6.36700E+01  1.02947E+03
  6.36800E+01  1.02908E+03
  6.36900E+01  1.02869E+03
  6.37000E+01  1.02829E+03
  6.37100E+01  1.02790E+03
  6.37200E+01  1.02751E+03
  6.37300E+01  1.02712E+03
  6.37400E+01  1.02673E+03
  6.37500E+01  1.02634E+03
  6.37600E+01  1.02596E+03
  6.37700E+01  1.02557E+03
  6.37800E+01  1.02519E+03
  6.37900E+01  1.02480E+03
  6.38000E+01  1.02442E+03
  6.38100E+01  1.02404E+03
  6.38200E+01  1.02366E+03
  6.38300E+01  1.02328E+03
  6.38400E+01  1.02290E+03
  6.38500E+01  1.02252E+03
  6.38600E+01  1.02214E+03
  6.38700E+01  1.02177E+03
  6.38800E+01  1.02139E+03
  6.38900E+01  1.02102E+03
  6.39000E+01  1.02065E+03
  6.39100E+01  1.02027E+03
  6.39200E+01  1.01990E+03
  6.39300E+01  1.01953E+03
  6.39400E+01  1.01917E+03
  6.39500E+01  1.01880E+03
  6.39600E+01  1.01843E+03
  6.39700E+01  1.01806E+03
  6.39800E+01  1.01770E+03
  6.39900E+01  1.01734E+03
  6.40000E+01  1.01697E+03
  6.40100E+01  1.01661E+03
  6.40200E+01  1.01625E+03
  6.40300E+01  1.01589E+03
  6.40400E+01  1.01553E+03
  6.40500E+01  1.01517E+03
  6.40600E+01  1.01481E+03
  6.40700E+01  1.01445E+03
  6.40800E+01  1.01410E+03
  6.40900E+01  1.01374E+03
  6.41000E+01  1.01339E+03
  6.41100E+01  1.01303E+03
  6.41200E+01  1.01268E+03
  6.41300E+01  1.01233E+03
  6.41400E+01  1.01198E+03
  6.41500E+01  1.01163E+03
  6.41600E+01  1.01128E+03
  6.41700E+01  1.01093E+03
  6.41800E+01  1.01058E+03
  6.41900E+01  1.01023E+03
  6.42000E+01  1.00989E+03
  6.42100E+01  1.00954E+03
  6.42200E+01  1.00920E+03
  6.42300E+01  1.00885E+03
  6.42400E+01  1.00851E+03
  6.42500E+01  1.00817E+03
  6.42600E+01  1.00783E+03
  6.42700E+01  1.00748E+03
  6.42800E+01  1.00714E+03
  6.42900E+01  1.00681E+03
  6.43000E+01  1.00647E+03
  6.43100E+01  1.00613E+03
  6.43200E+01  1.00579E+03
  6.43300E+01  1.00546E+03
  6.43400E+01  1.00512E+03
  6.43500E+01  1.00479E+03
  6.43600E+01  1.00445E+03
  6.43700E+01  1.00412E+03
  6.43800E+01  1.00379E+03
  6.43900E+01  1.00345E+03
  6.44000E+01  1.00312E+03
  6.44100E+01  1.00279E+03
  6.44200E+01  1.00246E+03
  6.44300E+01  1.00213E+03
  6.44400E+01  1.00181E+03
  6.44500E+01  1.00148E+03
  6.44600E+01  1.00115E+03
  6.44700E+01  1.00083E+03
  6.44800E+01  1.00050E+03
  6.44900E+01  1.00018E+03
  6.45000E+01  9.99853E+02
  6.45100E+01  9.99529E+02
  6.45200E+01  9.99207E+02
  6.45300E+01  9.98885E+02
  6.45400E+01  9.98565E+02
  6.45500E+01  9.98245E+02
  6.45600E+01  9.97926E+02
  6.45700E+01  9.97607E+02
  6.45800E+01  9.97290E+02
  6.45900E+01  9.96973E+02
  6.46000E+01  9.96657E+02
  6.46100E+01  9.96342E+02
  6.46200E+01  9.96027E+02
  6.46300E+01  9.95714E+02
  6.46400E+01  9.95401E+02
  6.46500E+01  9.95088E+02
  6.46600E+01  9.94777E+02
  6.46700E+01  9.94466E+02
  6.46800E+01  9.94155E+02
  6.46900E+01  9.93846E+02
  6.47000E+01  9.93537E+02
  6.47100E+01  9.93229E+02
  6.47200E+01  9.92921E+02
  6.47300E+01  9.92615E+02
  6.47400E+01  9.92308E+02
  6.47500E+01  9.92003E+02
  6.47600E+01  9.91698E+02
  6.47700E+01  9.91394E+02
  6.47800E+01  9.91090E+02
  6.47900E+01  9.90787E+02
  6.48000E+01  9.90485E+02
  6.48100E+01  9.90183E+02
  6.48200E+01  9.89882E+02
  6.48300E+01  9.89582E+02
  6.48400E+01  9.89282E+02
  6.48500E+01  9.88983E+02
  6.48600E+01  9.88684E+02
  6.48700E+01  9.88386E+02
  6.48800E+01  9.88089E+02
  6.48900E+01  9.87793E+02
  6.49000E+01  9.87497E+02
  6.49100E+01  9.87201E+02
  6.49200E+01  9.86907E+02
  6.49300E+01  9.86612E+02
  6.49400E+01  9.86319E+02
  6.49500E+01  9.86026E+02
  6.49600E+01  9.85734E+02
  6.49700E+01  9.85442E+02
  6.49800E+01  9.85151E+02
  6.49900E+01  9.84860E+02
  6.50000E+01  9.84570E+02
  6.50100E+01  9.84281E+02
  6.50200E+01  9.83992E+02
  6.50300E+01  9.83703E+02
  6.50400E+01  9.83416E+02
  6.50500E+01  9.83129E+02
  6.50600E+01  9.82842E+02
  6.50700E+01  9.82556E+02
  6.50800E+01  9.82271E+02
  6.50900E+01  9.81986E+02
  6.51000E+01  9.81701E+02
  6.51100E+01  9.81417E+02
  6.51200E+01  9.81134E+02
  6.51300E+01  9.80851E+02
  6.51400E+01  9.80568E+02
  6.51500E+01  9.80287E+02
  6.51600E+01  9.80005E+02
  6.51700E+01  9.79725E+02
  6.51800E+01  9.79444E+02
  6.51900E+01  9.79165E+02
  6.52000E+01  9.78886E+02
  6.52100E+01  9.78607E+02
  6.52200E+01  9.78329E+02
  6.52300E+01  9.78051E+02
  6.52400E+01  9.77774E+02
  6.52500E+01  9.77498E+02
  6.52600E+01  9.77222E+02
  6.52700E+01  9.76946E+02
  6.52800E+01  9.76671E+02
  6.52900E+01  9.76397E+02
  6.53000E+01  9.76123E+02
  6.53100E+01  9.75849E+02
  6.53200E+01  9.75577E+02
  6.53300E+01  9.75304E+02
  6.53400E+01  9.75032E+02
  6.53500E+01  9.74761E+02
  6.53600E+01  9.74490E+02
  6.53700E+01  9.74220E+02
  6.53800E+01  9.73950E+02
  6.53900E+01  9.73681E+02
  6.54000E+01  9.73413E+02
  6.54100E+01  9.73145E+02
  6.54200E+01  9.72878E+02
  6.54300E+01  9.72612E+02
  6.54400E+01  9.72346E+02
  6.54500E+01  9.72081E+02
  6.54600E+01  9.71816E+02
  6.54700E+01  9.71552E+02
  6.54800E+01  9.71288E+02
  6.54900E+01  9.71025E+02
  6.55000E+01  9.70762E+02
  6.55100E+01  9.70500E+02
  6.55200E+01  9.70239E+02
  6.55300E+01  9.69978E+02
  6.55400E+01  9.69717E+02
  6.55500E+01  9.69457E+02
  6.55600E+01  9.69198E+02
  6.55700E+01  9.68939E+02
  6.55800E+01  9.68681E+02
  6.55900E+01  9.68423E+02
  6.56000E+01  9.68166E+02
  6.56100E+01  9.67909E+02
  6.56200E+01  9.67652E+02
  6.56300E+01  9.67396E+02
  6.56400E+01  9.67141E+02
  6.56500E+01  9.66886E+02
  6.56600E+01  9.66631E+02
  6.56700E+01  9.66377E+02
  6.56800E+01  9.66124E+02
  6.56900E+01  9.65871E+02
  6.57000E+01  9.65618E+02
  6.57100E+01  9.65366E+02
  6.57200E+01  9.65114E+02
  6.57300E+01  9.64863E+02
  6.57400E+01  9.64612E+02
  6.57500E+01  9.64362E+02
  6.57600E+01  9.64112E+02
  6.57700E+01  9.63863E+02
  6.57800E+01  9.63614E+02
  6.57900E+01  9.63365E+02
  6.58000E+01  9.63117E+02
  6.58100E+01  9.62870E+02
  6.58200E+01  9.62623E+02
  6.58300E+01  9.62376E+02
  6.58400E+01  9.62130E+02
  6.58500E+01  9.61884E+02
  6.58600E+01  9.61638E+02
  6.58700E+01  9.61393E+02
  6.58800E+01  9.61149E+02
  6.58900E+01  9.60905E+02
  6.59000E+01  9.60661E+02
  6.59100E+01  9.60418E+02
  6.59200E+01  9.60175E+02
  6.59300E+01  9.59932E+02
  6.59400E+01  9.59690E+02
  6.59500E+01  9.59449E+02
  6.59600E+01  9.59208E+02
  6.59700E+01  9.58967E+02
  6.59800E+01  9.58726E+02
  6.59900E+01  9.58486E+02
  6.60000E+01  9.58246E+02
  6.60100E+01  9.58007E+02
  6.60200E+01  9.57768E+02
  6.60300E+01  9.57529E+02
  6.60400E+01  9.57291E+02
  6.60500E+01  9.57053E+02
  6.60600E+01  9.56816E+02
  6.60700E+01  9.56579E+02
  6.60800E+01  9.56342E+02
  6.60900E+01  9.56106E+02
  6.61000E+01  9.55870E+02
  6.61100E+01  9.55635E+02
  6.61200E+01  9.55400E+02
  6.61300E+01  9.55165E+02
  6.61400E+01  9.54931E+02
  6.61500E+01  9.54697E+02
  6.61600E+01  9.54463E+02
  6.61700E+01  9.54230E+02
  6.61800E+01  9.53997E+02
  6.61900E+01  9.53765E+02
  6.62000E+01  9.53533E+02
  6.62100E+01  9.53301E+02
  6.62200E+01  9.53069E+02
  6.62300E+01  9.52838E+02
  6.62400E+01  9.52608E+02
  6.62500E+01  9.52378E+02
  6.62600E+01  9.52148E+02
  6.62700E+01  9.51918E+02
  6.62800E+01  9.51689E+02
  6.62900E+01  9.51460E+02
  6.63000E+01  9.51232E+02
  6.63100E+01  9.51004E+02
  6.63200E+01  9.50776E+02
  6.63300E+01  9.50549E+02
  6.63400E+01  9.50322E+02
  6.63500E+01  9.50095E+02
  6.63600E+01  9.49869E+02
  6.63700E+01  9.49643E+02
  6.63800E+01  9.49417E+02
  6.63900E+01  9.49192E+02
  6.64000E+01  9.48968E+02
  6.64100E+01  9.48744E+02
  6.64200E+01  9.48520E+02
  6.64300E+01  9.48297E+02
  6.64400E+01  9.48074E+02
  6.64500E+01  9.47852E+02
  6.64600E+01  9.47630E+02
  6.64700E+01  9.47408E+02
  6.64800E+01  9.47187E+02
  6.64900E+01  9.46967E+02
  6.65000E+01  9.46747E+02
  6.65100E+01  9.46527E+02
  6.65200E+01  9.46307E+02
  6.65300E+01  9.46088E+02
  6.65400E+01  9.45870E+02
  6.65500E+01  9.45652E+02
  6.65600E+01  9.45434E+02
  6.65700E+01  9.45216E+02
  6.65800E+01  9.44999E+02
  6.65900E+01  9.44783E+02
  6.66000E+01  9.44566E+02
  6.66100E+01  9.44351E+02
  6.66200E+01  9.44135E+02
  6.66300E+01  9.43920E+02
  6.66400E+01  9.43705E+02
  6.66500E+01  9.43490E+02
  6.66600E+01  9.43276E+02
  6.66700E+01  9.43062E+02
  6.66800E+01  9.42849E+02
  6.66900E+01  9.42636E+02
  6.67000E+01  9.42423E+02
  6.67100E+01  9.42210E+02
  6.67200E+01  9.41998E+02
  6.67300E+01  9.41787E+02
  6.67400E+01  9.41575E+02
  6.67500E+01  9.41364E+02
  6.67600E+01  9.41153E+02
  6.67700E+01  9.40943E+02
  6.67800E+01  9.40733E+02
  6.67900E+01  9.40523E+02
  6.68000E+01  9.40313E+02
  6.68100E+01  9.40104E+02
  6.68200E+01  9.39895E+02
  6.68300E+01  9.39687E+02
  6.68400E+01  9.39479E+02
  6.68500E+01  9.39271E+02
  6.68600E+01  9.39063E+02
  6.68700E+01  9.38856E+02
  6.68800E+01  9.38649E+02
  6.68900E+01  9.38442E+02
  6.69000E+01  9.38236E+02
  6.69100E+01  9.38030E+02
  6.69200E+01  9.37824E+02
  6.69300E+01  9.37619E+02
  6.69400E+01  9.37414E+02
  6.69500E+01  9.37209E+02
  6.69600E+01  9.37005E+02
  6.69700E+01  9.36801E+02
  6.69800E+01  9.36597E+02
  6.69900E+01  9.36393E+02
  6.70000E+01  9.36190E+02
  6.70100E+01  9.35987E+02
  6.70200E+01  9.35785E+02
  6.70300E+01  9.35582E+02
  6.70400E+01  9.35380E+02
  6.70500E+01  9.35178E+02
  6.70600E+01  9.34977E+02
  6.70700E+01  9.34775E+02
  6.70800E+01  9.34574E+02
  6.70900E+01  9.34374E+02
  6.71000E+01  9.34173E+02
  6.71100E+01  9.33973E+02
  6.71200E+01  9.33773E+02
  6.71300E+01  9.33573E+02
  6.71400E+01  9.33374E+02
  6.71500E+01  9.33175E+02
  6.71600E+01  9.32976E+02
  6.71700E+01  9.32777E+02
  6.71800E+01  9.32579E+02
  6.71900E+01  9.32381E+02
  6.72000E+01  9.32183E+02
  6.72100E+01  9.31986E+02
  6.72200E+01  9.31789E+02
  6.72300E+01  9.31592E+02
  6.72400E+01  9.31395E+02
  6.72500E+01  9.31198E+02
  6.72600E+01  9.31002E+02
  6.72700E+01  9.30806E+02
  6.72800E+01  9.30611E+02
  6.72900E+01  9.30415E+02
  6.73000E+01  9.30220E+02
  6.73100E+01  9.30025E+02
  6.73200E+01  9.29831E+02
  6.73300E+01  9.29637E+02
  6.73400E+01  9.29443E+02
  6.73500E+01  9.29249E+02
  6.73600E+01  9.29055E+02
  6.73700E+01  9.28862E+02
  6.73800E+01  9.28669E+02
  6.73900E+01  9.28477E+02
  6.74000E+01  9.28284E+02
  6.74100E+01  9.28092E+02
  6.74200E+01  9.27900E+02
  6.74300E+01  9.27708E+02
  6.74400E+01  9.27517E+02
  6.74500E+01  9.27326E+02
  6.74600E+01  9.27135E+02
  6.74700E+01  9.26944E+02
  6.74800E+01  9.26754E+02
  6.74900E+01  9.26564E+02
  6.75000E+01  9.26373E+02
  6.75100E+01  9.26184E+02
  6.75200E+01  9.25994E+02
  6.75300E+01  9.25805E+02
  6.75400E+01  9.25616E+02
  6.75500E+01  9.25427E+02
  6.75600E+01  9.25238E+02
  6.75700E+01  9.25050E+02
  6.75800E+01  9.24862E+02
  6.75900E+01  9.24674E+02
  6.76000E+01  9.24486E+02
  6.76100E+01  9.24299E+02
  6.76200E+01  9.24112E+02
  6.76300E+01  9.23925E+02
  6.76400E+01  9.23739E+02
  6.76500E+01  9.23553E+02
  6.76600E+01  9.23368E+02
  6.76700E+01  9.23182E+02
  6.76800E+01  9.22997E+02
  6.76900E+01  9.22813E+02
  6.77000E+01  9.22628E+02
  6.77100E+01  9.22444E+02
  6.77200E+01  9.22260E+02
  6.77300E+01  9.22077E+02
  6.77400E+01  9.21893E+02
  6.77500E+01  9.21711E+02
  6.77600E+01  9.21528E+02
  6.77700E+01  9.21345E+02
  6.77800E+01  9.21163E+02
  6.77900E+01  9.20981E+02
  6.78000E+01  9.20800E+02
  6.78100E+01  9.20618E+02
  6.78200E+01  9.20437E+02
  6.78300E+01  9.20256E+02
  6.78400E+01  9.20076E+02
  6.78500E+01  9.19896E+02
  6.78600E+01  9.19716E+02
  6.78700E+01  9.19536E+02
  6.78800E+01  9.19356E+02
  6.78900E+01  9.19177E+02
  6.79000E+01  9.18997E+02
  6.79100E+01  9.18818E+02
  6.79200E+01  9.18640E+02
  6.79300E+01  9.18461E+02
  6.79400E+01  9.18283E+02
  6.79500E+01  9.18105E+02
  6.79600E+01  9.17927E+02
  6.79700E+01  9.17749E+02
  6.79800E+01  9.17572E+02
  6.79900E+01  9.17395E+02
  6.80000E+01  9.17218E+02
  6.80100E+01  9.17041E+02
  6.80200E+01  9.16865E+02
  6.80300E+01  9.16689E+02
  6.80400E+01  9.16513E+02
  6.80500E+01  9.16337E+02
  6.80600E+01  9.16161E+02
  6.80700E+01  9.15986E+02
  6.80800E+01  9.15811E+02
  6.80900E+01  9.15636E+02
  6.81000E+01  9.15462E+02
  6.81100E+01  9.15287E+02
  6.81200E+01  9.15113E+02
  6.81300E+01  9.14939E+02
  6.81400E+01  9.14765E+02
  6.81500E+01  9.14592E+02
  6.81600E+01  9.14419E+02
  6.81700E+01  9.14246E+02
  6.81800E+01  9.14073E+02
  6.81900E+01  9.13900E+02
  6.82000E+01  9.13728E+02
  6.82100E+01  9.13555E+02
  6.82200E+01  9.13384E+02
  6.82300E+01  9.13212E+02
  6.82400E+01  9.13040E+02
  6.82500E+01  9.12869E+02
  6.82600E+01  9.12698E+02
  6.82700E+01  9.12527E+02
  6.82800E+01  9.12356E+02
  6.82900E+01  9.12186E+02
  6.83000E+01  9.12015E+02
  6.83100E+01  9.11845E+02
  6.83200E+01  9.11675E+02
  6.83300E+01  9.11505E+02
  6.83400E+01  9.11336E+02
  6.83500E+01  9.11166E+02
  6.83600E+01  9.10997E+02
  6.83700E+01  9.10828E+02
  6.83800E+01  9.10659E+02
  6.83900E+01  9.10490E+02
  6.84000E+01  9.10322E+02
  6.84100E+01  9.10153E+02
  6.84200E+01  9.09985E+02
  6.84300E+01  9.09817E+02
  6.84400E+01  9.09650E+02
  6.84500E+01  9.09482E+02
  6.84600E+01  9.09315E+02
  6.84700E+01  9.09148E+02
  6.84800E+01  9.08981E+02
  6.84900E+01  9.08814E+02
  6.85000E+01  9.08647E+02
  6.85100E+01  9.08481E+02
  6.85200E+01  9.08315E+02
  6.85300E+01  9.08149E+02
  6.85400E+01  9.07983E+02
  6.85500E+01  9.07817E+02
  6.85600E+01  9.07652E+02
  6.85700E+01  9.07486E+02
  6.85800E+01  9.07321E+02
  6.85900E+01  9.07156E+02
  6.86000E+01  9.06992E+02
  6.86100E+01  9.06827E+02
  6.86200E+01  9.06663E+02
  6.86300E+01  9.06499E+02
  6.86400E+01  9.06335E+02
  6.86500E+01  9.06171E+02
  6.86600E+01  9.06008E+02
  6.86700E+01  9.05844E+02
  6.86800E+01  9.05681E+02
  6.86900E+01  9.05518E+02
  6.87000E+01  9.05355E+02
  6.87100E+01  9.05192E+02
  6.87200E+01  9.05030E+02
  6.87300E+01  9.04868E+02
  6.87400E+01  9.04705E+02
  6.87500E+01  9.04543E+02
  6.87600E+01  9.04382E+02
  6.87700E+01  9.04220E+02
  6.87800E+01  9.04058E+02
  6.87900E+01  9.03897E+02
  6.88000E+01  9.03736E+02
  6.88100E+01  9.03575E+02
  6.88200E+01  9.03414E+02
  6.88300E+01  9.03253E+02
  6.88400E+01  9.03093E+02
  6.88500E+01  9.02933E+02
  6.88600E+01  9.02772E+02
  6.88700E+01  9.02612E+02
  6.88800E+01  9.02452E+02
  6.88900E+01  9.02293E+02
  6.89000E+01  9.02133E+02
  6.89100E+01  9.01974E+02
  6.89200E+01  9.01815E+02
  6.89300E+01  9.01656E+02
  6.89400E+01  9.01497E+02
  6.89500E+01  9.01338E+02
  6.89600E+01  9.01180E+02
  6.89700E+01  9.01021E+02
  6.89800E+01  9.00863E+02
  6.89900E+01  9.00705E+02
  6.90000E+01  9.00547E+02
  6.90100E+01  9.00390E+02
  6.90200E+01  9.00232E+02
  6.90300E+01  9.00075E+02
  6.90400E+01  8.99917E+02
  6.90500E+01  8.99760E+02
  6.90600E+01  8.99604E+02
  6.90700E+01  8.99447E+02
  6.90800E+01  8.99291E+02
  6.90900E+01  8.99134E+02
  6.91000E+01  8.98978E+02
  6.91100E+01  8.98823E+02
  6.91200E+01  8.98667E+02
  6.91300E+01  8.98511E+02
  6.91400E+01  8.98356E+02
  6.91500E+01  8.98201E+02
  6.91600E+01  8.98046E+02
  6.91700E+01  8.97892E+02
  6.91800E+01  8.97737E+02
  6.91900E+01  8.97583E+02
  6.92000E+01  8.97429E+02
  6.92100E+01  8.97275E+02
  6.92200E+01  8.97121E+02
  6.92300E+01  8.96967E+02
  6.92400E+01  8.96814E+02
  6.92500E+01  8.96661E+02
  6.92600E+01  8.96508E+02
  6.92700E+01  8.96355E+02
  6.92800E+01  8.96202E+02
  6.92900E+01  8.96049E+02
  6.93000E+01  8.95897E+02
  6.93100E+01  8.95745E+02
  6.93200E+01  8.95592E+02
  6.93300E+01  8.95440E+02
  6.93400E+01  8.95289E+02
  6.93500E+01  8.95137E+02
  6.93600E+01  8.94985E+02
  6.93700E+01  8.94834E+02
  6.93800E+01  8.94683E+02
  6.93900E+01  8.94532E+02
  6.94000E+01  8.94381E+02
  6.94100E+01  8.94230E+02
  6.94200E+01  8.94080E+02
  6.94300E+01  8.93929E+02
  6.94400E+01  8.93779E+02
  6.94500E+01  8.93629E+02
  6.94600E+01  8.93479E+02
  6.94700E+01  8.93329E+02
  6.94800E+01  8.93180E+02
  6.94900E+01  8.93030E+02
  6.95000E+01  8.92881E+02
  6.95100E+01  8.92732E+02
  6.95200E+01  8.92583E+02
  6.95300E+01  8.92434E+02
  6.95400E+01  8.92285E+02
  6.95500E+01  8.92136E+02
  6.95600E+01  8.91988E+02
  6.95700E+01  8.91840E+02
  6.95800E+01  8.91692E+02
  6.95900E+01  8.91544E+02
  6.96000E+01  8.91396E+02
  6.96100E+01  8.91248E+02
  6.96200E+01  8.91101E+02
  6.96300E+01  8.90954E+02
  6.96400E+01  8.90806E+02
  6.96500E+01  8.90659E+02
  6.96600E+01  8.90512E+02
  6.96700E+01  8.90366E+02
  6.96800E+01  8.90219E+02
  6.96900E+01  8.90072E+02
  6.97000E+01  8.89926E+02
  6.97100E+01  8.89780E+02
  6.97200E+01  8.89634E+02
  6.97300E+01  8.89488E+02
  6.97400E+01  8.89342E+02
  6.97500E+01  8.89196E+02
  6.97600E+01  8.89051E+02
  6.97700E+01  8.88906E+02
  6.97800E+01  8.88760E+02
  6.97900E+01  8.88615E+02
  6.98000E+01  8.88470E+02
  6.98100E+01  8.88326E+02
  6.98200E+01  8.88181E+02
  6.98300E+01  8.88036E+02
  6.98400E+01  8.87892E+02
  6.98500E+01  8.87748E+02
  6.98600E+01  8.87603E+02
  6.98700E+01  8.87459E+02
  6.98800E+01  8.87315E+02
  6.98900E+01  8.87172E+02
  6.99000E+01  8.87028E+02
  6.99100E+01  8.86884E+02
  6.99200E+01  8.86741E+02
  6.99300E+01  8.86598E+02
  6.99400E+01  8.86455E+02
  6.99500E+01  8.86312E+02
  6.99600E+01  8.86169E+02
  6.99700E+01  8.86026E+02
  6.99800E+01  8.85884E+02
  6.99900E+01  8.85741E+02
  7.00000E+01  8.85599E+02
  7.00100E+01  8.85457E+02
  7.00200E+01  8.85314E+02
  7.00300E+01  8.85173E+02
  7.00400E+01  8.85031E+02
  7.00500E+01  8.84889E+02
  7.00600E+01  8.84747E+02
  7.00700E+01  8.84606E+02
  7.00800E+01  8.84465E+02
  7.00900E+01  8.84324E+02
  7.01000E+01  8.84183E+02
  7.01100E+01  8.84042E+02
  7.01200E+01  8.83901E+02
  7.01300E+01  8.83760E+02
  7.01400E+01  8.83620E+02
  7.01500E+01  8.83479E+02
  7.01600E+01  8.83339E+02
  7.01700E+01  8.83199E+02
  7.01800E+01  8.83059E+02
  7.01900E+01  8.82919E+02
  7.02000E+01  8.82779E+02
  7.02100E+01  8.82640E+02
  7.02200E+01  8.82500E+02
  7.02300E+01  8.82361E+02
  7.02400E+01  8.82221E+02
  7.02500E+01  8.82082E+02
  7.02600E+01  8.81943E+02
  7.02700E+01  8.81804E+02
  7.02800E+01  8.81665E+02
  7.02900E+01  8.81527E+02
  7.03000E+01  8.81388E+02
  7.03100E+01  8.81250E+02
  7.03200E+01  8.81111E+02
  7.03300E+01  8.80973E+02
  7.03400E+01  8.80835E+02
  7.03500E+01  8.80697E+02
  7.03600E+01  8.80559E+02
  7.03700E+01  8.80421E+02
  7.03800E+01  8.80284E+02
  7.03900E+01  8.80146E+02
  7.04000E+01  8.80009E+02
  7.04100E+01  8.79872E+02
  7.04200E+01  8.79735E+02
  7.04300E+01  8.79597E+02
  7.04400E+01  8.79461E+02
  7.04500E+01  8.79324E+02
  7.04600E+01  8.79187E+02
  7.04700E+01  8.79050E+02
  7.04800E+01  8.78914E+02
  7.04900E+01  8.78778E+02
  7.05000E+01  8.78641E+02
  7.05100E+01  8.78505E+02
  7.05200E+01  8.78369E+02
  7.05300E+01  8.78233E+02
  7.05400E+01  8.78098E+02
  7.05500E+01  8.77962E+02
  7.05600E+01  8.77826E+02
  7.05700E+01  8.77691E+02
  7.05800E+01  8.77556E+02
  7.05900E+01  8.77420E+02
  7.06000E+01  8.77285E+02
  7.06100E+01  8.77150E+02
  7.06200E+01  8.77015E+02
  7.06300E+01  8.76881E+02
  7.06400E+01  8.76746E+02
  7.06500E+01  8.76611E+02
  7.06600E+01  8.76477E+02
  7.06700E+01  8.76343E+02
  7.06800E+01  8.76209E+02
  7.06900E+01  8.76074E+02
  7.07000E+01  8.75940E+02
  7.07100E+01  8.75807E+02
  7.07200E+01  8.75673E+02
  7.07300E+01  8.75539E+02
  7.07400E+01  8.75406E+02
  7.07500E+01  8.75272E+02
  7.07600E+01  8.75139E+02
  7.07700E+01  8.75006E+02
  7.07800E+01  8.74873E+02
  7.07900E+01  8.74740E+02
  7.08000E+01  8.74607E+02
  7.08100E+01  8.74474E+02
  7.08200E+01  8.74341E+02
  7.08300E+01  8.74209E+02
  7.08400E+01  8.74076E+02
  7.08500E+01  8.73944E+02
  7.08600E+01  8.73812E+02
  7.08700E+01  8.73680E+02
  7.08800E+01  8.73547E+02
  7.08900E+01  8.73416E+02
  7.09000E+01  8.73284E+02
  7.09100E+01  8.73152E+02
  7.09200E+01  8.73020E+02
  7.09300E+01  8.72889E+02
  7.09400E+01  8.72758E+02
  7.09500E+01  8.72626E+02
  7.09600E+01  8.72495E+02
  7.09700E+01  8.72364E+02
  7.09800E+01  8.72233E+02
  7.09900E+01  8.72102E+02
  7.10000E+01  8.71971E+02
  7.10100E+01  8.71841E+02
  7.10200E+01  8.71710E+02
  7.10300E+01  8.71580E+02
  7.10400E+01  8.71449E+02
  7.10500E+01  8.71319E+02
  7.10600E+01  8.71189E+02
  7.10700E+01  8.71059E+02
  7.10800E+01  8.70929E+02
  7.10900E+01  8.70799E+02
  7.11000E+01  8.70670E+02
  7.11100E+01  8.70540E+02
  7.11200E+01  8.70411E+02
  7.11300E+01  8.70281E+02
  7.11400E+01  8.70152E+02
  7.11500E+01  8.70023E+02
  7.11600E+01  8.69894E+02
  7.11700E+01  8.69765E+02
  7.11800E+01  8.69636E+02
  7.11900E+01  8.69507E+02
  7.12000E+01  8.69378E+02
  7.12100E+01  8.69250E+02
  7.12200E+01  8.69121E+02
  7.12300E+01  8.68993E+02
  7.12400E+01  8.68864E+02
  7.12500E+01  8.68736E+02
  7.12600E+01  8.68608E+02
  7.12700E+01  8.68480E+02
  7.12800E+01  8.68352E+02
  7.12900E+01  8.68225E+02
  7.13000E+01  8.68097E+02
  7.13100E+01  8.67969E+02
  7.13200E+01  8.67842E+02
  7.13300E+01  8.67714E+02
  7.13400E+01  8.67587E+02
  7.13500E+01  8.67460E+02
  7.13600E+01  8.67333E+02
  7.13700E+01  8.67206E+02
  7.13800E+01  8.67079E+02
  7.13900E+01  8.66952E+02
  7.14000E+01  8.66825E+02
  7.14100E+01  8.66699E+02
  7.14200E+01  8.66572E+02
  7.14300E+01  8.66446E+02
  7.14400E+01  8.66319E+02
  7.14500E+01  8.66193E+02
  7.14600E+01  8.66067E+02
  7.14700E+01  8.65941E+02
  7.14800E+01  8.65815E+02
  7.14900E+01  8.65689E+02
  7.15000E+01  8.65563E+02
  7.15100E+01  8.65437E+02
  7.15200E+01  8.65312E+02
  7.15300E+01  8.65186E+02
  7.15400E+01  8.65061E+02
  7.15500E+01  8.64936E+02
  7.15600E+01  8.64810E+02
  7.15700E+01  8.64685E+02
  7.15800E+01  8.64560E+02
  7.15900E+01  8.64435E+02
  7.16000E+01  8.64310E+02
  7.16100E+01  8.64186E+02
  7.16200E+01  8.64061E+02
  7.16300E+01  8.63936E+02
  7.16400E+01  8.63812E+02
  7.16500E+01  8.63688E+02
  7.16600E+01  8.63563E+02
  7.16700E+01  8.63439E+02
  7.16800E+01  8.63315E+02
  7.16900E+01  8.63191E+02
  7.17000E+01  8.63067E+02
  7.17100E+01  8.62943E+02
  7.17200E+01  8.62819E+02
  7.17300E+01  8.62696E+02
  7.17400E+01  8.62572E+02
  7.17500E+01  8.62449E+02
  7.17600E+01  8.62325E+02
  7.17700E+01  8.62202E+02
  7.17800E+01  8.62079E+02
  7.17900E+01  8.61956E+02
  7.18000E+01  8.61833E+02
  7.18100E+01  8.61710E+02
  7.18200E+01  8.61587E+02
  7.18300E+01  8.61464E+02
  7.18400E+01  8.61341E+02
  7.18500E+01  8.61219E+02
  7.18600E+01  8.61096E+02
  7.18700E+01  8.60974E+02
  7.18800E+01  8.60852E+02
  7.18900E+01  8.60729E+02
  7.19000E+01  8.60607E+02
  7.19100E+01  8.60485E+02
  7.19200E+01  8.60363E+02
  7.19300E+01  8.60241E+02
  7.19400E+01  8.60119E+02
  7.19500E+01  8.59998E+02
  7.19600E+01  8.59876E+02
  7.19700E+01  8.59754E+02
  7.19800E+01  8.59633E+02
  7.19900E+01  8.59512E+02
  7.20000E+01  8.59390E+02
  7.20100E+01  8.59269E+02
  7.20200E+01  8.59148E+02
  7.20300E+01  8.59027E+02
  7.20400E+01  8.58906E+02
  7.20500E+01  8.58785E+02
  7.20600E+01  8.58664E+02
  7.20700E+01  8.58544E+02
  7.20800E+01  8.58423E+02
  7.20900E+01  8.58303E+02
  7.21000E+01  8.58182E+02
  7.21100E+01  8.58062E+02
  7.21200E+01  8.57941E+02
  7.21300E+01  8.57821E+02
  7.21400E+01  8.57701E+02
  7.21500E+01  8.57581E+02
  7.21600E+01  8.57461E+02
  7.21700E+01  8.57341E+02
  7.21800E+01  8.57222E+02
  7.21900E+01  8.57102E+02
  7.22000E+01  8.56982E+02
  7.22100E+01  8.56863E+02
  7.22200E+01  8.56743E+02
  7.22300E+01  8.56624E+02
  7.22400E+01  8.56505E+02
  7.22500E+01  8.56386E+02
  7.22600E+01  8.56266E+02
  7.22700E+01  8.56147E+02
  7.22800E+01  8.56028E+02
  7.22900E+01  8.55910E+02
  7.23000E+01  8.55791E+02
  7.23100E+01  8.55672E+02
  7.23200E+01  8.55553E+02
  7.23300E+01  8.55435E+02
  7.23400E+01  8.55316E+02
  7.23500E+01  8.55198E+02
  7.23600E+01  8.55080E+02
  7.23700E+01  8.54962E+02
  7.23800E+01  8.54843E+02
  7.23900E+01  8.54725E+02
  7.24000E+01  8.54607E+02
  7.24100E+01  8.54490E+02
  7.24200E+01  8.54372E+02
  7.24300E+01  8.54254E+02
  7.24400E+01  8.54136E+02
  7.24500E+01  8.54019E+02
  7.24600E+01  8.53901E+02
  7.24700E+01  8.53784E+02
  7.24800E+01  8.53666E+02
  7.24900E+01  8.53549E+02
  7.25000E+01  8.53432E+02
  7.25100E+01  8.53315E+02
  7.25200E+01  8.53198E+02
  7.25300E+01  8.53081E+02
  7.25400E+01  8.52964E+02
  7.25500E+01  8.52847E+02
  7.25600E+01  8.52731E+02
  7.25700E+01  8.52614E+02
  7.25800E+01  8.52498E+02
  7.25900E+01  8.52381E+02
  7.26000E+01  8.52265E+02
  7.26100E+01  8.52148E+02
  7.26200E+01  8.52032E+02
  7.26300E+01  8.51916E+02
  7.26400E+01  8.51800E+02
  7.26500E+01  8.51684E+02
  7.26600E+01  8.51568E+02
  7.26700E+01  8.51452E+02
  7.26800E+01  8.51336E+02
  7.26900E+01  8.51221E+02
  7.27000E+01  8.51105E+02
  7.27100E+01  8.50990E+02
  7.27200E+01  8.50874E+02
  7.27300E+01  8.50759E+02
  7.27400E+01  8.50644E+02
  7.27500E+01  8.50528E+02
  7.27600E+01  8.50413E+02
  7.27700E+01  8.50298E+02
  7.27800E+01  8.50183E+02
  7.27900E+01  8.50068E+02
  7.28000E+01  8.49953E+02
  7.28100E+01  8.49839E+02
  7.28200E+01  8.49724E+02
  7.28300E+01  8.49609E+02
  7.28400E+01  8.49495E+02
  7.28500E+01  8.49380E+02
  7.28600E+01  8.49266E+02
  7.28700E+01  8.49151E+02
  7.28800E+01  8.49037E+02
  7.28900E+01  8.48923E+02
  7.29000E+01  8.48809E+02
  7.29100E+01  8.48694E+02
  7.29200E+01  8.48580E+02
  7.29300E+01  8.48466E+02
  7.29400E+01  8.48352E+02
  7.29500E+01  8.48239E+02
  7.29600E+01  8.48125E+02
  7.29700E+01  8.48011E+02
  7.29800E+01  8.47897E+02
  7.29900E+01  8.47784E+02
  7.30000E+01  8.47670E+02
  7.30100E+01  8.47557E+02
  7.30200E+01  8.47443E+02
  7.30300E+01  8.47330E+02
  7.30400E+01  8.47216E+02
  7.30500E+01  8.47103E+02
  7.30600E+01  8.46990E+02
  7.30700E+01  8.46877E+02
  7.30800E+01  8.46764E+02
  7.30900E+01  8.46651E+02
  7.31000E+01  8.46538E+02
  7.31100E+01  8.46425E+02
  7.31200E+01  8.46312E+02
  7.31300E+01  8.46200E+02
  7.31400E+01  8.46087E+02
  7.31500E+01  8.45975E+02
  7.31600E+01  8.45862E+02
  7.31700E+01  8.45750E+02
  7.31800E+01  8.45637E+02
  7.31900E+01  8.45525E+02
  7.32000E+01  8.45413E+02
  7.32100E+01  8.45301E+02
  7.32200E+01  8.45189E+02
  7.32300E+01  8.45077E+02
  7.32400E+01  8.44965E+02
  7.32500E+01  8.44853E+02
  7.32600E+01  8.44741E+02
  7.32700E+01  8.44629E+02
  7.32800E+01  8.44518E+02
  7.32900E+01  8.44406E+02
  7.33000E+01  8.44294E+02
  7.33100E+01  8.44183E+02
  7.33200E+01  8.44072E+02
  7.33300E+01  8.43960E+02
  7.33400E+01  8.43849E+02
  7.33500E+01  8.43738E+02
  7.33600E+01  8.43627E+02
  7.33700E+01  8.43515E+02
  7.33800E+01  8.43404E+02
  7.33900E+01  8.43294E+02
  7.34000E+01  8.43183E+02
  7.34100E+01  8.43072E+02
  7.34200E+01  8.42961E+02
  7.34300E+01  8.42850E+02
  7.34400E+01  8.42740E+02
  7.34500E+01  8.42629E+02
  7.34600E+01  8.42519E+02
  7.34700E+01  8.42408E+02
  7.34800E+01  8.42298E+02
  7.34900E+01  8.42188E+02
  7.35000E+01  8.42078E+02
  7.35100E+01  8.41967E+02
  7.35200E+01  8.41857E+02
  7.35300E+01  8.41747E+02
  7.35400E+01  8.41637E+02
  7.35500E+01  8.41527E+02
  7.35600E+01  8.41418E+02
  7.35700E+01  8.41308E+02
  7.35800E+01  8.41198E+02
  7.35900E+01  8.41089E+02
  7.36000E+01  8.40979E+02
  7.36100E+01  8.40869E+02
  7.36200E+01  8.40760E+02
  7.36300E+01  8.40651E+02
  7.36400E+01  8.40541E+02
  7.36500E+01  8.40432E+02
  7.36600E+01  8.40323E+02
  7.36700E+01  8.40214E+02
  7.36800E+01  8.40105E+02
  7.36900E+01  8.39996E+02
  7.37000E+01  8.39887E+02
  7.37100E+01  8.39778E+02
  7.37200E+01  8.39669E+02
  7.37300E+01  8.39561E+02
  7.37400E+01  8.39452E+02
  7.37500E+01  8.39344E+02
  7.37600E+01  8.39235E+02
  7.37700E+01  8.39127E+02
  7.37800E+01  8.39018E+02
  7.37900E+01  8.38910E+02
  7.38000E+01  8.38802E+02
  7.38100E+01  8.38694E+02
  7.38200E+01  8.38586E+02
  7.38300E+01  8.38478E+02
  7.38400E+01  8.38370E+02
  7.38500E+01  8.38262E+02
  7.38600E+01  8.38154E+02
  7.38700E+01  8.38046E+02
  7.38800E+01  8.37938E+02
  7.38900E+01  8.37831E+02
  7.39000E+01  8.37723E+02
  7.39100E+01  8.37616E+02
  7.39200E+01  8.37508E+02
  7.39300E+01  8.37401E+02
  7.39400E+01  8.37294E+02
  7.39500E+01  8.37186E+02
  7.39600E+01  8.37079E+02
  7.39700E+01  8.36972E+02
  7.39800E+01  8.36865E+02
  7.39900E+01  8.36758E+02
  7.40000E+01  8.36651E+02
  7.40100E+01  8.36544E+02
  7.40200E+01  8.36437E+02
  7.40300E+01  8.36330E+02
  7.40400E+01  8.36224E+02
  7.40500E+01  8.36117E+02
  7.40600E+01  8.36011E+02
  7.40700E+01  8.35904E+02
  7.40800E+01  8.35798E+02
  7.40900E+01  8.35691E+02
  7.41000E+01  8.35585E+02
  7.41100E+01  8.35479E+02
  7.41200E+01  8.35373E+02
  7.41300E+01  8.35266E+02
  7.41400E+01  8.35160E+02
  7.41500E+01  8.35054E+02
  7.41600E+01  8.34948E+02
  7.41700E+01  8.34843E+02
  7.41800E+01  8.34737E+02
  7.41900E+01  8.34631E+02
  7.42000E+01  8.34525E+02
  7.42100E+01  8.34420E+02
  7.42200E+01  8.34314E+02
  7.42300E+01  8.34209E+02
  7.42400E+01  8.34103E+02
  7.42500E+01  8.33998E+02
  7.42600E+01  8.33893E+02
  7.42700E+01  8.33787E+02
  7.42800E+01  8.33682E+02
  7.42900E+01  8.33577E+02
  7.43000E+01  8.33472E+02
  7.43100E+01  8.33367E+02
  7.43200E+01  8.33262E+02
  7.43300E+01  8.33157E+02
  7.43400E+01  8.33053E+02
  7.43500E+01  8.32948E+02
  7.43600E+01  8.32843E+02
  7.43700E+01  8.32739E+02
  7.43800E+01  8.32634E+02
  7.43900E+01  8.32530E+02
  7.44000E+01  8.32425E+02
  7.44100E+01  8.32321E+02
  7.44200E+01  8.32217E+02
  7.44300E+01  8.32113E+02
  7.44400E+01  8.32008E+02
  7.44500E+01  8.31904E+02
  7.44600E+01  8.31800E+02
  7.44700E+01  8.31696E+02
  7.44800E+01  8.31592E+02
  7.44900E+01  8.31489E+02
  7.45000E+01  8.31385E+02
  7.45100E+01  8.31281E+02
  7.45200E+01  8.31178E+02
  7.45300E+01  8.31074E+02
  7.45400E+01  8.30970E+02
  7.45500E+01  8.30867E+02
  7.45600E+01  8.30764E+02
  7.45700E+01  8.30660E+02
  7.45800E+01  8.30557E+02
  7.45900E+01  8.30454E+02
  7.46000E+01  8.30351E+02
  7.46100E+01  8.30248E+02
  7.46200E+01  8.30144E+02
  7.46300E+01  8.30042E+02
  7.46400E+01  8.29939E+02
  7.46500E+01  8.29836E+02
  7.46600E+01  8.29733E+02
  7.46700E+01  8.29630E+02
  7.46800E+01  8.29528E+02
  7.46900E+01  8.29425E+02
  7.47000E+01  8.29322E+02
  7.47100E+01  8.29220E+02
  7.47200E+01  8.29118E+02
  7.47300E+01  8.29015E+02
  7.47400E+01  8.28913E+02
  7.47500E+01  8.28811E+02
  7.47600E+01  8.28708E+02
  7.47700E+01  8.28606E+02
  7.47800E+01  8.28504E+02
  7.47900E+01  8.28402E+02
  7.48000E+01  8.28300E+02
  7.48100E+01  8.28198E+02
  7.48200E+01  8.28097E+02
  7.48300E+01  8.27995E+02
  7.48400E+01  8.27893E+02
  7.48500E+01  8.27792E+02
  7.48600E+01  8.27690E+02
  7.48700E+01  8.27588E+02
  7.48800E+01  8.27487E+02
  7.48900E+01  8.27386E+02
  7.49000E+01  8.27284E+02
  7.49100E+01  8.27183E+02
  7.49200E+01  8.27082E+02
  7.49300E+01  8.26981E+02
  7.49400E+01  8.26879E+02
  7.49500E+01  8.26778E+02
  7.49600E+01  8.26677E+02
  7.49700E+01  8.26576E+02
  7.49800E+01  8.26476E+02
  7.49900E+01  8.26375E+02
  7.50000E+01  8.26274E+02
  7.50100E+01  8.26173E+02
  7.50200E+01  8.26073E+02
  7.50300E+01  8.25972E+02
  7.50400E+01  8.25872E+02
  7.50500E+01  8.25771E+02
  7.50600E+01  8.25671E+02
  7.50700E+01  8.25570E+02
  7.50800E+01  8.25470E+02
  7.50900E+01  8.25370E+02
  7.51000E+01  8.25270E+02
  7.51100E+01  8.25170E+02
  7.51200E+01  8.25069E+02
  7.51300E+01  8.24969E+02
  7.51400E+01  8.24870E+02
  7.51500E+01  8.24770E+02
  7.51600E+01  8.24670E+02
  7.51700E+01  8.24570E+02
  7.51800E+01  8.24470E+02
  7.51900E+01  8.24370E+02
  7.52000E+01  8.24271E+02
  7.52100E+01  8.24171E+02
  7.52200E+01  8.24071E+02
  7.52300E+01  8.23972E+02
  7.52400E+01  8.23872E+02
  7.52500E+01  8.23773E+02
  7.52600E+01  8.23673E+02
  7.52700E+01  8.23574E+02
  7.52800E+01  8.23474E+02
  7.52900E+01  8.23375E+02
  7.53000E+01  8.23276E+02
  7.53100E+01  8.23176E+02
  7.53200E+01  8.23077E+02
  7.53300E+01  8.22978E+02
  7.53400E+01  8.22879E+02
  7.53500E+01  8.22780E+02
  7.53600E+01  8.22681E+02
  7.53700E+01  8.22582E+02
  7.53800E+01  8.22483E+02
  7.53900E+01  8.22384E+02
  7.54000E+01  8.22285E+02
  7.54100E+01  8.22186E+02
  7.54200E+01  8.22088E+02
  7.54300E+01  8.21989E+02
  7.54400E+01  8.21890E+02
  7.54500E+01  8.21792E+02
  7.54600E+01  8.21693E+02
  7.54700E+01  8.21595E+02
  7.54800E+01  8.21496E+02
  7.54900E+01  8.21398E+02
  7.55000E+01  8.21299E+02
  7.55100E+01  8.21201E+02
  7.55200E+01  8.21103E+02
  7.55300E+01  8.21005E+02
  7.55400E+01  8.20906E+02
  7.55500E+01  8.20808E+02
  7.55600E+01  8.20710E+02
  7.55700E+01  8.20612E+02
  7.55800E+01  8.20514E+02
  7.55900E+01  8.20416E+02
  7.56000E+01  8.20319E+02
  7.56100E+01  8.20221E+02
  7.56200E+01  8.20123E+02
  7.56300E+01  8.20025E+02
  7.56400E+01  8.19928E+02
  7.56500E+01  8.19830E+02
  7.56600E+01  8.19732E+02
  7.56700E+01  8.19635E+02
  7.56800E+01  8.19537E+02
  7.56900E+01  8.19440E+02
  7.57000E+01  8.19343E+02
  7.57100E+01  8.19245E+02
  7.57200E+01  8.19148E+02
  7.57300E+01  8.19051E+02
  7.57400E+01  8.18954E+02
  7.57500E+01  8.18857E+02
  7.57600E+01  8.18760E+02
  7.57700E+01  8.18663E+02
  7.57800E+01  8.18566E+02
  7.57900E+01  8.18469E+02
  7.58000E+01  8.18372E+02
  7.58100E+01  8.18275E+02
  7.58200E+01  8.18178E+02
  7.58300E+01  8.18082E+02
  7.58400E+01  8.17985E+02
  7.58500E+01  8.17888E+02
  7.58600E+01  8.17792E+02
  7.58700E+01  8.17695E+02
  7.58800E+01  8.17599E+02
  7.58900E+01  8.17502E+02
  7.59000E+01  8.17406E+02
  7.59100E+01  8.17310E+02
  7.59200E+01  8.17214E+02
  7.59300E+01  8.17117E+02
  7.59400E+01  8.17021E+02
  7.59500E+01  8.16925E+02
  7.59600E+01  8.16829E+02
  7.59700E+01  8.16733E+02
  7.59800E+01  8.16637E+02
  7.59900E+01  8.16541E+02
  7.60000E+01  8.16445E+02
  7.60100E+01  8.16350E+02
  7.60200E+01  8.16254E+02
  7.60300E+01  8.16158E+02
  7.60400E+01  8.16063E+02
  7.60500E+01  8.15967E+02
  7.60600E+01  8.15871E+02
  7.60700E+01  8.15776E+02
  7.60800E+01  8.15681E+02
  7.60900E+01  8.15585E+02
  7.61000E+01  8.15490E+02
  7.61100E+01  8.15395E+02
  7.61200E+01  8.15299E+02
  7.61300E+01  8.15204E+02
  7.61400E+01  8.15109E+02
  7.61500E+01  8.15014E+02
  7.61600E+01  8.14919E+02
  7.61700E+01  8.14824E+02
  7.61800E+01  8.14729E+02
  7.61900E+01  8.14634E+02
  7.62000E+01  8.14540E+02
  7.62100E+01  8.14445E+02
  7.62200E+01  8.14350E+02
  7.62300E+01  8.14256E+02
  7.62400E+01  8.14161E+02
  7.62500E+01  8.14066E+02
  7.62600E+01  8.13972E+02
  7.62700E+01  8.13877E+02
  7.62800E+01  8.13783E+02
  7.62900E+01  8.13689E+02
  7.63000E+01  8.13594E+02
  7.63100E+01  8.13500E+02
  7.63200E+01  8.13406E+02
  7.63300E+01  8.13312E+02
  7.63400E+01  8.13218E+02
  7.63500E+01  8.13124E+02
  7.63600E+01  8.13030E+02
  7.63700E+01  8.12936E+02
  7.63800E+01  8.12842E+02
  7.63900E+01  8.12748E+02
  7.64000E+01  8.12654E+02
  7.64100E+01  8.12560E+02
  7.64200E+01  8.12467E+02
  7.64300E+01  8.12373E+02
  7.64400E+01  8.12279E+02
  7.64500E+01  8.12186E+02
  7.64600E+01  8.12092E+02
  7.64700E+01  8.11999E+02
  7.64800E+01  8.11906E+02
  7.64900E+01  8.11812E+02
  7.65000E+01  8.11719E+02
  7.65100E+01  8.11626E+02
  7.65200E+01  8.11533E+02
  7.65300E+01  8.11439E+02
  7.65400E+01  8.11346E+02
  7.65500E+01  8.11253E+02
  7.65600E+01  8.11160E+02
  7.65700E+01  8.11067E+02
  7.65800E+01  8.10974E+02
  7.65900E+01  8.10882E+02
  7.66000E+01  8.10789E+02
  7.66100E+01  8.10696E+02
  7.66200E+01  8.10603E+02
  7.66300E+01  8.10511E+02
  7.66400E+01  8.10418E+02
  7.66500E+01  8.10326E+02
  7.66600E+01  8.10233E+02
  7.66700E+01  8.10141E+02
  7.66800E+01  8.10048E+02
  7.66900E+01  8.09956E+02
  7.67000E+01  8.09864E+02
  7.67100E+01  8.09772E+02
  7.67200E+01  8.09679E+02
  7.67300E+01  8.09587E+02
  7.67400E+01  8.09495E+02
  7.67500E+01  8.09403E+02
  7.67600E+01  8.09311E+02
  7.67700E+01  8.09219E+02
  7.67800E+01  8.09127E+02
  7.67900E+01  8.09036E+02
  7.68000E+01  8.08944E+02
  7.68100E+01  8.08852E+02
  7.68200E+01  8.08760E+02
  7.68300E+01  8.08669E+02
  7.68400E+01  8.08577E+02
  7.68500E+01  8.08486E+02
  7.68600E+01  8.08394E+02
  7.68700E+01  8.08303E+02
  7.68800E+01  8.08211E+02
  7.68900E+01  8.08120E+02
  7.69000E+01  8.08029E+02
  7.69100E+01  8.07938E+02
  7.69200E+01  8.07846E+02
  7.69300E+01  8.07755E+02
  7.69400E+01  8.07664E+02
  7.69500E+01  8.07573E+02
  7.69600E+01  8.07482E+02
  7.69700E+01  8.07391E+02
  7.69800E+01  8.07300E+02
  7.69900E+01  8.07209E+02
  7.70000E+01  8.07119E+02
  7.70100E+01  8.07028E+02
  7.70200E+01  8.06937E+02
  7.70300E+01  8.06847E+02
  7.70400E+01  8.06756E+02
  7.70500E+01  8.06665E+02
  7.70600E+01  8.06575E+02
  7.70700E+01  8.06484E+02
  7.70800E+01  8.06394E+02
  7.70900E+01  8.06304E+02
  7.71000E+01  8.06213E+02
  7.71100E+01  8.06123E+02
  7.71200E+01  8.06033E+02
  7.71300E+01  8.05943E+02
  7.71400E+01  8.05853E+02
  7.71500E+01  8.05763E+02
  7.71600E+01  8.05673E+02
  7.71700E+01  8.05583E+02
  7.71800E+01  8.05493E+02
  7.71900E+01  8.05403E+02
  7.72000E+01  8.05313E+02
  7.72100E+01  8.05223E+02
  7.72200E+01  8.05133E+02
  7.72300E+01  8.05044E+02
  7.72400E+01  8.04954E+02
  7.72500E+01  8.04865E+02
  7.72600E+01  8.04775E+02
  7.72700E+01  8.04686E+02
  7.72800E+01  8.04596E+02
  7.72900E+01  8.04507E+02
  7.73000E+01  8.04417E+02
  7.73100E+01  8.04328E+02
  7.73200E+01  8.04239E+02
  7.73300E+01  8.04150E+02
  7.73400E+01  8.04061E+02
  7.73500E+01  8.03972E+02
  7.73600E+01  8.03883E+02
  7.73700E+01  8.03794E+02
  7.73800E+01  8.03705E+02
  7.73900E+01  8.03616E+02
  7.74000E+01  8.03527E+02
  7.74100E+01  8.03438E+02
  7.74200E+01  8.03349E+02
  7.74300E+01  8.03261E+02
  7.74400E+01  8.03172E+02
  7.74500E+01  8.03083E+02
  7.74600E+01  8.02995E+02
  7.74700E+01  8.02906E+02
  7.74800E+01  8.02818E+02
  7.74900E+01  8.02729E+02
  7.75000E+01  8.02641E+02
  7.75100E+01  8.02553E+02
  7.75200E+01  8.02464E+02
  7.75300E+01  8.02376E+02
  7.75400E+01  8.02288E+02
  7.75500E+01  8.02200E+02
  7.75600E+01  8.02112E+02
  7.75700E+01  8.02024E+02
  7.75800E+01  8.01936E+02
  7.75900E+01  8.01848E+02
  7.76000E+01  8.01760E+02
  7.76100E+01  8.01672E+02
  7.76200E+01  8.01584E+02
  7.76300E+01  8.01496E+02
  7.76400E+01  8.01409E+02
  7.76500E+01  8.01321E+02
  7.76600E+01  8.01233E+02
  7.76700E+01  8.01146E+02
  7.76800E+01  8.01058E+02
  7.76900E+01  8.00971E+02
  7.77000E+01  8.00883E+02
  7.77100E+01  8.00796E+02
  7.77200E+01  8.00709E+02
  7.77300E+01  8.00621E+02
  7.77400E+01  8.00534E+02
  7.77500E+01  8.00447E+02
  7.77600E+01  8.00360E+02
  7.77700E+01  8.00273E+02
  7.77800E+01  8.00186E+02
  7.77900E+01  8.00099E+02
  7.78000E+01  8.00012E+02
  7.78100E+01  7.99925E+02
  7.78200E+01  7.99838E+02
  7.78300E+01  7.99751E+02
  7.78400E+01  7.99664E+02
  7.78500E+01  7.99577E+02
  7.78600E+01  7.99491E+02
  7.78700E+01  7.99404E+02
  7.78800E+01  7.99317E+02
  7.78900E+01  7.99230E+02
  7.79000E+01  7.99144E+02
  7.79100E+01  7.99057E+02
  7.79200E+01  7.98970E+02
  7.79300E+01  7.98884E+02
  7.79400E+01  7.98797E+02
  7.79500E+01  7.98711E+02
  7.79600E+01  7.98624E+02
  7.79700E+01  7.98538E+02
  7.79800E+01  7.98452E+02
  7.79900E+01  7.98365E+02
  7.80000E+01  7.98279E+02
  7.80100E+01  7.98192E+02
  7.80200E+01  7.98106E+02
  7.80300E+01  7.98020E+02
  7.80400E+01  7.97934E+02
  7.80500E+01  7.97848E+02
  7.80600E+01  7.97761E+02
  7.80700E+01  7.97675E+02
  7.80800E+01  7.97589E+02
  7.80900E+01  7.97503E+02
  7.81000E+01  7.97417E+02
  7.81100E+01  7.97331E+02
  7.81200E+01  7.97245E+02
  7.81300E+01  7.97160E+02
  7.81400E+01  7.97074E+02
  7.81500E+01  7.96988E+02
  7.81600E+01  7.96902E+02
  7.81700E+01  7.96816E+02
  7.81800E+01  7.96731E+02
  7.81900E+01  7.96645E+02
  7.82000E+01  7.96560E+02
  7.82100E+01  7.96474E+02
  7.82200E+01  7.96389E+02
  7.82300E+01  7.96303E+02
  7.82400E+01  7.96218E+02
  7.82500E+01  7.96132E+02
  7.82600E+01  7.96047E+02
  7.82700E+01  7.95962E+02
  7.82800E+01  7.95876E+02
  7.82900E+01  7.95791E+02
  7.83000E+01  7.95706E+02
  7.83100E+01  7.95621E+02
  7.83200E+01  7.95536E+02
  7.83300E+01  7.95451E+02
  7.83400E+01  7.95366E+02
  7.83500E+01  7.95281E+02
  7.83600E+01  7.95196E+02
  7.83700E+01  7.95111E+02
  7.83800E+01  7.95026E+02
  7.83900E+01  7.94941E+02
  7.84000E+01  7.94856E+02
  7.84100E+01  7.94771E+02
  7.84200E+01  7.94687E+02
  7.84300E+01  7.94602E+02
  7.84400E+01  7.94517E+02
  7.84500E+01  7.94433E+02
  7.84600E+01  7.94348E+02
  7.84700E+01  7.94264E+02
  7.84800E+01  7.94179E+02
  7.84900E+01  7.94095E+02
  7.85000E+01  7.94011E+02
  7.85100E+01  7.93926E+02
  7.85200E+01  7.93842E+02
  7.85300E+01  7.93758E+02
  7.85400E+01  7.93673E+02
  7.85500E+01  7.93589E+02
  7.85600E+01  7.93505E+02
  7.85700E+01  7.93421E+02
  7.85800E+01  7.93337E+02
  7.85900E+01  7.93253E+02
  7.86000E+01  7.93169E+02
  7.86100E+01  7.93085E+02
  7.86200E+01  7.93001E+02
  7.86300E+01  7.92917E+02
  7.86400E+01  7.92833E+02
  7.86500E+01  7.92749E+02
  7.86600E+01  7.92666E+02
  7.86700E+01  7.92582E+02
  7.86800E+01  7.92498E+02
  7.86900E+01  7.92415E+02
  7.87000E+01  7.92331E+02
  7.87100E+01  7.92248E+02
  7.87200E+01  7.92164E+02
  7.87300E+01  7.92081E+02
  7.87400E+01  7.91997E+02
  7.87500E+01  7.91914E+02
  7.87600E+01  7.91831E+02
  7.87700E+01  7.91747E+02
  7.87800E+01  7.91664E+02
  7.87900E+01  7.91581E+02
  7.88000E+01  7.91498E+02
  7.88100E+01  7.91415E+02
  7.88200E+01  7.91332E+02
  7.88300E+01  7.91249E+02
  7.88400E+01  7.91166E+02
  7.88500E+01  7.91083E+02
  7.88600E+01  7.91000E+02
  7.88700E+01  7.90917E+02
  7.88800E+01  7.90834E+02
  7.88900E+01  7.90751E+02
  7.89000E+01  7.90669E+02
  7.89100E+01  7.90586E+02
  7.89200E+01  7.90503E+02
  7.89300E+01  7.90421E+02
  7.89400E+01  7.90338E+02
  7.89500E+01  7.90256E+02
  7.89600E+01  7.90173E+02
  7.89700E+01  7.90091E+02
  7.89800E+01  7.90008E+02
  7.89900E+01  7.89926E+02
  7.90000E+01  7.89844E+02
  7.90100E+01  7.89761E+02
  7.90200E+01  7.89679E+02
  7.90300E+01  7.89597E+02
  7.90400E+01  7.89515E+02
  7.90500E+01  7.89433E+02
  7.90600E+01  7.89351E+02
  7.90700E+01  7.89269E+02
  7.90800E+01  7.89187E+02
  7.90900E+01  7.89105E+02
  7.91000E+01  7.89023E+02
  7.91100E+01  7.88941E+02
  7.91200E+01  7.88859E+02
  7.91300E+01  7.88777E+02
  7.91400E+01  7.88696E+02
  7.91500E+01  7.88614E+02
  7.91600E+01  7.88532E+02
  7.91700E+01  7.88451E+02
  7.91800E+01  7.88369E+02
  7.91900E+01  7.88287E+02
  7.92000E+01  7.88206E+02
  7.92100E+01  7.88124E+02
  7.92200E+01  7.88043E+02
  7.92300E+01  7.87962E+02
  7.92400E+01  7.87880E+02
  7.92500E+01  7.87799E+02
  7.92600E+01  7.87718E+02
  7.92700E+01  7.87637E+02
  7.92800E+01  7.87555E+02
  7.92900E+01  7.87474E+02
  7.93000E+01  7.87393E+02
  7.93100E+01  7.87312E+02
  7.93200E+01  7.87231E+02
  7.93300E+01  7.87150E+02
  7.93400E+01  7.87069E+02
  7.93500E+01  7.86988E+02
  7.93600E+01  7.86908E+02
  7.93700E+01  7.86827E+02
  7.93800E+01  7.86746E+02
  7.93900E+01  7.86665E+02
  7.94000E+01  7.86585E+02
  7.94100E+01  7.86504E+02
  7.94200E+01  7.86423E+02
  7.94300E+01  7.86343E+02
  7.94400E+01  7.86262E+02
  7.94500E+01  7.86182E+02
  7.94600E+01  7.86102E+02
  7.94700E+01  7.86021E+02
  7.94800E+01  7.85941E+02
  7.94900E+01  7.85861E+02
  7.95000E+01  7.85780E+02
  7.95100E+01  7.85700E+02
  7.95200E+01  7.85620E+02
  7.95300E+01  7.85540E+02
  7.95400E+01  7.85460E+02
  7.95500E+01  7.85380E+02
  7.95600E+01  7.85300E+02
  7.95700E+01  7.85220E+02
  7.95800E+01  7.85140E+02
  7.95900E+01  7.85060E+02
  7.96000E+01  7.84980E+02
  7.96100E+01  7.84900E+02
  7.96200E+01  7.84820E+02
  7.96300E+01  7.84741E+02
  7.96400E+01  7.84661E+02
  7.96500E+01  7.84581E+02
  7.96600E+01  7.84502E+02
  7.96700E+01  7.84422E+02
  7.96800E+01  7.84343E+02
  7.96900E+01  7.84263E+02
  7.97000E+01  7.84184E+02
  7.97100E+01  7.84104E+02
  7.97200E+01  7.84025E+02
  7.97300E+01  7.83946E+02
  7.97400E+01  7.83866E+02
  7.97500E+01  7.83787E+02
  7.97600E+01  7.83708E+02
  7.97700E+01  7.83629E+02
  7.97800E+01  7.83549E+02
  7.97900E+01  7.83470E+02
  7.98000E+01  7.83391E+02
  7.98100E+01  7.83312E+02
  7.98200E+01  7.83233E+02
  7.98300E+01  7.83154E+02
  7.98400E+01  7.83076E+02
  7.98500E+01  7.82997E+02
  7.98600E+01  7.82918E+02
  7.98700E+01  7.82839E+02
  7.98800E+01  7.82760E+02
  7.98900E+01  7.82682E+02
  7.99000E+01  7.82603E+02
  7.99100E+01  7.82524E+02
  7.99200E+01  7.82446E+02
  7.99300E+01  7.82367E+02
  7.99400E+01  7.82289E+02
  7.99500E+01  7.82210E+02
  7.99600E+01  7.82132E+02
  7.99700E+01  7.82054E+02
  7.99800E+01  7.81975E+02
  7.99900E+01  7.81897E+02
  8.00000E+01  7.81819E+02
  8.00100E+01  7.81741E+02
  8.00200E+01  7.81662E+02
  8.00300E+01  7.81584E+02
  8.00400E+01  7.81506E+02
  8.00500E+01  7.81428E+02
  8.00600E+01  7.81350E+02
  8.00700E+01  7.81272E+02
  8.00800E+01  7.81194E+02
  8.00900E+01  7.81116E+02
  8.01000E+01  7.81039E+02
  8.01100E+01  7.80961E+02
  8.01200E+01  7.80883E+02
  8.01300E+01  7.80805E+02
  8.01400E+01  7.80728E+02
  8.01500E+01  7.80650E+02
  8.01600E+01  7.80572E+02
  8.01700E+01  7.80495E+02
  8.01800E+01  7.80417E+02
  8.01900E+01  7.80340E+02
  8.02000E+01  7.80262E+02
  8.02100E+01  7.80185E+02
  8.02200E+01  7.80108E+02
  8.02300E+01  7.80030E+02
  8.02400E+01  7.79953E+02
  8.02500E+01  7.79876E+02
  8.02600E+01  7.79798E+02
  8.02700E+01  7.79721E+02
  8.02800E+01  7.79644E+02
  8.02900E+01  7.79567E+02
  8.03000E+01  7.79490E+02
  8.03100E+01  7.79413E+02
  8.03200E+01  7.79336E+02
  8.03300E+01  7.79259E+02
  8.03400E+01  7.79182E+02
  8.03500E+01  7.79105E+02
  8.03600E+01  7.79028E+02
  8.03700E+01  7.78952E+02
  8.03800E+01  7.78875E+02
  8.03900E+01  7.78798E+02
  8.04000E+01  7.78721E+02
  8.04100E+01  7.78645E+02
  8.04200E+01  7.78568E+02
  8.04300E+01  7.78492E+02
  8.04400E+01  7.78415E+02
  8.04500E+01  7.78339E+02
  8.04600E+01  7.78262E+02
  8.04700E+01  7.78186E+02
  8.04800E+01  7.78109E+02
  8.04900E+01  7.78033E+02
  8.05000E+01  7.77957E+02
  8.05100E+01  7.77881E+02
  8.05200E+01  7.77804E+02
  8.05300E+01  7.77728E+02
  8.05400E+01  7.77652E+02
  8.05500E+01  7.77576E+02
  8.05600E+01  7.77500E+02
  8.05700E+01  7.77424E+02
  8.05800E+01  7.77348E+02
  8.05900E+01  7.77272E+02
  8.06000E+01  7.77196E+02
  8.06100E+01  7.77120E+02
  8.06200E+01  7.77044E+02
  8.06300E+01  7.76969E+02
  8.06400E+01  7.76893E+02
  8.06500E+01  7.76817E+02
  8.06600E+01  7.76742E+02
  8.06700E+01  7.76666E+02
  8.06800E+01  7.76590E+02
  8.06900E+01  7.76515E+02
  8.07000E+01  7.76439E+02
  8.07100E+01  7.76364E+02
  8.07200E+01  7.76288E+02
  8.07300E+01  7.76213E+02
  8.07400E+01  7.76138E+02
  8.07500E+01  7.76062E+02
  8.07600E+01  7.75987E+02
  8.07700E+01  7.75912E+02
  8.07800E+01  7.75837E+02
  8.07900E+01  7.75761E+02
  8.08000E+01  7.75686E+02
  8.08100E+01  7.75611E+02
  8.08200E+01  7.75536E+02
  8.08300E+01  7.75461E+02
  8.08400E+01  7.75386E+02
  8.08500E+01  7.75311E+02
  8.08600E+01  7.75236E+02
  8.08700E+01  7.75161E+02
  8.08800E+01  7.75086E+02
  8.08900E+01  7.75012E+02
  8.09000E+01  7.74937E+02
  8.09100E+01  7.74862E+02
  8.09200E+01  7.74788E+02
  8.09300E+01  7.74713E+02
  8.09400E+01  7.74638E+02
  8.09500E+01  7.74563E+02
  8.09600E+01  7.74489E+02
  8.09700E+01  7.74414E+02
  8.09800E+01  7.74340E+02
  8.09900E+01  7.74265E+02
  8.10000E+01  7.74191E+02
  8.10100E+01  7.74116E+02
  8.10200E+01  7.74042E+02
  8.10300E+01  7.73967E+02
  8.10400E+01  7.73893E+02
  8.10500E+01  7.73818E+02
  8.10600E+01  7.73744E+02
  8.10700E+01  7.73670E+02
  8.10800E+01  7.73595E+02
  8.10900E+01  7.73521E+02
  8.11000E+01  7.73447E+02
  8.11100E+01  7.73373E+02
  8.11200E+01  7.73298E+02
  8.11300E+01  7.73224E+02
  8.11400E+01  7.73150E+02
  8.11500E+01  7.73076E+02
  8.11600E+01  7.73002E+02
  8.11700E+01  7.72928E+02
  8.11800E+01  7.72854E+02
  8.11900E+01  7.72780E+02
  8.12000E+01  7.72706E+02
  8.12100E+01  7.72632E+02
  8.12200E+01  7.72558E+02
  8.12300E+01  7.72484E+02
  8.12400E+01  7.72410E+02
  8.12500E+01  7.72336E+02
  8.12600E+01  7.72263E+02
  8.12700E+01  7.72189E+02
  8.12800E+01  7.72115E+02
  8.12900E+01  7.72041E+02
  8.13000E+01  7.71968E+02
  8.13100E+01  7.71894E+02
  8.13200E+01  7.71821E+02
  8.13300E+01  7.71747E+02
  8.13400E+01  7.71673E+02
  8.13500E+01  7.71600E+02
  8.13600E+01  7.71526E+02
  8.13700E+01  7.71453E+02
  8.13800E+01  7.71380E+02
  8.13900E+01  7.71306E+02
  8.14000E+01  7.71233E+02
  8.14100E+01  7.71160E+02
  8.14200E+01  7.71086E+02
  8.14300E+01  7.71013E+02
  8.14400E+01  7.70940E+02
  8.14500E+01  7.70867E+02
  8.14600E+01  7.70794E+02
  8.14700E+01  7.70721E+02
  8.14800E+01  7.70647E+02
  8.14900E+01  7.70574E+02
  8.15000E+01  7.70501E+02
  8.15100E+01  7.70428E+02
  8.15200E+01  7.70355E+02
  8.15300E+01  7.70283E+02
  8.15400E+01  7.70210E+02
  8.15500E+01  7.70137E+02
  8.15600E+01  7.70064E+02
  8.15700E+01  7.69991E+02
  8.15800E+01  7.69918E+02
  8.15900E+01  7.69846E+02
  8.16000E+01  7.69773E+02
  8.16100E+01  7.69700E+02
  8.16200E+01  7.69628E+02
  8.16300E+01  7.69555E+02
  8.16400E+01  7.69483E+02
  8.16500E+01  7.69410E+02
  8.16600E+01  7.69338E+02
  8.16700E+01  7.69265E+02
  8.16800E+01  7.69193E+02
  8.16900E+01  7.69120E+02
  8.17000E+01  7.69048E+02
  8.17100E+01  7.68976E+02
  8.17200E+01  7.68903E+02
  8.17300E+01  7.68831E+02
  8.17400E+01  7.68759E+02
  8.17500E+01  7.68687E+02
  8.17600E+01  7.68615E+02
  8.17700E+01  7.68542E+02
  8.17800E+01  7.68470E+02
  8.17900E+01  7.68398E+02
  8.18000E+01  7.68326E+02
  8.18100E+01  7.68254E+02
  8.18200E+01  7.68182E+02
  8.18300E+01  7.68110E+02
  8.18400E+01  7.68038E+02
  8.18500E+01  7.67967E+02
  8.18600E+01  7.67895E+02
  8.18700E+01  7.67823E+02
  8.18800E+01  7.67751E+02
  8.18900E+01  7.67679E+02
  8.19000E+01  7.67608E+02
  8.19100E+01  7.67536E+02
  8.19200E+01  7.67464E+02
  8.19300E+01  7.67393E+02
  8.19400E+01  7.67321E+02
  8.19500E+01  7.67250E+02
  8.19600E+01  7.67178E+02
  8.19700E+01  7.67107E+02
  8.19800E+01  7.67035E+02
  8.19900E+01  7.66964E+02
  8.20000E+01  7.66893E+02
  8.20100E+01  7.66821E+02
  8.20200E+01  7.66750E+02
  8.20300E+01  7.66679E+02
  8.20400E+01  7.66608E+02
  8.20500E+01  7.66536E+02
  8.20600E+01  7.66465E+02
  8.20700E+01  7.66394E+02
  8.20800E+01  7.66323E+02
  8.20900E+01  7.66252E+02
  8.21000E+01  7.66181E+02
  8.21100E+01  7.66110E+02
  8.21200E+01  7.66039E+02
  8.21300E+01  7.65968E+02
  8.21400E+01  7.65897E+02
  8.21500E+01  7.65827E+02
  8.21600E+01  7.65756E+02
  8.21700E+01  7.65685E+02
  8.21800E+01  7.65614E+02
  8.21900E+01  7.65543E+02
  8.22000E+01  7.65473E+02
  8.22100E+01  7.65402E+02
  8.22200E+01  7.65331E+02
  8.22300E+01  7.65261E+02
  8.22400E+01  7.65190E+02
  8.22500E+01  7.65120E+02
  8.22600E+01  7.65049E+02
  8.22700E+01  7.64979E+02
  8.22800E+01  7.64908E+02
  8.22900E+01  7.64838E+02
  8.23000E+01  7.64768E+02
  8.23100E+01  7.64697E+02
  8.23200E+01  7.64627E+02
  8.23300E+01  7.64557E+02
  8.23400E+01  7.64487E+02
  8.23500E+01  7.64416E+02
  8.23600E+01  7.64346E+02
  8.23700E+01  7.64276E+02
  8.23800E+01  7.64206E+02
  8.23900E+01  7.64136E+02
  8.24000E+01  7.64066E+02
  8.24100E+01  7.63996E+02
  8.24200E+01  7.63926E+02
  8.24300E+01  7.63856E+02
  8.24400E+01  7.63786E+02
  8.24500E+01  7.63716E+02
  8.24600E+01  7.63646E+02
  8.24700E+01  7.63577E+02
  8.24800E+01  7.63507E+02
  8.24900E+01  7.63437E+02
  8.25000E+01  7.63367E+02
  8.25100E+01  7.63298E+02
  8.25200E+01  7.63228E+02
  8.25300E+01  7.63158E+02
  8.25400E+01  7.63089E+02
  8.25500E+01  7.63019E+02
  8.25600E+01  7.62950E+02
  8.25700E+01  7.62880E+02
  8.25800E+01  7.62811E+02
  8.25900E+01  7.62742E+02
  8.26000E+01  7.62672E+02
  8.26100E+01  7.62603E+02
  8.26200E+01  7.62534E+02
  8.26300E+01  7.62464E+02
  8.26400E+01  7.62395E+02
  8.26500E+01  7.62326E+02
  8.26600E+01  7.62257E+02
  8.26700E+01  7.62188E+02
  8.26800E+01  7.62119E+02
  8.26900E+01  7.62049E+02
  8.27000E+01  7.61980E+02
  8.27100E+01  7.61911E+02
  8.27200E+01  7.61842E+02
  8.27300E+01  7.61774E+02
  8.27400E+01  7.61705E+02
  8.27500E+01  7.61636E+02
  8.27600E+01  7.61567E+02
  8.27700E+01  7.61498E+02
  8.27800E+01  7.61429E+02
  8.27900E+01  7.61361E+02
  8.28000E+01  7.61292E+02
  8.28100E+01  7.61223E+02
  8.28200E+01  7.61155E+02
  8.28300E+01  7.61086E+02
  8.28400E+01  7.61017E+02
  8.28500E+01  7.60949E+02
  8.28600E+01  7.60880E+02
  8.28700E+01  7.60812E+02
  8.28800E+01  7.60743E+02
  8.28900E+01  7.60675E+02
  8.29000E+01  7.60607E+02
  8.29100E+01  7.60538E+02
  8.29200E+01  7.60470E+02
  8.29300E+01  7.60402E+02
  8.29400E+01  7.60333E+02
  8.29500E+01  7.60265E+02
  8.29600E+01  7.60197E+02
  8.29700E+01  7.60129E+02
  8.29800E+01  7.60061E+02
  8.29900E+01  7.59992E+02
  8.30000E+01  7.59924E+02
  8.30100E+01  7.59856E+02
  8.30200E+01  7.59788E+02
  8.30300E+01  7.59720E+02
  8.30400E+01  7.59652E+02
  8.30500E+01  7.59584E+02
  8.30600E+01  7.59517E+02
  8.30700E+01  7.59449E+02
  8.30800E+01  7.59381E+02
  8.30900E+01  7.59313E+02
  8.31000E+01  7.59245E+02
  8.31100E+01  7.59178E+02
  8.31200E+01  7.59110E+02
  8.31300E+01  7.59042E+02
  8.31400E+01  7.58975E+02
  8.31500E+01  7.58907E+02
  8.31600E+01  7.58840E+02
  8.31700E+01  7.58772E+02
  8.31800E+01  7.58705E+02
  8.31900E+01  7.58637E+02
  8.32000E+01  7.58570E+02
  8.32100E+01  7.58502E+02
  8.32200E+01  7.58435E+02
  8.32300E+01  7.58368E+02
  8.32400E+01  7.58300E+02
  8.32500E+01  7.58233E+02
  8.32600E+01  7.58166E+02
  8.32700E+01  7.58099E+02
  8.32800E+01  7.58032E+02
  8.32900E+01  7.57964E+02
  8.33000E+01  7.57897E+02
  8.33100E+01  7.57830E+02
  8.33200E+01  7.57763E+02
  8.33300E+01  7.57696E+02
  8.33400E+01  7.57629E+02
  8.33500E+01  7.57562E+02
  8.33600E+01  7.57495E+02
  8.33700E+01  7.57428E+02
  8.33800E+01  7.57362E+02
  8.33900E+01  7.57295E+02
  8.34000E+01  7.57228E+02
  8.34100E+01  7.57161E+02
  8.34200E+01  7.57094E+02
  8.34300E+01  7.57028E+02
  8.34400E+01  7.56961E+02
  8.34500E+01  7.56894E+02
  8.34600E+01  7.56828E+02
  8.34700E+01  7.56761E+02
  8.34800E+01  7.56695E+02
  8.34900E+01  7.56628E+02
  8.35000E+01  7.56562E+02
  8.35100E+01  7.56495E+02
  8.35200E+01  7.56429E+02
  8.35300E+01  7.56363E+02
  8.35400E+01  7.56296E+02
  8.35500E+01  7.56230E+02
  8.35600E+01  7.56164E+02
  8.35700E+01  7.56097E+02
  8.35800E+01  7.56031E+02
  8.35900E+01  7.55965E+02
  8.36000E+01  7.55899E+02
  8.36100E+01  7.55832E+02
  8.36200E+01  7.55766E+02
  8.36300E+01  7.55700E+02
  8.36400E+01  7.55634E+02
  8.36500E+01  7.55568E+02
  8.36600E+01  7.55502E+02
  8.36700E+01  7.55436E+02
  8.36800E+01  7.55370E+02
  8.36900E+01  7.55305E+02
  8.37000E+01  7.55239E+02
  8.37100E+01  7.55173E+02
  8.37200E+01  7.55107E+02
  8.37300E+01  7.55041E+02
  8.37400E+01  7.54976E+02
  8.37500E+01  7.54910E+02
  8.37600E+01  7.54844E+02
  8.37700E+01  7.54779E+02
  8.37800E+01  7.54713E+02
  8.37900E+01  7.54647E+02
  8.38000E+01  7.54582E+02
  8.38100E+01  7.54516E+02
  8.38200E+01  7.54451E+02
  8.38300E+01  7.54385E+02
  8.38400E+01  7.54320E+02
  8.38500E+01  7.54255E+02
  8.38600E+01  7.54189E+02
  8.38700E+01  7.54124E+02
  8.38800E+01  7.54059E+02
  8.38900E+01  7.53993E+02
  8.39000E+01  7.53928E+02
  8.39100E+01  7.53863E+02
  8.39200E+01  7.53798E+02
  8.39300E+01  7.53732E+02
  8.39400E+01  7.53667E+02
  8.39500E+01  7.53602E+02
  8.39600E+01  7.53537E+02
  8.39700E+01  7.53472E+02
  8.39800E+01  7.53407E+02
  8.39900E+01  7.53342E+02
  8.40000E+01  7.53277E+02
  8.40100E+01  7.53212E+02
  8.40200E+01  7.53147E+02
  8.40300E+01  7.53083E+02
  8.40400E+01  7.53018E+02
  8.40500E+01  7.52953E+02
  8.40600E+01  7.52888E+02
  8.40700E+01  7.52823E+02
  8.40800E+01  7.52759E+02
  8.40900E+01  7.52694E+02
  8.41000E+01  7.52629E+02
  8.41100E+01  7.52565E+02
  8.41200E+01  7.52500E+02
  8.41300E+01  7.52436E+02
  8.41400E+01  7.52371E+02
  8.41500E+01  7.52307E+02
  8.41600E+01  7.52242E+02
  8.41700E+01  7.52178E+02
  8.41800E+01  7.52113E+02
  8.41900E+01  7.52049E+02
  8.42000E+01  7.51985E+02
  8.42100E+01  7.51920E+02
  8.42200E+01  7.51856E+02
  8.42300E+01  7.51792E+02
  8.42400E+01  7.51728E+02
  8.42500E+01  7.51663E+02
  8.42600E+01  7.51599E+02
  8.42700E+01  7.51535E+02
  8.42800E+01  7.51471E+02
  8.42900E+01  7.51407E+02
  8.43000E+01  7.51343E+02
  8.43100E+01  7.51279E+02
  8.43200E+01  7.51215E+02
  8.43300E+01  7.51151E+02
  8.43400E+01  7.51087E+02
  8.43500E+01  7.51023E+02
  8.43600E+01  7.50959E+02
  8.43700E+01  7.50896E+02
  8.43800E+01  7.50832E+02
  8.43900E+01  7.50768E+02
  8.44000E+01  7.50704E+02
  8.44100E+01  7.50640E+02
  8.44200E+01  7.50577E+02
  8.44300E+01  7.50513E+02
  8.44400E+01  7.50450E+02
  8.44500E+01  7.50386E+02
  8.44600E+01  7.50322E+02
  8.44700E+01  7.50259E+02
  8.44800E+01  7.50195E+02
  8.44900E+01  7.50132E+02
  8.45000E+01  7.50068E+02
  8.45100E+01  7.50005E+02
  8.45200E+01  7.49942E+02
  8.45300E+01  7.49878E+02
  8.45400E+01  7.49815E+02
  8.45500E+01  7.49751E+02
  8.45600E+01  7.49688E+02
  8.45700E+01  7.49625E+02
  8.45800E+01  7.49562E+02
  8.45900E+01  7.49498E+02
  8.46000E+01  7.49435E+02
  8.46100E+01  7.49372E+02
  8.46200E+01  7.49309E+02
  8.46300E+01  7.49245E+02
  8.46400E+01  7.49182E+02
  8.46500E+01  7.49119E+02
  8.46600E+01  7.49056E+02
  8.46700E+01  7.48993E+02
  8.46800E+01  7.48930E+02
  8.46900E+01  7.48867E+02
  8.47000E+01  7.48804E+02
  8.47100E+01  7.48741E+02
  8.47200E+01  7.48678E+02
  8.47300E+01  7.48615E+02
  8.47400E+01  7.48552E+02
  8.47500E+01  7.48489E+02
  8.47600E+01  7.48426E+02
  8.47700E+01  7.48363E+02
  8.47800E+01  7.48300E+02
  8.47900E+01  7.48237E+02
  8.48000E+01  7.48174E+02
  8.48100E+01  7.48112E+02
  8.48200E+01  7.48049E+02
  8.48300E+01  7.47986E+02
  8.48400E+01  7.47923E+02
  8.48500E+01  7.47861E+02
  8.48600E+01  7.47798E+02
  8.48700E+01  7.47735E+02
  8.48800E+01  7.47673E+02
  8.48900E+01  7.47610E+02
  8.49000E+01  7.47548E+02
  8.49100E+01  7.47485E+02
  8.49200E+01  7.47422E+02
  8.49300E+01  7.47360E+02
  8.49400E+01  7.47297E+02
  8.49500E+01  7.47235E+02
  8.49600E+01  7.47173E+02
  8.49700E+01  7.47110E+02
  8.49800E+01  7.47048E+02
  8.49900E+01  7.46986E+02
  8.50000E+01  7.46923E+02
  8.50100E+01  7.46861E+02
  8.50200E+01  7.46799E+02
  8.50300E+01  7.46736E+02
  8.50400E+01  7.46674E+02
  8.50500E+01  7.46612E+02
  8.50600E+01  7.46550E+02
  8.50700E+01  7.46488E+02
  8.50800E+01  7.46425E+02
  8.50900E+01  7.46363E+02
  8.51000E+01  7.46301E+02
  8.51100E+01  7.46239E+02
  8.51200E+01  7.46177E+02
  8.51300E+01  7.46115E+02
  8.51400E+01  7.46053E+02
  8.51500E+01  7.45991E+02
  8.51600E+01  7.45929E+02
  8.51700E+01  7.45867E+02
  8.51800E+01  7.45806E+02
  8.51900E+01  7.45744E+02
  8.52000E+01  7.45682E+02
  8.52100E+01  7.45620E+02
  8.52200E+01  7.45558E+02
  8.52300E+01  7.45497E+02
  8.52400E+01  7.45435E+02
  8.52500E+01  7.45373E+02
  8.52600E+01  7.45312E+02
  8.52700E+01  7.45250E+02
  8.52800E+01  7.45188E+02
  8.52900E+01  7.45127E+02
  8.53000E+01  7.45065E+02
  8.53100E+01  7.45004E+02
  8.53200E+01  7.44942E+02
  8.53300E+01  7.44881E+02
  8.53400E+01  7.44819E+02
  8.53500E+01  7.44758E+02
  8.53600E+01  7.44696E+02
  8.53700E+01  7.44635E+02
  8.53800E+01  7.44573E+02
  8.53900E+01  7.44512E+02
  8.54000E+01  7.44451E+02
  8.54100E+01  7.44389E+02
  8.54200E+01  7.44328E+02
  8.54300E+01  7.44267E+02
  8.54400E+01  7.44206E+02
  8.54500E+01  7.44145E+02
  8.54600E+01  7.44083E+02
  8.54700E+01  7.44022E+02
  8.54800E+01  7.43961E+02
  8.54900E+01  7.43900E+02
  8.55000E+01  7.43839E+02
  8.55100E+01  7.43778E+02
  8.55200E+01  7.43717E+02
  8.55300E+01  7.43656E+02
  8.55400E+01  7.43595E+02
  8.55500E+01  7.43534E+02
  8.55600E+01  7.43473E+02
  8.55700E+01  7.43412E+02
  8.55800E+01  7.43351E+02
  8.55900E+01  7.43291E+02
  8.56000E+01  7.43230E+02
  8.56100E+01  7.43169E+02
  8.56200E+01  7.43108E+02
  8.56300E+01  7.43048E+02
  8.56400E+01  7.42987E+02
  8.56500E+01  7.42926E+02
  8.56600E+01  7.42866E+02
  8.56700E+01  7.42805E+02
  8.56800E+01  7.42744E+02
  8.56900E+01  7.42684E+02
  8.57000E+01  7.42623E+02
  8.57100E+01  7.42563E+02
  8.57200E+01  7.42502E+02
  8.57300E+01  7.42442E+02
  8.57400E+01  7.42381E+02
  8.57500E+01  7.42321E+02
  8.57600E+01  7.42261E+02
  8.57700E+01  7.42200E+02
  8.57800E+01  7.42140E+02
  8.57900E+01  7.42079E+02
  8.58000E+01  7.42019E+02
  8.58100E+01  7.41959E+02
  8.58200E+01  7.41899E+02
  8.58300E+01  7.41839E+02
  8.58400E+01  7.41778E+02
  8.58500E+01  7.41718E+02
  8.58600E+01  7.41658E+02
  8.58700E+01  7.41598E+02
  8.58800E+01  7.41538E+02
  8.58900E+01  7.41478E+02
  8.59000E+01  7.41418E+02
  8.59100E+01  7.41358E+02
  8.59200E+01  7.41298E+02
  8.59300E+01  7.41238E+02
  8.59400E+01  7.41178E+02
  8.59500E+01  7.41118E+02
  8.59600E+01  7.41058E+02
  8.59700E+01  7.40998E+02
  8.59800E+01  7.40938E+02
  8.59900E+01  7.40879E+02
  8.60000E+01  7.40819E+02
  8.60100E+01  7.40759E+02
  8.60200E+01  7.40699E+02
  8.60300E+01  7.40640E+02
  8.60400E+01  7.40580E+02
  8.60500E+01  7.40520E+02
  8.60600E+01  7.40461E+02
  8.60700E+01  7.40401E+02
  8.60800E+01  7.40341E+02
  8.60900E+01  7.40282E+02
  8.61000E+01  7.40222E+02
  8.61100E+01  7.40163E+02
  8.61200E+01  7.40103E+02
  8.61300E+01  7.40044E+02
  8.61400E+01  7.39985E+02
  8.61500E+01  7.39925E+02
  8.61600E+01  7.39866E+02
  8.61700E+01  7.39806E+02
  8.61800E+01  7.39747E+02
  8.61900E+01  7.39688E+02
  8.62000E+01  7.39629E+02
  8.62100E+01  7.39569E+02
  8.62200E+01  7.39510E+02
  8.62300E+01  7.39451E+02
  8.62400E+01  7.39392E+02
  8.62500E+01  7.39333E+02
  8.62600E+01  7.39273E+02
  8.62700E+01  7.39214E+02
  8.62800E+01  7.39155E+02
  8.62900E+01  7.39096E+02
  8.63000E+01  7.39037E+02
  8.63100E+01  7.38978E+02
  8.63200E+01  7.38919E+02
  8.63300E+01  7.38860E+02
  8.63400E+01  7.38801E+02
  8.63500E+01  7.38743E+02
  8.63600E+01  7.38684E+02
  8.63700E+01  7.38625E+02
  8.63800E+01  7.38566E+02
  8.63900E+01  7.38507E+02
  8.64000E+01  7.38448E+02
  8.64100E+01  7.38390E+02
  8.64200E+01  7.38331E+02
  8.64300E+01  7.38272E+02
  8.64400E+01  7.38214E+02
  8.64500E+01  7.38155E+02
  8.64600E+01  7.38096E+02
  8.64700E+01  7.38038E+02
  8.64800E+01  7.37979E+02
  8.64900E+01  7.37921E+02
  8.65000E+01  7.37862E+02
  8.65100E+01  7.37804E+02
  8.65200E+01  7.37745E+02
  8.65300E+01  7.37687E+02
  8.65400E+01  7.37628E+02
  8.65500E+01  7.37570E+02
  8.65600E+01  7.37512E+02
  8.65700E+01  7.37453E+02
  8.65800E+01  7.37395E+02
  8.65900E+01  7.37337E+02
  8.66000E+01  7.37278E+02
  8.66100E+01  7.37220E+02
  8.66200E+01  7.37162E+02
  8.66300E+01  7.37104E+02
  8.66400E+01  7.37046E+02
  8.66500E+01  7.36987E+02
  8.66600E+01  7.36929E+02
  8.66700E+01  7.36871E+02
  8.66800E+01  7.36813E+02
  8.66900E+01  7.36755E+02
  8.67000E+01  7.36697E+02
  8.67100E+01  7.36639E+02
  8.67200E+01  7.36581E+02
  8.67300E+01  7.36523E+02
  8.67400E+01  7.36465E+02
  8.67500E+01  7.36407E+02
  8.67600E+01  7.36349E+02
  8.67700E+01  7.36292E+02
  8.67800E+01  7.36234E+02
  8.67900E+01  7.36176E+02
  8.68000E+01  7.36118E+02
  8.68100E+01  7.36060E+02
  8.68200E+01  7.36003E+02
  8.68300E+01  7.35945E+02
  8.68400E+01  7.35887E+02
  8.68500E+01  7.35830E+02
  8.68600E+01  7.35772E+02
  8.68700E+01  7.35714E+02
  8.68800E+01  7.35657E+02
  8.68900E+01  7.35599E+02
  8.69000E+01  7.35542E+02
  8.69100E+01  7.35484E+02
  8.69200E+01  7.35427E+02
  8.69300E+01  7.35369E+02
  8.69400E+01  7.35312E+02
  8.69500E+01  7.35254E+02
  8.69600E+01  7.35197E+02
  8.69700E+01  7.35140E+02
  8.69800E+01  7.35082E+02
  8.69900E+01  7.35025E+02
  8.70000E+01  7.34968E+02
  8.70100E+01  7.34911E+02
  8.70200E+01  7.34853E+02
  8.70300E+01  7.34796E+02
  8.70400E+01  7.34739E+02
  8.70500E+01  7.34682E+02
  8.70600E+01  7.34625E+02
  8.70700E+01  7.34567E+02
  8.70800E+01  7.34510E+02
  8.70900E+01  7.34453E+02
  8.71000E+01  7.34396E+02
  8.71100E+01  7.34339E+02
  8.71200E+01  7.34282E+02
  8.71300E+01  7.34225E+02
  8.71400E+01  7.34168E+02
  8.71500E+01  7.34111E+02
  8.71600E+01  7.34055E+02
  8.71700E+01  7.33998E+02
  8.71800E+01  7.33941E+02
  8.71900E+01  7.33884E+02
  8.72000E+01  7.33827E+02
  8.72100E+01  7.33770E+02
  8.72200E+01  7.33714E+02
  8.72300E+01  7.33657E+02
  8.72400E+01  7.33600E+02
  8.72500E+01  7.33543E+02
  8.72600E+01  7.33487E+02
  8.72700E+01  7.33430E+02
  8.72800E+01  7.33374E+02
  8.72900E+01  7.33317E+02
  8.73000E+01  7.33260E+02
  8.73100E+01  7.33204E+02
  8.73200E+01  7.33147E+02
  8.73300E+01  7.33091E+02
  8.73400E+01  7.33034E+02
  8.73500E+01  7.32978E+02
  8.73600E+01  7.32921E+02
  8.73700E+01  7.32865E+02
  8.73800E+01  7.32809E+02
  8.73900E+01  7.32752E+02
  8.74000E+01  7.32696E+02
  8.74100E+01  7.32640E+02
  8.74200E+01  7.32583E+02
  8.74300E+01  7.32527E+02
  8.74400E+01  7.32471E+02
  8.74500E+01  7.32415E+02
  8.74600E+01  7.32359E+02
  8.74700E+01  7.32302E+02
  8.74800E+01  7.32246E+02
  8.74900E+01  7.32190E+02
  8.75000E+01  7.32134E+02
  8.75100E+01  7.32078E+02
  8.75200E+01  7.32022E+02
  8.75300E+01  7.31966E+02
  8.75400E+01  7.31910E+02
  8.75500E+01  7.31854E+02
  8.75600E+01  7.31798E+02
  8.75700E+01  7.31742E+02
  8.75800E+01  7.31686E+02
  8.75900E+01  7.31630E+02
  8.76000E+01  7.31574E+02
  8.76100E+01  7.31519E+02
  8.76200E+01  7.31463E+02
  8.76300E+01  7.31407E+02
  8.76400E+01  7.31351E+02
  8.76500E+01  7.31296E+02
  8.76600E+01  7.31240E+02
  8.76700E+01  7.31184E+02
  8.76800E+01  7.31128E+02
  8.76900E+01  7.31073E+02
  8.77000E+01  7.31017E+02
  8.77100E+01  7.30962E+02
  8.77200E+01  7.30906E+02
  8.77300E+01  7.30850E+02
  8.77400E+01  7.30795E+02
  8.77500E+01  7.30739E+02
  8.77600E+01  7.30684E+02
  8.77700E+01  7.30629E+02
  8.77800E+01  7.30573E+02
  8.77900E+01  7.30518E+02
  8.78000E+01  7.30462E+02
  8.78100E+01  7.30407E+02
  8.78200E+01  7.30352E+02
  8.78300E+01  7.30296E+02
  8.78400E+01  7.30241E+02
  8.78500E+01  7.30186E+02
  8.78600E+01  7.30130E+02
  8.78700E+01  7.30075E+02
  8.78800E+01  7.30020E+02
  8.78900E+01  7.29965E+02
  8.79000E+01  7.29910E+02
  8.79100E+01  7.29854E+02
  8.79200E+01  7.29799E+02
  8.79300E+01  7.29744E+02
  8.79400E+01  7.29689E+02
  8.79500E+01  7.29634E+02
  8.79600E+01  7.29579E+02
  8.79700E+01  7.29524E+02
  8.79800E+01  7.29469E+02
  8.79900E+01  7.29414E+02
  8.80000E+01  7.29359E+02
  8.80100E+01  7.29304E+02
  8.80200E+01  7.29249E+02
  8.80300E+01  7.29195E+02
  8.80400E+01  7.29140E+02
  8.80500E+01  7.29085E+02
  8.80600E+01  7.29030E+02
  8.80700E+01  7.28975E+02
  8.80800E+01  7.28921E+02
  8.80900E+01  7.28866E+02
  8.81000E+01  7.28811E+02
  8.81100E+01  7.28757E+02
  8.81200E+01  7.28702E+02
  8.81300E+01  7.28647E+02
  8.81400E+01  7.28593E+02
  8.81500E+01  7.28538E+02
  8.81600E+01  7.28483E+02
  8.81700E+01  7.28429E+02
  8.81800E+01  7.28374E+02
  8.81900E+01  7.28320E+02
  8.82000E+01  7.28265E+02
  8.82100E+01  7.28211E+02
  8.82200E+01  7.28157E+02
  8.82300E+01  7.28102E+02
  8.82400E+01  7.28048E+02
  8.82500E+01  7.27993E+02
  8.82600E+01  7.27939E+02
  8.82700E+01  7.27885E+02
  8.82800E+01  7.27830E+02
  8.82900E+01  7.27776E+02
  8.83000E+01  7.27722E+02
  8.83100E+01  7.27668E+02
  8.83200E+01  7.27614E+02
  8.83300E+01  7.27559E+02
  8.83400E+01  7.27505E+02
  8.83500E+01  7.27451E+02
  8.83600E+01  7.27397E+02
  8.83700E+01  7.27343E+02
  8.83800E+01  7.27289E+02
  8.83900E+01  7.27235E+02
  8.84000E+01  7.27181E+02
  8.84100E+01  7.27127E+02
  8.84200E+01  7.27073E+02
  8.84300E+01  7.27019E+02
  8.84400E+01  7.26965E+02
  8.84500E+01  7.26911E+02
  8.84600E+01  7.26857E+02
  8.84700E+01  7.26803E+02
  8.84800E+01  7.26749E+02
  8.84900E+01  7.26695E+02
  8.85000E+01  7.26642E+02
  8.85100E+01  7.26588E+02
  8.85200E+01  7.26534E+02
  8.85300E+01  7.26480E+02
  8.85400E+01  7.26427E+02
  8.85500E+01  7.26373E+02
  8.85600E+01  7.26319E+02
  8.85700E+01  7.26266E+02
  8.85800E+01  7.26212E+02
  8.85900E+01  7.26158E+02
  8.86000E+01  7.26105E+02
  8.86100E+01  7.26051E+02
  8.86200E+01  7.25998E+02
  8.86300E+01  7.25944E+02
  8.86400E+01  7.25891E+02
  8.86500E+01  7.25837E+02
  8.86600E+01  7.25784E+02
  8.86700E+01  7.25730E+02
  8.86800E+01  7.25677E+02
  8.86900E+01  7.25624E+02
  8.87000E+01  7.25570E+02
  8.87100E+01  7.25517E+02
  8.87200E+01  7.25464E+02
  8.87300E+01  7.25410E+02
  8.87400E+01  7.25357E+02
  8.87500E+01  7.25304E+02
  8.87600E+01  7.25250E+02
  8.87700E+01  7.25197E+02
  8.87800E+01  7.25144E+02
  8.87900E+01  7.25091E+02
  8.88000E+01  7.25038E+02
  8.88100E+01  7.24985E+02
  8.88200E+01  7.24932E+02
  8.88300E+01  7.24878E+02
  8.88400E+01  7.24825E+02
  8.88500E+01  7.24772E+02
  8.88600E+01  7.24719E+02
  8.88700E+01  7.24666E+02
  8.88800E+01  7.24613E+02
  8.88900E+01  7.24560E+02
  8.89000E+01  7.24507E+02
  8.89100E+01  7.24454E+02
  8.89200E+01  7.24401E+02
  8.89300E+01  7.24348E+02
  8.89400E+01  7.24295E+02
  8.89500E+01  7.24243E+02
  8.89600E+01  7.24190E+02
  8.89700E+01  7.24137E+02
  8.89800E+01  7.24084E+02
  8.89900E+01  7.24031E+02
  8.90000E+01  7.23978E+02
  8.90100E+01  7.23926E+02
  8.90200E+01  7.23873E+02
  8.90300E+01  7.23820E+02
  8.90400E+01  7.23767E+02
  8.90500E+01  7.23714E+02
  8.90600E+01  7.23662E+02
  8.90700E+01  7.23609E+02
  8.90800E+01  7.23556E+02
  8.90900E+01  7.23504E+02
  8.91000E+01  7.23451E+02
  8.91100E+01  7.23398E+02
  8.91200E+01  7.23346E+02
  8.91300E+01  7.23293E+02
  8.91400E+01  7.23241E+02
  8.91500E+01  7.23188E+02
  8.91600E+01  7.23136E+02
  8.91700E+01  7.23083E+02
  8.91800E+01  7.23031E+02
  8.91900E+01  7.22978E+02
  8.92000E+01  7.22926E+02
  8.92100E+01  7.22873E+02
  8.92200E+01  7.22821E+02
  8.92300E+01  7.22768E+02
  8.92400E+01  7.22716E+02
  8.92500E+01  7.22664E+02
  8.92600E+01  7.22611E+02
  8.92700E+01  7.22559E+02
  8.92800E+01  7.22507E+02
  8.92900E+01  7.22454E+02
  8.93000E+01  7.22402E+02
  8.93100E+01  7.22350E+02
  8.93200E+01  7.22298E+02
  8.93300E+01  7.22245E+02
  8.93400E+01  7.22193E+02
  8.93500E+01  7.22141E+02
  8.93600E+01  7.22089E+02
  8.93700E+01  7.22037E+02
  8.93800E+01  7.21985E+02
  8.93900E+01  7.21933E+02
  8.94000E+01  7.21881E+02
  8.94100E+01  7.21828E+02
  8.94200E+01  7.21776E+02
  8.94300E+01  7.21724E+02
  8.94400E+01  7.21672E+02
  8.94500E+01  7.21620E+02
  8.94600E+01  7.21569E+02
  8.94700E+01  7.21517E+02
  8.94800E+01  7.21465E+02
  8.94900E+01  7.21413E+02
  8.95000E+01  7.21361E+02
  8.95100E+01  7.21309E+02
  8.95200E+01  7.21257E+02
  8.95300E+01  7.21205E+02
  8.95400E+01  7.21154E+02
  8.95500E+01  7.21102E+02
  8.95600E+01  7.21050E+02
  8.95700E+01  7.20998E+02
  8.95800E+01  7.20947E+02
  8.95900E+01  7.20895E+02
  8.96000E+01  7.20843E+02
  8.96100E+01  7.20791E+02
  8.96200E+01  7.20740E+02
  8.96300E+01  7.20688E+02
  8.96400E+01  7.20637E+02
  8.96500E+01  7.20585E+02
  8.96600E+01  7.20533E+02
  8.96700E+01  7.20482E+02
  8.96800E+01  7.20430E+02
  8.96900E+01  7.20379E+02
  8.97000E+01  7.20327E+02
  8.97100E+01  7.20276E+02
  8.97200E+01  7.20224E+02
  8.97300E+01  7.20173E+02
  8.97400E+01  7.20121E+02
  8.97500E+01  7.20070E+02
  8.97600E+01  7.20019E+02
  8.97700E+01  7.19967E+02
  8.97800E+01  7.19916E+02
  8.97900E+01  7.19865E+02
  8.98000E+01  7.19813E+02
  8.98100E+01  7.19762E+02
  8.98200E+01  7.19711E+02
  8.98300E+01  7.19659E+02
  8.98400E+01  7.19608E+02
  8.98500E+01  7.19557E+02
  8.98600E+01  7.19506E+02
  8.98700E+01  7.19455E+02
  8.98800E+01  7.19404E+02
  8.98900E+01  7.19352E+02
  8.99000E+01  7.19301E+02
  8.99100E+01  7.19250E+02
  8.99200E+01  7.19199E+02
  8.99300E+01  7.19148E+02
  8.99400E+01  7.19097E+02
  8.99500E+01  7.19046E+02
  8.99600E+01  7.18995E+02
  8.99700E+01  7.18944E+02
  8.99800E+01  7.18893E+02
  8.99900E+01  7.18842E+02
  9.00000E+01  7.18791E+02
  9.00100E+01  7.18740E+02
  9.00200E+01  7.18690E+02
  9.00300E+01  7.18639E+02
  9.00400E+01  7.18588E+02
  9.00500E+01  7.18537E+02
  9.00600E+01  7.18486E+02
  9.00700E+01  7.18435E+02
  9.00800E+01  7.18385E+02
  9.00900E+01  7.18334E+02
  9.01000E+01  7.18283E+02
  9.01100E+01  7.18233E+02
  9.01200E+01  7.18182E+02
  9.01300E+01  7.18131E+02
  9.01400E+01  7.18081E+02
  9.01500E+01  7.18030E+02
  9.01600E+01  7.17979E+02
  9.01700E+01  7.17929E+02
  9.01800E+01  7.17878E+02
  9.01900E+01  7.17828E+02
  9.02000E+01  7.17777E+02
  9.02100E+01  7.17727E+02
  9.02200E+01  7.17676E+02
  9.02300E+01  7.17626E+02
  9.02400E+01  7.17575E+02
  9.02500E+01  7.17525E+02
  9.02600E+01  7.17474E+02
  9.02700E+01  7.17424E+02
  9.02800E+01  7.17374E+02
  9.02900E+01  7.17323E+02
  9.03000E+01  7.17273E+02
  9.03100E+01  7.17223E+02
  9.03200E+01  7.17172E+02
  9.03300E+01  7.17122E+02
  9.03400E+01  7.17072E+02
  9.03500E+01  7.17022E+02
  9.03600E+01  7.16971E+02
  9.03700E+01  7.16921E+02
  9.03800E+01  7.16871E+02
  9.03900E+01  7.16821E+02
  9.04000E+01  7.16771E+02
  9.04100E+01  7.16721E+02
  9.04200E+01  7.16670E+02
  9.04300E+01  7.16620E+02
  9.04400E+01  7.16570E+02
  9.04500E+01  7.16520E+02
  9.04600E+01  7.16470E+02
  9.04700E+01  7.16420E+02
  9.04800E+01  7.16370E+02
  9.04900E+01  7.16320E+02
  9.05000E+01  7.16270E+02
  9.05100E+01  7.16220E+02
  9.05200E+01  7.16170E+02
  9.05300E+01  7.16121E+02
  9.05400E+01  7.16071E+02
  9.05500E+01  7.16021E+02
  9.05600E+01  7.15971E+02
  9.05700E+01  7.15921E+02
  9.05800E+01  7.15871E+02
  9.05900E+01  7.15822E+02
  9.06000E+01  7.15772E+02
  9.06100E+01  7.15722E+02
  9.06200E+01  7.15672E+02
  9.06300E+01  7.15623E+02
  9.06400E+01  7.15573E+02
  9.06500E+01  7.15523E+02
  9.06600E+01  7.15474E+02
  9.06700E+01  7.15424E+02
  9.06800E+01  7.15374E+02
  9.06900E+01  7.15325E+02
  9.07000E+01  7.15275E+02
  9.07100E+01  7.15226E+02
  9.07200E+01  7.15176E+02
  9.07300E+01  7.15127E+02
  9.07400E+01  7.15077E+02
  9.07500E+01  7.15028E+02
  9.07600E+01  7.14978E+02
  9.07700E+01  7.14929E+02
  9.07800E+01  7.14879E+02
  9.07900E+01  7.14830E+02
  9.08000E+01  7.14781E+02
  9.08100E+01  7.14731E+02
  9.08200E+01  7.14682E+02
  9.08300E+01  7.14633E+02
  9.08400E+01  7.14583E+02
  9.08500E+01  7.14534E+02
  9.08600E+01  7.14485E+02
  9.08700E+01  7.14436E+02
  9.08800E+01  7.14386E+02
  9.08900E+01  7.14337E+02
  9.09000E+01  7.14288E+02
  9.09100E+01  7.14239E+02
  9.09200E+01  7.14190E+02
  9.09300E+01  7.14140E+02
  9.09400E+01  7.14091E+02
  9.09500E+01  7.14042E+02
  9.09600E+01  7.13993E+02
  9.09700E+01  7.13944E+02
  9.09800E+01  7.13895E+02
  9.09900E+01  7.13846E+02
  9.10000E+01  7.13797E+02
  9.10100E+01  7.13748E+02
  9.10200E+01  7.13699E+02
  9.10300E+01  7.13650E+02
  9.10400E+01  7.13601E+02
  9.10500E+01  7.13552E+02
  9.10600E+01  7.13503E+02
  9.10700E+01  7.13454E+02
  9.10800E+01  7.13406E+02
  9.10900E+01  7.13357E+02
  9.11000E+01  7.13308E+02
  9.11100E+01  7.13259E+02
  9.11200E+01  7.13210E+02
  9.11300E+01  7.13162E+02
  9.11400E+01  7.13113E+02
  9.11500E+01  7.13064E+02
  9.11600E+01  7.13015E+02
  9.11700E+01  7.12967E+02
  9.11800E+01  7.12918E+02
  9.11900E+01  7.12869E+02
  9.12000E+01  7.12821E+02
  9.12100E+01  7.12772E+02
  9.12200E+01  7.12724E+02
  9.12300E+01  7.12675E+02
  9.12400E+01  7.12626E+02
  9.12500E+01  7.12578E+02
  9.12600E+01  7.12529E+02
  9.12700E+01  7.12481E+02
  9.12800E+01  7.12432E+02
  9.12900E+01  7.12384E+02
  9.13000E+01  7.12335E+02
  9.13100E+01  7.12287E+02
  9.13200E+01  7.12239E+02
  9.13300E+01  7.12190E+02
  9.13400E+01  7.12142E+02
  9.13500E+01  7.12093E+02
  9.13600E+01  7.12045E+02
  9.13700E+01  7.11997E+02
  9.13800E+01  7.11949E+02
  9.13900E+01  7.11900E+02
  9.14000E+01  7.11852E+02
  9.14100E+01  7.11804E+02
  9.14200E+01  7.11755E+02
  9.14300E+01  7.11707E+02
  9.14400E+01  7.11659E+02
  9.14500E+01  7.11611E+02
  9.14600E+01  7.11563E+02
  9.14700E+01  7.11515E+02
  9.14800E+01  7.11467E+02
  9.14900E+01  7.11418E+02
  9.15000E+01  7.11370E+02
  9.15100E+01  7.11322E+02
  9.15200E+01  7.11274E+02
  9.15300E+01  7.11226E+02
  9.15400E+01  7.11178E+02
  9.15500E+01  7.11130E+02
  9.15600E+01  7.11082E+02
  9.15700E+01  7.11034E+02
  9.15800E+01  7.10986E+02
  9.15900E+01  7.10938E+02
  9.16000E+01  7.10891E+02
  9.16100E+01  7.10843E+02
  9.16200E+01  7.10795E+02
  9.16300E+01  7.10747E+02
  9.16400E+01  7.10699E+02
  9.16500E+01  7.10651E+02
  9.16600E+01  7.10603E+02
  9.16700E+01  7.10556E+02
  9.16800E+01  7.10508E+02
  9.16900E+01  7.10460E+02
  9.17000E+01  7.10412E+02
  9.17100E+01  7.10365E+02
  9.17200E+01  7.10317E+02
  9.17300E+01  7.10269E+02
  9.17400E+01  7.10222E+02
  9.17500E+01  7.10174E+02
  9.17600E+01  7.10127E+02
  9.17700E+01  7.10079E+02
  9.17800E+01  7.10031E+02
  9.17900E+01  7.09984E+02
  9.18000E+01  7.09936E+02
  9.18100E+01  7.09889E+02
  9.18200E+01  7.09841E+02
  9.18300E+01  7.09794E+02
  9.18400E+01  7.09746E+02
  9.18500E+01  7.09699E+02
  9.18600E+01  7.09651E+02
  9.18700E+01  7.09604E+02
  9.18800E+01  7.09557E+02
  9.18900E+01  7.09509E+02
  9.19000E+01  7.09462E+02
  9.19100E+01  7.09414E+02
  9.19200E+01  7.09367E+02
  9.19300E+01  7.09320E+02
  9.19400E+01  7.09273E+02
  9.19500E+01  7.09225E+02
  9.19600E+01  7.09178E+02
  9.19700E+01  7.09131E+02
  9.19800E+01  7.09084E+02
  9.19900E+01  7.09036E+02
  9.20000E+01  7.08989E+02
  9.20100E+01  7.08942E+02
  9.20200E+01  7.08895E+02
  9.20300E+01  7.08848E+02
  9.20400E+01  7.08801E+02
  9.20500E+01  7.08753E+02
  9.20600E+01  7.08706E+02
  9.20700E+01  7.08659E+02
  9.20800E+01  7.08612E+02
  9.20900E+01  7.08565E+02
  9.21000E+01  7.08518E+02
  9.21100E+01  7.08471E+02
  9.21200E+01  7.08424E+02
  9.21300E+01  7.08377E+02
  9.21400E+01  7.08330E+02
  9.21500E+01  7.08283E+02
  9.21600E+01  7.08237E+02
  9.21700E+01  7.08190E+02
  9.21800E+01  7.08143E+02
  9.21900E+01  7.08096E+02
  9.22000E+01  7.08049E+02
  9.22100E+01  7.08002E+02
  9.22200E+01  7.07956E+02
  9.22300E+01  7.07909E+02
  9.22400E+01  7.07862E+02
  9.22500E+01  7.07815E+02
  9.22600E+01  7.07768E+02
  9.22700E+01  7.07722E+02
  9.22800E+01  7.07675E+02
  9.22900E+01  7.07628E+02
  9.23000E+01  7.07582E+02
  9.23100E+01  7.07535E+02
  9.23200E+01  7.07488E+02
  9.23300E+01  7.07442E+02
  9.23400E+01  7.07395E+02
  9.23500E+01  7.07349E+02
  9.23600E+01  7.07302E+02
  9.23700E+01  7.07256E+02
  9.23800E+01  7.07209E+02
  9.23900E+01  7.07163E+02
  9.24000E+01  7.07116E+02
  9.24100E+01  7.07070E+02
  9.24200E+01  7.07023E+02
  9.24300E+01  7.06977E+02
  9.24400E+01  7.06930E+02
  9.24500E+01  7.06884E+02
  9.24600E+01  7.06838E+02
  9.24700E+01  7.06791E+02
  9.24800E+01  7.06745E+02
  9.24900E+01  7.06698E+02
  9.25000E+01  7.06652E+02
  9.25100E+01  7.06606E+02
  9.25200E+01  7.06560E+02
  9.25300E+01  7.06513E+02
  9.25400E+01  7.06467E+02
  9.25500E+01  7.06421E+02
  9.25600E+01  7.06375E+02
  9.25700E+01  7.06328E+02
  9.25800E+01  7.06282E+02
  9.25900E+01  7.06236E+02
  9.26000E+01  7.06190E+02
  9.26100E+01  7.06144E+02
  9.26200E+01  7.06098E+02
  9.26300E+01  7.06052E+02
  9.26400E+01  7.06006E+02
  9.26500E+01  7.05959E+02
  9.26600E+01  7.05913E+02
  9.26700E+01  7.05867E+02
  9.26800E+01  7.05821E+02
  9.26900E+01  7.05775E+02
  9.27000E+01  7.05729E+02
  9.27100E+01  7.05684E+02
  9.27200E+01  7.05638E+02
  9.27300E+01  7.05592E+02
  9.27400E+01  7.05546E+02
  9.27500E+01  7.05500E+02
  9.27600E+01  7.05454E+02
  9.27700E+01  7.05408E+02
  9.27800E+01  7.05362E+02
  9.27900E+01  7.05316E+02
  9.28000E+01  7.05271E+02
  9.28100E+01  7.05225E+02
  9.28200E+01  7.05179E+02
  9.28300E+01  7.05133E+02
  9.28400E+01  7.05088E+02
  9.28500E+01  7.05042E+02
  9.28600E+01  7.04996E+02
  9.28700E+01  7.04951E+02
  9.28800E+01  7.04905E+02
  9.28900E+01  7.04859E+02
  9.29000E+01  7.04814E+02
  9.29100E+01  7.04768E+02
  9.29200E+01  7.04722E+02
  9.29300E+01  7.04677E+02
  9.29400E+01  7.04631E+02
  9.29500E+01  7.04586E+02
  9.29600E+01  7.04540E+02
  9.29700E+01  7.04495E+02
  9.29800E+01  7.04449E+02
  9.29900E+01  7.04404E+02
  9.30000E+01  7.04358E+02
  9.30100E+01  7.04313E+02
  9.30200E+01  7.04267E+02
  9.30300E+01  7.04222E+02
  9.30400E+01  7.04176E+02
  9.30500E+01  7.04131E+02
  9.30600E+01  7.04086E+02
  9.30700E+01  7.04040E+02
  9.30800E+01  7.03995E+02
  9.30900E+01  7.03950E+02
  9.31000E+01  7.03904E+02
  9.31100E+01  7.03859E+02
  9.31200E+01  7.03814E+02
  9.31300E+01  7.03769E+02
  9.31400E+01  7.03723E+02
  9.31500E+01  7.03678E+02
  9.31600E+01  7.03633E+02
  9.31700E+01  7.03588E+02
  9.31800E+01  7.03543E+02
  9.31900E+01  7.03497E+02
  9.32000E+01  7.03452E+02
  9.32100E+01  7.03407E+02
  9.32200E+01  7.03362E+02
  9.32300E+01  7.03317E+02
  9.32400E+01  7.03272E+02
  9.32500E+01  7.03227E+02
  9.32600E+01  7.03182E+02
  9.32700E+01  7.03137E+02
  9.32800E+01  7.03092E+02
  9.32900E+01  7.03047E+02
  9.33000E+01  7.03002E+02
  9.33100E+01  7.02957E+02
  9.33200E+01  7.02912E+02
  9.33300E+01  7.02867E+02
  9.33400E+01  7.02822E+02
  9.33500E+01  7.02777E+02
  9.33600E+01  7.02732E+02
  9.33700E+01  7.02688E+02
  9.33800E+01  7.02643E+02
  9.33900E+01  7.02598E+02
  9.34000E+01  7.02553E+02
  9.34100E+01  7.02508E+02
  9.34200E+01  7.02463E+02
  9.34300E+01  7.02419E+02
  9.34400E+01  7.02374E+02
  9.34500E+01  7.02329E+02
  9.34600E+01  7.02285E+02
  9.34700E+01  7.02240E+02
  9.34800E+01  7.02195E+02
  9.34900E+01  7.02151E+02
  9.35000E+01  7.02106E+02
  9.35100E+01  7.02061E+02
  9.35200E+01  7.02017E+02
  9.35300E+01  7.01972E+02
  9.35400E+01  7.01927E+02
  9.35500E+01  7.01883E+02
  9.35600E+01  7.01838E+02
  9.35700E+01  7.01794E+02
  9.35800E+01  7.01749E+02
  9.35900E+01  7.01705E+02
  9.36000E+01  7.01660E+02
  9.36100E+01  7.01616E+02
  9.36200E+01  7.01571E+02
  9.36300E+01  7.01527E+02
  9.36400E+01  7.01483E+02
  9.36500E+01  7.01438E+02
  9.36600E+01  7.01394E+02
  9.36700E+01  7.01349E+02
  9.36800E+01  7.01305E+02
  9.36900E+01  7.01261E+02
  9.37000E+01  7.01216E+02
  9.37100E+01  7.01172E+02
  9.37200E+01  7.01128E+02
  9.37300E+01  7.01083E+02
  9.37400E+01  7.01039E+02
  9.37500E+01  7.00995E+02
  9.37600E+01  7.00951E+02
  9.37700E+01  7.00907E+02
  9.37800E+01  7.00862E+02
  9.37900E+01  7.00818E+02
  9.38000E+01  7.00774E+02
  9.38100E+01  7.00730E+02
  9.38200E+01  7.00686E+02
  9.38300E+01  7.00642E+02
  9.38400E+01  7.00598E+02
  9.38500E+01  7.00553E+02
  9.38600E+01  7.00509E+02
  9.38700E+01  7.00465E+02
  9.38800E+01  7.00421E+02
  9.38900E+01  7.00377E+02
  9.39000E+01  7.00333E+02
  9.39100E+01  7.00289E+02
  9.39200E+01  7.00245E+02
  9.39300E+01  7.00201E+02
  9.39400E+01  7.00157E+02
  9.39500E+01  7.00113E+02
  9.39600E+01  7.00070E+02
  9.39700E+01  7.00026E+02
  9.39800E+01  6.99982E+02
  9.39900E+01  6.99938E+02
  9.40000E+01  6.99894E+02
  9.40100E+01  6.99850E+02
  9.40200E+01  6.99806E+02
  9.40300E+01  6.99763E+02
  9.40400E+01  6.99719E+02
  9.40500E+01  6.99675E+02
  9.40600E+01  6.99631E+02
  9.40700E+01  6.99587E+02
  9.40800E+01  6.99544E+02
  9.40900E+01  6.99500E+02
  9.41000E+01  6.99456E+02
  9.41100E+01  6.99412E+02
  9.41200E+01  6.99369E+02
  9.41300E+01  6.99325E+02
  9.41400E+01  6.99281E+02
  9.41500E+01  6.99238E+02
  9.41600E+01  6.99194E+02
  9.41700E+01  6.99150E+02
  9.41800E+01  6.99107E+02
  9.41900E+01  6.99063E+02
  9.42000E+01  6.99020E+02
  9.42100E+01  6.98976E+02
  9.42200E+01  6.98932E+02
  9.42300E+01  6.98889E+02
  9.42400E+01  6.98845E+02
  9.42500E+01  6.98802E+02
  9.42600E+01  6.98758E+02
  9.42700E+01  6.98715E+02
  9.42800E+01  6.98671E+02
  9.42900E+01  6.98628E+02
  9.43000E+01  6.98584E+02
  9.43100E+01  6.98541E+02
  9.43200E+01  6.98497E+02
  9.43300E+01  6.98454E+02
  9.43400E+01  6.98410E+02
  9.43500E+01  6.98367E+02
  9.43600E+01  6.98324E+02
  9.43700E+01  6.98280E+02
  9.43800E+01  6.98237E+02
  9.43900E+01  6.98194E+02
  9.44000E+01  6.98150E+02
  9.44100E+01  6.98107E+02
  9.44200E+01  6.98064E+02
  9.44300E+01  6.98020E+02
  9.44400E+01  6.97977E+02
  9.44500E+01  6.97934E+02
  9.44600E+01  6.97890E+02
  9.44700E+01  6.97847E+02
  9.44800E+01  6.97804E+02
  9.44900E+01  6.97761E+02
  9.45000E+01  6.97718E+02
  9.45100E+01  6.97674E+02
  9.45200E+01  6.97631E+02
  9.45300E+01  6.97588E+02
  9.45400E+01  6.97545E+02
  9.45500E+01  6.97502E+02
  9.45600E+01  6.97459E+02
  9.45700E+01  6.97416E+02
  9.45800E+01  6.97373E+02
  9.45900E+01  6.97329E+02
  9.46000E+01  6.97286E+02
  9.46100E+01  6.97243E+02
  9.46200E+01  6.97200E+02
  9.46300E+01  6.97157E+02
  9.46400E+01  6.97114E+02
  9.46500E+01  6.97071E+02
  9.46600E+01  6.97028E+02
  9.46700E+01  6.96985E+02
  9.46800E+01  6.96942E+02
  9.46900E+01  6.96900E+02
  9.47000E+01  6.96857E+02
  9.47100E+01  6.96814E+02
  9.47200E+01  6.96771E+02
  9.47300E+01  6.96728E+02
  9.47400E+01  6.96685E+02
  9.47500E+01  6.96642E+02
  9.47600E+01  6.96599E+02
  9.47700E+01  6.96557E+02
  9.47800E+01  6.96514E+02
  9.47900E+01  6.96471E+02
  9.48000E+01  6.96428E+02
  9.48100E+01  6.96386E+02
  9.48200E+01  6.96343E+02
  9.48300E+01  6.96300E+02
  9.48400E+01  6.96257E+02
  9.48500E+01  6.96215E+02
  9.48600E+01  6.96172E+02
  9.48700E+01  6.96129E+02
  9.48800E+01  6.96087E+02
  9.48900E+01  6.96044E+02
  9.49000E+01  6.96001E+02
  9.49100E+01  6.95959E+02
  9.49200E+01  6.95916E+02
  9.49300E+01  6.95874E+02
  9.49400E+01  6.95831E+02
  9.49500E+01  6.95788E+02
  9.49600E+01  6.95746E+02
  9.49700E+01  6.95703E+02
  9.49800E+01  6.95661E+02
  9.49900E+01  6.95618E+02
  9.50000E+01  6.95576E+02
  9.50100E+01  6.95533E+02
  9.50200E+01  6.95491E+02
  9.50300E+01  6.95448E+02
  9.50400E+01  6.95406E+02
  9.50500E+01  6.95364E+02
  9.50600E+01  6.95321E+02
  9.50700E+01  6.95279E+02
  9.50800E+01  6.95236E+02
  9.50900E+01  6.95194E+02
  9.51000E+01  6.95152E+02
  9.51100E+01  6.95109E+02
  9.51200E+01  6.95067E+02
  9.51300E+01  6.95025E+02
  9.51400E+01  6.94982E+02
  9.51500E+01  6.94940E+02
  9.51600E+01  6.94898E+02
  9.51700E+01  6.94856E+02
  9.51800E+01  6.94813E+02
  9.51900E+01  6.94771E+02
  9.52000E+01  6.94729E+02
  9.52100E+01  6.94687E+02
  9.52200E+01  6.94645E+02
  9.52300E+01  6.94602E+02
  9.52400E+01  6.94560E+02
  9.52500E+01  6.94518E+02
  9.52600E+01  6.94476E+02
  9.52700E+01  6.94434E+02
  9.52800E+01  6.94392E+02
  9.52900E+01  6.94350E+02
  9.53000E+01  6.94308E+02
  9.53100E+01  6.94266E+02
  9.53200E+01  6.94224E+02
  9.53300E+01  6.94182E+02
  9.53400E+01  6.94140E+02
  9.53500E+01  6.94098E+02
  9.53600E+01  6.94056E+02
  9.53700E+01  6.94014E+02
  9.53800E+01  6.93972E+02
  9.53900E+01  6.93930E+02
  9.54000E+01  6.93888E+02
  9.54100E+01  6.93846E+02
  9.54200E+01  6.93804E+02
  9.54300E+01  6.93762E+02
  9.54400E+01  6.93720E+02
  9.54500E+01  6.93679E+02
  9.54600E+01  6.93637E+02
  9.54700E+01  6.93595E+02
  9.54800E+01  6.93553E+02
  9.54900E+01  6.93511E+02
  9.55000E+01  6.93469E+02
  9.55100E+01  6.93428E+02
  9.55200E+01  6.93386E+02
  9.55300E+01  6.93344E+02
  9.55400E+01  6.93302E+02
  9.55500E+01  6.93261E+02
  9.55600E+01  6.93219E+02
  9.55700E+01  6.93177E+02
  9.55800E+01  6.93136E+02
  9.55900E+01  6.93094E+02
  9.56000E+01  6.93052E+02
  9.56100E+01  6.93011E+02
  9.56200E+01  6.92969E+02
  9.56300E+01  6.92928E+02
  9.56400E+01  6.92886E+02
  9.56500E+01  6.92844E+02
  9.56600E+01  6.92803E+02
  9.56700E+01  6.92761E+02
  9.56800E+01  6.92720E+02
  9.56900E+01  6.92678E+02
  9.57000E+01  6.92637E+02
  9.57100E+01  6.92595E+02
  9.57200E+01  6.92554E+02
  9.57300E+01  6.92512E+02
  9.57400E+01  6.92471E+02
  9.57500E+01  6.92429E+02
  9.57600E+01  6.92388E+02
  9.57700E+01  6.92347E+02
  9.57800E+01  6.92305E+02
  9.57900E+01  6.92264E+02
  9.58000E+01  6.92222E+02
  9.58100E+01  6.92181E+02
  9.58200E+01  6.92140E+02
  9.58300E+01  6.92098E+02
  9.58400E+01  6.92057E+02
  9.58500E+01  6.92016E+02
  9.58600E+01  6.91975E+02
  9.58700E+01  6.91933E+02
  9.58800E+01  6.91892E+02
  9.58900E+01  6.91851E+02
  9.59000E+01  6.91810E+02
  9.59100E+01  6.91768E+02
  9.59200E+01  6.91727E+02
  9.59300E+01  6.91686E+02
  9.59400E+01  6.91645E+02
  9.59500E+01  6.91604E+02
  9.59600E+01  6.91563E+02
  9.59700E+01  6.91521E+02
  9.59800E+01  6.91480E+02
  9.59900E+01  6.91439E+02
  9.60000E+01  6.91398E+02
  9.60100E+01  6.91357E+02
  9.60200E+01  6.91316E+02
  9.60300E+01  6.91275E+02
  9.60400E+01  6.91234E+02
  9.60500E+01  6.91193E+02
  9.60600E+01  6.91152E+02
  9.60700E+01  6.91111E+02
  9.60800E+01  6.91070E+02
  9.60900E+01  6.91029E+02
  9.61000E+01  6.90988E+02
  9.61100E+01  6.90947E+02
  9.61200E+01  6.90906E+02
  9.61300E+01  6.90865E+02
  9.61400E+01  6.90824E+02
  9.61500E+01  6.90784E+02
  9.61600E+01  6.90743E+02
  9.61700E+01  6.90702E+02
  9.61800E+01  6.90661E+02
  9.61900E+01  6.90620E+02
  9.62000E+01  6.90579E+02
  9.62100E+01  6.90539E+02
  9.62200E+01  6.90498E+02
  9.62300E+01  6.90457E+02
  9.62400E+01  6.90416E+02
  9.62500E+01  6.90376E+02
  9.62600E+01  6.90335E+02
  9.62700E+01  6.90294E+02
  9.62800E+01  6.90253E+02
  9.62900E+01  6.90213E+02
  9.63000E+01  6.90172E+02
  9.63100E+01  6.90131E+02
  9.63200E+01  6.90091E+02
  9.63300E+01  6.90050E+02
  9.63400E+01  6.90009E+02
  9.63500E+01  6.89969E+02
  9.63600E+01  6.89928E+02
  9.63700E+01  6.89888E+02
  9.63800E+01  6.89847E+02
  9.63900E+01  6.89807E+02
  9.64000E+01  6.89766E+02
  9.64100E+01  6.89725E+02
  9.64200E+01  6.89685E+02
  9.64300E+01  6.89644E+02
  9.64400E+01  6.89604E+02
  9.64500E+01  6.89564E+02
  9.64600E+01  6.89523E+02
  9.64700E+01  6.89483E+02
  9.64800E+01  6.89442E+02
  9.64900E+01  6.89402E+02
  9.65000E+01  6.89361E+02
  9.65100E+01  6.89321E+02
  9.65200E+01  6.89281E+02
  9.65300E+01  6.89240E+02
  9.65400E+01  6.89200E+02
  9.65500E+01  6.89160E+02
  9.65600E+01  6.89119E+02
  9.65700E+01  6.89079E+02
  9.65800E+01  6.89039E+02
  9.65900E+01  6.88998E+02
  9.66000E+01  6.88958E+02
  9.66100E+01  6.88918E+02
  9.66200E+01  6.88878E+02
  9.66300E+01  6.88837E+02
  9.66400E+01  6.88797E+02
  9.66500E+01  6.88757E+02
  9.66600E+01  6.88717E+02
  9.66700E+01  6.88677E+02
  9.66800E+01  6.88636E+02
  9.66900E+01  6.88596E+02
  9.67000E+01  6.88556E+02
  9.67100E+01  6.88516E+02
  9.67200E+01  6.88476E+02
  9.67300E+01  6.88436E+02
  9.67400E+01  6.88396E+02
  9.67500E+01  6.88356E+02
  9.67600E+01  6.88316E+02
  9.67700E+01  6.88276E+02
  9.67800E+01  6.88235E+02
  9.67900E+01  6.88195E+02
  9.68000E+01  6.88155E+02
  9.68100E+01  6.88115E+02
  9.68200E+01  6.88075E+02
  9.68300E+01  6.88036E+02
  9.68400E+01  6.87996E+02
  9.68500E+01  6.87956E+02
  9.68600E+01  6.87916E+02
  9.68700E+01  6.87876E+02
  9.68800E+01  6.87836E+02
  9.68900E+01  6.87796E+02
  9.69000E+01  6.87756E+02
  9.69100E+01  6.87716E+02
  9.69200E+01  6.87676E+02
  9.69300E+01  6.87637E+02
  9.69400E+01  6.87597E+02
  9.69500E+01  6.87557E+02
  9.69600E+01  6.87517E+02
  9.69700E+01  6.87477E+02
  9.69800E+01  6.87438E+02
  9.69900E+01  6.87398E+02
  9.70000E+01  6.87358E+02
  9.70100E+01  6.87318E+02
  9.70200E+01  6.87279E+02
  9.70300E+01  6.87239E+02
  9.70400E+01  6.87199E+02
  9.70500E+01  6.87160E+02
  9.70600E+01  6.87120E+02
  9.70700E+01  6.87080E+02
  9.70800E+01  6.87041E+02
  9.70900E+01  6.87001E+02
  9.71000E+01  6.86961E+02
  9.71100E+01  6.86922E+02
  9.71200E+01  6.86882E+02
  9.71300E+01  6.86843E+02
  9.71400E+01  6.86803E+02
  9.71500E+01  6.86764E+02
  9.71600E+01  6.86724E+02
  9.71700E+01  6.86685E+02
  9.71800E+01  6.86645E+02
  9.71900E+01  6.86606E+02
  9.72000E+01  6.86566E+02
  9.72100E+01  6.86527E+02
  9.72200E+01  6.86487E+02
  9.72300E+01  6.86448E+02
  9.72400E+01  6.86408E+02
  9.72500E+01  6.86369E+02
  9.72600E+01  6.86329E+02
  9.72700E+01  6.86290E+02
  9.72800E+01  6.86251E+02
  9.72900E+01  6.86211E+02
  9.73000E+01  6.86172E+02
  9.73100E+01  6.86133E+02
  9.73200E+01  6.86093E+02
  9.73300E+01  6.86054E+02
  9.73400E+01  6.86015E+02
  9.73500E+01  6.85975E+02
  9.73600E+01  6.85936E+02
  9.73700E+01  6.85897E+02
  9.73800E+01  6.85858E+02
  9.73900E+01  6.85818E+02
  9.74000E+01  6.85779E+02
  9.74100E+01  6.85740E+02
  9.74200E+01  6.85701E+02
  9.74300E+01  6.85662E+02
  9.74400E+01  6.85622E+02
  9.74500E+01  6.85583E+02
  9.74600E+01  6.85544E+02
  9.74700E+01  6.85505E+02
  9.74800E+01  6.85466E+02
  9.74900E+01  6.85427E+02
  9.75000E+01  6.85388E+02
  9.75100E+01  6.85349E+02
  9.75200E+01  6.85310E+02
  9.75300E+01  6.85271E+02
  9.75400E+01  6.85231E+02
  9.75500E+01  6.85192E+02
  9.75600E+01  6.85153E+02
  9.75700E+01  6.85114E+02
  9.75800E+01  6.85075E+02
  9.75900E+01  6.85036E+02
  9.76000E+01  6.84998E+02
  9.76100E+01  6.84959E+02
  9.76200E+01  6.84920E+02
  9.76300E+01  6.84881E+02
  9.76400E+01  6.84842E+02
  9.76500E+01  6.84803E+02
  9.76600E+01  6.84764E+02
  9.76700E+01  6.84725E+02
  9.76800E+01  6.84686E+02
  9.76900E+01  6.84647E+02
  9.77000E+01  6.84609E+02
  9.77100E+01  6.84570E+02
  9.77200E+01  6.84531E+02
  9.77300E+01  6.84492E+02
  9.77400E+01  6.84453E+02
  9.77500E+01  6.84415E+02
  9.77600E+01  6.84376E+02
  9.77700E+01  6.84337E+02
  9.77800E+01  6.84298E+02
  9.77900E+01  6.84260E+02
  9.78000E+01  6.84221E+02
  9.78100E+01  6.84182E+02
  9.78200E+01  6.84143E+02
  9.78300E+01  6.84105E+02
  9.78400E+01  6.84066E+02
  9.78500E+01  6.84027E+02
  9.78600E+01  6.83989E+02
  9.78700E+01  6.83950E+02
  9.78800E+01  6.83912E+02
  9.78900E+01  6.83873E+02
  9.79000E+01  6.83834E+02
  9.79100E+01  6.83796E+02
  9.79200E+01  6.83757E+02
  9.79300E+01  6.83719E+02
  9.79400E+01  6.83680E+02
  9.79500E+01  6.83642E+02
  9.79600E+01  6.83603E+02
  9.79700E+01  6.83565E+02
  9.79800E+01  6.83526E+02
  9.79900E+01  6.83488E+02
  9.80000E+01  6.83449E+02
  9.80100E+01  6.83411E+02
  9.80200E+01  6.83372E+02
  9.80300E+01  6.83334E+02
  9.80400E+01  6.83295E+02
  9.80500E+01  6.83257E+02
  9.80600E+01  6.83219E+02
  9.80700E+01  6.83180E+02
  9.80800E+01  6.83142E+02
  9.80900E+01  6.83104E+02
  9.81000E+01  6.83065E+02
  9.81100E+01  6.83027E+02
  9.81200E+01  6.82989E+02
  9.81300E+01  6.82950E+02
  9.81400E+01  6.82912E+02
  9.81500E+01  6.82874E+02
  9.81600E+01  6.82836E+02
  9.81700E+01  6.82797E+02
  9.81800E+01  6.82759E+02
  9.81900E+01  6.82721E+02
  9.82000E+01  6.82683E+02
  9.82100E+01  6.82644E+02
  9.82200E+01  6.82606E+02
  9.82300E+01  6.82568E+02
  9.82400E+01  6.82530E+02
  9.82500E+01  6.82492E+02
  9.82600E+01  6.82454E+02
  9.82700E+01  6.82415E+02
  9.82800E+01  6.82377E+02
  9.82900E+01  6.82339E+02
  9.83000E+01  6.82301E+02
  9.83100E+01  6.82263E+02
  9.83200E+01  6.82225E+02
  9.83300E+01  6.82187E+02
  9.83400E+01  6.82149E+02
  9.83500E+01  6.82111E+02
  9.83600E+01  6.82073E+02
  9.83700E+01  6.82035E+02
  9.83800E+01  6.81997E+02
  9.83900E+01  6.81959E+02
  9.84000E+01  6.81921E+02
  9.84100E+01  6.81883E+02
  9.84200E+01  6.81845E+02
  9.84300E+01  6.81807E+02
  9.84400E+01  6.81769E+02
  9.84500E+01  6.81731E+02
  9.84600E+01  6.81693E+02
  9.84700E+01  6.81655E+02
  9.84800E+01  6.81618E+02
  9.84900E+01  6.81580E+02
  9.85000E+01  6.81542E+02
  9.85100E+01  6.81504E+02
  9.85200E+01  6.81466E+02
  9.85300E+01  6.81428E+02
  9.85400E+01  6.81391E+02
  9.85500E+01  6.81353E+02
  9.85600E+01  6.81315E+02
  9.85700E+01  6.81277E+02
  9.85800E+01  6.81239E+02
  9.85900E+01  6.81202E+02
  9.86000E+01  6.81164E+02
  9.86100E+01  6.81126E+02
  9.86200E+01  6.81089E+02
  9.86300E+01  6.81051E+02
  9.86400E+01  6.81013E+02
  9.86500E+01  6.80976E+02
  9.86600E+01  6.80938E+02
  9.86700E+01  6.80900E+02
  9.86800E+01  6.80863E+02
  9.86900E+01  6.80825E+02
  9.87000E+01  6.80787E+02
  9.87100E+01  6.80750E+02
  9.87200E+01  6.80712E+02
  9.87300E+01  6.80675E+02
  9.87400E+01  6.80637E+02
  9.87500E+01  6.80600E+02
  9.87600E+01  6.80562E+02
  9.87700E+01  6.80524E+02
  9.87800E+01  6.80487E+02
  9.87900E+01  6.80449E+02
  9.88000E+01  6.80412E+02
  9.88100E+01  6.80375E+02
  9.88200E+01  6.80337E+02
  9.88300E+01  6.80300E+02
  9.88400E+01  6.80262E+02
  9.88500E+01  6.80225E+02
  9.88600E+01  6.80187E+02
  9.88700E+01  6.80150E+02
  9.88800E+01  6.80113E+02
  9.88900E+01  6.80075E+02
  9.89000E+01  6.80038E+02
  9.89100E+01  6.80000E+02
  9.89200E+01  6.79963E+02
  9.89300E+01  6.79926E+02
  9.89400E+01  6.79888E+02
  9.89500E+01  6.79851E+02
  9.89600E+01  6.79814E+02
  9.89700E+01  6.79777E+02
  9.89800E+01  6.79739E+02
  9.89900E+01  6.79702E+02
  9.90000E+01  6.79665E+02
  9.90100E+01  6.79627E+02
  9.90200E+01  6.79590E+02
  9.90300E+01  6.79553E+02
  9.90400E+01  6.79516E+02
  9.90500E+01  6.79479E+02
  9.90600E+01  6.79441E+02
  9.90700E+01  6.79404E+02
  9.90800E+01  6.79367E+02
  9.90900E+01  6.79330E+02
  9.91000E+01  6.79293E+02
  9.91100E+01  6.79256E+02
  9.91200E+01  6.79219E+02
  9.91300E+01  6.79182E+02
  9.91400E+01  6.79144E+02
  9.91500E+01  6.79107E+02
  9.91600E+01  6.79070E+02
  9.91700E+01  6.79033E+02
  9.91800E+01  6.78996E+02
  9.91900E+01  6.78959E+02
  9.92000E+01  6.78922E+02
  9.92100E+01  6.78885E+02
  9.92200E+01  6.78848E+02
  9.92300E+01  6.78811E+02
  9.92400E+01  6.78774E+02
  9.92500E+01  6.78737E+02
  9.92600E+01  6.78700E+02
  9.92700E+01  6.78663E+02
  9.92800E+01  6.78626E+02
  9.92900E+01  6.78590E+02
  9.93000E+01  6.78553E+02
  9.93100E+01  6.78516E+02
  9.93200E+01  6.78479E+02
  9.93300E+01  6.78442E+02
  9.93400E+01  6.78405E+02
  9.93500E+01  6.78368E+02
  9.93600E+01  6.78331E+02
  9.93700E+01  6.78295E+02
  9.93800E+01  6.78258E+02
  9.93900E+01  6.78221E+02
  9.94000E+01  6.78184E+02
  9.94100E+01  6.78147E+02
  9.94200E+01  6.78111E+02
  9.94300E+01  6.78074E+02
  9.94400E+01  6.78037E+02
  9.94500E+01  6.78001E+02
  9.94600E+01  6.77964E+02
  9.94700E+01  6.77927E+02
  9.94800E+01  6.77890E+02
  9.94900E+01  6.77854E+02
  9.95000E+01  6.77817E+02
  9.95100E+01  6.77780E+02
  9.95200E+01  6.77744E+02
  9.95300E+01  6.77707E+02
  9.95400E+01  6.77670E+02
  9.95500E+01  6.77634E+02
  9.95600E+01  6.77597E+02
  9.95700E+01  6.77561E+02
  9.95800E+01  6.77524E+02
  9.95900E+01  6.77488E+02
  9.96000E+01  6.77451E+02
  9.96100E+01  6.77414E+02
  9.96200E+01  6.77378E+02
  9.96300E+01  6.77341E+02
  9.96400E+01  6.77305E+02
  9.96500E+01  6.77268E+02
  9.96600E+01  6.77232E+02
  9.96700E+01  6.77195E+02
  9.96800E+01  6.77159E+02
  9.96900E+01  6.77123E+02
  9.97000E+01  6.77086E+02
  9.97100E+01  6.77050E+02
  9.97200E+01  6.77013E+02
  9.97300E+01  6.76977E+02
  9.97400E+01  6.76940E+02
  9.97500E+01  6.76904E+02
  9.97600E+01  6.76868E+02
  9.97700E+01  6.76831E+02
  9.97800E+01  6.76795E+02
  9.97900E+01  6.76759E+02
  9.98000E+01  6.76722E+02
  9.98100E+01  6.76686E+02
  9.98200E+01  6.76650E+02
  9.98300E+01  6.76613E+02
  9.98400E+01  6.76577E+02
  9.98500E+01  6.76541E+02
  9.98600E+01  6.76505E+02
  9.98700E+01  6.76468E+02
  9.98800E+01  6.76432E+02
  9.98900E+01  6.76396E+02
  9.99000E+01  6.76360E+02
  9.99100E+01  6.76323E+02
  9.99200E+01  6.76287E+02
  9.99300E+01  6.76251E+02
  9.99400E+01  6.76215E+02
  9.99500E+01  6.76179E+02
  9.99600E+01  6.76143E+02
  9.99700E+01  6.76106E+02
  9.99800E+01  6.76070E+02
  9.99900E+01  6.76034E+02
  1.00000E+02  6.75998E+02
  1.00010E+02  6.75962E+02
  1.00020E+02  6.75926E+02
  1.00030E+02  6.75890E+02
  1.00040E+02  6.75854E+02
  1.00050E+02  6.75818E+02
  1.00060E+02  6.75782E+02
  1.00070E+02  6.75746E+02
  1.00080E+02  6.75710E+02
  1.00090E+02  6.75674E+02
  1.00100E+02  6.75638E+02
  1.00110E+02  6.75602E+02
  1.00120E+02  6.75566E+02
  1.00130E+02  6.75530E+02
  1.00140E+02  6.75494E+02
  1.00150E+02  6.75458E+02
  1.00160E+02  6.75422E+02
  1.00170E+02  6.75386E+02
  1.00180E+02  6.75350E+02
  1.00190E+02  6.75314E+02
  1.00200E+02  6.75278E+02
  1.00210E+02  6.75242E+02
  1.00220E+02  6.75207E+02
  1.00230E+02  6.75171E+02
  1.00240E+02  6.75135E+02
  1.00250E+02  6.75099E+02
  1.00260E+02  6.75063E+02
  1.00270E+02  6.75028E+02
  1.00280E+02  6.74992E+02
  1.00290E+02  6.74956E+02
  1.00300E+02  6.74920E+02
  1.00310E+02  6.74884E+02
  1.00320E+02  6.74849E+02
  1.00330E+02  6.74813E+02
  1.00340E+02  6.74777E+02
  1.00350E+02  6.74741E+02
  1.00360E+02  6.74706E+02
  1.00370E+02  6.74670E+02
  1.00380E+02  6.74634E+02
  1.00390E+02  6.74599E+02
  1.00400E+02  6.74563E+02
  1.00410E+02  6.74527E+02
  1.00420E+02  6.74492E+02
  1.00430E+02  6.74456E+02
  1.00440E+02  6.74420E+02
  1.00450E+02  6.74385E+02
  1.00460E+02  6.74349E+02
  1.00470E+02  6.74313E+02
  1.00480E+02  6.74278E+02
  1.00490E+02  6.74242E+02
  1.00500E+02  6.74207E+02
  1.00510E+02  6.74171E+02
  1.00520E+02  6.74135E+02
  1.00530E+02  6.74100E+02
  1.00540E+02  6.74064E+02
  1.00550E+02  6.74029E+02
  1.00560E+02  6.73993E+02
  1.00570E+02  6.73958E+02
  1.00580E+02  6.73922E+02
  1.00590E+02  6.73887E+02
  1.00600E+02  6.73851E+02
  1.00610E+02  6.73816E+02
  1.00620E+02  6.73780E+02
  1.00630E+02  6.73745E+02
  1.00640E+02  6.73709E+02
  1.00650E+02  6.73674E+02
  1.00660E+02  6.73639E+02
  1.00670E+02  6.73603E+02
  1.00680E+02  6.73568E+02
  1.00690E+02  6.73532E+02
  1.00700E+02  6.73497E+02
  1.00710E+02  6.73462E+02
  1.00720E+02  6.73426E+02
  1.00730E+02  6.73391E+02
  1.00740E+02  6.73355E+02
  1.00750E+02  6.73320E+02
  1.00760E+02  6.73285E+02
  1.00770E+02  6.73249E+02
  1.00780E+02  6.73214E+02
  1.00790E+02  6.73179E+02
  1.00800E+02  6.73144E+02
  1.00810E+02  6.73108E+02
  1.00820E+02  6.73073E+02
  1.00830E+02  6.73038E+02
  1.00840E+02  6.73003E+02
  1.00850E+02  6.72967E+02
  1.00860E+02  6.72932E+02
  1.00870E+02  6.72897E+02
  1.00880E+02  6.72862E+02
  1.00890E+02  6.72826E+02
  1.00900E+02  6.72791E+02
  1.00910E+02  6.72756E+02
  1.00920E+02  6.72721E+02
  1.00930E+02  6.72686E+02
  1.00940E+02  6.72651E+02
  1.00950E+02  6.72615E+02
  1.00960E+02  6.72580E+02
  1.00970E+02  6.72545E+02
  1.00980E+02  6.72510E+02
  1.00990E+02  6.72475E+02
  1.01000E+02  6.72440E+02
  1.01010E+02  6.72405E+02
  1.01020E+02  6.72370E+02
  1.01030E+02  6.72335E+02
  1.01040E+02  6.72300E+02
  1.01050E+02  6.72265E+02
  1.01060E+02  6.72230E+02
  1.01070E+02  6.72195E+02
  1.01080E+02  6.72160E+02
  1.01090E+02  6.72125E+02
  1.01100E+02  6.72090E+02
  1.01110E+02  6.72055E+02
  1.01120E+02  6.72020E+02
  1.01130E+02  6.71985E+02
  1.01140E+02  6.71950E+02
  1.01150E+02  6.71915E+02
  1.01160E+02  6.71880E+02
  1.01170E+02  6.71845E+02
  1.01180E+02  6.71810E+02
  1.01190E+02  6.71775E+02
  1.01200E+02  6.71740E+02
  1.01210E+02  6.71705E+02
  1.01220E+02  6.71671E+02
  1.01230E+02  6.71636E+02
  1.01240E+02  6.71601E+02
  1.01250E+02  6.71566E+02
  1.01260E+02  6.71531E+02
  1.01270E+02  6.71496E+02
  1.01280E+02  6.71462E+02
  1.01290E+02  6.71427E+02
  1.01300E+02  6.71392E+02
  1.01310E+02  6.71357E+02
  1.01320E+02  6.71322E+02
  1.01330E+02  6.71288E+02
  1.01340E+02  6.71253E+02
  1.01350E+02  6.71218E+02
  1.01360E+02  6.71183E+02
  1.01370E+02  6.71149E+02
  1.01380E+02  6.71114E+02
  1.01390E+02  6.71079E+02
  1.01400E+02  6.71045E+02
  1.01410E+02  6.71010E+02
  1.01420E+02  6.70975E+02
  1.01430E+02  6.70941E+02
  1.01440E+02  6.70906E+02
  1.01450E+02  6.70871E+02
  1.01460E+02  6.70837E+02
  1.01470E+02  6.70802E+02
  1.01480E+02  6.70768E+02
  1.01490E+02  6.70733E+02
  1.01500E+02  6.70698E+02
  1.01510E+02  6.70664E+02
  1.01520E+02  6.70629E+02
  1.01530E+02  6.70595E+02
  1.01540E+02  6.70560E+02
  1.01550E+02  6.70526E+02
  1.01560E+02  6.70491E+02
  1.01570E+02  6.70457E+02
  1.01580E+02  6.70422E+02
  1.01590E+02  6.70388E+02
  1.01600E+02  6.70353E+02
  1.01610E+02  6.70319E+02
  1.01620E+02  6.70284E+02
  1.01630E+02  6.70250E+02
  1.01640E+02  6.70215E+02
  1.01650E+02  6.70181E+02
  1.01660E+02  6.70146E+02
  1.01670E+02  6.70112E+02
  1.01680E+02  6.70078E+02
  1.01690E+02  6.70043E+02
  1.01700E+02  6.70009E+02
  1.01710E+02  6.69974E+02
  1.01720E+02  6.69940E+02
  1.01730E+02  6.69906E+02
  1.01740E+02  6.69871E+02
  1.01750E+02  6.69837E+02
  1.01760E+02  6.69803E+02
  1.01770E+02  6.69768E+02
  1.01780E+02  6.69734E+02
  1.01790E+02  6.69700E+02
  1.01800E+02  6.69666E+02
  1.01810E+02  6.69631E+02
  1.01820E+02  6.69597E+02
  1.01830E+02  6.69563E+02
  1.01840E+02  6.69529E+02
  1.01850E+02  6.69494E+02
  1.01860E+02  6.69460E+02
  1.01870E+02  6.69426E+02
  1.01880E+02  6.69392E+02
  1.01890E+02  6.69358E+02
  1.01900E+02  6.69323E+02
  1.01910E+02  6.69289E+02
  1.01920E+02  6.69255E+02
  1.01930E+02  6.69221E+02
  1.01940E+02  6.69187E+02
  1.01950E+02  6.69153E+02
  1.01960E+02  6.69118E+02
  1.01970E+02  6.69084E+02
  1.01980E+02  6.69050E+02
  1.01990E+02  6.69016E+02
  1.02000E+02  6.68982E+02
  1.02010E+02  6.68948E+02
  1.02020E+02  6.68914E+02
  1.02030E+02  6.68880E+02
  1.02040E+02  6.68846E+02
  1.02050E+02  6.68812E+02
  1.02060E+02  6.68778E+02
  1.02070E+02  6.68744E+02
  1.02080E+02  6.68710E+02
  1.02090E+02  6.68676E+02
  1.02100E+02  6.68642E+02
  1.02110E+02  6.68608E+02
  1.02120E+02  6.68574E+02
  1.02130E+02  6.68540E+02
  1.02140E+02  6.68506E+02
  1.02150E+02  6.68472E+02
  1.02160E+02  6.68438E+02
  1.02170E+02  6.68404E+02
  1.02180E+02  6.68370E+02
  1.02190E+02  6.68336E+02
  1.02200E+02  6.68302E+02
  1.02210E+02  6.68269E+02
  1.02220E+02  6.68235E+02
  1.02230E+02  6.68201E+02
  1.02240E+02  6.68167E+02
  1.02250E+02  6.68133E+02
  1.02260E+02  6.68099E+02
  1.02270E+02  6.68066E+02
  1.02280E+02  6.68032E+02
  1.02290E+02  6.67998E+02
  1.02300E+02  6.67964E+02
  1.02310E+02  6.67930E+02
  1.02320E+02  6.67897E+02
  1.02330E+02  6.67863E+02
  1.02340E+02  6.67829E+02
  1.02350E+02  6.67795E+02
  1.02360E+02  6.67762E+02
  1.02370E+02  6.67728E+02
  1.02380E+02  6.67694E+02
  1.02390E+02  6.67661E+02
  1.02400E+02  6.67627E+02
  1.02410E+02  6.67593E+02
  1.02420E+02  6.67559E+02
  1.02430E+02  6.67526E+02
  1.02440E+02  6.67492E+02
  1.02450E+02  6.67459E+02
  1.02460E+02  6.67425E+02
  1.02470E+02  6.67391E+02
  1.02480E+02  6.67358E+02
  1.02490E+02  6.67324E+02
  1.02500E+02  6.67290E+02
  1.02510E+02  6.67257E+02
  1.02520E+02  6.67223E+02
  1.02530E+02  6.67190E+02
  1.02540E+02  6.67156E+02
  1.02550E+02  6.67123E+02
  1.02560E+02  6.67089E+02
  1.02570E+02  6.67056E+02
  1.02580E+02  6.67022E+02
  1.02590E+02  6.66989E+02
  1.02600E+02  6.66955E+02
  1.02610E+02  6.66922E+02
  1.02620E+02  6.66888E+02
  1.02630E+02  6.66855E+02
  1.02640E+02  6.66821E+02
  1.02650E+02  6.66788E+02
  1.02660E+02  6.66754E+02
  1.02670E+02  6.66721E+02
  1.02680E+02  6.66687E+02
  1.02690E+02  6.66654E+02
  1.02700E+02  6.66621E+02
  1.02710E+02  6.66587E+02
  1.02720E+02  6.66554E+02
  1.02730E+02  6.66521E+02
  1.02740E+02  6.66487E+02
  1.02750E+02  6.66454E+02
  1.02760E+02  6.66420E+02
  1.02770E+02  6.66387E+02
  1.02780E+02  6.66354E+02
  1.02790E+02  6.66320E+02
  1.02800E+02  6.66287E+02
  1.02810E+02  6.66254E+02
  1.02820E+02  6.66221E+02
  1.02830E+02  6.66187E+02
  1.02840E+02  6.66154E+02
  1.02850E+02  6.66121E+02
  1.02860E+02  6.66088E+02
  1.02870E+02  6.66054E+02
  1.02880E+02  6.66021E+02
  1.02890E+02  6.65988E+02
  1.02900E+02  6.65955E+02
  1.02910E+02  6.65921E+02
  1.02920E+02  6.65888E+02
  1.02930E+02  6.65855E+02
  1.02940E+02  6.65822E+02
  1.02950E+02  6.65789E+02
  1.02960E+02  6.65756E+02
  1.02970E+02  6.65722E+02
  1.02980E+02  6.65689E+02
  1.02990E+02  6.65656E+02
  1.03000E+02  6.65623E+02
  1.03010E+02  6.65590E+02
  1.03020E+02  6.65557E+02
  1.03030E+02  6.65524E+02
  1.03040E+02  6.65491E+02
  1.03050E+02  6.65458E+02
  1.03060E+02  6.65425E+02
  1.03070E+02  6.65392E+02
  1.03080E+02  6.65359E+02
  1.03090E+02  6.65326E+02
  1.03100E+02  6.65292E+02
  1.03110E+02  6.65259E+02
  1.03120E+02  6.65226E+02
  1.03130E+02  6.65193E+02
  1.03140E+02  6.65161E+02
  1.03150E+02  6.65128E+02
  1.03160E+02  6.65095E+02
  1.03170E+02  6.65062E+02
  1.03180E+02  6.65029E+02
  1.03190E+02  6.64996E+02
  1.03200E+02  6.64963E+02
  1.03210E+02  6.64930E+02
  1.03220E+02  6.64897E+02
  1.03230E+02  6.64864E+02
  1.03240E+02  6.64831E+02
  1.03250E+02  6.64798E+02
  1.03260E+02  6.64765E+02
  1.03270E+02  6.64733E+02
  1.03280E+02  6.64700E+02
  1.03290E+02  6.64667E+02
  1.03300E+02  6.64634E+02
  1.03310E+02  6.64601E+02
  1.03320E+02  6.64568E+02
  1.03330E+02  6.64536E+02
  1.03340E+02  6.64503E+02
  1.03350E+02  6.64470E+02
  1.03360E+02  6.64437E+02
  1.03370E+02  6.64405E+02
  1.03380E+02  6.64372E+02
  1.03390E+02  6.64339E+02
  1.03400E+02  6.64306E+02
  1.03410E+02  6.64274E+02
  1.03420E+02  6.64241E+02
  1.03430E+02  6.64208E+02
  1.03440E+02  6.64175E+02
  1.03450E+02  6.64143E+02
  1.03460E+02  6.64110E+02
  1.03470E+02  6.64077E+02
  1.03480E+02  6.64045E+02
  1.03490E+02  6.64012E+02
  1.03500E+02  6.63979E+02
  1.03510E+02  6.63947E+02
  1.03520E+02  6.63914E+02
  1.03530E+02  6.63882E+02
  1.03540E+02  6.63849E+02
  1.03550E+02  6.63816E+02
  1.03560E+02  6.63784E+02
  1.03570E+02  6.63751E+02
  1.03580E+02  6.63719E+02
  1.03590E+02  6.63686E+02
  1.03600E+02  6.63654E+02
  1.03610E+02  6.63621E+02
  1.03620E+02  6.63588E+02
  1.03630E+02  6.63556E+02
  1.03640E+02  6.63523E+02
  1.03650E+02  6.63491E+02
  1.03660E+02  6.63458E+02
  1.03670E+02  6.63426E+02
  1.03680E+02  6.63393E+02
  1.03690E+02  6.63361E+02
  1.03700E+02  6.63328E+02
  1.03710E+02  6.63296E+02
  1.03720E+02  6.63264E+02
  1.03730E+02  6.63231E+02
  1.03740E+02  6.63199E+02
  1.03750E+02  6.63166E+02
  1.03760E+02  6.63134E+02
  1.03770E+02  6.63102E+02
  1.03780E+02  6.63069E+02
  1.03790E+02  6.63037E+02
  1.03800E+02  6.63004E+02
  1.03810E+02  6.62972E+02
  1.03820E+02  6.62940E+02
  1.03830E+02  6.62907E+02
  1.03840E+02  6.62875E+02
  1.03850E+02  6.62843E+02
  1.03860E+02  6.62810E+02
  1.03870E+02  6.62778E+02
  1.03880E+02  6.62746E+02
  1.03890E+02  6.62713E+02
  1.03900E+02  6.62681E+02
  1.03910E+02  6.62649E+02
  1.03920E+02  6.62617E+02
  1.03930E+02  6.62584E+02
  1.03940E+02  6.62552E+02
  1.03950E+02  6.62520E+02
  1.03960E+02  6.62488E+02
  1.03970E+02  6.62456E+02
  1.03980E+02  6.62423E+02
  1.03990E+02  6.62391E+02
  1.04000E+02  6.62359E+02
  1.04010E+02  6.62327E+02
  1.04020E+02  6.62295E+02
  1.04030E+02  6.62262E+02
  1.04040E+02  6.62230E+02
  1.04050E+02  6.62198E+02
  1.04060E+02  6.62166E+02
  1.04070E+02  6.62134E+02
  1.04080E+02  6.62102E+02
  1.04090E+02  6.62070E+02
  1.04100E+02  6.62038E+02
  1.04110E+02  6.62005E+02
  1.04120E+02  6.61973E+02
  1.04130E+02  6.61941E+02
  1.04140E+02  6.61909E+02
  1.04150E+02  6.61877E+02
  1.04160E+02  6.61845E+02
  1.04170E+02  6.61813E+02
  1.04180E+02  6.61781E+02
  1.04190E+02  6.61749E+02
  1.04200E+02  6.61717E+02
  1.04210E+02  6.61685E+02
  1.04220E+02  6.61653E+02
  1.04230E+02  6.61621E+02
  1.04240E+02  6.61589E+02
  1.04250E+02  6.61557E+02
  1.04260E+02  6.61525E+02
  1.04270E+02  6.61493E+02
  1.04280E+02  6.61461E+02
  1.04290E+02  6.61429E+02
  1.04300E+02  6.61398E+02
  1.04310E+02  6.61366E+02
  1.04320E+02  6.61334E+02
  1.04330E+02  6.61302E+02
  1.04340E+02  6.61270E+02
  1.04350E+02  6.61238E+02
  1.04360E+02  6.61206E+02
  1.04370E+02  6.61174E+02
  1.04380E+02  6.61143E+02
  1.04390E+02  6.61111E+02
  1.04400E+02  6.61079E+02
  1.04410E+02  6.61047E+02
  1.04420E+02  6.61015E+02
  1.04430E+02  6.60983E+02
  1.04440E+02  6.60952E+02
  1.04450E+02  6.60920E+02
  1.04460E+02  6.60888E+02
  1.04470E+02  6.60856E+02
  1.04480E+02  6.60825E+02
  1.04490E+02  6.60793E+02
  1.04500E+02  6.60761E+02
  1.04510E+02  6.60729E+02
  1.04520E+02  6.60698E+02
  1.04530E+02  6.60666E+02
  1.04540E+02  6.60634E+02
  1.04550E+02  6.60602E+02
  1.04560E+02  6.60571E+02
  1.04570E+02  6.60539E+02
  1.04580E+02  6.60507E+02
  1.04590E+02  6.60476E+02
  1.04600E+02  6.60444E+02
  1.04610E+02  6.60412E+02
  1.04620E+02  6.60381E+02
  1.04630E+02  6.60349E+02
  1.04640E+02  6.60318E+02
  1.04650E+02  6.60286E+02
  1.04660E+02  6.60254E+02
  1.04670E+02  6.60223E+02
  1.04680E+02  6.60191E+02
  1.04690E+02  6.60160E+02
  1.04700E+02  6.60128E+02
  1.04710E+02  6.60097E+02
  1.04720E+02  6.60065E+02
  1.04730E+02  6.60033E+02
  1.04740E+02  6.60002E+02
  1.04750E+02  6.59970E+02
  1.04760E+02  6.59939E+02
  1.04770E+02  6.59907E+02
  1.04780E+02  6.59876E+02
  1.04790E+02  6.59844E+02
  1.04800E+02  6.59813E+02
  1.04810E+02  6.59781E+02
  1.04820E+02  6.59750E+02
  1.04830E+02  6.59719E+02
  1.04840E+02  6.59687E+02
  1.04850E+02  6.59656E+02
  1.04860E+02  6.59624E+02
  1.04870E+02  6.59593E+02
  1.04880E+02  6.59561E+02
  1.04890E+02  6.59530E+02
  1.04900E+02  6.59499E+02
  1.04910E+02  6.59467E+02
  1.04920E+02  6.59436E+02
  1.04930E+02  6.59405E+02
  1.04940E+02  6.59373E+02
  1.04950E+02  6.59342E+02
  1.04960E+02  6.59311E+02
  1.04970E+02  6.59279E+02
  1.04980E+02  6.59248E+02
  1.04990E+02  6.59217E+02
  1.05000E+02  6.59185E+02
  1.05010E+02  6.59154E+02
  1.05020E+02  6.59123E+02
  1.05030E+02  6.59091E+02
  1.05040E+02  6.59060E+02
  1.05050E+02  6.59029E+02
  1.05060E+02  6.58998E+02
  1.05070E+02  6.58966E+02
  1.05080E+02  6.58935E+02
  1.05090E+02  6.58904E+02
  1.05100E+02  6.58873E+02
  1.05110E+02  6.58841E+02
  1.05120E+02  6.58810E+02
  1.05130E+02  6.58779E+02
  1.05140E+02  6.58748E+02
  1.05150E+02  6.58717E+02
  1.05160E+02  6.58686E+02
  1.05170E+02  6.58654E+02
  1.05180E+02  6.58623E+02
  1.05190E+02  6.58592E+02
  1.05200E+02  6.58561E+02
  1.05210E+02  6.58530E+02
  1.05220E+02  6.58499E+02
  1.05230E+02  6.58468E+02
  1.05240E+02  6.58437E+02
  1.05250E+02  6.58405E+02
  1.05260E+02  6.58374E+02
  1.05270E+02  6.58343E+02
  1.05280E+02  6.58312E+02
  1.05290E+02  6.58281E+02
  1.05300E+02  6.58250E+02
  1.05310E+02  6.58219E+02
  1.05320E+02  6.58188E+02
  1.05330E+02  6.58157E+02
  1.05340E+02  6.58126E+02
  1.05350E+02  6.58095E+02
  1.05360E+02  6.58064E+02
  1.05370E+02  6.58033E+02
  1.05380E+02  6.58002E+02
  1.05390E+02  6.57971E+02
  1.05400E+02  6.57940E+02
  1.05410E+02  6.57909E+02
  1.05420E+02  6.57878E+02
  1.05430E+02  6.57847E+02
  1.05440E+02  6.57816E+02
  1.05450E+02  6.57785E+02
  1.05460E+02  6.57755E+02
  1.05470E+02  6.57724E+02
  1.05480E+02  6.57693E+02
  1.05490E+02  6.57662E+02
  1.05500E+02  6.57631E+02
  1.05510E+02  6.57600E+02
  1.05520E+02  6.57569E+02
  1.05530E+02  6.57538E+02
  1.05540E+02  6.57508E+02
  1.05550E+02  6.57477E+02
  1.05560E+02  6.57446E+02
  1.05570E+02  6.57415E+02
  1.05580E+02  6.57384E+02
  1.05590E+02  6.57354E+02
  1.05600E+02  6.57323E+02
  1.05610E+02  6.57292E+02
  1.05620E+02  6.57261E+02
  1.05630E+02  6.57230E+02
  1.05640E+02  6.57200E+02
  1.05650E+02  6.57169E+02
  1.05660E+02  6.57138E+02
  1.05670E+02  6.57107E+02
  1.05680E+02  6.57077E+02
  1.05690E+02  6.57046E+02
  1.05700E+02  6.57015E+02
  1.05710E+02  6.56985E+02
  1.05720E+02  6.56954E+02
  1.05730E+02  6.56923E+02
  1.05740E+02  6.56893E+02
  1.05750E+02  6.56862E+02
  1.05760E+02  6.56831E+02
  1.05770E+02  6.56801E+02
  1.05780E+02  6.56770E+02
  1.05790E+02  6.56739E+02
  1.05800E+02  6.56709E+02
  1.05810E+02  6.56678E+02
  1.05820E+02  6.56647E+02
  1.05830E+02  6.56617E+02
  1.05840E+02  6.56586E+02
  1.05850E+02  6.56556E+02
  1.05860E+02  6.56525E+02
  1.05870E+02  6.56494E+02
  1.05880E+02  6.56464E+02
  1.05890E+02  6.56433E+02
  1.05900E+02  6.56403E+02
  1.05910E+02  6.56372E+02
  1.05920E+02  6.56342E+02
  1.05930E+02  6.56311E+02
  1.05940E+02  6.56281E+02
  1.05950E+02  6.56250E+02
  1.05960E+02  6.56220E+02
  1.05970E+02  6.56189E+02
  1.05980E+02  6.56159E+02
  1.05990E+02  6.56128E+02
  1.06000E+02  6.56098E+02
  1.06010E+02  6.56067E+02
  1.06020E+02  6.56037E+02
  1.06030E+02  6.56006E+02
  1.06040E+02  6.55976E+02
  1.06050E+02  6.55946E+02
  1.06060E+02  6.55915E+02
  1.06070E+02  6.55885E+02
  1.06080E+02  6.55854E+02
  1.06090E+02  6.55824E+02
  1.06100E+02  6.55794E+02
  1.06110E+02  6.55763E+02
  1.06120E+02  6.55733E+02
  1.06130E+02  6.55703E+02
  1.06140E+02  6.55672E+02
  1.06150E+02  6.55642E+02
  1.06160E+02  6.55612E+02
  1.06170E+02  6.55581E+02
  1.06180E+02  6.55551E+02
  1.06190E+02  6.55521E+02
  1.06200E+02  6.55490E+02
  1.06210E+02  6.55460E+02
  1.06220E+02  6.55430E+02
  1.06230E+02  6.55399E+02
  1.06240E+02  6.55369E+02
  1.06250E+02  6.55339E+02
  1.06260E+02  6.55309E+02
  1.06270E+02  6.55278E+02
  1.06280E+02  6.55248E+02
  1.06290E+02  6.55218E+02
  1.06300E+02  6.55188E+02
  1.06310E+02  6.55158E+02
  1.06320E+02  6.55127E+02
  1.06330E+02  6.55097E+02
  1.06340E+02  6.55067E+02
  1.06350E+02  6.55037E+02
  1.06360E+02  6.55007E+02
  1.06370E+02  6.54977E+02
  1.06380E+02  6.54946E+02
  1.06390E+02  6.54916E+02
  1.06400E+02  6.54886E+02
  1.06410E+02  6.54856E+02
  1.06420E+02  6.54826E+02
  1.06430E+02  6.54796E+02
  1.06440E+02  6.54766E+02
  1.06450E+02  6.54736E+02
  1.06460E+02  6.54705E+02
  1.06470E+02  6.54675E+02
  1.06480E+02  6.54645E+02
  1.06490E+02  6.54615E+02
  1.06500E+02  6.54585E+02
  1.06510E+02  6.54555E+02
  1.06520E+02  6.54525E+02
  1.06530E+02  6.54495E+02
  1.06540E+02  6.54465E+02
  1.06550E+02  6.54435E+02
  1.06560E+02  6.54405E+02
  1.06570E+02  6.54375E+02
  1.06580E+02  6.54345E+02
  1.06590E+02  6.54315E+02
  1.06600E+02  6.54285E+02
  1.06610E+02  6.54255E+02
  1.06620E+02  6.54225E+02
  1.06630E+02  6.54195E+02
  1.06640E+02  6.54165E+02
  1.06650E+02  6.54135E+02
  1.06660E+02  6.54105E+02
  1.06670E+02  6.54075E+02
  1.06680E+02  6.54046E+02
  1.06690E+02  6.54016E+02
  1.06700E+02  6.53986E+02
  1.06710E+02  6.53956E+02
  1.06720E+02  6.53926E+02
  1.06730E+02  6.53896E+02
  1.06740E+02  6.53866E+02
  1.06750E+02  6.53836E+02
  1.06760E+02  6.53807E+02
  1.06770E+02  6.53777E+02
  1.06780E+02  6.53747E+02
  1.06790E+02  6.53717E+02
  1.06800E+02  6.53687E+02
  1.06810E+02  6.53657E+02
  1.06820E+02  6.53628E+02
  1.06830E+02  6.53598E+02
  1.06840E+02  6.53568E+02
  1.06850E+02  6.53538E+02
  1.06860E+02  6.53509E+02
  1.06870E+02  6.53479E+02
  1.06880E+02  6.53449E+02
  1.06890E+02  6.53419E+02
  1.06900E+02  6.53390E+02
  1.06910E+02  6.53360E+02
  1.06920E+02  6.53330E+02
  1.06930E+02  6.53300E+02
  1.06940E+02  6.53271E+02
  1.06950E+02  6.53241E+02
  1.06960E+02  6.53211E+02
  1.06970E+02  6.53182E+02
  1.06980E+02  6.53152E+02
  1.06990E+02  6.53122E+02
  1.07000E+02  6.53093E+02
  1.07010E+02  6.53063E+02
  1.07020E+02  6.53033E+02
  1.07030E+02  6.53004E+02
  1.07040E+02  6.52974E+02
  1.07050E+02  6.52944E+02
  1.07060E+02  6.52915E+02
  1.07070E+02  6.52885E+02
  1.07080E+02  6.52856E+02
  1.07090E+02  6.52826E+02
  1.07100E+02  6.52796E+02
  1.07110E+02  6.52767E+02
  1.07120E+02  6.52737E+02
  1.07130E+02  6.52708E+02
  1.07140E+02  6.52678E+02
  1.07150E+02  6.52649E+02
  1.07160E+02  6.52619E+02
  1.07170E+02  6.52590E+02
  1.07180E+02  6.52560E+02
  1.07190E+02  6.52531E+02
  1.07200E+02  6.52501E+02
  1.07210E+02  6.52472E+02
  1.07220E+02  6.52442E+02
  1.07230E+02  6.52413E+02
  1.07240E+02  6.52383E+02
  1.07250E+02  6.52354E+02
  1.07260E+02  6.52324E+02
  1.07270E+02  6.52295E+02
  1.07280E+02  6.52265E+02
  1.07290E+02  6.52236E+02
  1.07300E+02  6.52207E+02
  1.07310E+02  6.52177E+02
  1.07320E+02  6.52148E+02
  1.07330E+02  6.52118E+02
  1.07340E+02  6.52089E+02
  1.07350E+02  6.52060E+02
  1.07360E+02  6.52030E+02
  1.07370E+02  6.52001E+02
  1.07380E+02  6.51971E+02
  1.07390E+02  6.51942E+02
  1.07400E+02  6.51913E+02
  1.07410E+02  6.51883E+02
  1.07420E+02  6.51854E+02
  1.07430E+02  6.51825E+02
  1.07440E+02  6.51795E+02
  1.07450E+02  6.51766E+02
  1.07460E+02  6.51737E+02
  1.07470E+02  6.51708E+02
  1.07480E+02  6.51678E+02
  1.07490E+02  6.51649E+02
  1.07500E+02  6.51620E+02
  1.07510E+02  6.51590E+02
  1.07520E+02  6.51561E+02
  1.07530E+02  6.51532E+02
  1.07540E+02  6.51503E+02
  1.07550E+02  6.51473E+02
  1.07560E+02  6.51444E+02
  1.07570E+02  6.51415E+02
  1.07580E+02  6.51386E+02
  1.07590E+02  6.51357E+02
  1.07600E+02  6.51327E+02
  1.07610E+02  6.51298E+02
  1.07620E+02  6.51269E+02
  1.07630E+02  6.51240E+02
  1.07640E+02  6.51211E+02
  1.07650E+02  6.51182E+02
  1.07660E+02  6.51152E+02
  1.07670E+02  6.51123E+02
  1.07680E+02  6.51094E+02
  1.07690E+02  6.51065E+02
  1.07700E+02  6.51036E+02
  1.07710E+02  6.51007E+02
  1.07720E+02  6.50978E+02
  1.07730E+02  6.50949E+02
  1.07740E+02  6.50920E+02
  1.07750E+02  6.50890E+02
  1.07760E+02  6.50861E+02
  1.07770E+02  6.50832E+02
  1.07780E+02  6.50803E+02
  1.07790E+02  6.50774E+02
  1.07800E+02  6.50745E+02
  1.07810E+02  6.50716E+02
  1.07820E+02  6.50687E+02
  1.07830E+02  6.50658E+02
  1.07840E+02  6.50629E+02
  1.07850E+02  6.50600E+02
  1.07860E+02  6.50571E+02
  1.07870E+02  6.50542E+02
  1.07880E+02  6.50513E+02
  1.07890E+02  6.50484E+02
  1.07900E+02  6.50455E+02
  1.07910E+02  6.50426E+02
  1.07920E+02  6.50397E+02
  1.07930E+02  6.50368E+02
  1.07940E+02  6.50339E+02
  1.07950E+02  6.50310E+02
  1.07960E+02  6.50282E+02
  1.07970E+02  6.50253E+02
  1.07980E+02  6.50224E+02
  1.07990E+02  6.50195E+02
  1.08000E+02  6.50166E+02
  1.08010E+02  6.50137E+02
  1.08020E+02  6.50108E+02
  1.08030E+02  6.50079E+02
  1.08040E+02  6.50050E+02
  1.08050E+02  6.50022E+02
  1.08060E+02  6.49993E+02
  1.08070E+02  6.49964E+02
  1.08080E+02  6.49935E+02
  1.08090E+02  6.49906E+02
  1.08100E+02  6.49877E+02
  1.08110E+02  6.49849E+02
  1.08120E+02  6.49820E+02
  1.08130E+02  6.49791E+02
  1.08140E+02  6.49762E+02
  1.08150E+02  6.49733E+02
  1.08160E+02  6.49705E+02
  1.08170E+02  6.49676E+02
  1.08180E+02  6.49647E+02
  1.08190E+02  6.49618E+02
  1.08200E+02  6.49590E+02
  1.08210E+02  6.49561E+02
  1.08220E+02  6.49532E+02
  1.08230E+02  6.49503E+02
  1.08240E+02  6.49475E+02
  1.08250E+02  6.49446E+02
  1.08260E+02  6.49417E+02
  1.08270E+02  6.49389E+02
  1.08280E+02  6.49360E+02
  1.08290E+02  6.49331E+02
  1.08300E+02  6.49302E+02
  1.08310E+02  6.49274E+02
  1.08320E+02  6.49245E+02
  1.08330E+02  6.49216E+02
  1.08340E+02  6.49188E+02
  1.08350E+02  6.49159E+02
  1.08360E+02  6.49130E+02
  1.08370E+02  6.49102E+02
  1.08380E+02  6.49073E+02
  1.08390E+02  6.49045E+02
  1.08400E+02  6.49016E+02
  1.08410E+02  6.48987E+02
  1.08420E+02  6.48959E+02
  1.08430E+02  6.48930E+02
  1.08440E+02  6.48902E+02
  1.08450E+02  6.48873E+02
  1.08460E+02  6.48844E+02
  1.08470E+02  6.48816E+02
  1.08480E+02  6.48787E+02
  1.08490E+02  6.48759E+02
  1.08500E+02  6.48730E+02
  1.08510E+02  6.48702E+02
  1.08520E+02  6.48673E+02
  1.08530E+02  6.48645E+02
  1.08540E+02  6.48616E+02
  1.08550E+02  6.48588E+02
  1.08560E+02  6.48559E+02
  1.08570E+02  6.48531E+02
  1.08580E+02  6.48502E+02
  1.08590E+02  6.48474E+02
  1.08600E+02  6.48445E+02
  1.08610E+02  6.48417E+02
  1.08620E+02  6.48388E+02
  1.08630E+02  6.48360E+02
  1.08640E+02  6.48331E+02
  1.08650E+02  6.48303E+02
  1.08660E+02  6.48274E+02
  1.08670E+02  6.48246E+02
  1.08680E+02  6.48217E+02
  1.08690E+02  6.48189E+02
  1.08700E+02  6.48161E+02
  1.08710E+02  6.48132E+02
  1.08720E+02  6.48104E+02
  1.08730E+02  6.48075E+02
  1.08740E+02  6.48047E+02
  1.08750E+02  6.48019E+02
  1.08760E+02  6.47990E+02
  1.08770E+02  6.47962E+02
  1.08780E+02  6.47934E+02
  1.08790E+02  6.47905E+02
  1.08800E+02  6.47877E+02
  1.08810E+02  6.47849E+02
  1.08820E+02  6.47820E+02
  1.08830E+02  6.47792E+02
  1.08840E+02  6.47764E+02
  1.08850E+02  6.47735E+02
  1.08860E+02  6.47707E+02
  1.08870E+02  6.47679E+02
  1.08880E+02  6.47650E+02
  1.08890E+02  6.47622E+02
  1.08900E+02  6.47594E+02
  1.08910E+02  6.47566E+02
  1.08920E+02  6.47537E+02
  1.08930E+02  6.47509E+02
  1.08940E+02  6.47481E+02
  1.08950E+02  6.47453E+02
  1.08960E+02  6.47424E+02
  1.08970E+02  6.47396E+02
  1.08980E+02  6.47368E+02
  1.08990E+02  6.47340E+02
  1.09000E+02  6.47312E+02
  1.09010E+02  6.47283E+02
  1.09020E+02  6.47255E+02
  1.09030E+02  6.47227E+02
  1.09040E+02  6.47199E+02
  1.09050E+02  6.47171E+02
  1.09060E+02  6.47143E+02
  1.09070E+02  6.47114E+02
  1.09080E+02  6.47086E+02
  1.09090E+02  6.47058E+02
  1.09100E+02  6.47030E+02
  1.09110E+02  6.47002E+02
  1.09120E+02  6.46974E+02
  1.09130E+02  6.46946E+02
  1.09140E+02  6.46918E+02
  1.09150E+02  6.46889E+02
  1.09160E+02  6.46861E+02
  1.09170E+02  6.46833E+02
  1.09180E+02  6.46805E+02
  1.09190E+02  6.46777E+02
  1.09200E+02  6.46749E+02
  1.09210E+02  6.46721E+02
  1.09220E+02  6.46693E+02
  1.09230E+02  6.46665E+02
  1.09240E+02  6.46637E+02
  1.09250E+02  6.46609E+02
  1.09260E+02  6.46581E+02
  1.09270E+02  6.46553E+02
  1.09280E+02  6.46525E+02
  1.09290E+02  6.46497E+02
  1.09300E+02  6.46469E+02
  1.09310E+02  6.46441E+02
  1.09320E+02  6.46413E+02
  1.09330E+02  6.46385E+02
  1.09340E+02  6.46357E+02
  1.09350E+02  6.46329E+02
  1.09360E+02  6.46301E+02
  1.09370E+02  6.46273E+02
  1.09380E+02  6.46245E+02
  1.09390E+02  6.46217E+02
  1.09400E+02  6.46189E+02
  1.09410E+02  6.46161E+02
  1.09420E+02  6.46133E+02
  1.09430E+02  6.46105E+02
  1.09440E+02  6.46078E+02
  1.09450E+02  6.46050E+02
  1.09460E+02  6.46022E+02
  1.09470E+02  6.45994E+02
  1.09480E+02  6.45966E+02
  1.09490E+02  6.45938E+02
  1.09500E+02  6.45910E+02
  1.09510E+02  6.45883E+02
  1.09520E+02  6.45855E+02
  1.09530E+02  6.45827E+02
  1.09540E+02  6.45799E+02
  1.09550E+02  6.45771E+02
  1.09560E+02  6.45743E+02
  1.09570E+02  6.45716E+02
  1.09580E+02  6.45688E+02
  1.09590E+02  6.45660E+02
  1.09600E+02  6.45632E+02
  1.09610E+02  6.45604E+02
  1.09620E+02  6.45577E+02
  1.09630E+02  6.45549E+02
  1.09640E+02  6.45521E+02
  1.09650E+02  6.45493E+02
  1.09660E+02  6.45466E+02
  1.09670E+02  6.45438E+02
  1.09680E+02  6.45410E+02
  1.09690E+02  6.45382E+02
  1.09700E+02  6.45355E+02
  1.09710E+02  6.45327E+02
  1.09720E+02  6.45299E+02
  1.09730E+02  6.45272E+02
  1.09740E+02  6.45244E+02
  1.09750E+02  6.45216E+02
  1.09760E+02  6.45189E+02
  1.09770E+02  6.45161E+02
  1.09780E+02  6.45133E+02
  1.09790E+02  6.45106E+02
  1.09800E+02  6.45078E+02
  1.09810E+02  6.45050E+02
  1.09820E+02  6.45023E+02
  1.09830E+02  6.44995E+02
  1.09840E+02  6.44967E+02
  1.09850E+02  6.44940E+02
  1.09860E+02  6.44912E+02
  1.09870E+02  6.44885E+02
  1.09880E+02  6.44857E+02
  1.09890E+02  6.44829E+02
  1.09900E+02  6.44802E+02
  1.09910E+02  6.44774E+02
  1.09920E+02  6.44747E+02
  1.09930E+02  6.44719E+02
  1.09940E+02  6.44692E+02
  1.09950E+02  6.44664E+02
  1.09960E+02  6.44636E+02
  1.09970E+02  6.44609E+02
  1.09980E+02  6.44581E+02
  1.09990E+02  6.44554E+02
  1.10000E+02  6.44526E+02
  1.10010E+02  6.44499E+02
  1.10020E+02  6.44471E+02
  1.10030E+02  6.44444E+02
  1.10040E+02  6.44416E+02
  1.10050E+02  6.44389E+02
  1.10060E+02  6.44361E+02
  1.10070E+02  6.44334E+02
  1.10080E+02  6.44306E+02
  1.10090E+02  6.44279E+02
  1.10100E+02  6.44252E+02
  1.10110E+02  6.44224E+02
  1.10120E+02  6.44197E+02
  1.10130E+02  6.44169E+02
  1.10140E+02  6.44142E+02
  1.10150E+02  6.44114E+02
  1.10160E+02  6.44087E+02
  1.10170E+02  6.44060E+02
  1.10180E+02  6.44032E+02
  1.10190E+02  6.44005E+02
  1.10200E+02  6.43977E+02
  1.10210E+02  6.43950E+02
  1.10220E+02  6.43923E+02
  1.10230E+02  6.43895E+02
  1.10240E+02  6.43868E+02
  1.10250E+02  6.43841E+02
  1.10260E+02  6.43813E+02
  1.10270E+02  6.43786E+02
  1.10280E+02  6.43758E+02
  1.10290E+02  6.43731E+02
  1.10300E+02  6.43704E+02
  1.10310E+02  6.43677E+02
  1.10320E+02  6.43649E+02
  1.10330E+02  6.43622E+02
  1.10340E+02  6.43595E+02
  1.10350E+02  6.43567E+02
  1.10360E+02  6.43540E+02
  1.10370E+02  6.43513E+02
  1.10380E+02  6.43486E+02
  1.10390E+02  6.43458E+02
  1.10400E+02  6.43431E+02
  1.10410E+02  6.43404E+02
  1.10420E+02  6.43377E+02
  1.10430E+02  6.43349E+02
  1.10440E+02  6.43322E+02
  1.10450E+02  6.43295E+02
  1.10460E+02  6.43268E+02
  1.10470E+02  6.43240E+02
  1.10480E+02  6.43213E+02
  1.10490E+02  6.43186E+02
  1.10500E+02  6.43159E+02
  1.10510E+02  6.43132E+02
  1.10520E+02  6.43104E+02
  1.10530E+02  6.43077E+02
  1.10540E+02  6.43050E+02
  1.10550E+02  6.43023E+02
  1.10560E+02  6.42996E+02
  1.10570E+02  6.42969E+02
  1.10580E+02  6.42942E+02
  1.10590E+02  6.42914E+02
  1.10600E+02  6.42887E+02
  1.10610E+02  6.42860E+02
  1.10620E+02  6.42833E+02
  1.10630E+02  6.42806E+02
  1.10640E+02  6.42779E+02
  1.10650E+02  6.42752E+02
  1.10660E+02  6.42725E+02
  1.10670E+02  6.42698E+02
  1.10680E+02  6.42671E+02
  1.10690E+02  6.42643E+02
  1.10700E+02  6.42616E+02
  1.10710E+02  6.42589E+02
  1.10720E+02  6.42562E+02
  1.10730E+02  6.42535E+02
  1.10740E+02  6.42508E+02
  1.10750E+02  6.42481E+02
  1.10760E+02  6.42454E+02
  1.10770E+02  6.42427E+02
  1.10780E+02  6.42400E+02
  1.10790E+02  6.42373E+02
  1.10800E+02  6.42346E+02
  1.10810E+02  6.42319E+02
  1.10820E+02  6.42292E+02
  1.10830E+02  6.42265E+02
  1.10840E+02  6.42238E+02
  1.10850E+02  6.42211E+02
  1.10860E+02  6.42184E+02
  1.10870E+02  6.42157E+02
  1.10880E+02  6.42130E+02
  1.10890E+02  6.42103E+02
  1.10900E+02  6.42077E+02
  1.10910E+02  6.42050E+02
  1.10920E+02  6.42023E+02
  1.10930E+02  6.41996E+02
  1.10940E+02  6.41969E+02
  1.10950E+02  6.41942E+02
  1.10960E+02  6.41915E+02
  1.10970E+02  6.41888E+02
  1.10980E+02  6.41861E+02
  1.10990E+02  6.41834E+02
  1.11000E+02  6.41808E+02
  1.11010E+02  6.41781E+02
  1.11020E+02  6.41754E+02
  1.11030E+02  6.41727E+02
  1.11040E+02  6.41700E+02
  1.11050E+02  6.41673E+02
  1.11060E+02  6.41647E+02
  1.11070E+02  6.41620E+02
  1.11080E+02  6.41593E+02
  1.11090E+02  6.41566E+02
  1.11100E+02  6.41539E+02
  1.11110E+02  6.41513E+02
  1.11120E+02  6.41486E+02
  1.11130E+02  6.41459E+02
  1.11140E+02  6.41432E+02
  1.11150E+02  6.41405E+02
  1.11160E+02  6.41379E+02
  1.11170E+02  6.41352E+02
  1.11180E+02  6.41325E+02
  1.11190E+02  6.41298E+02
  1.11200E+02  6.41272E+02
  1.11210E+02  6.41245E+02
  1.11220E+02  6.41218E+02
  1.11230E+02  6.41191E+02
  1.11240E+02  6.41165E+02
  1.11250E+02  6.41138E+02
  1.11260E+02  6.41111E+02
  1.11270E+02  6.41085E+02
  1.11280E+02  6.41058E+02
  1.11290E+02  6.41031E+02
  1.11300E+02  6.41005E+02
  1.11310E+02  6.40978E+02
  1.11320E+02  6.40951E+02
  1.11330E+02  6.40925E+02
  1.11340E+02  6.40898E+02
  1.11350E+02  6.40871E+02
  1.11360E+02  6.40845E+02
  1.11370E+02  6.40818E+02
  1.11380E+02  6.40791E+02
  1.11390E+02  6.40765E+02
  1.11400E+02  6.40738E+02
  1.11410E+02  6.40712E+02
  1.11420E+02  6.40685E+02
  1.11430E+02  6.40658E+02
  1.11440E+02  6.40632E+02
  1.11450E+02  6.40605E+02
  1.11460E+02  6.40579E+02
  1.11470E+02  6.40552E+02
  1.11480E+02  6.40526E+02
  1.11490E+02  6.40499E+02
  1.11500E+02  6.40472E+02
  1.11510E+02  6.40446E+02
  1.11520E+02  6.40419E+02
  1.11530E+02  6.40393E+02
  1.11540E+02  6.40366E+02
  1.11550E+02  6.40340E+02
  1.11560E+02  6.40313E+02
  1.11570E+02  6.40287E+02
  1.11580E+02  6.40260E+02
  1.11590E+02  6.40234E+02
  1.11600E+02  6.40207E+02
  1.11610E+02  6.40181E+02
  1.11620E+02  6.40154E+02
  1.11630E+02  6.40128E+02
  1.11640E+02  6.40101E+02
  1.11650E+02  6.40075E+02
  1.11660E+02  6.40048E+02
  1.11670E+02  6.40022E+02
  1.11680E+02  6.39996E+02
  1.11690E+02  6.39969E+02
  1.11700E+02  6.39943E+02
  1.11710E+02  6.39916E+02
  1.11720E+02  6.39890E+02
  1.11730E+02  6.39864E+02
  1.11740E+02  6.39837E+02
  1.11750E+02  6.39811E+02
  1.11760E+02  6.39784E+02
  1.11770E+02  6.39758E+02
  1.11780E+02  6.39732E+02
  1.11790E+02  6.39705E+02
  1.11800E+02  6.39679E+02
  1.11810E+02  6.39652E+02
  1.11820E+02  6.39626E+02
  1.11830E+02  6.39600E+02
  1.11840E+02  6.39573E+02
  1.11850E+02  6.39547E+02
  1.11860E+02  6.39521E+02
  1.11870E+02  6.39494E+02
  1.11880E+02  6.39468E+02
  1.11890E+02  6.39442E+02
  1.11900E+02  6.39416E+02
  1.11910E+02  6.39389E+02
  1.11920E+02  6.39363E+02
  1.11930E+02  6.39337E+02
  1.11940E+02  6.39310E+02
  1.11950E+02  6.39284E+02
  1.11960E+02  6.39258E+02
  1.11970E+02  6.39232E+02
  1.11980E+02  6.39205E+02
  1.11990E+02  6.39179E+02
  1.12000E+02  6.39153E+02
  1.12010E+02  6.39127E+02
  1.12020E+02  6.39100E+02
  1.12030E+02  6.39074E+02
  1.12040E+02  6.39048E+02
  1.12050E+02  6.39022E+02
  1.12060E+02  6.38996E+02
  1.12070E+02  6.38969E+02
  1.12080E+02  6.38943E+02
  1.12090E+02  6.38917E+02
  1.12100E+02  6.38891E+02
  1.12110E+02  6.38865E+02
  1.12120E+02  6.38839E+02
  1.12130E+02  6.38812E+02
  1.12140E+02  6.38786E+02
  1.12150E+02  6.38760E+02
  1.12160E+02  6.38734E+02
  1.12170E+02  6.38708E+02
  1.12180E+02  6.38682E+02
  1.12190E+02  6.38656E+02
  1.12200E+02  6.38629E+02
  1.12210E+02  6.38603E+02
  1.12220E+02  6.38577E+02
  1.12230E+02  6.38551E+02
  1.12240E+02  6.38525E+02
  1.12250E+02  6.38499E+02
  1.12260E+02  6.38473E+02
  1.12270E+02  6.38447E+02
  1.12280E+02  6.38421E+02
  1.12290E+02  6.38395E+02
  1.12300E+02  6.38369E+02
  1.12310E+02  6.38343E+02
  1.12320E+02  6.38316E+02
  1.12330E+02  6.38290E+02
  1.12340E+02  6.38264E+02
  1.12350E+02  6.38238E+02
  1.12360E+02  6.38212E+02
  1.12370E+02  6.38186E+02
  1.12380E+02  6.38160E+02
  1.12390E+02  6.38134E+02
  1.12400E+02  6.38108E+02
  1.12410E+02  6.38082E+02
  1.12420E+02  6.38056E+02
  1.12430E+02  6.38030E+02
  1.12440E+02  6.38004E+02
  1.12450E+02  6.37978E+02
  1.12460E+02  6.37952E+02
  1.12470E+02  6.37927E+02
  1.12480E+02  6.37901E+02
  1.12490E+02  6.37875E+02
  1.12500E+02  6.37849E+02
  1.12510E+02  6.37823E+02
  1.12520E+02  6.37797E+02
  1.12530E+02  6.37771E+02
  1.12540E+02  6.37745E+02
  1.12550E+02  6.37719E+02
  1.12560E+02  6.37693E+02
  1.12570E+02  6.37667E+02
  1.12580E+02  6.37641E+02
  1.12590E+02  6.37616E+02
  1.12600E+02  6.37590E+02
  1.12610E+02  6.37564E+02
  1.12620E+02  6.37538E+02
  1.12630E+02  6.37512E+02
  1.12640E+02  6.37486E+02
  1.12650E+02  6.37460E+02
  1.12660E+02  6.37435E+02
  1.12670E+02  6.37409E+02
  1.12680E+02  6.37383E+02
  1.12690E+02  6.37357E+02
  1.12700E+02  6.37331E+02
  1.12710E+02  6.37305E+02
  1.12720E+02  6.37280E+02
  1.12730E+02  6.37254E+02
  1.12740E+02  6.37228E+02
  1.12750E+02  6.37202E+02
  1.12760E+02  6.37177E+02
  1.12770E+02  6.37151E+02
  1.12780E+02  6.37125E+02
  1.12790E+02  6.37099E+02
  1.12800E+02  6.37073E+02
  1.12810E+02  6.37048E+02
  1.12820E+02  6.37022E+02
  1.12830E+02  6.36996E+02
  1.12840E+02  6.36971E+02
  1.12850E+02  6.36945E+02
  1.12860E+02  6.36919E+02
  1.12870E+02  6.36893E+02
  1.12880E+02  6.36868E+02
  1.12890E+02  6.36842E+02
  1.12900E+02  6.36816E+02
  1.12910E+02  6.36791E+02
  1.12920E+02  6.36765E+02
  1.12930E+02  6.36739E+02
  1.12940E+02  6.36714E+02
  1.12950E+02  6.36688E+02
  1.12960E+02  6.36662E+02
  1.12970E+02  6.36637E+02
  1.12980E+02  6.36611E+02
  1.12990E+02  6.36585E+02
  1.13000E+02  6.36560E+02
  1.13010E+02  6.36534E+02
  1.13020E+02  6.36508E+02
  1.13030E+02  6.36483E+02
  1.13040E+02  6.36457E+02
  1.13050E+02  6.36432E+02
  1.13060E+02  6.36406E+02
  1.13070E+02  6.36380E+02
  1.13080E+02  6.36355E+02
  1.13090E+02  6.36329E+02
  1.13100E+02  6.36304E+02
  1.13110E+02  6.36278E+02
  1.13120E+02  6.36252E+02
  1.13130E+02  6.36227E+02
  1.13140E+02  6.36201E+02
  1.13150E+02  6.36176E+02
  1.13160E+02  6.36150E+02
  1.13170E+02  6.36125E+02
  1.13180E+02  6.36099E+02
  1.13190E+02  6.36074E+02
  1.13200E+02  6.36048E+02
  1.13210E+02  6.36023E+02
  1.13220E+02  6.35997E+02
  1.13230E+02  6.35972E+02
  1.13240E+02  6.35946E+02
  1.13250E+02  6.35921E+02
  1.13260E+02  6.35895E+02
  1.13270E+02  6.35870E+02
  1.13280E+02  6.35844E+02
  1.13290E+02  6.35819E+02
  1.13300E+02  6.35793E+02
  1.13310E+02  6.35768E+02
  1.13320E+02  6.35742E+02
  1.13330E+02  6.35717E+02
  1.13340E+02  6.35691E+02
  1.13350E+02  6.35666E+02
  1.13360E+02  6.35641E+02
  1.13370E+02  6.35615E+02
  1.13380E+02  6.35590E+02
  1.13390E+02  6.35564E+02
  1.13400E+02  6.35539E+02
  1.13410E+02  6.35514E+02
  1.13420E+02  6.35488E+02
  1.13430E+02  6.35463E+02
  1.13440E+02  6.35437E+02
  1.13450E+02  6.35412E+02
  1.13460E+02  6.35387E+02
  1.13470E+02  6.35361E+02
  1.13480E+02  6.35336E+02
  1.13490E+02  6.35311E+02
  1.13500E+02  6.35285E+02
  1.13510E+02  6.35260E+02
  1.13520E+02  6.35235E+02
  1.13530E+02  6.35209E+02
  1.13540E+02  6.35184E+02
  1.13550E+02  6.35159E+02
  1.13560E+02  6.35133E+02
  1.13570E+02  6.35108E+02
  1.13580E+02  6.35083E+02
  1.13590E+02  6.35057E+02
  1.13600E+02  6.35032E+02
  1.13610E+02  6.35007E+02
  1.13620E+02  6.34982E+02
  1.13630E+02  6.34956E+02
  1.13640E+02  6.34931E+02
  1.13650E+02  6.34906E+02
  1.13660E+02  6.34881E+02
  1.13670E+02  6.34855E+02
  1.13680E+02  6.34830E+02
  1.13690E+02  6.34805E+02
  1.13700E+02  6.34780E+02
  1.13710E+02  6.34754E+02
  1.13720E+02  6.34729E+02
  1.13730E+02  6.34704E+02
  1.13740E+02  6.34679E+02
  1.13750E+02  6.34654E+02
  1.13760E+02  6.34628E+02
  1.13770E+02  6.34603E+02
  1.13780E+02  6.34578E+02
  1.13790E+02  6.34553E+02
  1.13800E+02  6.34528E+02
  1.13810E+02  6.34502E+02
  1.13820E+02  6.34477E+02
  1.13830E+02  6.34452E+02
  1.13840E+02  6.34427E+02
  1.13850E+02  6.34402E+02
  1.13860E+02  6.34377E+02
  1.13870E+02  6.34352E+02
  1.13880E+02  6.34326E+02
  1.13890E+02  6.34301E+02
  1.13900E+02  6.34276E+02
  1.13910E+02  6.34251E+02
  1.13920E+02  6.34226E+02
  1.13930E+02  6.34201E+02
  1.13940E+02  6.34176E+02
  1.13950E+02  6.34151E+02
  1.13960E+02  6.34126E+02
  1.13970E+02  6.34101E+02
  1.13980E+02  6.34075E+02
  1.13990E+02  6.34050E+02
  1.14000E+02  6.34025E+02
  1.14010E+02  6.34000E+02
  1.14020E+02  6.33975E+02
  1.14030E+02  6.33950E+02
  1.14040E+02  6.33925E+02
  1.14050E+02  6.33900E+02
  1.14060E+02  6.33875E+02
  1.14070E+02  6.33850E+02
  1.14080E+02  6.33825E+02
  1.14090E+02  6.33800E+02
  1.14100E+02  6.33775E+02
  1.14110E+02  6.33750E+02
  1.14120E+02  6.33725E+02
  1.14130E+02  6.33700E+02
  1.14140E+02  6.33675E+02
  1.14150E+02  6.33650E+02
  1.14160E+02  6.33625E+02
  1.14170E+02  6.33600E+02
  1.14180E+02  6.33575E+02
  1.14190E+02  6.33550E+02
  1.14200E+02  6.33525E+02
  1.14210E+02  6.33500E+02
  1.14220E+02  6.33475E+02
  1.14230E+02  6.33451E+02
  1.14240E+02  6.33426E+02
  1.14250E+02  6.33401E+02
  1.14260E+02  6.33376E+02
  1.14270E+02  6.33351E+02
  1.14280E+02  6.33326E+02
  1.14290E+02  6.33301E+02
  1.14300E+02  6.33276E+02
  1.14310E+02  6.33251E+02
  1.14320E+02  6.33226E+02
  1.14330E+02  6.33202E+02
  1.14340E+02  6.33177E+02
  1.14350E+02  6.33152E+02
  1.14360E+02  6.33127E+02
  1.14370E+02  6.33102E+02
  1.14380E+02  6.33077E+02
  1.14390E+02  6.33052E+02
  1.14400E+02  6.33028E+02
  1.14410E+02  6.33003E+02
  1.14420E+02  6.32978E+02
  1.14430E+02  6.32953E+02
  1.14440E+02  6.32928E+02
  1.14450E+02  6.32904E+02
  1.14460E+02  6.32879E+02
  1.14470E+02  6.32854E+02
  1.14480E+02  6.32829E+02
  1.14490E+02  6.32804E+02
  1.14500E+02  6.32780E+02
  1.14510E+02  6.32755E+02
  1.14520E+02  6.32730E+02
  1.14530E+02  6.32705E+02
  1.14540E+02  6.32681E+02
  1.14550E+02  6.32656E+02
  1.14560E+02  6.32631E+02
  1.14570E+02  6.32606E+02
  1.14580E+02  6.32582E+02
  1.14590E+02  6.32557E+02
  1.14600E+02  6.32532E+02
  1.14610E+02  6.32507E+02
  1.14620E+02  6.32483E+02
  1.14630E+02  6.32458E+02
  1.14640E+02  6.32433E+02
  1.14650E+02  6.32409E+02
  1.14660E+02  6.32384E+02
  1.14670E+02  6.32359E+02
  1.14680E+02  6.32335E+02
  1.14690E+02  6.32310E+02
  1.14700E+02  6.32285E+02
  1.14710E+02  6.32261E+02
  1.14720E+02  6.32236E+02
  1.14730E+02  6.32211E+02
  1.14740E+02  6.32187E+02
  1.14750E+02  6.32162E+02
  1.14760E+02  6.32137E+02
  1.14770E+02  6.32113E+02
  1.14780E+02  6.32088E+02
  1.14790E+02  6.32064E+02
  1.14800E+02  6.32039E+02
  1.14810E+02  6.32014E+02
  1.14820E+02  6.31990E+02
  1.14830E+02  6.31965E+02
  1.14840E+02  6.31941E+02
  1.14850E+02  6.31916E+02
  1.14860E+02  6.31891E+02
  1.14870E+02  6.31867E+02
  1.14880E+02  6.31842E+02
  1.14890E+02  6.31818E+02
  1.14900E+02  6.31793E+02
  1.14910E+02  6.31769E+02
  1.14920E+02  6.31744E+02
  1.14930E+02  6.31719E+02
  1.14940E+02  6.31695E+02
  1.14950E+02  6.31670E+02
  1.14960E+02  6.31646E+02
  1.14970E+02  6.31621E+02
  1.14980E+02  6.31597E+02
  1.14990E+02  6.31572E+02
  1.15000E+02  6.31548E+02
  1.15010E+02  6.31523E+02
  1.15020E+02  6.31499E+02
  1.15030E+02  6.31474E+02
  1.15040E+02  6.31450E+02
  1.15050E+02  6.31425E+02
  1.15060E+02  6.31401E+02
  1.15070E+02  6.31376E+02
  1.15080E+02  6.31352E+02
  1.15090E+02  6.31328E+02
  1.15100E+02  6.31303E+02
  1.15110E+02  6.31279E+02
  1.15120E+02  6.31254E+02
  1.15130E+02  6.31230E+02
  1.15140E+02  6.31205E+02
  1.15150E+02  6.31181E+02
  1.15160E+02  6.31157E+02
  1.15170E+02  6.31132E+02
  1.15180E+02  6.31108E+02
  1.15190E+02  6.31083E+02
  1.15200E+02  6.31059E+02
  1.15210E+02  6.31035E+02
  1.15220E+02  6.31010E+02
  1.15230E+02  6.30986E+02
  1.15240E+02  6.30961E+02
  1.15250E+02  6.30937E+02
  1.15260E+02  6.30913E+02
  1.15270E+02  6.30888E+02
  1.15280E+02  6.30864E+02
  1.15290E+02  6.30840E+02
  1.15300E+02  6.30815E+02
  1.15310E+02  6.30791E+02
  1.15320E+02  6.30767E+02
  1.15330E+02  6.30742E+02
  1.15340E+02  6.30718E+02
  1.15350E+02  6.30694E+02
  1.15360E+02  6.30669E+02
  1.15370E+02  6.30645E+02
  1.15380E+02  6.30621E+02
  1.15390E+02  6.30597E+02
  1.15400E+02  6.30572E+02
  1.15410E+02  6.30548E+02
  1.15420E+02  6.30524E+02
  1.15430E+02  6.30499E+02
  1.15440E+02  6.30475E+02
  1.15450E+02  6.30451E+02
  1.15460E+02  6.30427E+02
  1.15470E+02  6.30402E+02
  1.15480E+02  6.30378E+02
  1.15490E+02  6.30354E+02
  1.15500E+02  6.30330E+02
  1.15510E+02  6.30306E+02
  1.15520E+02  6.30281E+02
  1.15530E+02  6.30257E+02
  1.15540E+02  6.30233E+02
  1.15550E+02  6.30209E+02
  1.15560E+02  6.30184E+02
  1.15570E+02  6.30160E+02
  1.15580E+02  6.30136E+02
  1.15590E+02  6.30112E+02
  1.15600E+02  6.30088E+02
  1.15610E+02  6.30064E+02
  1.15620E+02  6.30039E+02
  1.15630E+02  6.30015E+02
  1.15640E+02  6.29991E+02
  1.15650E+02  6.29967E+02
  1.15660E+02  6.29943E+02
  1.15670E+02  6.29919E+02
  1.15680E+02  6.29894E+02
  1.15690E+02  6.29870E+02
  1.15700E+02  6.29846E+02
  1.15710E+02  6.29822E+02
  1.15720E+02  6.29798E+02
  1.15730E+02  6.29774E+02
  1.15740E+02  6.29750E+02
  1.15750E+02  6.29726E+02
  1.15760E+02  6.29702E+02
  1.15770E+02  6.29678E+02
  1.15780E+02  6.29653E+02
  1.15790E+02  6.29629E+02
  1.15800E+02  6.29605E+02
  1.15810E+02  6.29581E+02
  1.15820E+02  6.29557E+02
  1.15830E+02  6.29533E+02
  1.15840E+02  6.29509E+02
  1.15850E+02  6.29485E+02
  1.15860E+02  6.29461E+02
  1.15870E+02  6.29437E+02
  1.15880E+02  6.29413E+02
  1.15890E+02  6.29389E+02
  1.15900E+02  6.29365E+02
  1.15910E+02  6.29341E+02
  1.15920E+02  6.29317E+02
  1.15930E+02  6.29293E+02
  1.15940E+02  6.29269E+02
  1.15950E+02  6.29245E+02
  1.15960E+02  6.29221E+02
  1.15970E+02  6.29197E+02
  1.15980E+02  6.29173E+02
  1.15990E+02  6.29149E+02
  1.16000E+02  6.29125E+02
  1.16010E+02  6.29101E+02
  1.16020E+02  6.29077E+02
  1.16030E+02  6.29053E+02
  1.16040E+02  6.29029E+02
  1.16050E+02  6.29005E+02
  1.16060E+02  6.28981E+02
  1.16070E+02  6.28957E+02
  1.16080E+02  6.28933E+02
  1.16090E+02  6.28910E+02
  1.16100E+02  6.28886E+02
  1.16110E+02  6.28862E+02
  1.16120E+02  6.28838E+02
  1.16130E+02  6.28814E+02
  1.16140E+02  6.28790E+02
  1.16150E+02  6.28766E+02
  1.16160E+02  6.28742E+02
  1.16170E+02  6.28718E+02
  1.16180E+02  6.28695E+02
  1.16190E+02  6.28671E+02
  1.16200E+02  6.28647E+02
  1.16210E+02  6.28623E+02
  1.16220E+02  6.28599E+02
  1.16230E+02  6.28575E+02
  1.16240E+02  6.28551E+02
  1.16250E+02  6.28528E+02
  1.16260E+02  6.28504E+02
  1.16270E+02  6.28480E+02
  1.16280E+02  6.28456E+02
  1.16290E+02  6.28432E+02
  1.16300E+02  6.28408E+02
  1.16310E+02  6.28385E+02
  1.16320E+02  6.28361E+02
  1.16330E+02  6.28337E+02
  1.16340E+02  6.28313E+02
  1.16350E+02  6.28290E+02
  1.16360E+02  6.28266E+02
  1.16370E+02  6.28242E+02
  1.16380E+02  6.28218E+02
  1.16390E+02  6.28194E+02
  1.16400E+02  6.28171E+02
  1.16410E+02  6.28147E+02
  1.16420E+02  6.28123E+02
  1.16430E+02  6.28099E+02
  1.16440E+02  6.28076E+02
  1.16450E+02  6.28052E+02
  1.16460E+02  6.28028E+02
  1.16470E+02  6.28005E+02
  1.16480E+02  6.27981E+02
  1.16490E+02  6.27957E+02
  1.16500E+02  6.27933E+02
  1.16510E+02  6.27910E+02
  1.16520E+02  6.27886E+02
  1.16530E+02  6.27862E+02
  1.16540E+02  6.27839E+02
  1.16550E+02  6.27815E+02
  1.16560E+02  6.27791E+02
  1.16570E+02  6.27768E+02
  1.16580E+02  6.27744E+02
  1.16590E+02  6.27720E+02
  1.16600E+02  6.27697E+02
  1.16610E+02  6.27673E+02
  1.16620E+02  6.27649E+02
  1.16630E+02  6.27626E+02
  1.16640E+02  6.27602E+02
  1.16650E+02  6.27578E+02
  1.16660E+02  6.27555E+02
  1.16670E+02  6.27531E+02
  1.16680E+02  6.27508E+02
  1.16690E+02  6.27484E+02
  1.16700E+02  6.27460E+02
  1.16710E+02  6.27437E+02
  1.16720E+02  6.27413E+02
  1.16730E+02  6.27390E+02
  1.16740E+02  6.27366E+02
  1.16750E+02  6.27342E+02
  1.16760E+02  6.27319E+02
  1.16770E+02  6.27295E+02
  1.16780E+02  6.27272E+02
  1.16790E+02  6.27248E+02
  1.16800E+02  6.27225E+02
  1.16810E+02  6.27201E+02
  1.16820E+02  6.27178E+02
  1.16830E+02  6.27154E+02
  1.16840E+02  6.27131E+02
  1.16850E+02  6.27107E+02
  1.16860E+02  6.27083E+02
  1.16870E+02  6.27060E+02
  1.16880E+02  6.27036E+02
  1.16890E+02  6.27013E+02
  1.16900E+02  6.26989E+02
  1.16910E+02  6.26966E+02
  1.16920E+02  6.26942E+02
  1.16930E+02  6.26919E+02
  1.16940E+02  6.26896E+02
  1.16950E+02  6.26872E+02
  1.16960E+02  6.26849E+02
  1.16970E+02  6.26825E+02
  1.16980E+02  6.26802E+02
  1.16990E+02  6.26778E+02
  1.17000E+02  6.26755E+02
  1.17010E+02  6.26731E+02
  1.17020E+02  6.26708E+02
  1.17030E+02  6.26684E+02
  1.17040E+02  6.26661E+02
  1.17050E+02  6.26638E+02
  1.17060E+02  6.26614E+02
  1.17070E+02  6.26591E+02
  1.17080E+02  6.26567E+02
  1.17090E+02  6.26544E+02
  1.17100E+02  6.26521E+02
  1.17110E+02  6.26497E+02
  1.17120E+02  6.26474E+02
  1.17130E+02  6.26450E+02
  1.17140E+02  6.26427E+02
  1.17150E+02  6.26404E+02
  1.17160E+02  6.26380E+02
  1.17170E+02  6.26357E+02
  1.17180E+02  6.26334E+02
  1.17190E+02  6.26310E+02
  1.17200E+02  6.26287E+02
  1.17210E+02  6.26263E+02
  1.17220E+02  6.26240E+02
  1.17230E+02  6.26217E+02
  1.17240E+02  6.26193E+02
  1.17250E+02  6.26170E+02
  1.17260E+02  6.26147E+02
  1.17270E+02  6.26124E+02
  1.17280E+02  6.26100E+02
  1.17290E+02  6.26077E+02
  1.17300E+02  6.26054E+02
  1.17310E+02  6.26030E+02
  1.17320E+02  6.26007E+02
  1.17330E+02  6.25984E+02
  1.17340E+02  6.25960E+02
  1.17350E+02  6.25937E+02
  1.17360E+02  6.25914E+02
  1.17370E+02  6.25891E+02
  1.17380E+02  6.25867E+02
  1.17390E+02  6.25844E+02
  1.17400E+02  6.25821E+02
  1.17410E+02  6.25798E+02
  1.17420E+02  6.25774E+02
  1.17430E+02  6.25751E+02
  1.17440E+02  6.25728E+02
  1.17450E+02  6.25705E+02
  1.17460E+02  6.25682E+02
  1.17470E+02  6.25658E+02
  1.17480E+02  6.25635E+02
  1.17490E+02  6.25612E+02
  1.17500E+02  6.25589E+02
  1.17510E+02  6.25566E+02
  1.17520E+02  6.25542E+02
  1.17530E+02  6.25519E+02
  1.17540E+02  6.25496E+02
  1.17550E+02  6.25473E+02
  1.17560E+02  6.25450E+02
  1.17570E+02  6.25426E+02
  1.17580E+02  6.25403E+02
  1.17590E+02  6.25380E+02
  1.17600E+02  6.25357E+02
  1.17610E+02  6.25334E+02
  1.17620E+02  6.25311E+02
  1.17630E+02  6.25288E+02
  1.17640E+02  6.25264E+02
  1.17650E+02  6.25241E+02
  1.17660E+02  6.25218E+02
  1.17670E+02  6.25195E+02
  1.17680E+02  6.25172E+02
  1.17690E+02  6.25149E+02
  1.17700E+02  6.25126E+02
  1.17710E+02  6.25103E+02
  1.17720E+02  6.25080E+02
  1.17730E+02  6.25057E+02
  1.17740E+02  6.25033E+02
  1.17750E+02  6.25010E+02
  1.17760E+02  6.24987E+02
  1.17770E+02  6.24964E+02
  1.17780E+02  6.24941E+02
  1.17790E+02  6.24918E+02
  1.17800E+02  6.24895E+02
  1.17810E+02  6.24872E+02
  1.17820E+02  6.24849E+02
  1.17830E+02  6.24826E+02
  1.17840E+02  6.24803E+02
  1.17850E+02  6.24780E+02
  1.17860E+02  6.24757E+02
  1.17870E+02  6.24734E+02
  1.17880E+02  6.24711E+02
  1.17890E+02  6.24688E+02
  1.17900E+02  6.24665E+02
  1.17910E+02  6.24642E+02
  1.17920E+02  6.24619E+02
  1.17930E+02  6.24596E+02
  1.17940E+02  6.24573E+02
  1.17950E+02  6.24550E+02
  1.17960E+02  6.24527E+02
  1.17970E+02  6.24504E+02
  1.17980E+02  6.24481E+02
  1.17990E+02  6.24458E+02
  1.18000E+02  6.24435E+02
  1.18010E+02  6.24412E+02
  1.18020E+02  6.24389E+02
  1.18030E+02  6.24366E+02
  1.18040E+02  6.24343E+02
  1.18050E+02  6.24320E+02
  1.18060E+02  6.24297E+02
  1.18070E+02  6.24274E+02
  1.18080E+02  6.24251E+02
  1.18090E+02  6.24229E+02
  1.18100E+02  6.24206E+02
  1.18110E+02  6.24183E+02
  1.18120E+02  6.24160E+02
  1.18130E+02  6.24137E+02
  1.18140E+02  6.24114E+02
  1.18150E+02  6.24091E+02
  1.18160E+02  6.24068E+02
  1.18170E+02  6.24045E+02
  1.18180E+02  6.24022E+02
  1.18190E+02  6.24000E+02
  1.18200E+02  6.23977E+02
  1.18210E+02  6.23954E+02
  1.18220E+02  6.23931E+02
  1.18230E+02  6.23908E+02
  1.18240E+02  6.23885E+02
  1.18250E+02  6.23862E+02
  1.18260E+02  6.23840E+02
  1.18270E+02  6.23817E+02
  1.18280E+02  6.23794E+02
  1.18290E+02  6.23771E+02
  1.18300E+02  6.23748E+02
  1.18310E+02  6.23725E+02
  1.18320E+02  6.23703E+02
  1.18330E+02  6.23680E+02
  1.18340E+02  6.23657E+02
  1.18350E+02  6.23634E+02
  1.18360E+02  6.23611E+02
  1.18370E+02  6.23589E+02
  1.18380E+02  6.23566E+02
  1.18390E+02  6.23543E+02
  1.18400E+02  6.23520E+02
  1.18410E+02  6.23498E+02
  1.18420E+02  6.23475E+02
  1.18430E+02  6.23452E+02
  1.18440E+02  6.23429E+02
  1.18450E+02  6.23407E+02
  1.18460E+02  6.23384E+02
  1.18470E+02  6.23361E+02
  1.18480E+02  6.23338E+02
  1.18490E+02  6.23316E+02
  1.18500E+02  6.23293E+02
  1.18510E+02  6.23270E+02
  1.18520E+02  6.23247E+02
  1.18530E+02  6.23225E+02
  1.18540E+02  6.23202E+02
  1.18550E+02  6.23179E+02
  1.18560E+02  6.23157E+02
  1.18570E+02  6.23134E+02
  1.18580E+02  6.23111E+02
  1.18590E+02  6.23088E+02
  1.18600E+02  6.23066E+02
  1.18610E+02  6.23043E+02
  1.18620E+02  6.23020E+02
  1.18630E+02  6.22998E+02
  1.18640E+02  6.22975E+02
  1.18650E+02  6.22952E+02
  1.18660E+02  6.22930E+02
  1.18670E+02  6.22907E+02
  1.18680E+02  6.22885E+02
  1.18690E+02  6.22862E+02
  1.18700E+02  6.22839E+02
  1.18710E+02  6.22817E+02
  1.18720E+02  6.22794E+02
  1.18730E+02  6.22771E+02
  1.18740E+02  6.22749E+02
  1.18750E+02  6.22726E+02
  1.18760E+02  6.22704E+02
  1.18770E+02  6.22681E+02
  1.18780E+02  6.22658E+02
  1.18790E+02  6.22636E+02
  1.18800E+02  6.22613E+02
  1.18810E+02  6.22591E+02
  1.18820E+02  6.22568E+02
  1.18830E+02  6.22545E+02
  1.18840E+02  6.22523E+02
  1.18850E+02  6.22500E+02
  1.18860E+02  6.22478E+02
  1.18870E+02  6.22455E+02
  1.18880E+02  6.22433E+02
  1.18890E+02  6.22410E+02
  1.18900E+02  6.22387E+02
  1.18910E+02  6.22365E+02
  1.18920E+02  6.22342E+02
  1.18930E+02  6.22320E+02
  1.18940E+02  6.22297E+02
  1.18950E+02  6.22275E+02
  1.18960E+02  6.22252E+02
  1.18970E+02  6.22230E+02
  1.18980E+02  6.22207E+02
  1.18990E+02  6.22185E+02
  1.19000E+02  6.22162E+02
  1.19010E+02  6.22140E+02
  1.19020E+02  6.22117E+02
  1.19030E+02  6.22095E+02
  1.19040E+02  6.22072E+02
  1.19050E+02  6.22050E+02
  1.19060E+02  6.22027E+02
  1.19070E+02  6.22005E+02
  1.19080E+02  6.21982E+02
  1.19090E+02  6.21960E+02
  1.19100E+02  6.21938E+02
  1.19110E+02  6.21915E+02
  1.19120E+02  6.21893E+02
  1.19130E+02  6.21870E+02
  1.19140E+02  6.21848E+02
  1.19150E+02  6.21825E+02
  1.19160E+02  6.21803E+02
  1.19170E+02  6.21781E+02
  1.19180E+02  6.21758E+02
  1.19190E+02  6.21736E+02
  1.19200E+02  6.21713E+02
  1.19210E+02  6.21691E+02
  1.19220E+02  6.21669E+02
  1.19230E+02  6.21646E+02
  1.19240E+02  6.21624E+02
  1.19250E+02  6.21601E+02
  1.19260E+02  6.21579E+02
  1.19270E+02  6.21557E+02
  1.19280E+02  6.21534E+02
  1.19290E+02  6.21512E+02
  1.19300E+02  6.21490E+02
  1.19310E+02  6.21467E+02
  1.19320E+02  6.21445E+02
  1.19330E+02  6.21422E+02
  1.19340E+02  6.21400E+02
  1.19350E+02  6.21378E+02
  1.19360E+02  6.21355E+02
  1.19370E+02  6.21333E+02
  1.19380E+02  6.21311E+02
  1.19390E+02  6.21288E+02
  1.19400E+02  6.21266E+02
  1.19410E+02  6.21244E+02
  1.19420E+02  6.21222E+02
  1.19430E+02  6.21199E+02
  1.19440E+02  6.21177E+02
  1.19450E+02  6.21155E+02
  1.19460E+02  6.21132E+02
  1.19470E+02  6.21110E+02
  1.19480E+02  6.21088E+02
  1.19490E+02  6.21066E+02
  1.19500E+02  6.21043E+02
  1.19510E+02  6.21021E+02
  1.19520E+02  6.20999E+02
  1.19530E+02  6.20977E+02
  1.19540E+02  6.20954E+02
  1.19550E+02  6.20932E+02
  1.19560E+02  6.20910E+02
  1.19570E+02  6.20888E+02
  1.19580E+02  6.20865E+02
  1.19590E+02  6.20843E+02
  1.19600E+02  6.20821E+02
  1.19610E+02  6.20799E+02
  1.19620E+02  6.20776E+02
  1.19630E+02  6.20754E+02
  1.19640E+02  6.20732E+02
  1.19650E+02  6.20710E+02
  1.19660E+02  6.20688E+02
  1.19670E+02  6.20665E+02
  1.19680E+02  6.20643E+02
  1.19690E+02  6.20621E+02
  1.19700E+02  6.20599E+02
  1.19710E+02  6.20577E+02
  1.19720E+02  6.20555E+02
  1.19730E+02  6.20532E+02
  1.19740E+02  6.20510E+02
  1.19750E+02  6.20488E+02
  1.19760E+02  6.20466E+02
  1.19770E+02  6.20444E+02
  1.19780E+02  6.20422E+02
  1.19790E+02  6.20399E+02
  1.19800E+02  6.20377E+02
  1.19810E+02  6.20355E+02
  1.19820E+02  6.20333E+02
  1.19830E+02  6.20311E+02
  1.19840E+02  6.20289E+02
  1.19850E+02  6.20267E+02
  1.19860E+02  6.20245E+02
  1.19870E+02  6.20223E+02
  1.19880E+02  6.20200E+02
  1.19890E+02  6.20178E+02
  1.19900E+02  6.20156E+02
  1.19910E+02  6.20134E+02
  1.19920E+02  6.20112E+02
  1.19930E+02  6.20090E+02
  1.19940E+02  6.20068E+02
  1.19950E+02  6.20046E+02
  1.19960E+02  6.20024E+02
  1.19970E+02  6.20002E+02
  1.19980E+02  6.19980E+02
  1.19990E+02  6.19958E+02
  1.20000E+02  6.19936E+02
