   time (s)    recession (m)
  0.00000E+00  0.00000E+00
  1.00000E-02  0.00000E+00
  2.00000E-02  1.02007E-07
  3.00000E-02  2.78375E-07
  4.00000E-02  5.34701E-07
  5.00000E-02  8.71209E-07
  6.00000E-02  1.28911E-06
  7.00000E-02  1.79010E-06
  8.00000E-02  2.37570E-06
  9.00000E-02  3.04917E-06
  1.00000E-01  3.81653E-06
  1.10000E-01  4.69547E-06
  1.20000E-01  5.60868E-06
  1.30000E-01  6.57582E-06
  1.40000E-01  7.60815E-06
  1.50000E-01  8.70969E-06
  1.60000E-01  9.87778E-06
  1.70000E-01  1.11068E-05
  1.80000E-01  1.23894E-05
  1.90000E-01  1.37183E-05
  2.00000E-01  1.50865E-05
  2.10000E-01  1.64879E-05
  2.20000E-01  1.79173E-05
  2.30000E-01  1.93699E-05
  2.40000E-01  2.08422E-05
  2.50000E-01  2.23307E-05
  2.60000E-01  2.38330E-05
  2.70000E-01  2.53465E-05
  2.80000E-01  2.68695E-05
  2.90000E-01  2.84003E-05
  3.00000E-01  2.99375E-05
  3.10000E-01  3.14800E-05
  3.20000E-01  3.30269E-05
  3.30000E-01  3.45772E-05
  3.40000E-01  3.61305E-05
  3.50000E-01  3.76861E-05
  3.60000E-01  3.92437E-05
  3.70000E-01  4.08028E-05
  3.80000E-01  4.23633E-05
  3.90000E-01  4.39251E-05
  4.00000E-01  4.54879E-05
  4.10000E-01  4.70518E-05
  4.20000E-01  4.86169E-05
  4.30000E-01  5.01830E-05
  4.40000E-01  5.17505E-05
  4.50000E-01  5.33193E-05
  4.60000E-01  5.48897E-05
  4.70000E-01  5.64617E-05
  4.80000E-01  5.80355E-05
  4.90000E-01  5.96112E-05
  5.00000E-01  6.11891E-05
  5.10000E-01  6.27692E-05
  5.20000E-01  6.43516E-05
  5.30000E-01  6.59364E-05
  5.40000E-01  6.75238E-05
  5.50000E-01  6.91137E-05
  5.60000E-01  7.07063E-05
  5.70000E-01  7.23016E-05
  5.80000E-01  7.38995E-05
  5.90000E-01  7.55002E-05
  6.00000E-01  7.71035E-05
  6.10000E-01  7.87095E-05
  6.20000E-01  8.03182E-05
  6.30000E-01  8.19296E-05
  6.40000E-01  8.35437E-05
  6.50000E-01  8.51603E-05
  6.60000E-01  8.67795E-05
  6.70000E-01  8.84012E-05
  6.80000E-01  9.00255E-05
  6.90000E-01  9.16523E-05
  7.00000E-01  9.32815E-05
  7.10000E-01  9.49132E-05
  7.20000E-01  9.65472E-05
  7.30000E-01  9.81837E-05
  7.40000E-01  9.98225E-05
  7.50000E-01  1.01464E-04
  7.60000E-01  1.03107E-04
  7.70000E-01  1.04753E-04
  7.80000E-01  1.06401E-04
  7.90000E-01  1.08051E-04
  8.00000E-01  1.09704E-04
  8.10000E-01  1.11358E-04
  8.20000E-01  1.13015E-04
  8.30000E-01  1.14674E-04
  8.40000E-01  1.16335E-04
  8.50000E-01  1.17998E-04
  8.60000E-01  1.19664E-04
  8.70000E-01  1.21331E-04
  8.80000E-01  1.23000E-04
  8.90000E-01  1.24672E-04
  9.00000E-01  1.26345E-04
  9.10000E-01  1.28020E-04
  9.20000E-01  1.29697E-04
  9.30000E-01  1.31376E-04
  9.40000E-01  1.33057E-04
  9.50000E-01  1.34740E-04
  9.60000E-01  1.36425E-04
  9.70000E-01  1.38111E-04
  9.80000E-01  1.39799E-04
  9.90000E-01  1.41489E-04
  1.00000E+00  1.43181E-04
  1.01000E+00  1.44874E-04
  1.02000E+00  1.46569E-04
  1.03000E+00  1.48266E-04
  1.04000E+00  1.49964E-04
  1.05000E+00  1.51664E-04
  1.06000E+00  1.53366E-04
  1.07000E+00  1.55069E-04
  1.08000E+00  1.56774E-04
  1.09000E+00  1.58480E-04
  1.10000E+00  1.60188E-04
  1.11000E+00  1.61897E-04
  1.12000E+00  1.63608E-04
  1.13000E+00  1.65320E-04
  1.14000E+00  1.67034E-04
  1.15000E+00  1.68749E-04
  1.16000E+00  1.70466E-04
  1.17000E+00  1.72184E-04
  1.18000E+00  1.73903E-04
  1.19000E+00  1.75624E-04
  1.20000E+00  1.77346E-04
  1.21000E+00  1.79070E-04
  1.22000E+00  1.80794E-04
  1.23000E+00  1.82521E-04
  1.24000E+00  1.84248E-04
  1.25000E+00  1.85977E-04
  1.26000E+00  1.87707E-04
  1.27000E+00  1.89439E-04
  1.28000E+00  1.91171E-04
  1.29000E+00  1.92905E-04
  1.30000E+00  1.94640E-04
  1.31000E+00  1.96377E-04
  1.32000E+00  1.98114E-04
  1.33000E+00  1.99853E-04
  1.34000E+00  2.01593E-04
  1.35000E+00  2.03334E-04
  1.36000E+00  2.05076E-04
  1.37000E+00  2.06820E-04
  1.38000E+00  2.08564E-04
  1.39000E+00  2.10310E-04
  1.40000E+00  2.12057E-04
  1.41000E+00  2.13805E-04
  1.42000E+00  2.15553E-04
  1.43000E+00  2.17304E-04
  1.44000E+00  2.19055E-04
  1.45000E+00  2.20807E-04
  1.46000E+00  2.22560E-04
  1.47000E+00  2.24315E-04
  1.48000E+00  2.26070E-04
  1.49000E+00  2.27826E-04
  1.50000E+00  2.29584E-04
  1.51000E+00  2.31342E-04
  1.52000E+00  2.33102E-04
  1.53000E+00  2.34862E-04
  1.54000E+00  2.36623E-04
  1.55000E+00  2.38386E-04
  1.56000E+00  2.40149E-04
  1.57000E+00  2.41914E-04
  1.58000E+00  2.43679E-04
  1.59000E+00  2.45445E-04
  1.60000E+00  2.47212E-04
  1.61000E+00  2.48980E-04
  1.62000E+00  2.50749E-04
  1.63000E+00  2.52519E-04
  1.64000E+00  2.54290E-04
  1.65000E+00  2.56062E-04
  1.66000E+00  2.57834E-04
  1.67000E+00  2.59608E-04
  1.68000E+00  2.61382E-04
  1.69000E+00  2.63158E-04
  1.70000E+00  2.64934E-04
  1.71000E+00  2.66711E-04
  1.72000E+00  2.68488E-04
  1.73000E+00  2.70267E-04
  1.74000E+00  2.72046E-04
  1.75000E+00  2.73827E-04
  1.76000E+00  2.75608E-04
  1.77000E+00  2.77390E-04
  1.78000E+00  2.79173E-04
  1.79000E+00  2.80956E-04
  1.80000E+00  2.82741E-04
  1.81000E+00  2.84526E-04
  1.82000E+00  2.86312E-04
  1.83000E+00  2.88098E-04
  1.84000E+00  2.89886E-04
  1.85000E+00  2.91674E-04
  1.86000E+00  2.93463E-04
  1.87000E+00  2.95253E-04
  1.88000E+00  2.97044E-04
  1.89000E+00  2.98835E-04
  1.90000E+00  3.00627E-04
  1.91000E+00  3.02420E-04
  1.92000E+00  3.04213E-04
  1.93000E+00  3.06007E-04
  1.94000E+00  3.07802E-04
  1.95000E+00  3.09598E-04
  1.96000E+00  3.11394E-04
  1.97000E+00  3.13191E-04
  1.98000E+00  3.14989E-04
  1.99000E+00  3.16788E-04
  2.00000E+00  3.18587E-04
  2.01000E+00  3.20387E-04
  2.02000E+00  3.22187E-04
  2.03000E+00  3.23989E-04
  2.04000E+00  3.25790E-04
  2.05000E+00  3.27593E-04
  2.06000E+00  3.29396E-04
  2.07000E+00  3.31200E-04
  2.08000E+00  3.33005E-04
  2.09000E+00  3.34810E-04
  2.10000E+00  3.36616E-04
  2.11000E+00  3.38422E-04
  2.12000E+00  3.40229E-04
  2.13000E+00  3.42037E-04
  2.14000E+00  3.43845E-04
  2.15000E+00  3.45654E-04
  2.16000E+00  3.47464E-04
  2.17000E+00  3.49274E-04
  2.18000E+00  3.51085E-04
  2.19000E+00  3.52896E-04
  2.20000E+00  3.54709E-04
  2.21000E+00  3.56521E-04
  2.22000E+00  3.58334E-04
  2.23000E+00  3.60148E-04
  2.24000E+00  3.61963E-04
  2.25000E+00  3.63778E-04
  2.26000E+00  3.65593E-04
  2.27000E+00  3.67410E-04
  2.28000E+00  3.69226E-04
  2.29000E+00  3.71044E-04
  2.30000E+00  3.72862E-04
  2.31000E+00  3.74680E-04
  2.32000E+00  3.76499E-04
  2.33000E+00  3.78319E-04
  2.34000E+00  3.80139E-04
  2.35000E+00  3.81960E-04
  2.36000E+00  3.83781E-04
  2.37000E+00  3.85603E-04
  2.38000E+00  3.87425E-04
  2.39000E+00  3.89248E-04
  2.40000E+00  3.91071E-04
  2.41000E+00  3.92895E-04
  2.42000E+00  3.94720E-04
  2.43000E+00  3.96545E-04
  2.44000E+00  3.98370E-04
  2.45000E+00  4.00196E-04
  2.46000E+00  4.02023E-04
  2.47000E+00  4.03850E-04
  2.48000E+00  4.05678E-04
  2.49000E+00  4.07506E-04
  2.50000E+00  4.09334E-04
  2.51000E+00  4.11164E-04
  2.52000E+00  4.12993E-04
  2.53000E+00  4.14823E-04
  2.54000E+00  4.16654E-04
  2.55000E+00  4.18485E-04
  2.56000E+00  4.20317E-04
  2.57000E+00  4.22149E-04
  2.58000E+00  4.23981E-04
  2.59000E+00  4.25814E-04
  2.60000E+00  4.27648E-04
  2.61000E+00  4.29482E-04
  2.62000E+00  4.31316E-04
  2.63000E+00  4.33151E-04
  2.64000E+00  4.34987E-04
  2.65000E+00  4.36823E-04
  2.66000E+00  4.38659E-04
  2.67000E+00  4.40496E-04
  2.68000E+00  4.42333E-04
  2.69000E+00  4.44171E-04
  2.70000E+00  4.46009E-04
  2.71000E+00  4.47847E-04
  2.72000E+00  4.49687E-04
  2.73000E+00  4.51526E-04
  2.74000E+00  4.53366E-04
  2.75000E+00  4.55206E-04
  2.76000E+00  4.57047E-04
  2.77000E+00  4.58888E-04
  2.78000E+00  4.60730E-04
  2.79000E+00  4.62572E-04
  2.80000E+00  4.64415E-04
  2.81000E+00  4.66258E-04
  2.82000E+00  4.68101E-04
  2.83000E+00  4.69945E-04
  2.84000E+00  4.71789E-04
  2.85000E+00  4.73634E-04
  2.86000E+00  4.75479E-04
  2.87000E+00  4.77325E-04
  2.88000E+00  4.79171E-04
  2.89000E+00  4.81017E-04
  2.90000E+00  4.82864E-04
  2.91000E+00  4.84711E-04
  2.92000E+00  4.86559E-04
  2.93000E+00  4.88406E-04
  2.94000E+00  4.90255E-04
  2.95000E+00  4.92104E-04
  2.96000E+00  4.93953E-04
  2.97000E+00  4.95802E-04
  2.98000E+00  4.97652E-04
  2.99000E+00  4.99503E-04
  3.00000E+00  5.01353E-04
  3.01000E+00  5.03204E-04
  3.02000E+00  5.05056E-04
  3.03000E+00  5.06908E-04
  3.04000E+00  5.08760E-04
  3.05000E+00  5.10613E-04
  3.06000E+00  5.12466E-04
  3.07000E+00  5.14319E-04
  3.08000E+00  5.16173E-04
  3.09000E+00  5.18027E-04
  3.10000E+00  5.19882E-04
  3.11000E+00  5.21736E-04
  3.12000E+00  5.23592E-04
  3.13000E+00  5.25447E-04
  3.14000E+00  5.27303E-04
  3.15000E+00  5.29160E-04
  3.16000E+00  5.31016E-04
  3.17000E+00  5.32873E-04
  3.18000E+00  5.34731E-04
  3.19000E+00  5.36589E-04
  3.20000E+00  5.38447E-04
  3.21000E+00  5.40305E-04
  3.22000E+00  5.42164E-04
  3.23000E+00  5.44023E-04
  3.24000E+00  5.45883E-04
  3.25000E+00  5.47743E-04
  3.26000E+00  5.49603E-04
  3.27000E+00  5.51463E-04
  3.28000E+00  5.53324E-04
  3.29000E+00  5.55186E-04
  3.30000E+00  5.57047E-04
  3.31000E+00  5.58909E-04
  3.32000E+00  5.60771E-04
  3.33000E+00  5.62634E-04
  3.34000E+00  5.64497E-04
  3.35000E+00  5.66360E-04
  3.36000E+00  5.68224E-04
  3.37000E+00  5.70088E-04
  3.38000E+00  5.71952E-04
  3.39000E+00  5.73817E-04
  3.40000E+00  5.75681E-04
  3.41000E+00  5.77547E-04
  3.42000E+00  5.79412E-04
  3.43000E+00  5.81278E-04
  3.44000E+00  5.83144E-04
  3.45000E+00  5.85011E-04
  3.46000E+00  5.86878E-04
  3.47000E+00  5.88745E-04
  3.48000E+00  5.90612E-04
  3.49000E+00  5.92480E-04
  3.50000E+00  5.94348E-04
  3.51000E+00  5.96216E-04
  3.52000E+00  5.98085E-04
  3.53000E+00  5.99954E-04
  3.54000E+00  6.01824E-04
  3.55000E+00  6.03693E-04
  3.56000E+00  6.05563E-04
  3.57000E+00  6.07433E-04
  3.58000E+00  6.09304E-04
  3.59000E+00  6.11175E-04
  3.60000E+00  6.13046E-04
  3.61000E+00  6.14917E-04
  3.62000E+00  6.16789E-04
  3.63000E+00  6.18661E-04
  3.64000E+00  6.20533E-04
  3.65000E+00  6.22406E-04
  3.66000E+00  6.24279E-04
  3.67000E+00  6.26152E-04
  3.68000E+00  6.28025E-04
  3.69000E+00  6.29899E-04
  3.70000E+00  6.31773E-04
  3.71000E+00  6.33647E-04
  3.72000E+00  6.35522E-04
  3.73000E+00  6.37397E-04
  3.74000E+00  6.39272E-04
  3.75000E+00  6.41147E-04
  3.76000E+00  6.43023E-04
  3.77000E+00  6.44899E-04
  3.78000E+00  6.46775E-04
  3.79000E+00  6.48652E-04
  3.80000E+00  6.50529E-04
  3.81000E+00  6.52406E-04
  3.82000E+00  6.54283E-04
  3.83000E+00  6.56161E-04
  3.84000E+00  6.58039E-04
  3.85000E+00  6.59917E-04
  3.86000E+00  6.61796E-04
  3.87000E+00  6.63674E-04
  3.88000E+00  6.65553E-04
  3.89000E+00  6.67433E-04
  3.90000E+00  6.69312E-04
  3.91000E+00  6.71192E-04
  3.92000E+00  6.73072E-04
  3.93000E+00  6.74952E-04
  3.94000E+00  6.76833E-04
  3.95000E+00  6.78714E-04
  3.96000E+00  6.80595E-04
  3.97000E+00  6.82476E-04
  3.98000E+00  6.84358E-04
  3.99000E+00  6.86240E-04
  4.00000E+00  6.88122E-04
  4.01000E+00  6.90004E-04
  4.02000E+00  6.91887E-04
  4.03000E+00  6.93770E-04
  4.04000E+00  6.95653E-04
  4.05000E+00  6.97536E-04
  4.06000E+00  6.99420E-04
  4.07000E+00  7.01304E-04
  4.08000E+00  7.03188E-04
  4.09000E+00  7.05072E-04
  4.10000E+00  7.06957E-04
  4.11000E+00  7.08842E-04
  4.12000E+00  7.10727E-04
  4.13000E+00  7.12612E-04
  4.14000E+00  7.14498E-04
  4.15000E+00  7.16384E-04
  4.16000E+00  7.18270E-04
  4.17000E+00  7.20156E-04
  4.18000E+00  7.22043E-04
  4.19000E+00  7.23930E-04
  4.20000E+00  7.25817E-04
  4.21000E+00  7.27704E-04
  4.22000E+00  7.29592E-04
  4.23000E+00  7.31479E-04
  4.24000E+00  7.33367E-04
  4.25000E+00  7.35256E-04
  4.26000E+00  7.37144E-04
  4.27000E+00  7.39033E-04
  4.28000E+00  7.40922E-04
  4.29000E+00  7.42811E-04
  4.30000E+00  7.44700E-04
  4.31000E+00  7.46590E-04
  4.32000E+00  7.48480E-04
  4.33000E+00  7.50370E-04
  4.34000E+00  7.52260E-04
  4.35000E+00  7.54151E-04
  4.36000E+00  7.56041E-04
  4.37000E+00  7.57932E-04
  4.38000E+00  7.59824E-04
  4.39000E+00  7.61715E-04
  4.40000E+00  7.63607E-04
  4.41000E+00  7.65498E-04
  4.42000E+00  7.67390E-04
  4.43000E+00  7.69283E-04
  4.44000E+00  7.71175E-04
  4.45000E+00  7.73068E-04
  4.46000E+00  7.74961E-04
  4.47000E+00  7.76854E-04
  4.48000E+00  7.78748E-04
  4.49000E+00  7.80641E-04
  4.50000E+00  7.82535E-04
  4.51000E+00  7.84429E-04
  4.52000E+00  7.86323E-04
  4.53000E+00  7.88218E-04
  4.54000E+00  7.90112E-04
  4.55000E+00  7.92007E-04
  4.56000E+00  7.93902E-04
  4.57000E+00  7.95798E-04
  4.58000E+00  7.97693E-04
  4.59000E+00  7.99589E-04
  4.60000E+00  8.01485E-04
  4.61000E+00  8.03381E-04
  4.62000E+00  8.05277E-04
  4.63000E+00  8.07174E-04
  4.64000E+00  8.09071E-04
  4.65000E+00  8.10968E-04
  4.66000E+00  8.12865E-04
  4.67000E+00  8.14762E-04
  4.68000E+00  8.16660E-04
  4.69000E+00  8.18557E-04
  4.70000E+00  8.20455E-04
  4.71000E+00  8.22354E-04
  4.72000E+00  8.24252E-04
  4.73000E+00  8.26150E-04
  4.74000E+00  8.28049E-04
  4.75000E+00  8.29948E-04
  4.76000E+00  8.31847E-04
  4.77000E+00  8.33747E-04
  4.78000E+00  8.35646E-04
  4.79000E+00  8.37546E-04
  4.80000E+00  8.39446E-04
  4.81000E+00  8.41346E-04
  4.82000E+00  8.43246E-04
  4.83000E+00  8.45147E-04
  4.84000E+00  8.47048E-04
  4.85000E+00  8.48949E-04
  4.86000E+00  8.50850E-04
  4.87000E+00  8.52751E-04
  4.88000E+00  8.54653E-04
  4.89000E+00  8.56554E-04
  4.90000E+00  8.58456E-04
  4.91000E+00  8.60358E-04
  4.92000E+00  8.62260E-04
  4.93000E+00  8.64163E-04
  4.94000E+00  8.66065E-04
  4.95000E+00  8.67968E-04
  4.96000E+00  8.69871E-04
  4.97000E+00  8.71774E-04
  4.98000E+00  8.73678E-04
  4.99000E+00  8.75581E-04
  5.00000E+00  8.77485E-04
  5.01000E+00  8.79389E-04
  5.02000E+00  8.81293E-04
  5.03000E+00  8.83197E-04
  5.04000E+00  8.85102E-04
  5.05000E+00  8.87006E-04
  5.06000E+00  8.88911E-04
  5.07000E+00  8.90816E-04
  5.08000E+00  8.92721E-04
  5.09000E+00  8.94627E-04
  5.10000E+00  8.96532E-04
  5.11000E+00  8.98438E-04
  5.12000E+00  9.00344E-04
  5.13000E+00  9.02250E-04
  5.14000E+00  9.04156E-04
  5.15000E+00  9.06063E-04
  5.16000E+00  9.07969E-04
  5.17000E+00  9.09876E-04
  5.18000E+00  9.11783E-04
  5.19000E+00  9.13690E-04
  5.20000E+00  9.15597E-04
  5.21000E+00  9.17505E-04
  5.22000E+00  9.19412E-04
  5.23000E+00  9.21320E-04
  5.24000E+00  9.23228E-04
  5.25000E+00  9.25136E-04
  5.26000E+00  9.27045E-04
  5.27000E+00  9.28953E-04
  5.28000E+00  9.30862E-04
  5.29000E+00  9.32771E-04
  5.30000E+00  9.34680E-04
  5.31000E+00  9.36589E-04
  5.32000E+00  9.38498E-04
  5.33000E+00  9.40407E-04
  5.34000E+00  9.42317E-04
  5.35000E+00  9.44227E-04
  5.36000E+00  9.46137E-04
  5.37000E+00  9.48047E-04
  5.38000E+00  9.49957E-04
  5.39000E+00  9.51868E-04
  5.40000E+00  9.53778E-04
  5.41000E+00  9.55689E-04
  5.42000E+00  9.57600E-04
  5.43000E+00  9.59511E-04
  5.44000E+00  9.61423E-04
  5.45000E+00  9.63334E-04
  5.46000E+00  9.65246E-04
  5.47000E+00  9.67157E-04
  5.48000E+00  9.69069E-04
  5.49000E+00  9.70981E-04
  5.50000E+00  9.72894E-04
  5.51000E+00  9.74806E-04
  5.52000E+00  9.76719E-04
  5.53000E+00  9.78631E-04
  5.54000E+00  9.80544E-04
  5.55000E+00  9.82457E-04
  5.56000E+00  9.84370E-04
  5.57000E+00  9.86284E-04
  5.58000E+00  9.88197E-04
  5.59000E+00  9.90111E-04
  5.60000E+00  9.92025E-04
  5.61000E+00  9.93939E-04
  5.62000E+00  9.95853E-04
  5.63000E+00  9.97767E-04
  5.64000E+00  9.99681E-04
  5.65000E+00  1.00160E-03
  5.66000E+00  1.00351E-03
  5.67000E+00  1.00543E-03
  5.68000E+00  1.00734E-03
  5.69000E+00  1.00926E-03
  5.70000E+00  1.01117E-03
  5.71000E+00  1.01309E-03
  5.72000E+00  1.01500E-03
  5.73000E+00  1.01692E-03
  5.74000E+00  1.01883E-03
  5.75000E+00  1.02075E-03
  5.76000E+00  1.02267E-03
  5.77000E+00  1.02458E-03
  5.78000E+00  1.02650E-03
  5.79000E+00  1.02842E-03
  5.80000E+00  1.03033E-03
  5.81000E+00  1.03225E-03
  5.82000E+00  1.03417E-03
  5.83000E+00  1.03608E-03
  5.84000E+00  1.03800E-03
  5.85000E+00  1.03992E-03
  5.86000E+00  1.04184E-03
  5.87000E+00  1.04375E-03
  5.88000E+00  1.04567E-03
  5.89000E+00  1.04759E-03
  5.90000E+00  1.04951E-03
  5.91000E+00  1.05143E-03
  5.92000E+00  1.05335E-03
  5.93000E+00  1.05526E-03
  5.94000E+00  1.05718E-03
  5.95000E+00  1.05910E-03
  5.96000E+00  1.06102E-03
  5.97000E+00  1.06294E-03
  5.98000E+00  1.06486E-03
  5.99000E+00  1.06678E-03
  6.00000E+00  1.06870E-03
  6.01000E+00  1.07062E-03
  6.02000E+00  1.07254E-03
  6.03000E+00  1.07446E-03
  6.04000E+00  1.07638E-03
  6.05000E+00  1.07830E-03
  6.06000E+00  1.08022E-03
  6.07000E+00  1.08214E-03
  6.08000E+00  1.08406E-03
  6.09000E+00  1.08598E-03
  6.10000E+00  1.08790E-03
  6.11000E+00  1.08982E-03
  6.12000E+00  1.09175E-03
  6.13000E+00  1.09367E-03
  6.14000E+00  1.09559E-03
  6.15000E+00  1.09751E-03
  6.16000E+00  1.09943E-03
  6.17000E+00  1.10135E-03
  6.18000E+00  1.10328E-03
  6.19000E+00  1.10520E-03
  6.20000E+00  1.10712E-03
  6.21000E+00  1.10904E-03
  6.22000E+00  1.11097E-03
  6.23000E+00  1.11289E-03
  6.24000E+00  1.11481E-03
  6.25000E+00  1.11673E-03
  6.26000E+00  1.11866E-03
  6.27000E+00  1.12058E-03
  6.28000E+00  1.12250E-03
  6.29000E+00  1.12443E-03
  6.30000E+00  1.12635E-03
  6.31000E+00  1.12828E-03
  6.32000E+00  1.13020E-03
  6.33000E+00  1.13212E-03
  6.34000E+00  1.13405E-03
  6.35000E+00  1.13597E-03
  6.36000E+00  1.13790E-03
  6.37000E+00  1.13982E-03
  6.38000E+00  1.14175E-03
  6.39000E+00  1.14367E-03
  6.40000E+00  1.14560E-03
  6.41000E+00  1.14752E-03
  6.42000E+00  1.14945E-03
  6.43000E+00  1.15137E-03
  6.44000E+00  1.15330E-03
  6.45000E+00  1.15522E-03
  6.46000E+00  1.15715E-03
  6.47000E+00  1.15907E-03
  6.48000E+00  1.16100E-03
  6.49000E+00  1.16293E-03
  6.50000E+00  1.16485E-03
  6.51000E+00  1.16678E-03
  6.52000E+00  1.16870E-03
  6.53000E+00  1.17063E-03
  6.54000E+00  1.17256E-03
  6.55000E+00  1.17448E-03
  6.56000E+00  1.17641E-03
  6.57000E+00  1.17834E-03
  6.58000E+00  1.18027E-03
  6.59000E+00  1.18219E-03
  6.60000E+00  1.18412E-03
  6.61000E+00  1.18605E-03
  6.62000E+00  1.18798E-03
  6.63000E+00  1.18990E-03
  6.64000E+00  1.19183E-03
  6.65000E+00  1.19376E-03
  6.66000E+00  1.19569E-03
  6.67000E+00  1.19762E-03
  6.68000E+00  1.19954E-03
  6.69000E+00  1.20147E-03
  6.70000E+00  1.20340E-03
  6.71000E+00  1.20533E-03
  6.72000E+00  1.20726E-03
  6.73000E+00  1.20919E-03
  6.74000E+00  1.21112E-03
  6.75000E+00  1.21305E-03
  6.76000E+00  1.21497E-03
  6.77000E+00  1.21690E-03
  6.78000E+00  1.21883E-03
  6.79000E+00  1.22076E-03
  6.80000E+00  1.22269E-03
  6.81000E+00  1.22462E-03
  6.82000E+00  1.22655E-03
  6.83000E+00  1.22848E-03
  6.84000E+00  1.23041E-03
  6.85000E+00  1.23234E-03
  6.86000E+00  1.23427E-03
  6.87000E+00  1.23620E-03
  6.88000E+00  1.23813E-03
  6.89000E+00  1.24007E-03
  6.90000E+00  1.24200E-03
  6.91000E+00  1.24393E-03
  6.92000E+00  1.24586E-03
  6.93000E+00  1.24779E-03
  6.94000E+00  1.24972E-03
  6.95000E+00  1.25165E-03
  6.96000E+00  1.25358E-03
  6.97000E+00  1.25552E-03
  6.98000E+00  1.25745E-03
  6.99000E+00  1.25938E-03
  7.00000E+00  1.26131E-03
  7.01000E+00  1.26324E-03
  7.02000E+00  1.26518E-03
  7.03000E+00  1.26711E-03
  7.04000E+00  1.26904E-03
  7.05000E+00  1.27097E-03
  7.06000E+00  1.27291E-03
  7.07000E+00  1.27484E-03
  7.08000E+00  1.27677E-03
  7.09000E+00  1.27870E-03
  7.10000E+00  1.28064E-03
  7.11000E+00  1.28257E-03
  7.12000E+00  1.28450E-03
  7.13000E+00  1.28644E-03
  7.14000E+00  1.28837E-03
  7.15000E+00  1.29030E-03
  7.16000E+00  1.29224E-03
  7.17000E+00  1.29417E-03
  7.18000E+00  1.29611E-03
  7.19000E+00  1.29804E-03
  7.20000E+00  1.29997E-03
  7.21000E+00  1.30191E-03
  7.22000E+00  1.30384E-03
  7.23000E+00  1.30578E-03
  7.24000E+00  1.30771E-03
  7.25000E+00  1.30965E-03
  7.26000E+00  1.31158E-03
  7.27000E+00  1.31352E-03
  7.28000E+00  1.31545E-03
  7.29000E+00  1.31739E-03
  7.30000E+00  1.31932E-03
  7.31000E+00  1.32126E-03
  7.32000E+00  1.32319E-03
  7.33000E+00  1.32513E-03
  7.34000E+00  1.32706E-03
  7.35000E+00  1.32900E-03
  7.36000E+00  1.33093E-03
  7.37000E+00  1.33287E-03
  7.38000E+00  1.33481E-03
  7.39000E+00  1.33674E-03
  7.40000E+00  1.33868E-03
  7.41000E+00  1.34061E-03
  7.42000E+00  1.34255E-03
  7.43000E+00  1.34449E-03
  7.44000E+00  1.34642E-03
  7.45000E+00  1.34836E-03
  7.46000E+00  1.35030E-03
  7.47000E+00  1.35223E-03
  7.48000E+00  1.35417E-03
  7.49000E+00  1.35611E-03
  7.50000E+00  1.35804E-03
  7.51000E+00  1.35998E-03
  7.52000E+00  1.36192E-03
  7.53000E+00  1.36386E-03
  7.54000E+00  1.36579E-03
  7.55000E+00  1.36773E-03
  7.56000E+00  1.36967E-03
  7.57000E+00  1.37161E-03
  7.58000E+00  1.37355E-03
  7.59000E+00  1.37548E-03
  7.60000E+00  1.37742E-03
  7.61000E+00  1.37936E-03
  7.62000E+00  1.38130E-03
  7.63000E+00  1.38324E-03
  7.64000E+00  1.38518E-03
  7.65000E+00  1.38711E-03
  7.66000E+00  1.38905E-03
  7.67000E+00  1.39099E-03
  7.68000E+00  1.39293E-03
  7.69000E+00  1.39487E-03
  7.70000E+00  1.39681E-03
  7.71000E+00  1.39875E-03
  7.72000E+00  1.40069E-03
  7.73000E+00  1.40263E-03
  7.74000E+00  1.40457E-03
  7.75000E+00  1.40651E-03
  7.76000E+00  1.40845E-03
  7.77000E+00  1.41038E-03
  7.78000E+00  1.41232E-03
  7.79000E+00  1.41426E-03
  7.80000E+00  1.41620E-03
  7.81000E+00  1.41814E-03
  7.82000E+00  1.42008E-03
  7.83000E+00  1.42203E-03
  7.84000E+00  1.42397E-03
  7.85000E+00  1.42591E-03
  7.86000E+00  1.42785E-03
  7.87000E+00  1.42979E-03
  7.88000E+00  1.43173E-03
  7.89000E+00  1.43367E-03
  7.90000E+00  1.43561E-03
  7.91000E+00  1.43755E-03
  7.92000E+00  1.43949E-03
  7.93000E+00  1.44143E-03
  7.94000E+00  1.44337E-03
  7.95000E+00  1.44532E-03
  7.96000E+00  1.44726E-03
  7.97000E+00  1.44920E-03
  7.98000E+00  1.45114E-03
  7.99000E+00  1.45308E-03
  8.00000E+00  1.45502E-03
  8.01000E+00  1.45697E-03
  8.02000E+00  1.45891E-03
  8.03000E+00  1.46085E-03
  8.04000E+00  1.46279E-03
  8.05000E+00  1.46474E-03
  8.06000E+00  1.46668E-03
  8.07000E+00  1.46862E-03
  8.08000E+00  1.47056E-03
  8.09000E+00  1.47251E-03
  8.10000E+00  1.47445E-03
  8.11000E+00  1.47639E-03
  8.12000E+00  1.47833E-03
  8.13000E+00  1.48028E-03
  8.14000E+00  1.48222E-03
  8.15000E+00  1.48416E-03
  8.16000E+00  1.48611E-03
  8.17000E+00  1.48805E-03
  8.18000E+00  1.48999E-03
  8.19000E+00  1.49194E-03
  8.20000E+00  1.49388E-03
  8.21000E+00  1.49582E-03
  8.22000E+00  1.49777E-03
  8.23000E+00  1.49971E-03
  8.24000E+00  1.50166E-03
  8.25000E+00  1.50360E-03
  8.26000E+00  1.50554E-03
  8.27000E+00  1.50749E-03
  8.28000E+00  1.50943E-03
  8.29000E+00  1.51138E-03
  8.30000E+00  1.51332E-03
  8.31000E+00  1.51527E-03
  8.32000E+00  1.51721E-03
  8.33000E+00  1.51915E-03
  8.34000E+00  1.52110E-03
  8.35000E+00  1.52304E-03
  8.36000E+00  1.52499E-03
  8.37000E+00  1.52693E-03
  8.38000E+00  1.52888E-03
  8.39000E+00  1.53082E-03
  8.40000E+00  1.53277E-03
  8.41000E+00  1.53472E-03
  8.42000E+00  1.53666E-03
  8.43000E+00  1.53861E-03
  8.44000E+00  1.54055E-03
  8.45000E+00  1.54250E-03
  8.46000E+00  1.54444E-03
  8.47000E+00  1.54639E-03
  8.48000E+00  1.54834E-03
  8.49000E+00  1.55028E-03
  8.50000E+00  1.55223E-03
  8.51000E+00  1.55417E-03
  8.52000E+00  1.55612E-03
  8.53000E+00  1.55807E-03
  8.54000E+00  1.56001E-03
  8.55000E+00  1.56196E-03
  8.56000E+00  1.56391E-03
  8.57000E+00  1.56585E-03
  8.58000E+00  1.56780E-03
  8.59000E+00  1.56975E-03
  8.60000E+00  1.57169E-03
  8.61000E+00  1.57364E-03
  8.62000E+00  1.57559E-03
  8.63000E+00  1.57753E-03
  8.64000E+00  1.57948E-03
  8.65000E+00  1.58143E-03
  8.66000E+00  1.58338E-03
  8.67000E+00  1.58532E-03
  8.68000E+00  1.58727E-03
  8.69000E+00  1.58922E-03
  8.70000E+00  1.59117E-03
  8.71000E+00  1.59311E-03
  8.72000E+00  1.59506E-03
  8.73000E+00  1.59701E-03
  8.74000E+00  1.59896E-03
  8.75000E+00  1.60091E-03
  8.76000E+00  1.60285E-03
  8.77000E+00  1.60480E-03
  8.78000E+00  1.60675E-03
  8.79000E+00  1.60870E-03
  8.80000E+00  1.61065E-03
  8.81000E+00  1.61260E-03
  8.82000E+00  1.61454E-03
  8.83000E+00  1.61649E-03
  8.84000E+00  1.61844E-03
  8.85000E+00  1.62039E-03
  8.86000E+00  1.62234E-03
  8.87000E+00  1.62429E-03
  8.88000E+00  1.62624E-03
  8.89000E+00  1.62819E-03
  8.90000E+00  1.63014E-03
  8.91000E+00  1.63209E-03
  8.92000E+00  1.63403E-03
  8.93000E+00  1.63598E-03
  8.94000E+00  1.63793E-03
  8.95000E+00  1.63988E-03
  8.96000E+00  1.64183E-03
  8.97000E+00  1.64378E-03
  8.98000E+00  1.64573E-03
  8.99000E+00  1.64768E-03
  9.00000E+00  1.64963E-03
  9.01000E+00  1.65158E-03
  9.02000E+00  1.65353E-03
  9.03000E+00  1.65548E-03
  9.04000E+00  1.65743E-03
  9.05000E+00  1.65938E-03
  9.06000E+00  1.66133E-03
  9.07000E+00  1.66328E-03
  9.08000E+00  1.66523E-03
  9.09000E+00  1.66719E-03
  9.10000E+00  1.66914E-03
  9.11000E+00  1.67109E-03
  9.12000E+00  1.67304E-03
  9.13000E+00  1.67499E-03
  9.14000E+00  1.67694E-03
  9.15000E+00  1.67889E-03
  9.16000E+00  1.68084E-03
  9.17000E+00  1.68279E-03
  9.18000E+00  1.68474E-03
  9.19000E+00  1.68670E-03
  9.20000E+00  1.68865E-03
  9.21000E+00  1.69060E-03
  9.22000E+00  1.69255E-03
  9.23000E+00  1.69450E-03
  9.24000E+00  1.69645E-03
  9.25000E+00  1.69841E-03
  9.26000E+00  1.70036E-03
  9.27000E+00  1.70231E-03
  9.28000E+00  1.70426E-03
  9.29000E+00  1.70621E-03
  9.30000E+00  1.70817E-03
  9.31000E+00  1.71012E-03
  9.32000E+00  1.71207E-03
  9.33000E+00  1.71402E-03
  9.34000E+00  1.71597E-03
  9.35000E+00  1.71793E-03
  9.36000E+00  1.71988E-03
  9.37000E+00  1.72183E-03
  9.38000E+00  1.72379E-03
  9.39000E+00  1.72574E-03
  9.40000E+00  1.72769E-03
  9.41000E+00  1.72964E-03
  9.42000E+00  1.73160E-03
  9.43000E+00  1.73355E-03
  9.44000E+00  1.73550E-03
  9.45000E+00  1.73746E-03
  9.46000E+00  1.73941E-03
  9.47000E+00  1.74136E-03
  9.48000E+00  1.74332E-03
  9.49000E+00  1.74527E-03
  9.50000E+00  1.74722E-03
  9.51000E+00  1.74918E-03
  9.52000E+00  1.75113E-03
  9.53000E+00  1.75308E-03
  9.54000E+00  1.75504E-03
  9.55000E+00  1.75699E-03
  9.56000E+00  1.75895E-03
  9.57000E+00  1.76090E-03
  9.58000E+00  1.76285E-03
  9.59000E+00  1.76481E-03
  9.60000E+00  1.76676E-03
  9.61000E+00  1.76872E-03
  9.62000E+00  1.77067E-03
  9.63000E+00  1.77263E-03
  9.64000E+00  1.77458E-03
  9.65000E+00  1.77653E-03
  9.66000E+00  1.77849E-03
  9.67000E+00  1.78044E-03
  9.68000E+00  1.78240E-03
  9.69000E+00  1.78435E-03
  9.70000E+00  1.78631E-03
  9.71000E+00  1.78826E-03
  9.72000E+00  1.79022E-03
  9.73000E+00  1.79217E-03
  9.74000E+00  1.79413E-03
  9.75000E+00  1.79608E-03
  9.76000E+00  1.79804E-03
  9.77000E+00  1.79999E-03
  9.78000E+00  1.80195E-03
  9.79000E+00  1.80390E-03
  9.80000E+00  1.80586E-03
  9.81000E+00  1.80782E-03
  9.82000E+00  1.80977E-03
  9.83000E+00  1.81173E-03
  9.84000E+00  1.81368E-03
  9.85000E+00  1.81564E-03
  9.86000E+00  1.81759E-03
  9.87000E+00  1.81955E-03
  9.88000E+00  1.82151E-03
  9.89000E+00  1.82346E-03
  9.90000E+00  1.82542E-03
  9.91000E+00  1.82738E-03
  9.92000E+00  1.82933E-03
  9.93000E+00  1.83129E-03
  9.94000E+00  1.83324E-03
  9.95000E+00  1.83520E-03
  9.96000E+00  1.83716E-03
  9.97000E+00  1.83911E-03
  9.98000E+00  1.84107E-03
  9.99000E+00  1.84303E-03
  1.00000E+01  1.84498E-03
  1.00100E+01  1.84694E-03
  1.00200E+01  1.84890E-03
  1.00300E+01  1.85085E-03
  1.00400E+01  1.85281E-03
  1.00500E+01  1.85477E-03
  1.00600E+01  1.85673E-03
  1.00700E+01  1.85868E-03
  1.00800E+01  1.86064E-03
  1.00900E+01  1.86260E-03
  1.01000E+01  1.86456E-03
  1.01100E+01  1.86651E-03
  1.01200E+01  1.86847E-03
  1.01300E+01  1.87043E-03
  1.01400E+01  1.87239E-03
  1.01500E+01  1.87434E-03
  1.01600E+01  1.87630E-03
  1.01700E+01  1.87826E-03
  1.01800E+01  1.88022E-03
  1.01900E+01  1.88218E-03
  1.02000E+01  1.88413E-03
  1.02100E+01  1.88609E-03
  1.02200E+01  1.88805E-03
  1.02300E+01  1.89001E-03
  1.02400E+01  1.89197E-03
  1.02500E+01  1.89392E-03
  1.02600E+01  1.89588E-03
  1.02700E+01  1.89784E-03
  1.02800E+01  1.89980E-03
  1.02900E+01  1.90176E-03
  1.03000E+01  1.90372E-03
  1.03100E+01  1.90568E-03
  1.03200E+01  1.90763E-03
  1.03300E+01  1.90959E-03
  1.03400E+01  1.91155E-03
  1.03500E+01  1.91351E-03
  1.03600E+01  1.91547E-03
  1.03700E+01  1.91743E-03
  1.03800E+01  1.91939E-03
  1.03900E+01  1.92135E-03
  1.04000E+01  1.92331E-03
  1.04100E+01  1.92527E-03
  1.04200E+01  1.92722E-03
  1.04300E+01  1.92918E-03
  1.04400E+01  1.93114E-03
  1.04500E+01  1.93310E-03
  1.04600E+01  1.93506E-03
  1.04700E+01  1.93702E-03
  1.04800E+01  1.93898E-03
  1.04900E+01  1.94094E-03
  1.05000E+01  1.94290E-03
  1.05100E+01  1.94486E-03
  1.05200E+01  1.94682E-03
  1.05300E+01  1.94878E-03
  1.05400E+01  1.95074E-03
  1.05500E+01  1.95270E-03
  1.05600E+01  1.95466E-03
  1.05700E+01  1.95662E-03
  1.05800E+01  1.95858E-03
  1.05900E+01  1.96054E-03
  1.06000E+01  1.96250E-03
  1.06100E+01  1.96446E-03
  1.06200E+01  1.96642E-03
  1.06300E+01  1.96838E-03
  1.06400E+01  1.97035E-03
  1.06500E+01  1.97231E-03
  1.06600E+01  1.97427E-03
  1.06700E+01  1.97623E-03
  1.06800E+01  1.97819E-03
  1.06900E+01  1.98015E-03
  1.07000E+01  1.98211E-03
  1.07100E+01  1.98407E-03
  1.07200E+01  1.98603E-03
  1.07300E+01  1.98799E-03
  1.07400E+01  1.98995E-03
  1.07500E+01  1.99192E-03
  1.07600E+01  1.99388E-03
  1.07700E+01  1.99584E-03
  1.07800E+01  1.99780E-03
  1.07900E+01  1.99976E-03
  1.08000E+01  2.00172E-03
  1.08100E+01  2.00368E-03
  1.08200E+01  2.00565E-03
  1.08300E+01  2.00761E-03
  1.08400E+01  2.00957E-03
  1.08500E+01  2.01153E-03
  1.08600E+01  2.01349E-03
  1.08700E+01  2.01545E-03
  1.08800E+01  2.01742E-03
  1.08900E+01  2.01938E-03
  1.09000E+01  2.02134E-03
  1.09100E+01  2.02330E-03
  1.09200E+01  2.02527E-03
  1.09300E+01  2.02723E-03
  1.09400E+01  2.02919E-03
  1.09500E+01  2.03115E-03
  1.09600E+01  2.03311E-03
  1.09700E+01  2.03508E-03
  1.09800E+01  2.03704E-03
  1.09900E+01  2.03900E-03
  1.10000E+01  2.04096E-03
  1.10100E+01  2.04293E-03
  1.10200E+01  2.04489E-03
  1.10300E+01  2.04685E-03
  1.10400E+01  2.04882E-03
  1.10500E+01  2.05078E-03
  1.10600E+01  2.05274E-03
  1.10700E+01  2.05470E-03
  1.10800E+01  2.05667E-03
  1.10900E+01  2.05863E-03
  1.11000E+01  2.06059E-03
  1.11100E+01  2.06256E-03
  1.11200E+01  2.06452E-03
  1.11300E+01  2.06648E-03
  1.11400E+01  2.06845E-03
  1.11500E+01  2.07041E-03
  1.11600E+01  2.07237E-03
  1.11700E+01  2.07434E-03
  1.11800E+01  2.07630E-03
  1.11900E+01  2.07826E-03
  1.12000E+01  2.08023E-03
  1.12100E+01  2.08219E-03
  1.12200E+01  2.08416E-03
  1.12300E+01  2.08612E-03
  1.12400E+01  2.08808E-03
  1.12500E+01  2.09005E-03
  1.12600E+01  2.09201E-03
  1.12700E+01  2.09397E-03
  1.12800E+01  2.09594E-03
  1.12900E+01  2.09790E-03
  1.13000E+01  2.09987E-03
  1.13100E+01  2.10183E-03
  1.13200E+01  2.10380E-03
  1.13300E+01  2.10576E-03
  1.13400E+01  2.10772E-03
  1.13500E+01  2.10969E-03
  1.13600E+01  2.11165E-03
  1.13700E+01  2.11362E-03
  1.13800E+01  2.11558E-03
  1.13900E+01  2.11755E-03
  1.14000E+01  2.11951E-03
  1.14100E+01  2.12148E-03
  1.14200E+01  2.12344E-03
  1.14300E+01  2.12541E-03
  1.14400E+01  2.12737E-03
  1.14500E+01  2.12934E-03
  1.14600E+01  2.13130E-03
  1.14700E+01  2.13327E-03
  1.14800E+01  2.13523E-03
  1.14900E+01  2.13720E-03
  1.15000E+01  2.13916E-03
  1.15100E+01  2.14113E-03
  1.15200E+01  2.14309E-03
  1.15300E+01  2.14506E-03
  1.15400E+01  2.14702E-03
  1.15500E+01  2.14899E-03
  1.15600E+01  2.15095E-03
  1.15700E+01  2.15292E-03
  1.15800E+01  2.15488E-03
  1.15900E+01  2.15685E-03
  1.16000E+01  2.15882E-03
  1.16100E+01  2.16078E-03
  1.16200E+01  2.16275E-03
  1.16300E+01  2.16471E-03
  1.16400E+01  2.16668E-03
  1.16500E+01  2.16865E-03
  1.16600E+01  2.17061E-03
  1.16700E+01  2.17258E-03
  1.16800E+01  2.17454E-03
  1.16900E+01  2.17651E-03
  1.17000E+01  2.17848E-03
  1.17100E+01  2.18044E-03
  1.17200E+01  2.18241E-03
  1.17300E+01  2.18437E-03
  1.17400E+01  2.18634E-03
  1.17500E+01  2.18831E-03
  1.17600E+01  2.19027E-03
  1.17700E+01  2.19224E-03
  1.17800E+01  2.19421E-03
  1.17900E+01  2.19617E-03
  1.18000E+01  2.19814E-03
  1.18100E+01  2.20011E-03
  1.18200E+01  2.20207E-03
  1.18300E+01  2.20404E-03
  1.18400E+01  2.20601E-03
  1.18500E+01  2.20797E-03
  1.18600E+01  2.20994E-03
  1.18700E+01  2.21191E-03
  1.18800E+01  2.21388E-03
  1.18900E+01  2.21584E-03
  1.19000E+01  2.21781E-03
  1.19100E+01  2.21978E-03
  1.19200E+01  2.22174E-03
  1.19300E+01  2.22371E-03
  1.19400E+01  2.22568E-03
  1.19500E+01  2.22765E-03
  1.19600E+01  2.22961E-03
  1.19700E+01  2.23158E-03
  1.19800E+01  2.23355E-03
  1.19900E+01  2.23552E-03
  1.20000E+01  2.23748E-03
  1.20100E+01  2.23945E-03
  1.20200E+01  2.24142E-03
  1.20300E+01  2.24339E-03
  1.20400E+01  2.24536E-03
  1.20500E+01  2.24732E-03
  1.20600E+01  2.24929E-03
  1.20700E+01  2.25126E-03
  1.20800E+01  2.25323E-03
  1.20900E+01  2.25519E-03
  1.21000E+01  2.25716E-03
  1.21100E+01  2.25913E-03
  1.21200E+01  2.26110E-03
  1.21300E+01  2.26307E-03
  1.21400E+01  2.26504E-03
  1.21500E+01  2.26700E-03
  1.21600E+01  2.26897E-03
  1.21700E+01  2.27094E-03
  1.21800E+01  2.27291E-03
  1.21900E+01  2.27488E-03
  1.22000E+01  2.27685E-03
  1.22100E+01  2.27881E-03
  1.22200E+01  2.28078E-03
  1.22300E+01  2.28275E-03
  1.22400E+01  2.28472E-03
  1.22500E+01  2.28669E-03
  1.22600E+01  2.28866E-03
  1.22700E+01  2.29063E-03
  1.22800E+01  2.29260E-03
  1.22900E+01  2.29457E-03
  1.23000E+01  2.29653E-03
  1.23100E+01  2.29850E-03
  1.23200E+01  2.30047E-03
  1.23300E+01  2.30244E-03
  1.23400E+01  2.30441E-03
  1.23500E+01  2.30638E-03
  1.23600E+01  2.30835E-03
  1.23700E+01  2.31032E-03
  1.23800E+01  2.31229E-03
  1.23900E+01  2.31426E-03
  1.24000E+01  2.31623E-03
  1.24100E+01  2.31820E-03
  1.24200E+01  2.32017E-03
  1.24300E+01  2.32214E-03
  1.24400E+01  2.32410E-03
  1.24500E+01  2.32607E-03
  1.24600E+01  2.32804E-03
  1.24700E+01  2.33001E-03
  1.24800E+01  2.33198E-03
  1.24900E+01  2.33395E-03
  1.25000E+01  2.33592E-03
  1.25100E+01  2.33789E-03
  1.25200E+01  2.33986E-03
  1.25300E+01  2.34183E-03
  1.25400E+01  2.34380E-03
  1.25500E+01  2.34577E-03
  1.25600E+01  2.34774E-03
  1.25700E+01  2.34971E-03
  1.25800E+01  2.35168E-03
  1.25900E+01  2.35365E-03
  1.26000E+01  2.35562E-03
  1.26100E+01  2.35760E-03
  1.26200E+01  2.35957E-03
  1.26300E+01  2.36154E-03
  1.26400E+01  2.36351E-03
  1.26500E+01  2.36548E-03
  1.26600E+01  2.36745E-03
  1.26700E+01  2.36942E-03
  1.26800E+01  2.37139E-03
  1.26900E+01  2.37336E-03
  1.27000E+01  2.37533E-03
  1.27100E+01  2.37730E-03
  1.27200E+01  2.37927E-03
  1.27300E+01  2.38124E-03
  1.27400E+01  2.38321E-03
  1.27500E+01  2.38518E-03
  1.27600E+01  2.38716E-03
  1.27700E+01  2.38913E-03
  1.27800E+01  2.39110E-03
  1.27900E+01  2.39307E-03
  1.28000E+01  2.39504E-03
  1.28100E+01  2.39701E-03
  1.28200E+01  2.39898E-03
  1.28300E+01  2.40095E-03
  1.28400E+01  2.40293E-03
  1.28500E+01  2.40490E-03
  1.28600E+01  2.40687E-03
  1.28700E+01  2.40884E-03
  1.28800E+01  2.41081E-03
  1.28900E+01  2.41278E-03
  1.29000E+01  2.41475E-03
  1.29100E+01  2.41673E-03
  1.29200E+01  2.41870E-03
  1.29300E+01  2.42067E-03
  1.29400E+01  2.42264E-03
  1.29500E+01  2.42461E-03
  1.29600E+01  2.42658E-03
  1.29700E+01  2.42856E-03
  1.29800E+01  2.43053E-03
  1.29900E+01  2.43250E-03
  1.30000E+01  2.43447E-03
  1.30100E+01  2.43644E-03
  1.30200E+01  2.43842E-03
  1.30300E+01  2.44039E-03
  1.30400E+01  2.44236E-03
  1.30500E+01  2.44433E-03
  1.30600E+01  2.44631E-03
  1.30700E+01  2.44828E-03
  1.30800E+01  2.45025E-03
  1.30900E+01  2.45222E-03
  1.31000E+01  2.45420E-03
  1.31100E+01  2.45617E-03
  1.31200E+01  2.45814E-03
  1.31300E+01  2.46011E-03
  1.31400E+01  2.46209E-03
  1.31500E+01  2.46406E-03
  1.31600E+01  2.46603E-03
  1.31700E+01  2.46800E-03
  1.31800E+01  2.46998E-03
  1.31900E+01  2.47195E-03
  1.32000E+01  2.47392E-03
  1.32100E+01  2.47589E-03
  1.32200E+01  2.47787E-03
  1.32300E+01  2.47984E-03
  1.32400E+01  2.48181E-03
  1.32500E+01  2.48379E-03
  1.32600E+01  2.48576E-03
  1.32700E+01  2.48773E-03
  1.32800E+01  2.48971E-03
  1.32900E+01  2.49168E-03
  1.33000E+01  2.49365E-03
  1.33100E+01  2.49563E-03
  1.33200E+01  2.49760E-03
  1.33300E+01  2.49957E-03
  1.33400E+01  2.50155E-03
  1.33500E+01  2.50352E-03
  1.33600E+01  2.50549E-03
  1.33700E+01  2.50747E-03
  1.33800E+01  2.50944E-03
  1.33900E+01  2.51141E-03
  1.34000E+01  2.51339E-03
  1.34100E+01  2.51536E-03
  1.34200E+01  2.51733E-03
  1.34300E+01  2.51931E-03
  1.34400E+01  2.52128E-03
  1.34500E+01  2.52326E-03
  1.34600E+01  2.52523E-03
  1.34700E+01  2.52720E-03
  1.34800E+01  2.52918E-03
  1.34900E+01  2.53115E-03
  1.35000E+01  2.53312E-03
  1.35100E+01  2.53510E-03
  1.35200E+01  2.53707E-03
  1.35300E+01  2.53905E-03
  1.35400E+01  2.54102E-03
  1.35500E+01  2.54300E-03
  1.35600E+01  2.54497E-03
  1.35700E+01  2.54694E-03
  1.35800E+01  2.54892E-03
  1.35900E+01  2.55089E-03
  1.36000E+01  2.55287E-03
  1.36100E+01  2.55484E-03
  1.36200E+01  2.55682E-03
  1.36300E+01  2.55879E-03
  1.36400E+01  2.56077E-03
  1.36500E+01  2.56274E-03
  1.36600E+01  2.56471E-03
  1.36700E+01  2.56669E-03
  1.36800E+01  2.56866E-03
  1.36900E+01  2.57064E-03
  1.37000E+01  2.57261E-03
  1.37100E+01  2.57459E-03
  1.37200E+01  2.57656E-03
  1.37300E+01  2.57854E-03
  1.37400E+01  2.58051E-03
  1.37500E+01  2.58249E-03
  1.37600E+01  2.58446E-03
  1.37700E+01  2.58644E-03
  1.37800E+01  2.58841E-03
  1.37900E+01  2.59039E-03
  1.38000E+01  2.59236E-03
  1.38100E+01  2.59434E-03
  1.38200E+01  2.59631E-03
  1.38300E+01  2.59829E-03
  1.38400E+01  2.60026E-03
  1.38500E+01  2.60224E-03
  1.38600E+01  2.60421E-03
  1.38700E+01  2.60619E-03
  1.38800E+01  2.60817E-03
  1.38900E+01  2.61014E-03
  1.39000E+01  2.61212E-03
  1.39100E+01  2.61409E-03
  1.39200E+01  2.61607E-03
  1.39300E+01  2.61804E-03
  1.39400E+01  2.62002E-03
  1.39500E+01  2.62199E-03
  1.39600E+01  2.62397E-03
  1.39700E+01  2.62595E-03
  1.39800E+01  2.62792E-03
  1.39900E+01  2.62990E-03
  1.40000E+01  2.63187E-03
  1.40100E+01  2.63385E-03
  1.40200E+01  2.63583E-03
  1.40300E+01  2.63780E-03
  1.40400E+01  2.63978E-03
  1.40500E+01  2.64175E-03
  1.40600E+01  2.64373E-03
  1.40700E+01  2.64571E-03
  1.40800E+01  2.64768E-03
  1.40900E+01  2.64966E-03
  1.41000E+01  2.65163E-03
  1.41100E+01  2.65361E-03
  1.41200E+01  2.65559E-03
  1.41300E+01  2.65756E-03
  1.41400E+01  2.65954E-03
  1.41500E+01  2.66152E-03
  1.41600E+01  2.66349E-03
  1.41700E+01  2.66547E-03
  1.41800E+01  2.66745E-03
  1.41900E+01  2.66942E-03
  1.42000E+01  2.67140E-03
  1.42100E+01  2.67338E-03
  1.42200E+01  2.67535E-03
  1.42300E+01  2.67733E-03
  1.42400E+01  2.67931E-03
  1.42500E+01  2.68128E-03
  1.42600E+01  2.68326E-03
  1.42700E+01  2.68524E-03
  1.42800E+01  2.68721E-03
  1.42900E+01  2.68919E-03
  1.43000E+01  2.69117E-03
  1.43100E+01  2.69314E-03
  1.43200E+01  2.69512E-03
  1.43300E+01  2.69710E-03
  1.43400E+01  2.69908E-03
  1.43500E+01  2.70105E-03
  1.43600E+01  2.70303E-03
  1.43700E+01  2.70501E-03
  1.43800E+01  2.70698E-03
  1.43900E+01  2.70896E-03
  1.44000E+01  2.71094E-03
  1.44100E+01  2.71292E-03
  1.44200E+01  2.71489E-03
  1.44300E+01  2.71687E-03
  1.44400E+01  2.71885E-03
  1.44500E+01  2.72083E-03
  1.44600E+01  2.72280E-03
  1.44700E+01  2.72478E-03
  1.44800E+01  2.72676E-03
  1.44900E+01  2.72874E-03
  1.45000E+01  2.73071E-03
  1.45100E+01  2.73269E-03
  1.45200E+01  2.73467E-03
  1.45300E+01  2.73665E-03
  1.45400E+01  2.73862E-03
  1.45500E+01  2.74060E-03
  1.45600E+01  2.74258E-03
  1.45700E+01  2.74456E-03
  1.45800E+01  2.74654E-03
  1.45900E+01  2.74851E-03
  1.46000E+01  2.75049E-03
  1.46100E+01  2.75247E-03
  1.46200E+01  2.75445E-03
  1.46300E+01  2.75643E-03
  1.46400E+01  2.75840E-03
  1.46500E+01  2.76038E-03
  1.46600E+01  2.76236E-03
  1.46700E+01  2.76434E-03
  1.46800E+01  2.76632E-03
  1.46900E+01  2.76830E-03
  1.47000E+01  2.77027E-03
  1.47100E+01  2.77225E-03
  1.47200E+01  2.77423E-03
  1.47300E+01  2.77621E-03
  1.47400E+01  2.77819E-03
  1.47500E+01  2.78017E-03
  1.47600E+01  2.78214E-03
  1.47700E+01  2.78412E-03
  1.47800E+01  2.78610E-03
  1.47900E+01  2.78808E-03
  1.48000E+01  2.79006E-03
  1.48100E+01  2.79204E-03
  1.48200E+01  2.79402E-03
  1.48300E+01  2.79600E-03
  1.48400E+01  2.79797E-03
  1.48500E+01  2.79995E-03
  1.48600E+01  2.80193E-03
  1.48700E+01  2.80391E-03
  1.48800E+01  2.80589E-03
  1.48900E+01  2.80787E-03
  1.49000E+01  2.80985E-03
  1.49100E+01  2.81183E-03
  1.49200E+01  2.81381E-03
  1.49300E+01  2.81579E-03
  1.49400E+01  2.81776E-03
  1.49500E+01  2.81974E-03
  1.49600E+01  2.82172E-03
  1.49700E+01  2.82370E-03
  1.49800E+01  2.82568E-03
  1.49900E+01  2.82766E-03
  1.50000E+01  2.82964E-03
  1.50100E+01  2.83162E-03
  1.50200E+01  2.83360E-03
  1.50300E+01  2.83558E-03
  1.50400E+01  2.83756E-03
  1.50500E+01  2.83954E-03
  1.50600E+01  2.84152E-03
  1.50700E+01  2.84350E-03
  1.50800E+01  2.84548E-03
  1.50900E+01  2.84746E-03
  1.51000E+01  2.84944E-03
  1.51100E+01  2.85141E-03
  1.51200E+01  2.85339E-03
  1.51300E+01  2.85537E-03
  1.51400E+01  2.85735E-03
  1.51500E+01  2.85933E-03
  1.51600E+01  2.86131E-03
  1.51700E+01  2.86329E-03
  1.51800E+01  2.86527E-03
  1.51900E+01  2.86725E-03
  1.52000E+01  2.86923E-03
  1.52100E+01  2.87121E-03
  1.52200E+01  2.87319E-03
  1.52300E+01  2.87517E-03
  1.52400E+01  2.87715E-03
  1.52500E+01  2.87913E-03
  1.52600E+01  2.88111E-03
  1.52700E+01  2.88309E-03
  1.52800E+01  2.88507E-03
  1.52900E+01  2.88705E-03
  1.53000E+01  2.88903E-03
  1.53100E+01  2.89102E-03
  1.53200E+01  2.89300E-03
  1.53300E+01  2.89498E-03
  1.53400E+01  2.89696E-03
  1.53500E+01  2.89894E-03
  1.53600E+01  2.90092E-03
  1.53700E+01  2.90290E-03
  1.53800E+01  2.90488E-03
  1.53900E+01  2.90686E-03
  1.54000E+01  2.90884E-03
  1.54100E+01  2.91082E-03
  1.54200E+01  2.91280E-03
  1.54300E+01  2.91478E-03
  1.54400E+01  2.91676E-03
  1.54500E+01  2.91874E-03
  1.54600E+01  2.92072E-03
  1.54700E+01  2.92270E-03
  1.54800E+01  2.92469E-03
  1.54900E+01  2.92667E-03
  1.55000E+01  2.92865E-03
  1.55100E+01  2.93063E-03
  1.55200E+01  2.93261E-03
  1.55300E+01  2.93459E-03
  1.55400E+01  2.93657E-03
  1.55500E+01  2.93855E-03
  1.55600E+01  2.94053E-03
  1.55700E+01  2.94251E-03
  1.55800E+01  2.94450E-03
  1.55900E+01  2.94648E-03
  1.56000E+01  2.94846E-03
  1.56100E+01  2.95044E-03
  1.56200E+01  2.95242E-03
  1.56300E+01  2.95440E-03
  1.56400E+01  2.95638E-03
  1.56500E+01  2.95837E-03
  1.56600E+01  2.96035E-03
  1.56700E+01  2.96233E-03
  1.56800E+01  2.96431E-03
  1.56900E+01  2.96629E-03
  1.57000E+01  2.96827E-03
  1.57100E+01  2.97025E-03
  1.57200E+01  2.97224E-03
  1.57300E+01  2.97422E-03
  1.57400E+01  2.97620E-03
  1.57500E+01  2.97818E-03
  1.57600E+01  2.98016E-03
  1.57700E+01  2.98214E-03
  1.57800E+01  2.98413E-03
  1.57900E+01  2.98611E-03
  1.58000E+01  2.98809E-03
  1.58100E+01  2.99007E-03
  1.58200E+01  2.99205E-03
  1.58300E+01  2.99404E-03
  1.58400E+01  2.99602E-03
  1.58500E+01  2.99800E-03
  1.58600E+01  2.99998E-03
  1.58700E+01  3.00196E-03
  1.58800E+01  3.00395E-03
  1.58900E+01  3.00593E-03
  1.59000E+01  3.00791E-03
  1.59100E+01  3.00989E-03
  1.59200E+01  3.01187E-03
  1.59300E+01  3.01386E-03
  1.59400E+01  3.01584E-03
  1.59500E+01  3.01782E-03
  1.59600E+01  3.01980E-03
  1.59700E+01  3.02179E-03
  1.59800E+01  3.02377E-03
  1.59900E+01  3.02575E-03
  1.60000E+01  3.02773E-03
  1.60100E+01  3.02971E-03
  1.60200E+01  3.03170E-03
  1.60300E+01  3.03368E-03
  1.60400E+01  3.03566E-03
  1.60500E+01  3.03764E-03
  1.60600E+01  3.03963E-03
  1.60700E+01  3.04161E-03
  1.60800E+01  3.04359E-03
  1.60900E+01  3.04558E-03
  1.61000E+01  3.04756E-03
  1.61100E+01  3.04954E-03
  1.61200E+01  3.05152E-03
  1.61300E+01  3.05351E-03
  1.61400E+01  3.05549E-03
  1.61500E+01  3.05747E-03
  1.61600E+01  3.05945E-03
  1.61700E+01  3.06144E-03
  1.61800E+01  3.06342E-03
  1.61900E+01  3.06540E-03
  1.62000E+01  3.06739E-03
  1.62100E+01  3.06937E-03
  1.62200E+01  3.07135E-03
  1.62300E+01  3.07334E-03
  1.62400E+01  3.07532E-03
  1.62500E+01  3.07730E-03
  1.62600E+01  3.07929E-03
  1.62700E+01  3.08127E-03
  1.62800E+01  3.08325E-03
  1.62900E+01  3.08524E-03
  1.63000E+01  3.08722E-03
  1.63100E+01  3.08920E-03
  1.63200E+01  3.09118E-03
  1.63300E+01  3.09317E-03
  1.63400E+01  3.09515E-03
  1.63500E+01  3.09714E-03
  1.63600E+01  3.09912E-03
  1.63700E+01  3.10110E-03
  1.63800E+01  3.10309E-03
  1.63900E+01  3.10507E-03
  1.64000E+01  3.10705E-03
  1.64100E+01  3.10904E-03
  1.64200E+01  3.11102E-03
  1.64300E+01  3.11300E-03
  1.64400E+01  3.11499E-03
  1.64500E+01  3.11697E-03
  1.64600E+01  3.11895E-03
  1.64700E+01  3.12094E-03
  1.64800E+01  3.12292E-03
  1.64900E+01  3.12491E-03
  1.65000E+01  3.12689E-03
  1.65100E+01  3.12887E-03
  1.65200E+01  3.13086E-03
  1.65300E+01  3.13284E-03
  1.65400E+01  3.13483E-03
  1.65500E+01  3.13681E-03
  1.65600E+01  3.13879E-03
  1.65700E+01  3.14078E-03
  1.65800E+01  3.14276E-03
  1.65900E+01  3.14475E-03
  1.66000E+01  3.14673E-03
  1.66100E+01  3.14871E-03
  1.66200E+01  3.15070E-03
  1.66300E+01  3.15268E-03
  1.66400E+01  3.15467E-03
  1.66500E+01  3.15665E-03
  1.66600E+01  3.15864E-03
  1.66700E+01  3.16062E-03
  1.66800E+01  3.16260E-03
  1.66900E+01  3.16459E-03
  1.67000E+01  3.16657E-03
  1.67100E+01  3.16856E-03
  1.67200E+01  3.17054E-03
  1.67300E+01  3.17253E-03
  1.67400E+01  3.17451E-03
  1.67500E+01  3.17650E-03
  1.67600E+01  3.17848E-03
  1.67700E+01  3.18046E-03
  1.67800E+01  3.18245E-03
  1.67900E+01  3.18443E-03
  1.68000E+01  3.18642E-03
  1.68100E+01  3.18840E-03
  1.68200E+01  3.19039E-03
  1.68300E+01  3.19237E-03
  1.68400E+01  3.19436E-03
  1.68500E+01  3.19634E-03
  1.68600E+01  3.19833E-03
  1.68700E+01  3.20031E-03
  1.68800E+01  3.20230E-03
  1.68900E+01  3.20428E-03
  1.69000E+01  3.20627E-03
  1.69100E+01  3.20825E-03
  1.69200E+01  3.21024E-03
  1.69300E+01  3.21222E-03
  1.69400E+01  3.21421E-03
  1.69500E+01  3.21619E-03
  1.69600E+01  3.21818E-03
  1.69700E+01  3.22016E-03
  1.69800E+01  3.22215E-03
  1.69900E+01  3.22413E-03
  1.70000E+01  3.22612E-03
  1.70100E+01  3.22810E-03
  1.70200E+01  3.23009E-03
  1.70300E+01  3.23207E-03
  1.70400E+01  3.23406E-03
  1.70500E+01  3.23604E-03
  1.70600E+01  3.23803E-03
  1.70700E+01  3.24001E-03
  1.70800E+01  3.24200E-03
  1.70900E+01  3.24399E-03
  1.71000E+01  3.24597E-03
  1.71100E+01  3.24796E-03
  1.71200E+01  3.24994E-03
  1.71300E+01  3.25193E-03
  1.71400E+01  3.25391E-03
  1.71500E+01  3.25590E-03
  1.71600E+01  3.25788E-03
  1.71700E+01  3.25987E-03
  1.71800E+01  3.26186E-03
  1.71900E+01  3.26384E-03
  1.72000E+01  3.26583E-03
  1.72100E+01  3.26781E-03
  1.72200E+01  3.26980E-03
  1.72300E+01  3.27178E-03
  1.72400E+01  3.27377E-03
  1.72500E+01  3.27576E-03
  1.72600E+01  3.27774E-03
  1.72700E+01  3.27973E-03
  1.72800E+01  3.28171E-03
  1.72900E+01  3.28370E-03
  1.73000E+01  3.28569E-03
  1.73100E+01  3.28767E-03
  1.73200E+01  3.28966E-03
  1.73300E+01  3.29164E-03
  1.73400E+01  3.29363E-03
  1.73500E+01  3.29562E-03
  1.73600E+01  3.29760E-03
  1.73700E+01  3.29959E-03
  1.73800E+01  3.30157E-03
  1.73900E+01  3.30356E-03
  1.74000E+01  3.30555E-03
  1.74100E+01  3.30753E-03
  1.74200E+01  3.30952E-03
  1.74300E+01  3.31151E-03
  1.74400E+01  3.31349E-03
  1.74500E+01  3.31548E-03
  1.74600E+01  3.31746E-03
  1.74700E+01  3.31945E-03
  1.74800E+01  3.32144E-03
  1.74900E+01  3.32342E-03
  1.75000E+01  3.32541E-03
  1.75100E+01  3.32740E-03
  1.75200E+01  3.32938E-03
  1.75300E+01  3.33137E-03
  1.75400E+01  3.33336E-03
  1.75500E+01  3.33534E-03
  1.75600E+01  3.33733E-03
  1.75700E+01  3.33932E-03
  1.75800E+01  3.34130E-03
  1.75900E+01  3.34329E-03
  1.76000E+01  3.34528E-03
  1.76100E+01  3.34726E-03
  1.76200E+01  3.34925E-03
  1.76300E+01  3.35124E-03
  1.76400E+01  3.35322E-03
  1.76500E+01  3.35521E-03
  1.76600E+01  3.35720E-03
  1.76700E+01  3.35918E-03
  1.76800E+01  3.36117E-03
  1.76900E+01  3.36316E-03
  1.77000E+01  3.36514E-03
  1.77100E+01  3.36713E-03
  1.77200E+01  3.36912E-03
  1.77300E+01  3.37111E-03
  1.77400E+01  3.37309E-03
  1.77500E+01  3.37508E-03
  1.77600E+01  3.37707E-03
  1.77700E+01  3.37905E-03
  1.77800E+01  3.38104E-03
  1.77900E+01  3.38303E-03
  1.78000E+01  3.38502E-03
  1.78100E+01  3.38700E-03
  1.78200E+01  3.38899E-03
  1.78300E+01  3.39098E-03
  1.78400E+01  3.39297E-03
  1.78500E+01  3.39495E-03
  1.78600E+01  3.39694E-03
  1.78700E+01  3.39893E-03
  1.78800E+01  3.40091E-03
  1.78900E+01  3.40290E-03
  1.79000E+01  3.40489E-03
  1.79100E+01  3.40688E-03
  1.79200E+01  3.40886E-03
  1.79300E+01  3.41085E-03
  1.79400E+01  3.41284E-03
  1.79500E+01  3.41483E-03
  1.79600E+01  3.41682E-03
  1.79700E+01  3.41880E-03
  1.79800E+01  3.42079E-03
  1.79900E+01  3.42278E-03
  1.80000E+01  3.42477E-03
  1.80100E+01  3.42675E-03
  1.80200E+01  3.42874E-03
  1.80300E+01  3.43073E-03
  1.80400E+01  3.43272E-03
  1.80500E+01  3.43470E-03
  1.80600E+01  3.43669E-03
  1.80700E+01  3.43868E-03
  1.80800E+01  3.44067E-03
  1.80900E+01  3.44266E-03
  1.81000E+01  3.44464E-03
  1.81100E+01  3.44663E-03
  1.81200E+01  3.44862E-03
  1.81300E+01  3.45061E-03
  1.81400E+01  3.45260E-03
  1.81500E+01  3.45458E-03
  1.81600E+01  3.45657E-03
  1.81700E+01  3.45856E-03
  1.81800E+01  3.46055E-03
  1.81900E+01  3.46254E-03
  1.82000E+01  3.46453E-03
  1.82100E+01  3.46651E-03
  1.82200E+01  3.46850E-03
  1.82300E+01  3.47049E-03
  1.82400E+01  3.47248E-03
  1.82500E+01  3.47447E-03
  1.82600E+01  3.47645E-03
  1.82700E+01  3.47844E-03
  1.82800E+01  3.48043E-03
  1.82900E+01  3.48242E-03
  1.83000E+01  3.48441E-03
  1.83100E+01  3.48640E-03
  1.83200E+01  3.48839E-03
  1.83300E+01  3.49037E-03
  1.83400E+01  3.49236E-03
  1.83500E+01  3.49435E-03
  1.83600E+01  3.49634E-03
  1.83700E+01  3.49833E-03
  1.83800E+01  3.50032E-03
  1.83900E+01  3.50231E-03
  1.84000E+01  3.50429E-03
  1.84100E+01  3.50628E-03
  1.84200E+01  3.50827E-03
  1.84300E+01  3.51026E-03
  1.84400E+01  3.51225E-03
  1.84500E+01  3.51424E-03
  1.84600E+01  3.51623E-03
  1.84700E+01  3.51822E-03
  1.84800E+01  3.52020E-03
  1.84900E+01  3.52219E-03
  1.85000E+01  3.52418E-03
  1.85100E+01  3.52617E-03
  1.85200E+01  3.52816E-03
  1.85300E+01  3.53015E-03
  1.85400E+01  3.53214E-03
  1.85500E+01  3.53413E-03
  1.85600E+01  3.53612E-03
  1.85700E+01  3.53810E-03
  1.85800E+01  3.54009E-03
  1.85900E+01  3.54208E-03
  1.86000E+01  3.54407E-03
  1.86100E+01  3.54606E-03
  1.86200E+01  3.54805E-03
  1.86300E+01  3.55004E-03
  1.86400E+01  3.55203E-03
  1.86500E+01  3.55402E-03
  1.86600E+01  3.55601E-03
  1.86700E+01  3.55800E-03
  1.86800E+01  3.55999E-03
  1.86900E+01  3.56197E-03
  1.87000E+01  3.56396E-03
  1.87100E+01  3.56595E-03
  1.87200E+01  3.56794E-03
  1.87300E+01  3.56993E-03
  1.87400E+01  3.57192E-03
  1.87500E+01  3.57391E-03
  1.87600E+01  3.57590E-03
  1.87700E+01  3.57789E-03
  1.87800E+01  3.57988E-03
  1.87900E+01  3.58187E-03
  1.88000E+01  3.58386E-03
  1.88100E+01  3.58585E-03
  1.88200E+01  3.58784E-03
  1.88300E+01  3.58983E-03
  1.88400E+01  3.59182E-03
  1.88500E+01  3.59381E-03
  1.88600E+01  3.59580E-03
  1.88700E+01  3.59779E-03
  1.88800E+01  3.59978E-03
  1.88900E+01  3.60177E-03
  1.89000E+01  3.60376E-03
  1.89100E+01  3.60575E-03
  1.89200E+01  3.60774E-03
  1.89300E+01  3.60973E-03
  1.89400E+01  3.61172E-03
  1.89500E+01  3.61371E-03
  1.89600E+01  3.61570E-03
  1.89700E+01  3.61769E-03
  1.89800E+01  3.61968E-03
  1.89900E+01  3.62167E-03
  1.90000E+01  3.62366E-03
  1.90100E+01  3.62565E-03
  1.90200E+01  3.62764E-03
  1.90300E+01  3.62963E-03
  1.90400E+01  3.63162E-03
  1.90500E+01  3.63361E-03
  1.90600E+01  3.63560E-03
  1.90700E+01  3.63759E-03
  1.90800E+01  3.63958E-03
  1.90900E+01  3.64157E-03
  1.91000E+01  3.64356E-03
  1.91100E+01  3.64555E-03
  1.91200E+01  3.64754E-03
  1.91300E+01  3.64953E-03
  1.91400E+01  3.65152E-03
  1.91500E+01  3.65351E-03
  1.91600E+01  3.65550E-03
  1.91700E+01  3.65749E-03
  1.91800E+01  3.65948E-03
  1.91900E+01  3.66147E-03
  1.92000E+01  3.66346E-03
  1.92100E+01  3.66545E-03
  1.92200E+01  3.66744E-03
  1.92300E+01  3.66943E-03
  1.92400E+01  3.67142E-03
  1.92500E+01  3.67341E-03
  1.92600E+01  3.67540E-03
  1.92700E+01  3.67739E-03
  1.92800E+01  3.67938E-03
  1.92900E+01  3.68137E-03
  1.93000E+01  3.68337E-03
  1.93100E+01  3.68536E-03
  1.93200E+01  3.68735E-03
  1.93300E+01  3.68934E-03
  1.93400E+01  3.69133E-03
  1.93500E+01  3.69332E-03
  1.93600E+01  3.69531E-03
  1.93700E+01  3.69730E-03
  1.93800E+01  3.69929E-03
  1.93900E+01  3.70128E-03
  1.94000E+01  3.70327E-03
  1.94100E+01  3.70526E-03
  1.94200E+01  3.70726E-03
  1.94300E+01  3.70925E-03
  1.94400E+01  3.71124E-03
  1.94500E+01  3.71323E-03
  1.94600E+01  3.71522E-03
  1.94700E+01  3.71721E-03
  1.94800E+01  3.71920E-03
  1.94900E+01  3.72119E-03
  1.95000E+01  3.72318E-03
  1.95100E+01  3.72517E-03
  1.95200E+01  3.72717E-03
  1.95300E+01  3.72916E-03
  1.95400E+01  3.73115E-03
  1.95500E+01  3.73314E-03
  1.95600E+01  3.73513E-03
  1.95700E+01  3.73712E-03
  1.95800E+01  3.73911E-03
  1.95900E+01  3.74110E-03
  1.96000E+01  3.74310E-03
  1.96100E+01  3.74509E-03
  1.96200E+01  3.74708E-03
  1.96300E+01  3.74907E-03
  1.96400E+01  3.75106E-03
  1.96500E+01  3.75305E-03
  1.96600E+01  3.75504E-03
  1.96700E+01  3.75703E-03
  1.96800E+01  3.75903E-03
  1.96900E+01  3.76102E-03
  1.97000E+01  3.76301E-03
  1.97100E+01  3.76500E-03
  1.97200E+01  3.76699E-03
  1.97300E+01  3.76898E-03
  1.97400E+01  3.77098E-03
  1.97500E+01  3.77297E-03
  1.97600E+01  3.77496E-03
  1.97700E+01  3.77695E-03
  1.97800E+01  3.77894E-03
  1.97900E+01  3.78093E-03
  1.98000E+01  3.78293E-03
  1.98100E+01  3.78492E-03
  1.98200E+01  3.78691E-03
  1.98300E+01  3.78890E-03
  1.98400E+01  3.79089E-03
  1.98500E+01  3.79288E-03
  1.98600E+01  3.79488E-03
  1.98700E+01  3.79687E-03
  1.98800E+01  3.79886E-03
  1.98900E+01  3.80085E-03
  1.99000E+01  3.80284E-03
  1.99100E+01  3.80484E-03
  1.99200E+01  3.80683E-03
  1.99300E+01  3.80882E-03
  1.99400E+01  3.81081E-03
  1.99500E+01  3.81280E-03
  1.99600E+01  3.81479E-03
  1.99700E+01  3.81679E-03
  1.99800E+01  3.81878E-03
  1.99900E+01  3.82077E-03
  2.00000E+01  3.82276E-03
  2.00100E+01  3.82476E-03
  2.00200E+01  3.82675E-03
  2.00300E+01  3.82874E-03
  2.00400E+01  3.83073E-03
  2.00500E+01  3.83272E-03
  2.00600E+01  3.83472E-03
  2.00700E+01  3.83671E-03
  2.00800E+01  3.83870E-03
  2.00900E+01  3.84069E-03
  2.01000E+01  3.84269E-03
  2.01100E+01  3.84468E-03
  2.01200E+01  3.84667E-03
  2.01300E+01  3.84866E-03
  2.01400E+01  3.85065E-03
  2.01500E+01  3.85265E-03
  2.01600E+01  3.85464E-03
  2.01700E+01  3.85663E-03
  2.01800E+01  3.85862E-03
  2.01900E+01  3.86062E-03
  2.02000E+01  3.86261E-03
  2.02100E+01  3.86460E-03
  2.02200E+01  3.86659E-03
  2.02300E+01  3.86859E-03
  2.02400E+01  3.87058E-03
  2.02500E+01  3.87257E-03
  2.02600E+01  3.87456E-03
  2.02700E+01  3.87656E-03
  2.02800E+01  3.87855E-03
  2.02900E+01  3.88054E-03
  2.03000E+01  3.88254E-03
  2.03100E+01  3.88453E-03
  2.03200E+01  3.88652E-03
  2.03300E+01  3.88851E-03
  2.03400E+01  3.89051E-03
  2.03500E+01  3.89250E-03
  2.03600E+01  3.89449E-03
  2.03700E+01  3.89648E-03
  2.03800E+01  3.89848E-03
  2.03900E+01  3.90047E-03
  2.04000E+01  3.90246E-03
  2.04100E+01  3.90446E-03
  2.04200E+01  3.90645E-03
  2.04300E+01  3.90844E-03
  2.04400E+01  3.91044E-03
  2.04500E+01  3.91243E-03
  2.04600E+01  3.91442E-03
  2.04700E+01  3.91641E-03
  2.04800E+01  3.91841E-03
  2.04900E+01  3.92040E-03
  2.05000E+01  3.92239E-03
  2.05100E+01  3.92439E-03
  2.05200E+01  3.92638E-03
  2.05300E+01  3.92837E-03
  2.05400E+01  3.93037E-03
  2.05500E+01  3.93236E-03
  2.05600E+01  3.93435E-03
  2.05700E+01  3.93635E-03
  2.05800E+01  3.93834E-03
  2.05900E+01  3.94033E-03
  2.06000E+01  3.94233E-03
  2.06100E+01  3.94432E-03
  2.06200E+01  3.94631E-03
  2.06300E+01  3.94831E-03
  2.06400E+01  3.95030E-03
  2.06500E+01  3.95229E-03
  2.06600E+01  3.95429E-03
  2.06700E+01  3.95628E-03
  2.06800E+01  3.95827E-03
  2.06900E+01  3.96027E-03
  2.07000E+01  3.96226E-03
  2.07100E+01  3.96425E-03
  2.07200E+01  3.96625E-03
  2.07300E+01  3.96824E-03
  2.07400E+01  3.97023E-03
  2.07500E+01  3.97223E-03
  2.07600E+01  3.97422E-03
  2.07700E+01  3.97621E-03
  2.07800E+01  3.97821E-03
  2.07900E+01  3.98020E-03
  2.08000E+01  3.98219E-03
  2.08100E+01  3.98419E-03
  2.08200E+01  3.98618E-03
  2.08300E+01  3.98818E-03
  2.08400E+01  3.99017E-03
  2.08500E+01  3.99216E-03
  2.08600E+01  3.99416E-03
  2.08700E+01  3.99615E-03
  2.08800E+01  3.99814E-03
  2.08900E+01  4.00014E-03
  2.09000E+01  4.00213E-03
  2.09100E+01  4.00413E-03
  2.09200E+01  4.00612E-03
  2.09300E+01  4.00811E-03
  2.09400E+01  4.01011E-03
  2.09500E+01  4.01210E-03
  2.09600E+01  4.01410E-03
  2.09700E+01  4.01609E-03
  2.09800E+01  4.01808E-03
  2.09900E+01  4.02008E-03
  2.10000E+01  4.02207E-03
  2.10100E+01  4.02407E-03
  2.10200E+01  4.02606E-03
  2.10300E+01  4.02805E-03
  2.10400E+01  4.03005E-03
  2.10500E+01  4.03204E-03
  2.10600E+01  4.03404E-03
  2.10700E+01  4.03603E-03
  2.10800E+01  4.03802E-03
  2.10900E+01  4.04002E-03
  2.11000E+01  4.04201E-03
  2.11100E+01  4.04401E-03
  2.11200E+01  4.04600E-03
  2.11300E+01  4.04800E-03
  2.11400E+01  4.04999E-03
  2.11500E+01  4.05198E-03
  2.11600E+01  4.05398E-03
  2.11700E+01  4.05597E-03
  2.11800E+01  4.05797E-03
  2.11900E+01  4.05996E-03
  2.12000E+01  4.06196E-03
  2.12100E+01  4.06395E-03
  2.12200E+01  4.06594E-03
  2.12300E+01  4.06794E-03
  2.12400E+01  4.06993E-03
  2.12500E+01  4.07193E-03
  2.12600E+01  4.07392E-03
  2.12700E+01  4.07592E-03
  2.12800E+01  4.07791E-03
  2.12900E+01  4.07991E-03
  2.13000E+01  4.08190E-03
  2.13100E+01  4.08390E-03
  2.13200E+01  4.08589E-03
  2.13300E+01  4.08788E-03
  2.13400E+01  4.08988E-03
  2.13500E+01  4.09187E-03
  2.13600E+01  4.09387E-03
  2.13700E+01  4.09586E-03
  2.13800E+01  4.09786E-03
  2.13900E+01  4.09985E-03
  2.14000E+01  4.10185E-03
  2.14100E+01  4.10384E-03
  2.14200E+01  4.10584E-03
  2.14300E+01  4.10783E-03
  2.14400E+01  4.10983E-03
  2.14500E+01  4.11182E-03
  2.14600E+01  4.11382E-03
  2.14700E+01  4.11581E-03
  2.14800E+01  4.11781E-03
  2.14900E+01  4.11980E-03
  2.15000E+01  4.12180E-03
  2.15100E+01  4.12379E-03
  2.15200E+01  4.12579E-03
  2.15300E+01  4.12778E-03
  2.15400E+01  4.12978E-03
  2.15500E+01  4.13177E-03
  2.15600E+01  4.13377E-03
  2.15700E+01  4.13576E-03
  2.15800E+01  4.13776E-03
  2.15900E+01  4.13975E-03
  2.16000E+01  4.14175E-03
  2.16100E+01  4.14374E-03
  2.16200E+01  4.14574E-03
  2.16300E+01  4.14773E-03
  2.16400E+01  4.14973E-03
  2.16500E+01  4.15172E-03
  2.16600E+01  4.15372E-03
  2.16700E+01  4.15571E-03
  2.16800E+01  4.15771E-03
  2.16900E+01  4.15970E-03
  2.17000E+01  4.16170E-03
  2.17100E+01  4.16369E-03
  2.17200E+01  4.16569E-03
  2.17300E+01  4.16768E-03
  2.17400E+01  4.16968E-03
  2.17500E+01  4.17167E-03
  2.17600E+01  4.17367E-03
  2.17700E+01  4.17567E-03
  2.17800E+01  4.17766E-03
  2.17900E+01  4.17966E-03
  2.18000E+01  4.18165E-03
  2.18100E+01  4.18365E-03
  2.18200E+01  4.18564E-03
  2.18300E+01  4.18764E-03
  2.18400E+01  4.18963E-03
  2.18500E+01  4.19163E-03
  2.18600E+01  4.19362E-03
  2.18700E+01  4.19562E-03
  2.18800E+01  4.19762E-03
  2.18900E+01  4.19961E-03
  2.19000E+01  4.20161E-03
  2.19100E+01  4.20360E-03
  2.19200E+01  4.20560E-03
  2.19300E+01  4.20759E-03
  2.19400E+01  4.20959E-03
  2.19500E+01  4.21159E-03
  2.19600E+01  4.21358E-03
  2.19700E+01  4.21558E-03
  2.19800E+01  4.21757E-03
  2.19900E+01  4.21957E-03
  2.20000E+01  4.22156E-03
  2.20100E+01  4.22356E-03
  2.20200E+01  4.22556E-03
  2.20300E+01  4.22755E-03
  2.20400E+01  4.22955E-03
  2.20500E+01  4.23154E-03
  2.20600E+01  4.23354E-03
  2.20700E+01  4.23554E-03
  2.20800E+01  4.23753E-03
  2.20900E+01  4.23953E-03
  2.21000E+01  4.24152E-03
  2.21100E+01  4.24352E-03
  2.21200E+01  4.24552E-03
  2.21300E+01  4.24751E-03
  2.21400E+01  4.24951E-03
  2.21500E+01  4.25150E-03
  2.21600E+01  4.25350E-03
  2.21700E+01  4.25550E-03
  2.21800E+01  4.25749E-03
  2.21900E+01  4.25949E-03
  2.22000E+01  4.26148E-03
  2.22100E+01  4.26348E-03
  2.22200E+01  4.26548E-03
  2.22300E+01  4.26747E-03
  2.22400E+01  4.26947E-03
  2.22500E+01  4.27146E-03
  2.22600E+01  4.27346E-03
  2.22700E+01  4.27546E-03
  2.22800E+01  4.27745E-03
  2.22900E+01  4.27945E-03
  2.23000E+01  4.28145E-03
  2.23100E+01  4.28344E-03
  2.23200E+01  4.28544E-03
  2.23300E+01  4.28744E-03
  2.23400E+01  4.28943E-03
  2.23500E+01  4.29143E-03
  2.23600E+01  4.29342E-03
  2.23700E+01  4.29542E-03
  2.23800E+01  4.29742E-03
  2.23900E+01  4.29941E-03
  2.24000E+01  4.30141E-03
  2.24100E+01  4.30341E-03
  2.24200E+01  4.30540E-03
  2.24300E+01  4.30740E-03
  2.24400E+01  4.30940E-03
  2.24500E+01  4.31139E-03
  2.24600E+01  4.31339E-03
  2.24700E+01  4.31539E-03
  2.24800E+01  4.31738E-03
  2.24900E+01  4.31938E-03
  2.25000E+01  4.32138E-03
  2.25100E+01  4.32337E-03
  2.25200E+01  4.32537E-03
  2.25300E+01  4.32737E-03
  2.25400E+01  4.32936E-03
  2.25500E+01  4.33136E-03
  2.25600E+01  4.33336E-03
  2.25700E+01  4.33535E-03
  2.25800E+01  4.33735E-03
  2.25900E+01  4.33935E-03
  2.26000E+01  4.34134E-03
  2.26100E+01  4.34334E-03
  2.26200E+01  4.34534E-03
  2.26300E+01  4.34733E-03
  2.26400E+01  4.34933E-03
  2.26500E+01  4.35133E-03
  2.26600E+01  4.35332E-03
  2.26700E+01  4.35532E-03
  2.26800E+01  4.35732E-03
  2.26900E+01  4.35931E-03
  2.27000E+01  4.36131E-03
  2.27100E+01  4.36331E-03
  2.27200E+01  4.36531E-03
  2.27300E+01  4.36730E-03
  2.27400E+01  4.36930E-03
  2.27500E+01  4.37130E-03
  2.27600E+01  4.37329E-03
  2.27700E+01  4.37529E-03
  2.27800E+01  4.37729E-03
  2.27900E+01  4.37929E-03
  2.28000E+01  4.38128E-03
  2.28100E+01  4.38328E-03
  2.28200E+01  4.38528E-03
  2.28300E+01  4.38727E-03
  2.28400E+01  4.38927E-03
  2.28500E+01  4.39127E-03
  2.28600E+01  4.39327E-03
  2.28700E+01  4.39526E-03
  2.28800E+01  4.39726E-03
  2.28900E+01  4.39926E-03
  2.29000E+01  4.40125E-03
  2.29100E+01  4.40325E-03
  2.29200E+01  4.40525E-03
  2.29300E+01  4.40725E-03
  2.29400E+01  4.40924E-03
  2.29500E+01  4.41124E-03
  2.29600E+01  4.41324E-03
  2.29700E+01  4.41524E-03
  2.29800E+01  4.41723E-03
  2.29900E+01  4.41923E-03
  2.30000E+01  4.42123E-03
  2.30100E+01  4.42323E-03
  2.30200E+01  4.42522E-03
  2.30300E+01  4.42722E-03
  2.30400E+01  4.42922E-03
  2.30500E+01  4.43122E-03
  2.30600E+01  4.43321E-03
  2.30700E+01  4.43521E-03
  2.30800E+01  4.43721E-03
  2.30900E+01  4.43921E-03
  2.31000E+01  4.44120E-03
  2.31100E+01  4.44320E-03
  2.31200E+01  4.44520E-03
  2.31300E+01  4.44720E-03
  2.31400E+01  4.44919E-03
  2.31500E+01  4.45119E-03
  2.31600E+01  4.45319E-03
  2.31700E+01  4.45519E-03
  2.31800E+01  4.45718E-03
  2.31900E+01  4.45918E-03
  2.32000E+01  4.46118E-03
  2.32100E+01  4.46318E-03
  2.32200E+01  4.46518E-03
  2.32300E+01  4.46717E-03
  2.32400E+01  4.46917E-03
  2.32500E+01  4.47117E-03
  2.32600E+01  4.47317E-03
  2.32700E+01  4.47516E-03
  2.32800E+01  4.47716E-03
  2.32900E+01  4.47916E-03
  2.33000E+01  4.48116E-03
  2.33100E+01  4.48316E-03
  2.33200E+01  4.48515E-03
  2.33300E+01  4.48715E-03
  2.33400E+01  4.48915E-03
  2.33500E+01  4.49115E-03
  2.33600E+01  4.49315E-03
  2.33700E+01  4.49514E-03
  2.33800E+01  4.49714E-03
  2.33900E+01  4.49914E-03
  2.34000E+01  4.50114E-03
  2.34100E+01  4.50314E-03
  2.34200E+01  4.50513E-03
  2.34300E+01  4.50713E-03
  2.34400E+01  4.50913E-03
  2.34500E+01  4.51113E-03
  2.34600E+01  4.51313E-03
  2.34700E+01  4.51512E-03
  2.34800E+01  4.51712E-03
  2.34900E+01  4.51912E-03
  2.35000E+01  4.52112E-03
  2.35100E+01  4.52312E-03
  2.35200E+01  4.52512E-03
  2.35300E+01  4.52711E-03
  2.35400E+01  4.52911E-03
  2.35500E+01  4.53111E-03
  2.35600E+01  4.53311E-03
  2.35700E+01  4.53511E-03
  2.35800E+01  4.53711E-03
  2.35900E+01  4.53910E-03
  2.36000E+01  4.54110E-03
  2.36100E+01  4.54310E-03
  2.36200E+01  4.54510E-03
  2.36300E+01  4.54710E-03
  2.36400E+01  4.54910E-03
  2.36500E+01  4.55109E-03
  2.36600E+01  4.55309E-03
  2.36700E+01  4.55509E-03
  2.36800E+01  4.55709E-03
  2.36900E+01  4.55909E-03
  2.37000E+01  4.56109E-03
  2.37100E+01  4.56308E-03
  2.37200E+01  4.56508E-03
  2.37300E+01  4.56708E-03
  2.37400E+01  4.56908E-03
  2.37500E+01  4.57108E-03
  2.37600E+01  4.57308E-03
  2.37700E+01  4.57508E-03
  2.37800E+01  4.57707E-03
  2.37900E+01  4.57907E-03
  2.38000E+01  4.58107E-03
  2.38100E+01  4.58307E-03
  2.38200E+01  4.58507E-03
  2.38300E+01  4.58707E-03
  2.38400E+01  4.58907E-03
  2.38500E+01  4.59107E-03
  2.38600E+01  4.59306E-03
  2.38700E+01  4.59506E-03
  2.38800E+01  4.59706E-03
  2.38900E+01  4.59906E-03
  2.39000E+01  4.60106E-03
  2.39100E+01  4.60306E-03
  2.39200E+01  4.60506E-03
  2.39300E+01  4.60706E-03
  2.39400E+01  4.60905E-03
  2.39500E+01  4.61105E-03
  2.39600E+01  4.61305E-03
  2.39700E+01  4.61505E-03
  2.39800E+01  4.61705E-03
  2.39900E+01  4.61905E-03
  2.40000E+01  4.62105E-03
  2.40100E+01  4.62305E-03
  2.40200E+01  4.62505E-03
  2.40300E+01  4.62705E-03
  2.40400E+01  4.62904E-03
  2.40500E+01  4.63104E-03
  2.40600E+01  4.63304E-03
  2.40700E+01  4.63504E-03
  2.40800E+01  4.63704E-03
  2.40900E+01  4.63904E-03
  2.41000E+01  4.64104E-03
  2.41100E+01  4.64304E-03
  2.41200E+01  4.64504E-03
  2.41300E+01  4.64704E-03
  2.41400E+01  4.64904E-03
  2.41500E+01  4.65103E-03
  2.41600E+01  4.65303E-03
  2.41700E+01  4.65503E-03
  2.41800E+01  4.65703E-03
  2.41900E+01  4.65903E-03
  2.42000E+01  4.66103E-03
  2.42100E+01  4.66303E-03
  2.42200E+01  4.66503E-03
  2.42300E+01  4.66703E-03
  2.42400E+01  4.66903E-03
  2.42500E+01  4.67103E-03
  2.42600E+01  4.67303E-03
  2.42700E+01  4.67503E-03
  2.42800E+01  4.67702E-03
  2.42900E+01  4.67902E-03
  2.43000E+01  4.68102E-03
  2.43100E+01  4.68302E-03
  2.43200E+01  4.68502E-03
  2.43300E+01  4.68702E-03
  2.43400E+01  4.68902E-03
  2.43500E+01  4.69102E-03
  2.43600E+01  4.69302E-03
  2.43700E+01  4.69502E-03
  2.43800E+01  4.69702E-03
  2.43900E+01  4.69902E-03
  2.44000E+01  4.70102E-03
  2.44100E+01  4.70302E-03
  2.44200E+01  4.70502E-03
  2.44300E+01  4.70702E-03
  2.44400E+01  4.70902E-03
  2.44500E+01  4.71102E-03
  2.44600E+01  4.71302E-03
  2.44700E+01  4.71502E-03
  2.44800E+01  4.71701E-03
  2.44900E+01  4.71901E-03
  2.45000E+01  4.72101E-03
  2.45100E+01  4.72301E-03
  2.45200E+01  4.72501E-03
  2.45300E+01  4.72701E-03
  2.45400E+01  4.72901E-03
  2.45500E+01  4.73101E-03
  2.45600E+01  4.73301E-03
  2.45700E+01  4.73501E-03
  2.45800E+01  4.73701E-03
  2.45900E+01  4.73901E-03
  2.46000E+01  4.74101E-03
  2.46100E+01  4.74301E-03
  2.46200E+01  4.74501E-03
  2.46300E+01  4.74701E-03
  2.46400E+01  4.74901E-03
  2.46500E+01  4.75101E-03
  2.46600E+01  4.75301E-03
  2.46700E+01  4.75501E-03
  2.46800E+01  4.75701E-03
  2.46900E+01  4.75901E-03
  2.47000E+01  4.76101E-03
  2.47100E+01  4.76301E-03
  2.47200E+01  4.76501E-03
  2.47300E+01  4.76701E-03
  2.47400E+01  4.76901E-03
  2.47500E+01  4.77101E-03
  2.47600E+01  4.77301E-03
  2.47700E+01  4.77501E-03
  2.47800E+01  4.77701E-03
  2.47900E+01  4.77901E-03
  2.48000E+01  4.78101E-03
  2.48100E+01  4.78301E-03
  2.48200E+01  4.78501E-03
  2.48300E+01  4.78701E-03
  2.48400E+01  4.78901E-03
  2.48500E+01  4.79101E-03
  2.48600E+01  4.79301E-03
  2.48700E+01  4.79501E-03
  2.48800E+01  4.79701E-03
  2.48900E+01  4.79901E-03
  2.49000E+01  4.80101E-03
  2.49100E+01  4.80301E-03
  2.49200E+01  4.80501E-03
  2.49300E+01  4.80701E-03
  2.49400E+01  4.80901E-03
  2.49500E+01  4.81101E-03
  2.49600E+01  4.81301E-03
  2.49700E+01  4.81501E-03
  2.49800E+01  4.81701E-03
  2.49900E+01  4.81901E-03
  2.50000E+01  4.82102E-03
  2.50100E+01  4.82302E-03
  2.50200E+01  4.82502E-03
  2.50300E+01  4.82702E-03
  2.50400E+01  4.82902E-03
  2.50500E+01  4.83102E-03
  2.50600E+01  4.83302E-03
  2.50700E+01  4.83502E-03
  2.50800E+01  4.83702E-03
  2.50900E+01  4.83902E-03
  2.51000E+01  4.84102E-03
  2.51100E+01  4.84302E-03
  2.51200E+01  4.84502E-03
  2.51300E+01  4.84702E-03
  2.51400E+01  4.84902E-03
  2.51500E+01  4.85102E-03
  2.51600E+01  4.85302E-03
  2.51700E+01  4.85502E-03
  2.51800E+01  4.85702E-03
  2.51900E+01  4.85902E-03
  2.52000E+01  4.86103E-03
  2.52100E+01  4.86303E-03
  2.52200E+01  4.86503E-03
  2.52300E+01  4.86703E-03
  2.52400E+01  4.86903E-03
  2.52500E+01  4.87103E-03
  2.52600E+01  4.87303E-03
  2.52700E+01  4.87503E-03
  2.52800E+01  4.87703E-03
  2.52900E+01  4.87903E-03
  2.53000E+01  4.88103E-03
  2.53100E+01  4.88303E-03
  2.53200E+01  4.88503E-03
  2.53300E+01  4.88703E-03
  2.53400E+01  4.88904E-03
  2.53500E+01  4.89104E-03
  2.53600E+01  4.89304E-03
  2.53700E+01  4.89504E-03
  2.53800E+01  4.89704E-03
  2.53900E+01  4.89904E-03
  2.54000E+01  4.90104E-03
  2.54100E+01  4.90304E-03
  2.54200E+01  4.90504E-03
  2.54300E+01  4.90704E-03
  2.54400E+01  4.90904E-03
  2.54500E+01  4.91105E-03
  2.54600E+01  4.91305E-03
  2.54700E+01  4.91505E-03
  2.54800E+01  4.91705E-03
  2.54900E+01  4.91905E-03
  2.55000E+01  4.92105E-03
  2.55100E+01  4.92305E-03
  2.55200E+01  4.92505E-03
  2.55300E+01  4.92705E-03
  2.55400E+01  4.92905E-03
  2.55500E+01  4.93106E-03
  2.55600E+01  4.93306E-03
  2.55700E+01  4.93506E-03
  2.55800E+01  4.93706E-03
  2.55900E+01  4.93906E-03
  2.56000E+01  4.94106E-03
  2.56100E+01  4.94306E-03
  2.56200E+01  4.94506E-03
  2.56300E+01  4.94706E-03
  2.56400E+01  4.94907E-03
  2.56500E+01  4.95107E-03
  2.56600E+01  4.95307E-03
  2.56700E+01  4.95507E-03
  2.56800E+01  4.95707E-03
  2.56900E+01  4.95907E-03
  2.57000E+01  4.96107E-03
  2.57100E+01  4.96307E-03
  2.57200E+01  4.96508E-03
  2.57300E+01  4.96708E-03
  2.57400E+01  4.96908E-03
  2.57500E+01  4.97108E-03
  2.57600E+01  4.97308E-03
  2.57700E+01  4.97508E-03
  2.57800E+01  4.97708E-03
  2.57900E+01  4.97909E-03
  2.58000E+01  4.98109E-03
  2.58100E+01  4.98309E-03
  2.58200E+01  4.98509E-03
  2.58300E+01  4.98709E-03
  2.58400E+01  4.98909E-03
  2.58500E+01  4.99109E-03
  2.58600E+01  4.99310E-03
  2.58700E+01  4.99510E-03
  2.58800E+01  4.99710E-03
  2.58900E+01  4.99910E-03
  2.59000E+01  5.00110E-03
  2.59100E+01  5.00310E-03
  2.59200E+01  5.00511E-03
  2.59300E+01  5.00711E-03
  2.59400E+01  5.00911E-03
  2.59500E+01  5.01111E-03
  2.59600E+01  5.01311E-03
  2.59700E+01  5.01511E-03
  2.59800E+01  5.01711E-03
  2.59900E+01  5.01912E-03
  2.60000E+01  5.02112E-03
  2.60100E+01  5.02312E-03
  2.60200E+01  5.02512E-03
  2.60300E+01  5.02712E-03
  2.60400E+01  5.02913E-03
  2.60500E+01  5.03113E-03
  2.60600E+01  5.03313E-03
  2.60700E+01  5.03513E-03
  2.60800E+01  5.03713E-03
  2.60900E+01  5.03913E-03
  2.61000E+01  5.04114E-03
  2.61100E+01  5.04314E-03
  2.61200E+01  5.04514E-03
  2.61300E+01  5.04714E-03
  2.61400E+01  5.04914E-03
  2.61500E+01  5.05114E-03
  2.61600E+01  5.05315E-03
  2.61700E+01  5.05515E-03
  2.61800E+01  5.05715E-03
  2.61900E+01  5.05915E-03
  2.62000E+01  5.06115E-03
  2.62100E+01  5.06316E-03
  2.62200E+01  5.06516E-03
  2.62300E+01  5.06716E-03
  2.62400E+01  5.06916E-03
  2.62500E+01  5.07116E-03
  2.62600E+01  5.07317E-03
  2.62700E+01  5.07517E-03
  2.62800E+01  5.07717E-03
  2.62900E+01  5.07917E-03
  2.63000E+01  5.08117E-03
  2.63100E+01  5.08318E-03
  2.63200E+01  5.08518E-03
  2.63300E+01  5.08718E-03
  2.63400E+01  5.08918E-03
  2.63500E+01  5.09118E-03
  2.63600E+01  5.09319E-03
  2.63700E+01  5.09519E-03
  2.63800E+01  5.09719E-03
  2.63900E+01  5.09919E-03
  2.64000E+01  5.10120E-03
  2.64100E+01  5.10320E-03
  2.64200E+01  5.10520E-03
  2.64300E+01  5.10720E-03
  2.64400E+01  5.10920E-03
  2.64500E+01  5.11121E-03
  2.64600E+01  5.11321E-03
  2.64700E+01  5.11521E-03
  2.64800E+01  5.11721E-03
  2.64900E+01  5.11922E-03
  2.65000E+01  5.12122E-03
  2.65100E+01  5.12322E-03
  2.65200E+01  5.12522E-03
  2.65300E+01  5.12722E-03
  2.65400E+01  5.12923E-03
  2.65500E+01  5.13123E-03
  2.65600E+01  5.13323E-03
  2.65700E+01  5.13523E-03
  2.65800E+01  5.13724E-03
  2.65900E+01  5.13924E-03
  2.66000E+01  5.14124E-03
  2.66100E+01  5.14324E-03
  2.66200E+01  5.14525E-03
  2.66300E+01  5.14725E-03
  2.66400E+01  5.14925E-03
  2.66500E+01  5.15125E-03
  2.66600E+01  5.15326E-03
  2.66700E+01  5.15526E-03
  2.66800E+01  5.15726E-03
  2.66900E+01  5.15926E-03
  2.67000E+01  5.16127E-03
  2.67100E+01  5.16327E-03
  2.67200E+01  5.16527E-03
  2.67300E+01  5.16727E-03
  2.67400E+01  5.16928E-03
  2.67500E+01  5.17128E-03
  2.67600E+01  5.17328E-03
  2.67700E+01  5.17528E-03
  2.67800E+01  5.17729E-03
  2.67900E+01  5.17929E-03
  2.68000E+01  5.18129E-03
  2.68100E+01  5.18330E-03
  2.68200E+01  5.18530E-03
  2.68300E+01  5.18730E-03
  2.68400E+01  5.18930E-03
  2.68500E+01  5.19131E-03
  2.68600E+01  5.19331E-03
  2.68700E+01  5.19531E-03
  2.68800E+01  5.19731E-03
  2.68900E+01  5.19932E-03
  2.69000E+01  5.20132E-03
  2.69100E+01  5.20332E-03
  2.69200E+01  5.20533E-03
  2.69300E+01  5.20733E-03
  2.69400E+01  5.20933E-03
  2.69500E+01  5.21133E-03
  2.69600E+01  5.21334E-03
  2.69700E+01  5.21534E-03
  2.69800E+01  5.21734E-03
  2.69900E+01  5.21935E-03
  2.70000E+01  5.22135E-03
  2.70100E+01  5.22335E-03
  2.70200E+01  5.22535E-03
  2.70300E+01  5.22736E-03
  2.70400E+01  5.22936E-03
  2.70500E+01  5.23136E-03
  2.70600E+01  5.23337E-03
  2.70700E+01  5.23537E-03
  2.70800E+01  5.23737E-03
  2.70900E+01  5.23937E-03
  2.71000E+01  5.24138E-03
  2.71100E+01  5.24338E-03
  2.71200E+01  5.24538E-03
  2.71300E+01  5.24739E-03
  2.71400E+01  5.24939E-03
  2.71500E+01  5.25139E-03
  2.71600E+01  5.25340E-03
  2.71700E+01  5.25540E-03
  2.71800E+01  5.25740E-03
  2.71900E+01  5.25941E-03
  2.72000E+01  5.26141E-03
  2.72100E+01  5.26341E-03
  2.72200E+01  5.26541E-03
  2.72300E+01  5.26742E-03
  2.72400E+01  5.26942E-03
  2.72500E+01  5.27142E-03
  2.72600E+01  5.27343E-03
  2.72700E+01  5.27543E-03
  2.72800E+01  5.27743E-03
  2.72900E+01  5.27944E-03
  2.73000E+01  5.28144E-03
  2.73100E+01  5.28344E-03
  2.73200E+01  5.28545E-03
  2.73300E+01  5.28745E-03
  2.73400E+01  5.28945E-03
  2.73500E+01  5.29146E-03
  2.73600E+01  5.29346E-03
  2.73700E+01  5.29546E-03
  2.73800E+01  5.29747E-03
  2.73900E+01  5.29947E-03
  2.74000E+01  5.30147E-03
  2.74100E+01  5.30348E-03
  2.74200E+01  5.30548E-03
  2.74300E+01  5.30748E-03
  2.74400E+01  5.30949E-03
  2.74500E+01  5.31149E-03
  2.74600E+01  5.31349E-03
  2.74700E+01  5.31550E-03
  2.74800E+01  5.31750E-03
  2.74900E+01  5.31950E-03
  2.75000E+01  5.32151E-03
  2.75100E+01  5.32351E-03
  2.75200E+01  5.32551E-03
  2.75300E+01  5.32752E-03
  2.75400E+01  5.32952E-03
  2.75500E+01  5.33153E-03
  2.75600E+01  5.33353E-03
  2.75700E+01  5.33553E-03
  2.75800E+01  5.33754E-03
  2.75900E+01  5.33954E-03
  2.76000E+01  5.34154E-03
  2.76100E+01  5.34355E-03
  2.76200E+01  5.34555E-03
  2.76300E+01  5.34755E-03
  2.76400E+01  5.34956E-03
  2.76500E+01  5.35156E-03
  2.76600E+01  5.35356E-03
  2.76700E+01  5.35557E-03
  2.76800E+01  5.35757E-03
  2.76900E+01  5.35958E-03
  2.77000E+01  5.36158E-03
  2.77100E+01  5.36358E-03
  2.77200E+01  5.36559E-03
  2.77300E+01  5.36759E-03
  2.77400E+01  5.36959E-03
  2.77500E+01  5.37160E-03
  2.77600E+01  5.37360E-03
  2.77700E+01  5.37561E-03
  2.77800E+01  5.37761E-03
  2.77900E+01  5.37961E-03
  2.78000E+01  5.38162E-03
  2.78100E+01  5.38362E-03
  2.78200E+01  5.38562E-03
  2.78300E+01  5.38763E-03
  2.78400E+01  5.38963E-03
  2.78500E+01  5.39164E-03
  2.78600E+01  5.39364E-03
  2.78700E+01  5.39564E-03
  2.78800E+01  5.39765E-03
  2.78900E+01  5.39965E-03
  2.79000E+01  5.40166E-03
  2.79100E+01  5.40366E-03
  2.79200E+01  5.40566E-03
  2.79300E+01  5.40767E-03
  2.79400E+01  5.40967E-03
  2.79500E+01  5.41168E-03
  2.79600E+01  5.41368E-03
  2.79700E+01  5.41568E-03
  2.79800E+01  5.41769E-03
  2.79900E+01  5.41969E-03
  2.80000E+01  5.42170E-03
  2.80100E+01  5.42370E-03
  2.80200E+01  5.42570E-03
  2.80300E+01  5.42771E-03
  2.80400E+01  5.42971E-03
  2.80500E+01  5.43172E-03
  2.80600E+01  5.43372E-03
  2.80700E+01  5.43572E-03
  2.80800E+01  5.43773E-03
  2.80900E+01  5.43973E-03
  2.81000E+01  5.44174E-03
  2.81100E+01  5.44374E-03
  2.81200E+01  5.44575E-03
  2.81300E+01  5.44775E-03
  2.81400E+01  5.44975E-03
  2.81500E+01  5.45176E-03
  2.81600E+01  5.45376E-03
  2.81700E+01  5.45577E-03
  2.81800E+01  5.45777E-03
  2.81900E+01  5.45977E-03
  2.82000E+01  5.46178E-03
  2.82100E+01  5.46378E-03
  2.82200E+01  5.46579E-03
  2.82300E+01  5.46779E-03
  2.82400E+01  5.46980E-03
  2.82500E+01  5.47180E-03
  2.82600E+01  5.47380E-03
  2.82700E+01  5.47581E-03
  2.82800E+01  5.47781E-03
  2.82900E+01  5.47982E-03
  2.83000E+01  5.48182E-03
  2.83100E+01  5.48383E-03
  2.83200E+01  5.48583E-03
  2.83300E+01  5.48784E-03
  2.83400E+01  5.48984E-03
  2.83500E+01  5.49184E-03
  2.83600E+01  5.49385E-03
  2.83700E+01  5.49585E-03
  2.83800E+01  5.49786E-03
  2.83900E+01  5.49986E-03
  2.84000E+01  5.50187E-03
  2.84100E+01  5.50387E-03
  2.84200E+01  5.50588E-03
  2.84300E+01  5.50788E-03
  2.84400E+01  5.50988E-03
  2.84500E+01  5.51189E-03
  2.84600E+01  5.51389E-03
  2.84700E+01  5.51590E-03
  2.84800E+01  5.51790E-03
  2.84900E+01  5.51991E-03
  2.85000E+01  5.52191E-03
  2.85100E+01  5.52392E-03
  2.85200E+01  5.52592E-03
  2.85300E+01  5.52793E-03
  2.85400E+01  5.52993E-03
  2.85500E+01  5.53193E-03
  2.85600E+01  5.53394E-03
  2.85700E+01  5.53594E-03
  2.85800E+01  5.53795E-03
  2.85900E+01  5.53995E-03
  2.86000E+01  5.54196E-03
  2.86100E+01  5.54396E-03
  2.86200E+01  5.54597E-03
  2.86300E+01  5.54797E-03
  2.86400E+01  5.54998E-03
  2.86500E+01  5.55198E-03
  2.86600E+01  5.55399E-03
  2.86700E+01  5.55599E-03
  2.86800E+01  5.55800E-03
  2.86900E+01  5.56000E-03
  2.87000E+01  5.56201E-03
  2.87100E+01  5.56401E-03
  2.87200E+01  5.56602E-03
  2.87300E+01  5.56802E-03
  2.87400E+01  5.57002E-03
  2.87500E+01  5.57203E-03
  2.87600E+01  5.57403E-03
  2.87700E+01  5.57604E-03
  2.87800E+01  5.57804E-03
  2.87900E+01  5.58005E-03
  2.88000E+01  5.58205E-03
  2.88100E+01  5.58406E-03
  2.88200E+01  5.58606E-03
  2.88300E+01  5.58807E-03
  2.88400E+01  5.59007E-03
  2.88500E+01  5.59208E-03
  2.88600E+01  5.59408E-03
  2.88700E+01  5.59609E-03
  2.88800E+01  5.59809E-03
  2.88900E+01  5.60010E-03
  2.89000E+01  5.60210E-03
  2.89100E+01  5.60411E-03
  2.89200E+01  5.60611E-03
  2.89300E+01  5.60812E-03
  2.89400E+01  5.61012E-03
  2.89500E+01  5.61213E-03
  2.89600E+01  5.61413E-03
  2.89700E+01  5.61614E-03
  2.89800E+01  5.61814E-03
  2.89900E+01  5.62015E-03
  2.90000E+01  5.62215E-03
  2.90100E+01  5.62416E-03
  2.90200E+01  5.62616E-03
  2.90300E+01  5.62817E-03
  2.90400E+01  5.63017E-03
  2.90500E+01  5.63218E-03
  2.90600E+01  5.63419E-03
  2.90700E+01  5.63619E-03
  2.90800E+01  5.63820E-03
  2.90900E+01  5.64020E-03
  2.91000E+01  5.64221E-03
  2.91100E+01  5.64421E-03
  2.91200E+01  5.64622E-03
  2.91300E+01  5.64822E-03
  2.91400E+01  5.65023E-03
  2.91500E+01  5.65223E-03
  2.91600E+01  5.65424E-03
  2.91700E+01  5.65624E-03
  2.91800E+01  5.65825E-03
  2.91900E+01  5.66025E-03
  2.92000E+01  5.66226E-03
  2.92100E+01  5.66426E-03
  2.92200E+01  5.66627E-03
  2.92300E+01  5.66827E-03
  2.92400E+01  5.67028E-03
  2.92500E+01  5.67229E-03
  2.92600E+01  5.67429E-03
  2.92700E+01  5.67630E-03
  2.92800E+01  5.67830E-03
  2.92900E+01  5.68031E-03
  2.93000E+01  5.68231E-03
  2.93100E+01  5.68432E-03
  2.93200E+01  5.68632E-03
  2.93300E+01  5.68833E-03
  2.93400E+01  5.69033E-03
  2.93500E+01  5.69234E-03
  2.93600E+01  5.69435E-03
  2.93700E+01  5.69635E-03
  2.93800E+01  5.69836E-03
  2.93900E+01  5.70036E-03
  2.94000E+01  5.70237E-03
  2.94100E+01  5.70437E-03
  2.94200E+01  5.70638E-03
  2.94300E+01  5.70838E-03
  2.94400E+01  5.71039E-03
  2.94500E+01  5.71239E-03
  2.94600E+01  5.71440E-03
  2.94700E+01  5.71641E-03
  2.94800E+01  5.71841E-03
  2.94900E+01  5.72042E-03
  2.95000E+01  5.72242E-03
  2.95100E+01  5.72443E-03
  2.95200E+01  5.72643E-03
  2.95300E+01  5.72844E-03
  2.95400E+01  5.73045E-03
  2.95500E+01  5.73245E-03
  2.95600E+01  5.73446E-03
  2.95700E+01  5.73646E-03
  2.95800E+01  5.73847E-03
  2.95900E+01  5.74047E-03
  2.96000E+01  5.74248E-03
  2.96100E+01  5.74449E-03
  2.96200E+01  5.74649E-03
  2.96300E+01  5.74850E-03
  2.96400E+01  5.75050E-03
  2.96500E+01  5.75251E-03
  2.96600E+01  5.75451E-03
  2.96700E+01  5.75652E-03
  2.96800E+01  5.75853E-03
  2.96900E+01  5.76053E-03
  2.97000E+01  5.76254E-03
  2.97100E+01  5.76454E-03
  2.97200E+01  5.76655E-03
  2.97300E+01  5.76855E-03
  2.97400E+01  5.77056E-03
  2.97500E+01  5.77257E-03
  2.97600E+01  5.77457E-03
  2.97700E+01  5.77658E-03
  2.97800E+01  5.77858E-03
  2.97900E+01  5.78059E-03
  2.98000E+01  5.78260E-03
  2.98100E+01  5.78460E-03
  2.98200E+01  5.78661E-03
  2.98300E+01  5.78861E-03
  2.98400E+01  5.79062E-03
  2.98500E+01  5.79263E-03
  2.98600E+01  5.79463E-03
  2.98700E+01  5.79664E-03
  2.98800E+01  5.79864E-03
  2.98900E+01  5.80065E-03
  2.99000E+01  5.80266E-03
  2.99100E+01  5.80466E-03
  2.99200E+01  5.80667E-03
  2.99300E+01  5.80867E-03
  2.99400E+01  5.81068E-03
  2.99500E+01  5.81269E-03
  2.99600E+01  5.81469E-03
  2.99700E+01  5.81670E-03
  2.99800E+01  5.81870E-03
  2.99900E+01  5.82071E-03
  3.00000E+01  5.82272E-03
  3.00100E+01  5.82472E-03
  3.00200E+01  5.82673E-03
  3.00300E+01  5.82873E-03
  3.00400E+01  5.83074E-03
  3.00500E+01  5.83275E-03
  3.00600E+01  5.83475E-03
  3.00700E+01  5.83676E-03
  3.00800E+01  5.83877E-03
  3.00900E+01  5.84077E-03
  3.01000E+01  5.84278E-03
  3.01100E+01  5.84478E-03
  3.01200E+01  5.84679E-03
  3.01300E+01  5.84880E-03
  3.01400E+01  5.85080E-03
  3.01500E+01  5.85281E-03
  3.01600E+01  5.85482E-03
  3.01700E+01  5.85682E-03
  3.01800E+01  5.85883E-03
  3.01900E+01  5.86083E-03
  3.02000E+01  5.86284E-03
  3.02100E+01  5.86485E-03
  3.02200E+01  5.86685E-03
  3.02300E+01  5.86886E-03
  3.02400E+01  5.87087E-03
  3.02500E+01  5.87287E-03
  3.02600E+01  5.87488E-03
  3.02700E+01  5.87689E-03
  3.02800E+01  5.87889E-03
  3.02900E+01  5.88090E-03
  3.03000E+01  5.88290E-03
  3.03100E+01  5.88491E-03
  3.03200E+01  5.88692E-03
  3.03300E+01  5.88892E-03
  3.03400E+01  5.89093E-03
  3.03500E+01  5.89294E-03
  3.03600E+01  5.89494E-03
  3.03700E+01  5.89695E-03
  3.03800E+01  5.89896E-03
  3.03900E+01  5.90096E-03
  3.04000E+01  5.90297E-03
  3.04100E+01  5.90498E-03
  3.04200E+01  5.90698E-03
  3.04300E+01  5.90899E-03
  3.04400E+01  5.91100E-03
  3.04500E+01  5.91300E-03
  3.04600E+01  5.91501E-03
  3.04700E+01  5.91702E-03
  3.04800E+01  5.91902E-03
  3.04900E+01  5.92103E-03
  3.05000E+01  5.92303E-03
  3.05100E+01  5.92504E-03
  3.05200E+01  5.92705E-03
  3.05300E+01  5.92905E-03
  3.05400E+01  5.93106E-03
  3.05500E+01  5.93307E-03
  3.05600E+01  5.93507E-03
  3.05700E+01  5.93708E-03
  3.05800E+01  5.93909E-03
  3.05900E+01  5.94109E-03
  3.06000E+01  5.94310E-03
  3.06100E+01  5.94511E-03
  3.06200E+01  5.94711E-03
  3.06300E+01  5.94912E-03
  3.06400E+01  5.95113E-03
  3.06500E+01  5.95313E-03
  3.06600E+01  5.95514E-03
  3.06700E+01  5.95715E-03
  3.06800E+01  5.95916E-03
  3.06900E+01  5.96116E-03
  3.07000E+01  5.96317E-03
  3.07100E+01  5.96518E-03
  3.07200E+01  5.96718E-03
  3.07300E+01  5.96919E-03
  3.07400E+01  5.97120E-03
  3.07500E+01  5.97320E-03
  3.07600E+01  5.97521E-03
  3.07700E+01  5.97722E-03
  3.07800E+01  5.97922E-03
  3.07900E+01  5.98123E-03
  3.08000E+01  5.98324E-03
  3.08100E+01  5.98524E-03
  3.08200E+01  5.98725E-03
  3.08300E+01  5.98926E-03
  3.08400E+01  5.99126E-03
  3.08500E+01  5.99327E-03
  3.08600E+01  5.99528E-03
  3.08700E+01  5.99729E-03
  3.08800E+01  5.99929E-03
  3.08900E+01  6.00130E-03
  3.09000E+01  6.00331E-03
  3.09100E+01  6.00531E-03
  3.09200E+01  6.00732E-03
  3.09300E+01  6.00933E-03
  3.09400E+01  6.01133E-03
  3.09500E+01  6.01334E-03
  3.09600E+01  6.01535E-03
  3.09700E+01  6.01736E-03
  3.09800E+01  6.01936E-03
  3.09900E+01  6.02137E-03
  3.10000E+01  6.02338E-03
  3.10100E+01  6.02538E-03
  3.10200E+01  6.02739E-03
  3.10300E+01  6.02940E-03
  3.10400E+01  6.03141E-03
  3.10500E+01  6.03341E-03
  3.10600E+01  6.03542E-03
  3.10700E+01  6.03743E-03
  3.10800E+01  6.03943E-03
  3.10900E+01  6.04144E-03
  3.11000E+01  6.04345E-03
  3.11100E+01  6.04546E-03
  3.11200E+01  6.04746E-03
  3.11300E+01  6.04947E-03
  3.11400E+01  6.05148E-03
  3.11500E+01  6.05348E-03
  3.11600E+01  6.05549E-03
  3.11700E+01  6.05750E-03
  3.11800E+01  6.05951E-03
  3.11900E+01  6.06151E-03
  3.12000E+01  6.06352E-03
  3.12100E+01  6.06553E-03
  3.12200E+01  6.06753E-03
  3.12300E+01  6.06954E-03
  3.12400E+01  6.07155E-03
  3.12500E+01  6.07356E-03
  3.12600E+01  6.07556E-03
  3.12700E+01  6.07757E-03
  3.12800E+01  6.07958E-03
  3.12900E+01  6.08159E-03
  3.13000E+01  6.08359E-03
  3.13100E+01  6.08560E-03
  3.13200E+01  6.08761E-03
  3.13300E+01  6.08962E-03
  3.13400E+01  6.09162E-03
  3.13500E+01  6.09363E-03
  3.13600E+01  6.09564E-03
  3.13700E+01  6.09764E-03
  3.13800E+01  6.09965E-03
  3.13900E+01  6.10166E-03
  3.14000E+01  6.10367E-03
  3.14100E+01  6.10567E-03
  3.14200E+01  6.10768E-03
  3.14300E+01  6.10969E-03
  3.14400E+01  6.11170E-03
  3.14500E+01  6.11370E-03
  3.14600E+01  6.11571E-03
  3.14700E+01  6.11772E-03
  3.14800E+01  6.11973E-03
  3.14900E+01  6.12173E-03
  3.15000E+01  6.12374E-03
  3.15100E+01  6.12575E-03
  3.15200E+01  6.12776E-03
  3.15300E+01  6.12976E-03
  3.15400E+01  6.13177E-03
  3.15500E+01  6.13378E-03
  3.15600E+01  6.13579E-03
  3.15700E+01  6.13779E-03
  3.15800E+01  6.13980E-03
  3.15900E+01  6.14181E-03
  3.16000E+01  6.14382E-03
  3.16100E+01  6.14583E-03
  3.16200E+01  6.14783E-03
  3.16300E+01  6.14984E-03
  3.16400E+01  6.15185E-03
  3.16500E+01  6.15386E-03
  3.16600E+01  6.15586E-03
  3.16700E+01  6.15787E-03
  3.16800E+01  6.15988E-03
  3.16900E+01  6.16189E-03
  3.17000E+01  6.16389E-03
  3.17100E+01  6.16590E-03
  3.17200E+01  6.16791E-03
  3.17300E+01  6.16992E-03
  3.17400E+01  6.17193E-03
  3.17500E+01  6.17393E-03
  3.17600E+01  6.17594E-03
  3.17700E+01  6.17795E-03
  3.17800E+01  6.17996E-03
  3.17900E+01  6.18196E-03
  3.18000E+01  6.18397E-03
  3.18100E+01  6.18598E-03
  3.18200E+01  6.18799E-03
  3.18300E+01  6.19000E-03
  3.18400E+01  6.19200E-03
  3.18500E+01  6.19401E-03
  3.18600E+01  6.19602E-03
  3.18700E+01  6.19803E-03
  3.18800E+01  6.20003E-03
  3.18900E+01  6.20204E-03
  3.19000E+01  6.20405E-03
  3.19100E+01  6.20606E-03
  3.19200E+01  6.20807E-03
  3.19300E+01  6.21007E-03
  3.19400E+01  6.21208E-03
  3.19500E+01  6.21409E-03
  3.19600E+01  6.21610E-03
  3.19700E+01  6.21811E-03
  3.19800E+01  6.22011E-03
  3.19900E+01  6.22212E-03
  3.20000E+01  6.22413E-03
  3.20100E+01  6.22614E-03
  3.20200E+01  6.22815E-03
  3.20300E+01  6.23015E-03
  3.20400E+01  6.23216E-03
  3.20500E+01  6.23417E-03
  3.20600E+01  6.23618E-03
  3.20700E+01  6.23819E-03
  3.20800E+01  6.24019E-03
  3.20900E+01  6.24220E-03
  3.21000E+01  6.24421E-03
  3.21100E+01  6.24622E-03
  3.21200E+01  6.24823E-03
  3.21300E+01  6.25023E-03
  3.21400E+01  6.25224E-03
  3.21500E+01  6.25425E-03
  3.21600E+01  6.25626E-03
  3.21700E+01  6.25827E-03
  3.21800E+01  6.26027E-03
  3.21900E+01  6.26228E-03
  3.22000E+01  6.26429E-03
  3.22100E+01  6.26630E-03
  3.22200E+01  6.26831E-03
  3.22300E+01  6.27031E-03
  3.22400E+01  6.27232E-03
  3.22500E+01  6.27433E-03
  3.22600E+01  6.27634E-03
  3.22700E+01  6.27835E-03
  3.22800E+01  6.28036E-03
  3.22900E+01  6.28236E-03
  3.23000E+01  6.28437E-03
  3.23100E+01  6.28638E-03
  3.23200E+01  6.28839E-03
  3.23300E+01  6.29040E-03
  3.23400E+01  6.29241E-03
  3.23500E+01  6.29441E-03
  3.23600E+01  6.29642E-03
  3.23700E+01  6.29843E-03
  3.23800E+01  6.30044E-03
  3.23900E+01  6.30245E-03
  3.24000E+01  6.30445E-03
  3.24100E+01  6.30646E-03
  3.24200E+01  6.30847E-03
  3.24300E+01  6.31048E-03
  3.24400E+01  6.31249E-03
  3.24500E+01  6.31450E-03
  3.24600E+01  6.31650E-03
  3.24700E+01  6.31851E-03
  3.24800E+01  6.32052E-03
  3.24900E+01  6.32253E-03
  3.25000E+01  6.32454E-03
  3.25100E+01  6.32655E-03
  3.25200E+01  6.32856E-03
  3.25300E+01  6.33056E-03
  3.25400E+01  6.33257E-03
  3.25500E+01  6.33458E-03
  3.25600E+01  6.33659E-03
  3.25700E+01  6.33860E-03
  3.25800E+01  6.34061E-03
  3.25900E+01  6.34261E-03
  3.26000E+01  6.34462E-03
  3.26100E+01  6.34663E-03
  3.26200E+01  6.34864E-03
  3.26300E+01  6.35065E-03
  3.26400E+01  6.35266E-03
  3.26500E+01  6.35467E-03
  3.26600E+01  6.35667E-03
  3.26700E+01  6.35868E-03
  3.26800E+01  6.36069E-03
  3.26900E+01  6.36270E-03
  3.27000E+01  6.36471E-03
  3.27100E+01  6.36672E-03
  3.27200E+01  6.36872E-03
  3.27300E+01  6.37073E-03
  3.27400E+01  6.37274E-03
  3.27500E+01  6.37475E-03
  3.27600E+01  6.37676E-03
  3.27700E+01  6.37877E-03
  3.27800E+01  6.38078E-03
  3.27900E+01  6.38279E-03
  3.28000E+01  6.38479E-03
  3.28100E+01  6.38680E-03
  3.28200E+01  6.38881E-03
  3.28300E+01  6.39082E-03
  3.28400E+01  6.39283E-03
  3.28500E+01  6.39484E-03
  3.28600E+01  6.39685E-03
  3.28700E+01  6.39885E-03
  3.28800E+01  6.40086E-03
  3.28900E+01  6.40287E-03
  3.29000E+01  6.40488E-03
  3.29100E+01  6.40689E-03
  3.29200E+01  6.40890E-03
  3.29300E+01  6.41091E-03
  3.29400E+01  6.41292E-03
  3.29500E+01  6.41492E-03
  3.29600E+01  6.41693E-03
  3.29700E+01  6.41894E-03
  3.29800E+01  6.42095E-03
  3.29900E+01  6.42296E-03
  3.30000E+01  6.42497E-03
  3.30100E+01  6.42698E-03
  3.30200E+01  6.42899E-03
  3.30300E+01  6.43099E-03
  3.30400E+01  6.43300E-03
  3.30500E+01  6.43501E-03
  3.30600E+01  6.43702E-03
  3.30700E+01  6.43903E-03
  3.30800E+01  6.44104E-03
  3.30900E+01  6.44305E-03
  3.31000E+01  6.44506E-03
  3.31100E+01  6.44707E-03
  3.31200E+01  6.44907E-03
  3.31300E+01  6.45108E-03
  3.31400E+01  6.45309E-03
  3.31500E+01  6.45510E-03
  3.31600E+01  6.45711E-03
  3.31700E+01  6.45912E-03
  3.31800E+01  6.46113E-03
  3.31900E+01  6.46314E-03
  3.32000E+01  6.46515E-03
  3.32100E+01  6.46715E-03
  3.32200E+01  6.46916E-03
  3.32300E+01  6.47117E-03
  3.32400E+01  6.47318E-03
  3.32500E+01  6.47519E-03
  3.32600E+01  6.47720E-03
  3.32700E+01  6.47921E-03
  3.32800E+01  6.48122E-03
  3.32900E+01  6.48323E-03
  3.33000E+01  6.48524E-03
  3.33100E+01  6.48725E-03
  3.33200E+01  6.48925E-03
  3.33300E+01  6.49126E-03
  3.33400E+01  6.49327E-03
  3.33500E+01  6.49528E-03
  3.33600E+01  6.49729E-03
  3.33700E+01  6.49930E-03
  3.33800E+01  6.50131E-03
  3.33900E+01  6.50332E-03
  3.34000E+01  6.50533E-03
  3.34100E+01  6.50734E-03
  3.34200E+01  6.50935E-03
  3.34300E+01  6.51135E-03
  3.34400E+01  6.51336E-03
  3.34500E+01  6.51537E-03
  3.34600E+01  6.51738E-03
  3.34700E+01  6.51939E-03
  3.34800E+01  6.52140E-03
  3.34900E+01  6.52341E-03
  3.35000E+01  6.52542E-03
  3.35100E+01  6.52743E-03
  3.35200E+01  6.52944E-03
  3.35300E+01  6.53145E-03
  3.35400E+01  6.53346E-03
  3.35500E+01  6.53546E-03
  3.35600E+01  6.53747E-03
  3.35700E+01  6.53948E-03
  3.35800E+01  6.54149E-03
  3.35900E+01  6.54350E-03
  3.36000E+01  6.54551E-03
  3.36100E+01  6.54752E-03
  3.36200E+01  6.54953E-03
  3.36300E+01  6.55154E-03
  3.36400E+01  6.55355E-03
  3.36500E+01  6.55556E-03
  3.36600E+01  6.55757E-03
  3.36700E+01  6.55958E-03
  3.36800E+01  6.56159E-03
  3.36900E+01  6.56359E-03
  3.37000E+01  6.56560E-03
  3.37100E+01  6.56761E-03
  3.37200E+01  6.56962E-03
  3.37300E+01  6.57163E-03
  3.37400E+01  6.57364E-03
  3.37500E+01  6.57565E-03
  3.37600E+01  6.57766E-03
  3.37700E+01  6.57967E-03
  3.37800E+01  6.58168E-03
  3.37900E+01  6.58369E-03
  3.38000E+01  6.58570E-03
  3.38100E+01  6.58771E-03
  3.38200E+01  6.58972E-03
  3.38300E+01  6.59173E-03
  3.38400E+01  6.59374E-03
  3.38500E+01  6.59575E-03
  3.38600E+01  6.59776E-03
  3.38700E+01  6.59976E-03
  3.38800E+01  6.60177E-03
  3.38900E+01  6.60378E-03
  3.39000E+01  6.60579E-03
  3.39100E+01  6.60780E-03
  3.39200E+01  6.60981E-03
  3.39300E+01  6.61182E-03
  3.39400E+01  6.61383E-03
  3.39500E+01  6.61584E-03
  3.39600E+01  6.61785E-03
  3.39700E+01  6.61986E-03
  3.39800E+01  6.62187E-03
  3.39900E+01  6.62388E-03
  3.40000E+01  6.62589E-03
  3.40100E+01  6.62790E-03
  3.40200E+01  6.62991E-03
  3.40300E+01  6.63192E-03
  3.40400E+01  6.63393E-03
  3.40500E+01  6.63594E-03
  3.40600E+01  6.63795E-03
  3.40700E+01  6.63996E-03
  3.40800E+01  6.64197E-03
  3.40900E+01  6.64398E-03
  3.41000E+01  6.64599E-03
  3.41100E+01  6.64799E-03
  3.41200E+01  6.65000E-03
  3.41300E+01  6.65201E-03
  3.41400E+01  6.65402E-03
  3.41500E+01  6.65603E-03
  3.41600E+01  6.65804E-03
  3.41700E+01  6.66005E-03
  3.41800E+01  6.66206E-03
  3.41900E+01  6.66407E-03
  3.42000E+01  6.66608E-03
  3.42100E+01  6.66809E-03
  3.42200E+01  6.67010E-03
  3.42300E+01  6.67211E-03
  3.42400E+01  6.67412E-03
  3.42500E+01  6.67613E-03
  3.42600E+01  6.67814E-03
  3.42700E+01  6.68015E-03
  3.42800E+01  6.68216E-03
  3.42900E+01  6.68417E-03
  3.43000E+01  6.68618E-03
  3.43100E+01  6.68819E-03
  3.43200E+01  6.69020E-03
  3.43300E+01  6.69221E-03
  3.43400E+01  6.69422E-03
  3.43500E+01  6.69623E-03
  3.43600E+01  6.69824E-03
  3.43700E+01  6.70025E-03
  3.43800E+01  6.70226E-03
  3.43900E+01  6.70427E-03
  3.44000E+01  6.70628E-03
  3.44100E+01  6.70829E-03
  3.44200E+01  6.71030E-03
  3.44300E+01  6.71231E-03
  3.44400E+01  6.71432E-03
  3.44500E+01  6.71633E-03
  3.44600E+01  6.71834E-03
  3.44700E+01  6.72035E-03
  3.44800E+01  6.72236E-03
  3.44900E+01  6.72437E-03
  3.45000E+01  6.72638E-03
  3.45100E+01  6.72839E-03
  3.45200E+01  6.73040E-03
  3.45300E+01  6.73241E-03
  3.45400E+01  6.73442E-03
  3.45500E+01  6.73643E-03
  3.45600E+01  6.73844E-03
  3.45700E+01  6.74045E-03
  3.45800E+01  6.74246E-03
  3.45900E+01  6.74447E-03
  3.46000E+01  6.74648E-03
  3.46100E+01  6.74849E-03
  3.46200E+01  6.75050E-03
  3.46300E+01  6.75251E-03
  3.46400E+01  6.75452E-03
  3.46500E+01  6.75653E-03
  3.46600E+01  6.75854E-03
  3.46700E+01  6.76055E-03
  3.46800E+01  6.76256E-03
  3.46900E+01  6.76457E-03
  3.47000E+01  6.76658E-03
  3.47100E+01  6.76859E-03
  3.47200E+01  6.77060E-03
  3.47300E+01  6.77261E-03
  3.47400E+01  6.77462E-03
  3.47500E+01  6.77663E-03
  3.47600E+01  6.77864E-03
  3.47700E+01  6.78065E-03
  3.47800E+01  6.78266E-03
  3.47900E+01  6.78467E-03
  3.48000E+01  6.78668E-03
  3.48100E+01  6.78869E-03
  3.48200E+01  6.79070E-03
  3.48300E+01  6.79271E-03
  3.48400E+01  6.79472E-03
  3.48500E+01  6.79673E-03
  3.48600E+01  6.79874E-03
  3.48700E+01  6.80075E-03
  3.48800E+01  6.80276E-03
  3.48900E+01  6.80477E-03
  3.49000E+01  6.80678E-03
  3.49100E+01  6.80879E-03
  3.49200E+01  6.81080E-03
  3.49300E+01  6.81281E-03
  3.49400E+01  6.81482E-03
  3.49500E+01  6.81683E-03
  3.49600E+01  6.81885E-03
  3.49700E+01  6.82086E-03
  3.49800E+01  6.82287E-03
  3.49900E+01  6.82488E-03
  3.50000E+01  6.82689E-03
  3.50100E+01  6.82890E-03
  3.50200E+01  6.83091E-03
  3.50300E+01  6.83292E-03
  3.50400E+01  6.83493E-03
  3.50500E+01  6.83694E-03
  3.50600E+01  6.83895E-03
  3.50700E+01  6.84096E-03
  3.50800E+01  6.84297E-03
  3.50900E+01  6.84498E-03
  3.51000E+01  6.84699E-03
  3.51100E+01  6.84900E-03
  3.51200E+01  6.85101E-03
  3.51300E+01  6.85302E-03
  3.51400E+01  6.85503E-03
  3.51500E+01  6.85704E-03
  3.51600E+01  6.85905E-03
  3.51700E+01  6.86106E-03
  3.51800E+01  6.86307E-03
  3.51900E+01  6.86508E-03
  3.52000E+01  6.86710E-03
  3.52100E+01  6.86911E-03
  3.52200E+01  6.87112E-03
  3.52300E+01  6.87313E-03
  3.52400E+01  6.87514E-03
  3.52500E+01  6.87715E-03
  3.52600E+01  6.87916E-03
  3.52700E+01  6.88117E-03
  3.52800E+01  6.88318E-03
  3.52900E+01  6.88519E-03
  3.53000E+01  6.88720E-03
  3.53100E+01  6.88921E-03
  3.53200E+01  6.89122E-03
  3.53300E+01  6.89323E-03
  3.53400E+01  6.89524E-03
  3.53500E+01  6.89725E-03
  3.53600E+01  6.89926E-03
  3.53700E+01  6.90127E-03
  3.53800E+01  6.90329E-03
  3.53900E+01  6.90530E-03
  3.54000E+01  6.90731E-03
  3.54100E+01  6.90932E-03
  3.54200E+01  6.91133E-03
  3.54300E+01  6.91334E-03
  3.54400E+01  6.91535E-03
  3.54500E+01  6.91736E-03
  3.54600E+01  6.91937E-03
  3.54700E+01  6.92138E-03
  3.54800E+01  6.92339E-03
  3.54900E+01  6.92540E-03
  3.55000E+01  6.92741E-03
  3.55100E+01  6.92942E-03
  3.55200E+01  6.93143E-03
  3.55300E+01  6.93345E-03
  3.55400E+01  6.93546E-03
  3.55500E+01  6.93747E-03
  3.55600E+01  6.93948E-03
  3.55700E+01  6.94149E-03
  3.55800E+01  6.94350E-03
  3.55900E+01  6.94551E-03
  3.56000E+01  6.94752E-03
  3.56100E+01  6.94953E-03
  3.56200E+01  6.95154E-03
  3.56300E+01  6.95355E-03
  3.56400E+01  6.95556E-03
  3.56500E+01  6.95758E-03
  3.56600E+01  6.95959E-03
  3.56700E+01  6.96160E-03
  3.56800E+01  6.96361E-03
  3.56900E+01  6.96562E-03
  3.57000E+01  6.96763E-03
  3.57100E+01  6.96964E-03
  3.57200E+01  6.97165E-03
  3.57300E+01  6.97366E-03
  3.57400E+01  6.97567E-03
  3.57500E+01  6.97768E-03
  3.57600E+01  6.97969E-03
  3.57700E+01  6.98171E-03
  3.57800E+01  6.98372E-03
  3.57900E+01  6.98573E-03
  3.58000E+01  6.98774E-03
  3.58100E+01  6.98975E-03
  3.58200E+01  6.99176E-03
  3.58300E+01  6.99377E-03
  3.58400E+01  6.99578E-03
  3.58500E+01  6.99779E-03
  3.58600E+01  6.99980E-03
  3.58700E+01  7.00182E-03
  3.58800E+01  7.00383E-03
  3.58900E+01  7.00584E-03
  3.59000E+01  7.00785E-03
  3.59100E+01  7.00986E-03
  3.59200E+01  7.01187E-03
  3.59300E+01  7.01388E-03
  3.59400E+01  7.01589E-03
  3.59500E+01  7.01790E-03
  3.59600E+01  7.01991E-03
  3.59700E+01  7.02193E-03
  3.59800E+01  7.02394E-03
  3.59900E+01  7.02595E-03
  3.60000E+01  7.02796E-03
  3.60100E+01  7.02997E-03
  3.60200E+01  7.03198E-03
  3.60300E+01  7.03399E-03
  3.60400E+01  7.03600E-03
  3.60500E+01  7.03801E-03
  3.60600E+01  7.04002E-03
  3.60700E+01  7.04204E-03
  3.60800E+01  7.04405E-03
  3.60900E+01  7.04606E-03
  3.61000E+01  7.04807E-03
  3.61100E+01  7.05008E-03
  3.61200E+01  7.05209E-03
  3.61300E+01  7.05410E-03
  3.61400E+01  7.05611E-03
  3.61500E+01  7.05813E-03
  3.61600E+01  7.06014E-03
  3.61700E+01  7.06215E-03
  3.61800E+01  7.06416E-03
  3.61900E+01  7.06617E-03
  3.62000E+01  7.06818E-03
  3.62100E+01  7.07019E-03
  3.62200E+01  7.07220E-03
  3.62300E+01  7.07421E-03
  3.62400E+01  7.07623E-03
  3.62500E+01  7.07824E-03
  3.62600E+01  7.08025E-03
  3.62700E+01  7.08226E-03
  3.62800E+01  7.08427E-03
  3.62900E+01  7.08628E-03
  3.63000E+01  7.08829E-03
  3.63100E+01  7.09031E-03
  3.63200E+01  7.09232E-03
  3.63300E+01  7.09433E-03
  3.63400E+01  7.09634E-03
  3.63500E+01  7.09835E-03
  3.63600E+01  7.10036E-03
  3.63700E+01  7.10237E-03
  3.63800E+01  7.10438E-03
  3.63900E+01  7.10640E-03
  3.64000E+01  7.10841E-03
  3.64100E+01  7.11042E-03
  3.64200E+01  7.11243E-03
  3.64300E+01  7.11444E-03
  3.64400E+01  7.11645E-03
  3.64500E+01  7.11846E-03
  3.64600E+01  7.12048E-03
  3.64700E+01  7.12249E-03
  3.64800E+01  7.12450E-03
  3.64900E+01  7.12651E-03
  3.65000E+01  7.12852E-03
  3.65100E+01  7.13053E-03
  3.65200E+01  7.13254E-03
  3.65300E+01  7.13455E-03
  3.65400E+01  7.13657E-03
  3.65500E+01  7.13858E-03
  3.65600E+01  7.14059E-03
  3.65700E+01  7.14260E-03
  3.65800E+01  7.14461E-03
  3.65900E+01  7.14662E-03
  3.66000E+01  7.14864E-03
  3.66100E+01  7.15065E-03
  3.66200E+01  7.15266E-03
  3.66300E+01  7.15467E-03
  3.66400E+01  7.15668E-03
  3.66500E+01  7.15869E-03
  3.66600E+01  7.16070E-03
  3.66700E+01  7.16272E-03
  3.66800E+01  7.16473E-03
  3.66900E+01  7.16674E-03
  3.67000E+01  7.16875E-03
  3.67100E+01  7.17076E-03
  3.67200E+01  7.17277E-03
  3.67300E+01  7.17478E-03
  3.67400E+01  7.17680E-03
  3.67500E+01  7.17881E-03
  3.67600E+01  7.18082E-03
  3.67700E+01  7.18283E-03
  3.67800E+01  7.18484E-03
  3.67900E+01  7.18685E-03
  3.68000E+01  7.18887E-03
  3.68100E+01  7.19088E-03
  3.68200E+01  7.19289E-03
  3.68300E+01  7.19490E-03
  3.68400E+01  7.19691E-03
  3.68500E+01  7.19892E-03
  3.68600E+01  7.20094E-03
  3.68700E+01  7.20295E-03
  3.68800E+01  7.20496E-03
  3.68900E+01  7.20697E-03
  3.69000E+01  7.20898E-03
  3.69100E+01  7.21099E-03
  3.69200E+01  7.21301E-03
  3.69300E+01  7.21502E-03
  3.69400E+01  7.21703E-03
  3.69500E+01  7.21904E-03
  3.69600E+01  7.22105E-03
  3.69700E+01  7.22306E-03
  3.69800E+01  7.22508E-03
  3.69900E+01  7.22709E-03
  3.70000E+01  7.22910E-03
  3.70100E+01  7.23111E-03
  3.70200E+01  7.23312E-03
  3.70300E+01  7.23513E-03
  3.70400E+01  7.23715E-03
  3.70500E+01  7.23916E-03
  3.70600E+01  7.24117E-03
  3.70700E+01  7.24318E-03
  3.70800E+01  7.24519E-03
  3.70900E+01  7.24721E-03
  3.71000E+01  7.24922E-03
  3.71100E+01  7.25123E-03
  3.71200E+01  7.25324E-03
  3.71300E+01  7.25525E-03
  3.71400E+01  7.25726E-03
  3.71500E+01  7.25928E-03
  3.71600E+01  7.26129E-03
  3.71700E+01  7.26330E-03
  3.71800E+01  7.26531E-03
  3.71900E+01  7.26732E-03
  3.72000E+01  7.26934E-03
  3.72100E+01  7.27135E-03
  3.72200E+01  7.27336E-03
  3.72300E+01  7.27537E-03
  3.72400E+01  7.27738E-03
  3.72500E+01  7.27940E-03
  3.72600E+01  7.28141E-03
  3.72700E+01  7.28342E-03
  3.72800E+01  7.28543E-03
  3.72900E+01  7.28744E-03
  3.73000E+01  7.28945E-03
  3.73100E+01  7.29147E-03
  3.73200E+01  7.29348E-03
  3.73300E+01  7.29549E-03
  3.73400E+01  7.29750E-03
  3.73500E+01  7.29951E-03
  3.73600E+01  7.30153E-03
  3.73700E+01  7.30354E-03
  3.73800E+01  7.30555E-03
  3.73900E+01  7.30756E-03
  3.74000E+01  7.30957E-03
  3.74100E+01  7.31159E-03
  3.74200E+01  7.31360E-03
  3.74300E+01  7.31561E-03
  3.74400E+01  7.31762E-03
  3.74500E+01  7.31963E-03
  3.74600E+01  7.32165E-03
  3.74700E+01  7.32366E-03
  3.74800E+01  7.32567E-03
  3.74900E+01  7.32768E-03
  3.75000E+01  7.32970E-03
  3.75100E+01  7.33171E-03
  3.75200E+01  7.33372E-03
  3.75300E+01  7.33573E-03
  3.75400E+01  7.33774E-03
  3.75500E+01  7.33976E-03
  3.75600E+01  7.34177E-03
  3.75700E+01  7.34378E-03
  3.75800E+01  7.34579E-03
  3.75900E+01  7.34780E-03
  3.76000E+01  7.34982E-03
  3.76100E+01  7.35183E-03
  3.76200E+01  7.35384E-03
  3.76300E+01  7.35585E-03
  3.76400E+01  7.35786E-03
  3.76500E+01  7.35988E-03
  3.76600E+01  7.36189E-03
  3.76700E+01  7.36390E-03
  3.76800E+01  7.36591E-03
  3.76900E+01  7.36793E-03
  3.77000E+01  7.36994E-03
  3.77100E+01  7.37195E-03
  3.77200E+01  7.37396E-03
  3.77300E+01  7.37597E-03
  3.77400E+01  7.37799E-03
  3.77500E+01  7.38000E-03
  3.77600E+01  7.38201E-03
  3.77700E+01  7.38402E-03
  3.77800E+01  7.38604E-03
  3.77900E+01  7.38805E-03
  3.78000E+01  7.39006E-03
  3.78100E+01  7.39207E-03
  3.78200E+01  7.39408E-03
  3.78300E+01  7.39610E-03
  3.78400E+01  7.39811E-03
  3.78500E+01  7.40012E-03
  3.78600E+01  7.40213E-03
  3.78700E+01  7.40415E-03
  3.78800E+01  7.40616E-03
  3.78900E+01  7.40817E-03
  3.79000E+01  7.41018E-03
  3.79100E+01  7.41220E-03
  3.79200E+01  7.41421E-03
  3.79300E+01  7.41622E-03
  3.79400E+01  7.41823E-03
  3.79500E+01  7.42024E-03
  3.79600E+01  7.42226E-03
  3.79700E+01  7.42427E-03
  3.79800E+01  7.42628E-03
  3.79900E+01  7.42829E-03
  3.80000E+01  7.43031E-03
  3.80100E+01  7.43232E-03
  3.80200E+01  7.43433E-03
  3.80300E+01  7.43634E-03
  3.80400E+01  7.43836E-03
  3.80500E+01  7.44037E-03
  3.80600E+01  7.44238E-03
  3.80700E+01  7.44439E-03
  3.80800E+01  7.44641E-03
  3.80900E+01  7.44842E-03
  3.81000E+01  7.45043E-03
  3.81100E+01  7.45244E-03
  3.81200E+01  7.45446E-03
  3.81300E+01  7.45647E-03
  3.81400E+01  7.45848E-03
  3.81500E+01  7.46049E-03
  3.81600E+01  7.46251E-03
  3.81700E+01  7.46452E-03
  3.81800E+01  7.46653E-03
  3.81900E+01  7.46854E-03
  3.82000E+01  7.47055E-03
  3.82100E+01  7.47257E-03
  3.82200E+01  7.47458E-03
  3.82300E+01  7.47659E-03
  3.82400E+01  7.47861E-03
  3.82500E+01  7.48062E-03
  3.82600E+01  7.48263E-03
  3.82700E+01  7.48464E-03
  3.82800E+01  7.48666E-03
  3.82900E+01  7.48867E-03
  3.83000E+01  7.49068E-03
  3.83100E+01  7.49269E-03
  3.83200E+01  7.49471E-03
  3.83300E+01  7.49672E-03
  3.83400E+01  7.49873E-03
  3.83500E+01  7.50074E-03
  3.83600E+01  7.50276E-03
  3.83700E+01  7.50477E-03
  3.83800E+01  7.50678E-03
  3.83900E+01  7.50879E-03
  3.84000E+01  7.51081E-03
  3.84100E+01  7.51282E-03
  3.84200E+01  7.51483E-03
  3.84300E+01  7.51684E-03
  3.84400E+01  7.51886E-03
  3.84500E+01  7.52087E-03
  3.84600E+01  7.52288E-03
  3.84700E+01  7.52489E-03
  3.84800E+01  7.52691E-03
  3.84900E+01  7.52892E-03
  3.85000E+01  7.53093E-03
  3.85100E+01  7.53295E-03
  3.85200E+01  7.53496E-03
  3.85300E+01  7.53697E-03
  3.85400E+01  7.53898E-03
  3.85500E+01  7.54100E-03
  3.85600E+01  7.54301E-03
  3.85700E+01  7.54502E-03
  3.85800E+01  7.54703E-03
  3.85900E+01  7.54905E-03
  3.86000E+01  7.55106E-03
  3.86100E+01  7.55307E-03
  3.86200E+01  7.55509E-03
  3.86300E+01  7.55710E-03
  3.86400E+01  7.55911E-03
  3.86500E+01  7.56112E-03
  3.86600E+01  7.56314E-03
  3.86700E+01  7.56515E-03
  3.86800E+01  7.56716E-03
  3.86900E+01  7.56917E-03
  3.87000E+01  7.57119E-03
  3.87100E+01  7.57320E-03
  3.87200E+01  7.57521E-03
  3.87300E+01  7.57723E-03
  3.87400E+01  7.57924E-03
  3.87500E+01  7.58125E-03
  3.87600E+01  7.58326E-03
  3.87700E+01  7.58528E-03
  3.87800E+01  7.58729E-03
  3.87900E+01  7.58930E-03
  3.88000E+01  7.59132E-03
  3.88100E+01  7.59333E-03
  3.88200E+01  7.59534E-03
  3.88300E+01  7.59735E-03
  3.88400E+01  7.59937E-03
  3.88500E+01  7.60138E-03
  3.88600E+01  7.60339E-03
  3.88700E+01  7.60541E-03
  3.88800E+01  7.60742E-03
  3.88900E+01  7.60943E-03
  3.89000E+01  7.61144E-03
  3.89100E+01  7.61346E-03
  3.89200E+01  7.61547E-03
  3.89300E+01  7.61748E-03
  3.89400E+01  7.61950E-03
  3.89500E+01  7.62151E-03
  3.89600E+01  7.62352E-03
  3.89700E+01  7.62554E-03
  3.89800E+01  7.62755E-03
  3.89900E+01  7.62956E-03
  3.90000E+01  7.63157E-03
  3.90100E+01  7.63359E-03
  3.90200E+01  7.63560E-03
  3.90300E+01  7.63761E-03
  3.90400E+01  7.63963E-03
  3.90500E+01  7.64164E-03
  3.90600E+01  7.64365E-03
  3.90700E+01  7.64567E-03
  3.90800E+01  7.64768E-03
  3.90900E+01  7.64969E-03
  3.91000E+01  7.65170E-03
  3.91100E+01  7.65372E-03
  3.91200E+01  7.65573E-03
  3.91300E+01  7.65774E-03
  3.91400E+01  7.65976E-03
  3.91500E+01  7.66177E-03
  3.91600E+01  7.66378E-03
  3.91700E+01  7.66580E-03
  3.91800E+01  7.66781E-03
  3.91900E+01  7.66982E-03
  3.92000E+01  7.67184E-03
  3.92100E+01  7.67385E-03
  3.92200E+01  7.67586E-03
  3.92300E+01  7.67787E-03
  3.92400E+01  7.67989E-03
  3.92500E+01  7.68190E-03
  3.92600E+01  7.68391E-03
  3.92700E+01  7.68593E-03
  3.92800E+01  7.68794E-03
  3.92900E+01  7.68995E-03
  3.93000E+01  7.69197E-03
  3.93100E+01  7.69398E-03
  3.93200E+01  7.69599E-03
  3.93300E+01  7.69801E-03
  3.93400E+01  7.70002E-03
  3.93500E+01  7.70203E-03
  3.93600E+01  7.70405E-03
  3.93700E+01  7.70606E-03
  3.93800E+01  7.70807E-03
  3.93900E+01  7.71009E-03
  3.94000E+01  7.71210E-03
  3.94100E+01  7.71411E-03
  3.94200E+01  7.71613E-03
  3.94300E+01  7.71814E-03
  3.94400E+01  7.72015E-03
  3.94500E+01  7.72216E-03
  3.94600E+01  7.72418E-03
  3.94700E+01  7.72619E-03
  3.94800E+01  7.72820E-03
  3.94900E+01  7.73022E-03
  3.95000E+01  7.73223E-03
  3.95100E+01  7.73424E-03
  3.95200E+01  7.73626E-03
  3.95300E+01  7.73827E-03
  3.95400E+01  7.74028E-03
  3.95500E+01  7.74230E-03
  3.95600E+01  7.74431E-03
  3.95700E+01  7.74632E-03
  3.95800E+01  7.74834E-03
  3.95900E+01  7.75035E-03
  3.96000E+01  7.75236E-03
  3.96100E+01  7.75438E-03
  3.96200E+01  7.75639E-03
  3.96300E+01  7.75840E-03
  3.96400E+01  7.76042E-03
  3.96500E+01  7.76243E-03
  3.96600E+01  7.76444E-03
  3.96700E+01  7.76646E-03
  3.96800E+01  7.76847E-03
  3.96900E+01  7.77048E-03
  3.97000E+01  7.77250E-03
  3.97100E+01  7.77451E-03
  3.97200E+01  7.77652E-03
  3.97300E+01  7.77854E-03
  3.97400E+01  7.78055E-03
  3.97500E+01  7.78256E-03
  3.97600E+01  7.78458E-03
  3.97700E+01  7.78659E-03
  3.97800E+01  7.78861E-03
  3.97900E+01  7.79062E-03
  3.98000E+01  7.79263E-03
  3.98100E+01  7.79465E-03
  3.98200E+01  7.79666E-03
  3.98300E+01  7.79867E-03
  3.98400E+01  7.80069E-03
  3.98500E+01  7.80270E-03
  3.98600E+01  7.80471E-03
  3.98700E+01  7.80673E-03
  3.98800E+01  7.80874E-03
  3.98900E+01  7.81075E-03
  3.99000E+01  7.81277E-03
  3.99100E+01  7.81478E-03
  3.99200E+01  7.81679E-03
  3.99300E+01  7.81881E-03
  3.99400E+01  7.82082E-03
  3.99500E+01  7.82283E-03
  3.99600E+01  7.82485E-03
  3.99700E+01  7.82686E-03
  3.99800E+01  7.82888E-03
  3.99900E+01  7.83089E-03
  4.00000E+01  7.83290E-03
  4.00100E+01  7.83492E-03
  4.00200E+01  7.83693E-03
  4.00300E+01  7.83894E-03
  4.00400E+01  7.84096E-03
  4.00500E+01  7.84297E-03
  4.00600E+01  7.84498E-03
  4.00700E+01  7.84700E-03
  4.00800E+01  7.84901E-03
  4.00900E+01  7.85102E-03
  4.01000E+01  7.85304E-03
  4.01100E+01  7.85505E-03
  4.01200E+01  7.85707E-03
  4.01300E+01  7.85908E-03
  4.01400E+01  7.86109E-03
  4.01500E+01  7.86311E-03
  4.01600E+01  7.86512E-03
  4.01700E+01  7.86713E-03
  4.01800E+01  7.86915E-03
  4.01900E+01  7.87116E-03
  4.02000E+01  7.87317E-03
  4.02100E+01  7.87519E-03
  4.02200E+01  7.87720E-03
  4.02300E+01  7.87922E-03
  4.02400E+01  7.88123E-03
  4.02500E+01  7.88324E-03
  4.02600E+01  7.88526E-03
  4.02700E+01  7.88727E-03
  4.02800E+01  7.88928E-03
  4.02900E+01  7.89130E-03
  4.03000E+01  7.89331E-03
  4.03100E+01  7.89533E-03
  4.03200E+01  7.89734E-03
  4.03300E+01  7.89935E-03
  4.03400E+01  7.90137E-03
  4.03500E+01  7.90338E-03
  4.03600E+01  7.90539E-03
  4.03700E+01  7.90741E-03
  4.03800E+01  7.90942E-03
  4.03900E+01  7.91144E-03
  4.04000E+01  7.91345E-03
  4.04100E+01  7.91546E-03
  4.04200E+01  7.91748E-03
  4.04300E+01  7.91949E-03
  4.04400E+01  7.92150E-03
  4.04500E+01  7.92352E-03
  4.04600E+01  7.92553E-03
  4.04700E+01  7.92755E-03
  4.04800E+01  7.92956E-03
  4.04900E+01  7.93157E-03
  4.05000E+01  7.93359E-03
  4.05100E+01  7.93560E-03
  4.05200E+01  7.93762E-03
  4.05300E+01  7.93963E-03
  4.05400E+01  7.94164E-03
  4.05500E+01  7.94366E-03
  4.05600E+01  7.94567E-03
  4.05700E+01  7.94768E-03
  4.05800E+01  7.94970E-03
  4.05900E+01  7.95171E-03
  4.06000E+01  7.95373E-03
  4.06100E+01  7.95574E-03
  4.06200E+01  7.95775E-03
  4.06300E+01  7.95977E-03
  4.06400E+01  7.96178E-03
  4.06500E+01  7.96380E-03
  4.06600E+01  7.96581E-03
  4.06700E+01  7.96782E-03
  4.06800E+01  7.96984E-03
  4.06900E+01  7.97185E-03
  4.07000E+01  7.97387E-03
  4.07100E+01  7.97588E-03
  4.07200E+01  7.97789E-03
  4.07300E+01  7.97991E-03
  4.07400E+01  7.98192E-03
  4.07500E+01  7.98394E-03
  4.07600E+01  7.98595E-03
  4.07700E+01  7.98796E-03
  4.07800E+01  7.98998E-03
  4.07900E+01  7.99199E-03
  4.08000E+01  7.99401E-03
  4.08100E+01  7.99602E-03
  4.08200E+01  7.99803E-03
  4.08300E+01  8.00005E-03
  4.08400E+01  8.00206E-03
  4.08500E+01  8.00408E-03
  4.08600E+01  8.00609E-03
  4.08700E+01  8.00810E-03
  4.08800E+01  8.01012E-03
  4.08900E+01  8.01213E-03
  4.09000E+01  8.01415E-03
  4.09100E+01  8.01616E-03
  4.09200E+01  8.01817E-03
  4.09300E+01  8.02019E-03
  4.09400E+01  8.02220E-03
  4.09500E+01  8.02422E-03
  4.09600E+01  8.02623E-03
  4.09700E+01  8.02824E-03
  4.09800E+01  8.03026E-03
  4.09900E+01  8.03227E-03
  4.10000E+01  8.03429E-03
  4.10100E+01  8.03630E-03
  4.10200E+01  8.03832E-03
  4.10300E+01  8.04033E-03
  4.10400E+01  8.04234E-03
  4.10500E+01  8.04436E-03
  4.10600E+01  8.04637E-03
  4.10700E+01  8.04839E-03
  4.10800E+01  8.05040E-03
  4.10900E+01  8.05241E-03
  4.11000E+01  8.05443E-03
  4.11100E+01  8.05644E-03
  4.11200E+01  8.05846E-03
  4.11300E+01  8.06047E-03
  4.11400E+01  8.06249E-03
  4.11500E+01  8.06450E-03
  4.11600E+01  8.06651E-03
  4.11700E+01  8.06853E-03
  4.11800E+01  8.07054E-03
  4.11900E+01  8.07256E-03
  4.12000E+01  8.07457E-03
  4.12100E+01  8.07659E-03
  4.12200E+01  8.07860E-03
  4.12300E+01  8.08061E-03
  4.12400E+01  8.08263E-03
  4.12500E+01  8.08464E-03
  4.12600E+01  8.08666E-03
  4.12700E+01  8.08867E-03
  4.12800E+01  8.09069E-03
  4.12900E+01  8.09270E-03
  4.13000E+01  8.09471E-03
  4.13100E+01  8.09673E-03
  4.13200E+01  8.09874E-03
  4.13300E+01  8.10076E-03
  4.13400E+01  8.10277E-03
  4.13500E+01  8.10479E-03
  4.13600E+01  8.10680E-03
  4.13700E+01  8.10881E-03
  4.13800E+01  8.11083E-03
  4.13900E+01  8.11284E-03
  4.14000E+01  8.11486E-03
  4.14100E+01  8.11687E-03
  4.14200E+01  8.11889E-03
  4.14300E+01  8.12090E-03
  4.14400E+01  8.12291E-03
  4.14500E+01  8.12493E-03
  4.14600E+01  8.12694E-03
  4.14700E+01  8.12896E-03
  4.14800E+01  8.13097E-03
  4.14900E+01  8.13299E-03
  4.15000E+01  8.13500E-03
  4.15100E+01  8.13701E-03
  4.15200E+01  8.13903E-03
  4.15300E+01  8.14104E-03
  4.15400E+01  8.14306E-03
  4.15500E+01  8.14507E-03
  4.15600E+01  8.14709E-03
  4.15700E+01  8.14910E-03
  4.15800E+01  8.15112E-03
  4.15900E+01  8.15313E-03
  4.16000E+01  8.15514E-03
  4.16100E+01  8.15716E-03
  4.16200E+01  8.15917E-03
  4.16300E+01  8.16119E-03
  4.16400E+01  8.16320E-03
  4.16500E+01  8.16522E-03
  4.16600E+01  8.16723E-03
  4.16700E+01  8.16925E-03
  4.16800E+01  8.17126E-03
  4.16900E+01  8.17328E-03
  4.17000E+01  8.17529E-03
  4.17100E+01  8.17730E-03
  4.17200E+01  8.17932E-03
  4.17300E+01  8.18133E-03
  4.17400E+01  8.18335E-03
  4.17500E+01  8.18536E-03
  4.17600E+01  8.18738E-03
  4.17700E+01  8.18939E-03
  4.17800E+01  8.19141E-03
  4.17900E+01  8.19342E-03
  4.18000E+01  8.19543E-03
  4.18100E+01  8.19745E-03
  4.18200E+01  8.19946E-03
  4.18300E+01  8.20148E-03
  4.18400E+01  8.20349E-03
  4.18500E+01  8.20551E-03
  4.18600E+01  8.20752E-03
  4.18700E+01  8.20954E-03
  4.18800E+01  8.21155E-03
  4.18900E+01  8.21357E-03
  4.19000E+01  8.21558E-03
  4.19100E+01  8.21760E-03
  4.19200E+01  8.21961E-03
  4.19300E+01  8.22162E-03
  4.19400E+01  8.22364E-03
  4.19500E+01  8.22565E-03
  4.19600E+01  8.22767E-03
  4.19700E+01  8.22968E-03
  4.19800E+01  8.23170E-03
  4.19900E+01  8.23371E-03
  4.20000E+01  8.23573E-03
  4.20100E+01  8.23774E-03
  4.20200E+01  8.23976E-03
  4.20300E+01  8.24177E-03
  4.20400E+01  8.24379E-03
  4.20500E+01  8.24580E-03
  4.20600E+01  8.24782E-03
  4.20700E+01  8.24983E-03
  4.20800E+01  8.25184E-03
  4.20900E+01  8.25386E-03
  4.21000E+01  8.25587E-03
  4.21100E+01  8.25789E-03
  4.21200E+01  8.25990E-03
  4.21300E+01  8.26192E-03
  4.21400E+01  8.26393E-03
  4.21500E+01  8.26595E-03
  4.21600E+01  8.26796E-03
  4.21700E+01  8.26998E-03
  4.21800E+01  8.27199E-03
  4.21900E+01  8.27401E-03
  4.22000E+01  8.27602E-03
  4.22100E+01  8.27804E-03
  4.22200E+01  8.28005E-03
  4.22300E+01  8.28207E-03
  4.22400E+01  8.28408E-03
  4.22500E+01  8.28610E-03
  4.22600E+01  8.28811E-03
  4.22700E+01  8.29013E-03
  4.22800E+01  8.29214E-03
  4.22900E+01  8.29415E-03
  4.23000E+01  8.29617E-03
  4.23100E+01  8.29818E-03
  4.23200E+01  8.30020E-03
  4.23300E+01  8.30221E-03
  4.23400E+01  8.30423E-03
  4.23500E+01  8.30624E-03
  4.23600E+01  8.30826E-03
  4.23700E+01  8.31027E-03
  4.23800E+01  8.31229E-03
  4.23900E+01  8.31430E-03
  4.24000E+01  8.31632E-03
  4.24100E+01  8.31833E-03
  4.24200E+01  8.32035E-03
  4.24300E+01  8.32236E-03
  4.24400E+01  8.32438E-03
  4.24500E+01  8.32639E-03
  4.24600E+01  8.32841E-03
  4.24700E+01  8.33042E-03
  4.24800E+01  8.33244E-03
  4.24900E+01  8.33445E-03
  4.25000E+01  8.33647E-03
  4.25100E+01  8.33848E-03
  4.25200E+01  8.34050E-03
  4.25300E+01  8.34251E-03
  4.25400E+01  8.34453E-03
  4.25500E+01  8.34654E-03
  4.25600E+01  8.34856E-03
  4.25700E+01  8.35057E-03
  4.25800E+01  8.35259E-03
  4.25900E+01  8.35460E-03
  4.26000E+01  8.35662E-03
  4.26100E+01  8.35863E-03
  4.26200E+01  8.36065E-03
  4.26300E+01  8.36266E-03
  4.26400E+01  8.36468E-03
  4.26500E+01  8.36669E-03
  4.26600E+01  8.36871E-03
  4.26700E+01  8.37072E-03
  4.26800E+01  8.37274E-03
  4.26900E+01  8.37475E-03
  4.27000E+01  8.37677E-03
  4.27100E+01  8.37878E-03
  4.27200E+01  8.38080E-03
  4.27300E+01  8.38281E-03
  4.27400E+01  8.38483E-03
  4.27500E+01  8.38684E-03
  4.27600E+01  8.38886E-03
  4.27700E+01  8.39087E-03
  4.27800E+01  8.39289E-03
  4.27900E+01  8.39490E-03
  4.28000E+01  8.39692E-03
  4.28100E+01  8.39893E-03
  4.28200E+01  8.40095E-03
  4.28300E+01  8.40296E-03
  4.28400E+01  8.40498E-03
  4.28500E+01  8.40699E-03
  4.28600E+01  8.40901E-03
  4.28700E+01  8.41102E-03
  4.28800E+01  8.41304E-03
  4.28900E+01  8.41505E-03
  4.29000E+01  8.41707E-03
  4.29100E+01  8.41908E-03
  4.29200E+01  8.42110E-03
  4.29300E+01  8.42311E-03
  4.29400E+01  8.42513E-03
  4.29500E+01  8.42714E-03
  4.29600E+01  8.42916E-03
  4.29700E+01  8.43117E-03
  4.29800E+01  8.43319E-03
  4.29900E+01  8.43520E-03
  4.30000E+01  8.43722E-03
  4.30100E+01  8.43923E-03
  4.30200E+01  8.44125E-03
  4.30300E+01  8.44326E-03
  4.30400E+01  8.44528E-03
  4.30500E+01  8.44729E-03
  4.30600E+01  8.44931E-03
  4.30700E+01  8.45133E-03
  4.30800E+01  8.45334E-03
  4.30900E+01  8.45536E-03
  4.31000E+01  8.45737E-03
  4.31100E+01  8.45939E-03
  4.31200E+01  8.46140E-03
  4.31300E+01  8.46342E-03
  4.31400E+01  8.46543E-03
  4.31500E+01  8.46745E-03
  4.31600E+01  8.46946E-03
  4.31700E+01  8.47148E-03
  4.31800E+01  8.47349E-03
  4.31900E+01  8.47551E-03
  4.32000E+01  8.47752E-03
  4.32100E+01  8.47954E-03
  4.32200E+01  8.48155E-03
  4.32300E+01  8.48357E-03
  4.32400E+01  8.48558E-03
  4.32500E+01  8.48760E-03
  4.32600E+01  8.48961E-03
  4.32700E+01  8.49163E-03
  4.32800E+01  8.49365E-03
  4.32900E+01  8.49566E-03
  4.33000E+01  8.49768E-03
  4.33100E+01  8.49969E-03
  4.33200E+01  8.50171E-03
  4.33300E+01  8.50372E-03
  4.33400E+01  8.50574E-03
  4.33500E+01  8.50775E-03
  4.33600E+01  8.50977E-03
  4.33700E+01  8.51178E-03
  4.33800E+01  8.51380E-03
  4.33900E+01  8.51581E-03
  4.34000E+01  8.51783E-03
  4.34100E+01  8.51984E-03
  4.34200E+01  8.52186E-03
  4.34300E+01  8.52388E-03
  4.34400E+01  8.52589E-03
  4.34500E+01  8.52791E-03
  4.34600E+01  8.52992E-03
  4.34700E+01  8.53194E-03
  4.34800E+01  8.53395E-03
  4.34900E+01  8.53597E-03
  4.35000E+01  8.53798E-03
  4.35100E+01  8.54000E-03
  4.35200E+01  8.54201E-03
  4.35300E+01  8.54403E-03
  4.35400E+01  8.54604E-03
  4.35500E+01  8.54806E-03
  4.35600E+01  8.55008E-03
  4.35700E+01  8.55209E-03
  4.35800E+01  8.55411E-03
  4.35900E+01  8.55612E-03
  4.36000E+01  8.55814E-03
  4.36100E+01  8.56015E-03
  4.36200E+01  8.56217E-03
  4.36300E+01  8.56418E-03
  4.36400E+01  8.56620E-03
  4.36500E+01  8.56821E-03
  4.36600E+01  8.57023E-03
  4.36700E+01  8.57225E-03
  4.36800E+01  8.57426E-03
  4.36900E+01  8.57628E-03
  4.37000E+01  8.57829E-03
  4.37100E+01  8.58031E-03
  4.37200E+01  8.58232E-03
  4.37300E+01  8.58434E-03
  4.37400E+01  8.58635E-03
  4.37500E+01  8.58837E-03
  4.37600E+01  8.59039E-03
  4.37700E+01  8.59240E-03
  4.37800E+01  8.59442E-03
  4.37900E+01  8.59643E-03
  4.38000E+01  8.59845E-03
  4.38100E+01  8.60046E-03
  4.38200E+01  8.60248E-03
  4.38300E+01  8.60449E-03
  4.38400E+01  8.60651E-03
  4.38500E+01  8.60853E-03
  4.38600E+01  8.61054E-03
  4.38700E+01  8.61256E-03
  4.38800E+01  8.61457E-03
  4.38900E+01  8.61659E-03
  4.39000E+01  8.61860E-03
  4.39100E+01  8.62062E-03
  4.39200E+01  8.62263E-03
  4.39300E+01  8.62465E-03
  4.39400E+01  8.62667E-03
  4.39500E+01  8.62868E-03
  4.39600E+01  8.63070E-03
  4.39700E+01  8.63271E-03
  4.39800E+01  8.63473E-03
  4.39900E+01  8.63674E-03
  4.40000E+01  8.63876E-03
  4.40100E+01  8.64078E-03
  4.40200E+01  8.64279E-03
  4.40300E+01  8.64481E-03
  4.40400E+01  8.64682E-03
  4.40500E+01  8.64884E-03
  4.40600E+01  8.65085E-03
  4.40700E+01  8.65287E-03
  4.40800E+01  8.65488E-03
  4.40900E+01  8.65690E-03
  4.41000E+01  8.65892E-03
  4.41100E+01  8.66093E-03
  4.41200E+01  8.66295E-03
  4.41300E+01  8.66496E-03
  4.41400E+01  8.66698E-03
  4.41500E+01  8.66899E-03
  4.41600E+01  8.67101E-03
  4.41700E+01  8.67303E-03
  4.41800E+01  8.67504E-03
  4.41900E+01  8.67706E-03
  4.42000E+01  8.67907E-03
  4.42100E+01  8.68109E-03
  4.42200E+01  8.68310E-03
  4.42300E+01  8.68512E-03
  4.42400E+01  8.68714E-03
  4.42500E+01  8.68915E-03
  4.42600E+01  8.69117E-03
  4.42700E+01  8.69318E-03
  4.42800E+01  8.69520E-03
  4.42900E+01  8.69721E-03
  4.43000E+01  8.69923E-03
  4.43100E+01  8.70125E-03
  4.43200E+01  8.70326E-03
  4.43300E+01  8.70528E-03
  4.43400E+01  8.70729E-03
  4.43500E+01  8.70931E-03
  4.43600E+01  8.71133E-03
  4.43700E+01  8.71334E-03
  4.43800E+01  8.71536E-03
  4.43900E+01  8.71737E-03
  4.44000E+01  8.71939E-03
  4.44100E+01  8.72140E-03
  4.44200E+01  8.72342E-03
  4.44300E+01  8.72544E-03
  4.44400E+01  8.72745E-03
  4.44500E+01  8.72947E-03
  4.44600E+01  8.73148E-03
  4.44700E+01  8.73350E-03
  4.44800E+01  8.73552E-03
  4.44900E+01  8.73753E-03
  4.45000E+01  8.73955E-03
  4.45100E+01  8.74156E-03
  4.45200E+01  8.74358E-03
  4.45300E+01  8.74559E-03
  4.45400E+01  8.74761E-03
  4.45500E+01  8.74963E-03
  4.45600E+01  8.75164E-03
  4.45700E+01  8.75366E-03
  4.45800E+01  8.75567E-03
  4.45900E+01  8.75769E-03
  4.46000E+01  8.75971E-03
  4.46100E+01  8.76172E-03
  4.46200E+01  8.76374E-03
  4.46300E+01  8.76575E-03
  4.46400E+01  8.76777E-03
  4.46500E+01  8.76979E-03
  4.46600E+01  8.77180E-03
  4.46700E+01  8.77382E-03
  4.46800E+01  8.77583E-03
  4.46900E+01  8.77785E-03
  4.47000E+01  8.77987E-03
  4.47100E+01  8.78188E-03
  4.47200E+01  8.78390E-03
  4.47300E+01  8.78591E-03
  4.47400E+01  8.78793E-03
  4.47500E+01  8.78995E-03
  4.47600E+01  8.79196E-03
  4.47700E+01  8.79398E-03
  4.47800E+01  8.79599E-03
  4.47900E+01  8.79801E-03
  4.48000E+01  8.80002E-03
  4.48100E+01  8.80204E-03
  4.48200E+01  8.80406E-03
  4.48300E+01  8.80607E-03
  4.48400E+01  8.80809E-03
  4.48500E+01  8.81010E-03
  4.48600E+01  8.81212E-03
  4.48700E+01  8.81414E-03
  4.48800E+01  8.81615E-03
  4.48900E+01  8.81817E-03
  4.49000E+01  8.82019E-03
  4.49100E+01  8.82220E-03
  4.49200E+01  8.82422E-03
  4.49300E+01  8.82623E-03
  4.49400E+01  8.82825E-03
  4.49500E+01  8.83027E-03
  4.49600E+01  8.83228E-03
  4.49700E+01  8.83430E-03
  4.49800E+01  8.83631E-03
  4.49900E+01  8.83833E-03
  4.50000E+01  8.84035E-03
  4.50100E+01  8.84236E-03
  4.50200E+01  8.84438E-03
  4.50300E+01  8.84639E-03
  4.50400E+01  8.84841E-03
  4.50500E+01  8.85043E-03
  4.50600E+01  8.85244E-03
  4.50700E+01  8.85446E-03
  4.50800E+01  8.85647E-03
  4.50900E+01  8.85849E-03
  4.51000E+01  8.86051E-03
  4.51100E+01  8.86252E-03
  4.51200E+01  8.86454E-03
  4.51300E+01  8.86656E-03
  4.51400E+01  8.86857E-03
  4.51500E+01  8.87059E-03
  4.51600E+01  8.87260E-03
  4.51700E+01  8.87462E-03
  4.51800E+01  8.87664E-03
  4.51900E+01  8.87865E-03
  4.52000E+01  8.88067E-03
  4.52100E+01  8.88268E-03
  4.52200E+01  8.88470E-03
  4.52300E+01  8.88672E-03
  4.52400E+01  8.88873E-03
  4.52500E+01  8.89075E-03
  4.52600E+01  8.89277E-03
  4.52700E+01  8.89478E-03
  4.52800E+01  8.89680E-03
  4.52900E+01  8.89881E-03
  4.53000E+01  8.90083E-03
  4.53100E+01  8.90285E-03
  4.53200E+01  8.90486E-03
  4.53300E+01  8.90688E-03
  4.53400E+01  8.90890E-03
  4.53500E+01  8.91091E-03
  4.53600E+01  8.91293E-03
  4.53700E+01  8.91494E-03
  4.53800E+01  8.91696E-03
  4.53900E+01  8.91898E-03
  4.54000E+01  8.92099E-03
  4.54100E+01  8.92301E-03
  4.54200E+01  8.92503E-03
  4.54300E+01  8.92704E-03
  4.54400E+01  8.92906E-03
  4.54500E+01  8.93107E-03
  4.54600E+01  8.93309E-03
  4.54700E+01  8.93511E-03
  4.54800E+01  8.93712E-03
  4.54900E+01  8.93914E-03
  4.55000E+01  8.94116E-03
  4.55100E+01  8.94317E-03
  4.55200E+01  8.94519E-03
  4.55300E+01  8.94720E-03
  4.55400E+01  8.94922E-03
  4.55500E+01  8.95124E-03
  4.55600E+01  8.95325E-03
  4.55700E+01  8.95527E-03
  4.55800E+01  8.95729E-03
  4.55900E+01  8.95930E-03
  4.56000E+01  8.96132E-03
  4.56100E+01  8.96334E-03
  4.56200E+01  8.96535E-03
  4.56300E+01  8.96737E-03
  4.56400E+01  8.96938E-03
  4.56500E+01  8.97140E-03
  4.56600E+01  8.97342E-03
  4.56700E+01  8.97543E-03
  4.56800E+01  8.97745E-03
  4.56900E+01  8.97947E-03
  4.57000E+01  8.98148E-03
  4.57100E+01  8.98350E-03
  4.57200E+01  8.98552E-03
  4.57300E+01  8.98753E-03
  4.57400E+01  8.98955E-03
  4.57500E+01  8.99156E-03
  4.57600E+01  8.99358E-03
  4.57700E+01  8.99560E-03
  4.57800E+01  8.99761E-03
  4.57900E+01  8.99963E-03
  4.58000E+01  9.00165E-03
  4.58100E+01  9.00366E-03
  4.58200E+01  9.00568E-03
  4.58300E+01  9.00770E-03
  4.58400E+01  9.00971E-03
  4.58500E+01  9.01173E-03
  4.58600E+01  9.01375E-03
  4.58700E+01  9.01576E-03
  4.58800E+01  9.01778E-03
  4.58900E+01  9.01979E-03
  4.59000E+01  9.02181E-03
  4.59100E+01  9.02383E-03
  4.59200E+01  9.02584E-03
  4.59300E+01  9.02786E-03
  4.59400E+01  9.02988E-03
  4.59500E+01  9.03189E-03
  4.59600E+01  9.03391E-03
  4.59700E+01  9.03593E-03
  4.59800E+01  9.03794E-03
  4.59900E+01  9.03996E-03
  4.60000E+01  9.04198E-03
  4.60100E+01  9.04399E-03
  4.60200E+01  9.04601E-03
  4.60300E+01  9.04803E-03
  4.60400E+01  9.05004E-03
  4.60500E+01  9.05206E-03
  4.60600E+01  9.05408E-03
  4.60700E+01  9.05609E-03
  4.60800E+01  9.05811E-03
  4.60900E+01  9.06013E-03
  4.61000E+01  9.06214E-03
  4.61100E+01  9.06416E-03
  4.61200E+01  9.06617E-03
  4.61300E+01  9.06819E-03
  4.61400E+01  9.07021E-03
  4.61500E+01  9.07222E-03
  4.61600E+01  9.07424E-03
  4.61700E+01  9.07626E-03
  4.61800E+01  9.07827E-03
  4.61900E+01  9.08029E-03
  4.62000E+01  9.08231E-03
  4.62100E+01  9.08432E-03
  4.62200E+01  9.08634E-03
  4.62300E+01  9.08836E-03
  4.62400E+01  9.09037E-03
  4.62500E+01  9.09239E-03
  4.62600E+01  9.09441E-03
  4.62700E+01  9.09642E-03
  4.62800E+01  9.09844E-03
  4.62900E+01  9.10046E-03
  4.63000E+01  9.10247E-03
  4.63100E+01  9.10449E-03
  4.63200E+01  9.10651E-03
  4.63300E+01  9.10852E-03
  4.63400E+01  9.11054E-03
  4.63500E+01  9.11256E-03
  4.63600E+01  9.11457E-03
  4.63700E+01  9.11659E-03
  4.63800E+01  9.11861E-03
  4.63900E+01  9.12062E-03
  4.64000E+01  9.12264E-03
  4.64100E+01  9.12466E-03
  4.64200E+01  9.12667E-03
  4.64300E+01  9.12869E-03
  4.64400E+01  9.13071E-03
  4.64500E+01  9.13272E-03
  4.64600E+01  9.13474E-03
  4.64700E+01  9.13676E-03
  4.64800E+01  9.13877E-03
  4.64900E+01  9.14079E-03
  4.65000E+01  9.14281E-03
  4.65100E+01  9.14482E-03
  4.65200E+01  9.14684E-03
  4.65300E+01  9.14886E-03
  4.65400E+01  9.15087E-03
  4.65500E+01  9.15289E-03
  4.65600E+01  9.15491E-03
  4.65700E+01  9.15692E-03
  4.65800E+01  9.15894E-03
  4.65900E+01  9.16096E-03
  4.66000E+01  9.16298E-03
  4.66100E+01  9.16499E-03
  4.66200E+01  9.16701E-03
  4.66300E+01  9.16903E-03
  4.66400E+01  9.17104E-03
  4.66500E+01  9.17306E-03
  4.66600E+01  9.17508E-03
  4.66700E+01  9.17709E-03
  4.66800E+01  9.17911E-03
  4.66900E+01  9.18113E-03
  4.67000E+01  9.18314E-03
  4.67100E+01  9.18516E-03
  4.67200E+01  9.18718E-03
  4.67300E+01  9.18919E-03
  4.67400E+01  9.19121E-03
  4.67500E+01  9.19323E-03
  4.67600E+01  9.19524E-03
  4.67700E+01  9.19726E-03
  4.67800E+01  9.19928E-03
  4.67900E+01  9.20129E-03
  4.68000E+01  9.20331E-03
  4.68100E+01  9.20533E-03
  4.68200E+01  9.20735E-03
  4.68300E+01  9.20936E-03
  4.68400E+01  9.21138E-03
  4.68500E+01  9.21340E-03
  4.68600E+01  9.21541E-03
  4.68700E+01  9.21743E-03
  4.68800E+01  9.21945E-03
  4.68900E+01  9.22146E-03
  4.69000E+01  9.22348E-03
  4.69100E+01  9.22550E-03
  4.69200E+01  9.22751E-03
  4.69300E+01  9.22953E-03
  4.69400E+01  9.23155E-03
  4.69500E+01  9.23356E-03
  4.69600E+01  9.23558E-03
  4.69700E+01  9.23760E-03
  4.69800E+01  9.23962E-03
  4.69900E+01  9.24163E-03
  4.70000E+01  9.24365E-03
  4.70100E+01  9.24567E-03
  4.70200E+01  9.24768E-03
  4.70300E+01  9.24970E-03
  4.70400E+01  9.25172E-03
  4.70500E+01  9.25373E-03
  4.70600E+01  9.25575E-03
  4.70700E+01  9.25777E-03
  4.70800E+01  9.25979E-03
  4.70900E+01  9.26180E-03
  4.71000E+01  9.26382E-03
  4.71100E+01  9.26584E-03
  4.71200E+01  9.26785E-03
  4.71300E+01  9.26987E-03
  4.71400E+01  9.27189E-03
  4.71500E+01  9.27390E-03
  4.71600E+01  9.27592E-03
  4.71700E+01  9.27794E-03
  4.71800E+01  9.27996E-03
  4.71900E+01  9.28197E-03
  4.72000E+01  9.28399E-03
  4.72100E+01  9.28601E-03
  4.72200E+01  9.28802E-03
  4.72300E+01  9.29004E-03
  4.72400E+01  9.29206E-03
  4.72500E+01  9.29407E-03
  4.72600E+01  9.29609E-03
  4.72700E+01  9.29811E-03
  4.72800E+01  9.30013E-03
  4.72900E+01  9.30214E-03
  4.73000E+01  9.30416E-03
  4.73100E+01  9.30618E-03
  4.73200E+01  9.30819E-03
  4.73300E+01  9.31021E-03
  4.73400E+01  9.31223E-03
  4.73500E+01  9.31424E-03
  4.73600E+01  9.31626E-03
  4.73700E+01  9.31828E-03
  4.73800E+01  9.32030E-03
  4.73900E+01  9.32231E-03
  4.74000E+01  9.32433E-03
  4.74100E+01  9.32635E-03
  4.74200E+01  9.32836E-03
  4.74300E+01  9.33038E-03
  4.74400E+01  9.33240E-03
  4.74500E+01  9.33442E-03
  4.74600E+01  9.33643E-03
  4.74700E+01  9.33845E-03
  4.74800E+01  9.34047E-03
  4.74900E+01  9.34248E-03
  4.75000E+01  9.34450E-03
  4.75100E+01  9.34652E-03
  4.75200E+01  9.34854E-03
  4.75300E+01  9.35055E-03
  4.75400E+01  9.35257E-03
  4.75500E+01  9.35459E-03
  4.75600E+01  9.35660E-03
  4.75700E+01  9.35862E-03
  4.75800E+01  9.36064E-03
  4.75900E+01  9.36266E-03
  4.76000E+01  9.36467E-03
  4.76100E+01  9.36669E-03
  4.76200E+01  9.36871E-03
  4.76300E+01  9.37072E-03
  4.76400E+01  9.37274E-03
  4.76500E+01  9.37476E-03
  4.76600E+01  9.37678E-03
  4.76700E+01  9.37879E-03
  4.76800E+01  9.38081E-03
  4.76900E+01  9.38283E-03
  4.77000E+01  9.38485E-03
  4.77100E+01  9.38686E-03
  4.77200E+01  9.38888E-03
  4.77300E+01  9.39090E-03
  4.77400E+01  9.39291E-03
  4.77500E+01  9.39493E-03
  4.77600E+01  9.39695E-03
  4.77700E+01  9.39897E-03
  4.77800E+01  9.40098E-03
  4.77900E+01  9.40300E-03
  4.78000E+01  9.40502E-03
  4.78100E+01  9.40704E-03
  4.78200E+01  9.40905E-03
  4.78300E+01  9.41107E-03
  4.78400E+01  9.41309E-03
  4.78500E+01  9.41510E-03
  4.78600E+01  9.41712E-03
  4.78700E+01  9.41914E-03
  4.78800E+01  9.42116E-03
  4.78900E+01  9.42317E-03
  4.79000E+01  9.42519E-03
  4.79100E+01  9.42721E-03
  4.79200E+01  9.42923E-03
  4.79300E+01  9.43124E-03
  4.79400E+01  9.43326E-03
  4.79500E+01  9.43528E-03
  4.79600E+01  9.43729E-03
  4.79700E+01  9.43931E-03
  4.79800E+01  9.44133E-03
  4.79900E+01  9.44335E-03
  4.80000E+01  9.44536E-03
  4.80100E+01  9.44738E-03
  4.80200E+01  9.44940E-03
  4.80300E+01  9.45142E-03
  4.80400E+01  9.45343E-03
  4.80500E+01  9.45545E-03
  4.80600E+01  9.45747E-03
  4.80700E+01  9.45949E-03
  4.80800E+01  9.46150E-03
  4.80900E+01  9.46352E-03
  4.81000E+01  9.46554E-03
  4.81100E+01  9.46755E-03
  4.81200E+01  9.46957E-03
  4.81300E+01  9.47159E-03
  4.81400E+01  9.47361E-03
  4.81500E+01  9.47562E-03
  4.81600E+01  9.47764E-03
  4.81700E+01  9.47966E-03
  4.81800E+01  9.48168E-03
  4.81900E+01  9.48369E-03
  4.82000E+01  9.48571E-03
  4.82100E+01  9.48773E-03
  4.82200E+01  9.48975E-03
  4.82300E+01  9.49176E-03
  4.82400E+01  9.49378E-03
  4.82500E+01  9.49580E-03
  4.82600E+01  9.49782E-03
  4.82700E+01  9.49983E-03
  4.82800E+01  9.50185E-03
  4.82900E+01  9.50387E-03
  4.83000E+01  9.50589E-03
  4.83100E+01  9.50790E-03
  4.83200E+01  9.50992E-03
  4.83300E+01  9.51194E-03
  4.83400E+01  9.51396E-03
  4.83500E+01  9.51597E-03
  4.83600E+01  9.51799E-03
  4.83700E+01  9.52001E-03
  4.83800E+01  9.52203E-03
  4.83900E+01  9.52404E-03
  4.84000E+01  9.52606E-03
  4.84100E+01  9.52808E-03
  4.84200E+01  9.53010E-03
  4.84300E+01  9.53211E-03
  4.84400E+01  9.53413E-03
  4.84500E+01  9.53615E-03
  4.84600E+01  9.53817E-03
  4.84700E+01  9.54018E-03
  4.84800E+01  9.54220E-03
  4.84900E+01  9.54422E-03
  4.85000E+01  9.54624E-03
  4.85100E+01  9.54825E-03
  4.85200E+01  9.55027E-03
  4.85300E+01  9.55229E-03
  4.85400E+01  9.55431E-03
  4.85500E+01  9.55632E-03
  4.85600E+01  9.55834E-03
  4.85700E+01  9.56036E-03
  4.85800E+01  9.56238E-03
  4.85900E+01  9.56439E-03
  4.86000E+01  9.56641E-03
  4.86100E+01  9.56843E-03
  4.86200E+01  9.57045E-03
  4.86300E+01  9.57246E-03
  4.86400E+01  9.57448E-03
  4.86500E+01  9.57650E-03
  4.86600E+01  9.57852E-03
  4.86700E+01  9.58053E-03
  4.86800E+01  9.58255E-03
  4.86900E+01  9.58457E-03
  4.87000E+01  9.58659E-03
  4.87100E+01  9.58861E-03
  4.87200E+01  9.59062E-03
  4.87300E+01  9.59264E-03
  4.87400E+01  9.59466E-03
  4.87500E+01  9.59668E-03
  4.87600E+01  9.59869E-03
  4.87700E+01  9.60071E-03
  4.87800E+01  9.60273E-03
  4.87900E+01  9.60475E-03
  4.88000E+01  9.60676E-03
  4.88100E+01  9.60878E-03
  4.88200E+01  9.61080E-03
  4.88300E+01  9.61282E-03
  4.88400E+01  9.61483E-03
  4.88500E+01  9.61685E-03
  4.88600E+01  9.61887E-03
  4.88700E+01  9.62089E-03
  4.88800E+01  9.62291E-03
  4.88900E+01  9.62492E-03
  4.89000E+01  9.62694E-03
  4.89100E+01  9.62896E-03
  4.89200E+01  9.63098E-03
  4.89300E+01  9.63299E-03
  4.89400E+01  9.63501E-03
  4.89500E+01  9.63703E-03
  4.89600E+01  9.63905E-03
  4.89700E+01  9.64106E-03
  4.89800E+01  9.64308E-03
  4.89900E+01  9.64510E-03
  4.90000E+01  9.64712E-03
  4.90100E+01  9.64914E-03
  4.90200E+01  9.65115E-03
  4.90300E+01  9.65317E-03
  4.90400E+01  9.65519E-03
  4.90500E+01  9.65721E-03
  4.90600E+01  9.65922E-03
  4.90700E+01  9.66124E-03
  4.90800E+01  9.66326E-03
  4.90900E+01  9.66528E-03
  4.91000E+01  9.66730E-03
  4.91100E+01  9.66931E-03
  4.91200E+01  9.67133E-03
  4.91300E+01  9.67335E-03
  4.91400E+01  9.67537E-03
  4.91500E+01  9.67738E-03
  4.91600E+01  9.67940E-03
  4.91700E+01  9.68142E-03
  4.91800E+01  9.68344E-03
  4.91900E+01  9.68546E-03
  4.92000E+01  9.68747E-03
  4.92100E+01  9.68949E-03
  4.92200E+01  9.69151E-03
  4.92300E+01  9.69353E-03
  4.92400E+01  9.69554E-03
  4.92500E+01  9.69756E-03
  4.92600E+01  9.69958E-03
  4.92700E+01  9.70160E-03
  4.92800E+01  9.70362E-03
  4.92900E+01  9.70563E-03
  4.93000E+01  9.70765E-03
  4.93100E+01  9.70967E-03
  4.93200E+01  9.71169E-03
  4.93300E+01  9.71371E-03
  4.93400E+01  9.71572E-03
  4.93500E+01  9.71774E-03
  4.93600E+01  9.71976E-03
  4.93700E+01  9.72178E-03
  4.93800E+01  9.72379E-03
  4.93900E+01  9.72581E-03
  4.94000E+01  9.72783E-03
  4.94100E+01  9.72985E-03
  4.94200E+01  9.73187E-03
  4.94300E+01  9.73388E-03
  4.94400E+01  9.73590E-03
  4.94500E+01  9.73792E-03
  4.94600E+01  9.73994E-03
  4.94700E+01  9.74196E-03
  4.94800E+01  9.74397E-03
  4.94900E+01  9.74599E-03
  4.95000E+01  9.74801E-03
  4.95100E+01  9.75003E-03
  4.95200E+01  9.75205E-03
  4.95300E+01  9.75406E-03
  4.95400E+01  9.75608E-03
  4.95500E+01  9.75810E-03
  4.95600E+01  9.76012E-03
  4.95700E+01  9.76213E-03
  4.95800E+01  9.76415E-03
  4.95900E+01  9.76617E-03
  4.96000E+01  9.76819E-03
  4.96100E+01  9.77021E-03
  4.96200E+01  9.77222E-03
  4.96300E+01  9.77424E-03
  4.96400E+01  9.77626E-03
  4.96500E+01  9.77828E-03
  4.96600E+01  9.78030E-03
  4.96700E+01  9.78231E-03
  4.96800E+01  9.78433E-03
  4.96900E+01  9.78635E-03
  4.97000E+01  9.78837E-03
  4.97100E+01  9.79039E-03
  4.97200E+01  9.79240E-03
  4.97300E+01  9.79442E-03
  4.97400E+01  9.79644E-03
  4.97500E+01  9.79846E-03
  4.97600E+01  9.80048E-03
  4.97700E+01  9.80249E-03
  4.97800E+01  9.80451E-03
  4.97900E+01  9.80653E-03
  4.98000E+01  9.80855E-03
  4.98100E+01  9.81057E-03
  4.98200E+01  9.81258E-03
  4.98300E+01  9.81460E-03
  4.98400E+01  9.81662E-03
  4.98500E+01  9.81864E-03
  4.98600E+01  9.82066E-03
  4.98700E+01  9.82267E-03
  4.98800E+01  9.82469E-03
  4.98900E+01  9.82671E-03
  4.99000E+01  9.82873E-03
  4.99100E+01  9.83075E-03
  4.99200E+01  9.83277E-03
  4.99300E+01  9.83478E-03
  4.99400E+01  9.83680E-03
  4.99500E+01  9.83882E-03
  4.99600E+01  9.84084E-03
  4.99700E+01  9.84286E-03
  4.99800E+01  9.84487E-03
  4.99900E+01  9.84689E-03
  5.00000E+01  9.84891E-03
  5.00100E+01  9.85093E-03
  5.00200E+01  9.85295E-03
  5.00300E+01  9.85496E-03
  5.00400E+01  9.85698E-03
  5.00500E+01  9.85900E-03
  5.00600E+01  9.86102E-03
  5.00700E+01  9.86304E-03
  5.00800E+01  9.86505E-03
  5.00900E+01  9.86707E-03
  5.01000E+01  9.86909E-03
  5.01100E+01  9.87111E-03
  5.01200E+01  9.87313E-03
  5.01300E+01  9.87515E-03
  5.01400E+01  9.87716E-03
  5.01500E+01  9.87918E-03
  5.01600E+01  9.88120E-03
  5.01700E+01  9.88322E-03
  5.01800E+01  9.88524E-03
  5.01900E+01  9.88725E-03
  5.02000E+01  9.88927E-03
  5.02100E+01  9.89129E-03
  5.02200E+01  9.89331E-03
  5.02300E+01  9.89533E-03
  5.02400E+01  9.89735E-03
  5.02500E+01  9.89936E-03
  5.02600E+01  9.90138E-03
  5.02700E+01  9.90340E-03
  5.02800E+01  9.90542E-03
  5.02900E+01  9.90744E-03
  5.03000E+01  9.90945E-03
  5.03100E+01  9.91147E-03
  5.03200E+01  9.91349E-03
  5.03300E+01  9.91551E-03
  5.03400E+01  9.91753E-03
  5.03500E+01  9.91955E-03
  5.03600E+01  9.92156E-03
  5.03700E+01  9.92358E-03
  5.03800E+01  9.92560E-03
  5.03900E+01  9.92762E-03
  5.04000E+01  9.92964E-03
  5.04100E+01  9.93166E-03
  5.04200E+01  9.93367E-03
  5.04300E+01  9.93569E-03
  5.04400E+01  9.93771E-03
  5.04500E+01  9.93973E-03
  5.04600E+01  9.94175E-03
  5.04700E+01  9.94376E-03
  5.04800E+01  9.94578E-03
  5.04900E+01  9.94780E-03
  5.05000E+01  9.94982E-03
  5.05100E+01  9.95184E-03
  5.05200E+01  9.95386E-03
  5.05300E+01  9.95587E-03
  5.05400E+01  9.95789E-03
  5.05500E+01  9.95991E-03
  5.05600E+01  9.96193E-03
  5.05700E+01  9.96395E-03
  5.05800E+01  9.96597E-03
  5.05900E+01  9.96798E-03
  5.06000E+01  9.97000E-03
  5.06100E+01  9.97202E-03
  5.06200E+01  9.97404E-03
  5.06300E+01  9.97606E-03
  5.06400E+01  9.97808E-03
  5.06500E+01  9.98009E-03
  5.06600E+01  9.98211E-03
  5.06700E+01  9.98413E-03
  5.06800E+01  9.98615E-03
  5.06900E+01  9.98817E-03
  5.07000E+01  9.99019E-03
  5.07100E+01  9.99220E-03
  5.07200E+01  9.99422E-03
  5.07300E+01  9.99624E-03
  5.07400E+01  9.99826E-03
  5.07500E+01  1.00003E-02
  5.07600E+01  1.00023E-02
  5.07700E+01  1.00043E-02
  5.07800E+01  1.00063E-02
  5.07900E+01  1.00084E-02
  5.08000E+01  1.00104E-02
  5.08100E+01  1.00124E-02
  5.08200E+01  1.00144E-02
  5.08300E+01  1.00164E-02
  5.08400E+01  1.00184E-02
  5.08500E+01  1.00205E-02
  5.08600E+01  1.00225E-02
  5.08700E+01  1.00245E-02
  5.08800E+01  1.00265E-02
  5.08900E+01  1.00285E-02
  5.09000E+01  1.00306E-02
  5.09100E+01  1.00326E-02
  5.09200E+01  1.00346E-02
  5.09300E+01  1.00366E-02
  5.09400E+01  1.00386E-02
  5.09500E+01  1.00406E-02
  5.09600E+01  1.00427E-02
  5.09700E+01  1.00447E-02
  5.09800E+01  1.00467E-02
  5.09900E+01  1.00487E-02
  5.10000E+01  1.00507E-02
  5.10100E+01  1.00528E-02
  5.10200E+01  1.00548E-02
  5.10300E+01  1.00568E-02
  5.10400E+01  1.00588E-02
  5.10500E+01  1.00608E-02
  5.10600E+01  1.00628E-02
  5.10700E+01  1.00649E-02
  5.10800E+01  1.00669E-02
  5.10900E+01  1.00689E-02
  5.11000E+01  1.00709E-02
  5.11100E+01  1.00729E-02
  5.11200E+01  1.00750E-02
  5.11300E+01  1.00770E-02
  5.11400E+01  1.00790E-02
  5.11500E+01  1.00810E-02
  5.11600E+01  1.00830E-02
  5.11700E+01  1.00851E-02
  5.11800E+01  1.00871E-02
  5.11900E+01  1.00891E-02
  5.12000E+01  1.00911E-02
  5.12100E+01  1.00931E-02
  5.12200E+01  1.00951E-02
  5.12300E+01  1.00972E-02
  5.12400E+01  1.00992E-02
  5.12500E+01  1.01012E-02
  5.12600E+01  1.01032E-02
  5.12700E+01  1.01052E-02
  5.12800E+01  1.01073E-02
  5.12900E+01  1.01093E-02
  5.13000E+01  1.01113E-02
  5.13100E+01  1.01133E-02
  5.13200E+01  1.01153E-02
  5.13300E+01  1.01173E-02
  5.13400E+01  1.01194E-02
  5.13500E+01  1.01214E-02
  5.13600E+01  1.01234E-02
  5.13700E+01  1.01254E-02
  5.13800E+01  1.01274E-02
  5.13900E+01  1.01295E-02
  5.14000E+01  1.01315E-02
  5.14100E+01  1.01335E-02
  5.14200E+01  1.01355E-02
  5.14300E+01  1.01375E-02
  5.14400E+01  1.01396E-02
  5.14500E+01  1.01416E-02
  5.14600E+01  1.01436E-02
  5.14700E+01  1.01456E-02
  5.14800E+01  1.01476E-02
  5.14900E+01  1.01496E-02
  5.15000E+01  1.01517E-02
  5.15100E+01  1.01537E-02
  5.15200E+01  1.01557E-02
  5.15300E+01  1.01577E-02
  5.15400E+01  1.01597E-02
  5.15500E+01  1.01618E-02
  5.15600E+01  1.01638E-02
  5.15700E+01  1.01658E-02
  5.15800E+01  1.01678E-02
  5.15900E+01  1.01698E-02
  5.16000E+01  1.01719E-02
  5.16100E+01  1.01739E-02
  5.16200E+01  1.01759E-02
  5.16300E+01  1.01779E-02
  5.16400E+01  1.01799E-02
  5.16500E+01  1.01819E-02
  5.16600E+01  1.01840E-02
  5.16700E+01  1.01860E-02
  5.16800E+01  1.01880E-02
  5.16900E+01  1.01900E-02
  5.17000E+01  1.01920E-02
  5.17100E+01  1.01941E-02
  5.17200E+01  1.01961E-02
  5.17300E+01  1.01981E-02
  5.17400E+01  1.02001E-02
  5.17500E+01  1.02021E-02
  5.17600E+01  1.02041E-02
  5.17700E+01  1.02062E-02
  5.17800E+01  1.02082E-02
  5.17900E+01  1.02102E-02
  5.18000E+01  1.02122E-02
  5.18100E+01  1.02142E-02
  5.18200E+01  1.02163E-02
  5.18300E+01  1.02183E-02
  5.18400E+01  1.02203E-02
  5.18500E+01  1.02223E-02
  5.18600E+01  1.02243E-02
  5.18700E+01  1.02264E-02
  5.18800E+01  1.02284E-02
  5.18900E+01  1.02304E-02
  5.19000E+01  1.02324E-02
  5.19100E+01  1.02344E-02
  5.19200E+01  1.02364E-02
  5.19300E+01  1.02385E-02
  5.19400E+01  1.02405E-02
  5.19500E+01  1.02425E-02
  5.19600E+01  1.02445E-02
  5.19700E+01  1.02465E-02
  5.19800E+01  1.02486E-02
  5.19900E+01  1.02506E-02
  5.20000E+01  1.02526E-02
  5.20100E+01  1.02546E-02
  5.20200E+01  1.02566E-02
  5.20300E+01  1.02587E-02
  5.20400E+01  1.02607E-02
  5.20500E+01  1.02627E-02
  5.20600E+01  1.02647E-02
  5.20700E+01  1.02667E-02
  5.20800E+01  1.02688E-02
  5.20900E+01  1.02708E-02
  5.21000E+01  1.02728E-02
  5.21100E+01  1.02748E-02
  5.21200E+01  1.02768E-02
  5.21300E+01  1.02788E-02
  5.21400E+01  1.02809E-02
  5.21500E+01  1.02829E-02
  5.21600E+01  1.02849E-02
  5.21700E+01  1.02869E-02
  5.21800E+01  1.02889E-02
  5.21900E+01  1.02910E-02
  5.22000E+01  1.02930E-02
  5.22100E+01  1.02950E-02
  5.22200E+01  1.02970E-02
  5.22300E+01  1.02990E-02
  5.22400E+01  1.03011E-02
  5.22500E+01  1.03031E-02
  5.22600E+01  1.03051E-02
  5.22700E+01  1.03071E-02
  5.22800E+01  1.03091E-02
  5.22900E+01  1.03111E-02
  5.23000E+01  1.03132E-02
  5.23100E+01  1.03152E-02
  5.23200E+01  1.03172E-02
  5.23300E+01  1.03192E-02
  5.23400E+01  1.03212E-02
  5.23500E+01  1.03233E-02
  5.23600E+01  1.03253E-02
  5.23700E+01  1.03273E-02
  5.23800E+01  1.03293E-02
  5.23900E+01  1.03313E-02
  5.24000E+01  1.03334E-02
  5.24100E+01  1.03354E-02
  5.24200E+01  1.03374E-02
  5.24300E+01  1.03394E-02
  5.24400E+01  1.03414E-02
  5.24500E+01  1.03434E-02
  5.24600E+01  1.03455E-02
  5.24700E+01  1.03475E-02
  5.24800E+01  1.03495E-02
  5.24900E+01  1.03515E-02
  5.25000E+01  1.03535E-02
  5.25100E+01  1.03556E-02
  5.25200E+01  1.03576E-02
  5.25300E+01  1.03596E-02
  5.25400E+01  1.03616E-02
  5.25500E+01  1.03636E-02
  5.25600E+01  1.03657E-02
  5.25700E+01  1.03677E-02
  5.25800E+01  1.03697E-02
  5.25900E+01  1.03717E-02
  5.26000E+01  1.03737E-02
  5.26100E+01  1.03758E-02
  5.26200E+01  1.03778E-02
  5.26300E+01  1.03798E-02
  5.26400E+01  1.03818E-02
  5.26500E+01  1.03838E-02
  5.26600E+01  1.03858E-02
  5.26700E+01  1.03879E-02
  5.26800E+01  1.03899E-02
  5.26900E+01  1.03919E-02
  5.27000E+01  1.03939E-02
  5.27100E+01  1.03959E-02
  5.27200E+01  1.03980E-02
  5.27300E+01  1.04000E-02
  5.27400E+01  1.04020E-02
  5.27500E+01  1.04040E-02
  5.27600E+01  1.04060E-02
  5.27700E+01  1.04081E-02
  5.27800E+01  1.04101E-02
  5.27900E+01  1.04121E-02
  5.28000E+01  1.04141E-02
  5.28100E+01  1.04161E-02
  5.28200E+01  1.04182E-02
  5.28300E+01  1.04202E-02
  5.28400E+01  1.04222E-02
  5.28500E+01  1.04242E-02
  5.28600E+01  1.04262E-02
  5.28700E+01  1.04282E-02
  5.28800E+01  1.04303E-02
  5.28900E+01  1.04323E-02
  5.29000E+01  1.04343E-02
  5.29100E+01  1.04363E-02
  5.29200E+01  1.04383E-02
  5.29300E+01  1.04404E-02
  5.29400E+01  1.04424E-02
  5.29500E+01  1.04444E-02
  5.29600E+01  1.04464E-02
  5.29700E+01  1.04484E-02
  5.29800E+01  1.04505E-02
  5.29900E+01  1.04525E-02
  5.30000E+01  1.04545E-02
  5.30100E+01  1.04565E-02
  5.30200E+01  1.04585E-02
  5.30300E+01  1.04606E-02
  5.30400E+01  1.04626E-02
  5.30500E+01  1.04646E-02
  5.30600E+01  1.04666E-02
  5.30700E+01  1.04686E-02
  5.30800E+01  1.04706E-02
  5.30900E+01  1.04727E-02
  5.31000E+01  1.04747E-02
  5.31100E+01  1.04767E-02
  5.31200E+01  1.04787E-02
  5.31300E+01  1.04807E-02
  5.31400E+01  1.04828E-02
  5.31500E+01  1.04848E-02
  5.31600E+01  1.04868E-02
  5.31700E+01  1.04888E-02
  5.31800E+01  1.04908E-02
  5.31900E+01  1.04929E-02
  5.32000E+01  1.04949E-02
  5.32100E+01  1.04969E-02
  5.32200E+01  1.04989E-02
  5.32300E+01  1.05009E-02
  5.32400E+01  1.05030E-02
  5.32500E+01  1.05050E-02
  5.32600E+01  1.05070E-02
  5.32700E+01  1.05090E-02
  5.32800E+01  1.05110E-02
  5.32900E+01  1.05131E-02
  5.33000E+01  1.05151E-02
  5.33100E+01  1.05171E-02
  5.33200E+01  1.05191E-02
  5.33300E+01  1.05211E-02
  5.33400E+01  1.05231E-02
  5.33500E+01  1.05252E-02
  5.33600E+01  1.05272E-02
  5.33700E+01  1.05292E-02
  5.33800E+01  1.05312E-02
  5.33900E+01  1.05332E-02
  5.34000E+01  1.05353E-02
  5.34100E+01  1.05373E-02
  5.34200E+01  1.05393E-02
  5.34300E+01  1.05413E-02
  5.34400E+01  1.05433E-02
  5.34500E+01  1.05454E-02
  5.34600E+01  1.05474E-02
  5.34700E+01  1.05494E-02
  5.34800E+01  1.05514E-02
  5.34900E+01  1.05534E-02
  5.35000E+01  1.05555E-02
  5.35100E+01  1.05575E-02
  5.35200E+01  1.05595E-02
  5.35300E+01  1.05615E-02
  5.35400E+01  1.05635E-02
  5.35500E+01  1.05656E-02
  5.35600E+01  1.05676E-02
  5.35700E+01  1.05696E-02
  5.35800E+01  1.05716E-02
  5.35900E+01  1.05736E-02
  5.36000E+01  1.05756E-02
  5.36100E+01  1.05777E-02
  5.36200E+01  1.05797E-02
  5.36300E+01  1.05817E-02
  5.36400E+01  1.05837E-02
  5.36500E+01  1.05857E-02
  5.36600E+01  1.05878E-02
  5.36700E+01  1.05898E-02
  5.36800E+01  1.05918E-02
  5.36900E+01  1.05938E-02
  5.37000E+01  1.05958E-02
  5.37100E+01  1.05979E-02
  5.37200E+01  1.05999E-02
  5.37300E+01  1.06019E-02
  5.37400E+01  1.06039E-02
  5.37500E+01  1.06059E-02
  5.37600E+01  1.06080E-02
  5.37700E+01  1.06100E-02
  5.37800E+01  1.06120E-02
  5.37900E+01  1.06140E-02
  5.38000E+01  1.06160E-02
  5.38100E+01  1.06181E-02
  5.38200E+01  1.06201E-02
  5.38300E+01  1.06221E-02
  5.38400E+01  1.06241E-02
  5.38500E+01  1.06261E-02
  5.38600E+01  1.06282E-02
  5.38700E+01  1.06302E-02
  5.38800E+01  1.06322E-02
  5.38900E+01  1.06342E-02
  5.39000E+01  1.06362E-02
  5.39100E+01  1.06382E-02
  5.39200E+01  1.06403E-02
  5.39300E+01  1.06423E-02
  5.39400E+01  1.06443E-02
  5.39500E+01  1.06463E-02
  5.39600E+01  1.06483E-02
  5.39700E+01  1.06504E-02
  5.39800E+01  1.06524E-02
  5.39900E+01  1.06544E-02
  5.40000E+01  1.06564E-02
  5.40100E+01  1.06584E-02
  5.40200E+01  1.06605E-02
  5.40300E+01  1.06625E-02
  5.40400E+01  1.06645E-02
  5.40500E+01  1.06665E-02
  5.40600E+01  1.06685E-02
  5.40700E+01  1.06706E-02
  5.40800E+01  1.06726E-02
  5.40900E+01  1.06746E-02
  5.41000E+01  1.06766E-02
  5.41100E+01  1.06786E-02
  5.41200E+01  1.06807E-02
  5.41300E+01  1.06827E-02
  5.41400E+01  1.06847E-02
  5.41500E+01  1.06867E-02
  5.41600E+01  1.06887E-02
  5.41700E+01  1.06908E-02
  5.41800E+01  1.06928E-02
  5.41900E+01  1.06948E-02
  5.42000E+01  1.06968E-02
  5.42100E+01  1.06988E-02
  5.42200E+01  1.07009E-02
  5.42300E+01  1.07029E-02
  5.42400E+01  1.07049E-02
  5.42500E+01  1.07069E-02
  5.42600E+01  1.07089E-02
  5.42700E+01  1.07109E-02
  5.42800E+01  1.07130E-02
  5.42900E+01  1.07150E-02
  5.43000E+01  1.07170E-02
  5.43100E+01  1.07190E-02
  5.43200E+01  1.07210E-02
  5.43300E+01  1.07231E-02
  5.43400E+01  1.07251E-02
  5.43500E+01  1.07271E-02
  5.43600E+01  1.07291E-02
  5.43700E+01  1.07311E-02
  5.43800E+01  1.07332E-02
  5.43900E+01  1.07352E-02
  5.44000E+01  1.07372E-02
  5.44100E+01  1.07392E-02
  5.44200E+01  1.07412E-02
  5.44300E+01  1.07433E-02
  5.44400E+01  1.07453E-02
  5.44500E+01  1.07473E-02
  5.44600E+01  1.07493E-02
  5.44700E+01  1.07513E-02
  5.44800E+01  1.07534E-02
  5.44900E+01  1.07554E-02
  5.45000E+01  1.07574E-02
  5.45100E+01  1.07594E-02
  5.45200E+01  1.07614E-02
  5.45300E+01  1.07635E-02
  5.45400E+01  1.07655E-02
  5.45500E+01  1.07675E-02
  5.45600E+01  1.07695E-02
  5.45700E+01  1.07715E-02
  5.45800E+01  1.07736E-02
  5.45900E+01  1.07756E-02
  5.46000E+01  1.07776E-02
  5.46100E+01  1.07796E-02
  5.46200E+01  1.07816E-02
  5.46300E+01  1.07837E-02
  5.46400E+01  1.07857E-02
  5.46500E+01  1.07877E-02
  5.46600E+01  1.07897E-02
  5.46700E+01  1.07917E-02
  5.46800E+01  1.07938E-02
  5.46900E+01  1.07958E-02
  5.47000E+01  1.07978E-02
  5.47100E+01  1.07998E-02
  5.47200E+01  1.08018E-02
  5.47300E+01  1.08038E-02
  5.47400E+01  1.08059E-02
  5.47500E+01  1.08079E-02
  5.47600E+01  1.08099E-02
  5.47700E+01  1.08119E-02
  5.47800E+01  1.08139E-02
  5.47900E+01  1.08160E-02
  5.48000E+01  1.08180E-02
  5.48100E+01  1.08200E-02
  5.48200E+01  1.08220E-02
  5.48300E+01  1.08240E-02
  5.48400E+01  1.08261E-02
  5.48500E+01  1.08281E-02
  5.48600E+01  1.08301E-02
  5.48700E+01  1.08321E-02
  5.48800E+01  1.08341E-02
  5.48900E+01  1.08362E-02
  5.49000E+01  1.08382E-02
  5.49100E+01  1.08402E-02
  5.49200E+01  1.08422E-02
  5.49300E+01  1.08442E-02
  5.49400E+01  1.08463E-02
  5.49500E+01  1.08483E-02
  5.49600E+01  1.08503E-02
  5.49700E+01  1.08523E-02
  5.49800E+01  1.08543E-02
  5.49900E+01  1.08564E-02
  5.50000E+01  1.08584E-02
  5.50100E+01  1.08604E-02
  5.50200E+01  1.08624E-02
  5.50300E+01  1.08644E-02
  5.50400E+01  1.08665E-02
  5.50500E+01  1.08685E-02
  5.50600E+01  1.08705E-02
  5.50700E+01  1.08725E-02
  5.50800E+01  1.08745E-02
  5.50900E+01  1.08766E-02
  5.51000E+01  1.08786E-02
  5.51100E+01  1.08806E-02
  5.51200E+01  1.08826E-02
  5.51300E+01  1.08846E-02
  5.51400E+01  1.08867E-02
  5.51500E+01  1.08887E-02
  5.51600E+01  1.08907E-02
  5.51700E+01  1.08927E-02
  5.51800E+01  1.08947E-02
  5.51900E+01  1.08968E-02
  5.52000E+01  1.08988E-02
  5.52100E+01  1.09008E-02
  5.52200E+01  1.09028E-02
  5.52300E+01  1.09048E-02
  5.52400E+01  1.09069E-02
  5.52500E+01  1.09089E-02
  5.52600E+01  1.09109E-02
  5.52700E+01  1.09129E-02
  5.52800E+01  1.09149E-02
  5.52900E+01  1.09170E-02
  5.53000E+01  1.09190E-02
  5.53100E+01  1.09210E-02
  5.53200E+01  1.09230E-02
  5.53300E+01  1.09250E-02
  5.53400E+01  1.09271E-02
  5.53500E+01  1.09291E-02
  5.53600E+01  1.09311E-02
  5.53700E+01  1.09331E-02
  5.53800E+01  1.09351E-02
  5.53900E+01  1.09372E-02
  5.54000E+01  1.09392E-02
  5.54100E+01  1.09412E-02
  5.54200E+01  1.09432E-02
  5.54300E+01  1.09452E-02
  5.54400E+01  1.09473E-02
  5.54500E+01  1.09493E-02
  5.54600E+01  1.09513E-02
  5.54700E+01  1.09533E-02
  5.54800E+01  1.09553E-02
  5.54900E+01  1.09574E-02
  5.55000E+01  1.09594E-02
  5.55100E+01  1.09614E-02
  5.55200E+01  1.09634E-02
  5.55300E+01  1.09654E-02
  5.55400E+01  1.09675E-02
  5.55500E+01  1.09695E-02
  5.55600E+01  1.09715E-02
  5.55700E+01  1.09735E-02
  5.55800E+01  1.09755E-02
  5.55900E+01  1.09775E-02
  5.56000E+01  1.09796E-02
  5.56100E+01  1.09816E-02
  5.56200E+01  1.09836E-02
  5.56300E+01  1.09856E-02
  5.56400E+01  1.09876E-02
  5.56500E+01  1.09897E-02
  5.56600E+01  1.09917E-02
  5.56700E+01  1.09937E-02
  5.56800E+01  1.09957E-02
  5.56900E+01  1.09977E-02
  5.57000E+01  1.09998E-02
  5.57100E+01  1.10018E-02
  5.57200E+01  1.10038E-02
  5.57300E+01  1.10058E-02
  5.57400E+01  1.10078E-02
  5.57500E+01  1.10099E-02
  5.57600E+01  1.10119E-02
  5.57700E+01  1.10139E-02
  5.57800E+01  1.10159E-02
  5.57900E+01  1.10179E-02
  5.58000E+01  1.10200E-02
  5.58100E+01  1.10220E-02
  5.58200E+01  1.10240E-02
  5.58300E+01  1.10260E-02
  5.58400E+01  1.10280E-02
  5.58500E+01  1.10301E-02
  5.58600E+01  1.10321E-02
  5.58700E+01  1.10341E-02
  5.58800E+01  1.10361E-02
  5.58900E+01  1.10381E-02
  5.59000E+01  1.10402E-02
  5.59100E+01  1.10422E-02
  5.59200E+01  1.10442E-02
  5.59300E+01  1.10462E-02
  5.59400E+01  1.10482E-02
  5.59500E+01  1.10503E-02
  5.59600E+01  1.10523E-02
  5.59700E+01  1.10543E-02
  5.59800E+01  1.10563E-02
  5.59900E+01  1.10583E-02
  5.60000E+01  1.10604E-02
  5.60100E+01  1.10624E-02
  5.60200E+01  1.10644E-02
  5.60300E+01  1.10664E-02
  5.60400E+01  1.10684E-02
  5.60500E+01  1.10705E-02
  5.60600E+01  1.10725E-02
  5.60700E+01  1.10745E-02
  5.60800E+01  1.10765E-02
  5.60900E+01  1.10785E-02
  5.61000E+01  1.10806E-02
  5.61100E+01  1.10826E-02
  5.61200E+01  1.10846E-02
  5.61300E+01  1.10866E-02
  5.61400E+01  1.10886E-02
  5.61500E+01  1.10907E-02
  5.61600E+01  1.10927E-02
  5.61700E+01  1.10947E-02
  5.61800E+01  1.10967E-02
  5.61900E+01  1.10987E-02
  5.62000E+01  1.11008E-02
  5.62100E+01  1.11028E-02
  5.62200E+01  1.11048E-02
  5.62300E+01  1.11068E-02
  5.62400E+01  1.11088E-02
  5.62500E+01  1.11109E-02
  5.62600E+01  1.11129E-02
  5.62700E+01  1.11149E-02
  5.62800E+01  1.11169E-02
  5.62900E+01  1.11190E-02
  5.63000E+01  1.11210E-02
  5.63100E+01  1.11230E-02
  5.63200E+01  1.11250E-02
  5.63300E+01  1.11270E-02
  5.63400E+01  1.11291E-02
  5.63500E+01  1.11311E-02
  5.63600E+01  1.11331E-02
  5.63700E+01  1.11351E-02
  5.63800E+01  1.11371E-02
  5.63900E+01  1.11392E-02
  5.64000E+01  1.11412E-02
  5.64100E+01  1.11432E-02
  5.64200E+01  1.11452E-02
  5.64300E+01  1.11472E-02
  5.64400E+01  1.11493E-02
  5.64500E+01  1.11513E-02
  5.64600E+01  1.11533E-02
  5.64700E+01  1.11553E-02
  5.64800E+01  1.11573E-02
  5.64900E+01  1.11594E-02
  5.65000E+01  1.11614E-02
  5.65100E+01  1.11634E-02
  5.65200E+01  1.11654E-02
  5.65300E+01  1.11674E-02
  5.65400E+01  1.11695E-02
  5.65500E+01  1.11715E-02
  5.65600E+01  1.11735E-02
  5.65700E+01  1.11755E-02
  5.65800E+01  1.11775E-02
  5.65900E+01  1.11796E-02
  5.66000E+01  1.11816E-02
  5.66100E+01  1.11836E-02
  5.66200E+01  1.11856E-02
  5.66300E+01  1.11876E-02
  5.66400E+01  1.11897E-02
  5.66500E+01  1.11917E-02
  5.66600E+01  1.11937E-02
  5.66700E+01  1.11957E-02
  5.66800E+01  1.11977E-02
  5.66900E+01  1.11998E-02
  5.67000E+01  1.12018E-02
  5.67100E+01  1.12038E-02
  5.67200E+01  1.12058E-02
  5.67300E+01  1.12078E-02
  5.67400E+01  1.12099E-02
  5.67500E+01  1.12119E-02
  5.67600E+01  1.12139E-02
  5.67700E+01  1.12159E-02
  5.67800E+01  1.12179E-02
  5.67900E+01  1.12200E-02
  5.68000E+01  1.12220E-02
  5.68100E+01  1.12240E-02
  5.68200E+01  1.12260E-02
  5.68300E+01  1.12280E-02
  5.68400E+01  1.12301E-02
  5.68500E+01  1.12321E-02
  5.68600E+01  1.12341E-02
  5.68700E+01  1.12361E-02
  5.68800E+01  1.12381E-02
  5.68900E+01  1.12402E-02
  5.69000E+01  1.12422E-02
  5.69100E+01  1.12442E-02
  5.69200E+01  1.12462E-02
  5.69300E+01  1.12482E-02
  5.69400E+01  1.12503E-02
  5.69500E+01  1.12523E-02
  5.69600E+01  1.12543E-02
  5.69700E+01  1.12563E-02
  5.69800E+01  1.12583E-02
  5.69900E+01  1.12604E-02
  5.70000E+01  1.12624E-02
  5.70100E+01  1.12644E-02
  5.70200E+01  1.12664E-02
  5.70300E+01  1.12684E-02
  5.70400E+01  1.12705E-02
  5.70500E+01  1.12725E-02
  5.70600E+01  1.12745E-02
  5.70700E+01  1.12765E-02
  5.70800E+01  1.12785E-02
  5.70900E+01  1.12806E-02
  5.71000E+01  1.12826E-02
  5.71100E+01  1.12846E-02
  5.71200E+01  1.12866E-02
  5.71300E+01  1.12886E-02
  5.71400E+01  1.12907E-02
  5.71500E+01  1.12927E-02
  5.71600E+01  1.12947E-02
  5.71700E+01  1.12967E-02
  5.71800E+01  1.12988E-02
  5.71900E+01  1.13008E-02
  5.72000E+01  1.13028E-02
  5.72100E+01  1.13048E-02
  5.72200E+01  1.13068E-02
  5.72300E+01  1.13089E-02
  5.72400E+01  1.13109E-02
  5.72500E+01  1.13129E-02
  5.72600E+01  1.13149E-02
  5.72700E+01  1.13169E-02
  5.72800E+01  1.13190E-02
  5.72900E+01  1.13210E-02
  5.73000E+01  1.13230E-02
  5.73100E+01  1.13250E-02
  5.73200E+01  1.13270E-02
  5.73300E+01  1.13291E-02
  5.73400E+01  1.13311E-02
  5.73500E+01  1.13331E-02
  5.73600E+01  1.13351E-02
  5.73700E+01  1.13371E-02
  5.73800E+01  1.13392E-02
  5.73900E+01  1.13412E-02
  5.74000E+01  1.13432E-02
  5.74100E+01  1.13452E-02
  5.74200E+01  1.13472E-02
  5.74300E+01  1.13493E-02
  5.74400E+01  1.13513E-02
  5.74500E+01  1.13533E-02
  5.74600E+01  1.13553E-02
  5.74700E+01  1.13573E-02
  5.74800E+01  1.13594E-02
  5.74900E+01  1.13614E-02
  5.75000E+01  1.13634E-02
  5.75100E+01  1.13654E-02
  5.75200E+01  1.13674E-02
  5.75300E+01  1.13695E-02
  5.75400E+01  1.13715E-02
  5.75500E+01  1.13735E-02
  5.75600E+01  1.13755E-02
  5.75700E+01  1.13775E-02
  5.75800E+01  1.13796E-02
  5.75900E+01  1.13816E-02
  5.76000E+01  1.13836E-02
  5.76100E+01  1.13856E-02
  5.76200E+01  1.13876E-02
  5.76300E+01  1.13897E-02
  5.76400E+01  1.13917E-02
  5.76500E+01  1.13937E-02
  5.76600E+01  1.13957E-02
  5.76700E+01  1.13978E-02
  5.76800E+01  1.13998E-02
  5.76900E+01  1.14018E-02
  5.77000E+01  1.14038E-02
  5.77100E+01  1.14058E-02
  5.77200E+01  1.14079E-02
  5.77300E+01  1.14099E-02
  5.77400E+01  1.14119E-02
  5.77500E+01  1.14139E-02
  5.77600E+01  1.14159E-02
  5.77700E+01  1.14180E-02
  5.77800E+01  1.14200E-02
  5.77900E+01  1.14220E-02
  5.78000E+01  1.14240E-02
  5.78100E+01  1.14260E-02
  5.78200E+01  1.14281E-02
  5.78300E+01  1.14301E-02
  5.78400E+01  1.14321E-02
  5.78500E+01  1.14341E-02
  5.78600E+01  1.14361E-02
  5.78700E+01  1.14382E-02
  5.78800E+01  1.14402E-02
  5.78900E+01  1.14422E-02
  5.79000E+01  1.14442E-02
  5.79100E+01  1.14462E-02
  5.79200E+01  1.14483E-02
  5.79300E+01  1.14503E-02
  5.79400E+01  1.14523E-02
  5.79500E+01  1.14543E-02
  5.79600E+01  1.14563E-02
  5.79700E+01  1.14584E-02
  5.79800E+01  1.14604E-02
  5.79900E+01  1.14624E-02
  5.80000E+01  1.14644E-02
  5.80100E+01  1.14664E-02
  5.80200E+01  1.14685E-02
  5.80300E+01  1.14705E-02
  5.80400E+01  1.14725E-02
  5.80500E+01  1.14745E-02
  5.80600E+01  1.14766E-02
  5.80700E+01  1.14786E-02
  5.80800E+01  1.14806E-02
  5.80900E+01  1.14826E-02
  5.81000E+01  1.14846E-02
  5.81100E+01  1.14867E-02
  5.81200E+01  1.14887E-02
  5.81300E+01  1.14907E-02
  5.81400E+01  1.14927E-02
  5.81500E+01  1.14947E-02
  5.81600E+01  1.14968E-02
  5.81700E+01  1.14988E-02
  5.81800E+01  1.15008E-02
  5.81900E+01  1.15028E-02
  5.82000E+01  1.15048E-02
  5.82100E+01  1.15069E-02
  5.82200E+01  1.15089E-02
  5.82300E+01  1.15109E-02
  5.82400E+01  1.15129E-02
  5.82500E+01  1.15149E-02
  5.82600E+01  1.15170E-02
  5.82700E+01  1.15190E-02
  5.82800E+01  1.15210E-02
  5.82900E+01  1.15230E-02
  5.83000E+01  1.15250E-02
  5.83100E+01  1.15271E-02
  5.83200E+01  1.15291E-02
  5.83300E+01  1.15311E-02
  5.83400E+01  1.15331E-02
  5.83500E+01  1.15351E-02
  5.83600E+01  1.15372E-02
  5.83700E+01  1.15392E-02
  5.83800E+01  1.15412E-02
  5.83900E+01  1.15432E-02
  5.84000E+01  1.15453E-02
  5.84100E+01  1.15473E-02
  5.84200E+01  1.15493E-02
  5.84300E+01  1.15513E-02
  5.84400E+01  1.15533E-02
  5.84500E+01  1.15554E-02
  5.84600E+01  1.15574E-02
  5.84700E+01  1.15594E-02
  5.84800E+01  1.15614E-02
  5.84900E+01  1.15634E-02
  5.85000E+01  1.15655E-02
  5.85100E+01  1.15675E-02
  5.85200E+01  1.15695E-02
  5.85300E+01  1.15715E-02
  5.85400E+01  1.15735E-02
  5.85500E+01  1.15756E-02
  5.85600E+01  1.15776E-02
  5.85700E+01  1.15796E-02
  5.85800E+01  1.15816E-02
  5.85900E+01  1.15836E-02
  5.86000E+01  1.15857E-02
  5.86100E+01  1.15877E-02
  5.86200E+01  1.15897E-02
  5.86300E+01  1.15917E-02
  5.86400E+01  1.15937E-02
  5.86500E+01  1.15958E-02
  5.86600E+01  1.15978E-02
  5.86700E+01  1.15998E-02
  5.86800E+01  1.16018E-02
  5.86900E+01  1.16039E-02
  5.87000E+01  1.16059E-02
  5.87100E+01  1.16079E-02
  5.87200E+01  1.16099E-02
  5.87300E+01  1.16119E-02
  5.87400E+01  1.16140E-02
  5.87500E+01  1.16160E-02
  5.87600E+01  1.16180E-02
  5.87700E+01  1.16200E-02
  5.87800E+01  1.16220E-02
  5.87900E+01  1.16241E-02
  5.88000E+01  1.16261E-02
  5.88100E+01  1.16281E-02
  5.88200E+01  1.16301E-02
  5.88300E+01  1.16321E-02
  5.88400E+01  1.16342E-02
  5.88500E+01  1.16362E-02
  5.88600E+01  1.16382E-02
  5.88700E+01  1.16402E-02
  5.88800E+01  1.16422E-02
  5.88900E+01  1.16443E-02
  5.89000E+01  1.16463E-02
  5.89100E+01  1.16483E-02
  5.89200E+01  1.16503E-02
  5.89300E+01  1.16524E-02
  5.89400E+01  1.16544E-02
  5.89500E+01  1.16564E-02
  5.89600E+01  1.16584E-02
  5.89700E+01  1.16604E-02
  5.89800E+01  1.16625E-02
  5.89900E+01  1.16645E-02
  5.90000E+01  1.16665E-02
  5.90100E+01  1.16685E-02
  5.90200E+01  1.16705E-02
  5.90300E+01  1.16726E-02
  5.90400E+01  1.16746E-02
  5.90500E+01  1.16766E-02
  5.90600E+01  1.16786E-02
  5.90700E+01  1.16806E-02
  5.90800E+01  1.16827E-02
  5.90900E+01  1.16847E-02
  5.91000E+01  1.16867E-02
  5.91100E+01  1.16887E-02
  5.91200E+01  1.16907E-02
  5.91300E+01  1.16928E-02
  5.91400E+01  1.16948E-02
  5.91500E+01  1.16968E-02
  5.91600E+01  1.16988E-02
  5.91700E+01  1.17009E-02
  5.91800E+01  1.17029E-02
  5.91900E+01  1.17049E-02
  5.92000E+01  1.17069E-02
  5.92100E+01  1.17089E-02
  5.92200E+01  1.17110E-02
  5.92300E+01  1.17130E-02
  5.92400E+01  1.17150E-02
  5.92500E+01  1.17170E-02
  5.92600E+01  1.17190E-02
  5.92700E+01  1.17211E-02
  5.92800E+01  1.17231E-02
  5.92900E+01  1.17251E-02
  5.93000E+01  1.17271E-02
  5.93100E+01  1.17291E-02
  5.93200E+01  1.17312E-02
  5.93300E+01  1.17332E-02
  5.93400E+01  1.17352E-02
  5.93500E+01  1.17372E-02
  5.93600E+01  1.17392E-02
  5.93700E+01  1.17413E-02
  5.93800E+01  1.17433E-02
  5.93900E+01  1.17453E-02
  5.94000E+01  1.17473E-02
  5.94100E+01  1.17494E-02
  5.94200E+01  1.17514E-02
  5.94300E+01  1.17534E-02
  5.94400E+01  1.17554E-02
  5.94500E+01  1.17574E-02
  5.94600E+01  1.17595E-02
  5.94700E+01  1.17615E-02
  5.94800E+01  1.17635E-02
  5.94900E+01  1.17655E-02
  5.95000E+01  1.17675E-02
  5.95100E+01  1.17696E-02
  5.95200E+01  1.17716E-02
  5.95300E+01  1.17736E-02
  5.95400E+01  1.17756E-02
  5.95500E+01  1.17776E-02
  5.95600E+01  1.17797E-02
  5.95700E+01  1.17817E-02
  5.95800E+01  1.17837E-02
  5.95900E+01  1.17857E-02
  5.96000E+01  1.17877E-02
  5.96100E+01  1.17898E-02
  5.96200E+01  1.17918E-02
  5.96300E+01  1.17938E-02
  5.96400E+01  1.17958E-02
  5.96500E+01  1.17979E-02
  5.96600E+01  1.17999E-02
  5.96700E+01  1.18019E-02
  5.96800E+01  1.18039E-02
  5.96900E+01  1.18059E-02
  5.97000E+01  1.18080E-02
  5.97100E+01  1.18100E-02
  5.97200E+01  1.18120E-02
  5.97300E+01  1.18140E-02
  5.97400E+01  1.18160E-02
  5.97500E+01  1.18181E-02
  5.97600E+01  1.18201E-02
  5.97700E+01  1.18221E-02
  5.97800E+01  1.18241E-02
  5.97900E+01  1.18261E-02
  5.98000E+01  1.18282E-02
  5.98100E+01  1.18302E-02
  5.98200E+01  1.18322E-02
  5.98300E+01  1.18342E-02
  5.98400E+01  1.18363E-02
  5.98500E+01  1.18383E-02
  5.98600E+01  1.18403E-02
  5.98700E+01  1.18423E-02
  5.98800E+01  1.18443E-02
  5.98900E+01  1.18464E-02
  5.99000E+01  1.18484E-02
  5.99100E+01  1.18504E-02
  5.99200E+01  1.18524E-02
  5.99300E+01  1.18544E-02
  5.99400E+01  1.18565E-02
  5.99500E+01  1.18585E-02
  5.99600E+01  1.18605E-02
  5.99700E+01  1.18625E-02
  5.99800E+01  1.18645E-02
  5.99900E+01  1.18666E-02
  6.00000E+01  1.18686E-02
  6.00100E+01  1.18706E-02
  6.00200E+01  1.18724E-02
  6.00300E+01  1.18741E-02
  6.00400E+01  1.18755E-02
  6.00500E+01  1.18767E-02
  6.00600E+01  1.18777E-02
  6.00700E+01  1.18785E-02
  6.00800E+01  1.18791E-02
  6.00900E+01  1.18796E-02
  6.01000E+01  1.18798E-02
  6.01100E+01  1.18798E-02
  6.01200E+01  1.18798E-02
  6.01300E+01  1.18798E-02
  6.01400E+01  1.18798E-02
  6.01500E+01  1.18798E-02
  6.01600E+01  1.18798E-02
  6.01700E+01  1.18798E-02
  6.01800E+01  1.18798E-02
  6.01900E+01  1.18798E-02
  6.02000E+01  1.18798E-02
  6.02100E+01  1.18798E-02
  6.02200E+01  1.18798E-02
  6.02300E+01  1.18798E-02
  6.02400E+01  1.18798E-02
  6.02500E+01  1.18798E-02
  6.02600E+01  1.18798E-02
  6.02700E+01  1.18798E-02
  6.02800E+01  1.18798E-02
  6.02900E+01  1.18798E-02
  6.03000E+01  1.18798E-02
  6.03100E+01  1.18798E-02
  6.03200E+01  1.18798E-02
  6.03300E+01  1.18798E-02
  6.03400E+01  1.18798E-02
  6.03500E+01  1.18798E-02
  6.03600E+01  1.18798E-02
  6.03700E+01  1.18798E-02
  6.03800E+01  1.18798E-02
  6.03900E+01  1.18798E-02
  6.04000E+01  1.18798E-02
  6.04100E+01  1.18798E-02
  6.04200E+01  1.18798E-02
  6.04300E+01  1.18798E-02
  6.04400E+01  1.18798E-02
  6.04500E+01  1.18798E-02
  6.04600E+01  1.18798E-02
  6.04700E+01  1.18798E-02
  6.04800E+01  1.18798E-02
  6.04900E+01  1.18798E-02
  6.05000E+01  1.18798E-02
  6.05100E+01  1.18798E-02
  6.05200E+01  1.18798E-02
  6.05300E+01  1.18798E-02
  6.05400E+01  1.18798E-02
  6.05500E+01  1.18798E-02
  6.05600E+01  1.18798E-02
  6.05700E+01  1.18798E-02
  6.05800E+01  1.18798E-02
  6.05900E+01  1.18798E-02
  6.06000E+01  1.18798E-02
  6.06100E+01  1.18798E-02
  6.06200E+01  1.18798E-02
  6.06300E+01  1.18798E-02
  6.06400E+01  1.18798E-02
  6.06500E+01  1.18798E-02
  6.06600E+01  1.18798E-02
  6.06700E+01  1.18798E-02
  6.06800E+01  1.18798E-02
  6.06900E+01  1.18798E-02
  6.07000E+01  1.18798E-02
  6.07100E+01  1.18798E-02
  6.07200E+01  1.18798E-02
  6.07300E+01  1.18798E-02
  6.07400E+01  1.18798E-02
  6.07500E+01  1.18798E-02
  6.07600E+01  1.18798E-02
  6.07700E+01  1.18798E-02
  6.07800E+01  1.18798E-02
  6.07900E+01  1.18798E-02
  6.08000E+01  1.18798E-02
  6.08100E+01  1.18798E-02
  6.08200E+01  1.18798E-02
  6.08300E+01  1.18798E-02
  6.08400E+01  1.18798E-02
  6.08500E+01  1.18798E-02
  6.08600E+01  1.18798E-02
  6.08700E+01  1.18798E-02
  6.08800E+01  1.18798E-02
  6.08900E+01  1.18798E-02
  6.09000E+01  1.18798E-02
  6.09100E+01  1.18798E-02
  6.09200E+01  1.18798E-02
  6.09300E+01  1.18798E-02
  6.09400E+01  1.18798E-02
  6.09500E+01  1.18798E-02
  6.09600E+01  1.18798E-02
  6.09700E+01  1.18798E-02
  6.09800E+01  1.18798E-02
  6.09900E+01  1.18798E-02
  6.10000E+01  1.18798E-02
  6.10100E+01  1.18798E-02
  6.10200E+01  1.18798E-02
  6.10300E+01  1.18798E-02
  6.10400E+01  1.18798E-02
  6.10500E+01  1.18798E-02
  6.10600E+01  1.18798E-02
  6.10700E+01  1.18798E-02
  6.10800E+01  1.18798E-02
  6.10900E+01  1.18798E-02
  6.11000E+01  1.18798E-02
  6.11100E+01  1.18798E-02
  6.11200E+01  1.18798E-02
  6.11300E+01  1.18798E-02
  6.11400E+01  1.18798E-02
  6.11500E+01  1.18798E-02
  6.11600E+01  1.18798E-02
  6.11700E+01  1.18798E-02
  6.11800E+01  1.18798E-02
  6.11900E+01  1.18798E-02
  6.12000E+01  1.18798E-02
  6.12100E+01  1.18798E-02
  6.12200E+01  1.18798E-02
  6.12300E+01  1.18798E-02
  6.12400E+01  1.18798E-02
  6.12500E+01  1.18798E-02
  6.12600E+01  1.18798E-02
  6.12700E+01  1.18798E-02
  6.12800E+01  1.18798E-02
  6.12900E+01  1.18798E-02
  6.13000E+01  1.18798E-02
  6.13100E+01  1.18798E-02
  6.13200E+01  1.18798E-02
  6.13300E+01  1.18798E-02
  6.13400E+01  1.18798E-02
  6.13500E+01  1.18798E-02
  6.13600E+01  1.18798E-02
  6.13700E+01  1.18798E-02
  6.13800E+01  1.18798E-02
  6.13900E+01  1.18798E-02
  6.14000E+01  1.18798E-02
  6.14100E+01  1.18798E-02
  6.14200E+01  1.18798E-02
  6.14300E+01  1.18798E-02
  6.14400E+01  1.18798E-02
  6.14500E+01  1.18798E-02
  6.14600E+01  1.18798E-02
  6.14700E+01  1.18798E-02
  6.14800E+01  1.18798E-02
  6.14900E+01  1.18798E-02
  6.15000E+01  1.18798E-02
  6.15100E+01  1.18798E-02
  6.15200E+01  1.18798E-02
  6.15300E+01  1.18798E-02
  6.15400E+01  1.18798E-02
  6.15500E+01  1.18798E-02
  6.15600E+01  1.18798E-02
  6.15700E+01  1.18798E-02
  6.15800E+01  1.18798E-02
  6.15900E+01  1.18798E-02
  6.16000E+01  1.18798E-02
  6.16100E+01  1.18798E-02
  6.16200E+01  1.18798E-02
  6.16300E+01  1.18798E-02
  6.16400E+01  1.18798E-02
  6.16500E+01  1.18798E-02
  6.16600E+01  1.18798E-02
  6.16700E+01  1.18798E-02
  6.16800E+01  1.18798E-02
  6.16900E+01  1.18798E-02
  6.17000E+01  1.18798E-02
  6.17100E+01  1.18798E-02
  6.17200E+01  1.18798E-02
  6.17300E+01  1.18798E-02
  6.17400E+01  1.18798E-02
  6.17500E+01  1.18798E-02
  6.17600E+01  1.18798E-02
  6.17700E+01  1.18798E-02
  6.17800E+01  1.18798E-02
  6.17900E+01  1.18798E-02
  6.18000E+01  1.18798E-02
  6.18100E+01  1.18798E-02
  6.18200E+01  1.18798E-02
  6.18300E+01  1.18798E-02
  6.18400E+01  1.18798E-02
  6.18500E+01  1.18798E-02
  6.18600E+01  1.18798E-02
  6.18700E+01  1.18798E-02
  6.18800E+01  1.18798E-02
  6.18900E+01  1.18798E-02
  6.19000E+01  1.18798E-02
  6.19100E+01  1.18798E-02
  6.19200E+01  1.18798E-02
  6.19300E+01  1.18798E-02
  6.19400E+01  1.18798E-02
  6.19500E+01  1.18798E-02
  6.19600E+01  1.18798E-02
  6.19700E+01  1.18798E-02
  6.19800E+01  1.18798E-02
  6.19900E+01  1.18798E-02
  6.20000E+01  1.18798E-02
  6.20100E+01  1.18798E-02
  6.20200E+01  1.18798E-02
  6.20300E+01  1.18798E-02
  6.20400E+01  1.18798E-02
  6.20500E+01  1.18798E-02
  6.20600E+01  1.18798E-02
  6.20700E+01  1.18798E-02
  6.20800E+01  1.18798E-02
  6.20900E+01  1.18798E-02
  6.21000E+01  1.18798E-02
  6.21100E+01  1.18798E-02
  6.21200E+01  1.18798E-02
  6.21300E+01  1.18798E-02
  6.21400E+01  1.18798E-02
  6.21500E+01  1.18798E-02
  6.21600E+01  1.18798E-02
  6.21700E+01  1.18798E-02
  6.21800E+01  1.18798E-02
  6.21900E+01  1.18798E-02
  6.22000E+01  1.18798E-02
  6.22100E+01  1.18798E-02
  6.22200E+01  1.18798E-02
  6.22300E+01  1.18798E-02
  6.22400E+01  1.18798E-02
  6.22500E+01  1.18798E-02
  6.22600E+01  1.18798E-02
  6.22700E+01  1.18798E-02
  6.22800E+01  1.18798E-02
  6.22900E+01  1.18798E-02
  6.23000E+01  1.18798E-02
  6.23100E+01  1.18798E-02
  6.23200E+01  1.18798E-02
  6.23300E+01  1.18798E-02
  6.23400E+01  1.18798E-02
  6.23500E+01  1.18798E-02
  6.23600E+01  1.18798E-02
  6.23700E+01  1.18798E-02
  6.23800E+01  1.18798E-02
  6.23900E+01  1.18798E-02
  6.24000E+01  1.18798E-02
  6.24100E+01  1.18798E-02
  6.24200E+01  1.18798E-02
  6.24300E+01  1.18798E-02
  6.24400E+01  1.18798E-02
  6.24500E+01  1.18798E-02
  6.24600E+01  1.18798E-02
  6.24700E+01  1.18798E-02
  6.24800E+01  1.18798E-02
  6.24900E+01  1.18798E-02
  6.25000E+01  1.18798E-02
  6.25100E+01  1.18798E-02
  6.25200E+01  1.18798E-02
  6.25300E+01  1.18798E-02
  6.25400E+01  1.18798E-02
  6.25500E+01  1.18798E-02
  6.25600E+01  1.18798E-02
  6.25700E+01  1.18798E-02
  6.25800E+01  1.18798E-02
  6.25900E+01  1.18798E-02
  6.26000E+01  1.18798E-02
  6.26100E+01  1.18798E-02
  6.26200E+01  1.18798E-02
  6.26300E+01  1.18798E-02
  6.26400E+01  1.18798E-02
  6.26500E+01  1.18798E-02
  6.26600E+01  1.18798E-02
  6.26700E+01  1.18798E-02
  6.26800E+01  1.18798E-02
  6.26900E+01  1.18798E-02
  6.27000E+01  1.18798E-02
  6.27100E+01  1.18798E-02
  6.27200E+01  1.18798E-02
  6.27300E+01  1.18798E-02
  6.27400E+01  1.18798E-02
  6.27500E+01  1.18798E-02
  6.27600E+01  1.18798E-02
  6.27700E+01  1.18798E-02
  6.27800E+01  1.18798E-02
  6.27900E+01  1.18798E-02
  6.28000E+01  1.18798E-02
  6.28100E+01  1.18798E-02
  6.28200E+01  1.18798E-02
  6.28300E+01  1.18798E-02
  6.28400E+01  1.18798E-02
  6.28500E+01  1.18798E-02
  6.28600E+01  1.18798E-02
  6.28700E+01  1.18798E-02
  6.28800E+01  1.18798E-02
  6.28900E+01  1.18798E-02
  6.29000E+01  1.18798E-02
  6.29100E+01  1.18798E-02
  6.29200E+01  1.18798E-02
  6.29300E+01  1.18798E-02
  6.29400E+01  1.18798E-02
  6.29500E+01  1.18798E-02
  6.29600E+01  1.18798E-02
  6.29700E+01  1.18798E-02
  6.29800E+01  1.18798E-02
  6.29900E+01  1.18798E-02
  6.30000E+01  1.18798E-02
  6.30100E+01  1.18798E-02
  6.30200E+01  1.18798E-02
  6.30300E+01  1.18798E-02
  6.30400E+01  1.18798E-02
  6.30500E+01  1.18798E-02
  6.30600E+01  1.18798E-02
  6.30700E+01  1.18798E-02
  6.30800E+01  1.18798E-02
  6.30900E+01  1.18798E-02
  6.31000E+01  1.18798E-02
  6.31100E+01  1.18798E-02
  6.31200E+01  1.18798E-02
  6.31300E+01  1.18798E-02
  6.31400E+01  1.18798E-02
  6.31500E+01  1.18798E-02
  6.31600E+01  1.18798E-02
  6.31700E+01  1.18798E-02
  6.31800E+01  1.18798E-02
  6.31900E+01  1.18798E-02
  6.32000E+01  1.18798E-02
  6.32100E+01  1.18798E-02
  6.32200E+01  1.18798E-02
  6.32300E+01  1.18798E-02
  6.32400E+01  1.18798E-02
  6.32500E+01  1.18798E-02
  6.32600E+01  1.18798E-02
  6.32700E+01  1.18798E-02
  6.32800E+01  1.18798E-02
  6.32900E+01  1.18798E-02
  6.33000E+01  1.18798E-02
  6.33100E+01  1.18798E-02
  6.33200E+01  1.18798E-02
  6.33300E+01  1.18798E-02
  6.33400E+01  1.18798E-02
  6.33500E+01  1.18798E-02
  6.33600E+01  1.18798E-02
  6.33700E+01  1.18798E-02
  6.33800E+01  1.18798E-02
  6.33900E+01  1.18798E-02
  6.34000E+01  1.18798E-02
  6.34100E+01  1.18798E-02
  6.34200E+01  1.18798E-02
  6.34300E+01  1.18798E-02
  6.34400E+01  1.18798E-02
  6.34500E+01  1.18798E-02
  6.34600E+01  1.18798E-02
  6.34700E+01  1.18798E-02
  6.34800E+01  1.18798E-02
  6.34900E+01  1.18798E-02
  6.35000E+01  1.18798E-02
  6.35100E+01  1.18798E-02
  6.35200E+01  1.18798E-02
  6.35300E+01  1.18798E-02
  6.35400E+01  1.18798E-02
  6.35500E+01  1.18798E-02
  6.35600E+01  1.18798E-02
  6.35700E+01  1.18798E-02
  6.35800E+01  1.18798E-02
  6.35900E+01  1.18798E-02
  6.36000E+01  1.18798E-02
  6.36100E+01  1.18798E-02
  6.36200E+01  1.18798E-02
  6.36300E+01  1.18798E-02
  6.36400E+01  1.18798E-02
  6.36500E+01  1.18798E-02
  6.36600E+01  1.18798E-02
  6.36700E+01  1.18798E-02
  6.36800E+01  1.18798E-02
  6.36900E+01  1.18798E-02
  6.37000E+01  1.18798E-02
  6.37100E+01  1.18798E-02
  6.37200E+01  1.18798E-02
  6.37300E+01  1.18798E-02
  6.37400E+01  1.18798E-02
  6.37500E+01  1.18798E-02
  6.37600E+01  1.18798E-02
  6.37700E+01  1.18798E-02
  6.37800E+01  1.18798E-02
  6.37900E+01  1.18798E-02
  6.38000E+01  1.18798E-02
  6.38100E+01  1.18798E-02
  6.38200E+01  1.18798E-02
  6.38300E+01  1.18798E-02
  6.38400E+01  1.18798E-02
  6.38500E+01  1.18798E-02
  6.38600E+01  1.18798E-02
  6.38700E+01  1.18798E-02
  6.38800E+01  1.18798E-02
  6.38900E+01  1.18798E-02
  6.39000E+01  1.18798E-02
  6.39100E+01  1.18798E-02
  6.39200E+01  1.18798E-02
  6.39300E+01  1.18798E-02
  6.39400E+01  1.18798E-02
  6.39500E+01  1.18798E-02
  6.39600E+01  1.18798E-02
  6.39700E+01  1.18798E-02
  6.39800E+01  1.18798E-02
  6.39900E+01  1.18798E-02
  6.40000E+01  1.18798E-02
  6.40100E+01  1.18798E-02
  6.40200E+01  1.18798E-02
  6.40300E+01  1.18798E-02
  6.40400E+01  1.18798E-02
  6.40500E+01  1.18798E-02
  6.40600E+01  1.18798E-02
  6.40700E+01  1.18798E-02
  6.40800E+01  1.18798E-02
  6.40900E+01  1.18798E-02
  6.41000E+01  1.18798E-02
  6.41100E+01  1.18798E-02
  6.41200E+01  1.18798E-02
  6.41300E+01  1.18798E-02
  6.41400E+01  1.18798E-02
  6.41500E+01  1.18798E-02
  6.41600E+01  1.18798E-02
  6.41700E+01  1.18798E-02
  6.41800E+01  1.18798E-02
  6.41900E+01  1.18798E-02
  6.42000E+01  1.18798E-02
  6.42100E+01  1.18798E-02
  6.42200E+01  1.18798E-02
  6.42300E+01  1.18798E-02
  6.42400E+01  1.18798E-02
  6.42500E+01  1.18798E-02
  6.42600E+01  1.18798E-02
  6.42700E+01  1.18798E-02
  6.42800E+01  1.18798E-02
  6.42900E+01  1.18798E-02
  6.43000E+01  1.18798E-02
  6.43100E+01  1.18798E-02
  6.43200E+01  1.18798E-02
  6.43300E+01  1.18798E-02
  6.43400E+01  1.18798E-02
  6.43500E+01  1.18798E-02
  6.43600E+01  1.18798E-02
  6.43700E+01  1.18798E-02
  6.43800E+01  1.18798E-02
  6.43900E+01  1.18798E-02
  6.44000E+01  1.18798E-02
  6.44100E+01  1.18798E-02
  6.44200E+01  1.18798E-02
  6.44300E+01  1.18798E-02
  6.44400E+01  1.18798E-02
  6.44500E+01  1.18798E-02
  6.44600E+01  1.18798E-02
  6.44700E+01  1.18798E-02
  6.44800E+01  1.18798E-02
  6.44900E+01  1.18798E-02
  6.45000E+01  1.18798E-02
  6.45100E+01  1.18798E-02
  6.45200E+01  1.18798E-02
  6.45300E+01  1.18798E-02
  6.45400E+01  1.18798E-02
  6.45500E+01  1.18798E-02
  6.45600E+01  1.18798E-02
  6.45700E+01  1.18798E-02
  6.45800E+01  1.18798E-02
  6.45900E+01  1.18798E-02
  6.46000E+01  1.18798E-02
  6.46100E+01  1.18798E-02
  6.46200E+01  1.18798E-02
  6.46300E+01  1.18798E-02
  6.46400E+01  1.18798E-02
  6.46500E+01  1.18798E-02
  6.46600E+01  1.18798E-02
  6.46700E+01  1.18798E-02
  6.46800E+01  1.18798E-02
  6.46900E+01  1.18798E-02
  6.47000E+01  1.18798E-02
  6.47100E+01  1.18798E-02
  6.47200E+01  1.18798E-02
  6.47300E+01  1.18798E-02
  6.47400E+01  1.18798E-02
  6.47500E+01  1.18798E-02
  6.47600E+01  1.18798E-02
  6.47700E+01  1.18798E-02
  6.47800E+01  1.18798E-02
  6.47900E+01  1.18798E-02
  6.48000E+01  1.18798E-02
  6.48100E+01  1.18798E-02
  6.48200E+01  1.18798E-02
  6.48300E+01  1.18798E-02
  6.48400E+01  1.18798E-02
  6.48500E+01  1.18798E-02
  6.48600E+01  1.18798E-02
  6.48700E+01  1.18798E-02
  6.48800E+01  1.18798E-02
  6.48900E+01  1.18798E-02
  6.49000E+01  1.18798E-02
  6.49100E+01  1.18798E-02
  6.49200E+01  1.18798E-02
  6.49300E+01  1.18798E-02
  6.49400E+01  1.18798E-02
  6.49500E+01  1.18798E-02
  6.49600E+01  1.18798E-02
  6.49700E+01  1.18798E-02
  6.49800E+01  1.18798E-02
  6.49900E+01  1.18798E-02
  6.50000E+01  1.18798E-02
  6.50100E+01  1.18798E-02
  6.50200E+01  1.18798E-02
  6.50300E+01  1.18798E-02
  6.50400E+01  1.18798E-02
  6.50500E+01  1.18798E-02
  6.50600E+01  1.18798E-02
  6.50700E+01  1.18798E-02
  6.50800E+01  1.18798E-02
  6.50900E+01  1.18798E-02
  6.51000E+01  1.18798E-02
  6.51100E+01  1.18798E-02
  6.51200E+01  1.18798E-02
  6.51300E+01  1.18798E-02
  6.51400E+01  1.18798E-02
  6.51500E+01  1.18798E-02
  6.51600E+01  1.18798E-02
  6.51700E+01  1.18798E-02
  6.51800E+01  1.18798E-02
  6.51900E+01  1.18798E-02
  6.52000E+01  1.18798E-02
  6.52100E+01  1.18798E-02
  6.52200E+01  1.18798E-02
  6.52300E+01  1.18798E-02
  6.52400E+01  1.18798E-02
  6.52500E+01  1.18798E-02
  6.52600E+01  1.18798E-02
  6.52700E+01  1.18798E-02
  6.52800E+01  1.18798E-02
  6.52900E+01  1.18798E-02
  6.53000E+01  1.18798E-02
  6.53100E+01  1.18798E-02
  6.53200E+01  1.18798E-02
  6.53300E+01  1.18798E-02
  6.53400E+01  1.18798E-02
  6.53500E+01  1.18798E-02
  6.53600E+01  1.18798E-02
  6.53700E+01  1.18798E-02
  6.53800E+01  1.18798E-02
  6.53900E+01  1.18798E-02
  6.54000E+01  1.18798E-02
  6.54100E+01  1.18798E-02
  6.54200E+01  1.18798E-02
  6.54300E+01  1.18798E-02
  6.54400E+01  1.18798E-02
  6.54500E+01  1.18798E-02
  6.54600E+01  1.18798E-02
  6.54700E+01  1.18798E-02
  6.54800E+01  1.18798E-02
  6.54900E+01  1.18798E-02
  6.55000E+01  1.18798E-02
  6.55100E+01  1.18798E-02
  6.55200E+01  1.18798E-02
  6.55300E+01  1.18798E-02
  6.55400E+01  1.18798E-02
  6.55500E+01  1.18798E-02
  6.55600E+01  1.18798E-02
  6.55700E+01  1.18798E-02
  6.55800E+01  1.18798E-02
  6.55900E+01  1.18798E-02
  6.56000E+01  1.18798E-02
  6.56100E+01  1.18798E-02
  6.56200E+01  1.18798E-02
  6.56300E+01  1.18798E-02
  6.56400E+01  1.18798E-02
  6.56500E+01  1.18798E-02
  6.56600E+01  1.18798E-02
  6.56700E+01  1.18798E-02
  6.56800E+01  1.18798E-02
  6.56900E+01  1.18798E-02
  6.57000E+01  1.18798E-02
  6.57100E+01  1.18798E-02
  6.57200E+01  1.18798E-02
  6.57300E+01  1.18798E-02
  6.57400E+01  1.18798E-02
  6.57500E+01  1.18798E-02
  6.57600E+01  1.18798E-02
  6.57700E+01  1.18798E-02
  6.57800E+01  1.18798E-02
  6.57900E+01  1.18798E-02
  6.58000E+01  1.18798E-02
  6.58100E+01  1.18798E-02
  6.58200E+01  1.18798E-02
  6.58300E+01  1.18798E-02
  6.58400E+01  1.18798E-02
  6.58500E+01  1.18798E-02
  6.58600E+01  1.18798E-02
  6.58700E+01  1.18798E-02
  6.58800E+01  1.18798E-02
  6.58900E+01  1.18798E-02
  6.59000E+01  1.18798E-02
  6.59100E+01  1.18798E-02
  6.59200E+01  1.18798E-02
  6.59300E+01  1.18798E-02
  6.59400E+01  1.18798E-02
  6.59500E+01  1.18798E-02
  6.59600E+01  1.18798E-02
  6.59700E+01  1.18798E-02
  6.59800E+01  1.18798E-02
  6.59900E+01  1.18798E-02
  6.60000E+01  1.18798E-02
  6.60100E+01  1.18798E-02
  6.60200E+01  1.18798E-02
  6.60300E+01  1.18798E-02
  6.60400E+01  1.18798E-02
  6.60500E+01  1.18798E-02
  6.60600E+01  1.18798E-02
  6.60700E+01  1.18798E-02
  6.60800E+01  1.18798E-02
  6.60900E+01  1.18798E-02
  6.61000E+01  1.18798E-02
  6.61100E+01  1.18798E-02
  6.61200E+01  1.18798E-02
  6.61300E+01  1.18798E-02
  6.61400E+01  1.18798E-02
  6.61500E+01  1.18798E-02
  6.61600E+01  1.18798E-02
  6.61700E+01  1.18798E-02
  6.61800E+01  1.18798E-02
  6.61900E+01  1.18798E-02
  6.62000E+01  1.18798E-02
  6.62100E+01  1.18798E-02
  6.62200E+01  1.18798E-02
  6.62300E+01  1.18798E-02
  6.62400E+01  1.18798E-02
  6.62500E+01  1.18798E-02
  6.62600E+01  1.18798E-02
  6.62700E+01  1.18798E-02
  6.62800E+01  1.18798E-02
  6.62900E+01  1.18798E-02
  6.63000E+01  1.18798E-02
  6.63100E+01  1.18798E-02
  6.63200E+01  1.18798E-02
  6.63300E+01  1.18798E-02
  6.63400E+01  1.18798E-02
  6.63500E+01  1.18798E-02
  6.63600E+01  1.18798E-02
  6.63700E+01  1.18798E-02
  6.63800E+01  1.18798E-02
  6.63900E+01  1.18798E-02
  6.64000E+01  1.18798E-02
  6.64100E+01  1.18798E-02
  6.64200E+01  1.18798E-02
  6.64300E+01  1.18798E-02
  6.64400E+01  1.18798E-02
  6.64500E+01  1.18798E-02
  6.64600E+01  1.18798E-02
  6.64700E+01  1.18798E-02
  6.64800E+01  1.18798E-02
  6.64900E+01  1.18798E-02
  6.65000E+01  1.18798E-02
  6.65100E+01  1.18798E-02
  6.65200E+01  1.18798E-02
  6.65300E+01  1.18798E-02
  6.65400E+01  1.18798E-02
  6.65500E+01  1.18798E-02
  6.65600E+01  1.18798E-02
  6.65700E+01  1.18798E-02
  6.65800E+01  1.18798E-02
  6.65900E+01  1.18798E-02
  6.66000E+01  1.18798E-02
  6.66100E+01  1.18798E-02
  6.66200E+01  1.18798E-02
  6.66300E+01  1.18798E-02
  6.66400E+01  1.18798E-02
  6.66500E+01  1.18798E-02
  6.66600E+01  1.18798E-02
  6.66700E+01  1.18798E-02
  6.66800E+01  1.18798E-02
  6.66900E+01  1.18798E-02
  6.67000E+01  1.18798E-02
  6.67100E+01  1.18798E-02
  6.67200E+01  1.18798E-02
  6.67300E+01  1.18798E-02
  6.67400E+01  1.18798E-02
  6.67500E+01  1.18798E-02
  6.67600E+01  1.18798E-02
  6.67700E+01  1.18798E-02
  6.67800E+01  1.18798E-02
  6.67900E+01  1.18798E-02
  6.68000E+01  1.18798E-02
  6.68100E+01  1.18798E-02
  6.68200E+01  1.18798E-02
  6.68300E+01  1.18798E-02
  6.68400E+01  1.18798E-02
  6.68500E+01  1.18798E-02
  6.68600E+01  1.18798E-02
  6.68700E+01  1.18798E-02
  6.68800E+01  1.18798E-02
  6.68900E+01  1.18798E-02
  6.69000E+01  1.18798E-02
  6.69100E+01  1.18798E-02
  6.69200E+01  1.18798E-02
  6.69300E+01  1.18798E-02
  6.69400E+01  1.18798E-02
  6.69500E+01  1.18798E-02
  6.69600E+01  1.18798E-02
  6.69700E+01  1.18798E-02
  6.69800E+01  1.18798E-02
  6.69900E+01  1.18798E-02
  6.70000E+01  1.18798E-02
  6.70100E+01  1.18798E-02
  6.70200E+01  1.18798E-02
  6.70300E+01  1.18798E-02
  6.70400E+01  1.18798E-02
  6.70500E+01  1.18798E-02
  6.70600E+01  1.18798E-02
  6.70700E+01  1.18798E-02
  6.70800E+01  1.18798E-02
  6.70900E+01  1.18798E-02
  6.71000E+01  1.18798E-02
  6.71100E+01  1.18798E-02
  6.71200E+01  1.18798E-02
  6.71300E+01  1.18798E-02
  6.71400E+01  1.18798E-02
  6.71500E+01  1.18798E-02
  6.71600E+01  1.18798E-02
  6.71700E+01  1.18798E-02
  6.71800E+01  1.18798E-02
  6.71900E+01  1.18798E-02
  6.72000E+01  1.18798E-02
  6.72100E+01  1.18798E-02
  6.72200E+01  1.18798E-02
  6.72300E+01  1.18798E-02
  6.72400E+01  1.18798E-02
  6.72500E+01  1.18798E-02
  6.72600E+01  1.18798E-02
  6.72700E+01  1.18798E-02
  6.72800E+01  1.18798E-02
  6.72900E+01  1.18798E-02
  6.73000E+01  1.18798E-02
  6.73100E+01  1.18798E-02
  6.73200E+01  1.18798E-02
  6.73300E+01  1.18798E-02
  6.73400E+01  1.18798E-02
  6.73500E+01  1.18798E-02
  6.73600E+01  1.18798E-02
  6.73700E+01  1.18798E-02
  6.73800E+01  1.18798E-02
  6.73900E+01  1.18798E-02
  6.74000E+01  1.18798E-02
  6.74100E+01  1.18798E-02
  6.74200E+01  1.18798E-02
  6.74300E+01  1.18798E-02
  6.74400E+01  1.18798E-02
  6.74500E+01  1.18798E-02
  6.74600E+01  1.18798E-02
  6.74700E+01  1.18798E-02
  6.74800E+01  1.18798E-02
  6.74900E+01  1.18798E-02
  6.75000E+01  1.18798E-02
  6.75100E+01  1.18798E-02
  6.75200E+01  1.18798E-02
  6.75300E+01  1.18798E-02
  6.75400E+01  1.18798E-02
  6.75500E+01  1.18798E-02
  6.75600E+01  1.18798E-02
  6.75700E+01  1.18798E-02
  6.75800E+01  1.18798E-02
  6.75900E+01  1.18798E-02
  6.76000E+01  1.18798E-02
  6.76100E+01  1.18798E-02
  6.76200E+01  1.18798E-02
  6.76300E+01  1.18798E-02
  6.76400E+01  1.18798E-02
  6.76500E+01  1.18798E-02
  6.76600E+01  1.18798E-02
  6.76700E+01  1.18798E-02
  6.76800E+01  1.18798E-02
  6.76900E+01  1.18798E-02
  6.77000E+01  1.18798E-02
  6.77100E+01  1.18798E-02
  6.77200E+01  1.18798E-02
  6.77300E+01  1.18798E-02
  6.77400E+01  1.18798E-02
  6.77500E+01  1.18798E-02
  6.77600E+01  1.18798E-02
  6.77700E+01  1.18798E-02
  6.77800E+01  1.18798E-02
  6.77900E+01  1.18798E-02
  6.78000E+01  1.18798E-02
  6.78100E+01  1.18798E-02
  6.78200E+01  1.18798E-02
  6.78300E+01  1.18798E-02
  6.78400E+01  1.18798E-02
  6.78500E+01  1.18798E-02
  6.78600E+01  1.18798E-02
  6.78700E+01  1.18798E-02
  6.78800E+01  1.18798E-02
  6.78900E+01  1.18798E-02
  6.79000E+01  1.18798E-02
  6.79100E+01  1.18798E-02
  6.79200E+01  1.18798E-02
  6.79300E+01  1.18798E-02
  6.79400E+01  1.18798E-02
  6.79500E+01  1.18798E-02
  6.79600E+01  1.18798E-02
  6.79700E+01  1.18798E-02
  6.79800E+01  1.18798E-02
  6.79900E+01  1.18798E-02
  6.80000E+01  1.18798E-02
  6.80100E+01  1.18798E-02
  6.80200E+01  1.18798E-02
  6.80300E+01  1.18798E-02
  6.80400E+01  1.18798E-02
  6.80500E+01  1.18798E-02
  6.80600E+01  1.18798E-02
  6.80700E+01  1.18798E-02
  6.80800E+01  1.18798E-02
  6.80900E+01  1.18798E-02
  6.81000E+01  1.18798E-02
  6.81100E+01  1.18798E-02
  6.81200E+01  1.18798E-02
  6.81300E+01  1.18798E-02
  6.81400E+01  1.18798E-02
  6.81500E+01  1.18798E-02
  6.81600E+01  1.18798E-02
  6.81700E+01  1.18798E-02
  6.81800E+01  1.18798E-02
  6.81900E+01  1.18798E-02
  6.82000E+01  1.18798E-02
  6.82100E+01  1.18798E-02
  6.82200E+01  1.18798E-02
  6.82300E+01  1.18798E-02
  6.82400E+01  1.18798E-02
  6.82500E+01  1.18798E-02
  6.82600E+01  1.18798E-02
  6.82700E+01  1.18798E-02
  6.82800E+01  1.18798E-02
  6.82900E+01  1.18798E-02
  6.83000E+01  1.18798E-02
  6.83100E+01  1.18798E-02
  6.83200E+01  1.18798E-02
  6.83300E+01  1.18798E-02
  6.83400E+01  1.18798E-02
  6.83500E+01  1.18798E-02
  6.83600E+01  1.18798E-02
  6.83700E+01  1.18798E-02
  6.83800E+01  1.18798E-02
  6.83900E+01  1.18798E-02
  6.84000E+01  1.18798E-02
  6.84100E+01  1.18798E-02
  6.84200E+01  1.18798E-02
  6.84300E+01  1.18798E-02
  6.84400E+01  1.18798E-02
  6.84500E+01  1.18798E-02
  6.84600E+01  1.18798E-02
  6.84700E+01  1.18798E-02
  6.84800E+01  1.18798E-02
  6.84900E+01  1.18798E-02
  6.85000E+01  1.18798E-02
  6.85100E+01  1.18798E-02
  6.85200E+01  1.18798E-02
  6.85300E+01  1.18798E-02
  6.85400E+01  1.18798E-02
  6.85500E+01  1.18798E-02
  6.85600E+01  1.18798E-02
  6.85700E+01  1.18798E-02
  6.85800E+01  1.18798E-02
  6.85900E+01  1.18798E-02
  6.86000E+01  1.18798E-02
  6.86100E+01  1.18798E-02
  6.86200E+01  1.18798E-02
  6.86300E+01  1.18798E-02
  6.86400E+01  1.18798E-02
  6.86500E+01  1.18798E-02
  6.86600E+01  1.18798E-02
  6.86700E+01  1.18798E-02
  6.86800E+01  1.18798E-02
  6.86900E+01  1.18798E-02
  6.87000E+01  1.18798E-02
  6.87100E+01  1.18798E-02
  6.87200E+01  1.18798E-02
  6.87300E+01  1.18798E-02
  6.87400E+01  1.18798E-02
  6.87500E+01  1.18798E-02
  6.87600E+01  1.18798E-02
  6.87700E+01  1.18798E-02
  6.87800E+01  1.18798E-02
  6.87900E+01  1.18798E-02
  6.88000E+01  1.18798E-02
  6.88100E+01  1.18798E-02
  6.88200E+01  1.18798E-02
  6.88300E+01  1.18798E-02
  6.88400E+01  1.18798E-02
  6.88500E+01  1.18798E-02
  6.88600E+01  1.18798E-02
  6.88700E+01  1.18798E-02
  6.88800E+01  1.18798E-02
  6.88900E+01  1.18798E-02
  6.89000E+01  1.18798E-02
  6.89100E+01  1.18798E-02
  6.89200E+01  1.18798E-02
  6.89300E+01  1.18798E-02
  6.89400E+01  1.18798E-02
  6.89500E+01  1.18798E-02
  6.89600E+01  1.18798E-02
  6.89700E+01  1.18798E-02
  6.89800E+01  1.18798E-02
  6.89900E+01  1.18798E-02
  6.90000E+01  1.18798E-02
  6.90100E+01  1.18798E-02
  6.90200E+01  1.18798E-02
  6.90300E+01  1.18798E-02
  6.90400E+01  1.18798E-02
  6.90500E+01  1.18798E-02
  6.90600E+01  1.18798E-02
  6.90700E+01  1.18798E-02
  6.90800E+01  1.18798E-02
  6.90900E+01  1.18798E-02
  6.91000E+01  1.18798E-02
  6.91100E+01  1.18798E-02
  6.91200E+01  1.18798E-02
  6.91300E+01  1.18798E-02
  6.91400E+01  1.18798E-02
  6.91500E+01  1.18798E-02
  6.91600E+01  1.18798E-02
  6.91700E+01  1.18798E-02
  6.91800E+01  1.18798E-02
  6.91900E+01  1.18798E-02
  6.92000E+01  1.18798E-02
  6.92100E+01  1.18798E-02
  6.92200E+01  1.18798E-02
  6.92300E+01  1.18798E-02
  6.92400E+01  1.18798E-02
  6.92500E+01  1.18798E-02
  6.92600E+01  1.18798E-02
  6.92700E+01  1.18798E-02
  6.92800E+01  1.18798E-02
  6.92900E+01  1.18798E-02
  6.93000E+01  1.18798E-02
  6.93100E+01  1.18798E-02
  6.93200E+01  1.18798E-02
  6.93300E+01  1.18798E-02
  6.93400E+01  1.18798E-02
  6.93500E+01  1.18798E-02
  6.93600E+01  1.18798E-02
  6.93700E+01  1.18798E-02
  6.93800E+01  1.18798E-02
  6.93900E+01  1.18798E-02
  6.94000E+01  1.18798E-02
  6.94100E+01  1.18798E-02
  6.94200E+01  1.18798E-02
  6.94300E+01  1.18798E-02
  6.94400E+01  1.18798E-02
  6.94500E+01  1.18798E-02
  6.94600E+01  1.18798E-02
  6.94700E+01  1.18798E-02
  6.94800E+01  1.18798E-02
  6.94900E+01  1.18798E-02
  6.95000E+01  1.18798E-02
  6.95100E+01  1.18798E-02
  6.95200E+01  1.18798E-02
  6.95300E+01  1.18798E-02
  6.95400E+01  1.18798E-02
  6.95500E+01  1.18798E-02
  6.95600E+01  1.18798E-02
  6.95700E+01  1.18798E-02
  6.95800E+01  1.18798E-02
  6.95900E+01  1.18798E-02
  6.96000E+01  1.18798E-02
  6.96100E+01  1.18798E-02
  6.96200E+01  1.18798E-02
  6.96300E+01  1.18798E-02
  6.96400E+01  1.18798E-02
  6.96500E+01  1.18798E-02
  6.96600E+01  1.18798E-02
  6.96700E+01  1.18798E-02
  6.96800E+01  1.18798E-02
  6.96900E+01  1.18798E-02
  6.97000E+01  1.18798E-02
  6.97100E+01  1.18798E-02
  6.97200E+01  1.18798E-02
  6.97300E+01  1.18798E-02
  6.97400E+01  1.18798E-02
  6.97500E+01  1.18798E-02
  6.97600E+01  1.18798E-02
  6.97700E+01  1.18798E-02
  6.97800E+01  1.18798E-02
  6.97900E+01  1.18798E-02
  6.98000E+01  1.18798E-02
  6.98100E+01  1.18798E-02
  6.98200E+01  1.18798E-02
  6.98300E+01  1.18798E-02
  6.98400E+01  1.18798E-02
  6.98500E+01  1.18798E-02
  6.98600E+01  1.18798E-02
  6.98700E+01  1.18798E-02
  6.98800E+01  1.18798E-02
  6.98900E+01  1.18798E-02
  6.99000E+01  1.18798E-02
  6.99100E+01  1.18798E-02
  6.99200E+01  1.18798E-02
  6.99300E+01  1.18798E-02
  6.99400E+01  1.18798E-02
  6.99500E+01  1.18798E-02
  6.99600E+01  1.18798E-02
  6.99700E+01  1.18798E-02
  6.99800E+01  1.18798E-02
  6.99900E+01  1.18798E-02
  7.00000E+01  1.18798E-02
  7.00100E+01  1.18798E-02
  7.00200E+01  1.18798E-02
  7.00300E+01  1.18798E-02
  7.00400E+01  1.18798E-02
  7.00500E+01  1.18798E-02
  7.00600E+01  1.18798E-02
  7.00700E+01  1.18798E-02
  7.00800E+01  1.18798E-02
  7.00900E+01  1.18798E-02
  7.01000E+01  1.18798E-02
  7.01100E+01  1.18798E-02
  7.01200E+01  1.18798E-02
  7.01300E+01  1.18798E-02
  7.01400E+01  1.18798E-02
  7.01500E+01  1.18798E-02
  7.01600E+01  1.18798E-02
  7.01700E+01  1.18798E-02
  7.01800E+01  1.18798E-02
  7.01900E+01  1.18798E-02
  7.02000E+01  1.18798E-02
  7.02100E+01  1.18798E-02
  7.02200E+01  1.18798E-02
  7.02300E+01  1.18798E-02
  7.02400E+01  1.18798E-02
  7.02500E+01  1.18798E-02
  7.02600E+01  1.18798E-02
  7.02700E+01  1.18798E-02
  7.02800E+01  1.18798E-02
  7.02900E+01  1.18798E-02
  7.03000E+01  1.18798E-02
  7.03100E+01  1.18798E-02
  7.03200E+01  1.18798E-02
  7.03300E+01  1.18798E-02
  7.03400E+01  1.18798E-02
  7.03500E+01  1.18798E-02
  7.03600E+01  1.18798E-02
  7.03700E+01  1.18798E-02
  7.03800E+01  1.18798E-02
  7.03900E+01  1.18798E-02
  7.04000E+01  1.18798E-02
  7.04100E+01  1.18798E-02
  7.04200E+01  1.18798E-02
  7.04300E+01  1.18798E-02
  7.04400E+01  1.18798E-02
  7.04500E+01  1.18798E-02
  7.04600E+01  1.18798E-02
  7.04700E+01  1.18798E-02
  7.04800E+01  1.18798E-02
  7.04900E+01  1.18798E-02
  7.05000E+01  1.18798E-02
  7.05100E+01  1.18798E-02
  7.05200E+01  1.18798E-02
  7.05300E+01  1.18798E-02
  7.05400E+01  1.18798E-02
  7.05500E+01  1.18798E-02
  7.05600E+01  1.18798E-02
  7.05700E+01  1.18798E-02
  7.05800E+01  1.18798E-02
  7.05900E+01  1.18798E-02
  7.06000E+01  1.18798E-02
  7.06100E+01  1.18798E-02
  7.06200E+01  1.18798E-02
  7.06300E+01  1.18798E-02
  7.06400E+01  1.18798E-02
  7.06500E+01  1.18798E-02
  7.06600E+01  1.18798E-02
  7.06700E+01  1.18798E-02
  7.06800E+01  1.18798E-02
  7.06900E+01  1.18798E-02
  7.07000E+01  1.18798E-02
  7.07100E+01  1.18798E-02
  7.07200E+01  1.18798E-02
  7.07300E+01  1.18798E-02
  7.07400E+01  1.18798E-02
  7.07500E+01  1.18798E-02
  7.07600E+01  1.18798E-02
  7.07700E+01  1.18798E-02
  7.07800E+01  1.18798E-02
  7.07900E+01  1.18798E-02
  7.08000E+01  1.18798E-02
  7.08100E+01  1.18798E-02
  7.08200E+01  1.18798E-02
  7.08300E+01  1.18798E-02
  7.08400E+01  1.18798E-02
  7.08500E+01  1.18798E-02
  7.08600E+01  1.18798E-02
  7.08700E+01  1.18798E-02
  7.08800E+01  1.18798E-02
  7.08900E+01  1.18798E-02
  7.09000E+01  1.18798E-02
  7.09100E+01  1.18798E-02
  7.09200E+01  1.18798E-02
  7.09300E+01  1.18798E-02
  7.09400E+01  1.18798E-02
  7.09500E+01  1.18798E-02
  7.09600E+01  1.18798E-02
  7.09700E+01  1.18798E-02
  7.09800E+01  1.18798E-02
  7.09900E+01  1.18798E-02
  7.10000E+01  1.18798E-02
  7.10100E+01  1.18798E-02
  7.10200E+01  1.18798E-02
  7.10300E+01  1.18798E-02
  7.10400E+01  1.18798E-02
  7.10500E+01  1.18798E-02
  7.10600E+01  1.18798E-02
  7.10700E+01  1.18798E-02
  7.10800E+01  1.18798E-02
  7.10900E+01  1.18798E-02
  7.11000E+01  1.18798E-02
  7.11100E+01  1.18798E-02
  7.11200E+01  1.18798E-02
  7.11300E+01  1.18798E-02
  7.11400E+01  1.18798E-02
  7.11500E+01  1.18798E-02
  7.11600E+01  1.18798E-02
  7.11700E+01  1.18798E-02
  7.11800E+01  1.18798E-02
  7.11900E+01  1.18798E-02
  7.12000E+01  1.18798E-02
  7.12100E+01  1.18798E-02
  7.12200E+01  1.18798E-02
  7.12300E+01  1.18798E-02
  7.12400E+01  1.18798E-02
  7.12500E+01  1.18798E-02
  7.12600E+01  1.18798E-02
  7.12700E+01  1.18798E-02
  7.12800E+01  1.18798E-02
  7.12900E+01  1.18798E-02
  7.13000E+01  1.18798E-02
  7.13100E+01  1.18798E-02
  7.13200E+01  1.18798E-02
  7.13300E+01  1.18798E-02
  7.13400E+01  1.18798E-02
  7.13500E+01  1.18798E-02
  7.13600E+01  1.18798E-02
  7.13700E+01  1.18798E-02
  7.13800E+01  1.18798E-02
  7.13900E+01  1.18798E-02
  7.14000E+01  1.18798E-02
  7.14100E+01  1.18798E-02
  7.14200E+01  1.18798E-02
  7.14300E+01  1.18798E-02
  7.14400E+01  1.18798E-02
  7.14500E+01  1.18798E-02
  7.14600E+01  1.18798E-02
  7.14700E+01  1.18798E-02
  7.14800E+01  1.18798E-02
  7.14900E+01  1.18798E-02
  7.15000E+01  1.18798E-02
  7.15100E+01  1.18798E-02
  7.15200E+01  1.18798E-02
  7.15300E+01  1.18798E-02
  7.15400E+01  1.18798E-02
  7.15500E+01  1.18798E-02
  7.15600E+01  1.18798E-02
  7.15700E+01  1.18798E-02
  7.15800E+01  1.18798E-02
  7.15900E+01  1.18798E-02
  7.16000E+01  1.18798E-02
  7.16100E+01  1.18798E-02
  7.16200E+01  1.18798E-02
  7.16300E+01  1.18798E-02
  7.16400E+01  1.18798E-02
  7.16500E+01  1.18798E-02
  7.16600E+01  1.18798E-02
  7.16700E+01  1.18798E-02
  7.16800E+01  1.18798E-02
  7.16900E+01  1.18798E-02
  7.17000E+01  1.18798E-02
  7.17100E+01  1.18798E-02
  7.17200E+01  1.18798E-02
  7.17300E+01  1.18798E-02
  7.17400E+01  1.18798E-02
  7.17500E+01  1.18798E-02
  7.17600E+01  1.18798E-02
  7.17700E+01  1.18798E-02
  7.17800E+01  1.18798E-02
  7.17900E+01  1.18798E-02
  7.18000E+01  1.18798E-02
  7.18100E+01  1.18798E-02
  7.18200E+01  1.18798E-02
  7.18300E+01  1.18798E-02
  7.18400E+01  1.18798E-02
  7.18500E+01  1.18798E-02
  7.18600E+01  1.18798E-02
  7.18700E+01  1.18798E-02
  7.18800E+01  1.18798E-02
  7.18900E+01  1.18798E-02
  7.19000E+01  1.18798E-02
  7.19100E+01  1.18798E-02
  7.19200E+01  1.18798E-02
  7.19300E+01  1.18798E-02
  7.19400E+01  1.18798E-02
  7.19500E+01  1.18798E-02
  7.19600E+01  1.18798E-02
  7.19700E+01  1.18798E-02
  7.19800E+01  1.18798E-02
  7.19900E+01  1.18798E-02
  7.20000E+01  1.18798E-02
  7.20100E+01  1.18798E-02
  7.20200E+01  1.18798E-02
  7.20300E+01  1.18798E-02
  7.20400E+01  1.18798E-02
  7.20500E+01  1.18798E-02
  7.20600E+01  1.18798E-02
  7.20700E+01  1.18798E-02
  7.20800E+01  1.18798E-02
  7.20900E+01  1.18798E-02
  7.21000E+01  1.18798E-02
  7.21100E+01  1.18798E-02
  7.21200E+01  1.18798E-02
  7.21300E+01  1.18798E-02
  7.21400E+01  1.18798E-02
  7.21500E+01  1.18798E-02
  7.21600E+01  1.18798E-02
  7.21700E+01  1.18798E-02
  7.21800E+01  1.18798E-02
  7.21900E+01  1.18798E-02
  7.22000E+01  1.18798E-02
  7.22100E+01  1.18798E-02
  7.22200E+01  1.18798E-02
  7.22300E+01  1.18798E-02
  7.22400E+01  1.18798E-02
  7.22500E+01  1.18798E-02
  7.22600E+01  1.18798E-02
  7.22700E+01  1.18798E-02
  7.22800E+01  1.18798E-02
  7.22900E+01  1.18798E-02
  7.23000E+01  1.18798E-02
  7.23100E+01  1.18798E-02
  7.23200E+01  1.18798E-02
  7.23300E+01  1.18798E-02
  7.23400E+01  1.18798E-02
  7.23500E+01  1.18798E-02
  7.23600E+01  1.18798E-02
  7.23700E+01  1.18798E-02
  7.23800E+01  1.18798E-02
  7.23900E+01  1.18798E-02
  7.24000E+01  1.18798E-02
  7.24100E+01  1.18798E-02
  7.24200E+01  1.18798E-02
  7.24300E+01  1.18798E-02
  7.24400E+01  1.18798E-02
  7.24500E+01  1.18798E-02
  7.24600E+01  1.18798E-02
  7.24700E+01  1.18798E-02
  7.24800E+01  1.18798E-02
  7.24900E+01  1.18798E-02
  7.25000E+01  1.18798E-02
  7.25100E+01  1.18798E-02
  7.25200E+01  1.18798E-02
  7.25300E+01  1.18798E-02
  7.25400E+01  1.18798E-02
  7.25500E+01  1.18798E-02
  7.25600E+01  1.18798E-02
  7.25700E+01  1.18798E-02
  7.25800E+01  1.18798E-02
  7.25900E+01  1.18798E-02
  7.26000E+01  1.18798E-02
  7.26100E+01  1.18798E-02
  7.26200E+01  1.18798E-02
  7.26300E+01  1.18798E-02
  7.26400E+01  1.18798E-02
  7.26500E+01  1.18798E-02
  7.26600E+01  1.18798E-02
  7.26700E+01  1.18798E-02
  7.26800E+01  1.18798E-02
  7.26900E+01  1.18798E-02
  7.27000E+01  1.18798E-02
  7.27100E+01  1.18798E-02
  7.27200E+01  1.18798E-02
  7.27300E+01  1.18798E-02
  7.27400E+01  1.18798E-02
  7.27500E+01  1.18798E-02
  7.27600E+01  1.18798E-02
  7.27700E+01  1.18798E-02
  7.27800E+01  1.18798E-02
  7.27900E+01  1.18798E-02
  7.28000E+01  1.18798E-02
  7.28100E+01  1.18798E-02
  7.28200E+01  1.18798E-02
  7.28300E+01  1.18798E-02
  7.28400E+01  1.18798E-02
  7.28500E+01  1.18798E-02
  7.28600E+01  1.18798E-02
  7.28700E+01  1.18798E-02
  7.28800E+01  1.18798E-02
  7.28900E+01  1.18798E-02
  7.29000E+01  1.18798E-02
  7.29100E+01  1.18798E-02
  7.29200E+01  1.18798E-02
  7.29300E+01  1.18798E-02
  7.29400E+01  1.18798E-02
  7.29500E+01  1.18798E-02
  7.29600E+01  1.18798E-02
  7.29700E+01  1.18798E-02
  7.29800E+01  1.18798E-02
  7.29900E+01  1.18798E-02
  7.30000E+01  1.18798E-02
  7.30100E+01  1.18798E-02
  7.30200E+01  1.18798E-02
  7.30300E+01  1.18798E-02
  7.30400E+01  1.18798E-02
  7.30500E+01  1.18798E-02
  7.30600E+01  1.18798E-02
  7.30700E+01  1.18798E-02
  7.30800E+01  1.18798E-02
  7.30900E+01  1.18798E-02
  7.31000E+01  1.18798E-02
  7.31100E+01  1.18798E-02
  7.31200E+01  1.18798E-02
  7.31300E+01  1.18798E-02
  7.31400E+01  1.18798E-02
  7.31500E+01  1.18798E-02
  7.31600E+01  1.18798E-02
  7.31700E+01  1.18798E-02
  7.31800E+01  1.18798E-02
  7.31900E+01  1.18798E-02
  7.32000E+01  1.18798E-02
  7.32100E+01  1.18798E-02
  7.32200E+01  1.18798E-02
  7.32300E+01  1.18798E-02
  7.32400E+01  1.18798E-02
  7.32500E+01  1.18798E-02
  7.32600E+01  1.18798E-02
  7.32700E+01  1.18798E-02
  7.32800E+01  1.18798E-02
  7.32900E+01  1.18798E-02
  7.33000E+01  1.18798E-02
  7.33100E+01  1.18798E-02
  7.33200E+01  1.18798E-02
  7.33300E+01  1.18798E-02
  7.33400E+01  1.18798E-02
  7.33500E+01  1.18798E-02
  7.33600E+01  1.18798E-02
  7.33700E+01  1.18798E-02
  7.33800E+01  1.18798E-02
  7.33900E+01  1.18798E-02
  7.34000E+01  1.18798E-02
  7.34100E+01  1.18798E-02
  7.34200E+01  1.18798E-02
  7.34300E+01  1.18798E-02
  7.34400E+01  1.18798E-02
  7.34500E+01  1.18798E-02
  7.34600E+01  1.18798E-02
  7.34700E+01  1.18798E-02
  7.34800E+01  1.18798E-02
  7.34900E+01  1.18798E-02
  7.35000E+01  1.18798E-02
  7.35100E+01  1.18798E-02
  7.35200E+01  1.18798E-02
  7.35300E+01  1.18798E-02
  7.35400E+01  1.18798E-02
  7.35500E+01  1.18798E-02
  7.35600E+01  1.18798E-02
  7.35700E+01  1.18798E-02
  7.35800E+01  1.18798E-02
  7.35900E+01  1.18798E-02
  7.36000E+01  1.18798E-02
  7.36100E+01  1.18798E-02
  7.36200E+01  1.18798E-02
  7.36300E+01  1.18798E-02
  7.36400E+01  1.18798E-02
  7.36500E+01  1.18798E-02
  7.36600E+01  1.18798E-02
  7.36700E+01  1.18798E-02
  7.36800E+01  1.18798E-02
  7.36900E+01  1.18798E-02
  7.37000E+01  1.18798E-02
  7.37100E+01  1.18798E-02
  7.37200E+01  1.18798E-02
  7.37300E+01  1.18798E-02
  7.37400E+01  1.18798E-02
  7.37500E+01  1.18798E-02
  7.37600E+01  1.18798E-02
  7.37700E+01  1.18798E-02
  7.37800E+01  1.18798E-02
  7.37900E+01  1.18798E-02
  7.38000E+01  1.18798E-02
  7.38100E+01  1.18798E-02
  7.38200E+01  1.18798E-02
  7.38300E+01  1.18798E-02
  7.38400E+01  1.18798E-02
  7.38500E+01  1.18798E-02
  7.38600E+01  1.18798E-02
  7.38700E+01  1.18798E-02
  7.38800E+01  1.18798E-02
  7.38900E+01  1.18798E-02
  7.39000E+01  1.18798E-02
  7.39100E+01  1.18798E-02
  7.39200E+01  1.18798E-02
  7.39300E+01  1.18798E-02
  7.39400E+01  1.18798E-02
  7.39500E+01  1.18798E-02
  7.39600E+01  1.18798E-02
  7.39700E+01  1.18798E-02
  7.39800E+01  1.18798E-02
  7.39900E+01  1.18798E-02
  7.40000E+01  1.18798E-02
  7.40100E+01  1.18798E-02
  7.40200E+01  1.18798E-02
  7.40300E+01  1.18798E-02
  7.40400E+01  1.18798E-02
  7.40500E+01  1.18798E-02
  7.40600E+01  1.18798E-02
  7.40700E+01  1.18798E-02
  7.40800E+01  1.18798E-02
  7.40900E+01  1.18798E-02
  7.41000E+01  1.18798E-02
  7.41100E+01  1.18798E-02
  7.41200E+01  1.18798E-02
  7.41300E+01  1.18798E-02
  7.41400E+01  1.18798E-02
  7.41500E+01  1.18798E-02
  7.41600E+01  1.18798E-02
  7.41700E+01  1.18798E-02
  7.41800E+01  1.18798E-02
  7.41900E+01  1.18798E-02
  7.42000E+01  1.18798E-02
  7.42100E+01  1.18798E-02
  7.42200E+01  1.18798E-02
  7.42300E+01  1.18798E-02
  7.42400E+01  1.18798E-02
  7.42500E+01  1.18798E-02
  7.42600E+01  1.18798E-02
  7.42700E+01  1.18798E-02
  7.42800E+01  1.18798E-02
  7.42900E+01  1.18798E-02
  7.43000E+01  1.18798E-02
  7.43100E+01  1.18798E-02
  7.43200E+01  1.18798E-02
  7.43300E+01  1.18798E-02
  7.43400E+01  1.18798E-02
  7.43500E+01  1.18798E-02
  7.43600E+01  1.18798E-02
  7.43700E+01  1.18798E-02
  7.43800E+01  1.18798E-02
  7.43900E+01  1.18798E-02
  7.44000E+01  1.18798E-02
  7.44100E+01  1.18798E-02
  7.44200E+01  1.18798E-02
  7.44300E+01  1.18798E-02
  7.44400E+01  1.18798E-02
  7.44500E+01  1.18798E-02
  7.44600E+01  1.18798E-02
  7.44700E+01  1.18798E-02
  7.44800E+01  1.18798E-02
  7.44900E+01  1.18798E-02
  7.45000E+01  1.18798E-02
  7.45100E+01  1.18798E-02
  7.45200E+01  1.18798E-02
  7.45300E+01  1.18798E-02
  7.45400E+01  1.18798E-02
  7.45500E+01  1.18798E-02
  7.45600E+01  1.18798E-02
  7.45700E+01  1.18798E-02
  7.45800E+01  1.18798E-02
  7.45900E+01  1.18798E-02
  7.46000E+01  1.18798E-02
  7.46100E+01  1.18798E-02
  7.46200E+01  1.18798E-02
  7.46300E+01  1.18798E-02
  7.46400E+01  1.18798E-02
  7.46500E+01  1.18798E-02
  7.46600E+01  1.18798E-02
  7.46700E+01  1.18798E-02
  7.46800E+01  1.18798E-02
  7.46900E+01  1.18798E-02
  7.47000E+01  1.18798E-02
  7.47100E+01  1.18798E-02
  7.47200E+01  1.18798E-02
  7.47300E+01  1.18798E-02
  7.47400E+01  1.18798E-02
  7.47500E+01  1.18798E-02
  7.47600E+01  1.18798E-02
  7.47700E+01  1.18798E-02
  7.47800E+01  1.18798E-02
  7.47900E+01  1.18798E-02
  7.48000E+01  1.18798E-02
  7.48100E+01  1.18798E-02
  7.48200E+01  1.18798E-02
  7.48300E+01  1.18798E-02
  7.48400E+01  1.18798E-02
  7.48500E+01  1.18798E-02
  7.48600E+01  1.18798E-02
  7.48700E+01  1.18798E-02
  7.48800E+01  1.18798E-02
  7.48900E+01  1.18798E-02
  7.49000E+01  1.18798E-02
  7.49100E+01  1.18798E-02
  7.49200E+01  1.18798E-02
  7.49300E+01  1.18798E-02
  7.49400E+01  1.18798E-02
  7.49500E+01  1.18798E-02
  7.49600E+01  1.18798E-02
  7.49700E+01  1.18798E-02
  7.49800E+01  1.18798E-02
  7.49900E+01  1.18798E-02
  7.50000E+01  1.18798E-02
  7.50100E+01  1.18798E-02
  7.50200E+01  1.18798E-02
  7.50300E+01  1.18798E-02
  7.50400E+01  1.18798E-02
  7.50500E+01  1.18798E-02
  7.50600E+01  1.18798E-02
  7.50700E+01  1.18798E-02
  7.50800E+01  1.18798E-02
  7.50900E+01  1.18798E-02
  7.51000E+01  1.18798E-02
  7.51100E+01  1.18798E-02
  7.51200E+01  1.18798E-02
  7.51300E+01  1.18798E-02
  7.51400E+01  1.18798E-02
  7.51500E+01  1.18798E-02
  7.51600E+01  1.18798E-02
  7.51700E+01  1.18798E-02
  7.51800E+01  1.18798E-02
  7.51900E+01  1.18798E-02
  7.52000E+01  1.18798E-02
  7.52100E+01  1.18798E-02
  7.52200E+01  1.18798E-02
  7.52300E+01  1.18798E-02
  7.52400E+01  1.18798E-02
  7.52500E+01  1.18798E-02
  7.52600E+01  1.18798E-02
  7.52700E+01  1.18798E-02
  7.52800E+01  1.18798E-02
  7.52900E+01  1.18798E-02
  7.53000E+01  1.18798E-02
  7.53100E+01  1.18798E-02
  7.53200E+01  1.18798E-02
  7.53300E+01  1.18798E-02
  7.53400E+01  1.18798E-02
  7.53500E+01  1.18798E-02
  7.53600E+01  1.18798E-02
  7.53700E+01  1.18798E-02
  7.53800E+01  1.18798E-02
  7.53900E+01  1.18798E-02
  7.54000E+01  1.18798E-02
  7.54100E+01  1.18798E-02
  7.54200E+01  1.18798E-02
  7.54300E+01  1.18798E-02
  7.54400E+01  1.18798E-02
  7.54500E+01  1.18798E-02
  7.54600E+01  1.18798E-02
  7.54700E+01  1.18798E-02
  7.54800E+01  1.18798E-02
  7.54900E+01  1.18798E-02
  7.55000E+01  1.18798E-02
  7.55100E+01  1.18798E-02
  7.55200E+01  1.18798E-02
  7.55300E+01  1.18798E-02
  7.55400E+01  1.18798E-02
  7.55500E+01  1.18798E-02
  7.55600E+01  1.18798E-02
  7.55700E+01  1.18798E-02
  7.55800E+01  1.18798E-02
  7.55900E+01  1.18798E-02
  7.56000E+01  1.18798E-02
  7.56100E+01  1.18798E-02
  7.56200E+01  1.18798E-02
  7.56300E+01  1.18798E-02
  7.56400E+01  1.18798E-02
  7.56500E+01  1.18798E-02
  7.56600E+01  1.18798E-02
  7.56700E+01  1.18798E-02
  7.56800E+01  1.18798E-02
  7.56900E+01  1.18798E-02
  7.57000E+01  1.18798E-02
  7.57100E+01  1.18798E-02
  7.57200E+01  1.18798E-02
  7.57300E+01  1.18798E-02
  7.57400E+01  1.18798E-02
  7.57500E+01  1.18798E-02
  7.57600E+01  1.18798E-02
  7.57700E+01  1.18798E-02
  7.57800E+01  1.18798E-02
  7.57900E+01  1.18798E-02
  7.58000E+01  1.18798E-02
  7.58100E+01  1.18798E-02
  7.58200E+01  1.18798E-02
  7.58300E+01  1.18798E-02
  7.58400E+01  1.18798E-02
  7.58500E+01  1.18798E-02
  7.58600E+01  1.18798E-02
  7.58700E+01  1.18798E-02
  7.58800E+01  1.18798E-02
  7.58900E+01  1.18798E-02
  7.59000E+01  1.18798E-02
  7.59100E+01  1.18798E-02
  7.59200E+01  1.18798E-02
  7.59300E+01  1.18798E-02
  7.59400E+01  1.18798E-02
  7.59500E+01  1.18798E-02
  7.59600E+01  1.18798E-02
  7.59700E+01  1.18798E-02
  7.59800E+01  1.18798E-02
  7.59900E+01  1.18798E-02
  7.60000E+01  1.18798E-02
  7.60100E+01  1.18798E-02
  7.60200E+01  1.18798E-02
  7.60300E+01  1.18798E-02
  7.60400E+01  1.18798E-02
  7.60500E+01  1.18798E-02
  7.60600E+01  1.18798E-02
  7.60700E+01  1.18798E-02
  7.60800E+01  1.18798E-02
  7.60900E+01  1.18798E-02
  7.61000E+01  1.18798E-02
  7.61100E+01  1.18798E-02
  7.61200E+01  1.18798E-02
  7.61300E+01  1.18798E-02
  7.61400E+01  1.18798E-02
  7.61500E+01  1.18798E-02
  7.61600E+01  1.18798E-02
  7.61700E+01  1.18798E-02
  7.61800E+01  1.18798E-02
  7.61900E+01  1.18798E-02
  7.62000E+01  1.18798E-02
  7.62100E+01  1.18798E-02
  7.62200E+01  1.18798E-02
  7.62300E+01  1.18798E-02
  7.62400E+01  1.18798E-02
  7.62500E+01  1.18798E-02
  7.62600E+01  1.18798E-02
  7.62700E+01  1.18798E-02
  7.62800E+01  1.18798E-02
  7.62900E+01  1.18798E-02
  7.63000E+01  1.18798E-02
  7.63100E+01  1.18798E-02
  7.63200E+01  1.18798E-02
  7.63300E+01  1.18798E-02
  7.63400E+01  1.18798E-02
  7.63500E+01  1.18798E-02
  7.63600E+01  1.18798E-02
  7.63700E+01  1.18798E-02
  7.63800E+01  1.18798E-02
  7.63900E+01  1.18798E-02
  7.64000E+01  1.18798E-02
  7.64100E+01  1.18798E-02
  7.64200E+01  1.18798E-02
  7.64300E+01  1.18798E-02
  7.64400E+01  1.18798E-02
  7.64500E+01  1.18798E-02
  7.64600E+01  1.18798E-02
  7.64700E+01  1.18798E-02
  7.64800E+01  1.18798E-02
  7.64900E+01  1.18798E-02
  7.65000E+01  1.18798E-02
  7.65100E+01  1.18798E-02
  7.65200E+01  1.18798E-02
  7.65300E+01  1.18798E-02
  7.65400E+01  1.18798E-02
  7.65500E+01  1.18798E-02
  7.65600E+01  1.18798E-02
  7.65700E+01  1.18798E-02
  7.65800E+01  1.18798E-02
  7.65900E+01  1.18798E-02
  7.66000E+01  1.18798E-02
  7.66100E+01  1.18798E-02
  7.66200E+01  1.18798E-02
  7.66300E+01  1.18798E-02
  7.66400E+01  1.18798E-02
  7.66500E+01  1.18798E-02
  7.66600E+01  1.18798E-02
  7.66700E+01  1.18798E-02
  7.66800E+01  1.18798E-02
  7.66900E+01  1.18798E-02
  7.67000E+01  1.18798E-02
  7.67100E+01  1.18798E-02
  7.67200E+01  1.18798E-02
  7.67300E+01  1.18798E-02
  7.67400E+01  1.18798E-02
  7.67500E+01  1.18798E-02
  7.67600E+01  1.18798E-02
  7.67700E+01  1.18798E-02
  7.67800E+01  1.18798E-02
  7.67900E+01  1.18798E-02
  7.68000E+01  1.18798E-02
  7.68100E+01  1.18798E-02
  7.68200E+01  1.18798E-02
  7.68300E+01  1.18798E-02
  7.68400E+01  1.18798E-02
  7.68500E+01  1.18798E-02
  7.68600E+01  1.18798E-02
  7.68700E+01  1.18798E-02
  7.68800E+01  1.18798E-02
  7.68900E+01  1.18798E-02
  7.69000E+01  1.18798E-02
  7.69100E+01  1.18798E-02
  7.69200E+01  1.18798E-02
  7.69300E+01  1.18798E-02
  7.69400E+01  1.18798E-02
  7.69500E+01  1.18798E-02
  7.69600E+01  1.18798E-02
  7.69700E+01  1.18798E-02
  7.69800E+01  1.18798E-02
  7.69900E+01  1.18798E-02
  7.70000E+01  1.18798E-02
  7.70100E+01  1.18798E-02
  7.70200E+01  1.18798E-02
  7.70300E+01  1.18798E-02
  7.70400E+01  1.18798E-02
  7.70500E+01  1.18798E-02
  7.70600E+01  1.18798E-02
  7.70700E+01  1.18798E-02
  7.70800E+01  1.18798E-02
  7.70900E+01  1.18798E-02
  7.71000E+01  1.18798E-02
  7.71100E+01  1.18798E-02
  7.71200E+01  1.18798E-02
  7.71300E+01  1.18798E-02
  7.71400E+01  1.18798E-02
  7.71500E+01  1.18798E-02
  7.71600E+01  1.18798E-02
  7.71700E+01  1.18798E-02
  7.71800E+01  1.18798E-02
  7.71900E+01  1.18798E-02
  7.72000E+01  1.18798E-02
  7.72100E+01  1.18798E-02
  7.72200E+01  1.18798E-02
  7.72300E+01  1.18798E-02
  7.72400E+01  1.18798E-02
  7.72500E+01  1.18798E-02
  7.72600E+01  1.18798E-02
  7.72700E+01  1.18798E-02
  7.72800E+01  1.18798E-02
  7.72900E+01  1.18798E-02
  7.73000E+01  1.18798E-02
  7.73100E+01  1.18798E-02
  7.73200E+01  1.18798E-02
  7.73300E+01  1.18798E-02
  7.73400E+01  1.18798E-02
  7.73500E+01  1.18798E-02
  7.73600E+01  1.18798E-02
  7.73700E+01  1.18798E-02
  7.73800E+01  1.18798E-02
  7.73900E+01  1.18798E-02
  7.74000E+01  1.18798E-02
  7.74100E+01  1.18798E-02
  7.74200E+01  1.18798E-02
  7.74300E+01  1.18798E-02
  7.74400E+01  1.18798E-02
  7.74500E+01  1.18798E-02
  7.74600E+01  1.18798E-02
  7.74700E+01  1.18798E-02
  7.74800E+01  1.18798E-02
  7.74900E+01  1.18798E-02
  7.75000E+01  1.18798E-02
  7.75100E+01  1.18798E-02
  7.75200E+01  1.18798E-02
  7.75300E+01  1.18798E-02
  7.75400E+01  1.18798E-02
  7.75500E+01  1.18798E-02
  7.75600E+01  1.18798E-02
  7.75700E+01  1.18798E-02
  7.75800E+01  1.18798E-02
  7.75900E+01  1.18798E-02
  7.76000E+01  1.18798E-02
  7.76100E+01  1.18798E-02
  7.76200E+01  1.18798E-02
  7.76300E+01  1.18798E-02
  7.76400E+01  1.18798E-02
  7.76500E+01  1.18798E-02
  7.76600E+01  1.18798E-02
  7.76700E+01  1.18798E-02
  7.76800E+01  1.18798E-02
  7.76900E+01  1.18798E-02
  7.77000E+01  1.18798E-02
  7.77100E+01  1.18798E-02
  7.77200E+01  1.18798E-02
  7.77300E+01  1.18798E-02
  7.77400E+01  1.18798E-02
  7.77500E+01  1.18798E-02
  7.77600E+01  1.18798E-02
  7.77700E+01  1.18798E-02
  7.77800E+01  1.18798E-02
  7.77900E+01  1.18798E-02
  7.78000E+01  1.18798E-02
  7.78100E+01  1.18798E-02
  7.78200E+01  1.18798E-02
  7.78300E+01  1.18798E-02
  7.78400E+01  1.18798E-02
  7.78500E+01  1.18798E-02
  7.78600E+01  1.18798E-02
  7.78700E+01  1.18798E-02
  7.78800E+01  1.18798E-02
  7.78900E+01  1.18798E-02
  7.79000E+01  1.18798E-02
  7.79100E+01  1.18798E-02
  7.79200E+01  1.18798E-02
  7.79300E+01  1.18798E-02
  7.79400E+01  1.18798E-02
  7.79500E+01  1.18798E-02
  7.79600E+01  1.18798E-02
  7.79700E+01  1.18798E-02
  7.79800E+01  1.18798E-02
  7.79900E+01  1.18798E-02
  7.80000E+01  1.18798E-02
  7.80100E+01  1.18798E-02
  7.80200E+01  1.18798E-02
  7.80300E+01  1.18798E-02
  7.80400E+01  1.18798E-02
  7.80500E+01  1.18798E-02
  7.80600E+01  1.18798E-02
  7.80700E+01  1.18798E-02
  7.80800E+01  1.18798E-02
  7.80900E+01  1.18798E-02
  7.81000E+01  1.18798E-02
  7.81100E+01  1.18798E-02
  7.81200E+01  1.18798E-02
  7.81300E+01  1.18798E-02
  7.81400E+01  1.18798E-02
  7.81500E+01  1.18798E-02
  7.81600E+01  1.18798E-02
  7.81700E+01  1.18798E-02
  7.81800E+01  1.18798E-02
  7.81900E+01  1.18798E-02
  7.82000E+01  1.18798E-02
  7.82100E+01  1.18798E-02
  7.82200E+01  1.18798E-02
  7.82300E+01  1.18798E-02
  7.82400E+01  1.18798E-02
  7.82500E+01  1.18798E-02
  7.82600E+01  1.18798E-02
  7.82700E+01  1.18798E-02
  7.82800E+01  1.18798E-02
  7.82900E+01  1.18798E-02
  7.83000E+01  1.18798E-02
  7.83100E+01  1.18798E-02
  7.83200E+01  1.18798E-02
  7.83300E+01  1.18798E-02
  7.83400E+01  1.18798E-02
  7.83500E+01  1.18798E-02
  7.83600E+01  1.18798E-02
  7.83700E+01  1.18798E-02
  7.83800E+01  1.18798E-02
  7.83900E+01  1.18798E-02
  7.84000E+01  1.18798E-02
  7.84100E+01  1.18798E-02
  7.84200E+01  1.18798E-02
  7.84300E+01  1.18798E-02
  7.84400E+01  1.18798E-02
  7.84500E+01  1.18798E-02
  7.84600E+01  1.18798E-02
  7.84700E+01  1.18798E-02
  7.84800E+01  1.18798E-02
  7.84900E+01  1.18798E-02
  7.85000E+01  1.18798E-02
  7.85100E+01  1.18798E-02
  7.85200E+01  1.18798E-02
  7.85300E+01  1.18798E-02
  7.85400E+01  1.18798E-02
  7.85500E+01  1.18798E-02
  7.85600E+01  1.18798E-02
  7.85700E+01  1.18798E-02
  7.85800E+01  1.18798E-02
  7.85900E+01  1.18798E-02
  7.86000E+01  1.18798E-02
  7.86100E+01  1.18798E-02
  7.86200E+01  1.18798E-02
  7.86300E+01  1.18798E-02
  7.86400E+01  1.18798E-02
  7.86500E+01  1.18798E-02
  7.86600E+01  1.18798E-02
  7.86700E+01  1.18798E-02
  7.86800E+01  1.18798E-02
  7.86900E+01  1.18798E-02
  7.87000E+01  1.18798E-02
  7.87100E+01  1.18798E-02
  7.87200E+01  1.18798E-02
  7.87300E+01  1.18798E-02
  7.87400E+01  1.18798E-02
  7.87500E+01  1.18798E-02
  7.87600E+01  1.18798E-02
  7.87700E+01  1.18798E-02
  7.87800E+01  1.18798E-02
  7.87900E+01  1.18798E-02
  7.88000E+01  1.18798E-02
  7.88100E+01  1.18798E-02
  7.88200E+01  1.18798E-02
  7.88300E+01  1.18798E-02
  7.88400E+01  1.18798E-02
  7.88500E+01  1.18798E-02
  7.88600E+01  1.18798E-02
  7.88700E+01  1.18798E-02
  7.88800E+01  1.18798E-02
  7.88900E+01  1.18798E-02
  7.89000E+01  1.18798E-02
  7.89100E+01  1.18798E-02
  7.89200E+01  1.18798E-02
  7.89300E+01  1.18798E-02
  7.89400E+01  1.18798E-02
  7.89500E+01  1.18798E-02
  7.89600E+01  1.18798E-02
  7.89700E+01  1.18798E-02
  7.89800E+01  1.18798E-02
  7.89900E+01  1.18798E-02
  7.90000E+01  1.18798E-02
  7.90100E+01  1.18798E-02
  7.90200E+01  1.18798E-02
  7.90300E+01  1.18798E-02
  7.90400E+01  1.18798E-02
  7.90500E+01  1.18798E-02
  7.90600E+01  1.18798E-02
  7.90700E+01  1.18798E-02
  7.90800E+01  1.18798E-02
  7.90900E+01  1.18798E-02
  7.91000E+01  1.18798E-02
  7.91100E+01  1.18798E-02
  7.91200E+01  1.18798E-02
  7.91300E+01  1.18798E-02
  7.91400E+01  1.18798E-02
  7.91500E+01  1.18798E-02
  7.91600E+01  1.18798E-02
  7.91700E+01  1.18798E-02
  7.91800E+01  1.18798E-02
  7.91900E+01  1.18798E-02
  7.92000E+01  1.18798E-02
  7.92100E+01  1.18798E-02
  7.92200E+01  1.18798E-02
  7.92300E+01  1.18798E-02
  7.92400E+01  1.18798E-02
  7.92500E+01  1.18798E-02
  7.92600E+01  1.18798E-02
  7.92700E+01  1.18798E-02
  7.92800E+01  1.18798E-02
  7.92900E+01  1.18798E-02
  7.93000E+01  1.18798E-02
  7.93100E+01  1.18798E-02
  7.93200E+01  1.18798E-02
  7.93300E+01  1.18798E-02
  7.93400E+01  1.18798E-02
  7.93500E+01  1.18798E-02
  7.93600E+01  1.18798E-02
  7.93700E+01  1.18798E-02
  7.93800E+01  1.18798E-02
  7.93900E+01  1.18798E-02
  7.94000E+01  1.18798E-02
  7.94100E+01  1.18798E-02
  7.94200E+01  1.18798E-02
  7.94300E+01  1.18798E-02
  7.94400E+01  1.18798E-02
  7.94500E+01  1.18798E-02
  7.94600E+01  1.18798E-02
  7.94700E+01  1.18798E-02
  7.94800E+01  1.18798E-02
  7.94900E+01  1.18798E-02
  7.95000E+01  1.18798E-02
  7.95100E+01  1.18798E-02
  7.95200E+01  1.18798E-02
  7.95300E+01  1.18798E-02
  7.95400E+01  1.18798E-02
  7.95500E+01  1.18798E-02
  7.95600E+01  1.18798E-02
  7.95700E+01  1.18798E-02
  7.95800E+01  1.18798E-02
  7.95900E+01  1.18798E-02
  7.96000E+01  1.18798E-02
  7.96100E+01  1.18798E-02
  7.96200E+01  1.18798E-02
  7.96300E+01  1.18798E-02
  7.96400E+01  1.18798E-02
  7.96500E+01  1.18798E-02
  7.96600E+01  1.18798E-02
  7.96700E+01  1.18798E-02
  7.96800E+01  1.18798E-02
  7.96900E+01  1.18798E-02
  7.97000E+01  1.18798E-02
  7.97100E+01  1.18798E-02
  7.97200E+01  1.18798E-02
  7.97300E+01  1.18798E-02
  7.97400E+01  1.18798E-02
  7.97500E+01  1.18798E-02
  7.97600E+01  1.18798E-02
  7.97700E+01  1.18798E-02
  7.97800E+01  1.18798E-02
  7.97900E+01  1.18798E-02
  7.98000E+01  1.18798E-02
  7.98100E+01  1.18798E-02
  7.98200E+01  1.18798E-02
  7.98300E+01  1.18798E-02
  7.98400E+01  1.18798E-02
  7.98500E+01  1.18798E-02
  7.98600E+01  1.18798E-02
  7.98700E+01  1.18798E-02
  7.98800E+01  1.18798E-02
  7.98900E+01  1.18798E-02
  7.99000E+01  1.18798E-02
  7.99100E+01  1.18798E-02
  7.99200E+01  1.18798E-02
  7.99300E+01  1.18798E-02
  7.99400E+01  1.18798E-02
  7.99500E+01  1.18798E-02
  7.99600E+01  1.18798E-02
  7.99700E+01  1.18798E-02
  7.99800E+01  1.18798E-02
  7.99900E+01  1.18798E-02
  8.00000E+01  1.18798E-02
  8.00100E+01  1.18798E-02
  8.00200E+01  1.18798E-02
  8.00300E+01  1.18798E-02
  8.00400E+01  1.18798E-02
  8.00500E+01  1.18798E-02
  8.00600E+01  1.18798E-02
  8.00700E+01  1.18798E-02
  8.00800E+01  1.18798E-02
  8.00900E+01  1.18798E-02
  8.01000E+01  1.18798E-02
  8.01100E+01  1.18798E-02
  8.01200E+01  1.18798E-02
  8.01300E+01  1.18798E-02
  8.01400E+01  1.18798E-02
  8.01500E+01  1.18798E-02
  8.01600E+01  1.18798E-02
  8.01700E+01  1.18798E-02
  8.01800E+01  1.18798E-02
  8.01900E+01  1.18798E-02
  8.02000E+01  1.18798E-02
  8.02100E+01  1.18798E-02
  8.02200E+01  1.18798E-02
  8.02300E+01  1.18798E-02
  8.02400E+01  1.18798E-02
  8.02500E+01  1.18798E-02
  8.02600E+01  1.18798E-02
  8.02700E+01  1.18798E-02
  8.02800E+01  1.18798E-02
  8.02900E+01  1.18798E-02
  8.03000E+01  1.18798E-02
  8.03100E+01  1.18798E-02
  8.03200E+01  1.18798E-02
  8.03300E+01  1.18798E-02
  8.03400E+01  1.18798E-02
  8.03500E+01  1.18798E-02
  8.03600E+01  1.18798E-02
  8.03700E+01  1.18798E-02
  8.03800E+01  1.18798E-02
  8.03900E+01  1.18798E-02
  8.04000E+01  1.18798E-02
  8.04100E+01  1.18798E-02
  8.04200E+01  1.18798E-02
  8.04300E+01  1.18798E-02
  8.04400E+01  1.18798E-02
  8.04500E+01  1.18798E-02
  8.04600E+01  1.18798E-02
  8.04700E+01  1.18798E-02
  8.04800E+01  1.18798E-02
  8.04900E+01  1.18798E-02
  8.05000E+01  1.18798E-02
  8.05100E+01  1.18798E-02
  8.05200E+01  1.18798E-02
  8.05300E+01  1.18798E-02
  8.05400E+01  1.18798E-02
  8.05500E+01  1.18798E-02
  8.05600E+01  1.18798E-02
  8.05700E+01  1.18798E-02
  8.05800E+01  1.18798E-02
  8.05900E+01  1.18798E-02
  8.06000E+01  1.18798E-02
  8.06100E+01  1.18798E-02
  8.06200E+01  1.18798E-02
  8.06300E+01  1.18798E-02
  8.06400E+01  1.18798E-02
  8.06500E+01  1.18798E-02
  8.06600E+01  1.18798E-02
  8.06700E+01  1.18798E-02
  8.06800E+01  1.18798E-02
  8.06900E+01  1.18798E-02
  8.07000E+01  1.18798E-02
  8.07100E+01  1.18798E-02
  8.07200E+01  1.18798E-02
  8.07300E+01  1.18798E-02
  8.07400E+01  1.18798E-02
  8.07500E+01  1.18798E-02
  8.07600E+01  1.18798E-02
  8.07700E+01  1.18798E-02
  8.07800E+01  1.18798E-02
  8.07900E+01  1.18798E-02
  8.08000E+01  1.18798E-02
  8.08100E+01  1.18798E-02
  8.08200E+01  1.18798E-02
  8.08300E+01  1.18798E-02
  8.08400E+01  1.18798E-02
  8.08500E+01  1.18798E-02
  8.08600E+01  1.18798E-02
  8.08700E+01  1.18798E-02
  8.08800E+01  1.18798E-02
  8.08900E+01  1.18798E-02
  8.09000E+01  1.18798E-02
  8.09100E+01  1.18798E-02
  8.09200E+01  1.18798E-02
  8.09300E+01  1.18798E-02
  8.09400E+01  1.18798E-02
  8.09500E+01  1.18798E-02
  8.09600E+01  1.18798E-02
  8.09700E+01  1.18798E-02
  8.09800E+01  1.18798E-02
  8.09900E+01  1.18798E-02
  8.10000E+01  1.18798E-02
  8.10100E+01  1.18798E-02
  8.10200E+01  1.18798E-02
  8.10300E+01  1.18798E-02
  8.10400E+01  1.18798E-02
  8.10500E+01  1.18798E-02
  8.10600E+01  1.18798E-02
  8.10700E+01  1.18798E-02
  8.10800E+01  1.18798E-02
  8.10900E+01  1.18798E-02
  8.11000E+01  1.18798E-02
  8.11100E+01  1.18798E-02
  8.11200E+01  1.18798E-02
  8.11300E+01  1.18798E-02
  8.11400E+01  1.18798E-02
  8.11500E+01  1.18798E-02
  8.11600E+01  1.18798E-02
  8.11700E+01  1.18798E-02
  8.11800E+01  1.18798E-02
  8.11900E+01  1.18798E-02
  8.12000E+01  1.18798E-02
  8.12100E+01  1.18798E-02
  8.12200E+01  1.18798E-02
  8.12300E+01  1.18798E-02
  8.12400E+01  1.18798E-02
  8.12500E+01  1.18798E-02
  8.12600E+01  1.18798E-02
  8.12700E+01  1.18798E-02
  8.12800E+01  1.18798E-02
  8.12900E+01  1.18798E-02
  8.13000E+01  1.18798E-02
  8.13100E+01  1.18798E-02
  8.13200E+01  1.18798E-02
  8.13300E+01  1.18798E-02
  8.13400E+01  1.18798E-02
  8.13500E+01  1.18798E-02
  8.13600E+01  1.18798E-02
  8.13700E+01  1.18798E-02
  8.13800E+01  1.18798E-02
  8.13900E+01  1.18798E-02
  8.14000E+01  1.18798E-02
  8.14100E+01  1.18798E-02
  8.14200E+01  1.18798E-02
  8.14300E+01  1.18798E-02
  8.14400E+01  1.18798E-02
  8.14500E+01  1.18798E-02
  8.14600E+01  1.18798E-02
  8.14700E+01  1.18798E-02
  8.14800E+01  1.18798E-02
  8.14900E+01  1.18798E-02
  8.15000E+01  1.18798E-02
  8.15100E+01  1.18798E-02
  8.15200E+01  1.18798E-02
  8.15300E+01  1.18798E-02
  8.15400E+01  1.18798E-02
  8.15500E+01  1.18798E-02
  8.15600E+01  1.18798E-02
  8.15700E+01  1.18798E-02
  8.15800E+01  1.18798E-02
  8.15900E+01  1.18798E-02
  8.16000E+01  1.18798E-02
  8.16100E+01  1.18798E-02
  8.16200E+01  1.18798E-02
  8.16300E+01  1.18798E-02
  8.16400E+01  1.18798E-02
  8.16500E+01  1.18798E-02
  8.16600E+01  1.18798E-02
  8.16700E+01  1.18798E-02
  8.16800E+01  1.18798E-02
  8.16900E+01  1.18798E-02
  8.17000E+01  1.18798E-02
  8.17100E+01  1.18798E-02
  8.17200E+01  1.18798E-02
  8.17300E+01  1.18798E-02
  8.17400E+01  1.18798E-02
  8.17500E+01  1.18798E-02
  8.17600E+01  1.18798E-02
  8.17700E+01  1.18798E-02
  8.17800E+01  1.18798E-02
  8.17900E+01  1.18798E-02
  8.18000E+01  1.18798E-02
  8.18100E+01  1.18798E-02
  8.18200E+01  1.18798E-02
  8.18300E+01  1.18798E-02
  8.18400E+01  1.18798E-02
  8.18500E+01  1.18798E-02
  8.18600E+01  1.18798E-02
  8.18700E+01  1.18798E-02
  8.18800E+01  1.18798E-02
  8.18900E+01  1.18798E-02
  8.19000E+01  1.18798E-02
  8.19100E+01  1.18798E-02
  8.19200E+01  1.18798E-02
  8.19300E+01  1.18798E-02
  8.19400E+01  1.18798E-02
  8.19500E+01  1.18798E-02
  8.19600E+01  1.18798E-02
  8.19700E+01  1.18798E-02
  8.19800E+01  1.18798E-02
  8.19900E+01  1.18798E-02
  8.20000E+01  1.18798E-02
  8.20100E+01  1.18798E-02
  8.20200E+01  1.18798E-02
  8.20300E+01  1.18798E-02
  8.20400E+01  1.18798E-02
  8.20500E+01  1.18798E-02
  8.20600E+01  1.18798E-02
  8.20700E+01  1.18798E-02
  8.20800E+01  1.18798E-02
  8.20900E+01  1.18798E-02
  8.21000E+01  1.18798E-02
  8.21100E+01  1.18798E-02
  8.21200E+01  1.18798E-02
  8.21300E+01  1.18798E-02
  8.21400E+01  1.18798E-02
  8.21500E+01  1.18798E-02
  8.21600E+01  1.18798E-02
  8.21700E+01  1.18798E-02
  8.21800E+01  1.18798E-02
  8.21900E+01  1.18798E-02
  8.22000E+01  1.18798E-02
  8.22100E+01  1.18798E-02
  8.22200E+01  1.18798E-02
  8.22300E+01  1.18798E-02
  8.22400E+01  1.18798E-02
  8.22500E+01  1.18798E-02
  8.22600E+01  1.18798E-02
  8.22700E+01  1.18798E-02
  8.22800E+01  1.18798E-02
  8.22900E+01  1.18798E-02
  8.23000E+01  1.18798E-02
  8.23100E+01  1.18798E-02
  8.23200E+01  1.18798E-02
  8.23300E+01  1.18798E-02
  8.23400E+01  1.18798E-02
  8.23500E+01  1.18798E-02
  8.23600E+01  1.18798E-02
  8.23700E+01  1.18798E-02
  8.23800E+01  1.18798E-02
  8.23900E+01  1.18798E-02
  8.24000E+01  1.18798E-02
  8.24100E+01  1.18798E-02
  8.24200E+01  1.18798E-02
  8.24300E+01  1.18798E-02
  8.24400E+01  1.18798E-02
  8.24500E+01  1.18798E-02
  8.24600E+01  1.18798E-02
  8.24700E+01  1.18798E-02
  8.24800E+01  1.18798E-02
  8.24900E+01  1.18798E-02
  8.25000E+01  1.18798E-02
  8.25100E+01  1.18798E-02
  8.25200E+01  1.18798E-02
  8.25300E+01  1.18798E-02
  8.25400E+01  1.18798E-02
  8.25500E+01  1.18798E-02
  8.25600E+01  1.18798E-02
  8.25700E+01  1.18798E-02
  8.25800E+01  1.18798E-02
  8.25900E+01  1.18798E-02
  8.26000E+01  1.18798E-02
  8.26100E+01  1.18798E-02
  8.26200E+01  1.18798E-02
  8.26300E+01  1.18798E-02
  8.26400E+01  1.18798E-02
  8.26500E+01  1.18798E-02
  8.26600E+01  1.18798E-02
  8.26700E+01  1.18798E-02
  8.26800E+01  1.18798E-02
  8.26900E+01  1.18798E-02
  8.27000E+01  1.18798E-02
  8.27100E+01  1.18798E-02
  8.27200E+01  1.18798E-02
  8.27300E+01  1.18798E-02
  8.27400E+01  1.18798E-02
  8.27500E+01  1.18798E-02
  8.27600E+01  1.18798E-02
  8.27700E+01  1.18798E-02
  8.27800E+01  1.18798E-02
  8.27900E+01  1.18798E-02
  8.28000E+01  1.18798E-02
  8.28100E+01  1.18798E-02
  8.28200E+01  1.18798E-02
  8.28300E+01  1.18798E-02
  8.28400E+01  1.18798E-02
  8.28500E+01  1.18798E-02
  8.28600E+01  1.18798E-02
  8.28700E+01  1.18798E-02
  8.28800E+01  1.18798E-02
  8.28900E+01  1.18798E-02
  8.29000E+01  1.18798E-02
  8.29100E+01  1.18798E-02
  8.29200E+01  1.18798E-02
  8.29300E+01  1.18798E-02
  8.29400E+01  1.18798E-02
  8.29500E+01  1.18798E-02
  8.29600E+01  1.18798E-02
  8.29700E+01  1.18798E-02
  8.29800E+01  1.18798E-02
  8.29900E+01  1.18798E-02
  8.30000E+01  1.18798E-02
  8.30100E+01  1.18798E-02
  8.30200E+01  1.18798E-02
  8.30300E+01  1.18798E-02
  8.30400E+01  1.18798E-02
  8.30500E+01  1.18798E-02
  8.30600E+01  1.18798E-02
  8.30700E+01  1.18798E-02
  8.30800E+01  1.18798E-02
  8.30900E+01  1.18798E-02
  8.31000E+01  1.18798E-02
  8.31100E+01  1.18798E-02
  8.31200E+01  1.18798E-02
  8.31300E+01  1.18798E-02
  8.31400E+01  1.18798E-02
  8.31500E+01  1.18798E-02
  8.31600E+01  1.18798E-02
  8.31700E+01  1.18798E-02
  8.31800E+01  1.18798E-02
  8.31900E+01  1.18798E-02
  8.32000E+01  1.18798E-02
  8.32100E+01  1.18798E-02
  8.32200E+01  1.18798E-02
  8.32300E+01  1.18798E-02
  8.32400E+01  1.18798E-02
  8.32500E+01  1.18798E-02
  8.32600E+01  1.18798E-02
  8.32700E+01  1.18798E-02
  8.32800E+01  1.18798E-02
  8.32900E+01  1.18798E-02
  8.33000E+01  1.18798E-02
  8.33100E+01  1.18798E-02
  8.33200E+01  1.18798E-02
  8.33300E+01  1.18798E-02
  8.33400E+01  1.18798E-02
  8.33500E+01  1.18798E-02
  8.33600E+01  1.18798E-02
  8.33700E+01  1.18798E-02
  8.33800E+01  1.18798E-02
  8.33900E+01  1.18798E-02
  8.34000E+01  1.18798E-02
  8.34100E+01  1.18798E-02
  8.34200E+01  1.18798E-02
  8.34300E+01  1.18798E-02
  8.34400E+01  1.18798E-02
  8.34500E+01  1.18798E-02
  8.34600E+01  1.18798E-02
  8.34700E+01  1.18798E-02
  8.34800E+01  1.18798E-02
  8.34900E+01  1.18798E-02
  8.35000E+01  1.18798E-02
  8.35100E+01  1.18798E-02
  8.35200E+01  1.18798E-02
  8.35300E+01  1.18798E-02
  8.35400E+01  1.18798E-02
  8.35500E+01  1.18798E-02
  8.35600E+01  1.18798E-02
  8.35700E+01  1.18798E-02
  8.35800E+01  1.18798E-02
  8.35900E+01  1.18798E-02
  8.36000E+01  1.18798E-02
  8.36100E+01  1.18798E-02
  8.36200E+01  1.18798E-02
  8.36300E+01  1.18798E-02
  8.36400E+01  1.18798E-02
  8.36500E+01  1.18798E-02
  8.36600E+01  1.18798E-02
  8.36700E+01  1.18798E-02
  8.36800E+01  1.18798E-02
  8.36900E+01  1.18798E-02
  8.37000E+01  1.18798E-02
  8.37100E+01  1.18798E-02
  8.37200E+01  1.18798E-02
  8.37300E+01  1.18798E-02
  8.37400E+01  1.18798E-02
  8.37500E+01  1.18798E-02
  8.37600E+01  1.18798E-02
  8.37700E+01  1.18798E-02
  8.37800E+01  1.18798E-02
  8.37900E+01  1.18798E-02
  8.38000E+01  1.18798E-02
  8.38100E+01  1.18798E-02
  8.38200E+01  1.18798E-02
  8.38300E+01  1.18798E-02
  8.38400E+01  1.18798E-02
  8.38500E+01  1.18798E-02
  8.38600E+01  1.18798E-02
  8.38700E+01  1.18798E-02
  8.38800E+01  1.18798E-02
  8.38900E+01  1.18798E-02
  8.39000E+01  1.18798E-02
  8.39100E+01  1.18798E-02
  8.39200E+01  1.18798E-02
  8.39300E+01  1.18798E-02
  8.39400E+01  1.18798E-02
  8.39500E+01  1.18798E-02
  8.39600E+01  1.18798E-02
  8.39700E+01  1.18798E-02
  8.39800E+01  1.18798E-02
  8.39900E+01  1.18798E-02
  8.40000E+01  1.18798E-02
  8.40100E+01  1.18798E-02
  8.40200E+01  1.18798E-02
  8.40300E+01  1.18798E-02
  8.40400E+01  1.18798E-02
  8.40500E+01  1.18798E-02
  8.40600E+01  1.18798E-02
  8.40700E+01  1.18798E-02
  8.40800E+01  1.18798E-02
  8.40900E+01  1.18798E-02
  8.41000E+01  1.18798E-02
  8.41100E+01  1.18798E-02
  8.41200E+01  1.18798E-02
  8.41300E+01  1.18798E-02
  8.41400E+01  1.18798E-02
  8.41500E+01  1.18798E-02
  8.41600E+01  1.18798E-02
  8.41700E+01  1.18798E-02
  8.41800E+01  1.18798E-02
  8.41900E+01  1.18798E-02
  8.42000E+01  1.18798E-02
  8.42100E+01  1.18798E-02
  8.42200E+01  1.18798E-02
  8.42300E+01  1.18798E-02
  8.42400E+01  1.18798E-02
  8.42500E+01  1.18798E-02
  8.42600E+01  1.18798E-02
  8.42700E+01  1.18798E-02
  8.42800E+01  1.18798E-02
  8.42900E+01  1.18798E-02
  8.43000E+01  1.18798E-02
  8.43100E+01  1.18798E-02
  8.43200E+01  1.18798E-02
  8.43300E+01  1.18798E-02
  8.43400E+01  1.18798E-02
  8.43500E+01  1.18798E-02
  8.43600E+01  1.18798E-02
  8.43700E+01  1.18798E-02
  8.43800E+01  1.18798E-02
  8.43900E+01  1.18798E-02
  8.44000E+01  1.18798E-02
  8.44100E+01  1.18798E-02
  8.44200E+01  1.18798E-02
  8.44300E+01  1.18798E-02
  8.44400E+01  1.18798E-02
  8.44500E+01  1.18798E-02
  8.44600E+01  1.18798E-02
  8.44700E+01  1.18798E-02
  8.44800E+01  1.18798E-02
  8.44900E+01  1.18798E-02
  8.45000E+01  1.18798E-02
  8.45100E+01  1.18798E-02
  8.45200E+01  1.18798E-02
  8.45300E+01  1.18798E-02
  8.45400E+01  1.18798E-02
  8.45500E+01  1.18798E-02
  8.45600E+01  1.18798E-02
  8.45700E+01  1.18798E-02
  8.45800E+01  1.18798E-02
  8.45900E+01  1.18798E-02
  8.46000E+01  1.18798E-02
  8.46100E+01  1.18798E-02
  8.46200E+01  1.18798E-02
  8.46300E+01  1.18798E-02
  8.46400E+01  1.18798E-02
  8.46500E+01  1.18798E-02
  8.46600E+01  1.18798E-02
  8.46700E+01  1.18798E-02
  8.46800E+01  1.18798E-02
  8.46900E+01  1.18798E-02
  8.47000E+01  1.18798E-02
  8.47100E+01  1.18798E-02
  8.47200E+01  1.18798E-02
  8.47300E+01  1.18798E-02
  8.47400E+01  1.18798E-02
  8.47500E+01  1.18798E-02
  8.47600E+01  1.18798E-02
  8.47700E+01  1.18798E-02
  8.47800E+01  1.18798E-02
  8.47900E+01  1.18798E-02
  8.48000E+01  1.18798E-02
  8.48100E+01  1.18798E-02
  8.48200E+01  1.18798E-02
  8.48300E+01  1.18798E-02
  8.48400E+01  1.18798E-02
  8.48500E+01  1.18798E-02
  8.48600E+01  1.18798E-02
  8.48700E+01  1.18798E-02
  8.48800E+01  1.18798E-02
  8.48900E+01  1.18798E-02
  8.49000E+01  1.18798E-02
  8.49100E+01  1.18798E-02
  8.49200E+01  1.18798E-02
  8.49300E+01  1.18798E-02
  8.49400E+01  1.18798E-02
  8.49500E+01  1.18798E-02
  8.49600E+01  1.18798E-02
  8.49700E+01  1.18798E-02
  8.49800E+01  1.18798E-02
  8.49900E+01  1.18798E-02
  8.50000E+01  1.18798E-02
  8.50100E+01  1.18798E-02
  8.50200E+01  1.18798E-02
  8.50300E+01  1.18798E-02
  8.50400E+01  1.18798E-02
  8.50500E+01  1.18798E-02
  8.50600E+01  1.18798E-02
  8.50700E+01  1.18798E-02
  8.50800E+01  1.18798E-02
  8.50900E+01  1.18798E-02
  8.51000E+01  1.18798E-02
  8.51100E+01  1.18798E-02
  8.51200E+01  1.18798E-02
  8.51300E+01  1.18798E-02
  8.51400E+01  1.18798E-02
  8.51500E+01  1.18798E-02
  8.51600E+01  1.18798E-02
  8.51700E+01  1.18798E-02
  8.51800E+01  1.18798E-02
  8.51900E+01  1.18798E-02
  8.52000E+01  1.18798E-02
  8.52100E+01  1.18798E-02
  8.52200E+01  1.18798E-02
  8.52300E+01  1.18798E-02
  8.52400E+01  1.18798E-02
  8.52500E+01  1.18798E-02
  8.52600E+01  1.18798E-02
  8.52700E+01  1.18798E-02
  8.52800E+01  1.18798E-02
  8.52900E+01  1.18798E-02
  8.53000E+01  1.18798E-02
  8.53100E+01  1.18798E-02
  8.53200E+01  1.18798E-02
  8.53300E+01  1.18798E-02
  8.53400E+01  1.18798E-02
  8.53500E+01  1.18798E-02
  8.53600E+01  1.18798E-02
  8.53700E+01  1.18798E-02
  8.53800E+01  1.18798E-02
  8.53900E+01  1.18798E-02
  8.54000E+01  1.18798E-02
  8.54100E+01  1.18798E-02
  8.54200E+01  1.18798E-02
  8.54300E+01  1.18798E-02
  8.54400E+01  1.18798E-02
  8.54500E+01  1.18798E-02
  8.54600E+01  1.18798E-02
  8.54700E+01  1.18798E-02
  8.54800E+01  1.18798E-02
  8.54900E+01  1.18798E-02
  8.55000E+01  1.18798E-02
  8.55100E+01  1.18798E-02
  8.55200E+01  1.18798E-02
  8.55300E+01  1.18798E-02
  8.55400E+01  1.18798E-02
  8.55500E+01  1.18798E-02
  8.55600E+01  1.18798E-02
  8.55700E+01  1.18798E-02
  8.55800E+01  1.18798E-02
  8.55900E+01  1.18798E-02
  8.56000E+01  1.18798E-02
  8.56100E+01  1.18798E-02
  8.56200E+01  1.18798E-02
  8.56300E+01  1.18798E-02
  8.56400E+01  1.18798E-02
  8.56500E+01  1.18798E-02
  8.56600E+01  1.18798E-02
  8.56700E+01  1.18798E-02
  8.56800E+01  1.18798E-02
  8.56900E+01  1.18798E-02
  8.57000E+01  1.18798E-02
  8.57100E+01  1.18798E-02
  8.57200E+01  1.18798E-02
  8.57300E+01  1.18798E-02
  8.57400E+01  1.18798E-02
  8.57500E+01  1.18798E-02
  8.57600E+01  1.18798E-02
  8.57700E+01  1.18798E-02
  8.57800E+01  1.18798E-02
  8.57900E+01  1.18798E-02
  8.58000E+01  1.18798E-02
  8.58100E+01  1.18798E-02
  8.58200E+01  1.18798E-02
  8.58300E+01  1.18798E-02
  8.58400E+01  1.18798E-02
  8.58500E+01  1.18798E-02
  8.58600E+01  1.18798E-02
  8.58700E+01  1.18798E-02
  8.58800E+01  1.18798E-02
  8.58900E+01  1.18798E-02
  8.59000E+01  1.18798E-02
  8.59100E+01  1.18798E-02
  8.59200E+01  1.18798E-02
  8.59300E+01  1.18798E-02
  8.59400E+01  1.18798E-02
  8.59500E+01  1.18798E-02
  8.59600E+01  1.18798E-02
  8.59700E+01  1.18798E-02
  8.59800E+01  1.18798E-02
  8.59900E+01  1.18798E-02
  8.60000E+01  1.18798E-02
  8.60100E+01  1.18798E-02
  8.60200E+01  1.18798E-02
  8.60300E+01  1.18798E-02
  8.60400E+01  1.18798E-02
  8.60500E+01  1.18798E-02
  8.60600E+01  1.18798E-02
  8.60700E+01  1.18798E-02
  8.60800E+01  1.18798E-02
  8.60900E+01  1.18798E-02
  8.61000E+01  1.18798E-02
  8.61100E+01  1.18798E-02
  8.61200E+01  1.18798E-02
  8.61300E+01  1.18798E-02
  8.61400E+01  1.18798E-02
  8.61500E+01  1.18798E-02
  8.61600E+01  1.18798E-02
  8.61700E+01  1.18798E-02
  8.61800E+01  1.18798E-02
  8.61900E+01  1.18798E-02
  8.62000E+01  1.18798E-02
  8.62100E+01  1.18798E-02
  8.62200E+01  1.18798E-02
  8.62300E+01  1.18798E-02
  8.62400E+01  1.18798E-02
  8.62500E+01  1.18798E-02
  8.62600E+01  1.18798E-02
  8.62700E+01  1.18798E-02
  8.62800E+01  1.18798E-02
  8.62900E+01  1.18798E-02
  8.63000E+01  1.18798E-02
  8.63100E+01  1.18798E-02
  8.63200E+01  1.18798E-02
  8.63300E+01  1.18798E-02
  8.63400E+01  1.18798E-02
  8.63500E+01  1.18798E-02
  8.63600E+01  1.18798E-02
  8.63700E+01  1.18798E-02
  8.63800E+01  1.18798E-02
  8.63900E+01  1.18798E-02
  8.64000E+01  1.18798E-02
  8.64100E+01  1.18798E-02
  8.64200E+01  1.18798E-02
  8.64300E+01  1.18798E-02
  8.64400E+01  1.18798E-02
  8.64500E+01  1.18798E-02
  8.64600E+01  1.18798E-02
  8.64700E+01  1.18798E-02
  8.64800E+01  1.18798E-02
  8.64900E+01  1.18798E-02
  8.65000E+01  1.18798E-02
  8.65100E+01  1.18798E-02
  8.65200E+01  1.18798E-02
  8.65300E+01  1.18798E-02
  8.65400E+01  1.18798E-02
  8.65500E+01  1.18798E-02
  8.65600E+01  1.18798E-02
  8.65700E+01  1.18798E-02
  8.65800E+01  1.18798E-02
  8.65900E+01  1.18798E-02
  8.66000E+01  1.18798E-02
  8.66100E+01  1.18798E-02
  8.66200E+01  1.18798E-02
  8.66300E+01  1.18798E-02
  8.66400E+01  1.18798E-02
  8.66500E+01  1.18798E-02
  8.66600E+01  1.18798E-02
  8.66700E+01  1.18798E-02
  8.66800E+01  1.18798E-02
  8.66900E+01  1.18798E-02
  8.67000E+01  1.18798E-02
  8.67100E+01  1.18798E-02
  8.67200E+01  1.18798E-02
  8.67300E+01  1.18798E-02
  8.67400E+01  1.18798E-02
  8.67500E+01  1.18798E-02
  8.67600E+01  1.18798E-02
  8.67700E+01  1.18798E-02
  8.67800E+01  1.18798E-02
  8.67900E+01  1.18798E-02
  8.68000E+01  1.18798E-02
  8.68100E+01  1.18798E-02
  8.68200E+01  1.18798E-02
  8.68300E+01  1.18798E-02
  8.68400E+01  1.18798E-02
  8.68500E+01  1.18798E-02
  8.68600E+01  1.18798E-02
  8.68700E+01  1.18798E-02
  8.68800E+01  1.18798E-02
  8.68900E+01  1.18798E-02
  8.69000E+01  1.18798E-02
  8.69100E+01  1.18798E-02
  8.69200E+01  1.18798E-02
  8.69300E+01  1.18798E-02
  8.69400E+01  1.18798E-02
  8.69500E+01  1.18798E-02
  8.69600E+01  1.18798E-02
  8.69700E+01  1.18798E-02
  8.69800E+01  1.18798E-02
  8.69900E+01  1.18798E-02
  8.70000E+01  1.18798E-02
  8.70100E+01  1.18798E-02
  8.70200E+01  1.18798E-02
  8.70300E+01  1.18798E-02
  8.70400E+01  1.18798E-02
  8.70500E+01  1.18798E-02
  8.70600E+01  1.18798E-02
  8.70700E+01  1.18798E-02
  8.70800E+01  1.18798E-02
  8.70900E+01  1.18798E-02
  8.71000E+01  1.18798E-02
  8.71100E+01  1.18798E-02
  8.71200E+01  1.18798E-02
  8.71300E+01  1.18798E-02
  8.71400E+01  1.18798E-02
  8.71500E+01  1.18798E-02
  8.71600E+01  1.18798E-02
  8.71700E+01  1.18798E-02
  8.71800E+01  1.18798E-02
  8.71900E+01  1.18798E-02
  8.72000E+01  1.18798E-02
  8.72100E+01  1.18798E-02
  8.72200E+01  1.18798E-02
  8.72300E+01  1.18798E-02
  8.72400E+01  1.18798E-02
  8.72500E+01  1.18798E-02
  8.72600E+01  1.18798E-02
  8.72700E+01  1.18798E-02
  8.72800E+01  1.18798E-02
  8.72900E+01  1.18798E-02
  8.73000E+01  1.18798E-02
  8.73100E+01  1.18798E-02
  8.73200E+01  1.18798E-02
  8.73300E+01  1.18798E-02
  8.73400E+01  1.18798E-02
  8.73500E+01  1.18798E-02
  8.73600E+01  1.18798E-02
  8.73700E+01  1.18798E-02
  8.73800E+01  1.18798E-02
  8.73900E+01  1.18798E-02
  8.74000E+01  1.18798E-02
  8.74100E+01  1.18798E-02
  8.74200E+01  1.18798E-02
  8.74300E+01  1.18798E-02
  8.74400E+01  1.18798E-02
  8.74500E+01  1.18798E-02
  8.74600E+01  1.18798E-02
  8.74700E+01  1.18798E-02
  8.74800E+01  1.18798E-02
  8.74900E+01  1.18798E-02
  8.75000E+01  1.18798E-02
  8.75100E+01  1.18798E-02
  8.75200E+01  1.18798E-02
  8.75300E+01  1.18798E-02
  8.75400E+01  1.18798E-02
  8.75500E+01  1.18798E-02
  8.75600E+01  1.18798E-02
  8.75700E+01  1.18798E-02
  8.75800E+01  1.18798E-02
  8.75900E+01  1.18798E-02
  8.76000E+01  1.18798E-02
  8.76100E+01  1.18798E-02
  8.76200E+01  1.18798E-02
  8.76300E+01  1.18798E-02
  8.76400E+01  1.18798E-02
  8.76500E+01  1.18798E-02
  8.76600E+01  1.18798E-02
  8.76700E+01  1.18798E-02
  8.76800E+01  1.18798E-02
  8.76900E+01  1.18798E-02
  8.77000E+01  1.18798E-02
  8.77100E+01  1.18798E-02
  8.77200E+01  1.18798E-02
  8.77300E+01  1.18798E-02
  8.77400E+01  1.18798E-02
  8.77500E+01  1.18798E-02
  8.77600E+01  1.18798E-02
  8.77700E+01  1.18798E-02
  8.77800E+01  1.18798E-02
  8.77900E+01  1.18798E-02
  8.78000E+01  1.18798E-02
  8.78100E+01  1.18798E-02
  8.78200E+01  1.18798E-02
  8.78300E+01  1.18798E-02
  8.78400E+01  1.18798E-02
  8.78500E+01  1.18798E-02
  8.78600E+01  1.18798E-02
  8.78700E+01  1.18798E-02
  8.78800E+01  1.18798E-02
  8.78900E+01  1.18798E-02
  8.79000E+01  1.18798E-02
  8.79100E+01  1.18798E-02
  8.79200E+01  1.18798E-02
  8.79300E+01  1.18798E-02
  8.79400E+01  1.18798E-02
  8.79500E+01  1.18798E-02
  8.79600E+01  1.18798E-02
  8.79700E+01  1.18798E-02
  8.79800E+01  1.18798E-02
  8.79900E+01  1.18798E-02
  8.80000E+01  1.18798E-02
  8.80100E+01  1.18798E-02
  8.80200E+01  1.18798E-02
  8.80300E+01  1.18798E-02
  8.80400E+01  1.18798E-02
  8.80500E+01  1.18798E-02
  8.80600E+01  1.18798E-02
  8.80700E+01  1.18798E-02
  8.80800E+01  1.18798E-02
  8.80900E+01  1.18798E-02
  8.81000E+01  1.18798E-02
  8.81100E+01  1.18798E-02
  8.81200E+01  1.18798E-02
  8.81300E+01  1.18798E-02
  8.81400E+01  1.18798E-02
  8.81500E+01  1.18798E-02
  8.81600E+01  1.18798E-02
  8.81700E+01  1.18798E-02
  8.81800E+01  1.18798E-02
  8.81900E+01  1.18798E-02
  8.82000E+01  1.18798E-02
  8.82100E+01  1.18798E-02
  8.82200E+01  1.18798E-02
  8.82300E+01  1.18798E-02
  8.82400E+01  1.18798E-02
  8.82500E+01  1.18798E-02
  8.82600E+01  1.18798E-02
  8.82700E+01  1.18798E-02
  8.82800E+01  1.18798E-02
  8.82900E+01  1.18798E-02
  8.83000E+01  1.18798E-02
  8.83100E+01  1.18798E-02
  8.83200E+01  1.18798E-02
  8.83300E+01  1.18798E-02
  8.83400E+01  1.18798E-02
  8.83500E+01  1.18798E-02
  8.83600E+01  1.18798E-02
  8.83700E+01  1.18798E-02
  8.83800E+01  1.18798E-02
  8.83900E+01  1.18798E-02
  8.84000E+01  1.18798E-02
  8.84100E+01  1.18798E-02
  8.84200E+01  1.18798E-02
  8.84300E+01  1.18798E-02
  8.84400E+01  1.18798E-02
  8.84500E+01  1.18798E-02
  8.84600E+01  1.18798E-02
  8.84700E+01  1.18798E-02
  8.84800E+01  1.18798E-02
  8.84900E+01  1.18798E-02
  8.85000E+01  1.18798E-02
  8.85100E+01  1.18798E-02
  8.85200E+01  1.18798E-02
  8.85300E+01  1.18798E-02
  8.85400E+01  1.18798E-02
  8.85500E+01  1.18798E-02
  8.85600E+01  1.18798E-02
  8.85700E+01  1.18798E-02
  8.85800E+01  1.18798E-02
  8.85900E+01  1.18798E-02
  8.86000E+01  1.18798E-02
  8.86100E+01  1.18798E-02
  8.86200E+01  1.18798E-02
  8.86300E+01  1.18798E-02
  8.86400E+01  1.18798E-02
  8.86500E+01  1.18798E-02
  8.86600E+01  1.18798E-02
  8.86700E+01  1.18798E-02
  8.86800E+01  1.18798E-02
  8.86900E+01  1.18798E-02
  8.87000E+01  1.18798E-02
  8.87100E+01  1.18798E-02
  8.87200E+01  1.18798E-02
  8.87300E+01  1.18798E-02
  8.87400E+01  1.18798E-02
  8.87500E+01  1.18798E-02
  8.87600E+01  1.18798E-02
  8.87700E+01  1.18798E-02
  8.87800E+01  1.18798E-02
  8.87900E+01  1.18798E-02
  8.88000E+01  1.18798E-02
  8.88100E+01  1.18798E-02
  8.88200E+01  1.18798E-02
  8.88300E+01  1.18798E-02
  8.88400E+01  1.18798E-02
  8.88500E+01  1.18798E-02
  8.88600E+01  1.18798E-02
  8.88700E+01  1.18798E-02
  8.88800E+01  1.18798E-02
  8.88900E+01  1.18798E-02
  8.89000E+01  1.18798E-02
  8.89100E+01  1.18798E-02
  8.89200E+01  1.18798E-02
  8.89300E+01  1.18798E-02
  8.89400E+01  1.18798E-02
  8.89500E+01  1.18798E-02
  8.89600E+01  1.18798E-02
  8.89700E+01  1.18798E-02
  8.89800E+01  1.18798E-02
  8.89900E+01  1.18798E-02
  8.90000E+01  1.18798E-02
  8.90100E+01  1.18798E-02
  8.90200E+01  1.18798E-02
  8.90300E+01  1.18798E-02
  8.90400E+01  1.18798E-02
  8.90500E+01  1.18798E-02
  8.90600E+01  1.18798E-02
  8.90700E+01  1.18798E-02
  8.90800E+01  1.18798E-02
  8.90900E+01  1.18798E-02
  8.91000E+01  1.18798E-02
  8.91100E+01  1.18798E-02
  8.91200E+01  1.18798E-02
  8.91300E+01  1.18798E-02
  8.91400E+01  1.18798E-02
  8.91500E+01  1.18798E-02
  8.91600E+01  1.18798E-02
  8.91700E+01  1.18798E-02
  8.91800E+01  1.18798E-02
  8.91900E+01  1.18798E-02
  8.92000E+01  1.18798E-02
  8.92100E+01  1.18798E-02
  8.92200E+01  1.18798E-02
  8.92300E+01  1.18798E-02
  8.92400E+01  1.18798E-02
  8.92500E+01  1.18798E-02
  8.92600E+01  1.18798E-02
  8.92700E+01  1.18798E-02
  8.92800E+01  1.18798E-02
  8.92900E+01  1.18798E-02
  8.93000E+01  1.18798E-02
  8.93100E+01  1.18798E-02
  8.93200E+01  1.18798E-02
  8.93300E+01  1.18798E-02
  8.93400E+01  1.18798E-02
  8.93500E+01  1.18798E-02
  8.93600E+01  1.18798E-02
  8.93700E+01  1.18798E-02
  8.93800E+01  1.18798E-02
  8.93900E+01  1.18798E-02
  8.94000E+01  1.18798E-02
  8.94100E+01  1.18798E-02
  8.94200E+01  1.18798E-02
  8.94300E+01  1.18798E-02
  8.94400E+01  1.18798E-02
  8.94500E+01  1.18798E-02
  8.94600E+01  1.18798E-02
  8.94700E+01  1.18798E-02
  8.94800E+01  1.18798E-02
  8.94900E+01  1.18798E-02
  8.95000E+01  1.18798E-02
  8.95100E+01  1.18798E-02
  8.95200E+01  1.18798E-02
  8.95300E+01  1.18798E-02
  8.95400E+01  1.18798E-02
  8.95500E+01  1.18798E-02
  8.95600E+01  1.18798E-02
  8.95700E+01  1.18798E-02
  8.95800E+01  1.18798E-02
  8.95900E+01  1.18798E-02
  8.96000E+01  1.18798E-02
  8.96100E+01  1.18798E-02
  8.96200E+01  1.18798E-02
  8.96300E+01  1.18798E-02
  8.96400E+01  1.18798E-02
  8.96500E+01  1.18798E-02
  8.96600E+01  1.18798E-02
  8.96700E+01  1.18798E-02
  8.96800E+01  1.18798E-02
  8.96900E+01  1.18798E-02
  8.97000E+01  1.18798E-02
  8.97100E+01  1.18798E-02
  8.97200E+01  1.18798E-02
  8.97300E+01  1.18798E-02
  8.97400E+01  1.18798E-02
  8.97500E+01  1.18798E-02
  8.97600E+01  1.18798E-02
  8.97700E+01  1.18798E-02
  8.97800E+01  1.18798E-02
  8.97900E+01  1.18798E-02
  8.98000E+01  1.18798E-02
  8.98100E+01  1.18798E-02
  8.98200E+01  1.18798E-02
  8.98300E+01  1.18798E-02
  8.98400E+01  1.18798E-02
  8.98500E+01  1.18798E-02
  8.98600E+01  1.18798E-02
  8.98700E+01  1.18798E-02
  8.98800E+01  1.18798E-02
  8.98900E+01  1.18798E-02
  8.99000E+01  1.18798E-02
  8.99100E+01  1.18798E-02
  8.99200E+01  1.18798E-02
  8.99300E+01  1.18798E-02
  8.99400E+01  1.18798E-02
  8.99500E+01  1.18798E-02
  8.99600E+01  1.18798E-02
  8.99700E+01  1.18798E-02
  8.99800E+01  1.18798E-02
  8.99900E+01  1.18798E-02
  9.00000E+01  1.18798E-02
  9.00100E+01  1.18798E-02
  9.00200E+01  1.18798E-02
  9.00300E+01  1.18798E-02
  9.00400E+01  1.18798E-02
  9.00500E+01  1.18798E-02
  9.00600E+01  1.18798E-02
  9.00700E+01  1.18798E-02
  9.00800E+01  1.18798E-02
  9.00900E+01  1.18798E-02
  9.01000E+01  1.18798E-02
  9.01100E+01  1.18798E-02
  9.01200E+01  1.18798E-02
  9.01300E+01  1.18798E-02
  9.01400E+01  1.18798E-02
  9.01500E+01  1.18798E-02
  9.01600E+01  1.18798E-02
  9.01700E+01  1.18798E-02
  9.01800E+01  1.18798E-02
  9.01900E+01  1.18798E-02
  9.02000E+01  1.18798E-02
  9.02100E+01  1.18798E-02
  9.02200E+01  1.18798E-02
  9.02300E+01  1.18798E-02
  9.02400E+01  1.18798E-02
  9.02500E+01  1.18798E-02
  9.02600E+01  1.18798E-02
  9.02700E+01  1.18798E-02
  9.02800E+01  1.18798E-02
  9.02900E+01  1.18798E-02
  9.03000E+01  1.18798E-02
  9.03100E+01  1.18798E-02
  9.03200E+01  1.18798E-02
  9.03300E+01  1.18798E-02
  9.03400E+01  1.18798E-02
  9.03500E+01  1.18798E-02
  9.03600E+01  1.18798E-02
  9.03700E+01  1.18798E-02
  9.03800E+01  1.18798E-02
  9.03900E+01  1.18798E-02
  9.04000E+01  1.18798E-02
  9.04100E+01  1.18798E-02
  9.04200E+01  1.18798E-02
  9.04300E+01  1.18798E-02
  9.04400E+01  1.18798E-02
  9.04500E+01  1.18798E-02
  9.04600E+01  1.18798E-02
  9.04700E+01  1.18798E-02
  9.04800E+01  1.18798E-02
  9.04900E+01  1.18798E-02
  9.05000E+01  1.18798E-02
  9.05100E+01  1.18798E-02
  9.05200E+01  1.18798E-02
  9.05300E+01  1.18798E-02
  9.05400E+01  1.18798E-02
  9.05500E+01  1.18798E-02
  9.05600E+01  1.18798E-02
  9.05700E+01  1.18798E-02
  9.05800E+01  1.18798E-02
  9.05900E+01  1.18798E-02
  9.06000E+01  1.18798E-02
  9.06100E+01  1.18798E-02
  9.06200E+01  1.18798E-02
  9.06300E+01  1.18798E-02
  9.06400E+01  1.18798E-02
  9.06500E+01  1.18798E-02
  9.06600E+01  1.18798E-02
  9.06700E+01  1.18798E-02
  9.06800E+01  1.18798E-02
  9.06900E+01  1.18798E-02
  9.07000E+01  1.18798E-02
  9.07100E+01  1.18798E-02
  9.07200E+01  1.18798E-02
  9.07300E+01  1.18798E-02
  9.07400E+01  1.18798E-02
  9.07500E+01  1.18798E-02
  9.07600E+01  1.18798E-02
  9.07700E+01  1.18798E-02
  9.07800E+01  1.18798E-02
  9.07900E+01  1.18798E-02
  9.08000E+01  1.18798E-02
  9.08100E+01  1.18798E-02
  9.08200E+01  1.18798E-02
  9.08300E+01  1.18798E-02
  9.08400E+01  1.18798E-02
  9.08500E+01  1.18798E-02
  9.08600E+01  1.18798E-02
  9.08700E+01  1.18798E-02
  9.08800E+01  1.18798E-02
  9.08900E+01  1.18798E-02
  9.09000E+01  1.18798E-02
  9.09100E+01  1.18798E-02
  9.09200E+01  1.18798E-02
  9.09300E+01  1.18798E-02
  9.09400E+01  1.18798E-02
  9.09500E+01  1.18798E-02
  9.09600E+01  1.18798E-02
  9.09700E+01  1.18798E-02
  9.09800E+01  1.18798E-02
  9.09900E+01  1.18798E-02
  9.10000E+01  1.18798E-02
  9.10100E+01  1.18798E-02
  9.10200E+01  1.18798E-02
  9.10300E+01  1.18798E-02
  9.10400E+01  1.18798E-02
  9.10500E+01  1.18798E-02
  9.10600E+01  1.18798E-02
  9.10700E+01  1.18798E-02
  9.10800E+01  1.18798E-02
  9.10900E+01  1.18798E-02
  9.11000E+01  1.18798E-02
  9.11100E+01  1.18798E-02
  9.11200E+01  1.18798E-02
  9.11300E+01  1.18798E-02
  9.11400E+01  1.18798E-02
  9.11500E+01  1.18798E-02
  9.11600E+01  1.18798E-02
  9.11700E+01  1.18798E-02
  9.11800E+01  1.18798E-02
  9.11900E+01  1.18798E-02
  9.12000E+01  1.18798E-02
  9.12100E+01  1.18798E-02
  9.12200E+01  1.18798E-02
  9.12300E+01  1.18798E-02
  9.12400E+01  1.18798E-02
  9.12500E+01  1.18798E-02
  9.12600E+01  1.18798E-02
  9.12700E+01  1.18798E-02
  9.12800E+01  1.18798E-02
  9.12900E+01  1.18798E-02
  9.13000E+01  1.18798E-02
  9.13100E+01  1.18798E-02
  9.13200E+01  1.18798E-02
  9.13300E+01  1.18798E-02
  9.13400E+01  1.18798E-02
  9.13500E+01  1.18798E-02
  9.13600E+01  1.18798E-02
  9.13700E+01  1.18798E-02
  9.13800E+01  1.18798E-02
  9.13900E+01  1.18798E-02
  9.14000E+01  1.18798E-02
  9.14100E+01  1.18798E-02
  9.14200E+01  1.18798E-02
  9.14300E+01  1.18798E-02
  9.14400E+01  1.18798E-02
  9.14500E+01  1.18798E-02
  9.14600E+01  1.18798E-02
  9.14700E+01  1.18798E-02
  9.14800E+01  1.18798E-02
  9.14900E+01  1.18798E-02
  9.15000E+01  1.18798E-02
  9.15100E+01  1.18798E-02
  9.15200E+01  1.18798E-02
  9.15300E+01  1.18798E-02
  9.15400E+01  1.18798E-02
  9.15500E+01  1.18798E-02
  9.15600E+01  1.18798E-02
  9.15700E+01  1.18798E-02
  9.15800E+01  1.18798E-02
  9.15900E+01  1.18798E-02
  9.16000E+01  1.18798E-02
  9.16100E+01  1.18798E-02
  9.16200E+01  1.18798E-02
  9.16300E+01  1.18798E-02
  9.16400E+01  1.18798E-02
  9.16500E+01  1.18798E-02
  9.16600E+01  1.18798E-02
  9.16700E+01  1.18798E-02
  9.16800E+01  1.18798E-02
  9.16900E+01  1.18798E-02
  9.17000E+01  1.18798E-02
  9.17100E+01  1.18798E-02
  9.17200E+01  1.18798E-02
  9.17300E+01  1.18798E-02
  9.17400E+01  1.18798E-02
  9.17500E+01  1.18798E-02
  9.17600E+01  1.18798E-02
  9.17700E+01  1.18798E-02
  9.17800E+01  1.18798E-02
  9.17900E+01  1.18798E-02
  9.18000E+01  1.18798E-02
  9.18100E+01  1.18798E-02
  9.18200E+01  1.18798E-02
  9.18300E+01  1.18798E-02
  9.18400E+01  1.18798E-02
  9.18500E+01  1.18798E-02
  9.18600E+01  1.18798E-02
  9.18700E+01  1.18798E-02
  9.18800E+01  1.18798E-02
  9.18900E+01  1.18798E-02
  9.19000E+01  1.18798E-02
  9.19100E+01  1.18798E-02
  9.19200E+01  1.18798E-02
  9.19300E+01  1.18798E-02
  9.19400E+01  1.18798E-02
  9.19500E+01  1.18798E-02
  9.19600E+01  1.18798E-02
  9.19700E+01  1.18798E-02
  9.19800E+01  1.18798E-02
  9.19900E+01  1.18798E-02
  9.20000E+01  1.18798E-02
  9.20100E+01  1.18798E-02
  9.20200E+01  1.18798E-02
  9.20300E+01  1.18798E-02
  9.20400E+01  1.18798E-02
  9.20500E+01  1.18798E-02
  9.20600E+01  1.18798E-02
  9.20700E+01  1.18798E-02
  9.20800E+01  1.18798E-02
  9.20900E+01  1.18798E-02
  9.21000E+01  1.18798E-02
  9.21100E+01  1.18798E-02
  9.21200E+01  1.18798E-02
  9.21300E+01  1.18798E-02
  9.21400E+01  1.18798E-02
  9.21500E+01  1.18798E-02
  9.21600E+01  1.18798E-02
  9.21700E+01  1.18798E-02
  9.21800E+01  1.18798E-02
  9.21900E+01  1.18798E-02
  9.22000E+01  1.18798E-02
  9.22100E+01  1.18798E-02
  9.22200E+01  1.18798E-02
  9.22300E+01  1.18798E-02
  9.22400E+01  1.18798E-02
  9.22500E+01  1.18798E-02
  9.22600E+01  1.18798E-02
  9.22700E+01  1.18798E-02
  9.22800E+01  1.18798E-02
  9.22900E+01  1.18798E-02
  9.23000E+01  1.18798E-02
  9.23100E+01  1.18798E-02
  9.23200E+01  1.18798E-02
  9.23300E+01  1.18798E-02
  9.23400E+01  1.18798E-02
  9.23500E+01  1.18798E-02
  9.23600E+01  1.18798E-02
  9.23700E+01  1.18798E-02
  9.23800E+01  1.18798E-02
  9.23900E+01  1.18798E-02
  9.24000E+01  1.18798E-02
  9.24100E+01  1.18798E-02
  9.24200E+01  1.18798E-02
  9.24300E+01  1.18798E-02
  9.24400E+01  1.18798E-02
  9.24500E+01  1.18798E-02
  9.24600E+01  1.18798E-02
  9.24700E+01  1.18798E-02
  9.24800E+01  1.18798E-02
  9.24900E+01  1.18798E-02
  9.25000E+01  1.18798E-02
  9.25100E+01  1.18798E-02
  9.25200E+01  1.18798E-02
  9.25300E+01  1.18798E-02
  9.25400E+01  1.18798E-02
  9.25500E+01  1.18798E-02
  9.25600E+01  1.18798E-02
  9.25700E+01  1.18798E-02
  9.25800E+01  1.18798E-02
  9.25900E+01  1.18798E-02
  9.26000E+01  1.18798E-02
  9.26100E+01  1.18798E-02
  9.26200E+01  1.18798E-02
  9.26300E+01  1.18798E-02
  9.26400E+01  1.18798E-02
  9.26500E+01  1.18798E-02
  9.26600E+01  1.18798E-02
  9.26700E+01  1.18798E-02
  9.26800E+01  1.18798E-02
  9.26900E+01  1.18798E-02
  9.27000E+01  1.18798E-02
  9.27100E+01  1.18798E-02
  9.27200E+01  1.18798E-02
  9.27300E+01  1.18798E-02
  9.27400E+01  1.18798E-02
  9.27500E+01  1.18798E-02
  9.27600E+01  1.18798E-02
  9.27700E+01  1.18798E-02
  9.27800E+01  1.18798E-02
  9.27900E+01  1.18798E-02
  9.28000E+01  1.18798E-02
  9.28100E+01  1.18798E-02
  9.28200E+01  1.18798E-02
  9.28300E+01  1.18798E-02
  9.28400E+01  1.18798E-02
  9.28500E+01  1.18798E-02
  9.28600E+01  1.18798E-02
  9.28700E+01  1.18798E-02
  9.28800E+01  1.18798E-02
  9.28900E+01  1.18798E-02
  9.29000E+01  1.18798E-02
  9.29100E+01  1.18798E-02
  9.29200E+01  1.18798E-02
  9.29300E+01  1.18798E-02
  9.29400E+01  1.18798E-02
  9.29500E+01  1.18798E-02
  9.29600E+01  1.18798E-02
  9.29700E+01  1.18798E-02
  9.29800E+01  1.18798E-02
  9.29900E+01  1.18798E-02
  9.30000E+01  1.18798E-02
  9.30100E+01  1.18798E-02
  9.30200E+01  1.18798E-02
  9.30300E+01  1.18798E-02
  9.30400E+01  1.18798E-02
  9.30500E+01  1.18798E-02
  9.30600E+01  1.18798E-02
  9.30700E+01  1.18798E-02
  9.30800E+01  1.18798E-02
  9.30900E+01  1.18798E-02
  9.31000E+01  1.18798E-02
  9.31100E+01  1.18798E-02
  9.31200E+01  1.18798E-02
  9.31300E+01  1.18798E-02
  9.31400E+01  1.18798E-02
  9.31500E+01  1.18798E-02
  9.31600E+01  1.18798E-02
  9.31700E+01  1.18798E-02
  9.31800E+01  1.18798E-02
  9.31900E+01  1.18798E-02
  9.32000E+01  1.18798E-02
  9.32100E+01  1.18798E-02
  9.32200E+01  1.18798E-02
  9.32300E+01  1.18798E-02
  9.32400E+01  1.18798E-02
  9.32500E+01  1.18798E-02
  9.32600E+01  1.18798E-02
  9.32700E+01  1.18798E-02
  9.32800E+01  1.18798E-02
  9.32900E+01  1.18798E-02
  9.33000E+01  1.18798E-02
  9.33100E+01  1.18798E-02
  9.33200E+01  1.18798E-02
  9.33300E+01  1.18798E-02
  9.33400E+01  1.18798E-02
  9.33500E+01  1.18798E-02
  9.33600E+01  1.18798E-02
  9.33700E+01  1.18798E-02
  9.33800E+01  1.18798E-02
  9.33900E+01  1.18798E-02
  9.34000E+01  1.18798E-02
  9.34100E+01  1.18798E-02
  9.34200E+01  1.18798E-02
  9.34300E+01  1.18798E-02
  9.34400E+01  1.18798E-02
  9.34500E+01  1.18798E-02
  9.34600E+01  1.18798E-02
  9.34700E+01  1.18798E-02
  9.34800E+01  1.18798E-02
  9.34900E+01  1.18798E-02
  9.35000E+01  1.18798E-02
  9.35100E+01  1.18798E-02
  9.35200E+01  1.18798E-02
  9.35300E+01  1.18798E-02
  9.35400E+01  1.18798E-02
  9.35500E+01  1.18798E-02
  9.35600E+01  1.18798E-02
  9.35700E+01  1.18798E-02
  9.35800E+01  1.18798E-02
  9.35900E+01  1.18798E-02
  9.36000E+01  1.18798E-02
  9.36100E+01  1.18798E-02
  9.36200E+01  1.18798E-02
  9.36300E+01  1.18798E-02
  9.36400E+01  1.18798E-02
  9.36500E+01  1.18798E-02
  9.36600E+01  1.18798E-02
  9.36700E+01  1.18798E-02
  9.36800E+01  1.18798E-02
  9.36900E+01  1.18798E-02
  9.37000E+01  1.18798E-02
  9.37100E+01  1.18798E-02
  9.37200E+01  1.18798E-02
  9.37300E+01  1.18798E-02
  9.37400E+01  1.18798E-02
  9.37500E+01  1.18798E-02
  9.37600E+01  1.18798E-02
  9.37700E+01  1.18798E-02
  9.37800E+01  1.18798E-02
  9.37900E+01  1.18798E-02
  9.38000E+01  1.18798E-02
  9.38100E+01  1.18798E-02
  9.38200E+01  1.18798E-02
  9.38300E+01  1.18798E-02
  9.38400E+01  1.18798E-02
  9.38500E+01  1.18798E-02
  9.38600E+01  1.18798E-02
  9.38700E+01  1.18798E-02
  9.38800E+01  1.18798E-02
  9.38900E+01  1.18798E-02
  9.39000E+01  1.18798E-02
  9.39100E+01  1.18798E-02
  9.39200E+01  1.18798E-02
  9.39300E+01  1.18798E-02
  9.39400E+01  1.18798E-02
  9.39500E+01  1.18798E-02
  9.39600E+01  1.18798E-02
  9.39700E+01  1.18798E-02
  9.39800E+01  1.18798E-02
  9.39900E+01  1.18798E-02
  9.40000E+01  1.18798E-02
  9.40100E+01  1.18798E-02
  9.40200E+01  1.18798E-02
  9.40300E+01  1.18798E-02
  9.40400E+01  1.18798E-02
  9.40500E+01  1.18798E-02
  9.40600E+01  1.18798E-02
  9.40700E+01  1.18798E-02
  9.40800E+01  1.18798E-02
  9.40900E+01  1.18798E-02
  9.41000E+01  1.18798E-02
  9.41100E+01  1.18798E-02
  9.41200E+01  1.18798E-02
  9.41300E+01  1.18798E-02
  9.41400E+01  1.18798E-02
  9.41500E+01  1.18798E-02
  9.41600E+01  1.18798E-02
  9.41700E+01  1.18798E-02
  9.41800E+01  1.18798E-02
  9.41900E+01  1.18798E-02
  9.42000E+01  1.18798E-02
  9.42100E+01  1.18798E-02
  9.42200E+01  1.18798E-02
  9.42300E+01  1.18798E-02
  9.42400E+01  1.18798E-02
  9.42500E+01  1.18798E-02
  9.42600E+01  1.18798E-02
  9.42700E+01  1.18798E-02
  9.42800E+01  1.18798E-02
  9.42900E+01  1.18798E-02
  9.43000E+01  1.18798E-02
  9.43100E+01  1.18798E-02
  9.43200E+01  1.18798E-02
  9.43300E+01  1.18798E-02
  9.43400E+01  1.18798E-02
  9.43500E+01  1.18798E-02
  9.43600E+01  1.18798E-02
  9.43700E+01  1.18798E-02
  9.43800E+01  1.18798E-02
  9.43900E+01  1.18798E-02
  9.44000E+01  1.18798E-02
  9.44100E+01  1.18798E-02
  9.44200E+01  1.18798E-02
  9.44300E+01  1.18798E-02
  9.44400E+01  1.18798E-02
  9.44500E+01  1.18798E-02
  9.44600E+01  1.18798E-02
  9.44700E+01  1.18798E-02
  9.44800E+01  1.18798E-02
  9.44900E+01  1.18798E-02
  9.45000E+01  1.18798E-02
  9.45100E+01  1.18798E-02
  9.45200E+01  1.18798E-02
  9.45300E+01  1.18798E-02
  9.45400E+01  1.18798E-02
  9.45500E+01  1.18798E-02
  9.45600E+01  1.18798E-02
  9.45700E+01  1.18798E-02
  9.45800E+01  1.18798E-02
  9.45900E+01  1.18798E-02
  9.46000E+01  1.18798E-02
  9.46100E+01  1.18798E-02
  9.46200E+01  1.18798E-02
  9.46300E+01  1.18798E-02
  9.46400E+01  1.18798E-02
  9.46500E+01  1.18798E-02
  9.46600E+01  1.18798E-02
  9.46700E+01  1.18798E-02
  9.46800E+01  1.18798E-02
  9.46900E+01  1.18798E-02
  9.47000E+01  1.18798E-02
  9.47100E+01  1.18798E-02
  9.47200E+01  1.18798E-02
  9.47300E+01  1.18798E-02
  9.47400E+01  1.18798E-02
  9.47500E+01  1.18798E-02
  9.47600E+01  1.18798E-02
  9.47700E+01  1.18798E-02
  9.47800E+01  1.18798E-02
  9.47900E+01  1.18798E-02
  9.48000E+01  1.18798E-02
  9.48100E+01  1.18798E-02
  9.48200E+01  1.18798E-02
  9.48300E+01  1.18798E-02
  9.48400E+01  1.18798E-02
  9.48500E+01  1.18798E-02
  9.48600E+01  1.18798E-02
  9.48700E+01  1.18798E-02
  9.48800E+01  1.18798E-02
  9.48900E+01  1.18798E-02
  9.49000E+01  1.18798E-02
  9.49100E+01  1.18798E-02
  9.49200E+01  1.18798E-02
  9.49300E+01  1.18798E-02
  9.49400E+01  1.18798E-02
  9.49500E+01  1.18798E-02
  9.49600E+01  1.18798E-02
  9.49700E+01  1.18798E-02
  9.49800E+01  1.18798E-02
  9.49900E+01  1.18798E-02
  9.50000E+01  1.18798E-02
  9.50100E+01  1.18798E-02
  9.50200E+01  1.18798E-02
  9.50300E+01  1.18798E-02
  9.50400E+01  1.18798E-02
  9.50500E+01  1.18798E-02
  9.50600E+01  1.18798E-02
  9.50700E+01  1.18798E-02
  9.50800E+01  1.18798E-02
  9.50900E+01  1.18798E-02
  9.51000E+01  1.18798E-02
  9.51100E+01  1.18798E-02
  9.51200E+01  1.18798E-02
  9.51300E+01  1.18798E-02
  9.51400E+01  1.18798E-02
  9.51500E+01  1.18798E-02
  9.51600E+01  1.18798E-02
  9.51700E+01  1.18798E-02
  9.51800E+01  1.18798E-02
  9.51900E+01  1.18798E-02
  9.52000E+01  1.18798E-02
  9.52100E+01  1.18798E-02
  9.52200E+01  1.18798E-02
  9.52300E+01  1.18798E-02
  9.52400E+01  1.18798E-02
  9.52500E+01  1.18798E-02
  9.52600E+01  1.18798E-02
  9.52700E+01  1.18798E-02
  9.52800E+01  1.18798E-02
  9.52900E+01  1.18798E-02
  9.53000E+01  1.18798E-02
  9.53100E+01  1.18798E-02
  9.53200E+01  1.18798E-02
  9.53300E+01  1.18798E-02
  9.53400E+01  1.18798E-02
  9.53500E+01  1.18798E-02
  9.53600E+01  1.18798E-02
  9.53700E+01  1.18798E-02
  9.53800E+01  1.18798E-02
  9.53900E+01  1.18798E-02
  9.54000E+01  1.18798E-02
  9.54100E+01  1.18798E-02
  9.54200E+01  1.18798E-02
  9.54300E+01  1.18798E-02
  9.54400E+01  1.18798E-02
  9.54500E+01  1.18798E-02
  9.54600E+01  1.18798E-02
  9.54700E+01  1.18798E-02
  9.54800E+01  1.18798E-02
  9.54900E+01  1.18798E-02
  9.55000E+01  1.18798E-02
  9.55100E+01  1.18798E-02
  9.55200E+01  1.18798E-02
  9.55300E+01  1.18798E-02
  9.55400E+01  1.18798E-02
  9.55500E+01  1.18798E-02
  9.55600E+01  1.18798E-02
  9.55700E+01  1.18798E-02
  9.55800E+01  1.18798E-02
  9.55900E+01  1.18798E-02
  9.56000E+01  1.18798E-02
  9.56100E+01  1.18798E-02
  9.56200E+01  1.18798E-02
  9.56300E+01  1.18798E-02
  9.56400E+01  1.18798E-02
  9.56500E+01  1.18798E-02
  9.56600E+01  1.18798E-02
  9.56700E+01  1.18798E-02
  9.56800E+01  1.18798E-02
  9.56900E+01  1.18798E-02
  9.57000E+01  1.18798E-02
  9.57100E+01  1.18798E-02
  9.57200E+01  1.18798E-02
  9.57300E+01  1.18798E-02
  9.57400E+01  1.18798E-02
  9.57500E+01  1.18798E-02
  9.57600E+01  1.18798E-02
  9.57700E+01  1.18798E-02
  9.57800E+01  1.18798E-02
  9.57900E+01  1.18798E-02
  9.58000E+01  1.18798E-02
  9.58100E+01  1.18798E-02
  9.58200E+01  1.18798E-02
  9.58300E+01  1.18798E-02
  9.58400E+01  1.18798E-02
  9.58500E+01  1.18798E-02
  9.58600E+01  1.18798E-02
  9.58700E+01  1.18798E-02
  9.58800E+01  1.18798E-02
  9.58900E+01  1.18798E-02
  9.59000E+01  1.18798E-02
  9.59100E+01  1.18798E-02
  9.59200E+01  1.18798E-02
  9.59300E+01  1.18798E-02
  9.59400E+01  1.18798E-02
  9.59500E+01  1.18798E-02
  9.59600E+01  1.18798E-02
  9.59700E+01  1.18798E-02
  9.59800E+01  1.18798E-02
  9.59900E+01  1.18798E-02
  9.60000E+01  1.18798E-02
  9.60100E+01  1.18798E-02
  9.60200E+01  1.18798E-02
  9.60300E+01  1.18798E-02
  9.60400E+01  1.18798E-02
  9.60500E+01  1.18798E-02
  9.60600E+01  1.18798E-02
  9.60700E+01  1.18798E-02
  9.60800E+01  1.18798E-02
  9.60900E+01  1.18798E-02
  9.61000E+01  1.18798E-02
  9.61100E+01  1.18798E-02
  9.61200E+01  1.18798E-02
  9.61300E+01  1.18798E-02
  9.61400E+01  1.18798E-02
  9.61500E+01  1.18798E-02
  9.61600E+01  1.18798E-02
  9.61700E+01  1.18798E-02
  9.61800E+01  1.18798E-02
  9.61900E+01  1.18798E-02
  9.62000E+01  1.18798E-02
  9.62100E+01  1.18798E-02
  9.62200E+01  1.18798E-02
  9.62300E+01  1.18798E-02
  9.62400E+01  1.18798E-02
  9.62500E+01  1.18798E-02
  9.62600E+01  1.18798E-02
  9.62700E+01  1.18798E-02
  9.62800E+01  1.18798E-02
  9.62900E+01  1.18798E-02
  9.63000E+01  1.18798E-02
  9.63100E+01  1.18798E-02
  9.63200E+01  1.18798E-02
  9.63300E+01  1.18798E-02
  9.63400E+01  1.18798E-02
  9.63500E+01  1.18798E-02
  9.63600E+01  1.18798E-02
  9.63700E+01  1.18798E-02
  9.63800E+01  1.18798E-02
  9.63900E+01  1.18798E-02
  9.64000E+01  1.18798E-02
  9.64100E+01  1.18798E-02
  9.64200E+01  1.18798E-02
  9.64300E+01  1.18798E-02
  9.64400E+01  1.18798E-02
  9.64500E+01  1.18798E-02
  9.64600E+01  1.18798E-02
  9.64700E+01  1.18798E-02
  9.64800E+01  1.18798E-02
  9.64900E+01  1.18798E-02
  9.65000E+01  1.18798E-02
  9.65100E+01  1.18798E-02
  9.65200E+01  1.18798E-02
  9.65300E+01  1.18798E-02
  9.65400E+01  1.18798E-02
  9.65500E+01  1.18798E-02
  9.65600E+01  1.18798E-02
  9.65700E+01  1.18798E-02
  9.65800E+01  1.18798E-02
  9.65900E+01  1.18798E-02
  9.66000E+01  1.18798E-02
  9.66100E+01  1.18798E-02
  9.66200E+01  1.18798E-02
  9.66300E+01  1.18798E-02
  9.66400E+01  1.18798E-02
  9.66500E+01  1.18798E-02
  9.66600E+01  1.18798E-02
  9.66700E+01  1.18798E-02
  9.66800E+01  1.18798E-02
  9.66900E+01  1.18798E-02
  9.67000E+01  1.18798E-02
  9.67100E+01  1.18798E-02
  9.67200E+01  1.18798E-02
  9.67300E+01  1.18798E-02
  9.67400E+01  1.18798E-02
  9.67500E+01  1.18798E-02
  9.67600E+01  1.18798E-02
  9.67700E+01  1.18798E-02
  9.67800E+01  1.18798E-02
  9.67900E+01  1.18798E-02
  9.68000E+01  1.18798E-02
  9.68100E+01  1.18798E-02
  9.68200E+01  1.18798E-02
  9.68300E+01  1.18798E-02
  9.68400E+01  1.18798E-02
  9.68500E+01  1.18798E-02
  9.68600E+01  1.18798E-02
  9.68700E+01  1.18798E-02
  9.68800E+01  1.18798E-02
  9.68900E+01  1.18798E-02
  9.69000E+01  1.18798E-02
  9.69100E+01  1.18798E-02
  9.69200E+01  1.18798E-02
  9.69300E+01  1.18798E-02
  9.69400E+01  1.18798E-02
  9.69500E+01  1.18798E-02
  9.69600E+01  1.18798E-02
  9.69700E+01  1.18798E-02
  9.69800E+01  1.18798E-02
  9.69900E+01  1.18798E-02
  9.70000E+01  1.18798E-02
  9.70100E+01  1.18798E-02
  9.70200E+01  1.18798E-02
  9.70300E+01  1.18798E-02
  9.70400E+01  1.18798E-02
  9.70500E+01  1.18798E-02
  9.70600E+01  1.18798E-02
  9.70700E+01  1.18798E-02
  9.70800E+01  1.18798E-02
  9.70900E+01  1.18798E-02
  9.71000E+01  1.18798E-02
  9.71100E+01  1.18798E-02
  9.71200E+01  1.18798E-02
  9.71300E+01  1.18798E-02
  9.71400E+01  1.18798E-02
  9.71500E+01  1.18798E-02
  9.71600E+01  1.18798E-02
  9.71700E+01  1.18798E-02
  9.71800E+01  1.18798E-02
  9.71900E+01  1.18798E-02
  9.72000E+01  1.18798E-02
  9.72100E+01  1.18798E-02
  9.72200E+01  1.18798E-02
  9.72300E+01  1.18798E-02
  9.72400E+01  1.18798E-02
  9.72500E+01  1.18798E-02
  9.72600E+01  1.18798E-02
  9.72700E+01  1.18798E-02
  9.72800E+01  1.18798E-02
  9.72900E+01  1.18798E-02
  9.73000E+01  1.18798E-02
  9.73100E+01  1.18798E-02
  9.73200E+01  1.18798E-02
  9.73300E+01  1.18798E-02
  9.73400E+01  1.18798E-02
  9.73500E+01  1.18798E-02
  9.73600E+01  1.18798E-02
  9.73700E+01  1.18798E-02
  9.73800E+01  1.18798E-02
  9.73900E+01  1.18798E-02
  9.74000E+01  1.18798E-02
  9.74100E+01  1.18798E-02
  9.74200E+01  1.18798E-02
  9.74300E+01  1.18798E-02
  9.74400E+01  1.18798E-02
  9.74500E+01  1.18798E-02
  9.74600E+01  1.18798E-02
  9.74700E+01  1.18798E-02
  9.74800E+01  1.18798E-02
  9.74900E+01  1.18798E-02
  9.75000E+01  1.18798E-02
  9.75100E+01  1.18798E-02
  9.75200E+01  1.18798E-02
  9.75300E+01  1.18798E-02
  9.75400E+01  1.18798E-02
  9.75500E+01  1.18798E-02
  9.75600E+01  1.18798E-02
  9.75700E+01  1.18798E-02
  9.75800E+01  1.18798E-02
  9.75900E+01  1.18798E-02
  9.76000E+01  1.18798E-02
  9.76100E+01  1.18798E-02
  9.76200E+01  1.18798E-02
  9.76300E+01  1.18798E-02
  9.76400E+01  1.18798E-02
  9.76500E+01  1.18798E-02
  9.76600E+01  1.18798E-02
  9.76700E+01  1.18798E-02
  9.76800E+01  1.18798E-02
  9.76900E+01  1.18798E-02
  9.77000E+01  1.18798E-02
  9.77100E+01  1.18798E-02
  9.77200E+01  1.18798E-02
  9.77300E+01  1.18798E-02
  9.77400E+01  1.18798E-02
  9.77500E+01  1.18798E-02
  9.77600E+01  1.18798E-02
  9.77700E+01  1.18798E-02
  9.77800E+01  1.18798E-02
  9.77900E+01  1.18798E-02
  9.78000E+01  1.18798E-02
  9.78100E+01  1.18798E-02
  9.78200E+01  1.18798E-02
  9.78300E+01  1.18798E-02
  9.78400E+01  1.18798E-02
  9.78500E+01  1.18798E-02
  9.78600E+01  1.18798E-02
  9.78700E+01  1.18798E-02
  9.78800E+01  1.18798E-02
  9.78900E+01  1.18798E-02
  9.79000E+01  1.18798E-02
  9.79100E+01  1.18798E-02
  9.79200E+01  1.18798E-02
  9.79300E+01  1.18798E-02
  9.79400E+01  1.18798E-02
  9.79500E+01  1.18798E-02
  9.79600E+01  1.18798E-02
  9.79700E+01  1.18798E-02
  9.79800E+01  1.18798E-02
  9.79900E+01  1.18798E-02
  9.80000E+01  1.18798E-02
  9.80100E+01  1.18798E-02
  9.80200E+01  1.18798E-02
  9.80300E+01  1.18798E-02
  9.80400E+01  1.18798E-02
  9.80500E+01  1.18798E-02
  9.80600E+01  1.18798E-02
  9.80700E+01  1.18798E-02
  9.80800E+01  1.18798E-02
  9.80900E+01  1.18798E-02
  9.81000E+01  1.18798E-02
  9.81100E+01  1.18798E-02
  9.81200E+01  1.18798E-02
  9.81300E+01  1.18798E-02
  9.81400E+01  1.18798E-02
  9.81500E+01  1.18798E-02
  9.81600E+01  1.18798E-02
  9.81700E+01  1.18798E-02
  9.81800E+01  1.18798E-02
  9.81900E+01  1.18798E-02
  9.82000E+01  1.18798E-02
  9.82100E+01  1.18798E-02
  9.82200E+01  1.18798E-02
  9.82300E+01  1.18798E-02
  9.82400E+01  1.18798E-02
  9.82500E+01  1.18798E-02
  9.82600E+01  1.18798E-02
  9.82700E+01  1.18798E-02
  9.82800E+01  1.18798E-02
  9.82900E+01  1.18798E-02
  9.83000E+01  1.18798E-02
  9.83100E+01  1.18798E-02
  9.83200E+01  1.18798E-02
  9.83300E+01  1.18798E-02
  9.83400E+01  1.18798E-02
  9.83500E+01  1.18798E-02
  9.83600E+01  1.18798E-02
  9.83700E+01  1.18798E-02
  9.83800E+01  1.18798E-02
  9.83900E+01  1.18798E-02
  9.84000E+01  1.18798E-02
  9.84100E+01  1.18798E-02
  9.84200E+01  1.18798E-02
  9.84300E+01  1.18798E-02
  9.84400E+01  1.18798E-02
  9.84500E+01  1.18798E-02
  9.84600E+01  1.18798E-02
  9.84700E+01  1.18798E-02
  9.84800E+01  1.18798E-02
  9.84900E+01  1.18798E-02
  9.85000E+01  1.18798E-02
  9.85100E+01  1.18798E-02
  9.85200E+01  1.18798E-02
  9.85300E+01  1.18798E-02
  9.85400E+01  1.18798E-02
  9.85500E+01  1.18798E-02
  9.85600E+01  1.18798E-02
  9.85700E+01  1.18798E-02
  9.85800E+01  1.18798E-02
  9.85900E+01  1.18798E-02
  9.86000E+01  1.18798E-02
  9.86100E+01  1.18798E-02
  9.86200E+01  1.18798E-02
  9.86300E+01  1.18798E-02
  9.86400E+01  1.18798E-02
  9.86500E+01  1.18798E-02
  9.86600E+01  1.18798E-02
  9.86700E+01  1.18798E-02
  9.86800E+01  1.18798E-02
  9.86900E+01  1.18798E-02
  9.87000E+01  1.18798E-02
  9.87100E+01  1.18798E-02
  9.87200E+01  1.18798E-02
  9.87300E+01  1.18798E-02
  9.87400E+01  1.18798E-02
  9.87500E+01  1.18798E-02
  9.87600E+01  1.18798E-02
  9.87700E+01  1.18798E-02
  9.87800E+01  1.18798E-02
  9.87900E+01  1.18798E-02
  9.88000E+01  1.18798E-02
  9.88100E+01  1.18798E-02
  9.88200E+01  1.18798E-02
  9.88300E+01  1.18798E-02
  9.88400E+01  1.18798E-02
  9.88500E+01  1.18798E-02
  9.88600E+01  1.18798E-02
  9.88700E+01  1.18798E-02
  9.88800E+01  1.18798E-02
  9.88900E+01  1.18798E-02
  9.89000E+01  1.18798E-02
  9.89100E+01  1.18798E-02
  9.89200E+01  1.18798E-02
  9.89300E+01  1.18798E-02
  9.89400E+01  1.18798E-02
  9.89500E+01  1.18798E-02
  9.89600E+01  1.18798E-02
  9.89700E+01  1.18798E-02
  9.89800E+01  1.18798E-02
  9.89900E+01  1.18798E-02
  9.90000E+01  1.18798E-02
  9.90100E+01  1.18798E-02
  9.90200E+01  1.18798E-02
  9.90300E+01  1.18798E-02
  9.90400E+01  1.18798E-02
  9.90500E+01  1.18798E-02
  9.90600E+01  1.18798E-02
  9.90700E+01  1.18798E-02
  9.90800E+01  1.18798E-02
  9.90900E+01  1.18798E-02
  9.91000E+01  1.18798E-02
  9.91100E+01  1.18798E-02
  9.91200E+01  1.18798E-02
  9.91300E+01  1.18798E-02
  9.91400E+01  1.18798E-02
  9.91500E+01  1.18798E-02
  9.91600E+01  1.18798E-02
  9.91700E+01  1.18798E-02
  9.91800E+01  1.18798E-02
  9.91900E+01  1.18798E-02
  9.92000E+01  1.18798E-02
  9.92100E+01  1.18798E-02
  9.92200E+01  1.18798E-02
  9.92300E+01  1.18798E-02
  9.92400E+01  1.18798E-02
  9.92500E+01  1.18798E-02
  9.92600E+01  1.18798E-02
  9.92700E+01  1.18798E-02
  9.92800E+01  1.18798E-02
  9.92900E+01  1.18798E-02
  9.93000E+01  1.18798E-02
  9.93100E+01  1.18798E-02
  9.93200E+01  1.18798E-02
  9.93300E+01  1.18798E-02
  9.93400E+01  1.18798E-02
  9.93500E+01  1.18798E-02
  9.93600E+01  1.18798E-02
  9.93700E+01  1.18798E-02
  9.93800E+01  1.18798E-02
  9.93900E+01  1.18798E-02
  9.94000E+01  1.18798E-02
  9.94100E+01  1.18798E-02
  9.94200E+01  1.18798E-02
  9.94300E+01  1.18798E-02
  9.94400E+01  1.18798E-02
  9.94500E+01  1.18798E-02
  9.94600E+01  1.18798E-02
  9.94700E+01  1.18798E-02
  9.94800E+01  1.18798E-02
  9.94900E+01  1.18798E-02
  9.95000E+01  1.18798E-02
  9.95100E+01  1.18798E-02
  9.95200E+01  1.18798E-02
  9.95300E+01  1.18798E-02
  9.95400E+01  1.18798E-02
  9.95500E+01  1.18798E-02
  9.95600E+01  1.18798E-02
  9.95700E+01  1.18798E-02
  9.95800E+01  1.18798E-02
  9.95900E+01  1.18798E-02
  9.96000E+01  1.18798E-02
  9.96100E+01  1.18798E-02
  9.96200E+01  1.18798E-02
  9.96300E+01  1.18798E-02
  9.96400E+01  1.18798E-02
  9.96500E+01  1.18798E-02
  9.96600E+01  1.18798E-02
  9.96700E+01  1.18798E-02
  9.96800E+01  1.18798E-02
  9.96900E+01  1.18798E-02
  9.97000E+01  1.18798E-02
  9.97100E+01  1.18798E-02
  9.97200E+01  1.18798E-02
  9.97300E+01  1.18798E-02
  9.97400E+01  1.18798E-02
  9.97500E+01  1.18798E-02
  9.97600E+01  1.18798E-02
  9.97700E+01  1.18798E-02
  9.97800E+01  1.18798E-02
  9.97900E+01  1.18798E-02
  9.98000E+01  1.18798E-02
  9.98100E+01  1.18798E-02
  9.98200E+01  1.18798E-02
  9.98300E+01  1.18798E-02
  9.98400E+01  1.18798E-02
  9.98500E+01  1.18798E-02
  9.98600E+01  1.18798E-02
  9.98700E+01  1.18798E-02
  9.98800E+01  1.18798E-02
  9.98900E+01  1.18798E-02
  9.99000E+01  1.18798E-02
  9.99100E+01  1.18798E-02
  9.99200E+01  1.18798E-02
  9.99300E+01  1.18798E-02
  9.99400E+01  1.18798E-02
  9.99500E+01  1.18798E-02
  9.99600E+01  1.18798E-02
  9.99700E+01  1.18798E-02
  9.99800E+01  1.18798E-02
  9.99900E+01  1.18798E-02
  1.00000E+02  1.18798E-02
  1.00010E+02  1.18798E-02
  1.00020E+02  1.18798E-02
  1.00030E+02  1.18798E-02
  1.00040E+02  1.18798E-02
  1.00050E+02  1.18798E-02
  1.00060E+02  1.18798E-02
  1.00070E+02  1.18798E-02
  1.00080E+02  1.18798E-02
  1.00090E+02  1.18798E-02
  1.00100E+02  1.18798E-02
  1.00110E+02  1.18798E-02
  1.00120E+02  1.18798E-02
  1.00130E+02  1.18798E-02
  1.00140E+02  1.18798E-02
  1.00150E+02  1.18798E-02
  1.00160E+02  1.18798E-02
  1.00170E+02  1.18798E-02
  1.00180E+02  1.18798E-02
  1.00190E+02  1.18798E-02
  1.00200E+02  1.18798E-02
  1.00210E+02  1.18798E-02
  1.00220E+02  1.18798E-02
  1.00230E+02  1.18798E-02
  1.00240E+02  1.18798E-02
  1.00250E+02  1.18798E-02
  1.00260E+02  1.18798E-02
  1.00270E+02  1.18798E-02
  1.00280E+02  1.18798E-02
  1.00290E+02  1.18798E-02
  1.00300E+02  1.18798E-02
  1.00310E+02  1.18798E-02
  1.00320E+02  1.18798E-02
  1.00330E+02  1.18798E-02
  1.00340E+02  1.18798E-02
  1.00350E+02  1.18798E-02
  1.00360E+02  1.18798E-02
  1.00370E+02  1.18798E-02
  1.00380E+02  1.18798E-02
  1.00390E+02  1.18798E-02
  1.00400E+02  1.18798E-02
  1.00410E+02  1.18798E-02
  1.00420E+02  1.18798E-02
  1.00430E+02  1.18798E-02
  1.00440E+02  1.18798E-02
  1.00450E+02  1.18798E-02
  1.00460E+02  1.18798E-02
  1.00470E+02  1.18798E-02
  1.00480E+02  1.18798E-02
  1.00490E+02  1.18798E-02
  1.00500E+02  1.18798E-02
  1.00510E+02  1.18798E-02
  1.00520E+02  1.18798E-02
  1.00530E+02  1.18798E-02
  1.00540E+02  1.18798E-02
  1.00550E+02  1.18798E-02
  1.00560E+02  1.18798E-02
  1.00570E+02  1.18798E-02
  1.00580E+02  1.18798E-02
  1.00590E+02  1.18798E-02
  1.00600E+02  1.18798E-02
  1.00610E+02  1.18798E-02
  1.00620E+02  1.18798E-02
  1.00630E+02  1.18798E-02
  1.00640E+02  1.18798E-02
  1.00650E+02  1.18798E-02
  1.00660E+02  1.18798E-02
  1.00670E+02  1.18798E-02
  1.00680E+02  1.18798E-02
  1.00690E+02  1.18798E-02
  1.00700E+02  1.18798E-02
  1.00710E+02  1.18798E-02
  1.00720E+02  1.18798E-02
  1.00730E+02  1.18798E-02
  1.00740E+02  1.18798E-02
  1.00750E+02  1.18798E-02
  1.00760E+02  1.18798E-02
  1.00770E+02  1.18798E-02
  1.00780E+02  1.18798E-02
  1.00790E+02  1.18798E-02
  1.00800E+02  1.18798E-02
  1.00810E+02  1.18798E-02
  1.00820E+02  1.18798E-02
  1.00830E+02  1.18798E-02
  1.00840E+02  1.18798E-02
  1.00850E+02  1.18798E-02
  1.00860E+02  1.18798E-02
  1.00870E+02  1.18798E-02
  1.00880E+02  1.18798E-02
  1.00890E+02  1.18798E-02
  1.00900E+02  1.18798E-02
  1.00910E+02  1.18798E-02
  1.00920E+02  1.18798E-02
  1.00930E+02  1.18798E-02
  1.00940E+02  1.18798E-02
  1.00950E+02  1.18798E-02
  1.00960E+02  1.18798E-02
  1.00970E+02  1.18798E-02
  1.00980E+02  1.18798E-02
  1.00990E+02  1.18798E-02
  1.01000E+02  1.18798E-02
  1.01010E+02  1.18798E-02
  1.01020E+02  1.18798E-02
  1.01030E+02  1.18798E-02
  1.01040E+02  1.18798E-02
  1.01050E+02  1.18798E-02
  1.01060E+02  1.18798E-02
  1.01070E+02  1.18798E-02
  1.01080E+02  1.18798E-02
  1.01090E+02  1.18798E-02
  1.01100E+02  1.18798E-02
  1.01110E+02  1.18798E-02
  1.01120E+02  1.18798E-02
  1.01130E+02  1.18798E-02
  1.01140E+02  1.18798E-02
  1.01150E+02  1.18798E-02
  1.01160E+02  1.18798E-02
  1.01170E+02  1.18798E-02
  1.01180E+02  1.18798E-02
  1.01190E+02  1.18798E-02
  1.01200E+02  1.18798E-02
  1.01210E+02  1.18798E-02
  1.01220E+02  1.18798E-02
  1.01230E+02  1.18798E-02
  1.01240E+02  1.18798E-02
  1.01250E+02  1.18798E-02
  1.01260E+02  1.18798E-02
  1.01270E+02  1.18798E-02
  1.01280E+02  1.18798E-02
  1.01290E+02  1.18798E-02
  1.01300E+02  1.18798E-02
  1.01310E+02  1.18798E-02
  1.01320E+02  1.18798E-02
  1.01330E+02  1.18798E-02
  1.01340E+02  1.18798E-02
  1.01350E+02  1.18798E-02
  1.01360E+02  1.18798E-02
  1.01370E+02  1.18798E-02
  1.01380E+02  1.18798E-02
  1.01390E+02  1.18798E-02
  1.01400E+02  1.18798E-02
  1.01410E+02  1.18798E-02
  1.01420E+02  1.18798E-02
  1.01430E+02  1.18798E-02
  1.01440E+02  1.18798E-02
  1.01450E+02  1.18798E-02
  1.01460E+02  1.18798E-02
  1.01470E+02  1.18798E-02
  1.01480E+02  1.18798E-02
  1.01490E+02  1.18798E-02
  1.01500E+02  1.18798E-02
  1.01510E+02  1.18798E-02
  1.01520E+02  1.18798E-02
  1.01530E+02  1.18798E-02
  1.01540E+02  1.18798E-02
  1.01550E+02  1.18798E-02
  1.01560E+02  1.18798E-02
  1.01570E+02  1.18798E-02
  1.01580E+02  1.18798E-02
  1.01590E+02  1.18798E-02
  1.01600E+02  1.18798E-02
  1.01610E+02  1.18798E-02
  1.01620E+02  1.18798E-02
  1.01630E+02  1.18798E-02
  1.01640E+02  1.18798E-02
  1.01650E+02  1.18798E-02
  1.01660E+02  1.18798E-02
  1.01670E+02  1.18798E-02
  1.01680E+02  1.18798E-02
  1.01690E+02  1.18798E-02
  1.01700E+02  1.18798E-02
  1.01710E+02  1.18798E-02
  1.01720E+02  1.18798E-02
  1.01730E+02  1.18798E-02
  1.01740E+02  1.18798E-02
  1.01750E+02  1.18798E-02
  1.01760E+02  1.18798E-02
  1.01770E+02  1.18798E-02
  1.01780E+02  1.18798E-02
  1.01790E+02  1.18798E-02
  1.01800E+02  1.18798E-02
  1.01810E+02  1.18798E-02
  1.01820E+02  1.18798E-02
  1.01830E+02  1.18798E-02
  1.01840E+02  1.18798E-02
  1.01850E+02  1.18798E-02
  1.01860E+02  1.18798E-02
  1.01870E+02  1.18798E-02
  1.01880E+02  1.18798E-02
  1.01890E+02  1.18798E-02
  1.01900E+02  1.18798E-02
  1.01910E+02  1.18798E-02
  1.01920E+02  1.18798E-02
  1.01930E+02  1.18798E-02
  1.01940E+02  1.18798E-02
  1.01950E+02  1.18798E-02
  1.01960E+02  1.18798E-02
  1.01970E+02  1.18798E-02
  1.01980E+02  1.18798E-02
  1.01990E+02  1.18798E-02
  1.02000E+02  1.18798E-02
  1.02010E+02  1.18798E-02
  1.02020E+02  1.18798E-02
  1.02030E+02  1.18798E-02
  1.02040E+02  1.18798E-02
  1.02050E+02  1.18798E-02
  1.02060E+02  1.18798E-02
  1.02070E+02  1.18798E-02
  1.02080E+02  1.18798E-02
  1.02090E+02  1.18798E-02
  1.02100E+02  1.18798E-02
  1.02110E+02  1.18798E-02
  1.02120E+02  1.18798E-02
  1.02130E+02  1.18798E-02
  1.02140E+02  1.18798E-02
  1.02150E+02  1.18798E-02
  1.02160E+02  1.18798E-02
  1.02170E+02  1.18798E-02
  1.02180E+02  1.18798E-02
  1.02190E+02  1.18798E-02
  1.02200E+02  1.18798E-02
  1.02210E+02  1.18798E-02
  1.02220E+02  1.18798E-02
  1.02230E+02  1.18798E-02
  1.02240E+02  1.18798E-02
  1.02250E+02  1.18798E-02
  1.02260E+02  1.18798E-02
  1.02270E+02  1.18798E-02
  1.02280E+02  1.18798E-02
  1.02290E+02  1.18798E-02
  1.02300E+02  1.18798E-02
  1.02310E+02  1.18798E-02
  1.02320E+02  1.18798E-02
  1.02330E+02  1.18798E-02
  1.02340E+02  1.18798E-02
  1.02350E+02  1.18798E-02
  1.02360E+02  1.18798E-02
  1.02370E+02  1.18798E-02
  1.02380E+02  1.18798E-02
  1.02390E+02  1.18798E-02
  1.02400E+02  1.18798E-02
  1.02410E+02  1.18798E-02
  1.02420E+02  1.18798E-02
  1.02430E+02  1.18798E-02
  1.02440E+02  1.18798E-02
  1.02450E+02  1.18798E-02
  1.02460E+02  1.18798E-02
  1.02470E+02  1.18798E-02
  1.02480E+02  1.18798E-02
  1.02490E+02  1.18798E-02
  1.02500E+02  1.18798E-02
  1.02510E+02  1.18798E-02
  1.02520E+02  1.18798E-02
  1.02530E+02  1.18798E-02
  1.02540E+02  1.18798E-02
  1.02550E+02  1.18798E-02
  1.02560E+02  1.18798E-02
  1.02570E+02  1.18798E-02
  1.02580E+02  1.18798E-02
  1.02590E+02  1.18798E-02
  1.02600E+02  1.18798E-02
  1.02610E+02  1.18798E-02
  1.02620E+02  1.18798E-02
  1.02630E+02  1.18798E-02
  1.02640E+02  1.18798E-02
  1.02650E+02  1.18798E-02
  1.02660E+02  1.18798E-02
  1.02670E+02  1.18798E-02
  1.02680E+02  1.18798E-02
  1.02690E+02  1.18798E-02
  1.02700E+02  1.18798E-02
  1.02710E+02  1.18798E-02
  1.02720E+02  1.18798E-02
  1.02730E+02  1.18798E-02
  1.02740E+02  1.18798E-02
  1.02750E+02  1.18798E-02
  1.02760E+02  1.18798E-02
  1.02770E+02  1.18798E-02
  1.02780E+02  1.18798E-02
  1.02790E+02  1.18798E-02
  1.02800E+02  1.18798E-02
  1.02810E+02  1.18798E-02
  1.02820E+02  1.18798E-02
  1.02830E+02  1.18798E-02
  1.02840E+02  1.18798E-02
  1.02850E+02  1.18798E-02
  1.02860E+02  1.18798E-02
  1.02870E+02  1.18798E-02
  1.02880E+02  1.18798E-02
  1.02890E+02  1.18798E-02
  1.02900E+02  1.18798E-02
  1.02910E+02  1.18798E-02
  1.02920E+02  1.18798E-02
  1.02930E+02  1.18798E-02
  1.02940E+02  1.18798E-02
  1.02950E+02  1.18798E-02
  1.02960E+02  1.18798E-02
  1.02970E+02  1.18798E-02
  1.02980E+02  1.18798E-02
  1.02990E+02  1.18798E-02
  1.03000E+02  1.18798E-02
  1.03010E+02  1.18798E-02
  1.03020E+02  1.18798E-02
  1.03030E+02  1.18798E-02
  1.03040E+02  1.18798E-02
  1.03050E+02  1.18798E-02
  1.03060E+02  1.18798E-02
  1.03070E+02  1.18798E-02
  1.03080E+02  1.18798E-02
  1.03090E+02  1.18798E-02
  1.03100E+02  1.18798E-02
  1.03110E+02  1.18798E-02
  1.03120E+02  1.18798E-02
  1.03130E+02  1.18798E-02
  1.03140E+02  1.18798E-02
  1.03150E+02  1.18798E-02
  1.03160E+02  1.18798E-02
  1.03170E+02  1.18798E-02
  1.03180E+02  1.18798E-02
  1.03190E+02  1.18798E-02
  1.03200E+02  1.18798E-02
  1.03210E+02  1.18798E-02
  1.03220E+02  1.18798E-02
  1.03230E+02  1.18798E-02
  1.03240E+02  1.18798E-02
  1.03250E+02  1.18798E-02
  1.03260E+02  1.18798E-02
  1.03270E+02  1.18798E-02
  1.03280E+02  1.18798E-02
  1.03290E+02  1.18798E-02
  1.03300E+02  1.18798E-02
  1.03310E+02  1.18798E-02
  1.03320E+02  1.18798E-02
  1.03330E+02  1.18798E-02
  1.03340E+02  1.18798E-02
  1.03350E+02  1.18798E-02
  1.03360E+02  1.18798E-02
  1.03370E+02  1.18798E-02
  1.03380E+02  1.18798E-02
  1.03390E+02  1.18798E-02
  1.03400E+02  1.18798E-02
  1.03410E+02  1.18798E-02
  1.03420E+02  1.18798E-02
  1.03430E+02  1.18798E-02
  1.03440E+02  1.18798E-02
  1.03450E+02  1.18798E-02
  1.03460E+02  1.18798E-02
  1.03470E+02  1.18798E-02
  1.03480E+02  1.18798E-02
  1.03490E+02  1.18798E-02
  1.03500E+02  1.18798E-02
  1.03510E+02  1.18798E-02
  1.03520E+02  1.18798E-02
  1.03530E+02  1.18798E-02
  1.03540E+02  1.18798E-02
  1.03550E+02  1.18798E-02
  1.03560E+02  1.18798E-02
  1.03570E+02  1.18798E-02
  1.03580E+02  1.18798E-02
  1.03590E+02  1.18798E-02
  1.03600E+02  1.18798E-02
  1.03610E+02  1.18798E-02
  1.03620E+02  1.18798E-02
  1.03630E+02  1.18798E-02
  1.03640E+02  1.18798E-02
  1.03650E+02  1.18798E-02
  1.03660E+02  1.18798E-02
  1.03670E+02  1.18798E-02
  1.03680E+02  1.18798E-02
  1.03690E+02  1.18798E-02
  1.03700E+02  1.18798E-02
  1.03710E+02  1.18798E-02
  1.03720E+02  1.18798E-02
  1.03730E+02  1.18798E-02
  1.03740E+02  1.18798E-02
  1.03750E+02  1.18798E-02
  1.03760E+02  1.18798E-02
  1.03770E+02  1.18798E-02
  1.03780E+02  1.18798E-02
  1.03790E+02  1.18798E-02
  1.03800E+02  1.18798E-02
  1.03810E+02  1.18798E-02
  1.03820E+02  1.18798E-02
  1.03830E+02  1.18798E-02
  1.03840E+02  1.18798E-02
  1.03850E+02  1.18798E-02
  1.03860E+02  1.18798E-02
  1.03870E+02  1.18798E-02
  1.03880E+02  1.18798E-02
  1.03890E+02  1.18798E-02
  1.03900E+02  1.18798E-02
  1.03910E+02  1.18798E-02
  1.03920E+02  1.18798E-02
  1.03930E+02  1.18798E-02
  1.03940E+02  1.18798E-02
  1.03950E+02  1.18798E-02
  1.03960E+02  1.18798E-02
  1.03970E+02  1.18798E-02
  1.03980E+02  1.18798E-02
  1.03990E+02  1.18798E-02
  1.04000E+02  1.18798E-02
  1.04010E+02  1.18798E-02
  1.04020E+02  1.18798E-02
  1.04030E+02  1.18798E-02
  1.04040E+02  1.18798E-02
  1.04050E+02  1.18798E-02
  1.04060E+02  1.18798E-02
  1.04070E+02  1.18798E-02
  1.04080E+02  1.18798E-02
  1.04090E+02  1.18798E-02
  1.04100E+02  1.18798E-02
  1.04110E+02  1.18798E-02
  1.04120E+02  1.18798E-02
  1.04130E+02  1.18798E-02
  1.04140E+02  1.18798E-02
  1.04150E+02  1.18798E-02
  1.04160E+02  1.18798E-02
  1.04170E+02  1.18798E-02
  1.04180E+02  1.18798E-02
  1.04190E+02  1.18798E-02
  1.04200E+02  1.18798E-02
  1.04210E+02  1.18798E-02
  1.04220E+02  1.18798E-02
  1.04230E+02  1.18798E-02
  1.04240E+02  1.18798E-02
  1.04250E+02  1.18798E-02
  1.04260E+02  1.18798E-02
  1.04270E+02  1.18798E-02
  1.04280E+02  1.18798E-02
  1.04290E+02  1.18798E-02
  1.04300E+02  1.18798E-02
  1.04310E+02  1.18798E-02
  1.04320E+02  1.18798E-02
  1.04330E+02  1.18798E-02
  1.04340E+02  1.18798E-02
  1.04350E+02  1.18798E-02
  1.04360E+02  1.18798E-02
  1.04370E+02  1.18798E-02
  1.04380E+02  1.18798E-02
  1.04390E+02  1.18798E-02
  1.04400E+02  1.18798E-02
  1.04410E+02  1.18798E-02
  1.04420E+02  1.18798E-02
  1.04430E+02  1.18798E-02
  1.04440E+02  1.18798E-02
  1.04450E+02  1.18798E-02
  1.04460E+02  1.18798E-02
  1.04470E+02  1.18798E-02
  1.04480E+02  1.18798E-02
  1.04490E+02  1.18798E-02
  1.04500E+02  1.18798E-02
  1.04510E+02  1.18798E-02
  1.04520E+02  1.18798E-02
  1.04530E+02  1.18798E-02
  1.04540E+02  1.18798E-02
  1.04550E+02  1.18798E-02
  1.04560E+02  1.18798E-02
  1.04570E+02  1.18798E-02
  1.04580E+02  1.18798E-02
  1.04590E+02  1.18798E-02
  1.04600E+02  1.18798E-02
  1.04610E+02  1.18798E-02
  1.04620E+02  1.18798E-02
  1.04630E+02  1.18798E-02
  1.04640E+02  1.18798E-02
  1.04650E+02  1.18798E-02
  1.04660E+02  1.18798E-02
  1.04670E+02  1.18798E-02
  1.04680E+02  1.18798E-02
  1.04690E+02  1.18798E-02
  1.04700E+02  1.18798E-02
  1.04710E+02  1.18798E-02
  1.04720E+02  1.18798E-02
  1.04730E+02  1.18798E-02
  1.04740E+02  1.18798E-02
  1.04750E+02  1.18798E-02
  1.04760E+02  1.18798E-02
  1.04770E+02  1.18798E-02
  1.04780E+02  1.18798E-02
  1.04790E+02  1.18798E-02
  1.04800E+02  1.18798E-02
  1.04810E+02  1.18798E-02
  1.04820E+02  1.18798E-02
  1.04830E+02  1.18798E-02
  1.04840E+02  1.18798E-02
  1.04850E+02  1.18798E-02
  1.04860E+02  1.18798E-02
  1.04870E+02  1.18798E-02
  1.04880E+02  1.18798E-02
  1.04890E+02  1.18798E-02
  1.04900E+02  1.18798E-02
  1.04910E+02  1.18798E-02
  1.04920E+02  1.18798E-02
  1.04930E+02  1.18798E-02
  1.04940E+02  1.18798E-02
  1.04950E+02  1.18798E-02
  1.04960E+02  1.18798E-02
  1.04970E+02  1.18798E-02
  1.04980E+02  1.18798E-02
  1.04990E+02  1.18798E-02
  1.05000E+02  1.18798E-02
  1.05010E+02  1.18798E-02
  1.05020E+02  1.18798E-02
  1.05030E+02  1.18798E-02
  1.05040E+02  1.18798E-02
  1.05050E+02  1.18798E-02
  1.05060E+02  1.18798E-02
  1.05070E+02  1.18798E-02
  1.05080E+02  1.18798E-02
  1.05090E+02  1.18798E-02
  1.05100E+02  1.18798E-02
  1.05110E+02  1.18798E-02
  1.05120E+02  1.18798E-02
  1.05130E+02  1.18798E-02
  1.05140E+02  1.18798E-02
  1.05150E+02  1.18798E-02
  1.05160E+02  1.18798E-02
  1.05170E+02  1.18798E-02
  1.05180E+02  1.18798E-02
  1.05190E+02  1.18798E-02
  1.05200E+02  1.18798E-02
  1.05210E+02  1.18798E-02
  1.05220E+02  1.18798E-02
  1.05230E+02  1.18798E-02
  1.05240E+02  1.18798E-02
  1.05250E+02  1.18798E-02
  1.05260E+02  1.18798E-02
  1.05270E+02  1.18798E-02
  1.05280E+02  1.18798E-02
  1.05290E+02  1.18798E-02
  1.05300E+02  1.18798E-02
  1.05310E+02  1.18798E-02
  1.05320E+02  1.18798E-02
  1.05330E+02  1.18798E-02
  1.05340E+02  1.18798E-02
  1.05350E+02  1.18798E-02
  1.05360E+02  1.18798E-02
  1.05370E+02  1.18798E-02
  1.05380E+02  1.18798E-02
  1.05390E+02  1.18798E-02
  1.05400E+02  1.18798E-02
  1.05410E+02  1.18798E-02
  1.05420E+02  1.18798E-02
  1.05430E+02  1.18798E-02
  1.05440E+02  1.18798E-02
  1.05450E+02  1.18798E-02
  1.05460E+02  1.18798E-02
  1.05470E+02  1.18798E-02
  1.05480E+02  1.18798E-02
  1.05490E+02  1.18798E-02
  1.05500E+02  1.18798E-02
  1.05510E+02  1.18798E-02
  1.05520E+02  1.18798E-02
  1.05530E+02  1.18798E-02
  1.05540E+02  1.18798E-02
  1.05550E+02  1.18798E-02
  1.05560E+02  1.18798E-02
  1.05570E+02  1.18798E-02
  1.05580E+02  1.18798E-02
  1.05590E+02  1.18798E-02
  1.05600E+02  1.18798E-02
  1.05610E+02  1.18798E-02
  1.05620E+02  1.18798E-02
  1.05630E+02  1.18798E-02
  1.05640E+02  1.18798E-02
  1.05650E+02  1.18798E-02
  1.05660E+02  1.18798E-02
  1.05670E+02  1.18798E-02
  1.05680E+02  1.18798E-02
  1.05690E+02  1.18798E-02
  1.05700E+02  1.18798E-02
  1.05710E+02  1.18798E-02
  1.05720E+02  1.18798E-02
  1.05730E+02  1.18798E-02
  1.05740E+02  1.18798E-02
  1.05750E+02  1.18798E-02
  1.05760E+02  1.18798E-02
  1.05770E+02  1.18798E-02
  1.05780E+02  1.18798E-02
  1.05790E+02  1.18798E-02
  1.05800E+02  1.18798E-02
  1.05810E+02  1.18798E-02
  1.05820E+02  1.18798E-02
  1.05830E+02  1.18798E-02
  1.05840E+02  1.18798E-02
  1.05850E+02  1.18798E-02
  1.05860E+02  1.18798E-02
  1.05870E+02  1.18798E-02
  1.05880E+02  1.18798E-02
  1.05890E+02  1.18798E-02
  1.05900E+02  1.18798E-02
  1.05910E+02  1.18798E-02
  1.05920E+02  1.18798E-02
  1.05930E+02  1.18798E-02
  1.05940E+02  1.18798E-02
  1.05950E+02  1.18798E-02
  1.05960E+02  1.18798E-02
  1.05970E+02  1.18798E-02
  1.05980E+02  1.18798E-02
  1.05990E+02  1.18798E-02
  1.06000E+02  1.18798E-02
  1.06010E+02  1.18798E-02
  1.06020E+02  1.18798E-02
  1.06030E+02  1.18798E-02
  1.06040E+02  1.18798E-02
  1.06050E+02  1.18798E-02
  1.06060E+02  1.18798E-02
  1.06070E+02  1.18798E-02
  1.06080E+02  1.18798E-02
  1.06090E+02  1.18798E-02
  1.06100E+02  1.18798E-02
  1.06110E+02  1.18798E-02
  1.06120E+02  1.18798E-02
  1.06130E+02  1.18798E-02
  1.06140E+02  1.18798E-02
  1.06150E+02  1.18798E-02
  1.06160E+02  1.18798E-02
  1.06170E+02  1.18798E-02
  1.06180E+02  1.18798E-02
  1.06190E+02  1.18798E-02
  1.06200E+02  1.18798E-02
  1.06210E+02  1.18798E-02
  1.06220E+02  1.18798E-02
  1.06230E+02  1.18798E-02
  1.06240E+02  1.18798E-02
  1.06250E+02  1.18798E-02
  1.06260E+02  1.18798E-02
  1.06270E+02  1.18798E-02
  1.06280E+02  1.18798E-02
  1.06290E+02  1.18798E-02
  1.06300E+02  1.18798E-02
  1.06310E+02  1.18798E-02
  1.06320E+02  1.18798E-02
  1.06330E+02  1.18798E-02
  1.06340E+02  1.18798E-02
  1.06350E+02  1.18798E-02
  1.06360E+02  1.18798E-02
  1.06370E+02  1.18798E-02
  1.06380E+02  1.18798E-02
  1.06390E+02  1.18798E-02
  1.06400E+02  1.18798E-02
  1.06410E+02  1.18798E-02
  1.06420E+02  1.18798E-02
  1.06430E+02  1.18798E-02
  1.06440E+02  1.18798E-02
  1.06450E+02  1.18798E-02
  1.06460E+02  1.18798E-02
  1.06470E+02  1.18798E-02
  1.06480E+02  1.18798E-02
  1.06490E+02  1.18798E-02
  1.06500E+02  1.18798E-02
  1.06510E+02  1.18798E-02
  1.06520E+02  1.18798E-02
  1.06530E+02  1.18798E-02
  1.06540E+02  1.18798E-02
  1.06550E+02  1.18798E-02
  1.06560E+02  1.18798E-02
  1.06570E+02  1.18798E-02
  1.06580E+02  1.18798E-02
  1.06590E+02  1.18798E-02
  1.06600E+02  1.18798E-02
  1.06610E+02  1.18798E-02
  1.06620E+02  1.18798E-02
  1.06630E+02  1.18798E-02
  1.06640E+02  1.18798E-02
  1.06650E+02  1.18798E-02
  1.06660E+02  1.18798E-02
  1.06670E+02  1.18798E-02
  1.06680E+02  1.18798E-02
  1.06690E+02  1.18798E-02
  1.06700E+02  1.18798E-02
  1.06710E+02  1.18798E-02
  1.06720E+02  1.18798E-02
  1.06730E+02  1.18798E-02
  1.06740E+02  1.18798E-02
  1.06750E+02  1.18798E-02
  1.06760E+02  1.18798E-02
  1.06770E+02  1.18798E-02
  1.06780E+02  1.18798E-02
  1.06790E+02  1.18798E-02
  1.06800E+02  1.18798E-02
  1.06810E+02  1.18798E-02
  1.06820E+02  1.18798E-02
  1.06830E+02  1.18798E-02
  1.06840E+02  1.18798E-02
  1.06850E+02  1.18798E-02
  1.06860E+02  1.18798E-02
  1.06870E+02  1.18798E-02
  1.06880E+02  1.18798E-02
  1.06890E+02  1.18798E-02
  1.06900E+02  1.18798E-02
  1.06910E+02  1.18798E-02
  1.06920E+02  1.18798E-02
  1.06930E+02  1.18798E-02
  1.06940E+02  1.18798E-02
  1.06950E+02  1.18798E-02
  1.06960E+02  1.18798E-02
  1.06970E+02  1.18798E-02
  1.06980E+02  1.18798E-02
  1.06990E+02  1.18798E-02
  1.07000E+02  1.18798E-02
  1.07010E+02  1.18798E-02
  1.07020E+02  1.18798E-02
  1.07030E+02  1.18798E-02
  1.07040E+02  1.18798E-02
  1.07050E+02  1.18798E-02
  1.07060E+02  1.18798E-02
  1.07070E+02  1.18798E-02
  1.07080E+02  1.18798E-02
  1.07090E+02  1.18798E-02
  1.07100E+02  1.18798E-02
  1.07110E+02  1.18798E-02
  1.07120E+02  1.18798E-02
  1.07130E+02  1.18798E-02
  1.07140E+02  1.18798E-02
  1.07150E+02  1.18798E-02
  1.07160E+02  1.18798E-02
  1.07170E+02  1.18798E-02
  1.07180E+02  1.18798E-02
  1.07190E+02  1.18798E-02
  1.07200E+02  1.18798E-02
  1.07210E+02  1.18798E-02
  1.07220E+02  1.18798E-02
  1.07230E+02  1.18798E-02
  1.07240E+02  1.18798E-02
  1.07250E+02  1.18798E-02
  1.07260E+02  1.18798E-02
  1.07270E+02  1.18798E-02
  1.07280E+02  1.18798E-02
  1.07290E+02  1.18798E-02
  1.07300E+02  1.18798E-02
  1.07310E+02  1.18798E-02
  1.07320E+02  1.18798E-02
  1.07330E+02  1.18798E-02
  1.07340E+02  1.18798E-02
  1.07350E+02  1.18798E-02
  1.07360E+02  1.18798E-02
  1.07370E+02  1.18798E-02
  1.07380E+02  1.18798E-02
  1.07390E+02  1.18798E-02
  1.07400E+02  1.18798E-02
  1.07410E+02  1.18798E-02
  1.07420E+02  1.18798E-02
  1.07430E+02  1.18798E-02
  1.07440E+02  1.18798E-02
  1.07450E+02  1.18798E-02
  1.07460E+02  1.18798E-02
  1.07470E+02  1.18798E-02
  1.07480E+02  1.18798E-02
  1.07490E+02  1.18798E-02
  1.07500E+02  1.18798E-02
  1.07510E+02  1.18798E-02
  1.07520E+02  1.18798E-02
  1.07530E+02  1.18798E-02
  1.07540E+02  1.18798E-02
  1.07550E+02  1.18798E-02
  1.07560E+02  1.18798E-02
  1.07570E+02  1.18798E-02
  1.07580E+02  1.18798E-02
  1.07590E+02  1.18798E-02
  1.07600E+02  1.18798E-02
  1.07610E+02  1.18798E-02
  1.07620E+02  1.18798E-02
  1.07630E+02  1.18798E-02
  1.07640E+02  1.18798E-02
  1.07650E+02  1.18798E-02
  1.07660E+02  1.18798E-02
  1.07670E+02  1.18798E-02
  1.07680E+02  1.18798E-02
  1.07690E+02  1.18798E-02
  1.07700E+02  1.18798E-02
  1.07710E+02  1.18798E-02
  1.07720E+02  1.18798E-02
  1.07730E+02  1.18798E-02
  1.07740E+02  1.18798E-02
  1.07750E+02  1.18798E-02
  1.07760E+02  1.18798E-02
  1.07770E+02  1.18798E-02
  1.07780E+02  1.18798E-02
  1.07790E+02  1.18798E-02
  1.07800E+02  1.18798E-02
  1.07810E+02  1.18798E-02
  1.07820E+02  1.18798E-02
  1.07830E+02  1.18798E-02
  1.07840E+02  1.18798E-02
  1.07850E+02  1.18798E-02
  1.07860E+02  1.18798E-02
  1.07870E+02  1.18798E-02
  1.07880E+02  1.18798E-02
  1.07890E+02  1.18798E-02
  1.07900E+02  1.18798E-02
  1.07910E+02  1.18798E-02
  1.07920E+02  1.18798E-02
  1.07930E+02  1.18798E-02
  1.07940E+02  1.18798E-02
  1.07950E+02  1.18798E-02
  1.07960E+02  1.18798E-02
  1.07970E+02  1.18798E-02
  1.07980E+02  1.18798E-02
  1.07990E+02  1.18798E-02
  1.08000E+02  1.18798E-02
  1.08010E+02  1.18798E-02
  1.08020E+02  1.18798E-02
  1.08030E+02  1.18798E-02
  1.08040E+02  1.18798E-02
  1.08050E+02  1.18798E-02
  1.08060E+02  1.18798E-02
  1.08070E+02  1.18798E-02
  1.08080E+02  1.18798E-02
  1.08090E+02  1.18798E-02
  1.08100E+02  1.18798E-02
  1.08110E+02  1.18798E-02
  1.08120E+02  1.18798E-02
  1.08130E+02  1.18798E-02
  1.08140E+02  1.18798E-02
  1.08150E+02  1.18798E-02
  1.08160E+02  1.18798E-02
  1.08170E+02  1.18798E-02
  1.08180E+02  1.18798E-02
  1.08190E+02  1.18798E-02
  1.08200E+02  1.18798E-02
  1.08210E+02  1.18798E-02
  1.08220E+02  1.18798E-02
  1.08230E+02  1.18798E-02
  1.08240E+02  1.18798E-02
  1.08250E+02  1.18798E-02
  1.08260E+02  1.18798E-02
  1.08270E+02  1.18798E-02
  1.08280E+02  1.18798E-02
  1.08290E+02  1.18798E-02
  1.08300E+02  1.18798E-02
  1.08310E+02  1.18798E-02
  1.08320E+02  1.18798E-02
  1.08330E+02  1.18798E-02
  1.08340E+02  1.18798E-02
  1.08350E+02  1.18798E-02
  1.08360E+02  1.18798E-02
  1.08370E+02  1.18798E-02
  1.08380E+02  1.18798E-02
  1.08390E+02  1.18798E-02
  1.08400E+02  1.18798E-02
  1.08410E+02  1.18798E-02
  1.08420E+02  1.18798E-02
  1.08430E+02  1.18798E-02
  1.08440E+02  1.18798E-02
  1.08450E+02  1.18798E-02
  1.08460E+02  1.18798E-02
  1.08470E+02  1.18798E-02
  1.08480E+02  1.18798E-02
  1.08490E+02  1.18798E-02
  1.08500E+02  1.18798E-02
  1.08510E+02  1.18798E-02
  1.08520E+02  1.18798E-02
  1.08530E+02  1.18798E-02
  1.08540E+02  1.18798E-02
  1.08550E+02  1.18798E-02
  1.08560E+02  1.18798E-02
  1.08570E+02  1.18798E-02
  1.08580E+02  1.18798E-02
  1.08590E+02  1.18798E-02
  1.08600E+02  1.18798E-02
  1.08610E+02  1.18798E-02
  1.08620E+02  1.18798E-02
  1.08630E+02  1.18798E-02
  1.08640E+02  1.18798E-02
  1.08650E+02  1.18798E-02
  1.08660E+02  1.18798E-02
  1.08670E+02  1.18798E-02
  1.08680E+02  1.18798E-02
  1.08690E+02  1.18798E-02
  1.08700E+02  1.18798E-02
  1.08710E+02  1.18798E-02
  1.08720E+02  1.18798E-02
  1.08730E+02  1.18798E-02
  1.08740E+02  1.18798E-02
  1.08750E+02  1.18798E-02
  1.08760E+02  1.18798E-02
  1.08770E+02  1.18798E-02
  1.08780E+02  1.18798E-02
  1.08790E+02  1.18798E-02
  1.08800E+02  1.18798E-02
  1.08810E+02  1.18798E-02
  1.08820E+02  1.18798E-02
  1.08830E+02  1.18798E-02
  1.08840E+02  1.18798E-02
  1.08850E+02  1.18798E-02
  1.08860E+02  1.18798E-02
  1.08870E+02  1.18798E-02
  1.08880E+02  1.18798E-02
  1.08890E+02  1.18798E-02
  1.08900E+02  1.18798E-02
  1.08910E+02  1.18798E-02
  1.08920E+02  1.18798E-02
  1.08930E+02  1.18798E-02
  1.08940E+02  1.18798E-02
  1.08950E+02  1.18798E-02
  1.08960E+02  1.18798E-02
  1.08970E+02  1.18798E-02
  1.08980E+02  1.18798E-02
  1.08990E+02  1.18798E-02
  1.09000E+02  1.18798E-02
  1.09010E+02  1.18798E-02
  1.09020E+02  1.18798E-02
  1.09030E+02  1.18798E-02
  1.09040E+02  1.18798E-02
  1.09050E+02  1.18798E-02
  1.09060E+02  1.18798E-02
  1.09070E+02  1.18798E-02
  1.09080E+02  1.18798E-02
  1.09090E+02  1.18798E-02
  1.09100E+02  1.18798E-02
  1.09110E+02  1.18798E-02
  1.09120E+02  1.18798E-02
  1.09130E+02  1.18798E-02
  1.09140E+02  1.18798E-02
  1.09150E+02  1.18798E-02
  1.09160E+02  1.18798E-02
  1.09170E+02  1.18798E-02
  1.09180E+02  1.18798E-02
  1.09190E+02  1.18798E-02
  1.09200E+02  1.18798E-02
  1.09210E+02  1.18798E-02
  1.09220E+02  1.18798E-02
  1.09230E+02  1.18798E-02
  1.09240E+02  1.18798E-02
  1.09250E+02  1.18798E-02
  1.09260E+02  1.18798E-02
  1.09270E+02  1.18798E-02
  1.09280E+02  1.18798E-02
  1.09290E+02  1.18798E-02
  1.09300E+02  1.18798E-02
  1.09310E+02  1.18798E-02
  1.09320E+02  1.18798E-02
  1.09330E+02  1.18798E-02
  1.09340E+02  1.18798E-02
  1.09350E+02  1.18798E-02
  1.09360E+02  1.18798E-02
  1.09370E+02  1.18798E-02
  1.09380E+02  1.18798E-02
  1.09390E+02  1.18798E-02
  1.09400E+02  1.18798E-02
  1.09410E+02  1.18798E-02
  1.09420E+02  1.18798E-02
  1.09430E+02  1.18798E-02
  1.09440E+02  1.18798E-02
  1.09450E+02  1.18798E-02
  1.09460E+02  1.18798E-02
  1.09470E+02  1.18798E-02
  1.09480E+02  1.18798E-02
  1.09490E+02  1.18798E-02
  1.09500E+02  1.18798E-02
  1.09510E+02  1.18798E-02
  1.09520E+02  1.18798E-02
  1.09530E+02  1.18798E-02
  1.09540E+02  1.18798E-02
  1.09550E+02  1.18798E-02
  1.09560E+02  1.18798E-02
  1.09570E+02  1.18798E-02
  1.09580E+02  1.18798E-02
  1.09590E+02  1.18798E-02
  1.09600E+02  1.18798E-02
  1.09610E+02  1.18798E-02
  1.09620E+02  1.18798E-02
  1.09630E+02  1.18798E-02
  1.09640E+02  1.18798E-02
  1.09650E+02  1.18798E-02
  1.09660E+02  1.18798E-02
  1.09670E+02  1.18798E-02
  1.09680E+02  1.18798E-02
  1.09690E+02  1.18798E-02
  1.09700E+02  1.18798E-02
  1.09710E+02  1.18798E-02
  1.09720E+02  1.18798E-02
  1.09730E+02  1.18798E-02
  1.09740E+02  1.18798E-02
  1.09750E+02  1.18798E-02
  1.09760E+02  1.18798E-02
  1.09770E+02  1.18798E-02
  1.09780E+02  1.18798E-02
  1.09790E+02  1.18798E-02
  1.09800E+02  1.18798E-02
  1.09810E+02  1.18798E-02
  1.09820E+02  1.18798E-02
  1.09830E+02  1.18798E-02
  1.09840E+02  1.18798E-02
  1.09850E+02  1.18798E-02
  1.09860E+02  1.18798E-02
  1.09870E+02  1.18798E-02
  1.09880E+02  1.18798E-02
  1.09890E+02  1.18798E-02
  1.09900E+02  1.18798E-02
  1.09910E+02  1.18798E-02
  1.09920E+02  1.18798E-02
  1.09930E+02  1.18798E-02
  1.09940E+02  1.18798E-02
  1.09950E+02  1.18798E-02
  1.09960E+02  1.18798E-02
  1.09970E+02  1.18798E-02
  1.09980E+02  1.18798E-02
  1.09990E+02  1.18798E-02
  1.10000E+02  1.18798E-02
  1.10010E+02  1.18798E-02
  1.10020E+02  1.18798E-02
  1.10030E+02  1.18798E-02
  1.10040E+02  1.18798E-02
  1.10050E+02  1.18798E-02
  1.10060E+02  1.18798E-02
  1.10070E+02  1.18798E-02
  1.10080E+02  1.18798E-02
  1.10090E+02  1.18798E-02
  1.10100E+02  1.18798E-02
  1.10110E+02  1.18798E-02
  1.10120E+02  1.18798E-02
  1.10130E+02  1.18798E-02
  1.10140E+02  1.18798E-02
  1.10150E+02  1.18798E-02
  1.10160E+02  1.18798E-02
  1.10170E+02  1.18798E-02
  1.10180E+02  1.18798E-02
  1.10190E+02  1.18798E-02
  1.10200E+02  1.18798E-02
  1.10210E+02  1.18798E-02
  1.10220E+02  1.18798E-02
  1.10230E+02  1.18798E-02
  1.10240E+02  1.18798E-02
  1.10250E+02  1.18798E-02
  1.10260E+02  1.18798E-02
  1.10270E+02  1.18798E-02
  1.10280E+02  1.18798E-02
  1.10290E+02  1.18798E-02
  1.10300E+02  1.18798E-02
  1.10310E+02  1.18798E-02
  1.10320E+02  1.18798E-02
  1.10330E+02  1.18798E-02
  1.10340E+02  1.18798E-02
  1.10350E+02  1.18798E-02
  1.10360E+02  1.18798E-02
  1.10370E+02  1.18798E-02
  1.10380E+02  1.18798E-02
  1.10390E+02  1.18798E-02
  1.10400E+02  1.18798E-02
  1.10410E+02  1.18798E-02
  1.10420E+02  1.18798E-02
  1.10430E+02  1.18798E-02
  1.10440E+02  1.18798E-02
  1.10450E+02  1.18798E-02
  1.10460E+02  1.18798E-02
  1.10470E+02  1.18798E-02
  1.10480E+02  1.18798E-02
  1.10490E+02  1.18798E-02
  1.10500E+02  1.18798E-02
  1.10510E+02  1.18798E-02
  1.10520E+02  1.18798E-02
  1.10530E+02  1.18798E-02
  1.10540E+02  1.18798E-02
  1.10550E+02  1.18798E-02
  1.10560E+02  1.18798E-02
  1.10570E+02  1.18798E-02
  1.10580E+02  1.18798E-02
  1.10590E+02  1.18798E-02
  1.10600E+02  1.18798E-02
  1.10610E+02  1.18798E-02
  1.10620E+02  1.18798E-02
  1.10630E+02  1.18798E-02
  1.10640E+02  1.18798E-02
  1.10650E+02  1.18798E-02
  1.10660E+02  1.18798E-02
  1.10670E+02  1.18798E-02
  1.10680E+02  1.18798E-02
  1.10690E+02  1.18798E-02
  1.10700E+02  1.18798E-02
  1.10710E+02  1.18798E-02
  1.10720E+02  1.18798E-02
  1.10730E+02  1.18798E-02
  1.10740E+02  1.18798E-02
  1.10750E+02  1.18798E-02
  1.10760E+02  1.18798E-02
  1.10770E+02  1.18798E-02
  1.10780E+02  1.18798E-02
  1.10790E+02  1.18798E-02
  1.10800E+02  1.18798E-02
  1.10810E+02  1.18798E-02
  1.10820E+02  1.18798E-02
  1.10830E+02  1.18798E-02
  1.10840E+02  1.18798E-02
  1.10850E+02  1.18798E-02
  1.10860E+02  1.18798E-02
  1.10870E+02  1.18798E-02
  1.10880E+02  1.18798E-02
  1.10890E+02  1.18798E-02
  1.10900E+02  1.18798E-02
  1.10910E+02  1.18798E-02
  1.10920E+02  1.18798E-02
  1.10930E+02  1.18798E-02
  1.10940E+02  1.18798E-02
  1.10950E+02  1.18798E-02
  1.10960E+02  1.18798E-02
  1.10970E+02  1.18798E-02
  1.10980E+02  1.18798E-02
  1.10990E+02  1.18798E-02
  1.11000E+02  1.18798E-02
  1.11010E+02  1.18798E-02
  1.11020E+02  1.18798E-02
  1.11030E+02  1.18798E-02
  1.11040E+02  1.18798E-02
  1.11050E+02  1.18798E-02
  1.11060E+02  1.18798E-02
  1.11070E+02  1.18798E-02
  1.11080E+02  1.18798E-02
  1.11090E+02  1.18798E-02
  1.11100E+02  1.18798E-02
  1.11110E+02  1.18798E-02
  1.11120E+02  1.18798E-02
  1.11130E+02  1.18798E-02
  1.11140E+02  1.18798E-02
  1.11150E+02  1.18798E-02
  1.11160E+02  1.18798E-02
  1.11170E+02  1.18798E-02
  1.11180E+02  1.18798E-02
  1.11190E+02  1.18798E-02
  1.11200E+02  1.18798E-02
  1.11210E+02  1.18798E-02
  1.11220E+02  1.18798E-02
  1.11230E+02  1.18798E-02
  1.11240E+02  1.18798E-02
  1.11250E+02  1.18798E-02
  1.11260E+02  1.18798E-02
  1.11270E+02  1.18798E-02
  1.11280E+02  1.18798E-02
  1.11290E+02  1.18798E-02
  1.11300E+02  1.18798E-02
  1.11310E+02  1.18798E-02
  1.11320E+02  1.18798E-02
  1.11330E+02  1.18798E-02
  1.11340E+02  1.18798E-02
  1.11350E+02  1.18798E-02
  1.11360E+02  1.18798E-02
  1.11370E+02  1.18798E-02
  1.11380E+02  1.18798E-02
  1.11390E+02  1.18798E-02
  1.11400E+02  1.18798E-02
  1.11410E+02  1.18798E-02
  1.11420E+02  1.18798E-02
  1.11430E+02  1.18798E-02
  1.11440E+02  1.18798E-02
  1.11450E+02  1.18798E-02
  1.11460E+02  1.18798E-02
  1.11470E+02  1.18798E-02
  1.11480E+02  1.18798E-02
  1.11490E+02  1.18798E-02
  1.11500E+02  1.18798E-02
  1.11510E+02  1.18798E-02
  1.11520E+02  1.18798E-02
  1.11530E+02  1.18798E-02
  1.11540E+02  1.18798E-02
  1.11550E+02  1.18798E-02
  1.11560E+02  1.18798E-02
  1.11570E+02  1.18798E-02
  1.11580E+02  1.18798E-02
  1.11590E+02  1.18798E-02
  1.11600E+02  1.18798E-02
  1.11610E+02  1.18798E-02
  1.11620E+02  1.18798E-02
  1.11630E+02  1.18798E-02
  1.11640E+02  1.18798E-02
  1.11650E+02  1.18798E-02
  1.11660E+02  1.18798E-02
  1.11670E+02  1.18798E-02
  1.11680E+02  1.18798E-02
  1.11690E+02  1.18798E-02
  1.11700E+02  1.18798E-02
  1.11710E+02  1.18798E-02
  1.11720E+02  1.18798E-02
  1.11730E+02  1.18798E-02
  1.11740E+02  1.18798E-02
  1.11750E+02  1.18798E-02
  1.11760E+02  1.18798E-02
  1.11770E+02  1.18798E-02
  1.11780E+02  1.18798E-02
  1.11790E+02  1.18798E-02
  1.11800E+02  1.18798E-02
  1.11810E+02  1.18798E-02
  1.11820E+02  1.18798E-02
  1.11830E+02  1.18798E-02
  1.11840E+02  1.18798E-02
  1.11850E+02  1.18798E-02
  1.11860E+02  1.18798E-02
  1.11870E+02  1.18798E-02
  1.11880E+02  1.18798E-02
  1.11890E+02  1.18798E-02
  1.11900E+02  1.18798E-02
  1.11910E+02  1.18798E-02
  1.11920E+02  1.18798E-02
  1.11930E+02  1.18798E-02
  1.11940E+02  1.18798E-02
  1.11950E+02  1.18798E-02
  1.11960E+02  1.18798E-02
  1.11970E+02  1.18798E-02
  1.11980E+02  1.18798E-02
  1.11990E+02  1.18798E-02
  1.12000E+02  1.18798E-02
  1.12010E+02  1.18798E-02
  1.12020E+02  1.18798E-02
  1.12030E+02  1.18798E-02
  1.12040E+02  1.18798E-02
  1.12050E+02  1.18798E-02
  1.12060E+02  1.18798E-02
  1.12070E+02  1.18798E-02
  1.12080E+02  1.18798E-02
  1.12090E+02  1.18798E-02
  1.12100E+02  1.18798E-02
  1.12110E+02  1.18798E-02
  1.12120E+02  1.18798E-02
  1.12130E+02  1.18798E-02
  1.12140E+02  1.18798E-02
  1.12150E+02  1.18798E-02
  1.12160E+02  1.18798E-02
  1.12170E+02  1.18798E-02
  1.12180E+02  1.18798E-02
  1.12190E+02  1.18798E-02
  1.12200E+02  1.18798E-02
  1.12210E+02  1.18798E-02
  1.12220E+02  1.18798E-02
  1.12230E+02  1.18798E-02
  1.12240E+02  1.18798E-02
  1.12250E+02  1.18798E-02
  1.12260E+02  1.18798E-02
  1.12270E+02  1.18798E-02
  1.12280E+02  1.18798E-02
  1.12290E+02  1.18798E-02
  1.12300E+02  1.18798E-02
  1.12310E+02  1.18798E-02
  1.12320E+02  1.18798E-02
  1.12330E+02  1.18798E-02
  1.12340E+02  1.18798E-02
  1.12350E+02  1.18798E-02
  1.12360E+02  1.18798E-02
  1.12370E+02  1.18798E-02
  1.12380E+02  1.18798E-02
  1.12390E+02  1.18798E-02
  1.12400E+02  1.18798E-02
  1.12410E+02  1.18798E-02
  1.12420E+02  1.18798E-02
  1.12430E+02  1.18798E-02
  1.12440E+02  1.18798E-02
  1.12450E+02  1.18798E-02
  1.12460E+02  1.18798E-02
  1.12470E+02  1.18798E-02
  1.12480E+02  1.18798E-02
  1.12490E+02  1.18798E-02
  1.12500E+02  1.18798E-02
  1.12510E+02  1.18798E-02
  1.12520E+02  1.18798E-02
  1.12530E+02  1.18798E-02
  1.12540E+02  1.18798E-02
  1.12550E+02  1.18798E-02
  1.12560E+02  1.18798E-02
  1.12570E+02  1.18798E-02
  1.12580E+02  1.18798E-02
  1.12590E+02  1.18798E-02
  1.12600E+02  1.18798E-02
  1.12610E+02  1.18798E-02
  1.12620E+02  1.18798E-02
  1.12630E+02  1.18798E-02
  1.12640E+02  1.18798E-02
  1.12650E+02  1.18798E-02
  1.12660E+02  1.18798E-02
  1.12670E+02  1.18798E-02
  1.12680E+02  1.18798E-02
  1.12690E+02  1.18798E-02
  1.12700E+02  1.18798E-02
  1.12710E+02  1.18798E-02
  1.12720E+02  1.18798E-02
  1.12730E+02  1.18798E-02
  1.12740E+02  1.18798E-02
  1.12750E+02  1.18798E-02
  1.12760E+02  1.18798E-02
  1.12770E+02  1.18798E-02
  1.12780E+02  1.18798E-02
  1.12790E+02  1.18798E-02
  1.12800E+02  1.18798E-02
  1.12810E+02  1.18798E-02
  1.12820E+02  1.18798E-02
  1.12830E+02  1.18798E-02
  1.12840E+02  1.18798E-02
  1.12850E+02  1.18798E-02
  1.12860E+02  1.18798E-02
  1.12870E+02  1.18798E-02
  1.12880E+02  1.18798E-02
  1.12890E+02  1.18798E-02
  1.12900E+02  1.18798E-02
  1.12910E+02  1.18798E-02
  1.12920E+02  1.18798E-02
  1.12930E+02  1.18798E-02
  1.12940E+02  1.18798E-02
  1.12950E+02  1.18798E-02
  1.12960E+02  1.18798E-02
  1.12970E+02  1.18798E-02
  1.12980E+02  1.18798E-02
  1.12990E+02  1.18798E-02
  1.13000E+02  1.18798E-02
  1.13010E+02  1.18798E-02
  1.13020E+02  1.18798E-02
  1.13030E+02  1.18798E-02
  1.13040E+02  1.18798E-02
  1.13050E+02  1.18798E-02
  1.13060E+02  1.18798E-02
  1.13070E+02  1.18798E-02
  1.13080E+02  1.18798E-02
  1.13090E+02  1.18798E-02
  1.13100E+02  1.18798E-02
  1.13110E+02  1.18798E-02
  1.13120E+02  1.18798E-02
  1.13130E+02  1.18798E-02
  1.13140E+02  1.18798E-02
  1.13150E+02  1.18798E-02
  1.13160E+02  1.18798E-02
  1.13170E+02  1.18798E-02
  1.13180E+02  1.18798E-02
  1.13190E+02  1.18798E-02
  1.13200E+02  1.18798E-02
  1.13210E+02  1.18798E-02
  1.13220E+02  1.18798E-02
  1.13230E+02  1.18798E-02
  1.13240E+02  1.18798E-02
  1.13250E+02  1.18798E-02
  1.13260E+02  1.18798E-02
  1.13270E+02  1.18798E-02
  1.13280E+02  1.18798E-02
  1.13290E+02  1.18798E-02
  1.13300E+02  1.18798E-02
  1.13310E+02  1.18798E-02
  1.13320E+02  1.18798E-02
  1.13330E+02  1.18798E-02
  1.13340E+02  1.18798E-02
  1.13350E+02  1.18798E-02
  1.13360E+02  1.18798E-02
  1.13370E+02  1.18798E-02
  1.13380E+02  1.18798E-02
  1.13390E+02  1.18798E-02
  1.13400E+02  1.18798E-02
  1.13410E+02  1.18798E-02
  1.13420E+02  1.18798E-02
  1.13430E+02  1.18798E-02
  1.13440E+02  1.18798E-02
  1.13450E+02  1.18798E-02
  1.13460E+02  1.18798E-02
  1.13470E+02  1.18798E-02
  1.13480E+02  1.18798E-02
  1.13490E+02  1.18798E-02
  1.13500E+02  1.18798E-02
  1.13510E+02  1.18798E-02
  1.13520E+02  1.18798E-02
  1.13530E+02  1.18798E-02
  1.13540E+02  1.18798E-02
  1.13550E+02  1.18798E-02
  1.13560E+02  1.18798E-02
  1.13570E+02  1.18798E-02
  1.13580E+02  1.18798E-02
  1.13590E+02  1.18798E-02
  1.13600E+02  1.18798E-02
  1.13610E+02  1.18798E-02
  1.13620E+02  1.18798E-02
  1.13630E+02  1.18798E-02
  1.13640E+02  1.18798E-02
  1.13650E+02  1.18798E-02
  1.13660E+02  1.18798E-02
  1.13670E+02  1.18798E-02
  1.13680E+02  1.18798E-02
  1.13690E+02  1.18798E-02
  1.13700E+02  1.18798E-02
  1.13710E+02  1.18798E-02
  1.13720E+02  1.18798E-02
  1.13730E+02  1.18798E-02
  1.13740E+02  1.18798E-02
  1.13750E+02  1.18798E-02
  1.13760E+02  1.18798E-02
  1.13770E+02  1.18798E-02
  1.13780E+02  1.18798E-02
  1.13790E+02  1.18798E-02
  1.13800E+02  1.18798E-02
  1.13810E+02  1.18798E-02
  1.13820E+02  1.18798E-02
  1.13830E+02  1.18798E-02
  1.13840E+02  1.18798E-02
  1.13850E+02  1.18798E-02
  1.13860E+02  1.18798E-02
  1.13870E+02  1.18798E-02
  1.13880E+02  1.18798E-02
  1.13890E+02  1.18798E-02
  1.13900E+02  1.18798E-02
  1.13910E+02  1.18798E-02
  1.13920E+02  1.18798E-02
  1.13930E+02  1.18798E-02
  1.13940E+02  1.18798E-02
  1.13950E+02  1.18798E-02
  1.13960E+02  1.18798E-02
  1.13970E+02  1.18798E-02
  1.13980E+02  1.18798E-02
  1.13990E+02  1.18798E-02
  1.14000E+02  1.18798E-02
  1.14010E+02  1.18798E-02
  1.14020E+02  1.18798E-02
  1.14030E+02  1.18798E-02
  1.14040E+02  1.18798E-02
  1.14050E+02  1.18798E-02
  1.14060E+02  1.18798E-02
  1.14070E+02  1.18798E-02
  1.14080E+02  1.18798E-02
  1.14090E+02  1.18798E-02
  1.14100E+02  1.18798E-02
  1.14110E+02  1.18798E-02
  1.14120E+02  1.18798E-02
  1.14130E+02  1.18798E-02
  1.14140E+02  1.18798E-02
  1.14150E+02  1.18798E-02
  1.14160E+02  1.18798E-02
  1.14170E+02  1.18798E-02
  1.14180E+02  1.18798E-02
  1.14190E+02  1.18798E-02
  1.14200E+02  1.18798E-02
  1.14210E+02  1.18798E-02
  1.14220E+02  1.18798E-02
  1.14230E+02  1.18798E-02
  1.14240E+02  1.18798E-02
  1.14250E+02  1.18798E-02
  1.14260E+02  1.18798E-02
  1.14270E+02  1.18798E-02
  1.14280E+02  1.18798E-02
  1.14290E+02  1.18798E-02
  1.14300E+02  1.18798E-02
  1.14310E+02  1.18798E-02
  1.14320E+02  1.18798E-02
  1.14330E+02  1.18798E-02
  1.14340E+02  1.18798E-02
  1.14350E+02  1.18798E-02
  1.14360E+02  1.18798E-02
  1.14370E+02  1.18798E-02
  1.14380E+02  1.18798E-02
  1.14390E+02  1.18798E-02
  1.14400E+02  1.18798E-02
  1.14410E+02  1.18798E-02
  1.14420E+02  1.18798E-02
  1.14430E+02  1.18798E-02
  1.14440E+02  1.18798E-02
  1.14450E+02  1.18798E-02
  1.14460E+02  1.18798E-02
  1.14470E+02  1.18798E-02
  1.14480E+02  1.18798E-02
  1.14490E+02  1.18798E-02
  1.14500E+02  1.18798E-02
  1.14510E+02  1.18798E-02
  1.14520E+02  1.18798E-02
  1.14530E+02  1.18798E-02
  1.14540E+02  1.18798E-02
  1.14550E+02  1.18798E-02
  1.14560E+02  1.18798E-02
  1.14570E+02  1.18798E-02
  1.14580E+02  1.18798E-02
  1.14590E+02  1.18798E-02
  1.14600E+02  1.18798E-02
  1.14610E+02  1.18798E-02
  1.14620E+02  1.18798E-02
  1.14630E+02  1.18798E-02
  1.14640E+02  1.18798E-02
  1.14650E+02  1.18798E-02
  1.14660E+02  1.18798E-02
  1.14670E+02  1.18798E-02
  1.14680E+02  1.18798E-02
  1.14690E+02  1.18798E-02
  1.14700E+02  1.18798E-02
  1.14710E+02  1.18798E-02
  1.14720E+02  1.18798E-02
  1.14730E+02  1.18798E-02
  1.14740E+02  1.18798E-02
  1.14750E+02  1.18798E-02
  1.14760E+02  1.18798E-02
  1.14770E+02  1.18798E-02
  1.14780E+02  1.18798E-02
  1.14790E+02  1.18798E-02
  1.14800E+02  1.18798E-02
  1.14810E+02  1.18798E-02
  1.14820E+02  1.18798E-02
  1.14830E+02  1.18798E-02
  1.14840E+02  1.18798E-02
  1.14850E+02  1.18798E-02
  1.14860E+02  1.18798E-02
  1.14870E+02  1.18798E-02
  1.14880E+02  1.18798E-02
  1.14890E+02  1.18798E-02
  1.14900E+02  1.18798E-02
  1.14910E+02  1.18798E-02
  1.14920E+02  1.18798E-02
  1.14930E+02  1.18798E-02
  1.14940E+02  1.18798E-02
  1.14950E+02  1.18798E-02
  1.14960E+02  1.18798E-02
  1.14970E+02  1.18798E-02
  1.14980E+02  1.18798E-02
  1.14990E+02  1.18798E-02
  1.15000E+02  1.18798E-02
  1.15010E+02  1.18798E-02
  1.15020E+02  1.18798E-02
  1.15030E+02  1.18798E-02
  1.15040E+02  1.18798E-02
  1.15050E+02  1.18798E-02
  1.15060E+02  1.18798E-02
  1.15070E+02  1.18798E-02
  1.15080E+02  1.18798E-02
  1.15090E+02  1.18798E-02
  1.15100E+02  1.18798E-02
  1.15110E+02  1.18798E-02
  1.15120E+02  1.18798E-02
  1.15130E+02  1.18798E-02
  1.15140E+02  1.18798E-02
  1.15150E+02  1.18798E-02
  1.15160E+02  1.18798E-02
  1.15170E+02  1.18798E-02
  1.15180E+02  1.18798E-02
  1.15190E+02  1.18798E-02
  1.15200E+02  1.18798E-02
  1.15210E+02  1.18798E-02
  1.15220E+02  1.18798E-02
  1.15230E+02  1.18798E-02
  1.15240E+02  1.18798E-02
  1.15250E+02  1.18798E-02
  1.15260E+02  1.18798E-02
  1.15270E+02  1.18798E-02
  1.15280E+02  1.18798E-02
  1.15290E+02  1.18798E-02
  1.15300E+02  1.18798E-02
  1.15310E+02  1.18798E-02
  1.15320E+02  1.18798E-02
  1.15330E+02  1.18798E-02
  1.15340E+02  1.18798E-02
  1.15350E+02  1.18798E-02
  1.15360E+02  1.18798E-02
  1.15370E+02  1.18798E-02
  1.15380E+02  1.18798E-02
  1.15390E+02  1.18798E-02
  1.15400E+02  1.18798E-02
  1.15410E+02  1.18798E-02
  1.15420E+02  1.18798E-02
  1.15430E+02  1.18798E-02
  1.15440E+02  1.18798E-02
  1.15450E+02  1.18798E-02
  1.15460E+02  1.18798E-02
  1.15470E+02  1.18798E-02
  1.15480E+02  1.18798E-02
  1.15490E+02  1.18798E-02
  1.15500E+02  1.18798E-02
  1.15510E+02  1.18798E-02
  1.15520E+02  1.18798E-02
  1.15530E+02  1.18798E-02
  1.15540E+02  1.18798E-02
  1.15550E+02  1.18798E-02
  1.15560E+02  1.18798E-02
  1.15570E+02  1.18798E-02
  1.15580E+02  1.18798E-02
  1.15590E+02  1.18798E-02
  1.15600E+02  1.18798E-02
  1.15610E+02  1.18798E-02
  1.15620E+02  1.18798E-02
  1.15630E+02  1.18798E-02
  1.15640E+02  1.18798E-02
  1.15650E+02  1.18798E-02
  1.15660E+02  1.18798E-02
  1.15670E+02  1.18798E-02
  1.15680E+02  1.18798E-02
  1.15690E+02  1.18798E-02
  1.15700E+02  1.18798E-02
  1.15710E+02  1.18798E-02
  1.15720E+02  1.18798E-02
  1.15730E+02  1.18798E-02
  1.15740E+02  1.18798E-02
  1.15750E+02  1.18798E-02
  1.15760E+02  1.18798E-02
  1.15770E+02  1.18798E-02
  1.15780E+02  1.18798E-02
  1.15790E+02  1.18798E-02
  1.15800E+02  1.18798E-02
  1.15810E+02  1.18798E-02
  1.15820E+02  1.18798E-02
  1.15830E+02  1.18798E-02
  1.15840E+02  1.18798E-02
  1.15850E+02  1.18798E-02
  1.15860E+02  1.18798E-02
  1.15870E+02  1.18798E-02
  1.15880E+02  1.18798E-02
  1.15890E+02  1.18798E-02
  1.15900E+02  1.18798E-02
  1.15910E+02  1.18798E-02
  1.15920E+02  1.18798E-02
  1.15930E+02  1.18798E-02
  1.15940E+02  1.18798E-02
  1.15950E+02  1.18798E-02
  1.15960E+02  1.18798E-02
  1.15970E+02  1.18798E-02
  1.15980E+02  1.18798E-02
  1.15990E+02  1.18798E-02
  1.16000E+02  1.18798E-02
  1.16010E+02  1.18798E-02
  1.16020E+02  1.18798E-02
  1.16030E+02  1.18798E-02
  1.16040E+02  1.18798E-02
  1.16050E+02  1.18798E-02
  1.16060E+02  1.18798E-02
  1.16070E+02  1.18798E-02
  1.16080E+02  1.18798E-02
  1.16090E+02  1.18798E-02
  1.16100E+02  1.18798E-02
  1.16110E+02  1.18798E-02
  1.16120E+02  1.18798E-02
  1.16130E+02  1.18798E-02
  1.16140E+02  1.18798E-02
  1.16150E+02  1.18798E-02
  1.16160E+02  1.18798E-02
  1.16170E+02  1.18798E-02
  1.16180E+02  1.18798E-02
  1.16190E+02  1.18798E-02
  1.16200E+02  1.18798E-02
  1.16210E+02  1.18798E-02
  1.16220E+02  1.18798E-02
  1.16230E+02  1.18798E-02
  1.16240E+02  1.18798E-02
  1.16250E+02  1.18798E-02
  1.16260E+02  1.18798E-02
  1.16270E+02  1.18798E-02
  1.16280E+02  1.18798E-02
  1.16290E+02  1.18798E-02
  1.16300E+02  1.18798E-02
  1.16310E+02  1.18798E-02
  1.16320E+02  1.18798E-02
  1.16330E+02  1.18798E-02
  1.16340E+02  1.18798E-02
  1.16350E+02  1.18798E-02
  1.16360E+02  1.18798E-02
  1.16370E+02  1.18798E-02
  1.16380E+02  1.18798E-02
  1.16390E+02  1.18798E-02
  1.16400E+02  1.18798E-02
  1.16410E+02  1.18798E-02
  1.16420E+02  1.18798E-02
  1.16430E+02  1.18798E-02
  1.16440E+02  1.18798E-02
  1.16450E+02  1.18798E-02
  1.16460E+02  1.18798E-02
  1.16470E+02  1.18798E-02
  1.16480E+02  1.18798E-02
  1.16490E+02  1.18798E-02
  1.16500E+02  1.18798E-02
  1.16510E+02  1.18798E-02
  1.16520E+02  1.18798E-02
  1.16530E+02  1.18798E-02
  1.16540E+02  1.18798E-02
  1.16550E+02  1.18798E-02
  1.16560E+02  1.18798E-02
  1.16570E+02  1.18798E-02
  1.16580E+02  1.18798E-02
  1.16590E+02  1.18798E-02
  1.16600E+02  1.18798E-02
  1.16610E+02  1.18798E-02
  1.16620E+02  1.18798E-02
  1.16630E+02  1.18798E-02
  1.16640E+02  1.18798E-02
  1.16650E+02  1.18798E-02
  1.16660E+02  1.18798E-02
  1.16670E+02  1.18798E-02
  1.16680E+02  1.18798E-02
  1.16690E+02  1.18798E-02
  1.16700E+02  1.18798E-02
  1.16710E+02  1.18798E-02
  1.16720E+02  1.18798E-02
  1.16730E+02  1.18798E-02
  1.16740E+02  1.18798E-02
  1.16750E+02  1.18798E-02
  1.16760E+02  1.18798E-02
  1.16770E+02  1.18798E-02
  1.16780E+02  1.18798E-02
  1.16790E+02  1.18798E-02
  1.16800E+02  1.18798E-02
  1.16810E+02  1.18798E-02
  1.16820E+02  1.18798E-02
  1.16830E+02  1.18798E-02
  1.16840E+02  1.18798E-02
  1.16850E+02  1.18798E-02
  1.16860E+02  1.18798E-02
  1.16870E+02  1.18798E-02
  1.16880E+02  1.18798E-02
  1.16890E+02  1.18798E-02
  1.16900E+02  1.18798E-02
  1.16910E+02  1.18798E-02
  1.16920E+02  1.18798E-02
  1.16930E+02  1.18798E-02
  1.16940E+02  1.18798E-02
  1.16950E+02  1.18798E-02
  1.16960E+02  1.18798E-02
  1.16970E+02  1.18798E-02
  1.16980E+02  1.18798E-02
  1.16990E+02  1.18798E-02
  1.17000E+02  1.18798E-02
  1.17010E+02  1.18798E-02
  1.17020E+02  1.18798E-02
  1.17030E+02  1.18798E-02
  1.17040E+02  1.18798E-02
  1.17050E+02  1.18798E-02
  1.17060E+02  1.18798E-02
  1.17070E+02  1.18798E-02
  1.17080E+02  1.18798E-02
  1.17090E+02  1.18798E-02
  1.17100E+02  1.18798E-02
  1.17110E+02  1.18798E-02
  1.17120E+02  1.18798E-02
  1.17130E+02  1.18798E-02
  1.17140E+02  1.18798E-02
  1.17150E+02  1.18798E-02
  1.17160E+02  1.18798E-02
  1.17170E+02  1.18798E-02
  1.17180E+02  1.18798E-02
  1.17190E+02  1.18798E-02
  1.17200E+02  1.18798E-02
  1.17210E+02  1.18798E-02
  1.17220E+02  1.18798E-02
  1.17230E+02  1.18798E-02
  1.17240E+02  1.18798E-02
  1.17250E+02  1.18798E-02
  1.17260E+02  1.18798E-02
  1.17270E+02  1.18798E-02
  1.17280E+02  1.18798E-02
  1.17290E+02  1.18798E-02
  1.17300E+02  1.18798E-02
  1.17310E+02  1.18798E-02
  1.17320E+02  1.18798E-02
  1.17330E+02  1.18798E-02
  1.17340E+02  1.18798E-02
  1.17350E+02  1.18798E-02
  1.17360E+02  1.18798E-02
  1.17370E+02  1.18798E-02
  1.17380E+02  1.18798E-02
  1.17390E+02  1.18798E-02
  1.17400E+02  1.18798E-02
  1.17410E+02  1.18798E-02
  1.17420E+02  1.18798E-02
  1.17430E+02  1.18798E-02
  1.17440E+02  1.18798E-02
  1.17450E+02  1.18798E-02
  1.17460E+02  1.18798E-02
  1.17470E+02  1.18798E-02
  1.17480E+02  1.18798E-02
  1.17490E+02  1.18798E-02
  1.17500E+02  1.18798E-02
  1.17510E+02  1.18798E-02
  1.17520E+02  1.18798E-02
  1.17530E+02  1.18798E-02
  1.17540E+02  1.18798E-02
  1.17550E+02  1.18798E-02
  1.17560E+02  1.18798E-02
  1.17570E+02  1.18798E-02
  1.17580E+02  1.18798E-02
  1.17590E+02  1.18798E-02
  1.17600E+02  1.18798E-02
  1.17610E+02  1.18798E-02
  1.17620E+02  1.18798E-02
  1.17630E+02  1.18798E-02
  1.17640E+02  1.18798E-02
  1.17650E+02  1.18798E-02
  1.17660E+02  1.18798E-02
  1.17670E+02  1.18798E-02
  1.17680E+02  1.18798E-02
  1.17690E+02  1.18798E-02
  1.17700E+02  1.18798E-02
  1.17710E+02  1.18798E-02
  1.17720E+02  1.18798E-02
  1.17730E+02  1.18798E-02
  1.17740E+02  1.18798E-02
  1.17750E+02  1.18798E-02
  1.17760E+02  1.18798E-02
  1.17770E+02  1.18798E-02
  1.17780E+02  1.18798E-02
  1.17790E+02  1.18798E-02
  1.17800E+02  1.18798E-02
  1.17810E+02  1.18798E-02
  1.17820E+02  1.18798E-02
  1.17830E+02  1.18798E-02
  1.17840E+02  1.18798E-02
  1.17850E+02  1.18798E-02
  1.17860E+02  1.18798E-02
  1.17870E+02  1.18798E-02
  1.17880E+02  1.18798E-02
  1.17890E+02  1.18798E-02
  1.17900E+02  1.18798E-02
  1.17910E+02  1.18798E-02
  1.17920E+02  1.18798E-02
  1.17930E+02  1.18798E-02
  1.17940E+02  1.18798E-02
  1.17950E+02  1.18798E-02
  1.17960E+02  1.18798E-02
  1.17970E+02  1.18798E-02
  1.17980E+02  1.18798E-02
  1.17990E+02  1.18798E-02
  1.18000E+02  1.18798E-02
  1.18010E+02  1.18798E-02
  1.18020E+02  1.18798E-02
  1.18030E+02  1.18798E-02
  1.18040E+02  1.18798E-02
  1.18050E+02  1.18798E-02
  1.18060E+02  1.18798E-02
  1.18070E+02  1.18798E-02
  1.18080E+02  1.18798E-02
  1.18090E+02  1.18798E-02
  1.18100E+02  1.18798E-02
  1.18110E+02  1.18798E-02
  1.18120E+02  1.18798E-02
  1.18130E+02  1.18798E-02
  1.18140E+02  1.18798E-02
  1.18150E+02  1.18798E-02
  1.18160E+02  1.18798E-02
  1.18170E+02  1.18798E-02
  1.18180E+02  1.18798E-02
  1.18190E+02  1.18798E-02
  1.18200E+02  1.18798E-02
  1.18210E+02  1.18798E-02
  1.18220E+02  1.18798E-02
  1.18230E+02  1.18798E-02
  1.18240E+02  1.18798E-02
  1.18250E+02  1.18798E-02
  1.18260E+02  1.18798E-02
  1.18270E+02  1.18798E-02
  1.18280E+02  1.18798E-02
  1.18290E+02  1.18798E-02
  1.18300E+02  1.18798E-02
  1.18310E+02  1.18798E-02
  1.18320E+02  1.18798E-02
  1.18330E+02  1.18798E-02
  1.18340E+02  1.18798E-02
  1.18350E+02  1.18798E-02
  1.18360E+02  1.18798E-02
  1.18370E+02  1.18798E-02
  1.18380E+02  1.18798E-02
  1.18390E+02  1.18798E-02
  1.18400E+02  1.18798E-02
  1.18410E+02  1.18798E-02
  1.18420E+02  1.18798E-02
  1.18430E+02  1.18798E-02
  1.18440E+02  1.18798E-02
  1.18450E+02  1.18798E-02
  1.18460E+02  1.18798E-02
  1.18470E+02  1.18798E-02
  1.18480E+02  1.18798E-02
  1.18490E+02  1.18798E-02
  1.18500E+02  1.18798E-02
  1.18510E+02  1.18798E-02
  1.18520E+02  1.18798E-02
  1.18530E+02  1.18798E-02
  1.18540E+02  1.18798E-02
  1.18550E+02  1.18798E-02
  1.18560E+02  1.18798E-02
  1.18570E+02  1.18798E-02
  1.18580E+02  1.18798E-02
  1.18590E+02  1.18798E-02
  1.18600E+02  1.18798E-02
  1.18610E+02  1.18798E-02
  1.18620E+02  1.18798E-02
  1.18630E+02  1.18798E-02
  1.18640E+02  1.18798E-02
  1.18650E+02  1.18798E-02
  1.18660E+02  1.18798E-02
  1.18670E+02  1.18798E-02
  1.18680E+02  1.18798E-02
  1.18690E+02  1.18798E-02
  1.18700E+02  1.18798E-02
  1.18710E+02  1.18798E-02
  1.18720E+02  1.18798E-02
  1.18730E+02  1.18798E-02
  1.18740E+02  1.18798E-02
  1.18750E+02  1.18798E-02
  1.18760E+02  1.18798E-02
  1.18770E+02  1.18798E-02
  1.18780E+02  1.18798E-02
  1.18790E+02  1.18798E-02
  1.18800E+02  1.18798E-02
  1.18810E+02  1.18798E-02
  1.18820E+02  1.18798E-02
  1.18830E+02  1.18798E-02
  1.18840E+02  1.18798E-02
  1.18850E+02  1.18798E-02
  1.18860E+02  1.18798E-02
  1.18870E+02  1.18798E-02
  1.18880E+02  1.18798E-02
  1.18890E+02  1.18798E-02
  1.18900E+02  1.18798E-02
  1.18910E+02  1.18798E-02
  1.18920E+02  1.18798E-02
  1.18930E+02  1.18798E-02
  1.18940E+02  1.18798E-02
  1.18950E+02  1.18798E-02
  1.18960E+02  1.18798E-02
  1.18970E+02  1.18798E-02
  1.18980E+02  1.18798E-02
  1.18990E+02  1.18798E-02
  1.19000E+02  1.18798E-02
  1.19010E+02  1.18798E-02
  1.19020E+02  1.18798E-02
  1.19030E+02  1.18798E-02
  1.19040E+02  1.18798E-02
  1.19050E+02  1.18798E-02
  1.19060E+02  1.18798E-02
  1.19070E+02  1.18798E-02
  1.19080E+02  1.18798E-02
  1.19090E+02  1.18798E-02
  1.19100E+02  1.18798E-02
  1.19110E+02  1.18798E-02
  1.19120E+02  1.18798E-02
  1.19130E+02  1.18798E-02
  1.19140E+02  1.18798E-02
  1.19150E+02  1.18798E-02
  1.19160E+02  1.18798E-02
  1.19170E+02  1.18798E-02
  1.19180E+02  1.18798E-02
  1.19190E+02  1.18798E-02
  1.19200E+02  1.18798E-02
  1.19210E+02  1.18798E-02
  1.19220E+02  1.18798E-02
  1.19230E+02  1.18798E-02
  1.19240E+02  1.18798E-02
  1.19250E+02  1.18798E-02
  1.19260E+02  1.18798E-02
  1.19270E+02  1.18798E-02
  1.19280E+02  1.18798E-02
  1.19290E+02  1.18798E-02
  1.19300E+02  1.18798E-02
  1.19310E+02  1.18798E-02
  1.19320E+02  1.18798E-02
  1.19330E+02  1.18798E-02
  1.19340E+02  1.18798E-02
  1.19350E+02  1.18798E-02
  1.19360E+02  1.18798E-02
  1.19370E+02  1.18798E-02
  1.19380E+02  1.18798E-02
  1.19390E+02  1.18798E-02
  1.19400E+02  1.18798E-02
  1.19410E+02  1.18798E-02
  1.19420E+02  1.18798E-02
  1.19430E+02  1.18798E-02
  1.19440E+02  1.18798E-02
  1.19450E+02  1.18798E-02
  1.19460E+02  1.18798E-02
  1.19470E+02  1.18798E-02
  1.19480E+02  1.18798E-02
  1.19490E+02  1.18798E-02
  1.19500E+02  1.18798E-02
  1.19510E+02  1.18798E-02
  1.19520E+02  1.18798E-02
  1.19530E+02  1.18798E-02
  1.19540E+02  1.18798E-02
  1.19550E+02  1.18798E-02
  1.19560E+02  1.18798E-02
  1.19570E+02  1.18798E-02
  1.19580E+02  1.18798E-02
  1.19590E+02  1.18798E-02
  1.19600E+02  1.18798E-02
  1.19610E+02  1.18798E-02
  1.19620E+02  1.18798E-02
  1.19630E+02  1.18798E-02
  1.19640E+02  1.18798E-02
  1.19650E+02  1.18798E-02
  1.19660E+02  1.18798E-02
  1.19670E+02  1.18798E-02
  1.19680E+02  1.18798E-02
  1.19690E+02  1.18798E-02
  1.19700E+02  1.18798E-02
  1.19710E+02  1.18798E-02
  1.19720E+02  1.18798E-02
  1.19730E+02  1.18798E-02
  1.19740E+02  1.18798E-02
  1.19750E+02  1.18798E-02
  1.19760E+02  1.18798E-02
  1.19770E+02  1.18798E-02
  1.19780E+02  1.18798E-02
  1.19790E+02  1.18798E-02
  1.19800E+02  1.18798E-02
  1.19810E+02  1.18798E-02
  1.19820E+02  1.18798E-02
  1.19830E+02  1.18798E-02
  1.19840E+02  1.18798E-02
  1.19850E+02  1.18798E-02
  1.19860E+02  1.18798E-02
  1.19870E+02  1.18798E-02
  1.19880E+02  1.18798E-02
  1.19890E+02  1.18798E-02
  1.19900E+02  1.18798E-02
  1.19910E+02  1.18798E-02
  1.19920E+02  1.18798E-02
  1.19930E+02  1.18798E-02
  1.19940E+02  1.18798E-02
  1.19950E+02  1.18798E-02
  1.19960E+02  1.18798E-02
  1.19970E+02  1.18798E-02
  1.19980E+02  1.18798E-02
  1.19990E+02  1.18798E-02
  1.20000E+02  1.18798E-02
