   time (s)      Tw (K)
  0.00000E+00  3.00000E+02
  1.00000E-02  3.15483E+02
  2.00000E-02  3.37603E+02
  3.00000E-02  3.67558E+02
  4.00000E-02  4.04514E+02
  5.00000E-02  4.47905E+02
  6.00000E-02  4.96942E+02
  7.00000E-02  5.48447E+02
  8.00000E-02  6.03283E+02
  9.00000E-02  6.62598E+02
  1.00000E-01  7.24692E+02
  1.10000E-01  7.70117E+02
  1.20000E-01  8.08186E+02
  1.30000E-01  8.40171E+02
  1.40000E-01  8.67139E+02
  1.50000E-01  8.89989E+02
  1.60000E-01  9.09725E+02
  1.70000E-01  9.26997E+02
  1.80000E-01  9.42337E+02
  1.90000E-01  9.56114E+02
  2.00000E-01  9.68615E+02
  2.10000E-01  9.80056E+02
  2.20000E-01  9.90606E+02
  2.30000E-01  1.00040E+03
  2.40000E-01  1.00956E+03
  2.50000E-01  1.01816E+03
  2.60000E-01  1.02629E+03
  2.70000E-01  1.03400E+03
  2.80000E-01  1.04132E+03
  2.90000E-01  1.04829E+03
  3.00000E-01  1.05495E+03
  3.10000E-01  1.06132E+03
  3.20000E-01  1.06742E+03
  3.30000E-01  1.07327E+03
  3.40000E-01  1.07891E+03
  3.50000E-01  1.08433E+03
  3.60000E-01  1.08956E+03
  3.70000E-01  1.09460E+03
  3.80000E-01  1.09947E+03
  3.90000E-01  1.10417E+03
  4.00000E-01  1.10873E+03
  4.10000E-01  1.11313E+03
  4.20000E-01  1.11740E+03
  4.30000E-01  1.12155E+03
  4.40000E-01  1.12558E+03
  4.50000E-01  1.12949E+03
  4.60000E-01  1.13329E+03
  4.70000E-01  1.13700E+03
  4.80000E-01  1.14061E+03
  4.90000E-01  1.14413E+03
  5.00000E-01  1.14757E+03
  5.10000E-01  1.15093E+03
  5.20000E-01  1.15422E+03
  5.30000E-01  1.15743E+03
  5.40000E-01  1.16058E+03
  5.50000E-01  1.16366E+03
  5.60000E-01  1.16668E+03
  5.70000E-01  1.16963E+03
  5.80000E-01  1.17253E+03
  5.90000E-01  1.17538E+03
  6.00000E-01  1.17817E+03
  6.10000E-01  1.18092E+03
  6.20000E-01  1.18361E+03
  6.30000E-01  1.18626E+03
  6.40000E-01  1.18886E+03
  6.50000E-01  1.19141E+03
  6.60000E-01  1.19392E+03
  6.70000E-01  1.19638E+03
  6.80000E-01  1.19880E+03
  6.90000E-01  1.20118E+03
  7.00000E-01  1.20353E+03
  7.10000E-01  1.20584E+03
  7.20000E-01  1.20812E+03
  7.30000E-01  1.21036E+03
  7.40000E-01  1.21256E+03
  7.50000E-01  1.21474E+03
  7.60000E-01  1.21688E+03
  7.70000E-01  1.21898E+03
  7.80000E-01  1.22106E+03
  7.90000E-01  1.22311E+03
  8.00000E-01  1.22513E+03
  8.10000E-01  1.22712E+03
  8.20000E-01  1.22909E+03
  8.30000E-01  1.23103E+03
  8.40000E-01  1.23295E+03
  8.50000E-01  1.23484E+03
  8.60000E-01  1.23671E+03
  8.70000E-01  1.23856E+03
  8.80000E-01  1.24038E+03
  8.90000E-01  1.24217E+03
  9.00000E-01  1.24395E+03
  9.10000E-01  1.24570E+03
  9.20000E-01  1.24743E+03
  9.30000E-01  1.24914E+03
  9.40000E-01  1.25082E+03
  9.50000E-01  1.25249E+03
  9.60000E-01  1.25415E+03
  9.70000E-01  1.25578E+03
  9.80000E-01  1.25739E+03
  9.90000E-01  1.25899E+03
  1.00000E+00  1.26056E+03
  1.01000E+00  1.26212E+03
  1.02000E+00  1.26366E+03
  1.03000E+00  1.26518E+03
  1.04000E+00  1.26669E+03
  1.05000E+00  1.26818E+03
  1.06000E+00  1.26966E+03
  1.07000E+00  1.27111E+03
  1.08000E+00  1.27255E+03
  1.09000E+00  1.27398E+03
  1.10000E+00  1.27539E+03
  1.11000E+00  1.27679E+03
  1.12000E+00  1.27817E+03
  1.13000E+00  1.27954E+03
  1.14000E+00  1.28089E+03
  1.15000E+00  1.28223E+03
  1.16000E+00  1.28356E+03
  1.17000E+00  1.28487E+03
  1.18000E+00  1.28617E+03
  1.19000E+00  1.28746E+03
  1.20000E+00  1.28873E+03
  1.21000E+00  1.28999E+03
  1.22000E+00  1.29124E+03
  1.23000E+00  1.29248E+03
  1.24000E+00  1.29370E+03
  1.25000E+00  1.29491E+03
  1.26000E+00  1.29611E+03
  1.27000E+00  1.29730E+03
  1.28000E+00  1.29848E+03
  1.29000E+00  1.29965E+03
  1.30000E+00  1.30080E+03
  1.31000E+00  1.30195E+03
  1.32000E+00  1.30309E+03
  1.33000E+00  1.30421E+03
  1.34000E+00  1.30533E+03
  1.35000E+00  1.30643E+03
  1.36000E+00  1.30753E+03
  1.37000E+00  1.30862E+03
  1.38000E+00  1.30969E+03
  1.39000E+00  1.31076E+03
  1.40000E+00  1.31182E+03
  1.41000E+00  1.31286E+03
  1.42000E+00  1.31390E+03
  1.43000E+00  1.31493E+03
  1.44000E+00  1.31595E+03
  1.45000E+00  1.31696E+03
  1.46000E+00  1.31796E+03
  1.47000E+00  1.31896E+03
  1.48000E+00  1.31994E+03
  1.49000E+00  1.32092E+03
  1.50000E+00  1.32189E+03
  1.51000E+00  1.32285E+03
  1.52000E+00  1.32381E+03
  1.53000E+00  1.32475E+03
  1.54000E+00  1.32569E+03
  1.55000E+00  1.32662E+03
  1.56000E+00  1.32755E+03
  1.57000E+00  1.32846E+03
  1.58000E+00  1.32937E+03
  1.59000E+00  1.33027E+03
  1.60000E+00  1.33117E+03
  1.61000E+00  1.33206E+03
  1.62000E+00  1.33294E+03
  1.63000E+00  1.33381E+03
  1.64000E+00  1.33467E+03
  1.65000E+00  1.33553E+03
  1.66000E+00  1.33638E+03
  1.67000E+00  1.33723E+03
  1.68000E+00  1.33807E+03
  1.69000E+00  1.33890E+03
  1.70000E+00  1.33973E+03
  1.71000E+00  1.34054E+03
  1.72000E+00  1.34136E+03
  1.73000E+00  1.34216E+03
  1.74000E+00  1.34297E+03
  1.75000E+00  1.34376E+03
  1.76000E+00  1.34455E+03
  1.77000E+00  1.34534E+03
  1.78000E+00  1.34612E+03
  1.79000E+00  1.34689E+03
  1.80000E+00  1.34766E+03
  1.81000E+00  1.34842E+03
  1.82000E+00  1.34917E+03
  1.83000E+00  1.34993E+03
  1.84000E+00  1.35067E+03
  1.85000E+00  1.35141E+03
  1.86000E+00  1.35214E+03
  1.87000E+00  1.35287E+03
  1.88000E+00  1.35359E+03
  1.89000E+00  1.35431E+03
  1.90000E+00  1.35503E+03
  1.91000E+00  1.35573E+03
  1.92000E+00  1.35644E+03
  1.93000E+00  1.35713E+03
  1.94000E+00  1.35783E+03
  1.95000E+00  1.35852E+03
  1.96000E+00  1.35920E+03
  1.97000E+00  1.35988E+03
  1.98000E+00  1.36055E+03
  1.99000E+00  1.36122E+03
  2.00000E+00  1.36189E+03
  2.01000E+00  1.36255E+03
  2.02000E+00  1.36321E+03
  2.03000E+00  1.36386E+03
  2.04000E+00  1.36451E+03
  2.05000E+00  1.36515E+03
  2.06000E+00  1.36579E+03
  2.07000E+00  1.36643E+03
  2.08000E+00  1.36706E+03
  2.09000E+00  1.36768E+03
  2.10000E+00  1.36831E+03
  2.11000E+00  1.36893E+03
  2.12000E+00  1.36954E+03
  2.13000E+00  1.37015E+03
  2.14000E+00  1.37076E+03
  2.15000E+00  1.37136E+03
  2.16000E+00  1.37196E+03
  2.17000E+00  1.37256E+03
  2.18000E+00  1.37315E+03
  2.19000E+00  1.37374E+03
  2.20000E+00  1.37432E+03
  2.21000E+00  1.37490E+03
  2.22000E+00  1.37548E+03
  2.23000E+00  1.37605E+03
  2.24000E+00  1.37662E+03
  2.25000E+00  1.37718E+03
  2.26000E+00  1.37775E+03
  2.27000E+00  1.37831E+03
  2.28000E+00  1.37886E+03
  2.29000E+00  1.37941E+03
  2.30000E+00  1.37996E+03
  2.31000E+00  1.38051E+03
  2.32000E+00  1.38105E+03
  2.33000E+00  1.38159E+03
  2.34000E+00  1.38213E+03
  2.35000E+00  1.38266E+03
  2.36000E+00  1.38319E+03
  2.37000E+00  1.38372E+03
  2.38000E+00  1.38424E+03
  2.39000E+00  1.38476E+03
  2.40000E+00  1.38528E+03
  2.41000E+00  1.38579E+03
  2.42000E+00  1.38630E+03
  2.43000E+00  1.38681E+03
  2.44000E+00  1.38731E+03
  2.45000E+00  1.38782E+03
  2.46000E+00  1.38832E+03
  2.47000E+00  1.38881E+03
  2.48000E+00  1.38931E+03
  2.49000E+00  1.38979E+03
  2.50000E+00  1.39028E+03
  2.51000E+00  1.39076E+03
  2.52000E+00  1.39124E+03
  2.53000E+00  1.39172E+03
  2.54000E+00  1.39220E+03
  2.55000E+00  1.39267E+03
  2.56000E+00  1.39314E+03
  2.57000E+00  1.39361E+03
  2.58000E+00  1.39407E+03
  2.59000E+00  1.39454E+03
  2.60000E+00  1.39500E+03
  2.61000E+00  1.39546E+03
  2.62000E+00  1.39591E+03
  2.63000E+00  1.39636E+03
  2.64000E+00  1.39681E+03
  2.65000E+00  1.39726E+03
  2.66000E+00  1.39771E+03
  2.67000E+00  1.39815E+03
  2.68000E+00  1.39859E+03
  2.69000E+00  1.39903E+03
  2.70000E+00  1.39947E+03
  2.71000E+00  1.39990E+03
  2.72000E+00  1.40033E+03
  2.73000E+00  1.40076E+03
  2.74000E+00  1.40119E+03
  2.75000E+00  1.40162E+03
  2.76000E+00  1.40204E+03
  2.77000E+00  1.40246E+03
  2.78000E+00  1.40288E+03
  2.79000E+00  1.40330E+03
  2.80000E+00  1.40371E+03
  2.81000E+00  1.40412E+03
  2.82000E+00  1.40454E+03
  2.83000E+00  1.40494E+03
  2.84000E+00  1.40535E+03
  2.85000E+00  1.40575E+03
  2.86000E+00  1.40616E+03
  2.87000E+00  1.40656E+03
  2.88000E+00  1.40696E+03
  2.89000E+00  1.40735E+03
  2.90000E+00  1.40775E+03
  2.91000E+00  1.40814E+03
  2.92000E+00  1.40853E+03
  2.93000E+00  1.40892E+03
  2.94000E+00  1.40930E+03
  2.95000E+00  1.40969E+03
  2.96000E+00  1.41007E+03
  2.97000E+00  1.41045E+03
  2.98000E+00  1.41083E+03
  2.99000E+00  1.41120E+03
  3.00000E+00  1.41158E+03
  3.01000E+00  1.41195E+03
  3.02000E+00  1.41232E+03
  3.03000E+00  1.41269E+03
  3.04000E+00  1.41306E+03
  3.05000E+00  1.41343E+03
  3.06000E+00  1.41379E+03
  3.07000E+00  1.41415E+03
  3.08000E+00  1.41452E+03
  3.09000E+00  1.41487E+03
  3.10000E+00  1.41523E+03
  3.11000E+00  1.41559E+03
  3.12000E+00  1.41594E+03
  3.13000E+00  1.41629E+03
  3.14000E+00  1.41664E+03
  3.15000E+00  1.41699E+03
  3.16000E+00  1.41734E+03
  3.17000E+00  1.41769E+03
  3.18000E+00  1.41803E+03
  3.19000E+00  1.41837E+03
  3.20000E+00  1.41871E+03
  3.21000E+00  1.41905E+03
  3.22000E+00  1.41939E+03
  3.23000E+00  1.41973E+03
  3.24000E+00  1.42006E+03
  3.25000E+00  1.42040E+03
  3.26000E+00  1.42073E+03
  3.27000E+00  1.42106E+03
  3.28000E+00  1.42139E+03
  3.29000E+00  1.42171E+03
  3.30000E+00  1.42204E+03
  3.31000E+00  1.42236E+03
  3.32000E+00  1.42269E+03
  3.33000E+00  1.42301E+03
  3.34000E+00  1.42333E+03
  3.35000E+00  1.42365E+03
  3.36000E+00  1.42396E+03
  3.37000E+00  1.42428E+03
  3.38000E+00  1.42459E+03
  3.39000E+00  1.42491E+03
  3.40000E+00  1.42522E+03
  3.41000E+00  1.42553E+03
  3.42000E+00  1.42584E+03
  3.43000E+00  1.42614E+03
  3.44000E+00  1.42645E+03
  3.45000E+00  1.42675E+03
  3.46000E+00  1.42706E+03
  3.47000E+00  1.42736E+03
  3.48000E+00  1.42766E+03
  3.49000E+00  1.42796E+03
  3.50000E+00  1.42826E+03
  3.51000E+00  1.42856E+03
  3.52000E+00  1.42885E+03
  3.53000E+00  1.42915E+03
  3.54000E+00  1.42944E+03
  3.55000E+00  1.42973E+03
  3.56000E+00  1.43002E+03
  3.57000E+00  1.43031E+03
  3.58000E+00  1.43060E+03
  3.59000E+00  1.43089E+03
  3.60000E+00  1.43117E+03
  3.61000E+00  1.43146E+03
  3.62000E+00  1.43174E+03
  3.63000E+00  1.43202E+03
  3.64000E+00  1.43230E+03
  3.65000E+00  1.43258E+03
  3.66000E+00  1.43286E+03
  3.67000E+00  1.43314E+03
  3.68000E+00  1.43341E+03
  3.69000E+00  1.43369E+03
  3.70000E+00  1.43396E+03
  3.71000E+00  1.43424E+03
  3.72000E+00  1.43451E+03
  3.73000E+00  1.43478E+03
  3.74000E+00  1.43505E+03
  3.75000E+00  1.43532E+03
  3.76000E+00  1.43558E+03
  3.77000E+00  1.43585E+03
  3.78000E+00  1.43612E+03
  3.79000E+00  1.43638E+03
  3.80000E+00  1.43664E+03
  3.81000E+00  1.43690E+03
  3.82000E+00  1.43717E+03
  3.83000E+00  1.43743E+03
  3.84000E+00  1.43769E+03
  3.85000E+00  1.43794E+03
  3.86000E+00  1.43820E+03
  3.87000E+00  1.43846E+03
  3.88000E+00  1.43871E+03
  3.89000E+00  1.43897E+03
  3.90000E+00  1.43922E+03
  3.91000E+00  1.43947E+03
  3.92000E+00  1.43972E+03
  3.93000E+00  1.43997E+03
  3.94000E+00  1.44022E+03
  3.95000E+00  1.44047E+03
  3.96000E+00  1.44072E+03
  3.97000E+00  1.44097E+03
  3.98000E+00  1.44121E+03
  3.99000E+00  1.44146E+03
  4.00000E+00  1.44170E+03
  4.01000E+00  1.44194E+03
  4.02000E+00  1.44219E+03
  4.03000E+00  1.44243E+03
  4.04000E+00  1.44267E+03
  4.05000E+00  1.44291E+03
  4.06000E+00  1.44315E+03
  4.07000E+00  1.44338E+03
  4.08000E+00  1.44362E+03
  4.09000E+00  1.44386E+03
  4.10000E+00  1.44409E+03
  4.11000E+00  1.44433E+03
  4.12000E+00  1.44456E+03
  4.13000E+00  1.44479E+03
  4.14000E+00  1.44502E+03
  4.15000E+00  1.44525E+03
  4.16000E+00  1.44548E+03
  4.17000E+00  1.44571E+03
  4.18000E+00  1.44594E+03
  4.19000E+00  1.44617E+03
  4.20000E+00  1.44639E+03
  4.21000E+00  1.44662E+03
  4.22000E+00  1.44684E+03
  4.23000E+00  1.44706E+03
  4.24000E+00  1.44729E+03
  4.25000E+00  1.44751E+03
  4.26000E+00  1.44773E+03
  4.27000E+00  1.44795E+03
  4.28000E+00  1.44817E+03
  4.29000E+00  1.44839E+03
  4.30000E+00  1.44861E+03
  4.31000E+00  1.44882E+03
  4.32000E+00  1.44904E+03
  4.33000E+00  1.44926E+03
  4.34000E+00  1.44947E+03
  4.35000E+00  1.44969E+03
  4.36000E+00  1.44990E+03
  4.37000E+00  1.45011E+03
  4.38000E+00  1.45032E+03
  4.39000E+00  1.45054E+03
  4.40000E+00  1.45075E+03
  4.41000E+00  1.45096E+03
  4.42000E+00  1.45116E+03
  4.43000E+00  1.45137E+03
  4.44000E+00  1.45158E+03
  4.45000E+00  1.45179E+03
  4.46000E+00  1.45199E+03
  4.47000E+00  1.45220E+03
  4.48000E+00  1.45240E+03
  4.49000E+00  1.45261E+03
  4.50000E+00  1.45281E+03
  4.51000E+00  1.45301E+03
  4.52000E+00  1.45322E+03
  4.53000E+00  1.45342E+03
  4.54000E+00  1.45362E+03
  4.55000E+00  1.45382E+03
  4.56000E+00  1.45402E+03
  4.57000E+00  1.45422E+03
  4.58000E+00  1.45441E+03
  4.59000E+00  1.45461E+03
  4.60000E+00  1.45481E+03
  4.61000E+00  1.45500E+03
  4.62000E+00  1.45520E+03
  4.63000E+00  1.45539E+03
  4.64000E+00  1.45559E+03
  4.65000E+00  1.45578E+03
  4.66000E+00  1.45598E+03
  4.67000E+00  1.45617E+03
  4.68000E+00  1.45636E+03
  4.69000E+00  1.45655E+03
  4.70000E+00  1.45674E+03
  4.71000E+00  1.45693E+03
  4.72000E+00  1.45712E+03
  4.73000E+00  1.45731E+03
  4.74000E+00  1.45750E+03
  4.75000E+00  1.45768E+03
  4.76000E+00  1.45787E+03
  4.77000E+00  1.45806E+03
  4.78000E+00  1.45824E+03
  4.79000E+00  1.45843E+03
  4.80000E+00  1.45861E+03
  4.81000E+00  1.45879E+03
  4.82000E+00  1.45898E+03
  4.83000E+00  1.45916E+03
  4.84000E+00  1.45934E+03
  4.85000E+00  1.45952E+03
  4.86000E+00  1.45970E+03
  4.87000E+00  1.45988E+03
  4.88000E+00  1.46006E+03
  4.89000E+00  1.46024E+03
  4.90000E+00  1.46042E+03
  4.91000E+00  1.46060E+03
  4.92000E+00  1.46078E+03
  4.93000E+00  1.46095E+03
  4.94000E+00  1.46113E+03
  4.95000E+00  1.46130E+03
  4.96000E+00  1.46148E+03
  4.97000E+00  1.46165E+03
  4.98000E+00  1.46183E+03
  4.99000E+00  1.46200E+03
  5.00000E+00  1.46217E+03
  5.01000E+00  1.46235E+03
  5.02000E+00  1.46252E+03
  5.03000E+00  1.46269E+03
  5.04000E+00  1.46286E+03
  5.05000E+00  1.46303E+03
  5.06000E+00  1.46320E+03
  5.07000E+00  1.46337E+03
  5.08000E+00  1.46354E+03
  5.09000E+00  1.46370E+03
  5.10000E+00  1.46387E+03
  5.11000E+00  1.46404E+03
  5.12000E+00  1.46421E+03
  5.13000E+00  1.46437E+03
  5.14000E+00  1.46454E+03
  5.15000E+00  1.46470E+03
  5.16000E+00  1.46487E+03
  5.17000E+00  1.46503E+03
  5.18000E+00  1.46519E+03
  5.19000E+00  1.46536E+03
  5.20000E+00  1.46552E+03
  5.21000E+00  1.46568E+03
  5.22000E+00  1.46584E+03
  5.23000E+00  1.46600E+03
  5.24000E+00  1.46616E+03
  5.25000E+00  1.46632E+03
  5.26000E+00  1.46648E+03
  5.27000E+00  1.46664E+03
  5.28000E+00  1.46680E+03
  5.29000E+00  1.46696E+03
  5.30000E+00  1.46711E+03
  5.31000E+00  1.46727E+03
  5.32000E+00  1.46743E+03
  5.33000E+00  1.46758E+03
  5.34000E+00  1.46774E+03
  5.35000E+00  1.46789E+03
  5.36000E+00  1.46805E+03
  5.37000E+00  1.46820E+03
  5.38000E+00  1.46836E+03
  5.39000E+00  1.46851E+03
  5.40000E+00  1.46866E+03
  5.41000E+00  1.46882E+03
  5.42000E+00  1.46897E+03
  5.43000E+00  1.46912E+03
  5.44000E+00  1.46927E+03
  5.45000E+00  1.46942E+03
  5.46000E+00  1.46957E+03
  5.47000E+00  1.46972E+03
  5.48000E+00  1.46987E+03
  5.49000E+00  1.47002E+03
  5.50000E+00  1.47017E+03
  5.51000E+00  1.47032E+03
  5.52000E+00  1.47047E+03
  5.53000E+00  1.47062E+03
  5.54000E+00  1.47076E+03
  5.55000E+00  1.47091E+03
  5.56000E+00  1.47106E+03
  5.57000E+00  1.47120E+03
  5.58000E+00  1.47135E+03
  5.59000E+00  1.47149E+03
  5.60000E+00  1.47164E+03
  5.61000E+00  1.47178E+03
  5.62000E+00  1.47193E+03
  5.63000E+00  1.47207E+03
  5.64000E+00  1.47221E+03
  5.65000E+00  1.47236E+03
  5.66000E+00  1.47250E+03
  5.67000E+00  1.47264E+03
  5.68000E+00  1.47278E+03
  5.69000E+00  1.47292E+03
  5.70000E+00  1.47306E+03
  5.71000E+00  1.47320E+03
  5.72000E+00  1.47334E+03
  5.73000E+00  1.47348E+03
  5.74000E+00  1.47362E+03
  5.75000E+00  1.47376E+03
  5.76000E+00  1.47390E+03
  5.77000E+00  1.47404E+03
  5.78000E+00  1.47417E+03
  5.79000E+00  1.47431E+03
  5.80000E+00  1.47445E+03
  5.81000E+00  1.47458E+03
  5.82000E+00  1.47472E+03
  5.83000E+00  1.47485E+03
  5.84000E+00  1.47499E+03
  5.85000E+00  1.47512E+03
  5.86000E+00  1.47526E+03
  5.87000E+00  1.47539E+03
  5.88000E+00  1.47553E+03
  5.89000E+00  1.47566E+03
  5.90000E+00  1.47579E+03
  5.91000E+00  1.47592E+03
  5.92000E+00  1.47606E+03
  5.93000E+00  1.47619E+03
  5.94000E+00  1.47632E+03
  5.95000E+00  1.47645E+03
  5.96000E+00  1.47658E+03
  5.97000E+00  1.47671E+03
  5.98000E+00  1.47684E+03
  5.99000E+00  1.47697E+03
  6.00000E+00  1.47710E+03
  6.01000E+00  1.47723E+03
  6.02000E+00  1.47736E+03
  6.03000E+00  1.47749E+03
  6.04000E+00  1.47761E+03
  6.05000E+00  1.47774E+03
  6.06000E+00  1.47787E+03
  6.07000E+00  1.47800E+03
  6.08000E+00  1.47812E+03
  6.09000E+00  1.47825E+03
  6.10000E+00  1.47838E+03
  6.11000E+00  1.47850E+03
  6.12000E+00  1.47863E+03
  6.13000E+00  1.47875E+03
  6.14000E+00  1.47888E+03
  6.15000E+00  1.47900E+03
  6.16000E+00  1.47912E+03
  6.17000E+00  1.47925E+03
  6.18000E+00  1.47937E+03
  6.19000E+00  1.47949E+03
  6.20000E+00  1.47962E+03
  6.21000E+00  1.47974E+03
  6.22000E+00  1.47986E+03
  6.23000E+00  1.47998E+03
  6.24000E+00  1.48011E+03
  6.25000E+00  1.48023E+03
  6.26000E+00  1.48035E+03
  6.27000E+00  1.48047E+03
  6.28000E+00  1.48059E+03
  6.29000E+00  1.48071E+03
  6.30000E+00  1.48083E+03
  6.31000E+00  1.48095E+03
  6.32000E+00  1.48107E+03
  6.33000E+00  1.48119E+03
  6.34000E+00  1.48130E+03
  6.35000E+00  1.48142E+03
  6.36000E+00  1.48154E+03
  6.37000E+00  1.48166E+03
  6.38000E+00  1.48178E+03
  6.39000E+00  1.48189E+03
  6.40000E+00  1.48201E+03
  6.41000E+00  1.48213E+03
  6.42000E+00  1.48224E+03
  6.43000E+00  1.48236E+03
  6.44000E+00  1.48247E+03
  6.45000E+00  1.48259E+03
  6.46000E+00  1.48271E+03
  6.47000E+00  1.48282E+03
  6.48000E+00  1.48294E+03
  6.49000E+00  1.48305E+03
  6.50000E+00  1.48316E+03
  6.51000E+00  1.48328E+03
  6.52000E+00  1.48339E+03
  6.53000E+00  1.48351E+03
  6.54000E+00  1.48362E+03
  6.55000E+00  1.48373E+03
  6.56000E+00  1.48384E+03
  6.57000E+00  1.48396E+03
  6.58000E+00  1.48407E+03
  6.59000E+00  1.48418E+03
  6.60000E+00  1.48429E+03
  6.61000E+00  1.48440E+03
  6.62000E+00  1.48451E+03
  6.63000E+00  1.48462E+03
  6.64000E+00  1.48473E+03
  6.65000E+00  1.48484E+03
  6.66000E+00  1.48495E+03
  6.67000E+00  1.48506E+03
  6.68000E+00  1.48517E+03
  6.69000E+00  1.48528E+03
  6.70000E+00  1.48539E+03
  6.71000E+00  1.48550E+03
  6.72000E+00  1.48561E+03
  6.73000E+00  1.48572E+03
  6.74000E+00  1.48582E+03
  6.75000E+00  1.48593E+03
  6.76000E+00  1.48604E+03
  6.77000E+00  1.48615E+03
  6.78000E+00  1.48625E+03
  6.79000E+00  1.48636E+03
  6.80000E+00  1.48647E+03
  6.81000E+00  1.48657E+03
  6.82000E+00  1.48668E+03
  6.83000E+00  1.48678E+03
  6.84000E+00  1.48689E+03
  6.85000E+00  1.48699E+03
  6.86000E+00  1.48710E+03
  6.87000E+00  1.48720E+03
  6.88000E+00  1.48731E+03
  6.89000E+00  1.48741E+03
  6.90000E+00  1.48751E+03
  6.91000E+00  1.48762E+03
  6.92000E+00  1.48772E+03
  6.93000E+00  1.48782E+03
  6.94000E+00  1.48793E+03
  6.95000E+00  1.48803E+03
  6.96000E+00  1.48813E+03
  6.97000E+00  1.48823E+03
  6.98000E+00  1.48834E+03
  6.99000E+00  1.48844E+03
  7.00000E+00  1.48854E+03
  7.01000E+00  1.48864E+03
  7.02000E+00  1.48874E+03
  7.03000E+00  1.48884E+03
  7.04000E+00  1.48894E+03
  7.05000E+00  1.48904E+03
  7.06000E+00  1.48914E+03
  7.07000E+00  1.48924E+03
  7.08000E+00  1.48934E+03
  7.09000E+00  1.48944E+03
  7.10000E+00  1.48954E+03
  7.11000E+00  1.48964E+03
  7.12000E+00  1.48974E+03
  7.13000E+00  1.48983E+03
  7.14000E+00  1.48993E+03
  7.15000E+00  1.49003E+03
  7.16000E+00  1.49013E+03
  7.17000E+00  1.49023E+03
  7.18000E+00  1.49032E+03
  7.19000E+00  1.49042E+03
  7.20000E+00  1.49052E+03
  7.21000E+00  1.49061E+03
  7.22000E+00  1.49071E+03
  7.23000E+00  1.49081E+03
  7.24000E+00  1.49090E+03
  7.25000E+00  1.49100E+03
  7.26000E+00  1.49109E+03
  7.27000E+00  1.49119E+03
  7.28000E+00  1.49128E+03
  7.29000E+00  1.49138E+03
  7.30000E+00  1.49147E+03
  7.31000E+00  1.49157E+03
  7.32000E+00  1.49166E+03
  7.33000E+00  1.49176E+03
  7.34000E+00  1.49185E+03
  7.35000E+00  1.49194E+03
  7.36000E+00  1.49204E+03
  7.37000E+00  1.49213E+03
  7.38000E+00  1.49222E+03
  7.39000E+00  1.49232E+03
  7.40000E+00  1.49241E+03
  7.41000E+00  1.49250E+03
  7.42000E+00  1.49259E+03
  7.43000E+00  1.49269E+03
  7.44000E+00  1.49278E+03
  7.45000E+00  1.49287E+03
  7.46000E+00  1.49296E+03
  7.47000E+00  1.49305E+03
  7.48000E+00  1.49314E+03
  7.49000E+00  1.49323E+03
  7.50000E+00  1.49332E+03
  7.51000E+00  1.49342E+03
  7.52000E+00  1.49351E+03
  7.53000E+00  1.49360E+03
  7.54000E+00  1.49369E+03
  7.55000E+00  1.49378E+03
  7.56000E+00  1.49387E+03
  7.57000E+00  1.49395E+03
  7.58000E+00  1.49404E+03
  7.59000E+00  1.49413E+03
  7.60000E+00  1.49422E+03
  7.61000E+00  1.49431E+03
  7.62000E+00  1.49440E+03
  7.63000E+00  1.49449E+03
  7.64000E+00  1.49458E+03
  7.65000E+00  1.49466E+03
  7.66000E+00  1.49475E+03
  7.67000E+00  1.49484E+03
  7.68000E+00  1.49493E+03
  7.69000E+00  1.49501E+03
  7.70000E+00  1.49510E+03
  7.71000E+00  1.49519E+03
  7.72000E+00  1.49527E+03
  7.73000E+00  1.49536E+03
  7.74000E+00  1.49545E+03
  7.75000E+00  1.49553E+03
  7.76000E+00  1.49562E+03
  7.77000E+00  1.49570E+03
  7.78000E+00  1.49579E+03
  7.79000E+00  1.49588E+03
  7.80000E+00  1.49596E+03
  7.81000E+00  1.49605E+03
  7.82000E+00  1.49613E+03
  7.83000E+00  1.49622E+03
  7.84000E+00  1.49630E+03
  7.85000E+00  1.49638E+03
  7.86000E+00  1.49647E+03
  7.87000E+00  1.49655E+03
  7.88000E+00  1.49664E+03
  7.89000E+00  1.49672E+03
  7.90000E+00  1.49680E+03
  7.91000E+00  1.49689E+03
  7.92000E+00  1.49697E+03
  7.93000E+00  1.49705E+03
  7.94000E+00  1.49714E+03
  7.95000E+00  1.49722E+03
  7.96000E+00  1.49730E+03
  7.97000E+00  1.49738E+03
  7.98000E+00  1.49747E+03
  7.99000E+00  1.49755E+03
  8.00000E+00  1.49763E+03
  8.01000E+00  1.49771E+03
  8.02000E+00  1.49779E+03
  8.03000E+00  1.49787E+03
  8.04000E+00  1.49795E+03
  8.05000E+00  1.49804E+03
  8.06000E+00  1.49812E+03
  8.07000E+00  1.49820E+03
  8.08000E+00  1.49828E+03
  8.09000E+00  1.49836E+03
  8.10000E+00  1.49844E+03
  8.11000E+00  1.49852E+03
  8.12000E+00  1.49860E+03
  8.13000E+00  1.49868E+03
  8.14000E+00  1.49876E+03
  8.15000E+00  1.49884E+03
  8.16000E+00  1.49892E+03
  8.17000E+00  1.49899E+03
  8.18000E+00  1.49907E+03
  8.19000E+00  1.49915E+03
  8.20000E+00  1.49923E+03
  8.21000E+00  1.49931E+03
  8.22000E+00  1.49939E+03
  8.23000E+00  1.49947E+03
  8.24000E+00  1.49954E+03
  8.25000E+00  1.49962E+03
  8.26000E+00  1.49970E+03
  8.27000E+00  1.49978E+03
  8.28000E+00  1.49985E+03
  8.29000E+00  1.49993E+03
  8.30000E+00  1.50001E+03
  8.31000E+00  1.50009E+03
  8.32000E+00  1.50016E+03
  8.33000E+00  1.50024E+03
  8.34000E+00  1.50032E+03
  8.35000E+00  1.50039E+03
  8.36000E+00  1.50047E+03
  8.37000E+00  1.50054E+03
  8.38000E+00  1.50062E+03
  8.39000E+00  1.50070E+03
  8.40000E+00  1.50077E+03
  8.41000E+00  1.50085E+03
  8.42000E+00  1.50092E+03
  8.43000E+00  1.50100E+03
  8.44000E+00  1.50107E+03
  8.45000E+00  1.50115E+03
  8.46000E+00  1.50122E+03
  8.47000E+00  1.50130E+03
  8.48000E+00  1.50137E+03
  8.49000E+00  1.50145E+03
  8.50000E+00  1.50152E+03
  8.51000E+00  1.50159E+03
  8.52000E+00  1.50167E+03
  8.53000E+00  1.50174E+03
  8.54000E+00  1.50182E+03
  8.55000E+00  1.50189E+03
  8.56000E+00  1.50196E+03
  8.57000E+00  1.50204E+03
  8.58000E+00  1.50211E+03
  8.59000E+00  1.50218E+03
  8.60000E+00  1.50225E+03
  8.61000E+00  1.50233E+03
  8.62000E+00  1.50240E+03
  8.63000E+00  1.50247E+03
  8.64000E+00  1.50254E+03
  8.65000E+00  1.50262E+03
  8.66000E+00  1.50269E+03
  8.67000E+00  1.50276E+03
  8.68000E+00  1.50283E+03
  8.69000E+00  1.50290E+03
  8.70000E+00  1.50297E+03
  8.71000E+00  1.50305E+03
  8.72000E+00  1.50312E+03
  8.73000E+00  1.50319E+03
  8.74000E+00  1.50326E+03
  8.75000E+00  1.50333E+03
  8.76000E+00  1.50340E+03
  8.77000E+00  1.50347E+03
  8.78000E+00  1.50354E+03
  8.79000E+00  1.50361E+03
  8.80000E+00  1.50368E+03
  8.81000E+00  1.50375E+03
  8.82000E+00  1.50382E+03
  8.83000E+00  1.50389E+03
  8.84000E+00  1.50396E+03
  8.85000E+00  1.50403E+03
  8.86000E+00  1.50410E+03
  8.87000E+00  1.50417E+03
  8.88000E+00  1.50424E+03
  8.89000E+00  1.50431E+03
  8.90000E+00  1.50438E+03
  8.91000E+00  1.50445E+03
  8.92000E+00  1.50451E+03
  8.93000E+00  1.50458E+03
  8.94000E+00  1.50465E+03
  8.95000E+00  1.50472E+03
  8.96000E+00  1.50479E+03
  8.97000E+00  1.50486E+03
  8.98000E+00  1.50492E+03
  8.99000E+00  1.50499E+03
  9.00000E+00  1.50506E+03
  9.01000E+00  1.50513E+03
  9.02000E+00  1.50519E+03
  9.03000E+00  1.50526E+03
  9.04000E+00  1.50533E+03
  9.05000E+00  1.50540E+03
  9.06000E+00  1.50546E+03
  9.07000E+00  1.50553E+03
  9.08000E+00  1.50560E+03
  9.09000E+00  1.50566E+03
  9.10000E+00  1.50573E+03
  9.11000E+00  1.50580E+03
  9.12000E+00  1.50586E+03
  9.13000E+00  1.50593E+03
  9.14000E+00  1.50599E+03
  9.15000E+00  1.50606E+03
  9.16000E+00  1.50613E+03
  9.17000E+00  1.50619E+03
  9.18000E+00  1.50626E+03
  9.19000E+00  1.50632E+03
  9.20000E+00  1.50639E+03
  9.21000E+00  1.50645E+03
  9.22000E+00  1.50652E+03
  9.23000E+00  1.50658E+03
  9.24000E+00  1.50665E+03
  9.25000E+00  1.50671E+03
  9.26000E+00  1.50678E+03
  9.27000E+00  1.50684E+03
  9.28000E+00  1.50691E+03
  9.29000E+00  1.50697E+03
  9.30000E+00  1.50703E+03
  9.31000E+00  1.50710E+03
  9.32000E+00  1.50716E+03
  9.33000E+00  1.50723E+03
  9.34000E+00  1.50729E+03
  9.35000E+00  1.50735E+03
  9.36000E+00  1.50742E+03
  9.37000E+00  1.50748E+03
  9.38000E+00  1.50754E+03
  9.39000E+00  1.50761E+03
  9.40000E+00  1.50767E+03
  9.41000E+00  1.50773E+03
  9.42000E+00  1.50779E+03
  9.43000E+00  1.50786E+03
  9.44000E+00  1.50792E+03
  9.45000E+00  1.50798E+03
  9.46000E+00  1.50804E+03
  9.47000E+00  1.50811E+03
  9.48000E+00  1.50817E+03
  9.49000E+00  1.50823E+03
  9.50000E+00  1.50829E+03
  9.51000E+00  1.50835E+03
  9.52000E+00  1.50842E+03
  9.53000E+00  1.50848E+03
  9.54000E+00  1.50854E+03
  9.55000E+00  1.50860E+03
  9.56000E+00  1.50866E+03
  9.57000E+00  1.50872E+03
  9.58000E+00  1.50878E+03
  9.59000E+00  1.50884E+03
  9.60000E+00  1.50891E+03
  9.61000E+00  1.50897E+03
  9.62000E+00  1.50903E+03
  9.63000E+00  1.50909E+03
  9.64000E+00  1.50915E+03
  9.65000E+00  1.50921E+03
  9.66000E+00  1.50927E+03
  9.67000E+00  1.50933E+03
  9.68000E+00  1.50939E+03
  9.69000E+00  1.50945E+03
  9.70000E+00  1.50951E+03
  9.71000E+00  1.50957E+03
  9.72000E+00  1.50963E+03
  9.73000E+00  1.50968E+03
  9.74000E+00  1.50974E+03
  9.75000E+00  1.50980E+03
  9.76000E+00  1.50986E+03
  9.77000E+00  1.50992E+03
  9.78000E+00  1.50998E+03
  9.79000E+00  1.51004E+03
  9.80000E+00  1.51010E+03
  9.81000E+00  1.51016E+03
  9.82000E+00  1.51021E+03
  9.83000E+00  1.51027E+03
  9.84000E+00  1.51033E+03
  9.85000E+00  1.51039E+03
  9.86000E+00  1.51045E+03
  9.87000E+00  1.51051E+03
  9.88000E+00  1.51056E+03
  9.89000E+00  1.51062E+03
  9.90000E+00  1.51068E+03
  9.91000E+00  1.51074E+03
  9.92000E+00  1.51079E+03
  9.93000E+00  1.51085E+03
  9.94000E+00  1.51091E+03
  9.95000E+00  1.51097E+03
  9.96000E+00  1.51102E+03
  9.97000E+00  1.51108E+03
  9.98000E+00  1.51114E+03
  9.99000E+00  1.51119E+03
  1.00000E+01  1.51125E+03
  1.00100E+01  1.51131E+03
  1.00200E+01  1.51137E+03
  1.00300E+01  1.51142E+03
  1.00400E+01  1.51148E+03
  1.00500E+01  1.51153E+03
  1.00600E+01  1.51159E+03
  1.00700E+01  1.51165E+03
  1.00800E+01  1.51170E+03
  1.00900E+01  1.51176E+03
  1.01000E+01  1.51181E+03
  1.01100E+01  1.51187E+03
  1.01200E+01  1.51193E+03
  1.01300E+01  1.51198E+03
  1.01400E+01  1.51204E+03
  1.01500E+01  1.51209E+03
  1.01600E+01  1.51215E+03
  1.01700E+01  1.51220E+03
  1.01800E+01  1.51226E+03
  1.01900E+01  1.51231E+03
  1.02000E+01  1.51237E+03
  1.02100E+01  1.51242E+03
  1.02200E+01  1.51248E+03
  1.02300E+01  1.51253E+03
  1.02400E+01  1.51259E+03
  1.02500E+01  1.51264E+03
  1.02600E+01  1.51270E+03
  1.02700E+01  1.51275E+03
  1.02800E+01  1.51281E+03
  1.02900E+01  1.51286E+03
  1.03000E+01  1.51291E+03
  1.03100E+01  1.51297E+03
  1.03200E+01  1.51302E+03
  1.03300E+01  1.51308E+03
  1.03400E+01  1.51313E+03
  1.03500E+01  1.51318E+03
  1.03600E+01  1.51324E+03
  1.03700E+01  1.51329E+03
  1.03800E+01  1.51334E+03
  1.03900E+01  1.51340E+03
  1.04000E+01  1.51345E+03
  1.04100E+01  1.51350E+03
  1.04200E+01  1.51356E+03
  1.04300E+01  1.51361E+03
  1.04400E+01  1.51366E+03
  1.04500E+01  1.51372E+03
  1.04600E+01  1.51377E+03
  1.04700E+01  1.51382E+03
  1.04800E+01  1.51387E+03
  1.04900E+01  1.51393E+03
  1.05000E+01  1.51398E+03
  1.05100E+01  1.51403E+03
  1.05200E+01  1.51408E+03
  1.05300E+01  1.51414E+03
  1.05400E+01  1.51419E+03
  1.05500E+01  1.51424E+03
  1.05600E+01  1.51429E+03
  1.05700E+01  1.51434E+03
  1.05800E+01  1.51440E+03
  1.05900E+01  1.51445E+03
  1.06000E+01  1.51450E+03
  1.06100E+01  1.51455E+03
  1.06200E+01  1.51460E+03
  1.06300E+01  1.51465E+03
  1.06400E+01  1.51470E+03
  1.06500E+01  1.51476E+03
  1.06600E+01  1.51481E+03
  1.06700E+01  1.51486E+03
  1.06800E+01  1.51491E+03
  1.06900E+01  1.51496E+03
  1.07000E+01  1.51501E+03
  1.07100E+01  1.51506E+03
  1.07200E+01  1.51511E+03
  1.07300E+01  1.51516E+03
  1.07400E+01  1.51521E+03
  1.07500E+01  1.51526E+03
  1.07600E+01  1.51531E+03
  1.07700E+01  1.51537E+03
  1.07800E+01  1.51542E+03
  1.07900E+01  1.51547E+03
  1.08000E+01  1.51552E+03
  1.08100E+01  1.51557E+03
  1.08200E+01  1.51562E+03
  1.08300E+01  1.51567E+03
  1.08400E+01  1.51572E+03
  1.08500E+01  1.51576E+03
  1.08600E+01  1.51581E+03
  1.08700E+01  1.51586E+03
  1.08800E+01  1.51591E+03
  1.08900E+01  1.51596E+03
  1.09000E+01  1.51601E+03
  1.09100E+01  1.51606E+03
  1.09200E+01  1.51611E+03
  1.09300E+01  1.51616E+03
  1.09400E+01  1.51621E+03
  1.09500E+01  1.51626E+03
  1.09600E+01  1.51631E+03
  1.09700E+01  1.51636E+03
  1.09800E+01  1.51640E+03
  1.09900E+01  1.51645E+03
  1.10000E+01  1.51650E+03
  1.10100E+01  1.51655E+03
  1.10200E+01  1.51660E+03
  1.10300E+01  1.51665E+03
  1.10400E+01  1.51670E+03
  1.10500E+01  1.51674E+03
  1.10600E+01  1.51679E+03
  1.10700E+01  1.51684E+03
  1.10800E+01  1.51689E+03
  1.10900E+01  1.51694E+03
  1.11000E+01  1.51698E+03
  1.11100E+01  1.51703E+03
  1.11200E+01  1.51708E+03
  1.11300E+01  1.51713E+03
  1.11400E+01  1.51717E+03
  1.11500E+01  1.51722E+03
  1.11600E+01  1.51727E+03
  1.11700E+01  1.51732E+03
  1.11800E+01  1.51736E+03
  1.11900E+01  1.51741E+03
  1.12000E+01  1.51746E+03
  1.12100E+01  1.51751E+03
  1.12200E+01  1.51755E+03
  1.12300E+01  1.51760E+03
  1.12400E+01  1.51765E+03
  1.12500E+01  1.51769E+03
  1.12600E+01  1.51774E+03
  1.12700E+01  1.51779E+03
  1.12800E+01  1.51783E+03
  1.12900E+01  1.51788E+03
  1.13000E+01  1.51793E+03
  1.13100E+01  1.51797E+03
  1.13200E+01  1.51802E+03
  1.13300E+01  1.51807E+03
  1.13400E+01  1.51811E+03
  1.13500E+01  1.51816E+03
  1.13600E+01  1.51820E+03
  1.13700E+01  1.51825E+03
  1.13800E+01  1.51830E+03
  1.13900E+01  1.51834E+03
  1.14000E+01  1.51839E+03
  1.14100E+01  1.51843E+03
  1.14200E+01  1.51848E+03
  1.14300E+01  1.51853E+03
  1.14400E+01  1.51857E+03
  1.14500E+01  1.51862E+03
  1.14600E+01  1.51866E+03
  1.14700E+01  1.51871E+03
  1.14800E+01  1.51875E+03
  1.14900E+01  1.51880E+03
  1.15000E+01  1.51884E+03
  1.15100E+01  1.51889E+03
  1.15200E+01  1.51893E+03
  1.15300E+01  1.51898E+03
  1.15400E+01  1.51902E+03
  1.15500E+01  1.51907E+03
  1.15600E+01  1.51911E+03
  1.15700E+01  1.51916E+03
  1.15800E+01  1.51920E+03
  1.15900E+01  1.51925E+03
  1.16000E+01  1.51929E+03
  1.16100E+01  1.51934E+03
  1.16200E+01  1.51938E+03
  1.16300E+01  1.51942E+03
  1.16400E+01  1.51947E+03
  1.16500E+01  1.51951E+03
  1.16600E+01  1.51956E+03
  1.16700E+01  1.51960E+03
  1.16800E+01  1.51965E+03
  1.16900E+01  1.51969E+03
  1.17000E+01  1.51973E+03
  1.17100E+01  1.51978E+03
  1.17200E+01  1.51982E+03
  1.17300E+01  1.51986E+03
  1.17400E+01  1.51991E+03
  1.17500E+01  1.51995E+03
  1.17600E+01  1.52000E+03
  1.17700E+01  1.52004E+03
  1.17800E+01  1.52008E+03
  1.17900E+01  1.52013E+03
  1.18000E+01  1.52017E+03
  1.18100E+01  1.52021E+03
  1.18200E+01  1.52026E+03
  1.18300E+01  1.52030E+03
  1.18400E+01  1.52034E+03
  1.18500E+01  1.52038E+03
  1.18600E+01  1.52043E+03
  1.18700E+01  1.52047E+03
  1.18800E+01  1.52051E+03
  1.18900E+01  1.52056E+03
  1.19000E+01  1.52060E+03
  1.19100E+01  1.52064E+03
  1.19200E+01  1.52068E+03
  1.19300E+01  1.52073E+03
  1.19400E+01  1.52077E+03
  1.19500E+01  1.52081E+03
  1.19600E+01  1.52085E+03
  1.19700E+01  1.52090E+03
  1.19800E+01  1.52094E+03
  1.19900E+01  1.52098E+03
  1.20000E+01  1.52102E+03
  1.20100E+01  1.52106E+03
  1.20200E+01  1.52111E+03
  1.20300E+01  1.52115E+03
  1.20400E+01  1.52119E+03
  1.20500E+01  1.52123E+03
  1.20600E+01  1.52127E+03
  1.20700E+01  1.52132E+03
  1.20800E+01  1.52136E+03
  1.20900E+01  1.52140E+03
  1.21000E+01  1.52144E+03
  1.21100E+01  1.52148E+03
  1.21200E+01  1.52152E+03
  1.21300E+01  1.52157E+03
  1.21400E+01  1.52161E+03
  1.21500E+01  1.52165E+03
  1.21600E+01  1.52169E+03
  1.21700E+01  1.52173E+03
  1.21800E+01  1.52177E+03
  1.21900E+01  1.52181E+03
  1.22000E+01  1.52185E+03
  1.22100E+01  1.52189E+03
  1.22200E+01  1.52194E+03
  1.22300E+01  1.52198E+03
  1.22400E+01  1.52202E+03
  1.22500E+01  1.52206E+03
  1.22600E+01  1.52210E+03
  1.22700E+01  1.52214E+03
  1.22800E+01  1.52218E+03
  1.22900E+01  1.52222E+03
  1.23000E+01  1.52226E+03
  1.23100E+01  1.52230E+03
  1.23200E+01  1.52234E+03
  1.23300E+01  1.52238E+03
  1.23400E+01  1.52242E+03
  1.23500E+01  1.52246E+03
  1.23600E+01  1.52250E+03
  1.23700E+01  1.52254E+03
  1.23800E+01  1.52258E+03
  1.23900E+01  1.52262E+03
  1.24000E+01  1.52266E+03
  1.24100E+01  1.52270E+03
  1.24200E+01  1.52274E+03
  1.24300E+01  1.52278E+03
  1.24400E+01  1.52282E+03
  1.24500E+01  1.52286E+03
  1.24600E+01  1.52290E+03
  1.24700E+01  1.52294E+03
  1.24800E+01  1.52298E+03
  1.24900E+01  1.52302E+03
  1.25000E+01  1.52306E+03
  1.25100E+01  1.52310E+03
  1.25200E+01  1.52314E+03
  1.25300E+01  1.52318E+03
  1.25400E+01  1.52321E+03
  1.25500E+01  1.52325E+03
  1.25600E+01  1.52329E+03
  1.25700E+01  1.52333E+03
  1.25800E+01  1.52337E+03
  1.25900E+01  1.52341E+03
  1.26000E+01  1.52345E+03
  1.26100E+01  1.52349E+03
  1.26200E+01  1.52353E+03
  1.26300E+01  1.52356E+03
  1.26400E+01  1.52360E+03
  1.26500E+01  1.52364E+03
  1.26600E+01  1.52368E+03
  1.26700E+01  1.52372E+03
  1.26800E+01  1.52376E+03
  1.26900E+01  1.52380E+03
  1.27000E+01  1.52383E+03
  1.27100E+01  1.52387E+03
  1.27200E+01  1.52391E+03
  1.27300E+01  1.52395E+03
  1.27400E+01  1.52399E+03
  1.27500E+01  1.52402E+03
  1.27600E+01  1.52406E+03
  1.27700E+01  1.52410E+03
  1.27800E+01  1.52414E+03
  1.27900E+01  1.52418E+03
  1.28000E+01  1.52421E+03
  1.28100E+01  1.52425E+03
  1.28200E+01  1.52429E+03
  1.28300E+01  1.52433E+03
  1.28400E+01  1.52437E+03
  1.28500E+01  1.52440E+03
  1.28600E+01  1.52444E+03
  1.28700E+01  1.52448E+03
  1.28800E+01  1.52452E+03
  1.28900E+01  1.52455E+03
  1.29000E+01  1.52459E+03
  1.29100E+01  1.52463E+03
  1.29200E+01  1.52466E+03
  1.29300E+01  1.52470E+03
  1.29400E+01  1.52474E+03
  1.29500E+01  1.52478E+03
  1.29600E+01  1.52481E+03
  1.29700E+01  1.52485E+03
  1.29800E+01  1.52489E+03
  1.29900E+01  1.52492E+03
  1.30000E+01  1.52496E+03
  1.30100E+01  1.52500E+03
  1.30200E+01  1.52503E+03
  1.30300E+01  1.52507E+03
  1.30400E+01  1.52511E+03
  1.30500E+01  1.52514E+03
  1.30600E+01  1.52518E+03
  1.30700E+01  1.52522E+03
  1.30800E+01  1.52525E+03
  1.30900E+01  1.52529E+03
  1.31000E+01  1.52533E+03
  1.31100E+01  1.52536E+03
  1.31200E+01  1.52540E+03
  1.31300E+01  1.52544E+03
  1.31400E+01  1.52547E+03
  1.31500E+01  1.52551E+03
  1.31600E+01  1.52554E+03
  1.31700E+01  1.52558E+03
  1.31800E+01  1.52562E+03
  1.31900E+01  1.52565E+03
  1.32000E+01  1.52569E+03
  1.32100E+01  1.52572E+03
  1.32200E+01  1.52576E+03
  1.32300E+01  1.52580E+03
  1.32400E+01  1.52583E+03
  1.32500E+01  1.52587E+03
  1.32600E+01  1.52590E+03
  1.32700E+01  1.52594E+03
  1.32800E+01  1.52597E+03
  1.32900E+01  1.52601E+03
  1.33000E+01  1.52605E+03
  1.33100E+01  1.52608E+03
  1.33200E+01  1.52612E+03
  1.33300E+01  1.52615E+03
  1.33400E+01  1.52619E+03
  1.33500E+01  1.52622E+03
  1.33600E+01  1.52626E+03
  1.33700E+01  1.52629E+03
  1.33800E+01  1.52633E+03
  1.33900E+01  1.52636E+03
  1.34000E+01  1.52640E+03
  1.34100E+01  1.52643E+03
  1.34200E+01  1.52647E+03
  1.34300E+01  1.52650E+03
  1.34400E+01  1.52654E+03
  1.34500E+01  1.52657E+03
  1.34600E+01  1.52661E+03
  1.34700E+01  1.52664E+03
  1.34800E+01  1.52668E+03
  1.34900E+01  1.52671E+03
  1.35000E+01  1.52675E+03
  1.35100E+01  1.52678E+03
  1.35200E+01  1.52682E+03
  1.35300E+01  1.52685E+03
  1.35400E+01  1.52689E+03
  1.35500E+01  1.52692E+03
  1.35600E+01  1.52695E+03
  1.35700E+01  1.52699E+03
  1.35800E+01  1.52702E+03
  1.35900E+01  1.52706E+03
  1.36000E+01  1.52709E+03
  1.36100E+01  1.52713E+03
  1.36200E+01  1.52716E+03
  1.36300E+01  1.52719E+03
  1.36400E+01  1.52723E+03
  1.36500E+01  1.52726E+03
  1.36600E+01  1.52730E+03
  1.36700E+01  1.52733E+03
  1.36800E+01  1.52736E+03
  1.36900E+01  1.52740E+03
  1.37000E+01  1.52743E+03
  1.37100E+01  1.52747E+03
  1.37200E+01  1.52750E+03
  1.37300E+01  1.52753E+03
  1.37400E+01  1.52757E+03
  1.37500E+01  1.52760E+03
  1.37600E+01  1.52763E+03
  1.37700E+01  1.52767E+03
  1.37800E+01  1.52770E+03
  1.37900E+01  1.52773E+03
  1.38000E+01  1.52777E+03
  1.38100E+01  1.52780E+03
  1.38200E+01  1.52783E+03
  1.38300E+01  1.52787E+03
  1.38400E+01  1.52790E+03
  1.38500E+01  1.52793E+03
  1.38600E+01  1.52797E+03
  1.38700E+01  1.52800E+03
  1.38800E+01  1.52803E+03
  1.38900E+01  1.52807E+03
  1.39000E+01  1.52810E+03
  1.39100E+01  1.52813E+03
  1.39200E+01  1.52816E+03
  1.39300E+01  1.52820E+03
  1.39400E+01  1.52823E+03
  1.39500E+01  1.52826E+03
  1.39600E+01  1.52830E+03
  1.39700E+01  1.52833E+03
  1.39800E+01  1.52836E+03
  1.39900E+01  1.52839E+03
  1.40000E+01  1.52843E+03
  1.40100E+01  1.52846E+03
  1.40200E+01  1.52849E+03
  1.40300E+01  1.52852E+03
  1.40400E+01  1.52856E+03
  1.40500E+01  1.52859E+03
  1.40600E+01  1.52862E+03
  1.40700E+01  1.52865E+03
  1.40800E+01  1.52868E+03
  1.40900E+01  1.52872E+03
  1.41000E+01  1.52875E+03
  1.41100E+01  1.52878E+03
  1.41200E+01  1.52881E+03
  1.41300E+01  1.52885E+03
  1.41400E+01  1.52888E+03
  1.41500E+01  1.52891E+03
  1.41600E+01  1.52894E+03
  1.41700E+01  1.52897E+03
  1.41800E+01  1.52900E+03
  1.41900E+01  1.52904E+03
  1.42000E+01  1.52907E+03
  1.42100E+01  1.52910E+03
  1.42200E+01  1.52913E+03
  1.42300E+01  1.52916E+03
  1.42400E+01  1.52920E+03
  1.42500E+01  1.52923E+03
  1.42600E+01  1.52926E+03
  1.42700E+01  1.52929E+03
  1.42800E+01  1.52932E+03
  1.42900E+01  1.52935E+03
  1.43000E+01  1.52938E+03
  1.43100E+01  1.52942E+03
  1.43200E+01  1.52945E+03
  1.43300E+01  1.52948E+03
  1.43400E+01  1.52951E+03
  1.43500E+01  1.52954E+03
  1.43600E+01  1.52957E+03
  1.43700E+01  1.52960E+03
  1.43800E+01  1.52963E+03
  1.43900E+01  1.52966E+03
  1.44000E+01  1.52970E+03
  1.44100E+01  1.52973E+03
  1.44200E+01  1.52976E+03
  1.44300E+01  1.52979E+03
  1.44400E+01  1.52982E+03
  1.44500E+01  1.52985E+03
  1.44600E+01  1.52988E+03
  1.44700E+01  1.52991E+03
  1.44800E+01  1.52994E+03
  1.44900E+01  1.52997E+03
  1.45000E+01  1.53000E+03
  1.45100E+01  1.53004E+03
  1.45200E+01  1.53007E+03
  1.45300E+01  1.53010E+03
  1.45400E+01  1.53013E+03
  1.45500E+01  1.53016E+03
  1.45600E+01  1.53019E+03
  1.45700E+01  1.53022E+03
  1.45800E+01  1.53025E+03
  1.45900E+01  1.53028E+03
  1.46000E+01  1.53031E+03
  1.46100E+01  1.53034E+03
  1.46200E+01  1.53037E+03
  1.46300E+01  1.53040E+03
  1.46400E+01  1.53043E+03
  1.46500E+01  1.53046E+03
  1.46600E+01  1.53049E+03
  1.46700E+01  1.53052E+03
  1.46800E+01  1.53055E+03
  1.46900E+01  1.53058E+03
  1.47000E+01  1.53061E+03
  1.47100E+01  1.53064E+03
  1.47200E+01  1.53067E+03
  1.47300E+01  1.53070E+03
  1.47400E+01  1.53073E+03
  1.47500E+01  1.53076E+03
  1.47600E+01  1.53079E+03
  1.47700E+01  1.53082E+03
  1.47800E+01  1.53085E+03
  1.47900E+01  1.53088E+03
  1.48000E+01  1.53091E+03
  1.48100E+01  1.53094E+03
  1.48200E+01  1.53097E+03
  1.48300E+01  1.53100E+03
  1.48400E+01  1.53103E+03
  1.48500E+01  1.53106E+03
  1.48600E+01  1.53109E+03
  1.48700E+01  1.53112E+03
  1.48800E+01  1.53115E+03
  1.48900E+01  1.53118E+03
  1.49000E+01  1.53120E+03
  1.49100E+01  1.53123E+03
  1.49200E+01  1.53126E+03
  1.49300E+01  1.53129E+03
  1.49400E+01  1.53132E+03
  1.49500E+01  1.53135E+03
  1.49600E+01  1.53138E+03
  1.49700E+01  1.53141E+03
  1.49800E+01  1.53144E+03
  1.49900E+01  1.53147E+03
  1.50000E+01  1.53150E+03
  1.50100E+01  1.53153E+03
  1.50200E+01  1.53155E+03
  1.50300E+01  1.53158E+03
  1.50400E+01  1.53161E+03
  1.50500E+01  1.53164E+03
  1.50600E+01  1.53167E+03
  1.50700E+01  1.53170E+03
  1.50800E+01  1.53173E+03
  1.50900E+01  1.53176E+03
  1.51000E+01  1.53178E+03
  1.51100E+01  1.53181E+03
  1.51200E+01  1.53184E+03
  1.51300E+01  1.53187E+03
  1.51400E+01  1.53190E+03
  1.51500E+01  1.53193E+03
  1.51600E+01  1.53196E+03
  1.51700E+01  1.53198E+03
  1.51800E+01  1.53201E+03
  1.51900E+01  1.53204E+03
  1.52000E+01  1.53207E+03
  1.52100E+01  1.53210E+03
  1.52200E+01  1.53213E+03
  1.52300E+01  1.53215E+03
  1.52400E+01  1.53218E+03
  1.52500E+01  1.53221E+03
  1.52600E+01  1.53224E+03
  1.52700E+01  1.53227E+03
  1.52800E+01  1.53230E+03
  1.52900E+01  1.53232E+03
  1.53000E+01  1.53235E+03
  1.53100E+01  1.53238E+03
  1.53200E+01  1.53241E+03
  1.53300E+01  1.53244E+03
  1.53400E+01  1.53246E+03
  1.53500E+01  1.53249E+03
  1.53600E+01  1.53252E+03
  1.53700E+01  1.53255E+03
  1.53800E+01  1.53258E+03
  1.53900E+01  1.53260E+03
  1.54000E+01  1.53263E+03
  1.54100E+01  1.53266E+03
  1.54200E+01  1.53269E+03
  1.54300E+01  1.53271E+03
  1.54400E+01  1.53274E+03
  1.54500E+01  1.53277E+03
  1.54600E+01  1.53280E+03
  1.54700E+01  1.53282E+03
  1.54800E+01  1.53285E+03
  1.54900E+01  1.53288E+03
  1.55000E+01  1.53291E+03
  1.55100E+01  1.53293E+03
  1.55200E+01  1.53296E+03
  1.55300E+01  1.53299E+03
  1.55400E+01  1.53302E+03
  1.55500E+01  1.53304E+03
  1.55600E+01  1.53307E+03
  1.55700E+01  1.53310E+03
  1.55800E+01  1.53312E+03
  1.55900E+01  1.53315E+03
  1.56000E+01  1.53318E+03
  1.56100E+01  1.53321E+03
  1.56200E+01  1.53323E+03
  1.56300E+01  1.53326E+03
  1.56400E+01  1.53329E+03
  1.56500E+01  1.53331E+03
  1.56600E+01  1.53334E+03
  1.56700E+01  1.53337E+03
  1.56800E+01  1.53340E+03
  1.56900E+01  1.53342E+03
  1.57000E+01  1.53345E+03
  1.57100E+01  1.53348E+03
  1.57200E+01  1.53350E+03
  1.57300E+01  1.53353E+03
  1.57400E+01  1.53356E+03
  1.57500E+01  1.53358E+03
  1.57600E+01  1.53361E+03
  1.57700E+01  1.53364E+03
  1.57800E+01  1.53366E+03
  1.57900E+01  1.53369E+03
  1.58000E+01  1.53372E+03
  1.58100E+01  1.53374E+03
  1.58200E+01  1.53377E+03
  1.58300E+01  1.53379E+03
  1.58400E+01  1.53382E+03
  1.58500E+01  1.53385E+03
  1.58600E+01  1.53387E+03
  1.58700E+01  1.53390E+03
  1.58800E+01  1.53393E+03
  1.58900E+01  1.53395E+03
  1.59000E+01  1.53398E+03
  1.59100E+01  1.53401E+03
  1.59200E+01  1.53403E+03
  1.59300E+01  1.53406E+03
  1.59400E+01  1.53408E+03
  1.59500E+01  1.53411E+03
  1.59600E+01  1.53414E+03
  1.59700E+01  1.53416E+03
  1.59800E+01  1.53419E+03
  1.59900E+01  1.53421E+03
  1.60000E+01  1.53424E+03
  1.60100E+01  1.53427E+03
  1.60200E+01  1.53429E+03
  1.60300E+01  1.53432E+03
  1.60400E+01  1.53434E+03
  1.60500E+01  1.53437E+03
  1.60600E+01  1.53439E+03
  1.60700E+01  1.53442E+03
  1.60800E+01  1.53445E+03
  1.60900E+01  1.53447E+03
  1.61000E+01  1.53450E+03
  1.61100E+01  1.53452E+03
  1.61200E+01  1.53455E+03
  1.61300E+01  1.53457E+03
  1.61400E+01  1.53460E+03
  1.61500E+01  1.53463E+03
  1.61600E+01  1.53465E+03
  1.61700E+01  1.53468E+03
  1.61800E+01  1.53470E+03
  1.61900E+01  1.53473E+03
  1.62000E+01  1.53475E+03
  1.62100E+01  1.53478E+03
  1.62200E+01  1.53480E+03
  1.62300E+01  1.53483E+03
  1.62400E+01  1.53485E+03
  1.62500E+01  1.53488E+03
  1.62600E+01  1.53490E+03
  1.62700E+01  1.53493E+03
  1.62800E+01  1.53495E+03
  1.62900E+01  1.53498E+03
  1.63000E+01  1.53501E+03
  1.63100E+01  1.53503E+03
  1.63200E+01  1.53506E+03
  1.63300E+01  1.53508E+03
  1.63400E+01  1.53511E+03
  1.63500E+01  1.53513E+03
  1.63600E+01  1.53516E+03
  1.63700E+01  1.53518E+03
  1.63800E+01  1.53521E+03
  1.63900E+01  1.53523E+03
  1.64000E+01  1.53526E+03
  1.64100E+01  1.53528E+03
  1.64200E+01  1.53530E+03
  1.64300E+01  1.53533E+03
  1.64400E+01  1.53535E+03
  1.64500E+01  1.53538E+03
  1.64600E+01  1.53540E+03
  1.64700E+01  1.53543E+03
  1.64800E+01  1.53545E+03
  1.64900E+01  1.53548E+03
  1.65000E+01  1.53550E+03
  1.65100E+01  1.53553E+03
  1.65200E+01  1.53555E+03
  1.65300E+01  1.53558E+03
  1.65400E+01  1.53560E+03
  1.65500E+01  1.53563E+03
  1.65600E+01  1.53565E+03
  1.65700E+01  1.53567E+03
  1.65800E+01  1.53570E+03
  1.65900E+01  1.53572E+03
  1.66000E+01  1.53575E+03
  1.66100E+01  1.53577E+03
  1.66200E+01  1.53580E+03
  1.66300E+01  1.53582E+03
  1.66400E+01  1.53584E+03
  1.66500E+01  1.53587E+03
  1.66600E+01  1.53589E+03
  1.66700E+01  1.53592E+03
  1.66800E+01  1.53594E+03
  1.66900E+01  1.53597E+03
  1.67000E+01  1.53599E+03
  1.67100E+01  1.53601E+03
  1.67200E+01  1.53604E+03
  1.67300E+01  1.53606E+03
  1.67400E+01  1.53609E+03
  1.67500E+01  1.53611E+03
  1.67600E+01  1.53613E+03
  1.67700E+01  1.53616E+03
  1.67800E+01  1.53618E+03
  1.67900E+01  1.53621E+03
  1.68000E+01  1.53623E+03
  1.68100E+01  1.53625E+03
  1.68200E+01  1.53628E+03
  1.68300E+01  1.53630E+03
  1.68400E+01  1.53633E+03
  1.68500E+01  1.53635E+03
  1.68600E+01  1.53637E+03
  1.68700E+01  1.53640E+03
  1.68800E+01  1.53642E+03
  1.68900E+01  1.53644E+03
  1.69000E+01  1.53647E+03
  1.69100E+01  1.53649E+03
  1.69200E+01  1.53651E+03
  1.69300E+01  1.53654E+03
  1.69400E+01  1.53656E+03
  1.69500E+01  1.53659E+03
  1.69600E+01  1.53661E+03
  1.69700E+01  1.53663E+03
  1.69800E+01  1.53666E+03
  1.69900E+01  1.53668E+03
  1.70000E+01  1.53670E+03
  1.70100E+01  1.53673E+03
  1.70200E+01  1.53675E+03
  1.70300E+01  1.53677E+03
  1.70400E+01  1.53680E+03
  1.70500E+01  1.53682E+03
  1.70600E+01  1.53684E+03
  1.70700E+01  1.53687E+03
  1.70800E+01  1.53689E+03
  1.70900E+01  1.53691E+03
  1.71000E+01  1.53694E+03
  1.71100E+01  1.53696E+03
  1.71200E+01  1.53698E+03
  1.71300E+01  1.53700E+03
  1.71400E+01  1.53703E+03
  1.71500E+01  1.53705E+03
  1.71600E+01  1.53707E+03
  1.71700E+01  1.53710E+03
  1.71800E+01  1.53712E+03
  1.71900E+01  1.53714E+03
  1.72000E+01  1.53717E+03
  1.72100E+01  1.53719E+03
  1.72200E+01  1.53721E+03
  1.72300E+01  1.53723E+03
  1.72400E+01  1.53726E+03
  1.72500E+01  1.53728E+03
  1.72600E+01  1.53730E+03
  1.72700E+01  1.53733E+03
  1.72800E+01  1.53735E+03
  1.72900E+01  1.53737E+03
  1.73000E+01  1.53739E+03
  1.73100E+01  1.53742E+03
  1.73200E+01  1.53744E+03
  1.73300E+01  1.53746E+03
  1.73400E+01  1.53748E+03
  1.73500E+01  1.53751E+03
  1.73600E+01  1.53753E+03
  1.73700E+01  1.53755E+03
  1.73800E+01  1.53757E+03
  1.73900E+01  1.53760E+03
  1.74000E+01  1.53762E+03
  1.74100E+01  1.53764E+03
  1.74200E+01  1.53766E+03
  1.74300E+01  1.53769E+03
  1.74400E+01  1.53771E+03
  1.74500E+01  1.53773E+03
  1.74600E+01  1.53775E+03
  1.74700E+01  1.53778E+03
  1.74800E+01  1.53780E+03
  1.74900E+01  1.53782E+03
  1.75000E+01  1.53784E+03
  1.75100E+01  1.53787E+03
  1.75200E+01  1.53789E+03
  1.75300E+01  1.53791E+03
  1.75400E+01  1.53793E+03
  1.75500E+01  1.53796E+03
  1.75600E+01  1.53798E+03
  1.75700E+01  1.53800E+03
  1.75800E+01  1.53802E+03
  1.75900E+01  1.53804E+03
  1.76000E+01  1.53807E+03
  1.76100E+01  1.53809E+03
  1.76200E+01  1.53811E+03
  1.76300E+01  1.53813E+03
  1.76400E+01  1.53815E+03
  1.76500E+01  1.53818E+03
  1.76600E+01  1.53820E+03
  1.76700E+01  1.53822E+03
  1.76800E+01  1.53824E+03
  1.76900E+01  1.53826E+03
  1.77000E+01  1.53829E+03
  1.77100E+01  1.53831E+03
  1.77200E+01  1.53833E+03
  1.77300E+01  1.53835E+03
  1.77400E+01  1.53837E+03
  1.77500E+01  1.53839E+03
  1.77600E+01  1.53842E+03
  1.77700E+01  1.53844E+03
  1.77800E+01  1.53846E+03
  1.77900E+01  1.53848E+03
  1.78000E+01  1.53850E+03
  1.78100E+01  1.53852E+03
  1.78200E+01  1.53855E+03
  1.78300E+01  1.53857E+03
  1.78400E+01  1.53859E+03
  1.78500E+01  1.53861E+03
  1.78600E+01  1.53863E+03
  1.78700E+01  1.53865E+03
  1.78800E+01  1.53868E+03
  1.78900E+01  1.53870E+03
  1.79000E+01  1.53872E+03
  1.79100E+01  1.53874E+03
  1.79200E+01  1.53876E+03
  1.79300E+01  1.53878E+03
  1.79400E+01  1.53880E+03
  1.79500E+01  1.53883E+03
  1.79600E+01  1.53885E+03
  1.79700E+01  1.53887E+03
  1.79800E+01  1.53889E+03
  1.79900E+01  1.53891E+03
  1.80000E+01  1.53893E+03
  1.80100E+01  1.53895E+03
  1.80200E+01  1.53897E+03
  1.80300E+01  1.53900E+03
  1.80400E+01  1.53902E+03
  1.80500E+01  1.53904E+03
  1.80600E+01  1.53906E+03
  1.80700E+01  1.53908E+03
  1.80800E+01  1.53910E+03
  1.80900E+01  1.53912E+03
  1.81000E+01  1.53914E+03
  1.81100E+01  1.53916E+03
  1.81200E+01  1.53919E+03
  1.81300E+01  1.53921E+03
  1.81400E+01  1.53923E+03
  1.81500E+01  1.53925E+03
  1.81600E+01  1.53927E+03
  1.81700E+01  1.53929E+03
  1.81800E+01  1.53931E+03
  1.81900E+01  1.53933E+03
  1.82000E+01  1.53935E+03
  1.82100E+01  1.53937E+03
  1.82200E+01  1.53939E+03
  1.82300E+01  1.53942E+03
  1.82400E+01  1.53944E+03
  1.82500E+01  1.53946E+03
  1.82600E+01  1.53948E+03
  1.82700E+01  1.53950E+03
  1.82800E+01  1.53952E+03
  1.82900E+01  1.53954E+03
  1.83000E+01  1.53956E+03
  1.83100E+01  1.53958E+03
  1.83200E+01  1.53960E+03
  1.83300E+01  1.53962E+03
  1.83400E+01  1.53964E+03
  1.83500E+01  1.53966E+03
  1.83600E+01  1.53968E+03
  1.83700E+01  1.53970E+03
  1.83800E+01  1.53972E+03
  1.83900E+01  1.53975E+03
  1.84000E+01  1.53977E+03
  1.84100E+01  1.53979E+03
  1.84200E+01  1.53981E+03
  1.84300E+01  1.53983E+03
  1.84400E+01  1.53985E+03
  1.84500E+01  1.53987E+03
  1.84600E+01  1.53989E+03
  1.84700E+01  1.53991E+03
  1.84800E+01  1.53993E+03
  1.84900E+01  1.53995E+03
  1.85000E+01  1.53997E+03
  1.85100E+01  1.53999E+03
  1.85200E+01  1.54001E+03
  1.85300E+01  1.54003E+03
  1.85400E+01  1.54005E+03
  1.85500E+01  1.54007E+03
  1.85600E+01  1.54009E+03
  1.85700E+01  1.54011E+03
  1.85800E+01  1.54013E+03
  1.85900E+01  1.54015E+03
  1.86000E+01  1.54017E+03
  1.86100E+01  1.54019E+03
  1.86200E+01  1.54021E+03
  1.86300E+01  1.54023E+03
  1.86400E+01  1.54025E+03
  1.86500E+01  1.54027E+03
  1.86600E+01  1.54029E+03
  1.86700E+01  1.54031E+03
  1.86800E+01  1.54033E+03
  1.86900E+01  1.54035E+03
  1.87000E+01  1.54037E+03
  1.87100E+01  1.54039E+03
  1.87200E+01  1.54041E+03
  1.87300E+01  1.54043E+03
  1.87400E+01  1.54045E+03
  1.87500E+01  1.54047E+03
  1.87600E+01  1.54049E+03
  1.87700E+01  1.54051E+03
  1.87800E+01  1.54053E+03
  1.87900E+01  1.54055E+03
  1.88000E+01  1.54057E+03
  1.88100E+01  1.54059E+03
  1.88200E+01  1.54061E+03
  1.88300E+01  1.54063E+03
  1.88400E+01  1.54065E+03
  1.88500E+01  1.54067E+03
  1.88600E+01  1.54069E+03
  1.88700E+01  1.54071E+03
  1.88800E+01  1.54073E+03
  1.88900E+01  1.54075E+03
  1.89000E+01  1.54077E+03
  1.89100E+01  1.54078E+03
  1.89200E+01  1.54080E+03
  1.89300E+01  1.54082E+03
  1.89400E+01  1.54084E+03
  1.89500E+01  1.54086E+03
  1.89600E+01  1.54088E+03
  1.89700E+01  1.54090E+03
  1.89800E+01  1.54092E+03
  1.89900E+01  1.54094E+03
  1.90000E+01  1.54096E+03
  1.90100E+01  1.54098E+03
  1.90200E+01  1.54100E+03
  1.90300E+01  1.54102E+03
  1.90400E+01  1.54104E+03
  1.90500E+01  1.54106E+03
  1.90600E+01  1.54108E+03
  1.90700E+01  1.54109E+03
  1.90800E+01  1.54111E+03
  1.90900E+01  1.54113E+03
  1.91000E+01  1.54115E+03
  1.91100E+01  1.54117E+03
  1.91200E+01  1.54119E+03
  1.91300E+01  1.54121E+03
  1.91400E+01  1.54123E+03
  1.91500E+01  1.54125E+03
  1.91600E+01  1.54127E+03
  1.91700E+01  1.54129E+03
  1.91800E+01  1.54130E+03
  1.91900E+01  1.54132E+03
  1.92000E+01  1.54134E+03
  1.92100E+01  1.54136E+03
  1.92200E+01  1.54138E+03
  1.92300E+01  1.54140E+03
  1.92400E+01  1.54142E+03
  1.92500E+01  1.54144E+03
  1.92600E+01  1.54146E+03
  1.92700E+01  1.54148E+03
  1.92800E+01  1.54149E+03
  1.92900E+01  1.54151E+03
  1.93000E+01  1.54153E+03
  1.93100E+01  1.54155E+03
  1.93200E+01  1.54157E+03
  1.93300E+01  1.54159E+03
  1.93400E+01  1.54161E+03
  1.93500E+01  1.54163E+03
  1.93600E+01  1.54164E+03
  1.93700E+01  1.54166E+03
  1.93800E+01  1.54168E+03
  1.93900E+01  1.54170E+03
  1.94000E+01  1.54172E+03
  1.94100E+01  1.54174E+03
  1.94200E+01  1.54176E+03
  1.94300E+01  1.54178E+03
  1.94400E+01  1.54179E+03
  1.94500E+01  1.54181E+03
  1.94600E+01  1.54183E+03
  1.94700E+01  1.54185E+03
  1.94800E+01  1.54187E+03
  1.94900E+01  1.54189E+03
  1.95000E+01  1.54190E+03
  1.95100E+01  1.54192E+03
  1.95200E+01  1.54194E+03
  1.95300E+01  1.54196E+03
  1.95400E+01  1.54198E+03
  1.95500E+01  1.54200E+03
  1.95600E+01  1.54202E+03
  1.95700E+01  1.54203E+03
  1.95800E+01  1.54205E+03
  1.95900E+01  1.54207E+03
  1.96000E+01  1.54209E+03
  1.96100E+01  1.54211E+03
  1.96200E+01  1.54213E+03
  1.96300E+01  1.54214E+03
  1.96400E+01  1.54216E+03
  1.96500E+01  1.54218E+03
  1.96600E+01  1.54220E+03
  1.96700E+01  1.54222E+03
  1.96800E+01  1.54223E+03
  1.96900E+01  1.54225E+03
  1.97000E+01  1.54227E+03
  1.97100E+01  1.54229E+03
  1.97200E+01  1.54231E+03
  1.97300E+01  1.54233E+03
  1.97400E+01  1.54234E+03
  1.97500E+01  1.54236E+03
  1.97600E+01  1.54238E+03
  1.97700E+01  1.54240E+03
  1.97800E+01  1.54242E+03
  1.97900E+01  1.54243E+03
  1.98000E+01  1.54245E+03
  1.98100E+01  1.54247E+03
  1.98200E+01  1.54249E+03
  1.98300E+01  1.54251E+03
  1.98400E+01  1.54252E+03
  1.98500E+01  1.54254E+03
  1.98600E+01  1.54256E+03
  1.98700E+01  1.54258E+03
  1.98800E+01  1.54260E+03
  1.98900E+01  1.54261E+03
  1.99000E+01  1.54263E+03
  1.99100E+01  1.54265E+03
  1.99200E+01  1.54267E+03
  1.99300E+01  1.54268E+03
  1.99400E+01  1.54270E+03
  1.99500E+01  1.54272E+03
  1.99600E+01  1.54274E+03
  1.99700E+01  1.54276E+03
  1.99800E+01  1.54277E+03
  1.99900E+01  1.54279E+03
  2.00000E+01  1.54281E+03
  2.00100E+01  1.54283E+03
  2.00200E+01  1.54284E+03
  2.00300E+01  1.54286E+03
  2.00400E+01  1.54288E+03
  2.00500E+01  1.54290E+03
  2.00600E+01  1.54291E+03
  2.00700E+01  1.54293E+03
  2.00800E+01  1.54295E+03
  2.00900E+01  1.54297E+03
  2.01000E+01  1.54299E+03
  2.01100E+01  1.54300E+03
  2.01200E+01  1.54302E+03
  2.01300E+01  1.54304E+03
  2.01400E+01  1.54306E+03
  2.01500E+01  1.54307E+03
  2.01600E+01  1.54309E+03
  2.01700E+01  1.54311E+03
  2.01800E+01  1.54313E+03
  2.01900E+01  1.54314E+03
  2.02000E+01  1.54316E+03
  2.02100E+01  1.54318E+03
  2.02200E+01  1.54319E+03
  2.02300E+01  1.54321E+03
  2.02400E+01  1.54323E+03
  2.02500E+01  1.54325E+03
  2.02600E+01  1.54326E+03
  2.02700E+01  1.54328E+03
  2.02800E+01  1.54330E+03
  2.02900E+01  1.54332E+03
  2.03000E+01  1.54333E+03
  2.03100E+01  1.54335E+03
  2.03200E+01  1.54337E+03
  2.03300E+01  1.54338E+03
  2.03400E+01  1.54340E+03
  2.03500E+01  1.54342E+03
  2.03600E+01  1.54344E+03
  2.03700E+01  1.54345E+03
  2.03800E+01  1.54347E+03
  2.03900E+01  1.54349E+03
  2.04000E+01  1.54351E+03
  2.04100E+01  1.54352E+03
  2.04200E+01  1.54354E+03
  2.04300E+01  1.54356E+03
  2.04400E+01  1.54357E+03
  2.04500E+01  1.54359E+03
  2.04600E+01  1.54361E+03
  2.04700E+01  1.54362E+03
  2.04800E+01  1.54364E+03
  2.04900E+01  1.54366E+03
  2.05000E+01  1.54368E+03
  2.05100E+01  1.54369E+03
  2.05200E+01  1.54371E+03
  2.05300E+01  1.54373E+03
  2.05400E+01  1.54374E+03
  2.05500E+01  1.54376E+03
  2.05600E+01  1.54378E+03
  2.05700E+01  1.54379E+03
  2.05800E+01  1.54381E+03
  2.05900E+01  1.54383E+03
  2.06000E+01  1.54384E+03
  2.06100E+01  1.54386E+03
  2.06200E+01  1.54388E+03
  2.06300E+01  1.54389E+03
  2.06400E+01  1.54391E+03
  2.06500E+01  1.54393E+03
  2.06600E+01  1.54395E+03
  2.06700E+01  1.54396E+03
  2.06800E+01  1.54398E+03
  2.06900E+01  1.54400E+03
  2.07000E+01  1.54401E+03
  2.07100E+01  1.54403E+03
  2.07200E+01  1.54405E+03
  2.07300E+01  1.54406E+03
  2.07400E+01  1.54408E+03
  2.07500E+01  1.54410E+03
  2.07600E+01  1.54411E+03
  2.07700E+01  1.54413E+03
  2.07800E+01  1.54415E+03
  2.07900E+01  1.54416E+03
  2.08000E+01  1.54418E+03
  2.08100E+01  1.54419E+03
  2.08200E+01  1.54421E+03
  2.08300E+01  1.54423E+03
  2.08400E+01  1.54424E+03
  2.08500E+01  1.54426E+03
  2.08600E+01  1.54428E+03
  2.08700E+01  1.54429E+03
  2.08800E+01  1.54431E+03
  2.08900E+01  1.54433E+03
  2.09000E+01  1.54434E+03
  2.09100E+01  1.54436E+03
  2.09200E+01  1.54438E+03
  2.09300E+01  1.54439E+03
  2.09400E+01  1.54441E+03
  2.09500E+01  1.54442E+03
  2.09600E+01  1.54444E+03
  2.09700E+01  1.54446E+03
  2.09800E+01  1.54447E+03
  2.09900E+01  1.54449E+03
  2.10000E+01  1.54451E+03
  2.10100E+01  1.54452E+03
  2.10200E+01  1.54454E+03
  2.10300E+01  1.54456E+03
  2.10400E+01  1.54457E+03
  2.10500E+01  1.54459E+03
  2.10600E+01  1.54460E+03
  2.10700E+01  1.54462E+03
  2.10800E+01  1.54464E+03
  2.10900E+01  1.54465E+03
  2.11000E+01  1.54467E+03
  2.11100E+01  1.54468E+03
  2.11200E+01  1.54470E+03
  2.11300E+01  1.54472E+03
  2.11400E+01  1.54473E+03
  2.11500E+01  1.54475E+03
  2.11600E+01  1.54476E+03
  2.11700E+01  1.54478E+03
  2.11800E+01  1.54480E+03
  2.11900E+01  1.54481E+03
  2.12000E+01  1.54483E+03
  2.12100E+01  1.54484E+03
  2.12200E+01  1.54486E+03
  2.12300E+01  1.54488E+03
  2.12400E+01  1.54489E+03
  2.12500E+01  1.54491E+03
  2.12600E+01  1.54492E+03
  2.12700E+01  1.54494E+03
  2.12800E+01  1.54496E+03
  2.12900E+01  1.54497E+03
  2.13000E+01  1.54499E+03
  2.13100E+01  1.54500E+03
  2.13200E+01  1.54502E+03
  2.13300E+01  1.54504E+03
  2.13400E+01  1.54505E+03
  2.13500E+01  1.54507E+03
  2.13600E+01  1.54508E+03
  2.13700E+01  1.54510E+03
  2.13800E+01  1.54511E+03
  2.13900E+01  1.54513E+03
  2.14000E+01  1.54515E+03
  2.14100E+01  1.54516E+03
  2.14200E+01  1.54518E+03
  2.14300E+01  1.54519E+03
  2.14400E+01  1.54521E+03
  2.14500E+01  1.54522E+03
  2.14600E+01  1.54524E+03
  2.14700E+01  1.54526E+03
  2.14800E+01  1.54527E+03
  2.14900E+01  1.54529E+03
  2.15000E+01  1.54530E+03
  2.15100E+01  1.54532E+03
  2.15200E+01  1.54533E+03
  2.15300E+01  1.54535E+03
  2.15400E+01  1.54536E+03
  2.15500E+01  1.54538E+03
  2.15600E+01  1.54540E+03
  2.15700E+01  1.54541E+03
  2.15800E+01  1.54543E+03
  2.15900E+01  1.54544E+03
  2.16000E+01  1.54546E+03
  2.16100E+01  1.54547E+03
  2.16200E+01  1.54549E+03
  2.16300E+01  1.54550E+03
  2.16400E+01  1.54552E+03
  2.16500E+01  1.54554E+03
  2.16600E+01  1.54555E+03
  2.16700E+01  1.54557E+03
  2.16800E+01  1.54558E+03
  2.16900E+01  1.54560E+03
  2.17000E+01  1.54561E+03
  2.17100E+01  1.54563E+03
  2.17200E+01  1.54564E+03
  2.17300E+01  1.54566E+03
  2.17400E+01  1.54567E+03
  2.17500E+01  1.54569E+03
  2.17600E+01  1.54570E+03
  2.17700E+01  1.54572E+03
  2.17800E+01  1.54573E+03
  2.17900E+01  1.54575E+03
  2.18000E+01  1.54577E+03
  2.18100E+01  1.54578E+03
  2.18200E+01  1.54580E+03
  2.18300E+01  1.54581E+03
  2.18400E+01  1.54583E+03
  2.18500E+01  1.54584E+03
  2.18600E+01  1.54586E+03
  2.18700E+01  1.54587E+03
  2.18800E+01  1.54589E+03
  2.18900E+01  1.54590E+03
  2.19000E+01  1.54592E+03
  2.19100E+01  1.54593E+03
  2.19200E+01  1.54595E+03
  2.19300E+01  1.54596E+03
  2.19400E+01  1.54598E+03
  2.19500E+01  1.54599E+03
  2.19600E+01  1.54601E+03
  2.19700E+01  1.54602E+03
  2.19800E+01  1.54604E+03
  2.19900E+01  1.54605E+03
  2.20000E+01  1.54607E+03
  2.20100E+01  1.54608E+03
  2.20200E+01  1.54610E+03
  2.20300E+01  1.54611E+03
  2.20400E+01  1.54613E+03
  2.20500E+01  1.54614E+03
  2.20600E+01  1.54616E+03
  2.20700E+01  1.54617E+03
  2.20800E+01  1.54619E+03
  2.20900E+01  1.54620E+03
  2.21000E+01  1.54622E+03
  2.21100E+01  1.54623E+03
  2.21200E+01  1.54625E+03
  2.21300E+01  1.54626E+03
  2.21400E+01  1.54628E+03
  2.21500E+01  1.54629E+03
  2.21600E+01  1.54631E+03
  2.21700E+01  1.54632E+03
  2.21800E+01  1.54634E+03
  2.21900E+01  1.54635E+03
  2.22000E+01  1.54636E+03
  2.22100E+01  1.54638E+03
  2.22200E+01  1.54639E+03
  2.22300E+01  1.54641E+03
  2.22400E+01  1.54642E+03
  2.22500E+01  1.54644E+03
  2.22600E+01  1.54645E+03
  2.22700E+01  1.54647E+03
  2.22800E+01  1.54648E+03
  2.22900E+01  1.54650E+03
  2.23000E+01  1.54651E+03
  2.23100E+01  1.54653E+03
  2.23200E+01  1.54654E+03
  2.23300E+01  1.54656E+03
  2.23400E+01  1.54657E+03
  2.23500E+01  1.54658E+03
  2.23600E+01  1.54660E+03
  2.23700E+01  1.54661E+03
  2.23800E+01  1.54663E+03
  2.23900E+01  1.54664E+03
  2.24000E+01  1.54666E+03
  2.24100E+01  1.54667E+03
  2.24200E+01  1.54669E+03
  2.24300E+01  1.54670E+03
  2.24400E+01  1.54672E+03
  2.24500E+01  1.54673E+03
  2.24600E+01  1.54674E+03
  2.24700E+01  1.54676E+03
  2.24800E+01  1.54677E+03
  2.24900E+01  1.54679E+03
  2.25000E+01  1.54680E+03
  2.25100E+01  1.54682E+03
  2.25200E+01  1.54683E+03
  2.25300E+01  1.54685E+03
  2.25400E+01  1.54686E+03
  2.25500E+01  1.54687E+03
  2.25600E+01  1.54689E+03
  2.25700E+01  1.54690E+03
  2.25800E+01  1.54692E+03
  2.25900E+01  1.54693E+03
  2.26000E+01  1.54695E+03
  2.26100E+01  1.54696E+03
  2.26200E+01  1.54697E+03
  2.26300E+01  1.54699E+03
  2.26400E+01  1.54700E+03
  2.26500E+01  1.54702E+03
  2.26600E+01  1.54703E+03
  2.26700E+01  1.54705E+03
  2.26800E+01  1.54706E+03
  2.26900E+01  1.54707E+03
  2.27000E+01  1.54709E+03
  2.27100E+01  1.54710E+03
  2.27200E+01  1.54712E+03
  2.27300E+01  1.54713E+03
  2.27400E+01  1.54714E+03
  2.27500E+01  1.54716E+03
  2.27600E+01  1.54717E+03
  2.27700E+01  1.54719E+03
  2.27800E+01  1.54720E+03
  2.27900E+01  1.54721E+03
  2.28000E+01  1.54723E+03
  2.28100E+01  1.54724E+03
  2.28200E+01  1.54726E+03
  2.28300E+01  1.54727E+03
  2.28400E+01  1.54729E+03
  2.28500E+01  1.54730E+03
  2.28600E+01  1.54731E+03
  2.28700E+01  1.54733E+03
  2.28800E+01  1.54734E+03
  2.28900E+01  1.54735E+03
  2.29000E+01  1.54737E+03
  2.29100E+01  1.54738E+03
  2.29200E+01  1.54740E+03
  2.29300E+01  1.54741E+03
  2.29400E+01  1.54742E+03
  2.29500E+01  1.54744E+03
  2.29600E+01  1.54745E+03
  2.29700E+01  1.54747E+03
  2.29800E+01  1.54748E+03
  2.29900E+01  1.54749E+03
  2.30000E+01  1.54751E+03
  2.30100E+01  1.54752E+03
  2.30200E+01  1.54754E+03
  2.30300E+01  1.54755E+03
  2.30400E+01  1.54756E+03
  2.30500E+01  1.54758E+03
  2.30600E+01  1.54759E+03
  2.30700E+01  1.54760E+03
  2.30800E+01  1.54762E+03
  2.30900E+01  1.54763E+03
  2.31000E+01  1.54765E+03
  2.31100E+01  1.54766E+03
  2.31200E+01  1.54767E+03
  2.31300E+01  1.54769E+03
  2.31400E+01  1.54770E+03
  2.31500E+01  1.54771E+03
  2.31600E+01  1.54773E+03
  2.31700E+01  1.54774E+03
  2.31800E+01  1.54776E+03
  2.31900E+01  1.54777E+03
  2.32000E+01  1.54778E+03
  2.32100E+01  1.54780E+03
  2.32200E+01  1.54781E+03
  2.32300E+01  1.54782E+03
  2.32400E+01  1.54784E+03
  2.32500E+01  1.54785E+03
  2.32600E+01  1.54786E+03
  2.32700E+01  1.54788E+03
  2.32800E+01  1.54789E+03
  2.32900E+01  1.54791E+03
  2.33000E+01  1.54792E+03
  2.33100E+01  1.54793E+03
  2.33200E+01  1.54795E+03
  2.33300E+01  1.54796E+03
  2.33400E+01  1.54797E+03
  2.33500E+01  1.54799E+03
  2.33600E+01  1.54800E+03
  2.33700E+01  1.54801E+03
  2.33800E+01  1.54803E+03
  2.33900E+01  1.54804E+03
  2.34000E+01  1.54805E+03
  2.34100E+01  1.54807E+03
  2.34200E+01  1.54808E+03
  2.34300E+01  1.54809E+03
  2.34400E+01  1.54811E+03
  2.34500E+01  1.54812E+03
  2.34600E+01  1.54813E+03
  2.34700E+01  1.54815E+03
  2.34800E+01  1.54816E+03
  2.34900E+01  1.54817E+03
  2.35000E+01  1.54819E+03
  2.35100E+01  1.54820E+03
  2.35200E+01  1.54821E+03
  2.35300E+01  1.54823E+03
  2.35400E+01  1.54824E+03
  2.35500E+01  1.54825E+03
  2.35600E+01  1.54827E+03
  2.35700E+01  1.54828E+03
  2.35800E+01  1.54829E+03
  2.35900E+01  1.54831E+03
  2.36000E+01  1.54832E+03
  2.36100E+01  1.54833E+03
  2.36200E+01  1.54835E+03
  2.36300E+01  1.54836E+03
  2.36400E+01  1.54837E+03
  2.36500E+01  1.54839E+03
  2.36600E+01  1.54840E+03
  2.36700E+01  1.54841E+03
  2.36800E+01  1.54843E+03
  2.36900E+01  1.54844E+03
  2.37000E+01  1.54845E+03
  2.37100E+01  1.54847E+03
  2.37200E+01  1.54848E+03
  2.37300E+01  1.54849E+03
  2.37400E+01  1.54851E+03
  2.37500E+01  1.54852E+03
  2.37600E+01  1.54853E+03
  2.37700E+01  1.54855E+03
  2.37800E+01  1.54856E+03
  2.37900E+01  1.54857E+03
  2.38000E+01  1.54858E+03
  2.38100E+01  1.54860E+03
  2.38200E+01  1.54861E+03
  2.38300E+01  1.54862E+03
  2.38400E+01  1.54864E+03
  2.38500E+01  1.54865E+03
  2.38600E+01  1.54866E+03
  2.38700E+01  1.54868E+03
  2.38800E+01  1.54869E+03
  2.38900E+01  1.54870E+03
  2.39000E+01  1.54871E+03
  2.39100E+01  1.54873E+03
  2.39200E+01  1.54874E+03
  2.39300E+01  1.54875E+03
  2.39400E+01  1.54877E+03
  2.39500E+01  1.54878E+03
  2.39600E+01  1.54879E+03
  2.39700E+01  1.54881E+03
  2.39800E+01  1.54882E+03
  2.39900E+01  1.54883E+03
  2.40000E+01  1.54884E+03
  2.40100E+01  1.54886E+03
  2.40200E+01  1.54887E+03
  2.40300E+01  1.54888E+03
  2.40400E+01  1.54890E+03
  2.40500E+01  1.54891E+03
  2.40600E+01  1.54892E+03
  2.40700E+01  1.54893E+03
  2.40800E+01  1.54895E+03
  2.40900E+01  1.54896E+03
  2.41000E+01  1.54897E+03
  2.41100E+01  1.54899E+03
  2.41200E+01  1.54900E+03
  2.41300E+01  1.54901E+03
  2.41400E+01  1.54902E+03
  2.41500E+01  1.54904E+03
  2.41600E+01  1.54905E+03
  2.41700E+01  1.54906E+03
  2.41800E+01  1.54907E+03
  2.41900E+01  1.54909E+03
  2.42000E+01  1.54910E+03
  2.42100E+01  1.54911E+03
  2.42200E+01  1.54913E+03
  2.42300E+01  1.54914E+03
  2.42400E+01  1.54915E+03
  2.42500E+01  1.54916E+03
  2.42600E+01  1.54918E+03
  2.42700E+01  1.54919E+03
  2.42800E+01  1.54920E+03
  2.42900E+01  1.54921E+03
  2.43000E+01  1.54923E+03
  2.43100E+01  1.54924E+03
  2.43200E+01  1.54925E+03
  2.43300E+01  1.54926E+03
  2.43400E+01  1.54928E+03
  2.43500E+01  1.54929E+03
  2.43600E+01  1.54930E+03
  2.43700E+01  1.54931E+03
  2.43800E+01  1.54933E+03
  2.43900E+01  1.54934E+03
  2.44000E+01  1.54935E+03
  2.44100E+01  1.54936E+03
  2.44200E+01  1.54938E+03
  2.44300E+01  1.54939E+03
  2.44400E+01  1.54940E+03
  2.44500E+01  1.54941E+03
  2.44600E+01  1.54943E+03
  2.44700E+01  1.54944E+03
  2.44800E+01  1.54945E+03
  2.44900E+01  1.54946E+03
  2.45000E+01  1.54948E+03
  2.45100E+01  1.54949E+03
  2.45200E+01  1.54950E+03
  2.45300E+01  1.54951E+03
  2.45400E+01  1.54953E+03
  2.45500E+01  1.54954E+03
  2.45600E+01  1.54955E+03
  2.45700E+01  1.54956E+03
  2.45800E+01  1.54958E+03
  2.45900E+01  1.54959E+03
  2.46000E+01  1.54960E+03
  2.46100E+01  1.54961E+03
  2.46200E+01  1.54962E+03
  2.46300E+01  1.54964E+03
  2.46400E+01  1.54965E+03
  2.46500E+01  1.54966E+03
  2.46600E+01  1.54967E+03
  2.46700E+01  1.54969E+03
  2.46800E+01  1.54970E+03
  2.46900E+01  1.54971E+03
  2.47000E+01  1.54972E+03
  2.47100E+01  1.54974E+03
  2.47200E+01  1.54975E+03
  2.47300E+01  1.54976E+03
  2.47400E+01  1.54977E+03
  2.47500E+01  1.54978E+03
  2.47600E+01  1.54980E+03
  2.47700E+01  1.54981E+03
  2.47800E+01  1.54982E+03
  2.47900E+01  1.54983E+03
  2.48000E+01  1.54984E+03
  2.48100E+01  1.54986E+03
  2.48200E+01  1.54987E+03
  2.48300E+01  1.54988E+03
  2.48400E+01  1.54989E+03
  2.48500E+01  1.54991E+03
  2.48600E+01  1.54992E+03
  2.48700E+01  1.54993E+03
  2.48800E+01  1.54994E+03
  2.48900E+01  1.54995E+03
  2.49000E+01  1.54997E+03
  2.49100E+01  1.54998E+03
  2.49200E+01  1.54999E+03
  2.49300E+01  1.55000E+03
  2.49400E+01  1.55001E+03
  2.49500E+01  1.55003E+03
  2.49600E+01  1.55004E+03
  2.49700E+01  1.55005E+03
  2.49800E+01  1.55006E+03
  2.49900E+01  1.55007E+03
  2.50000E+01  1.55009E+03
  2.50100E+01  1.55010E+03
  2.50200E+01  1.55011E+03
  2.50300E+01  1.55012E+03
  2.50400E+01  1.55013E+03
  2.50500E+01  1.55015E+03
  2.50600E+01  1.55016E+03
  2.50700E+01  1.55017E+03
  2.50800E+01  1.55018E+03
  2.50900E+01  1.55019E+03
  2.51000E+01  1.55021E+03
  2.51100E+01  1.55022E+03
  2.51200E+01  1.55023E+03
  2.51300E+01  1.55024E+03
  2.51400E+01  1.55025E+03
  2.51500E+01  1.55026E+03
  2.51600E+01  1.55028E+03
  2.51700E+01  1.55029E+03
  2.51800E+01  1.55030E+03
  2.51900E+01  1.55031E+03
  2.52000E+01  1.55032E+03
  2.52100E+01  1.55034E+03
  2.52200E+01  1.55035E+03
  2.52300E+01  1.55036E+03
  2.52400E+01  1.55037E+03
  2.52500E+01  1.55038E+03
  2.52600E+01  1.55039E+03
  2.52700E+01  1.55041E+03
  2.52800E+01  1.55042E+03
  2.52900E+01  1.55043E+03
  2.53000E+01  1.55044E+03
  2.53100E+01  1.55045E+03
  2.53200E+01  1.55047E+03
  2.53300E+01  1.55048E+03
  2.53400E+01  1.55049E+03
  2.53500E+01  1.55050E+03
  2.53600E+01  1.55051E+03
  2.53700E+01  1.55052E+03
  2.53800E+01  1.55054E+03
  2.53900E+01  1.55055E+03
  2.54000E+01  1.55056E+03
  2.54100E+01  1.55057E+03
  2.54200E+01  1.55058E+03
  2.54300E+01  1.55059E+03
  2.54400E+01  1.55061E+03
  2.54500E+01  1.55062E+03
  2.54600E+01  1.55063E+03
  2.54700E+01  1.55064E+03
  2.54800E+01  1.55065E+03
  2.54900E+01  1.55066E+03
  2.55000E+01  1.55067E+03
  2.55100E+01  1.55069E+03
  2.55200E+01  1.55070E+03
  2.55300E+01  1.55071E+03
  2.55400E+01  1.55072E+03
  2.55500E+01  1.55073E+03
  2.55600E+01  1.55074E+03
  2.55700E+01  1.55076E+03
  2.55800E+01  1.55077E+03
  2.55900E+01  1.55078E+03
  2.56000E+01  1.55079E+03
  2.56100E+01  1.55080E+03
  2.56200E+01  1.55081E+03
  2.56300E+01  1.55082E+03
  2.56400E+01  1.55084E+03
  2.56500E+01  1.55085E+03
  2.56600E+01  1.55086E+03
  2.56700E+01  1.55087E+03
  2.56800E+01  1.55088E+03
  2.56900E+01  1.55089E+03
  2.57000E+01  1.55090E+03
  2.57100E+01  1.55092E+03
  2.57200E+01  1.55093E+03
  2.57300E+01  1.55094E+03
  2.57400E+01  1.55095E+03
  2.57500E+01  1.55096E+03
  2.57600E+01  1.55097E+03
  2.57700E+01  1.55098E+03
  2.57800E+01  1.55099E+03
  2.57900E+01  1.55101E+03
  2.58000E+01  1.55102E+03
  2.58100E+01  1.55103E+03
  2.58200E+01  1.55104E+03
  2.58300E+01  1.55105E+03
  2.58400E+01  1.55106E+03
  2.58500E+01  1.55107E+03
  2.58600E+01  1.55109E+03
  2.58700E+01  1.55110E+03
  2.58800E+01  1.55111E+03
  2.58900E+01  1.55112E+03
  2.59000E+01  1.55113E+03
  2.59100E+01  1.55114E+03
  2.59200E+01  1.55115E+03
  2.59300E+01  1.55116E+03
  2.59400E+01  1.55118E+03
  2.59500E+01  1.55119E+03
  2.59600E+01  1.55120E+03
  2.59700E+01  1.55121E+03
  2.59800E+01  1.55122E+03
  2.59900E+01  1.55123E+03
  2.60000E+01  1.55124E+03
  2.60100E+01  1.55125E+03
  2.60200E+01  1.55126E+03
  2.60300E+01  1.55128E+03
  2.60400E+01  1.55129E+03
  2.60500E+01  1.55130E+03
  2.60600E+01  1.55131E+03
  2.60700E+01  1.55132E+03
  2.60800E+01  1.55133E+03
  2.60900E+01  1.55134E+03
  2.61000E+01  1.55135E+03
  2.61100E+01  1.55136E+03
  2.61200E+01  1.55138E+03
  2.61300E+01  1.55139E+03
  2.61400E+01  1.55140E+03
  2.61500E+01  1.55141E+03
  2.61600E+01  1.55142E+03
  2.61700E+01  1.55143E+03
  2.61800E+01  1.55144E+03
  2.61900E+01  1.55145E+03
  2.62000E+01  1.55146E+03
  2.62100E+01  1.55147E+03
  2.62200E+01  1.55149E+03
  2.62300E+01  1.55150E+03
  2.62400E+01  1.55151E+03
  2.62500E+01  1.55152E+03
  2.62600E+01  1.55153E+03
  2.62700E+01  1.55154E+03
  2.62800E+01  1.55155E+03
  2.62900E+01  1.55156E+03
  2.63000E+01  1.55157E+03
  2.63100E+01  1.55158E+03
  2.63200E+01  1.55159E+03
  2.63300E+01  1.55161E+03
  2.63400E+01  1.55162E+03
  2.63500E+01  1.55163E+03
  2.63600E+01  1.55164E+03
  2.63700E+01  1.55165E+03
  2.63800E+01  1.55166E+03
  2.63900E+01  1.55167E+03
  2.64000E+01  1.55168E+03
  2.64100E+01  1.55169E+03
  2.64200E+01  1.55170E+03
  2.64300E+01  1.55171E+03
  2.64400E+01  1.55172E+03
  2.64500E+01  1.55174E+03
  2.64600E+01  1.55175E+03
  2.64700E+01  1.55176E+03
  2.64800E+01  1.55177E+03
  2.64900E+01  1.55178E+03
  2.65000E+01  1.55179E+03
  2.65100E+01  1.55180E+03
  2.65200E+01  1.55181E+03
  2.65300E+01  1.55182E+03
  2.65400E+01  1.55183E+03
  2.65500E+01  1.55184E+03
  2.65600E+01  1.55185E+03
  2.65700E+01  1.55186E+03
  2.65800E+01  1.55188E+03
  2.65900E+01  1.55189E+03
  2.66000E+01  1.55190E+03
  2.66100E+01  1.55191E+03
  2.66200E+01  1.55192E+03
  2.66300E+01  1.55193E+03
  2.66400E+01  1.55194E+03
  2.66500E+01  1.55195E+03
  2.66600E+01  1.55196E+03
  2.66700E+01  1.55197E+03
  2.66800E+01  1.55198E+03
  2.66900E+01  1.55199E+03
  2.67000E+01  1.55200E+03
  2.67100E+01  1.55201E+03
  2.67200E+01  1.55202E+03
  2.67300E+01  1.55203E+03
  2.67400E+01  1.55205E+03
  2.67500E+01  1.55206E+03
  2.67600E+01  1.55207E+03
  2.67700E+01  1.55208E+03
  2.67800E+01  1.55209E+03
  2.67900E+01  1.55210E+03
  2.68000E+01  1.55211E+03
  2.68100E+01  1.55212E+03
  2.68200E+01  1.55213E+03
  2.68300E+01  1.55214E+03
  2.68400E+01  1.55215E+03
  2.68500E+01  1.55216E+03
  2.68600E+01  1.55217E+03
  2.68700E+01  1.55218E+03
  2.68800E+01  1.55219E+03
  2.68900E+01  1.55220E+03
  2.69000E+01  1.55221E+03
  2.69100E+01  1.55222E+03
  2.69200E+01  1.55223E+03
  2.69300E+01  1.55224E+03
  2.69400E+01  1.55226E+03
  2.69500E+01  1.55227E+03
  2.69600E+01  1.55228E+03
  2.69700E+01  1.55229E+03
  2.69800E+01  1.55230E+03
  2.69900E+01  1.55231E+03
  2.70000E+01  1.55232E+03
  2.70100E+01  1.55233E+03
  2.70200E+01  1.55234E+03
  2.70300E+01  1.55235E+03
  2.70400E+01  1.55236E+03
  2.70500E+01  1.55237E+03
  2.70600E+01  1.55238E+03
  2.70700E+01  1.55239E+03
  2.70800E+01  1.55240E+03
  2.70900E+01  1.55241E+03
  2.71000E+01  1.55242E+03
  2.71100E+01  1.55243E+03
  2.71200E+01  1.55244E+03
  2.71300E+01  1.55245E+03
  2.71400E+01  1.55246E+03
  2.71500E+01  1.55247E+03
  2.71600E+01  1.55248E+03
  2.71700E+01  1.55249E+03
  2.71800E+01  1.55250E+03
  2.71900E+01  1.55251E+03
  2.72000E+01  1.55252E+03
  2.72100E+01  1.55253E+03
  2.72200E+01  1.55254E+03
  2.72300E+01  1.55255E+03
  2.72400E+01  1.55256E+03
  2.72500E+01  1.55257E+03
  2.72600E+01  1.55258E+03
  2.72700E+01  1.55259E+03
  2.72800E+01  1.55261E+03
  2.72900E+01  1.55262E+03
  2.73000E+01  1.55263E+03
  2.73100E+01  1.55264E+03
  2.73200E+01  1.55265E+03
  2.73300E+01  1.55266E+03
  2.73400E+01  1.55267E+03
  2.73500E+01  1.55268E+03
  2.73600E+01  1.55269E+03
  2.73700E+01  1.55270E+03
  2.73800E+01  1.55271E+03
  2.73900E+01  1.55272E+03
  2.74000E+01  1.55273E+03
  2.74100E+01  1.55274E+03
  2.74200E+01  1.55275E+03
  2.74300E+01  1.55276E+03
  2.74400E+01  1.55277E+03
  2.74500E+01  1.55278E+03
  2.74600E+01  1.55279E+03
  2.74700E+01  1.55280E+03
  2.74800E+01  1.55281E+03
  2.74900E+01  1.55282E+03
  2.75000E+01  1.55283E+03
  2.75100E+01  1.55284E+03
  2.75200E+01  1.55285E+03
  2.75300E+01  1.55286E+03
  2.75400E+01  1.55287E+03
  2.75500E+01  1.55288E+03
  2.75600E+01  1.55289E+03
  2.75700E+01  1.55290E+03
  2.75800E+01  1.55291E+03
  2.75900E+01  1.55292E+03
  2.76000E+01  1.55293E+03
  2.76100E+01  1.55294E+03
  2.76200E+01  1.55295E+03
  2.76300E+01  1.55296E+03
  2.76400E+01  1.55297E+03
  2.76500E+01  1.55298E+03
  2.76600E+01  1.55299E+03
  2.76700E+01  1.55300E+03
  2.76800E+01  1.55301E+03
  2.76900E+01  1.55302E+03
  2.77000E+01  1.55303E+03
  2.77100E+01  1.55304E+03
  2.77200E+01  1.55305E+03
  2.77300E+01  1.55306E+03
  2.77400E+01  1.55307E+03
  2.77500E+01  1.55308E+03
  2.77600E+01  1.55309E+03
  2.77700E+01  1.55310E+03
  2.77800E+01  1.55311E+03
  2.77900E+01  1.55312E+03
  2.78000E+01  1.55313E+03
  2.78100E+01  1.55314E+03
  2.78200E+01  1.55315E+03
  2.78300E+01  1.55316E+03
  2.78400E+01  1.55317E+03
  2.78500E+01  1.55318E+03
  2.78600E+01  1.55319E+03
  2.78700E+01  1.55319E+03
  2.78800E+01  1.55320E+03
  2.78900E+01  1.55321E+03
  2.79000E+01  1.55322E+03
  2.79100E+01  1.55323E+03
  2.79200E+01  1.55324E+03
  2.79300E+01  1.55325E+03
  2.79400E+01  1.55326E+03
  2.79500E+01  1.55327E+03
  2.79600E+01  1.55328E+03
  2.79700E+01  1.55329E+03
  2.79800E+01  1.55330E+03
  2.79900E+01  1.55331E+03
  2.80000E+01  1.55332E+03
  2.80100E+01  1.55333E+03
  2.80200E+01  1.55334E+03
  2.80300E+01  1.55335E+03
  2.80400E+01  1.55336E+03
  2.80500E+01  1.55337E+03
  2.80600E+01  1.55338E+03
  2.80700E+01  1.55339E+03
  2.80800E+01  1.55340E+03
  2.80900E+01  1.55341E+03
  2.81000E+01  1.55342E+03
  2.81100E+01  1.55343E+03
  2.81200E+01  1.55344E+03
  2.81300E+01  1.55345E+03
  2.81400E+01  1.55346E+03
  2.81500E+01  1.55347E+03
  2.81600E+01  1.55348E+03
  2.81700E+01  1.55349E+03
  2.81800E+01  1.55350E+03
  2.81900E+01  1.55351E+03
  2.82000E+01  1.55352E+03
  2.82100E+01  1.55353E+03
  2.82200E+01  1.55353E+03
  2.82300E+01  1.55354E+03
  2.82400E+01  1.55355E+03
  2.82500E+01  1.55356E+03
  2.82600E+01  1.55357E+03
  2.82700E+01  1.55358E+03
  2.82800E+01  1.55359E+03
  2.82900E+01  1.55360E+03
  2.83000E+01  1.55361E+03
  2.83100E+01  1.55362E+03
  2.83200E+01  1.55363E+03
  2.83300E+01  1.55364E+03
  2.83400E+01  1.55365E+03
  2.83500E+01  1.55366E+03
  2.83600E+01  1.55367E+03
  2.83700E+01  1.55368E+03
  2.83800E+01  1.55369E+03
  2.83900E+01  1.55370E+03
  2.84000E+01  1.55371E+03
  2.84100E+01  1.55372E+03
  2.84200E+01  1.55373E+03
  2.84300E+01  1.55373E+03
  2.84400E+01  1.55374E+03
  2.84500E+01  1.55375E+03
  2.84600E+01  1.55376E+03
  2.84700E+01  1.55377E+03
  2.84800E+01  1.55378E+03
  2.84900E+01  1.55379E+03
  2.85000E+01  1.55380E+03
  2.85100E+01  1.55381E+03
  2.85200E+01  1.55382E+03
  2.85300E+01  1.55383E+03
  2.85400E+01  1.55384E+03
  2.85500E+01  1.55385E+03
  2.85600E+01  1.55386E+03
  2.85700E+01  1.55387E+03
  2.85800E+01  1.55388E+03
  2.85900E+01  1.55389E+03
  2.86000E+01  1.55389E+03
  2.86100E+01  1.55390E+03
  2.86200E+01  1.55391E+03
  2.86300E+01  1.55392E+03
  2.86400E+01  1.55393E+03
  2.86500E+01  1.55394E+03
  2.86600E+01  1.55395E+03
  2.86700E+01  1.55396E+03
  2.86800E+01  1.55397E+03
  2.86900E+01  1.55398E+03
  2.87000E+01  1.55399E+03
  2.87100E+01  1.55400E+03
  2.87200E+01  1.55401E+03
  2.87300E+01  1.55402E+03
  2.87400E+01  1.55403E+03
  2.87500E+01  1.55403E+03
  2.87600E+01  1.55404E+03
  2.87700E+01  1.55405E+03
  2.87800E+01  1.55406E+03
  2.87900E+01  1.55407E+03
  2.88000E+01  1.55408E+03
  2.88100E+01  1.55409E+03
  2.88200E+01  1.55410E+03
  2.88300E+01  1.55411E+03
  2.88400E+01  1.55412E+03
  2.88500E+01  1.55413E+03
  2.88600E+01  1.55414E+03
  2.88700E+01  1.55415E+03
  2.88800E+01  1.55416E+03
  2.88900E+01  1.55416E+03
  2.89000E+01  1.55417E+03
  2.89100E+01  1.55418E+03
  2.89200E+01  1.55419E+03
  2.89300E+01  1.55420E+03
  2.89400E+01  1.55421E+03
  2.89500E+01  1.55422E+03
  2.89600E+01  1.55423E+03
  2.89700E+01  1.55424E+03
  2.89800E+01  1.55425E+03
  2.89900E+01  1.55426E+03
  2.90000E+01  1.55427E+03
  2.90100E+01  1.55427E+03
  2.90200E+01  1.55428E+03
  2.90300E+01  1.55429E+03
  2.90400E+01  1.55430E+03
  2.90500E+01  1.55431E+03
  2.90600E+01  1.55432E+03
  2.90700E+01  1.55433E+03
  2.90800E+01  1.55434E+03
  2.90900E+01  1.55435E+03
  2.91000E+01  1.55436E+03
  2.91100E+01  1.55437E+03
  2.91200E+01  1.55437E+03
  2.91300E+01  1.55438E+03
  2.91400E+01  1.55439E+03
  2.91500E+01  1.55440E+03
  2.91600E+01  1.55441E+03
  2.91700E+01  1.55442E+03
  2.91800E+01  1.55443E+03
  2.91900E+01  1.55444E+03
  2.92000E+01  1.55445E+03
  2.92100E+01  1.55446E+03
  2.92200E+01  1.55447E+03
  2.92300E+01  1.55447E+03
  2.92400E+01  1.55448E+03
  2.92500E+01  1.55449E+03
  2.92600E+01  1.55450E+03
  2.92700E+01  1.55451E+03
  2.92800E+01  1.55452E+03
  2.92900E+01  1.55453E+03
  2.93000E+01  1.55454E+03
  2.93100E+01  1.55455E+03
  2.93200E+01  1.55456E+03
  2.93300E+01  1.55456E+03
  2.93400E+01  1.55457E+03
  2.93500E+01  1.55458E+03
  2.93600E+01  1.55459E+03
  2.93700E+01  1.55460E+03
  2.93800E+01  1.55461E+03
  2.93900E+01  1.55462E+03
  2.94000E+01  1.55463E+03
  2.94100E+01  1.55464E+03
  2.94200E+01  1.55465E+03
  2.94300E+01  1.55465E+03
  2.94400E+01  1.55466E+03
  2.94500E+01  1.55467E+03
  2.94600E+01  1.55468E+03
  2.94700E+01  1.55469E+03
  2.94800E+01  1.55470E+03
  2.94900E+01  1.55471E+03
  2.95000E+01  1.55472E+03
  2.95100E+01  1.55473E+03
  2.95200E+01  1.55473E+03
  2.95300E+01  1.55474E+03
  2.95400E+01  1.55475E+03
  2.95500E+01  1.55476E+03
  2.95600E+01  1.55477E+03
  2.95700E+01  1.55478E+03
  2.95800E+01  1.55479E+03
  2.95900E+01  1.55480E+03
  2.96000E+01  1.55481E+03
  2.96100E+01  1.55481E+03
  2.96200E+01  1.55482E+03
  2.96300E+01  1.55483E+03
  2.96400E+01  1.55484E+03
  2.96500E+01  1.55485E+03
  2.96600E+01  1.55486E+03
  2.96700E+01  1.55487E+03
  2.96800E+01  1.55488E+03
  2.96900E+01  1.55488E+03
  2.97000E+01  1.55489E+03
  2.97100E+01  1.55490E+03
  2.97200E+01  1.55491E+03
  2.97300E+01  1.55492E+03
  2.97400E+01  1.55493E+03
  2.97500E+01  1.55494E+03
  2.97600E+01  1.55495E+03
  2.97700E+01  1.55495E+03
  2.97800E+01  1.55496E+03
  2.97900E+01  1.55497E+03
  2.98000E+01  1.55498E+03
  2.98100E+01  1.55499E+03
  2.98200E+01  1.55500E+03
  2.98300E+01  1.55501E+03
  2.98400E+01  1.55502E+03
  2.98500E+01  1.55502E+03
  2.98600E+01  1.55503E+03
  2.98700E+01  1.55504E+03
  2.98800E+01  1.55505E+03
  2.98900E+01  1.55506E+03
  2.99000E+01  1.55507E+03
  2.99100E+01  1.55508E+03
  2.99200E+01  1.55509E+03
  2.99300E+01  1.55509E+03
  2.99400E+01  1.55510E+03
  2.99500E+01  1.55511E+03
  2.99600E+01  1.55512E+03
  2.99700E+01  1.55513E+03
  2.99800E+01  1.55514E+03
  2.99900E+01  1.55515E+03
  3.00000E+01  1.55515E+03
  3.00100E+01  1.55516E+03
  3.00200E+01  1.55517E+03
  3.00300E+01  1.55518E+03
  3.00400E+01  1.55519E+03
  3.00500E+01  1.55520E+03
  3.00600E+01  1.55521E+03
  3.00700E+01  1.55521E+03
  3.00800E+01  1.55522E+03
  3.00900E+01  1.55523E+03
  3.01000E+01  1.55524E+03
  3.01100E+01  1.55525E+03
  3.01200E+01  1.55526E+03
  3.01300E+01  1.55527E+03
  3.01400E+01  1.55527E+03
  3.01500E+01  1.55528E+03
  3.01600E+01  1.55529E+03
  3.01700E+01  1.55530E+03
  3.01800E+01  1.55531E+03
  3.01900E+01  1.55532E+03
  3.02000E+01  1.55533E+03
  3.02100E+01  1.55533E+03
  3.02200E+01  1.55534E+03
  3.02300E+01  1.55535E+03
  3.02400E+01  1.55536E+03
  3.02500E+01  1.55537E+03
  3.02600E+01  1.55538E+03
  3.02700E+01  1.55539E+03
  3.02800E+01  1.55539E+03
  3.02900E+01  1.55540E+03
  3.03000E+01  1.55541E+03
  3.03100E+01  1.55542E+03
  3.03200E+01  1.55543E+03
  3.03300E+01  1.55544E+03
  3.03400E+01  1.55544E+03
  3.03500E+01  1.55545E+03
  3.03600E+01  1.55546E+03
  3.03700E+01  1.55547E+03
  3.03800E+01  1.55548E+03
  3.03900E+01  1.55549E+03
  3.04000E+01  1.55550E+03
  3.04100E+01  1.55550E+03
  3.04200E+01  1.55551E+03
  3.04300E+01  1.55552E+03
  3.04400E+01  1.55553E+03
  3.04500E+01  1.55554E+03
  3.04600E+01  1.55555E+03
  3.04700E+01  1.55555E+03
  3.04800E+01  1.55556E+03
  3.04900E+01  1.55557E+03
  3.05000E+01  1.55558E+03
  3.05100E+01  1.55559E+03
  3.05200E+01  1.55560E+03
  3.05300E+01  1.55560E+03
  3.05400E+01  1.55561E+03
  3.05500E+01  1.55562E+03
  3.05600E+01  1.55563E+03
  3.05700E+01  1.55564E+03
  3.05800E+01  1.55565E+03
  3.05900E+01  1.55565E+03
  3.06000E+01  1.55566E+03
  3.06100E+01  1.55567E+03
  3.06200E+01  1.55568E+03
  3.06300E+01  1.55569E+03
  3.06400E+01  1.55570E+03
  3.06500E+01  1.55570E+03
  3.06600E+01  1.55571E+03
  3.06700E+01  1.55572E+03
  3.06800E+01  1.55573E+03
  3.06900E+01  1.55574E+03
  3.07000E+01  1.55575E+03
  3.07100E+01  1.55575E+03
  3.07200E+01  1.55576E+03
  3.07300E+01  1.55577E+03
  3.07400E+01  1.55578E+03
  3.07500E+01  1.55579E+03
  3.07600E+01  1.55580E+03
  3.07700E+01  1.55580E+03
  3.07800E+01  1.55581E+03
  3.07900E+01  1.55582E+03
  3.08000E+01  1.55583E+03
  3.08100E+01  1.55584E+03
  3.08200E+01  1.55584E+03
  3.08300E+01  1.55585E+03
  3.08400E+01  1.55586E+03
  3.08500E+01  1.55587E+03
  3.08600E+01  1.55588E+03
  3.08700E+01  1.55589E+03
  3.08800E+01  1.55589E+03
  3.08900E+01  1.55590E+03
  3.09000E+01  1.55591E+03
  3.09100E+01  1.55592E+03
  3.09200E+01  1.55593E+03
  3.09300E+01  1.55593E+03
  3.09400E+01  1.55594E+03
  3.09500E+01  1.55595E+03
  3.09600E+01  1.55596E+03
  3.09700E+01  1.55597E+03
  3.09800E+01  1.55597E+03
  3.09900E+01  1.55598E+03
  3.10000E+01  1.55599E+03
  3.10100E+01  1.55600E+03
  3.10200E+01  1.55601E+03
  3.10300E+01  1.55602E+03
  3.10400E+01  1.55602E+03
  3.10500E+01  1.55603E+03
  3.10600E+01  1.55604E+03
  3.10700E+01  1.55605E+03
  3.10800E+01  1.55606E+03
  3.10900E+01  1.55606E+03
  3.11000E+01  1.55607E+03
  3.11100E+01  1.55608E+03
  3.11200E+01  1.55609E+03
  3.11300E+01  1.55610E+03
  3.11400E+01  1.55610E+03
  3.11500E+01  1.55611E+03
  3.11600E+01  1.55612E+03
  3.11700E+01  1.55613E+03
  3.11800E+01  1.55614E+03
  3.11900E+01  1.55614E+03
  3.12000E+01  1.55615E+03
  3.12100E+01  1.55616E+03
  3.12200E+01  1.55617E+03
  3.12300E+01  1.55618E+03
  3.12400E+01  1.55618E+03
  3.12500E+01  1.55619E+03
  3.12600E+01  1.55620E+03
  3.12700E+01  1.55621E+03
  3.12800E+01  1.55622E+03
  3.12900E+01  1.55622E+03
  3.13000E+01  1.55623E+03
  3.13100E+01  1.55624E+03
  3.13200E+01  1.55625E+03
  3.13300E+01  1.55626E+03
  3.13400E+01  1.55626E+03
  3.13500E+01  1.55627E+03
  3.13600E+01  1.55628E+03
  3.13700E+01  1.55629E+03
  3.13800E+01  1.55630E+03
  3.13900E+01  1.55630E+03
  3.14000E+01  1.55631E+03
  3.14100E+01  1.55632E+03
  3.14200E+01  1.55633E+03
  3.14300E+01  1.55633E+03
  3.14400E+01  1.55634E+03
  3.14500E+01  1.55635E+03
  3.14600E+01  1.55636E+03
  3.14700E+01  1.55637E+03
  3.14800E+01  1.55637E+03
  3.14900E+01  1.55638E+03
  3.15000E+01  1.55639E+03
  3.15100E+01  1.55640E+03
  3.15200E+01  1.55641E+03
  3.15300E+01  1.55641E+03
  3.15400E+01  1.55642E+03
  3.15500E+01  1.55643E+03
  3.15600E+01  1.55644E+03
  3.15700E+01  1.55644E+03
  3.15800E+01  1.55645E+03
  3.15900E+01  1.55646E+03
  3.16000E+01  1.55647E+03
  3.16100E+01  1.55648E+03
  3.16200E+01  1.55648E+03
  3.16300E+01  1.55649E+03
  3.16400E+01  1.55650E+03
  3.16500E+01  1.55651E+03
  3.16600E+01  1.55651E+03
  3.16700E+01  1.55652E+03
  3.16800E+01  1.55653E+03
  3.16900E+01  1.55654E+03
  3.17000E+01  1.55655E+03
  3.17100E+01  1.55655E+03
  3.17200E+01  1.55656E+03
  3.17300E+01  1.55657E+03
  3.17400E+01  1.55658E+03
  3.17500E+01  1.55658E+03
  3.17600E+01  1.55659E+03
  3.17700E+01  1.55660E+03
  3.17800E+01  1.55661E+03
  3.17900E+01  1.55662E+03
  3.18000E+01  1.55662E+03
  3.18100E+01  1.55663E+03
  3.18200E+01  1.55664E+03
  3.18300E+01  1.55665E+03
  3.18400E+01  1.55665E+03
  3.18500E+01  1.55666E+03
  3.18600E+01  1.55667E+03
  3.18700E+01  1.55668E+03
  3.18800E+01  1.55668E+03
  3.18900E+01  1.55669E+03
  3.19000E+01  1.55670E+03
  3.19100E+01  1.55671E+03
  3.19200E+01  1.55672E+03
  3.19300E+01  1.55672E+03
  3.19400E+01  1.55673E+03
  3.19500E+01  1.55674E+03
  3.19600E+01  1.55675E+03
  3.19700E+01  1.55675E+03
  3.19800E+01  1.55676E+03
  3.19900E+01  1.55677E+03
  3.20000E+01  1.55678E+03
  3.20100E+01  1.55678E+03
  3.20200E+01  1.55679E+03
  3.20300E+01  1.55680E+03
  3.20400E+01  1.55681E+03
  3.20500E+01  1.55681E+03
  3.20600E+01  1.55682E+03
  3.20700E+01  1.55683E+03
  3.20800E+01  1.55684E+03
  3.20900E+01  1.55685E+03
  3.21000E+01  1.55685E+03
  3.21100E+01  1.55686E+03
  3.21200E+01  1.55687E+03
  3.21300E+01  1.55688E+03
  3.21400E+01  1.55688E+03
  3.21500E+01  1.55689E+03
  3.21600E+01  1.55690E+03
  3.21700E+01  1.55691E+03
  3.21800E+01  1.55691E+03
  3.21900E+01  1.55692E+03
  3.22000E+01  1.55693E+03
  3.22100E+01  1.55694E+03
  3.22200E+01  1.55694E+03
  3.22300E+01  1.55695E+03
  3.22400E+01  1.55696E+03
  3.22500E+01  1.55697E+03
  3.22600E+01  1.55697E+03
  3.22700E+01  1.55698E+03
  3.22800E+01  1.55699E+03
  3.22900E+01  1.55700E+03
  3.23000E+01  1.55700E+03
  3.23100E+01  1.55701E+03
  3.23200E+01  1.55702E+03
  3.23300E+01  1.55703E+03
  3.23400E+01  1.55703E+03
  3.23500E+01  1.55704E+03
  3.23600E+01  1.55705E+03
  3.23700E+01  1.55706E+03
  3.23800E+01  1.55706E+03
  3.23900E+01  1.55707E+03
  3.24000E+01  1.55708E+03
  3.24100E+01  1.55709E+03
  3.24200E+01  1.55709E+03
  3.24300E+01  1.55710E+03
  3.24400E+01  1.55711E+03
  3.24500E+01  1.55712E+03
  3.24600E+01  1.55712E+03
  3.24700E+01  1.55713E+03
  3.24800E+01  1.55714E+03
  3.24900E+01  1.55715E+03
  3.25000E+01  1.55715E+03
  3.25100E+01  1.55716E+03
  3.25200E+01  1.55717E+03
  3.25300E+01  1.55717E+03
  3.25400E+01  1.55718E+03
  3.25500E+01  1.55719E+03
  3.25600E+01  1.55720E+03
  3.25700E+01  1.55720E+03
  3.25800E+01  1.55721E+03
  3.25900E+01  1.55722E+03
  3.26000E+01  1.55723E+03
  3.26100E+01  1.55723E+03
  3.26200E+01  1.55724E+03
  3.26300E+01  1.55725E+03
  3.26400E+01  1.55726E+03
  3.26500E+01  1.55726E+03
  3.26600E+01  1.55727E+03
  3.26700E+01  1.55728E+03
  3.26800E+01  1.55729E+03
  3.26900E+01  1.55729E+03
  3.27000E+01  1.55730E+03
  3.27100E+01  1.55731E+03
  3.27200E+01  1.55731E+03
  3.27300E+01  1.55732E+03
  3.27400E+01  1.55733E+03
  3.27500E+01  1.55734E+03
  3.27600E+01  1.55734E+03
  3.27700E+01  1.55735E+03
  3.27800E+01  1.55736E+03
  3.27900E+01  1.55737E+03
  3.28000E+01  1.55737E+03
  3.28100E+01  1.55738E+03
  3.28200E+01  1.55739E+03
  3.28300E+01  1.55739E+03
  3.28400E+01  1.55740E+03
  3.28500E+01  1.55741E+03
  3.28600E+01  1.55742E+03
  3.28700E+01  1.55742E+03
  3.28800E+01  1.55743E+03
  3.28900E+01  1.55744E+03
  3.29000E+01  1.55745E+03
  3.29100E+01  1.55745E+03
  3.29200E+01  1.55746E+03
  3.29300E+01  1.55747E+03
  3.29400E+01  1.55747E+03
  3.29500E+01  1.55748E+03
  3.29600E+01  1.55749E+03
  3.29700E+01  1.55750E+03
  3.29800E+01  1.55750E+03
  3.29900E+01  1.55751E+03
  3.30000E+01  1.55752E+03
  3.30100E+01  1.55752E+03
  3.30200E+01  1.55753E+03
  3.30300E+01  1.55754E+03
  3.30400E+01  1.55755E+03
  3.30500E+01  1.55755E+03
  3.30600E+01  1.55756E+03
  3.30700E+01  1.55757E+03
  3.30800E+01  1.55758E+03
  3.30900E+01  1.55758E+03
  3.31000E+01  1.55759E+03
  3.31100E+01  1.55760E+03
  3.31200E+01  1.55760E+03
  3.31300E+01  1.55761E+03
  3.31400E+01  1.55762E+03
  3.31500E+01  1.55763E+03
  3.31600E+01  1.55763E+03
  3.31700E+01  1.55764E+03
  3.31800E+01  1.55765E+03
  3.31900E+01  1.55765E+03
  3.32000E+01  1.55766E+03
  3.32100E+01  1.55767E+03
  3.32200E+01  1.55768E+03
  3.32300E+01  1.55768E+03
  3.32400E+01  1.55769E+03
  3.32500E+01  1.55770E+03
  3.32600E+01  1.55770E+03
  3.32700E+01  1.55771E+03
  3.32800E+01  1.55772E+03
  3.32900E+01  1.55773E+03
  3.33000E+01  1.55773E+03
  3.33100E+01  1.55774E+03
  3.33200E+01  1.55775E+03
  3.33300E+01  1.55775E+03
  3.33400E+01  1.55776E+03
  3.33500E+01  1.55777E+03
  3.33600E+01  1.55777E+03
  3.33700E+01  1.55778E+03
  3.33800E+01  1.55779E+03
  3.33900E+01  1.55780E+03
  3.34000E+01  1.55780E+03
  3.34100E+01  1.55781E+03
  3.34200E+01  1.55782E+03
  3.34300E+01  1.55782E+03
  3.34400E+01  1.55783E+03
  3.34500E+01  1.55784E+03
  3.34600E+01  1.55785E+03
  3.34700E+01  1.55785E+03
  3.34800E+01  1.55786E+03
  3.34900E+01  1.55787E+03
  3.35000E+01  1.55787E+03
  3.35100E+01  1.55788E+03
  3.35200E+01  1.55789E+03
  3.35300E+01  1.55789E+03
  3.35400E+01  1.55790E+03
  3.35500E+01  1.55791E+03
  3.35600E+01  1.55792E+03
  3.35700E+01  1.55792E+03
  3.35800E+01  1.55793E+03
  3.35900E+01  1.55794E+03
  3.36000E+01  1.55794E+03
  3.36100E+01  1.55795E+03
  3.36200E+01  1.55796E+03
  3.36300E+01  1.55796E+03
  3.36400E+01  1.55797E+03
  3.36500E+01  1.55798E+03
  3.36600E+01  1.55798E+03
  3.36700E+01  1.55799E+03
  3.36800E+01  1.55800E+03
  3.36900E+01  1.55801E+03
  3.37000E+01  1.55801E+03
  3.37100E+01  1.55802E+03
  3.37200E+01  1.55803E+03
  3.37300E+01  1.55803E+03
  3.37400E+01  1.55804E+03
  3.37500E+01  1.55805E+03
  3.37600E+01  1.55805E+03
  3.37700E+01  1.55806E+03
  3.37800E+01  1.55807E+03
  3.37900E+01  1.55808E+03
  3.38000E+01  1.55808E+03
  3.38100E+01  1.55809E+03
  3.38200E+01  1.55810E+03
  3.38300E+01  1.55810E+03
  3.38400E+01  1.55811E+03
  3.38500E+01  1.55812E+03
  3.38600E+01  1.55812E+03
  3.38700E+01  1.55813E+03
  3.38800E+01  1.55814E+03
  3.38900E+01  1.55814E+03
  3.39000E+01  1.55815E+03
  3.39100E+01  1.55816E+03
  3.39200E+01  1.55816E+03
  3.39300E+01  1.55817E+03
  3.39400E+01  1.55818E+03
  3.39500E+01  1.55819E+03
  3.39600E+01  1.55819E+03
  3.39700E+01  1.55820E+03
  3.39800E+01  1.55821E+03
  3.39900E+01  1.55821E+03
  3.40000E+01  1.55822E+03
  3.40100E+01  1.55823E+03
  3.40200E+01  1.55823E+03
  3.40300E+01  1.55824E+03
  3.40400E+01  1.55825E+03
  3.40500E+01  1.55825E+03
  3.40600E+01  1.55826E+03
  3.40700E+01  1.55827E+03
  3.40800E+01  1.55827E+03
  3.40900E+01  1.55828E+03
  3.41000E+01  1.55829E+03
  3.41100E+01  1.55829E+03
  3.41200E+01  1.55830E+03
  3.41300E+01  1.55831E+03
  3.41400E+01  1.55831E+03
  3.41500E+01  1.55832E+03
  3.41600E+01  1.55833E+03
  3.41700E+01  1.55833E+03
  3.41800E+01  1.55834E+03
  3.41900E+01  1.55835E+03
  3.42000E+01  1.55836E+03
  3.42100E+01  1.55836E+03
  3.42200E+01  1.55837E+03
  3.42300E+01  1.55838E+03
  3.42400E+01  1.55838E+03
  3.42500E+01  1.55839E+03
  3.42600E+01  1.55840E+03
  3.42700E+01  1.55840E+03
  3.42800E+01  1.55841E+03
  3.42900E+01  1.55842E+03
  3.43000E+01  1.55842E+03
  3.43100E+01  1.55843E+03
  3.43200E+01  1.55844E+03
  3.43300E+01  1.55844E+03
  3.43400E+01  1.55845E+03
  3.43500E+01  1.55846E+03
  3.43600E+01  1.55846E+03
  3.43700E+01  1.55847E+03
  3.43800E+01  1.55848E+03
  3.43900E+01  1.55848E+03
  3.44000E+01  1.55849E+03
  3.44100E+01  1.55850E+03
  3.44200E+01  1.55850E+03
  3.44300E+01  1.55851E+03
  3.44400E+01  1.55852E+03
  3.44500E+01  1.55852E+03
  3.44600E+01  1.55853E+03
  3.44700E+01  1.55854E+03
  3.44800E+01  1.55854E+03
  3.44900E+01  1.55855E+03
  3.45000E+01  1.55856E+03
  3.45100E+01  1.55856E+03
  3.45200E+01  1.55857E+03
  3.45300E+01  1.55858E+03
  3.45400E+01  1.55858E+03
  3.45500E+01  1.55859E+03
  3.45600E+01  1.55860E+03
  3.45700E+01  1.55860E+03
  3.45800E+01  1.55861E+03
  3.45900E+01  1.55862E+03
  3.46000E+01  1.55862E+03
  3.46100E+01  1.55863E+03
  3.46200E+01  1.55864E+03
  3.46300E+01  1.55864E+03
  3.46400E+01  1.55865E+03
  3.46500E+01  1.55866E+03
  3.46600E+01  1.55866E+03
  3.46700E+01  1.55867E+03
  3.46800E+01  1.55868E+03
  3.46900E+01  1.55868E+03
  3.47000E+01  1.55869E+03
  3.47100E+01  1.55870E+03
  3.47200E+01  1.55870E+03
  3.47300E+01  1.55871E+03
  3.47400E+01  1.55872E+03
  3.47500E+01  1.55872E+03
  3.47600E+01  1.55873E+03
  3.47700E+01  1.55873E+03
  3.47800E+01  1.55874E+03
  3.47900E+01  1.55875E+03
  3.48000E+01  1.55875E+03
  3.48100E+01  1.55876E+03
  3.48200E+01  1.55877E+03
  3.48300E+01  1.55877E+03
  3.48400E+01  1.55878E+03
  3.48500E+01  1.55879E+03
  3.48600E+01  1.55879E+03
  3.48700E+01  1.55880E+03
  3.48800E+01  1.55881E+03
  3.48900E+01  1.55881E+03
  3.49000E+01  1.55882E+03
  3.49100E+01  1.55883E+03
  3.49200E+01  1.55883E+03
  3.49300E+01  1.55884E+03
  3.49400E+01  1.55885E+03
  3.49500E+01  1.55885E+03
  3.49600E+01  1.55886E+03
  3.49700E+01  1.55887E+03
  3.49800E+01  1.55887E+03
  3.49900E+01  1.55888E+03
  3.50000E+01  1.55888E+03
  3.50100E+01  1.55889E+03
  3.50200E+01  1.55890E+03
  3.50300E+01  1.55890E+03
  3.50400E+01  1.55891E+03
  3.50500E+01  1.55892E+03
  3.50600E+01  1.55892E+03
  3.50700E+01  1.55893E+03
  3.50800E+01  1.55894E+03
  3.50900E+01  1.55894E+03
  3.51000E+01  1.55895E+03
  3.51100E+01  1.55896E+03
  3.51200E+01  1.55896E+03
  3.51300E+01  1.55897E+03
  3.51400E+01  1.55898E+03
  3.51500E+01  1.55898E+03
  3.51600E+01  1.55899E+03
  3.51700E+01  1.55899E+03
  3.51800E+01  1.55900E+03
  3.51900E+01  1.55901E+03
  3.52000E+01  1.55901E+03
  3.52100E+01  1.55902E+03
  3.52200E+01  1.55903E+03
  3.52300E+01  1.55903E+03
  3.52400E+01  1.55904E+03
  3.52500E+01  1.55905E+03
  3.52600E+01  1.55905E+03
  3.52700E+01  1.55906E+03
  3.52800E+01  1.55907E+03
  3.52900E+01  1.55907E+03
  3.53000E+01  1.55908E+03
  3.53100E+01  1.55908E+03
  3.53200E+01  1.55909E+03
  3.53300E+01  1.55910E+03
  3.53400E+01  1.55910E+03
  3.53500E+01  1.55911E+03
  3.53600E+01  1.55912E+03
  3.53700E+01  1.55912E+03
  3.53800E+01  1.55913E+03
  3.53900E+01  1.55914E+03
  3.54000E+01  1.55914E+03
  3.54100E+01  1.55915E+03
  3.54200E+01  1.55915E+03
  3.54300E+01  1.55916E+03
  3.54400E+01  1.55917E+03
  3.54500E+01  1.55917E+03
  3.54600E+01  1.55918E+03
  3.54700E+01  1.55919E+03
  3.54800E+01  1.55919E+03
  3.54900E+01  1.55920E+03
  3.55000E+01  1.55921E+03
  3.55100E+01  1.55921E+03
  3.55200E+01  1.55922E+03
  3.55300E+01  1.55922E+03
  3.55400E+01  1.55923E+03
  3.55500E+01  1.55924E+03
  3.55600E+01  1.55924E+03
  3.55700E+01  1.55925E+03
  3.55800E+01  1.55926E+03
  3.55900E+01  1.55926E+03
  3.56000E+01  1.55927E+03
  3.56100E+01  1.55927E+03
  3.56200E+01  1.55928E+03
  3.56300E+01  1.55929E+03
  3.56400E+01  1.55929E+03
  3.56500E+01  1.55930E+03
  3.56600E+01  1.55931E+03
  3.56700E+01  1.55931E+03
  3.56800E+01  1.55932E+03
  3.56900E+01  1.55932E+03
  3.57000E+01  1.55933E+03
  3.57100E+01  1.55934E+03
  3.57200E+01  1.55934E+03
  3.57300E+01  1.55935E+03
  3.57400E+01  1.55936E+03
  3.57500E+01  1.55936E+03
  3.57600E+01  1.55937E+03
  3.57700E+01  1.55937E+03
  3.57800E+01  1.55938E+03
  3.57900E+01  1.55939E+03
  3.58000E+01  1.55939E+03
  3.58100E+01  1.55940E+03
  3.58200E+01  1.55941E+03
  3.58300E+01  1.55941E+03
  3.58400E+01  1.55942E+03
  3.58500E+01  1.55942E+03
  3.58600E+01  1.55943E+03
  3.58700E+01  1.55944E+03
  3.58800E+01  1.55944E+03
  3.58900E+01  1.55945E+03
  3.59000E+01  1.55946E+03
  3.59100E+01  1.55946E+03
  3.59200E+01  1.55947E+03
  3.59300E+01  1.55947E+03
  3.59400E+01  1.55948E+03
  3.59500E+01  1.55949E+03
  3.59600E+01  1.55949E+03
  3.59700E+01  1.55950E+03
  3.59800E+01  1.55950E+03
  3.59900E+01  1.55951E+03
  3.60000E+01  1.55952E+03
  3.60100E+01  1.55952E+03
  3.60200E+01  1.55953E+03
  3.60300E+01  1.55954E+03
  3.60400E+01  1.55954E+03
  3.60500E+01  1.55955E+03
  3.60600E+01  1.55955E+03
  3.60700E+01  1.55956E+03
  3.60800E+01  1.55957E+03
  3.60900E+01  1.55957E+03
  3.61000E+01  1.55958E+03
  3.61100E+01  1.55958E+03
  3.61200E+01  1.55959E+03
  3.61300E+01  1.55960E+03
  3.61400E+01  1.55960E+03
  3.61500E+01  1.55961E+03
  3.61600E+01  1.55961E+03
  3.61700E+01  1.55962E+03
  3.61800E+01  1.55963E+03
  3.61900E+01  1.55963E+03
  3.62000E+01  1.55964E+03
  3.62100E+01  1.55965E+03
  3.62200E+01  1.55965E+03
  3.62300E+01  1.55966E+03
  3.62400E+01  1.55966E+03
  3.62500E+01  1.55967E+03
  3.62600E+01  1.55968E+03
  3.62700E+01  1.55968E+03
  3.62800E+01  1.55969E+03
  3.62900E+01  1.55969E+03
  3.63000E+01  1.55970E+03
  3.63100E+01  1.55971E+03
  3.63200E+01  1.55971E+03
  3.63300E+01  1.55972E+03
  3.63400E+01  1.55972E+03
  3.63500E+01  1.55973E+03
  3.63600E+01  1.55974E+03
  3.63700E+01  1.55974E+03
  3.63800E+01  1.55975E+03
  3.63900E+01  1.55975E+03
  3.64000E+01  1.55976E+03
  3.64100E+01  1.55977E+03
  3.64200E+01  1.55977E+03
  3.64300E+01  1.55978E+03
  3.64400E+01  1.55978E+03
  3.64500E+01  1.55979E+03
  3.64600E+01  1.55980E+03
  3.64700E+01  1.55980E+03
  3.64800E+01  1.55981E+03
  3.64900E+01  1.55981E+03
  3.65000E+01  1.55982E+03
  3.65100E+01  1.55983E+03
  3.65200E+01  1.55983E+03
  3.65300E+01  1.55984E+03
  3.65400E+01  1.55984E+03
  3.65500E+01  1.55985E+03
  3.65600E+01  1.55985E+03
  3.65700E+01  1.55986E+03
  3.65800E+01  1.55987E+03
  3.65900E+01  1.55987E+03
  3.66000E+01  1.55988E+03
  3.66100E+01  1.55988E+03
  3.66200E+01  1.55989E+03
  3.66300E+01  1.55990E+03
  3.66400E+01  1.55990E+03
  3.66500E+01  1.55991E+03
  3.66600E+01  1.55991E+03
  3.66700E+01  1.55992E+03
  3.66800E+01  1.55993E+03
  3.66900E+01  1.55993E+03
  3.67000E+01  1.55994E+03
  3.67100E+01  1.55994E+03
  3.67200E+01  1.55995E+03
  3.67300E+01  1.55996E+03
  3.67400E+01  1.55996E+03
  3.67500E+01  1.55997E+03
  3.67600E+01  1.55997E+03
  3.67700E+01  1.55998E+03
  3.67800E+01  1.55998E+03
  3.67900E+01  1.55999E+03
  3.68000E+01  1.56000E+03
  3.68100E+01  1.56000E+03
  3.68200E+01  1.56001E+03
  3.68300E+01  1.56001E+03
  3.68400E+01  1.56002E+03
  3.68500E+01  1.56003E+03
  3.68600E+01  1.56003E+03
  3.68700E+01  1.56004E+03
  3.68800E+01  1.56004E+03
  3.68900E+01  1.56005E+03
  3.69000E+01  1.56005E+03
  3.69100E+01  1.56006E+03
  3.69200E+01  1.56007E+03
  3.69300E+01  1.56007E+03
  3.69400E+01  1.56008E+03
  3.69500E+01  1.56008E+03
  3.69600E+01  1.56009E+03
  3.69700E+01  1.56010E+03
  3.69800E+01  1.56010E+03
  3.69900E+01  1.56011E+03
  3.70000E+01  1.56011E+03
  3.70100E+01  1.56012E+03
  3.70200E+01  1.56012E+03
  3.70300E+01  1.56013E+03
  3.70400E+01  1.56014E+03
  3.70500E+01  1.56014E+03
  3.70600E+01  1.56015E+03
  3.70700E+01  1.56015E+03
  3.70800E+01  1.56016E+03
  3.70900E+01  1.56016E+03
  3.71000E+01  1.56017E+03
  3.71100E+01  1.56018E+03
  3.71200E+01  1.56018E+03
  3.71300E+01  1.56019E+03
  3.71400E+01  1.56019E+03
  3.71500E+01  1.56020E+03
  3.71600E+01  1.56021E+03
  3.71700E+01  1.56021E+03
  3.71800E+01  1.56022E+03
  3.71900E+01  1.56022E+03
  3.72000E+01  1.56023E+03
  3.72100E+01  1.56023E+03
  3.72200E+01  1.56024E+03
  3.72300E+01  1.56025E+03
  3.72400E+01  1.56025E+03
  3.72500E+01  1.56026E+03
  3.72600E+01  1.56026E+03
  3.72700E+01  1.56027E+03
  3.72800E+01  1.56027E+03
  3.72900E+01  1.56028E+03
  3.73000E+01  1.56029E+03
  3.73100E+01  1.56029E+03
  3.73200E+01  1.56030E+03
  3.73300E+01  1.56030E+03
  3.73400E+01  1.56031E+03
  3.73500E+01  1.56031E+03
  3.73600E+01  1.56032E+03
  3.73700E+01  1.56032E+03
  3.73800E+01  1.56033E+03
  3.73900E+01  1.56034E+03
  3.74000E+01  1.56034E+03
  3.74100E+01  1.56035E+03
  3.74200E+01  1.56035E+03
  3.74300E+01  1.56036E+03
  3.74400E+01  1.56036E+03
  3.74500E+01  1.56037E+03
  3.74600E+01  1.56038E+03
  3.74700E+01  1.56038E+03
  3.74800E+01  1.56039E+03
  3.74900E+01  1.56039E+03
  3.75000E+01  1.56040E+03
  3.75100E+01  1.56040E+03
  3.75200E+01  1.56041E+03
  3.75300E+01  1.56042E+03
  3.75400E+01  1.56042E+03
  3.75500E+01  1.56043E+03
  3.75600E+01  1.56043E+03
  3.75700E+01  1.56044E+03
  3.75800E+01  1.56044E+03
  3.75900E+01  1.56045E+03
  3.76000E+01  1.56045E+03
  3.76100E+01  1.56046E+03
  3.76200E+01  1.56047E+03
  3.76300E+01  1.56047E+03
  3.76400E+01  1.56048E+03
  3.76500E+01  1.56048E+03
  3.76600E+01  1.56049E+03
  3.76700E+01  1.56049E+03
  3.76800E+01  1.56050E+03
  3.76900E+01  1.56050E+03
  3.77000E+01  1.56051E+03
  3.77100E+01  1.56052E+03
  3.77200E+01  1.56052E+03
  3.77300E+01  1.56053E+03
  3.77400E+01  1.56053E+03
  3.77500E+01  1.56054E+03
  3.77600E+01  1.56054E+03
  3.77700E+01  1.56055E+03
  3.77800E+01  1.56056E+03
  3.77900E+01  1.56056E+03
  3.78000E+01  1.56057E+03
  3.78100E+01  1.56057E+03
  3.78200E+01  1.56058E+03
  3.78300E+01  1.56058E+03
  3.78400E+01  1.56059E+03
  3.78500E+01  1.56059E+03
  3.78600E+01  1.56060E+03
  3.78700E+01  1.56061E+03
  3.78800E+01  1.56061E+03
  3.78900E+01  1.56062E+03
  3.79000E+01  1.56062E+03
  3.79100E+01  1.56063E+03
  3.79200E+01  1.56063E+03
  3.79300E+01  1.56064E+03
  3.79400E+01  1.56064E+03
  3.79500E+01  1.56065E+03
  3.79600E+01  1.56065E+03
  3.79700E+01  1.56066E+03
  3.79800E+01  1.56067E+03
  3.79900E+01  1.56067E+03
  3.80000E+01  1.56068E+03
  3.80100E+01  1.56068E+03
  3.80200E+01  1.56069E+03
  3.80300E+01  1.56069E+03
  3.80400E+01  1.56070E+03
  3.80500E+01  1.56070E+03
  3.80600E+01  1.56071E+03
  3.80700E+01  1.56072E+03
  3.80800E+01  1.56072E+03
  3.80900E+01  1.56073E+03
  3.81000E+01  1.56073E+03
  3.81100E+01  1.56074E+03
  3.81200E+01  1.56074E+03
  3.81300E+01  1.56075E+03
  3.81400E+01  1.56075E+03
  3.81500E+01  1.56076E+03
  3.81600E+01  1.56076E+03
  3.81700E+01  1.56077E+03
  3.81800E+01  1.56078E+03
  3.81900E+01  1.56078E+03
  3.82000E+01  1.56079E+03
  3.82100E+01  1.56079E+03
  3.82200E+01  1.56080E+03
  3.82300E+01  1.56080E+03
  3.82400E+01  1.56081E+03
  3.82500E+01  1.56081E+03
  3.82600E+01  1.56082E+03
  3.82700E+01  1.56082E+03
  3.82800E+01  1.56083E+03
  3.82900E+01  1.56084E+03
  3.83000E+01  1.56084E+03
  3.83100E+01  1.56085E+03
  3.83200E+01  1.56085E+03
  3.83300E+01  1.56086E+03
  3.83400E+01  1.56086E+03
  3.83500E+01  1.56087E+03
  3.83600E+01  1.56087E+03
  3.83700E+01  1.56088E+03
  3.83800E+01  1.56088E+03
  3.83900E+01  1.56089E+03
  3.84000E+01  1.56089E+03
  3.84100E+01  1.56090E+03
  3.84200E+01  1.56091E+03
  3.84300E+01  1.56091E+03
  3.84400E+01  1.56092E+03
  3.84500E+01  1.56092E+03
  3.84600E+01  1.56093E+03
  3.84700E+01  1.56093E+03
  3.84800E+01  1.56094E+03
  3.84900E+01  1.56094E+03
  3.85000E+01  1.56095E+03
  3.85100E+01  1.56095E+03
  3.85200E+01  1.56096E+03
  3.85300E+01  1.56097E+03
  3.85400E+01  1.56097E+03
  3.85500E+01  1.56098E+03
  3.85600E+01  1.56098E+03
  3.85700E+01  1.56099E+03
  3.85800E+01  1.56099E+03
  3.85900E+01  1.56100E+03
  3.86000E+01  1.56100E+03
  3.86100E+01  1.56101E+03
  3.86200E+01  1.56101E+03
  3.86300E+01  1.56102E+03
  3.86400E+01  1.56102E+03
  3.86500E+01  1.56103E+03
  3.86600E+01  1.56103E+03
  3.86700E+01  1.56104E+03
  3.86800E+01  1.56105E+03
  3.86900E+01  1.56105E+03
  3.87000E+01  1.56106E+03
  3.87100E+01  1.56106E+03
  3.87200E+01  1.56107E+03
  3.87300E+01  1.56107E+03
  3.87400E+01  1.56108E+03
  3.87500E+01  1.56108E+03
  3.87600E+01  1.56109E+03
  3.87700E+01  1.56109E+03
  3.87800E+01  1.56110E+03
  3.87900E+01  1.56110E+03
  3.88000E+01  1.56111E+03
  3.88100E+01  1.56111E+03
  3.88200E+01  1.56112E+03
  3.88300E+01  1.56113E+03
  3.88400E+01  1.56113E+03
  3.88500E+01  1.56114E+03
  3.88600E+01  1.56114E+03
  3.88700E+01  1.56115E+03
  3.88800E+01  1.56115E+03
  3.88900E+01  1.56116E+03
  3.89000E+01  1.56116E+03
  3.89100E+01  1.56117E+03
  3.89200E+01  1.56117E+03
  3.89300E+01  1.56118E+03
  3.89400E+01  1.56118E+03
  3.89500E+01  1.56119E+03
  3.89600E+01  1.56119E+03
  3.89700E+01  1.56120E+03
  3.89800E+01  1.56120E+03
  3.89900E+01  1.56121E+03
  3.90000E+01  1.56121E+03
  3.90100E+01  1.56122E+03
  3.90200E+01  1.56123E+03
  3.90300E+01  1.56123E+03
  3.90400E+01  1.56124E+03
  3.90500E+01  1.56124E+03
  3.90600E+01  1.56125E+03
  3.90700E+01  1.56125E+03
  3.90800E+01  1.56126E+03
  3.90900E+01  1.56126E+03
  3.91000E+01  1.56127E+03
  3.91100E+01  1.56127E+03
  3.91200E+01  1.56128E+03
  3.91300E+01  1.56128E+03
  3.91400E+01  1.56129E+03
  3.91500E+01  1.56129E+03
  3.91600E+01  1.56130E+03
  3.91700E+01  1.56130E+03
  3.91800E+01  1.56131E+03
  3.91900E+01  1.56131E+03
  3.92000E+01  1.56132E+03
  3.92100E+01  1.56132E+03
  3.92200E+01  1.56133E+03
  3.92300E+01  1.56134E+03
  3.92400E+01  1.56134E+03
  3.92500E+01  1.56135E+03
  3.92600E+01  1.56135E+03
  3.92700E+01  1.56136E+03
  3.92800E+01  1.56136E+03
  3.92900E+01  1.56137E+03
  3.93000E+01  1.56137E+03
  3.93100E+01  1.56138E+03
  3.93200E+01  1.56138E+03
  3.93300E+01  1.56139E+03
  3.93400E+01  1.56139E+03
  3.93500E+01  1.56140E+03
  3.93600E+01  1.56140E+03
  3.93700E+01  1.56141E+03
  3.93800E+01  1.56141E+03
  3.93900E+01  1.56142E+03
  3.94000E+01  1.56142E+03
  3.94100E+01  1.56143E+03
  3.94200E+01  1.56143E+03
  3.94300E+01  1.56144E+03
  3.94400E+01  1.56144E+03
  3.94500E+01  1.56145E+03
  3.94600E+01  1.56145E+03
  3.94700E+01  1.56146E+03
  3.94800E+01  1.56146E+03
  3.94900E+01  1.56147E+03
  3.95000E+01  1.56148E+03
  3.95100E+01  1.56148E+03
  3.95200E+01  1.56149E+03
  3.95300E+01  1.56149E+03
  3.95400E+01  1.56150E+03
  3.95500E+01  1.56150E+03
  3.95600E+01  1.56151E+03
  3.95700E+01  1.56151E+03
  3.95800E+01  1.56152E+03
  3.95900E+01  1.56152E+03
  3.96000E+01  1.56153E+03
  3.96100E+01  1.56153E+03
  3.96200E+01  1.56154E+03
  3.96300E+01  1.56154E+03
  3.96400E+01  1.56155E+03
  3.96500E+01  1.56155E+03
  3.96600E+01  1.56156E+03
  3.96700E+01  1.56156E+03
  3.96800E+01  1.56157E+03
  3.96900E+01  1.56157E+03
  3.97000E+01  1.56158E+03
  3.97100E+01  1.56158E+03
  3.97200E+01  1.56159E+03
  3.97300E+01  1.56159E+03
  3.97400E+01  1.56160E+03
  3.97500E+01  1.56160E+03
  3.97600E+01  1.56161E+03
  3.97700E+01  1.56161E+03
  3.97800E+01  1.56162E+03
  3.97900E+01  1.56162E+03
  3.98000E+01  1.56163E+03
  3.98100E+01  1.56163E+03
  3.98200E+01  1.56164E+03
  3.98300E+01  1.56164E+03
  3.98400E+01  1.56165E+03
  3.98500E+01  1.56165E+03
  3.98600E+01  1.56166E+03
  3.98700E+01  1.56166E+03
  3.98800E+01  1.56167E+03
  3.98900E+01  1.56167E+03
  3.99000E+01  1.56168E+03
  3.99100E+01  1.56168E+03
  3.99200E+01  1.56169E+03
  3.99300E+01  1.56169E+03
  3.99400E+01  1.56170E+03
  3.99500E+01  1.56170E+03
  3.99600E+01  1.56171E+03
  3.99700E+01  1.56171E+03
  3.99800E+01  1.56172E+03
  3.99900E+01  1.56172E+03
  4.00000E+01  1.56173E+03
  4.00100E+01  1.56174E+03
  4.00200E+01  1.56174E+03
  4.00300E+01  1.56175E+03
  4.00400E+01  1.56175E+03
  4.00500E+01  1.56176E+03
  4.00600E+01  1.56176E+03
  4.00700E+01  1.56177E+03
  4.00800E+01  1.56177E+03
  4.00900E+01  1.56178E+03
  4.01000E+01  1.56178E+03
  4.01100E+01  1.56179E+03
  4.01200E+01  1.56179E+03
  4.01300E+01  1.56180E+03
  4.01400E+01  1.56180E+03
  4.01500E+01  1.56181E+03
  4.01600E+01  1.56181E+03
  4.01700E+01  1.56182E+03
  4.01800E+01  1.56182E+03
  4.01900E+01  1.56183E+03
  4.02000E+01  1.56183E+03
  4.02100E+01  1.56184E+03
  4.02200E+01  1.56184E+03
  4.02300E+01  1.56185E+03
  4.02400E+01  1.56185E+03
  4.02500E+01  1.56186E+03
  4.02600E+01  1.56186E+03
  4.02700E+01  1.56187E+03
  4.02800E+01  1.56187E+03
  4.02900E+01  1.56188E+03
  4.03000E+01  1.56188E+03
  4.03100E+01  1.56189E+03
  4.03200E+01  1.56189E+03
  4.03300E+01  1.56190E+03
  4.03400E+01  1.56190E+03
  4.03500E+01  1.56191E+03
  4.03600E+01  1.56191E+03
  4.03700E+01  1.56192E+03
  4.03800E+01  1.56192E+03
  4.03900E+01  1.56193E+03
  4.04000E+01  1.56193E+03
  4.04100E+01  1.56194E+03
  4.04200E+01  1.56194E+03
  4.04300E+01  1.56194E+03
  4.04400E+01  1.56195E+03
  4.04500E+01  1.56195E+03
  4.04600E+01  1.56196E+03
  4.04700E+01  1.56196E+03
  4.04800E+01  1.56197E+03
  4.04900E+01  1.56197E+03
  4.05000E+01  1.56198E+03
  4.05100E+01  1.56198E+03
  4.05200E+01  1.56199E+03
  4.05300E+01  1.56199E+03
  4.05400E+01  1.56200E+03
  4.05500E+01  1.56200E+03
  4.05600E+01  1.56201E+03
  4.05700E+01  1.56201E+03
  4.05800E+01  1.56202E+03
  4.05900E+01  1.56202E+03
  4.06000E+01  1.56203E+03
  4.06100E+01  1.56203E+03
  4.06200E+01  1.56204E+03
  4.06300E+01  1.56204E+03
  4.06400E+01  1.56205E+03
  4.06500E+01  1.56205E+03
  4.06600E+01  1.56206E+03
  4.06700E+01  1.56206E+03
  4.06800E+01  1.56207E+03
  4.06900E+01  1.56207E+03
  4.07000E+01  1.56208E+03
  4.07100E+01  1.56208E+03
  4.07200E+01  1.56209E+03
  4.07300E+01  1.56209E+03
  4.07400E+01  1.56210E+03
  4.07500E+01  1.56210E+03
  4.07600E+01  1.56211E+03
  4.07700E+01  1.56211E+03
  4.07800E+01  1.56212E+03
  4.07900E+01  1.56212E+03
  4.08000E+01  1.56213E+03
  4.08100E+01  1.56213E+03
  4.08200E+01  1.56214E+03
  4.08300E+01  1.56214E+03
  4.08400E+01  1.56215E+03
  4.08500E+01  1.56215E+03
  4.08600E+01  1.56216E+03
  4.08700E+01  1.56216E+03
  4.08800E+01  1.56217E+03
  4.08900E+01  1.56217E+03
  4.09000E+01  1.56218E+03
  4.09100E+01  1.56218E+03
  4.09200E+01  1.56219E+03
  4.09300E+01  1.56219E+03
  4.09400E+01  1.56219E+03
  4.09500E+01  1.56220E+03
  4.09600E+01  1.56220E+03
  4.09700E+01  1.56221E+03
  4.09800E+01  1.56221E+03
  4.09900E+01  1.56222E+03
  4.10000E+01  1.56222E+03
  4.10100E+01  1.56223E+03
  4.10200E+01  1.56223E+03
  4.10300E+01  1.56224E+03
  4.10400E+01  1.56224E+03
  4.10500E+01  1.56225E+03
  4.10600E+01  1.56225E+03
  4.10700E+01  1.56226E+03
  4.10800E+01  1.56226E+03
  4.10900E+01  1.56227E+03
  4.11000E+01  1.56227E+03
  4.11100E+01  1.56228E+03
  4.11200E+01  1.56228E+03
  4.11300E+01  1.56229E+03
  4.11400E+01  1.56229E+03
  4.11500E+01  1.56230E+03
  4.11600E+01  1.56230E+03
  4.11700E+01  1.56231E+03
  4.11800E+01  1.56231E+03
  4.11900E+01  1.56232E+03
  4.12000E+01  1.56232E+03
  4.12100E+01  1.56232E+03
  4.12200E+01  1.56233E+03
  4.12300E+01  1.56233E+03
  4.12400E+01  1.56234E+03
  4.12500E+01  1.56234E+03
  4.12600E+01  1.56235E+03
  4.12700E+01  1.56235E+03
  4.12800E+01  1.56236E+03
  4.12900E+01  1.56236E+03
  4.13000E+01  1.56237E+03
  4.13100E+01  1.56237E+03
  4.13200E+01  1.56238E+03
  4.13300E+01  1.56238E+03
  4.13400E+01  1.56239E+03
  4.13500E+01  1.56239E+03
  4.13600E+01  1.56240E+03
  4.13700E+01  1.56240E+03
  4.13800E+01  1.56241E+03
  4.13900E+01  1.56241E+03
  4.14000E+01  1.56242E+03
  4.14100E+01  1.56242E+03
  4.14200E+01  1.56242E+03
  4.14300E+01  1.56243E+03
  4.14400E+01  1.56243E+03
  4.14500E+01  1.56244E+03
  4.14600E+01  1.56244E+03
  4.14700E+01  1.56245E+03
  4.14800E+01  1.56245E+03
  4.14900E+01  1.56246E+03
  4.15000E+01  1.56246E+03
  4.15100E+01  1.56247E+03
  4.15200E+01  1.56247E+03
  4.15300E+01  1.56248E+03
  4.15400E+01  1.56248E+03
  4.15500E+01  1.56249E+03
  4.15600E+01  1.56249E+03
  4.15700E+01  1.56250E+03
  4.15800E+01  1.56250E+03
  4.15900E+01  1.56251E+03
  4.16000E+01  1.56251E+03
  4.16100E+01  1.56251E+03
  4.16200E+01  1.56252E+03
  4.16300E+01  1.56252E+03
  4.16400E+01  1.56253E+03
  4.16500E+01  1.56253E+03
  4.16600E+01  1.56254E+03
  4.16700E+01  1.56254E+03
  4.16800E+01  1.56255E+03
  4.16900E+01  1.56255E+03
  4.17000E+01  1.56256E+03
  4.17100E+01  1.56256E+03
  4.17200E+01  1.56257E+03
  4.17300E+01  1.56257E+03
  4.17400E+01  1.56258E+03
  4.17500E+01  1.56258E+03
  4.17600E+01  1.56258E+03
  4.17700E+01  1.56259E+03
  4.17800E+01  1.56259E+03
  4.17900E+01  1.56260E+03
  4.18000E+01  1.56260E+03
  4.18100E+01  1.56261E+03
  4.18200E+01  1.56261E+03
  4.18300E+01  1.56262E+03
  4.18400E+01  1.56262E+03
  4.18500E+01  1.56263E+03
  4.18600E+01  1.56263E+03
  4.18700E+01  1.56264E+03
  4.18800E+01  1.56264E+03
  4.18900E+01  1.56265E+03
  4.19000E+01  1.56265E+03
  4.19100E+01  1.56265E+03
  4.19200E+01  1.56266E+03
  4.19300E+01  1.56266E+03
  4.19400E+01  1.56267E+03
  4.19500E+01  1.56267E+03
  4.19600E+01  1.56268E+03
  4.19700E+01  1.56268E+03
  4.19800E+01  1.56269E+03
  4.19900E+01  1.56269E+03
  4.20000E+01  1.56270E+03
  4.20100E+01  1.56270E+03
  4.20200E+01  1.56271E+03
  4.20300E+01  1.56271E+03
  4.20400E+01  1.56271E+03
  4.20500E+01  1.56272E+03
  4.20600E+01  1.56272E+03
  4.20700E+01  1.56273E+03
  4.20800E+01  1.56273E+03
  4.20900E+01  1.56274E+03
  4.21000E+01  1.56274E+03
  4.21100E+01  1.56275E+03
  4.21200E+01  1.56275E+03
  4.21300E+01  1.56276E+03
  4.21400E+01  1.56276E+03
  4.21500E+01  1.56276E+03
  4.21600E+01  1.56277E+03
  4.21700E+01  1.56277E+03
  4.21800E+01  1.56278E+03
  4.21900E+01  1.56278E+03
  4.22000E+01  1.56279E+03
  4.22100E+01  1.56279E+03
  4.22200E+01  1.56280E+03
  4.22300E+01  1.56280E+03
  4.22400E+01  1.56281E+03
  4.22500E+01  1.56281E+03
  4.22600E+01  1.56281E+03
  4.22700E+01  1.56282E+03
  4.22800E+01  1.56282E+03
  4.22900E+01  1.56283E+03
  4.23000E+01  1.56283E+03
  4.23100E+01  1.56284E+03
  4.23200E+01  1.56284E+03
  4.23300E+01  1.56285E+03
  4.23400E+01  1.56285E+03
  4.23500E+01  1.56286E+03
  4.23600E+01  1.56286E+03
  4.23700E+01  1.56286E+03
  4.23800E+01  1.56287E+03
  4.23900E+01  1.56287E+03
  4.24000E+01  1.56288E+03
  4.24100E+01  1.56288E+03
  4.24200E+01  1.56289E+03
  4.24300E+01  1.56289E+03
  4.24400E+01  1.56290E+03
  4.24500E+01  1.56290E+03
  4.24600E+01  1.56291E+03
  4.24700E+01  1.56291E+03
  4.24800E+01  1.56291E+03
  4.24900E+01  1.56292E+03
  4.25000E+01  1.56292E+03
  4.25100E+01  1.56293E+03
  4.25200E+01  1.56293E+03
  4.25300E+01  1.56294E+03
  4.25400E+01  1.56294E+03
  4.25500E+01  1.56295E+03
  4.25600E+01  1.56295E+03
  4.25700E+01  1.56295E+03
  4.25800E+01  1.56296E+03
  4.25900E+01  1.56296E+03
  4.26000E+01  1.56297E+03
  4.26100E+01  1.56297E+03
  4.26200E+01  1.56298E+03
  4.26300E+01  1.56298E+03
  4.26400E+01  1.56299E+03
  4.26500E+01  1.56299E+03
  4.26600E+01  1.56299E+03
  4.26700E+01  1.56300E+03
  4.26800E+01  1.56300E+03
  4.26900E+01  1.56301E+03
  4.27000E+01  1.56301E+03
  4.27100E+01  1.56302E+03
  4.27200E+01  1.56302E+03
  4.27300E+01  1.56303E+03
  4.27400E+01  1.56303E+03
  4.27500E+01  1.56303E+03
  4.27600E+01  1.56304E+03
  4.27700E+01  1.56304E+03
  4.27800E+01  1.56305E+03
  4.27900E+01  1.56305E+03
  4.28000E+01  1.56306E+03
  4.28100E+01  1.56306E+03
  4.28200E+01  1.56306E+03
  4.28300E+01  1.56307E+03
  4.28400E+01  1.56307E+03
  4.28500E+01  1.56308E+03
  4.28600E+01  1.56308E+03
  4.28700E+01  1.56309E+03
  4.28800E+01  1.56309E+03
  4.28900E+01  1.56310E+03
  4.29000E+01  1.56310E+03
  4.29100E+01  1.56310E+03
  4.29200E+01  1.56311E+03
  4.29300E+01  1.56311E+03
  4.29400E+01  1.56312E+03
  4.29500E+01  1.56312E+03
  4.29600E+01  1.56313E+03
  4.29700E+01  1.56313E+03
  4.29800E+01  1.56313E+03
  4.29900E+01  1.56314E+03
  4.30000E+01  1.56314E+03
  4.30100E+01  1.56315E+03
  4.30200E+01  1.56315E+03
  4.30300E+01  1.56316E+03
  4.30400E+01  1.56316E+03
  4.30500E+01  1.56317E+03
  4.30600E+01  1.56317E+03
  4.30700E+01  1.56317E+03
  4.30800E+01  1.56318E+03
  4.30900E+01  1.56318E+03
  4.31000E+01  1.56319E+03
  4.31100E+01  1.56319E+03
  4.31200E+01  1.56320E+03
  4.31300E+01  1.56320E+03
  4.31400E+01  1.56320E+03
  4.31500E+01  1.56321E+03
  4.31600E+01  1.56321E+03
  4.31700E+01  1.56322E+03
  4.31800E+01  1.56322E+03
  4.31900E+01  1.56323E+03
  4.32000E+01  1.56323E+03
  4.32100E+01  1.56323E+03
  4.32200E+01  1.56324E+03
  4.32300E+01  1.56324E+03
  4.32400E+01  1.56325E+03
  4.32500E+01  1.56325E+03
  4.32600E+01  1.56326E+03
  4.32700E+01  1.56326E+03
  4.32800E+01  1.56326E+03
  4.32900E+01  1.56327E+03
  4.33000E+01  1.56327E+03
  4.33100E+01  1.56328E+03
  4.33200E+01  1.56328E+03
  4.33300E+01  1.56329E+03
  4.33400E+01  1.56329E+03
  4.33500E+01  1.56329E+03
  4.33600E+01  1.56330E+03
  4.33700E+01  1.56330E+03
  4.33800E+01  1.56331E+03
  4.33900E+01  1.56331E+03
  4.34000E+01  1.56332E+03
  4.34100E+01  1.56332E+03
  4.34200E+01  1.56332E+03
  4.34300E+01  1.56333E+03
  4.34400E+01  1.56333E+03
  4.34500E+01  1.56334E+03
  4.34600E+01  1.56334E+03
  4.34700E+01  1.56335E+03
  4.34800E+01  1.56335E+03
  4.34900E+01  1.56335E+03
  4.35000E+01  1.56336E+03
  4.35100E+01  1.56336E+03
  4.35200E+01  1.56337E+03
  4.35300E+01  1.56337E+03
  4.35400E+01  1.56337E+03
  4.35500E+01  1.56338E+03
  4.35600E+01  1.56338E+03
  4.35700E+01  1.56339E+03
  4.35800E+01  1.56339E+03
  4.35900E+01  1.56340E+03
  4.36000E+01  1.56340E+03
  4.36100E+01  1.56340E+03
  4.36200E+01  1.56341E+03
  4.36300E+01  1.56341E+03
  4.36400E+01  1.56342E+03
  4.36500E+01  1.56342E+03
  4.36600E+01  1.56343E+03
  4.36700E+01  1.56343E+03
  4.36800E+01  1.56343E+03
  4.36900E+01  1.56344E+03
  4.37000E+01  1.56344E+03
  4.37100E+01  1.56345E+03
  4.37200E+01  1.56345E+03
  4.37300E+01  1.56345E+03
  4.37400E+01  1.56346E+03
  4.37500E+01  1.56346E+03
  4.37600E+01  1.56347E+03
  4.37700E+01  1.56347E+03
  4.37800E+01  1.56348E+03
  4.37900E+01  1.56348E+03
  4.38000E+01  1.56348E+03
  4.38100E+01  1.56349E+03
  4.38200E+01  1.56349E+03
  4.38300E+01  1.56350E+03
  4.38400E+01  1.56350E+03
  4.38500E+01  1.56350E+03
  4.38600E+01  1.56351E+03
  4.38700E+01  1.56351E+03
  4.38800E+01  1.56352E+03
  4.38900E+01  1.56352E+03
  4.39000E+01  1.56353E+03
  4.39100E+01  1.56353E+03
  4.39200E+01  1.56353E+03
  4.39300E+01  1.56354E+03
  4.39400E+01  1.56354E+03
  4.39500E+01  1.56355E+03
  4.39600E+01  1.56355E+03
  4.39700E+01  1.56355E+03
  4.39800E+01  1.56356E+03
  4.39900E+01  1.56356E+03
  4.40000E+01  1.56357E+03
  4.40100E+01  1.56357E+03
  4.40200E+01  1.56357E+03
  4.40300E+01  1.56358E+03
  4.40400E+01  1.56358E+03
  4.40500E+01  1.56359E+03
  4.40600E+01  1.56359E+03
  4.40700E+01  1.56360E+03
  4.40800E+01  1.56360E+03
  4.40900E+01  1.56360E+03
  4.41000E+01  1.56361E+03
  4.41100E+01  1.56361E+03
  4.41200E+01  1.56362E+03
  4.41300E+01  1.56362E+03
  4.41400E+01  1.56362E+03
  4.41500E+01  1.56363E+03
  4.41600E+01  1.56363E+03
  4.41700E+01  1.56364E+03
  4.41800E+01  1.56364E+03
  4.41900E+01  1.56364E+03
  4.42000E+01  1.56365E+03
  4.42100E+01  1.56365E+03
  4.42200E+01  1.56366E+03
  4.42300E+01  1.56366E+03
  4.42400E+01  1.56367E+03
  4.42500E+01  1.56367E+03
  4.42600E+01  1.56367E+03
  4.42700E+01  1.56368E+03
  4.42800E+01  1.56368E+03
  4.42900E+01  1.56369E+03
  4.43000E+01  1.56369E+03
  4.43100E+01  1.56369E+03
  4.43200E+01  1.56370E+03
  4.43300E+01  1.56370E+03
  4.43400E+01  1.56371E+03
  4.43500E+01  1.56371E+03
  4.43600E+01  1.56371E+03
  4.43700E+01  1.56372E+03
  4.43800E+01  1.56372E+03
  4.43900E+01  1.56373E+03
  4.44000E+01  1.56373E+03
  4.44100E+01  1.56373E+03
  4.44200E+01  1.56374E+03
  4.44300E+01  1.56374E+03
  4.44400E+01  1.56375E+03
  4.44500E+01  1.56375E+03
  4.44600E+01  1.56375E+03
  4.44700E+01  1.56376E+03
  4.44800E+01  1.56376E+03
  4.44900E+01  1.56377E+03
  4.45000E+01  1.56377E+03
  4.45100E+01  1.56377E+03
  4.45200E+01  1.56378E+03
  4.45300E+01  1.56378E+03
  4.45400E+01  1.56379E+03
  4.45500E+01  1.56379E+03
  4.45600E+01  1.56379E+03
  4.45700E+01  1.56380E+03
  4.45800E+01  1.56380E+03
  4.45900E+01  1.56381E+03
  4.46000E+01  1.56381E+03
  4.46100E+01  1.56381E+03
  4.46200E+01  1.56382E+03
  4.46300E+01  1.56382E+03
  4.46400E+01  1.56383E+03
  4.46500E+01  1.56383E+03
  4.46600E+01  1.56384E+03
  4.46700E+01  1.56384E+03
  4.46800E+01  1.56384E+03
  4.46900E+01  1.56385E+03
  4.47000E+01  1.56385E+03
  4.47100E+01  1.56386E+03
  4.47200E+01  1.56386E+03
  4.47300E+01  1.56386E+03
  4.47400E+01  1.56387E+03
  4.47500E+01  1.56387E+03
  4.47600E+01  1.56388E+03
  4.47700E+01  1.56388E+03
  4.47800E+01  1.56388E+03
  4.47900E+01  1.56389E+03
  4.48000E+01  1.56389E+03
  4.48100E+01  1.56389E+03
  4.48200E+01  1.56390E+03
  4.48300E+01  1.56390E+03
  4.48400E+01  1.56391E+03
  4.48500E+01  1.56391E+03
  4.48600E+01  1.56391E+03
  4.48700E+01  1.56392E+03
  4.48800E+01  1.56392E+03
  4.48900E+01  1.56393E+03
  4.49000E+01  1.56393E+03
  4.49100E+01  1.56393E+03
  4.49200E+01  1.56394E+03
  4.49300E+01  1.56394E+03
  4.49400E+01  1.56395E+03
  4.49500E+01  1.56395E+03
  4.49600E+01  1.56395E+03
  4.49700E+01  1.56396E+03
  4.49800E+01  1.56396E+03
  4.49900E+01  1.56397E+03
  4.50000E+01  1.56397E+03
  4.50100E+01  1.56397E+03
  4.50200E+01  1.56398E+03
  4.50300E+01  1.56398E+03
  4.50400E+01  1.56399E+03
  4.50500E+01  1.56399E+03
  4.50600E+01  1.56399E+03
  4.50700E+01  1.56400E+03
  4.50800E+01  1.56400E+03
  4.50900E+01  1.56401E+03
  4.51000E+01  1.56401E+03
  4.51100E+01  1.56401E+03
  4.51200E+01  1.56402E+03
  4.51300E+01  1.56402E+03
  4.51400E+01  1.56403E+03
  4.51500E+01  1.56403E+03
  4.51600E+01  1.56403E+03
  4.51700E+01  1.56404E+03
  4.51800E+01  1.56404E+03
  4.51900E+01  1.56405E+03
  4.52000E+01  1.56405E+03
  4.52100E+01  1.56405E+03
  4.52200E+01  1.56406E+03
  4.52300E+01  1.56406E+03
  4.52400E+01  1.56406E+03
  4.52500E+01  1.56407E+03
  4.52600E+01  1.56407E+03
  4.52700E+01  1.56408E+03
  4.52800E+01  1.56408E+03
  4.52900E+01  1.56408E+03
  4.53000E+01  1.56409E+03
  4.53100E+01  1.56409E+03
  4.53200E+01  1.56410E+03
  4.53300E+01  1.56410E+03
  4.53400E+01  1.56410E+03
  4.53500E+01  1.56411E+03
  4.53600E+01  1.56411E+03
  4.53700E+01  1.56412E+03
  4.53800E+01  1.56412E+03
  4.53900E+01  1.56412E+03
  4.54000E+01  1.56413E+03
  4.54100E+01  1.56413E+03
  4.54200E+01  1.56414E+03
  4.54300E+01  1.56414E+03
  4.54400E+01  1.56414E+03
  4.54500E+01  1.56415E+03
  4.54600E+01  1.56415E+03
  4.54700E+01  1.56415E+03
  4.54800E+01  1.56416E+03
  4.54900E+01  1.56416E+03
  4.55000E+01  1.56417E+03
  4.55100E+01  1.56417E+03
  4.55200E+01  1.56417E+03
  4.55300E+01  1.56418E+03
  4.55400E+01  1.56418E+03
  4.55500E+01  1.56419E+03
  4.55600E+01  1.56419E+03
  4.55700E+01  1.56419E+03
  4.55800E+01  1.56420E+03
  4.55900E+01  1.56420E+03
  4.56000E+01  1.56420E+03
  4.56100E+01  1.56421E+03
  4.56200E+01  1.56421E+03
  4.56300E+01  1.56422E+03
  4.56400E+01  1.56422E+03
  4.56500E+01  1.56422E+03
  4.56600E+01  1.56423E+03
  4.56700E+01  1.56423E+03
  4.56800E+01  1.56424E+03
  4.56900E+01  1.56424E+03
  4.57000E+01  1.56424E+03
  4.57100E+01  1.56425E+03
  4.57200E+01  1.56425E+03
  4.57300E+01  1.56425E+03
  4.57400E+01  1.56426E+03
  4.57500E+01  1.56426E+03
  4.57600E+01  1.56427E+03
  4.57700E+01  1.56427E+03
  4.57800E+01  1.56427E+03
  4.57900E+01  1.56428E+03
  4.58000E+01  1.56428E+03
  4.58100E+01  1.56429E+03
  4.58200E+01  1.56429E+03
  4.58300E+01  1.56429E+03
  4.58400E+01  1.56430E+03
  4.58500E+01  1.56430E+03
  4.58600E+01  1.56430E+03
  4.58700E+01  1.56431E+03
  4.58800E+01  1.56431E+03
  4.58900E+01  1.56432E+03
  4.59000E+01  1.56432E+03
  4.59100E+01  1.56432E+03
  4.59200E+01  1.56433E+03
  4.59300E+01  1.56433E+03
  4.59400E+01  1.56434E+03
  4.59500E+01  1.56434E+03
  4.59600E+01  1.56434E+03
  4.59700E+01  1.56435E+03
  4.59800E+01  1.56435E+03
  4.59900E+01  1.56435E+03
  4.60000E+01  1.56436E+03
  4.60100E+01  1.56436E+03
  4.60200E+01  1.56437E+03
  4.60300E+01  1.56437E+03
  4.60400E+01  1.56437E+03
  4.60500E+01  1.56438E+03
  4.60600E+01  1.56438E+03
  4.60700E+01  1.56438E+03
  4.60800E+01  1.56439E+03
  4.60900E+01  1.56439E+03
  4.61000E+01  1.56440E+03
  4.61100E+01  1.56440E+03
  4.61200E+01  1.56440E+03
  4.61300E+01  1.56441E+03
  4.61400E+01  1.56441E+03
  4.61500E+01  1.56441E+03
  4.61600E+01  1.56442E+03
  4.61700E+01  1.56442E+03
  4.61800E+01  1.56443E+03
  4.61900E+01  1.56443E+03
  4.62000E+01  1.56443E+03
  4.62100E+01  1.56444E+03
  4.62200E+01  1.56444E+03
  4.62300E+01  1.56444E+03
  4.62400E+01  1.56445E+03
  4.62500E+01  1.56445E+03
  4.62600E+01  1.56446E+03
  4.62700E+01  1.56446E+03
  4.62800E+01  1.56446E+03
  4.62900E+01  1.56447E+03
  4.63000E+01  1.56447E+03
  4.63100E+01  1.56448E+03
  4.63200E+01  1.56448E+03
  4.63300E+01  1.56448E+03
  4.63400E+01  1.56449E+03
  4.63500E+01  1.56449E+03
  4.63600E+01  1.56449E+03
  4.63700E+01  1.56450E+03
  4.63800E+01  1.56450E+03
  4.63900E+01  1.56451E+03
  4.64000E+01  1.56451E+03
  4.64100E+01  1.56451E+03
  4.64200E+01  1.56452E+03
  4.64300E+01  1.56452E+03
  4.64400E+01  1.56452E+03
  4.64500E+01  1.56453E+03
  4.64600E+01  1.56453E+03
  4.64700E+01  1.56453E+03
  4.64800E+01  1.56454E+03
  4.64900E+01  1.56454E+03
  4.65000E+01  1.56455E+03
  4.65100E+01  1.56455E+03
  4.65200E+01  1.56455E+03
  4.65300E+01  1.56456E+03
  4.65400E+01  1.56456E+03
  4.65500E+01  1.56456E+03
  4.65600E+01  1.56457E+03
  4.65700E+01  1.56457E+03
  4.65800E+01  1.56458E+03
  4.65900E+01  1.56458E+03
  4.66000E+01  1.56458E+03
  4.66100E+01  1.56459E+03
  4.66200E+01  1.56459E+03
  4.66300E+01  1.56459E+03
  4.66400E+01  1.56460E+03
  4.66500E+01  1.56460E+03
  4.66600E+01  1.56461E+03
  4.66700E+01  1.56461E+03
  4.66800E+01  1.56461E+03
  4.66900E+01  1.56462E+03
  4.67000E+01  1.56462E+03
  4.67100E+01  1.56462E+03
  4.67200E+01  1.56463E+03
  4.67300E+01  1.56463E+03
  4.67400E+01  1.56464E+03
  4.67500E+01  1.56464E+03
  4.67600E+01  1.56464E+03
  4.67700E+01  1.56465E+03
  4.67800E+01  1.56465E+03
  4.67900E+01  1.56465E+03
  4.68000E+01  1.56466E+03
  4.68100E+01  1.56466E+03
  4.68200E+01  1.56466E+03
  4.68300E+01  1.56467E+03
  4.68400E+01  1.56467E+03
  4.68500E+01  1.56468E+03
  4.68600E+01  1.56468E+03
  4.68700E+01  1.56468E+03
  4.68800E+01  1.56469E+03
  4.68900E+01  1.56469E+03
  4.69000E+01  1.56469E+03
  4.69100E+01  1.56470E+03
  4.69200E+01  1.56470E+03
  4.69300E+01  1.56471E+03
  4.69400E+01  1.56471E+03
  4.69500E+01  1.56471E+03
  4.69600E+01  1.56472E+03
  4.69700E+01  1.56472E+03
  4.69800E+01  1.56472E+03
  4.69900E+01  1.56473E+03
  4.70000E+01  1.56473E+03
  4.70100E+01  1.56473E+03
  4.70200E+01  1.56474E+03
  4.70300E+01  1.56474E+03
  4.70400E+01  1.56475E+03
  4.70500E+01  1.56475E+03
  4.70600E+01  1.56475E+03
  4.70700E+01  1.56476E+03
  4.70800E+01  1.56476E+03
  4.70900E+01  1.56476E+03
  4.71000E+01  1.56477E+03
  4.71100E+01  1.56477E+03
  4.71200E+01  1.56477E+03
  4.71300E+01  1.56478E+03
  4.71400E+01  1.56478E+03
  4.71500E+01  1.56479E+03
  4.71600E+01  1.56479E+03
  4.71700E+01  1.56479E+03
  4.71800E+01  1.56480E+03
  4.71900E+01  1.56480E+03
  4.72000E+01  1.56480E+03
  4.72100E+01  1.56481E+03
  4.72200E+01  1.56481E+03
  4.72300E+01  1.56481E+03
  4.72400E+01  1.56482E+03
  4.72500E+01  1.56482E+03
  4.72600E+01  1.56483E+03
  4.72700E+01  1.56483E+03
  4.72800E+01  1.56483E+03
  4.72900E+01  1.56484E+03
  4.73000E+01  1.56484E+03
  4.73100E+01  1.56484E+03
  4.73200E+01  1.56485E+03
  4.73300E+01  1.56485E+03
  4.73400E+01  1.56485E+03
  4.73500E+01  1.56486E+03
  4.73600E+01  1.56486E+03
  4.73700E+01  1.56487E+03
  4.73800E+01  1.56487E+03
  4.73900E+01  1.56487E+03
  4.74000E+01  1.56488E+03
  4.74100E+01  1.56488E+03
  4.74200E+01  1.56488E+03
  4.74300E+01  1.56489E+03
  4.74400E+01  1.56489E+03
  4.74500E+01  1.56489E+03
  4.74600E+01  1.56490E+03
  4.74700E+01  1.56490E+03
  4.74800E+01  1.56491E+03
  4.74900E+01  1.56491E+03
  4.75000E+01  1.56491E+03
  4.75100E+01  1.56492E+03
  4.75200E+01  1.56492E+03
  4.75300E+01  1.56492E+03
  4.75400E+01  1.56493E+03
  4.75500E+01  1.56493E+03
  4.75600E+01  1.56493E+03
  4.75700E+01  1.56494E+03
  4.75800E+01  1.56494E+03
  4.75900E+01  1.56494E+03
  4.76000E+01  1.56495E+03
  4.76100E+01  1.56495E+03
  4.76200E+01  1.56496E+03
  4.76300E+01  1.56496E+03
  4.76400E+01  1.56496E+03
  4.76500E+01  1.56497E+03
  4.76600E+01  1.56497E+03
  4.76700E+01  1.56497E+03
  4.76800E+01  1.56498E+03
  4.76900E+01  1.56498E+03
  4.77000E+01  1.56498E+03
  4.77100E+01  1.56499E+03
  4.77200E+01  1.56499E+03
  4.77300E+01  1.56499E+03
  4.77400E+01  1.56500E+03
  4.77500E+01  1.56500E+03
  4.77600E+01  1.56501E+03
  4.77700E+01  1.56501E+03
  4.77800E+01  1.56501E+03
  4.77900E+01  1.56502E+03
  4.78000E+01  1.56502E+03
  4.78100E+01  1.56502E+03
  4.78200E+01  1.56503E+03
  4.78300E+01  1.56503E+03
  4.78400E+01  1.56503E+03
  4.78500E+01  1.56504E+03
  4.78600E+01  1.56504E+03
  4.78700E+01  1.56504E+03
  4.78800E+01  1.56505E+03
  4.78900E+01  1.56505E+03
  4.79000E+01  1.56506E+03
  4.79100E+01  1.56506E+03
  4.79200E+01  1.56506E+03
  4.79300E+01  1.56507E+03
  4.79400E+01  1.56507E+03
  4.79500E+01  1.56507E+03
  4.79600E+01  1.56508E+03
  4.79700E+01  1.56508E+03
  4.79800E+01  1.56508E+03
  4.79900E+01  1.56509E+03
  4.80000E+01  1.56509E+03
  4.80100E+01  1.56509E+03
  4.80200E+01  1.56510E+03
  4.80300E+01  1.56510E+03
  4.80400E+01  1.56510E+03
  4.80500E+01  1.56511E+03
  4.80600E+01  1.56511E+03
  4.80700E+01  1.56512E+03
  4.80800E+01  1.56512E+03
  4.80900E+01  1.56512E+03
  4.81000E+01  1.56513E+03
  4.81100E+01  1.56513E+03
  4.81200E+01  1.56513E+03
  4.81300E+01  1.56514E+03
  4.81400E+01  1.56514E+03
  4.81500E+01  1.56514E+03
  4.81600E+01  1.56515E+03
  4.81700E+01  1.56515E+03
  4.81800E+01  1.56515E+03
  4.81900E+01  1.56516E+03
  4.82000E+01  1.56516E+03
  4.82100E+01  1.56516E+03
  4.82200E+01  1.56517E+03
  4.82300E+01  1.56517E+03
  4.82400E+01  1.56517E+03
  4.82500E+01  1.56518E+03
  4.82600E+01  1.56518E+03
  4.82700E+01  1.56519E+03
  4.82800E+01  1.56519E+03
  4.82900E+01  1.56519E+03
  4.83000E+01  1.56520E+03
  4.83100E+01  1.56520E+03
  4.83200E+01  1.56520E+03
  4.83300E+01  1.56521E+03
  4.83400E+01  1.56521E+03
  4.83500E+01  1.56521E+03
  4.83600E+01  1.56522E+03
  4.83700E+01  1.56522E+03
  4.83800E+01  1.56522E+03
  4.83900E+01  1.56523E+03
  4.84000E+01  1.56523E+03
  4.84100E+01  1.56523E+03
  4.84200E+01  1.56524E+03
  4.84300E+01  1.56524E+03
  4.84400E+01  1.56524E+03
  4.84500E+01  1.56525E+03
  4.84600E+01  1.56525E+03
  4.84700E+01  1.56526E+03
  4.84800E+01  1.56526E+03
  4.84900E+01  1.56526E+03
  4.85000E+01  1.56527E+03
  4.85100E+01  1.56527E+03
  4.85200E+01  1.56527E+03
  4.85300E+01  1.56528E+03
  4.85400E+01  1.56528E+03
  4.85500E+01  1.56528E+03
  4.85600E+01  1.56529E+03
  4.85700E+01  1.56529E+03
  4.85800E+01  1.56529E+03
  4.85900E+01  1.56530E+03
  4.86000E+01  1.56530E+03
  4.86100E+01  1.56530E+03
  4.86200E+01  1.56531E+03
  4.86300E+01  1.56531E+03
  4.86400E+01  1.56531E+03
  4.86500E+01  1.56532E+03
  4.86600E+01  1.56532E+03
  4.86700E+01  1.56532E+03
  4.86800E+01  1.56533E+03
  4.86900E+01  1.56533E+03
  4.87000E+01  1.56533E+03
  4.87100E+01  1.56534E+03
  4.87200E+01  1.56534E+03
  4.87300E+01  1.56534E+03
  4.87400E+01  1.56535E+03
  4.87500E+01  1.56535E+03
  4.87600E+01  1.56536E+03
  4.87700E+01  1.56536E+03
  4.87800E+01  1.56536E+03
  4.87900E+01  1.56537E+03
  4.88000E+01  1.56537E+03
  4.88100E+01  1.56537E+03
  4.88200E+01  1.56538E+03
  4.88300E+01  1.56538E+03
  4.88400E+01  1.56538E+03
  4.88500E+01  1.56539E+03
  4.88600E+01  1.56539E+03
  4.88700E+01  1.56539E+03
  4.88800E+01  1.56540E+03
  4.88900E+01  1.56540E+03
  4.89000E+01  1.56540E+03
  4.89100E+01  1.56541E+03
  4.89200E+01  1.56541E+03
  4.89300E+01  1.56541E+03
  4.89400E+01  1.56542E+03
  4.89500E+01  1.56542E+03
  4.89600E+01  1.56542E+03
  4.89700E+01  1.56543E+03
  4.89800E+01  1.56543E+03
  4.89900E+01  1.56543E+03
  4.90000E+01  1.56544E+03
  4.90100E+01  1.56544E+03
  4.90200E+01  1.56544E+03
  4.90300E+01  1.56545E+03
  4.90400E+01  1.56545E+03
  4.90500E+01  1.56545E+03
  4.90600E+01  1.56546E+03
  4.90700E+01  1.56546E+03
  4.90800E+01  1.56546E+03
  4.90900E+01  1.56547E+03
  4.91000E+01  1.56547E+03
  4.91100E+01  1.56547E+03
  4.91200E+01  1.56548E+03
  4.91300E+01  1.56548E+03
  4.91400E+01  1.56548E+03
  4.91500E+01  1.56549E+03
  4.91600E+01  1.56549E+03
  4.91700E+01  1.56549E+03
  4.91800E+01  1.56550E+03
  4.91900E+01  1.56550E+03
  4.92000E+01  1.56550E+03
  4.92100E+01  1.56551E+03
  4.92200E+01  1.56551E+03
  4.92300E+01  1.56552E+03
  4.92400E+01  1.56552E+03
  4.92500E+01  1.56552E+03
  4.92600E+01  1.56553E+03
  4.92700E+01  1.56553E+03
  4.92800E+01  1.56553E+03
  4.92900E+01  1.56554E+03
  4.93000E+01  1.56554E+03
  4.93100E+01  1.56554E+03
  4.93200E+01  1.56555E+03
  4.93300E+01  1.56555E+03
  4.93400E+01  1.56555E+03
  4.93500E+01  1.56556E+03
  4.93600E+01  1.56556E+03
  4.93700E+01  1.56556E+03
  4.93800E+01  1.56557E+03
  4.93900E+01  1.56557E+03
  4.94000E+01  1.56557E+03
  4.94100E+01  1.56558E+03
  4.94200E+01  1.56558E+03
  4.94300E+01  1.56558E+03
  4.94400E+01  1.56559E+03
  4.94500E+01  1.56559E+03
  4.94600E+01  1.56559E+03
  4.94700E+01  1.56560E+03
  4.94800E+01  1.56560E+03
  4.94900E+01  1.56560E+03
  4.95000E+01  1.56561E+03
  4.95100E+01  1.56561E+03
  4.95200E+01  1.56561E+03
  4.95300E+01  1.56562E+03
  4.95400E+01  1.56562E+03
  4.95500E+01  1.56562E+03
  4.95600E+01  1.56563E+03
  4.95700E+01  1.56563E+03
  4.95800E+01  1.56563E+03
  4.95900E+01  1.56564E+03
  4.96000E+01  1.56564E+03
  4.96100E+01  1.56564E+03
  4.96200E+01  1.56565E+03
  4.96300E+01  1.56565E+03
  4.96400E+01  1.56565E+03
  4.96500E+01  1.56566E+03
  4.96600E+01  1.56566E+03
  4.96700E+01  1.56566E+03
  4.96800E+01  1.56567E+03
  4.96900E+01  1.56567E+03
  4.97000E+01  1.56567E+03
  4.97100E+01  1.56568E+03
  4.97200E+01  1.56568E+03
  4.97300E+01  1.56568E+03
  4.97400E+01  1.56569E+03
  4.97500E+01  1.56569E+03
  4.97600E+01  1.56569E+03
  4.97700E+01  1.56569E+03
  4.97800E+01  1.56570E+03
  4.97900E+01  1.56570E+03
  4.98000E+01  1.56570E+03
  4.98100E+01  1.56571E+03
  4.98200E+01  1.56571E+03
  4.98300E+01  1.56571E+03
  4.98400E+01  1.56572E+03
  4.98500E+01  1.56572E+03
  4.98600E+01  1.56572E+03
  4.98700E+01  1.56573E+03
  4.98800E+01  1.56573E+03
  4.98900E+01  1.56573E+03
  4.99000E+01  1.56574E+03
  4.99100E+01  1.56574E+03
  4.99200E+01  1.56574E+03
  4.99300E+01  1.56575E+03
  4.99400E+01  1.56575E+03
  4.99500E+01  1.56575E+03
  4.99600E+01  1.56576E+03
  4.99700E+01  1.56576E+03
  4.99800E+01  1.56576E+03
  4.99900E+01  1.56577E+03
  5.00000E+01  1.56577E+03
  5.00100E+01  1.56577E+03
  5.00200E+01  1.56578E+03
  5.00300E+01  1.56578E+03
  5.00400E+01  1.56578E+03
  5.00500E+01  1.56579E+03
  5.00600E+01  1.56579E+03
  5.00700E+01  1.56579E+03
  5.00800E+01  1.56580E+03
  5.00900E+01  1.56580E+03
  5.01000E+01  1.56580E+03
  5.01100E+01  1.56581E+03
  5.01200E+01  1.56581E+03
  5.01300E+01  1.56581E+03
  5.01400E+01  1.56582E+03
  5.01500E+01  1.56582E+03
  5.01600E+01  1.56582E+03
  5.01700E+01  1.56582E+03
  5.01800E+01  1.56583E+03
  5.01900E+01  1.56583E+03
  5.02000E+01  1.56583E+03
  5.02100E+01  1.56584E+03
  5.02200E+01  1.56584E+03
  5.02300E+01  1.56584E+03
  5.02400E+01  1.56585E+03
  5.02500E+01  1.56585E+03
  5.02600E+01  1.56585E+03
  5.02700E+01  1.56586E+03
  5.02800E+01  1.56586E+03
  5.02900E+01  1.56586E+03
  5.03000E+01  1.56587E+03
  5.03100E+01  1.56587E+03
  5.03200E+01  1.56587E+03
  5.03300E+01  1.56588E+03
  5.03400E+01  1.56588E+03
  5.03500E+01  1.56588E+03
  5.03600E+01  1.56589E+03
  5.03700E+01  1.56589E+03
  5.03800E+01  1.56589E+03
  5.03900E+01  1.56590E+03
  5.04000E+01  1.56590E+03
  5.04100E+01  1.56590E+03
  5.04200E+01  1.56590E+03
  5.04300E+01  1.56591E+03
  5.04400E+01  1.56591E+03
  5.04500E+01  1.56591E+03
  5.04600E+01  1.56592E+03
  5.04700E+01  1.56592E+03
  5.04800E+01  1.56592E+03
  5.04900E+01  1.56593E+03
  5.05000E+01  1.56593E+03
  5.05100E+01  1.56593E+03
  5.05200E+01  1.56594E+03
  5.05300E+01  1.56594E+03
  5.05400E+01  1.56594E+03
  5.05500E+01  1.56595E+03
  5.05600E+01  1.56595E+03
  5.05700E+01  1.56595E+03
  5.05800E+01  1.56596E+03
  5.05900E+01  1.56596E+03
  5.06000E+01  1.56596E+03
  5.06100E+01  1.56597E+03
  5.06200E+01  1.56597E+03
  5.06300E+01  1.56597E+03
  5.06400E+01  1.56597E+03
  5.06500E+01  1.56598E+03
  5.06600E+01  1.56598E+03
  5.06700E+01  1.56598E+03
  5.06800E+01  1.56599E+03
  5.06900E+01  1.56599E+03
  5.07000E+01  1.56599E+03
  5.07100E+01  1.56600E+03
  5.07200E+01  1.56600E+03
  5.07300E+01  1.56600E+03
  5.07400E+01  1.56601E+03
  5.07500E+01  1.56601E+03
  5.07600E+01  1.56601E+03
  5.07700E+01  1.56602E+03
  5.07800E+01  1.56602E+03
  5.07900E+01  1.56602E+03
  5.08000E+01  1.56602E+03
  5.08100E+01  1.56603E+03
  5.08200E+01  1.56603E+03
  5.08300E+01  1.56603E+03
  5.08400E+01  1.56604E+03
  5.08500E+01  1.56604E+03
  5.08600E+01  1.56604E+03
  5.08700E+01  1.56605E+03
  5.08800E+01  1.56605E+03
  5.08900E+01  1.56605E+03
  5.09000E+01  1.56606E+03
  5.09100E+01  1.56606E+03
  5.09200E+01  1.56606E+03
  5.09300E+01  1.56607E+03
  5.09400E+01  1.56607E+03
  5.09500E+01  1.56607E+03
  5.09600E+01  1.56607E+03
  5.09700E+01  1.56608E+03
  5.09800E+01  1.56608E+03
  5.09900E+01  1.56608E+03
  5.10000E+01  1.56609E+03
  5.10100E+01  1.56609E+03
  5.10200E+01  1.56609E+03
  5.10300E+01  1.56610E+03
  5.10400E+01  1.56610E+03
  5.10500E+01  1.56610E+03
  5.10600E+01  1.56611E+03
  5.10700E+01  1.56611E+03
  5.10800E+01  1.56611E+03
  5.10900E+01  1.56611E+03
  5.11000E+01  1.56612E+03
  5.11100E+01  1.56612E+03
  5.11200E+01  1.56612E+03
  5.11300E+01  1.56613E+03
  5.11400E+01  1.56613E+03
  5.11500E+01  1.56613E+03
  5.11600E+01  1.56614E+03
  5.11700E+01  1.56614E+03
  5.11800E+01  1.56614E+03
  5.11900E+01  1.56615E+03
  5.12000E+01  1.56615E+03
  5.12100E+01  1.56615E+03
  5.12200E+01  1.56615E+03
  5.12300E+01  1.56616E+03
  5.12400E+01  1.56616E+03
  5.12500E+01  1.56616E+03
  5.12600E+01  1.56617E+03
  5.12700E+01  1.56617E+03
  5.12800E+01  1.56617E+03
  5.12900E+01  1.56618E+03
  5.13000E+01  1.56618E+03
  5.13100E+01  1.56618E+03
  5.13200E+01  1.56619E+03
  5.13300E+01  1.56619E+03
  5.13400E+01  1.56619E+03
  5.13500E+01  1.56619E+03
  5.13600E+01  1.56620E+03
  5.13700E+01  1.56620E+03
  5.13800E+01  1.56620E+03
  5.13900E+01  1.56621E+03
  5.14000E+01  1.56621E+03
  5.14100E+01  1.56621E+03
  5.14200E+01  1.56622E+03
  5.14300E+01  1.56622E+03
  5.14400E+01  1.56622E+03
  5.14500E+01  1.56623E+03
  5.14600E+01  1.56623E+03
  5.14700E+01  1.56623E+03
  5.14800E+01  1.56623E+03
  5.14900E+01  1.56624E+03
  5.15000E+01  1.56624E+03
  5.15100E+01  1.56624E+03
  5.15200E+01  1.56625E+03
  5.15300E+01  1.56625E+03
  5.15400E+01  1.56625E+03
  5.15500E+01  1.56626E+03
  5.15600E+01  1.56626E+03
  5.15700E+01  1.56626E+03
  5.15800E+01  1.56626E+03
  5.15900E+01  1.56627E+03
  5.16000E+01  1.56627E+03
  5.16100E+01  1.56627E+03
  5.16200E+01  1.56628E+03
  5.16300E+01  1.56628E+03
  5.16400E+01  1.56628E+03
  5.16500E+01  1.56629E+03
  5.16600E+01  1.56629E+03
  5.16700E+01  1.56629E+03
  5.16800E+01  1.56629E+03
  5.16900E+01  1.56630E+03
  5.17000E+01  1.56630E+03
  5.17100E+01  1.56630E+03
  5.17200E+01  1.56631E+03
  5.17300E+01  1.56631E+03
  5.17400E+01  1.56631E+03
  5.17500E+01  1.56632E+03
  5.17600E+01  1.56632E+03
  5.17700E+01  1.56632E+03
  5.17800E+01  1.56633E+03
  5.17900E+01  1.56633E+03
  5.18000E+01  1.56633E+03
  5.18100E+01  1.56633E+03
  5.18200E+01  1.56634E+03
  5.18300E+01  1.56634E+03
  5.18400E+01  1.56634E+03
  5.18500E+01  1.56635E+03
  5.18600E+01  1.56635E+03
  5.18700E+01  1.56635E+03
  5.18800E+01  1.56636E+03
  5.18900E+01  1.56636E+03
  5.19000E+01  1.56636E+03
  5.19100E+01  1.56636E+03
  5.19200E+01  1.56637E+03
  5.19300E+01  1.56637E+03
  5.19400E+01  1.56637E+03
  5.19500E+01  1.56638E+03
  5.19600E+01  1.56638E+03
  5.19700E+01  1.56638E+03
  5.19800E+01  1.56639E+03
  5.19900E+01  1.56639E+03
  5.20000E+01  1.56639E+03
  5.20100E+01  1.56639E+03
  5.20200E+01  1.56640E+03
  5.20300E+01  1.56640E+03
  5.20400E+01  1.56640E+03
  5.20500E+01  1.56641E+03
  5.20600E+01  1.56641E+03
  5.20700E+01  1.56641E+03
  5.20800E+01  1.56641E+03
  5.20900E+01  1.56642E+03
  5.21000E+01  1.56642E+03
  5.21100E+01  1.56642E+03
  5.21200E+01  1.56643E+03
  5.21300E+01  1.56643E+03
  5.21400E+01  1.56643E+03
  5.21500E+01  1.56644E+03
  5.21600E+01  1.56644E+03
  5.21700E+01  1.56644E+03
  5.21800E+01  1.56644E+03
  5.21900E+01  1.56645E+03
  5.22000E+01  1.56645E+03
  5.22100E+01  1.56645E+03
  5.22200E+01  1.56646E+03
  5.22300E+01  1.56646E+03
  5.22400E+01  1.56646E+03
  5.22500E+01  1.56647E+03
  5.22600E+01  1.56647E+03
  5.22700E+01  1.56647E+03
  5.22800E+01  1.56647E+03
  5.22900E+01  1.56648E+03
  5.23000E+01  1.56648E+03
  5.23100E+01  1.56648E+03
  5.23200E+01  1.56649E+03
  5.23300E+01  1.56649E+03
  5.23400E+01  1.56649E+03
  5.23500E+01  1.56649E+03
  5.23600E+01  1.56650E+03
  5.23700E+01  1.56650E+03
  5.23800E+01  1.56650E+03
  5.23900E+01  1.56651E+03
  5.24000E+01  1.56651E+03
  5.24100E+01  1.56651E+03
  5.24200E+01  1.56652E+03
  5.24300E+01  1.56652E+03
  5.24400E+01  1.56652E+03
  5.24500E+01  1.56652E+03
  5.24600E+01  1.56653E+03
  5.24700E+01  1.56653E+03
  5.24800E+01  1.56653E+03
  5.24900E+01  1.56654E+03
  5.25000E+01  1.56654E+03
  5.25100E+01  1.56654E+03
  5.25200E+01  1.56654E+03
  5.25300E+01  1.56655E+03
  5.25400E+01  1.56655E+03
  5.25500E+01  1.56655E+03
  5.25600E+01  1.56656E+03
  5.25700E+01  1.56656E+03
  5.25800E+01  1.56656E+03
  5.25900E+01  1.56656E+03
  5.26000E+01  1.56657E+03
  5.26100E+01  1.56657E+03
  5.26200E+01  1.56657E+03
  5.26300E+01  1.56658E+03
  5.26400E+01  1.56658E+03
  5.26500E+01  1.56658E+03
  5.26600E+01  1.56659E+03
  5.26700E+01  1.56659E+03
  5.26800E+01  1.56659E+03
  5.26900E+01  1.56659E+03
  5.27000E+01  1.56660E+03
  5.27100E+01  1.56660E+03
  5.27200E+01  1.56660E+03
  5.27300E+01  1.56661E+03
  5.27400E+01  1.56661E+03
  5.27500E+01  1.56661E+03
  5.27600E+01  1.56661E+03
  5.27700E+01  1.56662E+03
  5.27800E+01  1.56662E+03
  5.27900E+01  1.56662E+03
  5.28000E+01  1.56663E+03
  5.28100E+01  1.56663E+03
  5.28200E+01  1.56663E+03
  5.28300E+01  1.56663E+03
  5.28400E+01  1.56664E+03
  5.28500E+01  1.56664E+03
  5.28600E+01  1.56664E+03
  5.28700E+01  1.56665E+03
  5.28800E+01  1.56665E+03
  5.28900E+01  1.56665E+03
  5.29000E+01  1.56665E+03
  5.29100E+01  1.56666E+03
  5.29200E+01  1.56666E+03
  5.29300E+01  1.56666E+03
  5.29400E+01  1.56667E+03
  5.29500E+01  1.56667E+03
  5.29600E+01  1.56667E+03
  5.29700E+01  1.56667E+03
  5.29800E+01  1.56668E+03
  5.29900E+01  1.56668E+03
  5.30000E+01  1.56668E+03
  5.30100E+01  1.56669E+03
  5.30200E+01  1.56669E+03
  5.30300E+01  1.56669E+03
  5.30400E+01  1.56670E+03
  5.30500E+01  1.56670E+03
  5.30600E+01  1.56670E+03
  5.30700E+01  1.56670E+03
  5.30800E+01  1.56671E+03
  5.30900E+01  1.56671E+03
  5.31000E+01  1.56671E+03
  5.31100E+01  1.56672E+03
  5.31200E+01  1.56672E+03
  5.31300E+01  1.56672E+03
  5.31400E+01  1.56672E+03
  5.31500E+01  1.56673E+03
  5.31600E+01  1.56673E+03
  5.31700E+01  1.56673E+03
  5.31800E+01  1.56674E+03
  5.31900E+01  1.56674E+03
  5.32000E+01  1.56674E+03
  5.32100E+01  1.56674E+03
  5.32200E+01  1.56675E+03
  5.32300E+01  1.56675E+03
  5.32400E+01  1.56675E+03
  5.32500E+01  1.56676E+03
  5.32600E+01  1.56676E+03
  5.32700E+01  1.56676E+03
  5.32800E+01  1.56676E+03
  5.32900E+01  1.56677E+03
  5.33000E+01  1.56677E+03
  5.33100E+01  1.56677E+03
  5.33200E+01  1.56678E+03
  5.33300E+01  1.56678E+03
  5.33400E+01  1.56678E+03
  5.33500E+01  1.56678E+03
  5.33600E+01  1.56679E+03
  5.33700E+01  1.56679E+03
  5.33800E+01  1.56679E+03
  5.33900E+01  1.56679E+03
  5.34000E+01  1.56680E+03
  5.34100E+01  1.56680E+03
  5.34200E+01  1.56680E+03
  5.34300E+01  1.56681E+03
  5.34400E+01  1.56681E+03
  5.34500E+01  1.56681E+03
  5.34600E+01  1.56681E+03
  5.34700E+01  1.56682E+03
  5.34800E+01  1.56682E+03
  5.34900E+01  1.56682E+03
  5.35000E+01  1.56683E+03
  5.35100E+01  1.56683E+03
  5.35200E+01  1.56683E+03
  5.35300E+01  1.56683E+03
  5.35400E+01  1.56684E+03
  5.35500E+01  1.56684E+03
  5.35600E+01  1.56684E+03
  5.35700E+01  1.56685E+03
  5.35800E+01  1.56685E+03
  5.35900E+01  1.56685E+03
  5.36000E+01  1.56685E+03
  5.36100E+01  1.56686E+03
  5.36200E+01  1.56686E+03
  5.36300E+01  1.56686E+03
  5.36400E+01  1.56687E+03
  5.36500E+01  1.56687E+03
  5.36600E+01  1.56687E+03
  5.36700E+01  1.56687E+03
  5.36800E+01  1.56688E+03
  5.36900E+01  1.56688E+03
  5.37000E+01  1.56688E+03
  5.37100E+01  1.56689E+03
  5.37200E+01  1.56689E+03
  5.37300E+01  1.56689E+03
  5.37400E+01  1.56689E+03
  5.37500E+01  1.56690E+03
  5.37600E+01  1.56690E+03
  5.37700E+01  1.56690E+03
  5.37800E+01  1.56690E+03
  5.37900E+01  1.56691E+03
  5.38000E+01  1.56691E+03
  5.38100E+01  1.56691E+03
  5.38200E+01  1.56692E+03
  5.38300E+01  1.56692E+03
  5.38400E+01  1.56692E+03
  5.38500E+01  1.56692E+03
  5.38600E+01  1.56693E+03
  5.38700E+01  1.56693E+03
  5.38800E+01  1.56693E+03
  5.38900E+01  1.56694E+03
  5.39000E+01  1.56694E+03
  5.39100E+01  1.56694E+03
  5.39200E+01  1.56694E+03
  5.39300E+01  1.56695E+03
  5.39400E+01  1.56695E+03
  5.39500E+01  1.56695E+03
  5.39600E+01  1.56695E+03
  5.39700E+01  1.56696E+03
  5.39800E+01  1.56696E+03
  5.39900E+01  1.56696E+03
  5.40000E+01  1.56697E+03
  5.40100E+01  1.56697E+03
  5.40200E+01  1.56697E+03
  5.40300E+01  1.56697E+03
  5.40400E+01  1.56698E+03
  5.40500E+01  1.56698E+03
  5.40600E+01  1.56698E+03
  5.40700E+01  1.56699E+03
  5.40800E+01  1.56699E+03
  5.40900E+01  1.56699E+03
  5.41000E+01  1.56699E+03
  5.41100E+01  1.56700E+03
  5.41200E+01  1.56700E+03
  5.41300E+01  1.56700E+03
  5.41400E+01  1.56700E+03
  5.41500E+01  1.56701E+03
  5.41600E+01  1.56701E+03
  5.41700E+01  1.56701E+03
  5.41800E+01  1.56702E+03
  5.41900E+01  1.56702E+03
  5.42000E+01  1.56702E+03
  5.42100E+01  1.56702E+03
  5.42200E+01  1.56703E+03
  5.42300E+01  1.56703E+03
  5.42400E+01  1.56703E+03
  5.42500E+01  1.56704E+03
  5.42600E+01  1.56704E+03
  5.42700E+01  1.56704E+03
  5.42800E+01  1.56704E+03
  5.42900E+01  1.56705E+03
  5.43000E+01  1.56705E+03
  5.43100E+01  1.56705E+03
  5.43200E+01  1.56705E+03
  5.43300E+01  1.56706E+03
  5.43400E+01  1.56706E+03
  5.43500E+01  1.56706E+03
  5.43600E+01  1.56707E+03
  5.43700E+01  1.56707E+03
  5.43800E+01  1.56707E+03
  5.43900E+01  1.56707E+03
  5.44000E+01  1.56708E+03
  5.44100E+01  1.56708E+03
  5.44200E+01  1.56708E+03
  5.44300E+01  1.56708E+03
  5.44400E+01  1.56709E+03
  5.44500E+01  1.56709E+03
  5.44600E+01  1.56709E+03
  5.44700E+01  1.56710E+03
  5.44800E+01  1.56710E+03
  5.44900E+01  1.56710E+03
  5.45000E+01  1.56710E+03
  5.45100E+01  1.56711E+03
  5.45200E+01  1.56711E+03
  5.45300E+01  1.56711E+03
  5.45400E+01  1.56711E+03
  5.45500E+01  1.56712E+03
  5.45600E+01  1.56712E+03
  5.45700E+01  1.56712E+03
  5.45800E+01  1.56713E+03
  5.45900E+01  1.56713E+03
  5.46000E+01  1.56713E+03
  5.46100E+01  1.56713E+03
  5.46200E+01  1.56714E+03
  5.46300E+01  1.56714E+03
  5.46400E+01  1.56714E+03
  5.46500E+01  1.56714E+03
  5.46600E+01  1.56715E+03
  5.46700E+01  1.56715E+03
  5.46800E+01  1.56715E+03
  5.46900E+01  1.56716E+03
  5.47000E+01  1.56716E+03
  5.47100E+01  1.56716E+03
  5.47200E+01  1.56716E+03
  5.47300E+01  1.56717E+03
  5.47400E+01  1.56717E+03
  5.47500E+01  1.56717E+03
  5.47600E+01  1.56717E+03
  5.47700E+01  1.56718E+03
  5.47800E+01  1.56718E+03
  5.47900E+01  1.56718E+03
  5.48000E+01  1.56718E+03
  5.48100E+01  1.56719E+03
  5.48200E+01  1.56719E+03
  5.48300E+01  1.56719E+03
  5.48400E+01  1.56720E+03
  5.48500E+01  1.56720E+03
  5.48600E+01  1.56720E+03
  5.48700E+01  1.56720E+03
  5.48800E+01  1.56721E+03
  5.48900E+01  1.56721E+03
  5.49000E+01  1.56721E+03
  5.49100E+01  1.56721E+03
  5.49200E+01  1.56722E+03
  5.49300E+01  1.56722E+03
  5.49400E+01  1.56722E+03
  5.49500E+01  1.56723E+03
  5.49600E+01  1.56723E+03
  5.49700E+01  1.56723E+03
  5.49800E+01  1.56723E+03
  5.49900E+01  1.56724E+03
  5.50000E+01  1.56724E+03
  5.50100E+01  1.56724E+03
  5.50200E+01  1.56724E+03
  5.50300E+01  1.56725E+03
  5.50400E+01  1.56725E+03
  5.50500E+01  1.56725E+03
  5.50600E+01  1.56725E+03
  5.50700E+01  1.56726E+03
  5.50800E+01  1.56726E+03
  5.50900E+01  1.56726E+03
  5.51000E+01  1.56727E+03
  5.51100E+01  1.56727E+03
  5.51200E+01  1.56727E+03
  5.51300E+01  1.56727E+03
  5.51400E+01  1.56728E+03
  5.51500E+01  1.56728E+03
  5.51600E+01  1.56728E+03
  5.51700E+01  1.56728E+03
  5.51800E+01  1.56729E+03
  5.51900E+01  1.56729E+03
  5.52000E+01  1.56729E+03
  5.52100E+01  1.56729E+03
  5.52200E+01  1.56730E+03
  5.52300E+01  1.56730E+03
  5.52400E+01  1.56730E+03
  5.52500E+01  1.56731E+03
  5.52600E+01  1.56731E+03
  5.52700E+01  1.56731E+03
  5.52800E+01  1.56731E+03
  5.52900E+01  1.56732E+03
  5.53000E+01  1.56732E+03
  5.53100E+01  1.56732E+03
  5.53200E+01  1.56732E+03
  5.53300E+01  1.56733E+03
  5.53400E+01  1.56733E+03
  5.53500E+01  1.56733E+03
  5.53600E+01  1.56733E+03
  5.53700E+01  1.56734E+03
  5.53800E+01  1.56734E+03
  5.53900E+01  1.56734E+03
  5.54000E+01  1.56734E+03
  5.54100E+01  1.56735E+03
  5.54200E+01  1.56735E+03
  5.54300E+01  1.56735E+03
  5.54400E+01  1.56736E+03
  5.54500E+01  1.56736E+03
  5.54600E+01  1.56736E+03
  5.54700E+01  1.56736E+03
  5.54800E+01  1.56737E+03
  5.54900E+01  1.56737E+03
  5.55000E+01  1.56737E+03
  5.55100E+01  1.56737E+03
  5.55200E+01  1.56738E+03
  5.55300E+01  1.56738E+03
  5.55400E+01  1.56738E+03
  5.55500E+01  1.56738E+03
  5.55600E+01  1.56739E+03
  5.55700E+01  1.56739E+03
  5.55800E+01  1.56739E+03
  5.55900E+01  1.56739E+03
  5.56000E+01  1.56740E+03
  5.56100E+01  1.56740E+03
  5.56200E+01  1.56740E+03
  5.56300E+01  1.56741E+03
  5.56400E+01  1.56741E+03
  5.56500E+01  1.56741E+03
  5.56600E+01  1.56741E+03
  5.56700E+01  1.56742E+03
  5.56800E+01  1.56742E+03
  5.56900E+01  1.56742E+03
  5.57000E+01  1.56742E+03
  5.57100E+01  1.56743E+03
  5.57200E+01  1.56743E+03
  5.57300E+01  1.56743E+03
  5.57400E+01  1.56743E+03
  5.57500E+01  1.56744E+03
  5.57600E+01  1.56744E+03
  5.57700E+01  1.56744E+03
  5.57800E+01  1.56744E+03
  5.57900E+01  1.56745E+03
  5.58000E+01  1.56745E+03
  5.58100E+01  1.56745E+03
  5.58200E+01  1.56745E+03
  5.58300E+01  1.56746E+03
  5.58400E+01  1.56746E+03
  5.58500E+01  1.56746E+03
  5.58600E+01  1.56747E+03
  5.58700E+01  1.56747E+03
  5.58800E+01  1.56747E+03
  5.58900E+01  1.56747E+03
  5.59000E+01  1.56748E+03
  5.59100E+01  1.56748E+03
  5.59200E+01  1.56748E+03
  5.59300E+01  1.56748E+03
  5.59400E+01  1.56749E+03
  5.59500E+01  1.56749E+03
  5.59600E+01  1.56749E+03
  5.59700E+01  1.56749E+03
  5.59800E+01  1.56750E+03
  5.59900E+01  1.56750E+03
  5.60000E+01  1.56750E+03
  5.60100E+01  1.56750E+03
  5.60200E+01  1.56751E+03
  5.60300E+01  1.56751E+03
  5.60400E+01  1.56751E+03
  5.60500E+01  1.56751E+03
  5.60600E+01  1.56752E+03
  5.60700E+01  1.56752E+03
  5.60800E+01  1.56752E+03
  5.60900E+01  1.56752E+03
  5.61000E+01  1.56753E+03
  5.61100E+01  1.56753E+03
  5.61200E+01  1.56753E+03
  5.61300E+01  1.56753E+03
  5.61400E+01  1.56754E+03
  5.61500E+01  1.56754E+03
  5.61600E+01  1.56754E+03
  5.61700E+01  1.56754E+03
  5.61800E+01  1.56755E+03
  5.61900E+01  1.56755E+03
  5.62000E+01  1.56755E+03
  5.62100E+01  1.56756E+03
  5.62200E+01  1.56756E+03
  5.62300E+01  1.56756E+03
  5.62400E+01  1.56756E+03
  5.62500E+01  1.56757E+03
  5.62600E+01  1.56757E+03
  5.62700E+01  1.56757E+03
  5.62800E+01  1.56757E+03
  5.62900E+01  1.56758E+03
  5.63000E+01  1.56758E+03
  5.63100E+01  1.56758E+03
  5.63200E+01  1.56758E+03
  5.63300E+01  1.56759E+03
  5.63400E+01  1.56759E+03
  5.63500E+01  1.56759E+03
  5.63600E+01  1.56759E+03
  5.63700E+01  1.56760E+03
  5.63800E+01  1.56760E+03
  5.63900E+01  1.56760E+03
  5.64000E+01  1.56760E+03
  5.64100E+01  1.56761E+03
  5.64200E+01  1.56761E+03
  5.64300E+01  1.56761E+03
  5.64400E+01  1.56761E+03
  5.64500E+01  1.56762E+03
  5.64600E+01  1.56762E+03
  5.64700E+01  1.56762E+03
  5.64800E+01  1.56762E+03
  5.64900E+01  1.56763E+03
  5.65000E+01  1.56763E+03
  5.65100E+01  1.56763E+03
  5.65200E+01  1.56763E+03
  5.65300E+01  1.56764E+03
  5.65400E+01  1.56764E+03
  5.65500E+01  1.56764E+03
  5.65600E+01  1.56764E+03
  5.65700E+01  1.56765E+03
  5.65800E+01  1.56765E+03
  5.65900E+01  1.56765E+03
  5.66000E+01  1.56765E+03
  5.66100E+01  1.56766E+03
  5.66200E+01  1.56766E+03
  5.66300E+01  1.56766E+03
  5.66400E+01  1.56766E+03
  5.66500E+01  1.56767E+03
  5.66600E+01  1.56767E+03
  5.66700E+01  1.56767E+03
  5.66800E+01  1.56767E+03
  5.66900E+01  1.56768E+03
  5.67000E+01  1.56768E+03
  5.67100E+01  1.56768E+03
  5.67200E+01  1.56768E+03
  5.67300E+01  1.56769E+03
  5.67400E+01  1.56769E+03
  5.67500E+01  1.56769E+03
  5.67600E+01  1.56769E+03
  5.67700E+01  1.56770E+03
  5.67800E+01  1.56770E+03
  5.67900E+01  1.56770E+03
  5.68000E+01  1.56770E+03
  5.68100E+01  1.56771E+03
  5.68200E+01  1.56771E+03
  5.68300E+01  1.56771E+03
  5.68400E+01  1.56771E+03
  5.68500E+01  1.56772E+03
  5.68600E+01  1.56772E+03
  5.68700E+01  1.56772E+03
  5.68800E+01  1.56772E+03
  5.68900E+01  1.56773E+03
  5.69000E+01  1.56773E+03
  5.69100E+01  1.56773E+03
  5.69200E+01  1.56773E+03
  5.69300E+01  1.56774E+03
  5.69400E+01  1.56774E+03
  5.69500E+01  1.56774E+03
  5.69600E+01  1.56774E+03
  5.69700E+01  1.56775E+03
  5.69800E+01  1.56775E+03
  5.69900E+01  1.56775E+03
  5.70000E+01  1.56775E+03
  5.70100E+01  1.56776E+03
  5.70200E+01  1.56776E+03
  5.70300E+01  1.56776E+03
  5.70400E+01  1.56776E+03
  5.70500E+01  1.56777E+03
  5.70600E+01  1.56777E+03
  5.70700E+01  1.56777E+03
  5.70800E+01  1.56777E+03
  5.70900E+01  1.56778E+03
  5.71000E+01  1.56778E+03
  5.71100E+01  1.56778E+03
  5.71200E+01  1.56778E+03
  5.71300E+01  1.56779E+03
  5.71400E+01  1.56779E+03
  5.71500E+01  1.56779E+03
  5.71600E+01  1.56779E+03
  5.71700E+01  1.56780E+03
  5.71800E+01  1.56780E+03
  5.71900E+01  1.56780E+03
  5.72000E+01  1.56780E+03
  5.72100E+01  1.56781E+03
  5.72200E+01  1.56781E+03
  5.72300E+01  1.56781E+03
  5.72400E+01  1.56781E+03
  5.72500E+01  1.56781E+03
  5.72600E+01  1.56782E+03
  5.72700E+01  1.56782E+03
  5.72800E+01  1.56782E+03
  5.72900E+01  1.56782E+03
  5.73000E+01  1.56783E+03
  5.73100E+01  1.56783E+03
  5.73200E+01  1.56783E+03
  5.73300E+01  1.56783E+03
  5.73400E+01  1.56784E+03
  5.73500E+01  1.56784E+03
  5.73600E+01  1.56784E+03
  5.73700E+01  1.56784E+03
  5.73800E+01  1.56785E+03
  5.73900E+01  1.56785E+03
  5.74000E+01  1.56785E+03
  5.74100E+01  1.56785E+03
  5.74200E+01  1.56786E+03
  5.74300E+01  1.56786E+03
  5.74400E+01  1.56786E+03
  5.74500E+01  1.56786E+03
  5.74600E+01  1.56787E+03
  5.74700E+01  1.56787E+03
  5.74800E+01  1.56787E+03
  5.74900E+01  1.56787E+03
  5.75000E+01  1.56788E+03
  5.75100E+01  1.56788E+03
  5.75200E+01  1.56788E+03
  5.75300E+01  1.56788E+03
  5.75400E+01  1.56789E+03
  5.75500E+01  1.56789E+03
  5.75600E+01  1.56789E+03
  5.75700E+01  1.56789E+03
  5.75800E+01  1.56789E+03
  5.75900E+01  1.56790E+03
  5.76000E+01  1.56790E+03
  5.76100E+01  1.56790E+03
  5.76200E+01  1.56790E+03
  5.76300E+01  1.56791E+03
  5.76400E+01  1.56791E+03
  5.76500E+01  1.56791E+03
  5.76600E+01  1.56791E+03
  5.76700E+01  1.56792E+03
  5.76800E+01  1.56792E+03
  5.76900E+01  1.56792E+03
  5.77000E+01  1.56792E+03
  5.77100E+01  1.56793E+03
  5.77200E+01  1.56793E+03
  5.77300E+01  1.56793E+03
  5.77400E+01  1.56793E+03
  5.77500E+01  1.56794E+03
  5.77600E+01  1.56794E+03
  5.77700E+01  1.56794E+03
  5.77800E+01  1.56794E+03
  5.77900E+01  1.56794E+03
  5.78000E+01  1.56795E+03
  5.78100E+01  1.56795E+03
  5.78200E+01  1.56795E+03
  5.78300E+01  1.56795E+03
  5.78400E+01  1.56796E+03
  5.78500E+01  1.56796E+03
  5.78600E+01  1.56796E+03
  5.78700E+01  1.56796E+03
  5.78800E+01  1.56797E+03
  5.78900E+01  1.56797E+03
  5.79000E+01  1.56797E+03
  5.79100E+01  1.56797E+03
  5.79200E+01  1.56798E+03
  5.79300E+01  1.56798E+03
  5.79400E+01  1.56798E+03
  5.79500E+01  1.56798E+03
  5.79600E+01  1.56799E+03
  5.79700E+01  1.56799E+03
  5.79800E+01  1.56799E+03
  5.79900E+01  1.56799E+03
  5.80000E+01  1.56799E+03
  5.80100E+01  1.56800E+03
  5.80200E+01  1.56800E+03
  5.80300E+01  1.56800E+03
  5.80400E+01  1.56800E+03
  5.80500E+01  1.56801E+03
  5.80600E+01  1.56801E+03
  5.80700E+01  1.56801E+03
  5.80800E+01  1.56801E+03
  5.80900E+01  1.56802E+03
  5.81000E+01  1.56802E+03
  5.81100E+01  1.56802E+03
  5.81200E+01  1.56802E+03
  5.81300E+01  1.56803E+03
  5.81400E+01  1.56803E+03
  5.81500E+01  1.56803E+03
  5.81600E+01  1.56803E+03
  5.81700E+01  1.56803E+03
  5.81800E+01  1.56804E+03
  5.81900E+01  1.56804E+03
  5.82000E+01  1.56804E+03
  5.82100E+01  1.56804E+03
  5.82200E+01  1.56805E+03
  5.82300E+01  1.56805E+03
  5.82400E+01  1.56805E+03
  5.82500E+01  1.56805E+03
  5.82600E+01  1.56806E+03
  5.82700E+01  1.56806E+03
  5.82800E+01  1.56806E+03
  5.82900E+01  1.56806E+03
  5.83000E+01  1.56807E+03
  5.83100E+01  1.56807E+03
  5.83200E+01  1.56807E+03
  5.83300E+01  1.56807E+03
  5.83400E+01  1.56807E+03
  5.83500E+01  1.56808E+03
  5.83600E+01  1.56808E+03
  5.83700E+01  1.56808E+03
  5.83800E+01  1.56808E+03
  5.83900E+01  1.56809E+03
  5.84000E+01  1.56809E+03
  5.84100E+01  1.56809E+03
  5.84200E+01  1.56809E+03
  5.84300E+01  1.56810E+03
  5.84400E+01  1.56810E+03
  5.84500E+01  1.56810E+03
  5.84600E+01  1.56810E+03
  5.84700E+01  1.56810E+03
  5.84800E+01  1.56811E+03
  5.84900E+01  1.56811E+03
  5.85000E+01  1.56811E+03
  5.85100E+01  1.56811E+03
  5.85200E+01  1.56812E+03
  5.85300E+01  1.56812E+03
  5.85400E+01  1.56812E+03
  5.85500E+01  1.56812E+03
  5.85600E+01  1.56813E+03
  5.85700E+01  1.56813E+03
  5.85800E+01  1.56813E+03
  5.85900E+01  1.56813E+03
  5.86000E+01  1.56813E+03
  5.86100E+01  1.56814E+03
  5.86200E+01  1.56814E+03
  5.86300E+01  1.56814E+03
  5.86400E+01  1.56814E+03
  5.86500E+01  1.56815E+03
  5.86600E+01  1.56815E+03
  5.86700E+01  1.56815E+03
  5.86800E+01  1.56815E+03
  5.86900E+01  1.56816E+03
  5.87000E+01  1.56816E+03
  5.87100E+01  1.56816E+03
  5.87200E+01  1.56816E+03
  5.87300E+01  1.56816E+03
  5.87400E+01  1.56817E+03
  5.87500E+01  1.56817E+03
  5.87600E+01  1.56817E+03
  5.87700E+01  1.56817E+03
  5.87800E+01  1.56818E+03
  5.87900E+01  1.56818E+03
  5.88000E+01  1.56818E+03
  5.88100E+01  1.56818E+03
  5.88200E+01  1.56819E+03
  5.88300E+01  1.56819E+03
  5.88400E+01  1.56819E+03
  5.88500E+01  1.56819E+03
  5.88600E+01  1.56819E+03
  5.88700E+01  1.56820E+03
  5.88800E+01  1.56820E+03
  5.88900E+01  1.56820E+03
  5.89000E+01  1.56820E+03
  5.89100E+01  1.56821E+03
  5.89200E+01  1.56821E+03
  5.89300E+01  1.56821E+03
  5.89400E+01  1.56821E+03
  5.89500E+01  1.56821E+03
  5.89600E+01  1.56822E+03
  5.89700E+01  1.56822E+03
  5.89800E+01  1.56822E+03
  5.89900E+01  1.56822E+03
  5.90000E+01  1.56823E+03
  5.90100E+01  1.56823E+03
  5.90200E+01  1.56823E+03
  5.90300E+01  1.56823E+03
  5.90400E+01  1.56824E+03
  5.90500E+01  1.56824E+03
  5.90600E+01  1.56824E+03
  5.90700E+01  1.56824E+03
  5.90800E+01  1.56824E+03
  5.90900E+01  1.56825E+03
  5.91000E+01  1.56825E+03
  5.91100E+01  1.56825E+03
  5.91200E+01  1.56825E+03
  5.91300E+01  1.56826E+03
  5.91400E+01  1.56826E+03
  5.91500E+01  1.56826E+03
  5.91600E+01  1.56826E+03
  5.91700E+01  1.56826E+03
  5.91800E+01  1.56827E+03
  5.91900E+01  1.56827E+03
  5.92000E+01  1.56827E+03
  5.92100E+01  1.56827E+03
  5.92200E+01  1.56828E+03
  5.92300E+01  1.56828E+03
  5.92400E+01  1.56828E+03
  5.92500E+01  1.56828E+03
  5.92600E+01  1.56829E+03
  5.92700E+01  1.56829E+03
  5.92800E+01  1.56829E+03
  5.92900E+01  1.56829E+03
  5.93000E+01  1.56829E+03
  5.93100E+01  1.56830E+03
  5.93200E+01  1.56830E+03
  5.93300E+01  1.56830E+03
  5.93400E+01  1.56830E+03
  5.93500E+01  1.56831E+03
  5.93600E+01  1.56831E+03
  5.93700E+01  1.56831E+03
  5.93800E+01  1.56831E+03
  5.93900E+01  1.56831E+03
  5.94000E+01  1.56832E+03
  5.94100E+01  1.56832E+03
  5.94200E+01  1.56832E+03
  5.94300E+01  1.56832E+03
  5.94400E+01  1.56833E+03
  5.94500E+01  1.56833E+03
  5.94600E+01  1.56833E+03
  5.94700E+01  1.56833E+03
  5.94800E+01  1.56833E+03
  5.94900E+01  1.56834E+03
  5.95000E+01  1.56834E+03
  5.95100E+01  1.56834E+03
  5.95200E+01  1.56834E+03
  5.95300E+01  1.56835E+03
  5.95400E+01  1.56835E+03
  5.95500E+01  1.56835E+03
  5.95600E+01  1.56835E+03
  5.95700E+01  1.56835E+03
  5.95800E+01  1.56836E+03
  5.95900E+01  1.56836E+03
  5.96000E+01  1.56836E+03
  5.96100E+01  1.56836E+03
  5.96200E+01  1.56837E+03
  5.96300E+01  1.56837E+03
  5.96400E+01  1.56837E+03
  5.96500E+01  1.56837E+03
  5.96600E+01  1.56838E+03
  5.96700E+01  1.56838E+03
  5.96800E+01  1.56838E+03
  5.96900E+01  1.56838E+03
  5.97000E+01  1.56838E+03
  5.97100E+01  1.56839E+03
  5.97200E+01  1.56839E+03
  5.97300E+01  1.56839E+03
  5.97400E+01  1.56839E+03
  5.97500E+01  1.56840E+03
  5.97600E+01  1.56840E+03
  5.97700E+01  1.56840E+03
  5.97800E+01  1.56840E+03
  5.97900E+01  1.56840E+03
  5.98000E+01  1.56841E+03
  5.98100E+01  1.56841E+03
  5.98200E+01  1.56841E+03
  5.98300E+01  1.56841E+03
  5.98400E+01  1.56842E+03
  5.98500E+01  1.56842E+03
  5.98600E+01  1.56842E+03
  5.98700E+01  1.56842E+03
  5.98800E+01  1.56842E+03
  5.98900E+01  1.56843E+03
  5.99000E+01  1.56843E+03
  5.99100E+01  1.56843E+03
  5.99200E+01  1.56843E+03
  5.99300E+01  1.56844E+03
  5.99400E+01  1.56844E+03
  5.99500E+01  1.56844E+03
  5.99600E+01  1.56844E+03
  5.99700E+01  1.56844E+03
  5.99800E+01  1.56845E+03
  5.99900E+01  1.56845E+03
  6.00000E+01  1.56845E+03
  6.00100E+01  1.52739E+03
  6.00200E+01  1.50488E+03
  6.00300E+01  1.48614E+03
  6.00400E+01  1.46979E+03
  6.00500E+01  1.45520E+03
  6.00600E+01  1.44199E+03
  6.00700E+01  1.42988E+03
  6.00800E+01  1.41869E+03
  6.00900E+01  1.40827E+03
  6.01000E+01  1.39852E+03
  6.01100E+01  1.38935E+03
  6.01200E+01  1.38069E+03
  6.01300E+01  1.37249E+03
  6.01400E+01  1.36471E+03
  6.01500E+01  1.35730E+03
  6.01600E+01  1.35023E+03
  6.01700E+01  1.34346E+03
  6.01800E+01  1.33697E+03
  6.01900E+01  1.33073E+03
  6.02000E+01  1.32474E+03
  6.02100E+01  1.31895E+03
  6.02200E+01  1.31338E+03
  6.02300E+01  1.30799E+03
  6.02400E+01  1.30277E+03
  6.02500E+01  1.29772E+03
  6.02600E+01  1.29282E+03
  6.02700E+01  1.28807E+03
  6.02800E+01  1.28346E+03
  6.02900E+01  1.27897E+03
  6.03000E+01  1.27460E+03
  6.03100E+01  1.27035E+03
  6.03200E+01  1.26621E+03
  6.03300E+01  1.26217E+03
  6.03400E+01  1.25823E+03
  6.03500E+01  1.25438E+03
  6.03600E+01  1.25063E+03
  6.03700E+01  1.24695E+03
  6.03800E+01  1.24336E+03
  6.03900E+01  1.23985E+03
  6.04000E+01  1.23641E+03
  6.04100E+01  1.23304E+03
  6.04200E+01  1.22973E+03
  6.04300E+01  1.22650E+03
  6.04400E+01  1.22332E+03
  6.04500E+01  1.22021E+03
  6.04600E+01  1.21715E+03
  6.04700E+01  1.21415E+03
  6.04800E+01  1.21120E+03
  6.04900E+01  1.20830E+03
  6.05000E+01  1.20546E+03
  6.05100E+01  1.20266E+03
  6.05200E+01  1.19990E+03
  6.05300E+01  1.19720E+03
  6.05400E+01  1.19453E+03
  6.05500E+01  1.19191E+03
  6.05600E+01  1.18932E+03
  6.05700E+01  1.18678E+03
  6.05800E+01  1.18427E+03
  6.05900E+01  1.18180E+03
  6.06000E+01  1.17936E+03
  6.06100E+01  1.17696E+03
  6.06200E+01  1.17460E+03
  6.06300E+01  1.17226E+03
  6.06400E+01  1.16996E+03
  6.06500E+01  1.16769E+03
  6.06600E+01  1.16545E+03
  6.06700E+01  1.16324E+03
  6.06800E+01  1.16105E+03
  6.06900E+01  1.15890E+03
  6.07000E+01  1.15677E+03
  6.07100E+01  1.15466E+03
  6.07200E+01  1.15259E+03
  6.07300E+01  1.15054E+03
  6.07400E+01  1.14851E+03
  6.07500E+01  1.14651E+03
  6.07600E+01  1.14453E+03
  6.07700E+01  1.14257E+03
  6.07800E+01  1.14064E+03
  6.07900E+01  1.13873E+03
  6.08000E+01  1.13684E+03
  6.08100E+01  1.13497E+03
  6.08200E+01  1.13312E+03
  6.08300E+01  1.13130E+03
  6.08400E+01  1.12949E+03
  6.08500E+01  1.12770E+03
  6.08600E+01  1.12593E+03
  6.08700E+01  1.12418E+03
  6.08800E+01  1.12245E+03
  6.08900E+01  1.12074E+03
  6.09000E+01  1.11904E+03
  6.09100E+01  1.11736E+03
  6.09200E+01  1.11570E+03
  6.09300E+01  1.11406E+03
  6.09400E+01  1.11243E+03
  6.09500E+01  1.11082E+03
  6.09600E+01  1.10922E+03
  6.09700E+01  1.10764E+03
  6.09800E+01  1.10607E+03
  6.09900E+01  1.10452E+03
  6.10000E+01  1.10298E+03
  6.10100E+01  1.10146E+03
  6.10200E+01  1.09995E+03
  6.10300E+01  1.09846E+03
  6.10400E+01  1.09698E+03
  6.10500E+01  1.09551E+03
  6.10600E+01  1.09405E+03
  6.10700E+01  1.09261E+03
  6.10800E+01  1.09118E+03
  6.10900E+01  1.08977E+03
  6.11000E+01  1.08836E+03
  6.11100E+01  1.08697E+03
  6.11200E+01  1.08559E+03
  6.11300E+01  1.08422E+03
  6.11400E+01  1.08286E+03
  6.11500E+01  1.08151E+03
  6.11600E+01  1.08018E+03
  6.11700E+01  1.07885E+03
  6.11800E+01  1.07754E+03
  6.11900E+01  1.07624E+03
  6.12000E+01  1.07494E+03
  6.12100E+01  1.07366E+03
  6.12200E+01  1.07238E+03
  6.12300E+01  1.07112E+03
  6.12400E+01  1.06987E+03
  6.12500E+01  1.06862E+03
  6.12600E+01  1.06739E+03
  6.12700E+01  1.06616E+03
  6.12800E+01  1.06495E+03
  6.12900E+01  1.06374E+03
  6.13000E+01  1.06254E+03
  6.13100E+01  1.06135E+03
  6.13200E+01  1.06017E+03
  6.13300E+01  1.05900E+03
  6.13400E+01  1.05783E+03
  6.13500E+01  1.05668E+03
  6.13600E+01  1.05553E+03
  6.13700E+01  1.05439E+03
  6.13800E+01  1.05326E+03
  6.13900E+01  1.05213E+03
  6.14000E+01  1.05101E+03
  6.14100E+01  1.04990E+03
  6.14200E+01  1.04880E+03
  6.14300E+01  1.04771E+03
  6.14400E+01  1.04662E+03
  6.14500E+01  1.04554E+03
  6.14600E+01  1.04447E+03
  6.14700E+01  1.04340E+03
  6.14800E+01  1.04235E+03
  6.14900E+01  1.04129E+03
  6.15000E+01  1.04025E+03
  6.15100E+01  1.03921E+03
  6.15200E+01  1.03818E+03
  6.15300E+01  1.03715E+03
  6.15400E+01  1.03614E+03
  6.15500E+01  1.03512E+03
  6.15600E+01  1.03412E+03
  6.15700E+01  1.03312E+03
  6.15800E+01  1.03212E+03
  6.15900E+01  1.03114E+03
  6.16000E+01  1.03015E+03
  6.16100E+01  1.02918E+03
  6.16200E+01  1.02821E+03
  6.16300E+01  1.02724E+03
  6.16400E+01  1.02628E+03
  6.16500E+01  1.02533E+03
  6.16600E+01  1.02438E+03
  6.16700E+01  1.02344E+03
  6.16800E+01  1.02250E+03
  6.16900E+01  1.02157E+03
  6.17000E+01  1.02065E+03
  6.17100E+01  1.01973E+03
  6.17200E+01  1.01881E+03
  6.17300E+01  1.01790E+03
  6.17400E+01  1.01700E+03
  6.17500E+01  1.01610E+03
  6.17600E+01  1.01521E+03
  6.17700E+01  1.01432E+03
  6.17800E+01  1.01343E+03
  6.17900E+01  1.01255E+03
  6.18000E+01  1.01168E+03
  6.18100E+01  1.01081E+03
  6.18200E+01  1.00995E+03
  6.18300E+01  1.00908E+03
  6.18400E+01  1.00823E+03
  6.18500E+01  1.00738E+03
  6.18600E+01  1.00653E+03
  6.18700E+01  1.00569E+03
  6.18800E+01  1.00485E+03
  6.18900E+01  1.00402E+03
  6.19000E+01  1.00319E+03
  6.19100E+01  1.00236E+03
  6.19200E+01  1.00154E+03
  6.19300E+01  1.00072E+03
  6.19400E+01  9.99909E+02
  6.19500E+01  9.99100E+02
  6.19600E+01  9.98295E+02
  6.19700E+01  9.97494E+02
  6.19800E+01  9.96698E+02
  6.19900E+01  9.95906E+02
  6.20000E+01  9.95119E+02
  6.20100E+01  9.94336E+02
  6.20200E+01  9.93556E+02
  6.20300E+01  9.92781E+02
  6.20400E+01  9.92010E+02
  6.20500E+01  9.91242E+02
  6.20600E+01  9.90479E+02
  6.20700E+01  9.89719E+02
  6.20800E+01  9.88963E+02
  6.20900E+01  9.88210E+02
  6.21000E+01  9.87462E+02
  6.21100E+01  9.86717E+02
  6.21200E+01  9.85975E+02
  6.21300E+01  9.85237E+02
  6.21400E+01  9.84502E+02
  6.21500E+01  9.83770E+02
  6.21600E+01  9.83042E+02
  6.21700E+01  9.82317E+02
  6.21800E+01  9.81595E+02
  6.21900E+01  9.80877E+02
  6.22000E+01  9.80161E+02
  6.22100E+01  9.79449E+02
  6.22200E+01  9.78741E+02
  6.22300E+01  9.78035E+02
  6.22400E+01  9.77332E+02
  6.22500E+01  9.76632E+02
  6.22600E+01  9.75936E+02
  6.22700E+01  9.75242E+02
  6.22800E+01  9.74551E+02
  6.22900E+01  9.73863E+02
  6.23000E+01  9.73179E+02
  6.23100E+01  9.72498E+02
  6.23200E+01  9.71821E+02
  6.23300E+01  9.71147E+02
  6.23400E+01  9.70476E+02
  6.23500E+01  9.69809E+02
  6.23600E+01  9.69144E+02
  6.23700E+01  9.68483E+02
  6.23800E+01  9.67825E+02
  6.23900E+01  9.67169E+02
  6.24000E+01  9.66517E+02
  6.24100E+01  9.65867E+02
  6.24200E+01  9.65220E+02
  6.24300E+01  9.64576E+02
  6.24400E+01  9.63935E+02
  6.24500E+01  9.63297E+02
  6.24600E+01  9.62661E+02
  6.24700E+01  9.62028E+02
  6.24800E+01  9.61397E+02
  6.24900E+01  9.60769E+02
  6.25000E+01  9.60143E+02
  6.25100E+01  9.59520E+02
  6.25200E+01  9.58899E+02
  6.25300E+01  9.58281E+02
  6.25400E+01  9.57665E+02
  6.25500E+01  9.57052E+02
  6.25600E+01  9.56441E+02
  6.25700E+01  9.55833E+02
  6.25800E+01  9.55226E+02
  6.25900E+01  9.54622E+02
  6.26000E+01  9.54021E+02
  6.26100E+01  9.53421E+02
  6.26200E+01  9.52824E+02
  6.26300E+01  9.52229E+02
  6.26400E+01  9.51636E+02
  6.26500E+01  9.51046E+02
  6.26600E+01  9.50457E+02
  6.26700E+01  9.49871E+02
  6.26800E+01  9.49287E+02
  6.26900E+01  9.48705E+02
  6.27000E+01  9.48126E+02
  6.27100E+01  9.47550E+02
  6.27200E+01  9.46976E+02
  6.27300E+01  9.46404E+02
  6.27400E+01  9.45836E+02
  6.27500E+01  9.45269E+02
  6.27600E+01  9.44705E+02
  6.27700E+01  9.44143E+02
  6.27800E+01  9.43583E+02
  6.27900E+01  9.43026E+02
  6.28000E+01  9.42470E+02
  6.28100E+01  9.41917E+02
  6.28200E+01  9.41366E+02
  6.28300E+01  9.40817E+02
  6.28400E+01  9.40270E+02
  6.28500E+01  9.39725E+02
  6.28600E+01  9.39182E+02
  6.28700E+01  9.38641E+02
  6.28800E+01  9.38102E+02
  6.28900E+01  9.37564E+02
  6.29000E+01  9.37029E+02
  6.29100E+01  9.36495E+02
  6.29200E+01  9.35963E+02
  6.29300E+01  9.35434E+02
  6.29400E+01  9.34905E+02
  6.29500E+01  9.34379E+02
  6.29600E+01  9.33855E+02
  6.29700E+01  9.33332E+02
  6.29800E+01  9.32811E+02
  6.29900E+01  9.32292E+02
  6.30000E+01  9.31775E+02
  6.30100E+01  9.31259E+02
  6.30200E+01  9.30745E+02
  6.30300E+01  9.30232E+02
  6.30400E+01  9.29721E+02
  6.30500E+01  9.29212E+02
  6.30600E+01  9.28705E+02
  6.30700E+01  9.28199E+02
  6.30800E+01  9.27695E+02
  6.30900E+01  9.27192E+02
  6.31000E+01  9.26691E+02
  6.31100E+01  9.26192E+02
  6.31200E+01  9.25694E+02
  6.31300E+01  9.25197E+02
  6.31400E+01  9.24702E+02
  6.31500E+01  9.24209E+02
  6.31600E+01  9.23717E+02
  6.31700E+01  9.23228E+02
  6.31800E+01  9.22740E+02
  6.31900E+01  9.22254E+02
  6.32000E+01  9.21770E+02
  6.32100E+01  9.21287E+02
  6.32200E+01  9.20806E+02
  6.32300E+01  9.20327E+02
  6.32400E+01  9.19850E+02
  6.32500E+01  9.19374E+02
  6.32600E+01  9.18899E+02
  6.32700E+01  9.18426E+02
  6.32800E+01  9.17955E+02
  6.32900E+01  9.17485E+02
  6.33000E+01  9.17017E+02
  6.33100E+01  9.16550E+02
  6.33200E+01  9.16085E+02
  6.33300E+01  9.15621E+02
  6.33400E+01  9.15159E+02
  6.33500E+01  9.14698E+02
  6.33600E+01  9.14238E+02
  6.33700E+01  9.13780E+02
  6.33800E+01  9.13323E+02
  6.33900E+01  9.12867E+02
  6.34000E+01  9.12413E+02
  6.34100E+01  9.11960E+02
  6.34200E+01  9.11509E+02
  6.34300E+01  9.11058E+02
  6.34400E+01  9.10610E+02
  6.34500E+01  9.10162E+02
  6.34600E+01  9.09716E+02
  6.34700E+01  9.09271E+02
  6.34800E+01  9.08827E+02
  6.34900E+01  9.08385E+02
  6.35000E+01  9.07943E+02
  6.35100E+01  9.07503E+02
  6.35200E+01  9.07065E+02
  6.35300E+01  9.06627E+02
  6.35400E+01  9.06191E+02
  6.35500E+01  9.05756E+02
  6.35600E+01  9.05322E+02
  6.35700E+01  9.04889E+02
  6.35800E+01  9.04458E+02
  6.35900E+01  9.04028E+02
  6.36000E+01  9.03599E+02
  6.36100E+01  9.03171E+02
  6.36200E+01  9.02744E+02
  6.36300E+01  9.02318E+02
  6.36400E+01  9.01894E+02
  6.36500E+01  9.01470E+02
  6.36600E+01  9.01048E+02
  6.36700E+01  9.00627E+02
  6.36800E+01  9.00207E+02
  6.36900E+01  8.99788E+02
  6.37000E+01  8.99370E+02
  6.37100E+01  8.98954E+02
  6.37200E+01  8.98538E+02
  6.37300E+01  8.98124E+02
  6.37400E+01  8.97711E+02
  6.37500E+01  8.97300E+02
  6.37600E+01  8.96889E+02
  6.37700E+01  8.96480E+02
  6.37800E+01  8.96072E+02
  6.37900E+01  8.95665E+02
  6.38000E+01  8.95259E+02
  6.38100E+01  8.94854E+02
  6.38200E+01  8.94450E+02
  6.38300E+01  8.94048E+02
  6.38400E+01  8.93646E+02
  6.38500E+01  8.93246E+02
  6.38600E+01  8.92847E+02
  6.38700E+01  8.92449E+02
  6.38800E+01  8.92051E+02
  6.38900E+01  8.91655E+02
  6.39000E+01  8.91260E+02
  6.39100E+01  8.90866E+02
  6.39200E+01  8.90473E+02
  6.39300E+01  8.90081E+02
  6.39400E+01  8.89690E+02
  6.39500E+01  8.89300E+02
  6.39600E+01  8.88911E+02
  6.39700E+01  8.88523E+02
  6.39800E+01  8.88136E+02
  6.39900E+01  8.87750E+02
  6.40000E+01  8.87365E+02
  6.40100E+01  8.86981E+02
  6.40200E+01  8.86598E+02
  6.40300E+01  8.86215E+02
  6.40400E+01  8.85834E+02
  6.40500E+01  8.85454E+02
  6.40600E+01  8.85075E+02
  6.40700E+01  8.84696E+02
  6.40800E+01  8.84319E+02
  6.40900E+01  8.83942E+02
  6.41000E+01  8.83567E+02
  6.41100E+01  8.83192E+02
  6.41200E+01  8.82818E+02
  6.41300E+01  8.82445E+02
  6.41400E+01  8.82073E+02
  6.41500E+01  8.81702E+02
  6.41600E+01  8.81332E+02
  6.41700E+01  8.80963E+02
  6.41800E+01  8.80595E+02
  6.41900E+01  8.80227E+02
  6.42000E+01  8.79860E+02
  6.42100E+01  8.79495E+02
  6.42200E+01  8.79130E+02
  6.42300E+01  8.78766E+02
  6.42400E+01  8.78403E+02
  6.42500E+01  8.78040E+02
  6.42600E+01  8.77679E+02
  6.42700E+01  8.77318E+02
  6.42800E+01  8.76959E+02
  6.42900E+01  8.76600E+02
  6.43000E+01  8.76242E+02
  6.43100E+01  8.75884E+02
  6.43200E+01  8.75528E+02
  6.43300E+01  8.75172E+02
  6.43400E+01  8.74818E+02
  6.43500E+01  8.74464E+02
  6.43600E+01  8.74111E+02
  6.43700E+01  8.73758E+02
  6.43800E+01  8.73407E+02
  6.43900E+01  8.73056E+02
  6.44000E+01  8.72706E+02
  6.44100E+01  8.72357E+02
  6.44200E+01  8.72009E+02
  6.44300E+01  8.71662E+02
  6.44400E+01  8.71315E+02
  6.44500E+01  8.70969E+02
  6.44600E+01  8.70624E+02
  6.44700E+01  8.70280E+02
  6.44800E+01  8.69936E+02
  6.44900E+01  8.69593E+02
  6.45000E+01  8.69252E+02
  6.45100E+01  8.68910E+02
  6.45200E+01  8.68570E+02
  6.45300E+01  8.68230E+02
  6.45400E+01  8.67892E+02
  6.45500E+01  8.67553E+02
  6.45600E+01  8.67216E+02
  6.45700E+01  8.66880E+02
  6.45800E+01  8.66544E+02
  6.45900E+01  8.66209E+02
  6.46000E+01  8.65874E+02
  6.46100E+01  8.65541E+02
  6.46200E+01  8.65208E+02
  6.46300E+01  8.64876E+02
  6.46400E+01  8.64545E+02
  6.46500E+01  8.64214E+02
  6.46600E+01  8.63884E+02
  6.46700E+01  8.63555E+02
  6.46800E+01  8.63227E+02
  6.46900E+01  8.62899E+02
  6.47000E+01  8.62572E+02
  6.47100E+01  8.62246E+02
  6.47200E+01  8.61920E+02
  6.47300E+01  8.61595E+02
  6.47400E+01  8.61271E+02
  6.47500E+01  8.60948E+02
  6.47600E+01  8.60625E+02
  6.47700E+01  8.60303E+02
  6.47800E+01  8.59982E+02
  6.47900E+01  8.59661E+02
  6.48000E+01  8.59341E+02
  6.48100E+01  8.59022E+02
  6.48200E+01  8.58704E+02
  6.48300E+01  8.58386E+02
  6.48400E+01  8.58069E+02
  6.48500E+01  8.57752E+02
  6.48600E+01  8.57436E+02
  6.48700E+01  8.57121E+02
  6.48800E+01  8.56807E+02
  6.48900E+01  8.56493E+02
  6.49000E+01  8.56180E+02
  6.49100E+01  8.55868E+02
  6.49200E+01  8.55556E+02
  6.49300E+01  8.55245E+02
  6.49400E+01  8.54934E+02
  6.49500E+01  8.54625E+02
  6.49600E+01  8.54316E+02
  6.49700E+01  8.54007E+02
  6.49800E+01  8.53699E+02
  6.49900E+01  8.53392E+02
  6.50000E+01  8.53086E+02
  6.50100E+01  8.52780E+02
  6.50200E+01  8.52475E+02
  6.50300E+01  8.52170E+02
  6.50400E+01  8.51866E+02
  6.50500E+01  8.51563E+02
  6.50600E+01  8.51260E+02
  6.50700E+01  8.50958E+02
  6.50800E+01  8.50657E+02
  6.50900E+01  8.50356E+02
  6.51000E+01  8.50056E+02
  6.51100E+01  8.49756E+02
  6.51200E+01  8.49457E+02
  6.51300E+01  8.49159E+02
  6.51400E+01  8.48861E+02
  6.51500E+01  8.48564E+02
  6.51600E+01  8.48267E+02
  6.51700E+01  8.47971E+02
  6.51800E+01  8.47676E+02
  6.51900E+01  8.47381E+02
  6.52000E+01  8.47086E+02
  6.52100E+01  8.46792E+02
  6.52200E+01  8.46499E+02
  6.52300E+01  8.46206E+02
  6.52400E+01  8.45914E+02
  6.52500E+01  8.45622E+02
  6.52600E+01  8.45331E+02
  6.52700E+01  8.45041E+02
  6.52800E+01  8.44751E+02
  6.52900E+01  8.44462E+02
  6.53000E+01  8.44173E+02
  6.53100E+01  8.43885E+02
  6.53200E+01  8.43597E+02
  6.53300E+01  8.43310E+02
  6.53400E+01  8.43024E+02
  6.53500E+01  8.42738E+02
  6.53600E+01  8.42452E+02
  6.53700E+01  8.42168E+02
  6.53800E+01  8.41883E+02
  6.53900E+01  8.41600E+02
  6.54000E+01  8.41316E+02
  6.54100E+01  8.41034E+02
  6.54200E+01  8.40752E+02
  6.54300E+01  8.40470E+02
  6.54400E+01  8.40190E+02
  6.54500E+01  8.39909E+02
  6.54600E+01  8.39629E+02
  6.54700E+01  8.39350E+02
  6.54800E+01  8.39071E+02
  6.54900E+01  8.38793E+02
  6.55000E+01  8.38516E+02
  6.55100E+01  8.38239E+02
  6.55200E+01  8.37962E+02
  6.55300E+01  8.37686E+02
  6.55400E+01  8.37411E+02
  6.55500E+01  8.37136E+02
  6.55600E+01  8.36861E+02
  6.55700E+01  8.36588E+02
  6.55800E+01  8.36314E+02
  6.55900E+01  8.36041E+02
  6.56000E+01  8.35769E+02
  6.56100E+01  8.35497E+02
  6.56200E+01  8.35226E+02
  6.56300E+01  8.34956E+02
  6.56400E+01  8.34685E+02
  6.56500E+01  8.34416E+02
  6.56600E+01  8.34147E+02
  6.56700E+01  8.33878E+02
  6.56800E+01  8.33610E+02
  6.56900E+01  8.33343E+02
  6.57000E+01  8.33076E+02
  6.57100E+01  8.32809E+02
  6.57200E+01  8.32543E+02
  6.57300E+01  8.32278E+02
  6.57400E+01  8.32013E+02
  6.57500E+01  8.31749E+02
  6.57600E+01  8.31485E+02
  6.57700E+01  8.31221E+02
  6.57800E+01  8.30958E+02
  6.57900E+01  8.30696E+02
  6.58000E+01  8.30434E+02
  6.58100E+01  8.30173E+02
  6.58200E+01  8.29912E+02
  6.58300E+01  8.29652E+02
  6.58400E+01  8.29392E+02
  6.58500E+01  8.29132E+02
  6.58600E+01  8.28874E+02
  6.58700E+01  8.28615E+02
  6.58800E+01  8.28357E+02
  6.58900E+01  8.28100E+02
  6.59000E+01  8.27843E+02
  6.59100E+01  8.27587E+02
  6.59200E+01  8.27331E+02
  6.59300E+01  8.27075E+02
  6.59400E+01  8.26820E+02
  6.59500E+01  8.26566E+02
  6.59600E+01  8.26312E+02
  6.59700E+01  8.26058E+02
  6.59800E+01  8.25805E+02
  6.59900E+01  8.25552E+02
  6.60000E+01  8.25300E+02
  6.60100E+01  8.25049E+02
  6.60200E+01  8.24797E+02
  6.60300E+01  8.24547E+02
  6.60400E+01  8.24296E+02
  6.60500E+01  8.24046E+02
  6.60600E+01  8.23797E+02
  6.60700E+01  8.23548E+02
  6.60800E+01  8.23299E+02
  6.60900E+01  8.23050E+02
  6.61000E+01  8.22803E+02
  6.61100E+01  8.22555E+02
  6.61200E+01  8.22308E+02
  6.61300E+01  8.22061E+02
  6.61400E+01  8.21815E+02
  6.61500E+01  8.21569E+02
  6.61600E+01  8.21323E+02
  6.61700E+01  8.21078E+02
  6.61800E+01  8.20833E+02
  6.61900E+01  8.20589E+02
  6.62000E+01  8.20345E+02
  6.62100E+01  8.20102E+02
  6.62200E+01  8.19859E+02
  6.62300E+01  8.19616E+02
  6.62400E+01  8.19374E+02
  6.62500E+01  8.19132E+02
  6.62600E+01  8.18891E+02
  6.62700E+01  8.18650E+02
  6.62800E+01  8.18409E+02
  6.62900E+01  8.18169E+02
  6.63000E+01  8.17929E+02
  6.63100E+01  8.17690E+02
  6.63200E+01  8.17451E+02
  6.63300E+01  8.17213E+02
  6.63400E+01  8.16975E+02
  6.63500E+01  8.16737E+02
  6.63600E+01  8.16500E+02
  6.63700E+01  8.16263E+02
  6.63800E+01  8.16027E+02
  6.63900E+01  8.15791E+02
  6.64000E+01  8.15555E+02
  6.64100E+01  8.15320E+02
  6.64200E+01  8.15085E+02
  6.64300E+01  8.14851E+02
  6.64400E+01  8.14617E+02
  6.64500E+01  8.14383E+02
  6.64600E+01  8.14150E+02
  6.64700E+01  8.13917E+02
  6.64800E+01  8.13684E+02
  6.64900E+01  8.13452E+02
  6.65000E+01  8.13221E+02
  6.65100E+01  8.12990E+02
  6.65200E+01  8.12759E+02
  6.65300E+01  8.12528E+02
  6.65400E+01  8.12298E+02
  6.65500E+01  8.12069E+02
  6.65600E+01  8.11840E+02
  6.65700E+01  8.11611E+02
  6.65800E+01  8.11382E+02
  6.65900E+01  8.11154E+02
  6.66000E+01  8.10926E+02
  6.66100E+01  8.10699E+02
  6.66200E+01  8.10472E+02
  6.66300E+01  8.10246E+02
  6.66400E+01  8.10020E+02
  6.66500E+01  8.09794E+02
  6.66600E+01  8.09568E+02
  6.66700E+01  8.09343E+02
  6.66800E+01  8.09119E+02
  6.66900E+01  8.08895E+02
  6.67000E+01  8.08671E+02
  6.67100E+01  8.08447E+02
  6.67200E+01  8.08224E+02
  6.67300E+01  8.08001E+02
  6.67400E+01  8.07779E+02
  6.67500E+01  8.07557E+02
  6.67600E+01  8.07336E+02
  6.67700E+01  8.07114E+02
  6.67800E+01  8.06893E+02
  6.67900E+01  8.06673E+02
  6.68000E+01  8.06453E+02
  6.68100E+01  8.06233E+02
  6.68200E+01  8.06014E+02
  6.68300E+01  8.05795E+02
  6.68400E+01  8.05576E+02
  6.68500E+01  8.05358E+02
  6.68600E+01  8.05140E+02
  6.68700E+01  8.04922E+02
  6.68800E+01  8.04705E+02
  6.68900E+01  8.04488E+02
  6.69000E+01  8.04272E+02
  6.69100E+01  8.04056E+02
  6.69200E+01  8.03840E+02
  6.69300E+01  8.03624E+02
  6.69400E+01  8.03409E+02
  6.69500E+01  8.03195E+02
  6.69600E+01  8.02980E+02
  6.69700E+01  8.02766E+02
  6.69800E+01  8.02553E+02
  6.69900E+01  8.02339E+02
  6.70000E+01  8.02127E+02
  6.70100E+01  8.01914E+02
  6.70200E+01  8.01702E+02
  6.70300E+01  8.01490E+02
  6.70400E+01  8.01278E+02
  6.70500E+01  8.01067E+02
  6.70600E+01  8.00856E+02
  6.70700E+01  8.00646E+02
  6.70800E+01  8.00436E+02
  6.70900E+01  8.00226E+02
  6.71000E+01  8.00016E+02
  6.71100E+01  7.99807E+02
  6.71200E+01  7.99598E+02
  6.71300E+01  7.99390E+02
  6.71400E+01  7.99181E+02
  6.71500E+01  7.98973E+02
  6.71600E+01  7.98766E+02
  6.71700E+01  7.98558E+02
  6.71800E+01  7.98351E+02
  6.71900E+01  7.98144E+02
  6.72000E+01  7.97937E+02
  6.72100E+01  7.97731E+02
  6.72200E+01  7.97525E+02
  6.72300E+01  7.97319E+02
  6.72400E+01  7.97114E+02
  6.72500E+01  7.96908E+02
  6.72600E+01  7.96704E+02
  6.72700E+01  7.96499E+02
  6.72800E+01  7.96295E+02
  6.72900E+01  7.96091E+02
  6.73000E+01  7.95887E+02
  6.73100E+01  7.95684E+02
  6.73200E+01  7.95480E+02
  6.73300E+01  7.95278E+02
  6.73400E+01  7.95075E+02
  6.73500E+01  7.94873E+02
  6.73600E+01  7.94671E+02
  6.73700E+01  7.94469E+02
  6.73800E+01  7.94268E+02
  6.73900E+01  7.94067E+02
  6.74000E+01  7.93866E+02
  6.74100E+01  7.93666E+02
  6.74200E+01  7.93465E+02
  6.74300E+01  7.93266E+02
  6.74400E+01  7.93066E+02
  6.74500E+01  7.92867E+02
  6.74600E+01  7.92668E+02
  6.74700E+01  7.92469E+02
  6.74800E+01  7.92271E+02
  6.74900E+01  7.92073E+02
  6.75000E+01  7.91875E+02
  6.75100E+01  7.91677E+02
  6.75200E+01  7.91480E+02
  6.75300E+01  7.91283E+02
  6.75400E+01  7.91086E+02
  6.75500E+01  7.90890E+02
  6.75600E+01  7.90694E+02
  6.75700E+01  7.90498E+02
  6.75800E+01  7.90303E+02
  6.75900E+01  7.90108E+02
  6.76000E+01  7.89913E+02
  6.76100E+01  7.89718E+02
  6.76200E+01  7.89524E+02
  6.76300E+01  7.89330E+02
  6.76400E+01  7.89136E+02
  6.76500E+01  7.88942E+02
  6.76600E+01  7.88749E+02
  6.76700E+01  7.88556E+02
  6.76800E+01  7.88364E+02
  6.76900E+01  7.88171E+02
  6.77000E+01  7.87979E+02
  6.77100E+01  7.87787E+02
  6.77200E+01  7.87596E+02
  6.77300E+01  7.87404E+02
  6.77400E+01  7.87214E+02
  6.77500E+01  7.87023E+02
  6.77600E+01  7.86832E+02
  6.77700E+01  7.86642E+02
  6.77800E+01  7.86452E+02
  6.77900E+01  7.86263E+02
  6.78000E+01  7.86074E+02
  6.78100E+01  7.85884E+02
  6.78200E+01  7.85696E+02
  6.78300E+01  7.85507E+02
  6.78400E+01  7.85319E+02
  6.78500E+01  7.85131E+02
  6.78600E+01  7.84943E+02
  6.78700E+01  7.84756E+02
  6.78800E+01  7.84569E+02
  6.78900E+01  7.84382E+02
  6.79000E+01  7.84195E+02
  6.79100E+01  7.84009E+02
  6.79200E+01  7.83823E+02
  6.79300E+01  7.83637E+02
  6.79400E+01  7.83452E+02
  6.79500E+01  7.83266E+02
  6.79600E+01  7.83081E+02
  6.79700E+01  7.82897E+02
  6.79800E+01  7.82712E+02
  6.79900E+01  7.82528E+02
  6.80000E+01  7.82344E+02
  6.80100E+01  7.82160E+02
  6.80200E+01  7.81977E+02
  6.80300E+01  7.81794E+02
  6.80400E+01  7.81611E+02
  6.80500E+01  7.81428E+02
  6.80600E+01  7.81246E+02
  6.80700E+01  7.81064E+02
  6.80800E+01  7.80882E+02
  6.80900E+01  7.80701E+02
  6.81000E+01  7.80519E+02
  6.81100E+01  7.80338E+02
  6.81200E+01  7.80157E+02
  6.81300E+01  7.79977E+02
  6.81400E+01  7.79796E+02
  6.81500E+01  7.79616E+02
  6.81600E+01  7.79437E+02
  6.81700E+01  7.79257E+02
  6.81800E+01  7.79078E+02
  6.81900E+01  7.78899E+02
  6.82000E+01  7.78720E+02
  6.82100E+01  7.78541E+02
  6.82200E+01  7.78363E+02
  6.82300E+01  7.78185E+02
  6.82400E+01  7.78007E+02
  6.82500E+01  7.77830E+02
  6.82600E+01  7.77653E+02
  6.82700E+01  7.77476E+02
  6.82800E+01  7.77299E+02
  6.82900E+01  7.77122E+02
  6.83000E+01  7.76946E+02
  6.83100E+01  7.76770E+02
  6.83200E+01  7.76594E+02
  6.83300E+01  7.76418E+02
  6.83400E+01  7.76243E+02
  6.83500E+01  7.76068E+02
  6.83600E+01  7.75893E+02
  6.83700E+01  7.75719E+02
  6.83800E+01  7.75544E+02
  6.83900E+01  7.75370E+02
  6.84000E+01  7.75196E+02
  6.84100E+01  7.75023E+02
  6.84200E+01  7.74849E+02
  6.84300E+01  7.74676E+02
  6.84400E+01  7.74503E+02
  6.84500E+01  7.74330E+02
  6.84600E+01  7.74158E+02
  6.84700E+01  7.73985E+02
  6.84800E+01  7.73813E+02
  6.84900E+01  7.73641E+02
  6.85000E+01  7.73469E+02
  6.85100E+01  7.73298E+02
  6.85200E+01  7.73126E+02
  6.85300E+01  7.72955E+02
  6.85400E+01  7.72784E+02
  6.85500E+01  7.72613E+02
  6.85600E+01  7.72443E+02
  6.85700E+01  7.72272E+02
  6.85800E+01  7.72102E+02
  6.85900E+01  7.71932E+02
  6.86000E+01  7.71762E+02
  6.86100E+01  7.71593E+02
  6.86200E+01  7.71423E+02
  6.86300E+01  7.71254E+02
  6.86400E+01  7.71085E+02
  6.86500E+01  7.70916E+02
  6.86600E+01  7.70748E+02
  6.86700E+01  7.70579E+02
  6.86800E+01  7.70411E+02
  6.86900E+01  7.70243E+02
  6.87000E+01  7.70076E+02
  6.87100E+01  7.69908E+02
  6.87200E+01  7.69741E+02
  6.87300E+01  7.69574E+02
  6.87400E+01  7.69407E+02
  6.87500E+01  7.69240E+02
  6.87600E+01  7.69074E+02
  6.87700E+01  7.68907E+02
  6.87800E+01  7.68741E+02
  6.87900E+01  7.68576E+02
  6.88000E+01  7.68410E+02
  6.88100E+01  7.68245E+02
  6.88200E+01  7.68079E+02
  6.88300E+01  7.67914E+02
  6.88400E+01  7.67750E+02
  6.88500E+01  7.67585E+02
  6.88600E+01  7.67421E+02
  6.88700E+01  7.67256E+02
  6.88800E+01  7.67093E+02
  6.88900E+01  7.66929E+02
  6.89000E+01  7.66765E+02
  6.89100E+01  7.66602E+02
  6.89200E+01  7.66439E+02
  6.89300E+01  7.66276E+02
  6.89400E+01  7.66113E+02
  6.89500E+01  7.65951E+02
  6.89600E+01  7.65788E+02
  6.89700E+01  7.65626E+02
  6.89800E+01  7.65464E+02
  6.89900E+01  7.65303E+02
  6.90000E+01  7.65141E+02
  6.90100E+01  7.64980E+02
  6.90200E+01  7.64819E+02
  6.90300E+01  7.64658E+02
  6.90400E+01  7.64497E+02
  6.90500E+01  7.64337E+02
  6.90600E+01  7.64176E+02
  6.90700E+01  7.64016E+02
  6.90800E+01  7.63856E+02
  6.90900E+01  7.63697E+02
  6.91000E+01  7.63537E+02
  6.91100E+01  7.63378E+02
  6.91200E+01  7.63219E+02
  6.91300E+01  7.63060E+02
  6.91400E+01  7.62901E+02
  6.91500E+01  7.62743E+02
  6.91600E+01  7.62584E+02
  6.91700E+01  7.62426E+02
  6.91800E+01  7.62268E+02
  6.91900E+01  7.62111E+02
  6.92000E+01  7.61953E+02
  6.92100E+01  7.61796E+02
  6.92200E+01  7.61639E+02
  6.92300E+01  7.61482E+02
  6.92400E+01  7.61325E+02
  6.92500E+01  7.61169E+02
  6.92600E+01  7.61012E+02
  6.92700E+01  7.60856E+02
  6.92800E+01  7.60700E+02
  6.92900E+01  7.60544E+02
  6.93000E+01  7.60389E+02
  6.93100E+01  7.60233E+02
  6.93200E+01  7.60078E+02
  6.93300E+01  7.59923E+02
  6.93400E+01  7.59768E+02
  6.93500E+01  7.59614E+02
  6.93600E+01  7.59459E+02
  6.93700E+01  7.59305E+02
  6.93800E+01  7.59151E+02
  6.93900E+01  7.58997E+02
  6.94000E+01  7.58844E+02
  6.94100E+01  7.58690E+02
  6.94200E+01  7.58537E+02
  6.94300E+01  7.58384E+02
  6.94400E+01  7.58231E+02
  6.94500E+01  7.58078E+02
  6.94600E+01  7.57926E+02
  6.94700E+01  7.57773E+02
  6.94800E+01  7.57621E+02
  6.94900E+01  7.57469E+02
  6.95000E+01  7.57318E+02
  6.95100E+01  7.57166E+02
  6.95200E+01  7.57015E+02
  6.95300E+01  7.56863E+02
  6.95400E+01  7.56712E+02
  6.95500E+01  7.56561E+02
  6.95600E+01  7.56411E+02
  6.95700E+01  7.56260E+02
  6.95800E+01  7.56110E+02
  6.95900E+01  7.55960E+02
  6.96000E+01  7.55810E+02
  6.96100E+01  7.55660E+02
  6.96200E+01  7.55511E+02
  6.96300E+01  7.55361E+02
  6.96400E+01  7.55212E+02
  6.96500E+01  7.55063E+02
  6.96600E+01  7.54914E+02
  6.96700E+01  7.54766E+02
  6.96800E+01  7.54617E+02
  6.96900E+01  7.54469E+02
  6.97000E+01  7.54321E+02
  6.97100E+01  7.54173E+02
  6.97200E+01  7.54025E+02
  6.97300E+01  7.53877E+02
  6.97400E+01  7.53730E+02
  6.97500E+01  7.53583E+02
  6.97600E+01  7.53436E+02
  6.97700E+01  7.53289E+02
  6.97800E+01  7.53142E+02
  6.97900E+01  7.52996E+02
  6.98000E+01  7.52849E+02
  6.98100E+01  7.52703E+02
  6.98200E+01  7.52557E+02
  6.98300E+01  7.52411E+02
  6.98400E+01  7.52265E+02
  6.98500E+01  7.52120E+02
  6.98600E+01  7.51975E+02
  6.98700E+01  7.51830E+02
  6.98800E+01  7.51685E+02
  6.98900E+01  7.51540E+02
  6.99000E+01  7.51395E+02
  6.99100E+01  7.51251E+02
  6.99200E+01  7.51106E+02
  6.99300E+01  7.50962E+02
  6.99400E+01  7.50818E+02
  6.99500E+01  7.50675E+02
  6.99600E+01  7.50531E+02
  6.99700E+01  7.50388E+02
  6.99800E+01  7.50244E+02
  6.99900E+01  7.50101E+02
  7.00000E+01  7.49958E+02
  7.00100E+01  7.49816E+02
  7.00200E+01  7.49673E+02
  7.00300E+01  7.49531E+02
  7.00400E+01  7.49388E+02
  7.00500E+01  7.49246E+02
  7.00600E+01  7.49104E+02
  7.00700E+01  7.48962E+02
  7.00800E+01  7.48820E+02
  7.00900E+01  7.48679E+02
  7.01000E+01  7.48537E+02
  7.01100E+01  7.48396E+02
  7.01200E+01  7.48254E+02
  7.01300E+01  7.48113E+02
  7.01400E+01  7.47972E+02
  7.01500E+01  7.47832E+02
  7.01600E+01  7.47691E+02
  7.01700E+01  7.47550E+02
  7.01800E+01  7.47410E+02
  7.01900E+01  7.47270E+02
  7.02000E+01  7.47130E+02
  7.02100E+01  7.46990E+02
  7.02200E+01  7.46850E+02
  7.02300E+01  7.46710E+02
  7.02400E+01  7.46571E+02
  7.02500E+01  7.46432E+02
  7.02600E+01  7.46292E+02
  7.02700E+01  7.46153E+02
  7.02800E+01  7.46014E+02
  7.02900E+01  7.45876E+02
  7.03000E+01  7.45737E+02
  7.03100E+01  7.45599E+02
  7.03200E+01  7.45460E+02
  7.03300E+01  7.45322E+02
  7.03400E+01  7.45184E+02
  7.03500E+01  7.45046E+02
  7.03600E+01  7.44909E+02
  7.03700E+01  7.44771E+02
  7.03800E+01  7.44634E+02
  7.03900E+01  7.44496E+02
  7.04000E+01  7.44359E+02
  7.04100E+01  7.44222E+02
  7.04200E+01  7.44086E+02
  7.04300E+01  7.43949E+02
  7.04400E+01  7.43812E+02
  7.04500E+01  7.43676E+02
  7.04600E+01  7.43540E+02
  7.04700E+01  7.43404E+02
  7.04800E+01  7.43268E+02
  7.04900E+01  7.43132E+02
  7.05000E+01  7.42996E+02
  7.05100E+01  7.42861E+02
  7.05200E+01  7.42725E+02
  7.05300E+01  7.42590E+02
  7.05400E+01  7.42455E+02
  7.05500E+01  7.42320E+02
  7.05600E+01  7.42185E+02
  7.05700E+01  7.42051E+02
  7.05800E+01  7.41916E+02
  7.05900E+01  7.41782E+02
  7.06000E+01  7.41648E+02
  7.06100E+01  7.41514E+02
  7.06200E+01  7.41380E+02
  7.06300E+01  7.41246E+02
  7.06400E+01  7.41113E+02
  7.06500E+01  7.40979E+02
  7.06600E+01  7.40846E+02
  7.06700E+01  7.40713E+02
  7.06800E+01  7.40580E+02
  7.06900E+01  7.40447E+02
  7.07000E+01  7.40314E+02
  7.07100E+01  7.40181E+02
  7.07200E+01  7.40049E+02
  7.07300E+01  7.39916E+02
  7.07400E+01  7.39784E+02
  7.07500E+01  7.39652E+02
  7.07600E+01  7.39520E+02
  7.07700E+01  7.39389E+02
  7.07800E+01  7.39257E+02
  7.07900E+01  7.39125E+02
  7.08000E+01  7.38994E+02
  7.08100E+01  7.38863E+02
  7.08200E+01  7.38732E+02
  7.08300E+01  7.38601E+02
  7.08400E+01  7.38470E+02
  7.08500E+01  7.38339E+02
  7.08600E+01  7.38209E+02
  7.08700E+01  7.38079E+02
  7.08800E+01  7.37948E+02
  7.08900E+01  7.37818E+02
  7.09000E+01  7.37688E+02
  7.09100E+01  7.37559E+02
  7.09200E+01  7.37429E+02
  7.09300E+01  7.37299E+02
  7.09400E+01  7.37170E+02
  7.09500E+01  7.37041E+02
  7.09600E+01  7.36911E+02
  7.09700E+01  7.36782E+02
  7.09800E+01  7.36654E+02
  7.09900E+01  7.36525E+02
  7.10000E+01  7.36396E+02
  7.10100E+01  7.36268E+02
  7.10200E+01  7.36140E+02
  7.10300E+01  7.36011E+02
  7.10400E+01  7.35883E+02
  7.10500E+01  7.35755E+02
  7.10600E+01  7.35628E+02
  7.10700E+01  7.35500E+02
  7.10800E+01  7.35373E+02
  7.10900E+01  7.35245E+02
  7.11000E+01  7.35118E+02
  7.11100E+01  7.34991E+02
  7.11200E+01  7.34864E+02
  7.11300E+01  7.34737E+02
  7.11400E+01  7.34610E+02
  7.11500E+01  7.34484E+02
  7.11600E+01  7.34357E+02
  7.11700E+01  7.34231E+02
  7.11800E+01  7.34105E+02
  7.11900E+01  7.33979E+02
  7.12000E+01  7.33853E+02
  7.12100E+01  7.33727E+02
  7.12200E+01  7.33601E+02
  7.12300E+01  7.33476E+02
  7.12400E+01  7.33350E+02
  7.12500E+01  7.33225E+02
  7.12600E+01  7.33100E+02
  7.12700E+01  7.32975E+02
  7.12800E+01  7.32850E+02
  7.12900E+01  7.32725E+02
  7.13000E+01  7.32601E+02
  7.13100E+01  7.32476E+02
  7.13200E+01  7.32352E+02
  7.13300E+01  7.32228E+02
  7.13400E+01  7.32104E+02
  7.13500E+01  7.31980E+02
  7.13600E+01  7.31856E+02
  7.13700E+01  7.31732E+02
  7.13800E+01  7.31609E+02
  7.13900E+01  7.31485E+02
  7.14000E+01  7.31362E+02
  7.14100E+01  7.31239E+02
  7.14200E+01  7.31116E+02
  7.14300E+01  7.30993E+02
  7.14400E+01  7.30870E+02
  7.14500E+01  7.30747E+02
  7.14600E+01  7.30625E+02
  7.14700E+01  7.30502E+02
  7.14800E+01  7.30380E+02
  7.14900E+01  7.30258E+02
  7.15000E+01  7.30136E+02
  7.15100E+01  7.30014E+02
  7.15200E+01  7.29892E+02
  7.15300E+01  7.29770E+02
  7.15400E+01  7.29649E+02
  7.15500E+01  7.29527E+02
  7.15600E+01  7.29406E+02
  7.15700E+01  7.29285E+02
  7.15800E+01  7.29164E+02
  7.15900E+01  7.29043E+02
  7.16000E+01  7.28922E+02
  7.16100E+01  7.28801E+02
  7.16200E+01  7.28681E+02
  7.16300E+01  7.28560E+02
  7.16400E+01  7.28440E+02
  7.16500E+01  7.28320E+02
  7.16600E+01  7.28200E+02
  7.16700E+01  7.28080E+02
  7.16800E+01  7.27960E+02
  7.16900E+01  7.27840E+02
  7.17000E+01  7.27720E+02
  7.17100E+01  7.27601E+02
  7.17200E+01  7.27482E+02
  7.17300E+01  7.27362E+02
  7.17400E+01  7.27243E+02
  7.17500E+01  7.27124E+02
  7.17600E+01  7.27005E+02
  7.17700E+01  7.26886E+02
  7.17800E+01  7.26768E+02
  7.17900E+01  7.26649E+02
  7.18000E+01  7.26531E+02
  7.18100E+01  7.26413E+02
  7.18200E+01  7.26294E+02
  7.18300E+01  7.26176E+02
  7.18400E+01  7.26058E+02
  7.18500E+01  7.25941E+02
  7.18600E+01  7.25823E+02
  7.18700E+01  7.25705E+02
  7.18800E+01  7.25588E+02
  7.18900E+01  7.25471E+02
  7.19000E+01  7.25353E+02
  7.19100E+01  7.25236E+02
  7.19200E+01  7.25119E+02
  7.19300E+01  7.25002E+02
  7.19400E+01  7.24885E+02
  7.19500E+01  7.24769E+02
  7.19600E+01  7.24652E+02
  7.19700E+01  7.24536E+02
  7.19800E+01  7.24419E+02
  7.19900E+01  7.24303E+02
  7.20000E+01  7.24187E+02
  7.20100E+01  7.24071E+02
  7.20200E+01  7.23955E+02
  7.20300E+01  7.23839E+02
  7.20400E+01  7.23723E+02
  7.20500E+01  7.23608E+02
  7.20600E+01  7.23492E+02
  7.20700E+01  7.23376E+02
  7.20800E+01  7.23261E+02
  7.20900E+01  7.23146E+02
  7.21000E+01  7.23031E+02
  7.21100E+01  7.22915E+02
  7.21200E+01  7.22801E+02
  7.21300E+01  7.22686E+02
  7.21400E+01  7.22571E+02
  7.21500E+01  7.22456E+02
  7.21600E+01  7.22342E+02
  7.21700E+01  7.22227E+02
  7.21800E+01  7.22113E+02
  7.21900E+01  7.21999E+02
  7.22000E+01  7.21884E+02
  7.22100E+01  7.21770E+02
  7.22200E+01  7.21656E+02
  7.22300E+01  7.21543E+02
  7.22400E+01  7.21429E+02
  7.22500E+01  7.21315E+02
  7.22600E+01  7.21202E+02
  7.22700E+01  7.21088E+02
  7.22800E+01  7.20975E+02
  7.22900E+01  7.20862E+02
  7.23000E+01  7.20749E+02
  7.23100E+01  7.20636E+02
  7.23200E+01  7.20523E+02
  7.23300E+01  7.20410E+02
  7.23400E+01  7.20297E+02
  7.23500E+01  7.20185E+02
  7.23600E+01  7.20072E+02
  7.23700E+01  7.19960E+02
  7.23800E+01  7.19847E+02
  7.23900E+01  7.19735E+02
  7.24000E+01  7.19623E+02
  7.24100E+01  7.19511E+02
  7.24200E+01  7.19399E+02
  7.24300E+01  7.19288E+02
  7.24400E+01  7.19176E+02
  7.24500E+01  7.19064E+02
  7.24600E+01  7.18953E+02
  7.24700E+01  7.18842E+02
  7.24800E+01  7.18730E+02
  7.24900E+01  7.18619E+02
  7.25000E+01  7.18508E+02
  7.25100E+01  7.18397E+02
  7.25200E+01  7.18286E+02
  7.25300E+01  7.18175E+02
  7.25400E+01  7.18065E+02
  7.25500E+01  7.17954E+02
  7.25600E+01  7.17844E+02
  7.25700E+01  7.17733E+02
  7.25800E+01  7.17623E+02
  7.25900E+01  7.17513E+02
  7.26000E+01  7.17403E+02
  7.26100E+01  7.17293E+02
  7.26200E+01  7.17183E+02
  7.26300E+01  7.17073E+02
  7.26400E+01  7.16964E+02
  7.26500E+01  7.16854E+02
  7.26600E+01  7.16745E+02
  7.26700E+01  7.16635E+02
  7.26800E+01  7.16526E+02
  7.26900E+01  7.16417E+02
  7.27000E+01  7.16308E+02
  7.27100E+01  7.16199E+02
  7.27200E+01  7.16090E+02
  7.27300E+01  7.15981E+02
  7.27400E+01  7.15873E+02
  7.27500E+01  7.15764E+02
  7.27600E+01  7.15656E+02
  7.27700E+01  7.15547E+02
  7.27800E+01  7.15439E+02
  7.27900E+01  7.15331E+02
  7.28000E+01  7.15223E+02
  7.28100E+01  7.15115E+02
  7.28200E+01  7.15007E+02
  7.28300E+01  7.14899E+02
  7.28400E+01  7.14792E+02
  7.28500E+01  7.14684E+02
  7.28600E+01  7.14576E+02
  7.28700E+01  7.14469E+02
  7.28800E+01  7.14362E+02
  7.28900E+01  7.14255E+02
  7.29000E+01  7.14148E+02
  7.29100E+01  7.14040E+02
  7.29200E+01  7.13934E+02
  7.29300E+01  7.13827E+02
  7.29400E+01  7.13720E+02
  7.29500E+01  7.13613E+02
  7.29600E+01  7.13507E+02
  7.29700E+01  7.13400E+02
  7.29800E+01  7.13294E+02
  7.29900E+01  7.13188E+02
  7.30000E+01  7.13082E+02
  7.30100E+01  7.12976E+02
  7.30200E+01  7.12870E+02
  7.30300E+01  7.12764E+02
  7.30400E+01  7.12658E+02
  7.30500E+01  7.12552E+02
  7.30600E+01  7.12447E+02
  7.30700E+01  7.12341E+02
  7.30800E+01  7.12236E+02
  7.30900E+01  7.12131E+02
  7.31000E+01  7.12025E+02
  7.31100E+01  7.11920E+02
  7.31200E+01  7.11815E+02
  7.31300E+01  7.11710E+02
  7.31400E+01  7.11606E+02
  7.31500E+01  7.11501E+02
  7.31600E+01  7.11396E+02
  7.31700E+01  7.11292E+02
  7.31800E+01  7.11187E+02
  7.31900E+01  7.11083E+02
  7.32000E+01  7.10979E+02
  7.32100E+01  7.10874E+02
  7.32200E+01  7.10770E+02
  7.32300E+01  7.10666E+02
  7.32400E+01  7.10562E+02
  7.32500E+01  7.10459E+02
  7.32600E+01  7.10355E+02
  7.32700E+01  7.10251E+02
  7.32800E+01  7.10148E+02
  7.32900E+01  7.10044E+02
  7.33000E+01  7.09941E+02
  7.33100E+01  7.09838E+02
  7.33200E+01  7.09734E+02
  7.33300E+01  7.09631E+02
  7.33400E+01  7.09528E+02
  7.33500E+01  7.09425E+02
  7.33600E+01  7.09323E+02
  7.33700E+01  7.09220E+02
  7.33800E+01  7.09117E+02
  7.33900E+01  7.09015E+02
  7.34000E+01  7.08912E+02
  7.34100E+01  7.08810E+02
  7.34200E+01  7.08708E+02
  7.34300E+01  7.08605E+02
  7.34400E+01  7.08503E+02
  7.34500E+01  7.08401E+02
  7.34600E+01  7.08299E+02
  7.34700E+01  7.08198E+02
  7.34800E+01  7.08096E+02
  7.34900E+01  7.07994E+02
  7.35000E+01  7.07893E+02
  7.35100E+01  7.07791E+02
  7.35200E+01  7.07690E+02
  7.35300E+01  7.07588E+02
  7.35400E+01  7.07487E+02
  7.35500E+01  7.07386E+02
  7.35600E+01  7.07285E+02
  7.35700E+01  7.07184E+02
  7.35800E+01  7.07083E+02
  7.35900E+01  7.06982E+02
  7.36000E+01  7.06882E+02
  7.36100E+01  7.06781E+02
  7.36200E+01  7.06681E+02
  7.36300E+01  7.06580E+02
  7.36400E+01  7.06480E+02
  7.36500E+01  7.06380E+02
  7.36600E+01  7.06279E+02
  7.36700E+01  7.06179E+02
  7.36800E+01  7.06079E+02
  7.36900E+01  7.05979E+02
  7.37000E+01  7.05880E+02
  7.37100E+01  7.05780E+02
  7.37200E+01  7.05680E+02
  7.37300E+01  7.05581E+02
  7.37400E+01  7.05481E+02
  7.37500E+01  7.05382E+02
  7.37600E+01  7.05282E+02
  7.37700E+01  7.05183E+02
  7.37800E+01  7.05084E+02
  7.37900E+01  7.04985E+02
  7.38000E+01  7.04886E+02
  7.38100E+01  7.04787E+02
  7.38200E+01  7.04688E+02
  7.38300E+01  7.04590E+02
  7.38400E+01  7.04491E+02
  7.38500E+01  7.04392E+02
  7.38600E+01  7.04294E+02
  7.38700E+01  7.04196E+02
  7.38800E+01  7.04097E+02
  7.38900E+01  7.03999E+02
  7.39000E+01  7.03901E+02
  7.39100E+01  7.03803E+02
  7.39200E+01  7.03705E+02
  7.39300E+01  7.03607E+02
  7.39400E+01  7.03509E+02
  7.39500E+01  7.03411E+02
  7.39600E+01  7.03314E+02
  7.39700E+01  7.03216E+02
  7.39800E+01  7.03119E+02
  7.39900E+01  7.03021E+02
  7.40000E+01  7.02924E+02
  7.40100E+01  7.02827E+02
  7.40200E+01  7.02730E+02
  7.40300E+01  7.02633E+02
  7.40400E+01  7.02536E+02
  7.40500E+01  7.02439E+02
  7.40600E+01  7.02342E+02
  7.40700E+01  7.02245E+02
  7.40800E+01  7.02148E+02
  7.40900E+01  7.02052E+02
  7.41000E+01  7.01955E+02
  7.41100E+01  7.01859E+02
  7.41200E+01  7.01763E+02
  7.41300E+01  7.01666E+02
  7.41400E+01  7.01570E+02
  7.41500E+01  7.01474E+02
  7.41600E+01  7.01378E+02
  7.41700E+01  7.01282E+02
  7.41800E+01  7.01186E+02
  7.41900E+01  7.01090E+02
  7.42000E+01  7.00995E+02
  7.42100E+01  7.00899E+02
  7.42200E+01  7.00804E+02
  7.42300E+01  7.00708E+02
  7.42400E+01  7.00613E+02
  7.42500E+01  7.00517E+02
  7.42600E+01  7.00422E+02
  7.42700E+01  7.00327E+02
  7.42800E+01  7.00232E+02
  7.42900E+01  7.00137E+02
  7.43000E+01  7.00042E+02
  7.43100E+01  6.99947E+02
  7.43200E+01  6.99852E+02
  7.43300E+01  6.99758E+02
  7.43400E+01  6.99663E+02
  7.43500E+01  6.99569E+02
  7.43600E+01  6.99474E+02
  7.43700E+01  6.99380E+02
  7.43800E+01  6.99285E+02
  7.43900E+01  6.99191E+02
  7.44000E+01  6.99097E+02
  7.44100E+01  6.99003E+02
  7.44200E+01  6.98908E+02
  7.44300E+01  6.98814E+02
  7.44400E+01  6.98721E+02
  7.44500E+01  6.98627E+02
  7.44600E+01  6.98533E+02
  7.44700E+01  6.98439E+02
  7.44800E+01  6.98345E+02
  7.44900E+01  6.98252E+02
  7.45000E+01  6.98158E+02
  7.45100E+01  6.98065E+02
  7.45200E+01  6.97971E+02
  7.45300E+01  6.97878E+02
  7.45400E+01  6.97785E+02
  7.45500E+01  6.97692E+02
  7.45600E+01  6.97599E+02
  7.45700E+01  6.97506E+02
  7.45800E+01  6.97413E+02
  7.45900E+01  6.97320E+02
  7.46000E+01  6.97227E+02
  7.46100E+01  6.97134E+02
  7.46200E+01  6.97041E+02
  7.46300E+01  6.96949E+02
  7.46400E+01  6.96856E+02
  7.46500E+01  6.96764E+02
  7.46600E+01  6.96671E+02
  7.46700E+01  6.96579E+02
  7.46800E+01  6.96487E+02
  7.46900E+01  6.96395E+02
  7.47000E+01  6.96303E+02
  7.47100E+01  6.96210E+02
  7.47200E+01  6.96118E+02
  7.47300E+01  6.96027E+02
  7.47400E+01  6.95935E+02
  7.47500E+01  6.95843E+02
  7.47600E+01  6.95751E+02
  7.47700E+01  6.95660E+02
  7.47800E+01  6.95568E+02
  7.47900E+01  6.95477E+02
  7.48000E+01  6.95385E+02
  7.48100E+01  6.95294E+02
  7.48200E+01  6.95203E+02
  7.48300E+01  6.95111E+02
  7.48400E+01  6.95020E+02
  7.48500E+01  6.94929E+02
  7.48600E+01  6.94838E+02
  7.48700E+01  6.94747E+02
  7.48800E+01  6.94656E+02
  7.48900E+01  6.94566E+02
  7.49000E+01  6.94475E+02
  7.49100E+01  6.94384E+02
  7.49200E+01  6.94294E+02
  7.49300E+01  6.94203E+02
  7.49400E+01  6.94113E+02
  7.49500E+01  6.94022E+02
  7.49600E+01  6.93932E+02
  7.49700E+01  6.93842E+02
  7.49800E+01  6.93752E+02
  7.49900E+01  6.93662E+02
  7.50000E+01  6.93572E+02
  7.50100E+01  6.93482E+02
  7.50200E+01  6.93392E+02
  7.50300E+01  6.93302E+02
  7.50400E+01  6.93212E+02
  7.50500E+01  6.93123E+02
  7.50600E+01  6.93033E+02
  7.50700E+01  6.92943E+02
  7.50800E+01  6.92854E+02
  7.50900E+01  6.92764E+02
  7.51000E+01  6.92675E+02
  7.51100E+01  6.92586E+02
  7.51200E+01  6.92497E+02
  7.51300E+01  6.92408E+02
  7.51400E+01  6.92318E+02
  7.51500E+01  6.92229E+02
  7.51600E+01  6.92141E+02
  7.51700E+01  6.92052E+02
  7.51800E+01  6.91963E+02
  7.51900E+01  6.91874E+02
  7.52000E+01  6.91785E+02
  7.52100E+01  6.91697E+02
  7.52200E+01  6.91608E+02
  7.52300E+01  6.91520E+02
  7.52400E+01  6.91431E+02
  7.52500E+01  6.91343E+02
  7.52600E+01  6.91255E+02
  7.52700E+01  6.91167E+02
  7.52800E+01  6.91079E+02
  7.52900E+01  6.90991E+02
  7.53000E+01  6.90903E+02
  7.53100E+01  6.90815E+02
  7.53200E+01  6.90727E+02
  7.53300E+01  6.90639E+02
  7.53400E+01  6.90551E+02
  7.53500E+01  6.90464E+02
  7.53600E+01  6.90376E+02
  7.53700E+01  6.90288E+02
  7.53800E+01  6.90201E+02
  7.53900E+01  6.90114E+02
  7.54000E+01  6.90026E+02
  7.54100E+01  6.89939E+02
  7.54200E+01  6.89852E+02
  7.54300E+01  6.89765E+02
  7.54400E+01  6.89677E+02
  7.54500E+01  6.89590E+02
  7.54600E+01  6.89504E+02
  7.54700E+01  6.89417E+02
  7.54800E+01  6.89330E+02
  7.54900E+01  6.89243E+02
  7.55000E+01  6.89156E+02
  7.55100E+01  6.89070E+02
  7.55200E+01  6.88983E+02
  7.55300E+01  6.88897E+02
  7.55400E+01  6.88810E+02
  7.55500E+01  6.88724E+02
  7.55600E+01  6.88638E+02
  7.55700E+01  6.88551E+02
  7.55800E+01  6.88465E+02
  7.55900E+01  6.88379E+02
  7.56000E+01  6.88293E+02
  7.56100E+01  6.88207E+02
  7.56200E+01  6.88121E+02
  7.56300E+01  6.88035E+02
  7.56400E+01  6.87950E+02
  7.56500E+01  6.87864E+02
  7.56600E+01  6.87778E+02
  7.56700E+01  6.87693E+02
  7.56800E+01  6.87607E+02
  7.56900E+01  6.87522E+02
  7.57000E+01  6.87436E+02
  7.57100E+01  6.87351E+02
  7.57200E+01  6.87265E+02
  7.57300E+01  6.87180E+02
  7.57400E+01  6.87095E+02
  7.57500E+01  6.87010E+02
  7.57600E+01  6.86925E+02
  7.57700E+01  6.86840E+02
  7.57800E+01  6.86755E+02
  7.57900E+01  6.86670E+02
  7.58000E+01  6.86585E+02
  7.58100E+01  6.86501E+02
  7.58200E+01  6.86416E+02
  7.58300E+01  6.86332E+02
  7.58400E+01  6.86247E+02
  7.58500E+01  6.86163E+02
  7.58600E+01  6.86078E+02
  7.58700E+01  6.85994E+02
  7.58800E+01  6.85909E+02
  7.58900E+01  6.85825E+02
  7.59000E+01  6.85741E+02
  7.59100E+01  6.85657E+02
  7.59200E+01  6.85573E+02
  7.59300E+01  6.85489E+02
  7.59400E+01  6.85405E+02
  7.59500E+01  6.85321E+02
  7.59600E+01  6.85237E+02
  7.59700E+01  6.85154E+02
  7.59800E+01  6.85070E+02
  7.59900E+01  6.84986E+02
  7.60000E+01  6.84903E+02
  7.60100E+01  6.84819E+02
  7.60200E+01  6.84736E+02
  7.60300E+01  6.84653E+02
  7.60400E+01  6.84569E+02
  7.60500E+01  6.84486E+02
  7.60600E+01  6.84403E+02
  7.60700E+01  6.84320E+02
  7.60800E+01  6.84237E+02
  7.60900E+01  6.84154E+02
  7.61000E+01  6.84071E+02
  7.61100E+01  6.83988E+02
  7.61200E+01  6.83905E+02
  7.61300E+01  6.83822E+02
  7.61400E+01  6.83740E+02
  7.61500E+01  6.83657E+02
  7.61600E+01  6.83574E+02
  7.61700E+01  6.83492E+02
  7.61800E+01  6.83409E+02
  7.61900E+01  6.83327E+02
  7.62000E+01  6.83245E+02
  7.62100E+01  6.83162E+02
  7.62200E+01  6.83080E+02
  7.62300E+01  6.82998E+02
  7.62400E+01  6.82916E+02
  7.62500E+01  6.82834E+02
  7.62600E+01  6.82752E+02
  7.62700E+01  6.82670E+02
  7.62800E+01  6.82588E+02
  7.62900E+01  6.82506E+02
  7.63000E+01  6.82424E+02
  7.63100E+01  6.82343E+02
  7.63200E+01  6.82261E+02
  7.63300E+01  6.82179E+02
  7.63400E+01  6.82098E+02
  7.63500E+01  6.82016E+02
  7.63600E+01  6.81935E+02
  7.63700E+01  6.81854E+02
  7.63800E+01  6.81772E+02
  7.63900E+01  6.81691E+02
  7.64000E+01  6.81610E+02
  7.64100E+01  6.81529E+02
  7.64200E+01  6.81448E+02
  7.64300E+01  6.81367E+02
  7.64400E+01  6.81286E+02
  7.64500E+01  6.81205E+02
  7.64600E+01  6.81124E+02
  7.64700E+01  6.81043E+02
  7.64800E+01  6.80963E+02
  7.64900E+01  6.80882E+02
  7.65000E+01  6.80801E+02
  7.65100E+01  6.80721E+02
  7.65200E+01  6.80640E+02
  7.65300E+01  6.80560E+02
  7.65400E+01  6.80480E+02
  7.65500E+01  6.80399E+02
  7.65600E+01  6.80319E+02
  7.65700E+01  6.80239E+02
  7.65800E+01  6.80159E+02
  7.65900E+01  6.80079E+02
  7.66000E+01  6.79998E+02
  7.66100E+01  6.79919E+02
  7.66200E+01  6.79839E+02
  7.66300E+01  6.79759E+02
  7.66400E+01  6.79679E+02
  7.66500E+01  6.79599E+02
  7.66600E+01  6.79519E+02
  7.66700E+01  6.79440E+02
  7.66800E+01  6.79360E+02
  7.66900E+01  6.79281E+02
  7.67000E+01  6.79201E+02
  7.67100E+01  6.79122E+02
  7.67200E+01  6.79042E+02
  7.67300E+01  6.78963E+02
  7.67400E+01  6.78884E+02
  7.67500E+01  6.78805E+02
  7.67600E+01  6.78726E+02
  7.67700E+01  6.78646E+02
  7.67800E+01  6.78567E+02
  7.67900E+01  6.78488E+02
  7.68000E+01  6.78409E+02
  7.68100E+01  6.78331E+02
  7.68200E+01  6.78252E+02
  7.68300E+01  6.78173E+02
  7.68400E+01  6.78094E+02
  7.68500E+01  6.78016E+02
  7.68600E+01  6.77937E+02
  7.68700E+01  6.77859E+02
  7.68800E+01  6.77780E+02
  7.68900E+01  6.77702E+02
  7.69000E+01  6.77623E+02
  7.69100E+01  6.77545E+02
  7.69200E+01  6.77467E+02
  7.69300E+01  6.77388E+02
  7.69400E+01  6.77310E+02
  7.69500E+01  6.77232E+02
  7.69600E+01  6.77154E+02
  7.69700E+01  6.77076E+02
  7.69800E+01  6.76998E+02
  7.69900E+01  6.76920E+02
  7.70000E+01  6.76842E+02
  7.70100E+01  6.76765E+02
  7.70200E+01  6.76687E+02
  7.70300E+01  6.76609E+02
  7.70400E+01  6.76532E+02
  7.70500E+01  6.76454E+02
  7.70600E+01  6.76376E+02
  7.70700E+01  6.76299E+02
  7.70800E+01  6.76222E+02
  7.70900E+01  6.76144E+02
  7.71000E+01  6.76067E+02
  7.71100E+01  6.75990E+02
  7.71200E+01  6.75912E+02
  7.71300E+01  6.75835E+02
  7.71400E+01  6.75758E+02
  7.71500E+01  6.75681E+02
  7.71600E+01  6.75604E+02
  7.71700E+01  6.75527E+02
  7.71800E+01  6.75450E+02
  7.71900E+01  6.75373E+02
  7.72000E+01  6.75297E+02
  7.72100E+01  6.75220E+02
  7.72200E+01  6.75143E+02
  7.72300E+01  6.75067E+02
  7.72400E+01  6.74990E+02
  7.72500E+01  6.74913E+02
  7.72600E+01  6.74837E+02
  7.72700E+01  6.74761E+02
  7.72800E+01  6.74684E+02
  7.72900E+01  6.74608E+02
  7.73000E+01  6.74532E+02
  7.73100E+01  6.74455E+02
  7.73200E+01  6.74379E+02
  7.73300E+01  6.74303E+02
  7.73400E+01  6.74227E+02
  7.73500E+01  6.74151E+02
  7.73600E+01  6.74075E+02
  7.73700E+01  6.73999E+02
  7.73800E+01  6.73923E+02
  7.73900E+01  6.73847E+02
  7.74000E+01  6.73771E+02
  7.74100E+01  6.73695E+02
  7.74200E+01  6.73620E+02
  7.74300E+01  6.73544E+02
  7.74400E+01  6.73468E+02
  7.74500E+01  6.73393E+02
  7.74600E+01  6.73317E+02
  7.74700E+01  6.73242E+02
  7.74800E+01  6.73166E+02
  7.74900E+01  6.73091E+02
  7.75000E+01  6.73016E+02
  7.75100E+01  6.72940E+02
  7.75200E+01  6.72865E+02
  7.75300E+01  6.72790E+02
  7.75400E+01  6.72715E+02
  7.75500E+01  6.72640E+02
  7.75600E+01  6.72565E+02
  7.75700E+01  6.72490E+02
  7.75800E+01  6.72415E+02
  7.75900E+01  6.72340E+02
  7.76000E+01  6.72265E+02
  7.76100E+01  6.72190E+02
  7.76200E+01  6.72115E+02
  7.76300E+01  6.72041E+02
  7.76400E+01  6.71966E+02
  7.76500E+01  6.71891E+02
  7.76600E+01  6.71817E+02
  7.76700E+01  6.71742E+02
  7.76800E+01  6.71668E+02
  7.76900E+01  6.71593E+02
  7.77000E+01  6.71519E+02
  7.77100E+01  6.71444E+02
  7.77200E+01  6.71370E+02
  7.77300E+01  6.71296E+02
  7.77400E+01  6.71222E+02
  7.77500E+01  6.71148E+02
  7.77600E+01  6.71074E+02
  7.77700E+01  6.70999E+02
  7.77800E+01  6.70925E+02
  7.77900E+01  6.70852E+02
  7.78000E+01  6.70778E+02
  7.78100E+01  6.70704E+02
  7.78200E+01  6.70630E+02
  7.78300E+01  6.70556E+02
  7.78400E+01  6.70482E+02
  7.78500E+01  6.70409E+02
  7.78600E+01  6.70335E+02
  7.78700E+01  6.70262E+02
  7.78800E+01  6.70188E+02
  7.78900E+01  6.70115E+02
  7.79000E+01  6.70041E+02
  7.79100E+01  6.69968E+02
  7.79200E+01  6.69894E+02
  7.79300E+01  6.69821E+02
  7.79400E+01  6.69748E+02
  7.79500E+01  6.69675E+02
  7.79600E+01  6.69601E+02
  7.79700E+01  6.69528E+02
  7.79800E+01  6.69455E+02
  7.79900E+01  6.69382E+02
  7.80000E+01  6.69309E+02
  7.80100E+01  6.69236E+02
  7.80200E+01  6.69163E+02
  7.80300E+01  6.69091E+02
  7.80400E+01  6.69018E+02
  7.80500E+01  6.68945E+02
  7.80600E+01  6.68872E+02
  7.80700E+01  6.68800E+02
  7.80800E+01  6.68727E+02
  7.80900E+01  6.68655E+02
  7.81000E+01  6.68582E+02
  7.81100E+01  6.68510E+02
  7.81200E+01  6.68437E+02
  7.81300E+01  6.68365E+02
  7.81400E+01  6.68293E+02
  7.81500E+01  6.68220E+02
  7.81600E+01  6.68148E+02
  7.81700E+01  6.68076E+02
  7.81800E+01  6.68004E+02
  7.81900E+01  6.67932E+02
  7.82000E+01  6.67860E+02
  7.82100E+01  6.67788E+02
  7.82200E+01  6.67716E+02
  7.82300E+01  6.67644E+02
  7.82400E+01  6.67572E+02
  7.82500E+01  6.67500E+02
  7.82600E+01  6.67428E+02
  7.82700E+01  6.67356E+02
  7.82800E+01  6.67285E+02
  7.82900E+01  6.67213E+02
  7.83000E+01  6.67141E+02
  7.83100E+01  6.67070E+02
  7.83200E+01  6.66998E+02
  7.83300E+01  6.66927E+02
  7.83400E+01  6.66856E+02
  7.83500E+01  6.66784E+02
  7.83600E+01  6.66713E+02
  7.83700E+01  6.66642E+02
  7.83800E+01  6.66570E+02
  7.83900E+01  6.66499E+02
  7.84000E+01  6.66428E+02
  7.84100E+01  6.66357E+02
  7.84200E+01  6.66286E+02
  7.84300E+01  6.66215E+02
  7.84400E+01  6.66144E+02
  7.84500E+01  6.66073E+02
  7.84600E+01  6.66002E+02
  7.84700E+01  6.65931E+02
  7.84800E+01  6.65860E+02
  7.84900E+01  6.65790E+02
  7.85000E+01  6.65719E+02
  7.85100E+01  6.65648E+02
  7.85200E+01  6.65578E+02
  7.85300E+01  6.65507E+02
  7.85400E+01  6.65436E+02
  7.85500E+01  6.65366E+02
  7.85600E+01  6.65296E+02
  7.85700E+01  6.65225E+02
  7.85800E+01  6.65155E+02
  7.85900E+01  6.65084E+02
  7.86000E+01  6.65014E+02
  7.86100E+01  6.64944E+02
  7.86200E+01  6.64874E+02
  7.86300E+01  6.64804E+02
  7.86400E+01  6.64734E+02
  7.86500E+01  6.64663E+02
  7.86600E+01  6.64593E+02
  7.86700E+01  6.64523E+02
  7.86800E+01  6.64454E+02
  7.86900E+01  6.64384E+02
  7.87000E+01  6.64314E+02
  7.87100E+01  6.64244E+02
  7.87200E+01  6.64174E+02
  7.87300E+01  6.64105E+02
  7.87400E+01  6.64035E+02
  7.87500E+01  6.63965E+02
  7.87600E+01  6.63896E+02
  7.87700E+01  6.63826E+02
  7.87800E+01  6.63757E+02
  7.87900E+01  6.63687E+02
  7.88000E+01  6.63618E+02
  7.88100E+01  6.63548E+02
  7.88200E+01  6.63479E+02
  7.88300E+01  6.63410E+02
  7.88400E+01  6.63341E+02
  7.88500E+01  6.63271E+02
  7.88600E+01  6.63202E+02
  7.88700E+01  6.63133E+02
  7.88800E+01  6.63064E+02
  7.88900E+01  6.62995E+02
  7.89000E+01  6.62926E+02
  7.89100E+01  6.62857E+02
  7.89200E+01  6.62788E+02
  7.89300E+01  6.62719E+02
  7.89400E+01  6.62651E+02
  7.89500E+01  6.62582E+02
  7.89600E+01  6.62513E+02
  7.89700E+01  6.62444E+02
  7.89800E+01  6.62376E+02
  7.89900E+01  6.62307E+02
  7.90000E+01  6.62239E+02
  7.90100E+01  6.62170E+02
  7.90200E+01  6.62102E+02
  7.90300E+01  6.62033E+02
  7.90400E+01  6.61965E+02
  7.90500E+01  6.61896E+02
  7.90600E+01  6.61828E+02
  7.90700E+01  6.61760E+02
  7.90800E+01  6.61692E+02
  7.90900E+01  6.61623E+02
  7.91000E+01  6.61555E+02
  7.91100E+01  6.61487E+02
  7.91200E+01  6.61419E+02
  7.91300E+01  6.61351E+02
  7.91400E+01  6.61283E+02
  7.91500E+01  6.61215E+02
  7.91600E+01  6.61147E+02
  7.91700E+01  6.61079E+02
  7.91800E+01  6.61012E+02
  7.91900E+01  6.60944E+02
  7.92000E+01  6.60876E+02
  7.92100E+01  6.60808E+02
  7.92200E+01  6.60741E+02
  7.92300E+01  6.60673E+02
  7.92400E+01  6.60605E+02
  7.92500E+01  6.60538E+02
  7.92600E+01  6.60470E+02
  7.92700E+01  6.60403E+02
  7.92800E+01  6.60336E+02
  7.92900E+01  6.60268E+02
  7.93000E+01  6.60201E+02
  7.93100E+01  6.60134E+02
  7.93200E+01  6.60066E+02
  7.93300E+01  6.59999E+02
  7.93400E+01  6.59932E+02
  7.93500E+01  6.59865E+02
  7.93600E+01  6.59798E+02
  7.93700E+01  6.59731E+02
  7.93800E+01  6.59664E+02
  7.93900E+01  6.59597E+02
  7.94000E+01  6.59530E+02
  7.94100E+01  6.59463E+02
  7.94200E+01  6.59396E+02
  7.94300E+01  6.59329E+02
  7.94400E+01  6.59263E+02
  7.94500E+01  6.59196E+02
  7.94600E+01  6.59129E+02
  7.94700E+01  6.59062E+02
  7.94800E+01  6.58996E+02
  7.94900E+01  6.58929E+02
  7.95000E+01  6.58863E+02
  7.95100E+01  6.58796E+02
  7.95200E+01  6.58730E+02
  7.95300E+01  6.58663E+02
  7.95400E+01  6.58597E+02
  7.95500E+01  6.58531E+02
  7.95600E+01  6.58464E+02
  7.95700E+01  6.58398E+02
  7.95800E+01  6.58332E+02
  7.95900E+01  6.58266E+02
  7.96000E+01  6.58200E+02
  7.96100E+01  6.58134E+02
  7.96200E+01  6.58068E+02
  7.96300E+01  6.58001E+02
  7.96400E+01  6.57936E+02
  7.96500E+01  6.57870E+02
  7.96600E+01  6.57804E+02
  7.96700E+01  6.57738E+02
  7.96800E+01  6.57672E+02
  7.96900E+01  6.57606E+02
  7.97000E+01  6.57540E+02
  7.97100E+01  6.57475E+02
  7.97200E+01  6.57409E+02
  7.97300E+01  6.57343E+02
  7.97400E+01  6.57278E+02
  7.97500E+01  6.57212E+02
  7.97600E+01  6.57147E+02
  7.97700E+01  6.57081E+02
  7.97800E+01  6.57016E+02
  7.97900E+01  6.56951E+02
  7.98000E+01  6.56885E+02
  7.98100E+01  6.56820E+02
  7.98200E+01  6.56755E+02
  7.98300E+01  6.56689E+02
  7.98400E+01  6.56624E+02
  7.98500E+01  6.56559E+02
  7.98600E+01  6.56494E+02
  7.98700E+01  6.56429E+02
  7.98800E+01  6.56364E+02
  7.98900E+01  6.56299E+02
  7.99000E+01  6.56234E+02
  7.99100E+01  6.56169E+02
  7.99200E+01  6.56104E+02
  7.99300E+01  6.56039E+02
  7.99400E+01  6.55974E+02
  7.99500E+01  6.55909E+02
  7.99600E+01  6.55845E+02
  7.99700E+01  6.55780E+02
  7.99800E+01  6.55715E+02
  7.99900E+01  6.55651E+02
  8.00000E+01  6.55586E+02
  8.00100E+01  6.55521E+02
  8.00200E+01  6.55457E+02
  8.00300E+01  6.55392E+02
  8.00400E+01  6.55328E+02
  8.00500E+01  6.55264E+02
  8.00600E+01  6.55199E+02
  8.00700E+01  6.55135E+02
  8.00800E+01  6.55071E+02
  8.00900E+01  6.55006E+02
  8.01000E+01  6.54942E+02
  8.01100E+01  6.54878E+02
  8.01200E+01  6.54814E+02
  8.01300E+01  6.54750E+02
  8.01400E+01  6.54686E+02
  8.01500E+01  6.54621E+02
  8.01600E+01  6.54557E+02
  8.01700E+01  6.54493E+02
  8.01800E+01  6.54430E+02
  8.01900E+01  6.54366E+02
  8.02000E+01  6.54302E+02
  8.02100E+01  6.54238E+02
  8.02200E+01  6.54174E+02
  8.02300E+01  6.54110E+02
  8.02400E+01  6.54047E+02
  8.02500E+01  6.53983E+02
  8.02600E+01  6.53919E+02
  8.02700E+01  6.53856E+02
  8.02800E+01  6.53792E+02
  8.02900E+01  6.53729E+02
  8.03000E+01  6.53665E+02
  8.03100E+01  6.53602E+02
  8.03200E+01  6.53538E+02
  8.03300E+01  6.53475E+02
  8.03400E+01  6.53412E+02
  8.03500E+01  6.53348E+02
  8.03600E+01  6.53285E+02
  8.03700E+01  6.53222E+02
  8.03800E+01  6.53159E+02
  8.03900E+01  6.53095E+02
  8.04000E+01  6.53032E+02
  8.04100E+01  6.52969E+02
  8.04200E+01  6.52906E+02
  8.04300E+01  6.52843E+02
  8.04400E+01  6.52780E+02
  8.04500E+01  6.52717E+02
  8.04600E+01  6.52654E+02
  8.04700E+01  6.52591E+02
  8.04800E+01  6.52529E+02
  8.04900E+01  6.52466E+02
  8.05000E+01  6.52403E+02
  8.05100E+01  6.52340E+02
  8.05200E+01  6.52277E+02
  8.05300E+01  6.52215E+02
  8.05400E+01  6.52152E+02
  8.05500E+01  6.52090E+02
  8.05600E+01  6.52027E+02
  8.05700E+01  6.51964E+02
  8.05800E+01  6.51902E+02
  8.05900E+01  6.51840E+02
  8.06000E+01  6.51777E+02
  8.06100E+01  6.51715E+02
  8.06200E+01  6.51652E+02
  8.06300E+01  6.51590E+02
  8.06400E+01  6.51528E+02
  8.06500E+01  6.51466E+02
  8.06600E+01  6.51403E+02
  8.06700E+01  6.51341E+02
  8.06800E+01  6.51279E+02
  8.06900E+01  6.51217E+02
  8.07000E+01  6.51155E+02
  8.07100E+01  6.51093E+02
  8.07200E+01  6.51031E+02
  8.07300E+01  6.50969E+02
  8.07400E+01  6.50907E+02
  8.07500E+01  6.50845E+02
  8.07600E+01  6.50783E+02
  8.07700E+01  6.50721E+02
  8.07800E+01  6.50660E+02
  8.07900E+01  6.50598E+02
  8.08000E+01  6.50536E+02
  8.08100E+01  6.50474E+02
  8.08200E+01  6.50413E+02
  8.08300E+01  6.50351E+02
  8.08400E+01  6.50289E+02
  8.08500E+01  6.50228E+02
  8.08600E+01  6.50166E+02
  8.08700E+01  6.50105E+02
  8.08800E+01  6.50043E+02
  8.08900E+01  6.49982E+02
  8.09000E+01  6.49921E+02
  8.09100E+01  6.49859E+02
  8.09200E+01  6.49798E+02
  8.09300E+01  6.49737E+02
  8.09400E+01  6.49675E+02
  8.09500E+01  6.49614E+02
  8.09600E+01  6.49553E+02
  8.09700E+01  6.49492E+02
  8.09800E+01  6.49431E+02
  8.09900E+01  6.49370E+02
  8.10000E+01  6.49309E+02
  8.10100E+01  6.49248E+02
  8.10200E+01  6.49187E+02
  8.10300E+01  6.49126E+02
  8.10400E+01  6.49065E+02
  8.10500E+01  6.49004E+02
  8.10600E+01  6.48943E+02
  8.10700E+01  6.48882E+02
  8.10800E+01  6.48821E+02
  8.10900E+01  6.48760E+02
  8.11000E+01  6.48700E+02
  8.11100E+01  6.48639E+02
  8.11200E+01  6.48578E+02
  8.11300E+01  6.48518E+02
  8.11400E+01  6.48457E+02
  8.11500E+01  6.48396E+02
  8.11600E+01  6.48336E+02
  8.11700E+01  6.48275E+02
  8.11800E+01  6.48215E+02
  8.11900E+01  6.48154E+02
  8.12000E+01  6.48094E+02
  8.12100E+01  6.48034E+02
  8.12200E+01  6.47973E+02
  8.12300E+01  6.47913E+02
  8.12400E+01  6.47853E+02
  8.12500E+01  6.47792E+02
  8.12600E+01  6.47732E+02
  8.12700E+01  6.47672E+02
  8.12800E+01  6.47612E+02
  8.12900E+01  6.47552E+02
  8.13000E+01  6.47491E+02
  8.13100E+01  6.47431E+02
  8.13200E+01  6.47371E+02
  8.13300E+01  6.47311E+02
  8.13400E+01  6.47251E+02
  8.13500E+01  6.47191E+02
  8.13600E+01  6.47131E+02
  8.13700E+01  6.47072E+02
  8.13800E+01  6.47012E+02
  8.13900E+01  6.46952E+02
  8.14000E+01  6.46892E+02
  8.14100E+01  6.46832E+02
  8.14200E+01  6.46773E+02
  8.14300E+01  6.46713E+02
  8.14400E+01  6.46653E+02
  8.14500E+01  6.46594E+02
  8.14600E+01  6.46534E+02
  8.14700E+01  6.46475E+02
  8.14800E+01  6.46415E+02
  8.14900E+01  6.46355E+02
  8.15000E+01  6.46296E+02
  8.15100E+01  6.46237E+02
  8.15200E+01  6.46177E+02
  8.15300E+01  6.46118E+02
  8.15400E+01  6.46058E+02
  8.15500E+01  6.45999E+02
  8.15600E+01  6.45940E+02
  8.15700E+01  6.45881E+02
  8.15800E+01  6.45821E+02
  8.15900E+01  6.45762E+02
  8.16000E+01  6.45703E+02
  8.16100E+01  6.45644E+02
  8.16200E+01  6.45585E+02
  8.16300E+01  6.45526E+02
  8.16400E+01  6.45467E+02
  8.16500E+01  6.45408E+02
  8.16600E+01  6.45349E+02
  8.16700E+01  6.45290E+02
  8.16800E+01  6.45231E+02
  8.16900E+01  6.45172E+02
  8.17000E+01  6.45113E+02
  8.17100E+01  6.45054E+02
  8.17200E+01  6.44996E+02
  8.17300E+01  6.44937E+02
  8.17400E+01  6.44878E+02
  8.17500E+01  6.44819E+02
  8.17600E+01  6.44761E+02
  8.17700E+01  6.44702E+02
  8.17800E+01  6.44644E+02
  8.17900E+01  6.44585E+02
  8.18000E+01  6.44526E+02
  8.18100E+01  6.44468E+02
  8.18200E+01  6.44409E+02
  8.18300E+01  6.44351E+02
  8.18400E+01  6.44293E+02
  8.18500E+01  6.44234E+02
  8.18600E+01  6.44176E+02
  8.18700E+01  6.44118E+02
  8.18800E+01  6.44059E+02
  8.18900E+01  6.44001E+02
  8.19000E+01  6.43943E+02
  8.19100E+01  6.43885E+02
  8.19200E+01  6.43826E+02
  8.19300E+01  6.43768E+02
  8.19400E+01  6.43710E+02
  8.19500E+01  6.43652E+02
  8.19600E+01  6.43594E+02
  8.19700E+01  6.43536E+02
  8.19800E+01  6.43478E+02
  8.19900E+01  6.43420E+02
  8.20000E+01  6.43362E+02
  8.20100E+01  6.43304E+02
  8.20200E+01  6.43246E+02
  8.20300E+01  6.43188E+02
  8.20400E+01  6.43130E+02
  8.20500E+01  6.43073E+02
  8.20600E+01  6.43015E+02
  8.20700E+01  6.42957E+02
  8.20800E+01  6.42900E+02
  8.20900E+01  6.42842E+02
  8.21000E+01  6.42784E+02
  8.21100E+01  6.42727E+02
  8.21200E+01  6.42669E+02
  8.21300E+01  6.42611E+02
  8.21400E+01  6.42554E+02
  8.21500E+01  6.42496E+02
  8.21600E+01  6.42439E+02
  8.21700E+01  6.42381E+02
  8.21800E+01  6.42324E+02
  8.21900E+01  6.42267E+02
  8.22000E+01  6.42209E+02
  8.22100E+01  6.42152E+02
  8.22200E+01  6.42095E+02
  8.22300E+01  6.42037E+02
  8.22400E+01  6.41980E+02
  8.22500E+01  6.41923E+02
  8.22600E+01  6.41866E+02
  8.22700E+01  6.41809E+02
  8.22800E+01  6.41752E+02
  8.22900E+01  6.41695E+02
  8.23000E+01  6.41637E+02
  8.23100E+01  6.41580E+02
  8.23200E+01  6.41523E+02
  8.23300E+01  6.41466E+02
  8.23400E+01  6.41410E+02
  8.23500E+01  6.41353E+02
  8.23600E+01  6.41296E+02
  8.23700E+01  6.41239E+02
  8.23800E+01  6.41182E+02
  8.23900E+01  6.41125E+02
  8.24000E+01  6.41068E+02
  8.24100E+01  6.41012E+02
  8.24200E+01  6.40955E+02
  8.24300E+01  6.40898E+02
  8.24400E+01  6.40842E+02
  8.24500E+01  6.40785E+02
  8.24600E+01  6.40728E+02
  8.24700E+01  6.40672E+02
  8.24800E+01  6.40615E+02
  8.24900E+01  6.40559E+02
  8.25000E+01  6.40502E+02
  8.25100E+01  6.40446E+02
  8.25200E+01  6.40389E+02
  8.25300E+01  6.40333E+02
  8.25400E+01  6.40277E+02
  8.25500E+01  6.40220E+02
  8.25600E+01  6.40164E+02
  8.25700E+01  6.40108E+02
  8.25800E+01  6.40051E+02
  8.25900E+01  6.39995E+02
  8.26000E+01  6.39939E+02
  8.26100E+01  6.39883E+02
  8.26200E+01  6.39827E+02
  8.26300E+01  6.39771E+02
  8.26400E+01  6.39714E+02
  8.26500E+01  6.39658E+02
  8.26600E+01  6.39602E+02
  8.26700E+01  6.39546E+02
  8.26800E+01  6.39490E+02
  8.26900E+01  6.39434E+02
  8.27000E+01  6.39379E+02
  8.27100E+01  6.39323E+02
  8.27200E+01  6.39267E+02
  8.27300E+01  6.39211E+02
  8.27400E+01  6.39155E+02
  8.27500E+01  6.39099E+02
  8.27600E+01  6.39044E+02
  8.27700E+01  6.38988E+02
  8.27800E+01  6.38932E+02
  8.27900E+01  6.38877E+02
  8.28000E+01  6.38821E+02
  8.28100E+01  6.38765E+02
  8.28200E+01  6.38710E+02
  8.28300E+01  6.38654E+02
  8.28400E+01  6.38599E+02
  8.28500E+01  6.38543E+02
  8.28600E+01  6.38488E+02
  8.28700E+01  6.38432E+02
  8.28800E+01  6.38377E+02
  8.28900E+01  6.38321E+02
  8.29000E+01  6.38266E+02
  8.29100E+01  6.38211E+02
  8.29200E+01  6.38155E+02
  8.29300E+01  6.38100E+02
  8.29400E+01  6.38045E+02
  8.29500E+01  6.37990E+02
  8.29600E+01  6.37934E+02
  8.29700E+01  6.37879E+02
  8.29800E+01  6.37824E+02
  8.29900E+01  6.37769E+02
  8.30000E+01  6.37714E+02
  8.30100E+01  6.37659E+02
  8.30200E+01  6.37604E+02
  8.30300E+01  6.37549E+02
  8.30400E+01  6.37494E+02
  8.30500E+01  6.37439E+02
  8.30600E+01  6.37384E+02
  8.30700E+01  6.37329E+02
  8.30800E+01  6.37274E+02
  8.30900E+01  6.37219E+02
  8.31000E+01  6.37164E+02
  8.31100E+01  6.37110E+02
  8.31200E+01  6.37055E+02
  8.31300E+01  6.37000E+02
  8.31400E+01  6.36945E+02
  8.31500E+01  6.36891E+02
  8.31600E+01  6.36836E+02
  8.31700E+01  6.36781E+02
  8.31800E+01  6.36727E+02
  8.31900E+01  6.36672E+02
  8.32000E+01  6.36618E+02
  8.32100E+01  6.36563E+02
  8.32200E+01  6.36509E+02
  8.32300E+01  6.36454E+02
  8.32400E+01  6.36400E+02
  8.32500E+01  6.36345E+02
  8.32600E+01  6.36291E+02
  8.32700E+01  6.36237E+02
  8.32800E+01  6.36182E+02
  8.32900E+01  6.36128E+02
  8.33000E+01  6.36074E+02
  8.33100E+01  6.36019E+02
  8.33200E+01  6.35965E+02
  8.33300E+01  6.35911E+02
  8.33400E+01  6.35857E+02
  8.33500E+01  6.35803E+02
  8.33600E+01  6.35748E+02
  8.33700E+01  6.35694E+02
  8.33800E+01  6.35640E+02
  8.33900E+01  6.35586E+02
  8.34000E+01  6.35532E+02
  8.34100E+01  6.35478E+02
  8.34200E+01  6.35424E+02
  8.34300E+01  6.35370E+02
  8.34400E+01  6.35316E+02
  8.34500E+01  6.35263E+02
  8.34600E+01  6.35209E+02
  8.34700E+01  6.35155E+02
  8.34800E+01  6.35101E+02
  8.34900E+01  6.35047E+02
  8.35000E+01  6.34993E+02
  8.35100E+01  6.34940E+02
  8.35200E+01  6.34886E+02
  8.35300E+01  6.34832E+02
  8.35400E+01  6.34779E+02
  8.35500E+01  6.34725E+02
  8.35600E+01  6.34671E+02
  8.35700E+01  6.34618E+02
  8.35800E+01  6.34564E+02
  8.35900E+01  6.34511E+02
  8.36000E+01  6.34457E+02
  8.36100E+01  6.34404E+02
  8.36200E+01  6.34350E+02
  8.36300E+01  6.34297E+02
  8.36400E+01  6.34244E+02
  8.36500E+01  6.34190E+02
  8.36600E+01  6.34137E+02
  8.36700E+01  6.34084E+02
  8.36800E+01  6.34030E+02
  8.36900E+01  6.33977E+02
  8.37000E+01  6.33924E+02
  8.37100E+01  6.33871E+02
  8.37200E+01  6.33817E+02
  8.37300E+01  6.33764E+02
  8.37400E+01  6.33711E+02
  8.37500E+01  6.33658E+02
  8.37600E+01  6.33605E+02
  8.37700E+01  6.33552E+02
  8.37800E+01  6.33499E+02
  8.37900E+01  6.33446E+02
  8.38000E+01  6.33393E+02
  8.38100E+01  6.33340E+02
  8.38200E+01  6.33287E+02
  8.38300E+01  6.33234E+02
  8.38400E+01  6.33181E+02
  8.38500E+01  6.33128E+02
  8.38600E+01  6.33075E+02
  8.38700E+01  6.33023E+02
  8.38800E+01  6.32970E+02
  8.38900E+01  6.32917E+02
  8.39000E+01  6.32864E+02
  8.39100E+01  6.32812E+02
  8.39200E+01  6.32759E+02
  8.39300E+01  6.32706E+02
  8.39400E+01  6.32654E+02
  8.39500E+01  6.32601E+02
  8.39600E+01  6.32548E+02
  8.39700E+01  6.32496E+02
  8.39800E+01  6.32443E+02
  8.39900E+01  6.32391E+02
  8.40000E+01  6.32338E+02
  8.40100E+01  6.32286E+02
  8.40200E+01  6.32234E+02
  8.40300E+01  6.32181E+02
  8.40400E+01  6.32129E+02
  8.40500E+01  6.32076E+02
  8.40600E+01  6.32024E+02
  8.40700E+01  6.31972E+02
  8.40800E+01  6.31919E+02
  8.40900E+01  6.31867E+02
  8.41000E+01  6.31815E+02
  8.41100E+01  6.31763E+02
  8.41200E+01  6.31711E+02
  8.41300E+01  6.31658E+02
  8.41400E+01  6.31606E+02
  8.41500E+01  6.31554E+02
  8.41600E+01  6.31502E+02
  8.41700E+01  6.31450E+02
  8.41800E+01  6.31398E+02
  8.41900E+01  6.31346E+02
  8.42000E+01  6.31294E+02
  8.42100E+01  6.31242E+02
  8.42200E+01  6.31190E+02
  8.42300E+01  6.31138E+02
  8.42400E+01  6.31086E+02
  8.42500E+01  6.31034E+02
  8.42600E+01  6.30983E+02
  8.42700E+01  6.30931E+02
  8.42800E+01  6.30879E+02
  8.42900E+01  6.30827E+02
  8.43000E+01  6.30776E+02
  8.43100E+01  6.30724E+02
  8.43200E+01  6.30672E+02
  8.43300E+01  6.30620E+02
  8.43400E+01  6.30569E+02
  8.43500E+01  6.30517E+02
  8.43600E+01  6.30466E+02
  8.43700E+01  6.30414E+02
  8.43800E+01  6.30363E+02
  8.43900E+01  6.30311E+02
  8.44000E+01  6.30260E+02
  8.44100E+01  6.30208E+02
  8.44200E+01  6.30157E+02
  8.44300E+01  6.30105E+02
  8.44400E+01  6.30054E+02
  8.44500E+01  6.30002E+02
  8.44600E+01  6.29951E+02
  8.44700E+01  6.29900E+02
  8.44800E+01  6.29848E+02
  8.44900E+01  6.29797E+02
  8.45000E+01  6.29746E+02
  8.45100E+01  6.29695E+02
  8.45200E+01  6.29643E+02
  8.45300E+01  6.29592E+02
  8.45400E+01  6.29541E+02
  8.45500E+01  6.29490E+02
  8.45600E+01  6.29439E+02
  8.45700E+01  6.29388E+02
  8.45800E+01  6.29337E+02
  8.45900E+01  6.29286E+02
  8.46000E+01  6.29235E+02
  8.46100E+01  6.29184E+02
  8.46200E+01  6.29133E+02
  8.46300E+01  6.29082E+02
  8.46400E+01  6.29031E+02
  8.46500E+01  6.28980E+02
  8.46600E+01  6.28929E+02
  8.46700E+01  6.28878E+02
  8.46800E+01  6.28827E+02
  8.46900E+01  6.28777E+02
  8.47000E+01  6.28726E+02
  8.47100E+01  6.28675E+02
  8.47200E+01  6.28624E+02
  8.47300E+01  6.28574E+02
  8.47400E+01  6.28523E+02
  8.47500E+01  6.28472E+02
  8.47600E+01  6.28422E+02
  8.47700E+01  6.28371E+02
  8.47800E+01  6.28320E+02
  8.47900E+01  6.28270E+02
  8.48000E+01  6.28219E+02
  8.48100E+01  6.28169E+02
  8.48200E+01  6.28118E+02
  8.48300E+01  6.28068E+02
  8.48400E+01  6.28017E+02
  8.48500E+01  6.27967E+02
  8.48600E+01  6.27916E+02
  8.48700E+01  6.27866E+02
  8.48800E+01  6.27816E+02
  8.48900E+01  6.27765E+02
  8.49000E+01  6.27715E+02
  8.49100E+01  6.27665E+02
  8.49200E+01  6.27615E+02
  8.49300E+01  6.27564E+02
  8.49400E+01  6.27514E+02
  8.49500E+01  6.27464E+02
  8.49600E+01  6.27414E+02
  8.49700E+01  6.27364E+02
  8.49800E+01  6.27313E+02
  8.49900E+01  6.27263E+02
  8.50000E+01  6.27213E+02
  8.50100E+01  6.27163E+02
  8.50200E+01  6.27113E+02
  8.50300E+01  6.27063E+02
  8.50400E+01  6.27013E+02
  8.50500E+01  6.26963E+02
  8.50600E+01  6.26913E+02
  8.50700E+01  6.26863E+02
  8.50800E+01  6.26813E+02
  8.50900E+01  6.26763E+02
  8.51000E+01  6.26714E+02
  8.51100E+01  6.26664E+02
  8.51200E+01  6.26614E+02
  8.51300E+01  6.26564E+02
  8.51400E+01  6.26514E+02
  8.51500E+01  6.26465E+02
  8.51600E+01  6.26415E+02
  8.51700E+01  6.26365E+02
  8.51800E+01  6.26316E+02
  8.51900E+01  6.26266E+02
  8.52000E+01  6.26216E+02
  8.52100E+01  6.26167E+02
  8.52200E+01  6.26117E+02
  8.52300E+01  6.26068E+02
  8.52400E+01  6.26018E+02
  8.52500E+01  6.25969E+02
  8.52600E+01  6.25919E+02
  8.52700E+01  6.25870E+02
  8.52800E+01  6.25820E+02
  8.52900E+01  6.25771E+02
  8.53000E+01  6.25721E+02
  8.53100E+01  6.25672E+02
  8.53200E+01  6.25623E+02
  8.53300E+01  6.25573E+02
  8.53400E+01  6.25524E+02
  8.53500E+01  6.25475E+02
  8.53600E+01  6.25425E+02
  8.53700E+01  6.25376E+02
  8.53800E+01  6.25327E+02
  8.53900E+01  6.25278E+02
  8.54000E+01  6.25229E+02
  8.54100E+01  6.25179E+02
  8.54200E+01  6.25130E+02
  8.54300E+01  6.25081E+02
  8.54400E+01  6.25032E+02
  8.54500E+01  6.24983E+02
  8.54600E+01  6.24934E+02
  8.54700E+01  6.24885E+02
  8.54800E+01  6.24836E+02
  8.54900E+01  6.24787E+02
  8.55000E+01  6.24738E+02
  8.55100E+01  6.24689E+02
  8.55200E+01  6.24640E+02
  8.55300E+01  6.24591E+02
  8.55400E+01  6.24542E+02
  8.55500E+01  6.24493E+02
  8.55600E+01  6.24445E+02
  8.55700E+01  6.24396E+02
  8.55800E+01  6.24347E+02
  8.55900E+01  6.24298E+02
  8.56000E+01  6.24249E+02
  8.56100E+01  6.24201E+02
  8.56200E+01  6.24152E+02
  8.56300E+01  6.24103E+02
  8.56400E+01  6.24055E+02
  8.56500E+01  6.24006E+02
  8.56600E+01  6.23957E+02
  8.56700E+01  6.23909E+02
  8.56800E+01  6.23860E+02
  8.56900E+01  6.23812E+02
  8.57000E+01  6.23763E+02
  8.57100E+01  6.23715E+02
  8.57200E+01  6.23666E+02
  8.57300E+01  6.23618E+02
  8.57400E+01  6.23569E+02
  8.57500E+01  6.23521E+02
  8.57600E+01  6.23472E+02
  8.57700E+01  6.23424E+02
  8.57800E+01  6.23376E+02
  8.57900E+01  6.23327E+02
  8.58000E+01  6.23279E+02
  8.58100E+01  6.23231E+02
  8.58200E+01  6.23182E+02
  8.58300E+01  6.23134E+02
  8.58400E+01  6.23086E+02
  8.58500E+01  6.23038E+02
  8.58600E+01  6.22989E+02
  8.58700E+01  6.22941E+02
  8.58800E+01  6.22893E+02
  8.58900E+01  6.22845E+02
  8.59000E+01  6.22797E+02
  8.59100E+01  6.22749E+02
  8.59200E+01  6.22701E+02
  8.59300E+01  6.22653E+02
  8.59400E+01  6.22605E+02
  8.59500E+01  6.22557E+02
  8.59600E+01  6.22509E+02
  8.59700E+01  6.22461E+02
  8.59800E+01  6.22413E+02
  8.59900E+01  6.22365E+02
  8.60000E+01  6.22317E+02
  8.60100E+01  6.22269E+02
  8.60200E+01  6.22221E+02
  8.60300E+01  6.22173E+02
  8.60400E+01  6.22125E+02
  8.60500E+01  6.22078E+02
  8.60600E+01  6.22030E+02
  8.60700E+01  6.21982E+02
  8.60800E+01  6.21934E+02
  8.60900E+01  6.21887E+02
  8.61000E+01  6.21839E+02
  8.61100E+01  6.21791E+02
  8.61200E+01  6.21744E+02
  8.61300E+01  6.21696E+02
  8.61400E+01  6.21648E+02
  8.61500E+01  6.21601E+02
  8.61600E+01  6.21553E+02
  8.61700E+01  6.21506E+02
  8.61800E+01  6.21458E+02
  8.61900E+01  6.21410E+02
  8.62000E+01  6.21363E+02
  8.62100E+01  6.21316E+02
  8.62200E+01  6.21268E+02
  8.62300E+01  6.21221E+02
  8.62400E+01  6.21173E+02
  8.62500E+01  6.21126E+02
  8.62600E+01  6.21078E+02
  8.62700E+01  6.21031E+02
  8.62800E+01  6.20984E+02
  8.62900E+01  6.20937E+02
  8.63000E+01  6.20889E+02
  8.63100E+01  6.20842E+02
  8.63200E+01  6.20795E+02
  8.63300E+01  6.20747E+02
  8.63400E+01  6.20700E+02
  8.63500E+01  6.20653E+02
  8.63600E+01  6.20606E+02
  8.63700E+01  6.20559E+02
  8.63800E+01  6.20512E+02
  8.63900E+01  6.20465E+02
  8.64000E+01  6.20417E+02
  8.64100E+01  6.20370E+02
  8.64200E+01  6.20323E+02
  8.64300E+01  6.20276E+02
  8.64400E+01  6.20229E+02
  8.64500E+01  6.20182E+02
  8.64600E+01  6.20135E+02
  8.64700E+01  6.20088E+02
  8.64800E+01  6.20042E+02
  8.64900E+01  6.19995E+02
  8.65000E+01  6.19948E+02
  8.65100E+01  6.19901E+02
  8.65200E+01  6.19854E+02
  8.65300E+01  6.19807E+02
  8.65400E+01  6.19760E+02
  8.65500E+01  6.19714E+02
  8.65600E+01  6.19667E+02
  8.65700E+01  6.19620E+02
  8.65800E+01  6.19573E+02
  8.65900E+01  6.19527E+02
  8.66000E+01  6.19480E+02
  8.66100E+01  6.19433E+02
  8.66200E+01  6.19387E+02
  8.66300E+01  6.19340E+02
  8.66400E+01  6.19294E+02
  8.66500E+01  6.19247E+02
  8.66600E+01  6.19200E+02
  8.66700E+01  6.19154E+02
  8.66800E+01  6.19107E+02
  8.66900E+01  6.19061E+02
  8.67000E+01  6.19014E+02
  8.67100E+01  6.18968E+02
  8.67200E+01  6.18922E+02
  8.67300E+01  6.18875E+02
  8.67400E+01  6.18829E+02
  8.67500E+01  6.18782E+02
  8.67600E+01  6.18736E+02
  8.67700E+01  6.18690E+02
  8.67800E+01  6.18643E+02
  8.67900E+01  6.18597E+02
  8.68000E+01  6.18551E+02
  8.68100E+01  6.18505E+02
  8.68200E+01  6.18458E+02
  8.68300E+01  6.18412E+02
  8.68400E+01  6.18366E+02
  8.68500E+01  6.18320E+02
  8.68600E+01  6.18274E+02
  8.68700E+01  6.18227E+02
  8.68800E+01  6.18181E+02
  8.68900E+01  6.18135E+02
  8.69000E+01  6.18089E+02
  8.69100E+01  6.18043E+02
  8.69200E+01  6.17997E+02
  8.69300E+01  6.17951E+02
  8.69400E+01  6.17905E+02
  8.69500E+01  6.17859E+02
  8.69600E+01  6.17813E+02
  8.69700E+01  6.17767E+02
  8.69800E+01  6.17721E+02
  8.69900E+01  6.17675E+02
  8.70000E+01  6.17629E+02
  8.70100E+01  6.17583E+02
  8.70200E+01  6.17538E+02
  8.70300E+01  6.17492E+02
  8.70400E+01  6.17446E+02
  8.70500E+01  6.17400E+02
  8.70600E+01  6.17354E+02
  8.70700E+01  6.17309E+02
  8.70800E+01  6.17263E+02
  8.70900E+01  6.17217E+02
  8.71000E+01  6.17172E+02
  8.71100E+01  6.17126E+02
  8.71200E+01  6.17080E+02
  8.71300E+01  6.17035E+02
  8.71400E+01  6.16989E+02
  8.71500E+01  6.16943E+02
  8.71600E+01  6.16898E+02
  8.71700E+01  6.16852E+02
  8.71800E+01  6.16807E+02
  8.71900E+01  6.16761E+02
  8.72000E+01  6.16716E+02
  8.72100E+01  6.16670E+02
  8.72200E+01  6.16625E+02
  8.72300E+01  6.16579E+02
  8.72400E+01  6.16534E+02
  8.72500E+01  6.16488E+02
  8.72600E+01  6.16443E+02
  8.72700E+01  6.16398E+02
  8.72800E+01  6.16352E+02
  8.72900E+01  6.16307E+02
  8.73000E+01  6.16262E+02
  8.73100E+01  6.16216E+02
  8.73200E+01  6.16171E+02
  8.73300E+01  6.16126E+02
  8.73400E+01  6.16081E+02
  8.73500E+01  6.16036E+02
  8.73600E+01  6.15990E+02
  8.73700E+01  6.15945E+02
  8.73800E+01  6.15900E+02
  8.73900E+01  6.15855E+02
  8.74000E+01  6.15810E+02
  8.74100E+01  6.15765E+02
  8.74200E+01  6.15720E+02
  8.74300E+01  6.15675E+02
  8.74400E+01  6.15629E+02
  8.74500E+01  6.15584E+02
  8.74600E+01  6.15539E+02
  8.74700E+01  6.15494E+02
  8.74800E+01  6.15449E+02
  8.74900E+01  6.15405E+02
  8.75000E+01  6.15360E+02
  8.75100E+01  6.15315E+02
  8.75200E+01  6.15270E+02
  8.75300E+01  6.15225E+02
  8.75400E+01  6.15180E+02
  8.75500E+01  6.15135E+02
  8.75600E+01  6.15090E+02
  8.75700E+01  6.15046E+02
  8.75800E+01  6.15001E+02
  8.75900E+01  6.14956E+02
  8.76000E+01  6.14911E+02
  8.76100E+01  6.14867E+02
  8.76200E+01  6.14822E+02
  8.76300E+01  6.14777E+02
  8.76400E+01  6.14733E+02
  8.76500E+01  6.14688E+02
  8.76600E+01  6.14643E+02
  8.76700E+01  6.14599E+02
  8.76800E+01  6.14554E+02
  8.76900E+01  6.14510E+02
  8.77000E+01  6.14465E+02
  8.77100E+01  6.14420E+02
  8.77200E+01  6.14376E+02
  8.77300E+01  6.14331E+02
  8.77400E+01  6.14287E+02
  8.77500E+01  6.14242E+02
  8.77600E+01  6.14198E+02
  8.77700E+01  6.14154E+02
  8.77800E+01  6.14109E+02
  8.77900E+01  6.14065E+02
  8.78000E+01  6.14020E+02
  8.78100E+01  6.13976E+02
  8.78200E+01  6.13932E+02
  8.78300E+01  6.13887E+02
  8.78400E+01  6.13843E+02
  8.78500E+01  6.13799E+02
  8.78600E+01  6.13755E+02
  8.78700E+01  6.13710E+02
  8.78800E+01  6.13666E+02
  8.78900E+01  6.13622E+02
  8.79000E+01  6.13578E+02
  8.79100E+01  6.13534E+02
  8.79200E+01  6.13489E+02
  8.79300E+01  6.13445E+02
  8.79400E+01  6.13401E+02
  8.79500E+01  6.13357E+02
  8.79600E+01  6.13313E+02
  8.79700E+01  6.13269E+02
  8.79800E+01  6.13225E+02
  8.79900E+01  6.13181E+02
  8.80000E+01  6.13137E+02
  8.80100E+01  6.13093E+02
  8.80200E+01  6.13049E+02
  8.80300E+01  6.13005E+02
  8.80400E+01  6.12961E+02
  8.80500E+01  6.12917E+02
  8.80600E+01  6.12873E+02
  8.80700E+01  6.12829E+02
  8.80800E+01  6.12785E+02
  8.80900E+01  6.12742E+02
  8.81000E+01  6.12698E+02
  8.81100E+01  6.12654E+02
  8.81200E+01  6.12610E+02
  8.81300E+01  6.12566E+02
  8.81400E+01  6.12523E+02
  8.81500E+01  6.12479E+02
  8.81600E+01  6.12435E+02
  8.81700E+01  6.12392E+02
  8.81800E+01  6.12348E+02
  8.81900E+01  6.12304E+02
  8.82000E+01  6.12261E+02
  8.82100E+01  6.12217E+02
  8.82200E+01  6.12173E+02
  8.82300E+01  6.12130E+02
  8.82400E+01  6.12086E+02
  8.82500E+01  6.12043E+02
  8.82600E+01  6.11999E+02
  8.82700E+01  6.11956E+02
  8.82800E+01  6.11912E+02
  8.82900E+01  6.11869E+02
  8.83000E+01  6.11825E+02
  8.83100E+01  6.11782E+02
  8.83200E+01  6.11738E+02
  8.83300E+01  6.11695E+02
  8.83400E+01  6.11651E+02
  8.83500E+01  6.11608E+02
  8.83600E+01  6.11565E+02
  8.83700E+01  6.11521E+02
  8.83800E+01  6.11478E+02
  8.83900E+01  6.11435E+02
  8.84000E+01  6.11391E+02
  8.84100E+01  6.11348E+02
  8.84200E+01  6.11305E+02
  8.84300E+01  6.11262E+02
  8.84400E+01  6.11218E+02
  8.84500E+01  6.11175E+02
  8.84600E+01  6.11132E+02
  8.84700E+01  6.11089E+02
  8.84800E+01  6.11046E+02
  8.84900E+01  6.11003E+02
  8.85000E+01  6.10959E+02
  8.85100E+01  6.10916E+02
  8.85200E+01  6.10873E+02
  8.85300E+01  6.10830E+02
  8.85400E+01  6.10787E+02
  8.85500E+01  6.10744E+02
  8.85600E+01  6.10701E+02
  8.85700E+01  6.10658E+02
  8.85800E+01  6.10615E+02
  8.85900E+01  6.10572E+02
  8.86000E+01  6.10529E+02
  8.86100E+01  6.10486E+02
  8.86200E+01  6.10443E+02
  8.86300E+01  6.10401E+02
  8.86400E+01  6.10358E+02
  8.86500E+01  6.10315E+02
  8.86600E+01  6.10272E+02
  8.86700E+01  6.10229E+02
  8.86800E+01  6.10186E+02
  8.86900E+01  6.10144E+02
  8.87000E+01  6.10101E+02
  8.87100E+01  6.10058E+02
  8.87200E+01  6.10015E+02
  8.87300E+01  6.09973E+02
  8.87400E+01  6.09930E+02
  8.87500E+01  6.09887E+02
  8.87600E+01  6.09845E+02
  8.87700E+01  6.09802E+02
  8.87800E+01  6.09759E+02
  8.87900E+01  6.09717E+02
  8.88000E+01  6.09674E+02
  8.88100E+01  6.09631E+02
  8.88200E+01  6.09589E+02
  8.88300E+01  6.09546E+02
  8.88400E+01  6.09504E+02
  8.88500E+01  6.09461E+02
  8.88600E+01  6.09419E+02
  8.88700E+01  6.09376E+02
  8.88800E+01  6.09334E+02
  8.88900E+01  6.09291E+02
  8.89000E+01  6.09249E+02
  8.89100E+01  6.09207E+02
  8.89200E+01  6.09164E+02
  8.89300E+01  6.09122E+02
  8.89400E+01  6.09080E+02
  8.89500E+01  6.09037E+02
  8.89600E+01  6.08995E+02
  8.89700E+01  6.08953E+02
  8.89800E+01  6.08910E+02
  8.89900E+01  6.08868E+02
  8.90000E+01  6.08826E+02
  8.90100E+01  6.08783E+02
  8.90200E+01  6.08741E+02
  8.90300E+01  6.08699E+02
  8.90400E+01  6.08657E+02
  8.90500E+01  6.08615E+02
  8.90600E+01  6.08573E+02
  8.90700E+01  6.08530E+02
  8.90800E+01  6.08488E+02
  8.90900E+01  6.08446E+02
  8.91000E+01  6.08404E+02
  8.91100E+01  6.08362E+02
  8.91200E+01  6.08320E+02
  8.91300E+01  6.08278E+02
  8.91400E+01  6.08236E+02
  8.91500E+01  6.08194E+02
  8.91600E+01  6.08152E+02
  8.91700E+01  6.08110E+02
  8.91800E+01  6.08068E+02
  8.91900E+01  6.08026E+02
  8.92000E+01  6.07984E+02
  8.92100E+01  6.07942E+02
  8.92200E+01  6.07900E+02
  8.92300E+01  6.07858E+02
  8.92400E+01  6.07817E+02
  8.92500E+01  6.07775E+02
  8.92600E+01  6.07733E+02
  8.92700E+01  6.07691E+02
  8.92800E+01  6.07649E+02
  8.92900E+01  6.07608E+02
  8.93000E+01  6.07566E+02
  8.93100E+01  6.07524E+02
  8.93200E+01  6.07482E+02
  8.93300E+01  6.07441E+02
  8.93400E+01  6.07399E+02
  8.93500E+01  6.07357E+02
  8.93600E+01  6.07316E+02
  8.93700E+01  6.07274E+02
  8.93800E+01  6.07232E+02
  8.93900E+01  6.07191E+02
  8.94000E+01  6.07149E+02
  8.94100E+01  6.07108E+02
  8.94200E+01  6.07066E+02
  8.94300E+01  6.07024E+02
  8.94400E+01  6.06983E+02
  8.94500E+01  6.06941E+02
  8.94600E+01  6.06900E+02
  8.94700E+01  6.06858E+02
  8.94800E+01  6.06817E+02
  8.94900E+01  6.06775E+02
  8.95000E+01  6.06734E+02
  8.95100E+01  6.06693E+02
  8.95200E+01  6.06651E+02
  8.95300E+01  6.06610E+02
  8.95400E+01  6.06568E+02
  8.95500E+01  6.06527E+02
  8.95600E+01  6.06486E+02
  8.95700E+01  6.06444E+02
  8.95800E+01  6.06403E+02
  8.95900E+01  6.06362E+02
  8.96000E+01  6.06321E+02
  8.96100E+01  6.06279E+02
  8.96200E+01  6.06238E+02
  8.96300E+01  6.06197E+02
  8.96400E+01  6.06156E+02
  8.96500E+01  6.06115E+02
  8.96600E+01  6.06073E+02
  8.96700E+01  6.06032E+02
  8.96800E+01  6.05991E+02
  8.96900E+01  6.05950E+02
  8.97000E+01  6.05909E+02
  8.97100E+01  6.05868E+02
  8.97200E+01  6.05827E+02
  8.97300E+01  6.05786E+02
  8.97400E+01  6.05745E+02
  8.97500E+01  6.05704E+02
  8.97600E+01  6.05663E+02
  8.97700E+01  6.05622E+02
  8.97800E+01  6.05581E+02
  8.97900E+01  6.05540E+02
  8.98000E+01  6.05499E+02
  8.98100E+01  6.05458E+02
  8.98200E+01  6.05417E+02
  8.98300E+01  6.05376E+02
  8.98400E+01  6.05335E+02
  8.98500E+01  6.05294E+02
  8.98600E+01  6.05253E+02
  8.98700E+01  6.05212E+02
  8.98800E+01  6.05172E+02
  8.98900E+01  6.05131E+02
  8.99000E+01  6.05090E+02
  8.99100E+01  6.05049E+02
  8.99200E+01  6.05008E+02
  8.99300E+01  6.04968E+02
  8.99400E+01  6.04927E+02
  8.99500E+01  6.04886E+02
  8.99600E+01  6.04846E+02
  8.99700E+01  6.04805E+02
  8.99800E+01  6.04764E+02
  8.99900E+01  6.04724E+02
  9.00000E+01  6.04683E+02
  9.00100E+01  6.04642E+02
  9.00200E+01  6.04602E+02
  9.00300E+01  6.04561E+02
  9.00400E+01  6.04521E+02
  9.00500E+01  6.04480E+02
  9.00600E+01  6.04440E+02
  9.00700E+01  6.04399E+02
  9.00800E+01  6.04358E+02
  9.00900E+01  6.04318E+02
  9.01000E+01  6.04278E+02
  9.01100E+01  6.04237E+02
  9.01200E+01  6.04197E+02
  9.01300E+01  6.04156E+02
  9.01400E+01  6.04116E+02
  9.01500E+01  6.04075E+02
  9.01600E+01  6.04035E+02
  9.01700E+01  6.03995E+02
  9.01800E+01  6.03954E+02
  9.01900E+01  6.03914E+02
  9.02000E+01  6.03874E+02
  9.02100E+01  6.03833E+02
  9.02200E+01  6.03793E+02
  9.02300E+01  6.03753E+02
  9.02400E+01  6.03712E+02
  9.02500E+01  6.03672E+02
  9.02600E+01  6.03632E+02
  9.02700E+01  6.03592E+02
  9.02800E+01  6.03552E+02
  9.02900E+01  6.03511E+02
  9.03000E+01  6.03471E+02
  9.03100E+01  6.03431E+02
  9.03200E+01  6.03391E+02
  9.03300E+01  6.03351E+02
  9.03400E+01  6.03311E+02
  9.03500E+01  6.03271E+02
  9.03600E+01  6.03231E+02
  9.03700E+01  6.03190E+02
  9.03800E+01  6.03150E+02
  9.03900E+01  6.03110E+02
  9.04000E+01  6.03070E+02
  9.04100E+01  6.03030E+02
  9.04200E+01  6.02990E+02
  9.04300E+01  6.02950E+02
  9.04400E+01  6.02910E+02
  9.04500E+01  6.02871E+02
  9.04600E+01  6.02831E+02
  9.04700E+01  6.02791E+02
  9.04800E+01  6.02751E+02
  9.04900E+01  6.02711E+02
  9.05000E+01  6.02671E+02
  9.05100E+01  6.02631E+02
  9.05200E+01  6.02591E+02
  9.05300E+01  6.02552E+02
  9.05400E+01  6.02512E+02
  9.05500E+01  6.02472E+02
  9.05600E+01  6.02432E+02
  9.05700E+01  6.02392E+02
  9.05800E+01  6.02353E+02
  9.05900E+01  6.02313E+02
  9.06000E+01  6.02273E+02
  9.06100E+01  6.02234E+02
  9.06200E+01  6.02194E+02
  9.06300E+01  6.02154E+02
  9.06400E+01  6.02115E+02
  9.06500E+01  6.02075E+02
  9.06600E+01  6.02035E+02
  9.06700E+01  6.01996E+02
  9.06800E+01  6.01956E+02
  9.06900E+01  6.01917E+02
  9.07000E+01  6.01877E+02
  9.07100E+01  6.01837E+02
  9.07200E+01  6.01798E+02
  9.07300E+01  6.01758E+02
  9.07400E+01  6.01719E+02
  9.07500E+01  6.01679E+02
  9.07600E+01  6.01640E+02
  9.07700E+01  6.01600E+02
  9.07800E+01  6.01561E+02
  9.07900E+01  6.01522E+02
  9.08000E+01  6.01482E+02
  9.08100E+01  6.01443E+02
  9.08200E+01  6.01403E+02
  9.08300E+01  6.01364E+02
  9.08400E+01  6.01325E+02
  9.08500E+01  6.01285E+02
  9.08600E+01  6.01246E+02
  9.08700E+01  6.01207E+02
  9.08800E+01  6.01167E+02
  9.08900E+01  6.01128E+02
  9.09000E+01  6.01089E+02
  9.09100E+01  6.01050E+02
  9.09200E+01  6.01010E+02
  9.09300E+01  6.00971E+02
  9.09400E+01  6.00932E+02
  9.09500E+01  6.00893E+02
  9.09600E+01  6.00854E+02
  9.09700E+01  6.00814E+02
  9.09800E+01  6.00775E+02
  9.09900E+01  6.00736E+02
  9.10000E+01  6.00697E+02
  9.10100E+01  6.00658E+02
  9.10200E+01  6.00619E+02
  9.10300E+01  6.00580E+02
  9.10400E+01  6.00541E+02
  9.10500E+01  6.00502E+02
  9.10600E+01  6.00463E+02
  9.10700E+01  6.00424E+02
  9.10800E+01  6.00385E+02
  9.10900E+01  6.00346E+02
  9.11000E+01  6.00307E+02
  9.11100E+01  6.00268E+02
  9.11200E+01  6.00229E+02
  9.11300E+01  6.00190E+02
  9.11400E+01  6.00151E+02
  9.11500E+01  6.00112E+02
  9.11600E+01  6.00073E+02
  9.11700E+01  6.00034E+02
  9.11800E+01  5.99995E+02
  9.11900E+01  5.99957E+02
  9.12000E+01  5.99918E+02
  9.12100E+01  5.99879E+02
  9.12200E+01  5.99840E+02
  9.12300E+01  5.99801E+02
  9.12400E+01  5.99763E+02
  9.12500E+01  5.99724E+02
  9.12600E+01  5.99685E+02
  9.12700E+01  5.99646E+02
  9.12800E+01  5.99608E+02
  9.12900E+01  5.99569E+02
  9.13000E+01  5.99530E+02
  9.13100E+01  5.99491E+02
  9.13200E+01  5.99453E+02
  9.13300E+01  5.99414E+02
  9.13400E+01  5.99376E+02
  9.13500E+01  5.99337E+02
  9.13600E+01  5.99298E+02
  9.13700E+01  5.99260E+02
  9.13800E+01  5.99221E+02
  9.13900E+01  5.99183E+02
  9.14000E+01  5.99144E+02
  9.14100E+01  5.99105E+02
  9.14200E+01  5.99067E+02
  9.14300E+01  5.99028E+02
  9.14400E+01  5.98990E+02
  9.14500E+01  5.98951E+02
  9.14600E+01  5.98913E+02
  9.14700E+01  5.98875E+02
  9.14800E+01  5.98836E+02
  9.14900E+01  5.98798E+02
  9.15000E+01  5.98759E+02
  9.15100E+01  5.98721E+02
  9.15200E+01  5.98682E+02
  9.15300E+01  5.98644E+02
  9.15400E+01  5.98606E+02
  9.15500E+01  5.98567E+02
  9.15600E+01  5.98529E+02
  9.15700E+01  5.98491E+02
  9.15800E+01  5.98452E+02
  9.15900E+01  5.98414E+02
  9.16000E+01  5.98376E+02
  9.16100E+01  5.98338E+02
  9.16200E+01  5.98299E+02
  9.16300E+01  5.98261E+02
  9.16400E+01  5.98223E+02
  9.16500E+01  5.98185E+02
  9.16600E+01  5.98147E+02
  9.16700E+01  5.98108E+02
  9.16800E+01  5.98070E+02
  9.16900E+01  5.98032E+02
  9.17000E+01  5.97994E+02
  9.17100E+01  5.97956E+02
  9.17200E+01  5.97918E+02
  9.17300E+01  5.97880E+02
  9.17400E+01  5.97842E+02
  9.17500E+01  5.97804E+02
  9.17600E+01  5.97765E+02
  9.17700E+01  5.97727E+02
  9.17800E+01  5.97689E+02
  9.17900E+01  5.97651E+02
  9.18000E+01  5.97613E+02
  9.18100E+01  5.97575E+02
  9.18200E+01  5.97537E+02
  9.18300E+01  5.97499E+02
  9.18400E+01  5.97462E+02
  9.18500E+01  5.97424E+02
  9.18600E+01  5.97386E+02
  9.18700E+01  5.97348E+02
  9.18800E+01  5.97310E+02
  9.18900E+01  5.97272E+02
  9.19000E+01  5.97234E+02
  9.19100E+01  5.97196E+02
  9.19200E+01  5.97159E+02
  9.19300E+01  5.97121E+02
  9.19400E+01  5.97083E+02
  9.19500E+01  5.97045E+02
  9.19600E+01  5.97007E+02
  9.19700E+01  5.96970E+02
  9.19800E+01  5.96932E+02
  9.19900E+01  5.96894E+02
  9.20000E+01  5.96856E+02
  9.20100E+01  5.96819E+02
  9.20200E+01  5.96781E+02
  9.20300E+01  5.96743E+02
  9.20400E+01  5.96706E+02
  9.20500E+01  5.96668E+02
  9.20600E+01  5.96630E+02
  9.20700E+01  5.96593E+02
  9.20800E+01  5.96555E+02
  9.20900E+01  5.96517E+02
  9.21000E+01  5.96480E+02
  9.21100E+01  5.96442E+02
  9.21200E+01  5.96405E+02
  9.21300E+01  5.96367E+02
  9.21400E+01  5.96330E+02
  9.21500E+01  5.96292E+02
  9.21600E+01  5.96255E+02
  9.21700E+01  5.96217E+02
  9.21800E+01  5.96180E+02
  9.21900E+01  5.96142E+02
  9.22000E+01  5.96105E+02
  9.22100E+01  5.96067E+02
  9.22200E+01  5.96030E+02
  9.22300E+01  5.95992E+02
  9.22400E+01  5.95955E+02
  9.22500E+01  5.95918E+02
  9.22600E+01  5.95880E+02
  9.22700E+01  5.95843E+02
  9.22800E+01  5.95806E+02
  9.22900E+01  5.95768E+02
  9.23000E+01  5.95731E+02
  9.23100E+01  5.95694E+02
  9.23200E+01  5.95656E+02
  9.23300E+01  5.95619E+02
  9.23400E+01  5.95582E+02
  9.23500E+01  5.95545E+02
  9.23600E+01  5.95507E+02
  9.23700E+01  5.95470E+02
  9.23800E+01  5.95433E+02
  9.23900E+01  5.95396E+02
  9.24000E+01  5.95359E+02
  9.24100E+01  5.95321E+02
  9.24200E+01  5.95284E+02
  9.24300E+01  5.95247E+02
  9.24400E+01  5.95210E+02
  9.24500E+01  5.95173E+02
  9.24600E+01  5.95136E+02
  9.24700E+01  5.95099E+02
  9.24800E+01  5.95062E+02
  9.24900E+01  5.95024E+02
  9.25000E+01  5.94987E+02
  9.25100E+01  5.94950E+02
  9.25200E+01  5.94913E+02
  9.25300E+01  5.94876E+02
  9.25400E+01  5.94839E+02
  9.25500E+01  5.94802E+02
  9.25600E+01  5.94765E+02
  9.25700E+01  5.94728E+02
  9.25800E+01  5.94691E+02
  9.25900E+01  5.94654E+02
  9.26000E+01  5.94618E+02
  9.26100E+01  5.94581E+02
  9.26200E+01  5.94544E+02
  9.26300E+01  5.94507E+02
  9.26400E+01  5.94470E+02
  9.26500E+01  5.94433E+02
  9.26600E+01  5.94396E+02
  9.26700E+01  5.94359E+02
  9.26800E+01  5.94323E+02
  9.26900E+01  5.94286E+02
  9.27000E+01  5.94249E+02
  9.27100E+01  5.94212E+02
  9.27200E+01  5.94176E+02
  9.27300E+01  5.94139E+02
  9.27400E+01  5.94102E+02
  9.27500E+01  5.94065E+02
  9.27600E+01  5.94029E+02
  9.27700E+01  5.93992E+02
  9.27800E+01  5.93955E+02
  9.27900E+01  5.93919E+02
  9.28000E+01  5.93882E+02
  9.28100E+01  5.93845E+02
  9.28200E+01  5.93809E+02
  9.28300E+01  5.93772E+02
  9.28400E+01  5.93735E+02
  9.28500E+01  5.93699E+02
  9.28600E+01  5.93662E+02
  9.28700E+01  5.93626E+02
  9.28800E+01  5.93589E+02
  9.28900E+01  5.93552E+02
  9.29000E+01  5.93516E+02
  9.29100E+01  5.93479E+02
  9.29200E+01  5.93443E+02
  9.29300E+01  5.93406E+02
  9.29400E+01  5.93370E+02
  9.29500E+01  5.93333E+02
  9.29600E+01  5.93297E+02
  9.29700E+01  5.93261E+02
  9.29800E+01  5.93224E+02
  9.29900E+01  5.93188E+02
  9.30000E+01  5.93151E+02
  9.30100E+01  5.93115E+02
  9.30200E+01  5.93079E+02
  9.30300E+01  5.93042E+02
  9.30400E+01  5.93006E+02
  9.30500E+01  5.92970E+02
  9.30600E+01  5.92933E+02
  9.30700E+01  5.92897E+02
  9.30800E+01  5.92861E+02
  9.30900E+01  5.92824E+02
  9.31000E+01  5.92788E+02
  9.31100E+01  5.92752E+02
  9.31200E+01  5.92715E+02
  9.31300E+01  5.92679E+02
  9.31400E+01  5.92643E+02
  9.31500E+01  5.92607E+02
  9.31600E+01  5.92571E+02
  9.31700E+01  5.92534E+02
  9.31800E+01  5.92498E+02
  9.31900E+01  5.92462E+02
  9.32000E+01  5.92426E+02
  9.32100E+01  5.92390E+02
  9.32200E+01  5.92354E+02
  9.32300E+01  5.92318E+02
  9.32400E+01  5.92281E+02
  9.32500E+01  5.92245E+02
  9.32600E+01  5.92209E+02
  9.32700E+01  5.92173E+02
  9.32800E+01  5.92137E+02
  9.32900E+01  5.92101E+02
  9.33000E+01  5.92065E+02
  9.33100E+01  5.92029E+02
  9.33200E+01  5.91993E+02
  9.33300E+01  5.91957E+02
  9.33400E+01  5.91921E+02
  9.33500E+01  5.91885E+02
  9.33600E+01  5.91849E+02
  9.33700E+01  5.91813E+02
  9.33800E+01  5.91777E+02
  9.33900E+01  5.91741E+02
  9.34000E+01  5.91706E+02
  9.34100E+01  5.91670E+02
  9.34200E+01  5.91634E+02
  9.34300E+01  5.91598E+02
  9.34400E+01  5.91562E+02
  9.34500E+01  5.91526E+02
  9.34600E+01  5.91490E+02
  9.34700E+01  5.91455E+02
  9.34800E+01  5.91419E+02
  9.34900E+01  5.91383E+02
  9.35000E+01  5.91347E+02
  9.35100E+01  5.91311E+02
  9.35200E+01  5.91276E+02
  9.35300E+01  5.91240E+02
  9.35400E+01  5.91204E+02
  9.35500E+01  5.91169E+02
  9.35600E+01  5.91133E+02
  9.35700E+01  5.91097E+02
  9.35800E+01  5.91061E+02
  9.35900E+01  5.91026E+02
  9.36000E+01  5.90990E+02
  9.36100E+01  5.90955E+02
  9.36200E+01  5.90919E+02
  9.36300E+01  5.90883E+02
  9.36400E+01  5.90848E+02
  9.36500E+01  5.90812E+02
  9.36600E+01  5.90777E+02
  9.36700E+01  5.90741E+02
  9.36800E+01  5.90705E+02
  9.36900E+01  5.90670E+02
  9.37000E+01  5.90634E+02
  9.37100E+01  5.90599E+02
  9.37200E+01  5.90563E+02
  9.37300E+01  5.90528E+02
  9.37400E+01  5.90492E+02
  9.37500E+01  5.90457E+02
  9.37600E+01  5.90421E+02
  9.37700E+01  5.90386E+02
  9.37800E+01  5.90351E+02
  9.37900E+01  5.90315E+02
  9.38000E+01  5.90280E+02
  9.38100E+01  5.90244E+02
  9.38200E+01  5.90209E+02
  9.38300E+01  5.90174E+02
  9.38400E+01  5.90138E+02
  9.38500E+01  5.90103E+02
  9.38600E+01  5.90068E+02
  9.38700E+01  5.90032E+02
  9.38800E+01  5.89997E+02
  9.38900E+01  5.89962E+02
  9.39000E+01  5.89926E+02
  9.39100E+01  5.89891E+02
  9.39200E+01  5.89856E+02
  9.39300E+01  5.89821E+02
  9.39400E+01  5.89785E+02
  9.39500E+01  5.89750E+02
  9.39600E+01  5.89715E+02
  9.39700E+01  5.89680E+02
  9.39800E+01  5.89644E+02
  9.39900E+01  5.89609E+02
  9.40000E+01  5.89574E+02
  9.40100E+01  5.89539E+02
  9.40200E+01  5.89504E+02
  9.40300E+01  5.89469E+02
  9.40400E+01  5.89434E+02
  9.40500E+01  5.89398E+02
  9.40600E+01  5.89363E+02
  9.40700E+01  5.89328E+02
  9.40800E+01  5.89293E+02
  9.40900E+01  5.89258E+02
  9.41000E+01  5.89223E+02
  9.41100E+01  5.89188E+02
  9.41200E+01  5.89153E+02
  9.41300E+01  5.89118E+02
  9.41400E+01  5.89083E+02
  9.41500E+01  5.89048E+02
  9.41600E+01  5.89013E+02
  9.41700E+01  5.88978E+02
  9.41800E+01  5.88943E+02
  9.41900E+01  5.88908E+02
  9.42000E+01  5.88873E+02
  9.42100E+01  5.88838E+02
  9.42200E+01  5.88804E+02
  9.42300E+01  5.88769E+02
  9.42400E+01  5.88734E+02
  9.42500E+01  5.88699E+02
  9.42600E+01  5.88664E+02
  9.42700E+01  5.88629E+02
  9.42800E+01  5.88594E+02
  9.42900E+01  5.88560E+02
  9.43000E+01  5.88525E+02
  9.43100E+01  5.88490E+02
  9.43200E+01  5.88455E+02
  9.43300E+01  5.88420E+02
  9.43400E+01  5.88386E+02
  9.43500E+01  5.88351E+02
  9.43600E+01  5.88316E+02
  9.43700E+01  5.88281E+02
  9.43800E+01  5.88247E+02
  9.43900E+01  5.88212E+02
  9.44000E+01  5.88177E+02
  9.44100E+01  5.88143E+02
  9.44200E+01  5.88108E+02
  9.44300E+01  5.88073E+02
  9.44400E+01  5.88039E+02
  9.44500E+01  5.88004E+02
  9.44600E+01  5.87969E+02
  9.44700E+01  5.87935E+02
  9.44800E+01  5.87900E+02
  9.44900E+01  5.87866E+02
  9.45000E+01  5.87831E+02
  9.45100E+01  5.87796E+02
  9.45200E+01  5.87762E+02
  9.45300E+01  5.87727E+02
  9.45400E+01  5.87693E+02
  9.45500E+01  5.87658E+02
  9.45600E+01  5.87624E+02
  9.45700E+01  5.87589E+02
  9.45800E+01  5.87555E+02
  9.45900E+01  5.87520E+02
  9.46000E+01  5.87486E+02
  9.46100E+01  5.87451E+02
  9.46200E+01  5.87417E+02
  9.46300E+01  5.87383E+02
  9.46400E+01  5.87348E+02
  9.46500E+01  5.87314E+02
  9.46600E+01  5.87279E+02
  9.46700E+01  5.87245E+02
  9.46800E+01  5.87211E+02
  9.46900E+01  5.87176E+02
  9.47000E+01  5.87142E+02
  9.47100E+01  5.87108E+02
  9.47200E+01  5.87073E+02
  9.47300E+01  5.87039E+02
  9.47400E+01  5.87005E+02
  9.47500E+01  5.86970E+02
  9.47600E+01  5.86936E+02
  9.47700E+01  5.86902E+02
  9.47800E+01  5.86868E+02
  9.47900E+01  5.86833E+02
  9.48000E+01  5.86799E+02
  9.48100E+01  5.86765E+02
  9.48200E+01  5.86731E+02
  9.48300E+01  5.86697E+02
  9.48400E+01  5.86662E+02
  9.48500E+01  5.86628E+02
  9.48600E+01  5.86594E+02
  9.48700E+01  5.86560E+02
  9.48800E+01  5.86526E+02
  9.48900E+01  5.86492E+02
  9.49000E+01  5.86458E+02
  9.49100E+01  5.86423E+02
  9.49200E+01  5.86389E+02
  9.49300E+01  5.86355E+02
  9.49400E+01  5.86321E+02
  9.49500E+01  5.86287E+02
  9.49600E+01  5.86253E+02
  9.49700E+01  5.86219E+02
  9.49800E+01  5.86185E+02
  9.49900E+01  5.86151E+02
  9.50000E+01  5.86117E+02
  9.50100E+01  5.86083E+02
  9.50200E+01  5.86049E+02
  9.50300E+01  5.86015E+02
  9.50400E+01  5.85981E+02
  9.50500E+01  5.85947E+02
  9.50600E+01  5.85913E+02
  9.50700E+01  5.85879E+02
  9.50800E+01  5.85846E+02
  9.50900E+01  5.85812E+02
  9.51000E+01  5.85778E+02
  9.51100E+01  5.85744E+02
  9.51200E+01  5.85710E+02
  9.51300E+01  5.85676E+02
  9.51400E+01  5.85642E+02
  9.51500E+01  5.85608E+02
  9.51600E+01  5.85575E+02
  9.51700E+01  5.85541E+02
  9.51800E+01  5.85507E+02
  9.51900E+01  5.85473E+02
  9.52000E+01  5.85439E+02
  9.52100E+01  5.85406E+02
  9.52200E+01  5.85372E+02
  9.52300E+01  5.85338E+02
  9.52400E+01  5.85305E+02
  9.52500E+01  5.85271E+02
  9.52600E+01  5.85237E+02
  9.52700E+01  5.85203E+02
  9.52800E+01  5.85170E+02
  9.52900E+01  5.85136E+02
  9.53000E+01  5.85102E+02
  9.53100E+01  5.85069E+02
  9.53200E+01  5.85035E+02
  9.53300E+01  5.85001E+02
  9.53400E+01  5.84968E+02
  9.53500E+01  5.84934E+02
  9.53600E+01  5.84901E+02
  9.53700E+01  5.84867E+02
  9.53800E+01  5.84833E+02
  9.53900E+01  5.84800E+02
  9.54000E+01  5.84766E+02
  9.54100E+01  5.84733E+02
  9.54200E+01  5.84699E+02
  9.54300E+01  5.84666E+02
  9.54400E+01  5.84632E+02
  9.54500E+01  5.84599E+02
  9.54600E+01  5.84565E+02
  9.54700E+01  5.84532E+02
  9.54800E+01  5.84498E+02
  9.54900E+01  5.84465E+02
  9.55000E+01  5.84431E+02
  9.55100E+01  5.84398E+02
  9.55200E+01  5.84365E+02
  9.55300E+01  5.84331E+02
  9.55400E+01  5.84298E+02
  9.55500E+01  5.84264E+02
  9.55600E+01  5.84231E+02
  9.55700E+01  5.84198E+02
  9.55800E+01  5.84164E+02
  9.55900E+01  5.84131E+02
  9.56000E+01  5.84098E+02
  9.56100E+01  5.84064E+02
  9.56200E+01  5.84031E+02
  9.56300E+01  5.83998E+02
  9.56400E+01  5.83964E+02
  9.56500E+01  5.83931E+02
  9.56600E+01  5.83898E+02
  9.56700E+01  5.83865E+02
  9.56800E+01  5.83831E+02
  9.56900E+01  5.83798E+02
  9.57000E+01  5.83765E+02
  9.57100E+01  5.83732E+02
  9.57200E+01  5.83699E+02
  9.57300E+01  5.83665E+02
  9.57400E+01  5.83632E+02
  9.57500E+01  5.83599E+02
  9.57600E+01  5.83566E+02
  9.57700E+01  5.83533E+02
  9.57800E+01  5.83500E+02
  9.57900E+01  5.83466E+02
  9.58000E+01  5.83433E+02
  9.58100E+01  5.83400E+02
  9.58200E+01  5.83367E+02
  9.58300E+01  5.83334E+02
  9.58400E+01  5.83301E+02
  9.58500E+01  5.83268E+02
  9.58600E+01  5.83235E+02
  9.58700E+01  5.83202E+02
  9.58800E+01  5.83169E+02
  9.58900E+01  5.83136E+02
  9.59000E+01  5.83103E+02
  9.59100E+01  5.83070E+02
  9.59200E+01  5.83037E+02
  9.59300E+01  5.83004E+02
  9.59400E+01  5.82971E+02
  9.59500E+01  5.82938E+02
  9.59600E+01  5.82905E+02
  9.59700E+01  5.82872E+02
  9.59800E+01  5.82839E+02
  9.59900E+01  5.82806E+02
  9.60000E+01  5.82773E+02
  9.60100E+01  5.82740E+02
  9.60200E+01  5.82707E+02
  9.60300E+01  5.82675E+02
  9.60400E+01  5.82642E+02
  9.60500E+01  5.82609E+02
  9.60600E+01  5.82576E+02
  9.60700E+01  5.82543E+02
  9.60800E+01  5.82510E+02
  9.60900E+01  5.82478E+02
  9.61000E+01  5.82445E+02
  9.61100E+01  5.82412E+02
  9.61200E+01  5.82379E+02
  9.61300E+01  5.82347E+02
  9.61400E+01  5.82314E+02
  9.61500E+01  5.82281E+02
  9.61600E+01  5.82248E+02
  9.61700E+01  5.82216E+02
  9.61800E+01  5.82183E+02
  9.61900E+01  5.82150E+02
  9.62000E+01  5.82117E+02
  9.62100E+01  5.82085E+02
  9.62200E+01  5.82052E+02
  9.62300E+01  5.82019E+02
  9.62400E+01  5.81987E+02
  9.62500E+01  5.81954E+02
  9.62600E+01  5.81922E+02
  9.62700E+01  5.81889E+02
  9.62800E+01  5.81856E+02
  9.62900E+01  5.81824E+02
  9.63000E+01  5.81791E+02
  9.63100E+01  5.81759E+02
  9.63200E+01  5.81726E+02
  9.63300E+01  5.81693E+02
  9.63400E+01  5.81661E+02
  9.63500E+01  5.81628E+02
  9.63600E+01  5.81596E+02
  9.63700E+01  5.81563E+02
  9.63800E+01  5.81531E+02
  9.63900E+01  5.81498E+02
  9.64000E+01  5.81466E+02
  9.64100E+01  5.81433E+02
  9.64200E+01  5.81401E+02
  9.64300E+01  5.81369E+02
  9.64400E+01  5.81336E+02
  9.64500E+01  5.81304E+02
  9.64600E+01  5.81271E+02
  9.64700E+01  5.81239E+02
  9.64800E+01  5.81206E+02
  9.64900E+01  5.81174E+02
  9.65000E+01  5.81142E+02
  9.65100E+01  5.81109E+02
  9.65200E+01  5.81077E+02
  9.65300E+01  5.81045E+02
  9.65400E+01  5.81012E+02
  9.65500E+01  5.80980E+02
  9.65600E+01  5.80948E+02
  9.65700E+01  5.80915E+02
  9.65800E+01  5.80883E+02
  9.65900E+01  5.80851E+02
  9.66000E+01  5.80819E+02
  9.66100E+01  5.80786E+02
  9.66200E+01  5.80754E+02
  9.66300E+01  5.80722E+02
  9.66400E+01  5.80690E+02
  9.66500E+01  5.80657E+02
  9.66600E+01  5.80625E+02
  9.66700E+01  5.80593E+02
  9.66800E+01  5.80561E+02
  9.66900E+01  5.80529E+02
  9.67000E+01  5.80496E+02
  9.67100E+01  5.80464E+02
  9.67200E+01  5.80432E+02
  9.67300E+01  5.80400E+02
  9.67400E+01  5.80368E+02
  9.67500E+01  5.80336E+02
  9.67600E+01  5.80304E+02
  9.67700E+01  5.80272E+02
  9.67800E+01  5.80239E+02
  9.67900E+01  5.80207E+02
  9.68000E+01  5.80175E+02
  9.68100E+01  5.80143E+02
  9.68200E+01  5.80111E+02
  9.68300E+01  5.80079E+02
  9.68400E+01  5.80047E+02
  9.68500E+01  5.80015E+02
  9.68600E+01  5.79983E+02
  9.68700E+01  5.79951E+02
  9.68800E+01  5.79919E+02
  9.68900E+01  5.79887E+02
  9.69000E+01  5.79855E+02
  9.69100E+01  5.79823E+02
  9.69200E+01  5.79791E+02
  9.69300E+01  5.79759E+02
  9.69400E+01  5.79727E+02
  9.69500E+01  5.79695E+02
  9.69600E+01  5.79664E+02
  9.69700E+01  5.79632E+02
  9.69800E+01  5.79600E+02
  9.69900E+01  5.79568E+02
  9.70000E+01  5.79536E+02
  9.70100E+01  5.79504E+02
  9.70200E+01  5.79472E+02
  9.70300E+01  5.79441E+02
  9.70400E+01  5.79409E+02
  9.70500E+01  5.79377E+02
  9.70600E+01  5.79345E+02
  9.70700E+01  5.79313E+02
  9.70800E+01  5.79282E+02
  9.70900E+01  5.79250E+02
  9.71000E+01  5.79218E+02
  9.71100E+01  5.79186E+02
  9.71200E+01  5.79154E+02
  9.71300E+01  5.79123E+02
  9.71400E+01  5.79091E+02
  9.71500E+01  5.79059E+02
  9.71600E+01  5.79028E+02
  9.71700E+01  5.78996E+02
  9.71800E+01  5.78964E+02
  9.71900E+01  5.78933E+02
  9.72000E+01  5.78901E+02
  9.72100E+01  5.78869E+02
  9.72200E+01  5.78838E+02
  9.72300E+01  5.78806E+02
  9.72400E+01  5.78774E+02
  9.72500E+01  5.78743E+02
  9.72600E+01  5.78711E+02
  9.72700E+01  5.78680E+02
  9.72800E+01  5.78648E+02
  9.72900E+01  5.78616E+02
  9.73000E+01  5.78585E+02
  9.73100E+01  5.78553E+02
  9.73200E+01  5.78522E+02
  9.73300E+01  5.78490E+02
  9.73400E+01  5.78459E+02
  9.73500E+01  5.78427E+02
  9.73600E+01  5.78396E+02
  9.73700E+01  5.78364E+02
  9.73800E+01  5.78333E+02
  9.73900E+01  5.78301E+02
  9.74000E+01  5.78270E+02
  9.74100E+01  5.78238E+02
  9.74200E+01  5.78207E+02
  9.74300E+01  5.78175E+02
  9.74400E+01  5.78144E+02
  9.74500E+01  5.78113E+02
  9.74600E+01  5.78081E+02
  9.74700E+01  5.78050E+02
  9.74800E+01  5.78018E+02
  9.74900E+01  5.77987E+02
  9.75000E+01  5.77956E+02
  9.75100E+01  5.77924E+02
  9.75200E+01  5.77893E+02
  9.75300E+01  5.77862E+02
  9.75400E+01  5.77830E+02
  9.75500E+01  5.77799E+02
  9.75600E+01  5.77768E+02
  9.75700E+01  5.77736E+02
  9.75800E+01  5.77705E+02
  9.75900E+01  5.77674E+02
  9.76000E+01  5.77642E+02
  9.76100E+01  5.77611E+02
  9.76200E+01  5.77580E+02
  9.76300E+01  5.77549E+02
  9.76400E+01  5.77518E+02
  9.76500E+01  5.77486E+02
  9.76600E+01  5.77455E+02
  9.76700E+01  5.77424E+02
  9.76800E+01  5.77393E+02
  9.76900E+01  5.77361E+02
  9.77000E+01  5.77330E+02
  9.77100E+01  5.77299E+02
  9.77200E+01  5.77268E+02
  9.77300E+01  5.77237E+02
  9.77400E+01  5.77206E+02
  9.77500E+01  5.77175E+02
  9.77600E+01  5.77143E+02
  9.77700E+01  5.77112E+02
  9.77800E+01  5.77081E+02
  9.77900E+01  5.77050E+02
  9.78000E+01  5.77019E+02
  9.78100E+01  5.76988E+02
  9.78200E+01  5.76957E+02
  9.78300E+01  5.76926E+02
  9.78400E+01  5.76895E+02
  9.78500E+01  5.76864E+02
  9.78600E+01  5.76833E+02
  9.78700E+01  5.76802E+02
  9.78800E+01  5.76771E+02
  9.78900E+01  5.76740E+02
  9.79000E+01  5.76709E+02
  9.79100E+01  5.76678E+02
  9.79200E+01  5.76647E+02
  9.79300E+01  5.76616E+02
  9.79400E+01  5.76585E+02
  9.79500E+01  5.76554E+02
  9.79600E+01  5.76523E+02
  9.79700E+01  5.76492E+02
  9.79800E+01  5.76461E+02
  9.79900E+01  5.76431E+02
  9.80000E+01  5.76400E+02
  9.80100E+01  5.76369E+02
  9.80200E+01  5.76338E+02
  9.80300E+01  5.76307E+02
  9.80400E+01  5.76276E+02
  9.80500E+01  5.76245E+02
  9.80600E+01  5.76215E+02
  9.80700E+01  5.76184E+02
  9.80800E+01  5.76153E+02
  9.80900E+01  5.76122E+02
  9.81000E+01  5.76091E+02
  9.81100E+01  5.76061E+02
  9.81200E+01  5.76030E+02
  9.81300E+01  5.75999E+02
  9.81400E+01  5.75968E+02
  9.81500E+01  5.75938E+02
  9.81600E+01  5.75907E+02
  9.81700E+01  5.75876E+02
  9.81800E+01  5.75845E+02
  9.81900E+01  5.75815E+02
  9.82000E+01  5.75784E+02
  9.82100E+01  5.75753E+02
  9.82200E+01  5.75723E+02
  9.82300E+01  5.75692E+02
  9.82400E+01  5.75661E+02
  9.82500E+01  5.75631E+02
  9.82600E+01  5.75600E+02
  9.82700E+01  5.75569E+02
  9.82800E+01  5.75539E+02
  9.82900E+01  5.75508E+02
  9.83000E+01  5.75478E+02
  9.83100E+01  5.75447E+02
  9.83200E+01  5.75416E+02
  9.83300E+01  5.75386E+02
  9.83400E+01  5.75355E+02
  9.83500E+01  5.75325E+02
  9.83600E+01  5.75294E+02
  9.83700E+01  5.75264E+02
  9.83800E+01  5.75233E+02
  9.83900E+01  5.75203E+02
  9.84000E+01  5.75172E+02
  9.84100E+01  5.75142E+02
  9.84200E+01  5.75111E+02
  9.84300E+01  5.75081E+02
  9.84400E+01  5.75050E+02
  9.84500E+01  5.75020E+02
  9.84600E+01  5.74989E+02
  9.84700E+01  5.74959E+02
  9.84800E+01  5.74928E+02
  9.84900E+01  5.74898E+02
  9.85000E+01  5.74867E+02
  9.85100E+01  5.74837E+02
  9.85200E+01  5.74807E+02
  9.85300E+01  5.74776E+02
  9.85400E+01  5.74746E+02
  9.85500E+01  5.74716E+02
  9.85600E+01  5.74685E+02
  9.85700E+01  5.74655E+02
  9.85800E+01  5.74624E+02
  9.85900E+01  5.74594E+02
  9.86000E+01  5.74564E+02
  9.86100E+01  5.74533E+02
  9.86200E+01  5.74503E+02
  9.86300E+01  5.74473E+02
  9.86400E+01  5.74443E+02
  9.86500E+01  5.74412E+02
  9.86600E+01  5.74382E+02
  9.86700E+01  5.74352E+02
  9.86800E+01  5.74322E+02
  9.86900E+01  5.74291E+02
  9.87000E+01  5.74261E+02
  9.87100E+01  5.74231E+02
  9.87200E+01  5.74201E+02
  9.87300E+01  5.74170E+02
  9.87400E+01  5.74140E+02
  9.87500E+01  5.74110E+02
  9.87600E+01  5.74080E+02
  9.87700E+01  5.74050E+02
  9.87800E+01  5.74020E+02
  9.87900E+01  5.73989E+02
  9.88000E+01  5.73959E+02
  9.88100E+01  5.73929E+02
  9.88200E+01  5.73899E+02
  9.88300E+01  5.73869E+02
  9.88400E+01  5.73839E+02
  9.88500E+01  5.73809E+02
  9.88600E+01  5.73779E+02
  9.88700E+01  5.73748E+02
  9.88800E+01  5.73718E+02
  9.88900E+01  5.73688E+02
  9.89000E+01  5.73658E+02
  9.89100E+01  5.73628E+02
  9.89200E+01  5.73598E+02
  9.89300E+01  5.73568E+02
  9.89400E+01  5.73538E+02
  9.89500E+01  5.73508E+02
  9.89600E+01  5.73478E+02
  9.89700E+01  5.73448E+02
  9.89800E+01  5.73418E+02
  9.89900E+01  5.73388E+02
  9.90000E+01  5.73358E+02
  9.90100E+01  5.73328E+02
  9.90200E+01  5.73298E+02
  9.90300E+01  5.73268E+02
  9.90400E+01  5.73238E+02
  9.90500E+01  5.73209E+02
  9.90600E+01  5.73179E+02
  9.90700E+01  5.73149E+02
  9.90800E+01  5.73119E+02
  9.90900E+01  5.73089E+02
  9.91000E+01  5.73059E+02
  9.91100E+01  5.73029E+02
  9.91200E+01  5.72999E+02
  9.91300E+01  5.72970E+02
  9.91400E+01  5.72940E+02
  9.91500E+01  5.72910E+02
  9.91600E+01  5.72880E+02
  9.91700E+01  5.72850E+02
  9.91800E+01  5.72820E+02
  9.91900E+01  5.72791E+02
  9.92000E+01  5.72761E+02
  9.92100E+01  5.72731E+02
  9.92200E+01  5.72701E+02
  9.92300E+01  5.72672E+02
  9.92400E+01  5.72642E+02
  9.92500E+01  5.72612E+02
  9.92600E+01  5.72582E+02
  9.92700E+01  5.72553E+02
  9.92800E+01  5.72523E+02
  9.92900E+01  5.72493E+02
  9.93000E+01  5.72463E+02
  9.93100E+01  5.72434E+02
  9.93200E+01  5.72404E+02
  9.93300E+01  5.72374E+02
  9.93400E+01  5.72345E+02
  9.93500E+01  5.72315E+02
  9.93600E+01  5.72285E+02
  9.93700E+01  5.72256E+02
  9.93800E+01  5.72226E+02
  9.93900E+01  5.72197E+02
  9.94000E+01  5.72167E+02
  9.94100E+01  5.72137E+02
  9.94200E+01  5.72108E+02
  9.94300E+01  5.72078E+02
  9.94400E+01  5.72049E+02
  9.94500E+01  5.72019E+02
  9.94600E+01  5.71990E+02
  9.94700E+01  5.71960E+02
  9.94800E+01  5.71930E+02
  9.94900E+01  5.71901E+02
  9.95000E+01  5.71871E+02
  9.95100E+01  5.71842E+02
  9.95200E+01  5.71812E+02
  9.95300E+01  5.71783E+02
  9.95400E+01  5.71753E+02
  9.95500E+01  5.71724E+02
  9.95600E+01  5.71694E+02
  9.95700E+01  5.71665E+02
  9.95800E+01  5.71636E+02
  9.95900E+01  5.71606E+02
  9.96000E+01  5.71577E+02
  9.96100E+01  5.71547E+02
  9.96200E+01  5.71518E+02
  9.96300E+01  5.71488E+02
  9.96400E+01  5.71459E+02
  9.96500E+01  5.71430E+02
  9.96600E+01  5.71400E+02
  9.96700E+01  5.71371E+02
  9.96800E+01  5.71342E+02
  9.96900E+01  5.71312E+02
  9.97000E+01  5.71283E+02
  9.97100E+01  5.71253E+02
  9.97200E+01  5.71224E+02
  9.97300E+01  5.71195E+02
  9.97400E+01  5.71166E+02
  9.97500E+01  5.71136E+02
  9.97600E+01  5.71107E+02
  9.97700E+01  5.71078E+02
  9.97800E+01  5.71048E+02
  9.97900E+01  5.71019E+02
  9.98000E+01  5.70990E+02
  9.98100E+01  5.70961E+02
  9.98200E+01  5.70931E+02
  9.98300E+01  5.70902E+02
  9.98400E+01  5.70873E+02
  9.98500E+01  5.70844E+02
  9.98600E+01  5.70814E+02
  9.98700E+01  5.70785E+02
  9.98800E+01  5.70756E+02
  9.98900E+01  5.70727E+02
  9.99000E+01  5.70698E+02
  9.99100E+01  5.70669E+02
  9.99200E+01  5.70639E+02
  9.99300E+01  5.70610E+02
  9.99400E+01  5.70581E+02
  9.99500E+01  5.70552E+02
  9.99600E+01  5.70523E+02
  9.99700E+01  5.70494E+02
  9.99800E+01  5.70465E+02
  9.99900E+01  5.70436E+02
  1.00000E+02  5.70406E+02
  1.00010E+02  5.70377E+02
  1.00020E+02  5.70348E+02
  1.00030E+02  5.70319E+02
  1.00040E+02  5.70290E+02
  1.00050E+02  5.70261E+02
  1.00060E+02  5.70232E+02
  1.00070E+02  5.70203E+02
  1.00080E+02  5.70174E+02
  1.00090E+02  5.70145E+02
  1.00100E+02  5.70116E+02
  1.00110E+02  5.70087E+02
  1.00120E+02  5.70058E+02
  1.00130E+02  5.70029E+02
  1.00140E+02  5.70000E+02
  1.00150E+02  5.69971E+02
  1.00160E+02  5.69942E+02
  1.00170E+02  5.69913E+02
  1.00180E+02  5.69884E+02
  1.00190E+02  5.69855E+02
  1.00200E+02  5.69826E+02
  1.00210E+02  5.69798E+02
  1.00220E+02  5.69769E+02
  1.00230E+02  5.69740E+02
  1.00240E+02  5.69711E+02
  1.00250E+02  5.69682E+02
  1.00260E+02  5.69653E+02
  1.00270E+02  5.69624E+02
  1.00280E+02  5.69595E+02
  1.00290E+02  5.69567E+02
  1.00300E+02  5.69538E+02
  1.00310E+02  5.69509E+02
  1.00320E+02  5.69480E+02
  1.00330E+02  5.69451E+02
  1.00340E+02  5.69422E+02
  1.00350E+02  5.69394E+02
  1.00360E+02  5.69365E+02
  1.00370E+02  5.69336E+02
  1.00380E+02  5.69307E+02
  1.00390E+02  5.69279E+02
  1.00400E+02  5.69250E+02
  1.00410E+02  5.69221E+02
  1.00420E+02  5.69192E+02
  1.00430E+02  5.69164E+02
  1.00440E+02  5.69135E+02
  1.00450E+02  5.69106E+02
  1.00460E+02  5.69078E+02
  1.00470E+02  5.69049E+02
  1.00480E+02  5.69020E+02
  1.00490E+02  5.68991E+02
  1.00500E+02  5.68963E+02
  1.00510E+02  5.68934E+02
  1.00520E+02  5.68905E+02
  1.00530E+02  5.68877E+02
  1.00540E+02  5.68848E+02
  1.00550E+02  5.68820E+02
  1.00560E+02  5.68791E+02
  1.00570E+02  5.68762E+02
  1.00580E+02  5.68734E+02
  1.00590E+02  5.68705E+02
  1.00600E+02  5.68677E+02
  1.00610E+02  5.68648E+02
  1.00620E+02  5.68619E+02
  1.00630E+02  5.68591E+02
  1.00640E+02  5.68562E+02
  1.00650E+02  5.68534E+02
  1.00660E+02  5.68505E+02
  1.00670E+02  5.68477E+02
  1.00680E+02  5.68448E+02
  1.00690E+02  5.68420E+02
  1.00700E+02  5.68391E+02
  1.00710E+02  5.68363E+02
  1.00720E+02  5.68334E+02
  1.00730E+02  5.68306E+02
  1.00740E+02  5.68277E+02
  1.00750E+02  5.68249E+02
  1.00760E+02  5.68220E+02
  1.00770E+02  5.68192E+02
  1.00780E+02  5.68163E+02
  1.00790E+02  5.68135E+02
  1.00800E+02  5.68107E+02
  1.00810E+02  5.68078E+02
  1.00820E+02  5.68050E+02
  1.00830E+02  5.68021E+02
  1.00840E+02  5.67993E+02
  1.00850E+02  5.67965E+02
  1.00860E+02  5.67936E+02
  1.00870E+02  5.67908E+02
  1.00880E+02  5.67880E+02
  1.00890E+02  5.67851E+02
  1.00900E+02  5.67823E+02
  1.00910E+02  5.67795E+02
  1.00920E+02  5.67766E+02
  1.00930E+02  5.67738E+02
  1.00940E+02  5.67710E+02
  1.00950E+02  5.67681E+02
  1.00960E+02  5.67653E+02
  1.00970E+02  5.67625E+02
  1.00980E+02  5.67597E+02
  1.00990E+02  5.67568E+02
  1.01000E+02  5.67540E+02
  1.01010E+02  5.67512E+02
  1.01020E+02  5.67483E+02
  1.01030E+02  5.67455E+02
  1.01040E+02  5.67427E+02
  1.01050E+02  5.67399E+02
  1.01060E+02  5.67371E+02
  1.01070E+02  5.67342E+02
  1.01080E+02  5.67314E+02
  1.01090E+02  5.67286E+02
  1.01100E+02  5.67258E+02
  1.01110E+02  5.67230E+02
  1.01120E+02  5.67202E+02
  1.01130E+02  5.67173E+02
  1.01140E+02  5.67145E+02
  1.01150E+02  5.67117E+02
  1.01160E+02  5.67089E+02
  1.01170E+02  5.67061E+02
  1.01180E+02  5.67033E+02
  1.01190E+02  5.67005E+02
  1.01200E+02  5.66977E+02
  1.01210E+02  5.66948E+02
  1.01220E+02  5.66920E+02
  1.01230E+02  5.66892E+02
  1.01240E+02  5.66864E+02
  1.01250E+02  5.66836E+02
  1.01260E+02  5.66808E+02
  1.01270E+02  5.66780E+02
  1.01280E+02  5.66752E+02
  1.01290E+02  5.66724E+02
  1.01300E+02  5.66696E+02
  1.01310E+02  5.66668E+02
  1.01320E+02  5.66640E+02
  1.01330E+02  5.66612E+02
  1.01340E+02  5.66584E+02
  1.01350E+02  5.66556E+02
  1.01360E+02  5.66528E+02
  1.01370E+02  5.66500E+02
  1.01380E+02  5.66472E+02
  1.01390E+02  5.66444E+02
  1.01400E+02  5.66416E+02
  1.01410E+02  5.66388E+02
  1.01420E+02  5.66361E+02
  1.01430E+02  5.66333E+02
  1.01440E+02  5.66305E+02
  1.01450E+02  5.66277E+02
  1.01460E+02  5.66249E+02
  1.01470E+02  5.66221E+02
  1.01480E+02  5.66193E+02
  1.01490E+02  5.66165E+02
  1.01500E+02  5.66137E+02
  1.01510E+02  5.66110E+02
  1.01520E+02  5.66082E+02
  1.01530E+02  5.66054E+02
  1.01540E+02  5.66026E+02
  1.01550E+02  5.65998E+02
  1.01560E+02  5.65971E+02
  1.01570E+02  5.65943E+02
  1.01580E+02  5.65915E+02
  1.01590E+02  5.65887E+02
  1.01600E+02  5.65859E+02
  1.01610E+02  5.65832E+02
  1.01620E+02  5.65804E+02
  1.01630E+02  5.65776E+02
  1.01640E+02  5.65748E+02
  1.01650E+02  5.65721E+02
  1.01660E+02  5.65693E+02
  1.01670E+02  5.65665E+02
  1.01680E+02  5.65637E+02
  1.01690E+02  5.65610E+02
  1.01700E+02  5.65582E+02
  1.01710E+02  5.65554E+02
  1.01720E+02  5.65527E+02
  1.01730E+02  5.65499E+02
  1.01740E+02  5.65471E+02
  1.01750E+02  5.65444E+02
  1.01760E+02  5.65416E+02
  1.01770E+02  5.65388E+02
  1.01780E+02  5.65361E+02
  1.01790E+02  5.65333E+02
  1.01800E+02  5.65306E+02
  1.01810E+02  5.65278E+02
  1.01820E+02  5.65250E+02
  1.01830E+02  5.65223E+02
  1.01840E+02  5.65195E+02
  1.01850E+02  5.65168E+02
  1.01860E+02  5.65140E+02
  1.01870E+02  5.65112E+02
  1.01880E+02  5.65085E+02
  1.01890E+02  5.65057E+02
  1.01900E+02  5.65030E+02
  1.01910E+02  5.65002E+02
  1.01920E+02  5.64975E+02
  1.01930E+02  5.64947E+02
  1.01940E+02  5.64920E+02
  1.01950E+02  5.64892E+02
  1.01960E+02  5.64865E+02
  1.01970E+02  5.64837E+02
  1.01980E+02  5.64810E+02
  1.01990E+02  5.64782E+02
  1.02000E+02  5.64755E+02
  1.02010E+02  5.64727E+02
  1.02020E+02  5.64700E+02
  1.02030E+02  5.64672E+02
  1.02040E+02  5.64645E+02
  1.02050E+02  5.64618E+02
  1.02060E+02  5.64590E+02
  1.02070E+02  5.64563E+02
  1.02080E+02  5.64535E+02
  1.02090E+02  5.64508E+02
  1.02100E+02  5.64481E+02
  1.02110E+02  5.64453E+02
  1.02120E+02  5.64426E+02
  1.02130E+02  5.64399E+02
  1.02140E+02  5.64371E+02
  1.02150E+02  5.64344E+02
  1.02160E+02  5.64316E+02
  1.02170E+02  5.64289E+02
  1.02180E+02  5.64262E+02
  1.02190E+02  5.64234E+02
  1.02200E+02  5.64207E+02
  1.02210E+02  5.64180E+02
  1.02220E+02  5.64153E+02
  1.02230E+02  5.64125E+02
  1.02240E+02  5.64098E+02
  1.02250E+02  5.64071E+02
  1.02260E+02  5.64043E+02
  1.02270E+02  5.64016E+02
  1.02280E+02  5.63989E+02
  1.02290E+02  5.63962E+02
  1.02300E+02  5.63935E+02
  1.02310E+02  5.63907E+02
  1.02320E+02  5.63880E+02
  1.02330E+02  5.63853E+02
  1.02340E+02  5.63826E+02
  1.02350E+02  5.63798E+02
  1.02360E+02  5.63771E+02
  1.02370E+02  5.63744E+02
  1.02380E+02  5.63717E+02
  1.02390E+02  5.63690E+02
  1.02400E+02  5.63663E+02
  1.02410E+02  5.63635E+02
  1.02420E+02  5.63608E+02
  1.02430E+02  5.63581E+02
  1.02440E+02  5.63554E+02
  1.02450E+02  5.63527E+02
  1.02460E+02  5.63500E+02
  1.02470E+02  5.63473E+02
  1.02480E+02  5.63446E+02
  1.02490E+02  5.63419E+02
  1.02500E+02  5.63391E+02
  1.02510E+02  5.63364E+02
  1.02520E+02  5.63337E+02
  1.02530E+02  5.63310E+02
  1.02540E+02  5.63283E+02
  1.02550E+02  5.63256E+02
  1.02560E+02  5.63229E+02
  1.02570E+02  5.63202E+02
  1.02580E+02  5.63175E+02
  1.02590E+02  5.63148E+02
  1.02600E+02  5.63121E+02
  1.02610E+02  5.63094E+02
  1.02620E+02  5.63067E+02
  1.02630E+02  5.63040E+02
  1.02640E+02  5.63013E+02
  1.02650E+02  5.62986E+02
  1.02660E+02  5.62959E+02
  1.02670E+02  5.62932E+02
  1.02680E+02  5.62905E+02
  1.02690E+02  5.62878E+02
  1.02700E+02  5.62851E+02
  1.02710E+02  5.62825E+02
  1.02720E+02  5.62798E+02
  1.02730E+02  5.62771E+02
  1.02740E+02  5.62744E+02
  1.02750E+02  5.62717E+02
  1.02760E+02  5.62690E+02
  1.02770E+02  5.62663E+02
  1.02780E+02  5.62636E+02
  1.02790E+02  5.62609E+02
  1.02800E+02  5.62583E+02
  1.02810E+02  5.62556E+02
  1.02820E+02  5.62529E+02
  1.02830E+02  5.62502E+02
  1.02840E+02  5.62475E+02
  1.02850E+02  5.62448E+02
  1.02860E+02  5.62422E+02
  1.02870E+02  5.62395E+02
  1.02880E+02  5.62368E+02
  1.02890E+02  5.62341E+02
  1.02900E+02  5.62314E+02
  1.02910E+02  5.62288E+02
  1.02920E+02  5.62261E+02
  1.02930E+02  5.62234E+02
  1.02940E+02  5.62207E+02
  1.02950E+02  5.62181E+02
  1.02960E+02  5.62154E+02
  1.02970E+02  5.62127E+02
  1.02980E+02  5.62100E+02
  1.02990E+02  5.62074E+02
  1.03000E+02  5.62047E+02
  1.03010E+02  5.62020E+02
  1.03020E+02  5.61994E+02
  1.03030E+02  5.61967E+02
  1.03040E+02  5.61940E+02
  1.03050E+02  5.61914E+02
  1.03060E+02  5.61887E+02
  1.03070E+02  5.61860E+02
  1.03080E+02  5.61834E+02
  1.03090E+02  5.61807E+02
  1.03100E+02  5.61780E+02
  1.03110E+02  5.61754E+02
  1.03120E+02  5.61727E+02
  1.03130E+02  5.61700E+02
  1.03140E+02  5.61674E+02
  1.03150E+02  5.61647E+02
  1.03160E+02  5.61621E+02
  1.03170E+02  5.61594E+02
  1.03180E+02  5.61568E+02
  1.03190E+02  5.61541E+02
  1.03200E+02  5.61514E+02
  1.03210E+02  5.61488E+02
  1.03220E+02  5.61461E+02
  1.03230E+02  5.61435E+02
  1.03240E+02  5.61408E+02
  1.03250E+02  5.61382E+02
  1.03260E+02  5.61355E+02
  1.03270E+02  5.61329E+02
  1.03280E+02  5.61302E+02
  1.03290E+02  5.61276E+02
  1.03300E+02  5.61249E+02
  1.03310E+02  5.61223E+02
  1.03320E+02  5.61196E+02
  1.03330E+02  5.61170E+02
  1.03340E+02  5.61143E+02
  1.03350E+02  5.61117E+02
  1.03360E+02  5.61090E+02
  1.03370E+02  5.61064E+02
  1.03380E+02  5.61038E+02
  1.03390E+02  5.61011E+02
  1.03400E+02  5.60985E+02
  1.03410E+02  5.60958E+02
  1.03420E+02  5.60932E+02
  1.03430E+02  5.60905E+02
  1.03440E+02  5.60879E+02
  1.03450E+02  5.60853E+02
  1.03460E+02  5.60826E+02
  1.03470E+02  5.60800E+02
  1.03480E+02  5.60774E+02
  1.03490E+02  5.60747E+02
  1.03500E+02  5.60721E+02
  1.03510E+02  5.60695E+02
  1.03520E+02  5.60668E+02
  1.03530E+02  5.60642E+02
  1.03540E+02  5.60616E+02
  1.03550E+02  5.60589E+02
  1.03560E+02  5.60563E+02
  1.03570E+02  5.60537E+02
  1.03580E+02  5.60510E+02
  1.03590E+02  5.60484E+02
  1.03600E+02  5.60458E+02
  1.03610E+02  5.60432E+02
  1.03620E+02  5.60405E+02
  1.03630E+02  5.60379E+02
  1.03640E+02  5.60353E+02
  1.03650E+02  5.60327E+02
  1.03660E+02  5.60300E+02
  1.03670E+02  5.60274E+02
  1.03680E+02  5.60248E+02
  1.03690E+02  5.60222E+02
  1.03700E+02  5.60196E+02
  1.03710E+02  5.60169E+02
  1.03720E+02  5.60143E+02
  1.03730E+02  5.60117E+02
  1.03740E+02  5.60091E+02
  1.03750E+02  5.60065E+02
  1.03760E+02  5.60038E+02
  1.03770E+02  5.60012E+02
  1.03780E+02  5.59986E+02
  1.03790E+02  5.59960E+02
  1.03800E+02  5.59934E+02
  1.03810E+02  5.59908E+02
  1.03820E+02  5.59882E+02
  1.03830E+02  5.59856E+02
  1.03840E+02  5.59829E+02
  1.03850E+02  5.59803E+02
  1.03860E+02  5.59777E+02
  1.03870E+02  5.59751E+02
  1.03880E+02  5.59725E+02
  1.03890E+02  5.59699E+02
  1.03900E+02  5.59673E+02
  1.03910E+02  5.59647E+02
  1.03920E+02  5.59621E+02
  1.03930E+02  5.59595E+02
  1.03940E+02  5.59569E+02
  1.03950E+02  5.59543E+02
  1.03960E+02  5.59517E+02
  1.03970E+02  5.59491E+02
  1.03980E+02  5.59465E+02
  1.03990E+02  5.59439E+02
  1.04000E+02  5.59413E+02
  1.04010E+02  5.59387E+02
  1.04020E+02  5.59361E+02
  1.04030E+02  5.59335E+02
  1.04040E+02  5.59309E+02
  1.04050E+02  5.59283E+02
  1.04060E+02  5.59257E+02
  1.04070E+02  5.59231E+02
  1.04080E+02  5.59205E+02
  1.04090E+02  5.59179E+02
  1.04100E+02  5.59153E+02
  1.04110E+02  5.59127E+02
  1.04120E+02  5.59102E+02
  1.04130E+02  5.59076E+02
  1.04140E+02  5.59050E+02
  1.04150E+02  5.59024E+02
  1.04160E+02  5.58998E+02
  1.04170E+02  5.58972E+02
  1.04180E+02  5.58946E+02
  1.04190E+02  5.58920E+02
  1.04200E+02  5.58895E+02
  1.04210E+02  5.58869E+02
  1.04220E+02  5.58843E+02
  1.04230E+02  5.58817E+02
  1.04240E+02  5.58791E+02
  1.04250E+02  5.58765E+02
  1.04260E+02  5.58740E+02
  1.04270E+02  5.58714E+02
  1.04280E+02  5.58688E+02
  1.04290E+02  5.58662E+02
  1.04300E+02  5.58636E+02
  1.04310E+02  5.58611E+02
  1.04320E+02  5.58585E+02
  1.04330E+02  5.58559E+02
  1.04340E+02  5.58533E+02
  1.04350E+02  5.58508E+02
  1.04360E+02  5.58482E+02
  1.04370E+02  5.58456E+02
  1.04380E+02  5.58430E+02
  1.04390E+02  5.58405E+02
  1.04400E+02  5.58379E+02
  1.04410E+02  5.58353E+02
  1.04420E+02  5.58328E+02
  1.04430E+02  5.58302E+02
  1.04440E+02  5.58276E+02
  1.04450E+02  5.58251E+02
  1.04460E+02  5.58225E+02
  1.04470E+02  5.58199E+02
  1.04480E+02  5.58174E+02
  1.04490E+02  5.58148E+02
  1.04500E+02  5.58122E+02
  1.04510E+02  5.58097E+02
  1.04520E+02  5.58071E+02
  1.04530E+02  5.58045E+02
  1.04540E+02  5.58020E+02
  1.04550E+02  5.57994E+02
  1.04560E+02  5.57969E+02
  1.04570E+02  5.57943E+02
  1.04580E+02  5.57917E+02
  1.04590E+02  5.57892E+02
  1.04600E+02  5.57866E+02
  1.04610E+02  5.57841E+02
  1.04620E+02  5.57815E+02
  1.04630E+02  5.57790E+02
  1.04640E+02  5.57764E+02
  1.04650E+02  5.57738E+02
  1.04660E+02  5.57713E+02
  1.04670E+02  5.57687E+02
  1.04680E+02  5.57662E+02
  1.04690E+02  5.57636E+02
  1.04700E+02  5.57611E+02
  1.04710E+02  5.57585E+02
  1.04720E+02  5.57560E+02
  1.04730E+02  5.57534E+02
  1.04740E+02  5.57509E+02
  1.04750E+02  5.57483E+02
  1.04760E+02  5.57458E+02
  1.04770E+02  5.57433E+02
  1.04780E+02  5.57407E+02
  1.04790E+02  5.57382E+02
  1.04800E+02  5.57356E+02
  1.04810E+02  5.57331E+02
  1.04820E+02  5.57305E+02
  1.04830E+02  5.57280E+02
  1.04840E+02  5.57255E+02
  1.04850E+02  5.57229E+02
  1.04860E+02  5.57204E+02
  1.04870E+02  5.57178E+02
  1.04880E+02  5.57153E+02
  1.04890E+02  5.57128E+02
  1.04900E+02  5.57102E+02
  1.04910E+02  5.57077E+02
  1.04920E+02  5.57051E+02
  1.04930E+02  5.57026E+02
  1.04940E+02  5.57001E+02
  1.04950E+02  5.56975E+02
  1.04960E+02  5.56950E+02
  1.04970E+02  5.56925E+02
  1.04980E+02  5.56900E+02
  1.04990E+02  5.56874E+02
  1.05000E+02  5.56849E+02
  1.05010E+02  5.56824E+02
  1.05020E+02  5.56798E+02
  1.05030E+02  5.56773E+02
  1.05040E+02  5.56748E+02
  1.05050E+02  5.56722E+02
  1.05060E+02  5.56697E+02
  1.05070E+02  5.56672E+02
  1.05080E+02  5.56647E+02
  1.05090E+02  5.56621E+02
  1.05100E+02  5.56596E+02
  1.05110E+02  5.56571E+02
  1.05120E+02  5.56546E+02
  1.05130E+02  5.56521E+02
  1.05140E+02  5.56495E+02
  1.05150E+02  5.56470E+02
  1.05160E+02  5.56445E+02
  1.05170E+02  5.56420E+02
  1.05180E+02  5.56395E+02
  1.05190E+02  5.56369E+02
  1.05200E+02  5.56344E+02
  1.05210E+02  5.56319E+02
  1.05220E+02  5.56294E+02
  1.05230E+02  5.56269E+02
  1.05240E+02  5.56244E+02
  1.05250E+02  5.56219E+02
  1.05260E+02  5.56193E+02
  1.05270E+02  5.56168E+02
  1.05280E+02  5.56143E+02
  1.05290E+02  5.56118E+02
  1.05300E+02  5.56093E+02
  1.05310E+02  5.56068E+02
  1.05320E+02  5.56043E+02
  1.05330E+02  5.56018E+02
  1.05340E+02  5.55993E+02
  1.05350E+02  5.55968E+02
  1.05360E+02  5.55942E+02
  1.05370E+02  5.55917E+02
  1.05380E+02  5.55892E+02
  1.05390E+02  5.55867E+02
  1.05400E+02  5.55842E+02
  1.05410E+02  5.55817E+02
  1.05420E+02  5.55792E+02
  1.05430E+02  5.55767E+02
  1.05440E+02  5.55742E+02
  1.05450E+02  5.55717E+02
  1.05460E+02  5.55692E+02
  1.05470E+02  5.55667E+02
  1.05480E+02  5.55642E+02
  1.05490E+02  5.55617E+02
  1.05500E+02  5.55592E+02
  1.05510E+02  5.55567E+02
  1.05520E+02  5.55542E+02
  1.05530E+02  5.55517E+02
  1.05540E+02  5.55492E+02
  1.05550E+02  5.55467E+02
  1.05560E+02  5.55443E+02
  1.05570E+02  5.55418E+02
  1.05580E+02  5.55393E+02
  1.05590E+02  5.55368E+02
  1.05600E+02  5.55343E+02
  1.05610E+02  5.55318E+02
  1.05620E+02  5.55293E+02
  1.05630E+02  5.55268E+02
  1.05640E+02  5.55243E+02
  1.05650E+02  5.55218E+02
  1.05660E+02  5.55194E+02
  1.05670E+02  5.55169E+02
  1.05680E+02  5.55144E+02
  1.05690E+02  5.55119E+02
  1.05700E+02  5.55094E+02
  1.05710E+02  5.55069E+02
  1.05720E+02  5.55044E+02
  1.05730E+02  5.55020E+02
  1.05740E+02  5.54995E+02
  1.05750E+02  5.54970E+02
  1.05760E+02  5.54945E+02
  1.05770E+02  5.54920E+02
  1.05780E+02  5.54896E+02
  1.05790E+02  5.54871E+02
  1.05800E+02  5.54846E+02
  1.05810E+02  5.54821E+02
  1.05820E+02  5.54796E+02
  1.05830E+02  5.54772E+02
  1.05840E+02  5.54747E+02
  1.05850E+02  5.54722E+02
  1.05860E+02  5.54697E+02
  1.05870E+02  5.54673E+02
  1.05880E+02  5.54648E+02
  1.05890E+02  5.54623E+02
  1.05900E+02  5.54599E+02
  1.05910E+02  5.54574E+02
  1.05920E+02  5.54549E+02
  1.05930E+02  5.54524E+02
  1.05940E+02  5.54500E+02
  1.05950E+02  5.54475E+02
  1.05960E+02  5.54450E+02
  1.05970E+02  5.54426E+02
  1.05980E+02  5.54401E+02
  1.05990E+02  5.54376E+02
  1.06000E+02  5.54352E+02
  1.06010E+02  5.54327E+02
  1.06020E+02  5.54302E+02
  1.06030E+02  5.54278E+02
  1.06040E+02  5.54253E+02
  1.06050E+02  5.54228E+02
  1.06060E+02  5.54204E+02
  1.06070E+02  5.54179E+02
  1.06080E+02  5.54155E+02
  1.06090E+02  5.54130E+02
  1.06100E+02  5.54105E+02
  1.06110E+02  5.54081E+02
  1.06120E+02  5.54056E+02
  1.06130E+02  5.54032E+02
  1.06140E+02  5.54007E+02
  1.06150E+02  5.53983E+02
  1.06160E+02  5.53958E+02
  1.06170E+02  5.53933E+02
  1.06180E+02  5.53909E+02
  1.06190E+02  5.53884E+02
  1.06200E+02  5.53860E+02
  1.06210E+02  5.53835E+02
  1.06220E+02  5.53811E+02
  1.06230E+02  5.53786E+02
  1.06240E+02  5.53762E+02
  1.06250E+02  5.53737E+02
  1.06260E+02  5.53713E+02
  1.06270E+02  5.53688E+02
  1.06280E+02  5.53664E+02
  1.06290E+02  5.53639E+02
  1.06300E+02  5.53615E+02
  1.06310E+02  5.53590E+02
  1.06320E+02  5.53566E+02
  1.06330E+02  5.53541E+02
  1.06340E+02  5.53517E+02
  1.06350E+02  5.53493E+02
  1.06360E+02  5.53468E+02
  1.06370E+02  5.53444E+02
  1.06380E+02  5.53419E+02
  1.06390E+02  5.53395E+02
  1.06400E+02  5.53370E+02
  1.06410E+02  5.53346E+02
  1.06420E+02  5.53322E+02
  1.06430E+02  5.53297E+02
  1.06440E+02  5.53273E+02
  1.06450E+02  5.53248E+02
  1.06460E+02  5.53224E+02
  1.06470E+02  5.53200E+02
  1.06480E+02  5.53175E+02
  1.06490E+02  5.53151E+02
  1.06500E+02  5.53127E+02
  1.06510E+02  5.53102E+02
  1.06520E+02  5.53078E+02
  1.06530E+02  5.53054E+02
  1.06540E+02  5.53029E+02
  1.06550E+02  5.53005E+02
  1.06560E+02  5.52981E+02
  1.06570E+02  5.52956E+02
  1.06580E+02  5.52932E+02
  1.06590E+02  5.52908E+02
  1.06600E+02  5.52884E+02
  1.06610E+02  5.52859E+02
  1.06620E+02  5.52835E+02
  1.06630E+02  5.52811E+02
  1.06640E+02  5.52786E+02
  1.06650E+02  5.52762E+02
  1.06660E+02  5.52738E+02
  1.06670E+02  5.52714E+02
  1.06680E+02  5.52689E+02
  1.06690E+02  5.52665E+02
  1.06700E+02  5.52641E+02
  1.06710E+02  5.52617E+02
  1.06720E+02  5.52593E+02
  1.06730E+02  5.52568E+02
  1.06740E+02  5.52544E+02
  1.06750E+02  5.52520E+02
  1.06760E+02  5.52496E+02
  1.06770E+02  5.52472E+02
  1.06780E+02  5.52447E+02
  1.06790E+02  5.52423E+02
  1.06800E+02  5.52399E+02
  1.06810E+02  5.52375E+02
  1.06820E+02  5.52351E+02
  1.06830E+02  5.52327E+02
  1.06840E+02  5.52302E+02
  1.06850E+02  5.52278E+02
  1.06860E+02  5.52254E+02
  1.06870E+02  5.52230E+02
  1.06880E+02  5.52206E+02
  1.06890E+02  5.52182E+02
  1.06900E+02  5.52158E+02
  1.06910E+02  5.52134E+02
  1.06920E+02  5.52109E+02
  1.06930E+02  5.52085E+02
  1.06940E+02  5.52061E+02
  1.06950E+02  5.52037E+02
  1.06960E+02  5.52013E+02
  1.06970E+02  5.51989E+02
  1.06980E+02  5.51965E+02
  1.06990E+02  5.51941E+02
  1.07000E+02  5.51917E+02
  1.07010E+02  5.51893E+02
  1.07020E+02  5.51869E+02
  1.07030E+02  5.51845E+02
  1.07040E+02  5.51821E+02
  1.07050E+02  5.51797E+02
  1.07060E+02  5.51773E+02
  1.07070E+02  5.51749E+02
  1.07080E+02  5.51725E+02
  1.07090E+02  5.51701E+02
  1.07100E+02  5.51677E+02
  1.07110E+02  5.51653E+02
  1.07120E+02  5.51629E+02
  1.07130E+02  5.51605E+02
  1.07140E+02  5.51581E+02
  1.07150E+02  5.51557E+02
  1.07160E+02  5.51533E+02
  1.07170E+02  5.51509E+02
  1.07180E+02  5.51485E+02
  1.07190E+02  5.51461E+02
  1.07200E+02  5.51437E+02
  1.07210E+02  5.51413E+02
  1.07220E+02  5.51389E+02
  1.07230E+02  5.51365E+02
  1.07240E+02  5.51341E+02
  1.07250E+02  5.51318E+02
  1.07260E+02  5.51294E+02
  1.07270E+02  5.51270E+02
  1.07280E+02  5.51246E+02
  1.07290E+02  5.51222E+02
  1.07300E+02  5.51198E+02
  1.07310E+02  5.51174E+02
  1.07320E+02  5.51150E+02
  1.07330E+02  5.51127E+02
  1.07340E+02  5.51103E+02
  1.07350E+02  5.51079E+02
  1.07360E+02  5.51055E+02
  1.07370E+02  5.51031E+02
  1.07380E+02  5.51007E+02
  1.07390E+02  5.50984E+02
  1.07400E+02  5.50960E+02
  1.07410E+02  5.50936E+02
  1.07420E+02  5.50912E+02
  1.07430E+02  5.50888E+02
  1.07440E+02  5.50865E+02
  1.07450E+02  5.50841E+02
  1.07460E+02  5.50817E+02
  1.07470E+02  5.50793E+02
  1.07480E+02  5.50769E+02
  1.07490E+02  5.50746E+02
  1.07500E+02  5.50722E+02
  1.07510E+02  5.50698E+02
  1.07520E+02  5.50674E+02
  1.07530E+02  5.50651E+02
  1.07540E+02  5.50627E+02
  1.07550E+02  5.50603E+02
  1.07560E+02  5.50580E+02
  1.07570E+02  5.50556E+02
  1.07580E+02  5.50532E+02
  1.07590E+02  5.50508E+02
  1.07600E+02  5.50485E+02
  1.07610E+02  5.50461E+02
  1.07620E+02  5.50437E+02
  1.07630E+02  5.50414E+02
  1.07640E+02  5.50390E+02
  1.07650E+02  5.50366E+02
  1.07660E+02  5.50343E+02
  1.07670E+02  5.50319E+02
  1.07680E+02  5.50295E+02
  1.07690E+02  5.50272E+02
  1.07700E+02  5.50248E+02
  1.07710E+02  5.50224E+02
  1.07720E+02  5.50201E+02
  1.07730E+02  5.50177E+02
  1.07740E+02  5.50154E+02
  1.07750E+02  5.50130E+02
  1.07760E+02  5.50106E+02
  1.07770E+02  5.50083E+02
  1.07780E+02  5.50059E+02
  1.07790E+02  5.50036E+02
  1.07800E+02  5.50012E+02
  1.07810E+02  5.49988E+02
  1.07820E+02  5.49965E+02
  1.07830E+02  5.49941E+02
  1.07840E+02  5.49918E+02
  1.07850E+02  5.49894E+02
  1.07860E+02  5.49871E+02
  1.07870E+02  5.49847E+02
  1.07880E+02  5.49823E+02
  1.07890E+02  5.49800E+02
  1.07900E+02  5.49776E+02
  1.07910E+02  5.49753E+02
  1.07920E+02  5.49729E+02
  1.07930E+02  5.49706E+02
  1.07940E+02  5.49682E+02
  1.07950E+02  5.49659E+02
  1.07960E+02  5.49635E+02
  1.07970E+02  5.49612E+02
  1.07980E+02  5.49588E+02
  1.07990E+02  5.49565E+02
  1.08000E+02  5.49541E+02
  1.08010E+02  5.49518E+02
  1.08020E+02  5.49495E+02
  1.08030E+02  5.49471E+02
  1.08040E+02  5.49448E+02
  1.08050E+02  5.49424E+02
  1.08060E+02  5.49401E+02
  1.08070E+02  5.49377E+02
  1.08080E+02  5.49354E+02
  1.08090E+02  5.49331E+02
  1.08100E+02  5.49307E+02
  1.08110E+02  5.49284E+02
  1.08120E+02  5.49260E+02
  1.08130E+02  5.49237E+02
  1.08140E+02  5.49214E+02
  1.08150E+02  5.49190E+02
  1.08160E+02  5.49167E+02
  1.08170E+02  5.49143E+02
  1.08180E+02  5.49120E+02
  1.08190E+02  5.49097E+02
  1.08200E+02  5.49073E+02
  1.08210E+02  5.49050E+02
  1.08220E+02  5.49027E+02
  1.08230E+02  5.49003E+02
  1.08240E+02  5.48980E+02
  1.08250E+02  5.48957E+02
  1.08260E+02  5.48933E+02
  1.08270E+02  5.48910E+02
  1.08280E+02  5.48887E+02
  1.08290E+02  5.48863E+02
  1.08300E+02  5.48840E+02
  1.08310E+02  5.48817E+02
  1.08320E+02  5.48793E+02
  1.08330E+02  5.48770E+02
  1.08340E+02  5.48747E+02
  1.08350E+02  5.48724E+02
  1.08360E+02  5.48700E+02
  1.08370E+02  5.48677E+02
  1.08380E+02  5.48654E+02
  1.08390E+02  5.48631E+02
  1.08400E+02  5.48607E+02
  1.08410E+02  5.48584E+02
  1.08420E+02  5.48561E+02
  1.08430E+02  5.48538E+02
  1.08440E+02  5.48514E+02
  1.08450E+02  5.48491E+02
  1.08460E+02  5.48468E+02
  1.08470E+02  5.48445E+02
  1.08480E+02  5.48422E+02
  1.08490E+02  5.48398E+02
  1.08500E+02  5.48375E+02
  1.08510E+02  5.48352E+02
  1.08520E+02  5.48329E+02
  1.08530E+02  5.48306E+02
  1.08540E+02  5.48282E+02
  1.08550E+02  5.48259E+02
  1.08560E+02  5.48236E+02
  1.08570E+02  5.48213E+02
  1.08580E+02  5.48190E+02
  1.08590E+02  5.48167E+02
  1.08600E+02  5.48144E+02
  1.08610E+02  5.48120E+02
  1.08620E+02  5.48097E+02
  1.08630E+02  5.48074E+02
  1.08640E+02  5.48051E+02
  1.08650E+02  5.48028E+02
  1.08660E+02  5.48005E+02
  1.08670E+02  5.47982E+02
  1.08680E+02  5.47959E+02
  1.08690E+02  5.47936E+02
  1.08700E+02  5.47913E+02
  1.08710E+02  5.47889E+02
  1.08720E+02  5.47866E+02
  1.08730E+02  5.47843E+02
  1.08740E+02  5.47820E+02
  1.08750E+02  5.47797E+02
  1.08760E+02  5.47774E+02
  1.08770E+02  5.47751E+02
  1.08780E+02  5.47728E+02
  1.08790E+02  5.47705E+02
  1.08800E+02  5.47682E+02
  1.08810E+02  5.47659E+02
  1.08820E+02  5.47636E+02
  1.08830E+02  5.47613E+02
  1.08840E+02  5.47590E+02
  1.08850E+02  5.47567E+02
  1.08860E+02  5.47544E+02
  1.08870E+02  5.47521E+02
  1.08880E+02  5.47498E+02
  1.08890E+02  5.47475E+02
  1.08900E+02  5.47452E+02
  1.08910E+02  5.47429E+02
  1.08920E+02  5.47406E+02
  1.08930E+02  5.47383E+02
  1.08940E+02  5.47360E+02
  1.08950E+02  5.47337E+02
  1.08960E+02  5.47314E+02
  1.08970E+02  5.47291E+02
  1.08980E+02  5.47269E+02
  1.08990E+02  5.47246E+02
  1.09000E+02  5.47223E+02
  1.09010E+02  5.47200E+02
  1.09020E+02  5.47177E+02
  1.09030E+02  5.47154E+02
  1.09040E+02  5.47131E+02
  1.09050E+02  5.47108E+02
  1.09060E+02  5.47085E+02
  1.09070E+02  5.47062E+02
  1.09080E+02  5.47040E+02
  1.09090E+02  5.47017E+02
  1.09100E+02  5.46994E+02
  1.09110E+02  5.46971E+02
  1.09120E+02  5.46948E+02
  1.09130E+02  5.46925E+02
  1.09140E+02  5.46902E+02
  1.09150E+02  5.46880E+02
  1.09160E+02  5.46857E+02
  1.09170E+02  5.46834E+02
  1.09180E+02  5.46811E+02
  1.09190E+02  5.46788E+02
  1.09200E+02  5.46766E+02
  1.09210E+02  5.46743E+02
  1.09220E+02  5.46720E+02
  1.09230E+02  5.46697E+02
  1.09240E+02  5.46674E+02
  1.09250E+02  5.46652E+02
  1.09260E+02  5.46629E+02
  1.09270E+02  5.46606E+02
  1.09280E+02  5.46583E+02
  1.09290E+02  5.46561E+02
  1.09300E+02  5.46538E+02
  1.09310E+02  5.46515E+02
  1.09320E+02  5.46492E+02
  1.09330E+02  5.46470E+02
  1.09340E+02  5.46447E+02
  1.09350E+02  5.46424E+02
  1.09360E+02  5.46401E+02
  1.09370E+02  5.46379E+02
  1.09380E+02  5.46356E+02
  1.09390E+02  5.46333E+02
  1.09400E+02  5.46311E+02
  1.09410E+02  5.46288E+02
  1.09420E+02  5.46265E+02
  1.09430E+02  5.46242E+02
  1.09440E+02  5.46220E+02
  1.09450E+02  5.46197E+02
  1.09460E+02  5.46174E+02
  1.09470E+02  5.46152E+02
  1.09480E+02  5.46129E+02
  1.09490E+02  5.46106E+02
  1.09500E+02  5.46084E+02
  1.09510E+02  5.46061E+02
  1.09520E+02  5.46039E+02
  1.09530E+02  5.46016E+02
  1.09540E+02  5.45993E+02
  1.09550E+02  5.45971E+02
  1.09560E+02  5.45948E+02
  1.09570E+02  5.45925E+02
  1.09580E+02  5.45903E+02
  1.09590E+02  5.45880E+02
  1.09600E+02  5.45858E+02
  1.09610E+02  5.45835E+02
  1.09620E+02  5.45813E+02
  1.09630E+02  5.45790E+02
  1.09640E+02  5.45767E+02
  1.09650E+02  5.45745E+02
  1.09660E+02  5.45722E+02
  1.09670E+02  5.45700E+02
  1.09680E+02  5.45677E+02
  1.09690E+02  5.45655E+02
  1.09700E+02  5.45632E+02
  1.09710E+02  5.45610E+02
  1.09720E+02  5.45587E+02
  1.09730E+02  5.45564E+02
  1.09740E+02  5.45542E+02
  1.09750E+02  5.45519E+02
  1.09760E+02  5.45497E+02
  1.09770E+02  5.45474E+02
  1.09780E+02  5.45452E+02
  1.09790E+02  5.45429E+02
  1.09800E+02  5.45407E+02
  1.09810E+02  5.45384E+02
  1.09820E+02  5.45362E+02
  1.09830E+02  5.45340E+02
  1.09840E+02  5.45317E+02
  1.09850E+02  5.45295E+02
  1.09860E+02  5.45272E+02
  1.09870E+02  5.45250E+02
  1.09880E+02  5.45227E+02
  1.09890E+02  5.45205E+02
  1.09900E+02  5.45182E+02
  1.09910E+02  5.45160E+02
  1.09920E+02  5.45138E+02
  1.09930E+02  5.45115E+02
  1.09940E+02  5.45093E+02
  1.09950E+02  5.45070E+02
  1.09960E+02  5.45048E+02
  1.09970E+02  5.45025E+02
  1.09980E+02  5.45003E+02
  1.09990E+02  5.44981E+02
  1.10000E+02  5.44958E+02
  1.10010E+02  5.44936E+02
  1.10020E+02  5.44914E+02
  1.10030E+02  5.44891E+02
  1.10040E+02  5.44869E+02
  1.10050E+02  5.44847E+02
  1.10060E+02  5.44824E+02
  1.10070E+02  5.44802E+02
  1.10080E+02  5.44779E+02
  1.10090E+02  5.44757E+02
  1.10100E+02  5.44735E+02
  1.10110E+02  5.44712E+02
  1.10120E+02  5.44690E+02
  1.10130E+02  5.44668E+02
  1.10140E+02  5.44646E+02
  1.10150E+02  5.44623E+02
  1.10160E+02  5.44601E+02
  1.10170E+02  5.44579E+02
  1.10180E+02  5.44556E+02
  1.10190E+02  5.44534E+02
  1.10200E+02  5.44512E+02
  1.10210E+02  5.44490E+02
  1.10220E+02  5.44467E+02
  1.10230E+02  5.44445E+02
  1.10240E+02  5.44423E+02
  1.10250E+02  5.44400E+02
  1.10260E+02  5.44378E+02
  1.10270E+02  5.44356E+02
  1.10280E+02  5.44334E+02
  1.10290E+02  5.44312E+02
  1.10300E+02  5.44289E+02
  1.10310E+02  5.44267E+02
  1.10320E+02  5.44245E+02
  1.10330E+02  5.44223E+02
  1.10340E+02  5.44200E+02
  1.10350E+02  5.44178E+02
  1.10360E+02  5.44156E+02
  1.10370E+02  5.44134E+02
  1.10380E+02  5.44112E+02
  1.10390E+02  5.44090E+02
  1.10400E+02  5.44067E+02
  1.10410E+02  5.44045E+02
  1.10420E+02  5.44023E+02
  1.10430E+02  5.44001E+02
  1.10440E+02  5.43979E+02
  1.10450E+02  5.43957E+02
  1.10460E+02  5.43934E+02
  1.10470E+02  5.43912E+02
  1.10480E+02  5.43890E+02
  1.10490E+02  5.43868E+02
  1.10500E+02  5.43846E+02
  1.10510E+02  5.43824E+02
  1.10520E+02  5.43802E+02
  1.10530E+02  5.43780E+02
  1.10540E+02  5.43757E+02
  1.10550E+02  5.43735E+02
  1.10560E+02  5.43713E+02
  1.10570E+02  5.43691E+02
  1.10580E+02  5.43669E+02
  1.10590E+02  5.43647E+02
  1.10600E+02  5.43625E+02
  1.10610E+02  5.43603E+02
  1.10620E+02  5.43581E+02
  1.10630E+02  5.43559E+02
  1.10640E+02  5.43537E+02
  1.10650E+02  5.43515E+02
  1.10660E+02  5.43493E+02
  1.10670E+02  5.43471E+02
  1.10680E+02  5.43449E+02
  1.10690E+02  5.43427E+02
  1.10700E+02  5.43405E+02
  1.10710E+02  5.43383E+02
  1.10720E+02  5.43360E+02
  1.10730E+02  5.43338E+02
  1.10740E+02  5.43316E+02
  1.10750E+02  5.43294E+02
  1.10760E+02  5.43273E+02
  1.10770E+02  5.43251E+02
  1.10780E+02  5.43229E+02
  1.10790E+02  5.43207E+02
  1.10800E+02  5.43185E+02
  1.10810E+02  5.43163E+02
  1.10820E+02  5.43141E+02
  1.10830E+02  5.43119E+02
  1.10840E+02  5.43097E+02
  1.10850E+02  5.43075E+02
  1.10860E+02  5.43053E+02
  1.10870E+02  5.43031E+02
  1.10880E+02  5.43009E+02
  1.10890E+02  5.42987E+02
  1.10900E+02  5.42965E+02
  1.10910E+02  5.42943E+02
  1.10920E+02  5.42921E+02
  1.10930E+02  5.42899E+02
  1.10940E+02  5.42878E+02
  1.10950E+02  5.42856E+02
  1.10960E+02  5.42834E+02
  1.10970E+02  5.42812E+02
  1.10980E+02  5.42790E+02
  1.10990E+02  5.42768E+02
  1.11000E+02  5.42746E+02
  1.11010E+02  5.42724E+02
  1.11020E+02  5.42703E+02
  1.11030E+02  5.42681E+02
  1.11040E+02  5.42659E+02
  1.11050E+02  5.42637E+02
  1.11060E+02  5.42615E+02
  1.11070E+02  5.42593E+02
  1.11080E+02  5.42572E+02
  1.11090E+02  5.42550E+02
  1.11100E+02  5.42528E+02
  1.11110E+02  5.42506E+02
  1.11120E+02  5.42484E+02
  1.11130E+02  5.42462E+02
  1.11140E+02  5.42441E+02
  1.11150E+02  5.42419E+02
  1.11160E+02  5.42397E+02
  1.11170E+02  5.42375E+02
  1.11180E+02  5.42353E+02
  1.11190E+02  5.42332E+02
  1.11200E+02  5.42310E+02
  1.11210E+02  5.42288E+02
  1.11220E+02  5.42266E+02
  1.11230E+02  5.42245E+02
  1.11240E+02  5.42223E+02
  1.11250E+02  5.42201E+02
  1.11260E+02  5.42179E+02
  1.11270E+02  5.42158E+02
  1.11280E+02  5.42136E+02
  1.11290E+02  5.42114E+02
  1.11300E+02  5.42093E+02
  1.11310E+02  5.42071E+02
  1.11320E+02  5.42049E+02
  1.11330E+02  5.42027E+02
  1.11340E+02  5.42006E+02
  1.11350E+02  5.41984E+02
  1.11360E+02  5.41962E+02
  1.11370E+02  5.41941E+02
  1.11380E+02  5.41919E+02
  1.11390E+02  5.41897E+02
  1.11400E+02  5.41876E+02
  1.11410E+02  5.41854E+02
  1.11420E+02  5.41832E+02
  1.11430E+02  5.41811E+02
  1.11440E+02  5.41789E+02
  1.11450E+02  5.41767E+02
  1.11460E+02  5.41746E+02
  1.11470E+02  5.41724E+02
  1.11480E+02  5.41702E+02
  1.11490E+02  5.41681E+02
  1.11500E+02  5.41659E+02
  1.11510E+02  5.41638E+02
  1.11520E+02  5.41616E+02
  1.11530E+02  5.41594E+02
  1.11540E+02  5.41573E+02
  1.11550E+02  5.41551E+02
  1.11560E+02  5.41530E+02
  1.11570E+02  5.41508E+02
  1.11580E+02  5.41486E+02
  1.11590E+02  5.41465E+02
  1.11600E+02  5.41443E+02
  1.11610E+02  5.41422E+02
  1.11620E+02  5.41400E+02
  1.11630E+02  5.41379E+02
  1.11640E+02  5.41357E+02
  1.11650E+02  5.41336E+02
  1.11660E+02  5.41314E+02
  1.11670E+02  5.41292E+02
  1.11680E+02  5.41271E+02
  1.11690E+02  5.41249E+02
  1.11700E+02  5.41228E+02
  1.11710E+02  5.41206E+02
  1.11720E+02  5.41185E+02
  1.11730E+02  5.41163E+02
  1.11740E+02  5.41142E+02
  1.11750E+02  5.41120E+02
  1.11760E+02  5.41099E+02
  1.11770E+02  5.41077E+02
  1.11780E+02  5.41056E+02
  1.11790E+02  5.41034E+02
  1.11800E+02  5.41013E+02
  1.11810E+02  5.40991E+02
  1.11820E+02  5.40970E+02
  1.11830E+02  5.40949E+02
  1.11840E+02  5.40927E+02
  1.11850E+02  5.40906E+02
  1.11860E+02  5.40884E+02
  1.11870E+02  5.40863E+02
  1.11880E+02  5.40841E+02
  1.11890E+02  5.40820E+02
  1.11900E+02  5.40798E+02
  1.11910E+02  5.40777E+02
  1.11920E+02  5.40756E+02
  1.11930E+02  5.40734E+02
  1.11940E+02  5.40713E+02
  1.11950E+02  5.40691E+02
  1.11960E+02  5.40670E+02
  1.11970E+02  5.40649E+02
  1.11980E+02  5.40627E+02
  1.11990E+02  5.40606E+02
  1.12000E+02  5.40584E+02
  1.12010E+02  5.40563E+02
  1.12020E+02  5.40542E+02
  1.12030E+02  5.40520E+02
  1.12040E+02  5.40499E+02
  1.12050E+02  5.40478E+02
  1.12060E+02  5.40456E+02
  1.12070E+02  5.40435E+02
  1.12080E+02  5.40414E+02
  1.12090E+02  5.40392E+02
  1.12100E+02  5.40371E+02
  1.12110E+02  5.40350E+02
  1.12120E+02  5.40328E+02
  1.12130E+02  5.40307E+02
  1.12140E+02  5.40286E+02
  1.12150E+02  5.40264E+02
  1.12160E+02  5.40243E+02
  1.12170E+02  5.40222E+02
  1.12180E+02  5.40201E+02
  1.12190E+02  5.40179E+02
  1.12200E+02  5.40158E+02
  1.12210E+02  5.40137E+02
  1.12220E+02  5.40115E+02
  1.12230E+02  5.40094E+02
  1.12240E+02  5.40073E+02
  1.12250E+02  5.40052E+02
  1.12260E+02  5.40030E+02
  1.12270E+02  5.40009E+02
  1.12280E+02  5.39988E+02
  1.12290E+02  5.39967E+02
  1.12300E+02  5.39945E+02
  1.12310E+02  5.39924E+02
  1.12320E+02  5.39903E+02
  1.12330E+02  5.39882E+02
  1.12340E+02  5.39861E+02
  1.12350E+02  5.39839E+02
  1.12360E+02  5.39818E+02
  1.12370E+02  5.39797E+02
  1.12380E+02  5.39776E+02
  1.12390E+02  5.39755E+02
  1.12400E+02  5.39733E+02
  1.12410E+02  5.39712E+02
  1.12420E+02  5.39691E+02
  1.12430E+02  5.39670E+02
  1.12440E+02  5.39649E+02
  1.12450E+02  5.39628E+02
  1.12460E+02  5.39606E+02
  1.12470E+02  5.39585E+02
  1.12480E+02  5.39564E+02
  1.12490E+02  5.39543E+02
  1.12500E+02  5.39522E+02
  1.12510E+02  5.39501E+02
  1.12520E+02  5.39480E+02
  1.12530E+02  5.39458E+02
  1.12540E+02  5.39437E+02
  1.12550E+02  5.39416E+02
  1.12560E+02  5.39395E+02
  1.12570E+02  5.39374E+02
  1.12580E+02  5.39353E+02
  1.12590E+02  5.39332E+02
  1.12600E+02  5.39311E+02
  1.12610E+02  5.39290E+02
  1.12620E+02  5.39269E+02
  1.12630E+02  5.39247E+02
  1.12640E+02  5.39226E+02
  1.12650E+02  5.39205E+02
  1.12660E+02  5.39184E+02
  1.12670E+02  5.39163E+02
  1.12680E+02  5.39142E+02
  1.12690E+02  5.39121E+02
  1.12700E+02  5.39100E+02
  1.12710E+02  5.39079E+02
  1.12720E+02  5.39058E+02
  1.12730E+02  5.39037E+02
  1.12740E+02  5.39016E+02
  1.12750E+02  5.38995E+02
  1.12760E+02  5.38974E+02
  1.12770E+02  5.38953E+02
  1.12780E+02  5.38932E+02
  1.12790E+02  5.38911E+02
  1.12800E+02  5.38890E+02
  1.12810E+02  5.38869E+02
  1.12820E+02  5.38848E+02
  1.12830E+02  5.38827E+02
  1.12840E+02  5.38806E+02
  1.12850E+02  5.38785E+02
  1.12860E+02  5.38764E+02
  1.12870E+02  5.38743E+02
  1.12880E+02  5.38722E+02
  1.12890E+02  5.38701E+02
  1.12900E+02  5.38680E+02
  1.12910E+02  5.38659E+02
  1.12920E+02  5.38638E+02
  1.12930E+02  5.38617E+02
  1.12940E+02  5.38597E+02
  1.12950E+02  5.38576E+02
  1.12960E+02  5.38555E+02
  1.12970E+02  5.38534E+02
  1.12980E+02  5.38513E+02
  1.12990E+02  5.38492E+02
  1.13000E+02  5.38471E+02
  1.13010E+02  5.38450E+02
  1.13020E+02  5.38429E+02
  1.13030E+02  5.38408E+02
  1.13040E+02  5.38387E+02
  1.13050E+02  5.38367E+02
  1.13060E+02  5.38346E+02
  1.13070E+02  5.38325E+02
  1.13080E+02  5.38304E+02
  1.13090E+02  5.38283E+02
  1.13100E+02  5.38262E+02
  1.13110E+02  5.38241E+02
  1.13120E+02  5.38221E+02
  1.13130E+02  5.38200E+02
  1.13140E+02  5.38179E+02
  1.13150E+02  5.38158E+02
  1.13160E+02  5.38137E+02
  1.13170E+02  5.38116E+02
  1.13180E+02  5.38096E+02
  1.13190E+02  5.38075E+02
  1.13200E+02  5.38054E+02
  1.13210E+02  5.38033E+02
  1.13220E+02  5.38012E+02
  1.13230E+02  5.37992E+02
  1.13240E+02  5.37971E+02
  1.13250E+02  5.37950E+02
  1.13260E+02  5.37929E+02
  1.13270E+02  5.37908E+02
  1.13280E+02  5.37888E+02
  1.13290E+02  5.37867E+02
  1.13300E+02  5.37846E+02
  1.13310E+02  5.37825E+02
  1.13320E+02  5.37805E+02
  1.13330E+02  5.37784E+02
  1.13340E+02  5.37763E+02
  1.13350E+02  5.37742E+02
  1.13360E+02  5.37722E+02
  1.13370E+02  5.37701E+02
  1.13380E+02  5.37680E+02
  1.13390E+02  5.37659E+02
  1.13400E+02  5.37639E+02
  1.13410E+02  5.37618E+02
  1.13420E+02  5.37597E+02
  1.13430E+02  5.37577E+02
  1.13440E+02  5.37556E+02
  1.13450E+02  5.37535E+02
  1.13460E+02  5.37515E+02
  1.13470E+02  5.37494E+02
  1.13480E+02  5.37473E+02
  1.13490E+02  5.37453E+02
  1.13500E+02  5.37432E+02
  1.13510E+02  5.37411E+02
  1.13520E+02  5.37391E+02
  1.13530E+02  5.37370E+02
  1.13540E+02  5.37349E+02
  1.13550E+02  5.37329E+02
  1.13560E+02  5.37308E+02
  1.13570E+02  5.37287E+02
  1.13580E+02  5.37267E+02
  1.13590E+02  5.37246E+02
  1.13600E+02  5.37225E+02
  1.13610E+02  5.37205E+02
  1.13620E+02  5.37184E+02
  1.13630E+02  5.37164E+02
  1.13640E+02  5.37143E+02
  1.13650E+02  5.37122E+02
  1.13660E+02  5.37102E+02
  1.13670E+02  5.37081E+02
  1.13680E+02  5.37061E+02
  1.13690E+02  5.37040E+02
  1.13700E+02  5.37019E+02
  1.13710E+02  5.36999E+02
  1.13720E+02  5.36978E+02
  1.13730E+02  5.36958E+02
  1.13740E+02  5.36937E+02
  1.13750E+02  5.36917E+02
  1.13760E+02  5.36896E+02
  1.13770E+02  5.36875E+02
  1.13780E+02  5.36855E+02
  1.13790E+02  5.36834E+02
  1.13800E+02  5.36814E+02
  1.13810E+02  5.36793E+02
  1.13820E+02  5.36773E+02
  1.13830E+02  5.36752E+02
  1.13840E+02  5.36732E+02
  1.13850E+02  5.36711E+02
  1.13860E+02  5.36691E+02
  1.13870E+02  5.36670E+02
  1.13880E+02  5.36650E+02
  1.13890E+02  5.36629E+02
  1.13900E+02  5.36609E+02
  1.13910E+02  5.36588E+02
  1.13920E+02  5.36568E+02
  1.13930E+02  5.36547E+02
  1.13940E+02  5.36527E+02
  1.13950E+02  5.36506E+02
  1.13960E+02  5.36486E+02
  1.13970E+02  5.36465E+02
  1.13980E+02  5.36445E+02
  1.13990E+02  5.36425E+02
  1.14000E+02  5.36404E+02
  1.14010E+02  5.36384E+02
  1.14020E+02  5.36363E+02
  1.14030E+02  5.36343E+02
  1.14040E+02  5.36322E+02
  1.14050E+02  5.36302E+02
  1.14060E+02  5.36282E+02
  1.14070E+02  5.36261E+02
  1.14080E+02  5.36241E+02
  1.14090E+02  5.36220E+02
  1.14100E+02  5.36200E+02
  1.14110E+02  5.36179E+02
  1.14120E+02  5.36159E+02
  1.14130E+02  5.36139E+02
  1.14140E+02  5.36118E+02
  1.14150E+02  5.36098E+02
  1.14160E+02  5.36078E+02
  1.14170E+02  5.36057E+02
  1.14180E+02  5.36037E+02
  1.14190E+02  5.36016E+02
  1.14200E+02  5.35996E+02
  1.14210E+02  5.35976E+02
  1.14220E+02  5.35955E+02
  1.14230E+02  5.35935E+02
  1.14240E+02  5.35915E+02
  1.14250E+02  5.35894E+02
  1.14260E+02  5.35874E+02
  1.14270E+02  5.35854E+02
  1.14280E+02  5.35833E+02
  1.14290E+02  5.35813E+02
  1.14300E+02  5.35793E+02
  1.14310E+02  5.35772E+02
  1.14320E+02  5.35752E+02
  1.14330E+02  5.35732E+02
  1.14340E+02  5.35712E+02
  1.14350E+02  5.35691E+02
  1.14360E+02  5.35671E+02
  1.14370E+02  5.35651E+02
  1.14380E+02  5.35630E+02
  1.14390E+02  5.35610E+02
  1.14400E+02  5.35590E+02
  1.14410E+02  5.35570E+02
  1.14420E+02  5.35549E+02
  1.14430E+02  5.35529E+02
  1.14440E+02  5.35509E+02
  1.14450E+02  5.35489E+02
  1.14460E+02  5.35468E+02
  1.14470E+02  5.35448E+02
  1.14480E+02  5.35428E+02
  1.14490E+02  5.35408E+02
  1.14500E+02  5.35388E+02
  1.14510E+02  5.35367E+02
  1.14520E+02  5.35347E+02
  1.14530E+02  5.35327E+02
  1.14540E+02  5.35307E+02
  1.14550E+02  5.35286E+02
  1.14560E+02  5.35266E+02
  1.14570E+02  5.35246E+02
  1.14580E+02  5.35226E+02
  1.14590E+02  5.35206E+02
  1.14600E+02  5.35186E+02
  1.14610E+02  5.35165E+02
  1.14620E+02  5.35145E+02
  1.14630E+02  5.35125E+02
  1.14640E+02  5.35105E+02
  1.14650E+02  5.35085E+02
  1.14660E+02  5.35065E+02
  1.14670E+02  5.35044E+02
  1.14680E+02  5.35024E+02
  1.14690E+02  5.35004E+02
  1.14700E+02  5.34984E+02
  1.14710E+02  5.34964E+02
  1.14720E+02  5.34944E+02
  1.14730E+02  5.34924E+02
  1.14740E+02  5.34903E+02
  1.14750E+02  5.34883E+02
  1.14760E+02  5.34863E+02
  1.14770E+02  5.34843E+02
  1.14780E+02  5.34823E+02
  1.14790E+02  5.34803E+02
  1.14800E+02  5.34783E+02
  1.14810E+02  5.34763E+02
  1.14820E+02  5.34743E+02
  1.14830E+02  5.34723E+02
  1.14840E+02  5.34703E+02
  1.14850E+02  5.34682E+02
  1.14860E+02  5.34662E+02
  1.14870E+02  5.34642E+02
  1.14880E+02  5.34622E+02
  1.14890E+02  5.34602E+02
  1.14900E+02  5.34582E+02
  1.14910E+02  5.34562E+02
  1.14920E+02  5.34542E+02
  1.14930E+02  5.34522E+02
  1.14940E+02  5.34502E+02
  1.14950E+02  5.34482E+02
  1.14960E+02  5.34462E+02
  1.14970E+02  5.34442E+02
  1.14980E+02  5.34422E+02
  1.14990E+02  5.34402E+02
  1.15000E+02  5.34382E+02
  1.15010E+02  5.34362E+02
  1.15020E+02  5.34342E+02
  1.15030E+02  5.34322E+02
  1.15040E+02  5.34302E+02
  1.15050E+02  5.34282E+02
  1.15060E+02  5.34262E+02
  1.15070E+02  5.34242E+02
  1.15080E+02  5.34222E+02
  1.15090E+02  5.34202E+02
  1.15100E+02  5.34182E+02
  1.15110E+02  5.34162E+02
  1.15120E+02  5.34142E+02
  1.15130E+02  5.34122E+02
  1.15140E+02  5.34102E+02
  1.15150E+02  5.34082E+02
  1.15160E+02  5.34062E+02
  1.15170E+02  5.34042E+02
  1.15180E+02  5.34023E+02
  1.15190E+02  5.34003E+02
  1.15200E+02  5.33983E+02
  1.15210E+02  5.33963E+02
  1.15220E+02  5.33943E+02
  1.15230E+02  5.33923E+02
  1.15240E+02  5.33903E+02
  1.15250E+02  5.33883E+02
  1.15260E+02  5.33863E+02
  1.15270E+02  5.33843E+02
  1.15280E+02  5.33824E+02
  1.15290E+02  5.33804E+02
  1.15300E+02  5.33784E+02
  1.15310E+02  5.33764E+02
  1.15320E+02  5.33744E+02
  1.15330E+02  5.33724E+02
  1.15340E+02  5.33704E+02
  1.15350E+02  5.33684E+02
  1.15360E+02  5.33665E+02
  1.15370E+02  5.33645E+02
  1.15380E+02  5.33625E+02
  1.15390E+02  5.33605E+02
  1.15400E+02  5.33585E+02
  1.15410E+02  5.33565E+02
  1.15420E+02  5.33546E+02
  1.15430E+02  5.33526E+02
  1.15440E+02  5.33506E+02
  1.15450E+02  5.33486E+02
  1.15460E+02  5.33466E+02
  1.15470E+02  5.33447E+02
  1.15480E+02  5.33427E+02
  1.15490E+02  5.33407E+02
  1.15500E+02  5.33387E+02
  1.15510E+02  5.33367E+02
  1.15520E+02  5.33348E+02
  1.15530E+02  5.33328E+02
  1.15540E+02  5.33308E+02
  1.15550E+02  5.33288E+02
  1.15560E+02  5.33268E+02
  1.15570E+02  5.33249E+02
  1.15580E+02  5.33229E+02
  1.15590E+02  5.33209E+02
  1.15600E+02  5.33189E+02
  1.15610E+02  5.33170E+02
  1.15620E+02  5.33150E+02
  1.15630E+02  5.33130E+02
  1.15640E+02  5.33110E+02
  1.15650E+02  5.33091E+02
  1.15660E+02  5.33071E+02
  1.15670E+02  5.33051E+02
  1.15680E+02  5.33032E+02
  1.15690E+02  5.33012E+02
  1.15700E+02  5.32992E+02
  1.15710E+02  5.32972E+02
  1.15720E+02  5.32953E+02
  1.15730E+02  5.32933E+02
  1.15740E+02  5.32913E+02
  1.15750E+02  5.32894E+02
  1.15760E+02  5.32874E+02
  1.15770E+02  5.32854E+02
  1.15780E+02  5.32835E+02
  1.15790E+02  5.32815E+02
  1.15800E+02  5.32795E+02
  1.15810E+02  5.32776E+02
  1.15820E+02  5.32756E+02
  1.15830E+02  5.32736E+02
  1.15840E+02  5.32717E+02
  1.15850E+02  5.32697E+02
  1.15860E+02  5.32677E+02
  1.15870E+02  5.32658E+02
  1.15880E+02  5.32638E+02
  1.15890E+02  5.32619E+02
  1.15900E+02  5.32599E+02
  1.15910E+02  5.32579E+02
  1.15920E+02  5.32560E+02
  1.15930E+02  5.32540E+02
  1.15940E+02  5.32520E+02
  1.15950E+02  5.32501E+02
  1.15960E+02  5.32481E+02
  1.15970E+02  5.32462E+02
  1.15980E+02  5.32442E+02
  1.15990E+02  5.32423E+02
  1.16000E+02  5.32403E+02
  1.16010E+02  5.32383E+02
  1.16020E+02  5.32364E+02
  1.16030E+02  5.32344E+02
  1.16040E+02  5.32325E+02
  1.16050E+02  5.32305E+02
  1.16060E+02  5.32286E+02
  1.16070E+02  5.32266E+02
  1.16080E+02  5.32246E+02
  1.16090E+02  5.32227E+02
  1.16100E+02  5.32207E+02
  1.16110E+02  5.32188E+02
  1.16120E+02  5.32168E+02
  1.16130E+02  5.32149E+02
  1.16140E+02  5.32129E+02
  1.16150E+02  5.32110E+02
  1.16160E+02  5.32090E+02
  1.16170E+02  5.32071E+02
  1.16180E+02  5.32051E+02
  1.16190E+02  5.32032E+02
  1.16200E+02  5.32012E+02
  1.16210E+02  5.31993E+02
  1.16220E+02  5.31973E+02
  1.16230E+02  5.31954E+02
  1.16240E+02  5.31934E+02
  1.16250E+02  5.31915E+02
  1.16260E+02  5.31895E+02
  1.16270E+02  5.31876E+02
  1.16280E+02  5.31856E+02
  1.16290E+02  5.31837E+02
  1.16300E+02  5.31817E+02
  1.16310E+02  5.31798E+02
  1.16320E+02  5.31779E+02
  1.16330E+02  5.31759E+02
  1.16340E+02  5.31740E+02
  1.16350E+02  5.31720E+02
  1.16360E+02  5.31701E+02
  1.16370E+02  5.31681E+02
  1.16380E+02  5.31662E+02
  1.16390E+02  5.31642E+02
  1.16400E+02  5.31623E+02
  1.16410E+02  5.31604E+02
  1.16420E+02  5.31584E+02
  1.16430E+02  5.31565E+02
  1.16440E+02  5.31545E+02
  1.16450E+02  5.31526E+02
  1.16460E+02  5.31507E+02
  1.16470E+02  5.31487E+02
  1.16480E+02  5.31468E+02
  1.16490E+02  5.31449E+02
  1.16500E+02  5.31429E+02
  1.16510E+02  5.31410E+02
  1.16520E+02  5.31390E+02
  1.16530E+02  5.31371E+02
  1.16540E+02  5.31352E+02
  1.16550E+02  5.31332E+02
  1.16560E+02  5.31313E+02
  1.16570E+02  5.31294E+02
  1.16580E+02  5.31274E+02
  1.16590E+02  5.31255E+02
  1.16600E+02  5.31236E+02
  1.16610E+02  5.31216E+02
  1.16620E+02  5.31197E+02
  1.16630E+02  5.31178E+02
  1.16640E+02  5.31158E+02
  1.16650E+02  5.31139E+02
  1.16660E+02  5.31120E+02
  1.16670E+02  5.31100E+02
  1.16680E+02  5.31081E+02
  1.16690E+02  5.31062E+02
  1.16700E+02  5.31043E+02
  1.16710E+02  5.31023E+02
  1.16720E+02  5.31004E+02
  1.16730E+02  5.30985E+02
  1.16740E+02  5.30965E+02
  1.16750E+02  5.30946E+02
  1.16760E+02  5.30927E+02
  1.16770E+02  5.30908E+02
  1.16780E+02  5.30888E+02
  1.16790E+02  5.30869E+02
  1.16800E+02  5.30850E+02
  1.16810E+02  5.30831E+02
  1.16820E+02  5.30811E+02
  1.16830E+02  5.30792E+02
  1.16840E+02  5.30773E+02
  1.16850E+02  5.30754E+02
  1.16860E+02  5.30734E+02
  1.16870E+02  5.30715E+02
  1.16880E+02  5.30696E+02
  1.16890E+02  5.30677E+02
  1.16900E+02  5.30657E+02
  1.16910E+02  5.30638E+02
  1.16920E+02  5.30619E+02
  1.16930E+02  5.30600E+02
  1.16940E+02  5.30581E+02
  1.16950E+02  5.30561E+02
  1.16960E+02  5.30542E+02
  1.16970E+02  5.30523E+02
  1.16980E+02  5.30504E+02
  1.16990E+02  5.30485E+02
  1.17000E+02  5.30466E+02
  1.17010E+02  5.30446E+02
  1.17020E+02  5.30427E+02
  1.17030E+02  5.30408E+02
  1.17040E+02  5.30389E+02
  1.17050E+02  5.30370E+02
  1.17060E+02  5.30351E+02
  1.17070E+02  5.30331E+02
  1.17080E+02  5.30312E+02
  1.17090E+02  5.30293E+02
  1.17100E+02  5.30274E+02
  1.17110E+02  5.30255E+02
  1.17120E+02  5.30236E+02
  1.17130E+02  5.30217E+02
  1.17140E+02  5.30198E+02
  1.17150E+02  5.30178E+02
  1.17160E+02  5.30159E+02
  1.17170E+02  5.30140E+02
  1.17180E+02  5.30121E+02
  1.17190E+02  5.30102E+02
  1.17200E+02  5.30083E+02
  1.17210E+02  5.30064E+02
  1.17220E+02  5.30045E+02
  1.17230E+02  5.30026E+02
  1.17240E+02  5.30007E+02
  1.17250E+02  5.29988E+02
  1.17260E+02  5.29969E+02
  1.17270E+02  5.29949E+02
  1.17280E+02  5.29930E+02
  1.17290E+02  5.29911E+02
  1.17300E+02  5.29892E+02
  1.17310E+02  5.29873E+02
  1.17320E+02  5.29854E+02
  1.17330E+02  5.29835E+02
  1.17340E+02  5.29816E+02
  1.17350E+02  5.29797E+02
  1.17360E+02  5.29778E+02
  1.17370E+02  5.29759E+02
  1.17380E+02  5.29740E+02
  1.17390E+02  5.29721E+02
  1.17400E+02  5.29702E+02
  1.17410E+02  5.29683E+02
  1.17420E+02  5.29664E+02
  1.17430E+02  5.29645E+02
  1.17440E+02  5.29626E+02
  1.17450E+02  5.29607E+02
  1.17460E+02  5.29588E+02
  1.17470E+02  5.29569E+02
  1.17480E+02  5.29550E+02
  1.17490E+02  5.29531E+02
  1.17500E+02  5.29512E+02
  1.17510E+02  5.29493E+02
  1.17520E+02  5.29474E+02
  1.17530E+02  5.29455E+02
  1.17540E+02  5.29436E+02
  1.17550E+02  5.29417E+02
  1.17560E+02  5.29398E+02
  1.17570E+02  5.29379E+02
  1.17580E+02  5.29360E+02
  1.17590E+02  5.29341E+02
  1.17600E+02  5.29323E+02
  1.17610E+02  5.29304E+02
  1.17620E+02  5.29285E+02
  1.17630E+02  5.29266E+02
  1.17640E+02  5.29247E+02
  1.17650E+02  5.29228E+02
  1.17660E+02  5.29209E+02
  1.17670E+02  5.29190E+02
  1.17680E+02  5.29171E+02
  1.17690E+02  5.29152E+02
  1.17700E+02  5.29133E+02
  1.17710E+02  5.29115E+02
  1.17720E+02  5.29096E+02
  1.17730E+02  5.29077E+02
  1.17740E+02  5.29058E+02
  1.17750E+02  5.29039E+02
  1.17760E+02  5.29020E+02
  1.17770E+02  5.29001E+02
  1.17780E+02  5.28982E+02
  1.17790E+02  5.28964E+02
  1.17800E+02  5.28945E+02
  1.17810E+02  5.28926E+02
  1.17820E+02  5.28907E+02
  1.17830E+02  5.28888E+02
  1.17840E+02  5.28869E+02
  1.17850E+02  5.28850E+02
  1.17860E+02  5.28832E+02
  1.17870E+02  5.28813E+02
  1.17880E+02  5.28794E+02
  1.17890E+02  5.28775E+02
  1.17900E+02  5.28756E+02
  1.17910E+02  5.28738E+02
  1.17920E+02  5.28719E+02
  1.17930E+02  5.28700E+02
  1.17940E+02  5.28681E+02
  1.17950E+02  5.28662E+02
  1.17960E+02  5.28644E+02
  1.17970E+02  5.28625E+02
  1.17980E+02  5.28606E+02
  1.17990E+02  5.28587E+02
  1.18000E+02  5.28568E+02
  1.18010E+02  5.28550E+02
  1.18020E+02  5.28531E+02
  1.18030E+02  5.28512E+02
  1.18040E+02  5.28493E+02
  1.18050E+02  5.28475E+02
  1.18060E+02  5.28456E+02
  1.18070E+02  5.28437E+02
  1.18080E+02  5.28418E+02
  1.18090E+02  5.28400E+02
  1.18100E+02  5.28381E+02
  1.18110E+02  5.28362E+02
  1.18120E+02  5.28343E+02
  1.18130E+02  5.28325E+02
  1.18140E+02  5.28306E+02
  1.18150E+02  5.28287E+02
  1.18160E+02  5.28269E+02
  1.18170E+02  5.28250E+02
  1.18180E+02  5.28231E+02
  1.18190E+02  5.28212E+02
  1.18200E+02  5.28194E+02
  1.18210E+02  5.28175E+02
  1.18220E+02  5.28156E+02
  1.18230E+02  5.28138E+02
  1.18240E+02  5.28119E+02
  1.18250E+02  5.28100E+02
  1.18260E+02  5.28082E+02
  1.18270E+02  5.28063E+02
  1.18280E+02  5.28044E+02
  1.18290E+02  5.28026E+02
  1.18300E+02  5.28007E+02
  1.18310E+02  5.27988E+02
  1.18320E+02  5.27970E+02
  1.18330E+02  5.27951E+02
  1.18340E+02  5.27932E+02
  1.18350E+02  5.27914E+02
  1.18360E+02  5.27895E+02
  1.18370E+02  5.27876E+02
  1.18380E+02  5.27858E+02
  1.18390E+02  5.27839E+02
  1.18400E+02  5.27821E+02
  1.18410E+02  5.27802E+02
  1.18420E+02  5.27783E+02
  1.18430E+02  5.27765E+02
  1.18440E+02  5.27746E+02
  1.18450E+02  5.27727E+02
  1.18460E+02  5.27709E+02
  1.18470E+02  5.27690E+02
  1.18480E+02  5.27672E+02
  1.18490E+02  5.27653E+02
  1.18500E+02  5.27634E+02
  1.18510E+02  5.27616E+02
  1.18520E+02  5.27597E+02
  1.18530E+02  5.27579E+02
  1.18540E+02  5.27560E+02
  1.18550E+02  5.27542E+02
  1.18560E+02  5.27523E+02
  1.18570E+02  5.27504E+02
  1.18580E+02  5.27486E+02
  1.18590E+02  5.27467E+02
  1.18600E+02  5.27449E+02
  1.18610E+02  5.27430E+02
  1.18620E+02  5.27412E+02
  1.18630E+02  5.27393E+02
  1.18640E+02  5.27375E+02
  1.18650E+02  5.27356E+02
  1.18660E+02  5.27338E+02
  1.18670E+02  5.27319E+02
  1.18680E+02  5.27301E+02
  1.18690E+02  5.27282E+02
  1.18700E+02  5.27264E+02
  1.18710E+02  5.27245E+02
  1.18720E+02  5.27227E+02
  1.18730E+02  5.27208E+02
  1.18740E+02  5.27190E+02
  1.18750E+02  5.27171E+02
  1.18760E+02  5.27153E+02
  1.18770E+02  5.27134E+02
  1.18780E+02  5.27116E+02
  1.18790E+02  5.27097E+02
  1.18800E+02  5.27079E+02
  1.18810E+02  5.27060E+02
  1.18820E+02  5.27042E+02
  1.18830E+02  5.27023E+02
  1.18840E+02  5.27005E+02
  1.18850E+02  5.26986E+02
  1.18860E+02  5.26968E+02
  1.18870E+02  5.26950E+02
  1.18880E+02  5.26931E+02
  1.18890E+02  5.26913E+02
  1.18900E+02  5.26894E+02
  1.18910E+02  5.26876E+02
  1.18920E+02  5.26857E+02
  1.18930E+02  5.26839E+02
  1.18940E+02  5.26821E+02
  1.18950E+02  5.26802E+02
  1.18960E+02  5.26784E+02
  1.18970E+02  5.26765E+02
  1.18980E+02  5.26747E+02
  1.18990E+02  5.26728E+02
  1.19000E+02  5.26710E+02
  1.19010E+02  5.26692E+02
  1.19020E+02  5.26673E+02
  1.19030E+02  5.26655E+02
  1.19040E+02  5.26637E+02
  1.19050E+02  5.26618E+02
  1.19060E+02  5.26600E+02
  1.19070E+02  5.26581E+02
  1.19080E+02  5.26563E+02
  1.19090E+02  5.26545E+02
  1.19100E+02  5.26526E+02
  1.19110E+02  5.26508E+02
  1.19120E+02  5.26490E+02
  1.19130E+02  5.26471E+02
  1.19140E+02  5.26453E+02
  1.19150E+02  5.26435E+02
  1.19160E+02  5.26416E+02
  1.19170E+02  5.26398E+02
  1.19180E+02  5.26380E+02
  1.19190E+02  5.26361E+02
  1.19200E+02  5.26343E+02
  1.19210E+02  5.26325E+02
  1.19220E+02  5.26306E+02
  1.19230E+02  5.26288E+02
  1.19240E+02  5.26270E+02
  1.19250E+02  5.26251E+02
  1.19260E+02  5.26233E+02
  1.19270E+02  5.26215E+02
  1.19280E+02  5.26197E+02
  1.19290E+02  5.26178E+02
  1.19300E+02  5.26160E+02
  1.19310E+02  5.26142E+02
  1.19320E+02  5.26123E+02
  1.19330E+02  5.26105E+02
  1.19340E+02  5.26087E+02
  1.19350E+02  5.26069E+02
  1.19360E+02  5.26050E+02
  1.19370E+02  5.26032E+02
  1.19380E+02  5.26014E+02
  1.19390E+02  5.25996E+02
  1.19400E+02  5.25977E+02
  1.19410E+02  5.25959E+02
  1.19420E+02  5.25941E+02
  1.19430E+02  5.25923E+02
  1.19440E+02  5.25904E+02
  1.19450E+02  5.25886E+02
  1.19460E+02  5.25868E+02
  1.19470E+02  5.25850E+02
  1.19480E+02  5.25831E+02
  1.19490E+02  5.25813E+02
  1.19500E+02  5.25795E+02
  1.19510E+02  5.25777E+02
  1.19520E+02  5.25759E+02
  1.19530E+02  5.25740E+02
  1.19540E+02  5.25722E+02
  1.19550E+02  5.25704E+02
  1.19560E+02  5.25686E+02
  1.19570E+02  5.25668E+02
  1.19580E+02  5.25650E+02
  1.19590E+02  5.25631E+02
  1.19600E+02  5.25613E+02
  1.19610E+02  5.25595E+02
  1.19620E+02  5.25577E+02
  1.19630E+02  5.25559E+02
  1.19640E+02  5.25541E+02
  1.19650E+02  5.25522E+02
  1.19660E+02  5.25504E+02
  1.19670E+02  5.25486E+02
  1.19680E+02  5.25468E+02
  1.19690E+02  5.25450E+02
  1.19700E+02  5.25432E+02
  1.19710E+02  5.25414E+02
  1.19720E+02  5.25395E+02
  1.19730E+02  5.25377E+02
  1.19740E+02  5.25359E+02
  1.19750E+02  5.25341E+02
  1.19760E+02  5.25323E+02
  1.19770E+02  5.25305E+02
  1.19780E+02  5.25287E+02
  1.19790E+02  5.25269E+02
  1.19800E+02  5.25250E+02
  1.19810E+02  5.25232E+02
  1.19820E+02  5.25214E+02
  1.19830E+02  5.25196E+02
  1.19840E+02  5.25178E+02
  1.19850E+02  5.25160E+02
  1.19860E+02  5.25142E+02
  1.19870E+02  5.25124E+02
  1.19880E+02  5.25106E+02
  1.19890E+02  5.25088E+02
  1.19900E+02  5.25070E+02
  1.19910E+02  5.25052E+02
  1.19920E+02  5.25034E+02
  1.19930E+02  5.25016E+02
  1.19940E+02  5.24997E+02
  1.19950E+02  5.24979E+02
  1.19960E+02  5.24961E+02
  1.19970E+02  5.24943E+02
  1.19980E+02  5.24925E+02
  1.19990E+02  5.24907E+02
  1.20000E+02  5.24889E+02
