step,time,abs_l2_pe1,rel_l2_pe1,abs_l2_pe2,rel_l2_pe2,abs_l2_pe3,rel_l2_pe3
0,0,0,0,0,0,0,0
1,0.001,0.0004092423055366337,0.09271900431203076,0.0006925732971909488,0.08934016999750255,0.005551376478330853,0.4174826899896781
2,0.002,0.0004223683163281594,0.05703489615855117,0.0007763914176427659,0.05999892633534866,0.004212918939009792,0.1930023258133306
3,0.003,0.0004197902569519476,0.04189922407330437,0.0007880427161862689,0.04518960348440899,0.002925488144939696,0.1008321707504611
4,0.004,0.0004137993226893199,0.0333370696758883,0.000783071426904514,0.03636520247892007,0.002194909708191151,0.06190365908439016
5,0.005,0.0004071670131757606,0.02778536587719197,0.0007752689741100971,0.03058454329912718,0.002030016082713537,0.04906096829752103
6,0.006,0.0004006813039954816,0.02387747907148258,0.0007675040467666982,0.02651016167144075,0.00214690124859902,0.0457803281358445
7,0.007,0.000394575175700598,0.02096997749785462,0.0007603092553657433,0.02347706958470546,0.002303891472606124,0.04422851681641549
8,0.008,0.0003889004746133076,0.01871835427639411,0.0007537084750307577,0.02112454122534648,0.002412640256382074,0.04231385213875675
9,0.009000000000000001,0.0003836460766823326,0.0169208723072603,0.0007476322175999718,0.01924170823416538,0.002459855602817947,0.03985642089878643
10,0.01,0.0003787798568975117,0.01545128830794218,0.0007420104236100036,0.01769741431953854,0.002455683967687866,0.03708245599612803
11,0.011,0.0003742645719752385,0.01422643716446581,0.0007367873965362834,0.01640577663514217,0.00241507725568512,0.03422971247856808
12,0.012,0.0003700639359424397,0.01318923850771678,0.0007319197560958561,0.01530810217515413,0.002351901305641894,0.03146965589745176
13,0.013,0.0003661447843163752,0.01229917860140186,0.0007273724732680991,0.01436282694100955,0.00227734156580252,0.02890773787028736
14,0.014,0.0003624776353272362,0.01152668634070071,0.0007231160043934791,0.01353962923282616,0.002199746853808155,0.0265989582107694
15,0.015,0.0003590366023450103,0.01084966002808815,0.0007191246023800722,0.01281582938168393,0.002124938792153726,0.02456318970945066
16,0.016,0.0003557990649325482,0.01025124115063977,0.0007153753869672112,0.0121741006094729,0.00205664820274591,0.0227972321182094
17,0.017,0.0003527452739727447,0.009718341413021206,0.0007118478266618277,0.01160096322246839,0.001996959876058202,0.02128368699817847
18,0.018,0.0003498579644284776,0.009240641036343915,0.0007085234232245653,0.01108576429728007,0.001946723838481776,0.01999732706673102
19,0.019,0.0003471220037825883,0.008809891010160463,0.0007053854897623405,0.01061996825009649,0.001905916664082013,0.01890957426403255
20,0.02,0.0003445240837610504,0.008419416675985706,0.0007024189712725129,0.01019665232014313,0.001873944739810811,0.01799154062673503
21,0.021,0.0003420524542001445,0.008063757842806085,0.0006996102860443499,0.009810140615072689,0.001849885820585342,0.01721596470290592
22,0.022,0.0003396966944734666,0.007738403449054711,0.0006969471800531997,0.009455733990898907,0.001832669758278691,0.01655830732884852
23,0.023,0.0003374475169815885,0.007439592937035324,0.0006944185921818904,0.009129507553925867,0.001821203943092326,0.01599723213275931
24,0.024,0.0003352965974681329,0.007164165505614703,0.0006920145300589345,0.008828156734471789,0.001814452544509954,0.01551466558324171
25,0.025,0.000333236427565371,0.006909444257565112,0.0006897259566824276,0.008548878808969677,0.001811480263436449,0.01509559755002937
26,0.026,0.0003312601859851846,0.006673146144418791,0.0006875446878178403,0.008289280666240255,0.001811471036905403,0.01472774560772237
27,0.027,0.0003293616255054483,0.006453311233016845,0.0006854632998578069,0.008047306257390044,0.001813730583064095,0.01440116915128714
28,0.028,0.000327534973740317,0.006248246622327949,0.0006834750475767342,0.007821178984301283,0.001817679579802399,0.01410788736191139
29,0.029,0.0003257748462806044,0.006056481595412558,0.0006815737910446416,0.007609355548867048,0.001822842208384369,0.01384153055637545
30,0.03,0.0003240761712562164,0.005876731479546362,0.000679753930880298,0.007410488682762812,0.001828833077343098,0.01359703762523851
31,0.031,0.0003224341246646611,0.005707868322454878,0.0006780103510036867,0.007223396822031235,0.001835344269905486,0.01337040188968589
32,0.032,0.0003208440759902129,0.005548896952370419,0.0006763383680699835,0.007047039259225523,0.00184213339910188,0.01315846207749847
33,0.033,0.00031930154367519,0.005398935325310339,0.0006747336868178665,0.006880495650311736,0.001849013022178983,0.01295873262400781
34,0.034,0.0003178021599903492,0.005257198311522615,0.0006731923606288917,0.006722949009458345,0.001855841465336639,0.01276926687913254
35,0.035,0.0003163416447361667,0.005122984257886423,0.0006717107566638037,0.00657367151687312,0.001862514960290844,0.01258854716596733
36,0.036,0.0003149157871422114,0.004995663803738814,0.0006702855250112623,0.006432012610256749,0.001868960935406534,0.01241539643388505
37,0.037,0.0003135204351649232,0.004874670533445769,0.0006689135713508261,0.006297388941492344,0.001875132295072235,0.01224890715967986
38,0.038,0.0003121514913407095,0.004759493132321086,0.0006675920326918542,0.006169275865666202,0.001881002535710874,0.01208838400957333
39,0.039,0.0003108049142237642,0.004649668775884458,0.000666318255811618,0.006047200195880263,0.001886561570269552,0.01193329751339781
40,0.04,0.0003094767244412075,0.004544777533856523,0.0006650897780490582,0.00593073400896404,0.001891812157102382,0.01178324660227666
41,0.041,0.0003081630143710464,0.004444437610361706,0.000663904310175193,0.005819489328125399,0.001896766850211645,0.01163792833197173
42,0.042,0.0003068599604815159,0.004348301274423172,0.0006627597210827737,0.005713113540660095,0.001901445404567897,0.01149711347508619
43,0.043,0.0003055638374256575,0.004256051361200754,0.0006616540240778622,0.005611285434572748,0.001905872582759457,0.01136062693856499
44,0.044,0.0003042710330651388,0.004167398245965858,0.000660585364582897,0.005513711758494878,0.00191007631819479,0.01122833216893102
45,0.045,0.0003029780636922896,0.004082077210453878,0.0006595520090849287,0.005420124225825116,0.001914086196260291,0.01110011886315375
46,0.046,0.000301681588826255,0.003999846135772404,0.0006585523351861878,0.005330276897424007,0.001917932219061293,0.01097589342178821
47,0.047,0.0003003784250687539,0.003920483467997078,0.0006575848226299857,0.005243943888058706,0.001921643822280233,0.01085557167308118
48,0.048,0.0002990655586157052,0.003843786412460364,0.0006566480451923806,0.005160917350705532,0.00192524911479035,0.01073907346964022
49,0.049,0.0002977401561246663,0.003769569320833146,0.000655740663343765,0.005081005700115691,0.001928774313362257,0.01062631881850176
50,0.05,0.0002963995737358178,0.00369766224176924,0.0006548614175962662,0.005004032043069651,0.001932243346324339,0.01051722525464995
51,0.051,0.0002950413641295899,0.003627909611311946,0.0006540091224622069,0.004929832787717878,0.001935677601556939,0.01041170620989667
52,0.052,0.0002936632815801538,0.003560169063710668,0.0006531826609597636,0.004858256408561456,0.001939095795794862,0.01030967016526187
53,0.053,0.0002922632850258972,0.003494310346879282,0.0006523809796081285,0.004789162347066024,0.001942513943915176,0.01021102040675896
54,0.054,0.0002908395392301396,0.003430214329640604,0.0006516030838612774,0.004722420030794537,0.001945945408689661,0.01011565523253334
55,0.055,0.0002893904141439197,0.003367772090217763,0.0006508480339365097,0.004657907996380232,0.001949401013373089,0.01002346848421673
56,0.056,0.0002879144826132659,0.003306884077307771,0.0006501149409976521,0.004595513103699323,0.001952889201425065,0.009934350297389545
57,0.057,0.0002864105165923958,0.003247459336538539,0.0006494029636579958,0.004535129830337859,0.001956416229599831,0.009848187985529043
58,0.058,0.000284877482036876,0.003189414796288016,0.0006487113047725705,0.004476659636920509,0.001959986382540791,0.009764866988933779
59,0.059,0.0002833145326554614,0.00313267460776056,0.0006480392084905906,0.004420010395102488,0.00196360219883016,0.009684271834928921
60,0.06,0.0002817210026995325,0.003077169534947627,0.0006473859575448068,0.004365095871112351,0.001967264700192001,0.00960628706860733
61,0.061,0.0002800963989632436,0.003022836390659263,0.0006467508707552223,0.004311835258632352,0.00197097361711976,0.00953079812415983
62,0.062,0.0002784403921603711,0.002969617515273981,0.0006461333007270507,0.004260152755584759,0.001974727605668869,0.009457692116115158
63,0.063,0.0002767528078319907,0.002917460295196038,0.0006455326317255877,0.004209977180073695,0.001978524451456806,0.009386858537414618
64,0.064,0.0002750336169275176,0.002866316718301227,0.0006449482777126533,0.004161241621310419,0.001982361258045403,0.009318189857380605
65,0.065,0.0002732829261878777,0.00281614296387551,0.0006443796805294977,0.004113883121845045,0.001986234617878472,0.009251582017619659
66,0.066,0.00027150096844561,0.002766899024736747,0.0006438263082139004,0.004067842387871006,0.00199014076477014,0.009186934827663107
67,0.067,0.0002696880929434768,0.002718548359393605,0.0006432876534397411,0.00402306352474128,0.001994075707633649,0.009124152265032102
68,0.068,0.000267844755758782,0.002671057572220018,0.0006427632320689401,0.003979493795168336,0.001998035345699128,0.009063142686470646
69,0.06900000000000001,0.0002659715104080068,0.002624396119746298,0.0006422525818057789,0.003937083397859577,0.00200201556589015,0.009003818958389332
70,0.07000000000000001,0.000264068998694936,0.002578536041281105,0.0006417552609460811,0.003895785264601697,0.002006012323374697,0.008946098515448978
71,0.07100000000000001,0.0002621379418527873,0.002533451712161808,0.000641270847211681,0.003855554874008607,0.002010021706516766,0.008889903356456216
72,0.07200000000000001,0.0002601791320218712,0.002489119618036266,0.0006407989366664783,0.003816350080372065,0.002014039987624775,0.008835159986814292
73,0.073,0.0002581934240944273,0.002445518148659387,0.0006403391427033777,0.003778130956177136,0.002018063660966145,0.008781799316437633
74,0.074,0.0002561817279499368,0.002402627409771497,0.0006398910951003724,0.003740859647044255,0.002022089469543371,0.008729756521543197
75,0.075,0.0002541450010969996,0.00236042905170651,0.0006394544391383381,0.003704500237954204,0.002026114422120986,0.00867897087815428
76,0.076,0.0002520842417322832,0.002318906113463886,0.0006390288347757366,0.003669018629741852,0.00203013580192522,0.008629385574365005
77,0.077,0.0002500004822192471,0.002278042881032311,0.0006386139558772503,0.003634382424955418,0.002034151168374376,0.008580947507714697
78,0.078,0.0002478947829880776,0.002237824758858331,0.000638209489490672,0.003600560822251609,0.002038158353091366,0.00853360707319667
79,0.079,0.0002457682268506706,0.002198238153389925,0.0006378151351696841,0.003567524518595653,0.002042155451342834,0.008487317946667064
80,0.08,0.0002436219137243828,0.002159270367722974,0.0006374306043383739,0.003535245618595282,0.002046140809940264,0.008442036867708213
81,0.081,0.0002414569557529955,0.002120909506419979,0.0006370556196955376,0.003503697550372564,0.002050113012514457,0.008397723425281245
82,0.082,0.0002392744728132807,0.002083144389652603,0.000636689914654182,0.003472854987419727,0.002054070862954483,0.008354339848846502
83,0.083,0.0002370755883923405,0.002045964475865874,0.0006363332328149931,0.003442693775952876,0.002058013367705613,0.008311850807118064
84,0.08400000000000001,0.0002348614258206841,0.002009359792228067,0.0006359853274719893,0.003413190867319848,0.002061939717492405,0.008270223216008475
85,0.08500000000000001,0.0002326331048442158,0.001973320872177499,0.0006356459611454923,0.003384324255041649,0.002065849268958011,0.008229426056965172
86,0.08600000000000001,0.0002303917385187545,0.001937838699437529,0.0006353149051445095,0.003356072916140071,0.002069741526596623,0.008189430206408575
87,0.08700000000000001,0.0002281384304094007,0.001902904657910938,0.0006349919391518641,0.003328416756390751,0.002073616125297203,0.008150208276740449
88,0.08799999999999999,0.000225874272077631,0.00186851048691703,0.0006346768508349328,0.003301336559219302,0.002077472813721259,0.00811173446901919
89,0.089,0.0002236003408386098,0.001834648241273054,0.0006343694354775919,0.00327481393794678,0.002081311438696576,0.008073984437258925
90,0.09,0.0002213176977720663,0.001801310255767074,0.0006340694956319851,0.003248831291130239,0.002085131930737488,0.008036935164059308
91,0.091,0.0002190273859695783,0.001768489113599939,0.0006337768407912356,0.003223371760778373,0.002088934290759845,0.00800056484714654
92,0.092,0.0002167304290025394,0.001736177618416935,0.0006334912870780907,0.003198419193209478,0.002092718578026926,0.007964852796325483
93,0.093,0.0002144278295948664,0.001704368769575699,0.0006332126569521244,0.003173958102376625,0.00209648489932015,0.007929779340224076
94,0.094,0.0002121205684854813,0.00167305574033071,0.0006329407789314463,0.003149973635465422,0.002100233399315803,0.007895325742212482
95,0.095,0.0002098096034661725,0.001642231858641716,0.0006326754873297891,0.003126451540610298,0.002103964252107491,0.007861474124766267
96,0.096,0.0002074958685808641,0.001611890590337715,0.0006324166220072943,0.003103378136574397,0.002107677653831028,0.007828207401657693
97,0.097,0.0002051802734737126,0.00158202552439704,0.0006321640281340355,0.003080740284254276,0.002111373816308116,0.007795509217249023
98,0.098,0.0002028637028732055,0.00155263036011926,0.0006319175559665383,0.003058525359887083,0.002115052961633403,0.007763363892237676
99,0.099,0.0002005470162007654,0.001523698895989485,0.0006316770606345568,0.003036721229833174,0.002118715317626529,0.007731756375232683
100,0.1,0.000198231047293089,0.00149522502005467,0.000631442401939229,0.003015316226834617,0.002122361114059479,0.007700672199536726
101,0.101,0.000195916604227211,0.001467202701641544,0.0006312134441619092,0.00299429912764985,0.002125990579588013,0.007670097444611478
102,0.102,0.0001936044692398485,0.001439625984276242,0.0006309900558815794,0.002973659131964903,0.002129603939289669,0.007640018701639765
103,0.103,0.0001912953987305883,0.001412488979659663,0.0006307721098017,0.002953385842502808,0.002133201412750623,0.00761042304277166
104,0.104,0.0001889901233416144,0.001385785862585168,0.0006305594825856552,0.002933469246251412,0.002136783212620545,0.007581297993583249
105,0.105,0.0001866893481057243,0.001359510866685327,0.0006303520546992207,0.00291389969673128,0.002140349543571044,0.007552631508360065
106,0.106,0.0001843937526552643,0.001333658280907889,0.0006301497102626945,0.002894667897250755,0.002143900601591988,0.007524411947832674
107,0.107,0.000182103991485488,0.001308222446633677,0.0006299523369075242,0.002875764885063833,0.002147436573576192,0.00749662805906871
108,0.108,0.0001798206942658866,0.001283197755354534,0.0006297598256411938,0.002857182016392088,0.002150957637148165,0.007469268957259542
109,0.109,0.0001775444661941846,0.001258578646842615,0.000629572070718545,0.002838910952249907,0.002154463960678577,0.007442324109103044
110,0.11,0.0001752758883871487,0.001234359607742834,0.0006293889695180521,0.00282094364501851,0.00215795570345482,0.00741578331760038
111,0.111,0.0001730155183038919,0.001210535170534382,0.0006292104224246413,0.002803272325730237,0.002161433015978136,0.007389636708092054
112,0.112,0.0001707638901968395,0.001187099912807649,0.0006290363327175775,0.002785889492015461,0.002164896040344165,0.007363874715322172
113,0.113,0.0001685215155862405,0.001164048456810166,0.0006288666064635667,0.002768787896673192,0.002168344910697605,0.007338488071445267
114,0.114,0.0001662888837551821,0.001141375469225757,0.0006287011524139285,0.002751960536824619,0.002171779753737221,0.007313467794844586
115,0.115,0.0001640664622605411,0.001119075661142571,0.0006285398819073259,0.002735400643622021,0.002175200689233536,0.007288805179591579
116,0.116,0.0001618546974579774,0.001097143788186059,0.0006283827087767723,0.00271910167247625,0.002178607830581164,0.007264491785583816
117,0.117,0.0001596540150372132,0.001075574650782126,0.0006282295492593154,0.002703057293766134,0.002182001285342766,0.007240519429180735
118,0.118,0.0001574648205659123,0.001054363094531246,0.0006280803219114989,0.002687261384016227,0.002185381155786858,0.007216880174315045
119,0.119,0.0001552875000388469,0.001033504010664549,0.0006279349475271058,0.002671708017501868,0.002188747539422867,0.007193566324063256
120,0.12,0.000153122420431722,0.001012992336572324,0.0006277933490593695,0.002656391458267294,0.002192100529497481,0.007170570412530873
121,0.121,0.0001509699302558596,0.0009928230563751345,0.0006276554515452736,0.002641306152524044,0.002195440215492961,0.007147885197163935
122,0.122,0.0001488303601143269,0.0009729912015376767,0.0006275211820345791,0.002626446721420199,0.002198766683576831,0.007125503651298774
123,0.123,0.0001467040232559429,0.0009534918514989458,0.0006273904695205657,0.0026118079541478,0.002202080017039067,0.007103418957049765
124,0.124,0.000144591216127602,0.0009343201343192888,0.0006272632448742269,0.002597384801377737,0.002205380296691983,0.007081624498435551
125,0.125,0.000142492218922379,0.0009154712273258063,0.0006271394407809898,0.002583172369000766,0.002208667601244633,0.007060113854765478
126,0.126,0.000140407296123215,0.0008969403577537364,0.0006270189916800405,0.002569165912159021,0.00221194200764541,0.00703888079425056
127,0.127,0.0001383366970414705,0.000878722803377847,0.0006269018337062599,0.002555360829552765,0.002215203591396248,0.007017919267834617
128,0.128,0.0001362806563484677,0.0008608138931212869,0.0006267879046341451,0.002541752658005826,0.002218452426839411,0.006997223403235563
129,0.129,0.0001342393946008887,0.0008432090076469941,0.0006266771438242753,0.002528337067278362,0.002221688587416638,0.006976787499182418
130,0.13,0.0001322131187582444,0.0008259035799200782,0.0006265694921719731,0.002515109855113267,0.002224912145897977,0.006956606019827832
131,0.131,0.0001302020226926571,0.0008088930957425651,0.0006264648920574444,0.002502066942501373,0.002228123174594266,0.006936673589368451
132,0.132,0.0001282062876904073,0.0007921730942573667,0.0006263632872984812,0.002489204369158841,0.002231321745534284,0.006916984986801709
133,0.133,0.0001262260829448287,0.0007757391684188791,0.000626264623104654,0.002476518289201877,0.002234507930622888,0.006897535140860969
134,0.134,0.0001242615660406289,0.0007595869654310763,0.0006261688460333032,0.002464004967010272,0.002237681801786361,0.006878319125137282
135,0.135,0.0001223128834291122,0.0007437121871501794,0.0006260759039475221,0.002451660773271286,0.002240843431083373,0.006859332153311534
136,0.136,0.0001203801708946533,0.0007281105904544604,0.0006259857459745669,0.002439482181189042,0.002243992890809703,0.006840569574575002
137,0.137,0.0001184635540121051,0.0007127779875796348,0.0006258983224676736,0.002427465762862699,0.002247130253573421,0.006822026869157866
138,0.138,0.0001165631485951672,0.0006977102464203523,0.0006258135849680543,0.00241560818581334,0.002250255592363266,0.006803699644027454
139,0.139,0.0001146790611359051,0.0006829032907995232,0.0006257314861677616,0.002403906209654618,0.002253368980595855,0.006785583628703743
140,0.14,0.0001128113892356149,0.0006683531007068428,0.0006256519798761082,0.002392356682911135,0.002256470492152201,0.006767674671217383
141,0.141,0.0001109602220269531,0.000654055712506536,0.0006255750209842914,0.002380956539956738,0.002259560201396833,0.006749968734181839
142,0.142,0.0001091256405877668,0.0006400072191171896,0.000625500565434107,0.002369702798089829,0.002262638183191785,0.00673246189101041
143,0.143,0.0001073077183466093,0.0006262037701639404,0.0006254285701854722,0.002358592554719402,0.002265704512893135,0.006715150322234032
144,0.144,0.000105506521480432,0.000612641572106072,0.0006253589931872765,0.002347622984673281,0.0022687592663401,0.00669803031194373
145,0.145,0.0001037221093048254,0.0005993168883425229,0.0006252917933467268,0.002336791337605555,0.002271802519840604,0.006681098244363306
146,0.146,0.0001019545346568427,0.0005862260392955415,0.0006252269305023431,0.002326094935517285,0.002274834350134056,0.006664350600489232
147,0.147,0.0001002038442707959,0.000573365402474915,0.0006251643653959209,0.002315531170368408,0.002277854834368386,0.006647783954901652
148,0.148,9.847007914792407e-05,0.0005607314125279788,0.0006251040596458239,0.002305097501785421,0.00228086405005605,0.006631394972637314
149,0.149,9.675327491956098e-05,0.0005483205612732105,0.0006250459757220624,0.002294791454862044,0.00228386207502617,0.006615180406169082
150,0.15,9.505346220499723e-05,0.0005361293977242099,0.0006249900769214915,0.002284610618042909,0.002286848987384969,0.006599137092523954
151,0.151,9.337066696395222e-05,0.000524154528103301,0.0006249363273432686,0.002274552641087181,0.00228982486545213,0.006583261950438516
152,0.152,9.170491084442233e-05,0.0005123926158490129,0.0006248846918663248,0.00226461523311455,0.002292789787717209,0.006567551977677697
153,0.153,9.00562115266398e-05,0.0005008403816211555,0.0006248351361259294,0.002254796160720209,0.002295743832774954,0.006552004248391079
154,0.154,8.842458306276642e-05,0.0004894946033010711,0.000624787626492877,0.002245093246167741,0.002298687079274823,0.006536615910606332
155,0.155,8.681003621459804e-05,0.0004783521159993182,0.0006247421300513963,0.002235504365643224,0.002301619605858305,0.00652138418377817
156,0.156,8.521257878791066e-05,0.0004674098120626117,0.0006246986145790655,0.002226027447579489,0.002304541491104693,0.006506306356449366
157,0.157,8.363221596581182e-05,0.0004566646410925679,0.000624657048526539,0.002216660471039507,0.002307452813474517,0.006491379783988036
158,0.158,8.206895064040761e-05,0.0004461136099717329,0.0006246174009977234,0.002207401464159193,0.002310353651247585,0.006476601886390163
159,0.159,8.052278374463279e-05,0.0004357537829062609,0.0006245796417313332,0.002198248502649923,0.002313244082477207,0.006461970146204427
160,0.16,7.899371458428209e-05,0.0004255822814846744,0.0006245437410812613,0.002189199708349547,0.002316124184933988,0.00644748210650025
161,0.161,7.748174117106804e-05,0.000415596284756189,0.0006245096700002512,0.002180253247835707,0.00231899403605451,0.00643313536892
162,0.162,7.598686055791303e-05,0.0004057930293342045,0.000624477400020299,0.002171407331075734,0.002321853712897063,0.006418927591818233
163,0.163,7.45090691771183e-05,0.0003961698095273109,0.0006244469032363585,0.002162660210134518,0.002324703292091293,0.006404856488447221
164,0.164,7.30483631820773e-05,0.0003867239775001656,0.000624418152288191,0.002154010177920307,0.002327542849804659,0.006390919825251594
165,0.165,7.160473879386121e-05,0.0003774529434701237,0.0006243911203460178,0.002145455566986405,0.002330372461701219,0.006377115420199099
166,0.166,7.017819265377454e-05,0.0003683541759440844,0.0006243657810911659,0.00213699474835603,0.00233319220289504,0.006363441141153685
167,0.167,6.876872218816619e-05,0.0003594252020268916,0.0006243421087021153,0.002128626130405289,0.002336002147937719,0.006349894904395755
168,0.168,6.737632595752384e-05,0.0003506636076534369,0.0006243200778386611,0.0021203481577771,0.002338802370772284,0.006336474673101125
169,0.169,6.600100405060873e-05,0.0003420670380614011,0.0006242996636239069,0.002112159310323671,0.002341592944715283,0.006323178455946809
170,0.17,6.464275846467663e-05,0.0003336331981930944,0.0006242808416319179,0.002104058102103186,0.002344373942432925,0.006310004305747222
171,0.171,6.330159350335079e-05,0.0003253598531905842,0.0006242635878696466,0.002096043080389993,0.002347145435919191,0.006296950318140882
172,0.172,6.197751618707505e-05,0.0003172448289552879,0.0006242478787646776,0.002088112824736667,0.002349907496487205,0.00628401463035586
173,0.173,6.067053667799873e-05,0.0003092860127794967,0.000624233691147476,0.00208026594604814,0.002352660194741462,0.006271195419964806
174,0.174,5.938066872053552e-05,0.0003014813540539677,0.0006242210022375316,0.002072501085698438,0.002355403600580716,0.006258490903762516
175,0.175,5.81079300983968e-05,0.0002938288650533906,0.0006242097896296252,0.002064816914676276,0.002358137783180371,0.006245899336625536
176,0.176,5.685234311107551e-05,0.0002863266218124678,0.000624200031277025,0.002057212132747686,0.002360862810990555,0.006233419010450479
177,0.177,5.561393506929353e-05,0.0002789727650875317,0.000624191705478267,0.002049685467656807,0.00236357875173536,0.00622104825313007
178,0.178,5.439273881318234e-05,0.0002717655014201502,0.0006241847908613277,0.002042235674343256,0.002366285672403713,0.00620878542754017
179,0.179,5.318879325242442e-05,0.0002647031042960385,0.0006241792663708969,0.00203486153419433,0.002368983639253887,0.006196628930595045
180,0.18,5.200214393162099e-05,0.0002577839154128253,0.0006241751112502852,0.002027561854302564,0.00237167271782087,0.006184577192340886
181,0.181,5.083284362130371e-05,0.0002510063460558244,0.0006241723050293145,0.002020335466765916,0.002374352972906751,0.006172628675033849
182,0.182,4.968095293632384e-05,0.0002443688785873869,0.0006241708275094948,0.002013181228000408,0.002377024468600031,0.006160781872322651
183,0.183,4.854654098221494e-05,0.0002378700680498017,0.000624170658746703,0.002006098018065961,0.002379687268274245,0.00614903530840378
184,0.184,4.742968603114997e-05,0.0002315085438866765,0.0006241717790387378,0.001999084740027998,0.002382341434597022,0.006137387537230312
185,0.185,4.633047622760782e-05,0.0002252830117802757,0.000624174168908628,0.001992140319324872,0.002384987029534522,0.006125837141733874
186,0.186,4.524901032403252e-05,0.0002191922556032593,0.0006241778090894013,0.001985263703158905,0.002387624114369429,0.006114382733106018
187,0.187,4.418539844590845e-05,0.0002132351394791306,0.0006241826805105011,0.001978453859910518,0.002390252749704071,0.006103022950063788
188,0.188,4.313976288622897e-05,0.0002074106099486318,0.0006241887642795011,0.001971709778555166,0.002392872995469316,0.006091756458153392
189,0.189,4.211223892603189e-05,0.0002017176982235027,0.0006241960416679702,0.001965030468110134,0.002395484910938232,0.006080581949087194
190,0.19,4.110297567984633e-05,0.0001961555225200697,0.0006242044940956995,0.001958414957092616,0.002398088554736639,0.006069498140093639
191,0.191,4.011213696050306e-05,0.0001907232904443816,0.0006242141031134675,0.001951862292988709,0.002400683984857065,0.006058503773296037
192,0.192,3.913990215890819e-05,0.0001854203014069495,0.0006242248503888251,0.001945371541747288,0.002403271258660863,0.006047597615080262
193,0.193,3.818646713027256e-05,0.0001802459490264002,0.0006242367176867213,0.001938941787272267,0.002405850432897965,0.006036778455526001
194,0.194,3.72520450784974e-05,0.0001751997234834784,0.0006242496868556927,0.001932572130946552,0.002408421563712941,0.006026045107821654
195,0.195,3.63368674244885e-05,0.000170281213760219,0.000624263739808589,0.001926261691152638,0.002410984706656749,0.00601539640771049
196,0.196,3.544118464533124e-05,0.0001654901097063124,0.0006242788585072011,0.001920009602818596,0.00241353991670361,0.006004831212966612
197,0.197,3.456526706337274e-05,0.00016082620383968,0.0006242950249449258,0.001913815016970801,0.002416087248250059,0.005994348402842494
198,0.198,3.370940556369193e-05,0.0001562893927882073,0.0006243122211261865,0.001907677100289144,0.002418626755129712,0.00598394687757155
199,0.199,3.287391221068828e-05,0.0001518796782463828,0.0006243304290533546,0.001901595034697258,0.00242115849063313,0.005973625557898488
200,0.2,3.205912073286203e-05,0.0001475971673163839,0.0006243496307048887,0.001895568016937457,0.002423682507497996,0.005963383384550251
201,0.201,3.126538683460056e-05,0.0001434420720596671,0.0006243698080190489,0.001889595258174031,0.002426198857936999,0.005953219317815109
202,0.202,3.049308829215485e-05,0.0001394147080823486,0.0006243909428753247,0.001883675983600316,0.002428707593632163,0.005943132337051868
203,0.203,2.974262478120346e-05,0.0001355154919377851,0.0006244130170733844,0.00187780943204906,0.002431208765755033,0.005933121440276681
204,0.204,2.90144173784476e-05,0.0001317449371130729,0.000624436012318156,0.001871994855631279,0.002433702424970245,0.005923185643721412
205,0.205,2.830890767306732e-05,0.0001281036483423474,0.0006244599101965992,0.001866231519360187,0.002436188621437718,0.005913323981400941
206,0.206,2.762655641826103e-05,0.0001245923139712515,0.0006244846921620624,0.001860518700807377,0.0024386674048289,0.005903535504727474
207,0.207,2.696784164879825e-05,0.0001212116960847568,0.000624510339511007,0.001854855689745475,0.002441138824333158,0.0058938192821117
208,0.208,2.633325618894291e-05,0.0001179626181108729,0.0006245368333672377,0.001849241787822271,0.002443602928658665,0.005884174398562131
209,0.209,2.572330447462779e-05,0.0001148459496179733,0.0006245641546574312,0.001843676308217622,0.00244605976604282,0.005874599955318727
210,0.21,2.513849862044955e-05,0.0001118625880602331,0.0006245922840958798,0.001838158575336163,0.002448509384261508,0.005865095069493799
211,0.211,2.457935366958963e-05,0.0001090134372652175,0.0006246212021598262,0.001832687924480532,0.002450951830629188,0.00585565887370132
212,0.212,2.404638198244879e-05,0.0001062993825406333,0.000624650889072463,0.00182726370155492,0.002453387152011097,0.005846290515725247
213,0.213,2.354008674168305e-05,0.000103721262376531,0.0006246813247796285,0.001821885262758048,0.002455815394823455,0.005836989158168697
214,0.214,2.306095458238973e-05,0.0001012798368556719,0.0006247124889315755,0.001816551974298396,0.002458236605041397,0.005827753978130678
215,0.215,2.260944739445994e-05,9.897575304888377e-05,0.0006247443608604348,0.001811263212104109,0.002460650828209667,0.005818584166898835
216,0.216,2.218599339025807e-05,9.680950786593744e-05,0.0006247769195607396,0.001806018361548894,0.002463058109432854,0.005809478929601771
217,0.217,2.17909775818261e-05,9.478140904194589e-05,0.0006248101436666698,0.001800816817175175,0.002465458493399175,0.005800437484950048
218,0.218,2.142473186803361e-05,9.289153516538128e-05,0.0006248440114326828,0.00179565798243384,0.002467852024371276,0.005791459064906748
219,0.219,2.108752498527399e-05,9.113969586038893e-05,0.0006248785007125399,0.001790541269425607,0.002470238746199078,0.005782542914418382
220,0.22,2.077955262737782e-05,8.952539343223289e-05,0.0006249135889368496,0.001785466098644412,0.002472618702316826,0.005773688291116344
221,0.221,2.050092807740303e-05,8.804778741080861e-05,0.0006249492530942791,0.001780431898737488,0.002474991935756492,0.005764894465063945
222,0.222,2.025167372130691e-05,8.670566350862374e-05,0.0006249854697083448,0.001775438106258466,0.002477358489144668,0.005756160718472606
223,0.223,2.003171381361169e-05,8.549740847293236e-05,0.0006250222148177141,0.001770484165436398,0.002479718404713805,0.005747486345457963
224,0.224,1.984086884730133e-05,8.442099219977122e-05,0.0006250594639556329,0.001765569527947686,0.002482071724300609,0.005738870651773322
225,0.225,1.967885183106351e-05,8.347395823654699e-05,0.0006250971921285223,0.001760693652691058,0.00248441848934955,0.005730312954561451
226,0.226,1.954526670826829e-05,8.265342348276162e-05,0.0006251353737968385,0.001755856005574083,0.002486758740923363,0.005721812582129249
227,0.227,1.943960905713366e-05,8.195608747975758e-05,0.0006251739828518515,0.001751056059293289,0.002489092519707963,0.005713368873715259
228,0.228,1.936126910871821e-05,8.137825124015301e-05,0.00062521299259825,0.001746293293135557,0.002491419866003675,0.005704981179232068
229,0.229,1.930953700465733e-05,8.091584508954799e-05,0.0006252523757333876,0.00174156719277471,0.002493740819746029,0.005696648859082655
230,0.23,1.928361011215574e-05,8.056446457097541e-05,0.0006252921043270401,0.001736877250074241,0.002496055420493325,0.005688371283905797
231,0.231,1.928260211622436e-05,8.031941308037745e-05,0.0006253321498014591,0.001732222962895251,0.002498363707448987,0.005680147834407095
232,0.232,1.930555353889401e-05,8.017574964247614e-05,0.0006253724829130238,0.001727603834913201,0.002500665719451711,0.005671977901121564
233,0.233,1.935144328407512e-05,8.012834006360551e-05,0.0006254130737338861,0.0017230193754387,0.002502961494978202,0.005663860884209997
234,0.234,1.941920079041167e-05,8.017190967296878e-05,0.0006254538916324319,0.001718469099239148,0.002505251072159465,0.005655796193291799
235,0.235,1.950771837812018e-05,8.030109592118692e-05,0.0006254949052544237,0.001713952526366114,0.002507534488773524,0.00564778324722854
236,0.236,1.961586341081653e-05,8.051049928934012e-05,0.0006255360825079843,0.001709469181997185,0.002509811782259738,0.005639821473961781
237,0.237,1.97424899386058e-05,8.079473118282159e-05,0.0006255773905415671,0.001705018596261948,0.002512082989708488,0.005631910310299286
238,0.238,1.988644955356738e-05,8.11484577794074e-05,0.000625618795733274,0.001700600304102956,0.00251434814787438,0.005624049201759557
239,0.239,2.00466012534568e-05,8.156643908737613e-05,0.0006256602636677445,0.001696213845105825,0.002516607293183633,0.0056162376024071
240,0.24,2.022182017851823e-05,8.204356276622951e-05,0.0006257017591259723,0.001691858763368072,0.002518860461728977,0.005608474974663828
241,0.241,2.041100514738229e-05,8.257487251914974e-05,0.0006257432460661671,0.001687534607346701,0.002521107689278832,0.005600760789157219
242,0.242,2.061308497553654e-05,8.315559110192683e-05,0.0006257846876105874,0.001683240929725076,0.00252334901127708,0.005593094524550782
243,0.243,2.082702360293065e-05,8.378113816456794e-05,0.0006258260460303626,0.001678977287277337,0.002525584462853591,0.005585475667402918
244,0.244,2.105182409460632e-05,8.444714328590811e-05,0.0006258672827324743,0.001674743240741559,0.002527814078815595,0.005577903711986703
245,0.245,2.128653160210868e-05,8.514945464822127e-05,0.0006259083582472186,0.001670538354696861,0.002530037893668772,0.005570378160179582
246,0.246,2.153023539068604e-05,8.588414385698029e-05,0.0006259492322135362,0.001666362197437494,0.002532255941605759,0.005562898521284145
247,0.247,2.178207004403269e-05,8.664750742597649e-05,0.0006259898633700989,0.001662214340864997,0.002534468256514711,0.005555464311897022
248,0.248,2.20412159620564e-05,8.743606545073909e-05,0.0006260302095418327,0.001658094360370486,0.002536674871987746,0.0055480750557809
249,0.249,2.230689926254461e-05,8.824655796303009e-05,0.0006260702276318459,0.001654001834733792,0.002538875821317311,0.005540730283713107
250,0.25,2.257839119173953e-05,8.90759394248798e-05,0.00062610987360941,0.001649936346014395,0.002541071137500958,0.005533429533356138
251,0.251,2.285500714053891e-05,8.992137177770963e-05,0.0006261491025031757,0.001645897479458433,0.002543260853247872,0.005526172349134814
252,0.252,2.313610535192103e-05,9.078021640917447e-05,0.0006261878683916565,0.001641884823400474,0.002545445000982647,0.005518958282111021
253,0.253,2.342108539671239e-05,9.165002535918427e-05,0.0006262261243964654,0.001637897969174748,0.002547623612843363,0.005511786889848317
254,0.254,2.370938648084047e-05,9.252853202494097e-05,0.0006262638226759326,0.001633936511029188,0.002549796720688667,0.005504657736299582
255,0.255,2.400048564124564e-05,9.341364159596534e-05,0.0006263009144191822,0.001630000046042527,0.002551964356102188,0.005497570391691611
256,0.256,2.429389587576156e-05,9.43034213990234e-05,0.0006263373498406083,0.001626088174044228,0.002554126550395028,0.005490524432407824
257,0.257,2.458916424473889e-05,9.519609129986291e-05,0.0006263730781770784,0.001622200497543335,0.002556283334602686,0.005483519440862292
258,0.258,2.48858699753707e-05,9.609001427923904e-05,0.0006264080476838005,0.001618336621655213,0.002558434739500256,0.005476555005415406
259,0.259,2.518362259112571e-05,9.698368726530654e-05,0.0006264422056325263,0.001614496154036135,0.00256058079559121,0.005469630720235139
260,0.26,2.548206008699218e-05,9.787573229622669e-05,0.0006264754983094591,0.001610678704818417,0.002562721533124755,0.005462746185222488
261,0.261,2.578084716270566e-05,9.876488805267292e-05,0.0006265078710149872,0.001606883886551789,0.002564856982088416,0.005455901005886051
262,0.262,2.607967352425257e-05,9.965000179192244e-05,0.0006265392680641944,0.001603111314147986,0.002566987172216868,0.005449094793253514
263,0.263,2.637825226082693e-05,0.0001005300217027909,0.000626569632787868,0.001599360604827902,0.002569112132987877,0.005442327163758288
264,0.264,2.667631830117566e-05,0.0001014039896879624,0.0006265989075342666,0.001595631378071972,0.002571231893634672,0.005435597739163129
265,0.265,2.697362695194644e-05,0.0001022710345752108,0.0006266270336726465,0.001591923255576077,0.002573346483139667,0.005428906146446426
266,0.266,2.726995251653737e-05,0.0001031303657434578,0.0006266539515965935,0.001588235861208079,0.002575455930247789,0.005422252017732021
267,0.267,2.756508699718488e-05,0.0001039812671659404,0.0006266796007294394,0.001584568820970676,0.002577560263455981,0.005415634990170752
268,0.268,2.785883887512985e-05,0.0001048230918430783,0.0006267039195296255,0.001580921762965032,0.00257965951102647,0.00540905470587442
269,0.269,2.815103196818894e-05,0.0001056552566150438,0.0006267268454965756,0.001577294317356588,0.002581753700982961,0.005402510811815389
270,0.27,2.844150436274395e-05,0.000106477237335662,0.0006267483151797651,0.001573686116349924,0.002583842861121085,0.005396002959758315
271,0.271,2.873010741580784e-05,0.0001072885643845989,0.0006267682641858519,0.001570096794159299,0.002585927019000192,0.005389530806154314
272,0.272,2.901670482494094e-05,0.0001080888185032098,0.0006267866271883141,0.001566525986986411,0.002588006201953545,0.005383094012076039
273,0.273,2.930117176139097e-05,0.000108877626930797,0.0006268033379371671,0.001562973332998944,0.00259008043708791,0.005376692243131892
274,0.274,2.958339406327728e-05,0.000109654659823927,0.0006268183292715957,0.001559438472317084,0.002592149751290066,0.005370325169396474
275,0.275,2.98632674849262e-05,0.0001104196269391701,0.0006268315331306309,0.001555921046995721,0.002594214171223472,0.005363992465322355
276,0.276,3.014069699959467e-05,0.000111172274564239,0.0006268428805642092,0.001552420701008209,0.002596273723333673,0.005357693809671573
277,0.277,3.041559615044426e-05,0.000111912382674062,0.0006268523017515372,0.001548937080248644,0.002598328433850682,0.005351428885442777
278,0.278,3.068788644856827e-05,0.0001126397623033012,0.0006268597260103511,0.001545469832512193,0.002600378328786923,0.005345197379789996
279,0.279,3.095749681344155e-05,0.0001133542531144407,0.0006268650818158941,0.001542018607499738,0.002602423433946878,0.00533899898396823
280,0.28,3.122436305293462e-05,0.0001140557211474593,0.0006268682968163172,0.001538583056814178,0.00260446377492872,0.005332833393262974
281,0.281,3.148842738139476e-05,0.0001147440567423721,0.0006268692978462261,0.001535162833952405,0.002606499377117301,0.005326700306904068
282,0.282,3.174963797127638e-05,0.00011541917261512,0.0006268680109505953,0.001531757594323141,0.002608530265697969,0.005320599428023353
283,0.283,3.200794853677215e-05,0.0001160810020784656,0.0006268643613976219,0.001528366995237934,0.002610556465645694,0.00531453046356356
284,0.284,3.22633179479409e-05,0.0001167294973998506,0.0006268582737015577,0.001524990695926674,0.002612578001744484,0.005308493124250157
285,0.285,3.251570987142206e-05,0.000117364628279719,0.0006268496716407169,0.001521628357541707,0.002614594898571221,0.005302487124492048
286,0.286,3.276509243656483e-05,0.0001179863804439251,0.0006268384782789175,0.001518279643170358,0.002616607180511477,0.00529651218234856
287,0.287,3.301143792628626e-05,0.0001185947543457885,0.0006268246159867447,0.001514944217847214,0.002618614871758441,0.005290568019463702
288,0.288,3.325472248817812e-05,0.0001191897639598087,0.000626808006463445,0.001511621748568148,0.002620617996305432,0.005284654360988188
289,0.289,3.349492586710373e-05,0.0001197714356698882,0.0006267885707605063,0.001508311904308308,0.002622616577958363,0.005278770935543617
290,0.29,3.373203115593655e-05,0.0001203398072384683,0.0006267662293041848,0.001505014356037811,0.002624610640335906,0.005272917475162393
291,0.291,3.396602456379492e-05,0.0001208949268529089,0.0006267409019201456,0.0015017287767425,0.002626600206871374,0.005267093715232994
292,0.292,3.419689520060481e-05,0.0001214368522436055,0.000626712507856666,0.001498454841441254,0.002628585300809754,0.00526129939443557
293,0.293,3.442463487564272e-05,0.0001219656498643153,0.0006266809658113958,0.001495192227211921,0.002630565945211199,0.005255534254692823
294,0.294,3.464923791120439e-05,0.000122481394137674,0.0006266461939572106,0.001491940613214938,0.002632542162963974,0.005249798041140011
295,0.295,3.487070096827131e-05,0.0001229841667537621,0.0006266081099663412,0.001488699680712903,0.00263451397676766,0.005244090502036888
296,0.296,3.508902288372855e-05,0.0001234740560192583,0.0006265666310400135,0.001485469113103161,0.002636481409147122,0.005238411388742064
297,0.297,3.530420451984489e-05,0.000123951156258809,0.0006265216739330422,0.001482248595938358,0.002638444482452159,0.005232760455659888
298,0.298,3.551624862215926e-05,0.0001244155672542489,0.0006264731549837274,0.001479037816959473,0.002640403218864008,0.005227137460201784
299,0.299,3.57251596883423e-05,0.0001248673937299949,0.0006264209901399304,0.001475836466119718,0.002642357640378542,0.005221542162702184
300,0.3,3.593094384533394e-05,0.0001253067448744551,0.0006263650949887705,0.001472644235616953,0.002644307768836684,0.005215974326429738
301,0.301,3.613360873436734e-05,0.0001257337338954715,0.000626305384785896,0.001469460819924791,0.002646253625895287,0.005210433717480354
302,0.302,3.633316340372834e-05,0.00012614847760874,0.0006262417744828906,0.001466285915819367,0.002648195233058051,0.005204920104791229
303,0.303,3.65296182091359e-05,0.0001265510960582409,0.0006261741787607037,0.001463119222420125,0.002650132611651743,0.0051994332600464
304,0.304,3.672298471925365e-05,0.0001269417121595689,0.0006261025120528038,0.001459960441206126,0.002652065782851015,0.005193972957680214
305,0.305,3.691327562919748e-05,0.000127320451375649,0.0006260266885839762,0.001456809276069165,0.002653994767654807,0.005188538974785299
306,0.306,3.710050467778383e-05,0.000127687441409689,0.0006259466223923082,0.001453665433327104,0.002655919586911076,0.005183131091117074
307,0.307,3.72846865716745e-05,0.0001280428119259093,0.0006258622273657644,0.001450528621771359,0.002657840261306381,0.005177749089029846
308,0.308,3.74658369131129e-05,0.0001283866942862806,0.0006257734172706891,0.00144739855269517,0.002659756811365765,0.005172392753433675
309,0.309,3.764397213333374e-05,0.0001287192213101355,0.0006256801057829669,0.001444274939928063,0.002661669257468454,0.005167061871783163
310,0.31,3.78191094294485e-05,0.0001290405270487823,0.0006255822065179035,0.001441157499867063,0.002663577619825641,0.005161756233993131
311,0.311,3.79912667056758e-05,0.0001293507465778489,0.0006254796330653063,0.00143804595151981,0.002665481918507577,0.005156475632450643
312,0.312,3.816046251787193e-05,0.0001296500158035162,0.0006253722990149658,0.001434940016525285,0.002667382173425609,0.005151219861940684
313,0.313,3.832671602250216e-05,0.0001299384712862966,0.0006252601179950779,0.00143183941920422,0.002669278404343659,0.005145988719629169
314,0.314,3.849004692752132e-05,0.0001302162500735164,0.0006251430036963718,0.001428743886576374,0.00267117063088067,0.005140782005029634
315,0.315,3.86504754470761e-05,0.0001304834895468089,0.000625020869910508,0.001425653148410557,0.002673058872496686,0.005135599519938525
316,0.316,3.880802225934208e-05,0.0001307403272820923,0.0006248936305569402,0.001422566937247754,0.002674943148524632,0.005130441068459801
317,0.317,3.896270846577259e-05,0.0001309869009160224,0.0006247611997143074,0.001419484988434764,0.002676823478134027,0.005125306456898394
318,0.318,3.911455555397606e-05,0.0001312233480262792,0.0006246234916566819,0.001416407040168526,0.002678699880364879,0.005120195493790228
319,0.319,3.926358536262573e-05,0.0001314498060201047,0.0006244804208777139,0.001413332833512732,0.002680572374111503,0.00511510798983577
320,0.32,3.940982004779787e-05,0.000131666412028978,0.0006243319021290385,0.001410262112446817,0.002682440978126951,0.005110043757874246
321,0.321,3.955328205265487e-05,0.0001318733028156904,0.0006241778504461303,0.001407194623886123,0.002684305711026494,0.005105002612856483
322,0.322,3.969399407762327e-05,0.0001320706146841832,0.0006240181811819539,0.001404130117719756,0.002686166591288123,0.005099984371812768
323,0.323,3.983197905346944e-05,0.000132258483400051,0.0006238528100364786,0.001401068346838773,0.002688023637256937,0.005094988853828321
324,0.324,3.996726011517311e-05,0.0001324370441146255,0.0006236816530886129,0.001398009067169817,0.002689876867133251,0.00509001587998889
325,0.325,4.009986057817254e-05,0.0001326064312977568,0.0006235046268265761,0.001394952037704952,0.002691726298996222,0.005085065273394105
326,0.326,4.022980391515312e-05,0.0001327667786731597,0.0006233216481749451,0.00139189702052407,0.002693571950784534,0.005080136859089551
327,0.327,4.035711373510606e-05,0.0001329182191619523,0.0006231326345308325,0.001388843780837476,0.00269541384031103,0.005075230464064509
328,0.328,4.048181376324497e-05,0.0001330608848296301,0.0006229375037869821,0.001385792086999191,0.002697251985252058,0.005070345917201512
329,0.329,4.060392782183727e-05,0.0001331949068366167,0.0006227361743658218,0.0013827417105446,0.002699086403167399,0.005065483049284698
330,0.33,4.072347981290482e-05,0.0001333204153954669,0.0006225285652470587,0.001379692426213512,0.002700917111475797,0.005060641692924917
331,0.331,4.08404937012098e-05,0.0001334375397294254,0.0006223145959961252,0.001376644011975146,0.002702744127476371,0.005055821682571311
332,0.332,4.095499349893907e-05,0.0001335464080369624,0.0006220941867924541,0.001373596249052582,0.002704567468348588,0.005051022854483713
333,0.333,4.106700325083574e-05,0.0001336471474581098,0.0006218672584604587,0.001370548921953091,0.002706387151139326,0.005046245046680544
334,0.334,4.117654702065044e-05,0.0001337398840454043,0.0006216337324924893,0.001367501818480767,0.002708203192777987,0.005041488098940232
335,0.335,4.128364887761934e-05,0.0001338247427351959,0.0006213935310815331,0.001364454729770483,0.002710015610068577,0.005036751852760094
336,0.336,4.138833288514212e-05,0.000133901847326326,0.0006211465771434253,0.001361407450298743,0.002711824419703988,0.005032036151356544
337,0.337,4.14906230883511e-05,0.0001339713204554076,0.0006208927943468951,0.001358359777911747,0.002713629638247238,0.005027340839604546
338,0.338,4.15905435042635e-05,0.0001340332835806371,0.0006206321071392311,0.001355311513843751,0.00271543128214883,0.005022665764044867
339,0.339,4.168811811131654e-05,0.0001340878569637418,0.0006203644407704243,0.001352262462732091,0.002717229367743958,0.005018010772853803
340,0.34,4.178337083993718e-05,0.0001341351596553806,0.0006200897213201043,0.001349212432638333,0.002719023911248168,0.005013375715810771
341,0.341,4.187632556369479e-05,0.0001341753094824955,0.0006198078757232007,0.001346161235066562,0.0027208149287643,0.005008760444287277
342,0.342,4.196700609094193e-05,0.0001342084230373079,0.0006195188317894884,0.001343108684968443,0.002722602436282382,0.005004164811222936
343,0.343,4.205543615718152e-05,0.0001342346156686804,0.0006192225182364588,0.00134005460077725,0.002724386449679016,0.004999588671101195
344,0.344,4.214163941767557e-05,0.000134254001474264,0.0006189188647025723,0.001336998804399224,0.002726166984717871,0.004995031879927273
345,0.345,4.222563944075518e-05,0.000134266693294904,0.0006186078017788533,0.001333941121244903,0.00272794405705945,0.004990494295223822
346,0.346,4.230745970107077e-05,0.00013427280270883,0.0006182892610261924,0.00133088138022943,0.002729717682242685,0.004985975775974739
347,0.347,4.238712357380097e-05,0.0001342724400288879,0.00061796317499872,0.001327819413786098,0.002731487875711577,0.004981476182652406
348,0.348,4.24646543295515e-05,0.0001342657143019017,0.0006176294772672692,0.001324755057880119,0.002733254652791656,0.004976995377153238
349,0.349,4.254007512830943e-05,0.0001342527333049933,0.0006172881024359035,0.00132168815200756,0.002735018028707257,0.004972533222807944
350,0.35,4.261340901505033e-05,0.0001342336035470758,0.0006169389861677499,0.001318618539214373,0.002736778018579121,0.004968089584356743
351,0.351,4.268467891509044e-05,0.0001342084302694599,0.0006165820652002681,0.001315546066092796,0.002738534637420781,0.004963664327922023
352,0.352,4.275390763008302e-05,0.0001341773174483963,0.0006162172773669843,0.001312470582791809,0.002740287900142689,0.004959257320995943
353,0.353,4.282111783379688e-05,0.0001341403677968473,0.0006158445616169866,0.001309391943022782,0.00274203782155022,0.004954868432417084
354,0.354,4.288633206853843e-05,0.0001340976827681717,0.0006154638580308457,0.001306310004057729,0.002743784416357064,0.00495049753237531
355,0.355,4.294957274177821e-05,0.000134049362560344,0.000615075107838593,0.001303224626732042,0.002745527699161533,0.004946144492349308
356,0.356,4.301086212311329e-05,0.0001339955061211049,0.0006146782534400695,0.001300135675452418,0.002747267684475976,0.004941809185141571
357,0.357,4.307022234132986e-05,0.0001339362111532941,0.000614273238417348,0.001297043018188046,0.002749004386708375,0.004937491484826128
358,0.358,4.312767538175269e-05,0.0001338715741209578,0.0006138600075556114,0.001293946526479953,0.002750737820165316,0.004933191266735814
359,0.359,4.31832430834848e-05,0.0001338016902549697,0.0006134385068514752,0.001290846075423918,0.002752467999061345,0.004928908407461147
360,0.36,4.323694713773003e-05,0.0001337266535618935,0.0006130086835358729,0.001287741543684299,0.002754194937516198,0.004924642784827623
361,0.361,4.328880908494152e-05,0.000133646556829043,0.0006125704860834642,0.00128463281347973,0.002755918649549351,0.004920394277868464
362,0.362,4.333885031385393e-05,0.0001335614916352388,0.0006121238642267927,0.001281519770578832,0.002757639149089346,0.004916162766824247
363,0.363,4.338709205878068e-05,0.000133471548356046,0.0006116687689726182,0.001278402304300873,0.002759356449970982,0.004911948133120979
364,0.364,4.343355539905332e-05,0.0001333768161754766,0.0006112051526106202,0.001275280307500517,0.002761070565933267,0.004907750259349706
365,0.365,4.347826125665403e-05,0.0001332773830919577,0.0006107329687282161,0.001272153676565635,0.002762781510630185,0.004903569029269499
366,0.366,4.352123039571919e-05,0.0001331733359299127,0.0006102521722218865,0.001269022311408047,0.002764489297616166,0.004899404327765324
367,0.367,4.356248342077454e-05,0.0001330647603472803,0.0006097627193058279,0.001265886115448911,0.002766193940365285,0.0048952560408664
368,0.368,4.360204077628658e-05,0.0001329517408469046,0.0006092645675264604,0.001262744995616534,0.002767895452253886,0.00489112405569952
369,0.369,4.363992274551014e-05,0.0001328343607856124,0.0006087576757697494,0.00125959886232947,0.002769593846570369,0.004887008260491221
370,0.37,4.367614944979032e-05,0.0001327127023845198,0.0006082420042688684,0.00125644762948064,0.002771289136524573,0.004882908544569178
371,0.371,4.371074084757208e-05,0.000132586846738276,0.00060771751461717,0.001253291214432663,0.002772981335225248,0.004878824798307218
372,0.372,4.374371673444945e-05,0.0001324568738273217,0.0006071841697742394,0.001250129537999158,0.002774670455710667,0.004874756913164978
373,0.373,4.377509674249468e-05,0.0001323228625277695,0.0006066419340738602,0.001246962524430211,0.002776356510921792,0.004870704781625839
374,0.374,4.380490033965194e-05,0.0001321848906213425,0.0006060907732305018,0.001243790101395153,0.002778039513718143,0.004866668297210675
375,0.375,4.383314682969378e-05,0.0001320430348068343,0.0006055306543468771,0.001240612199967805,0.002779719476875583,0.00486264735445978
376,0.376,4.385985535181368e-05,0.0001318973707103207,0.0006049615459199416,0.001237428754608763,0.002781396413089169,0.00485864184892437
377,0.377,4.388504488088002e-05,0.0001317479728971901,0.0006043834178480089,0.001234239703150295,0.002783070334970863,0.004854651677148446
378,0.378,4.390873422741774e-05,0.0001315949148831869,0.0006037962414319174,0.001231044986769363,0.002784741255042981,0.004850676736644072
379,0.379,4.393094203704483e-05,0.0001314382691436667,0.0006031999893850972,0.001227844549979107,0.002786409185761143,0.00484671692591845
380,0.38,4.395168679113498e-05,0.0001312781071263668,0.0006025946358313078,0.001224638340595557,0.002788074139491141,0.004842772144420039
381,0.381,4.397098680688882e-05,0.0001311144992622313,0.0006019801563151883,0.001221426309730654,0.002789736128520607,0.004838842292546336
382,0.382,4.398886023734816e-05,0.0001309475149759211,0.0006013565278001625,0.001218208411759898,0.002791395165054518,0.004834927271623379
383,0.383,4.400532507188827e-05,0.0001307772226975852,0.0006007237286734678,0.001214984604304851,0.002793051261231421,0.004831026983921188
384,0.384,4.402039913660504e-05,0.0001306036898741519,0.0006000817387466895,0.001211754848206788,0.002794704429100569,0.004827141332602109
385,0.385,4.403410009438264e-05,0.0001304269829795288,0.000599430539260221,0.001208519107508622,0.002796354680640827,0.004823270221741193
386,0.386,4.40464454458981e-05,0.0001302471675274146,0.0005987701128817248,0.001205277349425039,0.00279800202774969,0.004819413556295238
387,0.387,4.40574525293411e-05,0.0001300643080801533,0.000598100443708135,0.001202029544320178,0.002799646482254076,0.00481557124210985
388,0.388,4.406713852137422e-05,0.0001298784682611153,0.0005974215172669422,0.001198775665684075,0.002801288055907573,0.004811743185902871
389,0.389,4.407552043795709e-05,0.0001296897107665081,0.0005967333205147911,0.001195515690104164,0.00280292676038035,0.004807929295235501
390,0.39,4.408261513429585e-05,0.0001294980973744647,0.000596035841835202,0.001192249597235297,0.002804562607281033,0.00480412947853894
391,0.391,4.408843930614438e-05,0.0001293036889579663,0.0005953290710432303,0.001188977369784033,0.00280619560813382,0.004800343645063629
392,0.392,4.409300948975009e-05,0.0001291065454936259,0.000594612999377231,0.001185698993467481,0.002807825774394657,0.004796571704896111
393,0.393,4.40963420632668e-05,0.0001289067260746394,0.0005938876195028375,0.001182414456996886,0.002809453117455762,0.004792813568956205
394,0.394,4.409845324707625e-05,0.0001287042889203886,0.0005931529255071621,0.001179123752042032,0.002811077648625692,0.004789069148951843
395,0.395,4.409935910461741e-05,0.0001284992913873852,0.0005924089128963647,0.001175826873202753,0.002812699379149492,0.00478533835740326
396,0.396,4.409907554321385e-05,0.0001282917899800765,0.000591655578595906,0.001172523817986138,0.002814318320203795,0.004781621107624205
397,0.397,4.409761831461627e-05,0.0001280818403606718,0.0005908929209433513,0.001169214586769247,0.002815934482887365,0.00477791731369554
398,0.398,4.409500301648127e-05,0.0001278694973615638,0.0005901209396875186,0.001165899182774826,0.002817547878238104,0.004774226890484234
399,0.399,4.409124509232686e-05,0.0001276548149931809,0.0005893396359817691,0.00116257761203571,0.002819158517235667,0.004770549753637819
400,0.4,4.408635983326403e-05,0.0001274378464568582,0.0005885490123818973,0.001159249883368783,0.002820766410756842,0.004766885819498512
401,0.401,4.408036237827984e-05,0.0001272186441533817,0.0005877490728399539,0.001155916008341166,0.002822371569659182,0.004763235005236219
402,0.402,4.407326771542198e-05,0.0001269972596940119,0.0005869398227002322,0.001152576001241101,0.002823974004686103,0.004759597228677196
403,0.403,4.406509068243401e-05,0.0001267737439097827,0.0005861212686918528,0.001149229879042448,0.00282557372655108,0.004755972408437972
404,0.404,4.405584596834695e-05,0.0001265481468634393,0.0005852934189259418,0.00114587766137862,0.002827170745888755,0.004752360463833045
405,0.405,4.404554811357656e-05,0.0001263205178569373,0.0005844562828862103,0.00114251937050391,0.002828765073272818,0.004748761314895944
406,0.406,4.40342115112447e-05,0.0001260909054423457,0.0005836098714260828,0.001139155031267978,0.002830356719196461,0.004745174882337185
407,0.407,4.402185040860708e-05,0.0001258593574329293,0.0005827541967569604,0.001135784671073435,0.002831945694112288,0.004741601087602994
408,0.408,4.400847890737109e-05,0.0001256259209109221,0.0005818892724487717,0.001132408319857732,0.002833532008396706,0.004738039852806184
409,0.409,4.3994110964764e-05,0.0001253906422373372,0.0005810151134156748,0.001129026010046393,0.002835115672361946,0.004734491100737909
410,0.41,4.397876039509301e-05,0.0001251535670630615,0.0005801317359100665,0.001125637776522932,0.00283669669626731,0.004730954754878026
411,0.411,4.39624408701174e-05,0.0001249147403364414,0.0005792391575183025,0.001122243656602376,0.002838275090305349,0.004727430739363355
412,0.412,4.394516592022306e-05,0.0001246742063130437,0.0005783373971489499,0.00111884368999061,0.002839850864606021,0.004723918978986535
413,0.413,4.39269489359548e-05,0.0001244320085663208,0.0005774264750276496,0.001115437918756915,0.002841424029229967,0.004720419399176379
414,0.414,4.390780316810506e-05,0.0001241881899940585,0.0005765064126835376,0.001112026387290595,0.002842994594208255,0.004716931926056479
415,0.415,4.388774172968431e-05,0.0001239427928300628,0.0005755772329450207,0.001108609142275926,0.002844562569469993,0.004713456486316089
416,0.416,4.386677759643079e-05,0.0001236958586515848,0.0005746389599304089,0.001105186232657672,0.002846127964913823,0.004709993007321596
417,0.417,4.384492360780545e-05,0.0001234474283880262,0.0005736916190355718,0.001101757709601028,0.00284769079038085,0.004706541417063862
418,0.418,4.382219246845077e-05,0.0001231975423308452,0.0005727352369286246,0.001098323626465622,0.002849251055631184,0.004703101644111111
419,0.419,4.379859674892784e-05,0.0001229462401413142,0.0005717698415374748,0.001094884038766055,0.002850808770387788,0.004699673617674697
420,0.42,4.3774148886657e-05,0.0001226935608587664,0.0005707954620395136,0.001091439004136898,0.002852363944302795,0.004696257267545433
421,0.421,4.374886118739354e-05,0.0001224395429102289,0.0005698121288541751,0.001087988582303593,0.002853916586990329,0.004692852524140758
422,0.422,4.37227458256632e-05,0.0001221842241170528,0.0005688198736322807,0.001084532835047491,0.002855466707987848,0.00468945931843337
423,0.423,4.369581484679209e-05,0.0001219276417058979,0.0005678187292401035,0.001081071826161119,0.002857014316789317,0.004686077581999112
424,0.424,4.366808016692433e-05,0.0001216698323139988,0.0005668087297602609,0.001077605621436017,0.00285855942281953,0.004682707246967181
425,0.425,4.363955357433207e-05,0.0001214108319979554,0.0005657899104687144,0.001074134288605229,0.002860102035464194,0.004679348246063195
426,0.426,4.361024673118083e-05,0.0001211506762436861,0.0005647623078338509,0.001070657897328243,0.002861642164040347,0.004676000512553138
427,0.427,4.358017117374969e-05,0.0001208893999719906,0.0005637259594961141,0.001067176519139267,0.002863179817825053,0.004672663980284119
428,0.428,4.354933831362693e-05,0.0001206270375467441,0.0005626809042664605,0.001063690227431627,0.002864715006033292,0.004669338583641024
429,0.429,4.351775943934528e-05,0.000120363622784209,0.0005616271821078459,0.001060199097410233,0.002866247737818376,0.004666024257540837
430,0.43,4.348544571666928e-05,0.0001200991889585282,0.0005605648341279527,0.001056703206065674,0.002867778022302003,0.004662720937475251
431,0.431,4.345240819003848e-05,0.0001198337688103391,0.0005594939025661746,0.001053202632137837,0.002869305868529836,0.004659428559431386
432,0.432,4.341865778361871e-05,0.0001195673945542124,0.0005584144307815217,0.001049697456081492,0.002870831285518802,0.004656147059962905
433,0.433,4.338420530228183e-05,0.0001193000978858058,0.0005573264632414749,0.001046187760034108,0.002872354282208752,0.004652876376104825
434,0.434,4.334906143249648e-05,0.0001190319099887021,0.0005562300455121262,0.001042673627786257,0.002873874867507558,0.004649616445440674
435,0.435,4.331323674389932e-05,0.0001187628615430275,0.0005551252242409622,0.001039155144738614,0.002875393050261431,0.004646367206048183
436,0.436,4.327674168935784e-05,0.0001184929827298546,0.00055401204715307,0.001035632397884393,0.002876908839277271,0.004643128596529429
437,0.437,4.323958660715498e-05,0.0001182223032413454,0.0005528905630299534,0.001032105475759543,0.002878422243290824,0.004639900555953327
438,0.438,4.320178172094684e-05,0.0001179508522847143,0.0005517608217058709,0.001028574468425993,0.002879933271024049,0.004636683023942703
439,0.439,4.316333714186232e-05,0.0001176786585919777,0.0005506228740480117,0.001025039467425027,0.002881441931100355,0.004633475940530939
440,0.44,4.312426286817235e-05,0.0001174057504229888,0.0005494767719516837,0.00102150056575896,0.002882948232142103,0.004630279246314478
441,0.441,4.308456878766128e-05,0.0001171321555757767,0.0005483225683207733,0.00101795785784563,0.00288445218269003,0.004627092882316415
442,0.442,4.304426467783313e-05,0.0001168579013908994,0.0005471603170631663,0.00101441143950111,0.002885953791259246,0.004623916790071515
443,0.443,4.300336020735282e-05,0.0001165830147591028,0.0005459900730688134,0.001010861407890306,0.002887453066284247,0.004620750911532076
444,0.444,4.296186493641457e-05,0.000116307522125984,0.0005448118922090942,0.001007307861517532,0.002888950016203138,0.004617595189198046
445,0.445,4.291978831830244e-05,0.0001160314494998276,0.0005436258313122226,0.001003750900172816,0.002890444649348686,0.004614449565936267
446,0.446,4.287713970044355e-05,0.0001157548224579967,0.0005424319481607221,0.001000190624919433,0.002891936974060053,0.004611313985154829
447,0.447,4.283392832476241e-05,0.0001154776661513634,0.000541230301472399,0.0009966271380511713,0.002893426998591235,0.004608188390650678
448,0.448,4.279016332954652e-05,0.0001152000053127655,0.0005400209508911979,0.0009930605430680894,0.002894914731168778,0.004605072726697109
449,0.449,4.274585374958721e-05,0.0001149218642607323,0.0005388039569747887,0.0009894909446465394,0.002896400179959802,0.004601966937987365
450,0.45,4.270100851738946e-05,0.0001146432669060445,0.0005375793811783452,0.0009859184486024548,0.002897883353107204,0.004598870969685935
451,0.451,4.265563646465652e-05,0.0001143642367589617,0.0005363472858472961,0.0009823431618713543,0.002899364258687127,0.004595784767355409
452,0.452,4.260974632250133e-05,0.0001140847969329583,0.0005351077342016697,0.0009787651924732272,0.002900842904742556,0.004592708277005319
453,0.453,4.25633467227932e-05,0.0001138049701514705,0.0005338607903233735,0.000975184649482933,0.002902319299278229,0.004589641445079159
454,0.454,4.251644619912998e-05,0.0001135247787535527,0.0005326065191451924,0.0009716016430042047,0.002903793450238086,0.004586584218413363
455,0.455,4.246905318763332e-05,0.0001132442446990236,0.0005313449864374235,0.0009680162841393458,0.002905265365524777,0.004583536544263912
456,0.456,4.242117602788955e-05,0.0001129633895739318,0.0005300762587977501,0.0009644286849652295,0.002906735053016499,0.004580498370328255
457,0.457,4.237282296381359e-05,0.0001126822345957691,0.00052880040363173,0.0009608389584923832,0.00290820252052659,0.004577469644676513
458,0.458,4.232400214508266e-05,0.0001124008006201354,0.0005275174891514277,0.0009572472186573744,0.00290966777583255,0.004574450315792723
459,0.459,4.227472162698071e-05,0.0001121191081431325,0.0005262275843524143,0.000953653580275994,0.002911130826680123,0.004571440332577134
460,0.46,4.222498937267478e-05,0.0001118371773101583,0.000524930759009377,0.0009500581590306434,0.002912591680750732,0.004568439644289792
461,0.461,4.21748132528939e-05,0.0001115550279177536,0.0005236270836585201,0.0009464610714337675,0.002914050345703009,0.004565448200612125
462,0.462,4.212420104760769e-05,0.0001112726794207131,0.0005223166295893356,0.0009428624348086624,0.002915506829147787,0.004562465951602737
463,0.463,4.207316044663383e-05,0.0001109901509362835,0.0005209994688265009,0.0009392623672525755,0.002916961138659757,0.004559492847711697
464,0.464,4.202169905022215e-05,0.0001107074612482794,0.0005196756741284305,0.0009356609876301126,0.002918413281756909,0.004556528839743649
465,0.465,4.19698243706833e-05,0.0001104246288138873,0.0005183453189617198,0.0009320584155232904,0.002919863265934471,0.004553573878907432
466,0.466,4.191754383249185e-05,0.0001101416717664008,0.000517008477500644,0.0009284547712271042,0.002921311098631239,0.004550627916758336
467,0.467,4.186486477383644e-05,0.0001098586079217325,0.0005156652246077323,0.0009248501757110886,0.00292275678726414,0.004547690905248973
468,0.468,4.181179444664763e-05,0.0001095754547808527,0.0005143156358267118,0.0009212447506033654,0.002924200339200279,0.004544762796680557
469,0.469,4.175834001832533e-05,0.0001092922295366769,0.000512959787366816,0.0009176386181594661,0.002925641761754837,0.004541843543696428
470,0.47,4.170450857185488e-05,0.0001090089490766506,0.000511597756094577,0.0009140319012445882,0.002927081062232284,0.004538933099341822
471,0.471,4.165030710738714e-05,0.0001087256299891427,0.0005102296195190975,0.0009104247233045621,0.002928518247871565,0.004536031416974754
472,0.472,4.159574254204711e-05,0.0001084422885651567,0.0005088554557830786,0.0009068172083471663,0.002929953325890523,0.004533138450331203
473,0.473,4.15408217121593e-05,0.0001081589408063134,0.0005074753436477416,0.0009032094809127805,0.002931386303460594,0.004530254153482076
474,0.474,4.148555137235118e-05,0.0001078756024246431,0.0005060893624875619,0.0008996016660627172,0.002932817187717728,0.004527378480846009
475,0.475,4.142993819810541e-05,0.0001075922888513295,0.0005046975922696323,0.0008959938893403072,0.002934245985745498,0.004524511387159863
476,0.476,4.137398878539508e-05,0.0001073090152378109,0.0005033001135540306,0.0008923862767696095,0.002935672704624715,0.004521652827551602
477,0.477,4.131770965157659e-05,0.0001070257964601212,0.0005018970074716943,0.0008887789548142152,0.00293709735135515,0.004518802757415579
478,0.478,4.126110723686245e-05,0.0001067426471246933,0.0005004883557190674,0.0008851720503661013,0.002938519932936593,0.004515961132534217
479,0.479,4.120418790464139e-05,0.0001064595815711271,0.000499074240547078,0.0008815656907245442,0.002939940456310269,0.004513127908983993
480,0.48,4.11469579420215e-05,0.0001061766138755116,0.0004976547447487263,0.0008779600035726962,0.002941358928398694,0.004510303043193196
481,0.481,4.10894235611152e-05,0.0001058937578556151,0.0004962299516485438,0.0008743551169577117,0.002942775356063686,0.004507486491873971
482,0.482,4.103159089944229e-05,0.0001056110270737689,0.0004947999450920985,0.000870751159271039,0.002944189746143453,0.004504678212075808
483,0.483,4.097346602107231e-05,0.0001053284348416158,0.0004933648094369793,0.0008671482592315284,0.002945602105461042,0.004501878161195239
484,0.484,4.091505491672701e-05,0.0001050459942221517,0.0004919246295380637,0.0008635465458585583,0.002947012440761437,0.004499086296875609
485,0.485,4.085636350519758e-05,0.000104763718035105,0.0004904794907414507,0.0008599461484606222,0.002948420758786771,0.004496302577119379
486,0.486,4.07973976337981e-05,0.0001044816188598171,0.0004890294788716682,0.0008563471966121961,0.002949827066228811,0.004493526960211913
487,0.487,4.073816307908971e-05,0.0001041997090387694,0.0004875746802242631,0.0008527498201401903,0.002951231369764478,0.004490759404772632
488,0.488,4.067866554760397e-05,0.0001039180006810894,0.0004861151815502904,0.0008491541490963494,0.002952633676011524,0.004487999869683804
489,0.489,4.06189106768155e-05,0.0001036365056666505,0.0004846510700529173,0.0008455603137510307,0.002954033991566483,0.004485248314145585
490,0.49,4.055890403529055e-05,0.0001033552356480401,0.0004831824333726429,0.0008419684445671214,0.002955432322976286,0.004482504697629337
491,0.491,4.04986511239946e-05,0.0001030742020554588,0.0004817093595798003,0.0008383786721869163,0.002956828676794163,0.00447976897996008
492,0.492,4.043815737666629e-05,0.0001027934160991918,0.0004802319371650987,0.0008347911274155775,0.002958223059486536,0.004477041121171051
493,0.493,4.037742816068806e-05,0.0001025128887733351,0.0004787502550283585,0.0008312059412016607,0.002959615477527999,0.004474321081645713
494,0.494,4.031646877765892e-05,0.0001022326308587177,0.0004772644024708699,0.0008276232446240591,0.002961005937330091,0.004471608822006102
495,0.495,4.025528446393808e-05,0.0001019526529257296,0.0004757744691855821,0.0008240431688752172,0.002962394445298346,0.004468904303196761
496,0.496,4.019388039203895e-05,0.0001016729653392772,0.0004742805452448119,0.0008204658452402758,0.002963781007782541,0.004466207486406052
497,0.497,4.013226166991685e-05,0.0001013935782583673,0.0004727827210996259,0.0008168914050964301,0.00296516563111591,0.004463518333122776
498,0.498,4.007043334325027e-05,0.0001011145016432481,0.0004712810875595844,0.0008133199798785048,0.00296654832159366,0.004460836805100885
499,0.499,4.000840039507947e-05,0.0001008357452558343,0.0004697757357930131,0.0008097517010800813,0.002967929085473909,0.004458162864357854
500,0.5,3.994616774635839e-05,0.0001005573186624174,0.0004682667573143625,0.0008061867002324264,0.002969307928984677,0.004455496473182555
501,0.501,3.988374025762822e-05,0.0001002792312391744,0.0004667542439750633,0.0008026251088895655,0.002970684858328152,0.004452837594138893
502,0.502,3.98211227285389e-05,0.0001000014921722286,0.0004652382879577213,0.0007990670586192211,0.002972059879678686,0.004450186190059988
503,0.503,3.97583198990074e-05,9.972411046180788e-05,0.0004637189817633676,0.0007955126809818342,0.00297343299915335,0.004447542224001074
504,0.504,3.969533644990017e-05,9.944709492517778e-05,0.0004621964182081169,0.0007919621075259734,0.00297480422286827,0.004444905659321656
505,0.505,3.963217700347242e-05,9.917045419893936e-05,0.0004606706904134434,0.0007884154697727152,0.002976173556886296,0.004442276459604192
506,0.506,3.956884612405983e-05,9.889419674193804e-05,0.0004591418917948654,0.0007848728991975343,0.002977541007262406,0.004439654588719585
507,0.507,3.950534831868171e-05,9.861833083792525e-05,0.0004576101160594068,0.0007813345272272054,0.002978906580001882,0.004437040010761741
508,0.508,3.944168803777397e-05,9.834286459852154e-05,0.0004560754571929702,0.0007778004852195822,0.002980270281080469,0.004434432690075363
509,0.509,3.937786967565341e-05,9.806780596548026e-05,0.0004545380094568118,0.0007742709044590303,0.002981632116438307,0.004431832591244266
510,0.51,3.931389757095425e-05,9.779316271287492e-05,0.0004529978673755979,0.0007707459161374983,0.00298299209201733,0.004429239679144857
511,0.511,3.924977600751754e-05,9.751894245037109e-05,0.0004514551257344063,0.0007672256513509827,0.002984350213682095,0.004426653918825147
512,0.512,3.918550921525688e-05,9.724515262643225e-05,0.0004499098795680744,0.0007637102410830072,0.002985706487300815,0.004424075275623511
513,0.513,3.912110136964994e-05,9.697180052808454e-05,0.0004483622241560903,0.0007601998161976168,0.002987060918692532,0.004421503715087225
514,0.514,3.905655659348003e-05,9.669889328624752e-05,0.0004468122550141759,0.0007566945074267819,0.002988413513670586,0.004418939203035094
515,0.515,3.89918789568457e-05,9.642643787674521e-05,0.0004452600678879345,0.0007531944453614348,0.002989764277982758,0.004416381705465594
516,0.516,3.892707247787956e-05,9.615444112305317e-05,0.000443705758745258,0.0007496997604404197,0.002991113217373034,0.004413831188646742
517,0.517,3.886214112305049e-05,9.588290969800645e-05,0.0004421494237711363,0.0007462105829436231,0.002992460337540504,0.004411287619052581
518,0.518,3.879708880817911e-05,9.561185012723055e-05,0.0004405911593580536,0.0007427270429776405,0.002993805644173964,0.004408750963412172
519,0.519,3.873191939866052e-05,9.53412687906121e-05,0.0004390310621048545,0.0007392492704758796,0.00299514914290655,0.004406221188639983
520,0.52,3.866663670975199e-05,9.507117192390785e-05,0.0004374692288028998,0.0007357773951771978,0.002996490839356005,0.004403698261893546
521,0.521,3.860124450803483e-05,9.480156562321834e-05,0.0004359057564355809,0.0007323115466272117,0.002997830739119411,0.004401182150563147
522,0.522,3.853574651076906e-05,9.453245584426625e-05,0.0004343407421704635,0.0007288518541671669,0.002999168847723237,0.004398672822196019
523,0.523,3.847014638732785e-05,9.426384840677051e-05,0.000432774283352458,0.0007253984469246064,0.00300050517072279,0.004396170244640905
524,0.524,3.840444775931184e-05,9.39957489955534e-05,0.000431206477498737,0.000721951453807051,0.003001839713577196,0.004393674385861553
525,0.525,3.833865420118675e-05,9.372816316291626e-05,0.0004296374222908387,0.0007185110034910044,0.003003172481778104,0.004391185214124173
526,0.526,3.827276924058579e-05,9.346109633018182e-05,0.000428067215570456,0.0007150772244171668,0.003004503480744154,0.004388702697840066
527,0.527,3.820679635926189e-05,9.319455379080411e-05,0.0004264959553366237,0.0007116502447880444,0.003005832715865156,0.004386226805628422
528,0.528,3.814073899313045e-05,9.292854071123962e-05,0.0004249237397330719,0.0007082301925491336,0.003007160192521436,0.004383757506342922
529,0.529,3.807460053306937e-05,9.266306213365233e-05,0.0004233506670490706,0.000704817195392746,0.003008485916042693,0.004381294769009079
530,0.53,3.800838432495454e-05,9.239812297673965e-05,0.0004217768357111099,0.0007014113807465313,0.003009809891725212,0.004378838562847568
531,0.531,3.794209367092231e-05,9.213372803952823e-05,0.0004202023442767342,0.0006980128757656323,0.003011132124845187,0.004376388857291894
532,0.532,3.787573182938245e-05,9.186988200211498e-05,0.0004186272914335234,0.0006946218073335044,0.003012452620642514,0.004373945621962595
533,0.533,3.780930201535994e-05,9.160658942718979e-05,0.0004170517759875359,0.0006912383020451512,0.003013771384309355,0.004371508826648561
534,0.534,3.77428074010609e-05,9.134385476209306e-05,0.0004154758968654888,0.0006878624862133172,0.003015088421014259,0.004369078441340571
535,0.535,3.767625111655876e-05,9.108168234115072e-05,0.0004138997531011092,0.0006844944858483848,0.00301640373590736,0.004366654436236787
536,0.536,3.760963625038816e-05,9.082007638775703e-05,0.0004123234438390256,0.000681134426667423,0.003017717334057462,0.004364236781649395
537,0.537,3.754296584942743e-05,9.055904101474015e-05,0.0004107470683254603,0.0006777824340813536,0.003019029220540248,0.004361825448131167
538,0.538,3.747624291946638e-05,9.029858022636023e-05,0.0004091707259010452,0.0006744386331857359,0.003020339400366026,0.004359420406368552
539,0.539,3.740947042653234e-05,9.003869792212642e-05,0.0004075945160019209,0.0006711031487652119,0.003021647878533328,0.00435702162725786
540,0.54,3.734265129595998e-05,8.977939789515734e-05,0.0004060185381509826,0.0006677761052817615,0.003022954659966596,0.004354629081812899
541,0.541,3.727578841410317e-05,8.952068383689749e-05,0.0004044428919537988,0.0006644576268706441,0.003024259749589187,0.004352242741269414
542,0.542,3.720888462770652e-05,8.926255933618365e-05,0.0004028676770958504,0.000661147837338587,0.003025563152237274,0.004349862576958444
543,0.543,3.714194274529925e-05,8.900502788316472e-05,0.000401292993336054,0.0006578468601558634,0.003026864872742808,0.004347488560424948
544,0.544,3.707496553700826e-05,8.874809286940665e-05,0.0003997189405037786,0.0006545548184541449,0.003028164915862414,0.004345120663323172
545,0.545,3.700795573499473e-05,8.849175758948846e-05,0.0003981456184929878,0.0006512718350196515,0.003029463286334788,0.004342758857498122
546,0.546,3.694091603419655e-05,8.823602524331391e-05,0.0003965731272593179,0.0006479980322911697,0.003030759988824399,0.00434040311490271
547,0.547,3.687384909239347e-05,8.798089893678842e-05,0.0003950015668155434,0.0006447335323554225,0.003032055027967475,0.004338053407662471
548,0.548,3.680675753122452e-05,8.772638168477044e-05,0.0003934310372268213,0.000641478456942095,0.003033348408318277,0.004335709707996791
549,0.549,3.673964393558865e-05,8.747247641013495e-05,0.0003918616386064723,0.0006382329274198068,0.003034640134408161,0.004333371988302412
550,0.55,3.667251085510429e-05,8.721918594775208e-05,0.0003902934711123738,0.0006349970647930549,0.003035930210687945,0.004331040221069095
551,0.551,3.66053608037589e-05,8.696651304413333e-05,0.0003887266349415006,0.0006317709896961941,0.003037218641560548,0.004328714378925104
552,0.552,3.653819626073042e-05,8.671446035985765e-05,0.0003871612303287965,0.000628554822394469,0.003038505431366102,0.00432639443461462
553,0.553,3.6471019670508e-05,8.646303047032319e-05,0.0003855973575377861,0.0006253486827716491,0.003039790584370644,0.004324080360979922
554,0.554,3.64038334435832e-05,8.62122258678379e-05,0.0003840351168634162,0.0006221526903375388,0.003041074104773059,0.004321772130970394
555,0.555,3.633663995638524e-05,8.596204896191276e-05,0.0003824746086218025,0.0006189669642142541,0.003042355996712597,0.004319469717651886
556,0.556,3.626944155221179e-05,8.571250208190258e-05,0.0003809159331476787,0.0006157916231350546,0.003043636264225946,0.004317173094143995
557,0.5570000000000001,3.620224054122704e-05,8.546358747742199e-05,0.0003793591907952943,0.0006126267854486967,0.003044914911298348,0.004314882233692222
558,0.5580000000000001,3.613503920089448e-05,8.521530731979048e-05,0.000377804481924612,0.0006094725691000969,0.003046191941819834,0.004312597109604122
559,0.5590000000000001,3.606783977627996e-05,8.496766370315053e-05,0.0003762519069068009,0.000606329091642179,0.003047467359579569,0.004310317695240274
560,0.5600000000000001,3.600064448081275e-05,8.472065864667007e-05,0.0003747015661145676,0.0006031964702232313,0.003048741168287536,0.004308043964044244
561,0.5610000000000001,3.593345549608499e-05,8.447429409445021e-05,0.0003731535599198838,0.0006000748215862667,0.003050013371541018,0.004305775889493717
562,0.5620000000000001,3.586627497258178e-05,8.422857191763694e-05,0.0003716079886885491,0.0005969642620632643,0.003051283972858651,0.004303513445148218
563,0.5630000000000001,3.579910502990498e-05,8.398349391531548e-05,0.0003700649527764979,0.0005938649075722376,0.003052552975613334,0.004301256604552653
564,0.5640000000000001,3.573194775730462e-05,8.373906181612514e-05,0.0003685245525281396,0.0005907768736176404,0.00305382038307995,0.004299005341304498
565,0.5650000000000001,3.566480521354034e-05,8.349527727829589e-05,0.0003669868882672369,0.0005877002752787429,0.00305508619841119,0.004296759629018543
566,0.5660000000000001,3.559767942786908e-05,8.325214189231346e-05,0.0003654520602942948,0.0005846352272085045,0.003056350424618576,0.004294519441299512
567,0.5670000000000001,3.553057239992639e-05,8.300965718098402e-05,0.0003639201688858811,0.0005815818436355973,0.003057613064586067,0.00429228475176054
568,0.5680000000000001,3.546348610033779e-05,8.276782460119787e-05,0.0003623913142846338,0.0005785402383514742,0.003058874121042414,0.004290055533983447
569,0.5690000000000001,3.539642247066651e-05,8.252664554414147e-05,0.0003608655966968114,0.0005755105247095856,0.003060133596557737,0.004287831761513664
570,0.5700000000000001,3.532938342422271e-05,8.228612133750431e-05,0.000359343116289434,0.0005724928156239108,0.00306139149355085,0.004285613407869754
571,0.5710000000000001,3.526237084605477e-05,8.204625324577455e-05,0.0003578239731822142,0.0005694872235592498,0.003062647814254765,0.004283400446494841
572,0.5720000000000001,3.519538659349238e-05,8.180704247180956e-05,0.0003563082674460868,0.0005664938605320244,0.003063902560718338,0.004281192850758246
573,0.5730000000000001,3.512843249627311e-05,8.156849015743253e-05,0.0003547960990955945,0.0005635128381013214,0.00306515573479564,0.004278990593940535
574,0.5740000000000001,3.506151035681653e-05,8.133059738436629e-05,0.0003532875680844345,0.0005605442673650125,0.003066407338134296,0.004276793649217036
575,0.5750000000000001,3.499462195101608e-05,8.109336517635484e-05,0.0003517827743012986,0.0005575882589563493,0.003067657372165813,0.00427460198964403
576,0.5760000000000001,3.492776902783594e-05,8.085679449851326e-05,0.0003502818175643658,0.0005546449230384498,0.003068905838075902,0.004272415588117333
577,0.577,3.486095330999085e-05,8.062088625917768e-05,0.0003487847976133817,0.0005517143692949859,0.003070152736825801,0.004270234417402245
578,0.578,3.479417649464466e-05,8.038564131178987e-05,0.0003472918141089207,0.0005487967069322898,0.003071398069091511,0.004268058450048648
579,0.579,3.472744025283875e-05,8.015106045383793e-05,0.0003458029666218609,0.0005458920446659767,0.00307264183529053,0.004265887658428896
580,0.58,3.466074623036255e-05,7.991714442912492e-05,0.0003443183546291226,0.0005430004907175358,0.003073884035540943,0.004263722014680893
581,0.581,3.459409604797854e-05,7.968389392854054e-05,0.0003428380775103169,0.000540122152812374,0.003075124669637769,0.004261561490675761
582,0.582,3.452749130184408e-05,7.945130959127624e-05,0.0003413622345351166,0.0005372571381632388,0.003076363737087602,0.004259406058066884
583,0.583,3.446093356319274e-05,7.921939200433127e-05,0.0003398909248660558,0.0005344055534780405,0.003077601237006098,0.004257255688147576
584,0.584,3.4394424379486e-05,7.898814170539924e-05,0.0003384242475408254,0.0005315675049353607,0.003078837168171001,0.00425511035192607
585,0.585,3.432796527399642e-05,7.875755918213422e-05,0.0003369623014772135,0.0005287430981957122,0.003080071528958001,0.004252970020037256
586,0.586,3.426155774651987e-05,7.852764487401195e-05,0.0003355051854557999,0.0005259324383777603,0.003081304317342667,0.00425083466274663
587,0.587,3.419520327322026e-05,7.829839917219178e-05,0.0003340529981181631,0.0005231356300590591,0.003082535530865879,0.004248704249903406
588,0.588,3.412890330740092e-05,7.806982242149718e-05,0.0003326058379602168,0.0005203527772691131,0.003083765166612182,0.004246578750912197
589,0.589,3.406265927939856e-05,7.784191492038063e-05,0.0003311638033202771,0.0005175839834742558,0.00308499322117919,0.004244458134692136
590,0.59,3.399647259700678e-05,7.761467692209344e-05,0.000329726992374507,0.0005148293515741203,0.003086219690660252,0.004242342369654671
591,0.591,3.3930344645956e-05,7.738810863598305e-05,0.0003282955031281915,0.0005120889838916407,0.003087444570618572,0.004240231423669668
592,0.592,3.386427678939946e-05,7.716221022650918e-05,0.0003268694334062903,0.0005093629821619697,0.003088667856042802,0.004238125264006327
593,0.593,3.379827036930949e-05,7.69369818166227e-05,0.0003254488808440346,0.0005066514475215164,0.003089889541306112,0.004236023857278673
594,0.594,3.373232670584614e-05,7.671242348650146e-05,0.0003240339428810837,0.0005039544805025972,0.003091109620205141,0.004233927169502214
595,0.595,3.366644709770838e-05,7.648853527453877e-05,0.0003226247167486151,0.000501272181017143,0.003092328085806096,0.004231835165884021
596,0.596,3.360063282286357e-05,7.626531717917092e-05,0.0003212212994621779,0.0004986046483493936,0.003093544930534277,0.004229747810949325
597,0.597,3.353488513854163e-05,7.604276915903749e-05,0.0003198237878098817,0.0004959519811414575,0.003094760146046462,0.004227665068368855
598,0.598,3.346920528115567e-05,7.582089113296521e-05,0.0003184322783447048,0.0004933142773852892,0.003095973723250367,0.004225586900988814
599,0.599,3.340359446714514e-05,7.559968298204269e-05,0.0003170468673697769,0.0004906916344038445,0.003097185652202127,0.00422351327069371
600,0.6,3.333805389252161e-05,7.537914454874854e-05,0.000315667650931825,0.0004880841488449791,0.003098395922152092,0.004221444138473208
601,0.601,3.327258473402281e-05,7.515927563972154e-05,0.0003142947248080232,0.0004854919166651525,0.003099604521414007,0.004219379464246342
602,0.602,3.320718814840243e-05,7.494007602429554e-05,0.000312928184494042,0.0004829150331151143,0.003100811437365435,0.004217319206866752
603,0.603,3.314186527306887e-05,7.472154543609733e-05,0.0003115681251918873,0.0004803535927252963,0.003102016656399325,0.00421526332406086
604,0.604,3.307661722649203e-05,7.450368357410352e-05,0.000310214641798769,0.0004778076892929098,0.003103220163871167,0.004213211772360363
605,0.605,3.30114451083665e-05,7.428649010314432e-05,0.0003088678288938985,0.0004752774158658821,0.003104421944039045,0.00421116450702531
606,0.606,3.294634999949132e-05,7.406996465377084e-05,0.0003075277807245109,0.00047276286472574,0.003105621979999299,0.0042091214819619
607,0.607,3.288133296230761e-05,7.385410682359405e-05,0.0003061945911926545,0.0004702641273716952,0.003106820253684668,0.004207082649725517
608,0.608,3.281639504095819e-05,7.36389161775475e-05,0.0003048683538423388,0.0004677812945054187,0.003108016745735966,0.004205047961351768
609,0.609,3.275153726179594e-05,7.342439224915325e-05,0.0003035491618439876,0.000465314456011738,0.003109211435482203,0.00420301736633588
610,0.61,3.268676063324867e-05,7.321053454033906e-05,0.0003022371079808522,0.0004628637009424505,0.003110404300895586,0.004200990812578055
611,0.611,3.262206614619485e-05,7.299734252239825e-05,0.0003009322846312741,0.0004604291174938388,0.003111595318482002,0.004198968246241589
612,0.612,3.255745477403659e-05,7.278481563626499e-05,0.0002996347837567708,0.0004580107929932599,0.003112784463236636,0.004196949611699878
613,0.613,3.249292747348353e-05,7.257295329438398e-05,0.0002983446968824208,0.0004556088138739776,0.003113971708590413,0.004194934851471524
614,0.614,3.242848518378044e-05,7.23617548790868e-05,0.0002970621150830757,0.000453223265659077,0.003115157026320829,0.004192923906107482
615,0.615,3.236412882765527e-05,7.215121974481526e-05,0.0002957871289648214,0.0004508542329381816,0.003116340386470799,0.004190916714089504
616,0.616,3.229985931133121e-05,7.194134721825123e-05,0.0002945198286476283,0.0004485017993461142,0.003117521757300887,0.004188913211774444
617,0.617,3.223567752467819e-05,7.173213659875323e-05,0.0002932603037476951,0.0004461660475411983,0.00311870110518467,0.004186913333261863
618,0.618,3.21715843413787e-05,7.152358715881717e-05,0.000292008643360292,0.0004438470591844229,0.003119878394522169,0.004184917010286785
619,0.619,3.210758061916957e-05,7.131569814471327e-05,0.0002907649360383724,0.0004415449149123162,0.003121053587716338,0.004182924172198066
620,0.62,3.204366720006127e-05,7.110846877705996e-05,0.0002895292697761935,0.0004392596943175166,0.003122226645001464,0.004180934745737301
621,0.621,3.197984491067918e-05,7.090189825166957e-05,0.0002883017319865082,0.0004369914759197346,0.003123397524398129,0.004178948654989195
622,0.622,3.191611456212071e-05,7.069598573931385e-05,0.0002870824094825577,0.0004347403371440932,0.003124566181642645,0.004176965821297961
623,0.623,3.185247695005231e-05,7.049073038602683e-05,0.0002858713884576922,0.0004325063542960401,0.003125732570049255,0.00417498616309374
624,0.624,3.178893285580329e-05,7.02861313156001e-05,0.0002846687544613005,0.0004302896025307517,0.003126896640431845,0.004173009595799687
625,0.625,3.172548304518175e-05,7.008218762704401e-05,0.0002834745923804572,0.0004280901558313717,0.003128058341027749,0.004171036031742614
626,0.626,3.166212826998598e-05,6.987889839800059e-05,0.000282288986415812,0.000425908086978639,0.003129217617347077,0.004169065379963951
627,0.627,3.159886926700517e-05,6.967626268260904e-05,0.0002811120200579335,0.0004237434675213636,0.003130374412112912,0.004167097546153485
628,0.628,3.153570675925071e-05,6.947427951429449e-05,0.0002799437760690906,0.0004215963677552608,0.003131528665131841,0.004165132432490339
629,0.629,3.147264145527643e-05,6.927294790433196e-05,0.0002787843364535418,0.0004194668566845515,0.003132680313183785,0.004163169937510282
630,0.63,3.140967404994621e-05,6.907226684360517e-05,0.0002776337824366558,0.0004173550019970638,0.003133829289912012,0.004161209955974097
631,0.631,3.134680522426192e-05,6.887223530228982e-05,0.000276492194441722,0.0004152608700359936,0.003134975525722841,0.004159252378749632
632,0.632,3.128403564563771e-05,6.867285223051685e-05,0.0002753596520615515,0.0004131845257639454,0.003136118947642207,0.004157297092636611
633,0.633,3.122136596826415e-05,6.847411655922894e-05,0.0002742362340358301,0.0004111260327358267,0.003137259479200869,0.004155343980230765
634,0.634,3.115879683286616e-05,6.827602719970695e-05,0.0002731220182241222,0.0004090854530653093,0.003138397040328586,0.004153392919800379
635,0.635,3.109632886702221e-05,6.807858304432336e-05,0.000272017081580976,0.0004070628473946371,0.003139531547201944,0.004151443785101963
636,0.636,3.103396268561386e-05,6.788178296758014e-05,0.0002709215001268745,0.0004050582748583554,0.003140662912149186,0.004149496445272463
637,0.637,3.097169889072699e-05,6.768562582593999e-05,0.0002698353489233724,0.0004030717930534465,0.003141791043480324,0.004147550764622604
638,0.638,3.090953807189162e-05,6.749011045839828e-05,0.0002687587020457998,0.0004011034580060237,0.00314291584537291,0.004145606602505588
639,0.639,3.084748080579136e-05,6.729523568589713e-05,0.000267691632553669,0.0003991533241347207,0.003144037217751541,0.004143663813177499
640,0.64,3.07855276574836e-05,6.710100031403262e-05,0.0002666342124634351,0.0003972214442177672,0.003145155056115317,0.004141722245590036
641,0.641,3.072367917951239e-05,6.69074031311585e-05,0.0002655865127222315,0.0003953078693616993,0.003146269251427867,0.004139781743266418
642,0.642,3.06619359123468e-05,6.671444290938435e-05,0.0002645486031744834,0.0003934126489595884,0.003147379689954525,0.004137842144108628
643,0.643,3.060029838482271e-05,6.652211840557766e-05,0.000263520552536541,0.0003915358306614114,0.003148486253116718,0.004135903280227794
644,0.644,3.053876711410563e-05,6.63304283613166e-05,0.0002625024283672727,0.0003896774603385595,0.003149588817375322,0.004133964977814065
645,0.645,3.047734260582478e-05,6.613937150321802e-05,0.0002614942970366394,0.0003878375820454889,0.003150687254032246,0.004132027056898768
646,0.646,3.041602535398447e-05,6.594894654277855e-05,0.0002604962236961829,0.0003860162379844333,0.003151781429125441,0.00413008933124117
647,0.647,3.035481584159617e-05,6.575915217777905e-05,0.0002595082722505123,0.0003842134684717133,0.003152871203251157,0.004128151608119983
648,0.648,3.029371454054168e-05,6.556998709201453e-05,0.0002585305053251301,0.000382429311898817,0.003153956431401449,0.004126213688145456
649,0.649,3.023272191174506e-05,6.538144995569758e-05,0.0002575629842387699,0.0003806638047003079,0.003155036962819459,0.004124275365096378
650,0.65,3.017183840518202e-05,6.519353942550722e-05,0.0002566057689703368,0.0003789169813139184,0.003156112640883581,0.004122336425795249
651,0.651,3.01110644603723e-05,6.500625414567481e-05,0.0002556589181285643,0.000377188874144828,0.003157183302857132,0.004120396649807657
652,0.652,3.00504005061267e-05,6.481959274746632e-05,0.0002547224889232838,0.0003754795135324794,0.003158248779808502,0.004118455809366755
653,0.653,2.998984696078155e-05,6.463355384970627e-05,0.0002537965371330574,0.0003737889277121875,0.003159308896407118,0.004116513669135175
654,0.654,2.992940423248882e-05,6.444813605942999e-05,0.0002528811170756,0.0003721171427810268,0.003160363470799293,0.004114569986072693
655,0.655,2.986907271941834e-05,6.426333797233477e-05,0.0002519762815764312,0.0003704641826612604,0.003161412314389509,0.004112624509180654
656,0.656,2.980885280938313e-05,6.407915817199459e-05,0.0002510820819389865,0.0003688300690660698,0.003162455231723775,0.004110676979381322
657,0.657,2.97487448805984e-05,6.389559523150562e-05,0.0002501985679134697,0.000367214821463601,0.00316349202032956,0.004108727129340759
658,0.658,2.968874930151535e-05,6.371264771315151e-05,0.00024932578766687,0.0003656184570428626,0.003164522470511049,0.004106774683234032
659,0.659,2.962886643062506e-05,6.353031416798898e-05,0.0002484637877541209,0.0003640409906814463,0.003165546365220253,0.004104819356610874
660,0.66,2.956909661734768e-05,6.334859313777684e-05,0.0002476126130865746,0.0003624824349094482,0.003166563479876171,0.004102860856193936
661,0.661,2.950944020132187e-05,6.316748315345905e-05,0.0002467723069028559,0.0003609427998770287,0.003167573582211804,0.004100898879714127
662,0.662,2.944989751335822e-05,6.298698273721956e-05,0.0002459429107407832,0.0003594220933236597,0.00316857643210138,0.004098933115721192
663,0.663,2.939046887457597e-05,6.280709040064504e-05,0.0002451244644071246,0.0003579203205443675,0.003169571781423551,0.004096963243441548
664,0.664,2.933115459755242e-05,6.262780464719234e-05,0.0002443170059501243,0.0003564374843600977,0.003170559373865676,0.00409498893256073
665,0.665,2.927195498584132e-05,6.244912397116337e-05,0.0002435205716305879,0.0003549735850861465,0.003171538944793578,0.004093009843090942
666,0.666,2.921287033405136e-05,6.227104685788102e-05,0.0002427351958954582,0.0003535286205043362,0.003172510221053677,0.004091025625152283
667,0.667,2.915390092811378e-05,6.209357178426707e-05,0.0002419609113500974,0.000352102585833392,0.003173472920887249,0.004089035918899833
668,0.668,2.90950470457682e-05,6.191669721987951e-05,0.0002411977487312565,0.0003506954737004634,0.003174426753700748,0.004087040354264583
669,0.669,2.903630895591111e-05,6.174042162552754e-05,0.0002404457368839015,0.0003493072741183443,0.003175371419956379,0.004085038550851247
670,0.67,2.897768691904929e-05,6.156474345424158e-05,0.000239704902732691,0.000347937974455,0.003176306611023891,0.004083030117786204
671,0.671,2.891918118793925e-05,6.138966115263189e-05,0.0002389752712598949,0.0003465875594125555,0.003177232008996697,0.00408101465352002
672,0.672,2.886079200672443e-05,6.121517315905704e-05,0.0002382568654811839,0.0003452560110033036,0.003178147286607946,0.004078991745760031
673,0.673,2.880251961193296e-05,6.104127790573837e-05,0.0002375497064227647,0.0003439433085276783,0.003179052107026275,0.004076960971247416
674,0.674,2.874436423179866e-05,6.086797381732178e-05,0.0002368538130996022,0.0003426494285539352,0.003179946123783935,0.004074921895706499
675,0.675,2.868632608706298e-05,6.06952593125731e-05,0.0002361692024939396,0.0003413743448982886,0.003180828980568723,0.004072874073618263
676,0.676,2.862840539069963e-05,6.052313280379218e-05,0.0002354958895359224,0.0003401180286081672,0.003181700311172088,0.004070817048196054
677,0.677,2.857060234811429e-05,6.035159269722847e-05,0.0002348338870836254,0.0003388804479446396,0.003182559739307212,0.004068750351193927
678,0.678,2.851291715701315e-05,6.018063739280245e-05,0.0002341832059059849,0.0003376615683690957,0.003183406878512373,0.004066673502825596
679,0.679,2.845535000796675e-05,6.001026528528789e-05,0.0002335438546646523,0.0003364613525283801,0.003184241332058937,0.004064586011689379
680,0.68,2.839790108415069e-05,5.9840474763758e-05,0.0002329158398991331,0.0003352797602447056,0.003185062692783556,0.004062487374596096
681,0.681,2.834057056154434e-05,5.967126421199827e-05,0.0002322991660113269,0.000334116748504707,0.003185870543024211,0.004060377076531081
682,0.6820000000000001,2.828335860920932e-05,5.950263200908415e-05,0.000231693835252378,0.0003329722714518304,0.003186664454545237,0.004058254590601721
683,0.6830000000000001,2.822626538894075e-05,5.933457652863621e-05,0.0002310998477099157,0.0003318462803792864,0.003187443988374168,0.004056119377872678
684,0.6840000000000001,2.816929105570183e-05,5.916709613972822e-05,0.0002305172012976184,0.0003307387237263273,0.003188208694795689,0.004053970887402282
685,0.6850000000000001,2.811243575784464e-05,5.900018920733779e-05,0.0002299458917445952,0.0003296495470742268,0.003188958113209755,0.004051808556105266
686,0.6860000000000001,2.805569963674566e-05,5.883385409157197e-05,0.0002293859125876961,0.0003285786931464724,0.003189691772099393,0.004049631808756089
687,0.6870000000000001,2.799908282722645e-05,5.86680891485361e-05,0.0002288372551639682,0.0003275261018090834,0.003190409188923229,0.004047440057895904
688,0.6880000000000001,2.794258545776308e-05,5.850289273076299e-05,0.0002282999086051469,0.0003264917100738102,0.003191109870138936,0.004045232703907049
689,0.6890000000000001,2.788620765023262e-05,5.833826318666565e-05,0.0002277738598331957,0.0003254754521028055,0.003191793311046015,0.004043009134856348
690,0.6900000000000001,2.782994952011105e-05,5.817419886094068e-05,0.0002272590935573703,0.0003244772592153595,0.003192458995837818,0.004040768726606025
691,0.6910000000000001,2.777381117668336e-05,5.801069809499241e-05,0.0002267555922733852,0.0003234970598975995,0.003193106397516008,0.004038510842748475
692,0.6920000000000001,2.771779272315074e-05,5.784775922714084e-05,0.0002262633362621617,0.0003225347798114862,0.003193734977900354,0.004036234834662613
693,0.6930000000000001,2.766189425626357e-05,5.768538059184192e-05,0.0002257823035931477,0.0003215903418102486,0.003194344187568778,0.004033940041481265
694,0.6940000000000001,2.760611586729543e-05,5.752356052170277e-05,0.0002253124701254058,0.0003206636659505246,0.0031949334658988,0.004031625790187096
695,0.6950000000000001,2.755045764117043e-05,5.736229734564535e-05,0.0002248538095137281,0.0003197546695115533,0.003195502241038026,0.004029291395618123
696,0.6960000000000001,2.749491965713079e-05,5.720158939028012e-05,0.0002244062932144067,0.0003188632670137297,0.003196049929959342,0.004026936160580405
697,0.6970000000000001,2.743950198876302e-05,5.704143497994312e-05,0.0002239698904917296,0.000317989370238101,0.003196575938415125,0.00402455937583197
698,0.6980000000000001,2.738420470373803e-05,5.688183243613701e-05,0.0002235445684287347,0.0003171328882517217,0.003197079661057795,0.00402216032027757
699,0.6990000000000001,2.732902786414167e-05,5.672278007820053e-05,0.0002231302919367709,0.0003162937274311985,0.003197560481392765,0.004019738260950081
700,0.7000000000000001,2.727397152676887e-05,5.656427622389876e-05,0.0002227270237674726,0.0003154717914894833,0.00319801777193865,0.004017292453254048
701,0.7010000000000001,2.721903574286973e-05,5.640631918887768e-05,0.0002223347245286717,0.0003146669815080614,0.00319845089417049,0.004014822140933669
702,0.7020000000000001,2.716422055826725e-05,5.624890728688614e-05,0.0002219533526960587,0.0003138791959629792,0.003198859198712124,0.004012326556355647
703,0.7030000000000001,2.710952601350862e-05,5.609203883007193e-05,0.0002215828646336429,0.0003131083307630961,0.003199242025343917,0.004009804920557219
704,0.704,2.705495214405592e-05,5.593571212935177e-05,0.0002212232146091307,0.0003123542792809786,0.003199598703161475,0.004007256443484509
705,0.705,2.700049898007651e-05,5.577992549395995e-05,0.0002208743548152545,0.0003116169323919839,0.003199928550631751,0.004004680324100314
706,0.706,2.694616654677439e-05,5.562467723210875e-05,0.0002205362353905128,0.0003108961785123191,0.003200230875773984,0.004002075750648307
707,0.707,2.689195486409427e-05,5.546996565035787e-05,0.0002202088044420792,0.0003101919036399029,0.003200504976239756,0.003999441900789131
708,0.708,2.68378639475121e-05,5.531578905522042e-05,0.0002198920080683281,0.0003095039913945146,0.003200750139495871,0.00399677794186488
709,0.709,2.678389380729697e-05,5.516214575161943e-05,0.0002195857903885034,0.0003088323230677013,0.003200965642990931,0.003994083031141805
710,0.71,2.673004444929007e-05,5.500903404446899e-05,0.0002192900935634745,0.0003081767776599593,0.00320115075431141,0.003991356316038759
711,0.711,2.667631587414748e-05,5.485645223709101e-05,0.0002190048578280658,0.0003075372319339142,0.003201304731368261,0.003988596934392457
712,0.712,2.662270807818204e-05,5.470439863292469e-05,0.0002187300215210998,0.0003069135604640262,0.003201426822589831,0.003985804014729612
713,0.713,2.656922105321807e-05,5.455287153520351e-05,0.0002184655211116045,0.0003063056356806699,0.00320151626715134,0.003982976676583374
714,0.714,2.651585478630774e-05,5.440186924634558e-05,0.0002182112912365916,0.0003057133279301578,0.003201572295210421,0.003980114030815921
715,0.715,2.646260926037815e-05,5.425139006925854e-05,0.0002179672647284322,0.0003051365055199296,0.0032015941280925,0.003977215179876538
716,0.716,2.640948445366875e-05,5.410143230616014e-05,0.0002177333726536672,0.0003045750347794696,0.003201580978579984,0.00397427921818836
717,0.717,2.635648034042355e-05,5.395199425997107e-05,0.0002175095443470379,0.0003040287801142456,0.003201532051187493,0.003971305232515826
718,0.718,2.630359689028292e-05,5.38030742330438e-05,0.0002172957074454689,0.0003034976040593049,0.003201446542423657,0.003968292302313482
719,0.719,2.625083406901908e-05,5.365467052864153e-05,0.0002170917879293878,0.0003029813673428352,0.00320132364104208,0.003965239500059747
720,0.72,2.619819183806843e-05,5.350678144995504e-05,0.0002168977101566198,0.0003024799289390524,0.003201162528418992,0.003962145891746928
721,0.721,2.614567015502491e-05,5.335940530108379e-05,0.000216713396908321,0.0003019931461375938,0.003200962378800775,0.00395901053720675
722,0.722,2.609326897337308e-05,5.321254038646422e-05,0.0002165387694215827,0.0003015208745940191,0.0032007223596928,0.003955832490610604
723,0.723,2.604098824253033e-05,5.306618501092983e-05,0.0002163737474346674,0.0003010629683976197,0.00320044163214877,0.003952610800843277
724,0.724,2.598882790838602e-05,5.292033748078e-05,0.0002162182492291173,0.0003006192801345612,0.003200119351176635,0.003949344512020114
725,0.725,2.593678791261308e-05,5.277499610235259e-05,0.0002160721916689811,0.0003001896609467033,0.003199754666039696,0.00394603266387151
726,0.726,2.588486819337367e-05,5.263015918343167e-05,0.0002159354902473078,0.0002997739606002305,0.003199346720722733,0.003942674292330532
727,0.727,2.583306868519772e-05,5.24858250329717e-05,0.000215808059127423,0.0002993720275467033,0.003198894654255146,0.003939268429940449
728,0.728,2.57813893186283e-05,5.23419919603487e-05,0.0002156898111901415,0.0002989837089920461,0.00319839760114653,0.00393581410639983
729,0.729,2.57298300209029e-05,5.21986582767167e-05,0.0002155806580735518,0.000298608850954938,0.003197854691813124,0.003932310349093669
730,0.73,2.567839071582317e-05,5.205582229471187e-05,0.0002154805102206174,0.0002982472983356934,0.003197265052996595,0.00392875618361299
731,0.731,2.562707132344806e-05,5.191348232780326e-05,0.0002153892769269581,0.0002978988949851279,0.003196627808195432,0.003925150634287382
732,0.732,2.557587176041566e-05,5.177163669091719e-05,0.0002153068663829137,0.0002975634837651402,0.003195942078172707,0.003921492724809746
733,0.733,2.552479194042092e-05,5.163028370137096e-05,0.0002152331857221543,0.0002972409066181002,0.003195206981354897,0.003917781478723507
734,0.734,2.547383177335873e-05,5.148942167711368e-05,0.0002151681410671219,0.0002969310046314995,0.003194421634363091,0.003914015920071327
735,0.735,2.542299116588262e-05,5.134904893782441e-05,0.0002151116375738086,0.0002966336181014041,0.003193585152465499,0.003910195073943667
736,0.736,2.53722700217946e-05,5.120916380567222e-05,0.0002150635794782231,0.0002963485865979525,0.003192696650124634,0.003906317967141771
737,0.737,2.532166824143586e-05,5.106976460405213e-05,0.000215023870148972,0.0002960757490389478,0.003191755241465731,0.00390238362874054
738,0.738,2.527118572212489e-05,5.09308496584435e-05,0.0002149924121233922,0.0002958149437404922,0.003190760040838559,0.003898391090764194
739,0.739,2.522082235830475e-05,5.07924172966721e-05,0.0002149691071655857,0.0002955660084975082,0.003189710163322036,0.003894339388788341
740,0.74,2.517057804095811e-05,5.065446584770652e-05,0.0002149538562997091,0.0002953287806298854,0.003188604725280558,0.003890227562603214
741,0.741,2.512045265846185e-05,5.051699364334431e-05,0.0002149465598704387,0.0002951030970657502,0.003187442844935292,0.003886054656892319
742,0.742,2.507044609635089e-05,5.037999901770854e-05,0.0002149471175765151,0.0002948887943873849,0.003186223642887959,0.003881819721849835
743,0.743,2.502055823713452e-05,5.024348030684586e-05,0.0002149554285235104,0.000294685708903361,0.003184946242742369,0.003877521813915375
744,0.744,2.497078896016715e-05,5.010743584843707e-05,0.0002149713912692951,0.0002944936767102727,0.003183609771654489,0.003873159996418002
745,0.745,2.492113814281149e-05,4.997186398410424e-05,0.0002149949038625094,0.0002943125337447035,0.00318221336094828,0.003868733340297865
746,0.746,2.487160565901784e-05,4.983676305652521e-05,0.0002150258638953268,0.0002941421158544282,0.003180756146685735,0.003864240924768863
747,0.747,2.482219138037831e-05,4.970213141151726e-05,0.0002150641685463262,0.0002939822588558569,0.00317923727028772,0.003859681838040868
748,0.748,2.477289517573756e-05,4.956796739722807e-05,0.0002151097146178429,0.0002938327985836413,0.003177655879182336,0.003855055178072103
749,0.749,2.472371691151112e-05,4.943426936474048e-05,0.0002151623985870497,0.0002936935709588215,0.003176011127372238,0.003850360053219692
750,0.75,2.46746564513665e-05,4.930103566740313e-05,0.0002152221166437111,0.0002935644120385054,0.003174302176108758,0.003845595583017739
751,0.751,2.462571365653854e-05,4.916826466142892e-05,0.0002152887647358966,0.000293445158076178,0.003172528194498951,0.003840760898870424
752,0.752,2.457688838576966e-05,4.903595470574639e-05,0.0002153622386087554,0.0002933356455722912,0.003170688360180569,0.003835855144824936
753,0.753,2.452818049544795e-05,4.890410416224264e-05,0.0002154424338475148,0.0002932357113304101,0.003168781859923788,0.003830877478252074
754,0.754,2.447958983963688e-05,4.877271139579087e-05,0.0002155292459184651,0.0002931451925103737,0.003166807890340836,0.003825827070655319
755,0.755,2.443111626994844e-05,4.86417747739655e-05,0.0002156225702028954,0.000293063926671637,0.0031647656585202,0.003820703108384854
756,0.756,2.438275963564713e-05,4.851129266721975e-05,0.000215722302046565,0.0002929917518375541,0.00316265438264803,0.003815504793333156
757,0.757,2.433451978384529e-05,4.838126344924095e-05,0.000215828336786079,0.0002929285065280456,0.003160473292757278,0.003810231343782887
758,0.758,2.428639655953309e-05,4.82516854969792e-05,0.0002159405697960102,0.0002928740298202409,0.003158221631330838,0.003804881995074048
759,0.759,2.423838980531582e-05,4.81225571900936e-05,0.0002160588965197119,0.0002928281613868231,0.00315589865403974,0.003799456000432394
760,0.76,2.419049936175892e-05,4.799387691160552e-05,0.000216183212508193,0.0002927907415450644,0.003153503630320863,0.003793952631599819
761,0.761,2.414272506725914e-05,4.786564304761133e-05,0.0002163134134555968,0.0002927616113011364,0.003151035844191728,0.003788371179749628
762,0.762,2.409506675833612e-05,4.773785398782951e-05,0.0002164493952286349,0.0002927406123860246,0.003148494594793414,0.003782710956068748
763,0.763,2.404752426939347e-05,4.761050812509423e-05,0.000216591053907546,0.0002927275873068785,0.003145879197183539,0.003776971292640307
764,0.764,2.40000974325673e-05,4.748360385502263e-05,0.0002167382858139932,0.0002927223793805432,0.003143188982954386,0.003771151543111351
765,0.765,2.395278607844301e-05,4.735713957740722e-05,0.0002168909875414449,0.0002927248327702792,0.003140423300958998,0.003765251083488144
766,0.766,2.390559003564506e-05,4.723111369536522e-05,0.0002170490559911653,0.0002927347925299297,0.003137581517957501,0.003759269312832412
767,0.767,2.38585091304815e-05,4.710552461460761e-05,0.0002172123883995843,0.0002927521046362813,0.003134663019339821,0.003753205654046501
768,0.768,2.381154318805522e-05,4.698037074560487e-05,0.0002173808823650596,0.0002927766160204944,0.003131667209770117,0.003747059554561664
769,0.769,2.376469203123336e-05,4.685565050151537e-05,0.0002175544358823068,0.0002928081746097259,0.003128593513893693,0.003740830487098363
770,0.77,2.371795548117631e-05,4.673136229920116e-05,0.0002177329473620074,0.0002928466293486648,0.003125441377033578,0.003734517950411743
771,0.771,2.367133335738029e-05,4.660750455927883e-05,0.0002179163156651586,0.000292891830240802,0.00312221026582529,0.00372812146995933
772,0.772,2.36248254776186e-05,4.648407570597116e-05,0.0002181044401224929,0.0002929436283694866,0.003118899668926121,0.003721640598656143
773,0.773,2.357843165771085e-05,4.636107416662355e-05,0.0002182972205638594,0.0002930018759322888,0.003115509097654199,0.003715074917542422
774,0.774,2.353215171235287e-05,4.62384983733026e-05,0.0002184945573405587,0.0002930664262657789,0.003112038086722688,0.003708424036562989
775,0.775,2.348598545426834e-05,4.611634676109653e-05,0.0002186963513458401,0.0002931371338677525,0.003108486194814388,0.003701687595152275
776,0.776,2.343993269459035e-05,4.599461776883417e-05,0.0002189025040418384,0.0002932138544280281,0.003104853005332805,0.003694865263028504
777,0.777,2.339399324299346e-05,4.587330983931249e-05,0.0002191129174771029,0.000293296444846497,0.003101138126963653,0.003687956740757979
778,0.778,2.33481669078333e-05,4.575242141953826e-05,0.0002193274943100945,0.000293384763259146,0.003097341194416061,0.003680961760532417
779,0.779,2.330245349543973e-05,4.563195095931066e-05,0.0002195461378238254,0.0002934786690521261,0.003093461868999531,0.003673880086746763
780,0.78,2.325685281132004e-05,4.551189691354725e-05,0.0002197687519528249,0.000293578022892246,0.003089499839281069,0.003666711516670699
781,0.781,2.321136465910034e-05,4.539225774017954e-05,0.0002199952412922203,0.0002936826867334912,0.003085454821746058,0.003659455881122304
782,0.782,2.316598884126001e-05,4.527303190155832e-05,0.0002202255111217387,0.000293792523843435,0.003081326561351306,0.003652113045010364
783,0.783,2.31207251586988e-05,4.515421786357598e-05,0.0002204594674200502,0.0002939073988166851,0.003077114832219482,0.003644682908043508
784,0.784,2.307557341103178e-05,4.50358140962127e-05,0.0002206970168776741,0.0002940271775863792,0.003072819438182084,0.003637165405256169
785,0.785,2.303053339678433e-05,4.491781907388302e-05,0.0002209380669125218,0.000294151727439158,0.003068440213418796,0.003629560507647304
786,0.786,2.298560491279076e-05,4.480023127423368e-05,0.0002211825256883655,0.0002942809170340047,0.003063977023001603,0.003621868222703757
787,0.787,2.294078775515757e-05,4.468304917998928e-05,0.0002214303021245728,0.0002944146164093839,0.003059429763538731,0.003614088595040409
788,0.788,2.289608171813433e-05,4.456627127671938e-05,0.0002216813059066678,0.0002945526969915018,0.003054798363673669,0.003606221706865569
789,0.789,2.285148659524013e-05,4.444989605500544e-05,0.0002219354475075757,0.0002946950316167173,0.003050082784696054,0.003598267678578058
790,0.79,2.280700217868942e-05,4.43339220092873e-05,0.0002221926381799256,0.0002948414945154926,0.00304528302104989,0.003590226669239733
791,0.791,2.276262825951313e-05,4.421834763807067e-05,0.0002224527899860142,0.0002949919613463456,0.003040399100892192,0.003582098877107083
792,0.792,2.271836462757472e-05,4.410317144392573e-05,0.0002227158157995429,0.0002951463091923047,0.00303543108662303,0.003573884540126233
793,0.793,2.267421107183068e-05,4.398839193396327e-05,0.0002229816293122319,0.0002953044165638387,0.003030379075373657,0.003565583936377043
794,0.794,2.263016737984846e-05,4.387400761886723e-05,0.0002232501450451057,0.000295466163407988,0.003025243199508768,0.003557197384532556
795,0.795,2.258623333836682e-05,4.376001701395202e-05,0.0002235212783571532,0.0002956314311140005,0.00302002362712151,0.003548725244308066
796,0.796,2.254240873308036e-05,4.364641863871291e-05,0.0002237949454475866,0.0002958001025105074,0.003014720562497014,0.003540167916871799
797,0.797,2.249869334848641e-05,4.353321101649925e-05,0.0002240710633704063,0.0002959720618789729,0.003009334246588478,0.003531525845268847
798,0.798,2.24550869685732e-05,4.342039267581522e-05,0.0002243495500322364,0.0002961471949450437,0.003003864957431655,0.003522799514771296
799,0.799,2.241158937589718e-05,4.330796214850571e-05,0.0002246303242017965,0.0002963253888852995,0.002998313010584509,0.00351398945325675
800,0.8,2.236820035221112e-05,4.319591797093865e-05,0.0002249133055124555,0.0002965065323248564,0.002992678759549954,0.003505096231565979
801,0.801,2.232491967835329e-05,4.308425868376244e-05,0.0002251984144715602,0.0002966905153439553,0.002986962596147144,0.003496120463798579
802,0.802,2.228174713453837e-05,4.297298283243561e-05,0.0002254855724554593,0.0002968772294656886,0.002981164950912732,0.003487062807643553
803,0.803,2.223868249986569e-05,4.28620889662469e-05,0.0002257747017215537,0.0002970665676662032,0.002975286293463802,0.003477923964663402
804,0.804,2.219572555237281e-05,4.275157563839132e-05,0.0002260657254074987,0.0002972584243679898,0.002969327132820305,0.003468704680530075
805,0.805,2.215287606995784e-05,4.264144140771559e-05,0.0002263585675253902,0.0002974526954266256,0.002963288017759231,0.003459405745297608
806,0.806,2.211013382884846e-05,4.253168483573883e-05,0.000226653152979146,0.0002976492781480462,0.002957169537120074,0.003450027993616942
807,0.8070000000000001,2.206749860535489e-05,4.24223044899987e-05,0.0002269494075561648,0.0002978480712720206,0.002950972320072023,0.003440572304905079
808,0.8080000000000001,2.20249701743876e-05,4.231329894116875e-05,0.0002272472579245975,0.0002980489749630529,0.002944697036430491,0.003431039603572501
809,0.8090000000000001,2.198254831039568e-05,4.220466676483305e-05,0.000227546631645894,0.0002982518908213829,0.002938344396861933,0.003421430859118041
810,0.8100000000000001,2.194023278705511e-05,4.209640654085821e-05,0.0002278474571555449,0.0002984567218522843,0.002931915153149345,0.00341174708629608
811,0.8110000000000001,2.189802337757286e-05,4.19885168539455e-05,0.0002281496637904936,0.0002986633724965945,0.002925410098388577,0.003401989345201626
812,0.8120000000000001,2.185591985396662e-05,4.188099629222182e-05,0.0002284531817584751,0.0002988717485851949,0.00291883006718778,0.003392158741359611
813,0.8130000000000001,2.181392198829149e-05,4.177384344956147e-05,0.0002287579421579932,0.0002990817573598534,0.002912175935853703,0.003382256425798786
814,0.8140000000000001,2.177202955132177e-05,4.16670569230302e-05,0.0002290638769723062,0.0002992933074600783,0.002905448622497737,0.003372283595031691
815,0.8150000000000001,2.173024231353475e-05,4.156063531474031e-05,0.000229370919054243,0.0002995063088980452,0.002898649087198521,0.003362241491101712
816,0.8160000000000001,2.168856004481981e-05,4.145457723126621e-05,0.0002296790021417222,0.0002997206730737287,0.002891778332101947,0.003352131401557037
817,0.8170000000000001,2.164698251433536e-05,4.134888128333912e-05,0.0002299880608530465,0.0002999363127635788,0.002884837401482105,0.003341954659379373
818,0.8180000000000001,2.160550949085334e-05,4.124354608647934e-05,0.0002302980306691798,0.0003001531420923446,0.002877827381823348,0.003331712642938619
819,0.8190000000000001,2.156414074259164e-05,4.113857026064393e-05,0.0002306088479461225,0.0003003710765441727,0.002870749401838479,0.003321406775873345
820,0.8200000000000001,2.152287603687362e-05,4.103395242955152e-05,0.0002309204499055487,0.0003005900329454307,0.002863604632477745,0.003311038526961462
821,0.8210000000000001,2.148171514117971e-05,4.092969122265823e-05,0.0002312327746310024,0.000300809929454819,0.002856394286910925,0.003300609409960842
822,0.8220000000000001,2.144065782192801e-05,4.082578527280272e-05,0.0002315457610686349,0.0003010306855594423,0.002849119620505719,0.003290120983446669
823,0.8230000000000001,2.13997038453565e-05,4.072223321786158e-05,0.0002318593490142214,0.0003012522220530903,0.002841781930724045,0.003279574850554291
824,0.8240000000000001,2.135885297699932e-05,4.061903369972147e-05,0.0002321734791170181,0.0003014744610365033,0.002834382557046308,0.003268972658756227
825,0.8250000000000001,2.131810498223123e-05,4.051618536528852e-05,0.000232488092873384,0.0003016973259043299,0.002826922880868576,0.003258316099609435
826,0.8260000000000001,2.127745962605891e-05,4.041368686606144e-05,0.0002328031326131535,0.0003019207413227913,0.002819404325308911,0.003247606908397901
827,0.8270000000000001,2.123691667262097e-05,4.031153685715426e-05,0.0002331185415147422,0.0003021446332446529,0.002811828355068045,0.003236846863840918
828,0.8280000000000001,2.119647588621358e-05,4.020973399921675e-05,0.0002334342635817857,0.0003023689288743601,0.002804196476190191,0.003226037787686796
829,0.8290000000000001,2.115613703035507e-05,4.010827695662912e-05,0.0002337502436395049,0.0003025935566588392,0.00279651023586554,0.003215181544357431
830,0.8300000000000001,2.111589986821446e-05,4.000716439828994e-05,0.0002340664273403536,0.0003028184462903505,0.002788771222124735,0.003204280040469141
831,0.8310000000000001,2.107576416298124e-05,3.990639499828836e-05,0.0002343827611477853,0.0003030435286810725,0.002780981063571746,0.00319333522440102
832,0.8320000000000001,2.103572967719598e-05,3.980596743460621e-05,0.0002346991923364266,0.0003032687359589993,0.002773141429025942,0.003182349085759865
833,0.833,2.099579617311681e-05,3.9705880389788e-05,0.0002350156689855,0.0003034940014551266,0.002765254027197888,0.003171323654887381
834,0.834,2.095596341283867e-05,3.960613255113646e-05,0.0002353321399684527,0.0003037192596858322,0.00275732060628165,0.003160261002272977
835,0.835,2.091623115815697e-05,3.950672261042795e-05,0.0002356485549531577,0.0003039444463489458,0.002749342953514663,0.00314916323793187
836,0.836,2.087659917048095e-05,3.940764926372218e-05,0.000235964864388324,0.0003041694983021048,0.00274132289474511,0.003138032510795417
837,0.837,2.083706721099453e-05,3.930891121163842e-05,0.00023628101950086,0.0003043943535552836,0.002733262293933249,0.003126871008027789
838,0.838,2.079763504067291e-05,3.921050715936125e-05,0.0002365969723002464,0.0003046189512723949,0.002725163052613374,0.003115680954300477
839,0.839,2.075830242015189e-05,3.911243581636486e-05,0.0002369126755456253,0.0003048432317249636,0.002717027109351684,0.00310446461106568
840,0.84,2.071906911007922e-05,3.901469589705158e-05,0.0002372280827710188,0.0003050671363206684,0.002708856439130362,0.003093224275748198
841,0.841,2.067993487075273e-05,3.891728612003973e-05,0.0002375431482518051,0.0003052906075563667,0.002700653052731485,0.003081962280940622
842,0.842,2.064089946224287e-05,3.882020520837106e-05,0.0002378578270127819,0.000305513589024671,0.002692418996058962,0.003070680993531339
843,0.843,2.060196264445826e-05,3.872345188960703e-05,0.0002381720748164985,0.000305736025395216,0.002684156349423701,0.00305938281379345
844,0.844,2.056312417733455e-05,3.862702489615643e-05,0.0002384858481627028,0.0003059578624102535,0.002675867226813588,0.003048070174461816
845,0.845,2.052438382048786e-05,3.853092296459727e-05,0.0002387991042674968,0.0003061790468542597,0.002667553775098084,0.003036745539737509
846,0.846,2.048574133328563e-05,3.843514483578744e-05,0.0002391118010747881,0.0003063995265650614,0.002659218173211701,0.003025411404273861
847,0.847,2.044719647520515e-05,3.83396892555077e-05,0.000239423897231083,0.0003066192503979715,0.002650862631280856,0.003014070292101087
848,0.848,2.040874900553553e-05,3.824455497387834e-05,0.0002397353520907914,0.0003068381682291309,0.002642489389733541,0.003002724755537026
849,0.849,2.0370398683356e-05,3.814974074529332e-05,0.0002400461257083597,0.0003070562309420013,0.002634100718347774,0.002991377374031184
850,0.85,2.033214526765419e-05,3.805524532861517e-05,0.0002403561788239685,0.0003072733904056889,0.002625698915266846,0.002980030752977304
851,0.851,2.029398851766415e-05,3.796106748778328e-05,0.0002406654728598598,0.0003074895994669422,0.002617286305972591,0.002968687522481722
852,0.852,2.025592819200314e-05,3.786720599017122e-05,0.0002409739699176875,0.0003077048119434891,0.002608865242219401,0.002957350336093241
853,0.853,2.021796404982686e-05,3.77736596087253e-05,0.0002412816327663271,0.0003079189826052459,0.002600438100919253,0.002946021869481584
854,0.854,2.018009584963629e-05,3.768042711970577e-05,0.0002415884248378117,0.0003081320671659592,0.002592007282984788,0.002934704819074472
855,0.855,2.014232335057291e-05,3.75875073050822e-05,0.0002418943102162956,0.0003083440222660192,0.002583575212139077,0.002923401900661446
856,0.856,2.010464631110941e-05,3.749489895006587e-05,0.0002421992536342578,0.0003085548054645394,0.002575144333669291,0.002912115847940408
857,0.857,2.006706449008302e-05,3.740260084501045e-05,0.0002425032204619573,0.0003087643752229122,0.002566717113140636,0.002900849411024775
858,0.858,2.002957764625851e-05,3.731061178457388e-05,0.000242806176707529,0.0003089726909019607,0.002558296035069386,0.002889605354909882
859,0.859,1.999218553834363e-05,3.72189305677222e-05,0.0002431080890012482,0.0003091797127389765,0.002549883601550148,0.002878386457893929
860,0.86,1.995488792510517e-05,3.712755599792046e-05,0.0002434089245965954,0.0003093854018462064,0.002541482330833035,0.002867195509948634
861,0.861,1.991768456536539e-05,3.70364868831016e-05,0.0002437086513484674,0.0003095897201803362,0.002533094755875416,0.002856035311066906
862,0.862,1.988057521796183e-05,3.694572203556912e-05,0.0002440072377315224,0.0003097926305630032,0.002524723422815881,0.002844908669529922
863,0.863,1.984355964166056e-05,3.685526027180886e-05,0.0002443046528069243,0.000309994096635854,0.00251637088943757,0.002833818400168191
864,0.864,1.980663759552823e-05,3.676510041315845e-05,0.0002446008662316754,0.0003101940828696657,0.002508039723579026,0.002822767322570203
865,0.865,1.976980883850127e-05,3.667524128498181e-05,0.0002448958482432796,0.0003103925545422868,0.002499732501479548,0.002811758259224628
866,0.866,1.973307312965315e-05,3.658568171714165e-05,0.0002451895696600881,0.0003105894777364697,0.002491451806113416,0.002800794033656308
867,0.867,1.969643022814475e-05,3.649642054388426e-05,0.0002454820018644676,0.0003107848193159759,0.002483200225461415,0.002789877468499217
868,0.868,1.965987989323971e-05,3.640745660384307e-05,0.0002457731168056676,0.0003109785469267247,0.002474980350747545,0.002779011383537217
869,0.869,1.962342188415516e-05,3.631878873973998e-05,0.0002460628869923489,0.0003111706289848529,0.002466794774627171,0.002768198593697865
870,0.87,1.958705596054909e-05,3.623041579926266e-05,0.0002463512854783611,0.0003113610346563116,0.002458646089344982,0.00275744190701934
871,0.871,1.955078188184022e-05,3.614233663378409e-05,0.0002466382858569818,0.000311549733847184,0.002450536884842996,0.002746744122569174
872,0.872,1.951459940792162e-05,3.605455009965848e-05,0.0002469238622630185,0.0003117366972040478,0.002442469746845082,0.002736108028344037
873,0.873,1.94785082983901e-05,3.596705505677222e-05,0.0002472079893589443,0.0003119218960941358,0.002434447254875835,0.002725536399103867
874,0.874,1.944250831340321e-05,3.587985037010703e-05,0.0002474906423291529,0.0003121053025958305,0.002426471980289287,0.002715031994224441
875,0.875,1.940659921294071e-05,3.579293490835118e-05,0.0002477717968763893,0.0003122868894919652,0.002418546484190624,0.002704597555438637
876,0.876,1.937078075744577e-05,3.570630754506097e-05,0.0002480514292054701,0.0003124666302471108,0.00241067331543043,0.00269423580466597
877,0.877,1.933505270722608e-05,3.561996715753308e-05,0.000248329516034331,0.0003126444990193746,0.002402855008450582,0.002683949441685085
878,0.878,1.929941482308748e-05,3.553391262794923e-05,0.000248606034567579,0.0003128204706249805,0.00239509408117471,0.002673741141863629
879,0.879,1.926386686552914e-05,3.54481428418725e-05,0.0002488809625091394,0.0003129945205521475,0.002387393032872237,0.002663613553866633
880,0.88,1.922840859595372e-05,3.536265669045253e-05,0.0002491542780382203,0.0003131666249288156,0.002379754341953871,0.002653569297296788
881,0.881,1.919303977534178e-05,3.527745306796166e-05,0.0002494259598163811,0.0003133367605295583,0.002372180463782781,0.002643610960360256
882,0.882,1.915776016523393e-05,3.519253087358314e-05,0.0002496959869754048,0.0003135049047584071,0.002364673828426297,0.002633741097474434
883,0.883,1.912256952692225e-05,3.510788900989993e-05,0.0002499643391115868,0.0003136710356397425,0.002357236838464003,0.002623962226946294
884,0.884,1.908746762250338e-05,3.502352638480812e-05,0.0002502309962804218,0.0003138351318097815,0.002349871866669069,0.002614276828518437
885,0.885,1.905245421411013e-05,3.493944191008452e-05,0.0002504959389919786,0.0003139971725089082,0.002342581253798644,0.002604687341043829
886,0.886,1.901752906368518e-05,3.485563450094909e-05,0.0002507591481959858,0.0003141571375611921,0.002335367306285514,0.002595196160059497
887,0.887,1.89826919340046e-05,3.477210307792093e-05,0.0002510206052906429,0.0003143150073836453,0.002328232293948637,0.002585805635388861
888,0.888,1.894794258788755e-05,3.468884656534795e-05,0.0002512802921036502,0.0003144707629607467,0.00232117844772503,0.002576518068775899
889,0.889,1.891328078813322e-05,3.460586389126942e-05,0.0002515381908987616,0.0003146243858509081,0.00231420795739544,0.002567335711520164
890,0.89,1.887870629812341e-05,3.452315398849994e-05,0.0002517942843571894,0.0003147758581615654,0.002307322969298672,0.00255826076210717
891,0.891,1.884421888129251e-05,3.444071579363475e-05,0.0002520485555760043,0.0003149251625455208,0.002300525584055212,0.002549295363856708
892,0.892,1.880981830173364e-05,3.435854824814059e-05,0.0002523009880654162,0.0003150722821959735,0.002293817854313312,0.002540441602603702
893,0.893,1.877550432303594e-05,3.427665029620794e-05,0.0002525515657483485,0.0003152172008443755,0.002287201782542474,0.002531701504438804
894,0.894,1.874127671005286e-05,3.419502088796041e-05,0.000252800272935735,0.000315359902728058,0.002280679318779636,0.002523077033404189
895,0.895,1.870713522718411e-05,3.411365897629665e-05,0.0002530470943442596,0.0003155003726108716,0.00227425235844629,0.002514570089274678
896,0.896,1.86730796394091e-05,3.403256351875722e-05,0.0002532920150738616,0.0003156385957536238,0.002267922740230727,0.002506182505418039
897,0.897,1.863910971198064e-05,3.395173347694337e-05,0.0002535350206133162,0.0003157745579195977,0.002261692243941412,0.002497916046629702
898,0.898,1.860522521023188e-05,3.387116781614632e-05,0.0002537760968257657,0.0003159082453550892,0.002255562588368869,0.002489772406984124
899,0.899,1.857142590017912e-05,3.379086550642436e-05,0.0002540152299473146,0.0003160396447862741,0.002249535429323948,0.002481753207886374
900,0.9,1.85377115480732e-05,3.37108255217655e-05,0.0002542524065895458,0.0003161687434209722,0.002243612357596578,0.002473859996042498
901,0.901,1.850408192023042e-05,3.363104683975879e-05,0.0002544876137166704,0.0003162955289188684,0.002237794897105998,0.002466094241646328
902,0.902,1.847053678339707e-05,3.355152844224023e-05,0.0002547208386569414,0.0003164199894044042,0.002232084502870546,0.002458457336373641
903,0.903,1.8437075904893e-05,3.347226931553008e-05,0.0002549520690893394,0.0003165421134489552,0.00222648255930225,0.002450950591738694
904,0.904,1.840369905210901e-05,3.339326844950231e-05,0.0002551812930454658,0.0003166618900718979,0.002220990378439525,0.002443575237387527
905,0.905,1.837040599266074e-05,3.33145248378441e-05,0.0002554084988946472,0.0003167793087208992,0.002215609198225298,0.002436332419446208
906,0.906,1.833719649499434e-05,3.323603747913382e-05,0.0002556336753430955,0.0003168943592696709,0.002210340181001306,0.002429223199110511
907,0.907,1.830407032735492e-05,3.31578053749518e-05,0.0002558568114300394,0.0003170070320119967,0.002205184411852129,0.002422248551074748
908,0.908,1.827102725870949e-05,3.307982753153378e-05,0.0002560778965295268,0.0003171173176627959,0.002200142897271423,0.002415409362317834
909,0.909,1.823806705812055e-05,3.300210295861611e-05,0.0002562969203346747,0.0003172252073374725,0.00219521656374172,0.002408706430797847
910,0.91,1.820518949537182e-05,3.292463067055047e-05,0.0002565138728552122,0.0003173306925477819,0.002190406256572402,0.002402140464432072
911,0.911,1.817239434017277e-05,3.284740968484365e-05,0.0002567287444208317,0.0003174337652048805,0.002185712738629598,0.002395712079961625
912,0.912,1.81396813629215e-05,3.27704390235203e-05,0.0002569415256620018,0.000317534417594541,0.002181136689331669,0.002389421802108632
913,0.913,1.810705033427148e-05,3.26937177123183e-05,0.0002571522075227066,0.0003176326423918627,0.002176678703682184,0.002383270062776341
914,0.914,1.8074501025151e-05,3.261724478070789e-05,0.000257360781247166,0.0003177284326438305,0.002172339291475772,0.00237725720043928
915,0.915,1.80420332070652e-05,3.254101926241635e-05,0.0002575672383720369,0.0003178217817586926,0.002168118876435714,0.002371383459459872
916,0.916,1.80096466519057e-05,3.246504019506573e-05,0.0002577715707259067,0.0003179126835043769,0.002164017795663225,0.00236564898974607
917,0.917,1.797734113177226e-05,3.238930661983363e-05,0.0002579737704267494,0.0003180011320043912,0.002160036299105897,0.002360053846429819
918,0.918,1.794511641911963e-05,3.231381758169871e-05,0.000258173829875753,0.0003180871217292825,0.002156174549153965,0.002354597989684436
919,0.919,1.79129722873295e-05,3.223857213045372e-05,0.0002583717417562668,0.0003181706474944201,0.0021524326203054,0.002349281284616552
920,0.92,1.788090850933155e-05,3.216356931820292e-05,0.0002585674990182082,0.0003182517044399167,0.002148810499146769,0.002344103501500651
921,0.921,1.784892485917537e-05,3.208880820217348e-05,0.000258761094894397,0.000318330288049844,0.002145308084042561,0.002339064315694486
922,0.922,1.781702111111139e-05,3.201428784304466e-05,0.0002589525228717153,0.0003184063941159115,0.002141925185522015,0.002334163308311893
923,0.923,1.778519703966144e-05,3.194000730505528e-05,0.0002591417767078277,0.0003184800187572048,0.002138661526223439,0.002329399966411158
924,0.924,1.775345241972024e-05,3.186596565617077e-05,0.0002593288504206731,0.000318551158406432,0.002135516741312765,0.00232477368369665
925,0.925,1.772178702695786e-05,3.179216196878528e-05,0.0002595137382826989,0.000318619809802058,0.002132490378837761,0.002320283761146927
926,0.926,1.769020063707741e-05,3.171859531837353e-05,0.0002596964348065831,0.0003186859699699922,0.002129581900455164,0.002315929408044283
927,0.927,1.765869302633359e-05,3.164526478440293e-05,0.0002598769347663383,0.0003187496362487635,0.002126790681873317,0.002311709742690967
928,0.928,1.76272639715128e-05,3.157216945028044e-05,0.0002600552331750194,0.0003188108062613736,0.002124116013792629,0.002307623793661474
929,0.929,1.759591324982507e-05,3.149930840314084e-05,0.0002602313252852444,0.000318869477915261,0.002121557102755809,0.002303670500951751
930,0.93,1.756464063868564e-05,3.142668073343891e-05,0.0002604052065826485,0.0003189256493935532,0.002119113072071284,0.002299848717202581
931,0.931,1.753344591631875e-05,3.135428553601328e-05,0.0002605768727944324,0.0003189793191648569,0.002116782963143248,0.002296157209358056
932,0.9320000000000001,1.75023288608281e-05,3.128212190840583e-05,0.0002607463198654146,0.0003190304859532491,0.002114565736487654,0.002292594659977425
933,0.9330000000000001,1.747128925145174e-05,3.121018895308845e-05,0.0002609135439746159,0.00031907914875794,0.002112460273208232,0.002289159669039086
934,0.9340000000000001,1.744032686715904e-05,3.113848577493874e-05,0.0002610785415191557,0.000319125306832923,0.002110465376260888,0.002285850755508838
935,0.9350000000000001,1.740944148810669e-05,3.106701148382485e-05,0.0002612413091211906,0.0003191689596948253,0.002108579772235245,0.002282666359460445
936,0.9360000000000001,1.737863289440338e-05,3.099576519238069e-05,0.000261401843608519,0.0003192101070986041,0.002106802112744335,0.00227960484376526
937,0.9370000000000001,1.734790086641592e-05,3.092474601653864e-05,0.0002615601420269455,0.0003192487490520619,0.00210513097629987,0.002276664496299227
938,0.9380000000000001,1.73172451855684e-05,3.085395307693721e-05,0.0002617162016291331,0.0003192848858016476,0.00210356486994011,0.002273843531874827
939,0.9390000000000001,1.72866656334733e-05,3.07833854973546e-05,0.0002618700198769824,0.000319318517834801,0.002102102231325283,0.002271140094670017
940,0.9400000000000001,1.725616199203692e-05,3.07130424048808e-05,0.0002620215944328562,0.0003193496458686879,0.00210074143049131,0.002268552260279975
941,0.9410000000000001,1.72257340438058e-05,3.064292293051817e-05,0.0002621709231503082,0.0003193782708383772,0.00209948077195437,0.002266078038139227
942,0.9420000000000001,1.719538157171706e-05,3.0573026208722e-05,0.0002623180040905252,0.0003194043939163444,0.002098318496872115,0.002263715373996277
943,0.9430000000000001,1.716510435913817e-05,3.050335137745349e-05,0.0002624628355003981,0.0003194280164852591,0.002097252785138111,0.002261462152307227
944,0.9440000000000001,1.713490219018629e-05,3.043389757873188e-05,0.0002626054158203677,0.0003194491401470365,0.002096281757463174,0.002259316198607083
945,0.9450000000000001,1.710477484909448e-05,3.036466395749256e-05,0.0002627457436792833,0.0003194677667160929,0.00209540347788846,0.002257275282336841
946,0.9460000000000001,1.707472212061481e-05,3.0295649662287e-05,0.0002628838178832386,0.0003194838982053017,0.002094615955818986,0.002255337119145419
947,0.9470000000000001,1.704474379012273e-05,3.022685384545323e-05,0.0002630196374225796,0.0003194975368340642,0.002093917148687702,0.002253499373860804
948,0.9480000000000001,1.701483964347453e-05,3.01582756628456e-05,0.0002631532014684224,0.000319508685023635,0.002093304963977999,0.002251759662762439
949,0.9490000000000001,1.698500946670617e-05,3.008991427328554e-05,0.0002632845093619092,0.0003195173453836206,0.002092777261917866,0.002250115556566454
950,0.9500000000000001,1.695525304683152e-05,3.002176883996226e-05,0.0002634135606239258,0.0003195235207233691,0.002092331857747828,0.00224856458294373
951,0.9510000000000001,1.692557017087603e-05,2.995383852870308e-05,0.000263540354935756,0.0003195272140280889,0.002091966524270989,0.002247104229331953
952,0.9520000000000001,1.689596062670622e-05,2.988612250942891e-05,0.0002636648921539924,0.0003195284284765285,0.002091678994297819,0.002245731945625635
953,0.9530000000000001,1.686642420237301e-05,2.981861995497594e-05,0.0002637871722959622,0.0003195271674229287,0.002091466963030923,0.002244445146792725
954,0.9540000000000001,1.6836960686503e-05,2.975133004177255e-05,0.0002639071955374418,0.0003195234343938676,0.002091328090676863,0.002243241215726003
955,0.9550000000000001,1.680756986847111e-05,2.968425195012955e-05,0.0002640249622223961,0.000319517233099706,0.00209126000487668,0.002242117505891022
956,0.9560000000000001,1.677825153759798e-05,2.961738486280705e-05,0.0002641404728352719,0.0003195085674006834,0.002091260303304981,0.002241071344145881
957,0.9570000000000001,1.674900548430834e-05,2.955072796704565e-05,0.0002642537280300152,0.0003194974413416923,0.002091326555781242,0.002240100033030359
958,0.9580000000000001,1.671983149908382e-05,2.948428045270194e-05,0.0002643647286045355,0.0003194838591210564,0.002091456307197888,0.002239200853920739
959,0.9590000000000001,1.669072937304906e-05,2.941804151326914e-05,0.0002644734755085884,0.0003194678250997295,0.002091647079594727,0.002238371069262734
960,0.96,1.666169889779123e-05,2.935201034554392e-05,0.0002645799698321372,0.0003194493437869328,0.002091896374810936,0.002237607925414187
961,0.961,1.663273986549407e-05,2.928618614984739e-05,0.0002646842128159411,0.0003194284198526316,0.002092201676656927,0.002236908654966287
962,0.962,1.660385206864018e-05,2.922056812948631e-05,0.0002647862058399375,0.0003194050581132184,0.002092560453557464,0.002236270479560746
963,0.963,1.65750353004473e-05,2.915515549150737e-05,0.0002648859504169418,0.000319379263523632,0.002092970160647753,0.00223569061211466
964,0.964,1.65462893544705e-05,2.908994744598277e-05,0.0002649834482105215,0.0003193510411986262,0.002093428242140664,0.002235166259327883
965,0.965,1.651761402483903e-05,2.902494320641116e-05,0.0002650787010045504,0.0003193203963758049,0.002093932133675677,0.002234694624163239
966,0.966,1.648900910596717e-05,2.896014198919719e-05,0.0002651717107235666,0.0003192873344399047,0.002094479264377609,0.002234272908010389
967,0.967,1.646047439309655e-05,2.88955430145897e-05,0.0002652624794201002,0.0003192518609072673,0.002095067059301496,0.002233898313254384
968,0.968,1.643200968197814e-05,2.883114550610763e-05,0.0002653510092688081,0.0003192139814185485,0.002095692941201141,0.00223356804511687
969,0.969,1.640361476853798e-05,2.876694868994048e-05,0.0002654373025802903,0.0003191737017551173,0.002096354332872244,0.002233279314103399
970,0.97,1.637528944924048e-05,2.870295179557353e-05,0.0002655213617820355,0.0003191310278158929,0.002097048659132398,0.002233029338057326
971,0.971,1.634703352154208e-05,2.863915405656616e-05,0.0002656031894257333,0.0003190859656259258,0.002097773348806408,0.002232815344213939
972,0.972,1.631884678278731e-05,2.85755547086061e-05,0.000265682788174973,0.000319038521321428,0.002098525836678964,0.00223263457121382
973,0.973,1.629072903135673e-05,2.851215299150472e-05,0.000265760160822434,0.0003189887011701929,0.002099303565292492,0.002232484270946404
974,0.974,1.626268006565889e-05,2.844894814742036e-05,0.0002658353102649674,0.0003189365115415027,0.002100103986805127,0.002232361710452366
975,0.975,1.623469968485818e-05,2.838593942211748e-05,0.0002659082395225551,0.0003188819589286811,0.002100924564837775,0.002232264173809151
976,0.976,1.620678768870944e-05,2.832312606466404e-05,0.0002659789517189468,0.0003188250499256951,0.002101762776084445,0.002232188963760596
977,0.977,1.617894387728647e-05,2.826050732694376e-05,0.0002660474500859359,0.0003187657912321079,0.002102616112037534,0.002232133403464092
978,0.978,1.615116805149334e-05,2.819808246453644e-05,0.0002661137379725728,0.0003187041896639725,0.002103482080478621,0.002232094837984687
979,0.979,1.612346001227606e-05,2.813585073532687e-05,0.0002661778188195004,0.0003186402521228931,0.002104358207269724,0.002232070636103924
980,0.98,1.609581956136394e-05,2.807381140078773e-05,0.0002662396961851703,0.0003185739856273048,0.002105242037479728,0.002232058191419889
981,0.981,1.606824650107328e-05,2.801196372562276e-05,0.0002662993737196957,0.0003185053972810027,0.002106131137052701,0.002232054924018431
982,0.982,1.604074063397506e-05,2.795030697717471e-05,0.000266356855176052,0.00031843449428642,0.00210702309405098,0.002232058281690371
983,0.983,1.601330176359406e-05,2.788884042663077e-05,0.000266412144404098,0.0003183612839373495,0.002107915520189738,0.002232065741454166
984,0.984,1.598592969340545e-05,2.782756334726201e-05,0.0002664652453520847,0.000318285773620613,0.002108806051672412,0.002232074810336023
985,0.985,1.595862422771222e-05,2.776647501593773e-05,0.000266516162063194,0.0003182079708118065,0.002109692350776312,0.00223208302694099
986,0.986,1.593138517155329e-05,2.770557471295461e-05,0.0002665648986710001,0.0003181278830697632,0.002110572106754191,0.002232087962298292
987,0.987,1.590421232994015e-05,2.764486172069381e-05,0.0002666114594037985,0.0003180455180416262,0.002111443037054029,0.002232087221040676
988,0.988,1.587710550883595e-05,2.758433532531283e-05,0.000266655848571683,0.0003179608834473078,0.002112302888227819,0.002232078442253368
989,0.989,1.585006451453107e-05,2.752399481564714e-05,0.0002666980705836551,0.0003178739870998246,0.002113149436905693,0.002232059300390237
990,0.99,1.582308915373752e-05,2.746383948336156e-05,0.0002667381299267544,0.0003177848368802904,0.002113980490873707,0.002232027506297703
991,0.991,1.579617923414483e-05,2.740386862390349e-05,0.0002667760311733117,0.0003176934407465072,0.002114793889647203,0.002231980807704947
992,0.992,1.576933456327837e-05,2.734408153450909e-05,0.0002668117789797651,0.0003175998067314592,0.002115587505634037,0.00223191699033531
993,0.993,1.574255494980563e-05,2.728447751645698e-05,0.0002668453780883683,0.0003175039429452707,0.002116359244515283,0.002231833878191204
994,0.994,1.571584020258969e-05,2.722505587341543e-05,0.0002668768333131587,0.0003174058575584335,0.002117107046306925,0.002231729334556284
995,0.995,1.568919013105011e-05,2.716581591205531e-05,0.0002669061495505647,0.0003173055588143725,0.00211782888566393,0.002231601262198471
996,0.996,1.566260454490294e-05,2.710675694158823e-05,0.0002669333317756754,0.00031720305502494,0.002118522772919937,0.002231447604347357
997,0.997,1.563608325498996e-05,2.704787827519008e-05,0.0002669583850385862,0.0003170983545660046,0.002119186754209377,0.002231266344704912
998,0.998,1.56096260721244e-05,2.698917922799174e-05,0.0002669813144575282,0.0003169914658692587,0.002119818912322703,0.002231055508227904
999,0.999,1.558323280766592e-05,2.693065911806182e-05,0.0002670021252283587,0.0003168823974334364,0.00212041736693682,0.002230813161252695
1000,1,1.555690327400555e-05,2.687231726723354e-05,0.0002670208226204725,0.0003167711578194028,0.002120980275239068,0.002230537412034108
