timeHist0,timeHist1,timeHist2,timeHist3
0.000000000000000000e+00,0.000000000000000000e+00,0.000000000000000000e+00,0.000000000000000000e+00
4.199999999999999845e-01,2.100000000000000130e-02,4.103960686960684612e+00,4.103960686960712145e+00
8.399999999999999689e-01,4.200000000000000261e-02,7.546386278547778659e+00,7.546386278547821291e+00
1.260000000000000009e+00,6.300000000000000044e-02,1.052654739790544625e+01,1.052654739790552085e+01
1.679999999999999938e+00,8.400000000000000522e-02,1.316803834705542897e+01,1.316803834705551601e+01
2.100000000000000089e+00,1.050000000000000100e-01,1.554802722708188867e+01,1.554802722708198282e+01
2.520000000000000018e+00,1.260000000000000009e-01,1.771597848573431477e+01,1.771597848573442491e+01
2.939999999999999947e+00,1.469999999999999918e-01,1.970500219973614620e+01,1.970500219973627054e+01
3.359999999999999876e+00,1.680000000000000104e-01,2.153853341704789770e+01,2.153853341704803981e+01
3.779999999999999805e+00,1.890000000000000013e-01,2.323420112806061155e+01,2.323420112806075011e+01
4.200000000000000178e+00,2.100000000000000200e-01,2.480605193193806812e+01,2.480605193193822089e+01
4.620000000000000107e+00,2.310000000000000109e-01,2.626582522747154158e+01,2.626582522747169435e+01
5.040000000000000036e+00,2.500000000000000000e-01,2.736497852645015527e+01,2.736497852645031514e+01
5.459999999999999964e+00,2.500000000000000000e-01,2.598634758102501507e+01,2.598634758102516074e+01
5.879999999999999893e+00,2.500000000000000000e-01,2.492280014944916999e+01,2.492280014944931210e+01
6.299999999999999822e+00,2.500000000000000000e-01,2.405971642722780501e+01,2.405971642722794002e+01
6.719999999999999751e+00,2.500000000000000000e-01,2.333019147339187782e+01,2.333019147339201993e+01
7.139999999999999680e+00,2.500000000000000000e-01,2.269407783496047415e+01,2.269407783496061271e+01
7.559999999999999609e+00,2.500000000000000000e-01,2.212665714438783127e+01,2.212665714438796627e+01
7.979999999999999538e+00,2.500000000000000000e-01,2.161228118216706662e+01,2.161228118216719452e+01
8.400000000000000355e+00,2.500000000000000000e-01,2.114071644227330893e+01,2.114071644227344038e+01
8.820000000000000284e+00,2.500000000000000000e-01,2.070500990791681062e+01,2.070500990791692786e+01
9.240000000000000213e+00,2.500000000000000000e-01,2.030022918108057794e+01,2.030022918108070229e+01
9.660000000000000142e+00,2.500000000000000000e-01,1.992271200551167709e+01,1.992271200551180499e+01
1.008000000000000007e+01,2.500000000000000000e-01,1.956961522978904711e+01,1.956961522978917145e+01
1.050000000000000000e+01,2.500000000000000000e-01,1.923864094660103419e+01,1.923864094660116209e+01
1.091999999999999993e+01,2.500000000000000000e-01,1.892786805165516029e+01,1.892786805165527397e+01
1.133999999999999986e+01,2.500000000000000000e-01,1.863564688504840205e+01,1.863564688504851929e+01
1.175999999999999979e+01,2.500000000000000000e-01,1.836053187510366413e+01,1.836053187510378848e+01
1.217999999999999972e+01,2.500000000000000000e-01,1.810123727389111892e+01,1.810123727389122905e+01
1.259999999999999964e+01,2.500000000000000000e-01,1.785660708532204310e+01,1.785660708532215679e+01
1.301999999999999957e+01,2.500000000000000000e-01,1.762559384972977838e+01,1.762559384972989207e+01
1.343999999999999950e+01,2.500000000000000000e-01,1.740724306579760494e+01,1.740724306579770797e+01
1.385999999999999943e+01,2.500000000000000000e-01,1.720068129192481976e+01,1.720068129192492279e+01
1.427999999999999936e+01,2.500000000000000000e-01,1.700510672311358817e+01,1.700510672311369831e+01
1.469999999999999929e+01,2.500000000000000000e-01,1.681978149224785923e+01,1.681978149224795516e+01
1.511999999999999922e+01,2.500000000000000000e-01,1.664402521819906511e+01,1.664402521819916458e+01
1.553999999999999915e+01,2.500000000000000000e-01,1.647720948983340250e+01,1.647720948983349842e+01
1.595999999999999908e+01,2.500000000000000000e-01,1.631875307762204841e+01,1.631875307762214433e+01
1.637999999999999901e+01,2.500000000000000000e-01,1.616811772868236829e+01,1.616811772868247132e+01
1.680000000000000071e+01,2.500000000000000000e-01,1.602480444189787434e+01,1.602480444189797382e+01
1.722000000000000242e+01,2.500000000000000000e-01,1.588835014635761667e+01,1.588835014635771614e+01
1.764000000000000412e+01,2.500000000000000000e-01,1.575832472416392527e+01,1.575832472416402652e+01
1.806000000000000583e+01,2.500000000000000000e-01,1.563432833096032759e+01,1.563432833096041641e+01
1.848000000000000753e+01,2.500000000000000000e-01,1.551598897632062624e+01,1.551598897632072749e+01
1.890000000000000924e+01,2.500000000000000000e-01,1.540296033263273046e+01,1.540296033263282993e+01
1.932000000000001094e+01,2.500000000000000000e-01,1.529491974606151850e+01,1.529491974606160909e+01
1.974000000000001265e+01,2.500000000000000000e-01,1.519156642706118987e+01,1.519156642706127691e+01
2.016000000000001435e+01,2.500000000000000000e-01,1.509261980102968792e+01,1.509261980102977674e+01
2.058000000000001606e+01,2.500000000000000000e-01,1.499781800225991901e+01,1.499781800226001138e+01
2.100000000000001776e+01,2.500000000000000000e-01,1.490691649647664896e+01,1.490691649647673778e+01
2.142000000000001947e+01,2.500000000000000000e-01,1.481968681904835528e+01,1.481968681904844765e+01
2.184000000000002117e+01,2.500000000000000000e-01,1.473591541749858536e+01,1.473591541749867950e+01
2.226000000000002288e+01,2.500000000000000000e-01,1.465540258825766529e+01,1.465540258825774522e+01
2.268000000000002458e+01,2.500000000000000000e-01,1.457796149873396274e+01,1.457796149873405334e+01
2.310000000000002629e+01,2.500000000000000000e-01,1.450341728677222619e+01,1.450341728677232034e+01
2.352000000000002800e+01,2.500000000000000000e-01,1.443160623042619584e+01,1.443160623042628288e+01
2.394000000000002970e+01,2.500000000000000000e-01,1.436237498172693172e+01,1.436237498172702765e+01
2.436000000000003141e+01,2.500000000000000000e-01,1.429557985878860116e+01,1.429557985878869175e+01
2.478000000000003311e+01,2.500000000000000000e-01,1.423108619117422435e+01,1.423108619117430962e+01
2.520000000000003482e+01,2.500000000000000000e-01,1.416876771395728696e+01,1.416876771395737755e+01
2.562000000000003652e+01,2.500000000000000000e-01,1.410850600636741348e+01,1.410850600636749697e+01
2.604000000000003823e+01,2.500000000000000000e-01,1.405018997131032066e+01,1.405018997131040948e+01
2.646000000000003993e+01,2.500000000000000000e-01,1.399371535240857689e+01,1.399371535240866393e+01
2.688000000000004164e+01,2.500000000000000000e-01,1.393898428552603619e+01,1.393898428552611080e+01
2.730000000000004334e+01,2.500000000000000000e-01,1.388590488202269668e+01,1.388590488202278372e+01
2.772000000000004505e+01,2.500000000000000000e-01,1.383439084123783047e+01,1.383439084123792107e+01
2.814000000000004675e+01,2.500000000000000000e-01,1.378436108992536369e+01,1.378436108992544007e+01
2.856000000000004846e+01,2.500000000000000000e-01,1.373573944656831536e+01,1.373573944656839885e+01
2.898000000000005016e+01,2.500000000000000000e-01,1.368845430868019264e+01,1.368845430868027790e+01
2.940000000000005187e+01,2.500000000000000000e-01,1.364243836136456878e+01,1.364243836136465404e+01
2.982000000000005357e+01,2.500000000000000000e-01,1.359762830555176549e+01,1.359762830555184188e+01
3.024000000000005528e+01,2.500000000000000000e-01,1.355396460446381823e+01,1.355396460446389462e+01
3.066000000000005699e+01,2.500000000000000000e-01,1.351139124697926874e+01,1.351139124697934868e+01
3.108000000000005869e+01,2.500000000000000000e-01,1.346985552667771735e+01,1.346985552667779729e+01
3.150000000000006040e+01,2.500000000000000000e-01,1.342930783544264983e+01,1.342930783544273510e+01
3.192000000000006210e+01,2.500000000000000000e-01,1.338970147059061944e+01,1.338970147059070115e+01
3.234000000000006025e+01,2.500000000000000000e-01,1.335099245457561423e+01,1.335099245457569417e+01
3.276000000000006196e+01,2.500000000000000000e-01,1.331313936639224593e+01,1.331313936639233120e+01
3.318000000000006366e+01,2.500000000000000000e-01,1.327610318386793864e+01,1.327610318386802213e+01
3.360000000000006537e+01,2.500000000000000000e-01,1.323984713609665143e+01,1.323984713609673314e+01
3.402000000000006708e+01,2.500000000000000000e-01,1.320433656532242139e+01,1.320433656532250311e+01
3.444000000000006878e+01,2.500000000000000000e-01,1.316953879763285862e+01,1.316953879763294388e+01
3.486000000000007049e+01,2.500000000000000000e-01,1.313542302186974453e+01,1.313542302186982624e+01
3.528000000000007219e+01,2.500000000000000000e-01,1.310196017620704012e+01,1.310196017620712183e+01
3.570000000000007390e+01,2.500000000000000000e-01,1.306912284188690343e+01,1.306912284188697448e+01
3.612000000000007560e+01,2.500000000000000000e-01,1.303688514364003659e+01,1.303688514364011475e+01
3.654000000000007731e+01,2.500000000000000000e-01,1.300522265635117947e+01,1.300522265635125763e+01
3.696000000000007901e+01,2.500000000000000000e-01,1.297411231756083083e+01,1.297411231756091432e+01
3.738000000000008072e+01,2.500000000000000000e-01,1.294353234542330355e+01,1.294353234542338704e+01
3.780000000000008242e+01,2.500000000000000000e-01,1.291346216176752826e+01,1.291346216176760997e+01
3.822000000000008413e+01,2.500000000000000000e-01,1.288388231993099353e+01,1.288388231993106992e+01
3.864000000000008583e+01,2.500000000000000000e-01,1.285477443706032652e+01,1.285477443706040468e+01
3.906000000000008754e+01,2.500000000000000000e-01,1.282612113059249381e+01,1.282612113059257197e+01
3.948000000000008924e+01,2.500000000000000000e-01,1.279790595864979963e+01,1.279790595864987779e+01
3.990000000000009095e+01,2.500000000000000000e-01,1.277011336410014053e+01,1.277011336410022224e+01
4.032000000000009265e+01,2.500000000000000000e-01,1.274272862205026868e+01,1.274272862205034684e+01
4.074000000000009436e+01,2.500000000000000000e-01,1.271573779055513498e+01,1.271573779055520959e+01
4.116000000000009607e+01,2.500000000000000000e-01,1.268912766434106665e+01,1.268912766434114481e+01
4.158000000000009777e+01,2.500000000000000000e-01,1.266288573135348372e+01,1.266288573135356543e+01
4.200000000000009948e+01,2.500000000000000000e-01,1.263700013195228777e+01,1.263700013195235883e+01
4.242000000000010118e+01,2.500000000000000000e-01,1.261145962058950509e+01,1.261145962058958148e+01
4.284000000000010289e+01,2.500000000000000000e-01,1.258625352981494316e+01,1.258625352981501777e+01
4.326000000000010459e+01,2.500000000000000000e-01,1.256137173646451366e+01,1.256137173646458649e+01
4.368000000000010630e+01,2.500000000000000000e-01,1.253680462989658650e+01,1.253680462989666111e+01
4.410000000000010800e+01,2.500000000000000000e-01,1.251254308214905642e+01,1.251254308214913280e+01
4.452000000000010971e+01,2.500000000000000000e-01,1.248857841989881656e+01,1.248857841989888939e+01
4.494000000000011141e+01,2.500000000000000000e-01,1.246490239811235767e+01,1.246490239811243761e+01
4.536000000000011312e+01,2.500000000000000000e-01,1.244150717528363259e+01,1.244150717528370720e+01
4.578000000000011482e+01,2.500000000000000000e-01,1.241838529016133741e+01,1.241838529016140846e+01
4.620000000000011653e+01,2.500000000000000000e-01,1.239552963987454071e+01,1.239552963987462242e+01
4.662000000000011823e+01,2.500000000000000000e-01,1.237293345937103695e+01,1.237293345937110445e+01
4.704000000000011994e+01,2.500000000000000000e-01,1.235059030208779518e+01,1.235059030208787334e+01
4.746000000000012164e+01,2.500000000000000000e-01,1.232849402177876463e+01,1.232849402177883924e+01
4.788000000000012335e+01,2.500000000000000000e-01,1.230663875542898111e+01,1.230663875542905572e+01
4.830000000000012506e+01,2.500000000000000000e-01,1.228501890718917622e+01,1.228501890718925438e+01
4.872000000000012676e+01,2.500000000000000000e-01,1.226362913326859605e+01,1.226362913326866888e+01
4.914000000000012847e+01,2.500000000000000000e-01,1.224246432772778448e+01,1.224246432772786264e+01
4.956000000000013017e+01,2.500000000000000000e-01,1.222151960911696733e+01,1.222151960911704371e+01
4.998000000000013188e+01,2.500000000000000000e-01,1.220079030790835262e+01,1.220079030790842367e+01
5.040000000000013358e+01,2.500000000000000000e-01,1.218027195467463386e+01,1.218027195467470847e+01
5.082000000000013529e+01,2.500000000000000000e-01,1.215996026896839233e+01,1.215996026896847049e+01
5.124000000000013699e+01,2.500000000000000000e-01,1.213985114885996985e+01,1.213985114886003913e+01
5.166000000000013870e+01,2.500000000000000000e-01,1.211994066109404500e+01,1.211994066109411783e+01
5.208000000000014040e+01,2.500000000000000000e-01,1.210022503182785769e+01,1.210022503182792697e+01
5.250000000000014211e+01,2.500000000000000000e-01,1.208070063791549664e+01,1.208070063791556947e+01
5.292000000000014381e+01,2.500000000000000000e-01,1.206136399870587894e+01,1.206136399870594822e+01
5.334000000000014552e+01,2.500000000000000000e-01,1.204221176832317219e+01,1.204221176832325213e+01
5.376000000000014722e+01,2.500000000000000000e-01,1.202324072840075253e+01,1.202324072840082358e+01
5.418000000000014893e+01,2.500000000000000000e-01,1.200444778124137102e+01,1.200444778124144207e+01
5.460000000000015064e+01,2.500000000000000000e-01,1.198582994337818164e+01,1.198582994337824559e+01
5.502000000000015234e+01,2.500000000000000000e-01,1.196738433951218106e+01,1.196738433951225034e+01
5.544000000000015405e+01,2.500000000000000000e-01,1.194910819680386282e+01,1.194910819680393743e+01
5.586000000000015575e+01,2.500000000000000000e-01,1.193099883949762585e+01,1.193099883949769335e+01
5.628000000000015746e+01,2.500000000000000000e-01,1.191305368385906860e+01,1.191305368385914321e+01
5.670000000000015916e+01,2.500000000000000000e-01,1.189527023340661849e+01,1.189527023340668599e+01
5.712000000000016087e+01,2.500000000000000000e-01,1.187764607441959619e+01,1.187764607441966902e+01
5.754000000000016257e+01,2.500000000000000000e-01,1.186017887170648777e+01,1.186017887170656238e+01
5.796000000000016428e+01,2.500000000000000000e-01,1.184286636461771103e+01,1.184286636461778031e+01
5.838000000000016598e+01,2.500000000000000000e-01,1.182570636328836322e+01,1.182570636328844493e+01
5.880000000000016769e+01,2.500000000000000000e-01,1.180869674509728995e+01,1.180869674509735923e+01
5.922000000000016939e+01,2.500000000000000000e-01,1.179183545132942967e+01,1.179183545132949540e+01
5.964000000000017110e+01,2.500000000000000000e-01,1.177512048402950384e+01,1.177512048402957490e+01
6.006000000000017280e+01,2.500000000000000000e-01,1.175854990303572833e+01,1.175854990303579584e+01
6.048000000000017451e+01,2.500000000000000000e-01,1.174212182318245823e+01,1.174212182318253284e+01
6.090000000000017621e+01,2.500000000000000000e-01,1.172583441166229257e+01,1.172583441166236184e+01
6.132000000000017792e+01,2.500000000000000000e-01,1.170968588553775369e+01,1.170968588553782652e+01
6.174000000000017963e+01,2.500000000000000000e-01,1.169367450939384234e+01,1.169367450939391162e+01
6.216000000000018133e+01,2.500000000000000000e-01,1.167779859312314628e+01,1.167779859312321378e+01
6.258000000000018304e+01,2.500000000000000000e-01,1.166205648983556564e+01,1.166205648983563137e+01
6.300000000000018474e+01,2.500000000000000000e-01,1.164644659388540227e+01,1.164644659388547510e+01
6.342000000000018645e+01,2.500000000000000000e-01,1.163096733900880331e+01,1.163096733900887614e+01
6.384000000000018815e+01,2.500000000000000000e-01,1.161561719656503655e+01,1.161561719656510405e+01
6.426000000000018986e+01,2.500000000000000000e-01,1.160039467387550083e+01,1.160039467387557011e+01
6.468000000000019156e+01,2.500000000000000000e-01,1.158529831265484944e+01,1.158529831265492227e+01
6.510000000000019327e+01,2.500000000000000000e-01,1.157032668752853155e+01,1.157032668752859728e+01
6.552000000000019497e+01,2.500000000000000000e-01,1.155547840463186304e+01,1.155547840463193232e+01
6.594000000000019668e+01,2.500000000000000000e-01,1.154075210028589460e+01,1.154075210028596743e+01
6.636000000000019838e+01,2.500000000000000000e-01,1.152614643974543718e+01,1.152614643974550113e+01
6.678000000000020009e+01,2.500000000000000000e-01,1.151166011601491768e+01,1.151166011601499051e+01
6.720000000000020179e+01,2.500000000000000000e-01,1.149729184872857957e+01,1.149729184872864884e+01
6.762000000000020350e+01,2.500000000000000000e-01,1.148304038309061603e+01,1.148304038309068531e+01
6.804000000000020520e+01,2.500000000000000000e-01,1.146890448887227798e+01,1.146890448887234726e+01
6.846000000000020691e+01,2.500000000000000000e-01,1.145488295946233137e+01,1.145488295946239354e+01
6.888000000000020862e+01,2.500000000000000000e-01,1.144097461096781387e+01,1.144097461096788670e+01
6.930000000000021032e+01,2.500000000000000000e-01,1.142717828136245828e+01,1.142717828136253111e+01
6.972000000000021203e+01,2.500000000000000000e-01,1.141349282967940582e+01,1.141349282967946976e+01
7.014000000000021373e+01,2.500000000000000000e-01,1.139991713524632111e+01,1.139991713524638506e+01
7.056000000000021544e+01,2.500000000000000000e-01,1.138645009695999555e+01,1.138645009696006483e+01
7.098000000000021714e+01,2.500000000000000000e-01,1.137309063259840514e+01,1.137309063259847441e+01
7.140000000000021885e+01,2.500000000000000000e-01,1.135983767816794021e+01,1.135983767816800949e+01
7.182000000000022055e+01,2.500000000000000000e-01,1.134669018728377665e+01,1.134669018728384771e+01
7.224000000000022226e+01,2.500000000000000000e-01,1.133364713058164597e+01,1.133364713058171525e+01
7.266000000000022396e+01,2.500000000000000000e-01,1.132070749515904673e+01,1.132070749515911245e+01
7.308000000000022567e+01,2.500000000000000000e-01,1.130787028404422934e+01,1.130787028404430217e+01
7.350000000000022737e+01,2.500000000000000000e-01,1.129513451569153482e+01,1.129513451569160942e+01
7.392000000000022908e+01,2.500000000000000000e-01,1.128249922350128109e+01,1.128249922350134682e+01
7.434000000000023078e+01,2.500000000000000000e-01,1.126996345536316291e+01,1.126996345536323041e+01
7.476000000000023249e+01,2.500000000000000000e-01,1.125752627322160748e+01,1.125752627322167498e+01
7.518000000000023419e+01,2.500000000000000000e-01,1.124518675266185319e+01,1.124518675266191536e+01
7.560000000000023590e+01,2.500000000000000000e-01,1.123294398251567472e+01,1.123294398251574933e+01
7.602000000000023761e+01,2.500000000000000000e-01,1.122079706448570491e+01,1.122079706448576708e+01
7.644000000000023931e+01,2.500000000000000000e-01,1.120874511278695351e+01,1.120874511278702457e+01
7.686000000000024102e+01,2.500000000000000000e-01,1.119678725380520135e+01,1.119678725380527595e+01
7.728000000000024272e+01,2.500000000000000000e-01,1.118492262577065688e+01,1.118492262577072793e+01
7.770000000000024443e+01,2.500000000000000000e-01,1.117315037844648096e+01,1.117315037844654846e+01
7.812000000000024613e+01,2.500000000000000000e-01,1.116146967283118130e+01,1.116146967283124880e+01
7.854000000000024784e+01,2.500000000000000000e-01,1.114987968087414494e+01,1.114987968087421422e+01
7.896000000000024954e+01,2.500000000000000000e-01,1.113837958520363003e+01,1.113837958520369220e+01
7.938000000000025125e+01,2.500000000000000000e-01,1.112696857886636792e+01,1.112696857886642832e+01
7.980000000000025295e+01,2.500000000000000000e-01,1.111564586507844687e+01,1.111564586507851082e+01
8.022000000000025466e+01,2.500000000000000000e-01,1.110441065698659635e+01,1.110441065698666385e+01
8.064000000000025636e+01,2.500000000000000000e-01,1.109326217743939402e+01,1.109326217743946330e+01
8.106000000000025807e+01,2.500000000000000000e-01,1.108219965876790347e+01,1.108219965876796564e+01
8.148000000000025977e+01,2.500000000000000000e-01,1.107122234257518834e+01,1.107122234257525051e+01
8.190000000000026148e+01,2.500000000000000000e-01,1.106032947953435119e+01,1.106032947953442047e+01
8.232000000000026319e+01,2.500000000000000000e-01,1.104952032919438665e+01,1.104952032919445237e+01
8.274000000000026489e+01,2.500000000000000000e-01,1.103879415979370648e+01,1.103879415979377221e+01
8.316000000000026660e+01,2.500000000000000000e-01,1.102815024808083244e+01,1.102815024808089639e+01
8.358000000000026830e+01,2.500000000000000000e-01,1.101758787914180715e+01,1.101758787914187820e+01
8.400000000000027001e+01,2.500000000000000000e-01,1.100710634623414563e+01,1.100710634623420781e+01
8.442000000000027171e+01,2.500000000000000000e-01,1.099670495062679798e+01,1.099670495062686193e+01
8.484000000000027342e+01,2.500000000000000000e-01,1.098638300144593316e+01,1.098638300144599889e+01
8.526000000000027512e+01,2.500000000000000000e-01,1.097613981552628992e+01,1.097613981552635742e+01
8.568000000000027683e+01,2.500000000000000000e-01,1.096597471726771289e+01,1.096597471726777684e+01
8.610000000000027853e+01,2.500000000000000000e-01,1.095588703849655232e+01,1.095588703849661982e+01
8.652000000000028024e+01,2.500000000000000000e-01,1.094587611833196661e+01,1.094587611833203411e+01
8.694000000000028194e+01,2.500000000000000000e-01,1.093594130305656975e+01,1.093594130305663370e+01
8.736000000000028365e+01,2.500000000000000000e-01,1.092608194599134919e+01,1.092608194599141136e+01
8.778000000000028535e+01,2.500000000000000000e-01,1.091629740737473497e+01,1.091629740737479892e+01
8.820000000000028706e+01,2.500000000000000000e-01,1.090658705424539932e+01,1.090658705424546149e+01
8.862000000000028876e+01,2.500000000000000000e-01,1.089695026032882375e+01,1.089695026032888769e+01
8.904000000000029047e+01,2.500000000000000000e-01,1.088738640592732843e+01,1.088738640592739415e+01
8.946000000000029218e+01,2.500000000000000000e-01,1.087789487781343567e+01,1.087789487781350317e+01
8.988000000000029388e+01,2.500000000000000000e-01,1.086847506912645933e+01,1.086847506912652683e+01
9.030000000000029559e+01,2.500000000000000000e-01,1.085912637927203050e+01,1.085912637927209090e+01
9.072000000000029729e+01,2.500000000000000000e-01,1.084984821382458264e+01,1.084984821382465014e+01
9.114000000000029900e+01,2.500000000000000000e-01,1.084063998443262911e+01,1.084063998443269483e+01
9.156000000000030070e+01,2.500000000000000000e-01,1.083150110872660932e+01,1.083150110872667504e+01
9.198000000000030241e+01,2.500000000000000000e-01,1.082243101022929643e+01,1.082243101022935861e+01
9.240000000000030411e+01,2.500000000000000000e-01,1.081342911826858710e+01,1.081342911826865638e+01
9.282000000000030582e+01,2.500000000000000000e-01,1.080449486789265201e+01,1.080449486789271241e+01
9.324000000000030752e+01,2.500000000000000000e-01,1.079562769978717185e+01,1.079562769978723757e+01
9.366000000000030923e+01,2.500000000000000000e-01,1.078682706019490034e+01,1.078682706019496607e+01
9.408000000000031093e+01,2.500000000000000000e-01,1.077809240083699116e+01,1.077809240083705689e+01
9.450000000000031264e+01,2.500000000000000000e-01,1.076942317883648315e+01,1.076942317883654709e+01
9.492000000000031434e+01,2.500000000000000000e-01,1.076081885664349080e+01,1.076081885664354942e+01
9.534000000000031605e+01,2.500000000000000000e-01,1.075227890196224401e+01,1.075227890196230796e+01
9.576000000000031775e+01,2.500000000000000000e-01,1.074380278767991115e+01,1.074380278767998398e+01
9.618000000000031946e+01,2.500000000000000000e-01,1.073538999179693221e+01,1.073538999179699793e+01
9.660000000000032117e+01,2.500000000000000000e-01,1.072703999735898250e+01,1.072703999735904468e+01
9.702000000000032287e+01,2.500000000000000000e-01,1.071875229239050320e+01,1.071875229239056360e+01
9.744000000000032458e+01,2.500000000000000000e-01,1.071052636982964934e+01,1.071052636982971862e+01
9.786000000000032628e+01,2.500000000000000000e-01,1.070236172746467673e+01,1.070236172746474068e+01
9.828000000000032799e+01,2.500000000000000000e-01,1.069425786787160249e+01,1.069425786787166466e+01
9.870000000000032969e+01,2.500000000000000000e-01,1.068621429835329373e+01,1.068621429835335945e+01
9.912000000000033140e+01,2.500000000000000000e-01,1.067823053087971985e+01,1.067823053087978558e+01
9.954000000000033310e+01,2.500000000000000000e-01,1.067030608202946773e+01,1.067030608202952813e+01
9.996000000000033481e+01,2.500000000000000000e-01,1.066244047293236363e+01,1.066244047293243469e+01
1.003800000000003365e+02,2.500000000000000000e-01,1.065463322921339895e+01,1.065463322921346467e+01
1.008000000000003382e+02,2.500000000000000000e-01,1.064688388093746063e+01,1.064688388093752636e+01
1.012200000000003399e+02,2.500000000000000000e-01,1.063919196255540811e+01,1.063919196255546851e+01
1.016400000000003416e+02,2.500000000000000000e-01,1.063155701285097265e+01,1.063155701285103305e+01
1.020600000000003433e+02,2.500000000000000000e-01,1.062397857488878117e+01,1.062397857488884512e+01
1.024800000000003450e+02,2.500000000000000000e-01,1.061645619596322021e+01,1.061645619596328594e+01
1.029000000000003467e+02,2.500000000000000000e-01,1.060898942754832142e+01,1.060898942754839069e+01
1.033200000000003485e+02,2.500000000000000000e-01,1.060157782524849068e+01,1.060157782524855818e+01
1.037400000000003502e+02,2.500000000000000000e-01,1.059422094875009357e+01,1.059422094875015752e+01
1.041600000000003519e+02,2.500000000000000000e-01,1.058691836177399637e+01,1.058691836177404966e+01
1.045800000000003536e+02,2.500000000000000000e-01,1.057966963202869337e+01,1.057966963202876443e+01
1.050000000000003553e+02,2.500000000000177636e-01,1.057247433116693536e+01,1.057247433116699753e+01
1.054200000000003570e+02,2.710000000000178377e-01,1.324272764331700181e+01,1.324272764331708707e+01
1.058400000000003587e+02,2.920000000000179119e-01,1.551422646967156282e+01,1.551422646967165697e+01
1.062600000000003604e+02,3.130000000000180416e-01,1.750910490861939195e+01,1.750910490861949498e+01
1.066800000000003621e+02,3.340000000000181157e-01,1.930260017685354867e+01,1.930260017685366947e+01
1.071000000000003638e+02,3.550000000000181899e-01,2.094137204484609072e+01,2.094137204484620440e+01
1.075200000000003655e+02,3.760000000000183196e-01,2.245505528841270149e+01,2.245505528841283649e+01
1.079400000000003672e+02,3.970000000000183382e-01,2.386323505112110865e+01,2.386323505112125076e+01
1.083600000000003689e+02,4.180000000000184679e-01,2.517955835818355936e+01,2.517955835818370502e+01
1.087800000000003706e+02,4.390000000000185421e-01,2.641412556750561080e+01,2.641412556750574225e+01
1.092000000000003723e+02,4.600000000000186162e-01,2.757487174739855718e+01,2.757487174739871350e+01
1.096200000000003740e+02,4.810000000000187459e-01,2.866836247957023787e+01,2.866836247957040129e+01
1.100400000000003757e+02,5.000000000000000000e-01,2.951420446170456913e+01,2.951420446170474321e+01
1.104600000000003774e+02,5.000000000000000000e-01,2.858068068652185900e+01,2.858068068652202243e+01
1.108800000000003791e+02,5.000000000000000000e-01,2.786005466747718629e+01,2.786005466747734971e+01
1.113000000000003809e+02,5.000000000000000000e-01,2.727461353308195413e+01,2.727461353308211756e+01
1.117200000000003826e+02,5.000000000000000000e-01,2.677885718772342827e+01,2.677885718772357748e+01
1.121400000000003843e+02,5.000000000000000000e-01,2.634550297937723329e+01,2.634550297937737895e+01
1.125600000000003860e+02,5.000000000000000000e-01,2.595781333458565854e+01,2.595781333458581486e+01
1.129800000000003877e+02,5.000000000000000000e-01,2.560525405403986809e+01,2.560525405404001376e+01
1.134000000000003894e+02,5.000000000000000000e-01,2.528098800365397736e+01,2.528098800365413013e+01
1.138200000000003911e+02,5.000000000000000000e-01,2.498040951425392819e+01,2.498040951425407385e+01
1.142400000000003928e+02,5.000000000000000000e-01,2.470027951122253995e+01,2.470027951122267496e+01
1.146600000000003945e+02,5.000000000000000000e-01,2.443821132491861192e+01,2.443821132491874693e+01
1.150800000000003962e+02,5.000000000000000000e-01,2.419236272926256603e+01,2.419236272926270459e+01
1.155000000000003979e+02,5.000000000000000000e-01,2.396124990487675177e+01,2.396124990487689388e+01
1.159200000000003996e+02,5.000000000000000000e-01,2.374363380867090001e+01,2.374363380867102791e+01
1.163400000000004013e+02,5.000000000000000000e-01,2.353844973872128321e+01,2.353844973872141821e+01
1.167600000000004030e+02,5.000000000000000000e-01,2.334476280732322451e+01,2.334476280732335596e+01
1.171800000000004047e+02,5.000000000000000000e-01,2.316173906290248041e+01,2.316173906290261186e+01
1.176000000000004064e+02,5.000000000000000000e-01,2.298862615413849397e+01,2.298862615413863253e+01
1.180200000000004081e+02,5.000000000000000000e-01,2.282473988832309786e+01,2.282473988832323286e+01
1.184400000000004098e+02,5.000000000000000000e-01,2.266945449438669513e+01,2.266945449438681948e+01
1.188600000000004115e+02,5.000000000000000000e-01,2.252219526787921922e+01,2.252219526787933290e+01
1.192800000000004133e+02,5.000000000000000000e-01,2.238243279174938394e+01,2.238243279174950828e+01
1.197000000000004150e+02,5.000000000000000000e-01,2.224967823562315772e+01,2.224967823562328206e+01
1.201200000000004167e+02,5.000000000000000000e-01,2.212347942180616300e+01,2.212347942180628735e+01
1.205400000000004184e+02,5.000000000000000000e-01,2.200341745838620966e+01,2.200341745838633756e+01
1.209600000000004201e+02,5.000000000000000000e-01,2.188910380820105672e+01,2.188910380820118462e+01
1.213800000000004218e+02,5.000000000000000000e-01,2.178017770463637959e+01,2.178017770463650038e+01
1.218000000000004235e+02,5.000000000000000000e-01,2.167630385166900808e+01,2.167630385166913243e+01
1.222200000000004252e+02,5.000000000000000000e-01,2.157717036248917708e+01,2.157717036248929787e+01
1.226400000000004269e+02,5.000000000000000000e-01,2.148248690213297252e+01,2.148248690213310041e+01
1.230600000000004286e+02,5.000000000000000000e-01,2.139198300705724876e+01,2.139198300705736600e+01
1.234800000000004303e+02,5.000000000000000000e-01,2.130540655983143594e+01,2.130540655983155673e+01
1.239000000000004320e+02,5.000000000000000000e-01,2.122252240091822273e+01,2.122252240091835063e+01
1.243200000000004337e+02,5.000000000000000000e-01,2.114311106236211302e+01,2.114311106236223026e+01
1.247400000000004354e+02,5.000000000000000000e-01,2.106696761041115451e+01,2.106696761041127530e+01
1.251600000000004371e+02,5.000000000000000000e-01,2.099390058585640517e+01,2.099390058585651531e+01
1.255800000000004388e+02,5.000000000000000000e-01,2.092373103230857367e+01,2.092373103230869447e+01
1.260000000000004405e+02,5.000000000000000000e-01,2.085629160382601199e+01,2.085629160382612923e+01
1.264200000000004422e+02,5.000000000000000000e-01,2.079142574431674362e+01,2.079142574431686441e+01
1.268400000000004439e+02,5.000000000000000000e-01,2.072898693199881848e+01,2.072898693199893572e+01
1.272600000000004457e+02,5.000000000000000000e-01,2.066883798294596275e+01,2.066883798294607644e+01
1.276800000000004474e+02,5.000000000000000000e-01,2.061085040838998950e+01,2.061085040839010674e+01
1.281000000000004491e+02,5.000000000000000000e-01,2.055490382101375602e+01,2.055490382101386970e+01
1.285200000000004366e+02,5.000000000000000000e-01,2.050088538596160248e+01,2.050088538596171972e+01
1.289400000000004241e+02,5.000000000000000000e-01,2.044868931272761259e+01,2.044868931272772983e+01
1.293600000000004115e+02,5.000000000000000000e-01,2.039821638446471397e+01,2.039821638446483476e+01
1.297800000000003990e+02,5.000000000000000000e-01,2.034937352159623458e+01,2.034937352159635893e+01
1.302000000000003865e+02,5.000000000000000000e-01,2.030207337691177472e+01,2.030207337691189551e+01
1.306200000000003740e+02,5.000000000000000000e-01,2.025623395959620510e+01,2.025623395959631878e+01
1.310400000000003615e+02,5.000000000000000000e-01,2.021177828587837766e+01,2.021177828587849135e+01
1.314600000000003490e+02,5.000000000000000000e-01,2.016863405419870503e+01,2.016863405419881161e+01
1.318800000000003365e+02,5.000000000000000000e-01,2.012673334298407468e+01,2.012673334298418126e+01
1.323000000000003240e+02,5.000000000000000000e-01,2.008601232928946345e+01,2.008601232928958069e+01
1.327200000000003115e+02,5.000000000000000000e-01,2.004641102671761388e+01,2.004641102671772046e+01
1.331400000000002990e+02,5.000000000000000000e-01,2.000787304116592225e+01,2.000787304116603593e+01
1.335600000000002865e+02,5.000000000000000000e-01,1.997034534307320186e+01,1.997034534307332265e+01
1.339800000000002740e+02,5.000000000000000000e-01,1.993377805495061139e+01,1.993377805495073218e+01
1.344000000000002615e+02,5.000000000000000000e-01,1.989812425308174326e+01,1.989812425308186405e+01
1.348200000000002490e+02,5.000000000000000000e-01,1.986333978236842412e+01,1.986333978236852715e+01
1.352400000000002365e+02,5.000000000000000000e-01,1.982938308338105315e+01,1.982938308338117395e+01
1.356600000000002240e+02,5.000000000000000000e-01,1.979621503074803357e+01,1.979621503074814370e+01
1.360800000000002115e+02,5.000000000000000000e-01,1.976379878208602747e+01,1.976379878208614116e+01
1.365000000000001990e+02,5.000000000000000000e-01,1.973209963673634704e+01,1.973209963673646428e+01
1.369200000000001864e+02,5.000000000000000000e-01,1.970108490362810372e+01,1.970108490362821740e+01
1.373400000000001739e+02,5.000000000000000000e-01,1.967072377764111479e+01,1.967072377764122137e+01
1.377600000000001614e+02,5.000000000000000000e-01,1.964098722388880702e+01,1.964098722388892782e+01
1.381800000000001489e+02,5.000000000000000000e-01,1.961184786938429170e+01,1.961184786938439117e+01
1.386000000000001364e+02,5.000000000000000000e-01,1.958327990159249055e+01,1.958327990159260423e+01
1.390200000000001239e+02,5.000000000000000000e-01,1.955525897340789854e+01,1.955525897340801222e+01
1.394400000000001114e+02,5.000000000000000000e-01,1.952776211413016583e+01,1.952776211413028307e+01
1.398600000000000989e+02,5.000000000000000000e-01,1.950076764604103374e+01,1.950076764604115098e+01
1.402800000000000864e+02,5.000000000000000000e-01,1.947425510621414446e+01,1.947425510621425460e+01
1.407000000000000739e+02,5.000000000000000000e-01,1.944820517321502251e+01,1.944820517321513620e+01
1.411200000000000614e+02,5.000000000000000000e-01,1.942259959837285521e+01,1.942259959837296179e+01
1.415400000000000489e+02,5.000000000000000000e-01,1.939742114132749862e+01,1.939742114132760875e+01
1.419600000000000364e+02,5.000000000000000000e-01,1.937265350957576260e+01,1.937265350957587628e+01
1.423800000000000239e+02,5.000000000000000000e-01,1.934828130175992911e+01,1.934828130176004279e+01
1.428000000000000114e+02,5.000000000000000000e-01,1.932428995445860309e+01,1.932428995445870612e+01
1.432199999999999989e+02,5.000000000000000000e-01,1.930066569225677853e+01,1.930066569225688156e+01
1.436399999999999864e+02,5.000000000000000000e-01,1.927739548088631949e+01,1.927739548088642962e+01
1.440599999999999739e+02,5.000000000000000000e-01,1.925446698324266492e+01,1.925446698324277861e+01
1.444799999999999613e+02,5.000000000000000000e-01,1.923186851809559883e+01,1.923186851809571962e+01
1.448999999999999488e+02,5.000000000000000000e-01,1.920958902132499091e+01,1.920958902132510815e+01
1.453199999999999363e+02,5.000000000000000000e-01,1.918761800952258767e+01,1.918761800952269780e+01
1.457399999999999238e+02,5.000000000000000000e-01,1.916594554581174492e+01,1.916594554581186571e+01
1.461599999999999113e+02,5.000000000000000000e-01,1.914456220774686557e+01,1.914456220774698636e+01
1.465799999999998988e+02,5.000000000000000000e-01,1.912345905716247074e+01,1.912345905716258443e+01
1.469999999999998863e+02,5.000000000000000000e-01,1.910262761185117597e+01,1.910262761185128966e+01
1.474199999999998738e+02,5.000000000000000000e-01,1.908205981895683578e+01,1.908205981895696013e+01
1.478399999999998613e+02,5.000000000000000000e-01,1.906174802997696105e+01,1.906174802997707474e+01
1.482599999999998488e+02,5.000000000000000000e-01,1.904168497727459552e+01,1.904168497727469855e+01
1.486799999999998363e+02,5.000000000000000000e-01,1.902186375200706081e+01,1.902186375200716384e+01
1.490999999999998238e+02,5.000000000000000000e-01,1.900227778338408058e+01,1.900227778338418716e+01
1.495199999999998113e+02,5.000000000000000000e-01,1.898292081917364627e+01,1.898292081917374574e+01
1.499399999999997988e+02,5.000000000000000000e-01,1.896378690737904549e+01,1.896378690737914852e+01
1.503599999999997863e+02,5.000000000000000000e-01,1.894487037901557969e+01,1.894487037901569337e+01
1.507799999999997738e+02,5.000000000000000000e-01,1.892616583191930957e+01,1.892616583191942681e+01
1.511999999999997613e+02,5.000000000000000000e-01,1.890766811552511584e+01,1.890766811552522597e+01
1.516199999999997488e+02,5.000000000000000000e-01,1.888937231655485860e+01,1.888937231655497584e+01
1.520399999999997362e+02,5.000000000000000000e-01,1.887127374556022374e+01,1.887127374556032322e+01
1.524599999999997237e+02,5.000000000000000000e-01,1.885336792426804564e+01,1.885336792426815222e+01
1.528799999999997112e+02,5.000000000000000000e-01,1.883565057367982476e+01,1.883565057367992779e+01
1.532999999999996987e+02,5.000000000000000000e-01,1.881811760287906310e+01,1.881811760287917679e+01
1.537199999999996862e+02,5.000000000000000000e-01,1.880076509850405486e+01,1.880076509850415789e+01
1.541399999999996737e+02,5.000000000000000000e-01,1.878358931484523708e+01,1.878358931484535432e+01
1.545599999999996612e+02,5.000000000000000000e-01,1.876658666453004898e+01,1.876658666453015911e+01
1.549799999999996487e+02,5.000000000000000000e-01,1.874975370975900901e+01,1.874975370975911915e+01
1.553999999999996362e+02,5.000000000000000000e-01,1.873308715406024660e+01,1.873308715406035319e+01
1.558199999999996237e+02,5.000000000000000000e-01,1.871658383453101138e+01,1.871658383453111441e+01
1.562399999999996112e+02,5.000000000000000000e-01,1.870024071453678616e+01,1.870024071453689629e+01
1.566599999999995987e+02,5.000000000000000000e-01,1.868405487684055188e+01,1.868405487684066202e+01
1.570799999999995862e+02,5.000000000000000000e-01,1.866802351713606001e+01,1.866802351713617369e+01
1.574999999999995737e+02,5.000000000000000000e-01,1.865214393796120618e+01,1.865214393796131986e+01
1.579199999999995612e+02,5.000000000000000000e-01,1.863641354296829178e+01,1.863641354296839836e+01
1.583399999999995487e+02,5.000000000000000000e-01,1.862082983152991034e+01,1.862082983153002402e+01
1.587599999999995362e+02,5.000000000000000000e-01,1.860539039366042857e+01,1.860539039366052805e+01
1.591799999999995237e+02,5.000000000000000000e-01,1.859009290523379221e+01,1.859009290523389168e+01
1.595999999999995111e+02,5.000000000000000000e-01,1.857493512348038323e+01,1.857493512348048625e+01
1.600199999999994986e+02,5.000000000000000000e-01,1.855991488274581158e+01,1.855991488274591816e+01
1.604399999999994861e+02,5.000000000000000000e-01,1.854503009049615869e+01,1.854503009049625817e+01
1.608599999999994736e+02,5.000000000000000000e-01,1.853027872355488626e+01,1.853027872355501060e+01
1.612799999999994611e+02,5.000000000000000000e-01,1.851565882455778578e+01,1.851565882455789236e+01
1.616999999999994486e+02,5.000000000000000000e-01,1.850116849861237256e+01,1.850116849861247204e+01
1.621199999999994361e+02,5.000000000000000000e-01,1.848680591015036256e+01,1.848680591015046915e+01
1.625399999999994236e+02,5.000000000000000000e-01,1.847256927996103570e+01,1.847256927996115294e+01
1.629599999999994111e+02,5.000000000000000000e-01,1.845845688239501925e+01,1.845845688239512583e+01
1.633799999999993986e+02,5.000000000000000000e-01,1.844446704272824178e+01,1.844446704272834481e+01
1.637999999999993861e+02,5.000000000000000000e-01,1.843059813467674246e+01,1.843059813467684904e+01
1.642199999999993736e+02,5.000000000000000000e-01,1.841684857805303466e+01,1.841684857805314124e+01
1.646399999999993611e+02,5.000000000000000000e-01,1.840321683655590590e+01,1.840321683655601959e+01
1.650599999999993486e+02,5.000000000000000000e-01,1.838970141568568195e+01,1.838970141568579209e+01
1.654799999999993361e+02,5.000000000000000000e-01,1.837630086077730596e+01,1.837630086077740899e+01
1.658999999999993236e+02,5.000000000000000000e-01,1.836301375514457845e+01,1.836301375514468504e+01
1.663199999999993111e+02,5.000000000000000000e-01,1.834983871832879743e+01,1.834983871832891467e+01
1.667399999999992986e+02,5.000000000000000000e-01,1.833677440444567353e+01,1.833677440444577655e+01
1.671599999999992860e+02,5.000000000000000000e-01,1.832381950062451992e+01,1.832381950062462295e+01
1.675799999999992735e+02,5.000000000000000000e-01,1.831097272553478206e+01,1.831097272553488864e+01
1.679999999999992610e+02,5.000000000000000000e-01,1.829823282799418394e+01,1.829823282799429052e+01
1.684199999999992485e+02,5.000000000000000000e-01,1.828559858565400020e+01,1.828559858565410323e+01
1.688399999999992360e+02,5.000000000000000000e-01,1.827306880375684983e+01,1.827306880375694931e+01
1.692599999999992235e+02,5.000000000000000000e-01,1.826064231396284043e+01,1.826064231396294701e+01
1.696799999999992110e+02,5.000000000000000000e-01,1.824831797323983906e+01,1.824831797323994209e+01
1.700999999999991985e+02,5.000000000000000000e-01,1.823609466281426705e+01,1.823609466281437719e+01
1.705199999999991860e+02,5.000000000000000000e-01,1.822397128717897985e+01,1.822397128717908643e+01
1.709399999999991735e+02,5.000000000000000000e-01,1.821194677315455834e+01,1.821194677315465782e+01
1.713599999999991610e+02,5.000000000000000000e-01,1.820002006900123703e+01,1.820002006900133651e+01
1.717799999999991485e+02,5.000000000000000000e-01,1.818819014357834618e+01,1.818819014357844566e+01
1.721999999999991360e+02,5.000000000000000000e-01,1.817645598554849684e+01,1.817645598554859987e+01
1.726199999999991235e+02,5.000000000000000000e-01,1.816481660262399700e+01,1.816481660262410003e+01
1.730399999999991110e+02,5.000000000000000000e-01,1.815327102085294086e+01,1.815327102085305455e+01
1.734599999999990985e+02,5.000000000000000000e-01,1.814181828394280416e+01,1.814181828394291074e+01
1.738799999999990860e+02,5.000000000000000000e-01,1.813045745261911534e+01,1.813045745261922193e+01
1.742999999999990735e+02,5.000000000000000000e-01,1.811918760401761119e+01,1.811918760401771422e+01
1.747199999999990609e+02,5.000000000000000000e-01,1.810800783110747503e+01,1.810800783110757806e+01
1.751399999999990484e+02,5.000000000000000000e-01,1.809691724214421882e+01,1.809691724214432185e+01
1.755599999999990359e+02,5.000000000000000000e-01,1.808591496015026223e+01,1.808591496015036526e+01
1.759799999999990234e+02,5.000000000000000000e-01,1.807500012242185505e+01,1.807500012242196874e+01
1.763999999999990109e+02,5.000000000000000000e-01,1.806417188006062347e+01,1.806417188006073360e+01
1.768199999999989984e+02,5.000000000000000000e-01,1.805342939752839015e+01,1.805342939752850384e+01
1.772399999999989859e+02,5.000000000000000000e-01,1.804277185222410296e+01,1.804277185222421309e+01
1.776599999999989734e+02,5.000000000000000000e-01,1.803219843408137280e+01,1.803219843408147227e+01
1.780799999999989609e+02,5.000000000000000000e-01,1.802170834518559772e+01,1.802170834518570786e+01
1.784999999999989484e+02,5.000000000000000000e-01,1.801130079940959305e+01,1.801130079940969964e+01
1.789199999999989359e+02,5.000000000000000000e-01,1.800097502206651967e+01,1.800097502206662980e+01
1.793399999999989234e+02,5.000000000000000000e-01,1.799073024957932887e+01,1.799073024957944611e+01
1.797599999999989109e+02,5.000000000000000000e-01,1.798056572916571128e+01,1.798056572916582851e+01
1.801799999999988984e+02,5.000000000000000000e-01,1.797048071853761897e+01,1.797048071853771845e+01
1.805999999999988859e+02,5.000000000000000000e-01,1.796047448561461835e+01,1.796047448561472493e+01
1.810199999999988734e+02,5.000000000000000000e-01,1.795054630825043418e+01,1.795054630825054431e+01
1.814399999999988609e+02,5.000000000000000000e-01,1.794069547397166886e+01,1.794069547397176834e+01
1.818599999999988484e+02,5.000000000000000000e-01,1.793092127972817096e+01,1.793092127972828109e+01
1.822799999999988358e+02,5.000000000000000000e-01,1.792122303165461972e+01,1.792122303165472630e+01
1.826999999999988233e+02,5.000000000000000000e-01,1.791160004484221702e+01,1.791160004484232360e+01
1.831199999999988108e+02,5.000000000000000000e-01,1.790205164312046193e+01,1.790205164312057207e+01
1.835399999999987983e+02,5.000000000000000000e-01,1.789257715884812683e+01,1.789257715884823696e+01
1.839599999999987858e+02,5.000000000000000000e-01,1.788317593271305483e+01,1.788317593271316142e+01
1.843799999999987733e+02,5.000000000000000000e-01,1.787384731354022449e+01,1.787384731354034173e+01
1.847999999999987608e+02,5.000000000000000000e-01,1.786459065810788616e+01,1.786459065810799274e+01
1.852199999999987483e+02,5.000000000000000000e-01,1.785540533097082871e+01,1.785540533097093885e+01
1.856399999999987358e+02,5.000000000000000000e-01,1.784629070429108566e+01,1.784629070429118158e+01
1.860599999999987233e+02,5.000000000000000000e-01,1.783724615767500055e+01,1.783724615767511068e+01
1.864799999999987108e+02,5.000000000000000000e-01,1.782827107801691824e+01,1.782827107801702482e+01
1.868999999999986983e+02,5.000000000000000000e-01,1.781936485934864223e+01,1.781936485934874526e+01
1.873199999999986858e+02,5.000000000000000000e-01,1.781052690269467575e+01,1.781052690269477878e+01
1.877399999999986733e+02,5.000000000000000000e-01,1.780175661593294834e+01,1.780175661593306202e+01
1.881599999999986608e+02,5.000000000000000000e-01,1.779305341366055870e+01,1.779305341366065818e+01
1.885799999999986483e+02,5.000000000000000000e-01,1.778441671706433169e+01,1.778441671706442406e+01
1.889999999999986358e+02,5.000000000000000000e-01,1.777584595379614996e+01,1.777584595379625654e+01
1.894199999999986233e+02,5.000000000000000000e-01,1.776734055785258803e+01,1.776734055785269106e+01
1.898399999999986107e+02,5.000000000000000000e-01,1.775889996945859295e+01,1.775889996945869598e+01
1.902599999999985982e+02,5.000000000000000000e-01,1.775052363495531793e+01,1.775052363495542807e+01
1.906799999999985857e+02,5.000000000000000000e-01,1.774221100669158346e+01,1.774221100669168649e+01
1.910999999999985732e+02,5.000000000000000000e-01,1.773396154291893367e+01,1.773396154291904736e+01
1.915199999999985607e+02,5.000000000000000000e-01,1.772577470769017083e+01,1.772577470769026320e+01
1.919399999999985482e+02,5.000000000000000000e-01,1.771764997076089188e+01,1.771764997076099846e+01
1.923599999999985357e+02,5.000000000000000000e-01,1.770958680749457415e+01,1.770958680749466296e+01
1.927799999999985232e+02,5.000000000000000000e-01,1.770158469876994189e+01,1.770158469877004848e+01
1.931999999999985107e+02,5.000000000000000000e-01,1.769364313089181096e+01,1.769364313089191398e+01
1.936199999999984982e+02,5.000000000000000000e-01,1.768576159550405080e+01,1.768576159550415028e+01
1.940399999999984857e+02,5.000000000000000000e-01,1.767793958950540656e+01,1.767793958950551314e+01
1.944599999999984732e+02,5.000000000000000000e-01,1.767017661496768000e+01,1.767017661496777947e+01
1.948799999999984607e+02,5.000000000000000000e-01,1.766247217905609901e+01,1.766247217905620559e+01
1.952999999999984482e+02,5.000000000000000000e-01,1.765482579395216334e+01,1.765482579395225926e+01
1.957199999999984357e+02,5.000000000000000000e-01,1.764723697677828440e+01,1.764723697677838388e+01
1.961399999999984232e+02,5.000000000000000000e-01,1.763970524952470598e+01,1.763970524952480901e+01
1.965599999999984107e+02,5.000000000000000000e-01,1.763223013897826164e+01,1.763223013897836111e+01
1.969799999999983982e+02,5.000000000000000000e-01,1.762481117665294406e+01,1.762481117665303998e+01
1.973999999999983856e+02,5.000000000000000000e-01,1.761744789872229333e+01,1.761744789872239636e+01
1.978199999999983731e+02,5.000000000000000000e-01,1.761013984595350124e+01,1.761013984595360427e+01
1.982399999999983606e+02,5.000000000000000000e-01,1.760288656364312843e+01,1.760288656364323145e+01
1.986599999999983481e+02,5.000000000000000000e-01,1.759568760155429956e+01,1.759568760155440970e+01
1.990799999999983356e+02,5.000000000000000000e-01,1.758854251385556466e+01,1.758854251385566769e+01
1.994999999999983231e+02,5.000000000000000000e-01,1.758145085906100746e+01,1.758145085906111049e+01
1.999199999999983106e+02,5.000000000000000000e-01,1.757441219997189208e+01,1.757441219997200221e+01
2.003399999999982981e+02,5.000000000000000000e-01,1.756742610361956380e+01,1.756742610361967394e+01
2.007599999999982856e+02,5.000000000000000000e-01,1.756049214120960045e+01,1.756049214120970703e+01
2.011799999999982731e+02,5.000000000000000000e-01,1.755360988806726397e+01,1.755360988806736700e+01
2.015999999999982606e+02,5.000000000000000000e-01,1.754677892358403568e+01,1.754677892358413871e+01
2.020199999999982481e+02,5.000000000000000000e-01,1.753999883116542691e+01,1.753999883116552638e+01
2.024399999999982356e+02,5.000000000000000000e-01,1.753326919817973106e+01,1.753326919817983409e+01
2.028599999999982231e+02,5.000000000000000000e-01,1.752658961590796949e+01,1.752658961590806896e+01
2.032799999999982106e+02,5.000000000000000000e-01,1.751995967949471122e+01,1.751995967949481070e+01
2.036999999999981981e+02,5.000000000000000000e-01,1.751337898790006875e+01,1.751337898790016112e+01
2.041199999999981856e+02,5.000000000000000000e-01,1.750684714385239360e+01,1.750684714385250018e+01
2.045399999999981731e+02,5.000000000000000000e-01,1.750036375380219056e+01,1.750036375380229359e+01
2.049599999999981605e+02,5.000000000000000000e-01,1.749392842787662516e+01,1.749392842787672464e+01
2.053799999999981480e+02,5.000000000000000000e-01,1.748754077983506861e+01,1.748754077983517163e+01
2.057999999999981355e+02,5.000000000000000000e-01,1.748120042702545618e+01,1.748120042702556276e+01
2.062199999999981230e+02,5.000000000000000000e-01,1.747490699034135275e+01,1.747490699034145933e+01
2.066399999999981105e+02,5.000000000000000000e-01,1.746866009417993126e+01,1.746866009418003074e+01
2.070599999999980980e+02,5.000000000000000000e-01,1.746245936640056229e+01,1.746245936640066887e+01
2.074799999999980855e+02,5.000000000000000000e-01,1.745630443828427758e+01,1.745630443828438771e+01
2.078999999999980730e+02,5.000000000000000000e-01,1.745019494449386244e+01,1.745019494449397257e+01
2.083199999999980605e+02,5.000000000000000000e-01,1.744413052303458045e+01,1.744413052303469058e+01
2.087399999999980480e+02,5.000000000000000000e-01,1.743811081521574025e+01,1.743811081521583972e+01
2.091599999999980355e+02,5.000000000000000000e-01,1.743213546561268856e+01,1.743213546561279514e+01
2.095799999999980230e+02,5.000000000000000000e-01,1.742620412202967017e+01,1.742620412202977320e+01
2.099999999999980105e+02,5.000000000000000000e-01,1.742031643546308572e+01,1.742031643546318165e+01
2.104199999999979980e+02,5.209999999998998765e-01,1.934631495381086097e+01,1.934631495381096045e+01
2.108399999999979855e+02,5.419999999998992291e-01,2.100625575987123383e+01,2.100625575987135107e+01
2.112599999999979730e+02,5.629999999998986926e-01,2.248273524155632686e+01,2.248273524155646186e+01
2.116799999999979605e+02,5.839999999998980451e-01,2.382641669897870074e+01,2.382641669897883929e+01
2.120999999999979480e+02,6.049999999998973976e-01,2.506859157629560997e+01,2.506859157629574497e+01
2.125199999999979354e+02,6.259999999998967501e-01,2.622901998915035549e+01,2.622901998915050825e+01
2.129399999999979229e+02,6.469999999998961027e-01,2.732065135610659112e+01,2.732065135610674389e+01
2.133599999999979104e+02,6.679999999998955662e-01,2.835240971105277197e+01,2.835240971105292829e+01
2.137799999999978979e+02,6.889999999998949187e-01,2.933081863789003307e+01,2.933081863789018229e+01
2.141999999999978854e+02,7.099999999998942712e-01,3.026094355056238783e+01,3.026094355056255125e+01
2.146199999999978729e+02,7.309999999998936238e-01,3.114693673292342879e+01,3.114693673292362064e+01
2.150399999999978604e+02,7.500000000000000000e-01,3.184876446289810659e+01,3.184876446289827712e+01
2.154599999999978479e+02,7.500000000000000000e-01,3.117891373523335830e+01,3.117891373523351817e+01
2.158799999999978354e+02,7.500000000000000000e-01,3.066256025584659994e+01,3.066256025584675271e+01
2.162999999999978229e+02,7.500000000000000000e-01,3.024353886278212400e+01,3.024353886278228032e+01
2.167199999999978104e+02,7.500000000000000000e-01,2.988888502782380741e+01,2.988888502782398149e+01
2.171399999999977979e+02,7.500000000000000000e-01,2.957883716047961897e+01,2.957883716047978595e+01
2.175599999999977854e+02,7.500000000000000000e-01,2.930129897335394062e+01,2.930129897335409339e+01
2.179799999999977729e+02,7.500000000000000000e-01,2.904868700762686373e+01,2.904868700762702360e+01
2.183999999999977604e+02,7.500000000000000000e-01,2.881610501184419348e+01,2.881610501184434625e+01
2.188199999999977479e+02,7.500000000000000000e-01,2.860027495054719182e+01,2.860027495054734814e+01
2.192399999999977354e+02,7.500000000000000000e-01,2.839890616432662185e+01,2.839890616432676751e+01
2.196599999999977229e+02,7.500000000000000000e-01,2.821032071211180181e+01,2.821032071211194392e+01
2.200799999999977103e+02,7.500000000000000000e-01,2.803322944383086224e+01,2.803322944383100790e+01
2.204999999999976978e+02,7.500000000000000000e-01,2.786659715730496600e+01,2.786659715730512943e+01
2.209199999999976853e+02,7.500000000000000000e-01,2.770956060325930537e+01,2.770956060325946169e+01
2.213399999999976728e+02,7.500000000000000000e-01,2.756137796116748717e+01,2.756137796116763639e+01
2.217599999999976603e+02,7.500000000000000000e-01,2.742139714091877778e+01,2.742139714091892699e+01
2.221799999999976478e+02,7.500000000000000000e-01,2.728903541331241200e+01,2.728903541331255767e+01
2.225999999999976353e+02,7.500000000000000000e-01,2.716376591381578365e+01,2.716376591381592931e+01
2.230199999999976228e+02,7.500000000000000000e-01,2.704510836382444694e+01,2.704510836382459615e+01
2.234399999999976103e+02,7.500000000000000000e-01,2.693262242029269515e+01,2.693262242029284437e+01
2.238599999999975978e+02,7.500000000000000000e-01,2.682590269775495884e+01,2.682590269775512581e+01
2.242799999999975853e+02,7.500000000000000000e-01,2.672457488334849884e+01,2.672457488334863385e+01
2.246999999999975728e+02,7.500000000000000000e-01,2.662829259004070792e+01,2.662829259004085358e+01
2.251199999999975603e+02,7.500000000000000000e-01,2.653673472770580943e+01,2.653673472770595865e+01
2.255399999999975478e+02,7.500000000000000000e-01,2.644960325258326250e+01,2.644960325258341172e+01
2.259599999999975353e+02,7.500000000000000000e-01,2.636662120467416770e+01,2.636662120467431691e+01
2.263799999999975228e+02,7.500000000000000000e-01,2.628753097263449590e+01,2.628753097263464156e+01
2.267999999999975103e+02,7.500000000000000000e-01,2.621209274433809000e+01,2.621209274433822856e+01
2.272199999999974978e+02,7.500000000000000000e-01,2.614008311303734544e+01,2.614008311303749821e+01
2.276399999999974852e+02,7.500000000000000000e-01,2.607129381664642409e+01,2.607129381664656620e+01
2.280599999999974727e+02,7.500000000000000000e-01,2.600553059271984679e+01,2.600553059271999246e+01
2.284799999999974602e+02,7.500000000000000000e-01,2.594261213516880460e+01,2.594261213516895737e+01
2.288999999999974477e+02,7.500000000000000000e-01,2.588236914122571619e+01,2.588236914122585119e+01
2.293199999999974352e+02,7.500000000000000000e-01,2.582464343899334480e+01,2.582464343899348336e+01
2.297399999999974227e+02,7.500000000000000000e-01,2.576928718731137735e+01,2.576928718731151946e+01
2.301599999999974102e+02,7.500000000000000000e-01,2.571616214077704043e+01,2.571616214077717899e+01
2.305799999999973977e+02,7.500000000000000000e-01,2.566513897365270935e+01,2.566513897365285857e+01
2.309999999999973852e+02,7.500000000000000000e-01,2.561609665713754325e+01,2.561609665713768536e+01
2.314199999999973727e+02,7.500000000000000000e-01,2.556892188510702013e+01,2.556892188510715869e+01
2.318399999999973602e+02,7.500000000000000000e-01,2.552350854396287616e+01,2.552350854396301472e+01
2.322599999999973477e+02,7.500000000000000000e-01,2.547975722269863397e+01,2.547975722269877252e+01
2.326799999999973352e+02,7.500000000000000000e-01,2.543757475969121629e+01,2.543757475969136195e+01
2.330999999999973227e+02,7.500000000000000000e-01,2.539687382308296648e+01,2.539687382308309793e+01
2.335199999999973102e+02,7.500000000000000000e-01,2.535757252192950517e+01,2.535757252192965083e+01
2.339399999999972977e+02,7.500000000000000000e-01,2.531959404556585724e+01,2.531959404556598514e+01
2.343599999999972852e+02,7.500000000000000000e-01,2.528286632888529439e+01,2.528286632888544005e+01
2.347799999999972727e+02,7.500000000000000000e-01,2.524732174144450880e+01,2.524732174144466157e+01
2.351999999999972601e+02,7.500000000000000000e-01,2.521289679850047705e+01,2.521289679850060850e+01
2.356199999999972476e+02,7.500000000000000000e-01,2.517953189225793054e+01,2.517953189225806909e+01
2.360399999999972351e+02,7.500000000000000000e-01,2.514717104176089890e+01,2.514717104176102680e+01
2.364599999999972226e+02,7.500000000000000000e-01,2.511576165999966292e+01,2.511576165999979082e+01
2.368799999999972101e+02,7.500000000000000000e-01,2.508525433692985374e+01,2.508525433692998519e+01
2.372999999999971976e+02,7.500000000000000000e-01,2.505560263721153547e+01,2.505560263721167402e+01
2.377199999999971851e+02,7.500000000000000000e-01,2.502676291157779787e+01,2.502676291157792576e+01
2.381399999999971726e+02,7.500000000000000000e-01,2.499869412083292985e+01,2.499869412083305775e+01
2.385599999999971601e+02,7.500000000000000000e-01,2.497135767156299835e+01,2.497135767156312980e+01
2.389799999999971476e+02,7.500000000000000000e-01,2.494471726271623169e+01,2.494471726271636669e+01
2.393999999999971351e+02,7.500000000000000000e-01,2.491873874227813701e+01,2.491873874227826491e+01
2.398199999999971226e+02,7.500000000000000000e-01,2.489338997332790626e+01,2.489338997332804126e+01
2.402399999999971101e+02,7.500000000000000000e-01,2.486864070881873801e+01,2.486864070881886946e+01
2.406599999999970976e+02,7.500000000000000000e-01,2.484446247447508327e+01,2.484446247447522182e+01
2.410799999999970851e+02,7.500000000000000000e-01,2.482082845924733050e+01,2.482082845924746550e+01
2.414999999999970726e+02,7.500000000000000000e-01,2.479771341280538621e+01,2.479771341280552122e+01
2.419199999999970601e+02,7.500000000000000000e-01,2.477509354959323673e+01,2.477509354959336818e+01
2.423399999999970476e+02,7.500000000000000000e-01,2.475294645900016022e+01,2.475294645900030943e+01
2.427599999999970350e+02,7.500000000000000000e-01,2.473125102123884744e+01,2.473125102123897534e+01
2.431799999999970225e+02,7.500000000000000000e-01,2.470998732854839020e+01,2.470998732854852875e+01
2.435999999999970100e+02,7.500000000000000000e-01,2.468913661136996751e+01,2.468913661137010251e+01
2.440199999999969975e+02,7.500000000000000000e-01,2.466868116916585052e+01,2.466868116916597842e+01
2.444399999999969850e+02,7.500000000000000000e-01,2.464860430557775572e+01,2.464860430557789073e+01
2.448599999999969725e+02,7.500000000000000000e-01,2.462889026764047173e+01,2.462889026764060318e+01
2.452799999999969600e+02,7.500000000000000000e-01,2.460952418878732928e+01,2.460952418878746428e+01
2.456999999999969475e+02,7.500000000000000000e-01,2.459049203540188699e+01,2.459049203540202200e+01
2.461199999999969350e+02,7.500000000000000000e-01,2.457178055668727623e+01,2.457178055668740413e+01
2.465399999999969225e+02,7.500000000000000000e-01,2.455337723764014868e+01,2.455337723764029079e+01
2.469599999999969100e+02,7.500000000000000000e-01,2.453527025493077574e+01,2.453527025493091074e+01
2.473799999999968975e+02,7.500000000000000000e-01,2.451744843550383735e+01,2.451744843550397945e+01
2.477999999999968850e+02,7.500000000000000000e-01,2.449990121772739471e+01,2.449990121772752616e+01
2.482199999999968725e+02,7.500000000000000000e-01,2.448261861492842328e+01,2.448261861492856184e+01
2.486399999999968600e+02,7.500000000000000000e-01,2.446559118116459786e+01,2.446559118116473641e+01
2.490599999999968475e+02,7.500000000000000000e-01,2.444880997909139708e+01,2.444880997909151787e+01
2.494799999999968350e+02,7.500000000000000000e-01,2.443226654979293144e+01,2.443226654979305579e+01
2.498999999999968225e+02,7.500000000000000000e-01,2.441595288445411072e+01,2.441595288445424572e+01
2.503199999999968099e+02,7.500000000000000000e-01,2.439986139775844620e+01,2.439986139775857410e+01
2.507399999999967974e+02,7.500000000000000000e-01,2.438398490290457943e+01,2.438398490290471798e+01
2.511599999999967849e+02,7.500000000000000000e-01,2.436831658814079660e+01,2.436831658814092805e+01
2.515799999999967724e+02,7.500000000000000000e-01,2.435284999472307632e+01,2.435284999472321488e+01
2.519999999999967599e+02,7.500000000000000000e-01,2.433757899620913889e+01,2.433757899620927034e+01
2.524199999999967474e+02,7.500000000000000000e-01,2.432249777900537424e+01,2.432249777900550214e+01
2.528399999999967349e+02,7.500000000000000000e-01,2.430760082408984601e+01,2.430760082408996681e+01
2.532599999999967224e+02,7.500000000000000000e-01,2.429288288983866551e+01,2.429288288983879696e+01
2.536799999999967099e+02,7.500000000000000000e-01,2.427833899588818056e+01,2.427833899588831201e+01
2.540999999999966974e+02,7.500000000000000000e-01,2.426396440796913723e+01,2.426396440796926512e+01
2.545199999999966849e+02,7.500000000000000000e-01,2.424975462365346957e+01,2.424975462365359746e+01
2.549399999999966724e+02,7.500000000000000000e-01,2.423570535895783706e+01,2.423570535895796496e+01
2.553599999999966599e+02,7.500000000000000000e-01,2.422181253575151771e+01,2.422181253575164206e+01
2.557799999999966474e+02,7.500000000000000000e-01,2.420807226991948369e+01,2.420807226991962580e+01
2.561999999999966349e+02,7.500000000000000000e-01,2.419448086023487576e+01,2.419448086023501077e+01
2.566199999999966508e+02,7.500000000000000000e-01,2.418103477789734157e+01,2.418103477789748013e+01
2.570399999999966667e+02,7.500000000000000000e-01,2.416773065669703158e+01,2.416773065669716658e+01
2.574599999999966826e+02,7.500000000000000000e-01,2.415456528376607892e+01,2.415456528376620682e+01
2.578799999999966985e+02,7.500000000000000000e-01,2.414153559088195067e+01,2.414153559088208922e+01
2.582999999999967145e+02,7.500000000000000000e-01,2.412863864628923949e+01,2.412863864628936028e+01
2.587199999999967304e+02,7.500000000000000000e-01,2.411587164700828012e+01,2.411587164700842578e+01
2.591399999999967463e+02,7.500000000000000000e-01,2.410323191160160050e+01,2.410323191160172485e+01
2.595599999999967622e+02,7.500000000000000000e-01,2.409071687336978584e+01,2.409071687336991374e+01
2.599799999999967781e+02,7.500000000000000000e-01,2.407832407395158469e+01,2.407832407395172680e+01
2.603999999999967940e+02,7.500000000000000000e-01,2.406605115730333466e+01,2.406605115730347322e+01
2.608199999999968099e+02,7.500000000000000000e-01,2.405389586403488877e+01,2.405389586403501312e+01
2.612399999999968259e+02,7.500000000000000000e-01,2.404185602608072969e+01,2.404185602608086469e+01
2.616599999999968418e+02,7.500000000000000000e-01,2.402992956168605687e+01,2.402992956168617766e+01
2.620799999999968577e+02,7.500000000000000000e-01,2.401811447068846661e+01,2.401811447068860161e+01
2.624999999999968736e+02,7.500000000000000000e-01,2.400640883007824300e+01,2.400640883007838511e+01
2.629199999999968895e+02,7.500000000000000000e-01,2.399481078981966320e+01,2.399481078981980176e+01
2.633399999999969054e+02,7.500000000000000000e-01,2.398331856891809721e+01,2.398331856891822156e+01
2.637599999999969214e+02,7.500000000000000000e-01,2.397193045171810155e+01,2.397193045171823655e+01
2.641799999999969373e+02,7.500000000000000000e-01,2.396064478441871870e+01,2.396064478441883594e+01
2.645999999999969532e+02,7.500000000000000000e-01,2.394945997179242525e+01,2.394945997179254960e+01
2.650199999999969691e+02,7.500000000000000000e-01,2.393837447409647368e+01,2.393837447409660513e+01
2.654399999999969850e+02,7.500000000000000000e-01,2.392738680416408670e+01,2.392738680416422170e+01
2.658599999999970009e+02,7.500000000000000000e-01,2.391649552466550332e+01,2.391649552466562767e+01
2.662799999999970169e+02,7.500000000000000000e-01,2.390569924552827530e+01,2.390569924552840320e+01
2.666999999999970328e+02,7.500000000000000000e-01,2.389499662150750936e+01,2.389499662150763726e+01
2.671199999999970487e+02,7.500000000000000000e-01,2.388438634989704568e+01,2.388438634989717002e+01
2.675399999999970646e+02,7.500000000000000000e-01,2.387386716837306366e+01,2.387386716837319156e+01
2.679599999999970805e+02,7.500000000000000000e-01,2.386343785296235609e+01,2.386343785296248399e+01
2.683799999999970964e+02,7.500000000000000000e-01,2.385309721612776457e+01,2.385309721612790312e+01
2.687999999999971124e+02,7.500000000000000000e-01,2.384284410496375273e+01,2.384284410496388773e+01
2.692199999999971283e+02,7.500000000000000000e-01,2.383267739949567954e+01,2.383267739949580744e+01
2.696399999999971442e+02,7.500000000000000000e-01,2.382259601107645608e+01,2.382259601107658042e+01
2.700599999999971601e+02,7.500000000000000000e-01,2.381259888087492982e+01,2.381259888087505772e+01
2.704799999999971760e+02,7.500000000000000000e-01,2.380268497845041864e+01,2.380268497845055720e+01
2.708999999999971919e+02,7.500000000000000000e-01,2.379285330040849900e+01,2.379285330040862334e+01
2.713199999999972079e+02,7.500000000000000000e-01,2.378310286913271554e+01,2.378310286913283988e+01
2.717399999999972238e+02,7.500000000000000000e-01,2.377343273158855652e+01,2.377343273158867731e+01
2.721599999999972397e+02,7.500000000000000000e-01,2.376384195819449729e+01,2.376384195819463585e+01
2.725799999999972556e+02,7.500000000000000000e-01,2.375432964175687189e+01,2.375432964175699979e+01
2.729999999999972715e+02,7.500000000000000000e-01,2.374489489646418150e+01,2.374489489646430584e+01
2.734199999999972874e+02,7.500000000000000000e-01,2.373553685693796922e+01,2.373553685693810422e+01
2.738399999999973033e+02,7.500000000000000000e-01,2.372625467733639937e+01,2.372625467733654148e+01
2.742599999999973193e+02,7.500000000000000000e-01,2.371704753050763159e+01,2.371704753050777370e+01
2.746799999999973352e+02,7.500000000000000000e-01,2.370791460719008725e+01,2.370791460719021870e+01
2.750999999999973511e+02,7.500000000000000000e-01,2.369885511525682631e+01,2.369885511525695421e+01
2.755199999999973670e+02,7.500000000000000000e-01,2.368986827900134173e+01,2.368986827900147318e+01
2.759399999999973829e+02,7.500000000000000000e-01,2.368095333846255812e+01,2.368095333846268602e+01
2.763599999999973988e+02,7.500000000000000000e-01,2.367210954878642681e+01,2.367210954878656537e+01
2.767799999999974148e+02,7.500000000000000000e-01,2.366333617962227365e+01,2.366333617962240510e+01
2.771999999999974307e+02,7.500000000000000000e-01,2.365463251455169313e+01,2.365463251455182103e+01
2.776199999999974466e+02,7.500000000000000000e-01,2.364599785054805281e+01,2.364599785054818426e+01
2.780399999999974625e+02,7.500000000000000000e-01,2.363743149746504457e+01,2.363743149746517602e+01
2.784599999999974784e+02,7.500000000000000000e-01,2.362893277755227928e+01,2.362893277755240362e+01
2.788799999999974943e+02,7.500000000000000000e-01,2.362050102499661008e+01,2.362050102499673443e+01
2.792999999999975103e+02,7.500000000000000000e-01,2.361213558548757874e+01,2.361213558548771019e+01
2.797199999999975262e+02,7.500000000000000000e-01,2.360383581580554591e+01,2.360383581580567380e+01
2.801399999999975421e+02,7.500000000000000000e-01,2.359560108343127638e+01,2.359560108343141138e+01
2.805599999999975580e+02,7.500000000000000000e-01,2.358743076617564682e+01,2.358743076617578538e+01
2.809799999999975739e+02,7.500000000000000000e-01,2.357932425182852754e+01,2.357932425182865543e+01
2.813999999999975898e+02,7.500000000000000000e-01,2.357128093782525724e+01,2.357128093782538159e+01
2.818199999999976058e+02,7.500000000000000000e-01,2.356330023093040538e+01,2.356330023093054749e+01
2.822399999999976217e+02,7.500000000000000000e-01,2.355538154693718766e+01,2.355538154693731556e+01
2.826599999999976376e+02,7.500000000000000000e-01,2.354752431038179239e+01,2.354752431038191673e+01
2.830799999999976535e+02,7.500000000000000000e-01,2.353972795427221243e+01,2.353972795427233322e+01
2.834999999999976694e+02,7.500000000000000000e-01,2.353199191983007310e+01,2.353199191983019745e+01
2.839199999999976853e+02,7.500000000000000000e-01,2.352431565624519294e+01,2.352431565624533150e+01
2.843399999999977013e+02,7.500000000000000000e-01,2.351669862044206027e+01,2.351669862044218107e+01
2.847599999999977172e+02,7.500000000000000000e-01,2.350914027685720598e+01,2.350914027685733032e+01
2.851799999999977331e+02,7.500000000000000000e-01,2.350164009722760028e+01,2.350164009722772818e+01
2.855999999999977490e+02,7.500000000000000000e-01,2.349419756038859930e+01,2.349419756038872720e+01
2.860199999999977649e+02,7.500000000000000000e-01,2.348681215208151585e+01,2.348681215208164375e+01
2.864399999999977808e+02,7.500000000000000000e-01,2.347948336477000453e+01,2.347948336477013243e+01
2.868599999999977967e+02,7.500000000000000000e-01,2.347221069746481703e+01,2.347221069746495203e+01
2.872799999999978127e+02,7.500000000000000000e-01,2.346499365555649064e+01,2.346499365555662209e+01
2.876999999999978286e+02,7.500000000000000000e-01,2.345783175065552939e+01,2.345783175065566439e+01
2.881199999999978445e+02,7.500000000000000000e-01,2.345072450043960899e+01,2.345072450043973689e+01
2.885399999999978604e+02,7.500000000000000000e-01,2.344367142850741814e+01,2.344367142850754604e+01
2.889599999999978763e+02,7.500000000000000000e-01,2.343667206423896587e+01,2.343667206423909377e+01
2.893799999999978922e+02,7.500000000000000000e-01,2.342972594266163355e+01,2.342972594266177211e+01
2.897999999999979082e+02,7.500000000000000000e-01,2.342283260432207470e+01,2.342283260432221326e+01
2.902199999999979241e+02,7.500000000000000000e-01,2.341599159516326267e+01,2.341599159516339412e+01
2.906399999999979400e+02,7.500000000000000000e-01,2.340920246640664715e+01,2.340920246640678570e+01
2.910599999999979559e+02,7.500000000000000000e-01,2.340246477443921691e+01,2.340246477443935191e+01
2.914799999999979718e+02,7.500000000000000000e-01,2.339577808070482234e+01,2.339577808070495379e+01
2.918999999999979877e+02,7.500000000000000000e-01,2.338914195159999920e+01,2.338914195160013065e+01
2.923199999999980037e+02,7.500000000000000000e-01,2.338255595837367196e+01,2.338255595837379275e+01
2.927399999999980196e+02,7.500000000000000000e-01,2.337601967703087524e+01,2.337601967703100314e+01
2.931599999999980355e+02,7.500000000000000000e-01,2.336953268823996410e+01,2.336953268824009555e+01
2.935799999999980514e+02,7.500000000000000000e-01,2.336309457724329519e+01,2.336309457724341954e+01
2.939999999999980673e+02,7.500000000000000000e-01,2.335670493377118007e+01,2.335670493377130086e+01
2.944199999999980832e+02,7.500000000000000000e-01,2.335036335195902524e+01,2.335036335195915669e+01
2.948399999999980992e+02,7.500000000000000000e-01,2.334406943026730730e+01,2.334406943026743875e+01
2.952599999999981151e+02,7.500000000000000000e-01,2.333782277140432271e+01,2.333782277140445771e+01
2.956799999999981310e+02,7.500000000000000000e-01,2.333162298225174425e+01,2.333162298225185793e+01
2.960999999999981469e+02,7.500000000000000000e-01,2.332546967379241565e+01,2.332546967379253644e+01
2.965199999999981628e+02,7.500000000000000000e-01,2.331936246104089605e+01,2.331936246104102395e+01
2.969399999999981787e+02,7.500000000000000000e-01,2.331330096297601884e+01,2.331330096297614318e+01
2.973599999999981947e+02,7.500000000000000000e-01,2.330728480247561407e+01,2.330728480247574197e+01
2.977799999999982106e+02,7.500000000000000000e-01,2.330131360625346559e+01,2.330131360625360770e+01
2.981999999999982265e+02,7.500000000000000000e-01,2.329538700479806934e+01,2.329538700479819724e+01
2.986199999999982424e+02,7.500000000000000000e-01,2.328950463231328172e+01,2.328950463231340606e+01
2.990399999999982583e+02,7.500000000000000000e-01,2.328366612666080471e+01,2.328366612666092550e+01
2.994599999999982742e+02,7.500000000000000000e-01,2.327787112930430524e+01,2.327787112930443669e+01
2.998799999999982901e+02,7.500000000000000000e-01,2.327211928525522566e+01,2.327211928525535001e+01
3.002999999999983061e+02,7.500000000000000000e-01,2.326641024301994065e+01,2.326641024302007210e+01
3.007199999999983220e+02,7.500000000000000000e-01,2.326074365454866921e+01,2.326074365454880066e+01
3.011399999999983379e+02,7.500000000000000000e-01,2.325511917518553773e+01,2.325511917518567628e+01
3.015599999999983538e+02,7.500000000000000000e-01,2.324953646362013870e+01,2.324953646362025239e+01
3.019799999999983697e+02,7.500000000000000000e-01,2.324399518184020508e+01,2.324399518184033653e+01
3.023999999999983856e+02,7.500000000000000000e-01,2.323849499508582284e+01,2.323849499508594718e+01
3.028199999999984016e+02,7.500000000000000000e-01,2.323303557180437906e+01,2.323303557180450341e+01
3.032399999999984175e+02,7.500000000000000000e-01,2.322761658360699499e+01,2.322761658360711579e+01
3.036599999999984334e+02,7.500000000000000000e-01,2.322223770522587216e+01,2.322223770522601072e+01
3.040799999999984493e+02,7.500000000000000000e-01,2.321689861447268655e+01,2.321689861447281444e+01
3.044999999999984652e+02,7.500000000000000000e-01,2.321159899219793488e+01,2.321159899219806277e+01
3.049199999999984811e+02,7.500000000000000000e-01,2.320633852225134319e+01,2.320633852225147109e+01
3.053399999999984971e+02,7.500000000000000000e-01,2.320111689144303568e+01,2.320111689144315648e+01
3.057599999999985130e+02,7.500000000000000000e-01,2.319593378950565210e+01,2.319593378950578355e+01
3.061799999999985289e+02,7.500000000000000000e-01,2.319078890905738533e+01,2.319078890905750967e+01
3.065999999999985448e+02,7.500000000000000000e-01,2.318568194556561934e+01,2.318568194556574724e+01
3.070199999999985607e+02,7.500000000000000000e-01,2.318061259731148027e+01,2.318061259731160462e+01
3.074399999999985766e+02,7.500000000000000000e-01,2.317558056535519739e+01,2.317558056535531463e+01
3.078599999999985926e+02,7.500000000000000000e-01,2.317058555350195093e+01,2.317058555350207882e+01
3.082799999999986085e+02,7.500000000000000000e-01,2.316562726826870389e+01,2.316562726826883534e+01
3.086999999999986244e+02,7.500000000000000000e-01,2.316070541885142120e+01,2.316070541885155265e+01
3.091199999999986403e+02,7.500000000000000000e-01,2.315581971709314502e+01,2.315581971709327291e+01
3.095399999999986562e+02,7.500000000000000000e-01,2.315096987745256385e+01,2.315096987745268109e+01
3.099599999999986721e+02,7.500000000000000000e-01,2.314615561697319635e+01,2.314615561697333845e+01
3.103799999999986881e+02,7.500000000000000000e-01,2.314137665525331400e+01,2.314137665525344190e+01
3.107999999999987040e+02,7.500000000000000000e-01,2.313663271441611258e+01,2.313663271441623692e+01
3.112199999999987199e+02,7.500000000000000000e-01,2.313192351908066868e+01,2.313192351908079658e+01
3.116399999999987358e+02,7.500000000000000000e-01,2.312724879633339725e+01,2.312724879633352870e+01
3.120599999999987517e+02,7.500000000000000000e-01,2.312260827569993538e+01,2.312260827570006327e+01
3.124799999999987676e+02,7.500000000000000000e-01,2.311800168911753062e+01,2.311800168911766207e+01
3.128999999999987836e+02,7.500000000000000000e-01,2.311342877090796932e+01,2.311342877090809012e+01
3.133199999999987995e+02,7.500000000000000000e-01,2.310888925775083891e+01,2.310888925775096325e+01
3.137399999999988154e+02,7.500000000000000000e-01,2.310438288865742962e+01,2.310438288865756107e+01
3.141599999999988313e+02,7.500000000000000000e-01,2.309990940494491696e+01,2.309990940494505196e+01
3.145799999999988472e+02,7.500000000000000000e-01,2.309546855021100953e+01,2.309546855021113743e+01
3.149999999999988631e+02,7.500000000000000000e-01,2.309106007030893082e+01,2.309106007030906227e+01
3.154199999999988790e+02,7.709999999999439524e-01,2.458299184687199812e+01,2.458299184687214023e+01
3.158399999999988950e+02,7.919999999999447482e-01,2.588508032608632092e+01,2.588508032608646303e+01
3.162599999999989109e+02,8.129999999999455440e-01,2.705692672893006545e+01,2.705692672893019335e+01
3.166799999999989268e+02,8.339999999999463398e-01,2.813498235784437895e+01,2.813498235784452817e+01
3.170999999999989427e+02,8.549999999999471356e-01,2.914169988175304127e+01,2.914169988175320114e+01
3.175199999999989586e+02,8.759999999999479314e-01,3.009120305627453718e+01,3.009120305627470415e+01
3.179399999999989745e+02,8.969999999999487272e-01,3.099269300802798455e+01,3.099269300802815508e+01
3.183599999999989905e+02,9.179999999999495230e-01,3.185245942075138004e+01,3.185245942075153636e+01
3.187799999999990064e+02,9.389999999999503189e-01,3.267505644964501244e+01,3.267505644964518297e+01
3.191999999999990223e+02,9.599999999999511147e-01,3.346398666380986953e+01,3.346398666381004006e+01
3.196199999999990382e+02,9.809999999999519105e-01,3.422209795674079658e+01,3.422209795674099553e+01
3.200399999999990541e+02,1.000000000000000000e+00,3.483484404110798494e+01,3.483484404110816968e+01
3.204599999999990700e+02,1.000000000000000000e+00,3.433126658481629079e+01,3.433126658481648263e+01
3.208799999999990860e+02,1.000000000000000000e+00,3.394361402357618829e+01,3.394361402357635882e+01
3.212999999999991019e+02,1.000000000000000000e+00,3.362940101946531968e+01,3.362940101946549731e+01
3.217199999999991178e+02,1.000000000000000000e+00,3.336364280293641116e+01,3.336364280293661011e+01
3.221399999999991337e+02,1.000000000000000000e+00,3.313136152948998614e+01,3.313136152949018509e+01
3.225599999999991496e+02,1.000000000000000000e+00,3.292340284082585811e+01,3.292340284082603574e+01
3.229799999999991655e+02,1.000000000000000000e+00,3.273404337714990930e+01,3.273404337715007983e+01
3.233999999999991815e+02,1.000000000000000000e+00,3.255960182281315696e+01,3.255960182281332749e+01
3.238199999999991974e+02,1.000000000000000000e+00,3.239762469881729601e+01,3.239762469881747364e+01
3.242399999999992133e+02,1.000000000000000000e+00,3.224640580635812626e+01,3.224640580635828258e+01
3.246599999999992292e+02,1.000000000000000000e+00,3.210470100119424330e+01,3.210470100119440673e+01
3.250799999999992451e+02,1.000000000000000000e+00,3.197155794896160685e+01,3.197155794896175962e+01
3.254999999999992610e+02,1.000000000000000000e+00,3.184621382757850228e+01,3.184621382757866925e+01
3.259199999999992770e+02,1.000000000000000000e+00,3.172803331275162009e+01,3.172803331275179062e+01
3.263399999999992929e+02,1.000000000000000000e+00,3.161647052422676296e+01,3.161647052422691928e+01
3.267599999999993088e+02,1.000000000000000000e+00,3.151104528023626727e+01,3.151104528023642715e+01
3.271799999999993247e+02,1.000000000000000000e+00,3.141132794073714507e+01,3.141132794073730850e+01
3.275999999999993406e+02,1.000000000000000000e+00,3.131692944363206976e+01,3.131692944363223674e+01
3.280199999999993565e+02,1.000000000000000000e+00,3.122749451277880794e+01,3.122749451277898203e+01
3.284399999999993724e+02,1.000000000000000000e+00,3.114269683080452822e+01,3.114269683080468809e+01
3.288599999999993884e+02,1.000000000000000000e+00,3.106223545265648411e+01,3.106223545265665464e+01
3.292799999999994043e+02,1.000000000000000000e+00,3.098583202271540671e+01,3.098583202271557369e+01
3.296999999999994202e+02,1.000000000000000000e+00,3.091322852911523356e+01,3.091322852911539343e+01
3.301199999999994361e+02,1.000000000000000000e+00,3.084418543093178400e+01,3.084418543093193676e+01
3.305399999999994520e+02,1.000000000000000000e+00,3.077848005509586216e+01,3.077848005509602558e+01
3.309599999999994679e+02,1.000000000000000000e+00,3.071590519681654641e+01,3.071590519681670628e+01
3.313799999999994839e+02,1.000000000000000000e+00,3.065626787977839030e+01,3.065626787977855727e+01
3.317999999999994998e+02,1.000000000000000000e+00,3.059938824622044606e+01,3.059938824622060238e+01
3.322199999999995157e+02,1.000000000000000000e+00,3.054509855566884369e+01,3.054509855566899645e+01
3.326399999999995316e+02,1.000000000000000000e+00,3.049324227663080222e+01,3.049324227663097631e+01
3.330599999999995475e+02,1.000000000000000000e+00,3.044367325919073863e+01,3.044367325919089495e+01
3.334799999999995634e+02,1.000000000000000000e+00,3.039625497890958172e+01,3.039625497890973804e+01
3.338999999999995794e+02,1.000000000000000000e+00,3.035085984415665195e+01,3.035085984415681182e+01
3.343199999999995953e+02,1.000000000000000000e+00,3.030736856026227599e+01,3.030736856026244652e+01
3.347399999999996112e+02,1.000000000000000000e+00,3.026566954483444505e+01,3.026566954483459071e+01
3.351599999999996271e+02,1.000000000000000000e+00,3.022565838932929694e+01,3.022565838932946392e+01
3.355799999999996430e+02,1.000000000000000000e+00,3.018723736257024370e+01,3.018723736257040713e+01
3.359999999999996589e+02,1.000000000000000000e+00,3.015031495240797454e+01,3.015031495240813442e+01
3.364199999999996749e+02,1.000000000000000000e+00,3.011480544213676325e+01,3.011480544213692667e+01
3.368399999999996908e+02,1.000000000000000000e+00,3.008062851864189469e+01,3.008062851864205101e+01
3.372599999999997067e+02,1.000000000000000000e+00,3.004770890956540086e+01,3.004770890956556073e+01
3.376799999999997226e+02,1.000000000000000000e+00,3.001597604705029099e+01,3.001597604705045796e+01
3.380999999999997385e+02,1.000000000000000000e+00,2.998536375586255431e+01,2.998536375586270708e+01
3.385199999999997544e+02,1.000000000000000000e+00,2.995580996390193462e+01,2.995580996390209449e+01
3.389399999999997704e+02,1.000000000000000000e+00,2.992725643330054197e+01,2.992725643330070184e+01
3.393599999999997863e+02,1.000000000000000000e+00,2.989964851047441741e+01,2.989964851047457017e+01
3.397799999999998022e+02,1.000000000000000000e+00,2.987293489364303056e+01,2.987293489364319043e+01
3.401999999999998181e+02,1.000000000000000000e+00,2.984706741646449402e+01,2.984706741646465389e+01
3.406199999999998340e+02,1.000000000000000000e+00,2.982200084655357131e+01,2.982200084655373118e+01
3.410399999999998499e+02,1.000000000000000000e+00,2.979769269775724183e+01,2.979769269775738394e+01
3.414599999999998658e+02,1.000000000000000000e+00,2.977410305515864053e+01,2.977410305515878619e+01
3.418799999999998818e+02,1.000000000000000000e+00,2.975119441186758351e+01,2.975119441186773983e+01
3.422999999999998977e+02,1.000000000000000000e+00,2.972893151673414991e+01,2.972893151673431333e+01
3.427199999999999136e+02,1.000000000000000000e+00,2.970728123219289074e+01,2.970728123219304706e+01
3.431399999999999295e+02,1.000000000000000000e+00,2.968621240150989848e+01,2.968621240151006191e+01
3.435599999999999454e+02,1.000000000000000000e+00,2.966569572476288741e+01,2.966569572476304728e+01
3.439799999999999613e+02,1.000000000000000000e+00,2.964570364293770766e+01,2.964570364293785332e+01
3.443999999999999773e+02,1.000000000000000000e+00,2.962621022957308270e+01,2.962621022957322481e+01
3.448199999999999932e+02,1.000000000000000000e+00,2.960719108942907596e+01,2.960719108942922162e+01
3.452400000000000091e+02,1.000000000000000000e+00,2.958862326369515117e+01,2.958862326369531104e+01
3.456600000000000250e+02,1.000000000000000000e+00,2.957048514129012062e+01,2.957048514129027694e+01
3.460800000000000409e+02,1.000000000000000000e+00,2.955275637583964965e+01,2.955275637583979176e+01
3.465000000000000568e+02,1.000000000000000000e+00,2.953541780794843419e+01,2.953541780794857630e+01
3.469200000000000728e+02,1.000000000000000000e+00,2.951845139241125793e+01,2.951845139241141425e+01
3.473400000000000887e+02,1.000000000000000000e+00,2.950184013003365990e+01,2.950184013003380556e+01
3.477600000000001046e+02,1.000000000000000000e+00,2.948556800375620668e+01,2.948556800375636655e+01
3.481800000000001205e+02,1.000000000000000000e+00,2.946961991879909704e+01,2.946961991879924980e+01
3.486000000000001364e+02,1.000000000000000000e+00,2.945398164656224083e+01,2.945398164656239715e+01
3.490200000000001523e+02,1.000000000000000000e+00,2.943863977203655580e+01,2.943863977203672277e+01
3.494400000000001683e+02,1.000000000000000000e+00,2.942358164449750646e+01,2.942358164449765923e+01
3.498600000000001842e+02,1.000000000000000000e+00,2.940879533126862455e+01,2.940879533126877021e+01
3.502800000000002001e+02,1.000000000000000000e+00,2.939426957435745180e+01,2.939426957435761167e+01
3.507000000000002160e+02,1.000000000000000000e+00,2.937999374977910350e+01,2.937999374977924916e+01
3.511200000000002319e+02,1.000000000000000000e+00,2.936595782939562937e+01,2.936595782939577504e+01
3.515400000000002478e+02,1.000000000000000000e+00,2.935215234511122873e+01,2.935215234511138505e+01
3.519600000000002638e+02,1.000000000000000000e+00,2.933856835527318552e+01,2.933856835527333828e+01
3.523800000000002797e+02,1.000000000000000000e+00,2.932519741313916839e+01,2.932519741313932471e+01
3.528000000000002956e+02,1.000000000000000000e+00,2.931203153728051447e+01,2.931203153728066013e+01
3.532200000000003115e+02,1.000000000000000000e+00,2.929906318379940444e+01,2.929906318379955366e+01
3.536400000000003274e+02,1.000000000000000000e+00,2.928628522024647296e+01,2.928628522024663638e+01
3.540600000000003433e+02,1.000000000000000000e+00,2.927369090113202788e+01,2.927369090113217709e+01
3.544800000000003593e+02,1.000000000000000000e+00,2.926127384493156569e+01,2.926127384493172912e+01
3.549000000000003752e+02,1.000000000000000000e+00,2.924902801249249507e+01,2.924902801249264073e+01
3.553200000000003911e+02,1.000000000000000000e+00,2.923694768675472133e+01,2.923694768675488831e+01
3.557400000000004070e+02,1.000000000000000000e+00,2.922502745370420030e+01,2.922502745370435306e+01
3.561600000000004229e+02,1.000000000000000000e+00,2.921326218448211165e+01,2.921326218448226086e+01
3.565800000000004388e+02,1.000000000000000000e+00,2.920164701857929401e+01,2.920164701857945388e+01
3.570000000000004547e+02,1.000000000000000000e+00,2.919017734804833353e+01,2.919017734804849340e+01
3.574200000000004707e+02,1.000000000000000000e+00,2.917884880267077818e+01,2.917884880267093450e+01
3.578400000000004866e+02,1.000000000000000000e+00,2.916765723602076932e+01,2.916765723602092564e+01
3.582600000000005025e+02,1.000000000000000000e+00,2.915659871237021505e+01,2.915659871237036427e+01
3.586800000000005184e+02,1.000000000000000000e+00,2.914566949438355081e+01,2.914566949438371068e+01
3.591000000000005343e+02,1.000000000000000000e+00,2.913486603155409327e+01,2.913486603155424604e+01
3.595200000000005502e+02,1.000000000000000000e+00,2.912418494933638158e+01,2.912418494933653790e+01
3.599400000000005662e+02,1.000000000000000000e+00,2.911362303893218240e+01,2.911362303893234582e+01
3.603600000000005821e+02,1.000000000000000000e+00,2.910317724769016934e+01,2.910317724769030789e+01
3.607800000000005980e+02,1.000000000000000000e+00,2.909284467008182062e+01,2.909284467008197694e+01
3.612000000000006139e+02,1.000000000000000000e+00,2.908262253921881779e+01,2.908262253921896345e+01
3.616200000000006298e+02,1.000000000000000000e+00,2.907250821887830483e+01,2.907250821887846115e+01
3.620400000000006457e+02,1.000000000000000000e+00,2.906249919600607257e+01,2.906249919600622889e+01
3.624600000000006617e+02,1.000000000000000000e+00,2.905259307366778287e+01,2.905259307366792854e+01
3.628800000000006776e+02,1.000000000000000000e+00,2.904278756442164422e+01,2.904278756442179343e+01
3.633000000000006935e+02,1.000000000000000000e+00,2.903308048408676001e+01,2.903308048408691633e+01
3.637200000000007094e+02,1.000000000000000000e+00,2.902346974588322226e+01,2.902346974588336792e+01
3.641400000000007253e+02,1.000000000000000000e+00,2.901395335492143346e+01,2.901395335492159688e+01
3.645600000000007412e+02,1.000000000000000000e+00,2.900452940301962457e+01,2.900452940301977733e+01
3.649800000000007572e+02,1.000000000000000000e+00,2.899519606382968107e+01,2.899519606382983739e+01
3.654000000000007731e+02,1.000000000000000000e+00,2.898595158825262530e+01,2.898595158825276386e+01
3.658200000000007890e+02,1.000000000000000000e+00,2.897679430012627932e+01,2.897679430012643564e+01
3.662400000000008049e+02,1.000000000000000000e+00,2.896772259216895762e+01,2.896772259216911394e+01
3.666600000000008208e+02,1.000000000000000000e+00,2.895873492216323086e+01,2.895873492216338363e+01
3.670800000000008367e+02,1.000000000000000000e+00,2.894982980936579864e+01,2.894982980936594785e+01
3.675000000000008527e+02,1.000000000000000000e+00,2.894100583112961900e+01,2.894100583112976466e+01
3.679200000000008686e+02,1.000000000000000000e+00,2.893226161972557620e+01,2.893226161972572541e+01
3.683400000000008845e+02,1.000000000000000000e+00,2.892359585935170685e+01,2.892359585935185606e+01
3.687600000000009004e+02,1.000000000000000000e+00,2.891500728331865133e+01,2.891500728331880765e+01
3.691800000000009163e+02,1.000000000000000000e+00,2.890649467140085349e+01,2.890649467140099915e+01
3.696000000000009322e+02,1.000000000000000000e+00,2.889805684734339764e+01,2.889805684734355751e+01
3.700200000000009481e+02,1.000000000000000000e+00,2.888969267651538786e+01,2.888969267651554063e+01
3.704400000000009641e+02,1.000000000000000000e+00,2.888140106370078541e+01,2.888140106370092397e+01
3.708600000000009800e+02,1.000000000000000000e+00,2.887318095101871762e+01,2.887318095101887394e+01
3.712800000000009959e+02,1.000000000000000000e+00,2.886503131596542104e+01,2.886503131596557736e+01
3.717000000000010118e+02,1.000000000000000000e+00,2.885695116957038664e+01,2.885695116957053941e+01
3.721200000000010277e+02,1.000000000000000000e+00,2.884893955466019122e+01,2.884893955466032622e+01
3.725400000000010436e+02,1.000000000000000000e+00,2.884099554422317269e+01,2.884099554422333256e+01
3.729600000000010596e+02,1.000000000000000000e+00,2.883311823986944589e+01,2.883311823986959865e+01
3.733800000000010755e+02,1.000000000000000000e+00,2.882530677037988909e+01,2.882530677038004541e+01
3.738000000000010914e+02,1.000000000000000000e+00,2.881756029033944344e+01,2.881756029033959976e+01
3.742200000000011073e+02,1.000000000000000000e+00,2.880987797884926493e+01,2.880987797884942481e+01
3.746400000000011232e+02,1.000000000000000000e+00,2.880225903831326661e+01,2.880225903831342649e+01
3.750600000000011391e+02,1.000000000000000000e+00,2.879470269329439702e+01,2.879470269329456045e+01
3.754800000000011551e+02,1.000000000000000000e+00,2.878720818943673265e+01,2.878720818943686766e+01
3.759000000000011710e+02,1.000000000000000000e+00,2.877977479244920644e+01,2.877977479244936987e+01
3.763200000000011869e+02,1.000000000000000000e+00,2.877240178714782814e+01,2.877240178714797736e+01
3.767400000000012028e+02,1.000000000000000000e+00,2.876508847655195211e+01,2.876508847655210843e+01
3.771600000000012187e+02,1.000000000000000000e+00,2.875783418103253197e+01,2.875783418103268829e+01
3.775800000000012346e+02,1.000000000000000000e+00,2.875063823750842928e+01,2.875063823750858916e+01
3.780000000000012506e+02,1.000000000000000000e+00,2.874349999868828220e+01,2.874349999868844208e+01
3.784200000000012665e+02,1.000000000000000000e+00,2.873641883235514172e+01,2.873641883235529804e+01
3.788400000000012824e+02,1.000000000000000000e+00,2.872939412069141696e+01,2.872939412069156973e+01
3.792600000000012983e+02,1.000000000000000000e+00,2.872242525964167115e+01,2.872242525964183812e+01
3.796800000000013142e+02,1.000000000000000000e+00,2.871551165831106900e+01,2.871551165831122887e+01
3.801000000000013301e+02,1.000000000000000000e+00,2.870865273839726228e+01,2.870865273839742926e+01
3.805200000000013461e+02,1.000000000000000000e+00,2.870184793365399400e+01,2.870184793365415032e+01
3.809400000000013620e+02,1.000000000000000000e+00,2.869509668938419722e+01,2.869509668938434999e+01
3.813600000000013779e+02,1.000000000000000000e+00,2.868839846196115673e+01,2.868839846196130949e+01
3.817800000000013938e+02,1.000000000000000000e+00,2.868175271837597506e+01,2.868175271837613494e+01
3.822000000000014097e+02,1.000000000000000000e+00,2.867515893580972985e+01,2.867515893580988262e+01
3.826200000000014256e+02,1.000000000000000000e+00,2.866861660122887301e+01,2.866861660122902578e+01
3.830400000000014415e+02,1.000000000000000000e+00,2.866212521100271360e+01,2.866212521100287347e+01
3.834600000000014575e+02,1.000000000000000000e+00,2.865568427054140699e+01,2.865568427054155975e+01
3.838800000000014734e+02,1.000000000000000000e+00,2.864929329395338797e+01,2.864929329395354074e+01
3.843000000000014893e+02,1.000000000000000000e+00,2.864295180372122829e+01,2.864295180372138816e+01
3.847200000000015052e+02,1.000000000000000000e+00,2.863665933039451872e+01,2.863665933039466793e+01
3.851400000000015211e+02,1.000000000000000000e+00,2.863041541229913989e+01,2.863041541229929265e+01
3.855600000000015370e+02,1.000000000000000000e+00,2.862421959526172088e+01,2.862421959526187365e+01
3.859800000000015530e+02,1.000000000000000000e+00,2.861807143234860007e+01,2.861807143234874573e+01
3.864000000000015689e+02,1.000000000000000000e+00,2.861197048361813344e+01,2.861197048361828976e+01
3.868200000000015848e+02,1.000000000000000000e+00,2.860591631588604500e+01,2.860591631588619421e+01
3.872400000000016007e+02,1.000000000000000000e+00,2.859990850250247618e+01,2.859990850250263605e+01
3.876600000000016166e+02,1.000000000000000000e+00,2.859394662314077351e+01,2.859394662314092983e+01
3.880800000000016325e+02,1.000000000000000000e+00,2.858803026359656130e+01,2.858803026359672828e+01
3.885000000000016485e+02,1.000000000000000000e+00,2.858215901559719541e+01,2.858215901559734462e+01
3.889200000000016644e+02,1.000000000000000000e+00,2.857633247662042919e+01,2.857633247662058551e+01
3.893400000000016803e+02,1.000000000000000000e+00,2.857055024972228807e+01,2.857055024972245150e+01
3.897600000000016962e+02,1.000000000000000000e+00,2.856481194337327167e+01,2.856481194337342089e+01
3.901800000000017121e+02,1.000000000000000000e+00,2.855911717130230087e+01,2.855911717130245009e+01
3.906000000000017280e+02,1.000000000000000000e+00,2.855346555234861583e+01,2.855346555234876860e+01
3.910200000000017440e+02,1.000000000000000000e+00,2.854785671032030692e+01,2.854785671032046324e+01
3.914400000000017599e+02,1.000000000000000000e+00,2.854229027385977702e+01,2.854229027385992623e+01
3.918600000000017758e+02,1.000000000000000000e+00,2.853676587631536421e+01,2.853676587631552408e+01
3.922800000000017917e+02,1.000000000000000000e+00,2.853128315561910711e+01,2.853128315561926698e+01
3.927000000000018076e+02,1.000000000000000000e+00,2.852584175416978240e+01,2.852584175416994583e+01
3.931200000000018235e+02,1.000000000000000000e+00,2.852044131872159127e+01,2.852044131872175114e+01
3.935400000000018395e+02,1.000000000000000000e+00,2.851508150027757083e+01,2.851508150027772359e+01
3.939600000000018554e+02,1.000000000000000000e+00,2.850976195398790836e+01,2.850976195398806823e+01
3.943800000000018713e+02,1.000000000000000000e+00,2.850448233905267159e+01,2.850448233905283502e+01
3.948000000000018872e+02,1.000000000000000000e+00,2.849924231862863166e+01,2.849924231862878443e+01
3.952200000000019031e+02,1.000000000000000000e+00,2.849404155974021435e+01,2.849404155974036712e+01
3.956400000000019190e+02,1.000000000000000000e+00,2.848887973319417810e+01,2.848887973319433087e+01
3.960600000000019349e+02,1.000000000000000000e+00,2.848375651349778437e+01,2.848375651349793714e+01
3.964800000000019509e+02,1.000000000000000000e+00,2.847867157878044608e+01,2.847867157878059885e+01
3.969000000000019668e+02,1.000000000000000000e+00,2.847362461071838169e+01,2.847362461071853801e+01
3.973200000000019827e+02,1.000000000000000000e+00,2.846861529446250927e+01,2.846861529446266559e+01
3.977400000000019986e+02,1.000000000000000000e+00,2.846364331856897678e+01,2.846364331856912955e+01
3.981600000000020145e+02,1.000000000000000000e+00,2.845870837493252026e+01,2.845870837493268013e+01
3.985800000000020304e+02,1.000000000000000000e+00,2.845381015872234798e+01,2.845381015872249719e+01
3.990000000000020464e+02,1.000000000000000000e+00,2.844894836832033036e+01,2.844894836832048668e+01
3.994200000000020623e+02,1.000000000000000000e+00,2.844412270526175135e+01,2.844412270526189701e+01
3.998400000000020782e+02,1.000000000000000000e+00,2.843933287417786460e+01,2.843933287417803513e+01
4.002600000000020941e+02,1.000000000000000000e+00,2.843457858274094363e+01,2.843457858274109640e+01
4.006800000000021100e+02,1.000000000000000000e+00,2.842985954161071760e+01,2.842985954161087392e+01
4.011000000000021259e+02,1.000000000000000000e+00,2.842517546438333653e+01,2.842517546438349640e+01
4.015200000000021419e+02,1.000000000000000000e+00,2.842052606754149124e+01,2.842052606754164401e+01
4.019400000000021578e+02,1.000000000000000000e+00,2.841591107040657960e+01,2.841591107040673236e+01
4.023600000000021737e+02,1.000000000000000000e+00,2.841133019509229030e+01,2.841133019509243596e+01
4.027800000000021896e+02,1.000000000000000000e+00,2.840678316645974988e+01,2.840678316645989909e+01
4.032000000000022055e+02,1.000000000000000000e+00,2.840226971207407658e+01,2.840226971207423645e+01
4.036200000000022214e+02,1.000000000000000000e+00,2.839778956216236594e+01,2.839778956216251871e+01
4.040400000000022374e+02,1.000000000000000000e+00,2.839334244957282749e+01,2.839334244957297670e+01
4.044600000000022533e+02,1.000000000000000000e+00,2.838892810973526437e+01,2.838892810973541359e+01
4.048800000000022692e+02,1.000000000000000000e+00,2.838454628062275020e+01,2.838454628062289942e+01
4.053000000000022851e+02,1.000000000000000000e+00,2.838019670271433981e+01,2.838019670271449613e+01
4.057200000000023010e+02,1.000000000000000000e+00,2.837587911895888837e+01,2.837587911895903758e+01
4.061400000000023169e+02,1.000000000000000000e+00,2.837159327473982273e+01,2.837159327473996839e+01
4.065600000000023329e+02,1.000000000000000000e+00,2.836733891784105310e+01,2.836733891784120232e+01
4.069800000000023488e+02,1.000000000000000000e+00,2.836311579841360242e+01,2.836311579841374453e+01
4.074000000000023647e+02,1.000000000000000000e+00,2.835892366894320560e+01,2.835892366894336902e+01
4.078200000000023806e+02,1.000000000000000000e+00,2.835476228421887157e+01,2.835476228421902434e+01
4.082400000000023965e+02,1.000000000000000000e+00,2.835063140130194981e+01,2.835063140130209902e+01
4.086600000000024124e+02,1.000000000000000000e+00,2.834653077949632305e+01,2.834653077949648292e+01
4.090800000000024284e+02,1.000000000000000000e+00,2.834246018031906544e+01,2.834246018031921110e+01
4.095000000000024443e+02,1.000000000000000000e+00,2.833841936747195334e+01,2.833841936747209189e+01
4.099200000000024602e+02,1.000000000000000000e+00,2.833440810681358357e+01,2.833440810681373989e+01
4.103400000000024761e+02,1.000000000000000000e+00,2.833042616633220590e+01,2.833042616633236221e+01
4.107600000000024920e+02,1.000000000000000000e+00,2.832647331611907759e+01,2.832647331611923747e+01
4.111800000000025079e+02,1.000000000000000000e+00,2.832254932834249317e+01,2.832254932834264949e+01
4.116000000000025238e+02,1.000000000000000000e+00,2.831865397722237532e+01,2.831865397722254585e+01
4.120200000000025398e+02,1.000000000000000000e+00,2.831478703900543437e+01,2.831478703900558358e+01
4.124400000000025557e+02,1.000000000000000000e+00,2.831094829194070783e+01,2.831094829194085705e+01
4.128600000000025716e+02,1.000000000000000000e+00,2.830713751625584607e+01,2.830713751625599883e+01
4.132800000000025875e+02,1.000000000000000000e+00,2.830335449413373183e+01,2.830335449413388460e+01
4.137000000000026034e+02,1.000000000000000000e+00,2.829959900968956532e+01,2.829959900968971453e+01
4.141200000000026193e+02,1.000000000000000000e+00,2.829587084894848559e+01,2.829587084894863480e+01
4.145400000000026353e+02,1.000000000000000000e+00,2.829216979982355440e+01,2.829216979982370361e+01
4.149600000000026512e+02,1.000000000000000000e+00,2.828849565209418415e+01,2.828849565209432626e+01
4.153800000000026671e+02,1.000000000000000000e+00,2.828484819738501699e+01,2.828484819738517331e+01
4.158000000000026830e+02,1.000000000000000000e+00,2.828122722914508813e+01,2.828122722914524445e+01
4.162200000000026989e+02,1.000000000000000000e+00,2.827763254262752213e+01,2.827763254262766424e+01
4.166400000000027148e+02,1.000000000000000000e+00,2.827406393486941383e+01,2.827406393486956659e+01
4.170600000000027308e+02,1.000000000000000000e+00,2.827052120467221741e+01,2.827052120467236662e+01
4.174800000000027467e+02,1.000000000000000000e+00,2.826700415258242316e+01,2.826700415258256882e+01
4.179000000000027626e+02,1.000000000000000000e+00,2.826351258087249008e+01,2.826351258087264284e+01
4.183200000000027785e+02,1.000000000000000000e+00,2.826004629352225805e+01,2.826004629352241082e+01
4.187400000000027944e+02,1.000000000000000000e+00,2.825660509620051997e+01,2.825660509620067629e+01
4.191600000000028103e+02,1.000000000000000000e+00,2.825318879624699164e+01,2.825318879624715507e+01
4.195800000000028263e+02,1.000000000000000000e+00,2.824979720265452698e+01,2.824979720265468330e+01
4.200000000000028422e+02,9.999999999998578915e-01,2.824643012604327552e+01,2.824643012604341763e+01
4.204200000000028581e+02,9.789999999998570956e-01,2.699975022314463402e+01,2.699975022314477968e+01
4.208400000000028740e+02,9.579999999998562998e-01,2.585640162809671949e+01,2.585640162809686160e+01
4.212600000000028899e+02,9.369999999998555040e-01,2.477643808633317590e+01,2.477643808633331091e+01
4.216800000000029058e+02,9.159999999998547082e-01,2.373571156556886308e+01,2.373571156556900164e+01
4.221000000000029218e+02,8.949999999998539124e-01,2.271926438800046455e+01,2.271926438800059600e+01
4.225200000000029377e+02,8.739999999998531166e-01,2.171757860930652839e+01,2.171757860930665984e+01
4.229400000000029536e+02,8.529999999998523208e-01,2.072439253952110860e+01,2.072439253952122584e+01
4.233600000000029695e+02,8.319999999998515250e-01,1.973540881723668505e+01,1.973540881723680229e+01
4.237800000000029854e+02,8.109999999998507292e-01,1.874752159824896580e+01,1.874752159824907594e+01
4.242000000000030013e+02,7.899999999998499334e-01,1.775835043573758654e+01,1.775835043573769667e+01
4.246200000000030172e+02,7.689999999998491376e-01,1.676595701906479263e+01,1.676595701906489211e+01
4.250400000000030332e+02,7.500000000000000000e-01,1.591472733093852909e+01,1.591472733093862857e+01
4.254600000000030491e+02,7.500000000000000000e-01,1.644510451543482787e+01,1.644510451543492735e+01
4.258800000000030650e+02,7.500000000000000000e-01,1.684509409970909033e+01,1.684509409970919336e+01
4.263000000000030809e+02,7.500000000000000000e-01,1.716254659866136478e+01,1.716254659866147136e+01
4.267200000000030968e+02,7.500000000000000000e-01,1.742671833560797268e+01,1.742671833560807571e+01
4.271400000000031127e+02,7.500000000000000000e-01,1.765537279684932415e+01,1.765537279684942717e+01
4.275600000000031287e+02,7.500000000000000000e-01,1.785929356156117365e+01,1.785929356156128733e+01
4.279800000000031446e+02,7.500000000000000000e-01,1.804506715981873910e+01,1.804506715981884923e+01
4.284000000000031605e+02,7.500000000000000000e-01,1.821676958289980064e+01,1.821676958289990722e+01
4.288200000000031764e+02,7.500000000000000000e-01,1.837697810672637999e+01,1.837697810672647591e+01
4.292400000000031923e+02,7.500000000000000000e-01,1.852737477741020911e+01,1.852737477741031213e+01
4.296600000000032082e+02,7.500000000000000000e-01,1.866910513321651521e+01,1.866910513321662890e+01
4.300800000000032242e+02,7.500000000000000000e-01,1.880299103946945394e+01,1.880299103946956762e+01
4.305000000000032401e+02,7.500000000000000000e-01,1.892965686171786288e+01,1.892965686171797302e+01
4.309200000000032560e+02,7.500000000000000000e-01,1.904960426370617554e+01,1.904960426370628568e+01
4.313400000000032719e+02,7.500000000000000000e-01,1.916325658799225096e+01,1.916325658799236820e+01
4.317600000000032878e+02,7.500000000000000000e-01,1.927098524334270380e+01,1.927098524334282104e+01
4.321800000000033037e+02,7.500000000000000000e-01,1.937312545552760668e+01,1.937312545552772036e+01
4.326000000000033197e+02,7.500000000000000000e-01,1.946998573414930078e+01,1.946998573414941092e+01
4.330200000000033356e+02,7.500000000000000000e-01,1.956185362924369286e+01,1.956185362924381366e+01
4.334400000000033515e+02,7.500000000000000000e-01,1.964899929864659711e+01,1.964899929864671790e+01
4.338600000000033674e+02,7.500000000000000000e-01,1.973167778437140996e+01,1.973167778437152364e+01
4.342800000000033833e+02,7.500000000000000000e-01,1.981013052798979501e+01,1.981013052798990515e+01
4.347000000000033992e+02,7.500000000000000000e-01,1.988458643731517483e+01,1.988458643731528497e+01
4.351200000000034152e+02,7.500000000000000000e-01,1.995526268805767600e+01,1.995526268805778969e+01
4.355400000000034311e+02,7.500000000000000000e-01,2.002236536815940227e+01,2.002236536815951595e+01
4.359600000000034470e+02,7.500000000000000000e-01,2.008609002770468521e+01,2.008609002770481311e+01
4.363800000000034629e+02,7.500000000000000000e-01,2.014662217090003082e+01,2.014662217090014451e+01
4.368000000000034788e+02,7.500000000000000000e-01,2.020413771110179013e+01,2.020413771110190382e+01
4.372200000000034947e+02,7.500000000000000000e-01,2.025880340078298758e+01,2.025880340078310127e+01
4.376400000000035106e+02,7.500000000000000000e-01,2.031077724303882093e+01,2.031077724303892751e+01
4.380600000000035266e+02,7.500000000000000000e-01,2.036020888817694541e+01,2.036020888817705909e+01
4.384800000000035425e+02,7.500000000000000000e-01,2.040724001720153069e+01,2.040724001720165148e+01
4.389000000000035584e+02,7.500000000000000000e-01,2.045200471303417800e+01,2.045200471303429879e+01
4.393200000000035743e+02,7.500000000000000000e-01,2.049462981980031628e+01,2.049462981980044418e+01
4.397400000000035902e+02,7.500000000000000000e-01,2.053523529025424210e+01,2.053523529025435934e+01
4.401600000000036061e+02,7.500000000000000000e-01,2.057393452130907718e+01,2.057393452130919087e+01
4.405800000000036221e+02,7.500000000000000000e-01,2.061083467761368482e+01,2.061083467761380561e+01
4.410000000000036380e+02,7.500000000000000000e-01,2.064603700313724133e+01,2.064603700313735501e+01
4.414200000000036539e+02,7.500000000000000000e-01,2.067963712076296545e+01,2.067963712076306848e+01
4.418400000000036698e+02,7.500000000000000000e-01,2.071172531994153232e+01,2.071172531994166377e+01
4.422600000000036857e+02,7.500000000000000000e-01,2.074238683250473159e+01,2.074238683250484883e+01
4.426800000000037016e+02,7.500000000000000000e-01,2.077170209678699564e+01,2.077170209678711643e+01
4.431000000000037176e+02,7.500000000000000000e-01,2.079974701024671191e+01,2.079974701024683981e+01
4.435200000000037335e+02,7.500000000000000000e-01,2.082659317081477823e+01,2.082659317081489903e+01
4.439400000000037494e+02,7.500000000000000000e-01,2.085230810723101058e+01,2.085230810723112427e+01
4.443600000000037653e+02,7.500000000000000000e-01,2.087695549865461331e+01,2.087695549865473765e+01
4.447800000000037812e+02,7.500000000000000000e-01,2.090059538385596127e+01,2.090059538385608207e+01
4.452000000000037971e+02,7.500000000000000000e-01,2.092328436031342420e+01,2.092328436031354144e+01
4.456200000000038131e+02,7.500000000000000000e-01,2.094507577355095762e+01,2.094507577355107486e+01
4.460400000000038290e+02,7.500000000000000000e-01,2.096601989706067926e+01,2.096601989706080360e+01
4.464600000000038449e+02,7.500000000000000000e-01,2.098616410315943170e+01,2.098616410315955250e+01
4.468800000000038608e+02,7.500000000000000000e-01,2.100555302513065925e+01,2.100555302513078004e+01
4.473000000000038767e+02,7.500000000000000000e-01,2.102422871100275259e+01,2.102422871100286983e+01
4.477200000000038926e+02,7.500000000000000000e-01,2.104223076931226188e+01,2.104223076931237202e+01
4.481400000000039086e+02,7.500000000000000000e-01,2.105959650719652743e+01,2.105959650719664111e+01
4.485600000000039245e+02,7.500000000000000000e-01,2.107636106115442942e+01,2.107636106115455377e+01
4.489800000000039404e+02,7.500000000000000000e-01,2.109255752080688850e+01,2.109255752080700574e+01
4.494000000000039563e+02,7.500000000000000000e-01,2.110821704598106052e+01,2.110821704598117421e+01
4.498200000000039722e+02,7.500000000000000000e-01,2.112336897743338682e+01,2.112336897743350761e+01
4.502400000000039881e+02,7.500000000000000000e-01,2.113804094151702273e+01,2.113804094151713286e+01
4.506600000000040041e+02,7.500000000000000000e-01,2.115225894908967774e+01,2.115225894908980209e+01
4.510800000000040200e+02,7.500000000000000000e-01,2.116604748894755161e+01,2.116604748894766175e+01
4.515000000000040359e+02,7.500000000000000000e-01,2.117942961606049934e+01,2.117942961606062369e+01
4.519200000000040518e+02,7.500000000000000000e-01,2.119242703487371671e+01,2.119242703487382684e+01
4.523400000000040677e+02,7.500000000000000000e-01,2.120506017792935793e+01,2.120506017792947162e+01
4.527600000000040836e+02,7.500000000000000000e-01,2.121734828005282480e+01,2.121734828005294915e+01
4.531800000000040995e+02,7.500000000000000000e-01,2.122930944833628431e+01,2.122930944833640510e+01
4.536000000000041155e+02,7.500000000000000000e-01,2.124096072814283431e+01,2.124096072814295511e+01
4.540200000000041314e+02,7.500000000000000000e-01,2.125231816534443752e+01,2.125231816534455476e+01
4.544400000000041473e+02,7.500000000000000000e-01,2.126339686499669313e+01,2.126339686499680326e+01
4.548600000000041632e+02,7.500000000000000000e-01,2.127421104664401952e+01,2.127421104664413676e+01
4.552800000000041791e+02,7.500000000000000000e-01,2.128477409643990370e+01,2.128477409644002094e+01
4.557000000000041950e+02,7.500000000000000000e-01,2.129509861625710698e+01,2.129509861625722422e+01
4.561200000000042110e+02,7.500000000000000000e-01,2.130519646995500693e+01,2.130519646995512772e+01
4.565400000000042269e+02,7.500000000000000000e-01,2.131507882696184808e+01,2.131507882696197598e+01
4.569600000000042428e+02,7.500000000000000000e-01,2.132475620332256483e+01,2.132475620332268562e+01
4.573800000000042587e+02,7.500000000000000000e-01,2.133423850035425318e+01,2.133423850035436686e+01
4.578000000000042746e+02,7.500000000000000000e-01,2.134353504104460697e+01,2.134353504104473487e+01
4.582200000000042905e+02,7.500000000000000000e-01,2.135265460432125550e+01,2.135265460432137630e+01
4.586400000000043065e+02,7.500000000000000000e-01,2.136160545731276983e+01,2.136160545731289062e+01
4.590600000000043224e+02,7.500000000000000000e-01,2.137039538571669084e+01,2.137039538571681518e+01
4.594800000000043383e+02,7.500000000000000000e-01,2.137903172238222993e+01,2.137903172238234717e+01
4.599000000000043542e+02,7.500000000000000000e-01,2.138752137421085564e+01,2.138752137421098709e+01
4.603200000000043701e+02,7.500000000000000000e-01,2.139587084747136103e+01,2.139587084747148538e+01
4.607400000000043860e+02,7.500000000000000000e-01,2.140408627162111799e+01,2.140408627162123878e+01
4.611600000000044020e+02,7.500000000000000000e-01,2.141217342172003057e+01,2.141217342172014781e+01
4.615800000000044179e+02,7.500000000000000000e-01,2.142013773951895672e+01,2.142013773951908107e+01
4.620000000000044338e+02,7.500000000000000000e-01,2.142798435329962814e+01,2.142798435329975604e+01
4.624200000000044497e+02,7.500000000000000000e-01,2.143571809653892046e+01,2.143571809653904836e+01
4.628400000000044656e+02,7.500000000000000000e-01,2.144334352546615818e+01,2.144334352546627898e+01
4.632600000000044815e+02,7.500000000000000000e-01,2.145086493557816709e+01,2.145086493557829499e+01
4.636800000000044975e+02,7.500000000000000000e-01,2.145828637717337983e+01,2.145828637717350063e+01
4.641000000000045134e+02,7.500000000000000000e-01,2.146561166996223236e+01,2.146561166996234959e+01
4.645200000000045293e+02,7.500000000000000000e-01,2.147284441680854172e+01,2.147284441680866607e+01
4.649400000000045452e+02,7.500000000000000000e-01,2.147998801665281832e+01,2.147998801665293556e+01
4.653600000000045611e+02,7.500000000000000000e-01,2.148704567666576182e+01,2.148704567666588616e+01
4.657800000000045770e+02,7.500000000000000000e-01,2.149402042367752941e+01,2.149402042367763954e+01
4.662000000000045929e+02,7.500000000000000000e-01,2.150091511492525598e+01,2.150091511492537677e+01
4.666200000000046089e+02,7.500000000000000000e-01,2.150773244815963281e+01,2.150773244815975715e+01
4.670400000000046248e+02,7.500000000000000000e-01,2.151447497114812890e+01,2.151447497114825325e+01
4.674600000000046407e+02,7.500000000000000000e-01,2.152114509061063075e+01,2.152114509061075154e+01
4.678800000000046566e+02,7.500000000000000000e-01,2.152774508062143255e+01,2.152774508062154979e+01
4.683000000000046725e+02,7.500000000000000000e-01,2.153427709050907168e+01,2.153427709050919603e+01
4.687200000000046884e+02,7.500000000000000000e-01,2.154074315228387348e+01,2.154074315228399428e+01
4.691400000000047044e+02,7.500000000000000000e-01,2.154714518762127895e+01,2.154714518762139974e+01
4.695600000000047203e+02,7.500000000000000000e-01,2.155348501442749765e+01,2.155348501442761844e+01
4.699800000000047362e+02,7.500000000000000000e-01,2.155976435301221272e+01,2.155976435301233707e+01
4.704000000000047521e+02,7.500000000000000000e-01,2.156598483189188187e+01,2.156598483189200621e+01
4.708200000000047680e+02,7.500000000000000000e-01,2.157214799324554733e+01,2.157214799324567167e+01
4.712400000000047839e+02,7.500000000000000000e-01,2.157825529804393483e+01,2.157825529804406628e+01
4.716600000000047999e+02,7.500000000000000000e-01,2.158430813087142042e+01,2.158430813087154121e+01
4.720800000000048158e+02,7.500000000000000000e-01,2.159030780445895914e+01,2.159030780445907993e+01
4.725000000000048317e+02,7.500000000000000000e-01,2.159625556394558288e+01,2.159625556394571788e+01
4.729200000000048476e+02,7.500000000000000000e-01,2.160215259088445450e+01,2.160215259088457884e+01
4.733400000000048635e+02,7.500000000000000000e-01,2.160800000700864132e+01,2.160800000700876922e+01
4.737600000000048794e+02,7.500000000000000000e-01,2.161379887777145115e+01,2.161379887777157194e+01
4.741800000000048954e+02,7.500000000000000000e-01,2.161955021567420232e+01,2.161955021567432311e+01
4.746000000000049113e+02,7.500000000000000000e-01,2.162525498339468299e+01,2.162525498339480379e+01
4.750200000000049272e+02,7.500000000000000000e-01,2.163091409672785659e+01,2.163091409672797738e+01
4.754400000000049431e+02,7.500000000000000000e-01,2.163652842735027093e+01,2.163652842735039172e+01
4.758600000000049590e+02,7.500000000000000000e-01,2.164209880541867292e+01,2.164209880541879372e+01
4.762800000000049749e+02,7.500000000000000000e-01,2.164762602201271591e+01,2.164762602201284025e+01
4.767000000000049909e+02,7.500000000000000000e-01,2.165311083143116377e+01,2.165311083143129167e+01
4.771200000000050068e+02,7.500000000000000000e-01,2.165855395335033151e+01,2.165855395335044875e+01
4.775400000000050227e+02,7.500000000000000000e-01,2.166395607485304708e+01,2.166395607485316077e+01
4.779600000000050386e+02,7.500000000000000000e-01,2.166931785233589025e+01,2.166931785233601460e+01
4.783800000000050545e+02,7.500000000000000000e-01,2.167463991330210149e+01,2.167463991330221873e+01
4.788000000000050704e+02,7.500000000000000000e-01,2.167992285804670161e+01,2.167992285804682240e+01
4.792200000000050863e+02,7.500000000000000000e-01,2.168516726124077820e+01,2.168516726124089544e+01
4.796400000000051023e+02,7.500000000000000000e-01,2.169037367342054878e+01,2.169037367342067668e+01
4.800600000000051182e+02,7.500000000000000000e-01,2.169554262238719033e+01,2.169554262238731823e+01
4.804800000000051341e+02,7.500000000000000000e-01,2.170067461452264013e+01,2.170067461452276802e+01
4.809000000000051500e+02,7.500000000000000000e-01,2.170577013602651206e+01,2.170577013602663285e+01
4.813200000000051659e+02,7.500000000000000000e-01,2.171082965407877907e+01,2.171082965407890697e+01
4.817400000000051818e+02,7.500000000000000000e-01,2.171585361793275837e+01,2.171585361793288627e+01
4.821600000000051978e+02,7.500000000000000000e-01,2.172084245994257401e+01,2.172084245994269125e+01
4.825800000000052137e+02,7.500000000000000000e-01,2.172579659652888751e+01,2.172579659652900830e+01
4.830000000000052296e+02,7.500000000000000000e-01,2.173071642908692169e+01,2.173071642908703893e+01
4.834200000000052455e+02,7.500000000000000000e-01,2.173560234483979059e+01,2.173560234483992915e+01
4.838400000000052614e+02,7.500000000000000000e-01,2.174045471764103965e+01,2.174045471764117110e+01
4.842600000000052773e+02,7.500000000000000000e-01,2.174527390872858135e+01,2.174527390872870924e+01
4.846800000000052933e+02,7.500000000000000000e-01,2.175006026743398735e+01,2.175006026743411525e+01
4.851000000000053092e+02,7.500000000000000000e-01,2.175481413184895274e+01,2.175481413184908064e+01
4.855200000000053251e+02,7.500000000000000000e-01,2.175953582945189879e+01,2.175953582945201603e+01
4.859400000000053410e+02,7.500000000000000000e-01,2.176422567769708394e+01,2.176422567769721539e+01
4.863600000000053569e+02,7.500000000000000000e-01,2.176888398456853224e+01,2.176888398456866014e+01
4.867800000000053728e+02,7.500000000000000000e-01,2.177351104910059121e+01,2.177351104910071911e+01
4.872000000000053888e+02,7.500000000000000000e-01,2.177810716186750994e+01,2.177810716186763784e+01
4.876200000000054047e+02,7.500000000000000000e-01,2.178267260544368966e+01,2.178267260544381756e+01
4.880400000000054206e+02,7.500000000000000000e-01,2.178720765483639710e+01,2.178720765483652144e+01
4.884600000000054365e+02,7.500000000000000000e-01,2.179171257789256089e+01,2.179171257789269234e+01
4.888800000000054524e+02,7.500000000000000000e-01,2.179618763568140949e+01,2.179618763568154094e+01
4.893000000000054683e+02,7.500000000000000000e-01,2.180063308285406976e+01,2.180063308285419055e+01
4.897200000000054843e+02,7.500000000000000000e-01,2.180504916798177817e+01,2.180504916798189896e+01
4.901400000000055002e+02,7.500000000000000000e-01,2.180943613387398372e+01,2.180943613387410096e+01
4.905600000000055161e+02,7.500000000000000000e-01,2.181379421787726614e+01,2.181379421787739759e+01
4.909800000000055320e+02,7.500000000000000000e-01,2.181812365215672855e+01,2.181812365215686000e+01
4.914000000000055479e+02,7.500000000000000000e-01,2.182242466396029812e+01,2.182242466396042602e+01
4.918200000000055638e+02,7.500000000000000000e-01,2.182669747586753317e+01,2.182669747586765396e+01
4.922400000000055797e+02,7.500000000000000000e-01,2.183094230602350549e+01,2.183094230602362984e+01
4.926600000000055957e+02,7.500000000000000000e-01,2.183515936835884119e+01,2.183515936835897620e+01
4.930800000000056116e+02,7.500000000000000000e-01,2.183934887279660586e+01,2.183934887279674086e+01
4.935000000000056275e+02,7.500000000000000000e-01,2.184351102544696133e+01,2.184351102544708567e+01
4.939200000000056434e+02,7.500000000000000000e-01,2.184764602879026896e+01,2.184764602879038620e+01
4.943400000000056593e+02,7.500000000000000000e-01,2.185175408184926837e+01,2.185175408184939272e+01
4.947600000000056752e+02,7.500000000000000000e-01,2.185583538035121620e+01,2.185583538035135120e+01
4.951800000000056912e+02,7.500000000000000000e-01,2.185989011688029748e+01,2.185989011688042538e+01
4.956000000000057071e+02,7.500000000000000000e-01,2.186391848102100255e+01,2.186391848102112334e+01
4.960200000000057230e+02,7.500000000000000000e-01,2.186792065949319408e+01,2.186792065949332553e+01
4.964400000000057389e+02,7.500000000000000000e-01,2.187189683627908110e+01,2.187189683627921610e+01
4.968600000000057548e+02,7.500000000000000000e-01,2.187584719274277845e+01,2.187584719274290279e+01
4.972800000000057707e+02,7.500000000000000000e-01,2.187977190774277503e+01,2.187977190774289582e+01
4.977000000000057867e+02,7.500000000000000000e-01,2.188367115773786864e+01,2.188367115773799298e+01
4.981200000000058026e+02,7.500000000000000000e-01,2.188754511688688353e+01,2.188754511688701498e+01
4.985400000000058185e+02,7.500000000000000000e-01,2.189139395714250824e+01,2.189139395714262903e+01
4.989600000000058344e+02,7.500000000000000000e-01,2.189521784833964801e+01,2.189521784833976881e+01
4.993800000000058503e+02,7.500000000000000000e-01,2.189901695827868622e+01,2.189901695827881056e+01
4.998000000000058662e+02,7.500000000000000000e-01,2.190279145280390694e+01,2.190279145280402417e+01
5.002200000000058822e+02,7.500000000000000000e-01,2.190654149587721378e+01,2.190654149587733457e+01
5.006400000000058981e+02,7.500000000000000000e-01,2.191026724964779504e+01,2.191026724964791939e+01
5.010600000000059140e+02,7.500000000000000000e-01,2.191396887451762510e+01,2.191396887451774589e+01
5.014800000000059299e+02,7.500000000000000000e-01,2.191764652920318213e+01,2.191764652920329937e+01
5.019000000000059458e+02,7.500000000000000000e-01,2.192130037079370908e+01,2.192130037079383342e+01
5.023200000000059617e+02,7.500000000000000000e-01,2.192493055480607822e+01,2.192493055480619901e+01
5.027400000000059777e+02,7.500000000000000000e-01,2.192853723523646892e+01,2.192853723523660392e+01
5.031600000000059936e+02,7.500000000000000000e-01,2.193212056460930981e+01,2.193212056460943060e+01
5.035800000000060095e+02,7.500000000000000000e-01,2.193568069402306620e+01,2.193568069402318343e+01
5.040000000000060254e+02,7.500000000000000000e-01,2.193921777319382826e+01,2.193921777319395616e+01
5.044200000000060413e+02,7.500000000000000000e-01,2.194273195049630232e+01,2.194273195049642666e+01
5.048400000000060572e+02,7.500000000000000000e-01,2.194622337300234705e+01,2.194622337300246429e+01
5.052600000000060732e+02,7.500000000000000000e-01,2.194969218651755938e+01,2.194969218651768017e+01
5.056800000000060891e+02,7.500000000000000000e-01,2.195313853561583173e+01,2.195313853561595607e+01
5.061000000000061050e+02,7.500000000000000000e-01,2.195656256367178827e+01,2.195656256367191972e+01
5.065200000000061209e+02,7.500000000000000000e-01,2.195996441289170065e+01,2.195996441289182854e+01
5.069400000000061368e+02,7.500000000000000000e-01,2.196334422434245681e+01,2.196334422434258471e+01
5.073600000000061527e+02,7.500000000000000000e-01,2.196670213797916205e+01,2.196670213797929350e+01
5.077800000000061686e+02,7.500000000000000000e-01,2.197003829267119457e+01,2.197003829267131536e+01
5.082000000000061846e+02,7.500000000000000000e-01,2.197335282622668018e+01,2.197335282622680097e+01
5.086200000000062005e+02,7.500000000000000000e-01,2.197664587541601477e+01,2.197664587541612846e+01
5.090400000000062164e+02,7.500000000000000000e-01,2.197991757599376683e+01,2.197991757599389118e+01
5.094600000000062323e+02,7.500000000000000000e-01,2.198316806271970236e+01,2.198316806271981960e+01
5.098800000000062482e+02,7.500000000000000000e-01,2.198639746937855577e+01,2.198639746937868011e+01
5.103000000000062641e+02,7.500000000000000000e-01,2.198960592879885567e+01,2.198960592879898002e+01
5.107200000000062801e+02,7.500000000000000000e-01,2.199279357287073466e+01,2.199279357287085901e+01
5.111400000000062960e+02,7.500000000000000000e-01,2.199596053256288997e+01,2.199596053256302142e+01
5.115600000000063119e+02,7.500000000000000000e-01,2.199910693793870209e+01,2.199910693793881933e+01
5.119800000000063278e+02,7.500000000000000000e-01,2.200223291817139071e+01,2.200223291817150795e+01
5.124000000000063437e+02,7.500000000000000000e-01,2.200533860155864119e+01,2.200533860155877619e+01
5.128200000000063028e+02,7.500000000000000000e-01,2.200842411553645661e+01,2.200842411553657385e+01
5.132400000000062619e+02,7.500000000000000000e-01,2.201148958669218203e+01,2.201148958669230993e+01
5.136600000000062209e+02,7.500000000000000000e-01,2.201453514077716278e+01,2.201453514077729423e+01
5.140800000000061800e+02,7.500000000000000000e-01,2.201756090271866739e+01,2.201756090271878818e+01
5.145000000000061391e+02,7.500000000000000000e-01,2.202056699663120298e+01,2.202056699663132378e+01
5.149200000000060982e+02,7.500000000000000000e-01,2.202355354582744695e+01,2.202355354582758196e+01
5.153400000000060572e+02,7.500000000000000000e-01,2.202652067282873460e+01,2.202652067282885184e+01
5.157600000000060163e+02,7.500000000000000000e-01,2.202946849937476159e+01,2.202946849937488594e+01
5.161800000000059754e+02,7.500000000000000000e-01,2.203239714643327574e+01,2.203239714643340008e+01
5.166000000000059345e+02,7.500000000000000000e-01,2.203530673420909025e+01,2.203530673420921104e+01
5.170200000000058935e+02,7.500000000000000000e-01,2.203819738215284474e+01,2.203819738215297264e+01
5.174400000000058526e+02,7.500000000000000000e-01,2.204106920896928301e+01,2.204106920896940025e+01
5.178600000000058117e+02,7.500000000000000000e-01,2.204392233262532486e+01,2.204392233262544565e+01
5.182800000000057707e+02,7.500000000000000000e-01,2.204675687035777543e+01,2.204675687035789977e+01
5.187000000000057298e+02,7.500000000000000000e-01,2.204957293868071844e+01,2.204957293868083923e+01
5.191200000000056889e+02,7.500000000000000000e-01,2.205237065339261093e+01,2.205237065339274238e+01
5.195400000000056480e+02,7.500000000000000000e-01,2.205515012958322885e+01,2.205515012958334609e+01
5.199600000000056070e+02,7.500000000000000000e-01,2.205791148164011872e+01,2.205791148164023951e+01
5.203800000000055661e+02,7.500000000000000000e-01,2.206065482325518445e+01,2.206065482325530169e+01
5.208000000000055252e+02,7.500000000000000000e-01,2.206338026743069847e+01,2.206338026743081571e+01
5.212200000000054843e+02,7.500000000000000000e-01,2.206608792648527739e+01,2.206608792648539463e+01
5.216400000000054433e+02,7.500000000000000000e-01,2.206877791205974759e+01,2.206877791205986128e+01
5.220600000000054024e+02,7.500000000000000000e-01,2.207145033512256305e+01,2.207145033512269094e+01
5.224800000000053615e+02,7.500000000000000000e-01,2.207410530597536891e+01,2.207410530597548615e+01
5.229000000000053205e+02,7.500000000000000000e-01,2.207674293425812806e+01,2.207674293425824885e+01
5.233200000000052796e+02,7.500000000000000000e-01,2.207936332895425124e+01,2.207936332895437559e+01
5.237400000000052387e+02,7.500000000000000000e-01,2.208196659839559572e+01,2.208196659839573428e+01
5.241600000000051978e+02,7.500000000000000000e-01,2.208455285026726145e+01,2.208455285026737869e+01
5.245800000000051568e+02,7.500000000000000000e-01,2.208712219161215984e+01,2.208712219161228418e+01
5.250000000000051159e+02,7.499999999997442046e-01,2.208967472881735006e+01,2.208967472881747440e+01
5.254200000000050750e+02,7.289999999997462954e-01,2.056283375860231288e+01,2.056283375860243368e+01
5.258400000000050341e+02,7.079999999997482751e-01,1.916566232052580077e+01,1.916566232052591445e+01
5.262600000000049931e+02,6.869999999997503659e-01,1.784610269392380388e+01,1.784610269392390336e+01
5.266800000000049522e+02,6.659999999997523457e-01,1.657259723512946437e+01,1.657259723512956739e+01
5.271000000000049113e+02,6.449999999997544364e-01,1.532547070238894804e+01,1.532547070238903864e+01
5.275200000000048703e+02,6.239999999997565272e-01,1.409206703729975274e+01,1.409206703729984156e+01
5.279400000000048294e+02,6.029999999997585070e-01,1.286392460643864943e+01,1.286392460643872937e+01
5.283600000000047885e+02,5.819999999997605977e-01,1.163510454854345433e+01,1.163510454854353426e+01
5.287800000000047476e+02,5.609999999997625775e-01,1.040118871549300117e+01,1.040118871549307045e+01
5.292000000000047066e+02,5.399999999997646682e-01,9.158672883766854511e+00,9.158672883766918460e+00
5.296200000000046657e+02,5.189999999997667590e-01,7.904595692802869777e+00,7.904595692802933726e+00
5.300400000000046248e+02,5.000000000000000000e-01,6.826510114828574061e+00,6.826510114828622022e+00
5.304600000000045839e+02,5.000000000000000000e-01,7.544217763294681411e+00,7.544217763294735590e+00
5.308800000000045429e+02,5.000000000000000000e-01,8.086170527015202225e+00,8.086170527015255516e+00
5.313000000000045020e+02,5.000000000000000000e-01,8.516761479691728809e+00,8.516761479691789205e+00
5.317200000000044611e+02,5.000000000000000000e-01,8.875517366432942978e+00,8.875517366433003374e+00
5.321400000000044201e+02,5.000000000000000000e-01,9.186483504849572768e+00,9.186483504849642046e+00
5.325600000000043792e+02,5.000000000000000000e-01,9.464263515964692175e+00,9.464263515964752571e+00
5.329800000000043383e+02,5.000000000000000000e-01,9.717770474368759182e+00,9.717770474368821354e+00
5.334000000000042974e+02,5.000000000000000000e-01,9.952509661055493950e+00,9.952509661055561452e+00
5.338200000000042564e+02,5.000000000000000000e-01,1.017195137527262361e+01,1.017195137527269289e+01
5.342400000000042155e+02,5.000000000000000000e-01,1.037835082983011326e+01,1.037835082983017720e+01
5.346600000000041746e+02,5.000000000000000000e-01,1.057323585266805921e+01,1.057323585266812493e+01
5.350800000000041337e+02,5.000000000000000000e-01,1.075769632210026039e+01,1.075769632210032611e+01
5.355000000000040927e+02,5.000000000000000000e-01,1.093255573239647305e+01,1.093255573239654588e+01
5.359200000000040518e+02,5.000000000000000000e-01,1.109847285213251666e+01,1.109847285213258772e+01
5.363400000000040109e+02,5.000000000000000000e-01,1.125600198375256156e+01,1.125600198375262906e+01
5.367600000000039699e+02,5.000000000000000000e-01,1.140562873252260268e+01,1.140562873252267373e+01
5.371800000000039290e+02,5.000000000000000000e-01,1.154779129955744210e+01,1.154779129955751138e+01
5.376000000000038881e+02,5.000000000000000000e-01,1.168289322536982944e+01,1.168289322536990227e+01
5.380200000000038472e+02,5.000000000000000000e-01,1.181131108873867319e+01,1.181131108873874425e+01
5.384400000000038062e+02,5.000000000000000000e-01,1.193339923227944155e+01,1.193339923227951616e+01
5.388600000000037653e+02,5.000000000000000000e-01,1.204949273803866205e+01,1.204949273803874021e+01
5.392800000000037244e+02,5.000000000000000000e-01,1.215990937486461654e+01,1.215990937486469470e+01
5.397000000000036835e+02,5.000000000000000000e-01,1.226495094276091002e+01,1.226495094276098818e+01
5.401200000000036425e+02,5.000000000000000000e-01,1.236490426417248933e+01,1.236490426417256572e+01
5.405400000000036016e+02,5.000000000000000000e-01,1.246004196863806790e+01,1.246004196863814073e+01
5.409600000000035607e+02,5.000000000000000000e-01,1.255062315615861124e+01,1.255062315615868940e+01
5.413800000000035197e+02,5.000000000000000000e-01,1.263689398863685298e+01,1.263689398863693114e+01
5.418000000000034788e+02,5.000000000000000000e-01,1.271908823758417384e+01,1.271908823758425022e+01
5.422200000000034379e+02,5.000000000000000000e-01,1.279742780389858936e+01,1.279742780389867107e+01
5.426400000000033970e+02,5.000000000000000000e-01,1.287212321830431883e+01,1.287212321830439699e+01
5.430600000000033560e+02,5.000000000000000000e-01,1.294337412688420486e+01,1.294337412688428124e+01
5.434800000000033151e+02,5.000000000000000000e-01,1.301136976377695120e+01,1.301136976377702759e+01
5.439000000000032742e+02,5.000000000000000000e-01,1.307628941180684556e+01,1.307628941180692550e+01
5.443200000000032333e+02,5.000000000000000000e-01,1.313830285112693019e+01,1.313830285112701191e+01
5.447400000000031923e+02,5.000000000000000000e-01,1.319757079562547730e+01,1.319757079562556079e+01
5.451600000000031514e+02,5.000000000000000000e-01,1.325424531671929884e+01,1.325424531671938055e+01
5.455800000000031105e+02,5.000000000000000000e-01,1.330847025414323603e+01,1.330847025414331775e+01
5.460000000000030695e+02,5.000000000000000000e-01,1.336038161339113550e+01,1.336038161339122254e+01
5.464200000000030286e+02,5.000000000000000000e-01,1.341010794953943019e+01,1.341010794953950480e+01
5.468400000000029877e+02,5.000000000000000000e-01,1.345777073727026973e+01,1.345777073727035678e+01
5.472600000000029468e+02,5.000000000000000000e-01,1.350348472699971580e+01,1.350348472699979574e+01
5.476800000000029058e+02,5.000000000000000000e-01,1.354735828709847922e+01,1.354735828709856271e+01
5.481000000000028649e+02,5.000000000000000000e-01,1.358949373227036617e+01,1.358949373227044788e+01
5.485200000000028240e+02,5.000000000000000000e-01,1.362998763821972226e+01,1.362998763821980752e+01
5.489400000000027831e+02,5.000000000000000000e-01,1.366893114279912069e+01,1.366893114279920241e+01
5.493600000000027421e+02,5.000000000000000000e-01,1.370641023387849344e+01,1.370641023387857871e+01
5.497800000000027012e+02,5.000000000000000000e-01,1.374250602421922984e+01,1.374250602421930623e+01
5.502000000000026603e+02,5.000000000000000000e-01,1.377729501367157994e+01,1.377729501367166165e+01
5.506200000000026193e+02,5.000000000000000000e-01,1.381084933904220335e+01,1.381084933904228507e+01
5.510400000000025784e+02,5.000000000000000000e-01,1.384323701200006163e+01,1.384323701200014156e+01
5.514600000000025375e+02,5.000000000000000000e-01,1.387452214540619622e+01,1.387452214540628148e+01
5.518800000000024966e+02,5.000000000000000000e-01,1.390476516846452704e+01,1.390476516846461053e+01
5.523000000000024556e+02,5.000000000000000000e-01,1.393402303109850315e+01,1.393402303109858309e+01
5.527200000000024147e+02,5.000000000000000000e-01,1.396234939796262786e+01,1.396234939796270780e+01
5.531400000000023738e+02,5.000000000000000000e-01,1.398979483249913258e+01,1.398979483249921785e+01
5.535600000000023329e+02,5.000000000000000000e-01,1.401640697144786607e+01,1.401640697144794956e+01
5.539800000000022919e+02,5.000000000000000000e-01,1.404223069021408676e+01,1.404223069021416848e+01
5.544000000000022510e+02,5.000000000000000000e-01,1.406730825949259867e+01,1.406730825949268571e+01
5.548200000000022101e+02,5.000000000000000000e-01,1.409167949353954086e+01,1.409167949353961902e+01
5.552400000000021691e+02,5.000000000000000000e-01,1.411538189047406178e+01,1.411538189047414704e+01
5.556600000000021282e+02,5.000000000000000000e-01,1.413845076498282616e+01,1.413845076498290254e+01
5.560800000000020873e+02,5.000000000000000000e-01,1.416091937378899601e+01,1.416091937378908305e+01
5.565000000000020464e+02,5.000000000000000000e-01,1.418281903423699220e+01,1.418281903423708101e+01
5.569200000000020054e+02,5.000000000000000000e-01,1.420417923633154977e+01,1.420417923633163326e+01
5.573400000000019645e+02,5.000000000000000000e-01,1.422502774855872865e+01,1.422502774855880681e+01
5.577600000000019236e+02,5.000000000000000000e-01,1.424539071780329280e+01,1.424539071780338517e+01
5.581800000000018827e+02,5.000000000000000000e-01,1.426529276366536081e+01,1.426529276366544963e+01
5.586000000000018417e+02,5.000000000000000000e-01,1.428475706746624851e+01,1.428475706746633911e+01
5.590200000000018008e+02,5.000000000000000000e-01,1.430380545622196387e+01,1.430380545622204913e+01
5.594400000000017599e+02,5.000000000000000000e-01,1.432245848185004355e+01,1.432245848185012527e+01
5.598600000000017189e+02,5.000000000000000000e-01,1.434073549586413066e+01,1.434073549586421237e+01
5.602800000000016780e+02,5.000000000000000000e-01,1.435865471979874641e+01,1.435865471979882635e+01
5.607000000000016371e+02,5.000000000000000000e-01,1.437623331159557871e+01,1.437623331159565687e+01
5.611200000000015962e+02,5.000000000000000000e-01,1.439348742817139915e+01,1.439348742817148263e+01
5.615400000000015552e+02,5.000000000000000000e-01,1.441043228437746038e+01,1.441043228437755097e+01
5.619600000000015143e+02,5.000000000000000000e-01,1.442708220854943946e+01,1.442708220854952472e+01
5.623800000000014734e+02,5.000000000000000000e-01,1.444345069483720678e+01,1.444345069483729560e+01
5.628000000000014325e+02,5.000000000000000000e-01,1.445955045249450421e+01,1.445955045249458415e+01
5.632200000000013915e+02,5.000000000000000000e-01,1.447539345229842311e+01,1.447539345229850483e+01
5.636400000000013506e+02,5.000000000000000000e-01,1.449099097026119765e+01,1.449099097026127758e+01
5.640600000000013097e+02,5.000000000000000000e-01,1.450635362878664480e+01,1.450635362878672829e+01
5.644800000000012687e+02,5.000000000000000000e-01,1.452149143541703324e+01,1.452149143541711851e+01
5.649000000000012278e+02,5.000000000000000000e-01,1.453641381930741261e+01,1.453641381930749787e+01
5.653200000000011869e+02,5.000000000000000000e-01,1.455112966555746468e+01,1.455112966555754106e+01
5.657400000000011460e+02,5.000000000000000000e-01,1.456564734752370782e+01,1.456564734752379309e+01
5.661600000000011050e+02,5.000000000000000000e-01,1.457997475722851632e+01,1.457997475722860514e+01
5.665800000000010641e+02,5.000000000000000000e-01,1.459411933397550243e+01,1.459411933397559835e+01
5.670000000000010232e+02,5.000000000000000000e-01,1.460808809127519048e+01,1.460808809127527041e+01
5.674200000000009823e+02,5.000000000000000000e-01,1.462188764217887105e+01,1.462188764217895809e+01
5.678400000000009413e+02,5.000000000000000000e-01,1.463552422311340706e+01,1.463552422311349233e+01
5.682600000000009004e+02,5.000000000000000000e-01,1.464900371630395526e+01,1.464900371630404763e+01
5.686800000000008595e+02,5.000000000000000000e-01,1.466233167086725508e+01,1.466233167086734923e+01
5.691000000000008185e+02,5.000000000000000000e-01,1.467551332265319530e+01,1.467551332265328590e+01
5.695200000000007776e+02,5.000000000000000000e-01,1.468855361290790285e+01,1.468855361290799166e+01
5.699400000000007367e+02,5.000000000000000000e-01,1.470145720582753057e+01,1.470145720582762117e+01
5.703600000000006958e+02,5.000000000000000000e-01,1.471422850506803215e+01,1.471422850506811741e+01
5.707800000000006548e+02,5.000000000000000000e-01,1.472687166927208935e+01,1.472687166927218350e+01
5.712000000000006139e+02,5.000000000000000000e-01,1.473939062667148470e+01,1.473939062667157529e+01
5.716200000000005730e+02,5.000000000000000000e-01,1.475178908881902728e+01,1.475178908881911433e+01
5.720400000000005321e+02,5.000000000000000000e-01,1.476407056350186053e+01,1.476407056350194935e+01
5.724600000000004911e+02,5.000000000000000000e-01,1.477623836688429648e+01,1.477623836688439241e+01
5.728800000000004502e+02,5.000000000000000000e-01,1.478829563492586452e+01,1.478829563492594090e+01
5.733000000000004093e+02,5.000000000000000000e-01,1.480024533411745047e+01,1.480024533411752685e+01
5.737200000000003683e+02,5.000000000000000000e-01,1.481209027157620284e+01,1.481209027157628633e+01
5.741400000000003274e+02,5.000000000000000000e-01,1.482383310453690584e+01,1.482383310453699465e+01
5.745600000000002865e+02,5.000000000000000000e-01,1.483547634927597514e+01,1.483547634927606040e+01
5.749800000000002456e+02,5.000000000000000000e-01,1.484702238950163000e+01,1.484702238950173125e+01
5.754000000000002046e+02,5.000000000000000000e-01,1.485847348424215397e+01,1.485847348424223924e+01
5.758200000000001637e+02,5.000000000000000000e-01,1.486983177526180810e+01,1.486983177526189692e+01
5.762400000000001228e+02,5.000000000000000000e-01,1.488109929403310261e+01,1.488109929403319320e+01
5.766600000000000819e+02,5.000000000000000000e-01,1.489227796829119299e+01,1.489227796829127115e+01
5.770800000000000409e+02,5.000000000000000000e-01,1.490336962819582212e+01,1.490336962819590383e+01
5.775000000000000000e+02,5.000000000000000000e-01,1.491437601212403408e+01,1.491437601212412289e+01
5.779199999999999591e+02,5.000000000000000000e-01,1.492529877211572220e+01,1.492529877211580214e+01
5.783399999999999181e+02,5.000000000000000000e-01,1.493613947899261696e+01,1.493613947899270222e+01
5.787599999999998772e+02,5.000000000000000000e-01,1.494689962717060538e+01,1.494689962717069598e+01
5.791799999999998363e+02,5.000000000000000000e-01,1.495758063918320069e+01,1.495758063918329128e+01
5.795999999999997954e+02,5.000000000000000000e-01,1.496818386993386873e+01,1.496818386993395578e+01
5.800199999999997544e+02,5.000000000000000000e-01,1.497871061069313292e+01,1.497871061069322174e+01
5.804399999999997135e+02,5.000000000000000000e-01,1.498916209285598455e+01,1.498916209285607870e+01
5.808599999999996726e+02,5.000000000000000000e-01,1.499953949147369947e+01,1.499953949147378118e+01
5.812799999999996317e+02,5.000000000000000000e-01,1.500984392857368910e+01,1.500984392857377792e+01
5.816999999999995907e+02,5.000000000000000000e-01,1.502007647628019882e+01,1.502007647628028764e+01
5.821199999999995498e+02,5.000000000000000000e-01,1.503023815974752431e+01,1.503023815974760780e+01
5.825399999999995089e+02,5.000000000000000000e-01,1.504032995991710209e+01,1.504032995991718558e+01
5.829599999999994679e+02,5.000000000000000000e-01,1.505035281610926212e+01,1.505035281610935449e+01
5.833799999999994270e+02,5.000000000000000000e-01,1.506030762845909798e+01,1.506030762845919213e+01
5.837999999999993861e+02,5.000000000000000000e-01,1.507019526020614286e+01,1.507019526020622990e+01
5.842199999999993452e+02,5.000000000000000000e-01,1.508001653984647561e+01,1.508001653984656620e+01
5.846399999999993042e+02,5.000000000000000000e-01,1.508977226315574072e+01,1.508977226315583664e+01
5.850599999999992633e+02,5.000000000000000000e-01,1.509946319509037238e+01,1.509946319509045765e+01
5.854799999999992224e+02,5.000000000000000000e-01,1.510909007157472672e+01,1.510909007157482264e+01
5.858999999999991815e+02,5.000000000000000000e-01,1.511865360118097712e+01,1.511865360118106594e+01
5.863199999999991405e+02,5.000000000000000000e-01,1.512815446670781228e+01,1.512815446670789221e+01
5.867399999999990996e+02,5.000000000000000000e-01,1.513759332666446511e+01,1.513759332666454505e+01
5.871599999999990587e+02,5.000000000000000000e-01,1.514697081666557033e+01,1.514697081666565737e+01
5.875799999999990177e+02,5.000000000000000000e-01,1.515628755074215483e+01,1.515628755074224365e+01
5.879999999999989768e+02,5.000000000000000000e-01,1.516554412257380591e+01,1.516554412257389473e+01
5.884199999999989359e+02,5.000000000000000000e-01,1.517474110664690912e+01,1.517474110664699793e+01
5.888399999999988950e+02,5.000000000000000000e-01,1.518387905934323356e+01,1.518387905934332238e+01
5.892599999999988540e+02,5.000000000000000000e-01,1.519295851996307256e+01,1.519295851996316138e+01
5.896799999999988131e+02,5.000000000000000000e-01,1.520198001168698809e+01,1.520198001168707691e+01
5.900999999999987722e+02,5.000000000000000000e-01,1.521094404247965670e+01,1.521094404247974730e+01
5.905199999999987313e+02,5.000000000000000000e-01,1.521985110593954538e+01,1.521985110593962709e+01
5.909399999999986903e+02,5.000000000000000000e-01,1.522870168209733421e+01,1.522870168209742125e+01
5.913599999999986494e+02,5.000000000000000000e-01,1.523749623816661369e+01,1.523749623816670251e+01
5.917799999999986085e+02,5.000000000000000000e-01,1.524623522924929375e+01,1.524623522924938079e+01
5.921999999999985675e+02,5.000000000000000000e-01,1.525491909899868403e+01,1.525491909899877641e+01
5.926199999999985266e+02,5.000000000000000000e-01,1.526354828024280508e+01,1.526354828024289390e+01
5.930399999999984857e+02,5.000000000000000000e-01,1.527212319557015974e+01,1.527212319557024855e+01
5.934599999999984448e+02,5.000000000000000000e-01,1.528064425788040026e+01,1.528064425788048553e+01
5.938799999999984038e+02,5.000000000000000000e-01,1.528911187090190715e+01,1.528911187090199775e+01
5.942999999999983629e+02,5.000000000000000000e-01,1.529752642967826404e+01,1.529752642967835463e+01
5.947199999999983220e+02,5.000000000000000000e-01,1.530588832102557362e+01,1.530588832102566066e+01
5.951399999999982811e+02,5.000000000000000000e-01,1.531419792396227209e+01,1.531419792396236268e+01
5.955599999999982401e+02,5.000000000000000000e-01,1.532245561011315971e+01,1.532245561011325030e+01
5.959799999999981992e+02,5.000000000000000000e-01,1.533066174408927118e+01,1.533066174408936178e+01
5.963999999999981583e+02,5.000000000000000000e-01,1.533881668384477237e+01,1.533881668384486652e+01
5.968199999999981173e+02,5.000000000000000000e-01,1.534692078101266333e+01,1.534692078101276103e+01
5.972399999999980764e+02,5.000000000000000000e-01,1.535497438122020952e+01,1.535497438122030367e+01
5.976599999999980355e+02,5.000000000000000000e-01,1.536297782438549575e+01,1.536297782438558102e+01
5.980799999999979946e+02,5.000000000000000000e-01,1.537093144499627329e+01,1.537093144499636033e+01
5.984999999999979536e+02,5.000000000000000000e-01,1.537883557237196719e+01,1.537883557237206844e+01
5.989199999999979127e+02,5.000000000000000000e-01,1.538669053091022576e+01,1.538669053091030925e+01
5.993399999999978718e+02,5.000000000000000000e-01,1.539449664031836207e+01,1.539449664031844733e+01
5.997599999999978309e+02,5.000000000000000000e-01,1.540225421583132714e+01,1.540225421583142129e+01
6.001799999999977899e+02,5.000000000000000000e-01,1.540996356841640313e+01,1.540996356841649728e+01
6.005999999999977490e+02,5.000000000000000000e-01,1.541762500496569643e+01,1.541762500496578880e+01
6.010199999999977081e+02,5.000000000000000000e-01,1.542523882847724792e+01,1.542523882847734029e+01
6.014399999999976671e+02,5.000000000000000000e-01,1.543280533822516176e+01,1.543280533822524703e+01
6.018599999999976262e+02,5.000000000000000000e-01,1.544032482991972977e+01,1.544032482991981503e+01
6.022799999999975853e+02,5.000000000000000000e-01,1.544779759585793855e+01,1.544779759585802381e+01
6.026999999999975444e+02,5.000000000000000000e-01,1.545522392506502385e+01,1.545522392506510911e+01
6.031199999999975034e+02,5.000000000000000000e-01,1.546260410342757119e+01,1.546260410342766178e+01
6.035399999999974625e+02,5.000000000000000000e-01,1.546993841381877921e+01,1.546993841381887336e+01
6.039599999999974216e+02,5.000000000000000000e-01,1.547722713621619839e+01,1.547722713621629609e+01
6.043799999999973807e+02,5.000000000000000000e-01,1.548447054781254728e+01,1.548447054781263788e+01
6.047999999999973397e+02,5.000000000000000000e-01,1.549166892311986388e+01,1.549166892311995092e+01
6.052199999999972988e+02,5.000000000000000000e-01,1.549882253406762445e+01,1.549882253406770971e+01
6.056399999999972579e+02,5.000000000000000000e-01,1.550593165009495777e+01,1.550593165009504126e+01
6.060599999999972169e+02,5.000000000000000000e-01,1.551299653823747704e+01,1.551299653823756231e+01
6.064799999999971760e+02,5.000000000000000000e-01,1.552001746320894782e+01,1.552001746320904374e+01
6.068999999999971351e+02,5.000000000000000000e-01,1.552699468747817946e+01,1.552699468747827538e+01
6.073199999999970942e+02,5.000000000000000000e-01,1.553392847134136900e+01,1.553392847134145605e+01
6.077399999999970532e+02,5.000000000000000000e-01,1.554081907299022092e+01,1.554081907299031329e+01
6.081599999999970123e+02,5.000000000000000000e-01,1.554766674857614639e+01,1.554766674857623876e+01
6.085799999999969714e+02,5.000000000000000000e-01,1.555447175227057066e+01,1.555447175227065770e+01
6.089999999999969305e+02,5.000000000000000000e-01,1.556123433632185282e+01,1.556123433632194164e+01
6.094199999999968895e+02,5.000000000000000000e-01,1.556795475110889271e+01,1.556795475110897264e+01
6.098399999999968486e+02,5.000000000000000000e-01,1.557463324519146575e+01,1.557463324519155634e+01
6.102599999999968077e+02,5.000000000000000000e-01,1.558127006535795545e+01,1.558127006535805137e+01
6.106799999999967667e+02,5.000000000000000000e-01,1.558786545667004830e+01,1.558786545667014067e+01
6.110999999999967258e+02,5.000000000000000000e-01,1.559441966250498979e+01,1.559441966250507861e+01
6.115199999999966849e+02,5.000000000000000000e-01,1.560093292459544045e+01,1.560093292459553282e+01
6.119399999999966440e+02,5.000000000000000000e-01,1.560740548306704589e+01,1.560740548306713293e+01
6.123599999999966030e+02,5.000000000000000000e-01,1.561383757647384307e+01,1.561383757647393011e+01
6.127799999999965621e+02,5.000000000000000000e-01,1.562022944183164341e+01,1.562022944183173934e+01
6.131999999999965212e+02,5.000000000000000000e-01,1.562658131464971412e+01,1.562658131464980826e+01
6.136199999999964803e+02,5.000000000000000000e-01,1.563289342896043976e+01,1.563289342896052503e+01
6.140399999999964393e+02,5.000000000000000000e-01,1.563916601734748468e+01,1.563916601734758061e+01
6.144599999999963984e+02,5.000000000000000000e-01,1.564539931097242231e+01,1.564539931097251468e+01
6.148799999999963575e+02,5.000000000000000000e-01,1.565159353959979782e+01,1.565159353959989197e+01
6.152999999999963165e+02,5.000000000000000000e-01,1.565774893162088688e+01,1.565774893162097392e+01
6.157199999999962756e+02,5.000000000000000000e-01,1.566386571407613815e+01,1.566386571407622874e+01
6.161399999999962347e+02,5.000000000000000000e-01,1.566994411267647358e+01,1.566994411267656773e+01
6.165599999999961938e+02,5.000000000000000000e-01,1.567598435182334526e+01,1.567598435182343763e+01
6.169799999999961528e+02,5.000000000000000000e-01,1.568198665462782770e+01,1.568198665462792718e+01
6.173999999999961119e+02,5.000000000000000000e-01,1.568795124292867271e+01,1.568795124292876331e+01
6.178199999999960710e+02,5.000000000000000000e-01,1.569387833730939086e+01,1.569387833730947435e+01
6.182399999999960301e+02,5.000000000000000000e-01,1.569976815711448381e+01,1.569976815711457085e+01
6.186599999999959891e+02,5.000000000000000000e-01,1.570562092046493774e+01,1.570562092046503189e+01
6.190799999999959482e+02,5.000000000000000000e-01,1.571143684427279652e+01,1.571143684427288711e+01
6.194999999999959073e+02,5.000000000000000000e-01,1.571721614425502622e+01,1.571721614425511682e+01
6.199199999999958663e+02,5.000000000000000000e-01,1.572295903494688041e+01,1.572295903494696212e+01
6.203399999999958254e+02,5.000000000000000000e-01,1.572866572971429910e+01,1.572866572971438970e+01
6.207599999999957845e+02,5.000000000000000000e-01,1.573433644076611770e+01,1.573433644076620297e+01
6.211799999999957436e+02,5.000000000000000000e-01,1.573997137916528821e+01,1.573997137916538591e+01
6.215999999999957026e+02,5.000000000000000000e-01,1.574557075483996194e+01,1.574557075484004898e+01
6.220199999999956617e+02,5.000000000000000000e-01,1.575113477659372663e+01,1.575113477659381545e+01
6.224399999999956208e+02,5.000000000000000000e-01,1.575666365211566244e+01,1.575666365211575481e+01
6.228599999999955799e+02,5.000000000000000000e-01,1.576215758798983657e+01,1.576215758798992006e+01
6.232799999999955389e+02,5.000000000000000000e-01,1.576761678970432357e+01,1.576761678970441416e+01
6.236999999999954980e+02,5.000000000000000000e-01,1.577304146166004273e+01,1.577304146166012977e+01
6.241199999999954571e+02,5.000000000000000000e-01,1.577843180717901284e+01,1.577843180717909988e+01
6.245399999999954161e+02,5.000000000000000000e-01,1.578378802851243634e+01,1.578378802851252338e+01
6.249599999999953752e+02,5.000000000000000000e-01,1.578911032684838744e+01,1.578911032684847093e+01
6.253799999999953343e+02,5.000000000000000000e-01,1.579439890231921950e+01,1.579439890231931187e+01
6.257999999999952934e+02,5.000000000000000000e-01,1.579965395400876815e+01,1.579965395400886408e+01
6.262199999999952524e+02,5.000000000000000000e-01,1.580487567995914233e+01,1.580487567995923470e+01
6.266399999999952115e+02,5.000000000000000000e-01,1.581006427717741936e+01,1.581006427717750995e+01
6.270599999999951706e+02,5.000000000000000000e-01,1.581521994164203448e+01,1.581521994164212508e+01
6.274799999999951297e+02,5.000000000000000000e-01,1.582034286830905145e+01,1.582034286830914382e+01
6.278999999999950887e+02,5.000000000000000000e-01,1.582543325111804933e+01,1.582543325111814525e+01
6.283199999999950478e+02,5.000000000000000000e-01,1.583049128299805375e+01,1.583049128299814612e+01
6.287399999999950069e+02,5.000000000000000000e-01,1.583551715587312358e+01,1.583551715587321596e+01
6.291599999999949659e+02,5.000000000000000000e-01,1.584051106066783277e+01,1.584051106066792514e+01
6.295799999999949250e+02,5.000000000000000000e-01,1.584547318731264554e+01,1.584547318731273968e+01
6.299999999999948841e+02,5.000000000000000000e-01,1.585040372474908921e+01,1.585040372474917625e+01
6.304199999999948432e+02,4.790000000002578306e-01,1.386914641711103613e+01,1.386914641711112139e+01
6.308399999999948022e+02,4.580000000002598659e-01,1.205509716485880034e+01,1.205509716485887139e+01
6.312599999999947613e+02,4.370000000002619567e-01,1.033747685442728681e+01,1.033747685442735786e+01
6.316799999999947204e+02,4.160000000002639919e-01,8.673149311325301980e+00,8.673149311325355271e+00
6.320999999999946795e+02,3.950000000002660272e-01,7.034912944444710270e+00,7.034912944444752014e+00
6.325199999999946385e+02,3.740000000002680625e-01,5.404942462986897844e+00,5.404942462986939589e+00
6.329399999999945976e+02,3.530000000002700977e-01,3.770989795361218366e+00,3.770989795361247676e+00
6.333599999999945567e+02,3.320000000002721885e-01,2.124133802459210241e+00,2.124133802459232445e+00
6.337799999999945157e+02,3.110000000002741682e-01,4.574257718839750408e-01,4.574257718839890297e-01
6.341999999999944748e+02,2.900000000002762590e-01,-1.234937242483148623e+00,-1.234937242483149067e+00
6.346199999999944339e+02,2.690000000002782943e-01,-2.958124580595271613e+00,-2.958124580595280051e+00
6.350399999999943930e+02,2.500000000000000000e-01,-4.450596397518614467e+00,-4.450596397518633118e+00
6.354599999999943520e+02,2.500000000000000000e-01,-3.434462119053673934e+00,-3.434462119053683260e+00
6.358799999999943111e+02,2.500000000000000000e-01,-2.668030410494090177e+00,-2.668030410494102167e+00
6.362999999999942702e+02,2.500000000000000000e-01,-2.060040215428311505e+00,-2.060040215428315058e+00
6.367199999999942293e+02,2.500000000000000000e-01,-1.554157640579716171e+00,-1.554157640579720168e+00
6.371399999999941883e+02,2.500000000000000000e-01,-1.116016837688889485e+00,-1.116016837688890595e+00
6.375599999999941474e+02,2.500000000000000000e-01,-7.247290437626777715e-01,-7.247290437626756621e-01
6.379799999999941065e+02,2.500000000000000000e-01,-3.675552452324729602e-01,-3.675552452324705177e-01
6.383999999999940655e+02,2.500000000000000000e-01,-3.664524790893151224e-02,-3.664524790892234596e-02
6.388199999999940246e+02,2.500000000000000000e-01,2.729300391501883194e-01,2.729300391501933709e-01
6.392399999999939837e+02,2.500000000000000000e-01,5.643560779293839147e-01,5.643560779293947949e-01
6.396599999999939428e+02,2.500000000000000000e-01,8.397758431967368153e-01,8.397758431967512482e-01
6.400799999999939018e+02,2.500000000000000000e-01,1.100706124253481022e+00,1.100706124253492790e+00
6.404999999999938609e+02,2.500000000000000000e-01,1.348284296297296736e+00,1.348284296297309837e+00
6.409199999999938200e+02,2.500000000000000000e-01,1.583414477364496475e+00,1.583414477364510686e+00
6.413399999999937791e+02,2.500000000000000000e-01,1.806854078666888519e+00,1.806854078666901620e+00
6.417599999999937381e+02,2.500000000000000000e-01,2.019265086239029117e+00,2.019265086239042439e+00
6.421799999999936972e+02,2.500000000000000000e-01,2.221244495561097487e+00,2.221244495561117471e+00
6.425999999999936563e+02,2.500000000000000000e-01,2.413342436243041345e+00,2.413342436243058664e+00
6.430199999999936153e+02,2.500000000000000000e-01,2.596073036725111916e+00,2.596073036725130567e+00
6.434399999999935744e+02,2.500000000000000000e-01,2.769921014257755054e+00,2.769921014257783476e+00
6.438599999999935335e+02,2.500000000000000000e-01,2.935345753570052452e+00,2.935345753570073768e+00
6.442799999999934926e+02,2.500000000000000000e-01,3.092783914813914237e+00,3.092783914813939106e+00
6.446999999999934516e+02,2.500000000000000000e-01,3.242651183890376654e+00,3.242651183890401079e+00
6.451199999999934107e+02,2.500000000000000000e-01,3.385343525533913489e+00,3.385343525533936138e+00
6.455399999999933698e+02,2.500000000000000000e-01,3.521238150188596094e+00,3.521238150188614302e+00
6.459599999999933289e+02,2.500000000000000000e-01,3.650694317529956656e+00,3.650694317529981525e+00
6.463799999999932879e+02,2.500000000000000000e-01,3.774054047489629582e+00,3.774054047489656671e+00
6.467999999999932470e+02,2.500000000000000000e-01,3.891642779045662692e+00,3.891642779045689782e+00
6.472199999999932061e+02,2.500000000000000000e-01,4.003769999106284061e+00,4.003769999106307154e+00
6.476399999999931651e+02,2.500000000000000000e-01,4.110729853363050523e+00,4.110729853363078057e+00
6.480599999999931242e+02,2.500000000000000000e-01,4.212801744959684846e+00,4.212801744959715933e+00
6.484799999999930833e+02,2.500000000000000000e-01,4.310250923400426259e+00,4.310250923400453793e+00
6.488999999999930424e+02,2.500000000000000000e-01,4.403329064235173895e+00,4.403329064235211199e+00
6.493199999999930014e+02,2.500000000000000000e-01,4.492274839070311110e+00,4.492274839070343084e+00
6.497399999999929605e+02,2.500000000000000000e-01,4.577314474988291693e+00,4.577314474988324555e+00
6.501599999999929196e+02,2.500000000000000000e-01,4.658662302293502755e+00,4.658662302293536506e+00
6.505799999999928787e+02,2.500000000000000000e-01,4.736521289502632293e+00,4.736521289502663379e+00
6.509999999999928377e+02,2.500000000000000000e-01,4.811083564590035166e+00,4.811083564590063588e+00
6.514199999999927968e+02,2.500000000000000000e-01,4.882530921633390975e+00,4.882530921633422949e+00
6.518399999999927559e+02,2.500000000000000000e-01,4.951035312158314383e+00,4.951035312158342805e+00
6.522599999999927149e+02,2.500000000000000000e-01,5.016759320635408415e+00,5.016759320635440389e+00
6.526799999999926740e+02,2.500000000000000000e-01,5.079856623732259990e+00,5.079856623732291965e+00
6.530999999999926331e+02,2.500000000000000000e-01,5.140472433060456758e+00,5.140472433060489621e+00
6.535199999999925922e+02,2.500000000000000000e-01,5.198743921282661162e+00,5.198743921282698466e+00
6.539399999999925512e+02,2.500000000000000000e-01,5.254800631555868407e+00,5.254800631555903045e+00
6.543599999999925103e+02,2.500000000000000000e-01,5.308764870384521828e+00,5.308764870384554690e+00
6.547799999999924694e+02,2.500000000000000000e-01,5.360752084041704002e+00,5.360752084041736865e+00
6.551999999999924285e+02,2.500000000000000000e-01,5.410871218788764203e+00,5.410871218788800618e+00
6.556199999999923875e+02,2.500000000000000000e-01,5.459225065185226100e+00,5.459225065185264292e+00
6.560399999999923466e+02,2.500000000000000000e-01,5.505910586831318732e+00,5.505910586831357811e+00
6.564599999999923057e+02,2.500000000000000000e-01,5.551019233927583230e+00,5.551019233927616980e+00
6.568799999999922647e+02,2.500000000000000000e-01,5.594637242069148364e+00,5.594637242069191885e+00
6.572999999999922238e+02,2.500000000000000000e-01,5.636845916718702831e+00,5.636845916718743688e+00
6.577199999999921829e+02,2.500000000000000000e-01,5.677721903821334237e+00,5.677721903821367100e+00
6.581399999999921420e+02,2.500000000000000000e-01,5.717337447039156473e+00,5.717337447039192000e+00
6.585599999999921010e+02,2.500000000000000000e-01,5.755760632091840634e+00,5.755760632091877937e+00
6.589799999999920601e+02,2.500000000000000000e-01,5.793055618694146425e+00,5.793055618694184616e+00
6.593999999999920192e+02,2.500000000000000000e-01,5.829282860582782000e+00,5.829282860582818415e+00
6.598199999999919783e+02,2.500000000000000000e-01,5.864499314122136653e+00,5.864499314122172180e+00
6.602399999999919373e+02,2.500000000000000000e-01,5.898758635974060915e+00,5.898758635974099107e+00
6.606599999999918964e+02,2.500000000000000000e-01,5.932111370309423926e+00,5.932111370309460341e+00
6.610799999999918555e+02,2.500000000000000000e-01,5.964605126029976390e+00,5.964605126030014581e+00
6.614999999999918145e+02,2.500000000000000000e-01,5.996284744458996840e+00,5.996284744459036808e+00
6.619199999999917736e+02,2.500000000000000000e-01,6.027192457946692450e+00,6.027192457946730642e+00
6.623399999999917327e+02,2.500000000000000000e-01,6.057368039824171824e+00,6.057368039824215344e+00
6.627599999999916918e+02,2.500000000000000000e-01,6.086848946125814841e+00,6.086848946125852144e+00
6.631799999999916508e+02,2.500000000000000000e-01,6.115670449485869575e+00,6.115670449485913984e+00
6.635999999999916099e+02,2.500000000000000000e-01,6.143865765601050022e+00,6.143865765601086437e+00
6.640199999999915690e+02,2.500000000000000000e-01,6.171466172635445169e+00,6.171466172635479808e+00
6.644399999999915281e+02,2.500000000000000000e-01,6.198501123930213907e+00,6.198501123930258316e+00
6.648599999999914871e+02,2.500000000000000000e-01,6.224998354365117947e+00,6.224998354365157027e+00
6.652799999999914462e+02,2.500000000000000000e-01,6.250983980704379661e+00,6.250983980704420517e+00
6.656999999999914053e+02,2.500000000000000000e-01,6.276482596245420709e+00,6.276482596245460677e+00
6.661199999999913643e+02,2.500000000000000000e-01,6.301517360074235796e+00,6.301517360074280205e+00
6.665399999999913234e+02,2.500000000000000000e-01,6.326110081217506398e+00,6.326110081217552583e+00
6.669599999999912825e+02,2.500000000000000000e-01,6.350281297968000338e+00,6.350281297968041194e+00
6.673799999999912416e+02,2.500000000000000000e-01,6.374050352646726481e+00,6.374050352646763784e+00
6.677999999999912006e+02,2.500000000000000000e-01,6.397435462052337485e+00,6.397435462052383670e+00
6.682199999999911597e+02,2.500000000000000000e-01,6.420453783836131301e+00,6.420453783836167716e+00
6.686399999999911188e+02,2.500000000000000000e-01,6.443121479028696363e+00,6.443121479028736331e+00
6.690599999999910779e+02,2.500000000000000000e-01,6.465453770933633493e+00,6.465453770933677013e+00
6.694799999999910369e+02,2.500000000000000000e-01,6.487465000591575937e+00,6.487465000591618569e+00
6.698999999999909960e+02,2.500000000000000000e-01,6.509168679008094927e+00,6.509168679008126013e+00
6.703199999999909551e+02,2.500000000000000000e-01,6.530577536328626920e+00,6.530577536328672217e+00
6.707399999999909141e+02,2.500000000000000000e-01,6.551703568133872224e+00,6.551703568133911304e+00
6.711599999999908732e+02,2.500000000000000000e-01,6.572558079019522381e+00,6.572558079019565902e+00
6.715799999999908323e+02,2.500000000000000000e-01,6.593151723616182736e+00,6.593151723616232474e+00
6.719999999999907914e+02,2.500000000000000000e-01,6.613494545196013874e+00,6.613494545196054730e+00
6.724199999999907504e+02,2.500000000000000000e-01,6.633596012005002152e+00,6.633596012005046560e+00
6.728399999999907095e+02,2.500000000000000000e-01,6.653465051452453594e+00,6.653465051452494450e+00
6.732599999999906686e+02,2.500000000000000000e-01,6.673110082281238142e+00,6.673110082281276334e+00
6.736799999999906277e+02,2.500000000000000000e-01,6.692539044836291140e+00,6.692539044836335549e+00
6.740999999999905867e+02,2.500000000000000000e-01,6.711759429541736210e+00,6.711759429541781508e+00
6.745199999999905458e+02,2.500000000000000000e-01,6.730778303690944320e+00,6.730778303690990505e+00
6.749399999999905049e+02,2.500000000000000000e-01,6.749602336648215406e+00,6.749602336648257150e+00
6.753599999999904639e+02,2.500000000000000000e-01,6.768237823554689392e+00,6.768237823554731136e+00
6.757799999999904230e+02,2.500000000000000000e-01,6.786690707626404695e+00,6.786690707626454433e+00
6.761999999999903821e+02,2.500000000000000000e-01,6.804966601126857917e+00,6.804966601126901438e+00
6.766199999999903412e+02,2.500000000000000000e-01,6.823070805092052993e+00,6.823070805092095625e+00
6.770399999999903002e+02,2.500000000000000000e-01,6.841008327881496598e+00,6.841008327881541007e+00
6.774599999999902593e+02,2.500000000000000000e-01,6.858783902624287165e+00,6.858783902624330686e+00
6.778799999999902184e+02,2.500000000000000000e-01,6.876402003625421422e+00,6.876402003625470272e+00
6.782999999999901775e+02,2.500000000000000000e-01,6.893866861793853218e+00,6.893866861793899403e+00
6.787199999999901365e+02,2.500000000000000000e-01,6.911182479150025593e+00,6.911182479150070890e+00
6.791399999999900956e+02,2.500000000000000000e-01,6.928352642467465294e+00,6.928352642467515032e+00
6.795599999999900547e+02,2.500000000000000000e-01,6.945380936099752489e+00,6.945380936099796010e+00
6.799799999999900137e+02,2.500000000000000000e-01,6.962270754041044896e+00,6.962270754041091081e+00
6.803999999999899728e+02,2.500000000000000000e-01,6.979025311265823817e+00,6.979025311265868226e+00
6.808199999999899319e+02,2.500000000000000000e-01,6.995647654390515946e+00,6.995647654390567460e+00
6.812399999999898910e+02,2.500000000000000000e-01,7.012140671697485672e+00,7.012140671697534522e+00
6.816599999999898500e+02,2.500000000000000000e-01,7.028507102559084174e+00,7.028507102559133912e+00
6.820799999999898091e+02,2.500000000000000000e-01,7.044749546297804699e+00,7.044749546297852660e+00
6.824999999999897682e+02,2.500000000000000000e-01,7.060870470515693498e+00,7.060870470515743236e+00
6.829199999999897273e+02,2.500000000000000000e-01,7.076872218925146285e+00,7.076872218925191582e+00
6.833399999999896863e+02,2.500000000000000000e-01,7.092757018710351247e+00,7.092757018710397432e+00
6.837599999999896454e+02,2.500000000000000000e-01,7.108526987447794099e+00,7.108526987447842060e+00
6.841799999999896045e+02,2.500000000000000000e-01,7.124184139611820399e+00,7.124184139611869249e+00
6.845999999999895635e+02,2.500000000000000000e-01,7.139730392690218252e+00,7.139730392690262661e+00
6.850199999999895226e+02,2.500000000000000000e-01,7.155167572933041065e+00,7.155167572933088138e+00
6.854399999999894817e+02,2.500000000000000000e-01,7.170497420756721141e+00,7.170497420756773543e+00
6.858599999999894408e+02,2.500000000000000000e-01,7.185721595823857832e+00,7.185721595823901353e+00
6.862799999999893998e+02,2.500000000000000000e-01,7.200841681818287654e+00,7.200841681818333839e+00
6.866999999999893589e+02,2.500000000000000000e-01,7.215859190933542777e+00,7.215859190933588962e+00
6.871199999999893180e+02,2.500000000000000000e-01,7.230775568091980077e+00,7.230775568092024486e+00
6.875399999999892771e+02,2.500000000000000000e-01,7.245592194910513761e+00,7.245592194910562611e+00
6.879599999999892361e+02,2.500000000000000000e-01,7.260310393428317077e+00,7.260310393428358822e+00
6.883799999999891952e+02,2.500000000000000000e-01,7.274931429610640876e+00,7.274931429610681732e+00
6.887999999999891543e+02,2.500000000000000000e-01,7.289456516642222716e+00,7.289456516642268902e+00
6.892199999999891133e+02,2.500000000000000000e-01,7.303886818022823135e+00,7.303886818022863991e+00
6.896399999999890724e+02,2.500000000000000000e-01,7.318223450476851077e+00,7.318223450476893710e+00
6.900599999999890315e+02,2.500000000000000000e-01,7.332467486688104330e+00,7.332467486688153180e+00
6.904799999999889906e+02,2.500000000000000000e-01,7.346619957870300865e+00,7.346619957870342610e+00
6.908999999999889496e+02,2.500000000000000000e-01,7.360681856182953453e+00,7.360681856183001415e+00
6.913199999999889087e+02,2.500000000000000000e-01,7.374654137002247367e+00,7.374654137002294441e+00
6.917399999999888678e+02,2.500000000000000000e-01,7.388537721055222107e+00,7.388537721055272733e+00
6.921599999999888269e+02,2.500000000000000000e-01,7.402333496425811177e+00,7.402333496425860027e+00
6.925799999999887859e+02,2.500000000000000000e-01,7.416042320440202396e+00,7.416042320440240587e+00
6.929999999999887450e+02,2.500000000000000000e-01,7.429665021438777828e+00,7.429665021438825789e+00
6.934199999999887041e+02,2.500000000000000000e-01,7.443202400441763622e+00,7.443202400441805366e+00
6.938399999999886631e+02,2.500000000000000000e-01,7.456655232714292758e+00,7.456655232714331838e+00
6.942599999999886222e+02,2.500000000000000000e-01,7.470024269237719672e+00,7.470024269237772074e+00
6.946799999999885813e+02,2.500000000000000000e-01,7.483310238092341748e+00,7.483310238092389710e+00
6.950999999999885404e+02,2.500000000000000000e-01,7.496513845756711980e+00,7.496513845756760830e+00
6.955199999999884994e+02,2.500000000000000000e-01,7.509635778329166733e+00,7.509635778329215583e+00
6.959399999999884585e+02,2.500000000000000000e-01,7.522676702675604510e+00,7.522676702675647142e+00
6.963599999999884176e+02,2.500000000000000000e-01,7.535637267508266568e+00,7.535637267508309201e+00
6.967799999999883767e+02,2.500000000000000000e-01,7.548518104399692064e+00,7.548518104399743578e+00
6.971999999999883357e+02,2.500000000000000000e-01,7.561319828735542536e+00,7.561319828735595827e+00
6.976199999999882948e+02,2.500000000000000000e-01,7.574043040610213495e+00,7.574043040610255240e+00
6.980399999999882539e+02,2.500000000000000000e-01,7.586688325668377253e+00,7.586688325668423438e+00
6.984599999999882129e+02,2.500000000000000000e-01,7.599256255896114531e+00,7.599256255896164269e+00
6.988799999999881720e+02,2.500000000000000000e-01,7.611747390364243415e+00,7.611747390364284271e+00
6.992999999999881311e+02,2.500000000000000000e-01,7.624162275926942733e+00,7.624162275926988031e+00
6.997199999999880902e+02,2.500000000000000000e-01,7.636501447878416116e+00,7.636501447878460525e+00
7.001399999999880492e+02,2.500000000000000000e-01,7.648765430569973489e+00,7.648765430570010793e+00
7.005599999999880083e+02,2.500000000000000000e-01,7.660954737989893459e+00,7.660954737989941421e+00
7.009799999999879674e+02,2.500000000000000000e-01,7.673069874308587224e+00,7.673069874308634297e+00
7.013999999999879265e+02,2.500000000000000000e-01,7.685111334390684945e+00,7.685111334390734683e+00
7.018199999999878855e+02,2.500000000000000000e-01,7.697079604276539477e+00,7.697079604276582998e+00
7.022399999999878446e+02,2.500000000000000000e-01,7.708975161634521456e+00,7.708975161634573858e+00
7.026599999999878037e+02,2.500000000000000000e-01,7.720798476186376824e+00,7.720798476186424786e+00
7.030799999999877627e+02,2.500000000000000000e-01,7.732550010106645999e+00,7.732550010106697513e+00
7.034999999999877218e+02,2.500000000000000000e-01,7.744230218398294063e+00,7.744230218398342913e+00
7.039199999999876809e+02,2.500000000000000000e-01,7.755839549245663989e+00,7.755839549245713727e+00
7.043399999999876400e+02,2.500000000000000000e-01,7.767378444346121569e+00,7.767378444346171307e+00
7.047599999999875990e+02,2.500000000000000000e-01,7.778847339221823809e+00,7.778847339221872659e+00
7.051799999999875581e+02,2.500000000000000000e-01,7.790246663512702341e+00,7.790246663512748526e+00
7.055999999999875172e+02,2.500000000000000000e-01,7.801576841251820937e+00,7.801576841251869787e+00
7.060199999999874763e+02,2.500000000000000000e-01,7.812838291124156953e+00,7.812838291124206691e+00
7.064399999999874353e+02,2.500000000000000000e-01,7.824031426709812997e+00,7.824031426709861847e+00
7.068599999999873944e+02,2.500000000000000000e-01,7.835156656712635836e+00,7.835156656712680245e+00
7.072799999999873535e+02,2.500000000000000000e-01,7.846214385175064976e+00,7.846214385175110273e+00
7.076999999999873125e+02,2.500000000000000000e-01,7.857205011680079565e+00,7.857205011680122198e+00
7.081199999999872716e+02,2.500000000000000000e-01,7.868128931540965709e+00,7.868128931541007454e+00
7.085399999999872307e+02,2.500000000000000000e-01,7.878986535979761285e+00,7.878986535979804806e+00
7.089599999999871898e+02,2.500000000000000000e-01,7.889778212294922710e+00,7.889778212294970672e+00
7.093799999999871488e+02,2.500000000000000000e-01,7.900504344018928649e+00,7.900504344018978387e+00
7.097999999999871079e+02,2.500000000000000000e-01,7.911165311066474359e+00,7.911165311066518768e+00
7.102199999999870670e+02,2.500000000000000000e-01,7.921761489873688333e+00,7.921761489873734519e+00
7.106399999999870261e+02,2.500000000000000000e-01,7.932293253529138610e+00,7.932293253529185684e+00
7.110599999999869851e+02,2.500000000000000000e-01,7.942760971896831279e+00,7.942760971896881905e+00
7.114799999999869442e+02,2.500000000000000000e-01,7.953165011731945455e+00,7.953165011731993417e+00
7.118999999999869033e+02,2.500000000000000000e-01,7.963505736789644018e+00,7.963505736789687539e+00
7.123199999999868623e+02,2.500000000000000000e-01,7.973783507927322489e+00,7.973783507927368674e+00
7.127399999999868214e+02,2.500000000000000000e-01,7.983998683200751678e+00,7.983998683200807633e+00
7.131599999999867805e+02,2.500000000000000000e-01,7.994151617954631917e+00,7.994151617954684319e+00
7.135799999999867396e+02,2.500000000000000000e-01,8.004242664907428306e+00,8.004242664907476268e+00
7.139999999999866986e+02,2.500000000000000000e-01,8.014272174231511059e+00,8.014272174231559021e+00
7.144199999999866577e+02,2.500000000000000000e-01,8.024240493628285620e+00,8.024240493628331805e+00
7.148399999999866168e+02,2.500000000000000000e-01,8.034147968398972495e+00,8.034147968399025785e+00
7.152599999999865759e+02,2.500000000000000000e-01,8.043994941511169117e+00,8.043994941511213526e+00
7.156799999999865349e+02,2.500000000000000000e-01,8.053781753661365173e+00,8.053781753661409581e+00
7.160999999999864940e+02,2.500000000000000000e-01,8.063508743333942519e+00,8.063508743333995810e+00
7.165199999999864531e+02,2.500000000000000000e-01,8.073176246856601068e+00,8.073176246856652583e+00
7.169399999999864121e+02,2.500000000000000000e-01,8.082784598452439795e+00,8.082784598452494862e+00
7.173599999999863712e+02,2.500000000000000000e-01,8.092334130289140504e+00,8.092334130289193794e+00
7.177799999999863303e+02,2.500000000000000000e-01,8.101825172525142449e+00,8.101825172525186858e+00
7.181999999999862894e+02,2.500000000000000000e-01,8.111258053353150643e+00,8.111258053353196829e+00
7.186199999999862484e+02,2.500000000000000000e-01,8.120633099041139502e+00,8.120633099041192793e+00
7.190399999999862075e+02,2.500000000000000000e-01,8.129950633970967289e+00,8.129950633971017027e+00
7.194599999999861666e+02,2.500000000000000000e-01,8.139210980674675966e+00,8.139210980674729257e+00
7.198799999999861257e+02,2.500000000000000000e-01,8.148414459868824622e+00,8.148414459868876136e+00
7.202999999999860847e+02,2.500000000000000000e-01,8.157561390486710806e+00,8.157561390486765873e+00
7.207199999999860438e+02,2.500000000000000000e-01,8.166652089708881235e+00,8.166652089708930973e+00
7.211399999999860029e+02,2.500000000000000000e-01,8.175686872991775545e+00,8.175686872991819953e+00
7.215599999999859619e+02,2.500000000000000000e-01,8.184666054094840604e+00,8.184666054094890342e+00
7.219799999999859210e+02,2.500000000000000000e-01,8.193589945106102945e+00,8.193589945106159789e+00
7.223999999999858801e+02,2.500000000000000000e-01,8.202458856466268600e+00,8.202458856466323667e+00
7.228199999999858392e+02,2.500000000000000000e-01,8.211273096991474674e+00,8.211273096991526188e+00
7.232399999999857982e+02,2.500000000000000000e-01,8.220032973894813466e+00,8.220032973894863204e+00
7.236599999999857573e+02,2.500000000000000000e-01,8.228738792806669977e+00,8.228738792806719715e+00
7.240799999999857164e+02,2.500000000000000000e-01,8.237390857793981169e+00,8.237390857794032684e+00
7.244999999999856755e+02,2.500000000000000000e-01,8.245989471378338820e+00,8.245989471378390334e+00
7.249199999999856345e+02,2.500000000000000000e-01,8.254534934553257486e+00,8.254534934553312553e+00
7.253399999999855936e+02,2.500000000000000000e-01,8.263027546800453038e+00,8.263027546800501000e+00
7.257599999999855527e+02,2.500000000000000000e-01,8.271467606105247228e+00,8.271467606105300518e+00
7.261799999999855117e+02,2.500000000000000000e-01,8.279855408971233288e+00,8.279855408971286579e+00
7.265999999999854708e+02,2.500000000000000000e-01,8.288191250434181256e+00,8.288191250434230994e+00
7.270199999999854299e+02,2.500000000000000000e-01,8.296475424075127947e+00,8.296475424075175908e+00
7.274399999999853890e+02,2.500000000000000000e-01,8.304708222032958886e+00,8.304708222033010401e+00
7.278599999999853480e+02,2.500000000000000000e-01,8.312889935016317011e+00,8.312889935016366749e+00
7.282799999999853071e+02,2.500000000000000000e-01,8.321020852314850558e+00,8.321020852314910954e+00
7.286999999999852662e+02,2.500000000000000000e-01,8.329101261810123447e+00,8.329101261810171408e+00
7.291199999999852253e+02,2.500000000000000000e-01,8.337131449985680121e+00,8.337131449985728082e+00
7.295399999999851843e+02,2.500000000000000000e-01,8.345111701937046433e+00,8.345111701937092619e+00
7.299599999999851434e+02,2.500000000000000000e-01,8.353042301380952495e+00,8.353042301381004009e+00
7.303799999999851025e+02,2.500000000000000000e-01,8.360923530664331693e+00,8.360923530664386760e+00
7.307999999999850615e+02,2.500000000000000000e-01,8.368755670772863198e+00,8.368755670772912936e+00
7.312199999999850206e+02,2.500000000000000000e-01,8.376539001339114776e+00,8.376539001339162738e+00
7.316399999999849797e+02,2.500000000000000000e-01,8.384273800650433373e+00,8.384273800650484887e+00
7.320599999999849388e+02,2.500000000000000000e-01,8.391960345656496401e+00,8.391960345656553244e+00
7.324799999999848978e+02,2.500000000000000000e-01,8.399598911976497106e+00,8.399598911976546844e+00
7.328999999999848569e+02,2.500000000000000000e-01,8.407189773906102559e+00,8.407189773906150521e+00
7.333199999999848160e+02,2.500000000000000000e-01,8.414733204424228674e+00,8.414733204424278412e+00
7.337399999999847751e+02,2.500000000000000000e-01,8.422229475199442206e+00,8.422229475199497273e+00
7.341599999999847341e+02,2.500000000000000000e-01,8.429678856596222403e+00,8.429678856596268588e+00
7.345799999999846932e+02,2.500000000000000000e-01,8.437081617680963319e+00,8.437081617681016610e+00
7.349999999999846523e+02,2.500000000000000000e-01,8.444438026227906846e+00,8.444438026227954808e+00
7.354199999999846113e+02,2.290000000007694214e-01,5.676938600167498628e+00,5.676938600167535043e+00
7.358399999999845704e+02,2.080000000007714844e-01,3.130586320156594216e+00,3.130586320156614200e+00
7.362599999999845295e+02,1.870000000007735197e-01,7.031951018472948345e-01,7.031951018473043824e-01
7.366799999999844886e+02,1.660000000007755827e-01,-1.668193730660811225e+00,-1.668193730660816998e+00
7.370999999999844476e+02,1.450000000007776180e-01,-4.024143204672389729e+00,-4.024143204672411933e+00
7.375199999999844067e+02,1.240000000007796532e-01,-6.392158160402506617e+00,-6.392158160402539480e+00
7.379399999999843658e+02,1.030000000007817162e-01,-8.792080866113940019e+00,-8.792080866113993309e+00
7.383599999999843249e+02,8.200000000078375151e-02,-1.123929911432860784e+01,-1.123929911432867712e+01
7.387799999999842839e+02,6.100000000078578677e-02,-1.374669800037524325e+01,-1.374669800037533030e+01
7.391999999999842430e+02,4.000000000078784979e-02,-1.632587533544168323e+01,-1.632587533544178626e+01
7.396199999999842021e+02,1.900000000078988505e-02,-1.898792124304651452e+01,-1.898792124304663531e+01
7.400399999999841611e+02,0.000000000000000000e+00,-2.132921125934360873e+01,-2.132921125934374373e+01
7.404599999999841202e+02,0.000000000000000000e+00,-1.978131252659380124e+01,-1.978131252659392203e+01
7.408799999999840793e+02,0.000000000000000000e+00,-1.861609619138234706e+01,-1.861609619138246074e+01
7.412999999999840384e+02,0.000000000000000000e+00,-1.769430001774419736e+01,-1.769430001774429684e+01
7.417199999999839974e+02,0.000000000000000000e+00,-1.692922580674629174e+01,-1.692922580674639121e+01
7.421399999999839565e+02,0.000000000000000000e+00,-1.626774890741862833e+01,-1.626774890741873136e+01
7.425599999999839156e+02,0.000000000000000000e+00,-1.567752681434296846e+01,-1.567752681434305195e+01
7.429799999999838747e+02,0.000000000000000000e+00,-1.513884869717141157e+01,-1.513884869717150039e+01
7.433999999999838337e+02,0.000000000000000000e+00,-1.463960197806282082e+01,-1.463960197806291852e+01
7.438199999999837928e+02,0.000000000000000000e+00,-1.417221938059763886e+01,-1.417221938059772945e+01
7.442399999999837519e+02,0.000000000000000000e+00,-1.373184657457832714e+01,-1.373184657457841773e+01
7.446599999999837109e+02,0.000000000000000000e+00,-1.331524920787740562e+01,-1.331524920787748911e+01
7.450799999999836700e+02,0.000000000000000000e+00,-1.292016337321368091e+01,-1.292016337321375552e+01
7.454999999999836291e+02,0.000000000000000000e+00,-1.254491046130036480e+01,-1.254491046130044118e+01
7.459199999999835882e+02,0.000000000000000000e+00,-1.218816909520864300e+01,-1.218816909520871761e+01
7.463399999999835472e+02,0.000000000000000000e+00,-1.184884018916364923e+01,-1.184884018916372028e+01
7.467599999999835063e+02,0.000000000000000000e+00,-1.152596713434273745e+01,-1.152596713434280673e+01
7.471799999999834654e+02,0.000000000000000000e+00,-1.121868858011397307e+01,-1.121868858011404413e+01
7.475999999999834245e+02,0.000000000000000000e+00,-1.092621046568410392e+01,-1.092621046568417498e+01
7.480199999999833835e+02,0.000000000000000000e+00,-1.064778940430774057e+01,-1.064778940430779564e+01
7.484399999999833426e+02,0.000000000000000000e+00,-1.038272274889607161e+01,-1.038272274889613378e+01
7.488599999999833017e+02,0.000000000000000000e+00,-1.013034257812918071e+01,-1.013034257812924999e+01
7.492799999999832608e+02,0.000000000000000000e+00,-9.890011972728897760e+00,-9.890011972728958156e+00
7.496999999999832198e+02,0.000000000000000000e+00,-9.661122620511905623e+00,-9.661122620511971348e+00
7.501199999999831789e+02,0.000000000000000000e+00,-9.443093184610015456e+00,-9.443093184610068747e+00
7.505399999999831380e+02,0.000000000000000000e+00,-9.235368103326004885e+00,-9.235368103326063505e+00
7.509599999999830970e+02,0.000000000000000000e+00,-9.037416628484512771e+00,-9.037416628484564285e+00
7.513799999999830561e+02,0.000000000000000000e+00,-8.848731990880724041e+00,-8.848731990880782661e+00
7.517999999999830152e+02,0.000000000000000000e+00,-8.668830629639682428e+00,-8.668830629639742824e+00
7.522199999999829743e+02,0.000000000000000000e+00,-8.497251450644979442e+00,-8.497251450645030957e+00
7.526399999999829333e+02,0.000000000000000000e+00,-8.333555095781896682e+00,-8.333555095781953526e+00
7.530599999999828924e+02,0.000000000000000000e+00,-8.177323214357578252e+00,-8.177323214357626213e+00
7.534799999999828515e+02,0.000000000000000000e+00,-8.028157733553133113e+00,-8.028157733553186404e+00
7.538999999999828106e+02,0.000000000000000000e+00,-7.885680127816774743e+00,-7.885680127816820040e+00
7.543199999999827696e+02,0.000000000000000000e+00,-7.749530688720572158e+00,-7.749530688720621008e+00
7.547399999999827287e+02,0.000000000000000000e+00,-7.619367797574231105e+00,-7.619367797574282619e+00
7.551599999999826878e+02,0.000000000000000000e+00,-7.494867203367806319e+00,-7.494867203367859609e+00
7.555799999999826468e+02,0.000000000000000000e+00,-7.375721308614881622e+00,-7.375721308614926031e+00
7.559999999999826059e+02,0.000000000000000000e+00,-7.261638465511968121e+00,-7.261638465512007201e+00
7.564199999999825650e+02,0.000000000000000000e+00,-7.152342284595307298e+00,-7.152342284595352595e+00
7.568399999999825241e+02,0.000000000000000000e+00,-7.047570957804989433e+00,-7.047570957805032954e+00
7.572599999999824831e+02,0.000000000000000000e+00,-6.947076597587117597e+00,-6.947076597587164670e+00
7.576799999999824422e+02,0.000000000000000000e+00,-6.850624593391423822e+00,-6.850624593391469119e+00
7.580999999999824013e+02,0.000000000000000000e+00,-6.757992986662085144e+00,-6.757992986662131329e+00
7.585199999999823604e+02,0.000000000000000000e+00,-6.668971865180979286e+00,-6.668971865181023695e+00
7.589399999999823194e+02,0.000000000000000000e+00,-6.583362777402948396e+00,-6.583362777402989252e+00
7.593599999999822785e+02,0.000000000000000000e+00,-6.500978167227673410e+00,-6.500978167227709825e+00
7.597799999999822376e+02,0.000000000000000000e+00,-6.421640829476625179e+00,-6.421640829476662482e+00
7.601999999999821966e+02,0.000000000000000000e+00,-6.345183386189820141e+00,-6.345183386189863661e+00
7.606199999999821557e+02,0.000000000000000000e+00,-6.271447783722612357e+00,-6.271447783722657654e+00
7.610399999999821148e+02,0.000000000000000000e+00,-6.200284810505197086e+00,-6.200284810505239719e+00
7.614599999999820739e+02,0.000000000000000000e+00,-6.131553635228385701e+00,-6.131553635228423893e+00
7.618799999999820329e+02,0.000000000000000000e+00,-6.065121365133434139e+00,-6.065121365133467890e+00
7.622999999999819920e+02,0.000000000000000000e+00,-6.000862624013161728e+00,-6.000862624013199920e+00
7.627199999999819511e+02,0.000000000000000000e+00,-5.938659149472606202e+00,-5.938659149472642618e+00
7.631399999999819102e+02,0.000000000000000000e+00,-5.878399408949547933e+00,-5.878399408949578131e+00
7.635599999999818692e+02,0.000000000000000000e+00,-5.819978233957876057e+00,-5.819978233957916025e+00
7.639799999999818283e+02,0.000000000000000000e+00,-5.763296471987430891e+00,-5.763296471987461089e+00
7.643999999999817874e+02,0.000000000000000000e+00,-5.708260655472252587e+00,-5.708260655472284562e+00
7.648199999999817464e+02,0.000000000000000000e+00,-5.654782687225292648e+00,-5.654782687225322846e+00
7.652399999999817055e+02,0.000000000000000000e+00,-5.602779541727979762e+00,-5.602779541728018842e+00
7.656599999999816646e+02,0.000000000000000000e+00,-5.552172981659829532e+00,-5.552172981659865947e+00
7.660799999999816237e+02,0.000000000000000000e+00,-5.502889289053521260e+00,-5.502889289053547905e+00
7.664999999999815827e+02,0.000000000000000000e+00,-5.454859010465511915e+00,-5.454859010465546554e+00
7.669199999999815418e+02,0.000000000000000000e+00,-5.408016715559534227e+00,-5.408016715559565313e+00
7.673399999999815009e+02,0.000000000000000000e+00,-5.362300768509935978e+00,-5.362300768509973281e+00
7.677599999999814600e+02,0.000000000000000000e+00,-5.317653111645012309e+00,-5.317653111645041619e+00
7.681799999999814190e+02,0.000000000000000000e+00,-5.274019060763079025e+00,-5.274019060763099453e+00
7.685999999999813781e+02,0.000000000000000000e+00,-5.231347111570718411e+00,-5.231347111570751274e+00
7.690199999999813372e+02,0.000000000000000000e+00,-5.189588756708265471e+00,-5.189588756708292117e+00
7.694399999999812962e+02,0.000000000000000000e+00,-5.148698312844562253e+00,-5.148698312844595115e+00
7.698599999999812553e+02,0.000000000000000000e+00,-5.108632757342235209e+00,-5.108632757342265407e+00
7.702799999999812144e+02,0.000000000000000000e+00,-5.069351574010933170e+00,-5.069351574010966033e+00
7.706999999999811735e+02,0.000000000000000000e+00,-5.030816607486415570e+00,-5.030816607486449321e+00
7.711199999999811325e+02,0.000000000000000000e+00,-4.992991925790228436e+00,-4.992991925790263075e+00
7.715399999999810916e+02,0.000000000000000000e+00,-4.955843690644120336e+00,-4.955843690644148758e+00
7.719599999999810507e+02,0.000000000000000000e+00,-4.919340035130884914e+00,-4.919340035130911559e+00
7.723799999999810098e+02,0.000000000000000000e+00,-4.883450948311916839e+00,-4.883450948311935491e+00
7.727999999999809688e+02,0.000000000000000000e+00,-4.848148166428637218e+00,-4.848148166428662087e+00
7.732199999999809279e+02,0.000000000000000000e+00,-4.813405070332807512e+00,-4.813405070332834157e+00
7.736399999999808870e+02,0.000000000000000000e+00,-4.779196588806851054e+00,-4.779196588806880364e+00
7.740599999999808460e+02,0.000000000000000000e+00,-4.745499107452213039e+00,-4.745499107452239684e+00
7.744799999999808051e+02,0.000000000000000000e+00,-4.712290382839122493e+00,-4.712290382839146474e+00
7.748999999999807642e+02,0.000000000000000000e+00,-4.679549461626031359e+00,-4.679549461626065110e+00
7.753199999999807233e+02,0.000000000000000000e+00,-4.647256604372926425e+00,-4.647256604372954847e+00
7.757399999999806823e+02,0.000000000000000000e+00,-4.615393213784622084e+00,-4.615393213784649618e+00
7.761599999999806414e+02,0.000000000000000000e+00,-4.583941767136380463e+00,-4.583941767136412437e+00
7.765799999999806005e+02,0.000000000000000000e+00,-4.552885752644749040e+00,-4.552885752644785455e+00
7.769999999999805596e+02,0.000000000000000000e+00,-4.522209609560379207e+00,-4.522209609560404076e+00
7.774199999999805186e+02,0.000000000000000000e+00,-4.491898671771036078e+00,-4.491898671771072493e+00
7.778399999999804777e+02,0.000000000000000000e+00,-4.461939114714565058e+00,-4.461939114714594368e+00
7.782599999999804368e+02,0.000000000000000000e+00,-4.432317905411667702e+00,-4.432317905411695236e+00
7.786799999999803958e+02,0.000000000000000000e+00,-4.403022755439875091e+00,-4.403022755439899960e+00
7.790999999999803549e+02,0.000000000000000000e+00,-4.374042076678874125e+00,-4.374042076678895441e+00
7.795199999999803140e+02,0.000000000000000000e+00,-4.345364939667067716e+00,-4.345364939667101467e+00
7.799399999999802731e+02,0.000000000000000000e+00,-4.316981034418388319e+00,-4.316981034418416741e+00
7.803599999999802321e+02,0.000000000000000000e+00,-4.288880633556000355e+00,-4.288880633556029665e+00
7.807799999999801912e+02,0.000000000000000000e+00,-4.261054557628931150e+00,-4.261054557628961348e+00
7.811999999999801503e+02,0.000000000000000000e+00,-4.233494142483550604e+00,-4.233494142483571032e+00
7.816199999999801094e+02,0.000000000000000000e+00,-4.206191208570115414e+00,-4.206191208570145612e+00
7.820399999999800684e+02,0.000000000000000000e+00,-4.179138032071604059e+00,-4.179138032071636033e+00
7.824599999999800275e+02,0.000000000000000000e+00,-4.152327317747317892e+00,-4.152327317747346314e+00
7.828799999999799866e+02,0.000000000000000000e+00,-4.125752173390989874e+00,-4.125752173391009414e+00
7.832999999999799456e+02,0.000000000000000000e+00,-4.099406085808452005e+00,-4.099406085808471545e+00
7.837199999999799047e+02,0.000000000000000000e+00,-4.073282898225380144e+00,-4.073282898225400572e+00
7.841399999999798638e+02,0.000000000000000000e+00,-4.047376789040626477e+00,-4.047376789040650458e+00
7.845599999999798229e+02,0.000000000000000000e+00,-4.021682251846042888e+00,-4.021682251846074863e+00
7.849799999999797819e+02,0.000000000000000000e+00,-3.996194076637710424e+00,-3.996194076637736181e+00
7.853999999999797410e+02,0.000000000000000000e+00,-3.970907332148090774e+00,-3.970907332148111646e+00
7.858199999999797001e+02,0.000000000000000000e+00,-3.945817349233028182e+00,-3.945817349233053495e+00
7.862399999999796592e+02,0.000000000000000000e+00,-3.920919705250663689e+00,-3.920919705250689002e+00
7.866599999999796182e+02,0.000000000000000000e+00,-3.896210209373842659e+00,-3.896210209373869748e+00
7.870799999999795773e+02,0.000000000000000000e+00,-3.871684888780120737e+00,-3.871684888780145162e+00
7.874999999999795364e+02,0.000000000000000000e+00,-3.847339975667803280e+00,-3.847339975667824596e+00
7.879199999999794954e+02,0.000000000000000000e+00,-3.823171895048368185e+00,-3.823171895048390390e+00
7.883399999999794545e+02,0.000000000000000000e+00,-3.799177253269389265e+00,-3.799177253269408361e+00
7.887599999999794136e+02,0.000000000000000000e+00,-3.775352827224453200e+00,-3.775352827224479846e+00
7.891799999999793727e+02,0.000000000000000000e+00,-3.751695554208978045e+00,-3.751695554208998473e+00
7.895999999999793317e+02,0.000000000000000000e+00,-3.728202522383596840e+00,-3.728202522383619488e+00
7.900199999999792908e+02,0.000000000000000000e+00,-3.704870961808875762e+00,-3.704870961808893082e+00
7.904399999999792499e+02,0.000000000000000000e+00,-3.681698236017073800e+00,-3.681698236017096448e+00
7.908599999999792090e+02,0.000000000000000000e+00,-3.658681834089269280e+00,-3.658681834089287044e+00
7.912799999999791680e+02,0.000000000000000000e+00,-3.635819363207209332e+00,-3.635819363207224431e+00
7.916999999999791271e+02,0.000000000000000000e+00,-3.613108541651822492e+00,-3.613108541651837591e+00
7.921199999999790862e+02,0.000000000000000000e+00,-3.590547192221804629e+00,-3.590547192221830386e+00
7.925399999999790452e+02,0.000000000000000000e+00,-3.568133236046784340e+00,-3.568133236046804768e+00
7.929599999999790043e+02,0.000000000000000000e+00,-3.545864686771657226e+00,-3.545864686771684315e+00
7.933799999999789634e+02,0.000000000000000000e+00,-3.523739645090179451e+00,-3.523739645090202099e+00
7.937999999999789225e+02,0.000000000000000000e+00,-3.501756293606280046e+00,-3.501756293606303139e+00
7.942199999999788815e+02,0.000000000000000000e+00,-3.479912892004100478e+00,-3.479912892004118241e+00
7.946399999999788406e+02,0.000000000000000000e+00,-3.458207772507913447e+00,-3.458207772507937428e+00
7.950599999999787997e+02,0.000000000000000000e+00,-3.436639335614721791e+00,-3.436639335614735558e+00
7.954799999999787588e+02,0.000000000000000000e+00,-3.415206046083000491e+00,-3.415206046083020475e+00
7.958999999999787178e+02,0.000000000000000000e+00,-3.393906429162556471e+00,-3.393906429162575566e+00
7.963199999999786769e+02,0.000000000000000000e+00,-3.372739067050745110e+00,-3.372739067050761985e+00
7.967399999999786360e+02,0.000000000000000000e+00,-3.351702595561594222e+00,-3.351702595561621312e+00
7.971599999999785950e+02,0.000000000000000000e+00,-3.330795700995325070e+00,-3.330795700995341502e+00
7.975799999999785541e+02,0.000000000000000000e+00,-3.310017117195507730e+00,-3.310017117195519276e+00
7.979999999999785132e+02,0.000000000000000000e+00,-3.289365622783681609e+00,-3.289365622783702481e+00
7.984199999999784723e+02,0.000000000000000000e+00,-3.268840038559848171e+00,-3.268840038559865491e+00
7.988399999999784313e+02,0.000000000000000000e+00,-3.248439225059242652e+00,-3.248439225059260416e+00
7.992599999999783904e+02,0.000000000000000000e+00,-3.228162080256281818e+00,-3.228162080256293809e+00
7.996799999999783495e+02,0.000000000000000000e+00,-3.208007537406279308e+00,-3.208007537406299736e+00
8.000999999999783086e+02,0.000000000000000000e+00,-3.187974563017216934e+00,-3.187974563017235141e+00
8.005199999999782676e+02,0.000000000000000000e+00,-3.168062154943318998e+00,-3.168062154943334541e+00
8.009399999999782267e+02,0.000000000000000000e+00,-3.148269340593484511e+00,-3.148269340593506715e+00
8.013599999999781858e+02,0.000000000000000000e+00,-3.128595175247431470e+00,-3.128595175247454119e+00
8.017799999999781448e+02,0.000000000000000000e+00,-3.109038740473123230e+00,-3.109038740473143214e+00
8.021999999999781039e+02,0.000000000000000000e+00,-3.089599142639539053e+00,-3.089599142639563034e+00
8.026199999999780630e+02,0.000000000000000000e+00,-3.070275511518950839e+00,-3.070275511518970823e+00
8.030399999999780221e+02,0.000000000000000000e+00,-3.051066998973224198e+00,-3.051066998973251732e+00
8.034599999999779811e+02,0.000000000000000000e+00,-3.031972777719401879e+00,-3.031972777719424528e+00
8.038799999999779402e+02,0.000000000000000000e+00,-3.012992040169415908e+00,-3.012992040169436780e+00
8.042999999999778993e+02,0.000000000000000000e+00,-2.994123997339858789e+00,-2.994123997339877441e+00
8.047199999999778584e+02,0.000000000000000000e+00,-2.975367877827296503e+00,-2.975367877827309826e+00
8.051399999999778174e+02,0.000000000000000000e+00,-2.956722926845397392e+00,-2.956722926845413824e+00
8.055599999999777765e+02,0.000000000000000000e+00,-2.938188405320045327e+00,-2.938188405320058649e+00
8.059799999999777356e+02,0.000000000000000000e+00,-2.919763589038921303e+00,-2.919763589038937290e+00
8.063999999999776946e+02,0.000000000000000000e+00,-2.901447767852435078e+00,-2.901447767852456394e+00
8.068199999999776537e+02,0.000000000000000000e+00,-2.883240244922853357e+00,-2.883240244922868456e+00
8.072399999999776128e+02,0.000000000000000000e+00,-2.865140336018455081e+00,-2.865140336018470180e+00
8.076599999999775719e+02,0.000000000000000000e+00,-2.847147368850617699e+00,-2.847147368850630134e+00
8.080799999999775309e+02,0.000000000000000000e+00,-2.829260682450551734e+00,-2.829260682450579267e+00
8.084999999999774900e+02,0.000000000000000000e+00,-2.811479626583907709e+00,-2.811479626583929026e+00
8.089199999999774491e+02,0.000000000000000000e+00,-2.793803561200435492e+00,-2.793803561200458141e+00
8.093399999999774082e+02,0.000000000000000000e+00,-2.776231855917091096e+00,-2.776231855917109748e+00
8.097599999999773672e+02,0.000000000000000000e+00,-2.758763889532169777e+00,-2.758763889532188429e+00
8.101799999999773263e+02,0.000000000000000000e+00,-2.741399049568886248e+00,-2.741399049568901347e+00
8.105999999999772854e+02,0.000000000000000000e+00,-2.724136731846429793e+00,-2.724136731846449333e+00
8.110199999999772444e+02,0.000000000000000000e+00,-2.706976340076988841e+00,-2.706976340077009269e+00
8.114399999999772035e+02,0.000000000000000000e+00,-2.689917285487060994e+00,-2.689917285487082310e+00
8.118599999999771626e+02,0.000000000000000000e+00,-2.672958986461695829e+00,-2.672958986461714481e+00
8.122799999999771217e+02,0.000000000000000000e+00,-2.656100868210205412e+00,-2.656100868210226285e+00
8.126999999999770807e+02,0.000000000000000000e+00,-2.639342362452020474e+00,-2.639342362452037349e+00
8.131199999999770398e+02,0.000000000000000000e+00,-2.622682907121705931e+00,-2.622682907121722362e+00
8.135399999999769989e+02,0.000000000000000000e+00,-2.606121946091621844e+00,-2.606121946091640496e+00
8.139599999999769580e+02,0.000000000000000000e+00,-2.589658928911488633e+00,-2.589658928911511282e+00
8.143799999999769170e+02,0.000000000000000000e+00,-2.573293310563642411e+00,-2.573293310563657066e+00
8.147999999999768761e+02,0.000000000000000000e+00,-2.557024551233098464e+00,-2.557024551233114451e+00
8.152199999999768352e+02,0.000000000000000000e+00,-2.540852116091551149e+00,-2.540852116091564472e+00
8.156399999999767942e+02,0.000000000000000000e+00,-2.524775475094509947e+00,-2.524775475094521937e+00
8.160599999999767533e+02,0.000000000000000000e+00,-2.508794102790547598e+00,-2.508794102790554703e+00
8.164799999999767124e+02,0.000000000000000000e+00,-2.492907478142232236e+00,-2.492907478142257993e+00
8.168999999999766715e+02,0.000000000000000000e+00,-2.477115084357948582e+00,-2.477115084357967234e+00
8.173199999999766305e+02,0.000000000000000000e+00,-2.461416408733700489e+00,-2.461416408733713368e+00
8.177399999999765896e+02,0.000000000000000000e+00,-2.445810942504671903e+00,-2.445810942504689667e+00
8.181599999999765487e+02,0.000000000000000000e+00,-2.430298180705765088e+00,-2.430298180705779298e+00
8.185799999999765078e+02,0.000000000000000000e+00,-2.414877622040500160e+00,-2.414877622040520588e+00
8.189999999999764668e+02,0.000000000000000000e+00,-2.399548768758005934e+00,-2.399548768758023698e+00
8.194199999999764259e+02,0.000000000000000000e+00,-2.384311126537201453e+00,-2.384311126537213887e+00
8.198399999999763850e+02,0.000000000000000000e+00,-2.369164204378302774e+00,-2.369164204378323646e+00
8.202599999999763440e+02,0.000000000000000000e+00,-2.354107514500779263e+00,-2.354107514500789033e+00
8.206799999999763031e+02,0.000000000000000000e+00,-2.339140572247286443e+00,-2.339140572247298877e+00
8.210999999999762622e+02,0.000000000000000000e+00,-2.324262895993872036e+00,-2.324262895993882694e+00
8.215199999999762213e+02,0.000000000000000000e+00,-2.309474007065163814e+00,-2.309474007065178913e+00
8.219399999999761803e+02,0.000000000000000000e+00,-2.294773429654951791e+00,-2.294773429654965557e+00
8.223599999999761394e+02,0.000000000000000000e+00,-2.280160690751539043e+00,-2.280160690751554142e+00
8.227799999999760985e+02,0.000000000000000000e+00,-2.265635320067531655e+00,-2.265635320067543201e+00
8.231999999999760576e+02,0.000000000000000000e+00,-2.251196849973945202e+00,-2.251196849973954084e+00
8.236199999999760166e+02,0.000000000000000000e+00,-2.236844815438332024e+00,-2.236844815438350231e+00
8.240399999999759757e+02,0.000000000000000000e+00,-2.222578753966549581e+00,-2.222578753966557574e+00
8.244599999999759348e+02,0.000000000000000000e+00,-2.208398205548020243e+00,-2.208398205548033122e+00
8.248799999999758938e+02,0.000000000000000000e+00,-2.194302712604497607e+00,-2.194302712604510930e+00
8.252999999999758529e+02,0.000000000000000000e+00,-2.180291819941701625e+00,-2.180291819941717169e+00
8.257199999999758120e+02,0.000000000000000000e+00,-2.166365074703966886e+00,-2.166365074703975324e+00
8.261399999999757711e+02,0.000000000000000000e+00,-2.152522026331579852e+00,-2.152522026331590066e+00
8.265599999999757301e+02,0.000000000000000000e+00,-2.138762226520741550e+00,-2.138762226520755760e+00
8.269799999999756892e+02,0.000000000000000000e+00,-2.125085229185838642e+00,-2.125085229185847524e+00
8.273999999999756483e+02,0.000000000000000000e+00,-2.111490590424008218e+00,-2.111490590424016212e+00
8.278199999999756074e+02,0.000000000000000000e+00,-2.097977868481892383e+00,-2.097977868481907038e+00
8.282399999999755664e+02,0.000000000000000000e+00,-2.084546623724263803e+00,-2.084546623724286007e+00
8.286599999999755255e+02,0.000000000000000000e+00,-2.071196418604602130e+00,-2.071196418604612344e+00
8.290799999999754846e+02,0.000000000000000000e+00,-2.057926817637230066e+00,-2.057926817637247829e+00
8.294999999999754436e+02,0.000000000000000000e+00,-2.044737387371460269e+00,-2.044737387371469595e+00
8.299199999999754027e+02,0.000000000000000000e+00,-2.031627696366821390e+00,-2.031627696366837821e+00
8.303399999999753618e+02,0.000000000000000000e+00,-2.018597315170118645e+00,-2.018597315170135076e+00
8.307599999999753209e+02,0.000000000000000000e+00,-2.005645816293586847e+00,-2.005645816293600170e+00
8.311799999999752799e+02,0.000000000000000000e+00,-1.992772774194375485e+00,-1.992772774194391472e+00
8.315999999999752390e+02,0.000000000000000000e+00,-1.979977765255282574e+00,-1.979977765255294120e+00
8.320199999999751981e+02,0.000000000000000000e+00,-1.967260367766574980e+00,-1.967260367766587859e+00
8.324399999999751572e+02,0.000000000000000000e+00,-1.954620161908702247e+00,-1.954620161908714238e+00
8.328599999999751162e+02,0.000000000000000000e+00,-1.942056729736234777e+00,-1.942056729736244769e+00
8.332799999999750753e+02,0.000000000000000000e+00,-1.929569655162523656e+00,-1.929569655162534314e+00
8.336999999999750344e+02,0.000000000000000000e+00,-1.917158523945248438e+00,-1.917158523945262427e+00
8.341199999999749934e+02,0.000000000000000000e+00,-1.904822923672840229e+00,-1.904822923672852664e+00
8.345399999999749525e+02,0.000000000000000000e+00,-1.892562443751579337e+00,-1.892562443751593326e+00
8.349599999999749116e+02,0.000000000000000000e+00,-1.880376675393332864e+00,-1.880376675393343966e+00
8.353799999999748707e+02,0.000000000000000000e+00,-1.868265211604156262e+00,-1.868265211604167364e+00
8.357999999999748297e+02,0.000000000000000000e+00,-1.856227647173217088e+00,-1.856227647173227302e+00
8.362199999999747888e+02,0.000000000000000000e+00,-1.844263578662568293e+00,-1.844263578662581393e+00
8.366399999999747479e+02,0.000000000000000000e+00,-1.832372604397221050e+00,-1.832372604397228599e+00
8.370599999999747070e+02,0.000000000000000000e+00,-1.820554324455859296e+00,-1.820554324455874617e+00
8.374799999999746660e+02,0.000000000000000000e+00,-1.808808340662005465e+00,-1.808808340662015679e+00
8.378999999999746251e+02,0.000000000000000000e+00,-1.797134256575508182e+00,-1.797134256575518396e+00
8.383199999999745842e+02,0.000000000000000000e+00,-1.785531677484546886e+00,-1.785531677484558877e+00
8.387399999999745432e+02,0.000000000000000000e+00,-1.774000210398026134e+00,-1.774000210398037236e+00
8.391599999999745023e+02,0.000000000000000000e+00,-1.762539464038142434e+00,-1.762539464038148651e+00
8.395799999999744614e+02,0.000000000000000000e+00,-1.751149048833497979e+00,-1.751149048833511745e+00
8.399999999999744205e+02,0.000000000000000000e+00,-1.739828576912422431e+00,-1.739828576912433755e+00
