$MeshFormat
2.2 0 8
$EndMeshFormat
$PhysicalNames
4
2 1 "top"
2 2 "bottom"
2 3 "lateral"
3 1 "domain"
$EndPhysicalNames
$Nodes
7701
1 22.5 19.3 0
2 22.5 0 0
3 20.40699352291509 17.41382224155898 0
4 18.82054894447458 15.08540298182638 0
5 17.83103304669078 12.44737323643113 0
6 17.49481046319035 9.649999999999993 0
7 17.83103304669079 6.852626763568853 0
8 18.82054894447458 4.214597018173603 0
9 20.40699352291509 1.886177758441016 0
10 21.39702399683723 18.41957640330669 0
11 19.54405761725342 16.29711126915512 0
12 18.24680754229658 13.79601453120564 0
13 17.57916750663116 11.05875322977064 0
14 17.57916750663117 8.241246770229344 0
15 18.24680754229659 5.503985468794347 0
16 19.54405761725342 3.002888730844878 0
17 21.39702399683723 0.8804235966933138 0
18 22.30750938091074 19.3 -2.936839324951156
19 21.73333109150404 19.3 -5.823428514806708
20 20.78728948150396 19.3 -8.610377228214505
21 19.48557158514988 19.3 -11.24999999999998
22 17.85045015655281 19.3 -13.6971321526962
23 15.90990257669734 19.3 -15.9099025766973
24 13.69713215269624 19.3 -17.85045015655277
25 11.25000000000003 19.3 -19.48557158514985
26 8.610377228214553 19.3 -20.78728948150394
27 5.823428514806755 19.3 -21.73333109150403
28 2.936839324951204 19.3 -22.30750938091073
29 4.634176014635961e-14 19.3 -22.5
30 -2.936839324951117 19.3 -22.30750938091074
31 -5.82342851480667 19.3 -21.73333109150405
32 -8.610377228214473 19.3 -20.78728948150397
33 -11.24999999999995 19.3 -19.48557158514989
34 -13.69713215269616 19.3 -17.85045015655284
35 -15.90990257669727 19.3 -15.90990257669737
36 -17.85045015655274 19.3 -13.69713215269628
37 -19.48557158514982 19.3 -11.25000000000009
38 -20.7872894815039 19.3 -8.610377228214633
39 -21.73333109150401 19.3 -5.823428514806839
40 -22.30750938091072 19.3 -2.936839324951289
41 -22.5 19.3 -1.526355636224777e-13
42 -22.30750938091075 19.3 2.936839324950996
43 -21.73333109150408 19.3 5.823428514806544
44 -20.78728948150402 19.3 8.61037722821435
45 -19.48557158514997 19.3 11.24999999999982
46 -17.85045015655293 19.3 13.69713215269604
47 -15.90990257669748 19.3 15.90990257669716
48 -13.69713215269639 19.3 17.85045015655265
49 -11.25000000000022 19.3 19.48557158514974
50 -8.610377228214753 19.3 20.78728948150385
51 -5.823428514806946 19.3 21.73333109150397
52 -2.93683932495136 19.3 22.30750938091071
53 -2.039733273796505e-13 19.3 22.5
54 2.936839324950975 19.3 22.30750938091076
55 5.823428514806571 19.3 21.73333109150407
56 8.610377228214395 19.3 20.787289481504
57 11.24999999999988 19.3 19.48557158514994
58 13.69713215269612 19.3 17.85045015655287
59 15.90990257669725 19.3 15.90990257669739
60 17.85045015655274 19.3 13.69713215269628
61 19.48557158514983 19.3 11.25000000000006
62 20.78728948150393 19.3 8.610377228214571
63 21.73333109150403 19.3 5.823428514806736
64 22.30750938091073 19.3 2.936839324951183
65 22.45182577286858 19.3 -1.471570407678217
66 22.06766880907269 19.3 -4.389532245362879
67 21.30592791363988 19.3 -7.232387969321125
68 20.17963668448549 19.3 -9.951495529927513
69 18.70806627680728 19.3 -12.50033024294103
70 16.91639566827701 19.3 -14.83528083975153
71 14.83528083975157 19.3 -16.91639566827697
72 12.50033024294108 19.3 -18.70806627680724
73 9.951495529927564 19.3 -20.17963668448547
74 7.232387969321171 19.3 -21.30592791363987
75 4.389532245362926 19.3 -22.06766880907268
76 1.471570407678264 19.3 -22.45182577286858
77 -1.471570407678171 19.3 -22.45182577286858
78 -4.38953224536284 19.3 -22.0676688090727
79 -7.232387969321088 19.3 -21.30592791363989
80 -9.951495529927481 19.3 -20.17963668448551
81 -12.50033024294099 19.3 -18.7080662768073
82 -14.8352808397515 19.3 -16.91639566827704
83 -16.91639566827694 19.3 -14.8352808397516
84 -18.70806627680721 19.3 -12.50033024294113
85 -20.17963668448544 19.3 -9.951495529927628
86 -21.30592791363984 19.3 -7.232387969321253
87 -22.06766880907266 19.3 -4.389532245363011
88 -22.45182577286857 19.3 -1.47157040767836
89 -22.45182577286859 19.3 1.471570407678055
90 -22.06766880907272 19.3 4.389532245362712
91 -21.30592791363993 19.3 7.232387969320963
92 -20.17963668448557 19.3 9.951495529927355
93 -18.70806627680738 19.3 12.50033024294088
94 -16.91639566827714 19.3 14.83528083975138
95 -14.83528083975172 19.3 16.91639566827685
96 -12.50033024294125 19.3 18.70806627680713
97 -9.951495529927763 19.3 20.17963668448537
98 -7.232387969321368 19.3 21.3059279136398
99 -4.38953224536311 19.3 22.06766880907264
100 -1.471570407678431 19.3 22.45182577286857
101 1.471570407678024 19.3 22.45182577286859
102 4.38953224536271 19.3 22.06766880907272
103 7.232387969321 19.3 21.30592791363992
104 9.951495529927397 19.3 20.17963668448555
105 12.50033024294094 19.3 18.70806627680734
106 14.83528083975146 19.3 16.91639566827707
107 16.91639566827693 19.3 14.83528083975162
108 18.70806627680722 19.3 12.50033024294112
109 20.17963668448546 19.3 9.951495529927586
110 21.30592791363986 19.3 7.232387969321179
111 22.06766880907268 19.3 4.389532245362916
112 22.45182577286858 19.3 1.471570407678233
113 22.30750938091074 0 -2.936839324951156
114 21.73333109150404 0 -5.823428514806708
115 20.78728948150396 0 -8.610377228214505
116 19.48557158514988 0 -11.24999999999998
117 17.85045015655281 0 -13.6971321526962
118 15.90990257669734 0 -15.9099025766973
119 13.69713215269624 0 -17.85045015655277
120 11.25000000000003 0 -19.48557158514985
121 8.610377228214553 0 -20.78728948150394
122 5.823428514806755 0 -21.73333109150403
123 2.936839324951204 0 -22.30750938091073
124 4.634176014635961e-14 0 -22.5
125 -2.936839324951117 0 -22.30750938091074
126 -5.82342851480667 0 -21.73333109150405
127 -8.610377228214473 0 -20.78728948150397
128 -11.24999999999995 0 -19.48557158514989
129 -13.69713215269616 0 -17.85045015655284
130 -15.90990257669727 0 -15.90990257669737
131 -17.85045015655274 0 -13.69713215269628
132 -19.48557158514982 0 -11.25000000000009
133 -20.7872894815039 0 -8.610377228214633
134 -21.73333109150401 0 -5.823428514806839
135 -22.30750938091072 0 -2.936839324951289
136 -22.5 0 -1.526355636224777e-13
137 -22.30750938091075 0 2.936839324950996
138 -21.73333109150408 0 5.823428514806544
139 -20.78728948150402 0 8.61037722821435
140 -19.48557158514997 0 11.24999999999982
141 -17.85045015655293 0 13.69713215269604
142 -15.90990257669748 0 15.90990257669716
143 -13.69713215269639 0 17.85045015655265
144 -11.25000000000022 0 19.48557158514974
145 -8.610377228214753 0 20.78728948150385
146 -5.823428514806946 0 21.73333109150397
147 -2.93683932495136 0 22.30750938091071
148 -2.039733273796505e-13 0 22.5
149 2.936839324950975 0 22.30750938091076
150 5.823428514806571 0 21.73333109150407
151 8.610377228214395 0 20.787289481504
152 11.24999999999988 0 19.48557158514994
153 13.69713215269612 0 17.85045015655287
154 15.90990257669725 0 15.90990257669739
155 17.85045015655274 0 13.69713215269628
156 19.48557158514983 0 11.25000000000006
157 20.78728948150393 0 8.610377228214571
158 21.73333109150403 0 5.823428514806736
159 22.30750938091073 0 2.936839324951183
160 22.45182577286858 0 -1.471570407678217
161 22.06766880907269 0 -4.389532245362879
162 21.30592791363988 0 -7.232387969321125
163 20.17963668448549 0 -9.951495529927513
164 18.70806627680728 0 -12.50033024294103
165 16.91639566827701 0 -14.83528083975153
166 14.83528083975157 0 -16.91639566827697
167 12.50033024294108 0 -18.70806627680724
168 9.951495529927564 0 -20.17963668448547
169 7.232387969321171 0 -21.30592791363987
170 4.389532245362926 0 -22.06766880907268
171 1.471570407678264 0 -22.45182577286858
172 -1.471570407678171 0 -22.45182577286858
173 -4.38953224536284 0 -22.0676688090727
174 -7.232387969321088 0 -21.30592791363989
175 -9.951495529927481 0 -20.17963668448551
176 -12.50033024294099 0 -18.7080662768073
177 -14.8352808397515 0 -16.91639566827704
178 -16.91639566827694 0 -14.8352808397516
179 -18.70806627680721 0 -12.50033024294113
180 -20.17963668448544 0 -9.951495529927628
181 -21.30592791363984 0 -7.232387969321253
182 -22.06766880907266 0 -4.389532245363011
183 -22.45182577286857 0 -1.47157040767836
184 -22.45182577286859 0 1.471570407678055
185 -22.06766880907272 0 4.389532245362712
186 -21.30592791363993 0 7.232387969320963
187 -20.17963668448557 0 9.951495529927355
188 -18.70806627680738 0 12.50033024294088
189 -16.91639566827714 0 14.83528083975138
190 -14.83528083975172 0 16.91639566827685
191 -12.50033024294125 0 18.70806627680713
192 -9.951495529927763 0 20.17963668448537
193 -7.232387969321368 0 21.3059279136398
194 -4.38953224536311 0 22.06766880907264
195 -1.471570407678431 0 22.45182577286857
196 1.471570407678024 0 22.45182577286859
197 4.38953224536271 0 22.06766880907272
198 7.232387969321 0 21.30592791363992
199 9.951495529927397 0 20.17963668448555
200 12.50033024294094 0 18.70806627680734
201 14.83528083975146 0 16.91639566827707
202 16.91639566827693 0 14.83528083975162
203 18.70806627680722 0 12.50033024294112
204 20.17963668448546 0 9.951495529927586
205 21.30592791363986 0 7.232387969321179
206 22.06766880907268 0 4.389532245362916
207 22.45182577286858 0 1.471570407678233
208 -17.16102906095967 19.3 -11.0604042930039
209 16.70658378834003 19.3 10.87698093178363
210 -11.00368523239155 19.3 16.4884848234247
211 11.05750938091076 19.3 -16.54873226019869
212 -19.93287838684809 19.3 3.79972094090145
213 -4.152320274191359 19.3 -19.34729185424726
214 19.50854048803743 19.3 -3.993705339297212
215 3.637587697796149 19.3 19.68553403675647
216 -17.10380522791245 19.3 11.13756698652423
217 19.65683328331052 19.3 4.064692631404894
218 -11.17707990110852 19.3 -16.7006543158681
219 4.071055724563812 19.3 -19.61091494699142
220 11.04991108960498 19.3 16.79326278918901
221 16.54873226019872 19.3 -11.05750938091072
222 -19.36411577589382 19.3 -4.182464415259372
223 -3.882880934951431 19.3 19.52056066750289
224 -6.720886074841222 19.3 18.98505682593772
225 -4.915662990797866 19.3 16.82283564464874
226 -2.018132156362588 19.3 17.27874898760982
227 -3.012355760414267 19.3 14.54558323875026
228 -0.1100164734044924 19.3 15.0311798793351
229 -1.131729892717151 19.3 12.27645495301367
230 -4.033029379854999 19.3 11.79048130235506
231 -2.156755292864267 19.3 9.519464236926954
232 0.7450179579201055 19.3 10.00766094778791
233 -0.2828839142309735 19.3 7.250036093772902
234 -3.185170647569681 19.3 6.761850517052942
235 -1.311201953672539 19.3 4.492415386313749
236 1.591166672467128 19.3 4.98060656941048
237 0.5627886646044739 19.3 2.22298479415984
238 -2.33958362376177 19.3 1.73479287186717
239 -0.465609587186442 19.3 -0.5346366022028336
240 2.436759941081745 19.3 -0.04644445995297126
241 1.408362205590938 19.3 -2.80406590150876
242 -1.494006875210519 19.3 -3.292258073185736
243 4.310731355259983 19.3 -2.31587373584424
244 3.282333647372511 19.3 -5.073495175315923
245 5.339129103326053 19.3 0.4417476985262765
246 7.213100459037975 19.3 -1.827681567765244
247 8.241498183136292 19.3 0.9299398685940465
248 10.11546954194268 19.3 -1.339489397282336
249 9.087071824317038 19.3 -4.09711083515877
250 11.14386725905246 19.3 1.418132040524935
251 9.269895901174793 19.3 3.687561306272948
252 12.17226497608101 19.3 4.175753478423744
253 10.29829361519598 19.3 6.4451827453035
254 11.98944090272816 19.3 -3.608918664158389
255 10.96104318594818 19.3 -6.366540102132256
256 13.86341226375122 19.3 -5.878347931061829
257 14.04623633654816 19.3 1.906324211708821
258 7.395924520889854 19.3 5.956990591536714
259 8.424322235258128 19.3 8.714612024850307
260 8.058674108257808 19.3 -6.854732273215612
261 9.932645469361512 19.3 -9.124161540128387
262 7.030276391646384 19.3 -9.612353711208918
263 11.3092456723561 19.3 9.188398510904614
264 9.458422993342303 19.3 11.41864110177311
265 6.551300779526515 19.3 10.9751094551978
266 7.550294620947871 19.3 13.64852906209133
267 14.8219556112614 19.3 -3.094675754988128
268 8.896343416527433 19.3 -11.83479062149147
269 6.000561285568264 19.3 -12.36214308975276
270 4.127687749092333 19.3 -10.09924053905621
271 3.099253438191894 19.3 -12.85664441982677
272 1.225458948979765 19.3 -10.58826667943237
273 0.1970846118195723 19.3 -13.34602711229105
274 -1.676853373891882 19.3 -11.07679626562836
275 -2.705405984790064 19.3 -13.83349683679018
276 -4.579233245596261 19.3 -11.56492426480013
277 -3.550806952233423 19.3 -8.807472718662291
278 -6.453177626074511 19.3 -9.295655400378934
279 -5.424774237200402 19.3 -6.538067683926082
280 -8.327143810935675 19.3 -7.02625690592419
281 -7.298745143693981 19.3 -4.268641118715333
282 -10.20111423344843 19.3 -4.756833218051431
283 -9.172716285105242 19.3 -1.99921315689285
284 -12.07508540138939 19.3 -2.487405098507047
285 -11.04668765246866 19.3 0.2702161482448587
286 -9.35554161036632 19.3 -9.783877852386533
287 -13.94905673122707 19.3 -0.217976016464852
288 -12.92065900757082 19.3 2.539645380487709
289 -10.01828993045281 19.3 3.027837554949879
290 -11.89226129050658 19.3 5.297266816630707
291 -13.10348312457818 19.3 -5.245026498238739
292 -8.989892174176555 19.3 5.785459033659292
293 -10.86386356711262 19.3 8.054888261090532
294 -5.607797114633231 19.3 -14.32155790479125
295 -0.8549661861978572 19.3 -15.96652319423122
296 4.67150914068094 19.3 13.23714943892623
297 -7.961484891359118 19.3 8.543099417768339
298 -9.835454382567903 19.3 10.81252469175378
299 -6.270347244002149 19.3 -1.511020768276977
300 -7.115920808015888 19.3 3.516029802196001
301 -14.71654639293791 19.3 4.87355214800299
302 14.98096086746715 19.3 4.62883605677296
303 11.69018293144526 19.3 -11.30077304275289
304 12.35318751472277 19.3 12.01368263465935
305 4.95329334810563 19.3 -15.00757849049855
306 5.692375222204461 19.3 15.78480108194603
307 -12.6778783354335 19.3 10.20612746311317
308 -11.70943721762912 19.3 13.08193895771535
309 -8.898747712397562 19.3 13.71134283095596
310 1.222266289353536 19.3 17.87385945245795
311 16.60748020548234 19.3 -5.189664795391268
312 -7.763973579159196 19.3 16.43507887807048
313 15.77844961695418 19.3 -8.378164299566054
314 17.31479146269793 19.3 2.440889902523429
315 2.873192819341311 19.3 15.34017328786482
316 -5.926134494600442 19.3 14.10101579336517
317 1.782658629676152 19.3 12.7314114914974
318 2.619464576620492 19.3 7.738228734735191
319 -5.059500109985066 19.3 9.031553295675465
320 4.493532243247339 19.3 5.468798654032295
321 3.648458560543203 19.3 10.48881202714517
322 3.465157770290095 19.3 2.711176999768247
323 -4.21355823783264 19.3 4.00422341069123
324 -3.367978777890303 19.3 -1.022828728720262
325 0.3799645644763164 19.3 -5.561687346173321
326 2.253886136006342 19.3 -7.830820495130752
327 6.184702737498353 19.3 -4.585303005269868
328 15.89974194129882 19.3 -0.3249836073994175
329 18.25548802545859 19.3 -0.05104943119356347
330 -15.68153364366685 19.3 2.107882649185654
331 -16.6657061068132 19.3 -0.6212530416013667
332 -14.85526120837602 19.3 -2.886103872275463
333 -16.40144155887348 19.3 -5.453446133172423
334 -14.07672960456866 19.3 -7.88491337793708
335 13.00278526547194 19.3 -0.8406018619324189
336 -11.22032030321165 19.3 -7.494830887226791
337 -12.1350613217852 19.3 -10.15659653706865
338 -10.35522862141706 19.3 -12.37859935291649
339 -12.85096242889243 19.3 -12.7098857185181
340 12.72761309189095 19.3 -8.623528929878079
341 -0.648459193706558 19.3 -8.319153837439455
342 8.239256587427647 19.3 -15.02363820613765
343 6.354764282401337 19.3 -17.42370790440251
344 2.043818417515512 19.3 -15.45410796968266
345 1.035821293030293 19.3 -18.31723080317607
346 13.16469722901413 19.3 6.910716697635403
347 16.25256268879648 19.3 7.492506967272167
348 -7.476824155266527 19.3 -12.02592512998027
349 -8.803444285369995 19.3 -15.01457848115384
350 -6.319455258065073 19.3 -17.15013758033751
351 -8.144318568456189 19.3 0.7584083387332425
352 -13.72076061196866 19.3 7.424184860758008
353 -16.58778234626298 19.3 7.024641565439735
354 5.156260128312288 19.3 -7.342657533199547
355 -4.396376127262303 19.3 -3.780449315405674
356 -2.522409803522814 19.3 -6.049848162465425
357 -5.241951209993156 19.3 1.246600821081734
358 6.367522953677403 19.3 3.199369186455088
359 5.522105989392605 19.3 8.224518957732251
360 -6.087587811489826 19.3 6.273702579507212
361 -6.952391828460847 19.3 11.33166955531229
362 -3.70133458689464 19.3 -16.54922742186043
363 14.17483024554218 19.3 9.857859541549582
364 -1.037973035516793 19.3 19.96218220042454
365 -16.6775353027389 19.3 -8.394283594603325
366 11.09606204374938 19.3 -14.01937831695825
367 13.60635597475408 19.3 -13.64727195690616
368 8.397711364895514 19.3 16.28596937655266
369 6.468802208375338 19.3 18.59153330968309
370 10.40460976219084 19.3 14.077331312083
371 13.13308545497077 19.3 14.98623572332009
372 18.75518623989015 19.3 -6.940093246429102
373 -18.42301833392714 19.3 1.450495122605472
374 -19.62080856799771 19.3 -1.108416386969305
375 -13.34614182460072 19.3 15.18441392839333
376 -14.87186109940294 19.3 12.60740751859596
377 19.00774974577438 19.3 6.651413485141437
378 -19.01749447194523 19.3 -6.826042176625998
379 -1.116792905357863 19.3 -20.1938420400033
380 18.44795145791293 19.3 8.976255722482373
381 -19.12931548329648 19.3 6.505176707202779
382 -8.899509065056343 19.3 -18.12927958262777
383 17.42576876974287 19.3 -2.453432847872426
384 1.351744055316733 19.3 20.46581701410994
385 -18.09986274685338 19.3 8.927088842068891
386 15.02133995613762 19.3 12.89029892678439
387 8.93773801323845 19.3 -18.14908992168448
388 14.2459650219419 19.3 -10.85880232683252
389 -17.2953141698425 19.3 4.55681115746065
390 -13.42147246928215 19.3 -15.2047064957559
391 -6.610298561003204 19.3 -19.47331161240129
392 17.41496401599666 19.3 4.941480263263732
393 -17.38146664359085 19.3 -2.850336769855586
394 20.32609261739475 19.3 -1.677837651338745
395 3.691750613123316 19.3 -17.16270802295024
396 9.137288243668785 19.3 18.48264089757831
397 -15.43950267659045 19.3 -13.44195110549632
398 -9.114213557228361 19.3 18.49804785410033
399 1.353270267816669 19.3 -20.6469144242713
400 -15.50541235699436 19.3 9.034770565032447
401 -2.000689393851712 19.3 -18.04410577741442
402 -20.62003154846309 19.3 1.386386398524492
403 20.25183337150042 19.3 1.601673217467859
404 6.668154352104131 19.3 -19.64374927694721
405 -14.5735147428192 19.3 -10.35171002713591
406 15.73513109961401 19.3 -13.09951257104462
407 13.08672397143111 19.3 -15.76106381426263
408 3.985430725466141 19.3 17.3871341831941
409 -11.36292593395459 19.3 -14.4371722480044
410 -18.66517480658634 19.3 -9.235360783570565
411 18.22675461363068 19.3 -9.36094039395973
412 21.31680099915274 19.3 -2.30733848814495
413 21.41304630869737 19.3 -0.8389188256693724
414 21.37591668575021 19.3 0.8008366087339296
415 21.27967137620557 19.3 2.269256271209521
416 20.28896299444758 19.3 -0.03808221693544289
417 20.62093578977073 19.3 -4.90856692705196
418 20.90802493447408 19.3 -3.465272332124184
419 19.91731655271609 19.3 -2.835771495317978
420 19.77123786069705 19.3 -7.775235237321803
421 20.24425866569709 19.3 -6.381760880617906
422 19.13186336396379 19.3 -5.466899292863157
423 18.85616309939028 19.3 -10.30547019697986
424 19.50702204756732 19.3 -8.985658811087117
425 18.49097042676041 19.3 -8.150516820194415
426 17.19959120837576 19.3 -12.37732076680346
427 18.0171519226743 19.3 -11.15375469045535
428 17.3877434369147 19.3 -10.20922488743523
429 15.82251683815568 19.3 -14.50470757387096
430 16.79279062808341 19.3 -13.39832236187041
431 16.14193167990637 19.3 -12.07851097597767
432 13.39192806206368 19.3 -16.8057569854077
433 14.49831327406422 19.3 -15.83548319547996
434 14.75812927572571 19.3 -14.77858726680173
435 14.67074353718405 19.3 -13.37339226397539
436 13.34653997309259 19.3 -14.70416788558439
437 11.1537546904554 19.3 -18.01715192267427
438 12.3773207668035 19.3 -17.19959120837573
439 12.07211667617094 19.3 -16.15489803723066
440 8.774057620726502 19.3 -19.46818970159421
441 10.09386900661924 19.3 -18.81733075341717
442 9.997623697074605 19.3 -17.34891109094159
443 6.245791433455443 19.3 -20.68854018422562
444 7.639265790159342 19.3 -20.21551937922558
445 7.80294618267129 19.3 -18.89641959931585
446 3.503947524757508 19.3 -20.95921216395108
447 4.947242119685283 19.3 -20.67212301924772
448 5.369605038333972 19.3 -19.62733211196932
449 0.6766351339083577 19.3 -21.57345721213565
450 2.145054796383937 19.3 -21.47721190259102
451 2.712162996190241 19.3 -20.12891468563136
452 -2.02681611515449 19.3 -21.25067571045702
453 -0.5583964526789081 19.3 -21.34692102000165
454 0.1182386812294034 19.3 -20.4203782321373
455 -4.987874394499014 19.3 -20.54031147287566
456 -3.544579799571238 19.3 -20.827400617579
457 -2.634556589774611 19.3 -19.77056694712528
458 -7.610337894608838 19.3 -20.13030054695263
459 -6.216863537904937 19.3 -20.60332135195267
460 -5.381309417597281 19.3 -19.41030173332428
461 -10.07475453252815 19.3 -18.80742558388883
462 -8.754943146635409 19.3 -19.45828453206587
463 -7.754903813029774 19.3 -18.80129559751453
464 -12.43710602690234 19.3 -17.27555223621047
465 -11.21353995055424 19.3 -18.093112950509
466 -10.03829448308243 19.3 -17.41496694924793
467 -14.66568752298971 19.3 -15.55730453622663
468 -13.55930231098916 19.3 -16.52757832615437
469 -12.29927618519533 19.3 -15.952680405812
470 -16.64497641657159 19.3 -13.5695416290963
471 -15.67470262664386 19.3 -14.67592684109685
472 -14.4304875729363 19.3 -14.32332880062611
473 -18.32330032305475 19.3 -11.15520214650199
474 -17.5057396087562 19.3 -12.37876822285009
475 -16.30026586877506 19.3 -12.25117769925011
476 -19.72623214404512 19.3 -8.922869005892599
477 -19.07537319586808 19.3 -10.24268039178532
478 -17.91310193377301 19.3 -10.14788253828723
479 -20.37541278172462 19.3 -6.324735345716418
480 -19.90239197672457 19.3 -7.718209702420316
481 -18.84133463926579 19.3 -8.030701480098282
482 -20.83581257840227 19.3 -3.559651870105331
483 -20.54872343369891 19.3 -5.002946465033105
484 -19.19080512391952 19.3 -5.504253295942685
485 -21.06040428399886 19.3 -0.5542081934847287
486 -20.96415897445421 19.3 -2.022627855960297
487 -19.49246217194577 19.3 -2.645440401114338
488 -21.46377046468692 19.3 2.161612861737744
489 -21.56001577423154 19.3 0.6931931992621699
490 -20.1204200582304 19.3 0.1389850057775939
491 -20.83310473917609 19.3 4.811574727853997
492 -21.12019388387942 19.3 3.368280132926223
493 -20.27645496765559 19.3 2.593053669712972
494 -19.95830248240025 19.3 7.557776967708564
495 -20.43132328740028 19.3 6.164302611004661
496 -19.53109693507228 19.3 5.152448824052114
497 -18.79271716600167 19.3 10.08854442103436
498 -19.4435761141787 19.3 8.76873303514162
499 -18.61458911507493 19.3 7.716132774635835
500 -17.47712769223269 19.3 12.41734956961013
501 -18.29468840653121 19.3 11.19378349326202
502 -17.60183398738291 19.3 10.03232791429656
503 -15.39088183805021 19.3 14.25865504764656
504 -16.36115562797793 19.3 13.152269835646
505 -15.98783316365769 19.3 11.87248725256009
506 -13.52163698864856 19.3 16.51743204247299
507 -14.6280222006491 19.3 15.54715825254524
508 -14.10900146200183 19.3 13.89591072349465
509 -11.12684261619588 19.3 17.98702820428722
510 -12.35040869254397 19.3 17.16946748998868
511 -12.17491352849613 19.3 15.83644937590902
512 -8.862295392721556 19.3 19.64266866780209
513 -10.18210677861429 19.3 18.99180971962504
514 -10.05894939480995 19.3 17.49326633876252
515 -6.272157294824084 19.3 20.35919395872085
516 -7.665631651527988 19.3 19.88617315372079
517 -7.917549816034791 19.3 18.74155234001903
518 -3.409860129951396 19.3 20.9140350242068
519 -4.853154724879189 19.3 20.62694587950343
520 -5.301883504896327 19.3 19.25280874672031
521 -0.5189865177584985 19.3 21.23109110021227
522 -1.987406180234076 19.3 21.13484579066763
523 -2.460426985234112 19.3 19.74137143396372
524 2.144291690133854 19.3 21.38666319751035
525 0.6758720276582643 19.3 21.48290850705497
526 0.1568855098999697 19.3 20.21399960726724
527 4.73050810630136 19.3 20.70943256413027
528 3.287213511373562 19.3 20.99652170883361
529 2.494665876556441 19.3 20.0756755254332
530 7.539589718294867 19.3 19.68941139559355
531 6.146115361590955 19.3 20.16243220059358
532 5.053194953085743 19.3 19.13853367321978
533 10.19364412183433 19.3 18.98410624136412
534 8.87383273594159 19.3 19.63496518954116
535 7.803045226022061 19.3 18.5370871036307
536 12.37352162115055 19.3 17.32185647287094
537 11.14995554480243 19.3 18.13941718716947
538 10.09359966663688 19.3 17.63795184338366
539 14.52149401583401 19.3 15.44806915000874
540 13.41510880383344 19.3 16.41834293993648
541 12.09149827228787 19.3 15.88974925625455
542 16.43589505634518 19.3 13.29371553974033
543 15.46562126641743 19.3 14.40010075174089
544 14.0772127055542 19.3 13.93826732505224
545 18.09607768674493 19.3 11.06349046589185
546 17.27851697244638 19.3 12.28705654223996
547 15.86396187223883 19.3 11.88363992928401
548 19.61762046970843 19.3 8.793316475348472
549 18.96676152153138 19.3 10.11312786124122
550 17.57726762312648 19.3 9.926618327133003
551 20.3705404186392 19.3 6.237420999974086
552 19.89751961363915 19.3 7.630895356678003
553 18.72785060184365 19.3 7.813834603811905
554 20.98217133211062 19.3 3.500765978178038
555 20.69508218740727 19.3 4.944060573105815
556 19.33229151454245 19.3 5.358053058273166
557 19.95433332740546 19.3 2.833182924436376
558 -16.91928218184928 19.3 -9.727343943803612
559 -15.62552502277905 19.3 -9.372996810869619
560 -15.86727190188943 19.3 -10.70605716006991
561 -17.67135505466262 19.3 -8.814822189086945
562 -15.00650870970482 19.3 -11.89683056631612
563 16.47957323856826 19.3 9.184743949527899
564 15.21369646716933 19.3 8.675183254410875
565 15.44070701694111 19.3 10.36742023666661
566 17.3502570733547 19.3 8.234381344877271
567 14.5980851008399 19.3 11.37407923416698
568 -11.35656122501033 19.3 14.78521189057002
569 -9.951216472394556 19.3 15.09991382719033
570 -10.30409246501334 19.3 13.39664089433565
571 -12.52778952111492 19.3 14.13317644305434
572 -9.383829405775373 19.3 16.46178185074759
573 -8.331360645778378 19.3 15.07321085451322
574 -8.439093568193778 19.3 17.4665633660854
575 9.648382984169205 19.3 -15.78618523316817
576 9.667659315588512 19.3 -14.52150826154795
577 11.07678571233007 19.3 -15.28405528857847
578 8.588497300333049 19.3 -16.58636406391107
579 12.09139300759024 19.3 -14.89022106561044
580 -19.17794836038762 19.3 2.625108031753461
581 -18.61409627834529 19.3 4.17826604918105
582 -17.85916625188482 19.3 3.003653140033061
583 -19.52152494119511 19.3 1.418440760564982
584 -18.21231482656949 19.3 5.530993932331715
585 -5.235887766128216 19.3 -18.24871471729239
586 -5.010394922479857 19.3 -16.84968250109898
587 -3.926827430543 19.3 -17.94825963805385
588 -6.464876909534139 19.3 -18.3117245963694
589 -2.851011990373176 19.3 -17.29666659963743
590 -3.076504834021535 19.3 -18.69569881583084
591 -1.558741149604787 19.3 -19.11897390870886
592 18.05801034675989 19.3 -4.59168506734424
593 17.68133322268624 19.3 -6.064879020910185
594 17.0166244876126 19.3 -3.821548821631847
595 18.46715462889015 19.3 -3.223569093584819
596 18.8759306935688 19.3 -2.065635249605585
597 2.429926993574842 19.3 18.77969674460721
598 1.287005172335134 19.3 19.16983823328395
599 3.811509211631145 19.3 18.53633410997529
600 2.603848507409838 19.3 17.63049681782602
601 5.227116466920739 19.3 17.98933374643859
602 -15.18863672819865 19.3 10.8210890418142
603 -16.30460879245341 19.3 10.08616877577834
604 -16.80263755192387 19.3 8.980929703550668
605 18.48581237300422 19.3 3.252791266964161
606 17.36487773934729 19.3 3.691185082893581
607 18.53589864965359 19.3 4.503086447334313
608 18.78331241709918 19.3 2.021281559995644
609 18.21135688088552 19.3 5.796446874202585
610 -9.990262093239256 19.3 -15.85761639851097
611 -8.851476675213169 19.3 -16.5719290318908
612 -11.27000291753155 19.3 -15.56891328193625
613 -10.08318510966229 19.3 -14.72587536457912
614 -12.39219920161837 19.3 -14.82093937188015
615 5.212910003482575 19.3 -18.51731142569697
616 3.881403168843564 19.3 -18.38681148497083
617 5.023257447762327 19.3 -17.29320796367638
618 6.511459317252735 19.3 -18.53372859067486
619 2.553438508797052 19.3 -18.96407287508375
620 2.363785953076805 19.3 -17.73996941306316
621 1.194545780423481 19.3 -19.48207261372369
622 9.723811227250245 19.3 16.53961608287083
623 10.72726042589791 19.3 15.435297050636
624 9.401160563543179 19.3 15.18165034431783
625 8.767499804282149 19.3 17.38430513706548
626 11.76884760858081 19.3 14.53178351770154
627 16.16359093857645 19.3 -9.717836840238387
628 15.39734864107031 19.3 -10.95815585387162
629 15.01220731944804 19.3 -9.618483313199285
630 17.00260211529243 19.3 -8.869552346762891
631 14.99054806077796 19.3 -11.97915744893857
632 -17.88277866738365 19.3 -4.817955274215898
633 -17.70946801540936 19.3 -6.13974415489921
634 -18.37279120974233 19.3 -3.516400592557479
635 -16.89145410123216 19.3 -4.151891451514004
636 -18.50113760579428 19.3 -1.979376578412445
637 -4.399271962874648 19.3 18.17169815607582
638 -5.818274532819544 19.3 17.90394623529323
639 -2.950506545657009 19.3 18.39965482755635
640 -3.466897573580227 19.3 17.05079231612928
641 -1.52805259593969 19.3 18.62046559401718
642 -6.339818284978531 19.3 16.62895726135961
643 -7.242429827000209 19.3 17.7100678520041
644 -2.515243958388427 19.3 15.91216611318004
645 -3.964009375606067 19.3 15.6842094416995
646 -4.469245127507355 19.3 14.32329951605771
647 -5.420898742699154 19.3 15.46192571900696
648 -6.845054036879819 19.3 15.26804733571782
649 -1.06407431488354 19.3 16.15496443347246
650 -1.56118611690938 19.3 14.78838155904268
651 -0.3979329335045259 19.3 17.57630422003388
652 0.5561249079745219 19.3 16.45251966589652
653 0.0921466269183715 19.3 18.91802082644124
654 -0.6208731830608218 19.3 13.65381741617438
655 -2.072042826565709 19.3 13.41101909588196
656 -2.582379636286075 19.3 12.03346812768436
657 -3.522692570134633 19.3 13.16803227055266
658 -4.979581937227721 19.3 12.94574854786011
659 0.8363210781358298 19.3 13.88129568541625
660 0.3254643684795002 19.3 12.50393322225553
661 2.047729554347423 19.3 16.60701637016138
662 1.381588172968409 19.3 15.18567658359996
663 2.327925724508732 19.3 14.03579238968111
664 -1.644242592790709 19.3 10.89795959497031
665 -3.094892336359633 19.3 10.65497276964101
666 -0.1933559673985229 19.3 11.14205795040079
667 -0.7058686674720807 19.3 9.763562592357435
668 1.263838293798129 19.3 11.36953621964265
669 -3.608127701424666 19.3 9.275508766301209
670 -4.546264744920032 19.3 10.41101729901526
671 -5.492710604157923 19.3 11.56107542883368
672 -6.439263161530644 19.3 12.71634267433873
673 -6.005945969222957 19.3 10.18161142549388
674 0.2310670218445661 19.3 8.628848520780409
675 -1.21981960354762 19.3 8.384750165349928
676 -1.734027280900327 19.3 7.005943305412922
677 -2.670962970216974 19.3 8.140657376989948
678 -4.122335378777374 19.3 7.896701906364203
679 1.682241267270299 19.3 8.872944841261553
680 1.168290331194759 19.3 7.494132414254047
681 2.715558595109677 19.3 11.61011175932128
682 2.196738259231654 19.3 10.24823648746654
683 3.133961568581848 19.3 9.113520380940182
684 -0.7970429339517563 19.3 5.871225740043325
685 -2.24818630062111 19.3 5.627132951683345
686 0.6541413791180771 19.3 6.115321331591691
687 0.1399823593972942 19.3 4.736510977862114
688 2.10531562454381 19.3 6.359417652072835
689 -2.762380095752589 19.3 4.24831939850249
690 -3.69936444270116 19.3 5.383036963872086
691 -4.636379229529753 19.3 6.517776548280077
692 -5.573543960737446 19.3 7.652627937591339
693 -5.150573024661233 19.3 5.138962995099221
694 1.076977668535801 19.3 3.60179568178516
695 -0.3742066445340327 19.3 3.357700090236794
696 -0.8883974795786483 19.3 1.978888833013505
697 -1.825392788717155 19.3 3.11360412909046
698 -3.276570930797205 19.3 2.869508141279201
699 2.528162221378611 19.3 3.845891784589363
700 2.013973217447285 19.3 2.467080896964044
701 3.556498409933916 19.3 6.603513694383743
702 3.042349457857233 19.3 5.224702611721387
703 3.979345006768717 19.3 4.089987826900272
704 0.04858953870901594 19.3 0.8441740959785031
705 -1.402596605474106 19.3 0.6000781348321683
706 1.499774302843109 19.3 1.088270167103434
707 0.9855751769476515 19.3 -0.2905405310779025
708 2.95095885568592 19.3 1.332366269907638
709 -1.916794182538373 19.3 -0.7787326654615481
710 -2.853781200826037 19.3 0.3559820715734539
711 -3.790767416877463 19.3 1.490696846474452
712 -4.727754723912899 19.3 2.625412115886482
713 -4.30496499394173 19.3 0.1118860461807358
714 1.922561073336341 19.3 -1.425255180730865
715 0.4713763092022478 19.3 -1.669351251855797
716 -0.04282233480979092 19.3 -3.048161987347248
717 -0.9798082311984806 19.3 -1.913447337694285
718 -2.430992826550411 19.3 -2.157543400952999
719 3.373745648170864 19.3 -1.181159097898605
720 2.85954678042546 19.3 -2.5599698186765
721 3.887944522203899 19.3 0.1976516192866526
722 4.824930229293019 19.3 -0.9370630186589815
723 4.402143436808075 19.3 1.576462349147262
724 0.894163385033627 19.3 -4.18287662384104
725 -0.5570211553671015 19.3 -4.426972709679529
726 3.796532501316247 19.3 -3.694684455580081
727 2.345347926481724 19.3 -3.938780538412341
728 1.831149105924414 19.3 -5.317591260744623
729 -2.945191501236411 19.3 -3.536353694295705
730 -3.882177452576303 19.3 -2.401639022062968
731 -1.071222619523249 19.3 -5.805767754319373
732 -2.008208339366667 19.3 -4.671053117825581
733 -3.459392965392559 19.3 -4.915148738935549
734 5.247717046379168 19.3 -3.450588370557054
735 4.733518192435431 19.3 -4.829399090292895
736 6.276114781182014 19.3 -0.6929669346194838
737 5.761915907148978 19.3 -2.071777651804742
738 6.698901598268163 19.3 -3.206492286517556
739 2.768109891689426 19.3 -6.452157835223337
740 1.316925350241329 19.3 -6.696253920652037
741 4.2192968878424 19.3 -6.208076354257734
742 3.705073132159315 19.3 -7.586739014165149
743 5.670481432905321 19.3 -5.963980269234707
744 6.790313643231173 19.3 0.6858437835601615
745 7.727299321087133 19.3 -0.4488708495855986
746 5.853326028501728 19.3 1.820558442490682
747 7.304510568406847 19.3 2.064654527524567
748 4.91634036198375 19.3 2.955273093111668
749 9.178483862539487 19.3 -0.2047747643441444
750 8.664285000490327 19.3 -1.58358548252379
751 9.601270683129858 19.3 -2.718300116220552
752 8.150086141677505 19.3 -2.962396201462007
753 7.635887280907696 19.3 -4.341206920214319
754 9.692682721094375 19.3 1.174035954559491
755 10.62966840049757 19.3 0.03932132162129953
756 8.755697042155543 19.3 2.308750587433497
757 10.20688158011363 19.3 2.552846673398941
758 7.818709427426098 19.3 3.443465246364018
759 11.05245522233542 19.3 -2.474204030720363
760 10.5382563635226 19.3 -3.853014749658579
761 12.0733262622622 19.3 0.2887650892962579
762 11.55912740370731 19.3 -1.090045629607377
763 12.49611308410005 19.3 -2.224760263045404
764 11.47524204433817 19.3 -4.987729383145322
765 10.02405750513261 19.3 -5.231825468645512
766 9.509858647102996 19.3 -6.610636187673935
767 8.572872966287424 19.3 -5.475921554187191
768 7.12168842287808 19.3 -5.72001763924274
769 10.7210804386279 19.3 3.931657392348345
770 11.65806611756673 19.3 2.796942759474339
771 13.10925065631458 19.3 3.041038845066282
772 12.59505179780031 19.3 1.662228126116878
773 13.52451080101005 19.3 0.5328611748882013
774 9.784094758185386 19.3 5.066372025788223
775 11.23527929563849 19.3 5.310468111863622
776 8.332910211032324 19.3 4.822275948904831
777 8.847109068042917 19.3 6.201086668420107
778 6.881723737283629 19.3 4.578179888995901
779 11.73149542210506 19.3 6.677949721469451
780 12.66848110254757 19.3 5.543235088029573
781 13.57661292177408 19.3 4.402294767598352
782 14.51359860200765 19.3 3.267580134240891
783 14.07282904824064 19.3 5.769776377204181
784 7.91012337807399 19.3 7.335801308193511
785 9.361307925227054 19.3 7.579897385076904
786 9.866783953807115 19.3 8.951505267877462
787 10.80376964377604 19.3 7.816790628104057
788 12.23697145068512 19.3 8.049557604270008
789 12.92642658323969 19.3 -4.743633297610109
790 12.4122277248497 19.3 -6.122444016597043
791 13.40569825699477 19.3 -3.351797209573259
792 14.34268393750631 19.3 -4.486511843024979
793 13.91237043836667 19.3 -1.967638808460274
794 13.29551267782108 19.3 -7.250938430469954
795 11.84432813891957 19.3 -7.495034516005168
796 10.44684432765485 19.3 -7.745350821130321
797 8.995659788809661 19.3 -7.989446906672
798 11.33012928062623 19.3 -8.873845235003234
799 15.71471790837187 19.3 -4.142170275189698
800 15.23544623461678 19.3 -5.534006363226549
801 16.19296491121826 19.3 -6.783914547478661
802 14.8209309403527 19.3 -7.128256115313942
803 14.25303135442257 19.3 -8.500846614722066
804 16.14787616508254 19.3 3.534862979648195
805 15.68051389962304 19.3 2.173607057116125
806 16.60726670199837 19.3 1.057953147562006
807 14.97298913892349 19.3 0.7906703021547019
808 14.45126360338538 19.3 -0.5827927346659183
809 6.45901525514123 19.3 7.090754774634482
810 6.973214112325366 19.3 8.469565491291279
811 5.944728382068597 19.3 5.712894622784505
812 5.430527598462371 19.3 4.334083920243692
813 5.007819116319972 19.3 6.846658805882273
814 8.941372614300215 19.3 10.06662656331171
815 10.3838343328492 19.3 10.30351980633886
816 7.487811507392321 19.3 9.844860740024053
817 8.004861886434409 19.3 11.19687527848545
818 6.03670338445956 19.3 9.599814206465023
819 8.481460930503948 19.3 -9.368257625668653
820 7.544475249952096 19.3 -8.233542992212264
821 6.093268259979336 19.3 -8.477505622204232
822 6.607467118285048 19.3 -7.09869490320758
823 9.414494442944473 19.3 -10.47947608080993
824 7.963309904086908 19.3 -10.72357216635019
825 10.81141420040338 19.3 -10.21246729144064
826 10.29326317398634 19.3 -11.56778183212218
827 12.2088980116681 19.3 -9.962150986315486
828 7.448452351047848 19.3 -12.09846685562211
829 6.515418838607324 19.3 -10.98724840048084
830 5.064124517330299 19.3 -11.23069181440449
831 5.578982070369358 19.3 -9.855797125132566
832 4.641973938702311 19.3 -8.72094903612788
833 10.90580525403253 19.3 11.71616186821623
834 11.83121659353943 19.3 10.60104057278198
835 13.26400888013247 19.3 10.93577108810446
836 12.74203795894914 19.3 9.523129026227098
837 13.66976373727816 19.3 8.384288119592492
838 7.050797700237193 19.3 12.31181925864457
839 8.504358807145087 19.3 12.53358508193222
840 8.977452191569357 19.3 13.86293018708717
841 9.931516377766574 19.3 12.74798620692805
842 11.37889863845681 19.3 13.04550697337117
843 5.611404960103727 19.3 12.10612944706201
844 6.110901880814406 19.3 13.44283925050878
845 5.099879670034859 19.3 10.73196074117148
846 4.159983850612072 19.3 11.8629807330357
847 4.585282274967904 19.3 9.356665492438712
848 5.1819421814427 19.3 14.51097526043613
849 6.621334921576166 19.3 14.71666507201868
850 7.045043293549988 19.3 16.03538522924934
851 7.974002992921692 19.3 14.96724921932199
852 16.12386219050213 19.3 -2.774054301430277
853 15.36084877628011 19.3 -1.709829681193773
854 16.66275535552084 19.3 -1.389208227635922
855 8.56780000197754 19.3 -13.42921441381456
856 7.119908936497955 19.3 -13.69289064794521
857 11.39312248759732 19.3 -12.66007567985557
858 9.996202730138407 19.3 -12.92708446922486
859 4.549907361880079 19.3 -12.60939375478977
860 3.613470593642114 19.3 -11.4779424794415
861 5.476927316836948 19.3 -13.68486079012565
862 4.026273393148762 19.3 -13.93211145516266
863 6.596274967766639 19.3 -15.0156083483181
864 2.16235619358583 19.3 -11.72245554962957
865 2.676573349036049 19.3 -10.34375360924429
866 1.739672542493054 19.3 -9.209543587281559
867 3.190786942549337 19.3 -8.965030517093483
868 1.648169025005733 19.3 -13.10133576605891
869 0.7112717803996688 19.3 -11.96714689586171
870 2.571535927853703 19.3 -14.15537619475472
871 1.120451514667542 19.3 -14.40006754098686
872 3.498555882810571 19.3 -15.2308432300906
873 -0.7398843810361552 19.3 -12.21141168895971
874 -0.2256972124560586 19.3 -10.83253147253036
875 -1.16265628379922 19.3 -9.697975051533906
876 0.2884998776366037 19.3 -9.45371025843591
877 0.802713471149892 19.3 -8.074987166285103
878 -1.254160686485245 19.3 -13.58976197454062
879 -2.191129679340973 19.3 -12.45514655120927
880 -0.3289407871891425 19.3 -14.65627515326114
881 -1.78018608549396 19.3 -14.9000100155107
882 0.5944261156588273 19.3 -15.71031558195694
883 -3.642319615193162 19.3 -12.69921055079516
884 -3.128043309744072 19.3 -11.32086026521424
885 -4.065020098914842 19.3 -10.18619849173121
886 -2.613830163062653 19.3 -9.942134492145325
887 -2.09963307296999 19.3 -8.563313278050874
888 -4.156601549711647 19.3 -14.07752737079072
889 -5.093515180114746 19.3 -12.94324108479569
890 -3.203370285842352 19.3 -15.19136212932531
891 -4.654565850763936 19.3 -15.43539266332584
892 -2.278150386546248 19.3 -16.25787530804583
893 -5.516205435835386 19.3 -10.43028983258953
894 -5.001992289153967 19.3 -9.051564059520611
895 -6.028028700431394 19.3 -11.7954246973902
896 -6.965000890670519 19.3 -10.6607902651796
897 -6.542310634949879 19.3 -13.17374151738576
898 -5.938975931637456 19.3 -7.916861542152508
899 -4.487790594716913 19.3 -7.672770201294187
900 -3.973592020361608 19.3 -6.293957923195753
901 -3.036608377878118 19.3 -7.428660440563858
902 -1.585434498614686 19.3 -7.18450099995244
903 -7.390160718505093 19.3 -8.160956153151561
904 -6.875959024068038 19.3 -6.782162294925136
905 -7.904359618220415 19.3 -9.539766626382733
906 -8.841342710650999 19.3 -8.405067379155362
907 -8.416182882816424 19.3 -10.9049014911834
908 -7.812944477314828 19.3 -5.647449012319761
909 -6.361759690447192 19.3 -5.403354401320708
910 -5.847560635478143 19.3 -4.024545217060504
911 -4.910575182231352 19.3 -5.159258499665878
912 -9.264129022192051 19.3 -5.891545061987811
913 -8.749929688571203 19.3 -4.512737168383382
914 -9.773732057073664 19.3 -7.26054389657549
915 -10.71071726833004 19.3 -6.125832052639112
916 -10.28793095678899 19.3 -8.639354369806663
917 -9.686915259276834 19.3 -3.378023187472141
918 -8.235730714399612 19.3 -3.133927137804092
919 -7.721531764553696 19.3 -1.755116962584914
920 -6.784546193848065 19.3 -2.889830943496155
921 -5.333361685632227 19.3 -2.645735041841326
922 -11.13809981741891 19.3 -3.622119158279239
923 -10.62390084324731 19.3 -2.243309127699948
924 -11.6522986790133 19.3 -5.000929858145085
925 -12.58928426298378 19.3 -3.866215798372894
926 -12.16190171389492 19.3 -6.369928692732765
927 -11.56088652692902 19.3 -1.108594475131094
928 -10.10970196878695 19.3 -0.8644985043239956
929 -9.595503110462426 19.3 0.5143122434890506
930 -8.658517426780715 19.3 -0.6204024090798037
931 -7.207332906229169 19.3 -0.3763062147718674
932 -13.01207106630823 19.3 -1.35269055748595
933 -12.49787219184787 19.3 0.02612006589000335
934 -13.4651733048827 19.3 -2.686754485391255
935 -14.40215896980155 19.3 -1.552039944370158
936 -13.9793721664771 19.3 -4.065565185257102
937 -13.43485786939895 19.3 1.160834682011429
938 -11.98367333001974 19.3 1.404930764366284
939 -11.46947446901182 19.3 2.783741467718794
940 -10.53248879146074 19.3 1.649026851597369
941 -9.081304249454501 19.3 1.893122946841561
942 -10.74530146607576 19.3 -9.970237194727591
943 -11.67769081249843 19.3 -8.825713712147719
944 -9.855385115891689 19.3 -11.08123860265151
945 -11.24514497160113 19.3 -11.26759794499257
946 -8.916026388341791 19.3 -12.20226224144838
947 -14.81529518744696 19.3 0.9449533163604008
948 -14.30109632561884 19.3 2.323764014836682
949 -15.30738141902014 19.3 -0.4196145290331094
950 -16.17361987524002 19.3 0.7433148037921434
951 -15.76048365759461 19.3 -1.753678456938415
952 -12.4064601490387 19.3 3.918456098559208
953 -10.9552756104797 19.3 4.162552185790293
954 -13.81860270025436 19.3 3.706598764245349
955 -13.30440384172224 19.3 5.085409482316848
956 -15.19904001830238 19.3 3.490717398594322
957 -10.44107673234157 19.3 5.541362925144999
958 -9.504091052314685 19.3 4.406648294304585
959 -8.052906491096222 19.3 4.650744417927646
960 -8.567105369234351 19.3 3.27193367857294
961 -7.630119688236038 19.3 2.137219070464622
962 -11.3780624288096 19.3 6.676077538860619
963 -9.926877870644589 19.3 6.920173647374912
964 -12.80651095123762 19.3 6.360725838694357
965 -12.29231208954064 19.3 7.73953656092427
966 -14.21865350245328 19.3 6.148868504380498
967 -14.75246234172583 19.3 -5.349236315705581
968 -15.62835138362475 19.3 -4.169775002723943
969 -13.59010636457342 19.3 -6.564969938087909
970 -15.23908558172107 19.3 -6.669179755554751
971 -12.64852495389016 19.3 -7.689872132581936
972 -9.412674229235868 19.3 8.298993839429436
973 -8.475688532767837 19.3 7.164279225713815
974 -7.024536351424471 19.3 7.408400998637775
975 -7.53873999283319 19.3 6.029580806583252
976 -6.601754309752857 19.3 4.894866190851607
977 -10.34965897484026 19.3 9.433706476422154
978 -8.89846963696351 19.3 9.677812054761057
979 -11.77087095127306 19.3 9.130507862101849
980 -11.2566663590007 19.3 10.50932607743347
981 -13.19931947370108 19.3 8.815156161935587
982 -7.205620700001613 19.3 -14.66806819297254
983 -8.140134220318261 19.3 -13.52025180556705
984 -5.963626186349152 19.3 -15.73584774256438
985 -7.561449771717534 19.3 -16.08235803074567
986 1.539819855272903 19.3 -16.88566938642937
987 0.090427553416218 19.3 -17.14187699870365
988 -0.4824340504107092 19.3 -18.18066829029524
989 -1.427827790024784 19.3 -17.00531448582282
990 3.772350980011126 19.3 14.28866136339552
991 4.282784020772886 19.3 15.56248718490542
992 3.227083885178546 19.3 12.98428046521181
993 -8.393923105514375 19.3 11.07209712353303
994 -7.456938359909982 19.3 9.937384486540315
995 -6.510492500672092 19.3 8.787326356721902
996 -12.19365777653131 19.3 11.64403321041426
997 -10.77244580009851 19.3 11.94723182473456
998 -9.367101047482732 19.3 12.26193376135487
999 -7.925569770429204 19.3 12.52150619313412
1000 -4.819163010946227 19.3 -1.26692474849862
1001 -5.756149226997653 19.3 -0.1322099735976217
1002 -6.693134889224673 19.3 1.002504579907488
1003 -5.664739522924264 19.3 3.760126606443615
1004 -6.178936009004522 19.3 2.381315311638867
1005 -16.48842390675468 19.3 3.332346903323152
1006 -16.0059302813902 19.3 4.71518165273182
1007 -15.65216436960045 19.3 5.949096856721362
1008 -15.15427147911582 19.3 7.224413213098872
1009 -16.94154825805274 19.3 5.790726361450193
1010 16.1979624417319 19.3 4.785158160018346
1011 14.70862995890531 19.3 7.201611832453785
1012 15.61676177813181 19.3 6.060671512022564
1013 16.83376335239657 19.3 6.216993615267949
1014 13.48678905691643 19.3 -9.741165628355297
1015 12.96807397669358 19.3 -11.07978768479271
1016 12.64826945309967 19.3 -12.47402249982953
1017 12.35120900925173 19.3 -13.8333251369322
1018 13.92616049834799 19.3 -12.25303714186934
1019 13.68726373543019 19.3 12.45199078072187
1020 12.74313648484677 19.3 13.49995917898972
1021 7.297010434914492 19.3 -16.22367305527008
1022 5.654028815253484 19.3 -16.21564319745053
1023 4.322521980614473 19.3 -16.08514325672439
1024 2.867784515319414 19.3 -16.30840799631645
1025 3.429311772403726 19.3 16.36365373552946
1026 4.838902973835301 19.3 16.58596763257006
1027 6.080588715289899 19.3 17.18816719581456
1028 7.433256786635425 19.3 17.43875134311787
1029 -13.77486971741822 19.3 11.40676749085456
1030 -13.29064915851603 19.3 12.84467323815565
1031 -14.61308648448151 19.3 8.229477712895228
1032 -14.09164534621393 19.3 9.620449014072808
1033 -7.412441103499002 19.3 13.90617931216056
1034 17.26681792842216 19.3 -7.659128772997578
1035 17.78513974407826 19.3 1.194920235664933
1036 17.07761498337871 19.3 -0.1880165192964905
1037 19.25366069847951 19.3 0.7753118931371479
1038 4.070785283006549 19.3 7.981373846233721
1039 -0.1342473146151208 19.3 -6.940420591806388
1040 17.84062839760073 19.3 -1.252241139532995
1041 19.29079032142667 19.3 -0.8644435412661541
1042 -17.54436222037017 19.3 0.4146210405020526
1043 -17.052275988797 19.3 1.779188885895563
1044 -16.11836392598343 19.3 -2.868220321065524
1045 -17.02358637520202 19.3 -1.735794905728476
1046 -18.14325733740545 19.3 -0.8648347142853356
1047 -19.02191345096243 19.3 0.1710393678180837
1048 -15.37713245365378 19.3 -8.139598486270202
1049 -16.53948843080619 19.3 -6.923864863887873
1050 -17.84751488734207 19.3 -7.610162885614661
1051 -13.10589546317693 19.3 -9.020754957502863
1052 -13.3542880323022 19.3 -10.25415328210228
1053 -14.32512217369393 19.3 -9.118311702536495
1054 -11.60309552515474 19.3 -12.54424253571729
1055 -12.49301187533881 19.3 -11.43324112779337
1056 -13.71223858585581 19.3 -11.53079787282701
1057 -10.85907727768582 19.3 -13.40788580046044
1058 -12.10694418142351 19.3 -13.57352898326125
1059 -9.579336453393527 19.3 -13.69658891703516
1060 -13.13621744908729 19.3 -13.957296107137
1061 -14.14523255274144 19.3 -13.07591841200721
1062 7.646251147819894 19.3 -17.7863989130435
1063 -0.04048580616378472 19.3 -19.25553642158969
1064 17.63015621728542 19.3 7.071960226206802
1065 -7.609482161560708 19.3 -17.63970858148264
1066 -16.04659735162867 19.3 8.029706065236091
1067 -17.85854891477973 19.3 6.764909136321257
1068 -17.34382254655818 19.3 7.975865203754313
1069 17.19541663352925 17.67347354976371 -11.41705921186711
1070 16.99071071109704 17.66960279090284 11.71321346237001
1071 -11.1789734060321 17.88637128941231 17.59124046972837
1072 -16.95141208558218 1.847213260424513 11.42325316465667
1073 -3.8977829328454 1.615070076436387 20.27998457820259
1074 -20.21964856349997 17.68639298656823 4.206239205983986
1075 -20.12048993181168 1.827255289365746 -3.705074579020204
1076 -16.92226563370417 17.48150655561779 -11.51156851723739
1077 -11.40516383611107 1.762908704569297 -17.05385639347733
1078 -3.835810432633107 17.66327471005546 -20.27137402009775
1079 4.270878380059435 1.673009939282402 -20.15005201797131
1080 11.34530256438946 17.59810704480778 -17.15991698613136
1081 3.945967703530858 17.63545690741567 20.22410527198584
1082 11.31642684273846 1.692146532840342 17.1896116012128
1083 15.50385327475992 1.728336715895461 -13.48414202421086
1084 17.41325600553832 8.221305493604746 2.427040075357254
1085 -11.60216089153934 1.58650246140024 17.11609934385384
1086 -17.06012688262058 1.713684779524466 -11.47561173539947
1087 -20.04001316412456 1.905877128741817 3.760744142467702
1088 -4.237008382420364 1.568212120289703 -20.25655320844851
1089 4.071246007979543 1.677582854634104 20.18705974733889
1090 -17.23439523236996 17.67277678179569 11.35696116858347
1091 -11.54566437216902 17.62176755162857 -17.05184924498886
1092 -20.28787743393162 17.71605208246201 -4.008972104502366
1093 4.41668232762061 17.91152807671235 -20.39458372766287
1094 -3.716608380558272 17.42664415085132 20.07709799589942
1095 11.72645744662756 17.67717116842351 16.99009397351619
1096 17.42873116836196 8.286450774802116 -2.25356938924119
1097 17.02069443368446 1.737721915065063 11.49516851717141
1098 18.10477751941934 13.84928950501705 2.428587529631518
1099 18.08795635895687 13.79370363133713 -2.395871030707187
1100 18.37533446136419 1.682909355359755 -9.286483196974666
1101 11.30688333169648 1.378941428381967 -17.54966456907997
1102 19.44127110234438 1.777287408263906 6.513066736038401
1103 19.45047764577613 17.51190922475301 6.454927524290301
1104 19.50102758028001 17.59989401634458 -6.554046602946489
1105 19.44722551947085 2.949676234680265 -2.28088689334461
1106 19.44090600955854 2.93260744103352 2.431049667423151
1107 20.12153488673945 17.51081489504841 3.882134320392006
1108 20.13343850755775 17.52811990890408 -3.902089664954908
1109 18.31397352890639 15.35625343409223 -4.928476682365142
1110 17.21930242328382 12.69221507154582 -4.865618612373621
1111 16.91566279211563 14.21133338934793 -7.26967955440618
1112 16.07308400237257 11.52703953023627 -7.280226404095698
1113 15.38647541957235 13.27337586707653 -9.465043955996551
1114 14.67303713221668 10.49079320311272 -9.582288424402194
1115 13.5582070237639 12.33620571210606 -11.54013912457126
1116 12.95287259692137 9.486481173471276 -11.76142478804405
1117 11.4779108988804 11.41106656135291 -13.37779297075675
1118 10.95964346483705 8.530733782445164 -13.70467664888241
1119 9.178840241567277 10.49463909355827 -14.92905921827118
1120 8.748189062877179 7.612881141212772 -15.35465184412564
1121 6.668985629293606 9.536345312443657 -16.17442943678403
1122 7.352645538021862 12.39492589657673 -16.23061393414676
1123 4.664655577098137 11.49889081209344 -17.01258307008519
1124 4.010174415525056 8.61916126120888 -17.07532468955791
1125 1.902391909861411 10.62056093268702 -17.43127221357494
1126 1.281992138102732 7.737900743791295 -17.6040740997684
1127 -0.9087891732090926 9.71755948594833 -17.47138401952506
1128 14.49046302176664 7.602001456282862 -10.11880334390164
1129 -0.2785802286673259 12.55012858219809 -17.85441148450137
1130 -3.040357876930403 11.59673561971801 -17.39269235148861
1131 -3.669245767502458 8.78338469052318 -17.13827677698953
1132 -5.704568192881332 10.73857476107658 -16.59182593987266
1133 -6.424590302476823 8.011384395346713 -16.39526139706031
1134 -8.297698135755683 9.997663714773466 -15.40765356482621
1135 -9.04483733156313 7.128479032255051 -15.292675423074
1136 -10.67230540199755 9.11858852421739 -13.87764924451712
1137 -11.50094910420544 6.257310823840001 -13.83726833235394
1138 -12.81461998339837 8.176038352928602 -12.04552773014895
1139 -12.38400606119439 11.08568848247913 -12.48112418188083
1140 -14.15798966613199 10.13877382173022 -10.294368166016
1141 -14.6743960789037 7.240823318098679 -9.974225693491841
1142 -15.60700496856475 9.139677383801816 -7.929441136977001
1143 -16.24579752847146 6.301683865461059 -7.703269442106221
1144 -16.728298144639 8.092081501847415 -5.464043530321583
1145 -16.55514896309107 11.12162864153962 -5.935145152325426
1146 -17.20355970335864 9.97274681908152 -3.203177180463898
1147 -17.56976319291076 6.890233810362119 -2.987382723789231
1148 -17.52172863471499 8.742901421222241 -0.5289986075505293
1149 -17.6635530785243 11.7840490947257 -0.9540742353548157
1150 -17.45116860572617 10.72895098462434 1.804540846512353
1151 -17.51838167648882 7.670990451463952 2.246781970999767
1152 -16.9124006222414 9.627650024685954 4.476587830843373
1153 -17.16500612148313 6.705400960753894 4.962468513258193
1154 -16.06086611488429 8.522794303374821 7.07157410158718
1155 -16.29061851491211 11.43851811102093 6.743197814782232
1156 -14.94594083520373 10.32611581981678 9.130478056604016
1157 -14.91540510049774 7.414274890326157 9.545673852201176
1158 -13.3521158189925 9.162894480724493 11.3199502782682
1159 -13.50324946905862 6.296740408506291 11.87354933431222
1160 -11.55150307294326 7.978005162760011 13.29696339011182
1161 -11.72555421619096 10.911249405476 13.07472866557811
1162 -9.563248365761011 9.680793785636252 14.64971259514524
1163 -7.401480041493823 5.156553514791676 -16.8276170614365
1164 -9.54160203590358 6.782429524452127 15.08385210664423
1165 -7.274602996705024 8.43161937659081 15.97993443768749
1166 -7.523383192698783 11.36384998952881 15.93294868891822
1167 -5.009775051842615 10.12009000088568 16.77194845178202
1168 -4.842933528732341 7.191407362252823 17.08035893711964
1169 -2.41265774974452 8.828341020908328 17.35655540470572
1170 -2.658667334273953 11.75842774242288 17.48362957559325
1171 -0.02080487068937195 10.51118483283295 17.52625159698221
1172 0.2291523332323045 7.571459756615404 17.67775021524613
1173 2.621078127660149 9.211590180974335 17.30558708796122
1174 -0.2771576906731974 13.37567251407449 18.09600886999089
1175 -7.742845000054546 13.11488787298521 -16.26589297900295
1176 -14.1578485594107 12.98552984806422 -11.07636782381729
1177 -12.51134588341711 13.90167404720963 -13.33721332895308
1178 2.890799997760976 6.316990195711619 17.7411161075178
1179 5.218933927253466 7.875084305156978 16.83877876952551
1180 5.062267459098362 10.813874783354 16.80647255869179
1181 7.493060985498111 9.457560867188983 15.81067099933903
1182 7.490218413438467 12.40869414243926 16.17122372217266
1183 9.699328202845564 11.14201287088184 14.67353605846888
1184 9.840184655056015 8.140350528747684 14.58217825107739
1185 11.68677357715468 9.770327393663701 13.01956889646019
1186 12.02299967500152 6.860809589041828 13.16518728286696
1187 13.52948545176822 8.414052217736668 11.19355418380207
1188 13.48645029673381 11.32926651571723 11.33132163466152
1189 14.90179335754786 10.01121175374335 9.175967565200422
1190 15.20040517658514 7.099895661863128 9.211195205800307
1191 0.4262292207877413 4.813557559472872 18.52609922315148
1192 15.19279543984728 12.862794214612 9.541331761706463
1193 16.14939540491373 11.58067456038277 7.131068248741456
1194 14.00315841021247 14.12590897653851 11.89947074619164
1195 -18.11890085446433 13.61651321603451 1.502968820464126
1196 -15.60292528138636 13.193830840341 9.05342083376904
1197 -17.16542653921364 14.25539249173149 6.709685656814863
1198 12.48344049495773 14.14980702365156 -13.49854297020312
1199 5.548679882364102 5.066216951009037 17.56551844097532
1200 10.9026192037977 5.765187117752951 -14.51343108461461
1201 4.9369659356872 13.67407255780336 17.51950466972527
1202 8.761012530849674 4.884932593524953 -16.29313260226255
1203 3.592694969125257 5.807920237903192 -17.77813922092049
1204 0.7220756762656511 5.010742484638713 -18.43045683157058
1205 7.680349023400076 15.20739713950919 17.25239948708709
1206 5.326657680540102 14.27151759107225 -17.65080351061508
1207 16.81306682427298 14.37647823315247 7.675658640988153
1208 -18.51937688939272 14.57137183810173 -1.364109269301401
1209 10.35030364010433 5.340859701556603 15.10312795739777
1210 12.81079513013652 4.26906209454359 13.74921007784995
1211 -18.37571328844782 4.666739039318168 2.867806724746192
1212 8.735432097216815 15.44458299471584 -16.88949089383781
1213 -2.345599482502667 14.15167900800177 -18.23659784095468
1214 0.1138659082325904 15.46574902884996 -19.0264142611747
1215 -18.06251377964578 4.035005825235568 5.616770538333224
1216 -19.63143149552116 2.847798759670264 0.8890298883008961
1217 -3.094913699485162 14.67067252789314 18.35657681681641
1218 -0.8831748779934968 16.12383202983547 19.40813788633207
1219 -5.847523036866513 15.81733245682674 18.32345802042783
1220 2.373993139791387 15.32986675717475 18.80172600320903
1221 -19.47355668993709 16.22224527012805 0.8808179707405764
1222 -15.54637266757433 4.557191114196827 10.30179703664162
1223 -14.12153416944772 3.493346173530423 13.04889169500756
1224 -17.46918090366233 3.06889037108491 8.663419924363827
1225 -18.29528290184381 5.37249343723499 -0.2525524123561654
1226 -15.82451052168587 4.218279280407035 -10.18459982404106
1227 -17.48327639716009 3.63303493438745 -7.797489153975897
1228 -14.66095703673544 15.67601714393516 -12.31777908423859
1229 -15.9758638883723 14.88844297029314 -9.758946766263017
1230 -18.17364041735929 17.37691649031912 -9.211714438846252
1231 -17.18115494164068 14.52289718816916 -6.986826518850333
1232 16.81596051140837 9.402145132298099 -4.835589085576744
1233 -18.5450614735975 4.248386765953171 -3.104346829416416
1234 -13.1161654433164 16.46664607324281 -14.64754831690304
1235 -10.70300132841282 14.96097886224631 -15.40353068497346
1236 -8.636316504069345 16.08078891587101 -17.37178823781588
1237 -6.343404359287095 15.00157231152796 -17.67357995427197
1238 14.15582092275037 5.587882573334734 11.4640511099742
1239 16.23671940368234 4.129325045762032 9.605490233101969
1240 16.73818885037316 5.681144656869272 7.10048658854926
1241 -1.455911628046873 6.774348942083235 -17.79093666987146
1242 -2.463604119969312 3.674884464086451 -18.95922713757245
1243 0.1371826110904245 2.483404103726893 -19.91856799252227
1244 -4.314120226961285 5.654337392325701 -17.67262419387096
1245 -17.55397464702612 12.93420337509513 -3.801290969928273
1246 -11.72756448940982 5.208340422672837 14.12928932824388
1247 6.346158809419968 6.648605857331887 -16.71879711474834
1248 5.863053138107198 3.740768967809777 -18.15709716001243
1249 18.29210146789935 15.32080982443328 4.934732703395011
1250 -2.319512662401486 5.945480902749901 17.94180613410579
1251 -4.831307918381988 3.954096466895727 18.33394376563819
1252 -13.75898026701453 12.09669667594304 11.21576662104771
1253 -12.51614392655325 13.77150835580436 13.26491178319471
1254 -15.01934301655155 15.3158351799079 11.54420739018629
1255 -13.54218749671433 16.09576309952912 13.90511692421144
1256 -9.958044627994219 12.6035481227517 14.83857769351586
1257 -8.124652156143322 14.18644308959017 16.51046027903012
1258 2.557042277017365 13.46590698759734 -17.94730521676326
1259 -7.298324076422945 5.478375185787235 16.73416714212413
1260 -7.560560008062557 3.202394371749897 17.8781340927529
1261 12.81785271710787 6.592578840655976 -12.49106944244966
1262 14.86779724115722 4.68997980232729 -11.15519972249671
1263 16.08292323731987 5.709444911144604 -8.459176493739536
1264 13.10835883120466 3.901999203009005 -13.73832270287673
1265 15.78649704048437 8.526104808054381 -7.663808661653198
1266 16.91674630560679 6.335197206198076 -6.06098852798917
1267 17.69810402755049 3.835685481039423 -6.983095439336601
1268 11.94041704728402 12.73133430900857 13.34095682608914
1269 12.26146411055793 15.6633371105059 14.69830055744593
1270 10.08897697641141 14.19358462908411 15.3924436682814
1271 -13.79201108855944 5.3422470558218 -12.04133609901259
1272 -12.60683298939546 3.58866835800105 -14.44110713116473
1273 -10.08283255308819 4.336455535525827 -15.81796390395394
1274 -17.38897088873939 12.60038745627972 4.115890993663055
1275 10.08626552059192 13.32435731430027 -15.00655989924488
1276 6.604039947221005 16.71377151054653 -18.71007011055755
1277 2.402706930109459 12.2194524495569 17.614715991897
1278 -5.397417514132536 13.07022970016645 17.17289902922667
1279 -15.51478949114203 12.16570785561626 -8.65570352852661
1280 16.0892805292227 8.570254152667202 6.995517577905384
1281 16.85035872722931 9.919476787929547 4.716083536762293
1282 7.755207047201425 6.524552661407511 16.15060329754219
1283 8.882312014373941 3.654117195897618 16.94383169825579
1284 -10.27991041625051 12.00933005966055 -14.44928554960017
1285 -8.5772581489726 16.70445032325354 17.88392588639399
1286 -16.50440314053307 5.669028973128531 7.638462930962119
1287 14.93473200403186 15.43872524959807 -11.76397236279242
1288 13.59742999502639 16.31065843745315 -14.05138790426334
1289 -9.813621603750759 3.930197453441649 16.23787570936723
1290 -5.902262858374582 3.329767240347746 -18.40599560171496
1291 -8.631428361936743 2.743509957092997 -17.73726574729412
1292 18.15346907979491 5.438347177643517 -2.074799402278596
1293 17.42106433496976 11.07417035952984 -2.366254828359009
1294 18.10670045588623 5.451431781847776 2.412131107880294
1295 18.32176667505911 3.970754723379224 4.841557921602999
1296 -19.3170657390152 1.769714547393075 6.89291194909005
1297 -11.01412052305968 15.67029443124344 15.65983674428835
1298 -6.620039248631528 17.41057280644854 -19.30038167923966
1299 -16.9489679735477 15.86908256224352 9.159851351162088
1300 -18.62139459637156 16.68021336074677 6.777426954774239
1301 -18.50680717708794 15.28790193752926 3.971221171522393
1302 16.48164025790756 2.568196695299198 -11.07118902178557
1303 -1.937741403094503 3.320500936500854 19.23772006830333
1304 0.8287487237668931 2.156082729567419 20.16136757369127
1305 -18.53987246855207 15.51441579791897 -4.398352541424524
1306 14.84248157152817 16.54528163155997 12.9805379183974
1307 13.99588168962815 17.82021194688085 15.35824088479017
1308 -17.52266604017201 5.296294094754961 -5.369674768500488
1309 8.765090824945503 2.563344358951974 -17.8194679308698
1310 7.133727241392864 1.41222794959701 -19.58540275903113
1311 17.22943986337967 6.744140085976332 4.696376109814098
1312 -14.81079366749874 2.866794798779107 -12.89568866672888
1313 14.91346970301419 3.180954857497782 12.4467799685741
1314 18.37855947979208 1.814887543402471 9.01325458117298
1315 13.80479381084127 1.850853385083421 15.07108955792543
1316 15.96134592213056 15.47763510519535 10.36866849641634
1317 17.96694288967343 16.97463776591458 8.880722121410848
1318 6.285447791238923 2.732931921467951 18.70579463931951
1319 16.72835587477712 15.78288665321505 -9.449680680358505
1320 18.60379512921192 17.75767405226241 -9.120795031598924
1321 19.51867691663114 1.656796342140862 -6.625698006728694
1322 -15.3562649123119 17.8247936383878 -14.00457337912086
1323 13.47424405784469 1.593118010743888 -15.67673800697698
1324 -13.75429624654288 1.558722690731091 15.47478245683696
1325 -18.58649427260383 1.525991316900951 -9.190938922750236
1326 8.810119704519035 1.444553779923227 18.85611284195583
1327 -20.75742617408022 1.47613441895909 -1.017439875465999
1328 -14.03829534689678 1.478656110468149 -15.32095433698735
1329 -15.68608492193773 1.321575237820179 13.86197540549404
1330 1.158508136677043 17.72549665058965 20.65656559776256
1331 6.646117107970006 17.6496582746158 19.51801212195411
1332 8.858734689476371 17.86664689252595 -18.84530414319795
1333 -1.205030862578215 17.73633048751263 -20.66409409128249
1334 -19.42527962515531 17.49302346232813 -6.477376001330355
1335 -20.77047727707161 17.84670018598126 -1.186143857514666
1336 9.290356795457654 17.68169987278018 18.44006163877503
1337 17.44682443925898 11.07465984081638 2.168652450408837
1338 3.123470092984431 3.804536123951759 18.78573699999139
1339 17.21940420539911 12.91657061140163 5.089308755859989
1340 1.524909558492495 17.747512415778 -20.65350908000802
1341 -19.55645968381634 1.585709913631796 -6.719117092734416
1342 18.38384330738244 4.014000898573637 -4.501962738350299
1343 -7.007027543172642 17.8934940447711 19.63701114887884
1344 11.32986392143313 15.59174610549127 -15.37563634474735
1345 20.35500062706176 1.474024234915872 4.202864353508125
1346 -18.79400569681951 17.91098612258109 9.066935562346741
1347 20.35031271853024 1.512405906153651 -4.04119743051146
1348 2.824559597784889 3.400402309756275 -19.07678794155397
1349 -1.24624601412478 18.02311085367283 20.94107980619041
1350 -7.125025408704469 1.36151937841964 -19.64144613266445
1351 -9.383434715556989 1.44812063540682 18.57360716482764
1352 2.996912872441789 15.83544489932954 -19.01023470723344
1353 5.045505358483376 15.87487449368231 18.5970881926644
1354 -13.5602740424138 17.85712423111546 15.79106436081916
1355 -1.617355819317189 1.384958239505211 20.80802794063404
1356 -6.595033008557313 1.492768612603932 19.69135657913077
1357 -15.59141231686236 17.7808911841628 13.67881436171365
1358 11.16968321357217 3.415259139266206 -15.70933663837913
1359 -21.03697387291559 18.12603557410332 1.392129357351205
1360 -9.357699827035162 18.0038718395955 -18.75381255837912
1361 15.57460321797808 17.81560361565357 -13.74803610257316
1362 -18.76122837660428 1.283530856723164 9.371134050512731
1363 -18.60699918145677 3.252957286590758 -5.41273268326171
1364 -2.046991657462288 1.428131586652604 -20.72784232398348
1365 13.39610287462327 17.85179003361873 -15.92383642899343
1366 15.8466199581953 1.304874774753685 13.70364672245933
1367 -15.91476074596442 1.160519372059282 -13.84913827139023
1368 -12.13273273161557 3.165631853047457 15.18293284115122
1369 -19.37484385481293 3.1837905613878 -1.370106264458743
1370 17.75564543926096 3.475004478193327 7.406785969321998
1371 9.881018738341979 16.02346651117292 16.65221293514436
1372 16.80726930916974 3.612353789939426 -9.189766549668416
1373 11.47124868370483 3.385300664039076 15.51375488759795
1374 2.168460320236843 1.421582009489388 -20.72188338871751
1375 -13.91502492196595 18.15793438863282 -15.88264211829633
1376 17.97228875506578 16.18776721125082 -7.489670728752166
1377 -21.08416469911131 1.13255203289417 1.327593461220831
1378 -4.947148557553045 13.04375831289305 -17.29968474677586
1379 -4.281499241929288 15.75284091164569 -18.71106244360455
1380 15.92069978075114 18.19611142516517 13.93208976963107
1381 -9.386531838211774 1.115410424115705 -18.94608460878428
1382 20.80063894102406 1.349847788839496 2.089860030638405
1383 20.86397372596442 1.297367974477446 -1.978532797638388
1384 6.758189113859354 1.086676328915269 20.06651102789473
1385 18.06714858299652 16.0226942210701 6.963453748715872
1386 -19.46014509669363 16.33626431343414 -2.078678139556642
1387 -2.315028909348994 16.20009959689225 -19.3406019655854
1388 19.3612746915926 16.21542818755094 -2.226729912706749
1389 19.35624421544202 16.2083937226577 2.229299411867292
1390 -20.11441295229843 18.28217398883826 6.844897470445068
1391 -17.20088614207553 2.765114951975457 -9.624370153653404
1392 -9.365006089213027 18.28437750522586 19.07457200979744
1393 6.774816516428337 18.27862616475104 -20.13411453291548
1394 17.70649099443864 1.002641253205192 -11.77351566344268
1395 9.424618915918899 1.010281262090794 -19.0515839601573
1396 17.40881547335246 6.824506339321398 -3.889065837906617
1397 21.01668104343613 18.13325814050295 1.762353691380382
1398 21.00939167923448 18.12907906771419 -1.797273295706854
1399 21.74343998633443 18.73459976911977 0.8805733986232871
1400 20.7138171356754 17.77166165685538 0.8812610777241123
1401 20.71065279222224 17.76911766554543 -0.8987434083983195
1402 21.73995782421409 18.73230380400765 -0.8980278542000688
1403 21.63806610830361 18.73928143324078 -2.364828492872086
1404 21.64203355485654 18.74098828275377 2.347420504435859
1405 20.61355672427879 1.62704838315025 1.045424007920548
1406 21.6317312786139 0.6530175277345052 1.044032875687096
1407 21.66428914809537 0.6276887449733177 -0.9884589195607626
1408 20.64278988400182 1.598594341083732 -0.9896166613677899
1409 21.5596502816746 0.6174787740768011 -2.454715389438325
1410 21.52541291366142 0.6408470827067685 2.510007584038252
1411 19.0984376647728 15.6459706116574 -1.11380385702539
1412 19.88555671627139 16.81353744365494 -1.113444611973186
1413 19.88288742184751 16.81013873169934 1.114720826493231
1414 19.09619307249773 15.64229730885019 1.115104975085253
1415 20.13619240134388 17.21346228418419 -2.007103427125851
1416 20.13689223193834 17.21238148399031 1.990925548544566
1417 18.47921585274383 14.45994523644422 1.215382434634014
1418 17.98262804118894 13.14375940466273 1.215288747431778
1419 17.97506288593726 13.1157466483309 -1.198973945430258
1420 18.46840734027495 14.43326683423026 -1.198854349860407
1421 18.66514007041825 15.06282896726206 2.320815294643738
1422 18.65565395762126 15.04022698118693 -2.302788099122763
1423 17.47615365676932 10.36098356471666 -1.184361933089915
1424 17.64472457262682 11.75737586763373 -1.184381010383909
1425 17.6513596670549 11.75875545035569 1.085090397291055
1426 17.48263823055452 10.36161469425483 1.085059881832992
1427 17.69241276344894 12.48275823751951 2.287836913623224
1428 17.67434756783997 12.45371175700736 -2.370312274180241
1429 17.47418550531388 8.936875271147761 1.214921157080295
1430 17.64298494667122 7.540759558013197 1.214955179008999
1431 17.64315490993381 7.571917103800148 -1.127633003787735
1432 17.47810803039447 8.969171120916815 -1.12783891320924
1433 17.3447357450516 9.647967855850553 2.286600357998256
1434 17.34312661749759 9.680523847400318 -2.299072209728235
1435 18.49459441561289 4.82987030661941 -1.037825356543917
1436 17.99666705845151 6.146861487316176 -1.037654319202018
1437 17.98311838005786 6.156454501605842 1.207022119470091
1438 18.47969343316446 4.84019858294828 1.20711518236697
1439 17.67683021149293 6.815613551470321 2.408257663923078
1440 17.70343287442334 6.840761771676203 -2.153520182057562
1441 19.93316802461111 2.422625701775635 -1.14079017937393
1442 19.13813188147505 3.584683139033575 -1.140696441928819
1443 19.13765226015461 3.577764094530097 1.21596481937771
1444 19.93333105944775 2.41667951585437 1.21609716976965
1445 18.7264956857842 4.154911003377983 -2.169288133980645
1446 18.69835487783487 4.151982904844942 2.411858475119421
1447 20.11882890953796 2.092710704645538 -2.125824525711867
1448 20.08733171234744 2.11331549277432 2.256697968680155
1449 21.17519131240782 18.46555754113928 -3.412167657371769
1450 20.89018301433031 18.46383492808518 -4.852723451798623
1451 20.58123697126078 17.81909469401764 -2.851042068473502
1452 20.57709960480966 18.49731600588738 -6.176706672737519
1453 20.1058605684457 18.49625581439648 -7.567796656350018
1454 19.84133863179712 17.54159873090838 -5.234427531125725
1455 19.66455024522731 18.56802189376611 -8.851635624042421
1456 19.01532944828746 18.56720800106702 -10.16969858160796
1457 19.0743637648101 17.6568745268123 -7.846451184737617
1458 18.30805599848933 18.5302703981607 -11.31348443771235
1459 17.49266034372759 18.52924497376328 -12.53540173450661
1460 17.91987814424161 17.69381650097243 -10.28055723199326
1461 16.68897904438971 18.59316188921155 -13.70324925886131
1462 15.71936877431023 18.59429827339668 -14.80741283428928
1463 16.40528200406828 17.7205955069329 -12.59811520296227
1464 14.63553625523536 18.60592441726008 -15.89789649535781
1465 13.52664355671878 18.61313569006476 -16.86224386140982
1466 14.50614662963241 17.80525813500713 -14.85723310791485
1467 12.49753218113037 18.49511190996601 -17.47207070646217
1468 11.27550057125678 18.49682170651795 -18.28681984416831
1469 12.38110986089457 17.70871533567368 -16.55579294608379
1470 10.04252548363939 18.61306134186464 -19.14286514076887
1471 8.722024737341727 18.61963256075485 -19.78786692926251
1472 10.11564994962291 17.70636975341522 -18.02690267923423
1473 7.68819699585045 18.80466918235785 -20.44899925418161
1474 6.295301663893059 18.80560389171326 -20.92102506729233
1475 7.822169166328445 18.05793536205719 -19.50315720810389
1476 5.113226403376352 18.63973301554763 -21.03586276430308
1477 3.672705382708904 18.63379572996989 -21.32749648706682
1478 5.599452061143172 18.08088456472457 -20.27775780286295
1479 2.227229137789589 18.56440301627523 -21.44540954788634
1480 0.7612964494585212 18.5615082840286 -21.54397489432932
1481 2.974523517006008 17.80466211111429 -20.54979872818852
1482 -0.6015197055057347 18.55920818349562 -21.54638024013757
1483 -2.0677204565314 18.55668150277103 -21.4524501074264
1484 0.1601248829647522 17.71947759517712 -20.68276648833118
1485 -3.380116775732665 18.5267144975477 -21.25041205837436
1486 -4.82139941000946 18.52343840035329 -20.96660632837719
1487 -2.52322036250654 17.67855250293886 -20.49046987166486
1488 -6.206918795065053 18.41182420449909 -20.46800199670845
1489 -7.596725044285774 18.41293773485884 -19.99518633892136
1490 -5.235177922187074 17.51157836264805 -19.8133282415643
1491 -8.974862148349539 18.67826419910141 -19.75035719796691
1492 -10.29267570608516 18.6799061907583 -19.09895735541609
1493 -7.996280147266738 17.68942007880118 -19.04474697336403
1494 -11.37703018756506 18.50546266613204 -18.2353684882186
1495 -12.5972689932424 18.50761548930278 -17.41778703523628
1496 -10.46260549519856 17.79218215260879 -17.92154173716217
1497 -13.79525457289318 18.74964367951537 -16.85332276663993
1498 -14.90086826989478 18.74947281865874 -15.88391188833826
1499 -12.74039040787266 17.87390207597653 -16.48024030321995
1500 -15.6092220433198 18.60079982827895 -14.93440786012738
1501 -16.58246719008973 18.59397621812033 -13.83342562304795
1502 -14.64600307984017 17.97663427367254 -14.95418386758009
1503 -17.34681085058127 18.44531234019628 -12.57568045440923
1504 -18.16468285200365 18.44239938500017 -11.35625472187233
1505 -16.16005291250345 17.628849999496 -12.77450355369377
1506 -18.78124689337563 18.39921454215367 -10.20458183543825
1507 -19.43354132121169 18.39536541680064 -8.88958132522284
1508 -17.56832142351181 17.40858532290602 -10.37366852399098
1509 -20.06307714744575 18.44809454315042 -7.527665198985178
1510 -20.53349029339878 18.44998574275951 -6.136709809567641
1511 -18.82826918329454 17.40775452335707 -7.856566564004485
1512 -20.97610428629826 18.54867097723359 -4.90812777672618
1513 -21.26234756185282 18.54911260041309 -3.467142048835035
1514 -19.87776732974609 17.58464424534992 -5.248769003087134
1515 -21.5108920377763 18.60622460576379 -2.058802023774679
1516 -21.60451158961922 18.60917408658052 -0.5922296292815209
1517 -20.55478524228212 17.75699084813977 -2.600798148382571
1518 -21.75040800405746 18.73481632245161 0.6954865904368308
1519 -21.65406181360359 18.73503707029088 2.162668658126193
1520 -20.92250984321295 17.96771684565105 0.1030853000922603
1521 -21.22842564674358 18.53393047962042 3.56563473348053
1522 -20.93923704082833 18.53700145337273 5.00592786432339
1523 -20.65106815009111 17.88386178993892 2.802272311771123
1524 -20.91174933523711 18.80665231081441 6.330493161671052
1525 -20.43880181357518 18.80691760307952 7.723084315414796
1526 -20.18106489487284 17.96982820712496 5.52941355389583
1527 -19.76512648672484 18.63831945985268 8.827258473395853
1528 -19.117364889339 18.63528393773167 10.14656634574475
1529 -19.46986945949578 18.0793244439935 7.962320823253827
1530 -18.32706575994731 18.53052324254178 11.28321455267547
1531 -17.51254568668221 18.52828021985641 12.50571148493173
1532 -18.03452553690763 17.76974332140095 10.22347030835631
1533 -16.69576012750872 18.57804833569378 13.66736785761964
1534 -15.7269033283299 18.57811845953511 14.77204657875531
1535 -16.43351980327996 17.70264734244154 12.53361131635683
1536 -14.71641490374572 18.6105368418069 15.83039655079216
1537 -13.60948401395669 18.61418915231484 16.79703676689522
1538 -14.59481071688494 17.79331026400791 14.75411393029273
1539 -12.42437683951174 18.62101563430853 17.70136081512967
1540 -11.19863426192169 18.62906742836393 18.51220072733767
1541 -12.38610827074401 17.84504636452505 16.71339610551156
1542 -10.30163298481624 18.80749280694035 19.26909191478773
1543 -8.982368834661788 18.80810752226205 19.91912695424546
1544 -10.2784048517974 18.07201293892462 18.34435557978808
1545 -7.798058596445947 18.63137054398591 20.18459978789847
1546 -6.407842636432578 18.62593280783154 20.6613577641976
1547 -8.191601068258899 18.07433202328717 19.36899551252619
1548 -4.759256845306261 18.41696743316829 20.85805044801131
1549 -3.318579076419065 18.4216319087681 21.14041883675482
1550 -5.370285598841151 17.63027155785986 19.88841377382442
1551 -2.089501489914951 18.68677905137263 21.60319099851926
1552 -0.6224645602626785 18.68888733742522 21.69758806240374
1553 -2.48333571367489 17.71003007184858 20.52486286015684
1554 0.5782748111628165 18.55467524168553 21.5418036623107
1555 2.044481341097474 18.55136835276544 21.44854629660465
1556 -0.04390395407842963 17.85824308612725 20.81542392763702
1557 3.434992393438432 18.51334545915698 21.22619044944805
1558 4.875850252875361 18.51206202434973 20.94071855934408
1559 2.555443248170529 17.6566001057223 20.46600623160665
1560 6.223565345631531 18.51891923645117 20.58859543487239
1561 7.61443299096982 18.51925188343647 20.11615587943222
1562 5.302662638311402 17.61903677508619 19.89589819403739
1563 8.935458689009254 18.53186465931945 19.58100572585415
1564 10.25184062550773 18.53486279869951 18.92895782215061
1565 7.978589355301211 17.64108535390823 19.00369461214089
1566 11.46959446321386 18.52848191453756 18.20825045399355
1567 12.68848757885779 18.53376772650257 17.38833179744171
1568 10.52181525929389 17.65518751367383 17.73768125209334
1569 13.82890545377088 18.59199167600423 16.58323833111829
1570 14.929949259157 18.59868433283908 15.6100836931976
1571 12.87656042393195 17.72550050542712 16.19352292223916
1572 15.90398416859529 18.76691381530803 14.91038619080017
1573 16.8733316545991 18.76728767305217 13.80459432739023
1574 14.96870260159453 17.99360407996645 14.65535923957427
1575 17.38838342565269 18.53029720958065 12.681690894616
1576 18.20815384274552 18.52520273176662 11.46272857663625
1577 16.46638011303525 17.9195733468545 12.83096970993623
1578 18.65703348281027 18.22028025970374 10.02815330075606
1579 19.30575442477083 18.21996092600907 8.71334169204906
1580 17.49948547182973 17.30171181340002 10.30913804089607
1581 20.0768402415534 18.45623928904564 7.516911058946262
1582 20.54686307741213 18.45863144279043 6.12574961097938
1583 18.73147831296095 17.22269835572984 7.677156379111346
1584 20.88346734544664 18.45595578471756 4.842586394695703
1585 21.16820583898916 18.45797480514342 3.40204311048605
1586 19.8093263136411 17.48995217123186 5.174622620907761
1587 20.57880767399061 17.81266577925617 2.823574882526858
1588 21.0104704080188 0.7189503249479987 -4.924964017988941
1589 21.29703780408444 0.7188386577805232 -3.48380449974556
1590 20.62009689473007 1.417624146887716 -3.011757118535924
1591 20.11631441165663 0.7838066753766029 -7.604176433788561
1592 20.58847454510407 0.7838066753766029 -6.213237533718742
1593 19.95720186516846 1.606481910720555 -5.339522959164761
1594 18.89362072424347 0.793915603576087 -10.24826305151677
1595 19.54592349115617 0.7973505805629255 -8.932258091617269
1596 18.97260889247174 1.695177537775051 -7.966841715240308
1597 17.7687468312613 0.4865942499615858 -12.72835845893821
1598 18.58531816991918 0.4858046679886581 -11.50512594130869
1599 18.0510646147046 1.354385059816712 -10.53592481568475
1600 15.67606419644806 0.8165701809533701 -14.66818970440678
1601 16.64346015208849 0.8151278798433861 -13.56318097237325
1602 16.6165188556128 1.379484967077619 -12.6374584320332
1603 13.56210244726847 0.7536130221658297 -16.73449136765624
1604 14.66861388567992 0.7571083296638719 -15.76810245436916
1605 14.50962597758314 1.68739824180749 -14.60114712064425
1606 11.26362701249117 0.6559720212954225 -18.49329449581359
1607 12.48843136308101 0.6618345260558129 -17.68083623497224
1608 12.40556145848489 1.509913076498828 -16.63331020910697
1609 9.012403659515337 0.4899459638126995 -19.90818328582723
1610 10.33130308288726 0.4895106817426118 -19.25738198658553
1611 10.3728139504174 1.209267510775495 -18.31309361049493
1612 6.471419497554996 0.6781394732772199 -20.63653975346403
1613 7.860978678917922 0.6704009252982956 -20.1579501410203
1614 8.28436205252177 1.224676556681917 -19.33060123029808
1615 3.59751187007012 0.7934759413194694 -21.19139335888899
1616 5.037372854059947 0.7890861363777208 -20.90110983441233
1617 5.709501222555455 1.567131367229427 -19.89280779699615
1618 1.083194752749702 0.686682334962736 -21.59030389152052
1619 2.548853495851478 0.6730627105775078 -21.48269950983325
1620 3.221862193659125 1.560552928941881 -20.44988617580089
1621 -2.488220409839937 0.6764898320850943 -21.48576884621877
1622 -1.022441309141392 0.6880645387632995 -21.59165208903966
1623 0.0682851349877108 1.143312332123134 -21.11461225537208
1624 -0.9549339471718016 1.956306539872284 -20.32383138808727
1625 1.152711788701961 1.95082716206195 -20.31829246793049
1626 -5.021773473791259 0.7424319737831695 -20.95969482231795
1627 -3.581394379725559 0.7458865128777319 -21.24922367381454
1628 -3.144351076258613 1.512930628051484 -20.50753141061692
1629 -7.857486086015209 0.6475590094251018 -20.18812196252238
1630 -6.467646810244934 0.6548381075390015 -20.6663627579968
1631 -5.68830577469879 1.490319345596324 -19.97459470929045
1632 -10.31054003204132 0.5378781731925386 -19.20144008653079
1633 -8.991934571699405 0.5385233335694881 -19.85229234720336
1634 -8.261816638515382 1.253993150418518 -19.30787621975908
1635 -12.52503423415803 0.8311959663843282 -17.41584254498495
1636 -11.3040803080247 0.8313401196082459 -18.23180936883437
1637 -10.40403579139235 1.454948976813935 -18.01414759730706
1638 -14.95096718612228 0.700476418618921 -15.59130596446067
1639 -13.85046025643017 0.7081224876264809 -16.56506717246346
1640 -12.74096022891476 1.64946590593463 -16.21187484644257
1641 -16.86848368188519 0.5582550278422787 -13.76161441689263
1642 -15.89983014943879 0.5596020295446422 -14.86783033955535
1643 -14.98747924497808 1.334756432458486 -14.59571124184365
1644 -18.23751610236637 0.8098306021471799 -11.34083427974392
1645 -17.4207712689855 0.8087468131554001 -12.56148281350932
1646 -16.50026244987805 1.452698280256197 -12.67221972963893
1647 -19.6570820651078 0.7252108273514679 -8.887180735073231
1648 -19.00692200599088 0.7248299261324487 -10.2048397711209
1649 -17.84412689548767 1.642052607637948 -10.34534383582101
1650 -20.61127761189976 0.7525639214656916 -6.261060776105158
1651 -20.1379868242775 0.7512689279162821 -7.651870761765338
1652 -19.09232915047446 1.577026657628148 -7.963725793161612
1653 -21.16451700446714 0.8577277491097632 -3.313210663710449
1654 -20.88238185144199 0.86272279203747 -4.754114085953999
1655 -19.8679221726102 1.734002690566611 -5.219832443097306
1656 -21.59597801434753 0.699997824018201 -0.5079499897442712
1657 -21.5047701817231 0.7057786748268153 -1.974596370421985
1658 -20.46180876116907 1.672781439438308 -2.363897107407239
1659 -21.67961425393899 0.5465319683192611 2.130622055409957
1660 -21.77505010704257 0.5456315956737736 0.6632779207639948
1661 -20.93545382021934 1.3189443244546 0.1551854491246369
1662 -20.83730415091935 0.8969696049778122 4.780759698635788
1663 -21.1203857404984 0.8931678763356938 3.340349986487025
1664 -20.57375685241695 1.530354487946948 2.54561248590662
1665 -20.00821956209389 0.8319089344960933 7.734651563115803
1666 -20.48474537826051 0.8373440926160693 6.345638937953661
1667 -19.71271727350101 1.8688298386811 5.336079717167116
1668 -19.10306343501306 0.6142868639323105 10.2996023788334
1669 -19.75458565969582 0.6160745761610844 8.981810800618245
1670 -19.0542281548989 1.542118593313646 8.138464455819292
1671 -17.3605480732754 0.8681684511695966 12.53104370929629
1672 -18.17724328514401 0.8695473614301896 11.31095928696945
1673 -17.87235109135498 1.58273560827485 10.40652789122659
1674 -15.78018559728346 0.6318222798032043 14.86915894491183
1675 -16.75022598156128 0.6331538774568735 13.76472788167993
1676 -16.33425106111253 1.602665380291274 12.65462457207718
1677 -13.70450200887897 0.7409867116248101 16.63686532644008
1678 -14.80780245783557 0.7386512744675251 15.6666363702317
1679 -14.7334489231917 1.458186649917891 14.68159060384215
1680 -11.40770957946301 0.7534816851272303 18.27141135855256
1681 -12.62813163776366 0.7511458758980236 17.45353869127654
1682 -12.6927412216704 1.594673076075608 16.31409414294471
1683 -8.985352762033475 0.6916825313431563 19.65517604065246
1684 -10.30210102339248 0.688295261671918 19.00262897354608
1685 -10.50398760927648 1.538191017245719 17.86388349250073
1686 -6.200059490315793 0.7093430760854194 20.68175091113114
1687 -7.591903275626402 0.710771774603872 20.21056721491598
1688 -8.000155942461339 1.497509252355966 19.15863788505199
1689 -3.411279019968688 0.7640099239194527 21.25616005918065
1690 -4.852466704017568 0.7662788206426896 20.97148246496215
1691 -5.252558664273661 1.576626040919207 20.00910103551505
1692 -0.8077592227366385 0.6635825973135763 21.62941423882094
1693 -2.274134402277923 0.6593286492363664 21.52971569938525
1694 -2.759750508883426 1.515602707838909 20.5602557892863
1695 1.877246464191275 1.010589337011465 21.17187224671221
1696 0.413003045833561 1.002059531006006 21.26009276645309
1697 -0.3945260087206322 1.780857148594224 20.49625495784374
1698 4.938000128075283 0.7926629864707593 20.92063714217917
1699 3.497560984773433 0.793595138095613 21.20798192187158
1700 2.453998062767712 1.945418216924496 20.20715692611404
1701 7.679099449829343 0.5254033303434387 20.41312052356541
1702 6.286367991332718 0.524564492850649 20.88516733678642
1703 5.418850537447564 1.397681480506398 20.14214787525491
1704 10.01822605368812 0.6925400449710786 19.14822381560317
1705 8.697451545693536 0.6851495941565311 19.79257951975227
1706 7.789533955063365 1.280178198068993 19.47476143949857
1707 12.48360527342658 0.8009023330813765 17.48756743573655
1708 11.26121429963168 0.7985027561269362 18.30183839994065
1709 10.07700423993821 1.59464057815631 18.04745375430292
1710 14.82120441259416 0.8672913390468704 15.45281201408411
1711 13.72179653097835 0.8748730267894107 16.42585577633815
1712 12.58267096819551 1.80344321690144 16.15868088125234
1713 16.82975059937678 0.6237147970225596 13.6851148520391
1714 15.8620460510887 0.6261512879639124 14.7916536580254
1715 14.83596490727863 1.591217371406021 14.39732287294092
1716 18.21701923432972 0.8209214565153324 11.35008363089266
1717 17.39984810135995 0.8191847524927951 12.57034175764362
1718 16.44683846376605 1.537011697669131 12.60951347539626
1719 19.539352974588 0.8540675577380146 8.792209839702284
1720 18.89053789001753 0.8548365254542283 10.10940348226127
1721 17.72309186113868 1.800446378909608 10.26780585227763
1722 20.54321540529627 0.8370058577895048 6.155038926457193
1723 20.0723537961086 0.8384046242447649 7.545960219814301
1724 18.9332166711374 1.818419336639532 7.772726664283669
1725 21.30230980903416 0.7029176522788969 3.565007770869995
1726 21.01350206160896 0.7003673361146916 5.005841696635656
1727 19.91608433966222 1.642813615752983 5.362798525664849
1728 20.59177423636677 1.425644992087774 3.148495837020287
1729 16.02040713602087 16.59618060738095 -11.55828962536633
1730 16.92835319609338 16.75786853553363 -10.41274353729718
1731 15.86499598427436 15.58737520711213 -10.62923874100805
1732 15.20114155563931 16.67887260643943 -12.71124556561681
1733 17.62471312414414 16.80589367433473 -9.263497910590942
1734 15.91872568699863 17.10524702634338 12.34852762875223
1735 15.4182734055335 15.99836459643601 11.68700377834363
1736 16.42449715122421 16.61898704301537 11.00640883701442
1737 15.35272549646109 17.4041050194705 13.43106164968032
1738 16.95922462842987 16.22993376172922 9.621904047649613
1739 -9.878767091363256 17.29427329010004 17.73875270614151
1740 -11.06196432124178 16.82602226062708 16.5737247343485
1741 -9.812237662807497 16.16565480971415 16.80021485710547
1742 -8.955656804093538 17.52615146936203 18.44737201276295
1743 -12.25686459789933 16.80121822513236 15.68663005308909
1744 -16.17111305319334 3.140360120764162 10.81052895020396
1745 -15.53792683186791 2.671635853582207 12.2372173249192
1746 -14.86037917794889 4.043417307082207 11.696143260958
1747 -16.50862010268113 3.813593896526397 9.483092909486423
1748 -17.21683239749238 2.463857972738859 10.04715067241719
1749 -14.85707190314822 2.358002918667194 13.41323794639361
1750 -18.07596049518046 2.140066589589955 8.997742274350301
1751 -4.350361030667318 2.738122740477586 19.24421820909392
1752 -2.913895532275114 2.447403292313983 19.73266777520418
1753 -3.391431065065991 3.660233342287234 18.82416597089471
1754 -5.692155840674767 2.669894827378062 18.94271638093568
1755 -1.7731291211107 2.313080710937174 19.97309145968687
1756 -19.85698720584801 16.94608835929158 2.544859469742365
1757 -19.02767581343686 15.73235058238541 2.430809461339619
1758 -19.28959657207866 16.54125265458878 4.07318223807747
1759 -20.20585698500402 17.21545238475603 1.133701484719216
1760 -19.43698182553985 17.16917025266456 5.496487791682695
1761 -18.57202264057933 15.97882010691314 5.376617418080817
1762 -19.33405662458988 17.51323443483302 6.799259095471395
1763 -19.25886540338099 2.986503161380528 -3.391694301859501
1764 -18.58818262004292 3.7578531887192 -4.261325659457045
1765 -19.35310002311224 2.531840941115433 -4.556397535154035
1766 -19.74273076442837 2.501736324165345 -2.536956125372007
1767 -18.96222457009058 3.717418418577974 -2.23749462609626
1768 -20.02737224108462 2.299060696498334 -1.191466997820264
1769 -19.04947288506774 2.392953383099194 -6.05567079675391
1770 -15.77065077737474 16.59787658717857 -11.89885918853002
1771 -15.34590999169518 15.26390679154537 -11.05817893577469
1772 -16.38004658671423 16.24027559958588 -10.59063345936886
1773 -14.96422554626171 16.79529255433997 -13.12225427917753
1774 -17.01490219477683 16.17811975877631 -9.452082879018711
1775 -11.99533521327043 2.662874112064449 -15.73349554196591
1776 -11.36542804718541 3.981354958495312 -15.15700149834245
1777 -10.69776411116693 2.99197126281665 -16.36518235936344
1778 -13.28348941011538 2.488963820403574 -14.83738503135373
1779 -9.353022887239057 3.534875869479991 -16.77024982924727
1780 -10.02597772709079 2.265549867171081 -17.40889928966341
1781 -8.992569218421496 1.897042513858423 -18.30826373109219
1782 -4.049237431151777 16.74277883174117 -19.44599223323695
1783 -5.445765800115531 16.59491051480011 -18.98827606731117
1784 -1.757726361676152 16.98907365550007 -19.97616898746599
1785 -3.072076643413237 16.94882606265959 -19.7844585851024
1786 -3.30113263547335 15.96583542125505 -19.04237931447548
1787 5.056960097052981 2.678258441079526 -19.11575230971818
1788 6.475550050801096 2.523378438774738 -18.80492246015194
1789 3.5417133555219 2.511087033395065 -19.58021808003732
1790 4.3544457099242 3.59853997747117 -18.66254127264316
1791 2.490286193932425 2.371841679154862 -19.84972689431958
1792 10.01888222608421 16.55182368934756 -16.98827324627508
1793 8.763704384911124 16.71202679368177 -17.79960277498486
1794 11.30964539908766 16.63075531647799 -16.22768993848007
1795 10.0561079112721 15.49286099776532 -16.17028729506717
1796 12.32483788549502 16.76827961583202 -15.60144972367051
1797 3.150033713624635 16.52725873773364 19.45149460047416
1798 1.760226424805825 16.57663437076258 19.66185490615355
1799 3.715775970385156 15.58436119608019 18.72978546221678
1800 4.488275769448492 16.78022360490401 19.37838447234693
1801 5.835346329132695 16.78936441323933 19.02343420201993
1802 10.08154332820362 2.647340994622151 17.03659768061228
1803 8.818788881960971 2.502239634611156 17.84447485242534
1804 11.37467607891438 2.513286618063379 16.32418366096976
1805 10.19840070976776 3.544301795854061 16.26327103079142
1806 12.62934985431749 2.607960002909048 15.2819295515008
1807 15.10566866479582 3.140940917207274 -12.25464293912434
1808 14.27155292310428 2.781046172915824 -13.5783575422671
1809 14.02060801508594 4.318033084864155 -12.47570678180901
1810 15.63321958169218 3.598718690233537 -11.08377194192981
1811 16.00352233920993 2.159419049129292 -12.28593795308952
1812 13.24720879378783 2.699658986378592 -14.65873949709793
1813 17.06500674609913 1.753973502714273 -11.40293503287955
1814 17.14050732386632 9.070827670260353 3.573375533893299
1815 16.93594836212184 8.319576829311774 4.677519736836128
1816 17.33243360826949 7.484834347808626 3.563987588054041
1817 17.18229616585584 10.49460249593791 3.449133772329343
1818 17.68581536048693 6.103487096913179 3.557823378697842
1819 -10.67124746399846 2.709052239825763 16.61991672633168
1820 -9.563608150540382 2.635741121918127 17.34241832760598
1821 -10.98621328071664 3.561619045032072 15.72906820483988
1822 -11.85314927085236 2.35709873639156 16.13005964431369
1823 -12.92372781455378 2.33798053737013 15.30542451439966
1824 -16.37503329069604 2.909951625773412 -10.78578671884367
1825 -15.32889279933332 3.551029152474292 -11.54861286403031
1826 -15.93991917521024 2.294711041289903 -12.18905986709067
1827 -17.12638818305646 2.235496039161042 -10.54745463092115
1828 -16.49588135206033 3.479674283627073 -9.894397992716081
1829 -15.33211665974374 1.978906467088107 -13.34572522734443
1830 -17.87843358162617 2.131313531962611 -9.399633327234817
1831 -19.11416491017807 3.224617630670929 3.298107990951348
1832 -19.01602692816286 2.945402013442212 4.680085180505547
1833 -18.253753041637 4.368663493554575 4.250354380127169
1834 -18.98456222083898 3.746236973718907 1.876539235959689
1835 -19.85418947751025 2.391334813462774 2.327051495767503
1836 -18.62920948961942 2.85741776241824 6.234567073995267
1837 -20.31713777365366 1.955176492362503 1.106098060537982
1838 -3.341975350388661 2.584595088170895 -19.5591330219317
1839 -5.063351261410746 2.429838413195628 -19.30731120986833
1840 -4.195187753135712 3.536280763306198 -18.73734368892364
1841 -2.247853326065081 2.501344785239578 -19.77803276837468
1842 -6.49732594040882 2.305613345625124 -18.97606202295274
1843 3.58690730649998 2.699124457247849 19.42978811756142
1844 1.97514234602975 2.973740943816053 19.46402237970264
1845 5.180538783509875 2.212168419544272 19.45465845158914
1846 4.711546618874606 3.287365374946714 18.77400794705803
1847 6.509634252190572 1.876369536320559 19.34993520933182
1848 -16.07452772982551 16.54045019791629 11.41342024302134
1849 -17.06471995547557 16.79483705295008 10.24222391224054
1850 -16.01929058167821 15.56820561943782 10.37478437007549
1851 -15.24887797737053 16.60170286934913 12.56495557610237
1852 -17.8242673792065 16.93157075429076 9.089314347662828
1853 -12.33686738974424 17.03643134585088 -15.85734987962185
1854 -11.07272804502759 16.35434689968199 -16.15241113327175
1855 -11.90874541078973 15.71462024460691 -15.02448228279884
1856 -13.48916955201804 17.34656616355685 -15.23524897241434
1857 -10.08903052849068 16.85426338769232 -17.20847579806275
1858 -9.681280399305495 15.50781375990069 -16.40735497584308
1859 -8.974473828630609 17.08329581104314 -18.01755944439052
1860 -19.35354535667493 16.66079742958064 -4.190599230495943
1861 -18.94571067233487 16.53122963334026 -5.427303591812557
1862 -19.01901058960054 15.91327513039048 -3.241754162330003
1863 -19.86026702683918 17.03731319251693 -3.041720108713871
1864 -20.08783872449669 17.11397570400695 -1.630181535151319
1865 5.511255754034711 17.30983748393588 -19.55550127303478
1866 4.811880260260915 16.24347852254521 -18.90495595312466
1867 3.696982278860351 16.91493348061297 -19.65023872011452
1868 6.678169009853577 17.52717326719545 -19.38940228590458
1869 2.256586842088239 16.82067067814477 -19.79394009944683
1870 -3.388984608673103 16.11153201223517 19.12217722624055
1871 -1.989160101746532 15.39663620407573 18.88345678540805
1872 -2.30073523498689 16.76972577662385 19.74985958025795
1873 -4.779971252097404 16.62833962045247 19.19186864038551
1874 -4.476211772948572 15.2326877254701 18.36049933718862
1875 -1.062120750086022 17.11356920207187 20.12553813085531
1876 -6.409237092764896 16.89916941738458 18.92696641113822
1877 11.96950774552533 16.70042170969933 15.81189445185582
1878 13.08983070957107 16.7865794306203 14.98380842405211
1879 10.78786700980786 16.87303684758399 16.79644257047607
1880 11.09602488308005 15.81708278147092 15.71034649478803
1881 9.571532813667748 16.87543375614729 17.52022733049754
1882 17.1583606792606 8.846806074357485 -3.552034842679562
1883 17.13444979359193 10.23734645221321 -3.604274422743014
1884 17.41365479010185 7.554541099677266 -3.070415102623506
1885 17.05103833035445 8.104967776006937 -4.346688071403897
1886 17.78286596482164 6.131972394224906 -2.982221686010504
1887 16.57101299619591 2.885753758860443 10.5137246115695
1888 15.60378172210235 3.675763170819764 11.04644371580404
1889 15.95764349370663 2.450260024850521 11.96389787579119
1890 17.25555560631455 2.931170399211808 9.281357736392
1891 15.34371054349757 2.204153089674892 13.04432406262346
1892 18.20549023430688 14.58174200994367 3.683086526214105
1893 17.69293312665575 14.14557318541214 4.994288240804683
1894 17.69986475902326 13.37010662287702 3.766987401496483
1895 18.8528453477349 15.74699810455955 3.587472094292024
1896 17.35309631355642 11.9914839141436 3.6331641709127
1897 18.20539031280602 14.5729074404002 -3.663064274722631
1898 17.68184899810214 13.23378003331999 -3.636548624806297
1899 17.68855344044207 14.05682581832718 -4.875525078376298
1900 18.86658585723035 15.76797717658261 -3.583103653679306
1901 17.33373265481918 11.88052948391086 -3.618765404245582
1902 17.99376230262358 2.725165940907277 -8.115415192138938
1903 18.55336435952352 2.703602982506405 -6.784275718983657
1904 17.5492005959602 2.612321851477347 -9.216015255143169
1905 17.27723036659383 3.739696503022357 -8.09793476350568
1906 17.43894962087233 2.135552723028309 -10.18494642981481
1907 16.64451800157591 3.090324703955351 -10.13051626274114
1908 10.03589861656273 1.970989394947959 -17.68441037015836
1909 9.984720624600515 3.012362939293645 -16.79355611726178
1910 11.20872162792769 2.355610150216418 -16.5857576781803
1911 9.079631322600564 1.755866495702628 -18.40466738701743
1912 12.30272883089281 2.480378477403478 -15.66854021176375
1913 18.82815278310766 2.834619645993091 5.661266159494161
1914 19.26296874202361 2.665552056570922 4.50457563358906
1915 18.06754553049653 3.740490973663248 6.133962996603837
1916 18.5704678514644 2.603913628592395 6.949451760951237
1917 18.03932881802187 2.622344035357072 8.197399426919349
1918 18.81659396117989 16.45667741319266 5.678324504922354
1919 19.15451169590363 16.45365970176758 4.396427897874902
1920 18.73434577916474 16.78702385993989 6.700439762161099
1921 18.19219817058237 15.66392020920902 5.953207657043141
1922 18.01866951430085 16.49740294408751 7.922801909597304
1923 19.17193102976377 16.47986741438875 -4.403391541776782
1924 18.85039614654382 16.52078759998472 -5.723921891872055
1925 18.16396667480116 15.75869339679376 -6.216204192459233
1926 18.71878635877878 16.90871128778637 -7.015160923112362
1927 18.26281869430015 16.99473573184935 -8.293778130237989
1928 18.9278810868202 3.489512063985853 -3.393638489203166
1929 18.27550328492525 4.729364251656525 -3.28961355535874
1930 19.88030759356342 2.215887338059329 -3.158109434786406
1931 19.28976354420229 2.705611744082248 -4.254527695591054
1932 18.21892103288974 4.713293574759171 3.627777890029086
1933 18.89888102341277 3.462676832169254 3.639682675611078
1934 19.87855549493547 2.187271673249541 3.313723424317297
1935 19.72530072435749 16.87023450177951 3.053613221599281
1936 19.7336108920198 16.88255693901248 -3.06227671949698
1937 17.07573962184475 13.44879587491464 -6.070584528848388
1938 17.63683395068831 14.77257228648143 -6.106701019905609
1939 17.40086874334166 15.22462461563021 -7.361438709490236
1940 16.67721613786108 12.10261350185464 -6.084240400397433
1941 16.42223689945078 12.89170177783109 -7.243136697607774
1942 16.90610153552561 11.06114303316201 -4.818814024545008
1943 16.44274149251196 10.46472361584539 -6.057251738772207
1944 15.73006741994887 12.4001296226254 -8.372788321561249
1945 16.17999301874831 13.73035585829981 -8.382346326257336
1946 15.99631360852212 14.56056782380396 -9.421374950682395
1947 16.81527943531572 15.00093149721745 -8.356335701475798
1948 17.37052992920579 15.97107051032317 -8.479540186415939
1949 15.40764485888413 11.00436102340256 -8.450224949282335
1950 14.96027925398677 11.89803936208903 -9.479641792704671
1951 15.84447578240666 10.02960389053373 -7.431999854994377
1952 15.22467841251219 9.508378848225171 -8.62016735113035
1953 16.35385455760278 8.967389382712328 -6.269874977690419
1954 14.11408357167553 11.41378979896683 -10.56006267437978
1955 14.5043066669056 12.79387849165509 -10.52578889374527
1956 14.16361508551019 13.92909515523274 -11.58428987247827
1957 15.13741130427869 14.36839536569236 -10.59827028367575
1958 13.84806479068114 9.987368721751496 -10.69898245298055
1959 13.19201754219531 10.92049834503113 -11.59494989619215
1960 14.50990942259112 9.041925716417374 -9.802014695592003
1961 13.71983068903054 8.544020222567161 -10.93864935293202
1962 15.17690542526644 8.070071267238367 -8.913874446695297
1963 12.21153001493461 10.44914983097332 -12.56563516541852
1964 12.54859038314801 11.8654060829175 -12.48935334245872
1965 11.92755702213612 12.80255628180979 -13.37858721792805
1966 13.01544235111471 13.24539341796388 -12.51416689816335
1967 13.72911171717119 14.7811244300581 -12.64970870236619
1968 11.98740162674863 9.011073501421667 -12.76621769969903
1969 11.16417478660216 9.973244537127613 -13.47532888768902
1970 12.82187998432325 8.027433609330791 -12.06650439809696
1971 11.88361088637539 7.56028157598535 -13.09221337039096
1972 13.68894156426455 7.107250758601625 -11.33373549314961
1973 10.06487014147613 9.512597983081587 -14.31065205155332
1974 10.35496307381138 10.94786389233549 -14.18986011693167
1975 9.58751839888466 11.92584774067936 -14.89783147907418
1976 10.77553488834471 12.37027722105721 -14.18355047205063
1977 11.30983210111267 13.72229338196791 -14.28409954725548
1978 9.878639146528533 8.077726561664379 -14.56611829937018
1979 8.919739467132963 9.049382353122763 -15.06790713548638
1980 10.88137368553364 7.130210220330919 -14.04483056492351
1981 9.823250016786936 6.688018286441128 -14.93076733279775
1982 11.88745499528514 6.191520519687202 -13.5332376925735
1983 7.70666485351717 8.574212739004302 -15.76060902356291
1984 7.944950035287301 10.01406247679181 -15.59303246396127
1985 6.977123890683956 10.97522018143804 -16.12465765102978
1986 8.263601965615358 11.44548545116032 -15.57580121613561
1987 8.742864344455986 12.84613560380882 -15.66051758688436
1988 7.564596932371819 7.139647956032441 -16.07374599138335
1989 6.475308078999985 8.080714089176253 -16.36507198490736
1990 9.851372024713827 5.339316666854605 -15.43392002951936
1991 8.71519454046445 6.224222787691254 -15.75266563403878
1992 7.55341438724935 5.766625842933227 -16.50559057410437
1993 5.664337763560482 10.51818458632079 -16.5862360365174
1994 6.023734052366306 11.93814253025771 -16.66332364360614
1995 5.354031525510044 9.080037638373875 -16.66987207428029
1996 4.316403691177969 10.06200118658422 -16.96138956076125
1997 5.176900762335287 7.633134449475737 -16.89293026124053
1998 4.972486053072996 12.90923537247212 -17.25130639788921
1999 6.338391651352058 13.33440269316697 -16.93734188432864
2000 7.049045713413141 14.83471273084687 -17.31436209409367
2001 7.999941535632693 13.95932665103331 -16.46927049242647
2002 9.397265548019648 14.39620613738257 -15.9250066238508
2003 2.954612747456784 9.619835824111215 -17.24354966532828
2004 3.292226029923879 11.0541595801842 -17.26757072504409
2005 2.219011103564712 12.06109489602111 -17.60435356961539
2006 3.609063816061787 12.48458153216958 -17.47130250786162
2007 3.950161054415474 13.85406368696444 -17.83658224726554
2008 2.652980637673722 8.184252105747223 -17.38489758059095
2009 1.58444885595295 9.175791832507574 -17.43248099097289
2010 3.783577606262587 7.195732688463976 -17.34487058512483
2011 2.436387712433446 6.771149460975289 -17.68416882499073
2012 4.982498672608145 6.242497732205427 -17.29383924256467
2013 0.1865186807205365 8.727119839640009 -17.52994694440227
2014 0.498159792166621 10.16696771548983 -17.49904598061539
2015 -0.5908935592772832 11.14444752768879 -17.57985763039587
2016 0.8115935011188026 11.58647458188659 -17.63605466296033
2017 1.14188300713664 12.99567812305882 -17.94252924120397
2018 -0.08715935358301478 7.264506626270034 -17.73812848540718
2019 -1.176272387305026 8.234986891238336 -17.54052526104006
2020 2.162582923544529 5.426161941148635 -18.14791513710803
2021 0.9975925136355187 6.35104304649076 -17.93740612555114
2022 -0.3668149254672446 5.89083672149883 -18.10561028701465
2023 -1.973940718520474 10.65762920091606 -17.4264516080556
2024 -1.663486311442605 12.06447844730617 -17.66621518198091
2025 -2.295043799183152 9.252022226428315 -17.35038907119554
2026 -3.339341728024362 10.19379779298241 -17.18591920336824
2027 -2.561507768503621 7.777681848276341 -17.4573080759534
2028 14.60454780023043 6.117102669208045 -10.58295661605803
2029 13.83717414324932 5.638594367319034 -11.81830821262082
2030 15.2812557124893 6.654053824606539 -9.285685861378559
2031 15.50765654539421 5.215211280074961 -9.827655221307698
2032 15.85962306440705 7.099152076170268 -8.02350544843914
2033 -2.682833066710187 12.89360405197542 -17.74752963914322
2034 -1.311879358163902 13.3518623592303 -18.0426096382923
2035 -1.116675872722556 14.80214943587437 -18.6450152648826
2036 -0.08192617950274067 14.0466651597766 -18.34391291707286
2037 1.334657644272347 14.47077316695508 -18.4758344037922
2038 -4.684532457851212 9.761063160844838 -16.85650703668615
2039 -4.383974455090128 11.16169093362 -17.03699480916007
2040 -5.310406075788722 11.90117804951763 -16.8965893935076
2041 -3.993915304638483 12.32007922416669 -17.34689254820095
2042 -3.652806405292262 13.58640164624278 -17.7994851794916
2043 -5.061616913381465 8.402802564239048 -16.81560140372303
2044 -6.038658883257487 9.373218111251091 -16.42304930356003
2045 -3.968269808124925 7.196607367109619 -17.30335893557783
2046 -5.362471642070671 6.82722233168869 -17.01210493437484
2047 -2.891024751837314 6.225684223707688 -17.76871165041836
2048 -7.3568861204323 9.00396853232464 -15.8922591860645
2049 -7.021985144880063 10.3649631948164 -16.04739293283832
2050 -7.975356255958781 11.57268630932078 -15.74808380476764
2051 -6.710922003377369 11.93338556901766 -16.39762129041338
2052 -6.364997375009218 13.06224659889019 -16.83569129845388
2053 -7.755277784061803 7.578287595225471 -15.886092120382
2054 -8.629775852040154 8.555214211496573 -15.27671419491868
2055 -6.879890063673566 6.560577782845973 -16.53179433539645
2056 -8.216902708491665 6.138239303698272 -16.04792807573439
2057 -5.876492270346136 5.427709958337108 -17.30516545599297
2058 -9.852744045515911 8.122175630470633 -14.57654116309539
2059 -9.511581968391722 9.558505051008821 -14.68368509188125
2060 -10.42493064739292 10.57069170738343 -14.09427686520397
2061 -9.283720974534088 11.00460832031985 -14.92029994689786
2062 -9.036785587511764 12.54938882415318 -15.40089049835405
2063 -10.29875521922299 6.704456275492618 -14.60163918401321
2064 -11.03341978233266 7.673485627499016 -13.79095341068779
2065 -9.51895992654749 5.702063369126774 -15.48233166031814
2066 -10.78559051244331 5.292631134963165 -14.81895974166052
2067 -8.759724596004027 4.763425004332744 -16.35559287712493
2068 -12.15245155410738 7.215032739309081 -12.93572131095058
2069 -11.7748855899493 8.651286960137362 -12.99627081859338
2070 -12.53674003812841 9.630720814866024 -12.20242161150543
2071 -11.52396727126684 10.10238246903045 -13.1745983203549
2072 -11.36288755745804 11.53971967942846 -13.50195664370853
2073 -12.6760207555121 5.814298767814664 -12.96952687212647
2074 -13.24012229092298 6.737441054418388 -11.98622335313351
2075 -12.00095672700427 4.887011213479283 -14.07709589086371
2076 -13.19817814304184 4.464596231193213 -13.23997378001673
2077 -13.48147672801724 9.157144130965394 -11.16594910703124
2078 -13.30639201280214 10.60843213556412 -11.41811763437498
2079 -13.77875366332634 7.715718748177956 -11.0373087732164
2080 -14.34472133255733 8.682615268358356 -10.08405385834167
2081 -14.22550712599781 6.288645186825187 -11.00182855250107
2082 -14.09036847593047 11.57614775814629 -10.6343856854977
2083 -13.26674807308111 12.03676275396822 -11.77503667850676
2084 -13.36296772668833 13.4305995188231 -12.23276157578478
2085 -12.38851848778419 12.51500225239332 -12.84781802998565
2086 -11.39451457271586 12.95601429077544 -13.89189179540952
2087 -15.13757966962246 8.189798433941046 -8.949988232042406
2088 -14.92039946799902 9.639266012043436 -9.135110486878224
2089 -15.47756502853887 10.66080760566979 -8.248163691216511
2090 -14.82557332570263 11.15388919667256 -9.468128210899042
2091 -14.87213304519531 12.56466061941402 -9.889851718252579
2092 -15.49506882085433 6.781345061835987 -8.858741545559887
2093 -15.84993650209828 7.706463555361921 -7.77882794009111
2094 -15.16446393667676 5.693309516419561 -10.02323744158348
2095 -16.02055922397565 5.253275019059576 -8.93579408469825
2096 -14.82926757142666 4.792121547761278 -11.12873264341513
2097 -16.48664840583567 7.19679131095687 -6.583496984362888
2098 -16.20478022889292 8.619401293018056 -6.712121261791895
2099 -16.55109322033807 9.606502086463029 -5.668554519369336
2100 -16.07461740846894 10.1309398218591 -6.929508533565017
2101 -16.07725014481612 11.63574177508143 -7.314660874762449
2102 -16.91364262764747 5.809838129627268 -6.547858063483027
2103 -17.04430002552062 6.671990668650825 -5.391180933790556
2104 -16.6873382864063 3.946629464670711 -9.0091005626868
2105 -16.79045577406734 4.931811762631248 -7.716334051918026
2106 -17.49872996653875 4.462447809691243 -6.581986653181663
2107 -16.96624224035097 9.032431100536753 -4.333690385846384
2108 -16.91976328508459 10.54400828912789 -4.58009967802059
2109 -17.17896765543748 7.496877054733265 -4.233089935690723
2110 -17.28716093737379 8.420910505415543 -3.077566261829936
2111 -17.55192191443089 6.095116642216991 -4.179887905873346
2112 -17.2880639609547 11.46789539694866 -3.483955224663666
2113 -17.0554929716302 12.02771688743723 -4.86848386226403
2114 -16.75205286982006 12.85736088222349 -6.416516558220006
2115 -17.39769261869652 13.71697324865431 -5.403415914285016
2116 -16.31962923685567 13.35468720741885 -7.807705057255004
2117 -17.55005305635856 7.817247895404861 -1.758622267601012
2118 -17.39820703794132 9.358706956396896 -1.869910090585849
2119 -17.49549311622529 10.26857720719537 -0.7374416076978
2120 -17.43538099251026 10.87820573861139 -2.078843257538507
2121 -17.64754970171555 12.34993142771255 -2.38291979107771
2122 -17.95597786523667 6.138700413893389 -1.62208640233528
2123 -17.7850773102385 7.02959225887782 -0.3880822188849762
2124 -17.9794110593061 5.539931889695707 -3.032707778885551
2125 -18.44995533523581 4.823837080265164 -1.681163466997292
2126 -18.05380920580205 4.781615177583537 -4.241696931868842
2127 -17.48349867313407 9.73594769486575 0.6376635281056354
2128 -17.59869413853682 11.25084112856438 0.4262343839539058
2129 -17.56162307362984 8.212053281976303 0.8609294800479542
2130 -17.38724027045208 9.196193483624155 2.014361713912963
2131 -17.89036650548633 6.517202826628197 0.9961979071472392
2132 -17.69552869385224 12.19255803189156 1.645432047375667
2133 -17.89342756277967 12.69969262006241 0.2744810491937979
2134 -18.35686406094137 14.07867489161963 0.06957275454042618
2135 -18.00582608220708 13.20480890603224 -1.153605002372453
2136 -18.04541676450688 13.74951771820997 -2.583951756694372
2137 -17.2122308140992 8.649046227647553 3.361067775742529
2138 -17.22123864027357 10.17650992492386 3.147775924131099
2139 -17.06029213045965 11.12576004585658 4.273595848024345
2140 -17.41834266595483 11.6649726870333 2.959922434839453
2141 -17.78819010541768 13.09785969391585 2.814850387886643
2142 -17.3810279275952 7.19673086928119 3.612801169649397
2143 -16.95158795796357 8.154984839933833 4.695398187442104
2144 -17.84902082643774 6.13801073417158 2.543326422861757
2145 -17.75621452309633 5.680899070297107 3.912021174845578
2146 -18.38513796707995 5.040722379149638 1.311167307885152
2147 -16.61537353367702 7.614551402440656 6.017904112295578
2148 -16.52457297834496 9.0771750539044 5.787368480640518
2149 -16.0936094190418 9.983177746250412 6.872313465034207
2150 -16.60542762293257 10.53277393801238 5.611216790667604
2151 -16.87778384579947 12.01130422182992 5.441792994406548
2152 -16.86812499205586 6.198126009355433 6.312973446113467
2153 -16.20247634764827 7.07626288384289 7.318810270646281
2154 -17.53655351170058 5.338577876762135 5.266433523052523
2155 -17.28594235975926 4.85320040496228 6.628569225438619
2156 -15.50749665179792 9.42454327832062 8.103164895367984
2157 -15.65360378263181 10.87817217201591 7.954788806267211
2158 -15.52196353029202 7.974040239331403 8.326770995743344
2159 -14.85490508071487 8.864233814614021 9.29068852005836
2160 -15.7142995080116 6.54301863883536 8.594472319045821
2161 -15.19901725166625 11.77604200289297 9.047058960634979
2162 -15.9503786276724 12.31524170035081 7.900095708730426
2163 -16.41513369819263 13.71202231883782 7.896445386036043
2164 -16.64744120858546 12.87159198574737 6.694039487244935
2165 -17.28609892432245 13.42474247196983 5.415576679731495
2166 -14.13881581595996 8.289313783616619 10.43654366812002
2167 -14.17990513970647 9.744201149437774 10.24752821009891
2168 -13.48556643592143 10.63743410203878 11.20968722410668
2169 -14.35752984324959 11.21057757752578 10.17671548781467
2170 -14.71316766534066 12.63503309679389 10.15683239534092
2171 -14.23726588688258 6.864004118064727 10.73066899949415
2172 -13.36122684072539 7.715228983965982 11.53935558984355
2173 -15.15476290404333 5.955796986075552 9.874135313290074
2174 -14.5268157505961 5.427931632589646 11.08920348159249
2175 -16.05242919793656 5.125967486276559 8.985266211549469
2176 -12.53272715268372 7.139023859614316 12.59063196651133
2177 -12.47707873357583 8.573702790554938 12.33343520677937
2178 -11.57835967414358 9.443032966709319 13.11767772204894
2179 -12.54483134834514 10.03679770267237 12.20317249242965
2180 -12.76917415695846 11.49808128456045 12.17089387597437
2181 -12.64076771071751 5.765231544333147 13.02755606274497
2182 -11.58556934973903 6.570639865100622 13.64954811960949
2183 -13.74536185909107 4.854914611508223 12.40074763453897
2184 -12.92297328107347 4.349694197145483 13.58743342763733
2185 -10.56347116327029 8.830103439198016 13.98140568864956
2186 -10.66562900118352 10.29411700572723 13.88986551092659
2187 -10.56645812554938 7.386735891749058 14.21719073450397
2188 -9.504040157904852 8.220694196187612 14.7914789711647
2189 -10.6382681917902 5.997421979338007 14.61163195742382
2190 -9.710302694678678 11.15388476300414 14.66809727936833
2191 -10.84862675994554 11.7553816262025 13.96544201457736
2192 -12.06125725695135 12.36215134417342 13.10507117271973
2193 -13.14074499514085 12.93284308547723 12.24330472610868
2194 -11.26267429942276 13.17471494267532 14.08373200595046
2195 -8.413285679558943 7.608935638707573 15.54146788645334
2196 -8.434986128144503 9.05788088505653 15.34403899109294
2197 -7.360717425856653 9.899659322517445 15.87389742987708
2198 -8.548653844886193 10.52151170795424 15.3008850268922
2199 -8.756156596802438 11.97741208357097 15.41294604141489
2200 -5.093367529945072 4.465455182164381 -17.9869596761533
2201 -6.644891705285529 4.232955804407525 -17.59832118635834
2202 -7.987795462116893 3.912153192365425 -17.22065685781028
2203 -7.277924687514457 3.056633608063511 -18.09918279339952
2204 -8.43356257104324 6.139457325680608 15.93470508310167
2205 -7.247905939525046 6.932583712710851 16.27049459293346
2206 -10.78394796722233 4.580245481714379 15.2024092945201
2207 -9.629164491571062 5.319977089286579 15.58246367573242
2208 -8.558534174801753 4.706850176182087 16.49095671712369
2209 -6.145978896214955 9.276196571953939 16.38604577736697
2210 -6.278412343500546 10.73890674067522 16.38332700303357
2211 -6.069959899071481 7.816625922387664 16.56068084592589
2212 -4.900902282041759 8.64799013035725 16.83870472549443
2213 -6.072422310351596 6.336443358687967 16.91225812475784
2214 -5.17622035939302 11.6108914677424 16.88313245996176
2215 -6.463285304277854 12.21527337860931 16.56031571860847
2216 -7.786080603419334 12.79931907090009 16.14304873696719
2217 -9.045559169032337 13.39217890949388 15.68181899293132
2218 -6.773342649456063 13.61655078763649 16.8723383137926
2219 -3.63038722640595 8.011635800794554 17.23075751445074
2220 -3.718220089715289 9.474704926641268 17.09645503883631
2221 -2.522548972013326 10.2983922582785 17.33000179455408
2222 -3.8371817483954 10.9377716328032 17.1410140637367
2223 -4.035052466963038 12.40689281334321 17.35842085512721
2224 -3.586932132348875 6.576128354920155 17.53899797445019
2225 -2.354147242384391 7.36921950624893 17.56013271711327
2226 -4.805929291175698 5.528654370201709 17.59296949700529
2227 -3.572796379631101 4.943913829833559 18.1246147132401
2228 -6.07073731492917 4.724552035674809 17.55117463934656
2229 -1.217499238861605 9.669744470981785 17.45241148036983
2230 -1.342171527614698 11.1307712915688 17.53676175776864
2231 -1.093778861528637 8.203920661763089 17.54966240324077
2232 0.1036319238290376 9.036558603021787 17.51045292203047
2233 -1.045950597045247 6.761788567169086 17.82290627611502
2234 -0.148240953986763 11.96109840137492 17.72262209936987
2235 -1.468731677226093 12.56451228357965 17.7997467850528
2236 -1.688467868157624 14.01267123236024 18.25258499065932
2237 -2.861867994047902 13.24464635567875 17.82714781849413
2238 -4.248165471412927 13.86716093465388 17.77310478241012
2239 1.426115046572588 8.392843623315519 17.50394025745089
2240 1.302542091926677 9.860810406601956 17.44814161539056
2241 2.498205553755173 10.72430472521111 17.36501344897236
2242 1.191566377755121 11.36398338068919 17.57956222217026
2243 1.064717582943374 12.78854400546527 17.88800558211922
2244 1.562559877894943 6.951139676807779 17.73876443133211
2245 2.741961211798844 7.749615681178309 17.43447488801077
2246 0.3261631780760335 6.166442694349008 18.01753881991782
2247 1.659694893307935 5.570046577249162 18.14651247032041
2248 -0.9482554204186996 5.391557150432171 18.26503531708923
2249 4.058202760082689 7.099270330482689 17.30417127503186
2250 3.926738679892798 8.546162672385046 17.10150458620459
2251 5.113803581990664 9.342087023724778 16.73493206617032
2252 3.845418127040845 10.01220926107375 17.07265813241635
2253 3.739234083738666 11.51158017146692 17.24170435430195
2254 -0.5774606070282433 14.7920904470695 18.66462076201819
2255 1.048099217436335 14.35520927837075 18.44326270906846
2256 0.7471193987987954 15.70066435333476 19.1487663311226
2257 2.374065548143125 13.81608586006514 18.09931941745896
2258 -9.229751836225708 14.03250888729313 -15.84643588641904
2259 -8.144600761101755 14.64582748898239 -16.7264657577998
2260 -10.43520310388532 13.51909008666532 -14.84637615701601
2261 -7.493855064429101 15.53533557991337 -17.53202962236073
2262 -7.035033186727273 14.06674587678429 -16.95024078693297
2263 -5.634469963951984 14.03674426795406 -17.45315849018187
2264 -14.34607010028054 14.36632327396248 -11.64566207851833
2265 -13.57849880200168 14.79394069565722 -12.82027087551436
2266 -15.05474002839006 13.94273647339545 -10.40927980934719
2267 -15.67597776853141 13.55523647994654 -9.166772285016803
2268 -13.90753114098638 16.05425817364686 -13.50107920025166
2269 -12.76083734961931 15.22615050823248 -13.93459501696188
2270 -11.62499184743547 14.41880411033585 -14.39243205085105
2271 4.22543649218992 5.700302943798635 17.67714884763789
2272 5.357799799112958 6.446098043721153 17.11905162482707
2273 1.777258005786522 4.321908358020247 18.68123290919193
2274 2.995298226122352 5.029777169413352 18.1915372385935
2275 4.340423490691917 4.444582798440124 18.19385544307001
2276 6.362279708456379 8.667768279849918 16.34086020191381
2277 6.288323542998007 10.13449901324133 16.33626333603281
2278 6.496670419378782 7.205370494273094 16.51910080603303
2279 7.584379550901412 7.977846115522844 15.89730943069617
2280 6.658129440280652 5.801197059637248 16.87373802466927
2281 7.452194962028574 10.94337573032343 15.9067523453306
2282 6.28175431535634 11.60867781084596 16.50332755012813
2283 6.225544994365527 13.03105875003488 16.87776889794553
2284 4.974867119936969 12.26406790190703 17.07802675777219
2285 3.673258807625479 12.9419028152507 17.58349286870472
2286 8.602889696502752 10.29903642452108 15.2539747635237
2287 8.609901750739526 11.76968125040237 15.44952622455471
2288 8.682137334147082 8.801213207898503 15.2236284329095
2289 9.716664873578555 9.641109711741336 14.54836533798552
2290 8.806239298740135 7.335888918697086 15.38131308542152
2291 9.837809349438905 12.6951607454266 14.9473830010424
2292 8.793644581311357 13.29843661626153 15.78909993085589
2293 7.548651255977866 13.84171041895676 16.63110337621544
2294 6.313059019650341 14.43501336291797 17.39808222901504
2295 8.902605393860814 14.68280329865646 16.35538437191185
2296 10.77166930685679 8.95612309030342 13.81137499119028
2297 10.70981750031998 10.45429683566084 13.86826375070651
2298 11.75079561709586 11.26381517393617 13.11019812082438
2299 10.83098476678131 11.93309044309521 14.02163205594736
2300 11.0278772525313 13.45508353437878 14.38389151144639
2301 10.94907640251084 7.505798047159634 13.89587265117081
2302 11.79420152664925 8.305201642077831 13.02535827823968
2303 10.04694436674162 6.718589689119153 14.77163977543474
2304 11.1954300009732 6.105287344879651 14.145248918346
2305 9.068878595725151 5.943343418913554 15.65469758404528
2306 12.787697578019 7.640165192183114 12.19029060036841
2307 12.62862118475225 9.093530432159177 12.12623802482707
2308 13.4386719215865 9.873366771836011 11.20466153816618
2309 12.59898826898639 10.54848259900632 12.18741730014192
2310 12.72895458815534 12.02585701902712 12.35119953489298
2311 13.11013218721973 6.23294963806442 12.33411451043076
2312 13.77538842747442 6.980792039291079 11.2737532876082
2313 11.59908799852037 4.818245473795508 14.44926301440814
2314 12.36539923785264 5.536706434628949 13.40138594294157
2315 13.49640937863074 4.936283706198132 12.61888010322999
2316 14.22812772885061 9.213200802822765 10.19370810452052
2317 14.21720309932331 10.66777511872257 10.27031820360688
2318 14.38740067349694 7.761437619829302 10.21832310147322
2319 14.97397159933752 8.547072847158656 9.146469910268017
2320 14.68875306341734 6.347680966293526 10.34511679498937
2321 14.97318031601873 11.45047197293809 9.312554484045011
2322 14.35175362181887 12.0928570185005 10.44515541760567
2323 14.61726736730069 13.48612807527917 10.73456768828248
2324 13.6790493502615 12.75102526326306 11.5598282540512
2325 12.98330318434079 13.42320227288492 12.63141713871304
2326 15.65894201247927 7.83754194345939 8.110659150719714
2327 15.51500603256788 9.291400336783131 8.095901757633923
2328 15.53804856611885 10.79457281843946 8.160058424326227
2329 15.69462406973485 12.21580017964457 8.348716010321983
2330 16.03109153460325 10.07896763996073 7.024624426917264
2331 15.21009410602762 4.866059987914717 10.54435408021198
2332 15.63295406535438 5.57794502942862 9.357101931428586
2333 16.49316959332398 4.908045176043612 8.355884020018351
2334 15.98763056867495 6.396422418687223 8.165204212236825
2335 16.33039530047872 7.105681288755546 7.01221643172038
2336 -2.119579108301764 4.595307398696774 18.51074560803856
2337 -0.7557991967693735 4.067607681769845 18.88298660211057
2338 -0.5549100517511459 2.748886182426211 19.71424173478114
2339 0.6246422800475162 3.430395401764798 19.25597782343383
2340 16.40247784880986 13.0041604805845 7.367987504498982
2341 16.01139834231506 13.61620665327463 8.613049988107736
2342 15.51109960607614 14.20294188422919 9.912839309949732
2343 14.9899335630367 14.79713542060639 11.13977805595969
2344 16.41053051708671 14.91379319397569 9.035004942420095
2345 16.69898627704002 12.24512216799213 6.115530384168412
2346 17.0311982270407 13.64078417570824 6.388095942486351
2347 16.49043793380894 9.245615499995756 5.863131341036949
2348 16.51407218557787 10.74866591213956 5.928672043915062
2349 16.94247030489122 11.43271372688955 4.876099903426772
2350 13.15135158843397 14.88122798406124 13.31816749341339
2351 12.0376413573653 14.23820012780932 13.94629293931915
2352 14.36924639490491 15.37482577369236 12.39379590936973
2353 13.5744557848368 16.08342308013463 13.86237905997223
2354 -18.71821947802027 14.95873385798475 1.186946724455912
2355 -18.98886114919084 15.40105158570027 -0.2415489012929688
2356 -18.31237557896601 14.45242300077811 2.737023487368893
2357 -17.86825683948072 13.97629612844973 4.025615407812777
2358 -16.20444733543204 14.56901098690029 9.066631166894425
2359 -17.05441141112487 15.06382314260979 7.93347256791759
2360 -14.29818507900201 13.7492144586553 11.30803617706716
2361 -15.29524543374505 14.26296175875076 10.28812679626498
2362 -17.87131809544147 14.75402834889793 5.350993296216219
2363 -17.81025493805527 16.25609630779849 7.979873387276183
2364 -17.82700094855538 15.50836925451717 6.718528265171674
2365 10.67567317188948 14.48328138339181 -15.14514554196678
2366 11.9058396517799 14.8714063700875 -14.43610441413248
2367 13.00234327869248 15.26015957208384 -13.7347278600853
2368 14.28243964738487 15.86104333813367 -12.92248112855559
2369 12.47950296999707 15.93577098717887 -14.73223037143311
2370 7.228993559550054 4.377630732705679 17.28695239286699
2371 8.277109414778788 5.050102472165733 16.46436938504503
2372 5.896667649009268 3.862587935172326 18.0731427213463
2373 7.596465033889365 3.214427837147684 17.85439269973133
2374 10.99858060004807 4.559780078712983 -15.0599398500579
2375 9.966833564106382 4.151575075593242 -16.00362017724244
2376 12.90657361275647 5.214687019113131 -13.05750282530366
2377 11.9966551864839 4.827488133074533 -14.11548284738335
2378 12.16056629069316 3.678489842976219 -14.74996265615797
2379 6.37530862228795 15.5199244092531 17.95962306740613
2380 4.976057045240468 14.8021099366884 18.00338023189962
2381 3.657633031658165 14.49705549566183 18.17131400795096
2382 7.329884789396994 4.335882017760506 -17.26716911985413
2383 6.074126400371394 5.156718787839621 -17.35088153611681
2384 8.733798481658992 3.686670748875748 -16.99936219097993
2385 7.320823020893955 3.163842841219254 -18.00488610142561
2386 3.197823562119037 4.574167818350499 -18.3654167419274
2387 1.772425433073842 4.200640622386143 -18.74418693312319
2388 4.72143289146454 4.762833058268131 -17.94313946262135
2389 -0.8722481074652357 4.358804276249048 -18.72670021481303
2390 -1.94851642687289 5.181265571473775 -18.2696798463733
2391 0.4279099031706246 3.702308753597746 -19.09778205300583
2392 -1.163989247198745 3.087859426905313 -19.45190728056578
2393 1.48251753376891 2.956866365297626 -19.51935544376115
2394 9.965736790924453 15.12760102054836 15.99142122145638
2395 8.788072255345591 15.60604468632825 16.96657047437752
2396 7.139871306517892 16.47411466121849 18.32524534444552
2397 8.452629928427287 16.49882802939231 17.77740822049066
2398 5.943747733487243 15.53246545411511 -18.11460376554842
2399 7.674529536116932 16.07132498464617 -17.81090519996718
2400 2.767242970790051 14.68153829154333 -18.41399323909406
2401 4.163014572646597 15.05062478814729 -18.33593352489594
2402 17.59087198259454 14.82878380779605 6.318949333706095
2403 17.41623405272275 15.21342045223442 7.309536501602635
2404 17.31592757221457 15.72479520703944 8.242927259009612
2405 -19.50517579805147 16.25338066837168 -0.6001092139218052
2406 -18.95386476402055 15.47426194504364 -1.718139764441318
2407 -18.56589050903287 15.02412879186613 -2.886869995856659
2408 -17.97273594915282 14.25655233094827 -4.08296813678038
2409 10.88580529780109 4.341419640143926 15.27340587555556
2410 12.14972996023346 3.834900090521076 14.64197679946941
2411 9.612572378802769 4.493963998571014 16.01725551765046
2412 13.87194011625285 3.732824531289094 13.10726208239921
2413 14.48176795131517 4.350018414575136 11.91192147274918
2414 13.25686788357397 3.008881598276317 14.35500471110196
2415 14.36247742421819 2.519415963845259 13.7621405850758
2416 -18.89289344791081 4.072366450619403 0.3170562313685229
2417 7.729956839017372 17.29340127874199 -18.77421283536721
2418 -2.3241196399471 15.20271405542356 -18.7386551215465
2419 -1.101763718705309 15.82027003659529 -19.2041145758777
2420 -4.594516886749979 14.43366370402608 -17.92808542113483
2421 -3.311283292927246 14.95872229352358 -18.46119626405587
2422 1.558526690891054 15.6279943963397 -19.05668542475603
2423 -0.5438941067587799 16.64624330512206 -19.7838406568948
2424 0.8168535046179781 16.65187362413242 -19.7785999988095
2425 -17.79638261835018 3.571713750376103 7.152367361088983
2426 -16.91543335538539 4.328994807911289 8.116700688624576
2427 -18.39209362264925 2.418436013301941 7.777730493157514
2428 -18.78390976685174 4.251815554619441 -0.8091258721953796
2429 -19.52414148304766 3.030021182122866 -0.2407972344936402
2430 -20.18191444727573 2.151675123331405 -0.06416520606604353
2431 -5.595922621038283 14.48322893627701 17.66437683487492
2432 0.1375380098464032 16.93935650865905 20.0136358703485
2433 -6.989589337441771 14.99710892100118 17.42568931207054
2434 -7.220529394986169 16.24607586594648 18.12412101414818
2435 -8.317163643645712 15.4894758585874 17.12760594055836
2436 -7.790735311043715 17.30209580669904 18.75707971726159
2437 -20.10195511821928 17.05061569856903 -0.1525107368062238
2438 -13.15290674821815 3.353353726297785 14.14362689521963
2439 -11.89897055459726 4.161048704502254 14.6178090428857
2440 -13.91358379329916 2.49953439725107 14.23694019091149
2441 -17.34604975246442 3.201970749999322 -8.712923023259279
2442 -14.2456932428281 4.064830888717447 -12.41994301717275
2443 -18.07393666235033 3.461872858323969 -6.615652248532376
2444 -18.01744023586715 4.249179857353 -5.377060115812944
2445 -17.98367435363896 2.53677502225079 -8.470094282250658
2446 -18.47965910840192 2.57705494054594 -7.242544446419089
2447 -14.22915357683557 17.15396887059832 -14.31895468081513
2448 -16.62178196587636 14.68282238228601 -8.394741210666382
2449 -17.59452183774075 16.00817909761438 -8.06129917386664
2450 -18.20470942802677 16.07606933638352 -6.695869113194783
2451 -17.89111012222849 15.00232152294628 -5.702341368561667
2452 16.7784866206893 7.854461578058032 -5.419905455327934
2453 16.32676911004332 7.425479552133933 -6.851968547157743
2454 17.1911948080875 6.58779757290108 -4.983263611435709
2455 -7.629589603311243 16.7429183780933 -18.33947836989169
2456 -6.457207321058518 16.2561006159069 -18.41706131252119
2457 -5.317818197504722 15.36661073767783 -18.21069825339202
2458 17.02258849257878 3.818939209236296 8.519353638794348
2459 17.1941657661428 4.550666050593465 7.231450324721173
2460 17.00751876951873 6.220261305441664 5.906663825568038
2461 16.66754920773361 7.658682315679139 5.848820455149347
2462 17.53506331676819 4.828353648773793 5.972754485249798
2463 17.69083299014894 5.322869900531209 4.746224234005076
2464 -3.384730891493052 4.65400439830213 -18.29359715260002
2465 7.948850679822194 1.986568008940243 -18.70112171681432
2466 -7.405200586388082 4.309210749315596 17.24968254300955
2467 -6.205264724544947 3.595462728781795 18.13330570265536
2468 -7.067047625331158 2.323452106545651 18.75621738530564
2469 -13.78325025567477 14.53418623248855 12.41853099951071
2470 -12.9850094613791 14.96580723368974 13.53897431500895
2471 -14.30225693179583 15.68866296152539 12.74381199271016
2472 -11.76304140558412 14.72247797036028 14.45980410902218
2473 -12.30490822188704 15.85714528940427 14.81468798902044
2474 -10.42520356784921 14.18158701954946 15.16067495752876
2475 -14.54580397915022 16.96113416681941 13.77208652644553
2476 -13.52689280433343 17.00520200809972 14.82142352128152
2477 -9.579268173179409 14.91872947813014 16.10175885165672
2478 -8.700603679871172 3.58413050290273 17.08453883232244
2479 -8.457353444087529 2.29760200403377 18.19436706020946
2480 16.40010375697478 4.63694982724347 -8.800328447567001
2481 15.85774702511742 4.163775906340551 -10.18546647300448
2482 16.53263440397942 6.033852099612631 -7.274514657712556
2483 17.24184920268599 5.055835786580926 -6.497330671292001
2484 16.87383656560295 4.764228682161526 -7.713512403197319
2485 17.61134944491404 5.157871925410894 -5.269822061347404
2486 18.07245202996019 3.943086226016709 -5.752548803722549
2487 17.80944508638912 5.38467443466084 -4.175145623090844
2488 18.8934393371467 2.792393011816675 -5.546854985075601
2489 11.17474119157291 14.92886276820625 15.04472675397726
2490 14.41685218799758 17.18545497837622 14.1671003133599
2491 -13.72677371373389 3.24411606380785 -13.6863053345969
2492 -14.41929343806278 2.166705275680211 -14.10318554962422
2493 7.54630107544344 2.085424187195174 18.77726444542802
2494 14.57040857273421 17.08059526285199 -13.8848383624395
2495 13.47991667178467 17.101716738849 -14.96890118761242
2496 -7.874249622355233 2.04388836975882 -18.67992076067958
2497 -18.70191608947082 17.30094527109319 7.919731874157658
2498 -19.90681643704757 0 1.066449909233298
2499 20.39208926837612 0 -0.9980765633878216
2500 -1.301717896354043 0 -19.86037722821453
2501 1.285228534786018 0 19.78128934319576
2502 -12.99301037316375 0 15.22937871399598
2503 -14.898038983749 0 -13.21292052307974
2504 13.26966076922266 0 -14.67908610311405
2505 15.36251858310532 0 13.25709405553664
2506 -17.96613510775193 0 9.018436643062767
2507 6.279819795801588 0 -19.01907839783236
2508 -19.05566329700475 0 -6.308289564283378
2509 9.243546335490894 0 18.1973185606373
2510 -8.802867847303744 0 -17.85045015655282
2511 -6.397606804213619 0 18.8467419016484
2512 18.02996229242256 0 -8.87465094680959
2513 18.86104839137672 0 6.05993745390813
2514 -3.672070336215686 0 19.80198454097378
2515 -4.154328795850768 0 17.02683452735504
2516 -6.891620778200952 0 15.9729016470659
2517 -4.664015005620255 0 14.1030224778259
2518 -7.420312878864725 0 13.0723918610598
2519 -5.158120639191749 0 11.19758680408361
2520 -2.402534754014324 0 12.22737102061238
2521 -2.891927245096646 0 9.322475506028269
2522 -5.64903495172852 0 8.294379634285622
2523 -3.380033390840561 0 6.420157392676856
2524 -0.6224865623427245 0 7.448519648145631
2525 -1.110673491784741 0 4.546146825736049
2526 -3.868294044716976 0 3.517748479131505
2527 -1.598881677589325 0 1.643766971666687
2528 1.158742416339317 0 2.672166509252811
2529 0.6705480318200214 0 -0.2302040857022738
2530 -2.087073781929606 0 -1.258602052724369
2531 0.1823555029769105 0 -3.132573407386753
2532 2.939976943947788 0 -2.10417568958689
2533 -2.575265994624872 0 -4.160971164828004
2534 -0.3058367346642129 0 -6.034942531487399
2535 -4.844695286828257 0 -2.286999822676046
2536 -5.332887453693633 0 -5.189368897232297
2537 -7.602316726136301 0 -3.315397541373869
2538 -8.090508895888775 0 -6.217766617117892
2539 -5.821079628292834 0 -8.091737977526577
2540 -10.35993816300344 0 -4.343795256511163
2541 -9.871745993991034 0 -1.441426181342684
2542 -12.62936743009351 0 -2.469823895784553
2543 -12.14117525904252 0 0.4325451818677197
2544 -8.578701066855411 0 -9.120135694717186
2545 -6.309271799943083 0 -10.9941070556331
2546 -9.066893238014112 0 -12.022504772459
2547 -13.11755960086503 0 -5.37219297308514
2548 -9.383553828162057 0 1.460942906392092
2549 -11.6529830912834 0 3.334914261381686
2550 -3.55165036196315 0 -9.965709338874726
2551 -4.039842533187005 0 -12.86807841666495
2552 -1.282221095187047 0 -11.83968069989174
2553 -14.38829330759502 0 2.302763691254354
2554 -13.90055514547686 0 5.159621770537773
2555 -11.16114764601185 0 6.22907318850441
2556 -13.36301148186485 0 8.044825577775114
2557 -11.28885221562337 0 -10.09104562592639
2558 -1.787064088757152 0 -14.69740103494515
2559 0.9844330346091519 0 -13.70621060372822
2560 1.474937819924579 0 -10.81004274029844
2561 3.74428999967322 0 -12.68380739408927
2562 4.232854758604947 0 -9.782437400922493
2563 6.50233327561504 0 -11.65654082474954
2564 6.990595753026395 0 -8.754360271632642
2565 9.259698728773984 0 -10.62745669143673
2566 9.748194452940874 0 -7.725901583361623
2567 7.47882538389983 0 -5.852091641383041
2568 10.23644345950347 0 -4.823684908516665
2569 7.967026141174024 0 -2.949745587341673
2570 10.72464653419882 0 -1.921345068578102
2571 8.455219269544987 0 -0.04737907659909802
2572 11.21284068209908 0 0.9810187083262625
2573 8.943411903054761 0 2.854988761103558
2574 11.70103325972331 0 3.883386695884942
2575 9.431604060587237 0 5.757357875127411
2576 12.99407562693298 0 -3.795315962507215
2577 12.1892254963053 0 6.785755597939541
2578 9.919796243948575 0 8.659726919891831
2579 7.162174804774914 0 7.631329206345783
2580 7.650366977705483 0 10.53369827908005
2581 13.97046251306476 0 2.009415371292128
2582 4.892745483290009 0 9.505300582791577
2583 5.380937701822278 0 12.40766964230598
2584 12.0172737129373 0 -9.59893441000218
2585 8.723684033739952 0 -13.39993160321858
2586 -10.66422031239273 0 9.127953113616986
2587 2.623298458878623 0 11.37928356852311
2588 3.111491007189654 0 14.2816482533894
2589 6.185790387811268 0 1.826591251058252
2590 4.40455328977913 0 6.602931533203749
2591 10.3081269582548 0 11.57889316330805
2592 -15.28831071271348 0 -3.481790818615066
2593 -4.473608872142057 0 -15.63184800314906
2594 -16.70501552360243 0 4.227560596135699
2595 3.214111373393655 0 -15.47359089611337
2596 -12.82214209229366 0 10.82385111827093
2597 5.876300973016946 0 15.177704825035
2598 3.599700615627802 0 17.18401007695358
2599 0.8508701653266663 0 16.32374506780436
2600 -9.995443382998772 0 14.86808320482422
2601 -11.78766735309904 0 -12.79812165267595
2602 -1.493741085172542 0 18.11518261118967
2603 -9.475456050831911 0 -15.1449279289813
2604 -16.21549421918789 0 -6.543523067922973
2605 -10.15834461613772 0 11.84838335522231
2606 -1.918324878115631 0 15.17490514352003
2607 -7.909533405952825 0 10.13439646204888
2608 -6.13763724786531 0 5.391770360726545
2609 -0.1341210221406783 0 10.35130464468059
2610 -6.62591241950062 0 2.489352420232344
2611 -8.404063824639275 0 7.259348374964793
2612 -4.356503157076379 0 0.6153692708102567
2613 1.646936768698807 0 5.574538315044362
2614 3.42816954517017 0 0.7981937261949903
2615 2.451784707710825 0 -5.006544811930372
2616 1.963487596546038 0 -7.908632549262091
2617 -3.063458182894214 0 -7.063340255361959
2618 -13.60708863108177 0 -8.231315030471038
2619 -15.78419167293281 0 -9.171954116991879
2620 -10.8404414288863 0 -7.229375199638135
2621 -6.710671802177655 0 -13.83200166949004
2622 6.673982607185935 0 4.728960172054228
2623 4.721159053787 0 -6.880368964359901
2624 0.3764135900584886 0 -17.13048063749545
2625 3.208466648580004 0 -18.2667558145329
2626 12.50580169108825 0 -6.697465790136954
2627 15.18453166634564 0 -5.548960365436021
2628 15.59514072498754 0 -2.722748604092825
2629 17.49002145526759 0 -4.581736333844735
2630 15.13773283390162 0 -8.605214874030242
2631 14.04895044863128 0 -11.69338229809127
2632 13.4561763260167 0 -0.8855886332601881
2633 16.02638403714037 0 0.1748266435653444
2634 16.92179688938315 0 3.481180139846123
2635 -14.85632058264835 0 -0.5974923965154343
2636 -17.82138564878632 0 -1.63757997278282
2637 14.45865477900802 0 4.91178419461529
2638 14.76867679831897 0 7.798478452036292
2639 8.170434818830568 0 13.28991299779285
2640 10.85312012159071 0 14.37740922128268
2641 -0.7941234930396678 0 -8.937058019196058
2642 5.697598068430366 0 -1.075777081217199
2643 5.957055314550702 0 -14.40555930333034
2644 8.261567848043288 0 -16.38109784904828
2645 12.49697015582738 0 9.663634274180737
2646 5.209395049824971 0 -3.978117295969845
2647 3.916362502497437 0 3.700563584468066
2648 -7.114121235282441 0 -0.4130264913263178
2649 -8.894543580151748 0 4.361589317413165
2650 2.13515440269386 0 8.476979715398167
2651 0.3551131628540519 0 13.28970961642164
2652 11.48011003709666 0 -12.48141248838735
2653 -17.20469285816068 0 1.449741666575677
2654 -9.082180083011838 0 17.8067434182994
2655 18.62099948907498 0 1.063818042392326
2656 -2.599782453375846 0 -17.68916878962529
2657 -4.959813948617715 0 -18.6220621944128
2658 -15.41561606410054 0 9.905207522681138
2659 -14.89791369952219 0 12.86633903708837
2660 -16.04932202735095 0 6.989021651613279
2661 -18.86670349600316 0 6.411918115650272
2662 -12.77242111323852 0 -15.38789017598561
2663 15.2295543302644 0 10.4676747912056
2664 17.5481581547781 0 8.85075330130015
2665 3.965890898417141 0 19.82315911586743
2666 6.575705754338227 0 18.35426573666868
2667 19.87928503892105 0 3.596982670428095
2668 -19.78690089119738 0 -3.743581823692812
2669 11.06409204680795 0 -16.929983753974
2670 -20.4645224715884 0 -1.450310242438755
2671 13.31388481194016 0 15.19830602619289
2672 16.77247933411202 0 -11.25105208128641
2673 -13.86444201113436 0 -10.83761955760836
2674 -11.4035531983742 0 17.0480454157644
2675 11.21139652275193 0 16.78101709249917
2676 -19.45401146453811 0 3.652656354558747
2677 1.334236789008072 0 -20.18644193436607
2678 -6.907966447009692 0 -16.52698118068161
2679 12.69797222508249 0 12.59381262980708
2680 19.22665914072119 0 -6.456948120579278
2681 15.46134228662913 0 -13.55923327164833
2682 -17.5525413754768 0 -4.428034567712643
2683 16.51498780139549 0 6.100240588873003
2684 -16.76399374066974 0 -11.61609633818291
2685 5.384204196073847 0 -16.70921645217145
2686 -17.15444418952535 0 11.43779242447072
2687 20.14033011782783 0 -3.952378258358841
2688 -1.355883450974293 0 20.57688614068529
2689 9.151490782020293 0 -18.55738753509059
2690 8.910695714793841 0 15.57704700517936
2691 10.7547007288652 0 -14.62630929488843
2692 17.16446481574894 0 11.51068873383429
2693 -18.33943878166261 0 -8.738826990862083
2694 4.047083573195756 0 -20.3460630754606
2695 17.79297459157019 0 -1.682088573128234
2696 -7.077266978621736 0 -19.21207621352527
2697 -3.452903504442595 0 -20.19284363953476
2698 -12.14505134501058 0 13.06498453875079
2699 17.0591686441279 0 -6.821494958606133
2700 20.77895580731825 0 1.333741008354872
2701 -11.1043623269694 0 -17.22018949129648
2702 21.44604463418806 0 -0.4990382816939108
2703 21.34979932464343 0 -1.967457944169489
2704 21.54323259411449 0 2.135290166653027
2705 21.63947790365913 0 0.6668705041774359
2706 20.58552253784719 0 0.1678322224835251
2707 21.22391974936929 0 -3.444608791654999
2708 20.93683060466594 0 -4.887903386582774
2709 20.26620969310198 0 -2.475227410873331
2710 20.47999511611261 0 -6.140188317692993
2711 20.00697431111257 0 -7.533662674396892
2712 19.68349462927451 0 -5.204663189469059
2713 19.40862588696326 0 -8.742514087512047
2714 18.75776693878622 0 -10.06232547340479
2715 18.62831071657187 0 -7.665799533694434
2716 18.12902545963095 0 -11.2505260406432
2717 17.31146474533241 0 -12.4740921169913
2718 17.40122081326729 0 -10.062851514048
2719 16.65589622159097 0 -13.62818271217226
2720 15.68562243166324 0 -14.73456792417281
2721 16.11691081037057 0 -12.40514267646737
2722 14.58978167296 0 -15.29449433990568
2723 13.48339646095945 0 -16.26476812983341
2724 14.3655015279259 0 -14.11915968738119
2725 12.3806120997521 0 -17.39021695526338
2726 11.15704602340399 0 -18.20777766956192
2727 12.16687640801531 0 -15.80453492854402
2728 10.20074539101016 0 -19.02147956012022
2729 8.880934005117423 0 -19.67233850829727
2730 10.10779141441412 0 -17.74368564453229
2731 7.44509851200807 0 -19.90318393966815
2732 6.051624155304172 0 -20.37620474466819
2733 7.71565528891094 0 -18.78823296646148
2734 4.935256044001255 0 -21.03969708348231
2735 3.49196144907348 0 -21.32678622818566
2736 5.163451684498671 0 -19.68257073664648
2737 2.135538056979638 0 -21.2469756576384
2738 0.6671183945040591 0 -21.34322096718304
2739 2.690660181101914 0 -20.26625250491334
2740 -0.6508589481769986 0 -21.18018861410727
2741 -2.11927861065258 0 -21.08394330456263
2742 0.01625944632701404 0 -20.0234095812903
2743 -3.194871414696856 0 -21.25017651022275
2744 -4.638166009624633 0 -20.96308736551941
2745 -2.377310700398319 0 -20.02661043387464
2746 -6.450347746714203 0 -20.47270365251466
2747 -7.843822103418105 0 -19.99968284751462
2748 -5.391621231712192 0 -20.17769664295842
2749 -6.018540463619726 0 -18.91706920396904
2750 -4.206358726530155 0 -19.40745291697378
2751 -8.70662253775911 0 -19.3188698190284
2752 -10.02643392365185 0 -18.66801087085136
2753 -7.94006741296274 0 -18.53126318503904
2754 -11.17718116348468 0 -18.35288053822319
2755 -12.40074723983278 0 -17.53531982392466
2756 -9.953615087136575 0 -17.53531982392465
2757 -13.23477663296734 0 -16.61917016626922
2758 -14.3411618449679 0 -15.64889637634149
2759 -11.93839172010396 0 -16.30403983364104
2760 -15.40397078022313 0 -14.56141154988855
2761 -16.37424457015087 0 -13.45502633788801
2762 -13.83523004849376 0 -14.30040534953267
2763 -17.30722194861124 0 -12.6566142454396
2764 -18.12478266290978 0 -11.4330481690915
2765 -15.83101636220937 0 -12.41450843063133
2766 -18.91250518340622 0 -9.994413495431084
2767 -19.56336413158326 0 -8.674602109538359
2768 -17.55171626116618 0 -10.1774616645225
2769 -19.92147638925432 0 -7.459333396249005
2770 -20.39449719425438 0 -6.065859039545108
2771 -18.69755103933368 0 -7.523558277572731
2772 -20.76011599135069 0 -4.783505169249826
2773 -21.04720513605405 0 -3.340210574322051
2774 -19.42128209410107 0 -5.025935693988095
2775 -21.38601592624956 0 -2.193574783695022
2776 -21.4822612357942 0 -0.7251551212194538
2777 -20.12571168139289 0 -2.596946033065784
2778 -21.20340821852378 0 0.5332249546165724
2779 -21.10716290897916 0 2.001644617092147
2780 -20.18566945431798 0 -0.1919301666027289
2781 -20.88076042272444 0 3.294747839754872
2782 -20.5936712780211 0 4.738042434682646
2783 -19.68041395079284 0 2.359553131896022
2784 -20.30001729375362 0 6.117673315228408
2785 -19.82699648875359 0 7.511147671932311
2786 -19.16035748027064 0 5.032287235104509
2787 -19.37671229462797 0 8.814406935638559
2788 -18.72585334645095 0 10.13421832153129
2789 -18.41641930187755 0 7.715177379356519
2790 -18.32000788733766 0 11.34389621223527
2791 -17.50244717303914 0 12.56746228858338
2792 -17.56028964863864 0 10.22811453376674
2793 -16.37418192803756 0 13.2817355948922
2794 -15.40390813810983 0 14.38812080689276
2795 -16.02617894452377 0 12.15206573077954
2796 -14.45145647493061 0 15.56964064534657
2797 -13.34507126293007 0 16.53991443527432
2798 -13.94546203634297 0 14.04785887554217
2799 -12.55034267553529 0 17.44924778615853
2800 -11.32677659918721 0 18.26680850045707
2801 -12.19828178576897 0 16.13871206488019
2802 -10.16609004150603 0 18.64615750172457
2803 -8.846278655613297 0 19.29701644990163
2804 -10.24286664069302 0 17.4273944170319
2805 -7.503992016214186 0 19.81701569157613
2806 -6.110517659510283 0 20.29003649657619
2807 -7.739893443612729 0 18.3267426599739
2808 -4.747749425511316 0 20.76765781623888
2809 -3.304454830583523 0 21.05474696094225
2810 -5.034838570214653 0 19.32436322131109
2811 -2.146361387962826 0 21.442197760798
2812 -0.6779417254872483 0 21.53844307034264
2813 -2.51397689359499 0 20.18943534082953
2814 0.6426142673929071 0 21.14064467159788
2815 2.111033929868496 0 21.04439936205326
2816 -0.0353274580941374 0 20.17908774194052
2817 3.451365111684058 0 21.0653342483891
2818 4.894659706611856 0 20.77824510368576
2819 2.625559716601579 0 19.8022242295316
2820 6.199567134572399 0 20.04379841408637
2821 7.593041491276311 0 19.57077760908634
2822 5.270798326377683 0 19.08871242626806
2823 8.926961781852643 0 19.49230402107065
2824 10.24677316774539 0 18.84144507289362
2825 7.90962604491456 0 18.27579214865299
2826 11.23069826137591 0 18.13329433882456
2827 12.45426433772402 0 17.31573362452602
2828 10.22747142912141 0 17.48916782656824
2829 13.50550848231814 0 16.52437809137288
2830 14.6118936943187 0 15.55410430144514
2831 12.26264066734605 0 15.98966155934603
2832 15.63621057990128 0 14.58349831611702
2833 16.60648436982903 0 13.47711310411646
2834 14.33820169752274 0 14.22770004086476
2835 17.50745748615084 0 12.60391044326529
2836 18.32501820044939 0 11.38034436691717
2837 16.26349169942713 0 12.38389139468546
2838 18.51686486996397 0 10.05037665065011
2839 19.16772381814102 0 8.73056526475736
2840 17.35631148526352 0 10.18072101756722
2841 19.82416893644033 0 7.33515734106135
2842 20.29718974144038 0 5.941682984357433
2843 18.20460327307741 0 7.45534537760414
2844 20.80630806521254 0 4.710205592617415
2845 21.09339720991589 0 3.266910997689639
2846 19.37016671514888 0 4.828460062168112
2847 20.32912042311965 0 2.465361839391483
2848 -18.86410104291694 0 -0.2855650317747611
2849 -17.5130392534735 0 -0.09391915310357146
2850 -18.55575464760412 0 1.258095787904487
2851 -19.14295406018736 0 -1.543945107610787
2852 -18.32935216134939 0 2.551199010567212
2853 19.50654437872555 0 0.03287073950225239
2854 18.20698704032258 0 -0.309135265367954
2855 19.09253192997316 0 -1.340082568258028
2856 19.69997764819662 0 1.198779525373599
2857 18.96665235469901 0 -2.817233415743537
2858 -0.4626521531477774 0 -18.49542893285499
2859 -1.111684431658678 0 -17.40982471356037
2860 -1.950750174864945 0 -18.77477300891991
2861 0.8553251895332802 0 -18.65846128593076
2862 -3.02634297890922 0 -18.94100621458003
2863 2.44246457520691 0 18.48264971007467
2864 1.068049350056342 0 18.05251720550006
2865 2.225285390477234 0 16.75387757237897
2866 3.782795757022472 0 18.50358459641051
2867 -0.1042562751932621 0 18.94823597719272
2868 -0.3214354599229379 0 17.21946383949702
2869 -1.424812268073417 0 19.34603437593748
2870 -11.49422687808126 0 15.0487309594101
2871 -10.69949829068648 0 15.95806431029431
2872 -12.56903085908717 0 14.14718162637338
2873 -11.07024736400468 0 13.9665338717875
2874 -13.52148252226639 0 12.96566178791958
2875 -13.34285316842402 0 -13.00552108787784
2876 -12.28004423316878 0 -14.09300591433078
2877 -12.8260546821167 0 -11.81787060514216
2878 -14.38124049744168 0 -12.02527004034405
2879 -15.31421787590205 0 -11.22685794789564
2880 13.65930560892697 0 -13.18623420060266
2881 12.76453024286397 0 -12.08739739323931
2882 12.37488540315966 0 -13.5802492957507
2883 14.75514636763021 0 -12.6263077848698
2884 11.11740538298093 0 -13.55386089163789
2885 12.01218074904393 0 -14.65269769900124
2886 10.90939638783658 0 -15.77814652443121
2887 15.29603645668486 0 11.86238442337112
2888 14.0302454040939 0 12.92545334267186
2889 13.96376327767345 0 11.53074371050634
2890 16.19700957300667 0 10.98918176251994
2891 13.00592851851132 0 13.89605932799999
2892 -16.69087558592623 0 9.461822082871953
2893 -17.00772856755144 0 8.003729147338023
2894 -15.73246904572574 0 8.447114587147208
2895 -16.28503012681294 0 10.67149997357593
2896 -17.45801276167706 0 6.700469883631776
2897 4.744143222190796 0 -18.64291710618263
2898 5.832011995937718 0 -17.86414742500191
2899 4.296335422326925 0 -17.48798613335217
2900 3.62777511088788 0 -19.30640944499675
2901 7.270693821922438 0 -17.70008812344032
2902 6.822886022058568 0 -16.54515715060987
2903 8.706529315031791 0 -17.46924269206944
2904 -17.63557875809632 0 -6.425906316103175
2905 -16.88401779733234 0 -5.485778817817808
2906 -18.30410233624077 0 -5.36816206599801
2907 -17.27746650042526 0 -7.641175029392528
2908 -18.66972113333709 0 -4.085808195702728
2909 7.743200734566034 0 16.96565637092402
2910 9.077121025142368 0 16.88718278290833
2911 10.06104611877289 0 16.17903204883927
2912 -9.139161949067827 0 -16.49768904276706
2913 -7.855417147156718 0 -17.18871566861722
2914 -8.1917112489208 0 -15.83595455483146
2915 -10.28990918890066 0 -16.18255871013889
2916 -6.992616712815714 0 -17.86952869710344
2917 -5.275967800032193 0 17.93678821450172
2918 -3.913199566033227 0 18.41440953416441
2919 -6.644613791207286 0 17.40982177435716
2920 -5.52297478702586 0 16.49986808721047
2921 -7.986900430606395 0 16.88982253268265
2922 16.5838475631621 0 -8.739932910419917
2923 15.95510608400682 0 -9.928133477658326
2924 17.54456546827523 0 -7.848072952707861
2925 16.09845073901477 0 -7.713354916318187
2926 18.14291389242454 0 -6.639221539592706
2927 17.89142264037994 0 4.770558796877126
2928 18.4005409641521 0 3.539081405137109
2929 17.6880180963861 0 6.080089021390567
2930 16.71839234538932 0 4.790710364359563
2931 17.03157297808679 0 7.475496945086577
2932 -2.824034940511655 0 17.57100856927236
2933 -2.582905710694114 0 18.95858357608173
2934 -5.777817891910603 0 15.0379620624459
2935 -4.409171900735512 0 15.56492850259047
2936 -3.291169941867943 0 14.63896381067297
2937 -3.036326836983199 0 16.10086983543754
2938 -1.706032981644086 0 16.64504387735485
2939 -7.155966828532838 0 14.52264675406285
2940 -6.04216394224249 0 13.58770716944285
2941 -8.443532080599862 0 15.42049242594506
2942 -8.707878130931748 0 13.97023753294201
2943 -9.538811733005305 0 16.33741331156181
2944 -6.289216759028237 0 12.1349893325717
2945 -4.911067822406002 0 12.65030464095475
2946 -3.780327696603036 0 11.712478912348
2947 -3.533274879817289 0 13.16519674921914
2948 -2.160429816064977 0 13.70113808206621
2949 -7.664923142408774 0 11.60339416155434
2950 -6.533827022572287 0 10.66599163306624
2951 -10.07689399956825 0 13.35823328002326
2952 -8.789328747501221 0 12.46038760814105
2953 -9.033939011045272 0 10.99138990863559
2954 -4.025023942144197 0 10.26003115505594
2955 -2.647230999555485 0 10.77492326332032
2956 -5.403577795460135 0 9.745983219184616
2957 -4.270481098412583 0 8.808427570156946
2958 -6.779284178840673 0 9.214388048167249
2959 -1.513024133618662 0 9.836890075354429
2960 -1.268327888077501 0 11.28933783264649
2961 -1.023710795580136 0 12.75854031851701
2962 -0.7816058576307894 0 14.23230737997084
2963 0.1104960703566868 0 11.82050713055112
2964 -4.514534171284541 0 7.357268513481239
2965 -3.135980317968603 0 7.871316449352562
2966 -2.001259976591643 0 6.934338520411243
2967 -1.757206903719685 0 8.38549757708695
2968 -0.3783037922417014 0 8.899912146413111
2969 -5.893336099796915 0 6.843074997506084
2970 -4.758835319352936 0 5.9059638767017
2971 -8.156798615296051 0 8.696872418506835
2972 -7.026549388183898 0 7.776864004625208
2973 -7.270850536252293 0 6.325559367845669
2974 -2.245353441312651 0 5.483152109206452
2975 -0.8665800270637328 0 5.99733323694084
2976 -3.624163717778769 0 4.968952935904181
2977 -2.489483768250858 0 4.031947652433777
2978 -5.002965646291143 0 4.454759419929025
2979 0.2681316384570329 0 5.060342570390205
2980 0.5122251031780414 0 6.511528981594997
2981 0.7563339201755681 0 7.9627496817719
2982 1.000516690276591 0 9.414142180039379
2983 1.891045585696334 0 7.025759015221265
2984 -2.733587861153151 0 2.580757725399096
2985 -1.354777584687033 0 3.094956898701367
2986 -0.2200696306250038 0 2.157966740459749
2987 0.02403446227728789 0 3.60915666749443
2988 1.402839592519062 0 4.123352412148586
2989 -4.112398600896678 0 2.066558874970881
2990 -2.977692417332852 0 1.129568121238472
2991 -6.381774833682964 0 3.940561390479445
2992 -5.247103232108798 0 3.003550449681925
2993 -5.4912077882885 0 1.5523608455213
2994 -0.4641668228846516 0 0.7067814429822064
2995 0.9146452240796692 0 1.220981211775269
2996 -1.842977729759465 0 0.1925824594711587
2997 -0.7082628750547921 0 -0.7444030692133213
2998 -3.221788469502993 0 -0.3216163909570561
2999 2.049358788495096 0 0.2839948202463582
3000 2.293455980754743 0 1.735180117723901
3001 2.537552459418377 0 3.186365046860439
3002 2.781649635598122 0 4.637550949756214
3003 3.672266023833804 0 2.249378655331528
3004 -0.9523591394763475 0 -2.195587730055561
3005 0.426451767398466 0 -1.681388746544513
3006 1.561166223462349 0 -2.618374548486821
3007 1.805262487883905 0 -1.167189887644582
3008 3.184073244558979 0 -0.65299098169595
3009 -2.331169888277238 0 -2.709786608776186
3010 -1.196455245823981 0 -3.646772286107378
3011 -3.465884534378931 0 -1.772800937700207
3012 -3.709980640726564 0 -3.223985493752025
3013 -4.600599221952319 0 -0.8358152759328945
3014 1.317070105343868 0 -4.069559109658562
3015 2.695880825829307 0 -3.555360250758631
3016 -1.440551364644542 0 -5.097956848157701
3017 -0.0617406158436512 0 -4.583757969437076
3018 1.072973986523306 0 -5.520743671708885
3019 4.318787506189077 0 -1.589976385402045
3020 4.562883806800269 0 -0.1387916775111043
3021 3.830589878767898 0 -4.492331053950108
3022 4.07468599688638 0 -3.041146492778368
3023 5.453496559127669 0 -2.526947188593522
3024 -2.819362088759543 0 -5.612155710094981
3025 -1.684647458779214 0 -6.549141393424679
3026 -5.088791370260945 0 -3.738184359954172
3027 -3.954076724159252 0 -4.67517003103015
3028 -4.198172818293924 0 -6.126354576297128
3029 0.8288254309409128 0 -6.971787540374745
3030 2.207636152128432 0 -6.457588680596231
3031 -0.5499801138519403 0 -7.486000275341729
3032 0.5846820517531853 0 -8.422845284229075
3033 -1.928790837966941 0 -8.000199137279008
3034 -6.223506006482279 0 -2.801198682024958
3035 -6.467602089914967 0 -4.252383219303083
3036 -5.979408261055349 0 -1.350013157001182
3037 -7.358218980709371 0 -1.864212016350093
3038 -5.735312196179411 0 0.1011713897419695
3039 -7.846412811012538 0 -4.766582079245881
3040 -6.711698174791204 0 -5.703567757175095
3041 -6.955794262090804 0 -7.154752297322235
3042 -5.576983540993234 0 -6.640553437379437
3043 -4.442268905593524 0 -7.577539116444268
3044 -8.98112744456987 0 -3.829596398942516
3045 -9.225223529446106 0 -5.280780936814527
3046 -8.737031360063668 0 -2.378411861358277
3047 -10.11584207849724 0 -2.892610718926924
3048 -8.492933614636737 0 -0.927226336334501
3049 -8.334604981372092 0 -7.668951155917539
3050 -7.199890347574122 0 -8.605936836121881
3051 -10.60018979594487 0 -5.786585228074649
3052 -9.465475162387536 0 -6.723570908378013
3053 -9.709571247870855 0 -8.17475544717766
3054 -7.443986433399247 0 -10.05712137517514
3055 -6.065175714117959 0 -9.542922516579837
3056 -4.930461080953116 0 -10.47990819725391
3057 -4.686364995127992 0 -9.028723658200651
3058 -3.307554272428682 0 -8.514524797118343
3059 -11.25055671204227 0 -1.955625038563619
3060 -11.49465279654848 0 -3.406809576147858
3061 -12.87346351547927 0 -3.921008434434846
3062 -11.73874888193424 0 -4.857994114798151
3063 -11.97900051487566 0 -6.300784086361637
3064 -11.00646062651678 0 -0.5044404997374823
3065 -12.38527134456802 0 -1.018639356958417
3066 -9.627649911076546 0 0.009758362524703967
3067 -10.76236454360229 0 0.946744044129906
3068 -8.248837531722248 0 0.5239582075328872
3069 -13.49874792084544 0 -0.08247360732385722
3070 -13.74284400637093 0 -1.533658146149994
3071 -13.9588390714035 0 -2.975807357199809
3072 -14.20293515678926 0 -4.426991895850103
3073 -15.07231564768092 0 -2.03964160756525
3074 -10.51826845972273 0 2.397928583886889
3075 -11.89707917516296 0 1.883729721624703
3076 -13.02063819943921 0 2.818838976318021
3077 -13.26473428331877 0 1.367654436561037
3078 -14.62230694512168 0 0.8526356473694601
3079 -8.822797152434761 0 -10.57132023358809
3080 -7.688082518978598 0 -11.50830591404605
3081 -9.93377664123939 0 -9.60559066032179
3082 -10.17787272681874 0 -11.0567751991927
3083 -11.06464682225483 0 -8.660210412782263
3084 -7.888782520095884 0 -12.92725322097452
3085 -6.509971801060369 0 -12.41305436256157
3086 -5.174557166565044 0 -11.93109273614902
3087 -3.795746447575077 0 -11.41689387776984
3088 -5.37525716768233 0 -13.3500400430775
3089 -11.53825978436121 0 -11.44458363930117
3090 -10.42728029555658 0 -12.41031321256748
3091 -10.63156170196548 0 -13.97152479082862
3092 -9.271174644423011 0 -13.58371635072015
3093 -8.093063926504783 0 -14.48846479923567
3094 -15.75190246595069 0 -5.012656943269019
3095 -14.66652691002646 0 -5.957858020504056
3096 -14.91129142513483 0 -7.387419049197005
3097 -13.3623241159734 0 -6.801754001778089
3098 -12.22376502998403 0 -7.730345115054586
3099 -9.139048704156902 0 2.911266111902629
3100 -10.27376333571757 0 3.848251789397426
3101 -8.004733123831338 0 1.975147663312218
3102 -6.870016827391531 0 1.038162964453013
3103 -7.760227999826183 0 3.425470868822755
3104 -12.77676911838013 0 4.24726801595973
3105 -14.14442422653594 0 3.731192730896064
3106 -11.40706536864763 0 4.781993724943048
3107 -12.53085139574436 0 5.694347479521092
3108 -10.0278456130818 0 5.295331252958787
3109 -2.661031814187026 0 -12.35387955827835
3110 -2.416935728575099 0 -10.90269501938323
3111 -1.038172294113358 0 -10.3883693595439
3112 -2.172886927501409 0 -9.451383679035391
3113 -2.913453310972078 0 -13.78273972580505
3114 -1.5346425919721 0 -13.26854086741845
3115 -4.25672570266453 0 -14.249963209907
3116 -3.130336480449604 0 -15.16462451904711
3117 -5.592140337159856 0 -14.73192483631955
3118 -0.4013155270739999 0 -14.20180581933669
3119 -0.1488940302889479 0 -12.77294565180998
3120 1.229685427266865 0 -12.25812667201333
3121 0.09635836236876583 0 -11.32486172009509
3122 0.3404071634424555 0 -9.873550379747247
3123 -15.30278533453965 0 4.693591183336736
3124 -15.54665441559872 0 3.265162143695027
3125 -16.95485419088155 0 2.838651131355688
3126 -15.79649308287784 0 1.876252678915016
3127 -16.03050672040451 0 0.4261246350301213
3128 -12.26207956393835 0 7.136949383139762
3129 -13.63178331367086 0 6.602223674156443
3130 -14.7061667546079 0 7.516923614694196
3131 -14.97493858641391 0 6.074321711075526
3132 -16.37716877547669 0 5.608291123874489
3133 -10.91268397920229 0 7.678513151060698
3134 -12.01361589712879 0 8.58638934569605
3135 -9.782605735325562 0 6.744210781734601
3136 -9.534142068516005 0 8.193650744290888
3137 -8.64930370239551 0 5.810468846188979
3138 -11.7431812023432 0 9.97590211594396
3139 -13.09257678707925 0 9.434338348023024
3140 -14.1188790781971 0 10.36452932047604
3141 -14.38931377298269 0 8.975016550228126
3142 -12.57664711337887 0 -10.46433259176738
3143 -12.44797042335257 0 -9.161180328198714
3144 -13.73576532110807 0 -9.5344672940397
3145 -0.7053252493493316 0 -15.9139408362203
3146 0.6804233123338203 0 -15.41834562061184
3147 -3.536695662758951 0 -16.66050839638718
3148 -2.193423271066499 0 -16.19328491228522
3149 2.364361517141186 0 -13.19500899890874
3150 2.609613909798899 0 -11.74692506719385
3151 2.099272204001403 0 -14.5899007499208
3152 3.479200686533438 0 -14.07869914510132
3153 1.795262481726072 0 -16.30203576680441
3154 3.988572379139083 0 -11.23312239750588
3155 2.853896289264763 0 -10.29624007061047
3156 3.098171177575492 0 -8.845534975092292
3157 1.719212708235309 0 -9.359337644780265
3158 5.123311637644131 0 -12.17017410941941
3159 5.367594017109994 0 -10.71948911283602
3160 4.850672657111961 0 -13.5446833487098
3161 6.229694295082871 0 -13.03105006403994
3162 4.585583343972178 0 -14.93957509972186
3163 6.746464514320717 0 -10.20545054819109
3164 5.611725255815671 0 -9.268398836277568
3165 5.855877403406698 0 -7.817364617996271
3166 4.477006906195973 0 -8.331403182641196
3167 3.342323325166519 0 -7.394500756810996
3168 7.881016002194512 0 -11.14199875809314
3169 8.125147240900189 0 -9.690908481534684
3170 7.613008654677496 0 -12.52823621398406
3171 8.991691381256967 0 -12.01369414732766
3172 7.340369674145327 0 -13.90274545327446
3173 9.503946590857428 0 -9.176679137399175
3174 8.369395102983635 0 -8.240130927497132
3175 8.613509918420352 0 -6.788996612372332
3176 7.234710568463113 0 -7.303225956507841
3177 6.099992218843415 0 -6.366230302871471
3178 10.63848622085564 0 -10.11319555071945
3179 10.88273408293909 0 -8.662417996681901
3180 10.36990438293532 0 -11.55443458991204
3181 11.74869187501698 0 -11.04017344919476
3182 10.1018970354183 0 -12.94067204580297
3183 9.992318956222174 0 -6.274793245939144
3184 8.85763442170165 0 -5.337888274949853
3185 11.12699807201456 0 -7.211683686749289
3186 11.37112257529586 0 -5.760575349326809
3187 12.26153770201278 0 -8.148200100069566
3188 9.101734800338749 0 -3.886715247929169
3189 7.722925762536927 0 -4.400918614362357
3190 6.588210595499498 0 -3.463931441655759
3191 6.344110216862401 0 -4.915104468676443
3192 4.965277051805986 0 -5.429243130164873
3193 10.48054499685115 0 -3.372514988547383
3194 9.345836337686421 0 -2.435545327959888
3195 11.61525954321823 0 -4.309500435511939
3196 11.8593610805659 0 -2.858330515542658
3197 12.74993865901062 0 -5.246390876322085
3198 9.589932901871904 0 -0.9843620725886001
3199 8.211122705359506 0 -1.498562331970386
3200 7.076408668987677 0 -0.5615780789081485
3201 6.832312104802195 0 -2.012761334279436
3202 10.96874360814895 0 -0.4701631801259198
3203 9.834029975822036 0 0.4668198158635822
3204 12.09041143010776 0 -1.403466850919145
3205 12.33450850405789 0 0.04771503753303719
3206 13.22512597647484 0 -2.340452297883702
3207 10.07812629257692 0 1.91800373471491
3208 8.699315586299875 0 1.40380484225223
3209 7.564601145433015 0 2.340790006080905
3210 7.320504828678128 0 0.8896060872295771
3211 5.941694228120817 0 0.3754070849205267
3212 11.4569369709112 0 2.432202702105602
3213 10.32222258138903 0 3.36918772849425
3214 12.59165159758192 0 1.495217039809195
3215 12.83574788639404 0 2.946401033588535
3216 13.71331941954073 0 0.5619133690159701
3217 10.56631866015527 0 4.820372285506177
3218 9.187507981821 0 4.306173318115485
3219 8.052793333886585 0 5.24315902359082
3220 7.808697255120348 0 3.791974466578893
3221 6.429886497498602 0 3.27777571155624
3222 11.94512937801431 0 5.334571146912242
3223 10.81041477844627 0 6.271556736533476
3224 13.07984401936566 0 4.397585445250116
3225 13.32394013765666 0 5.848769896277416
3226 14.21455864603639 0 3.460599782953709
3227 11.05451087012694 0 7.722741258915686
3228 9.675700152267906 0 7.208542397509621
3229 8.540985524361744 0 8.145528063118807
3230 8.296889432681075 0 6.694343540736597
3231 6.918078705980424 0 6.180144689200006
3232 13.84516667871695 0 -6.123213077786488
3233 14.08930364663931 0 -4.672138163971618
3234 15.38983619566659 0 -4.135854484764423
3235 14.29460817596026 0 -3.25903228330002
3236 14.52565852550212 0 -1.804168618676507
3237 12.34309782606634 0 8.224694936060139
3238 11.20838319988798 0 9.161680597036284
3239 14.61366578866349 0 6.355131323325791
3240 13.47895114731213 0 7.292117024987917
3241 13.63282347707317 0 8.731056363108515
3242 8.785081610827028 0 9.596712599485938
3243 7.406270891240198 0 9.082513742712914
3244 10.11396160110169 0 10.11931004159994
3245 8.979246967980142 0 11.05629572119405
3246 11.40254855704109 0 10.62126371874439
3247 6.271556230497746 0 10.01949943093581
3248 6.027460144032461 0 8.56831489456868
3249 4.648649386534569 0 8.054116057997664
3250 5.783364047277022 0 7.117130369774767
3251 5.539267948482532 0 5.665945852628989
3252 6.51565233976388 0 11.47068396069302
3253 5.136841592556143 0 10.95648511254878
3254 7.910400898268025 0 11.91180563843645
3255 6.775686260326423 0 12.84879132004941
3256 9.239280888542686 0 12.43440308055045
3257 14.74128018157854 0 -0.3553809948474218
3258 14.99842327510257 0 1.092121007428736
3259 16.47409046326176 0 1.828003391705734
3260 15.44612970122396 0 2.745297755569125
3261 15.69022583419558 0 4.196482167230706
3262 4.002118080350451 0 11.89347660541455
3263 3.758021971084316 0 10.44229207565734
3264 2.379226430786242 0 9.928131641960638
3265 3.513949942991935 0 8.991140149094871
3266 3.269853846236495 0 7.539955624300958
3267 4.246214354505966 0 13.34465894784769
3268 2.867394733034139 0 12.83046591095625
3269 5.628619337419612 0 13.79268723367049
3270 4.4938959901033 0 14.7296765392122
3271 7.023367895923757 0 14.23380891141392
3272 13.57750327341946 0 -9.102074642016211
3273 13.82176726249494 0 -7.651340332083598
3274 13.03311208078429 0 -10.64615835404672
3275 14.59334164126645 0 -10.14929858606076
3276 7.109311581296995 0 -15.39332857618931
3277 8.492625940891621 0 -14.89051472613343
3278 9.508134288454245 0 -15.50370357196836
3279 9.739192381302576 0 -14.01312044905351
3280 -10.41128246426523 0 10.48816823441965
3281 -11.49024335421569 0 11.33611723674662
3282 -9.286876859172779 0 9.631174787832931
3283 1.733302085021853 0 13.78567893490552
3284 1.489205810866338 0 12.33449659247237
3285 1.244588718368973 0 10.86529410660185
3286 4.738000794322374 0 16.18085745099429
3287 3.355595811408728 0 15.73282916517149
3288 1.98118058625816 0 15.30269666059688
3289 0.6029916640903591 0 14.806727342113
3290 4.806979966490719 0 1.312392488626621
3291 5.051076445154353 0 2.763577417763159
3292 5.295172554841686 0 4.214761878261147
3293 3.025745029238968 0 6.088734924124056
3294 4.160457896138284 0 5.151747558835908
3295 10.58062353992275 0 12.97815119229537
3296 9.511777470210639 0 13.83366110953776
3297 11.50304959166865 0 12.08635289655757
3298 11.7755461733366 0 13.48561092554488
3299 12.59747119045494 0 11.12872345199391
3300 -16.42042604409514 0 -3.954912693163855
3301 -16.33885311571733 0 -1.117536184649127
3302 -16.5548481807499 0 -2.559685395698942
3303 -17.68696351213156 0 -3.032807270247732
3304 -6.809319124593674 0 -15.17949142508583
3305 -5.690787659575874 0 -16.07941459191534
3306 -4.716711410379886 0 -17.12695509878093
3307 -3.77979820099678 0 -18.15561549201905
3308 -5.933890197813703 0 -17.5745216875472
3309 -18.07951349407027 0 3.940108475347223
3310 -17.7858595098028 0 5.319739355892986
3311 1.792440119319246 0 -17.69861822601418
3312 3.21128901098683 0 -16.87017335532314
3313 4.299157784733751 0 -16.09140367414241
3314 5.670629755312275 0 -15.55738787775089
3315 -11.15169798057415 0 12.45668394698654
3316 -12.48359671865212 0 11.94441782851086
3317 -13.86002789590792 0 11.84509507767965
3318 -15.15676488181136 0 11.38577327988475
3319 6.226003363677586 0 16.76598528085184
3320 5.087703184983014 0 17.76913790681113
3321 8.540565266812205 0 14.4334800014861
3322 7.393498343905393 0 15.37737591510718
3323 -0.5337273563944822 0 15.7493251056622
3324 -11.12393858203522 0 -15.26640905248345
3325 -15.99984294606035 0 -7.857738592457426
3326 -14.69564015200729 0 -8.701634573731457
3327 -17.06181522729771 0 -8.955390553926982
3328 -7.516090414008529 0 4.876679839069855
3329 3.586471880748912 0 -5.943456888145136
3330 -14.82431684203359 0 -10.00478683730012
3331 -16.27409270680128 0 -10.3940252275874
3332 2.271351718794038 0 -19.22659887444949
3333 15.16113225012363 0 -7.077087619733131
3334 16.33727656080661 0 -5.065348349640378
3335 16.54258109012757 0 -3.65224246896878
3336 16.12185015523677 0 -6.185227662021077
3337 17.27459504969775 0 -5.701615646225434
3338 17.64149802341889 0 -3.131912453486485
3339 16.69405765827887 0 -2.20241858861053
3340 15.81076238106396 0 -1.27396098026374
3341 16.90967931435528 0 -0.7536309647814448
3342 18.35834029799439 0 -5.519342227212007
3343 18.81517578654771 0 -4.267057296101788
3344 15.41071489137165 0 -11.47221718968884
3345 17.32369176310768 0 0.6193223429788353
3346 17.77139818922906 0 2.272499091119225
3347 15.48682129020175 0 5.506012391744147
3348 19.25014226399801 0 2.330400356410211
3349 -18.80414326999185 0 -2.690580898237816
3350 15.64183229985723 0 6.949359520454648
3351 14.99911556429169 0 9.133076621620946
3352 13.8632622430459 0 10.06565453269317
3353 16.15841747654853 0 8.324615876668222
3354 16.38885624252125 0 9.659214046252874
3355 9.881907918192274 0 14.97722811323102
3356 12.08350246676543 0 14.78785762373779
3357 11.03225832217132 0 15.57921315689093
3358 9.662829947425621 0 -16.65554080151114
3359 -1.641925232448271 9.650000000000002 6.127748389726078
3360 6.925448481386096 9.663535744780445 -0.1567824531047356
3361 -5.919223090956081 9.636464255216509 -3.598501827944736
3362 2.168222558100899 10.04189481335809 -8.094999271212298
3363 -8.959437957762946 7.91034675122146 3.544535726315965
3364 6.013289665805369 7.901816509241831 7.577931770749417
3365 0.1160809377264981 12.08930559314591 -0.4524067732960563
3366 8.63101785016838 12.29653972388104 -6.456985532538885
3367 -4.247111385978149 12.36408926402562 -9.884693570376761
3368 -7.380956192181749 12.5764145768063 8.172411123096612
3369 9.886510705678996 12.74935758696447 5.017042435211824
3370 -11.05781509414792 12.6847600502824 -0.6218998497370536
3371 2.314520005746624 12.62454302372139 10.8122281673606
3372 2.020924952703748 6.364748171429161 -2.778406472598171
3373 -6.78389417228956 6.373880157412493 -9.201414567535014
3374 7.434878343172288 6.414314532514161 -8.761229923200132
3375 -6.060512221184173 6.364041969334021 9.599313650790812
3376 -11.15059247481556 6.219680089214012 -2.223676512763589
3377 1.047976128593027 6.274730628363939 11.39268175306775
3378 -3.110584481870185 6.225466409187714 0.9747393734058623
3379 11.08754484407969 6.165996328528542 -3.474618535374919
3380 10.89299193287571 6.373459672956433 3.683512717588349
3381 -5.474477930645889 13.10275860735075 2.215344953534185
3382 3.614289705862611 13.1200033283058 4.675459364173231
3383 11.81660715865794 13.29442474670051 -0.7671581215381437
3384 -9.589023215543971 13.27123538715673 -6.954758708032472
3385 0.338317358781538 5.804756784223357 -11.97277820164599
3386 2.461044466728334 5.842671123399403 3.191174423127464
3387 1.506947713416415 13.86463687129902 -12.26385603000583
3388 -3.114241607164511 10.83148327103987 11.47500339691887
3389 -2.779905830366497 5.418782744803956 -5.4450962381311
3390 3.727904474587934 13.80952248047102 -4.314475215584955
3391 -2.682016848668358 13.92486505455081 -4.833897085294964
3392 -11.63437922993077 13.76995969171807 4.798989791098637
3393 7.661905050724155 13.9349635309559 9.989112592553138
3394 6.668496778796647 14.18566351051193 -11.02434364893824
3395 -10.69515452161472 5.039490693638341 7.561211082780238
3396 -1.874960638721592 14.46920350887855 7.843798895981027
3397 -12.85204539935417 4.850346366068009 2.372049891647646
3398 2.727092613150183 4.988096438121875 -7.591993125265563
3399 6.779535927929707 4.69139570883369 0.2344780794062395
3400 6.734021263554398 14.52628775128089 1.020509663556
3401 -1.704378684215339 4.675607364337732 6.138253228599917
3402 6.576020205651679 4.828567025060586 11.54379105552744
3403 -10.74996046983302 8.358024442256019 -6.782626397782868
3404 -6.423309310178134 4.63714628482132 -2.265431377315326
3405 -7.089347142937152 14.62294825080605 -2.776161686661195
3406 5.783529425990474 8.710602497930147 -4.795334045605168
3407 4.445334977323446 8.372668477704979 -12.03119272577562
3408 10.36268130497815 4.91170066496557 8.372387405258372
3409 13.64105203681635 4.618566618175684 0.2243489353231623
3410 -1.180576460482518 14.77366924991049 3.194728498157536
3411 12.59006064587945 14.72122324638276 -5.27461134013465
3412 -5.626965619856472 14.81381302218669 12.41532350311151
3413 -0.8697297513024376 9.60785993079323 -4.547400423305882
3414 -5.91904674722934 4.478766064935352 4.221135845165114
3415 0.8004314109132256 14.87687080285701 -7.774311173560067
3416 -3.209361850895208 4.71507097127594 13.2029994375958
3417 -3.73995165191535 8.294708039191661 -12.36906563528663
3418 9.995736194889027 9.942487975289755 8.666541672527131
3419 6.82818840695391 4.27295194651869 -4.328873535821544
3420 2.925035622510204 4.463737375125832 7.577625743643143
3421 -10.7766625550004 9.611579484758648 7.384505303707041
3422 -13.02566297840672 9.443466632110773 2.002096031118136
3423 -0.9917130869557713 14.70213959597389 13.56327069002612
3424 5.121985698806014 9.163842410415555 11.89600438558723
3425 -2.820319638035182 14.70866141178057 -13.57617769876504
3426 6.920959066245468 4.507706900960714 4.743011570009816
3427 -10.75324611848086 4.269586159752659 -8.709005491798711
3428 12.01869630902731 8.844780678638656 0.05776655635267147
3429 -8.329135611230319 10.47783656075074 -10.26797153818631
3430 8.449273023157165 15.06316174838247 -3.016259277477069
3431 11.10866347610519 8.60330879929635 -7.28572852965853
3432 5.381274710781465 4.118001671374754 -12.86276290822069
3433 -8.65576671870765 14.96991224058479 -11.10566011877652
3434 11.29896417169182 4.197370821220047 -8.158177468517071
3435 13.17335584428718 15.08361732237605 3.093973425614766
3436 -14.03227399286283 15.21406451791217 1.383628638471424
3437 -13.21171072498584 14.68767743623339 -4.299885636838646
3438 3.082111061070839 9.904495223932612 1.824074899115586
3439 8.314204617657735 10.17186884720926 -10.70692778010212
3440 -5.496200581643585 4.22220958327468 -12.89750130812177
3441 11.57357461906977 15.01413359953347 8.356884031608848
3442 -2.983785109935232 15.04263650794812 -0.6862660040580542
3443 -1.725204164096779 8.229391791419824 -8.549739296241063
3444 -11.06220720485819 14.95016064688236 9.074470519262064
3445 -6.134317565267043 9.204650050389745 0.6326660865714104
3446 10.75688166298132 14.94722236673142 -9.305401013190563
3447 -5.873867283248842 9.051092220252873 6.277366302332596
3448 2.535649508112063 15.21171590909961 1.130120796417061
3449 -2.815388332883701 4.201710194252847 -9.554037626099745
3450 6.682815329104109 10.14907953134194 4.046969251980711
3451 0.6602581160460363 9.826076263546543 -13.41040943191121
3452 1.98504847070201 9.137200404988608 8.347478235845232
3453 -7.558931594803536 15.40639862356097 5.058642050698421
3454 -8.845659480276742 4.188940514697699 1.176754988752905
3455 -12.90040523139531 9.971851591352694 -3.416082593491172
3456 5.03242169113892 14.94265648615337 13.33525934518599
3457 -5.871238798757525 15.19033010143129 -7.245737861084433
3458 4.038500887009477 15.38341082031861 8.174077750971696
3459 -1.222375750676536 3.974862833655722 -1.91431787945372
3460 -2.410092532251565 10.11123027098197 2.116447692493029
3461 12.79732023051777 10.46634852132489 -3.824149382244841
3462 0.4808476981702283 9.900253947183865 13.41267317044313
3463 -7.134849402256308 9.944069222976735 11.33206483108123
3464 -9.512536388044888 3.367242385239058 11.46240322449374
3465 6.102879477891271 15.3684692774866 -7.196086517523429
3466 -6.531958193036135 3.714787892192531 -6.185535791645924
3467 -13.38433672908745 4.258156591027619 -5.285282813111677
3468 6.893436391059645 15.43905121616792 4.937238404410259
3469 3.373830055162139 10.47410435615047 -2.128212271922298
3470 13.23546044461149 3.778098535381778 5.741618631340788
3471 0.4054866714493706 15.42632520044489 -2.778487272261406
3472 1.615385931299368 3.835902386209674 14.68603386939713
3473 12.7973823914466 10.02812632577389 3.935956920690706
3474 -8.650939507764177 15.33909530965684 1.193685872952931
3475 -2.172030349550701 7.175573069564757 9.213797142080844
3476 2.17014264051539 3.612662220662816 -0.006250668969813189
3477 9.114869817537272 3.892611655349673 -11.48052237473728
3478 14.44994169873847 3.760977228450176 -3.635729002146251
3479 -9.109173251142835 11.71248722975585 2.62972354891595
3480 -0.7164937407614855 3.644289205020841 2.553825182156403
3481 -5.243947523204713 9.494110533480589 -7.437901509357667
3482 0.1647660300402718 8.055873357292034 0.1337084397157825
3483 14.80180020360894 15.72531720847511 -1.49228387561517
3484 -14.53465254217339 4.049384330207175 -1.306371912666273
3485 -2.392253146123547 15.74494006158095 -9.759161445253703
3486 4.954309378764392 11.61429530388527 7.994263480576969
3487 -11.95951905832686 15.53979746833369 -9.087296319433417
3488 9.193265411119175 11.30127686678101 -2.789557880252827
3489 -9.213326014266645 9.478648304281702 -1.638980203624932
3490 -4.414539209524487 12.52036150139948 5.809962783035151
3491 -3.489838720205148 11.35184399625487 -1.278167580439223
3492 -1.472364702897906 3.488443055858224 9.72790129689659
3493 -12.92459370086392 7.204960326523345 5.362666327565071
3494 -1.937952341777561 4.043223947982198 -14.81896940098937
3495 2.007583525436859 3.698399833797333 -14.85301958022556
3496 5.576885700341721 11.57788996013135 -8.537912475875679
3497 10.19724604869239 3.580943388579437 -0.8869110867475949
3498 -0.6153032208805262 11.41355881998328 -10.23700376098385
3499 -5.378732895565543 15.71643199710628 8.063806831630401
3500 1.065695033395926 15.76279402110648 5.98136992373453
3501 4.605235733771437 11.94314818929919 -13.25989100360968
3502 -7.299815577789335 3.534970363784386 7.537039843511845
3503 9.73683618917509 11.33177410212596 1.593710625315743
3504 0.8412200995522149 3.31617373487355 -4.899301717966979
3505 -9.624036634651629 7.449632940456752 10.17090182824395
3506 -3.103243772191095 7.552938451057645 -2.460801974029917
3507 -13.80698505441717 3.634058733627088 6.036378928999534
3508 -8.012812256824349 6.822853327617247 -4.805718717780257
3509 4.488091608260949 15.72607274759803 -13.75183801044638
3510 -9.18423726321145 3.789020879827862 -12.12789782218415
3511 5.563220725372787 3.321002248447005 -9.138289014546682
3512 -9.678689048797867 3.598348943272169 -4.315361781499705
3513 0.4277551594108162 11.58051629252851 3.847659521013032
3514 12.35788597940178 7.683052476174763 6.859736491657616
3515 -0.8705772556192315 7.147478082676832 3.647290263902911
3516 9.878653630945484 16.12002032232335 0.3193967025036073
3517 6.832350516570247 3.454374037394055 8.384625662706931
3518 0.3549386632495588 15.79954189402368 -15.28273911282946
3519 -4.687338188037381 8.089486393718733 13.3742797640114
3520 -10.26027031224438 3.347440805240664 4.395838223459896
3521 3.648303874241047 15.7378183585515 -9.811498922192563
3522 4.31572490154005 7.233812840702196 -0.1911279864452816
3523 1.015599732714634 12.421889106966 7.283787918104835
3524 -10.72995149999127 16.1046098997661 -1.612823196536107
3525 -5.296892620927927 3.42058459560277 0.8821149140156432
3526 4.725648016158644 15.85121843134337 -1.588408113533726
3527 9.085135743512305 7.414655428754761 11.10688409533411
3528 0.4284085274715518 15.69859518570158 10.37070298564054
3529 3.5011229640359 8.650061541191947 5.146068048945999
3530 9.945661205018004 3.577352694154809 11.68691796125575
3531 12.60515484705311 11.82972028268202 7.165170179154923
3532 3.288520938140646 3.502922813337713 11.01169403786025
3533 4.143064369057607 6.255273062819922 13.79718763795596
3534 7.85273460273419 6.96691142841745 -2.263857058723265
3535 12.08207690034924 12.05027438695855 -7.63192859669061
3536 -4.092855642969412 15.88613445139032 4.803991392969243
3537 0.5350842615319723 3.168868671442484 -9.637705278173179
3538 9.44724619220287 16.11119339061819 -6.238396598953898
3539 6.10143613883224 12.64710814992281 -1.860778478111713
3540 10.6190951954993 3.062825964914344 2.573131811623393
3541 -5.910504391881538 11.17977705123096 -12.91112335942515
3542 7.81528013344363 7.327248747790422 2.301342818157845
3543 4.579083283004304 3.18209498072771 2.464471464550908
3544 -14.10457641092934 16.00004106080052 6.10433196836502
3545 -9.223756689194117 15.87171792984325 12.21561432698801
3546 3.776706388335189 3.228108238772523 -3.055253705290826
3547 10.28328124077167 16.19818947501062 4.880210781791482
3548 -8.677127447407006 16.24559248321672 -5.4068301121114
3549 -10.01533968801921 7.410458934533343 -10.07942569646378
3550 8.679727331400821 16.04992955233916 12.6836489697652
3551 15.39370383541258 3.241773308148914 2.981018240269095
3552 -7.235979639669161 7.864013314475857 -12.36098681844842
3553 0.5441242415773639 12.71368560976185 -5.0917105306098
3554 -2.331569806425232 11.36908596095586 -7.161753336740783
3555 14.1413142661517 7.146056877967665 -2.118185506905663
3556 -2.53534056735445 11.21520468203752 -13.92740646171583
3557 14.12714777414105 7.09380407440386 2.621082025741374
3558 7.647617005275288 7.105767670781121 -12.12960759606418
3559 -9.459174534441013 12.27118159445466 -3.653340441438678
3560 -7.497746533287983 12.18065664101349 -0.3993795089614265
3561 0.3834584454271248 6.670354341155392 -5.761477060704637
3562 8.965553715512007 8.270401649151633 5.828224241353599
3563 -9.981196343351881 11.49471089512391 10.15969541447426
3564 -12.62798562673664 11.4019963124903 -6.684543563834204
3565 -4.875900520668614 3.1678691079899 9.928010316450475
3566 -6.971422565921869 2.982915568856925 -9.484833935940065
3567 -13.25238255250761 10.72683436476123 5.220438995580673
3568 -6.566423068422394 3.45687300207423 13.80313708730426
3569 -2.980785797953263 16.14615116832116 10.64824919291241
3570 -6.568118760674135 12.17853891367481 -5.788605404582991
3571 -6.331163387708078 15.70090966401328 -14.0603072937287
3572 8.203333985042088 10.76129053942854 11.54516817050895
3573 -14.37545310114398 12.01148194089105 0.1101830499150962
3574 2.049408505363238 15.77255252886943 15.21915343810878
3575 -0.6461403714997156 6.752302063301935 14.40308150098634
3576 -14.12266556127257 7.719066819630998 -0.9277307584204557
3577 8.545767408780549 6.910554146731711 -5.594463150118494
3578 -5.023773882079557 7.602201808588934 3.368279486853189
3579 8.282456898265217 3.036076869248444 -7.131828323191327
3580 -15.32418113925872 15.9841932340119 -1.799586439006021
3581 -11.54157932393968 2.777244028041858 -0.4896355569798131
3582 4.565164033629046 7.759133746037594 -7.743271000323149
3583 9.422130890187319 15.87006041016986 -12.42978329818147
3584 13.39662809934604 6.18121782056939 -6.137067149010888
3585 2.401084003695508 7.070129367951368 -14.44284659413598
3586 14.37402404152534 11.08131404681463 -0.8932842574566642
3587 3.495335793007003 11.48810295762659 13.82803800030688
3588 4.982303169835893 3.000182476252105 13.87245541102967
3589 -5.620502013014954 16.28319148160121 -10.51641712573362
3590 -3.824616858285754 15.95819145222472 15.1866747508904
3591 10.40293504635955 7.077189946147744 -10.19957782754082
3592 -4.222394357335192 2.851854082562579 -3.955683357948275
3593 4.034230540648815 6.573246052491864 9.921122006415114
3594 2.513285526480621 9.054769894620476 -4.97237144475219
3595 14.27286096060115 2.977793691274941 -6.9748757531753
3596 11.6729220146015 16.20960715493695 -2.462323563086487
3597 3.835218817722212 16.36029535504572 4.143735480597019
3598 -12.70329173697448 3.025943624354442 9.358573528898047
3599 -3.583508050945357 12.6312656762894 14.32601594494153
3600 8.556899066081419 16.1680375713791 7.690048908638723
3601 -8.00693576004964 6.541331896369614 6.386969317728445
3602 0.845469614705062 6.730869227414775 6.419781176281011
3603 1.533064526220478 3.202358049130434 4.893828292122379
3604 13.66716785001386 16.12053274600263 -8.12460640110354
3605 15.15445515706113 16.14266614906836 5.474747300270839
3606 -1.554293114314228 3.326933227114355 15.84593438750287
3607 -10.88952727941199 7.125511097063816 0.9597014434777411
3608 -5.867853527903923 16.40875786744614 -0.09055224199403744
3609 -4.579306629545821 6.094355810269468 6.711427566446429
3610 11.40900803344063 3.156270037178668 -4.955323063842744
3611 -10.90875099101769 12.50971082518854 -9.888271845985033
3612 -4.33222640843299 12.8803523130832 9.26266614335842
3613 -0.8458860372439698 10.52273646056055 9.160944891762313
3614 -11.31262014353137 16.31928961243229 2.796255847755202
3615 3.358751486546629 5.570830409042882 -10.74558882325791
3616 7.711332410568597 9.380392860211447 -7.505888133885852
3617 -1.310017642749472 7.323451406735296 -14.47288376029316
3618 15.95018974570558 16.32144729137431 1.626012164763631
3619 9.738215439439221 3.221343285865353 5.683665022172666
3620 -10.55944384724643 16.48327114952288 6.245071519231075
3621 -7.559470629989584 6.456339235886869 12.50383761575616
3622 3.204010340048074 16.31792312473721 -6.230425801645946
3623 -1.591514483046419 2.840573255994466 -6.926563236887059
3624 -15.5010593227044 3.008174712581931 3.228694381982326
3625 -8.413331674935874 10.89802753621626 5.647810641237404
3626 -7.940167505872648 6.793244656664307 -0.4495297302336081
3627 -12.56991857324593 12.26032569866696 8.015513674913251
3628 13.11974802241804 3.185153073764639 8.998908723828217
3629 -4.858292430408295 16.21057093356309 -4.403375475947143
3630 -0.3714475561613424 16.32927777035017 0.5578703301230781
3631 -1.074491030101756 16.48914538391096 -5.786335323918242
3632 10.67840109402455 12.62399564966498 10.35636249403011
3633 4.239453221652335 5.960071438755066 -4.992655126960529
3634 -4.802380788474149 9.271933454045826 9.269166823337036
3635 -0.01904719421743928 16.59342699857978 -11.69480950118133
3636 4.255248450953956 12.60477379317969 0.6950489855415485
3637 -4.390419001555027 2.969123875000509 6.507732154046328
3638 15.4958471881084 16.43459422117868 -5.640790228069736
3639 1.201328592229427 7.244694639357295 -9.174515188865062
3640 2.451244515282837 11.0633974964081 -11.09275590417236
3641 -2.442679528511524 16.51990788499663 -16.29795679571278
3642 7.816671238702433 11.18621533537093 6.782541830735589
3643 4.571467735312095 3.000801310257173 -6.05848460751767
3644 9.88779358593902 6.545774243743789 0.08305472078096361
3645 -13.54614410240893 7.491285849156347 -5.396349532863111
3646 6.030313645557923 11.80108026587891 -4.84295919879245
3647 3.091391006638484 12.8653031864673 -7.200257341262354
3648 16.48775057412936 2.936433535244388 -1.509382651927104
3649 15.16519365250169 13.27684348060198 1.456024232754464
3650 -6.294204877973235 10.40794947889255 3.464992853128964
3651 -8.499417007148756 9.830910696468976 -5.27481861362341
3652 3.150390601043926 2.54099656998377 -11.09198008221328
3653 -8.04529554723206 16.76341144630779 -8.701936733934982
3654 7.586798965431237 2.689945923966717 2.387838719194264
3655 -5.438714993237827 6.567297266592388 -6.452531199529487
3656 -1.351610511071925 13.19759918944932 10.59772615915594
3657 5.39250185129937 12.27581988909717 11.42885622171467
3658 4.267950208601737 2.350042816060293 5.815163020873636
3659 -12.0502824140048 2.849081226120721 -11.20782485436403
3660 5.73860630831015 16.30880401325233 10.62081787837126
3661 9.606319904849098 12.93041331183124 -11.3931583689605
3662 5.993814970591911 16.28645228712511 -4.308158322468028
3663 -3.572872545932714 16.53391809358882 1.887564832570673
3664 1.088035763232801 12.46892766593274 -15.03684093216134
3665 2.494029163357439 13.6053629145876 -1.556301567842725
3666 -0.6666208458863303 2.922749153466657 12.71846772247427
3667 14.49975081449675 13.13959736591578 -3.300334236850141
3668 -7.133553306503899 12.82915633768007 -8.722036459084574
3669 8.036232761634798 16.39610778618606 -9.366581064264276
3670 -7.954417205550596 9.333870819094496 8.471894705114543
3671 -14.44730056944224 12.68878464510509 3.136244084523611
3672 2.948727209498845 16.64032338520402 11.80410359403054
3673 -15.9008314964832 3.097973560868034 -4.048860941539211
3674 -8.067069998850837 12.8038007259068 12.31087474384768
3675 11.01362802757428 16.73227195130404 10.82616987950563
3676 -8.220840622085882 16.26121902492601 9.2705930320527
3677 -3.401143999999287 2.952134182768012 3.682570559185737
3678 -2.397058546574651 9.81092601997363 14.45601059437071
3679 -2.477972269238845 2.566406002667932 0.3985744872452517
3680 6.948630028175462 2.587259350447935 -1.871897088266861
3681 -8.356844490300464 2.573970781865548 -1.292145484311594
3682 -11.68204468741384 16.57891802478542 -11.94948188819085
3683 8.057220558903495 16.82035959027735 2.569232904427874
3684 -11.64038310293329 16.54098920245539 -6.192317672965741
3685 -2.718467462361775 2.674106277890648 -12.19986737784578
3686 -15.01625288151625 2.374300894563581 -7.959578498588051
3687 4.867155818220181 7.551122509207141 2.727503124979272
3688 -3.417320284303405 11.10723480380858 -4.23928021214032
3689 -7.646579557995191 2.836922738354244 -14.6386432199231
3690 9.303009327281035 14.13620508927948 2.442117619867321
3691 0.5064015673246469 2.740629596738061 7.642625498550006
3692 0.4941410829821802 12.47849542323526 15.16412901357523
3693 -1.607405560291048 8.263319549047806 11.97274049788088
3694 -0.8740765604032408 16.46351102303552 16.17513091967851
3695 8.858505013354256 13.32504618471202 -0.655039235941445
3696 12.062557583665 2.87264460783051 -10.9317000408932
3697 -2.645417769188058 12.96139412258211 1.381007885400191
3698 6.799427124607908 9.730790769175817 -13.21806535124786
3699 -16.26954058497538 15.25098322772071 2.677424904996909
3700 -14.85690381826484 17.25703225895608 1.745755643828539
3701 -17.09417041037739 17.29395096876463 3.039551910354024
3702 -16.30569179400864 15.64397149916489 5.037776569943706
3703 -14.8930550272981 17.65002053040026 4.106107308775337
3704 -14.06842520189608 15.60705278935635 3.743980303418222
3705 -1.059737807086877 17.53139701055324 6.371610220393736
3706 -0.404632802662833 15.11599876499251 6.912584409857779
3707 -2.530065643145636 16.88460175443927 7.302824706516985
3708 -3.639013145269546 17.59306722569516 5.782920955011092
3709 -2.983908140845502 15.17766898013443 6.323895144475134
3710 -1.513580304786743 15.8244642362484 5.392680658351886
3711 -0.1227534601383067 17.53139701055324 5.236892655024139
3712 -2.702028798320976 17.59306722569516 4.648203389641496
3713 -3.154222372270132 8.08757859869281 -5.499965811417685
3714 -4.270979382714462 7.060117858825016 -4.456666586779702
3715 -1.986486761746766 8.580399190925437 -3.5041011986679
3716 -2.143525017802921 10.3575473673009 -4.393340317723101
3717 -3.26028202824725 9.330086627433111 -3.350041093085119
3718 -4.428017638770616 8.837266035200484 -5.345905705834904
3719 13.90229273454044 17.51265860423756 -1.166442868773794
3720 13.98757802394806 15.40446726542558 0.800844774999798
3721 13.08807055487956 17.19180866118802 1.126685781841173
3722 11.44071944820871 17.71001016116168 -0.2606025797144058
3723 11.52600473761633 15.6018188223497 1.706685064059187
3724 12.34022691727721 15.92266876539923 -0.5864435865557812
3725 4.922997344377835 4.485722138043273 6.16031865682648
3726 4.691001766486901 5.175189012180058 3.96709299656864
3727 2.693040044619269 5.153204249262617 5.384400083385303
3728 3.213079293273052 6.55689945815889 6.361846896294571
3729 2.981083715382117 7.246366332295676 4.168621236036731
3730 5.211041015140684 6.578884221076331 4.944539809477908
3731 -3.056838637253575 9.55098523213691 -5.992650966331775
3732 -5.34133125822127 8.030703900036489 -6.945216354443577
3733 -4.330633903754059 10.30067266864458 -5.838590860748994
3734 -1.824817790834467 7.513321337798593 -4.996248330718491
3735 -2.941574801278796 6.485860597930801 -3.952949106080509
3736 -4.109310411802162 5.993040005698171 -5.948813718830293
3737 5.849002952228847 6.99620471773807 11.71989772055734
3738 6.43859637300372 7.844197535911533 14.02330384156471
3739 7.165613626426552 5.676559843234049 13.84719717653482
3740 7.830577974581992 6.121611226907674 11.32533757543077
3741 8.420171395356865 6.969604045081136 13.62874369643815
3742 7.10356072115916 8.289248919585159 11.50144424046067
3743 -1.078922276476283 16.88460175443927 7.546917494876965
3744 0.3914055595824762 17.53139701055324 6.615703008753716
3745 -5.776550057228457 17.05690651109335 13.25816964823834
3746 -6.875808887999897 14.50012805588843 14.46289189107081
3747 -7.025393325371882 16.74322154479508 15.30573803619764
3748 -7.574945591897279 17.58585896492163 13.15831506017659
3749 -8.674204422668719 15.02908050971671 14.36303730300906
3750 -7.425361154525294 15.34276547601497 12.31546891504976
3751 -2.939423257888957 2.100855097126423 -8.308688940730853
3752 -4.318233980588268 2.100855097126423 -8.822887801813161
3753 -4.797708187965174 1.857393946096266 -6.624438023503942
3754 -6.176518910664484 1.857393946096266 -7.13863688458625
3755 -4.673673262959918 3.958249043222689 -7.869786708872835
3756 5.14855251748336 11.63454142982387 4.361214308076971
3757 6.708418296329254 12.33768364131141 2.533739457768355
3758 5.174155484708504 13.82314553979334 2.847984513864616
3759 5.253863048461128 14.27952727223686 4.806348884291745
3760 6.813728827307021 14.9826694837244 2.978874033983129
3761 6.788125860081877 12.79406537375493 4.492103828195485
3762 -0.5442601018805744 17.36316260022245 -3.035372672723571
3763 -1.289149219242931 15.2344808541965 -1.73237663815973
3764 -2.238895992572876 17.17131825397406 -1.989262038621895
3765 -3.176149652809407 17.75528546678154 -3.847816774566439
3766 -3.921038770171763 15.62660372075561 -2.544820740002598
3767 -2.226402879479462 15.81844806700399 -3.590931374104274
3768 10.99529282081847 10.88381269405295 -3.306853631248834
3769 10.15096444361218 9.95229283303868 -5.037643204955678
3770 11.95299185331148 9.53482866031062 -5.554938955951686
3771 10.67154381964916 8.688451334028301 -4.709306266181668
3772 9.827215442442871 7.75693147301403 -6.440095839888512
3773 8.869516409949862 9.105915506756359 -4.19201051518566
3774 -4.875375676443098 17.62909572611236 14.64384527212779
3775 -4.725791239071113 15.3860022372057 13.80099912700096
3776 -5.974634507214538 15.07231727090744 15.84856751496026
3777 10.14040512759943 8.733636597654774 -3.132088207813873
3778 11.94243253729873 8.316172424926716 -3.64938395880988
3779 9.816656126430118 6.538275237630126 -4.534540842746706
3780 -2.327486332970317 1.420286627997233 -6.994951746124509
3781 -4.061736338041277 3.277680574093499 -6.556049514266491
3782 -2.20345140796506 3.521141725123656 -8.240300431493402
3783 6.467124366025418 6.204761705101273 6.160471670379616
3784 4.469162644157786 6.182776942183832 7.577778757196279
3785 4.757206314920635 8.275939025216889 6.361999909847707
3786 5.949135708129516 6.389912862113716 14.97389546774908
3787 5.359542287354643 5.541920043940253 12.6704893467417
3788 4.632525033931811 7.709557736617738 12.8465960117716
3789 -0.3088938979390221 17.03683462495525 2.708856646158688
3790 0.6775365238147725 14.99269257950505 2.162424647287299
3791 1.549219086358268 17.2558579545498 1.676552795288451
3792 0.8142418490001999 17.53139701055324 4.102177358947185
3793 1.800672270753994 15.48725496510304 3.555745360075796
3794 -0.05744071354329605 15.26823163550849 4.588049210946033
3795 15.06808808383637 17.38881755259768 10.11326401898296
3796 13.76746027060016 15.24588435236441 9.362776264012592
3797 12.87420243230597 17.15706679976674 9.107371786579215
3798 14.66464270130166 17.72133307453418 7.666303420910211
3799 13.36401488806545 15.57839987430092 6.915815665939844
3800 15.55790053959585 15.81015062713186 7.921707898343588
3801 -1.284248952656138 17.89457269195548 -4.539296698551989
3802 -2.966391730255026 16.34985815873702 -5.094855399932692
3803 -0.3345021793261926 15.95773529217792 -4.282411298089824
3804 -6.013920847747136 7.933995345446541 -8.319658038446342
3805 -6.786541567217515 9.985973547115664 -8.852936523771987
3806 -7.556514891759939 8.425858359081616 -9.734693052860662
3807 -7.641655589719157 8.102395426940735 -7.238116590579212
3808 -8.414276309189537 10.15437362860986 -7.771395075904859
3809 -6.871682265176734 9.662510614974781 -6.356360061490538
3810 -10.82879386652773 1.683621192619529 12.26369388162226
3811 -9.835440502091302 1.683621192619529 11.65539328985803
3812 -12.42417154099253 1.512971812177221 11.21177903382442
3813 -11.4308181765561 1.512971812177221 10.60347844206018
3814 -11.10791406250968 3.19659300479675 10.41048837669589
3815 3.364497337665035 4.096356969729848 4.503168722000551
3816 3.59649291555597 3.406890095593062 6.69639438225839
3817 5.594454637423603 3.428874858510503 5.279087295441727
3818 2.199003741163343 17.83014767752286 3.183360137378429
3819 3.185434162917137 15.78600563207266 2.63692813850704
3820 2.450456925559069 16.0615446880761 5.062552702165775
3821 12.15861155166982 17.19180866118802 2.25605273306985
3822 10.51126044499897 17.71001016116168 0.868764371514271
3823 -9.53954804053167 9.417930501503379 -8.525298967984588
3824 -8.76692732106129 7.365952299834256 -7.99202048265894
3825 -9.624688738490889 9.094467569362497 -6.028722505703138
3826 8.441530658221454 13.40561004588385 12.11440857013708
3827 7.846776199240278 11.5849923409339 13.8581959463408
3828 8.084972872419645 14.22931184738921 14.42743634596893
3829 7.036114591350096 14.16287472071817 12.05625259573993
3830 6.441360132368919 12.34225701576821 13.80003997194366
3831 6.797917918170729 11.51855521426285 11.48701219611181
3832 1.271333893484416 3.433634252619909 -12.24536242919937
3833 0.4367008101567552 4.48681272783292 -10.80524173990958
3834 1.172950442109198 4.751578309010345 -13.41289889093577
3835 -0.3554419684624583 3.186253055843991 -13.52644347903567
3836 -1.190075051790119 4.239431531057003 -12.08632278974588
3837 -1.091691600414902 2.921487474666566 -10.91878632800948
3838 -3.144749924123039 13.49478250513901 6.826880839508089
3839 -2.797557835003503 13.64701537565498 4.502345640596344
3840 -1.527768549602055 14.62143637939452 5.519263697069281
3841 -0.7236027396553878 13.02485990070353 5.845729208497029
3842 -0.3764106505358509 13.1770927712195 3.521194009585284
3843 -1.993392025056835 12.05043889696399 4.828811152024091
3844 -10.73590853830756 7.325535089198494 7.472858193243639
3845 -12.84603382774907 8.512927187542402 8.465089577954108
3846 -12.80527981105623 6.226882791982248 8.553442467490708
3847 -10.15959557813317 6.244561817047547 8.866056455512091
3848 -12.26972086757468 7.431953915391454 9.858287840222561
3849 -10.20034959482601 8.530606212607701 8.777703565975493
3850 -6.713392561353729 15.90757824550355 2.484044904352192
3851 -6.491887167959906 17.85437893372307 1.712738780100982
3852 -7.337426201409712 17.35319931178049 4.287335926447211
3853 -5.565902070368125 15.9701583585749 3.473103441634547
3854 -5.344396676974301 17.91695904679441 2.701797317383337
3855 -4.720363036918318 16.47133798051748 0.8985062952883178
3856 8.742348282294813 2.442466296762476 -14.84653210274056
3857 7.359033922700188 2.442466296762476 -15.34934595279644
3858 5.669165012666084 2.059000835687377 -13.63416110577552
3859 7.07114362081557 4.501467132449854 -14.57794775524162
3860 7.052479372260708 2.059000835687377 -13.13134725571964
3861 -7.311233544462455 1.857393946096266 -6.201651204381908
3862 -8.642602155758498 3.992187025972595 -7.447270641722318
3863 -9.421877507184817 2.13479307987633 -7.463386054458302
3864 -8.884598972343321 1.799174471636085 -5.266564199308799
3865 -10.21596758363937 3.933967551512414 -6.512183636649208
3866 -8.105323620917002 3.65656841773235 -5.250448786572814
3867 -1.758442935584931 12.05960175443928 6.985773642853553
3868 -3.028232220986379 11.08518075069974 5.968855586380615
3869 -0.6070850365187275 10.61525814626426 4.987703955369555
3870 4.29769304208756 2.059000835687377 -14.16817690216703
3871 5.382739453427656 2.059000835687377 -14.78598968019607
3872 -4.745529454591431 10.9290998987531 -8.661297539867213
3873 -6.288123498604234 11.42096291238818 -10.07633255428154
3874 -5.078807888929844 11.77193315762829 -11.39790846490095
3875 -7.119820001555929 10.82880680599085 -11.58954744880573
3876 -5.577225957543126 10.33694379235577 -10.17451243439141
3877 -4.491949587560031 8.894409286336124 -9.903483572322148
3878 -6.034543631572834 9.3862722999712 -11.31851858673647
3879 -5.487965645792255 8.079360676833758 -12.36502622686753
3880 -7.78255762544974 9.170924937613298 -11.31447917831737
3881 -6.239963581436937 8.679061923978223 -9.899444163903045
3882 7.481085176931015 8.652096469581618 13.23909131833231
3883 9.46266019928416 7.777502978751222 12.84453117320575
3884 -4.19682430114017 17.24516505071564 -6.64779301177493
3885 -4.711022875495474 17.24516505071564 -8.026605289873363
3886 -2.312648991167589 17.89457269195548 -7.296904021290267
3887 -3.47286491442964 15.83973774267112 -6.516036592501337
3888 -1.798450416812285 17.89457269195548 -5.918091743191834
3889 3.553517084754012 9.150521407702081 10.12174131071623
3890 1.516512299647518 7.705965516676273 9.870079994456489
3891 3.084980913699521 7.719286519389747 11.64434306932749
3892 2.801416698488121 9.532048178799709 12.65433877801518
3893 0.7644119133816278 8.087492287773902 12.40267746175544
3894 1.232948084436119 9.518727176086237 10.88007570314418
3895 8.018515295417718 14.33124642028018 1.73131364171166
3896 7.992912328192572 12.14264231031071 3.244543435924016
3897 8.09822285917034 14.7876281527237 3.68967801213879
3898 -4.825228021898444 9.737242545211309 -12.64009449735589
3899 -4.131745972440536 15.46763508150612 -8.502449653169068
3900 -2.971530049178485 17.52247003079047 -9.283317081957996
3901 -1.733372088112652 16.11704272274595 -7.772748384585972
3902 -2.732577908006064 8.262049915305742 -10.45940246576385
3903 -0.6934434026576204 7.01707428782159 -10.26125874894352
3904 -1.700817146566906 7.04973241170751 -12.17092191846631
3905 -1.539846767934657 9.060392151369102 -12.88973753359892
3906 0.4992877374137872 7.81541652388495 -12.6915938167786
3907 -0.5324730240253712 9.027734027483184 -10.98007436407613
3908 -11.14553867387664 1.582815926523728 13.51565809818676
3909 -12.13889203831307 1.582815926523728 14.123958689951
3910 -10.82263455983023 3.266437119143258 13.32266803282248
3911 -8.862334342201365 3.626250864304792 -9.096919713869388
3912 -7.530965730905322 1.491457784428463 -7.851300276528979
3913 -6.751690379479002 3.348851730524729 -7.835184863792994
3914 3.067005110874791 17.57560921567169 -2.196237007521243
3915 2.565567343804007 15.63877181589413 -2.183447692897566
3916 0.9069244385201541 17.36316260022245 -2.791276586885083
3917 2.306186272819506 17.8089615623686 -4.517245851577353
3918 1.804748505748722 15.87212416259105 -4.504456536953676
3919 3.964829178103359 16.08457077804029 -3.909416957589836
3920 6.422820091187807 5.678095273317943 7.981278716728173
3921 8.597515910774197 4.183037351179813 8.378506533982652
3922 8.187985485391758 6.406758587103701 7.975159588003894
3923 7.549212704658837 7.658235968998296 9.342407933041761
3924 9.723908524245227 6.163178046860166 9.739635750296239
3925 7.958743130041276 5.434514733074408 9.745754879020518
3926 5.547630414734879 5.962604274767943 0.02167504648047897
3927 5.57195665424698 5.753382393610443 -2.260000761133413
3928 6.803862167441808 4.48217382767619 -2.047197728207652
3929 5.278121158132448 3.959751973803107 -1.410387812942293
3930 5.302447397644549 3.750530092645607 -3.692063620556185
3931 4.04621564493762 5.23096053973736 -1.623190845868054
3932 8.937941174193472 4.388772124437313 -13.88682748849991
3933 8.919276925638613 1.946305827674837 -12.44022698897793
3934 7.248072264159369 4.005306663362213 -12.17164264147899
3935 -3.99353151894675 10.32939865160864 -11.1268796028317
3936 12.36913592404195 17.15706679976674 7.633800364622125
3937 14.15957619303763 17.72133307453418 6.192731998953121
3938 -12.96303410490102 9.707659111731733 -0.7069932811865181
3939 -11.97911016277162 11.32830582081754 -2.018991221614113
3940 -12.04173903627732 11.06411334119658 0.6900980906905414
3941 -11.11949449633668 9.461057468196238 0.1815579137466024
3942 -10.13557055420728 11.08170417728205 -1.130440026680993
3943 -11.05686562283098 9.725249947817197 -2.527531398558052
3944 10.63353860728955 9.829175010340268 -11.23417628407308
3945 9.711434046881465 9.387588823252806 -8.996328154880324
3946 12.03076803651328 9.044894986383813 -9.52357665885129
3947 12.5174747486353 10.76837778021491 -9.69667669236733
3948 11.59537018822722 10.32679159312745 -7.458828563174571
3949 10.19814075900349 11.1110716170839 -9.169428188396363
3950 11.82671118735454 1.790471694289718 -0.8862498600038915
3951 10.46094629144561 1.790471694289718 -1.404128077662849
3952 11.59566083781269 1.790471694289718 -2.341113524627405
3953 9.409997943336894 8.991850829753899 -7.395808331772191
3954 8.452298910843886 10.34083486349623 -5.14772300706934
3955 8.128549909674572 8.145473503471578 -6.550175642002174
3956 5.533820814303122 5.116511692636879 -4.660764331391037
3957 4.277589061596192 6.596942139728631 -2.591891556702905
3958 4.008079804993762 4.594089838763795 -4.023954416125678
3959 -0.3768244067879697 10.84858276196957 -2.499903598300969
3960 1.252050151929851 10.04098214347185 -3.33780634761409
3961 1.744955496444319 11.28170497464819 -1.290309522609177
3962 0.1404234838833849 10.07258947521897 -0.1593491667901369
3963 1.769298042601205 9.264988856721251 -0.9972519161032578
3964 -0.3524818606310829 8.831866644042632 -2.20684599179505
3965 -5.261922912102454 7.334294098302077 -10.78524010141082
3966 -4.25454916819317 7.301635974416159 -8.875576931888038
3967 -4.79964125258663 5.28779517583267 -9.37772609681738
3968 -2.27029624849024 6.215550992836335 -9.051888461170403
3969 -3.277669992399525 6.248209116722254 -10.96155163069319
3970 -1.686878891239325 11.72057479470039 -0.8652871768676398
3971 -1.662536345082438 9.703858676773454 -0.5722295703617204
3972 -2.179784235753793 10.47985196352405 -2.912784001872553
3973 6.85607451126987 15.49629301924627 13.0094541574756
3974 6.261320052288694 13.67567531429632 14.75324153367932
3975 5.212461771219145 13.60923818762527 12.38205778345033
3976 -6.396251097107351 1.491457784428463 -8.788285956733322
3977 -4.893405449402785 3.592312881554886 -9.519435781019904
3978 -0.4296804530034788 13.44554630792228 7.563793407042931
3979 0.7216774460627252 12.00120269974726 5.565723719558934
3980 -0.3131627498668185 11.035944553483 6.705768153915457
3981 2.610847449415257 1.849199916898667 -15.16330523816947
3982 3.695893860755353 1.849199916898667 -15.7811180161985
3983 3.694429118109162 3.908200752586043 -13.85789124422313
3984 8.912141630643777 11.79890829533102 -4.623271706395856
3985 9.869840663136786 10.44992426158869 -6.871357031098707
3986 8.171175130368489 10.83846629204624 -6.981436833212369
3987 8.526373416602254 1.827058597948809 15.11687234802432
3988 9.413986609695971 3.615734945026213 14.31537482975577
3989 9.058048011924285 1.788676347077404 12.4884154795243
3990 6.57636899433323 1.500091238126053 13.58118420441126
3991 7.463982187426948 3.288767585203457 12.77968668614271
3992 6.932307592104917 3.327149836074861 15.40814355464273
3993 -10.79684377368358 2.13479307987633 -7.969190345718423
3994 -10.25956523884208 1.799174471636085 -5.77236849056892
3995 6.294654935728524 6.365191767151209 9.560861413138429
3996 6.704185361110963 4.14147053122732 9.964208359117187
3997 2.697377503932944 8.419426263789815 -2.453309372260234
3998 0.5755976007006551 7.986304051111196 -3.662903447952027
3999 1.09284549137201 7.210310764360598 -1.322349016441194
4000 7.34046150484405 5.619931687468069 -3.296365297272405
4001 7.316135265331948 5.82915356862557 -1.014689489658513
4002 6.084229752137119 7.100362134559823 -1.227492522584273
4003 3.937389305719058 17.2558579545498 0.785934247471669
4004 4.634835385833231 14.86900183019025 1.075315229986531
4005 6.036575183440226 16.91314387564044 0.7311286810411382
4006 4.587173960524133 17.83014767752286 2.292741589561647
4007 5.284620040638305 15.44329155316331 2.582122572076509
4008 -7.382353113753041 4.333853289816526 2.69894541695901
4009 -7.735785949888681 2.09447025734885 1.833053704492625
4010 -6.27247958336498 2.239383032467676 3.355244132698729
4011 -8.089658529736862 3.913103435088008 4.308487034312505
4012 -8.443091365872501 1.673720402620332 3.44259532184612
4013 -9.552964896260562 3.768190659969181 2.786296606106401
4014 -8.104935551283855 15.3727469666089 3.126163961825676
4015 -7.883430157890032 17.31954765482842 2.354857837574466
4016 -7.25939651783405 15.87392658855149 0.5515668154794466
4017 -1.238535487051081 5.003233489238102 -10.76340791387286
4018 -3.229209557138563 5.484407158541154 -12.28446650656621
4019 -2.766927897622738 3.437908236071747 -10.87695250197276
4020 -12.45397506798251 9.24839913199312 -8.538497281899433
4021 -10.38265007892612 7.884241688394681 -8.431026047123325
4022 -12.0866646770756 8.774616378131782 -10.18689693123989
4023 -12.53337032857484 11.32424232345938 -10.09132000600052
4024 -10.46204533951845 9.960084879860943 -9.983848771224409
4025 -10.82935573042536 10.43386763372228 -8.335449121883951
4026 4.003990831765577 17.57560921567169 -3.330951644424824
4027 3.243171993710293 17.8089615623686 -5.651960488480935
4028 6.307523342152063 9.310701638802268 13.85333769246313
4029 12.98536911786689 12.55587182407497 3.514965173152736
4030 15.00839329842285 11.47234846858776 4.512632838275348
4031 15.19638002484314 14.00009396688884 4.091641090737378
4032 12.88925534567014 13.45666880252903 5.129571802384844
4033 14.91227952622611 12.37314544704182 6.127239467507456
4034 12.70126861924985 10.92892330422795 5.550563549922814
4035 0.4592713534795486 4.919611506298939 -7.699591169438908
4036 -1.215964943728288 5.436032267704119 -7.657757343402191
4037 -1.140152035675864 3.685289432847665 -9.595871452136462
4038 -0.5282151107572233 3.004720963718475 -8.282134257530119
4039 -0.6040280188096471 4.75546379857493 -6.344020148795848
4040 11.09810416009244 7.384652563912447 -5.380173532516724
4041 -15.02629674647048 17.09422148514657 -8.821930072100049
4042 -13.96769147334958 15.21412021931342 -9.423121542848218
4043 -13.01812433144776 17.41989873416685 -8.486104848685248
4044 -12.85855635375098 17.92049460122769 -7.03861552545141
4045 -11.79995108063007 16.04039333539454 -7.639806996199579
4046 -13.8081234956528 15.71471608637427 -7.975632219614379
4047 -13.91999940068083 7.309617608424751 7.454170089883124
4048 -11.80987411123932 6.122225510080844 6.461938705172654
4049 -11.85062812793216 8.408269905640996 6.373585815636056
4050 -5.615219037021324 1.728436501037115 13.95307978256508
4051 -5.360375932136581 1.728436501037115 15.41498580732965
4052 -2.854310955082498 1.663466613557177 16.43638445742895
4053 -4.060358091368311 3.391903114594292 14.82453573740356
4054 -3.109154059967241 1.663466613557177 14.97447843266438
4055 6.046093912193262 6.463491433586258 -3.628256092841897
4056 2.149784238224317 10.880871714355 9.579853201602919
4057 3.718252852276319 10.89419271706847 11.35411627647392
4058 1.397683851958426 11.26239848545262 12.11245066890187
4059 -0.807029870327137 5.723202416805071 -9.364276407482404
4060 0.8682064268806995 5.206781655399889 -9.40611023351912
4061 0.7923935188282757 6.957524490256343 -7.467996124784849
4062 -4.027035939438317 6.974522715758681 -15.0208449145788
4063 -4.618076116779467 6.25845881123317 -12.6332834717042
4064 -4.905160404302435 4.93827348780019 -15.28506275099637
4065 -2.812068934855379 6.488894399530499 -16.07275397708206
4066 -3.403109112196528 5.772830495004989 -13.68519253420746
4067 -2.524984647332411 7.809079722963479 -13.42097469778989
4068 -4.276627823712941 14.55759757799105 -6.039817473189698
4069 -2.537134997395952 14.83490255806588 -7.296529265274334
4070 -2.506793327546795 12.64697550775334 -5.997825211017874
4071 -2.36191147627439 13.5570130112684 -8.460457390997243
4072 -4.101404302591378 13.27970803119357 -7.203745598912608
4073 6.973560861296186 16.91314387564044 -0.4035859521046221
4074 8.54587704499173 17.71001016116168 -0.7541424326308184
4075 8.306337447249941 15.32315403680212 0.6699531830298036
4076 5.729834639856521 15.18875309131213 -0.2839492249888632
4077 7.302150823552064 15.98561937683336 -0.6345057055150595
4078 5.969374237598309 17.57560921567169 -1.708044840649485
4079 4.089921110692133 17.51303637379901 -15.45727301669831
4080 3.26595501288823 17.51303637379901 -14.60297299006452
4081 2.023344638186438 17.54977094701184 -16.22272356788985
4082 1.199378540382535 17.54977094701184 -15.36842354125606
4083 2.421515135755254 15.76280732081085 -14.51728856163792
4084 -1.469238871075412 7.804405904174839 -1.163546767157067
4085 -3.296541246198121 9.452391223656258 -1.86948477723457
4086 9.163963327051324 15.59159103535291 -1.348431287486731
4087 7.83118674109757 17.18158087419123 -2.421970422621156
4088 6.587460519657904 15.45719008986292 -2.302333695505397
4089 0.09567055422156573 17.81463888517509 1.390427562141459
4090 -0.7760120083219302 15.55147351013033 1.876299414140307
4091 1.08210097597536 15.77049683972489 0.8439955632700697
4092 -7.406795163690544 2.239383032467676 4.29136258128914
4093 -9.577406946198066 1.673720402620332 4.378713770436531
4094 -9.665973592668136 2.13479307987633 -8.914570593257949
4095 -7.775061816388639 1.491457784428463 -9.302484815328626
4096 11.27959625088523 11.20844724265126 -11.57729157850228
4097 10.84419840259917 12.4903438493949 -9.512543482825556
4098 8.960262261253416 11.55114107952025 -11.05004307453131
4099 -9.507667711056257 13.17318713426219 6.485700457097625
4100 -7.469943893492642 13.99140660018363 6.615526586897516
4101 -9.596655412367152 14.58817915763952 4.928815920898529
4102 -11.0969115385886 15.12661542062047 5.522030655164857
4103 -9.05918772102498 15.94483488654192 5.651856784964748
4104 -8.970200019714088 14.52984286316459 7.208741321163844
4105 8.641820185611808 4.709703782963143 6.557699487634094
4106 6.876654791407857 3.981040469177384 6.563818616358374
4107 13.23736110910522 15.96746218170603 -1.977303719350828
4108 12.33785364003672 17.75480357746847 -1.651462712509453
4109 10.77578782277349 16.16481373863015 -1.07146343029144
4110 11.26710929031084 10.67995021394993 2.764833773003224
4111 11.45509601673113 13.20769571225101 2.343842025465254
4112 13.98128802197414 11.65248490318793 2.695990576722585
4113 14.16927474839443 14.18023040148901 2.274998829184615
4114 12.45101492083839 12.30430879136397 1.524867429035103
4115 6.829734872470247 12.09491174803067 0.4318636052256321
4116 6.804131905245102 9.90630763806119 1.945093399437988
4117 8.331142335280592 10.4976549234532 0.7184640861055037
4118 8.2098257591396 10.74042681673395 2.820339938648227
4119 8.235428726364745 12.92903092670343 1.307110144435871
4120 -1.28296795547093 13.00708532384836 -2.64315192929551
4121 -1.068946303545497 13.31927533215633 -4.962803807952382
4122 0.330102589651931 12.40149560145388 -2.772058651952928
4123 -1.650619673288454 11.59827019847724 -2.345843492718188
4124 -1.436598021363021 11.91046020678522 -4.66549537137506
4125 -3.049668566485882 12.5160499291797 -4.536588648717642
4126 -15.86967270016703 2.024692165103588 0.07168487695470216
4127 -17.08304201884728 3.448591544938719 -0.2086710121826882
4128 -18.41806217684092 1.423899379835132 1.169385777438287
4129 -16.35287609043254 1.504087356290966 2.339218024279001
4130 -17.56624540911278 2.927986736126098 2.058862135141611
4131 -15.01785593243889 3.528779521394553 0.9611612346580266
4132 9.664117510245077 6.591051157058602 7.100305823305986
4133 7.489421690658688 8.086109079196731 6.703078006051507
4134 7.943256390878737 6.389054275056173 5.285617905681708
4135 -1.138265088609494 14.67559512749785 -3.806192178778185
4136 -2.832900979301795 14.48375078124947 -2.760081544676509
4137 -3.770154639538327 15.06771799405695 -4.618636280621054
4138 -6.105360690368082 9.726668191623769 14.65361422646481
4139 -5.911093795146845 9.016777808347733 12.35317229754632
4140 -7.329116297477546 10.65395960625277 13.63250675999973
4141 -5.55344562182207 11.9975578329091 15.12948231692988
4142 -5.359178726600833 11.28766744963307 12.82904038801138
4143 -4.135423119491369 10.36037603500407 13.85014785447647
4144 12.49498150147256 14.18902103453828 1.163407652038311
4145 10.77672167391652 12.31309942441323 0.4132762518887996
4146 13.49090040557981 13.28563411365124 0.3444330556081601
4147 -1.170253692488652 9.821475305701551 -9.393371528612455
4148 -2.177627436397938 9.854133429587471 -11.30303469813524
4149 0.02247744758275505 10.61981754176491 -11.82370659644753
4150 3.934769078408284 12.86238856074274 2.68525417485739
4151 5.469031890029033 11.37692666226081 2.37100911876113
4152 5.494634857254177 13.56553077223029 0.8577793245487741
4153 -10.92815108381328 2.519745346819171 6.895142135642324
4154 -9.549609173126996 2.519745346819171 7.410279728872515
4155 -10.67968741700373 2.519745346819171 8.344582098198611
4156 5.590348466170026 11.13415476898006 0.2691332662184064
4157 9.189527767123192 13.5959712116105 13.67859251411704
4158 8.951331093943825 10.95165170515519 13.10935211448892
4159 -5.18793586525832 1.664883620173873 -17.01892180243201
4160 -4.984904726892821 2.11110479163734 -14.26467465563541
4161 -5.699231720009083 3.775988411811213 -15.65174845491836
4162 -6.774421208184886 3.083344989350995 -16.52231941081903
4163 -6.571390069819389 3.529566160814462 -13.76807226402244
4164 -6.060094215068624 1.418461369177122 -15.13524561153608
4165 0.7698229755054823 6.524725711790326 -10.57364669525552
4166 -0.2619377859336761 7.737043215388559 -8.862127242553061
4167 0.9307933541377315 8.535385451451919 -11.29246231038813
4168 -1.878253939385057 15.20700521923089 -5.310116204606603
4169 -4.511233431573588 8.594701353137078 -3.029651900987327
4170 -5.678969042096954 8.101880760904448 -5.025516513737111
4171 -4.668271687629743 10.37184952951255 -3.918891020042528
4172 7.729166110012811 4.241342110479102 14.24381137689162
4173 8.463161922878003 5.084713363308595 13.32345950646261
4174 10.14798242256116 4.459106197855705 13.39502295932676
4175 8.260840705334841 4.202959859607697 11.6153545083916
4176 -8.76857014538521 5.321733158582576 -8.955210029666862
4177 -6.657926182662847 5.044334024802512 -7.693475179590469
4178 -7.398353214556954 6.59836674251487 -7.003566642657636
4179 -7.272385224930241 5.268820609904889 -5.49562725471309
4180 -9.383029187652605 5.546219743684953 -6.757362104789484
4181 6.308107214744274 12.77462941742059 8.991688036565053
4182 5.923872884912019 13.52667326002659 6.465750942493614
4183 7.2776707208919 14.68700737356191 7.463175498481698
4184 7.739288144713294 12.56058943316341 8.385827211644363
4185 7.355053814881039 13.31263327576943 5.859890117572924
4186 6.385490308733413 11.4002553196281 7.388402655656279
4187 5.779161687743786 3.914374750656346 12.70812323327856
4188 -10.75160329415694 6.313805301004339 -7.74581594479079
4189 -9.381386363328684 7.590438884936633 -5.794172557781563
4190 5.622163924444331 3.929385319592265 -15.50993003411656
4191 5.623628667090522 1.870384483904889 -17.43315680609194
4192 3.935318331772028 3.719584400803555 -16.505058370119
4193 -10.02385545243332 12.33399361396716 5.22340021616802
4194 -7.897143933558811 11.73722105651128 6.910110882167008
4195 -12.10214890158835 13.01514269519252 6.407251733005944
4196 -9.975437382713841 12.41837013773663 8.093962399004932
4197 -10.4916251240909 11.57917661744161 6.831662158075328
4198 13.95305901237759 1.880488614225088 -2.260658817703219
4199 13.72200866283573 1.880488614225088 -3.715522482326733
4200 12.32359387371543 3.670960308514806 -2.261320044446923
4201 10.8777662491012 10.08827739038231 0.8257385908342072
4202 12.40803935023695 9.436453502206273 1.996861738521689
4203 13.19636017527632 9.963047362726645 -0.4177588505519964
4204 13.58570321648597 10.55472018629426 1.521336331617021
4205 12.05543011535021 11.2065440744703 0.3502131839295394
4206 -10.21432475931544 5.978186692764094 -5.548994089641287
4207 -10.41464076180671 4.909014516243091 -3.269519147131647
4208 -10.95027647232429 7.288852265735016 -4.503151455273228
4209 -12.14805228612098 7.924655145706183 -6.08948796532299
4210 -12.34836828861225 6.85548296918518 -3.81001302281335
4211 -11.6124165756034 5.544817396214258 -4.855855657181408
4212 5.920368573141405 14.06049932208738 -14.99122597229657
4213 5.578294193528798 14.95586812905498 -12.38809082969231
4214 7.010571158409254 13.29029470354433 -13.6274787915425
4215 8.38738821410459 14.13249315337329 -14.33019861616412
4216 8.045313834491983 15.0278619603409 -11.72706347355986
4217 6.955111249224133 15.79806657888395 -13.09081065431393
4218 -5.471410314654449 6.040483936762143 3.794707666009152
4219 -5.160333251503742 5.511393202095852 2.125197200434416
4220 -5.607969684078634 3.949675330269061 2.551625379590379
4221 -6.929607126550994 5.63600536079983 1.885803057465753
4222 -6.618530063400287 5.106914626133539 0.2162925918910176
4223 -6.481970693976102 7.19772323262662 1.45937487830979
4224 5.465968639034561 15.41123101824326 6.555658077690977
4225 5.850202968866816 14.65918717563726 9.081595171762416
4226 4.496405132886935 13.49885306210194 8.084170615774333
4227 -0.9694347457190106 3.809576019338281 0.3197536513513415
4228 0.7268244498769524 3.628475712841829 1.273787256593295
4229 0.4738834449194274 3.793762527159269 -0.9602842742117667
4230 -0.5288048603181319 6.015368095473878 -0.8903047198689689
4231 1.167454335277831 5.834267788977425 0.06372888537298466
4232 -0.2758638553606069 5.850081281156438 1.343766810936093
4233 -12.71382109869228 5.755204738925669 -9.341615592645276
4234 -12.71217827436836 7.799423880177349 -8.378426045637354
4235 -14.11027009065632 7.366054583627513 -7.685287613177476
4236 -12.1496951104449 5.880436004454504 -7.052677512330911
4237 -3.085927784436753 12.63835452540284 -3.056032332867094
4238 -3.453579502254277 11.22953940003173 -2.758723896289772
4239 -7.944312867651259 16.74322154479508 16.4727695785503
4240 -5.794295218722475 17.62909572611236 15.81087681448044
4241 -8.511699934270442 16.74322154479508 15.11090155499304
4242 -5.036566126436192 14.83279237937708 -1.731213845359624
4243 -4.885681995802755 14.27390665267843 -3.805029385978079
4244 -5.28959293157115 12.98739612353046 -2.027164633550209
4245 -3.23681191507019 13.1972402521015 -0.9822167922486387
4246 12.40800826977254 9.655564599981773 -1.883191412946085
4247 11.5531205765535 7.5053885035836 -1.708425989511124
4248 10.60598086007324 10.07302877270983 -1.365895661950078
4249 -9.061252200795838 17.58585896492163 12.96347857897198
4250 12.64380646323582 17.80532921872658 -12.67608047350812
4251 13.31245746773856 17.36936262479903 -11.53237270277265
4252 10.55615691081629 17.58503020508493 -11.86527817046719
4253 12.17843144710959 15.65439282988397 -12.09687783048695
4254 11.50978044260685 16.09035942381151 -13.24058560122241
4255 10.14123877446336 2.455850332482785 8.516057162575102
4256 8.376073380259411 1.727187018697027 8.522176291299381
4257 9.93272872448329 1.788676347077404 10.17332244057379
4258 8.389005860794125 3.515863365774432 10.03577181198134
4259 10.15417125499808 4.24452667956019 10.02965268325706
4260 -14.02936640399558 5.749489954563149 -7.629754253301758
4261 -12.06879142378416 4.263871375390139 -6.997144152455194
4262 -13.46524041574819 5.874721220091983 -5.340816172987394
4263 10.61053924802392 13.5088814851319 -5.865798436336767
4264 10.71416904034308 11.38144412260296 -5.140567457391864
4265 12.69369043819861 12.59378588385383 -4.549380361189746
4266 10.89166302849931 13.01125005658188 -4.032084610193738
4267 -3.319682266050848 14.05451466280328 -9.821927507815232
4268 -5.059175092367838 13.77720968272845 -8.565215715730597
4269 -3.289340596201691 11.86658761249074 -8.523223453558773
4270 -14.80657614192966 16.99383871811669 -4.876665885005535
4271 -15.19643283331326 14.60528731220128 -5.64335607784449
4272 -16.79129825025709 16.91144859408458 -6.220136326011378
4273 -14.02091233090339 17.92049460122769 -5.822881903069081
4274 -14.41076902228699 15.53194319531228 -6.589572095908037
4275 -12.42604691395957 15.61433331934439 -5.246101654902194
4276 10.06523684257559 15.59108558545629 8.023466470123786
4277 9.221704885880207 14.45869757917179 6.353545671925273
4278 10.73004266237438 13.88174559324897 6.686963233410336
4279 9.6951229288861 13.1001744674522 7.569712931172218
4280 8.851590972190714 11.9677864611677 5.899792132973706
4281 8.186785152391927 13.67712645337502 7.236295369687156
4282 -11.34609716203934 13.22735987100023 2.088544970680791
4283 -10.08349417264538 12.19862364001912 1.003911849589448
4284 -10.3717762405368 12.74122346073696 3.714356670007294
4285 -13.0408398996865 13.22937216841158 3.967616937811124
4286 -11.77823691029254 12.20063593743047 2.882983816719781
4287 -12.75255783179508 12.68677234769374 1.257172117393279
4288 -11.87004277014584 17.12508032344118 9.640298991187615
4289 -13.04077511070487 15.13299791339513 10.30933895472418
4290 -13.84861067599252 17.30791758995395 10.87516742664972
4291 -13.39122737318142 17.65002053040026 8.155229715739093
4292 -14.56195971374044 15.65793812035421 8.824269679275652
4293 -12.58339180789376 15.47510085384144 7.589401243813542
4294 -7.009936905979361 7.118946735944175 -10.78120069299172
4295 7.241358747137864 1.727187018697027 9.459161970893488
4296 8.798014091361743 1.788676347077404 11.1103081201679
4297 10.13294009090755 14.17879324754149 -1.891708699507606
4298 10.51966683451831 14.89219249738261 -4.14543530880586
4299 12.20333390226869 14.00782399654164 -3.020884730836397
4300 10.50493628488856 12.29785080674076 -1.778358000895485
4301 8.82126921713817 13.18221930758174 -2.902908578864948
4302 5.894057442232825 6.029414705083927 3.735257347494544
4303 4.18413939112804 8.100592025199544 3.936785586962635
4304 3.664100142474257 6.696896816303272 2.959338774053368
4305 -7.851939701214305 1.767485181892193 7.398194109238319
4306 -8.982017945091034 1.767485181892193 8.332496478564416
4307 -8.997485049702027 4.287230528711364 7.549125463146042
4308 6.698174831114774 18.06017979513868 1.505490301477075
4309 7.395620911228947 15.67332367077912 1.794871283991937
4310 5.946219688312853 16.59032747266154 3.356484192512446
4311 10.3149140610254 8.852616887541199 2.638611671452046
4312 8.77605816130936 9.329511424958193 1.947526721736794
4313 9.354136033159669 6.850354210373427 2.992427767873097
4314 9.929272824193857 7.321930661054033 4.755868479470974
4315 8.390416924477819 7.798825198471027 4.064783529755722
4316 9.351194952343548 9.8010878756388 3.710967433334671
4317 -3.920107600076071 3.686495594164972 -16.61248250135216
4318 -3.205780606959809 2.021611973991099 -15.22540870206921
4319 -3.717076461710573 4.132716765628439 -13.85823535455557
4320 8.540145436662772 13.67985073613175 -4.736622405007977
4321 7.591647143355782 14.79472474983168 -0.9978748069605344
4322 7.487759723345345 16.91314387564044 0.9752247660750232
4323 9.060075907040888 17.71001016116168 0.6246682855488269
4324 -12.06714859946023 6.308090516641819 -6.033954605447272
4325 -11.53151288894266 3.928252767149894 -4.800322297305691
4326 0.759758648070562 1.584434335721242 -11.6719579409507
4327 1.496008280023005 1.849199916898667 -14.27961509197689
4328 -0.8670172138763118 1.337053138945324 -12.953038990787
4329 2.311956033613918 8.077763505001894 13.60493040419955
4330 3.382071248358878 7.733431621897129 15.55138736295859
4331 1.550962912915189 9.5559220640791 15.35913012920218
4332 -0.08264633666474366 8.3262780052429 13.90787733571474
4333 0.9874688780802167 7.981946122138135 15.85433429447378
4334 1.748461998778946 6.503787563060929 14.10013456947115
4335 -3.484575843650746 8.861751162450206 -7.993820402799365
4336 -10.71070897912812 1.673720402620332 5.312455705982153
4337 -9.33216706844183 1.673720402620332 5.827593299212344
4338 -10.47771241692955 4.193465749439502 5.978524653120067
4339 -10.95662670176389 1.673720402620332 3.865376242420791
4340 -9.82191207020322 1.673720402620332 2.928390564925994
4341 -10.46256657605087 1.388622014020929 0.4856536747061396
4342 -10.90092481809203 3.062342416641261 1.953101333240042
4343 -11.59728120761154 1.388622014020929 1.422639352200937
4344 -11.06741811477478 10.57797693093331 2.315909790017043
4345 -13.73648177392448 11.06612563860793 2.569170057820874
4346 8.469350755314913 4.870133845013078 9.958089230392908
4347 -12.93885418888044 7.146906499089392 2.187072961382891
4348 -15.27202232744777 8.557228541787364 2.124439001058952
4349 -15.18521353792149 6.26066840876598 2.309415931323707
4350 -12.88831955010904 6.027653346295677 3.867358109606358
4351 -15.22148768867637 7.437975388993649 3.804724149282419
4352 -12.97512833963532 8.324213479317059 3.682381179341604
4353 5.36239845667169 17.12132824307669 14.56003021356601
4354 5.038963524811148 15.40876548991784 15.9661737689252
4355 5.368940290343918 17.58743724684116 17.19094463730521
4356 3.870891863783849 17.53627626443472 15.5019772600274
4357 3.547456931923307 15.82371351127587 16.90812081538659
4358 3.540915098251078 15.3576045075114 14.27720639164739
4359 -5.671165729274906 14.75575823739845 1.062396355770074
4360 -6.516704762724713 14.25457861545586 3.636993502116303
4361 -4.523675238289302 14.81833835046979 2.051454893052429
4362 11.06682728381972 1.578135018589334 -3.438334066210423
4363 12.20154183018681 1.578135018589334 -4.375319513174979
4364 10.80312704106651 3.368606712879052 -2.92111707529517
4365 0.8217778875890918 9.331314912706853 -4.759885934029036
4366 2.267105239592184 7.709759033024818 -3.87538895867518
4367 2.94355779082138 9.764437125385472 -3.550291858337244
4368 -9.16124963270474 10.59556776701877 0.4953716726455093
4369 -7.071276050602335 3.804762555150234 1.029434951384274
4370 -8.392913493074694 5.491092585681002 0.3636126292596483
4371 -11.34829321739448 14.36006016930021 6.936730155180351
4372 -9.221581698519969 13.76328761184433 8.623440821179338
4373 -10.81082552605231 15.71671589820262 7.65977101924657
4374 -1.433852086104367 13.56597105054702 -0.5693363886770553
4375 5.032388559742349 17.57560921567169 -0.5733302075037249
4376 -8.845750652811109 5.210601135444708 -4.560540249639981
4377 11.84518716216115 8.200792999365161 3.809734819139527
4378 10.8814680534793 9.149263987462762 4.882090581022153
4379 11.94608337837318 6.662876441351119 9.78297079453022
4380 12.943685715585 8.048552346955715 9.026645337729843
4381 11.36028364218997 6.297376570570167 7.616061948457994
4382 10.72151086145704 7.548853952464762 8.983310293495862
4383 11.30731059764026 7.914353823245714 11.15021913956809
4384 -12.25251424531878 2.425173183034004 2.853482076514666
4385 -11.55615785579927 4.098893585654336 3.383944057553771
4386 -12.19681236164692 3.813795197054933 0.9412071673339162
4387 -11.95759512890936 8.284488864587296 1.480898737297939
4388 -9.999350265277414 9.418999163409831 1.794712496196846
4389 -10.05142664683932 8.30207970067276 -0.3396393800735953
4390 -8.399616930154387 6.892169545972918 -9.640420131999399
4391 -9.172237649624766 8.944147747642042 -10.17369861732505
4392 -0.670872859334827 7.449873066287608 -7.15560817847285
4393 0.2607838045879343 13.7578153967954 -1.615447022778731
4394 -13.15759692478201 16.99383871811669 -4.772456067538693
4395 -12.37193311375574 17.92049460122769 -5.71867208560224
4396 13.07292204158418 7.969292376521258 1.339424291047023
4397 14.13423102014637 7.119930476185763 0.2514482594178558
4398 13.0800052875895 7.995418778303161 -1.030209475276496
4399 14.25766915383852 9.11368546239115 -1.505734882181164
4400 14.25058590783319 9.087559060609246 0.8638988841423551
4401 -5.60438822549265 17.59306722569516 4.160010597582621
4402 -5.825893618886473 15.64626653747564 4.931316721833833
4403 -3.832864094451063 16.21002627248957 3.345778112769958
4404 -13.51153539633394 8.845459205491846 -2.171906675955814
4405 -13.57416426983965 8.581266725870886 0.5371826363488403
4406 -11.66799578776961 8.598857561956351 -1.283355481022694
4407 -3.690351116965555 17.75528546678154 -5.226611819206283
4408 -5.36476561458291 15.70045051749719 -5.824556668515788
4409 -11.81606288905206 13.60524317277466 8.544992097087658
4410 -12.54504454350537 13.94941228409728 0.3808643943671853
4411 -12.8333266113968 14.49201210481512 3.091309214785031
4412 -11.18521761883964 14.50202483135734 1.087177999009074
4413 -11.47349968673107 15.04462465207518 3.79762281942692
4414 -12.6724470681971 15.76667706517223 2.089942243113313
4415 -10.1038454548298 4.2033665394387 9.51180715363699
4416 -10.08837835021881 1.683621192619529 10.29517816905537
4417 -8.406175982917112 3.451106374511722 9.499721534002795
4418 -8.780042945016859 3.441205584512525 5.966439033485871
4419 0.2930126856744502 9.329126729670286 -9.705759474924456
4420 6.686362122802269 17.2536985697546 16.51860028451656
4421 7.615321822173973 17.2536985697546 15.45046427458921
4422 6.356385357269498 15.07502681283128 15.29382941613654
4423 6.291358156043396 17.12132824307669 13.49189420363866
4424 -16.4149677220086 4.710938883721083 -0.7794621625112189
4425 -13.69334897076378 4.449865348137592 0.5328389894906865
4426 -15.57366415059899 5.1114199016515 1.05974873964574
4427 -16.89817111227411 4.190334074908461 1.48807098481308
4428 -14.17655236102928 3.92926053932497 2.800372136814985
4429 -7.986131634869705 13.15221307988861 5.353226345967913
4430 -14.80499438396185 17.65002053040026 7.569551266698734
4431 -13.912668511449 17.65002053040026 6.764258414561514
4432 -2.16648011627336 5.100164621421718 -0.4697892530239289
4433 -3.822842530427335 4.306004559238521 -2.089874628384523
4434 -4.766946896024159 5.431306347004517 -0.6453460019547319
4435 -3.10691412703064 6.88920243012268 -0.7430313003120275
4436 -4.763276541184615 6.095042367939483 -2.363116675672622
4437 -2.162809761433815 5.763900642356683 -2.187559926741819
4438 13.60979609041767 17.19180866118802 2.500148818661794
4439 4.518189685709313 17.57560921567169 -1.952140924688983
4440 -15.62894227310467 16.91144859408458 -7.435869948393707
4441 -9.034305604452889 9.811416990488652 3.087129637615958
4442 -11.18077790182522 11.21966079725854 3.925081272248311
4443 -11.10591025513528 9.318590557991348 4.382487360948319
4444 -8.68638481634941 9.404187143718859 4.596173183776685
4445 -10.83285711372174 10.81243095048875 5.434124818409039
4446 -8.761252463039355 11.30525738298605 4.138767095076677
4447 11.19284048998983 5.886255127003699 10.76878734406266
4448 10.55406770925691 7.137732508898295 12.13603568910053
4449 8.109402058402786 15.0515005511675 8.83958075059593
4450 9.617739834896962 14.47454856524469 9.172998312080992
4451 -14.23978728115253 13.95142458150863 2.259936361497517
4452 -15.22718993921072 11.45302748322391 -3.608686781709722
4453 -13.05605797819058 12.32976451379304 -3.85798411516491
4454 -15.38284268600598 13.81094040566426 -4.05058830338346
4455 -15.96471387408505 12.47284265799309 -1.845553960006588
4456 -13.79358191306491 13.34957968856222 -2.094851293461775
4457 -13.63792916626964 10.99166676612187 -1.652949771788038
4458 3.058206960333576 10.34984656930046 15.56681254413405
4459 1.988091745588616 10.69417845240523 13.62035558537501
4460 3.819200081032306 8.871688010223254 13.81261281913142
4461 8.059356946252635 10.48240630578073 -1.473170166678781
4462 9.472072395206702 9.254158211709552 -0.04950794837603205
4463 8.406621033662558 8.104654994262116 -0.03686386616188598
4464 10.95324494748316 7.695277461191223 0.07041063856681753
4465 9.540529498529096 8.923525555262398 -1.353251579735932
4466 -6.028341997547326 2.239383032467676 4.806453102945829
4467 -8.097179578970541 1.767485181892193 5.949314580462506
4468 -6.609431162509338 4.006868214359869 5.87908784433848
4469 -6.718726412827323 1.767485181892193 6.464405102119195
4470 -13.13329275722915 1.746673086765211 13.05693811687917
4471 -11.81703527874631 3.43029427938474 12.25564745975066
4472 3.374612961759847 3.397378600695263 1.229110397790547
4473 5.138340675717336 1.591047490363855 0.6943471916668543
4474 3.933870354472878 1.806331110331408 -0.5410138750935061
4475 4.559386334345426 3.099960785555376 -0.9390738786183369
4476 6.323114048302914 1.293629675223967 -1.47383708474203
4477 5.763856655589883 2.884677165587823 0.2962871881420235
4478 9.470139723406938 6.566453878472996 -2.869237797049092
4479 8.523000006926683 9.134094147599228 -2.526707469488046
4480 8.199251005757368 6.93873278757458 -3.929160104420879
4481 -5.082270977196086 8.153046217269187 -14.38216351617347
4482 -5.960395442060204 6.116796989310696 -14.64638135259104
4483 -5.253333713620279 12.86509152730731 -3.507720949400758
4484 13.54861418141653 2.309283309087842 -0.3306198489685129
4485 14.04549686777741 4.18977192331293 -1.705690033411544
4486 11.91914904275437 4.09975500337756 -0.3312810757122163
4487 7.389091542060143 8.315223586598947 -1.210319755914
4488 8.870264094336605 6.75634283608062 -1.090401168971151
4489 -16.02651710933111 5.860187390835564 0.4702050291667473
4490 -15.8205236188807 7.695028635547475 0.6595256062896557
4491 -14.32865905172298 5.884225574919087 -1.117051335543364
4492 -13.48735548031337 6.284706592849504 0.7221595666135949
4493 -10.1819592445411 7.849164196747857 -1.93132835819426
4494 -12.02549885310544 8.095765840283352 -2.819879553127381
4495 -10.69991111927203 9.901381143910836 -4.345450603557291
4496 -9.825004740982157 8.025295392841494 -3.749247563193499
4497 -8.856371510707699 9.654779500375339 -3.456899408624171
4498 7.932619517883121 12.34812703519222 10.76714038153104
4499 8.170816191062489 14.99244654164753 11.33638078115917
4500 6.527203451011762 13.10539171002653 10.7089844071339
4501 -9.581702365819954 6.52126670841563 -3.514697615271923
4502 -7.062708719205032 14.2209269585038 1.704515413243558
4503 12.37346523167847 15.04887546095476 5.725428728611806
4504 11.52993327498309 13.91648745467026 4.055507930413295
4505 11.24583277636605 12.28953893482324 6.091106307183374
4506 12.08936473306144 13.42192694110775 7.761027105381885
4507 -0.9911686864203743 10.84587328175524 2.982053606753031
4508 -3.412315870888026 11.31579588619072 3.96320523776409
4509 -3.529978489356273 12.74087781199079 3.595485334217671
4510 -2.527755150719812 11.53631219678204 1.74872778894661
4511 -1.108831304888621 12.27095520755531 2.614333703206611
4512 10.08489597322533 14.47377353098755 4.948626608501653
4513 11.72831854252942 15.64090339869333 3.987092103703124
4514 10.92842792992072 15.60616153727205 6.618547406700165
4515 -5.648006517978963 17.24516505071564 -6.891902772505258
4516 -10.99255046808483 8.676906691666117 2.773315878717051
4517 -13.13902276545716 10.085150498436 3.611267513349405
4518 -0.1628027548625368 11.16077277027754 -4.819555476957841
4519 -0.7959108676051608 15.31090543221898 -8.766736309406884
4520 -0.9407927188775661 14.40086792870391 -6.304104129427516
4521 -0.7655691977560034 13.12297838190643 -7.468032255150424
4522 -7.621745408204939 10.45856864007279 1.63119481774368
4523 -7.546877761514994 8.557498400805603 2.088600906443688
4524 -9.086381986014796 8.694497527751581 0.9527777613455168
4525 -7.673821789766844 9.341649177335723 -0.5031570585267606
4526 -1.913539111315835 4.934877807104278 1.764282277781133
4527 -1.472909225914957 7.140669883239874 0.5542239065608223
4528 -10.2108966973371 14.01588842109406 2.712989698335576
4529 -1.912997114835288 13.8675316862463 2.287868191778863
4530 -4.704530905580615 10.49415412573569 -2.43833470419198
4531 -6.504285116946617 12.12970625301128 -3.187331757302966
4532 11.1768110871454 8.812770225732258 7.763139082092374
4533 11.76261082332862 9.178270096513211 9.930047928164599
4534 9.540435969200665 8.678571702022257 9.886712883930619
4535 -9.114606654219401 2.09447025734885 1.318848947572498
4536 -10.19361940210821 3.483092271369778 0.3435597158865458
4537 -12.2674646019515 5.238918340120816 -3.754479662937633
4538 -4.155794457263642 4.211959888763763 -11.22576946711076
4539 -4.10733402200268 3.448157930582664 -12.54868434298377
4540 7.397607274063967 2.136475973259345 -3.639309561581609
4541 9.688017087307326 1.578135018589334 -3.952534325592209
4542 9.118598220197269 3.714610991848679 -4.642098299832144
4543 6.888409217564686 3.430105648483313 -3.100385312044202
4544 9.178819030808045 2.871764693813301 -3.413610076054803
4545 7.457828084674743 1.293629675223967 -2.410821337804267
4546 -0.2121942871524393 4.881586842111082 10.56029152498217
4547 -0.3134475440964219 5.1096561416365 8.0738412365888
4548 0.9467228716490447 6.502799927889357 8.906231464674379
4549 0.7771888479588371 4.507680112551 9.517653625808878
4550 0.6759355910148545 4.735749412076419 7.031203337415509
4551 -0.4829815677866295 3.114536326298143 8.685263397723299
4552 -15.87579159676896 15.10104661707618 -4.349119089131586
4553 -17.47065701371278 17.40720789895948 -4.925899337298473
4554 -16.93202680390539 15.74930451596543 -3.098969490215272
4555 -15.8628113490661 17.64209661700595 -3.626516286089222
4556 -14.26794593212228 15.33593533512264 -3.049736037922334
4557 15.78698610670001 9.084231957610122 2.394867238075106
4558 13.46226508279382 8.560965200088875 3.27851947321604
4559 15.12210341535279 10.55139308329514 3.052304685549772
4560 15.91042424039216 11.07798694381551 0.6376840964760865
4561 -13.28887832008336 4.243932720079847 -9.446802657919887
4562 -15.42038170160106 3.296290087485308 -9.072089161314558
4563 -14.84532448020998 4.80756210633113 -8.966902096039945
4564 -12.88474949999856 3.32194352715812 -8.334291995193382
4565 -11.82518285061417 9.164938016804356 -5.09935449563702
4566 12.92947486608955 3.458623632814422 -4.295526032994498
4567 -5.581585307080397 9.565287394348548 -5.518201668651201
4568 1.281325012953723 10.22331859811678 -15.42084082274307
4569 2.335216265785546 9.222618762377712 -15.24286706073456
4570 4.307705074648247 10.28115472525403 -15.1676078465838
4571 2.632746924908737 10.88461222642287 -13.33515021776044
4572 3.253813821816424 11.2818545609931 -15.34558160859231
4573 1.885252618607633 5.597303301270303 6.998703459962076
4574 1.986505875551615 5.369234001744886 9.485153748355446
4575 1.715718594917425 3.602183485931946 7.610125621096575
4576 -7.181738408025391 5.715195470742813 -1.357480553774467
4577 -5.521705639031872 7.173091553860976 -1.455165852131763
4578 -5.525375993871416 6.50935553292601 0.2626048215861271
4579 3.630648762135353 15.53146717022149 -0.2291436585583324
4580 8.389973548369319 14.09420440156619 4.977140419811041
4581 8.284663017391551 11.4492185591532 4.532005843596267
4582 9.594760016480016 13.44278133812197 3.729580027539572
4583 8.532315933228691 2.136475973259345 -4.576279222169104
4584 10.82272574647205 1.578135018589334 -4.889503986179704
4585 0.3992746010136061 5.169805502542442 -2.346362176025945
4586 -0.5411594097436736 6.958843311243402 -2.619604223314044
4587 1.202191699065436 6.517551256292277 -4.269941766651404
4588 -1.359892663381985 7.111646396106519 -4.111139517367278
4589 -0.4194586526247054 5.322608587405557 -3.837897470079179
4590 -12.30219735078626 15.52296187320574 11.48979372173675
4591 -13.11003291607391 17.69788154976456 12.05562219366231
4592 -11.38297209295422 15.98374051468619 13.06036562559973
4593 -10.95081751231381 17.58585896492163 11.21087089505059
4594 -10.14298194702615 15.4109392883628 10.64504242312504
4595 -13.4124129532111 3.259644898942432 11.20373261195281
4596 -12.06438918699645 9.38723698274157 9.352227790987619
4597 -11.48807622682206 8.306263710590622 10.74542605325607
4598 7.874541480415012 8.293091689861711 -9.734078851651123
4599 6.37976979749059 9.272268662457121 -11.36906025293887
4600 5.940106660247867 7.393491505109569 -10.39621132448788
4601 6.000021188400667 7.086724139275877 -8.252250461761641
4602 4.505249505476246 8.065901111871286 -9.887231863049383
4603 6.43968432564339 8.965501296623428 -9.225099390212632
4604 0.4748054565133673 14.07000540510337 -3.935098901435603
4605 -14.36119507745746 5.524166811976622 7.791026390600355
4606 -12.25106978801595 4.336774713632715 6.798795005889886
4607 -13.36578937764054 5.419509530075216 5.699522628282303
4608 3.205629209610282 7.844645314580124 -15.75908564184694
4609 1.530671059870772 8.448102815748955 -13.92662801302359
4610 3.503159868733472 9.506638778625277 -13.85136879887283
4611 -13.73715427473444 13.85275266197498 -8.871499923980014
4612 -12.58561489165635 15.11373745228354 -6.693590978136031
4613 -14.36325010806393 13.42669264592482 -6.477794582682629
4614 -14.07138755893933 11.78385208405328 -7.670123546180407
4615 -12.91984817586124 13.04483687436185 -5.492214600336425
4616 -12.29375234253175 13.470896890412 -7.88591994163381
4617 6.945545158999728 10.87487940367031 -9.622420127988898
4618 5.011110338832584 9.975279218918166 -10.28455260082565
4619 5.071024866985383 9.668511853084473 -8.140591738099413
4620 -4.61878066872907 8.378794250723695 -0.9140679437292534
4621 -4.622451023568614 7.715058229788729 0.8037027299886363
4622 -7.037242535569845 7.998947353527026 0.09156817816890117
4623 5.978478953736978 2.414283512530293 11.97573034891671
4624 5.734382844470844 2.414283512530293 10.52454581915951
4625 7.113193591678581 2.414283512530293 11.03874466730374
4626 -1.245889207077528 17.03683462495525 3.843571942235643
4627 -2.636716051725965 15.3299018506504 3.999359945563389
4628 -6.111304582763694 6.47058871200244 -7.826972883532251
4629 -3.581959578667303 7.398344529006106 -7.501135247885275
4630 -4.127051663060763 5.384503730422617 -8.003284412814615
4631 16.1922989289504 13.0967070460018 3.272666494307226
4632 -6.57324201577535 9.521895182853408 -12.63605508893679
4633 15.23245015399558 5.261119310679055 5.218997370577443
4634 12.79667321200664 5.730575505778271 6.300677561499202
4635 14.79366292139073 7.213596281075548 5.778056300735857
4636 15.67829381876036 6.918972080190096 3.658729067777736
4637 13.24251687677141 7.388428275289312 4.740409258699495
4638 13.68130410937627 5.43595130489282 4.181350328541082
4639 -6.140047376966573 5.298044870343587 -11.04945793782839
4640 10.35654737525881 12.17340705541979 -7.044457064614748
4641 12.43969856543351 11.25831145414172 -5.728038989467725
4642 12.33606877311435 13.38574881667065 -6.453269968412631
4643 12.13149133024048 15.46541520065986 -3.868467451610568
4644 11.74476458662972 14.75201595081873 -1.614740842312315
4645 10.06109751887933 15.63638445165971 -2.739291420281778
4646 -3.175881943912767 17.17131825397406 -0.8545473663891583
4647 -4.113135604149299 17.75528546678154 -2.713102102333703
4648 -9.924482618587469 7.517928924142637 2.252118584896853
4649 -0.5200101238498125 1.987431416827861 -2.523445643420237
4650 1.17624907174615 1.806331110331408 -1.569412038178283
4651 0.5117878012645627 1.658086867436775 -4.015937562676866
4652 1.505681370033803 3.464417977768183 -2.452776193468396
4653 -0.1905778255621604 3.645518284264636 -3.406809798710349
4654 -2.762862811412623 17.00433070589028 -13.70483726777761
4655 -3.699776441815721 17.00433070589028 -12.57055098178258
4656 -2.248586505963532 17.00433070589028 -12.3264869821967
4657 -13.80934841873611 5.220109257340299 9.452123690549612
4658 -11.6992231292946 4.032717158996392 8.459892305839142
4659 -13.25513839569582 3.330001178990765 7.697476228948791
4660 7.725167728570532 15.80354439377351 6.313643656524491
4661 -7.79522659577481 12.0838253577178 14.12191171638295
4662 -7.600959700553572 11.37393497444177 11.82146978746445
4663 -5.825289024898097 12.7175332010981 13.31844534439461
4664 8.511290189446481 2.442466296762476 -16.33711522565541
4665 2.486204724596904 17.2558579545498 0.5418381682320451
4666 1.470568089780717 15.31902055477225 -0.8241832379221723
4667 1.421123306265558 17.36316260022245 -1.412465866107189
4668 3.581203978620194 17.57560921567169 -0.8174262867433487
4669 -1.256251244033751 8.398739041338416 4.887519326814495
4670 -0.2214110481042076 9.363997187602671 3.747474892457971
4671 -0.3982278088716046 8.190434613707389 6.273764783003545
4672 0.6366123870579391 9.155692759971643 5.133720348647021
4673 -0.01255382045708475 6.939173655045804 5.033535720091961
4674 1.97953094565605 1.614054119386262 -3.093913556338789
4675 2.97342451442529 3.42038522971767 -1.530752187130319
4676 2.308963243943702 3.272140986823037 -3.977277711628902
4677 13.30920368113344 14.50987097758781 -1.129720998576657
4678 10.84763039480171 14.70722253451193 -0.2238807095172682
4679 -12.71663409764595 12.34812099558672 -0.2558583999109787
4680 -13.70055803977535 10.72747428650091 1.056139540516616
4681 -11.06408805730717 1.582815926523728 15.02550802298772
4682 -9.753989885521829 1.683621192619529 13.16524321465898
4683 -3.485743195859904 17.52247003079047 -10.66204285502691
4684 -2.034553260007715 17.52247003079047 -10.41797885544103
4685 -2.606286392079364 15.22680073668076 -11.66766957200937
4686 -12.09920199533667 5.668115551072316 9.717380208546228
4687 -11.56364305185513 6.873186674481522 11.02222558127808
4688 -12.11238907898687 2.12907829551381 -6.257329006374906
4689 12.30696369458786 11.8803866340127 -2.295653751891492
4690 -3.126036284369423 4.84878067015395 -16.24579679743017
4691 -1.623984992263517 5.683337677358747 -14.64592658064126
4692 12.25925111386426 5.249791619150152 9.918219257616288
4693 1.315272854208334 7.89876981193439 4.396679156424455
4694 1.964439061723358 10.11528891686023 4.496863784979515
4695 2.173296289370481 7.690465384303361 5.782924612613504
4696 8.180038177400448 15.62866334592418 14.96802422842615
4697 8.115010976174347 17.67496477616958 13.16608901592827
4698 7.488397418554824 10.00593968235558 -3.792445962928998
4699 7.164648417385511 7.810578322330929 -5.194898597861831
4700 6.747430918279536 9.045497679070797 -6.15061108974551
4701 3.516932183409292 6.28613162926577 15.76915187273688
4702 1.122329813130631 6.534646129506777 16.07209880425207
4703 9.025344729512156 7.842528538953197 8.467554168343852
4704 -3.364076283147448 6.138904586463333 4.753266357726552
4705 -2.947175568849394 7.374839945632883 3.50778487537805
4706 -1.287477969917285 5.911542723507281 4.892771746251414
4707 -2.552761342107313 3.813870773552872 4.910411893892827
4708 -2.135860627809259 5.049806132722422 3.664930411544324
4709 -4.212458941039422 5.277167995678473 3.525425023019463
4710 -7.293546838112567 13.40180244590977 -1.587770597811311
4711 -5.493792626746565 11.76625031863418 -0.8387735447003248
4712 -6.708484812122032 10.908560448115 -1.998940668453081
4713 11.45584412095151 7.609120175797544 1.87063963697051
4714 9.916988221235469 8.086014713214539 1.179554687255258
4715 11.12598785654716 13.81906462459923 9.356623262819481
4716 9.170153072374353 13.27947959031044 10.17273754329162
4717 9.247536166363492 11.90510549251795 8.569452162382852
4718 10.75579926123237 7.840249372722047 -8.742653178599673
4719 11.67790382164046 8.28183555980951 -10.98050130779243
4720 9.358569832008641 8.624529396678504 -10.45325280382147
4721 -0.08248836388394187 13.59777917843825 5.239258208131186
4722 -2.797647081625099 4.810246469528401 -7.499566932115423
4723 -1.198223692469686 6.044568542979674 -5.603286649417869
4724 -2.185710156706458 4.129678000399211 -6.18582973750908
4725 11.91765173384263 11.06960271266958 -0.3546957825927361
4726 13.09531560009164 12.18786939675757 -0.8302211894974039
4727 -13.39298764643432 10.77038506711026 -8.489455864925102
4728 -11.68897304828483 9.880010377373161 -6.733584980808535
4729 -11.76836830887716 11.95585356883942 -8.286407704909617
4730 -7.218060783501241 5.729999806219284 -3.535575047547792
4731 -5.558028014507721 7.187895889337446 -3.633260345905087
4732 -5.93101215170798 5.602221775706854 -4.358981288422406
4733 -6.725763625031088 6.695075297104818 -5.629124958654872
4734 10.28245589985177 12.68667661831473 7.686702464620969
4735 14.87522412300349 1.889049267690889 5.920929610106896
4736 15.49555294193622 3.626551506787552 6.574202300331393
4737 17.13531662032822 1.737502239096663 6.753513279097501
4738 15.95434581840403 1.620886654074457 4.540629414571049
4739 16.57467463733677 3.358388893171121 5.193902104795546
4740 14.31458214001204 3.509935921765346 4.361318435804941
4741 -4.272205048759304 9.657940160685856 1.37455688953222
4742 -2.760338507060875 8.16834834008484 1.545593532949446
4743 -2.75666815222133 8.832084361019806 -0.172177140768444
4744 6.297699976545449 15.77572419584886 7.93206332980521
4745 -2.986157775037464 10.29674052772272 -9.217216433308913
4746 -2.252554997231638 6.82408726811189 -6.997417767186081
4747 -5.698865493402192 3.705484734484979 16.06854042647123
4748 -4.492818357116378 1.977048233447864 17.68038914649662
4749 -3.192800516348108 3.640514847005041 17.08993907657053
4750 6.916354766866094 7.910762079179387 4.277863683166435
4751 5.440222742012775 7.726469509224486 5.152717447864345
4752 5.862547999930127 1.727187018697027 8.944963122749254
4753 11.3419465485628 11.38874195636918 4.476499677951265
4754 9.811673447427044 12.04056584454522 3.305376530263783
4755 15.87387624635129 5.034999200011731 1.318240021601728
4756 16.23080049064547 4.416581818174643 0.1121744676615812
4757 15.73604254175357 5.735596690872269 0.1121744676615812
4758 1.958977148369752 11.59389498295616 -3.609961401266049
4759 12.84580683350659 15.19297380816474 -10.53468668799149
4760 11.22353229721329 17.12361118336571 -10.30308702797173
4761 10.08950627658432 15.40864138845064 -10.86759215568602
4762 -16.50972049959661 5.339582582022942 2.737738176491046
4763 7.249743283903271 10.66764743335643 5.41475554135815
4764 5.715480472282522 12.15310933183836 5.72900059745441
4765 -4.812078142736095 10.27824702332231 -0.3227507469339064
4766 -2.949965626228356 10.73153713361842 0.419140056026903
4767 -4.067179181974871 6.913834108888324 2.171509430129525
4768 -4.203738551399056 4.823025502395242 0.9284271437107527
4769 -12.34486788346146 7.325641126316011 -10.02682569497781
4770 -10.38429290325004 5.840022547143001 -9.394215594131246
4771 -6.171266200567107 7.136805270018915 -2.931966602630031
4772 -6.966017673890216 8.229658791416878 -4.202110272862496
4773 10.18886464843506 11.88300426027341 12.5149492762495
4774 9.679064212712685 14.33696260100207 11.52000573189766
4775 9.440867539533318 11.69264309454676 10.95076533226953
4776 7.15350689542687 2.136475973259345 -5.090482588602292
4777 5.48379952228488 9.758055906563552 7.786097625663192
4778 6.578821681903239 11.18779292165691 9.76971582554296
4779 7.108311825423728 9.331553524335185 9.561549970629184
4780 6.914980452253901 9.544015922306381 7.180236800742502
4781 8.01000261187226 10.97375293739973 9.16385500062227
4782 5.818062677277859 7.856416965004453 14.8039293186475
4783 1.754933110240828 10.74250575823056 2.835867210064309
4784 1.105766902725804 8.525986653304722 2.735682581509248
4785 3.291617012553369 9.27727838256228 3.485071474030793
4786 2.067411817826539 1.270498284991885 -12.39909534297075
4787 1.842737431287949 2.854932620713127 -10.36484268019323
4788 2.578987063240392 3.119698201890552 -12.97249983121942
4789 4.334729319981462 1.751461406668857 11.70968184008312
4790 4.090633210715327 1.751461406668857 10.25849731032591
4791 4.932270571896163 4.16574491919915 11.27774254669385
4792 12.26702198484603 5.496013145566058 1.953930826455756
4793 10.7560435641875 4.718142818935388 3.128322264605871
4794 12.13007361615783 3.840696291545014 1.398740373473278
4795 13.8840999054787 5.856185346289772 1.422715480532268
4796 12.37312148482017 5.078315019659102 2.597106918682384
4797 12.51006985350838 6.733631873680147 3.152297371664861
4798 -14.4614729248842 2.024692165103588 0.4981958892940409
4799 -13.62016935347459 2.425173183034004 2.337406791451
4800 -14.94467631514971 1.504087356290966 2.76572903661834
4801 -1.822197526224304 5.332008062711491 9.470849219488716
4802 -0.5620271104788369 6.725151848964348 10.3032394475743
4803 -0.6632803674228196 6.953221148489766 7.816789159180928
4804 -0.4426527163535663 14.80478846643998 -11.01150873762977
4805 -0.6566859623093835 14.28664914153979 -12.92001686438543
4806 0.4458222462679442 12.63909784564115 -11.25042989549484
4807 -1.717811429457854 13.06111011588192 -11.90659072987444
4808 -1.503778183502037 13.57924944078211 -9.998082603118775
4809 14.16390550067415 15.6131417357222 4.284360362942802
4810 13.87980500205712 13.98619321587519 6.319958739712881
4811 -11.8413772914911 1.388622014020929 -0.02854518755604668
4812 14.29190863550107 9.496226664689635 -5.74397902194902
4813 13.44758025829478 8.564706803675366 -7.474768595655864
4814 13.9342869704168 10.28818959750646 -7.647868629171905
4815 8.377381149694282 13.7550104124061 -13.01545177409156
4816 9.754198205389617 14.59720886223507 -13.71817159871318
4817 -5.141533333804349 17.75528546678154 -5.470721579936612
4818 -8.256114631986552 8.326882012043111 -5.040268665701833
4819 -12.014522553754 10.16920692475994 6.302472149643856
4820 -9.868050256381672 8.760963117990054 5.464520515011503
4821 -9.594997114968136 10.25480351048745 6.516157972472223
4822 -6.929695298414364 8.214854455940408 -2.024015779089172
4823 -16.95474819849316 3.616587445797488 -1.338239088562508
4824 -2.026008882349918 9.880615135490984 4.122098041109554
4825 -3.716933207165561 8.85671603978545 2.742363589673109
4826 -3.332849557263914 8.626100904294468 4.748013938289634
4827 -3.968065055210753 10.02897473944627 4.796370621427521
4828 -5.658989380026396 9.005075643740739 3.416636169991077
4829 -4.3521487051124 10.25958987493726 2.790720272810997
4830 18.72077421677478 2.107298509086802 0.5319090211961631
4831 19.03095274931675 1.46630372051676 1.747433854907738
4832 17.65414975930197 3.575515276708995 -0.7546913259635522
4833 17.96432829184395 2.934520488138954 0.4608335077480232
4834 17.55437503160217 1.468216767622194 -0.222782304767389
4835 2.79915609284278 1.806331110331408 0.3959715286125886
4836 4.003626414087237 1.591047490363855 1.631332595372949
4837 4.227754696424251 8.495914869456929 -14.55325870766676
4838 4.525285355547441 10.15790833350208 -12.64554186469265
4839 3.423209490509477 7.721398922828174 -13.2370196599558
4840 -0.3735684168275376 1.584434335721242 -10.73869298903246
4841 -2.000344278774412 1.337053138945324 -12.01977403886876
4842 14.47338889818016 10.80440044307833 5.533512584716081
4843 14.37727512598342 11.70519742153239 7.148119213948189
4844 5.101370885699808 17.83014767752286 3.671552333526053
4845 7.212371756290449 18.06017979513868 2.884301045441481
4846 2.541103334620921 6.423988340427901 10.65690187974143
4847 4.578108119727415 7.86854423145371 10.90856319600117
4848 3.009639505675413 7.855223228740236 9.134300121130174
4849 5.038147538785203 10.38906885715041 9.945133933082099
4850 5.567637682305691 8.532829459828694 9.736968078168323
4851 6.662659841924051 9.962566474922046 11.72058627804809
4852 -12.50609642034228 7.422288958347407 0.0159853425286427
4853 1.328430852931527 17.53139701055324 5.480988246572505
4854 2.71319274509467 17.83014767752286 4.562171025003749
4855 13.00639951545594 3.152299636531629 2.777075025946244
4856 14.51737793611447 3.930169963162299 1.602683587796129
4857 14.76042580477681 5.167788691276387 2.801050133005234
4858 -7.283135555294594 13.07484464590787 -12.00839173910084
4859 -6.451439052342899 13.6670007523052 -10.49517684457664
4860 -4.933806699496552 14.32364037281341 -10.20055534805519
4861 -7.138134365861301 15.626551861093 -10.81103862225507
4862 -5.765503202448246 13.73148426641608 -11.71377024257939
4863 2.315593553621862 4.727666672031109 1.592461877078826
4864 0.872275362983424 4.743480164210122 2.872499802641934
4865 1.312905248384303 6.949272240345719 1.662441431421623
4866 7.373227512241124 2.414283512530293 12.41685202666014
4867 -5.240765821611607 13.6116465744808 -0.5428227565097403
4868 -15.00852576041865 5.777873663410952 3.667259202452919
4869 -15.04479991117352 6.95518064363862 5.162567420411632
4870 15.8109791186657 8.371902037201927 1.310541012870687
4871 15.81806236467103 8.398028438983829 -1.059092753452831
4872 15.93441725235784 10.36565702340731 -0.4466421287283321
4873 7.573105376870442 7.897353696362805 -8.133559028542992
4874 6.138248222098821 8.569763303124521 -7.624579567104501
4875 8.012768514113166 9.776130853710356 -9.106407956993984
4876 -5.354372043748861 11.46415549014601 4.637477818082058
4877 -9.568286511348258 5.408437662847905 10.81665252636884
4878 -11.50789292855175 4.831991396872675 11.66797627940298
4879 -13.10327060301655 4.661342016430367 10.61606143160513
4880 -11.16366418581305 5.237788282405597 9.764737678570995
4881 9.259450178884345 1.518038434624222 -5.977756615853996
4882 7.555322652609563 3.654514407883567 -5.730350929506436
4883 7.880641141082523 1.518038434624222 -6.491959982287184
4884 6.644109055455159 10.4791414101714 -8.021900304880766
4885 16.26216111878996 1.737502239096663 7.602632210679145
4886 14.00206862146523 1.889049267690889 6.77004854168854
4887 -6.243670925815108 10.90750158444566 -4.693553616263864
4888 -6.828732951805644 13.40074358224043 -4.282383545622093
4889 -4.992719522488771 11.64288685874169 -5.013942808361655
4890 9.845732465852922 3.096173453213556 -6.043575693517035
4891 3.074969606987337 14.1658596187027 2.902790080295146
4892 1.216856622690047 13.94683628910814 3.935093931165384
4893 2.339992369629268 14.44139867470614 5.328414643953881
4894 4.308660745906509 10.32597268402107 12.86202119294705
4895 5.494198389252557 10.47283191240778 14.81935449982296
4896 6.44278141839874 10.86669037814308 13.61976361052685
4897 4.443918822153186 11.88196142336188 12.62844711101077
4898 5.257243775052692 10.71983114975636 11.66243030365095
4899 13.25685345107608 6.635467524754748 9.161893800815911
4900 -8.880056379453507 13.52579126970634 1.91170471093444
4901 -9.854377300956047 14.01192767996962 0.2858930116079386
4902 -9.981779825647774 15.82919246104456 1.994970860354066
4903 -8.959079413387144 11.87453597395374 -8.61136512310939
4904 -10.1694918426885 10.81462991470638 -6.868692552907669
4905 -10.24888710328083 12.89047310617264 -8.421515277008751
4906 -9.618943301124006 11.49377369296964 -10.07812169208567
4907 1.32586522291928 13.65051075112276 0.3388570115605025
4908 1.48170233376144 13.39611610081406 2.488890158715046
4909 0.2719180485686571 11.83491094283721 1.697626373858488
4910 2.185664694340227 12.3470396931628 0.1213211061227461
4911 2.341501805182386 12.0926450428541 2.27135425327729
4912 3.395448979533009 13.90824485113965 0.912584890979305
4913 4.737152228382778 1.614054119386262 -2.065515393254012
4914 5.362668208255325 2.907683794610229 -2.463575396778843
4915 1.744353979912732 4.172876677103563 -11.53237914192963
4916 4.913304844052456 6.245335074539867 -12.44697781699815
4917 5.863716760100717 5.38330376435332 -14.79078001148451
4918 5.395746893371707 7.510637167518433 -14.37499492026198
4919 6.046475991299367 7.73921807424305 -12.0804001609199
4920 6.996887907347628 6.877186764056503 -14.42420235540626
4921 6.514445858028377 5.611884671077937 -12.49618525214243
4922 -16.47705387326509 13.98834329131717 3.553732628023002
4923 -14.27593849018579 14.34441285295281 4.620288026444316
4924 5.679309605467006 3.9367453447807 1.349474771978574
4925 4.474839284222549 4.152028964748253 0.1141137052182132
4926 6.864082978052584 3.639327529640813 -0.8187095044303105
4927 9.426032210595501 10.50987961805805 5.422633338282711
4928 7.848197485270099 10.10942570330876 13.67791958492399
4929 4.680999148155537 7.065178683988449 15.31798320374074
4930 4.357134860130235 9.681593631391781 15.3334083849162
4931 -4.848556619939998 9.104788197302206 15.07311410789671
4932 -4.296641551393986 11.37567783858754 15.54898219836177
4933 -12.92834715520128 1.18715044728179 -7.594476849113093
4934 -14.20029480530185 3.3162287427956 -6.622430655849865
4935 16.18692968123012 14.52961838023499 5.282028028065413
4936 10.95278569257252 15.00993371691071 -12.9641631341923
4937 -11.6837560246836 1.512971812177221 9.243263321257515
4938 9.8208417512677 1.692650332019538 14.4018339426954
4939 11.16218440264777 1.692650332019538 14.94558205444032
4940 10.39939066330436 1.788676347077404 13.03216359126922
4941 10.70845494436142 3.481326679096942 13.60033642442685
4942 -5.448820582664199 8.326647014420903 4.822822894592893
4943 -3.757896257848556 9.350546110126437 6.202557346029337
4944 -6.084036080611039 9.729520849572708 4.87117957773078
4945 6.122691239569184 12.88177673532164 -9.781128062406959
4946 4.612594787291384 13.65785415934142 -9.174705699034121
4947 5.158400326518847 14.96174093453171 -10.4179212855654
4948 4.559870647039742 12.62453050346002 -11.0585497765553
4949 3.049774194761942 13.4006079274798 -10.45212741318246
4950 4.01406510781228 11.32064372826973 -9.815334190024021
4951 -0.1370298095942651 15.68300809338398 -6.780323248739155
4952 -9.044220111346363 11.55107304181286 -6.114788660827941
4953 -11.1996728746068 9.248073708506238 -11.2802749391723
4954 -11.64637852610604 11.79769965383384 -11.18469801393293
4955 6.368755108518659 4.762367568829808 15.01152935428593
4956 7.103951775255051 11.9372148420062 -7.497449004207282
4957 7.649757314482514 13.24110161719648 -8.740664590738561
4958 9.118668877508739 12.61347651785614 -8.925071950749693
4959 8.137408341822873 13.55803841117159 -11.20875100894937
4960 7.59160280259541 12.2541516359813 -9.965535422418091
4961 -2.015857965792929 16.88460175443927 8.681631566453991
4962 0.07276230662028915 17.49929759285079 8.81036953970672
4963 -0.72327605562502 15.08389934729006 9.107250940810783
4964 -0.8641733826963574 17.49929759285079 9.945083611283746
4965 13.14334788414414 4.807616490552673 3.332265478928722
4966 4.515468041974758 17.58743724684116 17.99211118792925
4967 3.017419615414689 17.53627626443472 16.30314381065144
4968 2.595520248825317 6.265001845591931 12.59493469551185
4969 -0.2431356529376564 8.139107135974312 -5.15443874200526
4970 -3.183519347423425 2.100855097126423 -9.759873482487237
4971 -5.322851833756663 3.74450018369195 -3.110557367631801
4972 -2.722385054005864 3.41335845810915 -2.935000618700998
4973 -1.85017400995769 3.270634418161827 -0.7578716961042342
4974 -3.350183313287018 2.709130042615256 -1.778554435351512
4975 -4.450640789708489 3.601776143744626 -0.9334284450350372
4976 9.099535089965556 10.35188925735915 10.10585492151804
4977 8.004512930347197 8.922152242265792 8.122236721638274
4978 8.90620371679573 10.56435165533034 7.72454175163136
4979 9.519922758228063 12.73398959570272 2.017914122591532
4980 -15.63102520499386 4.33799238001232 -7.831423970347136
4981 -4.78366678680765 14.49444652937054 3.509668173251714
4982 -6.165562362013195 17.50821599855314 9.697738193471347
4983 -5.219116502775305 17.50821599855314 8.547680063652933
4984 -4.020142953969165 17.72307558416058 9.839901244293941
4985 -4.179759346759402 15.93129158271372 9.356028012271409
4986 -4.966588813207055 17.72307558416058 10.98995937411235
4987 -1.990580868744708 6.686472245932273 2.311014818654387
4988 -3.255864240934736 4.588800295977863 2.3286549662958
4989 8.512717227823149 3.926947667549063 -2.607892311284569
4990 8.572938038433925 3.084101369513686 -1.379404087507228
4991 -5.502849257711008 15.26512250964648 10.23956516737096
4992 -6.28967872415866 17.05690651109335 11.8734965292119
4993 -4.303875708904867 15.47998209525392 11.53178634801196
4994 4.634945655434787 11.72101950069631 -15.13623703684744
4995 9.384352153906114 15.12175709071164 14.0380463190233
4996 -6.026770328111562 9.420557152803127 -1.482917870686663
4997 5.060435727355447 3.478648425365884 9.698159850283592
4998 7.368119599844549 5.917477824375568 3.522177194083831
4999 6.341217975831905 7.439185628498781 2.514422971568559
5000 -8.449802731817798 7.351795703942884 1.547502998041179
5001 -8.576746760069646 8.135946480473004 -1.04425496692927
5002 -11.93221969149316 1.512971812177221 7.793823358701228
5003 4.226776245373289 14.8303704559072 -2.951441664559341
5004 2.066695573018652 14.61792384045795 -3.54648124392318
5005 3.465957407318004 15.06372280260411 -5.272450508615451
5006 4.780303438201042 17.34170541015931 8.199298354351974
5007 4.266016565128409 17.34170541015931 6.821438202501996
5008 6.207771190226125 17.36952560808396 6.580878681071255
5009 5.693484317153492 17.36952560808396 5.203018529221277
5010 8.149359371019894 18.06017979513868 1.74958638651096
5011 9.829005841693899 1.610671642932677 7.171695971032248
5012 10.05044837220868 4.066521975415462 7.028026213715519
5013 8.285282978004734 3.337858661629704 7.034145342439798
5014 4.373621406557739 6.859367612641627 -15.58082185444216
5015 3.891179357238487 5.594065519663061 -13.65280475117834
5016 -10.94201582931343 7.557653538872403 4.453601026940518
5017 -10.90574167855856 6.380346558644734 2.958292808981805
5018 -9.609854135003665 5.628893778231062 3.970186974887931
5019 -11.59243200655415 5.276200565882005 4.879252275512483
5020 1.356173399839131 11.37779021155997 -6.593354900911049
5021 -0.03558948965158115 12.06362221487257 -7.664357145796824
5022 0.7764596686101863 10.72772681667068 -9.166001516098074
5023 -0.08167362416216672 10.70549038715697 -7.628376303976541
5024 -1.473436513652879 11.39132239046957 -8.699378548862315
5025 -0.8937227824239342 12.04138578535886 -6.126731933675291
5026 -7.493465053207863 15.33541095229903 -12.58298370625261
5027 -8.517082358060449 15.33094426312979 -14.73191898935108
5028 -9.679384023560235 14.96544555141555 -13.25459540187499
5029 -10.16890570306075 15.7744151326851 -11.52757100348369
5030 -11.19252300791333 15.76994844351587 -13.67650628658216
5031 -9.006604037560962 16.13991384439935 -13.00489459095978
5032 2.552796546684741 9.099372370625762 -12.72080107884341
5033 8.472611233913057 11.23420428554515 -8.5819566563205
5034 0.296260594725544 9.818194824910272 1.990683980364407
5035 1.623438545555556 8.980184290612323 0.9788916694156844
5036 -0.3529056127894799 7.601675719984433 1.890499351809347
5037 0.8741469396394189 11.14750196473964 -14.22362518203627
5038 1.495213836547106 11.54474429930988 -16.23405657286814
5039 2.846635748502119 12.20603792761596 -14.14836596788551
5040 -9.904532493374766 1.965098726720825 15.55297945709572
5041 -9.663078995897823 3.648719919340354 13.85013946693049
5042 -12.38111274642705 15.65933720883913 -0.1145972790323415
5043 -10.89388329706959 14.39468497502425 -1.117361523136581
5044 -13.19099811670332 14.33447664214715 -1.210743144371537
5045 -13.02706631962499 16.044401566889 -1.706204817771064
5046 -14.67822756606077 15.59912887596203 -0.2079789002672984
5047 -1.677616333048287 15.68595713914915 -0.06419783696748804
5048 -0.9327272156859309 17.81463888517509 -1.367193871531329
5049 0.01701955764401408 15.87780148539753 -1.110308471069164
5050 4.145156669261485 4.15454934328444 -8.365141069906123
5051 3.763354160959413 1.660501124223503 -8.523460781904387
5052 2.345290104848111 2.494048219060938 -7.750312837263827
5053 2.938741607097054 3.764546504052823 -9.341986603739423
5054 2.556939098794982 1.270498284991885 -9.500306315737687
5055 4.356805663208356 2.930999409215388 -10.11513454837998
5056 -1.122663251105646 9.083551814137 1.125078066104406
5057 -15.05198246737698 9.972299205217107 -3.309629886977535
5058 -15.78950640225131 10.99211437998628 -1.546497065274401
5059 2.555059792231589 1.806331110331408 -1.055213179278352
5060 3.358341666141488 1.614054119386262 -2.579714697438858
5061 1.032656192460201 17.81463888517509 0.2557129350850534
5062 7.131533375063099 5.343633239516425 -6.545051729510838
5063 5.837165782412312 6.187192985634614 -6.876942525080331
5064 6.003173039242192 4.707557921385667 -7.409857265358901
5065 4.405460478482215 4.48043637450612 -5.525569867239099
5066 5.699828071133002 3.636876628387931 -5.193679071669607
5067 -12.33002110416874 11.60671316191442 3.400542911108387
5068 -14.81506712877946 5.27992022824434 -6.494276127608948
5069 -14.8959708154402 6.896484857308703 -6.549809487484666
5070 -17.57754516680197 17.76112263506402 1.494350309963115
5071 -16.75291534139996 15.71815489402011 1.132223304606
5072 2.021022432636713 12.35025981041715 4.261559442593131
5073 9.896704655458919 10.715333623585 -7.568908365288231
5074 -4.944508570085188 12.81156005437511 4.012653868284668
5075 -5.986735402164012 13.96338006248022 5.434302416866786
5076 -6.926568236388386 12.90717405122676 4.261817451913693
5077 -5.884341404309562 11.75535404312165 2.840168903331575
5078 15.98617365642125 6.99934182076826 -1.059092753452831
5079 15.97909041041592 6.973215418986356 1.310541012870687
5080 -6.41393544223018 11.70919451880787 5.728886712136278
5081 -7.353768276454554 10.6529885075544 4.556401747183184
5082 3.267477665929067 1.500400655128586 -6.98355857838988
5083 3.649280174231139 3.994448874189524 -6.825238866391617
5084 5.067344230342441 3.160901779352089 -7.598386811032176
5085 -9.951333892548256 17.70230494988305 -1.806018176714479
5086 -8.909649321464212 15.36377907528607 -2.194492441598651
5087 -8.131031714021198 16.96147412540302 -2.387687421777022
5088 -7.520284906504582 17.85437893372307 -1.044882699443444
5089 -6.478600335420538 15.51585305912609 -1.433356964327616
5090 -8.298902513947597 16.25668388360612 -0.8516877192650724
5091 -13.67847948171847 13.36343771278088 5.662385481972846
5092 -14.77150053370986 11.08267623789108 5.981818405181452
5093 -15.19759746292073 13.71927958591073 6.423764891573626
5094 -15.36895954217718 12.06365137806301 4.939720949652921
5095 -13.84984156097492 11.70780950493316 4.178341540052141
5096 -0.1825191695368708 10.21149520387221 11.28680903110272
5097 0.56958121672902 9.829968432774578 8.754211563803771
5098 -0.56327893106041 9.081786748115835 12.69270683416201
5099 0.1888214552054807 8.700259977018206 10.16010936686306
5100 -1.226645798767509 9.393028004804178 10.5668426948216
5101 10.31007218934242 14.39063193067386 13.01230289792717
5102 11.30940907065428 12.67766497933677 11.84865966005963
5103 -2.001140790521516 4.696822789229839 -3.67970705879241
5104 -3.867303972613147 7.667417901041005 -15.43407257867673
5105 15.4376967308395 3.330078775978983 8.202847346575108
5106 13.9442124103685 1.592576536882319 8.398693587932254
5107 13.17760423351476 3.481625804573208 7.370263677584503
5108 -4.183741245043478 2.35753548563797 12.2002931208397
5109 -2.805948302454766 2.35753548563797 12.71518522910409
5110 -3.936688428257732 2.35753548563797 13.65301095771085
5111 -5.961402520214273 1.710292297801385 1.685733667123994
5112 -11.4149798357088 7.793248643730973 -11.06247671330637
5113 -9.414847392642319 6.959377876864061 0.2550858566220665
5114 5.492777103222735 11.94839855003292 14.99963086123977
5115 -13.51261770925008 17.65002053040026 4.321988674426365
5116 -13.47646650021682 17.25703225895608 1.961637009479567
5117 -12.11663957555109 17.80964480621614 2.667950614121456
5118 -12.70859827723035 16.15966533661641 4.450293908060111
5119 17.41730492248556 3.087190374591217 2.706033953846123
5120 17.10712638994358 3.728185163161259 1.490509120134548
5121 15.94072720477097 3.089103421696651 0.7358177941709954
5122 -12.13476290956688 13.68621874325789 -2.46089274328785
5123 -0.2797147158490105 7.269025088705872 11.68271112547432
5124 4.045085613411171 10.31632992737591 -6.755141960313934
5125 4.148407476235548 8.882686196275312 -4.883852745178679
5126 5.680207563166098 10.14424622903075 -6.666623260740423
5127 5.803599672949822 11.68948511300513 -6.690435837334064
5128 5.906921535774199 10.25584138190453 -4.819146622198809
5129 4.271799586019272 10.4279250802497 -4.90766532177232
5130 0.6722778262452948 13.79527820630943 -6.433010852084934
5131 0.09256409501634966 13.14521481142014 -9.005657467271957
5132 8.967937094924491 16.47018995630035 1.44431480346574
5133 -3.662819064763144 5.202396266810112 -3.208242665989096
5134 -12.86130169510206 9.968847652287712 8.257491680155528
5135 -13.93526726803382 8.76553807317006 7.246572192084543
5136 -13.00685207959048 2.12907829551381 -3.877553354448115
5137 -11.15402823944569 1.799174471636085 -3.392592838642129
5138 -12.46295802651357 3.517700309534739 -2.887459185045745
5139 -10.61013418636878 3.187796485657014 -2.402498669239759
5140 -12.0854733770166 1.388622014020929 -1.479729726382183
5141 -5.144203246386665 10.78572686082617 6.043664542683874
5142 -14.43026854407902 11.84942190484395 7.379355744847741
5143 -13.33724749208763 14.13018337973374 7.059922821639136
5144 -12.91115056287677 11.4935800317141 6.617976335246961
5145 -8.613069135545498 8.150750815949475 -3.222349460702595
5146 13.38318502945852 13.93846390707274 8.949107896657654
5147 14.19332072167138 14.69530591634297 8.0162713362985
5148 14.70911083566304 13.10309925791724 7.420414410071538
5149 13.89897514345019 12.34625724864701 8.353250970430693
5150 -5.973819786672724 15.41675959218457 -3.589768581304169
5151 14.98682464749233 4.729621596125525 6.421052609945024
5152 14.54803741488747 6.682098566522017 6.980111540103438
5153 13.48748697485242 16.10495352824969 10.59741918796098
5154 11.29360132332202 15.87320277541875 9.591526955557239
5155 12.59422913655823 18.01613597565202 10.34201471052761
5156 7.039502527737012 17.73401878568955 7.957283933185487
5157 11.92727782005539 3.420462250148061 4.157375221482091
5158 12.0642261887436 5.075779104169106 4.712565674464569
5159 6.348052497454739 9.025448020291883 5.812450511365064
5160 7.824184522308058 9.209740590246785 4.937596746667155
5161 5.774985573662144 8.850101020274538 3.387236188479991
5162 13.77914557799346 7.391474069018946 8.035465848728961
5163 4.284299542313502 12.36714931609554 6.3348614223751
5164 -8.902548719019844 6.04964363295958 2.360645357534435
5165 -7.439242352496143 6.194556408078406 3.88283578574054
5166 9.717719691808316 6.377757565155682 13.10500602636594
5167 4.901336973512561 4.640536843601035 -7.065472070753605
5168 6.499049534272538 4.867658390480583 -8.949759468873406
5169 3.742502240351369 15.78075882346378 -16.38103635883991
5170 3.344331742782552 17.56772244966477 -18.08647136509184
5171 1.675925767845674 15.81749339667661 -17.14648691003145
5172 -0.5322477613780099 13.4314874215282 1.37116086243074
5173 -15.26237768677296 17.30791758995395 10.28948897760937
5174 5.064192379500916 5.5400679972423 -8.440780007434915
5175 4.40230862764069 6.85960259239633 -6.367963063641839
5176 2.802338266559553 10.96003654054389 -6.086314393007272
5177 4.334138353490102 12.22159657329933 -7.869084908569016
5178 4.560852326098203 12.33319172617311 -6.021608270027402
5179 15.77020188983968 7.657554784004303 2.524061050549314
5180 2.34075404229076 9.548332353989281 -6.533685357982244
5181 3.87255412922131 10.80989238674472 -8.316455873543989
5182 2.629806782369692 11.4535989999127 -7.647628306237326
5183 -3.639217637341469 1.58393455399495 11.07769066853143
5184 -4.042631185781911 3.94147003963292 11.56550487702314
5185 -5.017010579930181 1.58393455399495 10.56279856026704
5186 -4.425819318919578 15.72569718769713 -0.3884091230260458
5187 -6.682800030595953 14.29470725422981 -0.244965875477732
5188 3.975875992045686 9.376248655644117 -6.445166658408733
5189 -2.431207303429338 11.88882404200445 -10.0608486656803
5190 -3.900789897600946 9.460484832379304 12.42464158046514
5191 -5.12454550471041 10.3877762470083 11.40353411400005
5192 -3.348874829054934 11.73137447366464 12.9005096709302
5193 -8.066295436987089 17.13495612029239 -11.5657926243784
5194 -9.505497670062354 17.13495612029239 -11.7421297358465
5195 -8.343196004562568 17.50045483200664 -13.2194533233226
5196 -6.903993771487302 17.50045483200664 -13.04311621185449
5197 4.578679740576306 9.592353427040308 -3.461773158763733
5198 3.902227189347111 7.537675334679654 -3.786870259101669
5199 5.049627163765262 7.972207669316171 -2.493231016025225
5200 3.168324927121899 6.799280506065679 -1.484767229521726
5201 3.844777478351094 8.853958598426331 -1.15967012918379
5202 0.03481559182964866 3.870811890889765 -14.83599449060747
5203 -0.7998174914980117 4.923990366102777 -13.39587380131768
5204 -2.328209902069668 3.358665112936423 -13.50941838941758
5205 4.126769804006242 13.84048327392534 -11.53569496290112
5206 5.636866256284042 13.06440584990556 -12.14211732627396
5207 3.528240124527137 11.50327284285365 -12.17632345389102
5208 12.42694635945772 2.309283309087842 0.6026838218247124
5209 10.70504336539574 1.790471694289718 0.04705381078933379
5210 -13.08848812668576 8.96589734564229 5.291552661572872
5211 3.000403639201079 17.2558579545498 1.920648898092654
5212 3.650188294006154 17.83014767752286 3.427456240182633
5213 -12.44338089121919 12.24839702823965 5.009714393339655
5214 9.392580073208187 11.71252620269476 -13.16110879361584
5215 8.479482721435479 12.66266960420399 -13.81188615155363
5216 7.989133683087593 10.11271493136704 -14.07356228475952
5217 7.076036331314885 11.06285833287627 -14.72433964269731
5218 8.202873514728502 11.33060204050353 -12.30561186010418
5219 6.818132014362332 7.838756963173799 -3.529595552164217
5220 5.011491323821405 7.335336968342606 -4.893994586282849
5221 -14.96903180032406 9.535558328398363 3.239341930980755
5222 -14.91849716155266 8.416305175604649 4.919627079204222
5223 6.385688128343959 14.77706639399927 -9.110215083230834
5224 7.366948664029826 13.83250450068382 -6.826536025031157
5225 8.333625305901588 14.34632375503355 -7.911783298401581
5226 7.069556119763035 15.88228853183633 -8.281333790893852
5227 7.352364770215722 15.290885648349 -10.19546235660126
5228 -6.923903120971177 15.53751602355635 10.84295826758211
5229 -6.799786758825713 15.98882551101615 8.667199931841552
5230 -7.586616225273365 17.78060951246301 10.3011312936825
5231 3.366693295864972 8.900514279697841 -7.919135135767723
5232 5.174346729809759 8.234868121983871 -6.269302522964159
5233 3.539224780054833 8.406951820329034 -6.35782122253767
5234 -12.76271691463407 1.512971812177221 10.09121232358449
5235 -5.377176275185663 3.283320987377556 -5.0706095747971
5236 -3.642926270114703 1.42592704128129 -5.509511806655118
5237 -2.906954420190806 2.846213669278523 -5.441123297417667
5238 -4.281951771567612 17.50821599855314 7.412828674341672
5239 -3.626846767143567 15.09281775299242 7.953802863805715
5240 -3.082978222761472 17.72307558416058 8.705049854982679
5241 -2.427873218337427 15.30767733859985 9.24602404444672
5242 -1.297466957699608 8.918625861106527 -6.548569859773473
5243 -2.028386985261005 9.799238876187841 -7.855746316490922
5244 -1.600649778863835 10.48847294587454 -5.854576880023332
5245 -3.787758664814973 10.43159824721822 -7.299827423049225
5246 6.87082302806326 10.59073656304518 -6.174423666339151
5247 7.611789528338549 11.55117856632996 -3.816258539522638
5248 -4.22913152029056 14.07269755764944 0.7645394747380654
5249 -4.482158325425518 12.22730130180281 0.4685886865474809
5250 -6.486112231966936 12.64170762418212 0.9079827222863792
5251 9.480644955200518 9.106444812220694 7.247382956940365
5252 -5.099867629305607 17.7915957408006 -11.04067069526688
5253 -4.00637757956925 16.01406577159108 -10.13778928549366
5254 -4.220410825525068 15.49592644669089 -12.04629741224933
5255 -5.590655803007674 11.81764199847334 11.89293907038327
5256 8.644234864277196 9.08797298409165 11.32602613292153
5257 -14.2038635470034 13.61277322940161 0.7469058441932602
5258 -14.84981712020135 13.99783758745147 -0.8447016945454624
5259 11.23818258578411 14.60991120582776 2.768045522741043
5260 10.78535428128256 10.05006096591683 6.496697210254261
5261 -3.533715512006665 13.53637533790309 -11.7304356345709
5262 -4.75964348913156 3.136219339082674 -1.536784221966316
5263 -5.860100965553031 4.028865440212045 -0.6916582316498414
5264 -3.887432445083386 2.993495299135351 0.6403447006304475
5265 1.15368956216482 14.37075383707801 -10.01908360178295
5266 5.404800770066482 9.17497601519235 -15.14669502040288
5267 5.622381050965677 9.051729623440398 -12.62462903851174
5268 5.702331429189672 10.8369694792375 -13.23897817742877
5269 9.021759320049052 9.450820534088111 13.06367321079317
5270 1.206401815056413 10.35885834875856 6.097568878429132
5271 0.1715616191268693 9.393600202494305 7.237613312785655
5272 1.500324101708322 10.77954475597731 7.815633076975034
5273 5.170459813029741 8.519463357786266 14.36739157755637
5274 12.67867539072956 17.71026637300132 -9.712689721928218
5275 14.30094992702286 15.77962899780035 -9.944289381947979
5276 12.21202475649759 15.53387755636703 -8.715003707147051
5277 -12.86947782043005 14.8850003762593 5.451660879731829
5278 -9.753222806891408 17.13048943112316 -15.20905458306365
5279 -7.567303836539036 17.50045483200664 -14.53744288744127
5280 -10.24274448639192 17.93945901239271 -13.48203018467234
5281 -14.03348596668093 16.99383871811669 -3.592994754557055
5282 -15.08972117381737 17.64209661700595 -2.342845155640742
5283 -14.4927299078741 7.863877314949083 6.217120214576125
5284 -5.261536463942509 1.491457784428463 -9.725271637407396
5285 18.39352173066773 17.75771409377547 -2.340081380289587
5286 17.86987114932463 17.32812671704612 -3.690954765118784
5287 16.55788686625766 15.54078532128367 -3.210380278990156
5288 16.1137844866759 17.51265860423756 -1.972858361743798
5289 17.08153744760077 15.97037269801303 -1.859506894160959
5290 6.611761852738882 15.58532787115693 -15.32066445214209
5291 9.078781493702067 15.65732170244285 -14.65963709600964
5292 -2.568770545408765 17.72307558416058 10.08385671491968
5293 -10.84885243981545 4.519643440382854 1.774402440200275
5294 16.7502021456494 4.346602544998345 2.696574674074695
5295 5.181620435829085 1.500091238126053 13.14006252666783
5296 5.149639268274117 10.06882005046546 -1.142497362513517
5297 6.354488953688285 9.187069121355297 -2.476058249354952
5298 5.620586691463073 8.44867429274132 -0.1739552197750086
5299 7.361073069748103 1.281672179475987 -16.11251361710007
5300 8.513329336494396 1.281672179475987 -17.10028288995904
5301 7.074647510509675 1.281672179475987 -17.26434219152063
5302 0.3954727713601903 17.00106979798695 13.14734109076176
5303 -1.061721489836461 17.00106979798695 12.91986282151989
5304 1.105533578573852 17.49929759285079 11.55105723856897
5305 -0.3516606826227998 17.49929759285079 11.3235789693271
5306 -0.2816522797421098 15.20036739083774 11.96698683783333
5307 -0.8479502840546609 17.94671349928989 -11.38580288340484
5308 -1.41968341612631 15.65104420518017 -12.63549359997318
5309 -1.205650170170493 16.16918353008036 -10.72698547321751
5310 0.7439502595994877 15.2290319349394 -11.97933276559358
5311 4.878693069540225 3.959055706259943 7.981125703175037
5312 5.359731493375278 16.06883535923424 -2.948283218000877
5313 4.638074308982211 17.79322614356256 -4.690826748891975
5314 4.598912655319992 16.30218770593116 -5.269292062056987
5315 5.978940635896649 12.16903704293796 -14.74525246887822
5316 4.546663671016193 13.83461046844861 -13.50586450702803
5317 0.7470517804337389 15.73069460340403 8.176036454687534
5318 -6.120833889794808 13.44034335762212 -13.48571532657693
5319 -5.975832700361516 15.99205057280724 -12.28836220973116
5320 -10.58776985379744 7.713819051608382 11.73393260917788
5321 -9.59364250020632 8.565213363046503 12.41030721169459
5322 -10.67479542542129 9.180441172966376 11.62281524691103
5323 -4.625067804671247 13.05170198411281 -5.311251244938978
5324 10.33706864445679 11.28324181247737 9.511452083278623
5325 9.94112345028401 11.34592278112711 6.841792053869478
5326 -10.62005043872735 4.287791403955947 12.79584627636881
5327 9.465050800147132 11.31652548445349 -0.597923627468542
5328 6.513442310109168 11.15532194735163 -1.008780465608224
5329 5.942482782411357 10.67885532392648 -3.328056261858441
5330 7.647350774975708 11.97419250835191 -2.32516817918227
5331 16.46080797892564 17.86729711058934 -4.047111537971081
5332 15.14882369585867 16.07995571482689 -3.566537051842453
5333 16.9049103585074 15.89542382763545 -5.284633455217439
5334 7.330665747863152 12.04880999487997 -5.649972365665668
5335 0.795233605554551 6.495074603038118 3.419232343515188
5336 2.771577763899586 7.873583173666008 2.507624661121525
5337 -13.32951522688567 4.242202549847549 4.20421441032359
5338 -15.48599558795015 5.169729847190491 5.499423721128863
5339 -11.39812432483145 1.799174471636085 -4.843777377292422
5340 -10.01931360590065 1.799174471636085 -4.329578519005434
5341 -1.362226589503751 17.94671349928989 -12.76415316898576
5342 10.17920874993359 7.427094320127662 8.519464538892752
5343 1.625837963098031 12.97013414963256 -9.433533538866214
5344 1.979096114349626 12.46401718385356 -11.6783059670891
5345 2.29916936002745 13.36497002888316 -9.732056685634092
5346 2.771317760960661 11.9643503414377 -9.146506622717359
5347 1.945911208775855 13.87108699466216 -7.48728425741121
5348 7.249047731273869 8.738164139566178 3.174156035069278
5349 1.04064738305528 14.09234156403624 6.632578920919682
5350 0.7343169842513269 11.57363974214097 9.986586529561459
5351 -5.016248987301359 17.50045483200664 -15.30476735779457
5352 -6.337283873497586 15.35124098777062 -15.86694362400034
5353 -5.022369473090867 17.15078615576398 -17.1114036880662
5354 -3.072007057703082 17.90995394249831 -16.42359210878661
5355 -4.393041943899309 15.7607400982623 -16.98576837499238
5356 -4.386921458109801 16.11040877450495 -15.17913204472074
5357 -8.170615864065898 18.00222516162677 17.15950238223223
5358 -6.200937503629177 16.33132088773913 16.53530031864219
5359 -16.22719016527103 17.58454128112176 9.097310958097268
5360 -15.52677219223852 15.93456181152202 7.632091659763554
5361 2.898815670519468 4.796428205100842 -2.916830088944498
5362 3.130189087178041 6.162409805092114 -3.88553079977935
5363 11.30044552097107 10.88610412898589 7.915855925841027
5364 11.64177797053883 12.2268579661735 8.760766336592518
5365 9.846292712720508 13.12738531306576 -13.19985913410269
5366 2.743085717368955 8.893630973090279 6.746773142395615
5367 2.258361348375267 10.53597532407898 6.214927983525417
5368 -16.17801909547986 2.024692165103588 -1.471975942724546
5369 -14.69548656241087 2.024692165103588 -0.9519321545908535
5370 -4.887892459658802 4.085971986675085 13.50306826245003
5371 -2.381827482604718 4.021002099195147 14.52446691254933
5372 -9.467838567479081 13.48962115012267 -12.77747283418835
5373 -8.492451164968983 12.72387440066776 -10.68681582848141
5374 -9.304523013740416 11.24358331020564 -12.35862854389324
5375 -8.095207404066027 11.59455355544575 -13.68020445451266
5376 -8.483186858906294 7.225839323795537 4.965752522022205
5377 -6.96299125363949 5.510048980652483 5.304052581446779
5378 -9.133603036147012 4.944386350805138 5.39140377059417
5379 -3.723234007798751 11.85591779206154 10.36883477013865
5380 -5.733537905344649 11.41221076802997 10.29736548721983
5381 -6.199648203641914 12.842076519495 10.78677044360305
5382 -4.601607570272315 5.027964514812638 -3.855263807723213
5383 -1.360423337982781 12.49596998471955 8.50237189387167
5384 -1.24390563484612 10.08636823028028 7.644346640744196
5385 -2.630212623384228 11.52154898098001 7.485453837398731
5386 -5.862271853807071 1.728436501037115 12.50036194569394
5387 16.10695430546352 17.38881755259768 8.930587731844252
5388 15.7035089229288 17.72133307453418 6.483627133771503
5389 5.941803993198253 2.059000835687377 -12.25965186648512
5390 7.808601546576156 1.946305827674837 -11.56853159974341
5391 9.94668362365606 1.707629569633103 -14.55463412079886
5392 10.14227651555472 3.653935397307939 -13.59492950655821
5393 6.065874892195081 12.22409420790086 -3.351868838452082
5394 -14.71449842069849 6.436994649825938 6.500564629263595
5395 -15.15569409747512 4.65154385337781 6.837420929980826
5396 -7.194046143315567 16.96147412540302 -3.522401402688264
5397 -6.679847193469651 16.96147412540302 -2.143591227469086
5398 9.039132021185626 14.20386655724961 -6.347691065746392
5399 11.01865341904116 15.41620831850048 -5.756503969544275
5400 8.948259607680018 15.58717756950033 -4.627327938215483
5401 -7.894660012605774 13.89953428913243 -9.913848288930549
5402 -5.690332346241024 12.59662280085285 -9.303365014730668
5403 -6.522028849192719 12.00446669445551 -10.81657990925486
5404 -4.627334278835299 17.75528546678154 -4.091912395676408
5405 1.599095999398669 10.99690040853926 0.685834062909765
5406 3.668679756012398 11.25463450855615 1.259561942328567
5407 -11.97083111248856 15.39614366799974 -2.956354416687377
5408 -8.788610762628174 17.35319931178049 4.04323980282415
5409 -9.334614719108496 17.31954765482842 2.110761713951405
5410 -6.069100385953035 17.85437893372307 -0.8007865051355074
5411 2.577625793828731 14.80122761492526 -11.0376774760992
5412 2.224367642577136 15.30734458070425 -8.792905047876314
5413 3.369847440439766 14.3015607725094 -8.505878131727458
5414 15.98376099066706 15.25957219111041 6.575202970629496
5415 -0.2084940191337055 7.16188090995867 16.04041585811624
5416 -12.53948082266574 17.25703225895608 0.8269223933581415
5417 -13.99066536204495 17.25703225895608 0.5828263110032861
5418 -10.88831957622997 17.70230494988305 -0.6713035241456242
5419 -12.33950411560917 17.70230494988305 -0.9153996065004797
5420 -13.58499826814101 1.817029366813544 7.040602253387324
5421 -14.92815354088406 1.817029366813544 6.512700290306407
5422 -13.03315160941966 1.512971812177221 8.701699553336582
5423 -14.37630688216271 1.512971812177221 8.173797590255663
5424 -16.05220786754208 5.469809070284647 -2.146877318227752
5425 -13.95949463563042 4.153770460617397 -3.295827362888975
5426 -15.4770499609991 5.574195200694869 -4.136332768450454
5427 -15.55795364765985 7.190759829759234 -4.19186612832617
5428 -14.04039832229116 5.770335089681762 -3.351360722764692
5429 -5.721161794545504 3.312371055032065 11.86557370187737
5430 7.858667620718752 4.725195700881303 -7.946529123195729
5431 6.426962316788655 3.018439089752809 -6.595156465354498
5432 -3.110615930997046 7.872177905134735 6.419587978086254
5433 -2.724941942582526 6.62091694647315 5.17935891517467
5434 -4.801540255812689 6.848278809429201 5.039853526649809
5435 3.646128323389614 6.373615092079735 -7.667632062794356
5436 3.483272917401259 5.47408393843847 -6.292324126113046
5437 17.15939181041007 4.894530149406621 -0.7546913259635522
5438 15.06440130547286 3.777500076710036 -0.642516858301971
5439 3.581139005394401 12.70452758844826 -15.60359811018647
5440 2.876345670165469 11.98390923901309 -16.02471200112326
5441 1.822539020125083 12.96741732676504 -16.4920730744623
5442 -4.655932011701315 4.566785318498243 -5.815316014888512
5443 1.842579805008209 17.53139701055324 6.85979932923486
5444 1.523936552046022 17.49929759285079 9.054465860187864
5445 -12.18016737478131 2.13479307987633 -8.470160261134875
5446 -14.31167075629901 1.18715044728179 -8.095446764529544
5447 -0.485850141983967 6.564104095479326 -13.22283098096957
5448 -0.3248797633517179 8.574763835140921 -13.94164659610218
5449 -2.582959560268924 14.43017020989117 -15.90638776985986
5450 -1.549449933351254 13.62939499698933 -15.71529459163321
5451 -2.930338757482792 13.15269851574929 -15.48443502512682
5452 5.091060717056579 11.76051907471527 -10.89890173974268
5453 6.188156412474815 10.65434036465359 -10.87798891356177
5454 7.541247674223788 6.760041101647641 -10.44541875963215
5455 7.980910811466511 8.638818258995192 -11.41826768808315
5456 -0.2759138594282571 1.987431416827861 -1.072260982577997
5457 1.420345336167706 1.806331110331408 -0.1182273773360435
5458 7.144680455974749 17.36952560808396 5.447114497973486
5459 -1.406960398010888 11.8826666321178 -15.8909089731086
5460 -2.787849222142427 11.40597015087776 -15.66004940660222
5461 -2.677830102694816 12.96193304690904 -13.75179208024044
5462 -8.280933225710584 1.728436501037115 14.33561014606424
5463 -8.190022336086576 3.693535227757939 15.02050639833575
5464 -8.039479728233641 3.412057693656644 12.632770155899
5465 5.023760103227092 7.237531280866848 8.749526888582265
5466 3.47963308157951 5.518491713808848 8.749373875029129
5467 3.767676752342358 7.611653796841906 7.533595027680557
5468 -8.711034896998857 1.683621192619529 10.79839984327131
5469 -7.60467449187108 1.767485181892193 8.835718152780361
5470 11.62016107896952 14.54851469519149 -11.40197199169684
5471 14.43520211644517 10.99669402578058 -5.55218789317027
5472 14.07758045136091 11.78865695859741 -7.456077500393154
5473 -0.5141964269690178 12.53992077666827 -13.09563124586083
5474 -1.575321894117488 11.3143817510104 -12.08220511134984
5475 -3.103593523577291 13.67477791098088 8.553232519669724
5476 -4.373382808978739 12.70035690724134 7.536314463196785
5477 -2.58905622283848 11.70154438682187 9.211805517560366
5478 -1.640334893935398 8.629354176829398 2.88186897819797
5479 2.552097960202702 15.57310242071254 7.077723837353113
5480 3.328982731814985 17.34170541015931 7.956153242853444
5481 2.233454707240515 15.54100300301009 9.272390368306118
5482 5.839882589116496 13.47317961880898 -7.866999496699554
5483 10.64239544638604 4.873469858553989 -2.180764811061257
5484 8.957866625516798 5.219474137523616 -3.901746035598231
5485 11.24827643876016 4.661133182853605 -4.214970799608832
5486 2.365692919587498 17.97016169260201 12.26775754276397
5487 1.688567868485198 16.1694592854528 11.08740328983554
5488 0.9785070612715367 15.67123149058896 12.68368714202833
5489 2.800139247281058 4.753160035850263 -16.31557940057303
5490 4.486984839953362 4.962960954638973 -15.32045106457059
5491 2.996889486410383 6.43902480292728 -16.11049290752824
5492 2.204333764566183 5.38426460087435 -14.64793308718077
5493 -6.805748308012855 17.55866622841337 17.37926844924915
5494 -4.836069947576133 15.88776195452573 16.75506638565912
5495 -15.17868995267637 1.504087356290966 1.315600992733446
5496 -2.996570779183765 17.72307558416058 12.59691621583134
5497 -2.056257845335207 17.72307558416058 11.46235207296304
5498 -3.418486309350011 17.62909572611236 14.86612899482033
5499 -2.478173375501453 17.62909572611236 13.73156485195203
5500 -3.402701328119508 16.05217131027294 12.91746197190141
5501 3.826395296436044 14.2517070743122 6.424768557572463
5502 -16.20897423155819 6.545780128432995 -0.5901415853883105
5503 16.11692411501364 6.272617928125818 2.516606566810834
5504 10.98433044000976 5.219081141598318 12.42605262206135
5505 9.515398474265155 5.496004061454785 11.39690102829493
5506 -0.0300614578685357 17.36316260022245 -1.65656193723212
5507 -0.4185285716738922 17.81463888517509 0.01161686396012224
5508 -2.690696100222955 5.945322020420349 11.20839828983832
5509 -4.116271285367437 6.769807519449389 9.406555396435827
5510 -4.634937036039691 5.53955647030498 11.4011565441933
5511 -3.948350019466295 6.402278682497336 13.2886396008036
5512 -5.373925204610777 7.226764181526377 11.48679670740111
5513 -3.429684268794041 7.632529731641745 11.29403845304612
5514 -14.41137683529311 12.35013329299807 1.623213567219354
5515 2.095533796609569 4.988705196045989 -1.392328570783992
5516 2.391826168052492 7.088712630964167 -12.0019854637108
5517 2.823331784776436 7.808681558531137 -10.60285395732034
5518 6.55968314208056 6.993950740623313 10.51400305087461
5519 -5.45519831665217 17.50045483200664 -12.81261577926442
5520 -4.57574151287163 15.20478553789692 -13.81824249624687
5521 -4.518284686249071 17.50045483200664 -13.94690206525944
5522 8.039030194147795 17.2536985697546 16.76918443181987
5523 -1.147005797262533 11.10026793206394 0.8320204595984864
5524 1.527158773459784 17.08843540142851 -7.802565834345409
5525 1.012945179946495 17.08843540142851 -9.181288926496215
5526 2.951095005123695 17.51890917927575 -8.821159708661657
5527 2.436881411610406 17.51890917927575 -10.19988280081246
5528 -12.48406635021451 1.817029366813544 6.132726058751972
5529 -7.987936295550494 17.77279624160836 -4.837735615413367
5530 -8.924921866256124 17.77279624160836 -3.703021634502125
5531 -7.883237295172079 15.43427036701138 -4.091495899386297
5532 3.24293377102772 5.423237530682506 -0.0986893277075474
5533 3.388384684134192 6.538241982050799 1.500023218341091
5534 2.240245465790161 7.644843098997115 -0.02870977336474956
5535 5.637110681532521 10.73974675087142 -14.71716022019686
5536 6.734206376950757 9.633568040809738 -14.69624739401595
5537 -16.43907789314242 14.45919830455352 -2.800438704467147
5538 1.249285929039005 1.584434335721242 -8.773168913717635
5539 1.631088437341078 4.078482554782179 -8.614849201719371
5540 12.05074106388419 4.582617633744771 11.57548453561498
5541 -2.54220603752795 2.337803682168866 6.279205310638386
5542 -1.40752608800004 2.337803682168866 5.342200027167983
5543 -1.163432623279032 2.337803682168866 6.793386438372774
5544 3.522566942639157 14.59598986759768 -15.84957161360482
5545 4.576373592679543 13.61248177984573 -15.38221054026578
5546 3.999169068253689 8.519508457115219 7.962705003297325
5547 -15.84621437709167 7.304650314996559 -1.957556741104843
5548 -13.83440483184075 7.605176334393673 -3.162040145641783
5549 -6.392716963310719 1.58393455399495 10.03120338924968
5550 -7.23797823718761 1.728436501037115 11.96876677467657
5551 -0.8032428625192921 1.744221527929112 10.03960297078859
5552 0.9080781176213701 3.495682934597969 10.36979766737842
5553 1.577199957999984 1.751461406668857 10.68149934127042
5554 0.1861402725919843 1.370314798369031 8.996965071615298
5555 1.897461252732647 3.121776205037888 9.32715976820513
5556 -7.889886108444709 15.83380882424349 7.164617541375561
5557 -7.800898407133816 14.41881680086616 8.721502077574655
5558 -9.390142234666154 16.37224508722445 7.757832275641888
5559 2.868912849671811 1.591047490363855 2.568318986901859
5560 1.664442528427354 1.806331110331408 1.332957920141499
5561 1.345903471279898 1.601179024565217 3.782997400687595
5562 1.851603583367934 3.407510134896625 2.443788811576283
5563 3.056073904612391 3.192226514929073 3.679149878336643
5564 -14.24905933120828 9.865274380261022 -0.4087738542526798
5565 -4.370603613510491 12.82264814661328 11.94516345001519
5566 -4.979596014144731 13.84708266763494 10.83899482323496
5567 -6.847017809353654 13.80880687404674 12.36309912347959
5568 -12.03362768333078 3.490749769433876 5.216108576229715
5569 5.152273162925948 17.79322614356256 -3.312016029156134
5570 -6.830284971072992 7.937698854911285 -14.37812410775437
5571 -6.366090110656373 6.043111448875269 -12.6292440632851
5572 11.7239892348929 17.74909473750531 5.895463739713442
5573 12.7188681989164 16.17042781203949 5.177479041031161
5574 -4.605236835400914 13.72253934923804 13.37066972402652
5575 3.056091723593926 12.9038925302991 -12.76187351680776
5576 -9.078809373591074 11.09399703078248 7.778458213401827
5577 -11.67329056412316 10.93595259171281 7.700009489310146
5578 14.5915625699152 7.353661314311886 -6.900437905332043
5579 12.25264578772562 7.39226330993287 -6.711397839334709
5580 13.09697416493191 8.32378317094714 -4.980608265627865
5581 -16.33303272209376 4.856787836667912 4.095581447620259
5582 -14.65402218856078 3.32111672310451 4.63253665549093
5583 7.976411793485637 17.73401878568955 6.823519750087719
5584 13.89118315148403 5.882311748071675 -0.9469182857912503
5585 -3.704598709708904 8.53904636485742 -14.75367120613808
5586 -2.489631705125965 8.053418048629238 -15.80558026864135
5587 -1.29247286200098 1.461374576733329 13.94668643299715
5588 -2.665317925753293 1.461374576733329 13.41074510015008
5589 -1.534577799950327 1.461374576733329 12.47291937154333
5590 10.52357931231635 2.098685410610023 -7.942039525939347
5591 10.2793314502329 2.098685410610023 -9.392817079976899
5592 9.015325675603044 1.518038434624222 -7.428864953276475
5593 8.7710778135196 1.518038434624222 -8.879642507314028
5594 9.790710534978519 3.616723845234246 -7.645002895854199
5595 10.20691699461455 4.04499123828486 -9.819349921627177
5596 9.187284273155628 1.946305827674837 -11.05398953308701
5597 8.698663357901244 3.464344262299059 -9.306175348964306
5598 2.788063685746875 14.09750020676538 -14.39433947130386
5599 0.07598610860333377 17.08843540142851 -8.046732505499762
5600 -5.55490236894854 17.85437893372307 0.5780242895438482
5601 -4.407411877962936 17.91695904679441 1.567082826826204
5602 -10.94441908619643 15.46663495972505 -4.853357874475023
5603 -9.703539473699138 16.17510119149141 -3.509826654323754
5604 -11.33544262971343 13.47942951534402 -3.976613039138662
5605 -10.09456301721614 14.18789574711038 -2.633081818987393
5606 -9.068150990924011 14.25838703883569 -4.530085276775039
5607 15.65192528098743 13.86167035472556 6.302907774506147
5608 -5.5790457236733 8.403425929489339 2.0004727867123
5609 3.306778767712172 9.207281645531534 -10.06309599849396
5610 1.402353848049127 1.658086867436775 -6.403967133614534
5611 1.784156356351199 4.152135086497713 -6.245647421616271
5612 0.6881521805420936 3.242521203158017 -7.268503498070078
5613 -0.3337531939619987 17.94671349928989 -10.00698166931039
5614 0.3906921083478931 15.73514890071839 -9.734560337370697
5615 0.603205877381163 17.94671349928989 -11.14153809030685
5616 16.30600904588033 12.17575166070918 1.812338341581651
5617 14.76960884701351 12.1790787637083 0.2813699876488999
5618 0.3927256179628435 17.36316260022245 -4.170087309217363
5619 1.791987452262195 17.8089615623686 -5.896056573909634
5620 10.91596793879919 1.531412982457172 1.777075259974828
5621 10.40817062209585 3.32188467674689 0.8431103624378993
5622 8.052732785281833 1.946305827674837 -10.11744132318496
5623 6.276908239199591 1.660501124223503 -8.946324643089662
5624 6.032777000493914 1.660501124223503 -10.39741491964811
5625 7.33904527145503 3.606806951898339 -10.30940569464198
5626 -0.5508647801801319 17.00106979798695 14.29722528468061
5627 17.63050831644571 17.75771409377547 -1.275856760053083
5628 18.80838135852559 17.75771409377547 -1.138889671950156
5629 -10.66545503699209 17.80964480621614 2.912046701352541
5630 -9.435775869167454 15.86284411799663 3.927448949226812
5631 -12.62581235717172 17.69788154976456 13.49352794096339
5632 -10.46659695341162 17.58585896492163 12.64877664235168
5633 8.490610650669772 17.73401878568955 8.202330466744515
5634 8.61831319874112 16.10898356185913 10.18684893920196
5635 8.552024783329475 17.67496477616958 10.69913049730775
5636 7.081464271784139 17.80440200662617 9.667714951610781
5637 7.209166819855485 16.17936678279575 11.65223342406823
5638 7.147752687195784 16.23842079231572 9.155433393504989
5639 -2.874445045364319 11.23816038238222 -5.700516774440551
5640 -10.35657083621236 10.78176252161494 -11.37454786003357
5641 10.55980824296949 13.71531491798999 0.8374797491645884
5642 3.724754261792412 14.74014934167576 4.409597422385125
5643 8.487344342322231 17.37229149735792 -15.95656454998773
5644 6.363674097844298 17.51303637379901 -14.38773810829202
5645 8.830693738807483 17.58503020508493 -13.72671075215957
5646 0.4047277672827378 12.50952812406541 -16.44562620833135
5647 -0.7236524020608244 11.84206617398513 -14.48212369693859
5648 -0.8661419374011901 13.58879453885665 -14.30650931546319
5649 8.329587252842344 3.864525093413033 5.213338296091241
5650 9.351884577475614 5.745872467508494 5.755944631763132
5651 1.555275529288654 5.829225389638633 -6.676735092985099
5652 1.964210602689805 6.116395538739585 -8.383254157065313
5653 -8.466424633454807 1.683621192619529 12.26739754277677
5654 -6.99336797364356 1.728436501037115 13.43776447418203
5655 -0.7935354981903585 5.395883643848837 3.100557723029657
5656 -11.10850442114031 12.33661584982352 -6.819651135933338
5657 0.9179706472011555 11.23847815819569 -10.66487983257811
5658 1.238043892878979 12.13943100322529 -8.718630551123102
5659 -5.468206370926394 4.76595553866196 9.763661983620644
5660 -3.523965435109657 5.171721088777328 9.570903729265659
5661 3.469678924733201 10.37574785443694 8.170870858211099
5662 1.814628340011804 16.16562267856564 -10.75315421168694
5663 7.636526325645805 1.518038434624222 -7.943094297411984
5664 6.922838811819002 3.178539558847725 -8.135058668869004
5665 0.5288477092037331 15.23734606242166 14.39121206406745
5666 2.181964255554931 14.19854777629541 13.01569080273469
5667 0.6614034593954261 13.66334130984764 12.18774942869336
5668 2.631623607622734 14.6324332044627 11.30816588069557
5669 2.499067857431041 16.20643795703673 13.51162851606966
5670 4.73763309699719 11.56060625303664 -1.994495375017006
5671 -4.735794269267478 15.8012832242483 6.433899112299822
5672 6.572792967013938 8.189698313253853 -14.9684312329981
5673 7.223522064941598 8.418279219978469 -12.67383647365602
5674 -7.194218454356751 3.267555746614479 10.69520677047211
5675 7.239793334357544 13.43212100713069 -3.929609238134759
5676 7.221543996874538 15.67480701775379 -3.662208799972548
5677 6.012064308074917 14.04376627650201 -4.575558760630239
5678 7.312416410380146 14.29149600550307 -5.382571927503457
5679 -6.377027659759426 14.55617390964064 -9.6192267924091
5680 2.984954555739513 12.01809220542564 7.639025699340902
5681 2.314944719288623 12.7709462176359 5.979623641139034
5682 4.227716171400146 10.13217842253861 6.570165764761484
5683 3.557706334949255 10.88503243474887 4.910763706559615
5684 6.797470836715702 2.253853450480357 4.735985871032023
5685 6.753166561878091 1.727187018697027 6.55679291738058
5686 8.206099023312579 1.610671642932677 5.206312597113447
5687 10.39039275940736 6.459616958350111 1.883283719184656
5688 8.851536859691326 6.936511495767105 1.192198769469405
5689 -11.52248531068422 17.93945901239271 -13.19332706809763
5690 -11.01863665441545 17.93945901239271 -12.16404062055367
5691 12.82014196205657 12.1932400495323 -9.586033860630934
5692 11.5822634643065 12.63330951196865 -11.46664874676588
5693 0.5867132426958286 17.49929759285079 10.18918196671423
5694 6.997262660672581 1.727187018697027 8.007977434526357
5695 8.450195122107068 1.610671642932677 6.657497114259225
5696 -1.276188635240855 15.92237317701137 10.50947608927648
5697 -11.17965389800002 17.80964480621614 1.53323599800003
5698 -11.02128582176132 16.21194975609919 0.5917163256095473
5699 3.793672523226422 17.51303637379901 -13.30424121513657
5700 4.068197741250998 15.73194555307476 -11.78166846631947
5701 3.373778656216471 17.51890917927575 -11.33407167100967
5702 1.540103121987228 17.94671349928989 -12.27572696050405
5703 2.234522207021755 16.1597498730889 -12.72332375581385
5704 -12.21542811319215 4.117142023513639 11.74393142857097
5705 -11.87078633938308 5.987928731565912 1.665875667562693
5706 -10.57489879582819 5.23647595115224 2.677769833468819
5707 3.908890552900106 2.231868687562916 8.54146316321736
5708 2.530095012602032 2.231868687562916 8.027302729520656
5709 2.711837670417253 1.751461406668857 9.744336876629209
5710 3.106778280325425 3.983330094231773 9.294659890751698
5711 2.706343917432155 3.158487522565362 -5.478893162742324
5712 6.066596561724597 13.58477477168276 -6.01952285815794
5713 6.048347224241591 15.82746078230586 -5.752122419995729
5714 0.746725096403371 13.67165515681749 4.914514722373781
5715 -6.877658369105714 4.678397863134709 -9.343124251737539
5716 15.89726055830563 5.028456897909601 -0.9252252334777168
5717 16.1473916729733 6.292202027805591 -2.096492454592129
5718 -4.449844283549684 11.77381243731533 -6.475179370661887
5719 -6.21967877971583 13.68443450755305 -6.517171632833712
5720 4.164375530484776 17.83014767752286 4.806267067314657
5721 3.936859852365845 15.87185308768217 6.158906615784357
5722 5.364327604390928 15.89967328560682 4.540486942503639
5723 0.567789065051882 3.91433484705817 -7.259278181076311
5724 14.22358325431224 8.126653314420983 6.9276270347815
5725 15.10821415168187 7.832029113535532 4.808299801823379
5726 -5.985336593136982 5.14104257939246 -6.319033495587705
5727 -5.407615073326142 12.27131408885021 -7.836649487479876
5728 0.2211243377889157 1.822144602510421 2.612995845704607
5729 0.4082853927294964 3.423323627075638 3.723826737139391
5730 9.846677679487549 16.3911007518216 11.75490942463541
5731 9.718975131416203 18.01613597565202 9.770390952177969
5732 9.785263546827849 16.45015476134157 9.258109394072177
5733 -3.14184265688058 5.384981587303599 6.424840397523173
5734 3.634414692255508 12.11941916380333 9.403245823968787
5735 1.727096050720727 17.54977094701184 -14.06969176632812
5736 0.1679457345160598 16.19648444630173 -13.48877430700539
5737 7.556815871132821 9.95132980819254 -11.96249656567499
5738 14.59034851298688 17.36936262479903 -11.31138734481247
5739 13.95656643597788 17.71026637300132 -9.491704363968029
5740 -2.506452781948876 1.484561937500254 6.97812590109598
5741 -2.931391852226466 3.228783465429367 8.11781672547146
5742 -1.047425632620315 1.744221527929112 8.58821047252111
5743 -0.05804249750903878 1.370314798369031 7.545572573347819
5744 -1.94200871711519 2.854876735869285 7.075178826298167
5745 -7.976489881348498 6.808048992140777 -2.627624224006933
5746 -1.986249442454517 15.42414538214753 12.10575994146927
5747 -2.408164972620763 15.33016552409931 14.37497272045826
5748 -13.58200998613345 2.024692165103588 -1.888097904225413
5749 -13.03811593305654 3.413314179124517 -0.8980037348230427
5750 12.48152041322744 9.75638637942839 7.012453335406269
5751 12.57763418542419 8.855589400974326 5.39784670617416
5752 10.66171984745689 7.976727062663198 6.343980366505607
5753 -3.3912259766663 11.78964697303157 -11.9060500160463
5754 2.309733536691868 10.5526461548831 -9.593877587692331
5755 3.448289746303142 9.718032987056542 -11.56197431497399
5756 -14.64258411278533 3.678065075947827 -4.667071877325444
5757 -16.73529734469698 4.994103685615077 -3.518121832664221
5758 -15.2177420193283 3.573678945537605 -2.677616427102742
5759 2.904927899376814 12.05632299067399 12.32013308383374
5760 5.305125373150247 5.700906538776225 10.73245653097128
5761 -0.4003709340135043 1.461374576733329 11.53488618357743
5762 -1.069492774392118 3.205596104662441 11.22318450968543
5763 1.310950046127158 3.212835983402186 11.86508088016726
5764 -9.867593379844367 5.657225805880758 1.068228216115323
5765 -13.25094816497624 2.12907829551381 -5.328737893098408
5766 1.555751315664437 10.44473687997732 -12.25158266804178
5767 1.826286553756132 9.1540460678827 -10.13363554651871
5768 -8.274260838689083 13.44706492263035 -3.214751064049937
5769 -7.689198812698548 10.95382292483558 -3.625921134691707
5770 -8.478460533864498 12.22591911773407 -2.026359975200053
5771 -4.617916152897113 17.85437893372307 -0.5566904853571499
5772 -5.363072979156109 16.30966440050462 -2.24696385897059
5773 -4.533544822081724 1.42592704128129 -3.12134159031216
5774 -5.070793953878092 1.710292297801385 -0.7024424543302012
5775 -3.661333778033551 1.283203001333966 -0.944212667715397
5776 4.824432579904656 17.51890917927575 -11.08682100597266
5777 6.334529032182456 16.74283175525596 -11.6932433693455
5778 7.018397023601532 17.84805389309303 -10.86436207700852
5779 5.842268317937922 16.06696307236878 -9.589039993228418
5780 -10.37892944917614 10.55314518994128 8.772100359090651
5781 -8.681076267766816 12.0355627359651 9.166053268785436
5782 -11.27555745829891 11.87751829689543 9.087604544693757
5783 -3.991416914411964 17.52642045582284 -17.63014493273249
5784 -3.362089385220406 16.13637439832116 -17.50450961965867
5785 10.25344439071916 4.804300104329067 1.328093266202178
5786 9.217187664471465 5.195037356352382 2.437237314890619
5787 7.701039549437434 5.008597335878569 2.344590768676055
5788 9.102947080465269 2.87638594444053 2.480485265408829
5789 8.737296275685129 4.617860083855254 1.235446719987614
5790 4.045233634338084 14.4825345741127 2.419392233069284
5791 -6.575174406277627 13.08883150585775 14.17413609601486
5792 -5.512191566994504 13.94202136117657 14.79411126616909
5793 -4.490462782538946 12.85074768822793 15.7494574870841
5794 18.53801848496659 17.19270149091319 -0.02552471559678174
5795 17.3601454428867 17.19270149091319 -0.1624918036997088
5796 -14.67667886099575 4.095624923911958 8.169087982820578
5797 -14.1248322022744 3.791567369275635 9.830185282769834
5798 -14.6366189352429 17.64209661700595 -1.008781227735436
5799 -7.760208243081326 17.35319931178049 6.80087073423338
5800 -6.823259703146681 17.35319931178049 5.666172315102816
5801 -8.274411884490046 17.35319931178049 5.422050542178857
5802 13.80575727494056 2.309283309087842 1.116882153307645
5803 12.29477885428203 1.531412982457172 2.291273591457761
5804 -4.36541201495836 12.94421923150576 -13.2436505290951
5805 -5.428826474717292 12.11176768206201 -15.1054040531005
5806 -3.883734097794113 13.87620986233681 -15.43793122277045
5807 -3.741244562453748 12.12948149746529 -15.61354560424584
5808 -4.222922479617994 11.19749086663424 -13.41926491057049
5809 2.461300662352274 17.53627626443472 15.2796633629868
5810 0.2009178785466559 6.513516345832937 12.89788162702705
5811 6.459720175714586 11.05750851825422 -11.9834093918559
5812 -0.5989885584453459 3.708118480537896 6.890439363574961
5813 -0.3021359622300471 1.370314798369031 6.094386162143028
5814 9.934785273201237 1.946305827674837 -13.05341583481286
5815 10.29748992731696 1.946305827674837 -11.98096743156232
5816 -3.641173123325836 1.484561937500254 7.915103830037299
5817 -3.885226196197794 1.484561937500254 6.463944773361592
5818 2.784095893059669 17.97016169260201 9.771166164382866
5819 3.493614048254161 16.01186710276131 9.989090672501117
5820 -15.45350138462973 4.77722534289129 -5.327478790806083
5821 -15.53440507129047 6.393789971955654 -5.383012150681799
5822 -5.639155972630562 14.37233398845316 -15.67999602025228
5823 -5.932422823364885 1.857393946096266 -5.687452344439111
5824 -4.777640905514413 1.42592704128129 -4.572526127590287
5825 -2.563843364505419 2.35753548563797 14.18895229055791
5826 -1.937991348390769 3.818910062371298 12.96073358003503
5827 9.069075162371561 17.67496477616958 12.05114503576916
5828 10.23602551045829 18.01613597565202 11.12240549063937
5829 -6.331429808676084 17.15078615576398 -17.41185876730474
5830 -6.325309322886575 17.50045483200664 -15.60522243703311
5831 -1.316696954497141 10.36586860911187 12.443838283681
5832 -1.551330176387564 11.26575981173663 13.86934455769233
5833 -2.755650076869581 10.32120464550675 12.96550699564479
5834 -2.990283298760004 11.22109584813152 14.39101326965612
5835 -0.9581054242022115 9.855589983578747 13.93434188240692
5836 -1.673151958331805 7.162803682168867 6.133000809162997
5837 -9.641523913472035 15.60568983590419 9.172531775657383
5838 -16.75925146550664 1.534445185542455 7.826220787988554
5839 -15.63808297903975 3.351474552355999 7.349899426681681
5840 -15.08623632031841 3.047416997719676 9.010996726630937
5841 8.538719348148167 17.67496477616958 14.48480917315893
5842 8.333664756934365 5.61858497628874 0.1587664000936016
5843 7.297408030686668 6.009322228312056 1.267910448782043
5844 7.183167446680472 3.690670816400204 1.311158399300252
5845 -2.182145973997276 1.744221527929112 9.52518840146243
5846 -4.37013992454181 17.62909572611236 16.00475519776958
5847 -3.047398842885183 3.82236561966912 6.322992691323122
5848 10.71357424991206 17.74909473750531 3.149171411158208
5849 10.08096743585858 16.15910489866699 2.599803742147545
5850 13.15817898657735 13.21701105630815 -2.033746179194142
5851 13.5449057301881 13.93041030614927 -4.287472788492396
5852 13.64853552250726 11.80297294362034 -3.562241809547491
5853 1.916033567519695 17.53627626443472 13.97528246480309
5854 -0.2487860019867955 13.59031750960457 14.36369985180067
5855 1.271774794172709 14.12552397605235 15.19164122584201
5856 1.404330544364402 12.55151922347832 12.98817859046792
5857 2.879225150178488 5.045587724514798 14.24161075367654
5858 2.253092964530172 5.076446290960646 16.21357498845746
5859 0.4846227798998264 5.294102224755805 14.54455768519173
5860 -10.46576473045678 6.873146111446479 5.874817822646758
5861 -9.391799157525018 8.076455690564131 6.885737310717743
5862 17.4183772382273 1.985377361689612 5.470899255238001
5863 16.85773525523584 3.60626401576407 3.911288080936047
5864 7.598514650826226 17.80440200662617 11.01972949007218
5865 2.772372149185121 13.63032774324801 14.52359571920783
5866 1.994738437994592 11.98329919043092 14.49608350694105
5867 -3.596038167251916 1.337053138945324 -13.91585769049742
5868 -3.390588695419924 1.476067091384006 5.051363975931297
5869 -2.255908745892014 1.476067091384006 4.114358692460893
5870 -8.013646647557575 12.22486025406473 -4.720972923010835
5871 4.85196541590993 17.12132824307669 13.28620439205611
5872 0.03817921729111645 14.17483523811088 -16.56857529866542
5873 -1.232690487392811 15.25410165290212 -14.42945840579725
5874 -0.9953304096265542 14.97561045101273 -16.75966847689207
5875 11.77555191591382 17.01061162319138 -5.820575721133453
5876 12.2897507743038 17.01061162319138 -4.44176500214652
5877 10.20414468907553 17.7055966953091 -6.302468350543077
5878 10.71834354746551 17.7055966953091 -4.923657631556143
5879 -6.188750414854306 11.16163343558033 -8.079968984221122
5880 -7.816485156826327 11.33003351707452 -6.998427536353992
5881 -7.731344458867109 11.6534964492154 -9.495003998635442
5882 -8.361288261023935 13.0501958624184 -7.838397583558523
5883 -13.17848271919888 8.748850913028917 -7.356033767379934
5884 17.73364502334945 1.46630372051676 1.302938155494248
5885 16.25706730563487 1.468216767622194 -0.6672780041808799
5886 8.906975499560588 5.440583286958574 4.213262143799083
5887 9.239895449153472 4.531702798461575 3.035675718391307
5888 7.253879015838352 3.598826412463715 3.56542514460204
5889 -13.33256624312228 14.07199574361168 9.063945676515551
5890 -14.85375084615785 14.59693595057076 7.57887640106703
5891 7.686977907867229 5.5917530466252 -4.961668342970019
5892 7.990322875976418 6.662434339622935 -7.177846536659313
5893 6.392610315216442 6.435312792743389 -5.293559138539512
5894 -1.588371693556622 4.082025210097978 7.933077262748253
5895 -1.93820451688302 5.925590216951244 7.67602518534038
5896 -0.4294545347551384 5.703238295876254 6.279017202440464
5897 5.382436835407786 1.591047490363855 2.14553135780458
5898 6.567210207993365 1.293629675223967 -0.02265291860430418
5899 -0.4767596535842048 2.021611973991099 -14.2625900023588
5900 -6.448840311568704 4.689381549033178 -14.86255918477914
5901 -7.524029799744508 3.99673812657296 -15.7331301406798
5902 7.49135069822719 12.1787661788606 -10.86563571452018
5903 -16.71174876832761 4.197133827811498 -4.709267855019849
5904 3.673470848442772 13.78359975493738 12.0737437562733
5905 4.263878742072961 13.21537972188998 13.58164867274643
5906 -5.634002298503195 2.31857314241066 -2.276215599995686
5907 -8.461926106220481 5.492301652120569 8.853970835877895
5908 -1.736308996214929 1.663466613557177 15.51041976551145
5909 -6.680163899486754 4.949506166559203 8.568176747151329
5910 -7.786524304614531 4.865642177286539 10.53085843764228
5911 -7.842274427917902 6.906837454895387 9.885107739517379
5912 -3.895781500777157 2.96062902888426 5.095151356616033
5913 -9.11453729738729 5.458749956041456 -13.71028662262907
5914 -7.340218922427518 4.005615231551271 -12.51269956515296
5915 -7.270518956603357 5.675344307764865 -14.09508836559788
5916 -8.140408485616145 7.496246173365454 -13.82683112076121
5917 -8.210108451440306 5.826517097151859 -12.24444232031628
5918 12.89085030416094 9.547051001204533 -8.434008477030362
5919 13.37755701628296 11.27053379503563 -8.607108510546402
5920 5.472247718077126 3.719501959910879 -11.00052596138369
5921 -8.334052422973185 13.55944292665841 3.844182799807186
5922 2.168248533366837 4.888826720850826 11.202187895464
5923 -0.3472632328127197 17.89457269195548 -5.674011335045781
5924 1.064759654973159 16.40353425432408 -6.008380562782094
5925 10.34476356617142 17.12361118336571 -9.214781276659476
5926 10.85896242446475 17.12361118336571 -7.83597055766141
5927 9.689945830782191 17.7055966953091 -7.681279069541143
5928 10.10206392759209 15.5292078786748 -7.77189880607223
5929 -1.08069286115109 5.49490079981994 12.29784059533177
5930 -2.340863276896557 4.101757013567082 11.46545036724619
5931 9.514225397518208 14.40023686100055 -11.91147083357099
5932 -16.93838630557611 3.83745687595005 3.048250553364259
5933 0.9696960159793726 17.53627626443472 15.12516665872194
5934 11.83118145866483 17.75480357746847 -3.035621113622438
5935 13.74264404541828 17.86729711058934 -4.624854446114062
5936 14.04295391699393 15.57790873378072 -5.457700784102194
5937 13.58438460135495 16.32210068805781 -4.051556895578112
5938 -11.40036697026491 13.97945641169506 -5.627322172435559
5939 -9.133075331475489 14.75841393518673 -6.180794410071936
5940 -9.524098874992493 12.77120849080569 -5.304049574735575
5941 -7.204726199480666 9.187844299783773 13.65599963438436
5942 -5.980970592371202 8.260552885154771 14.67710710084945
5943 0.7214872132411801 14.13423477997821 -15.1597900224954
5944 6.408076526976877 5.266158101944457 -10.81199641571041
5945 5.396814914859458 5.992572470778521 -9.753409373229019
5946 4.370013098664047 4.844416040208818 -11.8041758657393
5947 5.503184245910958 6.338299039912002 -11.43759820966104
5948 11.74224737743613 17.12361118336571 -8.964464971534321
5949 13.84705761180975 1.889049267690889 5.326701412978039
5950 14.9261793072103 1.620886654074457 3.946401217442193
5951 13.24743881293145 17.75480357746847 -2.778499659037307
5952 15.1589013996849 17.86729711058934 -4.367732991528932
5953 0.6492464033992307 9.824877372075658 -6.32119984725909
5954 0.2215091970020601 9.135643302388956 -8.32236928372668
5955 -12.63662901804407 6.969373454422506 -1.575703635592022
5956 -12.84262250849448 5.134532209710594 -1.765024212714931
5957 -11.02104916705212 2.13479307987633 -9.400025558862552
5958 -11.66956731481409 1.424540613060361 -10.64943524014521
5959 -10.31449174043011 1.424540613060361 -10.16398027454061
5960 -11.40176426624283 3.55933369293669 -9.958415173081374
5961 -8.738002930685081 18.00222516162677 15.79763435867497
5962 -10.25849481429447 12.47797082236853 -2.137620145587866
5963 -11.17978988291816 11.12151659290367 -3.534711517464925
5964 -2.531693286672579 1.837442232043225 -18.32419796359887
5965 -3.468606496055684 1.837442232043225 -17.29553757036076
5966 -2.200778230873436 3.859054206034324 -16.88909826928091
5967 -2.268867397576703 2.021611973991099 -16.25406909530733
5968 -6.60076988856436 1.286985390932774 -1.78957265349382
5969 -7.390076900239299 3.605558533343434 -1.77878843081346
5970 -6.826868555614196 2.997277688734159 -0.2050152851479756
5971 -6.640347182932476 1.491457784428463 -10.23947049578658
5972 -3.135058912162463 1.337053138945324 -11.08278835836025
5973 -4.844945014141822 2.828510923373787 -10.84235065689292
5974 -4.51386963115243 1.337053138945324 -11.59698721673944
5975 7.891976747370176 11.49429096474623 -0.4059108445230903
5976 9.297670601264674 12.32841014341899 0.469335694687149
5977 7.796263138454327 13.92566696799646 0.1827352138072774
5978 -1.898820872650704 1.987431416827861 -3.037644522140862
5979 -0.8670229475363285 1.658086867436775 -4.530136441397492
5980 15.35077107245388 17.51265860423756 -0.9086337415072936
5981 -8.0911627567225 17.78060951246301 8.90684622491052
5982 -7.154214216787854 17.78060951246301 7.772147805779956
5983 10.56008410340219 16.16040027277757 -4.350360081020193
5984 4.898037741988867 1.660501124223503 -9.460363207734588
5985 3.691622679824436 1.270498284991885 -10.43720874156789
5986 12.31410551798102 17.71026637300132 -7.245573251617898
5987 11.55720702110837 16.11586306831041 -7.181501500028719
5988 0.5184573247147977 17.81463888517509 -1.123097785692841
5989 6.08294112421777 2.936020452347214 2.426155091872586
5990 6.886294676621253 1.344972961983359 2.107214985126258
5991 7.267714496803349 2.638602637207326 0.2579708154637019
5992 1.305055050541968 12.84733425386676 -1.004354170569391
5993 1.519076702467401 13.15952426217473 -3.324006049226262
5994 2.933929609259789 12.03973363536904 -1.842256919882512
5995 6.347163370931537 14.43881000855464 11.66218596886957
5996 3.990574450318882 15.7914899356787 12.56968146960826
5997 10.96372046787226 1.610671642932677 6.234710310056103
5998 11.51977213318331 1.592576536882319 8.829317821860023
5999 11.42898173092863 3.203248179814996 7.341286873000442
6000 12.65448675936167 1.592576536882319 7.892332160883879
6001 8.770027130872384 3.785266432937529 3.658071690816605
6002 -9.968741690846155 4.02930351979026 -10.41845165699143
6003 -8.88146916503343 1.894510439913931 -10.62401675845067
6004 -10.61725983860813 3.319051052974292 -11.66786133827409
6005 9.812314887557054 8.938774172934878 0.8383826730483532
6006 -3.17413261178326 3.328156081924062 9.827955806673533
6007 -10.5943307036341 12.25952044242454 -12.1687786977926
6008 -9.78225885486267 13.73981153288667 -10.49696598238078
6009 1.846872583709475 17.97016169260201 10.90588227090923
6010 -16.07558742366358 14.41528886697334 1.443298729467775
6011 -3.1376461096349 9.754956360614591 -13.14823604850123
6012 -8.605366398131219 17.78060951246301 7.528026032855996
6013 6.144953543918332 17.80440200662617 10.79796366678453
6014 15.47863738878003 8.274101005132882 -3.476887296241203
6015 13.46931724833474 8.806202699646278 -2.971167444575252
6016 14.80664037096307 9.934246826811494 -4.329869233910792
6017 15.1062943053772 7.791681476433745 -5.486328117293816
6018 13.76897118274887 6.663637349268528 -4.127626327958275
6019 1.371464266609088 14.16156910471148 10.59146557650057
6020 4.460986105959708 4.445916328744944 -9.941938918902295
6021 8.274874080354781 5.153463093931917 -10.12087614896871
6022 -8.07782991456666 3.385968224342394 -10.80636587906211
6023 -13.5770212069939 1.504087356290966 3.281804321682006
6024 -3.501150093850844 4.135318413683267 -4.700389798039687
6025 -1.406945116861477 3.407718044825094 -4.420440558170389
6026 -0.969342865407141 4.367478239838753 -5.172198978049039
6027 -0.375147191747102 3.078373495434009 -5.912932477427018
6028 -14.06690624119064 1.18715044728179 -6.665885735836595
6029 -2.408383705593129 6.489195260161873 12.58786996773834
6030 -1.889717954920875 7.719446309306282 10.59326881998086
6031 -6.640170366035474 17.78060951246301 9.151073163864083
6032 -6.379844543873646 14.14642328695629 8.118108977363507
6033 -6.503960906019111 13.69511379949649 10.29386731310406
6034 -5.85659130030737 12.72838344494475 8.717538633227516
6035 -4.855479651999266 14.29839215509474 8.663236487494411
6036 -4.020334884638598 4.334583719085833 15.76847160161699
6037 -1.760080042122144 17.03683462495525 2.464760685012353
6038 -1.355515589961557 17.81463888517509 1.146331600995124
6039 -0.8413247549169408 17.81463888517509 2.525142858218413
6040 1.275840501764012 8.35612457725674 -6.928238165958468
6041 13.19739047095241 17.71026637300132 -8.374067665490809
6042 1.528704884028993 10.88422775219117 -5.032040987680995
6043 11.53270461371802 3.381252883959724 10.34291334254198
6044 11.74121466369809 4.048426869365104 8.685648064543294
6045 -3.147371874164214 8.176402971383268 12.67351013094614
6046 -4.768021557415295 2.11110479163734 -12.88278986239336
6047 -3.37915499777439 1.337053138945324 -12.53397289725536
6048 17.32060982696213 4.187390356443952 -1.79209102710285
6049 -13.22327466690212 8.73156872025452 -4.406216063177141
6050 -0.09349093942434572 8.156386737276684 8.780637688963038
6051 1.415259042703536 7.934034816201692 7.383629706063122
6052 1.431072526127981 4.840460953151355 -3.838854095282575
6053 1.005011040728276 1.584434335721242 -10.22387400923581
6054 2.312664210484252 1.270498284991885 -10.95101141125586
6055 -5.384416240442397 5.585705103581404 12.85341852667598
6056 -6.217685575329099 4.812104171938384 11.21592396610332
6057 -6.809991425586879 6.410190602610445 11.05157563327348
6058 13.9882680327259 13.99729955672965 -7.3698276480656
6059 14.75286171899754 14.46627831786535 -6.272145447270415
6060 14.52682163479311 14.69695430653958 -8.794825178550045
6061 15.29141532106475 15.16593306767528 -7.69714297775486
6062 13.12861424794666 15.4208779961927 -6.699608870619095
6063 14.82387055933795 9.973801556851718 4.326020228726499
6064 16.0077761898655 11.59816013426576 3.086053884758378
6065 -1.906977790999486 8.412786534782381 7.670772765903461
6066 -3.375668489548261 6.634964439917113 7.962612354263637
6067 -4.829997499855736 17.05690651109335 12.10290240273328
6068 -3.506907588904131 17.72307558416058 11.21936524763374
6069 -14.1174952976507 10.27083684814606 -7.306992350405602
6070 -11.78917556570572 14.36083450134336 11.16969115122839
6071 -10.86995030787368 14.8216131428238 12.74026305509136
6072 8.381243411406281 5.499189663065397 -11.80506498540073
6073 17.00735166224378 1.620886654074457 2.022418141330711
6074 15.71004393627648 1.620886654074457 1.57792244191722
6075 9.02499032571329 5.273927408498443 -1.57538407273543
6076 5.339290132943715 17.51890917927575 -9.71192631670074
6077 7.533254576640591 17.84805389309303 -9.489467387736596
6078 11.1600642276113 1.531412982457172 3.228259253754168
6079 12.4682468521674 1.889049267690889 4.812502663612865
6080 13.54736854756794 1.620886654074457 3.432202468077019
6081 -3.025835666221863 4.791399433063846 8.219664431671509
6082 -4.727603575107217 4.631112459129684 8.319718941448452
6083 5.244326446914607 17.51303637379901 -13.05699055009957
6084 7.711346087877791 17.58503020508493 -12.39596319396712
6085 -10.67580056203072 6.328986681564794 12.15009557824391
6086 -0.9135836162731134 1.822144602510421 3.549986003946226
6087 -1.210436212488412 4.159948284679286 4.34603920537816
6088 0.2111955172178686 1.601179024565217 4.719987558929214
6089 -0.08565707899743025 3.938982706734083 5.516040760361148
6090 -6.078518787051138 17.75528546678154 -4.336008297331238
6091 -5.564319837205222 17.75528546678154 -2.95719812211206
6092 -11.90706049013795 7.165235711793581 3.161183885521406
6093 10.19097219924934 1.692650332019538 15.54540094638866
6094 -15.50285739146279 17.64209661700595 0.1541481050898164
6095 -10.23654473941741 1.894510439913931 -11.10947172405527
6096 -15.99494362303596 17.64209661700595 -1.210419740303694
6097 -4.25369742624695 14.2032479763949 5.306977088002197
6098 5.470966407893836 1.175021408030146 5.272061596463932
6099 5.550150362585992 2.902208426727173 7.099894341790284
6100 -1.110456980100279 3.124841190290506 14.28220105498857
6101 -12.63083843737922 17.80964480621614 1.289139915645175
6102 -1.520356169915053 17.52247003079047 -9.039157641346579
6103 4.882463195087475 10.02678737763727 2.935522075548149
6104 3.348200383466725 11.5122492761192 3.249767131644409
6105 -16.72154099686152 14.8003532250232 -0.1483088092709474
6106 -17.3988689145979 16.10321925206997 -0.4593842341327223
6107 1.320777985009254 1.370314798369031 8.059802606974086
6108 -10.77427113693541 14.40551642774521 -8.021027513732944
6109 -10.61470315923863 14.90611229480606 -6.573538190499106
6110 -12.13418436483497 13.97149275747284 -6.438430618399972
6111 5.003779771228468 9.784015484356528 0.8336462230054255
6112 12.44876477621844 9.976849864516554 8.921254618863777
6113 13.62983966847482 8.847132114959058 8.017852028429019
6114 0.1859865567498097 1.420286627997233 -7.417597893074575
6115 -8.345708444779161 4.982700885304647 -14.96565932149855
6116 -8.415408410603321 3.312971809091053 -13.38327052105362
6117 7.370364307414863 8.495392246285434 1.072280182526555
6118 -5.226586956397331 7.57272401526117 6.494396934389512
6119 10.66112815621949 1.436322303915255 -10.77957836616496
6120 11.68076087767841 3.535007714525278 -9.544938754705136
6121 10.58871370060114 3.382628131590091 -11.20611120781524
6122 10.96219197121868 1.707629569633103 -15.16782296663378
6123 -1.937449728456115 1.744221527929112 10.97763615875449
6124 -2.771260683277472 3.045309130728278 11.32323901946237
6125 14.44333146033465 9.299190239220547 5.465737249298044
6126 0.2760116375345655 17.54977094701184 -14.31438311256026
6127 0.08901870880106651 17.94671349928989 -12.52041830673619
6128 -6.233811573782727 3.602562576065803 -11.19116762203092
6129 -5.902736190793334 2.11110479163734 -11.94580418187743
6130 -14.26509946328836 1.548986780434017 -3.259342418661882
6131 -9.95643411772862 17.48514721562172 14.68558978762215
6132 -10.1189386061269 15.77100618054335 13.93772553563818
6133 2.439850077676939 6.65205763995332 8.170451591348062
6134 -7.979890357779592 2.09447025734885 0.3818642487132935
6135 -6.205506928105184 1.710292297801385 0.2345442113446627
6136 3.88799581166669 17.51890917927575 -9.955369730624389
6137 -15.63500147507149 15.12771677626601 6.407008812589941
6138 -15.80636355432794 13.47208856841829 4.922964870669237
6139 -9.351045140832179 5.790411295003977 6.974090200254341
6140 -5.713205595541215 14.19455492361895 -5.095990440265067
6141 -9.599788475615332 5.599739907180602 -11.10366175932396
6142 -10.75814439611233 6.833884879186672 -11.95834701440886
6143 -10.34259318370845 5.023165851833931 -12.98258307726904
6144 -11.77561575910513 4.553196024980361 -12.52254659335899
6145 -11.03281105101201 5.129770080327033 -10.64362527541391
6146 0.0848568477353322 11.47231278376328 8.222366404933574
6147 5.142189889579893 1.660501124223503 -8.009328989453291
6148 -6.468832245184539 15.56141531033363 6.561224441164411
6149 -5.733160353527684 17.50821599855314 7.168754705568807
6150 4.562782355227343 2.059000835687377 -12.77328515115498
6151 -6.729021923311674 1.728436501037115 14.88801936718508
6152 -5.86146434829147 1.977048233447864 17.15342270635205
6153 -7.746754531577267 1.894510439913931 -11.56100243890862
6154 -7.870143325350664 14.98102178023144 -0.791237906854132
6155 -9.073581118542535 13.65385415054422 -1.699030768199124
6156 -9.690445503877724 15.72185260471147 -0.2095686617915883
6157 -3.369136706078735 14.42376428698621 3.092499639184717
6158 -2.058818870380386 3.298211693894427 3.11819787067107
6159 3.84347972377634 17.34170541015931 9.331444889058435
6160 3.298592885021024 17.97016169260201 11.14645781058785
6161 -1.175233660770252 17.54977094701184 -14.55811797480982
6162 4.646313394549548 1.500400655128586 -6.469426785938786
6163 1.369700681238523 6.437443076087362 -13.20781239789098
6164 -9.27778081371795 12.43270834564794 -0.51063967934924
6165 -8.074343020526079 13.75987597533516 0.3971531819957521
6166 -0.6079383327559552 4.526983216310455 -16.62471311627998
6167 -0.7807693758595364 2.021611973991099 -15.97472501924241
6168 0.5492446331620698 2.505371242319356 -17.78046873453302
6169 1.364829600851255 4.354571159218023 -16.64173820589807
6170 1.191998557747674 1.849199916898667 -15.99175010886051
6171 -2.631499583273353 15.6142846483886 -14.93706724723891
6172 -2.574042756650794 17.90995394249831 -15.06572681625148
6173 14.81187790743517 17.51265860423756 -2.293479815301649
6174 -9.500720506613934 9.798212542484066 -12.07281039135171
6175 -10.34382254500838 8.264523729375366 -11.97853747049045
6176 -10.52170177410504 13.22243577100313 9.617082966868164
6177 0.4814547473373492 12.91107110658535 10.70497716325827
6178 -0.4353814064508484 11.54892656831659 12.00519966479954
6179 0.4874943905762043 11.18937468520956 14.28840109200918
6180 -0.4287347140448725 12.83804730634229 12.88092758636559
6181 12.76874327140908 4.963486778489359 -3.555173768760585
6182 12.36429844044802 5.392281473352114 -1.625134800025878
6183 -5.132114827583113 17.85437893372307 -1.935500778699856
6184 5.818562353934251 10.88168741761361 6.02061636627884
6185 5.091969146570005 9.399570536266943 4.596518650463355
6186 8.896503864583892 1.827058597948809 16.26043935171758
6187 4.56268376944675 4.627727769536014 13.83482152449282
6188 -16.24717697780415 12.81399757846278 0.8065759351896112
6189 6.844362722661223 17.37229149735792 -15.94853469216818
6190 4.72069247818329 17.51303637379901 -14.37970825047246
6191 1.653257040716698 6.286770175407089 4.805477799704238
6192 -5.381593013832189 17.55866622841337 17.57314683253829
6193 -14.88342984403846 12.9046530388865 -5.117515394582036
6194 -14.72777709724319 10.54674011644616 -4.6756138729083
6195 2.119342195088996 1.917951193104837 13.03265871896012
6196 2.451953434720007 3.669412599773694 12.84886395362869
6197 2.955909698509635 1.751461406668857 11.19548880319168
6198 0.9783388064961465 1.461374576733329 12.04887564549869
6199 0.474382542706519 3.379325769838166 13.7022507959357
6200 -1.544683483981588 12.55488054976233 14.74507247925838
6201 -0.9514587317962355 11.14471072160444 14.81006980397297
6202 16.81117457404176 15.40536009515075 -0.7461419378075849
6203 -8.397629038110182 17.31954765482842 0.9760471058430866
6204 -7.006086048180055 17.85437893372307 0.3339280483696025
6205 0.6029590411812981 15.15159800165095 -5.276399222910737
6206 2.00222087548065 15.59739696379711 -7.002368487603007
6207 1.874067290812719 14.51580436724953 -5.661068166127873
6208 15.31453242014053 5.041245206606026 -1.813784079416384
6209 -4.059947849916973 13.03207636496643 1.798176419467188
6210 13.22673645481533 17.01061162319138 -5.57647963559824
6211 -0.1276833092174222 14.20929168174804 0.05273177841351087
6212 -16.92934512218979 16.91144859408458 -7.690555056726829
6213 1.019733046772563 2.971493822934248 6.268226895336193
6214 -0.2651833942621959 14.60141549683641 -5.439022927264021
6215 -3.22215301046121 9.460966727022914 7.698457606531557
6216 -5.338124035861496 9.161512837149349 7.773266562834817
6217 -4.608459998999318 10.89614747772265 7.539564803186094
6218 8.204314768062481 5.995350132153037 -14.21137009916336
6219 9.282371282549922 17.18158087419123 -2.177874337379702
6220 9.997061586444083 17.71001016116168 -0.5100463473893642
6221 15.80968654590459 1.284098347649599 -9.838201947907905
6222 14.70529689725139 1.48889684563747 -7.790045313602771
6223 15.37725060925436 2.772995193287069 -9.023032387480434
6224 14.27209892078628 2.720420651564854 -11.00144453133938
6225 13.16770927213308 2.925219149552725 -8.953287897034249
6226 13.60014520878331 1.436322303915255 -9.768457457461722
6227 -10.15875527517015 16.39329084283605 -5.799573892538571
6228 15.50269810100065 2.064662522881016 8.70198434256913
6229 14.67823371305019 3.657239059763335 9.302199478465093
6230 10.90537601830294 1.436322303915255 -9.328800812127412
6231 11.44141014571293 17.15706679976674 8.772641271256731
6232 14.97196345007303 1.468216767622194 -1.197485642593646
6233 15.46884613643392 3.348705381847282 -2.572555827036678
6234 11.41947928166528 13.49874837684498 -8.468664804940587
6235 9.693949756574849 13.62188104530623 -7.881193272864724
6236 10.18160078391521 13.93881783928133 -10.34927969107553
6237 -4.63315976111182 3.068496491495204 8.217871235248403
6238 -4.484862815550423 4.531739842634988 6.609579860246379
6239 4.135412053988269 3.251552644794909 12.44207472444496
6240 14.33157232412601 13.12413138830952 -6.277418872115174
6241 -0.9375412256542069 10.52064047279203 -13.66890794681352
6242 4.879109060072929 12.80530137317497 -4.578717207188703
6243 3.120595000534277 11.43214618754575 -4.643423330168572
6244 3.409647740613209 13.33741283346916 -5.757366278423655
6245 12.67281041018409 17.19180866118802 3.634863452019255
6246 11.22777310842634 17.74909473750531 4.527982130107613
6247 4.402282001276667 17.51890917927575 -8.577078227696054
6248 -15.66311263231561 8.845906819356259 -2.065453969442177
6249 5.433290528609531 5.013810044942959 9.152873834561023
6250 -8.088074258827483 17.58585896492163 11.77364194115015
6251 -4.765135858384861 7.640446877985778 15.22731935056552
6252 -4.026147689813775 5.953239166764382 15.14167918735772
6253 -5.704678298577368 5.324140182163527 15.44174801221195
6254 -5.626880628229888 5.773179697896482 13.58870842565783
6255 13.73427615996079 12.66182512701754 -8.548486276343581
6256 12.87462237518155 14.08540356648059 -7.878267498897075
6257 1.297491738324608 13.16678226861588 -13.65034848108358
6258 -18.59811475179963 1.5918952806939 -1.503843118620781
6259 -17.63783767564807 3.140882061127917 -2.709483602998978
6260 -16.86110857263476 1.548986780434017 -2.843220457161015
6261 -5.897747700853119 12.54838803910289 6.991186953065881
6262 -1.043870432630983 16.15972488951015 -15.79034795427112
6263 11.74109324581142 10.63587724550349 9.998931653594326
6264 -5.300477249997181 17.52642045582284 -17.93060001197103
6265 -10.28886688884962 17.89163557476144 4.636454537090478
6266 -10.9360319953889 16.40128038097758 4.520663683493138
6267 -4.153206940401025 17.59306722569516 4.404107401830236
6268 -3.893215391882677 17.91695904679441 2.945894121630952
6269 1.083602914731225 11.84535656742278 -12.83713273095852
6270 2.875936762555039 1.849199916898667 -13.76841348715741
6271 10.93593411713287 17.15706679976674 7.401033388456174
6272 10.29078742798383 17.74909473750531 5.662696763547491
6273 14.21793281059831 5.438997098622453 7.476406918570548
6274 14.16007659950159 5.142524367813883 9.105051964814262
6275 12.73881700090991 5.4341027749697 7.929322607742916
6276 -4.585654482624189 17.7915957408006 -9.661944922197957
6277 -5.745870405886239 15.73676079151625 -8.881077493409029
6278 8.729181825911059 16.13308409817796 -10.89818218122288
6279 14.67962972592981 17.86729711058934 -5.759569079565782
6280 -10.44883079371305 17.12508032344118 9.94349760550792
6281 -9.529605535881011 17.58585896492163 11.51406950937089
6282 4.98469381341306 14.30836452197837 15.42738200745563
6283 3.493187220525219 14.72331254333639 16.36932905391703
6284 3.227341697171352 17.83014767752286 5.940982107666105
6285 10.62783661892693 5.642580168961002 6.027950061423361
6286 10.31560368615746 4.797401479410893 4.683588869880507
6287 -5.431446504829161 7.817987711689923 9.434240237063925
6288 -3.487205569012425 8.223753261805292 9.24148198270894
6289 -4.744859488255765 8.680709923882279 11.32172329367422
6290 2.607543273463585 1.917951193104837 15.93502197317535
6291 2.3694280121419 3.820219255080716 16.73588543469426
6292 3.361585354306117 1.902268061975879 17.98487353847248
6293 4.291001892731847 1.500091238126053 15.52823274399162
6294 4.052886631410162 3.402359300101932 16.32909620551053
6295 3.29884455056763 3.41804243123089 14.2792446402134
6296 -11.02005987711378 6.672595593138914 -0.631987534642924
6297 13.94354556055634 6.891609638426126 -8.127935246456264
6298 12.79956324893592 8.102655127789607 -8.702265936780085
6299 12.44669903406309 7.339595701215303 -10.15919058572123
6300 11.8997815728528 6.629203883358567 -8.168322488275852
6301 -12.64339806318761 16.99383871811669 -3.393645367672847
6302 -13.69963327032405 17.64209661700595 -2.143495768756534
6303 11.22131568042269 1.788676347077404 10.67527611771824
6304 12.80835908912271 1.592576536882319 9.331271499004476
6305 15.7786135598353 3.874426629380501 5.291588276471893
6306 -7.735482862791453 1.286985390932774 -0.8525859878189561
6307 -6.977925678969138 1.418461369177122 -12.8163751377781
6308 -6.991605919921252 7.756274279905197 3.456407606584577
6309 3.227970558116489 10.18929979004154 -0.1520686864033558
6310 12.89471359672923 5.899686138751454 -9.138490406209357
6311 12.34779613551893 5.189294320894719 -7.14762230876398
6312 10.85094960902568 5.637280383683896 -9.178877648028944
6313 4.702071850360031 11.13759231101469 -3.485585735357374
6314 -4.769390623932298 1.476067091384006 4.537170459956141
6315 -4.660095373614314 3.715450123851682 3.951853202175426
6316 -5.013528209749953 1.476067091384006 3.085961489709041
6317 -16.01950308983414 11.89776551780837 -0.4219455927198598
6318 -7.226090393131754 1.601197185874948 16.9255178699094
6319 -7.063491538242475 3.329633686912064 15.84063559002858
6320 14.81723668254206 1.880488614225088 -4.592344683791136
6321 16.07402286314448 3.798331354744799 -5.309412220741426
6322 16.44131784694806 1.917842740519712 -6.266027902386311
6323 14.7286963134734 1.48889684563747 -6.26191805930566
6324 15.98548249407582 3.406739586157182 -6.978985596255951
6325 14.36140132966981 3.369385459862558 -5.305302377660775
6326 -7.062946849205989 4.95660611898055 13.15348735153021
6327 -5.912355541735747 1.42592704128129 -3.635540449661072
6328 -7.979580608218383 1.286985390932774 -2.303771512842732
6329 -6.289619423817828 2.712912432214063 -2.623914421129935
6330 -11.40251845069033 17.70230494988305 -2.050114147521577
6331 -15.37485190288379 8.732016334118933 -4.299763356663505
6332 14.68208317423867 1.620886654074457 2.495216805780612
6333 -14.59156729491386 11.26181247701496 -6.309844358079815
6334 -12.76419542906598 10.6869239519215 -5.050313078662688
6335 -11.90367538828933 6.376352995177571 -11.06038089773819
6336 -12.92114675128212 4.095664140971261 -11.62458047668831
6337 2.997519660838682 14.79535480944852 -13.0078470202261
6338 -16.3266995955556 17.09422148514657 -9.076615180433171
6339 -7.724013095516293 12.69010765135655 10.24164293347215
6340 -8.14395531046836 14.53250987541641 10.79073388795019
6341 -4.690843709009984 7.683144632157647 7.990297194891733
6342 0.9852495470767101 1.917951193104837 13.98787174290938
6343 -0.1557538415161392 1.461374576733329 13.00408866944795
6344 -3.942285231448727 11.60699443916636 2.165896323013607
6345 -7.533767883911445 11.00472480507189 -5.531712009103201
6346 -5.906033141939425 10.8363247235777 -6.613253456970329
6347 -6.850836033589017 12.50384762567744 -7.255320931833783
6348 15.28641740843466 12.33331844807603 -5.290280320472919
6349 13.290913857423 12.59493587643717 -5.466131416770375
6350 9.896057758269066 10.79146770428109 -12.04236037542944
6351 10.54211540186475 12.17073993659208 -12.38547566985863
6352 9.922365790236185 5.553962483975878 -6.876320309317782
6353 9.366921257432054 5.305842676867104 -8.4597036958586
6354 8.918906694765919 6.745752239330953 -9.480403875370474
6355 9.474351227570049 6.993872046439727 -7.897020488829655
6356 17.93693238132501 2.007000449286819 -4.541849536097518
6357 16.78418748686404 2.007000449286819 -5.02546155189316
6358 16.41689250306046 3.887489063511906 -4.068845870248275
6359 15.96998157700303 1.880488614225088 -4.108732667995493
6360 -9.77466801071149 17.89163557476144 6.015265276445183
6361 -11.0329636311837 17.13048943112316 -14.92035146648893
6362 15.9249658435022 17.81072364568715 0.650514278682107
6363 17.10283888558209 17.81072364568715 0.787481366785034
6364 17.38536934509008 15.70342513660035 0.8130060823818157
6365 9.139365051618746 17.66173325558646 16.46909115584851
6366 9.280373034871399 16.03669803175604 14.66793095245478
6367 13.66336006657107 17.72133307453418 4.825250389347291
6368 -15.42548185295579 7.905574160739206 -3.19588714437102
6369 -15.13722112352396 7.791683675501881 -5.430196531592347
6370 8.391112477107221 9.728308492261281 6.305383036044594
6371 2.136014358082649 13.26160404511644 -4.703092873097377
6372 3.550867264875036 12.14181341831074 -3.221343743753627
6373 3.902043231935037 6.97174944337393 -11.38839077451676
6374 16.31157184939613 4.992956697062623 3.838697175041597
6375 -15.08239158737451 10.17724219472359 4.848513413212023
6376 -2.956228084847242 17.91695904679441 1.811178852218922
6377 -2.442037249802627 17.91695904679441 3.189990109442211
6378 -2.376724503207616 15.65379367174966 2.541146665364105
6379 2.527050309862056 13.90264996364231 7.728932834538266
6380 0.7220041300930931 14.06024214633379 8.827245451872688
6381 -0.02297285447073205 1.822144602510421 1.161810548227065
6382 -0.9037121187094117 1.283203001333966 0.08418520077148893
6383 -0.1539148143617273 3.089534111665374 0.1961619091377192
6384 -1.597233005000165 3.105347603844387 1.476199834700827
6385 -9.024133171101358 12.14925581051535 11.23528507916097
6386 -9.101018482718882 13.87796496002496 9.715144223263481
6387 3.853510928522997 12.45018145640928 11.12054219453763
6388 5.17340561503188 11.94505759649122 9.711559851145818
6389 -12.27262860352015 4.80591660778723 -10.37517079540565
6390 -7.291825590894362 12.4076229185533 2.422534251225068
6391 -5.969480251170655 17.50045483200664 -14.19093259925998
6392 -8.601251985288602 3.381455648281623 -0.05769524777934487
6393 -8.379443018453969 8.696851081716744 10.75148332966259
6394 -8.34904888400866 9.812431504306494 12.99088871311324
6395 -8.561359497875298 8.06856651076156 13.5767751054507
6396 -7.347160016122946 8.200204229431801 11.9179512234187
6397 -8.591753632320607 6.95298608817181 11.33736972200005
6398 2.363438469244511 1.917951193104837 14.48384106139326
6399 3.20000597266515 1.751461406668857 12.64667114562482
6400 -6.162208212416018 17.24516505071564 -8.270696630731683
6401 11.16143684996519 18.01613597565202 10.00728419520512
6402 3.961957760087837 6.664982077540238 -9.244429911790528
6403 6.555465721204797 7.334843946384652 -6.668867075220821
6404 -5.804397747956466 11.15370432887025 1.424005520052798
6405 -14.57657453548684 8.315481616479081 -6.662895334920056
6406 13.80572096404834 1.590477428748891 12.52029629919059
6407 11.32181671505024 1.788676347077404 12.14036529553142
6408 12.4295654540161 3.379153775826295 12.06684896491492
6409 14.01660886271611 3.18305396563121 10.72284434620116
6410 12.90886012375026 1.592576536882319 10.79636067681765
6411 -4.83055467528651 4.709575674577484 -5.204107278738881
6412 -8.786950892496847 5.428413187017666 -2.244553945039458
6413 -8.050999179488 4.117747614046745 -3.290396579407516
6414 -9.017766769549166 3.086159862568858 -2.80375363290565
6415 -9.753718482558011 4.39682543553978 -1.757910998537592
6416 -6.816032049277513 10.69265334570161 0.116643288804992
6417 -8.303459892215409 11.94657193538467 1.115172019977262
6418 -8.355536273777314 10.8296524726476 -1.019179856293179
6419 7.615514055463668 17.67496477616958 11.8293792124815
6420 5.205057724495544 17.80440200662617 11.92898365864874
6421 5.385513999724535 15.62573024970285 11.97803861177862
6422 6.64445046462901 17.80440200662617 12.13467347023129
6423 12.24208647171286 6.173607074548967 -4.805842842192903
6424 -3.928823119070377 17.62909572611236 13.48857802662273
6425 11.76442281137769 5.582170430959737 0.1537018280520629
6426 12.00747068004003 6.819789159073824 1.352068373261169
6427 -9.545379990344102 6.50646237293916 -1.336603121498599
6428 -8.148505998086556 4.683607719264927 -0.8708376072726013
6429 9.715625530807728 1.707629569633103 -16.0452172437137
6430 4.307889678676641 17.51303637379901 -11.9255392747513
6431 -2.764437256648347 5.330275937012921 15.57240278585079
6432 -1.936902888357857 4.636207064932128 16.89387026080433
6433 11.62543895613874 7.028256074565598 5.271624604622982
6434 1.817757624107924 12.78949439811458 -6.145983935936076
6435 -11.20552089246558 11.69076958823836 6.091747547402839
6436 12.61442955511569 6.656026603248104 -2.796402021140291
6437 13.04580257189346 11.57949339919962 9.248245906908222
6438 13.75347410230048 10.92046601821269 8.170568872177672
6439 1.455990470133462 14.63272444081051 -16.61502216479636
6440 10.1268940816364 1.788676347077404 11.6329055622819
6441 9.27177090963874 7.508811665905256 -8.02347922642933
6442 13.76529005688254 17.71026637300132 -7.001477166082685
6443 11.20381382389851 6.400339810258199 -7.721952999087801
6444 15.70770680330619 13.67546537763186 -5.28500689562816
6445 -8.536003509017236 4.911790810562963 11.98312042012495
6446 -9.643517559699701 5.832339829279853 13.31656347200002
6447 -4.514815614549763 5.352116237061534 2.597937609285488
6448 0.5896975529522932 17.89457269195548 -6.808577909524496
6449 -0.8614751119041569 17.89457269195548 -7.052744580678848
6450 5.778666647663318 18.00688575527327 -16.85882430052805
6451 5.546065777740977 16.21992212907228 -16.23095406050196
6452 7.545098189809076 17.37229149735792 -17.15659939912016
6453 -17.96066955607146 17.40720789895948 -3.624344655640055
6454 -16.35282389142478 17.64209661700595 -2.324961604430803
6455 4.447404092272177 5.207953910714953 1.136671739052813
6456 8.414112153522883 4.973315507990078 -6.363145736654911
6457 9.977387721110588 5.033412091955189 -5.274893106980619
6458 -9.555486851466419 7.21717219932344 12.90040050293399
6459 14.50865590853518 17.92264081577999 11.41919872997349
6460 12.92805479955122 16.638776791432 11.90335389895152
6461 3.698917981305445 8.569154032317403 0.8164734563351523
6462 11.19325450788575 5.181683574874294 -5.816398001945995
6463 11.35398610256622 3.676820429199357 -6.556750266179908
6464 6.946499442314867 1.500091238126053 14.72475120810452
6465 5.429302071426419 1.500091238126053 14.52508011803233
6466 9.600543908977976 18.06017979513868 1.993682472476404
6467 9.170250899837583 16.50927453264399 3.724721843109678
6468 -5.992831132230164 6.783930789752985 15.05422345306776
6469 -6.932373572422669 4.467624093930732 15.26865211471419
6470 -7.428897353206265 5.967357210837053 14.61900237894014
6471 -6.123404409013482 7.272912814802801 12.93905868988378
6472 -12.99841885071796 17.65002053040026 5.700799392497863
6473 -14.41056140193362 17.65002053040026 5.488942058184005
6474 4.888553597659813 15.84610741678547 9.397447814671477
6475 5.630356148851377 17.80440200662617 9.422668418051753
6476 10.84125488602185 9.856407684476729 10.84305528449366
6477 10.38595466033349 8.592491411209231 12.06322649589715
6478 -11.60244071701898 17.80964480621614 4.046761332192954
6479 2.151737956778459 8.845345150319192 -15.93705940385546
6480 6.733961951702277 11.95822713984387 -12.12120450009305
6481 -6.036839819544732 17.7915957408006 -9.906036263056279
6482 0.6123392724896699 4.993264038014471 -5.330389389335808
6483 16.49811334959624 12.86210835851655 0.728012116377232
6484 14.98349692805531 14.50108034453854 -0.01812982143035291
6485 16.31641662514986 14.08634522245312 -0.7461419378075849
6486 16.16539193059377 12.79348530117346 -1.65016711842507
6487 14.65077550905285 14.43245728719545 -2.396309056232655
6488 14.83247223349922 13.20822042325888 -0.9221550020478384
6489 2.728948238027209 17.8089615623686 -7.030623148388349
6490 1.684775575165163 8.643294726357691 -8.63475723003868
6491 2.883246312929236 7.501914192697445 -8.458893094594105
6492 -11.04358008058883 11.83658895347248 -5.168942002636441
6493 -12.82868552254329 1.424540613060361 -9.719569942417536
6494 3.520063874866319 4.512383052063557 2.827822943839186
6495 -2.394139505507096 15.3357934464992 -17.26727731833373
6496 -6.10343619191062 2.11110479163734 -13.36475148880591
6497 15.78502271725683 7.716253826384891 -2.185877448073426
6498 15.90137760494365 9.683882410808375 -1.573426823348927
6499 15.59499227646685 10.24172958955637 -2.864436671516704
6500 6.850247497087588 4.599551304897203 2.488744824708028
6501 5.750021174624885 3.844900940844212 3.603741517280362
6502 4.723119550612243 5.366608744967426 2.59598729476509
6503 5.823345873074944 6.121259109020416 1.480990602192756
6504 -13.85377009994702 1.817029366813544 5.598000349768654
6505 -12.08041272886062 1.673720402620332 4.777729996998834
6506 -11.85773425216134 17.92049460122769 -4.339861385736394
6507 -11.18516730146228 16.32279955111074 -3.902570434750924
6508 17.59406274140904 1.917842740519712 -5.782415886590668
6509 -1.171661799013848 13.94986939271161 12.08049842459103
6510 -11.66665608117219 10.3288026879242 10.73982284637123
6511 -9.802616489001755 9.47217191779033 10.1652986213591
6512 -9.368464371937304 7.060662069157929 -13.09912757540118
6513 -8.625659663844187 7.6372361245046 -11.2202062574561
6514 -5.807536292381435 10.95917590615377 -14.7514746496489
6515 -4.722259922398341 9.51664140013412 -14.48044578757964
6516 -4.119954380117891 10.97688972155705 -15.25961620079424
6517 12.82987417292183 6.73167364840717 0.1410577458379169
6518 -14.08642192731615 12.72707826950398 8.534467254341145
6519 10.9711977540633 6.545885983650551 -5.865765149564691
6520 1.449757917403405 14.51584405751624 -2.167394420052066
6521 2.514839335734751 14.40853941184361 -0.2130903857128319
6522 3.609838589758041 14.72829067296549 -1.572354840688226
6523 -13.93739646784534 3.533680253263878 -10.69621233920255
6524 -13.53326764776053 2.611691060342151 -9.583701676476043
6525 -1.972160051047029 16.4315979319695 1.222717581346876
6526 -3.102293167428454 9.999294686280351 -15.53284161935268
6527 -0.6344353888144844 14.03890605502419 15.8296397800085
6528 -2.287610568950564 13.66670263613165 13.94464331748382
6529 -1.930332870809277 13.00346909518195 16.21101240746621
6530 -0.5756171255382191 14.91959176855501 17.1355698948347
6531 -2.228792305674299 14.54738834966246 15.25057343231002
6532 -0.932894823679506 15.58282530950471 14.86920080485231
6533 -5.319909425364997 6.229198889801745 8.15537060861862
6534 4.509204146831709 16.78575879553613 -17.40675576678266
6535 4.907374644400525 14.99879516933514 -15.70132076053073
6536 12.7543836776095 2.134531047271795 13.17151135382852
6537 11.37822816757726 3.923207394349199 12.71806401955285
6538 0.3550000157012664 8.735856851899634 15.54521169284463
6539 -2.232926059118218 12.0145412302446 11.03636477803741
6540 -3.489288065464199 14.005706105818 11.50652483113372
6541 -2.841918459752458 13.03897575126626 9.930196151257181
6542 17.3786363358392 1.917842740519712 -6.902295198971367
6543 -8.09586107749708 13.49512190774848 14.4106675114389
6544 -13.47183813087069 1.746673086765211 11.93637140663925
6545 7.400682315454826 4.777085389432692 -2.067877073495063
6546 -1.043595264955411 1.837442232043225 -18.04485388753395
6547 10.76466154627606 14.08073388878837 -6.935162597822254
6548 7.775062835047071 15.7398313340524 -6.717241558238664
6549 8.741739476918834 16.25365058840212 -7.802488831609087
6550 -18.94828751193212 17.76112263506402 1.165656546673024
6551 -18.06963139837514 17.76112263506402 0.1297824645696048
6552 -7.067137459586219 1.857393946096266 -4.750466666509896
6553 -8.640502887467084 1.799174471636085 -3.815379661436787
6554 1.64650240363152 1.658086867436775 -4.952923264948675
6555 3.51162622151146 1.500400655128586 -5.532514709724021
6556 -12.71208991079269 5.587447713635496 -0.1733352345942657
6557 1.561579839980579 6.04043592629504 -16.43665171285328
6558 1.84153807089912 7.404015055871332 -16.02346034695219
6559 -0.2939709832419105 6.167096945687005 -16.45167029593187
6560 -0.01401275232336985 7.530676075263296 -16.03847893003078
6561 0.5455331804730179 7.196790387343333 -14.45786517721457
6562 4.278801626052683 11.15098887049029 15.31725527949933
6563 6.417728701193319 13.58669795060185 -0.4201344072778568
6564 5.178342294893098 12.62594097155125 -0.5828647462850824
6565 -4.349018310463607 3.186359389185391 2.282342736600691
6566 1.848534422664083 5.687793596633119 -11.35918351245195
6567 2.280040039388028 6.407762524200089 -9.960052006061485
6568 6.479402114811171 18.00688575527327 -18.06688900748003
6569 8.768172423737102 17.18158087419123 -3.556685056317919
6570 14.3472176881379 10.19998721767461 7.080343878530153
6571 -6.627411737715295 10.81375339852959 7.224888712714604
6572 -6.091668490327949 10.92417401542606 8.720788973216823
6573 7.479970576093248 12.98607716731741 -1.257908857026579
6574 15.37599497465726 16.02338224992471 0.06686414457423084
6575 4.942574203433362 1.366465960733975 17.94490235813655
6576 5.633875480537408 2.866557198860028 16.28912502517459
6577 0.3487829413436934 5.510925620266315 -14.66295167025936
6578 -2.467559281008641 12.91443243286936 12.46187105204874
6579 12.34674601938788 17.80532921872658 -14.03538311061079
6580 10.25909646696835 17.58503020508493 -13.22458080756986
6581 -10.95075874347156 1.388622014020929 -2.416715406745488
6582 -8.870199159231261 1.286985390932774 0.08439871104024887
6583 0.267691682444001 1.658086867436775 -5.467122124727188
6584 -0.9486756088553159 1.420286627997233 -6.480752884187229
6585 16.44487828128291 14.75951041990612 -1.944077453161178
6586 -16.28310071195328 13.1526489305698 2.319606452493868
6587 1.665059869230629 12.52321606534369 9.04800804273272
6588 3.17651044637805 14.00397692202 9.493152959166149
6589 -6.087858049228974 3.351419735887143 8.73252507998116
6590 -1.508958193397336 8.849154765062654 9.187371016921578
6591 10.48766921500935 6.355885286136166 -1.695781907296978
6592 12.01455392604536 6.845915560855728 -1.01756539306235
6593 -10.46553286671985 17.70230494988305 -3.184828207293769
6594 -10.92074866819086 17.92049460122769 -5.474575445508586
6595 -9.564638601854513 13.87698068639458 10.69267263155487
6596 -7.984065717750505 5.081450518620177 -10.66465619485958
6597 13.58567213602155 10.77383128406976 -2.358716819850753
6598 16.29385358672681 13.46665049862646 -2.848102633778664
6599 16.40686217170157 14.24792540000401 -4.114405459607641
6600 -4.025238321572377 17.90995394249831 -15.30975735025202
6601 -10.85337527977142 11.20298015029995 11.61721204002619
6602 -3.309339353406122 14.75797630908029 12.98929709656881
6603 -2.166198154512594 14.67187517888524 10.62298767603418
6604 -4.251022655875214 1.664883620173873 -18.04758219567012
6605 9.396557212308059 15.67166507645874 -9.335991038727419
6606 1.020807576043555 4.324729972841273 16.60606654627431
6607 1.233128048313017 1.917951193104837 15.50488946860074
6608 0.6385496930572038 2.406778779736436 17.42492214547792
6609 -0.5640319467632433 4.070245393293614 17.18601680532718
6610 -0.3517114744937809 1.663466613557177 16.08483972765362
6611 0.03054640849257018 3.581417806662015 15.26598412845
6612 -4.567303598453569 11.07614288356451 9.265916483347727
6613 -8.979295770794884 11.05104614546182 -4.464079527531044
6614 -10.5637013169427 10.61645350447964 -5.979681088728807
6615 4.860859722589923 15.04798738379806 -4.311316769026492
6616 -16.49386710889151 13.8841211643688 -1.376830337180418
6617 6.603457714814943 17.79322614356256 -3.067919945116636
6618 -13.05868380886878 14.26266365819896 -10.08183207162535
6619 -13.21177024107986 12.3377093404024 -9.271987687255821
6620 -11.43413502467227 14.02475414676112 -9.487784082709226
6621 -12.53329977521419 12.74762033662638 -10.48231983490116
6622 16.10252854410806 11.76434364162288 -0.4466421287283321
6623 14.43688742801104 12.11045570636521 -2.096809247153403
6624 1.987170129155549 1.902268061975879 17.55474103389788
6625 12.96527157627728 3.727107584154114 11.37405940083908
6626 -8.313416873493001 10.2377501377621 -12.83781255150626
6627 -7.766838887712422 8.930838514624661 -13.88432019163732
6628 -8.954142520833354 8.491300919346624 -13.11931803148277
6629 6.852492204657901 7.177465726807068 0.03884781315075199
6630 6.06550251749184 7.280530794246308 1.055107415856282
6631 15.48875325068518 8.506640431166703 3.668582781251834
6632 13.6377844725842 4.386517823549687 10.23147991690121
6633 -6.477633751607135 4.175967088506925 -4.225483584480624
6634 -3.704062454615555 14.29472856425706 14.75634534791597
6635 -2.349346709344498 16.21085123763012 15.68090283528445
6636 0.9309431883329867 14.83208938266135 -13.77329757141764
6637 -3.339210875215259 13.65096910209127 16.34129638087897
6638 -3.121087692609655 12.19484670935614 15.90482276026739
6639 14.83371803697836 2.309283309087842 0.1995877894442534
6640 1.997054496474406 4.522514586264919 4.042501357624921
6641 11.79907087479482 4.344899600173674 7.05700301829958
6642 11.48683794202536 3.499720910623566 5.712641826756727
6643 13.69094370450585 4.953407866182325 -8.308676981128304
6644 14.73977566833296 5.945331365856998 -7.298121821375211
6645 3.376369374066478 7.507420666687771 -4.98251328585636
6646 5.715062506688325 1.175021408030146 6.72324611360971
6647 -2.814601439561645 14.00201531526512 0.3473709406710686
6648 -3.067628244696603 12.15661905941849 0.05142015248048404
6649 3.201552305647799 1.175021408030146 7.146071368135901
6650 2.387175887963192 2.545336206399177 6.728894259711821
6651 7.83400736808891 7.147080088103936 0.01874287971729016
6652 9.267159008259954 17.7055966953091 -5.167753717056334
6653 10.37999691945927 17.75480357746847 -3.279717199122628
6654 -7.566274552611363 9.557556279749106 -2.618741015784834
6655 2.957443488650272 1.175021408030146 5.694850667958999
6656 1.076669168011727 1.370314798369031 6.608581906797184
6657 -5.090221727229618 17.59306722569516 5.538846986238227
6658 -1.098748274157948 11.86016782500493 9.879335525459126
6659 -9.12556525061278 1.894510439913931 -12.07520129732157
6660 13.92169750848415 17.80532921872658 -12.45509511554793
6661 -7.178625680086423 1.418461369177122 -14.23532244470657
6662 -15.23841579206645 10.08620880836756 1.903318438815245
6663 -15.27369580656086 9.093184026666506 0.7365487117838035
6664 -15.91331085343507 11.37021646275769 0.9573619482137248
6665 -15.94859086792948 10.37719168105664 -0.2094077788177166
6666 -17.90106067346522 17.29395096876463 4.264016164491522
6667 -17.95835438310703 17.99010668037339 5.667119056117444
6668 -16.36298550365045 16.34012721077365 6.440879461569629
6669 -15.69994529038592 17.65002053040026 5.330571562912835
6670 10.89419577827209 17.75480357746847 -1.900906480184411
6671 -15.93474941703148 3.834532279431328 5.826574733666379
6672 -17.05591790349837 2.017502912617784 6.302896094973251
6673 -16.78178655117509 3.521590268908749 4.422732460157775
6674 -15.77519067502767 1.504087356290966 5.108858016797802
6675 9.677388179774415 17.58503020508493 -10.77697241915493
6676 -1.26466841573078 12.52534985786401 0.4643005560520674
6677 14.99779900130258 14.78709579354723 -4.470562232459939
6678 1.448371985953873 7.862562117887935 -5.366924252728413
6679 6.018791728389441 2.136475973259345 -4.153495415895694
6680 -3.204893174382598 8.767626501546815 10.62095366060896
6681 -12.96101719611922 10.71161008969573 9.667731976590725
6682 -7.653375668919487 5.038151130077 6.962004580620145
6683 4.336251749190433 1.175021408030146 6.209047277038692
6684 -16.49253890750417 1.382557475987729 -9.398162135322641
6685 -16.42215927777669 0.856842389762233 -10.32378292619567
6686 -16.10856951179589 2.569707923269519 -8.791974326120727
6687 -16.03818988206842 2.043992837044024 -9.71759511699376
6688 -15.40022227722453 1.18715044728179 -8.565766307789964
6689 0.1906776413533485 4.598739890915298 12.05557473777101
6690 -1.984495129944201 15.56709177546433 17.26585386824745
6691 -11.34608589937762 4.498462058627935 -1.356656034871701
6692 -2.571582422504784 1.420286627997233 -8.446136287880893
6693 4.088647454853211 6.414259557655893 11.85915482218554
6694 -16.53985700788545 4.148885548080173 -2.205359371041344
6695 -17.22294648504035 3.673180163410603 -3.576603885477813
6696 4.591440359880115 7.392467674954668 1.268187569266995
6697 -9.779144301960052 2.168227767762914 -15.48144591646762
6698 -9.633534908149823 4.062738207676844 -13.97293086306904
6699 -9.32984665702168 1.894510439913931 -13.63641287558272
6700 -8.561017804413551 1.418461369177122 -14.8917855744522
6701 -8.864706055541692 3.586689136940036 -15.22830356193852
6702 4.42351674580302 2.766068898394002 4.139817242712272
6703 -7.257902797219028 11.26024189989152 9.752237977088923
6704 0.1084916961544914 12.92708396865487 16.63006894178306
6705 -1.082263125645886 12.11846158282907 16.32387929458424
6706 -3.459765278885458 15.31443199005893 16.77162578385341
6707 -6.502396052630711 14.00974321955568 -7.983887160084503
6708 6.079012539000217 1.293629675223967 -2.925007192118353
6709 15.77506486975208 6.985281608644532 -3.00362567240614
6710 15.40272178634925 6.502862079945395 -5.013066493458752
6711 -5.264028124710169 1.484561937500254 5.949751257386437
6712 -5.845117289672181 3.252047119392447 7.022385998779087
6713 -5.154732874392184 3.72394496996793 5.364433999605721
6714 6.700255679517152 15.12188377210412 10.3049652354622
6715 4.715501369154424 13.82961535470789 9.801466986343181
6716 4.026563157028386 14.46667351848686 10.71652302286593
6717 5.56555407980476 14.29231195117475 11.02483705004296
6718 -9.439120840427716 17.77279624160836 -5.081831665081416
6719 4.343666758904497 16.47456369922818 11.2124607362009
6720 -8.305536901979297 13.85511986183691 -14.25479642166444
6721 -1.862508215267357 2.021611973991099 -14.75818521796726
6722 0.1102597183398535 1.849199916898667 -14.77521030758536
6723 -3.154734069632399 1.42592704128129 -2.607142705336322
6724 -2.282523025584225 1.283203001333966 -0.4300137827395586
6725 4.265832655912695 3.329499120679262 -11.97737149521699
6726 3.447340300358573 1.270498284991885 -11.88789373815128
6727 -9.998125977546151 5.204310301955855 -0.5234607620053422
6728 16.20575499011202 15.32296380526331 -6.455234891237958
6729 13.69593042474419 15.22327022742894 -3.38344760787491
6730 9.584909750013228 1.610671642932677 5.720511448650038
6731 -14.50919554867412 1.548986780434017 -4.710526957312176
6732 -3.694914043032284 14.78183309894484 -16.79882077124432
6733 10.04251981731571 5.063358816161613 -0.4019281829833156
6734 -8.356736398004651 1.418461369177122 -13.33057399619105
6735 10.00874451066749 4.828899386551313 -12.99697672967595
6736 9.275118104536496 6.435477394267036 -13.3215193403394
6737 -7.417036813347304 7.443979306238839 14.24188602672183
6738 5.896302149803138 8.607329126993793 1.285360335937268
6739 3.97463343964551 8.727808866569877 2.275789012047429
6740 14.9289684363956 4.433148865316955 8.049697656188739
6741 -2.744536950116028 6.971854712777379 15.74172021905299
6742 -2.666739279768548 7.420894228510335 13.88868063249888
6743 -1.927751111197462 5.733686517288938 13.80304046929107
6744 -15.27468931559575 17.09422148514657 -10.05532839669947
6745 -13.26651690057303 17.41989873416685 -9.719503173284664
6746 -4.611017186209144 14.51421057619559 16.17978689005854
6747 -6.16754734717918 9.595580723288837 -14.65319237824273
6748 8.197903034076234 7.359324405996946 -13.7421297200949
6749 7.773808093742543 8.671835955194295 -14.28635859768675
6750 16.62961633824024 14.99597782704271 3.951667414951179
6751 15.55232245138336 16.23205672022133 3.550379732517235
6752 17.02748363256246 15.08536839819568 2.027299847197575
6753 16.63498558596051 13.56306649280952 1.942305881192991
6754 15.55769169910364 14.79914538598814 1.541018198759048
6755 15.15982440478141 14.70975481483517 3.465385766512652
6756 -14.61723588977732 17.48800857196758 -11.33474455568725
6757 -13.31023804753115 15.60790730613443 -10.702537701836
6758 0.2300214137404282 10.20571939000841 15.46946238371267
6759 -0.3334726210945438 8.631743448067443 15.96466654898428
6760 -1.208931708632011 10.16105542640329 15.99113109567646
6761 -1.521599459037184 8.281614041637782 14.42954604767853
6762 -7.104101263818611 10.58872038300221 -14.15938846212568
6763 -13.75792970422483 11.29322075924187 8.572995865758633
6764 -15.82219709799378 8.230984120426619 -0.7283646829854925
6765 -1.654724766303071 1.987431416827861 -1.586459966089044
6766 -18.46491275550754 17.29395096876463 2.710858147063933
6767 -3.634719022358131 1.476067091384006 3.600159519158622
6768 12.40281806639334 4.668743928874029 -5.546195106426817
6769 -6.76770993890765 16.2280817083899 -4.905102794029272
6770 5.265491526099997 4.033199713630571 15.71898692600249
6771 -1.804755912961684 2.100855097126423 -9.245547822647902
6772 -0.1295196157538477 1.584434335721242 -9.287381648684619
6773 -1.756295477700722 1.337053138945324 -10.56846269852092
6774 9.427596340638701 17.73401878568955 7.067615826971112
6775 9.93307236921876 17.73401878568955 8.439223709771669
6776 -3.703416799208633 9.965508010429655 15.61397952307636
6777 -3.542198367306016 8.950206206846183 13.91514517919106
6778 -9.84881358011642 17.31954765482842 0.7319510105988947
6779 15.02254121186301 1.880488614225088 -3.179238803119538
6780 16.04144564955845 1.468216767622194 -2.116065628009965
6781 16.98888601469847 1.468216767622194 -3.04555949288592
6782 15.97250107153568 1.806176894969713 -8.897490711849329
6783 15.54006513488545 3.295073740607183 -8.082321151421858
6784 -9.437135034223729 17.70230494988305 -0.4272074289014324
6785 12.7123429704584 1.889049267690889 6.263687114640165
6786 -14.70080723409063 1.504087356290966 4.194158076260049
6787 9.636924041247394 9.351301314827214 -12.20580221449226
6788 10.6812892555983 7.803961864296454 -11.95212723821161
6789 -2.794278375554515 4.395936205927823 0.686656930325557
6790 -7.622623104040571 14.21206569844576 -5.597717758347196
6791 11.67347115443038 14.83422280655709 -7.290006176662606
6792 -1.529399060622118 7.790321542105131 15.87981845284603
6793 -3.619996037653496 8.501166691113227 15.76818476574518
6794 -2.404858148159586 9.319633520440979 15.90628299953822
6795 4.046897088512774 1.500091238126053 14.07705183220953
6796 4.87559167606616 15.55314381801905 -8.503792719857996
6797 -17.60458847131727 17.99010668037339 6.901034260106988
6798 -15.34617937859616 17.65002053040026 6.564486766902378
6799 -15.91813572909081 12.6445860506924 3.626067539093333
6800 -3.398830175980032 1.42592704128129 -4.05832726138814
6801 8.828820622806591 11.93872575312283 9.327827132540135
6802 12.78836651464112 14.57002128803599 10.12817738890024
6803 12.50839321889338 15.42909046392127 11.36282031284863
6804 4.216150864347102 12.58108775771497 15.67377133501607
6805 0.9222691322658364 5.703681071412539 16.18189204232163
6806 -2.083390238835645 1.420286627997233 -5.543767200857531
6807 8.984439115498155 17.84805389309303 -9.245371302196332
6808 2.474311239528085 7.214744043596493 -6.752374030513893
6809 1.857307059355024 8.149732266988885 -7.073443316808626
6810 -9.33625027435383 10.87491494936818 -2.646160322531805
6811 3.426157107144561 16.02787074164435 -8.020962361919254
6812 14.29562798244509 5.453517053208921 -2.876957254525957
6813 -11.04114452011368 1.794334179000525 -14.79301753007301
6814 -10.89553512630345 3.688844618914456 -13.28450247667444
6815 4.247722892750871 1.591047490363855 3.082517524509487
6816 2.724713514358958 1.601179024565217 4.297195938295222
6817 9.776588570973232 17.74909473750531 4.283886044032215
6818 8.663558230039143 18.06017979513868 3.128397105350411
6819 -1.5084326626747 14.64533594646614 0.9694391077616347
6820 -1.083953106671173 8.691192888294516 16.06688040480842
6821 -4.826697889002153 1.710292297801385 0.74874209241295
6822 -3.417237713157612 1.283203001333966 0.5069718790277542
6823 -6.670108893462331 17.50821599855314 8.30345312469937
6824 -8.078570988109053 12.72488715041577 -6.371682056307732
6825 4.597135242264878 14.11688623197695 -7.198171929392892
6826 -7.050950842303704 17.77279624160836 -5.972448898018741
6827 -7.274183123082265 15.717961292324 -6.326283986597916
6828 4.890431392568534 1.500400655128586 -5.018300951743758
6829 6.025146559605963 1.500400655128586 -5.955288124450355
6830 -4.896636052545015 14.11839674925288 6.936884807332776
6831 -16.92177901432572 15.27778253605681 -1.581847854153711
6832 15.89754418824755 11.07774220317224 -1.629769542907836
6833 12.03991564830115 1.436322303915255 -10.26531722544769
6834 9.420090153426544 16.18311352319486 6.285129845215103
6835 -8.815486197350634 6.995482418413182 8.278935572986196
6836 7.540443397454474 17.79322614356256 -4.202634578813399
6837 -6.21426122162014 9.806299764641146 2.048829469850188
6838 4.826361938329483 1.270498284991885 -11.37426045348141
6839 3.814539253058047 11.53943907466508 -0.7165816431903748
6840 -8.558022872804095 10.71939005905032 10.74588012277775
6841 -9.772222354556446 10.58775234038008 12.40470400480975
6842 -8.815159182305923 11.24229725577153 13.48029366949646
6843 -8.700418578799191 18.0317057231539 -9.242907293160759
6844 -10.00240730277946 16.15160445732074 -8.894616526684199
6845 -10.65753033434659 17.41989873416685 -9.435587085909976
6846 -10.51879314889008 17.93945901239271 -10.86667987028869
6847 -11.82078187287035 16.05935774655956 -10.51838910381213
6848 -9.863670117322952 16.6711647355466 -10.32570931106292
6849 9.590831479113259 15.12811270580141 1.380757161185464
6850 0.3312436353006234 5.174918065903633 4.270559278012644
6851 -13.12777971511652 17.93945901239271 -11.15059595766338
6852 -13.17150086207464 16.12746758436029 -12.13363048621472
6853 -17.38376465162411 2.017502912617784 4.922165567234462
6854 -16.10303742315341 1.504087356290966 3.728127489059013
6855 8.653889018255711 14.19410396654725 -1.835649256709257
6856 10.3375560860061 13.30973546570626 -0.7110986787397944
6857 9.025885212236716 12.31316152574652 -1.722298558097136
6858 1.18926707046277 4.966613638272605 5.656804734201694
6859 7.47532847498157 16.12970540322264 3.753235654419067
6860 7.130390786308586 1.344972961983359 3.558399445624246
6861 8.662507202435229 2.955644604916035 4.035751870683465
6862 -13.08706486457278 9.446641080823325 -6.040446548348657
6863 -1.482826516950601 6.348891483025918 16.17244381754607
6864 -3.88391388288263 1.58393455399495 9.625242911239372
6865 11.47702253742915 14.7318031301563 12.08356335279739
6866 10.84601456079941 14.67813380048451 10.59126618676787
6867 3.360458823022089 17.53627626443472 14.2281514385175
6868 3.810118175089892 17.97016169260201 12.52062651647838
6869 9.542168546795832 17.67496477616958 13.3804901409241
6870 -12.19725017124725 1.794334179000525 -13.61961439192034
6871 -10.48595230815524 1.894510439913931 -12.46300973743005
6872 9.337766539149216 15.33361774112997 10.40764123602938
6873 10.14281425026641 17.66173325558646 15.36477212361368
6874 -1.98006382220424 10.67710986580021 10.31797414434059
6875 -6.826674695968042 12.14733246210808 -14.58850816921405
6876 -7.037004193881312 14.40789876849924 -15.16310013636582
6877 3.016513123182446 1.700201154878137 -18.67177187804344
6878 1.600486593921689 1.700201154878137 -18.10363428952471
6879 2.416071561610874 3.549401071776804 -16.96490376088977
6880 2.608025087008431 1.849199916898667 -16.55988769737923
6881 13.08338070642452 4.443675311773669 -9.656688595506893
6882 12.63536614375838 5.883584874237517 -10.67738877501876
6883 -0.4920465169038666 17.88175551151776 15.6031553995068
6884 0.5876659724799984 16.11803177595248 15.69714217889364
6885 -1.192818988043043 1.420286627997233 -7.931810628041559
6886 -6.958267172994793 15.97687077386954 -7.973837297509707
6887 -6.73503489221623 18.0317057231539 -7.620002208930532
6888 -8.361211497319534 16.50450196476226 -7.054383423023191
6889 -8.502135629171342 17.77279624160836 -6.216543509017795
6890 -8.186219679083868 18.0317057231539 -7.864096819929586
6891 17.4357969407559 3.475217216909012 -3.005672695138702
6892 2.900507367411107 2.776200432595363 5.354495656498008
6893 1.590000647459643 1.601179024565217 5.23418330358337
6894 16.06594634289287 4.461458982509093 5.040752414409178
6895 11.61039388173371 6.83488439340186 -11.34532363499524
6896 -7.62682141786809 9.159148115057002 3.504764289722465
6897 -7.701689064558035 11.0602183543242 3.047358201022457
6898 8.021009117488113 1.344972961983359 1.170229821297583
6899 8.892022507061814 3.135444656273077 0.7504638162233348
6900 9.326232659118688 1.790471694289718 -0.4671450816733465
6901 7.701924648860224 1.293629675223967 -0.9596380824329793
6902 -1.157687709175405 1.822144602510421 2.098796076911545
6903 -2.038426973414085 1.283203001333966 1.021170729455969
6904 14.57032910087919 3.833886746801115 -9.065037737836006
6905 -9.949211907120073 2.675607404953703 -0.8908905206457038
6906 -6.480292970847339 14.90663917611867 -5.010949773872814
6907 13.46517741241111 3.7813122050789 -11.04344988169496
6908 -15.67985059584182 11.15821733489552 3.806415957683492
6909 -15.94923458758421 11.70886781486471 2.470392465517982
6910 12.08242569537918 11.9766310826911 10.84384206434582
6911 11.18258733558962 11.19716152166434 11.68796569524515
6912 -1.002903226560196 17.88175551151776 14.22579293634609
6913 3.110966818972686 13.70744269752931 -2.93538839171384
6914 10.17865531746926 3.142084625389848 4.12839841689803
6915 15.85952661889029 12.9159062187308 -4.08297642461188
6916 7.379306493695443 1.827058597948809 16.06076826164539
6917 7.275354580994703 13.85513494915264 -2.438518877794391
6918 6.047625554712075 14.46678021852396 -3.084468400289871
6919 5.147895280172161 18.00688575527327 -17.9363890667539
6920 -8.210133717492756 8.719679716292935 6.017389979482925
6921 5.62956980310178 17.3342346387433 -7.269372025361488
6922 7.08077679307454 17.3342346387433 -7.02540939536952
6923 5.5750375494521 17.79322614356256 -5.825407927833787
6924 7.02624453942486 17.79322614356256 -5.58144529784182
6925 -10.96303538598541 17.12508032344118 8.564679390176298
6926 6.080874382127934 1.366465960733975 16.94174973217725
6927 0.2567981005744565 1.241702051863447 -18.52452431500886
6928 3.042922049848406 5.279463423582379 -9.168790974261736
6929 -3.656506103193126 14.51325174070218 9.955457668135416
6930 -10.58355630106238 14.43579314389721 -12.2214367238648
6931 -11.7100484372174 13.20569243619909 -11.61274258746906
6932 2.31145583353973 6.315212889955229 -5.377066093832584
6933 -9.896312107520899 11.8575250656914 12.69280170471289
6934 13.07167854127683 14.11029911690398 -9.385222484593557
6935 8.48839098831105 4.136169548706564 -0.3262165036706777
6936 -8.72229865564 16.06646847738463 10.74310367952035
6937 9.537157232522144 1.531412982457172 1.262876367512148
6938 15.26529535326942 1.284098347649599 -11.38228565993842
6939 13.05575401614814 1.436322303915255 -11.31254116949223
6940 15.66601480236453 1.48889684563747 -6.898185355890716
6941 6.089258854045132 17.79322614356256 -4.446730663868948
6942 -1.943216160408754 17.88175551151776 15.36035707921438
6943 16.72327831248024 15.73173798675082 5.204740001832925
6944 16.28470958652889 17.72133307453418 5.208113781767286
6945 17.853532741948 17.31040491221664 4.938106483329372
6946 17.12114560680246 15.82112855790379 3.280372434079321
6947 16.68257688085112 17.81072364568715 3.283746214013682
6948 3.582032906831735 4.451059668609355 16.12577615518622
6949 16.30170538926669 4.599662203046846 -2.855264202212423
6950 -0.2500137614741492 17.54977094701184 -15.62463115353034
6951 8.75296015023034 17.7055966953091 -6.546564436084755
6952 7.720530581397391 16.19882283887165 -5.273277460710963
6953 -6.405114652692136 1.664883620173873 -17.46648839119828
6954 -7.277273002502442 1.418461369177122 -15.58281220030236
6955 9.793145284026352 15.16719728214505 3.661164200829401
6956 0.9711251270743844 8.78198850366892 -15.5072417658398
6957 6.501807976026108 1.518038434624222 -7.006098643775614
6958 -11.58991968076925 17.41989873416685 -8.291063603330104
6959 -9.632807925221856 18.0317057231539 -8.098383810580886
6960 15.92937858604547 5.292741783885787 -3.762397420026434
6961 13.92328489904226 4.971097524509783 -4.886398075578569
6962 -15.37857603956578 1.548986780434017 -2.323176669027323
6963 12.93559826693592 12.74339493213849 9.948847127868287
6964 1.331681029946198 5.055316507286807 13.03935781123244
6965 4.180135234180181 17.8089615623686 -6.786541667422746
6966 4.653444908969673 15.8431962011119 -6.713256159584688
6967 9.340813671246991 1.610671642932677 4.269326891638112
6968 -0.1099555753559871 5.782929811387404 16.46459036206891
6969 8.265105434242999 1.344972961983359 2.621413740148911
6970 10.65277712507863 6.421188531950348 -12.35650445607772
6971 9.75890243194841 5.484900800748709 -10.84005010113905
6972 9.025276025817419 7.091478808464432 -11.1645927118025
6973 -6.515354821064598 7.071766852479273 4.877624402290817
6974 11.65811894231456 2.098685410610023 -8.878555939259625
6975 -8.645413344022476 14.33775932787503 12.26324453541784
6976 9.945053781098384 10.26580896654612 12.28236853348457
6977 17.10975278923495 18.13731888295729 8.186614544341507
6978 16.56069902336728 16.55865195749147 7.177734710840843
6979 -9.028147502326892 17.78060951246301 10.04155886190324
6980 -9.542352094599252 17.78060951246301 8.662740646571617
6981 -9.775217521394451 1.799174471636085 -2.878393981421195
6982 -10.70666265896536 1.388622014020929 -0.9655308691612488
6983 10.71962434958126 1.610671642932677 4.783525859028805
6984 -1.869713167025823 17.81463888517509 -0.2324791992985922
6985 -3.470425661911509 17.91695904679441 0.4323680519252053
6986 -3.278328827933973 15.78827730076847 0.6006494142563095
6987 2.226057717736349 13.99600248921317 16.41693471500289
6988 2.949021361558231 11.85377770359174 15.72137699610194
6989 2.683167505991744 4.634615121420108 -12.79930420174173
6990 2.879917745121068 6.320479888497125 -12.59421770869695
6991 14.47648750558876 17.81072364568715 0.3927051514156062
6992 -15.59457110459834 1.548986780434017 -3.765325880077139
6993 18.18135144947084 1.46630372051676 2.956114903634637
6994 16.15775036239786 1.620886654074457 3.231099190057609
6995 17.46072686719437 17.32812671704612 -5.059070738878205
6996 16.05166369679537 17.86729711058934 -5.415227511730502
6997 -0.1242655285815281 9.771817874747438 -15.44089672571813
6998 3.179711932628764 17.31493337858738 18.09443009320156
6999 2.211700822577312 15.55120964302209 17.0104397206589
7000 2.229050074365341 3.833047712128133 6.235727017882761
7001 -8.817159381388016 15.01732341673226 -7.828347720983727
7002 -9.842839325082675 16.65220032438159 -7.447127203450361
7003 -10.30764288851725 15.25485485445924 -10.09647821910497
7004 -9.12239496712581 14.12057381387076 -9.030209413404496
7005 -8.350531132969856 15.86666184344629 -9.903798426355753
7006 -2.252765775559464 1.337053138945324 -13.44863420639547
7007 -9.005654164536985 17.13495612029239 -10.44476898558153
7008 -1.648822857354691 17.90995394249831 -16.132239994972
7009 -6.474425264758928 1.767485181892193 7.915709738898734
7010 -5.262467736198567 1.58393455399495 9.111194975368049
7011 -18.06292560175341 17.81813215671707 -1.349965590579004
7012 -17.39216311797617 16.16022877372302 -1.939132289281332
7013 0.2344022857410746 15.63264546143682 -17.15457668700208
7014 -0.3705501389826334 17.38287451442498 -17.49646872770296
7015 -1.164406810139467 15.99282845692329 -17.66218552844374
7016 1.061290803598048 14.96732034246889 -0.4992156188598236
7017 -0.9434117428095606 17.38287451442498 -18.53526001929456
7018 -2.221684461181618 17.90995394249831 -17.1710312865636
7019 -8.01915790196799 1.491457784428463 -10.75366935419953
7020 -1.126772965895382 7.50781080617487 13.18791099943362
7021 -3.109145157560386 14.74765610808547 1.634286358985432
7022 3.254571043795277 4.055913489513326 -10.9187844527356
7023 15.65785566295256 11.27087124910694 -4.067961661213442
7024 -14.09916169385567 10.526475092289 7.175458526092344
7025 15.17789209896051 4.343619301209772 -7.717026123457417
7026 12.78591256614649 3.587582256247494 -7.566526610846186
7027 13.8347445299736 4.579505755922165 -6.555971451093094
7028 14.58150751906113 16.27756348359065 -6.882698314586638
7029 -7.209320049052419 9.733687475842743 -4.436660220784073
7030 -6.969066000193291 8.199103981530682 -5.863674906576448
7031 4.914670306710087 13.22831531519691 -3.087626846848334
7032 15.10919228274377 10.77025944042736 -3.095202105301925
7033 -10.55858782600946 1.424540613060361 -11.61516481341152
7034 -14.76857511677413 1.746673086765211 11.47704960884435
7035 -14.05945390053751 1.512971812177221 9.631890525789593
7036 19.51399650599503 0.9430888792205079 0.5319090211961631
7037 18.44737204852223 2.411305646842702 -0.7546913259635522
7038 10.57860124319075 1.578135018589334 -6.340612323602183
7039 -14.65662433369595 9.624814334068027 6.146006548583927
7040 -5.968615095365228 9.608001338511279 10.30061582720914
7041 17.80344646529864 17.31040491221664 3.68781130295922
7042 16.63249060420176 17.81072364568715 2.03345103364353
7043 4.845872125710855 5.660745006914479 15.68135303946564
7044 9.303630235056172 7.818250726613142 -12.91714212247329
7045 15.15668720247641 6.258207513383733 -6.099027838500029
7046 -16.76837515990534 17.58454128112176 8.092246458300911
7047 -11.43035170307247 17.92049460122769 -6.843574280096266
7048 6.630479672368524 17.36952560808396 4.068303795432673
7049 -1.722064870281771 10.46638208399293 -15.69939524062045
7050 0.08962329501185445 11.09324357594053 -16.2541124758432
7051 -1.109403407979282 8.520505446341813 -15.97213388990911
7052 11.21296298259125 17.44587305274564 -14.6975073308528
7053 10.37599740581022 15.73090325783057 -13.90270982146441
7054 16.99287129848813 14.18112323121418 0.728012116377232
7055 -8.352621190975857 1.965098726720825 16.10538867821657
7056 -1.100216742906972 5.039617645208145 15.12450794424461
7057 6.305858916472191 6.491777222224418 -4.562103790713357
7058 -9.260464369302772 17.89163557476144 7.394085468499707
7059 8.047453434946302 17.84805389309303 -8.110656668739944
7060 6.596246444973543 17.84805389309303 -8.354619298731912
7061 5.413542077495443 14.24916329063309 -1.72459329582272
7062 11.90238293139004 2.098685410610023 -7.427821629327013
7063 11.95740486226444 1.578135018589334 -5.826394426989849
7064 -2.824133412859059 9.897334957303187 9.215055857549675
7065 0.8398094445467796 1.07804136478371 18.24255632074782
7066 -0.3627721952736674 2.741507978340887 18.00365098059707
7067 8.746522429612506 10.33325397038377 -12.81799349918665
7068 15.96040757473326 12.10688386272281 -2.833294532604575
7069 -8.550536332946582 6.619384380169498 13.79384486120019
7070 13.60189298489023 17.80532921872658 -13.84932993058475
7071 8.839602880830762 17.74909473750531 5.418600686664098
7072 8.588358815915658 15.81862034558927 4.908724593100871
7073 7.726572539896674 18.06017979513868 4.263111747982294
7074 -2.86737026846043 18.36332207542566 18.67792349175462
7075 -2.556522927923875 16.98533626394657 17.81766290221312
7076 -3.770612619422013 16.69241780153802 17.63188637339491
7077 -2.921374507324171 17.62909572611236 16.23271186925011
7078 2.910960014420078 17.97016169260201 13.57213844094768
7079 -15.48099436583743 2.278595557098413 10.10350227966138
7080 -16.44239848388143 1.534445185542455 9.284313723522484
7081 9.159237153357376 17.58503020508493 -12.13228695983647
7082 8.466288089081115 17.84805389309303 -10.60068584287787
7083 13.08633641454913 14.67460226042637 -2.881328899968314
7084 -4.582593332822452 1.710292297801385 2.199931696573574
7085 9.057133728464073 8.228791403179596 -8.852732980713334
7086 -18.42080587014224 17.81813215671707 -2.464507454706114
7087 1.557609605321165 10.8450428021048 16.23485805076823
7088 -0.6563806086930229 4.837525608384296 13.56077461173031
7089 4.915391976239603 14.58899587897881 -5.755280866554192
7090 -12.04729019005603 17.41989873416685 -9.621946428251032
7091 -11.90855300459952 17.93945901239271 -11.05303921262975
7092 1.44842400654582 12.34897393639608 16.38942250273612
7093 -1.382964635398173 7.048900174409265 -16.13191021508231
7094 -11.2258525688765 17.89163557476144 5.771169167930891
7095 -12.33201012908788 16.2416561051617 6.174701743798048
7096 8.836638281187142 1.293629675223967 -1.896621078422482
7097 3.802800814357258 1.500091238126053 12.62586948977639
7098 -6.597680811720241 8.154055596155377 10.46568924093602
7099 14.56177279499638 15.70253230687518 2.359992795189199
7100 13.59783454312547 17.92264081577999 12.49711027652837
7101 11.68340777114852 18.01613597565202 11.41992625708249
7102 10.96636126732257 5.242595248002825 -11.98579590859347
7103 11.48258839373135 4.31891586279173 -12.72256556275391
7104 12.44020515038643 4.732611724243244 -11.71138474167143
7105 -8.789226920101113 8.391751879775624 9.321398266679244
7106 -9.365539880275497 9.472725151926571 7.928200004410792
7107 -7.980676482800118 7.937601357732055 7.429432011421494
7108 -7.249236586653286 18.0317057231539 -8.998796067156958
7109 -1.922679105051961 9.269328044386409 -14.2001451110045
7110 -0.3324961807028244 1.07804136478371 19.13827509244047
7111 -1.715741244133523 1.660250468250427 18.6764513397465
7112 -1.746017258704366 3.323717081807605 17.5418272279031
7113 -1.524017099743385 1.663466613557177 16.98055849934627
7114 -1.696931984912217 5.408786445032717 -16.30495303543042
7115 9.36857932214987 14.72253325351769 -0.1678212667189188
7116 -15.05064653275 9.306457245347982 -5.665747342594269
7117 -0.1680053891786455 12.80974414820766 8.940757038630387
7118 -0.4616009918001867 14.44809718757545 10.48421457239824
7119 12.15754434337261 13.64171403941874 -10.42277006888091
7120 -8.71988039471967 17.6903944579355 -16.19318335948486
7121 -7.483739945888711 15.89084928994214 -15.71604776577229
7122 1.798129714572462 17.31493337858738 18.33779272783349
7123 1.635837397358387 17.53627626443472 16.54650644528336
7124 15.06770801226414 17.72133307453418 5.0517916785219
7125 15.46557530658637 17.81072364568715 3.127424110768296
7126 3.374638807155697 13.10506835388365 -0.4306262911505884
7127 -0.5995899757300881 1.663466613557177 14.56782200196226
7128 0.5748436006314418 17.38287451442498 -18.67182253217539
7129 0.695379978139926 17.54977094701184 -16.79998495800277
7130 -15.43380656312377 3.945595762707535 -6.541385983543787
7131 -16.69205394682165 3.365504247627742 -5.923175047757555
7132 4.49305071908008 1.614054119386262 -3.516685500630335
7133 -15.46228444687747 0.856842389762233 -11.15661564650392
7134 -14.44034744632531 1.18715044728179 -9.398599028098207
7135 16.35757480569611 14.56340464636225 -5.253204420221678
7136 -9.114295242145749 1.286985390932774 -1.366785832827139
7137 -3.95831119781933 10.05170836254285 10.37208511012795
7138 4.174087061823641 3.114454774514848 -4.556869156404248
7139 8.87953529472248 9.13076227581049 -13.46137100006514
7140 4.693532434426676 17.80440200662617 10.55481495275821
7141 -1.613285574896759 13.83340134916394 9.220762527568484
7142 -11.21555330167584 4.951377562552837 0.235032943248964
7143 11.23274631501227 4.974917276989126 -10.56563893421701
7144 9.784560254430389 17.44587305274564 -15.1996372754425
7145 16.61080187002883 16.08268018506923 6.219100524493355
7146 -13.19894995329402 1.388622014020929 -0.5435639767476237
7147 -7.730131007150748 14.23078274429401 -7.100248284558452
7148 -2.157859151600353 17.75004979844613 -18.6923538714999
7149 -2.378854218930259 16.36000374094444 -17.81927938064909
7150 -8.183874440243235 10.11594917765538 7.059852673175974
7151 14.99821304112687 17.81072364568715 1.766168188236226
7152 13.14506733676923 1.48889684563747 -8.28690508158874
7153 3.715792653599127 4.879097938078818 12.40444083790811
7154 -5.431038403496148 1.664883620173873 -18.51402889806388
7155 -7.143599479092358 9.974559878234565 5.962588471785001
7156 -3.046035099472636 1.660250468250427 18.13227729782918
7157 -7.416652620505894 8.480719485737167 4.910951014324281
7158 -6.940401521649241 7.796212058311243 6.332167810030521
7159 -12.09669528541547 15.24029603599753 -12.64334760857196
7160 -11.29539783921577 14.54431442498698 -10.91887686708794
7161 15.48716044835951 17.54144332660752 -10.15424150359551
7162 15.19776186239549 15.95170969960884 -8.787143540731023
7163 3.147700673343279 14.59161315560226 -6.71534157145415
7164 13.70521992942079 1.590477428748891 11.05520712137742
7165 -11.24867013495257 12.63310962546413 11.71230359883449
7166 -10.29160696270204 13.28765454085558 12.78789326352119
7167 -6.832898780123507 16.5233014639545 -9.609176929834303
7168 14.07715835587716 17.19180866118802 3.861404741193863
7169 0.2366681061464042 11.4948401280341 16.34519030527872
7170 2.540336660602275 4.638122586814308 -4.945978422463754
7171 -7.477885881067209 17.6903944579355 -17.2609629090767
7172 5.927374587016487 2.519994370013505 4.10150087003395
7173 -2.36082358372778 9.54740141004384 11.72387194739988
7174 18.77960363865031 18.41405995445204 -3.177761256413667
7175 -9.983763456934483 17.92049460122769 -6.609287289444966
7176 -12.32855770170013 3.218874792060886 -12.82446599276438
7177 -11.91897488355192 1.424540613060361 -12.00297325351999
7178 5.62653294509512 1.591047490363855 3.596715818302568
7179 -14.84447626641012 2.109139640203518 -10.51110969082471
7180 -12.95736221256958 1.424540613060361 -11.0227222059862
7181 16.25340274586565 17.54144332660752 -8.913922489962278
7182 14.72280873348402 17.71026637300132 -8.251385350334797
7183 3.661375739394731 5.038084432914789 10.46640802213768
7184 -7.761059851249294 18.0317057231539 -10.36393093195763
7185 15.68334400217263 5.048087217324126 -4.84835876506771
7186 -9.358391326651951 1.286985390932774 -2.817970370411379
7187 -7.667686698866173 10.9551426979504 8.322152914105578
7188 -6.378398997012372 9.302902136570161 8.870530764225791
7189 -6.914142244399719 9.192481519673684 7.374630503723569
7190 -17.4255878600491 18.33845824515956 -8.802999016724788
7191 -1.446104358382914 17.88175551151776 16.72693995364416
7192 -12.41059373593636 13.5234286614127 10.14511857015489
7193 -11.87008830518321 11.79570378553348 10.68773101776098
7194 12.58545820743483 3.387321905419757 -12.33501137188497
7195 -7.589424426867979 14.79628389199393 -8.711986596509778
7196 10.47059572097938 15.85663333142253 13.69097476360557
7197 11.6375460690661 16.19780453090497 12.76223521847578
7198 13.63346829376707 1.48889684563747 -5.385095857841257
7199 12.84093449702089 3.067031864226804 -5.965099408509023
7200 9.781253549277031 1.531412982457172 2.714060286363476
7201 -16.24976463933817 3.003667914475516 -7.878533826281974
7202 -15.45854218899973 2.736137227715807 -6.004219720063631
7203 16.93321897664882 1.806176894969713 -8.005630754137275
7204 -6.54866308414074 17.7915957408006 -11.27117112785695
7205 -7.634484395227438 4.413043399759509 -0.5443381942812107
7206 17.62178178222113 1.985377361689612 4.161369030724561
7207 18.46862348736922 1.474838117340132 -3.431311613594672
7208 17.96748804680011 2.943054884962327 -1.895134772635857
7209 18.37045935652005 18.41405995445204 -4.545877230173089
7210 -12.23543247087198 14.72073575777166 -11.21225482419325
7211 8.680114943092265 15.47828233977841 2.505675262147597
7212 4.694356538773214 17.8089615623686 -5.407864403457907
7213 15.0715120166393 1.590477428748891 11.45722737988985
7214 14.17465117634122 1.592576536882319 9.733291757516909
7215 13.3893313258447 1.48889684563747 -6.836170771656127
7216 11.77133381038083 1.436322303915255 -11.70655626464027
7217 17.65190179701953 1.737502239096663 8.128769635311073
7218 10.02534962804327 1.531412982457172 4.165244843375403
7219 -8.967806774451239 10.4142908571092 9.315795059794404
7220 -18.62235301114262 0.9529385643709083 2.605242904521689
7221 -18.37251434386349 0.9529385643709083 3.994152369301701
7222 -17.77053624341448 2.457025920661874 3.494719262225014
7223 -14.50972393448496 1.746673086765211 12.95761536604797
7224 -5.019726976641774 1.484561937500254 7.401055894165975
7225 -5.24917668838758 5.28656093760241 5.466281705805772
7226 -6.29312119479773 6.317843853319541 6.549198442087437
7227 -3.878823578537833 1.476067091384006 2.148969914997997
7228 12.34077975211851 13.37495231310175 11.12791662011088
7229 -13.16444942013023 12.178511187305 9.615640147980479
7230 -3.990225314772553 4.52324499651874 5.196999062816083
7231 -12.23954568863549 17.88332303662141 -14.54236028245372
7232 -12.39910506536512 16.52278204901412 -13.29851510254694
7233 -17.18534297276832 0.7629956584504756 -9.181446519871058
7234 -16.80137357706004 1.950146105732266 -8.575258710669143
7235 18.33551783906997 17.75419686132885 2.33509465719536
7236 17.6532169805738 16.264920507016 1.927655788315461
7237 -14.33761783931655 1.433397399389554 -11.86665411216862
7238 -13.43053804075177 2.857938012449914 -12.05175676054646
7239 -10.71165370717952 17.89163557476144 7.149979890160804
7240 -5.939561103667578 4.814663087026927 7.124233704979137
7241 17.74105629949659 17.66134711053505 5.952467005989802
7242 18.76824945136806 18.4054074475242 4.411807291827869
7243 18.71816317471869 18.4054074475242 3.161512111457717
7244 -16.79990046822154 18.39075327780889 -9.952926055920358
7245 -15.74789018826168 18.39075327780889 -10.93163927218665
7246 -0.1899677387105303 14.47100322313539 15.66962996662687
7247 1.769640139257819 11.76616258117042 -13.06479841816685
7248 11.33303693637439 17.48166855525295 14.38781593476446
7249 10.70911889488256 18.01613597565202 12.45175059579431
7250 -7.544633303903453 9.638970021035615 9.901979768097888
7251 17.1598556358965 17.66134711053505 7.227980357994019
7252 -7.033723990616906 6.452686932851817 7.993141484259628
7253 -7.007464713367385 7.848956394214259 9.035604177952678
7254 3.114245548023007 1.614054119386262 -4.030899258610599
7255 6.169246165087234 18.4748291373079 17.65140660195007
7256 -6.895975705630609 11.29430305995302 1.532806672083769
7257 5.618451903174688 1.727187018697027 7.49377859795534
7258 15.73313686697337 2.064662522881016 10.03658251215379
7259 18.8058661204503 17.75419686132885 1.089124990336864
7260 19.09998405724264 0.9430888792205079 -0.841044286564117
7261 17.14036258284978 1.468216767622194 -1.595735612527669
7262 -2.939558134619066 2.759270092717972 2.040572523215495
7263 -16.84938530817399 1.816517467193725 -7.170506110949435
7264 -17.41124670032233 1.626478643295379 -5.978127875592341
7265 -16.05816285783555 1.548986780434017 -5.296192004731092
7266 -17.25391533896999 3.175465423729396 -4.730796812400461
7267 -2.500012838794306 1.476067091384006 2.663168765426212
7268 -9.021152148760795 12.6694335814343 -9.305154152534804
7269 2.016367082736041 17.56772244966477 -18.66373275520476
7270 18.62010005552052 1.474838117340132 -1.981487733236422
7271 -18.83651565364424 0.9136276446828728 -4.066554573366424
7272 -18.07977027846678 1.626478643295379 -4.920383625487177
7273 -16.72668643598 1.548986780434017 -4.238447754625927
7274 -18.01066071414744 2.46261442511689 -3.876967760279707
7275 -18.05140746394711 18.39651173116406 -7.435829797966839
7276 -17.9133605920144 18.39651173116406 -5.965411067251389
7277 -18.01104063130881 0.8848572736965377 5.560236272612874
7278 -17.68319388318307 0.8848572736965377 6.940966800351664
7279 12.30732581264035 17.48166855525295 13.35599159605264
7280 12.32895696621599 0.9254266925417105 14.72424938960406
7281 13.25138301796188 0.9254266925417105 13.83245109386626
7282 12.08461045439366 1.692650332019538 14.05378375870252
7283 -14.20702429805863 17.69788154976456 13.2562622214037
7284 -14.94560205797724 17.30791758995395 12.07580745439112
7285 -16.18351407484136 0.9236066302122565 10.66423034366891
7286 -14.82735191127833 2.436578442389478 10.39091334677736
7287 16.89243877923022 2.064662522881016 9.22812176720106
7288 -2.643135978357606 9.003528170302316 10.34440026949986
7289 4.092156355549587 1.175021408030146 4.757863302670851
7290 10.26571351397788 14.76732666982448 -1.558681399513966
7291 4.4904482335563 14.22799611226153 -0.4466795639960889
7292 -6.496319906385466 0.7463843063019659 19.26904924038958
7293 -6.979083406138088 1.601197185874948 18.36243799720065
7294 -5.614457361297804 1.977048233447864 18.5903428336433
7295 -12.14010222960754 17.89163557476144 6.834628189994541
7296 17.97812945186993 0.8886437041319528 6.306653662455702
7297 -11.3617788703444 17.48514721562172 14.37088785100185
7298 15.59480363310397 4.656495448736509 -6.517932140582235
7299 -5.967189752216507 7.707567094793447 7.938339976561704
7300 -10.17455432876951 18.46088377581429 -16.03321386307135
7301 -11.45429515306181 18.46088377581429 -15.74451074649663
7302 16.87536918600998 17.74388360562541 -7.933917514159109
7303 16.11210153144276 16.10874043719686 -7.54523545421412
7304 15.63714840253129 17.86729711058934 -7.009477263817895
7305 16.73406797158709 16.31118071621475 -6.565230478410951
7306 -12.91994662341227 14.78222393642482 -11.51292485600407
7307 9.080757170317646 13.73062563699575 0.8935391919629379
7308 -9.590900658594169 14.23763302629748 13.52709601025193
7309 -9.012557313422528 12.70367442432925 13.57472621868177
7310 -1.602860128214963 18.51816524375631 -19.35409993434845
7311 0.7499582896940731 15.89668889010514 17.48842846144377
7312 0.1740948644751477 17.88175551151776 17.02449518606823
7313 -2.527862940424302 10.78467688119825 15.96982008498198
7314 19.33124077418685 18.35691112077949 -0.02552471559678174
7315 -4.129356523136002 1.484561937500254 5.012740316588917
7316 11.04488019990341 13.5401101677414 -12.44585066958181
7317 -19.09188461750918 0.8848572736965377 6.652415032370161
7318 18.50434918594937 0.8283981710704311 -5.603717170286714
7319 18.28892278037952 0.8283981710704311 -6.723596482667413
7320 -3.173133156977911 1.283203001333966 1.958161483188378
7321 -10.44030994347149 0.8814543522846487 -16.09939216122931
7322 -3.418395417898105 0.7841060601448513 -18.9728609990369
7323 -4.598411165519039 0.7841060601448513 -19.43930770143065
7324 -3.711709034293513 1.837442232043225 -18.79064466599262
7325 -15.61587355035207 1.18715044728179 -7.251550783255512
7326 -13.75595973281394 17.48800857196758 -12.51383240137834
7327 -12.26650355815314 17.93945901239271 -12.32968380335447
7328 -6.4697472533483 18.35528640322427 -18.22525962978859
7329 13.18900980021366 1.950999601504503 -14.20870440299539
7330 13.57865463991797 1.950999601504503 -12.715852500484
7331 12.29423443415066 1.950999601504503 -13.10986759563204
7332 17.49843738419421 17.01724411876163 -6.097418415508113
7333 -3.1410943178905 17.52642045582284 -18.37758411050948
7334 1.946917874039301 4.369849540242683 -10.19164705071554
7335 15.72069082773558 18.48673677488186 -11.13793076934981
7336 16.07088656760781 18.13731888295729 9.369290831480214
7337 11.22068230406942 18.44905352240389 -15.5896476515448
7338 9.792279575908552 18.44905352240389 -16.09177759613451
7339 -2.918249913242409 18.48163735502773 -19.15773989875608
7340 4.29773265109484 13.1262355322552 -1.708540022977219
7341 -4.026055864348084 0.8075350382181936 18.65340955277881
7342 -8.054012552162988 5.119651263263179 14.44349459697424
7343 14.91028411995999 18.55780180782678 -12.30341921470284
7344 14.59047959636608 18.55780180782678 -13.69765402973966
7345 19.82098949779759 18.41405995445204 -3.94789750212606
7346 16.48693312524172 18.48673677488186 -9.897611755716582
7347 -1.450653517178042 17.71191601491773 18.34344343697095
7348 -0.8786257191983688 16.2936715264355 17.79163440300529
7349 -1.23129992114271 1.241702051863447 -18.80386839107378
7350 16.87207444686398 18.48673677488186 -11.23728429638892
7351 12.11447239335495 0.796559005371944 -15.15152365093271
7352 11.93152978003493 1.950999601504503 -14.18231599888258
7353 3.965699214498499 18.46772845370784 18.80561972758997
7354 2.584116996442197 18.46772845370784 19.04898236222189
7355 -18.95199412222295 17.40720789895948 -4.290408478341948
7356 18.4327208308864 18.4059546123765 5.698203893777016
7357 16.75653364763291 0.8414546776798777 -8.945849035502455
7358 17.71725155274605 0.8414546776798777 -8.0539890777904
7359 -14.10361367060217 18.5623968191939 -13.35722954881948
7360 -14.96488982756555 18.5623968191939 -12.17814170312838
7361 -2.082180785208875 14.90815287892931 1.254231247049741
7362 -12.68962705131699 1.794334179000525 -14.91449865357517
7363 18.05425389288118 18.44994700817229 -5.871855699168878
7364 2.214224669697348 1.07804136478371 18.67268882532242
7365 -15.92466289255219 0.9236066302122565 12.14479610087252
7366 -2.695762009008971 0.8075350382181936 19.19758359469613
7367 0.1695457056800196 17.71191601491773 18.64099866939501
7368 15.58277047831961 18.48480139545142 10.7855365019598
7369 11.03079203028084 0.6894707141909837 -16.0879869319842
7370 9.784225589869884 0.6894707141909837 -16.96538120906413
7371 17.28988448027406 17.74388360562541 -6.339667762071716
7372 -2.00223205343285 9.037122784510718 13.2143755461258
7373 -18.83467203876123 18.50802604123101 -3.429654437178976
7374 12.69727478276435 17.48166855525295 14.84226814038301
7375 -4.216909758060323 17.52642045582284 -19.02917714892591
7376 13.56448357229946 18.56010597344042 15.17223830405513
7377 13.17453460217546 18.56010597344042 13.68596175972476
7378 3.791777700663503 18.46772845370784 19.95481965437116
7379 -19.54047683234567 17.81813215671707 -1.593547263262973
7380 -19.5471826289674 17.76112263506402 -0.1137992081143641
7381 -12.0887924746748 0.8814543522846487 -16.22087328473147
7382 -19.74701231433134 0.9529385643709083 3.706700248513225
7383 -6.284204555853868 17.55866622841337 18.65425742318278
7384 -0.08460478477396083 18.51816524375631 -19.49066244722928
7385 -7.769697404473217 1.371754978546499 -17.13212346398787
7386 -8.139003959965967 2.790216347723621 -16.18795448360861
7387 10.46546491397348 17.66173325558646 16.72273786216668
7388 -4.865201985908972 17.55866622841337 18.92200934396536
7389 17.8515201672863 18.4059546123765 6.973717245781234
7390 11.20140597265011 18.44905352240389 -16.85432462316503
7391 18.92016708689891 0.7562029530768255 -4.311466882178097
7392 11.18548768925221 0.6894707141909837 -17.23982416152698
7393 19.60802450921924 0.7370121174579358 5.131400903708128
7394 18.63839875822246 0.7370121174579358 3.842022246677124
7395 19.15115974686055 0.8886437041319528 6.286502094973265
7396 18.18153399586377 0.8886437041319528 4.997123437942262
7397 14.7764018616956 0.8641683579477304 -12.58876216115106
7398 13.78320542921246 2.300490661862985 -12.20792103255203
7399 -17.88597695150212 0.7928549568158978 -6.631320080328694
7400 8.821276333241947 14.66326054900865 -10.37986971661239
7401 -9.053442206384327 1.371754978546499 -16.44109683813771
7402 -17.52441536020054 17.58454128112176 9.04347009661549
7403 -18.44693422183644 18.60549306129055 8.997012202207817
7404 -17.69089402154125 18.60549306129055 8.045788563893238
7405 0.8861254073450201 14.57411252147196 16.65758115404984
7406 -18.75748136667124 18.49319649328412 4.381525181722319
7407 -19.32133344871356 18.49319649328412 2.828367164294729
7408 7.52191423643276 18.4748291373079 17.90199074925338
7409 6.557459658172672 18.4748291373079 19.0547727158186
7410 7.879579501916496 18.49084993639009 18.51579747422906
7411 8.844034080176584 18.49084993639009 17.36301550766384
7412 -19.82599660491272 18.50802604123101 -4.095718259880869
7413 6.430576772788575 1.366465960733975 18.53003018799409
7414 7.692912729428631 0.7222768899616137 18.60518928931226
7415 7.729008884356084 1.827058597948809 17.64904871746224
7416 6.258965718733355 0.7061139747985052 -18.14730960560129
7417 -16.05312816588645 18.48638839089784 11.98218434358972
7418 -16.36990379468216 18.48638839089784 10.19586586680796
7419 17.33676333900673 18.13731888295729 9.87885152659724
7420 16.33396485523529 17.38881755259768 10.62282471409998
7421 -17.40099424589586 0.7629956584504756 -7.867230995336604
7422 -19.45335833006386 0.9529385643709083 5.086331129058987
7423 7.697647544718077 0.7061139747985052 -17.98325030403971
7424 1.056988629276455 1.07804136478371 19.97132845844352
7425 -11.00890287772561 17.48514721562172 16.07416078385652
7426 -11.09132931921183 18.59318564470615 17.03986264657653
7427 -9.790471690682075 18.00222516162677 17.18620535490934
7428 -3.784926634530543 0.8075350382181936 20.04098455958819
7429 16.12512438197443 0.8688609575325317 10.9814216541885
7430 -10.79880213726906 0.79325123070012 15.99209127433903
7431 -10.34217048727559 0.79325123070012 17.46142138107662
7432 -9.232807399284415 0.72406031770341 18.19017529156352
7433 -9.68943904927788 0.72406031770341 16.72084518482593
7434 11.38818426811627 18.48858558421176 16.8916783813526
7435 11.0655336044092 18.48858558421176 15.53371264279959
7436 -3.994065353412233 18.48163735502773 -19.80933293717251
7437 19.50478403415872 18.44994700817229 -5.27387597112185
7438 8.860407709656439 0.7222768899616137 17.2165799235676
7439 -15.39788379445117 18.5623968191939 -13.72326224230859
7440 -5.386179761411444 18.35528640322427 -19.32383676674346
7441 18.36373749747796 17.74388360562541 -7.214881987590633
7442 19.07164365505022 0.7562029530768255 -2.861643001819847
7443 -5.444954239062037 18.59674702238555 19.57878590819087
7444 -6.863956809006933 18.59674702238555 19.31103398740828
7445 16.84864724971854 18.48480139545142 11.29509719707682
7446 -19.28940591143327 0.7380672094795449 -1.327509924124409
7447 -18.72640857215374 1.423899379835132 -0.3742750422409617
7448 12.24608245918632 18.57589501680936 -14.97160737297584
7449 1.672824629835214 1.241702051863447 -19.09266190352758
7450 -12.98356393610441 17.88332303662141 -13.67871701771057
7451 14.9319107638329 17.92264081577999 12.93541842259089
7452 17.19112237308305 18.5288370261312 -8.749479665582488
7453 -18.46296652713323 0.7629956584504756 -8.964882956806161
7454 6.706773518597226 0.7061139747985052 -19.30224057843175
7455 -17.71765800570713 1.534445185542455 8.840928283713296
7456 14.38675702199129 0.8641683579477304 -14.08161406366245
7457 1.190387213015289 18.51274832529482 19.26521252511025
7458 -13.29923051029889 1.433397399389554 -12.84690515970242
7459 -12.63485563002146 18.57856211555773 14.43650165926725
7460 2.688463484408424 0.7107910047446939 -19.4943196016252
7461 16.00602533361733 18.48480139545142 12.3017561945772
7462 -12.56287155238966 1.582815926523728 15.2061557775736
7463 -0.5822676426318095 1.241702051863447 -19.8894726103684
7464 20.32941344720776 18.35691112077949 0.8008366087339296
7465 19.80403879347122 17.75419686132885 1.915486314667575
7466 18.20264837689338 0.8414546776798777 -9.080567071892128
7467 19.84368365449367 17.75771409377547 -1.952283782022747
7468 -0.960573956755145 17.71191601491773 19.68516004337831
7469 -10.22258671861268 18.46088377581429 -17.59056441380832
7470 -11.36137213663877 18.46088377581429 -16.87625178042848
7471 -8.767912784562844 17.6903944579355 -17.75053391022183
7472 -9.128604446045752 18.65193591979775 -18.44154607050345
7473 -19.39469770052457 18.39651173116406 -5.329920208294864
7474 0.7357097000492481 1.241702051863447 -20.05250496344417
7475 1.751348554622457 0.7107910047446939 -20.45416266154179
7476 10.14152028881395 18.44905352240389 -17.65450345390792
7477 8.836585055227633 17.37229149735792 -17.51929040776115
7478 18.67949068455103 18.5288370261312 -8.030444139014012
7479 8.898236351357411 18.58332344626298 -18.49719703244121
7480 7.606749485938854 18.58332344626298 -18.13450602380023
7481 3.835473311803672 0.838791427317052 18.68553491214623
7482 -12.94967379577673 0.7793613453655457 14.26988349779387
7483 -18.94794923273948 0.7928549568158978 -7.72897204179825
7484 -14.85441632562387 1.433397399389554 -13.05430459490431
7485 12.42977145079917 18.48858558421176 15.98816484841814
7486 20.36654307015492 18.35691112077949 -0.8389188256693724
7487 19.66009552423979 1.46630372051676 3.014016168925623
7488 -1.882661008161677 1.837442232043225 -19.40980218289349
7489 -16.18088415514731 18.39075327780889 -12.47675981136685
7490 -17.66712898961167 18.48638839089784 10.14202500532618
7491 -12.28197963740267 18.57856211555773 16.13977459212193
7492 19.22911369577525 18.4059546123765 6.553170504715869
7493 -19.76912396628436 1.423899379835132 0.9777398987670969
7494 -8.321370045537197 1.601197185874948 17.84243875552615
7495 -12.91298134999791 0.7393280552340746 -14.05953799483165
7496 19.12810691008508 18.44994700817229 -6.747069924687795
7497 -14.46816716532289 0.7393280552340746 -14.26693743003355
7498 -3.799744657754852 18.36332207542566 19.79882933170116
7499 16.62705979600979 1.284098347649599 -11.16112055153599
7500 15.13799414305975 1.590477428748891 12.85193701205537
7501 10.11356127876615 0.8460732664201709 16.38332930319608
7502 11.08477348216459 0.8460732664201709 15.78351041124774
7503 -8.717148104620243 1.371754978546499 -17.79385795192347
7504 14.27229609163889 0.6524373873768425 13.14872967613321
7505 15.60456927065031 0.6524373873768425 13.48037038899798
7506 20.62803149717027 0.6486839872387229 -1.488304680513105
7507 20.39954139564561 0.9430888792205079 -0.4990382816939108
7508 19.91965739392349 1.474838117340132 -1.639481728366216
7509 20.11714283299141 0.7370121174579358 3.89992351196811
7510 -1.160911883968039 18.51816524375631 -20.42896806564289
7511 -19.22138704855027 18.39651173116406 -6.651709088978176
7512 -5.147694868529509 0.8075350382181936 19.5633632399255
7513 -1.674354776908166 0.7140657933263022 -20.29410977609901
7514 -2.323387055419067 0.7140657933263022 -19.20850555680439
7515 -20.33212130556389 0.7380672094795449 0.02450501688364903
7516 -20.07626347517403 18.49319649328412 4.002980073442719
7517 -19.95434300096467 18.50802604123101 -2.558694245735835
7518 -18.64160042338356 0.8848572736965377 7.955674296076408
7519 -15.23163670813265 18.5404455920814 13.1431109401548
7520 19.88918408502499 18.4054074475242 3.973413475898449
7521 -19.97341480058606 0.9529385643709083 2.4135970258505
7522 3.5339842985028 17.56772244966477 -19.31057482711243
7523 -7.016495927857081 0.68075968920982 -18.08421365667303
7524 17.5739068977381 0.8414546776798777 -10.26876763913054
7525 15.65486715879605 18.55780180782678 -13.42377433680889
7526 16.46527386657163 18.48673677488186 -12.25828589145587
7527 9.026833020004965 0.7222768899616137 18.52671570129657
7528 10.27998658911468 0.8460732664201709 17.69346508092505
7529 16.19160650839489 0.8688609575325317 12.37613128635402
7530 6.66694743409879 0.5433381644576345 19.21038838228171
7531 -13.26881895629927 17.88332303662141 -14.92612740632947
7532 -13.66824869562405 18.72896719431641 -15.54367430702612
7533 -12.63897542796027 18.72896719431641 -15.15990718315037
7534 -13.45320793350726 18.57856211555773 15.48773914460625
7535 1.280365425761394 18.523756207889 -19.48536994159205
7536 5.337547835892408 18.00688575527327 -19.16049252877449
7537 -2.377290708037533 18.36332207542566 20.01964009816198
7538 -18.55450052964657 0.7928549568158978 -5.57357583022353
7539 14.58365619697329 0.9254266925417105 14.16409180673103
7540 5.315773916718073 18.4748291373079 18.4525731525741
7541 2.67823727138278 0.838791427317052 19.98417454526732
7542 4.018568453198341 0.838791427317052 20.00510943160316
7543 -6.042419678661092 0.68075968920982 -19.13175416353862
7544 11.2639116827452 0.8460732664201709 16.98531434685599
7545 12.31515582733931 0.8460732664201709 16.19395881370284
7546 -7.101146193663103 0.68075968920982 -19.42676117309486
7547 3.73967251431972 0.8365049696412008 -19.20840391625211
7548 5.275349087930511 0.8365049696412008 -19.58456520790184
7549 4.827541288066641 0.8365049696412008 -18.42963423507138
7550 -15.97908293318479 0.856842389762233 -12.3442661292396
7551 -12.29758563235155 0.79325123070012 16.17273902892491
7552 -13.37365330985332 0.7793613453655457 15.35208058541647
7553 13.50122942468867 18.57589501680936 -14.78555419294979
7554 13.55933931139072 0.9254266925417105 15.13469779205916
7555 -1.142109524820787 18.66155542683641 20.45163100330748
7556 15.47101986844438 18.74805571258258 13.41119434820773
7557 19.32847415876731 0.6486839872387229 -1.830310685383311
7558 -18.41940761197282 18.33845824515956 -9.223537611208409
7559 13.37195241353368 0.796559005371944 -15.17791205504552
7560 0.0602675505801249 18.51274832529482 20.30937389909355
7561 2.797982641528153 18.523756207889 -20.13221201349972
7562 20.24532141817904 0.7562029530768255 -3.996787844435151
7563 -19.95369541150453 0.9136276446828728 -3.724328201356508
7564 -18.970937790299 0.9136276446828728 -2.671327275901512
7565 18.49471462856124 0.8886437041319528 7.681910018669276
7566 -7.890520759885304 0.72406031770341 18.71017453323802
7567 -7.963946628004107 0.68075968920982 -18.74594814460863
7568 -1.555548452244865 0.6924791197526057 19.46160527591186
7569 -20.61097432283431 0.7380672094795449 -1.233875058952377
7570 -20.29250620170004 0.9136276446828728 -2.577692410729479
7571 -7.759774156843935 18.35528640322427 -18.71483063093372
7572 -13.40535823006765 0.7393280552340746 -15.35442225648648
7573 -17.1691002301412 18.48638839089784 11.24726407755385
7574 10.17013394253132 18.49084993639009 17.61666221398202
7575 -17.04164734733192 18.39075327780889 -11.28598640512065
7576 18.20744717379318 18.13731888295729 8.928488921946609
7577 -16.91206031164516 0.856842389762233 -11.54585403679119
7578 20.22976556247625 18.41405995445204 -2.789963658146827
7579 -13.44416466065752 17.69788154976456 14.54476542630239
7580 -19.30606149041054 0.7928549568158978 -6.513703328508897
7581 20.66774214831461 18.7145395338571 -1.7375554735228
7582 -2.749947580952441 0.7140657933263022 -20.46034298175912
7583 -3.84495594343148 0.7841060601448513 -20.22469842399163
7584 -10.10401584170741 0.8814543522846487 -17.45215327501507
7585 -11.50285704495677 0.79325123070012 17.08207237980912
7586 -14.38886869079703 18.5623968191939 -14.60463993743838
7587 -15.29199931072996 0.6607876189100894 13.3641572212912
7588 -20.19564292253466 18.57335009299063 -1.147280122241985
7589 -2.644713077766438 0.6924791197526057 20.30500624080391
7590 6.721485434266234 18.78931308237552 -19.88893190493135
7591 5.542418339862371 18.60576403835618 -20.01916650230504
7592 6.636097149662568 18.00688575527327 -19.17690969375238
7593 19.71081921504952 0.6749238944197478 1.576839036515365
7594 20.33996198997255 0.6749238944197478 2.84342135053325
7595 12.26916805232632 0.796559005371944 -16.30336088047549
7596 20.18668412911994 18.4054074475242 2.741903768929932
7597 -18.87535503983402 17.99010668037339 6.641301830988509
7598 -17.45877359666706 0.9236066302122565 10.22084490385972
7599 -9.094699842757759 0.5577052120578525 -18.39826738266855
7600 -18.36368174217811 0.6417654283615821 9.19478534678775
7601 18.4152748714213 18.5288370261312 -9.240867712779327
7602 -14.46877707073154 18.5404455920814 14.43161414505349
7603 5.323475881158885 0.838791427317052 19.27066274200378
7604 20.63425720746827 18.71662907025148 1.682013454424121
7605 -6.615168904817367 18.35528640322427 -19.38684664582048
7606 19.37266802867617 0.8283981710704311 -6.541323063653985
7607 -1.486619635145741 0.6924791197526057 20.69245704065967
7608 -0.2635673636036997 1.07804136478371 20.36912685718828
7609 19.55365546454333 18.4059546123765 5.259810077847598
7610 -17.67524400663679 0.7629956584504756 -10.40351763046657
7611 -19.72999610342136 18.71301778705166 1.421312239978338
7612 -20.82850271068934 18.71301778705166 1.389257877937849
7613 -20.48492612988184 18.71301778705166 2.595925149126328
7614 20.50215192189613 0.6486839872387229 -2.965455527998615
7615 -19.67448202339823 18.49319649328412 5.355707956593383
7616 -11.25476308154024 0.8814543522846487 -17.1370229423869
7617 18.4873463177239 18.13731888295729 7.766067803276142
7618 17.09257962471671 0.8688609575325317 11.50292862550285
7619 -20.32889122045665 18.71301778705166 0.1418564851909501
7620 9.21382251956322 18.49084993639009 18.46135126817667
7621 4.243869026092211 18.60576403835618 -20.00274933732715
7622 -19.62186421779745 18.79108699441913 6.675037088823924
7623 9.288054848969596 0.5051406310453972 -18.80448574762394
7624 8.958290803482898 1.281672179475987 -18.18842773298019
7625 10.22918705685839 0.6894707141909837 -18.05352605208528
7626 12.22680612776702 18.57589501680936 -16.23628434459606
7627 -15.40639986485671 0.580259686029641 -13.53102939723498
7628 4.158980976627595 0.8365049696412008 -20.24805754671596
7629 -18.59556744465226 18.33845824515956 -8.018878307736125
7630 8.142609011706579 0.7061139747985052 -19.07139514706086
7631 19.78848592962571 0.7562029530768255 -5.249072775545368
7632 -17.05292813755377 0.9236066302122565 11.4305227945637
7633 -19.67168028750686 0.7928549568158978 -5.231349458213614
7634 13.24141342302719 18.57589501680936 -15.84245012162803
7635 -20.49549056807944 0.5662760164470848 1.197021685227064
7636 20.78979737417116 0.6749238944197478 1.711800519496638
7637 1.255126095996888 18.51274832529482 20.56119130593625
7638 -5.223054496818156 18.48163735502773 -19.87234281624952
7639 -2.564563474538105 18.66155542683641 20.23082023684665
7640 18.77431960452685 0.8283981710704311 -7.750174476769142
7641 -10.14659348163023 18.59318564470615 18.04464416191435
7642 -9.239609823220693 18.79218875261293 18.78630993194889
7643 -8.84573585310048 18.00222516162677 18.19098687024716
7644 0.2040583265673163 18.523756207889 -20.42367556000566
7645 17.71933108450499 18.48480139545142 10.34473459242619
7646 17.23948516427533 0.5013206266025962 -11.51228387236455
7647 18.94921455184453 18.4059546123765 7.715591623386337
7648 -14.33954764755074 0.6607876189100894 14.54567705974501
7649 -7.649072111906911 18.00222516162677 18.43449135616585
7650 14.50861082288289 18.56010597344042 14.12426990578728
7651 -2.476301668995485 18.48163735502773 -20.23260803005052
7652 20.59297466511667 0.9430888792205079 0.6668705041774359
7653 1.439089913154582 18.523756207889 -20.65021175213966
7654 -20.02364566957326 18.79108699441913 5.322309205673259
7655 5.362040006138248 0.5433381644576345 19.94483507188108
7656 -17.66733473915948 18.33845824515956 -10.13605936592508
7657 14.46779317223691 0.796559005371944 -14.61798563931266
7658 17.77151214777052 0.9074437717012356 10.26197165750363
7659 -19.04522721587083 18.39651173116406 -7.856368392450459
7660 -12.54605241153723 18.72896719431641 -16.29164821708222
7661 16.13816630443597 0.8641683579477304 -12.36759705274863
7662 17.96335881728509 0.9074437717012356 8.932003941236566
7663 5.141852402883077 18.4748291373079 19.60177307935529
7664 15.48259778069452 0.8641683579477304 -13.52168764792959
7665 -7.983999194019184 18.65193591979775 -19.11356208539021
7666 2.648855879423795 18.46772845370784 20.34496114304789
7667 -18.961660590058 18.60549306129055 7.78605613477476
7668 -8.0606205502005 18.59674702238555 19.06752950148959
7669 -10.24544708259059 0.5577052120578525 -18.08313705004038
7670 -16.33937724331708 0.580259686029641 -12.73261730478657
7671 17.28442629423128 0.8688609575325317 10.17296090923578
7672 -16.3476087723874 18.5404455920814 12.40819067411894
7673 -16.42026455573154 0.6607876189100894 12.64988391498238
7674 17.71108562357997 18.48673677488186 -10.38899980291342
7675 7.763444520790252 18.58332344626298 -19.24452671007258
7676 16.50554238697212 0.6524373873768425 12.60716772814681
7677 7.891702675819396 18.4748291373079 19.00032650976621
7678 0.05274902059597619 18.66155542683641 20.70344841015018
7679 17.8682266434306 0.5013206266025962 -10.32408330512613
7680 -20.26908808182471 0.5662760164470848 2.490124907889789
7681 -17.95783628306482 0.6417654283615821 10.40446323749173
7682 16.58391664053388 0.5013206266025962 -12.66637446754551
7683 -10.39349395696559 0.72406031770341 17.81082629029602
7684 -8.231899408416755 0.5577052120578525 -19.07908041115477
7685 3.1077719467163 0.7107910047446939 -20.53397323208905
7686 -11.61866109133996 17.89163557476144 8.225599491172121
7687 7.072608363461761 2.442466296762476 -16.501174527217
7688 -14.59378730667907 14.78806020326326 -7.029416201550832
7689 4.104381896929368 1.700201154878137 -17.89300219686271
7690 -2.014242552555624 4.998778842312972 -13.33637556906947
7691 -7.4444013416683 3.144379337029039 -3.738840637978759
7692 -12.88066481747439 3.177807758911297 3.812266302721111
7693 4.580347845945873 1.175021408030146 7.660231801832607
7694 -9.146993778916107 4.332606712373534 13.96621320777407
7695 -12.96493631576735 1.388622014020929 0.9065640671372706
7696 11.61612039861858 3.143951873548358 -13.32051833963616
7697 11.4086291562651 1.436322303915255 -12.77900466789081
7698 -18.46369261514486 1.5918952806939 -2.899070416085693
7699 -3.853748896618593 17.62909572611236 17.35361770919665
7700 -8.778001695530664 1.601197185874948 16.37310864878856
7701 -13.91556813347416 0.6607876189100894 13.46347997212241
$EndNodes
$Elements
7087
1 9 2 1 2 1 18 394 65 412 413
2 9 2 3 2 1 394 18 413 412 65
3 9 2 1 2 64 1 403 112 414 415
4 9 2 3 2 64 403 1 415 414 112
5 9 2 1 2 1 394 403 413 416 414
6 9 2 3 2 1 403 394 414 416 413
7 9 2 1 2 18 19 214 66 417 418
8 9 2 3 2 18 214 19 418 417 66
9 9 2 1 2 18 214 394 418 419 412
10 9 2 3 2 18 394 214 412 419 418
11 9 2 1 2 19 20 372 67 420 421
12 9 2 3 2 19 372 20 421 420 67
13 9 2 1 2 214 19 372 417 421 422
14 9 2 3 2 214 372 19 422 421 417
15 9 2 1 2 20 21 411 68 423 424
16 9 2 3 2 20 411 21 424 423 68
17 9 2 1 2 372 20 411 420 424 425
18 9 2 3 2 372 411 20 425 424 420
19 9 2 1 2 21 22 221 69 426 427
20 9 2 3 2 21 221 22 427 426 69
21 9 2 1 2 21 221 411 427 428 423
22 9 2 3 2 21 411 221 423 428 427
23 9 2 1 2 22 23 406 70 429 430
24 9 2 3 2 22 406 23 430 429 70
25 9 2 1 2 221 22 406 426 430 431
26 9 2 3 2 221 406 22 431 430 426
27 9 2 1 2 23 24 407 71 432 433
28 9 2 3 2 23 407 24 433 432 71
29 9 2 1 2 23 367 406 434 435 429
30 9 2 3 2 23 406 367 429 435 434
31 9 2 1 2 367 23 407 434 433 436
32 9 2 3 2 367 407 23 436 433 434
33 9 2 1 2 24 25 211 72 437 438
34 9 2 3 2 24 211 25 438 437 72
35 9 2 1 2 24 211 407 438 439 432
36 9 2 3 2 24 407 211 432 439 438
37 9 2 1 2 25 26 387 73 440 441
38 9 2 3 2 25 387 26 441 440 73
39 9 2 1 2 211 25 387 437 441 442
40 9 2 3 2 211 387 25 442 441 437
41 9 2 1 2 26 27 404 74 443 444
42 9 2 3 2 26 404 27 444 443 74
43 9 2 1 2 387 26 404 440 444 445
44 9 2 3 2 387 404 26 445 444 440
45 9 2 1 2 27 28 219 75 446 447
46 9 2 3 2 27 219 28 447 446 75
47 9 2 1 2 27 219 404 447 448 443
48 9 2 3 2 27 404 219 443 448 447
49 9 2 1 2 28 29 399 76 449 450
50 9 2 3 2 28 399 29 450 449 76
51 9 2 1 2 219 28 399 446 450 451
52 9 2 3 2 219 399 28 451 450 446
53 9 2 1 2 29 30 379 77 452 453
54 9 2 3 2 29 379 30 453 452 77
55 9 2 1 2 29 379 399 453 454 449
56 9 2 3 2 29 399 379 449 454 453
57 9 2 1 2 30 31 213 78 455 456
58 9 2 3 2 30 213 31 456 455 78
59 9 2 1 2 30 213 379 456 457 452
60 9 2 3 2 30 379 213 452 457 456
61 9 2 1 2 31 32 391 79 458 459
62 9 2 3 2 31 391 32 459 458 79
63 9 2 1 2 213 31 391 455 459 460
64 9 2 3 2 213 391 31 460 459 455
65 9 2 1 2 32 33 382 80 461 462
66 9 2 3 2 32 382 33 462 461 80
67 9 2 1 2 32 382 391 462 463 458
68 9 2 3 2 32 391 382 458 463 462
69 9 2 1 2 33 34 218 81 464 465
70 9 2 3 2 33 218 34 465 464 81
71 9 2 1 2 33 218 382 465 466 461
72 9 2 3 2 33 382 218 461 466 465
73 9 2 1 2 34 35 390 82 467 468
74 9 2 3 2 34 390 35 468 467 82
75 9 2 1 2 218 34 390 464 468 469
76 9 2 3 2 218 390 34 469 468 464
77 9 2 1 2 35 36 397 83 470 471
78 9 2 3 2 35 397 36 471 470 83
79 9 2 1 2 390 35 397 467 471 472
80 9 2 3 2 390 397 35 472 471 467
81 9 2 1 2 36 37 208 84 473 474
82 9 2 3 2 36 208 37 474 473 84
83 9 2 1 2 36 208 397 474 475 470
84 9 2 3 2 36 397 208 470 475 474
85 9 2 1 2 37 38 410 85 476 477
86 9 2 3 2 37 410 38 477 476 85
87 9 2 1 2 208 37 410 473 477 478
88 9 2 3 2 208 410 37 478 477 473
89 9 2 1 2 38 39 378 86 479 480
90 9 2 3 2 38 378 39 480 479 86
91 9 2 1 2 38 378 410 480 481 476
92 9 2 3 2 38 410 378 476 481 480
93 9 2 1 2 39 40 222 87 482 483
94 9 2 3 2 39 222 40 483 482 87
95 9 2 1 2 39 222 378 483 484 479
96 9 2 3 2 39 378 222 479 484 483
97 9 2 1 2 40 41 374 88 485 486
98 9 2 3 2 40 374 41 486 485 88
99 9 2 1 2 222 40 374 482 486 487
100 9 2 3 2 222 374 40 487 486 482
101 9 2 1 2 41 42 402 89 488 489
102 9 2 3 2 41 402 42 489 488 89
103 9 2 1 2 374 41 402 485 489 490
104 9 2 3 2 374 402 41 490 489 485
105 9 2 1 2 42 43 212 90 491 492
106 9 2 3 2 42 212 43 492 491 90
107 9 2 1 2 42 212 402 492 493 488
108 9 2 3 2 42 402 212 488 493 492
109 9 2 1 2 43 44 381 91 494 495
110 9 2 3 2 43 381 44 495 494 91
111 9 2 1 2 212 43 381 491 495 496
112 9 2 3 2 212 381 43 496 495 491
113 9 2 1 2 44 45 385 92 497 498
114 9 2 3 2 44 385 45 498 497 92
115 9 2 1 2 381 44 385 494 498 499
116 9 2 3 2 381 385 44 499 498 494
117 9 2 1 2 45 46 216 93 500 501
118 9 2 3 2 45 216 46 501 500 93
119 9 2 1 2 45 216 385 501 502 497
120 9 2 3 2 45 385 216 497 502 501
121 9 2 1 2 46 47 376 94 503 504
122 9 2 3 2 46 376 47 504 503 94
123 9 2 1 2 216 46 376 500 504 505
124 9 2 3 2 216 376 46 505 504 500
125 9 2 1 2 47 48 375 95 506 507
126 9 2 3 2 47 375 48 507 506 95
127 9 2 1 2 47 375 376 507 508 503
128 9 2 3 2 47 376 375 503 508 507
129 9 2 1 2 48 49 210 96 509 510
130 9 2 3 2 48 210 49 510 509 96
131 9 2 1 2 48 210 375 510 511 506
132 9 2 3 2 48 375 210 506 511 510
133 9 2 1 2 49 50 398 97 512 513
134 9 2 3 2 49 398 50 513 512 97
135 9 2 1 2 210 49 398 509 513 514
136 9 2 3 2 210 398 49 514 513 509
137 9 2 1 2 50 51 224 98 515 516
138 9 2 3 2 50 224 51 516 515 98
139 9 2 1 2 50 224 398 516 517 512
140 9 2 3 2 50 398 224 512 517 516
141 9 2 1 2 51 52 223 99 518 519
142 9 2 3 2 51 223 52 519 518 99
143 9 2 1 2 51 223 224 519 520 515
144 9 2 3 2 51 224 223 515 520 519
145 9 2 1 2 52 53 364 100 521 522
146 9 2 3 2 52 364 53 522 521 100
147 9 2 1 2 223 52 364 518 522 523
148 9 2 3 2 223 364 52 523 522 518
149 9 2 1 2 53 54 384 101 524 525
150 9 2 3 2 53 384 54 525 524 101
151 9 2 1 2 364 53 384 521 525 526
152 9 2 3 2 364 384 53 526 525 521
153 9 2 1 2 54 55 215 102 527 528
154 9 2 3 2 54 215 55 528 527 102
155 9 2 1 2 54 215 384 528 529 524
156 9 2 3 2 54 384 215 524 529 528
157 9 2 1 2 55 56 369 103 530 531
158 9 2 3 2 55 369 56 531 530 103
159 9 2 1 2 215 55 369 527 531 532
160 9 2 3 2 215 369 55 532 531 527
161 9 2 1 2 56 57 396 104 533 534
162 9 2 3 2 56 396 57 534 533 104
163 9 2 1 2 369 56 396 530 534 535
164 9 2 3 2 369 396 56 535 534 530
165 9 2 1 2 57 58 220 105 536 537
166 9 2 3 2 57 220 58 537 536 105
167 9 2 1 2 57 220 396 537 538 533
168 9 2 3 2 57 396 220 533 538 537
169 9 2 1 2 58 59 371 106 539 540
170 9 2 3 2 58 371 59 540 539 106
171 9 2 1 2 220 58 371 536 540 541
172 9 2 3 2 220 371 58 541 540 536
173 9 2 1 2 59 60 386 107 542 543
174 9 2 3 2 59 386 60 543 542 107
175 9 2 1 2 371 59 386 539 543 544
176 9 2 3 2 371 386 59 544 543 539
177 9 2 1 2 60 61 209 108 545 546
178 9 2 3 2 60 209 61 546 545 108
179 9 2 1 2 60 209 386 546 547 542
180 9 2 3 2 60 386 209 542 547 546
181 9 2 1 2 61 62 380 109 548 549
182 9 2 3 2 61 380 62 549 548 109
183 9 2 1 2 209 61 380 545 549 550
184 9 2 3 2 209 380 61 550 549 545
185 9 2 1 2 62 63 377 110 551 552
186 9 2 3 2 62 377 63 552 551 110
187 9 2 1 2 62 377 380 552 553 548
188 9 2 3 2 62 380 377 548 553 552
189 9 2 1 2 63 64 217 111 554 555
190 9 2 3 2 63 217 64 555 554 111
191 9 2 1 2 63 217 377 555 556 551
192 9 2 3 2 63 377 217 551 556 555
193 9 2 1 2 217 64 403 554 415 557
194 9 2 3 2 217 403 64 557 415 554
195 9 2 1 2 208 365 405 558 559 560
196 9 2 3 2 208 405 365 560 559 558
197 9 2 1 2 365 208 410 558 478 561
198 9 2 3 2 365 410 208 561 478 558
199 9 2 1 2 397 208 405 475 560 562
200 9 2 3 2 397 405 208 562 560 475
201 9 2 1 2 209 347 363 563 564 565
202 9 2 3 2 209 363 347 565 564 563
203 9 2 1 2 347 209 380 563 550 566
204 9 2 3 2 347 380 209 566 550 563
205 9 2 1 2 209 363 386 565 567 547
206 9 2 3 2 209 386 363 547 567 565
207 9 2 1 2 308 210 309 568 569 570
208 9 2 3 2 308 309 210 570 569 568
209 9 2 1 2 210 308 375 568 571 511
210 9 2 3 2 210 375 308 511 571 568
211 9 2 1 2 309 210 312 569 572 573
212 9 2 3 2 309 312 210 573 572 569
213 9 2 1 2 312 210 398 572 514 574
214 9 2 3 2 312 398 210 574 514 572
215 9 2 1 2 211 342 366 575 576 577
216 9 2 3 2 211 366 342 577 576 575
217 9 2 1 2 342 211 387 575 442 578
218 9 2 3 2 342 387 211 578 442 575
219 9 2 1 2 211 366 407 577 579 439
220 9 2 3 2 211 407 366 439 579 577
221 9 2 1 2 373 212 389 580 581 582
222 9 2 3 2 373 389 212 582 581 580
223 9 2 1 2 212 373 402 580 583 493
224 9 2 3 2 212 402 373 493 583 580
225 9 2 1 2 212 381 389 496 584 581
226 9 2 3 2 212 389 381 581 584 496
227 9 2 1 2 213 350 362 585 586 587
228 9 2 3 2 213 362 350 587 586 585
229 9 2 1 2 350 213 391 585 460 588
230 9 2 3 2 350 391 213 588 460 585
231 9 2 1 2 213 362 401 587 589 590
232 9 2 3 2 213 401 362 590 589 587
233 9 2 1 2 379 213 401 457 590 591
234 9 2 3 2 379 401 213 591 590 457
235 9 2 1 2 311 214 372 592 422 593
236 9 2 3 2 311 372 214 593 422 592
237 9 2 1 2 214 311 383 592 594 595
238 9 2 3 2 214 383 311 595 594 592
239 9 2 1 2 214 383 394 595 596 419
240 9 2 3 2 214 394 383 419 596 595
241 9 2 1 2 215 310 384 597 598 529
242 9 2 3 2 215 384 310 529 598 597
243 9 2 1 2 310 215 408 597 599 600
244 9 2 3 2 310 408 215 600 599 597
245 9 2 1 2 215 369 408 532 601 599
246 9 2 3 2 215 408 369 599 601 532
247 9 2 1 2 216 376 400 505 602 603
248 9 2 3 2 216 400 376 603 602 505
249 9 2 1 2 385 216 400 502 603 604
250 9 2 3 2 385 400 216 604 603 502
251 9 2 1 2 217 314 392 605 606 607
252 9 2 3 2 217 392 314 607 606 605
253 9 2 1 2 314 217 403 605 557 608
254 9 2 3 2 314 403 217 608 557 605
255 9 2 1 2 377 217 392 556 607 609
256 9 2 3 2 377 392 217 609 607 556
257 9 2 1 2 218 349 382 610 611 466
258 9 2 3 2 218 382 349 466 611 610
259 9 2 1 2 349 218 409 610 612 613
260 9 2 3 2 349 409 218 613 612 610
261 9 2 1 2 218 390 409 469 614 612
262 9 2 3 2 218 409 390 612 614 469
263 9 2 1 2 343 219 395 615 616 617
264 9 2 3 2 343 395 219 617 616 615
265 9 2 1 2 219 343 404 615 618 448
266 9 2 3 2 219 404 343 448 618 615
267 9 2 1 2 219 345 395 619 620 616
268 9 2 3 2 219 395 345 616 620 619
269 9 2 1 2 345 219 399 619 451 621
270 9 2 3 2 345 399 219 621 451 619
271 9 2 1 2 368 220 370 622 623 624
272 9 2 3 2 368 370 220 624 623 622
273 9 2 1 2 220 368 396 622 625 538
274 9 2 3 2 220 396 368 538 625 622
275 9 2 1 2 370 220 371 623 541 626
276 9 2 3 2 370 371 220 626 541 623
277 9 2 1 2 313 221 388 627 628 629
278 9 2 3 2 313 388 221 629 628 627
279 9 2 1 2 221 313 411 627 630 428
280 9 2 3 2 221 411 313 428 630 627
281 9 2 1 2 388 221 406 628 431 631
282 9 2 3 2 388 406 221 631 431 628
283 9 2 1 2 222 333 378 632 633 484
284 9 2 3 2 222 378 333 484 633 632
285 9 2 1 2 333 222 393 632 634 635
286 9 2 3 2 333 393 222 635 634 632
287 9 2 1 2 222 374 393 487 636 634
288 9 2 3 2 222 393 374 634 636 487
289 9 2 1 2 224 223 225 520 637 638
290 9 2 3 2 224 225 223 638 637 520
291 9 2 1 2 225 223 226 637 639 640
292 9 2 3 2 225 226 223 640 639 637
293 9 2 1 2 226 223 364 639 523 641
294 9 2 3 2 226 364 223 641 523 639
295 9 2 1 2 224 225 312 638 642 643
296 9 2 3 2 224 312 225 643 642 638
297 9 2 1 2 224 312 398 643 574 517
298 9 2 3 2 224 398 312 517 574 643
299 9 2 1 2 225 226 227 640 644 645
300 9 2 3 2 225 227 226 645 644 640
301 9 2 1 2 225 227 316 645 646 647
302 9 2 3 2 225 316 227 647 646 645
303 9 2 1 2 312 225 316 642 647 648
304 9 2 3 2 312 316 225 648 647 642
305 9 2 1 2 227 226 228 644 649 650
306 9 2 3 2 227 228 226 650 649 644
307 9 2 1 2 228 226 310 649 651 652
308 9 2 3 2 228 310 226 652 651 649
309 9 2 1 2 310 226 364 651 641 653
310 9 2 3 2 310 364 226 653 641 651
311 9 2 1 2 227 228 229 650 654 655
312 9 2 3 2 227 229 228 655 654 650
313 9 2 1 2 227 229 230 655 656 657
314 9 2 3 2 227 230 229 657 656 655
315 9 2 1 2 227 230 316 657 658 646
316 9 2 3 2 227 316 230 646 658 657
317 9 2 1 2 229 228 317 654 659 660
318 9 2 3 2 229 317 228 660 659 654
319 9 2 1 2 228 310 315 652 661 662
320 9 2 3 2 228 315 310 662 661 652
321 9 2 1 2 228 315 317 662 663 659
322 9 2 3 2 228 317 315 659 663 662
323 9 2 1 2 230 229 231 656 664 665
324 9 2 3 2 230 231 229 665 664 656
325 9 2 1 2 231 229 232 664 666 667
326 9 2 3 2 231 232 229 667 666 664
327 9 2 1 2 232 229 317 666 660 668
328 9 2 3 2 232 317 229 668 660 666
329 9 2 1 2 230 231 319 665 669 670
330 9 2 3 2 230 319 231 670 669 665
331 9 2 1 2 316 230 361 658 671 672
332 9 2 3 2 316 361 230 672 671 658
333 9 2 1 2 230 319 361 670 673 671
334 9 2 3 2 230 361 319 671 673 670
335 9 2 1 2 231 232 233 667 674 675
336 9 2 3 2 231 233 232 675 674 667
337 9 2 1 2 231 233 234 675 676 677
338 9 2 3 2 231 234 233 677 676 675
339 9 2 1 2 231 234 319 677 678 669
340 9 2 3 2 231 319 234 669 678 677
341 9 2 1 2 233 232 318 674 679 680
342 9 2 3 2 233 318 232 680 679 674
343 9 2 1 2 232 317 321 668 681 682
344 9 2 3 2 232 321 317 682 681 668
345 9 2 1 2 318 232 321 679 682 683
346 9 2 3 2 318 321 232 683 682 679
347 9 2 1 2 234 233 235 676 684 685
348 9 2 3 2 234 235 233 685 684 676
349 9 2 1 2 235 233 236 684 686 687
350 9 2 3 2 235 236 233 687 686 684
351 9 2 1 2 236 233 318 686 680 688
352 9 2 3 2 236 318 233 688 680 686
353 9 2 1 2 234 235 323 685 689 690
354 9 2 3 2 234 323 235 690 689 685
355 9 2 1 2 319 234 360 678 691 692
356 9 2 3 2 319 360 234 692 691 678
357 9 2 1 2 234 323 360 690 693 691
358 9 2 3 2 234 360 323 691 693 690
359 9 2 1 2 235 236 237 687 694 695
360 9 2 3 2 235 237 236 695 694 687
361 9 2 1 2 235 237 238 695 696 697
362 9 2 3 2 235 238 237 697 696 695
363 9 2 1 2 235 238 323 697 698 689
364 9 2 3 2 235 323 238 689 698 697
365 9 2 1 2 237 236 322 694 699 700
366 9 2 3 2 237 322 236 700 699 694
367 9 2 1 2 236 318 320 688 701 702
368 9 2 3 2 236 320 318 702 701 688
369 9 2 1 2 236 320 322 702 703 699
370 9 2 3 2 236 322 320 699 703 702
371 9 2 1 2 238 237 239 696 704 705
372 9 2 3 2 238 239 237 705 704 696
373 9 2 1 2 239 237 240 704 706 707
374 9 2 3 2 239 240 237 707 706 704
375 9 2 1 2 240 237 322 706 700 708
376 9 2 3 2 240 322 237 708 700 706
377 9 2 1 2 238 239 324 705 709 710
378 9 2 3 2 238 324 239 710 709 705
379 9 2 1 2 323 238 357 698 711 712
380 9 2 3 2 323 357 238 712 711 698
381 9 2 1 2 238 324 357 710 713 711
382 9 2 3 2 238 357 324 711 713 710
383 9 2 1 2 239 240 241 707 714 715
384 9 2 3 2 239 241 240 715 714 707
385 9 2 1 2 239 241 242 715 716 717
386 9 2 3 2 239 242 241 717 716 715
387 9 2 1 2 239 242 324 717 718 709
388 9 2 3 2 239 324 242 709 718 717
389 9 2 1 2 241 240 243 714 719 720
390 9 2 3 2 241 243 240 720 719 714
391 9 2 1 2 243 240 245 719 721 722
392 9 2 3 2 243 245 240 722 721 719
393 9 2 1 2 245 240 322 721 708 723
394 9 2 3 2 245 322 240 723 708 721
395 9 2 1 2 242 241 325 716 724 725
396 9 2 3 2 242 325 241 725 724 716
397 9 2 1 2 241 243 244 720 726 727
398 9 2 3 2 241 244 243 727 726 720
399 9 2 1 2 241 244 325 727 728 724
400 9 2 3 2 241 325 244 724 728 727
401 9 2 1 2 324 242 355 718 729 730
402 9 2 3 2 324 355 242 730 729 718
403 9 2 1 2 242 325 356 725 731 732
404 9 2 3 2 242 356 325 732 731 725
405 9 2 1 2 355 242 356 729 732 733
406 9 2 3 2 355 356 242 733 732 729
407 9 2 1 2 244 243 327 726 734 735
408 9 2 3 2 244 327 243 735 734 726
409 9 2 1 2 243 245 246 722 736 737
410 9 2 3 2 243 246 245 737 736 722
411 9 2 1 2 243 246 327 737 738 734
412 9 2 3 2 243 327 246 734 738 737
413 9 2 1 2 325 244 326 728 739 740
414 9 2 3 2 325 326 244 740 739 728
415 9 2 1 2 326 244 354 739 741 742
416 9 2 3 2 326 354 244 742 741 739
417 9 2 1 2 244 327 354 735 743 741
418 9 2 3 2 244 354 327 741 743 735
419 9 2 1 2 246 245 247 736 744 745
420 9 2 3 2 246 247 245 745 744 736
421 9 2 1 2 247 245 358 744 746 747
422 9 2 3 2 247 358 245 747 746 744
423 9 2 1 2 245 322 358 723 748 746
424 9 2 3 2 245 358 322 746 748 723
425 9 2 1 2 246 247 248 745 749 750
426 9 2 3 2 246 248 247 750 749 745
427 9 2 1 2 246 248 249 750 751 752
428 9 2 3 2 246 249 248 752 751 750
429 9 2 1 2 246 249 327 752 753 738
430 9 2 3 2 246 327 249 738 753 752
431 9 2 1 2 248 247 250 749 754 755
432 9 2 3 2 248 250 247 755 754 749
433 9 2 1 2 250 247 251 754 756 757
434 9 2 3 2 250 251 247 757 756 754
435 9 2 1 2 251 247 358 756 747 758
436 9 2 3 2 251 358 247 758 747 756
437 9 2 1 2 249 248 254 751 759 760
438 9 2 3 2 249 254 248 760 759 751
439 9 2 1 2 248 250 335 755 761 762
440 9 2 3 2 248 335 250 762 761 755
441 9 2 1 2 254 248 335 759 762 763
442 9 2 3 2 254 335 248 763 762 759
443 9 2 1 2 249 254 255 760 764 765
444 9 2 3 2 249 255 254 765 764 760
445 9 2 1 2 249 255 260 765 766 767
446 9 2 3 2 249 260 255 767 766 765
447 9 2 1 2 249 260 327 767 768 753
448 9 2 3 2 249 327 260 753 768 767
449 9 2 1 2 250 251 252 757 769 770
450 9 2 3 2 250 252 251 770 769 757
451 9 2 1 2 250 252 257 770 771 772
452 9 2 3 2 250 257 252 772 771 770
453 9 2 1 2 250 257 335 772 773 761
454 9 2 3 2 250 335 257 761 773 772
455 9 2 1 2 252 251 253 769 774 775
456 9 2 3 2 252 253 251 775 774 769
457 9 2 1 2 253 251 258 774 776 777
458 9 2 3 2 253 258 251 777 776 774
459 9 2 1 2 258 251 358 776 758 778
460 9 2 3 2 258 358 251 778 758 776
461 9 2 1 2 252 253 346 775 779 780
462 9 2 3 2 252 346 253 780 779 775
463 9 2 1 2 257 252 302 771 781 782
464 9 2 3 2 257 302 252 782 781 771
465 9 2 1 2 302 252 346 781 780 783
466 9 2 3 2 302 346 252 783 780 781
467 9 2 1 2 253 258 259 777 784 785
468 9 2 3 2 253 259 258 785 784 777
469 9 2 1 2 253 259 263 785 786 787
470 9 2 3 2 253 263 259 787 786 785
471 9 2 1 2 253 263 346 787 788 779
472 9 2 3 2 253 346 263 779 788 787
473 9 2 1 2 255 254 256 764 789 790
474 9 2 3 2 255 256 254 790 789 764
475 9 2 1 2 256 254 267 789 791 792
476 9 2 3 2 256 267 254 792 791 789
477 9 2 1 2 267 254 335 791 763 793
478 9 2 3 2 267 335 254 793 763 791
479 9 2 1 2 255 256 340 790 794 795
480 9 2 3 2 255 340 256 795 794 790
481 9 2 1 2 260 255 261 766 796 797
482 9 2 3 2 260 261 255 797 796 766
483 9 2 1 2 261 255 340 796 795 798
484 9 2 3 2 261 340 255 798 795 796
485 9 2 1 2 256 267 311 792 799 800
486 9 2 3 2 256 311 267 800 799 792
487 9 2 1 2 256 311 313 800 801 802
488 9 2 3 2 256 313 311 802 801 800
489 9 2 1 2 256 313 340 802 803 794
490 9 2 3 2 256 340 313 794 803 802
491 9 2 1 2 257 302 314 782 804 805
492 9 2 3 2 257 314 302 805 804 782
493 9 2 1 2 257 314 328 805 806 807
494 9 2 3 2 257 328 314 807 806 805
495 9 2 1 2 257 328 335 807 808 773
496 9 2 3 2 257 335 328 773 808 807
497 9 2 1 2 259 258 359 784 809 810
498 9 2 3 2 259 359 258 810 809 784
499 9 2 1 2 320 258 358 811 778 812
500 9 2 3 2 320 358 258 812 778 811
501 9 2 1 2 258 320 359 811 813 809
502 9 2 3 2 258 359 320 809 813 811
503 9 2 1 2 263 259 264 786 814 815
504 9 2 3 2 263 264 259 815 814 786
505 9 2 1 2 264 259 265 814 816 817
506 9 2 3 2 264 265 259 817 816 814
507 9 2 1 2 265 259 359 816 810 818
508 9 2 3 2 265 359 259 818 810 816
509 9 2 1 2 260 261 262 797 819 820
510 9 2 3 2 260 262 261 820 819 797
511 9 2 1 2 260 262 354 820 821 822
512 9 2 3 2 260 354 262 822 821 820
513 9 2 1 2 327 260 354 768 822 743
514 9 2 3 2 327 354 260 743 822 768
515 9 2 1 2 262 261 268 819 823 824
516 9 2 3 2 262 268 261 824 823 819
517 9 2 1 2 268 261 303 823 825 826
518 9 2 3 2 268 303 261 826 825 823
519 9 2 1 2 303 261 340 825 798 827
520 9 2 3 2 303 340 261 827 798 825
521 9 2 1 2 262 268 269 824 828 829
522 9 2 3 2 262 269 268 829 828 824
523 9 2 1 2 262 269 270 829 830 831
524 9 2 3 2 262 270 269 831 830 829
525 9 2 1 2 262 270 354 831 832 821
526 9 2 3 2 262 354 270 821 832 831
527 9 2 1 2 263 264 304 815 833 834
528 9 2 3 2 263 304 264 834 833 815
529 9 2 1 2 263 304 363 834 835 836
530 9 2 3 2 263 363 304 836 835 834
531 9 2 1 2 346 263 363 788 836 837
532 9 2 3 2 346 363 263 837 836 788
533 9 2 1 2 264 265 266 817 838 839
534 9 2 3 2 264 266 265 839 838 817
535 9 2 1 2 264 266 370 839 840 841
536 9 2 3 2 264 370 266 841 840 839
537 9 2 1 2 304 264 370 833 841 842
538 9 2 3 2 304 370 264 842 841 833
539 9 2 1 2 266 265 296 838 843 844
540 9 2 3 2 266 296 265 844 843 838
541 9 2 1 2 296 265 321 843 845 846
542 9 2 3 2 296 321 265 846 845 843
543 9 2 1 2 321 265 359 845 818 847
544 9 2 3 2 321 359 265 847 818 845
545 9 2 1 2 266 296 306 844 848 849
546 9 2 3 2 266 306 296 849 848 844
547 9 2 1 2 266 306 368 849 850 851
548 9 2 3 2 266 368 306 851 850 849
549 9 2 1 2 266 368 370 851 624 840
550 9 2 3 2 266 370 368 840 624 851
551 9 2 1 2 311 267 383 799 852 594
552 9 2 3 2 311 383 267 594 852 799
553 9 2 1 2 328 267 335 853 793 808
554 9 2 3 2 328 335 267 808 793 853
555 9 2 1 2 267 328 383 853 854 852
556 9 2 3 2 267 383 328 852 854 853
557 9 2 1 2 269 268 342 828 855 856
558 9 2 3 2 269 342 268 856 855 828
559 9 2 1 2 268 303 366 826 857 858
560 9 2 3 2 268 366 303 858 857 826
561 9 2 1 2 342 268 366 855 858 576
562 9 2 3 2 342 366 268 576 858 855
563 9 2 1 2 270 269 271 830 859 860
564 9 2 3 2 270 271 269 860 859 830
565 9 2 1 2 271 269 305 859 861 862
566 9 2 3 2 271 305 269 862 861 859
567 9 2 1 2 305 269 342 861 856 863
568 9 2 3 2 305 342 269 863 856 861
569 9 2 1 2 270 271 272 860 864 865
570 9 2 3 2 270 272 271 865 864 860
571 9 2 1 2 270 272 326 865 866 867
572 9 2 3 2 270 326 272 867 866 865
573 9 2 1 2 270 326 354 867 742 832
574 9 2 3 2 270 354 326 832 742 867
575 9 2 1 2 272 271 273 864 868 869
576 9 2 3 2 272 273 271 869 868 864
577 9 2 1 2 273 271 344 868 870 871
578 9 2 3 2 273 344 271 871 870 868
579 9 2 1 2 271 305 344 862 872 870
580 9 2 3 2 271 344 305 870 872 862
581 9 2 1 2 272 273 274 869 873 874
582 9 2 3 2 272 274 273 874 873 869
583 9 2 1 2 272 274 341 874 875 876
584 9 2 3 2 272 341 274 876 875 874
585 9 2 1 2 326 272 341 866 876 877
586 9 2 3 2 326 341 272 877 876 866
587 9 2 1 2 274 273 275 873 878 879
588 9 2 3 2 274 275 273 879 878 873
589 9 2 1 2 275 273 295 878 880 881
590 9 2 3 2 275 295 273 881 880 878
591 9 2 1 2 295 273 344 880 871 882
592 9 2 3 2 295 344 273 882 871 880
593 9 2 1 2 274 275 276 879 883 884
594 9 2 3 2 274 276 275 884 883 879
595 9 2 1 2 274 276 277 884 885 886
596 9 2 3 2 274 277 276 886 885 884
597 9 2 1 2 274 277 341 886 887 875
598 9 2 3 2 274 341 277 875 887 886
599 9 2 1 2 276 275 294 883 888 889
600 9 2 3 2 276 294 275 889 888 883
601 9 2 1 2 294 275 362 888 890 891
602 9 2 3 2 294 362 275 891 890 888
603 9 2 1 2 275 295 362 881 892 890
604 9 2 3 2 275 362 295 890 892 881
605 9 2 1 2 277 276 278 885 893 894
606 9 2 3 2 277 278 276 894 893 885
607 9 2 1 2 278 276 348 893 895 896
608 9 2 3 2 278 348 276 896 895 893
609 9 2 1 2 276 294 348 889 897 895
610 9 2 3 2 276 348 294 895 897 889
611 9 2 1 2 277 278 279 894 898 899
612 9 2 3 2 277 279 278 899 898 894
613 9 2 1 2 277 279 356 899 900 901
614 9 2 3 2 277 356 279 901 900 899
615 9 2 1 2 341 277 356 887 901 902
616 9 2 3 2 341 356 277 902 901 887
617 9 2 1 2 279 278 280 898 903 904
618 9 2 3 2 279 280 278 904 903 898
619 9 2 1 2 280 278 286 903 905 906
620 9 2 3 2 280 286 278 906 905 903
621 9 2 1 2 286 278 348 905 896 907
622 9 2 3 2 286 348 278 907 896 905
623 9 2 1 2 279 280 281 904 908 909
624 9 2 3 2 279 281 280 909 908 904
625 9 2 1 2 279 281 355 909 910 911
626 9 2 3 2 279 355 281 911 910 909
627 9 2 1 2 279 355 356 911 733 900
628 9 2 3 2 279 356 355 900 733 911
629 9 2 1 2 281 280 282 908 912 913
630 9 2 3 2 281 282 280 913 912 908
631 9 2 1 2 282 280 336 912 914 915
632 9 2 3 2 282 336 280 915 914 912
633 9 2 1 2 280 286 336 906 916 914
634 9 2 3 2 280 336 286 914 916 906
635 9 2 1 2 281 282 283 913 917 918
636 9 2 3 2 281 283 282 918 917 913
637 9 2 1 2 281 283 299 918 919 920
638 9 2 3 2 281 299 283 920 919 918
639 9 2 1 2 281 299 355 920 921 910
640 9 2 3 2 281 355 299 910 921 920
641 9 2 1 2 283 282 284 917 922 923
642 9 2 3 2 283 284 282 923 922 917
643 9 2 1 2 284 282 291 922 924 925
644 9 2 3 2 284 291 282 925 924 922
645 9 2 1 2 291 282 336 924 915 926
646 9 2 3 2 291 336 282 926 915 924
647 9 2 1 2 283 284 285 923 927 928
648 9 2 3 2 283 285 284 928 927 923
649 9 2 1 2 283 285 351 928 929 930
650 9 2 3 2 283 351 285 930 929 928
651 9 2 1 2 299 283 351 919 930 931
652 9 2 3 2 299 351 283 931 930 919
653 9 2 1 2 285 284 287 927 932 933
654 9 2 3 2 285 287 284 933 932 927
655 9 2 1 2 287 284 332 932 934 935
656 9 2 3 2 287 332 284 935 934 932
657 9 2 1 2 284 291 332 925 936 934
658 9 2 3 2 284 332 291 934 936 925
659 9 2 1 2 285 287 288 933 937 938
660 9 2 3 2 285 288 287 938 937 933
661 9 2 1 2 285 288 289 938 939 940
662 9 2 3 2 285 289 288 940 939 938
663 9 2 1 2 285 289 351 940 941 929
664 9 2 3 2 285 351 289 929 941 940
665 9 2 1 2 336 286 337 916 942 943
666 9 2 3 2 336 337 286 943 942 916
667 9 2 1 2 337 286 338 942 944 945
668 9 2 3 2 337 338 286 945 944 942
669 9 2 1 2 338 286 348 944 907 946
670 9 2 3 2 338 348 286 946 907 944
671 9 2 1 2 288 287 330 937 947 948
672 9 2 3 2 288 330 287 948 947 937
673 9 2 1 2 330 287 331 947 949 950
674 9 2 3 2 330 331 287 950 949 947
675 9 2 1 2 331 287 332 949 935 951
676 9 2 3 2 331 332 287 951 935 949
677 9 2 1 2 289 288 290 939 952 953
678 9 2 3 2 289 290 288 953 952 939
679 9 2 1 2 290 288 301 952 954 955
680 9 2 3 2 290 301 288 955 954 952
681 9 2 1 2 301 288 330 954 948 956
682 9 2 3 2 301 330 288 956 948 954
683 9 2 1 2 289 290 292 953 957 958
684 9 2 3 2 289 292 290 958 957 953
685 9 2 1 2 289 292 300 958 959 960
686 9 2 3 2 289 300 292 960 959 958
687 9 2 1 2 289 300 351 960 961 941
688 9 2 3 2 289 351 300 941 961 960
689 9 2 1 2 292 290 293 957 962 963
690 9 2 3 2 292 293 290 963 962 957
691 9 2 1 2 293 290 352 962 964 965
692 9 2 3 2 293 352 290 965 964 962
693 9 2 1 2 290 301 352 955 966 964
694 9 2 3 2 290 352 301 964 966 955
695 9 2 1 2 332 291 333 936 967 968
696 9 2 3 2 332 333 291 968 967 936
697 9 2 1 2 333 291 334 967 969 970
698 9 2 3 2 333 334 291 970 969 967
699 9 2 1 2 334 291 336 969 926 971
700 9 2 3 2 334 336 291 971 926 969
701 9 2 1 2 292 293 297 963 972 973
702 9 2 3 2 292 297 293 973 972 963
703 9 2 1 2 292 297 360 973 974 975
704 9 2 3 2 292 360 297 975 974 973
705 9 2 1 2 300 292 360 959 975 976
706 9 2 3 2 300 360 292 976 975 959
707 9 2 1 2 297 293 298 972 977 978
708 9 2 3 2 297 298 293 978 977 972
709 9 2 1 2 298 293 307 977 979 980
710 9 2 3 2 298 307 293 980 979 977
711 9 2 1 2 307 293 352 979 965 981
712 9 2 3 2 307 352 293 981 965 979
713 9 2 1 2 348 294 349 897 982 983
714 9 2 3 2 348 349 294 983 982 897
715 9 2 1 2 349 294 350 982 984 985
716 9 2 3 2 349 350 294 985 984 982
717 9 2 1 2 350 294 362 984 891 586
718 9 2 3 2 350 362 294 586 891 984
719 9 2 1 2 295 344 345 882 986 987
720 9 2 3 2 295 345 344 987 986 882
721 9 2 1 2 295 345 401 987 988 989
722 9 2 3 2 295 401 345 989 988 987
723 9 2 1 2 362 295 401 892 989 589
724 9 2 3 2 362 401 295 589 989 892
725 9 2 1 2 306 296 315 848 990 991
726 9 2 3 2 306 315 296 991 990 848
727 9 2 1 2 315 296 317 990 992 663
728 9 2 3 2 315 317 296 663 992 990
729 9 2 1 2 317 296 321 992 846 681
730 9 2 3 2 317 321 296 681 846 992
731 9 2 1 2 297 298 361 978 993 994
732 9 2 3 2 297 361 298 994 993 978
733 9 2 1 2 297 319 360 995 692 974
734 9 2 3 2 297 360 319 974 692 995
735 9 2 1 2 319 297 361 995 994 673
736 9 2 3 2 319 361 297 673 994 995
737 9 2 1 2 298 307 308 980 996 997
738 9 2 3 2 298 308 307 997 996 980
739 9 2 1 2 298 308 309 997 570 998
740 9 2 3 2 298 309 308 998 570 997
741 9 2 1 2 298 309 361 998 999 993
742 9 2 3 2 298 361 309 993 999 998
743 9 2 1 2 299 324 355 1000 730 921
744 9 2 3 2 299 355 324 921 730 1000
745 9 2 1 2 324 299 357 1000 1001 713
746 9 2 3 2 324 357 299 713 1001 1000
747 9 2 1 2 299 351 357 931 1002 1001
748 9 2 3 2 299 357 351 1001 1002 931
749 9 2 1 2 300 323 357 1003 712 1004
750 9 2 3 2 300 357 323 1004 712 1003
751 9 2 1 2 323 300 360 1003 976 693
752 9 2 3 2 323 360 300 693 976 1003
753 9 2 1 2 351 300 357 961 1004 1002
754 9 2 3 2 351 357 300 1002 1004 961
755 9 2 1 2 301 330 389 956 1005 1006
756 9 2 3 2 301 389 330 1006 1005 956
757 9 2 1 2 352 301 353 966 1007 1008
758 9 2 3 2 352 353 301 1008 1007 966
759 9 2 1 2 353 301 389 1007 1006 1009
760 9 2 3 2 353 389 301 1009 1006 1007
761 9 2 1 2 314 302 392 804 1010 606
762 9 2 3 2 314 392 302 606 1010 804
763 9 2 1 2 302 346 347 783 1011 1012
764 9 2 3 2 302 347 346 1012 1011 783
765 9 2 1 2 302 347 392 1012 1013 1010
766 9 2 3 2 302 392 347 1010 1013 1012
767 9 2 1 2 303 340 388 827 1014 1015
768 9 2 3 2 303 388 340 1015 1014 827
769 9 2 1 2 366 303 367 857 1016 1017
770 9 2 3 2 366 367 303 1017 1016 857
771 9 2 1 2 367 303 388 1016 1015 1018
772 9 2 3 2 367 388 303 1018 1015 1016
773 9 2 1 2 363 304 386 835 1019 567
774 9 2 3 2 363 386 304 567 1019 835
775 9 2 1 2 304 370 371 842 626 1020
776 9 2 3 2 304 371 370 1020 626 842
777 9 2 1 2 304 371 386 1020 544 1019
778 9 2 3 2 304 386 371 1019 544 1020
779 9 2 1 2 305 342 343 863 1021 1022
780 9 2 3 2 305 343 342 1022 1021 863
781 9 2 1 2 305 343 395 1022 617 1023
782 9 2 3 2 305 395 343 1023 617 1022
783 9 2 1 2 344 305 395 872 1023 1024
784 9 2 3 2 344 395 305 1024 1023 872
785 9 2 1 2 306 315 408 991 1025 1026
786 9 2 3 2 306 408 315 1026 1025 991
787 9 2 1 2 368 306 369 850 1027 1028
788 9 2 3 2 368 369 306 1028 1027 850
789 9 2 1 2 369 306 408 1027 1026 601
790 9 2 3 2 369 408 306 601 1026 1027
791 9 2 1 2 308 307 376 996 1029 1030
792 9 2 3 2 308 376 307 1030 1029 996
793 9 2 1 2 307 352 400 981 1031 1032
794 9 2 3 2 307 400 352 1032 1031 981
795 9 2 1 2 376 307 400 1029 1032 602
796 9 2 3 2 376 400 307 602 1032 1029
797 9 2 1 2 375 308 376 571 1030 508
798 9 2 3 2 375 376 308 508 1030 571
799 9 2 1 2 309 312 316 573 648 1033
800 9 2 3 2 309 316 312 1033 648 573
801 9 2 1 2 309 316 361 1033 672 999
802 9 2 3 2 309 361 316 999 672 1033
803 9 2 1 2 315 310 408 661 600 1025
804 9 2 3 2 315 408 310 1025 600 661
805 9 2 1 2 310 364 384 653 526 598
806 9 2 3 2 310 384 364 598 526 653
807 9 2 1 2 313 311 372 801 593 1034
808 9 2 3 2 313 372 311 1034 593 801
809 9 2 1 2 340 313 388 803 629 1014
810 9 2 3 2 340 388 313 1014 629 803
811 9 2 1 2 313 372 411 1034 425 630
812 9 2 3 2 313 411 372 630 425 1034
813 9 2 1 2 328 314 329 806 1035 1036
814 9 2 3 2 328 329 314 1036 1035 806
815 9 2 1 2 329 314 403 1035 608 1037
816 9 2 3 2 329 403 314 1037 608 1035
817 9 2 1 2 320 318 359 701 1038 813
818 9 2 3 2 320 359 318 813 1038 701
819 9 2 1 2 318 321 359 683 847 1038
820 9 2 3 2 318 359 321 1038 847 683
821 9 2 1 2 322 320 358 703 812 748
822 9 2 3 2 322 358 320 748 812 703
823 9 2 1 2 325 326 341 740 877 1039
824 9 2 3 2 325 341 326 1039 877 740
825 9 2 1 2 325 341 356 1039 902 731
826 9 2 3 2 325 356 341 731 902 1039
827 9 2 1 2 328 329 383 1036 1040 854
828 9 2 3 2 328 383 329 854 1040 1036
829 9 2 1 2 383 329 394 1040 1041 596
830 9 2 3 2 383 394 329 596 1041 1040
831 9 2 1 2 394 329 403 1041 1037 416
832 9 2 3 2 394 403 329 416 1037 1041
833 9 2 1 2 330 331 373 950 1042 1043
834 9 2 3 2 330 373 331 1043 1042 950
835 9 2 1 2 330 373 389 1043 582 1005
836 9 2 3 2 330 389 373 1005 582 1043
837 9 2 1 2 331 332 393 951 1044 1045
838 9 2 3 2 331 393 332 1045 1044 951
839 9 2 1 2 373 331 374 1042 1046 1047
840 9 2 3 2 373 374 331 1047 1046 1042
841 9 2 1 2 374 331 393 1046 1045 636
842 9 2 3 2 374 393 331 636 1045 1046
843 9 2 1 2 332 333 393 968 635 1044
844 9 2 3 2 332 393 333 1044 635 968
845 9 2 1 2 333 334 365 970 1048 1049
846 9 2 3 2 333 365 334 1049 1048 970
847 9 2 1 2 333 365 378 1049 1050 633
848 9 2 3 2 333 378 365 633 1050 1049
849 9 2 1 2 334 336 337 971 943 1051
850 9 2 3 2 334 337 336 1051 943 971
851 9 2 1 2 334 337 405 1051 1052 1053
852 9 2 3 2 334 405 337 1053 1052 1051
853 9 2 1 2 365 334 405 1048 1053 559
854 9 2 3 2 365 405 334 559 1053 1048
855 9 2 1 2 337 338 339 945 1054 1055
856 9 2 3 2 337 339 338 1055 1054 945
857 9 2 1 2 337 339 405 1055 1056 1052
858 9 2 3 2 337 405 339 1052 1056 1055
859 9 2 1 2 339 338 409 1054 1057 1058
860 9 2 3 2 339 409 338 1058 1057 1054
861 9 2 1 2 338 348 349 946 983 1059
862 9 2 3 2 338 349 348 1059 983 946
863 9 2 1 2 338 349 409 1059 613 1057
864 9 2 3 2 338 409 349 1057 613 1059
865 9 2 1 2 339 390 397 1060 472 1061
866 9 2 3 2 339 397 390 1061 472 1060
867 9 2 1 2 390 339 409 1060 1058 614
868 9 2 3 2 390 409 339 614 1058 1060
869 9 2 1 2 339 397 405 1061 562 1056
870 9 2 3 2 339 405 397 1056 562 1061
871 9 2 1 2 343 342 387 1021 578 1062
872 9 2 3 2 343 387 342 1062 578 1021
873 9 2 1 2 343 387 404 1062 445 618
874 9 2 3 2 343 404 387 618 445 1062
875 9 2 1 2 345 344 395 986 1024 620
876 9 2 3 2 345 395 344 620 1024 986
877 9 2 1 2 379 345 399 1063 621 454
878 9 2 3 2 379 399 345 454 621 1063
879 9 2 1 2 345 379 401 1063 591 988
880 9 2 3 2 345 401 379 988 591 1063
881 9 2 1 2 347 346 363 1011 837 564
882 9 2 3 2 347 363 346 564 837 1011
883 9 2 1 2 377 347 380 1064 566 553
884 9 2 3 2 377 380 347 553 566 1064
885 9 2 1 2 347 377 392 1064 609 1013
886 9 2 3 2 347 392 377 1013 609 1064
887 9 2 1 2 349 350 382 985 1065 611
888 9 2 3 2 349 382 350 611 1065 985
889 9 2 1 2 382 350 391 1065 588 463
890 9 2 3 2 382 391 350 463 588 1065
891 9 2 1 2 352 353 400 1008 1066 1031
892 9 2 3 2 352 400 353 1031 1066 1008
893 9 2 1 2 353 381 385 1067 499 1068
894 9 2 3 2 353 385 381 1068 499 1067
895 9 2 1 2 381 353 389 1067 1009 584
896 9 2 3 2 381 389 353 584 1009 1067
897 9 2 1 2 353 385 400 1068 604 1066
898 9 2 3 2 353 400 385 1066 604 1068
899 9 2 1 2 378 365 410 1050 561 481
900 9 2 3 2 378 410 365 481 561 1050
901 9 2 1 2 366 367 407 1017 436 579
902 9 2 3 2 366 407 367 579 436 1017
903 9 2 1 2 367 388 406 1018 631 435
904 9 2 3 2 367 406 388 435 631 1018
905 9 2 1 2 368 369 396 1028 535 625
906 9 2 3 2 368 396 369 625 535 1028
907 9 2 1 2 373 374 402 1047 490 583
908 9 2 3 2 373 402 374 583 490 1047
909 9 2 3 3 3 1397 1 1400 1399 10
910 9 2 3 3 1 1398 3 1402 1401 10
911 9 2 3 3 18 1398 1 1403 1402 65
912 9 2 3 3 1 1397 64 1399 1404 112
913 9 2 3 3 2 1382 9 1406 1405 17
914 9 2 3 3 9 1383 2 1408 1407 17
915 9 2 3 3 2 1383 113 1407 1409 160
916 9 2 3 3 159 1382 2 1410 1406 207
917 9 2 3 3 3 1388 4 1412 1411 11
918 9 2 3 3 4 1389 3 1414 1413 11
919 9 2 3 3 3 1398 1388 1401 1415 1412
920 9 2 3 3 1389 1397 3 1416 1400 1413
921 9 2 3 3 5 1098 4 1418 1417 12
922 9 2 3 3 4 1099 5 1420 1419 12
923 9 2 3 3 1098 1389 4 1421 1414 1417
924 9 2 3 3 4 1388 1099 1411 1422 1420
925 9 2 3 3 5 1293 6 1424 1423 13
926 9 2 3 3 6 1337 5 1426 1425 13
927 9 2 3 3 5 1337 1098 1425 1427 1418
928 9 2 3 3 1099 1293 5 1428 1424 1419
929 9 2 3 3 7 1084 6 1430 1429 14
930 9 2 3 3 6 1096 7 1432 1431 14
931 9 2 3 3 1084 1337 6 1433 1426 1429
932 9 2 3 3 6 1293 1096 1423 1434 1432
933 9 2 3 3 7 1292 8 1436 1435 15
934 9 2 3 3 8 1294 7 1438 1437 15
935 9 2 3 3 7 1294 1084 1437 1439 1430
936 9 2 3 3 1096 1292 7 1440 1436 1431
937 9 2 3 3 8 1105 9 1442 1441 16
938 9 2 3 3 9 1106 8 1444 1443 16
939 9 2 3 3 8 1292 1105 1435 1445 1442
940 9 2 3 3 1106 1294 8 1446 1438 1443
941 9 2 3 3 1105 1383 9 1447 1408 1441
942 9 2 3 3 9 1382 1106 1405 1448 1444
943 9 2 3 3 19 1108 18 1450 1449 66
944 9 2 3 3 1108 1398 18 1451 1403 1449
945 9 2 3 3 20 1104 19 1453 1452 67
946 9 2 3 3 1104 1108 19 1454 1450 1452
947 9 2 3 3 21 1320 20 1456 1455 68
948 9 2 3 3 20 1320 1104 1455 1457 1453
949 9 2 3 3 22 1069 21 1459 1458 69
950 9 2 3 3 1069 1320 21 1460 1456 1458
951 9 2 3 3 23 1361 22 1462 1461 70
952 9 2 3 3 22 1361 1069 1461 1463 1459
953 9 2 3 3 24 1365 23 1465 1464 71
954 9 2 3 3 23 1365 1361 1464 1466 1462
955 9 2 3 3 25 1080 24 1468 1467 72
956 9 2 3 3 1080 1365 24 1469 1465 1467
957 9 2 3 3 26 1332 25 1471 1470 73
958 9 2 3 3 25 1332 1080 1470 1472 1468
959 9 2 3 3 27 1393 26 1474 1473 74
960 9 2 3 3 26 1393 1332 1473 1475 1471
961 9 2 3 3 28 1093 27 1477 1476 75
962 9 2 3 3 1093 1393 27 1478 1474 1476
963 9 2 3 3 29 1340 28 1480 1479 76
964 9 2 3 3 28 1340 1093 1479 1481 1477
965 9 2 3 3 30 1333 29 1483 1482 77
966 9 2 3 3 1333 1340 29 1484 1480 1482
967 9 2 3 3 31 1078 30 1486 1485 78
968 9 2 3 3 1078 1333 30 1487 1483 1485
969 9 2 3 3 32 1298 31 1489 1488 79
970 9 2 3 3 31 1298 1078 1488 1490 1486
971 9 2 3 3 33 1360 32 1492 1491 80
972 9 2 3 3 32 1360 1298 1491 1493 1489
973 9 2 3 3 34 1091 33 1495 1494 81
974 9 2 3 3 1091 1360 33 1496 1492 1494
975 9 2 3 3 35 1375 34 1498 1497 82
976 9 2 3 3 34 1375 1091 1497 1499 1495
977 9 2 3 3 36 1322 35 1501 1500 83
978 9 2 3 3 1322 1375 35 1502 1498 1500
979 9 2 3 3 37 1076 36 1504 1503 84
980 9 2 3 3 1076 1322 36 1505 1501 1503
981 9 2 3 3 38 1230 37 1507 1506 85
982 9 2 3 3 37 1230 1076 1506 1508 1504
983 9 2 3 3 39 1334 38 1510 1509 86
984 9 2 3 3 38 1334 1230 1509 1511 1507
985 9 2 3 3 40 1092 39 1513 1512 87
986 9 2 3 3 1092 1334 39 1514 1510 1512
987 9 2 3 3 41 1335 40 1516 1515 88
988 9 2 3 3 40 1335 1092 1515 1517 1513
989 9 2 3 3 42 1359 41 1519 1518 89
990 9 2 3 3 41 1359 1335 1518 1520 1516
991 9 2 3 3 43 1074 42 1522 1521 90
992 9 2 3 3 1074 1359 42 1523 1519 1521
993 9 2 3 3 44 1390 43 1525 1524 91
994 9 2 3 3 43 1390 1074 1524 1526 1522
995 9 2 3 3 45 1346 44 1528 1527 92
996 9 2 3 3 1346 1390 44 1529 1525 1527
997 9 2 3 3 46 1090 45 1531 1530 93
998 9 2 3 3 1090 1346 45 1532 1528 1530
999 9 2 3 3 47 1357 46 1534 1533 94
1000 9 2 3 3 46 1357 1090 1533 1535 1531
1001 9 2 3 3 48 1354 47 1537 1536 95
1002 9 2 3 3 1354 1357 47 1538 1534 1536
1003 9 2 3 3 49 1071 48 1540 1539 96
1004 9 2 3 3 1071 1354 48 1541 1537 1539
1005 9 2 3 3 50 1392 49 1543 1542 97
1006 9 2 3 3 49 1392 1071 1542 1544 1540
1007 9 2 3 3 51 1343 50 1546 1545 98
1008 9 2 3 3 1343 1392 50 1547 1543 1545
1009 9 2 3 3 52 1094 51 1549 1548 99
1010 9 2 3 3 1094 1343 51 1550 1546 1548
1011 9 2 3 3 53 1349 52 1552 1551 100
1012 9 2 3 3 52 1349 1094 1551 1553 1549
1013 9 2 3 3 54 1330 53 1555 1554 101
1014 9 2 3 3 1330 1349 53 1556 1552 1554
1015 9 2 3 3 55 1081 54 1558 1557 102
1016 9 2 3 3 1081 1330 54 1559 1555 1557
1017 9 2 3 3 56 1331 55 1561 1560 103
1018 9 2 3 3 55 1331 1081 1560 1562 1558
1019 9 2 3 3 57 1336 56 1564 1563 104
1020 9 2 3 3 56 1336 1331 1563 1565 1561
1021 9 2 3 3 58 1095 57 1567 1566 105
1022 9 2 3 3 1095 1336 57 1568 1564 1566
1023 9 2 3 3 59 1307 58 1570 1569 106
1024 9 2 3 3 58 1307 1095 1569 1571 1567
1025 9 2 3 3 60 1380 59 1573 1572 107
1026 9 2 3 3 59 1380 1307 1572 1574 1570
1027 9 2 3 3 61 1070 60 1576 1575 108
1028 9 2 3 3 1070 1380 60 1577 1573 1575
1029 9 2 3 3 62 1317 61 1579 1578 109
1030 9 2 3 3 61 1317 1070 1578 1580 1576
1031 9 2 3 3 63 1103 62 1582 1581 110
1032 9 2 3 3 1103 1317 62 1583 1579 1581
1033 9 2 3 3 64 1107 63 1585 1584 111
1034 9 2 3 3 63 1107 1103 1584 1586 1582
1035 9 2 3 3 64 1397 1107 1404 1587 1585
1036 9 2 3 3 113 1347 114 1589 1588 161
1037 9 2 3 3 113 1383 1347 1409 1590 1589
1038 9 2 3 3 114 1321 115 1592 1591 162
1039 9 2 3 3 114 1347 1321 1588 1593 1592
1040 9 2 3 3 115 1100 116 1595 1594 163
1041 9 2 3 3 115 1321 1100 1591 1596 1595
1042 9 2 3 3 116 1394 117 1598 1597 164
1043 9 2 3 3 1100 1394 116 1599 1598 1594
1044 9 2 3 3 117 1083 118 1601 1600 165
1045 9 2 3 3 117 1394 1083 1597 1602 1601
1046 9 2 3 3 118 1323 119 1604 1603 166
1047 9 2 3 3 1083 1323 118 1605 1604 1600
1048 9 2 3 3 119 1101 120 1607 1606 167
1049 9 2 3 3 119 1323 1101 1603 1608 1607
1050 9 2 3 3 120 1395 121 1610 1609 168
1051 9 2 3 3 1101 1395 120 1611 1610 1606
1052 9 2 3 3 121 1310 122 1613 1612 169
1053 9 2 3 3 121 1395 1310 1609 1614 1613
1054 9 2 3 3 122 1079 123 1616 1615 170
1055 9 2 3 3 122 1310 1079 1612 1617 1616
1056 9 2 3 3 123 1374 124 1619 1618 171
1057 9 2 3 3 1079 1374 123 1620 1619 1615
1058 9 2 3 3 124 1364 125 1622 1621 172
1059 9 2 3 3 1243 1364 124 1624 1622 1623
1060 9 2 3 3 124 1374 1243 1618 1625 1623
1061 9 2 3 3 125 1088 126 1627 1626 173
1062 9 2 3 3 125 1364 1088 1621 1628 1627
1063 9 2 3 3 126 1350 127 1630 1629 174
1064 9 2 3 3 1088 1350 126 1631 1630 1626
1065 9 2 3 3 127 1381 128 1633 1632 175
1066 9 2 3 3 1350 1381 127 1634 1633 1629
1067 9 2 3 3 128 1077 129 1636 1635 176
1068 9 2 3 3 128 1381 1077 1632 1637 1636
1069 9 2 3 3 129 1328 130 1639 1638 177
1070 9 2 3 3 1077 1328 129 1640 1639 1635
1071 9 2 3 3 130 1367 131 1642 1641 178
1072 9 2 3 3 1328 1367 130 1643 1642 1638
1073 9 2 3 3 131 1086 132 1645 1644 179
1074 9 2 3 3 131 1367 1086 1641 1646 1645
1075 9 2 3 3 132 1325 133 1648 1647 180
1076 9 2 3 3 1086 1325 132 1649 1648 1644
1077 9 2 3 3 133 1341 134 1651 1650 181
1078 9 2 3 3 1325 1341 133 1652 1651 1647
1079 9 2 3 3 134 1075 135 1654 1653 182
1080 9 2 3 3 134 1341 1075 1650 1655 1654
1081 9 2 3 3 135 1327 136 1657 1656 183
1082 9 2 3 3 1075 1327 135 1658 1657 1653
1083 9 2 3 3 136 1377 137 1660 1659 184
1084 9 2 3 3 1327 1377 136 1661 1660 1656
1085 9 2 3 3 137 1087 138 1663 1662 185
1086 9 2 3 3 137 1377 1087 1659 1664 1663
1087 9 2 3 3 138 1296 139 1666 1665 186
1088 9 2 3 3 1087 1296 138 1667 1666 1662
1089 9 2 3 3 139 1362 140 1669 1668 187
1090 9 2 3 3 1296 1362 139 1670 1669 1665
1091 9 2 3 3 140 1072 141 1672 1671 188
1092 9 2 3 3 140 1362 1072 1668 1673 1672
1093 9 2 3 3 141 1329 142 1675 1674 189
1094 9 2 3 3 1072 1329 141 1676 1675 1671
1095 9 2 3 3 142 1324 143 1678 1677 190
1096 9 2 3 3 142 1329 1324 1674 1679 1678
1097 9 2 3 3 143 1085 144 1681 1680 191
1098 9 2 3 3 143 1324 1085 1677 1682 1681
1099 9 2 3 3 144 1351 145 1684 1683 192
1100 9 2 3 3 1085 1351 144 1685 1684 1680
1101 9 2 3 3 145 1356 146 1687 1686 193
1102 9 2 3 3 1351 1356 145 1688 1687 1683
1103 9 2 3 3 146 1073 147 1690 1689 194
1104 9 2 3 3 146 1356 1073 1686 1691 1690
1105 9 2 3 3 147 1355 148 1693 1692 195
1106 9 2 3 3 1073 1355 147 1694 1693 1689
1107 9 2 3 3 148 1304 149 1696 1695 196
1108 9 2 3 3 148 1355 1304 1692 1697 1696
1109 9 2 3 3 149 1089 150 1699 1698 197
1110 9 2 3 3 149 1304 1089 1695 1700 1699
1111 9 2 3 3 150 1384 151 1702 1701 198
1112 9 2 3 3 1089 1384 150 1703 1702 1698
1113 9 2 3 3 151 1326 152 1705 1704 199
1114 9 2 3 3 151 1384 1326 1701 1706 1705
1115 9 2 3 3 152 1082 153 1708 1707 200
1116 9 2 3 3 152 1326 1082 1704 1709 1708
1117 9 2 3 3 153 1315 154 1711 1710 201
1118 9 2 3 3 1082 1315 153 1712 1711 1707
1119 9 2 3 3 154 1366 155 1714 1713 202
1120 9 2 3 3 1315 1366 154 1715 1714 1710
1121 9 2 3 3 155 1097 156 1717 1716 203
1122 9 2 3 3 155 1366 1097 1713 1718 1717
1123 9 2 3 3 156 1314 157 1720 1719 204
1124 9 2 3 3 1097 1314 156 1721 1720 1716
1125 9 2 3 3 157 1102 158 1723 1722 205
1126 9 2 3 3 157 1314 1102 1719 1724 1723
1127 9 2 3 3 158 1345 159 1726 1725 206
1128 9 2 3 3 1102 1345 158 1727 1726 1722
1129 9 2 3 3 1345 1382 159 1728 1410 1725
1130 9 2 3 3 1287 1319 1069 1731 1730 1729
1131 9 2 3 3 1069 1361 1287 1463 1732 1729
1132 9 2 3 3 1319 1320 1069 1733 1460 1730
1133 9 2 3 3 1070 1316 1306 1736 1735 1734
1134 9 2 3 3 1306 1380 1070 1737 1577 1734
1135 9 2 3 3 1070 1317 1316 1580 1738 1736
1136 9 2 3 3 1285 1297 1071 1741 1740 1739
1137 9 2 3 3 1071 1392 1285 1544 1742 1739
1138 9 2 3 3 1297 1354 1071 1743 1541 1740
1139 9 2 3 3 1222 1223 1072 1746 1745 1744
1140 9 2 3 3 1072 1224 1222 1748 1747 1744
1141 9 2 3 3 1223 1329 1072 1749 1676 1745
1142 9 2 3 3 1072 1362 1224 1673 1750 1748
1143 9 2 3 3 1251 1303 1073 1753 1752 1751
1144 9 2 3 3 1073 1356 1251 1691 1754 1751
1145 9 2 3 3 1303 1355 1073 1755 1694 1752
1146 9 2 3 3 1074 1301 1221 1758 1757 1756
1147 9 2 3 3 1221 1359 1074 1759 1523 1756
1148 9 2 3 3 1300 1301 1074 1761 1758 1760
1149 9 2 3 3 1074 1390 1300 1526 1762 1760
1150 9 2 3 3 1075 1363 1233 1765 1764 1763
1151 9 2 3 3 1233 1369 1075 1767 1766 1763
1152 9 2 3 3 1075 1369 1327 1766 1768 1658
1153 9 2 3 3 1341 1363 1075 1769 1765 1655
1154 9 2 3 3 1076 1229 1228 1772 1771 1770
1155 9 2 3 3 1228 1322 1076 1773 1505 1770
1156 9 2 3 3 1076 1230 1229 1508 1774 1772
1157 9 2 3 3 1077 1273 1272 1777 1776 1775
1158 9 2 3 3 1272 1328 1077 1778 1640 1775
1159 9 2 3 3 1077 1291 1273 1780 1779 1777
1160 9 2 3 3 1077 1381 1291 1637 1781 1780
1161 9 2 3 3 1298 1379 1078 1783 1782 1490
1162 9 2 3 3 1078 1387 1333 1785 1784 1487
1163 9 2 3 3 1379 1387 1078 1786 1785 1782
1164 9 2 3 3 1079 1310 1248 1617 1788 1787
1165 9 2 3 3 1248 1348 1079 1790 1789 1787
1166 9 2 3 3 1348 1374 1079 1791 1620 1789
1167 9 2 3 3 1080 1332 1212 1472 1793 1792
1168 9 2 3 3 1212 1344 1080 1795 1794 1792
1169 9 2 3 3 1344 1365 1080 1796 1469 1794
1170 9 2 3 3 1220 1330 1081 1798 1559 1797
1171 9 2 3 3 1081 1353 1220 1800 1799 1797
1172 9 2 3 3 1331 1353 1081 1801 1800 1562
1173 9 2 3 3 1082 1326 1283 1709 1803 1802
1174 9 2 3 3 1283 1373 1082 1805 1804 1802
1175 9 2 3 3 1082 1373 1315 1804 1806 1712
1176 9 2 3 3 1262 1264 1083 1809 1808 1807
1177 9 2 3 3 1083 1302 1262 1811 1810 1807
1178 9 2 3 3 1264 1323 1083 1812 1605 1808
1179 9 2 3 3 1083 1394 1302 1602 1813 1811
1180 9 2 3 3 1084 1311 1281 1816 1815 1814
1181 9 2 3 3 1281 1337 1084 1817 1433 1814
1182 9 2 3 3 1294 1311 1084 1818 1816 1439
1183 9 2 3 3 1289 1351 1085 1820 1685 1819
1184 9 2 3 3 1085 1368 1289 1822 1821 1819
1185 9 2 3 3 1324 1368 1085 1823 1822 1682
1186 9 2 3 3 1086 1312 1226 1826 1825 1824
1187 9 2 3 3 1226 1391 1086 1828 1827 1824
1188 9 2 3 3 1086 1367 1312 1646 1829 1826
1189 9 2 3 3 1086 1391 1325 1827 1830 1649
1190 9 2 3 3 1211 1215 1087 1833 1832 1831
1191 9 2 3 3 1087 1216 1211 1835 1834 1831
1192 9 2 3 3 1215 1296 1087 1836 1667 1832
1193 9 2 3 3 1087 1377 1216 1664 1837 1835
1194 9 2 3 3 1242 1290 1088 1840 1839 1838
1195 9 2 3 3 1088 1364 1242 1628 1841 1838
1196 9 2 3 3 1290 1350 1088 1842 1631 1839
1197 9 2 3 3 1304 1338 1089 1844 1843 1700
1198 9 2 3 3 1089 1338 1318 1843 1846 1845
1199 9 2 3 3 1318 1384 1089 1847 1703 1845
1200 9 2 3 3 1254 1299 1090 1850 1849 1848
1201 9 2 3 3 1090 1357 1254 1535 1851 1848
1202 9 2 3 3 1299 1346 1090 1852 1532 1849
1203 9 2 3 3 1234 1235 1091 1855 1854 1853
1204 9 2 3 3 1091 1375 1234 1499 1856 1853
1205 9 2 3 3 1235 1236 1091 1858 1857 1854
1206 9 2 3 3 1236 1360 1091 1859 1496 1857
1207 9 2 3 3 1305 1334 1092 1861 1514 1860
1208 9 2 3 3 1092 1386 1305 1863 1862 1860
1209 9 2 3 3 1335 1386 1092 1864 1863 1517
1210 9 2 3 3 1093 1352 1276 1867 1866 1865
1211 9 2 3 3 1276 1393 1093 1868 1478 1865
1212 9 2 3 3 1340 1352 1093 1869 1867 1481
1213 9 2 3 3 1094 1218 1217 1872 1871 1870
1214 9 2 3 3 1217 1219 1094 1874 1873 1870
1215 9 2 3 3 1094 1349 1218 1553 1875 1872
1216 9 2 3 3 1219 1343 1094 1876 1550 1873
1217 9 2 3 3 1095 1307 1269 1571 1878 1877
1218 9 2 3 3 1269 1371 1095 1880 1879 1877
1219 9 2 3 3 1095 1371 1336 1879 1881 1568
1220 9 2 3 3 1096 1293 1232 1434 1883 1882
1221 9 2 3 3 1232 1396 1096 1885 1884 1882
1222 9 2 3 3 1096 1396 1292 1884 1886 1440
1223 9 2 3 3 1097 1313 1239 1889 1888 1887
1224 9 2 3 3 1239 1314 1097 1890 1721 1887
1225 9 2 3 3 1097 1366 1313 1718 1891 1889
1226 9 2 3 3 1098 1339 1249 1894 1893 1892
1227 9 2 3 3 1249 1389 1098 1895 1421 1892
1228 9 2 3 3 1337 1339 1098 1896 1894 1427
1229 9 2 3 3 1109 1110 1099 1899 1898 1897
1230 9 2 3 3 1099 1388 1109 1422 1900 1897
1231 9 2 3 3 1110 1293 1099 1901 1428 1898
1232 9 2 3 3 1100 1321 1267 1596 1903 1902
1233 9 2 3 3 1267 1372 1100 1905 1904 1902
1234 9 2 3 3 1100 1372 1302 1904 1907 1906
1235 9 2 3 3 1302 1394 1100 1813 1599 1906
1236 9 2 3 3 1101 1358 1309 1910 1909 1908
1237 9 2 3 3 1309 1395 1101 1911 1611 1908
1238 9 2 3 3 1323 1358 1101 1912 1910 1608
1239 9 2 3 3 1295 1345 1102 1914 1727 1913
1240 9 2 3 3 1102 1370 1295 1916 1915 1913
1241 9 2 3 3 1314 1370 1102 1917 1916 1724
1242 9 2 3 3 1107 1249 1103 1919 1918 1586
1243 9 2 3 3 1249 1385 1103 1921 1920 1918
1244 9 2 3 3 1103 1385 1317 1920 1922 1583
1245 9 2 3 3 1104 1109 1108 1924 1923 1454
1246 9 2 3 3 1104 1376 1109 1926 1925 1924
1247 9 2 3 3 1320 1376 1104 1927 1926 1457
1248 9 2 3 3 1292 1342 1105 1929 1928 1445
1249 9 2 3 3 1342 1347 1105 1931 1930 1928
1250 9 2 3 3 1347 1383 1105 1590 1447 1930
1251 9 2 3 3 1106 1295 1294 1933 1932 1446
1252 9 2 3 3 1106 1345 1295 1934 1914 1933
1253 9 2 3 3 1106 1382 1345 1448 1728 1934
1254 9 2 3 3 1107 1389 1249 1935 1895 1919
1255 9 2 3 3 1107 1397 1389 1587 1416 1935
1256 9 2 3 3 1109 1388 1108 1900 1936 1923
1257 9 2 3 3 1388 1398 1108 1415 1451 1936
1258 9 2 3 3 1109 1111 1110 1938 1937 1899
1259 9 2 3 3 1109 1376 1111 1925 1939 1938
1260 9 2 3 3 1111 1112 1110 1941 1940 1937
1261 9 2 3 3 1112 1232 1110 1943 1942 1940
1262 9 2 3 3 1232 1293 1110 1883 1901 1942
1263 9 2 3 3 1111 1113 1112 1945 1944 1941
1264 9 2 3 3 1111 1319 1113 1947 1946 1945
1265 9 2 3 3 1111 1376 1319 1939 1948 1947
1266 9 2 3 3 1113 1114 1112 1950 1949 1944
1267 9 2 3 3 1114 1265 1112 1952 1951 1949
1268 9 2 3 3 1112 1265 1232 1951 1953 1943
1269 9 2 3 3 1113 1115 1114 1955 1954 1950
1270 9 2 3 3 1113 1287 1115 1957 1956 1955
1271 9 2 3 3 1113 1319 1287 1946 1731 1957
1272 9 2 3 3 1115 1116 1114 1959 1958 1954
1273 9 2 3 3 1116 1128 1114 1961 1960 1958
1274 9 2 3 3 1128 1265 1114 1962 1952 1960
1275 9 2 3 3 1115 1117 1116 1964 1963 1959
1276 9 2 3 3 1115 1198 1117 1966 1965 1964
1277 9 2 3 3 1115 1287 1198 1956 1967 1966
1278 9 2 3 3 1117 1118 1116 1969 1968 1963
1279 9 2 3 3 1118 1261 1116 1971 1970 1968
1280 9 2 3 3 1116 1261 1128 1970 1972 1961
1281 9 2 3 3 1117 1119 1118 1974 1973 1969
1282 9 2 3 3 1117 1275 1119 1976 1975 1974
1283 9 2 3 3 1198 1275 1117 1977 1976 1965
1284 9 2 3 3 1119 1120 1118 1979 1978 1973
1285 9 2 3 3 1120 1200 1118 1981 1980 1978
1286 9 2 3 3 1200 1261 1118 1982 1971 1980
1287 9 2 3 3 1119 1121 1120 1984 1983 1979
1288 9 2 3 3 1119 1122 1121 1986 1985 1984
1289 9 2 3 3 1119 1275 1122 1975 1987 1986
1290 9 2 3 3 1121 1247 1120 1989 1988 1983
1291 9 2 3 3 1120 1202 1200 1991 1990 1981
1292 9 2 3 3 1120 1247 1202 1988 1992 1991
1293 9 2 3 3 1122 1123 1121 1994 1993 1985
1294 9 2 3 3 1123 1124 1121 1996 1995 1993
1295 9 2 3 3 1124 1247 1121 1997 1989 1995
1296 9 2 3 3 1122 1206 1123 1999 1998 1994
1297 9 2 3 3 1122 1212 1206 2001 2000 1999
1298 9 2 3 3 1122 1275 1212 1987 2002 2001
1299 9 2 3 3 1123 1125 1124 2004 2003 1996
1300 9 2 3 3 1123 1258 1125 2006 2005 2004
1301 9 2 3 3 1206 1258 1123 2007 2006 1998
1302 9 2 3 3 1125 1126 1124 2009 2008 2003
1303 9 2 3 3 1126 1203 1124 2011 2010 2008
1304 9 2 3 3 1203 1247 1124 2012 1997 2010
1305 9 2 3 3 1125 1127 1126 2014 2013 2009
1306 9 2 3 3 1125 1129 1127 2016 2015 2014
1307 9 2 3 3 1125 1258 1129 2005 2017 2016
1308 9 2 3 3 1127 1241 1126 2019 2018 2013
1309 9 2 3 3 1126 1204 1203 2021 2020 2011
1310 9 2 3 3 1126 1241 1204 2018 2022 2021
1311 9 2 3 3 1129 1130 1127 2024 2023 2015
1312 9 2 3 3 1130 1131 1127 2026 2025 2023
1313 9 2 3 3 1131 1241 1127 2027 2019 2025
1314 9 2 3 3 1261 1262 1128 2029 2028 1972
1315 9 2 3 3 1262 1263 1128 2031 2030 2028
1316 9 2 3 3 1263 1265 1128 2032 1962 2030
1317 9 2 3 3 1129 1213 1130 2034 2033 2024
1318 9 2 3 3 1129 1214 1213 2036 2035 2034
1319 9 2 3 3 1129 1258 1214 2017 2037 2036
1320 9 2 3 3 1130 1132 1131 2039 2038 2026
1321 9 2 3 3 1130 1378 1132 2041 2040 2039
1322 9 2 3 3 1213 1378 1130 2042 2041 2033
1323 9 2 3 3 1132 1133 1131 2044 2043 2038
1324 9 2 3 3 1133 1244 1131 2046 2045 2043
1325 9 2 3 3 1131 1244 1241 2045 2047 2027
1326 9 2 3 3 1132 1134 1133 2049 2048 2044
1327 9 2 3 3 1132 1175 1134 2051 2050 2049
1328 9 2 3 3 1132 1378 1175 2040 2052 2051
1329 9 2 3 3 1134 1135 1133 2054 2053 2048
1330 9 2 3 3 1135 1163 1133 2056 2055 2053
1331 9 2 3 3 1163 1244 1133 2057 2046 2055
1332 9 2 3 3 1134 1136 1135 2059 2058 2054
1333 9 2 3 3 1134 1284 1136 2061 2060 2059
1334 9 2 3 3 1175 1284 1134 2062 2061 2050
1335 9 2 3 3 1136 1137 1135 2064 2063 2058
1336 9 2 3 3 1137 1273 1135 2066 2065 2063
1337 9 2 3 3 1135 1273 1163 2065 2067 2056
1338 9 2 3 3 1136 1138 1137 2069 2068 2064
1339 9 2 3 3 1136 1139 1138 2071 2070 2069
1340 9 2 3 3 1136 1284 1139 2060 2072 2071
1341 9 2 3 3 1138 1271 1137 2074 2073 2068
1342 9 2 3 3 1271 1272 1137 2076 2075 2073
1343 9 2 3 3 1272 1273 1137 1776 2066 2075
1344 9 2 3 3 1139 1140 1138 2078 2077 2070
1345 9 2 3 3 1140 1141 1138 2080 2079 2077
1346 9 2 3 3 1141 1271 1138 2081 2074 2079
1347 9 2 3 3 1139 1176 1140 2083 2082 2078
1348 9 2 3 3 1139 1177 1176 2085 2084 2083
1349 9 2 3 3 1139 1284 1177 2072 2086 2085
1350 9 2 3 3 1140 1142 1141 2088 2087 2080
1351 9 2 3 3 1140 1279 1142 2090 2089 2088
1352 9 2 3 3 1176 1279 1140 2091 2090 2082
1353 9 2 3 3 1142 1143 1141 2093 2092 2087
1354 9 2 3 3 1143 1226 1141 2095 2094 2092
1355 9 2 3 3 1226 1271 1141 2096 2081 2094
1356 9 2 3 3 1142 1144 1143 2098 2097 2093
1357 9 2 3 3 1142 1145 1144 2100 2099 2098
1358 9 2 3 3 1142 1279 1145 2089 2101 2100
1359 9 2 3 3 1144 1308 1143 2103 2102 2097
1360 9 2 3 3 1143 1227 1226 2105 2104 2095
1361 9 2 3 3 1143 1308 1227 2102 2106 2105
1362 9 2 3 3 1145 1146 1144 2108 2107 2099
1363 9 2 3 3 1146 1147 1144 2110 2109 2107
1364 9 2 3 3 1147 1308 1144 2111 2103 2109
1365 9 2 3 3 1145 1245 1146 2113 2112 2108
1366 9 2 3 3 1231 1245 1145 2115 2113 2114
1367 9 2 3 3 1145 1279 1231 2101 2116 2114
1368 9 2 3 3 1146 1148 1147 2118 2117 2110
1369 9 2 3 3 1146 1149 1148 2120 2119 2118
1370 9 2 3 3 1146 1245 1149 2112 2121 2120
1371 9 2 3 3 1148 1225 1147 2123 2122 2117
1372 9 2 3 3 1225 1233 1147 2125 2124 2122
1373 9 2 3 3 1233 1308 1147 2126 2111 2124
1374 9 2 3 3 1149 1150 1148 2128 2127 2119
1375 9 2 3 3 1150 1151 1148 2130 2129 2127
1376 9 2 3 3 1151 1225 1148 2131 2123 2129
1377 9 2 3 3 1149 1195 1150 2133 2132 2128
1378 9 2 3 3 1149 1208 1195 2135 2134 2133
1379 9 2 3 3 1149 1245 1208 2121 2136 2135
1380 9 2 3 3 1150 1152 1151 2138 2137 2130
1381 9 2 3 3 1150 1274 1152 2140 2139 2138
1382 9 2 3 3 1195 1274 1150 2141 2140 2132
1383 9 2 3 3 1152 1153 1151 2143 2142 2137
1384 9 2 3 3 1153 1211 1151 2145 2144 2142
1385 9 2 3 3 1211 1225 1151 2146 2131 2144
1386 9 2 3 3 1152 1154 1153 2148 2147 2143
1387 9 2 3 3 1152 1155 1154 2150 2149 2148
1388 9 2 3 3 1152 1274 1155 2139 2151 2150
1389 9 2 3 3 1154 1286 1153 2153 2152 2147
1390 9 2 3 3 1153 1215 1211 2154 1833 2145
1391 9 2 3 3 1153 1286 1215 2152 2155 2154
1392 9 2 3 3 1155 1156 1154 2157 2156 2149
1393 9 2 3 3 1156 1157 1154 2159 2158 2156
1394 9 2 3 3 1157 1286 1154 2160 2153 2158
1395 9 2 3 3 1155 1196 1156 2162 2161 2157
1396 9 2 3 3 1155 1197 1196 2164 2163 2162
1397 9 2 3 3 1155 1274 1197 2151 2165 2164
1398 9 2 3 3 1156 1158 1157 2167 2166 2159
1399 9 2 3 3 1156 1252 1158 2169 2168 2167
1400 9 2 3 3 1196 1252 1156 2170 2169 2161
1401 9 2 3 3 1158 1159 1157 2172 2171 2166
1402 9 2 3 3 1159 1222 1157 2174 2173 2171
1403 9 2 3 3 1222 1286 1157 2175 2160 2173
1404 9 2 3 3 1158 1160 1159 2177 2176 2172
1405 9 2 3 3 1158 1161 1160 2179 2178 2177
1406 9 2 3 3 1158 1252 1161 2168 2180 2179
1407 9 2 3 3 1160 1246 1159 2182 2181 2176
1408 9 2 3 3 1159 1223 1222 2183 1746 2174
1409 9 2 3 3 1159 1246 1223 2181 2184 2183
1410 9 2 3 3 1161 1162 1160 2186 2185 2178
1411 9 2 3 3 1162 1164 1160 2188 2187 2185
1412 9 2 3 3 1164 1246 1160 2189 2182 2187
1413 9 2 3 3 1161 1256 1162 2191 2190 2186
1414 9 2 3 3 1252 1253 1161 2193 2192 2180
1415 9 2 3 3 1253 1256 1161 2194 2191 2192
1416 9 2 3 3 1162 1165 1164 2196 2195 2188
1417 9 2 3 3 1162 1166 1165 2198 2197 2196
1418 9 2 3 3 1162 1256 1166 2190 2199 2198
1419 9 2 3 3 1163 1290 1244 2201 2200 2057
1420 9 2 3 3 1273 1291 1163 1779 2202 2067
1421 9 2 3 3 1163 1291 1290 2202 2203 2201
1422 9 2 3 3 1165 1259 1164 2205 2204 2195
1423 9 2 3 3 1164 1289 1246 2207 2206 2189
1424 9 2 3 3 1259 1289 1164 2208 2207 2204
1425 9 2 3 3 1166 1167 1165 2210 2209 2197
1426 9 2 3 3 1167 1168 1165 2212 2211 2209
1427 9 2 3 3 1168 1259 1165 2213 2205 2211
1428 9 2 3 3 1166 1278 1167 2215 2214 2210
1429 9 2 3 3 1256 1257 1166 2217 2216 2199
1430 9 2 3 3 1257 1278 1166 2218 2215 2216
1431 9 2 3 3 1167 1169 1168 2220 2219 2212
1432 9 2 3 3 1167 1170 1169 2222 2221 2220
1433 9 2 3 3 1167 1278 1170 2214 2223 2222
1434 9 2 3 3 1169 1250 1168 2225 2224 2219
1435 9 2 3 3 1250 1251 1168 2227 2226 2224
1436 9 2 3 3 1251 1259 1168 2228 2213 2226
1437 9 2 3 3 1170 1171 1169 2230 2229 2221
1438 9 2 3 3 1171 1172 1169 2232 2231 2229
1439 9 2 3 3 1172 1250 1169 2233 2225 2231
1440 9 2 3 3 1170 1174 1171 2235 2234 2230
1441 9 2 3 3 1170 1217 1174 2237 2236 2235
1442 9 2 3 3 1170 1278 1217 2223 2238 2237
1443 9 2 3 3 1171 1173 1172 2240 2239 2232
1444 9 2 3 3 1171 1277 1173 2242 2241 2240
1445 9 2 3 3 1174 1277 1171 2243 2242 2234
1446 9 2 3 3 1173 1178 1172 2245 2244 2239
1447 9 2 3 3 1178 1191 1172 2247 2246 2244
1448 9 2 3 3 1191 1250 1172 2248 2233 2246
1449 9 2 3 3 1173 1179 1178 2250 2249 2245
1450 9 2 3 3 1173 1180 1179 2252 2251 2250
1451 9 2 3 3 1173 1277 1180 2241 2253 2252
1452 9 2 3 3 1217 1218 1174 1871 2254 2236
1453 9 2 3 3 1218 1220 1174 2256 2255 2254
1454 9 2 3 3 1220 1277 1174 2257 2243 2255
1455 9 2 3 3 1175 1236 1235 2259 1858 2258
1456 9 2 3 3 1235 1284 1175 2260 2062 2258
1457 9 2 3 3 1175 1237 1236 2262 2261 2259
1458 9 2 3 3 1175 1378 1237 2052 2263 2262
1459 9 2 3 3 1177 1228 1176 2265 2264 2084
1460 9 2 3 3 1228 1229 1176 1771 2266 2264
1461 9 2 3 3 1229 1279 1176 2267 2091 2266
1462 9 2 3 3 1177 1234 1228 2269 2268 2265
1463 9 2 3 3 1177 1235 1234 2270 1855 2269
1464 9 2 3 3 1177 1284 1235 2086 2260 2270
1465 9 2 3 3 1179 1199 1178 2272 2271 2249
1466 9 2 3 3 1178 1338 1191 2274 2273 2247
1467 9 2 3 3 1199 1338 1178 2275 2274 2271
1468 9 2 3 3 1180 1181 1179 2277 2276 2251
1469 9 2 3 3 1181 1282 1179 2279 2278 2276
1470 9 2 3 3 1179 1282 1199 2278 2280 2272
1471 9 2 3 3 1180 1182 1181 2282 2281 2277
1472 9 2 3 3 1180 1201 1182 2284 2283 2282
1473 9 2 3 3 1180 1277 1201 2253 2285 2284
1474 9 2 3 3 1182 1183 1181 2287 2286 2281
1475 9 2 3 3 1183 1184 1181 2289 2288 2286
1476 9 2 3 3 1184 1282 1181 2290 2279 2288
1477 9 2 3 3 1182 1270 1183 2292 2291 2287
1478 9 2 3 3 1201 1205 1182 2294 2293 2283
1479 9 2 3 3 1205 1270 1182 2295 2292 2293
1480 9 2 3 3 1183 1185 1184 2297 2296 2289
1481 9 2 3 3 1183 1268 1185 2299 2298 2297
1482 9 2 3 3 1183 1270 1268 2291 2300 2299
1483 9 2 3 3 1185 1186 1184 2302 2301 2296
1484 9 2 3 3 1186 1209 1184 2304 2303 2301
1485 9 2 3 3 1209 1282 1184 2305 2290 2303
1486 9 2 3 3 1185 1187 1186 2307 2306 2302
1487 9 2 3 3 1185 1188 1187 2309 2308 2307
1488 9 2 3 3 1185 1268 1188 2298 2310 2309
1489 9 2 3 3 1187 1238 1186 2312 2311 2306
1490 9 2 3 3 1186 1210 1209 2314 2313 2304
1491 9 2 3 3 1186 1238 1210 2311 2315 2314
1492 9 2 3 3 1188 1189 1187 2317 2316 2308
1493 9 2 3 3 1189 1190 1187 2319 2318 2316
1494 9 2 3 3 1190 1238 1187 2320 2312 2318
1495 9 2 3 3 1188 1192 1189 2322 2321 2317
1496 9 2 3 3 1188 1194 1192 2324 2323 2322
1497 9 2 3 3 1188 1268 1194 2310 2325 2324
1498 9 2 3 3 1189 1280 1190 2327 2326 2319
1499 9 2 3 3 1192 1193 1189 2329 2328 2321
1500 9 2 3 3 1193 1280 1189 2330 2327 2328
1501 9 2 3 3 1190 1239 1238 2332 2331 2320
1502 9 2 3 3 1190 1240 1239 2334 2333 2332
1503 9 2 3 3 1190 1280 1240 2326 2335 2334
1504 9 2 3 3 1191 1303 1250 2337 2336 2248
1505 9 2 3 3 1191 1304 1303 2339 2338 2337
1506 9 2 3 3 1191 1338 1304 2273 1844 2339
1507 9 2 3 3 1192 1207 1193 2341 2340 2329
1508 9 2 3 3 1194 1316 1192 2343 2342 2323
1509 9 2 3 3 1192 1316 1207 2342 2344 2341
1510 9 2 3 3 1207 1339 1193 2346 2345 2340
1511 9 2 3 3 1193 1281 1280 2348 2347 2330
1512 9 2 3 3 1193 1339 1281 2345 2349 2348
1513 9 2 3 3 1268 1269 1194 2351 2350 2325
1514 9 2 3 3 1269 1306 1194 2353 2352 2350
1515 9 2 3 3 1306 1316 1194 1735 2343 2352
1516 9 2 3 3 1208 1221 1195 2355 2354 2134
1517 9 2 3 3 1221 1301 1195 1757 2356 2354
1518 9 2 3 3 1195 1301 1274 2356 2357 2141
1519 9 2 3 3 1197 1299 1196 2359 2358 2163
1520 9 2 3 3 1196 1254 1252 2361 2360 2170
1521 9 2 3 3 1196 1299 1254 2358 1850 2361
1522 9 2 3 3 1274 1301 1197 2357 2362 2165
1523 9 2 3 3 1197 1300 1299 2364 2363 2359
1524 9 2 3 3 1197 1301 1300 2362 1761 2364
1525 9 2 3 3 1198 1344 1275 2366 2365 1977
1526 9 2 3 3 1287 1288 1198 2368 2367 1967
1527 9 2 3 3 1288 1344 1198 2369 2366 2367
1528 9 2 3 3 1282 1283 1199 2371 2370 2280
1529 9 2 3 3 1283 1318 1199 2373 2372 2370
1530 9 2 3 3 1318 1338 1199 1846 2275 2372
1531 9 2 3 3 1202 1358 1200 2375 2374 1990
1532 9 2 3 3 1200 1264 1261 2377 2376 1982
1533 9 2 3 3 1200 1358 1264 2374 2378 2377
1534 9 2 3 3 1201 1353 1205 2380 2379 2294
1535 9 2 3 3 1201 1277 1220 2285 2257 2381
1536 9 2 3 3 1220 1353 1201 1799 2380 2381
1537 9 2 3 3 1247 1248 1202 2383 2382 1992
1538 9 2 3 3 1248 1309 1202 2385 2384 2382
1539 9 2 3 3 1309 1358 1202 1909 2375 2384
1540 9 2 3 3 1204 1348 1203 2387 2386 2020
1541 9 2 3 3 1203 1248 1247 2388 2383 2012
1542 9 2 3 3 1203 1348 1248 2386 1790 2388
1543 9 2 3 3 1241 1242 1204 2390 2389 2022
1544 9 2 3 3 1242 1243 1204 2392 2391 2389
1545 9 2 3 3 1243 1348 1204 2393 2387 2391
1546 9 2 3 3 1205 1371 1270 2395 2394 2295
1547 9 2 3 3 1331 1336 1205 1565 2397 2396
1548 9 2 3 3 1205 1353 1331 2379 1801 2396
1549 9 2 3 3 1336 1371 1205 1881 2395 2397
1550 9 2 3 3 1212 1276 1206 2399 2398 2000
1551 9 2 3 3 1206 1352 1258 2401 2400 2007
1552 9 2 3 3 1276 1352 1206 1866 2401 2398
1553 9 2 3 3 1249 1339 1207 1893 2346 2402
1554 9 2 3 3 1207 1385 1249 2403 1921 2402
1555 9 2 3 3 1316 1317 1207 1738 2404 2344
1556 9 2 3 3 1317 1385 1207 1922 2403 2404
1557 9 2 3 3 1208 1386 1221 2406 2405 2355
1558 9 2 3 3 1245 1305 1208 2408 2407 2136
1559 9 2 3 3 1305 1386 1208 1862 2406 2407
1560 9 2 3 3 1210 1373 1209 2410 2409 2313
1561 9 2 3 3 1209 1283 1282 2411 2371 2305
1562 9 2 3 3 1209 1373 1283 2409 1805 2411
1563 9 2 3 3 1238 1313 1210 2413 2412 2315
1564 9 2 3 3 1313 1315 1210 2415 2414 2412
1565 9 2 3 3 1315 1373 1210 1806 2410 2414
1566 9 2 3 3 1216 1225 1211 2416 2146 1834
1567 9 2 3 3 1275 1344 1212 2365 1795 2002
1568 9 2 3 3 1212 1332 1276 1793 2417 2399
1569 9 2 3 3 1214 1387 1213 2419 2418 2035
1570 9 2 3 3 1213 1379 1378 2421 2420 2042
1571 9 2 3 3 1213 1387 1379 2418 1786 2421
1572 9 2 3 3 1258 1352 1214 2400 2422 2037
1573 9 2 3 3 1214 1340 1333 2424 1484 2423
1574 9 2 3 3 1333 1387 1214 1784 2419 2423
1575 9 2 3 3 1214 1352 1340 2422 1869 2424
1576 9 2 3 3 1215 1286 1224 2155 2426 2425
1577 9 2 3 3 1224 1296 1215 2427 1836 2425
1578 9 2 3 3 1216 1369 1225 2429 2428 2416
1579 9 2 3 3 1327 1369 1216 1768 2429 2430
1580 9 2 3 3 1216 1377 1327 1837 1661 2430
1581 9 2 3 3 1217 1278 1219 2238 2431 1874
1582 9 2 3 3 1218 1330 1220 2432 1798 2256
1583 9 2 3 3 1218 1349 1330 1875 1556 2432
1584 9 2 3 3 1219 1278 1257 2431 2218 2433
1585 9 2 3 3 1257 1285 1219 2435 2434 2433
1586 9 2 3 3 1285 1343 1219 2436 1876 2434
1587 9 2 3 3 1335 1359 1221 1520 1759 2437
1588 9 2 3 3 1221 1386 1335 2405 1864 2437
1589 9 2 3 3 1224 1286 1222 2426 2175 1747
1590 9 2 3 3 1246 1368 1223 2439 2438 2184
1591 9 2 3 3 1324 1329 1223 1679 1749 2440
1592 9 2 3 3 1223 1368 1324 2438 1823 2440
1593 9 2 3 3 1224 1362 1296 1750 1670 2427
1594 9 2 3 3 1225 1369 1233 2428 1767 2125
1595 9 2 3 3 1227 1391 1226 2441 1828 2104
1596 9 2 3 3 1226 1312 1271 1825 2442 2096
1597 9 2 3 3 1308 1363 1227 2444 2443 2106
1598 9 2 3 3 1227 1341 1325 2446 1652 2445
1599 9 2 3 3 1325 1391 1227 1830 2441 2445
1600 9 2 3 3 1227 1363 1341 2443 1769 2446
1601 9 2 3 3 1234 1322 1228 2447 1773 2268
1602 9 2 3 3 1230 1231 1229 2449 2448 1774
1603 9 2 3 3 1231 1279 1229 2116 2267 2448
1604 9 2 3 3 1230 1334 1231 1511 2450 2449
1605 9 2 3 3 1231 1305 1245 2451 2408 2115
1606 9 2 3 3 1231 1334 1305 2450 1861 2451
1607 9 2 3 3 1265 1266 1232 2453 2452 1953
1608 9 2 3 3 1266 1396 1232 2454 1885 2452
1609 9 2 3 3 1233 1363 1308 1764 2444 2126
1610 9 2 3 3 1234 1375 1322 1856 1502 2447
1611 9 2 3 3 1237 1298 1236 2456 2455 2261
1612 9 2 3 3 1298 1360 1236 1493 1859 2455
1613 9 2 3 3 1237 1379 1298 2457 1783 2456
1614 9 2 3 3 1378 1379 1237 2420 2457 2263
1615 9 2 3 3 1239 1313 1238 1888 2413 2331
1616 9 2 3 3 1240 1370 1239 2459 2458 2333
1617 9 2 3 3 1239 1370 1314 2458 1917 1890
1618 9 2 3 3 1280 1311 1240 2461 2460 2335
1619 9 2 3 3 1240 1311 1295 2460 2463 2462
1620 9 2 3 3 1295 1370 1240 1915 2459 2462
1621 9 2 3 3 1241 1244 1242 2047 2464 2390
1622 9 2 3 3 1242 1364 1243 1841 1624 2392
1623 9 2 3 3 1244 1290 1242 2200 1840 2464
1624 9 2 3 3 1243 1374 1348 1625 1791 2393
1625 9 2 3 3 1289 1368 1246 1821 2439 2206
1626 9 2 3 3 1248 1310 1309 1788 2465 2385
1627 9 2 3 3 1250 1303 1251 2336 1753 2227
1628 9 2 3 3 1251 1260 1259 2467 2466 2228
1629 9 2 3 3 1251 1356 1260 1754 2468 2467
1630 9 2 3 3 1252 1254 1253 2360 2469 2193
1631 9 2 3 3 1254 1255 1253 2471 2470 2469
1632 9 2 3 3 1255 1297 1253 2473 2472 2470
1633 9 2 3 3 1253 1297 1256 2472 2474 2194
1634 9 2 3 3 1254 1357 1255 1851 2475 2471
1635 9 2 3 3 1255 1354 1297 2476 1743 2473
1636 9 2 3 3 1255 1357 1354 2475 1538 2476
1637 9 2 3 3 1256 1297 1257 2474 2477 2217
1638 9 2 3 3 1257 1297 1285 2477 1741 2435
1639 9 2 3 3 1260 1289 1259 2478 2208 2466
1640 9 2 3 3 1260 1351 1289 2479 1820 2478
1641 9 2 3 3 1260 1356 1351 2468 1688 2479
1642 9 2 3 3 1261 1264 1262 2376 1809 2029
1643 9 2 3 3 1262 1372 1263 2481 2480 2031
1644 9 2 3 3 1302 1372 1262 1907 2481 1810
1645 9 2 3 3 1263 1266 1265 2482 2453 2032
1646 9 2 3 3 1263 1267 1266 2484 2483 2482
1647 9 2 3 3 1263 1372 1267 2480 1905 2484
1648 9 2 3 3 1264 1358 1323 2378 1912 1812
1649 9 2 3 3 1267 1342 1266 2486 2485 2483
1650 9 2 3 3 1342 1396 1266 2487 2454 2485
1651 9 2 3 3 1321 1342 1267 2488 2486 1903
1652 9 2 3 3 1268 1270 1269 2300 2489 2351
1653 9 2 3 3 1270 1371 1269 2394 1880 2489
1654 9 2 3 3 1269 1307 1306 1878 2490 2353
1655 9 2 3 3 1271 1312 1272 2442 2491 2076
1656 9 2 3 3 1312 1328 1272 2492 1778 2491
1657 9 2 3 3 1332 1393 1276 1475 1868 2417
1658 9 2 3 3 1281 1311 1280 1815 2461 2347
1659 9 2 3 3 1281 1339 1337 2349 1896 1817
1660 9 2 3 3 1283 1326 1318 1803 2493 2373
1661 9 2 3 3 1285 1392 1343 1742 1547 2436
1662 9 2 3 3 1287 1361 1288 1732 2494 2368
1663 9 2 3 3 1288 1365 1344 2495 1796 2369
1664 9 2 3 3 1361 1365 1288 1466 2495 2494
1665 9 2 3 3 1291 1350 1290 2496 1842 2203
1666 9 2 3 3 1291 1381 1350 1781 1634 2496
1667 9 2 3 3 1292 1396 1342 1886 2487 1929
1668 9 2 3 3 1295 1311 1294 2463 1818 1932
1669 9 2 3 3 1300 1346 1299 2497 1852 2363
1670 9 2 3 3 1300 1390 1346 1762 1529 2497
1671 9 2 3 3 1304 1355 1303 1697 1755 2338
1672 9 2 3 3 1307 1380 1306 1574 1737 2490
1673 9 2 3 3 1310 1395 1309 1614 1911 2465
1674 9 2 3 3 1312 1367 1328 1829 1643 2492
1675 9 2 3 3 1313 1366 1315 1891 1715 2415
1676 9 2 3 3 1326 1384 1318 1706 1847 2493
1677 9 2 3 3 1319 1376 1320 1948 1927 1733
1678 9 2 3 3 1321 1347 1342 1593 1931 2488
1679 9 2 2 4 113 2 2499 160 2702 2703
1680 9 2 3 4 113 2499 2 2703 2702 160
1681 9 2 2 4 2 159 2700 207 2704 2705
1682 9 2 3 4 2 2700 159 2705 2704 207
1683 9 2 2 4 2499 2 2700 2702 2705 2706
1684 9 2 3 4 2499 2700 2 2706 2705 2702
1685 9 2 2 4 114 113 2687 161 2707 2708
1686 9 2 3 4 114 2687 113 2708 2707 161
1687 9 2 2 4 113 2499 2687 2703 2709 2707
1688 9 2 3 4 113 2687 2499 2707 2709 2703
1689 9 2 2 4 115 114 2680 162 2710 2711
1690 9 2 3 4 115 2680 114 2711 2710 162
1691 9 2 2 4 2680 114 2687 2710 2708 2712
1692 9 2 3 4 2680 2687 114 2712 2708 2710
1693 9 2 2 4 116 115 2512 163 2713 2714
1694 9 2 3 4 116 2512 115 2714 2713 163
1695 9 2 2 4 2512 115 2680 2713 2711 2715
1696 9 2 3 4 2512 2680 115 2715 2711 2713
1697 9 2 2 4 117 116 2672 164 2716 2717
1698 9 2 3 4 117 2672 116 2717 2716 164
1699 9 2 2 4 116 2512 2672 2714 2718 2716
1700 9 2 3 4 116 2672 2512 2716 2718 2714
1701 9 2 2 4 118 117 2681 165 2719 2720
1702 9 2 3 4 118 2681 117 2720 2719 165
1703 9 2 2 4 117 2672 2681 2717 2721 2719
1704 9 2 3 4 117 2681 2672 2719 2721 2717
1705 9 2 2 4 119 118 2504 166 2722 2723
1706 9 2 3 4 119 2504 118 2723 2722 166
1707 9 2 2 4 2504 118 2681 2722 2720 2724
1708 9 2 3 4 2504 2681 118 2724 2720 2722
1709 9 2 2 4 120 119 2669 167 2725 2726
1710 9 2 3 4 120 2669 119 2726 2725 167
1711 9 2 2 4 119 2504 2669 2723 2727 2725
1712 9 2 3 4 119 2669 2504 2725 2727 2723
1713 9 2 2 4 121 120 2689 168 2728 2729
1714 9 2 3 4 121 2689 120 2729 2728 168
1715 9 2 2 4 120 2669 2689 2726 2730 2728
1716 9 2 3 4 120 2689 2669 2728 2730 2726
1717 9 2 2 4 122 121 2507 169 2731 2732
1718 9 2 3 4 122 2507 121 2732 2731 169
1719 9 2 2 4 2507 121 2689 2731 2729 2733
1720 9 2 3 4 2507 2689 121 2733 2729 2731
1721 9 2 2 4 123 122 2694 170 2734 2735
1722 9 2 3 4 123 2694 122 2735 2734 170
1723 9 2 2 4 122 2507 2694 2732 2736 2734
1724 9 2 3 4 122 2694 2507 2734 2736 2732
1725 9 2 2 4 124 123 2677 171 2737 2738
1726 9 2 3 4 124 2677 123 2738 2737 171
1727 9 2 2 4 2677 123 2694 2737 2735 2739
1728 9 2 3 4 2677 2694 123 2739 2735 2737
1729 9 2 2 4 125 124 2500 172 2740 2741
1730 9 2 3 4 125 2500 124 2741 2740 172
1731 9 2 2 4 2500 124 2677 2740 2738 2742
1732 9 2 3 4 2500 2677 124 2742 2738 2740
1733 9 2 2 4 126 125 2697 173 2743 2744
1734 9 2 3 4 126 2697 125 2744 2743 173
1735 9 2 2 4 125 2500 2697 2741 2745 2743
1736 9 2 3 4 125 2697 2500 2743 2745 2741
1737 9 2 2 4 127 126 2696 174 2746 2747
1738 9 2 3 4 127 2696 126 2747 2746 174
1739 9 2 2 4 126 2657 2696 2748 2749 2746
1740 9 2 3 4 126 2696 2657 2746 2749 2748
1741 9 2 2 4 2657 126 2697 2748 2744 2750
1742 9 2 3 4 2657 2697 126 2750 2744 2748
1743 9 2 2 4 128 127 2510 175 2751 2752
1744 9 2 3 4 128 2510 127 2752 2751 175
1745 9 2 2 4 2510 127 2696 2751 2747 2753
1746 9 2 3 4 2510 2696 127 2753 2747 2751
1747 9 2 2 4 129 128 2701 176 2754 2755
1748 9 2 3 4 129 2701 128 2755 2754 176
1749 9 2 2 4 128 2510 2701 2752 2756 2754
1750 9 2 3 4 128 2701 2510 2754 2756 2752
1751 9 2 2 4 130 129 2662 177 2757 2758
1752 9 2 3 4 130 2662 129 2758 2757 177
1753 9 2 2 4 2662 129 2701 2757 2755 2759
1754 9 2 3 4 2662 2701 129 2759 2755 2757
1755 9 2 2 4 131 130 2503 178 2760 2761
1756 9 2 3 4 131 2503 130 2761 2760 178
1757 9 2 2 4 2503 130 2662 2760 2758 2762
1758 9 2 3 4 2503 2662 130 2762 2758 2760
1759 9 2 2 4 132 131 2684 179 2763 2764
1760 9 2 3 4 132 2684 131 2764 2763 179
1761 9 2 2 4 131 2503 2684 2761 2765 2763
1762 9 2 3 4 131 2684 2503 2763 2765 2761
1763 9 2 2 4 133 132 2693 180 2766 2767
1764 9 2 3 4 133 2693 132 2767 2766 180
1765 9 2 2 4 132 2684 2693 2764 2768 2766
1766 9 2 3 4 132 2693 2684 2766 2768 2764
1767 9 2 2 4 134 133 2508 181 2769 2770
1768 9 2 3 4 134 2508 133 2770 2769 181
1769 9 2 2 4 2508 133 2693 2769 2767 2771
1770 9 2 3 4 2508 2693 133 2771 2767 2769
1771 9 2 2 4 135 134 2668 182 2772 2773
1772 9 2 3 4 135 2668 134 2773 2772 182
1773 9 2 2 4 134 2508 2668 2770 2774 2772
1774 9 2 3 4 134 2668 2508 2772 2774 2770
1775 9 2 2 4 136 135 2670 183 2775 2776
1776 9 2 3 4 136 2670 135 2776 2775 183
1777 9 2 2 4 135 2668 2670 2773 2777 2775
1778 9 2 3 4 135 2670 2668 2775 2777 2773
1779 9 2 2 4 137 136 2498 184 2778 2779
1780 9 2 3 4 137 2498 136 2779 2778 184
1781 9 2 2 4 2498 136 2670 2778 2776 2780
1782 9 2 3 4 2498 2670 136 2780 2776 2778
1783 9 2 2 4 138 137 2676 185 2781 2782
1784 9 2 3 4 138 2676 137 2782 2781 185
1785 9 2 2 4 137 2498 2676 2779 2783 2781
1786 9 2 3 4 137 2676 2498 2781 2783 2779
1787 9 2 2 4 139 138 2661 186 2784 2785
1788 9 2 3 4 139 2661 138 2785 2784 186
1789 9 2 2 4 2661 138 2676 2784 2782 2786
1790 9 2 3 4 2661 2676 138 2786 2782 2784
1791 9 2 2 4 140 139 2506 187 2787 2788
1792 9 2 3 4 140 2506 139 2788 2787 187
1793 9 2 2 4 2506 139 2661 2787 2785 2789
1794 9 2 3 4 2506 2661 139 2789 2785 2787
1795 9 2 2 4 141 140 2686 188 2790 2791
1796 9 2 3 4 141 2686 140 2791 2790 188
1797 9 2 2 4 140 2506 2686 2788 2792 2790
1798 9 2 3 4 140 2686 2506 2790 2792 2788
1799 9 2 2 4 142 141 2659 189 2793 2794
1800 9 2 3 4 142 2659 141 2794 2793 189
1801 9 2 2 4 2659 141 2686 2793 2791 2795
1802 9 2 3 4 2659 2686 141 2795 2791 2793
1803 9 2 2 4 143 142 2502 190 2796 2797
1804 9 2 3 4 143 2502 142 2797 2796 190
1805 9 2 2 4 2502 142 2659 2796 2794 2798
1806 9 2 3 4 2502 2659 142 2798 2794 2796
1807 9 2 2 4 144 143 2674 191 2799 2800
1808 9 2 3 4 144 2674 143 2800 2799 191
1809 9 2 2 4 143 2502 2674 2797 2801 2799
1810 9 2 3 4 143 2674 2502 2799 2801 2797
1811 9 2 2 4 145 144 2654 192 2802 2803
1812 9 2 3 4 145 2654 144 2803 2802 192
1813 9 2 2 4 2654 144 2674 2802 2800 2804
1814 9 2 3 4 2654 2674 144 2804 2800 2802
1815 9 2 2 4 146 145 2511 193 2805 2806
1816 9 2 3 4 146 2511 145 2806 2805 193
1817 9 2 2 4 2511 145 2654 2805 2803 2807
1818 9 2 3 4 2511 2654 145 2807 2803 2805
1819 9 2 2 4 147 146 2514 194 2808 2809
1820 9 2 3 4 147 2514 146 2809 2808 194
1821 9 2 2 4 146 2511 2514 2806 2810 2808
1822 9 2 3 4 146 2514 2511 2808 2810 2806
1823 9 2 2 4 148 147 2688 195 2811 2812
1824 9 2 3 4 148 2688 147 2812 2811 195
1825 9 2 2 4 147 2514 2688 2809 2813 2811
1826 9 2 3 4 147 2688 2514 2811 2813 2809
1827 9 2 2 4 149 148 2501 196 2814 2815
1828 9 2 3 4 149 2501 148 2815 2814 196
1829 9 2 2 4 2501 148 2688 2814 2812 2816
1830 9 2 3 4 2501 2688 148 2816 2812 2814
1831 9 2 2 4 150 149 2665 197 2817 2818
1832 9 2 3 4 150 2665 149 2818 2817 197
1833 9 2 2 4 149 2501 2665 2815 2819 2817
1834 9 2 3 4 149 2665 2501 2817 2819 2815
1835 9 2 2 4 151 150 2666 198 2820 2821
1836 9 2 3 4 151 2666 150 2821 2820 198
1837 9 2 2 4 150 2665 2666 2818 2822 2820
1838 9 2 3 4 150 2666 2665 2820 2822 2818
1839 9 2 2 4 152 151 2509 199 2823 2824
1840 9 2 3 4 152 2509 151 2824 2823 199
1841 9 2 2 4 2509 151 2666 2823 2821 2825
1842 9 2 3 4 2509 2666 151 2825 2821 2823
1843 9 2 2 4 153 152 2675 200 2826 2827
1844 9 2 3 4 153 2675 152 2827 2826 200
1845 9 2 2 4 152 2509 2675 2824 2828 2826
1846 9 2 3 4 152 2675 2509 2826 2828 2824
1847 9 2 2 4 154 153 2671 201 2829 2830
1848 9 2 3 4 154 2671 153 2830 2829 201
1849 9 2 2 4 2671 153 2675 2829 2827 2831
1850 9 2 3 4 2671 2675 153 2831 2827 2829
1851 9 2 2 4 155 154 2505 202 2832 2833
1852 9 2 3 4 155 2505 154 2833 2832 202
1853 9 2 2 4 2505 154 2671 2832 2830 2834
1854 9 2 3 4 2505 2671 154 2834 2830 2832
1855 9 2 2 4 156 155 2692 203 2835 2836
1856 9 2 3 4 156 2692 155 2836 2835 203
1857 9 2 2 4 155 2505 2692 2833 2837 2835
1858 9 2 3 4 155 2692 2505 2835 2837 2833
1859 9 2 2 4 157 156 2664 204 2838 2839
1860 9 2 3 4 157 2664 156 2839 2838 204
1861 9 2 2 4 2664 156 2692 2838 2836 2840
1862 9 2 3 4 2664 2692 156 2840 2836 2838
1863 9 2 2 4 158 157 2513 205 2841 2842
1864 9 2 3 4 158 2513 157 2842 2841 205
1865 9 2 2 4 2513 157 2664 2841 2839 2843
1866 9 2 3 4 2513 2664 157 2843 2839 2841
1867 9 2 2 4 159 158 2667 206 2844 2845
1868 9 2 3 4 159 2667 158 2845 2844 206
1869 9 2 2 4 158 2513 2667 2842 2846 2844
1870 9 2 3 4 158 2667 2513 2844 2846 2842
1871 9 2 2 4 159 2667 2700 2845 2847 2704
1872 9 2 3 4 159 2700 2667 2704 2847 2845
1873 9 2 2 4 2498 2636 2653 2848 2849 2850
1874 9 2 3 4 2498 2653 2636 2850 2849 2848
1875 9 2 2 4 2636 2498 2670 2848 2780 2851
1876 9 2 3 4 2636 2670 2498 2851 2780 2848
1877 9 2 2 4 2498 2653 2676 2850 2852 2783
1878 9 2 3 4 2498 2676 2653 2783 2852 2850
1879 9 2 2 4 2499 2655 2695 2853 2854 2855
1880 9 2 3 4 2499 2695 2655 2855 2854 2853
1881 9 2 2 4 2655 2499 2700 2853 2706 2856
1882 9 2 3 4 2655 2700 2499 2856 2706 2853
1883 9 2 2 4 2687 2499 2695 2709 2855 2857
1884 9 2 3 4 2687 2695 2499 2857 2855 2709
1885 9 2 2 4 2500 2624 2656 2858 2859 2860
1886 9 2 3 4 2500 2656 2624 2860 2859 2858
1887 9 2 2 4 2624 2500 2677 2858 2742 2861
1888 9 2 3 4 2624 2677 2500 2861 2742 2858
1889 9 2 2 4 2500 2656 2697 2860 2862 2745
1890 9 2 3 4 2500 2697 2656 2745 2862 2860
1891 9 2 2 4 2598 2501 2599 2863 2864 2865
1892 9 2 3 4 2598 2599 2501 2865 2864 2863
1893 9 2 2 4 2501 2598 2665 2863 2866 2819
1894 9 2 3 4 2501 2665 2598 2819 2866 2863
1895 9 2 2 4 2599 2501 2602 2864 2867 2868
1896 9 2 3 4 2599 2602 2501 2868 2867 2864
1897 9 2 2 4 2602 2501 2688 2867 2816 2869
1898 9 2 3 4 2602 2688 2501 2869 2816 2867
1899 9 2 2 4 2502 2600 2674 2870 2871 2801
1900 9 2 3 4 2502 2674 2600 2801 2871 2870
1901 9 2 2 4 2600 2502 2698 2870 2872 2873
1902 9 2 3 4 2600 2698 2502 2873 2872 2870
1903 9 2 2 4 2502 2659 2698 2798 2874 2872
1904 9 2 3 4 2502 2698 2659 2872 2874 2798
1905 9 2 2 4 2601 2503 2662 2875 2762 2876
1906 9 2 3 4 2601 2662 2503 2876 2762 2875
1907 9 2 2 4 2503 2601 2673 2875 2877 2878
1908 9 2 3 4 2503 2673 2601 2878 2877 2875
1909 9 2 2 4 2503 2673 2684 2878 2879 2765
1910 9 2 3 4 2503 2684 2673 2765 2879 2878
1911 9 2 2 4 2504 2631 2652 2880 2881 2882
1912 9 2 3 4 2504 2652 2631 2882 2881 2880
1913 9 2 2 4 2631 2504 2681 2880 2724 2883
1914 9 2 3 4 2631 2681 2504 2883 2724 2880
1915 9 2 2 4 2504 2652 2691 2882 2884 2885
1916 9 2 3 4 2504 2691 2652 2885 2884 2882
1917 9 2 2 4 2669 2504 2691 2727 2885 2886
1918 9 2 3 4 2669 2691 2504 2886 2885 2727
1919 9 2 2 4 2663 2505 2679 2887 2888 2889
1920 9 2 3 4 2663 2679 2505 2889 2888 2887
1921 9 2 2 4 2505 2663 2692 2887 2890 2837
1922 9 2 3 4 2505 2692 2663 2837 2890 2887
1923 9 2 2 4 2505 2671 2679 2834 2891 2888
1924 9 2 3 4 2505 2679 2671 2888 2891 2834
1925 9 2 2 4 2658 2506 2660 2892 2893 2894
1926 9 2 3 4 2658 2660 2506 2894 2893 2892
1927 9 2 2 4 2506 2658 2686 2892 2895 2792
1928 9 2 3 4 2506 2686 2658 2792 2895 2892
1929 9 2 2 4 2660 2506 2661 2893 2789 2896
1930 9 2 3 4 2660 2661 2506 2896 2789 2893
1931 9 2 2 4 2625 2507 2685 2897 2898 2899
1932 9 2 3 4 2625 2685 2507 2899 2898 2897
1933 9 2 2 4 2507 2625 2694 2897 2900 2736
1934 9 2 3 4 2507 2694 2625 2736 2900 2897
1935 9 2 2 4 2507 2644 2685 2901 2902 2898
1936 9 2 3 4 2507 2685 2644 2898 2902 2901
1937 9 2 2 4 2644 2507 2689 2901 2733 2903
1938 9 2 3 4 2644 2689 2507 2903 2733 2901
1939 9 2 2 4 2508 2604 2682 2904 2905 2906
1940 9 2 3 4 2508 2682 2604 2906 2905 2904
1941 9 2 2 4 2604 2508 2693 2904 2771 2907
1942 9 2 3 4 2604 2693 2508 2907 2771 2904
1943 9 2 2 4 2668 2508 2682 2774 2906 2908
1944 9 2 3 4 2668 2682 2508 2908 2906 2774
1945 9 2 2 4 2509 2666 2690 2825 2909 2910
1946 9 2 3 4 2509 2690 2666 2910 2909 2825
1947 9 2 2 4 2675 2509 2690 2828 2910 2911
1948 9 2 3 4 2675 2690 2509 2911 2910 2828
1949 9 2 2 4 2603 2510 2678 2912 2913 2914
1950 9 2 3 4 2603 2678 2510 2914 2913 2912
1951 9 2 2 4 2510 2603 2701 2912 2915 2756
1952 9 2 3 4 2510 2701 2603 2756 2915 2912
1953 9 2 2 4 2678 2510 2696 2913 2753 2916
1954 9 2 3 4 2678 2696 2510 2916 2753 2913
1955 9 2 2 4 2514 2511 2515 2810 2917 2918
1956 9 2 3 4 2514 2515 2511 2918 2917 2810
1957 9 2 2 4 2515 2511 2516 2917 2919 2920
1958 9 2 3 4 2515 2516 2511 2920 2919 2917
1959 9 2 2 4 2516 2511 2654 2919 2807 2921
1960 9 2 3 4 2516 2654 2511 2921 2807 2919
1961 9 2 2 4 2512 2630 2672 2922 2923 2718
1962 9 2 3 4 2512 2672 2630 2718 2923 2922
1963 9 2 2 4 2630 2512 2699 2922 2924 2925
1964 9 2 3 4 2630 2699 2512 2925 2924 2922
1965 9 2 2 4 2512 2680 2699 2715 2926 2924
1966 9 2 3 4 2512 2699 2680 2924 2926 2715
1967 9 2 2 4 2513 2634 2667 2927 2928 2846
1968 9 2 3 4 2513 2667 2634 2846 2928 2927
1969 9 2 2 4 2634 2513 2683 2927 2929 2930
1970 9 2 3 4 2634 2683 2513 2930 2929 2927
1971 9 2 2 4 2513 2664 2683 2843 2931 2929
1972 9 2 3 4 2513 2683 2664 2929 2931 2843
1973 9 2 2 4 2514 2515 2602 2918 2932 2933
1974 9 2 3 4 2514 2602 2515 2933 2932 2918
1975 9 2 2 4 2514 2602 2688 2933 2869 2813
1976 9 2 3 4 2514 2688 2602 2813 2869 2933
1977 9 2 2 4 2515 2516 2517 2920 2934 2935
1978 9 2 3 4 2515 2517 2516 2935 2934 2920
1979 9 2 2 4 2515 2517 2606 2935 2936 2937
1980 9 2 3 4 2515 2606 2517 2937 2936 2935
1981 9 2 2 4 2602 2515 2606 2932 2937 2938
1982 9 2 3 4 2602 2606 2515 2938 2937 2932
1983 9 2 2 4 2517 2516 2518 2934 2939 2940
1984 9 2 3 4 2517 2518 2516 2940 2939 2934
1985 9 2 2 4 2518 2516 2600 2939 2941 2942
1986 9 2 3 4 2518 2600 2516 2942 2941 2939
1987 9 2 2 4 2600 2516 2654 2941 2921 2943
1988 9 2 3 4 2600 2654 2516 2943 2921 2941
1989 9 2 2 4 2517 2518 2519 2940 2944 2945
1990 9 2 3 4 2517 2519 2518 2945 2944 2940
1991 9 2 2 4 2517 2519 2520 2945 2946 2947
1992 9 2 3 4 2517 2520 2519 2947 2946 2945
1993 9 2 2 4 2517 2520 2606 2947 2948 2936
1994 9 2 3 4 2517 2606 2520 2936 2948 2947
1995 9 2 2 4 2519 2518 2607 2944 2949 2950
1996 9 2 3 4 2519 2607 2518 2950 2949 2944
1997 9 2 2 4 2518 2600 2605 2942 2951 2952
1998 9 2 3 4 2518 2605 2600 2952 2951 2942
1999 9 2 2 4 2518 2605 2607 2952 2953 2949
2000 9 2 3 4 2518 2607 2605 2949 2953 2952
2001 9 2 2 4 2520 2519 2521 2946 2954 2955
2002 9 2 3 4 2520 2521 2519 2955 2954 2946
2003 9 2 2 4 2521 2519 2522 2954 2956 2957
2004 9 2 3 4 2521 2522 2519 2957 2956 2954
2005 9 2 2 4 2522 2519 2607 2956 2950 2958
2006 9 2 3 4 2522 2607 2519 2958 2950 2956
2007 9 2 2 4 2520 2521 2609 2955 2959 2960
2008 9 2 3 4 2520 2609 2521 2960 2959 2955
2009 9 2 2 4 2606 2520 2651 2948 2961 2962
2010 9 2 3 4 2606 2651 2520 2962 2961 2948
2011 9 2 2 4 2520 2609 2651 2960 2963 2961
2012 9 2 3 4 2520 2651 2609 2961 2963 2960
2013 9 2 2 4 2521 2522 2523 2957 2964 2965
2014 9 2 3 4 2521 2523 2522 2965 2964 2957
2015 9 2 2 4 2521 2523 2524 2965 2966 2967
2016 9 2 3 4 2521 2524 2523 2967 2966 2965
2017 9 2 2 4 2521 2524 2609 2967 2968 2959
2018 9 2 3 4 2521 2609 2524 2959 2968 2967
2019 9 2 2 4 2523 2522 2608 2964 2969 2970
2020 9 2 3 4 2523 2608 2522 2970 2969 2964
2021 9 2 2 4 2522 2607 2611 2958 2971 2972
2022 9 2 3 4 2522 2611 2607 2972 2971 2958
2023 9 2 2 4 2608 2522 2611 2969 2972 2973
2024 9 2 3 4 2608 2611 2522 2973 2972 2969
2025 9 2 2 4 2524 2523 2525 2966 2974 2975
2026 9 2 3 4 2524 2525 2523 2975 2974 2966
2027 9 2 2 4 2525 2523 2526 2974 2976 2977
2028 9 2 3 4 2525 2526 2523 2977 2976 2974
2029 9 2 2 4 2526 2523 2608 2976 2970 2978
2030 9 2 3 4 2526 2608 2523 2978 2970 2976
2031 9 2 2 4 2524 2525 2613 2975 2979 2980
2032 9 2 3 4 2524 2613 2525 2980 2979 2975
2033 9 2 2 4 2609 2524 2650 2968 2981 2982
2034 9 2 3 4 2609 2650 2524 2982 2981 2968
2035 9 2 2 4 2524 2613 2650 2980 2983 2981
2036 9 2 3 4 2524 2650 2613 2981 2983 2980
2037 9 2 2 4 2525 2526 2527 2977 2984 2985
2038 9 2 3 4 2525 2527 2526 2985 2984 2977
2039 9 2 2 4 2525 2527 2528 2985 2986 2987
2040 9 2 3 4 2525 2528 2527 2987 2986 2985
2041 9 2 2 4 2525 2528 2613 2987 2988 2979
2042 9 2 3 4 2525 2613 2528 2979 2988 2987
2043 9 2 2 4 2527 2526 2612 2984 2989 2990
2044 9 2 3 4 2527 2612 2526 2990 2989 2984
2045 9 2 2 4 2526 2608 2610 2978 2991 2992
2046 9 2 3 4 2526 2610 2608 2992 2991 2978
2047 9 2 2 4 2526 2610 2612 2992 2993 2989
2048 9 2 3 4 2526 2612 2610 2989 2993 2992
2049 9 2 2 4 2528 2527 2529 2986 2994 2995
2050 9 2 3 4 2528 2529 2527 2995 2994 2986
2051 9 2 2 4 2529 2527 2530 2994 2996 2997
2052 9 2 3 4 2529 2530 2527 2997 2996 2994
2053 9 2 2 4 2530 2527 2612 2996 2990 2998
2054 9 2 3 4 2530 2612 2527 2998 2990 2996
2055 9 2 2 4 2528 2529 2614 2995 2999 3000
2056 9 2 3 4 2528 2614 2529 3000 2999 2995
2057 9 2 2 4 2613 2528 2647 2988 3001 3002
2058 9 2 3 4 2613 2647 2528 3002 3001 2988
2059 9 2 2 4 2528 2614 2647 3000 3003 3001
2060 9 2 3 4 2528 2647 2614 3001 3003 3000
2061 9 2 2 4 2529 2530 2531 2997 3004 3005
2062 9 2 3 4 2529 2531 2530 3005 3004 2997
2063 9 2 2 4 2529 2531 2532 3005 3006 3007
2064 9 2 3 4 2529 2532 2531 3007 3006 3005
2065 9 2 2 4 2529 2532 2614 3007 3008 2999
2066 9 2 3 4 2529 2614 2532 2999 3008 3007
2067 9 2 2 4 2531 2530 2533 3004 3009 3010
2068 9 2 3 4 2531 2533 2530 3010 3009 3004
2069 9 2 2 4 2533 2530 2535 3009 3011 3012
2070 9 2 3 4 2533 2535 2530 3012 3011 3009
2071 9 2 2 4 2535 2530 2612 3011 2998 3013
2072 9 2 3 4 2535 2612 2530 3013 2998 3011
2073 9 2 2 4 2532 2531 2615 3006 3014 3015
2074 9 2 3 4 2532 2615 2531 3015 3014 3006
2075 9 2 2 4 2531 2533 2534 3010 3016 3017
2076 9 2 3 4 2531 2534 2533 3017 3016 3010
2077 9 2 2 4 2531 2534 2615 3017 3018 3014
2078 9 2 3 4 2531 2615 2534 3014 3018 3017
2079 9 2 2 4 2614 2532 2642 3008 3019 3020
2080 9 2 3 4 2614 2642 2532 3020 3019 3008
2081 9 2 2 4 2532 2615 2646 3015 3021 3022
2082 9 2 3 4 2532 2646 2615 3022 3021 3015
2083 9 2 2 4 2642 2532 2646 3019 3022 3023
2084 9 2 3 4 2642 2646 2532 3023 3022 3019
2085 9 2 2 4 2534 2533 2617 3016 3024 3025
2086 9 2 3 4 2534 2617 2533 3025 3024 3016
2087 9 2 2 4 2533 2535 2536 3012 3026 3027
2088 9 2 3 4 2533 2536 2535 3027 3026 3012
2089 9 2 2 4 2533 2536 2617 3027 3028 3024
2090 9 2 3 4 2533 2617 2536 3024 3028 3027
2091 9 2 2 4 2615 2534 2616 3018 3029 3030
2092 9 2 3 4 2615 2616 2534 3030 3029 3018
2093 9 2 2 4 2616 2534 2641 3029 3031 3032
2094 9 2 3 4 2616 2641 2534 3032 3031 3029
2095 9 2 2 4 2534 2617 2641 3025 3033 3031
2096 9 2 3 4 2534 2641 2617 3031 3033 3025
2097 9 2 2 4 2536 2535 2537 3026 3034 3035
2098 9 2 3 4 2536 2537 2535 3035 3034 3026
2099 9 2 2 4 2537 2535 2648 3034 3036 3037
2100 9 2 3 4 2537 2648 2535 3037 3036 3034
2101 9 2 2 4 2535 2612 2648 3013 3038 3036
2102 9 2 3 4 2535 2648 2612 3036 3038 3013
2103 9 2 2 4 2536 2537 2538 3035 3039 3040
2104 9 2 3 4 2536 2538 2537 3040 3039 3035
2105 9 2 2 4 2536 2538 2539 3040 3041 3042
2106 9 2 3 4 2536 2539 2538 3042 3041 3040
2107 9 2 2 4 2536 2539 2617 3042 3043 3028
2108 9 2 3 4 2536 2617 2539 3028 3043 3042
2109 9 2 2 4 2538 2537 2540 3039 3044 3045
2110 9 2 3 4 2538 2540 2537 3045 3044 3039
2111 9 2 2 4 2540 2537 2541 3044 3046 3047
2112 9 2 3 4 2540 2541 2537 3047 3046 3044
2113 9 2 2 4 2541 2537 2648 3046 3037 3048
2114 9 2 3 4 2541 2648 2537 3048 3037 3046
2115 9 2 2 4 2539 2538 2544 3041 3049 3050
2116 9 2 3 4 2539 2544 2538 3050 3049 3041
2117 9 2 2 4 2538 2540 2620 3045 3051 3052
2118 9 2 3 4 2538 2620 2540 3052 3051 3045
2119 9 2 2 4 2544 2538 2620 3049 3052 3053
2120 9 2 3 4 2544 2620 2538 3053 3052 3049
2121 9 2 2 4 2539 2544 2545 3050 3054 3055
2122 9 2 3 4 2539 2545 2544 3055 3054 3050
2123 9 2 2 4 2539 2545 2550 3055 3056 3057
2124 9 2 3 4 2539 2550 2545 3057 3056 3055
2125 9 2 2 4 2539 2550 2617 3057 3058 3043
2126 9 2 3 4 2539 2617 2550 3043 3058 3057
2127 9 2 2 4 2540 2541 2542 3047 3059 3060
2128 9 2 3 4 2540 2542 2541 3060 3059 3047
2129 9 2 2 4 2540 2542 2547 3060 3061 3062
2130 9 2 3 4 2540 2547 2542 3062 3061 3060
2131 9 2 2 4 2540 2547 2620 3062 3063 3051
2132 9 2 3 4 2540 2620 2547 3051 3063 3062
2133 9 2 2 4 2542 2541 2543 3059 3064 3065
2134 9 2 3 4 2542 2543 2541 3065 3064 3059
2135 9 2 2 4 2543 2541 2548 3064 3066 3067
2136 9 2 3 4 2543 2548 2541 3067 3066 3064
2137 9 2 2 4 2548 2541 2648 3066 3048 3068
2138 9 2 3 4 2548 2648 2541 3068 3048 3066
2139 9 2 2 4 2542 2543 2635 3065 3069 3070
2140 9 2 3 4 2542 2635 2543 3070 3069 3065
2141 9 2 2 4 2547 2542 2592 3061 3071 3072
2142 9 2 3 4 2547 2592 2542 3072 3071 3061
2143 9 2 2 4 2592 2542 2635 3071 3070 3073
2144 9 2 3 4 2592 2635 2542 3073 3070 3071
2145 9 2 2 4 2543 2548 2549 3067 3074 3075
2146 9 2 3 4 2543 2549 2548 3075 3074 3067
2147 9 2 2 4 2543 2549 2553 3075 3076 3077
2148 9 2 3 4 2543 2553 2549 3077 3076 3075
2149 9 2 2 4 2543 2553 2635 3077 3078 3069
2150 9 2 3 4 2543 2635 2553 3069 3078 3077
2151 9 2 2 4 2545 2544 2546 3054 3079 3080
2152 9 2 3 4 2545 2546 2544 3080 3079 3054
2153 9 2 2 4 2546 2544 2557 3079 3081 3082
2154 9 2 3 4 2546 2557 2544 3082 3081 3079
2155 9 2 2 4 2557 2544 2620 3081 3053 3083
2156 9 2 3 4 2557 2620 2544 3083 3053 3081
2157 9 2 2 4 2545 2546 2621 3080 3084 3085
2158 9 2 3 4 2545 2621 2546 3085 3084 3080
2159 9 2 2 4 2550 2545 2551 3056 3086 3087
2160 9 2 3 4 2550 2551 2545 3087 3086 3056
2161 9 2 2 4 2551 2545 2621 3086 3085 3088
2162 9 2 3 4 2551 2621 2545 3088 3085 3086
2163 9 2 2 4 2546 2557 2601 3082 3089 3090
2164 9 2 3 4 2546 2601 2557 3090 3089 3082
2165 9 2 2 4 2546 2601 2603 3090 3091 3092
2166 9 2 3 4 2546 2603 2601 3092 3091 3090
2167 9 2 2 4 2546 2603 2621 3092 3093 3084
2168 9 2 3 4 2546 2621 2603 3084 3093 3092
2169 9 2 2 4 2547 2592 2604 3072 3094 3095
2170 9 2 3 4 2547 2604 2592 3095 3094 3072
2171 9 2 2 4 2547 2604 2618 3095 3096 3097
2172 9 2 3 4 2547 2618 2604 3097 3096 3095
2173 9 2 2 4 2547 2618 2620 3097 3098 3063
2174 9 2 3 4 2547 2620 2618 3063 3098 3097
2175 9 2 2 4 2549 2548 2649 3074 3099 3100
2176 9 2 3 4 2549 2649 2548 3100 3099 3074
2177 9 2 2 4 2610 2548 2648 3101 3068 3102
2178 9 2 3 4 2610 2648 2548 3102 3068 3101
2179 9 2 2 4 2548 2610 2649 3101 3103 3099
2180 9 2 3 4 2548 2649 2610 3099 3103 3101
2181 9 2 2 4 2553 2549 2554 3076 3104 3105
2182 9 2 3 4 2553 2554 2549 3105 3104 3076
2183 9 2 2 4 2554 2549 2555 3104 3106 3107
2184 9 2 3 4 2554 2555 2549 3107 3106 3104
2185 9 2 2 4 2555 2549 2649 3106 3100 3108
2186 9 2 3 4 2555 2649 2549 3108 3100 3106
2187 9 2 2 4 2550 2551 2552 3087 3109 3110
2188 9 2 3 4 2550 2552 2551 3110 3109 3087
2189 9 2 2 4 2550 2552 2641 3110 3111 3112
2190 9 2 3 4 2550 2641 2552 3112 3111 3110
2191 9 2 2 4 2617 2550 2641 3058 3112 3033
2192 9 2 3 4 2617 2641 2550 3033 3112 3058
2193 9 2 2 4 2552 2551 2558 3109 3113 3114
2194 9 2 3 4 2552 2558 2551 3114 3113 3109
2195 9 2 2 4 2558 2551 2593 3113 3115 3116
2196 9 2 3 4 2558 2593 2551 3116 3115 3113
2197 9 2 2 4 2593 2551 2621 3115 3088 3117
2198 9 2 3 4 2593 2621 2551 3117 3088 3115
2199 9 2 2 4 2552 2558 2559 3114 3118 3119
2200 9 2 3 4 2552 2559 2558 3119 3118 3114
2201 9 2 2 4 2552 2559 2560 3119 3120 3121
2202 9 2 3 4 2552 2560 2559 3121 3120 3119
2203 9 2 2 4 2552 2560 2641 3121 3122 3111
2204 9 2 3 4 2552 2641 2560 3111 3122 3121
2205 9 2 2 4 2553 2554 2594 3105 3123 3124
2206 9 2 3 4 2553 2594 2554 3124 3123 3105
2207 9 2 2 4 2553 2594 2653 3124 3125 3126
2208 9 2 3 4 2553 2653 2594 3126 3125 3124
2209 9 2 2 4 2635 2553 2653 3078 3126 3127
2210 9 2 3 4 2635 2653 2553 3127 3126 3078
2211 9 2 2 4 2554 2555 2556 3107 3128 3129
2212 9 2 3 4 2554 2556 2555 3129 3128 3107
2213 9 2 2 4 2554 2556 2660 3129 3130 3131
2214 9 2 3 4 2554 2660 2556 3131 3130 3129
2215 9 2 2 4 2594 2554 2660 3123 3131 3132
2216 9 2 3 4 2594 2660 2554 3132 3131 3123
2217 9 2 2 4 2556 2555 2586 3128 3133 3134
2218 9 2 3 4 2556 2586 2555 3134 3133 3128
2219 9 2 2 4 2586 2555 2611 3133 3135 3136
2220 9 2 3 4 2586 2611 2555 3136 3135 3133
2221 9 2 2 4 2611 2555 2649 3135 3108 3137
2222 9 2 3 4 2611 2649 2555 3137 3108 3135
2223 9 2 2 4 2556 2586 2596 3134 3138 3139
2224 9 2 3 4 2556 2596 2586 3139 3138 3134
2225 9 2 2 4 2556 2596 2658 3139 3140 3141
2226 9 2 3 4 2556 2658 2596 3141 3140 3139
2227 9 2 2 4 2556 2658 2660 3141 2894 3130
2228 9 2 3 4 2556 2660 2658 3130 2894 3141
2229 9 2 2 4 2601 2557 2673 3089 3142 2877
2230 9 2 3 4 2601 2673 2557 2877 3142 3089
2231 9 2 2 4 2618 2557 2620 3143 3083 3098
2232 9 2 3 4 2618 2620 2557 3098 3083 3143
2233 9 2 2 4 2557 2618 2673 3143 3144 3142
2234 9 2 3 4 2557 2673 2618 3142 3144 3143
2235 9 2 2 4 2559 2558 2624 3118 3145 3146
2236 9 2 3 4 2559 2624 2558 3146 3145 3118
2237 9 2 2 4 2558 2593 2656 3116 3147 3148
2238 9 2 3 4 2558 2656 2593 3148 3147 3116
2239 9 2 2 4 2624 2558 2656 3145 3148 2859
2240 9 2 3 4 2624 2656 2558 2859 3148 3145
2241 9 2 2 4 2560 2559 2561 3120 3149 3150
2242 9 2 3 4 2560 2561 2559 3150 3149 3120
2243 9 2 2 4 2561 2559 2595 3149 3151 3152
2244 9 2 3 4 2561 2595 2559 3152 3151 3149
2245 9 2 2 4 2595 2559 2624 3151 3146 3153
2246 9 2 3 4 2595 2624 2559 3153 3146 3151
2247 9 2 2 4 2560 2561 2562 3150 3154 3155
2248 9 2 3 4 2560 2562 2561 3155 3154 3150
2249 9 2 2 4 2560 2562 2616 3155 3156 3157
2250 9 2 3 4 2560 2616 2562 3157 3156 3155
2251 9 2 2 4 2560 2616 2641 3157 3032 3122
2252 9 2 3 4 2560 2641 2616 3122 3032 3157
2253 9 2 2 4 2562 2561 2563 3154 3158 3159
2254 9 2 3 4 2562 2563 2561 3159 3158 3154
2255 9 2 2 4 2563 2561 2643 3158 3160 3161
2256 9 2 3 4 2563 2643 2561 3161 3160 3158
2257 9 2 2 4 2561 2595 2643 3152 3162 3160
2258 9 2 3 4 2561 2643 2595 3160 3162 3152
2259 9 2 2 4 2562 2563 2564 3159 3163 3164
2260 9 2 3 4 2562 2564 2563 3164 3163 3159
2261 9 2 2 4 2562 2564 2623 3164 3165 3166
2262 9 2 3 4 2562 2623 2564 3166 3165 3164
2263 9 2 2 4 2616 2562 2623 3156 3166 3167
2264 9 2 3 4 2616 2623 2562 3167 3166 3156
2265 9 2 2 4 2564 2563 2565 3163 3168 3169
2266 9 2 3 4 2564 2565 2563 3169 3168 3163
2267 9 2 2 4 2565 2563 2585 3168 3170 3171
2268 9 2 3 4 2565 2585 2563 3171 3170 3168
2269 9 2 2 4 2585 2563 2643 3170 3161 3172
2270 9 2 3 4 2585 2643 2563 3172 3161 3170
2271 9 2 2 4 2564 2565 2566 3169 3173 3174
2272 9 2 3 4 2564 2566 2565 3174 3173 3169
2273 9 2 2 4 2564 2566 2567 3174 3175 3176
2274 9 2 3 4 2564 2567 2566 3176 3175 3174
2275 9 2 2 4 2564 2567 2623 3176 3177 3165
2276 9 2 3 4 2564 2623 2567 3165 3177 3176
2277 9 2 2 4 2566 2565 2584 3173 3178 3179
2278 9 2 3 4 2566 2584 2565 3179 3178 3173
2279 9 2 2 4 2584 2565 2652 3178 3180 3181
2280 9 2 3 4 2584 2652 2565 3181 3180 3178
2281 9 2 2 4 2565 2585 2652 3171 3182 3180
2282 9 2 3 4 2565 2652 2585 3180 3182 3171
2283 9 2 2 4 2567 2566 2568 3175 3183 3184
2284 9 2 3 4 2567 2568 2566 3184 3183 3175
2285 9 2 2 4 2568 2566 2626 3183 3185 3186
2286 9 2 3 4 2568 2626 2566 3186 3185 3183
2287 9 2 2 4 2566 2584 2626 3179 3187 3185
2288 9 2 3 4 2566 2626 2584 3185 3187 3179
2289 9 2 2 4 2567 2568 2569 3184 3188 3189
2290 9 2 3 4 2567 2569 2568 3189 3188 3184
2291 9 2 2 4 2567 2569 2646 3189 3190 3191
2292 9 2 3 4 2567 2646 2569 3191 3190 3189
2293 9 2 2 4 2623 2567 2646 3177 3191 3192
2294 9 2 3 4 2623 2646 2567 3192 3191 3177
2295 9 2 2 4 2569 2568 2570 3188 3193 3194
2296 9 2 3 4 2569 2570 2568 3194 3193 3188
2297 9 2 2 4 2570 2568 2576 3193 3195 3196
2298 9 2 3 4 2570 2576 2568 3196 3195 3193
2299 9 2 2 4 2576 2568 2626 3195 3186 3197
2300 9 2 3 4 2576 2626 2568 3197 3186 3195
2301 9 2 2 4 2569 2570 2571 3194 3198 3199
2302 9 2 3 4 2569 2571 2570 3199 3198 3194
2303 9 2 2 4 2569 2571 2642 3199 3200 3201
2304 9 2 3 4 2569 2642 2571 3201 3200 3199
2305 9 2 2 4 2569 2642 2646 3201 3023 3190
2306 9 2 3 4 2569 2646 2642 3190 3023 3201
2307 9 2 2 4 2571 2570 2572 3198 3202 3203
2308 9 2 3 4 2571 2572 2570 3203 3202 3198
2309 9 2 2 4 2572 2570 2632 3202 3204 3205
2310 9 2 3 4 2572 2632 2570 3205 3204 3202
2311 9 2 2 4 2570 2576 2632 3196 3206 3204
2312 9 2 3 4 2570 2632 2576 3204 3206 3196
2313 9 2 2 4 2571 2572 2573 3203 3207 3208
2314 9 2 3 4 2571 2573 2572 3208 3207 3203
2315 9 2 2 4 2571 2573 2589 3208 3209 3210
2316 9 2 3 4 2571 2589 2573 3210 3209 3208
2317 9 2 2 4 2571 2589 2642 3210 3211 3200
2318 9 2 3 4 2571 2642 2589 3200 3211 3210
2319 9 2 2 4 2573 2572 2574 3207 3212 3213
2320 9 2 3 4 2573 2574 2572 3213 3212 3207
2321 9 2 2 4 2574 2572 2581 3212 3214 3215
2322 9 2 3 4 2574 2581 2572 3215 3214 3212
2323 9 2 2 4 2581 2572 2632 3214 3205 3216
2324 9 2 3 4 2581 2632 2572 3216 3205 3214
2325 9 2 2 4 2573 2574 2575 3213 3217 3218
2326 9 2 3 4 2573 2575 2574 3218 3217 3213
2327 9 2 2 4 2573 2575 2622 3218 3219 3220
2328 9 2 3 4 2573 2622 2575 3220 3219 3218
2329 9 2 2 4 2589 2573 2622 3209 3220 3221
2330 9 2 3 4 2589 2622 2573 3221 3220 3209
2331 9 2 2 4 2575 2574 2577 3217 3222 3223
2332 9 2 3 4 2575 2577 2574 3223 3222 3217
2333 9 2 2 4 2577 2574 2637 3222 3224 3225
2334 9 2 3 4 2577 2637 2574 3225 3224 3222
2335 9 2 2 4 2574 2581 2637 3215 3226 3224
2336 9 2 3 4 2574 2637 2581 3224 3226 3215
2337 9 2 2 4 2575 2577 2578 3223 3227 3228
2338 9 2 3 4 2575 2578 2577 3228 3227 3223
2339 9 2 2 4 2575 2578 2579 3228 3229 3230
2340 9 2 3 4 2575 2579 2578 3230 3229 3228
2341 9 2 2 4 2575 2579 2622 3230 3231 3219
2342 9 2 3 4 2575 2622 2579 3219 3231 3230
2343 9 2 2 4 2576 2626 2627 3197 3232 3233
2344 9 2 3 4 2576 2627 2626 3233 3232 3197
2345 9 2 2 4 2576 2627 2628 3233 3234 3235
2346 9 2 3 4 2576 2628 2627 3235 3234 3233
2347 9 2 2 4 2576 2628 2632 3235 3236 3206
2348 9 2 3 4 2576 2632 2628 3206 3236 3235
2349 9 2 2 4 2578 2577 2645 3227 3237 3238
2350 9 2 3 4 2578 2645 2577 3238 3237 3227
2351 9 2 2 4 2577 2637 2638 3225 3239 3240
2352 9 2 3 4 2577 2638 2637 3240 3239 3225
2353 9 2 2 4 2577 2638 2645 3240 3241 3237
2354 9 2 3 4 2577 2645 2638 3237 3241 3240
2355 9 2 2 4 2579 2578 2580 3229 3242 3243
2356 9 2 3 4 2579 2580 2578 3243 3242 3229
2357 9 2 2 4 2580 2578 2591 3242 3244 3245
2358 9 2 3 4 2580 2591 2578 3245 3244 3242
2359 9 2 2 4 2591 2578 2645 3244 3238 3246
2360 9 2 3 4 2591 2645 2578 3246 3238 3244
2361 9 2 2 4 2579 2580 2582 3243 3247 3248
2362 9 2 3 4 2579 2582 2580 3248 3247 3243
2363 9 2 2 4 2579 2582 2590 3248 3249 3250
2364 9 2 3 4 2579 2590 2582 3250 3249 3248
2365 9 2 2 4 2579 2590 2622 3250 3251 3231
2366 9 2 3 4 2579 2622 2590 3231 3251 3250
2367 9 2 2 4 2582 2580 2583 3247 3252 3253
2368 9 2 3 4 2582 2583 2580 3253 3252 3247
2369 9 2 2 4 2583 2580 2639 3252 3254 3255
2370 9 2 3 4 2583 2639 2580 3255 3254 3252
2371 9 2 2 4 2580 2591 2639 3245 3256 3254
2372 9 2 3 4 2580 2639 2591 3254 3256 3245
2373 9 2 2 4 2581 2632 2633 3216 3257 3258
2374 9 2 3 4 2581 2633 2632 3258 3257 3216
2375 9 2 2 4 2581 2633 2634 3258 3259 3260
2376 9 2 3 4 2581 2634 2633 3260 3259 3258
2377 9 2 2 4 2581 2634 2637 3260 3261 3226
2378 9 2 3 4 2581 2637 2634 3226 3261 3260
2379 9 2 2 4 2582 2583 2587 3253 3262 3263
2380 9 2 3 4 2582 2587 2583 3263 3262 3253
2381 9 2 2 4 2582 2587 2650 3263 3264 3265
2382 9 2 3 4 2582 2650 2587 3265 3264 3263
2383 9 2 2 4 2590 2582 2650 3249 3265 3266
2384 9 2 3 4 2590 2650 2582 3266 3265 3249
2385 9 2 2 4 2587 2583 2588 3262 3267 3268
2386 9 2 3 4 2587 2588 2583 3268 3267 3262
2387 9 2 2 4 2588 2583 2597 3267 3269 3270
2388 9 2 3 4 2588 2597 2583 3270 3269 3267
2389 9 2 2 4 2597 2583 2639 3269 3255 3271
2390 9 2 3 4 2597 2639 2583 3271 3255 3269
2391 9 2 2 4 2626 2584 2630 3187 3272 3273
2392 9 2 3 4 2626 2630 2584 3273 3272 3187
2393 9 2 2 4 2630 2584 2631 3272 3274 3275
2394 9 2 3 4 2630 2631 2584 3275 3274 3272
2395 9 2 2 4 2631 2584 2652 3274 3181 2881
2396 9 2 3 4 2631 2652 2584 2881 3181 3274
2397 9 2 2 4 2585 2643 2644 3172 3276 3277
2398 9 2 3 4 2585 2644 2643 3277 3276 3172
2399 9 2 2 4 2585 2644 2691 3277 3278 3279
2400 9 2 3 4 2585 2691 2644 3279 3278 3277
2401 9 2 2 4 2652 2585 2691 3182 3279 2884
2402 9 2 3 4 2652 2691 2585 2884 3279 3182
2403 9 2 2 4 2596 2586 2605 3138 3280 3281
2404 9 2 3 4 2596 2605 2586 3281 3280 3138
2405 9 2 2 4 2605 2586 2607 3280 3282 2953
2406 9 2 3 4 2605 2607 2586 2953 3282 3280
2407 9 2 2 4 2607 2586 2611 3282 3136 2971
2408 9 2 3 4 2607 2611 2586 2971 3136 3282
2409 9 2 2 4 2587 2588 2651 3268 3283 3284
2410 9 2 3 4 2587 2651 2588 3284 3283 3268
2411 9 2 2 4 2587 2609 2650 3285 2982 3264
2412 9 2 3 4 2587 2650 2609 3264 2982 3285
2413 9 2 2 4 2609 2587 2651 3285 3284 2963
2414 9 2 3 4 2609 2651 2587 2963 3284 3285
2415 9 2 2 4 2588 2597 2598 3270 3286 3287
2416 9 2 3 4 2588 2598 2597 3287 3286 3270
2417 9 2 2 4 2588 2598 2599 3287 2865 3288
2418 9 2 3 4 2588 2599 2598 3288 2865 3287
2419 9 2 2 4 2588 2599 2651 3288 3289 3283
2420 9 2 3 4 2588 2651 2599 3283 3289 3288
2421 9 2 2 4 2589 2614 2642 3290 3020 3211
2422 9 2 3 4 2589 2642 2614 3211 3020 3290
2423 9 2 2 4 2614 2589 2647 3290 3291 3003
2424 9 2 3 4 2614 2647 2589 3003 3291 3290
2425 9 2 2 4 2589 2622 2647 3221 3292 3291
2426 9 2 3 4 2589 2647 2622 3291 3292 3221
2427 9 2 2 4 2590 2613 2647 3293 3002 3294
2428 9 2 3 4 2590 2647 2613 3294 3002 3293
2429 9 2 2 4 2613 2590 2650 3293 3266 2983
2430 9 2 3 4 2613 2650 2590 2983 3266 3293
2431 9 2 2 4 2622 2590 2647 3251 3294 3292
2432 9 2 3 4 2622 2647 2590 3292 3294 3251
2433 9 2 2 4 2639 2591 2640 3256 3295 3296
2434 9 2 3 4 2639 2640 2591 3296 3295 3256
2435 9 2 2 4 2640 2591 2679 3295 3297 3298
2436 9 2 3 4 2640 2679 2591 3298 3297 3295
2437 9 2 2 4 2591 2645 2679 3246 3299 3297
2438 9 2 3 4 2591 2679 2645 3297 3299 3246
2439 9 2 2 4 2604 2592 2682 3094 3300 2905
2440 9 2 3 4 2604 2682 2592 2905 3300 3094
2441 9 2 2 4 2592 2635 2636 3073 3301 3302
2442 9 2 3 4 2592 2636 2635 3302 3301 3073
2443 9 2 2 4 2592 2636 2682 3302 3303 3300
2444 9 2 3 4 2592 2682 2636 3300 3303 3302
2445 9 2 2 4 2593 2621 2678 3117 3304 3305
2446 9 2 3 4 2593 2678 2621 3305 3304 3117
2447 9 2 2 4 2656 2593 2657 3147 3306 3307
2448 9 2 3 4 2656 2657 2593 3307 3306 3147
2449 9 2 2 4 2657 2593 2678 3306 3305 3308
2450 9 2 3 4 2657 2678 2593 3308 3305 3306
2451 9 2 2 4 2653 2594 2676 3125 3309 2852
2452 9 2 3 4 2653 2676 2594 2852 3309 3125
2453 9 2 2 4 2594 2660 2661 3132 2896 3310
2454 9 2 3 4 2594 2661 2660 3310 2896 3132
2455 9 2 2 4 2594 2661 2676 3310 2786 3309
2456 9 2 3 4 2594 2676 2661 3309 2786 3310
2457 9 2 2 4 2595 2624 2625 3153 3311 3312
2458 9 2 3 4 2595 2625 2624 3312 3311 3153
2459 9 2 2 4 2595 2625 2685 3312 2899 3313
2460 9 2 3 4 2595 2685 2625 3313 2899 3312
2461 9 2 2 4 2643 2595 2685 3162 3313 3314
2462 9 2 3 4 2643 2685 2595 3314 3313 3162
2463 9 2 2 4 2596 2605 2698 3281 3315 3316
2464 9 2 3 4 2596 2698 2605 3316 3315 3281
2465 9 2 2 4 2658 2596 2659 3140 3317 3318
2466 9 2 3 4 2658 2659 2596 3318 3317 3140
2467 9 2 2 4 2659 2596 2698 3317 3316 2874
2468 9 2 3 4 2659 2698 2596 2874 3316 3317
2469 9 2 2 4 2598 2597 2666 3286 3319 3320
2470 9 2 3 4 2598 2666 2597 3320 3319 3286
2471 9 2 2 4 2597 2639 2690 3271 3321 3322
2472 9 2 3 4 2597 2690 2639 3322 3321 3271
2473 9 2 2 4 2666 2597 2690 3319 3322 2909
2474 9 2 3 4 2666 2690 2597 2909 3322 3319
2475 9 2 2 4 2665 2598 2666 2866 3320 2822
2476 9 2 3 4 2665 2666 2598 2822 3320 2866
2477 9 2 2 4 2599 2602 2606 2868 2938 3323
2478 9 2 3 4 2599 2606 2602 3323 2938 2868
2479 9 2 2 4 2599 2606 2651 3323 2962 3289
2480 9 2 3 4 2599 2651 2606 3289 2962 3323
2481 9 2 2 4 2605 2600 2698 2951 2873 3315
2482 9 2 3 4 2605 2698 2600 3315 2873 2951
2483 9 2 2 4 2600 2654 2674 2943 2804 2871
2484 9 2 3 4 2600 2674 2654 2871 2804 2943
2485 9 2 2 4 2603 2601 2662 3091 2876 3324
2486 9 2 3 4 2603 2662 2601 3324 2876 3091
2487 9 2 2 4 2621 2603 2678 3093 2914 3304
2488 9 2 3 4 2621 2678 2603 3304 2914 3093
2489 9 2 2 4 2603 2662 2701 3324 2759 2915
2490 9 2 3 4 2603 2701 2662 2915 2759 3324
2491 9 2 2 4 2618 2604 2619 3096 3325 3326
2492 9 2 3 4 2618 2619 2604 3326 3325 3096
2493 9 2 2 4 2619 2604 2693 3325 2907 3327
2494 9 2 3 4 2619 2693 2604 3327 2907 3325
2495 9 2 2 4 2610 2608 2649 2991 3328 3103
2496 9 2 3 4 2610 2649 2608 3103 3328 2991
2497 9 2 2 4 2608 2611 2649 2973 3137 3328
2498 9 2 3 4 2608 2649 2611 3328 3137 2973
2499 9 2 2 4 2612 2610 2648 2993 3102 3038
2500 9 2 3 4 2612 2648 2610 3038 3102 2993
2501 9 2 2 4 2615 2616 2623 3030 3167 3329
2502 9 2 3 4 2615 2623 2616 3329 3167 3030
2503 9 2 2 4 2615 2623 2646 3329 3192 3021
2504 9 2 3 4 2615 2646 2623 3021 3192 3329
2505 9 2 2 4 2618 2619 2673 3326 3330 3144
2506 9 2 3 4 2618 2673 2619 3144 3330 3326
2507 9 2 2 4 2673 2619 2684 3330 3331 2879
2508 9 2 3 4 2673 2684 2619 2879 3331 3330
2509 9 2 2 4 2684 2619 2693 3331 3327 2768
2510 9 2 3 4 2684 2693 2619 2768 3327 3331
2511 9 2 2 4 2625 2624 2677 3311 2861 3332
2512 9 2 3 4 2625 2677 2624 3332 2861 3311
2513 9 2 2 4 2625 2677 2694 3332 2739 2900
2514 9 2 3 4 2625 2694 2677 2900 2739 3332
2515 9 2 2 4 2627 2626 2630 3232 3273 3333
2516 9 2 3 4 2627 2630 2626 3333 3273 3232
2517 9 2 2 4 2628 2627 2629 3234 3334 3335
2518 9 2 3 4 2628 2629 2627 3335 3334 3234
2519 9 2 2 4 2629 2627 2699 3334 3336 3337
2520 9 2 3 4 2629 2699 2627 3337 3336 3334
2521 9 2 2 4 2627 2630 2699 3333 2925 3336
2522 9 2 3 4 2627 2699 2630 3336 2925 3333
2523 9 2 2 4 2628 2629 2695 3335 3338 3339
2524 9 2 3 4 2628 2695 2629 3339 3338 3335
2525 9 2 2 4 2632 2628 2633 3236 3340 3257
2526 9 2 3 4 2632 2633 2628 3257 3340 3236
2527 9 2 2 4 2633 2628 2695 3340 3339 3341
2528 9 2 3 4 2633 2695 2628 3341 3339 3340
2529 9 2 2 4 2629 2680 2687 3342 2712 3343
2530 9 2 3 4 2629 2687 2680 3343 2712 3342
2531 9 2 2 4 2680 2629 2699 3342 3337 2926
2532 9 2 3 4 2680 2699 2629 2926 3337 3342
2533 9 2 2 4 2629 2687 2695 3343 2857 3338
2534 9 2 3 4 2629 2695 2687 3338 2857 3343
2535 9 2 2 4 2630 2631 2672 3275 3344 2923
2536 9 2 3 4 2630 2672 2631 2923 3344 3275
2537 9 2 2 4 2672 2631 2681 3344 2883 2721
2538 9 2 3 4 2672 2681 2631 2721 2883 3344
2539 9 2 2 4 2634 2633 2655 3259 3345 3346
2540 9 2 3 4 2634 2655 2633 3346 3345 3259
2541 9 2 2 4 2655 2633 2695 3345 3341 2854
2542 9 2 3 4 2655 2695 2633 2854 3341 3345
2543 9 2 2 4 2637 2634 2683 3261 2930 3347
2544 9 2 3 4 2637 2683 2634 3347 2930 3261
2545 9 2 2 4 2634 2655 2667 3346 3348 2928
2546 9 2 3 4 2634 2667 2655 2928 3348 3346
2547 9 2 2 4 2636 2635 2653 3301 3127 2849
2548 9 2 3 4 2636 2653 2635 2849 3127 3301
2549 9 2 2 4 2668 2636 2670 3349 2851 2777
2550 9 2 3 4 2668 2670 2636 2777 2851 3349
2551 9 2 2 4 2636 2668 2682 3349 2908 3303
2552 9 2 3 4 2636 2682 2668 3303 2908 3349
2553 9 2 2 4 2638 2637 2683 3239 3347 3350
2554 9 2 3 4 2638 2683 2637 3350 3347 3239
2555 9 2 2 4 2645 2638 2663 3241 3351 3352
2556 9 2 3 4 2645 2663 2638 3352 3351 3241
2557 9 2 2 4 2663 2638 2664 3351 3353 3354
2558 9 2 3 4 2663 2664 2638 3354 3353 3351
2559 9 2 2 4 2664 2638 2683 3353 3350 2931
2560 9 2 3 4 2664 2683 2638 2931 3350 3353
2561 9 2 2 4 2639 2640 2690 3296 3355 3321
2562 9 2 3 4 2639 2690 2640 3321 3355 3296
2563 9 2 2 4 2640 2671 2675 3356 2831 3357
2564 9 2 3 4 2640 2675 2671 3357 2831 3356
2565 9 2 2 4 2671 2640 2679 3356 3298 2891
2566 9 2 3 4 2671 2679 2640 2891 3298 3356
2567 9 2 2 4 2640 2675 2690 3357 2911 3355
2568 9 2 3 4 2640 2690 2675 3355 2911 3357
2569 9 2 2 4 2644 2643 2685 3276 3314 2902
2570 9 2 3 4 2644 2685 2643 2902 3314 3276
2571 9 2 2 4 2669 2644 2689 3358 2903 2730
2572 9 2 3 4 2669 2689 2644 2730 2903 3358
2573 9 2 2 4 2644 2669 2691 3358 2886 3278
2574 9 2 3 4 2644 2691 2669 3278 2886 3358
2575 9 2 2 4 2645 2663 2679 3352 2889 3299
2576 9 2 3 4 2645 2679 2663 3299 2889 3352
2577 9 2 2 4 2667 2655 2700 3348 2856 2847
2578 9 2 3 4 2667 2700 2655 2847 2856 3348
2579 9 2 2 4 2656 2657 2697 3307 2750 2862
2580 9 2 3 4 2656 2697 2657 2862 2750 3307
2581 9 2 2 4 2657 2678 2696 3308 2916 2749
2582 9 2 3 4 2657 2696 2678 2749 2916 3308
2583 9 2 2 4 2658 2659 2686 3318 2795 2895
2584 9 2 3 4 2658 2686 2659 2895 2795 3318
2585 9 2 2 4 2663 2664 2692 3354 2840 2890
2586 9 2 3 4 2663 2692 2664 2890 2840 3354
2587 11 2 1 1 1301 3436 330 3544 3699 3700 3701 3702 3703 3704
2588 11 2 1 1 234 3500 3396 3536 3705 3706 3707 3708 3709 3710
2589 11 2 1 1 235 3500 234 3536 3711 3705 685 3712 3708 3710
2590 11 2 1 1 3413 3655 3506 3688 3713 3714 3715 3716 3717 3718
2591 11 2 1 1 335 3483 3435 3516 3719 3720 3721 3722 3723 3724
2592 11 2 1 1 3420 3426 3386 3529 3725 3726 3727 3728 3729 3730
2593 11 2 1 1 3413 3481 3655 3688 3731 3732 3713 3716 3718 3733
2594 11 2 1 1 3413 3389 3506 3655 3734 3735 3715 3713 3714 3736
2595 11 2 1 1 3402 3424 1282 3527 3737 3738 3739 3740 3741 3742
2596 11 2 1 1 233 3396 234 3500 3743 3707 676 3744 3705 3706
2597 11 2 1 1 316 3412 1257 3545 3745 3746 3747 3748 3749 3750
2598 11 2 1 1 235 233 234 3500 684 676 685 3711 3705 3744
2599 11 2 1 1 2617 3449 2539 3466 3751 3752 3043 3753 3754 3755
2600 11 2 1 1 3382 3450 3400 3468 3756 3757 3758 3759 3760 3761
2601 11 2 1 1 242 3471 3442 3629 3762 3763 3764 3765 3766 3767
2602 11 2 1 1 3461 3488 3431 3577 3768 3769 3770 3771 3772 3773
2603 11 2 1 1 316 1257 3412 3590 3747 3746 3745 3774 3775 3776
2604 11 2 1 1 3379 3488 3461 3577 3777 3768 3778 3779 3771 3773
2605 11 2 1 1 2617 3449 3466 3623 3751 3755 3753 3780 3781 3782
2606 11 2 1 1 3364 3426 3420 3529 3783 3725 3784 3785 3728 3730
2607 11 2 1 1 1282 3424 3402 3533 3738 3737 3739 3786 3787 3788
2608 11 2 1 1 237 3410 3448 3500 3789 3790 3791 3792 3793 3794
2609 11 2 1 1 363 1316 3441 3605 3795 3796 3797 3798 3799 3800
2610 11 2 1 1 242 3471 3629 3631 3762 3767 3765 3801 3802 3803
2611 11 2 1 1 3373 3481 3429 3651 3804 3805 3806 3807 3808 3809
2612 11 2 1 1 2698 3464 2605 3598 3810 3811 3315 3812 3813 3814
2613 11 2 1 1 3386 3426 3420 3658 3726 3725 3727 3815 3816 3817
2614 11 2 1 1 237 3500 3448 3597 3792 3793 3791 3818 3819 3820
2615 11 2 1 1 250 335 3435 3516 761 3721 3821 3822 3723 3722
2616 11 2 1 1 3373 3429 3403 3651 3806 3823 3824 3807 3825 3808
2617 11 2 1 1 3550 3572 1182 3657 3826 3827 3828 3829 3830 3831
2618 11 2 1 1 3495 3537 3385 3685 3832 3833 3834 3835 3836 3837
2619 11 2 1 1 3396 3490 3410 3513 3838 3839 3840 3841 3842 3843
2620 11 2 1 1 3395 3421 1157 3505 3844 3845 3846 3847 3848 3849
2621 11 2 1 1 3453 3608 300 3663 3850 3851 3852 3853 3854 3855
2622 11 2 1 1 2643 2585 1202 3432 3172 3856 3857 3858 3859 3860
2623 11 2 1 1 2538 3466 3427 3512 3861 3862 3863 3864 3865 3866
2624 11 2 1 1 3396 3359 3490 3513 3867 3868 3838 3841 3843 3869
2625 11 2 1 1 2595 2643 2685 3432 3162 3314 3313 3870 3871 3858
2626 11 2 1 1 3367 3481 3429 3541 3872 3805 3873 3874 3875 3876
2627 11 2 1 1 3417 3481 3429 3552 3877 3805 3878 3879 3880 3881
2628 11 2 1 1 1184 1282 3424 3527 2290 3738 3882 3883 3742 3741
2629 11 2 1 1 277 356 3457 3631 901 3884 3885 3886 3887 3888
2630 11 2 1 1 3424 3452 3377 3462 3889 3890 3891 3892 3893 3894
2631 11 2 1 1 3400 3468 3450 3690 3760 3761 3757 3895 3896 3897
2632 11 2 1 1 3429 3481 3417 3541 3805 3877 3878 3875 3898 3876
2633 11 2 1 1 277 3457 3485 3631 3885 3899 3900 3886 3901 3887
2634 11 2 1 1 3417 3443 3385 3451 3902 3903 3904 3905 3906 3907
2635 11 2 1 1 1368 2605 2698 3464 3908 3315 3909 3910 3810 3811
2636 11 2 1 1 3427 3466 2538 3566 3862 3861 3863 3911 3912 3913
2637 11 2 1 1 241 3526 3471 3622 3914 3915 3916 3917 3918 3919
2638 11 2 1 1 3364 3517 3408 3527 3920 3921 3922 3923 3924 3925
2639 11 2 1 1 3399 3522 3419 3546 3926 3927 3928 3929 3930 3931
2640 11 2 1 1 1202 3432 2585 3477 3859 3860 3856 3932 3933 3934
2641 11 2 1 1 3367 3417 3481 3541 3935 3877 3872 3874 3876 3898
2642 11 2 1 1 363 3441 346 3605 3797 3936 837 3798 3937 3799
2643 11 2 1 1 3422 3455 3370 3489 3938 3939 3940 3941 3942 3943
2644 11 2 1 1 1116 3439 3431 3535 3944 3945 3946 3947 3948 3949
2645 11 2 1 1 2632 2576 2570 3497 3206 3196 3204 3950 3951 3952
2646 11 2 1 1 3431 3577 3488 3616 3772 3773 3769 3953 3954 3955
2647 11 2 1 1 3419 3546 3522 3633 3930 3931 3927 3956 3957 3958
2648 11 2 1 1 3365 3413 3469 3482 3959 3960 3961 3962 3963 3964
2649 11 2 1 1 3373 3417 3443 3449 3965 3902 3966 3967 3968 3969
2650 11 2 1 1 3365 3413 3482 3491 3959 3964 3962 3970 3971 3972
2651 11 2 1 1 3456 3550 1182 3657 3973 3828 3974 3975 3830 3829
2652 11 2 1 1 2539 3466 3449 3566 3754 3755 3752 3976 3977 3913
2653 11 2 1 1 3396 3359 3513 3523 3867 3869 3841 3978 3979 3980
2654 11 2 1 1 2595 3432 2685 3495 3870 3871 3313 3981 3982 3983
2655 11 2 1 1 3431 3488 3366 3616 3769 3984 3985 3953 3986 3954
2656 11 2 1 1 2639 1283 3530 3588 3987 3988 3989 3990 3991 3992
2657 11 2 1 1 2538 3427 2620 3512 3863 3993 3052 3864 3994 3865
2658 11 2 1 1 3364 3402 3517 3527 3995 3996 3920 3923 3925 3740
2659 11 2 1 1 3372 3469 3413 3482 3997 3960 3998 3999 3964 3963
2660 11 2 1 1 3419 3522 3399 3534 3927 3926 3928 4000 4001 4002
2661 11 2 1 1 245 3448 3400 3597 4003 4004 4005 4006 4007 3819
2662 11 2 1 1 3414 3454 2610 3520 4008 4009 4010 4011 4012 4013
2663 11 2 1 1 3453 3474 300 3608 4014 4015 3852 3850 3851 4016
2664 11 2 1 1 3417 3385 3449 3685 3904 4017 3969 4018 4019 3836
2665 11 2 1 1 1140 3403 3549 3611 4020 4021 4022 4023 4024 4025
2666 11 2 1 1 244 3526 241 3622 4026 3914 727 4027 3917 3919
2667 11 2 1 1 1181 1184 1282 3424 2288 2290 2279 4028 3738 3882
2668 11 2 1 1 3435 3473 1339 3531 4029 4030 4031 4032 4033 4034
2669 11 2 1 1 3537 3561 3449 3623 4035 4036 4037 4038 3782 4039
2670 11 2 1 1 3379 3461 3431 3577 3778 3770 4040 3779 3772 3771
2671 11 2 1 1 334 1229 3487 3684 4041 4042 4043 4044 4045 4046
2672 11 2 1 1 1157 3421 3395 3493 3845 3844 3846 4047 4048 4049
2673 11 2 1 1 2515 2517 3568 3606 2935 4050 4051 4052 4053 4054
2674 11 2 1 1 3522 3534 3419 3633 4002 4000 3927 3957 3956 4055
2675 11 2 1 1 3371 3452 3424 3462 4056 3889 4057 4058 3892 3894
2676 11 2 1 1 3449 3561 3537 3639 4036 4035 4037 4059 4060 4061
2677 11 2 1 1 1244 3417 3440 3617 4062 4063 4064 4065 4066 4067
2678 11 2 1 1 3391 3457 3485 3554 4068 3899 4069 4070 4071 4072
2679 11 2 1 1 3400 246 3516 3526 4073 4074 4075 4076 4077 4078
2680 11 2 1 1 395 3509 344 3518 4079 4080 1024 4081 4082 4083
2681 11 2 1 1 3482 3491 3413 3506 3971 3972 3964 4084 3715 4085
2682 11 2 1 1 3430 3516 246 3526 4086 4074 4087 4088 4078 4077
2683 11 2 1 1 237 3448 3410 3630 3791 3790 3789 4089 4090 4091
2684 11 2 1 1 2649 3414 2610 3520 4092 4010 3103 4093 4012 4011
2685 11 2 1 1 2544 3427 2538 3566 4094 3863 3049 4095 3912 3911
2686 11 2 1 1 1116 3439 3535 3661 3944 3949 3947 4096 4097 4098
2687 11 2 1 1 3392 3368 3453 3620 4099 4100 4101 4102 4103 4104
2688 11 2 1 1 3364 3426 3408 3517 3783 4105 3922 3920 3921 4106
2689 11 2 1 1 3483 3516 335 3596 3724 3722 3719 4107 4108 4109
2690 11 2 1 1 3473 3503 3435 3649 4110 4111 4029 4112 4113 4114
2691 11 2 1 1 3360 3400 3450 3503 4115 3757 4116 4117 4118 4119
2692 11 2 1 1 3365 3391 3553 3688 4120 4121 4122 4123 4124 4125
2693 11 2 1 1 2653 3484 1216 3624 4126 4127 4128 4129 4130 4131
2694 11 2 1 1 3408 3426 3364 3562 4105 3783 3922 4132 4133 4134
2695 11 2 1 1 3442 3471 3391 3629 3763 4135 4136 3766 4137 3767
2696 11 2 1 1 1166 3519 3463 3599 4138 4139 4140 4141 4142 4143
2697 11 2 1 1 3383 3435 3503 3649 4144 4111 4145 4146 4114 4113
2698 11 2 1 1 3443 3451 3417 3498 3907 3905 3902 4147 4148 4149
2699 11 2 1 1 3382 3400 3450 3636 3758 3757 3756 4150 4151 4152
2700 11 2 1 1 2555 2586 2611 3395 3133 3136 3135 4153 4154 4155
2701 11 2 1 1 3400 3360 3450 3636 4115 4116 3757 4152 4151 4156
2702 11 2 1 1 1183 1182 3550 3572 2287 3828 4157 4158 3826 3827
2703 11 2 1 1 1290 2593 3440 3689 4159 4160 4161 4162 4163 4164
2704 11 2 1 1 3385 3451 3443 3639 3906 3907 3903 4165 4166 4167
2705 11 2 1 1 3391 3629 3471 3631 4137 3767 4135 4168 3803 3802
2706 11 2 1 1 3361 3506 3655 3688 4169 3714 4170 4171 3718 3717
2707 11 2 1 1 1209 1283 3402 3530 2411 4172 4173 4174 4175 3988
2708 11 2 1 1 3373 3427 3466 3508 4176 3862 4177 4178 4179 4180
2709 11 2 1 1 3393 3486 3468 3642 4181 4182 4183 4184 4185 4186
2710 11 2 1 1 3402 3530 1283 3588 4175 3988 4172 4187 3992 3991
2711 11 2 1 1 3373 3403 3427 3508 3824 4188 4176 4178 4180 4189
2712 11 2 1 1 2685 3432 1248 3495 3871 4190 4191 3982 4192 3983
2713 11 2 1 1 3392 3625 3368 3627 4193 4194 4099 4195 4196 4197
2714 11 2 1 1 2632 3478 2576 3497 4198 4199 3206 3950 3952 4200
2715 11 2 1 1 3428 3503 3473 3586 4201 4110 4202 4203 4204 4205
2716 11 2 1 1 3403 3512 3376 3645 4206 4207 4208 4209 4210 4211
2717 11 2 1 1 1122 3509 3394 3583 4212 4213 4214 4215 4216 4217
2718 11 2 1 1 3414 3578 3525 3626 4218 4219 4220 4221 4222 4223
2719 11 2 1 1 3458 3468 3393 3486 4224 4183 4225 4226 4181 4182
2720 11 2 1 1 3459 3480 3476 3482 4227 4228 4229 4230 4231 4232
2721 11 2 1 1 1141 3427 3403 3645 4233 4188 4234 4235 4209 4236
2722 11 2 1 1 3365 3491 3391 3688 3970 4237 4120 4123 4125 4238
2723 11 2 1 1 312 1257 316 3590 4239 3747 648 4240 3774 3776
2724 11 2 1 1 309 316 312 1257 1033 648 573 4241 4239 3747
2725 11 2 1 1 3391 3442 3405 3491 4136 4242 4243 4237 4244 4245
2726 11 2 1 1 3428 3461 3379 3488 4246 3778 4247 4248 3777 3768
2727 11 2 1 1 316 1257 309 3545 3747 4241 1033 3748 4249 3749
2728 11 2 1 1 303 1288 1287 3583 4250 2368 4251 4252 4253 4254
2729 11 2 1 1 2578 3408 3517 3530 4255 3921 4256 4257 4258 4259
2730 11 2 1 1 1141 3467 3427 3645 4260 4261 4233 4235 4236 4262
2731 11 2 1 1 3411 3366 3461 3488 4263 4264 4265 4266 3768 3984
2732 11 2 1 1 3367 3485 3457 3554 4267 3899 4268 4269 4072 4071
2733 11 2 1 1 333 3437 1231 3684 4270 4271 4272 4273 4274 4275
2734 11 2 1 1 3441 3600 3369 3642 4276 4277 4278 4279 4280 4281
2735 11 2 1 1 3392 3370 3479 3671 4282 4283 4284 4285 4286 4287
2736 11 2 1 1 307 3444 1254 3544 4288 4289 4290 4291 4292 4293
2737 11 2 1 1 3417 3373 3481 3552 3965 3804 3877 3879 3881 4294
2738 11 2 1 1 2578 3517 2580 3530 4256 4295 3242 4257 4296 4258
2739 11 2 1 1 3383 3430 3411 3488 4297 4298 4299 4300 4266 4301
2740 11 2 1 1 3426 3386 3529 3687 3726 3729 3730 4302 4303 4304
2741 11 2 1 1 2611 3395 2586 3502 4154 4155 3136 4305 4306 4307
2742 11 2 1 1 245 3597 3400 3683 4006 4007 4005 4308 4309 4310
2743 11 2 1 1 3380 3503 3542 3562 4311 4312 4313 4314 4315 4316
2744 11 2 1 1 1290 3440 2593 3494 4161 4160 4159 4317 4318 4319
2745 11 2 1 1 3411 3430 3366 3488 4298 4320 4263 4266 3984 4301
2746 11 2 1 1 3400 3516 3430 3526 4075 4086 4321 4076 4088 4077
2747 11 2 1 1 247 3400 246 3516 4322 4073 745 4323 4074 4075
2748 11 2 1 1 2544 2620 2538 3427 3053 3052 3049 4094 3863 3993
2749 11 2 1 1 3403 3467 3427 3512 4324 4261 4188 4206 3865 4325
2750 11 2 1 1 2559 3537 3495 3685 4326 3832 4327 4328 3835 3837
2751 11 2 1 1 247 245 246 3400 744 736 745 4322 4073 4005
2752 11 2 1 1 3462 3533 1173 3575 4329 4330 4331 4332 4333 4334
2753 11 2 1 1 3373 3443 3417 3481 3966 3902 3965 3804 3877 4335
2754 11 2 1 1 2555 3395 2611 3520 4153 4154 3135 4336 4337 4338
2755 11 2 1 1 2548 2549 3520 3581 3074 4339 4340 4341 4342 4343
2756 11 2 1 1 3422 3479 3370 3671 4344 4283 3940 4345 4287 4286
2757 11 2 1 1 3408 3517 3402 3527 3921 3996 4346 3924 3740 3925
2758 11 2 1 1 3397 3422 1151 3493 4347 4348 4349 4350 4351 4352
2759 11 2 1 1 306 3456 1353 3574 4353 4354 4355 4356 4357 4358
2760 11 2 1 1 3381 3608 3453 3663 4359 3850 4360 4361 3853 3855
2761 11 2 1 1 2570 3497 2576 3610 3951 3952 3196 4362 4363 4364
2762 11 2 1 1 3413 3469 3372 3594 3960 3997 3998 4365 4366 4367
2763 11 2 1 1 3370 3479 3422 3489 4283 4344 3940 3942 3941 4368
2764 11 2 1 1 3414 3525 3454 3626 4220 4369 4008 4221 4370 4222
2765 11 2 1 1 3392 3444 3368 3620 4371 4372 4099 4102 4104 4373
2766 11 2 1 1 3365 3442 3391 3491 4374 4136 4120 3970 4237 4245
2767 11 2 1 1 245 246 3400 3526 736 4073 4005 4375 4076 4078
2768 11 2 1 1 3403 3427 3508 3512 4188 4180 4189 4206 4376 3865
2769 11 2 1 1 3473 3503 3380 3562 4110 4311 4377 4378 4314 4316
2770 11 2 1 1 3408 1187 3514 3527 4379 4380 4381 3924 4382 4383
2771 11 2 1 1 2549 3397 3520 3581 4384 4385 4339 4343 4342 4386
2772 11 2 1 1 3422 3489 3479 3607 3941 4368 4344 4387 4388 4389
2773 11 2 1 1 3373 3403 3429 3549 3824 3823 3806 4390 4391 4021
2774 11 2 1 1 3449 3443 3561 3639 3968 4392 4036 4059 4061 4166
2775 11 2 1 1 3391 3442 3365 3471 4136 4374 4120 4135 4393 3763
2776 11 2 1 1 291 3437 333 3684 4394 4270 967 4395 4273 4275
2777 11 2 1 1 3428 3557 3555 3586 4396 4397 4398 4203 4399 4400
2778 11 2 1 1 3453 300 3536 3663 3852 4401 4402 3853 4403 3854
2779 11 2 1 1 3455 3489 3422 3576 3943 3941 3938 4404 4405 4406
2780 11 2 1 1 356 3629 3457 3631 4407 4408 3884 3888 3887 3802
2781 11 2 1 1 3392 3368 3444 3627 4099 4372 4371 4195 4409 4196
2782 11 2 1 1 3370 3436 3392 3614 4410 4411 4282 4412 4413 4414
2783 11 2 1 1 3395 3464 2586 3502 4415 4416 4155 4307 4306 4417
2784 11 2 1 1 3395 3502 2611 3520 4307 4305 4154 4338 4337 4418
2785 11 2 1 1 3451 3498 3443 3639 4149 4147 3907 4167 4166 4419
2786 11 2 1 1 1205 306 266 3456 4420 849 4421 4422 4423 4353
2787 11 2 1 1 1225 3484 3397 3624 4424 4425 4426 4427 4428 4131
2788 11 2 1 1 3392 3453 3368 3625 4101 4100 4099 4193 4194 4429
2789 11 2 1 1 400 352 307 3544 1031 981 1032 4430 4291 4431
2790 11 2 1 1 3378 3459 3404 3506 4432 4433 4434 4435 4436 4437
2791 11 2 1 1 250 335 257 3435 761 773 772 3821 4438 3721
2792 11 2 1 1 244 243 241 3526 726 720 727 4026 3914 4439
2793 11 2 1 1 333 1231 334 3684 4272 4440 970 4273 4044 4274
2794 11 2 1 1 3363 3479 3567 3625 4441 4442 4443 4444 4445 4446
2795 11 2 1 1 1186 1187 3408 3527 2306 4379 4447 4448 3924 4383
2796 11 2 1 1 3393 3600 3441 3642 4449 4276 4450 4184 4279 4281
2797 11 2 1 1 3370 3392 3436 3671 4282 4411 4410 4287 4451 4285
2798 11 2 1 1 1245 3455 3437 3573 4452 4453 4454 4455 4456 4457
2799 11 2 1 1 1173 3533 3462 3587 4330 4329 4331 4458 4459 4460
2800 11 2 1 1 3360 3488 3428 3644 4461 4248 4462 4463 4464 4465
2801 11 2 1 1 2649 2608 3414 3502 3328 4466 4092 4467 4468 4469
2802 11 2 1 1 1368 2698 1223 3464 3909 4470 2438 3910 4471 3810
2803 11 2 1 1 3476 3543 2642 3680 4472 4473 4474 4475 4476 4477
2804 11 2 1 1 3379 3534 3488 3577 4478 4479 3777 3779 3773 4480
2805 11 2 1 1 1244 3417 1133 3440 4062 4481 2046 4064 4482 4063
2806 11 2 1 1 3391 3491 3405 3688 4237 4244 4243 4125 4483 4238
2807 11 2 1 1 2632 3409 3478 3497 4484 4485 4198 3950 4200 4486
2808 11 2 1 1 3360 3534 3488 3644 4487 4479 4461 4463 4465 4488
2809 11 2 1 1 2649 3502 3414 3520 4467 4468 4092 4093 4011 4418
2810 11 2 1 1 1151 3397 3484 3576 4349 4425 4489 4490 4491 4492
2811 11 2 1 1 3455 3489 3376 3651 3943 4493 4494 4495 4496 4497
2812 11 2 1 1 3393 3572 3550 3657 4498 3826 4499 4500 3829 3831
2813 11 2 1 1 3403 3508 3376 3512 4189 4501 4208 4206 4207 4376
2814 11 2 1 1 3381 3474 3453 3608 4502 4014 4360 4359 3850 4016
2815 11 2 1 1 3435 3441 3369 3531 4503 4278 4504 4032 4505 4506
2816 11 2 1 1 3490 3513 3460 3697 3843 4507 4508 4509 4510 4511
2817 11 2 1 1 3369 3441 3435 3547 4278 4503 4504 4512 4513 4514
2818 11 2 1 1 277 356 279 3457 901 900 899 3885 4515 3884
2819 11 2 1 1 3363 3479 3422 3567 4441 4344 4516 4443 4517 4442
2820 11 2 1 1 3365 3553 3413 3688 4122 4518 3959 4123 3716 4124
2821 11 2 1 1 3391 3485 3415 3554 4069 4519 4520 4070 4521 4071
2822 11 2 1 1 3363 3479 3445 3489 4441 4522 4523 4524 4525 4368
2823 11 2 1 1 3378 3480 3459 3482 4526 4227 4432 4527 4230 4232
2824 11 2 1 1 3370 3392 3479 3614 4282 4284 4283 4412 4528 4413
2825 11 2 1 1 3410 3513 3490 3697 3842 3843 3839 4529 4509 4511
2826 11 2 1 1 3405 3491 3361 3688 4244 4530 4531 4483 4171 4238
2827 11 2 1 1 3403 3467 3512 3645 4324 4325 4206 4209 4211 4262
2828 11 2 1 1 3418 3514 1187 3527 4532 4380 4533 4534 4383 4382
2829 11 2 1 1 2548 3520 3454 3581 4340 4013 4535 4341 4536 4342
2830 11 2 1 1 3376 3512 3467 3645 4207 4325 4537 4210 4262 4211
2831 11 2 1 1 3417 3449 3440 3685 3969 4538 4063 4018 4539 4019
2832 11 2 1 1 3419 2569 3610 3680 4540 4541 4542 4543 4544 4545
2833 11 2 1 1 3377 3492 3602 3691 4546 4547 4548 4549 4550 4551
2834 11 2 1 1 1305 3437 333 3580 4552 4270 4553 4554 4555 4556
2835 11 2 1 1 1337 3557 3473 3586 4557 4558 4559 4560 4204 4400
2836 11 2 1 1 1226 3427 1141 3686 4561 4233 2094 4562 4563 4564
2837 11 2 1 1 3403 3455 3376 3651 4565 4494 4208 3825 4496 4495
2838 11 2 1 1 3431 3461 3366 3488 3770 4264 3985 3769 3984 3768
2839 11 2 1 1 2576 3497 3478 3610 3952 4200 4199 4363 4566 4364
2840 11 2 1 1 3361 3655 3481 3688 4170 3732 4567 4171 3733 3718
2841 11 2 1 1 1124 1125 3451 3501 2003 4568 4569 4570 4571 4572
2842 11 2 1 1 3377 3602 3420 3691 4548 4573 4574 4549 4575 4550
2843 11 2 1 1 3404 3378 3506 3626 4434 4435 4436 4576 4577 4578
2844 11 2 1 1 245 3400 3448 3526 4005 4004 4003 4375 4579 4076
2845 11 2 1 1 3450 3468 3369 3690 3761 4580 4581 3896 4582 3897
2846 11 2 1 1 2568 3419 2569 3610 4583 4540 3188 4584 4541 4542
2847 11 2 1 1 3372 3459 3506 3561 4585 4437 4586 4587 4588 4589
2848 11 2 1 1 1255 3444 307 3545 4590 4288 4591 4592 4593 4594
2849 11 2 1 1 2698 1223 3464 3598 4470 4471 3810 3812 3814 4595
2850 11 2 1 1 1158 1157 3421 3505 2166 3845 4596 4597 3849 3848
2851 11 2 1 1 3374 3439 3407 3582 4598 4599 4600 4601 4602 4603
2852 11 2 1 1 3365 3391 3471 3553 4120 4135 4393 4122 4604 4121
2853 11 2 1 1 1157 3493 3395 3507 4047 4048 3846 4605 4606 4607
2854 11 2 1 1 1124 3501 3451 3585 4570 4571 4569 4608 4609 4610
2855 11 2 1 1 1279 3487 3437 3564 4611 4612 4613 4614 4615 4616
2856 11 2 1 1 3439 3496 3407 3582 4617 4618 4599 4603 4602 4619
2857 11 2 1 1 3445 3506 3378 3626 4620 4435 4621 4622 4578 4577
2858 11 2 1 1 2583 2580 2582 3402 3252 3247 3253 4623 4624 4625
2859 11 2 1 1 235 3410 3500 3536 4626 3794 3711 3712 3710 4627
2860 11 2 1 1 3373 3449 3443 3655 3967 3968 3966 4628 4629 4630
2861 11 2 1 1 1339 3473 3435 3649 4030 4029 4031 4631 4113 4112
2862 11 2 1 1 3429 3541 3417 3552 3875 3898 3878 3880 3879 4632
2863 11 2 1 1 1311 3470 3514 3557 4633 4634 4635 4636 4637 4638
2864 11 2 1 1 3373 3440 3417 3449 4639 4063 3965 3967 3969 4538
2865 11 2 1 1 3366 3411 3461 3535 4263 4265 4264 4640 4641 4642
2866 11 2 1 1 3411 3430 3383 3596 4298 4297 4299 4643 4644 4645
2867 11 2 1 1 324 242 3442 3629 718 3764 4646 4647 3766 3765
2868 11 2 1 1 291 333 334 3684 967 970 969 4395 4044 4273
2869 11 2 1 1 3363 3479 3489 3607 4441 4368 4524 4648 4389 4388
2870 11 2 1 1 2531 3459 3476 3504 4649 4229 4650 4651 4652 4653
2871 11 2 1 1 275 274 276 3425 879 884 883 4654 4655 4656
2872 11 2 1 1 1157 3507 3395 3598 4605 4606 3846 4657 4658 4659
2873 11 2 1 1 3393 3468 3600 3642 4183 4660 4449 4184 4281 4185
2874 11 2 1 1 1166 3599 3463 3674 4141 4142 4140 4661 4662 4663
2875 11 2 1 1 1202 2643 2644 2585 3857 3276 4664 3856 3277 3172
2876 11 2 1 1 3427 3466 3508 3512 3862 4179 4180 3865 4376 3866
2877 11 2 1 1 3429 3481 3373 3552 3805 3804 3806 3880 4294 3881
2878 11 2 1 1 240 3448 3471 3526 4665 4666 4667 4668 3915 4579
2879 11 2 1 1 3359 3515 3513 3602 4669 4670 3869 4671 4672 4673
2880 11 2 1 1 2531 3504 3476 3546 4651 4652 4650 4674 4675 4676
2881 11 2 1 1 3435 3483 3383 3516 3720 4677 4144 3723 4678 3724
2882 11 2 1 1 3370 3455 3422 3573 3939 3938 3940 4679 4680 4457
2883 11 2 1 1 3372 3482 3413 3506 3999 3964 3998 4586 3715 4084
2884 11 2 1 1 2605 1368 2600 3464 3908 4681 2951 3811 4682 3910
2885 11 2 1 1 276 3425 274 3485 4655 4656 884 4683 4684 4685
2886 11 2 1 1 1159 3395 1157 3505 4686 3846 2171 4687 3848 3847
2887 11 2 1 1 3427 3467 2620 3512 4261 4688 3993 3865 3994 4325
2888 11 2 1 1 3383 3411 3461 3488 4299 4265 4689 4300 3768 4266
2889 11 2 1 1 1244 3440 3494 3617 4064 4319 4690 4065 4691 4066
2890 11 2 1 1 1238 1186 1187 3408 2311 2306 2312 4692 4379 4447
2891 11 2 1 1 3515 3529 3513 3602 4693 4694 4670 4673 4672 4695
2892 11 2 1 1 1205 3456 266 3550 4422 4423 4421 4696 4697 3973
2893 11 2 1 1 3406 3488 3577 3616 4698 3773 4699 4700 3955 3954
2894 11 2 1 1 1178 1173 3533 3575 2245 4330 4701 4702 4334 4333
2895 11 2 1 1 3408 3364 3527 3562 3922 3923 3924 4132 4703 4133
2896 11 2 1 1 3401 3578 3515 3677 4704 4705 4706 4707 4708 4709
2897 11 2 1 1 3405 3361 3491 3560 4531 4530 4244 4710 4711 4712
2898 11 2 1 1 3380 3503 3428 3542 4311 4201 4713 4313 4714 4312
2899 11 2 1 1 3393 3441 3632 3642 4450 4715 4716 4184 4717 4279
2900 11 2 1 1 3431 3439 1116 3591 3945 3944 3946 4718 4719 4720
2901 11 2 1 1 3410 3396 3513 3523 3840 3841 3842 4721 3979 3978
2902 11 2 1 1 3389 3449 3561 3623 4722 4036 4723 4724 4039 3782
2903 11 2 1 1 3428 3383 3503 3586 4725 4145 4201 4203 4205 4726
2904 11 2 1 1 3403 1140 3564 3611 4020 4727 4728 4025 4729 4023
2905 11 2 1 1 3404 3508 3506 3655 4730 4731 4436 4732 3714 4733
2906 11 2 1 1 3369 3632 3441 3642 4734 4715 4278 4280 4279 4717
2907 11 2 1 1 2683 3470 1370 3551 4735 4736 4737 4738 4739 4740
2908 11 2 1 1 3445 3460 3378 3506 4741 4742 4621 4620 4435 4743
2909 11 2 1 1 3393 3468 3458 3600 4183 4224 4225 4449 4744 4660
2910 11 2 1 1 3473 3557 3428 3586 4558 4396 4202 4204 4203 4400
2911 11 2 1 1 3417 3443 3367 3481 3902 4745 3935 3877 3872 4335
2912 11 2 1 1 3389 3449 3443 3561 4722 3968 4746 4723 4392 4036
2913 11 2 1 1 2515 3568 1251 3606 4051 4747 4748 4052 4749 4053
2914 11 2 1 1 3426 3364 3562 3687 3783 4133 4134 4302 4750 4751
2915 11 2 1 1 2582 3402 2580 3517 4624 4625 3247 4752 4295 3996
2916 11 2 1 1 3369 3435 3473 3503 4504 4029 4753 4754 4110 4111
2917 11 2 1 1 1294 7 8 3409 1437 15 1438 4755 4756 4757
2918 11 2 1 1 3365 3469 3413 3553 3961 3960 3959 4122 4518 4758
2919 11 2 1 1 303 1287 3446 3583 4251 4759 4760 4252 4761 4253
2920 11 2 1 1 1225 3397 1151 3624 4426 4349 2131 4427 4762 4428
2921 11 2 1 1 3450 3468 3382 3642 3761 3759 3756 4763 4764 4185
2922 11 2 1 1 3445 3491 3460 3506 4765 4766 4741 4620 4743 4085
2923 11 2 1 1 3525 3578 3378 3626 4219 4767 4768 4222 4578 4223
2924 11 2 1 1 1141 3403 3427 3549 4234 4188 4233 4769 4770 4021
2925 11 2 1 1 3361 3506 3404 3508 4169 4436 4771 4772 4730 4731
2926 11 2 1 1 1183 3572 3550 3632 4158 3826 4157 4773 4774 4775
2927 11 2 1 1 3361 3506 3508 3655 4169 4731 4772 4170 4733 3714
2928 11 2 1 1 2568 2567 2569 3419 3184 3189 3188 4583 4540 4776
2929 11 2 1 1 3364 3486 3572 3642 4777 4778 4779 4780 4781 4186
2930 11 2 1 1 1282 1181 3424 3533 2279 4028 3738 3786 3788 4782
2931 11 2 1 1 3438 3513 3515 3529 4783 4670 4784 4785 4693 4694
2932 11 2 1 1 2559 3495 3537 3652 4327 3832 4326 4786 4787 4788
2933 11 2 1 1 2583 3402 2582 3532 4623 4624 3253 4789 4790 4791
2934 11 2 1 1 3409 3380 3540 3557 4792 4793 4794 4795 4796 4797
2935 11 2 1 1 3397 3484 2553 3624 4425 4798 4799 4428 4800 4131
2936 11 2 1 1 3377 3492 3475 3602 4546 4801 4802 4548 4803 4547
2937 11 2 1 1 3387 3485 3425 3498 4804 4685 4805 4806 4807 4808
2938 11 2 1 1 3441 3531 3435 3605 4506 4032 4503 3799 4809 4810
2939 11 2 1 1 2549 2548 2543 3581 3074 3067 3075 4343 4811 4341
2940 11 2 1 1 3431 3461 1265 3535 3770 4812 4813 3948 4814 4641
2941 11 2 1 1 3417 3385 3443 3449 3904 3903 3902 3969 3968 4017
2942 11 2 1 1 1122 3394 1275 3583 4214 4815 1987 4215 4816 4216
2943 11 2 1 1 356 279 3457 3629 900 4515 3884 4407 4408 4817
2944 11 2 1 1 3373 3403 3508 3651 3824 4189 4178 3807 4818 3825
2945 11 2 1 1 3363 3567 3421 3625 4443 4819 4820 4444 4821 4445
2946 11 2 1 1 3361 3404 3506 3626 4771 4436 4169 4822 4577 4576
2947 11 2 1 1 1225 1216 1369 3484 2416 2429 2428 4424 4823 4127
2948 11 2 1 1 1151 3397 1225 3484 4349 4426 2131 4489 4424 4425
2949 11 2 1 1 3359 3460 3578 3650 4824 4825 4826 4827 4828 4829
2950 11 2 1 1 8 2655 1106 3648 4830 4831 1443 4832 4833 4834
2951 11 2 1 1 2614 2642 3476 3543 3020 4474 4835 4836 4472 4473
2952 11 2 1 1 1124 3407 3501 3585 4837 4838 4570 4608 4610 4839
2953 11 2 1 1 2552 3537 2559 3685 4840 4326 3119 4841 4328 3837
2954 11 2 1 1 3373 3427 3403 3549 4176 4188 3824 4390 4021 4770
2955 11 2 1 1 1193 1339 3473 3531 2345 4030 4842 4843 4034 4033
2956 11 2 1 1 240 3471 241 3526 4667 3916 714 4668 3914 3915
2957 11 2 1 1 245 358 3597 3683 746 4844 4006 4308 4310 4845
2958 11 2 1 1 3377 3452 3424 3593 3890 3889 3891 4846 4847 4848
2959 11 2 1 1 3364 3486 3424 3572 4777 4849 4850 4779 4851 4778
2960 11 2 1 1 3422 3576 3489 3607 4405 4406 3941 4387 4389 4852
2961 11 2 1 1 237 236 3500 3597 694 4853 3792 3818 3820 4854
2962 11 2 1 1 3409 3540 3551 3557 4794 4855 4856 4795 4857 4796
2963 11 2 1 1 3367 3541 3433 3589 3874 4858 4859 4860 4861 4862
2964 11 2 1 1 3386 3476 3480 3482 4863 4228 4864 4865 4232 4231
2965 11 2 1 1 334 1231 1229 3684 4440 2448 4041 4044 4046 4274
2966 11 2 1 1 2639 3530 3402 3588 3989 4175 4866 3990 4187 3991
2967 11 2 1 1 3405 3491 3442 3560 4244 4245 4242 4710 4867 4711
2968 11 2 1 1 1153 3397 1151 3493 4868 4349 2142 4869 4351 4350
2969 11 2 1 1 3555 3557 6 3586 4397 4870 4871 4399 4872 4400
2970 11 2 1 1 3374 3439 3582 3616 4598 4603 4601 4873 4874 4875
2971 11 2 1 1 3359 3490 3460 3650 3868 4508 4824 4827 4829 4876
2972 11 2 1 1 1159 3505 3464 3598 4687 4877 4878 4879 3814 4880
2973 11 2 1 1 2568 2567 3419 3579 3184 4776 4583 4881 4882 4883
2974 11 2 1 1 235 3410 237 3500 4626 3789 695 3711 3792 3794
2975 11 2 1 1 3496 3582 3439 3616 4619 4603 4617 4884 4875 4874
2976 11 2 1 1 1225 1216 3484 3624 2416 4127 4424 4427 4131 4130
2977 11 2 1 1 2638 1370 2683 3470 4885 4737 3350 4886 4735 4736
2978 11 2 1 1 3405 3361 3570 3688 4531 4887 4888 4483 4889 4171
2979 11 2 1 1 3460 3490 3359 3513 4508 3868 4824 4507 3869 3843
2980 11 2 1 1 2568 3579 3419 3610 4881 4882 4583 4584 4542 4890
2981 11 2 1 1 1209 1283 1282 3402 2411 2371 2305 4173 3739 4172
2982 11 2 1 1 3382 3448 3410 3500 4891 3790 4892 4893 3794 3793
2983 11 2 1 1 1181 3424 3587 3657 4028 4894 4895 4896 4897 4898
2984 11 2 1 1 1238 3408 1187 3514 4692 4379 2312 4899 4380 4381
2985 11 2 1 1 3370 3479 3474 3614 4283 4900 4901 4412 4902 4528
2986 11 2 1 1 3384 3429 3403 3611 4903 3823 4904 4905 4025 4906
2987 11 2 1 1 3365 3448 3513 3636 4907 4908 4909 4910 4911 4912
2988 11 2 1 1 2642 3546 3476 3680 4913 4675 4474 4476 4475 4914
2989 11 2 1 1 3385 3537 3495 3652 3833 3832 3834 4915 4788 4787
2990 11 2 1 1 3407 3432 1247 3558 4916 4917 4918 4919 4920 4921
2991 11 2 1 1 3436 3544 1301 3671 3704 3702 3699 4451 4922 4923
2992 11 2 1 1 3399 3543 3476 3680 4924 4472 4925 4926 4475 4477
2993 11 2 1 1 3369 3503 3473 3562 4754 4110 4753 4927 4378 4316
2994 11 2 1 1 1181 3572 3424 3657 4928 4851 4028 4896 4898 3831
2995 11 2 1 1 3428 3380 3473 3503 4713 4377 4202 4201 4110 4311
2996 11 2 1 1 1173 1179 3533 3587 2250 4929 4330 4458 4460 4930
2997 11 2 1 1 1167 3519 1166 3599 4931 4138 2210 4932 4141 4143
2998 11 2 1 1 2620 3467 3427 3686 4688 4261 3993 4933 4564 4934
2999 11 2 1 1 3435 3531 1339 3605 4032 4033 4031 4809 4935 4810
3000 11 2 1 1 1288 1198 1287 3583 2367 1967 2368 4254 4253 4936
3001 11 2 1 1 2586 3464 3395 3598 4416 4415 4155 4937 4658 3814
3002 11 2 1 1 2639 1373 2640 3530 4938 4939 3296 3989 4940 4941
3003 11 2 1 1 3359 3578 3447 3650 4826 4942 4943 4827 4944 4828
3004 11 2 1 1 3394 3496 3521 3640 4945 4946 4947 4948 4949 4950
3005 11 2 1 1 3415 3485 3391 3631 4519 4069 4520 4951 4168 3901
3006 11 2 1 1 3403 3376 3508 3651 4208 4501 4189 3825 4818 4496
3007 11 2 1 1 3403 3429 3384 3651 3823 4903 4904 3825 4952 3808
3008 11 2 1 1 1139 1140 3549 3611 2078 4022 4953 4954 4024 4023
3009 11 2 1 1 3464 3505 3395 3598 4877 3847 4415 3814 4658 4880
3010 11 2 1 1 1282 3402 1283 3588 3739 4172 2371 4955 3992 4187
3011 11 2 1 1 3391 3485 3457 3631 4069 3899 4068 4168 3887 3901
3012 11 2 1 1 3366 3496 3394 3661 4956 4945 4957 4958 4959 4960
3013 11 2 1 1 233 231 3396 3528 675 4961 3743 4962 4963 4964
3014 11 2 1 1 3380 3551 3540 3557 4965 4855 4793 4797 4796 4857
3015 11 2 1 1 408 306 1353 3574 1026 4355 4966 4967 4357 4356
3016 11 2 1 1 3424 3462 3377 3533 3892 3893 3891 3788 4968 4329
3017 11 2 1 1 1353 306 1205 3456 4355 4420 2379 4354 4422 4353
3018 11 2 1 1 3372 3506 3413 3561 4586 3715 3998 4587 4969 4588
3019 11 2 1 1 2617 2550 2539 3449 3058 3057 3043 3751 3752 4970
3020 11 2 1 1 3459 3404 3592 3679 4433 4971 4972 4973 4974 4975
3021 11 2 1 1 3364 3572 3418 3642 4779 4976 4977 4780 4978 4781
3022 11 2 1 1 3450 3503 3400 3690 4118 4119 3757 3896 3895 4979
3023 11 2 1 1 2639 2580 2583 3402 3254 3252 3255 4866 4623 4625
3024 11 2 1 1 1226 1141 1143 3686 2094 2092 2095 4562 4980 4563
3025 11 2 1 1 3372 3459 3482 3506 4585 4230 3999 4586 4084 4437
3026 11 2 1 1 3381 3453 3536 3663 4360 4402 4981 4361 4403 3853
3027 11 2 1 1 319 361 3499 3569 673 4982 4983 4984 4985 4986
3028 11 2 1 1 3378 3515 3578 3677 4987 4705 4767 4988 4709 4708
3029 11 2 1 1 3419 3610 3497 3680 4542 4364 4989 4543 4990 4544
3030 11 2 1 1 3412 3499 361 3569 4991 4982 4992 4993 4986 4985
3031 11 2 1 1 1124 1123 1125 3501 1996 2004 2003 4570 4572 4994
3032 11 2 1 1 233 231 234 3396 675 677 676 3743 3707 4961
3033 11 2 1 1 1183 1182 1270 3550 2287 2292 2291 4157 4995 3828
3034 11 2 1 1 3361 3506 3445 3626 4169 4620 4996 4822 4622 4577
3035 11 2 1 1 2582 3402 3517 3532 4624 3996 4752 4790 4997 4791
3036 11 2 1 1 3426 3562 3542 3687 4134 4315 4998 4302 4999 4750
3037 11 2 1 1 3363 3489 3445 3626 4524 4525 4523 5000 4622 5001
3038 11 2 1 1 2586 3395 2555 3598 4155 4153 3133 4937 5002 4658
3039 11 2 1 1 3471 3526 3390 3622 3915 5003 5004 3918 5005 3919
3040 11 2 1 1 359 3458 320 3468 5006 5007 813 5008 5009 4224
3041 11 2 1 1 245 3400 247 3683 4005 4322 744 4308 5010 4309
3042 11 2 1 1 2578 3517 3408 3619 4256 3921 4255 5011 5012 5013
3043 11 2 1 1 1247 3432 3407 3585 4917 4916 4918 5014 4839 5015
3044 11 2 1 1 3363 3493 3397 3520 5016 4350 5017 5018 4385 5019
3045 11 2 1 1 3362 3553 3498 3554 5020 5021 5022 5023 5024 5025
3046 11 2 1 1 3433 3571 1235 3682 5026 5027 5028 5029 5030 5031
3047 11 2 1 1 3451 3501 3407 3585 4571 4838 5032 4609 4839 4610
3048 11 2 1 1 1159 3395 3505 3598 4686 3847 4687 4879 4880 4658
3049 11 2 1 1 3366 3439 3496 3661 5033 4617 4956 4958 4960 4098
3050 11 2 1 1 3438 3513 3482 3515 4783 5034 5035 4784 5036 4670
3051 11 2 1 1 3451 3501 1125 3664 4571 4572 4568 5037 5038 5039
3052 11 2 1 1 1289 2600 1368 3464 5040 4681 1821 5041 3910 4682
3053 11 2 1 1 3370 3436 3524 3580 4410 5042 5043 5044 5045 5046
3054 11 2 1 1 3442 3471 242 3630 3763 3762 3764 5047 5048 5049
3055 11 2 1 1 3398 3511 2616 3652 5050 5051 5052 5053 5054 5055
3056 11 2 1 1 2608 2610 2649 3414 2991 3103 3328 4466 4092 4010
3057 11 2 1 1 3460 3491 3482 3506 4766 3971 5056 4743 4084 4085
3058 11 2 1 1 1245 1146 3455 3573 2112 5057 4452 4455 4457 5058
3059 11 2 1 1 2531 3476 2532 3546 4650 5059 3006 4674 5060 4675
3060 11 2 1 1 240 3471 3448 3630 4667 4666 4665 5061 4091 5049
3061 11 2 1 1 3374 3419 3633 3643 5062 3956 5063 5064 5065 5066
3062 11 2 1 1 3383 3516 3483 3596 4678 3724 4677 4644 4107 4109
3063 11 2 1 1 3392 3479 3422 3671 4284 4344 5067 4285 4345 4286
3064 11 2 1 1 1141 1143 3467 3645 2092 5068 4260 4235 4262 5069
3065 11 2 1 1 1221 330 1301 3436 5070 3701 1757 5071 3699 3700
3066 11 2 1 1 3410 3448 3382 3513 3790 4891 4892 3842 5072 4908
3067 11 2 1 1 3439 3535 3366 3616 3949 4640 5033 4875 3986 5073
3068 11 2 1 1 3453 3381 3490 3650 4360 5074 5075 5076 4876 5077
3069 11 2 1 1 7 6 3555 3557 14 4871 5078 5079 4397 4870
3070 11 2 1 1 3453 3490 3625 3650 5075 5080 4429 5076 5081 4876
3071 11 2 1 1 2616 3511 3398 3643 5051 5050 5052 5082 5083 5084
3072 11 2 1 1 283 3524 3405 3608 5085 5086 5087 5088 5089 5090
3073 11 2 1 1 3544 3567 1155 3671 5091 5092 5093 4923 5094 5095
3074 11 2 1 1 1283 1373 2639 3530 1805 4938 3987 3988 3989 4941
3075 11 2 1 1 3462 3613 3452 3693 5096 5097 3894 5098 5099 5100
3076 11 2 1 1 1268 1183 3550 3632 2299 4157 5101 5102 4774 4773
3077 11 2 1 1 3389 3506 3459 3561 3735 4437 5103 4723 4589 4588
3078 11 2 1 1 1244 1133 3417 3617 2046 4481 4062 4065 4067 5104
3079 11 2 1 1 3429 3549 3403 3611 4391 4021 3823 4906 4025 4024
3080 11 2 1 1 1370 3470 2638 3628 4736 4886 4885 5105 5106 5107
3081 11 2 1 1 2519 2517 2520 3416 2945 2947 2946 5108 5109 5110
3082 11 2 1 1 2610 3454 3414 3525 4009 4008 4010 5111 4220 4369
3083 11 2 1 1 1139 1140 1138 3549 2078 2077 2070 4953 5112 4022
3084 11 2 1 1 3363 3607 3489 3626 4648 4389 4524 5000 5001 5113
3085 11 2 1 1 1181 3587 1182 3657 4895 5114 2281 4896 3830 4897
3086 11 2 1 1 288 3544 3436 3614 5115 3704 5116 5117 4414 5118
3087 11 2 1 1 1106 3551 8 3648 5119 5120 1443 4833 4832 5121
3088 11 2 1 1 3437 3455 3370 3573 4453 3939 5122 4456 4679 4457
3089 11 2 1 1 3377 3462 3452 3693 3893 3894 3890 5123 5099 5098
3090 11 2 1 1 3496 3594 3406 3646 5124 5125 5126 5127 5128 5129
3091 11 2 1 1 3498 3553 3415 3554 5021 5130 5131 5024 4521 5025
3092 11 2 1 1 1181 1182 3572 3657 2281 3827 4928 4896 3831 3830
3093 11 2 1 1 247 3400 3516 3683 4322 4075 4323 5010 5132 4309
3094 11 2 1 1 3404 3506 3459 3592 4436 4437 4433 4971 4972 5133
3095 11 2 1 1 1157 1156 3421 3493 2159 5134 3845 4047 4049 5135
3096 11 2 1 1 1151 3422 3397 3576 4348 4347 4349 4490 4492 4405
3097 11 2 1 1 3467 2542 3512 3581 5136 5137 4325 5138 5139 5140
3098 11 2 1 1 3359 3447 3490 3650 4943 5141 3868 4827 4876 4944
3099 11 2 1 1 1155 3567 3544 3627 5092 5091 5093 5142 5143 5144
3100 11 2 1 1 3489 3508 3376 3651 5145 4501 4493 4497 4496 4818
3101 11 2 1 1 1207 1192 3441 3531 2341 5146 5147 5148 4506 5149
3102 11 2 1 1 3405 3442 3391 3629 4242 4136 4243 5150 4137 3766
3103 11 2 1 1 1311 3470 1240 3514 4633 5151 2460 4635 5152 4634
3104 11 2 1 1 3369 3468 3450 3642 4580 3761 4581 4280 4763 4185
3105 11 2 1 1 1316 363 3441 3675 3795 3797 3796 5153 5154 5155
3106 11 2 1 1 359 3458 3468 3600 5006 4224 5008 5156 4660 4744
3107 11 2 1 1 3470 3540 3380 3551 5157 4793 5158 4740 4965 4855
3108 11 2 1 1 3364 3450 3562 3687 5159 5160 4133 4751 4750 5161
3109 11 2 1 1 3485 3498 3415 3554 4808 5131 4519 4071 4521 5024
3110 11 2 1 1 1190 1238 1187 3514 2320 2312 2318 5162 4380 4899
3111 11 2 1 1 3365 3413 3491 3688 3959 3972 3970 4123 4238 3716
3112 11 2 1 1 3468 3486 3382 3642 4182 5163 3759 4185 4764 4186
3113 11 2 1 1 3363 3454 3414 3520 5164 4008 5165 5018 4011 4013
3114 11 2 1 1 307 1255 1254 3444 4591 2471 4290 4288 4289 4590
3115 11 2 1 1 3439 3366 3535 3661 5033 4640 3949 4098 4097 4958
3116 11 2 1 1 1209 3402 1282 3527 4173 3739 2305 5166 3741 3740
3117 11 2 1 1 3374 3633 3511 3643 5063 5167 5168 5064 5084 5065
3118 11 2 1 1 1352 3509 395 3518 5169 4079 5170 5171 4081 4083
3119 11 2 1 1 3365 3448 3410 3513 4907 3790 5172 4909 3842 4908
3120 11 2 1 1 400 307 1254 3544 1032 4290 5173 4430 4292 4291
3121 11 2 1 1 3369 3473 3435 3531 4753 4029 4504 4505 4032 4034
3122 11 2 1 1 3374 3582 3511 3633 4601 5174 5168 5063 5167 5175
3123 11 2 1 1 3594 3646 3496 3647 5129 5127 5124 5176 5177 5178
3124 11 2 1 1 1084 1337 6 3557 1433 1426 1429 5179 4870 4557
3125 11 2 1 1 3380 3470 3551 3557 5158 4740 4965 4797 4857 4638
3126 11 2 1 1 3362 3594 3496 3647 5180 5124 5181 5182 5177 5176
3127 11 2 1 1 2580 3402 2639 3530 4625 4866 3254 4296 3989 4175
3128 11 2 1 1 2520 2519 3416 3565 2946 5108 5109 5183 5184 5185
3129 11 2 1 1 3405 3560 3442 3608 4710 4867 4242 5089 5186 5187
3130 11 2 1 1 3362 3406 3496 3594 5188 5126 5181 5180 5124 5125
3131 11 2 1 1 3367 3443 3417 3498 4745 3902 3935 5189 4148 4147
3132 11 2 1 1 3463 3519 3388 3599 4139 5190 5191 4142 5192 4143
3133 11 2 1 1 3364 3426 3529 3687 3783 3730 3785 4751 4303 4302
3134 11 2 1 1 338 348 3433 3571 946 5193 5194 5195 5026 5196
3135 11 2 1 1 3406 3469 3372 3522 5197 3997 5198 5199 5200 5201
3136 11 2 1 1 3494 3495 3385 3685 5202 3834 5203 5204 3836 3835
3137 11 2 1 1 3394 3521 3501 3640 4947 5205 5206 4948 5207 4949
3138 11 2 1 1 2572 3409 2632 3497 5208 4484 3205 5209 3950 4486
3139 11 2 1 1 3421 3363 3493 3567 4820 5016 4049 4819 5210 4443
3140 11 2 1 1 322 3448 245 3597 5211 4003 723 5212 4006 3819
3141 11 2 1 1 3422 3479 3392 3567 4344 4284 5067 4517 5213 4442
3142 11 2 1 1 1119 3661 1122 3698 5214 5215 1986 5216 5217 5218
3143 11 2 1 1 3406 3534 3522 3633 5219 4002 5199 5220 3957 4055
3144 11 2 1 1 1151 3422 1152 3493 4348 5221 2137 4351 5222 4352
3145 11 2 1 1 3431 3535 3439 3616 3948 3949 3945 3953 4875 5073
3146 11 2 1 1 3366 3394 3465 3669 4957 5223 5224 5225 5226 5227
3147 11 2 1 1 3412 361 3499 3676 4992 4982 4991 5228 5229 5230
3148 11 2 1 1 3422 3493 3363 3567 4352 5016 4516 4517 4443 5210
3149 11 2 1 1 3362 3496 3406 3582 5181 5126 5188 5231 5232 4619
3150 11 2 1 1 3462 3533 3424 3587 4329 3788 3892 4459 4894 4460
3151 11 2 1 1 3362 3582 3406 3594 5231 5232 5188 5180 5125 5233
3152 11 2 1 1 2596 2698 2605 3598 3316 3315 3281 5234 3813 3812
3153 11 2 1 1 3466 3592 2617 3623 5235 5236 3753 3781 3780 5237
3154 11 2 1 1 234 3499 3396 3569 5238 5239 3707 5240 5241 4985
3155 11 2 1 1 3443 3481 3413 3554 4335 3731 5242 5243 5244 5245
3156 11 2 1 1 3406 3488 3616 3646 4698 3954 4700 5128 5246 5247
3157 11 2 1 1 3381 3442 3491 3560 5248 4245 5249 5250 4711 4867
3158 11 2 1 1 3418 3527 3364 3562 4534 3923 4977 5251 4133 4703
3159 11 2 1 1 276 3425 3485 3589 4655 4685 4683 5252 5253 5254
3160 11 2 1 1 3463 3599 3388 3674 4142 5192 5191 4662 5255 4663
3161 11 2 1 1 3424 3527 3364 3572 3742 3923 4850 4851 4779 5256
3162 11 2 1 1 3443 3481 3373 3655 4335 3804 3966 4629 4628 3732
3163 11 2 1 1 3436 3370 3573 3580 4410 4679 5257 5046 5258 5044
3164 11 2 1 1 3435 3503 3369 3690 4111 4754 4504 5259 4582 4979
3165 11 2 1 1 3473 3531 3369 3562 4034 4505 4753 4378 4927 5260
3166 11 2 1 1 3418 3364 3527 3572 4977 3923 4534 4976 5256 4779
3167 11 2 1 1 3367 3425 3485 3498 5261 4685 4267 5189 4808 4807
3168 11 2 1 1 3525 3592 3404 3679 5262 4971 5263 5264 4975 4974
3169 11 2 1 1 3415 3485 3387 3498 4519 4804 5265 5131 4806 4808
3170 11 2 1 1 1124 3501 3407 3698 4570 4838 4837 5266 5267 5268
3171 11 2 1 1 1184 3527 3424 3572 3883 3742 3882 5269 4851 5256
3172 11 2 1 1 3452 3513 3359 3523 5270 3869 5271 5272 3980 3979
3173 11 2 1 1 3424 3533 1179 3587 3788 4929 5273 4894 4930 4460
3174 11 2 1 1 303 3446 1287 3604 4760 4759 4251 5274 5275 5276
3175 11 2 1 1 3392 3567 3544 3671 5213 5091 5277 4285 4923 5095
3176 11 2 1 1 349 1235 3571 3682 5278 5027 5279 5280 5031 5030
3177 11 2 1 1 333 3437 332 3580 4270 5281 968 4555 5282 4556
3178 11 2 1 1 1157 1154 1156 3493 2158 2156 2159 4047 5135 5283
3179 11 2 1 1 2550 2539 3449 3566 3057 3752 4970 5284 3977 3976
3180 11 2 1 1 1109 1388 383 3483 1900 5285 5286 5287 5288 5289
3181 11 2 1 1 1122 1212 3509 3583 2001 5290 4212 4215 4217 5291
3182 11 2 1 1 231 234 3396 3569 677 3707 4961 5292 5241 5240
3183 11 2 1 1 3454 3520 3397 3581 4013 4385 5293 4536 4386 4342
3184 11 2 1 1 1294 3409 8 3551 4755 4756 1438 5294 5120 4856
3185 11 2 1 1 3369 3450 3503 3562 4581 4118 4754 4927 4316 5160
3186 11 2 1 1 2639 3402 2583 3588 4866 4623 3255 3990 5295 4187
3187 11 2 1 1 3360 3469 3406 3522 5296 5197 5297 5298 5199 5201
3188 11 2 1 1 2644 2643 1309 2685 3276 5299 5300 2902 5301 3314
3189 11 2 1 1 1181 1184 3424 3572 2288 3882 4028 4928 4851 5269
3190 11 2 1 1 317 3423 229 3528 5302 5303 660 5304 5305 5306
3191 11 2 1 1 274 3485 3425 3635 4684 4685 4656 5307 5308 5309
3192 11 2 1 1 3425 3485 3387 3635 4685 4804 4805 5308 5310 5309
3193 11 2 1 1 3364 3420 3426 3517 3784 3725 3783 3920 4106 5311
3194 11 2 1 1 3526 3622 244 3662 3919 4027 4026 5312 5313 5314
3195 11 2 1 1 3544 3567 3392 3627 5091 5213 5277 5143 4195 5144
3196 11 2 1 1 1122 3501 3394 3509 5315 5206 4214 4212 4213 5316
3197 11 2 1 1 3396 3500 233 3528 3706 3744 3743 4963 4962 5317
3198 11 2 1 1 3366 3461 3431 3535 4264 3770 3985 4640 3948 4641
3199 11 2 1 1 3541 3571 3433 3589 5318 5026 4858 4862 4861 5319
3200 11 2 1 1 3381 3442 3560 3608 5248 4867 5250 4359 5187 5186
3201 11 2 1 1 1160 1161 1162 3505 2178 2186 2185 5320 5321 5322
3202 11 2 1 1 3391 3405 3570 3688 4243 4888 5323 4125 4889 4483
3203 11 2 1 1 3418 3632 3369 3642 5324 4734 5325 4978 4280 4717
3204 11 2 1 1 1368 1223 1246 3464 2438 2184 2439 3910 5326 4471
3205 11 2 1 1 3460 3482 3378 3506 5056 4527 4742 4743 4435 4084
3206 11 2 1 1 3360 3428 3488 3503 4462 4248 4461 4117 5327 4201
3207 11 2 1 1 3360 3488 3406 3539 4461 4698 5297 5328 5329 5330
3208 11 2 1 1 383 1109 3483 3638 5286 5287 5288 5331 5332 5333
3209 11 2 1 1 3366 3616 3488 3646 3986 3954 3984 5334 5247 5246
3210 11 2 1 1 3438 3515 3386 3529 4784 5335 5336 4785 3729 4693
3211 11 2 1 1 3397 3493 1153 3507 4350 4869 4868 5337 5338 4607
3212 11 2 1 1 2547 2542 2540 3512 3061 3060 3062 5339 5340 5137
3213 11 2 1 1 274 3425 275 3635 4656 4654 879 5307 5341 5308
3214 11 2 1 1 3408 3527 3418 3562 3924 4534 5342 4132 5251 4703
3215 11 2 1 1 3387 3415 3640 3647 5265 5343 5344 5345 5346 5347
3216 11 2 1 1 3450 3542 3503 3562 5348 4312 4118 5160 4316 4315
3217 11 2 1 1 3410 3500 3396 3523 3794 3706 3840 4721 3978 5349
3218 11 2 1 1 3371 3452 3462 3613 4056 3894 4058 5350 5096 5097
3219 11 2 1 1 362 3571 1237 3641 5351 5352 5353 5354 5355 5356
3220 11 2 1 1 312 1285 1257 3590 5357 2435 4239 4240 3776 5358
3221 11 2 1 1 400 1254 1299 3544 5173 1850 5359 4430 5360 4292
3222 11 2 1 1 3437 3573 3370 3580 4456 4679 5122 4556 5044 5258
3223 11 2 1 1 3372 3522 3546 3633 5200 3931 5361 5362 3958 3957
3224 11 2 1 1 3369 3418 3531 3632 5325 5363 4505 4734 5364 5324
3225 11 2 1 1 1122 1275 3394 3661 1987 4815 4214 5215 4959 5365
3226 11 2 1 1 1157 3395 1159 3598 3846 4686 2171 4657 4879 4658
3227 11 2 1 1 3513 3523 3452 3529 3979 5272 5270 4694 5366 5367
3228 11 2 1 1 2636 2653 2635 3484 2849 3127 3301 5368 5369 4126
3229 11 2 1 1 1337 6 3557 3586 1426 4870 4557 4560 4400 4872
3230 11 2 1 1 3416 3568 2517 3606 5370 4050 5110 5371 4054 4053
3231 11 2 1 1 1284 3433 3429 3541 5372 5373 5374 5375 3875 4858
3232 11 2 1 1 2568 2569 2570 3610 3188 3194 3193 4584 4362 4541
3233 11 2 1 1 3363 3520 3414 3601 5018 4011 5165 5376 5377 5378
3234 11 2 1 1 3388 3612 3463 3674 5379 5380 5191 5255 4662 5381
3235 11 2 1 1 1140 3403 1141 3549 4020 4234 2080 4022 4769 4021
3236 11 2 1 1 3488 3534 3406 3577 4479 5219 4698 3773 4699 4480
3237 11 2 1 1 3404 3506 3389 3655 4436 3735 5382 4732 3736 3714
3238 11 2 1 1 236 235 237 3500 687 695 694 4853 3792 3711
3239 11 2 1 1 3396 3490 3359 3613 3838 3868 3867 5383 5384 5385
3240 11 2 1 1 2519 2517 3416 3568 2945 5110 5108 5386 5370 4050
3241 11 2 1 1 363 347 1316 3605 564 5387 3795 3798 3800 5388
3242 11 2 1 1 2585 3432 2563 3477 3860 5389 3170 3933 5390 3934
3243 11 2 1 1 1202 2585 1358 3477 3856 5391 2375 3932 5392 3933
3244 11 2 1 1 3406 3539 3488 3646 5329 5330 4698 5128 5247 5393
3245 11 2 1 1 1157 1286 3493 3507 2160 5394 4047 4605 4607 5395
3246 11 2 1 1 281 299 283 3405 920 919 918 5396 5087 5397
3247 11 2 1 1 3366 3430 3411 3538 4320 4298 4263 5398 5399 5400
3248 11 2 1 1 3433 3541 3367 3668 4858 3874 4859 5401 5402 5403
3249 11 2 1 1 324 355 242 3629 730 729 718 4647 3765 5404
3250 11 2 1 1 3365 3513 3438 3636 4909 4783 5405 4910 5406 4911
3251 11 2 1 1 3370 3524 3437 3580 5043 5407 5122 5044 4556 5045
3252 11 2 1 1 3402 2580 3517 3530 4625 4295 3996 4175 4258 4296
3253 11 2 1 1 300 3453 289 3474 3852 5408 960 4015 5409 4014
3254 11 2 1 1 1184 1209 1282 3527 2303 2305 2290 3883 3741 5166
3255 11 2 1 1 299 283 3405 3608 919 5087 5397 5410 5089 5088
3256 11 2 1 1 3387 3521 3415 3647 5411 5412 5265 5345 5347 5413
3257 11 2 1 1 1207 3531 3441 3605 5148 4506 5147 5414 3799 4810
3258 11 2 1 1 1178 1172 1173 3575 2244 2239 2245 4702 4333 5415
3259 11 2 1 1 285 3436 287 3524 5416 5417 933 5418 5419 5042
3260 11 2 1 1 2556 3507 2660 3598 5420 5421 3130 5422 5423 4659
3261 11 2 1 1 1147 3484 3467 3645 5424 5425 5426 5427 4262 5428
3262 11 2 1 1 2519 3416 3565 3568 5108 5184 5185 5386 5429 5370
3263 11 2 1 1 1305 1231 333 3437 2451 4272 4553 4552 4270 4271
3264 11 2 1 1 3372 3406 3522 3633 5198 5199 5200 5362 3957 5220
3265 11 2 1 1 3374 3579 3419 3643 5430 4882 5062 5064 5066 5431
3266 11 2 1 1 3418 3369 3531 3562 5325 4505 5363 5251 5260 4927
3267 11 2 1 1 3392 3422 3567 3671 5067 4517 5213 4285 5095 4345
3268 11 2 1 1 3359 3578 3515 3609 4826 4705 4669 5432 5433 5434
3269 11 2 1 1 3511 3582 3398 3633 5174 5435 5050 5167 5436 5175
3270 11 2 1 1 8 3409 7 3648 4756 4757 15 4832 5437 5438
3271 11 2 1 1 1123 3501 1258 3664 4994 5439 2006 5440 5441 5039
3272 11 2 1 1 3389 3466 3449 3623 5442 3755 4722 4724 3782 3781
3273 11 2 1 1 233 3500 318 3528 3744 5443 680 4962 5444 5317
3274 11 2 1 1 2620 3427 2618 3686 3993 5445 3098 4933 5446 4564
3275 11 2 1 1 3417 3451 3385 3617 3905 3906 3904 4067 5447 5448
3276 11 2 1 1 1213 1130 1129 3425 2033 2024 2034 5449 5450 5451
3277 11 2 1 1 3407 3501 3496 3698 4838 5452 4618 5267 5453 5268
3278 11 2 1 1 3407 3439 3374 3558 4599 4598 4600 4919 5454 5455
3279 11 2 1 1 2531 3459 2529 3476 4649 5456 3005 4650 5457 4229
3280 11 2 1 1 359 320 258 3468 813 811 809 5008 5458 5009
3281 11 2 1 1 1129 3425 1130 3556 5450 5451 2024 5459 5460 5461
3282 11 2 1 1 2600 3464 1289 3568 4682 5041 5040 5462 5463 5464
3283 11 2 1 1 3364 3529 3420 3593 3785 3728 3784 5465 5466 5467
3284 11 2 1 1 3550 3572 3393 3632 3826 4498 4499 4774 4716 4775
3285 11 2 1 1 3521 3640 3496 3647 4949 4950 4946 5413 5177 5346
3286 11 2 1 1 2586 3464 2607 3502 4416 5468 3282 4306 5469 4417
3287 11 2 1 1 1198 3446 1287 3583 5470 4759 1967 4936 4253 4761
3288 11 2 1 1 1112 1265 3461 3535 1951 4812 5471 5472 4641 4814
3289 11 2 1 1 3387 3498 3425 3556 4806 4807 4805 5473 5461 5474
3290 11 2 1 1 3365 3482 3438 3513 3962 5035 5405 4909 4783 5034
3291 11 2 1 1 1244 3440 1290 3494 4064 4161 2200 4690 4317 4319
3292 11 2 1 1 3396 3612 3490 3613 5475 5476 3838 5383 5385 5477
3293 11 2 1 1 3482 3513 3460 3515 5034 4507 5056 5036 5478 4670
3294 11 2 1 1 318 3500 3458 3528 5443 5479 5480 5444 5481 5317
3295 11 2 1 1 3366 3465 3394 3496 5224 5223 4957 4956 4945 5482
3296 11 2 1 1 3379 3497 3419 3610 5483 4989 5484 5485 4542 4364
3297 11 2 1 1 317 3423 3528 3672 5302 5306 5304 5486 5487 5488
3298 11 2 1 1 1203 3495 3432 3585 5489 3983 5490 5491 5015 5492
3299 11 2 1 1 312 1219 1285 3590 5493 2434 5357 4240 5358 5494
3300 11 2 1 1 2635 3484 2653 3624 5369 4126 3127 5495 4129 4131
3301 11 2 1 1 3360 3522 3406 3534 5298 5199 5297 4487 5219 4002
3302 11 2 1 1 227 3569 229 3590 5496 5497 655 5498 5499 5500
3303 11 2 1 1 3382 3468 3458 3486 3759 4224 5501 5163 4226 4182
3304 11 2 1 1 1151 3484 1225 3576 4489 4424 2131 4490 5502 4491
3305 11 2 1 1 7 3409 1294 3557 4757 4755 1437 5079 5503 4795
3306 11 2 1 1 338 349 348 3571 1059 983 946 5195 5196 5279
3307 11 2 1 1 1186 3527 3408 3530 4448 3924 4447 5504 4259 5505
3308 11 2 1 1 239 242 3471 3630 717 3762 5506 5507 5049 5048
3309 11 2 1 1 3387 3640 3521 3647 5344 4949 5411 5345 5413 5346
3310 11 2 1 1 3416 3475 3375 3519 5508 5509 5510 5511 5512 5513
3311 11 2 1 1 3370 3573 3422 3671 4679 4680 3940 4287 4345 5514
3312 11 2 1 1 3372 3459 3476 3482 4585 4229 5515 3999 4231 4230
3313 11 2 1 1 3385 3407 3451 3639 5516 5032 3906 4165 4167 5517
3314 11 2 1 1 3364 3527 3424 3593 3923 3742 4850 5465 4847 5518
3315 11 2 1 1 276 275 3425 3571 883 4654 4655 5519 5520 5521
3316 11 2 1 1 306 368 1205 266 850 5522 4420 849 4421 851
3317 11 2 1 1 3365 3460 3482 3513 5523 5056 3962 4909 5034 4507
3318 11 2 1 1 326 3415 272 3521 5524 5525 866 5526 5527 5412
3319 11 2 1 1 3395 3507 2555 3598 4606 5528 4153 4658 5002 4659
3320 11 2 1 1 3369 3531 3441 3632 4505 4506 4278 4734 4715 5364
3321 11 2 1 1 281 3405 283 3548 5396 5087 918 5529 5530 5531
3322 11 2 1 1 3476 3482 3386 3522 4231 4865 4863 5532 5533 5534
3323 11 2 1 1 1124 1121 3501 3698 1995 5535 4570 5266 5268 5536
3324 11 2 1 1 3511 3633 3398 3643 5167 5436 5050 5084 5083 5065
3325 11 2 1 1 1245 3573 3437 3580 4455 4456 4454 5537 4556 5258
3326 11 2 1 1 3398 2616 3537 3652 5052 5538 5539 5053 4787 5054
3327 11 2 1 1 1207 3441 1316 3605 5147 3796 2344 5414 3800 3799
3328 11 2 1 1 3396 3500 3410 3536 3706 3794 3840 3709 4627 3710
3329 11 2 1 1 1238 1186 3408 3530 2311 4447 4692 5540 4259 5504
3330 11 2 1 1 2523 2524 2525 3401 2966 2975 2974 5541 5542 5543
3331 11 2 1 1 3476 3522 3399 3546 5532 3926 4925 4675 3929 3931
3332 11 2 1 1 1258 3501 1123 3509 5439 4994 2006 5544 5545 5316
3333 11 2 1 1 3364 3452 3529 3593 5546 5366 3785 5465 5467 4848
3334 11 2 1 1 1147 3576 3484 3645 5547 4491 5424 5427 5428 5548
3335 11 2 1 1 3399 3476 3546 3680 4925 4675 3929 4926 4914 4475
3336 11 2 1 1 2519 3565 2607 3568 5185 5549 2950 5386 5550 5429
3337 11 2 1 1 2609 3492 3532 3691 5551 5552 5553 5554 5555 4551
3338 11 2 1 1 3453 3620 3368 3676 4103 4104 4100 5556 5557 5558
3339 11 2 1 1 2528 3543 3476 3603 5559 4472 5560 5561 5562 5563
3340 11 2 1 1 3422 3573 3455 3576 4680 4457 3938 4405 4404 5564
3341 11 2 1 1 3388 3412 3612 3674 5565 5566 5379 5255 5381 5567
3342 11 2 1 1 2555 3507 3395 3520 5528 4606 4153 4336 4338 5568
3343 11 2 1 1 243 3526 244 3662 4439 4026 726 5569 5313 5312
3344 11 2 1 1 1133 3440 3417 3552 4482 4063 4481 5570 3879 5571
3345 11 2 1 1 3441 3547 346 3605 4514 5572 3936 3799 3937 5573
3346 11 2 1 1 3412 3388 3599 3674 5565 5192 5574 5567 4663 5255
3347 11 2 1 1 3387 3501 3521 3640 5575 5205 5411 5344 4949 5207
3348 11 2 1 1 3421 3368 3625 3627 5576 4194 4821 5577 4197 4196
3349 11 2 1 1 1265 3461 3431 3584 4812 3770 4813 5578 5579 5580
3350 11 2 1 1 3397 3507 1153 3624 5337 5338 4868 4428 5581 5582
3351 11 2 1 1 359 3468 258 3600 5008 5458 809 5156 5583 4660
3352 11 2 1 1 7 3555 3409 3557 5078 5584 4757 5079 4795 4397
3353 11 2 1 1 1131 3417 1133 3617 5585 4481 2043 5586 5104 4067
3354 11 2 1 1 2606 2520 2517 3666 2948 2947 2936 5587 5588 5589
3355 11 2 1 1 3382 3513 3448 3636 5072 4908 4891 4150 4912 4911
3356 11 2 1 1 2566 3434 2565 3579 5590 5591 3173 5592 5593 5594
3357 11 2 1 1 3434 3477 2565 3579 5595 5596 5591 5594 5593 5597
3358 11 2 1 1 1258 3501 3509 3664 5439 5316 5544 5441 5598 5039
3359 11 2 1 1 272 326 341 3415 866 877 876 5525 5599 5524
3360 11 2 1 1 357 300 3608 3663 1004 3851 5600 5601 3855 3854
3361 11 2 1 1 3437 3548 3524 3559 5602 5603 5407 5604 5605 5606
3362 11 2 1 1 1193 1339 3531 3605 2345 4033 4843 5607 4810 4935
3363 11 2 1 1 3445 3378 3578 3626 4621 4767 5608 4622 4223 4578
3364 11 2 1 1 3407 3496 3362 3582 4618 5181 5609 4602 5231 4619
3365 11 2 1 1 2616 3504 3398 3537 5610 5611 5052 5538 5539 5612
3366 11 2 1 1 341 272 3415 3635 876 5525 5599 5613 5614 5615
3367 11 2 1 1 1337 3586 3473 3649 4560 4204 4559 5616 4112 5617
3368 11 2 1 1 241 3471 325 3622 3916 5618 724 3917 5619 3918
3369 11 2 1 1 2572 3409 3497 3540 5208 4486 5209 5620 5621 4794
3370 11 2 1 1 2564 3477 2563 3511 5622 5390 3163 5623 5624 5625
3371 11 2 1 1 229 317 228 3423 660 659 654 5303 5626 5302
3372 11 2 1 1 328 383 329 1388 854 1040 1036 5627 5628 5285
3373 11 2 1 1 1309 1202 2643 2644 2384 3857 5299 5300 3276 4664
3374 11 2 1 1 289 3474 3453 3614 5409 4014 5408 5629 5630 4902
3375 11 2 1 1 308 1255 307 3545 5631 4591 996 5632 4593 4592
3376 11 2 1 1 259 3600 3550 3660 5633 5634 5635 5636 5637 5638
3377 11 2 1 1 2564 2565 2563 3477 3169 3168 3163 5622 5390 5596
3378 11 2 1 1 3413 3554 3481 3688 5244 5245 3731 3716 3733 5639
3379 11 2 1 1 1139 3549 3429 3611 4953 4391 5640 4954 4906 4024
3380 11 2 1 1 3383 3503 3435 3690 4145 4111 4144 5641 5259 4979
3381 11 2 1 1 3448 3500 3382 3597 3793 4893 4891 3819 5642 3820
3382 11 2 1 1 1212 342 3509 3583 5643 5644 5290 5291 4217 5645
3383 11 2 1 1 1129 3425 3556 3664 5450 5461 5459 5646 5647 5648
3384 11 2 1 1 3426 3562 3408 3619 4134 4132 4105 5649 5012 5650
3385 11 2 1 1 3405 3524 283 3548 5086 5085 5087 5531 5530 5603
3386 11 2 1 1 3537 3561 3398 3639 4035 5651 5539 4060 5652 4061
3387 11 2 1 1 2600 2518 2605 3464 2942 2952 2951 4682 3811 5653
3388 11 2 1 1 1203 3432 1247 3585 5490 4917 2012 5491 5014 5015
3389 11 2 1 1 2600 2518 3464 3568 2942 5653 4682 5462 5464 5654
3390 11 2 1 1 3386 3482 3480 3515 4865 4232 4864 5335 5655 5036
3391 11 2 1 1 3384 3403 3564 3611 4904 4728 5656 4905 4729 4025
3392 11 2 1 1 3498 3640 3415 3647 5657 5343 5131 5658 5347 5346
3393 11 2 1 1 3375 3475 3416 3565 5509 5508 5510 5659 5184 5660
3394 11 2 1 1 3542 3562 3450 3687 4315 5160 5348 4999 5161 4750
3395 11 2 1 1 3364 3452 3424 3486 5546 3889 4850 4777 4849 5661
3396 11 2 1 1 272 3521 3415 3635 5527 5412 5525 5615 5614 5662
3397 11 2 1 1 3477 3511 2564 3579 5625 5623 5622 5597 5663 5664
3398 11 2 1 1 3423 3574 3371 3672 5665 5666 5667 5488 5668 5669
3399 11 2 1 1 3360 3406 3469 3539 5297 5197 5296 5328 5670 5329
3400 11 2 1 1 234 3396 3499 3536 3707 5239 5238 3708 5671 3709
3401 11 2 1 1 1247 3407 3558 3698 4918 4919 4920 5672 5673 5267
3402 11 2 1 1 2607 3565 3464 3568 5549 5674 5468 5550 5464 5429
3403 11 2 1 1 3430 3366 3646 3662 4320 5334 5675 5676 5677 5678
3404 11 2 1 1 3433 3367 3589 3668 4859 4860 4861 5401 5679 5402
3405 11 2 1 1 3415 3498 3387 3640 5131 4806 5265 5343 5344 5657
3406 11 2 1 1 3486 3523 3382 3529 5680 5681 5163 5682 5683 5367
3407 11 2 1 1 2622 3426 3517 3619 5684 4106 5685 5686 5013 5649
3408 11 2 1 1 3380 3542 3428 3644 4313 4714 4713 5687 4464 5688
3409 11 2 1 1 1219 1257 1285 3590 2433 2435 2434 5494 5358 3776
3410 11 2 1 1 349 338 409 3682 1059 1057 613 5280 5689 5690
3411 11 2 1 1 1116 3535 1115 3661 3947 5691 1959 4096 5692 4097
3412 11 2 1 1 232 233 318 3528 674 680 679 5693 5444 4962
3413 11 2 1 1 2622 3517 2579 3619 5685 5694 3231 5686 5695 5013
3414 11 2 1 1 3387 3485 3415 3635 4804 4519 5265 5310 5614 5309
3415 11 2 1 1 231 3396 3528 3569 4961 4963 4964 5292 5696 5241
3416 11 2 1 1 3374 3511 3579 3643 5168 5664 5430 5064 5431 5084
3417 11 2 1 1 1153 1151 1152 3493 2142 2137 2143 4869 5222 4351
3418 11 2 1 1 285 3436 3524 3614 5416 5042 5418 5697 5698 4414
3419 11 2 1 1 271 3509 3521 3635 5699 5700 5701 5702 5662 5703
3420 11 2 1 1 3404 3525 3378 3626 5263 4768 4434 4576 4578 4222
3421 11 2 1 1 1159 3464 1246 3598 4878 5326 2181 4879 5704 3814
3422 11 2 1 1 3397 3363 3520 3607 5017 5018 4385 5705 5706 4648
3423 11 2 1 1 3408 3514 3418 3527 4381 4532 5342 3924 4534 4382
3424 11 2 1 1 2582 3420 2650 3532 5707 5708 3265 4790 5709 5710
3425 11 2 1 1 2578 2579 3517 3619 3229 5694 4256 5011 5013 5695
3426 11 2 1 1 2616 3398 3504 3643 5052 5611 5610 5082 5711 5083
3427 11 2 1 1 3435 3547 3441 3605 4513 4514 4503 4809 3799 5573
3428 11 2 1 1 3465 3646 3366 3662 5712 5334 5224 5713 5678 5677
3429 11 2 1 1 3382 3500 3410 3513 4893 3794 4892 5072 3842 5714
3430 11 2 1 1 3373 3449 3466 3566 3967 3755 4177 5715 3913 3977
3431 11 2 1 1 7 1292 3409 3555 1436 5716 4757 5078 5584 5717
3432 11 2 1 1 2565 3477 2564 3579 5596 5622 3169 5593 5663 5597
3433 11 2 1 1 3391 3457 3554 3570 4068 4072 4070 5323 5718 5719
3434 11 2 1 1 320 3468 3458 3597 5009 4224 5007 5720 5721 5722
3435 11 2 1 1 3398 3561 3537 3623 5651 4035 5539 5723 4038 4039
3436 11 2 1 1 1311 3514 1280 3557 4635 5724 2461 4636 5725 4637
3437 11 2 1 1 3373 3466 3449 3655 4177 3755 3967 4628 4630 5726
3438 11 2 1 1 3367 3554 3457 3570 4269 4072 4268 5727 5719 5718
3439 11 2 1 1 2528 3476 3480 3603 5560 4228 5728 5561 5729 5562
3440 11 2 1 1 3550 3600 259 3675 5634 5633 5635 5730 5731 5732
3441 11 2 1 1 3515 3578 3401 3609 4705 4704 4706 5433 5733 5434
3442 11 2 1 1 3371 3424 3452 3486 4057 3889 4056 5734 5661 4849
3443 11 2 1 1 271 3518 3509 3635 5735 4083 5699 5702 5703 5736
3444 11 2 1 1 3407 3496 3439 3698 4618 4617 4599 5267 5737 5453
3445 11 2 1 1 388 303 1287 3604 1015 4251 5738 5739 5275 5274
3446 11 2 1 1 2524 3637 3492 3691 5740 5741 5742 5743 4551 5744
3447 11 2 1 1 1268 1183 1270 3550 2299 2291 2300 5101 4995 4157
3448 11 2 1 1 3404 3361 3508 3626 4771 4772 4730 4576 5745 4822
3449 11 2 1 1 229 3569 3423 3590 5497 5746 5303 5499 5747 5500
3450 11 2 1 1 3467 3484 2542 3581 5425 5748 5136 5138 5140 5749
3451 11 2 1 1 3360 3406 3488 3534 5297 4698 4461 4487 4479 5219
3452 11 2 1 1 3514 3531 3473 3562 5750 4034 5751 5752 4378 5260
3453 11 2 1 1 3425 3498 3367 3556 4807 5189 5261 5461 5753 5474
3454 11 2 1 1 3362 3496 3407 3640 5181 4618 5609 5754 5755 4950
3455 11 2 1 1 3467 3484 1147 3673 5425 5424 5426 5756 5757 5758
3456 11 2 1 1 3371 3462 3424 3587 4058 3892 4057 5759 4894 4459
3457 11 2 1 1 3402 3527 3364 3593 3740 3923 3995 5760 5465 5518
3458 11 2 1 1 2609 3532 3492 3666 5553 5552 5551 5761 5762 5763
3459 11 2 1 1 3454 3520 3363 3607 4013 5018 5164 5764 4648 5706
3460 11 2 1 1 3438 3482 3386 3515 5035 4865 5336 4784 5335 5036
3461 11 2 1 1 2547 3467 2542 3512 5765 5136 3061 5339 5137 4325
3462 11 2 1 1 3451 3639 3407 3640 4167 5517 5032 5766 5755 5767
3463 11 2 1 1 3361 3405 3559 3560 4531 5768 5769 4712 5770 4710
3464 11 2 1 1 324 3442 3608 3629 4646 5186 5771 4647 5772 3766
3465 11 2 1 1 2535 3592 3525 3679 5773 5262 5774 5775 5264 4974
3466 11 2 1 1 8 3551 3409 3648 5120 4856 4756 4832 5438 5121
3467 11 2 1 1 2563 2585 2643 3432 3170 3172 3161 5389 3858 3860
3468 11 2 1 1 269 3521 3394 3669 5776 4947 5777 5778 5227 5779
3469 11 2 1 1 3368 3421 3563 3627 5576 5780 5781 4196 5782 5577
3470 11 2 1 1 1379 362 1237 3641 5783 5353 2457 5784 5355 5354
3471 11 2 1 1 3542 3644 3540 3654 5688 5785 5786 5787 5788 5789
3472 11 2 1 1 291 332 333 3437 936 968 967 4394 4270 5281
3473 11 2 1 1 2611 2586 2607 3502 3136 3282 2971 4305 5469 4306
3474 11 2 1 1 3400 3382 3597 3636 3758 5642 4007 4152 5790 4150
3475 11 2 1 1 1166 3412 1278 3599 5791 5792 2215 4141 5793 5574
3476 11 2 1 1 329 4 328 1388 5794 5795 1036 5628 5627 1411
3477 11 2 1 1 1157 1222 3507 3598 2173 5796 4605 4657 4659 5797
3478 11 2 1 1 3436 287 3524 3580 5417 5419 5042 5046 5045 5798
3479 11 2 1 1 297 292 360 3453 973 975 974 5799 5800 5801
3480 11 2 1 1 2581 3409 2572 3540 5802 5208 3214 5803 5620 4794
3481 11 2 1 1 2620 3467 2547 3512 4688 5765 3063 3994 5339 4325
3482 11 2 1 1 3425 3541 1378 3556 5804 5805 5806 5461 5807 5808
3483 11 2 1 1 408 315 306 3574 1025 991 1026 4967 4356 5809
3484 11 2 1 1 3449 3466 3389 3655 3755 5442 4722 4630 3736 5726
3485 11 2 1 1 3462 3377 3533 3575 3893 4968 4329 4332 4334 5810
3486 11 2 1 1 3496 3501 3439 3698 5452 5811 4617 5453 5737 5268
3487 11 2 1 1 2524 2525 3401 3691 2975 5542 5543 5743 5812 5813
3488 11 2 1 1 2585 2652 2691 3477 3182 2884 3279 3933 5814 5815
3489 11 2 1 1 2524 2523 2521 3637 2966 2965 2967 5740 5816 5817
3490 11 2 1 1 3418 3531 3514 3562 5363 5750 4532 5251 5752 5260
3491 11 2 1 1 318 3528 3458 3672 5444 5481 5480 5818 5819 5487
3492 11 2 1 1 1308 1147 3467 3645 2111 5426 5820 5821 4262 5427
3493 11 2 1 1 1378 3541 3425 3571 5805 5804 5806 5822 5520 5318
3494 11 2 1 1 2536 2617 3466 3592 3028 3753 5823 5824 5235 5236
3495 11 2 1 1 1157 1222 1286 3507 2173 2175 2160 4605 5395 5796
3496 11 2 1 1 3402 3527 1209 3530 3740 5166 4173 4175 4174 5505
3497 11 2 1 1 2606 2517 3416 3666 2936 5110 5825 5587 5826 5588
3498 11 2 1 1 3400 3597 3448 3636 4007 3819 4004 4152 4912 5790
3499 11 2 1 1 2520 3416 2517 3666 5109 5110 2947 5589 5588 5826
3500 11 2 1 1 2582 3517 3420 3532 4752 5311 5707 4790 5710 4997
3501 11 2 1 1 264 3550 259 3675 5827 5635 814 5828 5731 5730
3502 11 2 1 1 362 350 1237 3571 586 5829 5353 5351 5352 5830
3503 11 2 1 1 3369 3600 3468 3642 4277 4660 4580 4280 4185 4281
3504 11 2 1 1 2519 2607 2518 3568 2950 2949 2944 5386 5654 5550
3505 11 2 1 1 3388 3462 3599 3678 5831 5832 5192 5833 5834 5835
3506 11 2 1 1 3359 3515 3401 3609 4669 4706 5836 5432 5733 5433
3507 11 2 1 1 1192 1316 1207 3441 2342 2344 2341 5146 5147 3796
3508 11 2 1 1 3372 3469 3406 3594 3997 5197 5198 4366 5125 4367
3509 11 2 1 1 3444 3368 3620 3676 4372 4104 4373 5837 5558 5557
3510 11 2 1 1 1224 2660 3507 3598 5838 5421 5839 5840 4659 5423
3511 11 2 1 1 368 1205 266 3550 5522 4421 851 5841 4697 4696
3512 11 2 1 1 3399 3644 3542 3654 5842 5688 5843 5844 5787 5789
3513 11 2 1 1 2524 2521 3492 3637 2967 5845 5742 5740 5741 5816
3514 11 2 1 1 225 312 316 3590 642 648 647 5846 3774 4240
3515 11 2 1 1 2524 3401 2523 3637 5543 5541 2966 5740 5817 5847
3516 11 2 1 1 250 3516 3435 3547 3822 3723 3821 5848 4513 5849
3517 11 2 1 1 1203 1248 3432 3495 2388 4190 5490 5489 3983 4192
3518 11 2 1 1 3383 3461 3411 3667 4689 4265 4299 5850 5851 5852
3519 11 2 1 1 317 3574 3423 3672 5853 5665 5302 5486 5488 5669
3520 11 2 1 1 2581 2632 2572 3409 3216 3205 3214 5802 5208 4484
3521 11 2 1 1 276 3571 3425 3589 5519 5520 4655 5252 5254 5319
3522 11 2 1 1 3423 3371 3574 3692 5667 5666 5665 5854 5855 5856
3523 11 2 1 1 1178 3533 3472 3575 4701 5857 5858 4702 5859 4334
3524 11 2 1 1 3363 3421 3493 3601 4820 4049 5016 5376 5860 5861
3525 11 2 1 1 2531 2529 2532 3476 3005 3007 3006 4650 5059 5457
3526 11 2 1 1 1295 2683 1370 3551 5862 4737 1915 5863 4739 4738
3527 11 2 1 1 264 259 3550 3660 814 5635 5827 5864 5637 5636
3528 11 2 1 1 3371 3587 3574 3692 5759 5865 5666 5856 5855 5866
3529 11 2 1 1 1151 3397 1153 3624 4349 4868 2142 4762 5581 4428
3530 11 2 1 1 2593 3494 3440 3685 4318 4319 4160 5867 4539 5204
3531 11 2 1 1 2523 3401 2525 3677 5541 5542 2974 5868 5869 4707
3532 11 2 1 1 3361 3559 3405 3570 5769 5768 4531 4887 4888 5870
3533 11 2 1 1 296 266 306 3456 844 849 848 5871 4353 4423
3534 11 2 1 1 3399 3546 3419 3680 3929 3930 3928 4926 4543 4914
3535 11 2 1 1 1129 1213 3425 3518 2034 5449 5450 5872 5873 5874
3536 11 2 1 1 255 3411 254 3538 5875 5876 764 5877 5878 5399
3537 11 2 1 1 3481 3429 3651 3668 3805 3808 3809 5879 5880 5881
3538 11 2 1 1 1247 3407 1124 3585 4918 4837 1997 5014 4608 4839
3539 11 2 1 1 2524 3401 3637 3691 5543 5847 5740 5743 5744 5812
3540 11 2 1 1 3429 3384 3651 3668 4903 4952 3808 5881 5880 5882
3541 11 2 1 1 1141 1140 1142 3403 2080 2088 2087 4234 5883 4020
3542 11 2 1 1 2633 1106 2655 3648 5884 4831 3345 5885 4834 4833
3543 11 2 1 1 3380 3426 3542 3654 5886 4998 4313 5887 5787 5888
3544 11 2 1 1 1254 3444 1196 3544 4289 5889 2361 4292 5890 4293
3545 11 2 1 1 3382 3523 3513 3529 5681 3979 5072 5683 4694 5367
3546 11 2 1 1 1158 1159 1157 3505 2172 2171 2166 4597 3848 4687
3547 11 2 1 1 3419 3577 3374 3633 5891 5892 5062 3956 5063 5893
3548 11 2 1 1 3427 3467 3403 3645 4261 4324 4188 4236 4209 4262
3549 11 2 1 1 3475 3492 3401 3602 4801 5894 5895 4803 5896 4547
3550 11 2 1 1 3389 3443 3449 3655 4746 3968 4722 3736 4630 4629
3551 11 2 1 1 3365 3482 3460 3491 3962 5056 5523 3970 4766 3971
3552 11 2 1 1 2589 2642 3543 3680 3211 4473 5897 5898 4477 4476
3553 11 2 1 1 2559 3495 3494 3685 4327 5202 5899 4328 5204 3835
3554 11 2 1 1 1125 3501 1123 3664 4572 4994 2004 5038 5440 5039
3555 11 2 1 1 2532 2614 2642 3476 3008 3020 3019 5059 4474 4835
3556 11 2 1 1 3496 3501 3407 3640 5452 4838 4618 4950 5755 5207
3557 11 2 1 1 1290 3440 1163 3689 4161 5900 2201 4162 5901 4163
3558 11 2 1 1 3363 3422 3479 3607 4516 4344 4441 4648 4388 4387
3559 11 2 1 1 3439 3496 3394 3501 4617 4945 5902 5811 5206 5452
3560 11 2 1 1 1308 3467 1147 3673 5820 5426 2111 5903 5757 5756
3561 11 2 1 1 3456 3574 3371 3587 4358 5666 5904 5905 5759 5865
3562 11 2 1 1 3424 3452 3364 3593 3889 5546 4850 4847 5465 4848
3563 11 2 1 1 2535 3404 3525 3592 5906 5263 5774 5773 5262 4971
3564 11 2 1 1 2532 3476 2642 3546 5059 4474 3019 5060 4913 4675
3565 11 2 1 1 3373 3466 3427 3566 4177 3862 4176 5715 3911 3913
3566 11 2 1 1 3464 3502 3395 3505 4417 4307 4415 4877 3847 5907
3567 11 2 1 1 2606 3416 2517 3606 5825 5110 2936 5908 4054 5371
3568 11 2 1 1 3380 3542 3540 3654 4313 5786 4793 5887 5788 5787
3569 11 2 1 1 3375 3502 3464 3505 5909 4417 5910 5911 4877 5907
3570 11 2 1 1 2523 3637 3401 3677 5817 5847 5541 5868 4707 5912
3571 11 2 1 1 1122 1275 1212 3583 1987 2002 2001 4215 5291 4816
3572 11 2 1 1 1135 3510 3440 3552 5913 5914 5915 5916 5571 5917
3573 11 2 1 1 1114 1116 3431 3535 1958 3946 5918 5919 3948 3947
3574 11 2 1 1 2563 3477 3432 3511 5390 3934 5389 5624 5920 5625
3575 11 2 1 1 3392 3479 3453 3625 4284 5921 4101 4193 4429 4446
3576 11 2 1 1 3377 3420 3532 3691 4574 5710 5922 4549 5555 4575
3577 11 2 1 1 325 3622 3471 3631 5619 3918 5618 5923 3803 5924
3578 11 2 1 1 261 3446 255 3538 5925 5926 796 5927 5877 5928
3579 11 2 1 1 3377 3532 3492 3691 5922 5552 4546 4549 4551 5555
3580 11 2 1 1 3377 3416 3475 3492 5929 5508 4802 4546 4801 5930
3581 11 2 1 1 1275 3583 3394 3661 4816 4216 4815 5365 4959 5931
3582 11 2 1 1 3394 3501 3496 3640 5206 5452 4945 4948 4950 5207
3583 11 2 1 1 1211 1225 1151 3624 2146 2131 2144 5932 4762 4427
3584 11 2 1 1 317 228 3423 3574 659 5626 5302 5853 5665 5933
3585 11 2 1 1 254 3596 3411 3638 5934 4643 5876 5935 5936 5937
3586 11 2 1 1 3437 3384 3548 3559 5938 5939 5602 5604 5606 5940
3587 11 2 1 1 1244 1131 1133 3617 2045 2043 2046 4065 5104 5586
3588 11 2 1 1 3448 3597 3382 3636 3819 5642 4891 4912 4150 5790
3589 11 2 1 1 1165 3463 1166 3519 5941 4140 2197 5942 4138 4139
3590 11 2 1 1 363 346 347 3605 837 1011 564 3798 5388 3937
3591 11 2 1 1 1129 3518 3425 3664 5872 5873 5450 5646 5648 5943
3592 11 2 1 1 3374 3558 3432 3615 5454 4921 5944 5945 5946 5947
3593 11 2 1 1 255 261 340 3446 796 798 795 5926 5948 5925
3594 11 2 1 1 2637 3470 2683 3551 5949 4735 3347 5950 4738 4740
3595 11 2 1 1 254 267 3596 3638 791 5951 5934 5935 5937 5952
3596 11 2 1 1 3431 3366 3535 3616 3985 4640 3948 3953 5073 3986
3597 11 2 1 1 3413 3362 3443 3554 5953 5954 5242 5244 5243 5023
3598 11 2 1 1 3410 3513 3500 3523 3842 5714 3794 4721 5349 3979
3599 11 2 1 1 3484 3576 3376 3645 4491 5955 5956 5428 4210 5548
3600 11 2 1 1 2557 3427 2544 3659 5957 4094 3081 5958 5959 5960
3601 11 2 1 1 1285 309 312 1257 5961 573 5357 2435 4239 4241
3602 11 2 1 1 3370 3455 3437 3559 3939 4453 5122 5962 5604 5963
3603 11 2 1 1 2593 2656 1242 3494 3147 5964 5965 4318 5966 5967
3604 11 2 1 1 2535 3525 3404 3681 5774 5263 5906 5968 5969 5970
3605 11 2 1 1 2550 2545 3566 3685 3056 5971 5284 5972 5973 5974
3606 11 2 1 1 3360 3400 3503 3695 4115 4119 4117 5975 5976 5977
3607 11 2 1 1 2533 3459 2531 3504 5978 4649 3010 5979 4651 4653
3608 11 2 1 1 2540 2620 2547 3512 3051 3063 3062 5340 5339 3994
3609 11 2 1 1 383 1388 328 3483 5285 5627 854 5288 5980 5289
3610 11 2 1 1 3367 3498 3485 3554 5189 4808 4267 4269 4071 5024
3611 11 2 1 1 3372 3482 3476 3522 3999 4231 5515 5200 5532 5534
3612 11 2 1 1 297 3453 360 3676 5799 5800 974 5981 5982 5556
3613 11 2 1 1 3411 254 3538 3596 5876 5878 5399 4643 5983 5934
3614 11 2 1 1 2562 2616 3511 3652 3156 5051 5984 5985 5055 5054
3615 11 2 1 1 2550 3566 3449 3685 5284 3977 4970 5972 4019 5973
3616 11 2 1 1 3467 3484 3376 3645 5425 5956 4537 4262 4210 5428
3617 11 2 1 1 255 3538 3446 3604 5877 5928 5926 5986 5276 5987
3618 11 2 1 1 240 241 3471 3630 714 3916 4667 5061 5049 5988
3619 11 2 1 1 2589 3543 3654 3680 5897 5989 5990 5898 5991 4477
3620 11 2 1 1 2635 2553 3484 3624 3078 4798 5369 5495 4131 4800
3621 11 2 1 1 3365 3469 3553 3665 3961 4758 4122 5992 5993 5994
3622 11 2 1 1 1122 1119 1275 3661 1986 1975 1987 5215 5365 5214
3623 11 2 1 1 3393 3550 3456 3657 4499 3973 5995 4500 3975 3829
3624 11 2 1 1 3456 3371 3574 3672 5904 5666 4358 5996 5669 5668
3625 11 2 1 1 2578 2577 3619 3628 3227 5997 5011 5998 5999 6000
3626 11 2 1 1 3380 3540 3426 3654 4793 6001 5886 5887 5888 5788
3627 11 2 1 1 3427 3510 2544 3659 6002 6003 4094 5960 5959 6004
3628 11 2 1 1 3428 3503 3360 3644 4201 4117 4462 4464 4463 6005
3629 11 2 1 1 3475 3492 3416 3565 4801 5930 5508 5660 5184 6006
3630 11 2 1 1 1284 3429 3433 3611 5374 5373 5372 6007 6008 4906
3631 11 2 1 1 232 3528 318 3672 5693 5444 679 6009 5818 5487
3632 11 2 1 1 1221 1301 1195 3436 1757 2356 2354 5071 6010 3699
3633 11 2 1 1 3417 3367 3498 3556 3935 5189 4148 6011 5474 5753
3634 11 2 1 1 292 3453 297 3676 5801 5799 973 6012 5981 5556
3635 11 2 1 1 264 265 259 3660 817 816 814 5864 5636 6013
3636 11 2 1 1 1232 3555 3461 3584 6014 6015 6016 6017 5580 6018
3637 11 2 1 1 3423 3371 3528 3672 5667 6019 5306 5488 5487 5668
3638 11 2 1 1 3432 3511 3374 3615 5920 5168 5944 5946 5945 6020
3639 11 2 1 1 3432 3477 3374 3511 3934 6021 5944 5920 5168 5625
3640 11 2 1 1 2544 3510 3427 3566 6003 6002 4094 4095 3911 6022
3641 11 2 1 1 1193 3531 1207 3605 4843 5148 2340 5607 5414 4810
3642 11 2 1 1 2553 2549 3397 3624 3076 4384 4799 4800 4428 6023
3643 11 2 1 1 3389 3459 3592 3623 5103 4972 6024 4724 5237 6025
3644 11 2 1 1 3389 3504 3459 3623 6026 4653 5103 4724 6025 6027
3645 11 2 1 1 3452 3523 3486 3529 5272 5680 5661 5366 5682 5367
3646 11 2 1 1 2620 2547 3467 3686 3063 5765 4688 4933 4934 6028
3647 11 2 1 1 3416 3377 3475 3693 5929 4802 5508 6029 6030 5123
3648 11 2 1 1 319 3499 361 3676 4983 4982 673 6031 5230 5229
3649 11 2 1 1 3368 3499 3412 3612 6032 4991 6033 6034 5566 6035
3650 11 2 1 1 1251 3568 3416 3606 4747 5370 6036 4749 5371 4053
3651 11 2 1 1 238 235 3410 3630 697 4626 6037 6038 4090 6039
3652 11 2 1 1 3394 3496 3439 3661 4945 4617 5902 4959 4098 4960
3653 11 2 1 1 3402 3424 3527 3593 3737 3742 3740 5760 5518 4847
3654 11 2 1 1 3413 3443 3362 3561 5242 5954 5953 4969 6040 4392
3655 11 2 1 1 255 3446 340 3604 5926 5948 795 5986 6041 5276
3656 11 2 1 1 3413 3553 3469 3594 4518 4758 3960 4365 4367 6042
3657 11 2 1 1 2578 3408 3530 3628 4255 4259 4257 5998 6043 6044
3658 11 2 1 1 2607 3464 2518 3568 5468 5653 2949 5550 5654 5464
3659 11 2 1 1 3416 3475 3519 3693 5508 5513 5511 6029 6045 6030
3660 11 2 1 1 2539 2536 2617 3466 3042 3028 3043 3754 3753 5823
3661 11 2 1 1 2593 3440 2551 3685 4160 6046 3115 5867 6047 4539
3662 11 2 1 1 7 3409 1292 3648 4757 5716 1436 5437 6048 5438
3663 11 2 1 1 3376 3455 3403 3645 4494 4565 4208 4210 4209 6049
3664 11 2 1 1 3377 3475 3452 3602 4802 6050 3890 4548 6051 4803
3665 11 2 1 1 3372 3476 3459 3504 5515 4229 4585 6052 4653 4652
3666 11 2 1 1 2559 3537 2560 3652 4326 6053 3120 4786 6054 4787
3667 11 2 1 1 237 3410 235 3630 3789 4626 695 4089 6039 4090
3668 11 2 1 1 3416 3375 3565 3621 5510 5659 5184 6055 6056 6057
3669 11 2 1 1 1113 3411 1111 3604 6058 6059 1945 6060 6061 6062
3670 11 2 1 1 1339 1281 3473 3649 2349 6063 4030 4631 4112 6064
3671 11 2 1 1 3359 3401 3475 3609 5836 5895 6065 5432 6066 5733
3672 11 2 1 1 3498 3639 3451 3640 4419 4167 4149 5657 5766 5767
3673 11 2 1 1 3383 3461 3428 3488 4689 4246 4725 4300 4248 3768
3674 11 2 1 1 230 3412 361 3569 6067 4992 671 6068 4986 4993
3675 11 2 1 1 1142 3403 1140 3564 5883 4020 2088 6069 4727 4728
3676 11 2 1 1 1253 3444 1255 3545 6070 4590 2470 6071 4592 4594
3677 11 2 1 1 3400 3382 3468 3597 3758 3759 3760 4007 5722 5642
3678 11 2 1 1 3374 3477 3432 3558 6021 3934 5944 5454 4921 6072
3679 11 2 1 1 1106 2633 2655 3551 5884 3345 4831 5119 6073 6074
3680 11 2 1 1 7 1084 6 3557 1430 1429 14 5079 4870 5179
3681 11 2 1 1 2559 2552 2560 3537 3119 3121 3120 4326 6053 4840
3682 11 2 1 1 3419 3497 3379 3534 4989 5483 5484 4000 4478 6075
3683 11 2 1 1 269 262 3521 3669 829 6076 5776 5778 5779 6077
3684 11 2 1 1 1114 3431 1265 3535 5918 4813 1952 5919 4814 3948
3685 11 2 1 1 2574 3540 3470 3551 6078 5157 6079 6080 4740 4855
3686 11 2 1 1 3401 3602 3492 3691 5896 4547 5894 5812 4551 4550
3687 11 2 1 1 3428 3542 3503 3644 4714 4312 4201 4464 6005 5688
3688 11 2 1 1 3492 3565 3475 3609 6006 5660 4801 6081 6066 6082
3689 11 2 1 1 230 361 319 3569 671 673 670 6068 4984 4986
3690 11 2 1 1 1311 1240 1280 3514 2460 2335 2461 4635 5724 5152
3691 11 2 1 1 1158 1157 1156 3421 2166 2159 2167 4596 5134 3845
3692 11 2 1 1 269 3509 342 3583 6083 5644 856 6084 5645 4217
3693 11 2 1 1 1246 3464 1159 3505 5326 4878 2181 6085 4687 4877
3694 11 2 1 1 3368 3412 3499 3676 6033 4991 6032 5557 5229 5228
3695 11 2 1 1 2525 3480 3401 3603 6086 6087 5542 6088 6089 5729
3696 11 2 1 1 2578 3619 3408 3628 5011 5012 4255 5998 6044 5999
3697 11 2 1 1 3476 3504 3372 3546 4652 6052 5515 4675 5361 4676
3698 11 2 1 1 3391 3457 3629 3631 4068 4408 4137 4168 3802 3887
3699 11 2 1 1 281 299 3405 3629 920 5397 5396 6090 5150 6091
3700 11 2 1 1 3397 3493 3363 3607 4350 5016 5017 5705 4648 6092
3701 11 2 1 1 3392 3567 3479 3625 5213 4442 4284 4193 4446 4445
3702 11 2 1 1 1289 1368 1246 3464 1821 2439 2206 5041 5326 3910
3703 11 2 1 1 2639 2690 2640 1373 3321 3355 3296 4938 4939 6093
3704 11 2 1 1 3436 3370 3524 3614 4410 5043 5042 4414 5698 4412
3705 11 2 1 1 269 3509 3394 3521 6083 4213 5777 5776 4947 5700
3706 11 2 1 1 287 3436 330 3580 5417 3700 947 5798 6094 5046
3707 11 2 1 1 1106 2633 3551 3648 5884 6074 5119 4833 5121 5885
3708 11 2 1 1 3480 3482 3378 3515 4232 4527 4526 5655 4987 5036
3709 11 2 1 1 3417 3440 3373 3552 4063 4639 3965 3879 4294 5571
3710 11 2 1 1 2557 2544 3510 3659 3081 6003 6095 5958 6004 5959
3711 11 2 1 1 287 330 331 3580 947 950 949 5798 6096 6094
3712 11 2 1 1 3410 3490 3396 3536 3839 3838 3840 4627 3709 6097
3713 11 2 1 1 2622 3517 3426 3658 5685 4106 5684 6098 3817 6099
3714 11 2 1 1 1242 1290 2593 3494 1840 4159 5965 5966 4318 4317
3715 11 2 1 1 238 237 235 3630 696 695 697 6038 6039 4089
3716 11 2 1 1 2606 3416 3606 3666 5825 5371 5908 5587 6100 5826
3717 11 2 1 1 285 287 3436 3614 933 5417 5416 5697 4414 6101
3718 11 2 1 1 341 3415 3485 3635 5599 4519 6102 5613 5309 5614
3719 11 2 1 1 3382 3450 3438 3636 3756 6103 6104 4150 5406 4151
3720 11 2 1 1 1195 1221 3436 3580 2354 5071 6010 6105 5046 6106
3721 11 2 1 1 3413 3553 3362 3554 4518 5020 5953 5244 5023 5025
3722 11 2 1 1 3399 3654 3543 3680 5844 5989 4924 4926 4477 5991
3723 11 2 1 1 2609 3532 2650 3691 5553 5709 2982 5554 6107 5555
3724 11 2 1 1 3487 3564 3384 3684 4616 5656 6108 4045 6109 6110
3725 11 2 1 1 3438 3450 3360 3636 6103 4116 6111 5406 4156 4151
3726 11 2 1 1 322 245 358 3597 723 746 748 5212 4844 4006
3727 11 2 1 1 3404 3389 3506 3592 5382 3735 4436 4971 5133 6024
3728 11 2 1 1 1187 3418 1189 3514 4533 6112 2316 4380 6113 4532
3729 11 2 1 1 3504 3537 2616 3623 5612 5538 5610 6027 6114 4038
3730 11 2 1 1 3394 3509 269 3583 4213 6083 5777 4216 6084 4217
3731 11 2 1 1 1135 3440 3510 3689 5915 5914 5913 6115 6116 4163
3732 11 2 1 1 3503 3542 3360 3644 4312 6117 4117 6005 4463 5688
3733 11 2 1 1 3359 3447 3578 3609 4943 4942 4826 5432 5434 6118
3734 11 2 1 1 2565 3477 3434 3696 5596 5595 5591 6119 6120 6121
3735 11 2 1 1 1358 2585 2691 3477 5391 3279 6122 5392 5814 3933
3736 11 2 1 1 2520 3492 3565 3666 6123 6006 5183 5589 6124 5762
3737 11 2 1 1 1280 3514 3473 3557 5724 5751 6125 5725 4558 4637
3738 11 2 1 1 1283 1209 1373 3530 2411 2409 1805 3988 4941 4174
3739 11 2 1 1 3378 3482 3459 3506 4527 4230 4432 4435 4437 4084
3740 11 2 1 1 271 273 3518 3635 868 6126 5735 5702 5736 6127
3741 11 2 1 1 3440 3566 2545 3685 6128 5971 6129 4539 5974 5973
3742 11 2 1 1 2542 3484 3467 3673 5748 5425 5136 6130 5756 5758
3743 11 2 1 1 1179 3424 1181 3533 5273 4028 2276 4929 4782 3788
3744 11 2 1 1 309 1257 1297 3545 4241 2477 6131 4249 6132 3749
3745 11 2 1 1 3459 3506 3389 3592 4437 3735 5103 4972 6024 5133
3746 11 2 1 1 3420 3377 3593 3602 4574 4846 5466 4573 6133 4548
3747 11 2 1 1 2648 3454 2610 3525 6134 4009 3102 6135 5111 4369
3748 11 2 1 1 1133 1135 3440 3552 2053 5915 4482 5570 5571 5916
3749 11 2 1 1 269 262 270 3521 829 831 830 5776 6136 6076
3750 11 2 1 1 1197 3544 1155 3671 6137 5093 2164 6138 5094 4923
3751 11 2 1 1 3395 3493 3421 3601 4048 4049 3844 6139 5861 5860
3752 11 2 1 1 3405 3391 3570 3629 4243 5323 4888 5150 6140 4137
3753 11 2 1 1 3383 3488 3428 3503 4300 4248 4725 4145 4201 5327
3754 11 2 1 1 3510 3549 1137 3659 6141 6142 6143 6004 6144 6145
3755 11 2 1 1 3359 3523 3396 3613 3980 3978 3867 5384 5383 6146
3756 11 2 1 1 2623 2562 2616 3511 3166 3156 3167 6147 5051 5984
3757 11 2 1 1 3453 3499 360 3676 6148 6149 5800 5556 5982 5229
3758 11 2 1 1 2643 2595 2561 3432 3162 3152 3160 3858 6150 3870
3759 11 2 1 1 285 288 287 3614 938 937 933 5697 6101 5117
3760 11 2 1 1 2515 2517 2516 3568 2935 2934 2920 4051 6151 4050
3761 11 2 1 1 2515 2516 1251 3568 2920 6152 4748 4051 4747 6151
3762 11 2 1 1 3440 3510 2545 3566 5914 6153 6129 6128 5971 6022
3763 11 2 1 1 3370 3474 3405 3524 4901 6154 6155 5043 5086 6156
3764 11 2 1 1 1247 1203 1248 3432 2012 2388 2383 4917 4190 5490
3765 11 2 1 1 3410 3490 3536 3697 3839 6097 4627 4529 6157 4509
3766 11 2 1 1 2525 3401 3480 3677 5542 6087 6086 5869 6158 4707
3767 11 2 1 1 318 3458 321 3672 5480 6159 683 5818 6160 5819
3768 11 2 1 1 3425 3518 275 3635 5873 6161 4654 5308 5341 5736
3769 11 2 1 1 2623 3511 2616 3643 6147 5051 3167 6162 5082 5084
3770 11 2 1 1 3385 3451 3407 3585 3906 5032 5516 6163 4839 4609
3771 11 2 1 1 1166 3412 3599 3674 5791 5574 4141 4661 4663 5567
3772 11 2 1 1 3405 3474 3370 3560 6154 4901 6155 4710 6164 6165
3773 11 2 1 1 1204 3494 2624 3495 6166 6167 6168 6169 6170 5202
3774 11 2 1 1 3425 3571 275 3641 5520 5521 4654 6171 6172 5356
3775 11 2 1 1 383 3483 267 3638 5288 6173 852 5331 5952 5332
3776 11 2 1 1 1139 1136 3429 3549 2071 6174 5640 4953 4391 6175
3777 11 2 1 1 3368 3563 3444 3627 5781 6176 4372 4196 4409 5782
3778 11 2 1 1 3371 3656 3462 3692 6177 6178 4058 5856 6179 6180
3779 11 2 1 1 3379 3478 3409 3497 6181 4485 6182 5483 4486 4200
3780 11 2 1 1 324 3608 355 3629 5771 6183 730 4647 5404 5772
3781 11 2 1 1 3382 3450 3486 3529 3756 6184 5163 5683 5682 6185
3782 11 2 1 1 2690 2639 1283 1373 3321 3987 6186 6093 1805 4938
3783 11 2 1 1 1282 3533 3402 3588 3786 3787 3739 4955 4187 6187
3784 11 2 1 1 3436 3573 1195 3580 5257 6188 6010 5046 6105 5258
3785 11 2 1 1 305 1212 342 3509 6189 5643 863 6190 5644 5290
3786 11 2 1 1 1232 3461 1265 3584 6016 4812 1953 6017 5578 5580
3787 11 2 1 1 2620 2618 2547 3686 3098 3097 3063 4933 6028 5446
3788 11 2 1 1 3492 3637 3401 3691 5741 5847 5894 4551 5812 5744
3789 11 2 1 1 2578 2579 2580 3517 3229 3243 3242 4256 4295 5694
3790 11 2 1 1 3420 3529 3386 3602 3728 3729 3727 4573 6191 4695
3791 11 2 1 1 3437 3564 3487 3684 4615 4616 4612 4275 4045 6110
3792 11 2 1 1 225 1219 312 3590 6192 5493 642 5846 4240 5494
3793 11 2 1 1 1245 1145 3437 3455 2113 6193 4454 4452 4453 6194
3794 11 2 1 1 1278 1166 1257 3412 2215 2216 2218 5792 3746 5791
3795 11 2 1 1 2587 3472 3532 3666 6195 6196 6197 6198 5763 6199
3796 11 2 1 1 3599 3678 3462 3692 5834 5835 5832 6200 6179 6201
3797 11 2 1 1 328 1388 4 3483 5627 1411 5795 5980 6202 5289
3798 11 2 1 1 3483 3596 267 3638 4107 5951 6173 5332 5952 5937
3799 11 2 1 1 300 3474 351 3608 4015 6203 961 3851 6204 4016
3800 11 2 1 1 232 318 321 3672 679 683 682 6009 6160 5818
3801 11 2 1 1 3389 3443 3413 3561 4746 5242 3734 4723 4969 4392
3802 11 2 1 1 3471 3553 3415 3622 4604 5130 6205 3918 6206 6207
3803 11 2 1 1 1292 3409 3555 3648 5716 5584 5717 6048 6208 5438
3804 11 2 1 1 3381 3536 3490 3697 4981 6097 5074 6209 4509 6157
3805 11 2 1 1 255 256 254 3411 790 789 764 5875 5876 6210
3806 11 2 1 1 3471 3622 3415 3631 3918 6206 6205 3803 4951 5924
3807 11 2 1 1 3365 3410 3448 3630 5172 3790 4907 6211 4091 4090
3808 11 2 1 1 333 365 334 1231 1049 1048 970 4272 4440 6212
3809 11 2 1 1 2525 3603 3401 3691 6088 6089 5542 5813 5812 6213
3810 11 2 1 1 3415 3553 3471 3631 5130 4604 6205 4951 3803 6214
3811 11 2 1 1 3359 3490 3447 3634 3868 5141 4943 6215 6216 6217
3812 11 2 1 1 1202 3432 3477 3558 3859 3934 3932 6218 6072 4921
3813 11 2 1 1 246 3430 248 3516 4087 6219 750 4074 6220 4086
3814 11 2 1 1 1302 2630 3595 3696 6221 6222 6223 6224 6225 6226
3815 11 2 1 1 3384 3437 3548 3684 5938 5602 5939 6109 6227 4275
3816 11 2 1 1 2520 3565 3416 3666 5183 5184 5109 5589 5826 6124
3817 11 2 1 1 3452 3593 3377 3602 4848 4846 3890 6051 4548 6133
3818 11 2 1 1 2649 2611 3502 3520 3137 4305 4467 4093 4418 4337
3819 11 2 1 1 1239 1370 2638 3628 2458 4885 6228 6229 5106 5105
3820 11 2 1 1 2565 3434 2566 3696 5591 5590 3173 6119 6230 6120
3821 11 2 1 1 363 263 346 3441 836 788 837 3797 3936 6231
3822 11 2 1 1 2605 1368 2698 2600 3908 3909 3315 2951 2873 4681
3823 11 2 1 1 3405 3524 3474 3608 5086 6156 6154 5089 4016 5090
3824 11 2 1 1 2632 3478 3409 3648 4198 4485 4484 6232 5438 6233
3825 11 2 1 1 1299 1254 1196 3544 1850 2361 2358 5360 5890 4292
3826 11 2 1 1 3446 3535 3366 3661 6234 4640 6235 6236 4958 4097
3827 11 2 1 1 3565 3609 3492 3637 6082 6081 6006 6237 5741 6238
3828 11 2 1 1 2583 3402 3532 3588 4623 4791 4789 5295 6239 4187
3829 11 2 1 1 1113 1112 1111 3411 1944 1941 1945 6058 6059 6240
3830 11 2 1 1 3417 3498 3451 3556 4148 4149 3905 6011 6241 5474
3831 11 2 1 1 3390 3646 3594 3647 6242 5129 6243 6244 5176 5178
3832 11 2 1 1 250 3435 252 3547 3821 6245 770 5848 6246 4513
3833 11 2 1 1 244 241 325 3622 727 724 728 4027 5619 3917
3834 11 2 1 1 262 354 270 3521 821 832 831 6076 6136 6247
3835 11 2 1 1 288 3436 287 3614 5116 5417 937 5117 6101 4414
3836 11 2 1 1 3455 3573 1146 3576 4457 5058 5057 4404 6248 5564
3837 11 2 1 1 3364 3517 3402 3593 3920 3996 3995 5465 5760 6249
3838 11 2 1 1 316 361 3412 3545 672 4992 3745 3748 3750 6250
3839 11 2 1 1 1168 3519 3416 3568 6251 5511 6252 6253 5370 6254
3840 11 2 1 1 1113 3535 3411 3604 6255 4642 6058 6060 6062 6256
3841 11 2 1 1 3425 3387 3556 3664 4805 5473 5461 5648 5647 6257
3842 11 2 1 1 1369 3484 2636 3673 4823 5368 6258 6259 6260 5758
3843 11 2 1 1 3368 3453 3490 3625 4100 5075 6261 4194 5080 4429
3844 11 2 1 1 275 3518 3425 3641 6161 5873 4654 6172 6171 6262
3845 11 2 1 1 1188 1189 1187 3418 2317 2316 2308 6263 4533 6112
3846 11 2 1 1 1379 1237 362 350 2457 5353 5783 6264 586 5829
3847 11 2 1 1 289 3614 3453 3620 5629 5630 5408 6265 4103 6266
3848 11 2 1 1 3397 3520 3454 3607 4385 4013 5293 5705 5764 5706
3849 11 2 1 1 300 323 3536 3663 1003 6267 4401 3854 4403 6268
3850 11 2 1 1 3387 3451 3498 3556 6269 4149 4806 5473 5474 6241
3851 11 2 1 1 2561 3432 2595 3495 6150 3870 3152 6270 3981 3983
3852 11 2 1 1 253 346 3441 3547 779 3936 6271 6272 4514 5572
3853 11 2 1 1 1190 3514 3470 3628 5162 4634 6273 6274 5107 6275
3854 11 2 1 1 277 3485 3457 3589 3900 3899 3885 6276 6277 5253
3855 11 2 1 1 1246 3464 1223 3598 5326 4471 2184 5704 4595 3814
3856 11 2 1 1 269 3394 3583 3669 5777 4216 6084 5778 6278 5227
3857 11 2 1 1 237 3448 322 3597 3791 5211 700 3818 5212 3819
3858 11 2 1 1 254 3411 256 3638 5876 6210 789 5935 6279 5936
3859 11 2 1 1 307 3444 298 3545 4288 6280 980 4593 6281 4594
3860 11 2 1 1 1353 3456 1201 3574 4354 6282 2380 4357 6283 4358
3861 11 2 1 1 3458 3500 318 3597 5479 5443 5480 5721 6284 3820
3862 11 2 1 1 3380 3408 3562 3619 6285 4132 4314 6286 5650 5012
3863 11 2 1 1 3375 3519 3475 3634 5512 5513 5509 6287 6288 6289
3864 11 2 1 1 2598 3472 1338 3588 6290 6291 6292 6293 6294 6295
3865 11 2 1 1 2648 2548 2610 3454 3068 3101 3102 6134 4009 4535
3866 11 2 1 1 3376 3489 3576 3607 4493 4406 5955 6296 4852 4389
3867 11 2 1 1 3474 3524 3370 3614 6156 5043 4901 4902 4412 5698
3868 11 2 1 1 1128 3584 3431 3591 6297 5579 6298 6299 4718 6300
3869 11 2 1 1 284 332 3437 3580 934 5281 6301 6302 4556 5282
3870 11 2 1 1 2578 3530 2645 3628 4257 6303 3238 5998 6304 6043
3871 11 2 1 1 1295 1370 3470 3551 1915 4736 6305 5863 4740 4739
3872 11 2 1 1 2648 3525 2535 3681 6135 5774 3036 6306 5968 5970
3873 11 2 1 1 240 241 243 3526 714 720 719 4668 4439 3914
3874 11 2 1 1 2545 3510 3440 3689 6153 5914 6129 6307 4163 6116
3875 11 2 1 1 3363 3445 3578 3626 4523 5608 6308 5000 4223 4622
3876 11 2 1 1 3365 3469 3438 3482 3961 6309 5405 3962 5035 3963
3877 11 2 1 1 3380 3562 3426 3619 4314 4134 5886 6286 5649 5650
3878 11 2 1 1 1128 3434 3584 3591 6310 6311 6297 6299 6300 6312
3879 11 2 1 1 3406 3469 3539 3646 5197 5670 5329 5128 5393 6313
3880 11 2 1 1 3440 3449 3373 3566 4538 3967 4639 6128 5715 3977
3881 11 2 1 1 2608 2610 3414 3677 2991 4010 4466 6314 6315 6316
3882 11 2 1 1 3443 3449 3385 3639 3968 4017 3903 4166 4165 4059
3883 11 2 1 1 324 299 355 3608 1000 921 730 5771 6183 5410
3884 11 2 1 1 2620 2557 2618 3427 3083 3143 3098 3993 5445 5957
3885 11 2 1 1 1245 1149 1146 3573 2121 2120 2112 4455 5058 6317
3886 11 2 1 1 1260 1251 2516 3568 2467 6152 6318 6319 6151 4747
3887 11 2 1 1 2627 3478 1267 3595 6320 6321 6322 6323 6324 6325
3888 11 2 1 1 3416 3565 3568 3621 5184 5429 5370 6055 6326 6056
3889 11 2 1 1 3359 3475 3401 3602 6065 5895 5836 4671 5896 4803
3890 11 2 1 1 1244 1163 1290 3440 2057 2201 2200 4064 4161 5900
3891 11 2 1 1 2537 2535 3592 3681 3034 5773 6327 6328 6329 5968
3892 11 2 1 1 284 3437 3524 3580 6301 5407 6330 6302 5045 4556
3893 11 2 1 1 3455 3576 1146 3645 4404 6248 5057 6049 6331 5548
3894 11 2 1 1 284 3524 287 3580 6330 5419 932 6302 5798 5045
3895 11 2 1 1 3394 3509 3501 3521 4213 5316 5206 4947 5205 5700
3896 11 2 1 1 2581 3409 3540 3551 5802 4794 5803 6332 4855 4856
3897 11 2 1 1 3437 3455 1145 3564 4453 6194 6193 4615 6333 6334
3898 11 2 1 1 3382 3438 3513 3636 6104 4783 5072 4150 4911 5406
3899 11 2 1 1 1271 1137 3549 3659 2073 6142 6335 6336 6145 6144
3900 11 2 1 1 3501 3509 3387 3521 5316 6337 5575 5205 5411 5700
3901 11 2 1 1 3372 3469 3482 3522 3997 3963 3999 5200 5534 5201
3902 11 2 1 1 299 355 3608 3629 921 6183 5410 6091 5772 5404
3903 11 2 1 1 3401 3492 3609 3637 5894 6081 5733 5847 6238 5741
3904 11 2 1 1 1229 334 365 1231 4041 1048 6338 2448 6212 4440
3905 11 2 1 1 3368 3674 3412 3676 6339 5567 6033 5557 5228 6340
3906 11 2 1 1 245 3448 240 3526 4003 4665 721 4375 4668 4579
3907 11 2 1 1 271 3521 272 3635 5701 5527 864 5702 5615 5662
3908 11 2 1 1 3359 3447 3609 3634 4943 6118 5432 6215 6341 6216
3909 11 2 1 1 2587 2651 3472 3666 3284 6342 6195 6198 6199 6343
3910 11 2 1 1 3381 3490 3460 3697 5074 4508 6344 6209 4510 4509
3911 11 2 1 1 3481 3651 3570 3668 3809 6345 6346 5879 6347 5880
3912 11 2 1 1 2649 2611 2608 3502 3137 2973 3328 4467 4469 4305
3913 11 2 1 1 3408 3517 3426 3619 3921 4106 4105 5012 5649 5013
3914 11 2 1 1 1112 3535 3461 3667 5472 4641 5471 6348 5852 6349
3915 11 2 1 1 1117 3439 1116 3661 6350 3944 1963 6351 4096 4098
3916 11 2 1 1 3374 3577 3434 3591 5892 6352 6353 6354 6312 6355
3917 11 2 1 1 3376 3489 3455 3576 4493 3943 4494 5955 4404 4406
3918 11 2 1 1 1113 1112 3411 3535 1944 6240 6058 6255 4642 5472
3919 11 2 1 1 2627 2629 1342 3478 3334 6356 6357 6320 6358 6359
3920 11 2 1 1 289 3453 292 3620 5408 5801 958 6265 6360 4103
3921 11 2 1 1 1138 1140 1141 3549 2077 2080 2079 5112 4769 4022
3922 11 2 1 1 349 409 1235 3682 613 6361 5278 5280 5030 5689
3923 11 2 1 1 328 4 329 3618 5795 5794 1036 6362 6363 6364
3924 11 2 1 1 368 1371 1205 3550 6365 2395 5522 5841 4696 6366
3925 11 2 1 1 252 346 3547 3605 780 5572 6246 6367 5573 3937
3926 11 2 1 1 320 3458 318 3597 5007 5480 701 5720 6284 5721
3927 11 2 1 1 1144 1146 3576 3645 2107 6248 6368 6369 5548 6331
3928 11 2 1 1 3418 3369 3562 3642 5325 4927 5251 4978 6370 4280
3929 11 2 1 1 3469 3553 3390 3594 4758 6371 6372 4367 6243 6042
3930 11 2 1 1 1112 3411 3535 3667 6240 4642 5472 6348 6349 5851
3931 11 2 1 1 3374 3407 3558 3615 4600 4919 5454 5945 5947 6373
3932 11 2 1 1 3359 3609 3475 3634 5432 6066 6065 6215 6288 6341
3933 11 2 1 1 1311 3551 3470 3557 6374 4740 4633 4636 4638 4857
3934 11 2 1 1 1152 3493 3422 3567 5222 4352 5221 6375 4517 5210
3935 11 2 1 1 238 3410 235 3663 6037 4626 697 6376 6377 6378
3936 11 2 1 1 3500 3523 3458 3528 5349 6379 5479 5317 5481 6380
3937 11 2 1 1 2529 3480 3476 3679 6381 4228 5457 6382 6383 6384
3938 11 2 1 1 3426 3517 3420 3658 4106 5311 3725 3817 3816 6099
3939 11 2 1 1 1168 3416 1251 3568 6252 6036 2226 6253 4747 5370
3940 11 2 1 1 3563 3674 3368 3676 6385 6339 5781 6386 5557 6340
3941 11 2 1 1 3424 3486 3371 3657 4849 5734 4057 4898 6387 6388
3942 11 2 1 1 3380 3540 3542 3644 4793 5786 4313 5687 5688 5785
3943 11 2 1 1 1141 1226 1271 3427 2094 2096 2081 4233 6389 4561
3944 11 2 1 1 3453 3474 3381 3479 4014 4502 4360 5921 6390 4900
3945 11 2 1 1 276 294 275 3571 889 888 883 5519 5521 6391
3946 11 2 1 1 3364 3529 3450 3687 3785 6185 5159 4751 5161 4303
3947 11 2 1 1 3389 3592 3466 3623 6024 5235 5442 4724 3781 5237
3948 11 2 1 1 255 3411 3538 3604 5875 5399 5877 5986 5987 6062
3949 11 2 1 1 3370 3436 3573 3671 4410 5257 4679 4287 5514 4451
3950 11 2 1 1 2648 3454 3525 3681 6134 4369 6135 6306 5970 6392
3951 11 2 1 1 1162 3505 3463 3621 5321 6393 6394 6395 6396 6397
3952 11 2 1 1 2588 2587 3472 3532 3268 6195 6398 6399 6196 6197
3953 11 2 1 1 3429 3541 3433 3668 3875 4858 5373 5881 5401 5403
3954 11 2 1 1 3359 3460 3515 3578 4824 5478 4669 4826 4705 4825
3955 11 2 1 1 2529 3476 3459 3679 5457 4229 5456 6382 4973 6383
3956 11 2 1 1 278 277 279 3457 894 899 898 6400 4515 3885
3957 11 2 1 1 363 263 3441 3675 836 6231 3797 5155 5154 6401
3958 11 2 1 1 3407 3374 3582 3615 4600 4601 4602 6373 6402 5945
3959 11 2 1 1 3577 3582 3374 3633 6403 4601 5892 5893 5063 5175
3960 11 2 1 1 271 344 3509 3518 870 4080 5699 5735 4083 4082
3961 11 2 1 1 1193 1339 1281 3473 2345 2349 2348 4842 6063 4030
3962 11 2 1 1 3524 3548 3405 3559 5603 5531 5086 5605 5768 5606
3963 11 2 1 1 1294 3409 3551 3557 4755 4856 5294 5503 4857 4795
3964 11 2 1 1 3381 3460 3445 3491 6344 4741 6404 5249 4765 4766
3965 11 2 1 1 1142 1141 3403 3645 2087 4234 5883 6405 4209 4235
3966 11 2 1 1 1313 2679 3530 3628 6406 6407 6408 6409 6043 6410
3967 11 2 1 1 3404 3389 3592 3655 5382 6024 4971 4732 6411 3736
3968 11 2 1 1 227 230 229 3569 657 656 655 5496 5497 6068
3969 11 2 1 1 3381 3460 3490 3650 6344 4508 5074 5077 4876 4829
3970 11 2 1 1 3404 3376 3512 3681 6412 4207 6413 5969 6414 6415
3971 11 2 1 1 3445 3489 3479 3560 4525 4368 4522 6416 6417 6418
3972 11 2 1 1 264 3550 265 3660 5827 6419 817 5864 6013 5637
3973 11 2 1 1 2609 2587 2650 3532 3285 3264 2982 5553 5709 6197
3974 11 2 1 1 3387 3521 3509 3635 5411 5700 6337 5310 5703 5662
3975 11 2 1 1 322 240 245 3448 708 721 723 5211 4003 4665
3976 11 2 1 1 1285 1297 309 1257 1741 6131 5961 2435 4241 2477
3977 11 2 1 1 296 266 3456 3660 844 4423 5871 6420 6421 6422
3978 11 2 1 1 3402 3517 3408 3530 3996 3921 4346 4175 4259 4258
3979 11 2 1 1 3431 3461 3379 3584 3770 3778 4040 5579 6423 5580
3980 11 2 1 1 227 230 3569 3590 657 6068 5496 5498 5500 6424
3981 11 2 1 1 3409 3380 3557 3644 4792 4797 4795 6425 6426 5687
3982 11 2 1 1 3404 3626 3376 3681 4576 6427 6412 5969 6415 6428
3983 11 2 1 1 2644 1358 1202 2585 6429 2375 4664 3277 3856 5391
3984 11 2 1 1 3480 3515 3378 3677 5655 4987 4526 6158 4988 4708
3985 11 2 1 1 3404 3592 2535 3681 4971 5773 5906 5969 5968 6329
3986 11 2 1 1 271 3509 270 3521 5699 6430 860 5701 6136 5700
3987 11 2 1 1 3450 3382 3486 3642 3756 5163 6184 4763 4186 4764
3988 11 2 1 1 1251 3416 1250 3606 6036 6431 2227 4749 6432 5371
3989 11 2 1 1 3380 3514 3470 3557 6433 4634 5158 4797 4638 4637
3990 11 2 1 1 3390 3594 3553 3647 6243 6042 6371 6244 6434 5176
3991 11 2 1 1 3424 3572 3486 3657 4851 4778 4849 4898 6388 3831
3992 11 2 1 1 3392 3421 3625 3627 6435 4821 4193 4195 4197 5577
3993 11 2 1 1 3379 3461 3428 3555 3778 4246 4247 6436 4398 6015
3994 11 2 1 1 1188 1189 3418 3531 2317 6112 6263 6437 5363 6438
3995 11 2 1 1 1258 3509 3518 3664 5544 4083 6439 5441 5943 5598
3996 11 2 1 1 3469 3594 3390 3646 4367 6243 6372 6313 6242 5129
3997 11 2 1 1 3427 3549 3510 3659 4770 6141 6002 5960 6004 6145
3998 11 2 1 1 2578 2591 2645 3530 3244 3246 3238 4257 6303 6440
3999 11 2 1 1 2638 2683 2637 3470 3350 3347 3239 4886 5949 4735
4000 11 2 1 1 3374 3431 3577 3591 6441 3772 5892 6354 6355 4718
4001 11 2 1 1 256 3411 255 3604 6210 5875 790 6442 5986 6062
4002 11 2 1 1 1141 3427 1271 3549 4233 6389 2081 4769 6335 4770
4003 11 2 1 1 3438 3450 3382 3529 6103 3756 6104 4785 5683 6185
4004 11 2 1 1 3434 3577 3431 3591 6352 3772 6443 6312 4718 6355
4005 11 2 1 1 1111 3411 1112 3667 6059 6240 1941 6444 6348 5851
4006 11 2 1 1 3464 3505 1246 3621 4877 6085 5326 6445 6446 6397
4007 11 2 1 1 1163 1133 1135 3440 2055 2053 2056 5900 5915 4482
4008 11 2 1 1 3363 3493 3422 3607 5016 4352 4516 4648 4387 6092
4009 11 2 1 1 3378 3578 3414 3677 4767 4218 6447 4988 6315 4709
4010 11 2 1 1 326 341 3415 3631 877 5599 5524 6448 4951 6449
4011 11 2 1 1 292 3620 3453 3676 6360 4103 5801 6012 5556 5558
4012 11 2 1 1 3418 3514 3408 3562 4532 4381 5342 5251 4132 5752
4013 11 2 1 1 1276 1212 305 3509 2399 6189 6450 6451 6190 5290
4014 11 2 1 1 3393 3572 3486 3642 4498 4778 4181 4184 4186 4781
4015 11 2 1 1 289 300 292 3453 960 959 958 5408 5801 3852
4016 11 2 1 1 3451 3556 3387 3664 6241 5473 6269 5037 6257 5647
4017 11 2 1 1 3449 3537 3385 3639 4037 3833 4017 4059 4165 4060
4018 11 2 1 1 343 342 305 1212 1021 863 1022 6452 6189 5643
4019 11 2 1 1 393 1305 333 3580 6453 4553 635 6454 4555 4554
4020 11 2 1 1 3362 3640 3498 3647 5754 5657 5022 5182 5658 5346
4021 11 2 1 1 3372 3522 3476 3546 5200 5532 5515 5361 4675 3931
4022 11 2 1 1 3399 3522 3476 3543 3926 5532 4925 4924 4472 6455
4023 11 2 1 1 3419 3579 3577 3610 4882 6456 5891 4542 6457 4890
4024 11 2 1 1 1160 1246 3505 3621 2182 6085 5320 6458 6397 6446
4025 11 2 1 1 1306 363 1316 3675 6459 3795 1735 6460 5153 5155
4026 11 2 1 1 3404 3376 3508 3512 6412 4501 4730 6413 4376 4207
4027 11 2 1 1 3386 3482 3438 3522 4865 5035 5336 5533 6461 5534
4028 11 2 1 1 3379 3577 3434 3610 3779 6352 6462 5485 6463 6457
4029 11 2 1 1 2639 2597 2690 3588 3271 3322 3321 3990 6464 6465
4030 11 2 1 1 3516 3547 250 3683 5849 5848 3822 5132 6466 6467
4031 11 2 1 1 2587 3532 2609 3666 6197 5553 3285 6198 5761 5763
4032 11 2 1 1 240 239 241 3630 707 715 714 5061 5988 5507
4033 11 2 1 1 1259 3519 3568 3621 6468 6254 6469 6470 6326 6471
4034 11 2 1 1 290 301 288 3544 955 954 952 6472 5115 6473
4035 11 2 1 1 3380 3409 3540 3644 4792 4794 4793 5687 5785 6425
4036 11 2 1 1 3458 3600 359 3660 4744 5156 5006 6474 6475 5638
4037 11 2 1 1 1185 3418 1187 3527 6476 4533 2307 6477 4383 4534
4038 11 2 1 1 290 3544 288 3614 6472 5115 952 6478 5117 5118
4039 11 2 1 1 3367 3481 3443 3554 3872 4335 4745 4269 5243 5245
4040 11 2 1 1 3401 3492 3475 3609 5894 4801 5895 5733 6066 6081
4041 11 2 1 1 340 3446 303 3604 5948 4760 827 6041 5274 5276
4042 11 2 1 1 1124 3451 1125 3585 4569 4568 2003 4608 6479 4609
4043 11 2 1 1 3439 3394 3661 3698 5902 4959 4098 5737 5218 6480
4044 11 2 1 1 1124 1121 1123 3501 1995 1993 1996 4570 4994 5535
4045 11 2 1 1 277 3485 341 3631 3900 6102 887 3886 6449 3901
4046 11 2 1 1 277 3457 278 3589 3885 6400 894 6276 6481 6277
4047 11 2 1 1 3398 3504 3561 3623 5611 6482 5651 5723 4039 6027
4048 11 2 1 1 1166 1165 1162 3463 2197 2196 2198 4140 6394 5941
4049 11 2 1 1 1271 3549 3427 3659 6335 4770 6389 6336 5960 6145
4050 11 2 1 1 5 3649 3483 3667 6483 6484 6485 6486 6487 6488
4051 11 2 1 1 3379 3419 3577 3610 5484 5891 3779 5485 6457 4542
4052 11 2 1 1 3415 3622 326 3631 6206 6489 5524 4951 6448 5924
4053 11 2 1 1 3362 3407 3582 3639 5609 4602 5231 6490 6491 5517
4054 11 2 1 1 325 326 3622 3631 740 6489 5619 5923 5924 6448
4055 11 2 1 1 3437 3559 3455 3564 5604 5963 4453 4615 6334 6492
4056 11 2 1 1 2574 3470 2637 3551 6079 5949 3224 6080 5950 4740
4057 11 2 1 1 1168 1259 3519 3568 2213 6468 6251 6253 6254 6469
4058 11 2 1 1 2618 3427 2557 3659 5445 5957 3143 6493 5958 5960
4059 11 2 1 1 3476 3522 3386 3543 5532 5533 4863 4472 6494 6455
4060 11 2 1 1 3425 3518 1213 3641 5873 5874 5449 6171 6495 6262
4061 11 2 1 1 2551 2593 2621 3440 3115 3117 3088 6046 6496 4160
4062 11 2 1 1 1096 1232 3555 3586 1882 6014 6497 6498 4399 6499
4063 11 2 1 1 3426 3399 3543 3687 6500 4924 6501 4302 6502 6503
4064 11 2 1 1 2554 3507 2555 3520 6504 5528 3107 6505 4336 5568
4065 11 2 1 1 2528 3476 2529 3480 5560 5457 2995 5728 6381 4228
4066 11 2 1 1 2645 3530 2679 3628 6303 6407 3299 6304 6410 6043
4067 11 2 1 1 284 3524 3437 3684 6330 5407 6301 6506 4275 6507
4068 11 2 1 1 1162 1160 3505 3621 2185 5320 5321 6395 6397 6458
4069 11 2 1 1 3444 3563 3368 3676 6176 5781 4372 5837 5557 6386
4070 11 2 1 1 1342 2629 2627 1267 6356 3334 6357 2486 6322 6508
4071 11 2 1 1 3371 3423 3656 3692 5667 6509 6177 5856 6180 5854
4072 11 2 1 1 1158 3505 3421 3563 4597 3849 4596 6510 5780 6511
4073 11 2 1 1 1255 1253 1254 3444 2470 2469 2471 4590 4289 6070
4074 11 2 1 1 1137 3549 3510 3552 6142 6141 6143 6512 5917 6513
4075 11 2 1 1 230 316 3412 3590 658 3745 6067 6424 3775 3774
4076 11 2 1 1 1132 3541 3417 3556 6514 3898 6515 6516 6011 5808
4077 11 2 1 1 2554 2555 2549 3520 3107 3106 3104 6505 4339 4336
4078 11 2 1 1 2639 2690 1283 3588 3321 6186 3987 3990 3992 6464
4079 11 2 1 1 3409 3557 3428 3644 4795 4396 6517 6425 4464 6426
4080 11 2 1 1 3391 3415 3553 3554 4520 5130 4121 4070 5025 4521
4081 11 2 1 1 273 275 3518 3635 878 6161 6126 6127 5736 5341
4082 11 2 1 1 3389 3459 3504 3561 5103 4653 6026 4723 6482 4589
4083 11 2 1 1 1196 1155 3544 3627 2162 5093 5890 6518 5143 5142
4084 11 2 1 1 3434 3577 3379 3584 6352 3779 6462 6311 6423 6519
4085 11 2 1 1 3471 3526 3448 3665 3915 4579 4666 6520 6521 6522
4086 11 2 1 1 1226 3659 3427 3686 6523 5960 4561 4562 4564 6524
4087 11 2 1 1 3410 238 3630 3663 6037 6038 4090 6378 6525 6376
4088 11 2 1 1 3361 3491 3445 3506 4530 4765 4996 4169 4620 4085
4089 11 2 1 1 1132 3417 1131 3556 6515 5585 2038 6516 6526 6011
4090 11 2 1 1 1174 3423 3599 3694 6527 6528 6529 6530 6531 6532
4091 11 2 1 1 3475 3565 3375 3609 5660 5659 5509 6066 6533 6082
4092 11 2 1 1 1352 1206 395 3509 2401 6534 5170 5169 4079 6535
4093 11 2 1 1 1313 2679 1210 3530 6406 6536 2412 6408 6537 6407
4094 11 2 1 1 3372 3504 3459 3561 6052 4653 4585 4587 4589 6482
4095 11 2 1 1 2587 2651 2588 3472 3284 3283 3268 6195 6398 6342
4096 11 2 1 1 1172 3462 1173 3575 6538 4331 2239 5415 4333 4332
4097 11 2 1 1 3388 3612 3412 3656 5379 5566 5565 6539 6540 6541
4098 11 2 1 1 1258 3509 1352 3518 5544 5169 2400 6439 5171 4083
4099 11 2 1 1 1267 2629 2627 2699 6508 3334 6322 6542 3336 3337
4100 11 2 1 1 1257 3412 1166 3674 3746 5791 2216 6543 4661 5567
4101 11 2 1 1 3421 3567 3392 3625 4819 5213 6435 4821 4193 4445
4102 11 2 1 1 3376 3404 3508 3626 6412 4730 4501 6427 5745 4576
4103 11 2 1 1 3456 1182 3587 3657 3974 5114 5905 3975 4897 3830
4104 11 2 1 1 2596 1223 2698 3598 6544 4470 3316 5234 3812 4595
4105 11 2 1 1 2614 3476 2528 3543 4835 5560 3000 4836 5559 4472
4106 11 2 1 1 3369 3503 3450 3690 4754 4118 4581 4582 3896 4979
4107 11 2 1 1 3497 3534 3419 3680 6075 4000 4989 4990 4543 6545
4108 11 2 1 1 3416 3565 3492 3666 5184 6006 5930 5826 5762 6124
4109 11 2 1 1 1242 2624 1204 3494 6546 6168 2389 5966 6166 6167
4110 11 2 1 1 3411 3535 3366 3538 4642 4640 4263 5399 5398 6547
4111 11 2 1 1 3366 3465 3538 3669 5224 6548 5398 5225 6549 5226
4112 11 2 1 1 373 331 330 1221 1042 950 1043 6550 5070 6551
4113 11 2 1 1 2538 2537 3466 3512 3039 6552 3861 3864 3866 6553
4114 11 2 1 1 3438 3482 3469 3522 5035 3963 6309 6461 5201 5534
4115 11 2 1 1 299 3608 3405 3629 5410 5089 5397 6091 5150 5772
4116 11 2 1 1 2616 3504 2615 3643 5610 6554 3030 5082 6555 5711
4117 11 2 1 1 1139 1138 1136 3549 2070 2069 2071 4953 6175 5112
4118 11 2 1 1 3376 3576 3484 3607 5955 4491 5956 6296 6556 4852
4119 11 2 1 1 3425 3367 3485 3589 5261 4267 4685 5254 5253 4860
4120 11 2 1 1 1204 3585 1126 3617 6557 6558 2021 6559 6560 6561
4121 11 2 1 1 1173 1180 1179 3587 2252 2251 2250 4458 4930 6562
4122 11 2 1 1 3360 3400 3539 3636 4115 6563 5328 4156 6564 4152
4123 11 2 1 1 2610 3525 3414 3677 5111 4220 4010 6316 6315 6565
4124 11 2 1 1 3385 3615 3407 3639 6566 6373 5516 4165 5517 6567
4125 11 2 1 1 332 291 284 3437 936 925 934 5281 6301 4394
4126 11 2 1 1 1212 305 343 1276 6189 1022 6452 2399 6568 6450
4127 11 2 1 1 3359 3452 3475 3602 5271 6050 6065 4671 4803 6051
4128 11 2 1 1 248 246 249 3430 750 752 751 6219 6569 4087
4129 11 2 1 1 1282 1179 1181 3533 2278 2276 2279 3786 4782 4929
4130 11 2 1 1 1193 3473 1280 3531 4842 6125 2330 4843 6570 4034
4131 11 2 1 1 3368 3447 3490 3634 6571 5141 6261 6572 6217 6216
4132 11 2 1 1 1280 3473 3514 3531 6125 5751 5724 6570 5750 4034
4133 11 2 1 1 3360 3539 3400 3695 5328 6563 4115 5975 5977 6573
4134 11 2 1 1 328 3483 4 3618 5980 6202 5795 6362 6364 6574
4135 11 2 1 1 1318 2598 1338 3588 6575 6292 1846 6576 6294 6293
4136 11 2 1 1 3418 1189 3514 3531 6112 6113 4532 5363 5750 6438
4137 11 2 1 1 1204 3495 3585 3617 6169 5492 6557 6559 6561 6577
4138 11 2 1 1 3412 3599 3388 3656 5574 5192 5565 6540 6539 6578
4139 11 2 1 1 366 1288 303 3583 6579 4250 857 6580 4252 4254
4140 11 2 1 1 3397 3484 3576 3607 4425 4491 4492 5705 4852 6556
4141 11 2 1 1 2540 3512 2542 3581 5340 5137 3060 6581 5140 5139
4142 11 2 1 1 2548 3454 2648 3681 4535 6134 3068 6582 6306 6392
4143 11 2 1 1 2534 3504 2616 3623 6583 5610 3029 6584 6114 6027
4144 11 2 1 1 1109 1099 1388 3483 1897 1422 1900 5287 5289 6585
4145 11 2 1 1 1195 3436 1301 3671 6010 3699 2356 6586 4922 4451
4146 11 2 1 1 3383 3483 3435 3649 4677 3720 4144 4146 4113 6484
4147 11 2 1 1 2574 2581 3540 3551 3215 5803 6078 6080 4855 6332
4148 11 2 1 1 1160 1158 1161 3505 2177 2179 2178 5320 5322 4597
4149 11 2 1 1 3410 3536 235 3663 4627 3712 4626 6378 6377 4403
4150 11 2 1 1 1295 1370 1240 3470 1915 2459 2462 6305 5151 4736
4151 11 2 1 1 271 273 344 3518 868 871 870 5735 4082 6126
4152 11 2 1 1 1168 1251 1259 3568 2226 2228 2213 6253 6469 4747
4153 11 2 1 1 3458 3523 3371 3528 6379 6587 6588 5481 6019 6380
4154 11 2 1 1 2607 3502 3464 3565 5469 4417 5468 5549 5674 6589
4155 11 2 1 1 1271 3427 1226 3659 6389 4561 2096 6336 6523 5960
4156 11 2 1 1 3359 3475 3452 3613 6065 6050 5271 5384 5097 6590
4157 11 2 1 1 3427 3659 2618 3686 5960 6493 5445 4564 5446 6524
4158 11 2 1 1 3379 3409 3555 3644 6182 5584 6436 6591 6592 6425
4159 11 2 1 1 282 3524 284 3684 6593 6330 922 6594 6506 6507
4160 11 2 1 1 2536 3466 2537 3592 5823 6552 3035 5824 6327 5235
4161 11 2 1 1 3444 3674 3563 3676 6595 6385 6176 5837 6386 6340
4162 11 2 1 1 266 3550 3456 3660 4697 3973 4423 6422 6421 5637
4163 11 2 1 1 3440 3510 3373 3552 5914 6596 4639 5571 4294 5917
4164 11 2 1 1 3461 3555 1232 3586 6015 6014 6016 6597 6499 4399
4165 11 2 1 1 1099 3483 1109 3667 6585 5287 1897 6598 6599 6487
4166 11 2 1 1 3461 3555 3379 3584 6015 6436 3778 5580 6423 6018
4167 11 2 1 1 294 275 3571 3641 888 5521 6391 6600 5356 6172
4168 11 2 1 1 1158 1161 3505 3563 2179 5322 4597 6510 6511 6601
4169 11 2 1 1 1342 1267 2627 3478 2486 6322 6357 6358 6320 6321
4170 11 2 1 1 1099 5 3483 3667 1419 6485 6585 6598 6487 6486
4171 11 2 1 1 1258 1123 1206 3509 2006 1998 2007 5544 6535 5545
4172 11 2 1 1 3412 3569 3423 3656 4993 5746 6602 6540 6509 6603
4173 11 2 1 1 1290 2593 2656 1242 4159 3147 6604 1840 5964 5965
4174 11 2 1 1 3366 3538 3446 3669 5398 5928 6235 5225 6605 6549
4175 11 2 1 1 1191 3472 2599 3606 6606 6607 6608 6609 6610 6611
4176 11 2 1 1 1182 1181 1180 3587 2281 2277 2282 5114 6562 4895
4177 11 2 1 1 3368 3490 3612 3634 6261 5476 6034 6572 6612 6217
4178 11 2 1 1 3412 3569 230 3590 4993 6068 6067 3775 6424 5500
4179 11 2 1 1 3455 3564 3559 3651 6334 6492 5963 4495 6613 6614
4180 11 2 1 1 3390 3622 3526 3662 5005 3919 5003 6615 5312 5314
4181 11 2 1 1 254 256 267 3638 789 792 791 5935 5952 6279
4182 11 2 1 1 1245 1149 3573 3580 2121 6317 4455 5537 5258 6616
4183 11 2 1 1 3439 3501 3394 3698 5811 5206 5902 5737 6480 5268
4184 11 2 1 1 3430 3526 246 3662 4088 4078 4087 5676 6617 5312
4185 11 2 1 1 239 3471 241 3630 5506 3916 715 5507 5988 5049
4186 11 2 1 1 1279 1176 3487 3611 2091 6618 4611 6619 6620 6621
4187 11 2 1 1 3478 3497 3379 3610 4200 5483 6181 4566 5485 4364
4188 11 2 1 1 3437 3384 3564 3684 5938 5656 4615 4275 6110 6109
4189 11 2 1 1 5 3586 3649 3667 6622 5617 6483 6486 6488 6623
4190 11 2 1 1 1338 2599 1191 3472 6624 6608 2273 6291 6606 6607
4191 11 2 1 1 1313 3530 1210 3628 6408 6537 2412 6409 6625 6043
4192 11 2 1 1 230 316 361 3412 658 672 671 6067 4992 3745
4193 11 2 1 1 1134 3429 1136 3552 6626 6174 2059 6627 6628 3880
4194 11 2 1 1 3360 3399 3522 3534 6629 3926 5298 4487 4002 4001
4195 11 2 1 1 3431 3584 3434 3591 5579 6311 6443 4718 6312 6300
4196 11 2 1 1 3360 3522 3399 3542 5298 3926 6629 6117 5843 6630
4197 11 2 1 1 1279 3487 3564 3611 4611 4616 4614 6619 4729 6620
4198 11 2 1 1 1246 1159 1160 3505 2181 2176 2182 6085 5320 4687
4199 11 2 1 1 1280 3473 1281 3557 6125 6063 2347 5725 6631 4558
4200 11 2 1 1 1238 3530 3408 3628 5540 4259 4692 6632 6044 6043
4201 11 2 1 1 3404 3592 3466 3655 4971 5235 6633 4732 5726 6411
4202 11 2 1 1 3412 3423 3599 3656 6602 6528 5574 6540 6578 6509
4203 11 2 1 1 3449 3566 3440 3685 3977 6128 4538 4019 4539 5973
4204 11 2 1 1 3590 3599 3423 3694 6634 6528 5747 6635 6532 6531
4205 11 2 1 1 3509 3518 3387 3635 4083 6636 6337 5703 5310 5736
4206 11 2 1 1 1174 1170 1217 3599 2235 2237 2236 6529 6637 6638
4207 11 2 1 1 388 340 303 3604 1014 827 1015 5739 5274 6041
4208 11 2 1 1 3359 3401 3515 3602 5836 4706 4669 4671 4673 5896
4209 11 2 1 1 2632 3409 2633 3648 4484 6639 3257 6232 5885 5438
4210 11 2 1 1 3386 3476 3543 3603 4863 4472 6494 6640 5563 5562
4211 11 2 1 1 3367 3443 3498 3554 4745 4147 5189 4269 5024 5243
4212 11 2 1 1 3408 3380 3470 3619 6285 5158 6641 5012 6642 6286
4213 11 2 1 1 1128 3434 1263 3584 6310 6643 2030 6297 6644 6311
4214 11 2 1 1 3372 3594 3406 3633 4366 5125 5198 5362 5220 6645
4215 11 2 1 1 3408 3470 3380 3514 6641 5158 6285 4381 6433 4634
4216 11 2 1 1 3524 3548 3437 3684 5603 5602 5407 6507 4275 6227
4217 11 2 1 1 1279 3437 1145 3564 4613 6193 2101 4614 6333 4615
4218 11 2 1 1 2622 2579 3517 3658 3231 5694 5685 6098 6099 6646
4219 11 2 1 1 3381 3491 3442 3697 5249 4245 5248 6209 6647 6648
4220 11 2 1 1 351 300 289 3474 961 960 941 6203 5409 4015
4221 11 2 1 1 3381 3460 3491 3697 6344 4766 5249 6209 6648 4510
4222 11 2 1 1 2650 3420 3658 3691 5708 3816 6649 6107 6650 4575
4223 11 2 1 1 3399 3534 3360 3542 4001 4487 6629 5843 6117 6651
4224 11 2 1 1 249 3538 254 3596 6652 5878 760 6653 5934 5983
4225 11 2 1 1 3489 3508 3361 3626 5145 4772 6654 5001 4822 5745
4226 11 2 1 1 3364 3486 3450 3529 4777 6184 5159 3785 6185 5682
4227 11 2 1 1 1188 1187 1185 3418 2308 2307 2309 6263 6476 4533
4228 11 2 1 1 3426 3542 3399 3687 4998 5843 6500 4302 6503 4999
4229 11 2 1 1 2650 3658 2613 3691 6649 6655 2983 6107 6656 6650
4230 11 2 1 1 300 360 3453 3536 976 5800 3852 4401 4402 6657
4231 11 2 1 1 3371 3613 3462 3656 5350 5096 4058 6177 6178 6658
4232 11 2 1 1 233 232 231 3528 674 667 675 4962 4964 5693
4233 11 2 1 1 1353 1205 1201 3456 2379 2294 2380 4354 6282 4422
4234 11 2 1 1 2515 2606 2517 3606 2937 2936 2935 4052 4054 5908
4235 11 2 1 1 2557 2544 2546 3510 3081 3079 3082 6095 6659 6003
4236 11 2 1 1 341 3485 3415 3631 6102 4519 5599 6449 4951 3901
4237 11 2 1 1 3428 3461 3383 3586 4246 4689 4725 4203 4726 6597
4238 11 2 1 1 3375 3416 3519 3621 5510 5511 5512 6057 6471 6055
4239 11 2 1 1 388 303 1288 1287 1015 4250 6660 5738 2368 4251
4240 11 2 1 1 3412 3368 3612 3674 6033 6034 5566 5567 5381 6339
4241 11 2 1 1 2621 3440 2593 3689 6496 4160 3117 6661 4164 4163
4242 11 2 1 1 3386 3480 3476 3603 4864 4228 4863 6640 5562 5729
4243 11 2 1 1 1150 3422 1148 3573 6662 6663 2127 6664 6665 4680
4244 11 2 1 1 3390 3553 3471 3622 6371 4604 5004 5005 3918 6207
4245 11 2 1 1 3438 3382 3513 3529 6104 5072 4783 4785 4694 5683
4246 11 2 1 1 2591 2679 2645 3530 3297 3299 3246 6440 6303 6407
4247 11 2 1 1 1301 389 1300 3544 6666 6667 1761 3702 6668 6669
4248 11 2 1 1 249 248 3430 3596 751 6219 6569 6653 4645 6670
4249 11 2 1 1 1215 3507 2660 3624 6671 5421 6672 6673 6674 5582
4250 11 2 1 1 303 3446 261 3583 4760 5925 825 4252 6675 4761
4251 11 2 1 1 3431 3577 3434 3584 3772 6352 6443 5579 6311 6519
4252 11 2 1 1 3370 3524 3405 3559 5043 5086 6155 5962 5768 5605
4253 11 2 1 1 1242 2656 2624 3494 5964 2859 6546 5966 6167 5967
4254 11 2 1 1 2633 2632 2581 3409 3257 3216 3258 6639 5802 4484
4255 11 2 1 1 277 341 356 3631 887 902 901 3886 3888 6449
4256 11 2 1 1 326 325 341 3631 740 1039 877 6448 6449 5923
4257 11 2 1 1 3365 3513 3410 3697 4909 3842 5172 6676 4529 4511
4258 11 2 1 1 3483 3638 1109 3667 5332 5333 5287 6487 6599 6677
4259 11 2 1 1 3362 3413 3561 3594 5953 4969 6040 5180 6678 4365
4260 11 2 1 1 2569 2567 2646 3419 3189 3191 3190 4540 6679 4776
4261 11 2 1 1 3475 3634 3519 3693 6288 6289 5513 6030 6045 6680
4262 11 2 1 1 1158 3563 3421 3627 6510 5780 4596 6681 5577 5782
4263 11 2 1 1 3414 3520 3502 3601 4011 4418 4468 5377 6682 5378
4264 11 2 1 1 2650 2590 2613 3658 3266 3293 2983 6649 6655 6683
4265 11 2 1 1 1135 1163 3440 3689 2056 5900 5915 6115 4163 5901
4266 11 2 1 1 1391 2619 1086 3686 6684 6685 1827 6686 6687 6688
4267 11 2 1 1 1205 1182 3456 3550 2293 3974 4422 4696 3973 3828
4268 11 2 1 1 2605 3464 2586 3598 3811 4416 3280 3813 4937 3814
4269 11 2 1 1 1147 1144 3576 3645 2109 6368 5547 5427 5548 6369
4270 11 2 1 1 3492 3532 3377 3666 5552 5922 4546 5762 6689 5763
4271 11 2 1 1 3366 3535 3446 3538 4640 6234 6235 5398 5928 6547
4272 11 2 1 1 1167 1165 1166 3519 2209 2197 2210 4931 4138 5942
4273 11 2 1 1 1174 3599 1217 3694 6529 6637 2236 6530 6690 6531
4274 11 2 1 1 3461 3535 3411 3667 4641 4642 4265 5852 5851 6349
4275 11 2 1 1 1114 1265 1112 3535 1952 1951 1949 5919 5472 4814
4276 11 2 1 1 1134 1284 1136 3429 2061 2060 2059 6626 6174 5374
4277 11 2 1 1 1337 3473 1281 3649 4559 6063 1817 5616 6064 4112
4278 11 2 1 1 1247 3432 1202 3558 4917 3859 1992 4920 6218 4921
4279 11 2 1 1 3376 3467 3512 3581 4537 4325 4207 6691 5139 5138
4280 11 2 1 1 3408 3514 3380 3562 4381 6433 6285 4132 4314 5752
4281 11 2 1 1 1240 3470 1190 3514 5151 6273 2334 5152 5162 4634
4282 11 2 1 1 3425 3367 3541 3556 5261 3874 5804 5461 5808 5753
4283 11 2 1 1 263 253 346 3441 787 779 788 6231 3936 6271
4284 11 2 1 1 3577 3579 3434 3610 6456 5594 6352 6457 6463 4890
4285 11 2 1 1 1163 1244 1133 3440 2057 2046 2055 5900 4482 4064
4286 11 2 1 1 2550 3449 2617 3623 4970 3751 3058 6692 3780 3782
4287 11 2 1 1 3377 3424 3533 3593 3891 3788 4968 4846 6693 4847
4288 11 2 1 1 3370 3437 3524 3559 5122 5407 5043 5962 5605 5604
4289 11 2 1 1 2620 2544 2557 3427 3053 3081 3083 3993 5957 4094
4290 11 2 1 1 1233 3484 1369 3673 6694 4823 1767 6695 6259 5758
4291 11 2 1 1 3399 3522 3543 3687 3926 6455 4924 6503 6502 6696
4292 11 2 1 1 2603 1273 3510 3689 6697 6698 6699 6700 6116 6701
4293 11 2 1 1 1116 1128 1114 3431 1961 1960 1958 3946 5918 6298
4294 11 2 1 1 3386 3543 3522 3687 6494 6455 5533 4304 6696 6502
4295 11 2 1 1 1147 1144 1146 3576 2109 2107 2110 5547 6248 6368
4296 11 2 1 1 3386 3543 3426 3658 6494 6501 3726 3815 3817 6702
4297 11 2 1 1 3463 3612 3368 3674 5380 6034 6703 4662 6339 5381
4298 11 2 1 1 1174 1170 3599 3692 2235 6638 6529 6704 6200 6705
4299 11 2 1 1 1217 3599 3590 3694 6637 6634 6706 6690 6635 6531
4300 11 2 1 1 3362 3407 3639 3640 5609 5517 6490 5754 5767 5755
4301 11 2 1 1 303 340 261 3446 827 798 825 4760 5925 5948
4302 11 2 1 1 3367 3570 3457 3668 5727 5719 4268 5402 6707 6347
4303 11 2 1 1 2569 3419 2646 3680 4540 6679 3190 4545 6708 4543
4304 11 2 1 1 1396 3555 1232 3584 6709 6014 1885 6710 6017 6018
4305 11 2 1 1 3464 3565 3375 3621 5674 5659 5910 6445 6057 6056
4306 11 2 1 1 1196 3544 3444 3627 5890 4293 5889 6518 4409 5143
4307 11 2 1 1 2608 3414 3502 3637 4466 4468 4469 6711 6712 6713
4308 11 2 1 1 393 333 332 3580 635 968 1044 6454 5282 4555
4309 11 2 1 1 3550 3600 3393 3660 5634 4449 4499 5637 6714 5638
4310 11 2 1 1 3371 3657 3458 3660 6387 6715 6588 6716 6474 6717
4311 11 2 1 1 1213 1378 1130 3425 2042 2041 2033 5449 5451 5806
4312 11 2 1 1 282 3548 3524 3684 6718 5603 6593 6594 6507 6227
4313 11 2 1 1 1137 3510 1135 3552 6143 5913 2063 6512 5916 5917
4314 11 2 1 1 3419 3374 3577 3579 5062 5892 5891 4882 6456 5430
4315 11 2 1 1 3371 3660 3458 3672 6716 6474 6588 5668 5819 6719
4316 11 2 1 1 1284 1235 3433 3571 2260 5028 5372 6720 5026 5027
4317 11 2 1 1 2624 3494 2558 3495 6167 6721 3145 6170 6722 5202
4318 11 2 1 1 3367 3481 3554 3570 3872 5245 4269 5727 5718 6346
4319 11 2 1 1 249 3430 3538 3596 6569 5400 6652 6653 5983 4645
4320 11 2 1 1 3373 3510 3427 3549 6596 6002 4176 4390 4770 6141
4321 11 2 1 1 2621 2545 3440 3689 3085 6129 6496 6661 4163 6307
4322 11 2 1 1 2535 2530 3592 3679 3011 6723 5773 5775 4974 6724
4323 11 2 1 1 3455 3403 3564 3651 4565 4728 6334 4495 6614 3825
4324 11 2 1 1 3432 3495 2561 3652 3983 6270 6150 6725 6726 4788
4325 11 2 1 1 3377 3416 3492 3666 5929 5930 4546 6689 5762 5826
4326 11 2 1 1 3376 3626 3454 3681 6427 4370 6727 6415 6392 6428
4327 11 2 1 1 1111 3638 3411 3667 6728 5936 6059 6444 5851 6677
4328 11 2 1 1 1174 3599 3423 3692 6529 6528 6527 6704 5854 6200
4329 11 2 1 1 3411 3596 3483 3638 4643 4107 6729 5936 5332 5937
4330 11 2 1 1 2622 2579 2575 3619 3231 3230 3219 5686 6730 5695
4331 11 2 1 1 3436 3544 3392 3614 3704 5277 4411 4414 4413 5118
4332 11 2 1 1 2542 3467 2547 3673 5136 5765 3061 6130 6731 5756
4333 11 2 1 1 1237 3571 1378 3641 5352 5822 2263 5355 6732 5356
4334 11 2 1 1 252 3547 3435 3605 6246 4513 6245 6367 4809 5573
4335 11 2 1 1 305 344 395 3509 872 1024 1023 6190 4079 4080
4336 11 2 1 1 2589 2642 2614 3543 3211 3020 3290 5897 4836 4473
4337 11 2 1 1 3373 3427 3510 3566 4176 6002 6596 5715 6022 3911
4338 11 2 1 1 3409 3379 3497 3644 6182 5483 4486 6425 6733 6591
4339 11 2 1 1 1378 3571 3425 3641 5822 5520 5806 6732 6171 5356
4340 11 2 1 1 3362 3498 3443 3554 5022 4147 5954 5023 5243 5024
4341 11 2 1 1 2546 3510 2545 3689 6659 6153 3080 6734 6307 6116
4342 11 2 1 1 1202 3477 1200 3558 3932 6735 1990 6218 6736 6072
4343 11 2 1 1 1162 3463 1165 3621 6394 5941 2196 6395 6737 6396
4344 11 2 1 1 229 3528 3423 3569 5305 5306 5303 5497 5746 5696
4345 11 2 1 1 3360 3450 3438 3687 4116 6103 6111 6738 6739 5161
4346 11 2 1 1 3386 3426 3543 3687 3726 6501 6494 4304 6502 4302
4347 11 2 1 1 1240 1190 3470 3628 2334 6273 5151 6740 5107 6274
4348 11 2 1 1 1168 3416 3519 3575 6252 5511 6251 6741 6742 6743
4349 11 2 1 1 3420 2650 3532 3691 5708 5709 5710 4575 5555 6107
4350 11 2 1 1 3428 3555 3409 3644 4398 5584 6517 4464 6425 6592
4351 11 2 1 1 1204 3494 3495 3617 6166 5202 6169 6559 6577 4691
4352 11 2 1 1 236 318 3500 3597 688 5443 4853 4854 3820 6284
4353 11 2 1 1 3413 3506 3389 3561 3715 3735 3734 4969 4723 4588
4354 11 2 1 1 1168 1250 1251 3416 2224 2227 2226 6252 6036 6431
4355 11 2 1 1 2556 2555 3507 3598 3128 5528 5420 5422 4659 5002
4356 11 2 1 1 3401 3515 3480 3677 4706 5655 6087 4707 6158 4708
4357 11 2 1 1 334 1229 405 3487 4041 6744 1053 4043 6745 4042
4358 11 2 1 1 1278 3412 1257 3590 5792 3746 2218 6746 3776 3775
4359 11 2 1 1 1132 1133 3417 3541 2044 4481 6515 6514 3898 6747
4360 11 2 1 1 1225 1211 1216 3624 2146 1834 2416 4427 4130 5932
4361 11 2 1 1 1247 3558 1120 3698 4920 6748 1988 5672 6749 5673
4362 11 2 1 1 1098 3605 3618 3649 6750 6751 6752 6753 6754 6755
4363 11 2 1 1 1245 1146 1145 3455 2112 2108 2113 4452 6194 5057
4364 11 2 1 1 405 1229 1228 3487 6744 1771 6756 6745 6757 4042
4365 11 2 1 1 3428 3557 3380 3644 4396 4797 4713 4464 5687 6426
4366 11 2 1 1 3384 3559 3437 3564 5940 5604 5938 5656 4615 6492
4367 11 2 1 1 3392 3544 3436 3671 5277 3704 4411 4285 4451 4923
4368 11 2 1 1 1171 3462 3575 3678 6758 4332 6759 6760 6761 5835
4369 11 2 1 1 1284 3429 1134 3541 5374 6626 2061 5375 6762 3875
4370 11 2 1 1 3445 3491 3361 3560 4765 4530 4996 6416 4712 4711
4371 11 2 1 1 1158 3421 1156 3627 4596 5134 2167 6681 6763 5577
4372 11 2 1 1 3422 1148 3573 3576 6663 6665 4680 4405 5564 6764
4373 11 2 1 1 2530 3459 3592 3679 6765 4972 6723 6724 4974 4973
4374 11 2 1 1 1221 330 373 1301 5070 1043 6550 1757 6766 3701
4375 11 2 1 1 2608 2526 2610 3677 2978 2992 2991 6314 6316 6767
4376 11 2 1 1 3510 3549 3373 3552 6141 4390 6596 5917 4294 6513
4377 11 2 1 1 3379 3434 3584 3610 6462 6311 6423 5485 6768 6463
4378 11 2 1 1 3384 3564 3403 3651 5656 4728 4904 4952 3825 6614
4379 11 2 1 1 281 3405 3548 3629 5396 5531 5529 6090 6769 5150
4380 11 2 1 1 308 307 298 3545 996 980 997 5632 6281 4593
4381 11 2 1 1 1318 1338 1199 3588 1846 2275 2372 6576 6770 6294
4382 11 2 1 1 2641 3449 3537 3685 6771 4037 6772 6773 3837 4019
4383 11 2 1 1 3409 3551 2633 3648 4856 6074 6639 5438 5885 5121
4384 11 2 1 1 2545 2551 3440 3685 3086 6046 6129 5974 4539 6047
4385 11 2 1 1 3464 3568 3565 3621 5464 5429 5674 6445 6056 6326
4386 11 2 1 1 253 3441 263 3600 6271 6231 787 6774 6775 4276
4387 11 2 1 1 294 3571 362 3641 6391 5351 891 6600 5354 5356
4388 11 2 1 1 3362 3553 3413 3594 5020 4518 5953 5180 4365 6042
4389 11 2 1 1 1167 3519 3599 3678 4931 4143 4932 6776 5834 6777
4390 11 2 1 1 289 285 351 3474 940 929 941 5409 6203 6778
4391 11 2 1 1 2628 2629 3478 3648 3335 6359 6779 6780 6233 6781
4392 11 2 1 1 1134 3541 3429 3552 6762 3875 6626 6627 3880 4632
4393 11 2 1 1 1372 1302 2630 3595 1907 6221 6782 6783 6222 6223
4394 11 2 1 1 351 3474 285 3524 6203 6778 929 6784 5418 6156
4395 11 2 1 1 3470 3619 2577 3628 6642 5997 6785 5107 6000 5999
4396 11 2 1 1 3364 3420 3517 3593 3784 5311 3920 5465 6249 5466
4397 11 2 1 1 1159 1246 1223 3598 2181 2184 2183 4879 4595 5704
4398 11 2 1 1 2553 2554 2549 3624 3105 3104 3076 4800 6023 6786
4399 11 2 1 1 3371 3456 3660 3672 5904 6421 6716 5668 6719 5996
4400 11 2 1 1 242 3629 356 3631 3765 4407 732 3801 3888 3802
4401 11 2 1 1 1171 3462 1172 3575 6758 6538 2232 6759 5415 4332
4402 11 2 1 1 1183 1181 1182 3572 2286 2281 2287 4158 3827 4928
4403 11 2 1 1 1118 1116 3439 3591 1968 3944 6787 6788 4720 4719
4404 11 2 1 1 3459 3480 3378 3679 4227 4526 4432 4973 6789 6384
4405 11 2 1 1 1232 1112 1265 3461 1943 1951 1953 6016 4812 5471
4406 11 2 1 1 3370 3479 3489 3560 4283 4368 3942 6164 6418 6417
4407 11 2 1 1 3373 3508 3466 3655 4178 4179 4177 4628 5726 4733
4408 11 2 1 1 242 355 356 3629 729 733 732 3765 4407 5404
4409 11 2 1 1 3405 3559 3548 3570 5768 5606 5531 4888 6790 5870
4410 11 2 1 1 3411 3446 3535 3538 6791 6234 4642 5399 6547 5928
4411 11 2 1 1 282 283 3524 3548 917 5085 6593 6718 5603 5530
4412 11 2 1 1 362 294 350 3571 891 984 586 5351 5830 6391
4413 11 2 1 1 1168 1169 3575 3678 2219 6792 6741 6793 6761 6794
4414 11 2 1 1 2588 3532 3472 3588 6399 6196 6398 6795 6295 6239
4415 11 2 1 1 2621 2546 2545 3689 3084 3080 3085 6661 6307 6734
4416 11 2 1 1 248 3516 3430 3596 6220 4086 6219 6670 4645 4109
4417 11 2 1 1 3511 3582 3374 3615 5174 4601 5168 6020 5945 6402
4418 11 2 1 1 2550 3449 2641 3685 4970 6771 3112 5972 6773 4019
4419 11 2 1 1 285 3474 289 3614 6778 5409 940 5697 5629 4902
4420 11 2 1 1 1120 1247 1202 3558 1988 1992 1991 6748 6218 4920
4421 11 2 1 1 3394 3496 3465 3521 4945 5482 5223 4947 6796 4946
4422 11 2 1 1 1300 389 353 3544 6667 1009 6797 6668 6798 6669
4423 11 2 1 1 1195 1301 1274 3671 2356 2357 2141 6586 6799 4922
4424 11 2 1 1 299 351 283 3608 931 930 919 5410 5088 6204
4425 11 2 1 1 357 300 351 3608 1004 961 1002 5600 6204 3851
4426 11 2 1 1 2530 3459 2533 3592 6765 5978 3009 6723 6800 4972
4427 11 2 1 1 3418 3572 3393 3642 4976 4498 6801 4978 4184 4781
4428 11 2 1 1 1196 1155 1197 3544 2162 2164 2163 5890 6137 5093
4429 11 2 1 1 1316 3441 1194 3675 3796 6802 2343 5153 6803 5154
4430 11 2 1 1 237 322 236 3597 700 699 694 3818 4854 5212
4431 11 2 1 1 1131 1132 1133 3417 2038 2044 2043 5585 4481 6515
4432 11 2 1 1 236 320 318 3597 702 701 688 4854 6284 5720
4433 11 2 1 1 1201 3574 3456 3587 6283 4358 6282 6804 5905 5865
4434 11 2 1 1 1178 3472 1172 3575 5858 6805 2244 4702 5415 5859
4435 11 2 1 1 3371 3456 3657 3660 5904 3975 6387 6716 6717 6421
4436 11 2 1 1 3381 3491 3445 3560 5249 4765 6404 5250 6416 4711
4437 11 2 1 1 2533 3504 2534 3623 5979 6583 3016 6806 6584 6027
4438 11 2 1 1 3408 3527 3402 3530 3924 3740 4346 4259 4175 5505
4439 11 2 1 1 261 3583 3446 3669 6675 4761 5925 6807 6605 6278
4440 11 2 1 1 3561 3594 3582 3639 6678 5233 6808 4061 6491 6809
4441 11 2 1 1 2554 2660 3507 3624 3131 5421 6504 6786 5582 6674
4442 11 2 1 1 3396 3523 3500 3528 3978 5349 3706 4963 5317 6380
4443 11 2 1 1 1116 1117 1118 3439 1963 1969 1968 3944 6787 6350
4444 11 2 1 1 2540 2538 2620 3512 3045 3052 3051 5340 3994 3864
4445 11 2 1 1 1207 1193 1192 3531 2340 2329 2341 5148 5149 4843
4446 11 2 1 1 3395 3507 3493 3520 4606 4607 4048 4338 5019 5568
4447 11 2 1 1 3455 3559 3489 3651 5963 6810 3943 4495 4497 6613
4448 11 2 1 1 326 3415 3521 3622 5524 5412 5526 6489 6811 6206
4449 11 2 1 1 3373 3510 3440 3566 6596 5914 4639 5715 6128 6022
4450 11 2 1 1 3409 3478 3379 3555 4485 6181 6182 5584 6436 6812
4451 11 2 1 1 2603 1273 1272 3510 6697 1776 6813 6699 6814 6698
4452 11 2 1 1 2598 2588 3472 3588 3287 6398 6290 6293 6295 6795
4453 11 2 1 1 2528 2647 3543 3603 3001 6815 5559 5561 5563 6816
4454 11 2 1 1 2633 3409 2581 3551 6639 5802 3258 6074 6332 4856
4455 11 2 1 1 2530 2531 2533 3459 3004 3010 3009 6765 5978 4649
4456 11 2 1 1 251 250 3547 3683 757 5848 6817 6818 6467 6466
4457 11 2 1 1 3374 3511 3477 3579 5168 5625 6021 5430 5597 5664
4458 11 2 1 1 3382 3486 3458 3523 5163 4226 5501 5681 6379 5680
4459 11 2 1 1 3374 3477 3434 3579 6021 5595 6353 5430 5594 5597
4460 11 2 1 1 1308 1144 1147 3645 2103 2109 2111 5821 5427 6369
4461 11 2 1 1 3493 3507 3397 3520 4607 5337 4350 5019 4385 5568
4462 11 2 1 1 3470 3514 3408 3628 4634 4381 6641 5107 6044 6275
4463 11 2 1 1 1132 1378 3541 3556 2040 5805 6514 6516 5808 5807
4464 11 2 1 1 2572 2632 2570 3497 3205 3204 3202 5209 3951 3950
4465 11 2 1 1 3365 3410 3630 3697 5172 4090 6211 6676 6819 4529
4466 11 2 1 1 1171 3575 1172 3678 6759 5415 2232 6760 6820 6761
4467 11 2 1 1 300 357 323 3663 1004 712 1003 3854 6268 5601
4468 11 2 1 1 2535 3525 2612 3679 5774 6821 3013 5775 6822 5264
4469 11 2 1 1 297 360 3499 3676 974 6149 6823 5981 5229 5982
4470 11 2 1 1 3442 3365 3471 3630 4374 4393 3763 5047 5049 6211
4471 11 2 1 1 3414 3378 3525 3578 6447 4768 4220 4218 4219 4767
4472 11 2 1 1 3384 3548 3559 3570 5939 5606 5940 6824 5870 6790
4473 11 2 1 1 3450 3486 3364 3642 6184 4777 5159 4763 4780 4186
4474 11 2 1 1 3465 3521 3496 3647 6796 4946 5482 6825 5177 5413
4475 11 2 1 1 3362 3561 3443 3639 6040 4392 5954 6490 4166 4061
4476 11 2 1 1 3421 3392 3567 3627 6435 5213 4819 5577 5144 4195
4477 11 2 1 1 279 3548 3457 3629 6826 6827 4515 4817 4408 6769
4478 11 2 1 1 3434 3577 3374 3579 6352 5892 6353 5594 5430 6456
4479 11 2 1 1 2646 3419 2567 3643 6679 4776 3191 6828 6829 5066
4480 11 2 1 1 1128 3431 1116 3591 6298 3946 1961 6299 4719 4718
4481 11 2 1 1 3368 3490 3453 3499 6261 5075 4100 6032 6148 6830
4482 11 2 1 1 3376 3484 3467 3581 5956 5425 4537 6691 5138 5749
4483 11 2 1 1 1195 1208 1221 3580 2134 2355 2354 6105 6106 6831
4484 11 2 1 1 3397 3422 3493 3607 4347 4352 4350 5705 6092 4387
4485 11 2 1 1 255 254 249 3538 764 760 765 5877 6652 5878
4486 11 2 1 1 322 237 240 3448 700 706 708 5211 4665 3791
4487 11 2 1 1 3405 3370 3559 3560 6155 5962 5768 4710 5770 6164
4488 11 2 1 1 1096 1293 1232 3586 1434 1883 1882 6498 6499 6832
4489 11 2 1 1 2565 2566 2584 3696 3173 3179 3178 6119 6833 6230
4490 11 2 1 1 253 3547 3441 3600 6272 4514 6271 6774 4276 6834
4491 11 2 1 1 3371 3458 3486 3523 6588 4226 5734 6587 5680 6379
4492 11 2 1 1 3412 3590 1278 3599 3775 6746 5792 5574 5793 6634
4493 11 2 1 1 1284 1139 3429 3611 2072 5640 5374 6007 4906 4954
4494 11 2 1 1 269 270 3509 3521 830 6430 6083 5776 5700 6136
4495 11 2 1 1 3395 3421 3505 3601 3844 3849 3847 6139 6835 5861
4496 11 2 1 1 325 241 242 3471 724 716 725 5618 3762 3916
4497 11 2 1 1 3417 3541 3367 3556 3898 3874 3935 6011 5753 5808
4498 11 2 1 1 1173 1172 1171 3462 2239 2232 2240 4331 6758 6538
4499 11 2 1 1 284 3437 291 3684 6301 4394 925 6506 4395 4275
4500 11 2 1 1 246 249 3430 3662 752 6569 4087 6617 5676 6836
4501 11 2 1 1 3463 3519 1165 3621 4139 5942 5941 6396 6737 6471
4502 11 2 1 1 3381 3445 3460 3650 6404 4741 6344 5077 4829 6837
4503 11 2 1 1 1168 3575 3519 3678 6741 6742 6251 6793 6777 6761
4504 11 2 1 1 3366 3496 3439 3616 4956 4617 5033 3986 4875 4884
4505 11 2 1 1 3497 3540 3409 3644 5621 4794 4486 6733 6425 5785
4506 11 2 1 1 2563 3511 3432 3652 5624 5920 5389 6838 6725 5055
4507 11 2 1 1 3365 3438 3469 3636 5405 6309 3961 4910 6839 5406
4508 11 2 1 1 3406 3582 3577 3633 5232 6403 4699 5220 5893 5175
4509 11 2 1 1 1162 3463 3563 3674 6394 6840 6841 6842 6385 4662
4510 11 2 1 1 286 3653 3487 3682 6843 6844 6845 6846 6847 6848
4511 11 2 1 1 3360 3438 3469 3522 6111 6309 5296 5298 5201 6461
4512 11 2 1 1 3366 3488 3430 3646 3984 4301 4320 5334 5675 5247
4513 11 2 1 1 242 325 3471 3631 725 5618 3762 3801 3803 5923
4514 11 2 1 1 2558 2624 2656 3494 3145 2859 3148 6721 5967 6167
4515 11 2 1 1 3361 3559 3489 3560 5769 6810 6654 4712 6418 5770
4516 11 2 1 1 3383 3435 3516 3690 4144 3723 4678 5641 6849 5259
4517 11 2 1 1 285 3524 3474 3614 5418 6156 6778 5697 4902 5698
4518 11 2 1 1 3480 3515 3401 3603 5655 4706 6087 5729 6089 6850
4519 11 2 1 1 405 3487 1228 3682 6745 6757 6756 6851 6852 6847
4520 11 2 1 1 3365 3553 3471 3665 4122 4604 4393 5992 6520 5993
4521 11 2 1 1 3450 3562 3369 3642 5160 4927 4581 4763 4280 6370
4522 11 2 1 1 3367 3429 3481 3668 3873 3805 3872 5402 5879 5881
4523 11 2 1 1 1280 3514 1189 3531 5724 6113 2327 6570 6438 5750
4524 11 2 1 1 2594 1215 2660 3624 6853 6672 3132 6854 6674 6673
4525 11 2 1 1 1245 3437 1305 3580 4454 4552 2408 5537 4554 4556
4526 11 2 1 1 3430 3488 3383 3695 4301 4300 4297 6855 6856 6857
4527 11 2 1 1 1148 1146 3573 3576 2118 5058 6665 6764 5564 6248
4528 11 2 1 1 3515 3602 3401 3603 4673 5896 4706 6850 6089 6858
4529 11 2 1 1 3400 3597 3468 3683 4007 5722 3760 4309 6859 4310
4530 11 2 1 1 3386 3529 3515 3602 3729 4693 5335 6191 4673 4695
4531 11 2 1 1 1130 3425 1378 3556 5451 5806 2041 5460 5807 5461
4532 11 2 1 1 3426 3619 2622 3654 5649 5686 5684 5888 6860 6861
4533 11 2 1 1 3398 3537 3504 3623 5539 5612 5611 5723 6027 4038
4534 11 2 1 1 3417 3541 1133 3552 3898 6747 4481 3879 5570 4632
4535 11 2 1 1 1136 3549 1137 3552 6175 6142 2064 6628 6512 6513
4536 11 2 1 1 271 269 270 3509 859 830 860 5699 6430 6083
4537 11 2 1 1 1142 3403 3564 3645 5883 4728 6069 6405 6862 4209
4538 11 2 1 1 3360 3469 3438 3636 5296 6309 6111 4156 5406 6839
4539 11 2 1 1 2529 2531 2530 3459 3005 3004 2997 5456 6765 4649
4540 11 2 1 1 3486 3572 3393 3657 4778 4498 4181 6388 4500 3831
4541 11 2 1 1 1284 1139 1136 3429 2072 2071 2060 5374 6174 5640
4542 11 2 1 1 3415 3521 3387 3635 5412 5411 5265 5614 5310 5662
4543 11 2 1 1 1168 1250 3416 3575 2224 6431 6252 6741 6743 6863
4544 11 2 1 1 271 270 272 3521 860 865 864 5701 5527 6136
4545 11 2 1 1 2520 3492 2521 3565 6123 5845 2955 5183 6864 6006
4546 11 2 1 1 1268 3632 3550 3675 5102 4774 5101 6865 5730 6866
4547 11 2 1 1 296 3456 3574 3672 5871 4358 6867 6868 5669 5996
4548 11 2 1 1 266 370 368 3550 840 624 851 4697 5841 6869
4549 11 2 1 1 2603 1272 2601 3510 6813 6870 3091 6699 6871 6814
4550 11 2 1 1 3393 3600 3550 3675 4449 5634 4499 6872 5730 5732
4551 11 2 1 1 368 370 1371 3550 624 6873 6365 5841 6366 6869
4552 11 2 1 1 3462 3613 3388 3656 5096 6874 5831 6178 6539 6658
4553 11 2 1 1 1175 3541 1378 3571 6875 5805 2052 6876 5822 5318
4554 11 2 1 1 3428 3473 3380 3557 4202 4377 4713 4396 4797 4558
4555 11 2 1 1 2624 2625 1348 3495 3311 6877 6878 6170 6879 6880
4556 11 2 1 1 1262 3434 1128 3591 6881 6310 2028 6882 6299 6312
4557 11 2 1 1 1205 1270 1182 3550 2295 2292 2293 4696 3828 4995
4558 11 2 1 1 228 3423 3574 3694 5626 5665 5933 6883 6884 6532
4559 11 2 1 1 300 323 360 3536 1003 693 976 4401 6657 6267
4560 11 2 1 1 3362 3582 3594 3639 5231 5233 5180 6490 6809 6491
4561 11 2 1 1 2550 2641 3449 3623 3112 6771 4970 6692 3782 6885
4562 11 2 1 1 3380 3542 3426 3562 4313 4998 5886 4314 4134 4315
4563 11 2 1 1 3457 3548 279 3653 6827 6826 4515 6886 6887 6888
4564 11 2 1 1 3445 3489 3361 3626 4525 6654 4996 4622 4822 5001
4565 11 2 1 1 280 279 3548 3653 904 6826 6889 6890 6888 6887
4566 11 2 1 1 1224 2660 1215 3507 5838 6672 2425 5839 6671 5421
4567 11 2 1 1 1202 1309 1358 2644 2384 1909 2375 4664 6429 5300
4568 11 2 1 1 2521 3565 3492 3637 6864 6006 5845 5816 5741 6237
4569 11 2 1 1 1342 3478 2629 3648 6358 6359 6356 6891 6781 6233
4570 11 2 1 1 2536 2538 2537 3466 3040 3039 3035 5823 6552 3861
4571 11 2 1 1 3405 3608 3442 3629 5089 5186 4242 5150 3766 5772
4572 11 2 1 1 318 320 359 3458 701 813 1038 5480 5006 5007
4573 11 2 1 1 3382 3500 3513 3523 4893 5714 5072 5681 3979 5349
4574 11 2 1 1 2591 2578 2580 3530 3244 3242 3245 6440 4296 4257
4575 11 2 1 1 2613 3658 3603 3691 6655 6892 6893 6656 6213 6650
4576 11 2 1 1 1240 3470 1311 3551 5151 4633 2460 6894 6374 4740
4577 11 2 1 1 1261 1262 1128 3591 2029 2028 1972 6895 6299 6882
4578 11 2 1 1 3363 3445 3479 3650 4523 4522 4441 6896 6897 6837
4579 11 2 1 1 2571 3654 3497 3680 6898 6899 6900 6901 4990 5991
4580 11 2 1 1 2529 2527 3480 3679 2994 6902 6381 6382 6384 6903
4581 11 2 1 1 2627 2628 2629 3478 3234 3335 3334 6320 6359 6779
4582 11 2 1 1 3570 3651 3384 3668 6345 4952 6824 6347 5882 5880
4583 11 2 1 1 1372 1262 1302 3595 2481 1810 1907 6783 6223 6904
4584 11 2 1 1 3454 3581 3376 3681 4536 6691 6727 6392 6415 6905
4585 11 2 1 1 3405 3548 3457 3570 5531 6827 6906 4888 5719 6790
4586 11 2 1 1 3362 3639 3498 3640 6490 4419 5022 5754 5657 5767
4587 11 2 1 1 1302 3595 1262 3696 6223 6904 1810 6224 6907 6225
4588 11 2 1 1 1152 3422 1150 3671 5221 6662 2138 6908 6909 4345
4589 11 2 1 1 3360 3503 3450 3542 4117 4118 4116 6117 5348 4312
4590 11 2 1 1 389 373 330 1301 582 1043 1005 6666 3701 6766
4591 11 2 1 1 1188 3418 1185 3632 6263 6476 2309 6910 6911 5324
4592 11 2 1 1 229 3423 228 3694 5303 5626 654 6912 6883 6532
4593 11 2 1 1 3390 3553 3469 3665 6371 4758 6372 6913 5994 5993
4594 11 2 1 1 3426 3540 3380 3619 6001 4793 5886 5649 6286 6914
4595 11 2 1 1 3476 3480 3459 3679 4228 4227 4229 6383 4973 6384
4596 11 2 1 1 1111 1112 1110 3667 1941 1940 1937 6444 6915 6348
4597 11 2 1 1 2533 2531 2534 3504 3010 3017 3016 5979 6583 4651
4598 11 2 1 1 2597 1283 2690 3588 6916 6186 3322 6465 6464 3992
4599 11 2 1 1 360 3499 3453 3536 6149 6148 5800 6657 4402 5671
4600 11 2 1 1 3430 3646 3539 3662 5675 5393 6917 5676 6918 5677
4601 11 2 1 1 2528 2529 2527 3480 2995 2994 2986 5728 6902 6381
4602 11 2 1 1 2545 2551 2621 3440 3086 3088 3085 6129 6496 6046
4603 11 2 1 1 1211 1151 1153 3624 2144 2142 2145 5932 5581 4762
4604 11 2 1 1 343 305 395 1276 1022 1023 617 6568 6919 6450
4605 11 2 1 1 1259 1165 3519 3621 2205 5942 6468 6470 6471 6737
4606 11 2 1 1 3363 3421 3601 3625 4820 5861 5376 4444 6920 4821
4607 11 2 1 1 354 3465 260 3662 6921 6922 822 6923 6924 5713
4608 11 2 1 1 2578 2575 2579 3619 3228 3230 3229 5011 5695 6730
4609 11 2 1 1 1210 3530 1238 3628 6537 5540 2315 6625 6632 6043
4610 11 2 1 1 2574 2637 2581 3551 3224 3226 3215 6080 6332 5950
4611 11 2 1 1 3453 3490 3381 3536 5075 5074 4360 4402 4981 6097
4612 11 2 1 1 307 293 298 3444 979 977 980 4288 6280 6925
4613 11 2 1 1 1318 1283 2597 3588 2373 6916 6926 6576 6465 3992
4614 11 2 1 1 2598 1318 2597 3588 6575 6926 3286 6293 6465 6576
4615 11 2 1 1 2558 3494 2559 3495 6721 5899 3118 6722 4327 5202
4616 11 2 1 1 1243 1204 1242 2624 2391 2389 2392 6927 6546 6168
4617 11 2 1 1 3398 3582 3511 3615 5435 5174 5050 6928 6020 6402
4618 11 2 1 1 1171 1172 1169 3678 2232 2231 2229 6760 6794 6820
4619 11 2 1 1 3458 3468 3382 3597 4224 3759 5501 5721 5642 5722
4620 11 2 1 1 3412 3612 3569 3656 5566 6929 4993 6540 6603 6541
4621 11 2 1 1 1284 3433 1177 3611 5372 6930 2086 6007 6931 6008
4622 11 2 1 1 3391 3570 3554 3688 5323 5718 4070 4125 5639 4889
4623 11 2 1 1 3445 3378 3460 3578 4621 4742 4741 5608 4825 4767
4624 11 2 1 1 3582 3594 3561 3633 5233 6678 6808 5175 6932 6645
4625 11 2 1 1 2593 2558 2656 3494 3116 3148 3147 4318 5967 6721
4626 11 2 1 1 1162 3563 1161 3674 6841 6601 2186 6842 6933 6385
4627 11 2 1 1 1193 1281 1280 3473 2348 2347 2330 4842 6125 6063
4628 11 2 1 1 2624 1348 1204 3495 6878 2387 6168 6170 6169 6879
4629 11 2 1 1 1287 3446 1113 3604 4759 6934 1957 5275 6060 5276
4630 11 2 1 1 3387 3509 3501 3664 6337 5316 5575 6257 5039 5598
4631 11 2 1 1 1286 1153 3493 3507 2152 4869 5394 5395 4607 5338
4632 11 2 1 1 1084 7 1294 3557 1430 1437 1439 5179 5503 5079
4633 11 2 1 1 3399 3534 3497 3680 4001 6075 6935 4926 4990 6545
4634 11 2 1 1 3412 3545 361 3676 3750 6250 4992 5228 5230 6936
4635 11 2 1 1 281 3548 279 3629 5529 6826 909 6090 4817 6769
4636 11 2 1 1 2571 3540 3497 3654 6937 5621 6900 6898 6899 5788
4637 11 2 1 1 1302 2631 2630 3696 6938 3275 6221 6224 6226 6939
4638 11 2 1 1 3409 3555 3428 3557 5584 4398 6517 4795 4396 4397
4639 11 2 1 1 250 257 252 3435 772 771 770 3821 6245 4438
4640 11 2 1 1 2554 2594 2660 3624 3123 3132 3131 6786 6674 6854
4641 11 2 1 1 3376 3508 3489 3626 4501 5145 4493 6427 5001 5745
4642 11 2 1 1 1267 2699 2627 3595 6542 3336 6322 6324 6323 6940
4643 11 2 1 1 354 260 327 3662 822 768 743 6923 6941 6924
4644 11 2 1 1 3386 3602 3515 3603 6191 4673 5335 6640 6850 6858
4645 11 2 1 1 3407 3615 3582 3639 6373 6402 4602 5517 6491 6567
4646 11 2 1 1 3359 3460 3513 3515 4824 4507 3869 4669 4670 5478
4647 11 2 1 1 1178 1191 1172 3472 2247 2246 2244 5858 6805 6606
4648 11 2 1 1 3418 1188 3531 3632 6263 6437 5363 5324 5364 6910
4649 11 2 1 1 227 229 228 3694 655 654 650 6942 6883 6912
4650 11 2 1 1 3398 3582 3561 3633 5435 6808 5651 5436 6932 5175
4651 11 2 1 1 301 353 389 3544 1007 1009 1006 6473 6669 6798
4652 11 2 1 1 296 265 266 3660 843 838 844 6420 6422 6013
4653 11 2 1 1 3387 3518 3509 3664 6636 4083 6337 6257 5598 5943
4654 11 2 1 1 3407 3501 3451 3640 4838 4571 5032 5755 5766 5207
4655 11 2 1 1 1249 3605 392 3618 6943 6944 6945 6946 6947 6751
4656 11 2 1 1 3393 3632 3418 3642 4716 5324 6801 4184 4978 4717
4657 11 2 1 1 1201 3456 1182 3587 6282 3974 2283 6804 5114 5905
4658 11 2 1 1 1338 3472 1199 3588 6291 6948 2275 6294 6770 6295
4659 11 2 1 1 1292 3555 3478 3648 5717 6812 6949 6048 6233 6208
4660 11 2 1 1 295 273 275 3518 880 878 881 6950 6161 6126
4661 11 2 1 1 2585 2644 1358 2691 3277 6429 5391 3279 6122 3278
4662 11 2 1 1 249 260 3538 3662 767 6951 6652 6836 6952 6924
4663 11 2 1 1 1290 2678 2593 3689 6953 3305 4159 4162 4164 6954
4664 11 2 1 1 3435 3547 3516 3690 4513 5849 3723 5259 6849 6955
4665 11 2 1 1 1240 1295 3470 3551 2462 6305 5151 6894 4740 5863
4666 11 2 1 1 3457 3570 3391 3629 5719 5323 4068 4408 4137 6140
4667 11 2 1 1 2641 3537 2552 3685 6772 4840 3111 6773 4841 3837
4668 11 2 1 1 1126 1125 3451 3585 2009 4568 6956 6558 4609 6479
4669 11 2 1 1 2623 2564 3511 3579 3165 5623 6147 6957 5664 5663
4670 11 2 1 1 336 3487 286 3653 6958 6845 916 6959 6843 6844
4671 11 2 1 1 3478 3555 1396 3584 6812 6709 6960 6961 6710 6018
4672 11 2 1 1 2635 2636 3484 3673 3301 5368 5369 6962 5758 6260
4673 11 2 1 1 3458 3486 3393 3657 4226 4181 4225 6715 4500 6388
4674 11 2 1 1 3397 3576 3422 3607 4492 4405 4347 5705 4387 4852
4675 11 2 1 1 1192 3441 3531 3632 5146 4506 5149 6963 5364 4715
4676 11 2 1 1 3472 3533 3377 3575 5857 4968 6964 5859 5810 4334
4677 11 2 1 1 354 3521 3465 3622 6247 6796 6921 6965 6966 6811
4678 11 2 1 1 1173 1179 1178 3533 2250 2249 2245 4330 4701 4929
4679 11 2 1 1 3406 3582 3496 3616 5232 4619 5126 4700 4884 4874
4680 11 2 1 1 1098 1339 3605 3649 1894 4935 6750 6753 6755 4631
4681 11 2 1 1 3425 3518 3387 3664 5873 6636 4805 5648 6257 5943
4682 11 2 1 1 2573 2622 2575 3619 3220 3219 3218 6967 6730 5686
4683 11 2 1 1 2623 3579 3511 3643 6957 5664 6147 6162 5084 5431
4684 11 2 1 1 1172 3472 1191 3575 6805 6606 2246 5415 6968 5859
4685 11 2 1 1 2573 2622 3619 3654 3220 5686 6967 6969 6861 6860
4686 11 2 1 1 2608 3414 3637 3677 4466 6713 6711 6314 5912 6315
4687 11 2 1 1 1200 3558 3477 3591 6736 6072 6735 6970 6971 6972
4688 11 2 1 1 1148 1150 1151 3422 2127 2130 2129 6663 4348 6662
4689 11 2 1 1 3386 3515 3480 3603 5335 5655 4864 6640 5729 6850
4690 11 2 1 1 1265 1114 1128 3431 1952 1960 1962 4813 6298 5918
4691 11 2 1 1 1117 1116 1115 3661 1963 1959 1964 6351 5692 4096
4692 11 2 1 1 3414 3578 3363 3601 4218 6308 5165 5377 5376 6973
4693 11 2 1 1 249 3538 3430 3662 6652 5400 6569 6836 5676 6952
4694 11 2 1 1 2566 3434 2584 3696 5590 6974 3179 6230 6833 6120
4695 11 2 1 1 1257 3545 3412 3674 3749 3750 3746 6543 5567 6975
4696 11 2 1 1 2649 2555 2611 3520 3108 3135 3137 4093 4337 4336
4697 11 2 1 1 1378 3425 1213 3641 5806 5449 2042 6732 6495 6171
4698 11 2 1 1 3418 3527 1185 3572 4534 6477 6476 4976 6976 5256
4699 11 2 1 1 2624 2595 2625 3495 3153 3312 3311 6170 6880 3981
4700 11 2 1 1 249 327 260 3662 753 768 767 6836 6924 6941
4701 11 2 1 1 2530 2529 3459 3679 2997 5456 6765 6724 4973 6382
4702 11 2 1 1 1248 1202 1247 3432 2382 1992 2383 4190 4917 3859
4703 11 2 1 1 2635 2653 2553 3624 3127 3126 3078 5495 4800 4129
4704 11 2 1 1 1316 347 1317 3605 5387 6977 1738 3800 6978 5388
4705 11 2 1 1 3413 3506 3491 3688 3715 4085 3972 3716 4238 3717
4706 11 2 1 1 298 3444 293 3676 6280 6925 977 6979 6980 5837
4707 11 2 1 1 2540 2541 3512 3581 3047 6981 5340 6581 5139 6982
4708 11 2 1 1 3382 3458 3500 3523 5501 5479 4893 5681 5349 6379
4709 11 2 1 1 2574 2577 3470 3619 3222 6785 6079 6983 6642 5997
4710 11 2 1 1 3429 3549 1136 3552 4391 6175 6174 3880 6628 6513
4711 11 2 1 1 3361 3489 3445 3560 6654 4525 4996 4712 6416 6418
4712 11 2 1 1 1209 3527 1186 3530 5166 4448 2304 4174 5504 5505
4713 11 2 1 1 324 3442 3630 3663 4646 5047 6984 6985 6525 6986
4714 11 2 1 1 1201 1277 3574 3587 2285 6987 6283 6804 5865 6988
4715 11 2 1 1 3432 3585 3495 3615 5015 5492 3983 5946 6989 6990
4716 11 2 1 1 3407 3385 3585 3615 5516 6163 4839 6373 6990 6566
4717 11 2 1 1 335 3483 328 3618 3719 5980 808 6991 6362 6574
4718 11 2 1 1 240 3448 237 3630 4665 3791 706 5061 4089 4091
4719 11 2 1 1 2542 2547 2592 3673 3061 3072 3071 6130 6992 6731
4720 11 2 1 1 3390 3526 3471 3665 5003 3915 5004 6913 6520 6522
4721 11 2 1 1 1166 3463 1162 3674 4140 6394 2198 4661 6842 4662
4722 11 2 1 1 1106 2655 2634 3551 4831 3346 6993 5119 6994 6073
4723 11 2 1 1 311 1109 383 3638 6995 5286 594 6996 5331 5333
4724 11 2 1 1 2624 2558 2559 3495 3145 3118 3146 6170 4327 6722
4725 11 2 1 1 326 3521 354 3622 5526 6247 742 6489 6965 6811
4726 11 2 1 1 1141 1271 1138 3549 2081 2074 2079 4769 5112 6335
4727 11 2 1 1 3561 3582 3398 3639 6808 5435 5651 4061 5652 6491
4728 11 2 1 1 3362 3594 3561 3639 5180 6678 6040 6490 4061 6809
4729 11 2 1 1 234 3499 360 3536 5238 6149 691 3708 6657 5671
4730 11 2 1 1 3379 3555 3428 3644 6436 4398 4247 6591 4464 6592
4731 11 2 1 1 1126 1125 1127 3451 2009 2014 2013 6956 6997 4568
4732 11 2 1 1 1353 1220 408 3574 1799 6998 4966 4357 4967 6999
4733 11 2 1 1 3416 3568 3519 3621 5370 6254 5511 6055 6471 6326
4734 11 2 1 1 1113 3446 3535 3604 6934 6234 6255 6060 6256 5276
4735 11 2 1 1 3378 3414 3525 3677 6447 4220 4768 4988 6565 6315
4736 11 2 1 1 3386 3420 3603 3658 3727 7000 6640 3815 6892 3816
4737 11 2 1 1 3388 3599 3519 3678 5192 4143 5190 5833 6777 5834
4738 11 2 1 1 3487 3384 3653 3684 6108 7001 6844 4045 7002 6109
4739 11 2 1 1 6 1096 7 3555 1432 1431 14 4871 5078 6497
4740 11 2 1 1 3433 3487 3384 3653 7003 6108 7004 7005 7001 6844
4741 11 2 1 1 2559 3494 2558 3685 5899 6721 3118 4328 7006 5204
4742 11 2 1 1 338 3433 286 3682 5194 7007 944 5690 6846 5029
4743 11 2 1 1 295 3518 275 3641 6950 6161 881 7008 6172 6262
4744 11 2 1 1 3384 3559 3564 3651 5940 6492 5656 4952 6614 6613
4745 11 2 1 1 1157 1159 1222 3598 2171 2174 2173 4657 5797 4879
4746 11 2 1 1 3364 3452 3486 3529 5546 5661 4777 3785 5682 5366
4747 11 2 1 1 2607 2522 3502 3565 2958 7009 5469 5549 6589 7010
4748 11 2 1 1 1224 3507 1222 3598 5839 5796 1747 5840 5797 4659
4749 11 2 1 1 1114 1115 1116 3535 1954 1959 1958 5919 3947 5691
4750 11 2 1 1 1386 331 1221 3580 7011 6551 2405 7012 6106 6096
4751 11 2 1 1 1214 3518 295 3641 7013 6950 7014 7015 7008 6262
4752 11 2 1 1 260 3465 3538 3662 6922 6548 6951 6924 6952 5713
4753 11 2 1 1 3368 3499 3453 3676 6032 6148 4100 5557 5556 5229
4754 11 2 1 1 3371 3486 3458 3657 5734 4226 6588 6387 6715 6388
4755 11 2 1 1 3471 3630 3365 3665 5049 6211 4393 6520 5992 7016
4756 11 2 1 1 3369 3441 3547 3600 4278 4514 4512 4277 6834 4276
4757 11 2 1 1 1145 1279 1231 3437 2101 2116 2114 6193 4271 4613
4758 11 2 1 1 2574 3470 3540 3619 6079 5157 6078 6983 6914 6642
4759 11 2 1 1 295 401 1214 3641 989 7017 7014 7008 7015 7018
4760 11 2 1 1 2545 3510 2546 3566 6153 6659 3080 5971 7019 6022
4761 11 2 1 1 3457 3485 3367 3589 3899 4267 4268 6277 4860 5253
4762 11 2 1 1 286 3433 3653 3682 7007 7005 6843 6846 6848 5029
4763 11 2 1 1 3407 3585 3432 3615 4839 5015 4916 6373 5946 6990
4764 11 2 1 1 1311 1280 1281 3557 2461 2347 1815 4636 6631 5725
4765 11 2 1 1 2572 3497 2571 3540 5209 6900 3203 5620 6937 5621
4766 11 2 1 1 2589 3654 2571 3680 5990 6898 3210 5898 6901 5991
4767 11 2 1 1 3444 3545 3674 3676 4594 6975 6595 5837 6340 6936
4768 11 2 1 1 3416 3575 3377 3693 6743 5810 5929 6029 5123 7020
4769 11 2 1 1 3381 3663 3536 3697 4361 4403 4981 6209 6157 7021
4770 11 2 1 1 359 3600 259 3660 5156 5633 810 6475 5636 5638
4771 11 2 1 1 1193 1207 1339 3605 2340 2346 2345 5607 4935 5414
4772 11 2 1 1 1106 1294 8 3551 1446 1438 1443 5119 5120 5294
4773 11 2 1 1 3385 3495 3615 3652 3834 6989 6566 4915 7022 4788
4774 11 2 1 1 1172 3575 1169 3678 5415 6792 2231 6820 6794 6761
4775 11 2 1 1 316 309 361 3545 1033 999 672 3748 6250 4249
4776 11 2 1 1 1152 3567 3422 3671 6375 4517 5221 6908 4345 5095
4777 11 2 1 1 3496 3646 3465 3647 5127 5712 5482 5177 6825 5178
4778 11 2 1 1 1112 3461 1232 3667 5471 6016 1943 6348 7023 5852
4779 11 2 1 1 3384 3564 3487 3611 5656 4616 6108 4905 6620 4729
4780 11 2 1 1 1301 1300 1197 3544 1761 2364 2362 3702 6137 6668
4781 11 2 1 1 348 286 338 3433 907 944 946 5193 5194 7007
4782 11 2 1 1 1156 3421 3567 3627 5134 4819 7024 6763 5144 5577
4783 11 2 1 1 3444 3544 3392 3627 4293 5277 4371 4409 4195 5143
4784 11 2 1 1 1242 1244 1290 3494 2464 2200 1840 5966 4317 4690
4785 11 2 1 1 1263 3584 3434 3595 6644 6311 6643 7025 7026 7027
4786 11 2 1 1 288 330 287 3436 948 947 937 5116 5417 3700
4787 11 2 1 1 1111 3604 3411 3638 6061 6062 6059 6728 5936 7028
4788 11 2 1 1 3481 3361 3651 3655 4567 7029 3809 3732 7030 4170
4789 11 2 1 1 3370 3489 3455 3559 3942 3943 3939 5962 5963 6810
4790 11 2 1 1 305 342 269 3509 863 856 861 6190 6083 5644
4791 11 2 1 1 3431 3379 3577 3584 4040 3779 3772 5579 6519 6423
4792 11 2 1 1 2648 2612 2535 3525 3038 3013 3036 6135 5774 6821
4793 11 2 1 1 3432 3558 3407 3615 4921 4919 4916 5946 6373 5947
4794 11 2 1 1 1128 1262 1263 3434 2028 2031 2030 6310 6643 6881
4795 11 2 1 1 3390 3539 3646 3662 7031 5393 6242 6615 5677 6918
4796 11 2 1 1 3381 3560 3474 3608 5250 6165 4502 4359 4016 5187
4797 11 2 1 1 3367 3481 3570 3668 3872 6346 5727 5402 6347 5879
4798 11 2 1 1 1154 1157 1286 3493 2158 2160 2153 5283 5394 4047
4799 11 2 1 1 1293 3461 1232 3586 7032 6016 1883 6832 6499 6597
4800 11 2 1 1 3366 3465 3496 3646 5224 5482 4956 5334 5127 5712
4801 11 2 1 1 3405 3570 3457 3629 4888 5719 6906 5150 4408 6140
4802 11 2 1 1 284 285 287 3524 927 933 932 6330 5419 5418
4803 11 2 1 1 283 351 285 3524 930 929 928 5085 5418 6784
4804 11 2 1 1 241 239 242 3471 715 717 716 3916 3762 5506
4805 11 2 1 1 3365 3460 3513 3697 5523 4507 4909 6676 4511 4510
4806 11 2 1 1 2616 3537 2641 3623 5538 6772 3032 6114 6885 4038
4807 11 2 1 1 3371 3486 3452 3523 5734 5661 4056 6587 5272 5680
4808 11 2 1 1 2557 3510 2546 3659 6095 6659 3082 5958 7033 6004
4809 11 2 1 1 1223 2596 2658 3598 6544 3140 7034 4595 7035 5234
4810 11 2 1 1 8 9 2655 3648 16 7036 4830 4832 4834 7037
4811 11 2 1 1 334 365 405 1229 1048 559 1053 4041 6744 6338
4812 11 2 1 1 3410 3536 3663 3697 4627 4403 6378 4529 7021 6157
4813 11 2 1 1 3448 3365 3630 3665 4907 6211 4091 6521 7016 5992
4814 11 2 1 1 2544 2546 3510 3566 3079 6659 6003 4095 6022 7019
4815 11 2 1 1 1284 1175 1235 3571 2062 2258 2260 6720 5027 6876
4816 11 2 1 1 1148 3422 1151 3576 6663 4348 2129 6764 4490 4405
4817 11 2 1 1 3434 3579 2566 3610 5594 5592 5590 6463 7038 4890
4818 11 2 1 1 2566 2565 2564 3579 3173 3169 3174 5592 5663 5593
4819 11 2 1 1 2598 2599 1338 3472 2865 6624 6292 6290 6291 6607
4820 11 2 1 1 2585 2563 2565 3477 3170 3168 3171 3933 5596 5390
4821 11 2 1 1 3548 3653 3384 3684 6888 7001 5939 6227 6109 7002
4822 11 2 1 1 1154 3493 1152 3567 5283 5222 2148 7039 6375 5210
4823 11 2 1 1 3508 3651 3361 3655 4818 7029 4772 4733 4170 7030
4824 11 2 1 1 2565 2652 2585 3477 3180 3182 3171 5596 3933 5815
4825 11 2 1 1 3434 3477 3374 3591 5595 6021 6353 6312 6354 6971
4826 11 2 1 1 3368 3612 3463 3634 6034 5380 6703 6572 7040 6612
4827 11 2 1 1 1150 1152 1151 3422 2138 2137 2130 6662 4348 5221
4828 11 2 1 1 1226 1391 1086 3686 1828 1827 1824 4562 6687 6686
4829 11 2 1 1 251 250 252 3547 757 770 769 6817 6246 5848
4830 11 2 1 1 2558 3494 2593 3685 6721 4318 3116 7006 5867 5204
4831 11 2 1 1 1249 392 314 3618 6945 606 7041 6946 7042 6947
4832 11 2 1 1 1199 3472 3533 3588 6948 5857 7043 6770 6187 6295
4833 11 2 1 1 1118 3558 1200 3591 7044 6736 1980 6788 6970 6972
4834 11 2 1 1 1396 1232 1266 3584 1885 2452 2454 6710 7045 6017
4835 11 2 1 1 3466 3508 3404 3655 4179 4730 6633 5726 4732 4733
4836 11 2 1 1 3487 3653 3433 3682 6844 7005 7003 6847 5029 6848
4837 11 2 1 1 326 270 354 3521 867 832 742 5526 6247 6136
4838 11 2 1 1 3411 3538 3430 3596 5399 5400 4298 4643 4645 5983
4839 11 2 1 1 3478 3555 3409 3648 6812 5584 4485 6233 5438 6208
4840 11 2 1 1 3438 3386 3522 3687 5336 5533 6461 6739 6696 4304
4841 11 2 1 1 2538 3466 2539 3566 3861 3754 3041 3912 3976 3913
4842 11 2 1 1 1258 1206 1352 3509 2007 2401 2400 5544 5169 6535
4843 11 2 1 1 1300 353 1299 3544 6797 7046 2363 6668 5360 6798
4844 11 2 1 1 336 3487 3653 3684 6958 6844 6959 7047 7002 4045
4845 11 2 1 1 258 320 358 3468 811 812 778 5458 7048 5009
4846 11 2 1 1 1127 3556 3451 3664 7049 6241 6997 7050 5037 5647
4847 11 2 1 1 2563 2643 2561 3432 3161 3160 3158 5389 6150 3858
4848 11 2 1 1 1199 3472 1178 3533 6948 5858 2271 7043 4701 5857
4849 11 2 1 1 3488 3503 3383 3695 5327 4145 4300 6857 6856 5976
4850 11 2 1 1 1127 1126 3451 3617 2013 6956 6997 7051 5448 6560
4851 11 2 1 1 2632 2628 3478 3648 3236 6779 4198 6232 6233 6780
4852 11 2 1 1 366 1344 1288 3583 7052 2369 6579 6580 4254 7053
4853 11 2 1 1 2632 2628 2576 3478 3236 3235 3206 4198 4199 6779
4854 11 2 1 1 2639 2640 2591 3530 3296 3295 3256 3989 6440 4940
4855 11 2 1 1 5 4 3483 3649 12 6202 6485 6483 6484 7054
4856 11 2 1 1 3365 3630 3442 3697 6211 5047 4374 6676 6647 6819
4857 11 2 1 1 230 227 316 3590 657 646 658 6424 3774 5498
4858 11 2 1 1 1316 1317 1207 3605 1738 2404 2344 3800 5414 6978
4859 11 2 1 1 2516 1289 1260 3568 7055 2478 6318 6151 6319 5463
4860 11 2 1 1 3497 3654 3399 3680 6899 5844 6935 4990 4926 5991
4861 11 2 1 1 2561 2563 3432 3652 3158 5389 6150 6726 6725 6838
4862 11 2 1 1 3380 3514 3473 3562 6433 5751 4377 4314 4378 5752
4863 11 2 1 1 3371 3458 3528 3672 6588 5481 6019 5668 5487 5819
4864 11 2 1 1 3419 3579 2567 3643 4882 4883 4776 5066 6829 5431
4865 11 2 1 1 358 3468 320 3597 7048 5009 812 4844 5720 5722
4866 11 2 1 1 3406 3616 3496 3646 4700 4884 5126 5128 5127 5246
4867 11 2 1 1 3453 3614 3392 3620 5630 4413 4101 4103 4102 6266
4868 11 2 1 1 321 318 359 3458 683 1038 847 6159 5006 5480
4869 11 2 1 1 1250 3416 3575 3606 6431 6743 6863 6432 7056 5371
4870 11 2 1 1 3419 3534 3406 3633 4000 5219 7057 3956 5220 4055
4871 11 2 1 1 2516 2600 1289 3568 2941 5040 7055 6151 5463 5462
4872 11 2 1 1 292 297 3620 3676 973 7058 6360 6012 5558 5981
4873 11 2 1 1 260 3465 354 3669 6922 6921 822 7059 7060 5226
4874 11 2 1 1 3400 3526 3430 3539 4076 4088 4321 6563 6917 7061
4875 11 2 1 1 2626 3434 2566 3610 7062 5590 3185 7063 7038 6463
4876 11 2 1 1 3393 3600 3458 3660 4449 4744 4225 6714 6474 5638
4877 11 2 1 1 3475 3613 3359 3634 6590 5384 6065 6288 6215 7064
4878 11 2 1 1 1191 2599 1304 3606 6608 7065 2339 6609 7066 6610
4879 11 2 1 1 1119 3439 3661 3698 7067 4098 5214 5216 5218 5737
4880 11 2 1 1 3385 3585 3495 3617 6163 5492 3834 5447 6577 6561
4881 11 2 1 1 3362 3553 3594 3647 5020 6042 5180 5182 5176 6434
4882 11 2 1 1 3461 3586 1293 3667 6597 6832 7032 5852 7068 6623
4883 11 2 1 1 229 231 3528 3569 664 4964 5305 5497 5696 5292
4884 11 2 1 1 1306 1316 1194 3675 1735 2343 2352 6460 6803 5153
4885 11 2 1 1 3413 3372 3561 3594 3998 4587 4969 4365 6678 4366
4886 11 2 1 1 1160 1164 1246 3621 2187 2189 2182 6458 6446 7069
4887 11 2 1 1 388 303 367 1288 1015 1016 1018 6660 7070 4250
4888 11 2 1 1 1276 1206 1212 3509 2398 2000 2399 6451 5290 6535
4889 11 2 1 1 258 3547 3468 3683 7071 7072 5458 7073 6859 6467
4890 11 2 1 1 3466 3592 3389 3655 5235 6024 5442 5726 3736 6411
4891 11 2 1 1 1094 226 1217 3590 7074 7075 1870 7076 6706 7077
4892 11 2 1 1 296 3574 315 3672 6867 5809 990 6868 7078 5669
4893 11 2 1 1 323 235 3536 3663 689 3712 6267 6268 4403 6377
4894 11 2 1 1 1222 2658 1224 3598 7079 7080 1747 5797 5840 7035
4895 11 2 1 1 269 3583 268 3669 6084 7081 828 5778 7082 6278
4896 11 2 1 1 3383 3411 3596 3667 4299 4643 4644 5850 7083 5851
4897 11 2 1 1 2603 2601 2546 3510 3091 3090 3092 6699 6659 6871
4898 11 2 1 1 2610 2526 3525 3677 2992 7084 5111 6316 6565 6767
4899 11 2 1 1 3439 3591 3431 3616 4720 4718 3945 4875 3953 7085
4900 11 2 1 1 324 3630 238 3663 6984 6038 710 6985 6376 6525
4901 11 2 1 1 3418 3572 1185 3632 4976 6976 6476 5324 6911 4775
4902 11 2 1 1 1386 393 331 3580 7086 1045 7011 7012 6096 6454
4903 11 2 1 1 3458 3657 3393 3660 6715 4500 4225 6474 6714 6717
4904 11 2 1 1 1173 3587 3462 3692 4458 4459 4331 7087 6179 5866
4905 11 2 1 1 2558 2593 2551 3685 3116 3115 3113 7006 6047 5867
4906 11 2 1 1 3416 3377 3575 3666 5929 5810 6743 5826 7088 6689
4907 11 2 1 1 2641 3537 3449 3623 6772 4037 6771 6885 3782 4038
4908 11 2 1 1 3395 3502 3520 3601 4307 4418 4338 6139 5378 6682
4909 11 2 1 1 3390 3646 3465 3662 6242 5712 7089 6615 5713 5677
4910 11 2 1 1 1305 393 1386 3580 6453 7086 1862 4554 7012 6454
4911 11 2 1 1 1396 3478 1292 3555 6960 6949 1886 6709 5717 6812
4912 11 2 1 1 2623 2567 3579 3643 3177 4883 6957 6162 5431 6829
4913 11 2 1 1 2614 2528 2647 3543 3000 3001 3003 4836 6815 5559
4914 11 2 1 1 3362 3443 3498 3639 5954 4147 5022 6490 4419 4166
4915 11 2 1 1 405 337 3487 3682 1052 7090 6745 6851 6847 7091
4916 11 2 1 1 2540 2542 2541 3581 3060 3059 3047 6581 6982 5140
4917 11 2 1 1 1277 3574 3587 3692 6987 5865 6988 7092 5866 5855
4918 11 2 1 1 2534 2616 2641 3623 3029 3032 3031 6584 6885 6114
4919 11 2 1 1 1247 1120 1121 3698 1988 1983 1989 5672 5536 6749
4920 11 2 1 1 1265 3431 1128 3584 4813 6298 1962 5578 6297 5579
4921 11 2 1 1 1204 1126 1241 3617 2021 2018 2022 6559 7093 6560
4922 11 2 1 1 290 3544 3614 3620 6472 5118 6478 7094 6266 7095
4923 11 2 1 1 2571 3497 2570 3680 6900 3951 3198 6901 7096 4990
4924 11 2 1 1 1339 1337 1281 3649 1896 1817 2349 4631 6064 5616
4925 11 2 1 1 2545 2550 2551 3685 3056 3087 3086 5974 6047 5972
4926 11 2 1 1 2550 2641 2552 3685 3112 3111 3110 5972 4841 6773
4927 11 2 1 1 2640 2679 2591 3530 3298 3297 3295 4940 6440 6407
4928 11 2 1 1 3453 3499 3490 3536 6148 6830 5075 4402 6097 5671
4929 11 2 1 1 2588 2587 3532 3588 3268 6197 6399 6795 6239 7097
4930 11 2 1 1 1099 1293 5 3667 1428 1424 1419 6598 6486 7068
4931 11 2 1 1 1149 1148 1146 3573 2119 2118 2120 6317 5058 6665
4932 11 2 1 1 3375 3463 3519 3634 7098 4139 5512 6287 6289 7040
4933 11 2 1 1 231 232 229 3528 667 666 664 4964 5305 5693
4934 11 2 1 1 3435 3618 3605 3649 7099 6751 4809 4113 6755 6754
4935 11 2 1 1 3379 3419 3534 3577 5484 4000 4478 3779 4480 5891
4936 11 2 1 1 1136 1137 1135 3552 2064 2063 2058 6628 5916 6512
4937 11 2 1 1 3393 3572 3418 3632 4498 4976 6801 4716 5324 4775
4938 11 2 1 1 1192 3531 1188 3632 5149 6437 2322 6963 6910 5364
4939 11 2 1 1 304 363 1306 3675 835 6459 7100 7101 6460 5155
4940 11 2 1 1 2623 2567 2564 3579 3177 3176 3165 6957 5663 4883
4941 11 2 1 1 3495 3585 3385 3615 5492 6163 3834 6989 6566 6990
4942 11 2 1 1 1274 1197 1155 3671 2165 2164 2151 6799 5094 6138
4943 11 2 1 1 1293 3586 5 3667 6832 6622 1424 7068 6486 6623
4944 11 2 1 1 1191 3575 3472 3606 6968 5859 6606 6609 6611 7056
4945 11 2 1 1 3426 3399 3542 3654 6500 5843 4998 5888 5787 5844
4946 11 2 1 1 1200 1261 3477 3696 1982 7102 6735 7103 6121 7104
4947 11 2 1 1 3488 3539 3430 3646 5330 6917 4301 5247 5675 5393
4948 11 2 1 1 3505 3601 3421 3670 6835 5861 3849 7105 7106 7107
4949 11 2 1 1 278 3457 279 3653 6400 4515 898 7108 6887 6886
4950 11 2 1 1 1193 1280 1189 3531 2330 2327 2328 4843 6438 6570
4951 11 2 1 1 1202 1200 1120 3558 1990 1981 1991 6218 6748 6736
4952 11 2 1 1 3392 3544 3444 3620 5277 4293 4371 4102 4373 7095
4953 11 2 1 1 3378 3482 3460 3515 4527 5056 4742 4987 5478 5036
4954 11 2 1 1 3390 3465 3646 3647 7089 5712 6242 6244 5178 6825
4955 11 2 1 1 3417 1131 3556 3617 5585 6526 6011 4067 7109 5586
4956 11 2 1 1 3446 3538 261 3669 5928 5927 5925 6605 6807 6549
4957 11 2 1 1 1304 2602 1303 3606 7110 7111 2338 7066 7112 7113
4958 11 2 1 1 3432 3615 3495 3652 5946 6989 3983 6725 4788 7022
4959 11 2 1 1 317 229 232 3528 660 666 668 5304 5693 5305
4960 11 2 1 1 1204 1241 3494 3617 2022 7114 6166 6559 4691 7093
4961 11 2 1 1 3430 3516 3400 3695 4086 4075 4321 6855 5977 7115
4962 11 2 1 1 1119 1118 1117 3439 1973 1969 1974 7067 6350 6787
4963 11 2 1 1 1145 3564 3455 3645 6333 6334 6194 7116 6049 6862
4964 11 2 1 1 251 3547 258 3683 6817 7071 776 6818 7073 6467
4965 11 2 1 1 3435 3483 3618 3649 3720 6574 7099 4113 6754 6484
4966 11 2 1 1 1129 3556 1127 3664 5459 7049 2015 5646 7050 5647
4967 11 2 1 1 247 246 248 3516 745 750 749 4323 6220 4074
4968 11 2 1 1 3371 3528 3523 3656 6019 6380 6587 6177 7117 7118
4969 11 2 1 1 1261 1200 3477 3591 1982 6735 7102 6895 6971 6970
4970 11 2 1 1 3384 3487 3433 3611 6108 7003 7004 4905 6008 6620
4971 11 2 1 1 1113 3446 1115 3535 6934 7119 1955 6255 5691 6234
4972 11 2 1 1 1236 349 1235 3571 7120 5278 1858 7121 5027 5279
4973 11 2 1 1 310 408 1220 3574 600 6998 7122 7123 6999 4967
4974 11 2 1 1 1191 1338 1304 2599 2273 1844 2339 6608 7065 6624
4975 11 2 1 1 3464 3502 3375 3565 4417 5909 5910 5674 5659 6589
4976 11 2 1 1 392 3605 302 3618 6944 7124 1010 6947 7125 6751
4977 11 2 1 1 3365 3636 3469 3665 4910 6839 3961 5992 5994 7126
4978 11 2 1 1 1113 1287 1115 3446 1957 1956 1955 6934 7119 4759
4979 11 2 1 1 1152 1154 1153 3493 2148 2147 2143 5222 4869 5283
4980 11 2 1 1 3473 3514 3380 3557 5751 6433 4377 4558 4797 4637
4981 11 2 1 1 2569 2571 2570 3680 3199 3198 3194 4545 7096 6901
4982 11 2 1 1 2589 2571 2642 3680 3210 3200 3211 5898 4476 6901
4983 11 2 1 1 3385 3537 3449 3685 3833 4037 4017 3836 4019 3837
4984 11 2 1 1 1232 3461 1293 3667 6016 7032 1883 7023 7068 5852
4985 11 2 1 1 2651 3606 3472 3666 7127 6611 6342 6343 6199 6100
4986 11 2 1 1 1115 3535 3446 3661 5691 6234 7119 5692 6236 4097
4987 11 2 1 1 1099 5 4 3483 1419 12 1420 6585 6202 6485
4988 11 2 1 1 3378 3515 3460 3578 4987 5478 4742 4767 4825 4705
4989 11 2 1 1 3457 3548 3405 3629 6827 5531 6906 4408 5150 6769
4990 11 2 1 1 1303 1191 1304 3606 2337 2339 2338 7112 7066 6609
4991 11 2 1 1 3385 3495 3494 3617 3834 5202 5203 5447 4691 6577
4992 11 2 1 1 345 295 1214 3518 987 7014 7128 7129 7013 6950
4993 11 2 1 1 1135 3510 1273 3689 5913 6698 2065 6115 6701 6116
4994 11 2 1 1 1227 3467 1308 3673 7130 5820 2106 7131 5903 5756
4995 11 2 1 1 3419 3546 2646 3680 3930 7132 6679 4543 6708 4914
4996 11 2 1 1 2614 2529 2528 3476 2999 2995 3000 4835 5560 5457
4997 11 2 1 1 3371 3423 3528 3656 5667 5306 6019 6177 7118 6509
4998 11 2 1 1 2596 2605 2586 3598 3281 3280 3138 5234 4937 3813
4999 11 2 1 1 1086 2619 2673 3686 6685 3330 7133 6687 7134 6688
5000 11 2 1 1 268 303 261 3583 826 825 823 7081 6675 4252
5001 11 2 1 1 1110 3638 1111 3667 7135 6728 1937 6915 6444 6677
5002 11 2 1 1 2541 3512 3581 3681 6981 5139 6982 7136 6905 6414
5003 11 2 1 1 284 287 332 3580 932 935 934 6302 5282 5798
5004 11 2 1 1 3474 3560 3405 3608 6165 4710 6154 4016 5089 5187
5005 11 2 1 1 1096 3555 6 3586 6497 4871 1432 6498 4872 4399
5006 11 2 1 1 3463 3612 3388 3634 5380 5379 5191 7040 7137 6612
5007 11 2 1 1 1118 3439 3558 3591 6787 5455 7044 6788 6972 4720
5008 11 2 1 1 2646 3546 3419 3643 7132 3930 6679 6828 5066 7138
5009 11 2 1 1 1129 1130 1127 3556 2024 2023 2015 5459 7049 5460
5010 11 2 1 1 3411 3604 256 3638 6062 6442 6210 5936 6279 7028
5011 11 2 1 1 263 3600 3441 3675 6775 4276 6231 6401 5154 5732
5012 11 2 1 1 2525 2528 3480 3603 2987 5728 6086 6088 5729 5561
5013 11 2 1 1 1386 1221 1208 3580 2405 2355 2406 7012 6831 6106
5014 11 2 1 1 3406 3534 3419 3577 5219 4000 7057 4699 5891 4480
5015 11 2 1 1 2586 2605 2607 3464 3280 2953 3282 4416 5468 3811
5016 11 2 1 1 3365 3448 3636 3665 4907 4912 4910 5992 7126 6521
5017 11 2 1 1 286 336 337 3487 916 943 942 6845 7090 6958
5018 11 2 1 1 1118 3558 3439 3698 7044 5455 6787 7139 5737 5673
5019 11 2 1 1 3415 3391 3553 3631 4520 4121 5130 4951 6214 4168
5020 11 2 1 1 1231 1305 1245 3437 2451 2408 2115 4271 4454 4552
5021 11 2 1 1 2552 2559 2558 3685 3119 3118 3114 4841 7006 4328
5022 11 2 1 1 1180 1201 1182 3587 2284 2283 2282 6562 5114 6804
5023 11 2 1 1 321 3458 359 3660 6159 5006 847 7140 6475 6474
5024 11 2 1 1 3396 3523 3528 3656 3978 6380 4963 7141 7118 7117
5025 11 2 1 1 3399 3419 3534 3680 3928 4000 4001 4926 6545 4543
5026 11 2 1 1 3454 3581 3397 3607 4536 4386 5293 5764 5705 7142
5027 11 2 1 1 1261 3591 3477 3696 6895 6971 7102 7104 6121 7143
5028 11 2 1 1 248 335 3516 3596 762 3722 6220 6670 4109 4108
5029 11 2 1 1 265 3550 266 3660 6419 4697 838 6013 6422 5637
5030 11 2 1 1 3423 3569 3412 3590 5746 4993 6602 5747 3775 5500
5031 11 2 1 1 342 1344 366 3583 7144 7052 576 5645 6580 7053
5032 11 2 1 1 1282 1199 3533 3588 2280 7043 3786 4955 6187 6770
5033 11 2 1 1 3451 3556 1127 3617 6241 7049 6997 5448 7051 7109
5034 11 2 1 1 1200 1202 1358 3477 1990 2375 2374 6735 5392 3932
5035 11 2 1 1 1385 1207 1317 3605 2403 2404 1922 7145 6978 5414
5036 11 2 1 1 1126 3585 3451 3617 6558 4609 6956 6560 5448 6561
5037 11 2 1 1 1212 1206 1122 3509 2000 1999 2001 5290 4212 6535
5038 11 2 1 1 2635 2542 3484 3581 3070 5748 5369 7146 5749 5140
5039 11 2 1 1 3457 3548 3384 3570 6827 5939 7147 5719 6824 6790
5040 11 2 1 1 3376 3581 3512 3681 6691 5139 4207 6415 6414 6905
5041 11 2 1 1 1387 1214 401 3641 2419 7017 7148 7149 7018 7015
5042 11 2 1 1 345 295 401 1214 987 989 988 7128 7017 7014
5043 11 2 1 1 292 300 360 3453 959 976 975 5801 5800 3852
5044 11 2 1 1 3435 3605 1339 3649 4809 4935 4031 4113 4631 6755
5045 11 2 1 1 3601 3625 3421 3670 6920 4821 5861 7107 7106 7150
5046 11 2 1 1 3369 3547 3468 3600 4512 7072 4580 4277 4660 6834
5047 11 2 1 1 3406 3594 3469 3646 5125 4367 5197 5128 6313 5129
5048 11 2 1 1 335 328 257 3618 808 807 773 6991 7151 6362
5049 11 2 1 1 2584 3595 2630 3696 7152 6222 3272 6833 6226 6225
5050 11 2 1 1 1271 1137 1138 3549 2073 2068 2074 6335 5112 6142
5051 11 2 1 1 3472 3532 3377 3533 6196 5922 6964 5857 4968 7153
5052 11 2 1 1 3472 3377 3532 3666 6964 5922 6196 6199 5763 6689
5053 11 2 1 1 3420 3602 3386 3603 4573 6191 3727 7000 6640 6858
5054 11 2 1 1 2657 2593 2656 1290 3306 3147 3307 7154 6604 4159
5055 11 2 1 1 3447 3368 3490 3625 6571 6261 5141 7155 5080 4194
5056 11 2 1 1 310 315 408 3574 661 1025 600 7123 4967 5809
5057 11 2 1 1 2515 1251 1303 3606 4748 1753 7156 4052 7112 4749
5058 11 2 1 1 3360 3503 3488 3695 4117 5327 4461 5975 6857 5976
5059 11 2 1 1 3387 3518 3425 3635 6636 5873 4805 5310 5308 5736
5060 11 2 1 1 262 260 354 3669 820 822 821 6077 7060 7059
5061 11 2 1 1 3363 3578 3447 3601 6308 4942 7157 5376 7158 6973
5062 11 2 1 1 1177 3611 3433 3682 6931 6008 6930 7159 5029 7160
5063 11 2 1 1 388 1287 1319 3604 5738 1731 7161 5739 7162 5275
5064 11 2 1 1 1150 3422 3573 3671 6662 4680 6664 6909 5514 4345
5065 11 2 1 1 337 286 3487 3682 942 6845 7090 7091 6847 6846
5066 11 2 1 1 3458 3382 3500 3597 5501 4893 5479 5721 3820 5642
5067 11 2 1 1 3390 3553 3622 3647 6371 6207 5005 6244 7163 6434
5068 11 2 1 1 1263 3434 1262 3595 6643 6881 2031 7025 6904 7026
5069 11 2 1 1 1279 1140 1176 3611 2090 2082 2091 6619 6621 4023
5070 11 2 1 1 2550 2617 2641 3623 3058 3033 3112 6692 6885 3780
5071 11 2 1 1 1313 2645 2679 3628 7164 3299 6406 6409 6410 6304
5072 11 2 1 1 1161 3563 1253 3674 6601 7165 2192 6933 7166 6385
5073 11 2 1 1 1227 1143 1308 3467 2105 2102 2106 7130 5820 5068
5074 11 2 1 1 1168 1169 1250 3575 2219 2225 2224 6741 6863 6792
5075 11 2 1 1 3363 3454 3607 3626 5164 5764 4648 5000 5113 4370
5076 11 2 1 1 3603 3658 3420 3691 6892 3816 7000 6213 4575 6650
5077 11 2 1 1 298 3545 3444 3676 6281 4594 6280 6979 5837 6936
5078 11 2 1 1 3468 3547 258 3600 7072 7071 5458 4660 5583 6834
5079 11 2 1 1 1217 1219 1094 3590 1874 1873 1870 6706 7076 5494
5080 11 2 1 1 278 3589 3457 3653 6481 6277 6400 7108 6886 7167
5081 11 2 1 1 2520 2521 2519 3565 2955 2954 2946 5183 5185 6864
5082 11 2 1 1 302 252 257 3435 781 771 782 7168 4438 6245
5083 11 2 1 1 1173 3462 1171 3692 4331 6758 2240 7087 7169 6179
5084 11 2 1 1 3504 3561 3372 3633 6482 4587 6052 7170 5362 6932
5085 11 2 1 1 1237 350 1236 3571 5829 7171 2261 5352 7121 5830
5086 11 2 1 1 2616 2534 2615 3504 3029 3018 3030 5610 6554 6583
5087 11 2 1 1 1098 3605 1249 3618 6750 6943 1892 6752 6946 6751
5088 11 2 1 1 252 3435 302 3605 6245 7168 781 6367 7124 4809
5089 11 2 1 1 294 362 275 3641 891 890 888 6600 6172 5354
5090 11 2 1 1 267 311 383 3638 799 594 852 5952 5331 6996
5091 11 2 1 1 1313 1210 1238 3628 2412 2315 2413 6409 6632 6625
5092 11 2 1 1 1304 2599 2602 3606 7065 2868 7110 7066 7113 6610
5093 11 2 1 1 3393 3441 3600 3675 4450 4276 4449 6872 5732 5154
5094 11 2 1 1 1203 1348 1248 3495 2386 1790 2388 5489 4192 6879
5095 11 2 1 1 3468 3597 358 3683 5722 4844 7048 6859 4845 4310
5096 11 2 1 1 2556 2586 2555 3598 3134 3133 3128 5422 5002 4937
5097 11 2 1 1 1279 3564 1140 3611 4614 4727 2090 6619 4023 4729
5098 11 2 1 1 2622 3426 3654 3658 5684 5888 6860 6098 7172 3817
5099 11 2 1 1 253 252 346 3547 775 780 779 6272 5572 6246
5100 11 2 1 1 3462 3388 3613 3693 5831 6874 5096 5098 5100 7173
5101 11 2 1 1 1195 3573 3436 3671 6188 5257 6010 6586 4451 5514
5102 11 2 1 1 3415 3622 3553 3647 6206 6207 5130 5347 6434 7163
5103 11 2 1 1 2612 2610 2526 3525 2993 2992 2989 6821 7084 5111
5104 11 2 1 1 3404 3508 3466 3512 4730 4179 6633 6413 3866 4376
5105 11 2 1 1 3463 3375 3519 3621 7098 5512 4139 6396 6471 6057
5106 11 2 1 1 1316 1192 1194 3441 2342 2323 2343 3796 6802 5146
5107 11 2 1 1 2635 2592 2636 3673 3073 3302 3301 6962 6260 6992
5108 11 2 1 1 1109 1108 383 1388 1923 7174 5286 1900 5285 1936
5109 11 2 1 1 3418 3562 3364 3642 5251 4133 4977 4978 4780 6370
5110 11 2 1 1 3455 3376 3576 3645 4494 5955 4404 6049 5548 4210
5111 11 2 1 1 1238 1210 1186 3530 2315 2314 2311 5540 5504 6537
5112 11 2 1 1 336 3653 280 3684 6959 6890 914 7047 7175 7002
5113 11 2 1 1 392 302 314 3618 1010 804 606 6947 7042 7125
5114 11 2 1 1 1119 1118 3439 3698 1973 6787 7067 5216 5737 7139
5115 11 2 1 1 302 3605 3435 3618 7124 4809 7168 7125 7099 6751
5116 11 2 1 1 3534 3542 3399 3644 6651 5843 4001 4488 5842 5688
5117 11 2 1 1 1272 2601 3510 3659 6870 6871 6814 7176 6004 7177
5118 11 2 1 1 3411 3638 3483 3667 5936 5332 6729 5851 6487 6677
5119 11 2 1 1 1233 1225 1369 3484 2125 2428 1767 6694 4823 4424
5120 11 2 1 1 3490 3499 3396 3536 6830 5239 3838 6097 3709 5671
5121 11 2 1 1 3376 3581 3454 3607 6691 4536 6727 6296 5764 7142
5122 11 2 1 1 3474 3479 3370 3560 4900 4283 4901 6165 6164 6417
5123 11 2 1 1 1119 3439 1117 3661 7067 6350 1974 5214 6351 4098
5124 11 2 1 1 2638 2637 2577 3470 3239 3225 3240 4886 6785 5949
5125 11 2 1 1 3360 3542 3534 3644 6117 6651 4487 4463 4488 5688
5126 11 2 1 1 3426 3543 3399 3654 6501 4924 6500 5888 5844 5989
5127 11 2 1 1 2622 3654 3543 3658 6860 5989 7178 6098 6702 7172
5128 11 2 1 1 248 335 250 3516 762 761 755 6220 3822 3722
5129 11 2 1 1 1226 2673 3659 3686 7179 7180 6523 4562 6524 7134
5130 11 2 1 1 313 388 1319 3604 629 7161 7181 7182 7162 5739
5131 11 2 1 1 2516 2518 2600 3568 2939 2942 2941 6151 5462 5654
5132 11 2 1 1 3377 3532 3420 3593 5922 5710 4574 4846 5466 7183
5133 11 2 1 1 3462 3587 3371 3692 4459 5759 4058 6179 5856 5866
5134 11 2 1 1 267 3483 335 3596 6173 3719 793 5951 4108 4107
5135 11 2 1 1 268 3583 261 3669 7081 6675 823 7082 6807 6278
5136 11 2 1 1 2556 2555 2554 3507 3128 3107 3129 5420 6504 5528
5137 11 2 1 1 3550 3632 3393 3675 4774 4716 4499 5730 6872 6866
5138 11 2 1 1 1240 1239 1190 3628 2333 2332 2334 6740 6274 6229
5139 11 2 1 1 8 7 1292 3648 15 1436 1435 4832 6048 5437
5140 11 2 1 1 286 3433 348 3653 7007 5193 907 6843 7184 7005
5141 11 2 1 1 326 272 270 3521 866 865 867 5526 6136 5527
5142 11 2 1 1 1266 3478 1396 3584 7185 6960 2454 7045 6710 6961
5143 11 2 1 1 1112 1232 1110 3667 1943 1942 1940 6348 6915 7023
5144 11 2 1 1 341 3485 274 3635 6102 4684 875 5613 5307 5309
5145 11 2 1 1 2548 3581 3454 3681 4341 4536 4535 6582 6392 6905
5146 11 2 1 1 281 280 279 3548 908 904 909 5529 6826 6889
5147 11 2 1 1 282 281 283 3548 913 918 917 6718 5530 5529
5148 11 2 1 1 2540 3512 2541 3681 5340 6981 3047 7186 7136 6414
5149 11 2 1 1 3406 3577 3582 3616 4699 6403 5232 4700 4874 3955
5150 11 2 1 1 3368 3447 3634 3670 6571 6216 6572 7187 7188 7189
5151 11 2 1 1 1229 365 1230 1231 6338 7190 1774 2448 2449 6212
5152 11 2 1 1 3381 3479 3474 3560 6390 4900 4502 5250 6165 6417
5153 11 2 1 1 1217 3590 226 3694 6706 7077 7075 6690 7191 6635
5154 11 2 1 1 3374 3582 3577 3616 4601 6403 5892 4873 3955 4874
5155 11 2 1 1 1253 1252 3444 3563 2193 7192 6070 7165 6176 7193
5156 11 2 1 1 3374 3591 3439 3616 6354 4720 4598 4873 4875 7085
5157 11 2 1 1 3441 3393 3632 3675 4450 4716 4715 5154 6866 6872
5158 11 2 1 1 280 3653 3548 3684 6890 6888 6889 7175 6227 7002
5159 11 2 1 1 2574 2577 2637 3470 3222 3225 3224 6079 5949 6785
5160 11 2 1 1 276 274 277 3485 884 886 885 4683 3900 4684
5161 11 2 1 1 1200 1264 1261 3696 2377 2376 1982 7103 7104 7194
5162 11 2 1 1 2568 2566 3579 3610 3183 5592 4881 4584 4890 7038
5163 11 2 1 1 1294 3551 1311 3557 5294 6374 1818 5503 4636 4857
5164 11 2 1 1 3360 3539 3469 3636 5328 5670 5296 4156 6839 6564
5165 11 2 1 1 2562 3511 2563 3652 5984 5624 3159 5985 6838 5055
5166 11 2 1 1 2645 2577 2578 3628 3237 3227 3238 6304 5998 6000
5167 11 2 1 1 2613 3603 2525 3691 6893 6088 2979 6656 5813 6213
5168 11 2 1 1 3398 3561 3504 3633 5651 6482 5611 5436 7170 6932
5169 11 2 1 1 3424 3402 3533 3593 3737 3787 3788 4847 6693 5760
5170 11 2 1 1 2638 3470 2577 3628 4886 6785 3240 5106 6000 5107
5171 11 2 1 1 3384 3433 3653 3668 7004 7005 7001 5882 7195 5401
5172 11 2 1 1 1268 3550 1269 3675 5101 7196 2351 6865 7197 5730
5173 11 2 1 1 1142 3564 1145 3645 6069 6333 2100 6405 7116 6862
5174 11 2 1 1 3388 3612 3613 3634 5379 5477 6874 7137 7064 6612
5175 11 2 1 1 3478 3595 2576 3610 6325 7198 4199 4566 4363 7199
5176 11 2 1 1 235 236 233 3500 687 686 684 3711 3744 4853
5177 11 2 1 1 3446 3538 3411 3604 5928 5399 6791 5276 6062 5987
5178 11 2 1 1 2538 2540 2537 3512 3045 3044 3039 3864 6553 5340
5179 11 2 1 1 2578 2577 2575 3619 3227 3223 3228 5011 6730 5997
5180 11 2 1 1 302 3435 257 3618 7168 4438 782 7125 7151 7099
5181 11 2 1 1 2571 2573 3540 3654 3208 7200 6937 6898 5788 6969
5182 11 2 1 1 3554 3570 3481 3688 5718 6346 5245 5639 3733 4889
5183 11 2 1 1 1224 1286 1222 3507 2426 2175 1747 5839 5796 5395
5184 11 2 1 1 3408 3619 3470 3628 5012 6642 6641 6044 5107 5999
5185 11 2 1 1 3467 3673 1227 3686 5756 7131 7130 4934 7201 7202
5186 11 2 1 1 1168 1259 1165 3519 2213 2205 2211 6251 5942 6468
5187 11 2 1 1 3417 3556 3451 3617 6011 6241 3905 4067 5448 7109
5188 11 2 1 1 2584 3434 3595 3696 6974 7026 7152 6833 6225 6120
5189 11 2 1 1 2515 1303 2602 3606 7156 7111 2932 4052 7113 7112
5190 11 2 1 1 3365 3442 3491 3697 4374 4245 3970 6676 6648 6647
5191 11 2 1 1 1282 1283 1199 3588 2371 2370 2280 4955 6770 3992
5192 11 2 1 1 3429 3367 3541 3668 3873 3874 3875 5881 5403 5402
5193 11 2 1 1 1372 2699 1267 3595 7203 6542 1905 6783 6324 6940
5194 11 2 1 1 2635 2543 2542 3581 3069 3065 3070 7146 5140 4811
5195 11 2 1 1 3433 3571 348 3589 5026 5196 5193 4861 7204 5319
5196 11 2 1 1 2537 3512 2540 3681 6553 5340 3044 6328 7186 6414
5197 11 2 1 1 3404 3454 3525 3626 7205 4369 5263 4576 4222 4370
5198 11 2 1 1 2626 2584 2566 3434 3187 3179 3185 7062 5590 6974
5199 11 2 1 1 2634 2683 1295 3551 2930 5862 7206 6994 5863 4738
5200 11 2 1 1 3406 3577 3419 3633 4699 5891 7057 5220 3956 5893
5201 11 2 1 1 2582 2650 2587 3532 3265 3264 3263 4790 6197 5709
5202 11 2 1 1 1105 1342 2629 3648 1928 6356 7207 7208 6781 6891
5203 11 2 1 1 1108 383 311 1109 7174 594 7209 1923 6995 5286
5204 11 2 1 1 276 3485 277 3589 4683 3900 885 5252 6276 5253
5205 11 2 1 1 354 3622 3465 3662 6965 6966 6921 6923 5713 5314
5206 11 2 1 1 3420 3532 3517 3593 5710 4997 5311 5466 6249 7183
5207 11 2 1 1 1099 1109 1110 3667 1897 1899 1898 6598 6915 6599
5208 11 2 1 1 2591 2580 2639 3530 3245 3254 3256 6440 3989 4296
5209 11 2 1 1 1177 3487 1176 3611 7210 6618 2084 6931 6621 6620
5210 11 2 1 1 3360 3542 3450 3687 6117 5348 4116 6738 5161 4999
5211 11 2 1 1 3360 3438 3522 3687 6111 6461 5298 6738 6696 6739
5212 11 2 1 1 3547 3683 3516 3690 6467 5132 5849 6955 6849 7211
5213 11 2 1 1 354 327 3622 3662 743 7212 6965 6923 5314 6941
5214 11 2 1 1 8 9 1106 2655 16 1444 1443 4830 4831 7036
5215 11 2 1 1 2645 1313 2663 3628 7164 7213 3352 6304 7214 6409
5216 11 2 1 1 1240 1311 1295 3551 2460 2463 2462 6894 5863 6374
5217 11 2 1 1 1177 3487 3611 3682 7210 6620 6931 7159 7160 6847
5218 11 2 1 1 2607 2605 2518 3464 2953 2952 2949 5468 5653 3811
5219 11 2 1 1 3396 3612 3613 3656 5475 5477 5383 7141 6658 6541
5220 11 2 1 1 244 354 327 3622 741 743 735 4027 7212 6965
5221 11 2 1 1 2584 3434 2626 3595 6974 7062 3187 7152 7215 7026
5222 11 2 1 1 3376 3607 3454 3626 6296 5764 6727 6427 4370 5113
5223 11 2 1 1 3517 3532 3402 3593 4997 4791 3996 6249 5760 7183
5224 11 2 1 1 2565 2652 3477 3696 3180 5815 5596 6119 6121 7216
5225 11 2 1 1 2638 2664 2683 1370 3353 2931 3350 4885 4737 7217
5226 11 2 1 1 3388 3519 3634 3693 5190 6289 7137 7173 6680 6045
5227 11 2 1 1 3400 3539 3430 3695 6563 6917 4321 5977 6855 6573
5228 11 2 1 1 3373 3549 3429 3552 4390 4391 3806 4294 3880 6513
5229 11 2 1 1 321 3458 3660 3672 6159 6474 7140 6160 6719 5819
5230 11 2 1 1 2630 2699 1372 3595 2925 7203 6782 6222 6783 6940
5231 11 2 1 1 1229 1279 1176 3487 2267 2091 2266 4042 6618 4611
5232 11 2 1 1 3359 3452 3523 3613 5271 5272 3980 5384 6146 5097
5233 11 2 1 1 1126 1124 1125 3585 2008 2003 2009 6558 6479 4608
5234 11 2 1 1 1236 350 349 3571 7171 985 7120 7121 5279 5830
5235 11 2 1 1 3381 3442 3608 3663 5248 5186 4359 4361 3855 6986
5236 11 2 1 1 2572 2571 2573 3540 3203 3208 3207 5620 7200 6937
5237 11 2 1 1 2575 2574 2573 3540 3217 3213 3218 7218 7200 6078
5238 11 2 1 1 3371 3523 3452 3613 6587 5272 4056 5350 5097 6146
5239 11 2 1 1 1162 1164 1160 3621 2188 2187 2185 6395 6458 7069
5240 11 2 1 1 2550 2545 2539 3566 3056 3055 3057 5284 3976 5971
5241 11 2 1 1 281 355 299 3629 910 921 920 6090 6091 5404
5242 11 2 1 1 2617 3592 2533 3623 5236 6800 3024 3780 6806 5237
5243 11 2 1 1 3457 3589 3367 3668 6277 4860 4268 6707 5402 5679
5244 11 2 1 1 324 239 238 3630 709 705 710 6984 6038 5507
5245 11 2 1 1 2544 2538 2539 3566 3049 3041 3050 4095 3976 3912
5246 11 2 1 1 353 400 1299 3544 1066 5359 7046 6798 5360 4430
5247 11 2 1 1 3421 3368 3563 3670 5576 5781 5780 7106 7219 7187
5248 11 2 1 1 1338 1178 1199 3472 2274 2271 2275 6291 6948 5858
5249 11 2 1 1 1186 1185 1187 3527 2302 2307 2306 4448 4383 6477
5250 11 2 1 1 327 244 3622 3662 735 4027 7212 6941 5314 5313
5251 11 2 1 1 1287 1198 1115 3446 1967 1966 1956 4759 7119 5470
5252 11 2 1 1 324 3608 3442 3663 5771 5186 4646 6985 6986 3855
5253 11 2 1 1 2594 2653 1087 3624 3125 7220 7221 6854 7222 4129
5254 11 2 1 1 3374 3431 3591 3616 6441 4718 6354 4873 7085 3953
5255 11 2 1 1 2634 2655 2633 3551 3346 3345 3259 6994 6074 6073
5256 11 2 1 1 3361 3508 3489 3651 4772 5145 6654 7029 4497 4818
5257 11 2 1 1 4 3618 3483 3649 6364 6574 6202 7054 6484 6754
5258 11 2 1 1 2659 1223 2596 2658 7223 6544 3317 3318 3140 7034
5259 11 2 1 1 3363 3601 3447 3625 5376 7158 7157 4444 7155 6920
5260 11 2 1 1 1212 1344 342 3583 1795 7144 5643 5291 5645 7053
5261 11 2 1 1 2522 3565 2521 3637 7010 6864 2957 7224 5816 6237
5262 11 2 1 1 3439 3558 3407 3698 5455 4919 4599 5737 5267 5673
5263 11 2 1 1 2548 2549 2649 3520 3074 3100 3099 4340 4093 4339
5264 11 2 1 1 3414 3578 3601 3609 4218 6973 5377 7225 7226 5434
5265 11 2 1 1 1379 1237 1378 3641 2457 2263 2420 5784 6732 5355
5266 11 2 1 1 2612 3525 2526 3677 6821 7084 2989 7227 6767 6565
5267 11 2 1 1 2603 3510 2546 3689 6699 6659 3092 6700 6734 6116
5268 11 2 1 1 2576 3478 2627 3595 4199 6320 3233 7198 6323 6325
5269 11 2 1 1 1192 1194 3441 3632 2323 6802 5146 6963 4715 7228
5270 11 2 1 1 1252 3563 1158 3627 7193 6510 2168 7229 6681 5782
5271 11 2 1 1 1235 1177 1284 3433 2270 2086 2260 5028 5372 6930
5272 11 2 1 1 3401 3637 3609 3677 5847 6238 5733 4707 7230 5912
5273 11 2 1 1 7 1096 1292 3555 1431 1440 1436 5078 5717 6497
5274 11 2 1 1 3499 3569 3412 3612 4985 4993 4991 6035 5566 6929
5275 11 2 1 1 1225 3484 1147 3576 4424 5424 2122 5502 5547 4491
5276 11 2 1 1 1243 1348 1204 2624 2393 2387 2391 6927 6168 6878
5277 11 2 1 1 2587 2609 2651 3666 3285 2963 3284 6198 6343 5761
5278 11 2 1 1 1245 1208 1149 3580 2136 2135 2121 5537 6616 6831
5279 11 2 1 1 2599 3472 2651 3606 6607 6342 3289 6610 7127 6611
5280 11 2 1 1 3423 3590 3412 3599 5747 3775 6602 6528 5574 6634
5281 11 2 1 1 1196 3444 1252 3627 5889 7192 2170 6518 7229 4409
5282 11 2 1 1 1184 1186 1209 3527 2301 2304 2303 3883 5166 4448
5283 11 2 1 1 1153 3507 1215 3624 5338 6671 2154 5581 6673 5582
5284 11 2 1 1 246 327 249 3662 738 753 752 6617 6836 6941
5285 11 2 1 1 1234 1235 409 3682 1855 6361 7231 7232 5689 5030
5286 11 2 1 1 245 240 243 3526 721 719 722 4375 4439 4668
5287 11 2 1 1 1127 3451 1125 3664 6997 4568 2014 7050 5038 5037
5288 11 2 1 1 3428 3555 3461 3586 4398 6015 4246 4203 6597 4399
5289 11 2 1 1 1143 3467 1227 3686 5068 7130 2105 4980 7201 4934
5290 11 2 1 1 2573 2575 3540 3619 3218 7218 7200 6967 6914 6730
5291 11 2 1 1 2574 3540 2575 3619 6078 7218 3217 6983 6730 6914
5292 11 2 1 1 297 360 319 3499 974 692 995 6823 4983 6149
5293 11 2 1 1 276 348 3571 3589 895 5196 5519 5252 5319 7204
5294 11 2 1 1 1131 1127 3556 3617 2025 7049 6526 5586 7109 7051
5295 11 2 1 1 3368 3421 3625 3670 5576 4821 4194 7187 7150 7106
5296 11 2 1 1 2619 1391 1325 3686 6684 1830 7233 6688 7234 6686
5297 11 2 1 1 314 1389 1249 3618 7235 1895 7041 7042 6946 7236
5298 11 2 1 1 2673 1312 1226 3659 7237 1825 7179 7180 6523 7238
5299 11 2 1 1 243 246 3526 3662 737 4078 4439 5569 5312 6617
5300 11 2 1 1 3361 3489 3559 3651 6654 6810 5769 7029 6613 4497
5301 11 2 1 1 268 269 342 3583 828 856 855 7081 5645 6084
5302 11 2 1 1 1199 1283 1318 3588 2370 2373 2372 6770 6576 3992
5303 11 2 1 1 3444 3620 293 3676 4373 7239 6925 5837 6980 5558
5304 11 2 1 1 3375 3565 3502 3609 5659 6589 5909 6533 7240 6082
5305 11 2 1 1 323 235 234 3536 689 685 690 6267 3708 3712
5306 11 2 1 1 392 1249 1385 3605 6945 1921 7241 6944 7145 6943
5307 11 2 1 1 1175 1132 1378 3541 2051 2040 2052 6875 5805 6514
5308 11 2 1 1 392 1107 1249 314 7242 1919 6945 606 7041 7243
5309 11 2 1 1 1109 3638 1110 3667 5333 7135 1899 6599 6915 6677
5310 11 2 1 1 3411 3535 3446 3604 4642 6234 6791 6062 5276 6256
5311 11 2 1 1 3609 3637 3414 3677 6238 6713 7225 7230 6315 5912
5312 11 2 1 1 3389 3561 3504 3623 4723 6482 6026 4724 6027 4039
5313 11 2 1 1 1190 1187 1189 3514 2318 2316 2319 5162 6113 4380
5314 11 2 1 1 2583 3532 2587 3588 4789 6197 3262 5295 7097 6239
5315 11 2 1 1 405 365 1076 1229 559 7244 7245 6744 1772 6338
5316 11 2 1 1 2559 2561 3495 3652 3149 6270 4327 4786 4788 6726
5317 11 2 1 1 3372 3546 3504 3633 5361 4676 6052 5362 7170 3958
5318 11 2 1 1 3423 1174 3692 3694 6527 6704 5854 6532 7246 6530
5319 11 2 1 1 3451 3640 3501 3664 5766 5207 4571 5037 5039 7247
5320 11 2 1 1 1269 3550 370 3675 7196 6869 7248 7197 7249 5730
5321 11 2 1 1 3368 3634 3463 3670 6572 7040 6703 7187 7250 7188
5322 11 2 1 1 3380 3540 3470 3619 4793 5157 5158 6286 6642 6914
5323 11 2 1 1 260 3538 3465 3669 6951 6548 6922 7059 5226 6549
5324 11 2 1 1 1385 1317 347 3605 1922 6977 7251 7145 5388 6978
5325 11 2 1 1 360 234 319 3499 691 678 692 6149 4983 5238
5326 11 2 1 1 337 334 405 3487 1051 1053 1052 7090 6745 4043
5327 11 2 1 1 3375 3601 3505 3670 7252 6835 5911 7253 7105 7107
5328 11 2 1 1 2554 2660 2556 3507 3131 3130 3129 6504 5420 5421
5329 11 2 1 1 3374 3577 3431 3616 5892 3772 6441 4873 3953 3955
5330 11 2 1 1 3497 3534 3399 3644 6075 4001 6935 6733 5842 4488
5331 11 2 1 1 1154 1286 1153 3493 2153 2152 2147 5283 4869 5394
5332 11 2 1 1 1158 1160 1159 3505 2177 2176 2172 4597 4687 5320
5333 11 2 1 1 2615 3504 3546 3643 6554 4676 7254 6555 7138 5711
5334 11 2 1 1 3502 3609 3565 3637 7240 6082 6589 6712 6237 6238
5335 11 2 1 1 1181 1183 1184 3572 2286 2289 2288 4928 5269 4158
5336 11 2 1 1 263 259 3600 3675 786 5633 6775 6401 5732 5731
5337 11 2 1 1 1250 3575 1191 3606 6863 6968 2248 6432 6609 7056
5338 11 2 1 1 3363 3447 3578 3650 7157 4942 6308 6896 4828 4944
5339 11 2 1 1 1098 1339 1249 3605 1894 1893 1892 6750 6943 4935
5340 11 2 1 1 3445 3578 3460 3650 5608 4825 4741 6837 4829 4828
5341 11 2 1 1 2579 2582 2580 3517 3248 3247 3243 5694 4295 4752
5342 11 2 1 1 306 1353 1205 1331 4355 2379 4420 7255 2396 1801
5343 11 2 1 1 1204 1203 1126 3585 2020 2011 2021 6557 6558 5491
5344 11 2 1 1 3448 3630 3471 3665 4091 5049 4666 6521 6520 7016
5345 11 2 1 1 1196 1254 1252 3444 2361 2360 2170 5889 7192 4289
5346 11 2 1 1 2522 2611 2607 3502 2972 2971 2958 7009 5469 4305
5347 11 2 1 1 282 283 284 3524 917 923 922 6593 6330 5085
5348 11 2 1 1 3447 3601 3578 3609 7158 6973 4942 6118 5434 7226
5349 11 2 1 1 4 1388 1099 3483 1411 1422 1420 6202 6585 5289
5350 11 2 1 1 395 1352 1276 1206 5170 1866 6919 6534 2398 2401
5351 11 2 1 1 265 359 259 3660 818 810 816 6013 5636 6475
5352 11 2 1 1 1308 3467 1143 3645 5820 5068 2102 5821 5069 4262
5353 11 2 1 1 3445 3560 3479 3650 6416 6417 4522 6837 6897 7256
5354 11 2 1 1 2590 3517 2579 3658 7257 5694 3250 6683 6646 6099
5355 11 2 1 1 2663 1239 2638 3628 7258 6228 3351 7214 5106 6229
5356 11 2 1 1 1389 329 4 3618 7259 5794 1414 7236 6364 6363
5357 11 2 1 1 3540 3619 3426 3654 6914 5649 6001 5788 5888 6861
5358 11 2 1 1 2536 2539 2538 3466 3042 3041 3040 5823 3861 3754
5359 11 2 1 1 3363 3578 3445 3650 6308 5608 4523 6896 6837 4828
5360 11 2 1 1 3496 3640 3362 3647 4950 5754 5181 5177 5182 5346
5361 11 2 1 1 9 2695 2655 3648 7260 2854 7036 7037 4834 7261
5362 11 2 1 1 2588 2599 2598 3472 3288 2865 3287 6398 6290 6607
5363 11 2 1 1 392 1385 347 3605 7241 7251 1013 6944 5388 7145
5364 11 2 1 1 2537 2540 2541 3681 3044 3047 3046 6328 7136 7186
5365 11 2 1 1 2537 2648 2535 3681 3037 3036 3034 6328 5968 6306
5366 11 2 1 1 3378 3480 3677 3679 4526 6158 4988 6789 7262 6384
5367 11 2 1 1 3378 3677 3525 3679 4988 6565 4768 6789 5264 7262
5368 11 2 1 1 2604 1227 1363 3673 7263 2443 7264 7265 7266 7131
5369 11 2 1 1 1235 1177 3433 3682 2270 6930 5028 5030 5029 7159
5370 11 2 1 1 2524 2613 2525 3691 2980 2979 2975 5743 5813 6656
5371 11 2 1 1 1280 1240 1190 3514 2335 2334 2326 5724 5162 5152
5372 11 2 1 1 3433 3611 3487 3682 6008 6620 7003 5029 6847 7160
5373 11 2 1 1 3412 3674 3545 3676 5567 6975 3750 5228 6936 6340
5374 11 2 1 1 3369 3547 3435 3690 4512 4513 4504 4582 5259 6955
5375 11 2 1 1 3504 3633 3546 3643 7170 3958 4676 5711 7138 5065
5376 11 2 1 1 2608 3502 2522 3637 4469 7009 2969 6711 7224 6712
5377 11 2 1 1 3365 3491 3460 3697 3970 4766 5523 6676 4510 6648
5378 11 2 1 1 3398 3633 3504 3643 5436 7170 5611 5083 5711 5065
5379 11 2 1 1 2525 3480 2527 3677 6086 6902 2985 5869 7267 6158
5380 11 2 1 1 297 293 3620 3676 972 7239 7058 5981 5558 6980
5381 11 2 1 1 3387 3498 3451 3640 4806 4149 6269 5344 5766 5657
5382 11 2 1 1 3433 3611 3429 3668 6008 4906 5373 5401 5881 7268
5383 11 2 1 1 1133 3541 1134 3552 6747 6762 2048 5570 6627 4632
5384 11 2 1 1 3526 3539 3390 3662 7061 7031 5003 5312 6615 6918
5385 11 2 1 1 1260 1259 1251 3568 2466 2228 2467 6319 4747 6469
5386 11 2 1 1 3384 3611 3433 3668 4905 6008 7004 5882 5401 7268
5387 11 2 1 1 345 1214 1352 3518 7128 2422 7269 7129 5171 7013
5388 11 2 1 1 2622 2590 2579 3658 3251 3250 3231 6098 6646 6683
5389 11 2 1 1 2695 1105 2629 3648 7270 7207 3338 7261 6781 7208
5390 11 2 1 1 1363 1075 2682 3673 1765 7271 7272 7266 7273 7274
5391 11 2 1 1 358 258 3468 3683 778 5458 7048 4845 6859 7073
5392 11 2 1 1 253 258 3547 3600 777 7071 6272 6774 6834 5583
5393 11 2 1 1 1204 3495 1203 3585 6169 5489 2020 6557 5491 5492
5394 11 2 1 1 3384 3548 3457 3653 5939 6827 7147 7001 6886 6888
5395 11 2 1 1 1334 365 333 1231 7275 1049 7276 2450 4272 6212
5396 11 2 1 1 282 284 291 3684 922 925 924 6594 4395 6506
5397 11 2 1 1 3433 3589 348 3653 4861 7204 5193 7005 7184 7167
5398 11 2 1 1 3472 3575 3377 3666 5859 5810 6964 6199 6689 7088
5399 11 2 1 1 2594 1296 2660 1215 7277 7278 3132 6853 6672 1836
5400 11 2 1 1 1284 1177 1139 3611 2086 2085 2072 6007 4954 6931
5401 11 2 1 1 2583 2582 2587 3532 3253 3263 3262 4789 6197 4790
5402 11 2 1 1 3374 3558 3439 3591 5454 5455 4598 6354 4720 6972
5403 11 2 1 1 1269 370 304 3675 7248 842 7279 7197 7101 7249
5404 11 2 1 1 1315 2640 1373 2679 7280 4939 1806 7281 7282 3298
5405 11 2 1 1 1255 376 307 1254 7283 1029 4591 2471 4290 7284
5406 11 2 1 1 3438 3529 3386 3687 4785 3729 5336 6739 4304 4303
5407 11 2 1 1 1223 2658 1072 3598 7034 7285 1745 4595 7286 7035
5408 11 2 1 1 2622 2589 3543 3654 3221 5897 7178 6860 5989 5990
5409 11 2 1 1 3361 3559 3570 3651 5769 5870 4887 7029 6345 6613
5410 11 2 1 1 2547 3673 3467 3686 6731 5756 5765 6028 4934 7202
5411 11 2 1 1 2638 2663 2664 1239 3351 3354 3353 6228 7287 7258
5412 11 2 1 1 1313 2645 2663 2679 7164 3352 7213 6406 2889 3299
5413 11 2 1 1 3388 3519 3463 3634 5190 4139 5191 7137 7040 6289
5414 11 2 1 1 370 1269 1371 3550 7248 1880 6873 6869 6366 7196
5415 11 2 1 1 3471 3553 3391 3631 4604 4121 4135 3803 4168 6214
5416 11 2 1 1 1250 1172 1191 3575 2233 2246 2248 6863 6968 5415
5417 11 2 1 1 2573 3619 3540 3654 6967 6914 7200 6969 5788 6861
5418 11 2 1 1 3379 3534 3497 3644 4478 6075 5483 6591 6733 4488
5419 11 2 1 1 3371 3523 3613 3656 6587 6146 5350 6177 6658 7117
5420 11 2 1 1 3388 3613 3475 3634 6874 6590 7288 7137 6288 7064
5421 11 2 1 1 2623 2616 2615 3643 3167 3030 3329 6162 6555 5082
5422 11 2 1 1 2527 2525 2528 3480 2985 2987 2986 6902 5728 6086
5423 11 2 1 1 3525 3677 2612 3679 6565 7227 6821 5264 6822 7262
5424 11 2 1 1 1184 1185 3527 3572 2296 6477 3883 5269 5256 6976
5425 11 2 1 1 3465 3622 3521 3647 6966 6811 6796 6825 5413 7163
5426 11 2 1 1 3394 3521 3465 3669 4947 6796 5223 5227 5226 5779
5427 11 2 1 1 1315 1373 1210 2679 1806 2410 2414 7281 6536 7282
5428 11 2 1 1 2622 3543 2647 3658 7178 6815 3292 6098 7289 6702
5429 11 2 1 1 3430 3539 3526 3662 6917 7061 4088 5676 5312 6918
5430 11 2 1 1 254 267 335 3596 791 793 763 5934 4108 5951
5431 11 2 1 1 8 1105 9 3648 1442 1441 16 4832 7037 7208
5432 11 2 1 1 3430 3383 3596 3695 4297 4644 4645 6855 7290 6856
5433 11 2 1 1 2588 2583 2587 3588 3267 3262 3268 6795 7097 5295
5434 11 2 1 1 3400 3448 3526 3636 4004 4579 4076 4152 7291 4912
5435 11 2 1 1 2530 2533 2535 3592 3009 3012 3011 6723 5773 6800
5436 11 2 1 1 2537 2535 2536 3592 3034 3026 3035 6327 5824 5773
5437 11 2 1 1 317 3528 232 3672 5304 5693 668 5486 6009 5487
5438 11 2 1 1 1260 1356 2511 1251 2468 7292 7293 2467 7294 1754
5439 11 2 1 1 2647 3543 3603 3658 6815 5563 6816 7289 6892 6702
5440 11 2 1 1 3445 3381 3560 3650 6404 5250 6416 6837 7256 5077
5441 11 2 1 1 1086 2673 1226 3686 7133 7179 1824 6687 4562 7134
5442 11 2 1 1 1261 1118 1200 3591 1971 1980 1982 6895 6970 6788
5443 11 2 1 1 290 352 3544 3620 964 4431 6472 7094 7095 7295
5444 11 2 1 1 2683 1102 1295 1370 7296 1913 5862 4737 1915 1916
5445 11 2 1 1 3384 3653 3457 3668 7001 6886 7147 5882 6707 7195
5446 11 2 1 1 2574 2575 2577 3619 3217 3223 3222 6983 5997 6730
5447 11 2 1 1 2529 2614 2532 3476 2999 3008 3007 5457 5059 4835
5448 11 2 1 1 1120 3558 1118 3698 6748 7044 1978 6749 7139 5673
5449 11 2 1 1 1297 1255 308 3545 2473 5631 7297 6132 5632 4592
5450 11 2 1 1 3361 3491 3506 3688 4530 4085 4169 4171 3717 4238
5451 11 2 1 1 1267 3478 1266 3595 6321 7185 2483 6324 7298 6325
5452 11 2 1 1 3399 3542 3522 3687 5843 6630 3926 6503 6696 4999
5453 11 2 1 1 3447 3625 3490 3650 7155 5080 5141 4944 4876 5081
5454 11 2 1 1 2582 2579 2590 3517 3248 3250 3249 4752 7257 5694
5455 11 2 1 1 294 349 350 3571 982 985 984 6391 5830 5279
5456 11 2 1 1 323 238 235 3663 698 697 689 6268 6377 6376
5457 11 2 1 1 1231 1245 1145 3437 2115 2113 2114 4271 6193 4454
5458 11 2 1 1 2608 2611 2522 3502 2973 2972 2969 4469 7009 4305
5459 11 2 1 1 3375 3447 3601 3670 7299 7158 7252 7253 7107 7189
5460 11 2 1 1 3384 3429 3611 3668 4903 4906 4905 5882 7268 5881
5461 11 2 1 1 2622 2589 2647 3543 3221 3291 3292 7178 6815 5897
5462 11 2 1 1 3377 3533 3532 3593 4968 7153 5922 4846 7183 6693
5463 11 2 1 1 245 243 246 3526 722 737 736 4375 4078 4439
5464 11 2 1 1 1262 3595 3434 3696 6904 7026 6881 6907 6120 6225
5465 11 2 1 1 1235 349 1091 409 5278 7300 1854 6361 7301 613
5466 11 2 1 1 3463 3505 3375 3621 6393 5911 7098 6396 6057 6397
5467 11 2 1 1 3396 3499 3490 3612 5239 6830 3838 5475 5476 6035
5468 11 2 1 1 328 267 383 3483 853 852 854 5980 5288 6173
5469 11 2 1 1 3553 3554 3413 3688 5025 5244 4518 4124 3716 5639
5470 11 2 1 1 1319 1376 313 3638 1948 7302 7181 7303 7304 7305
5471 11 2 1 1 296 3660 3456 3672 6420 6421 5871 6868 5996 6719
5472 11 2 1 1 1132 1130 1378 3556 2039 2041 2040 6516 5807 5460
5473 11 2 1 1 303 367 1288 366 1016 7070 4250 857 6579 1017
5474 11 2 1 1 3479 3560 3381 3650 6417 5250 6390 6897 5077 7256
5475 11 2 1 1 3391 3554 3553 3688 4070 5025 4121 4125 4124 5639
5476 11 2 1 1 1107 1389 1249 314 1935 1895 1919 7243 7041 7235
5477 11 2 1 1 1268 1194 3632 3675 2325 7228 5102 6865 6866 6803
5478 11 2 1 1 1176 3487 1177 3682 6618 7210 2084 7306 7159 6847
5479 11 2 1 1 2606 3606 2651 3666 5908 7127 2962 5587 6343 6100
5480 11 2 1 1 3371 3587 3424 3657 5759 4894 4057 6387 4898 4897
5481 11 2 1 1 256 255 340 3604 790 795 794 6442 6041 5986
5482 11 2 1 1 3400 3690 3503 3695 3895 4979 4119 5977 5976 7307
5483 11 2 1 1 3360 3522 3542 3687 5298 6630 6117 6738 4999 6696
5484 11 2 1 1 345 344 295 3518 986 882 987 7129 6950 4082
5485 11 2 1 1 3375 3505 3463 3670 5911 6393 7098 7253 7250 7105
5486 11 2 1 1 1153 1286 1215 3507 2152 2155 2154 5338 6671 5395
5487 11 2 1 1 253 263 259 3600 787 786 785 6774 5633 6775
5488 11 2 1 1 3447 3625 3601 3670 7155 6920 7158 7189 7107 7150
5489 11 2 1 1 2618 3659 2673 3686 6493 7180 3144 5446 7134 6524
5490 11 2 1 1 1148 1151 1225 3576 2129 2131 2123 6764 5502 4490
5491 11 2 1 1 1222 1072 2658 3598 1744 7285 7079 5797 7035 7286
5492 11 2 1 1 3368 3490 3499 3612 6261 6830 6032 6034 6035 5476
5493 11 2 1 1 2520 2609 2521 3492 2960 2959 2955 6123 5845 5551
5494 11 2 1 1 297 3499 319 3676 6823 4983 995 5981 6031 5229
5495 11 2 1 1 2626 2576 3595 3610 3197 7198 7215 7063 7199 4363
5496 11 2 1 1 1205 1182 1201 3456 2293 2283 2294 4422 6282 3974
5497 11 2 1 1 1232 1265 1266 3584 1953 2453 2452 6017 7045 5578
5498 11 2 1 1 3387 3501 3640 3664 5575 5207 5344 6257 7247 5039
5499 11 2 1 1 318 233 236 3500 680 686 688 5443 4853 3744
5500 11 2 1 1 292 297 293 3620 973 972 963 6360 7239 7058
5501 11 2 1 1 1300 1299 1197 3544 2363 2359 2364 6668 6137 5360
5502 11 2 1 1 3438 3450 3529 3687 6103 6185 4785 6739 4303 5161
5503 11 2 1 1 294 276 348 3571 889 895 897 6391 5196 5519
5504 11 2 1 1 359 258 259 3600 809 784 810 5156 5633 5583
5505 11 2 1 1 2571 2572 2570 3497 3203 3202 3198 6900 3951 5209
5506 11 2 1 1 2519 2518 2517 3568 2944 2940 2945 5386 4050 5654
5507 11 2 1 1 305 271 344 3509 862 870 872 6190 4080 5699
5508 11 2 1 1 1256 3545 1257 3674 7308 3749 2217 7309 6543 6975
5509 11 2 1 1 3442 3663 3381 3697 6986 4361 5248 6647 6209 7021
5510 11 2 1 1 2570 2576 2568 3610 3196 3195 3193 4362 4584 4363
5511 11 2 1 1 3379 3555 3478 3584 6436 6812 6181 6423 6961 6018
5512 11 2 1 1 260 261 3538 3669 797 5927 6951 7059 6549 6807
5513 11 2 1 1 1277 3587 1173 3692 6988 4458 2241 7092 7087 5866
5514 11 2 1 1 1219 1278 1257 3590 2431 2218 2433 5494 3776 6746
5515 11 2 1 1 269 268 262 3669 828 824 829 5778 6077 7082
5516 11 2 1 1 3392 3614 3544 3620 4413 5118 5277 4102 7095 6266
5517 11 2 1 1 1135 1137 1273 3510 2063 2066 2065 5913 6698 6143
5518 11 2 1 1 1387 1333 401 1214 1784 7310 7148 2419 7017 2423
5519 11 2 1 1 1220 310 3574 3694 7122 7123 6999 7311 6884 7312
5520 11 2 1 1 2581 2572 2574 3540 3214 3212 3215 5803 6078 5620
5521 11 2 1 1 323 234 360 3536 690 691 693 6267 6657 3708
5522 11 2 1 1 1228 3487 1176 3682 6757 6618 2264 6852 7306 6847
5523 11 2 1 1 2626 3595 3434 3610 7215 7026 7062 7063 6463 7199
5524 11 2 1 1 3390 3539 3469 3646 7031 5670 6372 6242 6313 5393
5525 11 2 1 1 3375 3601 3447 3609 7252 7158 7299 6533 6118 7226
5526 11 2 1 1 3477 3591 3434 3696 6971 6312 5595 6121 6120 7143
5527 11 2 1 1 353 352 400 3544 1008 1031 1066 6798 4430 4431
5528 11 2 1 1 3404 3525 3454 3681 5263 4369 7205 5969 6392 5970
5529 11 2 1 1 3430 3596 3516 3695 4645 4109 4086 6855 7115 7290
5530 11 2 1 1 1170 3678 3599 3692 7313 5834 6638 6705 6200 6201
5531 11 2 1 1 3401 3603 3602 3691 6089 6858 5896 5812 4550 6213
5532 11 2 1 1 1226 1086 1312 2673 1824 1826 1825 7179 7237 7133
5533 11 2 1 1 1147 3484 1233 3673 5424 6694 2124 5757 6695 5758
5534 11 2 1 1 3 4 1389 329 11 1414 1413 7314 7259 5794
5535 11 2 1 1 315 3574 317 3672 5809 5853 663 7078 5486 5669
5536 11 2 1 1 3363 3625 3447 3650 4444 7155 7157 6896 4944 5081
5537 11 2 1 1 2535 2612 2530 3679 3013 2998 3011 5775 6724 6822
5538 11 2 1 1 3368 3563 3463 3674 5781 6840 6703 6339 4662 6385
5539 11 2 1 1 3450 3364 3562 3642 5159 4133 5160 4763 6370 4780
5540 11 2 1 1 2608 3637 2526 3677 6711 7315 2978 6314 6767 5912
5541 11 2 1 1 1252 3444 3563 3627 7192 6176 7193 7229 5782 4409
5542 11 2 1 1 3478 3584 1266 3595 6961 7045 7185 6325 7298 7027
5543 11 2 1 1 3483 3596 3411 3667 4107 4643 6729 6487 5851 7083
5544 11 2 1 1 1198 1115 3446 3661 1966 7119 5470 7316 6236 5692
5545 11 2 1 1 274 341 277 3485 875 887 886 4684 3900 6102
5546 11 2 1 1 3456 3550 3393 3660 3973 4499 5995 6421 6714 5637
5547 11 2 1 1 2523 2522 2521 3637 2964 2957 2965 5817 5816 7224
5548 11 2 1 1 3516 3596 3383 3695 4109 4644 4678 7115 6856 7290
5549 11 2 1 1 1198 3446 3583 3661 5470 4761 4936 7316 5931 6236
5550 11 2 1 1 337 336 334 3487 943 971 1051 7090 4043 6958
5551 11 2 1 1 2661 1296 2660 2594 7317 7278 2896 3310 3132 7277
5552 11 2 1 1 2629 1267 1321 2699 6508 1903 7318 3337 7319 6542
5553 11 2 1 1 1195 1150 3573 3671 2132 6664 6188 6586 5514 6909
5554 11 2 1 1 1194 3441 3632 3675 6802 4715 7228 6803 6866 5154
5555 11 2 1 1 1224 1215 1286 3507 2425 2155 2426 5839 5395 6671
5556 11 2 1 1 2606 2599 2651 3606 3323 3289 2962 5908 7127 6610
5557 11 2 1 1 2612 3677 2526 3679 7227 6767 2989 6822 7320 7262
5558 11 2 1 1 3375 3505 3464 3621 5911 4877 5910 6057 6445 6397
5559 11 2 1 1 1254 1253 1252 3444 2469 2193 2360 4289 7192 6070
5560 11 2 1 1 2520 2609 3492 3666 2960 5551 6123 5589 5762 5761
5561 11 2 1 1 3532 3533 3472 3588 7153 5857 6196 6239 6295 6187
5562 11 2 1 1 3383 3596 3483 3667 4644 4107 4677 5850 6487 7083
5563 11 2 1 1 1155 3567 1152 3671 5092 6375 2150 5094 6908 5095
5564 11 2 1 1 3532 3533 3402 3593 7153 3787 4791 7183 5760 6693
5565 11 2 1 1 2607 2519 2522 3565 2950 2956 2958 5549 7010 5185
5566 11 2 1 1 3475 3613 3388 3693 6590 6874 7288 6030 7173 5100
5567 11 2 1 1 3361 3481 3570 3688 4567 6346 4887 4171 4889 3733
5568 11 2 1 1 1391 1227 1325 3686 2441 2445 1830 6686 7234 7201
5569 11 2 1 1 2568 2626 2566 3610 3186 3185 3183 4584 7038 7063
5570 11 2 1 1 334 3487 336 3684 4043 6958 971 4044 7047 4045
5571 11 2 1 1 2637 2683 2634 3551 3347 2930 3261 5950 6994 4738
5572 11 2 1 1 3 4 329 1388 11 5794 7314 1412 5628 1411
5573 11 2 1 1 1077 1272 2603 1273 1775 6813 7321 1777 6697 1776
5574 11 2 1 1 1192 1188 1194 3632 2322 2324 2323 6963 7228 6910
5575 11 2 1 1 296 315 317 3672 990 663 992 6868 5486 7078
5576 11 2 1 1 2656 1088 2657 1242 7322 7323 3307 5964 7324 1838
5577 11 2 1 1 2628 2627 2576 3478 3234 3233 3235 6779 4199 6320
5578 11 2 1 1 1138 1137 1136 3549 2068 2064 2069 5112 6175 6142
5579 11 2 1 1 2616 2560 3537 3652 3157 6053 5538 5054 4787 6054
5580 11 2 1 1 3396 3613 3523 3656 5383 6146 3978 7141 7117 6658
5581 11 2 1 1 2548 2541 3581 3681 3066 6982 4341 6582 6905 7136
5582 11 2 1 1 2547 2604 3673 3686 3095 7265 6731 6028 7202 7325
5583 11 2 1 1 297 319 361 3676 995 673 994 5981 5230 6031
5584 11 2 1 1 2521 2609 2524 3492 2959 2968 2967 5845 5742 5551
5585 11 2 1 1 289 290 3614 3620 953 6478 5629 6265 6266 7094
5586 11 2 1 1 339 405 1228 3682 1056 6756 7326 7327 6852 6851
5587 11 2 1 1 249 254 248 3596 760 759 751 6653 6670 5934
5588 11 2 1 1 251 253 258 3547 774 777 776 6817 7071 6272
5589 11 2 1 1 1363 1233 1075 3673 1764 1763 1765 7266 7274 6695
5590 11 2 1 1 2642 2646 3546 3680 3023 7132 4913 4476 4914 6708
5591 11 2 1 1 350 1379 1237 1298 6264 2457 5829 7328 2456 1783
5592 11 2 1 1 2504 2652 2631 1264 2882 2881 2880 7329 7330 7331
5593 11 2 1 1 2630 2631 2584 3696 3275 3274 3272 6226 6833 6939
5594 11 2 1 1 3455 3564 3403 3645 6334 4728 4565 6049 4209 6862
5595 11 2 1 1 1376 1109 1104 3638 1925 1924 1926 7305 7332 5333
5596 11 2 1 1 3360 3488 3539 3695 4461 5330 5328 5975 6573 6857
5597 11 2 1 1 3416 3519 3575 3693 5511 6742 6743 6029 7020 6045
5598 11 2 1 1 1142 1143 1141 3645 2093 2092 2087 6405 4235 5069
5599 11 2 1 1 1379 1387 401 3641 1786 7148 7333 5784 7018 7149
5600 11 2 1 1 3511 3398 3615 3652 5050 6928 6020 5055 7022 5053
5601 11 2 1 1 1145 1144 1142 3645 2099 2098 2100 7116 6405 6369
5602 11 2 1 1 3502 3565 2522 3637 6589 7010 7009 6712 7224 6237
5603 11 2 1 1 1119 1120 1118 3698 1979 1978 1973 5216 7139 6749
5604 11 2 1 1 2536 2533 2617 3592 3027 3024 3028 5824 5236 6800
5605 11 2 1 1 3385 3615 3537 3652 6566 7334 3833 4915 4787 7022
5606 11 2 1 1 3475 3609 3375 3634 6066 6533 5509 6288 6287 6341
5607 11 2 1 1 2695 9 1105 3648 7260 1441 7270 7261 7208 7037
5608 11 2 1 1 1319 313 3604 3638 7181 7182 7162 7303 7028 7304
5609 11 2 1 1 3477 3558 3374 3591 6072 5454 6021 6971 6354 6972
5610 11 2 1 1 3471 3553 3390 3665 4604 6371 5004 6520 6913 5993
5611 11 2 1 1 252 302 346 3605 781 783 780 6367 3937 7124
5612 11 2 1 1 1269 304 1306 3675 7279 7100 2353 7197 6460 7101
5613 11 2 1 1 3543 3654 3426 3658 5989 5888 6501 6702 3817 7172
5614 11 2 1 1 290 293 352 3620 962 965 964 7094 7295 7239
5615 11 2 1 1 2562 2564 2563 3511 3164 3163 3159 5984 5624 5623
5616 11 2 1 1 282 280 3548 3684 912 6889 6718 6594 6227 7175
5617 11 2 1 1 2615 3546 2646 3643 7254 7132 3021 6555 6828 7138
5618 11 2 1 1 1319 388 1069 1287 7161 7335 1730 1731 1729 5738
5619 11 2 1 1 1317 363 347 1316 7336 564 6977 1738 5387 3795
5620 11 2 1 1 1188 1192 1189 3531 2322 2321 2317 6437 6438 5149
5621 11 2 1 1 1118 1120 1200 3558 1978 1981 1980 7044 6736 6748
5622 11 2 1 1 1167 1166 1278 3599 2210 2215 2214 4932 5793 4141
5623 11 2 1 1 1080 366 342 1344 7337 576 7338 1794 7144 7052
5624 11 2 1 1 3398 3615 3537 3639 6928 7334 5539 5652 4060 6567
5625 11 2 1 1 1215 2594 1087 3624 6853 7221 1832 6673 7222 6854
5626 11 2 1 1 1164 1162 1165 3621 2188 2196 2195 7069 6737 6395
5627 11 2 1 1 327 243 244 3662 734 726 735 6941 5313 5569
5628 11 2 1 1 1256 1161 1253 3674 2191 2192 2194 7309 7166 6933
5629 11 2 1 1 1379 1387 1078 401 1786 1785 1782 7333 7339 7148
5630 11 2 1 1 2544 2545 2546 3566 3054 3080 3079 4095 7019 5971
5631 11 2 1 1 1252 1158 1156 3627 2168 2167 2169 7229 6763 6681
5632 11 2 1 1 405 1076 1228 1229 7245 1770 6756 6744 1771 1772
5633 11 2 1 1 2648 2610 2612 3525 3102 2993 3038 6135 6821 5111
5634 11 2 1 1 341 274 272 3635 875 874 876 5613 5615 5307
5635 11 2 1 1 274 275 273 3635 879 878 873 5307 6127 5341
5636 11 2 1 1 3385 3537 3615 3639 3833 7334 6566 4165 6567 4060
5637 11 2 1 1 282 336 280 3684 915 914 912 6594 7175 7047
5638 11 2 1 1 1144 1308 1143 3645 2103 2102 2097 6369 5069 5821
5639 11 2 1 1 3386 3603 3543 3658 6640 5563 6494 3815 6702 6892
5640 11 2 1 1 3469 3539 3390 3665 5670 7031 6372 5994 6913 7340
5641 11 2 1 1 314 329 1389 3618 1035 7259 7235 7042 7236 6363
5642 11 2 1 1 1251 1073 2515 1303 1751 7341 4748 1753 7156 1752
5643 11 2 1 1 260 261 255 3538 797 796 766 6951 5877 5927
5644 11 2 1 1 3489 3559 3370 3560 6810 5962 3942 6418 6164 5770
5645 11 2 1 1 3390 3622 3465 3647 5005 6966 7089 6244 6825 7163
5646 11 2 1 1 2682 2604 1363 3673 2905 7264 7272 7273 7266 7265
5647 11 2 1 1 1259 3568 1164 3621 6469 7342 2204 6470 7069 6326
5648 11 2 1 1 2631 1264 2652 3696 7330 7331 2881 6939 7216 7194
5649 11 2 1 1 376 307 308 1255 1029 996 1030 7283 5631 4591
5650 11 2 1 1 3388 3634 3475 3693 7137 6288 7288 7173 6030 6680
5651 11 2 1 1 1311 1281 1084 3557 1815 1814 1816 4636 5179 6631
5652 11 2 1 1 2525 2613 2528 3603 2979 2988 2987 6088 5561 6893
5653 11 2 1 1 2528 2613 2647 3603 2988 3002 3001 5561 6816 6893
5654 11 2 1 1 3371 3456 3587 3657 5904 5905 5759 6387 4897 3975
5655 11 2 1 1 1154 1155 1156 3567 2149 2157 2156 7039 7024 5092
5656 11 2 1 1 3457 3653 3589 3668 6886 7167 6277 6707 5679 7195
5657 11 2 1 1 2546 3510 2601 3659 6659 6871 3090 7033 7177 6004
5658 11 2 1 1 2576 2627 2626 3595 3233 3232 3197 7198 7215 6323
5659 11 2 1 1 243 327 246 3662 734 738 737 5569 6617 6941
5660 11 2 1 1 1361 388 367 1288 7343 1018 7344 2494 7070 6660
5661 11 2 1 1 1171 3678 1170 3692 6760 7313 2230 7169 6705 6201
5662 11 2 1 1 214 383 311 1108 595 594 592 7345 7209 7174
5663 11 2 1 1 3447 3375 3609 3634 7299 6533 6118 6216 6341 6287
5664 11 2 1 1 313 1319 388 1069 7181 7161 629 7346 7335 1730
5665 11 2 1 1 3602 3603 3420 3691 6858 7000 4573 4550 4575 6213
5666 11 2 1 1 1203 1247 1124 3585 2012 1997 2010 5491 4608 5014
5667 11 2 1 1 1217 226 1218 3694 7075 7347 1871 6690 7348 7191
5668 11 2 1 1 1243 1242 2656 2624 2392 5964 7349 6927 2859 6546
5669 11 2 1 1 365 1334 1230 1231 7275 1511 7190 6212 2449 2450
5670 11 2 1 1 310 228 315 3574 652 662 661 7123 5809 5933
5671 11 2 1 1 388 221 313 1069 628 627 629 7335 7346 7350
5672 11 2 1 1 1288 1361 388 1287 2494 7343 6660 2368 5738 1732
5673 11 2 1 1 2604 1227 3673 3686 7263 7131 7265 7325 7202 7201
5674 11 2 1 1 2609 2524 3492 3691 2968 5742 5551 5554 4551 5743
5675 11 2 1 1 1323 1358 2691 1264 1912 6122 7351 1812 7352 2378
5676 11 2 1 1 3537 3615 3398 3652 7334 6928 5539 4787 5053 7022
5677 11 2 1 1 1270 1205 1371 3550 2295 2395 2394 4995 6366 4696
5678 11 2 1 1 1135 1273 1163 3689 2065 2067 2056 6115 5901 6701
5679 11 2 1 1 2532 2642 2646 3546 3019 3023 3022 5060 7132 4913
5680 11 2 1 1 3375 3634 3447 3670 6287 6216 7299 7253 7189 7188
5681 11 2 1 1 1155 1152 1274 3671 2150 2139 2151 5094 6799 6908
5682 11 2 1 1 356 355 279 3629 733 911 900 4407 4817 5404
5683 11 2 1 1 1224 2660 1296 1215 5838 7278 2427 2425 1836 6672
5684 11 2 1 1 1106 2634 1295 3551 6993 7206 1933 5119 5863 6994
5685 11 2 1 1 3589 3653 3433 3668 7167 7005 4861 5679 5401 7195
5686 11 2 1 1 317 315 228 3574 663 662 659 5853 5933 5809
5687 11 2 1 1 408 1220 1081 310 6998 1797 7353 600 7354 7122
5688 11 2 1 1 3375 3502 3601 3609 5909 6682 7252 6533 7226 7240
5689 11 2 1 1 222 393 1305 333 634 6453 7355 632 4553 635
5690 11 2 1 1 1292 1096 1396 3555 1440 1884 1886 5717 6709 6497
5691 11 2 1 1 1222 1223 1072 3598 1746 1745 1744 5797 7286 4595
5692 11 2 1 1 3521 3622 3415 3647 6811 6206 5412 5413 5347 7163
5693 11 2 1 1 1249 1385 1103 392 1921 1920 1918 6945 7356 7241
5694 11 2 1 1 3414 3601 3502 3609 5377 6682 4468 7225 7240 7226
5695 11 2 1 1 1171 3462 3678 3692 6758 5835 6760 7169 6201 6179
5696 11 2 1 1 2641 2560 2552 3537 3122 3121 3111 6772 4840 6053
5697 11 2 1 1 1372 2630 1100 2699 6782 7357 1904 7203 7358 2925
5698 11 2 1 1 1288 1344 1198 3583 2369 2366 2367 4254 4936 7053
5699 11 2 1 1 3366 3496 3616 3646 4956 4884 3986 5334 5246 5127
5700 11 2 1 1 1233 1147 1225 3484 2124 2122 2125 6694 4424 5424
5701 11 2 1 1 1338 1191 1178 3472 2273 2247 2274 6291 5858 6606
5702 11 2 1 1 339 1322 1228 405 7359 1773 7326 1056 6756 7360
5703 11 2 1 1 1217 1278 3590 3599 2238 6746 6706 6637 6634 5793
5704 11 2 1 1 2608 2523 2526 3637 2970 2976 2978 6711 7315 5817
5705 11 2 1 1 3369 3468 3547 3690 4580 7072 4512 4582 6955 3897
5706 11 2 1 1 3410 3630 3442 3663 4090 5047 7361 6378 6986 6525
5707 11 2 1 1 1175 1284 1134 3541 2062 2061 2050 6875 6762 5375
5708 11 2 1 1 2599 2588 2651 3472 3288 3283 3289 6607 6342 6398
5709 11 2 1 1 1228 1176 1177 3682 2264 2084 2265 6852 7159 7306
5710 11 2 1 1 1294 1311 1084 3557 1818 1816 1439 5503 5179 4636
5711 11 2 1 1 2527 2526 3677 3679 2984 6767 7267 6903 7262 7320
5712 11 2 1 1 2606 2515 2602 3606 2937 2932 2938 5908 7113 4052
5713 11 2 1 1 1290 2656 2657 1242 6604 3307 7154 1840 7324 5964
5714 11 2 1 1 3505 3563 3463 3670 6511 6840 6393 7105 7250 7219
5715 11 2 1 1 3383 3586 3461 3667 4726 6597 4689 5850 5852 6623
5716 11 2 1 1 357 3608 324 3663 5600 5771 713 5601 6985 3855
5717 11 2 1 1 1272 2601 2662 2603 6870 2876 7362 6813 3324 3091
5718 11 2 1 1 3421 3563 3505 3670 5780 6511 3849 7106 7105 7219
5719 11 2 1 1 1110 1232 1293 3667 1942 1883 1901 6915 7068 7023
5720 11 2 1 1 308 309 1297 3545 570 6131 7297 5632 6132 4249
5721 11 2 1 1 1132 1134 1133 3541 2049 2048 2044 6514 6747 6762
5722 11 2 1 1 1353 1220 1081 408 1799 1797 1800 4966 7353 6998
5723 11 2 1 1 311 1108 1109 1104 7209 1923 6995 7363 1924 1454
5724 11 2 1 1 2598 1304 1338 2599 7364 1844 6292 2865 6624 7065
5725 11 2 1 1 1217 226 1094 1218 7075 7074 1870 1871 1872 7347
5726 11 2 1 1 1396 1342 1292 3478 2487 1929 1886 6960 6949 6358
5727 11 2 1 1 1148 1225 1147 3576 2123 2122 2117 6764 5547 5502
5728 11 2 1 1 3489 3607 3376 3626 4389 6296 4493 5001 6427 5113
5729 11 2 1 1 3404 3454 3626 3681 7205 4370 4576 5969 6428 6392
5730 11 2 1 1 267 328 335 3483 853 808 793 6173 3719 5980
5731 11 2 1 1 3442 3630 3410 3697 5047 4090 7361 6647 4529 6819
5732 11 2 1 1 3387 3640 3451 3664 5344 5766 6269 6257 5037 7247
5733 11 2 1 1 2568 2566 2567 3579 3183 3175 3184 4881 4883 5592
5734 11 2 1 1 1230 1076 365 1229 1508 7244 7190 1774 6338 1772
5735 11 2 1 1 1130 1131 1127 3556 2026 2025 2023 5460 7049 6526
5736 11 2 1 1 3372 3561 3594 3633 4587 6678 4366 5362 6645 6932
5737 11 2 1 1 1122 3501 1121 3698 5315 5535 1985 5217 5536 5268
5738 11 2 1 1 1270 1269 1268 3550 2489 2351 2300 4995 5101 7196
5739 11 2 1 1 333 1305 1334 1231 4553 1861 7276 4272 2450 2451
5740 11 2 1 1 1342 1266 1267 3478 2485 2483 2486 6358 6321 7185
5741 11 2 1 1 289 292 290 3620 958 957 953 6265 7094 6360
5742 11 2 1 1 2598 2597 2588 3588 3286 3270 3287 6293 6795 6465
5743 11 2 1 1 3410 3663 3442 3697 6378 6986 7361 4529 6647 7021
5744 11 2 1 1 3472 3606 3575 3666 6611 7056 5859 6199 7088 6100
5745 11 2 1 1 2646 2567 2623 3643 3191 3177 3192 6828 6162 6829
5746 11 2 1 1 264 370 3550 3675 841 6869 5827 5828 5730 7249
5747 11 2 1 1 3481 3361 3570 3651 4567 4887 6346 3809 6345 7029
5748 11 2 1 1 2647 3603 2613 3658 6816 6893 3002 7289 6655 6892
5749 11 2 1 1 228 3574 310 3694 5933 7123 652 6883 7312 6884
5750 11 2 1 1 1223 2659 1072 2658 7223 7365 1745 7034 7285 3318
5751 11 2 1 1 1073 2602 2515 1303 7366 2932 7341 1752 7156 7111
5752 11 2 1 1 3400 3526 3539 3636 4076 7061 6563 4152 6564 7291
5753 11 2 1 1 1217 1170 1278 3599 2237 2223 2238 6637 5793 6638
5754 11 2 1 1 3451 3585 3385 3617 4609 6163 3906 5448 5447 6561
5755 11 2 1 1 2561 2595 2559 3495 3152 3151 3149 6270 4327 3981
5756 11 2 1 1 1228 1229 1176 3487 1771 2266 2264 6757 6618 4042
5757 11 2 1 1 2543 2548 2541 3581 3067 3066 3064 4811 6982 4341
5758 11 2 1 1 3368 3625 3447 3670 4194 7155 6571 7187 7189 7150
5759 11 2 1 1 2562 2623 2564 3511 3166 3165 3164 5984 5623 6147
5760 11 2 1 1 1220 1218 310 3694 2256 7367 7122 7311 7312 7348
5761 11 2 1 1 1100 1267 1372 2699 1902 1905 1904 7358 7203 6542
5762 11 2 1 1 1379 401 362 3641 7333 589 5783 5784 5354 7018
5763 11 2 1 1 363 1070 1306 1316 7368 1734 6459 3795 1735 1736
5764 11 2 1 1 273 271 272 3635 868 864 869 6127 5615 5702
5765 11 2 1 1 2691 2644 1358 1101 3278 6429 6122 7369 1910 7370
5766 11 2 1 1 2527 2612 2526 3679 2990 2989 2984 6903 7320 6822
5767 11 2 1 1 3463 3563 3368 3670 6840 5781 6703 7250 7187 7219
5768 11 2 1 1 1164 1259 1289 3568 2204 2208 2207 7342 5463 6469
5769 11 2 1 1 1290 2657 1088 1242 7154 7323 1839 1840 1838 7324
5770 11 2 1 1 1376 1104 311 3638 1926 7363 7371 7305 6996 7332
5771 11 2 1 1 3457 3570 3384 3668 5719 6824 7147 6707 5882 6347
5772 11 2 1 1 3519 3678 3575 3693 6777 6761 6742 6045 7020 7372
5773 11 2 1 1 301 352 353 3544 966 1008 1007 6473 6798 4431
5774 11 2 1 1 266 265 264 3550 838 817 839 4697 5827 6419
5775 11 2 1 1 3363 3479 3625 3650 4441 4446 4444 6896 5081 6897
5776 11 2 1 1 1149 1150 1148 3573 2128 2127 2119 6317 6665 6664
5777 11 2 1 1 1092 1386 1305 393 1863 1862 1860 7373 6453 7086
5778 11 2 1 1 2527 3677 3480 3679 7267 6158 6902 6903 6384 7262
5779 11 2 1 1 1239 2663 1313 3628 7258 7213 1888 6229 6409 7214
5780 11 2 1 1 2618 2557 2673 3659 3143 3142 3144 6493 7180 5958
5781 11 2 1 1 1123 1121 1122 3501 1993 1985 1994 4994 5315 5535
5782 11 2 1 1 1119 1117 1275 3661 1974 1976 1975 5214 5365 6351
5783 11 2 1 1 3383 3503 3690 3695 4145 4979 5641 6856 7307 5976
5784 11 2 1 1 400 307 376 1254 1032 1029 602 5173 7284 4290
5785 11 2 1 1 1396 1096 1232 3555 1884 1882 1885 6709 6014 6497
5786 11 2 1 1 1184 1183 1185 3572 2289 2297 2296 5269 6976 4158
5787 11 2 1 1 1268 1269 1194 3675 2351 2350 2325 6865 6803 7197
5788 11 2 1 1 1156 3567 1155 3627 7024 5092 2157 6763 5142 5144
5789 11 2 1 1 3402 3533 3532 3588 3787 7153 4791 4187 6239 6187
5790 11 2 1 1 1256 1253 3545 3674 2194 6071 7308 7309 6975 7166
5791 11 2 1 1 1269 370 371 304 7248 626 7374 7279 1020 842
5792 11 2 1 1 2678 2621 2593 3689 3304 3117 3305 6954 4164 6661
5793 11 2 1 1 3396 3569 3499 3612 5241 4985 5239 5475 6035 6929
5794 11 2 1 1 1168 3519 1167 3678 6251 4931 2212 6793 6776 6777
5795 11 2 1 1 3379 3584 3478 3610 6423 6961 6181 5485 4566 6768
5796 11 2 1 1 362 213 1379 350 587 7375 5783 586 6264 585
5797 11 2 1 1 1307 1269 371 304 1878 7374 7376 7377 1020 7279
5798 11 2 1 1 1244 3494 1241 3617 4690 7114 2047 4065 7093 4691
5799 11 2 1 1 1081 215 408 310 7378 599 7353 7354 600 597
5800 11 2 1 1 1253 1161 1252 3563 2192 2180 2193 7165 7193 6601
5801 11 2 1 1 2678 2593 2657 1290 3305 3306 3308 6953 7154 4159
5802 11 2 1 1 1259 1164 1165 3621 2204 2195 2205 6470 6737 7069
5803 11 2 1 1 2639 2583 2597 3588 3255 3269 3271 3990 6465 5295
5804 11 2 1 1 358 245 247 3683 746 744 747 4845 5010 4308
5805 11 2 1 1 358 251 258 3683 758 776 778 4845 7073 6818
5806 11 2 1 1 1256 1297 1257 3545 2474 2477 2217 7308 3749 6132
5807 11 2 1 1 348 349 294 3571 983 982 897 5196 6391 5279
5808 11 2 1 1 3375 3463 3634 3670 7098 7040 6287 7253 7188 7250
5809 11 2 1 1 1210 1209 1186 3530 2313 2304 2314 6537 5504 4174
5810 11 2 1 1 1379 1378 1213 3641 2420 2042 2421 5784 6495 6732
5811 11 2 1 1 2526 2523 2525 3677 2976 2974 2977 6767 5869 5868
5812 11 2 1 1 3462 3377 3575 3693 3893 5810 4332 5098 7020 5123
5813 11 2 1 1 3383 3690 3516 3695 5641 6849 4678 6856 7115 7307
5814 11 2 1 1 2526 3637 2523 3677 7315 5817 2976 6767 5868 5912
5815 11 2 1 1 331 374 1386 1221 1046 7379 7011 6551 2405 7380
5816 11 2 1 1 2662 1077 1272 2603 7381 1775 7362 3324 6813 7321
5817 11 2 1 1 2653 1087 2676 2594 7220 7382 2852 3125 3309 7221
5818 11 2 1 1 224 312 225 1219 643 642 638 7383 6192 5493
5819 11 2 1 1 1162 1161 1256 3674 2186 2191 2190 6842 7309 6933
5820 11 2 1 1 2525 2527 2526 3677 2985 2984 2977 5869 6767 7267
5821 11 2 1 1 298 361 3545 3676 993 6250 6281 6979 6936 5230
5822 11 2 1 1 1306 1269 1307 304 2353 1878 2490 7100 7377 7279
5823 11 2 1 1 2561 2562 2563 3652 3154 3159 3158 6726 6838 5985
5824 11 2 1 1 247 3516 250 3683 4323 3822 754 5010 6466 5132
5825 11 2 1 1 297 298 293 3676 978 977 972 5981 6980 6979
5826 11 2 1 1 2616 2562 2560 3652 3156 3155 3157 5054 6054 5985
5827 11 2 1 1 1132 1131 1130 3556 2038 2026 2039 6516 5460 6526
5828 11 2 1 1 345 401 1333 1214 988 7310 7384 7128 2423 7017
5829 11 2 1 1 1291 2678 1290 3689 7385 6953 2203 7386 4162 6954
5830 11 2 1 1 370 368 1371 220 624 6365 6873 623 7387 622
5831 11 2 1 1 374 1386 393 331 7379 7086 636 1046 1045 7011
5832 11 2 1 1 3539 3636 3526 3665 6564 7291 7061 7340 6522 7126
5833 11 2 1 1 224 225 223 1219 638 637 520 7383 7388 6192
5834 11 2 1 1 244 325 326 3622 728 740 739 4027 6489 5619
5835 11 2 1 1 1168 1167 1169 3678 2212 2220 2219 6793 6794 6776
5836 11 2 1 1 313 1376 311 3638 7302 7371 801 7304 6996 7305
5837 11 2 1 1 347 1103 1385 392 7389 1920 7251 1013 7241 7356
5838 11 2 1 1 1212 1080 342 1344 1792 7338 5643 1795 7144 1794
5839 11 2 1 1 3575 3606 3416 3666 7056 5371 6743 7088 5826 6100
5840 11 2 1 1 366 211 1080 342 577 7390 7337 576 7338 575
5841 11 2 1 1 225 227 226 3590 645 644 640 5846 7077 5498
5842 11 2 1 1 3456 3393 3657 3660 5995 4500 3975 6421 6717 6714
5843 11 2 1 1 3388 3613 3612 3656 6874 5477 5379 6539 6541 6658
5844 11 2 1 1 3390 3539 3526 3665 7031 7061 5003 6913 6522 7340
5845 11 2 1 1 2628 2695 2629 3648 3339 3338 3335 6780 6781 7261
5846 11 2 1 1 1129 1214 1213 3518 2036 2035 2034 5872 5874 7013
5847 11 2 1 1 2649 2549 2555 3520 3100 3106 3108 4093 4336 4339
5848 11 2 1 1 1277 1201 1180 3587 2285 2284 2253 6988 6562 6804
5849 11 2 1 1 1105 1347 2629 1342 1930 7391 7207 1928 6356 1931
5850 11 2 1 1 1196 1197 1299 3544 2163 2359 2358 5890 5360 6137
5851 11 2 1 1 2644 2691 2669 1101 3278 2886 3358 7370 7392 7369
5852 11 2 1 1 2513 1345 2634 1102 7393 7394 2927 7395 7396 1727
5853 11 2 1 1 296 321 3660 3672 846 7140 6420 6868 6719 6160
5854 11 2 1 1 240 237 239 3630 706 704 707 5061 5507 4089
5855 11 2 1 1 1302 1083 2631 3696 1811 7397 6938 6224 6939 7398
5856 11 2 1 1 1244 1241 1131 3617 2047 2027 2045 4065 5586 7093
5857 11 2 1 1 278 279 280 3653 898 904 903 7108 6890 6887
5858 11 2 1 1 1173 1171 1277 3692 2240 2242 2241 7087 7092 7169
5859 11 2 1 1 2624 2559 2595 3495 3146 3151 3153 6170 3981 4327
5860 11 2 1 1 1341 1227 1363 2604 2446 2443 1769 7399 7264 7263
5861 11 2 1 1 3394 3661 3583 3669 4959 5931 4216 5227 6278 7400
5862 11 2 1 1 2603 1291 1273 3689 7401 1779 6697 6700 6701 7386
5863 11 2 1 1 348 3589 278 3653 7204 6481 896 7184 7108 7167
5864 11 2 1 1 385 1299 1346 353 7402 1852 7403 1068 7404 7046
5865 11 2 1 1 1195 1150 1149 3573 2132 2128 2133 6188 6317 6664
5866 11 2 1 1 3582 3615 3398 3639 6402 6928 5435 6491 5652 6567
5867 11 2 1 1 296 321 265 3660 846 845 843 6420 6013 7140
5868 11 2 1 1 2615 2532 2646 3546 3015 3022 3021 7254 7132 5060
5869 11 2 1 1 401 213 1379 362 590 7375 7333 589 5783 587
5870 11 2 1 1 227 225 316 3590 645 647 646 5498 3774 5846
5871 11 2 1 1 336 286 280 3653 916 906 914 6959 6890 6843
5872 11 2 1 1 1292 3478 1342 3648 6949 6358 1929 6048 6891 6233
5873 11 2 1 1 3574 3692 1174 3694 5855 6704 7405 6884 6530 7246
5874 11 2 1 1 5 1098 4 3649 1418 1417 12 6483 7054 6753
5875 11 2 1 1 311 1104 1109 3638 7363 1924 6995 6996 5333 7332
5876 11 2 1 1 1295 2634 1345 1102 7206 7394 1914 1913 1727 7396
5877 11 2 1 1 373 389 1074 1301 582 7406 7407 6766 1758 6666
5878 11 2 1 1 303 268 366 3583 826 858 857 4252 6580 7081
5879 11 2 1 1 342 366 268 3583 576 858 855 5645 7081 6580
5880 11 2 1 1 2584 2626 2630 3595 3187 3273 3272 7152 6222 7215
5881 11 2 1 1 1234 1235 1091 409 1855 1854 1853 7231 7301 6361
5882 11 2 1 1 3384 3570 3559 3651 6824 5870 5940 4952 6613 6345
5883 11 2 1 1 1277 1174 3574 3692 2243 7405 6987 7092 5855 6704
5884 11 2 1 1 1267 1342 2629 1321 2486 6356 6508 1903 7318 2488
5885 11 2 1 1 1266 1342 1396 3478 2485 2487 2454 7185 6960 6358
5886 11 2 1 1 2615 2534 2531 3504 3018 3017 3014 6554 4651 6583
5887 11 2 1 1 1236 1235 349 1091 1858 5278 7120 1857 7300 1854
5888 11 2 1 1 3414 3609 3502 3637 7225 7240 4468 6713 6712 6238
5889 11 2 1 1 3526 3636 3448 3665 7291 4912 4579 6522 6521 7126
5890 11 2 1 1 279 355 281 3629 911 910 909 4817 6090 5404
5891 11 2 1 1 1252 1161 1158 3563 2180 2179 2168 7193 6510 6601
5892 11 2 1 1 3390 3465 3622 3662 7089 6966 5005 6615 5314 5713
5893 11 2 1 1 1331 368 369 1336 7408 1028 7409 1565 7410 7411
5894 11 2 1 1 3400 3683 3468 3690 4309 6859 3760 3895 3897 7211
5895 11 2 1 1 1272 3510 1137 3659 6814 6143 2075 7176 6144 6004
5896 11 2 1 1 1305 1092 393 222 1860 7373 6453 7355 634 7412
5897 11 2 1 1 2666 1318 1326 1283 7413 2493 7414 7415 1803 2373
5898 11 2 1 1 3430 3539 3488 3695 6917 5330 4301 6855 6857 6573
5899 11 2 1 1 1310 1309 1248 2685 2465 2385 1788 7416 4191 5301
5900 11 2 1 1 1106 1295 2634 1345 1933 7206 6993 1934 7394 1914
5901 11 2 1 1 1297 1253 1255 3545 2472 2470 2473 6132 4592 6071
5902 11 2 1 1 1129 1258 3518 3664 2017 6439 5872 5646 5943 5441
5903 11 2 1 1 1220 1353 1201 3574 1799 2380 2381 6999 6283 4357
5904 11 2 1 1 2594 1087 1296 1215 7221 1667 7277 6853 1836 1832
5905 11 2 1 1 1309 1358 2644 1101 1909 6429 5300 1908 7370 1910
5906 11 2 1 1 3583 3661 3446 3669 5931 6236 4761 6278 6605 7400
5907 11 2 1 1 344 273 295 3518 871 880 882 4082 6950 6126
5908 11 2 1 1 1331 1205 368 1336 2396 5522 7408 1565 7411 2397
5909 11 2 1 1 1215 1087 1211 3624 1832 1831 1833 6673 5932 7222
5910 11 2 1 1 2592 2547 2604 3673 3072 3095 3094 6992 7265 6731
5911 11 2 1 1 1213 3518 1214 3641 5874 7013 2035 6495 7015 6262
5912 11 2 1 1 1277 1180 1173 3587 2253 2252 2241 6988 4458 6562
5913 11 2 1 1 230 319 231 3569 670 669 665 6068 5292 4984
5914 11 2 1 1 1147 1146 1148 3576 2110 2118 2117 5547 6764 6248
5915 11 2 1 1 5 3586 1337 3649 6622 4560 1425 6483 5616 5617
5916 11 2 1 1 1179 1282 1199 3533 2278 2280 2272 4929 7043 3786
5917 11 2 1 1 376 1090 400 1254 7417 7418 602 7284 5173 1848
5918 11 2 1 1 3469 3636 3539 3665 6839 6564 5670 5994 7340 7126
5919 11 2 1 1 209 363 1317 1316 565 7336 7419 7420 1738 3795
5920 11 2 1 1 313 340 388 3604 803 1014 629 7182 5739 6041
5921 11 2 1 1 2619 1325 2604 3686 7233 7421 3325 6688 7325 7234
5922 11 2 1 1 1154 1152 1155 3567 2148 2150 2149 7039 5092 6375
5923 11 2 1 1 1257 1166 1256 3674 2216 2199 2217 6543 7309 4661
5924 11 2 1 1 1072 1224 1222 2658 1748 1747 1744 7285 7079 7080
5925 11 2 1 1 1296 2661 1087 2594 7317 7422 1667 7277 7221 3310
5926 11 2 1 1 3406 3594 3582 3633 5125 5233 5232 5220 5175 6645
5927 11 2 1 1 1096 6 1293 3586 1432 1423 1434 6498 6832 4872
5928 11 2 1 1 1190 1189 1280 3514 2319 2327 2326 5162 5724 6113
5929 11 2 1 1 1263 1265 1128 3584 2032 1962 2030 6644 6297 5578
5930 11 2 1 1 1263 1266 3584 3595 2482 7045 6644 7025 7027 7298
5931 11 2 1 1 1372 1263 1262 3595 2480 2031 2481 6783 6904 7025
5932 11 2 1 1 1208 1305 1386 3580 2407 1862 2406 6831 7012 4554
5933 11 2 1 1 1128 1116 1261 3591 1961 1970 1972 6299 6895 4719
5934 11 2 1 1 400 1090 1299 1254 7418 1849 5359 5173 1850 1848
5935 11 2 1 1 337 405 339 3682 1052 1056 1055 7091 7327 6851
5936 11 2 1 1 1310 2644 1309 2685 7423 5300 2465 7416 5301 2902
5937 11 2 1 1 1179 1199 1178 3533 2272 2271 2249 4929 4701 7043
5938 11 2 1 1 1220 3574 1174 3694 6999 7405 2255 7311 6530 6884
5939 11 2 1 1 2598 2501 1304 2599 2863 7424 7364 2865 7065 2864
5940 11 2 1 1 263 264 259 3675 815 814 786 6401 5731 5828
5941 11 2 1 1 1297 210 1071 1285 7425 7426 1740 1741 1739 7427
5942 11 2 1 1 1169 1172 1250 3575 2231 2233 2225 6792 6863 5415
5943 11 2 1 1 301 290 352 3544 955 964 966 6473 4431 6472
5944 11 2 1 1 1242 1204 1241 3494 2389 2022 2390 5966 7114 6166
5945 11 2 1 1 1274 1152 1150 3671 2139 2138 2140 6799 6909 6908
5946 11 2 1 1 1098 3618 4 3649 6752 6364 1417 6753 7054 6754
5947 11 2 1 1 2515 2514 2602 1073 2918 2933 2932 7341 7366 7428
5948 11 2 1 1 2663 1239 1313 1097 7258 1888 7213 7429 1889 1887
5949 11 2 1 1 2654 2600 1085 1351 2943 7430 7431 7432 1685 7433
5950 11 2 1 1 1371 370 220 1095 6873 623 7387 1879 7434 7435
5951 11 2 1 1 1166 1162 1256 3674 2198 2190 2199 4661 7309 6842
5952 11 2 1 1 1239 1238 1190 3628 2331 2320 2332 6229 6274 6632
5953 11 2 1 1 213 1379 1078 401 7375 1782 7436 590 7339 7333
5954 11 2 1 1 311 214 1108 1104 592 7345 7209 7363 1454 7437
5955 11 2 1 1 3423 3569 3528 3656 5746 5696 5306 6509 7118 6603
5956 11 2 1 1 2690 2666 1326 1283 2909 7414 7438 6186 1803 7415
5957 11 2 1 1 397 1322 339 405 7439 7359 1061 562 1056 7360
5958 11 2 1 1 2534 2617 2533 3623 3025 3024 3016 6584 6806 3780
5959 11 2 1 1 1214 1129 1258 3518 2036 2017 2037 7013 6439 5872
5960 11 2 1 1 1220 1277 1174 3574 2257 2243 2255 6999 7405 6987
5961 11 2 1 1 229 230 231 3569 656 665 664 5497 5292 6068
5962 11 2 1 1 3388 3462 3678 3693 5831 5835 5833 7173 7372 5098
5963 11 2 1 1 1210 1373 1209 3530 2410 2409 2313 6537 4174 4941
5964 11 2 1 1 2638 2577 2645 3628 3240 3237 3241 5106 6304 6000
5965 11 2 1 1 3511 3615 3432 3652 6020 5946 5920 5055 6725 7022
5966 11 2 1 1 251 247 250 3683 756 754 757 6818 6466 5010
5967 11 2 1 1 370 1371 1269 1095 6873 1880 7248 7435 1877 1879
5968 11 2 1 1 1227 1341 1325 2604 2446 1652 2445 7263 7421 7399
5969 11 2 1 1 2560 2641 2616 3537 3122 3032 3157 6053 5538 6772
5970 11 2 1 1 2655 2695 2633 3648 2854 3341 3345 4834 5885 7261
5971 11 2 1 1 2530 2527 2529 3679 2996 2994 2997 6724 6382 6903
5972 11 2 1 1 350 213 1379 1298 585 7375 6264 7328 1783 7440
5973 11 2 1 1 1212 1275 1344 3583 2002 2365 1795 5291 7053 4816
5974 11 2 1 1 253 259 258 3600 785 784 777 6774 5583 5633
5975 11 2 1 1 276 277 278 3589 885 894 893 5252 6481 6276
5976 11 2 1 1 1186 1184 1185 3527 2301 2296 2302 4448 6477 3883
5977 11 2 1 1 3569 3612 3396 3656 6929 5475 5241 6603 7141 6541
5978 11 2 1 1 2698 2659 1223 2596 2874 7223 4470 3316 6544 3317
5979 11 2 1 1 1195 1274 1150 3671 2141 2140 2132 6586 6909 6799
5980 11 2 1 1 1237 1236 350 1298 2261 7171 5829 2456 7328 2455
5981 11 2 1 1 255 249 260 3538 765 767 766 5877 6951 6652
5982 11 2 1 1 3584 3595 3478 3610 7027 6325 6961 6768 4566 7199
5983 11 2 1 1 2589 2614 2647 3543 3290 3003 3291 5897 6815 4836
5984 11 2 1 1 1194 1269 1306 3675 2350 2353 2352 6803 6460 7197
5985 11 2 1 1 2636 2592 2682 3673 3302 3300 3303 6260 7273 6992
5986 11 2 1 1 1113 1115 1114 3535 1955 1954 1950 6255 5919 5691
5987 11 2 1 1 2556 2658 2596 3598 3141 3140 3139 5422 5234 7035
5988 11 2 1 1 3423 3692 3574 3694 5854 5855 5665 6532 6884 7246
5989 11 2 1 1 1295 1311 1294 3551 2463 1818 1932 5863 5294 6374
5990 11 2 1 1 1076 1228 1322 405 1770 1773 1505 7245 7360 6756
5991 11 2 1 1 1273 2603 1077 1291 6697 7321 1777 1779 1780 7401
5992 11 2 1 1 372 1376 311 313 7441 7371 593 1034 801 7302
5993 11 2 1 1 1347 2629 2695 1105 7391 3338 7442 1930 7270 7207
5994 11 2 1 1 2590 2647 2613 3658 3294 3002 3293 6683 6655 7289
5995 11 2 1 1 313 256 3604 3638 802 6442 7182 7304 7028 6279
5996 11 2 1 1 2615 2646 2623 3643 3021 3192 3329 6555 6162 6828
5997 11 2 1 1 2522 2519 2521 3565 2956 2954 2957 7010 6864 5185
5998 11 2 1 1 309 210 308 1297 569 568 570 6131 7297 7425
5999 11 2 1 1 1376 1319 1111 3638 1948 1947 1939 7305 6728 7303
6000 11 2 1 1 1142 1140 1279 3564 2088 2090 2089 6069 4614 4727
6001 11 2 1 1 322 358 320 3597 748 812 703 5212 5720 4844
6002 11 2 1 1 1319 3604 1111 3638 7162 6061 1947 7303 6728 7028
6003 11 2 1 1 3434 3595 3584 3610 7026 7027 6311 6463 6768 7199
6004 11 2 1 1 227 226 3590 3694 644 7077 5498 6942 6635 7191
6005 11 2 1 1 266 264 370 3550 839 841 840 4697 6869 5827
6006 11 2 1 1 283 285 284 3524 928 927 923 5085 6330 5418
6007 11 2 1 1 1203 1204 1348 3495 2020 2387 2386 5489 6879 6169
6008 11 2 1 1 337 338 286 3682 945 944 942 7091 6846 5690
6009 11 2 1 1 1176 1140 1139 3611 2082 2078 2083 6621 4954 4023
6010 11 2 1 1 264 304 370 3675 833 842 841 5828 7249 7101
6011 11 2 1 1 1118 1261 1116 3591 1971 1970 1968 6788 4719 6895
6012 11 2 1 1 1294 1106 1295 3551 1446 1933 1932 5294 5863 5119
6013 11 2 1 1 238 357 324 3663 711 713 710 6376 6985 5601
6014 11 2 1 1 247 248 250 3516 749 755 754 4323 3822 6220
6015 11 2 1 1 1308 1147 1233 3673 2111 2124 2126 5903 6695 5757
6016 11 2 1 1 223 1343 224 1219 7443 7444 520 7388 7383 1876
6017 11 2 1 1 331 393 332 3580 1045 1044 951 6096 5282 6454
6018 11 2 1 1 1201 1277 1220 3574 2285 2257 2381 6283 6999 6987
6019 11 2 1 1 1227 1308 1363 3673 2106 2444 2443 7131 7266 5903
6020 11 2 1 1 363 209 1070 1316 565 7445 7368 3795 1736 7420
6021 11 2 1 1 1135 1134 1136 3552 2054 2059 2058 5916 6628 6627
6022 11 2 1 1 1369 1327 2636 1216 1768 7446 6258 2429 7447 2430
6023 11 2 1 1 1227 2604 1325 3686 7263 7421 2445 7201 7234 7325
6024 11 2 1 1 2517 2518 2516 3568 2940 2939 2934 4050 6151 5654
6025 11 2 1 1 366 1365 1288 1344 7448 2495 6579 7052 2369 1796
6026 11 2 1 1 332 287 331 3580 935 949 951 5282 6096 5798
6027 11 2 1 1 286 348 278 3653 907 896 905 6843 7108 7184
6028 11 2 1 1 1337 5 6 3586 1425 13 1426 4560 4872 6622
6029 11 2 1 1 289 290 288 3614 953 952 939 5629 5117 6478
6030 11 2 1 1 1348 1243 2625 2624 2393 7449 6877 6878 3311 6927
6031 11 2 1 1 1322 1228 1234 339 1773 2268 2447 7359 7450 7326
6032 11 2 1 1 304 386 1306 363 1019 7451 7100 835 6459 567
6033 11 2 1 1 1289 1259 1260 3568 2208 2466 2478 5463 6319 6469
6034 11 2 1 1 285 289 288 3614 940 939 938 5697 5117 5629
6035 11 2 1 1 265 321 359 3660 845 847 818 6013 6475 7140
6036 11 2 1 1 1113 1114 1112 3535 1950 1949 1944 6255 5472 5919
6037 11 2 1 1 1210 1313 1315 2679 2412 2415 2414 6536 7281 6406
6038 11 2 1 1 1319 1376 1320 313 1948 1927 1733 7181 7452 7302
6039 11 2 1 1 1325 2693 2619 2604 7453 3327 7233 7421 3325 2907
6040 11 2 1 1 2632 2633 2628 3648 3257 3340 3236 6232 6780 5885
6041 11 2 1 1 1299 1300 1346 353 2363 2497 1852 7046 7404 6797
6042 11 2 1 1 2644 1310 2507 2685 7423 7454 2901 2902 2898 7416
6043 11 2 1 1 1235 1175 1236 3571 2258 2259 1858 5027 7121 6876
6044 11 2 1 1 3468 3683 3547 3690 6859 6467 7072 3897 6955 7211
6045 11 2 1 1 3396 3528 3569 3656 4963 5696 5241 7141 6603 7118
6046 11 2 1 1 248 254 335 3596 759 763 762 6670 4108 5934
6047 11 2 1 1 1237 1175 1378 3571 2262 2052 2263 5352 5822 6876
6048 11 2 1 1 1208 1245 1305 3580 2136 2408 2407 6831 4554 5537
6049 11 2 1 1 1272 1273 1137 3510 1776 2066 2075 6814 6143 6698
6050 11 2 1 1 1224 2660 2658 2506 5838 2894 7080 7455 2892 2893
6051 11 2 1 1 1371 1269 1270 3550 1880 2489 2394 6366 4995 7196
6052 11 2 1 1 299 324 357 3608 1000 713 1001 5410 5600 5771
6053 11 2 1 1 1228 1234 339 3682 2268 7450 7326 6852 7327 7232
6054 11 2 1 1 2559 2560 2561 3652 3120 3150 3149 4786 6726 6054
6055 11 2 1 1 1263 1267 1266 3595 2484 2483 2482 7025 7298 6324
6056 11 2 1 1 1127 1125 1129 3664 2014 2016 2015 7050 5646 5038
6057 11 2 1 1 2600 1289 1085 1351 5040 1819 7430 7433 1685 1820
6058 11 2 1 1 1389 1098 1249 3618 1421 1892 1895 7236 6946 6752
6059 11 2 1 1 1083 2504 2631 1264 7456 2880 7397 1808 7330 7329
6060 11 2 1 1 1167 3599 1170 3678 4932 6638 2222 6776 7313 5834
6061 11 2 1 1 1125 1123 1258 3664 2004 2006 2005 5038 5441 5440
6062 11 2 1 1 1214 1258 1352 3518 2037 2400 2422 7013 5171 6439
6063 11 2 1 1 2663 2638 2645 3628 3351 3241 3352 7214 6304 5106
6064 11 2 1 1 1262 1083 1302 3696 1807 1811 1810 6907 6224 7398
6065 11 2 1 1 1171 1169 1170 3678 2229 2221 2230 6760 7313 6794
6066 11 2 1 1 1256 1253 1297 3545 2194 2472 2474 7308 6132 6071
6067 11 2 1 1 1177 1176 1139 3611 2084 2083 2085 6931 4954 6621
6068 11 2 1 1 253 251 252 3547 774 769 775 6272 6246 6817
6069 11 2 1 1 1330 1220 1218 310 1798 2256 2432 7457 7367 7122
6070 11 2 1 1 2627 2699 2630 3595 3336 2925 3333 6323 6222 6940
6071 11 2 1 1 2673 2601 1312 3659 2877 7458 7237 7180 7238 7177
6072 11 2 1 1 1218 226 310 3694 7347 651 7367 7348 7312 7191
6073 11 2 1 1 309 298 361 3545 998 993 999 4249 6250 6281
6074 11 2 1 1 239 237 238 3630 704 696 705 5507 6038 4089
6075 11 2 1 1 1193 1189 1192 3531 2328 2321 2329 4843 5149 6438
6076 11 2 1 1 308 1354 1255 1297 7459 2476 5631 7297 2473 1743
6077 11 2 1 1 2602 2599 2606 3606 2868 3323 2938 7113 5908 6610
6078 11 2 1 1 1318 2666 2598 2597 7413 3320 6575 6926 3286 3319
6079 11 2 1 1 298 297 361 3676 978 994 993 6979 5230 5981
6080 11 2 1 1 2608 2522 2523 3637 2969 2964 2970 6711 5817 7224
6081 11 2 1 1 2625 1243 1348 1374 7449 2393 6877 7460 1791 1625
6082 11 2 1 1 363 304 263 3675 835 834 836 5155 6401 7101
6083 11 2 1 1 1306 386 1070 363 7451 7461 1734 6459 7368 567
6084 11 2 1 1 260 262 261 3669 820 819 797 7059 6807 6077
6085 11 2 1 1 244 326 354 3622 739 742 741 4027 6965 6489
6086 11 2 1 1 2606 2651 2520 3666 2962 2961 2948 5587 5589 6343
6087 11 2 1 1 271 305 269 3509 862 861 859 5699 6083 6190
6088 11 2 1 1 2502 2698 1368 2600 2872 3909 7462 2870 4681 2873
6089 11 2 1 1 1198 3583 1275 3661 4936 4816 1977 7316 5365 5931
6090 11 2 1 1 2656 2500 1243 2624 2860 7463 7349 2859 6927 2858
6091 11 2 1 1 403 3 1389 329 7464 1413 7465 1037 7259 7314
6092 11 2 1 1 1168 1165 1167 3519 2211 2209 2212 6251 4931 5942
6093 11 2 1 1 1372 2630 1302 1100 6782 6221 1907 1904 1906 7357
6094 11 2 1 1 1159 1223 1222 3598 2183 1746 2174 4879 5797 4595
6095 11 2 1 1 328 329 314 3618 1036 1035 806 6362 7042 6363
6096 11 2 1 1 1271 1272 1137 3659 2076 2075 2073 6336 6144 7176
6097 11 2 1 1 1107 1249 1103 392 1919 1918 1586 7242 7356 6945
6098 11 2 1 1 2603 2678 1291 3689 2914 7385 7401 6700 7386 6954
6099 11 2 1 1 322 320 236 3597 703 702 699 5212 4854 5720
6100 11 2 1 1 2512 1100 2630 2699 7466 7357 2922 2924 2925 7358
6101 11 2 1 1 1220 1330 1081 310 1798 1559 1797 7122 7354 7457
6102 11 2 1 1 2609 2650 2524 3691 2982 2981 2968 5554 5743 6107
6103 11 2 1 1 1135 1133 1134 3552 2053 2048 2054 5916 6627 5570
6104 11 2 1 1 394 329 383 1388 1041 1040 596 7467 5285 5628
6105 11 2 1 1 226 364 1218 310 641 7468 7347 651 7367 653
6106 11 2 1 1 382 349 218 1091 611 610 466 7469 7470 7300
6107 11 2 1 1 1211 1153 1215 3624 2145 2154 1833 5932 6673 5581
6108 11 2 1 1 256 340 313 3604 794 803 802 6442 7182 6041
6109 11 2 1 1 1360 1236 382 1091 1859 7471 7472 1496 7469 1857
6110 11 2 1 1 281 282 280 3548 913 912 908 5529 6889 6718
6111 11 2 1 1 1127 1241 1126 3617 2019 2018 2013 7051 6560 7093
6112 11 2 1 1 302 257 314 3618 782 805 804 7125 7042 7151
6113 11 2 1 1 2573 2574 2572 3540 3213 3212 3207 7200 5620 6078
6114 11 2 1 1 222 1305 1334 333 7355 1861 7473 632 7276 4553
6115 11 2 1 1 2567 2566 2564 3579 3175 3174 3176 4883 5663 5592
6116 11 2 1 1 1175 1134 1132 3541 2050 2049 2051 6875 6514 6762
6117 11 2 1 1 1243 2625 2677 1374 7449 3332 7474 1625 7475 7460
6118 11 2 1 1 1091 349 218 409 7300 610 7470 7301 612 613
6119 11 2 1 1 374 331 373 1221 1046 1042 1047 7380 6550 6551
6120 11 2 1 1 1110 1109 1111 3638 1899 1938 1937 7135 6728 5333
6121 11 2 1 1 342 387 1080 1212 578 7476 7338 5643 1792 7477
6122 11 2 1 1 1272 1312 2601 3659 2491 7458 6870 7176 7177 7238
6123 11 2 1 1 1241 1244 1242 3494 2047 2464 2390 7114 5966 4690
6124 11 2 1 1 2626 2568 2576 3610 3186 3195 3197 7063 4363 4584
6125 11 2 1 1 372 1320 1376 313 7478 1927 7441 1034 7302 7452
6126 11 2 1 1 357 351 299 3608 1002 931 1001 5600 5410 6204
6127 11 2 1 1 1332 1080 387 1212 1472 7476 7479 1793 7477 1792
6128 11 2 1 1 1212 343 1332 1276 6452 7480 1793 2399 2417 6568
6129 11 2 1 1 1089 1338 1318 2598 1843 1846 1845 7481 6575 6292
6130 11 2 1 1 2542 2543 2541 3581 3065 3064 3059 5140 6982 4811
6131 11 2 1 1 1223 1324 2698 1368 2440 7482 4470 2438 3909 1823
6132 11 2 1 1 2661 2676 1087 2594 2786 7382 7422 3310 7221 3309
6133 11 2 1 1 209 363 347 1317 565 564 563 7419 6977 7336
6134 11 2 1 1 2557 2546 2601 3659 3082 3090 3089 5958 7177 7033
6135 11 2 1 1 2693 1325 1341 2604 7453 1652 7483 2907 7399 7421
6136 11 2 1 1 2503 2601 1312 2673 2875 7458 7484 2878 7237 2877
6137 11 2 1 1 3546 3633 3419 3643 3958 3956 3930 7138 5066 5065
6138 11 2 1 1 341 325 356 3631 1039 731 902 6449 3888 5923
6139 11 2 1 1 371 370 1269 1095 626 7248 7374 7485 1877 7435
6140 11 2 1 1 382 349 1236 350 611 7120 7471 1065 7171 985
6141 11 2 1 1 394 3 329 1388 7486 7314 1041 7467 5628 1412
6142 11 2 1 1 2634 2633 2581 3551 3259 3258 3260 6994 6332 6074
6143 11 2 1 1 2541 2548 2648 3681 3066 3068 3048 7136 6306 6582
6144 11 2 1 1 1106 2634 2655 2667 6993 3346 4831 7487 3348 2928
6145 11 2 1 1 2656 2500 1242 1243 2860 7488 5964 7349 2392 7463
6146 11 2 1 1 409 339 1234 3682 1058 7450 7231 5689 7232 7327
6147 11 2 1 1 1076 1322 397 405 1505 7439 7489 7245 562 7360
6148 11 2 1 1 1299 1346 1090 385 1852 1532 1849 7402 7490 7403
6149 11 2 1 1 1221 373 1074 1301 6550 7407 1756 1757 1758 6766
6150 11 2 1 1 2553 2594 2554 3624 3124 3123 3105 4800 6786 6854
6151 11 2 1 1 1268 1188 1185 3632 2310 2309 2298 5102 6911 6910
6152 11 2 1 1 314 403 1389 329 608 7465 7235 1035 7259 1037
6153 11 2 1 1 1354 308 210 1297 7459 568 7491 1743 7425 7297
6154 11 2 1 1 242 356 325 3631 732 731 725 3801 5923 3888
6155 11 2 1 1 1113 1111 1319 3604 1945 1947 1946 6060 7162 6061
6156 11 2 1 1 347 377 1103 392 1064 7492 7389 1013 7356 609
6157 11 2 1 1 2653 2636 2498 1216 2849 2848 2850 4128 7493 7447
6158 11 2 1 1 2654 2511 2516 1260 2807 2919 2921 7494 6318 7293
6159 11 2 1 1 1272 1312 1328 2601 2491 2492 1778 6870 7495 7458
6160 11 2 1 1 2544 2539 2545 3566 3050 3055 3054 4095 5971 3976
6161 11 2 1 1 1289 1085 1368 2600 1819 1822 1821 5040 4681 7430
6162 11 2 1 1 1083 1264 2631 3696 1808 7330 7397 7398 6939 7194
6163 11 2 1 1 2677 2625 1243 2624 3332 7449 7474 2861 6927 3311
6164 11 2 1 1 400 1299 385 353 5359 7402 604 1066 1068 7046
6165 11 2 1 1 1218 1220 1174 3694 2256 2255 2254 7348 6530 7311
6166 11 2 1 1 1069 388 1361 1287 7335 7343 1463 1729 1732 5738
6167 11 2 1 1 1170 1167 1278 3599 2222 2214 2223 6638 5793 4932
6168 11 2 1 1 1205 1371 368 1336 2395 6365 5522 2397 7411 1881
6169 11 2 1 1 1104 1376 311 372 1926 7371 7363 7496 593 7441
6170 11 2 1 1 308 298 309 3545 997 998 570 5632 4249 6281
6171 11 2 1 1 268 261 262 3669 823 819 824 7082 6077 6807
6172 11 2 1 1 2601 1312 1328 2503 7458 2492 7495 2875 7497 7484
6173 11 2 1 1 2603 2546 2621 3689 3092 3084 3093 6700 6661 6734
6174 11 2 1 1 317 232 321 3672 668 682 681 5486 6160 6009
6175 11 2 1 1 1343 223 1094 1219 7443 7498 1550 1876 1873 7388
6176 11 2 1 1 1302 2672 2630 2631 7499 2923 6221 6938 3275 3344
6177 11 2 1 1 382 1236 349 1091 7471 7120 611 7469 7300 1857
6178 11 2 1 1 2622 2647 2590 3658 3292 3294 3251 6098 6683 7289
6179 11 2 1 1 2679 2663 1313 2505 2889 7213 6406 2888 7500 2887
6180 11 2 1 1 2596 2586 2556 3598 3138 3134 3139 5234 5422 4937
6181 11 2 1 1 2640 2690 1082 1373 3355 7501 7502 4939 1804 6093
6182 11 2 1 1 2510 2603 2678 1291 2912 2914 2913 7503 7385 7401
6183 11 2 1 1 1313 1366 2679 2505 1891 7504 6406 7500 2888 7505
6184 11 2 1 1 1319 1287 1113 3604 1731 1957 1946 7162 6060 5275
6185 11 2 1 1 348 276 278 3589 895 893 896 7204 6481 5252
6186 11 2 1 1 1383 2499 9 1105 7506 7507 1408 1447 1441 7508
6187 11 2 1 1 2634 1106 1345 2667 6993 1934 7394 2928 7509 7487
6188 11 2 1 1 347 346 302 3605 1011 783 1012 5388 7124 3937
6189 11 2 1 1 1333 379 401 345 7510 591 7310 7384 988 1063
6190 11 2 1 1 365 378 1334 333 1050 7511 7275 1049 7276 633
6191 11 2 1 1 2520 2651 2609 3666 2961 2963 2960 5589 5761 6343
6192 11 2 1 1 2515 2514 1073 2511 2918 7428 7341 2917 7512 2810
6193 11 2 1 1 313 1320 1319 1069 7452 1733 7181 7346 1730 1460
6194 11 2 1 1 2656 2500 1364 1242 2860 7513 7514 5964 1841 7488
6195 11 2 1 1 1203 1124 1126 3585 2010 2008 2011 5491 6558 4608
6196 11 2 1 1 2565 2584 2652 3696 3178 3181 3180 6119 7216 6833
6197 11 2 1 1 1251 1250 1303 3606 2227 2336 1753 4749 7112 6432
6198 11 2 1 1 392 347 302 3605 1013 1012 1010 6944 7124 5388
6199 11 2 1 1 1156 1155 1196 3627 2157 2162 2161 6763 6518 5142
6200 11 2 1 1 211 387 1080 342 442 7476 7390 575 7338 578
6201 11 2 1 1 3388 3678 3519 3693 5833 6777 5190 7173 6045 7372
6202 11 2 1 1 2498 2636 1327 1216 2848 7446 7515 7493 2430 7447
6203 11 2 1 1 1339 1098 1337 3649 1894 1427 1896 4631 5616 6753
6204 11 2 1 1 1198 1117 1115 3661 1965 1964 1966 7316 5692 6351
6205 11 2 1 1 373 389 212 1074 582 581 580 7407 7516 7406
6206 11 2 1 1 1213 1214 1387 3641 2035 2419 2418 6495 7149 7015
6207 11 2 1 1 1342 1347 2629 1321 1931 7391 6356 2488 7318 1593
6208 11 2 1 1 1092 1386 393 374 1863 7086 7373 7517 636 7379
6209 11 2 1 1 1119 1122 1121 3698 1986 1985 1984 5216 5536 5217
6210 11 2 1 1 2573 2571 2589 3654 3208 3210 3209 6969 5990 6898
6211 11 2 1 1 1391 1325 1086 2619 1830 1649 1827 6684 6685 7233
6212 11 2 1 1 5 1293 6 3586 1424 1423 13 6622 4872 6832
6213 11 2 1 1 1224 2660 2506 1296 5838 2893 7455 2427 7518 7278
6214 11 2 1 1 2617 2534 2641 3623 3025 3031 3033 3780 6885 6584
6215 11 2 1 1 1312 1271 1226 3659 2442 2096 1825 7238 6523 6336
6216 11 2 1 1 2642 2569 2646 3680 3201 3190 3023 4476 6708 4545
6217 11 2 1 1 1357 376 1255 1254 7519 7283 2475 1851 2471 7284
6218 11 2 1 1 2634 2581 2637 3551 3260 3226 3261 6994 5950 6332
6219 11 2 1 1 1142 1279 1145 3564 2089 2101 2100 6069 6333 4614
6220 11 2 1 1 2592 2604 2682 3673 3094 2905 3300 6992 7273 7265
6221 11 2 1 1 217 1107 392 314 7520 7242 607 605 606 7243
6222 11 2 1 1 2653 2498 1087 1216 2850 7521 7220 4128 1835 7493
6223 11 2 1 1 2650 2613 2524 3691 2983 2980 2981 6107 5743 6656
6224 11 2 1 1 219 395 345 1352 616 620 619 7522 7269 5170
6225 11 2 1 1 1350 2678 1290 1291 7523 6953 1842 2496 2203 7385
6226 11 2 1 1 1317 1070 209 1316 1580 7445 7419 1738 7420 1736
6227 11 2 1 1 2589 2622 2573 3654 3221 3220 3209 5990 6969 6860
6228 11 2 1 1 2594 2553 2653 3624 3124 3126 3125 6854 4129 4800
6229 11 2 1 1 2618 2673 2619 3686 3144 3330 3326 5446 6688 7134
6230 11 2 1 1 1198 1275 1117 3661 1977 1976 1965 7316 6351 5365
6231 11 2 1 1 1167 1170 1169 3678 2222 2221 2220 6776 6794 7313
6232 11 2 1 1 323 357 238 3663 712 711 698 6268 6376 5601
6233 11 2 1 1 2533 2536 2535 3592 3027 3026 3012 6800 5773 5824
6234 11 2 1 1 3516 3690 3400 3695 6849 3895 4075 7115 5977 7307
6235 11 2 1 1 275 362 295 3641 890 892 881 6172 7008 5354
6236 11 2 1 1 1175 1237 1236 3571 2262 2261 2259 6876 7121 5352
6237 11 2 1 1 2630 2672 1302 1100 2923 7499 6221 7357 1906 7524
6238 11 2 1 1 388 1361 406 1069 7343 7525 631 7335 7526 1463
6239 11 2 1 1 1217 1278 1219 3590 2238 2431 1874 6706 5494 6746
6240 11 2 1 1 2509 1326 1082 2690 7527 1709 7528 2910 7501 7438
6241 11 2 1 1 3575 3678 3462 3693 6761 5835 4332 7020 5098 7372
6242 11 2 1 1 1241 1127 1131 3617 2019 2025 2027 7093 5586 7051
6243 11 2 1 1 1097 1366 1313 2505 1718 1891 1889 7529 7500 7505
6244 11 2 1 1 150 151 2666 1384 198 2821 2820 1702 7530 1701
6245 11 2 1 1 390 409 1234 1375 614 7231 7531 7532 1856 7533
6246 11 2 1 1 2498 1087 2676 2653 7521 7382 2783 2850 2852 7220
6247 11 2 1 1 1100 1321 1267 2699 1596 1903 1902 7358 6542 7319
6248 11 2 1 1 1291 1290 1163 3689 2203 2201 2202 7386 5901 4162
6249 11 2 1 1 1226 1143 1227 3686 2095 2105 2104 4562 7201 4980
6250 11 2 1 1 1099 1110 1293 3667 1898 1901 1428 6598 7068 6915
6251 11 2 1 1 1283 1082 2690 1373 1802 7501 6186 1805 6093 1804
6252 11 2 1 1 375 1354 308 210 7534 7459 571 511 568 7491
6253 11 2 1 1 1340 345 1333 1214 7535 7384 1484 2424 2423 7128
6254 11 2 1 1 219 343 395 1276 615 617 616 7536 6919 6568
6255 11 2 1 1 226 364 1094 1218 641 7537 7074 7347 1872 7468
6256 11 2 1 1 293 290 292 3620 962 957 963 7239 6360 7094
6257 11 2 1 1 1341 1363 1075 2682 1769 1765 1655 7538 7271 7272
6258 11 2 1 1 2602 1304 2501 2599 7110 7424 2867 2868 2864 7065
6259 11 2 1 1 3400 3516 3683 3690 4075 5132 4309 3895 7211 6849
6260 11 2 1 1 1239 1313 1238 3628 1888 2413 2331 6229 6632 6409
6261 11 2 1 1 1366 1315 2679 2505 1715 7281 7504 7505 2888 7539
6262 11 2 1 1 1083 1262 1264 3696 1807 1809 1808 7398 7194 6907
6263 11 2 1 1 408 1081 1353 1331 7353 1800 4966 7540 1801 1562
6264 11 2 1 1 1313 1366 1315 2679 1891 1715 2415 6406 7281 7504
6265 11 2 1 1 1142 1144 1143 3645 2098 2097 2093 6405 5069 6369
6266 11 2 1 1 406 221 388 1069 431 628 631 7526 7335 7350
6267 11 2 1 1 222 1092 393 374 7412 7373 634 487 636 7517
6268 11 2 1 1 1326 2509 2666 2690 7527 2825 7414 7438 2909 2910
6269 11 2 1 1 2665 2501 1089 2598 2819 7541 7542 2866 7481 2863
6270 11 2 1 1 2657 1350 2678 1290 7543 7523 3308 7154 6953 1842
6271 11 2 1 1 2499 2695 9 1105 2855 7260 7507 7508 1441 7270
6272 11 2 1 1 1082 2675 2640 2671 7544 3357 7502 7545 3356 2831
6273 11 2 1 1 366 1080 1365 1344 7337 1469 7448 7052 1796 1794
6274 11 2 1 1 1350 2696 2657 2678 7546 2749 7543 7523 3308 2916
6275 11 2 1 1 2550 2552 2551 3685 3110 3109 3087 5972 6047 4841
6276 11 2 1 1 313 311 256 3638 801 800 802 7304 6279 6996
6277 11 2 1 1 1174 1171 1170 3692 2234 2230 2235 6704 6705 7169
6278 11 2 1 1 1079 2625 2507 2685 7547 2897 7548 7549 2898 2899
6279 11 2 1 1 1086 2503 1312 2673 7550 7484 1826 7133 7237 2878
6280 11 2 1 1 1368 1085 2502 2600 1822 7551 7462 4681 2870 7430
6281 11 2 1 1 2502 2698 1324 1368 2872 7482 7552 7462 1823 3909
6282 11 2 1 1 291 334 336 3684 969 971 926 4395 7047 4044
6283 11 2 1 1 389 1074 1301 1300 7406 1758 6666 6667 1761 1760
6284 11 2 1 1 1119 1121 1120 3698 1984 1983 1979 5216 6749 5536
6285 11 2 1 1 2500 1364 1242 1243 7513 1841 7488 7463 2392 1624
6286 11 2 1 1 2571 2569 2642 3680 3199 3201 3200 6901 4476 4545
6287 11 2 1 1 1288 367 1365 366 7070 7553 2495 6579 7448 1017
6288 11 2 1 1 1315 1082 2640 2671 1712 7502 7280 7554 3356 7545
6289 11 2 1 1 1349 1094 364 1218 1553 7537 7555 1875 7468 1872
6290 11 2 1 1 60 59 386 1380 107 543 542 1573 7556 1572
6291 11 2 1 1 345 1340 1352 1214 7535 1869 7269 7128 2422 2424
6292 11 2 1 1 1092 1305 1334 222 1860 1861 1514 7412 7473 7355
6293 11 2 1 1 267 256 311 3638 792 800 799 5952 6996 6279
6294 11 2 1 1 2695 2499 1383 1105 2855 7506 7557 7270 1447 7508
6295 11 2 1 1 2558 2551 2552 3685 3113 3109 3114 7006 4841 6047
6296 11 2 1 1 2656 1364 1088 1242 7514 1628 7322 5964 1838 1841
6297 11 2 1 1 1275 1198 1344 3583 1977 2366 2365 4816 7053 4936
6298 11 2 1 1 347 1103 1317 1385 7389 1583 6977 7251 1922 1920
6299 11 2 1 1 2583 2588 2597 3588 3267 3270 3269 5295 6465 6795
6300 11 2 1 1 272 274 273 3635 874 873 869 5615 6127 5307
6301 11 2 1 1 2626 2627 2630 3595 3232 3333 3273 7215 6222 6323
6302 11 2 1 1 38 37 410 1230 85 477 476 1507 7558 1506
6303 11 2 1 1 1083 1323 2504 1264 1605 7559 7456 1808 7329 1812
6304 11 2 1 1 227 228 226 3694 650 649 644 6942 7191 6883
6305 11 2 1 1 1082 2640 1373 1315 7502 4939 1804 1712 1806 7280
6306 11 2 1 1 1330 1218 364 310 2432 7468 7560 7457 653 7367
6307 11 2 1 1 1340 219 345 1352 7561 619 7535 1869 7269 7522
6308 11 2 1 1 2660 2506 1296 2661 2893 7518 7278 2896 7317 2789
6309 11 2 1 1 390 1234 409 339 7531 7231 614 1060 1058 7450
6310 11 2 1 1 2630 2672 1100 2512 2923 7524 7357 2922 7466 2718
6311 11 2 1 1 228 310 226 3694 652 651 649 6883 7191 7312
6312 11 2 1 1 2695 2629 1347 2687 3338 7391 7442 2857 7562 3343
6313 11 2 1 1 1250 1191 1303 3606 2248 2337 2336 6432 7112 6609
6314 11 2 1 1 1383 1347 2695 1105 1590 7442 7557 1447 7270 1930
6315 11 2 1 1 1358 2691 1101 1323 6122 7369 1910 1912 1608 7351
6316 11 2 1 1 2668 2682 1075 2636 2908 7271 7563 3349 7564 3303
6317 11 2 1 1 296 317 321 3672 992 681 846 6868 6160 5486
6318 11 2 1 1 2664 1102 2513 2683 7565 7395 2843 2931 2929 7296
6319 11 2 1 1 2511 2654 1351 1260 2807 7432 7566 7293 2479 7494
6320 11 2 1 1 409 338 339 3682 1057 1054 1058 5689 7327 5690
6321 11 2 1 1 1265 1263 1266 3584 2032 2482 2453 5578 7045 6644
6322 11 2 1 1 1249 1207 1385 3605 2402 2403 1921 6943 7145 5414
6323 11 2 1 1 2678 1350 2510 1291 7523 7567 2913 7385 7503 2496
6324 11 2 1 1 1303 1355 2602 1304 1755 7568 7111 2338 7110 1697
6325 11 2 1 1 1075 1369 1327 2636 1766 1768 1658 7564 7446 6258
6326 11 2 1 1 257 328 314 3618 807 806 805 7151 7042 6362
6327 11 2 1 1 2604 2547 2618 3686 3095 3097 3096 7325 5446 6028
6328 11 2 1 1 1327 2670 1075 2636 7569 7570 1658 7446 7564 2851
6329 11 2 1 1 1236 382 1298 1360 7471 7571 2455 1859 1493 7472
6330 11 2 1 1 2602 1073 1355 1303 7366 1694 7568 7111 1755 1752
6331 11 2 1 1 2601 1328 1272 2662 7495 1778 6870 2876 7362 7572
6332 11 2 1 1 400 216 1090 376 603 7573 7418 602 7417 505
6333 11 2 1 1 220 368 1371 1336 622 6365 7387 7574 1881 7411
6334 11 2 1 1 2648 2537 2541 3681 3037 3046 3048 6306 7136 6328
6335 11 2 1 1 1076 208 365 405 7575 558 7244 7245 559 560
6336 11 2 1 1 62 61 380 1317 109 549 548 1579 7576 1578
6337 11 2 1 1 2684 1086 2619 2673 7577 6685 3331 2879 3330 7133
6338 11 2 1 1 2667 1345 2634 2513 7509 7394 2928 2846 2927 7393
6339 11 2 1 1 394 383 1108 1388 596 7174 7578 7467 1936 5285
6340 11 2 1 1 1091 1234 409 1375 1853 7231 7301 1499 7533 1856
6341 11 2 1 1 1070 386 209 363 7461 547 7445 7368 565 567
6342 11 2 1 1 376 308 375 1255 1030 571 508 7283 7579 5631
6343 11 2 1 1 1372 1267 1263 3595 1905 2484 2480 6783 7025 6324
6344 11 2 1 1 1341 2508 2693 2604 7580 2771 7483 7399 2907 2904
6345 11 2 1 1 1194 1188 1268 3632 2324 2310 2325 7228 5102 6910
6346 11 2 1 1 1307 371 1269 1095 7376 7374 1878 1571 1877 7485
6347 11 2 1 1 1398 3 394 1388 1401 7486 7581 1415 7467 1412
6348 11 2 1 1 385 1090 1299 400 7490 1849 7402 604 5359 7418
6349 11 2 1 1 2656 1364 2697 1088 7514 7582 2862 7322 7583 1628
6350 11 2 1 1 2603 2510 1077 1291 2912 7584 7321 7401 1780 7503
6351 11 2 1 1 2696 1350 2510 2678 7546 7567 2753 2916 2913 7523
6352 11 2 1 1 1236 382 350 1298 7471 1065 7171 2455 7328 7571
6353 11 2 1 1 1262 1261 1264 3696 2029 2376 1809 6907 7194 7104
6354 11 2 1 1 2612 2527 2530 3679 2990 2996 2998 6822 6724 6903
6355 11 2 1 1 2600 1085 2674 2654 7430 7585 2871 2943 2804 7431
6356 11 2 1 1 213 1078 1379 1298 7436 1782 7375 7440 1783 1490
6357 11 2 1 1 1322 1234 390 339 2447 7531 7586 7359 1060 7450
6358 11 2 1 1 220 370 371 1095 623 626 541 7434 7485 7435
6359 11 2 1 1 1072 1329 2659 1223 1676 7587 7365 1745 7223 1749
6360 11 2 1 1 374 1335 1386 1221 7588 1864 7379 7380 2405 2437
6361 11 2 1 1 1086 2684 2503 2673 7577 2765 7550 7133 2878 2879
6362 11 2 1 1 2514 2602 1073 1355 2933 7366 7428 7589 1694 7568
6363 11 2 1 1 1105 1292 1342 3648 1445 1929 1928 7208 6891 6048
6364 11 2 1 1 226 364 223 1094 641 523 639 7074 7498 7537
6365 11 2 1 1 1093 1393 404 1276 1478 7590 7591 1865 7592 1868
6366 11 2 1 1 2603 2621 2678 3689 3093 3304 2914 6700 6954 6661
6367 11 2 1 1 1382 1106 2655 2667 1448 4831 7593 7594 3348 7487
6368 11 2 1 1 2691 2669 1101 1323 2886 7392 7369 7351 1608 7595
6369 11 2 1 1 2560 2562 2561 3652 3155 3154 3150 6054 6726 5985
6370 11 2 1 1 1387 1333 1078 401 1784 1487 1785 7148 7339 7310
6371 11 2 1 1 336 282 291 3684 915 924 926 7047 4395 6594
6372 11 2 1 1 1235 1234 1177 3682 1855 2269 2270 5030 7159 7232
6373 11 2 1 1 4 1098 1389 3618 1417 1421 1414 6364 7236 6752
6374 11 2 1 1 376 1357 1090 1254 7519 1535 7417 7284 1848 1851
6375 11 2 1 1 1389 1107 403 314 1935 7596 7465 7235 608 7243
6376 11 2 1 1 381 1300 389 353 7597 6667 584 1067 1009 6797
6377 11 2 1 1 2695 9 2655 2499 7260 7036 2854 2855 2853 7507
6378 11 2 1 1 1072 1224 2658 2506 1748 7080 7285 7598 2892 7455
6379 11 2 1 1 278 280 286 3653 903 906 905 7108 6843 6890
6380 11 2 1 1 2679 1315 2640 2671 7281 7280 3298 2891 3356 7554
6381 11 2 1 1 1381 128 127 2510 1632 175 1633 7599 2751 2752
6382 11 2 1 1 1313 2663 1097 2505 7213 7429 1889 7500 7529 2887
6383 11 2 1 1 1362 1224 2506 1296 1750 7455 7600 1670 7518 2427
6384 11 2 1 1 251 358 247 3683 758 747 756 6818 5010 4845
6385 11 2 1 1 1320 372 411 313 7478 425 7601 7452 630 1034
6386 11 2 1 1 375 1357 376 1255 7602 7519 508 7579 7283 2475
6387 11 2 1 1 1327 2670 2636 2498 7569 2851 7446 7515 2848 2780
6388 11 2 1 1 2665 1089 2666 2598 7542 7603 2822 2866 3320 7481
6389 11 2 1 1 3 1389 1397 403 1413 1416 1400 7464 7604 7465
6390 11 2 1 1 394 383 214 1108 596 595 419 7578 7345 7174
6391 11 2 1 1 391 32 31 1298 458 79 459 7605 1488 1489
6392 11 2 1 1 264 263 304 3675 815 834 833 5828 7101 6401
6393 11 2 1 1 1218 1174 1217 3694 2254 2236 1871 7348 6690 6530
6394 11 2 1 1 2699 1321 2629 2680 7319 7318 3337 2926 3342 7606
6395 11 2 1 1 2602 1355 2688 1304 7568 7607 2869 7110 7608 1697
6396 11 2 1 1 1361 367 388 406 7344 1018 7343 7525 631 435
6397 11 2 1 1 392 1103 1107 217 7356 1586 7242 607 7520 7609
6398 11 2 1 1 1325 2684 1086 2619 7610 7577 1649 7233 6685 3331
6399 11 2 1 1 2690 1326 1082 1283 7438 1709 7501 6186 1802 1803
6400 11 2 1 1 1318 2666 1089 2598 7413 7603 1845 6575 7481 3320
6401 11 2 1 1 1072 1224 2506 1362 1748 7455 7598 1673 7600 1750
6402 11 2 1 1 217 403 1107 314 557 7596 7520 605 7243 608
6403 11 2 1 1 308 1354 375 1255 7459 7534 571 5631 7579 2476
6404 11 2 1 1 1249 1339 1207 3605 1893 2346 2402 6943 5414 4935
6405 11 2 1 1 373 212 402 1359 580 493 583 7611 7612 7613
6406 11 2 1 1 1258 1129 1125 3664 2017 2016 2005 5441 5038 5646
6407 11 2 1 1 2673 2557 2601 3659 3142 3089 2877 7180 7177 5958
6408 11 2 1 1 2687 1347 2695 1383 7562 7442 2857 7614 7557 1590
6409 11 2 1 1 1196 1252 1156 3627 2170 2169 2161 6518 6763 7229
6410 11 2 1 1 2631 2652 2584 3696 2881 3181 3274 6939 6833 7216
6411 11 2 1 1 1300 389 1074 381 6667 7406 1760 7597 7615 584
6412 11 2 1 1 2511 1351 1356 1260 7566 1688 7292 7293 2468 2479
6413 11 2 1 1 1111 1109 1376 3638 1938 1925 1939 6728 7305 5333
6414 11 2 1 1 1292 1105 8 3648 1445 1442 1435 6048 4832 7208
6415 11 2 1 1 2668 1075 2670 2636 7563 7570 2777 3349 2851 7564
6416 11 2 1 1 2701 2510 1077 2603 2756 7584 7616 2915 7321 2912
6417 11 2 1 1 311 214 1104 372 592 7437 7363 593 7496 422
6418 11 2 1 1 1103 377 347 1317 7492 1064 7389 1583 6977 7617
6419 11 2 1 1 373 212 1359 1074 580 7613 7611 7407 1523 7516
6420 11 2 1 1 1097 156 155 2692 1716 203 1717 7618 2835 2836
6421 11 2 1 1 1074 1359 373 1221 1523 7611 7407 1756 6550 1759
6422 11 2 1 1 374 373 402 1359 1047 583 490 7619 7612 7611
6423 11 2 1 1 368 396 369 1336 625 535 1028 7411 7410 7620
6424 11 2 1 1 1228 1177 1234 3682 2265 2269 2268 6852 7232 7159
6425 11 2 1 1 2655 9 1106 1382 7036 1444 4831 7593 1448 1405
6426 11 2 1 1 339 338 337 3682 1054 945 1055 7327 7091 5690
6427 11 2 1 1 404 219 1093 1276 448 7621 7591 7592 1865 7536
6428 11 2 1 1 1325 2693 2684 2619 7453 2768 7610 7233 3331 3327
6429 11 2 1 1 1340 1093 219 1352 1481 7621 7561 1869 7522 1867
6430 11 2 1 1 295 362 401 3641 892 589 989 7008 7018 5354
6431 11 2 1 1 1390 43 44 381 1524 91 1525 7622 494 495
6432 11 2 1 1 210 1071 1354 1297 7426 1541 7491 7425 1743 1740
6433 11 2 1 1 1336 1371 220 1095 1881 7387 7574 1568 7434 1879
6434 11 2 1 1 219 404 343 1276 448 618 615 7536 6568 7592
6435 11 2 1 1 2689 1395 1309 1101 7623 1911 7624 7625 1908 1611
6436 11 2 1 1 1291 1163 1273 3689 2202 2067 1779 7386 6701 5901
6437 11 2 1 1 211 1080 1365 366 7390 1469 7626 577 7448 7337
6438 11 2 1 1 1386 1092 1335 374 1863 1517 1864 7379 7588 7517
6439 11 2 1 1 2502 1085 2674 2600 7551 7585 2801 2870 2871 7430
6440 11 2 1 1 1312 1367 2503 1086 1829 7627 7484 1826 7550 1646
6441 11 2 1 1 123 122 1079 2694 170 1616 1615 2735 7628 2734
6442 11 2 1 1 5 1337 1098 3649 1425 1427 1418 6483 6753 5616
6443 11 2 1 1 2675 2690 1082 2640 2911 7501 7544 3357 7502 3355
6444 11 2 1 1 1108 1398 394 1388 1451 7581 7578 1936 7467 1415
6445 11 2 1 1 1334 378 365 1230 7511 1050 7275 1511 7190 7629
6446 11 2 1 1 1335 1092 40 374 1517 1513 1515 7588 486 7517
6447 11 2 1 1 2689 2644 1309 1310 2903 5300 7624 7630 2465 7423
6448 11 2 1 1 2644 2669 2689 1101 3358 2730 2903 7370 7625 7392
6449 11 2 1 1 1347 2629 1321 2680 7391 7318 1593 7631 7606 3342
6450 11 2 1 1 141 142 2659 1329 189 2794 2793 1675 7587 1674
6451 11 2 1 1 131 130 1367 2503 178 1642 1641 2761 7627 2760
6452 11 2 1 1 1328 1077 1272 2662 1640 1775 1778 7572 7362 7381
6453 11 2 1 1 1272 1271 1312 3659 2076 2442 2491 7176 7238 6336
6454 11 2 1 1 1090 385 216 400 7490 502 7573 7418 603 604
6455 11 2 1 1 2686 140 141 1072 2790 188 2791 7632 1671 1672
6456 11 2 1 1 2633 2695 2628 3648 3341 3339 3340 5885 6780 7261
6457 11 2 1 1 2689 1309 2644 1101 7624 5300 2903 7625 7370 1908
6458 11 2 1 1 2662 2601 1328 2503 2876 7495 7572 2762 7497 2875
6459 11 2 1 1 134 2508 1341 2668 2770 7580 1650 2772 7633 2774
6460 11 2 1 1 1365 407 211 366 7634 439 7626 7448 577 579
6461 11 2 1 1 1387 1379 1213 3641 1786 2421 2418 7149 6495 5784
6462 11 2 1 1 1389 1107 1397 403 1935 1587 1416 7465 7604 7596
6463 11 2 1 1 137 136 1377 2498 184 1660 1659 2779 7635 2778
6464 11 2 1 1 1310 2689 2644 2507 7630 2903 7423 7454 2901 2733
6465 11 2 1 1 222 40 1092 374 482 1513 7412 487 7517 486
6466 11 2 1 1 2700 159 2 1382 2704 207 2705 7636 1406 1410
6467 11 2 1 1 384 1330 364 310 7637 7560 526 598 653 7457
6468 11 2 1 1 1357 375 1354 1255 7602 7534 1538 2475 2476 7579
6469 11 2 1 1 31 1078 391 1298 1486 7638 459 1488 7605 1490
6470 11 2 1 1 209 347 380 1317 563 566 550 7419 7576 6977
6471 11 2 1 1 223 364 52 1349 523 522 518 7639 1551 7555
6472 11 2 1 1 1321 1100 2512 2699 1596 7466 7640 7319 2924 7358
6473 11 2 1 1 1392 1071 398 1285 1544 7641 7642 1742 7643 1739
6474 11 2 1 1 1359 1335 374 1221 1520 7588 7619 1759 7380 2437
6475 11 2 1 1 377 380 347 1317 553 566 1064 7617 6977 7576
6476 11 2 1 1 1363 1308 1233 3673 2444 2126 1764 7266 6695 5903
6477 11 2 1 1 1333 379 345 1340 7510 1063 7384 1484 7535 7644
6478 11 2 1 1 1334 378 222 333 7511 484 7473 7276 632 633
6479 11 2 1 1 380 61 1070 1317 549 1576 7645 7576 1580 1578
6480 11 2 1 1 2629 1347 2687 2680 7391 7562 3343 3342 2712 7631
6481 11 2 1 1 1234 1322 390 1375 2447 7586 7531 1856 7532 1502
6482 11 2 1 1 116 117 2672 1394 164 2717 2716 1598 7646 1597
6483 11 2 1 1 138 1296 2661 1087 1666 7317 2784 1662 7422 1667
6484 11 2 1 1 1171 1174 1277 3692 2234 2243 2242 7169 7092 6704
6485 11 2 1 1 1103 62 380 1317 1581 548 7647 1583 7576 1579
6486 11 2 1 1 2502 2659 142 1329 2798 2794 2796 7648 1674 7587
6487 11 2 1 1 374 373 1359 1221 1047 7611 7619 7380 1759 6550
6488 11 2 1 1 213 350 391 1298 585 588 460 7440 7605 7328
6489 11 2 1 1 364 53 52 1349 521 100 522 7555 1551 1552
6490 11 2 1 1 1315 153 1082 2671 1711 1707 1712 7554 7545 2829
6491 11 2 1 1 2510 1381 1077 1291 7599 1637 7584 7503 1780 1781
6492 11 2 1 1 224 398 312 1285 517 574 643 7649 5357 7643
6493 11 2 1 1 1380 386 1306 1307 7556 7451 1737 1574 2490 7650
6494 11 2 1 1 379 1078 1333 401 7651 1487 7510 591 7310 7339
6495 11 2 1 1 2701 1077 2662 2603 7616 7381 2759 2915 3324 7321
6496 11 2 1 1 1226 1227 1391 3686 2104 2441 1828 4562 6686 7201
6497 11 2 1 1 2498 1377 1087 1216 7635 1664 7521 7493 1835 1837
6498 11 2 1 1 2676 138 2661 1087 2782 2784 2786 7382 7422 1662
6499 11 2 1 1 1077 129 128 2701 1635 176 1636 7616 2754 2755
6500 11 2 1 1 2699 2512 1321 2680 2924 7640 7319 2926 7606 2715
6501 11 2 1 1 2677 1243 2500 2624 7474 7463 2742 2861 2858 6927
6502 11 2 1 1 2675 1082 153 2671 7544 1707 2827 2831 2829 7545
6503 11 2 1 1 1082 2509 2690 2675 7528 2910 7501 7544 2911 2828
6504 11 2 1 1 1075 134 1341 2668 1654 1650 1655 7563 7633 2772
6505 11 2 1 1 407 1365 367 366 7634 7553 436 579 1017 7448
6506 11 2 1 1 2700 2 9 1382 2705 17 7652 7636 1405 1406
6507 11 2 1 1 1107 63 64 217 1584 111 1585 7520 554 555
6508 11 2 1 1 1086 132 2684 1325 1644 2764 7577 1649 7610 1648
6509 11 2 1 1 345 399 219 1340 621 451 619 7535 7561 7653
6510 11 2 1 1 40 41 1335 374 88 1516 1515 486 7588 485
6511 11 2 1 1 2499 2687 2695 1383 2709 2857 2855 7506 7557 7614
6512 11 2 1 1 364 1349 1218 1330 7555 1875 7468 7560 2432 1556
6513 11 2 1 1 1304 2688 2602 2501 7608 2869 7110 7424 2867 2816
6514 11 2 1 1 1390 212 43 381 7654 491 1524 7622 495 496
6515 11 2 1 1 1384 2666 150 2665 7530 2820 1702 7655 2818 2822
6516 11 2 1 1 1076 397 208 405 7489 475 7575 7245 560 562
6517 11 2 1 1 1315 154 153 2671 1710 201 1711 7554 2829 2830
6518 11 2 1 1 1324 1085 2502 1368 1682 7551 7552 1823 7462 1822
6519 11 2 1 1 224 51 1343 223 515 1546 7444 520 7443 519
6520 11 2 1 1 208 1076 365 1230 7575 7244 558 7656 7190 1508
6521 11 2 1 1 2514 2602 1355 2688 2933 7568 7589 2813 7607 2869
6522 11 2 1 1 143 144 2674 1085 191 2800 2799 1681 7585 1680
6523 11 2 1 1 2504 2681 118 1323 2724 2720 2722 7559 1604 7657
6524 11 2 1 1 1320 20 21 411 1455 68 1456 7601 423 424
6525 11 2 1 1 36 208 37 1076 474 473 84 1503 1504 7575
6526 11 2 1 1 1314 156 1097 2692 1720 1716 1721 7658 7618 2836
6527 11 2 1 1 223 51 1343 1094 519 1546 7443 7498 1550 1548
6528 11 2 1 1 38 410 378 1334 476 481 480 1509 7511 7659
6529 11 2 1 1 1075 135 134 2668 1653 182 1654 7563 2772 2773
6530 11 2 1 1 2693 2684 132 1325 2768 2764 2766 7453 1648 7610
6531 11 2 1 1 31 1078 213 391 1486 7436 455 459 460 7638
6532 11 2 1 1 2671 2679 1315 2505 2891 7281 7554 2834 7539 2888
6533 11 2 1 1 377 1103 392 217 7492 7356 609 556 607 7609
6534 11 2 1 1 1324 2502 142 1329 7552 2796 1678 1679 1674 7648
6535 11 2 1 1 1088 2697 2656 2657 7583 2862 7322 7323 3307 2750
6536 11 2 1 1 390 35 34 1375 467 82 468 7532 1497 1498
6537 11 2 1 1 57 56 396 1336 104 534 533 1564 7620 1563
6538 11 2 1 1 1070 209 61 380 7445 545 1576 7645 549 550
6539 11 2 1 1 1094 223 52 1349 7498 518 1549 1553 1551 7639
6540 11 2 1 1 1364 2500 2656 2697 7513 2860 7514 7582 2862 2745
6541 11 2 1 1 2512 115 1321 2680 2713 1591 7640 2715 7606 2711
6542 11 2 1 1 22 21 221 1069 69 427 426 1459 7350 1458
6543 11 2 1 1 390 34 218 1375 468 464 469 7532 7660 1497
6544 11 2 1 1 52 51 223 1094 99 519 518 1549 7498 1548
6545 11 2 1 1 1326 1082 152 2509 1709 1708 1704 7527 2824 7528
6546 11 2 1 1 1390 1300 1074 381 1762 1760 1526 7622 7615 7597
6547 11 2 1 1 1302 2672 2631 1083 7499 3344 6938 1811 7397 7661
6548 11 2 1 1 213 1078 30 379 7436 1485 456 457 452 7651
6549 11 2 1 1 44 45 1346 385 92 1528 1527 498 7403 497
6550 11 2 1 1 1309 1395 2689 1310 1911 7623 7624 2465 7630 1614
6551 11 2 1 1 135 1327 2670 1075 1657 7569 2775 1653 7570 1658
6552 11 2 1 1 2604 2618 2619 3686 3096 3326 3325 7325 6688 5446
6553 11 2 1 1 1314 157 156 2664 1719 204 1720 7662 2838 2839
6554 11 2 1 1 1079 2625 1348 1374 7547 6877 1789 1620 1791 7460
6555 11 2 1 1 2513 157 158 1102 2841 205 2842 7395 1722 1723
6556 11 2 1 1 1104 1320 1376 372 1457 1927 1926 7496 7441 7478
6557 11 2 1 1 1327 136 135 2670 1656 183 1657 7569 2775 2776
6558 11 2 1 1 156 1314 2664 2692 1720 7662 2838 2836 2840 7658
6559 11 2 1 1 377 62 380 1103 552 548 553 7492 7647 1581
6560 11 2 1 1 369 55 215 1331 531 527 532 7409 7663 1560
6561 11 2 1 1 117 118 2681 1083 165 2720 2719 1601 7664 1600
6562 11 2 1 1 220 58 57 1095 536 105 537 7434 1566 1567
6563 11 2 1 1 19 18 214 1108 66 418 417 1450 7345 1449
6564 11 2 1 1 39 40 1092 222 87 1513 1512 483 7412 482
6565 11 2 1 1 55 1081 215 1331 1558 7378 527 1560 7663 1562
6566 11 2 1 1 2654 145 2511 1351 2803 2805 2807 7432 7566 1683
6567 11 2 1 1 329 403 3 394 1037 7464 7314 1041 7486 416
6568 11 2 1 1 1330 53 54 384 1554 101 1555 7637 524 525
6569 11 2 1 1 2696 2657 126 1350 2749 2748 2746 7546 1630 7543
6570 11 2 1 1 1350 2657 1088 1290 7543 7323 1631 1842 1839 7154
6571 11 2 1 1 399 29 28 1340 449 76 450 7653 1479 1480
6572 11 2 1 1 2658 2686 1072 2506 2895 7632 7285 2892 7598 2792
6573 11 2 1 1 379 213 1078 401 457 7436 7651 591 7339 590
6574 11 2 1 1 2504 119 2669 1323 2723 2725 2727 7559 7595 1603
6575 11 2 1 1 1318 2666 1384 1089 7413 7530 1847 1845 1703 7603
6576 11 2 1 1 1298 391 32 1360 7605 458 1489 1493 1491 7665
6577 11 2 1 1 118 119 2504 1323 166 2723 2722 1604 7559 1603
6578 11 2 1 1 380 1070 209 1317 7645 7445 550 7576 7419 1580
6579 11 2 1 1 399 345 379 1340 621 1063 454 7653 7644 7535
6580 11 2 1 1 1103 377 63 217 7492 551 1582 7609 555 556
6581 11 2 1 1 155 154 1366 2505 202 1714 1713 2833 7505 2832
6582 11 2 1 1 2666 1384 1089 2665 7530 1703 7603 2822 7542 7655
6583 11 2 1 1 391 350 382 1298 588 1065 463 7605 7571 7328
6584 11 2 1 1 1100 116 115 2512 1594 163 1595 7466 2713 2714
6585 11 2 1 1 2506 139 140 1362 2787 187 2788 7600 1668 1669
6586 11 2 1 1 1107 1103 63 217 1586 1582 1584 7520 555 7609
6587 11 2 1 1 390 397 1322 339 472 7439 7586 1060 7359 1061
6588 11 2 1 1 1104 214 19 372 7437 417 1452 7496 421 422
6589 11 2 1 1 371 59 58 1307 539 106 540 7376 1569 1570
6590 11 2 1 1 1 3 403 394 10 7464 414 413 416 7486
6591 11 2 1 1 389 212 1074 381 581 7516 7406 584 7615 496
6592 11 2 1 1 2676 137 138 1087 2781 185 2782 7382 1662 1663
6593 11 2 1 1 368 220 396 1336 622 538 625 7411 7620 7574
6594 11 2 1 1 1296 139 138 2661 1665 186 1666 7317 2784 2785
6595 11 2 1 1 1380 386 60 1070 7556 542 1573 1577 1575 7461
6596 11 2 1 1 1078 30 31 213 1485 78 1486 7436 455 456
6597 11 2 1 1 371 58 220 1095 540 536 541 7485 7434 1567
6598 11 2 1 1 1078 213 391 1298 7436 460 7638 1490 7605 7440
6599 11 2 1 1 2514 146 147 1073 2808 194 2809 7428 1689 1690
6600 11 2 1 1 215 1081 54 384 7378 1557 528 529 524 7666
6601 11 2 1 1 2669 2691 2504 1323 2886 2885 2727 7595 7559 7351
6602 11 2 1 1 218 34 33 1091 464 81 465 7470 1494 1495
6603 11 2 1 1 1365 367 23 407 7553 434 1464 7634 433 436
6604 11 2 1 1 1390 1346 1300 381 1529 2497 1762 7622 7597 7667
6605 11 2 1 1 398 224 1343 1285 517 7444 7668 7643 2436 7649
6606 11 2 1 1 2510 1077 1381 2701 7584 1637 7599 2756 7669 7616
6607 11 2 1 1 378 410 365 1230 481 561 1050 7629 7190 7558
6608 11 2 1 1 2684 2503 1367 1086 2765 7627 7670 7577 1646 7550
6609 11 2 1 1 115 114 1321 2680 162 1592 1591 2711 7606 2710
6610 11 2 1 1 1350 1381 2510 1291 1634 7599 7567 2496 7503 1781
6611 11 2 1 1 1108 214 19 1104 7345 417 1450 1454 1452 7437
6612 11 2 1 1 1081 1330 54 384 1559 1555 1557 7666 524 7637
6613 11 2 1 1 2681 2504 2631 1083 2724 2880 2883 7664 7397 7456
6614 11 2 1 1 2657 1088 126 1350 7323 1626 2748 7543 1630 1631
6615 11 2 1 1 2511 145 146 1356 2805 193 2806 7292 1686 1687
6616 11 2 1 1 2659 2686 1072 2658 2795 7632 7365 3318 7285 2895
6617 11 2 1 1 58 371 1307 1095 540 7376 1569 1567 1571 7485
6618 11 2 1 1 19 20 1104 372 67 1453 1452 421 7496 420
6619 11 2 1 1 45 46 1090 216 93 1531 1530 501 7573 500
6620 11 2 1 1 2684 131 132 1086 2763 179 2764 7577 1644 1645
6621 11 2 1 1 1097 2663 2664 2692 7429 3354 7671 7618 2840 2890
6622 11 2 1 1 1323 2681 118 1083 7657 2720 1604 1605 1600 7664
6623 11 2 1 1 1071 48 49 210 1539 96 1540 7426 509 510
6624 11 2 1 1 219 399 28 1340 451 450 446 7561 1479 7653
6625 11 2 1 1 1081 54 55 215 1557 102 1558 7378 527 528
6626 11 2 1 1 46 1090 216 1357 1531 7573 500 1533 7672 1535
6627 11 2 1 1 1351 145 2511 1356 1683 2805 7566 1688 7292 1687
6628 11 2 1 1 153 152 1082 2675 200 1708 1707 2827 7544 2826
6629 11 2 1 1 1357 46 47 376 1533 94 1534 7519 503 504
6630 11 2 1 1 115 1321 1100 2512 1591 1596 1595 2713 7466 7640
6631 11 2 1 1 2662 1328 130 2503 7572 1638 2758 2762 2760 7497
6632 11 2 1 1 1392 398 1343 1285 7642 7668 1547 1742 2436 7643
6633 11 2 1 1 2688 1355 148 1304 7607 1692 2812 7608 1696 1697
6634 11 2 1 1 24 25 1080 211 72 1468 1467 438 7390 437
6635 11 2 1 1 2659 2686 141 1329 2795 2791 2793 7587 1675 7673
6636 11 2 1 1 2505 2663 1097 2692 2887 7429 7529 2837 7618 2890
6637 11 2 1 1 2672 1302 1100 1394 7499 1906 7524 7646 1599 1813
6638 11 2 1 1 396 220 57 1336 538 537 533 7620 1564 7574
6639 11 2 1 1 380 377 1103 1317 553 7492 7647 7576 1583 7617
6640 11 2 1 1 411 21 1320 1069 423 1456 7601 7674 1460 1458
6641 11 2 1 1 1365 23 367 1361 1464 434 7553 1466 7344 1462
6642 11 2 1 1 1364 2500 124 1243 7513 2740 1622 1624 1623 7463
6643 11 2 1 1 1336 220 57 1095 7574 537 1564 1568 1566 7434
6644 11 2 1 1 2508 133 134 1341 2769 181 2770 7580 1650 1651
6645 11 2 1 1 1322 397 36 1076 7439 470 1501 1505 1503 7489
6646 11 2 1 1 2507 2625 1079 2694 2897 7547 7548 2736 7628 2900
6647 11 2 1 1 1334 38 410 1230 1509 476 7659 1511 7558 1507
6648 11 2 1 1 1085 2674 143 2502 7585 2799 1681 7551 2797 2801
6649 11 2 1 1 1093 219 28 1340 7621 446 1477 1481 1479 7561
6650 11 2 1 1 369 56 55 1331 530 103 531 7409 1560 1561
6651 11 2 1 1 1075 2670 135 2668 7570 2775 1653 7563 2773 2777
6652 11 2 1 1 1101 2669 119 1323 7392 2725 1607 1608 1603 7595
6653 11 2 1 1 1312 1367 1328 2503 1829 1643 2492 7484 7497 7627
6654 11 2 1 1 149 1304 1089 2501 1695 1700 1699 2815 7541 7424
6655 11 2 1 1 364 223 1094 1349 523 7498 7537 7555 1553 7639
6656 11 2 1 1 1304 149 148 2501 1695 196 1696 7424 2814 2815
6657 11 2 1 1 404 1393 1332 1276 7590 1475 7675 7592 2417 1868
6658 11 2 1 1 50 49 398 1392 97 513 512 1543 7642 1542
6659 11 2 1 1 2502 142 143 1324 2796 190 2797 7552 1677 1678
6660 11 2 1 1 129 1077 1328 2662 1635 1640 1639 2757 7572 7381
6661 11 2 1 1 1078 1333 30 379 1487 1483 1485 7651 452 7510
6662 11 2 1 1 1243 2500 124 2677 7463 2740 1623 7474 2738 2742
6663 11 2 1 1 377 63 62 1103 551 110 552 7492 1581 1582
6664 11 2 1 1 2697 125 126 1088 2743 173 2744 7583 1626 1627
6665 11 2 1 1 122 121 1310 2507 169 1613 1612 2732 7454 2731
6666 11 2 1 1 28 27 219 1093 75 447 446 1477 7621 1476
6667 11 2 1 1 1326 152 151 2509 1704 199 1705 7527 2823 2824
6668 11 2 1 1 382 391 1298 1360 463 7605 7571 7472 1493 7665
6669 11 2 1 1 132 133 2693 1325 180 2767 2766 1648 7453 1647
6670 11 2 1 1 2509 1082 152 2675 7528 1708 2824 2828 2826 7544
6671 11 2 1 1 1091 218 34 1375 7470 464 1495 1499 1497 7660
6672 11 2 1 1 1097 155 1366 2692 1717 1713 1718 7618 7676 2835
6673 11 2 1 1 391 382 32 1360 463 462 458 7665 1491 7472
6674 11 2 1 1 9 2655 2700 1382 7036 2856 7652 1405 7636 7593
6675 11 2 1 1 2700 2655 9 2499 2856 7036 7652 2706 7507 2853
6676 11 2 1 1 367 1365 1361 1288 7553 1466 7344 7070 2494 2495
6677 11 2 1 1 410 378 1334 1230 481 7511 7659 7558 1511 7629
6678 11 2 1 1 20 1320 1104 372 1455 1457 1453 420 7496 7478
6679 11 2 1 1 1 3 394 1398 10 7486 413 1402 7581 1401
6680 11 2 1 1 2677 124 1243 1374 2738 1623 7474 7475 1625 1618
6681 11 2 1 1 1097 2664 1314 2692 7671 7662 1721 7618 7658 2840
6682 11 2 1 1 1397 1 3 403 1399 10 1400 7604 7464 414
6683 11 2 1 1 1331 396 56 1336 7677 534 1561 1565 1563 7620
6684 11 2 1 1 64 1 1397 403 112 1399 1404 415 7604 414
6685 11 2 1 1 1349 364 53 384 7555 521 1552 7678 525 526
6686 11 2 1 1 1332 1080 25 387 1472 1468 1470 7479 441 7476
6687 11 2 1 1 1329 2686 141 1072 7673 2791 1675 1676 1671 7632
6688 11 2 1 1 2505 1366 155 2692 7505 1713 2833 2837 2835 7676
6689 11 2 1 1 1355 148 147 2688 1692 195 1693 7607 2811 2812
6690 11 2 1 1 1357 216 46 376 7672 500 1533 7519 504 505
6691 11 2 1 1 144 145 2654 1351 192 2803 2802 1684 7432 1683
6692 11 2 1 1 2512 116 2672 1394 2714 2716 2718 7679 7646 1598
6693 11 2 1 1 1377 2676 137 2498 7680 2781 1659 7635 2779 2783
6694 11 2 1 1 130 129 1328 2662 177 1639 1638 2758 7572 2757
6695 11 2 1 1 26 27 1393 404 74 1474 1473 444 7590 443
6696 11 2 1 1 1087 2676 137 1377 7382 2781 1663 1664 1659 7680
6697 11 2 1 1 2687 1347 114 2680 7562 1588 2708 2712 2710 7631
6698 11 2 1 1 2655 2700 1382 2667 2856 7636 7593 3348 7594 2847
6699 11 2 1 1 1306 386 1380 1070 7451 7556 1737 1734 1577 7461
6700 11 2 1 1 1321 114 1347 2680 1592 1588 1593 7606 7631 2710
6701 11 2 1 1 406 1361 22 1069 7525 1461 430 7526 1459 1463
6702 11 2 1 1 397 208 36 1076 475 474 470 7489 1503 7575
6703 11 2 1 1 404 343 1332 387 618 7480 7675 445 7479 1062
6704 11 2 1 1 378 39 38 1334 479 86 480 7511 1509 1510
6705 11 2 1 1 121 120 1395 2689 168 1610 1609 2729 7623 2728
6706 11 2 1 1 1345 159 158 2667 1725 206 1726 7509 2844 2845
6707 11 2 1 1 1106 1382 1345 2667 1448 1728 1934 7487 7509 7594
6708 11 2 1 1 369 396 56 1331 535 534 530 7409 1561 7677
6709 11 2 1 1 1332 343 404 1276 7480 618 7675 2417 7592 6568
6710 11 2 1 1 1088 126 2697 2657 1626 2744 7583 7323 2750 2748
6711 11 2 1 1 1390 1074 212 381 1526 7516 7654 7622 496 7615
6712 11 2 1 1 2686 1072 2506 1362 7632 7598 2792 7681 7600 1673
6713 11 2 1 1 43 42 212 1074 90 492 491 1522 7516 1521
6714 11 2 1 1 47 375 1357 376 507 7602 1534 503 7519 508
6715 11 2 1 1 2 113 2499 1383 160 2703 2702 1407 7506 1409
6716 11 2 1 1 36 35 397 1322 83 471 470 1501 7439 1500
6717 11 2 1 1 2501 1089 149 2665 7541 1699 2815 2819 2817 7542
6718 11 2 1 1 410 37 208 1230 477 473 478 7558 7656 1506
6719 11 2 1 1 33 32 382 1360 80 462 461 1492 7472 1491
6720 11 2 1 1 143 1085 2502 1324 1681 7551 2797 1677 7552 1682
6721 11 2 1 1 1074 212 43 1390 7516 491 1522 1526 1524 7654
6722 11 2 1 1 2512 1100 116 1394 7466 1594 2714 7679 1598 1599
6723 11 2 1 1 1072 2686 140 1362 7632 2790 1672 1673 1668 7681
6724 11 2 1 1 21 411 221 1069 423 428 427 1458 7350 7674
6725 11 2 1 1 1077 128 1381 2701 1636 1632 1637 7616 7669 2754
6726 11 2 1 1 2507 1310 122 1079 7454 1612 2732 7548 1616 1617
6727 11 2 1 1 402 212 42 1359 493 492 488 7612 1519 7613
6728 11 2 1 1 2500 124 125 1364 2740 172 2741 7513 1621 1622
6729 11 2 1 1 390 1322 35 1375 7586 1500 467 7532 1498 1502
6730 11 2 1 1 2509 151 1326 2666 2823 1705 7527 2825 7414 2821
6731 11 2 1 1 1361 23 367 406 1462 434 7344 7525 435 429
6732 11 2 1 1 2505 1097 1366 2692 7529 1718 7505 2837 7676 7618
6733 11 2 1 1 29 30 1333 379 77 1483 1482 453 7510 452
6734 11 2 1 1 20 1320 372 411 1455 7478 420 424 425 7601
6735 11 2 1 1 394 18 1 1398 412 65 413 7581 1402 1403
6736 11 2 1 1 386 209 60 1070 547 546 542 7461 1575 7445
6737 11 2 1 1 1330 1349 53 384 1556 1552 1554 7637 525 7678
6738 11 2 1 1 1332 25 26 387 1470 73 1471 7479 440 441
6739 11 2 1 1 2631 2672 2681 1083 3344 2721 2883 7397 7664 7661
6740 11 2 1 1 126 127 2696 1350 174 2747 2746 1630 7546 1629
6741 11 2 1 1 1394 117 2672 2681 1597 2717 7646 7682 2721 2719
6742 11 2 1 1 23 24 1365 407 71 1465 1464 433 7634 432
6743 11 2 1 1 1092 1334 39 222 1514 1510 1512 7412 483 7473
6744 11 2 1 1 2669 119 120 1101 2725 167 2726 7392 1606 1607
6745 11 2 1 1 387 1080 25 211 7476 1468 441 442 437 7390
6746 11 2 1 1 22 23 1361 406 70 1462 1461 430 7525 429
6747 11 2 1 1 1079 122 2507 2694 1616 2732 7548 7628 2736 2734
6748 11 2 1 1 2506 140 2686 1362 2788 2790 2792 7600 7681 1668
6749 11 2 1 1 148 2688 1304 2501 2812 7608 1696 2814 7424 2816
6750 11 2 1 1 2499 9 2 1383 7507 17 2702 7506 1407 1408
6751 11 2 1 1 2504 2681 1323 1083 2724 7657 7559 7456 1605 7664
6752 11 2 1 1 1334 378 39 222 7511 479 1510 7473 483 484
6753 11 2 1 1 1355 147 2514 2688 1693 2809 7589 7607 2813 2811
6754 11 2 1 1 158 1345 2667 2513 1726 7509 2844 2842 2846 7393
6755 11 2 1 1 113 2687 2499 1383 2707 2709 2703 1409 7506 7614
6756 11 2 1 1 1076 208 37 1230 7575 473 1504 1508 1506 7656
6757 11 2 1 1 129 1077 2662 2701 1635 7381 2757 2755 2759 7616
6758 11 2 1 1 1354 48 1071 210 1537 1539 1541 7491 7426 510
6759 11 2 1 1 1325 133 2693 1341 1647 2767 7453 1652 7483 1651
6760 11 2 1 1 2510 1381 128 2701 7599 1632 2752 2756 2754 7669
6761 11 2 1 1 50 51 1343 224 98 1546 1545 516 7444 515
6762 11 2 1 1 1347 114 113 2687 1588 161 1589 7562 2707 2708
6763 11 2 1 1 2700 9 2 2499 7652 17 2705 2706 2702 7507
6764 11 2 1 1 2498 1327 1377 1216 7515 1661 7635 7493 1837 2430
6765 11 2 1 1 2670 1327 136 2498 7569 1656 2776 2780 2778 7515
6766 11 2 1 1 2672 1302 1394 1083 7499 1813 7646 7661 1602 1811
6767 11 2 1 1 151 1326 2666 1384 1705 7414 2821 1701 7530 1706
6768 11 2 1 1 1085 144 2674 1351 1680 2800 7585 1685 7683 1684
6769 11 2 1 1 1331 369 396 1336 7409 535 7677 1565 7620 7410
6770 11 2 1 1 22 221 406 1069 426 431 430 1459 7526 7350
6771 11 2 1 1 1310 121 2689 2507 1613 2729 7630 7454 2733 2731
6772 11 2 1 1 1329 2659 2686 1072 7587 2795 7673 1676 7632 7365
6773 11 2 1 1 404 27 1393 1093 443 1474 7590 7591 1478 1476
6774 11 2 1 1 120 1395 2689 1101 1610 7623 2728 1606 7625 1611
6775 11 2 1 1 1377 1087 2676 2498 1664 7382 7680 7635 2783 7521
6776 11 2 1 1 410 208 365 1230 478 558 561 7558 7190 7656
6777 11 2 1 1 60 209 61 1070 546 545 108 1575 1576 7445
6778 11 2 1 1 158 1345 2513 1102 1726 7393 2842 1722 7395 1727
6779 11 2 1 1 398 1071 49 210 7641 1540 513 514 509 7426
6780 11 2 1 1 1357 1090 216 376 1535 7573 7672 7519 505 7417
6781 11 2 1 1 48 1354 375 210 1537 7534 506 510 511 7491
6782 11 2 1 1 133 2508 2693 1341 2769 2771 2767 1651 7483 7580
6783 11 2 1 1 1359 212 42 1074 7613 492 1519 1523 1521 7516
6784 11 2 1 1 1377 136 1327 2498 1660 1656 1661 7635 7515 2778
6785 11 2 1 1 35 397 1322 390 471 7439 1500 467 7586 472
6786 11 2 1 1 2681 1394 117 1083 7682 1597 2719 7664 1601 1602
6787 11 2 1 1 42 41 402 1359 89 489 488 1519 7612 1518
6788 11 2 1 1 1073 147 2514 1355 1689 2809 7428 1694 7589 1693
6789 11 2 1 1 1328 1367 130 2503 1643 1642 1638 7497 2760 7627
6790 11 2 1 1 398 1343 50 1392 7668 1545 512 7642 1543 1547
6791 11 2 1 1 127 2696 1381 2510 2747 7684 1633 2751 7599 2753
6792 11 2 1 1 26 1393 1332 404 1473 1475 1471 444 7675 7590
6793 11 2 1 1 2654 2674 144 1351 2804 2800 2802 7432 1684 7683
6794 11 2 1 1 2672 1100 2512 1394 7524 7466 2718 7646 7679 1599
6795 11 2 1 1 398 49 1071 1392 513 1540 7641 7642 1544 1542
6796 11 2 1 1 2684 1367 131 1086 7670 1641 2763 7577 1645 1646
6797 11 2 1 1 2625 1079 2694 1374 7547 7628 2900 7460 7685 1620
6798 11 2 1 1 2503 1367 131 2684 7627 1641 2761 2765 2763 7670
6799 11 2 1 1 123 124 2677 1374 171 2738 2737 1619 7475 1618
6800 11 2 1 1 1089 1384 150 2665 1703 1702 1698 7542 2818 7655
6801 11 2 1 1 375 1354 47 1357 7534 1536 507 7602 1534 1538
6802 11 2 1 1 2677 2625 2694 1374 3332 2900 2739 7475 7685 7460
6803 11 2 1 1 2654 1085 2674 1351 7431 7585 2804 7432 7683 1685
6804 11 2 1 1 2694 1079 123 1374 7628 1615 2735 7685 1619 1620
6805 11 2 1 1 364 1349 1330 384 7555 1556 7560 526 7637 7678
6806 11 2 1 1 2689 1395 121 1310 7623 1609 2729 7630 1613 1614
6807 11 2 1 1 2681 2672 1394 1083 2721 7646 7682 7664 1602 7661
6808 11 2 1 1 2666 1326 1318 1384 7414 2493 7413 7530 1847 1706
6809 11 2 1 1 47 48 1354 375 95 1537 1536 507 7534 506
6810 11 2 1 1 150 149 1089 2665 197 1699 1698 2818 7542 2817
6811 11 2 1 1 404 1332 26 387 7675 1471 444 445 440 7479
6812 11 2 1 1 27 404 219 1093 443 448 447 1476 7621 7591
6813 11 2 1 1 2697 1364 125 1088 7582 1621 2743 7583 1627 1628
6814 11 2 1 1 224 1343 50 398 7444 1545 516 517 512 7668
6815 11 2 1 1 2696 1350 1381 2510 7546 1634 7684 2753 7599 7567
6816 11 2 1 1 2689 2669 120 1101 2730 2726 2728 7625 1606 7392
6817 11 2 1 1 1364 125 2500 2697 1621 2741 7513 7582 2745 2743
6818 11 2 1 1 1382 2700 159 2667 7636 2704 1410 7594 2845 2847
6819 11 2 1 1 2677 2694 123 1374 2739 2735 2737 7475 1619 7685
6820 11 2 1 1 127 2696 1350 1381 2747 7546 1629 1633 1634 7684
6821 11 2 1 1 1345 1382 159 2667 1728 1410 1725 7509 2845 7594
6822 11 2 1 1 2687 113 1347 1383 2707 1589 7562 7614 1590 1409
6823 11 2 1 1 330 3544 288 301 3703 5115 948 956 954 6473
6824 11 2 1 1 288 3544 330 3436 5115 3703 948 5116 3700 3704
6825 11 2 1 1 3655 3413 3443 3481 3713 5242 4629 3732 4335 3731
6826 11 2 1 1 3655 3443 3413 3389 4629 5242 3713 3736 3734 4746
6827 11 2 1 1 3503 3649 3586 3383 4114 5617 4205 4145 4726 4146
6828 11 2 1 1 3586 3649 3503 3473 5617 4114 4205 4204 4110 4112
6829 11 2 1 1 3698 3394 1122 3501 6480 4214 5217 5268 5315 5206
6830 11 2 1 1 3698 1122 3394 3661 5217 4214 6480 5218 4959 5215
6831 11 2 1 1 3544 307 3620 352 4291 7686 7095 4431 7295 981
6832 11 2 1 1 3544 3620 307 3444 7095 7686 4291 4293 4288 4373
6833 11 2 1 1 293 3620 307 352 7239 7686 979 965 981 7295
6834 11 2 1 1 293 307 3620 3444 979 7686 7239 6925 4373 4288
6835 11 2 1 1 3626 3414 3363 3454 4221 5165 5000 4370 5164 4008
6836 11 2 1 1 3626 3363 3414 3578 5000 5165 4221 4223 4218 6308
6837 11 2 1 1 389 3544 330 301 6669 3703 1005 1006 956 6473
6838 11 2 1 1 330 3544 389 1301 3703 6669 1005 3701 6666 3702
6839 11 2 1 1 2685 3432 1202 1248 3871 3859 7687 4191 2382 4190
6840 11 2 1 1 1202 3432 2685 2643 3859 3871 7687 3857 3314 3858
6841 11 2 1 1 1202 1309 2685 1248 2384 5301 7687 2382 4191 2385
6842 11 2 1 1 2685 1309 1202 2643 5301 2384 7687 3314 3857 5299
6843 11 2 1 1 3644 3488 3379 3534 4465 3777 6591 4488 4478 4479
6844 11 2 1 1 3644 3379 3488 3428 6591 3777 4465 4464 4248 4247
6845 11 2 1 1 3467 1141 3686 1143 4260 4563 4934 5068 4980 2092
6846 11 2 1 1 3467 3686 1141 3427 4934 4563 4260 4261 4233 4564
6847 11 2 1 1 2610 3520 2548 2649 4012 4340 3101 3103 3099 4093
6848 11 2 1 1 2548 3520 2610 3454 4340 4012 3101 4535 4009 4013
6849 11 2 1 1 3513 3602 3452 3359 4672 6051 5270 3869 5271 4671
6850 11 2 1 1 3452 3602 3513 3529 6051 4672 5270 5366 4694 4695
6851 11 2 1 1 3684 1229 3437 1231 4046 7688 4275 4274 4271 2448
6852 11 2 1 1 3684 3437 1229 3487 4275 7688 4046 4045 4042 4612
6853 11 2 1 1 1279 3437 1229 1231 4613 7688 2267 2116 2448 4271
6854 11 2 1 1 1279 1229 3437 3487 2267 7688 4613 4611 4612 4042
6855 11 2 1 1 3679 3404 3378 3459 4975 4434 6789 4973 4432 4433
6856 11 2 1 1 3679 3378 3404 3525 6789 4434 4975 5264 5263 4768
6857 11 2 1 1 3589 3541 3425 3367 4862 5804 5254 4860 5261 3874
6858 11 2 1 1 3589 3425 3541 3571 5254 5804 4862 5319 5318 5520
6859 11 2 1 1 3571 338 3682 3433 5195 5690 5031 5026 5029 5194
6860 11 2 1 1 3571 3682 338 349 5031 5690 5195 5279 1059 5280
6861 11 2 1 1 3493 3601 3520 3363 5860 5378 5019 5016 5018 5376
6862 11 2 1 1 3520 3601 3493 3395 5378 5860 5019 4338 4048 6139
6863 11 2 1 1 3650 3453 3479 3625 5076 5921 6897 5081 4446 4429
6864 11 2 1 1 3650 3479 3453 3381 6897 5921 5076 5077 4360 6390
6865 11 2 1 1 3493 1156 3567 1154 5135 7024 5210 5283 7039 2156
6866 11 2 1 1 3493 3567 1156 3421 5210 7024 5135 4049 5134 4819
6867 11 2 1 1 3514 1238 3628 1190 4899 6632 6275 5162 6274 2320
6868 11 2 1 1 3514 3628 1238 3408 6275 6632 4899 4381 4692 6044
6869 11 2 1 1 3632 1183 1185 1268 4773 2297 6911 5102 2298 2299
6870 11 2 1 1 3632 1185 1183 3572 6911 2297 4773 4775 4158 6976
6871 11 2 1 1 395 3518 345 1352 4081 7129 620 5170 7269 5171
6872 11 2 1 1 345 3518 395 344 7129 4081 620 986 1024 4082
6873 11 2 1 1 3656 3462 3599 3388 6178 5832 6578 6539 5192 5831
6874 11 2 1 1 3651 3655 3373 3481 7030 4628 3807 3809 3804 3732
6875 11 2 1 1 3373 3655 3651 3508 4628 7030 3807 4178 4818 4733
6876 11 2 1 1 3498 3647 3553 3362 5658 6434 5021 5022 5020 5182
6877 11 2 1 1 3553 3647 3498 3415 6434 5658 5021 5130 5131 5347
6878 11 2 1 1 3613 3490 3634 3612 5385 6217 7064 5477 6612 5476
6879 11 2 1 1 3613 3634 3490 3359 7064 6217 5385 5384 3868 6215
6880 11 2 1 1 3662 3366 3538 3430 5678 5398 6952 5676 5400 4320
6881 11 2 1 1 3662 3538 3366 3465 6952 5398 5678 5713 5224 6548
6882 11 2 1 1 3557 1337 1281 1084 4557 1817 6631 5179 1814 1433
6883 11 2 1 1 3557 1281 1337 3473 6631 1817 4557 4558 4559 6063
6884 11 2 1 1 229 3590 3694 227 5499 6635 6912 655 6942 5498
6885 11 2 1 1 3694 3590 229 3423 6635 5499 6912 6532 5303 5747
6886 11 2 1 1 3563 1162 3505 3463 6841 5321 6511 6840 6393 6394
6887 11 2 1 1 3563 3505 1162 1161 6511 5321 6841 6601 2186 5322
6888 11 2 1 1 3580 330 1221 3436 6094 5070 6106 5046 5071 3700
6889 11 2 1 1 3580 1221 330 331 6106 5070 6094 6096 950 6551
6890 11 2 1 1 3505 3502 3601 3375 5907 6682 6835 5911 7252 5909
6891 11 2 1 1 3505 3601 3502 3395 6835 6682 5907 3847 4307 6139
6892 11 2 1 1 3598 2660 2658 1224 5423 2894 7035 5840 7080 5838
6893 11 2 1 1 3598 2658 2660 2556 7035 2894 5423 5422 3130 3141
6894 11 2 1 1 3656 3692 3599 3462 6180 6200 6578 6178 5832 6179
6895 11 2 1 1 3599 3692 3656 3423 6200 6180 6578 6528 6509 5854
6896 11 2 1 1 3630 324 242 3442 6984 718 5048 5047 3764 4646
6897 11 2 1 1 3630 242 324 239 5048 718 6984 5507 709 717
6898 11 2 1 1 3609 3677 3578 3401 7230 4709 5434 5733 4704 4707
6899 11 2 1 1 3578 3677 3609 3414 4709 7230 5434 4218 7225 6315
6900 11 2 1 1 3574 296 306 3456 6867 848 4356 4358 4353 5871
6901 11 2 1 1 3574 306 296 315 4356 848 6867 5809 990 991
6902 11 2 1 1 3524 351 3608 283 6784 6204 5090 5085 5088 930
6903 11 2 1 1 3524 3608 351 3474 5090 6204 6784 6156 6203 4016
6904 11 2 1 1 3623 3459 2533 3504 6025 5978 6806 6027 5979 4653
6905 11 2 1 1 3623 2533 3459 3592 6806 5978 6025 5237 4972 6800
6906 11 2 1 1 1348 3495 2685 1248 6879 3982 7689 1790 4191 4192
6907 11 2 1 1 3698 1124 1247 3407 5266 1997 5672 5267 4918 4837
6908 11 2 1 1 3698 1247 1124 1121 5672 1997 5266 5536 1995 1989
6909 11 2 1 1 3385 3617 3685 3417 5447 7690 3836 3904 4018 4067
6910 11 2 1 1 3385 3685 3617 3494 3836 7690 5447 5203 4691 5204
6911 11 2 1 1 3440 3685 3617 3417 4539 7690 4066 4063 4067 4018
6912 11 2 1 1 3440 3617 3685 3494 4066 7690 4539 4319 5204 4691
6913 11 2 1 1 3452 3693 3475 3377 5099 6030 6050 3890 4802 5123
6914 11 2 1 1 3475 3693 3452 3613 6030 5099 6050 6590 5097 5100
6915 11 2 1 1 3654 3644 3497 3399 5789 6733 6899 5844 6935 5842
6916 11 2 1 1 3654 3497 3644 3540 6899 6733 5789 5788 5785 5621
6917 11 2 1 1 3569 234 319 231 5240 678 4984 5292 669 677
6918 11 2 1 1 3569 319 234 3499 4984 678 5240 4985 5238 4983
6919 11 2 1 1 3607 3484 3581 3397 6556 5749 7142 5705 4386 4425
6920 11 2 1 1 3607 3581 3484 3376 7142 5749 6556 6296 5956 6691
6921 11 2 1 1 3645 1146 1145 1144 6331 2108 7116 6369 2099 2107
6922 11 2 1 1 3645 1145 1146 3455 7116 2108 6331 6049 5057 6194
6923 11 2 1 1 3479 3614 3453 3474 4528 5630 5921 4900 4014 4902
6924 11 2 1 1 3453 3614 3479 3392 5630 4528 5921 4101 4284 4413
6925 11 2 1 1 3587 1181 1179 3424 4895 2276 4930 4894 5273 4028
6926 11 2 1 1 3587 1179 1181 1180 4930 2276 4895 6562 2277 2251
6927 11 2 1 1 3681 3512 3466 2537 6414 3866 7691 6328 6552 6553
6928 11 2 1 1 3466 3512 3681 3404 3866 6414 7691 6633 5969 6413
6929 11 2 1 1 3466 3592 3681 2537 5235 6329 7691 6552 6328 6327
6930 11 2 1 1 3681 3592 3466 3404 6329 5235 7691 5969 6633 4971
6931 11 2 1 1 3397 3520 3624 2549 4385 7692 4428 4384 6023 4339
6932 11 2 1 1 3397 3624 3520 3507 4428 7692 4385 5337 5568 5582
6933 11 2 1 1 2554 3624 3520 2549 6786 7692 6505 3104 4339 6023
6934 11 2 1 1 2554 3520 3624 3507 6505 7692 6786 6504 5582 5568
6935 11 2 1 1 3671 1197 1301 1274 6138 2362 4922 6799 2357 2165
6936 11 2 1 1 3671 1301 1197 3544 4922 2362 6138 4923 6137 3702
6937 11 2 1 1 3509 1123 1122 3501 5545 1994 4212 5316 5315 4994
6938 11 2 1 1 3509 1122 1123 1206 4212 1994 5545 6535 1998 1999
6939 11 2 1 1 3580 1149 1195 1208 6616 2133 6105 6831 2134 2135
6940 11 2 1 1 3580 1195 1149 3573 6105 2133 6616 5258 6317 6188
6941 11 2 1 1 2636 1216 3484 1369 7447 4127 5368 6258 4823 2429
6942 11 2 1 1 3484 1216 2636 2653 4127 7447 5368 4126 2849 4128
6943 11 2 1 1 3571 1284 3541 3433 6720 5375 5318 5026 4858 5372
6944 11 2 1 1 3571 3541 1284 1175 5318 5375 6720 6876 2062 6875
6945 11 2 1 1 3517 3658 2582 3420 6099 7693 4752 5311 5707 3816
6946 11 2 1 1 3517 2582 3658 2590 4752 7693 6099 7257 6683 3249
6947 11 2 1 1 2650 2582 3658 3420 3265 7693 6649 5708 3816 5707
6948 11 2 1 1 2650 3658 2582 2590 6649 7693 3265 3266 3249 6683
6949 11 2 1 1 3618 335 3435 257 6991 3721 7099 7151 4438 773
6950 11 2 1 1 3618 3435 335 3483 7099 3721 6991 6574 3719 3720
6951 11 2 1 1 3621 1246 3568 1164 6446 7694 6326 7069 7342 2189
6952 11 2 1 1 3621 3568 1246 3464 6326 7694 6446 6445 5326 5464
6953 11 2 1 1 1289 3568 1246 1164 5463 7694 2206 2207 2189 7342
6954 11 2 1 1 1289 1246 3568 3464 2206 7694 5463 5041 5464 5326
6955 11 2 1 1 354 3669 3521 262 7060 5779 6247 821 6076 6077
6956 11 2 1 1 3521 3669 354 3465 5779 7060 6247 6796 6921 5226
6957 11 2 1 1 3593 3602 3529 3420 6133 4695 5467 5466 3728 4573
6958 11 2 1 1 3529 3602 3593 3452 4695 6133 5467 5366 4848 6051
6959 11 2 1 1 1251 2516 2511 1260 6152 2919 7294 2467 7293 6318
6960 11 2 1 1 1251 2511 2516 2515 7294 2919 6152 4748 2920 2917
6961 11 2 1 1 3546 2531 2615 2532 4674 3014 7254 5060 3015 3006
6962 11 2 1 1 3546 2615 2531 3504 7254 3014 4674 4676 4651 6554
6963 11 2 1 1 3397 3581 2553 3484 4386 7695 4799 4425 4798 5749
6964 11 2 1 1 2635 2553 3581 3484 3078 7695 7146 5369 5749 4798
6965 11 2 1 1 2635 3581 2553 2543 7146 7695 3078 3069 3077 4811
6966 11 2 1 1 3509 1276 395 305 6451 6919 4079 6190 1023 6450
6967 11 2 1 1 3509 395 1276 1206 4079 6919 6451 6535 2398 6534
6968 11 2 1 1 3495 2625 2685 2595 6880 2899 3982 3981 3313 3312
6969 11 2 1 1 3495 2685 2625 1348 3982 2899 6880 6879 6877 7689
6970 11 2 1 1 3591 1262 3696 1261 6882 6907 7143 6895 7104 2029
6971 11 2 1 1 3591 3696 1262 3434 7143 6907 6882 6312 6881 6120
6972 11 2 1 1 1348 2685 1079 1248 7689 7549 1789 1790 1787 4191
6973 11 2 1 1 1079 2685 1348 2625 7549 7689 1789 7547 6877 2899
6974 11 2 1 1 2679 1373 3530 2640 7282 4941 6407 3298 4940 4939
6975 11 2 1 1 2679 3530 1373 1210 6407 4941 7282 6536 2410 6537
6976 11 2 1 1 1216 3624 1087 2653 4130 7222 1835 4128 7220 4129
6977 11 2 1 1 1087 3624 1216 1211 7222 4130 1835 1831 1834 5932
6978 11 2 1 1 2570 3680 3610 2569 7096 4544 4362 3194 4541 4545
6979 11 2 1 1 3610 3680 2570 3497 4544 7096 4362 4364 3951 4990
6980 11 2 1 1 3649 3667 3383 3483 6488 5850 4146 6484 4677 6487
6981 11 2 1 1 3383 3667 3649 3586 5850 6488 4146 4726 5617 6623
6982 11 2 1 1 3674 3444 1253 3545 6595 6070 7166 6975 6071 4594
6983 11 2 1 1 3674 1253 3444 3563 7166 6070 6595 6385 6176 7165
6984 11 2 1 1 3696 1200 1358 3477 7103 2374 7696 6121 5392 6735
6985 11 2 1 1 3696 1358 1200 1264 7696 2374 7103 7194 2377 2378
6986 11 2 1 1 3628 1240 1370 3470 6740 2459 5105 5107 4736 5151
6987 11 2 1 1 3628 1370 1240 1239 5105 2459 6740 6229 2333 2458
6988 11 2 1 1 2691 1264 3696 2652 7352 7194 7697 2884 7216 7331
6989 11 2 1 1 3696 1264 2691 1358 7194 7352 7697 7696 6122 2378
6990 11 2 1 1 3696 3477 2691 2652 6121 5814 7697 7216 2884 5815
6991 11 2 1 1 2691 3477 3696 1358 5814 6121 7697 6122 7696 5392
6992 11 2 1 1 309 1285 210 1297 5961 7427 569 6131 7425 1741
6993 11 2 1 1 210 1285 309 312 7427 5961 569 572 573 5357
6994 11 2 1 1 3669 3661 3366 3394 7400 4958 5225 5227 4957 4959
6995 11 2 1 1 3669 3366 3661 3446 5225 4958 7400 6605 6236 6235
6996 11 2 1 1 2682 3673 1369 2636 7273 6259 7698 3303 6258 6260
6997 11 2 1 1 1369 1075 2682 2636 1766 7271 7698 6258 3303 7564
6998 11 2 1 1 3673 1075 1369 1233 7274 1766 6259 6695 1767 1763
6999 11 2 1 1 3673 1369 1075 2682 6259 1766 7274 7273 7271 7698
7000 11 2 1 1 306 1331 408 1353 7255 7540 1026 4355 4966 1801
7001 11 2 1 1 408 1331 306 369 7540 7255 1026 601 1027 7409
7002 11 2 1 1 3673 2635 2542 3484 6962 3070 6130 5758 5748 5369
7003 11 2 1 1 3673 2542 2635 2592 6130 3070 6962 6992 3073 3071
7004 11 2 1 1 2664 1370 1239 1314 7217 2458 7287 7662 1890 1917
7005 11 2 1 1 1239 1370 2664 2638 2458 7217 7287 6228 3353 4885
7006 11 2 1 1 306 1331 368 369 7255 7408 850 1027 1028 7409
7007 11 2 1 1 368 1331 306 1205 7408 7255 850 5522 4420 2396
7008 11 2 1 1 2504 1264 2691 2652 7329 7352 2885 2882 2884 7331
7009 11 2 1 1 2691 1264 2504 1323 7352 7329 2885 7351 7559 1812
7010 11 2 1 1 2511 1251 1073 2515 7294 1751 7512 2917 7341 4748
7011 11 2 1 1 1073 1251 2511 1356 1751 7294 7512 1691 7292 1754
7012 11 2 1 1 2664 1239 1097 1314 7287 1887 7671 7662 1721 1890
7013 11 2 1 1 1097 1239 2664 2663 1887 7287 7671 7429 3354 7258
7014 11 2 1 1 2666 1283 2597 1318 7415 6916 3319 7413 6926 2373
7015 11 2 1 1 2597 1283 2666 2690 6916 7415 3319 3322 2909 6186
7016 11 2 1 1 1102 2634 2683 1295 7396 2930 7296 1913 5862 7206
7017 11 2 1 1 1102 2683 2634 2513 7296 2930 7396 7395 2927 2929
7018 11 2 1 1 1370 2664 1102 1314 7217 7565 1916 1917 1724 7662
7019 11 2 1 1 1370 1102 2664 2683 1916 7565 7217 4737 2931 7296
7020 11 2 1 1 304 1307 386 371 7377 7650 1019 1020 544 7376
7021 11 2 1 1 304 386 1307 1306 1019 7650 7377 7100 2490 7451
7022 11 2 1 1 223 1219 3590 1094 7388 5494 7699 7498 7076 1873
7023 11 2 1 1 3590 1219 223 225 5494 7388 7699 5846 637 6192
7024 11 2 1 1 3590 226 223 1094 7077 639 7699 7076 7498 7074
7025 11 2 1 1 223 226 3590 225 639 7077 7699 637 5846 640
7026 11 2 1 1 2600 1351 1260 1289 7433 2479 7700 5040 2478 1820
7027 11 2 1 1 1260 1351 2600 2654 2479 7433 7700 7494 2943 7432
7028 11 2 1 1 1260 2516 2600 1289 6318 2941 7700 2478 5040 7055
7029 11 2 1 1 2600 2516 1260 2654 2941 6318 7700 2943 7494 2921
7030 11 2 1 1 1341 2682 2604 1363 7538 2905 7399 1769 7264 7272
7031 11 2 1 1 2604 2682 1341 2508 2905 7538 7399 2904 7580 2906
7032 11 2 1 1 1304 2598 1089 2501 7364 7481 1700 7424 7541 2863
7033 11 2 1 1 1089 2598 1304 1338 7481 7364 1700 1843 1844 6292
7034 11 2 1 1 1285 224 1219 312 7649 7383 2434 5357 5493 643
7035 11 2 1 1 1285 1219 224 1343 2434 7383 7649 2436 7444 1876
7036 11 2 1 1 1212 387 343 342 7477 1062 6452 5643 1021 578
7037 11 2 1 1 1212 343 387 1332 6452 1062 7477 1793 7479 7480
7038 11 2 1 1 411 1069 313 221 7674 7346 630 428 627 7350
7039 11 2 1 1 313 1069 411 1320 7346 7674 630 7452 7601 1460
7040 11 2 1 1 1310 2685 1079 2507 7416 7549 1617 7454 7548 2898
7041 11 2 1 1 1079 2685 1310 1248 7549 7416 1617 1787 1788 4191
7042 11 2 1 1 219 1352 1276 395 7522 1866 7536 616 6919 5170
7043 11 2 1 1 1276 1352 219 1093 1866 7522 7536 1865 7621 1867
7044 11 2 1 1 382 1091 33 1360 7469 1494 461 7472 1492 1496
7045 11 2 1 1 33 1091 382 218 1494 7469 461 465 466 7470
7046 11 2 1 1 1346 353 381 385 7404 1067 7667 7403 499 1068
7047 11 2 1 1 381 353 1346 1300 1067 7404 7667 7597 2497 6797
7048 11 2 1 1 1285 210 398 312 7427 514 7643 5357 574 572
7049 11 2 1 1 1285 398 210 1071 7643 514 7427 1739 7426 7641
7050 11 2 1 1 1341 2668 2682 1075 7633 2908 7538 1655 7271 7563
7051 11 2 1 1 2682 2668 1341 2508 2908 7633 7538 2906 7580 2774
7052 11 2 1 1 381 1346 44 1390 7667 1527 494 7622 1525 1529
7053 11 2 1 1 44 1346 381 385 1527 7667 494 498 499 7403
7054 11 2 1 1 2505 1315 154 1366 7539 1710 2832 7505 1714 1715
7055 11 2 1 1 2505 154 1315 2671 2832 1710 7539 2834 7554 2830
7056 11 2 1 1 1102 2664 157 1314 7565 2839 1723 1724 1719 7662
7057 11 2 1 1 157 2664 1102 2513 2839 7565 1723 2841 7395 2843
7058 11 2 1 1 1307 386 59 1380 7650 543 1570 1574 1572 7556
7059 11 2 1 1 1307 59 386 371 1570 543 7650 7376 544 539
7060 11 2 1 1 2506 1296 139 1362 7518 1665 2787 7600 1669 1670
7061 11 2 1 1 139 1296 2506 2661 1665 7518 2787 2785 2789 7317
7062 11 2 1 1 1329 1223 2698 2659 1749 4470 7701 7587 2874 7223
7063 11 2 1 1 2698 1223 1329 1324 4470 1749 7701 7482 1679 2440
7064 11 2 1 1 2698 2502 1329 2659 2872 7648 7701 2874 7587 2798
7065 11 2 1 1 1329 2502 2698 1324 7648 2872 7701 1679 7482 7552
7066 11 2 1 1 1375 218 409 1091 7660 612 7533 1499 7301 7470
7067 11 2 1 1 1375 409 218 390 7533 612 7660 7532 469 614
7068 11 2 1 1 385 1090 45 1346 7490 1530 497 7403 1528 1532
7069 11 2 1 1 385 45 1090 216 497 1530 7490 502 7573 501
7070 11 2 1 1 215 1331 408 369 7663 7540 599 532 601 7409
7071 11 2 1 1 408 1331 215 1081 7540 7663 599 7353 7378 1562
7072 11 2 1 1 2511 1073 146 2514 7512 1690 2806 2810 2808 7428
7073 11 2 1 1 2511 146 1073 1356 2806 1690 7512 7292 1691 1686
7074 11 2 1 1 1359 374 41 402 7619 485 1518 7612 489 490
7075 11 2 1 1 1359 41 374 1335 1518 485 7619 1520 7588 1516
7076 11 2 1 1 1081 384 310 1330 7666 598 7354 1559 7457 7637
7077 11 2 1 1 310 384 1081 215 598 7666 7354 597 7378 529
7078 11 2 1 1 1340 379 29 1333 7644 453 1480 1484 1482 7510
7079 11 2 1 1 1340 29 379 399 1480 453 7644 7653 454 449
7080 11 2 1 1 1107 403 64 1397 7596 415 1585 1587 1404 7604
7081 11 2 1 1 64 403 1107 217 415 7596 1585 554 7520 557
7082 11 2 1 1 394 1108 18 1398 7578 1449 412 7581 1403 1451
7083 11 2 1 1 18 1108 394 214 1449 7578 412 418 419 7345
7084 11 2 1 1 211 1365 24 407 7626 1465 438 439 432 7634
7085 11 2 1 1 211 24 1365 1080 438 1465 7626 7390 1469 1467
7086 11 2 1 1 3581 2553 2549 3397 7695 3076 4343 4386 4384 4799
7087 11 2 1 1 3581 2549 2553 2543 4343 3076 7695 4811 3077 3075
$EndElements
