$MeshFormat
2.2 0 8
$EndMeshFormat
$PhysicalNames
7
2 1 "bottom"
2 2 "front"
2 3 "right"
2 4 "back"
2 5 "left"
2 6 "top"
3 1 "domain"
$EndPhysicalNames
$Nodes
2673
1 0 0 0
2 1 0 0
3 1 1 0
4 0 1 0
5 0 0 3
6 1 0 3
7 1 1 3
8 0 1 3
9 0.1249999999997731 0 0
10 0.2499999999994109 0 0
11 0.3749999999990461 0 0
12 0.4999999999986921 0 0
13 0.6249999999990109 0 0
14 0.7499999999993406 0 0
15 0.8749999999996703 0 0
16 1 0.1249999999997731 0
17 1 0.2499999999994109 0
18 1 0.3749999999990461 0
19 1 0.4999999999986921 0
20 1 0.6249999999990109 0
21 1 0.7499999999993406 0
22 1 0.8749999999996703 0
23 0.8749999999995012 1 0
24 0.7500000000003471 1 0
25 0.625000000001214 1 0
26 0.5000000000020595 1 0
27 0.3750000000015609 1 0
28 0.2500000000010405 1 0
29 0.1250000000005203 1 0
30 0 0.8749999999995012 0
31 0 0.7500000000003471 0
32 0 0.625000000001214 0
33 0 0.5000000000020595 0
34 0 0.3750000000015609 0
35 0 0.2500000000010405 0
36 0 0.1250000000005203 0
37 0.1249999999997731 0 3
38 0.2499999999994109 0 3
39 0.3749999999990461 0 3
40 0.4999999999986921 0 3
41 0.6249999999990109 0 3
42 0.7499999999993406 0 3
43 0.8749999999996703 0 3
44 1 0.1249999999997731 3
45 1 0.2499999999994109 3
46 1 0.3749999999990461 3
47 1 0.4999999999986921 3
48 1 0.6249999999990109 3
49 1 0.7499999999993406 3
50 1 0.8749999999996703 3
51 0.8749999999995012 1 3
52 0.7500000000003471 1 3
53 0.625000000001214 1 3
54 0.5000000000020595 1 3
55 0.3750000000015609 1 3
56 0.2500000000010405 1 3
57 0.1250000000005203 1 3
58 0 0.8749999999995012 3
59 0 0.7500000000003471 3
60 0 0.625000000001214 3
61 0 0.5000000000020595 3
62 0 0.3750000000015609 3
63 0 0.2500000000010405 3
64 0 0.1250000000005203 3
65 0 0 0.09375
66 0 0 0.1875
67 0 0 0.28125
68 0 0 0.375
69 0 0 0.46875
70 0 0 0.5625
71 0 0 0.65625
72 0 0 0.75
73 0 0 0.84375
74 0 0 0.9375
75 0 0 1.03125
76 0 0 1.125
77 0 0 1.21875
78 0 0 1.3125
79 0 0 1.40625
80 0 0 1.5
81 0 0 1.59375
82 0 0 1.6875
83 0 0 1.78125
84 0 0 1.875
85 0 0 1.96875
86 0 0 2.0625
87 0 0 2.15625
88 0 0 2.25
89 0 0 2.34375
90 0 0 2.4375
91 0 0 2.53125
92 0 0 2.625
93 0 0 2.71875
94 0 0 2.8125
95 0 0 2.90625
96 1 0 0.09375
97 1 0 0.1875
98 1 0 0.28125
99 1 0 0.375
100 1 0 0.46875
101 1 0 0.5625
102 1 0 0.65625
103 1 0 0.75
104 1 0 0.84375
105 1 0 0.9375
106 1 0 1.03125
107 1 0 1.125
108 1 0 1.21875
109 1 0 1.3125
110 1 0 1.40625
111 1 0 1.5
112 1 0 1.59375
113 1 0 1.6875
114 1 0 1.78125
115 1 0 1.875
116 1 0 1.96875
117 1 0 2.0625
118 1 0 2.15625
119 1 0 2.25
120 1 0 2.34375
121 1 0 2.4375
122 1 0 2.53125
123 1 0 2.625
124 1 0 2.71875
125 1 0 2.8125
126 1 0 2.90625
127 1 1 0.09375
128 1 1 0.1875
129 1 1 0.28125
130 1 1 0.375
131 1 1 0.46875
132 1 1 0.5625
133 1 1 0.65625
134 1 1 0.75
135 1 1 0.84375
136 1 1 0.9375
137 1 1 1.03125
138 1 1 1.125
139 1 1 1.21875
140 1 1 1.3125
141 1 1 1.40625
142 1 1 1.5
143 1 1 1.59375
144 1 1 1.6875
145 1 1 1.78125
146 1 1 1.875
147 1 1 1.96875
148 1 1 2.0625
149 1 1 2.15625
150 1 1 2.25
151 1 1 2.34375
152 1 1 2.4375
153 1 1 2.53125
154 1 1 2.625
155 1 1 2.71875
156 1 1 2.8125
157 1 1 2.90625
158 0 1 0.09375
159 0 1 0.1875
160 0 1 0.28125
161 0 1 0.375
162 0 1 0.46875
163 0 1 0.5625
164 0 1 0.65625
165 0 1 0.75
166 0 1 0.84375
167 0 1 0.9375
168 0 1 1.03125
169 0 1 1.125
170 0 1 1.21875
171 0 1 1.3125
172 0 1 1.40625
173 0 1 1.5
174 0 1 1.59375
175 0 1 1.6875
176 0 1 1.78125
177 0 1 1.875
178 0 1 1.96875
179 0 1 2.0625
180 0 1 2.15625
181 0 1 2.25
182 0 1 2.34375
183 0 1 2.4375
184 0 1 2.53125
185 0 1 2.625
186 0 1 2.71875
187 0 1 2.8125
188 0 1 2.90625
189 0.1249999999998665 0.1250000000004269 0
190 0.1249999999999599 0.2500000000008368 0
191 0.1250000000000533 0.3750000000012465 0
192 0.1250000000001467 0.5000000000016386 0
193 0.1250000000002401 0.6250000000009387 0
194 0.1250000000003335 0.7500000000002212 0
195 0.1250000000004269 0.8749999999995224 0
196 0.2499999999996146 0.1250000000003335 0
197 0.2499999999998184 0.2500000000006332 0
198 0.250000000000022 0.3750000000009323 0
199 0.2500000000002257 0.5000000000012176 0
200 0.2500000000004294 0.6250000000006634 0
201 0.2500000000006332 0.7500000000000955 0
202 0.2500000000008368 0.8749999999995434 0
203 0.3749999999993605 0.1250000000002401 0
204 0.3749999999996748 0.2500000000004294 0
205 0.3749999999999891 0.3750000000006178 0
206 0.3750000000003035 0.5000000000007966 0
207 0.3750000000006179 0.6250000000003878 0
208 0.3750000000009322 0.7499999999999696 0
209 0.3750000000012465 0.8749999999995648 0
210 0.4999999999991129 0.1250000000001467 0
211 0.4999999999995339 0.2500000000002257 0
212 0.4999999999999548 0.3750000000003034 0
213 0.5000000000003758 0.5000000000003758 0
214 0.5000000000007968 0.6250000000001125 0
215 0.5000000000012176 0.7499999999998439 0
216 0.5000000000016386 0.8749999999995856 0
217 0.6249999999992862 0.1250000000000533 0
218 0.6249999999995616 0.2500000000000221 0
219 0.6249999999998369 0.3749999999999892 0
220 0.6250000000001125 0.4999999999999548 0
221 0.6250000000003878 0.6249999999998369 0
222 0.6250000000006631 0.749999999999718 0
223 0.6250000000009388 0.874999999999607 0
224 0.7499999999994666 0.1249999999999599 0
225 0.7499999999995923 0.2499999999998184 0
226 0.749999999999718 0.3749999999996748 0
227 0.7499999999998439 0.4999999999995339 0
228 0.7499999999999698 0.6249999999995616 0
229 0.7500000000000955 0.7499999999995921 0
230 0.7500000000002214 0.8749999999996279 0
231 0.8749999999996489 0.1249999999998665 0
232 0.8749999999996282 0.2499999999996146 0
233 0.874999999999607 0.3749999999993605 0
234 0.8749999999995858 0.499999999999113 0
235 0.8749999999995646 0.6249999999992863 0
236 0.8749999999995433 0.7499999999994664 0
237 0.8749999999995223 0.8749999999996491 0
238 0.1249999999997731 0 0.09375
239 0.1249999999997731 0 0.1875
240 0.1249999999997731 0 0.28125
241 0.1249999999997731 0 0.375
242 0.1249999999997731 0 0.46875
243 0.1249999999997731 0 0.5625
244 0.1249999999997731 0 0.65625
245 0.1249999999997731 0 0.75
246 0.1249999999997731 0 0.84375
247 0.1249999999997731 0 0.9375
248 0.1249999999997731 0 1.03125
249 0.1249999999997731 0 1.125
250 0.1249999999997731 0 1.21875
251 0.1249999999997731 0 1.3125
252 0.1249999999997731 0 1.40625
253 0.1249999999997731 0 1.5
254 0.1249999999997731 0 1.59375
255 0.1249999999997731 0 1.6875
256 0.1249999999997731 0 1.78125
257 0.1249999999997731 0 1.875
258 0.1249999999997731 0 1.96875
259 0.1249999999997731 0 2.0625
260 0.1249999999997731 0 2.15625
261 0.1249999999997731 0 2.25
262 0.1249999999997731 0 2.34375
263 0.1249999999997731 0 2.4375
264 0.1249999999997731 0 2.53125
265 0.1249999999997731 0 2.625
266 0.1249999999997731 0 2.71875
267 0.1249999999997731 0 2.8125
268 0.1249999999997731 0 2.90625
269 0.2499999999994109 0 0.09375
270 0.2499999999994109 0 0.1875
271 0.2499999999994109 0 0.28125
272 0.2499999999994109 0 0.375
273 0.2499999999994109 0 0.46875
274 0.2499999999994109 0 0.5625
275 0.2499999999994109 0 0.65625
276 0.2499999999994109 0 0.75
277 0.2499999999994109 0 0.84375
278 0.2499999999994109 0 0.9375
279 0.2499999999994109 0 1.03125
280 0.2499999999994109 0 1.125
281 0.2499999999994109 0 1.21875
282 0.2499999999994109 0 1.3125
283 0.2499999999994109 0 1.40625
284 0.2499999999994109 0 1.5
285 0.2499999999994109 0 1.59375
286 0.2499999999994109 0 1.6875
287 0.2499999999994109 0 1.78125
288 0.2499999999994109 0 1.875
289 0.2499999999994109 0 1.96875
290 0.2499999999994109 0 2.0625
291 0.2499999999994109 0 2.15625
292 0.2499999999994109 0 2.25
293 0.2499999999994109 0 2.34375
294 0.2499999999994109 0 2.4375
295 0.2499999999994109 0 2.53125
296 0.2499999999994109 0 2.625
297 0.2499999999994109 0 2.71875
298 0.2499999999994109 0 2.8125
299 0.2499999999994109 0 2.90625
300 0.3749999999990461 0 0.09375
301 0.3749999999990461 0 0.1875
302 0.3749999999990461 0 0.28125
303 0.3749999999990461 0 0.375
304 0.3749999999990461 0 0.46875
305 0.3749999999990461 0 0.5625
306 0.3749999999990461 0 0.65625
307 0.3749999999990461 0 0.75
308 0.3749999999990461 0 0.84375
309 0.3749999999990461 0 0.9375
310 0.3749999999990461 0 1.03125
311 0.3749999999990461 0 1.125
312 0.3749999999990461 0 1.21875
313 0.3749999999990461 0 1.3125
314 0.3749999999990461 0 1.40625
315 0.3749999999990461 0 1.5
316 0.3749999999990461 0 1.59375
317 0.3749999999990461 0 1.6875
318 0.3749999999990461 0 1.78125
319 0.3749999999990461 0 1.875
320 0.3749999999990461 0 1.96875
321 0.3749999999990461 0 2.0625
322 0.3749999999990461 0 2.15625
323 0.3749999999990461 0 2.25
324 0.3749999999990461 0 2.34375
325 0.3749999999990461 0 2.4375
326 0.3749999999990461 0 2.53125
327 0.3749999999990461 0 2.625
328 0.3749999999990461 0 2.71875
329 0.3749999999990461 0 2.8125
330 0.3749999999990461 0 2.90625
331 0.4999999999986921 0 0.09375
332 0.4999999999986921 0 0.1875
333 0.4999999999986921 0 0.28125
334 0.4999999999986921 0 0.375
335 0.4999999999986921 0 0.46875
336 0.4999999999986921 0 0.5625
337 0.4999999999986921 0 0.65625
338 0.4999999999986921 0 0.75
339 0.4999999999986921 0 0.84375
340 0.4999999999986921 0 0.9375
341 0.4999999999986921 0 1.03125
342 0.4999999999986921 0 1.125
343 0.4999999999986921 0 1.21875
344 0.4999999999986921 0 1.3125
345 0.4999999999986921 0 1.40625
346 0.4999999999986921 0 1.5
347 0.4999999999986921 0 1.59375
348 0.4999999999986921 0 1.6875
349 0.4999999999986921 0 1.78125
350 0.4999999999986921 0 1.875
351 0.4999999999986921 0 1.96875
352 0.4999999999986921 0 2.0625
353 0.4999999999986921 0 2.15625
354 0.4999999999986921 0 2.25
355 0.4999999999986921 0 2.34375
356 0.4999999999986921 0 2.4375
357 0.4999999999986921 0 2.53125
358 0.4999999999986921 0 2.625
359 0.4999999999986921 0 2.71875
360 0.4999999999986921 0 2.8125
361 0.4999999999986921 0 2.90625
362 0.6249999999990109 0 0.09375
363 0.6249999999990109 0 0.1875
364 0.6249999999990109 0 0.28125
365 0.6249999999990109 0 0.375
366 0.6249999999990109 0 0.46875
367 0.6249999999990109 0 0.5625
368 0.6249999999990109 0 0.65625
369 0.6249999999990109 0 0.75
370 0.6249999999990109 0 0.84375
371 0.6249999999990109 0 0.9375
372 0.6249999999990109 0 1.03125
373 0.6249999999990109 0 1.125
374 0.6249999999990109 0 1.21875
375 0.6249999999990109 0 1.3125
376 0.6249999999990109 0 1.40625
377 0.6249999999990109 0 1.5
378 0.6249999999990109 0 1.59375
379 0.6249999999990109 0 1.6875
380 0.6249999999990109 0 1.78125
381 0.6249999999990109 0 1.875
382 0.6249999999990109 0 1.96875
383 0.6249999999990109 0 2.0625
384 0.6249999999990109 0 2.15625
385 0.6249999999990109 0 2.25
386 0.6249999999990109 0 2.34375
387 0.6249999999990109 0 2.4375
388 0.6249999999990109 0 2.53125
389 0.6249999999990109 0 2.625
390 0.6249999999990109 0 2.71875
391 0.6249999999990109 0 2.8125
392 0.6249999999990109 0 2.90625
393 0.7499999999993406 0 0.09375
394 0.7499999999993406 0 0.1875
395 0.7499999999993406 0 0.28125
396 0.7499999999993406 0 0.375
397 0.7499999999993406 0 0.46875
398 0.7499999999993406 0 0.5625
399 0.7499999999993406 0 0.65625
400 0.7499999999993406 0 0.75
401 0.7499999999993406 0 0.84375
402 0.7499999999993406 0 0.9375
403 0.7499999999993406 0 1.03125
404 0.7499999999993406 0 1.125
405 0.7499999999993406 0 1.21875
406 0.7499999999993406 0 1.3125
407 0.7499999999993406 0 1.40625
408 0.7499999999993406 0 1.5
409 0.7499999999993406 0 1.59375
410 0.7499999999993406 0 1.6875
411 0.7499999999993406 0 1.78125
412 0.7499999999993406 0 1.875
413 0.7499999999993406 0 1.96875
414 0.7499999999993406 0 2.0625
415 0.7499999999993406 0 2.15625
416 0.7499999999993406 0 2.25
417 0.7499999999993406 0 2.34375
418 0.7499999999993406 0 2.4375
419 0.7499999999993406 0 2.53125
420 0.7499999999993406 0 2.625
421 0.7499999999993406 0 2.71875
422 0.7499999999993406 0 2.8125
423 0.7499999999993406 0 2.90625
424 0.8749999999996703 0 0.09375
425 0.8749999999996703 0 0.1875
426 0.8749999999996703 0 0.28125
427 0.8749999999996703 0 0.375
428 0.8749999999996703 0 0.46875
429 0.8749999999996703 0 0.5625
430 0.8749999999996703 0 0.65625
431 0.8749999999996703 0 0.75
432 0.8749999999996703 0 0.84375
433 0.8749999999996703 0 0.9375
434 0.8749999999996703 0 1.03125
435 0.8749999999996703 0 1.125
436 0.8749999999996703 0 1.21875
437 0.8749999999996703 0 1.3125
438 0.8749999999996703 0 1.40625
439 0.8749999999996703 0 1.5
440 0.8749999999996703 0 1.59375
441 0.8749999999996703 0 1.6875
442 0.8749999999996703 0 1.78125
443 0.8749999999996703 0 1.875
444 0.8749999999996703 0 1.96875
445 0.8749999999996703 0 2.0625
446 0.8749999999996703 0 2.15625
447 0.8749999999996703 0 2.25
448 0.8749999999996703 0 2.34375
449 0.8749999999996703 0 2.4375
450 0.8749999999996703 0 2.53125
451 0.8749999999996703 0 2.625
452 0.8749999999996703 0 2.71875
453 0.8749999999996703 0 2.8125
454 0.8749999999996703 0 2.90625
455 1 0.1249999999997731 0.09375
456 1 0.1249999999997731 0.1875
457 1 0.1249999999997731 0.28125
458 1 0.1249999999997731 0.375
459 1 0.1249999999997731 0.46875
460 1 0.1249999999997731 0.5625
461 1 0.1249999999997731 0.65625
462 1 0.1249999999997731 0.75
463 1 0.1249999999997731 0.84375
464 1 0.1249999999997731 0.9375
465 1 0.1249999999997731 1.03125
466 1 0.1249999999997731 1.125
467 1 0.1249999999997731 1.21875
468 1 0.1249999999997731 1.3125
469 1 0.1249999999997731 1.40625
470 1 0.1249999999997731 1.5
471 1 0.1249999999997731 1.59375
472 1 0.1249999999997731 1.6875
473 1 0.1249999999997731 1.78125
474 1 0.1249999999997731 1.875
475 1 0.1249999999997731 1.96875
476 1 0.1249999999997731 2.0625
477 1 0.1249999999997731 2.15625
478 1 0.1249999999997731 2.25
479 1 0.1249999999997731 2.34375
480 1 0.1249999999997731 2.4375
481 1 0.1249999999997731 2.53125
482 1 0.1249999999997731 2.625
483 1 0.1249999999997731 2.71875
484 1 0.1249999999997731 2.8125
485 1 0.1249999999997731 2.90625
486 1 0.2499999999994109 0.09375
487 1 0.2499999999994109 0.1875
488 1 0.2499999999994109 0.28125
489 1 0.2499999999994109 0.375
490 1 0.2499999999994109 0.46875
491 1 0.2499999999994109 0.5625
492 1 0.2499999999994109 0.65625
493 1 0.2499999999994109 0.75
494 1 0.2499999999994109 0.84375
495 1 0.2499999999994109 0.9375
496 1 0.2499999999994109 1.03125
497 1 0.2499999999994109 1.125
498 1 0.2499999999994109 1.21875
499 1 0.2499999999994109 1.3125
500 1 0.2499999999994109 1.40625
501 1 0.2499999999994109 1.5
502 1 0.2499999999994109 1.59375
503 1 0.2499999999994109 1.6875
504 1 0.2499999999994109 1.78125
505 1 0.2499999999994109 1.875
506 1 0.2499999999994109 1.96875
507 1 0.2499999999994109 2.0625
508 1 0.2499999999994109 2.15625
509 1 0.2499999999994109 2.25
510 1 0.2499999999994109 2.34375
511 1 0.2499999999994109 2.4375
512 1 0.2499999999994109 2.53125
513 1 0.2499999999994109 2.625
514 1 0.2499999999994109 2.71875
515 1 0.2499999999994109 2.8125
516 1 0.2499999999994109 2.90625
517 1 0.3749999999990461 0.09375
518 1 0.3749999999990461 0.1875
519 1 0.3749999999990461 0.28125
520 1 0.3749999999990461 0.375
521 1 0.3749999999990461 0.46875
522 1 0.3749999999990461 0.5625
523 1 0.3749999999990461 0.65625
524 1 0.3749999999990461 0.75
525 1 0.3749999999990461 0.84375
526 1 0.3749999999990461 0.9375
527 1 0.3749999999990461 1.03125
528 1 0.3749999999990461 1.125
529 1 0.3749999999990461 1.21875
530 1 0.3749999999990461 1.3125
531 1 0.3749999999990461 1.40625
532 1 0.3749999999990461 1.5
533 1 0.3749999999990461 1.59375
534 1 0.3749999999990461 1.6875
535 1 0.3749999999990461 1.78125
536 1 0.3749999999990461 1.875
537 1 0.3749999999990461 1.96875
538 1 0.3749999999990461 2.0625
539 1 0.3749999999990461 2.15625
540 1 0.3749999999990461 2.25
541 1 0.3749999999990461 2.34375
542 1 0.3749999999990461 2.4375
543 1 0.3749999999990461 2.53125
544 1 0.3749999999990461 2.625
545 1 0.3749999999990461 2.71875
546 1 0.3749999999990461 2.8125
547 1 0.3749999999990461 2.90625
548 1 0.4999999999986921 0.09375
549 1 0.4999999999986921 0.1875
550 1 0.4999999999986921 0.28125
551 1 0.4999999999986921 0.375
552 1 0.4999999999986921 0.46875
553 1 0.4999999999986921 0.5625
554 1 0.4999999999986921 0.65625
555 1 0.4999999999986921 0.75
556 1 0.4999999999986921 0.84375
557 1 0.4999999999986921 0.9375
558 1 0.4999999999986921 1.03125
559 1 0.4999999999986921 1.125
560 1 0.4999999999986921 1.21875
561 1 0.4999999999986921 1.3125
562 1 0.4999999999986921 1.40625
563 1 0.4999999999986921 1.5
564 1 0.4999999999986921 1.59375
565 1 0.4999999999986921 1.6875
566 1 0.4999999999986921 1.78125
567 1 0.4999999999986921 1.875
568 1 0.4999999999986921 1.96875
569 1 0.4999999999986921 2.0625
570 1 0.4999999999986921 2.15625
571 1 0.4999999999986921 2.25
572 1 0.4999999999986921 2.34375
573 1 0.4999999999986921 2.4375
574 1 0.4999999999986921 2.53125
575 1 0.4999999999986921 2.625
576 1 0.4999999999986921 2.71875
577 1 0.4999999999986921 2.8125
578 1 0.4999999999986921 2.90625
579 1 0.6249999999990109 0.09375
580 1 0.6249999999990109 0.1875
581 1 0.6249999999990109 0.28125
582 1 0.6249999999990109 0.375
583 1 0.6249999999990109 0.46875
584 1 0.6249999999990109 0.5625
585 1 0.6249999999990109 0.65625
586 1 0.6249999999990109 0.75
587 1 0.6249999999990109 0.84375
588 1 0.6249999999990109 0.9375
589 1 0.6249999999990109 1.03125
590 1 0.6249999999990109 1.125
591 1 0.6249999999990109 1.21875
592 1 0.6249999999990109 1.3125
593 1 0.6249999999990109 1.40625
594 1 0.6249999999990109 1.5
595 1 0.6249999999990109 1.59375
596 1 0.6249999999990109 1.6875
597 1 0.6249999999990109 1.78125
598 1 0.6249999999990109 1.875
599 1 0.6249999999990109 1.96875
600 1 0.6249999999990109 2.0625
601 1 0.6249999999990109 2.15625
602 1 0.6249999999990109 2.25
603 1 0.6249999999990109 2.34375
604 1 0.6249999999990109 2.4375
605 1 0.6249999999990109 2.53125
606 1 0.6249999999990109 2.625
607 1 0.6249999999990109 2.71875
608 1 0.6249999999990109 2.8125
609 1 0.6249999999990109 2.90625
610 1 0.7499999999993406 0.09375
611 1 0.7499999999993406 0.1875
612 1 0.7499999999993406 0.28125
613 1 0.7499999999993406 0.375
614 1 0.7499999999993406 0.46875
615 1 0.7499999999993406 0.5625
616 1 0.7499999999993406 0.65625
617 1 0.7499999999993406 0.75
618 1 0.7499999999993406 0.84375
619 1 0.7499999999993406 0.9375
620 1 0.7499999999993406 1.03125
621 1 0.7499999999993406 1.125
622 1 0.7499999999993406 1.21875
623 1 0.7499999999993406 1.3125
624 1 0.7499999999993406 1.40625
625 1 0.7499999999993406 1.5
626 1 0.7499999999993406 1.59375
627 1 0.7499999999993406 1.6875
628 1 0.7499999999993406 1.78125
629 1 0.7499999999993406 1.875
630 1 0.7499999999993406 1.96875
631 1 0.7499999999993406 2.0625
632 1 0.7499999999993406 2.15625
633 1 0.7499999999993406 2.25
634 1 0.7499999999993406 2.34375
635 1 0.7499999999993406 2.4375
636 1 0.7499999999993406 2.53125
637 1 0.7499999999993406 2.625
638 1 0.7499999999993406 2.71875
639 1 0.7499999999993406 2.8125
640 1 0.7499999999993406 2.90625
641 1 0.8749999999996703 0.09375
642 1 0.8749999999996703 0.1875
643 1 0.8749999999996703 0.28125
644 1 0.8749999999996703 0.375
645 1 0.8749999999996703 0.46875
646 1 0.8749999999996703 0.5625
647 1 0.8749999999996703 0.65625
648 1 0.8749999999996703 0.75
649 1 0.8749999999996703 0.84375
650 1 0.8749999999996703 0.9375
651 1 0.8749999999996703 1.03125
652 1 0.8749999999996703 1.125
653 1 0.8749999999996703 1.21875
654 1 0.8749999999996703 1.3125
655 1 0.8749999999996703 1.40625
656 1 0.8749999999996703 1.5
657 1 0.8749999999996703 1.59375
658 1 0.8749999999996703 1.6875
659 1 0.8749999999996703 1.78125
660 1 0.8749999999996703 1.875
661 1 0.8749999999996703 1.96875
662 1 0.8749999999996703 2.0625
663 1 0.8749999999996703 2.15625
664 1 0.8749999999996703 2.25
665 1 0.8749999999996703 2.34375
666 1 0.8749999999996703 2.4375
667 1 0.8749999999996703 2.53125
668 1 0.8749999999996703 2.625
669 1 0.8749999999996703 2.71875
670 1 0.8749999999996703 2.8125
671 1 0.8749999999996703 2.90625
672 0.8749999999995012 1 0.09375
673 0.8749999999995012 1 0.1875
674 0.8749999999995012 1 0.28125
675 0.8749999999995012 1 0.375
676 0.8749999999995012 1 0.46875
677 0.8749999999995012 1 0.5625
678 0.8749999999995012 1 0.65625
679 0.8749999999995012 1 0.75
680 0.8749999999995012 1 0.84375
681 0.8749999999995012 1 0.9375
682 0.8749999999995012 1 1.03125
683 0.8749999999995012 1 1.125
684 0.8749999999995012 1 1.21875
685 0.8749999999995012 1 1.3125
686 0.8749999999995012 1 1.40625
687 0.8749999999995012 1 1.5
688 0.8749999999995012 1 1.59375
689 0.8749999999995012 1 1.6875
690 0.8749999999995012 1 1.78125
691 0.8749999999995012 1 1.875
692 0.8749999999995012 1 1.96875
693 0.8749999999995012 1 2.0625
694 0.8749999999995012 1 2.15625
695 0.8749999999995012 1 2.25
696 0.8749999999995012 1 2.34375
697 0.8749999999995012 1 2.4375
698 0.8749999999995012 1 2.53125
699 0.8749999999995012 1 2.625
700 0.8749999999995012 1 2.71875
701 0.8749999999995012 1 2.8125
702 0.8749999999995012 1 2.90625
703 0.7500000000003471 1 0.09375
704 0.7500000000003471 1 0.1875
705 0.7500000000003471 1 0.28125
706 0.7500000000003471 1 0.375
707 0.7500000000003471 1 0.46875
708 0.7500000000003471 1 0.5625
709 0.7500000000003471 1 0.65625
710 0.7500000000003471 1 0.75
711 0.7500000000003471 1 0.84375
712 0.7500000000003471 1 0.9375
713 0.7500000000003471 1 1.03125
714 0.7500000000003471 1 1.125
715 0.7500000000003471 1 1.21875
716 0.7500000000003471 1 1.3125
717 0.7500000000003471 1 1.40625
718 0.7500000000003471 1 1.5
719 0.7500000000003471 1 1.59375
720 0.7500000000003471 1 1.6875
721 0.7500000000003471 1 1.78125
722 0.7500000000003471 1 1.875
723 0.7500000000003471 1 1.96875
724 0.7500000000003471 1 2.0625
725 0.7500000000003471 1 2.15625
726 0.7500000000003471 1 2.25
727 0.7500000000003471 1 2.34375
728 0.7500000000003471 1 2.4375
729 0.7500000000003471 1 2.53125
730 0.7500000000003471 1 2.625
731 0.7500000000003471 1 2.71875
732 0.7500000000003471 1 2.8125
733 0.7500000000003471 1 2.90625
734 0.625000000001214 1 0.09375
735 0.625000000001214 1 0.1875
736 0.625000000001214 1 0.28125
737 0.625000000001214 1 0.375
738 0.625000000001214 1 0.46875
739 0.625000000001214 1 0.5625
740 0.625000000001214 1 0.65625
741 0.625000000001214 1 0.75
742 0.625000000001214 1 0.84375
743 0.625000000001214 1 0.9375
744 0.625000000001214 1 1.03125
745 0.625000000001214 1 1.125
746 0.625000000001214 1 1.21875
747 0.625000000001214 1 1.3125
748 0.625000000001214 1 1.40625
749 0.625000000001214 1 1.5
750 0.625000000001214 1 1.59375
751 0.625000000001214 1 1.6875
752 0.625000000001214 1 1.78125
753 0.625000000001214 1 1.875
754 0.625000000001214 1 1.96875
755 0.625000000001214 1 2.0625
756 0.625000000001214 1 2.15625
757 0.625000000001214 1 2.25
758 0.625000000001214 1 2.34375
759 0.625000000001214 1 2.4375
760 0.625000000001214 1 2.53125
761 0.625000000001214 1 2.625
762 0.625000000001214 1 2.71875
763 0.625000000001214 1 2.8125
764 0.625000000001214 1 2.90625
765 0.5000000000020595 1 0.09375
766 0.5000000000020595 1 0.1875
767 0.5000000000020595 1 0.28125
768 0.5000000000020595 1 0.375
769 0.5000000000020595 1 0.46875
770 0.5000000000020595 1 0.5625
771 0.5000000000020595 1 0.65625
772 0.5000000000020595 1 0.75
773 0.5000000000020595 1 0.84375
774 0.5000000000020595 1 0.9375
775 0.5000000000020595 1 1.03125
776 0.5000000000020595 1 1.125
777 0.5000000000020595 1 1.21875
778 0.5000000000020595 1 1.3125
779 0.5000000000020595 1 1.40625
780 0.5000000000020595 1 1.5
781 0.5000000000020595 1 1.59375
782 0.5000000000020595 1 1.6875
783 0.5000000000020595 1 1.78125
784 0.5000000000020595 1 1.875
785 0.5000000000020595 1 1.96875
786 0.5000000000020595 1 2.0625
787 0.5000000000020595 1 2.15625
788 0.5000000000020595 1 2.25
789 0.5000000000020595 1 2.34375
790 0.5000000000020595 1 2.4375
791 0.5000000000020595 1 2.53125
792 0.5000000000020595 1 2.625
793 0.5000000000020595 1 2.71875
794 0.5000000000020595 1 2.8125
795 0.5000000000020595 1 2.90625
796 0.3750000000015609 1 0.09375
797 0.3750000000015609 1 0.1875
798 0.3750000000015609 1 0.28125
799 0.3750000000015609 1 0.375
800 0.3750000000015609 1 0.46875
801 0.3750000000015609 1 0.5625
802 0.3750000000015609 1 0.65625
803 0.3750000000015609 1 0.75
804 0.3750000000015609 1 0.84375
805 0.3750000000015609 1 0.9375
806 0.3750000000015609 1 1.03125
807 0.3750000000015609 1 1.125
808 0.3750000000015609 1 1.21875
809 0.3750000000015609 1 1.3125
810 0.3750000000015609 1 1.40625
811 0.3750000000015609 1 1.5
812 0.3750000000015609 1 1.59375
813 0.3750000000015609 1 1.6875
814 0.3750000000015609 1 1.78125
815 0.3750000000015609 1 1.875
816 0.3750000000015609 1 1.96875
817 0.3750000000015609 1 2.0625
818 0.3750000000015609 1 2.15625
819 0.3750000000015609 1 2.25
820 0.3750000000015609 1 2.34375
821 0.3750000000015609 1 2.4375
822 0.3750000000015609 1 2.53125
823 0.3750000000015609 1 2.625
824 0.3750000000015609 1 2.71875
825 0.3750000000015609 1 2.8125
826 0.3750000000015609 1 2.90625
827 0.2500000000010405 1 0.09375
828 0.2500000000010405 1 0.1875
829 0.2500000000010405 1 0.28125
830 0.2500000000010405 1 0.375
831 0.2500000000010405 1 0.46875
832 0.2500000000010405 1 0.5625
833 0.2500000000010405 1 0.65625
834 0.2500000000010405 1 0.75
835 0.2500000000010405 1 0.84375
836 0.2500000000010405 1 0.9375
837 0.2500000000010405 1 1.03125
838 0.2500000000010405 1 1.125
839 0.2500000000010405 1 1.21875
840 0.2500000000010405 1 1.3125
841 0.2500000000010405 1 1.40625
842 0.2500000000010405 1 1.5
843 0.2500000000010405 1 1.59375
844 0.2500000000010405 1 1.6875
845 0.2500000000010405 1 1.78125
846 0.2500000000010405 1 1.875
847 0.2500000000010405 1 1.96875
848 0.2500000000010405 1 2.0625
849 0.2500000000010405 1 2.15625
850 0.2500000000010405 1 2.25
851 0.2500000000010405 1 2.34375
852 0.2500000000010405 1 2.4375
853 0.2500000000010405 1 2.53125
854 0.2500000000010405 1 2.625
855 0.2500000000010405 1 2.71875
856 0.2500000000010405 1 2.8125
857 0.2500000000010405 1 2.90625
858 0.1250000000005203 1 0.09375
859 0.1250000000005203 1 0.1875
860 0.1250000000005203 1 0.28125
861 0.1250000000005203 1 0.375
862 0.1250000000005203 1 0.46875
863 0.1250000000005203 1 0.5625
864 0.1250000000005203 1 0.65625
865 0.1250000000005203 1 0.75
866 0.1250000000005203 1 0.84375
867 0.1250000000005203 1 0.9375
868 0.1250000000005203 1 1.03125
869 0.1250000000005203 1 1.125
870 0.1250000000005203 1 1.21875
871 0.1250000000005203 1 1.3125
872 0.1250000000005203 1 1.40625
873 0.1250000000005203 1 1.5
874 0.1250000000005203 1 1.59375
875 0.1250000000005203 1 1.6875
876 0.1250000000005203 1 1.78125
877 0.1250000000005203 1 1.875
878 0.1250000000005203 1 1.96875
879 0.1250000000005203 1 2.0625
880 0.1250000000005203 1 2.15625
881 0.1250000000005203 1 2.25
882 0.1250000000005203 1 2.34375
883 0.1250000000005203 1 2.4375
884 0.1250000000005203 1 2.53125
885 0.1250000000005203 1 2.625
886 0.1250000000005203 1 2.71875
887 0.1250000000005203 1 2.8125
888 0.1250000000005203 1 2.90625
889 0 0.8749999999995012 0.09375
890 0 0.8749999999995012 0.1875
891 0 0.8749999999995012 0.28125
892 0 0.8749999999995012 0.375
893 0 0.8749999999995012 0.46875
894 0 0.8749999999995012 0.5625
895 0 0.8749999999995012 0.65625
896 0 0.8749999999995012 0.75
897 0 0.8749999999995012 0.84375
898 0 0.8749999999995012 0.9375
899 0 0.8749999999995012 1.03125
900 0 0.8749999999995012 1.125
901 0 0.8749999999995012 1.21875
902 0 0.8749999999995012 1.3125
903 0 0.8749999999995012 1.40625
904 0 0.8749999999995012 1.5
905 0 0.8749999999995012 1.59375
906 0 0.8749999999995012 1.6875
907 0 0.8749999999995012 1.78125
908 0 0.8749999999995012 1.875
909 0 0.8749999999995012 1.96875
910 0 0.8749999999995012 2.0625
911 0 0.8749999999995012 2.15625
912 0 0.8749999999995012 2.25
913 0 0.8749999999995012 2.34375
914 0 0.8749999999995012 2.4375
915 0 0.8749999999995012 2.53125
916 0 0.8749999999995012 2.625
917 0 0.8749999999995012 2.71875
918 0 0.8749999999995012 2.8125
919 0 0.8749999999995012 2.90625
920 0 0.7500000000003471 0.09375
921 0 0.7500000000003471 0.1875
922 0 0.7500000000003471 0.28125
923 0 0.7500000000003471 0.375
924 0 0.7500000000003471 0.46875
925 0 0.7500000000003471 0.5625
926 0 0.7500000000003471 0.65625
927 0 0.7500000000003471 0.75
928 0 0.7500000000003471 0.84375
929 0 0.7500000000003471 0.9375
930 0 0.7500000000003471 1.03125
931 0 0.7500000000003471 1.125
932 0 0.7500000000003471 1.21875
933 0 0.7500000000003471 1.3125
934 0 0.7500000000003471 1.40625
935 0 0.7500000000003471 1.5
936 0 0.7500000000003471 1.59375
937 0 0.7500000000003471 1.6875
938 0 0.7500000000003471 1.78125
939 0 0.7500000000003471 1.875
940 0 0.7500000000003471 1.96875
941 0 0.7500000000003471 2.0625
942 0 0.7500000000003471 2.15625
943 0 0.7500000000003471 2.25
944 0 0.7500000000003471 2.34375
945 0 0.7500000000003471 2.4375
946 0 0.7500000000003471 2.53125
947 0 0.7500000000003471 2.625
948 0 0.7500000000003471 2.71875
949 0 0.7500000000003471 2.8125
950 0 0.7500000000003471 2.90625
951 0 0.625000000001214 0.09375
952 0 0.625000000001214 0.1875
953 0 0.625000000001214 0.28125
954 0 0.625000000001214 0.375
955 0 0.625000000001214 0.46875
956 0 0.625000000001214 0.5625
957 0 0.625000000001214 0.65625
958 0 0.625000000001214 0.75
959 0 0.625000000001214 0.84375
960 0 0.625000000001214 0.9375
961 0 0.625000000001214 1.03125
962 0 0.625000000001214 1.125
963 0 0.625000000001214 1.21875
964 0 0.625000000001214 1.3125
965 0 0.625000000001214 1.40625
966 0 0.625000000001214 1.5
967 0 0.625000000001214 1.59375
968 0 0.625000000001214 1.6875
969 0 0.625000000001214 1.78125
970 0 0.625000000001214 1.875
971 0 0.625000000001214 1.96875
972 0 0.625000000001214 2.0625
973 0 0.625000000001214 2.15625
974 0 0.625000000001214 2.25
975 0 0.625000000001214 2.34375
976 0 0.625000000001214 2.4375
977 0 0.625000000001214 2.53125
978 0 0.625000000001214 2.625
979 0 0.625000000001214 2.71875
980 0 0.625000000001214 2.8125
981 0 0.625000000001214 2.90625
982 0 0.5000000000020595 0.09375
983 0 0.5000000000020595 0.1875
984 0 0.5000000000020595 0.28125
985 0 0.5000000000020595 0.375
986 0 0.5000000000020595 0.46875
987 0 0.5000000000020595 0.5625
988 0 0.5000000000020595 0.65625
989 0 0.5000000000020595 0.75
990 0 0.5000000000020595 0.84375
991 0 0.5000000000020595 0.9375
992 0 0.5000000000020595 1.03125
993 0 0.5000000000020595 1.125
994 0 0.5000000000020595 1.21875
995 0 0.5000000000020595 1.3125
996 0 0.5000000000020595 1.40625
997 0 0.5000000000020595 1.5
998 0 0.5000000000020595 1.59375
999 0 0.5000000000020595 1.6875
1000 0 0.5000000000020595 1.78125
1001 0 0.5000000000020595 1.875
1002 0 0.5000000000020595 1.96875
1003 0 0.5000000000020595 2.0625
1004 0 0.5000000000020595 2.15625
1005 0 0.5000000000020595 2.25
1006 0 0.5000000000020595 2.34375
1007 0 0.5000000000020595 2.4375
1008 0 0.5000000000020595 2.53125
1009 0 0.5000000000020595 2.625
1010 0 0.5000000000020595 2.71875
1011 0 0.5000000000020595 2.8125
1012 0 0.5000000000020595 2.90625
1013 0 0.3750000000015609 0.09375
1014 0 0.3750000000015609 0.1875
1015 0 0.3750000000015609 0.28125
1016 0 0.3750000000015609 0.375
1017 0 0.3750000000015609 0.46875
1018 0 0.3750000000015609 0.5625
1019 0 0.3750000000015609 0.65625
1020 0 0.3750000000015609 0.75
1021 0 0.3750000000015609 0.84375
1022 0 0.3750000000015609 0.9375
1023 0 0.3750000000015609 1.03125
1024 0 0.3750000000015609 1.125
1025 0 0.3750000000015609 1.21875
1026 0 0.3750000000015609 1.3125
1027 0 0.3750000000015609 1.40625
1028 0 0.3750000000015609 1.5
1029 0 0.3750000000015609 1.59375
1030 0 0.3750000000015609 1.6875
1031 0 0.3750000000015609 1.78125
1032 0 0.3750000000015609 1.875
1033 0 0.3750000000015609 1.96875
1034 0 0.3750000000015609 2.0625
1035 0 0.3750000000015609 2.15625
1036 0 0.3750000000015609 2.25
1037 0 0.3750000000015609 2.34375
1038 0 0.3750000000015609 2.4375
1039 0 0.3750000000015609 2.53125
1040 0 0.3750000000015609 2.625
1041 0 0.3750000000015609 2.71875
1042 0 0.3750000000015609 2.8125
1043 0 0.3750000000015609 2.90625
1044 0 0.2500000000010405 0.09375
1045 0 0.2500000000010405 0.1875
1046 0 0.2500000000010405 0.28125
1047 0 0.2500000000010405 0.375
1048 0 0.2500000000010405 0.46875
1049 0 0.2500000000010405 0.5625
1050 0 0.2500000000010405 0.65625
1051 0 0.2500000000010405 0.75
1052 0 0.2500000000010405 0.84375
1053 0 0.2500000000010405 0.9375
1054 0 0.2500000000010405 1.03125
1055 0 0.2500000000010405 1.125
1056 0 0.2500000000010405 1.21875
1057 0 0.2500000000010405 1.3125
1058 0 0.2500000000010405 1.40625
1059 0 0.2500000000010405 1.5
1060 0 0.2500000000010405 1.59375
1061 0 0.2500000000010405 1.6875
1062 0 0.2500000000010405 1.78125
1063 0 0.2500000000010405 1.875
1064 0 0.2500000000010405 1.96875
1065 0 0.2500000000010405 2.0625
1066 0 0.2500000000010405 2.15625
1067 0 0.2500000000010405 2.25
1068 0 0.2500000000010405 2.34375
1069 0 0.2500000000010405 2.4375
1070 0 0.2500000000010405 2.53125
1071 0 0.2500000000010405 2.625
1072 0 0.2500000000010405 2.71875
1073 0 0.2500000000010405 2.8125
1074 0 0.2500000000010405 2.90625
1075 0 0.1250000000005203 0.09375
1076 0 0.1250000000005203 0.1875
1077 0 0.1250000000005203 0.28125
1078 0 0.1250000000005203 0.375
1079 0 0.1250000000005203 0.46875
1080 0 0.1250000000005203 0.5625
1081 0 0.1250000000005203 0.65625
1082 0 0.1250000000005203 0.75
1083 0 0.1250000000005203 0.84375
1084 0 0.1250000000005203 0.9375
1085 0 0.1250000000005203 1.03125
1086 0 0.1250000000005203 1.125
1087 0 0.1250000000005203 1.21875
1088 0 0.1250000000005203 1.3125
1089 0 0.1250000000005203 1.40625
1090 0 0.1250000000005203 1.5
1091 0 0.1250000000005203 1.59375
1092 0 0.1250000000005203 1.6875
1093 0 0.1250000000005203 1.78125
1094 0 0.1250000000005203 1.875
1095 0 0.1250000000005203 1.96875
1096 0 0.1250000000005203 2.0625
1097 0 0.1250000000005203 2.15625
1098 0 0.1250000000005203 2.25
1099 0 0.1250000000005203 2.34375
1100 0 0.1250000000005203 2.4375
1101 0 0.1250000000005203 2.53125
1102 0 0.1250000000005203 2.625
1103 0 0.1250000000005203 2.71875
1104 0 0.1250000000005203 2.8125
1105 0 0.1250000000005203 2.90625
1106 0.1249999999998665 0.1250000000004269 3
1107 0.1249999999999599 0.2500000000008368 3
1108 0.1250000000000533 0.3750000000012465 3
1109 0.1250000000001467 0.5000000000016386 3
1110 0.1250000000002401 0.6250000000009387 3
1111 0.1250000000003335 0.7500000000002212 3
1112 0.1250000000004269 0.8749999999995224 3
1113 0.2499999999996146 0.1250000000003335 3
1114 0.2499999999998184 0.2500000000006332 3
1115 0.250000000000022 0.3750000000009323 3
1116 0.2500000000002257 0.5000000000012176 3
1117 0.2500000000004294 0.6250000000006634 3
1118 0.2500000000006332 0.7500000000000955 3
1119 0.2500000000008368 0.8749999999995434 3
1120 0.3749999999993605 0.1250000000002401 3
1121 0.3749999999996748 0.2500000000004294 3
1122 0.3749999999999891 0.3750000000006178 3
1123 0.3750000000003035 0.5000000000007966 3
1124 0.3750000000006179 0.6250000000003878 3
1125 0.3750000000009322 0.7499999999999696 3
1126 0.3750000000012465 0.8749999999995648 3
1127 0.4999999999991129 0.1250000000001467 3
1128 0.4999999999995339 0.2500000000002257 3
1129 0.4999999999999548 0.3750000000003034 3
1130 0.5000000000003758 0.5000000000003758 3
1131 0.5000000000007968 0.6250000000001125 3
1132 0.5000000000012176 0.7499999999998439 3
1133 0.5000000000016386 0.8749999999995856 3
1134 0.6249999999992862 0.1250000000000533 3
1135 0.6249999999995616 0.2500000000000221 3
1136 0.6249999999998369 0.3749999999999892 3
1137 0.6250000000001125 0.4999999999999548 3
1138 0.6250000000003878 0.6249999999998369 3
1139 0.6250000000006631 0.749999999999718 3
1140 0.6250000000009388 0.874999999999607 3
1141 0.7499999999994666 0.1249999999999599 3
1142 0.7499999999995923 0.2499999999998184 3
1143 0.749999999999718 0.3749999999996748 3
1144 0.7499999999998439 0.4999999999995339 3
1145 0.7499999999999698 0.6249999999995616 3
1146 0.7500000000000955 0.7499999999995921 3
1147 0.7500000000002214 0.8749999999996279 3
1148 0.8749999999996489 0.1249999999998665 3
1149 0.8749999999996282 0.2499999999996146 3
1150 0.874999999999607 0.3749999999993605 3
1151 0.8749999999995858 0.499999999999113 3
1152 0.8749999999995646 0.6249999999992863 3
1153 0.8749999999995433 0.7499999999994664 3
1154 0.8749999999995223 0.8749999999996491 3
1155 0.1249999999998665 0.1250000000004269 0.09375
1156 0.1249999999998665 0.1250000000004269 0.1875
1157 0.1249999999998665 0.1250000000004269 0.28125
1158 0.1249999999998665 0.1250000000004269 0.375
1159 0.1249999999998665 0.1250000000004269 0.46875
1160 0.1249999999998665 0.1250000000004269 0.5625
1161 0.1249999999998665 0.1250000000004269 0.65625
1162 0.1249999999998665 0.1250000000004269 0.75
1163 0.1249999999998665 0.1250000000004269 0.84375
1164 0.1249999999998665 0.1250000000004269 0.9375
1165 0.1249999999998665 0.1250000000004269 1.03125
1166 0.1249999999998665 0.1250000000004269 1.125
1167 0.1249999999998665 0.1250000000004269 1.21875
1168 0.1249999999998665 0.1250000000004269 1.3125
1169 0.1249999999998665 0.1250000000004269 1.40625
1170 0.1249999999998665 0.1250000000004269 1.5
1171 0.1249999999998665 0.1250000000004269 1.59375
1172 0.1249999999998665 0.1250000000004269 1.6875
1173 0.1249999999998665 0.1250000000004269 1.78125
1174 0.1249999999998665 0.1250000000004269 1.875
1175 0.1249999999998665 0.1250000000004269 1.96875
1176 0.1249999999998665 0.1250000000004269 2.0625
1177 0.1249999999998665 0.1250000000004269 2.15625
1178 0.1249999999998665 0.1250000000004269 2.25
1179 0.1249999999998665 0.1250000000004269 2.34375
1180 0.1249999999998665 0.1250000000004269 2.4375
1181 0.1249999999998665 0.1250000000004269 2.53125
1182 0.1249999999998665 0.1250000000004269 2.625
1183 0.1249999999998665 0.1250000000004269 2.71875
1184 0.1249999999998665 0.1250000000004269 2.8125
1185 0.1249999999998665 0.1250000000004269 2.90625
1186 0.1249999999999599 0.2500000000008368 0.09375
1187 0.1249999999999599 0.2500000000008368 0.1875
1188 0.1249999999999599 0.2500000000008368 0.28125
1189 0.1249999999999599 0.2500000000008368 0.375
1190 0.1249999999999599 0.2500000000008368 0.46875
1191 0.1249999999999599 0.2500000000008368 0.5625
1192 0.1249999999999599 0.2500000000008368 0.65625
1193 0.1249999999999599 0.2500000000008368 0.75
1194 0.1249999999999599 0.2500000000008368 0.84375
1195 0.1249999999999599 0.2500000000008368 0.9375
1196 0.1249999999999599 0.2500000000008368 1.03125
1197 0.1249999999999599 0.2500000000008368 1.125
1198 0.1249999999999599 0.2500000000008368 1.21875
1199 0.1249999999999599 0.2500000000008368 1.3125
1200 0.1249999999999599 0.2500000000008368 1.40625
1201 0.1249999999999599 0.2500000000008368 1.5
1202 0.1249999999999599 0.2500000000008368 1.59375
1203 0.1249999999999599 0.2500000000008368 1.6875
1204 0.1249999999999599 0.2500000000008368 1.78125
1205 0.1249999999999599 0.2500000000008368 1.875
1206 0.1249999999999599 0.2500000000008368 1.96875
1207 0.1249999999999599 0.2500000000008368 2.0625
1208 0.1249999999999599 0.2500000000008368 2.15625
1209 0.1249999999999599 0.2500000000008368 2.25
1210 0.1249999999999599 0.2500000000008368 2.34375
1211 0.1249999999999599 0.2500000000008368 2.4375
1212 0.1249999999999599 0.2500000000008368 2.53125
1213 0.1249999999999599 0.2500000000008368 2.625
1214 0.1249999999999599 0.2500000000008368 2.71875
1215 0.1249999999999599 0.2500000000008368 2.8125
1216 0.1249999999999599 0.2500000000008368 2.90625
1217 0.1250000000000533 0.3750000000012465 0.09375
1218 0.1250000000000533 0.3750000000012465 0.1875
1219 0.1250000000000533 0.3750000000012465 0.28125
1220 0.1250000000000533 0.3750000000012465 0.375
1221 0.1250000000000533 0.3750000000012465 0.46875
1222 0.1250000000000533 0.3750000000012465 0.5625
1223 0.1250000000000533 0.3750000000012465 0.65625
1224 0.1250000000000533 0.3750000000012465 0.75
1225 0.1250000000000533 0.3750000000012465 0.84375
1226 0.1250000000000533 0.3750000000012465 0.9375
1227 0.1250000000000533 0.3750000000012465 1.03125
1228 0.1250000000000533 0.3750000000012465 1.125
1229 0.1250000000000533 0.3750000000012465 1.21875
1230 0.1250000000000533 0.3750000000012465 1.3125
1231 0.1250000000000533 0.3750000000012465 1.40625
1232 0.1250000000000533 0.3750000000012465 1.5
1233 0.1250000000000533 0.3750000000012465 1.59375
1234 0.1250000000000533 0.3750000000012465 1.6875
1235 0.1250000000000533 0.3750000000012465 1.78125
1236 0.1250000000000533 0.3750000000012465 1.875
1237 0.1250000000000533 0.3750000000012465 1.96875
1238 0.1250000000000533 0.3750000000012465 2.0625
1239 0.1250000000000533 0.3750000000012465 2.15625
1240 0.1250000000000533 0.3750000000012465 2.25
1241 0.1250000000000533 0.3750000000012465 2.34375
1242 0.1250000000000533 0.3750000000012465 2.4375
1243 0.1250000000000533 0.3750000000012465 2.53125
1244 0.1250000000000533 0.3750000000012465 2.625
1245 0.1250000000000533 0.3750000000012465 2.71875
1246 0.1250000000000533 0.3750000000012465 2.8125
1247 0.1250000000000533 0.3750000000012465 2.90625
1248 0.1250000000001467 0.5000000000016386 0.09375
1249 0.1250000000001467 0.5000000000016386 0.1875
1250 0.1250000000001467 0.5000000000016386 0.28125
1251 0.1250000000001467 0.5000000000016386 0.375
1252 0.1250000000001467 0.5000000000016386 0.46875
1253 0.1250000000001467 0.5000000000016386 0.5625
1254 0.1250000000001467 0.5000000000016386 0.65625
1255 0.1250000000001467 0.5000000000016386 0.75
1256 0.1250000000001467 0.5000000000016386 0.84375
1257 0.1250000000001467 0.5000000000016386 0.9375
1258 0.1250000000001467 0.5000000000016386 1.03125
1259 0.1250000000001467 0.5000000000016386 1.125
1260 0.1250000000001467 0.5000000000016386 1.21875
1261 0.1250000000001467 0.5000000000016386 1.3125
1262 0.1250000000001467 0.5000000000016386 1.40625
1263 0.1250000000001467 0.5000000000016386 1.5
1264 0.1250000000001467 0.5000000000016386 1.59375
1265 0.1250000000001467 0.5000000000016386 1.6875
1266 0.1250000000001467 0.5000000000016386 1.78125
1267 0.1250000000001467 0.5000000000016386 1.875
1268 0.1250000000001467 0.5000000000016386 1.96875
1269 0.1250000000001467 0.5000000000016386 2.0625
1270 0.1250000000001467 0.5000000000016386 2.15625
1271 0.1250000000001467 0.5000000000016386 2.25
1272 0.1250000000001467 0.5000000000016386 2.34375
1273 0.1250000000001467 0.5000000000016386 2.4375
1274 0.1250000000001467 0.5000000000016386 2.53125
1275 0.1250000000001467 0.5000000000016386 2.625
1276 0.1250000000001467 0.5000000000016386 2.71875
1277 0.1250000000001467 0.5000000000016386 2.8125
1278 0.1250000000001467 0.5000000000016386 2.90625
1279 0.1250000000002401 0.6250000000009387 0.09375
1280 0.1250000000002401 0.6250000000009387 0.1875
1281 0.1250000000002401 0.6250000000009387 0.28125
1282 0.1250000000002401 0.6250000000009387 0.375
1283 0.1250000000002401 0.6250000000009387 0.46875
1284 0.1250000000002401 0.6250000000009387 0.5625
1285 0.1250000000002401 0.6250000000009387 0.65625
1286 0.1250000000002401 0.6250000000009387 0.75
1287 0.1250000000002401 0.6250000000009387 0.84375
1288 0.1250000000002401 0.6250000000009387 0.9375
1289 0.1250000000002401 0.6250000000009387 1.03125
1290 0.1250000000002401 0.6250000000009387 1.125
1291 0.1250000000002401 0.6250000000009387 1.21875
1292 0.1250000000002401 0.6250000000009387 1.3125
1293 0.1250000000002401 0.6250000000009387 1.40625
1294 0.1250000000002401 0.6250000000009387 1.5
1295 0.1250000000002401 0.6250000000009387 1.59375
1296 0.1250000000002401 0.6250000000009387 1.6875
1297 0.1250000000002401 0.6250000000009387 1.78125
1298 0.1250000000002401 0.6250000000009387 1.875
1299 0.1250000000002401 0.6250000000009387 1.96875
1300 0.1250000000002401 0.6250000000009387 2.0625
1301 0.1250000000002401 0.6250000000009387 2.15625
1302 0.1250000000002401 0.6250000000009387 2.25
1303 0.1250000000002401 0.6250000000009387 2.34375
1304 0.1250000000002401 0.6250000000009387 2.4375
1305 0.1250000000002401 0.6250000000009387 2.53125
1306 0.1250000000002401 0.6250000000009387 2.625
1307 0.1250000000002401 0.6250000000009387 2.71875
1308 0.1250000000002401 0.6250000000009387 2.8125
1309 0.1250000000002401 0.6250000000009387 2.90625
1310 0.1250000000003335 0.7500000000002212 0.09375
1311 0.1250000000003335 0.7500000000002212 0.1875
1312 0.1250000000003335 0.7500000000002212 0.28125
1313 0.1250000000003335 0.7500000000002212 0.375
1314 0.1250000000003335 0.7500000000002212 0.46875
1315 0.1250000000003335 0.7500000000002212 0.5625
1316 0.1250000000003335 0.7500000000002212 0.65625
1317 0.1250000000003335 0.7500000000002212 0.75
1318 0.1250000000003335 0.7500000000002212 0.84375
1319 0.1250000000003335 0.7500000000002212 0.9375
1320 0.1250000000003335 0.7500000000002212 1.03125
1321 0.1250000000003335 0.7500000000002212 1.125
1322 0.1250000000003335 0.7500000000002212 1.21875
1323 0.1250000000003335 0.7500000000002212 1.3125
1324 0.1250000000003335 0.7500000000002212 1.40625
1325 0.1250000000003335 0.7500000000002212 1.5
1326 0.1250000000003335 0.7500000000002212 1.59375
1327 0.1250000000003335 0.7500000000002212 1.6875
1328 0.1250000000003335 0.7500000000002212 1.78125
1329 0.1250000000003335 0.7500000000002212 1.875
1330 0.1250000000003335 0.7500000000002212 1.96875
1331 0.1250000000003335 0.7500000000002212 2.0625
1332 0.1250000000003335 0.7500000000002212 2.15625
1333 0.1250000000003335 0.7500000000002212 2.25
1334 0.1250000000003335 0.7500000000002212 2.34375
1335 0.1250000000003335 0.7500000000002212 2.4375
1336 0.1250000000003335 0.7500000000002212 2.53125
1337 0.1250000000003335 0.7500000000002212 2.625
1338 0.1250000000003335 0.7500000000002212 2.71875
1339 0.1250000000003335 0.7500000000002212 2.8125
1340 0.1250000000003335 0.7500000000002212 2.90625
1341 0.1250000000004269 0.8749999999995224 0.09375
1342 0.1250000000004269 0.8749999999995224 0.1875
1343 0.1250000000004269 0.8749999999995224 0.28125
1344 0.1250000000004269 0.8749999999995224 0.375
1345 0.1250000000004269 0.8749999999995224 0.46875
1346 0.1250000000004269 0.8749999999995224 0.5625
1347 0.1250000000004269 0.8749999999995224 0.65625
1348 0.1250000000004269 0.8749999999995224 0.75
1349 0.1250000000004269 0.8749999999995224 0.84375
1350 0.1250000000004269 0.8749999999995224 0.9375
1351 0.1250000000004269 0.8749999999995224 1.03125
1352 0.1250000000004269 0.8749999999995224 1.125
1353 0.1250000000004269 0.8749999999995224 1.21875
1354 0.1250000000004269 0.8749999999995224 1.3125
1355 0.1250000000004269 0.8749999999995224 1.40625
1356 0.1250000000004269 0.8749999999995224 1.5
1357 0.1250000000004269 0.8749999999995224 1.59375
1358 0.1250000000004269 0.8749999999995224 1.6875
1359 0.1250000000004269 0.8749999999995224 1.78125
1360 0.1250000000004269 0.8749999999995224 1.875
1361 0.1250000000004269 0.8749999999995224 1.96875
1362 0.1250000000004269 0.8749999999995224 2.0625
1363 0.1250000000004269 0.8749999999995224 2.15625
1364 0.1250000000004269 0.8749999999995224 2.25
1365 0.1250000000004269 0.8749999999995224 2.34375
1366 0.1250000000004269 0.8749999999995224 2.4375
1367 0.1250000000004269 0.8749999999995224 2.53125
1368 0.1250000000004269 0.8749999999995224 2.625
1369 0.1250000000004269 0.8749999999995224 2.71875
1370 0.1250000000004269 0.8749999999995224 2.8125
1371 0.1250000000004269 0.8749999999995224 2.90625
1372 0.2499999999996146 0.1250000000003335 0.09375
1373 0.2499999999996146 0.1250000000003335 0.1875
1374 0.2499999999996146 0.1250000000003335 0.28125
1375 0.2499999999996146 0.1250000000003335 0.375
1376 0.2499999999996146 0.1250000000003335 0.46875
1377 0.2499999999996146 0.1250000000003335 0.5625
1378 0.2499999999996146 0.1250000000003335 0.65625
1379 0.2499999999996146 0.1250000000003335 0.75
1380 0.2499999999996146 0.1250000000003335 0.84375
1381 0.2499999999996146 0.1250000000003335 0.9375
1382 0.2499999999996146 0.1250000000003335 1.03125
1383 0.2499999999996146 0.1250000000003335 1.125
1384 0.2499999999996146 0.1250000000003335 1.21875
1385 0.2499999999996146 0.1250000000003335 1.3125
1386 0.2499999999996146 0.1250000000003335 1.40625
1387 0.2499999999996146 0.1250000000003335 1.5
1388 0.2499999999996146 0.1250000000003335 1.59375
1389 0.2499999999996146 0.1250000000003335 1.6875
1390 0.2499999999996146 0.1250000000003335 1.78125
1391 0.2499999999996146 0.1250000000003335 1.875
1392 0.2499999999996146 0.1250000000003335 1.96875
1393 0.2499999999996146 0.1250000000003335 2.0625
1394 0.2499999999996146 0.1250000000003335 2.15625
1395 0.2499999999996146 0.1250000000003335 2.25
1396 0.2499999999996146 0.1250000000003335 2.34375
1397 0.2499999999996146 0.1250000000003335 2.4375
1398 0.2499999999996146 0.1250000000003335 2.53125
1399 0.2499999999996146 0.1250000000003335 2.625
1400 0.2499999999996146 0.1250000000003335 2.71875
1401 0.2499999999996146 0.1250000000003335 2.8125
1402 0.2499999999996146 0.1250000000003335 2.90625
1403 0.2499999999998184 0.2500000000006332 0.09375
1404 0.2499999999998184 0.2500000000006332 0.1875
1405 0.2499999999998184 0.2500000000006332 0.28125
1406 0.2499999999998184 0.2500000000006332 0.375
1407 0.2499999999998184 0.2500000000006332 0.46875
1408 0.2499999999998184 0.2500000000006332 0.5625
1409 0.2499999999998184 0.2500000000006332 0.65625
1410 0.2499999999998184 0.2500000000006332 0.75
1411 0.2499999999998184 0.2500000000006332 0.84375
1412 0.2499999999998184 0.2500000000006332 0.9375
1413 0.2499999999998184 0.2500000000006332 1.03125
1414 0.2499999999998184 0.2500000000006332 1.125
1415 0.2499999999998184 0.2500000000006332 1.21875
1416 0.2499999999998184 0.2500000000006332 1.3125
1417 0.2499999999998184 0.2500000000006332 1.40625
1418 0.2499999999998184 0.2500000000006332 1.5
1419 0.2499999999998184 0.2500000000006332 1.59375
1420 0.2499999999998184 0.2500000000006332 1.6875
1421 0.2499999999998184 0.2500000000006332 1.78125
1422 0.2499999999998184 0.2500000000006332 1.875
1423 0.2499999999998184 0.2500000000006332 1.96875
1424 0.2499999999998184 0.2500000000006332 2.0625
1425 0.2499999999998184 0.2500000000006332 2.15625
1426 0.2499999999998184 0.2500000000006332 2.25
1427 0.2499999999998184 0.2500000000006332 2.34375
1428 0.2499999999998184 0.2500000000006332 2.4375
1429 0.2499999999998184 0.2500000000006332 2.53125
1430 0.2499999999998184 0.2500000000006332 2.625
1431 0.2499999999998184 0.2500000000006332 2.71875
1432 0.2499999999998184 0.2500000000006332 2.8125
1433 0.2499999999998184 0.2500000000006332 2.90625
1434 0.250000000000022 0.3750000000009323 0.09375
1435 0.250000000000022 0.3750000000009323 0.1875
1436 0.250000000000022 0.3750000000009323 0.28125
1437 0.250000000000022 0.3750000000009323 0.375
1438 0.250000000000022 0.3750000000009323 0.46875
1439 0.250000000000022 0.3750000000009323 0.5625
1440 0.250000000000022 0.3750000000009323 0.65625
1441 0.250000000000022 0.3750000000009323 0.75
1442 0.250000000000022 0.3750000000009323 0.84375
1443 0.250000000000022 0.3750000000009323 0.9375
1444 0.250000000000022 0.3750000000009323 1.03125
1445 0.250000000000022 0.3750000000009323 1.125
1446 0.250000000000022 0.3750000000009323 1.21875
1447 0.250000000000022 0.3750000000009323 1.3125
1448 0.250000000000022 0.3750000000009323 1.40625
1449 0.250000000000022 0.3750000000009323 1.5
1450 0.250000000000022 0.3750000000009323 1.59375
1451 0.250000000000022 0.3750000000009323 1.6875
1452 0.250000000000022 0.3750000000009323 1.78125
1453 0.250000000000022 0.3750000000009323 1.875
1454 0.250000000000022 0.3750000000009323 1.96875
1455 0.250000000000022 0.3750000000009323 2.0625
1456 0.250000000000022 0.3750000000009323 2.15625
1457 0.250000000000022 0.3750000000009323 2.25
1458 0.250000000000022 0.3750000000009323 2.34375
1459 0.250000000000022 0.3750000000009323 2.4375
1460 0.250000000000022 0.3750000000009323 2.53125
1461 0.250000000000022 0.3750000000009323 2.625
1462 0.250000000000022 0.3750000000009323 2.71875
1463 0.250000000000022 0.3750000000009323 2.8125
1464 0.250000000000022 0.3750000000009323 2.90625
1465 0.2500000000002257 0.5000000000012176 0.09375
1466 0.2500000000002257 0.5000000000012176 0.1875
1467 0.2500000000002257 0.5000000000012176 0.28125
1468 0.2500000000002257 0.5000000000012176 0.375
1469 0.2500000000002257 0.5000000000012176 0.46875
1470 0.2500000000002257 0.5000000000012176 0.5625
1471 0.2500000000002257 0.5000000000012176 0.65625
1472 0.2500000000002257 0.5000000000012176 0.75
1473 0.2500000000002257 0.5000000000012176 0.84375
1474 0.2500000000002257 0.5000000000012176 0.9375
1475 0.2500000000002257 0.5000000000012176 1.03125
1476 0.2500000000002257 0.5000000000012176 1.125
1477 0.2500000000002257 0.5000000000012176 1.21875
1478 0.2500000000002257 0.5000000000012176 1.3125
1479 0.2500000000002257 0.5000000000012176 1.40625
1480 0.2500000000002257 0.5000000000012176 1.5
1481 0.2500000000002257 0.5000000000012176 1.59375
1482 0.2500000000002257 0.5000000000012176 1.6875
1483 0.2500000000002257 0.5000000000012176 1.78125
1484 0.2500000000002257 0.5000000000012176 1.875
1485 0.2500000000002257 0.5000000000012176 1.96875
1486 0.2500000000002257 0.5000000000012176 2.0625
1487 0.2500000000002257 0.5000000000012176 2.15625
1488 0.2500000000002257 0.5000000000012176 2.25
1489 0.2500000000002257 0.5000000000012176 2.34375
1490 0.2500000000002257 0.5000000000012176 2.4375
1491 0.2500000000002257 0.5000000000012176 2.53125
1492 0.2500000000002257 0.5000000000012176 2.625
1493 0.2500000000002257 0.5000000000012176 2.71875
1494 0.2500000000002257 0.5000000000012176 2.8125
1495 0.2500000000002257 0.5000000000012176 2.90625
1496 0.2500000000004294 0.6250000000006634 0.09375
1497 0.2500000000004294 0.6250000000006634 0.1875
1498 0.2500000000004294 0.6250000000006634 0.28125
1499 0.2500000000004294 0.6250000000006634 0.375
1500 0.2500000000004294 0.6250000000006634 0.46875
1501 0.2500000000004294 0.6250000000006634 0.5625
1502 0.2500000000004294 0.6250000000006634 0.65625
1503 0.2500000000004294 0.6250000000006634 0.75
1504 0.2500000000004294 0.6250000000006634 0.84375
1505 0.2500000000004294 0.6250000000006634 0.9375
1506 0.2500000000004294 0.6250000000006634 1.03125
1507 0.2500000000004294 0.6250000000006634 1.125
1508 0.2500000000004294 0.6250000000006634 1.21875
1509 0.2500000000004294 0.6250000000006634 1.3125
1510 0.2500000000004294 0.6250000000006634 1.40625
1511 0.2500000000004294 0.6250000000006634 1.5
1512 0.2500000000004294 0.6250000000006634 1.59375
1513 0.2500000000004294 0.6250000000006634 1.6875
1514 0.2500000000004294 0.6250000000006634 1.78125
1515 0.2500000000004294 0.6250000000006634 1.875
1516 0.2500000000004294 0.6250000000006634 1.96875
1517 0.2500000000004294 0.6250000000006634 2.0625
1518 0.2500000000004294 0.6250000000006634 2.15625
1519 0.2500000000004294 0.6250000000006634 2.25
1520 0.2500000000004294 0.6250000000006634 2.34375
1521 0.2500000000004294 0.6250000000006634 2.4375
1522 0.2500000000004294 0.6250000000006634 2.53125
1523 0.2500000000004294 0.6250000000006634 2.625
1524 0.2500000000004294 0.6250000000006634 2.71875
1525 0.2500000000004294 0.6250000000006634 2.8125
1526 0.2500000000004294 0.6250000000006634 2.90625
1527 0.2500000000006332 0.7500000000000955 0.09375
1528 0.2500000000006332 0.7500000000000955 0.1875
1529 0.2500000000006332 0.7500000000000955 0.28125
1530 0.2500000000006332 0.7500000000000955 0.375
1531 0.2500000000006332 0.7500000000000955 0.46875
1532 0.2500000000006332 0.7500000000000955 0.5625
1533 0.2500000000006332 0.7500000000000955 0.65625
1534 0.2500000000006332 0.7500000000000955 0.75
1535 0.2500000000006332 0.7500000000000955 0.84375
1536 0.2500000000006332 0.7500000000000955 0.9375
1537 0.2500000000006332 0.7500000000000955 1.03125
1538 0.2500000000006332 0.7500000000000955 1.125
1539 0.2500000000006332 0.7500000000000955 1.21875
1540 0.2500000000006332 0.7500000000000955 1.3125
1541 0.2500000000006332 0.7500000000000955 1.40625
1542 0.2500000000006332 0.7500000000000955 1.5
1543 0.2500000000006332 0.7500000000000955 1.59375
1544 0.2500000000006332 0.7500000000000955 1.6875
1545 0.2500000000006332 0.7500000000000955 1.78125
1546 0.2500000000006332 0.7500000000000955 1.875
1547 0.2500000000006332 0.7500000000000955 1.96875
1548 0.2500000000006332 0.7500000000000955 2.0625
1549 0.2500000000006332 0.7500000000000955 2.15625
1550 0.2500000000006332 0.7500000000000955 2.25
1551 0.2500000000006332 0.7500000000000955 2.34375
1552 0.2500000000006332 0.7500000000000955 2.4375
1553 0.2500000000006332 0.7500000000000955 2.53125
1554 0.2500000000006332 0.7500000000000955 2.625
1555 0.2500000000006332 0.7500000000000955 2.71875
1556 0.2500000000006332 0.7500000000000955 2.8125
1557 0.2500000000006332 0.7500000000000955 2.90625
1558 0.2500000000008368 0.8749999999995434 0.09375
1559 0.2500000000008368 0.8749999999995434 0.1875
1560 0.2500000000008368 0.8749999999995434 0.28125
1561 0.2500000000008368 0.8749999999995434 0.375
1562 0.2500000000008368 0.8749999999995434 0.46875
1563 0.2500000000008368 0.8749999999995434 0.5625
1564 0.2500000000008368 0.8749999999995434 0.65625
1565 0.2500000000008368 0.8749999999995434 0.75
1566 0.2500000000008368 0.8749999999995434 0.84375
1567 0.2500000000008368 0.8749999999995434 0.9375
1568 0.2500000000008368 0.8749999999995434 1.03125
1569 0.2500000000008368 0.8749999999995434 1.125
1570 0.2500000000008368 0.8749999999995434 1.21875
1571 0.2500000000008368 0.8749999999995434 1.3125
1572 0.2500000000008368 0.8749999999995434 1.40625
1573 0.2500000000008368 0.8749999999995434 1.5
1574 0.2500000000008368 0.8749999999995434 1.59375
1575 0.2500000000008368 0.8749999999995434 1.6875
1576 0.2500000000008368 0.8749999999995434 1.78125
1577 0.2500000000008368 0.8749999999995434 1.875
1578 0.2500000000008368 0.8749999999995434 1.96875
1579 0.2500000000008368 0.8749999999995434 2.0625
1580 0.2500000000008368 0.8749999999995434 2.15625
1581 0.2500000000008368 0.8749999999995434 2.25
1582 0.2500000000008368 0.8749999999995434 2.34375
1583 0.2500000000008368 0.8749999999995434 2.4375
1584 0.2500000000008368 0.8749999999995434 2.53125
1585 0.2500000000008368 0.8749999999995434 2.625
1586 0.2500000000008368 0.8749999999995434 2.71875
1587 0.2500000000008368 0.8749999999995434 2.8125
1588 0.2500000000008368 0.8749999999995434 2.90625
1589 0.3749999999993605 0.1250000000002401 0.09375
1590 0.3749999999993605 0.1250000000002401 0.1875
1591 0.3749999999993605 0.1250000000002401 0.28125
1592 0.3749999999993605 0.1250000000002401 0.375
1593 0.3749999999993605 0.1250000000002401 0.46875
1594 0.3749999999993605 0.1250000000002401 0.5625
1595 0.3749999999993605 0.1250000000002401 0.65625
1596 0.3749999999993605 0.1250000000002401 0.75
1597 0.3749999999993605 0.1250000000002401 0.84375
1598 0.3749999999993605 0.1250000000002401 0.9375
1599 0.3749999999993605 0.1250000000002401 1.03125
1600 0.3749999999993605 0.1250000000002401 1.125
1601 0.3749999999993605 0.1250000000002401 1.21875
1602 0.3749999999993605 0.1250000000002401 1.3125
1603 0.3749999999993605 0.1250000000002401 1.40625
1604 0.3749999999993605 0.1250000000002401 1.5
1605 0.3749999999993605 0.1250000000002401 1.59375
1606 0.3749999999993605 0.1250000000002401 1.6875
1607 0.3749999999993605 0.1250000000002401 1.78125
1608 0.3749999999993605 0.1250000000002401 1.875
1609 0.3749999999993605 0.1250000000002401 1.96875
1610 0.3749999999993605 0.1250000000002401 2.0625
1611 0.3749999999993605 0.1250000000002401 2.15625
1612 0.3749999999993605 0.1250000000002401 2.25
1613 0.3749999999993605 0.1250000000002401 2.34375
1614 0.3749999999993605 0.1250000000002401 2.4375
1615 0.3749999999993605 0.1250000000002401 2.53125
1616 0.3749999999993605 0.1250000000002401 2.625
1617 0.3749999999993605 0.1250000000002401 2.71875
1618 0.3749999999993605 0.1250000000002401 2.8125
1619 0.3749999999993605 0.1250000000002401 2.90625
1620 0.3749999999996748 0.2500000000004294 0.09375
1621 0.3749999999996748 0.2500000000004294 0.1875
1622 0.3749999999996748 0.2500000000004294 0.28125
1623 0.3749999999996748 0.2500000000004294 0.375
1624 0.3749999999996748 0.2500000000004294 0.46875
1625 0.3749999999996748 0.2500000000004294 0.5625
1626 0.3749999999996748 0.2500000000004294 0.65625
1627 0.3749999999996748 0.2500000000004294 0.75
1628 0.3749999999996748 0.2500000000004294 0.84375
1629 0.3749999999996748 0.2500000000004294 0.9375
1630 0.3749999999996748 0.2500000000004294 1.03125
1631 0.3749999999996748 0.2500000000004294 1.125
1632 0.3749999999996748 0.2500000000004294 1.21875
1633 0.3749999999996748 0.2500000000004294 1.3125
1634 0.3749999999996748 0.2500000000004294 1.40625
1635 0.3749999999996748 0.2500000000004294 1.5
1636 0.3749999999996748 0.2500000000004294 1.59375
1637 0.3749999999996748 0.2500000000004294 1.6875
1638 0.3749999999996748 0.2500000000004294 1.78125
1639 0.3749999999996748 0.2500000000004294 1.875
1640 0.3749999999996748 0.2500000000004294 1.96875
1641 0.3749999999996748 0.2500000000004294 2.0625
1642 0.3749999999996748 0.2500000000004294 2.15625
1643 0.3749999999996748 0.2500000000004294 2.25
1644 0.3749999999996748 0.2500000000004294 2.34375
1645 0.3749999999996748 0.2500000000004294 2.4375
1646 0.3749999999996748 0.2500000000004294 2.53125
1647 0.3749999999996748 0.2500000000004294 2.625
1648 0.3749999999996748 0.2500000000004294 2.71875
1649 0.3749999999996748 0.2500000000004294 2.8125
1650 0.3749999999996748 0.2500000000004294 2.90625
1651 0.3749999999999891 0.3750000000006178 0.09375
1652 0.3749999999999891 0.3750000000006178 0.1875
1653 0.3749999999999891 0.3750000000006178 0.28125
1654 0.3749999999999891 0.3750000000006178 0.375
1655 0.3749999999999891 0.3750000000006178 0.46875
1656 0.3749999999999891 0.3750000000006178 0.5625
1657 0.3749999999999891 0.3750000000006178 0.65625
1658 0.3749999999999891 0.3750000000006178 0.75
1659 0.3749999999999891 0.3750000000006178 0.84375
1660 0.3749999999999891 0.3750000000006178 0.9375
1661 0.3749999999999891 0.3750000000006178 1.03125
1662 0.3749999999999891 0.3750000000006178 1.125
1663 0.3749999999999891 0.3750000000006178 1.21875
1664 0.3749999999999891 0.3750000000006178 1.3125
1665 0.3749999999999891 0.3750000000006178 1.40625
1666 0.3749999999999891 0.3750000000006178 1.5
1667 0.3749999999999891 0.3750000000006178 1.59375
1668 0.3749999999999891 0.3750000000006178 1.6875
1669 0.3749999999999891 0.3750000000006178 1.78125
1670 0.3749999999999891 0.3750000000006178 1.875
1671 0.3749999999999891 0.3750000000006178 1.96875
1672 0.3749999999999891 0.3750000000006178 2.0625
1673 0.3749999999999891 0.3750000000006178 2.15625
1674 0.3749999999999891 0.3750000000006178 2.25
1675 0.3749999999999891 0.3750000000006178 2.34375
1676 0.3749999999999891 0.3750000000006178 2.4375
1677 0.3749999999999891 0.3750000000006178 2.53125
1678 0.3749999999999891 0.3750000000006178 2.625
1679 0.3749999999999891 0.3750000000006178 2.71875
1680 0.3749999999999891 0.3750000000006178 2.8125
1681 0.3749999999999891 0.3750000000006178 2.90625
1682 0.3750000000003035 0.5000000000007966 0.09375
1683 0.3750000000003035 0.5000000000007966 0.1875
1684 0.3750000000003035 0.5000000000007966 0.28125
1685 0.3750000000003035 0.5000000000007966 0.375
1686 0.3750000000003035 0.5000000000007966 0.46875
1687 0.3750000000003035 0.5000000000007966 0.5625
1688 0.3750000000003035 0.5000000000007966 0.65625
1689 0.3750000000003035 0.5000000000007966 0.75
1690 0.3750000000003035 0.5000000000007966 0.84375
1691 0.3750000000003035 0.5000000000007966 0.9375
1692 0.3750000000003035 0.5000000000007966 1.03125
1693 0.3750000000003035 0.5000000000007966 1.125
1694 0.3750000000003035 0.5000000000007966 1.21875
1695 0.3750000000003035 0.5000000000007966 1.3125
1696 0.3750000000003035 0.5000000000007966 1.40625
1697 0.3750000000003035 0.5000000000007966 1.5
1698 0.3750000000003035 0.5000000000007966 1.59375
1699 0.3750000000003035 0.5000000000007966 1.6875
1700 0.3750000000003035 0.5000000000007966 1.78125
1701 0.3750000000003035 0.5000000000007966 1.875
1702 0.3750000000003035 0.5000000000007966 1.96875
1703 0.3750000000003035 0.5000000000007966 2.0625
1704 0.3750000000003035 0.5000000000007966 2.15625
1705 0.3750000000003035 0.5000000000007966 2.25
1706 0.3750000000003035 0.5000000000007966 2.34375
1707 0.3750000000003035 0.5000000000007966 2.4375
1708 0.3750000000003035 0.5000000000007966 2.53125
1709 0.3750000000003035 0.5000000000007966 2.625
1710 0.3750000000003035 0.5000000000007966 2.71875
1711 0.3750000000003035 0.5000000000007966 2.8125
1712 0.3750000000003035 0.5000000000007966 2.90625
1713 0.3750000000006179 0.6250000000003878 0.09375
1714 0.3750000000006179 0.6250000000003878 0.1875
1715 0.3750000000006179 0.6250000000003878 0.28125
1716 0.3750000000006179 0.6250000000003878 0.375
1717 0.3750000000006179 0.6250000000003878 0.46875
1718 0.3750000000006179 0.6250000000003878 0.5625
1719 0.3750000000006179 0.6250000000003878 0.65625
1720 0.3750000000006179 0.6250000000003878 0.75
1721 0.3750000000006179 0.6250000000003878 0.84375
1722 0.3750000000006179 0.6250000000003878 0.9375
1723 0.3750000000006179 0.6250000000003878 1.03125
1724 0.3750000000006179 0.6250000000003878 1.125
1725 0.3750000000006179 0.6250000000003878 1.21875
1726 0.3750000000006179 0.6250000000003878 1.3125
1727 0.3750000000006179 0.6250000000003878 1.40625
1728 0.3750000000006179 0.6250000000003878 1.5
1729 0.3750000000006179 0.6250000000003878 1.59375
1730 0.3750000000006179 0.6250000000003878 1.6875
1731 0.3750000000006179 0.6250000000003878 1.78125
1732 0.3750000000006179 0.6250000000003878 1.875
1733 0.3750000000006179 0.6250000000003878 1.96875
1734 0.3750000000006179 0.6250000000003878 2.0625
1735 0.3750000000006179 0.6250000000003878 2.15625
1736 0.3750000000006179 0.6250000000003878 2.25
1737 0.3750000000006179 0.6250000000003878 2.34375
1738 0.3750000000006179 0.6250000000003878 2.4375
1739 0.3750000000006179 0.6250000000003878 2.53125
1740 0.3750000000006179 0.6250000000003878 2.625
1741 0.3750000000006179 0.6250000000003878 2.71875
1742 0.3750000000006179 0.6250000000003878 2.8125
1743 0.3750000000006179 0.6250000000003878 2.90625
1744 0.3750000000009322 0.7499999999999696 0.09375
1745 0.3750000000009322 0.7499999999999696 0.1875
1746 0.3750000000009322 0.7499999999999696 0.28125
1747 0.3750000000009322 0.7499999999999696 0.375
1748 0.3750000000009322 0.7499999999999696 0.46875
1749 0.3750000000009322 0.7499999999999696 0.5625
1750 0.3750000000009322 0.7499999999999696 0.65625
1751 0.3750000000009322 0.7499999999999696 0.75
1752 0.3750000000009322 0.7499999999999696 0.84375
1753 0.3750000000009322 0.7499999999999696 0.9375
1754 0.3750000000009322 0.7499999999999696 1.03125
1755 0.3750000000009322 0.7499999999999696 1.125
1756 0.3750000000009322 0.7499999999999696 1.21875
1757 0.3750000000009322 0.7499999999999696 1.3125
1758 0.3750000000009322 0.7499999999999696 1.40625
1759 0.3750000000009322 0.7499999999999696 1.5
1760 0.3750000000009322 0.7499999999999696 1.59375
1761 0.3750000000009322 0.7499999999999696 1.6875
1762 0.3750000000009322 0.7499999999999696 1.78125
1763 0.3750000000009322 0.7499999999999696 1.875
1764 0.3750000000009322 0.7499999999999696 1.96875
1765 0.3750000000009322 0.7499999999999696 2.0625
1766 0.3750000000009322 0.7499999999999696 2.15625
1767 0.3750000000009322 0.7499999999999696 2.25
1768 0.3750000000009322 0.7499999999999696 2.34375
1769 0.3750000000009322 0.7499999999999696 2.4375
1770 0.3750000000009322 0.7499999999999696 2.53125
1771 0.3750000000009322 0.7499999999999696 2.625
1772 0.3750000000009322 0.7499999999999696 2.71875
1773 0.3750000000009322 0.7499999999999696 2.8125
1774 0.3750000000009322 0.7499999999999696 2.90625
1775 0.3750000000012465 0.8749999999995648 0.09375
1776 0.3750000000012465 0.8749999999995648 0.1875
1777 0.3750000000012465 0.8749999999995648 0.28125
1778 0.3750000000012465 0.8749999999995648 0.375
1779 0.3750000000012465 0.8749999999995648 0.46875
1780 0.3750000000012465 0.8749999999995648 0.5625
1781 0.3750000000012465 0.8749999999995648 0.65625
1782 0.3750000000012465 0.8749999999995648 0.75
1783 0.3750000000012465 0.8749999999995648 0.84375
1784 0.3750000000012465 0.8749999999995648 0.9375
1785 0.3750000000012465 0.8749999999995648 1.03125
1786 0.3750000000012465 0.8749999999995648 1.125
1787 0.3750000000012465 0.8749999999995648 1.21875
1788 0.3750000000012465 0.8749999999995648 1.3125
1789 0.3750000000012465 0.8749999999995648 1.40625
1790 0.3750000000012465 0.8749999999995648 1.5
1791 0.3750000000012465 0.8749999999995648 1.59375
1792 0.3750000000012465 0.8749999999995648 1.6875
1793 0.3750000000012465 0.8749999999995648 1.78125
1794 0.3750000000012465 0.8749999999995648 1.875
1795 0.3750000000012465 0.8749999999995648 1.96875
1796 0.3750000000012465 0.8749999999995648 2.0625
1797 0.3750000000012465 0.8749999999995648 2.15625
1798 0.3750000000012465 0.8749999999995648 2.25
1799 0.3750000000012465 0.8749999999995648 2.34375
1800 0.3750000000012465 0.8749999999995648 2.4375
1801 0.3750000000012465 0.8749999999995648 2.53125
1802 0.3750000000012465 0.8749999999995648 2.625
1803 0.3750000000012465 0.8749999999995648 2.71875
1804 0.3750000000012465 0.8749999999995648 2.8125
1805 0.3750000000012465 0.8749999999995648 2.90625
1806 0.4999999999991129 0.1250000000001467 0.09375
1807 0.4999999999991129 0.1250000000001467 0.1875
1808 0.4999999999991129 0.1250000000001467 0.28125
1809 0.4999999999991129 0.1250000000001467 0.375
1810 0.4999999999991129 0.1250000000001467 0.46875
1811 0.4999999999991129 0.1250000000001467 0.5625
1812 0.4999999999991129 0.1250000000001467 0.65625
1813 0.4999999999991129 0.1250000000001467 0.75
1814 0.4999999999991129 0.1250000000001467 0.84375
1815 0.4999999999991129 0.1250000000001467 0.9375
1816 0.4999999999991129 0.1250000000001467 1.03125
1817 0.4999999999991129 0.1250000000001467 1.125
1818 0.4999999999991129 0.1250000000001467 1.21875
1819 0.4999999999991129 0.1250000000001467 1.3125
1820 0.4999999999991129 0.1250000000001467 1.40625
1821 0.4999999999991129 0.1250000000001467 1.5
1822 0.4999999999991129 0.1250000000001467 1.59375
1823 0.4999999999991129 0.1250000000001467 1.6875
1824 0.4999999999991129 0.1250000000001467 1.78125
1825 0.4999999999991129 0.1250000000001467 1.875
1826 0.4999999999991129 0.1250000000001467 1.96875
1827 0.4999999999991129 0.1250000000001467 2.0625
1828 0.4999999999991129 0.1250000000001467 2.15625
1829 0.4999999999991129 0.1250000000001467 2.25
1830 0.4999999999991129 0.1250000000001467 2.34375
1831 0.4999999999991129 0.1250000000001467 2.4375
1832 0.4999999999991129 0.1250000000001467 2.53125
1833 0.4999999999991129 0.1250000000001467 2.625
1834 0.4999999999991129 0.1250000000001467 2.71875
1835 0.4999999999991129 0.1250000000001467 2.8125
1836 0.4999999999991129 0.1250000000001467 2.90625
1837 0.4999999999995339 0.2500000000002257 0.09375
1838 0.4999999999995339 0.2500000000002257 0.1875
1839 0.4999999999995339 0.2500000000002257 0.28125
1840 0.4999999999995339 0.2500000000002257 0.375
1841 0.4999999999995339 0.2500000000002257 0.46875
1842 0.4999999999995339 0.2500000000002257 0.5625
1843 0.4999999999995339 0.2500000000002257 0.65625
1844 0.4999999999995339 0.2500000000002257 0.75
1845 0.4999999999995339 0.2500000000002257 0.84375
1846 0.4999999999995339 0.2500000000002257 0.9375
1847 0.4999999999995339 0.2500000000002257 1.03125
1848 0.4999999999995339 0.2500000000002257 1.125
1849 0.4999999999995339 0.2500000000002257 1.21875
1850 0.4999999999995339 0.2500000000002257 1.3125
1851 0.4999999999995339 0.2500000000002257 1.40625
1852 0.4999999999995339 0.2500000000002257 1.5
1853 0.4999999999995339 0.2500000000002257 1.59375
1854 0.4999999999995339 0.2500000000002257 1.6875
1855 0.4999999999995339 0.2500000000002257 1.78125
1856 0.4999999999995339 0.2500000000002257 1.875
1857 0.4999999999995339 0.2500000000002257 1.96875
1858 0.4999999999995339 0.2500000000002257 2.0625
1859 0.4999999999995339 0.2500000000002257 2.15625
1860 0.4999999999995339 0.2500000000002257 2.25
1861 0.4999999999995339 0.2500000000002257 2.34375
1862 0.4999999999995339 0.2500000000002257 2.4375
1863 0.4999999999995339 0.2500000000002257 2.53125
1864 0.4999999999995339 0.2500000000002257 2.625
1865 0.4999999999995339 0.2500000000002257 2.71875
1866 0.4999999999995339 0.2500000000002257 2.8125
1867 0.4999999999995339 0.2500000000002257 2.90625
1868 0.4999999999999548 0.3750000000003034 0.09375
1869 0.4999999999999548 0.3750000000003034 0.1875
1870 0.4999999999999548 0.3750000000003034 0.28125
1871 0.4999999999999548 0.3750000000003034 0.375
1872 0.4999999999999548 0.3750000000003034 0.46875
1873 0.4999999999999548 0.3750000000003034 0.5625
1874 0.4999999999999548 0.3750000000003034 0.65625
1875 0.4999999999999548 0.3750000000003034 0.75
1876 0.4999999999999548 0.3750000000003034 0.84375
1877 0.4999999999999548 0.3750000000003034 0.9375
1878 0.4999999999999548 0.3750000000003034 1.03125
1879 0.4999999999999548 0.3750000000003034 1.125
1880 0.4999999999999548 0.3750000000003034 1.21875
1881 0.4999999999999548 0.3750000000003034 1.3125
1882 0.4999999999999548 0.3750000000003034 1.40625
1883 0.4999999999999548 0.3750000000003034 1.5
1884 0.4999999999999548 0.3750000000003034 1.59375
1885 0.4999999999999548 0.3750000000003034 1.6875
1886 0.4999999999999548 0.3750000000003034 1.78125
1887 0.4999999999999548 0.3750000000003034 1.875
1888 0.4999999999999548 0.3750000000003034 1.96875
1889 0.4999999999999548 0.3750000000003034 2.0625
1890 0.4999999999999548 0.3750000000003034 2.15625
1891 0.4999999999999548 0.3750000000003034 2.25
1892 0.4999999999999548 0.3750000000003034 2.34375
1893 0.4999999999999548 0.3750000000003034 2.4375
1894 0.4999999999999548 0.3750000000003034 2.53125
1895 0.4999999999999548 0.3750000000003034 2.625
1896 0.4999999999999548 0.3750000000003034 2.71875
1897 0.4999999999999548 0.3750000000003034 2.8125
1898 0.4999999999999548 0.3750000000003034 2.90625
1899 0.5000000000003758 0.5000000000003758 0.09375
1900 0.5000000000003758 0.5000000000003758 0.1875
1901 0.5000000000003758 0.5000000000003758 0.28125
1902 0.5000000000003758 0.5000000000003758 0.375
1903 0.5000000000003758 0.5000000000003758 0.46875
1904 0.5000000000003758 0.5000000000003758 0.5625
1905 0.5000000000003758 0.5000000000003758 0.65625
1906 0.5000000000003758 0.5000000000003758 0.75
1907 0.5000000000003758 0.5000000000003758 0.84375
1908 0.5000000000003758 0.5000000000003758 0.9375
1909 0.5000000000003758 0.5000000000003758 1.03125
1910 0.5000000000003758 0.5000000000003758 1.125
1911 0.5000000000003758 0.5000000000003758 1.21875
1912 0.5000000000003758 0.5000000000003758 1.3125
1913 0.5000000000003758 0.5000000000003758 1.40625
1914 0.5000000000003758 0.5000000000003758 1.5
1915 0.5000000000003758 0.5000000000003758 1.59375
1916 0.5000000000003758 0.5000000000003758 1.6875
1917 0.5000000000003758 0.5000000000003758 1.78125
1918 0.5000000000003758 0.5000000000003758 1.875
1919 0.5000000000003758 0.5000000000003758 1.96875
1920 0.5000000000003758 0.5000000000003758 2.0625
1921 0.5000000000003758 0.5000000000003758 2.15625
1922 0.5000000000003758 0.5000000000003758 2.25
1923 0.5000000000003758 0.5000000000003758 2.34375
1924 0.5000000000003758 0.5000000000003758 2.4375
1925 0.5000000000003758 0.5000000000003758 2.53125
1926 0.5000000000003758 0.5000000000003758 2.625
1927 0.5000000000003758 0.5000000000003758 2.71875
1928 0.5000000000003758 0.5000000000003758 2.8125
1929 0.5000000000003758 0.5000000000003758 2.90625
1930 0.5000000000007968 0.6250000000001125 0.09375
1931 0.5000000000007968 0.6250000000001125 0.1875
1932 0.5000000000007968 0.6250000000001125 0.28125
1933 0.5000000000007968 0.6250000000001125 0.375
1934 0.5000000000007968 0.6250000000001125 0.46875
1935 0.5000000000007968 0.6250000000001125 0.5625
1936 0.5000000000007968 0.6250000000001125 0.65625
1937 0.5000000000007968 0.6250000000001125 0.75
1938 0.5000000000007968 0.6250000000001125 0.84375
1939 0.5000000000007968 0.6250000000001125 0.9375
1940 0.5000000000007968 0.6250000000001125 1.03125
1941 0.5000000000007968 0.6250000000001125 1.125
1942 0.5000000000007968 0.6250000000001125 1.21875
1943 0.5000000000007968 0.6250000000001125 1.3125
1944 0.5000000000007968 0.6250000000001125 1.40625
1945 0.5000000000007968 0.6250000000001125 1.5
1946 0.5000000000007968 0.6250000000001125 1.59375
1947 0.5000000000007968 0.6250000000001125 1.6875
1948 0.5000000000007968 0.6250000000001125 1.78125
1949 0.5000000000007968 0.6250000000001125 1.875
1950 0.5000000000007968 0.6250000000001125 1.96875
1951 0.5000000000007968 0.6250000000001125 2.0625
1952 0.5000000000007968 0.6250000000001125 2.15625
1953 0.5000000000007968 0.6250000000001125 2.25
1954 0.5000000000007968 0.6250000000001125 2.34375
1955 0.5000000000007968 0.6250000000001125 2.4375
1956 0.5000000000007968 0.6250000000001125 2.53125
1957 0.5000000000007968 0.6250000000001125 2.625
1958 0.5000000000007968 0.6250000000001125 2.71875
1959 0.5000000000007968 0.6250000000001125 2.8125
1960 0.5000000000007968 0.6250000000001125 2.90625
1961 0.5000000000012176 0.7499999999998439 0.09375
1962 0.5000000000012176 0.7499999999998439 0.1875
1963 0.5000000000012176 0.7499999999998439 0.28125
1964 0.5000000000012176 0.7499999999998439 0.375
1965 0.5000000000012176 0.7499999999998439 0.46875
1966 0.5000000000012176 0.7499999999998439 0.5625
1967 0.5000000000012176 0.7499999999998439 0.65625
1968 0.5000000000012176 0.7499999999998439 0.75
1969 0.5000000000012176 0.7499999999998439 0.84375
1970 0.5000000000012176 0.7499999999998439 0.9375
1971 0.5000000000012176 0.7499999999998439 1.03125
1972 0.5000000000012176 0.7499999999998439 1.125
1973 0.5000000000012176 0.7499999999998439 1.21875
1974 0.5000000000012176 0.7499999999998439 1.3125
1975 0.5000000000012176 0.7499999999998439 1.40625
1976 0.5000000000012176 0.7499999999998439 1.5
1977 0.5000000000012176 0.7499999999998439 1.59375
1978 0.5000000000012176 0.7499999999998439 1.6875
1979 0.5000000000012176 0.7499999999998439 1.78125
1980 0.5000000000012176 0.7499999999998439 1.875
1981 0.5000000000012176 0.7499999999998439 1.96875
1982 0.5000000000012176 0.7499999999998439 2.0625
1983 0.5000000000012176 0.7499999999998439 2.15625
1984 0.5000000000012176 0.7499999999998439 2.25
1985 0.5000000000012176 0.7499999999998439 2.34375
1986 0.5000000000012176 0.7499999999998439 2.4375
1987 0.5000000000012176 0.7499999999998439 2.53125
1988 0.5000000000012176 0.7499999999998439 2.625
1989 0.5000000000012176 0.7499999999998439 2.71875
1990 0.5000000000012176 0.7499999999998439 2.8125
1991 0.5000000000012176 0.7499999999998439 2.90625
1992 0.5000000000016386 0.8749999999995856 0.09375
1993 0.5000000000016386 0.8749999999995856 0.1875
1994 0.5000000000016386 0.8749999999995856 0.28125
1995 0.5000000000016386 0.8749999999995856 0.375
1996 0.5000000000016386 0.8749999999995856 0.46875
1997 0.5000000000016386 0.8749999999995856 0.5625
1998 0.5000000000016386 0.8749999999995856 0.65625
1999 0.5000000000016386 0.8749999999995856 0.75
2000 0.5000000000016386 0.8749999999995856 0.84375
2001 0.5000000000016386 0.8749999999995856 0.9375
2002 0.5000000000016386 0.8749999999995856 1.03125
2003 0.5000000000016386 0.8749999999995856 1.125
2004 0.5000000000016386 0.8749999999995856 1.21875
2005 0.5000000000016386 0.8749999999995856 1.3125
2006 0.5000000000016386 0.8749999999995856 1.40625
2007 0.5000000000016386 0.8749999999995856 1.5
2008 0.5000000000016386 0.8749999999995856 1.59375
2009 0.5000000000016386 0.8749999999995856 1.6875
2010 0.5000000000016386 0.8749999999995856 1.78125
2011 0.5000000000016386 0.8749999999995856 1.875
2012 0.5000000000016386 0.8749999999995856 1.96875
2013 0.5000000000016386 0.8749999999995856 2.0625
2014 0.5000000000016386 0.8749999999995856 2.15625
2015 0.5000000000016386 0.8749999999995856 2.25
2016 0.5000000000016386 0.8749999999995856 2.34375
2017 0.5000000000016386 0.8749999999995856 2.4375
2018 0.5000000000016386 0.8749999999995856 2.53125
2019 0.5000000000016386 0.8749999999995856 2.625
2020 0.5000000000016386 0.8749999999995856 2.71875
2021 0.5000000000016386 0.8749999999995856 2.8125
2022 0.5000000000016386 0.8749999999995856 2.90625
2023 0.6249999999992862 0.1250000000000533 0.09375
2024 0.6249999999992862 0.1250000000000533 0.1875
2025 0.6249999999992862 0.1250000000000533 0.28125
2026 0.6249999999992862 0.1250000000000533 0.375
2027 0.6249999999992862 0.1250000000000533 0.46875
2028 0.6249999999992862 0.1250000000000533 0.5625
2029 0.6249999999992862 0.1250000000000533 0.65625
2030 0.6249999999992862 0.1250000000000533 0.75
2031 0.6249999999992862 0.1250000000000533 0.84375
2032 0.6249999999992862 0.1250000000000533 0.9375
2033 0.6249999999992862 0.1250000000000533 1.03125
2034 0.6249999999992862 0.1250000000000533 1.125
2035 0.6249999999992862 0.1250000000000533 1.21875
2036 0.6249999999992862 0.1250000000000533 1.3125
2037 0.6249999999992862 0.1250000000000533 1.40625
2038 0.6249999999992862 0.1250000000000533 1.5
2039 0.6249999999992862 0.1250000000000533 1.59375
2040 0.6249999999992862 0.1250000000000533 1.6875
2041 0.6249999999992862 0.1250000000000533 1.78125
2042 0.6249999999992862 0.1250000000000533 1.875
2043 0.6249999999992862 0.1250000000000533 1.96875
2044 0.6249999999992862 0.1250000000000533 2.0625
2045 0.6249999999992862 0.1250000000000533 2.15625
2046 0.6249999999992862 0.1250000000000533 2.25
2047 0.6249999999992862 0.1250000000000533 2.34375
2048 0.6249999999992862 0.1250000000000533 2.4375
2049 0.6249999999992862 0.1250000000000533 2.53125
2050 0.6249999999992862 0.1250000000000533 2.625
2051 0.6249999999992862 0.1250000000000533 2.71875
2052 0.6249999999992862 0.1250000000000533 2.8125
2053 0.6249999999992862 0.1250000000000533 2.90625
2054 0.6249999999995616 0.2500000000000221 0.09375
2055 0.6249999999995616 0.2500000000000221 0.1875
2056 0.6249999999995616 0.2500000000000221 0.28125
2057 0.6249999999995616 0.2500000000000221 0.375
2058 0.6249999999995616 0.2500000000000221 0.46875
2059 0.6249999999995616 0.2500000000000221 0.5625
2060 0.6249999999995616 0.2500000000000221 0.65625
2061 0.6249999999995616 0.2500000000000221 0.75
2062 0.6249999999995616 0.2500000000000221 0.84375
2063 0.6249999999995616 0.2500000000000221 0.9375
2064 0.6249999999995616 0.2500000000000221 1.03125
2065 0.6249999999995616 0.2500000000000221 1.125
2066 0.6249999999995616 0.2500000000000221 1.21875
2067 0.6249999999995616 0.2500000000000221 1.3125
2068 0.6249999999995616 0.2500000000000221 1.40625
2069 0.6249999999995616 0.2500000000000221 1.5
2070 0.6249999999995616 0.2500000000000221 1.59375
2071 0.6249999999995616 0.2500000000000221 1.6875
2072 0.6249999999995616 0.2500000000000221 1.78125
2073 0.6249999999995616 0.2500000000000221 1.875
2074 0.6249999999995616 0.2500000000000221 1.96875
2075 0.6249999999995616 0.2500000000000221 2.0625
2076 0.6249999999995616 0.2500000000000221 2.15625
2077 0.6249999999995616 0.2500000000000221 2.25
2078 0.6249999999995616 0.2500000000000221 2.34375
2079 0.6249999999995616 0.2500000000000221 2.4375
2080 0.6249999999995616 0.2500000000000221 2.53125
2081 0.6249999999995616 0.2500000000000221 2.625
2082 0.6249999999995616 0.2500000000000221 2.71875
2083 0.6249999999995616 0.2500000000000221 2.8125
2084 0.6249999999995616 0.2500000000000221 2.90625
2085 0.6249999999998369 0.3749999999999892 0.09375
2086 0.6249999999998369 0.3749999999999892 0.1875
2087 0.6249999999998369 0.3749999999999892 0.28125
2088 0.6249999999998369 0.3749999999999892 0.375
2089 0.6249999999998369 0.3749999999999892 0.46875
2090 0.6249999999998369 0.3749999999999892 0.5625
2091 0.6249999999998369 0.3749999999999892 0.65625
2092 0.6249999999998369 0.3749999999999892 0.75
2093 0.6249999999998369 0.3749999999999892 0.84375
2094 0.6249999999998369 0.3749999999999892 0.9375
2095 0.6249999999998369 0.3749999999999892 1.03125
2096 0.6249999999998369 0.3749999999999892 1.125
2097 0.6249999999998369 0.3749999999999892 1.21875
2098 0.6249999999998369 0.3749999999999892 1.3125
2099 0.6249999999998369 0.3749999999999892 1.40625
2100 0.6249999999998369 0.3749999999999892 1.5
2101 0.6249999999998369 0.3749999999999892 1.59375
2102 0.6249999999998369 0.3749999999999892 1.6875
2103 0.6249999999998369 0.3749999999999892 1.78125
2104 0.6249999999998369 0.3749999999999892 1.875
2105 0.6249999999998369 0.3749999999999892 1.96875
2106 0.6249999999998369 0.3749999999999892 2.0625
2107 0.6249999999998369 0.3749999999999892 2.15625
2108 0.6249999999998369 0.3749999999999892 2.25
2109 0.6249999999998369 0.3749999999999892 2.34375
2110 0.6249999999998369 0.3749999999999892 2.4375
2111 0.6249999999998369 0.3749999999999892 2.53125
2112 0.6249999999998369 0.3749999999999892 2.625
2113 0.6249999999998369 0.3749999999999892 2.71875
2114 0.6249999999998369 0.3749999999999892 2.8125
2115 0.6249999999998369 0.3749999999999892 2.90625
2116 0.6250000000001125 0.4999999999999548 0.09375
2117 0.6250000000001125 0.4999999999999548 0.1875
2118 0.6250000000001125 0.4999999999999548 0.28125
2119 0.6250000000001125 0.4999999999999548 0.375
2120 0.6250000000001125 0.4999999999999548 0.46875
2121 0.6250000000001125 0.4999999999999548 0.5625
2122 0.6250000000001125 0.4999999999999548 0.65625
2123 0.6250000000001125 0.4999999999999548 0.75
2124 0.6250000000001125 0.4999999999999548 0.84375
2125 0.6250000000001125 0.4999999999999548 0.9375
2126 0.6250000000001125 0.4999999999999548 1.03125
2127 0.6250000000001125 0.4999999999999548 1.125
2128 0.6250000000001125 0.4999999999999548 1.21875
2129 0.6250000000001125 0.4999999999999548 1.3125
2130 0.6250000000001125 0.4999999999999548 1.40625
2131 0.6250000000001125 0.4999999999999548 1.5
2132 0.6250000000001125 0.4999999999999548 1.59375
2133 0.6250000000001125 0.4999999999999548 1.6875
2134 0.6250000000001125 0.4999999999999548 1.78125
2135 0.6250000000001125 0.4999999999999548 1.875
2136 0.6250000000001125 0.4999999999999548 1.96875
2137 0.6250000000001125 0.4999999999999548 2.0625
2138 0.6250000000001125 0.4999999999999548 2.15625
2139 0.6250000000001125 0.4999999999999548 2.25
2140 0.6250000000001125 0.4999999999999548 2.34375
2141 0.6250000000001125 0.4999999999999548 2.4375
2142 0.6250000000001125 0.4999999999999548 2.53125
2143 0.6250000000001125 0.4999999999999548 2.625
2144 0.6250000000001125 0.4999999999999548 2.71875
2145 0.6250000000001125 0.4999999999999548 2.8125
2146 0.6250000000001125 0.4999999999999548 2.90625
2147 0.6250000000003878 0.6249999999998369 0.09375
2148 0.6250000000003878 0.6249999999998369 0.1875
2149 0.6250000000003878 0.6249999999998369 0.28125
2150 0.6250000000003878 0.6249999999998369 0.375
2151 0.6250000000003878 0.6249999999998369 0.46875
2152 0.6250000000003878 0.6249999999998369 0.5625
2153 0.6250000000003878 0.6249999999998369 0.65625
2154 0.6250000000003878 0.6249999999998369 0.75
2155 0.6250000000003878 0.6249999999998369 0.84375
2156 0.6250000000003878 0.6249999999998369 0.9375
2157 0.6250000000003878 0.6249999999998369 1.03125
2158 0.6250000000003878 0.6249999999998369 1.125
2159 0.6250000000003878 0.6249999999998369 1.21875
2160 0.6250000000003878 0.6249999999998369 1.3125
2161 0.6250000000003878 0.6249999999998369 1.40625
2162 0.6250000000003878 0.6249999999998369 1.5
2163 0.6250000000003878 0.6249999999998369 1.59375
2164 0.6250000000003878 0.6249999999998369 1.6875
2165 0.6250000000003878 0.6249999999998369 1.78125
2166 0.6250000000003878 0.6249999999998369 1.875
2167 0.6250000000003878 0.6249999999998369 1.96875
2168 0.6250000000003878 0.6249999999998369 2.0625
2169 0.6250000000003878 0.6249999999998369 2.15625
2170 0.6250000000003878 0.6249999999998369 2.25
2171 0.6250000000003878 0.6249999999998369 2.34375
2172 0.6250000000003878 0.6249999999998369 2.4375
2173 0.6250000000003878 0.6249999999998369 2.53125
2174 0.6250000000003878 0.6249999999998369 2.625
2175 0.6250000000003878 0.6249999999998369 2.71875
2176 0.6250000000003878 0.6249999999998369 2.8125
2177 0.6250000000003878 0.6249999999998369 2.90625
2178 0.6250000000006631 0.749999999999718 0.09375
2179 0.6250000000006631 0.749999999999718 0.1875
2180 0.6250000000006631 0.749999999999718 0.28125
2181 0.6250000000006631 0.749999999999718 0.375
2182 0.6250000000006631 0.749999999999718 0.46875
2183 0.6250000000006631 0.749999999999718 0.5625
2184 0.6250000000006631 0.749999999999718 0.65625
2185 0.6250000000006631 0.749999999999718 0.75
2186 0.6250000000006631 0.749999999999718 0.84375
2187 0.6250000000006631 0.749999999999718 0.9375
2188 0.6250000000006631 0.749999999999718 1.03125
2189 0.6250000000006631 0.749999999999718 1.125
2190 0.6250000000006631 0.749999999999718 1.21875
2191 0.6250000000006631 0.749999999999718 1.3125
2192 0.6250000000006631 0.749999999999718 1.40625
2193 0.6250000000006631 0.749999999999718 1.5
2194 0.6250000000006631 0.749999999999718 1.59375
2195 0.6250000000006631 0.749999999999718 1.6875
2196 0.6250000000006631 0.749999999999718 1.78125
2197 0.6250000000006631 0.749999999999718 1.875
2198 0.6250000000006631 0.749999999999718 1.96875
2199 0.6250000000006631 0.749999999999718 2.0625
2200 0.6250000000006631 0.749999999999718 2.15625
2201 0.6250000000006631 0.749999999999718 2.25
2202 0.6250000000006631 0.749999999999718 2.34375
2203 0.6250000000006631 0.749999999999718 2.4375
2204 0.6250000000006631 0.749999999999718 2.53125
2205 0.6250000000006631 0.749999999999718 2.625
2206 0.6250000000006631 0.749999999999718 2.71875
2207 0.6250000000006631 0.749999999999718 2.8125
2208 0.6250000000006631 0.749999999999718 2.90625
2209 0.6250000000009388 0.874999999999607 0.09375
2210 0.6250000000009388 0.874999999999607 0.1875
2211 0.6250000000009388 0.874999999999607 0.28125
2212 0.6250000000009388 0.874999999999607 0.375
2213 0.6250000000009388 0.874999999999607 0.46875
2214 0.6250000000009388 0.874999999999607 0.5625
2215 0.6250000000009388 0.874999999999607 0.65625
2216 0.6250000000009388 0.874999999999607 0.75
2217 0.6250000000009388 0.874999999999607 0.84375
2218 0.6250000000009388 0.874999999999607 0.9375
2219 0.6250000000009388 0.874999999999607 1.03125
2220 0.6250000000009388 0.874999999999607 1.125
2221 0.6250000000009388 0.874999999999607 1.21875
2222 0.6250000000009388 0.874999999999607 1.3125
2223 0.6250000000009388 0.874999999999607 1.40625
2224 0.6250000000009388 0.874999999999607 1.5
2225 0.6250000000009388 0.874999999999607 1.59375
2226 0.6250000000009388 0.874999999999607 1.6875
2227 0.6250000000009388 0.874999999999607 1.78125
2228 0.6250000000009388 0.874999999999607 1.875
2229 0.6250000000009388 0.874999999999607 1.96875
2230 0.6250000000009388 0.874999999999607 2.0625
2231 0.6250000000009388 0.874999999999607 2.15625
2232 0.6250000000009388 0.874999999999607 2.25
2233 0.6250000000009388 0.874999999999607 2.34375
2234 0.6250000000009388 0.874999999999607 2.4375
2235 0.6250000000009388 0.874999999999607 2.53125
2236 0.6250000000009388 0.874999999999607 2.625
2237 0.6250000000009388 0.874999999999607 2.71875
2238 0.6250000000009388 0.874999999999607 2.8125
2239 0.6250000000009388 0.874999999999607 2.90625
2240 0.7499999999994666 0.1249999999999599 0.09375
2241 0.7499999999994666 0.1249999999999599 0.1875
2242 0.7499999999994666 0.1249999999999599 0.28125
2243 0.7499999999994666 0.1249999999999599 0.375
2244 0.7499999999994666 0.1249999999999599 0.46875
2245 0.7499999999994666 0.1249999999999599 0.5625
2246 0.7499999999994666 0.1249999999999599 0.65625
2247 0.7499999999994666 0.1249999999999599 0.75
2248 0.7499999999994666 0.1249999999999599 0.84375
2249 0.7499999999994666 0.1249999999999599 0.9375
2250 0.7499999999994666 0.1249999999999599 1.03125
2251 0.7499999999994666 0.1249999999999599 1.125
2252 0.7499999999994666 0.1249999999999599 1.21875
2253 0.7499999999994666 0.1249999999999599 1.3125
2254 0.7499999999994666 0.1249999999999599 1.40625
2255 0.7499999999994666 0.1249999999999599 1.5
2256 0.7499999999994666 0.1249999999999599 1.59375
2257 0.7499999999994666 0.1249999999999599 1.6875
2258 0.7499999999994666 0.1249999999999599 1.78125
2259 0.7499999999994666 0.1249999999999599 1.875
2260 0.7499999999994666 0.1249999999999599 1.96875
2261 0.7499999999994666 0.1249999999999599 2.0625
2262 0.7499999999994666 0.1249999999999599 2.15625
2263 0.7499999999994666 0.1249999999999599 2.25
2264 0.7499999999994666 0.1249999999999599 2.34375
2265 0.7499999999994666 0.1249999999999599 2.4375
2266 0.7499999999994666 0.1249999999999599 2.53125
2267 0.7499999999994666 0.1249999999999599 2.625
2268 0.7499999999994666 0.1249999999999599 2.71875
2269 0.7499999999994666 0.1249999999999599 2.8125
2270 0.7499999999994666 0.1249999999999599 2.90625
2271 0.7499999999995923 0.2499999999998184 0.09375
2272 0.7499999999995923 0.2499999999998184 0.1875
2273 0.7499999999995923 0.2499999999998184 0.28125
2274 0.7499999999995923 0.2499999999998184 0.375
2275 0.7499999999995923 0.2499999999998184 0.46875
2276 0.7499999999995923 0.2499999999998184 0.5625
2277 0.7499999999995923 0.2499999999998184 0.65625
2278 0.7499999999995923 0.2499999999998184 0.75
2279 0.7499999999995923 0.2499999999998184 0.84375
2280 0.7499999999995923 0.2499999999998184 0.9375
2281 0.7499999999995923 0.2499999999998184 1.03125
2282 0.7499999999995923 0.2499999999998184 1.125
2283 0.7499999999995923 0.2499999999998184 1.21875
2284 0.7499999999995923 0.2499999999998184 1.3125
2285 0.7499999999995923 0.2499999999998184 1.40625
2286 0.7499999999995923 0.2499999999998184 1.5
2287 0.7499999999995923 0.2499999999998184 1.59375
2288 0.7499999999995923 0.2499999999998184 1.6875
2289 0.7499999999995923 0.2499999999998184 1.78125
2290 0.7499999999995923 0.2499999999998184 1.875
2291 0.7499999999995923 0.2499999999998184 1.96875
2292 0.7499999999995923 0.2499999999998184 2.0625
2293 0.7499999999995923 0.2499999999998184 2.15625
2294 0.7499999999995923 0.2499999999998184 2.25
2295 0.7499999999995923 0.2499999999998184 2.34375
2296 0.7499999999995923 0.2499999999998184 2.4375
2297 0.7499999999995923 0.2499999999998184 2.53125
2298 0.7499999999995923 0.2499999999998184 2.625
2299 0.7499999999995923 0.2499999999998184 2.71875
2300 0.7499999999995923 0.2499999999998184 2.8125
2301 0.7499999999995923 0.2499999999998184 2.90625
2302 0.749999999999718 0.3749999999996748 0.09375
2303 0.749999999999718 0.3749999999996748 0.1875
2304 0.749999999999718 0.3749999999996748 0.28125
2305 0.749999999999718 0.3749999999996748 0.375
2306 0.749999999999718 0.3749999999996748 0.46875
2307 0.749999999999718 0.3749999999996748 0.5625
2308 0.749999999999718 0.3749999999996748 0.65625
2309 0.749999999999718 0.3749999999996748 0.75
2310 0.749999999999718 0.3749999999996748 0.84375
2311 0.749999999999718 0.3749999999996748 0.9375
2312 0.749999999999718 0.3749999999996748 1.03125
2313 0.749999999999718 0.3749999999996748 1.125
2314 0.749999999999718 0.3749999999996748 1.21875
2315 0.749999999999718 0.3749999999996748 1.3125
2316 0.749999999999718 0.3749999999996748 1.40625
2317 0.749999999999718 0.3749999999996748 1.5
2318 0.749999999999718 0.3749999999996748 1.59375
2319 0.749999999999718 0.3749999999996748 1.6875
2320 0.749999999999718 0.3749999999996748 1.78125
2321 0.749999999999718 0.3749999999996748 1.875
2322 0.749999999999718 0.3749999999996748 1.96875
2323 0.749999999999718 0.3749999999996748 2.0625
2324 0.749999999999718 0.3749999999996748 2.15625
2325 0.749999999999718 0.3749999999996748 2.25
2326 0.749999999999718 0.3749999999996748 2.34375
2327 0.749999999999718 0.3749999999996748 2.4375
2328 0.749999999999718 0.3749999999996748 2.53125
2329 0.749999999999718 0.3749999999996748 2.625
2330 0.749999999999718 0.3749999999996748 2.71875
2331 0.749999999999718 0.3749999999996748 2.8125
2332 0.749999999999718 0.3749999999996748 2.90625
2333 0.7499999999998439 0.4999999999995339 0.09375
2334 0.7499999999998439 0.4999999999995339 0.1875
2335 0.7499999999998439 0.4999999999995339 0.28125
2336 0.7499999999998439 0.4999999999995339 0.375
2337 0.7499999999998439 0.4999999999995339 0.46875
2338 0.7499999999998439 0.4999999999995339 0.5625
2339 0.7499999999998439 0.4999999999995339 0.65625
2340 0.7499999999998439 0.4999999999995339 0.75
2341 0.7499999999998439 0.4999999999995339 0.84375
2342 0.7499999999998439 0.4999999999995339 0.9375
2343 0.7499999999998439 0.4999999999995339 1.03125
2344 0.7499999999998439 0.4999999999995339 1.125
2345 0.7499999999998439 0.4999999999995339 1.21875
2346 0.7499999999998439 0.4999999999995339 1.3125
2347 0.7499999999998439 0.4999999999995339 1.40625
2348 0.7499999999998439 0.4999999999995339 1.5
2349 0.7499999999998439 0.4999999999995339 1.59375
2350 0.7499999999998439 0.4999999999995339 1.6875
2351 0.7499999999998439 0.4999999999995339 1.78125
2352 0.7499999999998439 0.4999999999995339 1.875
2353 0.7499999999998439 0.4999999999995339 1.96875
2354 0.7499999999998439 0.4999999999995339 2.0625
2355 0.7499999999998439 0.4999999999995339 2.15625
2356 0.7499999999998439 0.4999999999995339 2.25
2357 0.7499999999998439 0.4999999999995339 2.34375
2358 0.7499999999998439 0.4999999999995339 2.4375
2359 0.7499999999998439 0.4999999999995339 2.53125
2360 0.7499999999998439 0.4999999999995339 2.625
2361 0.7499999999998439 0.4999999999995339 2.71875
2362 0.7499999999998439 0.4999999999995339 2.8125
2363 0.7499999999998439 0.4999999999995339 2.90625
2364 0.7499999999999698 0.6249999999995616 0.09375
2365 0.7499999999999698 0.6249999999995616 0.1875
2366 0.7499999999999698 0.6249999999995616 0.28125
2367 0.7499999999999698 0.6249999999995616 0.375
2368 0.7499999999999698 0.6249999999995616 0.46875
2369 0.7499999999999698 0.6249999999995616 0.5625
2370 0.7499999999999698 0.6249999999995616 0.65625
2371 0.7499999999999698 0.6249999999995616 0.75
2372 0.7499999999999698 0.6249999999995616 0.84375
2373 0.7499999999999698 0.6249999999995616 0.9375
2374 0.7499999999999698 0.6249999999995616 1.03125
2375 0.7499999999999698 0.6249999999995616 1.125
2376 0.7499999999999698 0.6249999999995616 1.21875
2377 0.7499999999999698 0.6249999999995616 1.3125
2378 0.7499999999999698 0.6249999999995616 1.40625
2379 0.7499999999999698 0.6249999999995616 1.5
2380 0.7499999999999698 0.6249999999995616 1.59375
2381 0.7499999999999698 0.6249999999995616 1.6875
2382 0.7499999999999698 0.6249999999995616 1.78125
2383 0.7499999999999698 0.6249999999995616 1.875
2384 0.7499999999999698 0.6249999999995616 1.96875
2385 0.7499999999999698 0.6249999999995616 2.0625
2386 0.7499999999999698 0.6249999999995616 2.15625
2387 0.7499999999999698 0.6249999999995616 2.25
2388 0.7499999999999698 0.6249999999995616 2.34375
2389 0.7499999999999698 0.6249999999995616 2.4375
2390 0.7499999999999698 0.6249999999995616 2.53125
2391 0.7499999999999698 0.6249999999995616 2.625
2392 0.7499999999999698 0.6249999999995616 2.71875
2393 0.7499999999999698 0.6249999999995616 2.8125
2394 0.7499999999999698 0.6249999999995616 2.90625
2395 0.7500000000000955 0.7499999999995921 0.09375
2396 0.7500000000000955 0.7499999999995921 0.1875
2397 0.7500000000000955 0.7499999999995921 0.28125
2398 0.7500000000000955 0.7499999999995921 0.375
2399 0.7500000000000955 0.7499999999995921 0.46875
2400 0.7500000000000955 0.7499999999995921 0.5625
2401 0.7500000000000955 0.7499999999995921 0.65625
2402 0.7500000000000955 0.7499999999995921 0.75
2403 0.7500000000000955 0.7499999999995921 0.84375
2404 0.7500000000000955 0.7499999999995921 0.9375
2405 0.7500000000000955 0.7499999999995921 1.03125
2406 0.7500000000000955 0.7499999999995921 1.125
2407 0.7500000000000955 0.7499999999995921 1.21875
2408 0.7500000000000955 0.7499999999995921 1.3125
2409 0.7500000000000955 0.7499999999995921 1.40625
2410 0.7500000000000955 0.7499999999995921 1.5
2411 0.7500000000000955 0.7499999999995921 1.59375
2412 0.7500000000000955 0.7499999999995921 1.6875
2413 0.7500000000000955 0.7499999999995921 1.78125
2414 0.7500000000000955 0.7499999999995921 1.875
2415 0.7500000000000955 0.7499999999995921 1.96875
2416 0.7500000000000955 0.7499999999995921 2.0625
2417 0.7500000000000955 0.7499999999995921 2.15625
2418 0.7500000000000955 0.7499999999995921 2.25
2419 0.7500000000000955 0.7499999999995921 2.34375
2420 0.7500000000000955 0.7499999999995921 2.4375
2421 0.7500000000000955 0.7499999999995921 2.53125
2422 0.7500000000000955 0.7499999999995921 2.625
2423 0.7500000000000955 0.7499999999995921 2.71875
2424 0.7500000000000955 0.7499999999995921 2.8125
2425 0.7500000000000955 0.7499999999995921 2.90625
2426 0.7500000000002214 0.8749999999996279 0.09375
2427 0.7500000000002214 0.8749999999996279 0.1875
2428 0.7500000000002214 0.8749999999996279 0.28125
2429 0.7500000000002214 0.8749999999996279 0.375
2430 0.7500000000002214 0.8749999999996279 0.46875
2431 0.7500000000002214 0.8749999999996279 0.5625
2432 0.7500000000002214 0.8749999999996279 0.65625
2433 0.7500000000002214 0.8749999999996279 0.75
2434 0.7500000000002214 0.8749999999996279 0.84375
2435 0.7500000000002214 0.8749999999996279 0.9375
2436 0.7500000000002214 0.8749999999996279 1.03125
2437 0.7500000000002214 0.8749999999996279 1.125
2438 0.7500000000002214 0.8749999999996279 1.21875
2439 0.7500000000002214 0.8749999999996279 1.3125
2440 0.7500000000002214 0.8749999999996279 1.40625
2441 0.7500000000002214 0.8749999999996279 1.5
2442 0.7500000000002214 0.8749999999996279 1.59375
2443 0.7500000000002214 0.8749999999996279 1.6875
2444 0.7500000000002214 0.8749999999996279 1.78125
2445 0.7500000000002214 0.8749999999996279 1.875
2446 0.7500000000002214 0.8749999999996279 1.96875
2447 0.7500000000002214 0.8749999999996279 2.0625
2448 0.7500000000002214 0.8749999999996279 2.15625
2449 0.7500000000002214 0.8749999999996279 2.25
2450 0.7500000000002214 0.8749999999996279 2.34375
2451 0.7500000000002214 0.8749999999996279 2.4375
2452 0.7500000000002214 0.8749999999996279 2.53125
2453 0.7500000000002214 0.8749999999996279 2.625
2454 0.7500000000002214 0.8749999999996279 2.71875
2455 0.7500000000002214 0.8749999999996279 2.8125
2456 0.7500000000002214 0.8749999999996279 2.90625
2457 0.8749999999996489 0.1249999999998665 0.09375
2458 0.8749999999996489 0.1249999999998665 0.1875
2459 0.8749999999996489 0.1249999999998665 0.28125
2460 0.8749999999996489 0.1249999999998665 0.375
2461 0.8749999999996489 0.1249999999998665 0.46875
2462 0.8749999999996489 0.1249999999998665 0.5625
2463 0.8749999999996489 0.1249999999998665 0.65625
2464 0.8749999999996489 0.1249999999998665 0.75
2465 0.8749999999996489 0.1249999999998665 0.84375
2466 0.8749999999996489 0.1249999999998665 0.9375
2467 0.8749999999996489 0.1249999999998665 1.03125
2468 0.8749999999996489 0.1249999999998665 1.125
2469 0.8749999999996489 0.1249999999998665 1.21875
2470 0.8749999999996489 0.1249999999998665 1.3125
2471 0.8749999999996489 0.1249999999998665 1.40625
2472 0.8749999999996489 0.1249999999998665 1.5
2473 0.8749999999996489 0.1249999999998665 1.59375
2474 0.8749999999996489 0.1249999999998665 1.6875
2475 0.8749999999996489 0.1249999999998665 1.78125
2476 0.8749999999996489 0.1249999999998665 1.875
2477 0.8749999999996489 0.1249999999998665 1.96875
2478 0.8749999999996489 0.1249999999998665 2.0625
2479 0.8749999999996489 0.1249999999998665 2.15625
2480 0.8749999999996489 0.1249999999998665 2.25
2481 0.8749999999996489 0.1249999999998665 2.34375
2482 0.8749999999996489 0.1249999999998665 2.4375
2483 0.8749999999996489 0.1249999999998665 2.53125
2484 0.8749999999996489 0.1249999999998665 2.625
2485 0.8749999999996489 0.1249999999998665 2.71875
2486 0.8749999999996489 0.1249999999998665 2.8125
2487 0.8749999999996489 0.1249999999998665 2.90625
2488 0.8749999999996282 0.2499999999996146 0.09375
2489 0.8749999999996282 0.2499999999996146 0.1875
2490 0.8749999999996282 0.2499999999996146 0.28125
2491 0.8749999999996282 0.2499999999996146 0.375
2492 0.8749999999996282 0.2499999999996146 0.46875
2493 0.8749999999996282 0.2499999999996146 0.5625
2494 0.8749999999996282 0.2499999999996146 0.65625
2495 0.8749999999996282 0.2499999999996146 0.75
2496 0.8749999999996282 0.2499999999996146 0.84375
2497 0.8749999999996282 0.2499999999996146 0.9375
2498 0.8749999999996282 0.2499999999996146 1.03125
2499 0.8749999999996282 0.2499999999996146 1.125
2500 0.8749999999996282 0.2499999999996146 1.21875
2501 0.8749999999996282 0.2499999999996146 1.3125
2502 0.8749999999996282 0.2499999999996146 1.40625
2503 0.8749999999996282 0.2499999999996146 1.5
2504 0.8749999999996282 0.2499999999996146 1.59375
2505 0.8749999999996282 0.2499999999996146 1.6875
2506 0.8749999999996282 0.2499999999996146 1.78125
2507 0.8749999999996282 0.2499999999996146 1.875
2508 0.8749999999996282 0.2499999999996146 1.96875
2509 0.8749999999996282 0.2499999999996146 2.0625
2510 0.8749999999996282 0.2499999999996146 2.15625
2511 0.8749999999996282 0.2499999999996146 2.25
2512 0.8749999999996282 0.2499999999996146 2.34375
2513 0.8749999999996282 0.2499999999996146 2.4375
2514 0.8749999999996282 0.2499999999996146 2.53125
2515 0.8749999999996282 0.2499999999996146 2.625
2516 0.8749999999996282 0.2499999999996146 2.71875
2517 0.8749999999996282 0.2499999999996146 2.8125
2518 0.8749999999996282 0.2499999999996146 2.90625
2519 0.874999999999607 0.3749999999993605 0.09375
2520 0.874999999999607 0.3749999999993605 0.1875
2521 0.874999999999607 0.3749999999993605 0.28125
2522 0.874999999999607 0.3749999999993605 0.375
2523 0.874999999999607 0.3749999999993605 0.46875
2524 0.874999999999607 0.3749999999993605 0.5625
2525 0.874999999999607 0.3749999999993605 0.65625
2526 0.874999999999607 0.3749999999993605 0.75
2527 0.874999999999607 0.3749999999993605 0.84375
2528 0.874999999999607 0.3749999999993605 0.9375
2529 0.874999999999607 0.3749999999993605 1.03125
2530 0.874999999999607 0.3749999999993605 1.125
2531 0.874999999999607 0.3749999999993605 1.21875
2532 0.874999999999607 0.3749999999993605 1.3125
2533 0.874999999999607 0.3749999999993605 1.40625
2534 0.874999999999607 0.3749999999993605 1.5
2535 0.874999999999607 0.3749999999993605 1.59375
2536 0.874999999999607 0.3749999999993605 1.6875
2537 0.874999999999607 0.3749999999993605 1.78125
2538 0.874999999999607 0.3749999999993605 1.875
2539 0.874999999999607 0.3749999999993605 1.96875
2540 0.874999999999607 0.3749999999993605 2.0625
2541 0.874999999999607 0.3749999999993605 2.15625
2542 0.874999999999607 0.3749999999993605 2.25
2543 0.874999999999607 0.3749999999993605 2.34375
2544 0.874999999999607 0.3749999999993605 2.4375
2545 0.874999999999607 0.3749999999993605 2.53125
2546 0.874999999999607 0.3749999999993605 2.625
2547 0.874999999999607 0.3749999999993605 2.71875
2548 0.874999999999607 0.3749999999993605 2.8125
2549 0.874999999999607 0.3749999999993605 2.90625
2550 0.8749999999995858 0.499999999999113 0.09375
2551 0.8749999999995858 0.499999999999113 0.1875
2552 0.8749999999995858 0.499999999999113 0.28125
2553 0.8749999999995858 0.499999999999113 0.375
2554 0.8749999999995858 0.499999999999113 0.46875
2555 0.8749999999995858 0.499999999999113 0.5625
2556 0.8749999999995858 0.499999999999113 0.65625
2557 0.8749999999995858 0.499999999999113 0.75
2558 0.8749999999995858 0.499999999999113 0.84375
2559 0.8749999999995858 0.499999999999113 0.9375
2560 0.8749999999995858 0.499999999999113 1.03125
2561 0.8749999999995858 0.499999999999113 1.125
2562 0.8749999999995858 0.499999999999113 1.21875
2563 0.8749999999995858 0.499999999999113 1.3125
2564 0.8749999999995858 0.499999999999113 1.40625
2565 0.8749999999995858 0.499999999999113 1.5
2566 0.8749999999995858 0.499999999999113 1.59375
2567 0.8749999999995858 0.499999999999113 1.6875
2568 0.8749999999995858 0.499999999999113 1.78125
2569 0.8749999999995858 0.499999999999113 1.875
2570 0.8749999999995858 0.499999999999113 1.96875
2571 0.8749999999995858 0.499999999999113 2.0625
2572 0.8749999999995858 0.499999999999113 2.15625
2573 0.8749999999995858 0.499999999999113 2.25
2574 0.8749999999995858 0.499999999999113 2.34375
2575 0.8749999999995858 0.499999999999113 2.4375
2576 0.8749999999995858 0.499999999999113 2.53125
2577 0.8749999999995858 0.499999999999113 2.625
2578 0.8749999999995858 0.499999999999113 2.71875
2579 0.8749999999995858 0.499999999999113 2.8125
2580 0.8749999999995858 0.499999999999113 2.90625
2581 0.8749999999995646 0.6249999999992863 0.09375
2582 0.8749999999995646 0.6249999999992863 0.1875
2583 0.8749999999995646 0.6249999999992863 0.28125
2584 0.8749999999995646 0.6249999999992863 0.375
2585 0.8749999999995646 0.6249999999992863 0.46875
2586 0.8749999999995646 0.6249999999992863 0.5625
2587 0.8749999999995646 0.6249999999992863 0.65625
2588 0.8749999999995646 0.6249999999992863 0.75
2589 0.8749999999995646 0.6249999999992863 0.84375
2590 0.8749999999995646 0.6249999999992863 0.9375
2591 0.8749999999995646 0.6249999999992863 1.03125
2592 0.8749999999995646 0.6249999999992863 1.125
2593 0.8749999999995646 0.6249999999992863 1.21875
2594 0.8749999999995646 0.6249999999992863 1.3125
2595 0.8749999999995646 0.6249999999992863 1.40625
2596 0.8749999999995646 0.6249999999992863 1.5
2597 0.8749999999995646 0.6249999999992863 1.59375
2598 0.8749999999995646 0.6249999999992863 1.6875
2599 0.8749999999995646 0.6249999999992863 1.78125
2600 0.8749999999995646 0.6249999999992863 1.875
2601 0.8749999999995646 0.6249999999992863 1.96875
2602 0.8749999999995646 0.6249999999992863 2.0625
2603 0.8749999999995646 0.6249999999992863 2.15625
2604 0.8749999999995646 0.6249999999992863 2.25
2605 0.8749999999995646 0.6249999999992863 2.34375
2606 0.8749999999995646 0.6249999999992863 2.4375
2607 0.8749999999995646 0.6249999999992863 2.53125
2608 0.8749999999995646 0.6249999999992863 2.625
2609 0.8749999999995646 0.6249999999992863 2.71875
2610 0.8749999999995646 0.6249999999992863 2.8125
2611 0.8749999999995646 0.6249999999992863 2.90625
2612 0.8749999999995433 0.7499999999994664 0.09375
2613 0.8749999999995433 0.7499999999994664 0.1875
2614 0.8749999999995433 0.7499999999994664 0.28125
2615 0.8749999999995433 0.7499999999994664 0.375
2616 0.8749999999995433 0.7499999999994664 0.46875
2617 0.8749999999995433 0.7499999999994664 0.5625
2618 0.8749999999995433 0.7499999999994664 0.65625
2619 0.8749999999995433 0.7499999999994664 0.75
2620 0.8749999999995433 0.7499999999994664 0.84375
2621 0.8749999999995433 0.7499999999994664 0.9375
2622 0.8749999999995433 0.7499999999994664 1.03125
2623 0.8749999999995433 0.7499999999994664 1.125
2624 0.8749999999995433 0.7499999999994664 1.21875
2625 0.8749999999995433 0.7499999999994664 1.3125
2626 0.8749999999995433 0.7499999999994664 1.40625
2627 0.8749999999995433 0.7499999999994664 1.5
2628 0.8749999999995433 0.7499999999994664 1.59375
2629 0.8749999999995433 0.7499999999994664 1.6875
2630 0.8749999999995433 0.7499999999994664 1.78125
2631 0.8749999999995433 0.7499999999994664 1.875
2632 0.8749999999995433 0.7499999999994664 1.96875
2633 0.8749999999995433 0.7499999999994664 2.0625
2634 0.8749999999995433 0.7499999999994664 2.15625
2635 0.8749999999995433 0.7499999999994664 2.25
2636 0.8749999999995433 0.7499999999994664 2.34375
2637 0.8749999999995433 0.7499999999994664 2.4375
2638 0.8749999999995433 0.7499999999994664 2.53125
2639 0.8749999999995433 0.7499999999994664 2.625
2640 0.8749999999995433 0.7499999999994664 2.71875
2641 0.8749999999995433 0.7499999999994664 2.8125
2642 0.8749999999995433 0.7499999999994664 2.90625
2643 0.8749999999995223 0.8749999999996491 0.09375
2644 0.8749999999995223 0.8749999999996491 0.1875
2645 0.8749999999995223 0.8749999999996491 0.28125
2646 0.8749999999995223 0.8749999999996491 0.375
2647 0.8749999999995223 0.8749999999996491 0.46875
2648 0.8749999999995223 0.8749999999996491 0.5625
2649 0.8749999999995223 0.8749999999996491 0.65625
2650 0.8749999999995223 0.8749999999996491 0.75
2651 0.8749999999995223 0.8749999999996491 0.84375
2652 0.8749999999995223 0.8749999999996491 0.9375
2653 0.8749999999995223 0.8749999999996491 1.03125
2654 0.8749999999995223 0.8749999999996491 1.125
2655 0.8749999999995223 0.8749999999996491 1.21875
2656 0.8749999999995223 0.8749999999996491 1.3125
2657 0.8749999999995223 0.8749999999996491 1.40625
2658 0.8749999999995223 0.8749999999996491 1.5
2659 0.8749999999995223 0.8749999999996491 1.59375
2660 0.8749999999995223 0.8749999999996491 1.6875
2661 0.8749999999995223 0.8749999999996491 1.78125
2662 0.8749999999995223 0.8749999999996491 1.875
2663 0.8749999999995223 0.8749999999996491 1.96875
2664 0.8749999999995223 0.8749999999996491 2.0625
2665 0.8749999999995223 0.8749999999996491 2.15625
2666 0.8749999999995223 0.8749999999996491 2.25
2667 0.8749999999995223 0.8749999999996491 2.34375
2668 0.8749999999995223 0.8749999999996491 2.4375
2669 0.8749999999995223 0.8749999999996491 2.53125
2670 0.8749999999995223 0.8749999999996491 2.625
2671 0.8749999999995223 0.8749999999996491 2.71875
2672 0.8749999999995223 0.8749999999996491 2.8125
2673 0.8749999999995223 0.8749999999996491 2.90625
$EndNodes
$Elements
3200
1 3 2 1 1 1 9 189 36
2 3 2 1 1 36 189 190 35
3 3 2 1 1 35 190 191 34
4 3 2 1 1 34 191 192 33
5 3 2 1 1 33 192 193 32
6 3 2 1 1 32 193 194 31
7 3 2 1 1 31 194 195 30
8 3 2 1 1 30 195 29 4
9 3 2 1 1 9 10 196 189
10 3 2 1 1 189 196 197 190
11 3 2 1 1 190 197 198 191
12 3 2 1 1 191 198 199 192
13 3 2 1 1 192 199 200 193
14 3 2 1 1 193 200 201 194
15 3 2 1 1 194 201 202 195
16 3 2 1 1 195 202 28 29
17 3 2 1 1 10 11 203 196
18 3 2 1 1 196 203 204 197
19 3 2 1 1 197 204 205 198
20 3 2 1 1 198 205 206 199
21 3 2 1 1 199 206 207 200
22 3 2 1 1 200 207 208 201
23 3 2 1 1 201 208 209 202
24 3 2 1 1 202 209 27 28
25 3 2 1 1 11 12 210 203
26 3 2 1 1 203 210 211 204
27 3 2 1 1 204 211 212 205
28 3 2 1 1 205 212 213 206
29 3 2 1 1 206 213 214 207
30 3 2 1 1 207 214 215 208
31 3 2 1 1 208 215 216 209
32 3 2 1 1 209 216 26 27
33 3 2 1 1 12 13 217 210
34 3 2 1 1 210 217 218 211
35 3 2 1 1 211 218 219 212
36 3 2 1 1 212 219 220 213
37 3 2 1 1 213 220 221 214
38 3 2 1 1 214 221 222 215
39 3 2 1 1 215 222 223 216
40 3 2 1 1 216 223 25 26
41 3 2 1 1 13 14 224 217
42 3 2 1 1 217 224 225 218
43 3 2 1 1 218 225 226 219
44 3 2 1 1 219 226 227 220
45 3 2 1 1 220 227 228 221
46 3 2 1 1 221 228 229 222
47 3 2 1 1 222 229 230 223
48 3 2 1 1 223 230 24 25
49 3 2 1 1 14 15 231 224
50 3 2 1 1 224 231 232 225
51 3 2 1 1 225 232 233 226
52 3 2 1 1 226 233 234 227
53 3 2 1 1 227 234 235 228
54 3 2 1 1 228 235 236 229
55 3 2 1 1 229 236 237 230
56 3 2 1 1 230 237 23 24
57 3 2 1 1 15 2 16 231
58 3 2 1 1 231 16 17 232
59 3 2 1 1 232 17 18 233
60 3 2 1 1 233 18 19 234
61 3 2 1 1 234 19 20 235
62 3 2 1 1 235 20 21 236
63 3 2 1 1 236 21 22 237
64 3 2 1 1 237 22 3 23
65 3 2 2 13 1 9 238 65
66 3 2 2 13 65 238 239 66
67 3 2 2 13 66 239 240 67
68 3 2 2 13 67 240 241 68
69 3 2 2 13 68 241 242 69
70 3 2 2 13 69 242 243 70
71 3 2 2 13 70 243 244 71
72 3 2 2 13 71 244 245 72
73 3 2 2 13 72 245 246 73
74 3 2 2 13 73 246 247 74
75 3 2 2 13 74 247 248 75
76 3 2 2 13 75 248 249 76
77 3 2 2 13 76 249 250 77
78 3 2 2 13 77 250 251 78
79 3 2 2 13 78 251 252 79
80 3 2 2 13 79 252 253 80
81 3 2 2 13 80 253 254 81
82 3 2 2 13 81 254 255 82
83 3 2 2 13 82 255 256 83
84 3 2 2 13 83 256 257 84
85 3 2 2 13 84 257 258 85
86 3 2 2 13 85 258 259 86
87 3 2 2 13 86 259 260 87
88 3 2 2 13 87 260 261 88
89 3 2 2 13 88 261 262 89
90 3 2 2 13 89 262 263 90
91 3 2 2 13 90 263 264 91
92 3 2 2 13 91 264 265 92
93 3 2 2 13 92 265 266 93
94 3 2 2 13 93 266 267 94
95 3 2 2 13 94 267 268 95
96 3 2 2 13 95 268 37 5
97 3 2 2 13 9 10 269 238
98 3 2 2 13 238 269 270 239
99 3 2 2 13 239 270 271 240
100 3 2 2 13 240 271 272 241
101 3 2 2 13 241 272 273 242
102 3 2 2 13 242 273 274 243
103 3 2 2 13 243 274 275 244
104 3 2 2 13 244 275 276 245
105 3 2 2 13 245 276 277 246
106 3 2 2 13 246 277 278 247
107 3 2 2 13 247 278 279 248
108 3 2 2 13 248 279 280 249
109 3 2 2 13 249 280 281 250
110 3 2 2 13 250 281 282 251
111 3 2 2 13 251 282 283 252
112 3 2 2 13 252 283 284 253
113 3 2 2 13 253 284 285 254
114 3 2 2 13 254 285 286 255
115 3 2 2 13 255 286 287 256
116 3 2 2 13 256 287 288 257
117 3 2 2 13 257 288 289 258
118 3 2 2 13 258 289 290 259
119 3 2 2 13 259 290 291 260
120 3 2 2 13 260 291 292 261
121 3 2 2 13 261 292 293 262
122 3 2 2 13 262 293 294 263
123 3 2 2 13 263 294 295 264
124 3 2 2 13 264 295 296 265
125 3 2 2 13 265 296 297 266
126 3 2 2 13 266 297 298 267
127 3 2 2 13 267 298 299 268
128 3 2 2 13 268 299 38 37
129 3 2 2 13 10 11 300 269
130 3 2 2 13 269 300 301 270
131 3 2 2 13 270 301 302 271
132 3 2 2 13 271 302 303 272
133 3 2 2 13 272 303 304 273
134 3 2 2 13 273 304 305 274
135 3 2 2 13 274 305 306 275
136 3 2 2 13 275 306 307 276
137 3 2 2 13 276 307 308 277
138 3 2 2 13 277 308 309 278
139 3 2 2 13 278 309 310 279
140 3 2 2 13 279 310 311 280
141 3 2 2 13 280 311 312 281
142 3 2 2 13 281 312 313 282
143 3 2 2 13 282 313 314 283
144 3 2 2 13 283 314 315 284
145 3 2 2 13 284 315 316 285
146 3 2 2 13 285 316 317 286
147 3 2 2 13 286 317 318 287
148 3 2 2 13 287 318 319 288
149 3 2 2 13 288 319 320 289
150 3 2 2 13 289 320 321 290
151 3 2 2 13 290 321 322 291
152 3 2 2 13 291 322 323 292
153 3 2 2 13 292 323 324 293
154 3 2 2 13 293 324 325 294
155 3 2 2 13 294 325 326 295
156 3 2 2 13 295 326 327 296
157 3 2 2 13 296 327 328 297
158 3 2 2 13 297 328 329 298
159 3 2 2 13 298 329 330 299
160 3 2 2 13 299 330 39 38
161 3 2 2 13 11 12 331 300
162 3 2 2 13 300 331 332 301
163 3 2 2 13 301 332 333 302
164 3 2 2 13 302 333 334 303
165 3 2 2 13 303 334 335 304
166 3 2 2 13 304 335 336 305
167 3 2 2 13 305 336 337 306
168 3 2 2 13 306 337 338 307
169 3 2 2 13 307 338 339 308
170 3 2 2 13 308 339 340 309
171 3 2 2 13 309 340 341 310
172 3 2 2 13 310 341 342 311
173 3 2 2 13 311 342 343 312
174 3 2 2 13 312 343 344 313
175 3 2 2 13 313 344 345 314
176 3 2 2 13 314 345 346 315
177 3 2 2 13 315 346 347 316
178 3 2 2 13 316 347 348 317
179 3 2 2 13 317 348 349 318
180 3 2 2 13 318 349 350 319
181 3 2 2 13 319 350 351 320
182 3 2 2 13 320 351 352 321
183 3 2 2 13 321 352 353 322
184 3 2 2 13 322 353 354 323
185 3 2 2 13 323 354 355 324
186 3 2 2 13 324 355 356 325
187 3 2 2 13 325 356 357 326
188 3 2 2 13 326 357 358 327
189 3 2 2 13 327 358 359 328
190 3 2 2 13 328 359 360 329
191 3 2 2 13 329 360 361 330
192 3 2 2 13 330 361 40 39
193 3 2 2 13 12 13 362 331
194 3 2 2 13 331 362 363 332
195 3 2 2 13 332 363 364 333
196 3 2 2 13 333 364 365 334
197 3 2 2 13 334 365 366 335
198 3 2 2 13 335 366 367 336
199 3 2 2 13 336 367 368 337
200 3 2 2 13 337 368 369 338
201 3 2 2 13 338 369 370 339
202 3 2 2 13 339 370 371 340
203 3 2 2 13 340 371 372 341
204 3 2 2 13 341 372 373 342
205 3 2 2 13 342 373 374 343
206 3 2 2 13 343 374 375 344
207 3 2 2 13 344 375 376 345
208 3 2 2 13 345 376 377 346
209 3 2 2 13 346 377 378 347
210 3 2 2 13 347 378 379 348
211 3 2 2 13 348 379 380 349
212 3 2 2 13 349 380 381 350
213 3 2 2 13 350 381 382 351
214 3 2 2 13 351 382 383 352
215 3 2 2 13 352 383 384 353
216 3 2 2 13 353 384 385 354
217 3 2 2 13 354 385 386 355
218 3 2 2 13 355 386 387 356
219 3 2 2 13 356 387 388 357
220 3 2 2 13 357 388 389 358
221 3 2 2 13 358 389 390 359
222 3 2 2 13 359 390 391 360
223 3 2 2 13 360 391 392 361
224 3 2 2 13 361 392 41 40
225 3 2 2 13 13 14 393 362
226 3 2 2 13 362 393 394 363
227 3 2 2 13 363 394 395 364
228 3 2 2 13 364 395 396 365
229 3 2 2 13 365 396 397 366
230 3 2 2 13 366 397 398 367
231 3 2 2 13 367 398 399 368
232 3 2 2 13 368 399 400 369
233 3 2 2 13 369 400 401 370
234 3 2 2 13 370 401 402 371
235 3 2 2 13 371 402 403 372
236 3 2 2 13 372 403 404 373
237 3 2 2 13 373 404 405 374
238 3 2 2 13 374 405 406 375
239 3 2 2 13 375 406 407 376
240 3 2 2 13 376 407 408 377
241 3 2 2 13 377 408 409 378
242 3 2 2 13 378 409 410 379
243 3 2 2 13 379 410 411 380
244 3 2 2 13 380 411 412 381
245 3 2 2 13 381 412 413 382
246 3 2 2 13 382 413 414 383
247 3 2 2 13 383 414 415 384
248 3 2 2 13 384 415 416 385
249 3 2 2 13 385 416 417 386
250 3 2 2 13 386 417 418 387
251 3 2 2 13 387 418 419 388
252 3 2 2 13 388 419 420 389
253 3 2 2 13 389 420 421 390
254 3 2 2 13 390 421 422 391
255 3 2 2 13 391 422 423 392
256 3 2 2 13 392 423 42 41
257 3 2 2 13 14 15 424 393
258 3 2 2 13 393 424 425 394
259 3 2 2 13 394 425 426 395
260 3 2 2 13 395 426 427 396
261 3 2 2 13 396 427 428 397
262 3 2 2 13 397 428 429 398
263 3 2 2 13 398 429 430 399
264 3 2 2 13 399 430 431 400
265 3 2 2 13 400 431 432 401
266 3 2 2 13 401 432 433 402
267 3 2 2 13 402 433 434 403
268 3 2 2 13 403 434 435 404
269 3 2 2 13 404 435 436 405
270 3 2 2 13 405 436 437 406
271 3 2 2 13 406 437 438 407
272 3 2 2 13 407 438 439 408
273 3 2 2 13 408 439 440 409
274 3 2 2 13 409 440 441 410
275 3 2 2 13 410 441 442 411
276 3 2 2 13 411 442 443 412
277 3 2 2 13 412 443 444 413
278 3 2 2 13 413 444 445 414
279 3 2 2 13 414 445 446 415
280 3 2 2 13 415 446 447 416
281 3 2 2 13 416 447 448 417
282 3 2 2 13 417 448 449 418
283 3 2 2 13 418 449 450 419
284 3 2 2 13 419 450 451 420
285 3 2 2 13 420 451 452 421
286 3 2 2 13 421 452 453 422
287 3 2 2 13 422 453 454 423
288 3 2 2 13 423 454 43 42
289 3 2 2 13 15 2 96 424
290 3 2 2 13 424 96 97 425
291 3 2 2 13 425 97 98 426
292 3 2 2 13 426 98 99 427
293 3 2 2 13 427 99 100 428
294 3 2 2 13 428 100 101 429
295 3 2 2 13 429 101 102 430
296 3 2 2 13 430 102 103 431
297 3 2 2 13 431 103 104 432
298 3 2 2 13 432 104 105 433
299 3 2 2 13 433 105 106 434
300 3 2 2 13 434 106 107 435
301 3 2 2 13 435 107 108 436
302 3 2 2 13 436 108 109 437
303 3 2 2 13 437 109 110 438
304 3 2 2 13 438 110 111 439
305 3 2 2 13 439 111 112 440
306 3 2 2 13 440 112 113 441
307 3 2 2 13 441 113 114 442
308 3 2 2 13 442 114 115 443
309 3 2 2 13 443 115 116 444
310 3 2 2 13 444 116 117 445
311 3 2 2 13 445 117 118 446
312 3 2 2 13 446 118 119 447
313 3 2 2 13 447 119 120 448
314 3 2 2 13 448 120 121 449
315 3 2 2 13 449 121 122 450
316 3 2 2 13 450 122 123 451
317 3 2 2 13 451 123 124 452
318 3 2 2 13 452 124 125 453
319 3 2 2 13 453 125 126 454
320 3 2 2 13 454 126 6 43
321 3 2 3 17 2 16 455 96
322 3 2 3 17 96 455 456 97
323 3 2 3 17 97 456 457 98
324 3 2 3 17 98 457 458 99
325 3 2 3 17 99 458 459 100
326 3 2 3 17 100 459 460 101
327 3 2 3 17 101 460 461 102
328 3 2 3 17 102 461 462 103
329 3 2 3 17 103 462 463 104
330 3 2 3 17 104 463 464 105
331 3 2 3 17 105 464 465 106
332 3 2 3 17 106 465 466 107
333 3 2 3 17 107 466 467 108
334 3 2 3 17 108 467 468 109
335 3 2 3 17 109 468 469 110
336 3 2 3 17 110 469 470 111
337 3 2 3 17 111 470 471 112
338 3 2 3 17 112 471 472 113
339 3 2 3 17 113 472 473 114
340 3 2 3 17 114 473 474 115
341 3 2 3 17 115 474 475 116
342 3 2 3 17 116 475 476 117
343 3 2 3 17 117 476 477 118
344 3 2 3 17 118 477 478 119
345 3 2 3 17 119 478 479 120
346 3 2 3 17 120 479 480 121
347 3 2 3 17 121 480 481 122
348 3 2 3 17 122 481 482 123
349 3 2 3 17 123 482 483 124
350 3 2 3 17 124 483 484 125
351 3 2 3 17 125 484 485 126
352 3 2 3 17 126 485 44 6
353 3 2 3 17 16 17 486 455
354 3 2 3 17 455 486 487 456
355 3 2 3 17 456 487 488 457
356 3 2 3 17 457 488 489 458
357 3 2 3 17 458 489 490 459
358 3 2 3 17 459 490 491 460
359 3 2 3 17 460 491 492 461
360 3 2 3 17 461 492 493 462
361 3 2 3 17 462 493 494 463
362 3 2 3 17 463 494 495 464
363 3 2 3 17 464 495 496 465
364 3 2 3 17 465 496 497 466
365 3 2 3 17 466 497 498 467
366 3 2 3 17 467 498 499 468
367 3 2 3 17 468 499 500 469
368 3 2 3 17 469 500 501 470
369 3 2 3 17 470 501 502 471
370 3 2 3 17 471 502 503 472
371 3 2 3 17 472 503 504 473
372 3 2 3 17 473 504 505 474
373 3 2 3 17 474 505 506 475
374 3 2 3 17 475 506 507 476
375 3 2 3 17 476 507 508 477
376 3 2 3 17 477 508 509 478
377 3 2 3 17 478 509 510 479
378 3 2 3 17 479 510 511 480
379 3 2 3 17 480 511 512 481
380 3 2 3 17 481 512 513 482
381 3 2 3 17 482 513 514 483
382 3 2 3 17 483 514 515 484
383 3 2 3 17 484 515 516 485
384 3 2 3 17 485 516 45 44
385 3 2 3 17 17 18 517 486
386 3 2 3 17 486 517 518 487
387 3 2 3 17 487 518 519 488
388 3 2 3 17 488 519 520 489
389 3 2 3 17 489 520 521 490
390 3 2 3 17 490 521 522 491
391 3 2 3 17 491 522 523 492
392 3 2 3 17 492 523 524 493
393 3 2 3 17 493 524 525 494
394 3 2 3 17 494 525 526 495
395 3 2 3 17 495 526 527 496
396 3 2 3 17 496 527 528 497
397 3 2 3 17 497 528 529 498
398 3 2 3 17 498 529 530 499
399 3 2 3 17 499 530 531 500
400 3 2 3 17 500 531 532 501
401 3 2 3 17 501 532 533 502
402 3 2 3 17 502 533 534 503
403 3 2 3 17 503 534 535 504
404 3 2 3 17 504 535 536 505
405 3 2 3 17 505 536 537 506
406 3 2 3 17 506 537 538 507
407 3 2 3 17 507 538 539 508
408 3 2 3 17 508 539 540 509
409 3 2 3 17 509 540 541 510
410 3 2 3 17 510 541 542 511
411 3 2 3 17 511 542 543 512
412 3 2 3 17 512 543 544 513
413 3 2 3 17 513 544 545 514
414 3 2 3 17 514 545 546 515
415 3 2 3 17 515 546 547 516
416 3 2 3 17 516 547 46 45
417 3 2 3 17 18 19 548 517
418 3 2 3 17 517 548 549 518
419 3 2 3 17 518 549 550 519
420 3 2 3 17 519 550 551 520
421 3 2 3 17 520 551 552 521
422 3 2 3 17 521 552 553 522
423 3 2 3 17 522 553 554 523
424 3 2 3 17 523 554 555 524
425 3 2 3 17 524 555 556 525
426 3 2 3 17 525 556 557 526
427 3 2 3 17 526 557 558 527
428 3 2 3 17 527 558 559 528
429 3 2 3 17 528 559 560 529
430 3 2 3 17 529 560 561 530
431 3 2 3 17 530 561 562 531
432 3 2 3 17 531 562 563 532
433 3 2 3 17 532 563 564 533
434 3 2 3 17 533 564 565 534
435 3 2 3 17 534 565 566 535
436 3 2 3 17 535 566 567 536
437 3 2 3 17 536 567 568 537
438 3 2 3 17 537 568 569 538
439 3 2 3 17 538 569 570 539
440 3 2 3 17 539 570 571 540
441 3 2 3 17 540 571 572 541
442 3 2 3 17 541 572 573 542
443 3 2 3 17 542 573 574 543
444 3 2 3 17 543 574 575 544
445 3 2 3 17 544 575 576 545
446 3 2 3 17 545 576 577 546
447 3 2 3 17 546 577 578 547
448 3 2 3 17 547 578 47 46
449 3 2 3 17 19 20 579 548
450 3 2 3 17 548 579 580 549
451 3 2 3 17 549 580 581 550
452 3 2 3 17 550 581 582 551
453 3 2 3 17 551 582 583 552
454 3 2 3 17 552 583 584 553
455 3 2 3 17 553 584 585 554
456 3 2 3 17 554 585 586 555
457 3 2 3 17 555 586 587 556
458 3 2 3 17 556 587 588 557
459 3 2 3 17 557 588 589 558
460 3 2 3 17 558 589 590 559
461 3 2 3 17 559 590 591 560
462 3 2 3 17 560 591 592 561
463 3 2 3 17 561 592 593 562
464 3 2 3 17 562 593 594 563
465 3 2 3 17 563 594 595 564
466 3 2 3 17 564 595 596 565
467 3 2 3 17 565 596 597 566
468 3 2 3 17 566 597 598 567
469 3 2 3 17 567 598 599 568
470 3 2 3 17 568 599 600 569
471 3 2 3 17 569 600 601 570
472 3 2 3 17 570 601 602 571
473 3 2 3 17 571 602 603 572
474 3 2 3 17 572 603 604 573
475 3 2 3 17 573 604 605 574
476 3 2 3 17 574 605 606 575
477 3 2 3 17 575 606 607 576
478 3 2 3 17 576 607 608 577
479 3 2 3 17 577 608 609 578
480 3 2 3 17 578 609 48 47
481 3 2 3 17 20 21 610 579
482 3 2 3 17 579 610 611 580
483 3 2 3 17 580 611 612 581
484 3 2 3 17 581 612 613 582
485 3 2 3 17 582 613 614 583
486 3 2 3 17 583 614 615 584
487 3 2 3 17 584 615 616 585
488 3 2 3 17 585 616 617 586
489 3 2 3 17 586 617 618 587
490 3 2 3 17 587 618 619 588
491 3 2 3 17 588 619 620 589
492 3 2 3 17 589 620 621 590
493 3 2 3 17 590 621 622 591
494 3 2 3 17 591 622 623 592
495 3 2 3 17 592 623 624 593
496 3 2 3 17 593 624 625 594
497 3 2 3 17 594 625 626 595
498 3 2 3 17 595 626 627 596
499 3 2 3 17 596 627 628 597
500 3 2 3 17 597 628 629 598
501 3 2 3 17 598 629 630 599
502 3 2 3 17 599 630 631 600
503 3 2 3 17 600 631 632 601
504 3 2 3 17 601 632 633 602
505 3 2 3 17 602 633 634 603
506 3 2 3 17 603 634 635 604
507 3 2 3 17 604 635 636 605
508 3 2 3 17 605 636 637 606
509 3 2 3 17 606 637 638 607
510 3 2 3 17 607 638 639 608
511 3 2 3 17 608 639 640 609
512 3 2 3 17 609 640 49 48
513 3 2 3 17 21 22 641 610
514 3 2 3 17 610 641 642 611
515 3 2 3 17 611 642 643 612
516 3 2 3 17 612 643 644 613
517 3 2 3 17 613 644 645 614
518 3 2 3 17 614 645 646 615
519 3 2 3 17 615 646 647 616
520 3 2 3 17 616 647 648 617
521 3 2 3 17 617 648 649 618
522 3 2 3 17 618 649 650 619
523 3 2 3 17 619 650 651 620
524 3 2 3 17 620 651 652 621
525 3 2 3 17 621 652 653 622
526 3 2 3 17 622 653 654 623
527 3 2 3 17 623 654 655 624
528 3 2 3 17 624 655 656 625
529 3 2 3 17 625 656 657 626
530 3 2 3 17 626 657 658 627
531 3 2 3 17 627 658 659 628
532 3 2 3 17 628 659 660 629
533 3 2 3 17 629 660 661 630
534 3 2 3 17 630 661 662 631
535 3 2 3 17 631 662 663 632
536 3 2 3 17 632 663 664 633
537 3 2 3 17 633 664 665 634
538 3 2 3 17 634 665 666 635
539 3 2 3 17 635 666 667 636
540 3 2 3 17 636 667 668 637
541 3 2 3 17 637 668 669 638
542 3 2 3 17 638 669 670 639
543 3 2 3 17 639 670 671 640
544 3 2 3 17 640 671 50 49
545 3 2 3 17 22 3 127 641
546 3 2 3 17 641 127 128 642
547 3 2 3 17 642 128 129 643
548 3 2 3 17 643 129 130 644
549 3 2 3 17 644 130 131 645
550 3 2 3 17 645 131 132 646
551 3 2 3 17 646 132 133 647
552 3 2 3 17 647 133 134 648
553 3 2 3 17 648 134 135 649
554 3 2 3 17 649 135 136 650
555 3 2 3 17 650 136 137 651
556 3 2 3 17 651 137 138 652
557 3 2 3 17 652 138 139 653
558 3 2 3 17 653 139 140 654
559 3 2 3 17 654 140 141 655
560 3 2 3 17 655 141 142 656
561 3 2 3 17 656 142 143 657
562 3 2 3 17 657 143 144 658
563 3 2 3 17 658 144 145 659
564 3 2 3 17 659 145 146 660
565 3 2 3 17 660 146 147 661
566 3 2 3 17 661 147 148 662
567 3 2 3 17 662 148 149 663
568 3 2 3 17 663 149 150 664
569 3 2 3 17 664 150 151 665
570 3 2 3 17 665 151 152 666
571 3 2 3 17 666 152 153 667
572 3 2 3 17 667 153 154 668
573 3 2 3 17 668 154 155 669
574 3 2 3 17 669 155 156 670
575 3 2 3 17 670 156 157 671
576 3 2 3 17 671 157 7 50
577 3 2 4 21 3 23 672 127
578 3 2 4 21 127 672 673 128
579 3 2 4 21 128 673 674 129
580 3 2 4 21 129 674 675 130
581 3 2 4 21 130 675 676 131
582 3 2 4 21 131 676 677 132
583 3 2 4 21 132 677 678 133
584 3 2 4 21 133 678 679 134
585 3 2 4 21 134 679 680 135
586 3 2 4 21 135 680 681 136
587 3 2 4 21 136 681 682 137
588 3 2 4 21 137 682 683 138
589 3 2 4 21 138 683 684 139
590 3 2 4 21 139 684 685 140
591 3 2 4 21 140 685 686 141
592 3 2 4 21 141 686 687 142
593 3 2 4 21 142 687 688 143
594 3 2 4 21 143 688 689 144
595 3 2 4 21 144 689 690 145
596 3 2 4 21 145 690 691 146
597 3 2 4 21 146 691 692 147
598 3 2 4 21 147 692 693 148
599 3 2 4 21 148 693 694 149
600 3 2 4 21 149 694 695 150
601 3 2 4 21 150 695 696 151
602 3 2 4 21 151 696 697 152
603 3 2 4 21 152 697 698 153
604 3 2 4 21 153 698 699 154
605 3 2 4 21 154 699 700 155
606 3 2 4 21 155 700 701 156
607 3 2 4 21 156 701 702 157
608 3 2 4 21 157 702 51 7
609 3 2 4 21 23 24 703 672
610 3 2 4 21 672 703 704 673
611 3 2 4 21 673 704 705 674
612 3 2 4 21 674 705 706 675
613 3 2 4 21 675 706 707 676
614 3 2 4 21 676 707 708 677
615 3 2 4 21 677 708 709 678
616 3 2 4 21 678 709 710 679
617 3 2 4 21 679 710 711 680
618 3 2 4 21 680 711 712 681
619 3 2 4 21 681 712 713 682
620 3 2 4 21 682 713 714 683
621 3 2 4 21 683 714 715 684
622 3 2 4 21 684 715 716 685
623 3 2 4 21 685 716 717 686
624 3 2 4 21 686 717 718 687
625 3 2 4 21 687 718 719 688
626 3 2 4 21 688 719 720 689
627 3 2 4 21 689 720 721 690
628 3 2 4 21 690 721 722 691
629 3 2 4 21 691 722 723 692
630 3 2 4 21 692 723 724 693
631 3 2 4 21 693 724 725 694
632 3 2 4 21 694 725 726 695
633 3 2 4 21 695 726 727 696
634 3 2 4 21 696 727 728 697
635 3 2 4 21 697 728 729 698
636 3 2 4 21 698 729 730 699
637 3 2 4 21 699 730 731 700
638 3 2 4 21 700 731 732 701
639 3 2 4 21 701 732 733 702
640 3 2 4 21 702 733 52 51
641 3 2 4 21 24 25 734 703
642 3 2 4 21 703 734 735 704
643 3 2 4 21 704 735 736 705
644 3 2 4 21 705 736 737 706
645 3 2 4 21 706 737 738 707
646 3 2 4 21 707 738 739 708
647 3 2 4 21 708 739 740 709
648 3 2 4 21 709 740 741 710
649 3 2 4 21 710 741 742 711
650 3 2 4 21 711 742 743 712
651 3 2 4 21 712 743 744 713
652 3 2 4 21 713 744 745 714
653 3 2 4 21 714 745 746 715
654 3 2 4 21 715 746 747 716
655 3 2 4 21 716 747 748 717
656 3 2 4 21 717 748 749 718
657 3 2 4 21 718 749 750 719
658 3 2 4 21 719 750 751 720
659 3 2 4 21 720 751 752 721
660 3 2 4 21 721 752 753 722
661 3 2 4 21 722 753 754 723
662 3 2 4 21 723 754 755 724
663 3 2 4 21 724 755 756 725
664 3 2 4 21 725 756 757 726
665 3 2 4 21 726 757 758 727
666 3 2 4 21 727 758 759 728
667 3 2 4 21 728 759 760 729
668 3 2 4 21 729 760 761 730
669 3 2 4 21 730 761 762 731
670 3 2 4 21 731 762 763 732
671 3 2 4 21 732 763 764 733
672 3 2 4 21 733 764 53 52
673 3 2 4 21 25 26 765 734
674 3 2 4 21 734 765 766 735
675 3 2 4 21 735 766 767 736
676 3 2 4 21 736 767 768 737
677 3 2 4 21 737 768 769 738
678 3 2 4 21 738 769 770 739
679 3 2 4 21 739 770 771 740
680 3 2 4 21 740 771 772 741
681 3 2 4 21 741 772 773 742
682 3 2 4 21 742 773 774 743
683 3 2 4 21 743 774 775 744
684 3 2 4 21 744 775 776 745
685 3 2 4 21 745 776 777 746
686 3 2 4 21 746 777 778 747
687 3 2 4 21 747 778 779 748
688 3 2 4 21 748 779 780 749
689 3 2 4 21 749 780 781 750
690 3 2 4 21 750 781 782 751
691 3 2 4 21 751 782 783 752
692 3 2 4 21 752 783 784 753
693 3 2 4 21 753 784 785 754
694 3 2 4 21 754 785 786 755
695 3 2 4 21 755 786 787 756
696 3 2 4 21 756 787 788 757
697 3 2 4 21 757 788 789 758
698 3 2 4 21 758 789 790 759
699 3 2 4 21 759 790 791 760
700 3 2 4 21 760 791 792 761
701 3 2 4 21 761 792 793 762
702 3 2 4 21 762 793 794 763
703 3 2 4 21 763 794 795 764
704 3 2 4 21 764 795 54 53
705 3 2 4 21 26 27 796 765
706 3 2 4 21 765 796 797 766
707 3 2 4 21 766 797 798 767
708 3 2 4 21 767 798 799 768
709 3 2 4 21 768 799 800 769
710 3 2 4 21 769 800 801 770
711 3 2 4 21 770 801 802 771
712 3 2 4 21 771 802 803 772
713 3 2 4 21 772 803 804 773
714 3 2 4 21 773 804 805 774
715 3 2 4 21 774 805 806 775
716 3 2 4 21 775 806 807 776
717 3 2 4 21 776 807 808 777
718 3 2 4 21 777 808 809 778
719 3 2 4 21 778 809 810 779
720 3 2 4 21 779 810 811 780
721 3 2 4 21 780 811 812 781
722 3 2 4 21 781 812 813 782
723 3 2 4 21 782 813 814 783
724 3 2 4 21 783 814 815 784
725 3 2 4 21 784 815 816 785
726 3 2 4 21 785 816 817 786
727 3 2 4 21 786 817 818 787
728 3 2 4 21 787 818 819 788
729 3 2 4 21 788 819 820 789
730 3 2 4 21 789 820 821 790
731 3 2 4 21 790 821 822 791
732 3 2 4 21 791 822 823 792
733 3 2 4 21 792 823 824 793
734 3 2 4 21 793 824 825 794
735 3 2 4 21 794 825 826 795
736 3 2 4 21 795 826 55 54
737 3 2 4 21 27 28 827 796
738 3 2 4 21 796 827 828 797
739 3 2 4 21 797 828 829 798
740 3 2 4 21 798 829 830 799
741 3 2 4 21 799 830 831 800
742 3 2 4 21 800 831 832 801
743 3 2 4 21 801 832 833 802
744 3 2 4 21 802 833 834 803
745 3 2 4 21 803 834 835 804
746 3 2 4 21 804 835 836 805
747 3 2 4 21 805 836 837 806
748 3 2 4 21 806 837 838 807
749 3 2 4 21 807 838 839 808
750 3 2 4 21 808 839 840 809
751 3 2 4 21 809 840 841 810
752 3 2 4 21 810 841 842 811
753 3 2 4 21 811 842 843 812
754 3 2 4 21 812 843 844 813
755 3 2 4 21 813 844 845 814
756 3 2 4 21 814 845 846 815
757 3 2 4 21 815 846 847 816
758 3 2 4 21 816 847 848 817
759 3 2 4 21 817 848 849 818
760 3 2 4 21 818 849 850 819
761 3 2 4 21 819 850 851 820
762 3 2 4 21 820 851 852 821
763 3 2 4 21 821 852 853 822
764 3 2 4 21 822 853 854 823
765 3 2 4 21 823 854 855 824
766 3 2 4 21 824 855 856 825
767 3 2 4 21 825 856 857 826
768 3 2 4 21 826 857 56 55
769 3 2 4 21 28 29 858 827
770 3 2 4 21 827 858 859 828
771 3 2 4 21 828 859 860 829
772 3 2 4 21 829 860 861 830
773 3 2 4 21 830 861 862 831
774 3 2 4 21 831 862 863 832
775 3 2 4 21 832 863 864 833
776 3 2 4 21 833 864 865 834
777 3 2 4 21 834 865 866 835
778 3 2 4 21 835 866 867 836
779 3 2 4 21 836 867 868 837
780 3 2 4 21 837 868 869 838
781 3 2 4 21 838 869 870 839
782 3 2 4 21 839 870 871 840
783 3 2 4 21 840 871 872 841
784 3 2 4 21 841 872 873 842
785 3 2 4 21 842 873 874 843
786 3 2 4 21 843 874 875 844
787 3 2 4 21 844 875 876 845
788 3 2 4 21 845 876 877 846
789 3 2 4 21 846 877 878 847
790 3 2 4 21 847 878 879 848
791 3 2 4 21 848 879 880 849
792 3 2 4 21 849 880 881 850
793 3 2 4 21 850 881 882 851
794 3 2 4 21 851 882 883 852
795 3 2 4 21 852 883 884 853
796 3 2 4 21 853 884 885 854
797 3 2 4 21 854 885 886 855
798 3 2 4 21 855 886 887 856
799 3 2 4 21 856 887 888 857
800 3 2 4 21 857 888 57 56
801 3 2 4 21 29 4 158 858
802 3 2 4 21 858 158 159 859
803 3 2 4 21 859 159 160 860
804 3 2 4 21 860 160 161 861
805 3 2 4 21 861 161 162 862
806 3 2 4 21 862 162 163 863
807 3 2 4 21 863 163 164 864
808 3 2 4 21 864 164 165 865
809 3 2 4 21 865 165 166 866
810 3 2 4 21 866 166 167 867
811 3 2 4 21 867 167 168 868
812 3 2 4 21 868 168 169 869
813 3 2 4 21 869 169 170 870
814 3 2 4 21 870 170 171 871
815 3 2 4 21 871 171 172 872
816 3 2 4 21 872 172 173 873
817 3 2 4 21 873 173 174 874
818 3 2 4 21 874 174 175 875
819 3 2 4 21 875 175 176 876
820 3 2 4 21 876 176 177 877
821 3 2 4 21 877 177 178 878
822 3 2 4 21 878 178 179 879
823 3 2 4 21 879 179 180 880
824 3 2 4 21 880 180 181 881
825 3 2 4 21 881 181 182 882
826 3 2 4 21 882 182 183 883
827 3 2 4 21 883 183 184 884
828 3 2 4 21 884 184 185 885
829 3 2 4 21 885 185 186 886
830 3 2 4 21 886 186 187 887
831 3 2 4 21 887 187 188 888
832 3 2 4 21 888 188 8 57
833 3 2 5 25 4 30 889 158
834 3 2 5 25 158 889 890 159
835 3 2 5 25 159 890 891 160
836 3 2 5 25 160 891 892 161
837 3 2 5 25 161 892 893 162
838 3 2 5 25 162 893 894 163
839 3 2 5 25 163 894 895 164
840 3 2 5 25 164 895 896 165
841 3 2 5 25 165 896 897 166
842 3 2 5 25 166 897 898 167
843 3 2 5 25 167 898 899 168
844 3 2 5 25 168 899 900 169
845 3 2 5 25 169 900 901 170
846 3 2 5 25 170 901 902 171
847 3 2 5 25 171 902 903 172
848 3 2 5 25 172 903 904 173
849 3 2 5 25 173 904 905 174
850 3 2 5 25 174 905 906 175
851 3 2 5 25 175 906 907 176
852 3 2 5 25 176 907 908 177
853 3 2 5 25 177 908 909 178
854 3 2 5 25 178 909 910 179
855 3 2 5 25 179 910 911 180
856 3 2 5 25 180 911 912 181
857 3 2 5 25 181 912 913 182
858 3 2 5 25 182 913 914 183
859 3 2 5 25 183 914 915 184
860 3 2 5 25 184 915 916 185
861 3 2 5 25 185 916 917 186
862 3 2 5 25 186 917 918 187
863 3 2 5 25 187 918 919 188
864 3 2 5 25 188 919 58 8
865 3 2 5 25 30 31 920 889
866 3 2 5 25 889 920 921 890
867 3 2 5 25 890 921 922 891
868 3 2 5 25 891 922 923 892
869 3 2 5 25 892 923 924 893
870 3 2 5 25 893 924 925 894
871 3 2 5 25 894 925 926 895
872 3 2 5 25 895 926 927 896
873 3 2 5 25 896 927 928 897
874 3 2 5 25 897 928 929 898
875 3 2 5 25 898 929 930 899
876 3 2 5 25 899 930 931 900
877 3 2 5 25 900 931 932 901
878 3 2 5 25 901 932 933 902
879 3 2 5 25 902 933 934 903
880 3 2 5 25 903 934 935 904
881 3 2 5 25 904 935 936 905
882 3 2 5 25 905 936 937 906
883 3 2 5 25 906 937 938 907
884 3 2 5 25 907 938 939 908
885 3 2 5 25 908 939 940 909
886 3 2 5 25 909 940 941 910
887 3 2 5 25 910 941 942 911
888 3 2 5 25 911 942 943 912
889 3 2 5 25 912 943 944 913
890 3 2 5 25 913 944 945 914
891 3 2 5 25 914 945 946 915
892 3 2 5 25 915 946 947 916
893 3 2 5 25 916 947 948 917
894 3 2 5 25 917 948 949 918
895 3 2 5 25 918 949 950 919
896 3 2 5 25 919 950 59 58
897 3 2 5 25 31 32 951 920
898 3 2 5 25 920 951 952 921
899 3 2 5 25 921 952 953 922
900 3 2 5 25 922 953 954 923
901 3 2 5 25 923 954 955 924
902 3 2 5 25 924 955 956 925
903 3 2 5 25 925 956 957 926
904 3 2 5 25 926 957 958 927
905 3 2 5 25 927 958 959 928
906 3 2 5 25 928 959 960 929
907 3 2 5 25 929 960 961 930
908 3 2 5 25 930 961 962 931
909 3 2 5 25 931 962 963 932
910 3 2 5 25 932 963 964 933
911 3 2 5 25 933 964 965 934
912 3 2 5 25 934 965 966 935
913 3 2 5 25 935 966 967 936
914 3 2 5 25 936 967 968 937
915 3 2 5 25 937 968 969 938
916 3 2 5 25 938 969 970 939
917 3 2 5 25 939 970 971 940
918 3 2 5 25 940 971 972 941
919 3 2 5 25 941 972 973 942
920 3 2 5 25 942 973 974 943
921 3 2 5 25 943 974 975 944
922 3 2 5 25 944 975 976 945
923 3 2 5 25 945 976 977 946
924 3 2 5 25 946 977 978 947
925 3 2 5 25 947 978 979 948
926 3 2 5 25 948 979 980 949
927 3 2 5 25 949 980 981 950
928 3 2 5 25 950 981 60 59
929 3 2 5 25 32 33 982 951
930 3 2 5 25 951 982 983 952
931 3 2 5 25 952 983 984 953
932 3 2 5 25 953 984 985 954
933 3 2 5 25 954 985 986 955
934 3 2 5 25 955 986 987 956
935 3 2 5 25 956 987 988 957
936 3 2 5 25 957 988 989 958
937 3 2 5 25 958 989 990 959
938 3 2 5 25 959 990 991 960
939 3 2 5 25 960 991 992 961
940 3 2 5 25 961 992 993 962
941 3 2 5 25 962 993 994 963
942 3 2 5 25 963 994 995 964
943 3 2 5 25 964 995 996 965
944 3 2 5 25 965 996 997 966
945 3 2 5 25 966 997 998 967
946 3 2 5 25 967 998 999 968
947 3 2 5 25 968 999 1000 969
948 3 2 5 25 969 1000 1001 970
949 3 2 5 25 970 1001 1002 971
950 3 2 5 25 971 1002 1003 972
951 3 2 5 25 972 1003 1004 973
952 3 2 5 25 973 1004 1005 974
953 3 2 5 25 974 1005 1006 975
954 3 2 5 25 975 1006 1007 976
955 3 2 5 25 976 1007 1008 977
956 3 2 5 25 977 1008 1009 978
957 3 2 5 25 978 1009 1010 979
958 3 2 5 25 979 1010 1011 980
959 3 2 5 25 980 1011 1012 981
960 3 2 5 25 981 1012 61 60
961 3 2 5 25 33 34 1013 982
962 3 2 5 25 982 1013 1014 983
963 3 2 5 25 983 1014 1015 984
964 3 2 5 25 984 1015 1016 985
965 3 2 5 25 985 1016 1017 986
966 3 2 5 25 986 1017 1018 987
967 3 2 5 25 987 1018 1019 988
968 3 2 5 25 988 1019 1020 989
969 3 2 5 25 989 1020 1021 990
970 3 2 5 25 990 1021 1022 991
971 3 2 5 25 991 1022 1023 992
972 3 2 5 25 992 1023 1024 993
973 3 2 5 25 993 1024 1025 994
974 3 2 5 25 994 1025 1026 995
975 3 2 5 25 995 1026 1027 996
976 3 2 5 25 996 1027 1028 997
977 3 2 5 25 997 1028 1029 998
978 3 2 5 25 998 1029 1030 999
979 3 2 5 25 999 1030 1031 1000
980 3 2 5 25 1000 1031 1032 1001
981 3 2 5 25 1001 1032 1033 1002
982 3 2 5 25 1002 1033 1034 1003
983 3 2 5 25 1003 1034 1035 1004
984 3 2 5 25 1004 1035 1036 1005
985 3 2 5 25 1005 1036 1037 1006
986 3 2 5 25 1006 1037 1038 1007
987 3 2 5 25 1007 1038 1039 1008
988 3 2 5 25 1008 1039 1040 1009
989 3 2 5 25 1009 1040 1041 1010
990 3 2 5 25 1010 1041 1042 1011
991 3 2 5 25 1011 1042 1043 1012
992 3 2 5 25 1012 1043 62 61
993 3 2 5 25 34 35 1044 1013
994 3 2 5 25 1013 1044 1045 1014
995 3 2 5 25 1014 1045 1046 1015
996 3 2 5 25 1015 1046 1047 1016
997 3 2 5 25 1016 1047 1048 1017
998 3 2 5 25 1017 1048 1049 1018
999 3 2 5 25 1018 1049 1050 1019
1000 3 2 5 25 1019 1050 1051 1020
1001 3 2 5 25 1020 1051 1052 1021
1002 3 2 5 25 1021 1052 1053 1022
1003 3 2 5 25 1022 1053 1054 1023
1004 3 2 5 25 1023 1054 1055 1024
1005 3 2 5 25 1024 1055 1056 1025
1006 3 2 5 25 1025 1056 1057 1026
1007 3 2 5 25 1026 1057 1058 1027
1008 3 2 5 25 1027 1058 1059 1028
1009 3 2 5 25 1028 1059 1060 1029
1010 3 2 5 25 1029 1060 1061 1030
1011 3 2 5 25 1030 1061 1062 1031
1012 3 2 5 25 1031 1062 1063 1032
1013 3 2 5 25 1032 1063 1064 1033
1014 3 2 5 25 1033 1064 1065 1034
1015 3 2 5 25 1034 1065 1066 1035
1016 3 2 5 25 1035 1066 1067 1036
1017 3 2 5 25 1036 1067 1068 1037
1018 3 2 5 25 1037 1068 1069 1038
1019 3 2 5 25 1038 1069 1070 1039
1020 3 2 5 25 1039 1070 1071 1040
1021 3 2 5 25 1040 1071 1072 1041
1022 3 2 5 25 1041 1072 1073 1042
1023 3 2 5 25 1042 1073 1074 1043
1024 3 2 5 25 1043 1074 63 62
1025 3 2 5 25 35 36 1075 1044
1026 3 2 5 25 1044 1075 1076 1045
1027 3 2 5 25 1045 1076 1077 1046
1028 3 2 5 25 1046 1077 1078 1047
1029 3 2 5 25 1047 1078 1079 1048
1030 3 2 5 25 1048 1079 1080 1049
1031 3 2 5 25 1049 1080 1081 1050
1032 3 2 5 25 1050 1081 1082 1051
1033 3 2 5 25 1051 1082 1083 1052
1034 3 2 5 25 1052 1083 1084 1053
1035 3 2 5 25 1053 1084 1085 1054
1036 3 2 5 25 1054 1085 1086 1055
1037 3 2 5 25 1055 1086 1087 1056
1038 3 2 5 25 1056 1087 1088 1057
1039 3 2 5 25 1057 1088 1089 1058
1040 3 2 5 25 1058 1089 1090 1059
1041 3 2 5 25 1059 1090 1091 1060
1042 3 2 5 25 1060 1091 1092 1061
1043 3 2 5 25 1061 1092 1093 1062
1044 3 2 5 25 1062 1093 1094 1063
1045 3 2 5 25 1063 1094 1095 1064
1046 3 2 5 25 1064 1095 1096 1065
1047 3 2 5 25 1065 1096 1097 1066
1048 3 2 5 25 1066 1097 1098 1067
1049 3 2 5 25 1067 1098 1099 1068
1050 3 2 5 25 1068 1099 1100 1069
1051 3 2 5 25 1069 1100 1101 1070
1052 3 2 5 25 1070 1101 1102 1071
1053 3 2 5 25 1071 1102 1103 1072
1054 3 2 5 25 1072 1103 1104 1073
1055 3 2 5 25 1073 1104 1105 1074
1056 3 2 5 25 1074 1105 64 63
1057 3 2 5 25 36 1 65 1075
1058 3 2 5 25 1075 65 66 1076
1059 3 2 5 25 1076 66 67 1077
1060 3 2 5 25 1077 67 68 1078
1061 3 2 5 25 1078 68 69 1079
1062 3 2 5 25 1079 69 70 1080
1063 3 2 5 25 1080 70 71 1081
1064 3 2 5 25 1081 71 72 1082
1065 3 2 5 25 1082 72 73 1083
1066 3 2 5 25 1083 73 74 1084
1067 3 2 5 25 1084 74 75 1085
1068 3 2 5 25 1085 75 76 1086
1069 3 2 5 25 1086 76 77 1087
1070 3 2 5 25 1087 77 78 1088
1071 3 2 5 25 1088 78 79 1089
1072 3 2 5 25 1089 79 80 1090
1073 3 2 5 25 1090 80 81 1091
1074 3 2 5 25 1091 81 82 1092
1075 3 2 5 25 1092 82 83 1093
1076 3 2 5 25 1093 83 84 1094
1077 3 2 5 25 1094 84 85 1095
1078 3 2 5 25 1095 85 86 1096
1079 3 2 5 25 1096 86 87 1097
1080 3 2 5 25 1097 87 88 1098
1081 3 2 5 25 1098 88 89 1099
1082 3 2 5 25 1099 89 90 1100
1083 3 2 5 25 1100 90 91 1101
1084 3 2 5 25 1101 91 92 1102
1085 3 2 5 25 1102 92 93 1103
1086 3 2 5 25 1103 93 94 1104
1087 3 2 5 25 1104 94 95 1105
1088 3 2 5 25 1105 95 5 64
1089 3 2 6 26 5 37 1106 64
1090 3 2 6 26 64 1106 1107 63
1091 3 2 6 26 63 1107 1108 62
1092 3 2 6 26 62 1108 1109 61
1093 3 2 6 26 61 1109 1110 60
1094 3 2 6 26 60 1110 1111 59
1095 3 2 6 26 59 1111 1112 58
1096 3 2 6 26 58 1112 57 8
1097 3 2 6 26 37 38 1113 1106
1098 3 2 6 26 1106 1113 1114 1107
1099 3 2 6 26 1107 1114 1115 1108
1100 3 2 6 26 1108 1115 1116 1109
1101 3 2 6 26 1109 1116 1117 1110
1102 3 2 6 26 1110 1117 1118 1111
1103 3 2 6 26 1111 1118 1119 1112
1104 3 2 6 26 1112 1119 56 57
1105 3 2 6 26 38 39 1120 1113
1106 3 2 6 26 1113 1120 1121 1114
1107 3 2 6 26 1114 1121 1122 1115
1108 3 2 6 26 1115 1122 1123 1116
1109 3 2 6 26 1116 1123 1124 1117
1110 3 2 6 26 1117 1124 1125 1118
1111 3 2 6 26 1118 1125 1126 1119
1112 3 2 6 26 1119 1126 55 56
1113 3 2 6 26 39 40 1127 1120
1114 3 2 6 26 1120 1127 1128 1121
1115 3 2 6 26 1121 1128 1129 1122
1116 3 2 6 26 1122 1129 1130 1123
1117 3 2 6 26 1123 1130 1131 1124
1118 3 2 6 26 1124 1131 1132 1125
1119 3 2 6 26 1125 1132 1133 1126
1120 3 2 6 26 1126 1133 54 55
1121 3 2 6 26 40 41 1134 1127
1122 3 2 6 26 1127 1134 1135 1128
1123 3 2 6 26 1128 1135 1136 1129
1124 3 2 6 26 1129 1136 1137 1130
1125 3 2 6 26 1130 1137 1138 1131
1126 3 2 6 26 1131 1138 1139 1132
1127 3 2 6 26 1132 1139 1140 1133
1128 3 2 6 26 1133 1140 53 54
1129 3 2 6 26 41 42 1141 1134
1130 3 2 6 26 1134 1141 1142 1135
1131 3 2 6 26 1135 1142 1143 1136
1132 3 2 6 26 1136 1143 1144 1137
1133 3 2 6 26 1137 1144 1145 1138
1134 3 2 6 26 1138 1145 1146 1139
1135 3 2 6 26 1139 1146 1147 1140
1136 3 2 6 26 1140 1147 52 53
1137 3 2 6 26 42 43 1148 1141
1138 3 2 6 26 1141 1148 1149 1142
1139 3 2 6 26 1142 1149 1150 1143
1140 3 2 6 26 1143 1150 1151 1144
1141 3 2 6 26 1144 1151 1152 1145
1142 3 2 6 26 1145 1152 1153 1146
1143 3 2 6 26 1146 1153 1154 1147
1144 3 2 6 26 1147 1154 51 52
1145 3 2 6 26 43 6 44 1148
1146 3 2 6 26 1148 44 45 1149
1147 3 2 6 26 1149 45 46 1150
1148 3 2 6 26 1150 46 47 1151
1149 3 2 6 26 1151 47 48 1152
1150 3 2 6 26 1152 48 49 1153
1151 3 2 6 26 1153 49 50 1154
1152 3 2 6 26 1154 50 7 51
1153 5 2 1 1 1 9 189 36 65 238 1155 1075
1154 5 2 1 1 65 238 1155 1075 66 239 1156 1076
1155 5 2 1 1 66 239 1156 1076 67 240 1157 1077
1156 5 2 1 1 67 240 1157 1077 68 241 1158 1078
1157 5 2 1 1 68 241 1158 1078 69 242 1159 1079
1158 5 2 1 1 69 242 1159 1079 70 243 1160 1080
1159 5 2 1 1 70 243 1160 1080 71 244 1161 1081
1160 5 2 1 1 71 244 1161 1081 72 245 1162 1082
1161 5 2 1 1 72 245 1162 1082 73 246 1163 1083
1162 5 2 1 1 73 246 1163 1083 74 247 1164 1084
1163 5 2 1 1 74 247 1164 1084 75 248 1165 1085
1164 5 2 1 1 75 248 1165 1085 76 249 1166 1086
1165 5 2 1 1 76 249 1166 1086 77 250 1167 1087
1166 5 2 1 1 77 250 1167 1087 78 251 1168 1088
1167 5 2 1 1 78 251 1168 1088 79 252 1169 1089
1168 5 2 1 1 79 252 1169 1089 80 253 1170 1090
1169 5 2 1 1 80 253 1170 1090 81 254 1171 1091
1170 5 2 1 1 81 254 1171 1091 82 255 1172 1092
1171 5 2 1 1 82 255 1172 1092 83 256 1173 1093
1172 5 2 1 1 83 256 1173 1093 84 257 1174 1094
1173 5 2 1 1 84 257 1174 1094 85 258 1175 1095
1174 5 2 1 1 85 258 1175 1095 86 259 1176 1096
1175 5 2 1 1 86 259 1176 1096 87 260 1177 1097
1176 5 2 1 1 87 260 1177 1097 88 261 1178 1098
1177 5 2 1 1 88 261 1178 1098 89 262 1179 1099
1178 5 2 1 1 89 262 1179 1099 90 263 1180 1100
1179 5 2 1 1 90 263 1180 1100 91 264 1181 1101
1180 5 2 1 1 91 264 1181 1101 92 265 1182 1102
1181 5 2 1 1 92 265 1182 1102 93 266 1183 1103
1182 5 2 1 1 93 266 1183 1103 94 267 1184 1104
1183 5 2 1 1 94 267 1184 1104 95 268 1185 1105
1184 5 2 1 1 95 268 1185 1105 5 37 1106 64
1185 5 2 1 1 36 189 190 35 1075 1155 1186 1044
1186 5 2 1 1 1075 1155 1186 1044 1076 1156 1187 1045
1187 5 2 1 1 1076 1156 1187 1045 1077 1157 1188 1046
1188 5 2 1 1 1077 1157 1188 1046 1078 1158 1189 1047
1189 5 2 1 1 1078 1158 1189 1047 1079 1159 1190 1048
1190 5 2 1 1 1079 1159 1190 1048 1080 1160 1191 1049
1191 5 2 1 1 1080 1160 1191 1049 1081 1161 1192 1050
1192 5 2 1 1 1081 1161 1192 1050 1082 1162 1193 1051
1193 5 2 1 1 1082 1162 1193 1051 1083 1163 1194 1052
1194 5 2 1 1 1083 1163 1194 1052 1084 1164 1195 1053
1195 5 2 1 1 1084 1164 1195 1053 1085 1165 1196 1054
1196 5 2 1 1 1085 1165 1196 1054 1086 1166 1197 1055
1197 5 2 1 1 1086 1166 1197 1055 1087 1167 1198 1056
1198 5 2 1 1 1087 1167 1198 1056 1088 1168 1199 1057
1199 5 2 1 1 1088 1168 1199 1057 1089 1169 1200 1058
1200 5 2 1 1 1089 1169 1200 1058 1090 1170 1201 1059
1201 5 2 1 1 1090 1170 1201 1059 1091 1171 1202 1060
1202 5 2 1 1 1091 1171 1202 1060 1092 1172 1203 1061
1203 5 2 1 1 1092 1172 1203 1061 1093 1173 1204 1062
1204 5 2 1 1 1093 1173 1204 1062 1094 1174 1205 1063
1205 5 2 1 1 1094 1174 1205 1063 1095 1175 1206 1064
1206 5 2 1 1 1095 1175 1206 1064 1096 1176 1207 1065
1207 5 2 1 1 1096 1176 1207 1065 1097 1177 1208 1066
1208 5 2 1 1 1097 1177 1208 1066 1098 1178 1209 1067
1209 5 2 1 1 1098 1178 1209 1067 1099 1179 1210 1068
1210 5 2 1 1 1099 1179 1210 1068 1100 1180 1211 1069
1211 5 2 1 1 1100 1180 1211 1069 1101 1181 1212 1070
1212 5 2 1 1 1101 1181 1212 1070 1102 1182 1213 1071
1213 5 2 1 1 1102 1182 1213 1071 1103 1183 1214 1072
1214 5 2 1 1 1103 1183 1214 1072 1104 1184 1215 1073
1215 5 2 1 1 1104 1184 1215 1073 1105 1185 1216 1074
1216 5 2 1 1 1105 1185 1216 1074 64 1106 1107 63
1217 5 2 1 1 35 190 191 34 1044 1186 1217 1013
1218 5 2 1 1 1044 1186 1217 1013 1045 1187 1218 1014
1219 5 2 1 1 1045 1187 1218 1014 1046 1188 1219 1015
1220 5 2 1 1 1046 1188 1219 1015 1047 1189 1220 1016
1221 5 2 1 1 1047 1189 1220 1016 1048 1190 1221 1017
1222 5 2 1 1 1048 1190 1221 1017 1049 1191 1222 1018
1223 5 2 1 1 1049 1191 1222 1018 1050 1192 1223 1019
1224 5 2 1 1 1050 1192 1223 1019 1051 1193 1224 1020
1225 5 2 1 1 1051 1193 1224 1020 1052 1194 1225 1021
1226 5 2 1 1 1052 1194 1225 1021 1053 1195 1226 1022
1227 5 2 1 1 1053 1195 1226 1022 1054 1196 1227 1023
1228 5 2 1 1 1054 1196 1227 1023 1055 1197 1228 1024
1229 5 2 1 1 1055 1197 1228 1024 1056 1198 1229 1025
1230 5 2 1 1 1056 1198 1229 1025 1057 1199 1230 1026
1231 5 2 1 1 1057 1199 1230 1026 1058 1200 1231 1027
1232 5 2 1 1 1058 1200 1231 1027 1059 1201 1232 1028
1233 5 2 1 1 1059 1201 1232 1028 1060 1202 1233 1029
1234 5 2 1 1 1060 1202 1233 1029 1061 1203 1234 1030
1235 5 2 1 1 1061 1203 1234 1030 1062 1204 1235 1031
1236 5 2 1 1 1062 1204 1235 1031 1063 1205 1236 1032
1237 5 2 1 1 1063 1205 1236 1032 1064 1206 1237 1033
1238 5 2 1 1 1064 1206 1237 1033 1065 1207 1238 1034
1239 5 2 1 1 1065 1207 1238 1034 1066 1208 1239 1035
1240 5 2 1 1 1066 1208 1239 1035 1067 1209 1240 1036
1241 5 2 1 1 1067 1209 1240 1036 1068 1210 1241 1037
1242 5 2 1 1 1068 1210 1241 1037 1069 1211 1242 1038
1243 5 2 1 1 1069 1211 1242 1038 1070 1212 1243 1039
1244 5 2 1 1 1070 1212 1243 1039 1071 1213 1244 1040
1245 5 2 1 1 1071 1213 1244 1040 1072 1214 1245 1041
1246 5 2 1 1 1072 1214 1245 1041 1073 1215 1246 1042
1247 5 2 1 1 1073 1215 1246 1042 1074 1216 1247 1043
1248 5 2 1 1 1074 1216 1247 1043 63 1107 1108 62
1249 5 2 1 1 34 191 192 33 1013 1217 1248 982
1250 5 2 1 1 1013 1217 1248 982 1014 1218 1249 983
1251 5 2 1 1 1014 1218 1249 983 1015 1219 1250 984
1252 5 2 1 1 1015 1219 1250 984 1016 1220 1251 985
1253 5 2 1 1 1016 1220 1251 985 1017 1221 1252 986
1254 5 2 1 1 1017 1221 1252 986 1018 1222 1253 987
1255 5 2 1 1 1018 1222 1253 987 1019 1223 1254 988
1256 5 2 1 1 1019 1223 1254 988 1020 1224 1255 989
1257 5 2 1 1 1020 1224 1255 989 1021 1225 1256 990
1258 5 2 1 1 1021 1225 1256 990 1022 1226 1257 991
1259 5 2 1 1 1022 1226 1257 991 1023 1227 1258 992
1260 5 2 1 1 1023 1227 1258 992 1024 1228 1259 993
1261 5 2 1 1 1024 1228 1259 993 1025 1229 1260 994
1262 5 2 1 1 1025 1229 1260 994 1026 1230 1261 995
1263 5 2 1 1 1026 1230 1261 995 1027 1231 1262 996
1264 5 2 1 1 1027 1231 1262 996 1028 1232 1263 997
1265 5 2 1 1 1028 1232 1263 997 1029 1233 1264 998
1266 5 2 1 1 1029 1233 1264 998 1030 1234 1265 999
1267 5 2 1 1 1030 1234 1265 999 1031 1235 1266 1000
1268 5 2 1 1 1031 1235 1266 1000 1032 1236 1267 1001
1269 5 2 1 1 1032 1236 1267 1001 1033 1237 1268 1002
1270 5 2 1 1 1033 1237 1268 1002 1034 1238 1269 1003
1271 5 2 1 1 1034 1238 1269 1003 1035 1239 1270 1004
1272 5 2 1 1 1035 1239 1270 1004 1036 1240 1271 1005
1273 5 2 1 1 1036 1240 1271 1005 1037 1241 1272 1006
1274 5 2 1 1 1037 1241 1272 1006 1038 1242 1273 1007
1275 5 2 1 1 1038 1242 1273 1007 1039 1243 1274 1008
1276 5 2 1 1 1039 1243 1274 1008 1040 1244 1275 1009
1277 5 2 1 1 1040 1244 1275 1009 1041 1245 1276 1010
1278 5 2 1 1 1041 1245 1276 1010 1042 1246 1277 1011
1279 5 2 1 1 1042 1246 1277 1011 1043 1247 1278 1012
1280 5 2 1 1 1043 1247 1278 1012 62 1108 1109 61
1281 5 2 1 1 33 192 193 32 982 1248 1279 951
1282 5 2 1 1 982 1248 1279 951 983 1249 1280 952
1283 5 2 1 1 983 1249 1280 952 984 1250 1281 953
1284 5 2 1 1 984 1250 1281 953 985 1251 1282 954
1285 5 2 1 1 985 1251 1282 954 986 1252 1283 955
1286 5 2 1 1 986 1252 1283 955 987 1253 1284 956
1287 5 2 1 1 987 1253 1284 956 988 1254 1285 957
1288 5 2 1 1 988 1254 1285 957 989 1255 1286 958
1289 5 2 1 1 989 1255 1286 958 990 1256 1287 959
1290 5 2 1 1 990 1256 1287 959 991 1257 1288 960
1291 5 2 1 1 991 1257 1288 960 992 1258 1289 961
1292 5 2 1 1 992 1258 1289 961 993 1259 1290 962
1293 5 2 1 1 993 1259 1290 962 994 1260 1291 963
1294 5 2 1 1 994 1260 1291 963 995 1261 1292 964
1295 5 2 1 1 995 1261 1292 964 996 1262 1293 965
1296 5 2 1 1 996 1262 1293 965 997 1263 1294 966
1297 5 2 1 1 997 1263 1294 966 998 1264 1295 967
1298 5 2 1 1 998 1264 1295 967 999 1265 1296 968
1299 5 2 1 1 999 1265 1296 968 1000 1266 1297 969
1300 5 2 1 1 1000 1266 1297 969 1001 1267 1298 970
1301 5 2 1 1 1001 1267 1298 970 1002 1268 1299 971
1302 5 2 1 1 1002 1268 1299 971 1003 1269 1300 972
1303 5 2 1 1 1003 1269 1300 972 1004 1270 1301 973
1304 5 2 1 1 1004 1270 1301 973 1005 1271 1302 974
1305 5 2 1 1 1005 1271 1302 974 1006 1272 1303 975
1306 5 2 1 1 1006 1272 1303 975 1007 1273 1304 976
1307 5 2 1 1 1007 1273 1304 976 1008 1274 1305 977
1308 5 2 1 1 1008 1274 1305 977 1009 1275 1306 978
1309 5 2 1 1 1009 1275 1306 978 1010 1276 1307 979
1310 5 2 1 1 1010 1276 1307 979 1011 1277 1308 980
1311 5 2 1 1 1011 1277 1308 980 1012 1278 1309 981
1312 5 2 1 1 1012 1278 1309 981 61 1109 1110 60
1313 5 2 1 1 32 193 194 31 951 1279 1310 920
1314 5 2 1 1 951 1279 1310 920 952 1280 1311 921
1315 5 2 1 1 952 1280 1311 921 953 1281 1312 922
1316 5 2 1 1 953 1281 1312 922 954 1282 1313 923
1317 5 2 1 1 954 1282 1313 923 955 1283 1314 924
1318 5 2 1 1 955 1283 1314 924 956 1284 1315 925
1319 5 2 1 1 956 1284 1315 925 957 1285 1316 926
1320 5 2 1 1 957 1285 1316 926 958 1286 1317 927
1321 5 2 1 1 958 1286 1317 927 959 1287 1318 928
1322 5 2 1 1 959 1287 1318 928 960 1288 1319 929
1323 5 2 1 1 960 1288 1319 929 961 1289 1320 930
1324 5 2 1 1 961 1289 1320 930 962 1290 1321 931
1325 5 2 1 1 962 1290 1321 931 963 1291 1322 932
1326 5 2 1 1 963 1291 1322 932 964 1292 1323 933
1327 5 2 1 1 964 1292 1323 933 965 1293 1324 934
1328 5 2 1 1 965 1293 1324 934 966 1294 1325 935
1329 5 2 1 1 966 1294 1325 935 967 1295 1326 936
1330 5 2 1 1 967 1295 1326 936 968 1296 1327 937
1331 5 2 1 1 968 1296 1327 937 969 1297 1328 938
1332 5 2 1 1 969 1297 1328 938 970 1298 1329 939
1333 5 2 1 1 970 1298 1329 939 971 1299 1330 940
1334 5 2 1 1 971 1299 1330 940 972 1300 1331 941
1335 5 2 1 1 972 1300 1331 941 973 1301 1332 942
1336 5 2 1 1 973 1301 1332 942 974 1302 1333 943
1337 5 2 1 1 974 1302 1333 943 975 1303 1334 944
1338 5 2 1 1 975 1303 1334 944 976 1304 1335 945
1339 5 2 1 1 976 1304 1335 945 977 1305 1336 946
1340 5 2 1 1 977 1305 1336 946 978 1306 1337 947
1341 5 2 1 1 978 1306 1337 947 979 1307 1338 948
1342 5 2 1 1 979 1307 1338 948 980 1308 1339 949
1343 5 2 1 1 980 1308 1339 949 981 1309 1340 950
1344 5 2 1 1 981 1309 1340 950 60 1110 1111 59
1345 5 2 1 1 31 194 195 30 920 1310 1341 889
1346 5 2 1 1 920 1310 1341 889 921 1311 1342 890
1347 5 2 1 1 921 1311 1342 890 922 1312 1343 891
1348 5 2 1 1 922 1312 1343 891 923 1313 1344 892
1349 5 2 1 1 923 1313 1344 892 924 1314 1345 893
1350 5 2 1 1 924 1314 1345 893 925 1315 1346 894
1351 5 2 1 1 925 1315 1346 894 926 1316 1347 895
1352 5 2 1 1 926 1316 1347 895 927 1317 1348 896
1353 5 2 1 1 927 1317 1348 896 928 1318 1349 897
1354 5 2 1 1 928 1318 1349 897 929 1319 1350 898
1355 5 2 1 1 929 1319 1350 898 930 1320 1351 899
1356 5 2 1 1 930 1320 1351 899 931 1321 1352 900
1357 5 2 1 1 931 1321 1352 900 932 1322 1353 901
1358 5 2 1 1 932 1322 1353 901 933 1323 1354 902
1359 5 2 1 1 933 1323 1354 902 934 1324 1355 903
1360 5 2 1 1 934 1324 1355 903 935 1325 1356 904
1361 5 2 1 1 935 1325 1356 904 936 1326 1357 905
1362 5 2 1 1 936 1326 1357 905 937 1327 1358 906
1363 5 2 1 1 937 1327 1358 906 938 1328 1359 907
1364 5 2 1 1 938 1328 1359 907 939 1329 1360 908
1365 5 2 1 1 939 1329 1360 908 940 1330 1361 909
1366 5 2 1 1 940 1330 1361 909 941 1331 1362 910
1367 5 2 1 1 941 1331 1362 910 942 1332 1363 911
1368 5 2 1 1 942 1332 1363 911 943 1333 1364 912
1369 5 2 1 1 943 1333 1364 912 944 1334 1365 913
1370 5 2 1 1 944 1334 1365 913 945 1335 1366 914
1371 5 2 1 1 945 1335 1366 914 946 1336 1367 915
1372 5 2 1 1 946 1336 1367 915 947 1337 1368 916
1373 5 2 1 1 947 1337 1368 916 948 1338 1369 917
1374 5 2 1 1 948 1338 1369 917 949 1339 1370 918
1375 5 2 1 1 949 1339 1370 918 950 1340 1371 919
1376 5 2 1 1 950 1340 1371 919 59 1111 1112 58
1377 5 2 1 1 30 195 29 4 889 1341 858 158
1378 5 2 1 1 889 1341 858 158 890 1342 859 159
1379 5 2 1 1 890 1342 859 159 891 1343 860 160
1380 5 2 1 1 891 1343 860 160 892 1344 861 161
1381 5 2 1 1 892 1344 861 161 893 1345 862 162
1382 5 2 1 1 893 1345 862 162 894 1346 863 163
1383 5 2 1 1 894 1346 863 163 895 1347 864 164
1384 5 2 1 1 895 1347 864 164 896 1348 865 165
1385 5 2 1 1 896 1348 865 165 897 1349 866 166
1386 5 2 1 1 897 1349 866 166 898 1350 867 167
1387 5 2 1 1 898 1350 867 167 899 1351 868 168
1388 5 2 1 1 899 1351 868 168 900 1352 869 169
1389 5 2 1 1 900 1352 869 169 901 1353 870 170
1390 5 2 1 1 901 1353 870 170 902 1354 871 171
1391 5 2 1 1 902 1354 871 171 903 1355 872 172
1392 5 2 1 1 903 1355 872 172 904 1356 873 173
1393 5 2 1 1 904 1356 873 173 905 1357 874 174
1394 5 2 1 1 905 1357 874 174 906 1358 875 175
1395 5 2 1 1 906 1358 875 175 907 1359 876 176
1396 5 2 1 1 907 1359 876 176 908 1360 877 177
1397 5 2 1 1 908 1360 877 177 909 1361 878 178
1398 5 2 1 1 909 1361 878 178 910 1362 879 179
1399 5 2 1 1 910 1362 879 179 911 1363 880 180
1400 5 2 1 1 911 1363 880 180 912 1364 881 181
1401 5 2 1 1 912 1364 881 181 913 1365 882 182
1402 5 2 1 1 913 1365 882 182 914 1366 883 183
1403 5 2 1 1 914 1366 883 183 915 1367 884 184
1404 5 2 1 1 915 1367 884 184 916 1368 885 185
1405 5 2 1 1 916 1368 885 185 917 1369 886 186
1406 5 2 1 1 917 1369 886 186 918 1370 887 187
1407 5 2 1 1 918 1370 887 187 919 1371 888 188
1408 5 2 1 1 919 1371 888 188 58 1112 57 8
1409 5 2 1 1 9 10 196 189 238 269 1372 1155
1410 5 2 1 1 238 269 1372 1155 239 270 1373 1156
1411 5 2 1 1 239 270 1373 1156 240 271 1374 1157
1412 5 2 1 1 240 271 1374 1157 241 272 1375 1158
1413 5 2 1 1 241 272 1375 1158 242 273 1376 1159
1414 5 2 1 1 242 273 1376 1159 243 274 1377 1160
1415 5 2 1 1 243 274 1377 1160 244 275 1378 1161
1416 5 2 1 1 244 275 1378 1161 245 276 1379 1162
1417 5 2 1 1 245 276 1379 1162 246 277 1380 1163
1418 5 2 1 1 246 277 1380 1163 247 278 1381 1164
1419 5 2 1 1 247 278 1381 1164 248 279 1382 1165
1420 5 2 1 1 248 279 1382 1165 249 280 1383 1166
1421 5 2 1 1 249 280 1383 1166 250 281 1384 1167
1422 5 2 1 1 250 281 1384 1167 251 282 1385 1168
1423 5 2 1 1 251 282 1385 1168 252 283 1386 1169
1424 5 2 1 1 252 283 1386 1169 253 284 1387 1170
1425 5 2 1 1 253 284 1387 1170 254 285 1388 1171
1426 5 2 1 1 254 285 1388 1171 255 286 1389 1172
1427 5 2 1 1 255 286 1389 1172 256 287 1390 1173
1428 5 2 1 1 256 287 1390 1173 257 288 1391 1174
1429 5 2 1 1 257 288 1391 1174 258 289 1392 1175
1430 5 2 1 1 258 289 1392 1175 259 290 1393 1176
1431 5 2 1 1 259 290 1393 1176 260 291 1394 1177
1432 5 2 1 1 260 291 1394 1177 261 292 1395 1178
1433 5 2 1 1 261 292 1395 1178 262 293 1396 1179
1434 5 2 1 1 262 293 1396 1179 263 294 1397 1180
1435 5 2 1 1 263 294 1397 1180 264 295 1398 1181
1436 5 2 1 1 264 295 1398 1181 265 296 1399 1182
1437 5 2 1 1 265 296 1399 1182 266 297 1400 1183
1438 5 2 1 1 266 297 1400 1183 267 298 1401 1184
1439 5 2 1 1 267 298 1401 1184 268 299 1402 1185
1440 5 2 1 1 268 299 1402 1185 37 38 1113 1106
1441 5 2 1 1 189 196 197 190 1155 1372 1403 1186
1442 5 2 1 1 1155 1372 1403 1186 1156 1373 1404 1187
1443 5 2 1 1 1156 1373 1404 1187 1157 1374 1405 1188
1444 5 2 1 1 1157 1374 1405 1188 1158 1375 1406 1189
1445 5 2 1 1 1158 1375 1406 1189 1159 1376 1407 1190
1446 5 2 1 1 1159 1376 1407 1190 1160 1377 1408 1191
1447 5 2 1 1 1160 1377 1408 1191 1161 1378 1409 1192
1448 5 2 1 1 1161 1378 1409 1192 1162 1379 1410 1193
1449 5 2 1 1 1162 1379 1410 1193 1163 1380 1411 1194
1450 5 2 1 1 1163 1380 1411 1194 1164 1381 1412 1195
1451 5 2 1 1 1164 1381 1412 1195 1165 1382 1413 1196
1452 5 2 1 1 1165 1382 1413 1196 1166 1383 1414 1197
1453 5 2 1 1 1166 1383 1414 1197 1167 1384 1415 1198
1454 5 2 1 1 1167 1384 1415 1198 1168 1385 1416 1199
1455 5 2 1 1 1168 1385 1416 1199 1169 1386 1417 1200
1456 5 2 1 1 1169 1386 1417 1200 1170 1387 1418 1201
1457 5 2 1 1 1170 1387 1418 1201 1171 1388 1419 1202
1458 5 2 1 1 1171 1388 1419 1202 1172 1389 1420 1203
1459 5 2 1 1 1172 1389 1420 1203 1173 1390 1421 1204
1460 5 2 1 1 1173 1390 1421 1204 1174 1391 1422 1205
1461 5 2 1 1 1174 1391 1422 1205 1175 1392 1423 1206
1462 5 2 1 1 1175 1392 1423 1206 1176 1393 1424 1207
1463 5 2 1 1 1176 1393 1424 1207 1177 1394 1425 1208
1464 5 2 1 1 1177 1394 1425 1208 1178 1395 1426 1209
1465 5 2 1 1 1178 1395 1426 1209 1179 1396 1427 1210
1466 5 2 1 1 1179 1396 1427 1210 1180 1397 1428 1211
1467 5 2 1 1 1180 1397 1428 1211 1181 1398 1429 1212
1468 5 2 1 1 1181 1398 1429 1212 1182 1399 1430 1213
1469 5 2 1 1 1182 1399 1430 1213 1183 1400 1431 1214
1470 5 2 1 1 1183 1400 1431 1214 1184 1401 1432 1215
1471 5 2 1 1 1184 1401 1432 1215 1185 1402 1433 1216
1472 5 2 1 1 1185 1402 1433 1216 1106 1113 1114 1107
1473 5 2 1 1 190 197 198 191 1186 1403 1434 1217
1474 5 2 1 1 1186 1403 1434 1217 1187 1404 1435 1218
1475 5 2 1 1 1187 1404 1435 1218 1188 1405 1436 1219
1476 5 2 1 1 1188 1405 1436 1219 1189 1406 1437 1220
1477 5 2 1 1 1189 1406 1437 1220 1190 1407 1438 1221
1478 5 2 1 1 1190 1407 1438 1221 1191 1408 1439 1222
1479 5 2 1 1 1191 1408 1439 1222 1192 1409 1440 1223
1480 5 2 1 1 1192 1409 1440 1223 1193 1410 1441 1224
1481 5 2 1 1 1193 1410 1441 1224 1194 1411 1442 1225
1482 5 2 1 1 1194 1411 1442 1225 1195 1412 1443 1226
1483 5 2 1 1 1195 1412 1443 1226 1196 1413 1444 1227
1484 5 2 1 1 1196 1413 1444 1227 1197 1414 1445 1228
1485 5 2 1 1 1197 1414 1445 1228 1198 1415 1446 1229
1486 5 2 1 1 1198 1415 1446 1229 1199 1416 1447 1230
1487 5 2 1 1 1199 1416 1447 1230 1200 1417 1448 1231
1488 5 2 1 1 1200 1417 1448 1231 1201 1418 1449 1232
1489 5 2 1 1 1201 1418 1449 1232 1202 1419 1450 1233
1490 5 2 1 1 1202 1419 1450 1233 1203 1420 1451 1234
1491 5 2 1 1 1203 1420 1451 1234 1204 1421 1452 1235
1492 5 2 1 1 1204 1421 1452 1235 1205 1422 1453 1236
1493 5 2 1 1 1205 1422 1453 1236 1206 1423 1454 1237
1494 5 2 1 1 1206 1423 1454 1237 1207 1424 1455 1238
1495 5 2 1 1 1207 1424 1455 1238 1208 1425 1456 1239
1496 5 2 1 1 1208 1425 1456 1239 1209 1426 1457 1240
1497 5 2 1 1 1209 1426 1457 1240 1210 1427 1458 1241
1498 5 2 1 1 1210 1427 1458 1241 1211 1428 1459 1242
1499 5 2 1 1 1211 1428 1459 1242 1212 1429 1460 1243
1500 5 2 1 1 1212 1429 1460 1243 1213 1430 1461 1244
1501 5 2 1 1 1213 1430 1461 1244 1214 1431 1462 1245
1502 5 2 1 1 1214 1431 1462 1245 1215 1432 1463 1246
1503 5 2 1 1 1215 1432 1463 1246 1216 1433 1464 1247
1504 5 2 1 1 1216 1433 1464 1247 1107 1114 1115 1108
1505 5 2 1 1 191 198 199 192 1217 1434 1465 1248
1506 5 2 1 1 1217 1434 1465 1248 1218 1435 1466 1249
1507 5 2 1 1 1218 1435 1466 1249 1219 1436 1467 1250
1508 5 2 1 1 1219 1436 1467 1250 1220 1437 1468 1251
1509 5 2 1 1 1220 1437 1468 1251 1221 1438 1469 1252
1510 5 2 1 1 1221 1438 1469 1252 1222 1439 1470 1253
1511 5 2 1 1 1222 1439 1470 1253 1223 1440 1471 1254
1512 5 2 1 1 1223 1440 1471 1254 1224 1441 1472 1255
1513 5 2 1 1 1224 1441 1472 1255 1225 1442 1473 1256
1514 5 2 1 1 1225 1442 1473 1256 1226 1443 1474 1257
1515 5 2 1 1 1226 1443 1474 1257 1227 1444 1475 1258
1516 5 2 1 1 1227 1444 1475 1258 1228 1445 1476 1259
1517 5 2 1 1 1228 1445 1476 1259 1229 1446 1477 1260
1518 5 2 1 1 1229 1446 1477 1260 1230 1447 1478 1261
1519 5 2 1 1 1230 1447 1478 1261 1231 1448 1479 1262
1520 5 2 1 1 1231 1448 1479 1262 1232 1449 1480 1263
1521 5 2 1 1 1232 1449 1480 1263 1233 1450 1481 1264
1522 5 2 1 1 1233 1450 1481 1264 1234 1451 1482 1265
1523 5 2 1 1 1234 1451 1482 1265 1235 1452 1483 1266
1524 5 2 1 1 1235 1452 1483 1266 1236 1453 1484 1267
1525 5 2 1 1 1236 1453 1484 1267 1237 1454 1485 1268
1526 5 2 1 1 1237 1454 1485 1268 1238 1455 1486 1269
1527 5 2 1 1 1238 1455 1486 1269 1239 1456 1487 1270
1528 5 2 1 1 1239 1456 1487 1270 1240 1457 1488 1271
1529 5 2 1 1 1240 1457 1488 1271 1241 1458 1489 1272
1530 5 2 1 1 1241 1458 1489 1272 1242 1459 1490 1273
1531 5 2 1 1 1242 1459 1490 1273 1243 1460 1491 1274
1532 5 2 1 1 1243 1460 1491 1274 1244 1461 1492 1275
1533 5 2 1 1 1244 1461 1492 1275 1245 1462 1493 1276
1534 5 2 1 1 1245 1462 1493 1276 1246 1463 1494 1277
1535 5 2 1 1 1246 1463 1494 1277 1247 1464 1495 1278
1536 5 2 1 1 1247 1464 1495 1278 1108 1115 1116 1109
1537 5 2 1 1 192 199 200 193 1248 1465 1496 1279
1538 5 2 1 1 1248 1465 1496 1279 1249 1466 1497 1280
1539 5 2 1 1 1249 1466 1497 1280 1250 1467 1498 1281
1540 5 2 1 1 1250 1467 1498 1281 1251 1468 1499 1282
1541 5 2 1 1 1251 1468 1499 1282 1252 1469 1500 1283
1542 5 2 1 1 1252 1469 1500 1283 1253 1470 1501 1284
1543 5 2 1 1 1253 1470 1501 1284 1254 1471 1502 1285
1544 5 2 1 1 1254 1471 1502 1285 1255 1472 1503 1286
1545 5 2 1 1 1255 1472 1503 1286 1256 1473 1504 1287
1546 5 2 1 1 1256 1473 1504 1287 1257 1474 1505 1288
1547 5 2 1 1 1257 1474 1505 1288 1258 1475 1506 1289
1548 5 2 1 1 1258 1475 1506 1289 1259 1476 1507 1290
1549 5 2 1 1 1259 1476 1507 1290 1260 1477 1508 1291
1550 5 2 1 1 1260 1477 1508 1291 1261 1478 1509 1292
1551 5 2 1 1 1261 1478 1509 1292 1262 1479 1510 1293
1552 5 2 1 1 1262 1479 1510 1293 1263 1480 1511 1294
1553 5 2 1 1 1263 1480 1511 1294 1264 1481 1512 1295
1554 5 2 1 1 1264 1481 1512 1295 1265 1482 1513 1296
1555 5 2 1 1 1265 1482 1513 1296 1266 1483 1514 1297
1556 5 2 1 1 1266 1483 1514 1297 1267 1484 1515 1298
1557 5 2 1 1 1267 1484 1515 1298 1268 1485 1516 1299
1558 5 2 1 1 1268 1485 1516 1299 1269 1486 1517 1300
1559 5 2 1 1 1269 1486 1517 1300 1270 1487 1518 1301
1560 5 2 1 1 1270 1487 1518 1301 1271 1488 1519 1302
1561 5 2 1 1 1271 1488 1519 1302 1272 1489 1520 1303
1562 5 2 1 1 1272 1489 1520 1303 1273 1490 1521 1304
1563 5 2 1 1 1273 1490 1521 1304 1274 1491 1522 1305
1564 5 2 1 1 1274 1491 1522 1305 1275 1492 1523 1306
1565 5 2 1 1 1275 1492 1523 1306 1276 1493 1524 1307
1566 5 2 1 1 1276 1493 1524 1307 1277 1494 1525 1308
1567 5 2 1 1 1277 1494 1525 1308 1278 1495 1526 1309
1568 5 2 1 1 1278 1495 1526 1309 1109 1116 1117 1110
1569 5 2 1 1 193 200 201 194 1279 1496 1527 1310
1570 5 2 1 1 1279 1496 1527 1310 1280 1497 1528 1311
1571 5 2 1 1 1280 1497 1528 1311 1281 1498 1529 1312
1572 5 2 1 1 1281 1498 1529 1312 1282 1499 1530 1313
1573 5 2 1 1 1282 1499 1530 1313 1283 1500 1531 1314
1574 5 2 1 1 1283 1500 1531 1314 1284 1501 1532 1315
1575 5 2 1 1 1284 1501 1532 1315 1285 1502 1533 1316
1576 5 2 1 1 1285 1502 1533 1316 1286 1503 1534 1317
1577 5 2 1 1 1286 1503 1534 1317 1287 1504 1535 1318
1578 5 2 1 1 1287 1504 1535 1318 1288 1505 1536 1319
1579 5 2 1 1 1288 1505 1536 1319 1289 1506 1537 1320
1580 5 2 1 1 1289 1506 1537 1320 1290 1507 1538 1321
1581 5 2 1 1 1290 1507 1538 1321 1291 1508 1539 1322
1582 5 2 1 1 1291 1508 1539 1322 1292 1509 1540 1323
1583 5 2 1 1 1292 1509 1540 1323 1293 1510 1541 1324
1584 5 2 1 1 1293 1510 1541 1324 1294 1511 1542 1325
1585 5 2 1 1 1294 1511 1542 1325 1295 1512 1543 1326
1586 5 2 1 1 1295 1512 1543 1326 1296 1513 1544 1327
1587 5 2 1 1 1296 1513 1544 1327 1297 1514 1545 1328
1588 5 2 1 1 1297 1514 1545 1328 1298 1515 1546 1329
1589 5 2 1 1 1298 1515 1546 1329 1299 1516 1547 1330
1590 5 2 1 1 1299 1516 1547 1330 1300 1517 1548 1331
1591 5 2 1 1 1300 1517 1548 1331 1301 1518 1549 1332
1592 5 2 1 1 1301 1518 1549 1332 1302 1519 1550 1333
1593 5 2 1 1 1302 1519 1550 1333 1303 1520 1551 1334
1594 5 2 1 1 1303 1520 1551 1334 1304 1521 1552 1335
1595 5 2 1 1 1304 1521 1552 1335 1305 1522 1553 1336
1596 5 2 1 1 1305 1522 1553 1336 1306 1523 1554 1337
1597 5 2 1 1 1306 1523 1554 1337 1307 1524 1555 1338
1598 5 2 1 1 1307 1524 1555 1338 1308 1525 1556 1339
1599 5 2 1 1 1308 1525 1556 1339 1309 1526 1557 1340
1600 5 2 1 1 1309 1526 1557 1340 1110 1117 1118 1111
1601 5 2 1 1 194 201 202 195 1310 1527 1558 1341
1602 5 2 1 1 1310 1527 1558 1341 1311 1528 1559 1342
1603 5 2 1 1 1311 1528 1559 1342 1312 1529 1560 1343
1604 5 2 1 1 1312 1529 1560 1343 1313 1530 1561 1344
1605 5 2 1 1 1313 1530 1561 1344 1314 1531 1562 1345
1606 5 2 1 1 1314 1531 1562 1345 1315 1532 1563 1346
1607 5 2 1 1 1315 1532 1563 1346 1316 1533 1564 1347
1608 5 2 1 1 1316 1533 1564 1347 1317 1534 1565 1348
1609 5 2 1 1 1317 1534 1565 1348 1318 1535 1566 1349
1610 5 2 1 1 1318 1535 1566 1349 1319 1536 1567 1350
1611 5 2 1 1 1319 1536 1567 1350 1320 1537 1568 1351
1612 5 2 1 1 1320 1537 1568 1351 1321 1538 1569 1352
1613 5 2 1 1 1321 1538 1569 1352 1322 1539 1570 1353
1614 5 2 1 1 1322 1539 1570 1353 1323 1540 1571 1354
1615 5 2 1 1 1323 1540 1571 1354 1324 1541 1572 1355
1616 5 2 1 1 1324 1541 1572 1355 1325 1542 1573 1356
1617 5 2 1 1 1325 1542 1573 1356 1326 1543 1574 1357
1618 5 2 1 1 1326 1543 1574 1357 1327 1544 1575 1358
1619 5 2 1 1 1327 1544 1575 1358 1328 1545 1576 1359
1620 5 2 1 1 1328 1545 1576 1359 1329 1546 1577 1360
1621 5 2 1 1 1329 1546 1577 1360 1330 1547 1578 1361
1622 5 2 1 1 1330 1547 1578 1361 1331 1548 1579 1362
1623 5 2 1 1 1331 1548 1579 1362 1332 1549 1580 1363
1624 5 2 1 1 1332 1549 1580 1363 1333 1550 1581 1364
1625 5 2 1 1 1333 1550 1581 1364 1334 1551 1582 1365
1626 5 2 1 1 1334 1551 1582 1365 1335 1552 1583 1366
1627 5 2 1 1 1335 1552 1583 1366 1336 1553 1584 1367
1628 5 2 1 1 1336 1553 1584 1367 1337 1554 1585 1368
1629 5 2 1 1 1337 1554 1585 1368 1338 1555 1586 1369
1630 5 2 1 1 1338 1555 1586 1369 1339 1556 1587 1370
1631 5 2 1 1 1339 1556 1587 1370 1340 1557 1588 1371
1632 5 2 1 1 1340 1557 1588 1371 1111 1118 1119 1112
1633 5 2 1 1 195 202 28 29 1341 1558 827 858
1634 5 2 1 1 1341 1558 827 858 1342 1559 828 859
1635 5 2 1 1 1342 1559 828 859 1343 1560 829 860
1636 5 2 1 1 1343 1560 829 860 1344 1561 830 861
1637 5 2 1 1 1344 1561 830 861 1345 1562 831 862
1638 5 2 1 1 1345 1562 831 862 1346 1563 832 863
1639 5 2 1 1 1346 1563 832 863 1347 1564 833 864
1640 5 2 1 1 1347 1564 833 864 1348 1565 834 865
1641 5 2 1 1 1348 1565 834 865 1349 1566 835 866
1642 5 2 1 1 1349 1566 835 866 1350 1567 836 867
1643 5 2 1 1 1350 1567 836 867 1351 1568 837 868
1644 5 2 1 1 1351 1568 837 868 1352 1569 838 869
1645 5 2 1 1 1352 1569 838 869 1353 1570 839 870
1646 5 2 1 1 1353 1570 839 870 1354 1571 840 871
1647 5 2 1 1 1354 1571 840 871 1355 1572 841 872
1648 5 2 1 1 1355 1572 841 872 1356 1573 842 873
1649 5 2 1 1 1356 1573 842 873 1357 1574 843 874
1650 5 2 1 1 1357 1574 843 874 1358 1575 844 875
1651 5 2 1 1 1358 1575 844 875 1359 1576 845 876
1652 5 2 1 1 1359 1576 845 876 1360 1577 846 877
1653 5 2 1 1 1360 1577 846 877 1361 1578 847 878
1654 5 2 1 1 1361 1578 847 878 1362 1579 848 879
1655 5 2 1 1 1362 1579 848 879 1363 1580 849 880
1656 5 2 1 1 1363 1580 849 880 1364 1581 850 881
1657 5 2 1 1 1364 1581 850 881 1365 1582 851 882
1658 5 2 1 1 1365 1582 851 882 1366 1583 852 883
1659 5 2 1 1 1366 1583 852 883 1367 1584 853 884
1660 5 2 1 1 1367 1584 853 884 1368 1585 854 885
1661 5 2 1 1 1368 1585 854 885 1369 1586 855 886
1662 5 2 1 1 1369 1586 855 886 1370 1587 856 887
1663 5 2 1 1 1370 1587 856 887 1371 1588 857 888
1664 5 2 1 1 1371 1588 857 888 1112 1119 56 57
1665 5 2 1 1 10 11 203 196 269 300 1589 1372
1666 5 2 1 1 269 300 1589 1372 270 301 1590 1373
1667 5 2 1 1 270 301 1590 1373 271 302 1591 1374
1668 5 2 1 1 271 302 1591 1374 272 303 1592 1375
1669 5 2 1 1 272 303 1592 1375 273 304 1593 1376
1670 5 2 1 1 273 304 1593 1376 274 305 1594 1377
1671 5 2 1 1 274 305 1594 1377 275 306 1595 1378
1672 5 2 1 1 275 306 1595 1378 276 307 1596 1379
1673 5 2 1 1 276 307 1596 1379 277 308 1597 1380
1674 5 2 1 1 277 308 1597 1380 278 309 1598 1381
1675 5 2 1 1 278 309 1598 1381 279 310 1599 1382
1676 5 2 1 1 279 310 1599 1382 280 311 1600 1383
1677 5 2 1 1 280 311 1600 1383 281 312 1601 1384
1678 5 2 1 1 281 312 1601 1384 282 313 1602 1385
1679 5 2 1 1 282 313 1602 1385 283 314 1603 1386
1680 5 2 1 1 283 314 1603 1386 284 315 1604 1387
1681 5 2 1 1 284 315 1604 1387 285 316 1605 1388
1682 5 2 1 1 285 316 1605 1388 286 317 1606 1389
1683 5 2 1 1 286 317 1606 1389 287 318 1607 1390
1684 5 2 1 1 287 318 1607 1390 288 319 1608 1391
1685 5 2 1 1 288 319 1608 1391 289 320 1609 1392
1686 5 2 1 1 289 320 1609 1392 290 321 1610 1393
1687 5 2 1 1 290 321 1610 1393 291 322 1611 1394
1688 5 2 1 1 291 322 1611 1394 292 323 1612 1395
1689 5 2 1 1 292 323 1612 1395 293 324 1613 1396
1690 5 2 1 1 293 324 1613 1396 294 325 1614 1397
1691 5 2 1 1 294 325 1614 1397 295 326 1615 1398
1692 5 2 1 1 295 326 1615 1398 296 327 1616 1399
1693 5 2 1 1 296 327 1616 1399 297 328 1617 1400
1694 5 2 1 1 297 328 1617 1400 298 329 1618 1401
1695 5 2 1 1 298 329 1618 1401 299 330 1619 1402
1696 5 2 1 1 299 330 1619 1402 38 39 1120 1113
1697 5 2 1 1 196 203 204 197 1372 1589 1620 1403
1698 5 2 1 1 1372 1589 1620 1403 1373 1590 1621 1404
1699 5 2 1 1 1373 1590 1621 1404 1374 1591 1622 1405
1700 5 2 1 1 1374 1591 1622 1405 1375 1592 1623 1406
1701 5 2 1 1 1375 1592 1623 1406 1376 1593 1624 1407
1702 5 2 1 1 1376 1593 1624 1407 1377 1594 1625 1408
1703 5 2 1 1 1377 1594 1625 1408 1378 1595 1626 1409
1704 5 2 1 1 1378 1595 1626 1409 1379 1596 1627 1410
1705 5 2 1 1 1379 1596 1627 1410 1380 1597 1628 1411
1706 5 2 1 1 1380 1597 1628 1411 1381 1598 1629 1412
1707 5 2 1 1 1381 1598 1629 1412 1382 1599 1630 1413
1708 5 2 1 1 1382 1599 1630 1413 1383 1600 1631 1414
1709 5 2 1 1 1383 1600 1631 1414 1384 1601 1632 1415
1710 5 2 1 1 1384 1601 1632 1415 1385 1602 1633 1416
1711 5 2 1 1 1385 1602 1633 1416 1386 1603 1634 1417
1712 5 2 1 1 1386 1603 1634 1417 1387 1604 1635 1418
1713 5 2 1 1 1387 1604 1635 1418 1388 1605 1636 1419
1714 5 2 1 1 1388 1605 1636 1419 1389 1606 1637 1420
1715 5 2 1 1 1389 1606 1637 1420 1390 1607 1638 1421
1716 5 2 1 1 1390 1607 1638 1421 1391 1608 1639 1422
1717 5 2 1 1 1391 1608 1639 1422 1392 1609 1640 1423
1718 5 2 1 1 1392 1609 1640 1423 1393 1610 1641 1424
1719 5 2 1 1 1393 1610 1641 1424 1394 1611 1642 1425
1720 5 2 1 1 1394 1611 1642 1425 1395 1612 1643 1426
1721 5 2 1 1 1395 1612 1643 1426 1396 1613 1644 1427
1722 5 2 1 1 1396 1613 1644 1427 1397 1614 1645 1428
1723 5 2 1 1 1397 1614 1645 1428 1398 1615 1646 1429
1724 5 2 1 1 1398 1615 1646 1429 1399 1616 1647 1430
1725 5 2 1 1 1399 1616 1647 1430 1400 1617 1648 1431
1726 5 2 1 1 1400 1617 1648 1431 1401 1618 1649 1432
1727 5 2 1 1 1401 1618 1649 1432 1402 1619 1650 1433
1728 5 2 1 1 1402 1619 1650 1433 1113 1120 1121 1114
1729 5 2 1 1 197 204 205 198 1403 1620 1651 1434
1730 5 2 1 1 1403 1620 1651 1434 1404 1621 1652 1435
1731 5 2 1 1 1404 1621 1652 1435 1405 1622 1653 1436
1732 5 2 1 1 1405 1622 1653 1436 1406 1623 1654 1437
1733 5 2 1 1 1406 1623 1654 1437 1407 1624 1655 1438
1734 5 2 1 1 1407 1624 1655 1438 1408 1625 1656 1439
1735 5 2 1 1 1408 1625 1656 1439 1409 1626 1657 1440
1736 5 2 1 1 1409 1626 1657 1440 1410 1627 1658 1441
1737 5 2 1 1 1410 1627 1658 1441 1411 1628 1659 1442
1738 5 2 1 1 1411 1628 1659 1442 1412 1629 1660 1443
1739 5 2 1 1 1412 1629 1660 1443 1413 1630 1661 1444
1740 5 2 1 1 1413 1630 1661 1444 1414 1631 1662 1445
1741 5 2 1 1 1414 1631 1662 1445 1415 1632 1663 1446
1742 5 2 1 1 1415 1632 1663 1446 1416 1633 1664 1447
1743 5 2 1 1 1416 1633 1664 1447 1417 1634 1665 1448
1744 5 2 1 1 1417 1634 1665 1448 1418 1635 1666 1449
1745 5 2 1 1 1418 1635 1666 1449 1419 1636 1667 1450
1746 5 2 1 1 1419 1636 1667 1450 1420 1637 1668 1451
1747 5 2 1 1 1420 1637 1668 1451 1421 1638 1669 1452
1748 5 2 1 1 1421 1638 1669 1452 1422 1639 1670 1453
1749 5 2 1 1 1422 1639 1670 1453 1423 1640 1671 1454
1750 5 2 1 1 1423 1640 1671 1454 1424 1641 1672 1455
1751 5 2 1 1 1424 1641 1672 1455 1425 1642 1673 1456
1752 5 2 1 1 1425 1642 1673 1456 1426 1643 1674 1457
1753 5 2 1 1 1426 1643 1674 1457 1427 1644 1675 1458
1754 5 2 1 1 1427 1644 1675 1458 1428 1645 1676 1459
1755 5 2 1 1 1428 1645 1676 1459 1429 1646 1677 1460
1756 5 2 1 1 1429 1646 1677 1460 1430 1647 1678 1461
1757 5 2 1 1 1430 1647 1678 1461 1431 1648 1679 1462
1758 5 2 1 1 1431 1648 1679 1462 1432 1649 1680 1463
1759 5 2 1 1 1432 1649 1680 1463 1433 1650 1681 1464
1760 5 2 1 1 1433 1650 1681 1464 1114 1121 1122 1115
1761 5 2 1 1 198 205 206 199 1434 1651 1682 1465
1762 5 2 1 1 1434 1651 1682 1465 1435 1652 1683 1466
1763 5 2 1 1 1435 1652 1683 1466 1436 1653 1684 1467
1764 5 2 1 1 1436 1653 1684 1467 1437 1654 1685 1468
1765 5 2 1 1 1437 1654 1685 1468 1438 1655 1686 1469
1766 5 2 1 1 1438 1655 1686 1469 1439 1656 1687 1470
1767 5 2 1 1 1439 1656 1687 1470 1440 1657 1688 1471
1768 5 2 1 1 1440 1657 1688 1471 1441 1658 1689 1472
1769 5 2 1 1 1441 1658 1689 1472 1442 1659 1690 1473
1770 5 2 1 1 1442 1659 1690 1473 1443 1660 1691 1474
1771 5 2 1 1 1443 1660 1691 1474 1444 1661 1692 1475
1772 5 2 1 1 1444 1661 1692 1475 1445 1662 1693 1476
1773 5 2 1 1 1445 1662 1693 1476 1446 1663 1694 1477
1774 5 2 1 1 1446 1663 1694 1477 1447 1664 1695 1478
1775 5 2 1 1 1447 1664 1695 1478 1448 1665 1696 1479
1776 5 2 1 1 1448 1665 1696 1479 1449 1666 1697 1480
1777 5 2 1 1 1449 1666 1697 1480 1450 1667 1698 1481
1778 5 2 1 1 1450 1667 1698 1481 1451 1668 1699 1482
1779 5 2 1 1 1451 1668 1699 1482 1452 1669 1700 1483
1780 5 2 1 1 1452 1669 1700 1483 1453 1670 1701 1484
1781 5 2 1 1 1453 1670 1701 1484 1454 1671 1702 1485
1782 5 2 1 1 1454 1671 1702 1485 1455 1672 1703 1486
1783 5 2 1 1 1455 1672 1703 1486 1456 1673 1704 1487
1784 5 2 1 1 1456 1673 1704 1487 1457 1674 1705 1488
1785 5 2 1 1 1457 1674 1705 1488 1458 1675 1706 1489
1786 5 2 1 1 1458 1675 1706 1489 1459 1676 1707 1490
1787 5 2 1 1 1459 1676 1707 1490 1460 1677 1708 1491
1788 5 2 1 1 1460 1677 1708 1491 1461 1678 1709 1492
1789 5 2 1 1 1461 1678 1709 1492 1462 1679 1710 1493
1790 5 2 1 1 1462 1679 1710 1493 1463 1680 1711 1494
1791 5 2 1 1 1463 1680 1711 1494 1464 1681 1712 1495
1792 5 2 1 1 1464 1681 1712 1495 1115 1122 1123 1116
1793 5 2 1 1 199 206 207 200 1465 1682 1713 1496
1794 5 2 1 1 1465 1682 1713 1496 1466 1683 1714 1497
1795 5 2 1 1 1466 1683 1714 1497 1467 1684 1715 1498
1796 5 2 1 1 1467 1684 1715 1498 1468 1685 1716 1499
1797 5 2 1 1 1468 1685 1716 1499 1469 1686 1717 1500
1798 5 2 1 1 1469 1686 1717 1500 1470 1687 1718 1501
1799 5 2 1 1 1470 1687 1718 1501 1471 1688 1719 1502
1800 5 2 1 1 1471 1688 1719 1502 1472 1689 1720 1503
1801 5 2 1 1 1472 1689 1720 1503 1473 1690 1721 1504
1802 5 2 1 1 1473 1690 1721 1504 1474 1691 1722 1505
1803 5 2 1 1 1474 1691 1722 1505 1475 1692 1723 1506
1804 5 2 1 1 1475 1692 1723 1506 1476 1693 1724 1507
1805 5 2 1 1 1476 1693 1724 1507 1477 1694 1725 1508
1806 5 2 1 1 1477 1694 1725 1508 1478 1695 1726 1509
1807 5 2 1 1 1478 1695 1726 1509 1479 1696 1727 1510
1808 5 2 1 1 1479 1696 1727 1510 1480 1697 1728 1511
1809 5 2 1 1 1480 1697 1728 1511 1481 1698 1729 1512
1810 5 2 1 1 1481 1698 1729 1512 1482 1699 1730 1513
1811 5 2 1 1 1482 1699 1730 1513 1483 1700 1731 1514
1812 5 2 1 1 1483 1700 1731 1514 1484 1701 1732 1515
1813 5 2 1 1 1484 1701 1732 1515 1485 1702 1733 1516
1814 5 2 1 1 1485 1702 1733 1516 1486 1703 1734 1517
1815 5 2 1 1 1486 1703 1734 1517 1487 1704 1735 1518
1816 5 2 1 1 1487 1704 1735 1518 1488 1705 1736 1519
1817 5 2 1 1 1488 1705 1736 1519 1489 1706 1737 1520
1818 5 2 1 1 1489 1706 1737 1520 1490 1707 1738 1521
1819 5 2 1 1 1490 1707 1738 1521 1491 1708 1739 1522
1820 5 2 1 1 1491 1708 1739 1522 1492 1709 1740 1523
1821 5 2 1 1 1492 1709 1740 1523 1493 1710 1741 1524
1822 5 2 1 1 1493 1710 1741 1524 1494 1711 1742 1525
1823 5 2 1 1 1494 1711 1742 1525 1495 1712 1743 1526
1824 5 2 1 1 1495 1712 1743 1526 1116 1123 1124 1117
1825 5 2 1 1 200 207 208 201 1496 1713 1744 1527
1826 5 2 1 1 1496 1713 1744 1527 1497 1714 1745 1528
1827 5 2 1 1 1497 1714 1745 1528 1498 1715 1746 1529
1828 5 2 1 1 1498 1715 1746 1529 1499 1716 1747 1530
1829 5 2 1 1 1499 1716 1747 1530 1500 1717 1748 1531
1830 5 2 1 1 1500 1717 1748 1531 1501 1718 1749 1532
1831 5 2 1 1 1501 1718 1749 1532 1502 1719 1750 1533
1832 5 2 1 1 1502 1719 1750 1533 1503 1720 1751 1534
1833 5 2 1 1 1503 1720 1751 1534 1504 1721 1752 1535
1834 5 2 1 1 1504 1721 1752 1535 1505 1722 1753 1536
1835 5 2 1 1 1505 1722 1753 1536 1506 1723 1754 1537
1836 5 2 1 1 1506 1723 1754 1537 1507 1724 1755 1538
1837 5 2 1 1 1507 1724 1755 1538 1508 1725 1756 1539
1838 5 2 1 1 1508 1725 1756 1539 1509 1726 1757 1540
1839 5 2 1 1 1509 1726 1757 1540 1510 1727 1758 1541
1840 5 2 1 1 1510 1727 1758 1541 1511 1728 1759 1542
1841 5 2 1 1 1511 1728 1759 1542 1512 1729 1760 1543
1842 5 2 1 1 1512 1729 1760 1543 1513 1730 1761 1544
1843 5 2 1 1 1513 1730 1761 1544 1514 1731 1762 1545
1844 5 2 1 1 1514 1731 1762 1545 1515 1732 1763 1546
1845 5 2 1 1 1515 1732 1763 1546 1516 1733 1764 1547
1846 5 2 1 1 1516 1733 1764 1547 1517 1734 1765 1548
1847 5 2 1 1 1517 1734 1765 1548 1518 1735 1766 1549
1848 5 2 1 1 1518 1735 1766 1549 1519 1736 1767 1550
1849 5 2 1 1 1519 1736 1767 1550 1520 1737 1768 1551
1850 5 2 1 1 1520 1737 1768 1551 1521 1738 1769 1552
1851 5 2 1 1 1521 1738 1769 1552 1522 1739 1770 1553
1852 5 2 1 1 1522 1739 1770 1553 1523 1740 1771 1554
1853 5 2 1 1 1523 1740 1771 1554 1524 1741 1772 1555
1854 5 2 1 1 1524 1741 1772 1555 1525 1742 1773 1556
1855 5 2 1 1 1525 1742 1773 1556 1526 1743 1774 1557
1856 5 2 1 1 1526 1743 1774 1557 1117 1124 1125 1118
1857 5 2 1 1 201 208 209 202 1527 1744 1775 1558
1858 5 2 1 1 1527 1744 1775 1558 1528 1745 1776 1559
1859 5 2 1 1 1528 1745 1776 1559 1529 1746 1777 1560
1860 5 2 1 1 1529 1746 1777 1560 1530 1747 1778 1561
1861 5 2 1 1 1530 1747 1778 1561 1531 1748 1779 1562
1862 5 2 1 1 1531 1748 1779 1562 1532 1749 1780 1563
1863 5 2 1 1 1532 1749 1780 1563 1533 1750 1781 1564
1864 5 2 1 1 1533 1750 1781 1564 1534 1751 1782 1565
1865 5 2 1 1 1534 1751 1782 1565 1535 1752 1783 1566
1866 5 2 1 1 1535 1752 1783 1566 1536 1753 1784 1567
1867 5 2 1 1 1536 1753 1784 1567 1537 1754 1785 1568
1868 5 2 1 1 1537 1754 1785 1568 1538 1755 1786 1569
1869 5 2 1 1 1538 1755 1786 1569 1539 1756 1787 1570
1870 5 2 1 1 1539 1756 1787 1570 1540 1757 1788 1571
1871 5 2 1 1 1540 1757 1788 1571 1541 1758 1789 1572
1872 5 2 1 1 1541 1758 1789 1572 1542 1759 1790 1573
1873 5 2 1 1 1542 1759 1790 1573 1543 1760 1791 1574
1874 5 2 1 1 1543 1760 1791 1574 1544 1761 1792 1575
1875 5 2 1 1 1544 1761 1792 1575 1545 1762 1793 1576
1876 5 2 1 1 1545 1762 1793 1576 1546 1763 1794 1577
1877 5 2 1 1 1546 1763 1794 1577 1547 1764 1795 1578
1878 5 2 1 1 1547 1764 1795 1578 1548 1765 1796 1579
1879 5 2 1 1 1548 1765 1796 1579 1549 1766 1797 1580
1880 5 2 1 1 1549 1766 1797 1580 1550 1767 1798 1581
1881 5 2 1 1 1550 1767 1798 1581 1551 1768 1799 1582
1882 5 2 1 1 1551 1768 1799 1582 1552 1769 1800 1583
1883 5 2 1 1 1552 1769 1800 1583 1553 1770 1801 1584
1884 5 2 1 1 1553 1770 1801 1584 1554 1771 1802 1585
1885 5 2 1 1 1554 1771 1802 1585 1555 1772 1803 1586
1886 5 2 1 1 1555 1772 1803 1586 1556 1773 1804 1587
1887 5 2 1 1 1556 1773 1804 1587 1557 1774 1805 1588
1888 5 2 1 1 1557 1774 1805 1588 1118 1125 1126 1119
1889 5 2 1 1 202 209 27 28 1558 1775 796 827
1890 5 2 1 1 1558 1775 796 827 1559 1776 797 828
1891 5 2 1 1 1559 1776 797 828 1560 1777 798 829
1892 5 2 1 1 1560 1777 798 829 1561 1778 799 830
1893 5 2 1 1 1561 1778 799 830 1562 1779 800 831
1894 5 2 1 1 1562 1779 800 831 1563 1780 801 832
1895 5 2 1 1 1563 1780 801 832 1564 1781 802 833
1896 5 2 1 1 1564 1781 802 833 1565 1782 803 834
1897 5 2 1 1 1565 1782 803 834 1566 1783 804 835
1898 5 2 1 1 1566 1783 804 835 1567 1784 805 836
1899 5 2 1 1 1567 1784 805 836 1568 1785 806 837
1900 5 2 1 1 1568 1785 806 837 1569 1786 807 838
1901 5 2 1 1 1569 1786 807 838 1570 1787 808 839
1902 5 2 1 1 1570 1787 808 839 1571 1788 809 840
1903 5 2 1 1 1571 1788 809 840 1572 1789 810 841
1904 5 2 1 1 1572 1789 810 841 1573 1790 811 842
1905 5 2 1 1 1573 1790 811 842 1574 1791 812 843
1906 5 2 1 1 1574 1791 812 843 1575 1792 813 844
1907 5 2 1 1 1575 1792 813 844 1576 1793 814 845
1908 5 2 1 1 1576 1793 814 845 1577 1794 815 846
1909 5 2 1 1 1577 1794 815 846 1578 1795 816 847
1910 5 2 1 1 1578 1795 816 847 1579 1796 817 848
1911 5 2 1 1 1579 1796 817 848 1580 1797 818 849
1912 5 2 1 1 1580 1797 818 849 1581 1798 819 850
1913 5 2 1 1 1581 1798 819 850 1582 1799 820 851
1914 5 2 1 1 1582 1799 820 851 1583 1800 821 852
1915 5 2 1 1 1583 1800 821 852 1584 1801 822 853
1916 5 2 1 1 1584 1801 822 853 1585 1802 823 854
1917 5 2 1 1 1585 1802 823 854 1586 1803 824 855
1918 5 2 1 1 1586 1803 824 855 1587 1804 825 856
1919 5 2 1 1 1587 1804 825 856 1588 1805 826 857
1920 5 2 1 1 1588 1805 826 857 1119 1126 55 56
1921 5 2 1 1 11 12 210 203 300 331 1806 1589
1922 5 2 1 1 300 331 1806 1589 301 332 1807 1590
1923 5 2 1 1 301 332 1807 1590 302 333 1808 1591
1924 5 2 1 1 302 333 1808 1591 303 334 1809 1592
1925 5 2 1 1 303 334 1809 1592 304 335 1810 1593
1926 5 2 1 1 304 335 1810 1593 305 336 1811 1594
1927 5 2 1 1 305 336 1811 1594 306 337 1812 1595
1928 5 2 1 1 306 337 1812 1595 307 338 1813 1596
1929 5 2 1 1 307 338 1813 1596 308 339 1814 1597
1930 5 2 1 1 308 339 1814 1597 309 340 1815 1598
1931 5 2 1 1 309 340 1815 1598 310 341 1816 1599
1932 5 2 1 1 310 341 1816 1599 311 342 1817 1600
1933 5 2 1 1 311 342 1817 1600 312 343 1818 1601
1934 5 2 1 1 312 343 1818 1601 313 344 1819 1602
1935 5 2 1 1 313 344 1819 1602 314 345 1820 1603
1936 5 2 1 1 314 345 1820 1603 315 346 1821 1604
1937 5 2 1 1 315 346 1821 1604 316 347 1822 1605
1938 5 2 1 1 316 347 1822 1605 317 348 1823 1606
1939 5 2 1 1 317 348 1823 1606 318 349 1824 1607
1940 5 2 1 1 318 349 1824 1607 319 350 1825 1608
1941 5 2 1 1 319 350 1825 1608 320 351 1826 1609
1942 5 2 1 1 320 351 1826 1609 321 352 1827 1610
1943 5 2 1 1 321 352 1827 1610 322 353 1828 1611
1944 5 2 1 1 322 353 1828 1611 323 354 1829 1612
1945 5 2 1 1 323 354 1829 1612 324 355 1830 1613
1946 5 2 1 1 324 355 1830 1613 325 356 1831 1614
1947 5 2 1 1 325 356 1831 1614 326 357 1832 1615
1948 5 2 1 1 326 357 1832 1615 327 358 1833 1616
1949 5 2 1 1 327 358 1833 1616 328 359 1834 1617
1950 5 2 1 1 328 359 1834 1617 329 360 1835 1618
1951 5 2 1 1 329 360 1835 1618 330 361 1836 1619
1952 5 2 1 1 330 361 1836 1619 39 40 1127 1120
1953 5 2 1 1 203 210 211 204 1589 1806 1837 1620
1954 5 2 1 1 1589 1806 1837 1620 1590 1807 1838 1621
1955 5 2 1 1 1590 1807 1838 1621 1591 1808 1839 1622
1956 5 2 1 1 1591 1808 1839 1622 1592 1809 1840 1623
1957 5 2 1 1 1592 1809 1840 1623 1593 1810 1841 1624
1958 5 2 1 1 1593 1810 1841 1624 1594 1811 1842 1625
1959 5 2 1 1 1594 1811 1842 1625 1595 1812 1843 1626
1960 5 2 1 1 1595 1812 1843 1626 1596 1813 1844 1627
1961 5 2 1 1 1596 1813 1844 1627 1597 1814 1845 1628
1962 5 2 1 1 1597 1814 1845 1628 1598 1815 1846 1629
1963 5 2 1 1 1598 1815 1846 1629 1599 1816 1847 1630
1964 5 2 1 1 1599 1816 1847 1630 1600 1817 1848 1631
1965 5 2 1 1 1600 1817 1848 1631 1601 1818 1849 1632
1966 5 2 1 1 1601 1818 1849 1632 1602 1819 1850 1633
1967 5 2 1 1 1602 1819 1850 1633 1603 1820 1851 1634
1968 5 2 1 1 1603 1820 1851 1634 1604 1821 1852 1635
1969 5 2 1 1 1604 1821 1852 1635 1605 1822 1853 1636
1970 5 2 1 1 1605 1822 1853 1636 1606 1823 1854 1637
1971 5 2 1 1 1606 1823 1854 1637 1607 1824 1855 1638
1972 5 2 1 1 1607 1824 1855 1638 1608 1825 1856 1639
1973 5 2 1 1 1608 1825 1856 1639 1609 1826 1857 1640
1974 5 2 1 1 1609 1826 1857 1640 1610 1827 1858 1641
1975 5 2 1 1 1610 1827 1858 1641 1611 1828 1859 1642
1976 5 2 1 1 1611 1828 1859 1642 1612 1829 1860 1643
1977 5 2 1 1 1612 1829 1860 1643 1613 1830 1861 1644
1978 5 2 1 1 1613 1830 1861 1644 1614 1831 1862 1645
1979 5 2 1 1 1614 1831 1862 1645 1615 1832 1863 1646
1980 5 2 1 1 1615 1832 1863 1646 1616 1833 1864 1647
1981 5 2 1 1 1616 1833 1864 1647 1617 1834 1865 1648
1982 5 2 1 1 1617 1834 1865 1648 1618 1835 1866 1649
1983 5 2 1 1 1618 1835 1866 1649 1619 1836 1867 1650
1984 5 2 1 1 1619 1836 1867 1650 1120 1127 1128 1121
1985 5 2 1 1 204 211 212 205 1620 1837 1868 1651
1986 5 2 1 1 1620 1837 1868 1651 1621 1838 1869 1652
1987 5 2 1 1 1621 1838 1869 1652 1622 1839 1870 1653
1988 5 2 1 1 1622 1839 1870 1653 1623 1840 1871 1654
1989 5 2 1 1 1623 1840 1871 1654 1624 1841 1872 1655
1990 5 2 1 1 1624 1841 1872 1655 1625 1842 1873 1656
1991 5 2 1 1 1625 1842 1873 1656 1626 1843 1874 1657
1992 5 2 1 1 1626 1843 1874 1657 1627 1844 1875 1658
1993 5 2 1 1 1627 1844 1875 1658 1628 1845 1876 1659
1994 5 2 1 1 1628 1845 1876 1659 1629 1846 1877 1660
1995 5 2 1 1 1629 1846 1877 1660 1630 1847 1878 1661
1996 5 2 1 1 1630 1847 1878 1661 1631 1848 1879 1662
1997 5 2 1 1 1631 1848 1879 1662 1632 1849 1880 1663
1998 5 2 1 1 1632 1849 1880 1663 1633 1850 1881 1664
1999 5 2 1 1 1633 1850 1881 1664 1634 1851 1882 1665
2000 5 2 1 1 1634 1851 1882 1665 1635 1852 1883 1666
2001 5 2 1 1 1635 1852 1883 1666 1636 1853 1884 1667
2002 5 2 1 1 1636 1853 1884 1667 1637 1854 1885 1668
2003 5 2 1 1 1637 1854 1885 1668 1638 1855 1886 1669
2004 5 2 1 1 1638 1855 1886 1669 1639 1856 1887 1670
2005 5 2 1 1 1639 1856 1887 1670 1640 1857 1888 1671
2006 5 2 1 1 1640 1857 1888 1671 1641 1858 1889 1672
2007 5 2 1 1 1641 1858 1889 1672 1642 1859 1890 1673
2008 5 2 1 1 1642 1859 1890 1673 1643 1860 1891 1674
2009 5 2 1 1 1643 1860 1891 1674 1644 1861 1892 1675
2010 5 2 1 1 1644 1861 1892 1675 1645 1862 1893 1676
2011 5 2 1 1 1645 1862 1893 1676 1646 1863 1894 1677
2012 5 2 1 1 1646 1863 1894 1677 1647 1864 1895 1678
2013 5 2 1 1 1647 1864 1895 1678 1648 1865 1896 1679
2014 5 2 1 1 1648 1865 1896 1679 1649 1866 1897 1680
2015 5 2 1 1 1649 1866 1897 1680 1650 1867 1898 1681
2016 5 2 1 1 1650 1867 1898 1681 1121 1128 1129 1122
2017 5 2 1 1 205 212 213 206 1651 1868 1899 1682
2018 5 2 1 1 1651 1868 1899 1682 1652 1869 1900 1683
2019 5 2 1 1 1652 1869 1900 1683 1653 1870 1901 1684
2020 5 2 1 1 1653 1870 1901 1684 1654 1871 1902 1685
2021 5 2 1 1 1654 1871 1902 1685 1655 1872 1903 1686
2022 5 2 1 1 1655 1872 1903 1686 1656 1873 1904 1687
2023 5 2 1 1 1656 1873 1904 1687 1657 1874 1905 1688
2024 5 2 1 1 1657 1874 1905 1688 1658 1875 1906 1689
2025 5 2 1 1 1658 1875 1906 1689 1659 1876 1907 1690
2026 5 2 1 1 1659 1876 1907 1690 1660 1877 1908 1691
2027 5 2 1 1 1660 1877 1908 1691 1661 1878 1909 1692
2028 5 2 1 1 1661 1878 1909 1692 1662 1879 1910 1693
2029 5 2 1 1 1662 1879 1910 1693 1663 1880 1911 1694
2030 5 2 1 1 1663 1880 1911 1694 1664 1881 1912 1695
2031 5 2 1 1 1664 1881 1912 1695 1665 1882 1913 1696
2032 5 2 1 1 1665 1882 1913 1696 1666 1883 1914 1697
2033 5 2 1 1 1666 1883 1914 1697 1667 1884 1915 1698
2034 5 2 1 1 1667 1884 1915 1698 1668 1885 1916 1699
2035 5 2 1 1 1668 1885 1916 1699 1669 1886 1917 1700
2036 5 2 1 1 1669 1886 1917 1700 1670 1887 1918 1701
2037 5 2 1 1 1670 1887 1918 1701 1671 1888 1919 1702
2038 5 2 1 1 1671 1888 1919 1702 1672 1889 1920 1703
2039 5 2 1 1 1672 1889 1920 1703 1673 1890 1921 1704
2040 5 2 1 1 1673 1890 1921 1704 1674 1891 1922 1705
2041 5 2 1 1 1674 1891 1922 1705 1675 1892 1923 1706
2042 5 2 1 1 1675 1892 1923 1706 1676 1893 1924 1707
2043 5 2 1 1 1676 1893 1924 1707 1677 1894 1925 1708
2044 5 2 1 1 1677 1894 1925 1708 1678 1895 1926 1709
2045 5 2 1 1 1678 1895 1926 1709 1679 1896 1927 1710
2046 5 2 1 1 1679 1896 1927 1710 1680 1897 1928 1711
2047 5 2 1 1 1680 1897 1928 1711 1681 1898 1929 1712
2048 5 2 1 1 1681 1898 1929 1712 1122 1129 1130 1123
2049 5 2 1 1 206 213 214 207 1682 1899 1930 1713
2050 5 2 1 1 1682 1899 1930 1713 1683 1900 1931 1714
2051 5 2 1 1 1683 1900 1931 1714 1684 1901 1932 1715
2052 5 2 1 1 1684 1901 1932 1715 1685 1902 1933 1716
2053 5 2 1 1 1685 1902 1933 1716 1686 1903 1934 1717
2054 5 2 1 1 1686 1903 1934 1717 1687 1904 1935 1718
2055 5 2 1 1 1687 1904 1935 1718 1688 1905 1936 1719
2056 5 2 1 1 1688 1905 1936 1719 1689 1906 1937 1720
2057 5 2 1 1 1689 1906 1937 1720 1690 1907 1938 1721
2058 5 2 1 1 1690 1907 1938 1721 1691 1908 1939 1722
2059 5 2 1 1 1691 1908 1939 1722 1692 1909 1940 1723
2060 5 2 1 1 1692 1909 1940 1723 1693 1910 1941 1724
2061 5 2 1 1 1693 1910 1941 1724 1694 1911 1942 1725
2062 5 2 1 1 1694 1911 1942 1725 1695 1912 1943 1726
2063 5 2 1 1 1695 1912 1943 1726 1696 1913 1944 1727
2064 5 2 1 1 1696 1913 1944 1727 1697 1914 1945 1728
2065 5 2 1 1 1697 1914 1945 1728 1698 1915 1946 1729
2066 5 2 1 1 1698 1915 1946 1729 1699 1916 1947 1730
2067 5 2 1 1 1699 1916 1947 1730 1700 1917 1948 1731
2068 5 2 1 1 1700 1917 1948 1731 1701 1918 1949 1732
2069 5 2 1 1 1701 1918 1949 1732 1702 1919 1950 1733
2070 5 2 1 1 1702 1919 1950 1733 1703 1920 1951 1734
2071 5 2 1 1 1703 1920 1951 1734 1704 1921 1952 1735
2072 5 2 1 1 1704 1921 1952 1735 1705 1922 1953 1736
2073 5 2 1 1 1705 1922 1953 1736 1706 1923 1954 1737
2074 5 2 1 1 1706 1923 1954 1737 1707 1924 1955 1738
2075 5 2 1 1 1707 1924 1955 1738 1708 1925 1956 1739
2076 5 2 1 1 1708 1925 1956 1739 1709 1926 1957 1740
2077 5 2 1 1 1709 1926 1957 1740 1710 1927 1958 1741
2078 5 2 1 1 1710 1927 1958 1741 1711 1928 1959 1742
2079 5 2 1 1 1711 1928 1959 1742 1712 1929 1960 1743
2080 5 2 1 1 1712 1929 1960 1743 1123 1130 1131 1124
2081 5 2 1 1 207 214 215 208 1713 1930 1961 1744
2082 5 2 1 1 1713 1930 1961 1744 1714 1931 1962 1745
2083 5 2 1 1 1714 1931 1962 1745 1715 1932 1963 1746
2084 5 2 1 1 1715 1932 1963 1746 1716 1933 1964 1747
2085 5 2 1 1 1716 1933 1964 1747 1717 1934 1965 1748
2086 5 2 1 1 1717 1934 1965 1748 1718 1935 1966 1749
2087 5 2 1 1 1718 1935 1966 1749 1719 1936 1967 1750
2088 5 2 1 1 1719 1936 1967 1750 1720 1937 1968 1751
2089 5 2 1 1 1720 1937 1968 1751 1721 1938 1969 1752
2090 5 2 1 1 1721 1938 1969 1752 1722 1939 1970 1753
2091 5 2 1 1 1722 1939 1970 1753 1723 1940 1971 1754
2092 5 2 1 1 1723 1940 1971 1754 1724 1941 1972 1755
2093 5 2 1 1 1724 1941 1972 1755 1725 1942 1973 1756
2094 5 2 1 1 1725 1942 1973 1756 1726 1943 1974 1757
2095 5 2 1 1 1726 1943 1974 1757 1727 1944 1975 1758
2096 5 2 1 1 1727 1944 1975 1758 1728 1945 1976 1759
2097 5 2 1 1 1728 1945 1976 1759 1729 1946 1977 1760
2098 5 2 1 1 1729 1946 1977 1760 1730 1947 1978 1761
2099 5 2 1 1 1730 1947 1978 1761 1731 1948 1979 1762
2100 5 2 1 1 1731 1948 1979 1762 1732 1949 1980 1763
2101 5 2 1 1 1732 1949 1980 1763 1733 1950 1981 1764
2102 5 2 1 1 1733 1950 1981 1764 1734 1951 1982 1765
2103 5 2 1 1 1734 1951 1982 1765 1735 1952 1983 1766
2104 5 2 1 1 1735 1952 1983 1766 1736 1953 1984 1767
2105 5 2 1 1 1736 1953 1984 1767 1737 1954 1985 1768
2106 5 2 1 1 1737 1954 1985 1768 1738 1955 1986 1769
2107 5 2 1 1 1738 1955 1986 1769 1739 1956 1987 1770
2108 5 2 1 1 1739 1956 1987 1770 1740 1957 1988 1771
2109 5 2 1 1 1740 1957 1988 1771 1741 1958 1989 1772
2110 5 2 1 1 1741 1958 1989 1772 1742 1959 1990 1773
2111 5 2 1 1 1742 1959 1990 1773 1743 1960 1991 1774
2112 5 2 1 1 1743 1960 1991 1774 1124 1131 1132 1125
2113 5 2 1 1 208 215 216 209 1744 1961 1992 1775
2114 5 2 1 1 1744 1961 1992 1775 1745 1962 1993 1776
2115 5 2 1 1 1745 1962 1993 1776 1746 1963 1994 1777
2116 5 2 1 1 1746 1963 1994 1777 1747 1964 1995 1778
2117 5 2 1 1 1747 1964 1995 1778 1748 1965 1996 1779
2118 5 2 1 1 1748 1965 1996 1779 1749 1966 1997 1780
2119 5 2 1 1 1749 1966 1997 1780 1750 1967 1998 1781
2120 5 2 1 1 1750 1967 1998 1781 1751 1968 1999 1782
2121 5 2 1 1 1751 1968 1999 1782 1752 1969 2000 1783
2122 5 2 1 1 1752 1969 2000 1783 1753 1970 2001 1784
2123 5 2 1 1 1753 1970 2001 1784 1754 1971 2002 1785
2124 5 2 1 1 1754 1971 2002 1785 1755 1972 2003 1786
2125 5 2 1 1 1755 1972 2003 1786 1756 1973 2004 1787
2126 5 2 1 1 1756 1973 2004 1787 1757 1974 2005 1788
2127 5 2 1 1 1757 1974 2005 1788 1758 1975 2006 1789
2128 5 2 1 1 1758 1975 2006 1789 1759 1976 2007 1790
2129 5 2 1 1 1759 1976 2007 1790 1760 1977 2008 1791
2130 5 2 1 1 1760 1977 2008 1791 1761 1978 2009 1792
2131 5 2 1 1 1761 1978 2009 1792 1762 1979 2010 1793
2132 5 2 1 1 1762 1979 2010 1793 1763 1980 2011 1794
2133 5 2 1 1 1763 1980 2011 1794 1764 1981 2012 1795
2134 5 2 1 1 1764 1981 2012 1795 1765 1982 2013 1796
2135 5 2 1 1 1765 1982 2013 1796 1766 1983 2014 1797
2136 5 2 1 1 1766 1983 2014 1797 1767 1984 2015 1798
2137 5 2 1 1 1767 1984 2015 1798 1768 1985 2016 1799
2138 5 2 1 1 1768 1985 2016 1799 1769 1986 2017 1800
2139 5 2 1 1 1769 1986 2017 1800 1770 1987 2018 1801
2140 5 2 1 1 1770 1987 2018 1801 1771 1988 2019 1802
2141 5 2 1 1 1771 1988 2019 1802 1772 1989 2020 1803
2142 5 2 1 1 1772 1989 2020 1803 1773 1990 2021 1804
2143 5 2 1 1 1773 1990 2021 1804 1774 1991 2022 1805
2144 5 2 1 1 1774 1991 2022 1805 1125 1132 1133 1126
2145 5 2 1 1 209 216 26 27 1775 1992 765 796
2146 5 2 1 1 1775 1992 765 796 1776 1993 766 797
2147 5 2 1 1 1776 1993 766 797 1777 1994 767 798
2148 5 2 1 1 1777 1994 767 798 1778 1995 768 799
2149 5 2 1 1 1778 1995 768 799 1779 1996 769 800
2150 5 2 1 1 1779 1996 769 800 1780 1997 770 801
2151 5 2 1 1 1780 1997 770 801 1781 1998 771 802
2152 5 2 1 1 1781 1998 771 802 1782 1999 772 803
2153 5 2 1 1 1782 1999 772 803 1783 2000 773 804
2154 5 2 1 1 1783 2000 773 804 1784 2001 774 805
2155 5 2 1 1 1784 2001 774 805 1785 2002 775 806
2156 5 2 1 1 1785 2002 775 806 1786 2003 776 807
2157 5 2 1 1 1786 2003 776 807 1787 2004 777 808
2158 5 2 1 1 1787 2004 777 808 1788 2005 778 809
2159 5 2 1 1 1788 2005 778 809 1789 2006 779 810
2160 5 2 1 1 1789 2006 779 810 1790 2007 780 811
2161 5 2 1 1 1790 2007 780 811 1791 2008 781 812
2162 5 2 1 1 1791 2008 781 812 1792 2009 782 813
2163 5 2 1 1 1792 2009 782 813 1793 2010 783 814
2164 5 2 1 1 1793 2010 783 814 1794 2011 784 815
2165 5 2 1 1 1794 2011 784 815 1795 2012 785 816
2166 5 2 1 1 1795 2012 785 816 1796 2013 786 817
2167 5 2 1 1 1796 2013 786 817 1797 2014 787 818
2168 5 2 1 1 1797 2014 787 818 1798 2015 788 819
2169 5 2 1 1 1798 2015 788 819 1799 2016 789 820
2170 5 2 1 1 1799 2016 789 820 1800 2017 790 821
2171 5 2 1 1 1800 2017 790 821 1801 2018 791 822
2172 5 2 1 1 1801 2018 791 822 1802 2019 792 823
2173 5 2 1 1 1802 2019 792 823 1803 2020 793 824
2174 5 2 1 1 1803 2020 793 824 1804 2021 794 825
2175 5 2 1 1 1804 2021 794 825 1805 2022 795 826
2176 5 2 1 1 1805 2022 795 826 1126 1133 54 55
2177 5 2 1 1 12 13 217 210 331 362 2023 1806
2178 5 2 1 1 331 362 2023 1806 332 363 2024 1807
2179 5 2 1 1 332 363 2024 1807 333 364 2025 1808
2180 5 2 1 1 333 364 2025 1808 334 365 2026 1809
2181 5 2 1 1 334 365 2026 1809 335 366 2027 1810
2182 5 2 1 1 335 366 2027 1810 336 367 2028 1811
2183 5 2 1 1 336 367 2028 1811 337 368 2029 1812
2184 5 2 1 1 337 368 2029 1812 338 369 2030 1813
2185 5 2 1 1 338 369 2030 1813 339 370 2031 1814
2186 5 2 1 1 339 370 2031 1814 340 371 2032 1815
2187 5 2 1 1 340 371 2032 1815 341 372 2033 1816
2188 5 2 1 1 341 372 2033 1816 342 373 2034 1817
2189 5 2 1 1 342 373 2034 1817 343 374 2035 1818
2190 5 2 1 1 343 374 2035 1818 344 375 2036 1819
2191 5 2 1 1 344 375 2036 1819 345 376 2037 1820
2192 5 2 1 1 345 376 2037 1820 346 377 2038 1821
2193 5 2 1 1 346 377 2038 1821 347 378 2039 1822
2194 5 2 1 1 347 378 2039 1822 348 379 2040 1823
2195 5 2 1 1 348 379 2040 1823 349 380 2041 1824
2196 5 2 1 1 349 380 2041 1824 350 381 2042 1825
2197 5 2 1 1 350 381 2042 1825 351 382 2043 1826
2198 5 2 1 1 351 382 2043 1826 352 383 2044 1827
2199 5 2 1 1 352 383 2044 1827 353 384 2045 1828
2200 5 2 1 1 353 384 2045 1828 354 385 2046 1829
2201 5 2 1 1 354 385 2046 1829 355 386 2047 1830
2202 5 2 1 1 355 386 2047 1830 356 387 2048 1831
2203 5 2 1 1 356 387 2048 1831 357 388 2049 1832
2204 5 2 1 1 357 388 2049 1832 358 389 2050 1833
2205 5 2 1 1 358 389 2050 1833 359 390 2051 1834
2206 5 2 1 1 359 390 2051 1834 360 391 2052 1835
2207 5 2 1 1 360 391 2052 1835 361 392 2053 1836
2208 5 2 1 1 361 392 2053 1836 40 41 1134 1127
2209 5 2 1 1 210 217 218 211 1806 2023 2054 1837
2210 5 2 1 1 1806 2023 2054 1837 1807 2024 2055 1838
2211 5 2 1 1 1807 2024 2055 1838 1808 2025 2056 1839
2212 5 2 1 1 1808 2025 2056 1839 1809 2026 2057 1840
2213 5 2 1 1 1809 2026 2057 1840 1810 2027 2058 1841
2214 5 2 1 1 1810 2027 2058 1841 1811 2028 2059 1842
2215 5 2 1 1 1811 2028 2059 1842 1812 2029 2060 1843
2216 5 2 1 1 1812 2029 2060 1843 1813 2030 2061 1844
2217 5 2 1 1 1813 2030 2061 1844 1814 2031 2062 1845
2218 5 2 1 1 1814 2031 2062 1845 1815 2032 2063 1846
2219 5 2 1 1 1815 2032 2063 1846 1816 2033 2064 1847
2220 5 2 1 1 1816 2033 2064 1847 1817 2034 2065 1848
2221 5 2 1 1 1817 2034 2065 1848 1818 2035 2066 1849
2222 5 2 1 1 1818 2035 2066 1849 1819 2036 2067 1850
2223 5 2 1 1 1819 2036 2067 1850 1820 2037 2068 1851
2224 5 2 1 1 1820 2037 2068 1851 1821 2038 2069 1852
2225 5 2 1 1 1821 2038 2069 1852 1822 2039 2070 1853
2226 5 2 1 1 1822 2039 2070 1853 1823 2040 2071 1854
2227 5 2 1 1 1823 2040 2071 1854 1824 2041 2072 1855
2228 5 2 1 1 1824 2041 2072 1855 1825 2042 2073 1856
2229 5 2 1 1 1825 2042 2073 1856 1826 2043 2074 1857
2230 5 2 1 1 1826 2043 2074 1857 1827 2044 2075 1858
2231 5 2 1 1 1827 2044 2075 1858 1828 2045 2076 1859
2232 5 2 1 1 1828 2045 2076 1859 1829 2046 2077 1860
2233 5 2 1 1 1829 2046 2077 1860 1830 2047 2078 1861
2234 5 2 1 1 1830 2047 2078 1861 1831 2048 2079 1862
2235 5 2 1 1 1831 2048 2079 1862 1832 2049 2080 1863
2236 5 2 1 1 1832 2049 2080 1863 1833 2050 2081 1864
2237 5 2 1 1 1833 2050 2081 1864 1834 2051 2082 1865
2238 5 2 1 1 1834 2051 2082 1865 1835 2052 2083 1866
2239 5 2 1 1 1835 2052 2083 1866 1836 2053 2084 1867
2240 5 2 1 1 1836 2053 2084 1867 1127 1134 1135 1128
2241 5 2 1 1 211 218 219 212 1837 2054 2085 1868
2242 5 2 1 1 1837 2054 2085 1868 1838 2055 2086 1869
2243 5 2 1 1 1838 2055 2086 1869 1839 2056 2087 1870
2244 5 2 1 1 1839 2056 2087 1870 1840 2057 2088 1871
2245 5 2 1 1 1840 2057 2088 1871 1841 2058 2089 1872
2246 5 2 1 1 1841 2058 2089 1872 1842 2059 2090 1873
2247 5 2 1 1 1842 2059 2090 1873 1843 2060 2091 1874
2248 5 2 1 1 1843 2060 2091 1874 1844 2061 2092 1875
2249 5 2 1 1 1844 2061 2092 1875 1845 2062 2093 1876
2250 5 2 1 1 1845 2062 2093 1876 1846 2063 2094 1877
2251 5 2 1 1 1846 2063 2094 1877 1847 2064 2095 1878
2252 5 2 1 1 1847 2064 2095 1878 1848 2065 2096 1879
2253 5 2 1 1 1848 2065 2096 1879 1849 2066 2097 1880
2254 5 2 1 1 1849 2066 2097 1880 1850 2067 2098 1881
2255 5 2 1 1 1850 2067 2098 1881 1851 2068 2099 1882
2256 5 2 1 1 1851 2068 2099 1882 1852 2069 2100 1883
2257 5 2 1 1 1852 2069 2100 1883 1853 2070 2101 1884
2258 5 2 1 1 1853 2070 2101 1884 1854 2071 2102 1885
2259 5 2 1 1 1854 2071 2102 1885 1855 2072 2103 1886
2260 5 2 1 1 1855 2072 2103 1886 1856 2073 2104 1887
2261 5 2 1 1 1856 2073 2104 1887 1857 2074 2105 1888
2262 5 2 1 1 1857 2074 2105 1888 1858 2075 2106 1889
2263 5 2 1 1 1858 2075 2106 1889 1859 2076 2107 1890
2264 5 2 1 1 1859 2076 2107 1890 1860 2077 2108 1891
2265 5 2 1 1 1860 2077 2108 1891 1861 2078 2109 1892
2266 5 2 1 1 1861 2078 2109 1892 1862 2079 2110 1893
2267 5 2 1 1 1862 2079 2110 1893 1863 2080 2111 1894
2268 5 2 1 1 1863 2080 2111 1894 1864 2081 2112 1895
2269 5 2 1 1 1864 2081 2112 1895 1865 2082 2113 1896
2270 5 2 1 1 1865 2082 2113 1896 1866 2083 2114 1897
2271 5 2 1 1 1866 2083 2114 1897 1867 2084 2115 1898
2272 5 2 1 1 1867 2084 2115 1898 1128 1135 1136 1129
2273 5 2 1 1 212 219 220 213 1868 2085 2116 1899
2274 5 2 1 1 1868 2085 2116 1899 1869 2086 2117 1900
2275 5 2 1 1 1869 2086 2117 1900 1870 2087 2118 1901
2276 5 2 1 1 1870 2087 2118 1901 1871 2088 2119 1902
2277 5 2 1 1 1871 2088 2119 1902 1872 2089 2120 1903
2278 5 2 1 1 1872 2089 2120 1903 1873 2090 2121 1904
2279 5 2 1 1 1873 2090 2121 1904 1874 2091 2122 1905
2280 5 2 1 1 1874 2091 2122 1905 1875 2092 2123 1906
2281 5 2 1 1 1875 2092 2123 1906 1876 2093 2124 1907
2282 5 2 1 1 1876 2093 2124 1907 1877 2094 2125 1908
2283 5 2 1 1 1877 2094 2125 1908 1878 2095 2126 1909
2284 5 2 1 1 1878 2095 2126 1909 1879 2096 2127 1910
2285 5 2 1 1 1879 2096 2127 1910 1880 2097 2128 1911
2286 5 2 1 1 1880 2097 2128 1911 1881 2098 2129 1912
2287 5 2 1 1 1881 2098 2129 1912 1882 2099 2130 1913
2288 5 2 1 1 1882 2099 2130 1913 1883 2100 2131 1914
2289 5 2 1 1 1883 2100 2131 1914 1884 2101 2132 1915
2290 5 2 1 1 1884 2101 2132 1915 1885 2102 2133 1916
2291 5 2 1 1 1885 2102 2133 1916 1886 2103 2134 1917
2292 5 2 1 1 1886 2103 2134 1917 1887 2104 2135 1918
2293 5 2 1 1 1887 2104 2135 1918 1888 2105 2136 1919
2294 5 2 1 1 1888 2105 2136 1919 1889 2106 2137 1920
2295 5 2 1 1 1889 2106 2137 1920 1890 2107 2138 1921
2296 5 2 1 1 1890 2107 2138 1921 1891 2108 2139 1922
2297 5 2 1 1 1891 2108 2139 1922 1892 2109 2140 1923
2298 5 2 1 1 1892 2109 2140 1923 1893 2110 2141 1924
2299 5 2 1 1 1893 2110 2141 1924 1894 2111 2142 1925
2300 5 2 1 1 1894 2111 2142 1925 1895 2112 2143 1926
2301 5 2 1 1 1895 2112 2143 1926 1896 2113 2144 1927
2302 5 2 1 1 1896 2113 2144 1927 1897 2114 2145 1928
2303 5 2 1 1 1897 2114 2145 1928 1898 2115 2146 1929
2304 5 2 1 1 1898 2115 2146 1929 1129 1136 1137 1130
2305 5 2 1 1 213 220 221 214 1899 2116 2147 1930
2306 5 2 1 1 1899 2116 2147 1930 1900 2117 2148 1931
2307 5 2 1 1 1900 2117 2148 1931 1901 2118 2149 1932
2308 5 2 1 1 1901 2118 2149 1932 1902 2119 2150 1933
2309 5 2 1 1 1902 2119 2150 1933 1903 2120 2151 1934
2310 5 2 1 1 1903 2120 2151 1934 1904 2121 2152 1935
2311 5 2 1 1 1904 2121 2152 1935 1905 2122 2153 1936
2312 5 2 1 1 1905 2122 2153 1936 1906 2123 2154 1937
2313 5 2 1 1 1906 2123 2154 1937 1907 2124 2155 1938
2314 5 2 1 1 1907 2124 2155 1938 1908 2125 2156 1939
2315 5 2 1 1 1908 2125 2156 1939 1909 2126 2157 1940
2316 5 2 1 1 1909 2126 2157 1940 1910 2127 2158 1941
2317 5 2 1 1 1910 2127 2158 1941 1911 2128 2159 1942
2318 5 2 1 1 1911 2128 2159 1942 1912 2129 2160 1943
2319 5 2 1 1 1912 2129 2160 1943 1913 2130 2161 1944
2320 5 2 1 1 1913 2130 2161 1944 1914 2131 2162 1945
2321 5 2 1 1 1914 2131 2162 1945 1915 2132 2163 1946
2322 5 2 1 1 1915 2132 2163 1946 1916 2133 2164 1947
2323 5 2 1 1 1916 2133 2164 1947 1917 2134 2165 1948
2324 5 2 1 1 1917 2134 2165 1948 1918 2135 2166 1949
2325 5 2 1 1 1918 2135 2166 1949 1919 2136 2167 1950
2326 5 2 1 1 1919 2136 2167 1950 1920 2137 2168 1951
2327 5 2 1 1 1920 2137 2168 1951 1921 2138 2169 1952
2328 5 2 1 1 1921 2138 2169 1952 1922 2139 2170 1953
2329 5 2 1 1 1922 2139 2170 1953 1923 2140 2171 1954
2330 5 2 1 1 1923 2140 2171 1954 1924 2141 2172 1955
2331 5 2 1 1 1924 2141 2172 1955 1925 2142 2173 1956
2332 5 2 1 1 1925 2142 2173 1956 1926 2143 2174 1957
2333 5 2 1 1 1926 2143 2174 1957 1927 2144 2175 1958
2334 5 2 1 1 1927 2144 2175 1958 1928 2145 2176 1959
2335 5 2 1 1 1928 2145 2176 1959 1929 2146 2177 1960
2336 5 2 1 1 1929 2146 2177 1960 1130 1137 1138 1131
2337 5 2 1 1 214 221 222 215 1930 2147 2178 1961
2338 5 2 1 1 1930 2147 2178 1961 1931 2148 2179 1962
2339 5 2 1 1 1931 2148 2179 1962 1932 2149 2180 1963
2340 5 2 1 1 1932 2149 2180 1963 1933 2150 2181 1964
2341 5 2 1 1 1933 2150 2181 1964 1934 2151 2182 1965
2342 5 2 1 1 1934 2151 2182 1965 1935 2152 2183 1966
2343 5 2 1 1 1935 2152 2183 1966 1936 2153 2184 1967
2344 5 2 1 1 1936 2153 2184 1967 1937 2154 2185 1968
2345 5 2 1 1 1937 2154 2185 1968 1938 2155 2186 1969
2346 5 2 1 1 1938 2155 2186 1969 1939 2156 2187 1970
2347 5 2 1 1 1939 2156 2187 1970 1940 2157 2188 1971
2348 5 2 1 1 1940 2157 2188 1971 1941 2158 2189 1972
2349 5 2 1 1 1941 2158 2189 1972 1942 2159 2190 1973
2350 5 2 1 1 1942 2159 2190 1973 1943 2160 2191 1974
2351 5 2 1 1 1943 2160 2191 1974 1944 2161 2192 1975
2352 5 2 1 1 1944 2161 2192 1975 1945 2162 2193 1976
2353 5 2 1 1 1945 2162 2193 1976 1946 2163 2194 1977
2354 5 2 1 1 1946 2163 2194 1977 1947 2164 2195 1978
2355 5 2 1 1 1947 2164 2195 1978 1948 2165 2196 1979
2356 5 2 1 1 1948 2165 2196 1979 1949 2166 2197 1980
2357 5 2 1 1 1949 2166 2197 1980 1950 2167 2198 1981
2358 5 2 1 1 1950 2167 2198 1981 1951 2168 2199 1982
2359 5 2 1 1 1951 2168 2199 1982 1952 2169 2200 1983
2360 5 2 1 1 1952 2169 2200 1983 1953 2170 2201 1984
2361 5 2 1 1 1953 2170 2201 1984 1954 2171 2202 1985
2362 5 2 1 1 1954 2171 2202 1985 1955 2172 2203 1986
2363 5 2 1 1 1955 2172 2203 1986 1956 2173 2204 1987
2364 5 2 1 1 1956 2173 2204 1987 1957 2174 2205 1988
2365 5 2 1 1 1957 2174 2205 1988 1958 2175 2206 1989
2366 5 2 1 1 1958 2175 2206 1989 1959 2176 2207 1990
2367 5 2 1 1 1959 2176 2207 1990 1960 2177 2208 1991
2368 5 2 1 1 1960 2177 2208 1991 1131 1138 1139 1132
2369 5 2 1 1 215 222 223 216 1961 2178 2209 1992
2370 5 2 1 1 1961 2178 2209 1992 1962 2179 2210 1993
2371 5 2 1 1 1962 2179 2210 1993 1963 2180 2211 1994
2372 5 2 1 1 1963 2180 2211 1994 1964 2181 2212 1995
2373 5 2 1 1 1964 2181 2212 1995 1965 2182 2213 1996
2374 5 2 1 1 1965 2182 2213 1996 1966 2183 2214 1997
2375 5 2 1 1 1966 2183 2214 1997 1967 2184 2215 1998
2376 5 2 1 1 1967 2184 2215 1998 1968 2185 2216 1999
2377 5 2 1 1 1968 2185 2216 1999 1969 2186 2217 2000
2378 5 2 1 1 1969 2186 2217 2000 1970 2187 2218 2001
2379 5 2 1 1 1970 2187 2218 2001 1971 2188 2219 2002
2380 5 2 1 1 1971 2188 2219 2002 1972 2189 2220 2003
2381 5 2 1 1 1972 2189 2220 2003 1973 2190 2221 2004
2382 5 2 1 1 1973 2190 2221 2004 1974 2191 2222 2005
2383 5 2 1 1 1974 2191 2222 2005 1975 2192 2223 2006
2384 5 2 1 1 1975 2192 2223 2006 1976 2193 2224 2007
2385 5 2 1 1 1976 2193 2224 2007 1977 2194 2225 2008
2386 5 2 1 1 1977 2194 2225 2008 1978 2195 2226 2009
2387 5 2 1 1 1978 2195 2226 2009 1979 2196 2227 2010
2388 5 2 1 1 1979 2196 2227 2010 1980 2197 2228 2011
2389 5 2 1 1 1980 2197 2228 2011 1981 2198 2229 2012
2390 5 2 1 1 1981 2198 2229 2012 1982 2199 2230 2013
2391 5 2 1 1 1982 2199 2230 2013 1983 2200 2231 2014
2392 5 2 1 1 1983 2200 2231 2014 1984 2201 2232 2015
2393 5 2 1 1 1984 2201 2232 2015 1985 2202 2233 2016
2394 5 2 1 1 1985 2202 2233 2016 1986 2203 2234 2017
2395 5 2 1 1 1986 2203 2234 2017 1987 2204 2235 2018
2396 5 2 1 1 1987 2204 2235 2018 1988 2205 2236 2019
2397 5 2 1 1 1988 2205 2236 2019 1989 2206 2237 2020
2398 5 2 1 1 1989 2206 2237 2020 1990 2207 2238 2021
2399 5 2 1 1 1990 2207 2238 2021 1991 2208 2239 2022
2400 5 2 1 1 1991 2208 2239 2022 1132 1139 1140 1133
2401 5 2 1 1 216 223 25 26 1992 2209 734 765
2402 5 2 1 1 1992 2209 734 765 1993 2210 735 766
2403 5 2 1 1 1993 2210 735 766 1994 2211 736 767
2404 5 2 1 1 1994 2211 736 767 1995 2212 737 768
2405 5 2 1 1 1995 2212 737 768 1996 2213 738 769
2406 5 2 1 1 1996 2213 738 769 1997 2214 739 770
2407 5 2 1 1 1997 2214 739 770 1998 2215 740 771
2408 5 2 1 1 1998 2215 740 771 1999 2216 741 772
2409 5 2 1 1 1999 2216 741 772 2000 2217 742 773
2410 5 2 1 1 2000 2217 742 773 2001 2218 743 774
2411 5 2 1 1 2001 2218 743 774 2002 2219 744 775
2412 5 2 1 1 2002 2219 744 775 2003 2220 745 776
2413 5 2 1 1 2003 2220 745 776 2004 2221 746 777
2414 5 2 1 1 2004 2221 746 777 2005 2222 747 778
2415 5 2 1 1 2005 2222 747 778 2006 2223 748 779
2416 5 2 1 1 2006 2223 748 779 2007 2224 749 780
2417 5 2 1 1 2007 2224 749 780 2008 2225 750 781
2418 5 2 1 1 2008 2225 750 781 2009 2226 751 782
2419 5 2 1 1 2009 2226 751 782 2010 2227 752 783
2420 5 2 1 1 2010 2227 752 783 2011 2228 753 784
2421 5 2 1 1 2011 2228 753 784 2012 2229 754 785
2422 5 2 1 1 2012 2229 754 785 2013 2230 755 786
2423 5 2 1 1 2013 2230 755 786 2014 2231 756 787
2424 5 2 1 1 2014 2231 756 787 2015 2232 757 788
2425 5 2 1 1 2015 2232 757 788 2016 2233 758 789
2426 5 2 1 1 2016 2233 758 789 2017 2234 759 790
2427 5 2 1 1 2017 2234 759 790 2018 2235 760 791
2428 5 2 1 1 2018 2235 760 791 2019 2236 761 792
2429 5 2 1 1 2019 2236 761 792 2020 2237 762 793
2430 5 2 1 1 2020 2237 762 793 2021 2238 763 794
2431 5 2 1 1 2021 2238 763 794 2022 2239 764 795
2432 5 2 1 1 2022 2239 764 795 1133 1140 53 54
2433 5 2 1 1 13 14 224 217 362 393 2240 2023
2434 5 2 1 1 362 393 2240 2023 363 394 2241 2024
2435 5 2 1 1 363 394 2241 2024 364 395 2242 2025
2436 5 2 1 1 364 395 2242 2025 365 396 2243 2026
2437 5 2 1 1 365 396 2243 2026 366 397 2244 2027
2438 5 2 1 1 366 397 2244 2027 367 398 2245 2028
2439 5 2 1 1 367 398 2245 2028 368 399 2246 2029
2440 5 2 1 1 368 399 2246 2029 369 400 2247 2030
2441 5 2 1 1 369 400 2247 2030 370 401 2248 2031
2442 5 2 1 1 370 401 2248 2031 371 402 2249 2032
2443 5 2 1 1 371 402 2249 2032 372 403 2250 2033
2444 5 2 1 1 372 403 2250 2033 373 404 2251 2034
2445 5 2 1 1 373 404 2251 2034 374 405 2252 2035
2446 5 2 1 1 374 405 2252 2035 375 406 2253 2036
2447 5 2 1 1 375 406 2253 2036 376 407 2254 2037
2448 5 2 1 1 376 407 2254 2037 377 408 2255 2038
2449 5 2 1 1 377 408 2255 2038 378 409 2256 2039
2450 5 2 1 1 378 409 2256 2039 379 410 2257 2040
2451 5 2 1 1 379 410 2257 2040 380 411 2258 2041
2452 5 2 1 1 380 411 2258 2041 381 412 2259 2042
2453 5 2 1 1 381 412 2259 2042 382 413 2260 2043
2454 5 2 1 1 382 413 2260 2043 383 414 2261 2044
2455 5 2 1 1 383 414 2261 2044 384 415 2262 2045
2456 5 2 1 1 384 415 2262 2045 385 416 2263 2046
2457 5 2 1 1 385 416 2263 2046 386 417 2264 2047
2458 5 2 1 1 386 417 2264 2047 387 418 2265 2048
2459 5 2 1 1 387 418 2265 2048 388 419 2266 2049
2460 5 2 1 1 388 419 2266 2049 389 420 2267 2050
2461 5 2 1 1 389 420 2267 2050 390 421 2268 2051
2462 5 2 1 1 390 421 2268 2051 391 422 2269 2052
2463 5 2 1 1 391 422 2269 2052 392 423 2270 2053
2464 5 2 1 1 392 423 2270 2053 41 42 1141 1134
2465 5 2 1 1 217 224 225 218 2023 2240 2271 2054
2466 5 2 1 1 2023 2240 2271 2054 2024 2241 2272 2055
2467 5 2 1 1 2024 2241 2272 2055 2025 2242 2273 2056
2468 5 2 1 1 2025 2242 2273 2056 2026 2243 2274 2057
2469 5 2 1 1 2026 2243 2274 2057 2027 2244 2275 2058
2470 5 2 1 1 2027 2244 2275 2058 2028 2245 2276 2059
2471 5 2 1 1 2028 2245 2276 2059 2029 2246 2277 2060
2472 5 2 1 1 2029 2246 2277 2060 2030 2247 2278 2061
2473 5 2 1 1 2030 2247 2278 2061 2031 2248 2279 2062
2474 5 2 1 1 2031 2248 2279 2062 2032 2249 2280 2063
2475 5 2 1 1 2032 2249 2280 2063 2033 2250 2281 2064
2476 5 2 1 1 2033 2250 2281 2064 2034 2251 2282 2065
2477 5 2 1 1 2034 2251 2282 2065 2035 2252 2283 2066
2478 5 2 1 1 2035 2252 2283 2066 2036 2253 2284 2067
2479 5 2 1 1 2036 2253 2284 2067 2037 2254 2285 2068
2480 5 2 1 1 2037 2254 2285 2068 2038 2255 2286 2069
2481 5 2 1 1 2038 2255 2286 2069 2039 2256 2287 2070
2482 5 2 1 1 2039 2256 2287 2070 2040 2257 2288 2071
2483 5 2 1 1 2040 2257 2288 2071 2041 2258 2289 2072
2484 5 2 1 1 2041 2258 2289 2072 2042 2259 2290 2073
2485 5 2 1 1 2042 2259 2290 2073 2043 2260 2291 2074
2486 5 2 1 1 2043 2260 2291 2074 2044 2261 2292 2075
2487 5 2 1 1 2044 2261 2292 2075 2045 2262 2293 2076
2488 5 2 1 1 2045 2262 2293 2076 2046 2263 2294 2077
2489 5 2 1 1 2046 2263 2294 2077 2047 2264 2295 2078
2490 5 2 1 1 2047 2264 2295 2078 2048 2265 2296 2079
2491 5 2 1 1 2048 2265 2296 2079 2049 2266 2297 2080
2492 5 2 1 1 2049 2266 2297 2080 2050 2267 2298 2081
2493 5 2 1 1 2050 2267 2298 2081 2051 2268 2299 2082
2494 5 2 1 1 2051 2268 2299 2082 2052 2269 2300 2083
2495 5 2 1 1 2052 2269 2300 2083 2053 2270 2301 2084
2496 5 2 1 1 2053 2270 2301 2084 1134 1141 1142 1135
2497 5 2 1 1 218 225 226 219 2054 2271 2302 2085
2498 5 2 1 1 2054 2271 2302 2085 2055 2272 2303 2086
2499 5 2 1 1 2055 2272 2303 2086 2056 2273 2304 2087
2500 5 2 1 1 2056 2273 2304 2087 2057 2274 2305 2088
2501 5 2 1 1 2057 2274 2305 2088 2058 2275 2306 2089
2502 5 2 1 1 2058 2275 2306 2089 2059 2276 2307 2090
2503 5 2 1 1 2059 2276 2307 2090 2060 2277 2308 2091
2504 5 2 1 1 2060 2277 2308 2091 2061 2278 2309 2092
2505 5 2 1 1 2061 2278 2309 2092 2062 2279 2310 2093
2506 5 2 1 1 2062 2279 2310 2093 2063 2280 2311 2094
2507 5 2 1 1 2063 2280 2311 2094 2064 2281 2312 2095
2508 5 2 1 1 2064 2281 2312 2095 2065 2282 2313 2096
2509 5 2 1 1 2065 2282 2313 2096 2066 2283 2314 2097
2510 5 2 1 1 2066 2283 2314 2097 2067 2284 2315 2098
2511 5 2 1 1 2067 2284 2315 2098 2068 2285 2316 2099
2512 5 2 1 1 2068 2285 2316 2099 2069 2286 2317 2100
2513 5 2 1 1 2069 2286 2317 2100 2070 2287 2318 2101
2514 5 2 1 1 2070 2287 2318 2101 2071 2288 2319 2102
2515 5 2 1 1 2071 2288 2319 2102 2072 2289 2320 2103
2516 5 2 1 1 2072 2289 2320 2103 2073 2290 2321 2104
2517 5 2 1 1 2073 2290 2321 2104 2074 2291 2322 2105
2518 5 2 1 1 2074 2291 2322 2105 2075 2292 2323 2106
2519 5 2 1 1 2075 2292 2323 2106 2076 2293 2324 2107
2520 5 2 1 1 2076 2293 2324 2107 2077 2294 2325 2108
2521 5 2 1 1 2077 2294 2325 2108 2078 2295 2326 2109
2522 5 2 1 1 2078 2295 2326 2109 2079 2296 2327 2110
2523 5 2 1 1 2079 2296 2327 2110 2080 2297 2328 2111
2524 5 2 1 1 2080 2297 2328 2111 2081 2298 2329 2112
2525 5 2 1 1 2081 2298 2329 2112 2082 2299 2330 2113
2526 5 2 1 1 2082 2299 2330 2113 2083 2300 2331 2114
2527 5 2 1 1 2083 2300 2331 2114 2084 2301 2332 2115
2528 5 2 1 1 2084 2301 2332 2115 1135 1142 1143 1136
2529 5 2 1 1 219 226 227 220 2085 2302 2333 2116
2530 5 2 1 1 2085 2302 2333 2116 2086 2303 2334 2117
2531 5 2 1 1 2086 2303 2334 2117 2087 2304 2335 2118
2532 5 2 1 1 2087 2304 2335 2118 2088 2305 2336 2119
2533 5 2 1 1 2088 2305 2336 2119 2089 2306 2337 2120
2534 5 2 1 1 2089 2306 2337 2120 2090 2307 2338 2121
2535 5 2 1 1 2090 2307 2338 2121 2091 2308 2339 2122
2536 5 2 1 1 2091 2308 2339 2122 2092 2309 2340 2123
2537 5 2 1 1 2092 2309 2340 2123 2093 2310 2341 2124
2538 5 2 1 1 2093 2310 2341 2124 2094 2311 2342 2125
2539 5 2 1 1 2094 2311 2342 2125 2095 2312 2343 2126
2540 5 2 1 1 2095 2312 2343 2126 2096 2313 2344 2127
2541 5 2 1 1 2096 2313 2344 2127 2097 2314 2345 2128
2542 5 2 1 1 2097 2314 2345 2128 2098 2315 2346 2129
2543 5 2 1 1 2098 2315 2346 2129 2099 2316 2347 2130
2544 5 2 1 1 2099 2316 2347 2130 2100 2317 2348 2131
2545 5 2 1 1 2100 2317 2348 2131 2101 2318 2349 2132
2546 5 2 1 1 2101 2318 2349 2132 2102 2319 2350 2133
2547 5 2 1 1 2102 2319 2350 2133 2103 2320 2351 2134
2548 5 2 1 1 2103 2320 2351 2134 2104 2321 2352 2135
2549 5 2 1 1 2104 2321 2352 2135 2105 2322 2353 2136
2550 5 2 1 1 2105 2322 2353 2136 2106 2323 2354 2137
2551 5 2 1 1 2106 2323 2354 2137 2107 2324 2355 2138
2552 5 2 1 1 2107 2324 2355 2138 2108 2325 2356 2139
2553 5 2 1 1 2108 2325 2356 2139 2109 2326 2357 2140
2554 5 2 1 1 2109 2326 2357 2140 2110 2327 2358 2141
2555 5 2 1 1 2110 2327 2358 2141 2111 2328 2359 2142
2556 5 2 1 1 2111 2328 2359 2142 2112 2329 2360 2143
2557 5 2 1 1 2112 2329 2360 2143 2113 2330 2361 2144
2558 5 2 1 1 2113 2330 2361 2144 2114 2331 2362 2145
2559 5 2 1 1 2114 2331 2362 2145 2115 2332 2363 2146
2560 5 2 1 1 2115 2332 2363 2146 1136 1143 1144 1137
2561 5 2 1 1 220 227 228 221 2116 2333 2364 2147
2562 5 2 1 1 2116 2333 2364 2147 2117 2334 2365 2148
2563 5 2 1 1 2117 2334 2365 2148 2118 2335 2366 2149
2564 5 2 1 1 2118 2335 2366 2149 2119 2336 2367 2150
2565 5 2 1 1 2119 2336 2367 2150 2120 2337 2368 2151
2566 5 2 1 1 2120 2337 2368 2151 2121 2338 2369 2152
2567 5 2 1 1 2121 2338 2369 2152 2122 2339 2370 2153
2568 5 2 1 1 2122 2339 2370 2153 2123 2340 2371 2154
2569 5 2 1 1 2123 2340 2371 2154 2124 2341 2372 2155
2570 5 2 1 1 2124 2341 2372 2155 2125 2342 2373 2156
2571 5 2 1 1 2125 2342 2373 2156 2126 2343 2374 2157
2572 5 2 1 1 2126 2343 2374 2157 2127 2344 2375 2158
2573 5 2 1 1 2127 2344 2375 2158 2128 2345 2376 2159
2574 5 2 1 1 2128 2345 2376 2159 2129 2346 2377 2160
2575 5 2 1 1 2129 2346 2377 2160 2130 2347 2378 2161
2576 5 2 1 1 2130 2347 2378 2161 2131 2348 2379 2162
2577 5 2 1 1 2131 2348 2379 2162 2132 2349 2380 2163
2578 5 2 1 1 2132 2349 2380 2163 2133 2350 2381 2164
2579 5 2 1 1 2133 2350 2381 2164 2134 2351 2382 2165
2580 5 2 1 1 2134 2351 2382 2165 2135 2352 2383 2166
2581 5 2 1 1 2135 2352 2383 2166 2136 2353 2384 2167
2582 5 2 1 1 2136 2353 2384 2167 2137 2354 2385 2168
2583 5 2 1 1 2137 2354 2385 2168 2138 2355 2386 2169
2584 5 2 1 1 2138 2355 2386 2169 2139 2356 2387 2170
2585 5 2 1 1 2139 2356 2387 2170 2140 2357 2388 2171
2586 5 2 1 1 2140 2357 2388 2171 2141 2358 2389 2172
2587 5 2 1 1 2141 2358 2389 2172 2142 2359 2390 2173
2588 5 2 1 1 2142 2359 2390 2173 2143 2360 2391 2174
2589 5 2 1 1 2143 2360 2391 2174 2144 2361 2392 2175
2590 5 2 1 1 2144 2361 2392 2175 2145 2362 2393 2176
2591 5 2 1 1 2145 2362 2393 2176 2146 2363 2394 2177
2592 5 2 1 1 2146 2363 2394 2177 1137 1144 1145 1138
2593 5 2 1 1 221 228 229 222 2147 2364 2395 2178
2594 5 2 1 1 2147 2364 2395 2178 2148 2365 2396 2179
2595 5 2 1 1 2148 2365 2396 2179 2149 2366 2397 2180
2596 5 2 1 1 2149 2366 2397 2180 2150 2367 2398 2181
2597 5 2 1 1 2150 2367 2398 2181 2151 2368 2399 2182
2598 5 2 1 1 2151 2368 2399 2182 2152 2369 2400 2183
2599 5 2 1 1 2152 2369 2400 2183 2153 2370 2401 2184
2600 5 2 1 1 2153 2370 2401 2184 2154 2371 2402 2185
2601 5 2 1 1 2154 2371 2402 2185 2155 2372 2403 2186
2602 5 2 1 1 2155 2372 2403 2186 2156 2373 2404 2187
2603 5 2 1 1 2156 2373 2404 2187 2157 2374 2405 2188
2604 5 2 1 1 2157 2374 2405 2188 2158 2375 2406 2189
2605 5 2 1 1 2158 2375 2406 2189 2159 2376 2407 2190
2606 5 2 1 1 2159 2376 2407 2190 2160 2377 2408 2191
2607 5 2 1 1 2160 2377 2408 2191 2161 2378 2409 2192
2608 5 2 1 1 2161 2378 2409 2192 2162 2379 2410 2193
2609 5 2 1 1 2162 2379 2410 2193 2163 2380 2411 2194
2610 5 2 1 1 2163 2380 2411 2194 2164 2381 2412 2195
2611 5 2 1 1 2164 2381 2412 2195 2165 2382 2413 2196
2612 5 2 1 1 2165 2382 2413 2196 2166 2383 2414 2197
2613 5 2 1 1 2166 2383 2414 2197 2167 2384 2415 2198
2614 5 2 1 1 2167 2384 2415 2198 2168 2385 2416 2199
2615 5 2 1 1 2168 2385 2416 2199 2169 2386 2417 2200
2616 5 2 1 1 2169 2386 2417 2200 2170 2387 2418 2201
2617 5 2 1 1 2170 2387 2418 2201 2171 2388 2419 2202
2618 5 2 1 1 2171 2388 2419 2202 2172 2389 2420 2203
2619 5 2 1 1 2172 2389 2420 2203 2173 2390 2421 2204
2620 5 2 1 1 2173 2390 2421 2204 2174 2391 2422 2205
2621 5 2 1 1 2174 2391 2422 2205 2175 2392 2423 2206
2622 5 2 1 1 2175 2392 2423 2206 2176 2393 2424 2207
2623 5 2 1 1 2176 2393 2424 2207 2177 2394 2425 2208
2624 5 2 1 1 2177 2394 2425 2208 1138 1145 1146 1139
2625 5 2 1 1 222 229 230 223 2178 2395 2426 2209
2626 5 2 1 1 2178 2395 2426 2209 2179 2396 2427 2210
2627 5 2 1 1 2179 2396 2427 2210 2180 2397 2428 2211
2628 5 2 1 1 2180 2397 2428 2211 2181 2398 2429 2212
2629 5 2 1 1 2181 2398 2429 2212 2182 2399 2430 2213
2630 5 2 1 1 2182 2399 2430 2213 2183 2400 2431 2214
2631 5 2 1 1 2183 2400 2431 2214 2184 2401 2432 2215
2632 5 2 1 1 2184 2401 2432 2215 2185 2402 2433 2216
2633 5 2 1 1 2185 2402 2433 2216 2186 2403 2434 2217
2634 5 2 1 1 2186 2403 2434 2217 2187 2404 2435 2218
2635 5 2 1 1 2187 2404 2435 2218 2188 2405 2436 2219
2636 5 2 1 1 2188 2405 2436 2219 2189 2406 2437 2220
2637 5 2 1 1 2189 2406 2437 2220 2190 2407 2438 2221
2638 5 2 1 1 2190 2407 2438 2221 2191 2408 2439 2222
2639 5 2 1 1 2191 2408 2439 2222 2192 2409 2440 2223
2640 5 2 1 1 2192 2409 2440 2223 2193 2410 2441 2224
2641 5 2 1 1 2193 2410 2441 2224 2194 2411 2442 2225
2642 5 2 1 1 2194 2411 2442 2225 2195 2412 2443 2226
2643 5 2 1 1 2195 2412 2443 2226 2196 2413 2444 2227
2644 5 2 1 1 2196 2413 2444 2227 2197 2414 2445 2228
2645 5 2 1 1 2197 2414 2445 2228 2198 2415 2446 2229
2646 5 2 1 1 2198 2415 2446 2229 2199 2416 2447 2230
2647 5 2 1 1 2199 2416 2447 2230 2200 2417 2448 2231
2648 5 2 1 1 2200 2417 2448 2231 2201 2418 2449 2232
2649 5 2 1 1 2201 2418 2449 2232 2202 2419 2450 2233
2650 5 2 1 1 2202 2419 2450 2233 2203 2420 2451 2234
2651 5 2 1 1 2203 2420 2451 2234 2204 2421 2452 2235
2652 5 2 1 1 2204 2421 2452 2235 2205 2422 2453 2236
2653 5 2 1 1 2205 2422 2453 2236 2206 2423 2454 2237
2654 5 2 1 1 2206 2423 2454 2237 2207 2424 2455 2238
2655 5 2 1 1 2207 2424 2455 2238 2208 2425 2456 2239
2656 5 2 1 1 2208 2425 2456 2239 1139 1146 1147 1140
2657 5 2 1 1 223 230 24 25 2209 2426 703 734
2658 5 2 1 1 2209 2426 703 734 2210 2427 704 735
2659 5 2 1 1 2210 2427 704 735 2211 2428 705 736
2660 5 2 1 1 2211 2428 705 736 2212 2429 706 737
2661 5 2 1 1 2212 2429 706 737 2213 2430 707 738
2662 5 2 1 1 2213 2430 707 738 2214 2431 708 739
2663 5 2 1 1 2214 2431 708 739 2215 2432 709 740
2664 5 2 1 1 2215 2432 709 740 2216 2433 710 741
2665 5 2 1 1 2216 2433 710 741 2217 2434 711 742
2666 5 2 1 1 2217 2434 711 742 2218 2435 712 743
2667 5 2 1 1 2218 2435 712 743 2219 2436 713 744
2668 5 2 1 1 2219 2436 713 744 2220 2437 714 745
2669 5 2 1 1 2220 2437 714 745 2221 2438 715 746
2670 5 2 1 1 2221 2438 715 746 2222 2439 716 747
2671 5 2 1 1 2222 2439 716 747 2223 2440 717 748
2672 5 2 1 1 2223 2440 717 748 2224 2441 718 749
2673 5 2 1 1 2224 2441 718 749 2225 2442 719 750
2674 5 2 1 1 2225 2442 719 750 2226 2443 720 751
2675 5 2 1 1 2226 2443 720 751 2227 2444 721 752
2676 5 2 1 1 2227 2444 721 752 2228 2445 722 753
2677 5 2 1 1 2228 2445 722 753 2229 2446 723 754
2678 5 2 1 1 2229 2446 723 754 2230 2447 724 755
2679 5 2 1 1 2230 2447 724 755 2231 2448 725 756
2680 5 2 1 1 2231 2448 725 756 2232 2449 726 757
2681 5 2 1 1 2232 2449 726 757 2233 2450 727 758
2682 5 2 1 1 2233 2450 727 758 2234 2451 728 759
2683 5 2 1 1 2234 2451 728 759 2235 2452 729 760
2684 5 2 1 1 2235 2452 729 760 2236 2453 730 761
2685 5 2 1 1 2236 2453 730 761 2237 2454 731 762
2686 5 2 1 1 2237 2454 731 762 2238 2455 732 763
2687 5 2 1 1 2238 2455 732 763 2239 2456 733 764
2688 5 2 1 1 2239 2456 733 764 1140 1147 52 53
2689 5 2 1 1 14 15 231 224 393 424 2457 2240
2690 5 2 1 1 393 424 2457 2240 394 425 2458 2241
2691 5 2 1 1 394 425 2458 2241 395 426 2459 2242
2692 5 2 1 1 395 426 2459 2242 396 427 2460 2243
2693 5 2 1 1 396 427 2460 2243 397 428 2461 2244
2694 5 2 1 1 397 428 2461 2244 398 429 2462 2245
2695 5 2 1 1 398 429 2462 2245 399 430 2463 2246
2696 5 2 1 1 399 430 2463 2246 400 431 2464 2247
2697 5 2 1 1 400 431 2464 2247 401 432 2465 2248
2698 5 2 1 1 401 432 2465 2248 402 433 2466 2249
2699 5 2 1 1 402 433 2466 2249 403 434 2467 2250
2700 5 2 1 1 403 434 2467 2250 404 435 2468 2251
2701 5 2 1 1 404 435 2468 2251 405 436 2469 2252
2702 5 2 1 1 405 436 2469 2252 406 437 2470 2253
2703 5 2 1 1 406 437 2470 2253 407 438 2471 2254
2704 5 2 1 1 407 438 2471 2254 408 439 2472 2255
2705 5 2 1 1 408 439 2472 2255 409 440 2473 2256
2706 5 2 1 1 409 440 2473 2256 410 441 2474 2257
2707 5 2 1 1 410 441 2474 2257 411 442 2475 2258
2708 5 2 1 1 411 442 2475 2258 412 443 2476 2259
2709 5 2 1 1 412 443 2476 2259 413 444 2477 2260
2710 5 2 1 1 413 444 2477 2260 414 445 2478 2261
2711 5 2 1 1 414 445 2478 2261 415 446 2479 2262
2712 5 2 1 1 415 446 2479 2262 416 447 2480 2263
2713 5 2 1 1 416 447 2480 2263 417 448 2481 2264
2714 5 2 1 1 417 448 2481 2264 418 449 2482 2265
2715 5 2 1 1 418 449 2482 2265 419 450 2483 2266
2716 5 2 1 1 419 450 2483 2266 420 451 2484 2267
2717 5 2 1 1 420 451 2484 2267 421 452 2485 2268
2718 5 2 1 1 421 452 2485 2268 422 453 2486 2269
2719 5 2 1 1 422 453 2486 2269 423 454 2487 2270
2720 5 2 1 1 423 454 2487 2270 42 43 1148 1141
2721 5 2 1 1 224 231 232 225 2240 2457 2488 2271
2722 5 2 1 1 2240 2457 2488 2271 2241 2458 2489 2272
2723 5 2 1 1 2241 2458 2489 2272 2242 2459 2490 2273
2724 5 2 1 1 2242 2459 2490 2273 2243 2460 2491 2274
2725 5 2 1 1 2243 2460 2491 2274 2244 2461 2492 2275
2726 5 2 1 1 2244 2461 2492 2275 2245 2462 2493 2276
2727 5 2 1 1 2245 2462 2493 2276 2246 2463 2494 2277
2728 5 2 1 1 2246 2463 2494 2277 2247 2464 2495 2278
2729 5 2 1 1 2247 2464 2495 2278 2248 2465 2496 2279
2730 5 2 1 1 2248 2465 2496 2279 2249 2466 2497 2280
2731 5 2 1 1 2249 2466 2497 2280 2250 2467 2498 2281
2732 5 2 1 1 2250 2467 2498 2281 2251 2468 2499 2282
2733 5 2 1 1 2251 2468 2499 2282 2252 2469 2500 2283
2734 5 2 1 1 2252 2469 2500 2283 2253 2470 2501 2284
2735 5 2 1 1 2253 2470 2501 2284 2254 2471 2502 2285
2736 5 2 1 1 2254 2471 2502 2285 2255 2472 2503 2286
2737 5 2 1 1 2255 2472 2503 2286 2256 2473 2504 2287
2738 5 2 1 1 2256 2473 2504 2287 2257 2474 2505 2288
2739 5 2 1 1 2257 2474 2505 2288 2258 2475 2506 2289
2740 5 2 1 1 2258 2475 2506 2289 2259 2476 2507 2290
2741 5 2 1 1 2259 2476 2507 2290 2260 2477 2508 2291
2742 5 2 1 1 2260 2477 2508 2291 2261 2478 2509 2292
2743 5 2 1 1 2261 2478 2509 2292 2262 2479 2510 2293
2744 5 2 1 1 2262 2479 2510 2293 2263 2480 2511 2294
2745 5 2 1 1 2263 2480 2511 2294 2264 2481 2512 2295
2746 5 2 1 1 2264 2481 2512 2295 2265 2482 2513 2296
2747 5 2 1 1 2265 2482 2513 2296 2266 2483 2514 2297
2748 5 2 1 1 2266 2483 2514 2297 2267 2484 2515 2298
2749 5 2 1 1 2267 2484 2515 2298 2268 2485 2516 2299
2750 5 2 1 1 2268 2485 2516 2299 2269 2486 2517 2300
2751 5 2 1 1 2269 2486 2517 2300 2270 2487 2518 2301
2752 5 2 1 1 2270 2487 2518 2301 1141 1148 1149 1142
2753 5 2 1 1 225 232 233 226 2271 2488 2519 2302
2754 5 2 1 1 2271 2488 2519 2302 2272 2489 2520 2303
2755 5 2 1 1 2272 2489 2520 2303 2273 2490 2521 2304
2756 5 2 1 1 2273 2490 2521 2304 2274 2491 2522 2305
2757 5 2 1 1 2274 2491 2522 2305 2275 2492 2523 2306
2758 5 2 1 1 2275 2492 2523 2306 2276 2493 2524 2307
2759 5 2 1 1 2276 2493 2524 2307 2277 2494 2525 2308
2760 5 2 1 1 2277 2494 2525 2308 2278 2495 2526 2309
2761 5 2 1 1 2278 2495 2526 2309 2279 2496 2527 2310
2762 5 2 1 1 2279 2496 2527 2310 2280 2497 2528 2311
2763 5 2 1 1 2280 2497 2528 2311 2281 2498 2529 2312
2764 5 2 1 1 2281 2498 2529 2312 2282 2499 2530 2313
2765 5 2 1 1 2282 2499 2530 2313 2283 2500 2531 2314
2766 5 2 1 1 2283 2500 2531 2314 2284 2501 2532 2315
2767 5 2 1 1 2284 2501 2532 2315 2285 2502 2533 2316
2768 5 2 1 1 2285 2502 2533 2316 2286 2503 2534 2317
2769 5 2 1 1 2286 2503 2534 2317 2287 2504 2535 2318
2770 5 2 1 1 2287 2504 2535 2318 2288 2505 2536 2319
2771 5 2 1 1 2288 2505 2536 2319 2289 2506 2537 2320
2772 5 2 1 1 2289 2506 2537 2320 2290 2507 2538 2321
2773 5 2 1 1 2290 2507 2538 2321 2291 2508 2539 2322
2774 5 2 1 1 2291 2508 2539 2322 2292 2509 2540 2323
2775 5 2 1 1 2292 2509 2540 2323 2293 2510 2541 2324
2776 5 2 1 1 2293 2510 2541 2324 2294 2511 2542 2325
2777 5 2 1 1 2294 2511 2542 2325 2295 2512 2543 2326
2778 5 2 1 1 2295 2512 2543 2326 2296 2513 2544 2327
2779 5 2 1 1 2296 2513 2544 2327 2297 2514 2545 2328
2780 5 2 1 1 2297 2514 2545 2328 2298 2515 2546 2329
2781 5 2 1 1 2298 2515 2546 2329 2299 2516 2547 2330
2782 5 2 1 1 2299 2516 2547 2330 2300 2517 2548 2331
2783 5 2 1 1 2300 2517 2548 2331 2301 2518 2549 2332
2784 5 2 1 1 2301 2518 2549 2332 1142 1149 1150 1143
2785 5 2 1 1 226 233 234 227 2302 2519 2550 2333
2786 5 2 1 1 2302 2519 2550 2333 2303 2520 2551 2334
2787 5 2 1 1 2303 2520 2551 2334 2304 2521 2552 2335
2788 5 2 1 1 2304 2521 2552 2335 2305 2522 2553 2336
2789 5 2 1 1 2305 2522 2553 2336 2306 2523 2554 2337
2790 5 2 1 1 2306 2523 2554 2337 2307 2524 2555 2338
2791 5 2 1 1 2307 2524 2555 2338 2308 2525 2556 2339
2792 5 2 1 1 2308 2525 2556 2339 2309 2526 2557 2340
2793 5 2 1 1 2309 2526 2557 2340 2310 2527 2558 2341
2794 5 2 1 1 2310 2527 2558 2341 2311 2528 2559 2342
2795 5 2 1 1 2311 2528 2559 2342 2312 2529 2560 2343
2796 5 2 1 1 2312 2529 2560 2343 2313 2530 2561 2344
2797 5 2 1 1 2313 2530 2561 2344 2314 2531 2562 2345
2798 5 2 1 1 2314 2531 2562 2345 2315 2532 2563 2346
2799 5 2 1 1 2315 2532 2563 2346 2316 2533 2564 2347
2800 5 2 1 1 2316 2533 2564 2347 2317 2534 2565 2348
2801 5 2 1 1 2317 2534 2565 2348 2318 2535 2566 2349
2802 5 2 1 1 2318 2535 2566 2349 2319 2536 2567 2350
2803 5 2 1 1 2319 2536 2567 2350 2320 2537 2568 2351
2804 5 2 1 1 2320 2537 2568 2351 2321 2538 2569 2352
2805 5 2 1 1 2321 2538 2569 2352 2322 2539 2570 2353
2806 5 2 1 1 2322 2539 2570 2353 2323 2540 2571 2354
2807 5 2 1 1 2323 2540 2571 2354 2324 2541 2572 2355
2808 5 2 1 1 2324 2541 2572 2355 2325 2542 2573 2356
2809 5 2 1 1 2325 2542 2573 2356 2326 2543 2574 2357
2810 5 2 1 1 2326 2543 2574 2357 2327 2544 2575 2358
2811 5 2 1 1 2327 2544 2575 2358 2328 2545 2576 2359
2812 5 2 1 1 2328 2545 2576 2359 2329 2546 2577 2360
2813 5 2 1 1 2329 2546 2577 2360 2330 2547 2578 2361
2814 5 2 1 1 2330 2547 2578 2361 2331 2548 2579 2362
2815 5 2 1 1 2331 2548 2579 2362 2332 2549 2580 2363
2816 5 2 1 1 2332 2549 2580 2363 1143 1150 1151 1144
2817 5 2 1 1 227 234 235 228 2333 2550 2581 2364
2818 5 2 1 1 2333 2550 2581 2364 2334 2551 2582 2365
2819 5 2 1 1 2334 2551 2582 2365 2335 2552 2583 2366
2820 5 2 1 1 2335 2552 2583 2366 2336 2553 2584 2367
2821 5 2 1 1 2336 2553 2584 2367 2337 2554 2585 2368
2822 5 2 1 1 2337 2554 2585 2368 2338 2555 2586 2369
2823 5 2 1 1 2338 2555 2586 2369 2339 2556 2587 2370
2824 5 2 1 1 2339 2556 2587 2370 2340 2557 2588 2371
2825 5 2 1 1 2340 2557 2588 2371 2341 2558 2589 2372
2826 5 2 1 1 2341 2558 2589 2372 2342 2559 2590 2373
2827 5 2 1 1 2342 2559 2590 2373 2343 2560 2591 2374
2828 5 2 1 1 2343 2560 2591 2374 2344 2561 2592 2375
2829 5 2 1 1 2344 2561 2592 2375 2345 2562 2593 2376
2830 5 2 1 1 2345 2562 2593 2376 2346 2563 2594 2377
2831 5 2 1 1 2346 2563 2594 2377 2347 2564 2595 2378
2832 5 2 1 1 2347 2564 2595 2378 2348 2565 2596 2379
2833 5 2 1 1 2348 2565 2596 2379 2349 2566 2597 2380
2834 5 2 1 1 2349 2566 2597 2380 2350 2567 2598 2381
2835 5 2 1 1 2350 2567 2598 2381 2351 2568 2599 2382
2836 5 2 1 1 2351 2568 2599 2382 2352 2569 2600 2383
2837 5 2 1 1 2352 2569 2600 2383 2353 2570 2601 2384
2838 5 2 1 1 2353 2570 2601 2384 2354 2571 2602 2385
2839 5 2 1 1 2354 2571 2602 2385 2355 2572 2603 2386
2840 5 2 1 1 2355 2572 2603 2386 2356 2573 2604 2387
2841 5 2 1 1 2356 2573 2604 2387 2357 2574 2605 2388
2842 5 2 1 1 2357 2574 2605 2388 2358 2575 2606 2389
2843 5 2 1 1 2358 2575 2606 2389 2359 2576 2607 2390
2844 5 2 1 1 2359 2576 2607 2390 2360 2577 2608 2391
2845 5 2 1 1 2360 2577 2608 2391 2361 2578 2609 2392
2846 5 2 1 1 2361 2578 2609 2392 2362 2579 2610 2393
2847 5 2 1 1 2362 2579 2610 2393 2363 2580 2611 2394
2848 5 2 1 1 2363 2580 2611 2394 1144 1151 1152 1145
2849 5 2 1 1 228 235 236 229 2364 2581 2612 2395
2850 5 2 1 1 2364 2581 2612 2395 2365 2582 2613 2396
2851 5 2 1 1 2365 2582 2613 2396 2366 2583 2614 2397
2852 5 2 1 1 2366 2583 2614 2397 2367 2584 2615 2398
2853 5 2 1 1 2367 2584 2615 2398 2368 2585 2616 2399
2854 5 2 1 1 2368 2585 2616 2399 2369 2586 2617 2400
2855 5 2 1 1 2369 2586 2617 2400 2370 2587 2618 2401
2856 5 2 1 1 2370 2587 2618 2401 2371 2588 2619 2402
2857 5 2 1 1 2371 2588 2619 2402 2372 2589 2620 2403
2858 5 2 1 1 2372 2589 2620 2403 2373 2590 2621 2404
2859 5 2 1 1 2373 2590 2621 2404 2374 2591 2622 2405
2860 5 2 1 1 2374 2591 2622 2405 2375 2592 2623 2406
2861 5 2 1 1 2375 2592 2623 2406 2376 2593 2624 2407
2862 5 2 1 1 2376 2593 2624 2407 2377 2594 2625 2408
2863 5 2 1 1 2377 2594 2625 2408 2378 2595 2626 2409
2864 5 2 1 1 2378 2595 2626 2409 2379 2596 2627 2410
2865 5 2 1 1 2379 2596 2627 2410 2380 2597 2628 2411
2866 5 2 1 1 2380 2597 2628 2411 2381 2598 2629 2412
2867 5 2 1 1 2381 2598 2629 2412 2382 2599 2630 2413
2868 5 2 1 1 2382 2599 2630 2413 2383 2600 2631 2414
2869 5 2 1 1 2383 2600 2631 2414 2384 2601 2632 2415
2870 5 2 1 1 2384 2601 2632 2415 2385 2602 2633 2416
2871 5 2 1 1 2385 2602 2633 2416 2386 2603 2634 2417
2872 5 2 1 1 2386 2603 2634 2417 2387 2604 2635 2418
2873 5 2 1 1 2387 2604 2635 2418 2388 2605 2636 2419
2874 5 2 1 1 2388 2605 2636 2419 2389 2606 2637 2420
2875 5 2 1 1 2389 2606 2637 2420 2390 2607 2638 2421
2876 5 2 1 1 2390 2607 2638 2421 2391 2608 2639 2422
2877 5 2 1 1 2391 2608 2639 2422 2392 2609 2640 2423
2878 5 2 1 1 2392 2609 2640 2423 2393 2610 2641 2424
2879 5 2 1 1 2393 2610 2641 2424 2394 2611 2642 2425
2880 5 2 1 1 2394 2611 2642 2425 1145 1152 1153 1146
2881 5 2 1 1 229 236 237 230 2395 2612 2643 2426
2882 5 2 1 1 2395 2612 2643 2426 2396 2613 2644 2427
2883 5 2 1 1 2396 2613 2644 2427 2397 2614 2645 2428
2884 5 2 1 1 2397 2614 2645 2428 2398 2615 2646 2429
2885 5 2 1 1 2398 2615 2646 2429 2399 2616 2647 2430
2886 5 2 1 1 2399 2616 2647 2430 2400 2617 2648 2431
2887 5 2 1 1 2400 2617 2648 2431 2401 2618 2649 2432
2888 5 2 1 1 2401 2618 2649 2432 2402 2619 2650 2433
2889 5 2 1 1 2402 2619 2650 2433 2403 2620 2651 2434
2890 5 2 1 1 2403 2620 2651 2434 2404 2621 2652 2435
2891 5 2 1 1 2404 2621 2652 2435 2405 2622 2653 2436
2892 5 2 1 1 2405 2622 2653 2436 2406 2623 2654 2437
2893 5 2 1 1 2406 2623 2654 2437 2407 2624 2655 2438
2894 5 2 1 1 2407 2624 2655 2438 2408 2625 2656 2439
2895 5 2 1 1 2408 2625 2656 2439 2409 2626 2657 2440
2896 5 2 1 1 2409 2626 2657 2440 2410 2627 2658 2441
2897 5 2 1 1 2410 2627 2658 2441 2411 2628 2659 2442
2898 5 2 1 1 2411 2628 2659 2442 2412 2629 2660 2443
2899 5 2 1 1 2412 2629 2660 2443 2413 2630 2661 2444
2900 5 2 1 1 2413 2630 2661 2444 2414 2631 2662 2445
2901 5 2 1 1 2414 2631 2662 2445 2415 2632 2663 2446
2902 5 2 1 1 2415 2632 2663 2446 2416 2633 2664 2447
2903 5 2 1 1 2416 2633 2664 2447 2417 2634 2665 2448
2904 5 2 1 1 2417 2634 2665 2448 2418 2635 2666 2449
2905 5 2 1 1 2418 2635 2666 2449 2419 2636 2667 2450
2906 5 2 1 1 2419 2636 2667 2450 2420 2637 2668 2451
2907 5 2 1 1 2420 2637 2668 2451 2421 2638 2669 2452
2908 5 2 1 1 2421 2638 2669 2452 2422 2639 2670 2453
2909 5 2 1 1 2422 2639 2670 2453 2423 2640 2671 2454
2910 5 2 1 1 2423 2640 2671 2454 2424 2641 2672 2455
2911 5 2 1 1 2424 2641 2672 2455 2425 2642 2673 2456
2912 5 2 1 1 2425 2642 2673 2456 1146 1153 1154 1147
2913 5 2 1 1 230 237 23 24 2426 2643 672 703
2914 5 2 1 1 2426 2643 672 703 2427 2644 673 704
2915 5 2 1 1 2427 2644 673 704 2428 2645 674 705
2916 5 2 1 1 2428 2645 674 705 2429 2646 675 706
2917 5 2 1 1 2429 2646 675 706 2430 2647 676 707
2918 5 2 1 1 2430 2647 676 707 2431 2648 677 708
2919 5 2 1 1 2431 2648 677 708 2432 2649 678 709
2920 5 2 1 1 2432 2649 678 709 2433 2650 679 710
2921 5 2 1 1 2433 2650 679 710 2434 2651 680 711
2922 5 2 1 1 2434 2651 680 711 2435 2652 681 712
2923 5 2 1 1 2435 2652 681 712 2436 2653 682 713
2924 5 2 1 1 2436 2653 682 713 2437 2654 683 714
2925 5 2 1 1 2437 2654 683 714 2438 2655 684 715
2926 5 2 1 1 2438 2655 684 715 2439 2656 685 716
2927 5 2 1 1 2439 2656 685 716 2440 2657 686 717
2928 5 2 1 1 2440 2657 686 717 2441 2658 687 718
2929 5 2 1 1 2441 2658 687 718 2442 2659 688 719
2930 5 2 1 1 2442 2659 688 719 2443 2660 689 720
2931 5 2 1 1 2443 2660 689 720 2444 2661 690 721
2932 5 2 1 1 2444 2661 690 721 2445 2662 691 722
2933 5 2 1 1 2445 2662 691 722 2446 2663 692 723
2934 5 2 1 1 2446 2663 692 723 2447 2664 693 724
2935 5 2 1 1 2447 2664 693 724 2448 2665 694 725
2936 5 2 1 1 2448 2665 694 725 2449 2666 695 726
2937 5 2 1 1 2449 2666 695 726 2450 2667 696 727
2938 5 2 1 1 2450 2667 696 727 2451 2668 697 728
2939 5 2 1 1 2451 2668 697 728 2452 2669 698 729
2940 5 2 1 1 2452 2669 698 729 2453 2670 699 730
2941 5 2 1 1 2453 2670 699 730 2454 2671 700 731
2942 5 2 1 1 2454 2671 700 731 2455 2672 701 732
2943 5 2 1 1 2455 2672 701 732 2456 2673 702 733
2944 5 2 1 1 2456 2673 702 733 1147 1154 51 52
2945 5 2 1 1 15 2 16 231 424 96 455 2457
2946 5 2 1 1 424 96 455 2457 425 97 456 2458
2947 5 2 1 1 425 97 456 2458 426 98 457 2459
2948 5 2 1 1 426 98 457 2459 427 99 458 2460
2949 5 2 1 1 427 99 458 2460 428 100 459 2461
2950 5 2 1 1 428 100 459 2461 429 101 460 2462
2951 5 2 1 1 429 101 460 2462 430 102 461 2463
2952 5 2 1 1 430 102 461 2463 431 103 462 2464
2953 5 2 1 1 431 103 462 2464 432 104 463 2465
2954 5 2 1 1 432 104 463 2465 433 105 464 2466
2955 5 2 1 1 433 105 464 2466 434 106 465 2467
2956 5 2 1 1 434 106 465 2467 435 107 466 2468
2957 5 2 1 1 435 107 466 2468 436 108 467 2469
2958 5 2 1 1 436 108 467 2469 437 109 468 2470
2959 5 2 1 1 437 109 468 2470 438 110 469 2471
2960 5 2 1 1 438 110 469 2471 439 111 470 2472
2961 5 2 1 1 439 111 470 2472 440 112 471 2473
2962 5 2 1 1 440 112 471 2473 441 113 472 2474
2963 5 2 1 1 441 113 472 2474 442 114 473 2475
2964 5 2 1 1 442 114 473 2475 443 115 474 2476
2965 5 2 1 1 443 115 474 2476 444 116 475 2477
2966 5 2 1 1 444 116 475 2477 445 117 476 2478
2967 5 2 1 1 445 117 476 2478 446 118 477 2479
2968 5 2 1 1 446 118 477 2479 447 119 478 2480
2969 5 2 1 1 447 119 478 2480 448 120 479 2481
2970 5 2 1 1 448 120 479 2481 449 121 480 2482
2971 5 2 1 1 449 121 480 2482 450 122 481 2483
2972 5 2 1 1 450 122 481 2483 451 123 482 2484
2973 5 2 1 1 451 123 482 2484 452 124 483 2485
2974 5 2 1 1 452 124 483 2485 453 125 484 2486
2975 5 2 1 1 453 125 484 2486 454 126 485 2487
2976 5 2 1 1 454 126 485 2487 43 6 44 1148
2977 5 2 1 1 231 16 17 232 2457 455 486 2488
2978 5 2 1 1 2457 455 486 2488 2458 456 487 2489
2979 5 2 1 1 2458 456 487 2489 2459 457 488 2490
2980 5 2 1 1 2459 457 488 2490 2460 458 489 2491
2981 5 2 1 1 2460 458 489 2491 2461 459 490 2492
2982 5 2 1 1 2461 459 490 2492 2462 460 491 2493
2983 5 2 1 1 2462 460 491 2493 2463 461 492 2494
2984 5 2 1 1 2463 461 492 2494 2464 462 493 2495
2985 5 2 1 1 2464 462 493 2495 2465 463 494 2496
2986 5 2 1 1 2465 463 494 2496 2466 464 495 2497
2987 5 2 1 1 2466 464 495 2497 2467 465 496 2498
2988 5 2 1 1 2467 465 496 2498 2468 466 497 2499
2989 5 2 1 1 2468 466 497 2499 2469 467 498 2500
2990 5 2 1 1 2469 467 498 2500 2470 468 499 2501
2991 5 2 1 1 2470 468 499 2501 2471 469 500 2502
2992 5 2 1 1 2471 469 500 2502 2472 470 501 2503
2993 5 2 1 1 2472 470 501 2503 2473 471 502 2504
2994 5 2 1 1 2473 471 502 2504 2474 472 503 2505
2995 5 2 1 1 2474 472 503 2505 2475 473 504 2506
2996 5 2 1 1 2475 473 504 2506 2476 474 505 2507
2997 5 2 1 1 2476 474 505 2507 2477 475 506 2508
2998 5 2 1 1 2477 475 506 2508 2478 476 507 2509
2999 5 2 1 1 2478 476 507 2509 2479 477 508 2510
3000 5 2 1 1 2479 477 508 2510 2480 478 509 2511
3001 5 2 1 1 2480 478 509 2511 2481 479 510 2512
3002 5 2 1 1 2481 479 510 2512 2482 480 511 2513
3003 5 2 1 1 2482 480 511 2513 2483 481 512 2514
3004 5 2 1 1 2483 481 512 2514 2484 482 513 2515
3005 5 2 1 1 2484 482 513 2515 2485 483 514 2516
3006 5 2 1 1 2485 483 514 2516 2486 484 515 2517
3007 5 2 1 1 2486 484 515 2517 2487 485 516 2518
3008 5 2 1 1 2487 485 516 2518 1148 44 45 1149
3009 5 2 1 1 232 17 18 233 2488 486 517 2519
3010 5 2 1 1 2488 486 517 2519 2489 487 518 2520
3011 5 2 1 1 2489 487 518 2520 2490 488 519 2521
3012 5 2 1 1 2490 488 519 2521 2491 489 520 2522
3013 5 2 1 1 2491 489 520 2522 2492 490 521 2523
3014 5 2 1 1 2492 490 521 2523 2493 491 522 2524
3015 5 2 1 1 2493 491 522 2524 2494 492 523 2525
3016 5 2 1 1 2494 492 523 2525 2495 493 524 2526
3017 5 2 1 1 2495 493 524 2526 2496 494 525 2527
3018 5 2 1 1 2496 494 525 2527 2497 495 526 2528
3019 5 2 1 1 2497 495 526 2528 2498 496 527 2529
3020 5 2 1 1 2498 496 527 2529 2499 497 528 2530
3021 5 2 1 1 2499 497 528 2530 2500 498 529 2531
3022 5 2 1 1 2500 498 529 2531 2501 499 530 2532
3023 5 2 1 1 2501 499 530 2532 2502 500 531 2533
3024 5 2 1 1 2502 500 531 2533 2503 501 532 2534
3025 5 2 1 1 2503 501 532 2534 2504 502 533 2535
3026 5 2 1 1 2504 502 533 2535 2505 503 534 2536
3027 5 2 1 1 2505 503 534 2536 2506 504 535 2537
3028 5 2 1 1 2506 504 535 2537 2507 505 536 2538
3029 5 2 1 1 2507 505 536 2538 2508 506 537 2539
3030 5 2 1 1 2508 506 537 2539 2509 507 538 2540
3031 5 2 1 1 2509 507 538 2540 2510 508 539 2541
3032 5 2 1 1 2510 508 539 2541 2511 509 540 2542
3033 5 2 1 1 2511 509 540 2542 2512 510 541 2543
3034 5 2 1 1 2512 510 541 2543 2513 511 542 2544
3035 5 2 1 1 2513 511 542 2544 2514 512 543 2545
3036 5 2 1 1 2514 512 543 2545 2515 513 544 2546
3037 5 2 1 1 2515 513 544 2546 2516 514 545 2547
3038 5 2 1 1 2516 514 545 2547 2517 515 546 2548
3039 5 2 1 1 2517 515 546 2548 2518 516 547 2549
3040 5 2 1 1 2518 516 547 2549 1149 45 46 1150
3041 5 2 1 1 233 18 19 234 2519 517 548 2550
3042 5 2 1 1 2519 517 548 2550 2520 518 549 2551
3043 5 2 1 1 2520 518 549 2551 2521 519 550 2552
3044 5 2 1 1 2521 519 550 2552 2522 520 551 2553
3045 5 2 1 1 2522 520 551 2553 2523 521 552 2554
3046 5 2 1 1 2523 521 552 2554 2524 522 553 2555
3047 5 2 1 1 2524 522 553 2555 2525 523 554 2556
3048 5 2 1 1 2525 523 554 2556 2526 524 555 2557
3049 5 2 1 1 2526 524 555 2557 2527 525 556 2558
3050 5 2 1 1 2527 525 556 2558 2528 526 557 2559
3051 5 2 1 1 2528 526 557 2559 2529 527 558 2560
3052 5 2 1 1 2529 527 558 2560 2530 528 559 2561
3053 5 2 1 1 2530 528 559 2561 2531 529 560 2562
3054 5 2 1 1 2531 529 560 2562 2532 530 561 2563
3055 5 2 1 1 2532 530 561 2563 2533 531 562 2564
3056 5 2 1 1 2533 531 562 2564 2534 532 563 2565
3057 5 2 1 1 2534 532 563 2565 2535 533 564 2566
3058 5 2 1 1 2535 533 564 2566 2536 534 565 2567
3059 5 2 1 1 2536 534 565 2567 2537 535 566 2568
3060 5 2 1 1 2537 535 566 2568 2538 536 567 2569
3061 5 2 1 1 2538 536 567 2569 2539 537 568 2570
3062 5 2 1 1 2539 537 568 2570 2540 538 569 2571
3063 5 2 1 1 2540 538 569 2571 2541 539 570 2572
3064 5 2 1 1 2541 539 570 2572 2542 540 571 2573
3065 5 2 1 1 2542 540 571 2573 2543 541 572 2574
3066 5 2 1 1 2543 541 572 2574 2544 542 573 2575
3067 5 2 1 1 2544 542 573 2575 2545 543 574 2576
3068 5 2 1 1 2545 543 574 2576 2546 544 575 2577
3069 5 2 1 1 2546 544 575 2577 2547 545 576 2578
3070 5 2 1 1 2547 545 576 2578 2548 546 577 2579
3071 5 2 1 1 2548 546 577 2579 2549 547 578 2580
3072 5 2 1 1 2549 547 578 2580 1150 46 47 1151
3073 5 2 1 1 234 19 20 235 2550 548 579 2581
3074 5 2 1 1 2550 548 579 2581 2551 549 580 2582
3075 5 2 1 1 2551 549 580 2582 2552 550 581 2583
3076 5 2 1 1 2552 550 581 2583 2553 551 582 2584
3077 5 2 1 1 2553 551 582 2584 2554 552 583 2585
3078 5 2 1 1 2554 552 583 2585 2555 553 584 2586
3079 5 2 1 1 2555 553 584 2586 2556 554 585 2587
3080 5 2 1 1 2556 554 585 2587 2557 555 586 2588
3081 5 2 1 1 2557 555 586 2588 2558 556 587 2589
3082 5 2 1 1 2558 556 587 2589 2559 557 588 2590
3083 5 2 1 1 2559 557 588 2590 2560 558 589 2591
3084 5 2 1 1 2560 558 589 2591 2561 559 590 2592
3085 5 2 1 1 2561 559 590 2592 2562 560 591 2593
3086 5 2 1 1 2562 560 591 2593 2563 561 592 2594
3087 5 2 1 1 2563 561 592 2594 2564 562 593 2595
3088 5 2 1 1 2564 562 593 2595 2565 563 594 2596
3089 5 2 1 1 2565 563 594 2596 2566 564 595 2597
3090 5 2 1 1 2566 564 595 2597 2567 565 596 2598
3091 5 2 1 1 2567 565 596 2598 2568 566 597 2599
3092 5 2 1 1 2568 566 597 2599 2569 567 598 2600
3093 5 2 1 1 2569 567 598 2600 2570 568 599 2601
3094 5 2 1 1 2570 568 599 2601 2571 569 600 2602
3095 5 2 1 1 2571 569 600 2602 2572 570 601 2603
3096 5 2 1 1 2572 570 601 2603 2573 571 602 2604
3097 5 2 1 1 2573 571 602 2604 2574 572 603 2605
3098 5 2 1 1 2574 572 603 2605 2575 573 604 2606
3099 5 2 1 1 2575 573 604 2606 2576 574 605 2607
3100 5 2 1 1 2576 574 605 2607 2577 575 606 2608
3101 5 2 1 1 2577 575 606 2608 2578 576 607 2609
3102 5 2 1 1 2578 576 607 2609 2579 577 608 2610
3103 5 2 1 1 2579 577 608 2610 2580 578 609 2611
3104 5 2 1 1 2580 578 609 2611 1151 47 48 1152
3105 5 2 1 1 235 20 21 236 2581 579 610 2612
3106 5 2 1 1 2581 579 610 2612 2582 580 611 2613
3107 5 2 1 1 2582 580 611 2613 2583 581 612 2614
3108 5 2 1 1 2583 581 612 2614 2584 582 613 2615
3109 5 2 1 1 2584 582 613 2615 2585 583 614 2616
3110 5 2 1 1 2585 583 614 2616 2586 584 615 2617
3111 5 2 1 1 2586 584 615 2617 2587 585 616 2618
3112 5 2 1 1 2587 585 616 2618 2588 586 617 2619
3113 5 2 1 1 2588 586 617 2619 2589 587 618 2620
3114 5 2 1 1 2589 587 618 2620 2590 588 619 2621
3115 5 2 1 1 2590 588 619 2621 2591 589 620 2622
3116 5 2 1 1 2591 589 620 2622 2592 590 621 2623
3117 5 2 1 1 2592 590 621 2623 2593 591 622 2624
3118 5 2 1 1 2593 591 622 2624 2594 592 623 2625
3119 5 2 1 1 2594 592 623 2625 2595 593 624 2626
3120 5 2 1 1 2595 593 624 2626 2596 594 625 2627
3121 5 2 1 1 2596 594 625 2627 2597 595 626 2628
3122 5 2 1 1 2597 595 626 2628 2598 596 627 2629
3123 5 2 1 1 2598 596 627 2629 2599 597 628 2630
3124 5 2 1 1 2599 597 628 2630 2600 598 629 2631
3125 5 2 1 1 2600 598 629 2631 2601 599 630 2632
3126 5 2 1 1 2601 599 630 2632 2602 600 631 2633
3127 5 2 1 1 2602 600 631 2633 2603 601 632 2634
3128 5 2 1 1 2603 601 632 2634 2604 602 633 2635
3129 5 2 1 1 2604 602 633 2635 2605 603 634 2636
3130 5 2 1 1 2605 603 634 2636 2606 604 635 2637
3131 5 2 1 1 2606 604 635 2637 2607 605 636 2638
3132 5 2 1 1 2607 605 636 2638 2608 606 637 2639
3133 5 2 1 1 2608 606 637 2639 2609 607 638 2640
3134 5 2 1 1 2609 607 638 2640 2610 608 639 2641
3135 5 2 1 1 2610 608 639 2641 2611 609 640 2642
3136 5 2 1 1 2611 609 640 2642 1152 48 49 1153
3137 5 2 1 1 236 21 22 237 2612 610 641 2643
3138 5 2 1 1 2612 610 641 2643 2613 611 642 2644
3139 5 2 1 1 2613 611 642 2644 2614 612 643 2645
3140 5 2 1 1 2614 612 643 2645 2615 613 644 2646
3141 5 2 1 1 2615 613 644 2646 2616 614 645 2647
3142 5 2 1 1 2616 614 645 2647 2617 615 646 2648
3143 5 2 1 1 2617 615 646 2648 2618 616 647 2649
3144 5 2 1 1 2618 616 647 2649 2619 617 648 2650
3145 5 2 1 1 2619 617 648 2650 2620 618 649 2651
3146 5 2 1 1 2620 618 649 2651 2621 619 650 2652
3147 5 2 1 1 2621 619 650 2652 2622 620 651 2653
3148 5 2 1 1 2622 620 651 2653 2623 621 652 2654
3149 5 2 1 1 2623 621 652 2654 2624 622 653 2655
3150 5 2 1 1 2624 622 653 2655 2625 623 654 2656
3151 5 2 1 1 2625 623 654 2656 2626 624 655 2657
3152 5 2 1 1 2626 624 655 2657 2627 625 656 2658
3153 5 2 1 1 2627 625 656 2658 2628 626 657 2659
3154 5 2 1 1 2628 626 657 2659 2629 627 658 2660
3155 5 2 1 1 2629 627 658 2660 2630 628 659 2661
3156 5 2 1 1 2630 628 659 2661 2631 629 660 2662
3157 5 2 1 1 2631 629 660 2662 2632 630 661 2663
3158 5 2 1 1 2632 630 661 2663 2633 631 662 2664
3159 5 2 1 1 2633 631 662 2664 2634 632 663 2665
3160 5 2 1 1 2634 632 663 2665 2635 633 664 2666
3161 5 2 1 1 2635 633 664 2666 2636 634 665 2667
3162 5 2 1 1 2636 634 665 2667 2637 635 666 2668
3163 5 2 1 1 2637 635 666 2668 2638 636 667 2669
3164 5 2 1 1 2638 636 667 2669 2639 637 668 2670
3165 5 2 1 1 2639 637 668 2670 2640 638 669 2671
3166 5 2 1 1 2640 638 669 2671 2641 639 670 2672
3167 5 2 1 1 2641 639 670 2672 2642 640 671 2673
3168 5 2 1 1 2642 640 671 2673 1153 49 50 1154
3169 5 2 1 1 237 22 3 23 2643 641 127 672
3170 5 2 1 1 2643 641 127 672 2644 642 128 673
3171 5 2 1 1 2644 642 128 673 2645 643 129 674
3172 5 2 1 1 2645 643 129 674 2646 644 130 675
3173 5 2 1 1 2646 644 130 675 2647 645 131 676
3174 5 2 1 1 2647 645 131 676 2648 646 132 677
3175 5 2 1 1 2648 646 132 677 2649 647 133 678
3176 5 2 1 1 2649 647 133 678 2650 648 134 679
3177 5 2 1 1 2650 648 134 679 2651 649 135 680
3178 5 2 1 1 2651 649 135 680 2652 650 136 681
3179 5 2 1 1 2652 650 136 681 2653 651 137 682
3180 5 2 1 1 2653 651 137 682 2654 652 138 683
3181 5 2 1 1 2654 652 138 683 2655 653 139 684
3182 5 2 1 1 2655 653 139 684 2656 654 140 685
3183 5 2 1 1 2656 654 140 685 2657 655 141 686
3184 5 2 1 1 2657 655 141 686 2658 656 142 687
3185 5 2 1 1 2658 656 142 687 2659 657 143 688
3186 5 2 1 1 2659 657 143 688 2660 658 144 689
3187 5 2 1 1 2660 658 144 689 2661 659 145 690
3188 5 2 1 1 2661 659 145 690 2662 660 146 691
3189 5 2 1 1 2662 660 146 691 2663 661 147 692
3190 5 2 1 1 2663 661 147 692 2664 662 148 693
3191 5 2 1 1 2664 662 148 693 2665 663 149 694
3192 5 2 1 1 2665 663 149 694 2666 664 150 695
3193 5 2 1 1 2666 664 150 695 2667 665 151 696
3194 5 2 1 1 2667 665 151 696 2668 666 152 697
3195 5 2 1 1 2668 666 152 697 2669 667 153 698
3196 5 2 1 1 2669 667 153 698 2670 668 154 699
3197 5 2 1 1 2670 668 154 699 2671 669 155 700
3198 5 2 1 1 2671 669 155 700 2672 670 156 701
3199 5 2 1 1 2672 670 156 701 2673 671 157 702
3200 5 2 1 1 2673 671 157 702 1154 50 7 51
$EndElements
