$MeshFormat
2.2 0 8
$EndMeshFormat
$PhysicalNames
4
2 1 "bottom"
2 2 "top"
2 3 "wall"
3 1 "domain"
$EndPhysicalNames
$Nodes
6625
1 12.7 -3.110602869834277e-15 25.4
2 12.7 -3.110602869834277e-15 0
3 12.45597306112103 2.47764708960483 25.4
4 11.73327006289334 4.860079591036643 25.4
5 10.55966407624232 7.055741959348953 25.4
6 8.980256121069148 8.980256121069157 25.4
7 7.055741959348942 10.55966407624233 25.4
8 4.86007959103663 11.73327006289334 25.4
9 2.477647089604818 12.45597306112103 25.4
10 -1.332218169528092e-14 12.7 25.4
11 -2.477647089604836 12.45597306112102 25.4
12 -4.860079591036644 11.73327006289334 25.4
13 -7.055741959348954 10.55966407624232 25.4
14 -8.980256121069161 8.980256121069145 25.4
15 -10.55966407624233 7.055741959348937 25.4
16 -11.73327006289334 4.860079591036631 25.4
17 -12.45597306112103 2.477647089604822 25.4
18 -12.7 -9.724564495274451e-15 25.4
19 -12.45597306112103 -2.47764708960483 25.4
20 -11.73327006289334 -4.860079591036638 25.4
21 -10.55966407624233 -7.055741959348945 25.4
22 -8.980256121069162 -8.980256121069143 25.4
23 -7.055741959348966 -10.55966407624231 25.4
24 -4.860079591036658 -11.73327006289333 25.4
25 -2.477647089604845 -12.45597306112102 25.4
26 -1.36128180825673e-14 -12.7 25.4
27 2.477647089604818 -12.45597306112103 25.4
28 4.860079591036632 -11.73327006289334 25.4
29 7.055741959348935 -10.55966407624233 25.4
30 8.980256121069143 -8.980256121069164 25.4
31 10.55966407624232 -7.055741959348957 25.4
32 11.73327006289334 -4.860079591036648 25.4
33 12.45597306112102 -2.477647089604835 25.4
34 12.6388460287369 1.24481768218542 25.4
35 12.15314226379905 3.686615401131674 25.4
36 11.20040005722411 5.986738557690173 25.4
37 9.817232757706755 8.056794708878304 25.4
38 8.056794708878291 9.817232757706764 25.4
39 5.986738557690161 11.20040005722411 25.4
40 3.68661540113166 12.15314226379906 25.4
41 1.244817682185408 12.6388460287369 25.4
42 -1.244817682185429 12.6388460287369 25.4
43 -3.686615401131678 12.15314226379905 25.4
44 -5.986738557690176 11.20040005722411 25.4
45 -8.056794708878304 9.817232757706753 25.4
46 -9.817232757706766 8.056794708878289 25.4
47 -11.20040005722411 5.986738557690162 25.4
48 -12.15314226379906 3.686615401131661 25.4
49 -12.6388460287369 1.244817682185411 25.4
50 -12.6388460287369 -1.244817682185425 25.4
51 -12.15314226379905 -3.686615401131669 25.4
52 -11.20040005722411 -5.986738557690169 25.4
53 -9.817232757706766 -8.056794708878289 25.4
54 -8.056794708878311 -9.817232757706748 25.4
55 -5.986738557690193 -11.2004000572241 25.4
56 -3.686615401131694 -12.15314226379905 25.4
57 -1.24481768218544 -12.6388460287369 25.4
58 1.244817682185402 -12.6388460287369 25.4
59 3.686615401131657 -12.15314226379906 25.4
60 5.986738557690159 -11.20040005722411 25.4
61 8.056794708878282 -9.817232757706773 25.4
62 9.817232757706746 -8.056794708878311 25.4
63 11.2004000572241 -5.986738557690184 25.4
64 12.15314226379905 -3.686615401131684 25.4
65 12.6388460287369 -1.24481768218543 25.4
66 12.7 -3.110602869834277e-15 2.309090909090914
67 12.7 -3.110602869834277e-15 4.618181818181825
68 12.7 -3.110602869834277e-15 6.927272727272743
69 12.7 -3.110602869834277e-15 9.236363636363659
70 12.7 -3.110602869834277e-15 11.54545454545457
71 12.7 -3.110602869834277e-15 13.85454545454547
72 12.7 -3.110602869834277e-15 16.16363636363638
73 12.7 -3.110602869834277e-15 18.47272727272728
74 12.7 -3.110602869834277e-15 20.78181818181819
75 12.7 -3.110602869834277e-15 23.09090909090909
76 12.7 -3.110602869834277e-15 1.154545454545457
77 12.7 -3.110602869834277e-15 3.463636363636369
78 12.7 -3.110602869834277e-15 5.772727272727284
79 12.7 -3.110602869834277e-15 8.081818181818202
80 12.7 -3.110602869834277e-15 10.39090909090911
81 12.7 -3.110602869834277e-15 12.70000000000002
82 12.7 -3.110602869834277e-15 15.00909090909093
83 12.7 -3.110602869834277e-15 17.31818181818183
84 12.7 -3.110602869834277e-15 19.62727272727274
85 12.7 -3.110602869834277e-15 21.93636363636364
86 12.7 -3.110602869834277e-15 24.24545454545455
87 12.45597306112103 2.47764708960483 0
88 11.73327006289334 4.860079591036643 0
89 10.55966407624232 7.055741959348953 0
90 8.980256121069148 8.980256121069157 0
91 7.055741959348942 10.55966407624233 0
92 4.86007959103663 11.73327006289334 0
93 2.477647089604818 12.45597306112103 0
94 -1.332218169528092e-14 12.7 0
95 -2.477647089604836 12.45597306112102 0
96 -4.860079591036644 11.73327006289334 0
97 -7.055741959348954 10.55966407624232 0
98 -8.980256121069161 8.980256121069145 0
99 -10.55966407624233 7.055741959348937 0
100 -11.73327006289334 4.860079591036631 0
101 -12.45597306112103 2.477647089604822 0
102 -12.7 -9.724564495274451e-15 0
103 -12.45597306112103 -2.47764708960483 0
104 -11.73327006289334 -4.860079591036638 0
105 -10.55966407624233 -7.055741959348945 0
106 -8.980256121069162 -8.980256121069143 0
107 -7.055741959348966 -10.55966407624231 0
108 -4.860079591036658 -11.73327006289333 0
109 -2.477647089604845 -12.45597306112102 0
110 -1.36128180825673e-14 -12.7 0
111 2.477647089604818 -12.45597306112103 0
112 4.860079591036632 -11.73327006289334 0
113 7.055741959348935 -10.55966407624233 0
114 8.980256121069143 -8.980256121069164 0
115 10.55966407624232 -7.055741959348957 0
116 11.73327006289334 -4.860079591036648 0
117 12.45597306112102 -2.477647089604835 0
118 12.6388460287369 1.24481768218542 0
119 12.15314226379905 3.686615401131674 0
120 11.20040005722411 5.986738557690173 0
121 9.817232757706755 8.056794708878304 0
122 8.056794708878291 9.817232757706764 0
123 5.986738557690161 11.20040005722411 0
124 3.68661540113166 12.15314226379906 0
125 1.244817682185408 12.6388460287369 0
126 -1.244817682185429 12.6388460287369 0
127 -3.686615401131678 12.15314226379905 0
128 -5.986738557690176 11.20040005722411 0
129 -8.056794708878304 9.817232757706753 0
130 -9.817232757706766 8.056794708878289 0
131 -11.20040005722411 5.986738557690162 0
132 -12.15314226379906 3.686615401131661 0
133 -12.6388460287369 1.244817682185411 0
134 -12.6388460287369 -1.244817682185425 0
135 -12.15314226379905 -3.686615401131669 0
136 -11.20040005722411 -5.986738557690169 0
137 -9.817232757706766 -8.056794708878289 0
138 -8.056794708878311 -9.817232757706748 0
139 -5.986738557690193 -11.2004000572241 0
140 -3.686615401131694 -12.15314226379905 0
141 -1.24481768218544 -12.6388460287369 0
142 1.244817682185402 -12.6388460287369 0
143 3.686615401131657 -12.15314226379906 0
144 5.986738557690159 -11.20040005722411 0
145 8.056794708878282 -9.817232757706773 0
146 9.817232757706746 -8.056794708878311 0
147 11.2004000572241 -5.986738557690184 0
148 12.15314226379905 -3.686615401131684 0
149 12.6388460287369 -1.24481768218543 0
150 12.5584034496867 -1.891164401869147 12.77473543151949
151 12.54256198347103 1.993524238826127 12.70000000000002
152 -8.132365399591674 -9.754723625378842 23.2509863090997
153 -12.65802990204133 -1.0316389867718 2.11422881137145
154 -1.244537796927778 12.63887359189964 23.24666648951482
155 3.453468309458645 -12.22143840288715 23.14976390593668
156 -11.09261114352941 6.184171570909654 2.125968923206703
157 -5.950402972486772 11.21974618540992 2.14942915510811
158 -3.912947073878482 -12.08217054990641 2.10058872821308
159 3.72144917834425 12.14252099084045 2.152341631290913
160 -9.960144223189449 -7.879436975651612 2.107086483590115
161 -12.6388460287369 1.244817682185411 23.24477997006264
162 -9.817095988865139 8.056961359309598 23.24442660396803
163 3.482154977523201 -12.21329589883543 2.097036275813623
164 5.986566586527062 11.20049197602845 23.23810752133766
165 9.827457885030698 8.044319207860161 2.134160103369866
166 9.817232757706746 -8.056794708878311 2.155220029937361
167 9.817232757706746 -8.056794708878311 23.24477997006264
168 12.40077404573378 2.740584438884438 8.222315387615948
169 12.42846377122198 2.612142470735979 17.07423792177434
170 12.53926771690277 -2.014141286960785 8.182595656213438
171 12.54243516241861 -1.994321989179584 17.30985477584955
172 9.839460081467001 8.029634194981574 23.2369903555717
173 -3.686615401131694 -12.15314226379905 23.24477997006264
174 -1.204991476948445 12.64270523030896 2.15094044479638
175 -5.986711789162086 11.20041436525934 23.24481040581103
176 -11.18255172141825 -6.020011378544535 23.29700003257522
177 12.0795647085455 -3.920984117802822 23.2799014321441
178 12.15314226379905 3.686615401131674 2.15522002993742
179 12.0735720027698 3.939398316232207 23.22794056270654
180 12.15314226379905 -3.686615401131684 2.15522002993742
181 11.15006345902463 6.079974083803627 23.23759388410761
182 10.57110955499814 7.038582440820528 21.11914116245614
183 9.024207582312195 8.936088490572319 21.09793997271878
184 9.85767057266804 8.007267379122201 18.99292730309148
185 8.139315447083195 9.748925276812457 18.96882261858795
186 9.085109563751294 8.874163860028435 16.84450308260262
187 7.205203043188718 10.4582526794118 16.8299958955622
188 8.178896614648027 9.715742388870705 14.73978397859155
189 6.161297761322213 11.10533249823371 14.71000470610052
190 7.225240300290476 10.44441968723291 12.60284786014204
191 5.079738060003752 11.63985658166583 12.57098586715909
192 3.901549728877496 12.08585577082136 14.68501306670155
193 2.734217019528299 12.40217953789259 12.53903856143697
194 1.49602015356966 12.61157895349006 14.6606203359867
195 0.2836202623961824 12.69683265805919 12.5077028804917
196 -0.9791559288236168 12.66219782135193 14.63326567175177
197 -2.18596313018783 12.51045823275308 12.47737642961058
198 -3.419451759835142 12.23099953651215 14.60686586025702
199 -4.576536268859557 11.84674283420608 12.44764473375878
200 -5.733146456419634 11.33230037147105 14.5804506282808
201 -6.794614821909613 10.72954842581393 12.41840287984133
202 -7.831102478408224 9.998191535106162 14.55543896090375
203 -8.754490918651561 9.20048307184179 12.38956692412584
204 -9.629251872412258 8.280550004537441 14.52746195414462
205 -10.37973833116692 7.317857075435692 12.36095209832421
206 -11.05843322804487 6.245082428669224 14.49953610612224
207 -11.60713288314111 5.154072781122163 12.33245303829626
208 -12.0638107802445 3.969190025490918 14.47214242099729
209 -12.38934937316008 2.791777589597318 12.30407455782391
210 -12.6064116712171 1.538955741989129 14.44107145263745
211 -12.695917237968 0.3220023084809554 12.27561126848071
212 -12.66476092539168 -0.9454262016000696 14.41128709201723
213 -12.51495755123056 -2.160054974045163 12.24739670586575
214 -12.24182393817009 -3.380495032808895 14.37456580736842
215 -11.85364517425982 -4.558628750265459 12.21919467238999
216 -11.35415608034392 -5.689739862523528 14.34957917010896
217 -10.73735138220602 -6.782277294171803 12.19122568310202
218 -10.00470020720724 -7.822785550167374 14.33168604739434
219 -9.207107869770871 -8.747523345176237 12.16286725120481
220 -8.28803680942579 -9.622808625635404 14.31627270006879
221 -7.323472950150138 -10.37577678771181 12.13497118861256
222 -6.239048598900517 -11.06183857143818 14.29350550244438
223 -5.157629362506969 -11.60555295360828 12.10669990160399
224 -3.973241238027561 -12.06247711145755 14.24715451562589
225 -2.794780792400242 -12.38867225825394 12.07820702607813
226 -1.543516729560857 -12.60585404110193 14.22315583157562
227 -0.3247477552263789 -12.69584730908006 12.05042095111481
228 0.9445337342876583 -12.66482751658279 14.19055684275644
229 2.156208802098255 -12.51562078371481 12.02396252031417
230 3.39414923053595 -12.23804522792967 14.16112907428357
231 4.551439105585738 -11.85640763756649 11.99610544699748
232 5.702640394741287 -11.34768225358222 14.1278102760812
233 6.764394413636778 -10.74862634092187 11.97638667238879
234 7.796453736612664 -10.02523361986435 14.09646807061381
235 8.703482257912707 -9.248751082508315 11.95306988674027
236 6.205991139114507 11.08041849305486 10.45831197725231
237 8.225343568667915 9.676451993234574 10.49097846541969
238 -9.597322219757206 8.317536066056739 10.2221800077166
239 -12.60019496562686 1.589052179190968 10.1353964099148
240 -11.35883983217857 -5.680383584487359 10.05162209941713
241 1.542883376323295 12.6059315755348 10.38268371303036
242 7.758891319557 -10.05433267259956 9.845587142586718
243 -6.292434876293981 -11.03155761112632 9.965309129432587
244 -3.375117734197859 12.24330757108973 10.31416947355837
245 0.8962132408134909 -12.66833855827158 9.883381578239689
246 6.809832085457455 -10.71989677972107 16.24432818623785
247 8.745256425057152 -9.209261102824515 16.20907141073417
248 -0.2765203098153891 -12.69698926983321 16.35873884044279
249 -12.52900298053135 -2.077037388646784 16.51829811124293
250 -11.63011157727959 5.102009868672081 16.64371766143983
251 2.693985872744607 12.41098062674551 16.81155687869022
252 7.272857616579743 10.41131798039797 8.352561144660159
253 9.137816452894507 8.819881545304927 8.382584972353392
254 9.542770165183212 -8.380067874097987 9.826377870042606
255 9.941883762595447 7.90246463143246 14.77721735868707
256 -5.114012081157044 -11.6248389422727 16.41628176939681
257 -9.307999159145055 -8.640089794287727 16.48416444669382
258 -8.792926319327545 9.16375723941206 16.68087477890721
259 -4.610476126758932 11.83357553255084 16.72291940559127
260 10.28895278703027 -7.444961420065388 11.91602376672932
261 7.843333977091755 -9.988599107172037 18.37148628222124
262 9.622157703972098 -8.288792500713864 18.34108823195472
263 8.681058120604042 -9.269802042476128 7.723716086380287
264 6.742016197425478 -10.76267706445067 7.736932665767453
265 10.28993527040879 -7.443603437233683 7.710427573169278
266 5.774413954230578 -11.31132810439107 18.39399847244787
267 10.3395341788492 -7.374553068790619 16.18566232950757
268 9.91952730407858 7.930509319308536 10.51236649926323
269 10.65210982502086 6.915385475567795 8.417707793015627
270 11.01217674500985 -6.326291436273243 18.2705162030454
271 5.129273943071423 11.61811296282355 8.311266959630037
272 6.177560989602905 11.09629398581961 6.212917384022774
273 6.117646626130518 11.12943842957918 18.94306550174236
274 7.727998638969235 -10.07809689554976 5.613299414160428
275 6.62135993685969 -10.83732405100768 20.53720379320814
276 11.23970348863773 5.912619173217973 10.53633592595634
277 11.22040117473628 5.949167797093698 19.02332331000182
278 4.00342825737688 12.05249194930394 6.155913538865017
279 9.961257490025012 7.878029526310535 6.305661720429301
280 11.20967057765545 5.969362239003908 6.354559660982485
281 5.661200317670439 -11.36841286034282 5.633425481250955
282 4.525889759402212 -11.86618396476888 7.753832917648112
283 3.379653158156335 -12.24205638487929 5.620465873392611
284 11.46181622632771 -5.469622363005584 16.17340919203489
285 6.973554231996851 -10.61411990573871 3.540695126370571
286 10.37820761767892 -7.320027776200795 20.3849103329119
287 11.56938261418754 -5.238261727570985 20.33275026906403
288 4.562067205993381 -11.85232225380325 20.56352016066813
289 3.543141877117517 -12.19574293098277 18.45115266097179
290 2.29135638273364 -12.49158460433686 20.58613410874015
291 1.121944333419394 -12.65034548590307 22.93703333319384
292 -0.2133267588895964 -12.69820820800878 20.79793305141192
293 10.98627312113871 -6.371169665590863 14.09778514274934
294 11.98614703538477 -4.197889856360791 14.07449213796636
295 10.62468232666547 6.957451074742992 12.60581170287787
296 11.82264603025744 4.638430860025608 12.65247447249654
297 12.11667527212784 3.80475759409264 10.55238030485603
298 12.14178596479285 3.723846611389805 14.7555248043209
299 11.29605489926531 5.804234980838059 14.80385531730172
300 11.74027710674676 4.843128478246047 16.85476970112384
301 12.09254138115799 3.880778651892103 19.0918191129857
302 10.68401245465705 6.865994310275318 4.224045638830392
303 10.63350550841594 6.943958568603919 16.844005183649
304 9.098323915887677 8.860615211235972 12.61051189532744
305 11.7247211386212 4.880667395097633 21.12581721432019
306 10.95537245438569 -6.424158651970491 9.79726253130733
307 11.40671180009428 -5.5836301730675 7.679418751654121
308 10.96629802798136 -6.405490423183235 5.611788021787456
309 11.96802179667958 -4.249288678614617 5.608392020620604
310 11.97452100595062 -4.230939219375226 9.767638377970616
311 11.44131611676221 -5.512375669012156 11.83892332119022
312 11.70760107050863 4.921592950846817 8.429773643948462
313 8.07399502296658 9.803091572004767 23.23728152777404
314 11.2005167174742 -5.986520296598089 2.122792891084481
315 11.18409054139059 -6.017152047437181 23.13158162608111
316 8.795452427845456 -9.161332686323941 21.17994233464071
317 7.41242473054498 -10.31241773853276 22.89593307880755
318 9.571116100627563 -8.347678514911065 14.0594799123895
319 12.00534133620576 -4.142677805621532 18.22528836357021
320 12.35365044789793 -2.94572921551713 20.27952240416162
321 8.064217957521601 9.811135955310482 2.139408991006607
322 9.031919050461118 8.928294252874817 4.274150572611436
323 0.8652520656086151 -12.67049086906107 18.56341000912825
324 -1.602311002139651 -12.59851576386767 18.74360592821371
325 -2.67814619619528 -12.41440828037344 20.99416966759771
326 -4.00015422206081 -12.0535789788647 18.90831439170075
327 -5.116226323283345 -11.62386459870135 20.9938598489161
328 -6.224255598576621 -11.07016902506857 18.8787015547204
329 -7.365802593379008 -10.34576977104029 16.74651399249185
330 -8.525107192742109 -9.413423784800976 18.80123646552278
331 -10.19620939144798 -7.571480307426541 18.43389929045993
332 -9.618677212796978 -8.292831161673327 20.73743292312113
333 -11.04735368357821 -6.264660931760858 20.28914321226061
334 -11.45346059940794 -5.487097620583208 18.03043961777995
335 -11.93296954720971 -4.34675025569282 20.00503456549886
336 9.540170112970504 -8.383027747513685 5.607708977102484
337 -2.75016149209754 -12.3986536272042 16.53223823410278
338 3.692073131492042 12.15148534096612 23.24804271132794
339 4.87236928777111 11.72817196001085 21.09689530354347
340 2.489532535245523 12.45360300298488 21.10301017538021
341 1.248191831648929 12.63851324924751 23.24748911710109
342 0.005288283632913182 12.69999889897854 21.09477076647067
343 -2.47131312154381 12.45723129171508 21.08921980575102
344 -1.187748745002992 12.64433679236455 18.95994235771071
345 1.356870300967333 12.62730782812998 18.93341301651818
346 -3.686241984239769 12.15325553231018 23.24548362081608
347 -4.860079591036642 11.73327006289334 21.08988499204403
348 -7.055212503506967 10.56001782812695 21.08992421175795
349 -5.984194263339763 11.20175963938753 18.96170829611075
350 -8.056688410817969 9.817319993307308 23.2446476409286
351 6.024401004429062 11.18018750011976 2.140820726310375
352 3.956119017899937 12.06810350950846 10.42331087170192
353 2.204733809044318 -12.50716390039152 16.3137580310382
354 -1.591209220856853 -12.59992274640841 9.909377503008065
355 -0.3572183579924769 -12.69497518881834 7.760179467030515
356 -2.830149874900894 -12.38064019692029 7.77335353732321
357 -1.614959036326771 -12.59690070259294 5.61685882513545
358 -4.021798329264191 -12.04637448358334 5.645969803749654
359 0.8508005083804826 -12.67146946865041 5.575379760951292
360 -0.3764780568525927 -12.69441862681031 3.742843246493976
361 -5.188223163300539 -11.59190840232064 7.797452129280233
362 -6.32946907649331 -11.01035063972601 5.651914481190951
363 -4.014807744575181 -12.0487061037316 9.93746693567507
364 -7.358786271192754 -10.35076154758214 7.822950438918057
365 -8.342356622413552 -9.575755113017079 5.694867716128514
366 -9.236084175383516 -8.716923144391615 7.850797486394162
367 -10.03801666533797 -7.779988523538908 5.726573520689929
368 -7.393050746623388 -10.32631592862873 3.801110915190946
369 -10.75661784967066 -6.751679230839281 7.879253312688158
370 -11.37963466693436 -5.638609300803321 5.737032042910545
371 -10.03470264613041 -7.784262508660881 10.0228046641358
372 -8.323474880024209 -9.592172116971525 9.994823125341101
373 -11.86773359232827 -4.521824784478401 7.908040677909856
374 -12.26187889877266 -3.307011622573126 5.781814945493161
375 -12.52246829716923 -2.116078388527102 7.939075043367158
376 -12.67112598534369 -0.8559008491338076 5.819683442825362
377 -11.83586579991186 -4.604593442039879 3.848763833478262
378 -12.66803792516668 -0.9004527342058276 10.10787829147845
379 -12.69457159133088 0.3712844092808388 7.967378342159793
380 -12.37869425906423 2.838649052033428 7.995576325230416
381 -12.04841040332899 4.015695052285946 10.16434555060916
382 -11.58705276752797 5.199058391913145 8.024476480918931
383 -12.03168143550754 4.065543239772908 5.865904824529447
384 -11.01076340600367 6.328750999763739 5.898403848672956
385 -11.0344009046226 6.28744754857359 10.19324755871625
386 -10.35051708302329 7.359130119385246 8.054032411599588
387 -8.718128773062515 9.234946166399643 8.082844230349014
388 -7.792913170528888 10.02798605486652 10.25185097951935
389 -6.752305624916183 10.75622465122987 8.113994202452234
390 -7.750993201856866 10.06042267426019 5.950092454516783
391 -5.648009151111512 11.37497220343683 5.993196711378447
392 -5.691443718814363 11.35330209214784 10.28296404292653
393 -4.526371956403302 11.86600003844116 8.147229636970124
394 -2.129329712347125 12.52022184212866 8.179209035436639
395 -12.2495342802792 -3.352448346546854 10.0827085936174
396 -0.9344479072739074 12.66557567221448 10.34770518882939
397 -12.59458867408717 1.632891953117258 5.823601772091162
398 -12.39742465664592 2.755696260981564 3.915837891635584
399 -3.324882215913814 12.25704524958197 6.030019754302598
400 -0.8727372582741801 12.66997749319311 6.052856854770919
401 0.3357469153684289 12.69556119314229 8.214249732126586
402 -8.98025612106912 8.980256121069186 21.08970905995969
403 -10.55945952573519 7.056048081210918 21.08967719265024
404 -9.806606498196347 8.069725459365589 18.93863569925185
405 -11.19616064180914 5.994663200114235 18.9331404659593
406 -11.69340752842529 4.955221526245504 21.04605007260113
407 -12.15281050981184 3.687708870370175 18.93464811190695
408 -12.40300268166145 2.730480631445468 16.63586910862199
409 -12.63723548249768 1.261062789833067 18.63554151056178
410 -12.45493762352004 2.482846913167393 20.91780003218012
411 -12.69997659040777 -0.02438448471234192 20.70694763081556
412 -12.63837982915839 -1.249542033675721 23.11495228805732
413 -12.15138267383915 3.692411016385057 23.23649591822404
414 -11.19641938667656 5.994179920360515 23.24145643754172
415 -10.41256427625206 7.271073180275343 16.65967489857373
416 -3.614525492904793 12.17477742963465 2.145889313295457
417 -8.01169893877125 9.85406921603921 2.146016045563258
418 -9.706282485182626 8.190120897632523 2.131511735954888
419 -9.817232757706766 -8.056794708878289 23.24477997006263
420 1.316201109399078 12.63161171979319 2.148975364741512
421 12.53682593769148 -2.029284457148932 14.96557276600488
422 12.54260269730043 -1.993268064679694 5.773175153986058
423 12.54256198347092 -1.993524238826834 10.39090909090911
424 12.54256198347084 1.993524238827313 5.772727272727284
425 -9.570986050022826 8.347827623416073 5.935756815307311
426 4.5970935364856 -11.83878080787047 16.27844532982151
427 5.037461937028723 11.65821501058317 16.81122916505215
428 2.791811655948083 12.38934169670497 8.271094576321783
429 5.665337616870631 -11.36635164363969 9.864727166041643
430 3.346753619004929 -12.25109138867543 9.881781010143172
431 7.088301220422834 10.53783591675977 21.09724049517301
432 -8.045388165818885 9.826582786569368 18.95401668308375
433 2.125469391222578 -12.52087775944546 7.753828008219163
434 1.603742922997756 12.59833356587031 6.087348488944508
435 -6.843511530136135 10.6984274515881 16.69100374490872
436 11.78353416628204 4.736910654853422 4.277615916703011
437 -3.672449053261775 12.15743056534549 18.97762690165686
438 3.794386341092741 12.11992707463741 18.93980911560577
439 0.2029593612586419 12.69837814438039 16.75534076783804
440 -2.255748513625628 12.49806379577556 16.73260959123391
441 -1.291284377021591 -12.63418318126106 23.27150059005375
442 11.2442875529577 5.903896800114365 2.101564730820051
443 -12.13792198026274 -3.736422085505668 23.27457998084176
444 -6.085974605999833 -11.14678936264273 23.23309123389719
445 -7.337275516821889 -10.36602083686146 20.8948975011097
446 12.28306339456819 3.227437628370047 21.0400665923315
447 -12.69808620736487 0.2204692049471498 16.48622678710235
448 -12.64887641713206 1.138387185504288 2.094032232739247
449 12.46290534245822 -2.442537701843381 3.538999515990541
450 12.4900432468614 2.299743396888429 3.539417274746429
451 8.262152971010407 9.645041642399679 6.39898653551026
452 -11.13646787517323 -6.104840969692373 2.078340641208223
453 -6.111436776337666 -11.13284961403986 2.005171114809506
454 8.782608730017129 -9.173646161446761 3.632948946376145
455 7.217813468674224 10.44955351828129 4.197417653638719
456 -10.8317424921812 -6.63048675310314 16.32619484519421
457 1.154973249543735 -12.64737272293493 1.988114279561655
458 5.061930393130595 11.64761180221511 4.211893714730163
459 -12.67074353778244 -0.8615440788170073 18.4868613768787
460 2.752218600845226 12.39819715818238 4.205399436302332
461 0.3160332588710402 12.69606722490423 4.191965393668649
462 12.58299705235674 -1.719937551302822 21.93636363636364
463 -2.1272729391738 12.52057146628136 4.18568184200552
464 12.00308863657154 4.14920030639727 6.516432603009882
465 -4.532404577039973 11.86369709449913 4.165819852291526
466 12.58645256895726 1.694465027490716 10.39090909090911
467 -6.746688338532926 10.75974890332966 4.155548663651587
468 5.582678894540884 -11.40717740549553 22.47892129920079
469 -8.683215049884907 9.267781633025901 4.157070955574272
470 -10.32387755849945 7.396455377889559 4.14293079471157
471 -11.90920808338823 -4.411435460999122 16.34157256499347
472 -11.56802143574997 5.241267028308067 4.12974910876825
473 -12.1424479982464 3.721687333707927 1.89696352616121
474 -12.69349095715257 0.4065554337182378 4.090904881351399
475 -12.45229392088674 -2.496072135946198 20.89840640282813
476 -12.52989608068642 -2.071642876366268 4.08942745792248
477 12.56761747555544 1.828931652116462 14.97104915395563
478 -12.15986293416421 -3.664387182372986 1.863286547205279
479 12.58068623764598 1.736759565945989 19.42156180170489
480 -10.68871087531985 -6.858677702284838 3.910189145203846
481 -9.128320216482688 -8.829709509681132 3.851917090657219
482 2.35952052465822 -12.47888868824931 3.7725491438404
483 -8.155429001828754 -9.735449542580477 1.952537823884508
484 -5.116970437417602 -11.62353704956431 3.797251955609135
485 4.528355507193104 -11.86524320865248 3.708045266611744
486 10.55895391573052 -7.056804673893065 3.740320917516844
487 11.68456206527438 -4.97604354309234 3.704817685686968
488 7.725592684951843 -10.07994135232039 1.759115533522202
489 12.20614732907823 -3.507130932947384 11.54463286105234
490 5.754686981531324 -11.32137702510582 1.862019369751849
491 -2.777783147926651 -12.39249453431773 3.773408666195055
492 -1.502555408516685 -12.6108020063887 1.888472958577825
493 12.21218004323726 -3.486066349276428 16.16368884620606
494 -12.23068531595482 -3.420575492820943 18.09585454272058
495 12.56105995889775 1.873438739050666 22.88617934396505
496 -11.73049597371026 -4.866771436051568 21.72205588177055
497 12.11728341583999 -3.802820350767204 7.398547575274876
498 12.58671114331664 -1.692543232744326 23.75948281570547
499 12.57276938033596 -1.793173195451744 1.70704779851215
500 12.58566851105484 1.700278838850471 1.649170741637552
501 12.58954131499939 -1.671361564091818 19.06459636737421
502 -10.55945089734468 -7.056060993682432 21.92452132548853
503 12.03086415237573 -4.06796112900316 21.55780252123754
504 8.640599798721869 -9.307525724827602 23.6895622277986
505 12.66521735853754 0.9392918933959288 24.14308967198253
506 12.51216416987474 2.176177333330801 24.14308967198253
507 12.52749396556679 -2.086119589737773 24.57974140785274
508 12.67164613458175 -0.8481652197180222 24.57974140785274
509 12.66521735853754 0.9392918933959288 22.98854421743707
510 12.67164613458175 -0.8481652197180222 23.42519595330728
511 12.66815241324217 -0.8988406059289278 2.008069353801532
512 12.66815241324217 -0.8988406059289278 0.8535238992560751
513 12.67138489057917 0.8520592437159392 0.8245853708187759
514 12.67138489057917 0.8520592437159392 1.979130825364233
515 12.52685229842884 2.089969256555741 0.8245853708187759
516 12.51905001100889 -2.136208515538278 0.8535238992560751
517 12.28653020272605 3.214214612856551 24.31397028135327
518 11.91231907679193 4.403027846005413 24.31397028135327
519 12.36055501243128 2.916621296064998 23.05705995333579
520 11.45791315694985 5.477793907020923 24.3187969420538
521 10.86582247925202 6.574488713913916 24.3187969420538
522 11.66103885465431 5.03092166806864 23.23276722340707
523 10.21117932082609 7.551279155079197 24.31849517778585
524 9.421854912786019 8.515788278392666 24.31849517778585
525 10.53993919581572 7.085173374625871 23.23729211983965
526 8.537044867270529 9.40259883937467 24.31864076388702
527 7.574320812921352 10.19409948072641 24.31864076388702
528 9.000514219291523 8.959952220203583 23.23713594167288
529 6.529021224559131 10.89320347047903 24.31905376066883
530 5.429861549595451 11.48070570793559 24.31905376066883
531 7.064915439400743 10.5535287858667 23.23769452455585
532 4.281186173488257 11.95664856671521 24.32402135566397
533 3.088614591460733 12.31870366172577 24.32402135566397
534 4.862624167344531 11.73221574158764 23.2430751163328
535 1.865153920418538 12.56229281831734 24.32374455855054
536 0.6248526764592529 12.68461899832714 24.32374455855054
537 2.482106670224067 12.45508516541052 23.24776591421451
538 -0.6230190137044641 12.68470919290477 24.32333324475741
539 -1.863337927865668 12.56256230896298 24.32333324475741
540 0.00183587966451364 12.69999986730495 23.24707780330795
541 -3.085659022676932 12.31944432171242 24.32274181040804
542 -4.278317433949836 11.95767535662182 24.32274181040804
543 -2.477317811170487 12.45603855414945 23.24607505516545
544 -5.429935967395347 11.4806705113415 24.32240520290551
545 -6.529091834147479 10.89316114914622 24.32240520290551
546 -4.859885312226924 11.73335053392683 23.24514701331356
547 -7.565325941930924 10.2007766073151 24.3223238204643
548 -8.528747781896314 9.410125465305905 24.3223238204643
549 -7.055672172417828 10.55971070604535 23.24472902336982
550 -9.410006901723612 8.528878596246635 24.32221330198401
551 -10.20067143669739 7.565467747637679 24.32221330198401
552 -8.980131280870086 8.980380959532761 23.24453712244831
553 -10.89098344512692 6.532723750318192 24.32072821877086
554 -11.47885928359924 5.433763847217457 24.32072821877086
555 -10.55725929992013 7.059339634431108 23.24294152075488
556 -11.95658904385498 4.281352407402018 24.31824795911202
557 -12.31866071925723 3.088785859173307 24.31824795911202
558 -11.73049446042589 4.866775083555586 23.23897617788288
559 -12.56254167655272 1.863477025583089 24.32238998503132
560 -12.68470229380569 0.6231594639582025 24.32238998503132
561 -12.45538189153231 2.48061724901062 23.24063794414334
562 -12.68458560281556 -0.625530242949338 24.25747614402866
563 -12.56219317048454 -1.865824950908222 24.25747614402866
564 -12.69999977818071 -0.00237364903950377 23.17986612905998
565 -12.3130437727325 -3.111101581558114 24.33728999042088
566 -11.94881182117049 -4.303010116448291 24.33728999042088
567 -12.45039862558338 -2.505508743563146 23.19476613444954
568 -11.47257959007042 -5.447009964145439 24.34850001628761
569 -10.88343564353709 -6.545290565970797 24.34850001628761
570 -11.71600693207883 -4.901548894735297 23.28579000670849
571 -10.20073564980419 -7.565381167053897 24.32238998503131
572 -9.410079292007987 -8.528798726557126 24.32238998503131
573 -10.54916388279689 -7.071431352554699 23.27089000131893
574 -8.565068815027354 -9.377078233322248 24.32549315454985
575 -7.604711274534744 -10.17144859058749 24.32549315454985
576 -9.014863235429313 -8.945515124715005 23.24788313958117
577 -6.577412682542687 -10.86405276144803 24.31654561694859
578 -5.480877258619888 -11.4564385598642 24.31654561694859
579 -7.143161756733988 -10.50072569478572 23.24203877149845
580 -4.278501138081214 -11.95760962782436 24.32238998503132
581 -3.085848284771476 -12.3193969155707 24.32238998503132
582 -4.912134505720316 -11.71157267824061 23.23893560197992
583 -1.886571178556968 -12.55909428216216 24.33575029502688
584 -0.6464803160129832 -12.68353512239422 24.33575029502688
585 -2.500544269034805 -12.451396642891 23.25814028005819
586 0.5615212948014605 -12.68758029868125 24.16851666659692
587 1.802417754866025 -12.57144742012405 24.16851666659692
588 -0.0850547918381713 -12.69971518115211 23.10426696162379
589 2.967875350436766 -12.34834871164035 24.27488195296834
590 4.16393404792876 -11.99798538274237 24.27488195296834
591 2.297735958420235 -12.49041270196396 23.04339861956526
592 5.223924320118682 -11.57586345365531 23.93946064960039
593 6.333402729246314 -11.00808838396455 23.93946064960039
594 4.536380089460695 -11.86217752707927 22.81434260256874
595 7.873102867314144 -9.965151842329838 24.5447811138993
596 8.811947411605136 -9.145467883881366 24.5447811138993
597 6.520567785000168 -10.89826572263762 22.68742718900417
598 7.235139565310171 -10.43756463311645 24.14796653940378
599 8.042223021286645 -9.829173356691145 23.29274765330307
600 9.410079292007969 -8.528798726557145 24.32238998503132
601 10.20073564980418 -7.56538116705392 24.32238998503132
602 9.250079874728291 -8.702070001508067 23.46717109893062
603 10.88427229856178 -6.543899184030927 24.26579081304056
604 11.47327583709363 -5.445543275556955 24.26579081304056
605 10.55006780190984 -7.070082699311598 23.18818079807188
606 11.91567245437385 -4.393944692423458 24.33995071607205
607 12.28897712813906 -3.204846508660741 24.33995071607205
608 11.67895089013892 -4.989198944291885 23.20574152911261
609 12.3833670015303 -2.818194760021118 23.51969212392478
610 12.64058736469986 -1.227008995643601 4.078590667086184
611 12.64058736469986 -1.227008995643601 2.924045212540728
612 12.64740189199228 1.154653793320796 2.924254091918671
613 12.64740189199228 1.154653793320796 4.078799546464127
614 12.52204738738554 -2.118567730347768 2.623023657251346
615 12.54143809459707 2.000582545007684 2.594294008191991
616 12.66058952528901 -0.9997364013290063 6.3502239406294
617 12.66058952528901 -0.9997364013290063 5.195678486083942
618 12.66057931514352 0.9998656934609569 5.195454545454554
619 12.66057931514352 0.9998656934609569 6.350000000000014
620 12.50477184451312 -2.218260831523663 4.6560873349883
621 12.51723906049594 2.146794424809888 4.656072273736857
622 12.62497188869779 1.378435638537582 7.574794057444345
623 12.62497188869779 1.378435638537582 8.729339511989803
624 12.65975315724333 -1.010272239382751 8.70947964628855
625 12.65975315724333 -1.010272239382751 7.55493419174309
626 12.47726042855889 2.368115748420748 6.997521330171616
627 12.54093954979341 -2.003705369665774 6.977885405099748
628 12.66057931514353 -0.9998656934607182 10.96818181818184
629 12.66057931514353 -0.9998656934607182 9.813636363636386
630 12.67158134618085 0.8491326086786313 9.813636363636386
631 12.67158134618085 0.8491326086786313 10.96818181818184
632 12.50455776623887 2.219467294373866 9.306612239262531
633 12.54091908694515 -2.003833439858392 9.286752373561274
634 12.66455138982469 -0.9482289251491072 13.31464044303248
635 12.66455138982469 -0.9482289251491072 12.16009498848703
636 12.66057931514356 0.9998656934603585 12.12272727272729
637 12.66057931514356 0.9998656934603585 13.27727272727275
638 12.55058707006166 -1.942360470355866 11.5828222612143
639 12.56539701708662 1.844125213479455 11.54545454545457
640 12.6591407569527 -1.017917135949252 15.56460456482063
641 12.6591407569527 -1.017917135949252 14.41005911027518
642 12.66686113327911 0.9168582388913449 14.41279730425055
643 12.66686113327911 0.9168582388913449 15.567342758796
644 12.54780473982202 -1.960254119062122 13.87015409876219
645 12.55535944511461 1.911269003560546 13.83552457697782
646 12.6319335395362 1.313108926456754 16.61893714270536
647 12.6319335395362 1.313108926456754 17.77348259725081
648 12.66054751112124 -1.000268323322212 17.89129102428841
649 12.66054751112124 -1.000268323322212 16.73674556974296
650 12.50417427183719 2.221626831743988 16.02264353786498
651 12.53964273515858 -2.011805178088731 16.13771377092721
652 12.67013644792557 0.8704265568949456 18.94714453721609
653 12.67013644792557 0.8704265568949456 20.10168999176154
654 12.67235524084793 -0.8375038207398702 19.9232072745962
655 12.67235524084793 -0.8375038207398702 18.76866182005075
656 12.51223280829664 2.175782652514997 18.24789986173962
657 12.56702575291449 -1.83299310571095 18.18722557161188
658 12.67071550002072 -0.8619563315706325 22.51363636363637
659 12.67071550002072 -0.8619563315706325 21.35909090909092
660 12.66521735853754 0.9392918933959288 21.83399876289162
661 12.45419775476549 2.4865555061559 20.2308141970182
662 12.59533455512429 1.627128588800517 20.91094238707485
663 12.44049615363581 2.554223062180071 21.96312296814828
664 12.58629261818735 -1.695652714845384 20.50048000186892
665 12.58486155172195 -1.70624140261297 22.84792322603456
666 11.95760962782436 4.278501138081197 1.07761001496871
667 12.31939691557071 3.085848284771453 1.07761001496871
668 12.40921322538905 2.702115305983351 1.902195385787486
669 10.9171774502312 6.48885479265513 1.050782365410025
670 11.50062724763003 5.387538669102043 1.050782365410025
671 11.75112823128414 4.816740110481041 2.128392380378735
672 9.415493667895905 8.522821069916468 1.067080051684933
673 10.20553804118252 7.558901592822619 1.067080051684933
674 10.59008810028232 7.009995294453395 2.117862417094958
675 7.56923843982335 10.19787377060045 1.069704495503303
676 8.532356912288376 9.406853114688502 1.069704495503303
677 8.989350725636982 8.971152296750395 2.136784547188237
678 5.449261834283462 11.47151016481359 1.070410363155187
679 6.547426770733137 10.88215064598386 1.070410363155187
680 7.077490487230985 10.54509973414926 2.140114858658491
681 3.103507964371255 12.31495993964593 1.076170815645456
682 4.295640881804988 11.95146306585791 1.076170815645456
683 4.896623365453618 11.71806637704761 2.146581178800644
684 0.658988299830309 12.68289140616944 1.074487682370756
685 1.898955837789892 12.55722766880189 1.074487682370756
686 2.530668398010095 12.44530905439126 2.150658498016212
687 -1.843684877824519 12.56546163383109 1.07547022239819
688 -0.6031764149385282 12.68566822096739 1.07547022239819
689 0.05588078454479771 12.69987705995293 2.149957904768947
690 -4.243049024099679 11.97023537692917 1.072944656647728
691 -3.049329342587034 12.32848695341151 1.072944656647728
692 -2.42108964359786 12.46708967392403 2.148414879045919
693 -6.511442128644764 10.90372053041117 1.074714577554055
694 -5.411336249693543 11.48944907263845 1.074714577554055
695 -4.806244407682136 11.7554249048524 2.147659234201783
696 -8.507204095362022 9.429606485949222 1.073008022781629
697 -7.541976520201627 10.21805217097306 1.073008022781629
698 -7.014366745562718 10.58719316715927 2.147722600335684
699 -10.1488349775498 7.634864019644467 1.065755867977444
700 -9.351618025163527 8.592859844745321 1.065755867977444
701 -8.897971534932879 9.061793562177646 2.138763890759073
702 -11.43212657842896 5.531408671828371 1.062984461603351
703 -10.83490490422903 6.625317782288909 1.062984461603351
704 -10.44770081022444 7.220494981650184 2.128740329580796
705 -12.31492950388754 3.10362873331851 0.9484817630806048
706 -11.95142093922916 4.295758085990744 0.9484817630806048
707 -11.68259177088165 4.980667577235844 2.011466224683956
708 -12.68721266664939 0.5697672781157276 1.047016116369623
709 -12.57027331063724 1.810587997276315 1.047016116369623
710 -12.46277663608966 2.443194326888003 1.995497879450228
711 -12.57779873693313 -1.757549126825021 1.057114405685725
712 -12.6895031375528 -0.5162461835573765 1.057114405685725
713 -12.69988701756615 0.05356996410913529 2.104130522055348
714 -11.96151625789156 -4.267567083502722 0.9316432736026397
715 -12.32221300938435 -3.074583963946847 0.9316432736026397
716 -12.47857331479468 -2.361187842441625 1.988757679288365
717 -10.85848003112504 -6.586608490995854 1.039170320604112
718 -11.4517940106085 -5.490575009831969 1.039170320604112
719 -11.71190466860671 -4.911342895122305 1.970813594206751
720 -9.486181634247124 -8.44407235888422 1.053543241795058
721 -10.26816690219475 -7.473603446040753 1.053543241795058
722 -10.58555894855285 -7.016832743247671 2.092713562399169
723 -7.616742276191241 -10.16244247698756 0.9762689119422538
724 -8.576159130621926 -9.366936242243252 0.9762689119422538
725 -9.105201479368734 -8.853547651653624 2.029812153737311
726 -5.493966602441361 -11.45016729009926 1.002585557404753
727 -6.589824305667384 -10.85652870951095 1.002585557404753
728 -7.167569080447199 -10.48408095528727 1.978854469347007
729 -3.200758585075479 -12.29004249301302 1.05029436410654
730 -4.389980877325954 -11.91713337580445 1.05029436410654
731 -5.03461721026904 -11.65944379231114 2.052879921511293
732 -0.7526003318041885 -12.67768088968042 0.9442364792889124
733 -1.991606382317147 -12.54286665869942 0.9442364792889124
734 -2.720621176937851 -12.40516910048377 1.994530843395452
735 1.818829593374414 -12.5690834554579 0.9940571397808277
736 0.5780858148780482 -12.68683635862924 0.9940571397808277
737 -0.1747503752106194 -12.69879767168387 1.93829361906974
738 4.178016945874155 -11.99308860969468 1.048518137906811
739 2.982370403070283 -12.34485588327747 1.048518137906811
740 2.328700328696307 -12.48467679914581 2.042575277687639
741 6.416527414922508 -10.95984379147567 0.9310096848759246
742 5.311377534705184 -11.53599881604662 0.9310096848759246
743 4.639902171756031 -11.82206867838847 1.979527822782736
744 8.371001910426626 -9.550723900083895 0.879557766761101
745 7.394558603436942 -10.32523622297992 0.879557766761101
746 6.768661285960905 -10.74593990286257 1.810567451637026
747 10.20073564980418 -7.56538116705392 1.07761001496868
748 9.410079292007969 -8.528798726557145 1.07761001496868
749 8.829550481939334 -9.128474039338933 1.957167781729781
750 11.48071692829445 -5.429837825605226 1.061396445542241
751 10.89321696216647 -6.528998714593897 1.061396445542241
752 10.55973282265716 -7.055639071983284 2.139006460510921
753 12.3193969155707 -3.085848284771466 1.07761001496871
754 11.95760962782436 -4.278501138081205 1.07761001496871
755 11.73331741603579 -4.859965268862648 2.13900646051095
756 12.39915148326511 -2.747916027655269 1.931133914224785
757 12.30933642419159 -3.125737800275361 14.52003245198562
758 12.32635328104608 -3.057942901828689 13.42461378474293
759 12.10107696144338 -3.85408048349073 12.80956249950935
760 12.40860913946031 -2.704888024318575 12.15968414628592
761 12.39747572957438 -2.755466482215703 10.96777097598073
762 12.36283289031225 2.906950795285953 11.62619015242803
763 11.97691650147451 4.224153301752628 11.60242738867629
764 12.25417166302075 3.335457517825589 12.67623723624828
765 11.99093892480112 4.184182560750576 13.70399963840872
766 12.37245983165791 2.865700213562402 13.72776240216046
767 12.39655052675592 2.759625887251318 10.47164469788257
768 12.39097777700345 2.784541206340194 14.86328697913826
769 -9.718671586031896 -8.175415744954888 21.99110644659188
770 -8.905569091898011 -9.054327095341256 21.99420961611042
771 -8.541113048051409 -9.398903547776513 20.81616521211541
772 -7.740857096658339 -10.06822384579893 22.0729419051047
773 -6.722968900543197 -10.77458533598064 22.06399436750345
774 -12.69614127466759 -0.3130442998713046 3.102566846361424
775 -12.67646600837679 0.7727933349012851 3.092468557045323
776 -12.6046938023276 -1.552963022600398 3.101828134646965
777 -12.67241808540037 -0.8365523706364913 4.090166169636939
778 -12.37053995017714 -2.873976572811847 2.97635700256388
779 0.6274936024633694 12.6844886289857 22.17112994178588
780 -0.6203780418758907 12.68483863063138 22.17071862799275
781 -1.238972821769093 12.63942033270978 21.09199528611084
782 -1.860143944263621 12.56303564058541 22.16794314763292
783 -3.082526810226766 12.32022842581391 22.16735171328355
784 2.875586449499465 -12.37016582635233 21.86794900733842
785 3.441586525111986 -12.22478965832 20.57482713470414
786 4.0120149654191 -12.04963633962674 21.85664203330241
787 5.077253868487375 -11.64094038963047 21.52122072993446
788 1.708495448955485 -12.58455574507493 21.761583720967
789 -10.72538601115125 6.801183346433262 3.134449858959137
790 -10.02293889451525 7.799403561607342 3.137221265333229
791 -11.34012056670427 5.717662593456425 3.127859015987476
792 -10.99886446862346 6.34940787797196 4.13633995173991
793 -11.87955684388855 4.490671352127737 3.01335631746473
794 -5.251283816690251 11.56347777602253 3.157624503699818
795 -4.076433506739631 12.02799608684383 3.155854582793491
796 -7.393075319561951 10.32629833576795 3.150782354607423
797 -6.352710548653484 10.99695724666722 3.152488909379849
798 -5.666494476457936 11.36577495590475 4.160684257971557
799 -4.5207785543103 -11.86813217245612 2.948920341911108
800 -5.619561876100594 -11.38905282807472 2.90121153520932
801 -3.348961476199655 -12.25048803235735 2.936998697204067
802 -3.966056914199046 -12.06484117397879 3.785330310902095
803 -2.142951020796873 -12.51789762390097 2.83094081238644
804 4.398655811767598 11.91393415499696 3.182117673010538
805 5.548090422269325 11.42404012012928 3.176357220520269
806 2.037554986759642 12.53548442127112 3.177187400521922
807 3.239357375231338 12.27992523574693 3.178870533796622
808 3.925057416033738 12.07824177108732 4.208646575516248
809 -10.33703495173299 -7.378055869038301 3.008637814396981
810 -10.91909677251718 -6.485624539888572 2.994264893206035
811 -9.556051650048236 -8.364919417520431 2.979501787123667
812 -9.957405380911691 -7.882897822513678 3.881053117930533
813 -8.653732605770156 -9.295316669583155 2.902227457270863
814 -12.63977767202198 1.235321983069446 20.81237383149784
815 -12.68529469370869 0.6109816149166335 21.9758638004391
816 -12.56215242666482 1.866099249568216 22.08129000112138
817 -12.31801570765381 3.091357149537084 22.07714797520208
818 -12.68397923627234 -0.6377074045455222 21.91094995943644
819 -8.528747781896291 9.410125465305928 22.16717835044415
820 -9.410006901723593 8.528878596246656 22.16706783196386
821 -9.81711597337304 8.056937008897606 21.08969312630497
822 -10.20056177411155 7.565615605655243 22.16705189830913
823 -10.89088875210089 6.532881614522215 22.16556681509598
824 2.923854998224735 -12.3588458987624 2.934792709827011
825 1.759264999854218 -12.57755885139433 2.880331711701027
826 4.00903413869517 -12.05062841825175 2.902540771212684
827 3.457578524226947 -12.22027621409617 3.740297205226072
828 5.148707440963151 -11.6095138437133 2.785032318181797
829 7.590044081302331 10.18239808904992 22.16726101147353
830 6.54582464671374 10.88311442990815 22.16767400825534
831 5.435874687840393 11.4778598343984 22.16750141244056
832 4.287448780200466 11.9544043330129 22.1724690074357
833 6.009878095715483 11.18800095077933 21.09706789935824
834 9.440041184697892 8.49562372231772 3.204155337990651
835 9.911748536052519 7.940229276164557 4.249098105720914
836 10.27264407370564 7.467448274675919 3.179102871100129
837 10.97469786421265 6.39108807553505 3.162805184825221
838 8.559458365855807 9.382199767814635 3.206779781809021
839 10.89288840121825 -6.529546866253805 2.931556904300663
840 10.20035493770722 -7.565894470899785 2.947770473727103
841 9.728528453250387 -8.163683858056828 3.686634931946495
842 9.316671354828911 -8.630737793845345 2.894084488156753
843 8.266530180949321 -9.641290306149585 2.696032239949174
844 10.8008123197426 -6.680752445173864 21.75824597949651
845 10.10443760766581 -7.693525890824622 21.81484515148727
846 9.322714920559539 -8.624209326655778 22.21236115235168
847 9.630935096258582 -8.278592221607166 20.7824263337763
848 8.718332547742291 -9.234753791356725 22.43475228121965
849 12.10341427939559 3.846734040887521 8.326044515782204
850 11.92521975127088 4.367966790613098 9.491076974402247
851 12.27026676114031 3.275752373189285 9.38734784623599
852 12.2222411250865 3.450626302607147 7.369373995312915
853 11.86163349609401 4.537802420152363 7.473103123479172
854 12.32006395751946 3.083184081859178 6.144579937868583
855 11.95413870224941 4.28818934835936 15.80514725272237
856 12.13574610594774 3.743483197768386 16.96450381144909
857 12.29769346449248 3.171235635108031 15.91488136304762
858 11.92612001308156 4.365508152961741 17.97329440705477
859 12.27690037675618 3.250802537713426 18.08302851738001
860 12.38310319518307 2.819353694988767 19.25669045734529
861 12.30948195605084 -3.125164631448837 10.07927373443986
862 12.30690893991918 -3.135281860461252 8.975117017092028
863 12.0478040121786 -4.017513968131676 8.583092976622746
864 12.3606723780996 -2.916123859043999 7.790571615744158
865 12.36309490569756 -2.905836257037718 6.585861364630468
866 12.11321056087509 -3.815773828190568 17.19448860488814
867 12.39976083656424 -2.74516505806255 16.73677181102781
868 12.3208031773547 -3.080228735806194 17.76757156970988
869 12.35936544277457 -2.921658065542553 18.64494236547221
870 12.39592181450493 -2.762448618287897 15.56463080610547
871 10.87115779352932 6.565662817125673 22.17836752328187
872 10.2173080660272 7.542984547504748 22.17806575901392
873 9.843487478031003 8.024696521978063 21.10854056758746
874 9.442716996705766 8.492649511202263 22.16746516414524
875 8.56008508535948 9.381627968077083 22.16761075024641
876 -4.409369492112047 -11.90997316042448 22.11931990948937
877 -3.917180181107177 -12.08079879100472 20.9940147582569
878 -3.185060836241 -12.29412003640129 22.11947481883017
879 -1.987755020283497 -12.54347758715013 22.13283512882573
880 -5.606177540019882 -11.39564712466021 22.11347554140665
881 -2.876100778415136 12.37004625344626 3.165785577650488
882 -1.667250940565794 12.59008635002884 3.16831114340095
883 -0.4452791865657263 12.69219155410173 3.171452919232515
884 0.81675325911521 12.67370956404338 3.170470379205081
885 -0.909860970258348 12.66736566989366 4.188823617837085
886 -4.278317433949834 11.95767535662183 22.16768430643005
887 -5.429935967395343 11.4806705113415 22.16734769892753
888 -5.986457769513573 11.20055013710624 21.08990460190099
889 -6.528818748067723 10.89332482554704 22.16736730878449
890 -7.56507021312791 10.20096626160703 22.16728592634328
891 -10.88333676635205 -6.545454975031883 22.61076067903187
892 -10.20062136277455 -7.56553526284211 22.58465064777558
893 -11.94758412064778 -4.306417731716807 22.49831793130616
894 -11.47102564119917 -5.450281711888958 22.50952795717289
895 -11.19860170156974 -5.990101829651914 21.82328860362954
896 11.64832033674951 -5.060299727532732 22.34469207365933
897 12.05543842109615 -3.994546842278706 22.41885197669082
898 12.38029238950174 -2.831670946710656 22.60813253425387
899 12.36280083685803 -2.907087110525292 21.74708307880059
900 11.52868628461543 5.327231227468914 3.189590323761531
901 11.97985390810746 4.215815501228973 3.216417973320215
902 12.19781071212334 3.536016661613604 3.90851659572472
903 12.34108996471725 2.99791568973433 2.847318652341924
904 11.90845019222072 4.413480941320398 22.17687888851336
905 11.45310118398364 5.487847781182759 22.1817055492139
906 12.18351935915809 3.584948538685057 22.13400357751902
907 12.03231988077987 4.063653317716639 21.08294190332585
908 11.93627635208743 -4.337661449052758 2.930018857812194
909 11.45368820688324 -5.486622500182037 2.913805288385725
910 12.14000446926555 -3.729650316881245 3.621908600838755
911 12.32373248122693 -3.068487857422994 2.84710977296398
912 11.20000740695174 5.98747309674341 21.12247918838817
913 10.22586680939837 7.531377562998999 20.05603423277381
914 9.452354618249824 8.481921490490889 20.04543363790513
915 10.90936254038357 6.501985001711077 20.07123223622898
916 10.58915580296973 7.011403524290443 19.00812530654665
917 11.48499380805233 5.420785665288721 20.074570262161
918 9.040532036718142 8.919572887368146 18.98087496083971
919 8.591379784726829 9.352977782213918 20.03338129565336
920 7.624019434824545 10.15698418121332 20.03303155688048
921 8.095964036720886 9.784956122340152 21.09759023394589
922 9.481303032881746 8.449549857753807 17.91871519284705
923 8.623311783911021 9.323545134628851 17.90666285059529
924 10.25937282211386 7.485670931644766 17.91846624337024
925 9.906430649221548 7.946863015817243 16.84425413312581
926 10.9382682129646 6.453238605634239 17.93366424682541
927 8.18357535279544 9.711801812491798 16.83724948908241
928 7.680452347719745 10.11437846505687 17.89940925707508
929 6.669872817799968 10.80753425136248 17.88653069865228
930 7.161822116647692 10.48800762630806 18.95594406016516
931 6.609596282282703 10.84450261585263 20.02015299845769
932 8.642253232635836 9.305990493386259 15.79214353059709
933 7.701003892574851 10.09873947810057 15.78488993707687
934 9.525894635567012 8.399245882344177 15.81086022064484
935 9.105639155297013 8.853097512934209 14.75850066863931
936 10.29885160498647 7.431262047490154 15.81061127116804
937 7.203681965020526 10.45930046163882 14.72489434234603
938 6.691077193713244 10.79441920567153 15.77000030083136
939 5.606199645345121 11.39563624974631 15.76061693557633
940 6.150665724417006 11.11122455656809 16.82061253030717
941 5.583817057544215 11.40662031751203 17.87714733339725
942 7.710680979967325 10.09135267569071 13.67131591936679
943 6.701421621916321 10.78800019676086 13.65642628312128
944 8.649184813476555 9.299548487014114 13.6751479369595
945 8.200109531858093 9.697845310455824 12.60667987773474
946 9.532150347289763 8.392145718269173 13.69386462700725
947 6.181455366980349 11.09412500137031 12.58691686365056
948 5.626868630333002 11.38544462974435 13.6404952866298
949 4.496177421528059 11.87747399888298 13.62799946693032
950 5.055252849737204 11.65051151774993 14.69750888640104
951 4.474617474796717 11.88561308701591 15.74812111587685
952 6.7231404949597 10.77447826509632 11.53057991869717
953 5.649793238049051 11.37408617724058 11.5146489222057
954 7.73482896176028 10.07285564933373 11.54691316278086
955 7.249733501665133 10.42743324863958 10.474645221336
956 8.671433629601141 9.278805893401497 11.55074518037357
957 3.925526406564317 12.07808935350978 12.55501221429803
958 3.321650985009645 12.25792130557969 13.61202581406926
959 4.522999794481226 11.86728582528974 11.4971483694305
960 3.34933587023054 12.25038567672002 11.48117471656944
961 5.104997662463301 11.62880040529737 10.44081142447711
962 2.117708351964001 12.52219275270996 13.59982944871183
963 2.711556080034854 12.40715372778245 14.67281670134413
964 2.097402571589595 12.52560986350323 15.73608860733846
965 3.301772101622263 12.26329078954539 15.74828497269588
966 3.884003775362646 12.09150588938238 16.81139302187118
967 1.51609385604893 12.60918155233125 12.52337072096434
968 0.8908406429156993 12.66871749424264 13.5841616082392
969 2.140975402067784 12.51823567152099 11.46086113723367
970 0.9143821068157976 12.66704011846237 11.44519329676103
971 2.762620420917362 12.39588352679753 10.40299729236614
972 -0.3481987346280847 12.69522578141891 13.57048427612173
973 0.2596684889459759 12.69734508768855 14.64694300386923
974 -0.3885196672222951 12.69405579270004 15.6943032197949
975 0.8505976562607945 12.67148308711982 15.70798055191237
976 1.455583132455583 12.61630998923658 16.78344882326412
977 -0.9557253545142991 12.66398788086669 12.49253965505114
978 -1.584377130015581 12.60078367046604 13.55532105068117
979 -0.3257888973327612 12.69582063493237 11.42770403466054
980 -1.562132073700726 12.60356074227896 11.41254080921998
981 0.3056759469871994 12.69632081413484 10.36519445092987
982 -2.806188395858157 12.38609327782376 13.5421211449338
983 -2.209846236708378 12.50626161609079 14.62006576600439
984 -2.840740284787801 12.37821451722274 15.66973772574547
985 -1.619532859355574 12.59631348123202 15.68293763149284
986 -1.031269744336144 12.65805999015713 16.74397517953597
987 -3.397495998981629 12.23711652869678 12.46251058168468
988 -4.002607830161983 12.05276443634098 13.5272552970079
989 -2.783747018690089 12.39115622272329 11.39577295158448
990 -3.980768298170549 12.05999518060767 11.38090710365858
991 -2.165101981857983 12.51408540038602 10.33093733119388
992 -5.161254909016436 11.60394104449664 13.51404768101979
993 -4.598307142238208 11.83830948343728 14.59365824426891
994 -5.177880959677356 11.59653175597819 15.65168501693604
995 -4.019878347127741 12.04701531808993 15.66489263292415
996 -3.44915154292282 12.22265738838953 16.72776449841259
997 -5.712950211476635 11.3424953110499 12.43302380680005
998 -6.271126544624959 11.04368470490263 13.49942675406107
999 -5.139914804575927 11.61340931000459 11.36530438834265
1000 -6.250814477303161 11.05519418058033 11.35068346138393
1001 -4.555069876900729 11.85501321874217 10.29856675824245
1002 -7.321995790943926 10.37681924471075 13.48692092037254
1003 -6.814849513254962 10.71670780191793 14.56794479459228
1004 -7.345655631706703 10.36008413770736 15.62322135290624
1005 -6.296310844243595 11.02934584427655 15.63572718659476
1006 -5.755049834927973 11.3211925784122 16.70696157525
1007 -7.81205367025647 10.01308231530293 12.40398490198359
1008 -8.302382897773336 9.610433820528645 13.4725029425148
1009 -7.302194236845972 10.39076317348122 11.33512692968034
1010 -8.284041031971364 9.626248707602292 11.3207089518226
1011 -6.774664997582053 10.74215593680042 10.26740751122294
1012 -9.203372695054663 8.751453081398669 13.45851443913523
1013 -8.772318201076471 9.183486994549643 14.54145045752418
1014 -9.221668834163754 8.732171775280928 15.60416836652591
1015 -8.322478808350589 9.593036353759707 15.61815686990548
1016 -7.855784513342396 9.97881003326197 16.68593926190796
1017 -9.613311209294029 8.299051005582612 12.37525951122503
1018 -10.01606792412409 7.808225364276607 13.44420702623442
1019 -9.186520572040557 8.769141336497869 11.30587346592122
1020 -10.00102877632568 7.827478739358258 11.29156605302041
1021 -8.73707511261318 9.217023298036919 10.23701549361798
1022 -10.73249790641654 6.78995498429588 13.43024410222322
1023 -10.39378952870519 7.297885942721929 14.51349903013343
1024 -10.74774849505591 6.765789110445539 15.57960550234798
1025 -10.03361148833739 7.785668918025216 15.59356842635917
1026 -9.649263209756056 8.257222263500493 16.67027483874047
1027 -11.04654321798096 6.266089923810448 12.34670256831023
1028 -11.34590442837836 5.706176714938317 13.41599457220925
1029 -10.71945781048216 6.810523052548385 11.27709982852023
1030 -11.33494144918646 5.727923039245092 11.26285029850625
1031 -10.36567965053287 7.337757517288829 10.20771378321643
1032 -11.85029030298169 4.567342743330975 13.40229772964677
1033 -11.61699029664868 5.131816096429255 14.48583926355976
1034 -11.8604936394052 4.540780839198122 15.55793004121856
1035 -11.3586605753125 5.680742023260828 15.57162688378103
1036 -11.0745699062493 6.216421912289846 16.65169628000677
1037 -12.05623904093726 3.992129780928991 12.31826379806008
1038 -12.24074488677314 3.384400185695737 13.3881084894106
1039 -11.84145928540451 4.590189755566462 11.24839929445271
1040 -12.23419466954059 3.408002462995686 11.23421005421654
1041 -11.59716600384428 5.176460246083066 10.17879655466271
1042 -12.51356896302418 2.168084824825336 13.37257300523068
1043 -12.39481660289199 2.767403364288111 14.45660693681737
1044 -12.51889110341009 2.13713956983619 15.53847028062972
1045 -12.24907508694635 3.354125745160777 15.55400576480964
1046 -12.07491958468395 3.935265813565342 16.63979338503091
1047 -12.60327726119868 1.564417552110787 12.28984291315231
1048 -12.66578880180693 0.9315546296499225 13.35834136055908
1049 -12.5092353350738 2.192950371472433 11.21973548386936
1050 -12.6639123890657 0.9567251444737367 11.20550383919776
1051 -12.38388410665311 2.815921595674247 10.14987098026198
1052 -12.69616449891142 -0.3121009717724159 13.34344918024897
1053 -12.69649871075903 0.2981953850989225 14.42617927232734
1054 -12.69481515007786 -0.3628612756325086 15.44875693955979
1055 -12.66941217692755 0.8809058355578729 15.4636491198699
1056 -12.61313621562806 1.482833370952986 16.56104794786217
1057 -12.66638085632976 -0.9234695460073088 12.26150398717323
1058 -12.60449865739216 -1.554546106038425 13.32934189894149
1059 -12.69669856546276 -0.2895609396584593 11.19174477997958
1060 -12.60723858510312 -1.53216685066837 11.1776374986721
1061 -12.69528680394034 0.3459667118354642 10.12163735069663
1062 -12.39342268756866 -2.773639141499574 13.31098125661709
1063 -12.51266887776674 -2.173273465389848 14.39292644969283
1064 -12.4025488112967 -2.732541487956377 15.44643195930568
1065 -12.60958250325957 -1.51275546387714 15.46479260163008
1066 -12.66574677468405 -0.9321258711035483 16.50226244917264
1067 -12.24318131607088 -3.375575693391094 12.23329568912787
1068 -12.062126997386 -3.974304001826221 13.29688023987921
1069 -12.39659083808629 -2.759444797975694 11.16505264974158
1070 -12.06667032557062 -3.960488259544938 11.1509516330037
1071 -12.51896248792755 -2.136721373006517 10.09529344254792
1072 -11.61767458897714 -5.130266771293167 13.28438692124948
1073 -11.85435452394685 -4.556783824209891 14.36207248873869
1074 -11.64922931310666 -5.058206837472799 15.34557586755122
1075 -12.08651299871899 -3.899513242931336 15.35806918618094
1076 -12.27472580513393 -3.259003898245469 16.4299353381182
1077 -11.35008522281957 -5.697856213939839 12.20521017774601
1078 -11.0592533654792 -6.243629953651714 13.27040242660549
1079 -11.61978693955087 -5.125480609605611 11.13540838590356
1080 -11.06182439665909 -6.239073730729398 11.12142389125957
1081 -11.86143552342856 -4.538319878936159 10.06716534651726
1082 -10.3840666596555 -7.311713862551718 13.26145586524818
1083 -10.73255125561764 -6.789870657497102 14.34063260875165
1084 -10.43526378184062 -7.238457695076026 15.32894044629427
1085 -11.10291741145663 -6.165648786167856 15.33788700765158
1086 -11.42448053214543 -5.547183480887399 16.33388370509384
1087 -10.02052452338144 -7.802505256410349 12.17704646715342
1088 -9.617025392190655 -8.294746687269008 13.24727664929957
1089 -10.39810322758654 -7.291738425674247 11.10701517361892
1090 -9.632953121564192 -8.276243964368538 11.09283595767031
1091 -10.74837157781113 -6.764799215446227 10.03721338177647
1092 -8.758513168172611 -9.196654124351255 13.2395699756368
1093 -9.190542838047078 -8.764925689475158 14.32397937373157
1094 -8.811728237251822 -9.145679060234887 15.40021857338131
1095 -9.664992796719526 -8.238805389093717 15.40792524704408
1096 -10.11987769399048 -7.673205031710934 16.40517964594401
1097 -8.305289150852445 -9.607922362338938 12.14891921990869
1098 -7.814828821324803 -10.01091656609879 13.22562194434068
1099 -8.775459576214631 -9.180485239148469 11.07884518827295
1100 -7.833278570946584 -9.996486724342159 11.06489715697683
1101 -9.223492007282687 -8.730245998343481 10.00881389473845
1102 -6.78993136083777 -10.73251285184936 13.21423834552847
1103 -7.299092711524564 -10.39294210455196 14.30488910125658
1104 -6.81184135331581 -10.71862012468287 15.52000974746811
1105 -7.835262613125501 -9.994931704787069 15.53139334628032
1106 -8.380408836470469 -9.54247073527646 16.61533921959283
1107 -6.270770773143081 -11.04388672119986 12.12083554510827
1108 -5.704820196233395 -11.34658655846099 13.20010270202418
1109 -6.81584540659815 -10.71607443952098 11.05014015902258
1110 -5.732221247602443 -11.33276839825711 11.03600451551829
1111 -7.343307303348073 -10.36174878331813 9.980066127386845
1112 -4.571148039872809 -11.84882296253797 13.17692720861494
1113 -5.13059794763721 -11.61752833866571 14.27033000903513
1114 -4.548892723898835 -11.85738482914594 15.33171814251135
1115 -5.683505877155158 -11.35727788443792 15.35489363592059
1116 -6.272595002380644 -11.04285071601121 16.58139788094433
1117 -3.995438121069454 -12.05514306098045 12.09245346384106
1118 -3.387939103575712 -12.2397658731882 13.16268077085201
1119 -4.591568010980617 -11.84092493011165 11.02208341863953
1120 -3.409034798485047 -12.2339070514173 11.0078369808766
1121 -5.178654301589145 -11.59618642591746 9.95138803255383
1122 -2.171865172832722 -12.51291339660897 13.15068142882687
1123 -2.77172676145305 -12.39385052192598 14.23515517360075
1124 -2.149337379441802 -12.51680265999805 15.3776970328392
1125 -3.365901028001018 -12.24584461234511 15.38969637486433
1126 -3.951076282384693 -12.0697554329314 16.4742600017498
1127 -1.567307792945237 -12.60291816533667 12.06431398859647
1128 -0.9352153459763557 -12.66551902831662 13.13678839134522
1129 -2.195537244340014 -12.50878156371418 10.9937922645431
1130 -0.9591783796465848 -12.66372681464736 10.97989922706144
1131 -2.816525608079735 -12.38374674720987 9.923422219341568
1132 0.3102808757269462 -12.69620911052422 13.12048889693563
1133 -0.3009395701119846 -12.69643396293388 14.20685633716603
1134 0.3343935980425216 -12.6955969108029 15.27464784159962
1135 -0.9111586654663109 -12.66727239331126 15.2909473360092
1136 -1.520674758593519 -12.60862991282465 16.44548853727279
1137 0.9201536782861629 -12.66662217042635 12.03719173571449
1138 1.552165175334605 -12.60479207557501 13.10725968153531
1139 0.2860635998289294 -12.69677784388043 10.96690126467725
1140 1.528120008925926 -12.60772974164343 10.95367204927693
1141 -0.3491776537771748 -12.6951988943105 9.896379540623876
1142 2.778647264389476 -12.39230081058803 13.09254579729887
1143 2.179811516574225 -12.51153155102166 14.17584295852
1144 2.802673551752286 -12.38688907524033 15.23744355266088
1145 1.576605838134149 -12.60175837060691 15.25215743689732
1146 0.9687673830043383 -12.66299687110547 16.33624843574049
1147 3.369981543922467 -12.24472230773822 12.01003398365583
1148 3.977374173292326 -12.06111498517559 13.07861726064053
1149 2.754658382128063 -12.39765531049204 10.95287176522867
1150 3.954024012893896 -12.06879008457179 10.93894322857033
1151 2.131716618951337 -12.51981566383813 9.88258129419143
1152 5.133345593161848 -11.61631451972465 13.06195786153934
1153 4.570129311973575 -11.84921592645859 14.14446967518239
1154 5.155717623282197 -11.60640236201457 15.20312780295136
1155 4.000605361648387 -12.05342925230617 15.21978720205254
1156 3.417293929294296 -12.23160260149128 16.29610168042986
1157 5.684964107977187 -11.356548027064 11.98624605969314
1158 6.240709593063183 -11.06090158056969 13.052098474235
1159 5.11426146852382 -11.62472922831205 10.93041630651956
1160 6.222536116806382 -11.0711356361956 10.92055691921522
1161 4.527707832341631 -11.86549037271331 9.873254088092407
1162 7.28940319716747 -10.39974043085329 13.0364273715013
1163 6.781858387565627 -10.737615974275 14.11213917334751
1164 7.311397650614903 -10.38428930618667 15.17039812842583
1165 6.264105725658725 -11.0476685077789 15.18606923115953
1166 5.730834442142535 -11.33346975099651 16.26138675802968
1167 7.770212907589244 -10.04558566588994 11.96472827956453
1168 8.259098209766192 -9.647657578989671 13.02476897867704
1169 7.269935903876016 -10.41335834174232 10.91098690748775
1170 8.241036122698207 -9.663090790445017 10.89932851466349
1171 6.744095868201865 -10.76137402567639 9.855157154314181
1172 9.148399818247439 -8.8089034939367 13.00627489956488
1173 8.724200152185457 -9.229210784493288 14.07797399150165
1174 8.280911577556761 -9.628940930584545 15.15276974067399
1175 7.814134608487626 -10.01145845121658 16.22669979848601
1176 9.168312645403372 -8.788176331647914 15.13427566156183
1177 8.691240601146134 -9.260255763907871 9.835982506314661
1178 9.133459612927451 -8.824393208545454 10.88972387839144
1179 9.926878403276183 -7.921305774086043 10.87120081838597
1180 9.538949707419494 -8.384416406603476 11.9345468267348
1181 9.940287148466096 -7.904472873382496 12.98775183955941
1182 7.757806842102695 10.05516946652937 9.421769805039926
1183 6.747722935830245 10.75910011019836 9.405436560956232
1184 6.23035354840524 11.06673821240361 8.331914052145098
1185 5.674005415626675 11.36202721979837 9.384789468441172
1186 4.548264964450007 11.85762563977952 9.367288915665977
1187 8.692137810496478 9.259413603643456 9.436781718886543
1188 8.243829409647198 9.660707875960016 8.367573058506775
1189 9.114338357901797 8.844141354460588 10.50167248234146
1190 9.539042588591041 8.384310734523519 9.447475735808311
1191 9.520290988133846 8.405596915226035 11.56143919729534
1192 -9.985424813298748 7.847374802948925 9.138106209658096
1193 -10.70587713444024 6.831851490062526 9.123639985157922
1194 -9.169206431891913 8.787243789115672 9.15251211903281
1195 -9.580343686776779 8.337086711989764 8.068438320974302
1196 -8.265038087143553 9.642569440666032 9.167347604934182
1197 -12.66203156598912 0.9813035319895395 9.051387376037299
1198 -12.6972366762266 -0.2649165677831569 9.03762831681912
1199 -12.50506296709463 2.216619089739697 9.065486367572611
1200 -12.59718766912773 1.612719079311778 7.981477333695104
1201 -12.22772341315241 3.431148514920955 9.079960937919786
1202 -10.40847294497078 -7.276928675877712 8.951028988411981
1203 -11.07069490636831 -6.223320198263205 8.965437706052644
1204 -11.62772518097463 -5.107446242079164 8.979831388663492
1205 -11.36698650723923 -5.664063712939797 7.893646995299007
1206 -12.07280053356194 -3.941761950806581 8.995374635763628
1207 3.377786344337527 12.24257160126119 9.347202724011851
1208 2.170051393309019 12.51322807873322 9.326889144676073
1209 0.9403835974237053 12.665136347063 9.298466722578475
1210 -0.2997257117657391 12.69646267657675 9.280977460477985
1211 1.5712569010997 12.60242642314354 8.242672154224184
1212 8.229329041675465 -9.673062778863619 8.784651614483503
1213 9.122767456756737 -8.835446447686738 8.775046978211446
1214 7.259098955682199 -10.42091561963792 8.791259904177085
1215 7.74757860964794 -10.06305250345668 7.73032437607387
1216 6.21101544980141 -11.07760294839674 8.800829915904547
1217 -4.607180320742019 -11.83485908205786 8.867459532477652
1218 -5.747162387459102 -11.32519865133391 8.881380629356411
1219 -6.834093248151621 -10.70444624796483 8.894129784175322
1220 -6.304123477222883 -11.02488218458262 7.810201284099145
1221 -7.850298923276791 -9.983126104342228 8.90888678212958
1222 -3.955246525340418 12.06838949171688 9.230699555264248
1223 -5.115335188354161 11.62425678960964 9.215096839948327
1224 -2.755704229651679 12.39742288536936 9.246689254497506
1225 -3.343888861484011 12.25187362332974 8.163219336203381
1226 -1.533611834723126 12.60706289110977 9.263457112133011
1227 -0.9753723643856166 -12.66248983220886 8.834778485019289
1228 0.2698263301616998 -12.69713328872118 8.821780522635102
1229 0.8884004771826617 -12.66888884599362 7.757003737624839
1230 1.512639300687609 -12.60959643866588 8.818604793229426
1231 2.739434675234867 -12.40102808883686 8.817804509181167
1232 8.303443551552677 -9.609517427331003 17.2902788464777
1233 7.335701601457751 -10.36713470609745 17.30790723422955
1234 6.840918628391905 -10.70008562207427 18.38274237733455
1235 6.299068173134913 -11.02777131383303 17.31916332934286
1236 5.192455439972242 -11.59001322276652 17.33622190113469
1237 9.195231974163768 -8.760006218109453 17.27507982134445
1238 8.77400624231413 -9.181874234590271 18.35628725708798
1239 9.586388605271289 -8.330135263531128 16.19736687012087
1240 9.991308429875152 -7.8398823880914 17.26337528073114
1241 9.967208331392438 -7.87049922677216 15.12257112094853
1242 -0.3702824231879901 -12.69460085733608 18.65350796867099
1243 -0.9407050720284016 -12.66511247354164 17.55117238432825
1244 0.2946638956178896 -12.6965811614237 17.46107442478552
1245 1.537163700558867 -12.60663030939212 17.43858402008323
1246 -2.178529417219509 -12.51175485606672 17.63792208115825
1247 -12.61452187533785 -1.470998931550552 17.50257974406082
1248 -12.69594694562513 -0.320828854487537 17.48654408199052
1249 -12.39805689590633 -2.752850378402276 17.30707632698176
1250 -12.51628739618499 -2.152335897600725 18.29135795979964
1251 -12.08011027276018 -3.919302973483173 17.21871355385702
1252 -11.91246857618582 4.402623356748251 17.78918288667339
1253 -11.73133082943655 4.864758675444398 18.93389428893312
1254 -11.42185989003189 5.552577478296075 17.78842906369957
1255 -10.82319517312117 6.644429715523109 17.79640768226652
1256 -12.28723165928689 3.211532056669816 17.78525861026447
1257 2.588091971964228 12.43349427734031 18.93661106606197
1258 3.247448465930264 12.27778801173596 17.87568299714799
1259 2.028314152082894 12.53698295844978 17.8724849476042
1260 0.7807239532978254 12.67598004529618 17.8443768921781
1261 4.421954376682621 11.90530635853347 17.87551914032896
1262 8.70976212560744 9.242837427723922 7.390785753931826
1263 7.77694884550995 10.04037183844908 7.375773840085209
1264 6.733924428027607 10.76774172227459 7.282739264341467
1265 5.659434848982402 11.36929185086404 7.262092171826406
1266 7.256229610283373 10.42291378851647 6.305951959766517
1267 10.29833397435568 7.43197936976628 9.465037146139426
1268 9.940677634912134 7.903981791398413 8.400146382684509
1269 10.31791640343912 7.404768807440379 7.361684756722464
1270 9.561141546682476 8.359101167248918 7.344123346391346
1271 9.15443909600393 8.802627155432333 6.35232412796978
1272 10.2956232416667 -7.435734130914881 9.811820200674969
1273 10.63441809943559 -6.942560888202329 10.85664314901833
1274 9.529344043369957 -8.395332161569875 7.717071829774783
1275 9.927401101704211 -7.92065069081335 8.768402721605941
1276 10.63487620980391 -6.941859117134754 8.753845052238304
1277 10.67066781264876 6.886715358725206 14.7905363379944
1278 10.97552536199918 6.389666894925963 13.7048335100898
1279 10.29413293247984 7.437797198662653 13.69151453078247
1280 9.907308022038876 7.945769173367933 12.60816179910265
1281 10.97957865232827 6.382699477285238 15.82393025047536
1282 -5.13579719511909 -11.61523082726326 18.89350797321057
1283 -5.675913421960043 -11.36107419333286 17.64749166205861
1284 -4.562122461686246 -11.85230098523396 17.66229808054878
1285 -3.379565014677916 -12.24208071822617 17.72027631290176
1286 -6.804675523858156 -10.72317075379319 17.81260777360612
1287 -7.959118714856197 -9.896586749118397 17.77387522900731
1288 -8.924933159674103 -9.035240345190028 17.6427004561083
1289 -9.40585522984637 -8.533456942832235 18.61756787799136
1290 -9.766730228439254 -8.117941897112278 17.45903186857688
1291 -10.52449796058585 -7.108089945802908 17.38004706782707
1292 -10.1174689555887 7.676380783461619 17.79915529891279
1293 -9.315840361528043 8.631634744272086 17.80975523907953
1294 -8.969117308188387 8.991381134839935 18.9463261911678
1295 -8.425677604897077 9.502523712063855 17.81744573099548
1296 -7.457202010072731 10.28008454152821 17.82251021399624
1297 -6.418788421798349 10.95851975388042 17.82635602050973
1298 -5.306746460819659 11.53812991782369 17.84231385085101
1299 -4.851908569387578 11.7366512785506 18.9696675988838
1300 -4.144626992266239 12.00466855414918 17.85027315362407
1301 -2.968987933190491 12.34808125388594 17.85511824644539
1302 10.9080185450464 -6.50423949596906 11.87747354395977
1303 11.22201281135172 -5.946127181776207 12.96835423196978
1304 10.6511532964229 -6.916858640748673 13.00690445473933
1305 10.32609363271795 -7.393361230748957 14.07863252756942
1306 11.2076202554445 -5.973210879397295 10.81809292624878
1307 9.219133491591451 -8.734848462578888 19.76051528329771
1308 8.329669602694128 -9.586793223489982 19.77571430843097
1309 7.244786126149494 -10.4308711997777 19.45434503771469
1310 6.202416670170967 -11.08241974704014 19.46560113282801
1311 7.753822453200419 -10.05824226016877 20.85857306392442
1312 10.6887138120806 -6.858673125571553 17.22808926627648
1313 10.36372482001975 -7.340518227952746 18.30580221750006
1314 10.70672750069849 -6.830518737679204 19.32771326797864
1315 10.0119068874386 -7.813560038628972 19.36299928243331
1316 7.243099809010214 -10.43204223326939 6.675116039963941
1317 8.214476311798618 -9.68567906359174 6.668507750270358
1318 9.12139691864985 -8.836861334910997 6.665712531741386
1319 9.92617244398204 -7.922190392330368 6.659068275135881
1320 8.675582278183001 -9.274927068957311 5.610504195631457
1321 6.208999431767835 -11.0787330528498 6.685179073509204
1322 6.725614544216026 -10.77293409441596 5.623362447705691
1323 5.660906114107586 -11.36855936199743 7.745382791707783
1324 5.099622052436666 -11.63115879533512 6.693629199449534
1325 5.101738619925031 -11.63023056753242 8.809280041844877
1326 10.88811272265978 -6.537507272550775 7.694923162411699
1327 11.18893762079658 -6.00813406291196 8.738340641480725
1328 10.64078395450179 -6.932800071660602 6.661107797478367
1329 11.19405001594474 -5.998603524198582 6.645603386720788
1330 10.30079959863546 -7.428561612368279 5.60974849944497
1331 5.614696430154991 -11.3914522338991 20.55036197693813
1332 5.175314421495641 -11.59767738121126 19.478759316558
1333 4.056240625334555 -12.03482081251672 19.50733641081996
1334 4.679717840206398 -11.80636442500628 18.42257556670983
1335 4.074029164912021 -12.02881067950802 17.36479899539665
1336 10.94220773522361 -6.446556435742458 16.17953576077123
1337 11.24515720184497 -5.902240210783883 17.22196269754014
1338 10.6746994717654 -6.880464460157571 15.14172373612845
1339 11.23309288320267 -5.925168712985442 15.13559716739212
1340 10.62761648232005 6.952968280146192 10.52435121260979
1341 10.95738370252233 6.420727559684961 9.477021859485985
1342 10.28362037051244 7.452325279748704 11.55908910107055
1343 10.94466811720296 6.442378427590305 11.5710738144171
1344 11.48434716803318 5.422155486897095 9.483054784952403
1345 11.22421355778762 5.941971895690568 8.423740718482044
1346 10.94111971348181 6.448402857705139 7.386133726999056
1347 10.62839599916816 6.951776642331535 6.330110690705893
1348 11.47060547962651 5.45116592398015 7.392166652465473
1349 11.75232174852211 -4.813827325446376 17.19934877780255
1350 11.56043151343253 -5.257986613071214 18.2479022833078
1351 11.30387800425117 -5.788984545238177 19.30163323605471
1352 11.02304933839938 -6.307327745029032 20.35883030098796
1353 11.8000838288048 -4.695532092657817 19.27901931631712
1354 5.112896845050015 11.62532949433596 6.184415461443896
1355 4.571513277514597 11.84868205132992 7.233590249247527
1356 3.401791926028429 12.23592300122912 7.213504057593401
1357 3.979271001922291 12.06048930571477 8.291180767975909
1358 5.626502418848137 11.38562560998279 5.212405549376468
1359 4.537197796984318 11.8618647838795 5.183903626797591
1360 7.750429025741043 10.06085731520683 5.298202094574489
1361 6.705488984962525 10.78547251966951 5.205167518830747
1362 6.169024496693858 11.10104214743783 4.204655684184441
1363 5.503156631158935 11.44575323396985 20.01998040264291
1364 4.980699381093735 11.68257821181491 18.94143730867406
1365 4.33780258887721 11.93622506071037 20.01835220957462
1366 6.328625055881084 -11.01083579489196 4.587060303810762
1367 7.355660702568859 -10.35298293385458 4.576997270265499
1368 7.910936036486696 -9.935144237836518 3.586822036373358
1369 8.267680854133856 -9.640303589316495 4.623124180268286
1370 9.169914149073112 -8.786505249450929 4.620328961739315
1371 6.108667953080153 -11.13436912622406 21.50806254620446
1372 8.124350416785532 -9.761400017685819 22.03793770672413
1373 7.021798892163574 -10.58226536796401 21.71656843600785
1374 11.28339936720959 5.828799080432789 12.6291430876872
1375 11.54876098537372 5.283570734144652 11.59440519922644
1376 11.72565040043722 4.878434450387386 10.54435811540619
1377 11.70225965647676 4.934279981151908 19.05757121149376
1378 11.49365118359484 5.40240524857669 17.93904650556283
1379 11.23609847299219 5.919467130175021 16.84938744238642
1380 11.91912089286441 4.384581752149568 20.10881816365294
1381 2.816838285933347 12.38367562845943 6.121631013904762
1382 2.200260078824147 12.50795169424366 7.179221532633146
1383 3.382243211407625 12.24134105639113 5.180656487583675
1384 2.180278386977378 12.51145020192621 5.14637396262342
1385 10.95601781888156 6.423057959597581 5.289302649906438
1386 10.33503007212954 7.380864001468798 5.264853679629846
1387 9.51109629714075 8.4159994787616 5.289906146520369
1388 8.654459167161095 9.294640204114479 5.336568554060849
1389 11.51310558997771 5.360820802267495 5.316087788842748
1390 11.28409996827235 5.827442655748401 4.250830777766701
1391 11.64200562401717 5.074810838873942 6.435496131996183
1392 11.89694107553404 4.444411439692656 5.397024259856447
1393 3.957236690468477 -12.06773706109021 6.687149395520361
1394 4.541483363927847 -11.86022465449819 5.626945677321783
1395 3.958490533682629 -12.06732583030495 4.664255570002178
1396 5.100830528036882 -11.63062887054036 4.67073537393135
1397 5.784877638454558 -11.30598030725812 3.624370196491158
1398 3.341751132093322 -12.25245687081383 7.753830462933637
1399 2.756089423558094 -12.3973372580305 6.687146940805887
1400 3.941023581779104 -12.07304158560969 8.817806963895642
1401 1.490038621828683 -12.61228706085692 6.664603884585228
1402 2.126095824582504 -12.52077140373918 5.597922817171952
1403 1.608046057498866 -12.59778503852809 4.673964452395846
1404 2.872029078083592 -12.37099223888861 4.696507508616506
1405 11.53749575273002 -5.308125069714981 14.08613864035785
1406 11.74121250862826 -4.840860339570973 15.12395066500062
1407 12.10439719801455 -3.843640003004625 15.11909049208621
1408 11.87847416370235 -4.493534415385697 16.16854901912048
1409 7.354424974343242 -10.35386079183781 2.649905329946387
1410 6.37393789236004 -10.98466730239641 2.70135724806121
1411 11.38340031330705 -5.631003223849276 21.73216594757257
1412 11.81462283500502 -4.65882895871676 20.94527639515078
1413 12.19419089838871 -3.548479721465794 19.25240538386592
1414 12.01631407928882 -4.110741532605196 20.30613633661282
1415 12.20516239915108 -3.510557051288095 20.91866246269958
1416 2.920996929127922 -12.35952171162077 19.51864338485597
1417 1.580837147503125 -12.60122827001694 19.5747720589342
1418 2.21694174252358 -12.50500577010089 18.50728133505002
1419 2.878152963436696 -12.36956893020369 17.382455346005
1420 0.4549386598520071 -12.69184899121369 21.86748319230288
1421 1.044138452405593 -12.65700497322364 20.69203358007604
1422 0.3262571288182945 -12.69580861095091 19.68067153027009
1423 -0.7529863668018829 -12.6776579671251 22.03471682073284
1424 -0.9091863206590506 -12.66741411000392 19.77076948981282
1425 -1.452683572643497 -12.61664418289474 20.89605135950482
1426 -2.142207354124245 -12.51802491018196 19.86888779790571
1427 11.73215562777005 -4.862769203425494 12.95670772957829
1428 11.86616549136531 -4.52593819351647 11.69177809112128
1429 11.57403810168279 5.227967293393782 13.72816489489913
1430 11.76499468908348 4.782771159676935 14.77969006081131
1431 11.52818630575231 5.328313100772588 15.82931250921278
1432 12.19217948805116 3.555384554607903 20.0659428526586
1433 11.71016460544717 -4.915490302434966 8.723528564812369
1434 11.51727209001644 -5.351863563706406 9.782450454638973
1435 11.72543717236029 -4.878946927056234 10.80328084958042
1436 11.5177279854049 -5.350882362211003 5.61009002120403
1437 11.70639395740601 -4.924463474735911 6.643905386137362
1438 12.04472146988042 -4.02674616942783 6.503469797947741
1439 11.79565210726499 -4.706653945678932 7.538983163464499
1440 11.34795996365918 -5.702087746009204 4.658302853737212
1441 11.83187322425962 -4.614843009794405 4.656604853153786
1442 10.07141566963293 -7.736703846566209 4.674014947309664
1443 10.76755173534646 -6.734228213139017 4.676054469652151
1444 11.17031300009842 -6.042690417341613 3.722569301601906
1445 12.24882188181708 -3.355050298806116 4.573695768305573
1446 12.30711523972406 -3.134471961296174 5.690783587303331
1447 12.09574945553363 -3.870768025722797 10.65613561951148
1448 12.48786238945309 -2.311556389552926 19.67205938576792
1449 12.4833784865718 -2.335650136684914 21.10794302026263
1450 7.647680391725755 10.13918066837816 3.168413322322663
1451 8.16039270954575 9.731289268436766 4.235784113125078
1452 6.631177688900427 10.83131951602524 3.169119189974547
1453 -3.344020568915013 -12.25183767582126 19.95124202964923
1454 -2.814452552807784 -12.38421805476606 18.82596015995723
1455 -4.563251272285166 -11.85186642795082 19.95108712030842
1456 -5.676995442315702 -11.36053355912154 19.93628070181825
1457 -6.258431892469226 -11.05088368626347 20.9443786750129
1458 -6.789899683811202 -10.73253289227573 19.88679952791504
1459 -7.421059687488825 -10.30620556338405 18.83996901012159
1460 -7.945480261888979 -9.907539725276534 19.84806698331624
1461 -9.089178185921041 -8.869996612433235 19.76933469432196
1462 -9.914006231009857 -7.93741018541298 19.58566610679053
1463 -10.38265750532393 -7.313714728312876 20.51328806769087
1464 -10.64186014053972 -6.931148010913633 19.36152125136027
1465 -11.25712272408366 -5.879386700576784 19.15979141502028
1466 -10.87488921665618 -6.559480507285239 18.23216945411994
1467 -11.15725790171737 -6.066761583791248 17.17831723148708
1468 -10.10799750788603 -7.688848182957558 21.33097712430483
1469 -10.81064658399533 -6.664827112232546 21.10683226887457
1470 -11.53010881510737 -5.324151642448139 20.14708888887974
1471 -11.70710795964613 -4.92276581011022 19.0177370916394
1472 -11.41035198900817 -5.576187540509847 21.00559954701558
1473 -11.83458937276438 -4.607873086148587 20.86354522363471
1474 -12.09069907033414 -3.886514632755303 19.05044455410972
1475 -11.88706525435027 -4.470758284543981 18.06314708025026
1476 -11.69370917484766 -4.954509636087465 17.18600609138671
1477 -12.35014342490831 -2.96039818000787 19.49713047277435
1478 -12.22769483499843 -3.431250358419336 20.45172048416349
1479 -12.14935741364274 -3.699069401290578 21.31023114229934
1480 3.698778468962624 12.149445988914 21.09995273946184
1481 3.094492030234754 12.31722854682877 22.17552644335407
1482 1.871147725464869 12.56140144209585 22.17524964624065
1483 3.146385865940433 12.30407477149786 20.02140964549299
1484 1.253479343255382 12.63798993258153 21.09889047092544
1485 1.925161561058253 12.55323675248036 20.01821159594919
1486 0.6820483856335356 12.68167220833494 20.01409189149442
1487 -0.5918849155064356 12.68620007121108 20.02735656209069
1488 -1.831921273662589 12.56718204081975 20.02458108173087
1489 0.08498836143070068 12.6997156258879 18.94667768711444
1490 -2.442263310546573 12.46295911579421 18.96878462968379
1491 -3.075536300228936 12.32197534756396 20.03342335370394
1492 -3.683525450126374 12.15407916126398 21.08955239889752
1493 -4.271532429866752 11.9601007813729 20.03375594685044
1494 -0.4931355285474985 12.69042226840715 17.85764156277438
1495 -1.723301276599214 12.58253681536722 17.84627597447231
1496 -5.42864575099092 11.48128064765635 20.02579664407739
1497 -6.52759452983272 10.89405845652106 20.02581625393434
1498 -7.048409297726044 10.56455992324001 18.95786248959725
1499 -7.559200809851346 10.20531641431772 20.02197044742085
1500 -8.056548595100292 9.817434732901843 21.08981663585882
1501 -8.523333153883796 9.415030108709441 20.02186287152172
1502 -2.213396772505433 -12.50563371954666 8.841365520165638
1503 -1.601415213115373 -12.59862966021315 7.766766502176862
1504 -3.426500585679387 -12.22902668802137 8.855410236499139
1505 -2.22518324183591 -12.5035418798136 6.69510618122933
1506 -0.9873072317561837 -12.66156484918519 6.688519146082982
1507 -0.3838941119320502 -12.69419652088402 5.596119293043371
1508 0.2470707682336427 -12.69759646687059 6.667779613990904
1509 -3.430048387401916 -12.22803205998747 6.709661670536432
1510 -2.831788865556584 -12.38026541803162 5.631414314442551
1511 -4.028535838973269 -12.0441230064338 7.785402833301721
1512 -4.610613714911566 -11.83352192594704 6.721710966514943
1513 -3.404192538417781 -12.23525533699157 4.709689234972354
1514 -2.198747699199961 -12.50821764102555 4.695133745665252
1515 -0.9969116612862926 -12.66081226223623 4.679851035814713
1516 0.2374386509625568 -12.69778023463271 4.659111503722634
1517 -1.584339129227305 -12.60078844849001 3.758125956344515
1518 -5.766182531836856 -11.31552645746275 6.724683305235592
1519 -5.201492149146689 -11.58596044453654 5.648942142470302
1520 -5.731425981351227 -11.33317061639381 4.724583218400043
1521 -4.57427278554981 -11.84761699597765 4.721610879679394
1522 0.9973603390370929 -12.66077692537531 3.757696195167188
1523 0.3899577163343069 -12.69401169762622 2.865478763027816
1524 -0.9404465034211741 -12.6651316761494 2.815658102535901
1525 -6.852068888918355 -10.69294870190244 6.737432460054504
1526 -7.860129183719899 -9.975388173661953 6.758909077523286
1527 -7.370897734746384 -10.34214032896047 5.673391098659732
1528 -7.876648821159193 -9.962349288603139 4.74798931565973
1529 -6.869778995386544 -10.68157930994035 4.726512698190948
1530 -6.288549368927537 -11.03377300992553 3.79918143540004
1531 -8.337552894380803 -9.579937981709605 7.83687396265611
1532 -8.799704160254331 -9.157248860438521 6.772832601261339
1533 -8.790679367721728 -9.165912734360475 8.922810305867632
1534 -9.64843004978081 -8.258195782038996 6.788685503542045
1535 -9.233944171384405 -8.719190044938577 5.710720618409221
1536 -9.597530719098877 -8.31729547965884 4.789245305673574
1537 -8.743299337941634 -9.211119187544442 4.773392403392867
1538 -8.29450916681933 -9.617230250001821 3.826514002924083
1539 -10.0445298284982 -7.771577737139996 7.86502539954116
1540 -10.41002214952303 -7.274712286162239 6.802913416689043
1541 -9.646671454207357 -8.260249987414477 8.936801075264984
1542 -11.08210945790616 -6.20297105933817 6.808142677799351
1543 -10.76221740124161 -6.742749929250849 5.731802781800237
1544 -11.05102305079291 -6.258185801879309 4.823610594057195
1545 -10.37359687107157 -7.326560445153933 4.818381332946887
1546 -7.779851309218394 -10.03812301211999 2.876824369537727
1547 -6.76427527240564 -10.74870131872319 2.903141015000226
1548 -11.63708875361096 -5.086075632605293 6.822536360410201
1549 -12.08008660967537 -3.919375907302322 6.844927811701508
1550 -11.8781049773379 -4.494510223299148 5.759423494201853
1551 -12.0663273010182 -3.961533221456405 4.815289389485711
1552 -11.61925826722936 -5.126678975654909 4.792897938194404
1553 -11.31854065516704 -5.760263660400526 3.879476489341054
1554 -12.25428051674271 -3.335057573263152 7.923557860638507
1555 -12.40647197934357 -2.714673649955538 6.860444994430159
1556 -12.40141849114654 -2.73766678166803 9.010891818492279
1557 -12.61254574127146 -1.487847412988047 6.87937924309626
1558 -12.52659846661335 -2.091490104265375 5.800749194159261
1559 -12.6151649003225 -1.465474168203276 4.95455545037392
1560 -12.41126748736041 -2.692663988913302 4.93562120170782
1561 -12.24853246913852 -3.356106725427441 3.969095645700371
1562 -12.6697087025129 -0.8766307052966059 7.953226692763476
1563 -12.6976828320149 -0.2425916271307981 6.893530892492578
1564 -12.60991028386987 -1.510020739179739 9.023476667422802
1565 -12.66030489882317 1.00333437538737 6.895490057125477
1566 -12.69399884654473 0.3903758239452742 5.821642607458262
1567 -12.65889877413053 1.020922047130152 4.957253326721281
1568 -12.69800760459767 -0.2249508248034436 4.95529416208838
1569 -12.00707068033333 -4.137662827911401 2.856025190341771
1570 -11.51063483396633 -5.36612390083204 2.963552237343243
1571 -12.50118705004467 2.238374932801814 6.909589048660789
1572 -11.8325342604037 4.613147838122332 9.094411015764045
1573 -12.04085298882936 4.038299060421231 8.010026403074674
1574 -11.82295925259166 4.63763242523136 6.94519065272419
1575 -12.22059440962314 3.456453713777706 6.930740574879931
1576 -12.37306522040098 2.863085233049067 5.844753298310304
1577 -11.32381072340038 5.749896581731057 9.108862019817593
1578 -11.31301795721372 5.771102554950827 6.961440164795944
1579 -11.57666158310513 5.222155358686461 5.882154336601202
1580 -11.02182925851739 6.309459548653124 8.03925444625926
1581 -10.69305832375653 6.851897816279887 6.976218130136272
1582 -11.30247922270128 5.79171506726685 5.014076478720603
1583 -11.81448583348602 4.659176374678057 4.997826966648848
1584 -12.23209838467564 3.415518863601176 4.890871358082515
1585 -12.50861123224017 2.196507464288519 4.869719831863373
1586 -12.04699826146457 4.019929463096296 4.022793500201917
1587 -9.973011203172828 7.863144888744533 6.994894613453449
1588 -10.34027418740463 7.373515425446227 5.917080331990134
1589 -9.958798963118774 7.881137177602254 5.039343805009441
1590 -10.68067059836745 6.871191713900077 5.020667321692263
1591 -9.155308573736129 8.801722838153546 7.009300522828163
1592 -7.281718912121672 10.40512228110989 9.182922590985791
1593 -7.772525791056758 10.04379623585413 8.098419216400625
1594 -7.259989966415783 10.42029489446158 7.032043328484509
1595 -8.244898272413707 9.659795674730882 7.016468342432899
1596 -8.703217034676408 9.249000662088763 5.942924634912047
1597 -6.229032814170422 11.06748165573307 9.198479122689383
1598 -6.207871114116598 11.0793653351858 7.053595456915341
1599 -6.731665925302416 10.76915381402468 5.971644582947615
1600 -5.666572363285825 11.36573612449476 8.130611919711178
1601 -5.093111506135111 11.63401113915893 7.070213174174286
1602 -6.204978355497964 11.08098567853067 5.074372687515018
1603 -7.257269238860152 10.42218994236308 5.052820559084186
1604 -8.226656074643365 9.675336161060939 5.053581705045527
1605 -9.13868389287634 8.818982747805018 5.046413885440792
1606 -7.750933571376513 10.0604686159298 4.15630980961293
1607 -3.930493239896331 12.07647394280008 7.08862469563636
1608 -4.508071437521076 11.87296474829293 6.011608232840523
1609 -3.933563223015268 12.07547433314906 5.097919803297062
1610 -5.096068967730889 11.63271598020558 5.079508281834986
1611 -2.730278817137932 12.40304710870228 7.104614394869618
1612 -0.9010664705824705 12.66799428542625 8.196729383781612
1613 -1.502899934386943 12.61076095194972 7.116032945103779
1614 -2.108940627892121 12.52367236189234 6.041438304536758
1615 -0.2687997182276824 12.69715506369363 7.133553293448752
1616 -12.60032250544676 1.58804054064494 4.003371386493491
1617 -12.27943900052969 3.241200060513128 2.906400708898397
1618 -12.54923191000104 1.951096734919027 3.004935062187415
1619 -1.501864120490716 12.6108843529541 5.11926934838822
1620 -2.729260060072892 12.40327132350538 5.107850798154059
1621 -3.34599718171831 12.25129800714737 4.175750847148523
1622 0.9709626723812097 12.66282873171877 7.150799110535547
1623 0.3672540449675769 12.69468882905189 6.070102671857714
1624 0.961131163860961 12.6635787550698 5.139656941306579
1625 -0.2786575035111244 12.69694254518531 5.122411124219784
1626 -9.404457362881928 8.534997463956032 20.01417237960577
1627 -10.19563861558119 7.57224888791102 20.01415644595104
1628 -10.55251286325991 7.066432782580903 18.93588808260558
1629 -10.89074775601155 6.533116661665349 20.01140882930477
1630 -11.4565785688091 5.480584594430045 19.98959526928022
1631 -11.17590672321701 6.032338594107001 21.06786363262568
1632 -11.45669684887427 5.480337335693328 22.14375325507142
1633 -11.93994035851886 4.327565624576076 19.99034909225404
1634 -12.31861356372353 3.088973918252896 19.92622407204353
1635 -12.13728974900157 3.738475297334638 20.98192505239062
1636 -11.93910287850201 4.329875570561466 22.14127299541259
1637 -12.54165774639721 1.999205085086294 17.63570530959188
1638 -12.45426625198176 2.486212405396632 18.78509481123437
1639 -12.56095047783398 1.874172642368415 19.77667077137095
1640 -12.67834137552824 0.7413905620984003 17.56088414883207
1641 -12.68489939182631 0.6191344112908873 19.67124457068867
1642 -12.69841783461407 0.2004607132463241 18.56120144372024
1643 -12.69226414010673 -0.4432053674773614 19.59690450384713
1644 -12.63671191131812 -1.266298570776507 20.80267701682184
1645 -12.56080955320028 -1.875116894551493 22.00667934544273
1646 -12.58807663147192 -1.682357488820571 19.69263388985341
1647 -12.31073907268078 -3.120208884733622 22.08649319183495
1648 -9.210523495611737 8.743926860214701 3.14429134576458
1649 -8.352602681479327 9.566819139366245 3.151543500568765
1650 -9.549495161746272 8.372403606837439 4.150000875142921
1651 1.541338383621616 12.60612057641742 4.198682414985491
1652 12.24015035563961 3.38654975917015 5.025171594715148
1653 -6.489194196263594 -8.008025892384554 25.4
1654 6.841153379035271 8.302706676419977 25.4
1655 -8.334492991443113 6.719680168058142 25.4
1656 8.174696625164891 -6.81892538466228 25.4
1657 -10.72709483886024 -0.953233375483205 25.4
1658 -0.9599243250766227 9.887679894877573 25.4
1659 10.43228120935015 1.027490016525471 25.4
1660 1.069051277163648 -10.17850987082683 25.4
1661 -9.011409676729832 -4.896619663898363 25.4
1662 -3.080603886842121 -10.05757536333608 25.4
1663 3.042984184464372 10.03137449296553 25.4
1664 4.941538176719507 -9.244967680475879 25.4
1665 9.891035906296494 -2.980974373204218 25.4
1666 -4.934903345788173 9.442126537339698 25.4
1667 9.257126086837664 5.195663603456224 25.4
1668 -10.02961887004014 3.041638268299705 25.4
1669 -10.43662154919695 -3.109560575210028 25.4
1670 -8.453711022592811 -1.996046782005717 25.4
1671 -6.595636584791764 -4.124406848822845 25.4
1672 -5.75842739329784 -1.831536420829254 25.4
1673 -4.220246573320823 -3.840696387220793 25.4
1674 -3.278050626660109 -1.554127477122097 25.4
1675 -1.770178345768101 -3.536656294129593 25.4
1676 -0.8181210562978125 -1.24220199121499 25.4
1677 -2.323109899430385 0.7337457715370257 25.4
1678 0.1391285041019005 1.05494206217793 25.4
1679 1.649909445843128 -0.9229023487402426 25.4
1680 2.606798829294269 1.375238488419735 25.4
1681 -1.373182887420523 3.03279570228206 25.4
1682 4.11846617450564 -0.6027693864558598 25.4
1683 3.161390846525126 -2.901082879389335 25.4
1684 -3.828731644091939 2.714881226461966 25.4
1685 5.075463442692496 1.695527858280952 25.4
1686 3.563497271589484 3.673515288729529 25.4
1687 -2.881645797877616 4.996215736452596 25.4
1688 -0.4163263999126847 5.328740558921712 25.4
1689 5.593365016838438 -2.565457191847699 25.4
1690 4.598680319631585 -4.840075371761007 25.4
1691 2.204193771000095 -5.199477158497437 25.4
1692 -7.184003214503468 0.2222810050119115 25.4
1693 -2.727235775611592 -5.788341081010551 25.4
1694 -5.213695701767622 4.622625148170899 25.4
1695 5.967375934641952 3.944106025473125 25.4
1696 -1.888520283573983 7.22376113217739 25.4
1697 0.555714871565976 7.490944672502025 25.4
1698 4.394492978834215 5.842623386315405 25.4
1699 7.862683618089808 1.877020452943115 25.4
1700 6.54286994681542 -0.3311080548984303 25.4
1701 1.095259028646943 3.352789816186505 25.4
1702 2.038293840340226 5.569864873134168 25.4
1703 0.6938765104101 -3.220220703695281 25.4
1704 -0.2619146697897639 -5.509456426555357 25.4
1705 -1.220348495247035 -8.250222028116113 25.4
1706 1.376821130752141 -7.560999665913408 25.4
1707 -5.150048216224605 -6.065782133508459 25.4
1708 -4.774120957430739 0.4513339212375721 25.4
1709 3.628427923295346 -7.112564934575646 25.4
1710 -6.147079877476891 2.465722329980113 25.4
1711 -4.468611036222971 7.099972185371233 25.4
1712 7.379853057507503 -4.464580300462745 25.4
1713 -7.690825035637452 4.340737116840731 25.4
1714 7.623372023308722 -2.111311306881448 25.4
1715 3.07719594608175 7.919345631355507 25.4
1716 -3.896866919037343 -7.938471116394294 25.4
1717 -9.294065602284034 0.6470010673962285 25.4
1718 5.889242868572653 -6.731068187062171 25.4
1719 2.831762822247374 -9.018312304607958 25.4
1720 -8.42713189749381 -6.915968415788845 25.4
1721 -1.141909638906073 -10.72845606468001 25.4
1722 9.929287141210315 3.207041989639338 25.4
1723 -6.66548027033812 8.197969206968441 25.4
1724 -5.122750856745395 -9.626147809719296 25.4
1725 10.83780527317068 -0.9291136120555455 25.4
1726 5.072370450213102 9.530775043324711 25.4
1727 9.54770394562091 -5.23606032174297 25.4
1728 1.068553945395039 10.8492102759476 25.4
1729 -3.164597907315569 10.43228120935016 25.4
1730 8.444680060905839 7.103502389488 25.4
1731 8.865007996171878 -0.5746661462618425 25.4
1732 -9.669574207251278 5.20357542071683 25.4
1733 6.970535472173771 -8.493622048079807 25.4
1734 6.799825536827843 5.99367367104689 25.4
1735 -8.10302030679722 2.235630716734936 25.4
1736 -6.40155105310314 6.250459447552811 25.4
1737 -11.14552897712777 1.086059413494967 25.4
1738 -3.174424041696855 8.680303728527541 25.4
1739 5.129165901161757 7.587807038896285 25.4
1740 3.260653951478993 -10.67673768022548 25.4
1741 7.900139244965621 3.926366472148314 25.4
1742 1.400730972465076 9.203623320034771 25.4
1743 -6.984601484990121 -5.978537875156333 25.4
1744 11.44412713523559 1.752568553065151 25.4
1745 11.56614060467507 0.5137450082627355 25.4
1746 11.76890263658534 -0.4645568060277728 25.4
1747 11.64688916714585 -1.70338035083019 25.4
1748 10.63504324126042 0.04918820223496279 25.4
1749 10.83127860205183 4.03356079033799 25.4
1750 11.19263010116567 2.842344539622084 25.4
1751 10.18078417528023 2.117266003082404 25.4
1752 9.908395081539993 6.125702781402588 25.4
1753 10.4951980748655 5.027871597246433 25.4
1754 9.593206614023989 4.201352796547781 25.4
1755 8.712468090987493 8.041879255278578 25.4
1756 9.50217206857408 7.079622174418477 25.4
1757 8.850903073871752 6.149582996472112 25.4
1758 6.948447669192106 9.431185376331152 25.4
1759 7.91070475005221 8.641481398744567 25.4
1760 7.642916719970555 7.703104532953988 25.4
1761 4.966225020624866 10.63202255310903 25.4
1762 6.064056204781021 10.04521955978352 25.4
1763 5.956761914624186 8.916740859872345 25.4
1764 2.760315637034595 11.24367377704328 25.4
1765 3.951531887750501 10.88232227792944 25.4
1766 4.057677317338737 9.781074768145121 25.4
1767 0.5342769726975127 11.7746051379738 25.4
1768 1.773100517499929 11.65259166853431 25.4
1769 2.055769064929706 10.44029238445657 25.4
1770 -1.71878570734073 11.1718264779993 25.4
1771 -0.479962162538318 11.29383994743879 25.4
1772 0.05431481015920814 10.36844508541258 25.4
1773 -4.012338749176107 11.08277563612175 25.4
1774 -2.821122498460203 11.44412713523559 25.4
1775 -2.062261116196096 10.15998055211386 25.4
1776 -5.995322652568564 10.00089530679101 25.4
1777 -4.897491468412409 10.58769830011652 25.4
1778 -4.049750626551871 9.937203873344927 25.4
1779 -7.82286819570364 8.589112664018792 25.4
1780 -6.860611114843537 9.378816641605379 25.4
1781 -5.800191808063147 8.82004787215407 25.4
1782 -9.447078533842722 6.88771106370354 25.4
1783 -8.657374556256137 7.849968144563643 25.4
1784 -7.499986630890616 7.458824687513292 25.4
1785 -10.70142213507231 5.031827505876731 25.4
1786 -10.1146191417468 6.129658690032883 25.4
1787 -9.002033599347197 5.961627794387486 25.4
1788 -11.24279596558058 2.759642678952264 25.4
1789 -10.88144446646674 3.950858929668168 25.4
1790 -9.849596538645709 4.122606844508268 25.4
1791 -11.92276448856388 0.5430297067474786 25.4
1792 -11.8007510191244 1.781853251549895 25.4
1793 -10.58757392358395 2.063848840897336 25.4
1794 -11.59153394999063 -1.715440232544017 25.4
1795 -11.71354741943012 -0.4766166877416074 25.4
1796 -10.936311907994 0.06641301900588115 25.4
1797 -11.08494580604514 -3.984820083123333 25.4
1798 -11.44629730515899 -2.793603832407429 25.4
1799 -10.58185819402859 -2.031396975346617 25.4
1800 -9.785536876486079 -5.976180811623654 25.4
1801 -10.37233986981159 -4.8783496274675 25.4
1802 -9.724015612963388 -4.003090119554196 25.4
1803 -8.703694009281486 -7.948112268428994 25.4
1804 -9.493397986868068 -6.985855187568895 25.4
1805 -8.719270787111821 -5.906294039843604 25.4
1806 -6.77246807780628 -9.283844984313433 25.4
1807 -7.734725158666379 -8.494141006726849 25.4
1808 -7.458163046878703 -7.461997154086699 25.4
1809 -4.991415223891027 -10.67970893630632 25.4
1810 -6.08924640804718 -10.0929059429808 25.4
1811 -5.805972526504494 -8.817086851051926 25.4
1812 -2.779125488223483 -11.25677421222855 25.4
1813 -3.970341738939389 -10.89542271311471 25.4
1814 -4.101677371793757 -9.841861586527685 25.4
1815 -0.5709548194530435 -11.71422803234 25.4
1816 -1.809778364255459 -11.59221456290052 25.4
1817 -2.111256762874097 -10.39301571400804 25.4
1818 1.773349183384233 -11.31724146597393 25.4
1819 0.5345256385818171 -11.43925493541342 25.4
1820 -0.03642918087121272 -10.45348296775342 25.4
1821 4.060366771257812 -11.20500387155941 25.4
1822 2.869150520541905 -11.56635537067326 25.4
1823 2.16485261432132 -10.42762377552616 25.4
1824 5.998640068034221 -9.902315878359106 25.4
1825 4.900808883878069 -10.48911887168461 25.4
1826 4.10109606409925 -9.960852680350682 25.4
1827 7.975395796621457 -8.736939084574486 25.4
1828 7.013138715761353 -9.526643062161071 25.4
1829 5.956036824446639 -8.869294864277844 25.4
1830 9.367180350703606 -6.937333672005618 25.4
1831 8.577476373117017 -7.899590752865722 25.4
1832 7.572616048669332 -7.656273716371043 25.4
1833 10.64048700425712 -5.048069956389809 25.4
1834 10.05368401093162 -6.145901140545964 25.4
1835 8.861200285392901 -6.027492853202626 25.4
1836 11.17350448370876 -2.729310731404526 25.4
1837 10.81215298459492 -3.920526982120433 25.4
1838 9.719369925958702 -4.108517347473594 25.4
1839 10.36442058973359 -1.955043992629882 25.4
1840 -5.193030557650468 -7.973248504389424 25.4
1841 -4.523457567630974 -7.002126624951376 25.4
1842 -5.8196212062441 -7.036904012946506 25.4
1843 -6.067324850607363 -6.022160004332395 25.4
1844 -6.736897840626858 -6.993281883770443 25.4
1845 -4.509808887891369 -8.782309463056794 25.4
1846 -7.705866691241965 -6.447253145472589 25.4
1847 5.100768175687429 8.559291041110498 25.4
1848 5.985159640098514 7.945256857658131 25.4
1849 6.820489457931557 7.148190173733433 25.4
1850 7.622252798866841 6.548588030267445 25.4
1851 5.9644957189948 6.790740354971588 25.4
1852 -8.680199621444366 4.77215626877878 25.4
1853 -8.012659013540283 5.530208642449436 25.4
1854 -7.046188044370297 5.295598282196771 25.4
1855 -7.368022022273127 6.485069807805477 25.4
1856 -6.53351566172063 7.224214327260626 25.4
1857 6.634547963040078 -5.597824243762458 25.4
1858 7.031969746868772 -6.774996785862225 25.4
1859 7.777274841336197 -5.641752842562513 25.4
1860 8.463778501564207 -4.850320311102857 25.4
1861 6.429889170373212 -7.612345117570989 25.4
1862 -9.445166285894878 -2.552803678607872 25.4
1863 -9.590402930726526 -1.474640078744461 25.4
1864 -8.873888312438423 -0.6745228573047444 25.4
1865 -10.01058022057214 -0.1531161540434882 25.4
1866 -10.2197972897059 0.8665302404455978 25.4
1867 -0.6664027060040034 7.357352902339708 25.4
1868 -0.2021047267553234 8.6893122836898 25.4
1869 -1.424222304325303 8.555720513527483 25.4
1870 -2.067174183386738 9.283991811702556 25.4
1871 -2.531472162635419 7.952032430352466 25.4
1872 0.9782229220155261 8.347283996268398 25.4
1873 0.2204033236942267 9.545651607456172 25.4
1874 1.234642458930058 10.02641679799119 25.4
1875 -3.169510974506212 9.55629246893885 25.4
1876 8.895985379650062 2.542031221291226 25.4
1877 9.147482413719978 1.452255234734293 25.4
1878 8.363845807130843 0.6511771533406361 25.4
1879 9.648644602761014 0.2264119351318142 25.4
1880 9.851406634671282 -0.7518898791586941 25.4
1881 1.222936203957895 -8.869754768370122 25.4
1882 0.07823631775255335 -7.90561084701476 25.4
1883 -0.07564860904169346 -9.214365949471475 25.4
1884 -1.181129067076554 -9.489339046398062 25.4
1885 1.950407049705511 -9.598411087717396 25.4
1886 2.104291976499757 -8.289655985260683 25.4
1887 3.046208386863183 -9.847524992416721 25.4
1888 -8.732560349661322 -3.44633322295204 25.4
1889 -7.803523130760798 -4.510513256360604 25.4
1890 -7.524673803692288 -3.060226815414281 25.4
1891 -7.998005580859976 -5.437578769527348 25.4
1892 -6.790119034890942 -5.051472361989589 25.4
1893 -2.558607707142189 -8.094346572255203 25.4
1894 -3.488735402939732 -8.998023239865185 25.4
1895 -2.150476191044578 -9.153898695726095 25.4
1896 4.074783198147426 8.725060337340109 25.4
1897 3.060090065273061 8.975360062160519 25.4
1898 2.221857578464724 9.617498906500151 25.4
1899 2.238963459273413 8.561484475695138 25.4
1900 5.41539052264608 -7.988017933769025 25.4
1901 4.758835395934 -6.921816560818908 25.4
1902 4.284983050007426 -8.178766307525763 25.4
1903 3.23009537277136 -8.065438619591802 25.4
1904 3.88665049948344 -9.131639992541919 25.4
1905 8.757203964802608 -2.546142840042833 25.4
1906 7.501612540408113 -3.287945803672097 25.4
1907 8.635444481901999 -3.722777336833482 25.4
1908 9.378021951234185 -1.77782025973303 25.4
1909 8.244190009740301 -1.342988726571645 25.4
1910 -5.567045653280545 7.648970696169837 25.4
1911 -4.701757191005572 8.271049361355466 25.4
1912 -3.821517538959912 7.890137956949387 25.4
1913 -4.054663693742514 9.061215132933619 25.4
1914 8.578632665901642 4.561015037802269 25.4
1915 8.914713193087968 3.566704230893826 25.4
1916 8.028475811832752 5.594668637251557 25.4
1917 7.349982390896733 4.960020071597603 25.4
1918 -8.860221952838797 3.691187692570218 25.4
1919 -9.066319588418681 2.638634492517321 25.4
1920 -7.896922671217336 3.288183916787833 25.4
1921 -8.698542954540628 1.441315892065582 25.4
1922 -9.661842236162087 1.844319667847967 25.4
1923 -6.177031989044802 -2.97797163482605 25.4
1924 -7.106069207945326 -1.913791601417486 25.4
1925 -6.471215303900654 -0.8046277079086714 25.4
1926 -7.81885711854814 -0.8868828884969027 25.4
1927 -8.239034408393751 0.43464103620407 25.4
1928 -5.407941579056294 -3.982551618021819 25.4
1929 -4.989336983309332 -2.836116404025024 25.4
1930 -5.872842400508185 -5.095094491165652 25.4
1931 -4.685147394772715 -4.953239260364626 25.4
1932 -3.749148599990466 -2.697411932171445 25.4
1933 -4.518239009978974 -1.692831948975676 25.4
1934 -4.026085792045424 -0.5513967779422626 25.4
1935 -5.266274175364289 -0.6901012497958411 25.4
1936 -5.979062085967104 0.3368074631247418 25.4
1937 -2.995212459544462 -3.688676340675193 25.4
1938 -2.524114486214105 -2.545391885625845 25.4
1939 -3.473741174466208 -4.814518734115672 25.4
1940 -2.248707060689846 -4.662498687570072 25.4
1941 -3.938641995918099 -5.927061607259505 25.4
1942 -1.294149701032957 -2.389429142672292 25.4
1943 -2.048085841478961 -1.398164734168544 25.4
1944 -1.570615477864099 -0.2542281098389821 25.4
1945 -2.800580263045247 -0.4101908527925358 25.4
1946 -3.548615428430562 0.5925398463872988 25.4
1947 -0.5381509176790007 -3.378438498912437 25.4
1948 -0.0621222729438563 -2.231211347455136 25.4
1949 -1.494575222700678 -5.648898753782954 25.4
1950 -1.016046507778932 -4.523056360342475 25.4
1951 0.2159809203101681 -4.36483856512532 25.4
1952 -0.339496276097956 -0.0936299645185299 25.4
1953 -1.091990697664242 0.8943439168574779 25.4
1954 0.4158941947726578 -1.082552169977616 25.4
1955 0.8945189749725143 0.06601985671884381 25.4
1956 1.171892978126614 -2.071561526217762 25.4
1957 -0.6170271916593113 2.043868882229995 25.4
1958 -1.848146393425454 1.883270736909543 25.4
1959 -2.600957265756231 2.873838464372013 25.4
1960 -3.075920771761162 1.724313498999496 25.4
1961 -4.301426300761339 1.583107573849769 25.4
1962 2.128354137568699 0.2261680698397461 25.4
1963 1.372963666698085 1.215090275298833 25.4
1964 1.851028928970606 2.36401415230312 25.4
1965 0.6171937663744216 2.203865939182217 25.4
1966 -0.1389619293867903 3.192792759234282 25.4
1967 2.884187810174384 -0.7628358675980511 25.4
1968 3.362632501899955 0.3862345509819375 25.4
1969 2.405650146184127 -1.911992614064789 25.4
1970 3.639928510515383 -1.751926132922597 25.4
1971 1.927633678467613 -3.060651791542308 25.4
1972 4.596964808599068 0.546379235912546 25.4
1973 3.841131135993383 1.535383173350343 25.4
1974 4.31948035714099 2.684521573505241 25.4
1975 3.085148050441877 2.524376888574632 25.4
1976 2.329378150118213 3.513152552458017 25.4
1977 -2.12741434264907 4.014505719367328 25.4
1978 -3.355188720984778 3.855548481457281 25.4
1979 -0.894754643666604 4.180768130601886 25.4
1980 -1.64898609889515 5.162478147687154 25.4
1981 0.3394663143671289 4.340765187554108 25.4
1982 4.377377931681782 -2.733270035618517 25.4
1983 4.855915595672039 -1.584113289151779 25.4
1984 5.33066806066053 -0.466938720677145 25.4
1985 5.809166694753959 0.6822099016912607 25.4
1986 6.068117481826929 -1.448282623373065 25.4
1987 3.880035583078356 -3.870579125575171 25.4
1988 5.096022668235012 -3.702766281804353 25.4
1989 2.682792308762611 -4.050280018943386 25.4
1990 3.40143704531584 -5.019776265129222 25.4
1991 1.449035140705098 -4.209848931096359 25.4
1992 -4.047670749822619 4.809420442311747 25.4
1993 -4.521213672929781 3.668753187316432 25.4
1994 -5.680387789622257 3.544173739075506 25.4
1995 -4.987905760784415 2.59030177822104 25.4
1996 -5.460600417453815 1.458528125608842 25.4
1997 5.521419688667224 2.819816941877039 25.4
1998 4.765436603115718 3.808810657101327 25.4
1999 6.469073530391152 1.786274155612033 25.4
2000 6.915029776365881 2.91056323920812 25.4
2001 7.202776782452615 0.7729561990223422 25.4
2002 5.180934456738084 4.893364705894266 25.4
2003 3.97899512521185 4.758069337522468 25.4
2004 3.216393409587221 5.706244129724787 25.4
2005 2.800895555964855 4.621690080931849 25.4
2006 1.566776434493584 4.461327344660337 25.4
2007 -1.152423341743334 6.276250845549551 25.4
2008 -2.385083040725799 6.109988434314993 25.4
2009 -3.675128417050293 6.048093960911915 25.4
2010 -4.841153368995297 5.861298666771066 25.4
2011 -3.178565659898477 7.161866658774311 25.4
2012 0.06969423582664563 6.409842615711868 25.4
2013 0.8109837202137709 5.44930271602794 25.4
2014 1.297004355953101 6.530404772818097 25.4
2015 5.989266688569544 -4.652327836111876 25.4
2016 6.48660903717297 -3.515018746155222 25.4
2017 6.608368520073579 -2.338384249364573 25.4
2018 7.083120985062071 -1.221209680889939 25.4
2019 2.916310847147721 -6.156021046536542 25.4
2020 4.113554121463466 -5.976320153168327 25.4
2021 5.243961594102119 -5.785571779411589 25.4
2022 0.9711395506051657 -5.354466792526397 25.4
2023 0.5574532304811888 -6.535228046234383 25.4
2024 1.790507450876118 -6.380238412205422 25.4
2025 2.502624527023744 -7.336782300244527 25.4
2026 -6.665541545990179 1.344001667496012 25.4
2027 -7.125050092137055 2.350676523357524 25.4
2028 -7.643511760650344 1.228955860873424 25.4
2029 -1.973792135429314 -7.019281554563332 25.4
2030 -0.7411315825183993 -6.879839227335735 25.4
2031 -3.312051347324468 -6.863406098702423 25.4
2032 -6.452260368702538 4.481681132505814 25.4
2033 -6.918952456557172 3.403229723410422 25.4
2034 -5.435081044663056 6.675215816462022 25.4
2035 -5.807623377435381 5.436542297861855 25.4
2036 6.383600735734897 4.968889848260008 25.4
2037 5.597159257831029 5.918148528681147 25.4
2038 7.881411431527715 2.901693462545714 25.4
2039 6.933757589803786 3.93523624881072 25.4
2040 2.557744893210988 6.744605252244838 25.4
2041 1.816455408823863 7.705145151928766 25.4
2042 3.735844462457982 6.880984508835456 25.4
2043 4.761829439997986 6.715215212605845 25.4
2044 4.103180923621753 7.753576335125896 25.4
2045 7.703938971493649 -0.4528871005801364 25.4
2046 -6.489194196263594 -8.008025892384554 0
2047 6.841153379035271 8.302706676419977 0
2048 -8.334492991443113 6.719680168058142 0
2049 8.174696625164891 -6.81892538466228 0
2050 -10.72709483886024 -0.953233375483205 0
2051 -0.9599243250766227 9.887679894877573 0
2052 10.43228120935015 1.027490016525471 0
2053 1.069051277163648 -10.17850987082683 0
2054 -9.011409676729832 -4.896619663898363 0
2055 -3.080603886842121 -10.05757536333608 0
2056 3.042984184464372 10.03137449296553 0
2057 4.941538176719507 -9.244967680475879 0
2058 9.891035906296494 -2.980974373204218 0
2059 -4.934903345788173 9.442126537339698 0
2060 9.257126086837664 5.195663603456224 0
2061 -10.02961887004014 3.041638268299705 0
2062 -10.43662154919695 -3.109560575210028 0
2063 -8.453711022592811 -1.996046782005717 0
2064 -6.595636584791764 -4.124406848822845 0
2065 -5.75842739329784 -1.831536420829254 0
2066 -4.220246573320823 -3.840696387220793 0
2067 -3.278050626660109 -1.554127477122097 0
2068 -1.770178345768101 -3.536656294129593 0
2069 -0.8181210562978125 -1.24220199121499 0
2070 -2.323109899430385 0.7337457715370257 0
2071 0.1391285041019005 1.05494206217793 0
2072 1.649909445843128 -0.9229023487402426 0
2073 2.606798829294269 1.375238488419735 0
2074 -1.373182887420523 3.03279570228206 0
2075 4.11846617450564 -0.6027693864558598 0
2076 3.161390846525126 -2.901082879389335 0
2077 -3.828731644091939 2.714881226461966 0
2078 5.075463442692496 1.695527858280952 0
2079 3.563497271589484 3.673515288729529 0
2080 -2.881645797877616 4.996215736452596 0
2081 -0.4163263999126847 5.328740558921712 0
2082 5.593365016838438 -2.565457191847699 0
2083 4.598680319631585 -4.840075371761007 0
2084 2.204193771000095 -5.199477158497437 0
2085 -7.184003214503468 0.2222810050119115 0
2086 -2.727235775611592 -5.788341081010551 0
2087 -5.213695701767622 4.622625148170899 0
2088 5.967375934641952 3.944106025473125 0
2089 -1.888520283573983 7.22376113217739 0
2090 0.555714871565976 7.490944672502025 0
2091 4.394492978834215 5.842623386315405 0
2092 7.862683618089808 1.877020452943115 0
2093 6.54286994681542 -0.3311080548984303 0
2094 1.095259028646943 3.352789816186505 0
2095 2.038293840340226 5.569864873134168 0
2096 0.6938765104101 -3.220220703695281 0
2097 -0.2619146697897639 -5.509456426555357 0
2098 -1.220348495247035 -8.250222028116113 0
2099 1.376821130752141 -7.560999665913408 0
2100 -5.150048216224605 -6.065782133508459 0
2101 -4.774120957430739 0.4513339212375721 0
2102 3.628427923295346 -7.112564934575646 0
2103 -6.147079877476891 2.465722329980113 0
2104 -4.468611036222971 7.099972185371233 0
2105 7.379853057507503 -4.464580300462745 0
2106 -7.690825035637452 4.340737116840731 0
2107 7.623372023308722 -2.111311306881448 0
2108 3.07719594608175 7.919345631355507 0
2109 -3.896866919037343 -7.938471116394294 0
2110 -9.294065602284034 0.6470010673962285 0
2111 5.889242868572653 -6.731068187062171 0
2112 2.831762822247374 -9.018312304607958 0
2113 -8.42713189749381 -6.915968415788845 0
2114 -1.141909638906073 -10.72845606468001 0
2115 9.929287141210315 3.207041989639338 0
2116 -6.66548027033812 8.197969206968441 0
2117 -5.122750856745395 -9.626147809719296 0
2118 10.83780527317068 -0.9291136120555455 0
2119 5.072370450213102 9.530775043324711 0
2120 9.54770394562091 -5.23606032174297 0
2121 1.068553945395039 10.8492102759476 0
2122 -3.164597907315569 10.43228120935016 0
2123 8.444680060905839 7.103502389488 0
2124 8.865007996171878 -0.5746661462618425 0
2125 -9.669574207251278 5.20357542071683 0
2126 6.970535472173771 -8.493622048079807 0
2127 6.799825536827843 5.99367367104689 0
2128 -8.10302030679722 2.235630716734936 0
2129 -6.40155105310314 6.250459447552811 0
2130 -11.14552897712777 1.086059413494967 0
2131 -3.174424041696855 8.680303728527541 0
2132 5.129165901161757 7.587807038896285 0
2133 3.260653951478993 -10.67673768022548 0
2134 7.900139244965621 3.926366472148314 0
2135 1.400730972465076 9.203623320034771 0
2136 -6.984601484990121 -5.978537875156333 0
2137 11.56614060467507 0.5137450082627355 0
2138 11.44412713523559 1.752568553065151 0
2139 11.64688916714585 -1.70338035083019 0
2140 11.76890263658534 -0.4645568060277728 0
2141 10.63504324126042 0.04918820223496267 0
2142 11.19263010116567 2.842344539622084 0
2143 10.83127860205183 4.03356079033799 0
2144 10.18078417528023 2.117266003082404 0
2145 10.4951980748655 5.027871597246433 0
2146 9.908395081539993 6.125702781402588 0
2147 9.593206614023989 4.201352796547781 0
2148 9.50217206857408 7.079622174418477 0
2149 8.712468090987493 8.041879255278578 0
2150 8.850903073871752 6.149582996472112 0
2151 7.91070475005221 8.641481398744567 0
2152 6.948447669192106 9.431185376331152 0
2153 7.642916719970555 7.703104532953988 0
2154 6.064056204781021 10.04521955978352 0
2155 4.966225020624866 10.63202255310903 0
2156 5.956761914624186 8.916740859872345 0
2157 3.951531887750501 10.88232227792944 0
2158 2.760315637034595 11.24367377704328 0
2159 4.057677317338737 9.781074768145121 0
2160 1.773100517499929 11.65259166853431 0
2161 0.5342769726975127 11.7746051379738 0
2162 2.055769064929706 10.44029238445657 0
2163 -0.479962162538318 11.29383994743879 0
2164 -1.71878570734073 11.1718264779993 0
2165 0.05431481015920792 10.36844508541258 0
2166 -2.821122498460203 11.44412713523559 0
2167 -4.012338749176107 11.08277563612175 0
2168 -2.062261116196096 10.15998055211386 0
2169 -4.897491468412409 10.58769830011652 0
2170 -5.995322652568564 10.00089530679101 0
2171 -4.049750626551871 9.937203873344927 0
2172 -6.860611114843537 9.378816641605379 0
2173 -7.82286819570364 8.589112664018792 0
2174 -5.800191808063147 8.82004787215407 0
2175 -8.657374556256137 7.849968144563643 0
2176 -9.447078533842722 6.88771106370354 0
2177 -7.499986630890616 7.458824687513292 0
2178 -10.1146191417468 6.129658690032883 0
2179 -10.70142213507231 5.031827505876731 0
2180 -9.002033599347197 5.961627794387486 0
2181 -10.88144446646674 3.950858929668168 0
2182 -11.24279596558058 2.759642678952264 0
2183 -9.849596538645709 4.122606844508268 0
2184 -11.8007510191244 1.781853251549895 0
2185 -11.92276448856388 0.5430297067474786 0
2186 -10.58757392358395 2.063848840897336 0
2187 -11.71354741943012 -0.4766166877416073 0
2188 -11.59153394999063 -1.715440232544017 0
2189 -10.936311907994 0.06641301900588092 0
2190 -11.44629730515899 -2.793603832407429 0
2191 -11.08494580604514 -3.984820083123333 0
2192 -10.58185819402859 -2.031396975346617 0
2193 -10.37233986981159 -4.8783496274675 0
2194 -9.785536876486079 -5.976180811623654 0
2195 -9.724015612963388 -4.003090119554196 0
2196 -9.493397986868068 -6.985855187568895 0
2197 -8.703694009281486 -7.948112268428994 0
2198 -8.719270787111821 -5.906294039843604 0
2199 -7.734725158666379 -8.494141006726849 0
2200 -6.77246807780628 -9.283844984313433 0
2201 -7.458163046878703 -7.461997154086699 0
2202 -6.08924640804718 -10.0929059429808 0
2203 -4.991415223891027 -10.67970893630632 0
2204 -5.805972526504494 -8.817086851051926 0
2205 -3.970341738939389 -10.89542271311471 0
2206 -2.779125488223483 -11.25677421222855 0
2207 -4.101677371793757 -9.841861586527685 0
2208 -1.809778364255459 -11.59221456290052 0
2209 -0.5709548194530434 -11.71422803234 0
2210 -2.111256762874097 -10.39301571400804 0
2211 0.534525638581817 -11.43925493541342 0
2212 1.773349183384233 -11.31724146597393 0
2213 -0.03642918087121272 -10.45348296775342 0
2214 2.869150520541905 -11.56635537067326 0
2215 4.060366771257812 -11.20500387155941 0
2216 2.16485261432132 -10.42762377552616 0
2217 4.900808883878069 -10.48911887168461 0
2218 5.998640068034221 -9.902315878359106 0
2219 4.10109606409925 -9.960852680350682 0
2220 7.013138715761353 -9.526643062161071 0
2221 7.975395796621457 -8.736939084574486 0
2222 5.956036824446639 -8.869294864277844 0
2223 8.577476373117017 -7.899590752865722 0
2224 9.367180350703606 -6.937333672005618 0
2225 7.572616048669332 -7.656273716371043 0
2226 10.05368401093162 -6.145901140545964 0
2227 10.64048700425712 -5.048069956389809 0
2228 8.861200285392901 -6.027492853202626 0
2229 10.81215298459492 -3.920526982120433 0
2230 11.17350448370876 -2.729310731404526 0
2231 9.719369925958702 -4.108517347473594 0
2232 10.36442058973359 -1.955043992629882 0
2233 -5.8196212062441 -7.036904012946506 0
2234 -4.523457567630974 -7.002126624951376 0
2235 -5.193030557650468 -7.973248504389424 0
2236 -6.736897840626858 -6.993281883770443 0
2237 -6.067324850607363 -6.022160004332395 0
2238 -4.509808887891369 -8.782309463056794 0
2239 -7.705866691241965 -6.447253145472589 0
2240 5.985159640098514 7.945256857658131 0
2241 5.100768175687429 8.559291041110498 0
2242 7.622252798866841 6.548588030267445 0
2243 6.820489457931557 7.148190173733433 0
2244 5.9644957189948 6.790740354971588 0
2245 -8.012659013540283 5.530208642449436 0
2246 -8.680199621444366 4.77215626877878 0
2247 -7.368022022273127 6.485069807805477 0
2248 -7.046188044370297 5.295598282196771 0
2249 -6.53351566172063 7.224214327260626 0
2250 7.777274841336197 -5.641752842562513 0
2251 7.031969746868772 -6.774996785862225 0
2252 6.634547963040078 -5.597824243762458 0
2253 8.463778501564207 -4.850320311102857 0
2254 6.429889170373212 -7.612345117570989 0
2255 -9.590402930726526 -1.474640078744461 0
2256 -9.445166285894878 -2.552803678607872 0
2257 -10.01058022057214 -0.1531161540434882 0
2258 -8.873888312438423 -0.6745228573047442 0
2259 -10.2197972897059 0.8665302404455978 0
2260 -1.424222304325303 8.555720513527483 0
2261 -0.2021047267553233 8.6893122836898 0
2262 -0.6664027060040033 7.357352902339708 0
2263 -2.531472162635419 7.952032430352466 0
2264 -2.067174183386739 9.283991811702556 0
2265 0.2204033236942269 9.545651607456172 0
2266 0.9782229220155261 8.347283996268398 0
2267 1.234642458930058 10.02641679799119 0
2268 -3.169510974506212 9.55629246893885 0
2269 9.147482413719978 1.452255234734293 0
2270 8.895985379650062 2.542031221291226 0
2271 9.648644602761014 0.2264119351318142 0
2272 8.363845807130843 0.6511771533406361 0
2273 9.851406634671282 -0.7518898791586941 0
2274 -0.07564860904169346 -9.214365949471475 0
2275 0.07823631775255335 -7.90561084701476 0
2276 1.222936203957895 -8.869754768370122 0
2277 -1.181129067076554 -9.489339046398062 0
2278 2.104291976499757 -8.289655985260683 0
2279 1.950407049705511 -9.598411087717396 0
2280 3.046208386863183 -9.847524992416721 0
2281 -8.732560349661322 -3.44633322295204 0
2282 -7.524673803692288 -3.060226815414281 0
2283 -7.803523130760798 -4.510513256360604 0
2284 -6.790119034890942 -5.051472361989589 0
2285 -7.998005580859976 -5.437578769527348 0
2286 -2.150476191044578 -9.153898695726095 0
2287 -3.488735402939732 -8.998023239865185 0
2288 -2.558607707142189 -8.094346572255203 0
2289 3.060090065273061 8.975360062160519 0
2290 4.074783198147426 8.725060337340109 0
2291 2.238963459273413 8.561484475695138 0
2292 2.221857578464724 9.617498906500151 0
2293 4.284983050007426 -8.178766307525763 0
2294 4.758835395934 -6.921816560818908 0
2295 5.41539052264608 -7.988017933769025 0
2296 3.88665049948344 -9.131639992541919 0
2297 3.23009537277136 -8.065438619591802 0
2298 8.635444481901999 -3.722777336833482 0
2299 7.501612540408113 -3.287945803672097 0
2300 8.757203964802608 -2.546142840042833 0
2301 8.244190009740301 -1.342988726571645 0
2302 9.378021951234185 -1.77782025973303 0
2303 -4.701757191005572 8.271049361355466 0
2304 -5.567045653280545 7.648970696169837 0
2305 -4.054663693742514 9.061215132933619 0
2306 -3.821517538959912 7.890137956949387 0
2307 8.914713193087968 3.566704230893826 0
2308 8.578632665901642 4.561015037802269 0
2309 8.028475811832752 5.594668637251557 0
2310 7.349982390896733 4.960020071597603 0
2311 -8.860221952838797 3.691187692570218 0
2312 -7.896922671217336 3.288183916787833 0
2313 -9.066319588418681 2.638634492517321 0
2314 -9.661842236162087 1.844319667847967 0
2315 -8.698542954540628 1.441315892065582 0
2316 -7.106069207945326 -1.913791601417486 0
2317 -6.177031989044802 -2.97797163482605 0
2318 -7.81885711854814 -0.8868828884969029 0
2319 -6.471215303900654 -0.8046277079086714 0
2320 -8.239034408393751 0.43464103620407 0
2321 -4.989336983309332 -2.836116404025024 0
2322 -5.407941579056294 -3.982551618021819 0
2323 -4.685147394772715 -4.953239260364626 0
2324 -5.872842400508185 -5.095094491165652 0
2325 -4.518239009978974 -1.692831948975676 0
2326 -3.749148599990466 -2.697411932171445 0
2327 -5.266274175364289 -0.6901012497958412 0
2328 -4.026085792045424 -0.5513967779422625 0
2329 -5.979062085967104 0.3368074631247418 0
2330 -2.524114486214105 -2.545391885625845 0
2331 -2.995212459544462 -3.688676340675193 0
2332 -2.248707060689846 -4.662498687570072 0
2333 -3.473741174466208 -4.814518734115672 0
2334 -3.938641995918099 -5.927061607259505 0
2335 -2.048085841478961 -1.398164734168544 0
2336 -1.294149701032957 -2.389429142672292 0
2337 -2.800580263045247 -0.4101908527925358 0
2338 -1.570615477864099 -0.2542281098389821 0
2339 -3.548615428430562 0.5925398463872988 0
2340 -0.06212227294385619 -2.231211347455136 0
2341 -0.5381509176790006 -3.378438498912437 0
2342 -1.016046507778932 -4.523056360342475 0
2343 -1.494575222700678 -5.648898753782954 0
2344 0.2159809203101681 -4.36483856512532 0
2345 -1.091990697664242 0.8943439168574779 0
2346 -0.339496276097956 -0.0936299645185299 0
2347 0.8945189749725142 0.06601985671884381 0
2348 0.4158941947726578 -1.082552169977616 0
2349 1.171892978126614 -2.071561526217762 0
2350 -1.848146393425454 1.883270736909543 0
2351 -0.6170271916593113 2.043868882229995 0
2352 -3.075920771761162 1.724313498999496 0
2353 -2.600957265756231 2.873838464372013 0
2354 -4.301426300761339 1.583107573849769 0
2355 1.372963666698085 1.215090275298833 0
2356 2.128354137568699 0.2261680698397461 0
2357 0.6171937663744216 2.203865939182218 0
2358 1.851028928970606 2.36401415230312 0
2359 -0.1389619293867903 3.192792759234282 0
2360 3.362632501899955 0.3862345509819376 0
2361 2.884187810174384 -0.7628358675980511 0
2362 3.639928510515383 -1.751926132922597 0
2363 2.405650146184127 -1.911992614064789 0
2364 1.927633678467613 -3.060651791542308 0
2365 3.841131135993383 1.535383173350343 0
2366 4.596964808599068 0.5463792359125461 0
2367 3.085148050441877 2.524376888574632 0
2368 4.31948035714099 2.684521573505241 0
2369 2.329378150118213 3.513152552458017 0
2370 -3.355188720984778 3.855548481457281 0
2371 -2.12741434264907 4.014505719367328 0
2372 -1.648986098895151 5.162478147687154 0
2373 -0.894754643666604 4.180768130601886 0
2374 0.3394663143671289 4.340765187554108 0
2375 4.855915595672039 -1.584113289151779 0
2376 4.377377931681782 -2.733270035618517 0
2377 5.809166694753959 0.6822099016912608 0
2378 5.33066806066053 -0.466938720677145 0
2379 6.068117481826929 -1.448282623373065 0
2380 5.096022668235012 -3.702766281804353 0
2381 3.880035583078356 -3.870579125575171 0
2382 3.40143704531584 -5.019776265129222 0
2383 2.682792308762611 -4.050280018943386 0
2384 1.449035140705097 -4.209848931096359 0
2385 -4.521213672929781 3.668753187316432 0
2386 -4.047670749822619 4.809420442311747 0
2387 -4.987905760784415 2.59030177822104 0
2388 -5.680387789622257 3.544173739075506 0
2389 -5.460600417453815 1.458528125608843 0
2390 4.765436603115718 3.808810657101327 0
2391 5.521419688667224 2.819816941877039 0
2392 6.915029776365881 2.91056323920812 0
2393 6.469073530391152 1.786274155612033 0
2394 7.202776782452615 0.7729561990223421 0
2395 3.97899512521185 4.758069337522468 0
2396 5.180934456738084 4.893364705894266 0
2397 2.800895555964855 4.621690080931849 0
2398 3.216393409587221 5.706244129724787 0
2399 1.566776434493584 4.461327344660337 0
2400 -2.385083040725799 6.109988434314993 0
2401 -1.152423341743334 6.276250845549551 0
2402 -4.841153368995297 5.861298666771066 0
2403 -3.675128417050293 6.048093960911915 0
2404 -3.178565659898477 7.161866658774311 0
2405 0.06969423582664563 6.409842615711868 0
2406 1.297004355953101 6.530404772818097 0
2407 0.8109837202137706 5.44930271602794 0
2408 6.48660903717297 -3.515018746155222 0
2409 5.989266688569544 -4.652327836111876 0
2410 7.083120985062071 -1.221209680889939 0
2411 6.608368520073579 -2.338384249364573 0
2412 4.113554121463466 -5.976320153168327 0
2413 2.916310847147721 -6.156021046536542 0
2414 5.243961594102119 -5.785571779411589 0
2415 0.9711395506051654 -5.354466792526397 0
2416 1.790507450876118 -6.380238412205422 0
2417 0.5574532304811888 -6.535228046234383 0
2418 2.502624527023744 -7.336782300244527 0
2419 -6.665541545990179 1.344001667496012 0
2420 -7.643511760650344 1.228955860873424 0
2421 -7.125050092137055 2.350676523357524 0
2422 -0.7411315825183993 -6.879839227335735 0
2423 -1.973792135429314 -7.019281554563332 0
2424 -3.312051347324468 -6.863406098702423 0
2425 -6.918952456557172 3.403229723410422 0
2426 -6.452260368702538 4.481681132505814 0
2427 -5.807623377435381 5.436542297861855 0
2428 -5.435081044663056 6.675215816462022 0
2429 5.597159257831029 5.918148528681147 0
2430 6.383600735734897 4.968889848260008 0
2431 6.933757589803786 3.93523624881072 0
2432 7.881411431527715 2.901693462545714 0
2433 1.816455408823863 7.705145151928766 0
2434 2.557744893210988 6.744605252244838 0
2435 3.735844462457982 6.880984508835456 0
2436 4.103180923621753 7.753576335125896 0
2437 4.761829439997986 6.715215212605845 0
2438 7.703938971493649 -0.4528871005801364 0
2439 0.1969300584440017 -0.231563724947474 13.02421658061784
2440 4.127722556597829 3.265410498187723 7.499835731106905
2441 -3.849706076218276 3.357022080490089 7.619293014534358
2442 3.206506912017156 -4.167891502548963 7.383049263676492
2443 -4.906834852684379 1.835961478811663 18.06518007885535
2444 3.044338691233451 4.441190889810651 18.0427139305582
2445 4.74304431872287 -2.633230266950134 18.17348642307133
2446 -3.985162484383591 -3.831291377066085 7.198074129161465
2447 -2.205641530099804 -4.985431849839634 18.06963626393317
2448 -1.686945765386282 6.035975492880584 13.35708966603447
2449 6.495922282703063 -0.02695945201710305 12.70000000000002
2450 -5.798142869483923 -2.598743127679345 13.26403467901559
2451 2.355047357468059 -6.13933080838392 13.2552772476661
2452 3.945127540764296 5.796349093884044 12.59147967747095
2453 0.1971357402923832 7.231995356118279 6.93772743232845
2454 -6.395510951544306 2.988847159111129 12.65268961962826
2455 -0.1450354068766335 -0.1746643172845717 5.424278767560492
2456 0.0942858399040114 0.02435765609116358 19.87644348078929
2457 -2.092972512377243 6.692266049825954 18.99335097624822
2458 7.161258107855854 -0.8529932397586968 5.450543061901648
2459 -2.765245607958327 -6.768308958659045 11.58858677035701
2460 -7.363748271136711 -0.05308234804954207 5.376010437233336
2461 7.269824364159052 1.746913519321512 19.85318148721856
2462 -6.959201953012733 -2.921650642994336 19.01505148051374
2463 -0.543863864952574 -7.649156362619069 6.657657047056986
2464 2.431801880767851 -6.981179265439572 20.20940403005659
2465 6.635518784337602 -4.473713292741953 10.78833026435476
2466 4.146696797927262 6.974168644298167 4.50116930058607
2467 -6.332085841299335 5.196765293332888 20.90017383799117
2468 -3.925031592286919 7.028380171912042 4.674814713517428
2469 0.1760943073925669 3.348105558687479 10.00790374280723
2470 -8.081476487809944 -0.3480897293939306 9.933413800793133
2471 7.068205493113653 3.747980556935981 15.54036164717549
2472 1.599483171429968 8.11084010020733 15.74773475284895
2473 -8.181123665432768 1.105480576618785 21.05287123166402
2474 -3.531286758047986 7.463068074539631 9.484076142982751
2475 1.931725184796427 7.872608585028662 20.9263458370663
2476 7.368468584692035 3.852764328906347 4.453888509256085
2477 -3.318858857820243 -0.4079211694110234 10.13075091314848
2478 8.519545111422421 -1.426533897795973 16.13860406595025
2479 6.591037220840438 -5.277037289855455 15.15575129946536
2480 -0.7948761099427522 2.72044312977039 16.3307675793003
2481 7.337379120098728 3.772719658180339 10.54089942623887
2482 -5.482227645431596 6.057807083518901 15.95210676305189
2483 3.196818353189278 -0.4294782324307264 9.766017138414016
2484 -8.30760652197411 0.2509138273199354 15.6291649426146
2485 3.380959776026733 -7.584085958276751 4.464731297109524
2486 -7.322246313728895 4.275746345910752 4.756172078938108
2487 -6.700094304098294 -5.314453917132526 4.227585333485978
2488 1.103218805478502 3.857002886892715 4.330620438827444
2489 -0.1922544818542372 -3.512130657006308 10.10897013013203
2490 -0.9345620727000026 -8.320815394018881 15.36750795607239
2491 5.853278610526653 5.886381075870068 21.1048758828669
2492 2.808076024466852 -7.989265103535172 9.37112858030398
2493 0.3529842646567687 -4.259082384638151 4.162567551384273
2494 3.465805804034006 0.7574812521422336 15.74105653936497
2495 0.963982951053282 8.40858491729805 10.97960032395386
2496 -5.256383277518177 -6.525899589251569 15.24690935065195
2497 6.79415909567261 -5.115730453691413 5.243179393167265
2498 -7.265237580153859 -4.569295128197361 9.796819788609399
2499 4.36170749123607 7.373860283340692 8.698117021639852
2500 -3.877460357284261 -0.8975558437504215 21.20487766524277
2501 8.626149953589326 -1.143684290511445 9.320430231691248
2502 -2.641572714157816 3.187549293571883 21.36956539751994
2503 8.024144999212776 -2.389767590012335 21.05425037401148
2504 -3.720046588198839 1.340289513021089 3.926538182132091
2505 -5.194972498677101 -6.483107670064753 20.98431282938319
2506 -7.831726796539049 3.636040279019318 8.819214401915543
2507 1.07529077861575 -3.145678218200012 16.03109124023266
2508 -2.761419986381247 -1.228507964024791 15.96605082639434
2509 3.61505538608885 0.5791455277577114 3.915632726118498
2510 2.42199032218234 2.800428043742893 21.65243883792737
2511 -0.5025668299576406 -3.655528519134705 21.52690643398399
2512 -4.397746182824692 -7.69636484287067 8.074273508156498
2513 -3.651954022248973 -7.911780347369792 4.144703119672103
2514 3.86258920550769 -7.888335887111278 16.55535107847835
2515 3.230291754138572 -1.581343123177565 21.67268914465082
2516 -1.512955667445471 -8.421347704996048 20.38962444923333
2517 -4.20478658439206 -2.45807049847978 3.616959761738709
2518 3.478690912375541 -2.433035082276766 13.07337257266154
2519 5.301496994670856 7.10873927679848 16.35087639547526
2520 6.445726976664256 -6.022973071689414 19.83986765294636
2521 3.944422614868227 -3.179667703786781 3.687602118506876
2522 -2.606504754199347 2.369593046878085 12.68398205127142
2523 1.083079474483192 9.034140845218495 3.750151639238936
2524 -5.94042645021343 6.704938770834097 12.27359846358775
2525 -8.258404044680436 -4.005426457340359 15.69013151240289
2526 -8.638285352279883 -3.283769620096239 6.622344020169839
2527 0.2218415062009367 -9.000201098284069 11.87637360724962
2528 -8.134478723910583 3.915070688913173 17.74563276335791
2529 -2.362736581438245 8.808583149164352 15.85652717269514
2530 -4.145272182246787 8.114977449821199 21.79855332298293
2531 2.916507154746186 2.224722007007652 12.36284244117415
2532 -1.61302510854543 -3.811386078270174 13.5396315410152
2533 -6.337899338429676 6.598552172971296 7.359140809670753
2534 8.242679927633974 1.99177511502284 7.47799254793618
2535 7.364823009166042 5.786985364798749 7.590279135752308
2536 6.032216108317568 -6.917325174797476 8.241980638680396
2537 8.963430550862505 -2.624720563380621 12.79011267861429
2538 5.590620444257086 -7.423690093938577 12.49289947095011
2539 9.467685239085082 0.9650853612848226 13.95447451327203
2540 -9.179666444745688 1.864009312221129 3.215862254864477
2541 -6.18067936302443 -7.144254864437819 11.80887489400112
2542 -9.140488506833384 -1.747248231857353 12.92237638586307
2543 -0.1189738612021375 0.0798571870971343 8.883622663181409
2544 -4.268228328113873 -0.4247768571905777 6.826009973770634
2545 -0.9679504814799378 9.461947145180009 21.92171130258048
2546 1.307360001599226 4.859721004706714 14.61634258413739
2547 -2.534761820314733 9.138543690858935 12.26546002083476
2548 -2.166613549719074 4.372177326699331 3.326404042322829
2549 0.1239123800218507 -7.606101688261687 3.24441176070972
2550 8.585525512684129 4.216612123974381 22.12333150024905
2551 0.03370839106045981 5.231775110098947 22.00477586740027
2552 -3.967729325497591 -3.725692389416159 10.61095906069128
2553 3.954955481770779 0.806445700990386 19.21137206344929
2554 0.05883305848792175 9.464936778523231 18.51431305960365
2555 9.195459387360494 1.065366924752359 3.301995502800439
2556 -8.228891032721947 -4.386986989680068 21.98142680865322
2557 7.930287740979443 5.243082951006756 18.47980071842292
2558 7.288645236617294 6.035919370635375 13.0565132215715
2559 -7.133591861413128 -6.167375183987178 18.0482345399369
2560 5.634634493941451 -2.030134286360116 8.163121416781825
2561 8.5767584199567 -3.016658216329084 3.179949951095792
2562 -1.76279685580802 -9.351763676382975 9.236137656074238
2563 8.409600827038728 -4.182732865661473 7.993383951097483
2564 -2.513567559127387 9.137617500701657 6.809004247654864
2565 -3.659916843631124 -8.6288643904295 17.59283534109746
2566 -9.340441129129204 1.508153314402964 12.36584428359697
2567 -2.155055221026171 9.345964043650232 3.088431230429444
2568 4.258110404232068 3.782788338066078 3.258042880874479
2569 9.474251679013015 0.3970078884517267 22.24299133306727
2570 -0.6882329195307508 2.744594475680579 6.875506750871307
2571 -9.57615305953855 1.232286799731401 7.427849170830994
2572 -5.201164324139299 0.453998151654158 14.44990061613876
2573 1.05919582452545 -9.268236439006881 18.01997693830022
2574 -0.8308486996402651 -2.994022164373424 6.940222135643022
2575 4.076700984194686 8.806911198942061 13.77995672204188
2576 8.409736945060022 -4.321104878048308 17.76810752716947
2577 -6.721406140690094 6.959428542207305 3.109579189268992
2578 -8.404896584156146 -2.53681897392262 3.335150541779114
2579 -4.135142484104595 4.474153669407755 10.6883389724043
2580 2.759734107400651 -1.042482994159834 6.601999935469365
2581 9.476061167799626 1.479043440932484 10.84582994553692
2582 3.38804141577974 -4.554475604928022 10.60835849003721
2583 2.773802263610184 9.100199630112749 6.483754043845923
2584 0.09244418312269331 3.249827343062814 19.42014903329943
2585 -7.163915718671779 -6.391916469694054 7.187824438081837
2586 6.136368337052895 0.8674855058649057 9.632154258405881
2587 3.453873332538707 8.960865896656355 18.27331010229352
2588 4.906368652326179 -7.79612386003143 22.35319027005616
2589 -5.550432200416489 7.661570226694884 18.84140727557068
2590 -8.829166475554439 3.899113767372569 14.58375879693177
2591 1.834751360151416 -3.881390830143592 19.17894102294345
2592 -0.08408637537418517 -6.670466963283337 9.660734684604684
2593 -5.10997960119389 -3.463088942111099 16.37603750706388
2594 2.06053551225717 -9.513179334747139 6.655184459222475
2595 4.637198452706863 8.476001841407475 22.41962560738923
2596 3.113248111050423 -9.27777931177425 13.10733804510953
2597 8.994924106657457 1.643216618252634 17.09907054145151
2598 -5.319536323138515 1.724065326414382 22.38260901717784
2599 -8.926328180545536 3.954875734276417 22.29284998655019
2600 1.373501677943278 -1.524201493539045 3.05220704166302
2601 -8.611068176256413 4.895062339550606 11.5508572398143
2602 5.526292895654535 -1.538370469909798 15.25503678501291
2603 -3.637556601969484 -3.947102168596015 22.22899733467624
2604 -2.65521464985882 -4.984965415660039 4.613539779485648
2605 -0.7702587818083525 1.60620969664796 2.936273815809569
2606 -8.241039719908818 -4.990337531902655 12.72997601018883
2607 2.12970722485657 -9.419412945145439 22.28621811611933
2608 -5.669806272266419 1.651149053979555 9.914555018636111
2609 -3.811435492829384 3.368633469581662 15.4766998992093
2610 5.44672037876464 -3.85612549131467 22.40954542847756
2611 5.054110062261285 1.023206407557123 22.24083693237705
2612 6.713687368163403 7.150101753127531 2.836615412638627
2613 -9.379445498476329 -0.7257229032609878 18.58869220166759
2614 0.05246036906991514 9.89092355332274 13.76281744495512
2615 0.5874178507964294 -0.09909166453191487 16.74954858828993
2616 2.863247245461277 4.895700891237785 9.822241412437357
2617 1.084571380421491 -6.271664495763185 16.82648066754891
2618 -3.668326881340054 -8.903916941503788 13.80050714487508
2619 5.744898728112113 8.100983220091759 11.32161447273885
2620 -6.823600552080586 -1.508392019864928 22.3711374192347
2621 -1.28965869403794 -0.04023620527978911 22.61537365830185
2622 -1.623507755676016 5.290783898584783 8.461337754141146
2623 -1.343304901559077 9.764902158058698 9.541712495825815
2624 2.389397197345893 -4.516969802371569 22.35252983330543
2625 0.1216336089873046 6.305542084581364 2.825182354320702
2626 -6.332277824501857 -2.146460935268582 8.229962855257824
2627 3.232410522502212 5.567881784178541 22.60699992856476
2628 3.711815316582556 -4.764979113000646 16.17678016231869
2629 0.3750391370641659 5.815626473932338 17.3847635329695
2630 -2.077325226400191 -1.988244268145065 18.90852348601131
2631 6.229903787044563 -7.372366222239999 3.087287667959046
2632 9.696670732261595 -1.86555559562518 6.637856738233402
2633 4.11378174462072 3.666855711480831 14.77330988015103
2634 -5.983535335158868 -0.2148962517628002 2.715806913608368
2635 -1.585256949397905 -1.255557936293718 2.87557719734126
2636 2.165584723252156 -9.674984802999065 2.789396087459784
2637 0.2533453535353805 -6.859539828761532 22.51511819017707
2638 5.83230685418202 -1.059411024594586 2.796218095675972
2639 -1.405557322396601 -9.843169560139033 4.490306602972256
2640 -3.760830375364844 -9.102832178621892 22.48135827052967
2641 -4.44823954195293 4.812519267573951 18.53493518232995
2642 -5.060573135509706 3.790370141079133 2.865311967299747
2643 2.481040675109308 5.447781001849208 6.395683629599239
2644 6.364153411447745 -0.1710991215452413 17.76253106943107
2645 3.876411514838126 9.269949652822907 2.702611157119545
2646 -3.120764452993208 -1.280048027551533 12.99115772580169
2647 -7.160282397378415 7.139274032029079 22.80634196022724
2648 9.626753345309071 -0.7582832669077672 18.95829475536583
2649 1.985499051176046 1.756150628534066 6.179487231704581
2650 0.8055745121838479 5.589065479524546 11.80930487573418
2651 -4.210235892920768 -9.175262225309254 10.80776085065366
2652 -4.728452457637885 8.614910082237525 14.13724531696949
2653 9.053835436028599 3.688308526617763 12.92642823454714
2654 -9.507480181723531 -2.796362417987711 9.340142880533843
2655 -6.020483102577868 -0.7709477432442853 17.20863445023304
2656 8.387549114217592 -5.471105812201804 12.88053545944894
2657 5.733578820670611 1.705348799868532 5.603958227570696
2658 -6.385543521958902 2.333482263301742 6.681652203905479
2659 0.1546821595233028 10.15162252897368 6.926905528858255
2660 2.829914528096099 9.717840528836 9.266751310192328
2661 4.869320694499571 -8.570251109660916 19.33859394252508
2662 -4.063526226092574 5.345733217621314 22.74456565855377
2663 -9.806094354862701 -2.003018747511874 22.73287585438406
2664 -2.469423576439078 5.887649212008993 16.18895739261673
2665 -2.139761420078604 0.8515356768065122 18.15629775051401
2666 7.280041515724384 7.217882725011124 22.96850164987118
2667 6.683366057512058 -7.368287093942575 17.22929477501905
2668 1.52400506492447 0.3748748676738309 22.86050538524613
2669 -2.642487716933782 -5.630202284571856 8.954996948708862
2670 5.334842184511379 -1.961361430225679 10.98209482359269
2671 7.971640070645025 -5.663605892568908 22.52267351150606
2672 5.98769624480742 7.857784115628442 19.02999654029091
2673 5.710148585976307 2.708068186673271 12.62004523274503
2674 -7.266946562958931 -7.122669196331236 22.93325225385032
2675 -4.505874127192905 -5.028152588537502 2.516497170298201
2676 4.767725725713335 3.416929197814236 20.10568100715203
2677 0.189586176998091 2.930070093387828 12.83269373486549
2678 -10.07391955036838 -0.6105864738335024 4.639732750393484
2679 5.968635692991766 7.972533248874877 6.435766250178293
2680 -6.254518178509327 -7.839375083463721 2.950549034405038
2681 -9.265727622452154 -4.402527690794702 19.31015734160605
2682 2.523475558788208 -5.461255985181713 2.800285297678282
2683 1.988704907754959 9.978680359919675 22.77284790468861
2684 -2.755776753030171 9.463350636635715 19.6171471099303
2685 -0.2472234129312929 2.564094063857907 22.86179852693487
2686 -2.453101428358291 2.283296497977149 9.848320639017635
2687 2.092612594188565 -6.717336663322017 6.965992982541201
2688 6.273511571080008 1.784779202401243 2.777904713265676
2689 -0.4875032209109103 -6.42417857565319 13.27832855587059
2690 -8.952334495167237 4.520437245478321 2.560580545105731
2691 -6.080746939695215 -2.980366547154226 5.592309543867808
2692 1.337360814493176 -10.03142128597934 15.20329158118473
2693 5.079287755832249 2.586610673166559 17.24629224490278
2694 -4.18295663648677 -4.907179893356345 13.16163675229163
2695 4.806258363291089 -8.836765158786585 6.563368712489019
2696 7.071527747093448 0.7369587446155483 15.27176453330147
2697 -6.556070846595748 2.612180415263545 15.7481284648766
2698 1.038184809523373 -3.743287531155502 12.62096020192975
2699 -9.374509992463542 4.218419200653054 6.60362828469305
2700 0.9253160922347414 -10.00436095460054 9.131628304393022
2701 -2.997291528036431 -9.715770851813314 6.769100585502217
2702 4.961502021212999 -4.770000647674185 12.97459982112848
2703 -7.3650786276754 6.72984147726824 9.913828996879637
2704 -2.467842606912865 -5.914607534546042 15.27051010220473
2705 9.275780886050278 -4.096398802190019 15.13217597713158
2706 -4.784757889675381 8.811684964989496 2.641988160455071
2707 7.633881911034832 6.467178049256354 10.22008638243132
2708 -5.913057773353035 -8.296081697707532 5.654797445648085
2709 -1.748398279417494 5.68330554145152 5.725972886148119
2710 -6.158971013540235 -0.1940825934720185 11.92791867811611
2711 9.820734349781336 2.861079596845137 5.345740313742685
2712 5.64214125165287 -1.114333382042039 20.3402818259756
2713 -4.273612783646055 -3.67465713824294 19.48625321869368
2714 7.943648176376325 6.355855102398449 15.93352048176102
2715 5.299814603597785 -8.703245910272033 10.13171528653387
2716 -9.99211646389632 -1.899077143510502 15.51556324180852
2717 -9.954865191406489 2.332934372080795 9.866766985421092
2718 2.591523995974212 2.208931002580203 9.48271048019196
2719 9.343084297968634 -4.363057497927103 10.54280183766347
2720 -7.680485497184952 6.370078343950291 14.35614606065378
2721 1.850244520123085 2.033944446813662 2.497285922728083
2722 -9.885621719786002 1.756162415666063 17.38938955134033
2723 -0.6670898595864858 -9.895508574244156 22.69828165832314
2724 10.31729425194012 -0.9984870474346781 11.28534021744769
2725 7.365131038365079 -7.024551625097471 10.54622959461825
2726 -0.116793494849659 -5.838559328380137 19.77272112868008
2727 6.119727356410357 -4.591560771742234 2.53820242993847
2728 -5.128382368373076 8.763459831415078 6.331992013725869
2729 9.441374643547029 3.882156706522169 2.631530600568457
2730 -4.969655646236443 8.942574761609727 11.18203718682446
2731 -1.294152897943448 6.968395835191889 10.8750420000183
2732 -6.240886968886589 -0.4430138972307194 19.91195278309752
2733 2.36925823628543 -1.294620492194275 18.45260436641693
2734 -4.166561731643871 4.974429948738056 13.338706624982
2735 9.585920504010197 3.522599194585651 9.167919788520305
2736 5.403043145421894 5.026091981576196 5.892626739485607
2737 -7.767568207412137 6.674088264160533 17.44663565269537
2738 -4.739536420201859 4.581357794318561 5.406593211216158
2739 -2.547185260632359 -6.557655170174984 22.2500978165858
2740 8.075704720303888 6.396254573761057 5.050750126137889
2741 1.916570071263263 1.982630502699724 17.86636054519033
2742 9.480273525320483 3.346213407635211 19.69193738232386
2743 5.560422793778686 -8.788635257087629 14.74925911374296
2744 1.732185869664761 -2.364390813511545 8.671638525427674
2745 -2.416093425156844 -1.59869977017102 5.357125848774429
2746 5.968096481502847 3.575351958877433 22.55087038858505
2747 8.59079557616089 -5.58035583239726 2.460826650474426
2748 2.727878139447506 5.842867431291582 2.555264582850512
2749 -4.749510590344433 -5.954239249185296 5.860454189733822
2750 5.427296594425567 5.013335905054252 9.207085263247468
2751 3.764741469133146 6.497477759049954 19.57185684725932
2752 -1.65211432069523 0.8216822204365939 14.64904222438734
2753 -8.843255603581431 5.323861761490231 20.00206251494921
2754 1.896442391752706 7.483090874322313 13.23324273793208
2755 -0.4562082320216396 -10.23049217448493 6.9424826046415
2756 -10.14245223021376 -1.294423801393285 7.326116662896002
2757 7.097844660566107 -7.586997184599226 5.97304596086719
2758 0.7915600575123728 6.397387980798609 9.332838563103225
2759 -4.149737047274527 -9.582869996346602 2.324685641671952
2760 4.449379365185144 0.6696899114102473 7.638325528845686
2761 1.074619410868594 -2.197827614329815 23.02166740387402
2762 5.553070608924764 -2.879216346994024 5.707462319159884
2763 -7.561541084128832 -7.151233818266583 9.62517786697666
2764 9.302691072823098 -4.236944991705501 5.479375948048071
2765 -7.906253867713181 -6.630637315017118 15.44929492449318
2766 -3.786731987632116 6.112134560169086 7.27927175573442
2767 6.367544722937541 -1.376056202459876 22.92231244865267
2768 2.847990140558327 9.936332325743029 11.82660378829295
2769 4.575957023417259 -6.079030911394448 6.238221746884546
2770 -1.619678383064468 -3.815782785483329 2.560237038330498
2771 -9.242605400925187 -4.727356112259475 4.514663807544665
2772 -8.38982983496237 -5.844255152441129 2.348670805661234
2773 1.444724642372657 2.275147379588761 15.04052650435973
2774 0.7524539092444096 -4.752807247660495 8.024647923185297
2775 -1.846136153345339 7.034962456570607 22.70865990579012
2776 10.2059293656827 -1.153017504169894 2.482749177401398
2777 -5.068693012593463 -5.923630781590914 9.825588742963898
2778 -2.501636196838485 -2.509095964979184 8.857706485863666
2779 -6.710883880697387 1.9383766303666 3.90052896486042
2780 1.330451607150103 -1.623003292516603 11.13625429475917
2781 3.993303877043961 0.08210846796100099 13.30955999119939
2782 1.364048136278297 5.49887361715656 19.77730998602922
2783 -1.420071751475961 -10.15591778377599 17.32172819867048
2784 -6.28881242947285 2.682322063279769 20.13490221848362
2785 -10.013541539167 1.73628928583636 23.13838639669386
2786 -10.3546617410388 -0.4540119715727617 11.08799220202743
2787 -7.346171498934262 -2.439415322076707 11.22453902561938
2788 6.437671321507446 -2.693908505273424 13.16689567485133
2789 -7.455335751769164 1.186925046664985 18.23467876807656
2790 -2.249139260443592 0.8877675392402454 7.706788049186788
2791 4.145071915773872 -5.165787875951669 18.78354716374129
2792 10.20910173981778 -2.722896272543906 17.33900315295294
2793 -1.94539976153954 4.221777143869434 18.12142758622528
2794 3.387990926979286 9.94350691140902 15.93803059886895
2795 -2.380123184831747 6.832367408908318 2.638650928368039
2796 -5.909216006668574 -8.363331949516219 19.12869287181382
2797 1.970365751682565 -1.097589581546374 14.71069302133899
2798 -1.238050181113539 -1.446645163752739 11.23996070380719
2799 10.06697121156106 -2.178250093173134 22.81178071178837
2800 -5.690067308877542 8.570829315243557 8.792891532301732
2801 -10.44174413870135 0.2472416153596848 14.25915798918567
2802 -6.392089602612617 3.952922358962208 23.18190684985032
2803 -0.9367550582542188 7.885481584320682 4.765694925600947
2804 -1.167550400302537 -7.459501208254469 17.90328763183557
2805 -4.826348481026212 9.025508203166787 16.72384730207943
2806 -1.672259134777471 4.492749154915621 11.33243310150193
2807 -1.644364756332157 -10.31097315391845 13.0659143676263
2808 5.393181301149004 -4.503230440030042 8.593847328356208
2809 -7.819173117548309 6.659831603423726 5.340615255512811
2810 -9.886926804830473 2.882781733445741 20.06136989884525
2811 9.670881901651569 3.913137516631114 15.56841493196922
2812 10.28995952378541 0.6985342478034527 8.480138344888537
2813 10.25704150018524 -1.312753327302981 14.41017761510075
2814 -1.764020821113561 -7.75894101781574 3.694557440190912
2815 -1.301661697794871 -6.697221384636119 1.62220588035486
2816 -3.189594898930283 -6.850060714190171 2.072351559836052
2817 -3.153584336053896 -6.448372881514915 4.379121449578875
2818 -2.691225212735206 -5.386653248335294 2.306769889742824
2819 -1.265651134918484 -6.295533551960864 3.928975770097684
2820 2.626243771181761 5.328035049295378 13.60391113080417
2821 3.304428498135041 5.984230140752597 15.48360948980632
2822 4.623312267717576 6.452544185341262 14.47117803647311
2823 2.920784966258501 6.639719984103179 12.91236120770152
2824 3.598969693211781 7.295915075560396 14.79205956670367
2825 1.601901196675966 6.171405939514513 13.92479266103473
2826 2.321910931331709 6.27601549500899 16.89522434170357
2827 3.450490083050412 7.609789688502905 16.0493055741621
2828 4.172917842952153 5.774965083304565 17.19679516301673
2829 2.175849346416339 4.650455947258682 16.32952825734779
2830 1.453421586514597 6.485280552457022 15.18203866849317
2831 -2.17345707933803 -4.802061933246939 1.280118519165249
2832 -0.7478830015213085 -5.710942236872508 2.902324399520109
2833 -2.137446516461644 -4.400374100571684 3.586888408908073
2834 1.747962781591337 7.796965487264822 14.49048874539051
2835 4.153417516000182 6.585104688612368 10.6447983495554
2836 2.662845221144676 7.891222600319371 9.838858672796858
2837 2.454555245908789 7.102467005591047 11.78554000071241
2838 4.845013134438204 6.948666156987901 11.9565470751049
2839 3.354440839582697 8.254784068694905 11.15060739834636
2840 5.053303109674092 7.737421751716226 10.00986574718935
2841 9.446065059811044 -0.4000943354364105 4.96992612051692
2842 11.1983353661308 -0.9327777978125916 5.628019278207613
2843 10.94772969368025 0.532683462376178 3.960088660491132
2844 9.508096868570915 1.963223260798748 4.323867908271563
2845 11.26036717489067 1.430539798422567 4.981961065962255
2846 9.758702541021465 0.4977620006099784 5.991798525988044
2847 2.210628860020975 10.16310579400677 21.01467800622326
2848 0.9952791216421745 8.668772681775947 19.72032944833498
2849 1.274182796866722 10.95926989075405 19.80866161749193
2850 2.971702933892115 10.70723444982062 19.68816013883686
2851 1.756353195513315 9.212901337589793 18.39381158094859
2852 2.692799258667567 8.416737240842508 19.59982796967991
2853 0.0389780986209321 -0.07585326892516986 10.95391962189963
2854 0.02856022309521472 1.713981372892307 9.445763202994321
2855 0.1865121829182843 1.558270916870002 11.51606016171254
2856 1.394227027209107 0.9886836388163647 11.2534635304049
2857 1.38380915168339 2.778518280633841 9.745307111499596
2858 1.236275067386037 1.144394094838669 9.183166571686684
2859 -4.07891407472094 -6.469966467953647 3.330600144985152
2860 -3.616554951402249 -5.408246834774026 1.2582485851491
2861 -3.580544388525863 -5.00655900209877 3.565018474891924
2862 0.8964038777892787 4.096187738764893 6.635595190235273
2863 1.328567491250938 4.397943280268343 8.201793686203235
2864 -0.256069306069092 3.046350017184029 8.44170524683927
2865 0.9516455382217308 2.476762739130391 8.179108615531634
2866 2.536282335541761 3.828356002214706 7.939197054895599
2867 8.212194082762394 6.462481758345298 21.11200852266152
2868 7.438743096419424 7.411234783221193 21.10140792779284
2869 9.25069864798879 6.140832695913643 19.79947094043953
2870 8.477247661645819 7.089585720789538 19.78887034557085
2871 6.891783175753048 5.564732013438412 19.79233830064491
2872 3.396558840661311 7.866340709813537 12.20904173288195
2873 1.905986545805805 9.172458621520541 11.40310205612341
2874 4.296444434335219 9.018657772917393 11.5741091305159
2875 3.604848815897198 8.655096304541861 10.2623604049664
2876 7.701969017744914 0.5693909376320714 6.464267804918914
2877 8.969675329947783 0.0631097596988297 7.057924643084791
2878 8.428964420058724 -1.359274417691938 6.044199900067525
2879 8.490996228818595 1.00404317854322 5.398141687822166
2880 9.031707138707656 2.426427355933988 6.411866430839433
2881 5.487313216106447 4.842136920408704 18.26125732449056
2882 6.61589236782515 6.175911113902618 17.41533855694909
2883 3.404540080183299 5.469334324430303 18.80728538890876
2884 4.533119231902001 6.803108517924217 17.96136662136729
2885 5.847514605056295 5.870280355028355 19.02582878284112
2886 -1.322232523711379 -11.66962903553435 0.9442364792889124
2887 0.3315146573677357 -11.14289340469388 2.338934523018804
2888 0.5118375421730416 -10.20172043383954 1.394698043729892
2889 -1.273733480651337 -10.28581281240952 2.245153301486128
2890 0.3800137004277777 -9.759077181569049 3.639851345216019
2891 -1.454056365456643 -11.22698578326387 3.18938978077504
2892 8.178358747608174 0.1061868424968312 4.376269282351044
2893 7.73377092563266 7.87583087975304 13.89814860008152
2894 6.295071115644076 6.572329323716927 14.70369480852338
2895 6.740196804659441 8.412240832834593 15.54533018703341
2896 6.127798799421356 9.261326793906383 14.25987035031671
2897 4.689098989432771 7.957825237870271 15.06541655875857
2898 5.68267311040599 7.421415284788718 13.41823497180669
2899 -0.06821876577670305 11.74595775312828 1.07547022239819
2900 1.192377527397058 11.74041099787039 1.074487682370756
2901 -0.06095600123262657 10.83842303776373 2.950546042017658
2902 1.199640291941135 10.83287628250584 2.949563501990224
2903 1.075816709939115 9.941675560583047 1.875075819619468
2904 0.6486330658226478 2.250372552107323 6.527496991287943
2905 2.233269863142677 3.601965815191637 6.287585430651911
2906 2.28851152357513 1.982540815557135 7.83109885594827
2907 4.06181322353285 3.513900781488605 17.64450308773049
2908 6.504787748405846 3.914846812086658 17.86304648166285
2909 5.190392375251553 4.847674974982519 16.79858432018902
2910 -2.483530758240525 -3.106969906932212 17.01784354516376
2911 -0.8430646038827485 -2.187093091112402 15.9985710333135
2912 -0.565175375742027 -4.065555034019823 17.05036375208292
2913 -1.909333319322617 -4.398408964054903 15.80463390247418
2914 -0.2688671649648401 -3.478532148235093 14.78536139062393
2915 -2.187222547463338 -2.519947021147482 14.75284118370477
2916 -4.669616695756466 -5.576403516913405 18.05893540193503
2917 -6.164282180045115 -6.325241427025966 19.51627368466004
2918 -3.700307014388453 -5.734269759952193 19.52697454665818
2919 -3.239627156872929 -4.330044494041287 18.77794474131343
2920 -4.734292641161578 -5.078882404153847 20.23528302403843
2921 -5.703602322529592 -4.921016161115059 18.76724387931529
2922 3.402047236283769 9.800390272519758 21.01162057030488
2923 3.430537097763035 10.85342615996526 21.93487160411604
2924 1.960215046275693 8.925644472474168 21.84959687087746
2925 2.239118721500241 11.21614168145228 21.93792904003441
2926 1.144748551637004 -8.640543245630376 3.016903924084752
2927 -0.5089986294421113 -9.167278876470849 1.62220588035486
2928 -0.6408224711873751 -8.72463562420036 3.867359181840988
2929 3.077414821735891 -10.1201782461053 9.626454795223577
2930 3.230000865027676 -10.76443535022484 11.49455952762635
2931 2.960662067758638 -8.63352220765471 11.23923331270676
2932 1.866696058350797 -8.996813029067855 9.2513784423485
2933 2.019282101642582 -9.641070133187394 11.11948317475128
2934 2.136034855619835 -11.12772617163799 9.506704657268097
2935 -0.5356772605360658 3.862483571442918 1.663202021161414
2936 -0.5316973721202862 4.114590106796023 3.828512240575137
2937 1.099238917062722 3.60489635153961 2.165310219413722
2938 0.6084463188171236 4.829165950383935 1.412591177160351
2939 0.6124262072329032 5.081272485737039 3.577901396574073
2940 -1.022489970365885 5.338859705640347 3.075793198321766
2941 -5.552094252672838 -7.423219809790487 20.0565028505985
2942 -4.057428768384189 -6.674381899677926 18.59916456787349
2943 -6.521403934040851 -7.265353566751699 18.58846370587536
2944 -1.128085684957145 1.025866386514838 11.43626860981774
2945 -1.286037644780214 1.181576842537142 9.365971651099521
2946 -1.138503560482862 2.815701028332314 9.928112190912433
2947 8.152124549018289 8.076985607791721 22.03322081129498
2948 8.92557553536126 7.128232582915826 22.04382140616366
2949 6.566660063125518 6.552131900440596 22.03668876636904
2950 1.546300731069376 2.786413782847565 11.18537309199069
2951 1.556718606595094 0.9965791410300888 12.693529510896
2952 2.754015575360199 2.216826504793928 10.92277646068306
2953 0.1664800118350746 2.731606291770338 3.633447127318507
2954 0.162500123419295 2.479499756417233 1.468136907904785
2955 -1.468436165763713 2.989193511673646 3.131338929066199
2956 -5.116596593380624 -4.03575450870943 23.81449866733812
2957 -4.393802409097044 -5.006442151052237 23.81449866733812
2958 -6.208497389591768 -6.594225664919847 24.16662612692516
2959 -5.452251582464207 -5.534885682463625 22.58112479426328
2960 -6.931291573875347 -5.623538022577041 24.16662612692516
2961 4.163121310154908 10.3445189283336 19.68510270291849
2962 -1.743031674749542 -3.989493790016731 5.776880957564336
2963 -1.599539257405697 -6.317060889139554 5.635598413271317
2964 -0.6873562822964195 -5.321589263496247 6.798939591350004
2965 -1.736668208287024 -4.31211222447264 7.947609542175942
2966 -1.593175790943178 -6.639679323595463 7.806326997882924
2967 -2.6488511833963 -5.307583850115947 6.784268364097255
2968 0.1932581177210464 1.349253184220177 12.92845515774166
2969 0.182840242195329 3.139087826037653 11.42029873883636
2970 1.553046665872138 2.57739605019774 12.59776808801982
2971 -11.08537086681286 1.43258937642433 6.625725471461077
2972 -9.37790975214212 1.548148055976265 5.321855712847736
2973 -10.88712755941643 1.748450632669194 4.519732013477819
2974 -10.98454933327536 2.925655576885156 6.213615028392105
2975 -9.277088218604614 3.041214256437091 4.909745269778764
2976 -9.475331526001046 2.725353000192228 7.015738727762022
2977 3.575464763442691 -3.673779603167872 5.535325691091684
2978 2.148703439762498 -3.719375044212466 3.925084834945575
2979 1.779745588336962 -4.213486943593557 5.772808407530382
2980 2.983120509708904 -2.605187248354399 6.992524599572929
2981 1.55635918602871 -2.650782689398993 5.38228374342682
2982 3.352078361134439 -2.111075348973308 5.14480102698812
2983 4.707639369645788 5.387797494139655 15.56209313781314
2984 4.029454642692508 4.731602402682437 13.68239477881099
2985 2.710570873109973 4.263288358093773 14.69482623214421
2986 -2.703867473868792 -3.741879231362804 23.81449866733812
2987 -3.457803614314797 -2.750614822859056 23.81449866733812
2988 -2.283854660349024 -0.7971818412009432 24.00768682915093
2989 -2.463607648003712 -1.993669186937902 22.42218549648904
2990 -1.529918519903021 -1.788446249704691 24.00768682915093
2991 -0.2389322174917482 -3.626552274505787 5.551394843513648
2992 1.187829106188445 -3.580956833461193 7.161635699659757
2993 0.9644427038801932 -2.018252579266629 6.771111035556194
2994 -1.1317576256801 2.606683295682489 11.34050718694156
2995 0.7078516797276274 11.04612230332661 18.72386303806092
2996 2.40537181675302 10.79408686239317 18.60336155940585
2997 4.053945314032319 -8.346255506903603 9.751421933418927
2998 4.323284111301357 -10.47716864947373 10.00674814833852
2999 4.206531357324104 -8.990512611023142 11.6195266658217
3000 -2.070061715963562 -3.80131534386536 21.87795188433011
3001 -1.136372587862871 -3.596092406632149 23.46345321699199
3002 -0.8961127619977902 -1.847882362207247 22.07114004614292
3003 -7.722612379473327 -0.2005860387217363 7.654712119013235
3004 -7.2068771561559 -1.247275332331256 9.081688328025479
3005 -6.848013047819284 -1.099771641659062 6.80298664624558
3006 -6.874645896547806 1.1401999576261 6.028831320569408
3007 -6.35891067323038 0.09351066401657993 7.455807529581651
3008 -7.233510004884423 0.9926962669539059 8.307533002349306
3009 0.7636908327970522 -0.9272835087320386 12.08023543768851
3010 1.960987801562158 0.2929638550318001 10.30948238747557
3011 0.6057388729739825 -0.7715730527097344 10.00993847897029
3012 3.579060217927085 4.05402330064574 16.40801190535461
3013 -10.60567394012661 2.964776275997019 4.540883539696962
3014 -10.70309571398554 4.141981220212982 6.234766554611248
3015 4.363946166513553 1.538208254222555 9.557432369298921
3016 4.15083629097526 2.458499594626737 11.0513778564685
3017 5.923258461514601 1.787776846269089 11.12609974557546
3018 5.781832465739231 2.940410705459579 9.419619760826674
3019 5.568722590200936 3.860702045863762 10.91356524799625
3020 4.009410295199889 3.611133453817228 9.344897871719713
3021 6.516771982364704 7.068451295363567 12.18906384715517
3022 6.96189767138007 8.908362804481232 13.0306992256652
3023 4.9107998561534 8.45394720951691 12.55078559739037
3024 -6.194987569465653 -6.346637386619374 16.64757194529442
3025 -3.73101240380899 -5.755665719545601 16.65827280729256
3026 -5.183181439356034 -4.994494265681334 15.81147342885791
3027 -3.657810565646847 -4.224260395975366 17.22283688549852
3028 -6.121785731303509 -4.815232063049138 17.21213602350039
3029 -1.291469974815879 4.850458942810522 1.663202021161414
3030 -0.1473463954626901 5.817141321751539 1.412591177160351
3031 -6.001042048384138 -0.2476559406445139 9.072258936946968
3032 -6.875641380038181 0.651529662292812 9.923984409714622
3033 -6.027674897112661 1.992315658640648 8.298103611270795
3034 9.578317533841133 5.627597282397454 21.62123633135259
3035 7.219402061605391 5.051496599922224 21.61410369155797
3036 8.257906626831787 4.729847537490569 20.30156610933599
3037 -4.416264550323293 -5.215104919330384 21.60665508202971
3038 -5.172510357450854 -6.274444901786606 23.19215641469159
3039 -6.230959530818016 -6.802888433197994 21.95878254161676
3040 0.1308962098732818 11.08165746145181 17.63482691372084
3041 -1.151951761475162 9.136759963843792 17.18542011614939
3042 -1.079888610089802 10.75348064677237 16.30593397026659
3043 0.1277098651642785 11.29465084885156 15.25907910639658
3044 -1.155138106184165 9.349753351243546 14.80967230882513
3045 0.05564671377891844 9.677930165922985 16.13856525227939
3046 5.650970642242581 9.625665443087485 13.19140229109196
3047 6.485069514201294 9.272701453662334 11.96223116644044
3048 5.276061232735042 -6.096845370806381 12.73374964603929
3049 3.658274689340529 -5.454665728029052 13.11493853439729
3050 3.972833900862572 -6.781510451161248 12.87408835930811
3051 5.575521619017886 -8.106162675513103 13.62107929234653
3052 3.957735075623372 -7.463983032735774 14.00226818070453
3053 5.260962407495843 -6.779317952380907 13.86192946743572
3054 1.023768983121441 9.721808569221453 20.64358048214613
3055 -5.093802707323976 4.977787126730693 7.489216912102555
3056 -7.084813067484362 5.117296225995307 8.089177605793148
3057 -5.840716436378663 3.496531179754704 8.219253708224951
3058 -3.992424280161436 3.915587874948922 9.153815993469328
3059 -5.983434640321821 4.055096974213537 9.75377668715992
3060 -5.236520911267135 5.536352921189525 9.023739891037525
3061 5.379129647118834 -9.618804715446242 3.397666467285395
3062 5.992295384287944 -9.346871623672909 2.474653518855447
3063 3.96013585239174 -10.49818091405244 2.325707728605817
3064 4.197744255148359 -8.523675512619532 2.938341877709415
3065 3.34697011522263 -10.77011400582577 3.248720677035764
3066 3.906032208473393 3.929060043812443 19.07419746885511
3067 6.349006733346389 4.330006074410496 19.29274086278748
3068 4.266233597423241 4.957203478432096 19.83876892720568
3069 0.05166356899081098 4.570991228239594 8.104172656987267
3070 1.63630036631084 5.922584491323908 7.864261096351232
3071 0.4838271824524699 4.872746769743044 9.670371152955228
3072 0.9012212663443049 10.40460912229386 16.25153776034349
3073 0.8291581149589448 8.787888439365281 17.1310239062263
3074 0.8259717702499414 9.000881826765035 14.75527609890204
3075 -3.062776255128687 -4.421967687010415 2.538367104314349
3076 7.932783514204257 5.717247424492752 22.54591657506011
3077 0.03206067106041747 11.08246783875089 19.80454191303716
3078 0.9969965956939363 11.33933962944911 21.93380933557964
3079 -3.033024289181359 8.300805882699283 10.87476808190876
3080 -4.237594135264081 7.921741230846516 12.26952924221125
3081 -4.735856604130708 7.084003422686864 10.87883730328525
3082 -2.412719827995717 7.21573195486576 10.17955907150053
3083 -3.617289674078439 6.836667303012993 11.57432023180302
3084 -1.914457359129091 8.053469763025412 11.57025101042653
3085 3.404187393112787 5.346024992560914 11.20686054495415
3086 3.612477368348674 6.134780587289239 9.260179217038605
3087 1.91361509825728 6.652142904267917 10.40092086819561
3088 1.438229911722488 -4.860169184909932 3.481426424531278
3089 2.864991235402682 -4.814573743865338 5.091667280677387
3090 1.222798429422667 -5.488209523980084 5.564280266962737
3091 2.64955975310286 -5.44261408293549 7.174521123108846
3092 2.308044076488386 -6.089296324251865 4.883139140109741
3093 -3.654935044781178 9.273629329585678 23.59927666149147
3094 -3.915757083243278 10.13411649106569 22.52201847189951
3095 -3.425419945777669 11.29276837083017 24.32274181040804
3096 -2.066274194397754 9.947114177265082 23.66085565129024
3097 -2.327096232859853 10.80760133874509 22.58359746169828
3098 -2.556611331863362 8.788462297500605 21.8601323127817
3099 6.383594658967823 -2.511498928481235 19.61386839854141
3100 8.216940972136399 -3.355436234030321 19.41117895059048
3101 6.576390631891446 -3.477167572499221 17.9707969751204
3102 5.553598865085307 -1.402164694247688 17.9680087462512
3103 7.386945178253884 -2.246101999796775 17.76531929830027
3104 7.194149205330261 -1.280433355778788 19.40839072172128
3105 2.634728456574339 -10.89670004774453 12.56565028271185
3106 1.540762447166498 -11.25999086915767 10.5777954123536
3107 -7.951761466216871 -3.9265323741468 8.209581904389619
3108 -9.697451600975272 -5.01772442546776 7.250798666428999
3109 -9.01092771491226 -5.660487179518321 8.838036550648779
3110 -8.386358880938696 -3.682828773092536 9.568481334571622
3111 -10.1320490156971 -4.774020824413496 8.609698096611002
3112 -9.072882767001708 -3.040066019041975 7.981243450351841
3113 -4.691796192419972 -3.568873040177019 17.93114536287878
3114 3.108818281487874 -7.0138333477476 14.90531416307223
3115 4.412045613360345 -6.329168267392731 14.76497544980341
3116 4.711505999643189 -8.338485572099454 15.65230509611066
3117 2.493737049204626 9.027173505808175 15.84288267585895
3118 1.795475144118964 11.3209425278947 16.34668568335349
3119 1.7202256480246 9.91721523236588 14.85042402191204
3120 -4.851790961678853 0.5626966306291447 3.32117254787023
3121 -5.378828146294803 0.118218834737386 1.357903456804184
3122 -4.247083772814789 0.8958117171293307 1.963269091066046
3123 -2.652651768798372 0.04236578836368554 3.401057689736676
3124 -3.179688953414322 -0.4021120075280731 1.43778859867063
3125 -3.784396142278386 -0.7352270940282593 2.795692055474814
3126 2.672143960285293 5.171740946543496 8.108962521018299
3127 1.519670776426922 4.121903224962631 9.915072577622293
3128 2.727385620717745 3.552315946908994 9.652475946314659
3129 0.006531805318831019 -11.68791439380747 0.9940571397808277
3130 1.660278986397946 -11.16117876296699 2.38875518351072
3131 -0.9195109810775655 11.02101563427723 3.640198312049047
3132 -0.5359878732714897 9.190052444434365 3.41929143483419
3133 0.699556366677116 10.86510403506136 3.971058516453793
3134 0.2353577091971715 11.42384487693895 5.559435461263452
3135 0.6188808170032473 9.592881687096085 5.338528584048595
3136 -1.000186530751434 9.748793286311955 5.007668379643849
3137 -0.09543980014790265 -5.954119373628609 5.41011229922063
3138 -1.151115192601025 -4.622023900149095 4.388053665434961
3139 -5.933223817345715 -4.167044579138041 22.10521207166473
3140 -6.711931765699524 -5.435047329872411 21.48286981901821
3141 -7.747918797840439 -5.754828093005652 22.45733953125177
3142 -8.960266784171221 -6.571797850266668 7.533538875384997
3143 -7.21457664941282 -5.480605798945707 8.492322113345619
3144 -7.901100535475831 -4.837843044895147 6.905084229125838
3145 -4.630792980909488 -0.8845118644424487 1.357903456804184
3146 -2.431653788029007 -1.404842706707908 1.43778859867063
3147 5.226813213174063 -6.582686588483367 15.85555118897186
3148 5.776269621026718 -5.023518968764821 14.06517556029692
3149 6.075730007309562 -7.032836273471542 14.95250520660416
3150 -7.412263808756856 -4.255696919251457 23.69071340432661
3151 -8.283005283327274 -1.877256315010212 15.65964822750874
3152 -7.028273457082179 -3.302084792509852 14.47708309570924
3153 -7.052874695729017 -1.173914650179705 14.44659981081509
3154 -7.164044812275989 -0.2600169579621749 16.41889969642382
3155 -5.909312986030896 -1.684845435461815 15.23633456462431
3156 -7.139443573629152 -2.388187100292322 16.44938298131796
3157 4.710128762048654 -5.735900389862749 9.425169564358804
3158 4.343928009688762 -6.628860757600027 10.37003688828554
3159 5.666015355957676 -7.810285542534754 9.186847962607136
3160 6.698673573341324 -6.970938399947474 9.394105116649325
3161 6.332472820981431 -7.863898767684752 10.33897244057606
3162 5.376586227072409 -5.789513615012746 10.57729404232773
3163 -0.4879420532584493 -1.584343240828998 6.182250451601757
3164 0.1039744288900676 -2.216873350961361 4.793423159472383
3165 1.307349350262009 -0.6085736557222029 6.013139351514928
3166 0.4229345328179269 -10.98322232350783 19.40895499485607
3167 -0.2268799214600106 -8.844792072001464 19.20480069376677
3168 -0.8631412131675339 -10.55977795650242 20.59377875032263
3169 -0.4402083092380411 -11.29685839112647 21.74810735486753
3170 -1.090022763515979 -9.158428139620103 21.54395305377823
3171 0.1960529824694822 -9.581872506625519 20.35912929831168
3172 0.6361104185298756 -1.688620971573743 14.52765391042525
3173 -1.282244963968622 -0.7300358444861325 14.49513370350609
3174 -0.708047525050714 -2.021474901608824 13.28192406081652
3175 5.445217523927435 -8.063468002105305 11.31230737874199
3176 4.489330930018413 -5.989082849433299 11.55062898049366
3177 6.477875741311083 -7.224120859518024 11.51956453278418
3178 8.081076660734 -6.81235790238326 14.60761560592743
3179 6.090828832548762 -6.350363691897016 13.82432538520773
3180 7.580868272442324 -7.885684304424821 13.2761896916698
3181 7.565769447203125 -8.568156885999347 14.40436951306623
3182 -2.932779186865464 -6.807148120134567 17.83123580251532
3183 -4.427444671154113 -7.555986030247126 19.28857408524032
3184 -4.784566425149849 -8.496098169972861 18.36076410645564
3185 0.5082216600615985 9.149754235310395 12.37120888445449
3186 0.1680403157330488 11.29387810569096 13.13526016272341
3187 0.6238016067247322 10.55270878767862 11.74365160222278
3188 -0.1896609752528975 9.086743537678373 10.26065640988984
3189 -0.5298423195814473 11.23086740805894 11.02470768815876
3190 -0.645422266244581 9.82791285569072 11.65226497039047
3191 -3.821323111284451 1.228905548975704 23.89130450858892
3192 -3.980554518648165 2.455807309993133 21.87608720734889
3193 -2.4823413067941 1.960647532554455 23.38478269875997
3194 -1.806384296734163 0.3467547831286183 24.00768682915093
3195 -1.965615704097878 1.573656544146047 21.9924695279109
3196 -3.304597508588228 0.8419145605672965 22.49899133773985
3197 -1.769898218569799 3.702486514490696 1.663202021161414
3198 -1.071720834614438 2.31950269946501 1.468136907904785
3199 0.7742402613197874 11.2512512534064 14.21171889047091
3200 2.442005540274473 11.27754293244954 15.29932546742782
3201 -3.235152179124877 2.951215260016925 23.38478269875997
3202 -4.574133983615227 2.219473276438174 23.89130450858892
3203 9.796763806700159 -3.814014658791661 20.69350032153775
3204 10.18889772355536 -2.667748402764733 20.66688638908655
3205 10.88924217700266 -3.980579000057446 18.83587671100849
3206 11.28137609385786 -2.834312744030518 18.80926277855728
3207 9.116623369515278 -2.556331931278121 19.19662676348221
3208 -3.15648027389776 9.353738459834211 10.36187484132514
3209 -4.748013801319873 10.40428740002545 9.664633411897292
3210 -2.934838428981189 10.81545109824993 8.844471066397968
3211 -3.51668610521831 9.167865736651127 9.167302014063774
3212 -5.108219632640422 10.21841467684236 8.470060584635927
3213 -5.329861477556992 8.756702038426642 9.987464359563097
3214 -3.848924244845929 6.218749011638844 11.41139138398238
3215 -5.05349409092865 5.839684359786077 12.80615254428487
3216 -2.730357314793659 5.971412891964972 12.10687431250015
3217 2.123479380948144 0.3008593572455243 11.74954836796666
3218 -2.141164080099985 10.93326775496579 3.637056536217482
3219 -0.9862953898252484 11.33609699762752 5.556293685431887
3220 0.5527190869505891 -4.505944816149323 6.093607737284785
3221 0.1042950221459178 -6.200981805139781 7.341152485121142
3222 -0.03919739519792775 -3.873414706016959 7.48243502941416
3223 -0.4813310989235123 11.08097302207928 21.50824103452558
3224 -0.454558711496008 9.46344196185162 20.21801218109206
3225 0.5103772131375108 9.720313752549842 22.34727960363454
3226 0.6142331355333225 -0.8494329054118084 4.238242904611756
3227 0.8632429713000236 -2.891641939088598 3.607387296523647
3228 2.066617892671965 -1.28334224384944 4.827103488566193
3229 8.979332607422577 -6.909392163556435 13.47000768591922
3230 7.489293167529015 -5.37407155102863 14.01814337945715
3231 6.989084779237339 -6.44739795307019 12.68671746519952
3232 4.754783870238986 10.10208690070916 21.75826045546635
3233 4.045535892622786 8.718433869031916 20.34646785484138
3234 3.284461818751645 8.174305213218069 21.67298572222776
3235 -0.5205600613347685 -0.8391044443501064 12.13208864221252
3236 -0.6785120211578382 -0.6833939883278023 10.0617916834943
3237 -1.845575804735915 0.4183256671122052 10.54414067141241
3238 5.585720981882035 -8.308666951357939 1.543643833979523
3239 5.348112579125416 -10.28317235279085 0.9310096848759246
3240 3.553561449985832 -9.459976241737472 1.394698043729892
3241 2.614888136205227 8.004154744758331 4.125660469912503
3242 0.6023565417352481 7.66984146489993 3.287666996779819
3243 2.134165203457283 6.639855364439766 3.663175827453386
3244 3.313868736518285 6.210974823073688 5.448426465092655
3245 1.301337142048306 5.876661543215286 4.610432991959971
3246 1.78206007479625 7.240960923533851 5.072917634419087
3247 8.893979156823741 6.625175165064478 18.7363640107572
3248 -5.300253076307865 -1.28561889622958 7.527986414514229
3249 -4.969017300190146 0.6131860983944885 8.370282496203373
3250 -5.326885925036388 0.9543527030555823 6.753831088838057
3251 4.923506740772792 3.001769935490398 18.67598662602741
3252 -9.953380641802964 0.4553879683689619 1.607931127432238
3253 -10.91884817339351 0.4161851627246644 2.665045533117963
3254 -11.69256237045078 -0.9924361811275024 1.057114405685725
3255 -10.40050719461431 -0.7819099246583536 2.319866375196742
3256 -11.36597472620485 -0.8211127303026511 3.376980780882467
3257 -9.626792997557033 0.6267114191938132 3.92779750262898
3258 -3.021578243814612 1.037017642279058 1.963269091066046
3259 -1.954183424414145 -0.2609060823783463 1.43778859867063
3260 0.9581902329834868 -11.05881057657711 21.54207558376563
3261 1.59445152469101 -9.34382469207616 20.15309752720977
3262 0.7313086826350421 -9.657460759694796 22.49224988722123
3263 3.233949086828217 -4.320461844484247 3.243943708092579
3264 -7.681241447067538 -5.277181086833624 20.01483067429506
3265 -7.200269212186029 -6.645022190159207 20.49074339689361
3266 3.83234360831808 -10.56709347467037 12.55172174605351
3267 4.925626854591761 -10.27982677391926 11.06391036676568
3268 6.333867446327585 -5.695519233769714 9.515155451517579
3269 5.011780100058671 -4.514094448834987 10.69834437719599
3270 7.00032491135134 -5.749132458919712 10.66727992948651
3271 3.891231967717207 -5.123461206971706 6.810635505280519
3272 3.549716291102733 -5.77014344828808 4.519253522281415
3273 3.334284808802912 -6.398183787358233 6.602107364712873
3274 0.1593846746398439 6.768768720349822 4.881454893324577
3275 0.6401076073877875 8.133068100668387 5.343939535783693
3276 1.339088207700846 6.339888178983744 6.666705530963845
3277 9.287246793410745 5.878173801901329 6.972419398367396
3278 8.592778679473689 4.324032480821943 6.468009724747496
3279 10.51520246371839 4.415220917924523 5.850149987362585
3280 10.39779554083282 4.745980716794779 7.761239724751395
3281 9.703327426895767 3.191839395715394 7.256830051131494
3282 8.475371756588119 4.6547922796922 8.379099462136306
3283 3.91786632837039 10.37390571616393 5.347823879288043
3284 3.325106889224155 9.185074641467828 4.593182600482734
3285 4.46917095398436 10.45878072751901 3.457252435924854
3286 5.515283043061181 9.810072525544992 5.323829982454228
3287 4.922523603914946 8.621241450848892 4.569188703648919
3288 4.371218978300975 8.536366439493813 6.459760147012108
3289 -7.549707186322064 3.493079787729217 1.280290272552866
3290 -8.527677400982228 3.378033981106629 1.280290272552866
3291 -7.406952093747304 2.087003673550768 1.95026448243021
3292 -7.831609187932312 3.229406937922461 3.230554754983075
3293 -6.428981879087139 2.202049480173357 1.95026448243021
3294 -0.1252920364264328 -11.24527114153698 3.239210441266955
3295 -2.799052177817885 4.520163810970804 6.672632950341239
3296 -1.218315599474122 4.21395000856605 6.300739818509713
3297 -2.268969497874513 3.050808278085334 7.247399882702832
3298 -4.294621248210068 3.969189937404325 6.512943112875258
3299 -2.713884669866305 3.66297613499957 6.141049981043732
3300 -3.243967349809677 5.13233166788504 5.566283048682139
3301 6.113069614297344 -5.948701693340265 11.64061486765243
3302 -0.9450169038446861 -5.191504766116175 8.48982243594708
3303 4.805431781535648 -7.478226090258375 3.776009482534285
3304 3.954657641609919 -9.724664583464618 4.086388281860634
3305 2.773272249639445 -8.629535380637908 3.627063692284654
3306 2.658962146405753 -2.351934598662913 3.369904580084948
3307 7.505951913559808 8.396936303100381 20.06396825650484
3308 5.920487427667037 6.872082595749255 20.0674362115789
3309 6.958991992893432 6.5504335333176 18.75489862935692
3310 1.723411992733604 9.704221844966126 17.2261718292363
3311 3.787202261045123 -6.326657500055962 16.36606562039852
3312 5.151426268711496 -5.02100820142805 15.66626573089202
3313 4.336658668897778 -4.767489880337415 14.57568999172358
3314 4.286697915718792 3.801884538955528 11.2211433225912
3315 4.145271919943422 4.954518398146018 9.514663337842412
3316 -9.23686602351486 1.255505189808679 1.607931127432238
3317 -8.792281514450917 -0.3364048308507457 3.275506398321795
3318 -8.84948109322009 -0.9449089532631958 1.667575270889557
3319 -7.638800468721451 0.2160524078167142 1.357903456804184
3320 -7.194215959657507 -1.37585761284271 3.025478727693741
3321 -7.581600889952278 0.8245565302291643 2.965834584236422
3322 5.165171592113918 7.673196766107784 7.566941635909073
3323 6.620746654785755 9.191925614636421 7.394163697419226
3324 5.817282553907907 8.892589131869329 8.525339083150005
3325 5.997794701135451 6.920519166298523 9.459101702035586
3326 7.453369763807288 8.439248014827161 9.286323763545738
3327 6.801258802013299 7.219855649065615 8.327926316304804
3328 0.4287664597166463 5.369282450216995 7.428510691870192
3329 -1.155870337603383 4.017689187132681 7.668422252506227
3330 -0.4159738490818214 5.844085939691696 8.897088158622186
3331 4.929165855169955 -7.242465578407822 1.543643833979523
3332 3.50469384966104 -7.348325446426198 2.232365648554762
3333 2.897006323273751 -8.393774868787355 1.394698043729892
3334 7.50038708295023 -4.799071083951882 16.46192941331741
3335 5.667040769781654 -3.955133778402795 16.66461886126834
3336 5.134668607188702 -2.085800368429966 16.71426160404212
3337 6.058665058247486 -3.407703879882627 15.20539404223913
3338 6.968014920357279 -2.929737673979053 16.51157215609119
3339 -1.957505914568284 5.027741434075425 4.526188464235474
3340 -1.427423234624912 3.558385901189955 5.100955396597068
3341 -3.453074984960467 4.476767560508947 4.366498626769493
3342 3.033431337025307 -5.452154960692283 14.71602870499239
3343 -3.259516535721039 1.144996724910731 21.28722153138136
3344 -3.774203783421097 2.511755386191774 19.71737273818765
3345 -4.39214760498432 0.4692028175306209 19.63502887204906
3346 -4.598498340211388 0.4132547413319803 21.79374334121031
3347 -5.113185587911447 1.780013402613023 20.2238945480166
3348 -8.469950665337631 0.5896022258409296 6.401929804032164
3349 -8.828814773674246 0.4420985351687354 8.680631485812064
3350 -7.980848290748726 1.782884531516572 7.054750687368236
3351 -4.458150060574651 -7.577381989840535 16.4198723458747
3352 -5.512859718505066 -9.487317080734895 17.16967466679466
3353 -6.311092935448592 -8.435834680145931 15.9967116715719
3354 -4.462355079429115 -7.714908265377678 14.52370824776351
3355 -5.517064737359531 -9.624843356272038 15.27351056868346
3356 -3.664121862485589 -8.766390665966643 15.69667124298627
3357 -0.3816267050041389 8.459711624685841 15.80213096277204
3358 -2.024841173412264 7.422279321022469 14.6068084193648
3359 -0.04373129697815736 7.073407796543957 14.55241220944171
3360 -0.434970202504555 6.999244656108162 15.96834607273284
3361 -2.07818467091268 5.961812352444788 14.7730235293256
3362 -2.416080078938662 7.348116180586673 16.02274228265593
3363 3.624129836815724 10.54039648564688 18.60655960894965
3364 3.312951680230911 9.227341100663576 22.59623675603892
3365 -3.523298136381491 1.343748577809088 18.11073891468468
3366 -3.008610888681432 -0.02301008347195466 19.68058770787839
3367 -2.39066706711821 2.019542485189198 19.76293157401697
3368 -2.359211317878468 11.00410486457421 9.927940984692093
3369 -4.172386690217151 10.59294116634973 10.74810333019142
3370 2.498673772749765 -9.346648553803512 1.394698043729892
3371 5.19259278518787 -1.873781824496087 19.25688412452347
3372 6.003147331550307 -0.6427162517936402 19.05140644770334
3373 6.833143125432823 -1.752050486027187 20.69726609999354
3374 -4.250471202142215 8.202821418074679 10.33305666490361
3375 -2.437295829803531 8.613985116299165 9.512894319404282
3376 -4.610677033462764 8.016948694891594 9.138483837642241
3377 -2.583559525661101 -0.4688960245151053 21.91012566177231
3378 -1.714710057058272 0.4056497357633616 20.38583570440793
3379 -8.348378153096219 4.247082773281903 5.679900181815579
3380 -8.250956379237291 3.06987782906594 3.986017166901292
3381 -7.016565097213141 3.107061488138676 4.328350521899264
3382 -7.945275162721538 1.901192971293864 3.558195609862448
3383 -8.042696936580464 3.078397915509827 5.252078624776734
3384 -7.656170981184228 7.088510707201037 20.99494144897543
3385 -5.941259020857912 6.429167760013886 19.87079055678092
3386 -7.265344160742805 8.320913173882035 19.96555816776518
3387 -8.070269259223767 8.059765076549132 21.94802551009347
3388 -6.355357298897452 7.400422129361981 20.82387461789896
3389 -6.746184119338875 6.168019662680983 21.8532578991092
3390 -7.598402712107225 5.182940878143779 9.366521699397591
3391 -6.851488983052538 6.664196825119769 8.636484903275194
3392 -5.750110555889997 5.601997573337998 10.30108398464197
3393 3.437287468687384 6.408518037794875 3.52821694171829
3394 1.424755874217405 6.074204757936473 2.690223468585607
3395 2.604459407278407 5.645324216570395 4.475474106224875
3396 -0.8172426981581837 7.963449523101662 13.55995355549479
3397 9.989559779623782 -4.779683302809646 19.05042889811675
3398 9.770511342416285 -5.450933810069946 21.42771189028505
3399 8.190688507852524 -4.992355385308608 20.14539051933777
3400 7.997892534928901 -4.026686741290622 21.78846194275877
3401 -0.6603439431277265 -2.448865255174848 23.46345321699199
3402 -1.053889875167876 -0.6412190982473895 24.00768682915093
3403 1.430212671402994 7.945837895810182 12.10642153094297
3404 2.372216266155517 8.709711600032671 12.52992326311252
3405 -2.336742068506334 -5.450019692192837 16.67007318306895
3406 -0.6962759141485579 -4.530142876373027 15.65080067121869
3407 -2.040433857729147 -4.862996806408108 14.40507082160996
3408 -1.204787347877672 1.069014660965305 12.85409931594463
3409 -1.208459288600628 2.649831570132956 12.75833789306845
3410 -2.529803091278819 2.326444772427617 11.26615134514453
3411 8.825449172260925 -1.574025428460051 20.00627256468866
3412 10.9902018966035 -1.852006241212449 19.61890857976373
3413 9.917927542563426 -1.740589769725837 18.14864895415938
3414 -5.046828640284627 1.087699623825977 23.89130450858892
3415 -4.3257906573575 -0.2231109612564247 23.30243883262138
3416 -3.031889825734339 0.2055488579788915 24.00768682915093
3417 -10.7885455506958 2.309852786601347 3.56585007325003
3418 -2.614631296647056 -3.571557749285417 15.61828046429953
3419 -1.670946255130931 10.73539048525814 15.24489642222345
3420 -0.4633477798768508 11.27656068733733 14.19804155835344
3421 -3.519969757765344 10.50180876957141 7.478116942312495
3422 -1.928436230343232 9.451259829380177 8.175358371740339
3423 -4.101817434002465 8.854223407972608 7.800947889978298
3424 -2.334311390076779 9.241790772175944 4.948717739042154
3425 -2.320420249150593 10.82909448349151 5.497343044830192
3426 -1.179442699802042 9.644620014837667 6.867954888256559
3427 7.553226072943136 8.396207397089903 7.409175611265843
3428 8.385849181964669 7.643529797280641 9.301335677392355
3429 -2.646687227648504 -6.801697805902182 6.259055618395404
3430 -3.702362620101626 -5.469602332422667 5.236996984609736
3431 -3.695999153639107 -5.792220766878575 7.407725569221342
3432 -5.400211584591912 -3.291238673651312 1.808479880869355
3433 -6.304841584274103 -2.4974447362012 3.476055151758912
3434 -7.500266584473955 -3.330612911372733 1.667575270889557
3435 -5.550755355992335 -4.576279718680174 1.2582485851491
3436 -6.455385355674526 -3.782485781230061 2.925823856038657
3437 -4.355330355792483 -3.743111543508641 3.066728466018455
3438 9.3094193424389 -3.522000575296107 17.55355534006121
3439 6.508878172345928 9.256150600244862 9.837087808699504
3440 6.689390319573473 7.284080634674057 10.77085042758508
3441 0.3921739546202155 -0.1653276947396944 14.88688258445388
3442 0.8313543147060894 -1.622384941365964 16.39031991426129
3443 -1.087001067792408 -0.6637998142783529 16.35779970734213
3444 2.301168850821484 -10.73198968499482 18.23556479963601
3445 1.675276103629545 -10.87991052167187 19.30305552352019
3446 4.206231285808544 -10.38299702032184 18.89487330174843
3447 3.580338538616605 -10.53091785699889 19.96236402563262
3448 2.964258259512511 -8.919243774333898 18.67928544041265
3449 -3.314590995364408 -10.0226061518487 20.69174214907471
3450 -2.756554944753141 -10.23746334193038 19.64896942046704
3451 -3.830035532845967 -10.3412216846471 18.25057486639911
3452 -2.586436255538298 -8.525106047712775 18.9912298951654
3453 -4.388071583457235 -10.12636449456543 19.29334759500678
3454 1.905478806965349 7.438504138255039 3.152708111044724
3455 11.1983353661308 -0.9327777978125916 6.782564732753072
3456 11.26036717489067 1.430539798422567 6.136506520507714
3457 -7.469315688158654 -2.172995679768349 13.09320553243933
3458 -8.724047514403747 -0.7481672022687086 14.27577066423884
3459 -8.699446275756909 -2.876337344598856 14.30625394913298
3460 -7.23435808622511 -8.383531745036612 13.06257379703496
3461 -5.718531320271303 -6.835077226844694 13.52789212232653
3462 -6.772210043471984 -8.074354107443487 14.78159102536037
3463 -5.978181845382922 -9.263362783569596 14.05838992247194
3464 -4.924503122182242 -8.024085902970803 12.8046910194381
3465 -2.108543323239398 -0.5683542956692764 18.53241061826266
3466 -4.080122261328237 0.04029396678111347 17.68246610037352
3467 -4.04890416448903 -1.379596005694675 18.05857896812218
3468 -4.15910609764339 -1.215629082687892 19.41023813455442
3469 -6.130685035732229 -0.6069808202375023 18.56029361666528
3470 -4.190324194482597 0.2042608897878964 19.03412526680577
3471 -0.6559533141610583 5.925800983406461 15.37092659950198
3472 0.9872611542470668 6.963233287069833 16.56624914290923
3473 -1.047192219687456 5.851637842970666 16.78686046279311
3474 -10.69115622250174 -2.563871632333123 13.64847109661575
3475 -10.25011399142527 -3.692960745074627 15.03234865988565
3476 -10.24143182903946 -4.185416282355774 13.55227090877862
3477 -8.249721882294626 -4.497881994621507 14.21005376129586
3478 -8.690764113371101 -3.368792881880004 12.82617619802595
3479 -3.022427158587687 8.300342787620643 8.146540195318808
3480 -4.310572665013972 10.79769103482494 24.32274181040804
3481 -4.54008776401748 8.778551993580448 23.59927666149147
3482 -2.977392791842226 -1.442900055947743 20.05670057562704
3483 -5.059173663085425 -0.6702848704905704 20.55841522417015
3484 4.260189819142743 -4.629349307590615 4.962911932695711
3485 -3.65984811197182 8.397640589174369 23.59927666149147
3486 -2.071187261588396 9.071125436853775 23.66085565129024
3487 1.189025154149596 -10.75791094099944 11.9501680637819
3488 1.66754480862568 -9.13899020502916 12.49185582617958
3489 0.5735787992178391 -9.502281026442304 10.50400095582132
3490 2.210531803795105 -10.95549877474115 21.43617611242974
3491 3.499513959678071 -8.994832027403177 20.8124060293222
3492 -6.853894917843899 3.304614304606247 5.718912141421793
3493 -7.880026757211223 3.275950731977398 6.642640244299264
3494 -6.548213701328145 2.135929446834171 5.29109058438295
3495 -7.682563439968118 0.6638807908153483 23.22643561583201
3496 -8.142071986114994 1.670555646676861 23.22643561583201
3497 -6.251769768820992 0.9731731657131468 23.89130450858892
3498 -6.711278314967867 1.979848021574659 23.89130450858892
3499 -6.750329994285641 1.414772951516584 21.71774012442093
3500 4.199348234361969 -7.706477598736875 10.93201402562704
3501 2.581561690967455 -7.064297955959546 11.31320291398504
3502 2.871544386623899 -5.346903206655971 11.93181786885166
3503 3.098058720123296 -6.271870354231597 9.989743535170597
3504 9.018245145184547 -2.539694072478038 18.36320114126765
3505 7.995453378378408 -0.4646911942265042 18.36041291239845
3506 -8.382648153937717 -2.462334695253105 20.8739636674489
3507 -9.592769926669515 -1.364370825386431 20.66078402802583
3508 -8.169323725744531 -1.823686773127662 18.80187184109067
3509 -8.112464787732444 -3.662089166894519 19.1626044110599
3510 -9.322586560464242 -2.564125297027845 18.94942477163682
3511 -9.535910988657427 -3.202773219153288 21.02151659799506
3512 -10.16259771093673 1.475034362858048 1.607931127432238
3513 1.476731662800793 2.945473666853188 3.413953180777764
3514 1.472751774385014 2.693367131500083 1.248642961364042
3515 0.5399928691573663 1.820077071730811 2.716779869268827
3516 4.01091426247949 7.301630146413052 13.18571819975642
3517 2.986571687973696 8.145001036632188 13.50659972998698
3518 -9.806280062512176 -4.847583159931943 15.01985534125592
3519 -9.797597900126368 -5.340038697213091 13.53977759014889
3520 6.397946300898653 -1.441563763059407 6.806832239341737
3521 7.130392223765389 -1.586909288435781 8.741775824236537
3522 7.89370403072259 -0.9983387651350709 7.385486646796448
3523 6.648813222454375 0.007246133053104453 7.541348660153765
3524 7.381259145321111 -0.1380993923232697 9.476292245048565
3525 5.885501415497172 -0.5813243902476053 8.897637837593853
3526 -3.577755491972185 -1.225841660436259 23.30243883262138
3527 0.8945533331997818 -11.18470171490469 3.26611966697688
3528 -0.8910176896245968 -11.26879409347467 4.116574924733116
3529 0.3083757787055493 -8.920380325070743 21.33792128267633
3530 -1.700690432071049 2.545018088324237 14.50737481528586
3531 -2.146725259792815 4.202784269879334 13.02053585865294
3532 -1.240910937664517 4.378209311325487 14.84392862266738
3533 -0.3026449664723305 2.825256611579109 14.58173065708289
3534 -0.7486797941940957 4.483022793134205 13.09489170044998
3535 3.00891256032062 -5.814767368473607 23.87626491665272
3536 3.647882924836036 -6.156546831201499 22.35286005168079
3537 4.267398287810763 -7.454344397303538 23.87659513502808
3538 1.940886638415363 -6.986052381668589 23.95755909508853
3539 2.57985700293078 -7.327831844396481 22.43415423011661
3540 1.321371275440637 -5.68825481556655 22.43382401174125
3541 9.993315128023502 -0.5835106739108638 7.55899754156097
3542 9.266319725709693 1.345154681413146 7.979065446412359
3543 10.05534693678337 1.779806922324295 6.912939329315611
3544 7.92268340873773 7.932525747375322 19.01146192169119
3545 -8.911755862325276 7.152058941279709 20.54588578745445
3546 -7.587670722440383 5.26031352741156 20.45111817647019
3547 -7.19684390199896 6.492715994092557 19.42173489525995
3548 8.12724107906981 -7.85798280442682 15.64438734370427
3549 6.637201639176247 -6.322662191899015 16.19252303724221
3550 6.121894425645372 -8.078461175515102 15.98927694438101
3551 -0.1897928818935284 5.447848248793649 13.98671612508593
3552 0.8411995693316958 5.337673739319525 16.00055305855344
3553 -8.271707357941199 0.9054634820857933 4.295936346048906
3554 -7.037316075917049 0.942647141158529 4.638269701046878
3555 -8.143518470117968 1.585331715049001 5.664189067845706
3556 -1.082457901012534 11.26519256259327 1.07547022239819
3557 0.06157757470328451 9.460910370048033 1.875075819619468
3558 3.304381615853569 4.356595750018466 6.947759680353072
3559 3.056610803886938 2.510780563360895 6.839661481405743
3560 3.359623276286021 2.737170750383963 8.491273105649432
3561 8.464641028241221 -2.87381938792214 16.95335579655986
3562 7.555291166131429 -3.351785593825714 15.6471776827078
3563 7.022919003538478 -1.482452183852885 15.69682042548158
3564 2.472482730116583 10.05957996438525 1.351305578559773
3565 2.479745494660659 9.152045249020702 3.226381398179241
3566 2.596306312118602 10.95078068630805 2.425793260930529
3567 -5.747715938209347 -8.793869080344875 14.77020742654816
3568 -4.953687740120285 -9.982877756470984 14.04700632365973
3569 -10.04734244708432 -4.774483141084056 12.47458534128941
3570 -10.4970668405466 -3.152938491061406 12.57078552912653
3571 -9.323984344278458 -2.271805324922532 11.13125963319846
3572 -10.68056267799168 -3.677495584126585 10.77966877646192
3573 -8.874259950816175 -3.893349974945183 11.03505944536134
3574 6.631294715072645 -2.029882082373053 17.15604524451079
3575 4.011554156382694 8.122059148560538 3.601890228852808
3576 3.460249530768723 8.037184137205458 5.492461672215996
3577 5.057666245459513 7.473350946586522 5.468467775382182
3578 -2.528755672322787 -8.877474953754412 4.317504861322179
3579 -2.012912333626338 -8.594485842304145 2.784548701190836
3580 -3.90084553476175 -8.747325171858197 3.234694380672027
3581 -2.777647184835564 -9.713019778242817 3.407496122322104
3582 -0.3590275493754387 11.4108000110834 6.489881191814587
3583 -0.5010172238922208 -2.566961243172539 17.46980736312199
3584 -2.141483378249998 -3.486838058992349 18.48907987497224
3585 -2.419372606390719 -1.608376116084928 17.43728715620283
3586 0.4818873516582447 8.667277865104335 21.42402856982339
3587 -1.530461496928591 8.077106597502981 20.45753113941435
3588 -0.08062366379040808 7.282437317427308 19.95984840665726
3589 0.04279451572554394 7.453785520799634 21.81750287142821
3590 -1.969554332861291 6.86361425319828 20.85100544101917
3591 -1.407043317412639 8.248454800875308 22.3151856041853
3592 0.9645186000277139 -1.928516587026214 19.52769225186637
3593 2.532521557144994 -2.731366976660579 20.42581508379713
3594 1.662288797021292 -0.7784927335432007 20.77456631272006
3595 0.5844526253863026 -1.086734979119326 21.44905544233166
3596 2.152455582503583 -1.88958536875369 22.34717827426242
3597 1.454685385510005 -3.039609222236704 21.10030421340873
3598 -2.007377800789169 3.110172497926972 23.38478269875997
3599 -5.8909896380999 5.374899341643219 2.98744557828437
3600 -4.764592085866338 5.445171163225183 1.432655983649874
3601 -5.595008588456532 7.029700363789269 1.554789594634496
3602 -4.550764662760921 6.895897975557811 2.874115058818516
3603 -3.424367110527359 6.966169797139775 1.31932546418402
3604 -3.720348160170727 5.311368774993725 2.751981447833893
3605 -2.303155801386068 3.044538299676026 15.9037337392548
3606 -3.208970123514365 2.869113258229873 14.08034097524036
3607 -2.749190629107833 4.702304481231122 14.41689478262188
3608 1.827403651486825 5.646544436018196 9.57753998777029
3609 9.136068972968268 7.57391079867408 1.067080051684933
3610 9.542291985934181 6.619991405658192 1.067080051684933
3611 8.270572626597051 7.597210480493846 2.485387758004247
3612 7.985406727500534 6.172882678291877 1.418307706319314
3613 7.57918371453462 7.126802071307766 1.418307706319314
3614 -8.001769000479923 6.231567896759655 21.40420223758823
3615 -7.526245792401267 -2.947689504772498 22.17628211394396
3616 -5.230578577025035 -2.727747094230471 22.30006737695547
3617 -6.251251908184001 -4.030822063961503 20.73384001367345
3618 -3.955584692807769 -3.810879653419478 20.85762527668496
3619 -5.548606667863321 -2.591524579053933 20.92869531896419
3620 -1.029632060658392 5.96202057996245 20.49906342182424
3621 0.9827167879284435 6.552191847563805 21.46556085223328
3622 -0.9062138811424397 6.133368783334777 22.35671788659519
3623 7.714311241284605 -8.288774098383545 16.71918309287661
3624 7.152839609417919 -8.998948179956072 15.47916526223857
3625 6.736873728575811 2.320102582022622 10.08652684232237
3626 6.523763853037517 3.240393922426805 11.58047232949195
3627 6.382337857262147 4.393027781617295 9.873992344743169
3628 7.499246617046548 4.495531753971369 17.0100811827992
3629 6.184851243892254 5.428359916867231 15.94561902132537
3630 6.073746624472951 3.16729561505127 16.39332694603914
3631 8.061272395512177 8.035798745634576 15.33665223017629
3632 7.61614670649681 6.195887236516912 14.49501685166626
3633 6.62257258552359 6.732297189598464 16.14219843861814
3634 -1.922277467656443 0.4614739415626729 11.9619713775393
3635 1.709688914148809 5.128408681871495 17.71373873176385
3636 2.682112320281557 7.304158929628642 17.65979580005413
3637 2.069890303098656 6.156552116491146 18.47831019011441
3638 5.430032766289266 9.792978037819648 20.06344592191719
3639 4.720784788673064 8.409325006142399 18.65165332129221
3640 5.312447348757141 8.166892978517959 20.72481107384007
3641 4.619054106118545 -3.151674791455222 15.7159084736658
3642 4.227429817652713 -3.69910468997539 17.17513329269501
3643 3.356705035202717 -1.865409924248254 16.44208972220516
3644 2.84109053413256 -2.93128434727351 15.44373659182884
3645 3.74832932366855 -1.317980025728086 14.98286490317595
3646 1.135480491046937 -6.404898885833628 11.45800596613539
3647 1.361994824546334 -7.329866033409255 9.515931632454333
3648 1.651977520202777 -5.612471284105679 10.13454658732095
3649 2.745983926224459 -1.063485439997452 1.52610352083151
3650 4.031444394686933 -1.89121854512132 1.843801059253438
3651 4.97538651434383 -0.8310902055252227 1.398109047837986
3652 4.888364734525124 -2.119539364190683 3.241910107091424
3653 3.602904266062649 -1.291806259066815 2.924212568669496
3654 -0.3698096589809178 7.558738470219481 5.851711178964699
3655 -0.4075607246334571 7.095511834451023 3.795438639960825
3656 0.07316220811448648 8.459811214769589 4.257923282419942
3657 4.313327870361246 2.466395096840461 12.49144383695959
3658 2.889877200103732 3.560211449122718 11.09254192680575
3659 -9.312038706166215 -5.12483935634236 9.924220944013264
3660 -10.43316000695105 -4.238373001237535 9.695882489975485
3661 6.601729009520707 -8.993243063989356 3.313991397164808
3662 5.094882348743755 -3.244677879132402 20.29151592577445
3663 6.735432688988708 -3.122946540663503 21.73189790124452
3664 5.544430815208755 -2.485229436678355 21.37491362722658
3665 -2.470805023888633 -7.672760602744869 7.365965277606742
3666 -3.520116949879237 -6.663283563721263 8.514635228432681
3667 -4.573628386584563 -6.825302046027983 6.96736384894516
3668 -5.455041048224937 7.823756766221912 11.7278178252061
3669 -3.752208733275588 9.040559226234331 11.72374860382961
3670 5.644596619739138 7.483261696213461 17.69043646788308
3671 4.876218856970283 7.177630937339199 19.30092669377511
3672 -11.11697020103321 -2.639786088159698 14.94506452458847
3673 -9.566302485364851 -1.823162687683927 14.2189698138358
3674 -9.125260254288378 -2.95225180042543 15.6028473771057
3675 -1.303932161548678 4.209662201835415 21.6871706324601
3676 -1.423968703408578 5.113995423275771 23.70238793370013
3677 -2.761609256017716 4.09188251501224 23.38478269875997
3678 -1.444398063544554 2.875821678714895 22.11568196222741
3679 -1.564434605404454 3.780154900155251 24.13089926346743
3680 -0.1067575109354165 3.897934586978427 22.43328719716757
3681 2.113060117754663 -9.594082068873103 4.722290273341129
3682 1.508192615816319 -11.17322713582474 4.182387924205538
3683 1.455668010318826 -11.09232440169878 6.115282110086884
3684 0.3274890949302844 -9.678174447443087 5.572745531097365
3685 -0.2773784070080592 -11.25731951439472 5.032843181961773
3686 1.083647905063283 -0.6645766532469241 13.86745480097842
3687 1.522828265149157 -2.121633899873193 15.37089213078583
3688 1.278891801239497 -0.5983406230391445 15.73012080481446
3689 -4.94948272126582 -9.845351480933839 15.94317042177092
3690 -0.7237067241417243 4.319444728636131 9.234620748474189
3691 -3.757508479626873 -2.422329006173218 21.7169374999595
3692 -6.891401252546659 -2.215021331429631 20.69309444987422
3693 -7.59404649286734 -3.654318816337202 20.49823914458348
3694 -5.616407368329394 -3.298153890618638 19.25065234960371
3695 -0.810203150175908 2.798444883069983 24.13089926346743
3696 -1.285166656180839 1.648919917697466 24.13089926346743
3697 -9.862513537743414 5.788774660019151 7.328830348146319
3698 -7.856204665446609 5.408485686812175 6.981384547181902
3699 -8.344208210726482 6.97884114617827 7.706586610635171
3700 -8.857797855349343 7.044485798326743 8.983930704239611
3701 -8.369794310069471 5.474130338960647 8.258728640786344
3702 10.19206091649467 -4.206836042518349 8.880511164534049
3703 8.517875390314028 -2.663208578086459 8.656907091394366
3704 10.30033547976997 -2.687311754943336 9.544034304830932
3705 10.8355958691061 -3.048247407500203 8.20274755810201
3706 9.161410342925461 -1.504619943068313 7.979143484962325
3707 9.053135779650162 -3.024144230643326 7.315620344665442
3708 8.434414940611649 0.4240454122556973 8.399211389813715
3709 7.189524132343434 1.429630310443873 8.555073403171031
3710 -4.817943875291051 -1.364546132289838 23.30243883262138
3711 -4.697991997633662 -2.889319294712635 23.81449866733812
3712 3.595811009666084 8.545850406088345 8.982434165916089
3713 1.89694873957469 9.063212723067025 10.1231758170731
3714 2.838952334327213 9.827086427289515 10.54667754924264
3715 -1.312952908821818 -9.046695794127572 2.245153301486128
3716 -2.6458233430903 -10.15566303051331 1.162342820835976
3717 -2.685042771260781 -8.916546012231358 1.162342820835976
3718 -2.204139753864795 2.042441994350834 5.401022466501699
3719 -2.943330068958956 2.85623341986021 3.62647111222746
3720 -2.245152685003596 1.473249604834525 3.43140599897083
3721 -0.7292458506695516 2.17540208616427 4.905890283340439
3722 -0.2041404950268146 -1.815585431521771 20.70167495738664
3723 0.6660922650968879 -3.768459674639149 20.35292372846371
3724 0.2860262904554766 -2.92667806673226 22.274286918929
3725 -0.5976864270669642 -0.007939274594312762 21.24590856954557
3726 -1.273643437126902 1.605953474831523 20.62300443915462
3727 -1.022737790087296 0.4379466664488379 19.01637061565165
3728 -8.221397486397731 4.265551309284962 10.18503582086492
3729 -6.373105330180504 4.68460800447918 11.1195981061093
3730 -7.988073401965907 5.812451908409423 10.73234311834697
3731 -5.815988299625292 -0.2389296026200599 6.101010205501985
3732 -0.7131860076918162 6.261389627351531 7.699532593234798
3733 -0.2455485896191838 4.988294915899429 6.906617091599879
3734 -1.545905139640195 8.615722813985457 3.927063078015196
3735 -0.391036449365458 9.018552056647179 5.846300227229601
3736 -3.833214621076291 5.968610871973693 10.08620755769353
3737 -2.714647691024021 5.721274752299822 10.7816904862113
3738 -4.150852107874233 4.724291809072906 12.01352279869315
3739 5.11274316943701 3.863447181769602 1.629021440437239
3740 5.813289494462051 3.817776333486213 3.855965695065282
3741 6.667922259666994 3.898435177189736 2.226944254628043
3742 6.340531651402678 5.547103889300328 1.418307706319314
3743 7.041077976427719 5.50143304101694 3.645251960947356
3744 5.485898886197735 5.466445045596805 3.047329146756553
3745 -1.859298598772638 -6.703389777417841 19.22963035658325
3746 -3.353964083061286 -7.452227687530401 20.68696863930825
3747 2.734147734259241 -7.708555060079085 13.18130764638782
3748 4.351934277653754 -8.350734702856414 12.80011875802982
3749 -2.097908943600774 -7.78046835499443 5.401180083364545
3750 -4.024850102536833 -7.804072595120231 6.109488313914301
3751 -4.200732306296703 -6.933009798277544 5.002578654702963
3752 9.34976804872376 -5.813168151447577 7.851905762133381
3753 7.220908467678148 -5.550029020229474 8.11768229488894
3754 8.16107568936318 -7.18046430601558 7.976204105924836
3755 8.827533154386936 -7.234077531165577 9.128328583893765
3756 7.887365932701904 -5.603642245379472 9.269806772857869
3757 1.514958765333895 -8.49473310090962 10.6237510937768
3758 1.288444431834498 -7.569765953333995 12.56582542745786
3759 0.06887756541337575 -7.835334030783703 10.76855414592715
3760 -5.26532671782445 3.731500414259442 11.67051429601628
3761 -7.113618874041677 3.312443719065223 10.7359520107719
3762 -7.50328956390036 3.941954749330868 12.10177342972128
3763 3.866760780297245 -0.01181192934907416 1.957816363059249
3764 2.494278532016065 -0.4725279828906668 3.483919883890759
3765 4.723681120135435 -0.2401327484184372 3.355925410897235
3766 11.4949797618927 0.3492671239017248 7.703705536080641
3767 2.838092077812327 8.458875649574695 14.76384573744541
3768 -3.818219031925196 4.734578320329588 7.449282385134389
3769 -3.960937235868355 5.29314411478842 8.98380536406936
3770 -5.062315663030896 6.355343366570191 7.319206282702586
3771 -5.094160959775464 -1.33648337512129 3.166383337673539
3772 -3.741418605526085 -2.006098987800939 1.808479880869355
3773 -2.895021766894983 -1.856814217386749 3.246268479539985
3774 -7.351558736759208 1.619880493215532 14.14092728112143
3775 -8.824023825551656 0.8795335708614496 13.99750461310578
3776 -7.867976040336755 2.248500236757046 12.50926695161261
3777 -6.277240982542271 1.397382282819555 12.29030414887218
3778 -7.749706071334719 0.6570353604654726 12.14688148085654
3779 -7.233288767757172 0.02841561692395847 13.77854181036535
3780 -8.321579765402344 4.430587181159526 1.280290272552866
3781 8.46528569984482 -6.325795179323038 15.67070681448646
3782 8.51145011818063 -7.371420081366598 16.70747855226331
3783 -3.834127419532813 0.3037267573934362 17.01561545262484
3784 -3.981292155260273 -0.3872549061853164 15.20797572126655
3785 -5.053999588411839 1.144979815232911 16.25754034749706
3786 -4.359135172756881 2.602297474196662 16.77093998903232
3787 -4.506299908484341 1.91131581061791 14.96330025767403
3788 -3.286427739605315 1.070062752778435 15.72137536280182
3789 -11.44347888651222 -2.308810278928096 0.9316432736026397
3790 -11.29824224168058 -3.386973878791507 0.9316432736026397
3791 -9.565995711508194 -1.745026174702913 1.667575270889557
3792 -9.420759066676546 -2.823189774566324 1.667575270889557
3793 -10.28237975916018 -3.100603078147803 2.599218544492197
3794 -10.58746785292019 -4.406981575896912 17.82586495329976
3795 -8.762065833566295 -4.203977074067531 17.50014442700447
3796 -10.08380606403433 -4.208430959169741 16.01585203869818
3797 -10.95066227364227 -3.155256302254812 15.928567903401
3798 -9.628922043174237 -3.150802417152602 17.41286029170729
3799 -7.914207260290491 -7.072081713406829 4.039751212071598
3800 -8.369055484718134 -6.547221220335716 4.977079427087953
3801 -7.975537219345504 -8.03803511062322 5.690685483169007
3802 -6.306576038725664 -6.805267807420028 4.941191389567031
3803 -7.520688994917862 -8.562895603694333 4.753357268152651
3804 -2.436151258748004 -8.081001187742952 2.072351559836052
3805 -0.548218057612592 -7.928161858188901 1.62220588035486
3806 0.1282491772853906 -1.720014802772403 24.21083370193701
3807 -0.107519641584673 -1.119031909804802 22.81852053108793
3808 -4.386964462394084 -10.1268516663511 17.00455855524714
3809 -4.391169481248548 -10.26437794188824 15.10839445713595
3810 7.234935987938516 -4.206370330850874 20.44705901347892
3811 5.594385647693563 -4.328101669319774 19.00667703800885
3812 7.427731960862139 -5.172038974868861 18.80398759005791
3813 2.47358029296459 -7.080000191437231 16.69091587301363
3814 1.719809368944775 -6.205497652073552 15.04087895760751
3815 1.846204085980617 -8.085376047181629 14.22928441442541
3816 1.210966097457334 -8.151542890871262 16.01488612436682
3817 2.599975010000433 -8.959878586545308 15.87932132983154
3818 0.5805593456728326 7.820290136708165 8.958663878141158
3819 0.175908949907843 8.691808942545979 6.932316480593352
3820 0.5593325552882924 9.280103723135863 8.953252926406059
3821 1.492298343809701 9.934731528904837 8.096828419525291
3822 1.513525134194241 8.474917942477139 8.102239371260389
3823 -9.433063850580822 4.961743913796454 9.506230980315898
3824 -9.091121939781168 5.497585199202282 8.436623406757565
3825 -9.199739766148998 6.508644512920915 10.05353827779795
3826 -3.426639322417265 0.637840186045376 14.54947142026305
3827 -2.206767153538238 -0.2034128717940985 15.30754652539084
3828 -2.731774906762307 2.095157845009128 15.06287106179832
3829 -4.82556834116105 -1.277191052339803 9.180356884203151
3830 -5.150003574999724 -2.936076662342371 9.42046095797455
3831 -3.643294091658917 -2.066806779413591 10.37085498691988
3832 -5.332515178377252 -1.423668245743865 10.67764496938393
3833 -5.656950412215926 -3.082553855746433 10.91774904315533
3834 -6.83922466171806 -2.292938128672645 9.727250940438601
3835 -6.932005011385037 -5.85318519341329 5.707704885783907
3836 -8.600966192004876 -7.08595249661648 6.457198979385883
3837 -6.538486746012407 -7.343999083700792 6.421310941864961
3838 4.444058117248371 -3.899509071450902 18.47851679340631
3839 6.277404430416947 -4.743446376999989 18.27582734545538
3840 5.368054568307155 -5.221412582903563 16.96964923160332
3841 -1.693152408700784 10.90379749694739 6.430930551212892
3842 -6.684191822937163 -3.734257699725729 16.03308450973338
3843 -5.454061235338907 -3.030916034895222 14.82003609303973
3844 -5.565231351885879 -2.117018342677692 16.79233597864846
3845 -2.975598456453994 2.110084573194087 16.81649882486165
3846 -2.450590703229925 -0.1884861436091393 17.06117428845418
3847 -1.895937870386917 0.8366089486215531 16.40266998745068
3848 -9.799939776043693 -5.335360558195006 11.39079905480298
3849 -2.826146227895606 -11.09683600136765 2.106579300124888
3850 2.894171174581746 0.8897263850747386 9.624363809302988
3851 3.056662753967732 0.8976218872884627 11.06442978979408
3852 2.26363498016969 -1.026240762473665 10.4511357165866
3853 -8.101523025278457 -1.117057461562958 20.47991481045115
3854 -8.314847453471643 -1.755705383688401 22.55200663680938
3855 5.388156746972352 -0.1369238560004927 4.683087894010074
3856 3.187394746744751 -0.2316687332010613 5.258816330793932
3857 4.960496107628253 -0.9477381169592655 6.026271498685507
3858 5.805318736520499 -0.09165166417422477 6.544434295373668
3859 3.604556736292897 -0.1863965413747934 7.120162732157526
3860 4.032217375636997 0.6244177195839793 5.776979127482092
3861 5.616886388690795 5.91613423225971 12.82399644952122
3862 5.701213490619008 4.851387541058102 13.91491155086126
3863 6.357164358390309 -1.866104793376361 5.579002690530766
3864 4.584062997506807 -1.150035409618156 4.811547522639191
3865 4.156402358162707 -1.960849670576929 6.154731127314625
3866 1.253433163688288 10.50725824641642 10.68114201849211
3867 1.565805201477255 11.31658249190111 12.16715333439233
3868 2.195436758440811 11.27113195063891 11.10464375066166
3869 3.552906730696677 -3.040375291588058 1.843801059253438
3870 2.267446262234202 -2.21264218646419 1.52610352083151
3871 -0.7684410534846163 1.261928929289059 22.73858609261836
3872 1.928440869046688 9.067170237665621 5.116952841542429
3873 1.485469001951284 8.166097493115515 6.710740738087186
3874 2.627421469359746 7.273990315980979 6.439718836722581
3875 -0.3477794674497537 -2.867241954229704 24.21083370193701
3876 -5.52726307350105 -4.562321358465457 14.25547201483377
3877 -6.757393661099306 -5.265663023295964 15.46852043152742
3878 -7.019591294696371 -3.794540329790999 12.99700534460221
3879 -6.748711498713497 -5.758118560577111 13.98844268042039
3880 3.666982891934532 -9.927724534152027 8.562480748976046
3881 2.725602925818476 -10.93527245968471 8.442730611020567
3882 -11.33425411222778 0.5111527396418778 5.231667261242323
3883 -9.825036304953464 0.3108501629489495 6.033790960612238
3884 4.912852181499998 -10.28471493752046 8.942774102090993
3885 -7.247554954704919 3.094276537848572 24.29095342492516
3886 -7.286606634022693 2.529201467790497 22.11738904075717
3887 -5.855812962875566 2.838493842688295 22.78225793351408
3888 0.9744513804113109 8.687007213822525 13.4980300914436
3889 0.104748313183212 6.759533183601448 13.29516620198327
3890 -4.98160698884495 -2.144803459654517 1.808479880869355
3891 -7.081661988726993 -2.184177697375937 1.667575270889557
3892 -1.932540997537736 0.5828125978682589 4.675408474846291
3893 -0.4166341632036922 1.284965079198003 6.149892759215899
3894 -0.457647094342493 0.7157726896816944 4.180276291685031
3895 2.393553047599153 -3.955328665600329 16.10393570127567
3896 2.90916754866931 -2.889454242575074 17.102288831652
3897 -0.2061178049569809 8.476445908841017 23.66085565129024
3898 1.243720028181202 7.681776628765344 23.16317291853315
3899 -0.6452106408896816 7.262953564536316 24.05432995289506
3900 -9.709389782033508 4.417549335466232 8.421845441417236
3901 4.715693950246476 -10.21128668173208 19.9510570515966
3902 1.272209889660468 8.73481251621085 24.0864239523443
3903 2.828144680505525 -10.55350862343868 17.14921113406086
3904 2.46089251501657 -8.578286163059079 17.28766400838929
3905 4.229841370996645 -9.863558347490876 16.41689820414993
3906 2.967227175489388 -10.93510104692491 15.74086845550312
3907 1.198278319509313 -9.649828862493109 16.61163425974247
3908 -8.603118394501296 3.927229739836186 7.711421343304297
3909 -7.753138650031339 -4.779816330050007 11.26339789939911
3910 -7.413389332141346 -5.860264473231972 9.710998827793031
3911 -9.460190458153701 -6.415808701376971 9.838399983196894
3912 -7.901290402018825 -6.070785675084618 11.17757693858274
3913 5.547112491756176 9.8597515855521 3.450014405379132
3914 6.593224580832995 9.211043383578085 5.316591951908507
3915 1.455021069383583 -3.513534524171802 17.60501613158805
3916 -0.1212869331243873 -2.934817549144329 19.04373225447738
3917 2.102004798218423 -2.588005661168934 18.81577269468019
3918 0.1459665049426193 -1.64143238016967 18.68056392621412
3919 1.72227450745059 -2.220149355197144 17.2418478033248
3920 -4.502675886641715 9.92412375635727 21.44421915751348
3921 -2.91401503625829 10.59760860403668 21.50579814731225
3922 4.475681626606544 10.09824680796618 6.348335713934349
3923 6.073098341297335 9.534413617347241 6.324341817100533
3924 -5.798337637841803 1.721422655382643 13.55129511788351
3925 -6.754385423056704 0.3524559894870467 15.03953277937668
3926 -5.680067668839767 0.1299577790910698 13.18890964712743
3927 0.2169360977760438 7.640281626227784 17.94953829628658
3928 1.914456234801437 7.388246185294346 17.82903681763151
3929 0.7114405973831092 7.481905197839896 19.14581152281644
3930 2.408960734408502 7.229869756906457 19.02531004416137
3931 0.8695436366712312 5.657250045544449 18.58103675949936
3932 -7.006453815338472 4.155403693278727 2.712946256202739
3933 -5.603826506493299 3.128046235529623 1.432655983649874
3934 -5.885728508103547 2.864373385722867 3.382920466080083
3935 7.803751468400008 3.889380239910794 7.534135841844244
3936 5.746272782881936 4.526197931493236 7.545057433429607
3937 6.185201242115902 2.628592806605281 7.488914139521542
3938 6.83498826102977 3.502555510038546 8.342538905591823
3939 4.777509575511698 4.139373201620987 8.353460497177187
3940 6.396059801795804 5.4001606349265 8.398682199499888
3941 -0.1854450849741935 -4.433411339991613 18.62428864343831
3942 6.014350042743303 -4.488471866385997 9.691088796355483
3943 4.390611358464372 -4.528853022479032 9.601102909196712
3944 5.712698704733286 -5.710277807413759 8.417913983518302
3945 -3.697518855430562 -8.706067847341991 7.421687046829358
3946 -1.770577696494503 -8.682463607216192 6.713378816279602
3947 -3.324622775142702 -8.813775599591553 5.45690185258716
3948 -2.997672596905506 3.543529276580649 1.663202021161414
3949 -3.774389116145389 2.027585369741528 1.963269091066046
3950 -2.299495212950146 2.160545461554963 1.468136907904785
3951 1.647886660537362 6.685741101092612 20.35182791154776
3952 -1.719631801511874 10.95958921844754 21.50546555416575
3953 1.376409465616264 10.93795870263437 17.66293496914694
3954 3.040988399861947 11.17724376907727 16.37479373877958
3955 5.132045446825362 2.066448002026315 8.565994994756393
3956 2.526678251984338 8.535852998431842 17.01052242757123
3957 3.609307400835927 7.729171827853154 18.92258347477642
3958 -5.037784467159012 5.589546220120926 11.48096871799602
3959 7.441849261435083 -0.798816509670607 16.95056756769066
3960 9.073149228365747 -1.09240858235187 17.54844941065804
3961 1.979480410630783 -4.460349375104729 7.703848593430894
3962 2.632482415965989 -0.1718784104912656 1.957816363059249
3963 3.11092710769156 0.9771920080887231 1.957816363059249
3964 -8.753100250675237 -0.6737530747214137 6.351063550064669
3965 -9.111964359011854 -0.8212567653936078 8.629765231844567
3966 -8.237365027357811 -1.720442368330934 7.778039759076913
3967 -6.302822351961728 9.110794027410915 19.96566574366431
3968 -7.107747450442691 8.849645930078012 21.94813308599259
3969 -10.91427143093888 1.501198248862708 2.654947243801862
3970 -11.36139798375022 0.2639003558353928 3.366882491566365
3971 -4.738914935680239 -0.301001881441521 11.02933479563229
3972 -6.245624419021046 -1.1702717643703 10.07894076668697
3973 -6.752571256237248 -1.316748957774363 11.57622885186774
3974 1.241905223474134 9.118882082626634 1.875075819619468
3975 2.638571243651601 9.236786486428839 1.351305578559773
3976 -9.413225692079658 -4.476907863825579 1.174335402830617
3977 -10.27484638456329 -4.754321167407057 2.105978676433256
3978 -8.397363209559259 -4.190537063181875 2.841910673720174
3979 4.42014606639221 -7.453295139166324 8.806554609492188
3980 11.45296468284135 -0.5765087520849488 3.550465497791611
3981 9.700694376521598 -0.04382528970876765 2.892372340100918
3982 9.951300048972149 -1.509286549897537 4.5603029578174
3983 -7.699964300527099 -0.7483353232526365 17.89866332595032
3984 -8.818924771578383 -2.365574680300674 17.13941185703524
3985 -9.685780981186324 -1.312400023385745 17.05212772173806
3986 -8.006299783237093 -1.335012443377394 16.36209884602078
3987 9.363541646533397 -6.422829440496212 14.53309889447825
3988 -1.017069726944661 8.078601414174592 18.75383201792594
3989 -5.870981364228354 -1.023216336296027 1.357903456804184
3990 0.2947116313132179 6.361359891300486 23.70238793370013
3991 -6.531690224818891 -3.584019127938353 11.53042723381249
3992 -4.990549752985347 -3.752961510517845 13.21283571565361
3993 -5.724097108320315 -4.738237510776853 11.47922827045052
3994 -6.211998178197794 -4.9487587126295 12.94580638124023
3995 -5.463658977631123 0.5325068677836891 17.6369072645442
3996 -5.573860910785484 0.696473790790472 18.98856643097643
3997 -7.608802998846585 -3.463538550167347 17.35259149645831
3998 -6.4898425277953 -1.84629919311931 18.11184296537339
3999 -5.065991985704436 9.657695907540267 22.52168186439698
4000 -5.460807567475129 10.32127045129952 24.32240520290551
4001 -6.57349709327025 9.169844198644208 23.02557618301914
4002 -6.047592871583294 8.290700284684389 24.10317098011362
4003 -5.652777289812601 7.627125740925139 22.30244764160509
4004 -9.859302644876156 -0.03106850083094193 7.376982916863498
4005 -2.984592924321216 1.114028526130667 5.816663115659439
4006 -1.468686089987172 1.816181007460412 7.291147400029048
4007 -1.197087333660113 0.3565516109778369 6.56553340837364
4008 6.447418464263233 0.4261777800549177 5.527250644736172
4009 4.674317103379731 1.142247163813122 4.759795476844597
4010 5.091479092927877 1.18751935563939 6.621141878208191
4011 1.894062697034094 6.529413228340283 24.00349996428238
4012 2.58206785364932 6.720245184603602 21.76667288281553
4013 1.633059456781336 5.399828447138743 22.30588789798252
4014 4.765382851009862 4.145751239881959 6.696231235296256
4015 6.822861536527935 3.508933548299518 6.685309643710894
4016 6.383933077293968 5.406538673187472 6.741452937618957
4017 1.696616083495716 -4.941309169769711 12.93811872479793
4018 0.4770492170745937 -5.20687724721942 11.14084744326722
4019 2.213113112651556 -4.148881568041761 11.61465934598348
4020 2.228521674708677 1.704591467616698 1.248642961364042
4021 2.732649953105968 1.306544987285686 3.206459324423291
4022 1.750076982983106 0.5555210490367095 1.248642961364042
4023 0.07500465386074406 -7.296239944891033 16.09699431181065
4024 0.710242642384028 -7.2300731012014 14.31139260186924
4025 0.2013993708965869 -9.17611833999911 15.28539976862856
4026 -3.784876332208558 2.348655796755589 5.772915598333224
4027 -3.049422668330934 2.122394809865167 7.663040531860573
4028 5.177257004011793 -9.099102932007732 4.002713211740048
4029 -2.309242547531936 10.65332347246996 16.29456838196452
4030 1.511705561893203 -1.223551921139644 1.52610352083151
4031 -3.343729899033072 10.60483056907468 3.627125541360485
4032 -3.52298606808368 10.50065729760039 5.487412049973195
4033 -4.830393472706525 10.3135784629571 5.248905933008698
4034 -3.820974963750232 8.950538666058367 6.570498130690367
4035 -3.641718794699623 9.054711937532655 4.710211622077656
4036 3.459697849651249 9.650662072894219 1.351305578559773
4037 -0.7756312695625555 6.4576504487849 6.331850159238284
4038 0.366321197845907 5.565543271650364 6.060828257873679
4039 4.745490717153746 9.495986623082119 8.504691990634946
4040 5.283849315175289 9.227139388197777 9.57821449944608
4041 -5.063350169518913 -1.959887491444089 11.26943886940369
4042 -1.05026416472817 -5.117782326961682 13.4089800484429
4043 0.2938937788524196 -4.784928396926601 14.65470989805162
4044 -1.477672913911888 -6.169393055099616 14.27441932903766
4045 -0.5730845806333469 8.498448757088489 8.239719964077132
4046 -1.667075508877802 7.347531715328955 8.210901787655601
4047 -0.5485085788255326 7.100195595655084 8.906384716173376
4048 -1.318728899751263 8.366648996625294 10.20837724792206
4049 0.9337720682785742 -6.281754692018555 13.26680290176835
4050 -0.1328308573549868 -7.71218983696863 12.57735108156011
4051 0.7796011603470565 -9.515811192131704 13.53983259421717
4052 0.424928796791133 -8.227799930816264 14.24081006852766
4053 -4.115372027093549 -2.371568484831316 14.68359761643278
4054 -2.366894780769319 -2.545717052910853 13.26539463340844
4055 -3.36150235486966 -3.637237510190636 14.95783452403954
4056 -4.64646811884033 -4.185134417733722 14.76883712967776
4057 -2.8979908725161 -4.359282985813259 13.35063414665342
4058 -3.651860544739989 -3.093613960453939 13.07639723904666
4059 -0.5943113710178871 9.958262343516187 8.234309012342035
4060 -9.017492693792324 -3.195002868595971 22.35715133151864
4061 -8.74730932758705 -4.394757340237385 20.64579207512964
4062 5.946223677714448 -4.939549281502043 21.12470654071196
4063 2.172005147063993 11.27395563961654 13.24361206213982
4064 3.374769934717912 11.01109404828219 13.25580842749725
4065 3.644770327928391 11.01468134111519 15.31152183278525
4066 3.117990533768806 9.939919618576024 13.88231719358095
4067 7.20868352365464 -5.843289482129161 21.18127058222621
4068 7.981803760894072 0.4690629546338598 13.32723725663602
4069 9.471873203442353 1.222064401108653 12.40015222940448
4070 7.985991725251345 0.7260419944576902 11.77291497276847
4071 7.774878859365831 1.83067453730033 12.81321411727358
4072 9.264948301914114 2.583675983775124 11.88612909004203
4073 9.260760337556841 2.326696943951293 13.44045137390959
4074 3.345887215424976 -10.63586759947434 21.42486913839373
4075 1.450225254814121 9.913627939532883 12.79471061662404
4076 -0.8166992551827787 -11.42706299589238 19.0598306250412
4077 -0.1804379634752554 -9.712077111391434 17.67085256848535
4078 -1.466513709460716 -9.288632744386017 18.8556763239519
4079 -1.725161308690803 8.511549542511169 5.787349586627906
4080 9.642687648979667 6.182808406382483 5.702654893560187
4081 7.720263864734965 6.091619969279903 6.320514630945098
4082 8.948219535042611 4.628667085303097 5.198245219940287
4083 -8.236705908256248 7.766917791681175 15.51851041978049
4084 -7.755793987796588 8.184134939528226 14.45579251077877
4085 -6.809637400176879 9.094632721289424 16.70236104049332
4086 -6.328725479717217 9.511849869136475 15.63964313149159
4087 -6.253416989105582 7.697793273558538 15.53999668136661
4088 1.611873099033182 0.2548714766373082 2.774746482195551
4089 3.702865541312604 -10.04203940904702 17.50325186972507
4090 -6.709618568436175 -2.816399434343887 23.88556870961735
4091 -2.189135358251879 -5.289847518464609 12.56410915568611
4092 -0.9026397951998334 -3.661758367638241 11.82430083557361
4093 -1.478750044906282 -5.140219807832676 10.84877845024452
4094 -3.36648746672796 -5.247000674037602 11.09977291552415
4095 -2.079991903675914 -3.618911523211233 10.35996459541165
4096 -2.79037721702151 -3.768539233843166 12.07529530085324
4097 2.434305768362011 -8.751222219141155 8.013156519763228
4098 3.293212635829691 -10.68968164975801 7.204508688435293
4099 1.492925802245956 -9.758770144673839 7.893406381807749
4100 -6.204468977411418 7.492494213093908 14.24669568881163
4101 -6.279777468023054 9.306550808671844 14.34634213893662
4102 -4.777400469332049 8.820209142702156 15.43054630952446
4103 9.682486640712206 -5.303445758815982 8.895323241202407
4104 9.160251746375382 -6.724355138533982 10.17174606296279
4105 2.2253044627718 -9.654600298876794 14.15531481314713
4106 -0.7449536878018809 -1.04366796633849 17.82903603715062
4107 1.478338043540929 -0.6968560783630948 17.60107647735343
4108 -5.390162691626132 5.004642280453419 19.71755451016056
4109 -4.296755862099858 6.463748358697575 20.16674425265644
4110 -5.238679011773061 6.655871371577043 21.34936358048705
4111 -5.197806033695954 5.271249255477101 21.82236974827246
4112 -4.10439920416968 6.730355333721256 22.27155949076835
4113 -4.255882884022752 5.079126242597633 20.63975042044186
4114 2.504460565439088 7.895977108192085 23.16317291853315
4115 3.154803234291981 6.743613707767024 24.00349996428238
4116 -9.149861492935216 -0.8240816580952832 15.57236409221156
4117 0.5964818285927492 -8.892305779544261 1.62220588035486
4118 1.617318000207902 -9.92674733691295 1.394698043729892
4119 -5.345090529559337 -9.363961226998498 9.019791318794542
4120 -5.878266227008723 -9.023563195226405 7.948611973537277
4121 -6.926987980211407 -9.091395714696453 9.795243498204623
4122 -7.460163677660793 -8.750997682924361 8.724064152947358
4123 -5.979643633476762 -7.423799330568627 8.849725687566579
4124 -4.954685114364692 -10.20845546419046 19.01850363175728
4125 -5.512721164975959 -9.993598274108786 20.06127636036496
4126 -2.577397256862001 6.376925986562207 8.97270694856195
4127 -1.458830326809732 6.129589866888336 9.668189877079724
4128 10.26344212143936 -3.992776608214339 7.69596576318618
4129 10.90697707405079 -2.834187973196192 7.018202156754139
4130 0.2985340797552902 -6.347921535708187 15.05240461170975
4131 1.07993107951862 -4.708671356981599 16.42878595389078
4132 -0.6916356132456873 -6.093136015154613 16.04849538487682
4133 -6.326096029750103 9.699191786113889 24.32240520290551
4134 -6.912881333858268 7.66862161949876 24.10317098011362
4135 -10.25300947230408 -3.90279720228732 7.265192349039848
4136 -10.6876068870259 -3.659093601233056 8.62409177922185
4137 -0.3644621880494734 6.095569833491258 19.38533048113872
4138 0.6988782636693782 5.365324363627753 20.89104292671474
4139 0.494347898902378 6.814691668458444 8.135282997715837
4140 4.517952833605303 10.39912951094543 9.862531643722317
4141 3.979594235583761 10.66797674582977 8.789009134911183
4142 7.790029523866351 2.882247386601589 9.009445987087524
4143 0.09978923738210899 11.18541686679675 9.96219810442809
4144 -0.503778993095324 11.2302316756005 8.877981113976201
4145 1.582830721732264 11.20670086098915 8.740500521159458
4146 0.7433048132685109 9.741371343447348 9.404231903009071
4147 2.186398952209697 11.1618860521854 9.824717511611347
4148 -10.53146324309874 -1.78422898034721 2.724689676575282
4149 -9.239408067262262 -1.573702723878061 3.987441646086299
4150 4.785759979334612 10.04515216311777 18.60818780201794
4151 6.052671435468969 9.493611272603811 18.98653102101663
4152 -5.330549682525403 10.14793842687878 10.7325006148755
4153 -6.291013972689213 -1.669964220347091 23.88556870961735
4154 -5.350530454682424 -1.202973931807675 21.78800754223873
4155 -3.935699793787569 -2.345798453067945 16.17104416672911
4156 -2.941092219687227 -1.254277995788162 14.47860427609802
4157 0.8777715042828274 7.402986449048329 10.15621944352855
4158 1.810737292804236 8.057614254817304 9.299794936647777
4159 -3.270606027165087 5.752392658699953 18.76414307928908
4160 -3.119122347312015 7.403621749823577 20.39595214961557
4161 -3.078249369234908 6.018999633723634 20.86895831740099
4162 -5.251335384607374 -10.10340991821779 10.38653499004312
4163 -4.303991037872731 -8.435813534089963 9.44101717940508
4164 -5.885888488524801 -8.163248021787918 10.21646935881516
4165 8.69388996548745 -7.515300310916454 6.841736767018234
4166 7.753722743802418 -5.884865025130349 6.983214955982337
4167 6.565030384441838 -7.252161179698351 7.107513299773792
4168 -7.210859541466624 -6.067296198170236 12.26942545209497
4169 -6.722958471589145 -5.85677499631759 10.80284734130526
4170 -5.1818179997556 -6.025717378897082 12.48525582314638
4171 2.532950426918354 8.949012995637592 24.0864239523443
4172 6.666729351078904 6.879759306836813 7.013022692965301
4173 8.251319731030275 7.303433455051838 7.98643205405285
4174 7.499352460100437 6.127081707027552 8.905182759091812
4175 9.257406326947223 3.711827056806859 23.76166575012452
4176 10.32954875772696 4.078005220103294 22.67563603147779
4177 11.00142957199006 3.573220152935773 24.31397028135327
4178 9.701769410111666 1.802024939045532 23.82149566653364
4179 10.77391184089141 2.168203102341967 22.7354659478869
4180 9.029888595848572 2.306810006213054 22.18316141665816
4181 -8.376134537105052 -7.230103172830253 19.39283373152902
4182 -8.923784122759463 -6.339909075676697 21.35942986588718
4183 -8.442811887877955 -7.707750179002281 21.83534258848573
4184 2.720747644141952 -8.548632646511946 5.559957878165999
4185 3.294445509725137 -10.68921127169981 5.18161486291711
4186 4.093609069658911 -8.210425558531668 5.514050004799271
4187 4.667306935242097 -10.35100418371954 5.135706989550382
4188 3.43339693777413 -9.174972246766863 6.609276585855747
4189 3.518037938591375 -8.607768402588434 22.31970419308774
4190 2.879067574075958 -8.265988939860542 23.84310905805966
4191 1.191526289195975 -8.139476386953486 22.4006681531482
4192 2.720094335206753 -10.87761785981322 6.137825166307543
4193 4.092955760723712 -10.53941077183294 6.091917292940815
4194 -4.847852191331638 7.888273838258041 20.31998029927681
4195 -5.600242342876877 9.337497638974071 21.44423876737044
4196 2.469346390840958 -3.266141158030254 8.027343894552082
4197 0.4506685850122477 -2.679206488942484 7.805930330535348
4198 2.245959988532706 -1.70343690383569 7.63681923044852
4199 -11.52407790495922 0.893098678674407 14.35011472091156
4200 -11.4223734101814 1.488861123402576 15.44751354890383
4201 -11.25277745947292 2.108215820425301 14.36565020509148
4202 -3.788911104053378 -4.68884823832857 15.8232738046343
4203 -9.066000469956464 3.192223278849725 2.888221399985104
4204 -8.641343375771454 2.049820014478033 1.607931127432238
4205 7.823758511260749 -2.250539448446891 23.22712518700574
4206 7.70199902836014 -3.42717394523754 23.22712518700574
4207 6.995458373123132 -1.743683754670662 24.16115622432633
4208 6.873698890222522 -2.92031825146131 24.16115622432633
4209 7.195844861075159 -1.882911896236106 21.98828141133207
4210 3.487918658279057 -8.583057599442764 14.83134456179394
4211 -6.209863980962473 -9.103046717938 13.05119019822275
4212 7.26418087063715 0.7101071480044251 22.24191413272216
4213 6.458396840175546 1.450113430250119 23.82041846618852
4214 8.668467648551411 1.137014170697421 23.82149566653364
4215 7.721174080257931 1.98617992366458 22.39693086082616
4216 6.915390049796327 2.726186205910274 23.97543519429252
4217 5.511103271882066 2.299279183217278 22.39585366048105
4218 5.731397377996535 9.107035887516098 15.53044055078789
4219 5.118999372758449 9.956121848587888 14.2449807140712
4220 5.682255133300743 8.711861081289729 4.349293477112394
4221 -8.7039399280388 2.43416353937536 8.123531786373269
4222 -7.956601642174496 1.643975274812694 9.376314101354339
4223 -7.108635159248975 2.98476127116053 7.750433302910511
4224 -10.43299679696392 5.598877670538672 24.32072821877086
4225 -9.297951193898406 4.579225577496624 23.8464249932751
4226 -10.06137378361105 4.974527827318466 22.76715321204596
4227 -9.178350892027488 6.566726976194797 23.02389919888448
4228 -8.043305288961974 5.547074883152748 22.54959597338872
4229 -8.414928302314847 6.171424726372955 24.10317098011362
4230 3.567754877423127 8.237029956726721 7.590935532742888
4231 3.951538103340804 10.35915629646815 7.39751050173798
4232 5.548954818031595 9.795323105849212 7.373516604904165
4233 -10.48078137999575 4.708738796283099 7.314052382805991
4234 8.84517161743489 -2.144780700027291 24.10589035589418
4235 9.045558105386917 -2.284008841592735 21.93301554289992
4236 8.723412134534279 -3.32141519681794 24.10589035589418
4237 6.985121148390014 8.888717606663167 10.90629646907927
4238 7.929612739851374 8.071815021245463 10.3555324239255
4239 -1.098457727568853 10.98150028714939 17.62346132541878
4240 -4.492802363898313 5.409375156495588 3.770063340408587
4241 -5.323218866488507 6.993904357059673 3.89219695139321
4242 -3.152577388559333 6.930373790410179 3.656732820942733
4243 -5.597823641078614 2.259141771045716 19.10004114866948
4244 -4.465192571815333 2.934935678425826 20.75223380800178
4245 -5.804174376305683 2.203193694847076 21.25875561783073
4246 -9.159079466899748 -6.951456524552932 8.75221558983241
4247 -4.719669957002473 -5.716539741303957 14.20427305147179
4248 -1.158215909417502 8.184806428409967 6.873365839991657
4249 3.369575539670688 4.615284669957643 4.826863255236859
4250 4.192916480414949 3.524099418126901 5.378939305990691
4251 3.121804727704057 2.769469483300072 4.71876505628953
4252 5.88990629764397 -9.725442532262649 5.052031919429795
4253 -5.616483452825725 -4.14749375880676 10.20388942465034
4254 -4.882936097490757 -3.162217758547752 11.93749686985343
4255 -4.075342980992181 -4.316436141386252 11.88629790649146
4256 8.794790252225916 -1.884202426946033 11.05527145515277
4257 7.729676416782784 -1.325840007698862 12.74505633930715
4258 7.561036118146195 -0.585321871264274 11.01021511584563
4259 6.980496069050353 -1.552522860368562 10.15126252764197
4260 5.915382233607221 -0.994160441121391 11.84104741179636
4261 7.149136367686942 -2.29304099680315 11.88610375110349
4262 -8.893295993972769 2.984487325550057 9.342990693668318
4263 -9.28296668383145 3.6139983558157 10.7088121126177
4264 -8.175188071475397 2.660890765595962 11.25972830252468
4265 10.91191149317644 3.505139951621203 5.931086458376283
4266 10.79450457029087 3.83589975049146 7.842176195765093
4267 -0.7275921311256143 0.2950592477445599 13.83662940250259
4268 -0.5323482349494004 0.3612952779523395 15.69929540633863
4269 7.178425364865474 4.891949963785677 14.29843743437349
4270 5.590993618867186 3.707418134208406 15.15683576366326
4271 4.818501579869134 -9.599831995751172 17.47467477546311
4272 2.410599539056872 -5.749074533905571 21.28096693168101
4273 3.918058788055267 -4.18654764684312 22.3810376308915
4274 3.939261129766245 -5.418652378377121 21.30947472926707
4275 3.288436898270862 -6.07348357069562 19.49647559689894
4276 4.795896147269256 -4.51095668363317 20.59654629610942
4277 3.267234556559883 -4.841378839161619 20.56803849852336
4278 -1.891587258690125 -0.436599093829629 20.54066057301603
4279 -4.658581233357677 10.33769102974431 3.403904006373299
4280 -3.469906555350776 9.078824504319865 2.865209695442258
4281 -4.956570129024229 8.787572398202286 4.48699008709047
4282 -3.631607138976308 8.87672688654823 13.20135266890212
4283 -5.334439453925658 7.659924426535811 13.20542189027862
4284 -4.447507094640878 6.794670015487791 13.73797597097575
4285 -3.350661775979302 7.056486819798495 12.80208332290838
4286 9.80765753244974 -5.735475935490319 15.65891915331957
4287 7.933409053445358 -4.686718046022737 15.14396363829847
4288 8.831665000133935 -4.783752307195911 14.00635571829026
4289 -7.552495444127221 -3.925636445527573 3.781367937632546
4290 -6.64786544444503 -4.719430382977686 2.113792666742989
4291 -5.6029842156456 -5.171303252835013 3.372041251892089
4292 7.546551501286039 -5.844695985995441 17.49870115109426
4293 5.414218986642965 -6.267037484947123 18.00642096938017
4294 -5.798860754755663 -0.5285290493136778 23.88556870961735
4295 -8.975754652692808 3.201607826976785 11.95835076170563
4296 -9.647653160267847 1.920543843241879 11.11630563450903
4297 -4.934593048238831 7.030810123755463 8.421608476326751
4298 -5.448182692861693 7.096454775903936 9.698952569931194
4299 -6.750766534402734 2.643594666499436 9.366884710275826
4300 -7.249697227396068 -8.256572477513734 17.39737426621437
4301 -7.636028230546094 -8.488203543028703 16.09790445849251
4302 -6.581318572615679 -6.578268452134344 15.34810213757256
4303 -7.519922864563155 -6.399006249502149 16.74876473221504
4304 -8.598772376835232 0.9792851454241359 24.26919319834693
4305 -9.097332602299883 1.420884931227573 22.09562881417894
4306 -9.058280922982108 1.985960001285648 24.26919319834693
4307 -11.03971104444205 -0.3750536939866648 19.64781991624157
4308 -8.780284581954549 0.1898788366788987 19.82078171666581
4309 -10.44055012792027 0.5405480459532216 20.87990943123979
4310 -11.25303547263523 -1.013701616112108 21.71991174259981
4311 -8.993609010147734 -0.4487690854465443 21.89287354302404
4312 10.65880265195963 -4.296998358651164 10.15522010781704
4313 8.87634256250368 -4.272895181794288 9.268092894380477
4314 8.98461712577898 -2.753370894219274 9.93161603467736
4315 -1.546684340619369 1.169977734092493 1.468136907904785
4316 6.103035434339684 1.340554367328084 12.66002261637253
4317 7.593104876887967 2.093555813802877 11.73293758914098
4318 7.381992011002453 3.198188356645518 12.77323673364609
4319 -2.376413395366081 -5.771543510007309 20.15986704025948
4320 -2.030070464038915 -7.489501437585516 21.31986113290956
4321 -3.87107887965473 -6.520381420119868 21.61720532298449
4322 -1.557489773051397 9.616821969263903 1.544215615214722
4323 -1.680023348987308 10.9943346369796 2.619685837612912
4324 2.772618940704246 -10.95852059393918 4.204930980426197
4325 3.55615127750415 -1.963925379572204 18.31304539474413
4326 3.947775565969982 -1.416495481052036 16.85382057571492
4327 2.169811993983997 -1.196105036870324 16.58164869387796
4328 3.495484901029553 4.080555694712753 8.661038571772131
4329 -9.35739409767022 2.827638091519316 15.98657417413605
4330 -10.97471625001525 2.862676220578491 15.93076598616881
4331 -10.44648862789947 3.934151896431744 14.52795060896453
4332 -9.635455307127893 2.073177691366127 14.42145839305872
4333 -10.16368292924367 1.001702015512874 15.824273770263
4334 5.17654451554541 -5.82612467567305 22.38136784926686
4335 3.669085266547015 -7.3886515627355 21.28129715005637
4336 -7.125774023974525 -6.550603535743784 24.16662612692516
4337 -0.2099757424653617 -7.627629025440378 4.951034403883353
4338 0.2384483223393097 -5.932592036449919 3.703489656046997
4339 0.7743743646179955 -7.183246512970543 6.811825014799094
4340 1.108262487105208 -7.161719175791852 5.10520237162546
4341 5.862749836564848 9.506918879083621 21.75843305128112
4342 6.537998732615128 9.197810016194104 20.06361851773196
4343 -1.557633334792561 -10.50993173443186 19.56661518872352
4344 -1.511191376807806 -11.37721677382183 18.0326670634421
4345 -4.477901437020973 -7.792969924343323 21.73283554995643
4346 -4.455439295794725 -7.584307156065176 23.94067913526483
4347 -5.513888469161888 -8.112750687476563 22.70730526219
4348 4.338506066451606 -2.718734307246118 22.04111728656419
4349 3.986668036430721 -2.107286695063849 19.92308778386108
4350 3.687681834956222 -3.373565499564617 20.22811815419605
4351 -7.362728401400306 -6.771575143980318 8.406501152529248
4352 -1.68659596520117 -6.222466529047051 17.98646194788437
4353 -2.41373362196683 -8.044182799341986 17.74806148646652
4354 -1.340253033874004 -7.940424456625259 19.14645604053445
4355 5.292873851119019 0.7685877086375765 8.635239893625783
4356 5.042006929563297 -0.6802221874749346 7.900723472813755
4357 -0.6208462644367667 8.429659694257314 12.31892972248671
4358 -0.1650849734450832 7.688490376244969 10.92732116198608
4359 0.301144746904629 7.225743354757101 12.05414236897519
4360 8.224104565386968 3.046816288458748 23.76166575012452
4361 7.276810997093488 3.895982041425907 22.33710094441705
4362 1.231772038094721 -0.6351314180515556 19.16452392360311
4363 2.799774995212001 -1.43798180768592 20.06264675553388
4364 0.2452145374458658 11.42359186105799 7.57057763049242
4365 1.033689094176689 -2.372211098617163 1.52610352083151
4366 1.608676034599154 -4.340738344438497 1.400142648839141
4367 1.948488618365743 -3.492728739360379 2.926246169670651
4368 2.842433202656667 -4.181169432285524 1.400142648839141
4369 7.799474667600053 -3.549216928061287 11.78922147148452
4370 7.630834368963464 -2.808698791626699 10.054380248023
4371 5.98518048442449 -3.217537361483816 10.88521254397373
4372 -5.574539101527686 -5.111603923380069 7.192949283621651
4373 -6.748096771586818 -4.269188702481318 7.70889364666983
4374 -5.158720154442724 -2.988876156167334 7.714018492209645
4375 -5.032954712039404 -3.405828962110156 6.395191836514636
4376 -6.206512382098536 -2.563413741211404 6.911136199562816
4377 -6.622331329183497 -4.68614150842414 6.390066990974822
4378 4.66607406134665 -10.35147456177774 7.158600815068565
4379 3.807167193878971 -8.413015131160879 7.967248646396499
4380 5.053036483444437 -8.770005534529309 8.347541999511446
4381 -4.459453661238565 -1.939395577615439 13.12759620240864
4382 1.792129740293905 4.652391944370962 5.363152034213342
4383 2.680664604855285 3.819895612479397 3.794331659850962
4384 1.544358928327274 2.80657675771339 5.255053835266013
4385 6.965750418418814 8.799827635704412 3.517016533138673
4386 5.430192083045332 7.062135198712849 3.668892356612349
4387 5.295049441500765 8.210025702975219 2.769613284879086
4388 10.58270883524605 -1.578912788736115 8.751512943952342
4389 11.11796922458218 -1.939848441292983 7.41022619722342
4390 -0.3398788513825737 -4.968154616329748 11.69364934300131
4391 -1.626374414434619 -6.596243767156118 12.4334576631138
4392 4.827638063370301 4.252208640278658 12.60576245510799
4393 4.686212067594932 5.404842499469147 10.89928247035921
4394 -0.7110326468054564 -7.372496984836035 14.32291825597149
4395 -8.940445376602536 -4.005562866177857 5.568503913857253
4396 -9.999611625297923 -5.739517671549378 6.196958560116412
4397 -8.203260559798483 -5.559636290976764 5.851244122813251
4398 1.715169068041904 -4.642504513291966 14.64318424394938
4399 0.2562419458282368 3.790082067238552 15.47355508171884
4400 0.7484730892986584 3.894895549047271 13.72451815950144
4401 -5.117624799088589 2.845252171895916 7.150472609219918
4402 -6.361721430194288 4.466017218136519 7.020396506788115
4403 5.97544493361331 9.59070085657331 10.88996322499558
4404 -1.354104180028722 -4.320480184487169 19.79827134895858
4405 -2.921599066034644 -4.466267009217824 20.1493167993047
4406 -3.092370931300921 -5.252378669385499 22.23954757563101
4407 -1.524876045295 -5.106591844654845 21.88850212528489
4408 -4.917347046470223 2.120852031158353 1.432655983649874
4409 -4.390309861854273 2.565329827050111 3.395925074715919
4410 -5.522054235334287 1.787736944658166 2.790559440454058
4411 1.911568584047224 4.597828623739043 1.277632291425256
4412 1.915548472463004 4.849935159092149 3.442942510838978
4413 -0.9938487221870398 7.312104811548345 16.62064535283232
4414 11.10371979147753 0.4892381495191111 19.18992827853536
4415 9.550502512161042 -0.1806376892280202 20.60064304421655
4416 11.0274689583295 1.066883727198858 20.83227656738608
4417 11.03047988148323 2.541486486790601 19.55674959201438
4418 9.47726260216675 1.871610648043469 20.96746435769557
4419 9.553513435314777 1.293965070363722 19.32511606884484
4420 -3.320188567121205 -4.408128396363062 5.905806954323556
4421 -2.408005592011928 -3.412656770719754 7.069148132402244
4422 -3.313825100658686 -4.73074683081897 8.076535538935163
4423 4.525720284050026 -6.48095586799155 20.56836871689872
4424 4.502788707999942 8.428878345859596 1.351305578559773
4425 5.921426634662581 7.368954396011908 1.418307706319314
4426 4.720782753805454 6.496484592209557 2.69593999774457
4427 3.928522020304631 6.715337235093934 1.277632291425256
4428 3.302144827142816 7.556408542057245 2.628937869985029
4429 9.796313171615946 -5.840274214469591 6.594901760608675
4430 8.856145949930912 -4.209838928683487 6.736379949572777
4431 8.200267866694603 -5.911971088152363 5.726210954457631
4432 -1.490549331664865 6.502185664036237 12.11606583302638
4433 -5.978556941512078 -1.396412860575682 12.59597667856585
4434 -7.649729760186809 -0.9706654126646855 12.42514753198959
4435 1.056737794069561 -3.444482874677757 14.3260257210812
4436 0.2753407943062312 -5.083733053404345 12.94964437890017
4437 5.310502168119994 4.651655136842152 20.60527844500947
4438 4.8090100398299 6.191929417460011 20.33836636506311
4439 -3.807928172033406 10.59831034976453 20.35351605098716
4440 -1.861863617255054 9.462648890907861 20.76942920625539
4441 -2.61354493728699 10.9602909641754 20.35318345784066
4442 -6.375699085573579 4.065553628959932 1.432655983649874
4443 3.855170823768011 -10.55828005982236 14.69289168746552
4444 5.078758165132143 -10.31370803247905 15.51385222178224
4445 3.448891804135931 -9.410028271533484 14.97627534746384
4446 4.336835452414554 -9.03320728443094 13.92829857942625
4447 -1.685953017546755 5.487044720018151 7.093655320144633
4448 -3.450524467638479 8.789164043228457 20.70785021645661
4449 5.482576110234207 -10.03479877695586 9.998221226287757
4450 -7.275747313234922 5.800000555192351 11.91222785170103
4451 -6.652752538944415 6.717390124051169 11.09371373023369
4452 -11.14431220072373 2.243321523555765 17.01262932998116
4453 0.2074929429738754 3.300798681286647 5.603063594849376
4454 -0.3225897369694962 4.770154214172117 5.028296662487781
4455 -3.207699111512084 7.325442787559055 13.74716749150198
4456 -2.110853792850508 7.58725959186976 12.81127484343461
4457 -2.926753748515076 5.50520272080932 13.34789814550824
4458 2.809844475742232 -3.049156462774567 22.01260948897813
4459 2.112074278748655 -4.19918031625758 20.76573542812444
4460 2.989911637962645 -4.523589353047631 18.98124409334237
4461 -5.147047943111962 -2.222802440743612 18.34744383446336
4462 -3.175469005023123 -2.831450703194002 19.1973883523525
4463 -5.257249876266322 -2.05883551773683 19.6991030008956
4464 1.158372888521984 11.74386176259755 24.32374455855054
4465 -0.08799192576636983 11.74404193392362 24.32333324475741
4466 -1.106244139203858 11.05041036853983 22.58418889604765
4467 0.0503017319575505 10.1555787105638 23.66085565129024
4468 0.1401206750844957 11.05023019721376 22.58460020984078
4469 -5.49965359681161 -1.072372488012593 13.85696764757718
4470 -5.610823713358584 -0.1584747957950636 15.8292675331859
4471 -7.505123700697811 1.579651184191259 11.14019965111654
4472 -8.710958808469574 0.5800317925045166 11.14962904219505
4473 -9.018170839608217 0.9924223213434322 9.900090393107114
4474 -7.812335731836454 1.992041713030175 9.890661002028601
4475 6.346029646409558 1.330732513216543 7.558159038390933
4476 1.631964816784884 -10.8877001696992 17.16686748466921
4477 1.771047311768747 -11.26929259318543 15.75852480611146
4478 5.233729340480764 -10.1025890095647 6.098397096869986
4479 7.507733697062742 -0.7267466749065379 14.41930203297513
4480 8.993615175253751 -0.2307242682555751 15.04653928961114
4481 9.388293305803831 -1.369643612549477 15.2743908405255
4482 9.862363369635162 -0.1738339830090794 14.18232606418639
4483 8.376481891444152 -0.6698563896600422 13.55508880755038
4484 -7.678519349306418 7.865647843030237 18.89002148741126
4485 -9.324931050888889 6.69679361042791 19.47034910710053
4486 8.914300215822085 2.757187154804245 8.322956168228242
4487 5.001224987054954 -1.104763217791888 6.672893924002786
4488 5.8372672472793 6.530253055663264 24.18425082493559
4489 5.123885794680434 5.864502231092736 23.25243794143345
4490 5.91068754601475 4.73086651737375 21.82787313572597
4491 5.181294730168531 4.708987672596419 23.97543519429252
4492 6.624068998613616 5.396617341944278 22.75968601922811
4493 2.791103580043313 11.16925593181781 12.18282117486496
4494 -4.444652389800822 3.25262568377055 1.432655983649874
4495 -9.442202417624566 -6.347679426234015 20.02379513236359
4496 -8.199659741932642 -5.284951437390941 18.67919594077148
4497 2.801858395853142 9.409020079474374 7.875252677019125
4498 0.5234303875334343 -3.739651544166716 2.081283775692137
4499 1.53892224599357 -0.174810522666796 9.324819900797714
4500 4.666593345121086 0.2190036367170897 9.699085698409949
4501 4.526437745899541 1.546103756436279 10.99749834979002
4502 3.59506111511662 -0.1736848822348627 11.5377885648067
4503 3.454905515895073 1.153415237484326 12.83620121618677
4504 5.064836107048428 0.4747969869129534 11.47085712480264
4505 -6.065307606317879 1.125413039108656 1.357903456804184
4506 -2.891094170636694 10.51979134283825 15.23169651647608
4507 -2.448749200876489 8.973563420011644 14.06099359676495
4508 -2.977106790074938 10.68477161368554 13.43616294054589
4509 -1.683495695382614 11.06096154491744 14.18484165260607
4510 -1.241150725622409 9.514733622090837 13.01413873289494
4511 -5.624686187808946 -6.533942823014367 10.81723181848251
4512 -4.625824824540116 -5.415405337473629 11.49361274762777
4513 -6.166965296373661 -5.246462954894137 9.81120426578665
4514 -2.962681806009795 0.9808359387335306 11.40736648220995
4515 -4.138155513232883 2.010371050428819 11.29926853495376
4516 -4.494332565043331 0.6216139422842656 10.02265296589229
4517 -5.914388642903327 0.728533230253768 10.92123684837611
4518 -4.38273788386979 1.087755226703033 12.30595036469376
4519 3.692016523942056 -7.03414800746481 7.804675163594263
4520 2.450344309327709 -7.353300883428595 8.16856078142259
4521 4.100628662807928 -6.246247771782607 8.982487954330093
4522 3.742896947668784 -5.61028355167603 7.779920155448705
4523 4.984569162283131 -5.291130675712245 7.416034537620377
4524 -2.367272613267529 4.939907671698919 20.18145818688408
4525 -3.544906128055373 4.000034280572917 19.95225028992495
4526 -3.352549470125195 4.266641255596599 22.05706552803685
4527 6.341161530577585 7.561317501001204 4.63619083140846
4528 -2.095550931820376 -10.41787799268475 20.69189705841552
4529 -3.219488285780062 -10.75862022949767 21.73776396906369
4530 -4.438528349324095 -10.36334838866162 21.73760905972289
4531 -2.636893021405158 -8.76208994180897 21.4354913598815
4532 -4.501007852871826 2.679220102994607 12.66833583544984
4533 -6.032658611905362 2.319998106545342 11.28362231913219
4534 4.326301691533141 4.812705862190741 1.629021440437239
4535 5.554090173498809 6.496362569721468 1.418307706319314
4536 5.518081075167826 -8.104565690513292 4.825328190224032
4537 1.528629426574999 10.41394531793364 24.0864239523443
4538 1.618448369701944 11.30859680458359 23.01016851089485
4539 -8.280247263369841 7.918922751786297 17.06375521580129
4540 -7.724026852298545 6.522083304055412 15.90139085667457
4541 -6.296958344219174 7.84979823366366 17.0852414773874
4542 -6.071568437609551 0.1078366532747272 22.37687321820627
4543 -8.202815570889808 2.844605822399284 23.16014662327209
4544 -2.15868180320023 -5.047155732152288 23.8250489082929
4545 -3.96241658629545 -0.5588904927293452 3.7717489719354
4546 2.917532020159718 -0.2685696200260206 17.09683045289095
4547 4.49604934984427 -0.3904446088837823 15.49804666218894
4548 2.718085777858285 -0.1700541647020702 15.22587478035198
4549 7.588916912530694 1.836576773979047 13.28725987300853
4550 -1.424665991666256 -6.719387960971191 10.62466072748085
4551 -0.1381704286142112 -5.091298810144822 9.884852407368358
4552 -0.2857947981425477 -6.547322769468263 11.46953162023764
4553 7.115114170513674 0.2504821252416195 24.16115622432633
4554 7.920898200975278 -0.4895241570040745 22.58265189085997
4555 5.710827392599413 -0.1764248974513761 22.58157469051486
4556 3.492994271839787 4.81282788467883 2.906653731862495
4557 3.56118555914086 5.842745408803493 1.277632291425256
4558 -0.9915196932480899 -0.9819433060269508 19.39248348340031
4559 -1.289946028178916 -2.821886393639885 20.21771495999765
4560 -6.624897926421866 6.365947673839717 16.69937120787363
4561 -6.581356571308274 6.213942713734596 15.15412641185284
4562 -5.154288063228904 7.541657643342844 16.33797703256566
4563 9.374635561954612 -5.847828973419464 16.97688492833852
4564 9.288541304368231 4.842669415699156 10.5386176760976
4565 8.195607278063664 3.730514092399051 11.73366383039301
4566 10.14676946233316 4.800463849917868 11.73138208025174
4567 9.436792699836282 6.189898611237163 10.37821115419383
4568 8.343858673531717 5.077743287937059 11.57325730848923
4569 7.48563051556678 5.119948853718347 10.38049290433509
4570 3.857197199394306 8.197673736381491 23.90981280369461
4571 -5.690755513845953 9.962065703695698 9.537927787614132
4572 2.576633774374221 6.88562413206965 9.015477792371538
4573 3.928443616178214 -4.965383494476157 17.48016366302999
4574 4.36595495000363 -8.229293498386097 17.94697251050171
4575 -4.236507456252967 -1.441423677835179 5.221484867754672
4576 -5.784267427764386 -1.255576423264661 4.496485099486023
4577 -6.673641803147789 -0.1339892999061711 4.045908675420852
4578 -5.12588183163637 -0.3198365544766889 4.770908443689502
4579 5.304086565867413 -6.498178043095962 7.240101192782471
4580 -0.2758724220233521 8.081145069428654 9.43727552946452
4581 8.84275891555515 -4.208751840119163 16.45014175215052
4582 -3.848616738428482 -6.311718651841721 23.8250489082929
4583 -3.154007817998601 -7.830243674398438 22.36572804355773
4584 4.299844106583079 -4.335560971289503 7.98844829601635
4585 -7.305704539544061 -3.504355225137034 10.51067940711439
4586 -6.572157184209092 -2.519079224878026 12.24428685231748
4587 -7.79360560942154 -3.714876426989681 11.9772575179041
4588 -10.77095897946723 3.76599638199697 8.945621733170011
4589 -10.49463304801454 4.310190960327192 10.03000727206867
4590 7.478608216464933 -2.060221201534699 14.65274987040079
4591 5.981982108580991 -2.116139487591611 14.21096622993212
4592 6.514354271173942 -3.985472897564439 14.16132348715835
4593 6.693537090434875 -8.724461856901462 13.29468377078196
4594 6.678438265195675 -9.406934438475988 14.42286359217839
4595 4.287406628104106 8.909411874463879 10.29418289146559
4596 -5.582799642093375 -7.444615769383894 17.18780111123288
4597 -6.63750930002379 -9.354550860278255 17.93760343215283
4598 4.542844566514432 5.727131430024304 21.85593790571583
4599 3.813451750668214 5.705252585246972 24.00349996428238
4600 5.256226019113297 6.392882254594833 22.78775078921797
4601 -7.40682485573704 -7.387969415869041 20.86087287625216
4602 -2.243854433751578 5.111255875071246 22.03911265165503
4603 -2.954831189718957 6.190347837095961 22.72661278217194
4604 2.296795484172994 -4.858223480434503 23.87626491665272
4605 1.228769562267738 -6.029508493629485 23.95755909508853
4606 -3.774410470643158 -7.925125731882043 2.072351559836052
4607 -4.023301983155935 -8.760670556370448 1.162342820835976
4608 -1.632149843190915 4.304046170889691 16.25986248595851
4609 -3.140429534634231 4.628141340795327 15.83282864591301
4610 8.683593736769279 -1.003005371964296 3.966646119651523
4611 4.596534750226485 3.126733192323695 16.0098010625269
4612 7.039933526276114 6.605778198029007 24.18425082493559
4613 6.383961009165345 4.784512814962161 23.97543519429252
4614 1.112012263353692 -11.41294129688088 0.9940571397808277
4615 -4.99933587118471 6.237044747134417 18.68817122895032
4616 -3.659009372840051 6.787601317354358 8.381673949358586
4617 -6.752076156587284 -8.760015826074815 11.97192304130684
4618 -5.495899915745095 -9.639846864607799 12.96773916674382
4619 3.934804487604537 7.021941812793008 22.513312767977
4620 9.349250365192347 4.538910154989197 1.315765300284229
4621 8.077531005855215 5.51612922982485 2.734073006603542
4622 9.634416264288863 5.963237957191165 2.382845351969162
4623 1.422533251716487 -5.735071955491255 7.495320452863249
4624 -6.167968700878868 4.846892964972613 12.463144041608
4625 2.375351026474072 5.692707286704294 12.20039227660257
4626 1.834410878822563 5.242383185381165 10.81577314408577
4627 0.8847787316185649 6.998825198411298 11.39445259984402
4628 -2.190013593620951 -2.276542181442563 21.36589204961338
4629 5.641253330431512 4.784534376032191 11.56618955185491
4630 7.313012178358012 4.904319514407857 11.79870632390518
4631 6.357970915521431 5.524627637844813 11.13179924240948
4632 2.024620660837395 0.4154016785407748 19.54390777211929
4633 3.18847290197656 1.803436872366639 20.43190545068833
4634 1.258138081043176 1.412392849917028 20.76444115935833
4635 0.8091454524142405 0.1996162618824973 21.36847443301771
4636 1.972997693553405 1.587651455708362 22.25647211158675
4637 2.739480273347624 0.5906602843321085 21.03593872434771
4638 -10.37384394024783 3.552638170264598 3.672805681816363
4639 -10.47126571410675 4.729843114480561 5.36668869673065
4640 3.075951741041777 -6.28691045987868 1.400142648839141
4641 2.952217667407471 -6.522670971729232 3.632508297393903
4642 2.344530141020182 -7.568120394090389 2.794840692569033
4643 -2.204567852121674 11.5355774006249 24.32333324475741
4644 0.8021636401177651 -9.871835754616033 6.798833531931988
4645 0.1972961381794215 -11.45098082156767 6.258931182796396
4646 -0.9308827772091203 -10.03683086731198 5.716394603806878
4647 9.008466417093452 6.351185420183272 8.003993464383967
4648 10.11901516451553 5.218992335076723 8.792813790767966
4649 8.897662998736349 -2.761466349992996 15.63539002154091
4650 7.856726103778862 -3.395153653731722 14.14953582599145
4651 -1.161217512474731 -5.411995589109885 18.92117869630663
4652 -0.3096801624036498 -4.747043923757421 20.64981378133203
4653 -1.331989377741009 -6.198107249277561 21.01140947263294
4654 -5.938869298487951 4.523327121315015 14.30239819134008
4655 -6.475790899070027 2.800513787187337 14.20040904225243
4656 -6.019149246013672 4.334993749391223 15.85011761396425
4657 -7.11827817189035 4.491129379606917 15.05213726276519
4658 -7.037998224364629 4.67946275153071 13.50441784014102
4659 4.321601457599282 -5.026408378461973 2.669243863808376
4660 5.032074985639293 -3.885614237764507 3.112902274222673
4661 5.347842189913808 -5.335295841568341 4.388212088411509
4662 5.321867324365074 -9.940789607025991 18.86629620748647
4663 3.288897839437143 -3.257310548546863 18.67621372300739
4664 -1.461917197274603 -0.7558058762495034 13.00768715320977
4665 1.2278493566214 4.01610157692092 21.82860735266382
4666 0.5644837098537012 4.292282463142726 23.70238793370013
4667 1.758624675414642 3.076608929964698 23.52621941896368
4668 2.827200422342276 4.184154913960716 22.12971938324607
4669 2.163834775574577 4.460335800182523 24.00349996428238
4670 -7.361084340578044 9.007644600137874 24.3223238204643
4671 -7.608485404098192 8.478297012668193 23.02549480057792
4672 -3.615170467058324 -9.82022267984134 1.162342820835976
4673 9.393972281369471 -5.820566327124551 19.07650893004068
4674 8.411967297171589 -6.671500423945105 20.11238899292913
4675 9.174923844161974 -6.491816834384851 21.45379192220898
4676 -10.00896000960712 -4.46118946044978 6.179688031540191
4677 -10.31112003392977 -5.182982706531398 5.125847925227605
4678 -6.077087225844917 -4.702379156529545 19.99968215494846
4679 -7.04639690721293 -4.544512913490757 18.53164301022532
4680 -4.824394688537733 5.516118516128478 14.64540669401695
4681 -5.923523614414411 5.672254146344173 13.84742634281789
4682 -5.281036341594088 3.981638553924593 12.99569812230513
4683 -10.2601779654586 4.880852136893195 3.34516482693699
4684 -9.16342224381539 4.369428223065688 4.582104414899391
4685 -4.518211169045527 -4.824661585503536 10.21827390182759
4686 3.779739000478538 -1.300261088014535 3.801617422312687
4687 -5.780211646012552 0.6405257145918314 21.14728090013768
4688 8.217257967249299 -1.777153147816505 22.86704658022052
4689 1.09222394613951 -8.559640511504414 4.949798109966098
4690 -2.703866662446055 -6.19925562161545 10.27179185953294
4691 -1.417371099394009 -4.571166470789081 9.531983539420448
4692 -3.305108521215686 -4.677947336994007 9.78297800470007
4693 -5.105340051534741 7.336358582878213 15.04467604001069
4694 3.592623617954676 -0.3874487110935895 20.44203060405005
4695 2.377148409531521 -0.603234127751867 22.26659726494847
4696 -5.142766762043638 -2.719218522817003 4.604634652803258
4697 -6.722247605415963 -1.516724447601884 5.484159990550571
4698 -5.174487633904544 -1.702571702172402 6.20915975881922
4699 4.851726231510134 1.395088327317136 12.96480261197221
4700 -3.219811655406726 -0.843984598481278 11.56095431947509
4701 -2.863634603596277 0.544772509663276 12.83756988853655
4702 -4.639867733266722 -0.7370653105117756 12.4595382019589
4703 2.736786185107649 -7.150711310799384 5.715362139825363
4704 3.978458399721996 -6.8315584348356 5.351476521997036
4705 3.430817347755241 4.010535550445848 12.47716105932255
4706 4.750343566218545 -6.087823365009493 3.501466863523997
4707 2.279421615764226 7.302927819729486 7.817922226984152
4708 1.782681160561278 7.748793805455679 7.908296303474573
4709 -11.12919413787472 -2.249545441729036 21.8156411286061
4710 -10.91586970968154 -1.610897519603593 19.74354930224786
4711 -10.85901077166945 -3.44929991337045 20.10428187221709
4712 1.597893466962751 -4.033303130967164 10.35866431008462
4713 0.4229651638345677 -3.627709094080905 11.36496516603089
4714 4.376689672916386 -6.416811103710856 2.943786482818664
4715 0.6175574339836871 -1.987425628051488 12.8225883912738
4716 -0.2874201495110286 -3.777336804712838 13.08029587147247
4717 -8.097145338569486 -8.126722970326261 14.88278381228099
4718 -7.043466615368805 -6.887446089727469 13.62908490924715
4719 -3.828848647201094 -8.520651647508092 23.94067913526483
4720 -5.581906740998138 -7.530570156362765 24.16662612692516
4721 -0.7996701747300976 8.418454358076129 1.544215615214722
4722 0.8193971730245839 8.26254275886026 1.875075819619468
4723 0.3386742402766403 6.898243378541695 1.412591177160351
4724 -1.016710806019433 7.825753064115798 2.956806792375073
4725 9.051105560694477 0.1676795752105192 10.08313008861409
4726 8.406608267321591 -0.5127232497258906 11.99267010872386
4727 9.896677709869873 0.2402781967489027 11.06558508149231
4728 9.471722102764723 -1.071085668973061 10.30288522456947
4729 -4.902474378185507 3.062651361693655 10.30144699552021
4730 9.640362401401312 -1.811603805407649 12.03772644803099
4731 7.806214752426261 1.173264473398695 10.2389921019714
4732 6.316145309877979 0.4202630269239013 11.16607712920295
4733 2.514394575738305 2.087833266081314 23.52621941896368
4734 2.992743796885912 3.236971666236211 23.52621941896368
4735 3.830454445777777 1.199222447988429 23.82041846618852
4736 4.308803666925384 2.348360848143326 23.82041846618852
4737 3.738050192221813 1.911817225650008 21.94663788515221
4738 -6.600044460949661 -1.682332270112528 19.46350213180563
4739 -6.532243760483588 -0.9757029585478235 21.14154510116611
4740 -7.810166233681459 -0.5843684002458536 19.25032249238256
4741 8.741487831142463 -2.025627230588297 14.46435837228227
4742 9.610236025523873 -1.968736945341801 13.60014514685752
4743 -4.626684462949176 7.955828575180364 1.320994080227536
4744 -5.753082015182738 7.885556753598401 2.875783674862032
4745 -3.582440537253564 7.822026186948907 2.640319544411555
4746 6.988129374152292 1.848561957445686 6.540975387753438
4747 4.93065068863422 2.485379649028128 6.5518969793388
4748 5.568310983046253 3.365720390722364 5.748292483528152
4749 -10.82772302903197 -1.953651602951258 12.58488654586441
4750 -11.01121886647704 -2.478208696016437 10.7937697931998
4751 -11.43480964613468 -1.307033472808963 11.66769445394659
4752 -9.931070961381167 -1.625187194780236 10.21406754128064
4753 -9.747575123936091 -1.100630101715057 12.00518429394525
4754 -0.6846838573279581 -10.80006192234624 10.89287555512884
4755 -0.05145312451272113 -10.84802420368207 11.96339727918222
4756 0.3002841685041813 -11.3501041318403 10.59102462775392
4757 -0.3329465643110557 -11.30214185050448 9.520502903700542
4758 3.421374083172689 6.41082064259495 7.546900325619546
4759 -2.068537657401701 7.21420069964322 7.635171000898005
4760 -7.884322427646429 -1.294950660986081 4.355580489506225
4761 -0.581031787419926 5.373685108357853 15.40264998837706
4762 0.5831876202442975 -10.83251430743343 13.03346522500303
4763 1.746784808295716 -11.27352103484707 13.61362705074945
4764 1.140947274390417 -11.34812440128107 14.69692421197058
4765 2.28075455281221 -8.200296105292505 21.24781107308796
4766 1.745498852646651 -8.124707852223226 19.1146904841784
4767 3.650561287633711 -7.775715187550244 19.77399898629083
4768 1.504275280602969 -2.420438556350938 13.66582661163437
4769 -7.078536227988993 6.629191888197511 6.349878032591782
4770 -9.084845100285797 7.009480861404485 6.697323833556199
4771 -8.596841555005925 5.43912540203839 5.97212177010293
4772 -2.919224887520601 10.69733137514181 6.419512000978731
4773 -2.739968718469993 10.8015046466161 4.559225492366021
4774 -8.682779547453986 7.047772705696198 11.97021208197007
4775 -9.495403253711665 6.106459707493149 11.95590466906926
4776 -8.05978477316348 7.965162274555015 11.15169796050274
4777 -8.872408479421157 7.023849276351966 11.13739054760192
4778 -5.132150760245373 -3.429844504683378 1.2582485851491
4779 7.795536429257934 -0.3447875765902122 15.70518429962586
4780 6.783725014898256 0.3549996462992226 13.98588226665074
4781 8.269606493089265 0.8510220529501855 14.61311952328675
4782 -9.185462808703939 -6.778532810970304 4.183290449100943
4783 -7.971349852511741 -5.020905014696 4.371124570515322
4784 -8.759075025722529 -7.33698233106113 3.100293948159226
4785 -7.544962069530332 -5.579354534786827 3.288128069573606
4786 -8.816217617943778 -5.285805632350302 3.431667306602949
4787 -10.87850723100136 -3.074405382267282 9.711425737075622
4788 -11.302098010659 -1.903230159059808 10.58535039782242
4789 4.36144180014556 -3.25791851757685 10.79522665681495
4790 5.484738339226414 -1.995747858292898 9.572608120187258
4791 4.511337954860595 -3.292304945644069 9.385739953409519
4792 2.56011364272225 -3.459433209219783 9.639998507732443
4793 3.683410181803105 -2.197262549935831 8.417379971104751
4794 3.53351402708807 -2.162876121868612 9.826866674510182
4795 5.863265250201056 6.58042282406972 8.14419807869608
4796 6.756756452495623 6.571887712087211 1.418307706319314
4797 -4.759756174242348 2.504085567234822 8.766924016585234
4798 -4.075536570465158 -2.28610649099668 20.34556544196823
4799 5.789504725899564 6.131763571570199 11.40578302995113
4800 7.461263573826063 6.251548709945864 11.63829980200141
4801 6.530589252730199 5.740256977155303 9.713585822839391
4802 10.41281199632396 4.717609183901811 9.852127857238324
4803 8.461649812054462 3.647659426382995 9.854409607379587
4804 9.319877970019398 3.605453860601707 11.04717401153372
4805 2.564394802705722 5.998175688103258 19.67458341664427
4806 -6.26484969917972 1.119654083024525 20.02342750079057
4807 -3.820784059683808 -10.48319702648067 14.02383083025048
4808 -3.209244186718797 -10.65128528435399 15.16637268948893
4809 -2.197263124214849 -11.35481339056133 14.79907630086454
4810 -2.656345818836106 -9.607445047711119 13.43321075625069
4811 -2.808802997179859 -11.186725132688 13.65653444162609
4812 2.289061329785295 3.938405939052622 2.526275252789298
4813 -9.822734540439505 5.591254944062098 10.87205239926528
4814 -3.61359334261439 4.081273733889232 3.095858004811288
4815 -11.35675906478738 0.8559524005620092 21.92266701375471
4816 -9.909817947014849 -0.1333647308377567 22.93563112553896
4817 0.8150832421437609 -7.21026974733747 23.95755909508853
4818 -3.994137458156356 0.4577563279152559 5.376274077951362
4819 -4.058967202166075 1.466122611649756 7.222651494152496
4820 -5.052795055078871 1.836885888161416 5.304095193018785
4821 8.951581302667293 7.220286890810609 3.592455114753878
4822 8.758539681925459 5.139205640141613 3.841140363353174
4823 7.394696044233646 6.773178163444294 3.943682769388258
4824 -8.982667176797165 -6.398930968545159 17.18721469256555
4825 -7.695997953046782 -5.086400820663769 16.86918302616989
4826 -9.545073268430817 -5.31795660522175 16.00816317879855
4827 -10.04873505731668 -5.516507221948921 17.81817609340013
4828 1.342573617151616 -6.920359547100552 21.36226111011683
4829 -3.222026089834851 -7.248063143284639 23.8250489082929
4830 -1.677003038332437 -10.97584321139569 9.57275757954115
4831 -0.7704776748035418 -9.175982387333523 10.55625563166193
4832 -0.4187403817866394 -9.678062315491758 9.18388298023363
4833 3.595253114479048 -3.599007097638705 14.62507636749011
4834 2.9168691349218 -4.286182945330343 13.16432491016382
4835 2.258437860949456 -3.088161306716134 12.84716638729564
4836 2.375000063052965 -4.254133322078074 14.39887018212422
4837 -0.5605350748391564 -5.628548172801409 17.44805846574104
4838 7.184171368073609 8.877859320885445 22.0328710725221
4839 5.958619984215623 7.8469422832093 22.6940636286302
4840 6.633868880265902 7.537833420319783 20.99924909508104
4841 -7.347458684432495 7.952710921337943 12.3315826938568
4842 -9.64031103313158 -6.253672317899191 5.120618664117297
4843 5.676047814495218 -6.909548465860421 21.09652896150126
4844 5.295399446219064 -5.594380473820541 19.31170740834383
4845 -9.240464817981294 -0.1195474587271944 12.64411033473002
4846 10.00125211151038 -4.865783510786034 22.0402380163718
4847 10.02750457579425 -3.228864359507748 21.30602644762451
4848 11.04891768196839 -3.123105611088147 22.18479161651295
4849 9.01930564110304 -3.920927992871021 22.66722711164721
4850 4.995844612451339 2.744068568967305 4.431000554222587
4851 3.859538935923329 1.730749714201299 5.891722729637639
4852 -7.48528158839087 -2.71511527768241 7.426153437713832
4853 -7.359516145987549 -3.132068083625232 6.107326782018824
4854 -7.69389361639765 -7.945889104807028 11.98587107260296
4855 -8.724073794839844 -6.868930438539445 12.44642163069682
4856 -8.556680868742026 -7.689080330096678 13.80608108784899
4857 -8.073646793810999 -5.810487423459886 14.089635467341
4858 -6.947443547600427 1.080328817689256 1.95026448243021
4859 -3.410399022139207 -5.116156154208962 20.86817551763974
4860 -2.388089806801847 -3.665092828688822 20.50657982633884
4861 6.253350018929787 8.783495978105138 16.59043614551873
4862 -10.74820646920348 -3.911551591807823 18.70300594216332
4863 -11.11140088992557 -2.659826318165722 16.80570889226455
4864 -2.559256667234208 9.135966892900033 17.73683714131272
4865 -2.505762633327899 10.98070721620564 18.17487835058211
4866 -1.348471847271124 9.464143707579474 19.06573008476698
4867 3.462345562376506 9.371621762342546 12.80328025516742
4868 2.0645806766323 9.3489173761324 13.7713870834985
4869 3.732345955586986 9.37520905517554 14.85899366045541
4870 -8.823750992540667 -3.632087543091048 3.92490717466189
4871 -10.7012341675447 -4.19587164731623 3.188975177374973
4872 7.634303914828829 3.889565400527331 2.226944254628043
4873 6.120443752860981 2.864442613937184 1.388952356632838
4874 6.820990077886021 2.818771765653795 3.61589661126088
4875 7.086825408022815 2.855572837274779 1.388952356632838
4876 5.296596985084001 10.20087979541041 16.38401324721557
4877 4.34474396082507 8.526123094103751 16.1444534971721
4878 4.774644344150749 10.52441970482137 15.32401765248473
4879 9.839258881347035 5.322879800680377 12.76611996871251
4880 9.129282118850151 6.712314561999673 11.41294904265459
4881 -5.361316289119809 3.7933051820008 14.5434175449293
4882 2.763010432227705 10.74919839414756 5.344576740074127
4883 1.917649037664209 10.71616900170044 3.977775537770634
4884 3.314315057841676 10.83407340550264 3.454005296710939
4885 -4.390951544479558 -0.9997278536345381 16.58734263831369
4886 -5.604362731372614 -10.38646858618101 24.31654561694859
4887 -6.287584401131713 -9.577407627513644 24.31654561694859
4888 -6.878070379611263 -7.565347544357895 24.16662612692516
4889 -6.676460584479382 -9.134729279486983 23.08317174387376
4890 -6.194848709852163 -8.374408503025265 24.16662612692516
4891 8.406720143949176 2.625881549556411 10.6933646858879
4892 11.11963671478101 -1.929411830152437 6.205515946109729
4893 11.37426603149157 -1.573142784424794 4.127962165693727
4894 8.453950601774146 -7.702309749597729 10.18630373233043
4895 4.496848850353573 -1.980246951991961 1.398109047837986
4896 -2.544199316408007 -9.529917362639889 15.56111767177278
4897 -2.085116621786751 -11.27728570549009 16.92698321638663
4898 -1.532218253904059 -10.23344546884722 15.19382128314839
4899 4.874077639852851 -5.85206285315894 1.269101214969235
4900 6.174815571727461 -5.981963496991117 2.812745048948758
4901 1.753264177804356 -8.490206305529423 23.84310905805966
4902 -3.205039167864332 -10.51375900881685 17.06253678760012
4903 -2.539994297553543 -9.392391087102745 17.45728176988397
4904 -0.7112616250656101 -9.65558712610126 12.47114398743796
4905 -1.617786988594505 -11.45544795016343 11.48764593531718
4906 -1.703580806070089 -9.831368415150713 11.15102601185027
4907 -8.718833910752544 -0.3318344109415222 5.00787159381341
4908 0.7583358236522979 -8.581167848683105 6.656420753139731
4909 2.076574053222867 -8.115257999034579 6.810588720881839
4910 -0.3822407498737022 -4.582492472845031 23.46345321699199
4911 -1.404549965211061 -6.033555798365171 23.8250489082929
4912 -7.492733209877067 -4.984331000631987 1.174335402830617
4913 8.609901207522515 4.994888621921002 9.69400308547581
4914 -4.441790616055119 -9.364489994170594 23.94067913526483
4915 -4.923402490682339 -10.12481077063231 22.85722475221343
4916 -3.903834539169323 1.411795599266121 13.56694133370509
4917 11.10722153801177 -3.432787039082719 17.78214575826158
4918 -7.431838684284929 1.43154712129174 15.6886467037456
4919 -7.948255987862476 2.060166864833255 14.05698637423678
4920 4.377685163604782 8.034802586727418 17.31209324888439
4921 5.329538187863712 9.709559288034075 17.55165299892786
4922 3.420932129758997 9.452186404032688 17.10567035058124
4923 7.927674938421591 2.981762821647946 20.9882564937338
4924 6.561551487342852 3.81664729759579 20.47902868504273
4925 7.600056052569247 3.494998235164134 19.16649110282074
4926 -8.843526010225219 -0.2374045379705262 17.1089285721411
4927 4.436216502895721 -1.347838252609802 21.00648548531321
4928 -2.019186136958392 5.457021596847694 18.55738928123675
4929 -2.293486237848678 3.704663218720659 19.74549649187261
4930 -0.9558456852395401 4.72677612698419 20.06310172681277
4931 3.195841300331849 -2.24121300128345 23.53634457232541
4932 4.411828385488505 -2.073400157512632 23.53634457232541
4933 3.674378964322106 -1.092056254816712 23.53634457232541
4934 -7.691419197496008 -8.334542296572426 3.401233062531128
4935 -6.477306241303811 -6.576914500298123 3.589067183945508
4936 -6.083787975931181 -8.067728390585627 4.302673240026561
4937 4.60025350200253 4.571616871527986 22.5789351585749
4938 4.502491904015038 -1.985702776093282 14.16420467883722
4939 2.724528332029053 -1.76531233191157 13.89203279700027
4940 -7.502362108756677 -0.2014557216230712 21.71200432544936
4941 -7.003801883292027 -0.6430555074265081 23.88556870961735
4942 -8.418571045623793 0.1139486329857163 22.75476190796428
4943 -7.702310595287501 8.113605087616603 3.633325072421632
4944 -5.924894254531585 7.861444186811191 4.720785601497431
4945 -6.905798709128992 9.015620732220491 5.244531484650071
4946 -8.251194083716609 7.963806618224814 4.748843105543541
4947 -6.473777742960692 7.711645717419402 5.836303634619339
4948 -7.270289629119201 6.809630072815516 4.225097222390901
4949 2.276990845495645 -2.789356650238389 14.5522319064471
4950 7.348657425176949 -0.8170385854282142 1.398109047837986
4951 6.727839438745371 -1.585361165738017 1.398109047837986
4952 9.535468680927291 -0.8638418252158685 1.241374588700699
4953 8.914650694495712 -1.632164405525671 1.241374588700699
4954 8.019118109932361 -1.10621426438224 2.639483636538685
4955 -3.821702356396866 7.176918138260419 18.91737912590945
4956 -10.86489525114464 2.149965452000141 12.33495942071044
4957 -10.47378700613516 3.331113047762563 12.34914866094661
4958 -10.60925792435726 3.345445678484944 13.44391667737784
4959 -10.21814967934777 4.526593274247366 13.45810591761401
4960 -9.084803802341821 2.703633540887767 13.47480154026437
4961 -6.73404723961151 8.859588722768482 3.63256392646029
4962 -5.937535353453001 9.761604367372369 5.243770338688728
4963 3.253698670793187 -10.75791226985196 13.63423355969655
4964 2.365755022514564 -11.1347332569545 14.68221032773415
4965 0.06307628709157656 4.240801226580881 20.71246245034985
4966 -1.274564265517561 3.218688318317349 20.39485721540969
4967 -0.9264777892084233 3.735802243466124 18.77078830976236
4968 -3.593652413797041 -2.725666605128082 17.64228049653759
4969 -4.201370523115124 -6.483311852465897 1.2582485851491
4970 -1.683491960219065 -1.014240236712427 20.76194857215658
4971 2.080137710282471 8.476743238287002 1.875075819619468
4972 3.476803730459938 8.594647642089207 1.351305578559773
4973 2.902537042764628 6.881106531323544 1.277632291425256
4974 7.147051351084897 -8.336220588223446 12.22298467884519
4975 8.54551568606515 -7.35992844735506 12.4168026730946
4976 10.60977255571121 -0.7132669488979879 16.15112021479331
4977 8.757234609039939 0.1083413602283305 16.61883730370088
4978 10.84746205332873 0.8216083091263153 16.63135345254395
4979 11.47852075009262 -0.6563766636514923 15.28690698936856
4980 9.625982803421349 0.1652316454748262 15.75462407827613
4981 -4.699229528110654 -10.38358531381494 9.302606489966948
4982 -4.112521818747975 -10.61198416452043 10.37261389316437
4983 -4.092757345668485 -10.65383962706698 7.283276357391225
4984 -3.506049636305806 -10.88223847777246 8.353283760588644
4985 -3.6037637104786 -9.445516538561284 8.78843071807794
4986 9.892489745512602 -0.01670084307492775 12.61990736535986
4987 -5.761533639773749 9.672229254025726 13.27782409840541
4988 -6.741471688144722 8.907696577039658 13.26340612054767
4989 -2.360362475251281 10.82450096180601 12.37141822522267
4990 -1.066751380558958 11.20069089303791 13.12009693728285
4991 9.030233691766185 0.2453503892452583 1.65099775140022
4992 7.513883120771257 0.002977950078886682 3.049106799238205
4993 -5.137134418638665 4.206497644625016 1.432655983649874
4994 -3.796909443299684 5.727496278539608 1.31932546418402
4995 -8.243330002883823 -2.09333177696703 12.07345770574123
4996 -8.426825840328897 -2.617888870032209 10.28234095307661
4997 -3.068070006677842 -0.1292051285749654 4.64183201545326
4998 -1.280564416016739 -0.8866820437277959 5.390702308167461
4999 -2.332616342800218 -0.3554661154653874 6.531956948980609
5000 8.372038021586034 1.071960703886619 21.04808641014291
5001 6.61896042283095 2.661132739099473 21.2020259379018
5002 -10.18953663804921 -5.416098540975923 3.296502224376444
5003 -9.763148855067803 -5.97454806106675 2.213505723434729
5004 3.073929602641657 10.68592326170094 17.54243349049187
5005 -0.9845562557792679 -11.50341023149926 12.55816765937056
5006 -2.986516374364395 -9.263512950846113 10.02194925336395
5007 -2.888802300191601 -10.70023489005729 9.586802295874655
5008 -2.380044191922225 -9.533767264098145 8.002619120788228
5009 -0.3563602832495329 -8.660508246151476 13.621940781661
5010 5.586097661268839 6.557159562573005 10.26434986799316
5011 -3.793543592967058 -0.4163490133008005 8.478380443459557
5012 -5.064733222793275 9.658368544604365 20.38013080954684
5013 -6.885764464310826 8.35156515297013 13.41451871224575
5014 -9.469934859856266 2.845582510056389 22.71561819162203
5015 -8.514674243671378 3.095253225505676 23.8464249932751
5016 -7.659208891579077 3.953899046619313 22.73737841820026
5017 2.244531666803054 3.358169134699706 16.54162021745896
5018 1.376042321985941 3.567434192147737 14.82843454424856
5019 0.9098818897184113 4.04538692676055 16.21264501866462
5020 -3.258683794278733 0.2314953410248339 7.266399011478711
5021 8.031564799885555 2.695598587594307 16.3197160943135
5022 8.462605923818451 3.443149784629695 17.78943562993722
5023 7.037105931244853 2.114913645709597 17.17268139317715
5024 6.161967213210168 1.385059963439318 21.0470092097978
5025 -2.227854546907745 7.750424599495153 17.42493907447168
5026 -0.8589666876565387 6.253946261879146 18.18905725460886
5027 -10.7809990372738 3.743503576601479 11.09961001185867
5028 -11.17210728228329 2.562355980839056 11.0854207716225
5029 0.4240178078578248 2.958441940022206 24.13089926346743
5030 1.087383454625524 2.6822610538004 22.25711868243112
5031 10.64676078725942 4.222096072716234 8.798846716234383
5032 -5.538717879315767 5.589954983644928 6.382867010443455
5033 -5.562539971080381 3.457420028810152 6.044122707560819
5034 -8.708153130442989 -3.716719318910492 1.667575270889557
5035 -8.700619755846102 -5.370437408169746 1.174335402830617
5036 7.20453263706936 -2.038034620461835 2.988084023385882
5037 8.100065221632711 -2.563984761605266 1.589974975547896
5038 9.391343892819702 -2.08483786024949 2.831349564248595
5039 -10.10910052969876 5.024567560336385 11.94165513905528
5040 1.459661370286454 -5.076527662953389 18.00271084524618
5041 -3.971109466693661 4.393292938765865 1.432655983649874
5042 -2.630884491354681 5.914291572680456 1.31932546418402
5043 -6.367520636061522 8.717243598324014 12.34600067171454
5044 6.709180224704832 -4.759865691941789 22.46610946999181
5045 5.907132550851091 -2.616090846887273 22.66592893856512
5046 7.169592396791283 -3.519831047514392 22.72249298007937
5047 -0.06900114488395659 -6.557779057408522 1.62220588035486
5048 -0.9407965264271158 -4.662619606019343 1.280118519165249
5049 2.480454381248357 3.211910696255187 17.95453723787426
5050 1.145804604163714 3.899128488316031 17.62556203907992
5051 1.68064735681796 2.128888941144242 16.45344352477503
5052 -9.855932322044186 -4.746262038961784 16.86028556509142
5053 -10.35959411093005 -4.944812655688955 18.670298479693
5054 7.805567635447821 -8.900573886453705 24.5447811138993
5055 6.773484225524024 -8.551824792429516 23.02137624892737
5056 5.938452062249976 -8.144872954055618 23.87659513502808
5057 7.471087771409398 -7.078613970324358 23.96133675575303
5058 6.439004361485602 -6.729864876300169 22.43793189078111
5059 8.306119934683448 -7.485565808698255 23.10611786965233
5060 6.499396911296801 4.371993778654323 12.83827922715826
5061 5.41516986992373 5.019713943315224 7.549856001366537
5062 1.393338694299107 11.14655154560767 13.15092800319605
5063 -8.720117325905427 4.397088053461587 13.06730801837304
5064 4.415726423565364 -1.229806259395421 8.964569277597921
5065 4.265830268850328 -1.195419831328203 10.37405598100335
5066 2.464502111427019 -1.396934522971136 9.218827831920844
5067 8.670756944256325 3.904261589335242 1.315765300284229
5068 7.857443107313518 2.833467954461706 2.704717656917067
5069 8.404921614119532 3.867460517714258 3.542709554912271
5070 11.16337667265454 -0.3791416334538851 17.5609655595011
5071 11.45455086990889 -1.361448136271955 16.75131975829466
5072 9.3643234256201 -2.074715085169939 16.73880360945159
5073 -4.160964388566254 -0.4130249379486873 13.72052917097023
5074 1.752436078024292 -7.595093823269219 3.854571528909622
5075 -6.798757702327858 -3.357878031732971 9.013391321933611
5076 11.14590762894537 -2.614713133404952 10.52648929770915
5077 9.830189274954378 -2.68077227268089 10.91407102755558
5078 10.14922837617716 -5.393608074948797 10.1700321844854
5079 8.354107668166856 -5.693804561512287 10.54451571614086
5080 0.301621448067463 0.04100410155445766 2.994240428736294
5081 -0.315565138853226 1.330575879412945 1.468136907904785
5082 0.7563150910225895 -0.2346297156805575 1.52610352083151
5083 -0.1058776357273135 -1.389879714916382 2.96389211950214
5084 -0.7230642226480024 -0.1003079370578941 1.43778859867063
5085 -1.177757865603129 0.175325880177121 2.905925506575414
5086 8.062681591561024 2.212633635616656 14.09909638392431
5087 6.390838166534877 1.72251346564441 13.94590488302325
5088 -11.41851191077232 -0.4615696960562232 7.646747502527898
5089 -11.13536232543471 0.80178560450612 7.697613756495393
5090 -11.52461666618484 -0.04136378114596145 9.527685272093612
5091 -9.965407400288676 0.3891374140793198 9.257920686429213
5092 -10.24855698562628 -0.8742178864830235 9.207054432461716
5093 -7.612338713549373 3.443980463241849 13.61822420828002
5094 -7.692618661075094 3.255647091318057 15.16594363090418
5095 6.676625619198732 3.816770660894308 21.11450625370054
5096 5.367911103608091 3.496140578345834 21.32827569786854
5097 -0.8651461781372695 -0.715111126789145 4.149927982450876
5098 -0.6161363423705684 -2.757320160465935 3.519072374362767
5099 -1.031554580250038 -2.928891077404586 4.759846700079351
5100 -2.000675187277375 -1.427128853232369 4.116351523057845
5101 -5.541897429667775 0.6436035824857737 4.651274309682713
5102 -3.928901587645154 -3.893899277908404 23.81449866733812
5103 1.343411198740474 10.8162372055444 4.918750064091722
5104 2.18877259330397 10.84926659799153 6.285551266395215
5105 2.740327004984152 -5.635906134125019 8.787175736289207
5106 1.780264966855631 -6.371036175597833 8.697888251744638
5107 2.070247662512075 -4.653641426294258 9.316503206611255
5108 1.351008451968277 6.53607817692343 12.52127380683313
5109 -0.07646878651364075 1.294225859974535 21.36912100386208
5110 -0.7853894346307253 8.773564304078493 11.62253017239431
5111 -1.939033360936905 9.451722924458817 10.90358625833029
5112 9.310838725983263 0.4424666756724333 18.02868264840867
5113 -6.830072826079285 5.437149259441024 6.05765644430443
5114 -7.576986555133972 3.955893312465035 6.787693240426826
5115 9.215557894973793 -0.829817601047899 13.37229359594316
5116 6.018775044936193 2.581921358567874 19.9794312471853
5117 5.798490004538353 0.3460491763293466 23.82041846618852
5118 6.455207334876481 -0.853582128679153 24.16115622432633
5119 -7.127707197883294 -8.935918405362305 5.6748325808883
5120 -4.792984673062616 -9.644136622595653 7.935862818718365
5121 0.09336501151335236 1.637092499576989 19.64829625704436
5122 -0.0773896149042998 2.906960703460361 21.14097378011715
5123 -5.767313231878126 9.431664933041207 18.90155778584071
5124 -0.2512964202155378 6.682891907995248 10.10394028156076
5125 0.277690310822733 -1.383201742377018 1.52610352083151
5126 -1.201689002847859 -1.248879963754354 1.43778859867063
5127 -0.9747105936745875 -8.746162961379051 5.573981825014621
5128 -8.568386498764275 2.075013797346252 15.10646186977318
5129 -1.023658618477955 2.050681509934663 18.78822339190672
5130 -8.137290404448066 4.398091795694537 3.658376312021919
5131 -8.385753806357773 5.590134424451024 3.950597900309271
5132 -7.570709715638602 5.467788974667239 5.04839366722546
5133 -6.439687785114971 9.411941252837636 6.141042234121326
5134 -7.785083159702587 8.36012713884196 5.645353855014797
5135 1.771202927002149 -8.617992234456237 1.394698043729892
5136 1.950148344770175 -6.51112782554756 1.400142648839141
5137 0.5608469806602552 2.351536816235057 17.09856406224531
5138 -0.2099184864392931 4.268034801851364 16.8577655561349
5139 0.3249242662149523 2.497795254679576 15.68564704183001
5140 9.686911117678148 -5.921137738896334 13.48916030109914
5141 -4.35489474098115 7.920032568450769 3.658401436986249
5142 -3.040043406656545 8.187172107781137 3.881622971973436
5143 -4.526706980329998 7.89592000166356 5.503403363621649
5144 -0.8133823352150948 5.994423813016442 4.275577620234411
5145 -1.342576668835856 6.784393562886101 5.245833905874533
5146 7.869164667087957 0.3671294349269644 1.65099775140022
5147 6.18758840049872 -0.695259539746508 1.398109047837986
5148 7.700550936184976 -2.659314534327022 12.97850417673281
5149 6.466796802105255 -1.360433978645263 12.93344783742568
5150 6.496782481018937 -0.9562021321766413 4.12338057878881
5151 5.692688731553393 -1.969313685794305 4.251840207417928
5152 5.94522315355114 -0.8547347957275198 16.50878392722199
5153 0.3341837669351122 -5.711637105471915 8.842691303894991
5154 5.243005448721591 -0.9894127944578677 24.16115622432633
5155 4.798918238538057 -1.47869966281872 22.29750079665175
5156 5.980454869887989 -1.970756697153787 24.16115622432633
5157 9.136714576109148 -2.441106905977132 4.908903344664597
5158 7.869008263906277 -1.934825728043891 4.31524650649872
5159 5.268666775563727 0.747219998378891 15.50641053633322
5160 4.587977195005156 1.732774719407753 14.180550886055
5161 3.729554840538984 0.4197948600516173 14.52530826528218
5162 5.532415812068704 0.4095336062882747 14.29066226225043
5163 -10.80506540721557 -2.073149198040965 18.34227337219409
5164 1.242319889454585 -3.55859903058602 8.348143224306487
5165 -9.765509125472519 1.782610585906098 8.647308078126043
5166 -11.32471839136868 1.352109390680817 8.917072663790442
5167 -10.15476346622264 0.9394612002540166 10.47737959372426
5168 0.8792125412605295 11.37497804742199 6.507127008901382
5169 1.464242211566744 9.625911079543213 6.705329786352088
5170 7.351101064632385 4.779852511489544 9.065589280995589
5171 6.596449643998069 9.15801839752012 17.92999621792655
5172 8.120600090187436 4.93791518878453 1.315765300284229
5173 3.297274163898448 -4.361183553738492 8.995703876856853
5174 4.420570702979303 -3.09901289445454 7.773085340229159
5175 9.032899519002306 3.781412765804796 20.90763444128645
5176 10.02569154015931 5.19239792422787 20.40553927239
5177 8.705280633149963 4.294648179320983 19.08586905037339
5178 -10.70212595468685 2.738671669946941 13.41899335229713
5179 -9.891092633915274 0.8776974648813243 13.31250113639132
5180 0.3408518453502204 -0.03736700422037564 18.31299603453961
5181 4.765796876546165 3.624433623803481 23.97543519429252
5182 4.195043401842594 3.187890001310163 22.10165461325621
5183 4.748746611896495 -3.029442025390402 4.69753221883338
5184 -10.45008212552627 -3.295390621334682 6.2020794828315
5185 -11.16789922457052 -1.958799048203314 5.210773847943322
5186 -9.35610245132413 -1.947178046964871 5.631038385281661
5187 -9.658262475646783 -2.668971293046489 4.577198278969075
5188 -10.75224214984893 -4.0171838674163 5.148239376518913
5189 6.135076639139527 -3.251923789551034 9.475725840568293
5190 7.522559805688165 -4.328223079201713 9.390857107726122
5191 7.022117660490089 -3.106433576010795 8.078252683939654
5192 8.171240336322947 4.862113948626569 12.99147072805932
5193 8.956663781641382 6.496685222689184 12.83116246222468
5194 6.981335717981747 -3.530974606327749 6.850423135128684
5195 7.624870670593179 -2.372385971309602 6.172659528696643
5196 9.499680902542346 -3.051250293665341 6.058616343140736
5197 7.427880840873931 -3.558080669349763 5.593419133603978
5198 -2.885980143089268 0.9376876642830629 9.989535776083056
5199 -2.278454519466891 -0.9272831665818811 10.68535580847783
5200 -8.217488207918256 7.785280707896041 13.37285649238981
5201 -6.810455973699191 6.537508557392194 13.31487226212076
5202 -5.780830950748236 -7.044140656282362 7.631048973119167
5203 -7.261350994932267 -8.371339008638097 7.505387438499946
5204 10.13102700359449 -5.233784233890441 14.61498055994046
5205 -4.057130982727017 -10.66965395068882 5.283176270555677
5206 -4.384462229833288 -9.767658698467052 3.970977537640619
5207 -5.515014105385319 -9.959809373635924 4.72602470062861
5208 -4.782505897801004 -8.103931022538662 4.899750282660094
5209 -4.455174650694733 -9.005926274760423 6.211949015575151
5210 -7.120223750675089 -0.2710861614329745 10.93066623945462
5211 -3.487740750439548 -7.971785591984149 11.19817381050534
5212 -2.264021231883174 -8.060036317521011 10.41236221321563
5213 -2.204805182145242 -8.539641056288747 12.32725056899166
5214 -2.927300324626462 -9.743117689613852 11.93683760913998
5215 7.675746564076264 -5.064093096515826 23.96133675575303
5216 -3.472586011985095 5.170974477036955 24.07228282927688
5217 -3.946128935092256 4.03030722204164 24.07228282927688
5218 11.01765135732026 1.397008506700642 14.46276183361383
5219 11.08384261954254 0.4825426806424097 15.0590554384542
5220 9.23130467287127 1.304150989768728 15.52677252736177
5221 10.78127079110645 1.736074135184548 16.03505984770357
5222 -7.942507982076521 -8.371702967619054 9.810000496158882
5223 4.911965165298513 3.187461949077051 13.69667755644803
5224 3.789793774327363 2.212168481811532 15.257183209758
5225 5.592654745857084 2.20190722804819 15.02253720672625
5226 -11.00163779736774 3.174314712183371 10.01555626801512
5227 0.04553479743350242 -4.884269405596754 2.081283775692137
5228 1.130780444499222 -5.485356205868535 1.400142648839141
5229 3.936582895160459 2.180966932911895 3.586837803496489
5230 4.666786923462282 2.739158098173515 1.629021440437239
5231 4.345259414390673 1.137336693019332 1.957816363059249
5232 3.462853981407791 1.864736152547307 1.248642961364042
5233 3.054177462177576 2.90836639243987 2.877664401801281
5234 -3.219299575707153 8.082998836306849 5.741909480586147
5235 -8.79812186512962 -7.467748163463732 9.823991265556232
5236 10.06269354910204 5.374075508398744 3.427788119699424
5237 9.379858587480468 6.631124442018187 4.637397882484141
5238 -2.911044124745438 5.25506458114417 12.02271431921938
5239 -5.878617585367524 1.533089283458851 15.09901454050768
5240 4.752524485978882 -6.318099615896219 23.87659513502808
5241 3.494038758488739 -4.678522587066288 23.87626491665272
5242 5.336210645482573 -9.304116333416175 16.3998396323581
5243 8.231974590339476 -2.544969115732099 5.46495950497486
5244 5.265810987656038 2.783783770233661 3.017973797070077
5245 5.244613079873512 0.02757450797194897 13.0047799955997
5246 4.477286012157318 -10.51334024250865 14.45519409401327
5247 -8.787087352804242 7.371906861763061 18.19263567597361
5248 -6.659000203914314 7.167829245427708 18.14402146413302
5249 -8.305411905496785 5.998975012825381 18.72434908382229
5250 7.452685668278436 9.056921315865228 1.069704495503303
5251 6.432777191732166 9.741447088269869 1.070410363155187
5252 6.777420373599337 7.726404214773754 1.418307706319314
5253 6.369044186296232 9.165144626623645 2.488718069474501
5254 7.388952662842502 8.480618854219006 2.488012201822617
5255 0.8589789326508788 -4.859975079261865 19.47583107581176
5256 -1.097059360624925 -3.913401798262601 19.3406223073457
5257 -1.271702050878695 -7.884255028471557 11.73248018880332
5258 4.245667634783715 10.30954045361976 17.54226963367283
5259 4.212726432004004 10.8008609609961 16.37462988196055
5260 8.008560812914219 0.03294991677664821 23.82149566653364
5261 -11.29345169761912 1.4291986243667 20.38415876483041
5262 -9.633186151653401 1.078529415092377 19.32503105025642
5263 -9.034025235131621 1.994131155032263 20.55712056525464
5264 -4.369985508184967 10.33255513801162 19.28942770302052
5265 1.641796505506741 6.666906051896804 1.277632291425256
5266 0.9622239450670327 -10.96936365403398 18.29169347371424
5267 0.4594231066611897 -7.70126348521781 20.29951423964496
5268 5.513907897545227 -3.266682363195079 8.378484372569016
5269 -4.367336537364012 -4.892765313125691 6.529264159447644
5270 2.800277218632448 1.167648078145889 5.04755997891154
5271 1.735009989606108 0.2022406052365699 4.669955746839495
5272 0.8526045566232258 0.929640064764545 3.960782345144287
5273 8.132374235408255 1.695065068787073 18.47612601433504
5274 6.17455605999565 2.166762096244036 18.54973686606067
5275 5.886256753009413 -2.327634967749551 12.07449524922201
5276 4.830576774826981 4.404440159821137 4.575334810180043
5277 3.942041910265601 5.236936491712702 6.144155184542424
5278 -9.122869963558028 -6.406561541035014 13.53083102879158
5279 -8.955477037460209 -7.226711432592246 14.89049048594376
5280 10.23307162000151 -2.017824799923444 15.87459038402685
5281 5.245238531616758 7.181191458638772 21.76225074512806
5282 -7.211005317159678 0.3312333396940329 20.48241200738077
5283 5.402930405230912 -6.725698566817224 4.662754707421796
5284 -6.032141137427041 -1.597631399458513 4.154058228738088
5285 -5.765723114104153 9.785716934159577 3.39876841205333
5286 -5.195457627972599 -8.159758544873537 11.30831787232739
5287 -5.766854421535453 -9.775519506510532 11.47136601963311
5288 -3.939281387130411 -9.039589583406521 12.30413399776437
5289 0.9107646665241161 -11.33634975643606 9.507504941316355
5290 -0.1913090044261125 5.28025783451033 23.70238793370013
5291 -1.131231276629012 6.18185150774616 24.05432995289506
5292 -2.363890975611478 6.015589096511602 24.05432995289506
5293 -4.663380302264871 -10.36306074576966 6.210507533346584
5294 -6.121263424923173 -9.653216168716769 5.653355963419518
5295 7.989301541153118 -4.418385395334528 10.66556605100912
5296 9.153257424415569 -3.493889030653862 11.66645725813888
5297 5.548385727321081 10.35548127172224 1.070410363155187
5298 5.893028909188253 8.340438398226121 1.418307706319314
5299 1.036001115700343 5.400819991616558 23.70238793370013
5300 2.635352181421219 5.568873328656355 24.00349996428238
5301 -5.733308100307703 2.094893828197248 23.89130450858892
5302 -7.763946609732776 -8.328081555594773 19.93306289746747
5303 2.210028018457695 -10.99603401149822 5.213866801531438
5304 2.262552623955188 -11.07693674562419 3.280972615650092
5305 -8.429303803374479 -2.266432877964168 1.667575270889557
5306 3.561077939209897 -5.15066567847136 1.400142648839141
5307 5.359203838020971 -4.71581807175162 1.269101214969235
5308 4.304055612644883 -3.378604185352003 23.90477271423878
5309 5.520042697801539 -3.210791341581185 23.90477271423878
5310 -3.5442468892454 -2.502870208483846 11.80105839324648
5311 6.946001878119358 -6.35136381914532 5.608112677017228
5312 8.828399288148315 -7.321900929246145 4.856683439192017
5313 8.676556505701567 -6.086267563792239 4.491750155342055
5314 8.048425084247853 -4.676337722698457 5.361277670607668
5315 9.930822494276811 -5.646874832799282 4.609848432782458
5316 6.408190758947715 0.7268355737514065 1.388952356632838
5317 7.73448547922025 1.425073063576801 3.039950108033057
5318 6.052909212631015 0.3626840889033287 2.787061404470824
5319 3.397953897045848 4.620698536454035 24.00349996428238
5320 8.319007386768305 -7.985012466056455 5.790377468984837
5321 9.421430592896801 -6.309986369609593 5.543542462575278
5322 -1.000264164627275 4.971046696444384 19.20675000477382
5323 -3.426117307111959 3.028869311340549 18.09330383254031
5324 -2.042580590809072 2.536656410337973 18.13886266836965
5325 3.989125356536091 10.44638348488171 14.23248489437172
5326 7.665652613101523 -1.947844940992648 7.400489077507613
5327 -8.082328956196807 -5.318031886178739 15.56971321844803
5328 -1.623471062398555 -2.296360967272222 6.148673992208726
5329 5.735605260782137 -0.5469379621803867 10.30712454099929
5330 4.664073030777669 -0.939626481132339 12.14582740739604
5331 2.169280196722801 2.391529273221308 19.75939969155885
5332 1.005427955583637 1.003494079395444 18.87140201298981
5333 2.935762776517021 1.394538101845055 18.5388663043198
5334 -2.091670235161626 -11.11783204722838 4.131857634583655
5335 -3.463760097600589 -10.98768226533216 3.049047153933503
5336 -3.502508342660505 -10.78196724178159 11.44298393836589
5337 -2.278788824104131 -10.87021796731845 10.65717234107618
5338 -2.219572774366199 -11.34982270608619 12.57206069685221
5339 -5.215465234448112 1.639333071693845 3.913533573496255
5340 -3.862112942215521 -6.220253561898806 15.25870972642834
5341 -3.063879725271994 -7.271735962487771 16.43167272165109
5342 -9.804841809456031 -6.46798989716669 24.34850001628761
5343 -9.122182327600289 -7.486381562333567 24.32238998503131
5344 -9.224749142188591 -6.571340287437886 23.11512614321277
5345 -8.542089660332849 -7.589731952604763 23.08901611195648
5346 -7.84703923022637 -7.01931880606004 24.16662612692516
5347 0.9946865121124928 1.544443254495796 1.248642961364042
5348 -10.86953195103621 -3.174884501602347 21.36895520994146
5349 -10.76829516428648 -3.434895091781721 22.22746586807731
5350 -10.59934858483093 -4.374638973243761 19.65759595355246
5351 -10.4981117980812 -4.634649563423135 20.5161066116883
5352 10.51983188120746 -2.729597959086233 3.359474733543167
5353 11.07978803735991 -2.154046648734281 5.088428127111971
5354 11.33441735407046 -1.797777603006638 3.01087434669597
5355 -4.073952108736513 10.42295480937484 14.37205558861325
5356 -3.545594519538065 8.711746615700939 14.99688624483231
5357 -0.6333470592038495 -4.03743258506074 3.361402294857386
5358 -0.4629009363271838 -3.518001744589305 1.280118519165249
5359 -0.1230883525605946 -2.669992139511187 2.806222039996759
5360 -3.325399621699818 -5.410893713951193 14.21607342724818
5361 0.09565484022622972 -3.437874611414993 23.46345321699199
5362 1.541636853877996 -3.868595253033425 23.87626491665272
5363 0.943415183694126 -4.086249160753137 21.93971813364471
5364 1.732008304107243 -3.357398708350692 22.68709861858972
5365 0.884247960639347 -2.709024159012548 24.21083370193701
5366 2.848233326964787 7.185043172039308 20.24910134216281
5367 7.193303279211075 7.991451568413458 16.59768973903894
5368 -6.266855386472489 -9.38371717114039 10.40129198799738
5369 -8.254825986369696 5.134596055661429 14.46995242879277
5370 -4.15310447672333 8.562460431665299 19.22927719275049
5371 6.564546517088157 -6.695630082815994 18.53458121398271
5372 -2.291579647679403 -11.33418868486239 0.9442364792889124
5373 7.356637114460805 -8.093563608636803 7.982848362530341
5374 7.889451390585075 -8.428399613537676 6.848381023623739
5375 11.21031082972949 -2.561989654345132 21.54565155797499
5376 -9.489195551057421 -5.886307413037229 12.46060084664543
5377 -9.149446233167428 -6.966755556219193 10.90820177503934
5378 -8.384324476949852 -7.94937858172141 10.89402255909073
5379 -3.509544928650311 -10.88107266769833 6.207535194625935
5380 0.9202318221497064 0.7907431556247474 5.801882999632536
5381 1.917871785649566 1.895047537673864 4.338386577216332
5382 2.675629051687432 0.5832240042101846 8.042355207830663
5383 2.372616579288349 0.3568338171871162 6.390743583586973
5384 3.217439208180595 1.212920269972157 6.908906380275134
5385 3.520451680579678 1.439310456995225 8.560518004518823
5386 -9.693597276649138 5.950549315865896 4.73518218214053
5387 7.69247733591675 -5.348043143044336 3.852003021820846
5388 9.574874745945706 -6.318580253145162 3.100573783995635
5389 7.844320118363498 -6.583676508498243 4.216936305670808
5390 2.480735023551972 -9.218862624876699 23.84310905805966
5391 2.695180588167781 -10.04807531268546 23.84310905805966
5392 3.535622700788038 -9.33219031281066 23.84310905805966
5393 -10.46739633242128 -2.304230925144444 3.712288999850797
5394 -11.3019078155274 -1.341114675099885 4.364580104157982
5395 7.536402904279357 8.36597398782844 17.93724981144676
5396 7.366645796929038 4.819874846852548 6.022083822504197
5397 7.805574256163005 2.922269721964593 5.965940528596133
5398 8.594601467236686 3.356921962875742 4.899814411499385
5399 -1.363287046153983 -6.150334623927597 9.307865816656772
5400 11.18164816662609 2.427301917836225 5.559233793234984
5401 5.631531594259987 -10.06815875533493 14.43853469491208
5402 4.288550960891486 1.967550204798985 7.569080629976296
5403 8.749198339112896 -0.9963798507803043 21.64862085353938
5404 7.558196465332943 -0.3586627467951562 21.29163657952144
5405 6.004842987295206 -1.245194792250957 21.63129713731414
5406 -2.710112986768386 -11.10474838132034 18.11502129518561
5407 2.978276230294965 -0.7359806132952802 8.18400853694169
5408 3.823098859187211 0.1201058394897604 8.702171333629851
5409 -3.261263879907101 -10.73335330485167 4.143779279290696
5410 -4.633353742346064 -10.60320352295546 3.060968798640543
5411 -1.177316912087982 -9.238366588897435 16.34461807737143
5412 -2.301444477020028 -8.612366167761333 14.58400755047373
5413 -1.28946341451608 -9.315894273968667 14.21671116184934
5414 -4.691531274615544 3.534899272017848 22.5635873378658
5415 -7.252077121524319 -8.368213490704672 10.90184900967111
5416 -6.871110223576631 -7.147744341352201 10.71702638048889
5417 7.722086652497961 5.124509451333703 4.752319317696987
5418 -6.797910183117687 8.744076506632126 18.89771197932722
5419 -5.075692548773335 -7.888923099929007 1.475274517202519
5420 -5.380196152851116 -6.433763836000612 2.733523102351619
5421 -4.953236100379151 -7.875577715416757 3.54762607703857
5422 3.388615260493532 10.57634578970834 6.31983379135547
5423 1.323693969405029 -6.5336788367217 3.022348529194001
5424 -6.347209607928127 0.8617401893019 3.308167939234394
5425 -0.3499155110222493 -11.48790033525062 13.62823560519137
5426 5.453885148437259 0.318058416843183 1.398109047837986
5427 -4.212516578856442 -3.149383442850286 1.808479880869355
5428 -4.363060350256864 -4.434424487879147 1.2582485851491
5429 6.059573327808608 -7.051717204651085 1.543643833979523
5430 6.004485112491505 -5.661314479402202 1.269101214969235
5431 4.05354281083234 1.874482089720916 14.04143493567521
5432 -5.825811082218925 3.460415309873635 21.6413914275845
5433 -4.486829277728575 4.192157293452386 21.13486961775556
5434 -0.4749112804212013 -1.457082488638145 7.911922399412216
5435 -0.1320046340393855 -0.04740356509371868 7.15395071537095
5436 0.8066060042313115 -1.142266813207206 8.777630594304542
5437 0.7935752313940635 -1.269527565398059 7.047958646494083
5438 -1.077849613241465 11.05314196877228 20.4408268301456
5439 -0.5644578432575353 11.05463678544389 18.73712770865718
5440 0.9332625949869544 0.9180039078156004 7.531554947442995
5441 -0.4036033903664442 1.412225831388856 7.879564707026358
5442 -3.598938017038481 7.251279647123259 15.16310135479311
5443 -3.317992654041474 5.431039580373525 14.76383200879936
5444 -9.965658138122517 -5.793016907272157 4.212426476374256
5445 -9.539270355141108 -6.351466427362984 3.12942997543254
5446 5.022700349198113 -4.348100431537839 23.90477271423878
5447 -4.22979150420035 2.960823653669825 4.666565696674125
5448 -0.9122041566328856 7.161656040705171 1.31932546418402
5449 -2.267589202928959 8.089165726279274 2.863541079398741
5450 -1.129244787922221 6.568954746744841 2.731916641344371
5451 -6.635922022272895 -9.323421622644837 6.738873942283071
5452 -5.155401978088864 -7.996223270289101 6.864535476902292
5453 9.846862278435063 -1.468266680040451 20.8850377335771
5454 -4.226632292143445 10.51025254049853 6.181005884014233
5455 -6.310449135386093 3.939543678306328 20.51753802823739
5456 10.78780517215172 1.689988092099312 18.2603161715782
5457 9.237598815988971 2.494715012943923 18.39550396188769
5458 10.88279820764066 -3.339741346774441 4.509187732019306
5459 8.939724746389899 -3.626801604017293 4.329662949571932
5460 -1.481794240518409 -11.38088591243896 15.77244201512305
5461 -0.04135546849139238 -10.09366953487766 16.2625098899276
5462 -0.1030779575338402 -11.31863766354063 14.71322370638017
5463 -1.593940742946507 -11.45841359751019 13.64453509960096
5464 -0.1535019709194902 -10.17119721994889 14.13460297440551
5465 -8.001016811708297 -1.66842598407289 5.999177228701587
5466 -9.390368791246823 -2.289096710744762 6.974230341532921
5467 5.674487506886252 1.740153530341098 1.388952356632838
5468 4.944283478584429 1.181962365079477 3.346768719692087
5469 5.243897458433767 -3.154185558791991 14.11481830307069
5470 6.385755865056964 4.439428155241272 5.173257624370846
5471 -3.370823619151971 3.42187335814292 11.68616051183786
5472 2.111933578172706 3.542221505857182 13.48959251265577
5473 1.861040833465017 3.906893743266099 12.08607365845417
5474 1.056467256891537 5.22439324211563 13.21282372993578
5475 -10.8862507408058 -3.399499494312872 4.302045632733573
5476 -6.583769274831168 0.003692376624555654 1.357903456804184
5477 -2.386439386844219 -0.2291829035574694 13.82009997509452
5478 10.85042310470998 -4.461337861437327 1.07761001496871
5479 10.37411033154756 -5.61129030917053 1.061396445542241
5480 9.895656146817547 -5.783438064497674 2.291809770779454
5481 9.0692497608909 -5.408208077070115 1.230413325237213
5482 10.37196891997997 -4.633485616764472 2.308023340205923
5483 8.514378870063808 7.615009481213442 16.38901178218182
5484 -3.080271519316356 -8.524064259626822 8.655205582115368
5485 -1.153330360380297 -8.500460019501022 7.946897351565612
5486 -2.202642286370901 -7.490982980477416 9.095567302391551
5487 4.407944252895855 -10.31273078267824 13.61757416059537
5488 -2.995704167796063 7.574969953195903 22.25360661438653
5489 -2.510280097521097 7.857633092549074 24.05432995289506
5490 -3.959472766355006 1.2694582966099 8.810671533911449
5491 6.413286718136072 -4.160352895888708 23.90477271423878
5492 6.551023702681324 2.77905656438744 5.028923368413391
5493 7.464519104015553 1.385357862310446 4.452976865185567
5494 8.281963986026264 2.459065626829353 3.877942006028262
5495 7.777156585225974 2.283214198356835 5.474849270656691
5496 10.17494516764695 4.746271753727911 13.86514177592444
5497 9.292350067941301 5.920077175736717 13.93018426943661
5498 8.479763569134432 4.974528443633244 14.31246407677036
5499 10.48346840045844 4.858686248734586 15.18613512463547
5500 9.362358668840084 3.800723021624439 14.24742158325818
5501 9.575344457857863 5.596125374050227 18.75156201421237
5502 10.35033735002838 4.647690602364454 19.35763034616284
5503 4.202403601079665 5.378478491182123 3.879606090730274
5504 -8.664900626430555 -6.86942774570686 18.24106691519842
5505 -9.730968506950068 -5.987003999110621 18.872028316033
5506 -6.447851981077638 -5.436203870489315 2.432583987979717
5507 -2.281198044408161 6.289957630917474 17.59115418443247
5508 -4.009927888427784 6.774609719351938 17.5151823340937
5509 -3.459660496701728 7.85888712649637 17.85859913916382
5510 -5.188390340721351 8.343539214930836 17.78262728882505
5511 -3.647886028732645 7.45657870758789 16.45640234734808
5512 10.20753914063289 -4.23189134183492 17.99669794536984
5513 -4.83502319101671 -8.733082064069055 20.80502557117174
5514 -3.711085837057023 -8.392339827256134 19.75915866052357
5515 -11.27753007851667 1.960993275635881 10.00108169766795
5516 -11.47742835333283 0.567520103809103 10.61169430597112
5517 1.525392741728659 -11.262619357023 8.442728156306092
5518 6.455982807905961 0.3162900686397365 20.09673165659708
5519 6.818684543548297 0.1854286584308182 21.38774696793561
5520 4.507670466505158 -10.99905735266565 0.9310096848759246
5521 2.713119337365574 -10.17586124161227 1.394698043729892
5522 -7.753136170542666 -7.983835791355567 6.441346077105175
5523 -6.269584740044754 3.209322344471161 24.29095342492516
5524 9.619851537820818 6.080045041618254 15.36868789953137
5525 8.807265039013947 5.134496309514781 15.75096770686512
5526 -8.553725922989152 2.530178155447601 21.67286060910711
5527 1.00426310940719 -6.693901813302677 8.313363833572943
5528 -0.3139751201633796 -7.159811662951203 8.159195865830835
5529 0.1907261136410837 -8.826758658609805 7.894642675725004
5530 0.4206148584302781 -8.337413958941937 9.396181494498853
5531 1.508964343211653 -8.360848808961279 8.048810643467112
5532 5.06478675247689 1.359367132919038 23.82041846618852
5533 1.320380123099257 -0.4813129035313499 7.742811299325387
5534 0.4838889427859159 -6.055111912071661 18.29960089811449
5535 2.093002451739874 -11.0170285470963 7.204506233720819
5536 6.536595052922524 -3.583810899007688 11.97761296960305
5537 -2.954939777256296 10.69092563097433 11.28981474719657
5538 -9.368998179947191 -6.630562034060129 15.88774488484369
5539 2.661877742097031 -0.7704474122778011 12.22290714297928
5540 -6.866669810371159 8.366462412850307 11.26272472155355
5541 -7.578995899102145 8.378913766067379 10.08283998819949
5542 -3.976445904940591 -3.778491883241122 8.90451659492637
5543 -4.526927748488527 -4.8774610793285 8.511831436062682
5544 -5.700485418547659 -4.035045858429748 9.027775799110861
5545 7.601879961355669 -4.649231659676443 6.618281672132374
5546 -1.102231061002201 11.26327674338861 24.32333324475741
5547 -0.9639374032782803 9.674813520028792 23.66085565129024
5548 0.607620134683847 1.681180162591013 4.557880523757075
5549 4.504532772016032 0.9148260542737547 20.72610449791317
5550 3.289057563592877 0.6990406376154772 22.55067115881159
5551 4.914979607740875 0.2931910652984961 16.75179380439802
5552 5.159554446609262 0.3176732897225724 18.48695156644018
5553 3.710380642902392 0.7819634765663098 17.47621430140713
5554 3.162106859028104 -0.2440873956019444 18.83198821493311
5555 4.366705823866587 -0.732859806869758 18.107567717924
5556 -9.950234171998735 2.309535509641051 21.59987814776956
5557 6.38917703954498 3.228024371804626 14.08020343996026
5558 8.061020464571126 3.718144541776872 14.23339494086132
5559 7.06986662010355 2.242469650775765 15.40606309023848
5560 -4.677537197318655 3.324240373192807 18.30005763059265
5561 -3.196819651746235 4.517148205721693 18.32818138427762
5562 -6.619559831749724 -6.908956479310026 1.475274517202519
5563 -5.745237806091513 -5.503345231846917 1.2582485851491
5564 -7.687215659976245 -5.911396513798731 1.174335402830617
5565 -7.322174006735849 -6.841815117952425 2.649609920033136
5566 -6.381284408382665 9.485280408238122 10.7169440831719
5567 -6.862073282444002 9.071528916725757 11.78580205547515
5568 4.950406259633594 10.22506857647133 2.42171594171496
5569 4.474390982525614 9.400362348073809 1.351305578559773
5570 4.9388212623436 -10.01320282634806 12.54186235874916
5571 6.177507428946932 -9.086158217430224 12.23464307166945
5572 6.032104508617281 -9.725936125596952 11.05405097946133
5573 4.142200908199928 -0.2790683578102208 21.95676303851393
5574 4.774869971674578 6.000130312937181 5.196898020035839
5575 6.058365256792649 6.088096867351863 4.364621076062117
5576 4.768893815853332 -2.87256244781724 1.843801059253438
5577 5.712835935510229 -1.812434108221142 1.398109047837986
5578 1.063741263778065 -5.013213114463463 23.87626491665272
5579 1.079963724663765 5.937703478857767 1.412591177160351
5580 2.383085989893866 5.706366152212875 1.277632291425256
5581 4.200969960920005 7.486739800228715 20.99574122732428
5582 4.22009646679427 -3.601517864975476 13.02398619689501
5583 -6.030891366965378 4.428552070114657 5.081382645077133
5584 9.569283570368325 2.439111438957968 14.76144472262063
5585 11.11924968860351 2.871034584373788 15.26973204296242
5586 9.332903004154513 2.778177067441874 16.33374273671037
5587 8.61526449960637 6.969192001033917 13.91686529012928
5588 8.942765969485887 7.129159866915455 15.35536892022404
5589 4.526990639836416 10.50837540939895 11.14245788277263
5590 -5.550640468326787 -9.943995050014085 6.726124787464158
5591 -5.155571962666595 -1.50454539522847 15.41296906160132
5592 -2.857440914184838 -2.96767321837054 20.56876041034377
5593 -6.588081284813752 -7.743000572923727 21.03097256283207
5594 6.456943226041483 -4.853645612716823 3.890690911552868
5595 5.369290855270418 -4.147699078739096 4.46539075583707
5596 5.685058059544934 -5.59738068254293 5.740700570025906
5597 7.505926834744988 5.051917829667214 15.73694106446825
5598 -4.061453850312355 1.967222775978352 9.881437828826872
5599 -1.971762749016582 11.05384371450013 19.2885447338205
5600 -6.167367136955922 7.836208119438984 10.54793309185205
5601 -0.8148745811475652 -7.129953516688093 20.0811727889567
5602 2.095116967743981 -0.07472762849323651 13.16688828590862
5603 6.965672210591872 7.106819609013446 17.48175851102597
5604 0.2800997136950862 -4.132468952333401 9.066809026658664
5605 6.754599534300447 -0.9784748803289378 14.2193301040764
5606 10.13449455040223 -5.321217707444369 5.545581984917764
5607 -4.412978121923512 -10.25473494755603 12.95360352323953
5608 -4.683932627713869 -10.39040758945877 11.45723037612882
5609 -11.40524507769022 -1.097438267799556 8.716997477187224
5610 -11.51134983310274 -0.6772323528892946 10.59793524675294
5611 4.894502042830818 6.193598094197472 8.95260114244366
5612 10.43429445362616 3.722024876172214 21.58169904629028
5613 10.87865753679061 1.812222758410887 21.64152896269939
5614 2.398193348502024 -5.518321804381915 16.5016304149338
5615 -0.4456902194939027 -2.2378893199945 1.43778859867063
5616 -1.602467666231187 -2.535670360888524 2.717907117835879
5617 -5.36852598571289 3.74742066542686 19.33491870040679
5618 5.397805760449416 -7.2635960235468 23.87659513502808
5619 6.930441469608839 -6.197337039815539 23.96133675575303
5620 9.142995868027846 6.691281762412075 9.318897087723471
5621 -9.638106026833345 5.95844631168394 3.351755669908651
5622 -9.07152533802388 7.028143490656642 4.74177302511219
5623 0.2163902454925692 9.332785232607389 23.66085565129024
5624 1.694717940110018 9.591151839977222 24.0864239523443
5625 -11.23567210350715 1.072554893574031 4.277785321014534
5626 2.44010059999085 -1.252122735958904 23.53634457232541
5627 -9.273521500081323 5.593071934594258 17.20265383096582
5628 -9.882295150595084 4.508540278792626 17.19467521239887
5629 -9.62086537590325 5.585093473823956 15.62171684775275
5630 -10.22963902641701 4.500561818022325 15.6137382291858
5631 -8.48182259973251 3.907092228142871 16.16469578014484
5632 7.646984681685915 -0.3214270353454116 20.45371593061502
5633 -5.202127612891926 -8.711122539905162 2.637617338038495
5634 -5.415128765019825 -4.467302898169761 5.726381866800815
5635 -5.956713154508106 -6.173077859439674 6.524139313907829
5636 -6.561478596896617 6.604943994880058 1.554789594634496
5637 -7.527949566066604 6.839554355132723 1.554789594634496
5638 -8.643413743305175 5.620058706768232 1.280290272552866
5639 -7.836870317928666 5.739932893842813 2.835079867187361
5640 -7.676942774135188 5.385448346515567 1.280290272552866
5641 1.257217252652517 3.025127693402854 20.5362939356134
5642 1.004507127192978 2.616228922881269 18.64325478924488
5643 -1.794798123669866 6.672064958143682 7.108499594031435
5644 -3.150149773379751 7.624876030435372 7.044138001694642
5645 -2.705119871654066 5.701459229376935 7.870304754937782
5646 0.7985672848481103 5.993226730161577 10.5710717194187
5647 -5.731062094306424 5.020414794315972 1.432655983649874
5648 -3.975825610935337 5.972728147763947 16.07053207783431
5649 -5.516329922924043 6.859688655106892 17.39675701931128
5650 -1.679602450081877 5.264362323898102 12.3447613837682
5651 -1.48320601636046 5.730572495053755 11.10373755076012
5652 -2.903700809441033 4.483451412161688 11.01038603695311
5653 0.750366755386996 -7.583550677087548 1.62220588035486
5654 10.25070681989768 5.549780201785294 1.050782365410025
5655 10.34283109825236 4.893026753318267 2.366547665694254
5656 9.835282423863102 5.043105714626401 17.66728520977338
5657 10.61027531603362 4.094670942940629 18.27335354172385
5658 8.800584821315507 4.578110233818935 17.02410782519607
5659 9.575577713486027 3.629675462133163 17.63017615714654
5660 10.70557950419916 4.378132997438581 16.21159231654653
5661 -11.008340490487 0.2676699432860397 18.61211685611469
5662 -11.26208114366408 2.071922261639404 19.34845570470352
5663 -10.1926366992336 5.273585100208397 6.251016066683003
5664 -9.414968261775988 6.494291301593732 5.619509552092883
5665 0.728246159700495 4.374350480109687 19.59872950966432
5666 9.867794485854377 5.148293103889004 22.68046269217833
5667 8.921325799760897 4.706137863715302 23.76166575012452
5668 10.20359477293114 5.637818843629926 24.3187969420538
5669 9.215052487374505 6.648928404407376 23.10304776698939
5670 8.268583801281023 6.206773164233674 24.18425082493559
5671 4.224838184050537 6.710157125362042 6.415724939888767
5672 4.882375318328982 6.199976132458444 7.29537188056273
5673 5.685839419206831 6.499312615225536 6.16419649483195
5674 5.7985104027753 -4.621856970208069 11.88146504274162
5675 4.17477171849637 -4.662238126301103 11.79147915558285
5676 -0.7151523314838879 -2.479387910379523 10.67446541696961
5677 -1.425537644829484 -2.629015621011456 12.38979612241119
5678 -2.602889753305565 -2.586168776584449 10.92545988224923
5679 -4.849054051937165 8.778742421923626 12.65964125189697
5680 8.40764821194338 -8.063225554744941 24.5447811138993
5681 8.073168347904957 -6.241265638615594 23.96133675575303
5682 6.512031441358586 -6.244048337965706 4.165233530563156
5683 6.267128501130163 -9.45743102716817 6.088334063324723
5684 7.412921649767672 -8.832547040074491 5.79317268751381
5685 5.952051511928598 -8.211881171692905 6.268207336678104
5686 7.035699446281479 -9.100558545168969 4.756870543618881
5687 11.24517355005403 2.540240364345002 24.14308967198253
5688 11.01765581895538 1.135223313751196 22.56458533851616
5689 2.065401947109369 0.8750566780467829 24.13025269262306
5690 7.936967958677884 5.799469026702603 17.20666060009197
5691 -4.031342060576504 -10.83252027312651 2.212637184942515
5692 -2.448864504862288 -2.684955131302713 1.280118519165249
5693 -2.919962478192645 -3.828239586352061 1.280118519165249
5694 -2.912232483728264 -3.136926641981554 3.088598400034604
5695 -5.29331053344406 -4.004259567845864 4.054403357083004
5696 -6.390420621896755 -4.147410232143376 4.909947438676893
5697 -4.62769235876867 -5.491195918861399 4.188475680016012
5698 -5.724802447221363 -5.63434658315891 5.0440197616099
5699 1.309632046785706 1.863832341930168 24.13025269262306
5700 6.663874223805335 -7.479681703419613 4.530166814413118
5701 7.191480101359375 -9.403019893306285 24.14796653940378
5702 6.15939669143558 -9.054270799282095 22.62456167443185
5703 8.034306648138893 -8.136651353802893 11.24964974067926
5704 7.876340076291335 -6.247828718649638 11.71338252703359
5705 2.363834664894151 -5.330366571839575 1.400142648839141
5706 6.162408603707732 -9.76863079900475 13.36282289306588
5707 -4.909101801468948 -5.938935015388105 7.84302146634886
5708 -6.116304365632621 -6.157773625642484 8.506706590522867
5709 -0.1246107382111301 -5.257534173948119 22.02101231208053
5710 -0.004284658127191698 -6.184498127658445 23.95755909508853
5711 -1.146919953548489 -6.708597499468258 22.38260800338143
5712 -5.103473222186845 3.178740314346395 14.06469475941878
5713 -5.388195759742294 10.06921601742595 6.162594362552158
5714 -3.988998612236627 4.171531709159859 14.40770326209565
5715 -3.386533242921609 3.67201149780807 13.01134433812671
5716 -5.549052946093367 -9.734426507741677 21.68812788581968
5717 -6.266124007749495 -8.424564253463108 20.93960516524644
5718 -7.30211103989041 -8.74434501659635 21.91407487748001
5719 9.142070071186421 7.566568292234787 24.31849517778585
5720 9.548293084152332 6.612648899218899 24.31849517778585
5721 8.559750798595692 7.623758459996349 23.10274600272144
5722 7.862360788315112 7.160692557249562 24.18425082493559
5723 6.298910321373992 -0.4007058626471249 15.26340065915719
5724 -4.477148587368246 -4.206154873832538 4.738706975736266
5725 5.197590687047307 -6.06663310347161 16.70303746866887
5726 -2.179407317053373 -1.363346595652136 12.11555921480444
5727 -1.184056560822865 0.4838123631686899 8.295205356184098
5728 -1.539993980041929 -1.053127312566589 7.323505092414905
5729 1.362264428355861 -1.560364981535029 24.21083370193701
5730 2.11800512869686 -2.549455246859575 24.21083370193701
5731 -3.342160876635359 -1.011738313680799 6.091567911272532
5732 -7.233282282604959 4.55591799112303 19.32290330067454
5733 -6.291359132931756 4.363794978243562 18.14028397284393
5734 -7.951023465661359 5.294579476536853 17.59613420802664
5735 -6.107903874682533 5.743303765867243 17.99078541751266
5736 -7.049827024355736 5.93542677874671 19.17340474534327
5737 -3.310440004774453 -2.0283851343254 4.48704280525657
5738 8.375048944739767 2.546563463478362 19.77255943477121
5739 3.371404464501097 -11.44501678953046 1.048518137906811
5740 2.823869850387679 -10.94414035091725 2.443216181636704
5741 8.946743324491994 -4.90865041205138 3.970101299261249
5742 4.586288118383463 0.2102185105506318 23.82041846618852
5743 2.821235619715055 -0.1139472593910144 24.13025269262306
5744 -3.458831559196004 5.350084239791473 17.36194628747334
5745 6.185127439618071 -9.754266018404349 15.49679364999041
5746 -10.93657870094913 1.135282372969683 3.653383568107938
5747 -11.38370525376047 -0.1020155200576323 4.365318815872442
5748 -0.5000360484871068 -8.939824268551998 6.800069825849244
5749 2.706870895856285 2.853729867771595 1.248642961364042
5750 3.145687705518495 4.758191360010556 1.277632291425256
5751 6.011107589178799 -0.7826649609634506 13.97751839250646
5752 -4.965233593692263 5.435163175546426 17.24352097269092
5753 -10.3297392897927 4.455378695918276 10.85760139521173
5754 -1.672618027890883 -11.1549584273088 21.84622566296042
5755 10.92264688506176 -3.115106528192597 5.626275551017065
5756 5.699586671360223 -3.731954576473805 13.07074774798991
5757 -2.077915051125482 -7.664047758578489 13.53941785037284
5758 -3.216786244649191 -7.836112950081416 12.69454695761605
5759 -1.065933988621534 -8.36757586478582 13.17212146174845
5760 -6.191409724619301 4.033058243494943 3.810742023118928
5761 -7.021826227209495 5.617587444059028 3.93287563410355
5762 -2.424374632703707 8.077808343230835 19.30524904308925
5763 10.36760060670211 3.243172548249341 16.97692012128768
5764 -3.234682761168038 -3.117394177197671 9.734332773277471
5765 -2.910247527329364 -1.458508567195103 9.494228699506072
5766 -4.416957010670171 -2.327778450123883 8.543834670560745
5767 5.364011742830192 -3.232295935127861 9.78797107597445
5768 -2.130982919272441 7.410461521076588 6.267488566901491
5769 -2.767565133524805 5.897720050810303 6.502622320941269
5770 5.593852551433107 -2.45467531667707 6.935291867970855
5771 -3.555649044587144 10.49264326253251 12.35655237729677
5772 -4.652494363248721 10.2308264582218 13.29244502536413
5773 -3.182396188790538 -4.867721624803283 23.81449866733812
5774 -2.637210518121975 -6.172998125592768 23.8250489082929
5775 -6.362087721955977 4.574843826147548 22.04104034392074
5776 -5.227807914352596 4.649327788291761 22.96323625420204
5777 8.267945366099367 2.356532959110402 14.74741808022376
5778 5.774137280358284 -9.799721111618627 7.150150689128235
5779 6.020915400511631 -9.732961487361351 8.934323976150663
5780 -10.09698069907404 -5.458315521221449 24.34850001628761
5781 -8.139178119844381 -6.0096444301148 24.16662612692516
5782 0.6383908259965884 1.469484465765869 22.8611519560905
5783 0.4908344097882074 4.468585519106012 10.90860430927071
5784 -3.58149589539151 -7.232336900764857 9.831430139256756
5785 -2.783999059131918 0.239923184914611 8.918769481167633
5786 1.586957255383799 -0.2740137405332058 24.13025269262306
5787 -8.859870961556805 7.097661056619998 21.94800957643874
5788 -9.742893853140364 5.505461907743667 21.69126358960022
5789 -9.701357564658313 6.189954921350575 20.54586985379972
5790 -8.884791892063483 4.639368747883324 21.1474562507497
5791 -8.220795510279093 -7.403732489137452 17.26619949331536
5792 -8.607126513429119 -7.635363554652423 15.9667296855935
5793 -9.096614120880055 1.003538121492999 16.50927724697747
5794 -9.374675330337729 0.2490777213398101 14.94416146590014
5795 -1.138876404416492 11.21523891513659 9.9447088423276
5796 -9.664687591935015 3.275676786366924 8.235197635057071
5797 11.08459425386384 -1.376302628043676 18.13407476560769
5798 11.37576845111819 -2.358609130861745 17.32442896440125
5799 -6.034590777103311 -3.192369792552717 17.69554449378881
5800 -3.594542531232229 8.91704567616557 16.29018723738729
5801 8.686702153089009 -7.377000996922011 3.046887798425286
5802 7.410349681602726 -6.47636102731863 2.774057159216736
5803 7.506256258530846 -8.273006191843381 3.360118307167595
5804 7.940226695291618 -8.380321673022994 4.802997453621668
5805 -4.827377162388188 10.31472993492812 7.239610825347997
5806 -5.40922483862531 8.667144573329317 7.5624417730138
5807 -2.321448635737256 10.82891967141516 7.494106641545752
5808 -1.736317306953101 11.14256200009368 8.860460765631228
5809 9.169629837592446 -0.0888291289050579 23.82149566653364
5810 7.61627635955471 -0.9753611743608591 24.16115622432633
5811 -3.43000061712544 -3.721517957069909 4.115249770612179
5812 -10.53923560041853 -4.665974777149676 4.181713820511463
5813 -11.20216556449321 -2.300717711983205 6.553965804194581
5814 -10.10818589029107 -0.9525051376133937 5.982924706644743
5815 -11.34510133563059 -0.8393039692816759 16.00089501445543
5816 -11.0387658529206 -0.252626849156919 17.53745949438497
5817 -9.632533609131166 0.5152197562025375 17.98904087650396
5818 -11.29185396357544 0.9883158103066063 16.93780816922134
5819 -9.938869091841161 -0.07145736392221957 16.45247639657443
5820 -7.528014055746096 7.916749169685469 7.720992520009883
5821 -8.041603700368958 7.982393821833941 8.998336613614326
5822 9.813870298355321 1.046428470638915 1.65099775140022
5823 10.89056394920767 1.382822881801415 2.475583122218996
5824 11.50897486020249 1.363884427687971 0.8245853708187759
5825 9.936827926448588 2.45482336152382 1.315765300284229
5826 11.01352157730093 2.79121777268632 2.140350671103004
5827 9.318417015453761 2.473761815637264 2.966763051684448
5828 4.348999900246825 -0.9133922829798741 18.69242924326031
5829 4.37978876047096 -3.523553924771494 6.545255791418188
5830 -2.021787752300077 8.28486258791381 1.544215615214722
5831 -2.134321734202865 7.028064270542854 1.31932546418402
5832 -8.213844312936359 7.574774719919914 2.62054546261194
5833 -9.02038773831287 7.454900532845333 1.065755867977444
5834 -9.329308490174931 6.355279071555422 2.346046140530309
5835 -1.21889971968114 -2.528992388349159 1.280118519165249
5836 -6.808353184671089 4.986438886216037 16.8488697632049
5837 -7.345274785253165 3.263625552088359 16.74688061411726
5838 -5.502155194274339 3.712349841418748 17.14153182360328
5839 -1.666242448239375 -2.751559064676304 7.898964310753344
5840 -1.310305029020312 -1.214619388941025 8.870664574522538
5841 -2.375387728641039 -0.810664212869469 8.282247267525227
5842 -0.2442891928798003 6.278730657358217 11.34217343787624
5843 -0.4406856266012173 5.812520486202565 12.58319727088432
5844 -4.472962485491379 -6.956281911548432 11.69873083217907
5845 -3.474101122222549 -5.837744426007695 12.37511176132432
5846 -3.925641758913412 -6.905548417430066 13.48107194858336
5847 9.458054738687368 -0.2225750213539961 8.900284288289892
5848 -4.827961171708756 -5.546967361022981 1.2582485851491
5849 -5.702283197366967 -6.95257860848609 1.475274517202519
5850 -4.733219597709077 -6.809997812230792 8.949931125560198
5851 -4.639464452757116 -7.549446503450084 10.31667479680878
5852 -6.315117048361147 -6.537432299928748 9.725383304970279
5853 6.20460370844307 7.402844881953705 24.18425082493559
5854 -11.56991517303311 0.2338554101534173 15.37269238814401
5855 -10.21693030129883 -0.8259177640754085 14.8873606154971
5856 11.00931157563533 1.736283839879305 11.77291497276847
5857 11.00512361127806 1.479304800055475 13.32723725663602
5858 11.42992811770558 0.4975185956957245 11.99267010872386
5859 10.88166845994434 3.286825518002629 20.36600198732768
5860 -9.218069114424372 -0.4010508504833461 10.51070300141028
5861 3.910803837910776 3.728151813397804 1.629021440437239
5862 7.692675524755986 5.105142897510635 23.76166575012452
5863 8.242832378824875 4.071489298061348 23.76166575012452
5864 6.934117863234235 3.750859215512873 23.97543519429252
5865 2.77539402193551 -3.709026340880452 23.87626491665272
5866 0.5304202523388937 -11.36420527790627 15.78101521081376
5867 -0.848296030645675 -11.4264535268046 16.84023351955663
5868 -2.458864810997665 -2.053897867575102 7.107416167319048
5869 -8.522641849594773 7.177941960048432 3.626254991990281
5870 -7.606746258856034 -5.1827624324182 23.69071340432661
5871 11.08384261954254 0.4825426806424097 13.90450998390875
5872 11.50864712597006 -0.4992435237173406 12.56994283599658
5873 11.47852075009262 -0.6563766636514923 14.13236153482311
5874 10.28716787606268 -1.15562018736883 12.84775891627422
5875 2.773283338366986 -4.323184971572119 17.67786059263107
5876 -1.764634015873454 11.13768019540589 11.0095444627182
5877 -11.64398848768708 2.403873373601447 0.9484817630806048
5878 -11.89720269712991 1.112223299499628 1.047016116369623
5879 -10.66105722149604 2.792848322964528 2.556412890512843
5880 -4.122900120430677 10.62825386983947 15.66535658116823
5881 6.850910540085818 -8.478728273177685 21.76656630234843
5882 7.620589702254856 -7.592152879006678 20.50990499379354
5883 6.832386561172513 -8.865791897992429 20.25926813858289
5884 5.657523835581913 -7.296612090675165 19.58923079773572
5885 4.887844673412875 -8.183187484846172 20.84589210629062
5886 9.710956845034938 -5.323698157160775 18.01931186510743
5887 -3.294121956231443 3.378725083692452 10.26832980571097
5888 8.52907150272515 1.471193688847737 1.65099775140022
5889 7.068097594584908 1.830899827672179 1.388952356632838
5890 -5.110410623352278 3.333901792712087 24.29095342492516
5891 -9.979693503216101 -4.626879212865818 21.85174134521188
5892 4.272546779933128 1.672045962654396 16.49367439213388
5893 6.075407751462849 1.661784708891054 16.25902838910212
5894 11.08803058389981 0.7395217204662402 11.19564224549574
5895 11.50864712597006 -0.4992435237173406 11.41539738145113
5896 -9.834750702150643 5.570072384109915 13.02519667296827
5897 -9.030111914175933 6.843967709692992 13.358549079489
5898 -8.145776836720682 5.632570341750448 12.95350165023404
5899 -9.369459362614911 6.307580386309757 14.42784108338801
5900 6.413187601995089 -6.016527814244444 6.74258001592383
5901 4.000068124107774 4.492405490996388 21.3563404678584
5902 3.594858023947838 3.108678620778564 20.8790599225397
5903 2.298229329390254 5.53337770066755 21.19215495729699
5904 1.893019229230319 4.149650830449726 20.71487441197829
5905 3.065886930995816 4.457901407485398 19.94149549659063
5906 11.41626075362812 1.346029243315383 7.126432808807911
5907 3.869065737286776 -8.407218082319694 23.87659513502808
5908 -5.230799457028759 9.973605226854289 14.35884797262514
5909 -5.279747468722923 10.17890428731892 15.65214896518011
5910 -9.943799851799655 5.072098098020897 14.541647451527
5911 -9.046524886718506 6.820575762112817 15.50791047961375
5912 4.40676654844346 -2.197198256251222 12.02773369812711
5913 3.43336616407764 -3.493755343602394 11.84086553134938
5914 2.404571259762822 -2.028019187396684 12.10481343371035
5915 2.359246511464921 -3.088739448722312 10.87230639239819
5916 3.332646895830741 -1.792182361371141 11.05917455917593
5917 11.10487519883291 -1.239110409105294 20.44732919586473
5918 11.3249841319589 -1.949093822237978 22.37407217407601
5919 7.457574201000925 9.052899124212372 24.31864076388702
5920 6.573182736589841 9.666933307664738 24.31864076388702
5921 6.355596737836722 9.13954670670612 22.82845356758164
5922 4.854784451459983 9.003388442366093 23.90981280369461
5923 5.739175915871067 8.389354258913727 23.90981280369461
5924 2.180615898559421 2.249934693298206 13.70168447276694
5925 0.8208273504083292 1.021791827320643 14.03237154248879
5926 2.719014259708309 1.178627923774881 14.17504324777956
5927 4.197184300671051 -1.536308640259975 7.382560676125595
5928 -7.242821761925681 -2.758592760538424 4.463730042823461
5929 -2.524129673798345 4.684196531575964 1.663202021161414
5930 -2.273368367275411 5.602272367803824 2.982527485345434
5931 -11.23423958134352 2.109568099501877 22.02809321443699
5932 -11.17093221417526 2.682814323306567 20.48958496551268
5933 6.387116152871523 -8.840001119624073 7.989456652223924
5934 6.895553713937284 -8.485828923698518 9.043783890633556
5935 5.348125656957077 -0.04556348724245785 21.29055937917633
5936 4.73421792915978 -9.824223056917338 21.45835521536214
5937 -0.9234416155911027 -8.011115319833156 9.448436170339461
5938 -5.882135234073028 9.836061593711829 11.8002200333329
5939 -3.384932262476179 -1.466936411084881 7.84185822981715
5940 3.954168634767437 5.23055845345173 7.801384446423354
5941 -10.12038119203401 -3.570706207981249 3.591957187628688
5942 -0.6298051569550455 -7.64044376687879 21.4523713197052
5943 0.4975803445909694 4.259567786456187 12.32099930529983
5944 -8.481200423716302 7.52368877166249 10.06800450229812
5945 -11.08603343414327 3.381662801003817 0.9484817630806048
5946 -9.604642657392915 2.452823790260417 1.607931127432238
5947 -3.791062617028191 9.244429419901252 18.17049720600486
5948 -2.129309537447289 1.595637633657339 13.66651213782938
5949 -5.725210150449623 3.259867212342581 4.653561088038289
5950 4.382221790852572 10.84113019214542 24.32402135566397
5951 3.367528657978207 11.09142991696583 24.32402135566397
5952 4.164635792099452 10.3137435911868 22.83383415935858
5953 3.840091318585618 9.253688167186503 23.90981280369461
5954 -2.919410433210671 4.733589551826839 12.33556986324196
5955 7.63444729848097 -0.9363083244749031 19.64928829067071
5956 11.25747782613258 2.453660414244905 0.8245853708187759
5957 9.685330892378673 3.544599348080753 1.315765300284229
5958 -2.713677825830396 -10.94477202186119 5.068138203360954
5959 -8.913198730151803 -7.089365095006833 22.42888678966943
5960 2.733164506707896 3.620809466776771 19.84757638424279
5961 1.568391437178072 3.845509116436733 18.73143148192882
5962 3.515144449683453 2.945788859244241 13.56807616066259
5963 -6.013983323653608 7.584690744107426 8.076016170986243
5964 -6.527572968276472 7.650335396255899 9.353360264590684
5965 7.063505845945308 8.803354696220449 18.99940957943943
5966 3.498575995817679 6.032679771614248 21.08942838791204
5967 5.521779962097671 2.635439908579192 23.97543519429252
5968 1.707545197027611 0.5887788990211934 14.87560976284936
5969 2.981834814363263 -0.5077405567926866 14.01012650626919
5970 8.448288854734061 0.4943151262068725 19.40573812129219
5971 11.08712583950651 0.1985039442258618 21.51240475744273
5972 11.16337667265454 -0.3791416334538851 19.87005646859201
5973 11.02208908504777 -3.333794887167951 1.07761001496871
5974 9.240915741228692 -4.280665102800739 1.230413325237213
5975 -1.71891635951119 -0.1640319911569446 9.507186788164944
5976 8.8593705477168 1.735409277977662 9.161911246736551
5977 2.779253193496689 2.971001545534796 14.90691819225538
5978 7.064914514440732 -2.947937281661554 4.443706135127838
5979 -6.653054259988211 -9.311198813168129 4.727954180419515
5980 -6.823784462566358 -9.082845506046224 3.375829974797992
5981 -5.771393896948958 -9.954592962487665 3.062898278431449
5982 -5.031397410313781 -8.939475847027067 3.989741543660018
5983 3.342147898488299 2.69977985025698 18.98602077617118
5984 -11.22223709201054 -1.626280390593797 22.92391407122069
5985 -11.32596068416269 0.2433736260803195 23.12666934237559
5986 -10.95422423950384 -1.401380145953886 17.55349515645526
5987 -11.26055972221383 -1.988057266078643 16.01693067652573
5988 0.2337416600934296 4.532726908497576 18.40245628313447
5989 -0.3512159634100294 2.985135236416602 17.87545830629987
5990 -3.496775480360301 -11.06987295662124 1.05029436410654
5991 11.02862436568488 -0.6614648314255476 22.08967748471546
5992 9.770611445287035 -0.8906211023607038 22.52738602242782
5993 -2.535654037507832 -3.291832592915529 4.985332814130039
5994 -2.017885904110656 -2.707241277827174 3.958681443552464
5995 6.529352961577392 -9.378789291435798 9.988651214560296
5996 2.515844546109666 10.0050274264426 24.0864239523443
5997 2.840389019623501 11.0650828504429 23.01044530800827
5998 8.759672008132966 -5.449833107155939 23.96133675575303
5999 8.931337988470759 -4.322290132886563 23.96133675575303
6000 9.807337578590982 -3.707155207458052 24.10589035589418
6001 9.979003558928774 -2.579612233188676 24.10589035589418
6002 11.04121470250468 3.446828695385506 1.07761001496871
6003 10.79725845367304 3.784386053826922 2.393375315252938
6004 5.272977631509874 -7.628311490526927 16.8923229267487
6005 6.746599071484757 -9.044091936831823 16.73681148062845
6006 4.923953414522844 -8.520545770253655 23.87659513502808
6007 -2.296473365354457 -10.86620193665163 8.504745596698724
6008 -2.913720701468662 -11.0482055243668 7.271227061412714
6009 5.529468518370082 10.36563350967658 24.31905376066883
6010 5.311882519616963 9.838246908717963 22.82886656436344
6011 -2.297239458165564 -8.474839892224191 16.48017164858492
6012 1.473246907735693 11.27048211283932 7.599000052590019
6013 2.810863092022091 11.05359111277049 8.768922943257056
6014 -1.467318765010678 1.785989403288451 17.24353266490716
6015 -1.223495215318991 1.771062675103492 15.48990490184382
6016 -4.64683156913049 4.713220276550281 15.71440333113059
6017 -5.183753169712566 2.990406942422603 15.61241418204295
6018 7.872803209312261 8.039198003001175 3.555382992625032
6019 7.500277371726442 8.450413750874848 5.354958411394865
6020 7.813487990088224 7.716013503599214 6.994632835631284
6021 8.663040249595527 6.832507445554642 6.947970428090804
6022 -6.623245761745231 -9.364676393188841 20.01179518646176
6023 -9.638122358150081 -5.325823960720463 21.13528501045691
6024 -10.15654065301518 -5.33359431127778 19.79965027693333
6025 11.42828098442144 -1.506314167197732 9.733967936830563
6026 11.41461362034409 -0.6578035195786662 8.331367000550987
6027 10.30362688786277 -0.1499763998156127 9.882739281168114
6028 10.15512332565267 4.548639759536007 21.62457435728462
6029 10.60249733197084 4.113440401366422 20.40887729832203
6030 -0.1115956744076707 1.417083089753118 18.01132914785217
6031 9.281896624697694 6.093520759805338 17.66190295103596
6032 10.15219370503376 5.428548042617516 16.20621005780911
6033 9.015947324516059 -6.304948689381086 18.0545978795621
6034 -10.75786664853279 3.429086142169072 17.01655360639008
6035 -9.010050221848292 2.835616552289618 17.56751115734912
6036 -9.394170965033311 -5.72152399168125 21.95297406707088
6037 -9.705721377070098 -5.203499184112301 22.63921342061422
6038 -7.04444627014327 8.329487423615745 6.654616632093768
6039 -8.268650945305412 7.947388884911684 6.711729742930912
6040 10.78640745323924 3.613496029763657 19.39187824765478
6041 10.95436864827123 2.979177939185595 18.3830876520491
6042 7.677018269345481 8.510487148507945 23.10289158882261
6043 7.060597447379827 7.76029470071555 24.18425082493559
6044 -3.389561700110181 11.30352931949241 1.072944656647728
6045 -2.184794692132007 11.53749321982956 1.07547022239819
6046 -2.65982656417087 9.889122626500194 1.544215615214722
6047 -2.884790356965482 10.76037073664244 2.61716027186245
6048 -7.713823993372102 -1.393752525735319 10.57897641320626
6049 8.38354624924524 -7.412469289446425 21.85130792307339
6050 5.976017105296188 -2.82548589816841 2.667210262807221
6051 7.348242888183529 -3.804109494035659 2.859076190517131
6052 5.836398982667561 -3.735388559368129 4.122832374549176
6053 8.152761880742078 -7.82853979732822 17.78519150348689
6054 8.193484576252485 7.448267290935673 12.83351255844947
6055 1.299312237896532 -0.9114763733279921 22.94108639456007
6056 -11.12363952244112 0.1881929752987969 6.623766306828178
6057 -11.37252276785603 -0.7332436614836551 5.229708096609423
6058 -8.521590968218014 -2.910294297009429 4.978747280974477
6059 3.393016772998018 10.89297201917223 9.845031090947122
6060 3.402054579229132 11.00221791762574 11.12495732999744
6061 -6.520656788297481 2.875516083862418 17.90540642110663
6062 -5.731452849640064 2.224070947037604 16.90665427186597
6063 -7.907482110547767 5.142574516431732 16.05088941200584
6064 -10.87660212576388 3.528534126343241 7.299602304961732
6065 -11.16677972523536 2.585791712057111 8.931171655325754
6066 5.419237235804329 -7.877045166792031 7.402674675584707
6067 4.691107693354175 -7.457898035090517 6.400795229686782
6068 9.937940013897803 2.110566721194552 8.824029066704421
6069 -5.814446716800693 7.119623108700156 24.10317098011362
6070 -4.306941609234879 7.607474817596216 23.59927666149147
6071 -4.266068631157772 6.222852701496274 24.07228282927688
6072 -5.611904311735494 6.242503624825197 22.77545380939051
6073 -7.669189828189088 -4.299111768614383 5.424964676827909
6074 -3.151403752288284 2.820159289233619 8.733806826775997
6075 -2.351120344400942 1.585532018608697 8.777554344102212
6076 6.717384839467931 0.4658929813212732 4.114223887583662
6077 6.00354519587531 1.745064001134888 4.190931470418186
6078 6.173614852298687 -3.997473400342718 5.475320856163575
6079 -5.872102354917614 6.844105887667884 5.007714984515119
6080 6.87154968985954 -3.351436039311841 1.269101214969235
6081 -5.730471280445977 5.770393168262933 4.258086200242575
6082 -4.332284006244389 5.804868983115302 5.040703962366793
6083 -6.279354768875084 5.620594698871143 5.373604233364484
6084 5.667981623668647 -5.293596839188421 23.90477271423878
6085 -0.7312640718485696 1.875876156912211 13.74086797962641
6086 10.71169393893972 2.127679544494306 17.08665423161293
6087 4.271551467249906 -4.009871537773894 1.843801059253438
6088 -5.834930005581174 9.861967827377441 16.70742552349407
6089 3.14719554313777 -7.434757576275425 18.38237755426747
6090 1.758186630594671 -6.626421880601378 18.51794234880275
6091 1.07188360247347 -7.769950467385033 17.42322880292456
6092 5.262108535630196 -10.32607254298571 23.93946064960039
6093 4.421666423009938 -11.04195754286051 23.93946064960039
6094 3.856193059698727 -10.41329517532048 22.38256970766006
6095 -11.26142860114184 1.508612602749565 18.01246553095105
6096 -9.886274262308238 2.319472074555902 18.72537972509279
6097 9.577865306017809 -5.840378970003044 22.82712756879359
6098 10.36589724350575 -5.626606184590075 24.26579081304056
6099 10.62553087647582 -4.097701070305158 22.97168116893474
6100 -0.5115515907472511 -3.253076410689865 8.524596132887527
6101 -0.1556141715281873 -1.716136734954587 9.496296396656721
6102 -1.346945339346361 -3.010613310992746 9.483338307997849
6103 3.015175907941991 2.824743107090277 16.31983521267068
6104 -10.67487957590658 3.638066753229943 3.238209218370657
6105 4.88318217693431 8.03190444015188 23.90981280369461
6106 4.180788211831985 6.577844411537413 24.00349996428238
6107 -9.630204974028549 -6.160188588770323 14.89943704730107
6108 -8.199999947027647 -7.554419807042834 7.519310962237999
6109 -8.398812629756174 -7.934078481329099 8.73798767668541
6110 -0.7761717846410873 0.3762220061372987 17.45292316940197
6111 1.251993961029846 0.9417694190839047 17.30795456674013
6112 -7.90647818661551 8.25033552536495 18.20032616788956
6113 -4.900054777855782 4.185863967698847 4.135952589257952
6114 11.49667058412395 1.450464377788069 24.14308967198253
6115 9.953266444181581 0.7122489524885989 23.82149566653364
6116 10.63535643475134 -4.243116835160059 5.543883984334338
6117 -11.40678910777872 -1.075162325263546 6.572900052860682
6118 8.033942340318177 -7.155882786201639 19.09047794245054
6119 -7.638655787336699 -1.752219400935322 23.88556870961735
6120 -8.495048784683085 -0.8903688712499811 24.06643792719203
6121 -9.129902688727757 -1.999532764758795 24.06643792719203
6122 -4.263134203916987 5.346746177243824 6.342932483475289
6123 -2.878417627184462 3.795205306725548 16.79906374271729
6124 0.7699656939052617 -2.938260735258926 9.390304327779853
6125 7.964946591508389 7.925281387592706 6.370713985303797
6126 7.115394332001086 8.808787445637279 6.417376392844277
6127 2.204193413755874 4.970032253483605 18.91001195829371
6128 4.003830560640781 -6.527061881531473 17.66944912110982
6129 2.614821648097681 -5.718726185857427 17.8050139156451
6130 -7.919879003112694 -2.471411676628147 8.785052867895834
6131 -8.794478334766737 -1.572226073690821 9.636778340663488
6132 -9.824966205968646 -2.045393109690498 8.333129771714923
6133 5.763864294592935 -9.316723955519553 21.44519703163215
6134 5.745340315679631 -9.703787580334296 19.93789886786661
6135 10.58525535407822 3.746533060355202 11.73940426970159
6136 10.85129788806902 3.663678394339145 9.860150046688169
6137 5.412318394057932 9.870419900878794 11.94630016994897
6138 3.96386410028104 10.78809445370443 12.19879482772602
6139 9.908156313566506 -4.883181519364486 7.836401351375802
6140 10.35470143645869 -4.9102875823865 6.579397349851096
6141 -8.291280449661283 -8.325708979184661 0.9762689119422538
6142 -9.19363806034163 -7.397702695720229 1.053543241795058
6143 -9.174987029075909 -6.86184606404637 2.227878644625674
6144 -8.408480866228089 -6.380111784114987 1.174335402830617
6145 -8.272629418395562 -7.789852347510803 2.15060431477287
6146 8.553811885382503 7.662274413317937 4.662450349374662
6147 7.022170206647827 7.184393911317967 5.743258188158091
6148 -4.129837517391157 4.090576368577807 17.00581754076963
6149 5.064513816171011 -4.479123629194236 5.972842033022215
6150 8.02309457948456 -8.1471768337868 9.13497284049927
6151 7.56201117896104 -8.539442148848515 10.19590836860248
6152 5.856546186624398 -3.578508981794966 1.269101214969235
6153 -0.1037291295731614 1.310675732619238 16.54015808379511
6154 -8.62015035472589 -4.641803326789216 23.69071340432661
6155 10.79819870974981 2.840916382721945 12.81321411727358
6156 6.901391064093866 -4.342981652845758 8.293615639726845
6157 -5.131465465358297 6.813466172441669 6.01697776159409
6158 3.449435478739827 -7.777050911054301 6.76468084751511
6159 -2.300956453187755 8.24915654660316 21.16290350786021
6160 -2.213960117475665 -9.499170376433025 22.5898199644264
6161 6.919930428995793 -9.174837124524947 6.854989313317322
6162 -6.340451016042733 3.317622211120988 21.65840453416697
6163 10.84275131711095 1.682555160820394 3.420706388773434
6164 11.15538879832137 2.580411496866783 4.442578794244557
6165 10.84746205332873 0.8216083091263153 17.7858989070894
6166 11.16337667265454 -0.3791416334538851 18.71551101404656
6167 -11.0877590534451 -1.848407576096769 9.724010586006145
6168 -3.06808474412646 -7.409262238024915 14.5355086235399
6169 -2.616544107435597 -6.341458246602544 13.42954843628087
6170 -3.045822571002997 5.700278749305687 4.000609377920128
6171 6.176981453632243 -9.77869270950432 24.14796653940378
6172 -7.574570974368275 -8.506502421049573 6.752797466021123
6173 7.001648430755246 -8.975998496390174 11.04239258663707
6174 -10.97742365930139 2.035467925882415 7.711712748030704
6175 -9.653803570725515 1.191645176616294 24.26919319834693
6176 2.782806959779134 10.74477066340886 7.377424310083853
6177 1.157504192959096 -6.409869296909855 19.99106257936833
6178 0.4712011648378956 -7.553397883693509 18.89634903349015
6179 6.816988887803399 0.7879071988881354 18.80785627832481
6180 -1.701202339806434 -7.117711464282461 15.31900902913856
6181 4.361340603742057 2.111687449402311 19.65852653530066
6182 7.685458757814655 -4.066194335010248 4.211564672131529
6183 -7.425553716507934 5.740005574434905 24.10317098011362
6184 -8.308576608091494 4.147806425558574 23.8464249932751
6185 -7.041457319125035 4.14682973790147 24.29095342492516
6186 -6.776185999995516 5.546098195495643 22.99412440503878
6187 5.782942837426315 0.3229688876369732 4.200088161623334
6188 6.093670198410807 -4.809480446860727 6.918513360761737
6189 9.018481105164451 7.137142050035797 5.678205923283596
6190 -3.922482113434921 7.433195116341627 15.90431696787352
6191 9.119605718456391 -3.36055968278532 13.96114432787293
6192 -0.9873237764119109 11.33592218555117 7.553057282147447
6193 0.04620071301828199 -1.534824228134671 11.18810749928318
6194 -0.2906758126306217 4.860325380512997 18.94936878612725
6195 -1.370137935741146 3.471110136819912 17.22609758276279
6196 10.81363432708321 -4.578522219772896 24.33995071607205
6197 11.07326796005328 -3.049617105487978 23.04584107196623
6198 -7.211645576691716 3.298696376096471 18.94026749092077
6199 5.473125955036884 -3.691223393512033 7.150654823758046
6200 9.631054496664182 3.371618151683653 3.988635457155572
6201 -6.780916725240777 6.694866739790945 24.10317098011362
6202 -5.232538639597857 5.798096332587063 24.07228282927688
6203 -2.201424425216516 -9.779470205976175 5.629703594237236
6204 -8.610982497321665 -1.047668980625642 11.4278950933281
6205 -6.066735802622597 -9.716750487292394 19.00369721326711
6206 3.497928913547756 2.284620587933142 17.55632639504655
6207 11.39973833130193 -1.653537658241283 15.86001619547515
6208 -9.550079978573368 -0.6780088400578226 24.06643792719203
6209 9.530990835904912 2.500821317759067 10.00687486702861
6210 -8.488867163746008 4.619466225201702 18.87384763915356
6211 -5.176024163173634 -6.613117132251158 4.186144226579041
6212 -10.90262471611253 -1.346337216728711 13.66683173894015
6213 -0.09993268579508308 -2.59496634745412 11.93046045286847
6214 -8.695079583785567 7.503829613419899 5.638186035410061
6215 8.366102913461255 7.663896630246163 11.41529913887938
6216 8.776704607556706 7.198843684282445 10.36622644084727
6217 11.11075419775756 2.800832017864788 6.784027850679317
6218 10.99334727487199 3.131591816735044 8.695117588068126
6219 -7.171679259872017 8.412663733053472 17.76114102723894
6220 -10.91047844054521 4.447993218550943 24.31824795911202
6221 -10.53885542719234 3.823643375330737 22.76467295238712
6222 4.958181116941494 -2.563471793775095 13.12013412375643
6223 -9.791116322767365 -0.7500033082488339 13.59076718752437
6224 -4.718412303892572 10.42954186785881 16.72338335383535
6225 2.691187937648635 1.370055877420979 16.80370854227765
6226 2.455265223203331 1.516314315865497 15.39079152186235
6227 -8.185881377760373 8.194045052300481 1.065755867977444
6228 -6.693443205514107 7.578698874587873 1.554789594634496
6229 10.36495034187788 -3.351636808730384 2.667584990516606
6230 9.233897163126597 -2.998816294766651 1.589974975547896
6231 8.583776998058795 -4.298507024363172 2.820388300785109
6232 -3.486606354098589 10.3210793408576 16.2897232891432
6233 -5.733140853401376 7.681006002193187 6.845566411698311
6234 10.985300307421 -3.45097924550352 24.33995071607205
6235 10.13767882071763 -5.2781996877448 3.082822168080697
6236 -4.191454333604142 -5.763828109968378 7.636173818658982
6237 8.99596469143582 -7.437860046770295 1.07761001496868
6238 8.393884114940258 -8.275208378479059 1.07761001496868
6239 8.023568272375655 -7.714580465559155 2.621253848948204
6240 6.600219629609168 -7.932994135159904 1.543643833979523
6241 7.202300206104727 -7.09564580345114 1.543643833979523
6242 -7.829349527077619 -7.790399484394078 18.42473550272984
6243 10.79636821996374 2.641900517512562 10.69910512519648
6244 9.935776585693866 -4.895363620526946 16.97075835960218
6245 10.36879855618899 -4.783010582597802 15.65279258458323
6246 -6.196971865276312 9.17999883914149 17.7662055102397
6247 -11.00509291127102 -2.908124292935843 7.617078670402929
6248 -4.773095957548 10.3946587979079 11.81484096029162
6249 -1.694928364416284 -3.676219539806461 1.280118519165249
6250 -0.3317749064219888 3.946417311389809 24.13089926346743
6251 10.47478879312364 -3.411305209870706 13.43230240829033
6252 10.20237333381236 -4.068548116196388 12.31451799990225
6253 10.18684807480118 -4.834497834281297 13.47751379870765
6254 9.914432615489902 -5.49174074060698 12.35972939031958
6255 8.675489832540048 -4.047913187791212 12.83532406903161
6256 10.80213425803169 3.79899512584928 4.811678115222849
6257 9.929619443292964 5.56658261430724 4.664183021420451
6258 11.04967283643678 3.262639993683546 16.32132642687178
6259 -3.974677898495475 9.621983087169827 1.320994080227536
6260 -4.199641691290087 10.49323119731207 2.393938736875264
6261 -11.328438694644 -1.422251672555286 14.96342516691288
6262 -2.139381944488409 3.431171100896853 12.00820757638667
6263 -0.7413364788896899 3.711409624151724 12.08256341818371
6264 4.578219522099219 10.22338389030394 13.17547129460048
6265 -3.214112903145973 10.8103906009906 19.29738700579358
6266 7.421611321999896 8.480799215663865 11.96606318403315
6267 10.80473560193897 2.344465986337314 14.35499965879646
6268 10.59781070041073 3.706077569003784 13.84097651943402
6269 10.63096396071752 -4.147144329275405 14.60333405754897
6270 -3.400997059419563 -10.95826305376337 12.58630713461514
6271 -10.14364461686121 3.801389779641674 18.34014043763243
6272 -11.01921611479892 2.721935643018119 18.16201883162364
6273 -3.243399340611038 -3.170193671022634 8.027890307512566
6274 11.76890263658534 -0.4645568060277743 24.24545454545455
6275 10.15602847609185 -0.2660528618019094 23.82149566653364
6276 11.08712583950651 0.1985039442258618 22.66695021198818
6277 11.38348560578053 -1.089125046586569 22.95134490134873
6278 10.45238824236587 -1.55368185261434 24.10589035589418
6279 -1.060007606900249 -11.02336943260066 8.498158561552376
6280 0.2840488671211323 -11.34966807170944 8.445903885711768
6281 5.9677362080724 3.759728992175279 23.97543519429252
6282 10.61245440491453 4.309533680687796 3.454573258635734
6283 -10.97031804737803 1.548602746796966 11.25062034675588
6284 -11.0181791835486 0.9150778114419595 12.32072777603884
6285 8.652029130818418 2.879588579732642 1.315765300284229
6286 -7.338589604554684 9.026019211503826 1.073008022781629
6287 -7.366552539730672 8.406748879123258 2.627797617416125
6288 -3.855590364763622 -5.776916533081385 9.390292845836381
6289 -4.126695406248732 -2.128034117128331 7.012042051466049
6290 8.168928845657147 8.020648108080369 5.724868330824075
6291 7.144530476878005 -8.005786089430725 19.1056769675838
6292 6.356327335795663 -9.279425108416476 18.85504011237316
6293 -10.54739124670682 4.121062289593125 2.228772035633471
6294 -7.218623178875839 -1.105471516884259 1.357903456804184
6295 -11.01497423944638 -2.456220403257406 8.639608961950501
6296 -11.3324602636915 -1.705251094960194 7.63259585313158
6297 -0.6421719475760977 -6.649030268317303 18.83800438025783
6298 11.39579893836877 0.2736306673402885 2.065959959519475
6299 10.31910528751643 -0.06276374382221173 1.241374588700699
6300 3.337754632782409 -1.431256657353746 11.41969485553778
6301 3.73599739470975 -1.175463307157882 13.19146628193046
6302 8.033225926875453 1.190087681434091 16.18541753737649
6303 -11.5252894895034 -0.06600483154590314 11.68180173525407
6304 -9.847551435084002 0.527070671415101 11.7269182428122
6305 -9.051231629580581 -7.101058811221829 16.94159710747656
6306 -3.200627954770217 -2.714995573618553 6.277599988967947
6307 -4.24842018242603 -2.289533158662623 5.474717696321118
6308 -2.572061956886134 -4.06964912477552 8.906351717286263
6309 -6.396820327857879 5.101690903257509 24.29095342492516
6310 11.56614060467507 0.5137450082627339 24.24545454545455
6311 -1.570667173944521 2.513945486828864 8.361913694944471
6312 6.333565430835675 -9.662454516398132 0.879557766761101
6313 6.977748235998203 -8.726153787280193 2.423201600740624
6314 -4.094974534387825 -3.144680937772932 5.407516945450087
6315 7.263350017301907 -8.678443100557306 17.80039052862015
6316 5.776343376005814 -7.969269101801745 18.28394435877206
6317 -10.26659459686147 -1.478126061497539 24.06643792719203
6318 -11.68273733400931 -1.101387704579463 24.25747614402866
6319 -10.37031818901362 0.3915279551765777 24.26919319834693
6320 0.1171731854432649 0.1673193311970209 22.73793952177399
6321 -8.220846283190875 2.184171415464804 16.56875900810847
6322 3.357061130468819 -11.44908804155632 24.27488195296834
6323 2.791587767157607 -10.8204256740163 22.717991011028
6324 -5.442653159137473 10.33093636137481 1.074714577554055
6325 -4.557500439901171 10.82601369738004 1.074714577554055
6326 -5.367580431081077 10.01571557519971 2.39570865778159
6327 -4.859830617731777 9.126905751164596 1.320994080227536
6328 -9.665319682859863 4.954866944513704 18.33938661465861
6329 -9.48186442461064 6.334375732137384 18.18988805932734
6330 -9.090066241832099 6.972580722217938 17.05315527563454
6331 9.883010345792517 1.088788844367968 9.662984145212731
6332 11.34536678475959 1.719559343343945 8.351226866252244
6333 -5.502014384426881 -6.896807166324509 4.40550161206943
6334 8.254449009213719 8.457319172399242 1.069704495503303
6335 9.465989603866467 -1.376458119717488 24.10589035589418
6336 10.90633393322221 3.818492064010459 15.16196986814506
6337 8.369543697382611 3.830559036783547 15.55438828957235
6338 11.50864712597006 -0.4992435237173406 10.26085192690567
6339 11.42992811770552 -1.496005643130756 10.8381246541784
6340 -7.217161599705341 -8.888377867158598 18.9649646686683
6341 -11.09050077193965 3.367024642342381 24.31824795911202
6342 -9.477973525292839 3.498257001288061 23.8464249932751
6343 -3.916969310275895 -6.345969870124979 10.70708775666046
6344 9.288576842396134 6.649906835501184 16.38876283270501
6345 -8.34130102765738 -3.191516885842892 23.69071340432661
6346 1.650408679416334 -1.360296437031489 12.92347365804908
6347 10.13066024261554 -3.996350879710712 3.44238381839138
6348 -1.10950254391483 -9.791127925433951 8.08931013035787
6349 -0.4067132950070583 -11.46273368165163 7.351331035836008
6350 0.2345539301065509 -10.11742656454273 8.037055454517262
6351 -2.879325119890305 4.882468783996269 9.574838363272722
6352 -1.643179053461266 -11.30556618570261 7.357918070982356
6353 -6.398228414223316 9.332877090514353 2.394002103009165
6354 10.94772969368025 0.532683462376178 2.805543205945677
6355 11.45296468284135 -0.5765087520849488 2.395920043246155
6356 10.49362656904874 -4.60649426739892 4.592096816867519
6357 11.26172079050917 -2.252808990191031 11.41498653925002
6358 6.228890005871317 -9.339807599166821 17.81164662373346
6359 -5.405271372182987 10.11363392127716 17.84277779909509
6360 5.244523773433531 -9.60165063276348 22.41605578462847
6361 8.900659374522181 7.181561240760325 17.46322389242625
6362 -11.32619378395195 1.490553484010886 23.19158318337825
6363 -11.02509451812938 -0.7936334910389975 18.53777678927315
6364 -2.430893325270569 7.456930878116362 4.720254819559187
6365 -1.403030239210981 8.461321175724091 24.05432995289506
6366 6.739373932862891 5.711173277668626 5.471688432811748
6367 -7.439512015612982 -6.926140522412841 1.174335402830617
6368 5.23940221829642 -7.585541571437989 5.218888628988357
6369 -1.647883445226743 4.891766526750201 9.896885427821537
6370 7.348064078562807 -9.286781700200097 0.879557766761101
6371 -5.331284181848734 -7.125160473446414 5.757625817690954
6372 6.111200759115574 6.685211609029612 4.77595971336198
6373 -11.47835084496595 -0.9564066793427393 13.25327734752571
6374 -11.55325253204652 -0.3490922931201924 14.33522254060145
6375 9.33825095062393 -6.458033616133596 12.39827961308913
6376 5.721720583639997 1.207755775810659 17.50441165716693
6377 7.679538759052601 0.7360587483536962 17.43080080544129
6378 6.717840579270597 0.2829298115351535 16.51714780136627
6379 -2.736606915947146 4.323902989537435 8.040315384337752
6380 -9.10419519800681 6.606299202803672 10.88651862376545
6381 11.37296383875463 -2.376090364846419 16.15228795947891
6382 11.39693371893836 -1.671018892225957 14.68787519055281
6383 -10.54154372331981 4.438722466779988 19.49725518240228
6384 -9.010702764370528 3.398926211179457 18.90350133110158
6385 -11.01986865732116 3.285245301907958 19.4980090053761
6386 5.836900841991683 -6.833014047996837 6.105633853875869
6387 -1.398224792372216 6.080553983915015 1.31932546418402
6388 -4.942086221103873 -9.849516707749036 18.23576844790893
6389 -4.249398767143994 10.59146938425614 17.85073710186815
6390 0.8315667845131851 0.7149084649258806 24.13025269262306
6391 -6.307941621412446 9.708857696189183 1.074714577554055
6392 -5.725119080006751 8.504827085978969 1.320994080227536
6393 -10.39820293987007 -0.1033851781065384 12.67357509560655
6394 0.06231687591272383 -8.794525916512882 16.6937424471863
6395 -0.785180312237687 5.018701808900886 17.75309555959739
6396 8.827041912697675 -7.23475652258143 11.23112668067379
6397 11.71225820824366 -1.310828422399936 24.57974140785274
6398 11.32684117743885 -1.93539666295873 23.28563176374692
6399 -0.05404745441469619 1.809518063017919 24.13089926346743
6400 -9.713552067486262 6.451925869483897 1.062984461603351
6401 -10.38109267539034 5.693873495813242 1.062984461603351
6402 -9.310954351209258 4.862006333097575 1.280290272552866
6403 -10.02247281934832 5.352304408193987 2.343274734156217
6404 -7.310779797927633 -8.881374758881698 24.32549315454985
6405 -7.699655981275303 -8.438696410855039 23.09211928147501
6406 -0.05417728788854315 -8.363868823630675 17.9616322850679
6407 0.06827592934286075 -6.349049578570835 21.14391965942857
6408 -5.711327047822513 6.381372927176499 14.11285261331982
6409 11.56614060467507 0.5137450082627339 1.154545454545457
6410 -0.2068722530255527 -8.377524201502844 22.6066999242501
6411 -3.157373594784155 7.06746732097092 24.05432995289506
6412 0.3548656355828278 -8.728254120078782 24.04914082916157
6413 7.412610217862519 -4.082507158737614 13.02371556715013
6414 0.3913377573550306 -10.98261285442004 17.1893578893715
6415 4.507196305136722 -6.868019492806292 19.06107055313318
6416 4.005699743969149 -1.204476937118157 19.39644309619626
6417 -9.490976682603691 3.781037756889013 1.280290272552866
6418 1.016071246584543 1.088027857528423 15.89503754632483
6419 -0.1036948391612867 1.548414800012677 14.84478436437353
6420 1.625825779137982 -11.03487921552425 22.61162572465658
6421 0.2274272369164542 -11.27292703007361 22.81765749575849
6422 -1.817696503607701 -6.687054371400256 16.58689886702015
6423 -2.414262520018883 -11.44079916423953 24.32238998503132
6424 -3.383609643986907 -11.10535881356756 24.32238998503132
6425 -0.9044997492462795 -10.31198231946208 24.04914082916157
6426 -1.873846873214303 -9.976541968790116 24.04914082916157
6427 -2.17685263035909 -11.0243254190216 22.97153081419289
6428 0.5690985626479328 -2.567566974761455 10.6226122124456
6429 1.531318738407432 -1.993697053014074 9.903946410093424
6430 -4.638610963930098 4.984179182896106 24.07228282927688
6431 -5.80289265219012 4.287773753566554 24.29095342492516
6432 -8.654868684798604 7.325314174243866 14.4418040073992
6433 2.142914153774346 0.3440050052527247 18.15948245580363
6434 -7.629207010922435 4.575820513804652 21.59651191227068
6435 -2.33522992869884 -5.665679234504767 13.21998265408111
6436 -0.9437191774167603 -9.072865301180133 24.04914082916157
6437 -2.49058943530594 -8.676527103369002 23.94067913526483
6438 -1.883766877939697 -7.403938599145548 23.8250489082929
6439 -1.607137560109422 -8.22658187220957 22.47418973745447
6440 -2.038304592017154 3.787040198280966 9.15482919657939
6441 10.70998724433154 -4.019882671236353 6.438961761661474
6442 -1.869843188976012 -1.977870564365961 10.04883359483543
6443 9.816018542499453 -5.904009458996246 11.2294128021964
6444 -11.56883068833467 0.2846219619203201 13.26738462883319
6445 -6.221186466896862 9.663526983236716 8.453442867376983
6446 -6.720530255367204 9.315625994751876 7.371491993409258
6447 -7.204098040970029 8.902887740821601 8.437867881325374
6448 -0.04148950994052292 -6.865582852008827 17.36488414969224
6449 1.184318208336738 -2.683145411836052 11.87860724834446
6450 -7.747387694410764 6.929477100043611 24.10317098011362
6451 2.133276620459633 -5.431285047791582 19.69417252650002
6452 0.8171554096853739 2.602608736488294 13.93661011961261
6453 -10.01970812269529 5.659262480802234 19.46760149045426
6454 -9.365091204205953 4.103321747467986 20.03171620689723
6455 10.43824073314302 4.163369693321686 12.78945135352184
6456 10.77461581352343 -3.935094215437243 11.04371734935791
6457 0.3529420043133286 -0.4336635617705795 24.13025269262306
6458 11.4949797618927 0.3492671239017248 8.858250990626098
6459 11.45187341044869 0.3479889900280192 10.8381246541784
6460 11.03125686837844 1.5867542342116 10.61836951822302
6461 11.43820604637133 1.196499637647085 9.435523717898825
6462 7.511533949277597 -4.972409552471879 11.83443286190185
6463 6.674525567715295 -5.120553229937995 12.92756764028871
6464 -4.329834563210532 8.113263952977356 7.90803407835431
6465 -4.457557178002596 7.437797195792083 6.805631884730144
6466 -7.234968047452809 1.893901319949277 20.59388672507382
6467 -7.607570305009193 3.318598898778093 21.21387610251691
6468 -6.288276974586808 0.9206163360096298 16.47838145755482
6469 -3.723722888248269 -10.62798722121047 22.86306912029615
6470 -3.420717131103483 -9.580203770978983 23.94067913526483
6471 4.759798386349248 -0.7281310009743986 14.28229838810615
6472 10.74398046464377 -3.791232575733224 15.64793241166882
6473 9.742441312934028 -3.409647537366963 16.23558956504226
6474 11.21064089152752 -3.104481310910167 16.75134599957951
6475 11.23461077171125 -2.399409838289705 15.28693323065341
6476 9.76641119311776 -2.7045760647465 14.77117679611616
6477 -1.677717647583003 -2.396107115211656 1.43778859867063
6478 -0.5752650949680196 0.5073529284490705 24.00768682915093
6479 -5.940343996644629 9.759842241322477 7.222993108089051
6480 -11.41554675593072 1.519509602478501 13.28161627350479
6481 3.191156479390096 1.491101629574943 14.05194949026956
6482 10.58478893997037 -3.065925748164003 12.16737276983332
6483 -0.4835015708558271 -7.554880928438823 23.95755909508853
6484 -6.741490239703215 9.299407685055037 9.52237125591054
6485 10.39220020736542 -4.93771658346963 11.19086257942685
6486 8.865316706093113 -4.917081655064454 11.7116686485562
6487 3.382216681404311 11.08694774190299 1.076170815645456
6488 2.395001561869645 11.49586563339402 1.076170815645456
6489 -1.216597007963832 -11.68131962297054 24.33575029502688
6490 -0.9791871183040383 -11.26484587775261 22.98489112418844
6491 5.225999794520227 -9.988714257578224 20.90875762086293
6492 -2.836714935852207 6.355842856681781 5.200393799832773
6493 -3.855881789959517 6.570257366040565 5.977043234625924
6494 -6.371856187386461 -7.923700487924137 1.475274517202519
6495 -10.30986785448541 4.45504863026096 21.66945002957566
6496 -10.79016716662788 3.919001629845623 20.55370998572319
6497 -11.01915473933481 3.287596374915399 21.64893290853465
6498 -9.406627492688004 3.418828733861079 21.17710994269773
6499 -8.488689193121777 7.598117695669339 23.02538428209763
6500 11.08618653648373 2.608532111038183 9.779414439714708
6501 -4.636243952009961 -9.604508903032949 1.162342820835976
6502 -5.31946562176906 -8.795447944365577 1.162342820835976
6503 4.517121618801514 1.696528187078473 18.22883215417603
6504 -7.566034016527141 4.003091912385 20.06848236671642
6505 -8.087869617151661 2.782551898362755 20.09813605866444
6506 -2.664739631361513 9.013133886088887 1.544215615214722
6507 -3.979590965686118 8.745994346758518 1.320994080227536
6508 10.37489804903146 -4.973343835497301 9.111110294658797
6509 -6.300315486300629 -9.570437753212207 1.002585557404753
6510 -7.322311599046174 -8.871737717482516 0.9762689119422538
6511 -7.204973590169041 -8.787412313022099 2.451543429144773
6512 -6.182977477423496 -9.48611234875179 2.477860074607272
6513 -11.08246210650307 2.714350151110708 23.18744115745895
6514 2.026611827415218 0.3291947938051594 16.24530256382744
6515 -9.075794490154127 7.38832076368387 24.32221330198401
6516 -9.743335098058209 6.630268390013214 24.32221330198401
6517 4.798548366711825 -0.1539438405258265 19.77582694471244
6518 2.207813600511364 -11.66205520158021 0.9940571397808277
6519 -2.207411668989309 5.054713177939213 17.155192489421
6520 -4.404683128938544 -10.88964503675917 24.32238998503132
6521 11.10814733015423 -1.214822415499792 19.01144556137002
6522 11.39932152740858 -2.197128918317862 18.20179976016357
6523 -11.27818262878422 0.4473091684245277 17.93812546410951
6524 11.43784885081341 -1.444825724651913 12.03003782448359
6525 11.40772247493597 -1.601958864586064 13.59245652331012
6526 11.12159426778501 -2.755321591831886 14.24233487653355
6527 5.215487599275703 -1.305900018656212 13.23822783302536
6528 3.591188634036013 11.03171699302321 17.43891985723736
6529 11.17953581474088 -2.419816452650789 2.318984603669409
6530 10.0484826359896 -2.066995938687056 1.241374588700699
6531 1.599379251010109 -9.798961407986138 23.84310905805966
6532 0.200980708788581 -10.0370092225355 24.04914082916157
6533 10.96570894520421 3.090950051705299 3.085473937657444
6534 -8.417390625122746 0.2306010717019985 18.41168548487207
6535 -8.670478735777582 1.471543731165524 17.81203415970845
6536 -8.671131278299818 2.034853390055363 19.14802433346091
6537 1.136301851248117 -5.177764565375853 21.06262548099276
6538 -7.818229708600966 1.146202811641885 19.64377499987029
6539 10.7609170002746 -2.257942482624884 12.78242405506689
6540 -8.850416619986531 -1.446713646824735 11.1562656138234
6541 8.38274610066289 -6.199640608529769 1.230413325237213
6542 9.204014166933817 -6.818575270637785 2.308023340205894
6543 -9.408752015796267 -3.449819205705118 24.06643792719203
6544 -4.738399648254829 7.341481937706321 8.036081644018076
6545 -1.05105623650127 -7.890158301136675 16.63539779395398
6546 -10.12135795202982 -2.556289661360951 24.06643792719203
6547 10.83545898307274 -4.096259317774745 16.75620617249392
6548 -1.510258179361686 -11.22003513136599 5.053582714053853
6549 -1.035583634174206 -11.41369643853893 6.279670714888475
6550 -7.661676170310201 -3.85386132970685 5.053486675706237
6551 -1.658439121542983 7.3589244966145 3.702172926984493
6552 -0.748082413692452 3.92042735680155 10.67016842215458
6553 -0.4403495386325491 5.445068567857115 10.33263583230258
6554 5.148172102862189 -3.365681038949932 11.97834732236058
6555 0.834630579600469 -11.37568496696519 7.348155306430332
6556 7.978305738732102 -3.740619258395915 1.589974975547896
6557 6.749790206958931 -4.52807053610249 1.269101214969235
6558 -0.277409842933673 -11.41320432641853 17.94256910389937
6559 7.240019222366771 -6.155712009729715 1.230413325237213
6560 2.233175998679889 11.21732671052035 24.0864239523443
6561 2.261259793311146 -11.19997413685699 24.27488195296834
6562 -1.867328218459661 7.129361794373999 24.05432995289506
6563 -1.726749880029035 -9.97313151314912 6.855791595071858
6564 -2.062680281567881 3.388022826446385 10.59037687025978
6565 4.91091789398731 2.220067802685679 21.17325896976454
6566 -8.698410039912197 7.477319134348987 15.98704880341999
6567 -7.794907237839873 2.550997867789079 17.99015576571723
6568 -6.872074090621007 1.934623554972377 19.18479049328009
6569 -0.009982652743339537 -11.68940077529154 24.16851666659692
6570 4.396909814278676 10.83664801708258 1.076170815645456
6571 3.798930346591188 10.70623532183168 2.427476394205229
6572 -11.53750068917767 -2.179551304442874 24.25747614402866
6573 -6.181085302226771 1.511443262738324 18.14992942346596
6574 -10.90601110274884 4.462631377212379 0.9484817630806048
6575 10.66534904480373 4.567530959844215 24.31397028135327
6576 -0.4333423112968115 5.040907317220084 11.57086898861805
6577 -11.28727176472984 -3.422991330357848 24.33728999042088
6578 -10.8095866353076 -4.564785976877282 24.34850001628761
6579 7.355261466285624 -5.085958302069747 2.499514540206448
6580 -7.881471136871637 0.7189194369924601 16.93192185534558
6581 -7.005703299182456 1.899552730964265 16.99140361647658
6582 -8.070269259223789 8.059765076549112 24.10317098011362
6583 -2.976023254833278 6.284747174899352 24.07228282927688
6584 -6.737909427173516 0.2079886517103497 17.7216566091548
6585 -11.89195440314308 -0.08174131009037711 24.25747614402866
6586 -2.777273613264301 7.75633556871793 1.31932546418402
6587 5.612389922964915 1.276679610155949 19.53227677533392
6588 -2.306125282181601 -11.15633577720313 6.192979705318834
6589 -10.78654471218509 -4.607200772451201 1.039170320604112
6590 7.985324316834197 -5.022468066430003 1.230413325237213
6591 8.130148818396766 8.099069423040142 24.18425082493559
6592 -10.02158020460357 2.388963777068033 24.26919319834693
6593 -5.130586911806096 -10.35785980519323 2.164928378240729
6594 8.99596469143582 -7.437860046770295 24.32238998503132
6595 8.894436414175885 -6.860200300723609 22.88372674078435
6596 1.095497805291521 -11.41442767836495 24.16851666659692
6597 -2.06426073212462 6.257836475179919 4.182311907258079
6598 -6.848111360327877 0.3719555747171327 19.07331577558704
6599 -10.26833156600336 5.139541643867867 20.52405629377517
6600 -10.97200816756272 -2.869720416508771 23.00372791761291
6601 -10.07393877595153 -5.500730316795368 1.039170320604112
6602 9.682468351663829 -6.64642751531064 24.32238998503132
6603 -1.293811075889249 -8.807709496015228 17.61250791525303
6604 11.76890263658534 -0.4645568060277743 1.154545454545457
6605 10.52186731942669 -1.04106555811272 1.241374588700699
6606 10.74676396595451 4.275784188328361 14.11044470223288
6607 -11.89218750293233 1.165438547840189 24.32238998503132
6608 10.58732235322018 4.371118148779406 1.315765300284229
6609 -10.57953525814738 1.411174349665664 24.26919319834693
6610 -8.123601342014046 -8.051462658700189 24.16662612692516
6611 9.575229826201603 -6.318048895873108 1.230413325237213
6612 11.23190264331623 -2.387073784327981 0.8535238992560751
6613 11.38934937300933 -1.473095349810819 2.094898487956774
6614 -11.90177943958455 0.02721021336158358 1.057114405685725
6615 11.70528732675332 -1.361143403753645 0.8535238992560751
6616 -9.474746955602349 -6.449998555895037 1.174335402830617
6617 -5.61709381654153 -10.37949871187958 1.002585557404753
6618 -4.504908319155592 -10.65807002961997 1.162342820835976
6619 11.23887352480657 -2.336758802974272 24.57974140785274
6620 -11.23475730014401 2.106968187720591 24.26919319834693
6621 -1.125570778959275 10.91768817445906 12.38658145066323
6622 -8.00247474149071 1.292688848881414 1.95026448243021
6623 7.084147060759939 4.923218999976619 2.226944254628043
6624 -10.49432303814048 -4.011515063028204 23.01493794347964
6625 -3.01759281735001 10.48300685725492 17.417077037176
$EndNodes
$Elements
5263
1 9 2 3 1 1 495 3 505 506 34
2 9 2 3 1 33 498 1 507 508 65
3 9 2 3 1 75 495 1 509 505 86
4 9 2 3 1 1 498 75 508 510 86
5 9 2 3 1 66 499 2 511 512 76
6 9 2 3 1 2 500 66 513 514 76
7 9 2 3 1 87 500 2 515 513 118
8 9 2 3 1 2 499 117 512 516 149
9 9 2 3 1 3 179 4 517 518 35
10 9 2 3 1 3 495 179 506 519 517
11 9 2 3 1 4 181 5 520 521 36
12 9 2 3 1 179 181 4 522 520 518
13 9 2 3 1 5 172 6 523 524 37
14 9 2 3 1 5 181 172 521 525 523
15 9 2 3 1 6 313 7 526 527 38
16 9 2 3 1 172 313 6 528 526 524
17 9 2 3 1 7 164 8 529 530 39
18 9 2 3 1 7 313 164 527 531 529
19 9 2 3 1 8 338 9 532 533 40
20 9 2 3 1 164 338 8 534 532 530
21 9 2 3 1 9 341 10 535 536 41
22 9 2 3 1 338 341 9 537 535 533
23 9 2 3 1 10 154 11 538 539 42
24 9 2 3 1 10 341 154 536 540 538
25 9 2 3 1 11 346 12 541 542 43
26 9 2 3 1 154 346 11 543 541 539
27 9 2 3 1 12 175 13 544 545 44
28 9 2 3 1 12 346 175 542 546 544
29 9 2 3 1 13 350 14 547 548 45
30 9 2 3 1 175 350 13 549 547 545
31 9 2 3 1 14 162 15 550 551 46
32 9 2 3 1 14 350 162 548 552 550
33 9 2 3 1 15 414 16 553 554 47
34 9 2 3 1 162 414 15 555 553 551
35 9 2 3 1 16 413 17 556 557 48
36 9 2 3 1 16 414 413 554 558 556
37 9 2 3 1 17 161 18 559 560 49
38 9 2 3 1 17 413 161 557 561 559
39 9 2 3 1 18 412 19 562 563 50
40 9 2 3 1 161 412 18 564 562 560
41 9 2 3 1 19 443 20 565 566 51
42 9 2 3 1 412 443 19 567 565 563
43 9 2 3 1 20 176 21 568 569 52
44 9 2 3 1 20 443 176 566 570 568
45 9 2 3 1 21 419 22 571 572 53
46 9 2 3 1 176 419 21 573 571 569
47 9 2 3 1 22 152 23 574 575 54
48 9 2 3 1 22 419 152 572 576 574
49 9 2 3 1 23 444 24 577 578 55
50 9 2 3 1 152 444 23 579 577 575
51 9 2 3 1 24 173 25 580 581 56
52 9 2 3 1 24 444 173 578 582 580
53 9 2 3 1 25 441 26 583 584 57
54 9 2 3 1 173 441 25 585 583 581
55 9 2 3 1 26 291 27 586 587 58
56 9 2 3 1 26 441 291 584 588 586
57 9 2 3 1 27 155 28 589 590 59
58 9 2 3 1 27 291 155 587 591 589
59 9 2 3 1 28 468 29 592 593 60
60 9 2 3 1 155 468 28 594 592 590
61 9 2 3 1 29 504 30 595 596 61
62 9 2 3 1 29 468 317 593 597 598
63 9 2 3 1 317 504 29 599 595 598
64 9 2 3 1 30 167 31 600 601 62
65 9 2 3 1 30 504 167 596 602 600
66 9 2 3 1 31 315 32 603 604 63
67 9 2 3 1 167 315 31 605 603 601
68 9 2 3 1 32 177 33 606 607 64
69 9 2 3 1 32 315 177 604 608 606
70 9 2 3 1 177 498 33 609 507 607
71 9 2 3 1 67 449 66 610 611 77
72 9 2 3 1 66 450 67 612 613 77
73 9 2 3 1 449 499 66 614 511 611
74 9 2 3 1 66 500 450 514 615 612
75 9 2 3 1 68 422 67 616 617 78
76 9 2 3 1 67 424 68 618 619 78
77 9 2 3 1 422 449 67 620 610 617
78 9 2 3 1 67 450 424 613 621 618
79 9 2 3 1 68 168 69 622 623 79
80 9 2 3 1 69 170 68 624 625 79
81 9 2 3 1 68 424 168 619 626 622
82 9 2 3 1 170 422 68 627 616 625
83 9 2 3 1 70 423 69 628 629 80
84 9 2 3 1 69 466 70 630 631 80
85 9 2 3 1 168 466 69 632 630 623
86 9 2 3 1 69 423 170 629 633 624
87 9 2 3 1 71 150 70 634 635 81
88 9 2 3 1 70 151 71 636 637 81
89 9 2 3 1 150 423 70 638 628 635
90 9 2 3 1 70 466 151 631 639 636
91 9 2 3 1 72 421 71 640 641 82
92 9 2 3 1 71 477 72 642 643 82
93 9 2 3 1 71 421 150 641 644 634
94 9 2 3 1 151 477 71 645 642 637
95 9 2 3 1 72 169 73 646 647 83
96 9 2 3 1 73 171 72 648 649 83
97 9 2 3 1 72 477 169 643 650 646
98 9 2 3 1 171 421 72 651 640 649
99 9 2 3 1 73 479 74 652 653 84
100 9 2 3 1 74 501 73 654 655 84
101 9 2 3 1 169 479 73 656 652 647
102 9 2 3 1 73 501 171 655 657 648
103 9 2 3 1 75 462 74 658 659 85
104 9 2 3 1 74 495 75 660 509 85
105 9 2 3 1 74 479 446 653 661 662
106 9 2 3 1 446 495 74 663 660 662
107 9 2 3 1 462 501 74 664 654 659
108 9 2 3 1 75 498 462 510 665 658
109 9 2 3 1 88 178 87 666 667 119
110 9 2 3 1 178 500 87 668 515 667
111 9 2 3 1 89 442 88 669 670 120
112 9 2 3 1 88 442 178 670 671 666
113 9 2 3 1 90 165 89 672 673 121
114 9 2 3 1 165 442 89 674 669 673
115 9 2 3 1 91 321 90 675 676 122
116 9 2 3 1 90 321 165 676 677 672
117 9 2 3 1 92 351 91 678 679 123
118 9 2 3 1 91 351 321 679 680 675
119 9 2 3 1 93 159 92 681 682 124
120 9 2 3 1 159 351 92 683 678 682
121 9 2 3 1 94 420 93 684 685 125
122 9 2 3 1 93 420 159 685 686 681
123 9 2 3 1 95 174 94 687 688 126
124 9 2 3 1 174 420 94 689 684 688
125 9 2 3 1 96 416 95 690 691 127
126 9 2 3 1 95 416 174 691 692 687
127 9 2 3 1 97 157 96 693 694 128
128 9 2 3 1 157 416 96 695 690 694
129 9 2 3 1 98 417 97 696 697 129
130 9 2 3 1 97 417 157 697 698 693
131 9 2 3 1 99 418 98 699 700 130
132 9 2 3 1 98 418 417 700 701 696
133 9 2 3 1 100 156 99 702 703 131
134 9 2 3 1 156 418 99 704 699 703
135 9 2 3 1 101 473 100 705 706 132
136 9 2 3 1 100 473 156 706 707 702
137 9 2 3 1 102 448 101 708 709 133
138 9 2 3 1 448 473 101 710 705 709
139 9 2 3 1 103 153 102 711 712 134
140 9 2 3 1 153 448 102 713 708 712
141 9 2 3 1 104 478 103 714 715 135
142 9 2 3 1 103 478 153 715 716 711
143 9 2 3 1 105 452 104 717 718 136
144 9 2 3 1 452 478 104 719 714 718
145 9 2 3 1 106 160 105 720 721 137
146 9 2 3 1 160 452 105 722 717 721
147 9 2 3 1 107 483 106 723 724 138
148 9 2 3 1 106 483 160 724 725 720
149 9 2 3 1 108 453 107 726 727 139
150 9 2 3 1 453 483 107 728 723 727
151 9 2 3 1 109 158 108 729 730 140
152 9 2 3 1 158 453 108 731 726 730
153 9 2 3 1 110 492 109 732 733 141
154 9 2 3 1 109 492 158 733 734 729
155 9 2 3 1 111 457 110 735 736 142
156 9 2 3 1 457 492 110 737 732 736
157 9 2 3 1 112 163 111 738 739 143
158 9 2 3 1 163 457 111 740 735 739
159 9 2 3 1 113 490 112 741 742 144
160 9 2 3 1 112 490 163 742 743 738
161 9 2 3 1 114 488 113 744 745 145
162 9 2 3 1 488 490 113 746 741 745
163 9 2 3 1 115 166 114 747 748 146
164 9 2 3 1 166 488 114 749 744 748
165 9 2 3 1 116 314 115 750 751 147
166 9 2 3 1 115 314 166 751 752 747
167 9 2 3 1 117 180 116 753 754 148
168 9 2 3 1 180 314 116 755 750 754
169 9 2 3 1 117 499 180 516 756 753
170 9 2 3 1 150 421 294 644 757 758
171 9 2 3 1 294 489 150 759 760 758
172 9 2 3 1 150 489 423 760 761 638
173 9 2 3 1 151 297 296 762 763 764
174 9 2 3 1 296 298 151 765 766 764
175 9 2 3 1 151 466 297 639 767 762
176 9 2 3 1 298 477 151 768 645 766
177 9 2 3 1 152 419 332 576 769 770
178 9 2 3 1 332 445 152 771 772 770
179 9 2 3 1 152 445 444 772 773 579
180 9 2 3 1 153 474 448 774 775 713
181 9 2 3 1 153 476 474 776 777 774
182 9 2 3 1 153 478 476 716 778 776
183 9 2 3 1 341 342 154 779 780 540
184 9 2 3 1 342 343 154 781 782 780
185 9 2 3 1 343 346 154 783 543 782
186 9 2 3 1 155 290 288 784 785 786
187 9 2 3 1 288 468 155 787 594 786
188 9 2 3 1 155 291 290 591 788 784
189 9 2 3 1 156 470 418 789 790 704
190 9 2 3 1 156 472 470 791 792 789
191 9 2 3 1 156 473 472 707 793 791
192 9 2 3 1 157 465 416 794 795 695
193 9 2 3 1 417 467 157 796 797 698
194 9 2 3 1 157 467 465 797 798 794
195 9 2 3 1 158 484 453 799 800 731
196 9 2 3 1 158 491 484 801 802 799
197 9 2 3 1 158 492 491 734 803 801
198 9 2 3 1 159 458 351 804 805 683
199 9 2 3 1 420 460 159 806 807 686
200 9 2 3 1 159 460 458 807 808 804
201 9 2 3 1 160 480 452 809 810 722
202 9 2 3 1 160 481 480 811 812 809
203 9 2 3 1 160 483 481 725 813 811
204 9 2 3 1 410 411 161 814 815 816
205 9 2 3 1 161 413 410 561 817 816
206 9 2 3 1 411 412 161 818 564 815
207 9 2 3 1 350 402 162 819 820 552
208 9 2 3 1 402 403 162 821 822 820
209 9 2 3 1 403 414 162 823 555 822
210 9 2 3 1 163 482 457 824 825 740
211 9 2 3 1 163 485 482 826 827 824
212 9 2 3 1 163 490 485 743 828 826
213 9 2 3 1 313 431 164 829 830 531
214 9 2 3 1 164 339 338 831 832 534
215 9 2 3 1 164 431 339 830 833 831
216 9 2 3 1 165 322 302 834 835 836
217 9 2 3 1 302 442 165 837 674 836
218 9 2 3 1 321 322 165 838 834 677
219 9 2 3 1 314 486 166 839 840 752
220 9 2 3 1 166 486 454 840 841 842
221 9 2 3 1 454 488 166 843 749 842
222 9 2 3 1 286 315 167 844 605 845
223 9 2 3 1 167 316 286 846 847 845
224 9 2 3 1 167 504 316 602 848 846
225 9 2 3 1 168 312 297 849 850 851
226 9 2 3 1 297 466 168 767 632 851
227 9 2 3 1 168 464 312 852 853 849
228 9 2 3 1 424 464 168 854 852 626
229 9 2 3 1 298 300 169 855 856 857
230 9 2 3 1 169 477 298 650 768 857
231 9 2 3 1 300 301 169 858 859 856
232 9 2 3 1 301 479 169 860 656 859
233 9 2 3 1 170 423 310 633 861 862
234 9 2 3 1 310 497 170 863 864 862
235 9 2 3 1 170 497 422 864 865 627
236 9 2 3 1 319 493 171 866 867 868
237 9 2 3 1 171 501 319 657 869 868
238 9 2 3 1 171 493 421 867 870 651
239 9 2 3 1 181 182 172 871 872 525
240 9 2 3 1 182 183 172 873 874 872
241 9 2 3 1 183 313 172 875 528 874
242 9 2 3 1 173 327 325 876 877 878
243 9 2 3 1 325 441 173 879 585 878
244 9 2 3 1 173 444 327 582 880 876
245 9 2 3 1 416 463 174 881 882 692
246 9 2 3 1 174 461 420 883 884 689
247 9 2 3 1 174 463 461 882 885 883
248 9 2 3 1 346 347 175 886 887 546
249 9 2 3 1 347 348 175 888 889 887
250 9 2 3 1 348 350 175 890 549 889
251 9 2 3 1 176 502 419 891 892 573
252 9 2 3 1 443 496 176 893 894 570
253 9 2 3 1 496 502 176 895 891 894
254 9 2 3 1 315 503 177 896 897 608
255 9 2 3 1 462 498 177 665 609 898
256 9 2 3 1 177 503 462 897 899 898
257 9 2 3 1 178 442 436 671 900 901
258 9 2 3 1 436 450 178 902 903 901
259 9 2 3 1 450 500 178 615 668 903
260 9 2 3 1 179 305 181 904 905 522
261 9 2 3 1 179 446 305 906 907 904
262 9 2 3 1 179 495 446 519 663 906
263 9 2 3 1 180 487 314 908 909 755
264 9 2 3 1 449 487 180 910 908 911
265 9 2 3 1 180 499 449 756 614 911
266 9 2 3 1 181 305 182 905 912 871
267 9 2 3 1 182 184 183 913 914 873
268 9 2 3 1 182 277 184 915 916 913
269 9 2 3 1 182 305 277 912 917 915
270 9 2 3 1 184 185 183 918 919 914
271 9 2 3 1 185 431 183 920 921 919
272 9 2 3 1 183 431 313 921 829 875
273 9 2 3 1 184 186 185 922 923 918
274 9 2 3 1 184 303 186 924 925 922
275 9 2 3 1 277 303 184 926 924 916
276 9 2 3 1 186 187 185 927 928 923
277 9 2 3 1 187 273 185 929 930 928
278 9 2 3 1 273 431 185 931 920 930
279 9 2 3 1 186 188 187 932 933 927
280 9 2 3 1 186 255 188 934 935 932
281 9 2 3 1 186 303 255 925 936 934
282 9 2 3 1 188 189 187 937 938 933
283 9 2 3 1 189 427 187 939 940 938
284 9 2 3 1 187 427 273 940 941 929
285 9 2 3 1 188 190 189 942 943 937
286 9 2 3 1 188 304 190 944 945 942
287 9 2 3 1 255 304 188 946 944 935
288 9 2 3 1 190 191 189 947 948 943
289 9 2 3 1 191 192 189 949 950 948
290 9 2 3 1 192 427 189 951 939 950
291 9 2 3 1 190 236 191 952 953 947
292 9 2 3 1 190 237 236 954 955 952
293 9 2 3 1 190 304 237 945 956 954
294 9 2 3 1 191 193 192 957 958 949
295 9 2 3 1 191 352 193 959 960 957
296 9 2 3 1 236 352 191 961 959 953
297 9 2 3 1 193 194 192 962 963 958
298 9 2 3 1 194 251 192 964 965 963
299 9 2 3 1 251 427 192 966 951 965
300 9 2 3 1 193 195 194 967 968 962
301 9 2 3 1 193 241 195 969 970 967
302 9 2 3 1 193 352 241 960 971 969
303 9 2 3 1 195 196 194 972 973 968
304 9 2 3 1 196 439 194 974 975 973
305 9 2 3 1 194 439 251 975 976 964
306 9 2 3 1 195 197 196 977 978 972
307 9 2 3 1 195 396 197 979 980 977
308 9 2 3 1 241 396 195 981 979 970
309 9 2 3 1 197 198 196 982 983 978
310 9 2 3 1 198 440 196 984 985 983
311 9 2 3 1 196 440 439 985 986 974
312 9 2 3 1 197 199 198 987 988 982
313 9 2 3 1 197 244 199 989 990 987
314 9 2 3 1 197 396 244 980 991 989
315 9 2 3 1 199 200 198 992 993 988
316 9 2 3 1 200 259 198 994 995 993
317 9 2 3 1 259 440 198 996 984 995
318 9 2 3 1 199 201 200 997 998 992
319 9 2 3 1 199 392 201 999 1000 997
320 9 2 3 1 244 392 199 1001 999 990
321 9 2 3 1 201 202 200 1002 1003 998
322 9 2 3 1 202 435 200 1004 1005 1003
323 9 2 3 1 200 435 259 1005 1006 994
324 9 2 3 1 201 203 202 1007 1008 1002
325 9 2 3 1 201 388 203 1009 1010 1007
326 9 2 3 1 201 392 388 1000 1011 1009
327 9 2 3 1 203 204 202 1012 1013 1008
328 9 2 3 1 204 258 202 1014 1015 1013
329 9 2 3 1 258 435 202 1016 1004 1015
330 9 2 3 1 203 205 204 1017 1018 1012
331 9 2 3 1 203 238 205 1019 1020 1017
332 9 2 3 1 203 388 238 1010 1021 1019
333 9 2 3 1 205 206 204 1022 1023 1018
334 9 2 3 1 206 415 204 1024 1025 1023
335 9 2 3 1 204 415 258 1025 1026 1014
336 9 2 3 1 205 207 206 1027 1028 1022
337 9 2 3 1 205 385 207 1029 1030 1027
338 9 2 3 1 238 385 205 1031 1029 1020
339 9 2 3 1 207 208 206 1032 1033 1028
340 9 2 3 1 208 250 206 1034 1035 1033
341 9 2 3 1 250 415 206 1036 1024 1035
342 9 2 3 1 207 209 208 1037 1038 1032
343 9 2 3 1 207 381 209 1039 1040 1037
344 9 2 3 1 207 385 381 1030 1041 1039
345 9 2 3 1 209 210 208 1042 1043 1038
346 9 2 3 1 210 408 208 1044 1045 1043
347 9 2 3 1 208 408 250 1045 1046 1034
348 9 2 3 1 209 211 210 1047 1048 1042
349 9 2 3 1 209 239 211 1049 1050 1047
350 9 2 3 1 209 381 239 1040 1051 1049
351 9 2 3 1 211 212 210 1052 1053 1048
352 9 2 3 1 212 447 210 1054 1055 1053
353 9 2 3 1 210 447 408 1055 1056 1044
354 9 2 3 1 211 213 212 1057 1058 1052
355 9 2 3 1 211 378 213 1059 1060 1057
356 9 2 3 1 239 378 211 1061 1059 1050
357 9 2 3 1 213 214 212 1062 1063 1058
358 9 2 3 1 214 249 212 1064 1065 1063
359 9 2 3 1 249 447 212 1066 1054 1065
360 9 2 3 1 213 215 214 1067 1068 1062
361 9 2 3 1 213 395 215 1069 1070 1067
362 9 2 3 1 378 395 213 1071 1069 1060
363 9 2 3 1 215 216 214 1072 1073 1068
364 9 2 3 1 216 471 214 1074 1075 1073
365 9 2 3 1 214 471 249 1075 1076 1064
366 9 2 3 1 215 217 216 1077 1078 1072
367 9 2 3 1 215 240 217 1079 1080 1077
368 9 2 3 1 215 395 240 1070 1081 1079
369 9 2 3 1 217 218 216 1082 1083 1078
370 9 2 3 1 218 456 216 1084 1085 1083
371 9 2 3 1 456 471 216 1086 1074 1085
372 9 2 3 1 217 219 218 1087 1088 1082
373 9 2 3 1 217 371 219 1089 1090 1087
374 9 2 3 1 240 371 217 1091 1089 1080
375 9 2 3 1 219 220 218 1092 1093 1088
376 9 2 3 1 220 257 218 1094 1095 1093
377 9 2 3 1 257 456 218 1096 1084 1095
378 9 2 3 1 219 221 220 1097 1098 1092
379 9 2 3 1 219 372 221 1099 1100 1097
380 9 2 3 1 371 372 219 1101 1099 1090
381 9 2 3 1 221 222 220 1102 1103 1098
382 9 2 3 1 222 329 220 1104 1105 1103
383 9 2 3 1 220 329 257 1105 1106 1094
384 9 2 3 1 221 223 222 1107 1108 1102
385 9 2 3 1 221 243 223 1109 1110 1107
386 9 2 3 1 221 372 243 1100 1111 1109
387 9 2 3 1 223 224 222 1112 1113 1108
388 9 2 3 1 224 256 222 1114 1115 1113
389 9 2 3 1 256 329 222 1116 1104 1115
390 9 2 3 1 223 225 224 1117 1118 1112
391 9 2 3 1 223 363 225 1119 1120 1117
392 9 2 3 1 243 363 223 1121 1119 1110
393 9 2 3 1 225 226 224 1122 1123 1118
394 9 2 3 1 226 337 224 1124 1125 1123
395 9 2 3 1 224 337 256 1125 1126 1114
396 9 2 3 1 225 227 226 1127 1128 1122
397 9 2 3 1 225 354 227 1129 1130 1127
398 9 2 3 1 225 363 354 1120 1131 1129
399 9 2 3 1 227 228 226 1132 1133 1128
400 9 2 3 1 228 248 226 1134 1135 1133
401 9 2 3 1 248 337 226 1136 1124 1135
402 9 2 3 1 227 229 228 1137 1138 1132
403 9 2 3 1 227 245 229 1139 1140 1137
404 9 2 3 1 227 354 245 1130 1141 1139
405 9 2 3 1 229 230 228 1142 1143 1138
406 9 2 3 1 230 353 228 1144 1145 1143
407 9 2 3 1 228 353 248 1145 1146 1134
408 9 2 3 1 229 231 230 1147 1148 1142
409 9 2 3 1 229 430 231 1149 1150 1147
410 9 2 3 1 245 430 229 1151 1149 1140
411 9 2 3 1 231 232 230 1152 1153 1148
412 9 2 3 1 232 426 230 1154 1155 1153
413 9 2 3 1 230 426 353 1155 1156 1144
414 9 2 3 1 231 233 232 1157 1158 1152
415 9 2 3 1 231 429 233 1159 1160 1157
416 9 2 3 1 231 430 429 1150 1161 1159
417 9 2 3 1 233 234 232 1162 1163 1158
418 9 2 3 1 234 246 232 1164 1165 1163
419 9 2 3 1 246 426 232 1166 1154 1165
420 9 2 3 1 233 235 234 1167 1168 1162
421 9 2 3 1 233 242 235 1169 1170 1167
422 9 2 3 1 233 429 242 1160 1171 1169
423 9 2 3 1 235 318 234 1172 1173 1168
424 9 2 3 1 234 247 246 1174 1175 1164
425 9 2 3 1 234 318 247 1173 1176 1174
426 9 2 3 1 242 254 235 1177 1178 1170
427 9 2 3 1 254 260 235 1179 1180 1178
428 9 2 3 1 260 318 235 1181 1172 1180
429 9 2 3 1 237 252 236 1182 1183 955
430 9 2 3 1 252 271 236 1184 1185 1183
431 9 2 3 1 271 352 236 1186 961 1185
432 9 2 3 1 237 253 252 1187 1188 1182
433 9 2 3 1 237 268 253 1189 1190 1187
434 9 2 3 1 237 304 268 956 1191 1189
435 9 2 3 1 238 386 385 1192 1193 1031
436 9 2 3 1 238 387 386 1194 1195 1192
437 9 2 3 1 238 388 387 1021 1196 1194
438 9 2 3 1 239 379 378 1197 1198 1061
439 9 2 3 1 239 380 379 1199 1200 1197
440 9 2 3 1 239 381 380 1051 1201 1199
441 9 2 3 1 369 371 240 1202 1091 1203
442 9 2 3 1 240 373 369 1204 1205 1203
443 9 2 3 1 240 395 373 1081 1206 1204
444 9 2 3 1 352 428 241 1207 1208 971
445 9 2 3 1 241 401 396 1209 1210 981
446 9 2 3 1 241 428 401 1208 1211 1209
447 9 2 3 1 242 263 254 1212 1213 1177
448 9 2 3 1 242 264 263 1214 1215 1212
449 9 2 3 1 242 429 264 1171 1216 1214
450 9 2 3 1 361 363 243 1217 1121 1218
451 9 2 3 1 243 364 361 1219 1220 1218
452 9 2 3 1 243 372 364 1111 1221 1219
453 9 2 3 1 244 393 392 1222 1223 1001
454 9 2 3 1 244 394 393 1224 1225 1222
455 9 2 3 1 244 396 394 991 1226 1224
456 9 2 3 1 354 355 245 1227 1228 1141
457 9 2 3 1 355 433 245 1229 1230 1228
458 9 2 3 1 245 433 430 1230 1231 1151
459 9 2 3 1 247 261 246 1232 1233 1175
460 9 2 3 1 261 266 246 1234 1235 1233
461 9 2 3 1 266 426 246 1236 1166 1235
462 9 2 3 1 247 262 261 1237 1238 1232
463 9 2 3 1 247 267 262 1239 1240 1237
464 9 2 3 1 247 318 267 1176 1241 1239
465 9 2 3 1 323 324 248 1242 1243 1244
466 9 2 3 1 248 353 323 1146 1245 1244
467 9 2 3 1 324 337 248 1246 1136 1243
468 9 2 3 1 249 459 447 1247 1248 1066
469 9 2 3 1 249 494 459 1249 1250 1247
470 9 2 3 1 471 494 249 1251 1249 1076
471 9 2 3 1 250 407 405 1252 1253 1254
472 9 2 3 1 405 415 250 1255 1036 1254
473 9 2 3 1 250 408 407 1046 1256 1252
474 9 2 3 1 345 438 251 1257 1258 1259
475 9 2 3 1 251 439 345 976 1260 1259
476 9 2 3 1 251 438 427 1258 1261 966
477 9 2 3 1 253 451 252 1262 1263 1188
478 9 2 3 1 252 272 271 1264 1265 1184
479 9 2 3 1 252 451 272 1263 1266 1264
480 9 2 3 1 268 269 253 1267 1268 1190
481 9 2 3 1 269 279 253 1269 1270 1268
482 9 2 3 1 279 451 253 1271 1262 1270
483 9 2 3 1 254 306 260 1272 1273 1179
484 9 2 3 1 263 265 254 1274 1275 1213
485 9 2 3 1 265 306 254 1276 1272 1275
486 9 2 3 1 255 299 295 1277 1278 1279
487 9 2 3 1 295 304 255 1280 946 1279
488 9 2 3 1 255 303 299 936 1281 1277
489 9 2 3 1 326 328 256 1282 1283 1284
490 9 2 3 1 256 337 326 1126 1285 1284
491 9 2 3 1 328 329 256 1286 1116 1283
492 9 2 3 1 329 330 257 1287 1288 1106
493 9 2 3 1 330 331 257 1289 1290 1288
494 9 2 3 1 331 456 257 1291 1096 1290
495 9 2 3 1 258 415 404 1026 1292 1293
496 9 2 3 1 404 432 258 1294 1295 1293
497 9 2 3 1 432 435 258 1296 1016 1295
498 9 2 3 1 259 435 349 1006 1297 1298
499 9 2 3 1 349 437 259 1299 1300 1298
500 9 2 3 1 437 440 259 1301 996 1300
501 9 2 3 1 260 311 293 1302 1303 1304
502 9 2 3 1 293 318 260 1305 1181 1304
503 9 2 3 1 306 311 260 1306 1302 1273
504 9 2 3 1 262 316 261 1307 1308 1238
505 9 2 3 1 261 275 266 1309 1310 1234
506 9 2 3 1 261 316 275 1308 1311 1309
507 9 2 3 1 267 270 262 1312 1313 1240
508 9 2 3 1 270 286 262 1314 1315 1313
509 9 2 3 1 286 316 262 847 1307 1315
510 9 2 3 1 264 274 263 1316 1317 1215
511 9 2 3 1 263 336 265 1318 1319 1274
512 9 2 3 1 274 336 263 1320 1318 1317
513 9 2 3 1 264 281 274 1321 1322 1316
514 9 2 3 1 264 282 281 1323 1324 1321
515 9 2 3 1 264 429 282 1216 1325 1323
516 9 2 3 1 265 307 306 1326 1327 1276
517 9 2 3 1 265 308 307 1328 1329 1326
518 9 2 3 1 265 336 308 1319 1330 1328
519 9 2 3 1 275 288 266 1331 1332 1310
520 9 2 3 1 288 289 266 1333 1334 1332
521 9 2 3 1 289 426 266 1335 1236 1334
522 9 2 3 1 267 284 270 1336 1337 1312
523 9 2 3 1 267 293 284 1338 1339 1336
524 9 2 3 1 267 318 293 1241 1305 1338
525 9 2 3 1 268 276 269 1340 1341 1267
526 9 2 3 1 268 295 276 1342 1343 1340
527 9 2 3 1 268 304 295 1191 1280 1342
528 9 2 3 1 276 312 269 1344 1345 1341
529 9 2 3 1 269 280 279 1346 1347 1269
530 9 2 3 1 269 312 280 1345 1348 1346
531 9 2 3 1 284 319 270 1349 1350 1337
532 9 2 3 1 270 287 286 1351 1352 1314
533 9 2 3 1 270 319 287 1350 1353 1351
534 9 2 3 1 272 278 271 1354 1355 1265
535 9 2 3 1 278 428 271 1356 1357 1355
536 9 2 3 1 271 428 352 1357 1207 1186
537 9 2 3 1 272 458 278 1358 1359 1354
538 9 2 3 1 451 455 272 1360 1361 1266
539 9 2 3 1 455 458 272 1362 1358 1361
540 9 2 3 1 339 431 273 833 931 1363
541 9 2 3 1 273 438 339 1364 1365 1363
542 9 2 3 1 427 438 273 1261 1364 941
543 9 2 3 1 281 285 274 1366 1367 1322
544 9 2 3 1 285 454 274 1368 1369 1367
545 9 2 3 1 274 454 336 1369 1370 1320
546 9 2 3 1 275 468 288 1371 787 1331
547 9 2 3 1 316 317 275 1372 1373 1311
548 9 2 3 1 317 468 275 597 1371 1373
549 9 2 3 1 295 296 276 1374 1375 1343
550 9 2 3 1 296 297 276 763 1376 1375
551 9 2 3 1 297 312 276 850 1344 1376
552 9 2 3 1 277 301 300 1377 858 1378
553 9 2 3 1 300 303 277 1379 926 1378
554 9 2 3 1 277 305 301 917 1380 1377
555 9 2 3 1 278 434 428 1381 1382 1356
556 9 2 3 1 278 460 434 1383 1384 1381
557 9 2 3 1 458 460 278 808 1383 1359
558 9 2 3 1 280 302 279 1385 1386 1347
559 9 2 3 1 302 322 279 835 1387 1386
560 9 2 3 1 322 451 279 1388 1271 1387
561 9 2 3 1 280 436 302 1389 1390 1385
562 9 2 3 1 312 464 280 853 1391 1348
563 9 2 3 1 280 464 436 1391 1392 1389
564 9 2 3 1 282 283 281 1393 1394 1324
565 9 2 3 1 283 485 281 1395 1396 1394
566 9 2 3 1 281 485 285 1396 1397 1366
567 9 2 3 1 282 433 283 1398 1399 1393
568 9 2 3 1 429 430 282 1161 1400 1325
569 9 2 3 1 430 433 282 1231 1398 1400
570 9 2 3 1 283 433 359 1399 1401 1402
571 9 2 3 1 359 482 283 1403 1404 1402
572 9 2 3 1 482 485 283 827 1395 1404
573 9 2 3 1 293 294 284 1405 1406 1339
574 9 2 3 1 294 493 284 1407 1408 1406
575 9 2 3 1 284 493 319 1408 866 1349
576 9 2 3 1 285 488 454 1409 843 1368
577 9 2 3 1 485 490 285 828 1410 1397
578 9 2 3 1 285 490 488 1410 746 1409
579 9 2 3 1 287 315 286 1411 844 1352
580 9 2 3 1 287 503 315 1412 896 1411
581 9 2 3 1 319 320 287 1413 1414 1353
582 9 2 3 1 320 503 287 1415 1412 1414
583 9 2 3 1 288 290 289 785 1416 1333
584 9 2 3 1 290 323 289 1417 1418 1416
585 9 2 3 1 323 353 289 1245 1419 1418
586 9 2 3 1 353 426 289 1156 1335 1419
587 9 2 3 1 291 292 290 1420 1421 788
588 9 2 3 1 292 323 290 1422 1417 1421
589 9 2 3 1 291 441 292 588 1423 1420
590 9 2 3 1 292 324 323 1424 1242 1422
591 9 2 3 1 292 325 324 1425 1426 1424
592 9 2 3 1 292 441 325 1423 879 1425
593 9 2 3 1 293 311 294 1303 1427 1405
594 9 2 3 1 311 489 294 1428 759 1427
595 9 2 3 1 421 493 294 870 1407 757
596 9 2 3 1 295 299 296 1278 1429 1374
597 9 2 3 1 296 299 298 1429 1430 765
598 9 2 3 1 299 300 298 1431 855 1430
599 9 2 3 1 299 303 300 1281 1379 1431
600 9 2 3 1 305 446 301 907 1432 1380
601 9 2 3 1 446 479 301 661 860 1432
602 9 2 3 1 436 442 302 900 837 1390
603 9 2 3 1 307 310 306 1433 1434 1327
604 9 2 3 1 310 311 306 1435 1306 1434
605 9 2 3 1 308 309 307 1436 1437 1329
606 9 2 3 1 309 497 307 1438 1439 1437
607 9 2 3 1 307 497 310 1439 863 1433
608 9 2 3 1 308 487 309 1440 1441 1436
609 9 2 3 1 336 486 308 1442 1443 1330
610 9 2 3 1 486 487 308 1444 1440 1443
611 9 2 3 1 309 449 422 1445 620 1446
612 9 2 3 1 422 497 309 865 1438 1446
613 9 2 3 1 309 487 449 1441 910 1445
614 9 2 3 1 310 489 311 1447 1428 1435
615 9 2 3 1 423 489 310 761 1447 861
616 9 2 3 1 314 487 486 909 1444 839
617 9 2 3 1 316 504 317 848 599 1372
618 9 2 3 1 319 501 320 869 1448 1413
619 9 2 3 1 320 501 462 1448 664 1449
620 9 2 3 1 462 503 320 899 1415 1449
621 9 2 3 1 321 455 322 1450 1451 838
622 9 2 3 1 351 455 321 1452 1450 680
623 9 2 3 1 322 455 451 1451 1360 1388
624 9 2 3 1 325 326 324 1453 1454 1426
625 9 2 3 1 326 337 324 1285 1246 1454
626 9 2 3 1 325 327 326 877 1455 1453
627 9 2 3 1 327 328 326 1456 1282 1455
628 9 2 3 1 327 445 328 1457 1458 1456
629 9 2 3 1 444 445 327 773 1457 880
630 9 2 3 1 328 330 329 1459 1287 1286
631 9 2 3 1 328 445 330 1458 1460 1459
632 9 2 3 1 330 332 331 1461 1462 1289
633 9 2 3 1 330 445 332 1460 771 1461
634 9 2 3 1 332 333 331 1463 1464 1462
635 9 2 3 1 333 334 331 1465 1466 1464
636 9 2 3 1 334 456 331 1467 1291 1466
637 9 2 3 1 332 502 333 1468 1469 1463
638 9 2 3 1 419 502 332 892 1468 769
639 9 2 3 1 333 335 334 1470 1471 1465
640 9 2 3 1 333 496 335 1472 1473 1470
641 9 2 3 1 333 502 496 1469 895 1472
642 9 2 3 1 335 494 334 1474 1475 1471
643 9 2 3 1 334 471 456 1476 1086 1467
644 9 2 3 1 334 494 471 1475 1251 1476
645 9 2 3 1 475 494 335 1477 1474 1478
646 9 2 3 1 335 496 475 1473 1479 1478
647 9 2 3 1 454 486 336 841 1442 1370
648 9 2 3 1 339 340 338 1480 1481 832
649 9 2 3 1 340 341 338 1482 537 1481
650 9 2 3 1 339 438 340 1365 1483 1480
651 9 2 3 1 340 342 341 1484 779 1482
652 9 2 3 1 340 345 342 1485 1486 1484
653 9 2 3 1 340 438 345 1483 1257 1485
654 9 2 3 1 342 344 343 1487 1488 781
655 9 2 3 1 342 345 344 1486 1489 1487
656 9 2 3 1 344 437 343 1490 1491 1488
657 9 2 3 1 343 347 346 1492 886 783
658 9 2 3 1 343 437 347 1491 1493 1492
659 9 2 3 1 345 439 344 1260 1494 1489
660 9 2 3 1 344 440 437 1495 1301 1490
661 9 2 3 1 439 440 344 986 1495 1494
662 9 2 3 1 347 349 348 1496 1497 888
663 9 2 3 1 347 437 349 1493 1299 1496
664 9 2 3 1 349 432 348 1498 1499 1497
665 9 2 3 1 348 402 350 1500 819 890
666 9 2 3 1 348 432 402 1499 1501 1500
667 9 2 3 1 349 435 432 1297 1296 1498
668 9 2 3 1 351 458 455 805 1362 1452
669 9 2 3 1 354 356 355 1502 1503 1227
670 9 2 3 1 354 363 356 1131 1504 1502
671 9 2 3 1 356 357 355 1505 1506 1503
672 9 2 3 1 357 359 355 1507 1508 1506
673 9 2 3 1 359 433 355 1401 1229 1508
674 9 2 3 1 356 358 357 1509 1510 1505
675 9 2 3 1 356 361 358 1511 1512 1509
676 9 2 3 1 356 363 361 1504 1217 1511
677 9 2 3 1 358 491 357 1513 1514 1510
678 9 2 3 1 357 360 359 1515 1516 1507
679 9 2 3 1 357 491 360 1514 1517 1515
680 9 2 3 1 361 362 358 1518 1519 1512
681 9 2 3 1 362 484 358 1520 1521 1519
682 9 2 3 1 484 491 358 802 1513 1521
683 9 2 3 1 360 482 359 1522 1403 1516
684 9 2 3 1 457 482 360 825 1522 1523
685 9 2 3 1 360 492 457 1524 737 1523
686 9 2 3 1 491 492 360 803 1524 1517
687 9 2 3 1 361 364 362 1220 1525 1518
688 9 2 3 1 364 365 362 1526 1527 1525
689 9 2 3 1 365 368 362 1528 1529 1527
690 9 2 3 1 368 484 362 1530 1520 1529
691 9 2 3 1 364 366 365 1531 1532 1526
692 9 2 3 1 364 372 366 1221 1533 1531
693 9 2 3 1 366 367 365 1534 1535 1532
694 9 2 3 1 367 481 365 1536 1537 1535
695 9 2 3 1 365 481 368 1537 1538 1528
696 9 2 3 1 366 369 367 1539 1540 1534
697 9 2 3 1 366 371 369 1541 1202 1539
698 9 2 3 1 366 372 371 1533 1101 1541
699 9 2 3 1 369 370 367 1542 1543 1540
700 9 2 3 1 370 480 367 1544 1545 1543
701 9 2 3 1 480 481 367 812 1536 1545
702 9 2 3 1 368 483 453 1546 728 1547
703 9 2 3 1 453 484 368 800 1530 1547
704 9 2 3 1 481 483 368 813 1546 1538
705 9 2 3 1 369 373 370 1205 1548 1542
706 9 2 3 1 373 374 370 1549 1550 1548
707 9 2 3 1 374 377 370 1551 1552 1550
708 9 2 3 1 377 480 370 1553 1544 1552
709 9 2 3 1 373 375 374 1554 1555 1549
710 9 2 3 1 373 395 375 1206 1556 1554
711 9 2 3 1 375 376 374 1557 1558 1555
712 9 2 3 1 376 476 374 1559 1560 1558
713 9 2 3 1 374 476 377 1560 1561 1551
714 9 2 3 1 375 379 376 1562 1563 1557
715 9 2 3 1 378 379 375 1198 1562 1564
716 9 2 3 1 375 395 378 1556 1071 1564
717 9 2 3 1 379 397 376 1565 1566 1563
718 9 2 3 1 397 474 376 1567 1568 1566
719 9 2 3 1 474 476 376 777 1559 1568
720 9 2 3 1 377 478 452 1569 719 1570
721 9 2 3 1 452 480 377 810 1553 1570
722 9 2 3 1 476 478 377 778 1569 1561
723 9 2 3 1 380 397 379 1571 1565 1200
724 9 2 3 1 381 382 380 1572 1573 1201
725 9 2 3 1 382 383 380 1574 1575 1573
726 9 2 3 1 383 397 380 1576 1571 1575
727 9 2 3 1 381 385 382 1041 1577 1572
728 9 2 3 1 382 384 383 1578 1579 1574
729 9 2 3 1 382 386 384 1580 1581 1578
730 9 2 3 1 385 386 382 1193 1580 1577
731 9 2 3 1 384 472 383 1582 1583 1579
732 9 2 3 1 383 398 397 1584 1585 1576
733 9 2 3 1 383 472 398 1583 1586 1584
734 9 2 3 1 386 425 384 1587 1588 1581
735 9 2 3 1 425 470 384 1589 1590 1588
736 9 2 3 1 470 472 384 792 1582 1590
737 9 2 3 1 387 425 386 1591 1587 1195
738 9 2 3 1 388 389 387 1592 1593 1196
739 9 2 3 1 389 390 387 1594 1595 1593
740 9 2 3 1 390 425 387 1596 1591 1595
741 9 2 3 1 388 392 389 1011 1597 1592
742 9 2 3 1 389 391 390 1598 1599 1594
743 9 2 3 1 389 393 391 1600 1601 1598
744 9 2 3 1 392 393 389 1223 1600 1597
745 9 2 3 1 391 467 390 1602 1603 1599
746 9 2 3 1 390 469 425 1604 1605 1596
747 9 2 3 1 467 469 390 1606 1604 1603
748 9 2 3 1 393 399 391 1607 1608 1601
749 9 2 3 1 399 465 391 1609 1610 1608
750 9 2 3 1 465 467 391 798 1602 1610
751 9 2 3 1 394 399 393 1611 1607 1225
752 9 2 3 1 396 401 394 1210 1612 1226
753 9 2 3 1 394 400 399 1613 1614 1611
754 9 2 3 1 394 401 400 1612 1615 1613
755 9 2 3 1 398 474 397 1616 1567 1585
756 9 2 3 1 398 473 448 1617 710 1618
757 9 2 3 1 448 474 398 775 1616 1618
758 9 2 3 1 472 473 398 793 1617 1586
759 9 2 3 1 400 463 399 1619 1620 1614
760 9 2 3 1 463 465 399 1621 1609 1620
761 9 2 3 1 401 434 400 1622 1623 1615
762 9 2 3 1 434 461 400 1624 1625 1623
763 9 2 3 1 461 463 400 885 1619 1625
764 9 2 3 1 428 434 401 1382 1622 1211
765 9 2 3 1 402 404 403 1626 1627 821
766 9 2 3 1 402 432 404 1501 1294 1626
767 9 2 3 1 404 405 403 1628 1629 1627
768 9 2 3 1 405 406 403 1630 1631 1629
769 9 2 3 1 406 414 403 1632 823 1631
770 9 2 3 1 404 415 405 1292 1255 1628
771 9 2 3 1 405 407 406 1253 1633 1630
772 9 2 3 1 407 410 406 1634 1635 1633
773 9 2 3 1 410 413 406 817 1636 1635
774 9 2 3 1 413 414 406 558 1632 1636
775 9 2 3 1 408 409 407 1637 1638 1256
776 9 2 3 1 409 410 407 1639 1634 1638
777 9 2 3 1 408 447 409 1056 1640 1637
778 9 2 3 1 409 411 410 1641 814 1639
779 9 2 3 1 409 459 411 1642 1643 1641
780 9 2 3 1 447 459 409 1248 1642 1640
781 9 2 3 1 411 475 412 1644 1645 818
782 9 2 3 1 459 475 411 1646 1644 1643
783 9 2 3 1 412 475 443 1645 1647 567
784 9 2 3 1 416 465 463 795 1621 881
785 9 2 3 1 418 469 417 1648 1649 701
786 9 2 3 1 417 469 467 1649 1606 796
787 9 2 3 1 418 470 469 790 1650 1648
788 9 2 3 1 420 461 460 884 1651 806
789 9 2 3 1 424 450 436 621 902 1652
790 9 2 3 1 436 464 424 1392 854 1652
791 9 2 3 1 469 470 425 1650 1589 1605
792 9 2 3 1 460 461 434 1651 1624 1384
793 9 2 3 1 475 496 443 1479 893 1647
794 9 2 3 1 459 494 475 1250 1477 1646
795 9 2 2 2 3 1659 1 1744 1745 34
796 9 2 2 2 1 1725 33 1746 1747 65
797 9 2 2 2 1659 1725 1 1748 1746 1745
798 9 2 2 2 4 1722 3 1749 1750 35
799 9 2 2 2 3 1722 1659 1750 1751 1744
800 9 2 2 2 5 1667 4 1752 1753 36
801 9 2 2 2 1667 1722 4 1754 1749 1753
802 9 2 2 2 6 1730 5 1755 1756 37
803 9 2 2 2 5 1730 1667 1756 1757 1752
804 9 2 2 2 7 1654 6 1758 1759 38
805 9 2 2 2 1654 1730 6 1760 1755 1759
806 9 2 2 2 8 1726 7 1761 1762 39
807 9 2 2 2 7 1726 1654 1762 1763 1758
808 9 2 2 2 9 1663 8 1764 1765 40
809 9 2 2 2 1663 1726 8 1766 1761 1765
810 9 2 2 2 10 1728 9 1767 1768 41
811 9 2 2 2 9 1728 1663 1768 1769 1764
812 9 2 2 2 11 1658 10 1770 1771 42
813 9 2 2 2 1658 1728 10 1772 1767 1771
814 9 2 2 2 12 1729 11 1773 1774 43
815 9 2 2 2 11 1729 1658 1774 1775 1770
816 9 2 2 2 13 1666 12 1776 1777 44
817 9 2 2 2 1666 1729 12 1778 1773 1777
818 9 2 2 2 14 1723 13 1779 1780 45
819 9 2 2 2 13 1723 1666 1780 1781 1776
820 9 2 2 2 15 1655 14 1782 1783 46
821 9 2 2 2 1655 1723 14 1784 1779 1783
822 9 2 2 2 16 1732 15 1785 1786 47
823 9 2 2 2 15 1732 1655 1786 1787 1782
824 9 2 2 2 17 1668 16 1788 1789 48
825 9 2 2 2 1668 1732 16 1790 1785 1789
826 9 2 2 2 18 1737 17 1791 1792 49
827 9 2 2 2 17 1737 1668 1792 1793 1788
828 9 2 2 2 19 1657 18 1794 1795 50
829 9 2 2 2 1657 1737 18 1796 1791 1795
830 9 2 2 2 20 1669 19 1797 1798 51
831 9 2 2 2 19 1669 1657 1798 1799 1794
832 9 2 2 2 21 1661 20 1800 1801 52
833 9 2 2 2 1661 1669 20 1802 1797 1801
834 9 2 2 2 22 1720 21 1803 1804 53
835 9 2 2 2 21 1720 1661 1804 1805 1800
836 9 2 2 2 23 1653 22 1806 1807 54
837 9 2 2 2 1653 1720 22 1808 1803 1807
838 9 2 2 2 24 1724 23 1809 1810 55
839 9 2 2 2 23 1724 1653 1810 1811 1806
840 9 2 2 2 25 1662 24 1812 1813 56
841 9 2 2 2 1662 1724 24 1814 1809 1813
842 9 2 2 2 26 1721 25 1815 1816 57
843 9 2 2 2 25 1721 1662 1816 1817 1812
844 9 2 2 2 27 1660 26 1818 1819 58
845 9 2 2 2 1660 1721 26 1820 1815 1819
846 9 2 2 2 28 1740 27 1821 1822 59
847 9 2 2 2 27 1740 1660 1822 1823 1818
848 9 2 2 2 29 1664 28 1824 1825 60
849 9 2 2 2 1664 1740 28 1826 1821 1825
850 9 2 2 2 30 1733 29 1827 1828 61
851 9 2 2 2 29 1733 1664 1828 1829 1824
852 9 2 2 2 31 1656 30 1830 1831 62
853 9 2 2 2 1656 1733 30 1832 1827 1831
854 9 2 2 2 32 1727 31 1833 1834 63
855 9 2 2 2 31 1727 1656 1834 1835 1830
856 9 2 2 2 33 1665 32 1836 1837 64
857 9 2 2 2 1665 1727 32 1838 1833 1837
858 9 2 2 2 33 1725 1665 1747 1839 1836
859 9 2 2 2 1653 1716 1707 1840 1841 1842
860 9 2 2 2 1707 1743 1653 1843 1844 1842
861 9 2 2 2 1653 1724 1716 1811 1845 1840
862 9 2 2 2 1653 1743 1720 1844 1846 1808
863 9 2 2 2 1726 1739 1654 1847 1848 1763
864 9 2 2 2 1654 1734 1730 1849 1850 1760
865 9 2 2 2 1654 1739 1734 1848 1851 1849
866 9 2 2 2 1655 1732 1713 1787 1852 1853
867 9 2 2 2 1713 1736 1655 1854 1855 1853
868 9 2 2 2 1655 1736 1723 1855 1856 1784
869 9 2 2 2 1712 1718 1656 1857 1858 1859
870 9 2 2 2 1656 1727 1712 1835 1860 1859
871 9 2 2 2 1718 1733 1656 1861 1832 1858
872 9 2 2 2 1669 1670 1657 1862 1863 1799
873 9 2 2 2 1670 1717 1657 1864 1865 1863
874 9 2 2 2 1717 1737 1657 1866 1796 1865
875 9 2 2 2 1696 1697 1658 1867 1868 1869
876 9 2 2 2 1658 1738 1696 1870 1871 1869
877 9 2 2 2 1697 1742 1658 1872 1873 1868
878 9 2 2 2 1658 1742 1728 1873 1874 1772
879 9 2 2 2 1729 1738 1658 1875 1870 1775
880 9 2 2 2 1659 1722 1699 1751 1876 1877
881 9 2 2 2 1699 1731 1659 1878 1879 1877
882 9 2 2 2 1659 1731 1725 1879 1880 1748
883 9 2 2 2 1660 1706 1705 1881 1882 1883
884 9 2 2 2 1705 1721 1660 1884 1820 1883
885 9 2 2 2 1660 1719 1706 1885 1886 1881
886 9 2 2 2 1660 1740 1719 1823 1887 1885
887 9 2 2 2 1661 1670 1669 1888 1862 1802
888 9 2 2 2 1661 1671 1670 1889 1890 1888
889 9 2 2 2 1661 1743 1671 1891 1892 1889
890 9 2 2 2 1720 1743 1661 1846 1891 1805
891 9 2 2 2 1705 1716 1662 1893 1894 1895
892 9 2 2 2 1662 1721 1705 1817 1884 1895
893 9 2 2 2 1716 1724 1662 1845 1814 1894
894 9 2 2 2 1715 1726 1663 1896 1766 1897
895 9 2 2 2 1663 1742 1715 1898 1899 1897
896 9 2 2 2 1728 1742 1663 1874 1898 1769
897 9 2 2 2 1664 1718 1709 1900 1901 1902
898 9 2 2 2 1709 1719 1664 1903 1904 1902
899 9 2 2 2 1664 1733 1718 1829 1861 1900
900 9 2 2 2 1719 1740 1664 1887 1826 1904
901 9 2 2 2 1665 1714 1712 1905 1906 1907
902 9 2 2 2 1712 1727 1665 1860 1838 1907
903 9 2 2 2 1665 1731 1714 1908 1909 1905
904 9 2 2 2 1725 1731 1665 1880 1908 1839
905 9 2 2 2 1666 1723 1711 1781 1910 1911
906 9 2 2 2 1711 1738 1666 1912 1913 1911
907 9 2 2 2 1666 1738 1729 1913 1875 1778
908 9 2 2 2 1667 1741 1722 1914 1915 1754
909 9 2 2 2 1730 1734 1667 1850 1916 1757
910 9 2 2 2 1734 1741 1667 1917 1914 1916
911 9 2 2 2 1713 1732 1668 1852 1790 1918
912 9 2 2 2 1668 1735 1713 1919 1920 1918
913 9 2 2 2 1717 1735 1668 1921 1919 1922
914 9 2 2 2 1668 1737 1717 1793 1866 1922
915 9 2 2 2 1671 1672 1670 1923 1924 1890
916 9 2 2 2 1672 1692 1670 1925 1926 1924
917 9 2 2 2 1692 1717 1670 1927 1864 1926
918 9 2 2 2 1671 1673 1672 1928 1929 1923
919 9 2 2 2 1671 1707 1673 1930 1931 1928
920 9 2 2 2 1671 1743 1707 1892 1843 1930
921 9 2 2 2 1673 1674 1672 1932 1933 1929
922 9 2 2 2 1674 1708 1672 1934 1935 1933
923 9 2 2 2 1672 1708 1692 1935 1936 1925
924 9 2 2 2 1673 1675 1674 1937 1938 1932
925 9 2 2 2 1673 1693 1675 1939 1940 1937
926 9 2 2 2 1673 1707 1693 1931 1941 1939
927 9 2 2 2 1675 1676 1674 1942 1943 1938
928 9 2 2 2 1676 1677 1674 1944 1945 1943
929 9 2 2 2 1677 1708 1674 1946 1934 1945
930 9 2 2 2 1675 1703 1676 1947 1948 1942
931 9 2 2 2 1693 1704 1675 1949 1950 1940
932 9 2 2 2 1675 1704 1703 1950 1951 1947
933 9 2 2 2 1676 1678 1677 1952 1953 1944
934 9 2 2 2 1676 1679 1678 1954 1955 1952
935 9 2 2 2 1676 1703 1679 1948 1956 1954
936 9 2 2 2 1678 1681 1677 1957 1958 1953
937 9 2 2 2 1681 1684 1677 1959 1960 1958
938 9 2 2 2 1684 1708 1677 1961 1946 1960
939 9 2 2 2 1679 1680 1678 1962 1963 1955
940 9 2 2 2 1680 1701 1678 1964 1965 1963
941 9 2 2 2 1678 1701 1681 1965 1966 1957
942 9 2 2 2 1679 1682 1680 1967 1968 1962
943 9 2 2 2 1679 1683 1682 1969 1970 1967
944 9 2 2 2 1679 1703 1683 1956 1971 1969
945 9 2 2 2 1682 1685 1680 1972 1973 1968
946 9 2 2 2 1685 1686 1680 1974 1975 1973
947 9 2 2 2 1686 1701 1680 1976 1964 1975
948 9 2 2 2 1681 1687 1684 1977 1978 1959
949 9 2 2 2 1681 1688 1687 1979 1980 1977
950 9 2 2 2 1681 1701 1688 1966 1981 1979
951 9 2 2 2 1683 1689 1682 1982 1983 1970
952 9 2 2 2 1682 1700 1685 1984 1985 1972
953 9 2 2 2 1689 1700 1682 1986 1984 1983
954 9 2 2 2 1683 1690 1689 1987 1988 1982
955 9 2 2 2 1683 1691 1690 1989 1990 1987
956 9 2 2 2 1683 1703 1691 1971 1991 1989
957 9 2 2 2 1687 1694 1684 1992 1993 1978
958 9 2 2 2 1694 1710 1684 1994 1995 1993
959 9 2 2 2 1684 1710 1708 1995 1996 1961
960 9 2 2 2 1685 1695 1686 1997 1998 1974
961 9 2 2 2 1685 1699 1695 1999 2000 1997
962 9 2 2 2 1685 1700 1699 1985 2001 1999
963 9 2 2 2 1695 1698 1686 2002 2003 1998
964 9 2 2 2 1698 1702 1686 2004 2005 2003
965 9 2 2 2 1686 1702 1701 2005 2006 1976
966 9 2 2 2 1688 1696 1687 2007 2008 1980
967 9 2 2 2 1687 1711 1694 2009 2010 1992
968 9 2 2 2 1696 1711 1687 2011 2009 2008
969 9 2 2 2 1688 1697 1696 2012 1867 2007
970 9 2 2 2 1688 1702 1697 2013 2014 2012
971 9 2 2 2 1701 1702 1688 2006 2013 1981
972 9 2 2 2 1690 1712 1689 2015 2016 1988
973 9 2 2 2 1689 1714 1700 2017 2018 1986
974 9 2 2 2 1712 1714 1689 1906 2017 2016
975 9 2 2 2 1691 1709 1690 2019 2020 1990
976 9 2 2 2 1709 1718 1690 1901 2021 2020
977 9 2 2 2 1690 1718 1712 2021 1857 2015
978 9 2 2 2 1703 1704 1691 1951 2022 1991
979 9 2 2 2 1704 1706 1691 2023 2024 2022
980 9 2 2 2 1706 1709 1691 2025 2019 2024
981 9 2 2 2 1708 1710 1692 1996 2026 1936
982 9 2 2 2 1710 1735 1692 2027 2028 2026
983 9 2 2 2 1692 1735 1717 2028 1921 1927
984 9 2 2 2 1693 1705 1704 2029 2030 1949
985 9 2 2 2 1693 1716 1705 2031 1893 2029
986 9 2 2 2 1707 1716 1693 1841 2031 1941
987 9 2 2 2 1694 1713 1710 2032 2033 1994
988 9 2 2 2 1711 1736 1694 2034 2035 2010
989 9 2 2 2 1694 1736 1713 2035 1854 2032
990 9 2 2 2 1695 1734 1698 2036 2037 2002
991 9 2 2 2 1699 1741 1695 2038 2039 2000
992 9 2 2 2 1695 1741 1734 2039 1917 2036
993 9 2 2 2 1696 1738 1711 1871 1912 2011
994 9 2 2 2 1702 1715 1697 2040 2041 2014
995 9 2 2 2 1715 1742 1697 1899 1872 2041
996 9 2 2 2 1698 1715 1702 2042 2040 2004
997 9 2 2 2 1698 1739 1715 2043 2044 2042
998 9 2 2 2 1734 1739 1698 1851 2043 2037
999 9 2 2 2 1700 1731 1699 2045 1878 2001
1000 9 2 2 2 1722 1741 1699 1915 2038 1876
1001 9 2 2 2 1714 1731 1700 1909 2045 2018
1002 9 2 2 2 1705 1706 1704 1882 2023 2030
1003 9 2 2 2 1706 1719 1709 1886 1903 2025
1004 9 2 2 2 1713 1735 1710 1920 2027 2033
1005 9 2 2 2 1723 1736 1711 1856 2034 1910
1006 9 2 2 2 1715 1739 1726 2044 1847 1896
1007 9 2 1 3 87 2 2052 118 2137 2138
1008 9 2 1 3 2 117 2118 149 2139 2140
1009 9 2 1 3 2052 2 2118 2137 2140 2141
1010 9 2 1 3 88 87 2115 119 2142 2143
1011 9 2 1 3 87 2052 2115 2138 2144 2142
1012 9 2 1 3 89 88 2060 120 2145 2146
1013 9 2 1 3 2060 88 2115 2145 2143 2147
1014 9 2 1 3 90 89 2123 121 2148 2149
1015 9 2 1 3 89 2060 2123 2146 2150 2148
1016 9 2 1 3 91 90 2047 122 2151 2152
1017 9 2 1 3 2047 90 2123 2151 2149 2153
1018 9 2 1 3 92 91 2119 123 2154 2155
1019 9 2 1 3 91 2047 2119 2152 2156 2154
1020 9 2 1 3 93 92 2056 124 2157 2158
1021 9 2 1 3 2056 92 2119 2157 2155 2159
1022 9 2 1 3 94 93 2121 125 2160 2161
1023 9 2 1 3 93 2056 2121 2158 2162 2160
1024 9 2 1 3 95 94 2051 126 2163 2164
1025 9 2 1 3 2051 94 2121 2163 2161 2165
1026 9 2 1 3 96 95 2122 127 2166 2167
1027 9 2 1 3 95 2051 2122 2164 2168 2166
1028 9 2 1 3 97 96 2059 128 2169 2170
1029 9 2 1 3 2059 96 2122 2169 2167 2171
1030 9 2 1 3 98 97 2116 129 2172 2173
1031 9 2 1 3 97 2059 2116 2170 2174 2172
1032 9 2 1 3 99 98 2048 130 2175 2176
1033 9 2 1 3 2048 98 2116 2175 2173 2177
1034 9 2 1 3 100 99 2125 131 2178 2179
1035 9 2 1 3 99 2048 2125 2176 2180 2178
1036 9 2 1 3 101 100 2061 132 2181 2182
1037 9 2 1 3 2061 100 2125 2181 2179 2183
1038 9 2 1 3 102 101 2130 133 2184 2185
1039 9 2 1 3 101 2061 2130 2182 2186 2184
1040 9 2 1 3 103 102 2050 134 2187 2188
1041 9 2 1 3 2050 102 2130 2187 2185 2189
1042 9 2 1 3 104 103 2062 135 2190 2191
1043 9 2 1 3 103 2050 2062 2188 2192 2190
1044 9 2 1 3 105 104 2054 136 2193 2194
1045 9 2 1 3 2054 104 2062 2193 2191 2195
1046 9 2 1 3 106 105 2113 137 2196 2197
1047 9 2 1 3 105 2054 2113 2194 2198 2196
1048 9 2 1 3 107 106 2046 138 2199 2200
1049 9 2 1 3 2046 106 2113 2199 2197 2201
1050 9 2 1 3 108 107 2117 139 2202 2203
1051 9 2 1 3 107 2046 2117 2200 2204 2202
1052 9 2 1 3 109 108 2055 140 2205 2206
1053 9 2 1 3 2055 108 2117 2205 2203 2207
1054 9 2 1 3 110 109 2114 141 2208 2209
1055 9 2 1 3 109 2055 2114 2206 2210 2208
1056 9 2 1 3 111 110 2053 142 2211 2212
1057 9 2 1 3 2053 110 2114 2211 2209 2213
1058 9 2 1 3 112 111 2133 143 2214 2215
1059 9 2 1 3 111 2053 2133 2212 2216 2214
1060 9 2 1 3 113 112 2057 144 2217 2218
1061 9 2 1 3 2057 112 2133 2217 2215 2219
1062 9 2 1 3 114 113 2126 145 2220 2221
1063 9 2 1 3 113 2057 2126 2218 2222 2220
1064 9 2 1 3 115 114 2049 146 2223 2224
1065 9 2 1 3 2049 114 2126 2223 2221 2225
1066 9 2 1 3 116 115 2120 147 2226 2227
1067 9 2 1 3 115 2049 2120 2224 2228 2226
1068 9 2 1 3 117 116 2058 148 2229 2230
1069 9 2 1 3 2058 116 2120 2229 2227 2231
1070 9 2 1 3 117 2058 2118 2230 2232 2139
1071 9 2 1 3 2046 2100 2109 2233 2234 2235
1072 9 2 1 3 2100 2046 2136 2233 2236 2237
1073 9 2 1 3 2046 2109 2117 2235 2238 2204
1074 9 2 1 3 2046 2113 2136 2201 2239 2236
1075 9 2 1 3 2119 2047 2132 2156 2240 2241
1076 9 2 1 3 2047 2123 2127 2153 2242 2243
1077 9 2 1 3 2047 2127 2132 2243 2244 2240
1078 9 2 1 3 2048 2106 2125 2245 2246 2180
1079 9 2 1 3 2106 2048 2129 2245 2247 2248
1080 9 2 1 3 2048 2116 2129 2177 2249 2247
1081 9 2 1 3 2105 2049 2111 2250 2251 2252
1082 9 2 1 3 2049 2105 2120 2250 2253 2228
1083 9 2 1 3 2111 2049 2126 2251 2225 2254
1084 9 2 1 3 2062 2050 2063 2192 2255 2256
1085 9 2 1 3 2063 2050 2110 2255 2257 2258
1086 9 2 1 3 2110 2050 2130 2257 2189 2259
1087 9 2 1 3 2089 2051 2090 2260 2261 2262
1088 9 2 1 3 2051 2089 2131 2260 2263 2264
1089 9 2 1 3 2090 2051 2135 2261 2265 2266
1090 9 2 1 3 2051 2121 2135 2165 2267 2265
1091 9 2 1 3 2122 2051 2131 2168 2264 2268
1092 9 2 1 3 2052 2092 2115 2269 2270 2144
1093 9 2 1 3 2092 2052 2124 2269 2271 2272
1094 9 2 1 3 2052 2118 2124 2141 2273 2271
1095 9 2 1 3 2053 2098 2099 2274 2275 2276
1096 9 2 1 3 2098 2053 2114 2274 2213 2277
1097 9 2 1 3 2053 2099 2112 2276 2278 2279
1098 9 2 1 3 2053 2112 2133 2279 2280 2216
1099 9 2 1 3 2054 2062 2063 2195 2256 2281
1100 9 2 1 3 2054 2063 2064 2281 2282 2283
1101 9 2 1 3 2054 2064 2136 2283 2284 2285
1102 9 2 1 3 2113 2054 2136 2198 2285 2239
1103 9 2 1 3 2098 2055 2109 2286 2287 2288
1104 9 2 1 3 2055 2098 2114 2286 2277 2210
1105 9 2 1 3 2109 2055 2117 2287 2207 2238
1106 9 2 1 3 2108 2056 2119 2289 2159 2290
1107 9 2 1 3 2056 2108 2135 2289 2291 2292
1108 9 2 1 3 2121 2056 2135 2162 2292 2267
1109 9 2 1 3 2057 2102 2111 2293 2294 2295
1110 9 2 1 3 2102 2057 2112 2293 2296 2297
1111 9 2 1 3 2057 2111 2126 2295 2254 2222
1112 9 2 1 3 2112 2057 2133 2296 2219 2280
1113 9 2 1 3 2058 2105 2107 2298 2299 2300
1114 9 2 1 3 2105 2058 2120 2298 2231 2253
1115 9 2 1 3 2058 2107 2124 2300 2301 2302
1116 9 2 1 3 2118 2058 2124 2232 2302 2273
1117 9 2 1 3 2059 2104 2116 2303 2304 2174
1118 9 2 1 3 2104 2059 2131 2303 2305 2306
1119 9 2 1 3 2059 2122 2131 2171 2268 2305
1120 9 2 1 3 2060 2115 2134 2147 2307 2308
1121 9 2 1 3 2123 2060 2127 2150 2309 2242
1122 9 2 1 3 2127 2060 2134 2309 2308 2310
1123 9 2 1 3 2106 2061 2125 2311 2183 2246
1124 9 2 1 3 2061 2106 2128 2311 2312 2313
1125 9 2 1 3 2110 2061 2128 2314 2313 2315
1126 9 2 1 3 2061 2110 2130 2314 2259 2186
1127 9 2 1 3 2064 2063 2065 2282 2316 2317
1128 9 2 1 3 2065 2063 2085 2316 2318 2319
1129 9 2 1 3 2085 2063 2110 2318 2258 2320
1130 9 2 1 3 2064 2065 2066 2317 2321 2322
1131 9 2 1 3 2064 2066 2100 2322 2323 2324
1132 9 2 1 3 2064 2100 2136 2324 2237 2284
1133 9 2 1 3 2066 2065 2067 2321 2325 2326
1134 9 2 1 3 2067 2065 2101 2325 2327 2328
1135 9 2 1 3 2065 2085 2101 2319 2329 2327
1136 9 2 1 3 2066 2067 2068 2326 2330 2331
1137 9 2 1 3 2066 2068 2086 2331 2332 2333
1138 9 2 1 3 2066 2086 2100 2333 2334 2323
1139 9 2 1 3 2068 2067 2069 2330 2335 2336
1140 9 2 1 3 2069 2067 2070 2335 2337 2338
1141 9 2 1 3 2070 2067 2101 2337 2328 2339
1142 9 2 1 3 2068 2069 2096 2336 2340 2341
1143 9 2 1 3 2086 2068 2097 2332 2342 2343
1144 9 2 1 3 2068 2096 2097 2341 2344 2342
1145 9 2 1 3 2069 2070 2071 2338 2345 2346
1146 9 2 1 3 2069 2071 2072 2346 2347 2348
1147 9 2 1 3 2069 2072 2096 2348 2349 2340
1148 9 2 1 3 2071 2070 2074 2345 2350 2351
1149 9 2 1 3 2074 2070 2077 2350 2352 2353
1150 9 2 1 3 2077 2070 2101 2352 2339 2354
1151 9 2 1 3 2072 2071 2073 2347 2355 2356
1152 9 2 1 3 2073 2071 2094 2355 2357 2358
1153 9 2 1 3 2071 2074 2094 2351 2359 2357
1154 9 2 1 3 2072 2073 2075 2356 2360 2361
1155 9 2 1 3 2072 2075 2076 2361 2362 2363
1156 9 2 1 3 2072 2076 2096 2363 2364 2349
1157 9 2 1 3 2075 2073 2078 2360 2365 2366
1158 9 2 1 3 2078 2073 2079 2365 2367 2368
1159 9 2 1 3 2079 2073 2094 2367 2358 2369
1160 9 2 1 3 2074 2077 2080 2353 2370 2371
1161 9 2 1 3 2074 2080 2081 2371 2372 2373
1162 9 2 1 3 2074 2081 2094 2373 2374 2359
1163 9 2 1 3 2076 2075 2082 2362 2375 2376
1164 9 2 1 3 2075 2078 2093 2366 2377 2378
1165 9 2 1 3 2082 2075 2093 2375 2378 2379
1166 9 2 1 3 2076 2082 2083 2376 2380 2381
1167 9 2 1 3 2076 2083 2084 2381 2382 2383
1168 9 2 1 3 2076 2084 2096 2383 2384 2364
1169 9 2 1 3 2080 2077 2087 2370 2385 2386
1170 9 2 1 3 2087 2077 2103 2385 2387 2388
1171 9 2 1 3 2077 2101 2103 2354 2389 2387
1172 9 2 1 3 2078 2079 2088 2368 2390 2391
1173 9 2 1 3 2078 2088 2092 2391 2392 2393
1174 9 2 1 3 2078 2092 2093 2393 2394 2377
1175 9 2 1 3 2088 2079 2091 2390 2395 2396
1176 9 2 1 3 2091 2079 2095 2395 2397 2398
1177 9 2 1 3 2079 2094 2095 2369 2399 2397
1178 9 2 1 3 2081 2080 2089 2372 2400 2401
1179 9 2 1 3 2080 2087 2104 2386 2402 2403
1180 9 2 1 3 2089 2080 2104 2400 2403 2404
1181 9 2 1 3 2081 2089 2090 2401 2262 2405
1182 9 2 1 3 2081 2090 2095 2405 2406 2407
1183 9 2 1 3 2094 2081 2095 2374 2407 2399
1184 9 2 1 3 2083 2082 2105 2380 2408 2409
1185 9 2 1 3 2082 2093 2107 2379 2410 2411
1186 9 2 1 3 2105 2082 2107 2408 2411 2299
1187 9 2 1 3 2084 2083 2102 2382 2412 2413
1188 9 2 1 3 2102 2083 2111 2412 2414 2294
1189 9 2 1 3 2083 2105 2111 2409 2252 2414
1190 9 2 1 3 2096 2084 2097 2384 2415 2344
1191 9 2 1 3 2097 2084 2099 2415 2416 2417
1192 9 2 1 3 2099 2084 2102 2416 2413 2418
1193 9 2 1 3 2101 2085 2103 2329 2419 2389
1194 9 2 1 3 2103 2085 2128 2419 2420 2421
1195 9 2 1 3 2085 2110 2128 2320 2315 2420
1196 9 2 1 3 2086 2097 2098 2343 2422 2423
1197 9 2 1 3 2086 2098 2109 2423 2288 2424
1198 9 2 1 3 2100 2086 2109 2334 2424 2234
1199 9 2 1 3 2087 2103 2106 2388 2425 2426
1200 9 2 1 3 2104 2087 2129 2402 2427 2428
1201 9 2 1 3 2087 2106 2129 2426 2248 2427
1202 9 2 1 3 2088 2091 2127 2396 2429 2430
1203 9 2 1 3 2092 2088 2134 2392 2431 2432
1204 9 2 1 3 2088 2127 2134 2430 2310 2431
1205 9 2 1 3 2089 2104 2131 2404 2306 2263
1206 9 2 1 3 2095 2090 2108 2406 2433 2434
1207 9 2 1 3 2108 2090 2135 2433 2266 2291
1208 9 2 1 3 2091 2095 2108 2398 2434 2435
1209 9 2 1 3 2091 2108 2132 2435 2436 2437
1210 9 2 1 3 2127 2091 2132 2429 2437 2244
1211 9 2 1 3 2093 2092 2124 2394 2272 2438
1212 9 2 1 3 2115 2092 2134 2270 2432 2307
1213 9 2 1 3 2107 2093 2124 2410 2438 2301
1214 9 2 1 3 2098 2097 2099 2422 2417 2275
1215 9 2 1 3 2099 2102 2112 2418 2297 2278
1216 9 2 1 3 2106 2103 2128 2425 2421 2312
1217 9 2 1 3 2116 2104 2129 2304 2428 2249
1218 9 2 1 3 2108 2119 2132 2290 2241 2436
1219 11 2 1 1 2513 2549 2086 2604 2814 2815 2816 2817 2818 2819
1220 11 2 1 1 2452 2546 2519 2754 2820 2821 2822 2823 2824 2825
1221 11 2 1 1 2444 2472 2519 2546 2826 2827 2828 2829 2821 2830
1222 11 2 1 1 2086 2604 2549 2770 2818 2819 2815 2831 2832 2833
1223 11 2 1 1 2519 2546 2472 2754 2821 2830 2827 2824 2834 2825
1224 11 2 1 1 2452 2499 2495 2619 2835 2836 2837 2838 2839 2840
1225 11 2 1 1 2555 2632 67 2711 2841 2842 2843 2844 2845 2846
1226 11 2 1 1 340 2475 2554 2587 2847 2848 2849 2850 2851 2852
1227 11 2 1 1 2439 2543 2469 2718 2853 2854 2855 2856 2857 2858
1228 11 2 1 1 2513 2604 2086 2675 2817 2818 2816 2859 2860 2861
1229 11 2 1 1 2570 2643 2469 2718 2862 2863 2864 2865 2857 2866
1230 11 2 1 1 182 2491 183 2557 2867 2868 873 2869 2870 2871
1231 11 2 1 1 2452 2619 2495 2768 2838 2839 2837 2872 2873 2874
1232 11 2 1 1 2495 2619 2499 2768 2839 2840 2836 2873 2875 2874
1233 11 2 1 1 2458 2534 2632 2711 2876 2877 2878 2879 2846 2880
1234 11 2 1 1 2444 2557 2519 2751 2881 2882 2828 2883 2884 2885
1235 11 2 1 1 2114 492 2636 2639 2886 2887 2888 2889 2890 2891
1236 11 2 1 1 2458 2632 2555 2711 2878 2841 2892 2879 2844 2846
1237 11 2 1 1 188 2558 2519 2575 2893 2894 2895 2896 2897 2898
1238 11 2 1 1 174 2121 420 2523 2899 2900 689 2901 2902 2903
1239 11 2 1 1 2570 2649 2643 2718 2904 2905 2862 2865 2866 2906
1240 11 2 1 1 2444 2519 2557 2693 2828 2882 2881 2907 2908 2909
1241 11 2 1 1 2447 2508 2507 2532 2910 2911 2912 2913 2914 2915
1242 11 2 1 1 2447 2559 2505 2713 2916 2917 2918 2919 2920 2921
1243 11 2 1 1 339 340 2475 2683 1480 2847 2922 2923 2924 2925
1244 11 2 1 1 2114 2636 2549 2639 2888 2926 2927 2889 2928 2890
1245 11 2 1 1 2492 430 2596 2700 2929 2930 2931 2932 2933 2934
1246 11 2 1 1 2094 2548 2488 2625 2935 2936 2937 2938 2939 2940
1247 11 2 1 1 2505 2559 2447 2796 2917 2916 2918 2941 2942 2943
1248 11 2 1 1 2439 2469 2543 2686 2855 2854 2853 2944 2945 2946
1249 11 2 1 1 183 2491 182 2666 2868 2867 873 2947 2948 2949
1250 11 2 1 1 2439 2469 2531 2718 2855 2950 2951 2856 2952 2857
1251 11 2 1 1 2488 2548 2094 2605 2936 2935 2937 2953 2954 2955
1252 11 2 1 1 1707 1671 2603 2674 1930 2956 2957 2958 2959 2960
1253 11 2 1 1 340 339 2475 2587 1480 2922 2847 2850 2852 2961
1254 11 2 1 1 2574 2604 2463 2669 2962 2963 2964 2965 2966 2967
1255 11 2 1 1 2439 2531 2469 2677 2951 2950 2855 2968 2969 2970
1256 11 2 1 1 397 2571 2540 2699 2971 2972 2973 2974 2975 2976
1257 11 2 1 1 2442 2521 2493 2580 2977 2978 2979 2980 2981 2982
1258 11 2 1 1 2519 2546 2452 2633 2821 2820 2822 2983 2984 2985
1259 11 2 1 1 1674 1675 2603 2621 1938 2986 2987 2988 2989 2990
1260 11 2 1 1 2442 2493 2574 2580 2979 2991 2992 2980 2993 2981
1261 11 2 1 1 2439 2677 2469 2686 2968 2969 2855 2944 2946 2994
1262 11 2 1 1 340 2554 345 2587 2849 2995 1485 2850 2996 2851
1263 11 2 1 1 2492 2596 430 2715 2931 2930 2929 2997 2998 2999
1264 11 2 1 1 2511 2603 1675 2621 3000 2986 3001 3002 2990 2989
1265 11 2 1 1 2460 2470 2626 2658 3003 3004 3005 3006 3007 3008
1266 11 2 1 1 2439 2543 2718 2780 2853 2858 2856 3009 3010 3011
1267 11 2 1 1 2444 2546 2519 2633 2829 2821 2828 3012 2983 2985
1268 11 2 1 1 383 397 2540 2699 1576 2973 3013 3014 2975 2974
1269 11 2 1 1 2586 2718 2673 2750 3015 3016 3017 3018 3019 3020
1270 11 2 1 1 2558 2575 188 2619 2898 2896 2893 3021 3022 3023
1271 11 2 1 1 2496 2559 2447 2593 3024 2916 3025 3026 3027 3028
1272 11 2 1 1 2094 2081 2548 2625 2374 3029 2935 2938 2940 3030
1273 11 2 1 1 2608 2626 2470 2658 3031 3004 3032 3033 3008 3007
1274 11 2 1 1 182 2550 2491 2557 3034 3035 2867 2869 2871 3036
1275 11 2 1 1 1707 2603 2505 2674 2957 3037 3038 2958 3039 2959
1276 11 2 1 1 439 2554 2529 2614 3040 3041 3042 3043 3044 3045
1277 11 2 1 1 190 188 2575 2619 942 2896 3046 3047 3023 3022
1278 11 2 1 1 2538 2702 2451 2743 3048 3049 3050 3051 3052 3053
1279 11 2 1 1 2475 340 2554 2683 2847 2849 2848 2924 3054 2925
1280 11 2 1 1 2441 2533 2506 2579 3055 3056 3057 3058 3059 3060
1281 11 2 1 1 490 485 2631 2636 828 3061 3062 3063 3064 3065
1282 11 2 1 1 2444 2676 2557 2751 3066 3067 2881 2883 2885 3068
1283 11 2 1 1 2570 2469 2643 2758 2864 2863 2862 3069 3070 3071
1284 11 2 1 1 439 2472 2554 2614 3072 3073 3040 3043 3045 3074
1285 11 2 1 1 2086 2675 2604 2770 2860 2861 2818 2831 2833 3075
1286 11 2 1 1 2491 2550 182 2666 3035 3034 2867 2949 2948 3076
1287 11 2 1 1 342 2554 340 2683 3077 2849 1484 3078 2925 3054
1288 11 2 1 1 2474 2547 2524 2731 3079 3080 3081 3082 3083 3084
1289 11 2 1 1 2452 2495 2499 2616 2837 2836 2835 3085 3086 3087
1290 11 2 1 1 2493 2682 2442 2687 3088 3089 2979 3090 3091 3092
1291 11 2 1 1 1729 2530 346 2545 3093 3094 3095 3096 3097 3098
1292 11 2 1 1 2445 2503 2576 2644 3099 3100 3101 3102 3103 3104
1293 11 2 1 1 229 2596 430 2700 3105 2930 1149 3106 2934 2933
1294 11 2 1 1 2498 2526 369 2654 3107 3108 3109 3110 3111 3112
1295 11 2 1 1 2447 2593 2559 2713 3027 3028 2916 2919 2921 3113
1296 11 2 1 1 2514 2451 2702 2743 3114 3049 3115 3116 3053 3052
1297 11 2 1 1 2472 2614 439 2794 3074 3043 3072 3117 3118 3119
1298 11 2 1 1 2504 2634 2101 2635 3120 3121 3122 3123 3124 3125
1299 11 2 1 1 2469 2643 2616 2718 2863 3126 3127 2857 3128 2866
1300 11 2 1 1 492 457 2114 2636 737 3129 2886 2887 2888 3130
1301 11 2 1 1 461 2567 2523 2659 3131 3132 3133 3134 3135 3136
1302 11 2 1 1 2463 2574 2493 2604 2964 2991 3137 2963 3138 2962
1303 11 2 1 1 2505 2603 2556 2674 3037 3139 3140 3039 3141 2959
1304 11 2 1 1 369 2526 2498 2585 3108 3107 3109 3142 3143 3144
1305 11 2 1 1 2067 2101 2634 2635 2328 3121 3145 3146 3125 3124
1306 11 2 1 1 2479 2514 2702 2743 3147 3115 3148 3149 3053 3116
1307 11 2 1 1 1671 2556 2603 2674 3150 3139 2956 2960 2959 3141
1308 11 2 1 1 2484 2525 2450 2655 3151 3152 3153 3154 3155 3156
1309 11 2 1 1 2536 2582 2715 2725 3157 3158 3159 3160 3161 3162
1310 11 2 1 1 2455 2574 2493 2580 3163 2991 3164 3165 2981 2993
1311 11 2 1 1 292 2573 2516 2723 3166 3167 3168 3169 3170 3171
1312 11 2 1 1 2439 2507 2508 2532 3172 2911 3173 3174 2915 2914
1313 11 2 1 1 2538 2715 2582 2725 3175 3158 3176 3177 3162 3161
1314 11 2 1 1 318 2479 2538 2743 3178 3179 3180 3181 3051 3149
1315 11 2 1 1 2505 2447 2565 2796 2918 3182 3183 2941 3184 2942
1316 11 2 1 1 2495 2614 195 2623 3185 3186 3187 3188 3189 3190
1317 11 2 1 1 1677 2598 2502 2621 3191 3192 3193 3194 3195 3196
1318 11 2 1 1 2074 2094 2548 2605 2359 2935 3197 3198 2955 2954
1319 11 2 1 1 194 439 2614 2794 975 3043 3199 3200 3119 3118
1320 11 2 1 1 1684 2502 1677 2598 3201 3193 1960 3202 3191 3192
1321 11 2 1 1 287 2503 320 2792 3203 3204 1414 3205 3206 3207
1322 11 2 1 1 2623 2730 393 2800 3208 3209 3210 3211 3212 3213
1323 11 2 1 1 2474 2731 2524 2734 3082 3083 3081 3214 3215 3216
1324 11 2 1 1 2439 2718 2531 2780 2856 2952 2951 3009 3217 3010
1325 11 2 1 1 463 2567 461 2659 3218 3131 885 3219 3134 3136
1326 11 2 1 1 2493 2574 2463 2774 2991 2964 3137 3220 3221 3222
1327 11 2 1 1 2074 2094 2081 2548 2359 2374 2373 3197 3029 2935
1328 11 2 1 1 342 2545 2554 2683 3223 3224 3077 3078 3054 3225
1329 11 2 1 1 2455 2580 2493 2600 3165 2981 3164 3226 3227 3228
1330 11 2 1 1 318 2538 2479 2656 3180 3179 3178 3229 3230 3231
1331 11 2 1 1 339 2475 2587 2595 2922 2852 2961 3232 3233 3234
1332 11 2 1 1 2439 2686 2543 2798 2944 2945 2853 3235 3236 3237
1333 11 2 1 1 490 2631 2057 2636 3062 3238 3239 3063 3240 3064
1334 11 2 1 1 2466 2523 2625 2643 3241 3242 3243 3244 3245 3246
1335 11 2 1 1 182 183 184 2557 873 914 913 2869 3247 2870
1336 11 2 1 1 2544 2626 2608 2658 3248 3031 3249 3250 3033 3007
1337 11 2 1 1 2557 2676 2444 2693 3067 3066 2881 2908 2907 3251
1338 11 2 1 1 2050 2540 153 2678 3252 3253 3254 3255 3256 3257
1339 11 2 1 1 2101 2070 2504 2635 2339 3258 3122 3124 3123 3259
1340 11 2 1 1 292 2607 2573 2723 3260 3261 3166 3169 3171 3262
1341 11 2 1 1 2493 2521 2442 2682 2978 2977 2979 3088 3089 3263
1342 11 2 1 1 2556 2559 2505 2674 3264 2917 3140 3141 3039 3265
1343 11 2 1 1 231 430 2596 2715 1150 2930 3266 3267 2999 2998
1344 11 2 1 1 2536 2465 2582 2725 3268 3269 3157 3160 3162 3270
1345 11 2 1 1 2442 2687 2682 2769 3091 3092 3089 3271 3272 3273
1346 11 2 1 1 2453 2625 2523 2643 3274 3242 3275 3276 3246 3245
1347 11 2 1 1 280 2535 2711 2735 3277 3278 3279 3280 3281 3282
1348 11 2 1 1 458 2583 2645 2679 3283 3284 3285 3286 3287 3288
1349 11 2 1 1 2128 2103 2690 2779 2421 3289 3290 3291 3292 3293
1350 11 2 1 1 457 2636 492 2639 3130 2887 737 3294 2891 2890
1351 11 2 1 1 2441 2709 2570 2738 3295 3296 3297 3298 3299 3300
1352 11 2 1 1 2538 2582 2465 2725 3176 3269 3301 3177 3270 3162
1353 11 2 1 1 2463 2574 2669 2774 2964 2965 2966 3221 3302 3222
1354 11 2 1 1 2485 2631 485 2636 3303 3061 3304 3305 3065 3064
1355 11 2 1 1 2493 2580 2521 2600 2981 2982 2978 3227 3306 3228
1356 11 2 1 1 183 2557 2491 2672 2870 2871 2868 3307 3308 3309
1357 11 2 1 1 439 2554 2472 2794 3040 3073 3072 3118 3117 3310
1358 11 2 1 1 2479 2514 2628 2702 3147 3311 3312 3148 3313 3115
1359 11 2 1 1 2673 2718 2616 2750 3016 3128 3314 3019 3315 3020
1360 11 2 1 1 2110 2540 2578 2634 3316 3317 3318 3319 3320 3321
1361 11 2 1 1 2499 2679 252 2707 3322 3323 3324 3325 3326 3327
1362 11 2 1 1 2570 2643 2622 2758 2862 3328 3329 3069 3330 3070
1363 11 2 1 1 2102 2631 2485 2636 3331 3303 3332 3333 3305 3064
1364 11 2 1 1 2445 2576 2479 2602 3101 3334 3335 3336 3337 3338
1365 11 2 1 1 2570 2709 2548 2738 3296 3339 3340 3299 3341 3300
1366 11 2 1 1 2514 2451 2628 2702 3114 3342 3311 3115 3313 3049
1367 11 2 1 1 2500 2502 2443 2598 3343 3344 3345 3346 3347 3192
1368 11 2 1 1 2470 2460 2571 2658 3003 3348 3349 3008 3350 3006
1369 11 2 1 1 2496 2565 329 2618 3351 3352 3353 3354 3355 3356
1370 11 2 1 1 2472 2529 2448 2664 3357 3358 3359 3360 3361 3362
1371 11 2 1 1 340 345 438 2587 1485 1257 1483 2850 3363 2996
1372 11 2 1 1 339 2475 2595 2683 2922 3234 3232 2923 3364 2924
1373 11 2 1 1 2443 2502 2500 2665 3344 3343 3345 3365 3366 3367
1374 11 2 1 1 393 2623 244 2730 3210 3368 1222 3209 3369 3208
1375 11 2 1 1 2057 2102 2112 2636 2293 2297 2296 3240 3370 3333
1376 11 2 1 1 2445 2503 2644 2712 3099 3104 3102 3371 3372 3373
1377 11 2 1 1 2474 2730 2623 2800 3374 3208 3375 3376 3211 3213
1378 11 2 1 1 2502 2621 2500 2665 3195 3377 3343 3367 3366 3378
1379 11 2 1 1 2101 2067 2070 2635 2328 2337 2339 3124 3259 3146
1380 11 2 1 1 2486 2699 2540 2779 3379 2975 3380 3381 3382 3383
1381 11 2 1 1 402 2467 2589 2647 3384 3385 3386 3387 3388 3389
1382 11 2 1 1 2506 2579 2533 2703 3059 3060 3056 3390 3391 3392
1383 11 2 1 1 2466 2643 2625 2748 3244 3245 3243 3393 3394 3395
1384 11 2 1 1 2472 2448 2529 2614 3359 3358 3357 3074 3044 3396
1385 11 2 1 1 287 2503 2576 2671 3203 3100 3397 3398 3399 3400
1386 11 2 1 1 1676 2511 1675 2621 3401 3001 1942 3402 2990 3002
1387 11 2 1 1 2452 2495 2754 2768 2837 3403 2823 2872 3404 2873
1388 11 2 1 1 2447 2532 2507 2704 2913 2914 2912 3405 3406 3407
1389 11 2 1 1 2439 2522 2677 2686 3408 3409 2968 2944 2994 3410
1390 11 2 1 1 320 2503 2648 2792 3204 3411 3412 3206 3413 3207
1391 11 2 1 1 2500 2598 1708 2621 3346 3414 3415 3377 3416 3196
1392 11 2 1 1 383 397 398 2540 1576 1585 1584 3013 3417 2973
1393 11 2 1 1 2508 2532 2447 2704 2915 2913 2910 3418 3405 3407
1394 11 2 1 1 2479 2702 2538 2743 3148 3048 3179 3149 3051 3053
1395 11 2 1 1 196 439 2529 2614 974 3042 3419 3420 3044 3043
1396 11 2 1 1 393 2564 2623 2800 3421 3422 3210 3212 3211 3423
1397 11 2 1 1 2564 2567 463 2659 3424 3218 3425 3426 3219 3136
1398 11 2 1 1 253 252 2679 2707 1188 3323 3427 3428 3327 3326
1399 11 2 1 1 340 438 339 2587 1483 1365 1480 2850 2961 3363
1400 11 2 1 1 2463 2669 2604 2749 2966 2967 2963 3429 3430 3431
1401 11 2 1 1 2064 2517 2578 2675 3432 3433 3434 3435 3436 3437
1402 11 2 1 1 1677 1708 2598 2621 1946 3414 3191 3194 3196 3416
1403 11 2 1 1 287 2576 2503 2792 3397 3100 3203 3205 3207 3438
1404 11 2 1 1 252 2619 2499 2707 3439 2840 3324 3326 3325 3440
1405 11 2 1 1 2439 2508 2507 2615 3173 2911 3172 3441 3442 3443
1406 11 2 1 1 289 2573 290 2661 3444 3445 1416 3446 3447 3448
1407 11 2 1 1 326 327 2516 2565 1455 3449 3450 3451 3452 3453
1408 11 2 1 1 2466 2625 2523 2748 3243 3242 3241 3393 3454 3394
1409 11 2 1 1 2057 2631 2102 2636 3238 3331 2293 3240 3333 3064
1410 11 2 1 1 67 2632 68 2711 2842 3455 78 2845 3456 2846
1411 11 2 1 1 2450 2525 2484 2542 3152 3151 3153 3457 3458 3459
1412 11 2 1 1 220 2541 2496 2618 3460 3461 3462 3463 3354 3464
1413 11 2 1 1 2630 2665 2655 2732 3465 3466 3467 3468 3469 3470
1414 11 2 1 1 2472 2448 2629 2664 3359 3471 3472 3360 3473 3361
1415 11 2 1 1 214 2542 2525 2606 3474 3459 3475 3476 3477 3478
1416 11 2 1 1 2474 2623 2564 2800 3375 3422 3479 3376 3423 3211
1417 11 2 1 1 1729 1666 346 2530 1778 3480 3095 3093 3094 3481
1418 11 2 1 1 2630 2500 2665 2732 3482 3366 3465 3468 3470 3483
1419 11 2 1 1 2442 2682 2521 2769 3089 3263 2977 3271 3484 3272
1420 11 2 1 1 1738 2530 1729 2545 3485 3093 1875 3486 3096 3098
1421 11 2 1 1 229 2527 2596 2700 3487 3488 3105 3106 2933 3489
1422 11 2 1 1 2573 2607 290 2661 3261 3490 3445 3448 3447 3491
1423 11 2 1 1 2486 2658 2699 2779 3492 3493 3379 3381 3383 3494
1424 11 2 1 1 1692 2473 1735 2598 3495 3496 2028 3497 3498 3499
1425 11 2 1 1 2451 2538 2492 2582 3050 3500 3501 3502 3503 3176
1426 11 2 1 1 2576 2644 2503 2648 3103 3104 3100 3504 3411 3505
1427 11 2 1 1 2462 2663 2613 2681 3506 3507 3508 3509 3510 3511
1428 11 2 1 1 2130 2050 2110 2540 2189 2257 2259 3512 3316 3252
1429 11 2 1 1 2488 2605 2094 2721 2953 2954 2937 3513 3514 3515
1430 11 2 1 1 2519 2575 2452 2754 2897 3516 2822 2824 2823 3517
1431 11 2 1 1 214 2525 216 2606 3475 3518 1073 3476 3519 3477
1432 11 2 1 1 2458 2560 2501 2586 3520 3521 3522 3523 3524 3525
1433 11 2 1 1 1674 2500 1708 2621 3526 3415 1934 2988 3416 3377
1434 11 2 1 1 360 2636 457 2639 3527 3130 1523 3528 3294 2890
1435 11 2 1 1 2573 2607 2516 2723 3261 3529 3167 3171 3170 3262
1436 11 2 1 1 2480 2522 2448 2677 3530 3531 3532 3533 3534 3409
1437 11 2 1 1 1709 2624 2588 2637 3535 3536 3537 3538 3539 3540
1438 11 2 1 1 2632 2711 2534 2812 2846 2880 2877 3541 3542 3543
1439 11 2 1 1 184 2557 183 2672 3247 2870 914 3544 3307 3309
1440 11 2 1 1 402 2589 2467 2753 3386 3385 3384 3545 3546 3547
1441 11 2 1 1 318 2667 2479 2743 3548 3549 3178 3181 3149 3550
1442 11 2 1 1 2472 2448 2546 2629 3359 3551 2830 3472 3552 3471
1443 11 2 1 1 2460 2540 2571 2779 3553 2972 3348 3554 3555 3382
1444 11 2 1 1 2051 2121 174 2523 2165 2899 3556 3557 2901 2903
1445 11 2 1 1 2440 2643 2649 2718 3558 2905 3559 3560 2906 2866
1446 11 2 1 1 2479 2576 2478 2602 3334 3561 3562 3337 3563 3338
1447 11 2 1 1 2121 420 2523 2645 2900 2902 2903 3564 3565 3566
1448 11 2 1 1 222 2496 329 2618 3567 3353 1104 3568 3355 3354
1449 11 2 1 1 2542 2606 215 2654 3478 3569 3570 3571 3572 3573
1450 11 2 1 1 2445 2478 2576 2602 3574 3561 3101 3336 3338 3563
1451 11 2 1 1 2466 2645 2583 2679 3575 3284 3576 3577 3288 3287
1452 11 2 1 1 2549 2639 2513 2759 2928 3578 2814 3579 3580 3581
1453 11 2 1 1 400 463 461 2659 1619 885 1625 3582 3134 3219
1454 11 2 1 1 2507 2508 2447 2630 2911 2910 2912 3583 3584 3585
1455 11 2 1 1 2475 2545 2457 2775 3586 3587 3588 3589 3590 3591
1456 11 2 1 1 2456 2591 2515 2761 3592 3593 3594 3595 3596 3597
1457 11 2 1 1 1677 1684 1681 2502 1960 1959 1958 3193 3598 3201
1458 11 2 1 1 2577 2642 2104 2795 3599 3600 3601 3602 3603 3604
1459 11 2 1 1 2480 2448 2522 2609 3532 3531 3530 3605 3606 3607
1460 11 2 1 1 2469 2616 2643 2758 3127 3126 2863 3071 3070 3608
1461 11 2 1 1 165 2123 2060 2612 3609 2150 3610 3611 3612 3613
1462 11 2 1 1 2467 2647 402 2753 3389 3387 3384 3546 3545 3614
1463 11 2 1 1 2556 2620 2603 2713 3615 3616 3139 3617 3618 3619
1464 11 2 1 1 2475 2457 2551 2775 3588 3620 3621 3589 3622 3590
1465 11 2 1 1 247 2667 318 2743 3623 3548 1176 3624 3181 3550
1466 11 2 1 1 2481 2586 2673 2750 3625 3017 3626 3627 3019 3018
1467 11 2 1 1 2471 2557 2519 2693 3628 2882 3629 3630 2909 2908
1468 11 2 1 1 188 2519 2558 2714 2895 2894 2893 3631 3632 3633
1469 11 2 1 1 2439 2522 2686 2798 3408 3410 2944 3235 3237 3634
1470 11 2 1 1 2472 2629 2444 2751 3472 3635 2826 3636 2883 3637
1471 11 2 1 1 339 2595 2587 2672 3232 3233 2961 3638 3639 3640
1472 11 2 1 1 2445 2602 2628 2797 3336 3641 3642 3643 3644 3645
1473 11 2 1 1 2451 2582 2492 2592 3502 3503 3501 3646 3647 3648
1474 11 2 1 1 2075 2600 2521 2638 3649 3306 3650 3651 3652 3653
1475 11 2 1 1 2453 2523 2625 2803 3275 3242 3274 3654 3655 3656
1476 11 2 1 1 2616 2673 2531 2718 3314 3657 3658 3128 2952 3016
1477 11 2 1 1 369 240 2498 2654 1203 3659 3109 3111 3110 3660
1478 11 2 1 1 490 485 285 2631 828 1397 1410 3062 3661 3061
1479 11 2 1 1 2503 2445 2610 2712 3099 3662 3663 3373 3664 3371
1480 11 2 1 1 2463 2512 2669 2749 3665 3666 2966 3429 3431 3667
1481 11 2 1 1 2524 2547 2474 2730 3080 3079 3081 3668 3374 3669
1482 11 2 1 1 2557 2672 2519 2751 3309 3670 2882 2885 2884 3671
1483 11 2 1 1 214 2525 2542 2716 3475 3459 3474 3672 3673 3674
1484 11 2 1 1 2502 2551 1687 2685 3675 3676 3677 3678 3679 3680
1485 11 2 1 1 2594 2636 359 2639 3681 3682 3683 3684 3685 2890
1486 11 2 1 1 360 457 492 2639 1523 737 1524 3528 2891 3294
1487 11 2 1 1 2439 2615 2507 2797 3441 3442 3172 3686 3687 3688
1488 11 2 1 1 222 329 2565 2618 1104 3352 3689 3568 3356 3355
1489 11 2 1 1 1674 1676 1675 2621 1943 1942 1938 2988 2990 3402
1490 11 2 1 1 2570 2622 2469 2758 3329 3690 2864 3069 3071 3330
1491 11 2 1 1 1674 2603 2500 2621 2987 3691 3526 2988 3377 2989
1492 11 2 1 1 2462 2620 2556 2713 3692 3615 3693 3694 3617 3619
1493 11 2 1 1 1681 1677 2502 2685 1958 3193 3598 3695 3678 3696
1494 11 2 1 1 386 2699 2533 2703 3697 3698 3699 3700 3391 3701
1495 11 2 1 1 310 2563 2501 2632 3702 3703 3704 3705 3706 3707
1496 11 2 1 1 2458 2501 2534 2586 3522 3708 2876 3523 3709 3524
1497 11 2 1 1 1672 2500 1674 2603 3710 3526 1933 3711 2987 3691
1498 11 2 1 1 2495 2499 2660 2768 2836 3712 3713 2873 3714 2875
1499 11 2 1 1 1677 1674 1708 2621 1945 1934 1946 3194 3416 2988
1500 11 2 1 1 2114 2639 2098 2759 2889 3715 2277 3716 3717 3581
1501 11 2 1 1 2548 2570 2504 2605 3340 3718 3719 2955 3720 3721
1502 11 2 1 1 2456 2511 2591 2761 3722 3723 3592 3595 3597 3724
1503 11 2 1 1 2456 2621 2502 2665 3725 3195 3726 3727 3367 3378
1504 11 2 1 1 2506 2601 2579 2703 3728 3729 3059 3390 3392 3730
1505 11 2 1 1 2460 2626 2544 2658 3005 3248 3731 3006 3250 3007
1506 11 2 1 1 2453 2622 2570 2643 3732 3329 3733 3276 2862 3328
1507 11 2 1 1 2523 2659 2567 2803 3135 3136 3132 3656 3734 3735
1508 11 2 1 1 2474 2579 2731 2734 3736 3737 3082 3214 3216 3738
1509 11 2 1 1 2088 2568 2476 2612 3739 3740 3741 3742 3743 3744
1510 11 2 1 1 2460 2571 2658 2779 3348 3350 3006 3554 3494 3555
1511 11 2 1 1 2447 2516 2505 2565 3745 3746 2918 3182 3183 3452
1512 11 2 1 1 2451 2492 2538 2596 3501 3500 3050 3747 3748 2931
1513 11 2 1 1 2463 2513 2512 2749 3749 3750 3665 3429 3667 3751
1514 11 2 1 1 265 2563 2536 2725 3752 3753 3754 3755 3160 3756
1515 11 2 1 1 2451 2492 2527 2592 3501 3757 3758 3646 3759 3647
1516 11 2 1 1 2454 2579 2506 2601 3760 3059 3761 3762 3728 3729
1517 11 2 1 1 2075 2509 2600 2638 3763 3764 3649 3651 3653 3765
1518 11 2 1 1 68 2711 2632 2812 3456 2846 3455 3766 3541 3543
1519 11 2 1 1 2472 2575 2519 2754 3767 2897 2827 2834 2824 3517
1520 11 2 1 1 2441 2533 2579 2766 3055 3060 3058 3768 3769 3770
1521 11 2 1 1 2067 2634 2517 2635 3145 3771 3772 3146 3773 3125
1522 11 2 1 1 2529 2554 2472 2614 3041 3073 3357 3044 3074 3045
1523 11 2 1 1 2454 2484 2566 2710 3774 3775 3776 3777 3778 3779
1524 11 2 1 1 2128 2103 2106 2690 2421 2425 2312 3290 3780 3289
1525 11 2 1 1 267 2479 318 2667 3781 3178 1241 3782 3548 3549
1526 11 2 1 1 2443 2508 2572 2609 3783 3784 3785 3786 3787 3788
1527 11 2 1 1 2050 478 2062 2578 3789 3790 2192 3791 3792 3793
1528 11 2 1 1 471 2681 2525 2716 3794 3795 3796 3797 3674 3798
1529 11 2 1 1 342 345 340 2554 1486 1485 1484 3077 2849 2995
1530 11 2 1 1 367 481 2487 2708 1536 3799 3800 3801 3802 3803
1531 11 2 1 1 2086 2513 2098 2549 2816 3804 2423 2815 3805 2814
1532 11 2 1 1 1676 2511 2621 2761 3401 3002 3402 3806 3807 3724
1533 11 2 1 1 256 222 2565 2618 1115 3689 3808 3809 3356 3568
1534 11 2 1 1 2445 2503 2520 2576 3099 3810 3811 3101 3812 3100
1535 11 2 1 1 2451 2514 2617 2692 3114 3813 3814 3815 3816 3817
1536 11 2 1 1 2495 2453 2659 2660 3818 3819 3820 3713 3821 3822
1537 11 2 1 1 385 2506 386 2703 3823 3824 1193 3825 3700 3390
1538 11 2 1 1 2572 2609 2508 2752 3787 3788 3784 3826 3827 3828
1539 11 2 1 1 2477 2626 2552 2787 3829 3830 3831 3832 3833 3834
1540 11 2 1 1 367 2487 2585 2708 3800 3835 3836 3801 3837 3802
1541 11 2 1 1 2445 2479 2576 2791 3335 3334 3101 3838 3839 3840
1542 11 2 1 1 400 2564 463 2659 3841 3425 1619 3582 3219 3426
1543 11 2 1 1 2525 2593 2450 2655 3842 3843 3152 3156 3155 3844
1544 11 2 1 1 2609 2665 2508 2752 3845 3846 3788 3828 3827 3847
1545 11 2 1 1 240 215 2606 2654 1079 3569 3848 3660 3573 3572
1546 11 2 1 1 2114 492 2639 2759 2886 2891 2889 3716 3581 3849
1547 11 2 1 1 2531 2718 2483 2780 2952 3850 3851 3217 3852 3010
1548 11 2 1 1 2462 2620 2613 2663 3692 3853 3508 3506 3507 3854
1549 11 2 1 1 2458 2509 2580 2760 3855 3856 3857 3858 3859 3860
1550 11 2 1 1 2452 2558 2519 2633 3861 2894 2822 2984 2983 3862
1551 11 2 1 1 2458 2580 2509 2762 3857 3856 3855 3863 3864 3865
1552 11 2 1 1 195 2495 241 2768 3187 3866 970 3867 3868 2873
1553 11 2 1 1 2076 2521 2075 2600 3869 3650 2362 3870 3649 3306
1554 11 2 1 1 2443 2508 2609 2665 3783 3788 3786 3365 3845 3846
1555 11 2 1 1 1677 2621 2502 2685 3194 3195 3193 3696 3678 3871
1556 11 2 1 1 2523 2583 2453 2643 3872 3873 3275 3246 3276 3874
1557 11 2 1 1 1676 1675 2511 2761 1942 3001 3401 3806 3724 3875
1558 11 2 1 1 2450 2496 2525 2606 3876 3877 3152 3878 3477 3879
1559 11 2 1 1 430 2492 282 2700 2929 3880 1400 2934 3881 2932
1560 11 2 1 1 2540 2571 397 2678 2972 2971 2973 3257 3882 3883
1561 11 2 1 1 2466 2583 2523 2643 3576 3872 3241 3244 3246 3874
1562 11 2 1 1 282 2492 430 2715 3880 2929 1400 3884 2998 2997
1563 11 2 1 1 1735 2598 2473 2802 3498 3499 3496 3885 3886 3887
1564 11 2 1 1 2472 2448 2614 2754 3359 3396 3074 2834 3888 3889
1565 11 2 1 1 2064 2517 2065 2578 3432 3890 2317 3434 3891 3433
1566 11 2 1 1 247 267 318 2667 1239 1241 1176 3623 3548 3782
1567 11 2 1 1 2455 2504 2570 2605 3892 3718 3893 3894 3721 3720
1568 11 2 1 1 2445 2628 2507 2797 3642 3895 3896 3643 3687 3644
1569 11 2 1 1 1697 2545 2475 2775 3897 3586 3898 3899 3589 3591
1570 11 2 1 1 382 386 385 2506 1580 1193 1577 3900 3823 3824
1571 11 2 1 1 288 289 290 2661 1333 1416 785 3901 3447 3446
1572 11 2 1 1 2475 2545 1697 2683 3586 3897 3898 2924 3902 3225
1573 11 2 1 1 426 2573 2514 2692 3903 3904 3905 3906 3817 3907
1574 11 2 1 1 386 2506 2699 2703 3824 3908 3697 3700 3701 3390
1575 11 2 1 1 2498 2606 240 2763 3909 3848 3659 3910 3911 3912
1576 11 2 1 1 458 2645 455 2679 3285 3913 1362 3286 3914 3287
1577 11 2 1 1 1672 1708 1674 2500 1935 1934 1933 3710 3526 3415
1578 11 2 1 1 2591 2507 2630 2733 3915 3583 3916 3917 3918 3919
1579 11 2 1 1 346 2530 347 2545 3094 3920 886 3097 3921 3098
1580 11 2 1 1 458 272 2583 2679 1358 3922 3283 3286 3288 3923
1581 11 2 1 1 2454 2572 2484 2710 3924 3925 3774 3777 3779 3926
1582 11 2 1 1 2554 2629 2587 2782 3927 3928 2851 3929 3930 3931
1583 11 2 1 1 2642 2690 2103 2779 3932 3289 3933 3934 3293 3292
1584 11 2 1 1 2534 2535 2440 2750 3935 3936 3937 3938 3939 3940
1585 11 2 1 1 2447 2591 2507 2630 3941 3915 2912 3584 3583 3916
1586 11 2 1 1 2465 2536 2582 2808 3268 3157 3269 3942 3943 3944
1587 11 2 1 1 2512 2513 2463 2701 3750 3749 3665 3945 3946 3947
1588 11 2 1 1 2077 2548 2504 2605 3948 3719 3949 3950 3720 2955
1589 11 2 1 1 2554 2587 2475 2782 2851 2852 2848 3929 3951 3930
1590 11 2 1 1 346 347 343 2545 886 1492 783 3097 3952 3921
1591 11 2 1 1 439 251 2554 2794 976 3953 3040 3118 3310 3954
1592 11 2 1 1 2440 2586 2534 2750 3955 3709 3937 3939 3938 3018
1593 11 2 1 1 2472 2587 2629 2751 3956 3928 3472 3636 3637 3957
1594 11 2 1 1 2474 2524 2579 2734 3081 3958 3736 3214 3738 3215
1595 11 2 1 1 2478 2644 2576 2648 3959 3103 3561 3960 3504 3505
1596 11 2 1 1 2442 2574 2493 2774 2992 2991 2979 3961 3220 3222
1597 11 2 1 1 2072 2075 2073 2509 2361 2360 2356 3962 3963 3763
1598 11 2 1 1 2460 2626 2470 2756 3005 3004 3003 3964 3965 3966
1599 11 2 1 1 348 402 2589 2647 1500 3386 3967 3968 3388 3387
1600 11 2 1 1 153 2540 448 2678 3253 3969 713 3256 3970 3257
1601 11 2 1 1 2477 2710 2626 2787 3971 3972 3829 3832 3834 3973
1602 11 2 1 1 214 215 2542 2606 1068 3570 3474 3476 3478 3569
1603 11 2 1 1 2121 2523 2135 2645 2903 3974 2267 3564 3975 3565
1604 11 2 1 1 2062 2578 478 2772 3792 3793 3790 3976 3977 3978
1605 11 2 1 1 2492 2536 2582 2715 3979 3157 3503 2997 3158 3159
1606 11 2 1 1 67 2632 2555 2776 2842 2841 2843 3980 3981 3982
1607 11 2 1 1 2613 2655 2525 2716 3983 3156 3984 3985 3674 3986
1608 11 2 1 1 318 2479 267 2656 3178 3781 1241 3229 3987 3230
1609 11 2 1 1 2457 2545 2475 2554 3587 3586 3588 3988 2848 3224
1610 11 2 1 1 2065 2578 2517 2634 3891 3433 3890 3989 3771 3320
1611 11 2 1 1 290 2573 292 2607 3445 3166 1421 3490 3260 3261
1612 11 2 1 1 1697 2475 2551 2775 3898 3621 3990 3899 3622 3589
1613 11 2 1 1 2450 2606 2498 2694 3878 3909 3991 3992 3993 3994
1614 11 2 1 1 2443 2655 2665 2732 3995 3466 3365 3996 3470 3469
1615 11 2 1 1 2525 2613 2462 2655 3984 3508 3997 3156 3998 3983
1616 11 2 1 1 175 2530 1666 2647 3999 3481 4000 4001 4002 4003
1617 11 2 1 1 2460 2470 2571 2756 3003 3349 3348 3964 4004 3965
1618 11 2 1 1 2504 2455 2570 2790 3892 3893 3718 4005 4006 4007
1619 11 2 1 1 2458 2657 2509 2760 4008 4009 3855 3858 3860 4010
1620 11 2 1 1 1697 2551 2475 2627 3990 3621 3898 4011 4012 4013
1621 11 2 1 1 2440 2535 2534 2736 3936 3935 3937 4014 4015 4016
1622 11 2 1 1 2451 2582 2592 2698 3502 3648 3646 4017 4018 4019
1623 11 2 1 1 2073 2072 2509 2721 2356 3962 3963 4020 4021 4022
1624 11 2 1 1 2451 2617 2490 2692 3814 4023 4024 3815 4025 3816
1625 11 2 1 1 2441 2504 2570 2790 4026 3718 3297 4027 4006 4005
1626 11 2 1 1 485 2485 285 2631 3304 4028 1397 3061 3661 3303
1627 11 2 1 1 196 439 440 2529 974 986 985 3419 4029 3042
1628 11 2 1 1 1681 2502 1687 2685 3598 3677 1977 3695 3679 3678
1629 11 2 1 1 2072 2075 2509 2600 2361 3763 3962 4030 3764 3649
1630 11 2 1 1 2472 2546 2444 2629 2830 2829 2826 3472 3635 3552
1631 11 2 1 1 465 2567 2564 2728 4031 3424 4032 4033 4034 4035
1632 11 2 1 1 2121 2135 2056 2645 2267 2292 2162 3564 4036 3975
1633 11 2 1 1 2453 2643 2570 2709 3276 2862 3733 4037 3296 4038
1634 11 2 1 1 252 236 271 2499 1183 1185 1184 3324 4039 4040
1635 11 2 1 1 2477 2552 2710 2787 3831 4041 3971 3832 3973 3833
1636 11 2 1 1 2507 2532 2689 2704 2914 4042 4043 3406 4044 3407
1637 11 2 1 1 2533 2699 2506 2703 3698 3908 3056 3391 3390 3701
1638 11 2 1 1 2453 2623 2474 2731 4045 3375 4046 4047 3082 4048
1639 11 2 1 1 2451 2689 2527 2692 4049 4050 3758 3815 4051 4052
1640 11 2 1 1 2593 2646 2532 2694 4053 4054 4055 4056 4057 4058
1641 11 2 1 1 2495 2453 2623 2659 3818 4045 3188 3820 4059 3819
1642 11 2 1 1 2462 2556 2663 2681 3693 4060 3506 3509 3511 4061
1643 11 2 1 1 2503 2445 2520 2610 3099 3811 3810 3663 4062 3662
1644 11 2 1 1 194 2768 192 2794 4063 4064 963 3200 4065 4066
1645 11 2 1 1 2520 2576 2503 2671 3812 3100 3810 4067 3400 3399
1646 11 2 1 1 2449 2539 2581 2653 4068 4069 4070 4071 4072 4073
1647 11 2 1 1 288 290 2607 2661 785 3490 4074 3901 3491 3447
1648 11 2 1 1 194 2614 2768 2794 3199 4075 4063 3200 4066 3119
1649 11 2 1 1 2492 2582 2538 2715 3503 3176 3500 2997 3175 3158
1650 11 2 1 1 292 2516 2573 2783 3168 3167 3166 4076 4077 4078
1651 11 2 1 1 2567 2659 2564 2803 3136 3426 3424 3734 4079 3735
1652 11 2 1 1 280 2711 2535 2740 3279 3278 3277 4080 4081 4082
1653 11 2 1 1 258 2720 202 2805 4083 4084 1015 4085 4086 4087
1654 11 2 1 1 2072 2600 2509 2721 4030 3764 3962 4022 4021 4088
1655 11 2 1 1 426 289 2514 2573 1335 4089 3905 3903 3904 3444
1656 11 2 1 1 346 1666 175 2530 3480 4000 546 3094 3999 3481
1657 11 2 1 1 1671 2603 2556 2620 2956 3139 3150 4090 3615 3616
1658 11 2 1 1 2459 2532 2489 2552 4091 4092 4093 4094 4095 4096
1659 11 2 1 1 2492 2594 282 2700 4097 4098 3880 2932 3881 4099
1660 11 2 1 1 214 216 215 2606 1073 1072 1068 3476 3569 3519
1661 11 2 1 1 202 2720 2652 2805 4084 4100 4101 4086 4102 4087
1662 11 2 1 1 306 2563 265 2725 4103 3752 1276 4104 3755 3756
1663 11 2 1 1 2451 2527 2596 2692 3758 3488 3747 3815 4105 4051
1664 11 2 1 1 2615 2630 2507 2733 4106 3583 3442 4107 3919 3918
1665 11 2 1 1 2467 2641 2530 2662 4108 4109 4110 4111 4112 4113
1666 11 2 1 1 1697 2475 1715 2627 3898 4114 2041 4011 4115 4012
1667 11 2 1 1 2484 2542 2525 2716 3458 3459 3151 4116 3674 3673
1668 11 2 1 1 2475 2554 2545 2683 2848 3224 3586 2924 3225 3054
1669 11 2 1 1 2053 2549 2114 2636 4117 2927 2213 4118 2888 2926
1670 11 2 1 1 243 2512 364 2763 4119 4120 1219 4121 4122 4123
1671 11 2 1 1 326 327 2565 2796 1455 3453 3451 4124 3184 4125
1672 11 2 1 1 2453 2474 2622 2731 4046 4126 3732 4047 4127 3082
1673 11 2 1 1 310 497 2563 2632 863 4128 3702 3705 3707 4129
1674 11 2 1 1 2507 2689 2617 2704 4043 4130 4131 3406 4132 4044
1675 11 2 1 1 1723 175 1666 2647 4133 4000 1781 4134 4002 4001
1676 11 2 1 1 373 369 2526 2654 1205 3108 4135 4136 3112 3111
1677 11 2 1 1 2475 2551 2457 2782 3621 3620 3588 3951 4137 4138
1678 11 2 1 1 2453 2622 2643 2758 3732 3328 3276 4139 3070 3330
1679 11 2 1 1 236 271 2499 2660 1185 4039 4040 4140 3712 4141
1680 11 2 1 1 2098 2549 2513 2759 3805 2814 3804 3717 3580 3579
1681 11 2 1 1 2481 2534 2586 2750 4142 3709 3625 3627 3018 3938
1682 11 2 1 1 401 241 2623 2660 1209 4143 4144 4145 4146 4147
1683 11 2 1 1 240 2606 2498 2654 3848 3909 3659 3660 3110 3573
1684 11 2 1 1 2050 153 2578 2678 3254 4148 3791 3255 4149 3256
1685 11 2 1 1 339 2587 273 2672 2961 4150 1363 3638 4151 3639
1686 11 2 1 1 392 393 244 2730 1223 1222 1001 4152 3369 3209
1687 11 2 1 1 1672 2500 2603 2620 3710 3691 3711 4153 3616 4154
1688 11 2 1 1 2532 2593 2508 2646 4055 4155 2915 4054 4156 4053
1689 11 2 1 1 2556 2603 2505 2713 3139 3037 3140 3617 2920 3618
1690 11 2 1 1 2495 2453 2660 2758 3818 3822 3713 4157 4158 4139
1691 11 2 1 1 2530 2641 2457 2662 4109 4159 4160 4112 4161 4113
1692 11 2 1 1 243 2651 2512 2763 4162 4163 4119 4121 4123 4164
1693 11 2 1 1 265 2536 2563 2757 3754 3753 3752 4165 4166 4167
1694 11 2 1 1 2498 2606 2541 2694 3909 4168 4169 3993 4170 3994
1695 11 2 1 1 1715 2475 1697 2683 4114 3898 2041 4171 3902 2924
1696 11 2 1 1 253 2679 2535 2707 3427 4172 4173 3428 4174 3327
1697 11 2 1 1 2098 2639 2549 2759 3715 2928 3805 3717 3579 3581
1698 11 2 1 1 1722 2550 179 2569 4175 4176 4177 4178 4179 4180
1699 11 2 1 1 332 2559 2556 2674 4181 3264 4182 4183 3141 3265
1700 11 2 1 1 2485 2594 485 2695 4184 4185 3304 4186 4187 4188
1701 11 2 1 1 1709 2588 2607 2637 3537 4189 4190 3538 4191 3539
1702 11 2 1 1 283 485 2594 2695 1395 4185 4192 4193 4188 4187
1703 11 2 1 1 2525 2681 2613 2716 3795 3510 3984 3674 3985 3798
1704 11 2 1 1 348 2589 2530 2647 3967 4194 4195 3968 4003 3388
1705 11 2 1 1 2442 2580 2574 2744 2980 2993 2992 4196 4197 4198
1706 11 2 1 1 210 208 408 2801 1043 1045 1044 4199 4200 4201
1707 11 2 1 1 2508 2447 2593 2704 2910 3027 4155 3418 4202 3405
1708 11 2 1 1 2128 2690 2540 2779 3290 4203 4204 3291 3382 3292
1709 11 2 1 1 1714 2503 1712 2767 4205 4206 1906 4207 4208 4209
1710 11 2 1 1 2445 2576 2478 2644 3101 3561 3574 3102 3959 3103
1711 11 2 1 1 2451 2596 2514 2692 3747 4210 3114 3815 3817 4105
1712 11 2 1 1 220 222 2541 2618 1103 4211 3460 3463 3464 3568
1713 11 2 1 1 2569 2611 1699 2746 4212 4213 4214 4215 4216 4217
1714 11 2 1 1 256 222 329 2565 1115 1104 1116 3808 3352 3689
1715 11 2 1 1 189 188 2519 2575 937 2895 4218 4219 2897 2896
1716 11 2 1 1 455 2645 2466 2679 3913 3575 4220 3914 3577 3287
1717 11 2 1 1 2470 2571 2506 2658 3349 4221 4222 3008 4223 3350
1718 11 2 1 1 414 1732 2599 2647 4224 4225 4226 4227 4228 4229
1719 11 2 1 1 2499 2583 271 2679 4230 4231 4039 3322 4232 3288
1720 11 2 1 1 386 2506 382 2699 3824 3900 1580 3697 4233 3908
1721 11 2 1 1 1714 1712 2503 2799 1906 4206 4205 4234 4235 4236
1722 11 2 1 1 2451 2527 2492 2596 3758 3757 3501 3747 2931 3488
1723 11 2 1 1 195 2614 2495 2768 3186 3185 3187 3867 2873 4075
1724 11 2 1 1 252 237 2619 2707 1182 4237 3439 3326 3440 4238
1725 11 2 1 1 440 2529 439 2554 4029 3042 986 4239 3040 3041
1726 11 2 1 1 2440 2718 2586 2750 3560 3015 3955 3939 3018 3020
1727 11 2 1 1 2468 2642 2577 2795 4240 3599 4241 4242 3602 3604
1728 11 2 1 1 2443 2598 2502 2784 3347 3192 3344 4243 4244 4245
1729 11 2 1 1 369 2498 240 2763 3109 3659 1203 4246 3911 3910
1730 11 2 1 1 2450 2496 2606 2694 3876 3879 3878 3992 3994 4247
1731 11 2 1 1 2474 2453 2564 2623 4046 4248 3479 3375 3422 4045
1732 11 2 1 1 485 2594 2485 2636 4185 4184 3304 3065 3305 3681
1733 11 2 1 1 2440 2643 2568 2649 3558 4249 4250 3559 4251 2905
1734 11 2 1 1 285 2485 485 2695 4028 3304 1397 4252 4187 4186
1735 11 2 1 1 2450 2498 2552 2694 3991 4253 4254 3992 4255 3993
1736 11 2 1 1 2501 2537 2449 2670 4256 4257 4258 4259 4260 4261
1737 11 2 1 1 2506 2454 2601 2717 3761 3762 3728 4262 4263 4264
1738 11 2 1 1 280 2711 464 2735 3279 4265 1391 3280 4266 3281
1739 11 2 1 1 2439 2508 2615 2752 3173 3443 3441 4267 4268 3827
1740 11 2 1 1 2519 2558 2471 2633 2894 4269 3629 2983 4270 3862
1741 11 2 1 1 2492 2596 2527 2700 2931 3488 3757 2932 3489 2933
1742 11 2 1 1 426 289 266 2514 1335 1334 1236 3905 4271 4089
1743 11 2 1 1 2464 2624 2610 2791 4272 4273 4274 4275 4276 4277
1744 11 2 1 1 2456 2500 2621 2665 4278 3377 3725 3727 3378 3366
1745 11 2 1 1 465 2706 2567 2728 4279 4280 4031 4033 4035 4281
1746 11 2 1 1 2524 2547 2652 2734 3080 4282 4283 3215 4284 4285
1747 11 2 1 1 2463 2604 2513 2749 2963 2817 3749 3429 3751 3430
1748 11 2 1 1 267 2656 2479 2705 3987 3230 3781 4286 4287 4288
1749 11 2 1 1 2064 2578 2487 2675 3434 4289 4290 3435 4291 3436
1750 11 2 1 1 2479 2667 2576 2791 3549 4292 3334 3840 3839 4293
1751 11 2 1 1 2508 2593 2532 2704 4155 4055 2915 3418 3407 4202
1752 11 2 1 1 1708 2500 1672 2620 3415 3710 1935 4294 4153 4154
1753 11 2 1 1 2566 2601 2454 2717 4295 3762 3776 4296 4264 4263
1754 11 2 1 1 2533 2579 2474 2703 3060 3736 4297 3391 4298 3392
1755 11 2 1 1 2470 2506 2608 2658 4222 4299 3032 3008 3033 4223
1756 11 2 1 1 329 2559 2496 2765 4300 3024 3353 4301 4302 4303
1757 11 2 1 1 2114 2549 2098 2639 2927 3805 2277 2889 3715 2928
1758 11 2 1 1 1692 1735 2473 2785 2028 3496 3495 4304 4305 4306
1759 11 2 1 1 411 2613 2473 2663 4307 4308 4309 4310 4311 3507
1760 11 2 1 1 310 2501 2563 2719 3704 3703 3702 4312 4313 4314
1761 11 2 1 1 2077 2504 2070 2605 3949 3258 2352 3950 4315 3720
1762 11 2 1 1 2449 2653 2581 2673 4071 4072 4070 4316 4317 4318
1763 11 2 1 1 2447 2505 2516 2739 2918 3746 3745 4319 4320 4321
1764 11 2 1 1 2051 2523 174 2567 3557 2901 3556 4322 4323 3132
1765 11 2 1 1 283 2594 485 2636 4192 4185 1395 4324 3065 3681
1766 11 2 1 1 2445 2733 2602 2797 4325 4326 3336 3643 3645 4327
1767 11 2 1 1 2440 2616 2643 2718 4328 3126 3558 3560 2866 3128
1768 11 2 1 1 2590 2722 208 2801 4329 4330 4331 4332 4201 4333
1769 11 2 1 1 2588 2610 2464 2624 4334 4274 4335 3536 4272 4273
1770 11 2 1 1 1671 1707 1743 2674 1930 1843 1892 2960 4336 2958
1771 11 2 1 1 2463 2549 2493 2687 4337 4338 3137 4339 3090 4340
1772 11 2 1 1 339 431 2595 2672 833 4341 3232 3638 3640 4342
1773 11 2 1 1 292 324 2516 2783 1424 4343 3168 4076 4078 4344
1774 11 2 1 1 2505 2640 1707 2674 4345 4346 3038 3039 2958 4347
1775 11 2 1 1 2445 2610 2515 2791 3662 4348 4349 3838 4350 4276
1776 11 2 1 1 369 2585 2498 2763 3142 3143 3109 4246 3910 4351
1777 11 2 1 1 2447 2516 2565 2804 3745 3452 3182 4352 4353 4354
1778 11 2 1 1 2458 2560 2586 2760 3520 3525 3523 3858 4355 4356
1779 11 2 1 1 2462 2613 2525 2681 3508 3984 3997 3509 3795 3510
1780 11 2 1 1 2495 2623 241 2660 3188 4143 3866 3713 4147 4146
1781 11 2 1 1 2495 2614 2731 2754 3185 4357 4358 3403 4359 3888
1782 11 2 1 1 2550 2569 1699 2746 4180 4214 4360 4361 4216 4215
1783 11 2 1 1 2456 2515 2591 2733 3594 3593 3592 4362 3917 4363
1784 11 2 1 1 2519 2558 2452 2575 2894 3861 2822 2897 3516 2898
1785 11 2 1 1 401 2623 2659 2660 4144 4059 4364 4145 3821 4146
1786 11 2 1 1 2096 2076 2600 2682 2364 3870 4365 4366 4367 4368
1787 11 2 1 1 2445 2507 2733 2797 3896 3919 4325 3643 4327 3687
1788 11 2 1 1 2465 2537 2501 2670 4369 4256 4370 4371 4259 4261
1789 11 2 1 1 2446 2585 2626 2691 4372 4373 4374 4375 4376 4377
1790 11 2 1 1 282 2695 2492 2715 4378 4379 3880 3884 2997 4380
1791 11 2 1 1 2450 2646 2593 2694 4381 4053 3843 3992 4056 4058
1792 11 2 1 1 2568 2643 2488 2649 4249 4382 4383 4251 4384 2905
1793 11 2 1 1 455 2612 2466 2645 4385 4386 4220 3913 3575 4387
1794 11 2 1 1 310 2501 170 2632 3704 4388 862 3705 4389 3706
1795 11 2 1 1 2489 2532 2459 2689 4092 4091 4093 4390 4391 4042
1796 11 2 1 1 2452 2673 2616 2750 4392 3314 3085 4393 3315 3019
1797 11 2 1 1 2451 2490 2689 2692 4024 4394 4049 3815 4052 4025
1798 11 2 1 1 2526 2585 369 2771 3144 3142 3108 4395 4396 4397
1799 11 2 1 1 2507 2451 2617 2689 4398 3814 4131 4043 4130 4049
1800 11 2 1 1 2480 2448 2546 2677 3532 3551 4399 3533 4400 3534
1801 11 2 1 1 2441 2506 2533 2658 3057 3056 3055 4401 4402 4223
1802 11 2 1 1 252 236 2499 2619 1183 4040 3324 3439 2840 4403
1803 11 2 1 1 2447 2511 2603 2739 4404 3000 4405 4319 4406 4407
1804 11 2 1 1 2101 2634 2504 2642 3121 3120 3122 4408 4409 4410
1805 11 2 1 1 2094 2625 2488 2748 2938 2939 2937 4411 4412 3394
1806 11 2 1 1 2472 2629 2529 2664 3472 4413 3357 3360 3362 3473
1807 11 2 1 1 479 2648 2569 2742 4414 4415 4416 4417 4418 4419
1808 11 2 1 1 2446 2604 2574 2669 4420 2962 4421 4422 2965 2967
1809 11 2 1 1 2464 2610 2588 2791 4274 4334 4335 4275 4423 4276
1810 11 2 1 1 2612 2645 2132 2748 4387 4424 4425 4426 4427 4428
1811 11 2 1 1 265 2757 2563 2764 4165 4166 3752 4429 4430 4431
1812 11 2 1 1 2448 2731 2614 2754 4432 4357 3396 3889 3888 4359
1813 11 2 1 1 2450 2542 2484 2710 3457 3458 3153 4433 3779 4434
1814 11 2 1 1 2507 2451 2689 2698 4398 4049 4043 4435 4436 4017
1815 11 2 1 1 2491 2557 2676 2751 2871 3067 4437 4438 3068 2885
1816 11 2 1 1 347 343 2545 2684 1492 3952 3921 4439 4440 4441
1817 11 2 1 1 2103 2642 2106 2690 3933 4442 2425 3289 3780 3932
1818 11 2 1 1 426 2596 2692 2743 4443 4105 3906 4444 4445 4446
1819 11 2 1 1 2453 2570 2622 2709 3733 3329 3732 4037 4447 3296
1820 11 2 1 1 347 2545 2530 2684 3921 3098 3920 4439 4448 4440
1821 11 2 1 1 429 282 430 2715 1325 1400 1161 4449 2998 3884
1822 11 2 1 1 2579 2601 2524 2703 3729 4450 3958 3392 4451 3730
1823 11 2 1 1 208 2722 408 2801 4330 4452 1045 4201 4200 4333
1824 11 2 1 1 2570 2643 2488 2709 2862 4382 4453 3296 4454 4038
1825 11 2 1 1 2448 2652 2547 2734 4455 4282 4456 4457 4285 4284
1826 11 2 1 1 2591 2515 2624 2791 3593 4458 4459 4460 4277 4350
1827 11 2 1 1 2655 2713 2630 2732 4461 4462 3467 3469 3468 4463
1828 11 2 1 1 154 341 1728 2545 540 4464 4465 4466 4467 4468
1829 11 2 1 1 2484 2450 2572 2655 3153 4469 3925 3154 4470 3155
1830 11 2 1 1 2566 2608 2470 2717 4471 3032 4472 4296 4473 4474
1831 11 2 1 1 2458 2586 2534 2760 3523 3709 2876 3858 4475 4355
1832 11 2 1 1 2077 2074 2548 2605 2353 3197 3948 3950 2955 3198
1833 11 2 1 1 426 353 2573 2692 1156 4476 3903 3906 3907 4477
1834 11 2 1 1 281 285 485 2695 1366 1397 1396 4478 4187 4252
1835 11 2 1 1 2478 2449 2539 2813 4479 4068 4480 4481 4482 4483
1836 11 2 1 1 404 2589 402 2753 4484 3386 1626 4485 3545 3547
1837 11 2 1 1 2534 2711 2535 2735 2880 3278 3935 4486 3282 3281
1838 11 2 1 1 2458 2760 2580 2762 3858 3859 3857 3863 3865 4487
1839 11 2 1 1 2491 2666 1698 2746 2949 4488 4489 4490 4491 4492
1840 11 2 1 1 194 193 192 2768 962 958 963 4063 4064 4493
1841 11 2 1 1 2101 2504 2077 2642 3122 3949 2354 4408 4494 4409
1842 11 2 1 1 332 2556 2559 2681 4182 3264 4181 4495 4496 4061
1843 11 2 1 1 271 2583 2499 2660 4231 4230 4039 4141 3712 4497
1844 11 2 1 1 426 2692 2514 2743 3906 3817 3905 4444 3116 4445
1845 11 2 1 1 2096 2600 2493 2682 4365 3227 4498 4366 3088 4367
1846 11 2 1 1 2483 2718 2543 2780 3850 2858 4499 3852 3011 3010
1847 11 2 1 1 2483 2586 2531 2781 4500 4501 3851 4502 4503 4504
1848 11 2 1 1 2101 2103 2634 2642 2389 4505 3121 4408 4410 3933
1849 11 2 1 1 198 2529 2547 2614 4506 4507 4508 4509 4510 3044
1850 11 2 1 1 2541 2498 2694 2777 4169 3993 4170 4511 4512 4513
1851 11 2 1 1 2477 2522 2608 2710 4514 4515 4516 3971 4517 4518
1852 11 2 1 1 2492 2769 2687 2808 4519 3273 4520 4521 4522 4523
1853 11 2 1 1 2502 2457 2641 2662 4524 4159 4525 4526 4113 4161
1854 11 2 1 1 2466 2612 455 2679 4386 4385 4220 3577 3914 4527
1855 11 2 1 1 325 2516 327 2640 4528 3449 877 4529 4530 4531
1856 11 2 1 1 2522 2454 2608 2710 4532 4533 4515 4518 4517 3777
1857 11 2 1 1 2088 2091 2568 2612 2396 4534 3739 3742 3744 4535
1858 11 2 1 1 285 2631 2485 2695 3661 3303 4028 4252 4186 4536
1859 11 2 1 1 2443 2665 2500 2732 3365 3366 3345 3996 3483 3470
1860 11 2 1 1 1728 2545 341 2683 4467 4468 4464 4537 4538 3225
1861 11 2 1 1 1738 1666 1729 2530 1913 1778 1875 3485 3093 3481
1862 11 2 1 1 258 2737 2720 2805 4539 4540 4083 4085 4087 4541
1863 11 2 1 1 1708 2598 2500 2620 3414 3346 3415 4294 4154 4542
1864 11 2 1 1 1735 2473 2785 2802 3496 4305 4306 3885 4543 3886
1865 11 2 1 1 1675 2603 2511 2739 2986 3000 3001 4544 4407 4406
1866 11 2 1 1 2517 2634 2504 2635 3771 3120 4545 3773 3123 3125
1867 11 2 1 1 2602 2733 2494 2797 4326 4546 4547 3645 4548 4327
1868 11 2 1 1 2610 2624 2515 2791 4273 4458 4348 4276 4350 4277
1869 11 2 1 1 2449 2539 2653 2673 4068 4073 4071 4316 4318 4549
1870 11 2 1 1 2489 2459 2592 2689 4093 4550 4551 4390 4552 4391
1871 11 2 1 1 220 2496 222 2618 3462 3567 1103 3463 3568 3354
1872 11 2 1 1 2496 2450 2525 2593 3876 3152 3877 3026 3842 3843
1873 11 2 1 1 1699 2611 2569 2767 4213 4212 4214 4553 4554 4555
1874 11 2 1 1 174 2523 461 2567 2901 3133 883 4323 3131 3132
1875 11 2 1 1 2568 2612 2091 2748 3744 4535 4534 4556 4557 4426
1876 11 2 1 1 2456 2591 2511 2630 3592 3723 3722 4558 4559 3916
1877 11 2 1 1 2720 2737 2482 2805 4540 4560 4561 4087 4562 4541
1878 11 2 1 1 267 2576 2479 2667 4563 3334 3781 3782 3549 4292
1879 11 2 1 1 276 2481 2653 2707 4564 4565 4566 4567 4568 4569
1880 11 2 1 1 1715 2595 2475 2683 4570 3234 4114 4171 2924 3364
1881 11 2 1 1 393 2730 392 2800 3209 4152 1223 3212 4571 3213
1882 11 2 1 1 2499 2616 2495 2758 3086 3087 2836 4572 4157 3608
1883 11 2 1 1 2445 2628 2479 2791 3642 3312 3335 3838 3840 4573
1884 11 2 1 1 289 2514 2573 2661 4089 3904 3444 3446 3448 4574
1885 11 2 1 1 2460 2544 2517 2634 3731 4575 4576 4577 3771 4578
1886 11 2 1 1 2536 2769 2492 2808 4579 4519 3979 3944 4521 4523
1887 11 2 1 1 2453 2495 2623 2758 3818 3188 4045 4139 4580 4157
1888 11 2 1 1 2479 2576 267 2705 3334 4563 3781 4287 4286 4581
1889 11 2 1 1 1707 2640 2505 2739 4346 4345 3038 4582 4321 4583
1890 11 2 1 1 2442 2687 2769 2808 3091 3273 3271 4584 4523 4522
1891 11 2 1 1 2498 2606 2450 2787 3909 3878 3991 4585 4586 4587
1892 11 2 1 1 382 2506 385 2717 3900 3823 1577 4588 4589 4262
1893 11 2 1 1 2586 2531 2673 2718 4501 3657 3017 3015 3016 2952
1894 11 2 1 1 2478 2479 2602 2788 3562 3337 3563 4590 4591 4592
1895 11 2 1 1 318 2538 234 2743 3180 4593 1173 3181 4594 3051
1896 11 2 1 1 326 327 325 2516 1455 877 1453 3450 4528 3449
1897 11 2 1 1 2499 2619 236 2660 2840 4403 4040 3712 4140 4595
1898 11 2 1 1 2496 2559 329 2796 3024 4300 3353 4596 4597 2943
1899 11 2 1 1 1698 2491 2627 2666 4489 4598 4599 4488 4600 2949
1900 11 2 1 1 332 2505 2559 2674 4601 2917 4181 4183 3265 3039
1901 11 2 1 1 2457 2662 2502 2775 4161 4526 4524 3590 4602 4603
1902 11 2 1 1 2463 2493 2549 2604 3137 4338 4337 2963 2819 3138
1903 11 2 1 1 1709 1691 2624 2637 2019 4604 3535 3538 3540 4605
1904 11 2 1 1 2448 2472 2546 2754 3359 2830 3551 3889 2825 2834
1905 11 2 1 1 2109 2098 2513 2759 2288 3804 4606 4607 3580 3717
1906 11 2 1 1 2448 2609 2480 2664 3607 3605 3532 3361 4608 4609
1907 11 2 1 1 2458 2555 2632 2776 2892 2841 2878 4610 3982 3981
1908 11 2 1 1 2444 2633 2519 2693 3012 2983 2828 2907 2909 4611
1909 11 2 1 1 1734 1698 2666 2746 2037 4488 4612 4613 4492 4491
1910 11 2 1 1 282 2594 2492 2695 4098 4097 3880 4378 4379 4188
1911 11 2 1 1 2098 2086 2109 2513 2423 2424 2288 3804 4606 2816
1912 11 2 1 1 2053 2114 457 2636 2213 3129 4614 4118 3130 2888
1913 11 2 1 1 2467 2589 2530 2641 3385 4194 4110 4108 4109 4615
1914 11 2 1 1 2450 2484 2572 2710 3153 3925 4469 4433 3926 3779
1915 11 2 1 1 2457 2502 2551 2775 4524 3675 3620 3590 3622 4602
1916 11 2 1 1 339 273 431 2672 1363 931 833 3638 4342 4151
1917 11 2 1 1 2474 2579 2533 2766 3736 3060 4297 4616 3770 3769
1918 11 2 1 1 221 2541 222 2618 4617 4211 1102 4618 3568 3464
1919 11 2 1 1 1715 2475 2595 2627 4114 3234 4570 4115 4619 4012
1920 11 2 1 1 2060 165 2612 2729 3610 3611 3612 4620 4621 4622
1921 11 2 1 1 2493 2463 2687 2774 3137 4339 3090 3220 4623 3221
1922 11 2 1 1 2454 2524 2579 2601 4624 3958 3760 3762 3729 4450
1923 11 2 1 1 2452 2495 2616 2650 2837 3087 3085 4625 4626 4627
1924 11 2 1 1 221 220 222 2541 1098 1103 1102 4617 4211 3460
1925 11 2 1 1 2500 2603 2511 2621 3691 3000 4628 3377 3002 2989
1926 11 2 1 1 2481 2452 2558 2750 4629 3861 4630 3627 4631 4393
1927 11 2 1 1 439 194 251 2794 975 964 976 3118 3954 3200
1928 11 2 1 1 2456 2553 2510 2668 4632 4633 4634 4635 4636 4637
1929 11 2 1 1 252 2499 271 2679 3324 4039 1184 3323 4232 3322
1930 11 2 1 1 2472 2554 2529 2629 3073 3041 3357 3472 4413 3927
1931 11 2 1 1 472 383 2540 2699 1583 3013 4638 4639 2975 3014
1932 11 2 1 1 2102 2636 2485 2682 3333 3305 3332 4640 4641 4642
1933 11 2 1 1 1729 346 154 2545 3095 543 4643 3096 4466 3097
1934 11 2 1 1 2619 2660 2499 2768 4595 3712 2840 2874 2875 3714
1935 11 2 1 1 2507 2615 2508 2630 3442 3443 2911 3583 3585 4106
1936 11 2 1 1 2594 2639 359 2755 3684 3685 3683 4644 4645 4646
1937 11 2 1 1 269 2535 280 2735 4647 3277 1346 4648 3280 3282
1938 11 2 1 1 2478 2705 2479 2788 4649 4287 3562 4590 4592 4650
1939 11 2 1 1 2447 2726 2511 2739 4651 4652 4404 4319 4407 4653
1940 11 2 1 1 2482 2454 2697 2720 4654 4655 4656 4561 4657 4658
1941 11 2 1 1 2682 2727 2521 2769 4659 4660 3263 3272 3484 4661
1942 11 2 1 1 289 266 2514 2661 1334 4271 4089 3446 4574 4662
1943 11 2 1 1 2445 2515 2591 2791 4349 3593 4663 3838 4460 4350
1944 11 2 1 1 2439 2532 2508 2646 3174 2915 3173 4664 4156 4054
1945 11 2 1 1 2510 2551 1701 2627 4665 4666 4667 4668 4669 4013
1946 11 2 1 1 350 175 1723 2647 549 4133 4670 4671 4134 4001
1947 11 2 1 1 2114 2098 2055 2759 2277 2286 2210 3716 4672 3717
1948 11 2 1 1 350 348 175 2647 890 889 549 4671 4001 3968
1949 11 2 1 1 286 2576 2520 2671 4673 3812 4674 4675 4067 3399
1950 11 2 1 1 370 2526 369 2771 4676 3108 1542 4677 4396 4395
1951 11 2 1 1 2505 2556 2462 2559 3140 3693 4678 2917 4679 3264
1952 11 2 1 1 2482 2454 2720 2734 4654 4658 4561 4680 4681 4682
1953 11 2 1 1 2050 153 478 2578 3254 716 3789 3791 3793 4148
1954 11 2 1 1 2462 2556 2505 2713 3693 3140 4678 3694 2920 3617
1955 11 2 1 1 2540 2690 472 2699 4203 4683 4638 2975 4639 4684
1956 11 2 1 1 2552 2694 2498 2777 4255 3993 4253 4685 4513 4512
1957 11 2 1 1 2521 2600 2509 2638 3306 3764 4686 3652 3765 3653
1958 11 2 1 1 2500 2598 2443 2732 3346 3347 3345 3483 3996 4687
1959 11 2 1 1 1714 2503 2767 2799 4205 4209 4207 4234 4688 4235
1960 11 2 1 1 2450 2552 2498 2787 4254 4253 3991 4586 4585 3833
1961 11 2 1 1 2549 2636 2594 2639 2926 3681 4689 2928 3684 2890
1962 11 2 1 1 2459 2552 2489 2669 4094 4095 4093 4690 4691 4692
1963 11 2 1 1 2462 2556 2620 2663 3693 3615 3692 3506 3854 4060
1964 11 2 1 1 2482 2652 2720 2805 4693 4100 4561 4562 4087 4102
1965 11 2 1 1 2456 2515 2553 2668 3594 4694 4632 4635 4637 4695
1966 11 2 1 1 2517 2544 2460 2691 4575 3731 4576 4696 4697 4698
1967 11 2 1 1 2586 2673 2531 2781 3017 3657 4501 4504 4503 4699
1968 11 2 1 1 2463 2549 2513 2604 4337 2814 3749 2963 2817 2819
1969 11 2 1 1 2522 2477 2646 2710 4514 4700 4701 4518 4702 3971
1970 11 2 1 1 2485 2682 2687 2769 4641 3092 4703 4704 3273 3272
1971 11 2 1 1 2531 2616 2452 2673 3658 3085 4705 3657 4392 3314
1972 11 2 1 1 2456 2591 2630 2733 3592 3916 4558 4362 3918 3917
1973 11 2 1 1 2485 2727 2682 2769 4706 4659 4641 4704 3272 4661
1974 11 2 1 1 2499 2583 2453 2758 4230 3873 4707 4572 4139 4708
1975 11 2 1 1 174 420 461 2523 689 884 883 2901 3133 2902
1976 11 2 1 1 2613 2663 475 2681 3507 4709 4710 3510 4711 3511
1977 11 2 1 1 2489 2592 2582 2698 4551 3648 4712 4713 4019 4018
1978 11 2 1 1 2485 2631 2102 2682 3303 3331 3332 4641 4640 4714
1979 11 2 1 1 2451 2592 2689 2698 3646 4552 4049 4017 4436 4018
1980 11 2 1 1 2439 2507 2532 2698 3172 2914 3174 4715 4716 4435
1981 11 2 1 1 2496 2541 220 2765 3461 3460 3462 4302 4717 4718
1982 11 2 1 1 1716 1707 2640 2674 1841 4346 4719 4720 4347 2958
1983 11 2 1 1 2523 2567 2090 2625 3132 4721 4722 3242 4723 4724
1984 11 2 1 1 2449 2501 2581 2724 4258 4725 4070 4726 4727 4728
1985 11 2 1 1 2454 2506 2579 2608 3761 3059 3760 4533 4729 4299
1986 11 2 1 1 2449 2537 2501 2724 4257 4256 4258 4726 4728 4730
1987 11 2 1 1 2449 2581 2586 2673 4070 4731 4732 4316 3017 4317
1988 11 2 1 1 1680 2510 1686 2611 4733 4734 1975 4735 4736 4737
1989 11 2 1 1 2472 2587 2554 2629 3956 2851 3073 3472 3927 3928
1990 11 2 1 1 2462 2613 2620 2732 3508 3853 3692 4738 4739 4740
1991 11 2 1 1 2478 2537 2449 2813 4741 4257 4479 4481 4483 4742
1992 11 2 1 1 2499 2660 2583 2758 3712 4497 4230 4572 4708 4158
1993 11 2 1 1 2104 2706 2577 2795 4743 4744 3601 3603 3602 4745
1994 11 2 1 1 2440 2534 2657 2736 3937 4746 4747 4014 4748 4015
1995 11 2 1 1 2457 2554 2475 2782 3988 2848 3588 4137 3951 3929
1996 11 2 1 1 213 2542 2654 2786 4749 3571 4750 4751 4752 4753
1997 11 2 1 1 2521 2600 2076 2682 3306 3870 3869 3263 4368 4367
1998 11 2 1 1 227 354 2527 2700 1130 4754 4755 4756 3489 4757
1999 11 2 1 1 2453 2583 2499 2643 3873 4230 4707 3276 4758 3874
2000 11 2 1 1 2474 2564 2453 2622 3479 4248 4046 4126 3732 4759
2001 11 2 1 1 2460 2578 2540 2634 4760 3317 3553 4577 3321 3320
2002 11 2 1 1 310 170 497 2632 862 864 863 3705 4129 4389
2003 11 2 1 1 286 287 2576 2671 1352 3397 4673 4675 3399 3398
2004 11 2 1 1 2448 2480 2546 2664 3532 4399 3551 3361 4761 4608
2005 11 2 1 1 229 2527 228 2692 3487 4762 1138 4763 4764 4051
2006 11 2 1 1 2448 2546 2629 2664 3551 3552 3471 3361 3473 4761
2007 11 2 1 1 2495 2659 2623 2660 3820 4059 3188 3713 4146 3821
2008 11 2 1 1 2464 2607 2573 2661 4765 3261 4766 4767 3448 3491
2009 11 2 1 1 2477 2608 2626 2710 4516 3031 3829 3971 3972 4517
2010 11 2 1 1 2439 2507 2698 2797 3172 4435 4715 3686 4768 3687
2011 11 2 1 1 2533 2699 386 2809 3698 3697 3699 4769 4770 4771
2012 11 2 1 1 465 399 2564 2567 1609 4772 4032 4031 3424 4773
2013 11 2 1 1 203 2601 205 2703 4774 4775 1017 4776 4777 3730
2014 11 2 1 1 2065 2517 2064 2675 3890 3432 2317 4778 3435 3437
2015 11 2 1 1 2478 2539 2449 2696 4480 4068 4479 4779 4780 4781
2016 11 2 1 1 481 2771 2487 2772 4782 4783 3799 4784 4785 4786
2017 11 2 1 1 213 2654 395 2786 4750 4787 1069 4751 4788 4752
2018 11 2 1 1 2582 2670 2560 2744 4789 4790 4791 4792 4793 4794
2019 11 2 1 1 2535 2679 2499 2707 4172 3322 4795 4174 3325 3327
2020 11 2 1 1 2088 2127 2091 2612 2430 2429 2396 3742 4535 4796
2021 11 2 1 1 2441 2579 2506 2608 3058 3059 3057 4797 4299 4729
2022 11 2 1 1 2500 2630 2713 2732 3482 4462 4798 3483 4463 3468
2023 11 2 1 1 231 430 229 2596 1150 1149 1147 3266 3105 2930
2024 11 2 1 1 2452 2707 2558 2750 4799 4800 3861 4393 4631 4801
2025 11 2 1 1 276 2653 2481 2735 4566 4565 4564 4802 4803 4804
2026 11 2 1 1 2629 2751 2587 2782 3637 3957 3928 3931 3930 4805
2027 11 2 1 1 2453 2643 2499 2758 3276 4758 4707 4139 4572 3070
2028 11 2 1 1 2443 2732 2598 2784 3996 4687 3347 4243 4245 4806
2029 11 2 1 1 337 224 2618 2807 1125 4807 4808 4809 4810 4811
2030 11 2 1 1 2488 2721 2094 2748 3513 3514 2937 4412 4411 4812
2031 11 2 1 1 385 2601 2506 2703 4813 3728 3823 3825 3390 3730
2032 11 2 1 1 2504 2548 2077 2642 3719 3948 3949 4409 4494 4814
2033 11 2 1 1 411 2663 2473 2785 4310 4311 4309 4815 4305 4816
2034 11 2 1 1 1709 1706 1691 2637 2025 2024 2019 3538 4605 4817
2035 11 2 1 1 2441 2504 2544 2658 4026 4818 4819 4401 3250 4820
2036 11 2 1 1 2517 2544 2504 2634 4575 4818 4545 3771 3120 4578
2037 11 2 1 1 165 2612 2729 2740 3611 4621 4622 4821 4822 4823
2038 11 2 1 1 456 2559 2525 2681 4824 4825 4826 4827 3795 4496
2039 11 2 1 1 2464 2588 2624 2637 4335 3536 4272 4828 3540 3539
2040 11 2 1 1 2484 2525 2655 2716 3151 3156 3154 4116 3986 3674
2041 11 2 1 1 1716 2640 1707 2739 4719 4346 1841 4829 4582 4583
2042 11 2 1 1 354 2562 2527 2700 4830 4831 4754 4757 3489 4832
2043 11 2 1 1 2451 2628 2518 2698 3342 4833 4834 4017 4835 4836
2044 11 2 1 1 2447 2507 2617 2704 2912 4131 4837 3405 4132 3406
2045 11 2 1 1 431 2666 2595 2672 4838 4839 4341 4342 3640 4840
2046 11 2 1 1 2524 2601 203 2703 4450 4774 4841 4451 4776 3730
2047 11 2 1 1 367 2487 481 2771 3800 3799 1536 4842 4782 4783
2048 11 2 1 1 2588 2610 2520 2791 4334 4062 4843 4423 4844 4276
2049 11 2 1 1 2519 2633 2471 2693 2983 4270 3629 2909 3630 4611
2050 11 2 1 1 2542 2566 2484 2710 4845 3775 3458 4434 3779 3778
2051 11 2 1 1 2503 2671 503 2799 3400 4846 4847 4235 4848 4849
2052 11 2 1 1 2440 2649 2568 2657 3559 4251 4250 4747 4850 4851
2053 11 2 1 1 426 353 289 2573 1156 1419 1335 3903 3444 4476
2054 11 2 1 1 252 253 237 2707 1188 1187 1182 3326 4238 3428
2055 11 2 1 1 2526 2626 2585 2691 4852 4373 3144 4853 4377 4376
2056 11 2 1 1 219 2541 2606 2765 4854 4168 4855 4856 4857 4718
2057 11 2 1 1 2085 2103 2128 2779 2419 2421 2420 4858 3291 3293
2058 11 2 1 1 2447 2603 2713 2739 4405 3618 2919 4319 4859 4406
2059 11 2 1 1 2447 2603 2511 2713 4405 3000 4404 2919 4860 3618
2060 11 2 1 1 187 189 188 2519 938 937 933 4861 2895 4218
2061 11 2 1 1 2091 2612 2132 2748 4535 4425 2437 4557 4427 4426
2062 11 2 1 1 494 2681 471 2716 4862 3794 1251 4863 3797 3798
2063 11 2 1 1 2529 2554 440 2684 3041 4239 4029 4864 4865 4866
2064 11 2 1 1 2575 2768 2614 2794 4867 4075 4868 4869 3119 4066
2065 11 2 1 1 229 2596 2527 2692 3105 3488 3487 4763 4051 4105
2066 11 2 1 1 2578 2771 478 2772 4870 4871 3793 3978 3977 4786
2067 11 2 1 1 2088 2134 2476 2688 2431 4872 3741 4873 4874 4875
2068 11 2 1 1 187 189 2519 2794 938 4218 4861 4876 4877 4878
2069 11 2 1 1 276 2653 295 2707 4566 4879 1343 4567 4880 4568
2070 11 2 1 1 2482 2697 2454 2734 4656 4655 4654 4680 4682 4881
2071 11 2 1 1 460 2583 2523 2645 4882 3872 4883 4884 3565 3284
2072 11 2 1 1 2508 2655 2630 2665 4885 3467 3585 3846 3465 3466
2073 11 2 1 1 2101 2077 2103 2642 2354 2387 2389 4408 3933 4494
2074 11 2 1 1 1653 1724 444 2674 1811 4886 4887 4888 4889 4890
2075 11 2 1 1 2481 2586 2581 2673 3625 4731 4891 3626 4317 3017
2076 11 2 1 1 422 2632 67 2776 4892 2842 617 4893 3980 3982
2077 11 2 1 1 306 265 254 2725 1276 1275 1272 4104 4894 3755
2078 11 2 1 1 2075 2521 2076 2638 3650 3869 2362 3651 4895 3652
2079 11 2 1 1 337 2618 2783 2807 4808 4896 4897 4809 4898 4810
2080 11 2 1 1 348 2530 175 2647 4195 3999 889 3968 4001 4003
2081 11 2 1 1 2102 2682 2631 2727 4640 4714 3331 4899 4900 4659
2082 11 2 1 1 1709 2607 1706 2637 4190 4901 2025 3538 4817 4191
2083 11 2 1 1 2496 329 2565 2796 3353 3352 3351 4596 3184 4597
2084 11 2 1 1 458 2583 460 2645 3283 4882 808 3285 4884 3284
2085 11 2 1 1 337 2618 2565 2783 4808 3356 4902 4897 4903 4896
2086 11 2 1 1 2527 2562 354 2807 4831 4830 4754 4904 4905 4906
2087 11 2 1 1 222 220 329 2496 1103 1105 1104 3567 3353 3462
2088 11 2 1 1 2540 2578 2460 2678 3317 4760 3553 3257 4907 4149
2089 11 2 1 1 385 2506 2601 2717 3823 3728 4813 4589 4263 4262
2090 11 2 1 1 2463 2594 2549 2687 4908 4689 4337 4339 4340 4909
2091 11 2 1 1 2547 2614 2448 2731 4510 3396 4456 3084 4432 4357
2092 11 2 1 1 1675 2511 1704 2739 3001 4910 1950 4544 4911 4407
2093 11 2 1 1 1681 1684 1687 2502 1959 1978 1977 3598 3677 3201
2094 11 2 1 1 2064 2487 2578 2772 4290 4289 3434 4912 3978 4785
2095 11 2 1 1 2481 2707 276 2735 4569 4567 4564 4803 4802 4913
2096 11 2 1 1 1724 2640 444 2674 4914 4915 4886 4890 4889 4347
2097 11 2 1 1 2522 2572 2454 2710 4916 3924 4532 4518 3777 3926
2098 11 2 1 1 319 287 320 2792 1353 1414 1413 4917 3206 3205
2099 11 2 1 1 367 369 2585 2771 1540 3142 3836 4842 4397 4396
2100 11 2 1 1 2484 2454 2566 2697 3774 3776 3775 4918 4919 4655
2101 11 2 1 1 187 2519 2587 2794 4861 4920 4921 4876 4922 4877
2102 11 2 1 1 2491 2550 2461 2557 3035 4923 4924 2871 4925 3036
2103 11 2 1 1 2484 2655 2613 2716 3154 3983 4926 4116 3985 3986
2104 11 2 1 1 2515 2610 2445 2712 4348 3662 4349 4927 3371 3664
2105 11 2 1 1 2457 2551 2502 2793 3620 3675 4524 4928 4929 4930
2106 11 2 1 1 1683 1682 1689 2515 1970 1983 1982 4931 4932 4933
2107 11 2 1 1 481 2680 2487 2708 4934 4935 3799 3803 3802 4936
2108 11 2 1 1 272 458 455 2679 1358 1362 1361 3923 3914 3286
2109 11 2 1 1 1698 2627 2491 2746 4599 4598 4489 4491 4490 4937
2110 11 2 1 1 2518 2628 2602 2797 4833 3641 4938 4939 3645 3644
2111 11 2 1 1 1692 2473 2620 2785 3495 4940 4941 4304 4942 4305
2112 11 2 1 1 469 2577 2728 2809 4943 4944 4945 4946 4947 4948
2113 11 2 1 1 2518 2628 2507 2698 4833 3895 4949 4835 4435 4836
2114 11 2 1 1 2124 2638 2107 2776 4950 4951 2301 4952 4953 4954
2115 11 2 1 1 2457 2530 2589 2641 4160 4194 4955 4159 4615 4109
2116 11 2 1 1 209 2566 207 2590 4956 4957 1037 4958 4959 4960
2117 11 2 1 1 2473 2613 2620 2663 4308 3853 4940 4311 3854 3507
2118 11 2 1 1 469 2577 467 2728 4943 4961 1606 4945 4962 4944
2119 11 2 1 1 2505 2603 1707 2739 3037 2957 3038 4321 4582 4406
2120 11 2 1 1 2462 2559 2556 2681 4679 3264 3693 3509 4061 4496
2121 11 2 1 1 426 2596 230 2692 4443 4963 1155 3906 4964 4105
2122 11 2 1 1 2551 2584 2502 2793 4965 4966 3675 4930 4929 4967
2123 11 2 1 1 2630 2655 2593 2713 3467 3844 4968 4462 3113 4461
2124 11 2 1 1 2086 2109 2513 2675 2424 4606 2816 2860 2859 4969
2125 11 2 1 1 2500 2621 2511 2630 3377 3002 4628 3482 4559 4970
2126 11 2 1 1 2523 2108 2645 2748 4971 4972 3565 3454 4428 4973
2127 11 2 1 1 183 2666 431 2672 2947 4838 921 3307 4342 4840
2128 11 2 1 1 235 2538 318 2656 4974 3180 1172 4975 3229 3231
2129 11 2 1 1 2538 2596 2492 2715 3748 2931 3500 3175 2997 2999
2130 11 2 1 1 72 2478 2597 2813 4976 4977 4978 4979 4980 4481
2131 11 2 1 1 361 2651 363 2701 4981 4982 1217 4983 4984 4985
2132 11 2 1 1 2449 2581 2539 2724 4070 4069 4068 4726 4986 4727
2133 11 2 1 1 202 203 201 2652 1008 1007 1002 4101 4987 4988
2134 11 2 1 1 2445 2602 2479 2628 3336 3337 3335 3642 3312 3641
2135 11 2 1 1 198 2547 197 2614 4508 4989 982 4509 4990 4510
2136 11 2 1 1 2124 2555 2638 2776 4991 4992 4950 4952 4954 3981
2137 11 2 1 1 2104 2642 2087 2795 3600 4993 2402 3603 4994 3604
2138 11 2 1 1 2606 2654 2542 2787 3573 3571 3478 4587 4995 4996
2139 11 2 1 1 2492 2582 2536 2808 3503 3157 3979 4521 3944 3943
2140 11 2 1 1 2455 2504 2745 2790 3892 4997 4998 4007 4999 4005
2141 11 2 1 1 2461 2569 2550 2746 5000 4180 4923 5001 4361 4215
2142 11 2 1 1 452 478 2771 2772 719 4871 5002 5003 4786 3977
2143 11 2 1 1 251 2587 2554 2794 5004 2851 3953 3954 3310 4922
2144 11 2 1 1 227 2527 354 2807 4755 4754 1130 5005 4905 4904
2145 11 2 1 1 2583 2660 2453 2758 4497 3822 3873 4708 4139 4158
2146 11 2 1 1 363 2651 2562 2701 4982 5006 5007 4984 5008 4985
2147 11 2 1 1 2490 2527 2689 2692 5009 4050 4394 4025 4052 4051
2148 11 2 1 1 2619 2707 2452 2750 3440 4799 2838 5010 4393 4801
2149 11 2 1 1 2477 2608 2544 2626 4516 3249 5011 3829 3248 3031
2150 11 2 1 1 347 348 349 2530 888 1497 1496 3920 5012 4195
2151 11 2 1 1 202 2524 203 2652 5013 4841 1008 4101 4988 4283
2152 11 2 1 1 1735 2785 2599 2802 4306 5014 5015 3885 5016 4543
2153 11 2 1 1 2444 2629 2546 2773 3635 3552 2829 5017 5018 5019
2154 11 2 1 1 2593 2630 2508 2655 4968 3585 4155 3844 4885 3467
2155 11 2 1 1 2441 2544 2504 2790 4819 4818 4026 4027 4005 5020
2156 11 2 1 1 2471 2597 2557 2693 5021 5022 3628 3630 2908 5023
2157 11 2 1 1 2461 2611 2569 2746 5024 4212 5000 5001 4215 4217
2158 11 2 1 1 2529 2554 2457 2629 3041 3988 5025 4413 5026 3927
2159 11 2 1 1 2490 2617 2451 2689 4023 3814 4024 4394 4049 4130
2160 11 2 1 1 360 359 2636 2639 1516 3682 3527 3528 2890 3685
2161 11 2 1 1 2481 2673 2452 2750 3626 4392 4629 3627 4393 3019
2162 11 2 1 1 207 2566 209 2717 4957 4956 1037 5027 5028 4296
2163 11 2 1 1 1701 2551 2510 2685 4666 4665 4667 5029 5030 3680
2164 11 2 1 1 269 280 312 2735 1346 1348 1345 4648 5031 3280
2165 11 2 1 1 2441 2658 2533 2738 4401 4402 3055 3298 5032 5033
2166 11 2 1 1 2054 2578 2062 2772 5034 3792 2195 5035 3976 3978
2167 11 2 1 1 2107 2638 2561 2776 4951 5036 5037 4953 5038 4954
2168 11 2 1 1 207 2601 2566 2717 5039 4295 4957 5027 4296 4263
2169 11 2 1 1 2447 2507 2591 2617 2912 3915 3941 4837 5040 4131
2170 11 2 1 1 2087 2642 2080 2795 4993 5041 2386 4994 5042 3604
2171 11 2 1 1 203 2524 201 2652 4841 5043 1007 4988 4987 4283
2172 11 2 1 1 256 2565 337 2618 3808 4902 1126 3809 4808 3356
2173 11 2 1 1 2610 2671 2503 2767 5044 3400 3663 5045 4209 5046
2174 11 2 1 1 2097 2086 2549 2770 2343 2815 5047 5048 2832 2831
2175 11 2 1 1 2458 2534 2501 2632 2876 3708 3522 2878 3706 2877
2176 11 2 1 1 2444 2741 2629 2773 5049 5050 3635 5017 5019 5051
2177 11 2 1 1 503 320 287 2503 1415 1414 1412 4847 3203 3204
2178 11 2 1 1 456 2525 334 2681 4826 5052 1467 4827 5053 3795
2179 11 2 1 1 2123 2127 2060 2612 2242 2309 2150 3613 3612 4796
2180 11 2 1 1 2479 2478 2576 2705 3562 3561 3334 4287 4581 4649
2181 11 2 1 1 1733 504 2588 2671 5054 5055 5056 5057 5058 5059
2182 11 2 1 1 2481 2558 2452 2673 4630 3861 4629 3626 4392 5060
2183 11 2 1 1 2440 2535 2736 2750 3936 4016 4014 3939 5061 3940
2184 11 2 1 1 194 2614 193 2768 3199 5062 962 4063 4493 4075
2185 11 2 1 1 369 373 240 2654 1205 1204 1203 3111 3660 4136
2186 11 2 1 1 2531 2586 2483 2718 4501 4500 3851 2952 3850 3015
2187 11 2 1 1 207 2590 2566 2601 4959 4960 4957 5039 4295 5063
2188 11 2 1 1 2483 2560 2670 2744 5064 4790 5065 5066 4794 4793
2189 11 2 1 1 2134 2476 2688 2729 4872 4874 4875 5067 5068 5069
2190 11 2 1 1 72 2648 2478 2792 5070 3960 4976 5071 5072 3413
2191 11 2 1 1 2522 2646 2572 2710 4701 5073 4916 4518 3926 4702
2192 11 2 1 1 345 2554 251 2587 2995 3953 1259 2996 5004 2851
2193 11 2 1 1 198 196 2529 2614 983 3419 4506 4509 3044 3420
2194 11 2 1 1 2549 2594 2485 2687 4689 4184 5074 4340 4703 4909
2195 11 2 1 1 2070 2077 2101 2504 2352 2354 2339 3258 3122 3949
2196 11 2 1 1 2498 2585 2526 2626 3143 3144 3107 5075 4852 4373
2197 11 2 1 1 310 2501 2719 2724 3704 4314 4312 5076 5077 4728
2198 11 2 1 1 312 280 464 2735 1348 1391 853 5031 4266 3280
2199 11 2 1 1 306 2719 2563 2725 5078 4313 4103 4104 3756 5079
2200 11 2 1 1 2451 2507 2628 2698 4398 3895 3342 4017 4836 4435
2201 11 2 1 1 2600 2605 2071 2635 5080 5081 5082 5083 5084 5085
2202 11 2 1 1 2488 2570 2548 2605 4453 3340 2936 2953 2955 3721
2203 11 2 1 1 2653 2673 2539 2696 4318 4549 4073 5086 4781 5087
2204 11 2 1 1 334 2525 471 2681 5052 3796 1476 5053 3794 3795
2205 11 2 1 1 379 2756 2571 2786 5088 4004 5089 5090 5091 5092
2206 11 2 1 1 2454 2590 2566 2697 5093 4960 3776 4655 4919 5094
2207 11 2 1 1 2550 2491 2676 2746 3035 4437 5095 4361 5096 4490
2208 11 2 1 1 2455 2635 2493 2745 5097 5098 3164 4998 5099 5100
2209 11 2 1 1 2460 2504 2544 2634 5101 4818 3731 4577 4578 3120
2210 11 2 1 1 2507 2689 2532 2698 4043 4042 2914 4435 4716 4436
2211 11 2 1 1 463 2564 399 2567 3425 4772 1620 3218 4773 3424
2212 11 2 1 1 2502 2598 2500 2621 3192 3346 3343 3195 3377 3196
2213 11 2 1 1 367 370 369 2771 1543 1542 1540 4842 4396 4677
2214 11 2 1 1 2473 2598 1692 2620 3499 3497 3495 4940 4941 4542
2215 11 2 1 1 272 271 2583 2679 1265 4231 3922 3923 3288 4232
2216 11 2 1 1 1671 1672 1673 2603 1923 1929 1928 2956 5102 3711
2217 11 2 1 1 434 2523 460 2583 5103 4883 1384 5104 4882 3872
2218 11 2 1 1 472 383 398 2540 1583 1584 1586 4638 3417 3013
2219 11 2 1 1 2492 2582 2687 2774 3503 5105 4520 5106 4623 5107
2220 11 2 1 1 2452 2495 2650 2754 2837 4627 4625 2823 5108 3403
2221 11 2 1 1 2452 2619 2558 2707 2838 3021 3861 4799 4800 3440
2222 11 2 1 1 2456 2502 2621 2685 3726 3195 3725 5109 3871 3678
2223 11 2 1 1 2547 2614 2495 2623 4510 3185 5110 5111 3188 3190
2224 11 2 1 1 72 2597 2478 2648 4978 4977 4976 5070 3960 5112
2225 11 2 1 1 2486 2533 2506 2658 5113 3056 5114 3492 4223 4402
2226 11 2 1 1 2442 2493 2687 2774 2979 3090 3091 3961 4623 3220
2227 11 2 1 1 2537 2539 2449 2813 5115 4068 4257 4742 4483 4482
2228 11 2 1 1 227 228 229 2527 1132 1138 1137 4755 3487 4762
2229 11 2 1 1 2447 2713 2505 2739 2919 2920 2918 4319 4321 4859
2230 11 2 1 1 189 2575 2519 2794 4219 2897 4218 4878 4877 4869
2231 11 2 1 1 2461 2491 2557 2676 4924 2871 4925 5116 3067 4437
2232 11 2 1 1 1700 2611 1699 2767 5117 4213 2001 5118 4553 4555
2233 11 2 1 1 2451 2592 2527 2689 3646 3759 3758 4049 4050 4552
2234 11 2 1 1 2481 2558 2707 2750 4630 4800 4569 3627 4801 4631
2235 11 2 1 1 367 365 481 2708 1535 1537 1536 3801 3803 5119
2236 11 2 1 1 361 2512 2651 2701 5120 4163 4981 4983 4985 3945
2237 11 2 1 1 2456 2584 2502 2685 5121 4966 3726 5109 3678 5122
2238 11 2 1 1 348 349 2530 2589 1497 5012 4195 3967 4194 5123
2239 11 2 1 1 2453 2623 2731 2758 4045 4048 4047 4139 5124 4580
2240 11 2 1 1 2069 2600 2071 2635 5125 5082 2346 5126 5084 5083
2241 11 2 1 1 2449 2539 2537 2724 4068 5115 4257 4726 4730 4986
2242 11 2 1 1 2549 2594 2463 2639 4689 4908 4337 2928 5127 3684
2243 11 2 1 1 2484 2566 2590 2697 3775 4960 5128 4918 5094 4919
2244 11 2 1 1 2502 2584 2456 2665 4966 5121 3726 3367 3727 5129
2245 11 2 1 1 2690 2699 2486 2809 4684 3379 5130 5131 5132 4771
2246 11 2 1 1 469 2728 390 2809 4945 5133 1604 4946 5134 4947
2247 11 2 1 1 367 2585 2487 2771 3836 3835 3800 4842 4783 4397
2248 11 2 1 1 329 2496 220 2765 3353 3462 1105 4301 4717 4302
2249 11 2 1 1 2099 2636 2102 2682 5135 3333 2418 5136 4640 4642
2250 11 2 1 1 2629 2741 2480 2773 5050 5137 5138 5019 5139 5051
2251 11 2 1 1 318 267 293 2656 1241 1338 1305 3229 5140 3987
2252 11 2 1 1 2567 2706 2468 2728 4280 5141 5142 4035 5143 4281
2253 11 2 1 1 2453 2625 2709 2803 3274 5144 4037 3654 5145 3655
2254 11 2 1 1 2124 2555 2093 2638 4991 5146 2438 4950 5147 4992
2255 11 2 1 1 2478 2449 2537 2788 4479 4257 4741 4590 5148 5149
2256 11 2 1 1 2458 2509 2638 2762 3855 3765 5150 3863 5151 3864
2257 11 2 1 1 2491 2672 2557 2751 3308 3309 2871 4438 2885 3671
2258 11 2 1 1 2445 2478 2602 2644 3574 3563 3336 3102 5152 3959
2259 11 2 1 1 2492 2592 2582 2774 3647 3648 3503 5106 5107 5153
2260 11 2 1 1 2451 2514 2596 2743 3114 4210 3747 3052 4446 3116
2261 11 2 1 1 2466 2645 2612 2748 3575 4387 4386 3393 4426 4428
2262 11 2 1 1 209 207 208 2590 1037 1032 1038 4958 4331 4959
2263 11 2 1 1 1682 1689 2515 2767 1983 4932 4933 5154 5155 5156
2264 11 2 1 1 2514 2692 2596 2743 3817 4105 4210 3116 4446 4445
2265 11 2 1 1 2452 2575 2619 2768 3516 3023 2838 2872 2874 4867
2266 11 2 1 1 2458 2632 2561 2776 2878 5157 5158 4610 5038 3982
2267 11 2 1 1 2077 2070 2074 2605 2352 2350 2353 3950 3198 4315
2268 11 2 1 1 2673 2696 2494 2781 5087 5159 5160 4699 5161 5162
2269 11 2 1 1 1671 1672 2603 2620 1923 3711 2956 4090 3616 4153
2270 11 2 1 1 318 235 234 2538 1172 1168 1173 3180 4593 4974
2271 11 2 1 1 494 2613 2681 2716 5163 3510 4862 4863 3798 3985
2272 11 2 1 1 2442 2744 2574 2774 4196 4197 2992 3961 3222 5164
2273 11 2 1 1 379 2571 2717 2786 5089 5165 5166 5090 5167 5091
2274 11 2 1 1 2448 2547 2529 2614 4456 4507 3358 3396 3044 4510
2275 11 2 1 1 434 2523 2583 2659 5103 3872 5104 5168 5169 3135
2276 11 2 1 1 2481 2535 2534 2750 5170 3935 4142 3627 3938 3940
2277 11 2 1 1 187 2587 2519 2672 4921 4920 4861 5171 3670 3639
2278 11 2 1 1 2060 2612 2127 2729 3612 4796 2309 4620 5172 4621
2279 11 2 1 1 2442 2582 2560 2744 5173 4791 5174 4196 4793 4792
2280 11 2 1 1 2550 2557 182 2742 3036 2869 3034 5175 5176 5177
2281 11 2 1 1 208 2566 2590 2801 5178 4960 4331 4201 4332 5179
2282 11 2 1 1 469 467 390 2728 1606 1603 1604 4945 5133 4962
2283 11 2 1 1 2449 2581 2501 2586 4070 4725 4258 4732 3524 4731
2284 11 2 1 1 2456 2630 2615 2733 4558 4106 5180 4362 4107 3918
2285 11 2 1 1 503 2503 287 2671 4847 3203 1412 4846 3398 3400
2286 11 2 1 1 1686 2611 2510 2746 4736 4737 4734 5181 5182 4217
2287 11 2 1 1 2509 2580 2521 2762 3856 2982 4686 3864 5183 3865
2288 11 2 1 1 2526 374 2678 2771 5184 5185 5186 4395 5187 5188
2289 11 2 1 1 2465 2560 2501 2563 5189 3521 4370 5190 3703 5191
2290 11 2 1 1 295 2653 2558 2707 4879 5192 5193 4880 4800 4568
2291 11 2 1 1 2563 2762 2632 2764 5194 5195 3707 4430 5196 5197
2292 11 2 1 1 2477 2686 2522 2798 5198 3410 4514 5199 3634 3237
2293 11 2 1 1 203 2524 202 2720 4841 5013 1008 5200 4084 5201
2294 11 2 1 1 364 2512 2585 2763 4120 5202 5203 4122 4351 4123
2295 11 2 1 1 267 293 2656 2705 1338 5140 3987 4286 4288 5204
2296 11 2 1 1 484 2701 2513 2708 5205 3947 5206 5207 5208 5209
2297 11 2 1 1 2470 2626 2608 2710 3004 3031 3032 5210 4517 3972
2298 11 2 1 1 2459 2651 2562 2807 5211 5006 5212 5213 4906 5214
2299 11 2 1 1 2461 2550 2491 2676 4923 3035 4924 5116 4437 5095
2300 11 2 1 1 1712 2671 2503 2799 5215 3400 4206 4236 4235 4849
2301 11 2 1 1 1687 2502 1684 2662 3677 3201 1978 5216 5217 4526
2302 11 2 1 1 72 477 2539 2597 643 5218 5219 4978 5220 5221
2303 11 2 1 1 2493 2455 2600 2635 3164 3226 3227 5098 5083 5097
2304 11 2 1 1 243 364 372 2763 1219 1221 1111 4121 5222 4122
2305 11 2 1 1 72 2597 2539 2813 4978 5220 5219 4979 4482 4980
2306 11 2 1 1 2494 2673 2633 2696 5160 5223 5224 5159 5225 5087
2307 11 2 1 1 183 2491 2666 2672 2868 2949 2947 3307 4840 3308
2308 11 2 1 1 382 385 381 2717 1577 1041 1572 4588 5226 4589
2309 11 2 1 1 1712 2503 2671 2767 4206 3400 5215 4208 5046 4209
2310 11 2 1 1 2097 2096 2493 2682 2344 4498 5227 5228 3088 4366
2311 11 2 1 1 2509 2568 2078 2721 5229 5230 5231 4021 5232 5233
2312 11 2 1 1 2564 2567 2468 2728 3424 5142 5234 4034 5143 4035
2313 11 2 1 1 369 240 371 2763 1203 1091 1202 4246 5235 3911
2314 11 2 1 1 165 2729 302 2740 4622 5236 836 4821 5237 4822
2315 11 2 1 1 2448 2731 2579 2734 4432 3737 5238 4457 3738 3216
2316 11 2 1 1 2452 2754 2575 2768 2823 3517 3516 2872 4867 3404
2317 11 2 1 1 2454 2484 2572 2697 3774 3925 3924 4655 5239 4918
2318 11 2 1 1 1709 1690 2588 2624 2020 5240 3537 3535 3536 5241
2319 11 2 1 1 266 246 426 2514 1235 1166 1236 4271 3905 5242
2320 11 2 1 1 2632 2762 2458 2764 5195 3863 2878 5196 5243 5197
2321 11 2 1 1 2476 2568 2088 2688 3740 3739 3741 4874 4873 5244
2322 11 2 1 1 2104 2087 2080 2795 2402 2386 2403 3603 5042 4994
2323 11 2 1 1 2511 2621 2456 2630 3002 3725 3722 4559 4558 4970
2324 11 2 1 1 2449 2673 2586 2781 4316 3017 4732 5245 4504 4699
2325 11 2 1 1 426 230 2596 2743 1155 4963 4443 4444 4446 5246
2326 11 2 1 1 404 2737 2589 2753 5247 5248 4484 4485 3547 5249
2327 11 2 1 1 2047 321 351 2612 5250 680 5251 5252 5253 5254
2328 11 2 1 1 2511 2630 2591 2726 4559 3916 3723 4652 5255 5256
2329 11 2 1 1 2460 2544 2504 2658 3731 4818 5101 3006 4820 3250
2330 11 2 1 1 2459 2562 2527 2807 5212 4831 5257 5213 4904 4906
2331 11 2 1 1 400 399 463 2564 1614 1620 1619 3841 3425 4772
2332 11 2 1 1 187 2587 427 2794 4921 5258 940 4876 5259 4922
2333 11 2 1 1 1700 1699 2569 2767 2001 4214 5260 5118 4554 4553
2334 11 2 1 1 2445 2520 2610 2791 3811 4062 3662 3838 4276 4844
2335 11 2 1 1 411 2473 2613 2810 4309 4308 4307 5261 5262 5263
2336 11 2 1 1 349 347 2530 2684 1496 3920 5012 5264 4448 4439
2337 11 2 1 1 2090 2108 2523 2748 2433 4971 4722 5265 3454 4973
2338 11 2 1 1 290 323 292 2573 1417 1422 1421 3445 3166 5266
2339 11 2 1 1 2070 2605 2504 2635 4315 3720 3258 3259 3123 5085
2340 11 2 1 1 2486 2690 2540 2699 5130 4203 3380 3379 2975 4684
2341 11 2 1 1 2458 2534 2657 2760 2876 4746 4008 3858 4010 4475
2342 11 2 1 1 2516 2573 2464 2607 3167 4766 5267 3529 4765 3261
2343 11 2 1 1 2591 2630 2447 2726 3916 3584 3941 5255 4651 5256
2344 11 2 1 1 2560 2582 2442 2808 4791 5173 5174 5268 4584 3943
2345 11 2 1 1 2446 2604 2669 2749 4420 2967 4422 5269 3431 3430
2346 11 2 1 1 2524 2652 202 2720 4283 4101 5013 5201 4084 4100
2347 11 2 1 1 2568 2649 2509 2657 4251 5270 5229 4850 4009 4851
2348 11 2 1 1 2509 2600 2455 2721 3764 3226 5271 4021 5272 4088
2349 11 2 1 1 2557 2597 2461 2693 5022 5273 4925 2908 5274 5023
2350 11 2 1 1 2537 2449 2670 2788 4257 4260 4261 5148 5275 5149
2351 11 2 1 1 2568 2643 2440 2736 4249 3558 4250 5276 4014 5277
2352 11 2 1 1 219 2606 218 2765 4855 5278 1088 4856 5279 4857
2353 11 2 1 1 72 2792 2478 2813 5071 5072 4976 4979 4481 5280
2354 11 2 1 1 2595 2627 2491 2666 4619 4598 5281 4839 2949 4600
2355 11 2 1 1 2473 2620 2613 2732 4940 3853 4308 5282 4740 4739
2356 11 2 1 1 2485 2631 2727 2769 3303 4900 4706 4704 4661 5283
2357 11 2 1 1 2517 2460 2634 2691 4576 4577 3771 4696 5284 4697
2358 11 2 1 1 1673 1707 1671 2603 1931 1930 1928 5102 2956 2957
2359 11 2 1 1 2577 2706 467 2728 4744 5285 4961 4944 4962 4281
2360 11 2 1 1 2060 2127 2134 2729 2309 2310 2308 4620 5067 5172
2361 11 2 1 1 220 2541 219 2765 3460 4854 1092 4717 4856 4718
2362 11 2 1 1 2541 2618 221 2651 3464 4618 4617 5286 5287 5288
2363 11 2 1 1 227 245 354 2700 1139 1141 1130 4756 4757 5289
2364 11 2 1 1 1688 2551 1687 2775 5290 3676 1980 5291 5292 3622
2365 11 2 1 1 362 2701 484 2708 5293 5205 1520 5294 5207 5209
2366 11 2 1 1 2501 2537 2465 2719 4256 4369 4370 4314 5295 5296
2367 11 2 1 1 189 190 188 2575 943 942 937 4219 2896 3046
2368 11 2 1 1 2047 351 2119 2612 5251 5297 2156 5252 5298 5253
2369 11 2 1 1 1697 1702 2551 2627 2014 5299 3990 4011 4013 5300
2370 11 2 1 1 2582 2442 2687 2774 5173 3091 5105 5107 4623 3961
2371 11 2 1 1 1702 1701 2551 2627 2006 4666 5299 5300 4013 4669
2372 11 2 1 1 1710 1692 1735 2598 2026 2028 2027 5301 3498 3497
2373 11 2 1 1 332 2559 2505 2796 4181 2917 4601 5302 2941 2943
2374 11 2 1 1 482 359 2594 2636 1403 3683 5303 5304 3681 3682
2375 11 2 1 1 2108 2135 2090 2523 2291 2266 2433 4971 4722 3974
2376 11 2 1 1 2063 2110 2050 2578 2258 2257 2255 5305 3791 3318
2377 11 2 1 1 256 337 224 2618 1126 1125 1114 3809 4807 4808
2378 11 2 1 1 2083 2682 2102 2727 5306 4640 2412 5307 4899 4659
2379 11 2 1 1 1683 2515 1689 2610 4931 4932 1982 5308 5309 4348
2380 11 2 1 1 2477 2552 2646 2710 3831 5310 4700 3971 4702 4041
2381 11 2 1 1 2497 2757 486 2764 5311 5312 5313 5314 5315 4431
2382 11 2 1 1 2093 2638 2555 2688 5147 4992 5146 5316 5317 5318
2383 11 2 1 1 2625 2643 2488 2748 3245 4382 2939 3394 4412 3395
2384 11 2 1 1 2506 2533 2486 2699 3056 5113 5114 3908 3379 3698
2385 11 2 1 1 1701 1686 2510 2627 1976 4734 4667 4669 4668 5319
2386 11 2 1 1 1722 1699 2550 2569 1876 4360 4175 4178 4180 4214
2387 11 2 1 1 336 486 2757 2764 1442 5312 5320 5321 4431 5315
2388 11 2 1 1 2457 2584 2551 2793 5322 4965 3620 4928 4930 4967
2389 11 2 1 1 2443 2502 2665 2793 3344 3367 3365 5323 5324 4929
2390 11 2 1 1 2099 2112 2102 2636 2278 2297 2418 5135 3333 3370
2391 11 2 1 1 2575 192 2768 2794 5325 4064 4867 4869 4066 4065
2392 11 2 1 1 209 208 2566 2590 1038 5178 4956 4958 4960 4331
2393 11 2 1 1 2501 2560 2458 2632 3521 3520 3522 3706 2878 5326
2394 11 2 1 1 2525 2606 2496 2765 3477 3879 3877 5327 4302 4857
2395 11 2 1 1 2455 2493 2574 2745 3164 2991 3163 4998 5328 5099
2396 11 2 1 1 2586 2670 2449 2781 5329 4260 4732 4504 5245 5330
2397 11 2 1 1 2483 2670 2586 2781 5065 5329 4500 4502 4504 5330
2398 11 2 1 1 2546 2629 2480 2773 3552 5138 4399 5018 5139 5019
2399 11 2 1 1 2510 2553 2456 2741 4633 4632 4634 5331 5332 5333
2400 11 2 1 1 2468 2577 2706 2795 4241 4744 5141 4242 4745 3602
2401 11 2 1 1 2457 2629 2554 2782 5026 3927 3988 4137 3929 3931
2402 11 2 1 1 2450 2593 2496 2694 3843 3026 3876 3992 4247 4056
2403 11 2 1 1 2135 2523 2108 2645 3974 4971 2291 3975 4972 3565
2404 11 2 1 1 243 361 364 2512 1218 1220 1219 4119 4120 5120
2405 11 2 1 1 2451 2596 2538 2743 3747 3748 3050 3052 3051 4446
2406 11 2 1 1 492 491 2639 2759 803 5334 2891 3849 3581 5335
2407 11 2 1 1 2501 2563 2560 2632 3703 5191 3521 3706 5326 3707
2408 11 2 1 1 2562 2651 225 2807 5006 5336 5337 4906 5338 5214
2409 11 2 1 1 2504 2460 2658 2779 5101 3006 4820 5339 3494 3554
2410 11 2 1 1 2447 2565 2496 2704 3182 3351 3025 3405 5340 5341
2411 11 2 1 1 198 197 196 2614 982 978 983 4509 3420 4990
2412 11 2 1 1 176 1720 419 2674 5342 5343 573 5344 5345 5346
2413 11 2 1 1 2454 2566 2608 2710 3776 4471 4533 3777 4517 3778
2414 11 2 1 1 2071 2605 2600 2721 5081 5080 5082 5347 4088 3515
2415 11 2 1 1 335 2663 496 2681 5348 5349 1473 5350 5351 3511
2416 11 2 1 1 449 2561 2632 2776 5352 5157 5353 5354 3982 5038
2417 11 2 1 1 198 2547 2529 2652 4508 4507 4506 5355 5356 4282
2418 11 2 1 1 2493 2600 2096 2770 3227 4365 4498 5357 5358 5359
2419 11 2 1 1 2593 2694 2532 2704 4056 4057 4055 4202 3407 5360
2420 11 2 1 1 2097 2493 2096 2770 5227 4498 2344 5048 5358 5357
2421 11 2 1 1 2511 1703 2624 2761 5361 5362 5363 3724 5364 5365
2422 11 2 1 1 2475 2587 2751 2782 2852 3957 5366 3951 4805 3930
2423 11 2 1 1 2465 2501 2560 2670 4370 3521 5189 4371 4790 4259
2424 11 2 1 1 2470 2608 2566 2710 3032 4471 4472 5210 3778 4517
2425 11 2 1 1 187 188 186 2519 933 932 927 4861 5367 2895
2426 11 2 1 1 2449 2539 2673 2696 4068 4549 4316 4780 5087 4781
2427 11 2 1 1 243 372 2651 2763 1111 5368 4162 4121 4164 5222
2428 11 2 1 1 2590 2697 2454 2720 5094 4655 5093 5369 4658 4657
2429 11 2 1 1 349 2530 2589 2684 5012 4194 5123 5264 5370 4448
2430 11 2 1 1 2576 2667 2520 2791 4292 5371 3812 3839 4844 4293
2431 11 2 1 1 2489 2689 2592 2698 4390 4552 4551 4713 4018 4436
2432 11 2 1 1 1684 1677 1708 2598 1960 1946 1961 3202 3414 3191
2433 11 2 1 1 361 2512 243 2651 5120 4119 1218 4981 4162 4163
2434 11 2 1 1 2114 2055 492 2759 2210 5372 2886 3716 3849 4672
2435 11 2 1 1 265 263 2536 2757 1274 5373 3754 4165 4167 5374
2436 11 2 1 1 503 320 2503 2799 1415 3204 4847 4848 4235 5375
2437 11 2 1 1 217 2606 219 2763 5376 4855 1087 5377 5378 3912
2438 11 2 1 1 362 358 484 2701 1519 1521 1520 5293 5205 5379
2439 11 2 1 1 2509 2455 2649 2721 5271 5380 5270 4021 5381 5272
2440 11 2 1 1 2581 2653 2481 2673 4072 4565 4891 4317 3626 4318
2441 11 2 1 1 2649 2718 2580 2760 2906 5382 5383 5384 3859 5385
2442 11 2 1 1 472 2699 2690 2809 4639 4684 4683 5386 5131 4771
2443 11 2 1 1 2497 2747 486 2757 5387 5388 5313 5311 5312 5389
2444 11 2 1 1 324 326 325 2516 1454 1453 1426 4343 4528 3450
2445 11 2 1 1 1719 1664 1740 2607 1904 1826 1887 5390 5391 5392
2446 11 2 1 1 2464 2607 2588 2637 4765 4189 4335 4828 3539 4191
2447 11 2 1 1 476 2578 153 2678 5393 4148 776 5394 3256 4149
2448 11 2 1 1 187 2519 186 2672 4861 5367 927 5171 5395 3670
2449 11 2 1 1 2476 2535 2534 2711 5396 3935 5397 5398 2880 3278
2450 11 2 1 1 2459 2489 2592 2669 4093 4551 4550 4690 5399 4691
2451 11 2 1 1 2453 2731 2622 2758 4047 4127 3732 4139 3330 5124
2452 11 2 1 1 424 67 68 2711 618 78 619 5400 3456 2845
2453 11 2 1 1 426 232 230 2743 1154 1153 1155 4444 5246 5401
2454 11 2 1 1 2450 2646 2552 2710 4381 5310 4254 4433 4041 4702
2455 11 2 1 1 2534 2586 2440 2760 3709 3955 3937 4475 5402 4355
2456 11 2 1 1 2503 2569 2712 2767 5403 5404 3373 4209 5405 4554
2457 11 2 1 1 326 2516 324 2783 3450 4343 1454 5406 4344 4078
2458 11 2 1 1 2580 2718 2483 2760 5382 3850 5407 3859 5408 5385
2459 11 2 1 1 2513 2639 484 2759 3578 5409 5206 3580 5410 3581
2460 11 2 1 1 2090 2523 2625 2748 4722 3242 4723 5265 3394 3454
2461 11 2 1 1 2490 2783 2618 2807 5411 4896 5412 5413 4810 4898
2462 11 2 1 1 2121 2051 2135 2523 2165 2265 2267 2903 3974 3557
2463 11 2 1 1 2502 2598 1684 2662 3192 3202 3201 4526 5217 5414
2464 11 2 1 1 2541 2651 372 2763 5286 5368 5415 5416 5222 4164
2465 11 2 1 1 2476 2535 2711 2740 5396 3278 5398 5417 4082 4081
2466 11 2 1 1 404 432 402 2589 1294 1501 1626 4484 3386 5418
2467 11 2 1 1 2109 2513 2675 2680 4606 2859 4969 5419 5420 5421
2468 11 2 1 1 234 247 318 2743 1174 1176 1173 4594 3181 3624
2469 11 2 1 1 458 278 460 2583 1359 1383 808 3283 4882 5422
2470 11 2 1 1 2493 2549 2097 2682 4338 5047 5227 3088 5228 5423
2471 11 2 1 1 2103 2634 2642 2779 4505 4410 3933 3293 3934 5424
2472 11 2 1 1 228 2527 227 2807 4762 4755 1132 5425 5005 4904
2473 11 2 1 1 2097 2549 2493 2770 5047 4338 5227 5048 5357 2832
2474 11 2 1 1 225 2562 363 2651 5337 5007 1120 5336 4982 5006
2475 11 2 1 1 2078 2509 2075 2638 5231 3763 2366 5426 3651 3765
2476 11 2 1 1 2065 2066 2517 2675 2321 5427 3890 4778 3437 5428
2477 11 2 1 1 2102 2631 2111 2727 3331 5429 2294 4899 5430 4900
2478 11 2 1 1 1672 1674 1673 2603 1933 1932 1929 3711 5102 2987
2479 11 2 1 1 2633 2673 2494 2781 5223 5160 5224 5431 5161 4699
2480 11 2 1 1 2467 2598 2502 2662 5432 3192 5433 4111 4526 5414
2481 11 2 1 1 2543 2574 2455 2744 5434 3163 5435 5436 5437 4197
2482 11 2 1 1 326 2565 2516 2783 3451 3452 3450 5406 4078 4903
2483 11 2 1 1 344 342 2545 2554 1487 3223 5438 5439 3224 3077
2484 11 2 1 1 2543 2649 2570 2718 5440 2904 5441 2858 2865 2906
2485 11 2 1 1 2448 2664 2652 2734 3361 5442 4455 4457 4284 5443
2486 11 2 1 1 480 2771 481 2772 5444 4782 812 5445 4784 4786
2487 11 2 1 1 1690 2610 2588 2624 5446 4334 5240 5241 3536 4273
2488 11 2 1 1 2441 2504 2658 2738 4026 4820 4401 3298 5033 5447
2489 11 2 1 1 2090 2625 2567 2795 4723 4724 4721 5448 5449 5450
2490 11 2 1 1 2073 2075 2078 2509 2360 2366 2365 3963 5231 3763
2491 11 2 1 1 364 2585 2512 2708 5203 5202 4120 5451 5452 3837
2492 11 2 1 1 2521 2638 2509 2762 3652 3765 4686 5183 3864 5151
2493 11 2 1 1 320 2648 2503 2799 3412 3411 3204 5375 4235 5453
2494 11 2 1 1 399 465 2564 2728 1609 4032 4772 5454 4034 4033
2495 11 2 1 1 2583 2659 2453 2660 5169 3819 3873 4497 3822 3821
2496 11 2 1 1 2467 2502 2598 2784 5433 3192 5432 5455 4245 4244
2497 11 2 1 1 479 2597 2648 2742 5456 5112 4414 4417 4419 5457
2498 11 2 1 1 449 2632 2561 2764 5353 5157 5352 5458 5459 5196
2499 11 2 1 1 226 2783 2692 2807 5460 5461 5462 5463 5464 4898
2500 11 2 1 1 2460 2526 2626 2756 5465 4852 3005 3964 3966 5466
2501 11 2 1 1 225 354 2562 2807 1129 4830 5337 5338 4906 4905
2502 11 2 1 1 2078 2568 2509 2688 5230 5229 5231 5467 5468 5244
2503 11 2 1 1 2473 2663 2620 2785 4311 3854 4940 4305 4942 4816
2504 11 2 1 1 2479 2628 2602 2702 3312 3641 3337 3148 5469 3313
2505 11 2 1 1 449 2632 422 2776 5353 4892 620 5354 4893 3982
2506 11 2 1 1 2476 2534 2535 2736 5397 3935 5396 5470 4016 4015
2507 11 2 1 1 2454 2579 2522 2608 3760 5471 4532 4533 4515 4729
2508 11 2 1 1 2531 2546 2452 2650 5472 2820 4705 5473 4625 5474
2509 11 2 1 1 476 2678 374 2771 5394 5185 1560 5475 5188 5187
2510 11 2 1 1 2085 2634 2103 2779 5476 4505 2419 4858 3293 5424
2511 11 2 1 1 2508 2439 2646 2752 3173 4664 4156 3827 5477 4267
2512 11 2 1 1 314 180 2120 2747 755 5478 5479 5480 5481 5482
2513 11 2 1 1 186 2519 188 2714 5367 2895 932 5483 3631 3633
2514 11 2 1 1 2524 2474 2579 2703 3081 3736 3958 4451 3392 4298
2515 11 2 1 1 2512 2562 2463 2669 5484 5485 3665 3666 2966 5486
2516 11 2 1 1 232 2596 230 2743 5487 4963 1153 5401 5246 4446
2517 11 2 1 1 2530 2545 1738 2775 3098 3486 3485 5488 5489 3591
2518 11 2 1 1 2441 2608 2544 2790 4797 3249 4819 4027 5020 5490
2519 11 2 1 1 2495 2614 2547 2731 3185 4510 5110 4358 3084 4357
2520 11 2 1 1 228 2692 2527 2807 4764 4051 4762 5425 4904 5464
2521 11 2 1 1 1712 2671 2610 2767 5215 5044 5491 4208 5045 5046
2522 11 2 1 1 2544 2608 2441 2658 3249 4797 4819 3250 4401 3033
2523 11 2 1 1 2534 2440 2657 2760 3937 4747 4746 4475 4010 5402
2524 11 2 1 1 430 231 429 2715 1150 1159 1161 2998 4449 3267
2525 11 2 1 1 2476 2657 2555 2711 5492 5493 5494 5398 2844 5495
2526 11 2 1 1 2443 2572 2508 2655 3785 3784 3783 3995 4885 4470
2527 11 2 1 1 2558 2653 299 2811 5192 5496 5497 5498 5499 5500
2528 11 2 1 1 277 182 2557 2742 915 2869 5501 5502 5177 5176
2529 11 2 1 1 1689 2610 2515 2767 5309 4348 4932 5156 5155 5045
2530 11 2 1 1 2466 2612 2568 2748 4386 3744 5503 3393 4556 4426
2531 11 2 1 1 461 2523 434 2659 3133 5103 1624 3134 5168 3135
2532 11 2 1 1 1686 2510 2627 2746 4734 4668 5319 5181 4937 5182
2533 11 2 1 1 331 2559 456 2681 5504 4824 1291 5505 4827 4496
2534 11 2 1 1 2460 2571 2540 2678 3348 2972 3553 4907 3257 3883
2535 11 2 1 1 2064 2675 2487 2772 3435 4291 4290 4912 4785 5506
2536 11 2 1 1 2603 2620 2500 2713 3616 4154 3691 3618 4798 3619
2537 11 2 1 1 2457 2664 2589 2805 5507 5508 4955 5509 5510 5511
2538 11 2 1 1 319 2576 287 2792 5512 3397 1353 4917 3205 3438
2539 11 2 1 1 2505 2516 2640 2796 3746 4531 4345 2941 5513 5514
2540 11 2 1 1 379 2717 239 2786 5166 5515 1197 5090 5516 5167
2541 11 2 1 1 430 282 433 2700 1400 1398 1231 2934 5517 3881
2542 11 2 1 1 2461 2550 2676 2746 4923 5095 5116 5001 5096 4361
2543 11 2 1 1 2569 2461 2712 2767 5000 5518 5404 4554 5405 5519
2544 11 2 1 1 325 292 324 2516 1425 1424 1426 4528 4343 3168
2545 11 2 1 1 347 346 175 2530 886 546 887 3920 3999 3094
2546 11 2 1 1 2057 2133 490 2636 2219 5520 3239 3240 3063 5521
2547 11 2 1 1 367 2585 365 2708 3836 5522 1535 3801 5119 3837
2548 11 2 1 1 1710 2598 1735 2802 5301 3498 2027 5523 3885 3887
2549 11 2 1 1 2558 299 2714 2811 5497 5524 3632 5498 5525 5499
2550 11 2 1 1 2599 2785 2473 2802 5014 4305 5526 5016 3886 4543
2551 11 2 1 1 2463 2687 2592 2700 4339 5527 5528 5529 5530 5531
2552 11 2 1 1 1685 1680 1686 2611 1973 1975 1974 5532 4736 4735
2553 11 2 1 1 2452 2575 2558 2619 3516 2898 3861 2838 3021 3023
2554 11 2 1 1 2543 2455 2580 2744 5435 3165 5533 5436 4198 5437
2555 11 2 1 1 2073 2509 2078 2721 3963 5231 2365 4020 5232 4021
2556 11 2 1 1 2090 2523 2051 2567 4722 3557 2261 4721 4322 3132
2557 11 2 1 1 2541 2606 2496 2694 4168 3879 3461 4170 4247 3994
2558 11 2 1 1 2447 2617 2591 2726 4837 5040 3941 4651 5255 5534
2559 11 2 1 1 282 2594 433 2700 4098 5535 1398 3881 5517 4099
2560 11 2 1 1 2465 2537 2670 2788 4369 4261 4371 5536 5275 5148
2561 11 2 1 1 2505 2565 2516 2796 3183 3452 3746 2941 5514 3184
2562 11 2 1 1 2506 2470 2608 2717 4222 3032 4299 4262 4474 4473
2563 11 2 1 1 371 217 219 2763 1089 1087 1090 5235 5378 5377
2564 11 2 1 1 2071 2600 2072 2721 5082 4030 2347 5347 4022 4088
2565 11 2 1 1 244 2623 2547 2730 3368 5111 5537 3369 3669 3208
2566 11 2 1 1 2525 2559 456 2765 4825 4824 4826 5327 5538 4303
2567 11 2 1 1 2531 2780 2483 2781 3217 3852 3851 4503 4502 5539
2568 11 2 1 1 475 335 494 2681 1478 1474 1477 4711 4862 5350
2569 11 2 1 1 388 2524 203 2703 5540 4841 1010 5541 4776 4451
2570 11 2 1 1 2446 2552 2626 2777 5542 3830 4374 5543 5544 4685
2571 11 2 1 1 2563 2757 2497 2764 4166 5311 5545 4430 5314 4431
2572 11 2 1 1 2072 2076 2075 2600 2363 2362 2361 4030 3649 3870
2573 11 2 1 1 1658 154 1728 2545 5546 4465 1772 5547 4467 4466
2574 11 2 1 1 2605 2649 2455 2721 5548 5380 3894 3515 5272 5381
2575 11 2 1 1 2553 2611 2510 2668 5549 4737 4633 4637 4636 5550
2576 11 2 1 1 2494 2644 2553 2733 5551 5552 5553 4546 5554 5555
2577 11 2 1 1 411 2785 2473 2810 4815 4305 4309 5261 5263 5556
2578 11 2 1 1 2558 2633 2452 2673 3862 2984 3861 5060 4392 5223
2579 11 2 1 1 2471 2673 2653 2696 5557 4318 5558 5559 5086 5087
2580 11 2 1 1 2462 2505 2559 2713 4678 2917 4679 3694 2921 2920
2581 11 2 1 1 2443 2641 2502 2793 5560 4525 3344 5323 4929 5561
2582 11 2 1 1 2136 2680 2675 2772 5562 5420 5563 5564 5506 5565
2583 11 2 1 1 2487 2680 481 2772 4935 4934 3799 4785 4784 5565
2584 11 2 1 1 388 203 2524 2730 1010 4841 5540 5566 3668 5567
2585 11 2 1 1 351 2119 2612 2645 5297 5298 5253 5568 4387 5569
2586 11 2 1 1 233 2596 2538 2715 5570 3748 5571 5572 3175 2999
2587 11 2 1 1 2515 2611 2553 2668 5573 5549 4694 4695 4637 5550
2588 11 2 1 1 2568 2612 2466 2736 3744 4386 5503 5276 5574 5575
2589 11 2 1 1 2082 2076 2521 2638 2376 3869 5576 5577 3652 4895
2590 11 2 1 1 1704 2511 1703 2624 4910 5361 1951 5578 5362 5363
2591 11 2 1 1 2485 2594 2549 2636 4184 4689 5074 3305 2926 3681
2592 11 2 1 1 2095 2625 2094 2748 5579 2938 2399 5580 4411 3394
2593 11 2 1 1 2574 2580 2455 2744 2993 3165 3163 4197 5437 4198
2594 11 2 1 1 2587 2672 2595 2751 3639 3640 3233 3957 5581 3671
2595 11 2 1 1 2602 2628 2518 2702 3641 4833 4938 5469 5582 3313
2596 11 2 1 1 2533 2658 2486 2738 4402 3492 5113 5032 5583 5033
2597 11 2 1 1 2592 2687 2492 2700 5527 4520 3647 5530 2932 5531
2598 11 2 1 1 2539 2597 477 2811 5220 5221 5218 5584 5585 5586
2599 11 2 1 1 255 2558 299 2714 5587 5497 1277 5588 5524 3632
2600 11 2 1 1 2692 2783 2490 2807 5461 5411 4025 5464 5413 4898
2601 11 2 1 1 236 2660 2619 2768 4140 4595 4403 5589 2874 3714
2602 11 2 1 1 2485 2631 2682 2727 3303 4714 4641 4706 4659 4900
2603 11 2 1 1 331 456 334 2681 1291 1467 1466 5505 5053 4827
2604 11 2 1 1 2456 2553 2515 2733 4632 4694 3594 4362 4363 5554
2605 11 2 1 1 364 2512 361 2708 4120 5120 1220 5451 5590 5452
2606 11 2 1 1 478 153 476 2578 716 776 778 3793 5393 4148
2607 11 2 1 1 2450 2593 2572 2655 3843 5591 4469 3155 4470 3844
2608 11 2 1 1 2500 2511 2603 2630 4628 3000 3691 3482 5592 4559
2609 11 2 1 1 2505 2674 332 2796 3039 4183 4601 2941 5302 5593
2610 11 2 1 1 2521 2727 2497 2769 4660 5594 5595 3484 5596 4661
2611 11 2 1 1 2457 2530 2662 2775 4160 4112 4161 3590 4603 5488
2612 11 2 1 1 2471 2558 2519 2714 4269 2894 3629 5597 3633 3632
2613 11 2 1 1 2522 2477 2608 2686 4514 4516 4515 3410 5598 5198
2614 11 2 1 1 2498 2626 2552 2777 5075 3830 4253 4513 4685 5544
2615 11 2 1 1 344 2554 2545 2684 5439 3224 5438 5599 4440 4866
2616 11 2 1 1 2524 2703 388 2730 4451 5541 5540 3668 5566 5600
2617 11 2 1 1 2447 2516 2726 2739 3745 5601 4651 4319 4653 4320
2618 11 2 1 1 2439 2780 2531 2781 3009 3217 2951 5602 4503 5539
2619 11 2 1 1 2476 2612 2568 2736 3743 3744 3740 5470 5276 5575
2620 11 2 1 1 363 225 354 2562 1120 1129 1131 5007 4830 5337
2621 11 2 1 1 231 2596 233 2715 3266 5570 1157 3267 5572 2999
2622 11 2 1 1 2519 186 2672 2714 5367 5395 3670 3633 5603 5483
2623 11 2 1 1 2595 2666 2491 2672 4839 2949 5281 3640 3308 4840
2624 11 2 1 1 2489 2582 2592 2774 4712 3648 4551 5604 5153 5107
2625 11 2 1 1 480 367 481 2771 1545 1536 812 5444 4782 4842
2626 11 2 1 1 219 2606 2541 2763 4855 4168 4854 5378 5416 3912
2627 11 2 1 1 465 463 399 2567 1621 1620 1609 4031 4773 3218
2628 11 2 1 1 2501 2449 2586 2670 4258 4732 3524 4259 5329 4260
2629 11 2 1 1 2521 2580 2509 2600 2982 3856 4686 3306 3764 3228
2630 11 2 1 1 2495 2660 241 2768 3713 4147 3866 2873 3868 3714
2631 11 2 1 1 2469 2543 2570 2718 2854 5441 2864 2857 2865 2858
2632 11 2 1 1 2478 2696 2449 2788 4779 4780 4479 4590 5149 5605
2633 11 2 1 1 336 308 486 2764 1330 1443 1442 5321 5315 5606
2634 11 2 1 1 2552 2450 2710 2787 4254 4433 4041 3833 3973 4586
2635 11 2 1 1 440 2554 344 2684 4239 5439 1495 4865 5599 4866
2636 11 2 1 1 2532 2689 2489 2698 4042 4390 4092 4716 4713 4436
2637 11 2 1 1 1680 1701 1686 2510 1964 1976 1975 4733 4734 4667
2638 11 2 1 1 223 221 2618 2651 1107 4618 5607 5608 5288 5287
2639 11 2 1 1 379 378 2756 2786 1198 5609 5088 5090 5092 5610
2640 11 2 1 1 2499 2619 2452 2750 2840 2838 2835 5611 4393 5010
2641 11 2 1 1 2476 2657 2534 2736 5492 4746 5397 5470 4015 4748
2642 11 2 1 1 179 2550 446 2569 4176 5612 906 4179 5613 4180
2643 11 2 1 1 2507 2617 2451 2628 4131 3814 4398 3895 3342 5614
2644 11 2 1 1 2509 2649 2568 2721 5270 4251 5229 4021 5233 5381
2645 11 2 1 1 2600 2635 2096 2770 5083 5615 4365 5359 5358 5616
2646 11 2 1 1 2568 2649 2488 2721 4251 4384 4383 5233 3513 5381
2647 11 2 1 1 2467 2641 2502 2784 4108 4525 5433 5455 4244 5617
2648 11 2 1 1 1733 2588 1718 2671 5056 5618 1861 5057 5619 5058
2649 11 2 1 1 2549 2604 2493 2770 2819 3138 4338 2832 5357 2833
2650 11 2 1 1 2496 2593 2447 2704 3026 3027 3025 5340 3405 4202
2651 11 2 1 1 269 2707 2535 2735 5620 4174 4647 4648 3282 4913
2652 11 2 1 1 299 2558 295 2653 5497 5193 1278 5496 4879 5192
2653 11 2 1 1 472 2690 470 2809 4683 5621 792 5386 5622 5131
2654 11 2 1 1 1742 1697 2545 2683 1872 3897 5623 5624 3225 3902
2655 11 2 1 1 2457 2529 2629 2664 5025 4413 5026 5507 3473 3362
2656 11 2 1 1 397 398 2540 2678 1585 3417 2973 3882 3257 5625
2657 11 2 1 1 2513 2549 2463 2639 2814 4337 3749 3578 5127 2928
2658 11 2 1 1 1683 1679 1682 2515 1969 1967 1970 4931 4933 5626
2659 11 2 1 1 438 345 251 2587 1257 1259 1258 3363 5004 2996
2660 11 2 1 1 415 2528 250 2590 5627 5628 1036 5629 5630 5631
2661 11 2 1 1 2467 2502 2641 2662 5433 4525 4108 4111 4113 4526
2662 11 2 1 1 2447 2508 2593 2630 2910 4155 3027 3584 4968 3585
2663 11 2 1 1 2503 2569 2461 2712 5403 5000 5632 3373 5518 5404
2664 11 2 1 1 2513 2680 2109 2759 5421 5419 4606 3580 4607 5633
2665 11 2 1 1 2530 2589 2467 2647 4194 3385 4110 4003 3389 3388
2666 11 2 1 1 432 348 402 2589 1499 1500 1501 5418 3386 3967
2667 11 2 1 1 2456 2630 2500 2665 4558 3482 4278 3727 3366 3465
2668 11 2 1 1 2072 2071 2069 2600 2347 2346 2348 4030 5125 5082
2669 11 2 1 1 458 272 278 2583 1358 1354 1359 3283 5422 3922
2670 11 2 1 1 2446 2585 2691 2749 4372 4377 4375 5269 5634 5635
2671 11 2 1 1 2048 2129 2577 2690 2247 5636 5637 5638 5639 5640
2672 11 2 1 1 1729 154 1658 2545 4643 5546 1775 3096 5547 4466
2673 11 2 1 1 335 475 2663 2681 1478 4709 5348 5350 3511 4711
2674 11 2 1 1 2510 2456 2584 2741 4634 5121 5641 5331 5642 5332
2675 11 2 1 1 2453 2622 2564 2766 3732 4759 4248 5643 5644 5645
2676 11 2 1 1 2600 2605 2455 2721 5080 3894 3226 4088 5272 3515
2677 11 2 1 1 2462 2620 2713 2732 3692 3619 3694 4738 4463 4739
2678 11 2 1 1 2616 2650 2495 2758 4626 4627 3087 3608 4157 5646
2679 11 2 1 1 2087 2129 2106 2642 2427 2248 2426 4993 4442 5647
2680 11 2 1 1 2132 2645 2108 2748 4424 4972 2436 4427 4973 4428
2681 11 2 1 1 2589 2664 2482 2805 5508 5648 5649 5510 4562 5511
2682 11 2 1 1 2448 2579 2731 2806 5238 3737 4432 5650 5651 5652
2683 11 2 1 1 2549 2636 2099 2682 2926 5135 5653 5423 5136 4642
2684 11 2 1 1 2060 442 165 2729 5654 674 3610 4620 4622 5655
2685 11 2 1 1 2480 2629 2546 2664 5138 3552 4399 4608 4761 3473
2686 11 2 1 1 2564 2622 2474 2766 4759 4126 3479 5644 4616 5645
2687 11 2 1 1 283 281 485 2695 1394 1396 1395 4193 4187 4478
2688 11 2 1 1 2557 300 2742 2811 5656 5657 5177 5658 5659 5660
2689 11 2 1 1 411 2613 409 2810 4307 5661 1641 5261 5662 5262
2690 11 2 1 1 2531 2452 2616 2650 4705 3085 3658 5473 4626 4625
2691 11 2 1 1 472 384 2699 2809 1582 5663 4639 5386 4771 5664
2692 11 2 1 1 2448 2529 2652 2664 3358 5356 4455 3361 5442 3362
2693 11 2 1 1 2551 2584 2457 2782 4965 5322 3620 4138 4137 5665
2694 11 2 1 1 475 2613 411 2663 4710 4307 1644 4709 4310 3507
2695 11 2 1 1 2500 2713 2620 2732 4798 3619 4154 3483 4739 4463
2696 11 2 1 1 2078 2509 2638 2688 5231 3765 5426 5467 5318 5468
2697 11 2 1 1 2083 2102 2111 2727 2412 2294 2414 5307 5430 4899
2698 11 2 1 1 181 2550 1667 2666 5666 5667 5668 5669 5670 3076
2699 11 2 1 1 2643 2679 2499 2736 5671 3322 4758 5277 5672 5673
2700 11 2 1 1 2456 2510 2584 2685 4634 5641 5121 5109 5122 5030
2701 11 2 1 1 2488 2649 2605 2721 4384 5548 2953 3513 3515 5381
2702 11 2 1 1 2466 2679 2643 2736 3577 5671 3244 5574 5277 5673
2703 11 2 1 1 2587 2595 2475 2751 3233 3234 2852 3957 5366 5581
2704 11 2 1 1 2114 2053 2098 2549 2213 2274 2277 2927 3805 4117
2705 11 2 1 1 2569 2611 2461 2767 4212 5024 5000 4554 5519 4555
2706 11 2 1 1 2465 2582 2538 2702 3269 3176 3301 5674 3048 5675
2707 11 2 1 1 2489 2552 2532 2798 4095 4096 4092 5676 5677 5678
2708 11 2 1 1 2524 2652 2547 2730 4283 4282 3080 3668 3669 5679
2709 11 2 1 1 2451 2518 2628 2702 4834 4833 3342 3049 3313 5582
2710 11 2 1 1 1733 1656 504 2671 1832 5680 5054 5057 5059 5681
2711 11 2 1 1 2497 2727 2631 2769 5594 4900 5682 5596 5283 4661
2712 11 2 1 1 274 285 2695 2757 1367 4252 5683 5684 5685 5686
2713 11 2 1 1 495 1722 179 2569 5687 4177 519 5688 4179 4178
2714 11 2 1 1 2082 2075 2076 2638 2375 2362 2376 5577 4895 3651
2715 11 2 1 1 2488 2643 2570 2649 4382 2862 4453 4384 2904 2905
2716 11 2 1 1 460 434 461 2523 1384 1624 1651 4883 3133 5103
2717 11 2 1 1 273 2587 187 2672 4150 4921 929 4151 5171 3639
2718 11 2 1 1 1680 2510 2611 2668 4733 4737 4735 5689 5550 4636
2719 11 2 1 1 373 369 370 2526 1205 1542 1548 4135 4676 3108
2720 11 2 1 1 2519 2557 2471 2714 2882 3628 3629 3633 5597 5690
2721 11 2 1 1 492 158 491 2759 734 801 803 3849 5335 5691
2722 11 2 1 1 2575 2614 2472 2794 4868 3074 3767 4869 3117 3119
2723 11 2 1 1 2067 2517 2066 2770 3772 5427 2326 5692 5693 5694
2724 11 2 1 1 2675 2691 2487 2749 5695 5696 4291 5697 5698 5634
2725 11 2 1 1 1701 2510 1680 2668 4667 4733 1964 5699 5689 4636
2726 11 2 1 1 482 360 359 2636 1522 1516 1403 5304 3682 3527
2727 11 2 1 1 2631 2695 285 2757 4536 4252 3661 5700 5686 5685
2728 11 2 1 1 344 342 343 2545 1487 781 1488 5438 3952 3223
2729 11 2 1 1 504 317 1733 2588 599 5701 5054 5055 5056 5702
2730 11 2 1 1 2562 2651 2512 2701 5006 4163 5484 5008 3945 4985
2731 11 2 1 1 235 2538 2656 2725 4974 3231 4975 5703 5704 3177
2732 11 2 1 1 2096 2084 2076 2682 2384 2383 2364 4366 4368 5705
2733 11 2 1 1 2538 2596 233 2743 3748 5570 5571 3051 5706 4446
2734 11 2 1 1 2446 2585 2749 2777 4372 5635 5269 5543 5707 5708
2735 11 2 1 1 255 295 299 2558 1279 1278 1277 5587 5497 5193
2736 11 2 1 1 1704 2511 2637 2739 4910 5709 5710 4911 5711 4407
2737 11 2 1 1 2454 2572 2522 2609 3924 4916 4532 5712 3606 3787
2738 11 2 1 1 399 391 465 2728 1608 1610 1609 5454 4033 5713
2739 11 2 1 1 2448 2522 2609 2734 3531 3606 3607 4457 5714 5715
2740 11 2 1 1 445 2640 2505 2674 5716 4345 5717 5718 3039 4347
2741 11 2 1 1 1667 1730 172 2666 1757 5719 5720 5670 5721 5722
2742 11 2 1 1 2478 2602 2696 2788 3563 5723 4779 4590 5605 4591
2743 11 2 1 1 2471 2633 2558 2673 4270 3862 4269 5557 5060 5223
2744 11 2 1 1 2517 2691 2675 2749 4696 5695 3437 5724 5697 5634
2745 11 2 1 1 1716 1653 1707 2674 1840 1842 1841 4720 2958 4888
2746 11 2 1 1 2511 2456 2621 2761 3722 3725 3002 3724 3807 3595
2747 11 2 1 1 2548 2570 2488 2709 3340 4453 2936 3339 4454 3296
2748 11 2 1 1 2628 2667 2479 2791 5725 3549 3312 4573 3840 4293
2749 11 2 1 1 361 2512 2701 2708 5120 3945 4983 5590 5209 5452
2750 11 2 1 1 207 209 381 2717 1037 1040 1039 5027 5226 5028
2751 11 2 1 1 2439 2646 2522 2798 4664 4701 3408 3235 3634 5726
2752 11 2 1 1 344 2545 343 2684 5438 3952 1488 5599 4441 4440
2753 11 2 1 1 2455 2574 2543 2790 3163 5434 5435 4007 5727 5728
2754 11 2 1 1 1679 2515 1683 2761 5626 4931 1969 5729 5730 3596
2755 11 2 1 1 2544 2745 2504 2790 5731 4997 4818 5020 4005 4999
2756 11 2 1 1 2477 2522 2646 2798 4514 4701 4700 5199 5726 3634
2757 11 2 1 1 2528 2467 2641 2737 5732 4108 5733 5734 5735 5736
2758 11 2 1 1 1709 1719 1706 2607 1903 1886 2025 4190 4901 5390
2759 11 2 1 1 2504 2544 2517 2745 4818 4575 4545 4997 5737 5731
2760 11 2 1 1 2461 2557 2550 2742 4925 3036 4923 5738 5175 5177
2761 11 2 1 1 2133 163 490 2636 5739 743 5520 5521 3063 5740
2762 11 2 1 1 486 2747 2497 2764 5388 5387 5313 5315 5314 5741
2763 11 2 1 1 1682 2611 2515 2668 5742 5573 4933 5743 4695 5550
2764 11 2 1 1 2445 2576 2520 2791 3101 3812 3811 3838 4844 3839
2765 11 2 1 1 2457 2641 2589 2664 4159 4615 4955 5507 5508 5744
2766 11 2 1 1 2455 2509 2580 2600 5271 3856 3165 3226 3228 3764
2767 11 2 1 1 2495 2660 2499 2758 3713 3712 2836 4157 4572 4158
2768 11 2 1 1 426 2514 246 2743 3905 5242 1166 4444 5745 3116
2769 11 2 1 1 474 2540 398 2678 5746 3417 1616 5747 5625 3257
2770 11 2 1 1 2652 2664 2482 2734 5442 5648 4693 4284 4680 5443
2771 11 2 1 1 2096 2600 2069 2635 4365 5125 2340 5615 5126 5083
2772 11 2 1 1 2572 2593 2508 2655 5591 4155 3784 4470 4885 3844
2773 11 2 1 1 2463 2639 2594 2755 5127 3684 4908 5748 4644 4646
2774 11 2 1 1 216 214 471 2525 1073 1075 1074 3518 3796 3475
2775 11 2 1 1 397 474 398 2678 1567 1616 1585 3882 5625 5747
2776 11 2 1 1 2094 2721 2079 2748 3514 5749 2369 4411 5750 4812
2777 11 2 1 1 476 2578 2678 2771 5393 4149 5394 5475 5187 4870
2778 11 2 1 1 463 174 461 2567 882 883 885 3218 3131 4323
2779 11 2 1 1 2449 2696 2602 2788 4780 5723 5751 5149 4591 5605
2780 11 2 1 1 2589 2641 2482 2664 4615 5752 5649 5508 5648 5744
2781 11 2 1 1 385 2601 381 2717 4813 5753 1041 4589 5226 4263
2782 11 2 1 1 292 2516 325 2723 3168 4528 1425 3169 5754 3170
2783 11 2 1 1 422 2632 449 2764 4892 5353 620 5755 5458 5196
2784 11 2 1 1 337 2783 226 2807 4897 5460 1124 4809 5463 4898
2785 11 2 1 1 2479 2702 2602 2788 3148 5469 3337 4592 4591 5756
2786 11 2 1 1 2459 2689 2618 2807 4391 5757 5758 5213 4810 5759
2787 11 2 1 1 2577 2642 2486 2690 3599 5760 5761 5639 5130 3932
2788 11 2 1 1 2452 2616 2499 2750 3085 3086 2835 4393 5611 3315
2789 11 2 1 1 2518 2507 2628 2797 4949 3895 4833 4939 3644 3687
2790 11 2 1 1 214 471 2525 2716 1075 3796 3475 3672 3674 3797
2791 11 2 1 1 2529 2547 2448 2652 4507 4456 3358 5356 4455 4282
2792 11 2 1 1 2545 2554 2457 2684 3224 3988 3587 4440 5762 4866
2793 11 2 1 1 2597 2742 300 2811 5457 5657 5763 5586 5660 5659
2794 11 2 1 1 2552 2626 2477 2778 3830 3829 3831 5764 5765 5766
2795 11 2 1 1 2455 2504 2605 2635 3892 3720 3894 5097 5085 3123
2796 11 2 1 1 2451 2538 2582 2702 3050 3176 3502 3049 5675 3048
2797 11 2 1 1 2560 2670 2582 2808 4790 4789 4791 5268 3943 5767
2798 11 2 1 1 1742 1715 1697 2683 1899 2041 1872 5624 3902 4171
2799 11 2 1 1 187 273 427 2587 929 941 940 4921 5258 4150
2800 11 2 1 1 2443 2502 2641 2784 3344 4525 5560 4243 5617 4244
2801 11 2 1 1 2447 2511 2630 2713 4404 4559 3584 2919 4462 4860
2802 11 2 1 1 2453 2564 2709 2766 4248 5768 4037 5643 5769 5644
2803 11 2 1 1 2455 2504 2635 2745 3892 3123 5097 4998 5100 4997
2804 11 2 1 1 2458 2560 2760 2762 3520 4356 3858 3863 4487 5770
2805 11 2 1 1 198 199 2547 2652 988 5771 4508 5355 4282 5772
2806 11 2 1 1 277 2557 300 2742 5501 5656 1378 5502 5657 5177
2807 11 2 1 1 1693 2603 1675 2739 5773 2986 1940 5774 4544 4406
2808 11 2 1 1 2598 2662 2467 2802 5414 4111 5432 3887 5775 5776
2809 11 2 1 1 1702 1697 1715 2627 2014 2041 2040 5300 4115 4011
2810 11 2 1 1 165 442 302 2729 674 837 836 4622 5236 5655
2811 11 2 1 1 2471 2653 2539 2696 5558 4073 5777 5559 4781 5086
2812 11 2 1 1 264 2695 282 2715 5778 4378 1323 5779 3884 4380
2813 11 2 1 1 1661 1720 176 2674 1805 5342 5780 5781 5344 5346
2814 11 2 1 1 1701 2510 2668 2685 4667 4636 5699 5029 5782 5030
2815 11 2 1 1 2469 2531 2616 2650 2950 3658 3127 5783 4626 5473
2816 11 2 1 1 2461 2676 2557 2693 5116 3067 4925 5274 2908 3251
2817 11 2 1 1 2459 2562 2512 2669 5212 5484 5784 4690 3666 5486
2818 11 2 1 1 1675 1703 1704 2511 1947 1951 1950 3001 4910 5361
2819 11 2 1 1 2544 2608 2477 2790 3249 4516 5011 5020 5785 5490
2820 11 2 1 1 1679 1682 2515 2668 1967 4933 5626 5786 4695 5743
2821 11 2 1 1 403 2647 2599 2753 5787 4228 5788 5789 5790 3614
2822 11 2 1 1 329 257 2559 2765 1106 5791 4300 4301 4303 5792
2823 11 2 1 1 215 217 240 2606 1077 1080 1079 3569 3848 5376
2824 11 2 1 1 351 2612 455 2645 5253 4385 1452 5568 3913 4387
2825 11 2 1 1 2484 2722 2590 2801 5793 4329 5128 5794 4332 4333
2826 11 2 1 1 1703 2511 1675 2761 5361 3001 1947 5365 3875 3724
2827 11 2 1 1 471 334 456 2525 1476 1467 1086 3796 4826 5052
2828 11 2 1 1 269 276 2707 2735 1341 4567 5620 4648 4913 4802
2829 11 2 1 1 401 241 396 2623 1209 981 1210 4144 5795 4143
2830 11 2 1 1 2455 2745 2574 2790 4998 5328 3163 4007 5728 4999
2831 11 2 1 1 382 2699 2506 2717 4233 3908 3900 4588 4262 5796
2832 11 2 1 1 72 171 2648 2792 649 5797 5070 5071 3413 5798
2833 11 2 1 1 2462 2593 2525 2655 5799 3842 3997 3998 3156 3844
2834 11 2 1 1 2457 2529 2664 2805 5025 3362 5507 5509 5511 5800
2835 11 2 1 1 2047 2119 2132 2612 2156 2241 2240 5252 4425 5298
2836 11 2 1 1 2534 2535 2481 2735 3935 5170 4142 4486 4803 3282
2837 11 2 1 1 454 2747 2631 2757 5801 5802 5803 5804 5700 5389
2838 11 2 1 1 172 181 1667 2666 525 5668 5720 5721 5670 5669
2839 11 2 1 1 1708 1692 2598 2620 1936 3497 3414 4294 4542 4941
2840 11 2 1 1 2459 2527 2689 2807 5257 4050 4391 5213 5759 4904
2841 11 2 1 1 2456 2668 2510 2685 4635 4636 4634 5109 5030 5782
2842 11 2 1 1 393 2728 2564 2800 5805 4034 3421 3212 3423 5806
2843 11 2 1 1 2524 2720 2454 2734 5201 4658 4624 3215 4682 4681
2844 11 2 1 1 232 233 2596 2743 1158 5570 5487 5401 4446 5706
2845 11 2 1 1 2440 2657 2568 2736 4747 4850 4250 4014 5276 4748
2846 11 2 1 1 2095 2081 2094 2625 2407 2374 2399 5579 2938 3030
2847 11 2 1 1 198 196 440 2529 983 985 984 4506 4029 3419
2848 11 2 1 1 393 2564 394 2623 3421 5807 1225 3210 5808 3422
2849 11 2 1 1 2539 2597 2478 2813 5220 4977 4480 4482 4481 4980
2850 11 2 1 1 1700 2569 1731 2767 5260 5809 2045 5118 5810 4554
2851 11 2 1 1 2517 2675 2604 2749 3437 2861 5811 5724 3430 5697
2852 11 2 1 1 207 381 2601 2717 1039 5753 5039 5027 4263 5226
2853 11 2 1 1 2525 2542 2450 2606 3459 3457 3152 3477 3878 3478
2854 11 2 1 1 336 486 454 2757 1442 841 1370 5320 5804 5312
2855 11 2 1 1 486 2747 454 2757 5388 5801 841 5312 5804 5389
2856 11 2 1 1 476 374 377 2771 1560 1551 1561 5475 5812 5188
2857 11 2 1 1 2512 2562 2459 2651 5484 5212 5784 4163 5211 5006
2858 11 2 1 1 2526 2678 374 2756 5186 5185 5184 5466 5813 5814
2859 11 2 1 1 2613 2716 447 2722 3985 5815 5816 5817 5818 5819
2860 11 2 1 1 387 386 2533 2703 1195 3699 5820 5821 3391 3700
2861 11 2 1 1 472 470 384 2809 792 1590 1582 5386 5664 5622
2862 11 2 1 1 2457 2502 2641 2793 4524 4525 4159 4928 5561 4929
2863 11 2 1 1 2500 2456 2621 2630 4278 3725 3377 3482 4970 4558
2864 11 2 1 1 2453 2709 2622 2766 4037 4447 3732 5643 5645 5769
2865 11 2 1 1 2052 2555 500 2729 5822 5823 5824 5825 5826 5827
2866 11 2 1 1 2470 2506 2571 2717 4222 4221 3349 4473 5165 4262
2867 11 2 1 1 2445 2553 2644 2733 5828 5552 3102 4325 5555 5554
2868 11 2 1 1 2576 2648 2503 2792 3504 3411 3100 3438 3207 3413
2869 11 2 1 1 2442 2521 2580 2762 2977 2982 2980 5829 3865 5183
2870 11 2 1 1 2089 2090 2567 2795 2262 4721 5830 5831 5449 5448
2871 11 2 1 1 2048 2577 418 2690 5637 5832 5833 5638 5834 5639
2872 11 2 1 1 2096 2635 2069 2770 5615 5126 2340 5358 5835 5616
2873 11 2 1 1 2443 2655 2508 2665 3995 4885 3783 3365 3846 3466
2874 11 2 1 1 2528 2482 2641 2697 5836 5752 5733 5837 5838 4656
2875 11 2 1 1 2543 2574 2778 2790 5434 5839 5840 5727 5841 5728
2876 11 2 1 1 2135 2051 2090 2523 2265 2261 2266 3974 4722 3557
2877 11 2 1 1 2650 2731 2448 2754 5842 4432 5843 5108 3889 4359
2878 11 2 1 1 1733 1718 1656 2671 1861 1858 1832 5057 5681 5619
2879 11 2 1 1 2541 2618 2459 2694 3464 5758 5844 4170 5845 5846
2880 11 2 1 1 2501 2632 2534 2812 3706 2877 3708 5847 3542 3541
2881 11 2 1 1 2109 2675 2100 2680 4969 5848 2234 5419 5849 5420
2882 11 2 1 1 2512 2763 2651 2777 4123 4164 4163 5850 5851 5852
2883 11 2 1 1 2496 2606 2541 2765 3879 4168 3461 4302 4718 4857
2884 11 2 1 1 1734 1698 1739 2666 2037 2043 1851 4612 5853 4488
2885 11 2 1 1 1704 2511 2624 2637 4910 5363 5578 5710 3540 5709
2886 11 2 1 1 1693 1675 1704 2739 1940 1950 1949 5774 4911 4544
2887 11 2 1 1 447 2722 2716 2801 5818 5819 5815 5854 5855 4333
2888 11 2 1 1 2451 2617 2514 2628 3814 3813 3114 3342 3311 5614
2889 11 2 1 1 2050 2062 2063 2578 2192 2256 2255 3791 5305 3792
2890 11 2 1 1 2539 2581 151 2724 4069 5856 5857 4986 5858 4727
2891 11 2 1 1 446 2569 2550 2742 5613 4180 5612 5859 5175 4418
2892 11 2 1 1 2470 2571 2756 2786 3349 4004 3965 5860 5092 5091
2893 11 2 1 1 1680 2611 1682 2668 4735 5742 1968 5689 5743 5550
2894 11 2 1 1 429 264 282 2715 1216 1323 1325 4449 3884 5779
2895 11 2 1 1 345 439 251 2554 1260 976 1259 2995 3953 3040
2896 11 2 1 1 2078 2568 2079 2721 5230 5861 2368 5232 5749 5233
2897 11 2 1 1 1734 2550 1741 2746 5862 5863 1917 4613 5864 4361
2898 11 2 1 1 1683 2515 2610 2624 4931 4348 5308 5865 4273 4458
2899 11 2 1 1 248 2692 226 2783 5866 5462 1135 5867 5460 5461
2900 11 2 1 1 2745 2778 2574 2790 5868 5839 5328 4999 5728 5841
2901 11 2 1 1 418 2577 470 2690 5832 5869 790 5834 5621 5639
2902 11 2 1 1 2472 2614 2575 2754 3074 4868 3767 2834 3517 3888
2903 11 2 1 1 377 452 478 2771 1570 719 1569 5812 4871 5002
2904 11 2 1 1 2511 2447 2630 2726 4404 3584 4559 4652 5256 4651
2905 11 2 1 1 491 484 2639 2759 802 5409 5334 5335 3581 5410
2906 11 2 1 1 1671 1743 2556 2674 1892 5870 3150 2960 3141 4336
2907 11 2 1 1 1734 2666 2550 2746 4612 3076 5862 4613 4361 4492
2908 11 2 1 1 2463 2562 2512 2701 5485 5484 3665 3946 3945 5008
2909 11 2 1 1 71 2539 2724 2813 5871 4986 5872 5873 5874 4482
2910 11 2 1 1 2445 2591 2507 2628 4663 3915 3896 3642 3895 5875
2911 11 2 1 1 337 226 224 2807 1124 1123 1125 4809 4811 5463
2912 11 2 1 1 197 2547 244 2623 4989 5537 989 5876 3368 5111
2913 11 2 1 1 2463 2594 2687 2700 4908 4909 4339 5529 5531 4099
2914 11 2 1 1 2067 2065 2517 2634 2325 3890 3772 3145 3771 3989
2915 11 2 1 1 2498 2654 2606 2787 3110 3573 3909 4585 4587 4996
2916 11 2 1 1 2130 473 448 2540 5877 710 5878 3512 3969 5879
2917 11 2 1 1 198 2652 2529 2805 5355 5356 4506 5880 5800 4102
2918 11 2 1 1 2506 2486 2658 2699 5114 3492 4223 3908 3493 3379
2919 11 2 1 1 240 395 215 2654 1081 1070 1079 3660 3572 4787
2920 11 2 1 1 2112 2133 2057 2636 2280 2219 2296 3370 3240 5521
2921 11 2 1 1 316 2588 2520 2661 5881 4843 5882 5883 5884 5885
2922 11 2 1 1 270 286 287 2576 1314 1352 1351 5886 3397 4673
2923 11 2 1 1 2501 2465 2563 2719 4370 5190 3703 4314 4313 5295
2924 11 2 1 1 2522 2608 2579 2686 4515 4729 5471 3410 5887 5598
2925 11 2 1 1 2093 2555 2092 2688 5146 5888 2394 5316 5889 5317
2926 11 2 1 1 2441 2608 2506 2658 4797 4299 3057 4401 4223 3033
2927 11 2 1 1 1684 2662 2598 2802 5217 5414 3202 5890 3887 5776
2928 11 2 1 1 2478 2648 2576 2792 3960 3504 3561 5072 3438 3413
2929 11 2 1 1 2065 2064 2066 2675 2317 2322 2321 4778 5428 3435
2930 11 2 1 1 496 2663 2556 2681 5349 4060 5891 5351 4061 3511
2931 11 2 1 1 2494 2633 2693 2696 5224 4611 5892 5159 5893 5225
2932 11 2 1 1 70 151 2581 2724 636 5856 5894 5895 4727 5858
2933 11 2 1 1 205 206 2601 2720 1022 5896 4775 5897 5898 5899
2934 11 2 1 1 272 252 271 2679 1264 1184 1265 3923 4232 3323
2935 11 2 1 1 2497 2563 2536 2757 5545 3753 5900 5311 4167 4166
2936 11 2 1 1 475 494 2613 2681 1477 5163 4710 4711 3510 4862
2937 11 2 1 1 2627 2676 2510 2782 5901 5902 4668 5903 5904 5905
2938 11 2 1 1 424 2711 68 2812 5400 3456 619 5906 3766 3543
2939 11 2 1 1 1709 2588 1719 2607 3537 5907 1903 4190 5390 4189
2940 11 2 1 1 200 2652 198 2805 5908 5355 993 5909 5880 4102
2941 11 2 1 1 2124 2092 2093 2555 2272 2394 2438 4991 5146 5888
2942 11 2 1 1 206 415 2590 2720 1024 5629 5910 5899 5369 5911
2943 11 2 1 1 467 2706 465 2728 5285 4279 798 4962 4033 4281
2944 11 2 1 1 2518 2670 2582 2780 5912 4789 5913 5914 5915 5916
2945 11 2 1 1 2119 2132 2612 2645 2241 4425 5298 5569 4387 4424
2946 11 2 1 1 462 2648 320 2799 5917 3412 1449 5918 5375 5453
2947 11 2 1 1 2064 2136 2675 2772 2284 5563 3435 4912 5506 5564
2948 11 2 1 1 2455 2543 2580 2649 5435 5533 3165 5380 5383 5440
2949 11 2 1 1 2445 2507 2591 2733 3896 3915 4663 4325 3917 3919
2950 11 2 1 1 470 2690 2577 2809 5621 5639 5869 5622 4948 5131
2951 11 2 1 1 313 1654 1726 2595 5919 1763 5920 5921 5922 5923
2952 11 2 1 1 2590 2601 206 2720 5063 5896 5910 5369 5899 5898
2953 11 2 1 1 2439 2531 2773 2781 2951 5924 5925 5602 5926 4503
2954 11 2 1 1 2580 2760 2560 2762 3859 4356 5927 3865 5770 4487
2955 11 2 1 1 2462 2559 2593 2713 4679 3028 5799 3694 3113 2921
2956 11 2 1 1 2517 2634 2578 2691 3771 3320 3433 4696 5928 5284
2957 11 2 1 1 446 479 2569 2742 661 4416 5613 5859 4418 4417
2958 11 2 1 1 2080 2642 2548 2795 5041 4814 5929 5042 5930 3604
2959 11 2 1 1 411 410 2785 2810 814 5931 4815 5261 5556 5932
2960 11 2 1 1 264 242 263 2536 1214 1212 1215 5933 5373 5934
2961 11 2 1 1 2611 2712 2461 2767 5935 5518 5024 4555 5519 5405
2962 11 2 1 1 288 2607 2588 2661 4074 4189 5936 3901 5885 3491
2963 11 2 1 1 1700 1699 1731 2569 2001 1878 2045 5260 5809 4214
2964 11 2 1 1 2562 2592 2463 2669 5937 5528 5485 5486 2966 5399
2965 11 2 1 1 201 2524 203 2730 5043 4841 1007 5938 5567 3668
2966 11 2 1 1 2477 2626 2544 2778 3829 3248 5011 5765 5939 5766
2967 11 2 1 1 448 2540 474 2678 3969 5746 775 3970 5747 3257
2968 11 2 1 1 2643 2736 2499 2750 5277 5672 4758 5940 5611 5061
2969 11 2 1 1 476 377 2578 2771 1561 5941 5393 5475 4870 5812
2970 11 2 1 1 2516 2607 2464 2637 3529 4765 5267 5942 4828 4191
2971 11 2 1 1 2546 2650 2531 2677 5474 5473 5472 4400 2970 5943
2972 11 2 1 1 238 203 205 2703 1019 1017 1020 5944 4777 4776
2973 11 2 1 1 2061 473 2130 2540 5945 5877 2186 5946 3512 5879
2974 11 2 1 1 2505 2713 2603 2739 2920 3618 3037 4321 4406 4859
2975 11 2 1 1 2067 2635 2517 2770 3146 3773 3772 5692 5694 5616
2976 11 2 1 1 2524 201 2652 2730 5043 4987 4283 3668 5679 5938
2977 11 2 1 1 2529 2457 2684 2805 5025 5762 4864 5800 5947 5509
2978 11 2 1 1 2522 2646 2439 2752 4701 4664 3408 5948 4267 5477
2979 11 2 1 1 2100 2675 2136 2680 5848 5563 2237 5849 5562 5420
2980 11 2 1 1 2658 2738 2504 2779 5033 5447 4820 3494 5339 5949
2981 11 2 1 1 338 1726 1663 2595 5950 1766 5951 5952 5953 5922
2982 11 2 1 1 2504 2642 2634 2779 4409 4410 3120 5339 5424 3934
2983 11 2 1 1 2448 2734 2579 2806 4457 3738 5238 5650 5652 5954
2984 11 2 1 1 2503 2648 2644 2712 3411 3505 3104 3373 3372 5955
2985 11 2 1 1 2115 2052 500 2729 2144 5824 5956 5957 5826 5825
2986 11 2 1 1 358 491 484 2639 1513 802 1521 5958 5409 5334
2987 11 2 1 1 2455 2580 2509 2649 3165 3856 5271 5380 5270 5383
2988 11 2 1 1 317 504 316 2588 599 848 1372 5702 5881 5055
2989 11 2 1 1 2454 2524 2601 2720 4624 4450 3762 4658 5898 5201
2990 11 2 1 1 419 502 176 2674 892 891 573 5345 5344 5959
2991 11 2 1 1 2444 2510 2584 2741 5960 5641 5961 5049 5642 5331
2992 11 2 1 1 2452 2546 2531 2633 2820 5472 4705 2984 5962 2985
2993 11 2 1 1 2476 2534 2657 2711 5397 4746 5492 5398 5495 2880
2994 11 2 1 1 2124 2093 2107 2638 2438 2410 2301 4950 4951 5147
2995 11 2 1 1 1658 1738 1729 2545 1870 1875 1775 5547 3096 3486
2996 11 2 1 1 2496 2618 2541 2694 3354 3464 3461 4247 4170 5846
2997 11 2 1 1 2533 2703 2474 2800 3391 4298 4297 5963 3376 5964
2998 11 2 1 1 2575 2754 2614 2768 3517 3888 4868 4867 4075 3404
2999 11 2 1 1 184 185 186 2672 918 923 922 3544 5395 5965
3000 11 2 1 1 2627 2751 2676 2782 5966 3068 5901 5903 5905 4805
3001 11 2 1 1 188 2558 255 2714 2893 5587 935 3631 5588 3632
3002 11 2 1 1 1686 1685 2611 2746 1974 5532 4736 5181 4217 5967
3003 11 2 1 1 2439 2781 2773 2797 5602 5926 5925 3686 5968 5969
3004 11 2 1 1 2461 2569 2503 2648 5000 5403 5632 5970 3411 4415
3005 11 2 1 1 74 2569 479 2648 5971 4416 653 5972 4414 4415
3006 11 2 1 1 2120 180 2058 2747 5478 5973 2231 5481 5974 5482
3007 11 2 1 1 2631 2747 2497 2757 5802 5387 5682 5700 5311 5389
3008 11 2 1 1 2543 2686 2477 2798 2945 5198 5975 3236 5199 3237
3009 11 2 1 1 2097 2084 2096 2682 2415 2384 2344 5228 4366 5705
3010 11 2 1 1 444 2640 445 2674 4915 5716 773 4889 5718 4347
3011 11 2 1 1 2501 2581 2534 2586 4725 5976 3708 3524 3709 4731
3012 11 2 1 1 2527 2562 2459 2592 4831 5212 5257 3759 4550 5937
3013 11 2 1 1 2546 2633 2444 2773 2985 3012 2829 5018 5017 5977
3014 11 2 1 1 2502 2584 2665 2793 4966 5129 3367 4929 5324 4967
3015 11 2 1 1 2458 2762 2561 2764 3863 5978 5158 5243 5459 5197
3016 11 2 1 1 230 229 228 2692 1142 1138 1143 4964 4764 4763
3017 11 2 1 1 2680 2708 368 2759 4936 5979 5980 5633 5981 5982
3018 11 2 1 1 2513 484 2708 2759 5206 5207 5208 3580 5982 5410
3019 11 2 1 1 1701 1702 1686 2627 2006 2005 1976 4669 5319 5300
3020 11 2 1 1 2510 2444 2676 2741 5960 3066 5902 5331 5983 5049
3021 11 2 1 1 351 321 455 2612 680 1450 1452 5253 4385 5254
3022 11 2 1 1 412 2663 411 2785 5984 4310 818 5985 4815 4816
3023 11 2 1 1 2554 2587 2472 2794 2851 3956 3073 3310 3117 4922
3024 11 2 1 1 2591 2624 2515 2761 4459 4458 3593 3597 3596 5364
3025 11 2 1 1 218 220 219 2765 1093 1092 1088 5279 4856 4717
3026 11 2 1 1 2569 2648 2461 2742 4415 5970 5000 4418 5738 4419
3027 11 2 1 1 2469 2531 2650 2677 2950 5473 5783 2969 5943 2970
3028 11 2 1 1 283 482 2594 2636 1404 5303 4192 4324 3681 5304
3029 11 2 1 1 249 447 2613 2716 1066 5816 5986 5987 3985 5815
3030 11 2 1 1 2480 2629 2584 2741 5138 5988 5989 5137 5642 5050
3031 11 2 1 1 2055 158 492 2759 5990 734 5372 4672 3849 5691
3032 11 2 1 1 2603 2630 2511 2713 5592 4559 3000 3618 4860 4462
3033 11 2 1 1 462 2569 2648 2799 5991 4415 5917 5918 5453 5992
3034 11 2 1 1 2493 2604 2745 2770 3138 5993 5099 5357 5994 2833
3035 11 2 1 1 264 242 2536 2715 1214 5934 5933 5779 3159 5995
3036 11 2 1 1 1663 338 2595 2683 5951 5952 5953 5996 3364 5997
3037 11 2 1 1 1727 2671 1665 2799 5998 5999 1838 6000 6001 4849
3038 11 2 1 1 2493 2604 2574 2745 3138 2962 2991 5099 5328 5993
3039 11 2 1 1 2476 2729 2612 2740 5069 4621 3743 5417 4823 4822
3040 11 2 1 1 178 2115 500 2729 6002 5956 668 6003 5826 5957
3041 11 2 1 1 332 2559 331 2681 4181 5504 1462 4495 5505 4496
3042 11 2 1 1 246 2514 2667 2743 5242 6004 6005 5745 3550 3116
3043 11 2 1 1 230 2596 229 2692 4963 3105 1142 4964 4763 4105
3044 11 2 1 1 1719 2588 1664 2607 5907 6006 1904 5390 5392 4189
3045 11 2 1 1 2589 2641 2467 2737 4615 4108 3385 5248 5736 5735
3046 11 2 1 1 2534 2581 2481 2586 5976 4891 4142 3709 3625 4731
3047 11 2 1 1 2462 2559 2525 2593 4679 4825 3997 5799 3842 3028
3048 11 2 1 1 356 363 2562 2701 1504 5007 6007 6008 5008 4984
3049 11 2 1 1 2493 2745 2635 2770 5099 5100 5098 5357 5616 5994
3050 11 2 1 1 2499 2643 2616 2758 4758 3126 3086 4572 3608 3070
3051 11 2 1 1 2651 2763 2541 2777 4164 5416 5286 5851 4511 5852
3052 11 2 1 1 2525 2559 2496 2593 4825 3024 3877 3842 3026 3028
3053 11 2 1 1 1734 1667 1741 2550 1916 1914 1917 5862 5863 5667
3054 11 2 1 1 2459 2532 2552 2694 4091 4096 4094 5845 4255 4057
3055 11 2 1 1 338 164 1726 2595 534 6009 5950 5952 5922 6010
3056 11 2 1 1 484 368 2708 2759 1530 5979 5207 5410 5982 5981
3057 11 2 1 1 2565 2618 2490 2783 3356 5412 6011 4903 5411 4896
3058 11 2 1 1 401 2659 428 2660 4364 6012 1211 4145 6013 3821
3059 11 2 1 1 2504 2634 2460 2779 3120 4577 5101 5339 3554 5424
3060 11 2 1 1 2480 2665 2609 2752 6014 3845 3605 6015 3828 3847
3061 11 2 1 1 2482 2609 2697 2734 6016 6017 4656 4680 4881 5714
3062 11 2 1 1 455 2612 322 2679 4385 6018 1451 3914 6019 4527
3063 11 2 1 1 451 279 253 2535 1271 1270 1262 6020 4173 6021
3064 11 2 1 1 2505 2640 445 2796 4345 5716 5717 2941 6022 5513
3065 11 2 1 1 332 333 2556 2681 1463 6023 4182 4495 4061 6024
3066 11 2 1 1 278 272 271 2583 1354 1265 1355 5422 4231 3922
3067 11 2 1 1 2484 2590 2566 2801 5128 4960 3775 5794 5179 4332
3068 11 2 1 1 2461 2648 2503 2712 5970 3411 5632 5518 3373 5955
3069 11 2 1 1 2501 2724 170 2812 4728 6025 4388 5847 6026 6027
3070 11 2 1 1 182 305 2550 2742 912 6028 3034 5176 5175 6029
3071 11 2 1 1 1702 1701 1688 2551 2006 1981 2013 5299 5290 4666
3072 11 2 1 1 2456 2665 2584 2741 3727 5129 5121 5332 5642 6030
3073 11 2 1 1 396 197 244 2623 980 989 991 5795 3368 5876
3074 11 2 1 1 2447 2630 2593 2713 3584 4968 3027 2919 3113 4462
3075 11 2 1 1 2079 2721 2568 2748 5749 5233 5861 5750 4556 4812
3076 11 2 1 1 303 300 2557 2811 1379 5656 6031 6032 5658 5660
3077 11 2 1 1 262 286 270 2576 1315 1314 1313 6033 5886 4673
3078 11 2 1 1 250 2590 2528 2722 5630 5631 5628 6034 6035 4329
3079 11 2 1 1 277 303 300 2557 926 1379 1378 5501 5656 6031
3080 11 2 1 1 502 2556 176 2674 6036 6037 891 5959 5344 3141
3081 11 2 1 1 377 478 2578 2771 1569 3793 5941 5812 4870 4871
3082 11 2 1 1 390 2533 387 2809 6038 5820 1595 5134 6039 4769
3083 11 2 1 1 301 300 169 2742 858 856 859 6040 6041 5657
3084 11 2 1 1 313 1654 2595 2666 5919 5923 5921 6042 4839 6043
3085 11 2 1 1 174 416 2122 2567 692 6044 6045 4323 6046 6047
3086 11 2 1 1 2470 2626 2710 2787 3004 3972 5210 6048 3973 3834
3087 11 2 1 1 504 316 2588 2671 848 5881 5055 5059 5058 6049
3088 11 2 1 1 2468 2706 2577 2728 5141 4744 4241 5143 4944 4281
3089 11 2 1 1 2536 2563 2465 2725 3753 5190 3268 3160 3270 3756
3090 11 2 1 1 1682 2515 2611 2767 4933 5573 5742 5154 4555 5155
3091 11 2 1 1 2638 2727 2561 2762 6050 6051 5036 5151 5978 6052
3092 11 2 1 1 2616 2643 2499 2750 3126 4758 3086 3315 5611 5940
3093 11 2 1 1 2488 2643 2568 2748 4382 4249 4383 4412 4556 3395
3094 11 2 1 1 262 2576 267 2667 6033 4563 1240 6053 3782 4292
3095 11 2 1 1 2618 2689 2490 2807 5757 4394 5412 4810 5413 5759
3096 11 2 1 1 188 304 255 2558 944 946 935 2893 5587 6054
3097 11 2 1 1 231 232 233 2596 1152 1158 1157 3266 5570 5487
3098 11 2 1 1 2515 2668 2456 2761 4695 4635 3594 3596 3595 6055
3099 11 2 1 1 397 2571 376 2678 2971 6056 1566 3882 6057 3883
3100 11 2 1 1 2526 2678 2578 2771 5186 4149 6058 4395 4870 5187
3101 11 2 1 1 2048 2106 2129 2690 2245 2248 2247 5638 5640 3780
3102 11 2 1 1 2480 2584 2665 2741 5989 5129 6014 5137 6030 5642
3103 11 2 1 1 207 206 2590 2601 1028 5910 4959 5039 5063 5896
3104 11 2 1 1 352 2660 236 2768 6059 4140 961 6060 5589 3714
3105 11 2 1 1 2073 2078 2079 2721 2365 2368 2367 4020 5749 5232
3106 11 2 1 1 2443 2528 2641 2697 6061 5733 5560 6062 5838 5837
3107 11 2 1 1 2675 2680 2487 2772 5420 4935 4291 5506 4785 5565
3108 11 2 1 1 1709 1691 1690 2624 2019 1990 2020 3535 5241 4604
3109 11 2 1 1 2482 2720 2528 2737 4561 6063 5836 4560 5734 4540
3110 11 2 1 1 1734 1667 2550 2666 1916 5667 5862 4612 3076 5670
3111 11 2 1 1 380 2699 382 2717 6064 4233 1573 6065 4588 5796
3112 11 2 1 1 184 277 182 2557 916 915 913 3247 2869 5501
3113 11 2 1 1 2536 2695 2492 2769 6066 4379 3979 4579 4519 6067
3114 11 2 1 1 273 339 438 2587 1363 1365 1364 4150 3363 2961
3115 11 2 1 1 2457 2554 2529 2684 3988 3041 5025 5762 4864 4866
3116 11 2 1 1 2454 2609 2522 2734 5712 3606 4532 4682 5715 5714
3117 11 2 1 1 2711 2735 2534 2812 3281 4486 2880 3543 3542 6068
3118 11 2 1 1 1711 2647 2530 2662 6069 4003 6070 6071 4112 6072
3119 11 2 1 1 2526 2585 2487 2691 3144 3835 6073 4853 5696 4377
3120 11 2 1 1 2441 2686 2608 2790 6074 5598 4797 4027 5490 6075
3121 11 2 1 1 2458 2657 2555 2688 4008 5493 2892 6076 5317 6077
3122 11 2 1 1 72 477 71 2539 643 642 82 5219 5871 5218
3123 11 2 1 1 2497 2762 2563 2764 6078 5194 5545 5314 4430 5197
3124 11 2 1 1 2468 2728 2577 2809 5143 4944 4241 6079 4948 4947
3125 11 2 1 1 2561 2638 2107 2727 5036 4951 5037 6051 6080 6050
3126 11 2 1 1 2633 2673 2471 2696 5223 5557 4270 5225 5559 5087
3127 11 2 1 1 2577 2738 2468 2809 6081 6082 4241 4948 6079 6083
3128 11 2 1 1 1693 1707 2603 2739 1941 2957 5773 5774 4406 4582
3129 11 2 1 1 1718 2588 2610 2671 5618 4334 6084 5619 5044 5058
3130 11 2 1 1 1690 1718 2588 2610 2021 5618 5240 5446 4334 6084
3131 11 2 1 1 1679 2668 2515 2761 5786 4695 5626 5729 3596 6055
3132 11 2 1 1 2522 2677 2480 2752 3409 3533 3530 5948 6015 6085
3133 11 2 1 1 300 2597 169 2742 5763 6086 856 5657 6041 5457
3134 11 2 1 1 379 239 378 2786 1197 1061 1198 5090 5610 5516
3135 11 2 1 1 2083 2082 2076 2521 2380 2376 2381 6087 3869 5576
3136 11 2 1 1 435 258 202 2805 1016 1015 1004 6088 4086 4085
3137 11 2 1 1 2514 2573 2464 2617 3904 4766 6089 3813 6090 6091
3138 11 2 1 1 1664 468 1740 2607 6092 6093 1826 5392 5391 6094
3139 11 2 1 1 2517 2675 2066 2770 3437 5428 5427 5694 5693 3075
3140 11 2 1 1 2613 2722 409 2810 5817 6095 5661 5262 5662 6096
3141 11 2 1 1 2083 2521 2076 2682 6087 3869 2381 5306 4368 3263
3142 11 2 1 1 2463 2669 2592 2774 2966 5399 5528 3221 5153 3302
3143 11 2 1 1 315 2671 1727 2799 6097 5998 6098 6099 6000 4849
3144 11 2 1 1 2543 2574 2489 2778 5434 6100 6101 5840 6102 5839
3145 11 2 1 1 2633 2741 2444 2773 6103 5049 3012 5977 5017 5051
3146 11 2 1 1 449 422 67 2776 620 617 610 5354 3980 4893
3147 11 2 1 1 2523 2583 2466 2645 3872 3576 3241 3565 3575 3284
3148 11 2 1 1 472 2540 398 2690 4638 3417 1586 4683 6104 4203
3149 11 2 1 1 1715 2595 1739 2627 4570 6105 2044 4115 6106 4619
3150 11 2 1 1 2466 2568 2643 2748 5503 4249 3244 3393 3395 4556
3151 11 2 1 1 216 2606 2525 2765 3519 3477 3518 6107 5327 4857
3152 11 2 1 1 2492 2687 2594 2700 4520 4909 4097 2932 4099 5531
3153 11 2 1 1 2495 2731 2650 2754 4358 5842 4627 3403 5108 4359
3154 11 2 1 1 2515 2445 2591 2733 4349 4663 3593 4363 3917 4325
3155 11 2 1 1 1715 1739 1698 2627 2044 2043 2042 4115 4599 6106
3156 11 2 1 1 364 2585 366 2763 5203 6108 1531 4122 6109 4351
3157 11 2 1 1 2456 2615 2665 2741 5180 6110 3727 5332 6030 6111
3158 11 2 1 1 245 229 430 2700 1140 1149 1151 5289 2934 3106
3159 11 2 1 1 432 2589 404 2737 5418 4484 1294 6112 5247 5248
3160 11 2 1 1 2468 2577 2642 2738 4241 3599 4240 6082 6113 6081
3161 11 2 1 1 1722 495 1659 2569 5687 6114 1751 4178 6115 5688
3162 11 2 1 1 309 422 449 2764 1446 620 1445 6116 5458 5755
3163 11 2 1 1 2511 2624 2591 2761 5363 4459 3723 3724 3597 5364
3164 11 2 1 1 376 2678 2571 2756 6057 3883 6056 6117 4004 5814
3165 11 2 1 1 262 2520 2576 2667 6118 3812 6033 6053 4292 5371
3166 11 2 1 1 403 402 2647 2753 821 3387 5787 5789 3614 3545
3167 11 2 1 1 1692 2620 1670 2663 4941 6119 1926 6120 6121 3854
3168 11 2 1 1 2441 2738 2533 2766 3298 5032 3055 3768 3770 6122
3169 11 2 1 1 2609 2443 2665 2793 3786 3365 3845 6123 5324 5323
3170 11 2 1 1 2489 2574 2543 2744 6100 5434 6101 6124 5436 4197
3171 11 2 1 1 279 2535 451 2679 6021 6020 1271 6125 6126 4172
3172 11 2 1 1 2444 2584 2510 2782 5961 5641 5960 6127 5904 5665
3173 11 2 1 1 2514 2617 2464 2791 3813 6090 6089 6128 4275 6129
3174 11 2 1 1 223 221 222 2618 1107 1102 1108 5607 3568 4618
3175 11 2 1 1 2626 2654 2470 2756 6130 6131 3004 3966 3965 6132
3176 11 2 1 1 2462 2713 2655 2732 3694 4461 3998 4738 3469 4463
3177 11 2 1 1 275 2588 316 2661 6133 5881 1311 6134 5883 5885
3178 11 2 1 1 347 175 348 2530 887 889 888 3920 4195 3999
3179 11 2 1 1 2440 2736 2643 2750 4014 5277 3558 3939 5940 5061
3180 11 2 1 1 276 297 2653 2735 1376 6135 4566 4802 4804 6136
3181 11 2 1 1 236 2619 191 2768 4403 6137 953 5589 6138 2874
3182 11 2 1 1 265 2563 307 2764 3752 6139 1326 4429 6140 4430
3183 11 2 1 1 356 361 363 2701 1511 1217 1504 6008 4984 4983
3184 11 2 1 1 160 483 2113 2772 725 6141 6142 6143 6144 6145
3185 11 2 1 1 253 451 2535 2679 1262 6020 4173 3427 4172 6126
3186 11 2 1 1 2496 2559 2525 2765 3024 4825 3877 4302 5327 4303
3187 11 2 1 1 322 2679 2612 2740 6019 4527 6018 6146 4823 6147
3188 11 2 1 1 2097 2086 2098 2549 2343 2423 2422 5047 3805 2815
3189 11 2 1 1 2609 2641 2482 2697 6148 5752 6016 6017 4656 5838
3190 11 2 1 1 280 269 279 2535 1346 1269 1347 3277 6021 4647
3191 11 2 1 1 2521 2762 2442 2769 5183 5829 2977 3484 3271 6149
3192 11 2 1 1 2066 2067 2065 2517 2326 2325 2321 5427 3890 3772
3193 11 2 1 1 263 2536 242 2725 5373 5934 1212 6150 6151 3160
3194 11 2 1 1 2493 2600 2521 2682 3227 3306 2978 3088 3263 4367
3195 11 2 1 1 187 427 189 2794 940 939 938 4876 4878 5259
3196 11 2 1 1 332 333 502 2556 1463 1469 1468 4182 6036 6023
3197 11 2 1 1 2485 2636 2549 2682 3305 2926 5074 4641 5423 4642
3198 11 2 1 1 2082 2107 2638 2727 2411 4951 5577 6152 6050 6080
3199 11 2 1 1 2480 2665 2615 2741 6014 6110 6153 5137 6111 6030
3200 11 2 1 1 1661 176 2556 2674 5780 6037 6154 5781 3141 5344
3201 11 2 1 1 182 277 305 2742 915 917 912 5176 6029 5502
3202 11 2 1 1 2525 2559 2462 2681 4825 4679 3997 3795 3509 4496
3203 11 2 1 1 252 237 236 2619 1182 955 1183 3439 4403 4237
3204 11 2 1 1 2460 2634 2540 2779 4577 3321 3553 3554 3382 5424
3205 11 2 1 1 1726 164 313 2595 6009 531 5920 5922 5921 6010
3206 11 2 1 1 2486 2690 2642 2779 5130 3932 5760 3381 3934 3292
3207 11 2 1 1 2589 2684 2457 2805 5370 5762 4955 5510 5509 5947
3208 11 2 1 1 151 2581 2539 2653 5856 4069 5857 6155 4073 4072
3209 11 2 1 1 1699 1741 2550 2746 2038 5863 4360 4216 4361 5864
3210 11 2 1 1 2558 2653 2481 2707 5192 4565 4630 4800 4569 4568
3211 11 2 1 1 2465 2560 2563 2808 5189 5191 5190 3942 6156 5268
3212 11 2 1 1 2533 2468 2738 2809 6157 6082 5032 4769 6083 6079
3213 11 2 1 1 185 184 183 2672 918 914 919 5965 3307 3544
3214 11 2 1 1 476 377 478 2578 1561 1569 778 5393 3793 5941
3215 11 2 1 1 2474 2703 2524 2730 4298 4451 3081 3374 3668 5600
3216 11 2 1 1 2444 2751 2629 2782 2883 3637 3635 6127 3931 4805
3217 11 2 1 1 401 428 241 2660 1211 1208 1209 4145 4147 6013
3218 11 2 1 1 415 250 206 2590 1036 1035 1024 5629 5910 5630
3219 11 2 1 1 2492 2695 2687 2769 4379 6158 4520 4519 3273 6067
3220 11 2 1 1 2545 2684 2457 2775 4440 5762 3587 3591 3590 6159
3221 11 2 1 1 325 2516 2640 2723 4528 4531 4529 5754 6160 3170
3222 11 2 1 1 263 264 2536 2757 1215 5933 5373 5374 4167 6161
3223 11 2 1 1 2464 2573 2514 2661 4766 3904 6089 4767 4574 3448
3224 11 2 1 1 2598 2467 2784 2802 5432 5455 4245 3887 6162 5775
3225 11 2 1 1 2440 2643 2616 2750 3558 3126 4328 3939 3315 5940
3226 11 2 1 1 196 194 439 2614 973 975 974 3420 3043 3199
3227 11 2 1 1 214 215 213 2542 1068 1067 1062 3474 4749 3570
3228 11 2 1 1 67 450 2555 2711 613 6163 2843 2845 2844 6164
3229 11 2 1 1 479 2597 73 2648 5456 6165 652 4414 6166 5112
3230 11 2 1 1 2578 2634 2460 2691 3320 4577 4760 5928 4697 5284
3231 11 2 1 1 1686 2627 1698 2746 5319 4599 2003 5181 4491 4937
3232 11 2 1 1 378 2654 2756 2786 6167 6132 5609 5610 5092 4752
3233 11 2 1 1 2618 2459 2694 2704 5758 5845 5846 6168 5360 6169
3234 11 2 1 1 2548 2642 2468 2795 4814 4240 6170 5930 4242 3604
3235 11 2 1 1 386 2699 384 2809 3697 5663 1581 4770 5664 4771
3236 11 2 1 1 2466 2523 2645 2748 3241 3565 3575 3393 4428 3454
3237 11 2 1 1 1664 1733 317 2588 1829 5701 6171 6006 5702 5056
3238 11 2 1 1 366 2585 364 2708 6108 5203 1531 6172 5451 3837
3239 11 2 1 1 361 2701 362 2708 4983 5293 1518 5590 5294 5209
3240 11 2 1 1 233 2538 235 2715 5571 4974 1167 5572 6173 3175
3241 11 2 1 1 380 2571 2699 2717 6174 2976 6064 6065 5796 5165
3242 11 2 1 1 262 270 267 2576 1313 1312 1240 6033 4563 5886
3243 11 2 1 1 2618 2689 2459 2704 5757 4391 5758 6168 6169 4044
3244 11 2 1 1 2573 2617 2514 2692 6091 3813 3904 3907 3817 3816
3245 11 2 1 1 341 2545 342 2683 4468 3223 779 4538 3078 3225
3246 11 2 1 1 1692 1717 1735 2785 1927 1921 2028 4304 4306 6175
3247 11 2 1 1 428 2659 2583 2660 6012 5169 6176 6013 4497 3821
3248 11 2 1 1 1714 1665 1712 2799 1905 1907 1906 4234 4236 6001
3249 11 2 1 1 2464 2573 2516 2726 4766 3167 5267 6177 5601 6178
3250 11 2 1 1 2608 2686 2477 2790 5598 5198 4516 5490 5785 6075
3251 11 2 1 1 2461 2644 2648 2712 6179 3505 5970 5518 5955 3372
3252 11 2 1 1 2490 2618 2565 2704 5412 3356 6011 6180 5341 6168
3253 11 2 1 1 2510 2676 2553 2741 5902 6181 4633 5331 5333 5983
3254 11 2 1 1 2497 2561 2762 2764 6182 5978 6078 5314 5197 5459
3255 11 2 1 1 460 461 420 2523 1651 884 806 4883 2902 3133
3256 11 2 1 1 2470 2717 2571 2786 4473 5165 3349 5860 5091 5167
3257 11 2 1 1 2599 2647 1713 2802 4228 6183 6184 5016 6185 6186
3258 11 2 1 1 2458 2638 2509 2657 5150 3765 3855 4008 4009 6187
3259 11 2 1 1 2497 2536 2563 2808 5900 3753 5545 6188 6156 3944
3260 11 2 1 1 2458 2638 2561 2762 5150 5036 5158 3863 5978 5151
3261 11 2 1 1 279 2535 2679 2740 6021 4172 6125 6189 6147 4081
3262 11 2 1 1 2482 2652 2529 2664 4693 5356 6190 5648 3362 5442
3263 11 2 1 1 2520 2588 316 2671 4843 5881 5882 4067 6049 5058
3264 11 2 1 1 494 334 471 2681 1475 1476 1251 4862 3794 5053
3265 11 2 1 1 2478 2537 2705 2788 4741 6191 4649 4590 4650 5148
3266 11 2 1 1 397 379 376 2571 1565 1563 1566 2971 6056 5089
3267 11 2 1 1 400 394 2564 2659 1613 5807 3841 3582 3426 6192
3268 11 2 1 1 2077 2548 2080 2642 3948 5929 2370 4494 5041 4814
3269 11 2 1 1 2552 2626 2498 2787 3830 5075 4253 3833 4585 3834
3270 11 2 1 1 2486 2699 2533 2809 3379 3698 5113 5132 4769 4771
3271 11 2 1 1 2543 2780 2439 2798 3011 3009 2853 3236 3235 6193
3272 11 2 1 1 365 366 364 2708 1532 1531 1526 5119 5451 6172
3273 11 2 1 1 235 2715 2538 2725 6173 3175 4974 5703 3177 3161
3274 11 2 1 1 341 154 342 2545 540 780 779 4468 3223 4466
3275 11 2 1 1 2584 2457 2782 2793 5322 4137 5665 4967 6194 4928
3276 11 2 1 1 262 2520 286 2576 6118 4674 1315 6033 4673 3812
3277 11 2 1 1 434 2583 428 2659 5104 6176 1382 5168 6012 5169
3278 11 2 1 1 365 2585 366 2708 5522 6108 1532 5119 6172 3837
3279 11 2 1 1 393 394 244 2623 1225 1224 1222 3210 3368 5808
3280 11 2 1 1 2480 2609 2665 2793 3605 3845 6014 6195 5324 6123
3281 11 2 1 1 207 205 206 2601 1027 1022 1028 5039 5896 4775
3282 11 2 1 1 2565 2618 2496 2704 3356 3354 3351 5341 5340 6168
3283 11 2 1 1 153 448 474 2678 713 775 774 3256 5747 3970
3284 11 2 1 1 2484 2716 2722 2801 4116 5819 5793 5794 4333 5855
3285 11 2 1 1 177 315 1727 2799 608 6098 6196 6197 6000 6099
3286 11 2 1 1 1741 1722 1699 2550 1915 1876 2038 5863 4360 4175
3287 11 2 1 1 376 2571 379 2756 6056 5089 1563 6117 5088 4004
3288 11 2 1 1 2467 2528 2641 2784 5732 5733 4108 5455 5617 6198
3289 11 2 1 1 2497 2563 2762 2808 5545 5194 6078 6188 6199 6156
3290 11 2 1 1 308 265 307 2764 1328 1326 1329 5606 6140 4429
3291 11 2 1 1 2711 2729 2476 2740 6200 5069 5398 4082 5417 4822
3292 11 2 1 1 1711 1736 2647 2662 2034 6201 6069 6071 6072 6202
3293 11 2 1 1 278 271 428 2583 1355 1357 1356 5422 6176 4231
3294 11 2 1 1 2465 2563 2536 2808 5190 3753 3268 3942 3944 6156
3295 11 2 1 1 434 460 278 2583 1384 1383 1381 5104 5422 4882
3296 11 2 1 1 2455 2570 2543 2649 3893 5441 5435 5380 5440 2904
3297 11 2 1 1 2513 2639 2463 2701 3578 5127 3749 3947 3946 6203
3298 11 2 1 1 2470 2566 2542 2710 4472 4845 6204 5210 4434 3778
3299 11 2 1 1 326 328 327 2796 1282 1456 1455 4124 4125 6205
3300 11 2 1 1 2633 2693 2444 2741 4611 2907 3012 6103 5049 6206
3301 11 2 1 1 2514 2479 2628 2667 3147 3312 3311 6004 5725 3549
3302 11 2 1 1 400 394 399 2564 1613 1611 1614 3841 4772 5807
3303 11 2 1 1 2515 2624 1683 2761 4458 5865 4931 3596 5730 5364
3304 11 2 1 1 2703 2730 2474 2800 5600 3374 4298 5964 3376 3213
3305 11 2 1 1 280 2535 279 2740 3277 6021 1347 4080 6189 4081
3306 11 2 1 1 2459 2592 2562 2669 4550 5937 5212 4690 5486 5399
3307 11 2 1 1 171 2792 72 2813 5798 5071 649 6207 4979 5280
3308 11 2 1 1 2480 2609 2522 2752 3605 3606 3530 6015 5948 3828
3309 11 2 1 1 428 2583 271 2660 6176 4231 1357 6013 4141 4497
3310 11 2 1 1 1692 1670 1717 2663 1926 1864 1927 6120 6208 6121
3311 11 2 1 1 2454 2601 2590 2720 3762 5063 5093 4658 5369 5898
3312 11 2 1 1 2481 2581 2534 2735 4891 5976 4142 4803 4486 6209
3313 11 2 1 1 2458 2555 2638 2688 2892 4992 5150 6076 5318 5317
3314 11 2 1 1 346 343 154 2545 783 782 543 3097 4466 3952
3315 11 2 1 1 2467 2737 2528 2753 5736 5734 5732 3546 6210 5249
3316 11 2 1 1 2487 2513 2675 2749 6211 2859 4291 5698 5697 3751
3317 11 2 1 1 2469 2616 2531 2718 3127 3658 2950 2857 2952 3128
3318 11 2 1 1 212 214 213 2542 1063 1062 1058 6212 4749 3474
3319 11 2 1 1 2439 2698 2532 2798 4715 4716 3174 3235 5677 6213
3320 11 2 1 1 2552 2646 2532 2798 5310 4054 4096 5678 5677 5726
3321 11 2 1 1 1697 1702 1688 2551 2014 2013 2012 3990 5290 5299
3322 11 2 1 1 2476 2555 2657 2688 5494 5493 5492 4874 6077 5317
3323 11 2 1 1 2077 2074 2080 2548 2353 2371 2370 3948 5929 3197
3324 11 2 1 1 390 387 425 2809 1595 1591 1596 5134 6214 6039
3325 11 2 1 1 304 268 295 2707 1191 1342 1280 6215 4880 6216
3326 11 2 1 1 2633 2471 2693 2696 4270 3630 4611 5225 5893 5559
3327 11 2 1 1 72 2539 71 2813 5219 5871 82 4979 5873 4482
3328 11 2 1 1 464 2711 168 2735 4265 6217 852 4266 6218 3281
3329 11 2 1 1 2500 2630 2603 2713 3482 5592 3691 4798 3618 4462
3330 11 2 1 1 445 2674 2505 2796 5718 3039 5717 6022 2941 5593
3331 11 2 1 1 2589 2737 258 2805 5248 4539 6219 5510 4085 4541
3332 11 2 1 1 2463 2592 2562 2700 5528 5937 5485 5529 4832 5530
3333 11 2 1 1 2557 2742 2597 2811 5177 5457 5022 5658 5586 5659
3334 11 2 1 1 413 414 1732 2599 558 4224 6220 6221 4225 4226
3335 11 2 1 1 2444 2584 2629 2741 5961 5988 3635 5049 5050 5642
3336 11 2 1 1 2492 2687 2592 2774 4520 5527 3647 5106 5153 4623
3337 11 2 1 1 2518 2602 2702 2788 4938 5469 5582 6222 5756 4591
3338 11 2 1 1 2459 2618 2651 2807 5758 5288 5211 5213 5214 4810
3339 11 2 1 1 2484 2566 2542 2801 3775 4845 3458 5794 6223 5179
3340 11 2 1 1 2471 2558 2653 2673 4269 5192 5558 5557 4318 5060
3341 11 2 1 1 2132 2108 2091 2748 2436 2435 2437 4427 4557 4973
3342 11 2 1 1 259 200 198 2805 994 993 995 6224 5880 5909
3343 11 2 1 1 2504 2517 2635 2745 4545 3773 3123 4997 5100 5737
3344 11 2 1 1 2494 2741 2633 2773 6225 6103 5224 6226 5977 5051
3345 11 2 1 1 2116 418 2048 2577 6227 5833 2177 6228 5637 5832
3346 11 2 1 1 2058 180 2561 2747 5973 6229 6230 5974 6231 5482
3347 11 2 1 1 2453 2564 2623 2659 4248 3422 4045 3819 4059 3426
3348 11 2 1 1 2544 2778 2745 2790 5939 5868 5731 5020 4999 5841
3349 11 2 1 1 259 198 2529 2805 995 4506 6232 6224 5800 5880
3350 11 2 1 1 264 2536 2695 2715 5933 6066 5778 5779 4380 3159
3351 11 2 1 1 187 186 185 2672 927 923 928 5171 5965 5395
3352 11 2 1 1 2468 2533 2728 2809 6157 6233 5143 6079 4947 4769
3353 11 2 1 1 2523 2453 2583 2659 3275 3873 3872 3135 5169 3819
3354 11 2 1 1 177 1727 1665 2799 6196 1838 6234 6197 6001 6000
3355 11 2 1 1 169 2597 479 2742 6086 5456 656 6041 4417 5457
3356 11 2 1 1 2547 2623 2474 2730 5111 3375 3079 3669 3374 3208
3357 11 2 1 1 2454 2697 2609 2734 4655 6017 5712 4682 5714 4881
3358 11 2 1 1 314 487 180 2747 909 908 755 5480 5482 6235
3359 11 2 1 1 2446 2749 2512 2777 5269 3667 6236 5543 5850 5707
3360 11 2 1 1 2550 2569 2461 2742 4180 5000 4923 5175 5738 4418
3361 11 2 1 1 482 359 283 2594 1403 1402 1404 5303 4192 3683
3362 11 2 1 1 166 2049 2126 2631 6237 2225 6238 6239 6240 6241
3363 11 2 1 1 2095 2094 2079 2748 2399 2369 2397 5580 5750 4411
3364 11 2 1 1 1727 1712 1665 2671 1860 1907 1838 5998 5999 5215
3365 11 2 1 1 2487 2675 2513 2680 4291 2859 6211 4935 5421 5420
3366 11 2 1 1 2497 2762 2521 2769 6078 5183 5595 5596 3484 6149
3367 11 2 1 1 329 257 330 2559 1106 1288 1287 4300 6242 5791
3368 11 2 1 1 2543 2580 2483 2744 5533 5407 4499 5436 5066 4198
3369 11 2 1 1 335 475 496 2663 1478 1479 1473 5348 5349 4709
3370 11 2 1 1 73 2597 72 2648 6165 4978 83 6166 5070 5112
3371 11 2 1 1 2494 2693 2633 2741 5892 4611 5224 6225 6103 6206
3372 11 2 1 1 2501 2586 2560 2670 3524 3525 3521 4259 4790 5329
3373 11 2 1 1 2461 2597 2557 2742 5273 5022 4925 5738 5177 5457
3374 11 2 1 1 364 361 362 2708 1220 1518 1525 5451 5294 5590
3375 11 2 1 1 2581 2653 297 2735 4072 6135 6243 6209 6136 4804
3376 11 2 1 1 284 267 2576 2705 1336 4563 6244 6245 4581 4286
3377 11 2 1 1 435 2589 258 2805 6246 6219 1016 6088 4085 5510
3378 11 2 1 1 195 193 2614 2768 967 5062 3186 3867 4075 4493
3379 11 2 1 1 373 2526 374 2756 4135 5184 1549 6247 5813 5466
3380 11 2 1 1 2514 2479 2667 2743 3147 3549 6004 3116 3550 3149
3381 11 2 1 1 264 2695 2536 2757 5778 6066 5933 6161 4167 5685
3382 11 2 1 1 244 2547 199 2730 5537 5771 990 3369 6248 3669
3383 11 2 1 1 2449 2696 2673 2781 4780 5087 4316 5245 4699 5162
3384 11 2 1 1 2482 2529 2652 2805 6190 5356 4693 4562 4102 5800
3385 11 2 1 1 2068 2067 2066 2770 2330 2326 2331 6249 5693 5692
3386 11 2 1 1 1701 1688 2551 2685 1981 5290 4666 5029 3680 6250
3387 11 2 1 1 315 503 2671 2799 896 4846 6097 6099 4849 4848
3388 11 2 1 1 2082 2521 2083 2727 5576 6087 2380 6152 5307 4660
3389 11 2 1 1 495 179 446 2569 519 906 663 5688 5613 4179
3390 11 2 1 1 294 2537 311 2656 6251 6252 1427 6253 6254 6255
3391 11 2 1 1 2482 2528 2641 2737 5836 5733 5752 4560 5735 5734
3392 11 2 1 1 436 2711 280 2740 6256 3279 1389 6257 4080 4082
3393 11 2 1 1 300 169 2597 2811 856 6086 5763 5660 5586 6258
3394 11 2 1 1 440 439 344 2554 986 1494 1495 4239 5439 3040
3395 11 2 1 1 2122 2567 416 2706 6046 6047 6044 6259 6260 4280
3396 11 2 1 1 2574 2489 2669 2774 6100 4691 2965 3222 3302 5604
3397 11 2 1 1 212 214 2542 2716 1063 3474 6212 6261 3673 3672
3398 11 2 1 1 2089 2090 2051 2567 2262 2261 2260 5830 4322 4721
3399 11 2 1 1 2448 2677 2522 2806 3534 3409 3531 5650 6262 6263
3400 11 2 1 1 191 2619 2575 2768 6137 3023 6264 6138 4867 2874
3401 11 2 1 1 2512 2749 2585 2777 3667 5635 5202 5850 5708 5707
3402 11 2 1 1 307 265 306 2563 1326 1276 1327 6139 4103 3752
3403 11 2 1 1 2589 2737 2467 2753 5248 5736 3385 3547 3546 5249
3404 11 2 1 1 437 440 344 2684 1301 1495 1490 6265 5599 4865
3405 11 2 1 1 2444 2510 2676 2782 5960 5902 3066 6127 5905 5904
3406 11 2 1 1 304 2558 2619 2707 6054 3021 6266 6215 3440 4800
3407 11 2 1 1 1673 1674 1675 2603 1932 1938 1937 5102 2986 2987
3408 11 2 1 1 2439 2532 2646 2798 3174 4054 4664 3235 5726 5677
3409 11 2 1 1 2487 2585 2526 2771 3835 3144 6073 4783 4395 4397
3410 11 2 1 1 151 2539 298 2653 5857 6267 766 6155 6268 4073
3411 11 2 1 1 2537 2656 294 2705 6255 6253 6251 6191 6269 4288
3412 11 2 1 1 304 295 2558 2707 1280 5193 6054 6215 4800 4880
3413 11 2 1 1 225 2651 223 2807 5336 5608 1117 5338 6270 5214
3414 11 2 1 1 2460 2626 2526 2691 3005 4852 5465 4697 4853 4376
3415 11 2 1 1 339 2595 338 2683 3232 5952 832 2923 5997 3364
3416 11 2 1 1 2519 2575 2472 2794 2897 3767 2827 4877 3117 4869
3417 11 2 1 1 190 2575 191 2619 3046 6264 947 3047 6137 3023
3418 11 2 1 1 219 217 218 2606 1087 1082 1088 4855 5278 5376
3419 11 2 1 1 250 2528 407 2722 5628 6271 1252 6034 6272 6035
3420 11 2 1 1 2446 2626 2552 2778 4374 3830 5542 6273 5764 5766
3421 11 2 1 1 276 295 268 2707 1343 1342 1340 4567 6216 4880
3422 11 2 1 1 2466 2643 2568 2736 3244 4249 5503 5574 5276 5277
3423 11 2 1 1 2526 2654 2626 2756 3112 6130 4852 5466 3966 6132
3424 11 2 1 1 2514 2667 2628 2791 6004 5725 3311 6128 4573 4293
3425 11 2 1 1 75 1725 2569 2799 6274 6275 6276 6277 5992 6278
3426 11 2 1 1 2099 2097 2549 2682 2417 5047 5653 5136 5423 5228
3427 11 2 1 1 354 355 2562 2700 1227 6279 4830 4757 4832 6280
3428 11 2 1 1 344 345 342 2554 1489 1486 1487 5439 3077 2995
3429 11 2 1 1 198 199 197 2547 988 987 982 4508 4989 5771
3430 11 2 1 1 1734 1695 1698 2746 2036 2002 2037 4613 4491 6281
3431 11 2 1 1 274 285 281 2695 1367 1366 1322 5683 4478 4252
3432 11 2 1 1 2537 2724 2539 2813 4730 4986 5115 4742 4482 5874
3433 11 2 1 1 1704 1703 1691 2624 1951 1991 2022 5578 4604 5362
3434 11 2 1 1 2533 390 2728 2809 6038 5133 6233 4769 4947 5134
3435 11 2 1 1 220 221 219 2541 1098 1097 1092 3460 4854 4617
3436 11 2 1 1 2443 2641 2528 2784 5560 5733 6061 4243 6198 5617
3437 11 2 1 1 436 2729 2711 2740 6282 6200 6256 6257 4082 4822
3438 11 2 1 1 209 211 239 2566 1047 1050 1049 4956 6283 6284
3439 11 2 1 1 1742 1697 1658 2545 1872 1868 1873 5623 5547 3897
3440 11 2 1 1 2092 2134 2688 2729 2432 4875 5889 6285 5068 5067
3441 11 2 1 1 2440 2586 2718 2760 3955 3015 3560 5402 5385 4355
3442 11 2 1 1 418 2116 417 2577 6227 6286 701 5832 6287 6228
3443 11 2 1 1 1676 1703 1675 2761 1948 1947 1942 3806 3875 5365
3444 11 2 1 1 2560 2762 2563 2808 5770 5194 5191 5268 6156 6199
3445 11 2 1 1 198 200 199 2652 993 992 988 5355 5772 5908
3446 11 2 1 1 297 2581 151 2653 6243 5856 762 6135 6155 4072
3447 11 2 1 1 2512 2669 2446 2777 3666 4422 6236 5850 5543 6288
3448 11 2 1 1 2446 2544 2626 2778 6289 3248 4374 6273 5766 5939
3449 11 2 1 1 2530 2457 2684 2775 4160 5762 4448 5488 6159 3590
3450 11 2 1 1 279 2679 451 2740 6125 6126 1271 6189 6290 6147
3451 11 2 1 1 2442 2560 2580 2744 5174 5927 2980 4196 4198 4793
3452 11 2 1 1 261 316 2520 2661 1308 5882 6291 6292 5884 5883
3453 11 2 1 1 170 2632 2501 2812 4389 3706 4388 6026 5847 3541
3454 11 2 1 1 398 2540 473 2690 3417 5879 1617 6104 6293 4203
3455 11 2 1 1 72 169 477 2597 646 650 643 4978 5221 6086
3456 11 2 1 1 388 201 203 2730 1009 1007 1010 5566 5567 5938
3457 11 2 1 1 2063 2578 2065 2634 5305 3891 2316 6294 3989 3320
3458 11 2 1 1 2508 2630 2615 2665 3585 4106 3443 3846 6110 3465
3459 11 2 1 1 223 2651 2618 2807 5608 5288 5607 6270 4810 5214
3460 11 2 1 1 375 378 2654 2756 1564 6167 6295 6296 6132 5609
3461 11 2 1 1 2082 2638 2521 2727 5577 3652 5576 6152 4660 6050
3462 11 2 1 1 1722 1659 1699 2569 1751 1877 1876 4178 4214 6115
3463 11 2 1 1 2483 2580 2560 2744 5407 5927 5064 5066 4793 4198
3464 11 2 1 1 2443 2641 2609 2697 5560 6148 3786 6062 6017 5838
3465 11 2 1 1 2447 2726 2516 2804 4651 5601 3745 4352 4354 6297
3466 11 2 1 1 500 2555 2052 2776 5823 5822 5824 6298 6299 3981
3467 11 2 1 1 2518 2483 2780 2781 6300 3852 5914 6301 5539 4502
3468 11 2 1 1 2471 2539 2597 2696 5777 5220 5021 5559 6302 4781
3469 11 2 1 1 239 2566 211 2786 6283 6284 1050 5516 6303 6304
3470 11 2 1 1 456 2559 331 2765 4824 5504 1291 5538 6305 4303
3471 11 2 1 1 2446 2691 2544 2745 4375 4698 6289 6306 5731 6307
3472 11 2 1 1 373 370 374 2526 1548 1550 1549 4135 5184 4676
3473 11 2 1 1 216 218 2606 2765 1083 5278 3519 6107 4857 5279
3474 11 2 1 1 2574 2669 2489 2778 2965 4691 6100 5839 6102 6308
3475 11 2 1 1 2647 2662 1736 2802 6072 6202 6201 6186 6309 5776
3476 11 2 1 1 235 233 234 2538 1167 1162 1168 4974 4593 5571
3477 11 2 1 1 2527 2592 2459 2689 3759 4550 5257 4050 4391 4552
3478 11 2 1 1 1665 2671 1712 2799 5999 5215 1907 6001 4236 4849
3479 11 2 1 1 391 467 465 2728 1602 798 1610 5713 4033 4962
3480 11 2 1 1 75 1725 1659 2569 6274 1748 6310 6276 6115 6275
3481 11 2 1 1 2469 2570 2543 2686 2864 5441 2854 2946 2945 6311
3482 11 2 1 1 490 488 2057 2631 746 6312 3239 3062 3238 6313
3483 11 2 1 1 313 2595 431 2666 5921 4341 829 6042 4838 4839
3484 11 2 1 1 2440 2616 2718 2750 4328 3128 3560 3939 3020 3315
3485 11 2 1 1 2517 2446 2604 2745 6314 4420 5811 5737 5993 6306
3486 11 2 1 1 261 2661 2520 2667 6292 5884 6291 6315 5371 6316
3487 11 2 1 1 1693 1707 1673 2603 1941 1931 1939 5773 5102 2957
3488 11 2 1 1 1657 2663 412 2785 6317 5984 6318 6319 5985 4816
3489 11 2 1 1 2456 2668 2621 2761 4635 6320 3725 3595 3807 6055
3490 11 2 1 1 2484 2697 2590 2722 4918 5094 5128 5793 4329 6321
3491 11 2 1 1 468 155 1740 2607 594 6322 6093 6094 5391 6323
3492 11 2 1 1 2486 2738 2577 2809 5583 6081 5761 5132 4948 6083
3493 11 2 1 1 2521 2727 2638 2762 4660 6050 3652 5183 5151 6052
3494 11 2 1 1 157 2059 2122 2706 6324 2171 6325 6326 6259 6327
3495 11 2 1 1 2522 2609 2572 2752 3606 3787 4916 5948 3826 3828
3496 11 2 1 1 2454 2522 2579 2734 4532 5471 3760 4682 3738 5715
3497 11 2 1 1 456 216 471 2525 1085 1074 1086 4826 3796 3518
3498 11 2 1 1 405 2528 415 2737 6328 5627 1255 6329 6330 5734
3499 11 2 1 1 2617 2689 2490 2704 4130 4394 4023 4132 6180 4044
3500 11 2 1 1 2534 2581 2501 2812 5976 4725 3708 3542 5847 6331
3501 11 2 1 1 168 2735 2711 2812 6218 3281 6217 6332 3543 6068
3502 11 2 1 1 2487 2680 2513 2749 4935 5421 6211 5698 3751 6333
3503 11 2 1 1 284 267 270 2576 1336 1312 1337 6244 5886 4563
3504 11 2 1 1 2123 321 2047 2612 6334 5250 2153 3613 5252 5254
3505 11 2 1 1 174 2122 2051 2567 6045 2168 3556 4323 4322 6046
3506 11 2 1 1 1731 2767 2569 2799 5810 4554 5809 6335 5992 4688
3507 11 2 1 1 2487 2691 2585 2749 5696 4377 3835 5698 5635 5634
3508 11 2 1 1 477 2597 169 2811 5221 6086 650 5585 6258 5586
3509 11 2 1 1 2064 2578 2054 2772 3434 5034 2283 4912 5035 3978
3510 11 2 1 1 298 2539 477 2811 6267 5218 768 6336 5585 5584
3511 11 2 1 1 2529 2482 2664 2805 6190 5648 3362 5800 5511 4562
3512 11 2 1 1 2518 2670 2483 2781 5912 5065 6300 6301 4502 5330
3513 11 2 1 1 253 2535 269 2707 4173 4647 1268 3428 5620 4174
3514 11 2 1 1 2451 2582 2518 2702 3502 5913 4834 3049 5582 5675
3515 11 2 1 1 2566 2590 2454 2601 4960 5093 3776 4295 3762 5063
3516 11 2 1 1 394 2623 2564 2659 5808 3422 5807 6192 3426 4059
3517 11 2 1 1 2567 2625 2523 2803 4724 3242 3132 3734 3656 3655
3518 11 2 1 1 2471 2539 2653 2811 5777 4073 5558 6337 5500 5584
3519 11 2 1 1 2544 2626 2460 2691 3248 3005 3731 4698 4697 4376
3520 11 2 1 1 69 170 423 2724 624 633 629 6338 6339 6025
3521 11 2 1 1 329 2559 330 2796 4300 6242 1287 4597 6340 2943
3522 11 2 1 1 2519 2472 2587 2794 2827 3956 4920 4877 4922 3117
3523 11 2 1 1 2513 2708 2680 2759 5208 4936 5421 3580 5633 5982
3524 11 2 1 1 2486 2642 2577 2738 5760 3599 5761 5583 6081 6113
3525 11 2 1 1 2460 2578 2526 2678 4760 6058 5465 4907 5186 4149
3526 11 2 1 1 2490 2689 2618 2704 4394 5757 5412 6180 6168 4044
3527 11 2 1 1 2462 2593 2655 2713 5799 3844 3998 3694 4461 3113
3528 11 2 1 1 169 479 301 2742 656 860 859 6041 6040 4417
3529 11 2 1 1 1738 1711 1666 2530 1912 1911 1913 3485 3481 6070
3530 11 2 1 1 354 355 356 2562 1227 1503 1502 4830 6007 6279
3531 11 2 1 1 2496 2618 2694 2704 3354 5846 4247 5340 5360 6168
3532 11 2 1 1 361 243 363 2651 1218 1121 1217 4981 4982 4162
3533 11 2 1 1 413 1732 1668 2599 6220 1790 6341 6221 6342 4225
3534 11 2 1 1 2448 2546 2650 2754 3551 5474 5843 3889 5108 2825
3535 11 2 1 1 2459 2512 2651 2777 5784 4163 5211 6343 5851 5850
3536 11 2 1 1 2513 2701 2512 2708 3947 3945 3750 5208 5452 5209
3537 11 2 1 1 298 2653 2539 2811 6268 4073 6267 6336 5584 5500
3538 11 2 1 1 303 2557 2714 2811 6031 5690 6344 6032 5525 5658
3539 11 2 1 1 1708 1672 1692 2620 1935 1925 1936 4294 4941 4153
3540 11 2 1 1 2572 2646 2522 2752 5073 4701 4916 3826 5948 5477
3541 11 2 1 1 2471 2597 2539 2811 5021 5220 5777 6337 5584 5586
3542 11 2 1 1 2557 2597 2471 2811 5022 5021 3628 5658 6337 5586
3543 11 2 1 1 494 249 2613 2716 1249 5986 5163 4863 3985 5987
3544 11 2 1 1 2451 2518 2582 2698 4834 5913 3502 4017 4019 4835
3545 11 2 1 1 435 432 258 2589 1296 1295 1016 6246 6219 5418
3546 11 2 1 1 405 250 415 2528 1254 1036 1255 6328 5627 5628
3547 11 2 1 1 332 2556 502 2674 4182 6036 1468 4183 5959 3141
3548 11 2 1 1 2454 2572 2609 2697 3924 3787 5712 4655 6017 5239
3549 11 2 1 1 2548 2642 2504 2738 4814 4409 3719 3341 5447 6113
3550 11 2 1 1 1699 1700 1685 2611 2001 1985 1999 4213 5532 5117
3551 11 2 1 1 2642 2504 2738 2779 4409 5447 6113 3934 5949 5339
3552 11 2 1 1 1714 2767 1731 2799 4207 5810 1909 4234 6335 4688
3553 11 2 1 1 1688 1697 2551 2775 2012 3990 5290 5291 3622 3899
3554 11 2 1 1 2484 2716 2613 2722 4116 3985 4926 5793 5817 5819
3555 11 2 1 1 1670 1671 2556 2620 1890 3150 6345 6119 3615 4090
3556 11 2 1 1 2439 2780 2781 2797 3009 5539 5602 3686 5969 6346
3557 11 2 1 1 487 2561 180 2747 6347 6229 908 6235 5482 6231
3558 11 2 1 1 2488 2625 2548 2709 2939 2940 2936 4454 3339 5144
3559 11 2 1 1 2562 2700 355 2755 4832 6280 6279 6348 6349 6350
3560 11 2 1 1 2446 2517 2691 2745 6314 4696 4375 6306 6307 5737
3561 11 2 1 1 226 2692 228 2807 5462 4764 1133 5463 5425 5464
3562 11 2 1 1 2579 2622 2474 2731 6351 4126 3736 3737 3082 4127
3563 11 2 1 1 356 2562 355 2755 6007 6279 1503 6352 6349 6348
3564 11 2 1 1 467 2577 417 2706 4961 6287 796 5285 6353 4744
3565 11 2 1 1 250 405 407 2528 1254 1253 1252 5628 6271 6328
3566 11 2 1 1 2532 2646 2552 2694 4054 5310 4096 4057 4255 4058
3567 11 2 1 1 2526 2460 2678 2756 5465 4907 5186 5466 5814 3964
3568 11 2 1 1 500 66 2555 2776 514 6354 5823 6298 3981 6355
3569 11 2 1 1 449 2561 487 2764 5352 6347 910 5458 6356 5459
3570 11 2 1 1 2526 2578 2460 2691 6058 4760 5465 4853 4697 5928
3571 11 2 1 1 2492 2527 2592 2700 3757 3759 3647 2932 5530 3489
3572 11 2 1 1 1699 2611 1685 2746 4213 5532 1999 4216 5967 4217
3573 11 2 1 1 310 489 423 2724 1447 761 861 5076 6339 6357
3574 11 2 1 1 304 2619 237 2707 6266 4237 956 6215 4238 3440
3575 11 2 1 1 1718 1709 1690 2588 1901 2020 2021 5618 5240 3537
3576 11 2 1 1 266 261 246 2667 1234 1233 1235 6358 6005 6315
3577 11 2 1 1 349 2684 2589 2805 5264 5370 5123 6359 5510 5947
3578 11 2 1 1 332 331 333 2681 1462 1464 1463 4495 6024 5505
3579 11 2 1 1 2483 2670 2518 2780 5065 5912 6300 3852 5914 5916
3580 11 2 1 1 2497 2561 2727 2762 6182 6051 5594 6078 6052 5978
3581 11 2 1 1 2495 2731 2623 2758 4358 4048 3188 4157 4580 5124
3582 11 2 1 1 1664 2588 468 2607 6006 6360 6092 5392 6094 4189
3583 11 2 1 1 2067 2101 2065 2634 2328 2327 2325 3145 3989 3121
3584 11 2 1 1 303 2557 184 2714 6031 3247 924 6344 6361 5690
3585 11 2 1 1 373 2654 2526 2756 4136 3112 4135 6247 5466 6132
3586 11 2 1 1 2544 2691 2517 2745 4698 4696 4575 5731 5737 6307
3587 11 2 1 1 2446 2669 2512 2749 4422 3666 6236 5269 3667 3431
3588 11 2 1 1 456 216 2525 2765 1085 3518 4826 5538 5327 6107
3589 11 2 1 1 412 411 161 2785 818 815 564 5985 6362 4815
3590 11 2 1 1 434 278 428 2583 1381 1356 1382 5104 6176 5422
3591 11 2 1 1 249 447 459 2613 1066 1248 1247 5986 6363 5816
3592 11 2 1 1 2468 2567 2564 2803 5142 3424 5234 6364 4079 3734
3593 11 2 1 1 310 497 307 2563 863 1439 1433 3702 6139 4128
3594 11 2 1 1 2523 2453 2659 2803 3275 3819 3135 3656 3735 3654
3595 11 2 1 1 1658 1738 2545 2775 1870 3486 5547 6365 3591 5489
3596 11 2 1 1 2612 2736 2476 2740 5575 5470 3743 4823 5417 6366
3597 11 2 1 1 2046 2136 2113 2772 2236 2239 2201 6367 6144 5564
3598 11 2 1 1 289 323 290 2573 1418 1417 1416 3444 3445 5266
3599 11 2 1 1 2468 2642 2548 2738 4240 4814 6170 6082 3341 6113
3600 11 2 1 1 2485 2695 2631 2757 4186 4536 3303 6368 5700 5685
3601 11 2 1 1 157 2122 416 2706 6325 6044 695 6326 6260 6259
3602 11 2 1 1 2057 2111 2102 2631 2295 2294 2293 3238 3331 5429
3603 11 2 1 1 209 2566 239 2717 4956 6283 1049 5028 5515 4296
3604 11 2 1 1 2622 2731 2579 2806 4127 3737 6351 6369 5652 5651
3605 11 2 1 1 2083 2521 2682 2727 6087 3263 5306 5307 4659 4660
3606 11 2 1 1 277 300 301 2742 1378 858 1377 5502 6040 5657
3607 11 2 1 1 1697 1658 2545 2775 1868 5547 3897 3899 3591 6365
3608 11 2 1 1 2519 2672 2557 2714 3670 3309 2882 3633 5690 5603
3609 11 2 1 1 2126 2057 488 2631 2222 6312 6370 6240 6313 3238
3610 11 2 1 1 2512 2513 2708 2749 3750 5208 5452 3667 6371 3751
3611 11 2 1 1 2454 2579 2524 2734 3760 3958 4624 4682 3215 3738
3612 11 2 1 1 193 195 241 2768 967 970 969 4493 3868 3867
3613 11 2 1 1 2505 2640 2516 2739 4345 4531 3746 4321 4320 4583
3614 11 2 1 1 2518 2781 2780 2797 6301 5539 5914 4939 6346 5969
3615 11 2 1 1 2481 2653 2558 2673 4565 5192 4630 3626 5060 4318
3616 11 2 1 1 2466 2736 2612 2740 5574 5575 4386 6372 4823 6366
3617 11 2 1 1 490 163 485 2636 743 826 828 3063 3065 5740
3618 11 2 1 1 302 436 280 2740 1390 1389 1385 5237 4080 6257
3619 11 2 1 1 213 212 2542 2801 1058 6212 4749 6373 6223 6374
3620 11 2 1 1 242 233 235 2715 1169 1167 1170 5995 6173 5572
3621 11 2 1 1 2527 2490 2689 2807 5009 4394 4050 4904 5759 5413
3622 11 2 1 1 2537 2719 2501 2724 5296 4314 4256 4730 4728 5077
3623 11 2 1 1 2563 2719 2465 2725 4313 5295 5190 3756 3270 5079
3624 11 2 1 1 2456 2621 2668 2685 3725 6320 4635 5109 5782 3871
3625 11 2 1 1 2561 2632 2458 2764 5157 2878 5158 5459 5243 5196
3626 11 2 1 1 2081 2080 2074 2548 2372 2371 2373 3029 3197 5929
3627 11 2 1 1 2129 2104 2116 2577 2428 2304 2249 5636 6228 3601
3628 11 2 1 1 235 318 260 2656 1172 1181 1180 4975 6375 3229
3629 11 2 1 1 303 184 186 2714 924 922 925 6344 5483 6361
3630 11 2 1 1 270 287 319 2576 1351 1353 1350 5886 5512 3397
3631 11 2 1 1 2644 2693 2597 2696 6376 5023 6377 6378 6302 5893
3632 11 2 1 1 2441 2622 2570 2709 6379 3329 3297 3295 3296 4447
3633 11 2 1 1 238 205 2601 2703 1020 4775 6380 5944 3730 4777
3634 11 2 1 1 171 421 2792 2813 651 6381 5798 6207 5280 6382
3635 11 2 1 1 2597 2644 2461 2693 6377 6179 5273 5023 5274 6376
3636 11 2 1 1 2536 2715 242 2725 3159 5995 5934 3160 6151 3161
3637 11 2 1 1 2574 2604 2446 2745 2962 4420 4421 5328 6306 5993
3638 11 2 1 1 151 477 298 2539 645 768 766 5857 6267 5218
3639 11 2 1 1 405 407 2528 2810 1253 6271 6328 6383 6384 6385
3640 11 2 1 1 2455 2605 2600 2635 3894 5080 3226 5097 5083 5085
3641 11 2 1 1 2512 2459 2669 2777 5784 4690 3666 5850 6288 6343
3642 11 2 1 1 2466 2679 2736 2740 3577 5673 5574 6372 6366 6147
3643 11 2 1 1 432 258 2589 2737 1295 6219 5418 6112 5248 4539
3644 11 2 1 1 227 354 225 2807 1130 1129 1127 5005 5338 4905
3645 11 2 1 1 239 2717 2566 2786 5515 4296 6283 5516 6304 5167
3646 11 2 1 1 2489 2744 2582 2774 6124 4792 4712 5604 5107 5164
3647 11 2 1 1 2485 2757 2631 2769 6368 5700 3303 4704 5283 6386
3648 11 2 1 1 2466 2612 2679 2740 4386 4527 3577 6372 6147 4823
3649 11 2 1 1 2081 2548 2625 2795 3029 2940 3030 6387 5450 5930
3650 11 2 1 1 242 2715 235 2725 5995 6173 1170 6151 5703 3161
3651 11 2 1 1 2457 2589 2530 2684 4955 4194 4160 5762 4448 5370
3652 11 2 1 1 326 2565 328 2796 3451 6388 1282 4124 6205 3184
3653 11 2 1 1 437 2684 349 2805 6265 5264 1299 6389 6359 5947
3654 11 2 1 1 2459 2618 2541 2651 5758 3464 5844 5211 5286 5288
3655 11 2 1 1 2064 2065 2063 2578 2317 2316 2282 3434 5305 3891
3656 11 2 1 1 2543 2686 2570 2790 2945 6311 5441 5727 4006 6075
3657 11 2 1 1 275 317 316 2588 1373 1372 1311 6133 5881 5702
3658 11 2 1 1 2695 2757 2485 2769 5685 6368 4186 6067 4704 6386
3659 11 2 1 1 1701 1680 1678 2668 1964 1963 1965 5699 6390 5689
3660 11 2 1 1 1695 1686 1698 2746 1998 2003 2002 6281 4491 5181
3661 11 2 1 1 2471 2653 2558 2811 5558 5192 4269 6337 5498 5500
3662 11 2 1 1 2059 157 2116 2706 6324 6391 2174 6327 6392 6326
3663 11 2 1 1 213 2542 2786 2801 4749 4753 4751 6373 6393 6223
3664 11 2 1 1 302 2729 436 2740 5236 6282 1390 5237 6257 4822
3665 11 2 1 1 2490 2617 2573 2692 4023 6091 6394 4025 3907 3816
3666 11 2 1 1 479 169 73 2597 656 647 652 5456 6165 6086
3667 11 2 1 1 2629 2782 2457 2793 3931 4137 5026 6395 4928 6194
3668 11 2 1 1 469 417 467 2577 1649 796 1606 4943 4961 6287
3669 11 2 1 1 2464 2617 2573 2726 6090 6091 4766 6177 6178 5534
3670 11 2 1 1 407 2722 2528 2810 6272 6035 6271 6385 6384 6096
3671 11 2 1 1 235 2656 260 2725 4975 6375 1180 5703 6396 5704
3672 11 2 1 1 254 263 242 2725 1213 1212 1177 4894 6151 6150
3673 11 2 1 1 2503 2610 2520 2671 3663 4062 3810 3400 4067 5044
3674 11 2 1 1 431 185 183 2672 920 919 921 4342 3307 5965
3675 11 2 1 1 75 498 1725 2799 510 6397 6274 6277 6278 6398
3676 11 2 1 1 2471 2558 2714 2811 4269 3632 5597 6337 5525 5498
3677 11 2 1 1 462 2569 74 2648 5991 5971 659 5917 5972 4415
3678 11 2 1 1 72 171 73 2648 649 648 83 5070 6166 5797
3679 11 2 1 1 440 259 198 2529 996 995 984 4029 4506 6232
3680 11 2 1 1 2527 2692 2490 2807 4051 4025 5009 4904 5413 5464
3681 11 2 1 1 1678 1701 2668 2685 1965 5699 6390 6399 5782 5029
3682 11 2 1 1 2125 2048 156 2690 2180 6400 6401 6402 6403 5638
3683 11 2 1 1 417 2577 2116 2706 6287 6228 6286 6353 6392 4744
3684 11 2 1 1 1653 444 152 2674 4887 579 6404 4888 6405 4889
3685 11 2 1 1 380 379 2571 2717 1200 5089 6174 6065 5165 5166
3686 11 2 1 1 374 2526 370 2771 5184 4676 1550 5188 4677 4395
3687 11 2 1 1 2441 2579 2622 2766 3058 6351 6379 3768 5645 3769
3688 11 2 1 1 234 2538 233 2743 4593 5571 1162 4594 5706 3051
3689 11 2 1 1 2443 2609 2572 2697 3786 3787 3785 6062 5239 6017
3690 11 2 1 1 339 164 338 2595 831 534 832 3232 5952 6010
3691 11 2 1 1 2530 2647 2467 2662 4003 3389 4110 4112 4111 6072
3692 11 2 1 1 2516 2726 2573 2804 5601 6178 3167 4354 6406 6297
3693 11 2 1 1 279 269 253 2535 1269 1268 1270 6021 4173 4647
3694 11 2 1 1 2442 2580 2560 2762 2980 5927 5174 5829 5770 3865
3695 11 2 1 1 2073 2071 2072 2721 2355 2347 2356 4020 4022 5347
3696 11 2 1 1 2516 2637 2464 2726 5942 4828 5267 5601 6177 6407
3697 11 2 1 1 2524 2652 2482 2734 4283 4693 6408 3215 4680 4284
3698 11 2 1 1 2552 2646 2450 2694 5310 4381 4254 4255 3992 4058
3699 11 2 1 1 500 2052 66 2776 5824 6409 514 6298 6355 6299
3700 11 2 1 1 2607 2637 2516 2723 4191 5942 3529 3262 3170 6410
3701 11 2 1 1 2509 2657 2649 2760 4009 4851 5270 3860 5384 4010
3702 11 2 1 1 2499 2736 2535 2750 5672 4016 4795 5611 3940 5061
3703 11 2 1 1 2448 2609 2664 2734 3607 4609 3361 4457 5443 5714
3704 11 2 1 1 2535 2499 2679 2736 4795 3322 4172 4016 5673 5672
3705 11 2 1 1 2444 2676 2751 2782 3066 3068 2883 6127 4805 5905
3706 11 2 1 1 2096 2076 2072 2600 2364 2363 2349 4365 4030 3870
3707 11 2 1 1 2535 2707 2481 2735 4174 4569 5170 3282 4803 4913
3708 11 2 1 1 1711 2530 1738 2775 6070 3485 1912 6411 5489 5488
3709 11 2 1 1 2452 2633 2531 2673 2984 5962 4705 4392 3657 5223
3710 11 2 1 1 1734 1730 1667 2666 1850 1757 1916 4612 5670 5722
3711 11 2 1 1 2074 2071 2094 2605 2351 2357 2359 3198 2954 5081
3712 11 2 1 1 366 2585 369 2763 6108 3142 1539 6109 4246 4351
3713 11 2 1 1 2503 2648 2569 2799 3411 4415 5403 4235 5992 5453
3714 11 2 1 1 1706 2637 2607 2723 4817 4191 4901 6412 3262 6410
3715 11 2 1 1 2479 2705 2656 2788 4287 4288 3230 4592 6413 4650
3716 11 2 1 1 212 2716 2542 2801 6261 3673 6212 6374 6223 5855
3717 11 2 1 1 261 2520 262 2667 6291 6118 1238 6315 6053 5371
3718 11 2 1 1 2470 2756 2654 2786 3965 6132 6131 5860 4752 5092
3719 11 2 1 1 353 248 2573 2692 1146 6414 4476 4477 3907 5866
3720 11 2 1 1 2514 2464 2661 2791 6089 4767 4574 6128 6415 4275
3721 11 2 1 1 2492 2695 2536 2715 4379 6066 3979 2997 3159 4380
3722 11 2 1 1 2445 2515 2712 2733 4349 4927 3371 4325 6416 4363
3723 11 2 1 1 2080 2548 2081 2795 5929 3029 2372 5042 6387 5930
3724 11 2 1 1 2061 2540 2128 2690 5946 4204 2313 6417 3290 4203
3725 11 2 1 1 2439 2752 2615 2773 4267 4268 3441 5925 6418 6419
3726 11 2 1 1 291 2607 292 2723 6420 3260 1420 6421 3169 3262
3727 11 2 1 1 2474 2622 2579 2766 4126 6351 3736 4616 3769 5645
3728 11 2 1 1 1704 2624 1691 2637 5578 4604 2022 5710 4605 3540
3729 11 2 1 1 2615 2630 2456 2665 4106 4558 5180 6110 3727 3465
3730 11 2 1 1 2092 2688 2555 2729 5889 5317 5888 6285 5827 5068
3731 11 2 1 1 327 445 2640 2796 1457 5716 4530 4125 5513 6022
3732 11 2 1 1 2447 2565 2704 2804 3182 5341 3405 4352 6422 4353
3733 11 2 1 1 2547 2652 199 2730 4282 5772 5771 3669 6248 5679
3734 11 2 1 1 2091 2127 2132 2612 2429 2244 2437 4535 4425 4796
3735 11 2 1 1 1721 173 1662 2723 6423 6424 1817 6425 6426 6427
3736 11 2 1 1 165 321 2123 2612 677 6334 3609 3611 3613 5254
3737 11 2 1 1 2068 2096 2069 2770 2341 2340 2336 6249 5835 5358
3738 11 2 1 1 2506 2658 2571 2699 4223 3350 4221 3908 2976 3493
3739 11 2 1 1 2489 2582 2744 2780 4712 4792 6124 6428 6429 5915
3740 11 2 1 1 152 444 445 2674 579 773 772 6405 5718 4889
3741 11 2 1 1 2116 2577 2104 2706 6228 3601 2304 6392 4743 4744
3742 11 2 1 1 2450 2606 2542 2787 3878 3478 3457 4586 4995 4587
3743 11 2 1 1 2535 2707 2499 2750 4174 3325 4795 3940 5611 4801
3744 11 2 1 1 2458 2638 2657 2688 5150 6187 4008 6076 6077 5318
3745 11 2 1 1 1694 2662 1684 2802 6430 5217 1993 6431 5890 5776
3746 11 2 1 1 2552 2489 2669 2778 4095 4691 4692 5764 6308 6102
3747 11 2 1 1 258 204 202 2720 1014 1013 1015 4083 4084 6432
3748 11 2 1 1 2456 2553 2733 2741 4632 5554 4362 5332 6433 5333
3749 11 2 1 1 2096 2072 2069 2600 2349 2348 2340 4365 5125 4030
3750 11 2 1 1 2599 2647 2467 2753 4228 3389 6434 5790 3546 3614
3751 11 2 1 1 393 399 394 2564 1607 1611 1225 3421 5807 4772
3752 11 2 1 1 2459 2689 2532 2694 4391 4042 4091 5845 4057 6435
3753 11 2 1 1 1705 2723 2640 2739 6436 6160 6437 6438 4583 6439
3754 11 2 1 1 2471 2597 2693 2696 5021 5023 3630 5559 5893 6302
3755 11 2 1 1 410 411 409 2810 814 1641 1639 5932 5662 5261
3756 11 2 1 1 2099 2084 2097 2682 2416 2415 2417 5136 5228 5705
3757 11 2 1 1 194 195 193 2614 968 967 962 3199 5062 3186
3758 11 2 1 1 2441 2570 2622 2686 3297 3329 6379 6074 6440 6311
3759 11 2 1 1 497 2563 2632 2764 4128 3707 4129 6441 5196 4430
3760 11 2 1 1 2543 2778 2489 2798 5840 6102 6101 3236 5676 6442
3761 11 2 1 1 2514 2628 2617 2791 3311 5614 3813 6128 6129 4573
3762 11 2 1 1 2493 2635 2600 2770 5098 5083 3227 5357 5359 5616
3763 11 2 1 1 260 2719 306 2725 6443 5078 1273 6396 4104 5079
3764 11 2 1 1 445 332 2674 2796 771 4183 5718 6022 5593 5302
3765 11 2 1 1 1739 2595 1654 2666 6105 5923 1848 5853 6043 4839
3766 11 2 1 1 2489 2778 2552 2798 6102 5764 4095 5676 5678 6442
3767 11 2 1 1 238 385 386 2703 1031 1193 1192 5944 3700 3825
3768 11 2 1 1 266 2661 261 2667 4662 6292 1234 6358 6315 6316
3769 11 2 1 1 213 2786 211 2801 4751 6303 1057 6373 6444 6393
3770 11 2 1 1 2469 2622 2570 2686 3690 3329 2864 2946 6311 6440
3771 11 2 1 1 2591 2617 2507 2628 5040 4131 3915 5875 3895 5614
3772 11 2 1 1 2048 418 156 2690 5833 704 6400 5638 6403 5834
3773 11 2 1 1 2461 2648 2597 2742 5970 5112 5273 5738 5457 4419
3774 11 2 1 1 398 474 448 2540 1616 775 1618 3417 3969 5746
3775 11 2 1 1 2509 2649 2580 2760 5270 5383 3856 3860 3859 5384
3776 11 2 1 1 2542 2566 2470 2786 4845 4472 6204 4753 5860 6304
3777 11 2 1 1 283 2594 282 2695 4192 4098 1393 4193 4378 4188
3778 11 2 1 1 389 387 390 2800 1593 1595 1594 6445 6446 6447
3779 11 2 1 1 2447 2704 2617 2804 3405 4132 4837 4352 6448 6422
3780 11 2 1 1 2099 2549 2053 2636 5653 4117 2276 5135 4118 2926
3781 11 2 1 1 1683 2610 1690 2624 5308 5446 1987 5865 5241 4273
3782 11 2 1 1 2489 2698 2582 2780 4713 4019 4712 6428 5915 6449
3783 11 2 1 1 1655 1736 1713 2647 1855 1854 1853 6450 6183 6201
3784 11 2 1 1 2071 2094 2605 2721 2357 2954 5081 5347 3515 3514
3785 11 2 1 1 2568 2721 2488 2748 5233 3513 4383 4556 4412 4812
3786 11 2 1 1 199 244 197 2547 990 989 987 5771 4989 5537
3787 11 2 1 1 1680 1685 1682 2611 1973 1972 1968 4735 5742 5532
3788 11 2 1 1 67 422 68 2632 617 616 78 2842 3455 4892
3789 11 2 1 1 2518 2698 2507 2797 4835 4435 4949 4939 3687 4768
3790 11 2 1 1 473 2540 2061 2690 5879 5946 5945 6293 6417 4203
3791 11 2 1 1 425 386 384 2809 1587 1581 1588 6214 5664 4770
3792 11 2 1 1 1670 2620 2556 2663 6119 3615 6345 6121 4060 3854
3793 11 2 1 1 2528 2590 2697 2722 5631 5094 5837 6035 6321 4329
3794 11 2 1 1 171 72 421 2813 649 640 651 6207 6382 4979
3795 11 2 1 1 2464 2617 2591 2791 6090 5040 6451 4275 4460 6129
3796 11 2 1 1 2689 2694 2459 2704 6435 5845 4391 4044 6169 5360
3797 11 2 1 1 380 239 379 2717 1199 1197 1200 6065 5166 5515
3798 11 2 1 1 2439 2531 2677 2773 2951 2970 2968 5925 6452 5924
3799 11 2 1 1 2661 2667 2514 2791 6316 6004 4574 6415 6128 4293
3800 11 2 1 1 13 1723 175 1666 1780 4133 545 1776 4000 1781
3801 11 2 1 1 2609 2641 2443 2793 6148 5560 3786 6123 5323 5561
3802 11 2 1 1 2494 2693 2644 2696 5892 6376 5551 5159 6378 5893
3803 11 2 1 1 293 294 2656 2705 1405 6253 5140 5204 4288 6269
3804 11 2 1 1 405 2528 2753 2810 6328 6210 6453 6383 6454 6384
3805 11 2 1 1 2530 2684 2545 2775 4448 4440 3098 5488 3591 6159
3806 11 2 1 1 97 2059 157 2116 2170 6324 693 2172 6391 2174
3807 11 2 1 1 296 276 297 2653 1375 1376 763 6455 6135 4566
3808 11 2 1 1 310 2719 489 2724 4312 6456 1447 5076 6357 5077
3809 11 2 1 1 1713 2647 1736 2802 6183 6201 1854 6185 6309 6186
3810 11 2 1 1 2502 2584 2551 2685 4966 4965 3675 3678 3680 5122
3811 11 2 1 1 1676 2621 2668 2761 3402 6320 6457 3806 6055 3807
3812 11 2 1 1 157 417 2116 2706 698 6286 6391 6326 6392 6353
3813 11 2 1 1 69 170 2724 2812 624 6025 6338 6458 6027 6026
3814 11 2 1 1 2520 2610 2588 2671 4062 4334 4843 4067 5058 5044
3815 11 2 1 1 466 2724 2581 2812 6459 4727 6460 6461 6331 6027
3816 11 2 1 1 2551 2584 2510 2685 4965 5641 4665 3680 5030 5122
3817 11 2 1 1 2538 2656 2465 2702 3231 6462 3301 3048 5674 6463
3818 11 2 1 1 362 484 368 2708 1520 1530 1529 5294 5979 5207
3819 11 2 1 1 1711 2662 2530 2775 6071 4112 6070 6411 5488 4603
3820 11 2 1 1 2479 2656 2538 2702 3230 3231 3179 3148 3048 6463
3821 11 2 1 1 2573 2726 2617 2804 6178 5534 6091 6406 6448 6297
3822 11 2 1 1 2494 2644 2602 2696 5551 5152 4547 5159 5723 6378
3823 11 2 1 1 2474 2728 2564 2766 6464 4034 3479 4616 5644 6465
3824 11 2 1 1 276 268 269 2707 1340 1267 1341 4567 5620 6216
3825 11 2 1 1 253 252 451 2679 1188 1263 1262 3427 6126 3323
3826 11 2 1 1 202 2652 200 2805 4101 5908 1003 4086 5909 4102
3827 11 2 1 1 2079 2568 2091 2748 5861 4534 2395 5750 4557 4556
3828 11 2 1 1 2496 2694 2593 2704 4247 4056 3026 5340 4202 5360
3829 11 2 1 1 2473 2784 2599 2802 6466 6467 5526 3886 5016 6162
3830 11 2 1 1 236 352 271 2660 961 1186 1185 4140 4141 6059
3831 11 2 1 1 2498 2626 2526 2654 5075 4852 3107 3110 3112 6130
3832 11 2 1 1 466 70 2581 2724 631 5894 6460 6459 4727 5895
3833 11 2 1 1 2541 2606 2498 2763 4168 3909 4169 5416 3910 3912
3834 11 2 1 1 2550 2666 2491 2746 3076 2949 3035 4361 4490 4492
3835 11 2 1 1 405 2528 2737 2753 6328 5734 6329 6453 5249 6210
3836 11 2 1 1 503 287 315 2671 1412 1411 896 4846 6097 3398
3837 11 2 1 1 192 191 2575 2768 949 6264 5325 4064 4867 6138
3838 11 2 1 1 2547 2623 2495 2731 5111 3188 5110 3084 4358 4048
3839 11 2 1 1 2510 2676 2627 2746 5902 5901 4668 5182 4937 5096
3840 11 2 1 1 296 297 151 2653 763 762 764 6455 6155 6135
3841 11 2 1 1 2562 2592 2527 2700 5937 3759 4831 4832 3489 5530
3842 11 2 1 1 2572 2655 2443 2697 4470 3995 3785 5239 6062 6468
3843 11 2 1 1 173 2640 1662 2723 6469 6470 6424 6427 6426 6160
3844 11 2 1 1 221 372 219 2541 1100 1099 1097 4617 4854 5415
3845 11 2 1 1 2494 2696 2602 2781 5159 5723 4547 5161 6471 5162
3846 11 2 1 1 1716 1707 1693 2739 1841 1941 2031 4829 5774 4582
3847 11 2 1 1 1719 1709 1664 2588 1903 1902 1904 5907 6006 3537
3848 11 2 1 1 493 2705 2792 2813 6472 6473 6474 6475 5280 6476
3849 11 2 1 1 468 2588 288 2607 6360 5936 787 6094 4074 4189
3850 11 2 1 1 2509 2657 2638 2688 4009 6187 3765 5468 5318 6077
3851 11 2 1 1 472 398 473 2690 1586 1617 793 4683 6293 6104
3852 11 2 1 1 203 202 204 2720 1008 1013 1012 5200 6432 4084
3853 11 2 1 1 201 199 2652 2730 997 5772 4987 5938 5679 6248
3854 11 2 1 1 2067 2068 2635 2770 2330 6477 3146 5692 5616 6249
3855 11 2 1 1 2532 2694 2689 2704 4057 6435 4042 3407 4044 5360
3856 11 2 1 1 2544 2446 2745 2778 6289 6306 5731 5939 5868 6273
3857 11 2 1 1 2531 2673 2633 2781 3657 5223 5962 4503 5431 4699
3858 11 2 1 1 2773 2781 2494 2797 5926 5161 6226 5968 4548 5969
3859 11 2 1 1 294 311 293 2656 1427 1303 1405 6253 5140 6254
3860 11 2 1 1 2455 2543 2570 2790 5435 5441 3893 4007 4006 5727
3861 11 2 1 1 2063 2062 2054 2578 2256 2195 2281 5305 5034 3792
3862 11 2 1 1 2126 488 166 2631 6370 749 6238 6240 6239 6313
3863 11 2 1 1 325 2640 173 2723 4529 6469 878 5754 6427 6160
3864 11 2 1 1 2564 2728 2474 2800 4034 6464 3479 3423 3376 5806
3865 11 2 1 1 401 2623 394 2659 4144 5808 1612 4364 6192 4059
3866 11 2 1 1 1676 2621 1678 2668 3402 6478 1952 6457 6390 6320
3867 11 2 1 1 1715 1663 2595 2683 1897 5953 4570 4171 3364 5996
3868 11 2 1 1 2491 2595 2672 2751 5281 3640 3308 4438 3671 5581
3869 11 2 1 1 190 191 236 2619 947 953 952 3047 4403 6137
3870 11 2 1 1 2439 2773 2615 2797 5925 6418 3441 3686 3688 5968
3871 11 2 1 1 116 2120 314 180 2227 5479 750 754 755 5478
3872 11 2 1 1 2079 2088 2091 2568 2390 2396 2395 5861 4534 3739
3873 11 2 1 1 416 2567 465 2706 6047 4031 795 6260 4279 4280
3874 11 2 1 1 323 353 248 2573 1245 1146 1244 5266 6414 4476
3875 11 2 1 1 389 390 2728 2800 1594 5133 6479 6445 5806 6446
3876 11 2 1 1 13 1723 350 175 1780 4670 547 545 549 4133
3877 11 2 1 1 2078 2075 2093 2638 2366 2378 2377 5426 5147 3651
3878 11 2 1 1 2551 2627 2510 2782 4013 4668 4665 4138 5904 5903
3879 11 2 1 1 225 223 224 2807 1117 1112 1118 5338 4811 6270
3880 11 2 1 1 2448 2650 2546 2677 5843 5474 3551 3534 4400 5943
3881 11 2 1 1 248 228 226 2692 1134 1133 1135 5866 5462 4764
3882 11 2 1 1 2446 2669 2574 2778 4422 2965 4421 6273 5839 6308
3883 11 2 1 1 330 2559 332 2796 6242 4181 1461 6340 5302 2943
3884 11 2 1 1 285 488 490 2631 1409 746 1410 3661 3062 6313
3885 11 2 1 1 211 2566 209 2801 6284 4956 1047 6444 6480 5179
3886 11 2 1 1 2584 2782 2629 2793 5665 3931 5988 4967 6395 6194
3887 11 2 1 1 223 2618 224 2807 5607 4807 1112 6270 4811 4810
3888 11 2 1 1 283 485 482 2636 1395 827 1404 4324 5304 3065
3889 11 2 1 1 257 331 2559 2765 1290 5504 5791 5792 4303 6305
3890 11 2 1 1 2482 2652 2524 2720 4693 4283 6408 4561 5201 4100
3891 11 2 1 1 295 276 296 2653 1343 1375 1374 4879 6455 4566
3892 11 2 1 1 451 455 322 2679 1360 1451 1388 6126 6019 3914
3893 11 2 1 1 238 2601 385 2703 6380 4813 1031 5944 3825 3730
3894 11 2 1 1 216 218 217 2606 1083 1082 1078 3519 5376 5278
3895 11 2 1 1 2531 2633 2494 2781 5962 5224 6481 4503 5161 5431
3896 11 2 1 1 67 424 450 2711 618 621 613 2845 6164 5400
3897 11 2 1 1 311 294 489 2537 1427 759 1428 6252 6482 6251
3898 11 2 1 1 1718 2610 1712 2671 6084 5491 1857 5619 5215 5044
3899 11 2 1 1 402 348 350 2647 1500 890 819 3387 4671 3968
3900 11 2 1 1 1661 2556 1743 2674 6154 5870 1891 5781 4336 3141
3901 11 2 1 1 313 164 431 2595 531 830 829 5921 4341 6010
3902 11 2 1 1 366 365 367 2585 1532 1535 1534 6108 3836 5522
3903 11 2 1 1 1705 2637 2723 2739 6483 6410 6436 6438 6439 5711
3904 11 2 1 1 388 2730 2703 2800 5566 5600 5541 6484 5964 3213
3905 11 2 1 1 2473 2598 2784 2802 3499 4245 6466 3886 6162 3887
3906 11 2 1 1 388 203 238 2703 1010 1019 1021 5541 5944 4776
3907 11 2 1 1 311 2656 2537 2719 6254 6255 6252 6485 5296 6486
3908 11 2 1 1 2441 2579 2608 2686 3058 4729 4797 6074 5598 5887
3909 11 2 1 1 73 169 72 2597 647 646 83 6165 4978 6086
3910 11 2 1 1 1708 1692 1710 2598 1936 2026 1996 3414 5301 3497
3911 11 2 1 1 2588 2607 2464 2661 4189 4765 4335 5885 4767 3491
3912 11 2 1 1 395 375 378 2654 1556 1564 1071 4787 6167 6295
3913 11 2 1 1 191 190 189 2575 947 943 948 6264 4219 3046
3914 11 2 1 1 2604 2517 2745 2770 5811 5737 5993 2833 5994 5694
3915 11 2 1 1 2464 2591 2624 2791 6451 4459 4272 4275 4277 4460
3916 11 2 1 1 159 93 2056 2121 681 2158 6487 6488 2162 2160
3917 11 2 1 1 487 449 180 2561 910 911 908 6347 6229 5352
3918 11 2 1 1 1721 441 173 2723 6489 585 6423 6425 6427 6490
3919 11 2 1 1 288 2588 468 2661 5936 6360 787 3901 6491 5885
3920 11 2 1 1 262 261 316 2520 1238 1308 1307 6118 5882 6291
3921 11 2 1 1 2499 2707 2619 2750 3325 3440 2840 5611 5010 4801
3922 11 2 1 1 2482 2720 2524 2734 4561 5201 6408 4680 3215 4681
3923 11 2 1 1 257 456 331 2765 1096 1291 1290 5792 6305 5538
3924 11 2 1 1 292 291 290 2607 1420 788 1421 3260 3490 6420
3925 11 2 1 1 2463 2700 2562 2755 5529 4832 5485 5748 6348 6350
3926 11 2 1 1 389 2728 393 2800 6479 5805 1600 6445 3212 5806
3927 11 2 1 1 2441 2622 2579 2686 6379 6351 3058 6074 5887 6440
3928 11 2 1 1 2477 2646 2552 2798 4700 5310 3831 5199 5678 5726
3929 11 2 1 1 313 7 1726 1654 527 1762 5920 5919 1763 1758
3930 11 2 1 1 2481 2653 2581 2735 4565 4072 4891 4803 6209 4804
3931 11 2 1 1 216 217 215 2606 1078 1077 1072 3519 3569 5376
3932 11 2 1 1 352 236 191 2768 961 953 959 6060 6138 5589
3933 11 2 1 1 1726 1654 1739 2595 1763 1848 1847 5922 6105 5923
3934 11 2 1 1 2531 2633 2546 2773 5962 2985 5472 5924 5018 5977
3935 11 2 1 1 2508 2665 2615 2752 3846 6110 3443 3827 4268 3847
3936 11 2 1 1 2595 2627 2475 2751 4619 4012 3234 5581 5366 5966
3937 11 2 1 1 1676 2668 1679 2761 6457 5786 1954 3806 5729 6055
3938 11 2 1 1 2468 2709 2564 2766 6492 5768 5234 6493 5644 5769
3939 11 2 1 1 2103 2087 2106 2642 2388 2426 2425 3933 4442 4993
3940 11 2 1 1 2130 2110 2061 2540 2259 2314 2186 3512 5946 3316
3941 11 2 1 1 321 91 2047 351 675 2152 5250 680 5251 679
3942 11 2 1 1 2506 2699 2571 2717 3908 2976 4221 4262 5165 5796
3943 11 2 1 1 1734 1741 1695 2746 1917 2039 2036 4613 6281 5864
3944 11 2 1 1 2537 2656 2705 2788 6255 4288 6191 5148 4650 6413
3945 11 2 1 1 93 159 420 2121 681 686 685 2160 2900 6488
3946 11 2 1 1 366 367 369 2585 1534 1540 1539 6108 3142 3836
3947 11 2 1 1 385 207 381 2601 1030 1039 1041 4813 5753 5039
3948 11 2 1 1 387 2703 2533 2800 5821 3391 5820 6447 5963 5964
3949 11 2 1 1 2046 2680 2136 2772 6494 5562 2236 6367 5564 5565
3950 11 2 1 1 2497 2769 2536 2808 5596 4579 5900 6188 3944 4523
3951 11 2 1 1 406 2599 413 2810 6495 6221 1636 6496 6497 6498
3952 11 2 1 1 162 403 402 2647 822 821 820 6499 3387 5787
3953 11 2 1 1 2491 2627 2595 2751 4598 4619 5281 4438 5581 5966
3954 11 2 1 1 307 2563 497 2764 6139 4128 1439 6140 6441 4430
3955 11 2 1 1 466 2581 2735 2812 6460 6209 6500 6461 6068 6331
3956 11 2 1 1 2117 2109 2046 2759 2238 2235 2204 6501 6502 4607
3957 11 2 1 1 2553 2644 2494 2693 5552 5551 5553 6503 5892 6376
3958 11 2 1 1 417 97 157 2116 697 693 698 6286 6391 2172
3959 11 2 1 1 2753 2784 2599 2810 6504 6467 5790 6454 6498 6505
3960 11 2 1 1 183 313 431 2666 875 829 921 2947 4838 6042
3961 11 2 1 1 468 2588 275 2661 6360 6133 1371 6491 6134 5885
3962 11 2 1 1 219 2541 372 2763 4854 5415 1099 5378 5222 5416
3963 11 2 1 1 2131 2567 2122 2706 6506 6046 2268 6507 6259 4280
3964 11 2 1 1 2465 2656 2538 2725 6462 3231 3301 3270 3177 5704
3965 11 2 1 1 205 385 238 2601 1029 1031 1020 4775 6380 4813
3966 11 2 1 1 363 354 356 2562 1131 1502 1504 5007 6007 4830
3967 11 2 1 1 307 2563 306 2719 6139 4103 1327 6508 5078 4313
3968 11 2 1 1 315 177 503 2799 608 897 896 6099 4848 6197
3969 11 2 1 1 260 306 254 2725 1273 1272 1179 6396 4894 4104
3970 11 2 1 1 2573 2692 248 2783 3907 5866 6414 4077 5867 5461
3971 11 2 1 1 375 379 378 2756 1562 1198 1564 6296 5609 5088
3972 11 2 1 1 2491 2676 2627 2751 4437 5901 4598 4438 5966 3068
3973 11 2 1 1 2084 2083 2076 2682 2382 2381 2383 5705 4368 5306
3974 11 2 1 1 2577 2690 2486 2809 5639 5130 5761 4948 5132 5131
3975 11 2 1 1 2594 2687 2492 2695 4909 4520 4097 4188 4379 6158
3976 11 2 1 1 483 453 2046 2680 728 6509 6510 6511 6494 6512
3977 11 2 1 1 392 244 199 2730 1001 990 999 4152 6248 3369
3978 11 2 1 1 260 2656 2719 2725 6375 6486 6443 6396 5079 5704
3979 11 2 1 1 1691 1703 1683 2624 1991 1971 1989 4604 5865 5362
3980 11 2 1 1 206 208 207 2590 1033 1032 1028 5910 4959 4331
3981 11 2 1 1 348 432 349 2589 1499 1498 1497 3967 5123 5418
3982 11 2 1 1 1678 2621 1677 2685 6478 3194 1953 6399 3696 3871
3983 11 2 1 1 2483 2560 2586 2670 5064 3525 4500 5065 5329 4790
3984 11 2 1 1 426 230 353 2692 1155 1144 1156 3906 4477 4964
3985 11 2 1 1 469 470 2577 2809 1650 5869 4943 4946 4948 5622
3986 11 2 1 1 1703 1683 2624 2761 1971 5865 5362 5365 5364 5730
3987 11 2 1 1 469 470 418 2577 1650 790 1648 4943 5832 5869
3988 11 2 1 1 309 449 487 2764 1445 910 1441 6116 6356 5458
3989 11 2 1 1 328 2565 329 2796 6388 3352 1286 6205 4597 3184
3990 11 2 1 1 494 459 475 2613 1250 1646 1477 5163 4710 6363
3991 11 2 1 1 418 470 156 2690 790 789 704 5834 6403 5621
3992 11 2 1 1 74 446 479 2569 662 661 653 5971 4416 5613
3993 11 2 1 1 2480 2677 2546 2773 3533 4400 4399 5139 5018 6452
3994 11 2 1 1 2467 2599 2753 2784 6434 5790 3546 5455 6504 6467
3995 11 2 1 1 183 182 172 2666 873 872 874 2947 5721 2948
3996 11 2 1 1 2477 2543 2778 2790 5975 5840 5765 5785 5841 5727
3997 11 2 1 1 2582 2744 2442 2774 4792 4196 5173 5107 3961 5164
3998 11 2 1 1 413 2599 2785 2810 6221 5014 6513 6497 5556 6498
3999 11 2 1 1 1676 1678 1679 2668 1952 1955 1954 6457 5786 6390
4000 11 2 1 1 328 256 329 2565 1283 1116 1286 6388 3352 3808
4001 11 2 1 1 259 437 349 2805 1300 1299 1298 6224 6359 6389
4002 11 2 1 1 2617 2628 2591 2791 5614 5875 5040 6129 4460 4573
4003 11 2 1 1 2494 2733 2615 2797 4546 4107 6514 4548 3688 4327
4004 11 2 1 1 351 91 2047 2119 679 2152 5251 5297 2156 2154
4005 11 2 1 1 162 1655 15 1732 6515 1782 551 6516 1786 1787
4006 11 2 1 1 2553 2712 2515 2733 6517 4927 4694 5554 4363 6416
4007 11 2 1 1 458 351 455 2645 805 1452 1362 3285 3913 5568
4008 11 2 1 1 2483 2560 2580 2760 5064 5927 5407 5408 3859 4356
4009 11 2 1 1 2133 457 163 2636 6518 740 5739 5521 5740 3130
4010 11 2 1 1 2453 2709 2564 2803 4037 5768 4248 3654 4079 5145
4011 11 2 1 1 1682 2611 1700 2767 5742 5117 1984 5154 5118 4555
4012 11 2 1 1 2497 2762 2769 2808 6078 6149 5596 6188 4523 6199
4013 11 2 1 1 323 289 353 2573 1418 1419 1245 5266 4476 3444
4014 11 2 1 1 1711 1736 1723 2647 2034 1856 1910 6069 4134 6201
4015 11 2 1 1 382 381 380 2717 1572 1201 1573 4588 6065 5226
4016 11 2 1 1 2063 2065 2085 2634 2316 2319 2318 6294 5476 3989
4017 11 2 1 1 2629 2664 2480 2793 3473 4608 5138 6395 6195 6519
4018 11 2 1 1 2483 2718 2586 2760 3850 3015 4500 5408 4355 5385
4019 11 2 1 1 373 374 375 2756 1549 1555 1554 6247 6296 5813
4020 11 2 1 1 489 2719 2537 2724 6456 5296 6482 6357 4730 5077
4021 11 2 1 1 1662 173 1724 2640 6424 6520 1814 6470 4914 6469
4022 11 2 1 1 320 2648 501 2792 3412 6521 1448 3206 6522 3413
4023 11 2 1 1 1690 1712 1718 2610 2015 1857 2021 5446 6084 5491
4024 11 2 1 1 500 66 450 2555 514 612 615 5823 6163 6354
4025 11 2 1 1 307 310 2563 2719 1433 3702 6139 6508 4313 4312
4026 11 2 1 1 459 2613 447 2722 6363 5816 1248 6523 5818 5817
4027 11 2 1 1 71 2724 150 2813 5872 6524 634 5873 6525 5874
4028 11 2 1 1 2464 2591 2617 2726 6451 5040 6090 6177 5534 5255
4029 11 2 1 1 466 70 151 2581 631 636 639 6460 5856 5894
4030 11 2 1 1 395 2654 378 2786 4787 6167 1071 4788 5610 4752
4031 11 2 1 1 2099 2098 2053 2549 2275 2274 2276 5653 4117 3805
4032 11 2 1 1 414 162 15 1732 555 551 553 4224 1786 6516
4033 11 2 1 1 326 337 2565 2783 1285 4902 3451 5406 4903 4897
4034 11 2 1 1 2459 2541 2694 2777 5844 4170 5845 6343 4512 4511
4035 11 2 1 1 2531 2494 2633 2773 6481 5224 5962 5924 5977 6226
4036 11 2 1 1 2440 2649 2657 2760 3559 4851 4747 5402 4010 5384
4037 11 2 1 1 2463 2594 2700 2755 4908 4099 5529 5748 6350 4644
4038 11 2 1 1 213 211 212 2801 1057 1052 1058 6373 6374 6444
4039 11 2 1 1 2510 2584 2551 2782 5641 4965 4665 5904 4138 5665
4040 11 2 1 1 202 200 435 2805 1003 1005 1004 4086 6088 5909
4041 11 2 1 1 2439 2677 2522 2752 2968 3409 3408 4267 5948 6085
4042 11 2 1 1 493 294 2705 2813 1407 6269 6472 6475 6476 6526
4043 11 2 1 1 66 67 2555 2776 77 2843 6354 6355 3981 3980
4044 11 2 1 1 2468 2564 2709 2803 5234 5768 6492 6364 5145 4079
4045 11 2 1 1 261 275 316 2661 1309 1311 1308 6292 5883 6134
4046 11 2 1 1 2582 2698 2518 2780 4019 4835 5913 5915 5914 6449
4047 11 2 1 1 2482 2641 2589 2737 5752 4615 5649 4560 5248 5735
4048 11 2 1 1 376 374 2678 2756 1558 5185 6057 6117 5814 5813
4049 11 2 1 1 2569 2767 2503 2799 4554 4209 5403 5992 4235 4688
4050 11 2 1 1 2532 2698 2489 2798 4716 4713 4092 5677 5676 6213
4051 11 2 1 1 450 66 67 2555 612 77 613 6163 2843 6354
4052 11 2 1 1 2467 2647 2599 2802 3389 4228 6434 5775 5016 6186
4053 11 2 1 1 1720 1661 1743 2674 1805 1891 1846 5346 4336 5781
4054 11 2 1 1 2449 2781 2670 2788 5245 5330 4260 5149 5275 6527
4055 11 2 1 1 414 16 413 1732 554 556 558 4224 6220 1785
4056 11 2 1 1 284 270 319 2576 1337 1350 1349 6244 5512 5886
4057 11 2 1 1 438 2587 251 2794 3363 5004 1258 6528 3954 4922
4058 11 2 1 1 2448 2522 2734 2806 3531 5715 4457 5650 5954 6262
4059 11 2 1 1 2101 2103 2085 2634 2389 2419 2329 3121 5476 4505
4060 11 2 1 1 475 459 411 2613 1646 1643 1644 4710 4307 6363
4061 11 2 1 1 180 2058 2561 2776 5973 6230 6229 6529 5038 6530
4062 11 2 1 1 1706 2607 1660 2723 4901 6531 1881 6412 6532 3262
4063 11 2 1 1 448 473 398 2540 710 1617 1618 3969 3417 5879
4064 11 2 1 1 96 2059 2122 157 2169 2171 2167 694 6325 6324
4065 11 2 1 1 429 231 233 2715 1159 1157 1160 4449 5572 3267
4066 11 2 1 1 2078 2638 2093 2688 5426 5147 2377 5467 5316 5318
4067 11 2 1 1 450 2555 2711 2729 6163 2844 6164 6533 6200 5827
4068 11 2 1 1 205 203 204 2720 1017 1012 1018 5897 6432 5200
4069 11 2 1 1 2613 2789 2722 2810 6534 6535 5817 5262 6096 6536
4070 11 2 1 1 2079 2078 2088 2568 2368 2391 2390 5861 3739 5230
4071 11 2 1 1 304 237 268 2707 956 1189 1191 6215 6216 4238
4072 11 2 1 1 406 413 410 2810 1636 817 1635 6496 5932 6497
4073 11 2 1 1 180 2561 449 2776 6229 5352 911 6529 5354 5038
4074 11 2 1 1 256 326 337 2565 1284 1285 1126 3808 4902 3451
4075 11 2 1 1 1705 2640 1716 2739 6437 4719 1893 6438 4829 4583
4076 11 2 1 1 2571 2678 2460 2756 3883 4907 3348 4004 3964 5814
4077 11 2 1 1 288 468 275 2661 787 1371 1331 3901 6134 6491
4078 11 2 1 1 2511 2591 2624 2726 3723 4459 5363 4652 6537 5255
4079 11 2 1 1 2484 2655 2572 2697 3154 4470 3925 4918 5239 6468
4080 11 2 1 1 2592 2669 2489 2774 5399 4691 4551 5153 5604 3302
4081 11 2 1 1 2489 2744 2543 2780 6124 5436 6101 6428 3011 6429
4082 11 2 1 1 210 211 209 2801 1048 1047 1042 4199 6480 6444
4083 11 2 1 1 2500 2620 2598 2732 4154 4542 3346 3483 4687 4739
4084 11 2 1 1 2613 2473 2789 2810 4308 6538 6534 5262 6536 5263
4085 11 2 1 1 2446 2626 2544 2691 4374 3248 6289 4375 4698 4376
4086 11 2 1 1 373 375 2654 2756 1554 6295 4136 6247 6132 6296
4087 11 2 1 1 2494 2733 2553 2741 4546 5554 5553 6225 5333 6433
4088 11 2 1 1 1717 2663 1657 2785 6208 6317 1865 6175 6319 4816
4089 11 2 1 1 150 2537 294 2813 6539 6251 758 6525 6526 4742
4090 11 2 1 1 2057 2126 2111 2631 2222 2254 2295 3238 5429 6240
4091 11 2 1 1 413 2785 410 2810 6513 5931 817 6497 5932 5556
4092 11 2 1 1 2654 2786 2542 2787 4752 4753 3571 4996 4995 6540
4093 11 2 1 1 200 201 199 2652 998 997 992 5908 5772 4987
4094 11 2 1 1 257 329 220 2765 1106 1105 1094 5792 4717 4301
4095 11 2 1 1 2049 2631 166 2747 6241 6239 6237 6541 6542 5802
4096 11 2 1 1 1661 1670 2556 2663 1888 6345 6154 6543 4060 6121
4097 11 2 1 1 311 2537 489 2719 6252 6482 1428 6485 6456 5296
4098 11 2 1 1 457 360 482 2636 1523 1522 825 3130 5304 3527
4099 11 2 1 1 192 193 191 2768 958 957 949 4064 6138 4493
4100 11 2 1 1 2439 2698 2780 2797 4715 6449 3009 3686 6346 4768
4101 11 2 1 1 2546 2677 2531 2773 4400 2970 5472 5018 5924 6452
4102 11 2 1 1 2728 2766 2474 2800 6465 4616 6464 5806 3376 6544
4103 11 2 1 1 2670 2781 2518 2788 5330 6301 5912 5275 6222 6527
4104 11 2 1 1 330 331 332 2559 1289 1462 1461 6242 4181 5504
4105 11 2 1 1 295 255 304 2558 1279 946 1280 5193 6054 5587
4106 11 2 1 1 1706 1705 2637 2723 1882 6483 4817 6412 6410 6436
4107 11 2 1 1 2617 2704 2490 2804 4132 6180 4023 6448 6545 6422
4108 11 2 1 1 2067 2068 2069 2635 2330 2336 2335 3146 5126 6477
4109 11 2 1 1 2064 2063 2054 2578 2282 2281 2283 3434 5034 5305
4110 11 2 1 1 172 1667 5 1730 5720 1752 523 5719 1756 1757
4111 11 2 1 1 2477 2778 2544 2790 5765 5939 5011 5785 5020 5841
4112 11 2 1 1 283 282 281 2695 1393 1324 1394 4193 4478 4378
4113 11 2 1 1 1684 2598 1710 2802 3202 5301 1995 5890 5523 3887
4114 11 2 1 1 2467 2753 2528 2784 3546 6210 5732 5455 6198 6504
4115 11 2 1 1 2568 2657 2476 2736 4850 5492 3740 5276 5470 4748
4116 11 2 1 1 2497 2631 2757 2769 5682 5700 5311 5596 6386 5283
4117 11 2 1 1 354 245 355 2700 1141 1228 1227 4757 6280 5289
4118 11 2 1 1 303 277 184 2557 926 916 924 6031 3247 5501
4119 11 2 1 1 496 2556 333 2681 5891 6023 1472 5351 6024 4061
4120 11 2 1 1 1694 1736 2662 2802 2035 6202 6430 6431 5776 6309
4121 11 2 1 1 493 421 294 2813 870 757 1407 6475 6526 6382
4122 11 2 1 1 2464 2624 2591 2726 4272 4459 6451 6177 5255 6537
4123 11 2 1 1 2123 90 2047 321 2149 2151 2153 6334 5250 676
4124 11 2 1 1 451 2679 322 2740 6126 6019 1388 6290 6146 6147
4125 11 2 1 1 2116 418 98 2048 6227 700 2173 2177 2175 5833
4126 11 2 1 1 2486 2533 2738 2809 5113 5032 5583 5132 6083 4769
4127 11 2 1 1 2656 2702 2479 2788 6463 3148 3230 6413 4592 5756
4128 11 2 1 1 2604 2675 2513 2749 2861 2859 2817 3430 3751 5697
4129 11 2 1 1 1661 1669 1670 2663 1802 1862 1888 6543 6121 6546
4130 11 2 1 1 284 2576 319 2792 6244 5512 1349 6547 4917 3438
4131 11 2 1 1 2086 2100 2109 2675 2334 2234 2424 2860 4969 5848
4132 11 2 1 1 2528 2784 2753 2810 6198 6504 6210 6384 6454 6505
4133 11 2 1 1 359 2639 357 2755 3685 6548 1507 4645 6549 4646
4134 11 2 1 1 349 2589 435 2805 5123 6246 1297 6359 6088 5510
4135 11 2 1 1 2518 2780 2698 2797 5914 6449 4835 4939 4768 6346
4136 11 2 1 1 2078 2088 2568 2688 2391 3739 5230 5467 5244 4873
4137 11 2 1 1 2597 2644 2478 2648 6377 3959 4977 5112 3960 3505
4138 11 2 1 1 2489 2780 2543 2798 6428 3011 6101 5676 3236 6193
4139 11 2 1 1 2462 2655 2613 2732 3998 3983 3508 4738 4740 3469
4140 11 2 1 1 2487 2526 2691 2771 6073 4853 5696 4783 6550 4395
4141 11 2 1 1 269 312 276 2735 1345 1344 1341 4648 4802 5031
4142 11 2 1 1 1704 2637 1705 2739 5710 6483 2030 4911 6438 5711
4143 11 2 1 1 164 7 1726 313 529 1762 6009 531 5920 527
4144 11 2 1 1 181 182 305 2550 871 912 905 5666 6028 3034
4145 11 2 1 1 409 459 447 2722 1642 1248 1640 6095 5818 6523
4146 11 2 1 1 2625 2567 2795 2803 4724 5449 5450 3655 6551 3734
4147 11 2 1 1 343 342 154 2545 781 780 782 3952 4466 3223
4148 11 2 1 1 1735 2599 1713 2802 5015 6184 1920 3885 6185 5016
4149 11 2 1 1 2511 2624 2637 2726 5363 3540 5709 4652 6407 6537
4150 11 2 1 1 2487 2708 2680 2749 3802 4936 4935 5698 6333 6371
4151 11 2 1 1 1674 1677 1676 2621 1945 1944 1943 2988 3402 3194
4152 11 2 1 1 2469 2758 2622 2806 3071 3330 3690 6552 6369 6553
4153 11 2 1 1 2465 2670 2582 2702 4371 4789 3269 5674 5675 6554
4154 11 2 1 1 2487 2691 2578 2771 5696 5928 4289 4783 4870 6550
4155 11 2 1 1 1679 1680 1682 2668 1962 1968 1967 5786 5743 5689
4156 11 2 1 1 1670 1671 1661 2556 1890 1889 1888 6345 6154 3150
4157 11 2 1 1 2480 2615 2665 2752 6153 6110 6014 6015 3847 4268
4158 11 2 1 1 1693 1673 1675 2603 1939 1937 1940 5773 2986 5102
4159 11 2 1 1 2470 2710 2542 2787 5210 4434 6204 6048 4995 3973
4160 11 2 1 1 1701 1681 1688 2685 1966 1979 1981 5029 6250 3695
4161 11 2 1 1 359 433 2594 2755 1401 5535 3683 4645 4644 6555
4162 11 2 1 1 2478 2597 2539 2696 4977 5220 4480 4779 4781 6302
4163 11 2 1 1 2459 2651 2541 2777 5211 5286 5844 6343 4511 5851
4164 11 2 1 1 256 224 222 2618 1114 1113 1115 3809 3568 4807
4165 11 2 1 1 1681 1678 1677 2685 1957 1953 1958 3695 3696 6399
4166 11 2 1 1 2582 2670 2518 2702 4789 5912 5913 5675 5582 6554
4167 11 2 1 1 165 2123 89 2060 3609 2148 673 3610 2146 2150
4168 11 2 1 1 173 444 1724 2640 582 4886 6520 6469 4914 4915
4169 11 2 1 1 2490 2704 2565 2804 6180 5341 6011 6545 4353 6422
4170 11 2 1 1 2584 2629 2480 2793 5988 5138 5989 4967 6195 6395
4171 11 2 1 1 493 2792 421 2813 6474 6381 870 6475 6382 5280
4172 11 2 1 1 418 98 417 2116 700 696 701 6227 6286 2173
4173 11 2 1 1 2439 2780 2698 2798 3009 6449 4715 3235 6213 6193
4174 11 2 1 1 345 344 439 2554 1489 1494 1260 2995 3040 5439
4175 11 2 1 1 71 477 151 2539 642 645 637 5871 5857 5218
4176 11 2 1 1 268 253 269 2707 1190 1268 1267 6216 5620 3428
4177 11 2 1 1 2107 2105 2561 2727 2299 6556 5037 6080 6051 6557
4178 11 2 1 1 2109 2055 2098 2759 2287 2286 2288 4607 3717 4672
4179 11 2 1 1 2542 2710 2450 2787 4434 4433 3457 4995 4586 3973
4180 11 2 1 1 2508 2646 2572 2752 4156 5073 3784 3827 3826 5477
4181 11 2 1 1 411 459 409 2613 1643 1642 1641 4307 5661 6363
4182 11 2 1 1 323 2573 248 2783 5266 6414 1244 6558 5867 4077
4183 11 2 1 1 496 502 333 2556 895 1469 1472 5891 6023 6036
4184 11 2 1 1 2578 2691 2526 2771 5928 4853 6058 4870 4395 6550
4185 11 2 1 1 2109 2100 2046 2680 2234 2233 2235 5419 6494 5849
4186 11 2 1 1 2116 2048 2129 2577 2177 2247 2249 6228 5636 5637
4187 11 2 1 1 2111 2631 2049 2747 5429 6241 2251 6559 6541 5802
4188 11 2 1 1 2087 2077 2080 2642 2385 2370 2386 4993 5041 4494
4189 11 2 1 1 1743 1661 1671 2556 1891 1889 1892 5870 3150 6154
4190 11 2 1 1 1663 1728 9 2683 1769 1768 1764 5996 6560 4537
4191 11 2 1 1 71 70 150 2724 81 635 634 5872 6524 5895
4192 11 2 1 1 197 195 196 2614 977 972 978 4990 3420 3186
4193 11 2 1 1 2483 2586 2560 2760 4500 3525 5064 5408 4356 4355
4194 11 2 1 1 225 363 223 2651 1120 1119 1117 5336 5608 4982
4195 11 2 1 1 2598 2620 2473 2732 4542 4940 3499 4687 5282 4739
4196 11 2 1 1 438 427 2587 2794 1261 5258 3363 6528 4922 5259
4197 11 2 1 1 155 1660 1740 2607 6561 1823 6322 6323 5391 6531
4198 11 2 1 1 2465 2582 2670 2808 3269 4789 4371 3942 5767 3943
4199 11 2 1 1 2680 2708 2513 2749 4936 5208 5421 6333 3751 6371
4200 11 2 1 1 157 2122 96 416 6325 2167 694 695 690 6044
4201 11 2 1 1 1697 1696 1658 2775 1867 1869 1868 3899 6365 6562
4202 11 2 1 1 435 349 432 2589 1297 1498 1296 6246 5418 5123
4203 11 2 1 1 356 2701 2562 2755 6008 5008 6007 6352 6348 6563
4204 11 2 1 1 2591 2628 2445 2791 5875 3642 4663 4460 3838 4573
4205 11 2 1 1 2439 2677 2752 2773 2968 6085 4267 5925 6419 6452
4206 11 2 1 1 2494 2773 2531 2781 6226 5924 6481 5161 4503 5926
4207 11 2 1 1 2068 2069 2635 2770 2336 5126 6477 6249 5616 5835
4208 11 2 1 1 2475 2627 2551 2782 4012 4013 3621 3951 4138 5903
4209 11 2 1 1 165 322 2612 2740 834 6018 3611 4821 4823 6146
4210 11 2 1 1 2474 2623 2547 2731 3375 5111 3079 3082 3084 4048
4211 11 2 1 1 1662 2640 1705 2723 6470 6437 1895 6426 6436 6160
4212 11 2 1 1 341 9 1728 2683 535 1768 4464 4538 4537 6560
4213 11 2 1 1 2494 2615 2733 2741 6514 4107 4546 6225 6433 6111
4214 11 2 1 1 286 2520 316 2671 4674 5882 847 4675 6049 4067
4215 11 2 1 1 150 489 294 2537 760 759 758 6539 6251 6482
4216 11 2 1 1 2579 2686 2622 2806 5887 6440 6351 5652 6369 6564
4217 11 2 1 1 2465 2670 2560 2808 4371 4790 5189 3942 5268 5767
4218 11 2 1 1 2510 2611 2553 2676 4737 5549 4633 5902 6181 6565
4219 11 2 1 1 387 238 386 2703 1194 1192 1195 5821 3700 5944
4220 11 2 1 1 1658 1696 1738 2775 1869 1871 1870 6365 5489 6562
4221 11 2 1 1 2100 2064 2136 2675 2324 2284 2237 5848 5563 3435
4222 11 2 1 1 16 413 1732 1668 556 6220 1785 1789 1790 6341
4223 11 2 1 1 446 179 305 2550 906 904 907 5612 6028 4176
4224 11 2 1 1 2461 2644 2597 2648 6179 6377 5273 5970 5112 3505
4225 11 2 1 1 2465 2702 2656 2788 5674 6463 6462 5536 6413 5756
4226 11 2 1 1 461 434 400 2659 1624 1623 1625 3134 3582 5168
4227 11 2 1 1 204 2720 258 2737 6432 4083 1014 6566 4539 4540
4228 11 2 1 1 368 2680 481 2708 5980 4934 1538 5979 3803 4936
4229 11 2 1 1 304 190 237 2619 945 954 956 6266 4237 3047
4230 11 2 1 1 246 2667 247 2743 6005 3623 1175 5745 3624 3550
4231 11 2 1 1 2465 2656 2537 2788 6462 6255 4369 5536 5148 6413
4232 11 2 1 1 1722 1741 1667 2550 1915 1914 1754 4175 5667 5863
4233 11 2 1 1 2528 2789 2784 2810 6567 6568 6198 6384 6505 6536
4234 11 2 1 1 2511 2726 2637 2739 4652 6407 5709 4407 5711 4653
4235 11 2 1 1 401 434 428 2659 1622 1382 1211 4364 6012 5168
4236 11 2 1 1 368 481 365 2708 1538 1537 1528 5979 5119 3803
4237 11 2 1 1 341 342 340 2683 779 1484 1482 4538 2925 3078
4238 11 2 1 1 339 338 340 2683 832 1481 1480 2923 2925 5997
4239 11 2 1 1 2477 2778 2543 2798 5765 5840 5975 5199 3236 6442
4240 11 2 1 1 2480 2752 2677 2773 6015 6085 3533 5139 6452 6419
4241 11 2 1 1 402 403 404 2753 821 1627 1626 3545 4485 5789
4242 11 2 1 1 2467 2662 2647 2802 4111 6072 3389 5775 6186 5776
4243 11 2 1 1 388 2703 387 2800 5541 5821 1196 6484 6447 5964
4244 11 2 1 1 361 358 362 2701 1512 1519 1518 4983 5293 5379
4245 11 2 1 1 2574 2745 2446 2778 5328 6306 4421 5839 6273 5868
4246 11 2 1 1 2512 2585 2763 2777 5202 4351 4123 5850 5852 5708
4247 11 2 1 1 2509 2568 2657 2688 5229 4850 4009 5468 6077 5244
4248 11 2 1 1 151 298 296 2653 766 765 764 6155 6455 6268
4249 11 2 1 1 408 250 407 2722 1046 1252 1256 4452 6272 6034
4250 11 2 1 1 8 1726 338 164 1761 5950 532 530 534 6009
4251 11 2 1 1 2482 2641 2609 2664 5752 6148 6016 5648 4609 5744
4252 11 2 1 1 1663 8 1726 338 1765 1761 1766 5951 5950 532
4253 11 2 1 1 2464 2637 2624 2726 4828 3540 4272 6177 6537 6407
4254 11 2 1 1 2069 2070 2067 2635 2338 2337 2335 5126 3146 3259
4255 11 2 1 1 1683 1690 1691 2624 1987 1990 1989 5865 4604 5241
4256 11 2 1 1 396 394 401 2623 1226 1612 1210 5795 4144 5808
4257 11 2 1 1 2449 2602 2696 2781 5751 5723 4780 5245 5162 6471
4258 11 2 1 1 1721 291 441 2723 6569 588 6489 6425 6490 6421
4259 11 2 1 1 466 69 70 2724 630 80 631 6459 5895 6338
4260 11 2 1 1 159 2119 351 2645 6570 5297 683 6571 5568 5569
4261 11 2 1 1 419 176 21 1720 573 569 571 5343 1804 5342
4262 11 2 1 1 2100 2136 2046 2680 2237 2236 2233 5849 6494 5562
4263 11 2 1 1 2066 2675 2086 2770 5428 2860 2333 5693 2831 3075
4264 11 2 1 1 1669 19 1657 412 1798 1794 1799 6572 6318 563
4265 11 2 1 1 339 431 164 2595 833 830 831 3232 6010 4341
4266 11 2 1 1 2056 2119 159 2645 2159 6570 6487 4036 6571 5569
4267 11 2 1 1 2442 2769 2762 2808 3271 6149 5829 4584 6199 4523
4268 11 2 1 1 2443 2784 2528 2789 4243 6198 6061 6573 6567 6568
4269 11 2 1 1 2622 2758 2731 2806 3330 5124 4127 6369 5651 6553
4270 11 2 1 1 2125 473 2061 2690 6574 5945 2183 6402 6417 6293
4271 11 2 1 1 2126 2049 2111 2631 2225 2251 2254 6240 5429 6241
4272 11 2 1 1 2537 2705 294 2813 6191 6269 6251 4742 6526 6476
4273 11 2 1 1 266 289 288 2661 1334 1333 1332 4662 3901 3446
4274 11 2 1 1 2519 2672 2587 2751 3670 3639 4920 2884 3957 3671
4275 11 2 1 1 2446 2669 2552 2777 4422 4692 5542 5543 4685 6288
4276 11 2 1 1 2592 2687 2463 2774 5527 4339 5528 5153 3221 4623
4277 11 2 1 1 2635 2745 2517 2770 5100 5737 3773 5616 5694 5994
4278 11 2 1 1 409 2613 459 2722 5661 6363 1642 6095 6523 5817
4279 11 2 1 1 204 415 2720 2737 1025 5911 6432 6566 4540 6330
4280 11 2 1 1 2615 2733 2507 2797 4107 3919 3442 3688 3687 4327
4281 11 2 1 1 2627 2676 2491 2746 5901 4437 4598 4937 4490 5096
4282 11 2 1 1 2120 116 2058 180 2227 2229 2231 5478 5973 754
4283 11 2 1 1 438 251 427 2794 1258 966 1261 6528 5259 3954
4284 11 2 1 1 2441 2709 2738 2766 3295 3300 3298 3768 6122 5769
4285 11 2 1 1 179 4 181 1667 518 520 522 6575 5668 1753
4286 11 2 1 1 2614 2754 2495 2768 3888 3403 3185 4075 2873 3404
4287 11 2 1 1 2452 2650 2546 2754 4625 5474 2820 2823 2825 5108
4288 11 2 1 1 1726 1715 1663 2595 1896 1897 1766 5922 5953 4570
4289 11 2 1 1 2477 2552 2778 2798 3831 5764 5765 5199 6442 5678
4290 11 2 1 1 1735 1668 1713 2599 1919 1918 1920 5015 6184 6342
4291 11 2 1 1 2599 2784 2467 2802 6467 5455 6434 5016 5775 6162
4292 11 2 1 1 1700 1682 1685 2611 1984 1972 1985 5117 5532 5742
4293 11 2 1 1 2469 2650 2758 2806 5783 5646 3071 6552 6553 6576
4294 11 2 1 1 2109 2680 2046 2759 5419 6494 2235 4607 6502 5633
4295 11 2 1 1 406 403 414 2599 1631 823 1632 6495 4226 5788
4296 11 2 1 1 459 494 249 2613 1250 1249 1247 6363 5986 5163
4297 11 2 1 1 465 416 463 2567 795 881 1621 4031 3218 6047
4298 11 2 1 1 2584 2480 2665 2793 5989 6014 5129 4967 5324 6195
4299 11 2 1 1 466 2581 297 2735 6460 6243 767 6500 6136 6209
4300 11 2 1 1 443 1669 20 176 6577 1797 566 570 568 6578
4301 11 2 1 1 468 1664 317 2588 6092 6171 597 6360 5702 6006
4302 11 2 1 1 2518 2781 2602 2788 6301 6471 4938 6222 4591 6527
4303 11 2 1 1 389 391 393 2728 1598 1601 1600 6479 5805 5713
4304 11 2 1 1 2497 2727 2521 2762 5594 4660 5595 6078 5183 6052
4305 11 2 1 1 305 179 181 2550 904 522 905 6028 5666 4176
4306 11 2 1 1 2486 2540 2690 2779 3380 4203 5130 3381 3292 3382
4307 11 2 1 1 2498 2626 2654 2787 5075 6130 3110 4585 4996 3834
4308 11 2 1 1 2468 2533 2738 2766 6157 5032 6082 6493 6122 3770
4309 11 2 1 1 2111 2727 2631 2747 5430 4900 5429 6559 5802 6579
4310 11 2 1 1 262 316 286 2520 1307 847 1315 6118 4674 5882
4311 11 2 1 1 2459 2694 2552 2777 5845 4255 4094 6343 4685 4512
4312 11 2 1 1 206 204 415 2720 1023 1025 1024 5899 5911 6432
4313 11 2 1 1 2470 2786 2654 2787 5860 4752 6131 6048 4996 6540
4314 11 2 1 1 433 2700 2594 2755 5517 4099 5535 6555 4644 6350
4315 11 2 1 1 159 92 351 2119 682 678 683 6570 5297 2155
4316 11 2 1 1 2444 2629 2584 2782 3635 5988 5961 6127 5665 3931
4317 11 2 1 1 2555 2688 2476 2729 5317 4874 5494 5827 5069 5068
4318 11 2 1 1 2470 2654 2626 2787 6131 6130 3004 6048 3834 4996
4319 11 2 1 1 2484 2697 2722 2789 4918 6321 5793 6580 6535 6581
4320 11 2 1 1 2441 2622 2709 2766 6379 4447 3295 3768 5769 5645
4321 11 2 1 1 14 350 1723 2647 548 4670 1779 6582 4134 4671
4322 11 2 1 1 2602 2781 2449 2788 6471 5245 5751 4591 5149 6527
4323 11 2 1 1 24 1662 173 1724 1813 6424 580 1809 6520 1814
4324 11 2 1 1 296 299 295 2653 1429 1278 1374 6455 4879 5496
4325 11 2 1 1 2473 2599 2784 2810 5526 6467 6466 5263 6505 6498
4326 11 2 1 1 466 151 297 2581 639 762 767 6460 6243 5856
4327 11 2 1 1 14 1723 1655 2647 1779 1784 1783 6582 6450 4134
4328 11 2 1 1 2650 2677 2448 2806 5943 3534 5843 6576 5650 6263
4329 11 2 1 1 1657 1669 412 2663 1799 6572 6318 6317 5984 6546
4330 11 2 1 1 466 69 2724 2812 630 6338 6459 6461 6027 6458
4331 11 2 1 1 176 502 496 2556 891 895 894 6037 5891 6036
4332 11 2 1 1 92 159 2056 2119 682 6487 2157 2155 2159 6570
4333 11 2 1 1 2135 2108 2056 2645 2291 2289 2292 3975 4036 4972
4334 11 2 1 1 1718 1733 1664 2588 1861 1829 1900 5618 6006 5056
4335 11 2 1 1 2445 2712 2553 2733 3371 6517 5828 4325 5554 6416
4336 11 2 1 1 379 397 380 2571 1565 1571 1200 5089 6174 2971
4337 11 2 1 1 1696 2662 1711 2775 6583 6071 2011 6562 6411 4603
4338 11 2 1 1 2443 2528 2697 2789 6061 5837 6062 6573 6581 6567
4339 11 2 1 1 156 473 2125 2690 707 6574 6401 6403 6402 6293
4340 11 2 1 1 2520 2667 2661 2791 5371 6316 5884 4844 6415 4293
4341 11 2 1 1 273 438 427 2587 1364 1261 941 4150 5258 3363
4342 11 2 1 1 1731 2569 1725 2799 5809 6275 1880 6335 6278 5992
4343 11 2 1 1 162 14 1655 2647 550 1783 6515 6499 6450 6582
4344 11 2 1 1 2486 2738 2658 2779 5583 5033 3492 3381 3494 5949
4345 11 2 1 1 274 2695 264 2757 5683 5778 1316 5684 6161 5685
4346 11 2 1 1 257 331 330 2559 1290 1289 1288 5791 6242 5504
4347 11 2 1 1 2482 2737 2589 2805 4560 5248 5649 4562 5510 4541
4348 11 2 1 1 226 337 248 2783 1124 1136 1135 5460 5867 4897
4349 11 2 1 1 325 173 441 2723 878 585 879 5754 6490 6427
4350 11 2 1 1 1704 1705 1693 2739 2030 2029 1949 4911 5774 6438
4351 11 2 1 1 263 274 264 2757 1317 1316 1215 5374 6161 5684
4352 11 2 1 1 2128 2061 2110 2540 2313 2314 2315 4204 3316 5946
4353 11 2 1 1 229 230 231 2596 1142 1148 1147 3105 3266 4963
4354 11 2 1 1 2570 2686 2441 2790 6311 6074 3297 4006 4027 6075
4355 11 2 1 1 192 191 189 2575 949 948 950 5325 4219 6264
4356 11 2 1 1 2543 2477 2686 2790 5975 5198 2945 5727 6075 5785
4357 11 2 1 1 90 2123 165 321 2149 3609 672 676 677 6334
4358 11 2 1 1 364 366 372 2763 1531 1533 1221 4122 5222 6109
4359 11 2 1 1 2484 2655 2697 2789 3154 6468 4918 6580 6581 6584
4360 11 2 1 1 2561 2747 487 2764 6231 6235 6347 5459 6356 5741
4361 11 2 1 1 2553 2611 2515 2712 5549 5573 4694 6517 4927 5935
4362 11 2 1 1 2084 2099 2102 2682 2416 2418 2413 5705 4640 5136
4363 11 2 1 1 1696 1687 1711 2662 2008 2009 2011 6583 6071 5216
4364 11 2 1 1 1657 18 1737 412 1795 1791 1796 6318 6585 562
4365 11 2 1 1 1696 1687 2662 2775 2008 5216 6583 6562 4603 5292
4366 11 2 1 1 2468 2548 2709 2738 6170 3339 6492 6082 3300 3341
4367 11 2 1 1 162 350 14 2647 552 548 550 6499 6582 4671
4368 11 2 1 1 1722 4 179 1667 1749 518 4177 1754 6575 1753
4369 11 2 1 1 284 2705 2576 2792 6245 4581 6244 6547 3438 6473
4370 11 2 1 1 2567 2706 2131 2795 4280 6507 6506 5449 6586 4745
4371 11 2 1 1 2461 2644 2553 2693 6179 5552 6587 5274 6503 6376
4372 11 2 1 1 478 103 2050 2062 715 2188 3789 3790 2192 2190
4373 11 2 1 1 265 336 263 2757 1319 1318 1274 4165 5374 5320
4374 11 2 1 1 489 2537 150 2724 6482 6539 760 6357 6524 4730
4375 11 2 1 1 357 2639 358 2701 6548 5958 1510 6588 5379 6203
4376 11 2 1 1 1684 1708 1710 2598 1961 1996 1995 3202 5301 3414
4377 11 2 1 1 2052 2092 2124 2555 2269 2272 2271 5822 4991 5888
4378 11 2 1 1 185 273 187 2672 930 929 928 5965 5171 4151
4379 11 2 1 1 2471 2714 2557 2811 5597 5690 3628 6337 5658 5525
4380 11 2 1 1 2609 2480 2664 2793 3605 4608 4609 6123 6519 6195
4381 11 2 1 1 1659 495 75 2569 6114 509 6310 6115 6276 5688
4382 11 2 1 1 478 452 104 2062 719 718 714 3790 2191 6589
4383 11 2 1 1 1683 1689 1690 2610 1982 1988 1987 5308 5446 5309
4384 11 2 1 1 456 218 216 2765 1084 1083 1085 5538 6107 5279
4385 11 2 1 1 2105 2120 2058 2747 2253 2231 2298 6590 5974 5481
4386 11 2 1 1 305 446 2550 2742 907 5612 6028 6029 5175 5859
4387 11 2 1 1 2613 2655 2484 2789 3983 3154 4926 6534 6580 6584
4388 11 2 1 1 2445 2644 2553 2712 3102 5552 5828 3371 6517 3372
4389 11 2 1 1 366 369 371 2763 1539 1202 1541 6109 5235 4246
4390 11 2 1 1 204 206 205 2720 1023 1022 1018 6432 5897 5899
4391 11 2 1 1 2510 2611 2676 2746 4737 6565 5902 5182 5096 4217
4392 11 2 1 1 463 416 174 2567 881 692 882 3218 4323 6047
4393 11 2 1 1 201 200 202 2652 998 1003 1002 4987 4101 5908
4394 11 2 1 1 6 1730 1654 2666 1755 1760 1759 6591 6043 5722
4395 11 2 1 1 2450 2572 2646 2710 4469 5073 4381 4433 4702 3926
4396 11 2 1 1 2131 2706 2104 2795 6507 4743 2306 6586 3603 4745
4397 11 2 1 1 2553 2611 2461 2676 5549 5024 6587 6181 5116 6565
4398 11 2 1 1 2070 2071 2074 2605 2345 2351 2350 4315 3198 5081
4399 11 2 1 1 2461 2611 2553 2712 5024 5549 6587 5518 6517 5935
4400 11 2 1 1 161 411 410 2785 815 814 816 6362 5931 4815
4401 11 2 1 1 1732 1713 1668 2599 1852 1918 1790 4225 6342 6184
4402 11 2 1 1 2602 2781 2518 2797 6471 6301 4938 3645 4939 5969
4403 11 2 1 1 2456 2733 2615 2741 4362 4107 5180 5332 6111 6433
4404 11 2 1 1 1670 1672 1671 2620 1924 1923 1890 6119 4090 4153
4405 11 2 1 1 2126 166 114 2049 6238 748 2221 2225 2223 6237
4406 11 2 1 1 2480 2615 2752 2773 6153 4268 6015 5139 6419 6418
4407 11 2 1 1 2478 2705 2537 2813 4649 6191 4741 4481 4742 6476
4408 11 2 1 1 283 433 282 2594 1399 1398 1393 4192 4098 5535
4409 11 2 1 1 208 206 250 2590 1033 1035 1034 4331 5630 5910
4410 11 2 1 1 2637 2516 2723 2739 5942 3170 6410 5711 6439 4320
4411 11 2 1 1 2494 2781 2602 2797 5161 6471 4547 4548 3645 5969
4412 11 2 1 1 2461 2553 2676 2693 6587 6181 5116 5274 3251 6503
4413 11 2 1 1 2640 2723 2516 2739 6160 3170 4531 4583 4320 6439
4414 11 2 1 1 2133 2053 457 2636 2216 4614 6518 5521 3130 4118
4415 11 2 1 1 2058 2107 2561 2776 2300 5037 6230 6530 5038 4953
4416 11 2 1 1 26 441 1721 291 584 6489 1815 586 6569 588
4417 11 2 1 1 2468 2564 2728 2766 5234 4034 5143 6493 6465 5644
4418 11 2 1 1 1663 9 338 2683 1764 533 5951 5996 5997 6560
4419 11 2 1 1 2731 2758 2650 2806 5124 5646 5842 5651 6576 6553
4420 11 2 1 1 2443 2697 2655 2789 6062 6468 3995 6573 6584 6581
4421 11 2 1 1 389 393 392 2800 1600 1223 1597 6445 4571 3212
4422 11 2 1 1 159 458 460 2645 804 808 807 6571 4884 3285
4423 11 2 1 1 2528 2722 2697 2789 6035 6321 5837 6567 6581 6535
4424 11 2 1 1 1668 2599 1735 2785 6342 5015 1919 6592 4306 5014
4425 11 2 1 1 232 231 230 2596 1152 1148 1153 5487 4963 3266
4426 11 2 1 1 453 2680 368 2759 6512 5980 1547 6593 5981 5633
4427 11 2 1 1 2068 2066 2086 2770 2331 2333 2332 6249 2831 5693
4428 11 2 1 1 1656 167 504 2671 6594 602 5680 5681 5059 6595
4429 11 2 1 1 1724 173 24 444 6520 580 1809 4886 578 582
4430 11 2 1 1 1660 291 1721 2723 6596 6569 1820 6532 6425 6421
4431 11 2 1 1 1728 154 10 341 4465 538 1767 4464 536 540
4432 11 2 1 1 2440 2718 2649 2760 3560 2906 3559 5402 5384 5385
4433 11 2 1 1 2548 2709 2625 2795 3339 5144 2940 5930 5450 6597
4434 11 2 1 1 2088 2092 2134 2688 2392 2432 2431 4873 4875 5889
4435 11 2 1 1 1731 1699 1659 2569 1878 1877 1879 5809 6115 4214
4436 11 2 1 1 2482 2664 2609 2734 5648 4609 6016 4680 5714 5443
4437 11 2 1 1 2090 2095 2108 2748 2406 2434 2433 5265 4973 5580
4438 11 2 1 1 157 416 465 2706 695 795 794 6326 4279 6260
4439 11 2 1 1 412 1669 19 443 6572 1798 563 567 565 6577
4440 11 2 1 1 2655 2613 2732 2789 3983 4740 3469 6584 6598 6534
4441 11 2 1 1 2609 2664 2641 2793 4609 5744 6148 6123 5561 6519
4442 11 2 1 1 341 338 9 2683 537 533 535 4538 6560 5997
4443 11 2 1 1 2537 150 2724 2813 6539 6524 4730 4742 5874 6525
4444 11 2 1 1 395 240 373 2654 1081 1204 1206 4787 4136 3660
4445 11 2 1 1 433 355 2700 2755 1229 6280 5517 6555 6350 6349
4446 11 2 1 1 357 359 360 2639 1507 1516 1515 6548 3528 3685
4447 11 2 1 1 1715 1698 1702 2627 2042 2004 2040 4115 5300 4599
4448 11 2 1 1 359 433 283 2594 1401 1399 1402 3683 4192 5535
4449 11 2 1 1 213 395 378 2786 1069 1071 1060 4751 5610 4788
4450 11 2 1 1 447 2716 212 2801 5815 6261 1054 5854 6374 5855
4451 11 2 1 1 403 2599 406 2753 5788 6495 1631 5789 6599 5790
4452 11 2 1 1 171 421 493 2792 651 870 867 5798 6474 6381
4453 11 2 1 1 189 192 2575 2794 950 5325 4219 4878 4869 4065
4454 11 2 1 1 211 2786 2566 2801 6303 6304 6284 6444 5179 6393
4455 11 2 1 1 2476 2657 2568 2688 5492 4850 3740 4874 5244 6077
4456 11 2 1 1 154 11 346 1729 539 541 543 4643 3095 1774
4457 11 2 1 1 326 256 328 2565 1284 1283 1282 3451 6388 3808
4458 11 2 1 1 491 360 492 2639 1517 1524 803 5334 2891 3528
4459 11 2 1 1 327 445 444 2640 1457 773 880 4530 4915 5716
4460 11 2 1 1 241 2660 352 2768 4147 6059 971 3868 6060 3714
4461 11 2 1 1 1687 1684 1694 2662 1978 1993 1992 5216 6430 5217
4462 11 2 1 1 2585 2708 2487 2749 3837 3802 3835 5635 5698 6371
4463 11 2 1 1 349 437 347 2684 1299 1493 1496 5264 4439 6265
4464 11 2 1 1 2564 2659 2453 2803 3426 3819 4248 4079 3654 3735
4465 11 2 1 1 2487 2771 2578 2772 4783 4870 4289 4785 3978 4786
4466 11 2 1 1 1731 1659 1725 2569 1879 1748 1880 5809 6275 6115
4467 11 2 1 1 2485 2687 2594 2695 4703 4909 4184 4186 4188 6158
4468 11 2 1 1 1661 20 1669 176 1801 1797 1802 5780 6578 568
4469 11 2 1 1 2537 2656 2465 2719 6255 6462 4369 5296 5295 6486
4470 11 2 1 1 2099 2097 2098 2549 2417 2422 2275 5653 3805 5047
4471 11 2 1 1 2625 2795 2709 2803 5450 6597 5144 3655 5145 6551
4472 11 2 1 1 2052 2555 2124 2776 5822 4991 2271 6299 4952 3981
4473 11 2 1 1 1669 443 412 2663 6577 567 6572 6546 5984 6600
4474 11 2 1 1 424 168 2711 2812 626 6217 5400 5906 3543 6332
4475 11 2 1 1 185 431 273 2672 920 931 930 5965 4151 4342
4476 11 2 1 1 2107 2082 2105 2727 2411 2408 2299 6080 6557 6152
4477 11 2 1 1 1706 1660 1705 2723 1881 1883 1882 6412 6436 6532
4478 11 2 1 1 1711 1694 1736 2662 2010 2035 2034 6071 6202 6430
4479 11 2 1 1 249 494 471 2716 1249 1251 1076 5987 3797 4863
4480 11 2 1 1 2473 2784 2789 2810 6466 6568 6538 5263 6536 6505
4481 11 2 1 1 226 228 227 2807 1133 1132 1128 5463 5005 5425
4482 11 2 1 1 2468 2728 2533 2766 5143 6233 6157 6493 3770 6465
4483 11 2 1 1 1667 5 181 172 1752 521 5668 5720 525 523
4484 11 2 1 1 174 95 2122 416 687 2166 6045 692 6044 691
4485 11 2 1 1 2060 89 165 442 2146 673 3610 5654 674 669
4486 11 2 1 1 238 387 388 2703 1194 1196 1021 5944 5541 5821
4487 11 2 1 1 165 302 322 2740 836 835 834 4821 6146 5237
4488 11 2 1 1 358 357 491 2639 1510 1514 1513 5958 5334 6548
4489 11 2 1 1 75 2569 462 2799 6276 5991 658 6277 5918 5992
4490 11 2 1 1 221 223 243 2651 1107 1110 1109 5287 4162 5608
4491 11 2 1 1 1678 2668 2621 2685 6390 6320 6478 6399 3871 5782
4492 11 2 1 1 2483 2543 2744 2780 4499 5436 5066 3852 6429 3011
4493 11 2 1 1 293 267 284 2705 1338 1336 1339 5204 6245 4286
4494 11 2 1 1 484 453 368 2759 800 1547 1530 5410 5981 6593
4495 11 2 1 1 1706 1719 1660 2607 1886 1885 1881 4901 6531 5390
4496 11 2 1 1 2054 104 452 2062 2193 718 6601 2195 6589 2191
4497 11 2 1 1 2059 2131 2122 2706 2305 2268 2171 6327 6259 6507
4498 11 2 1 1 2090 2625 2095 2748 4723 5579 2406 5265 5580 3394
4499 11 2 1 1 504 167 316 2671 602 846 848 5059 6049 6595
4500 11 2 1 1 1699 1695 1741 2746 2000 2039 2038 4216 5864 6281
4501 11 2 1 1 234 233 232 2743 1162 1158 1163 4594 5401 5706
4502 11 2 1 1 386 382 384 2699 1580 1578 1581 3697 5663 4233
4503 11 2 1 1 27 1740 155 1660 1822 6322 589 1818 6561 1823
4504 11 2 1 1 253 268 237 2707 1190 1189 1187 3428 4238 6216
4505 11 2 1 1 2622 2686 2469 2806 6440 2946 3690 6369 6552 6564
4506 11 2 1 1 6 172 1730 2666 524 5719 1755 6591 5722 5721
4507 11 2 1 1 475 411 412 2663 1644 818 1645 4709 5984 4310
4508 11 2 1 1 2566 2717 2470 2786 4296 4473 4472 6304 5860 5167
4509 11 2 1 1 2515 2610 2712 2767 4348 3664 4927 5155 5405 5045
4510 11 2 1 1 163 2133 111 457 5739 2214 739 740 735 6518
4511 11 2 1 1 303 2714 299 2811 6344 5524 1281 6032 5499 5525
4512 11 2 1 1 466 2735 168 2812 6500 6218 632 6461 6332 6068
4513 11 2 1 1 1716 1705 1662 2640 1893 1895 1894 4719 6470 6437
4514 11 2 1 1 1686 1695 1685 2746 1998 1997 1974 5181 5967 6281
4515 11 2 1 1 156 2125 99 2048 6401 2178 703 6400 2176 2180
4516 11 2 1 1 2553 2693 2494 2741 6503 5892 5553 5333 6225 6206
4517 11 2 1 1 2111 2049 2105 2747 2251 2250 2252 6559 6590 6541
4518 11 2 1 1 262 267 247 2667 1240 1239 1237 6053 3623 3782
4519 11 2 1 1 357 2701 356 2755 6588 6008 1505 6549 6352 6563
4520 11 2 1 1 204 258 415 2737 1014 1026 1025 6566 6330 4539
4521 11 2 1 1 1656 1727 167 2671 1835 6602 6594 5681 6595 5998
4522 11 2 1 1 2533 2474 2766 2800 4297 4616 3770 5963 6544 3376
4523 11 2 1 1 380 383 382 2699 1575 1574 1573 6064 4233 3014
4524 11 2 1 1 2083 2084 2102 2682 2382 2413 2412 5306 4640 5705
4525 11 2 1 1 2447 2617 2726 2804 4837 5534 4651 4352 6297 6448
4526 11 2 1 1 1715 1726 1739 2595 1896 1847 2044 4570 6105 5922
4527 11 2 1 1 1699 1685 1695 2746 1999 1997 2000 4216 6281 5967
4528 11 2 1 1 420 174 94 2121 689 688 684 2900 2161 2899
4529 11 2 1 1 373 375 395 2654 1554 1556 1206 4136 4787 6295
4530 11 2 1 1 2573 2617 2490 2804 6091 4023 6394 6406 6545 6448
4531 11 2 1 1 487 2747 486 2764 6235 5388 1444 6356 5315 5741
4532 11 2 1 1 2105 2058 2561 2747 2298 6230 6556 6590 6231 5974
4533 11 2 1 1 2461 2553 2644 2712 6587 5552 6179 5518 3372 6517
4534 11 2 1 1 312 464 168 2735 853 852 849 5031 6218 4266
4535 11 2 1 1 1740 1660 1719 2607 1823 1885 1887 5391 5390 6531
4536 11 2 1 1 417 469 418 2577 1649 1648 701 6287 5832 4943
4537 11 2 1 1 1704 1691 1706 2637 2022 2024 2023 5710 4817 4605
4538 11 2 1 1 2463 2562 2701 2755 5485 5008 3946 5748 6563 6348
4539 11 2 1 1 2475 2751 2627 2782 5366 5966 4012 3951 5903 4805
4540 11 2 1 1 25 1662 1721 173 1812 1817 1816 581 6423 6424
4541 11 2 1 1 307 306 310 2719 1327 1434 1433 6508 4312 5078
4542 11 2 1 1 2486 2642 2738 2779 5760 6113 5583 3381 5949 3934
4543 11 2 1 1 1660 26 1721 291 1819 1815 1820 6596 6569 586
4544 11 2 1 1 1668 413 2599 2785 6341 6221 6342 6592 5014 6513
4545 11 2 1 1 2535 2476 2736 2740 5396 5470 4016 4081 6366 5417
4546 11 2 1 1 298 477 169 2811 768 650 857 6336 6258 5585
4547 11 2 1 1 155 291 1660 2607 591 6596 6561 6323 6531 6420
4548 11 2 1 1 2481 2707 2535 2750 4569 4174 5170 3627 3940 4801
4549 11 2 1 1 1660 2607 291 2723 6531 6420 6596 6532 6421 3262
4550 11 2 1 1 2516 2573 2783 2804 3167 4077 4078 4354 6603 6406
4551 11 2 1 1 474 397 376 2678 1567 1566 1568 5747 6057 3882
4552 11 2 1 1 359 355 433 2755 1508 1229 1401 4645 6555 6349
4553 11 2 1 1 2131 2089 2051 2567 2263 2260 2264 6506 4322 5830
4554 11 2 1 1 2604 2675 2517 2770 2861 3437 5811 2833 5694 3075
4555 11 2 1 1 2442 2762 2560 2808 5829 5770 5174 4584 5268 6199
4556 11 2 1 1 1696 1711 1738 2775 2011 1912 1871 6562 5489 6411
4557 11 2 1 1 437 344 343 2684 1490 1488 1491 6265 4441 5599
4558 11 2 1 1 2498 2763 2585 2777 3910 4351 3143 4513 5708 5852
4559 11 2 1 1 357 2639 2701 2755 6548 6203 6588 6549 6563 4646
4560 11 2 1 1 322 455 321 2612 1451 1450 838 6018 5254 4385
4561 11 2 1 1 400 401 394 2659 1615 1612 1613 3582 6192 4364
4562 11 2 1 1 2058 2107 2105 2561 2300 2299 2298 6230 6556 5037
4563 11 2 1 1 1705 1716 1693 2739 1893 2031 2029 6438 5774 4829
4564 11 2 1 1 2497 2747 2561 2764 5387 6231 6182 5314 5459 5741
4565 11 2 1 1 2089 2567 2131 2795 5830 6506 2263 5831 6586 5449
4566 11 2 1 1 447 249 212 2716 1066 1065 1054 5815 6261 5987
4567 11 2 1 1 2478 2644 2597 2696 3959 6377 4977 4779 6302 6378
4568 11 2 1 1 66 2052 2118 2776 6409 2141 6604 6355 6605 6299
4569 11 2 1 1 176 1661 21 1720 5780 1800 569 5342 1804 1805
4570 11 2 1 1 2552 2669 2459 2777 4692 4690 4094 4685 6343 6288
4571 11 2 1 1 405 2737 404 2753 6329 5247 1628 6453 4485 5249
4572 11 2 1 1 2125 2106 2048 2690 2246 2245 2180 6402 5638 3780
4573 11 2 1 1 299 2653 296 2811 5496 6455 1429 5499 6606 5500
4574 11 2 1 1 2470 2542 2786 2787 6204 4753 5860 6048 6540 4995
4575 11 2 1 1 394 396 244 2623 1226 991 1224 5808 3368 5795
4576 11 2 1 1 161 1737 18 412 6607 1791 560 564 562 6585
4577 11 2 1 1 2533 2766 2728 2800 3770 6465 6233 5963 5806 6544
4578 11 2 1 1 1721 441 25 173 6489 583 1816 6423 581 585
4579 11 2 1 1 426 246 232 2743 1166 1165 1154 4444 5401 5745
4580 11 2 1 1 2047 2127 2123 2612 2243 2242 2153 5252 3613 4796
4581 11 2 1 1 2106 2061 2128 2690 2311 2313 2312 3780 3290 6417
4582 11 2 1 1 1694 1684 1710 2802 1993 1995 1994 6431 5523 5890
4583 11 2 1 1 442 88 178 2729 670 666 671 5655 6003 6608
4584 11 2 1 1 1688 1687 1696 2775 1980 2008 2007 5291 6562 5292
4585 11 2 1 1 255 186 188 2714 934 932 935 5588 3631 5483
4586 11 2 1 1 2111 2105 2727 2747 2252 6557 5430 6559 6579 6590
4587 11 2 1 1 476 376 374 2678 1559 1558 1560 5394 5185 6057
4588 11 2 1 1 2050 103 478 153 2188 715 3789 3254 716 711
4589 11 2 1 1 2058 2124 2107 2776 2302 2301 2300 6530 4953 4952
4590 11 2 1 1 224 223 222 2618 1112 1108 1113 4807 3568 5607
4591 11 2 1 1 2536 2497 2757 2769 5900 5311 4167 4579 6386 5596
4592 11 2 1 1 272 455 451 2679 1361 1360 1266 3923 6126 3914
4593 11 2 1 1 2446 2552 2669 2778 5542 4692 4422 6273 6308 5764
4594 11 2 1 1 2060 88 442 2729 2145 670 5654 4620 5655 6608
4595 11 2 1 1 1658 154 10 1728 5546 538 1771 1772 1767 4465
4596 11 2 1 1 2516 2783 2565 2804 4078 4903 3452 4354 4353 6603
4597 11 2 1 1 1717 1657 1737 2785 1865 1796 1866 6175 6609 6319
4598 11 2 1 1 2485 2687 2695 2769 4703 6158 4186 4704 6067 3273
4599 11 2 1 1 246 247 234 2743 1175 1174 1164 5745 4594 3624
4600 11 2 1 1 2465 2670 2702 2788 4371 6554 5674 5536 5756 5275
4601 11 2 1 1 454 166 2631 2747 842 6239 5803 5801 5802 6542
4602 11 2 1 1 325 327 173 2640 877 876 878 4529 6469 4530
4603 11 2 1 1 88 2115 178 2729 2143 6002 666 6608 6003 5957
4604 11 2 1 1 1676 1677 1678 2621 1944 1953 1952 3402 6478 3194
4605 11 2 1 1 1729 154 11 1658 4643 539 1774 1775 1770 5546
4606 11 2 1 1 2579 2734 2522 2806 3738 5715 5471 5652 6262 5954
4607 11 2 1 1 2068 2097 2096 2770 2342 2344 2341 6249 5358 5048
4608 11 2 1 1 2112 2099 2053 2636 2278 2276 2279 3370 4118 5135
4609 11 2 1 1 2473 2598 2732 2784 3499 4687 5282 6466 4806 4245
4610 11 2 1 1 6 1654 313 2666 1759 5919 526 6591 6042 6043
4611 11 2 1 1 2122 2051 95 174 2168 2164 2166 6045 687 3556
4612 11 2 1 1 2113 106 483 160 2197 724 6141 6142 725 720
4613 11 2 1 1 2126 114 166 488 2221 748 6238 6370 749 744
4614 11 2 1 1 2518 2702 2670 2788 5582 6554 5912 6222 5275 5756
4615 11 2 1 1 2461 2676 2611 2746 5116 6565 5024 5001 4217 5096
4616 11 2 1 1 1720 22 419 2674 1803 572 5343 5346 5345 6610
4617 11 2 1 1 343 347 437 2684 1492 1493 1491 4441 6265 4439
4618 11 2 1 1 2616 2469 2650 2758 3127 5783 4626 3608 5646 3071
4619 11 2 1 1 156 100 2125 473 702 2179 6401 707 6574 706
4620 11 2 1 1 2120 2049 115 2747 2228 2224 2226 5481 6611 6541
4621 11 2 1 1 2515 2712 2611 2767 4927 5935 5573 5155 4555 5405
4622 11 2 1 1 255 299 303 2714 1277 1281 936 5588 6344 5524
4623 11 2 1 1 2497 2727 2561 2747 5594 6051 6182 5387 6231 6579
4624 11 2 1 1 2478 2792 2705 2813 5072 6473 4649 4481 6476 5280
4625 11 2 1 1 264 429 242 2715 1216 1171 1214 5779 5995 4449
4626 11 2 1 1 414 413 406 2599 558 1636 1632 4226 6495 6221
4627 11 2 1 1 170 68 2632 2812 625 3455 4389 6026 3541 3766
4628 11 2 1 1 2060 2115 88 2729 2147 2143 2145 4620 6608 5957
4629 11 2 1 1 2534 2735 2581 2812 4486 6209 5976 3542 6331 6068
4630 11 2 1 1 292 325 441 2723 1425 879 1423 3169 6490 5754
4631 11 2 1 1 157 467 417 2706 797 796 698 6326 6353 5285
4632 11 2 1 1 245 430 433 2700 1151 1231 1230 5289 5517 2934
4633 11 2 1 1 194 196 195 2614 973 972 968 3199 3186 3420
4634 11 2 1 1 2463 2701 2639 2755 3946 6203 5127 5748 4646 6563
4635 11 2 1 1 2131 2051 2122 2567 2264 2168 2268 6506 6046 4322
4636 11 2 1 1 2615 2773 2494 2797 6418 6226 6514 3688 4548 5968
4637 11 2 1 1 251 194 192 2794 964 963 965 3954 4065 3200
4638 11 2 1 1 1688 1696 1697 2775 2007 1867 2012 5291 3899 6562
4639 11 2 1 1 2077 2087 2103 2642 2385 2388 2387 4494 3933 4993
4640 11 2 1 1 2094 2073 2079 2721 2358 2367 2369 3514 5749 4020
4641 11 2 1 1 495 1659 3 1722 6114 1744 506 5687 1750 1751
4642 11 2 1 1 22 1720 1653 2674 1803 1808 1807 6610 4888 5346
4643 11 2 1 1 2476 2711 2555 2729 5398 2844 5494 5069 5827 6200
4644 11 2 1 1 1714 1700 1731 2767 2018 2045 1909 4207 5810 5118
4645 11 2 1 1 2092 2115 2134 2729 2270 2307 2432 6285 5067 5957
4646 11 2 1 1 2480 2741 2615 2773 5137 6111 6153 5139 6418 5051
4647 11 2 1 1 101 448 2130 473 709 5878 2184 705 5877 710
4648 11 2 1 1 275 468 317 2588 1371 597 1373 6133 5702 6360
4649 11 2 1 1 160 480 481 2772 809 812 811 6143 4784 5445
4650 11 2 1 1 1722 3 495 179 1750 506 5687 4177 519 517
4651 11 2 1 1 2503 2712 2610 2767 3373 3664 3663 4209 5045 5405
4652 11 2 1 1 174 2051 94 2121 3556 2163 688 2899 2161 2165
4653 11 2 1 1 319 320 501 2792 1413 1448 869 4917 6522 3206
4654 11 2 1 1 464 424 168 2711 854 626 852 4265 6217 5400
4655 11 2 1 1 109 492 2055 158 733 5372 2206 729 5990 734
4656 11 2 1 1 2080 2081 2089 2795 2372 2401 2400 5042 5831 6387
4657 11 2 1 1 209 239 381 2717 1049 1051 1040 5028 5226 5515
4658 11 2 1 1 180 499 2058 2776 756 6612 5973 6529 6530 6613
4659 11 2 1 1 2490 2692 2573 2783 4025 3907 6394 5411 4077 5461
4660 11 2 1 1 2114 492 110 457 2886 732 2209 3129 736 737
4661 11 2 1 1 32 177 1727 1665 606 6196 1833 1837 1838 6234
4662 11 2 1 1 87 178 2115 500 667 6002 2142 515 5956 668
4663 11 2 1 1 2631 2727 2497 2747 4900 5594 5682 5802 5387 6579
4664 11 2 1 1 284 493 2705 2792 1408 6472 6245 6547 6473 6474
4665 11 2 1 1 335 496 333 2681 1473 1472 1470 5350 6024 5351
4666 11 2 1 1 2465 2719 2656 2725 5295 6486 6462 3270 5704 5079
4667 11 2 1 1 314 2120 115 2747 5479 2226 751 5480 6611 5481
4668 11 2 1 1 296 2653 298 2811 6455 6268 765 6606 6336 5500
4669 11 2 1 1 405 415 404 2737 1255 1292 1628 6329 5247 6330
4670 11 2 1 1 1717 1670 1657 2663 1864 1863 1865 6208 6317 6121
4671 11 2 1 1 465 467 157 2706 798 797 794 4279 6326 5285
4672 11 2 1 1 1709 1718 1664 2588 1901 1900 1902 3537 6006 5618
4673 11 2 1 1 2478 2602 2644 2696 3563 5152 3959 4779 6378 5723
4674 11 2 1 1 74 495 446 2569 660 663 662 5971 5613 5688
4675 11 2 1 1 2535 2736 2679 2740 4016 5673 4172 4081 6147 6366
4676 11 2 1 1 2046 106 483 2113 2199 724 6510 2201 6141 2197
4677 11 2 1 1 109 492 2114 2055 733 2886 2208 2206 2210 5372
4678 11 2 1 1 418 156 99 2048 704 703 699 5833 2176 6400
4679 11 2 1 1 156 470 472 2690 789 792 791 6403 4683 5621
4680 11 2 1 1 190 236 237 2619 952 955 954 3047 4237 4403
4681 11 2 1 1 385 205 207 2601 1029 1027 1030 4813 5039 4775
4682 11 2 1 1 2061 101 2130 473 2182 2184 2186 5945 5877 705
4683 11 2 1 1 2548 2468 2709 2795 6170 6492 3339 5930 6597 4242
4684 11 2 1 1 167 1656 31 1727 6594 1830 601 6602 1834 1835
4685 11 2 1 1 166 488 454 2631 749 843 842 6239 5803 6313
4686 11 2 1 1 2512 2708 2585 2749 5452 3837 5202 3667 5635 6371
4687 11 2 1 1 286 315 287 2671 844 1411 1352 4675 3398 6097
4688 11 2 1 1 2047 2132 2127 2612 2240 2244 2243 5252 4796 4425
4689 11 2 1 1 2108 2132 2119 2645 2436 2241 2290 4972 5569 4424
4690 11 2 1 1 2637 2726 2516 2739 6407 5601 5942 5711 4320 4653
4691 11 2 1 1 100 2061 2125 473 2181 2183 2179 706 6574 5945
4692 11 2 1 1 290 155 288 2607 784 786 785 3490 4074 6323
4693 11 2 1 1 1698 1686 1702 2627 2003 2005 2004 4599 5300 5319
4694 11 2 1 1 2613 2473 2732 2789 4308 5282 4740 6534 6598 6538
4695 11 2 1 1 1740 1664 28 468 1826 1825 1821 6093 592 6092
4696 11 2 1 1 2574 2744 2489 2774 4197 6124 6100 3222 5604 5164
4697 11 2 1 1 2116 2104 2059 2706 2304 2303 2174 6392 6327 4743
4698 11 2 1 1 2079 2091 2095 2748 2395 2398 2397 5750 5580 4557
4699 11 2 1 1 2484 2542 2716 2801 3458 3673 4116 5794 5855 6223
4700 11 2 1 1 2722 2789 2528 2810 6535 6567 6035 6096 6384 6536
4701 11 2 1 1 1662 1705 1721 2723 1895 1884 1817 6426 6425 6436
4702 11 2 1 1 1715 1742 1663 2683 1899 1898 1897 4171 5996 5624
4703 11 2 1 1 454 486 166 2747 841 840 842 5801 6542 5388
4704 11 2 1 1 260 2656 311 2719 6375 6254 1302 6443 6485 6486
4705 11 2 1 1 2576 2705 2478 2792 4581 4649 3561 3438 5072 6473
4706 11 2 1 1 1670 1692 1672 2620 1926 1925 1924 6119 4153 4941
4707 11 2 1 1 2093 2082 2107 2638 2379 2411 2410 5147 4951 5577
4708 11 2 1 1 153 2050 102 2130 3254 2187 712 6614 2185 2189
4709 11 2 1 1 299 296 298 2811 1429 765 1430 5499 6336 6606
4710 11 2 1 1 407 409 2722 2810 1638 6095 6272 6385 6096 5662
4711 11 2 1 1 321 165 322 2612 677 834 838 5254 6018 3611
4712 11 2 1 1 241 428 352 2660 1208 1207 971 4147 6059 6013
4713 11 2 1 1 377 374 370 2771 1551 1550 1552 5812 4677 5188
4714 11 2 1 1 2698 2780 2489 2798 6449 6428 4713 6213 5676 6193
4715 11 2 1 1 272 451 252 2679 1266 1263 1264 3923 3323 6126
4716 11 2 1 1 6 313 172 2666 526 528 524 6591 5721 6042
4717 11 2 1 1 74 479 73 2648 653 652 84 5972 6166 4414
4718 11 2 1 1 2053 111 2133 457 2212 2214 2216 4614 6518 735
4719 11 2 1 1 433 355 245 2700 1229 1228 1230 5517 5289 6280
4720 11 2 1 1 392 2730 388 2800 4152 5566 1011 4571 6484 3213
4721 11 2 1 1 469 390 425 2809 1604 1596 1605 4946 6214 5134
4722 11 2 1 1 293 260 318 2656 1304 1181 1305 5140 3229 6375
4723 11 2 1 1 2118 2058 499 2776 2232 6612 6615 6605 6613 6530
4724 11 2 1 1 491 158 484 2759 801 799 802 5335 5410 5691
4725 11 2 1 1 476 153 474 2678 776 774 777 5394 5747 3256
4726 11 2 1 1 356 357 358 2701 1505 1510 1509 6008 5379 6588
4727 11 2 1 1 2082 2093 2075 2638 2379 2378 2375 5577 3651 5147
4728 11 2 1 1 330 332 445 2796 1461 771 1460 6340 6022 5302
4729 11 2 1 1 2090 2081 2095 2625 2405 2407 2406 4723 5579 3030
4730 11 2 1 1 334 333 331 2681 1465 1464 1466 5053 5505 6024
4731 11 2 1 1 74 462 75 2569 659 658 85 5971 6276 5991
4732 11 2 1 1 160 2113 105 2772 6142 2196 721 6143 6616 6144
4733 11 2 1 1 466 297 168 2735 767 851 632 6500 6218 6136
4734 11 2 1 1 2615 2741 2494 2773 6111 6225 6514 6418 6226 5051
4735 11 2 1 1 450 2711 436 2729 6164 6256 902 6533 6282 6200
4736 11 2 1 1 2541 2763 2498 2777 5416 3910 4169 4511 4513 5852
4737 11 2 1 1 2522 2686 2579 2806 3410 5887 5471 6262 5652 6564
4738 11 2 1 1 1743 1707 1653 2674 1843 1842 1844 4336 4888 2958
4739 11 2 1 1 1689 1712 1690 2610 2016 2015 1988 5309 5446 5491
4740 11 2 1 1 279 451 322 2740 1271 1388 1387 6189 6146 6290
4741 11 2 1 1 2105 2561 2727 2747 6556 6051 6557 6590 6579 6231
4742 11 2 1 1 2468 2706 2567 2795 5141 4280 5142 4242 5449 4745
4743 11 2 1 1 2566 2786 2542 2801 6304 4753 4845 5179 6223 6393
4744 11 2 1 1 376 375 374 2756 1557 1555 1558 6117 5813 6296
4745 11 2 1 1 357 356 355 2755 1505 1503 1506 6549 6349 6352
4746 11 2 1 1 1718 1712 1656 2671 1857 1859 1858 5619 5681 5215
4747 11 2 1 1 2468 2795 2567 2803 4242 5449 5142 6364 3734 6551
4748 11 2 1 1 468 288 155 2607 787 786 594 6094 6323 4074
4749 11 2 1 1 1660 155 27 291 6561 589 1818 6596 587 591
4750 11 2 1 1 219 372 371 2763 1099 1101 1090 5378 5235 5222
4751 11 2 1 1 2581 2724 2501 2812 4727 4728 4725 6331 5847 6027
4752 11 2 1 1 2468 2709 2795 2803 6492 6597 4242 6364 6551 5145
4753 11 2 1 1 317 1664 29 1733 6171 1824 598 5701 1828 1829
4754 11 2 1 1 2117 453 108 2759 6617 726 2203 6501 6618 6593
4755 11 2 1 1 264 274 281 2695 1316 1322 1321 5778 4478 5683
4756 11 2 1 1 2641 2664 2457 2793 5744 5507 4159 5561 4928 6519
4757 11 2 1 1 235 260 254 2725 1180 1179 1178 5703 4894 6396
4758 11 2 1 1 1739 1654 1734 2666 1848 1849 1851 5853 4612 6043
4759 11 2 1 1 421 150 294 2813 644 758 757 6382 6526 6525
4760 11 2 1 1 448 153 102 2130 713 712 708 5878 2185 6614
4761 11 2 1 1 2091 2108 2095 2748 2435 2434 2398 4557 5580 4973
4762 11 2 1 1 2457 2664 2629 2793 5507 3473 5026 4928 6395 6519
4763 11 2 1 1 260 311 306 2719 1302 1306 1273 6443 5078 6485
4764 11 2 1 1 193 241 352 2768 969 971 960 4493 6060 3868
4765 11 2 1 1 1665 1725 498 2799 1839 6397 6619 6001 6398 6278
4766 11 2 1 1 308 487 486 2764 1440 1444 1443 5606 5315 6356
4767 11 2 1 1 282 264 281 2695 1323 1321 1324 4378 4478 5778
4768 11 2 1 1 500 2115 87 2052 5956 2142 515 5824 2138 2144
4769 11 2 1 1 167 1727 315 2671 6602 6098 605 6595 6097 5998
4770 11 2 1 1 2053 2114 110 457 2213 2209 2211 4614 736 3129
4771 11 2 1 1 501 2648 171 2792 6521 5797 657 6522 5798 3413
4772 11 2 1 1 280 436 464 2711 1389 1392 1391 3279 4265 6256
4773 11 2 1 1 483 368 453 2680 1546 1547 728 6511 6512 5980
4774 11 2 1 1 254 242 235 2725 1177 1170 1178 4894 5703 6151
4775 11 2 1 1 362 365 364 2708 1527 1526 1525 5294 5451 5119
4776 11 2 1 1 2055 2117 108 2759 2207 2203 2205 4672 6618 6501
4777 11 2 1 1 17 1668 1737 2785 1788 1793 1792 6620 6609 6592
4778 11 2 1 1 2078 2093 2092 2688 2377 2394 2393 5467 5889 5316
4779 11 2 1 1 1724 1716 1662 2640 1845 1894 1814 4914 6470 4719
4780 11 2 1 1 390 467 391 2728 1603 1602 1599 5133 5713 4962
4781 11 2 1 1 405 2753 406 2810 6453 6599 1630 6383 6496 6454
4782 11 2 1 1 452 2771 480 2772 5002 5444 810 5003 5445 4786
4783 11 2 1 1 2469 2677 2650 2806 2969 5943 5783 6552 6576 6263
4784 11 2 1 1 496 475 443 2663 1479 1647 893 5349 6600 4709
4785 11 2 1 1 2113 2054 105 2772 2198 2194 2196 6144 6616 5035
4786 11 2 1 1 409 447 408 2722 1640 1056 1637 6095 4452 5818
4787 11 2 1 1 2071 2073 2094 2721 2355 2358 2357 5347 3514 4020
4788 11 2 1 1 1682 1700 1689 2767 1984 1986 1983 5154 5156 5118
4789 11 2 1 1 327 328 445 2796 1456 1458 1457 4125 6022 6205
4790 11 2 1 1 177 315 32 1727 608 604 606 6196 1833 6098
4791 11 2 1 1 280 279 302 2740 1347 1386 1385 4080 5237 6189
4792 11 2 1 1 428 271 352 2660 1357 1186 1207 6013 6059 4141
4793 11 2 1 1 1665 33 498 1725 1836 507 6619 1839 6397 1747
4794 11 2 1 1 309 307 497 2764 1437 1439 1438 6116 6441 6140
4795 11 2 1 1 498 177 33 1665 609 607 507 6619 1836 6234
4796 11 2 1 1 170 422 497 2632 627 865 864 4389 4129 4892
4797 11 2 1 1 350 162 402 2647 552 820 819 4671 3387 6499
4798 11 2 1 1 2613 2484 2722 2789 4926 5793 5817 6534 6535 6580
4799 11 2 1 1 2052 2 66 2118 2137 76 6409 2141 6604 2140
4800 11 2 1 1 75 495 74 2569 509 660 85 6276 5971 5688
4801 11 2 1 1 389 388 387 2800 1592 1196 1593 6445 6447 6484
4802 11 2 1 1 261 247 246 2667 1232 1175 1233 6315 6005 3623
4803 11 2 1 1 301 305 277 2742 1380 917 1377 6040 5502 6029
4804 11 2 1 1 406 2753 2599 2810 6599 5790 6495 6496 6498 6454
4805 11 2 1 1 498 177 1665 2799 609 6234 6619 6398 6001 6197
4806 11 2 1 1 2565 2783 2490 2804 4903 5411 6011 4353 6545 6603
4807 11 2 1 1 2133 112 490 163 2215 742 5520 5739 743 738
4808 11 2 1 1 2443 2732 2784 2789 3996 4806 4243 6573 6568 6598
4809 11 2 1 1 422 170 68 2632 627 625 616 4892 3455 4389
4810 11 2 1 1 392 199 201 2730 999 997 1000 4152 5938 6248
4811 11 2 1 1 391 389 390 2728 1598 1594 1599 5713 5133 6479
4812 11 2 1 1 156 472 473 2690 791 793 707 6403 6293 4683
4813 11 2 1 1 2078 2092 2088 2688 2393 2392 2391 5467 4873 5889
4814 11 2 1 1 1731 1665 1714 2799 1908 1905 1909 6335 4234 6001
4815 11 2 1 1 2086 2097 2068 2770 2343 2342 2332 2831 6249 5048
4816 11 2 1 1 389 392 388 2800 1597 1011 1592 6445 6484 4571
4817 11 2 1 1 472 384 383 2699 1582 1579 1583 4639 3014 5663
4818 11 2 1 1 2468 2738 2709 2766 6082 3300 6492 6493 5769 6122
4819 11 2 1 1 2089 2104 2080 2795 2404 2403 2400 5831 5042 3603
4820 11 2 1 1 2085 2065 2101 2634 2319 2327 2329 5476 3121 3989
4821 11 2 1 1 363 243 223 2651 1121 1110 1119 4982 5608 4162
4822 11 2 1 1 490 2057 112 2133 3239 2217 742 5520 2215 2219
4823 11 2 1 1 2061 2106 2125 2690 2311 2246 2183 6417 6402 3780
4824 11 2 1 1 214 249 471 2716 1064 1076 1075 3672 3797 5987
4825 11 2 1 1 75 462 498 2799 658 665 510 6277 6398 5918
4826 11 2 1 1 155 290 291 2607 784 788 591 6323 6420 3490
4827 11 2 1 1 458 159 351 2645 804 683 805 3285 5568 6571
4828 11 2 1 1 28 1740 468 155 1821 6093 592 590 594 6322
4829 11 2 1 1 201 388 392 2730 1009 1011 1000 5938 4152 5566
4830 11 2 1 1 376 379 375 2756 1563 1562 1557 6117 6296 5088
4831 11 2 1 1 1703 1679 1683 2761 1956 1969 1971 5365 5730 5729
4832 11 2 1 1 2490 2783 2573 2804 5411 4077 6394 6545 6406 6603
4833 11 2 1 1 300 303 299 2811 1379 1281 1431 5660 5499 6032
4834 11 2 1 1 2066 2064 2100 2675 2322 2324 2323 5428 5848 3435
4835 11 2 1 1 1704 1706 1705 2637 2023 1882 2030 5710 6483 4817
4836 11 2 1 1 421 72 71 2813 640 82 641 6382 5873 4979
4837 11 2 1 1 370 367 480 2771 1543 1545 1544 4677 5444 4842
4838 11 2 1 1 293 311 260 2656 1303 1302 1304 5140 6375 6254
4839 11 2 1 1 1678 1681 1701 2685 1957 1966 1965 6399 5029 3695
4840 11 2 1 1 1679 1678 1680 2668 1955 1963 1962 5786 5689 6390
4841 11 2 1 1 324 323 248 2783 1242 1244 1243 4344 5867 6558
4842 11 2 1 1 407 409 408 2722 1638 1637 1256 6272 4452 6095
4843 11 2 1 1 429 233 242 2715 1160 1169 1171 4449 5995 5572
4844 11 2 1 1 2443 2655 2732 2789 3995 3469 3996 6573 6598 6584
4845 11 2 1 1 2112 2053 2133 2636 2279 2216 2280 3370 5521 4118
4846 11 2 1 1 2057 113 2126 488 2218 2220 2222 6312 6370 745
4847 11 2 1 1 441 291 292 2723 588 1420 1423 6490 3169 6421
4848 11 2 1 1 166 115 2049 2747 747 2224 6237 6542 6541 6611
4849 11 2 1 1 17 1737 161 2785 1792 6607 559 6620 6362 6609
4850 11 2 1 1 17 413 1668 2785 557 6341 1788 6620 6592 6513
4851 11 2 1 1 171 501 73 2648 657 655 648 5797 6166 6521
4852 11 2 1 1 450 436 178 2729 902 901 903 6533 6003 6282
4853 11 2 1 1 1676 1679 1703 2761 1954 1956 1948 3806 5365 5729
4854 11 2 1 1 160 105 452 2772 721 717 722 6143 5003 6616
4855 11 2 1 1 400 434 401 2659 1623 1622 1615 3582 4364 5168
4856 11 2 1 1 1711 1687 1694 2662 2009 1992 2010 6071 6430 5216
4857 11 2 1 1 228 353 230 2692 1145 1144 1143 4764 4964 4477
4858 11 2 1 1 405 406 407 2810 1630 1633 1253 6383 6385 6496
4859 11 2 1 1 378 239 211 2786 1061 1050 1059 5610 6303 5516
4860 11 2 1 1 2058 499 117 2118 6612 516 2230 2232 2139 6615
4861 11 2 1 1 425 384 470 2809 1588 1590 1589 6214 5622 5664
4862 11 2 1 1 2536 2757 2695 2769 4167 5685 6066 4579 6067 6386
4863 11 2 1 1 266 288 275 2661 1332 1331 1310 4662 6134 3901
4864 11 2 1 1 381 239 380 2717 1051 1199 1201 5226 6065 5515
4865 11 2 1 1 189 427 192 2794 939 951 950 4878 4065 5259
4866 11 2 1 1 314 115 166 2747 751 747 752 5480 6542 6611
4867 11 2 1 1 355 359 357 2755 1508 1507 1506 6349 6549 4645
4868 11 2 1 1 361 356 358 2701 1511 1509 1512 4983 5379 6008
4869 11 2 1 1 2108 2119 2056 2645 2290 2159 2289 4972 4036 5569
4870 11 2 1 1 2052 2124 2118 2776 2271 2273 2141 6299 6605 4952
4871 11 2 1 1 493 294 284 2705 1407 1406 1408 6472 6245 6269
4872 11 2 1 1 2473 2785 2599 2810 4305 5014 5526 5263 6498 5556
4873 11 2 1 1 117 499 2058 180 516 6612 2230 753 5973 756
4874 11 2 1 1 315 167 31 1727 605 601 603 6098 1834 6602
4875 11 2 1 1 1 75 1725 1659 86 6274 1746 1745 1748 6310
4876 11 2 1 1 1656 1712 1727 2671 1859 1860 1835 5681 5998 5215
4877 11 2 1 1 248 353 228 2692 1146 1145 1134 5866 4764 4477
4878 11 2 1 1 326 324 337 2783 1454 1246 1285 5406 4897 4344
4879 11 2 1 1 2089 2131 2104 2795 2263 2306 2404 5831 3603 6586
4880 11 2 1 1 212 249 214 2716 1065 1064 1063 6261 3672 5987
4881 11 2 1 1 407 410 409 2810 1634 1639 1638 6385 5662 5932
4882 11 2 1 1 158 2055 108 2759 5990 2205 730 5691 6618 4672
4883 11 2 1 1 284 319 493 2792 1349 866 1408 6547 6474 4917
4884 11 2 1 1 1710 1735 1713 2802 2027 1920 2033 5523 6185 3885
4885 11 2 1 1 432 404 258 2737 1294 1293 1295 6112 4539 5247
4886 11 2 1 1 444 173 327 2640 582 876 880 4915 4530 6469
4887 11 2 1 1 340 338 341 2683 1481 537 1482 2925 4538 5997
4888 11 2 1 1 332 502 419 2674 1468 892 769 4183 5345 5959
4889 11 2 1 1 113 2057 490 488 2218 3239 741 745 746 6312
4890 11 2 1 1 2131 2059 2104 2706 2305 2303 2306 6507 4743 6327
4891 11 2 1 1 445 332 152 2674 771 770 772 5718 6405 4183
4892 11 2 1 1 69 423 70 2724 629 628 80 6338 5895 6339
4893 11 2 1 1 503 462 320 2799 899 1449 1415 4848 5375 5918
4894 11 2 1 1 452 105 2054 2772 717 2194 6601 5003 5035 6616
4895 11 2 1 1 172 313 183 2666 528 875 874 5721 2947 6042
4896 11 2 1 1 2136 2064 2054 2772 2284 2283 2285 5564 5035 4912
4897 11 2 1 1 108 453 158 2759 726 731 730 6618 5691 6593
4898 11 2 1 1 66 449 67 2776 611 610 77 6355 3980 5354
4899 11 2 1 1 500 2 66 2052 513 76 514 5824 6409 2137
4900 11 2 1 1 360 491 357 2639 1517 1514 1515 3528 6548 5334
4901 11 2 1 1 334 494 335 2681 1475 1474 1471 5053 5350 4862
4902 11 2 1 1 302 442 436 2729 837 900 1390 5236 6282 5655
4903 11 2 1 1 286 316 167 2671 847 846 845 4675 6595 6049
4904 11 2 1 1 2650 2731 2495 2758 5842 4358 4627 5646 4157 5124
4905 11 2 1 1 446 301 479 2742 1432 860 661 5859 4417 6040
4906 11 2 1 1 452 377 480 2771 1570 1553 810 5002 5444 5812
4907 11 2 1 1 2448 2731 2650 2806 4432 5842 5843 5650 6576 5651
4908 11 2 1 1 2473 2784 2732 2789 6466 4806 5282 6538 6598 6568
4909 11 2 1 1 17 161 413 2785 559 561 557 6620 6513 6362
4910 11 2 1 1 1705 1660 1721 2723 1883 1820 1884 6436 6425 6532
4911 11 2 1 1 2118 499 66 2776 6615 511 6604 6605 6355 6613
4912 11 2 1 1 314 486 487 2747 839 1444 909 5480 6235 5388
4913 11 2 1 1 186 255 303 2714 934 936 925 5483 6344 5588
4914 11 2 1 1 378 211 213 2786 1059 1057 1060 5610 4751 6303
4915 11 2 1 1 193 352 191 2768 960 959 957 4493 6138 6060
4916 11 2 1 1 266 275 261 2661 1310 1309 1234 4662 6292 6134
4917 11 2 1 1 413 161 410 2785 561 816 817 6513 5931 6362
4918 11 2 1 1 2100 2086 2066 2675 2334 2333 2323 5848 5428 2860
4919 11 2 1 1 274 336 454 2757 1320 1370 1369 5684 5804 5320
4920 11 2 1 1 384 382 383 2699 1578 1574 1579 5663 3014 4233
4921 11 2 1 1 312 297 276 2735 850 1376 1344 5031 4802 6136
4922 11 2 1 1 447 212 210 2801 1054 1053 1055 5854 4199 6374
4923 11 2 1 1 309 308 307 2764 1436 1329 1437 6116 6140 5606
4924 11 2 1 1 1663 9 8 338 1764 40 1765 5951 532 533
4925 11 2 1 1 469 425 470 2809 1605 1589 1650 4946 5622 6214
4926 11 2 1 1 1723 1736 1655 2647 1856 1855 1784 4134 6450 6201
4927 11 2 1 1 483 481 368 2680 813 1538 1546 6511 5980 4934
4928 11 2 1 1 259 349 435 2805 1298 1297 1006 6224 6088 6359
4929 11 2 1 1 1731 1725 1665 2799 1880 1839 1908 6335 6001 6278
4930 11 2 1 1 93 92 159 2056 124 682 681 2158 6487 2157
4931 11 2 1 1 257 220 218 2765 1094 1093 1095 5792 5279 4717
4932 11 2 1 1 200 259 435 2805 994 1006 1005 5909 6088 6224
4933 11 2 1 1 22 1653 152 2674 1807 6404 574 6610 6405 4888
4934 11 2 1 1 293 284 294 2705 1339 1406 1405 5204 6269 6245
4935 11 2 1 1 454 488 285 2631 843 1409 1368 5803 3661 6313
4936 11 2 1 1 485 163 482 2636 826 824 827 3065 5304 5740
4937 11 2 1 1 22 152 419 2674 574 576 572 6610 5345 6405
4938 11 2 1 1 468 1664 29 317 6092 1824 593 597 598 6171
4939 11 2 1 1 163 457 482 2636 740 825 824 5740 5304 3130
4940 11 2 1 1 362 368 365 2708 1529 1528 1527 5294 5119 5979
4941 11 2 1 1 1730 1734 1654 2666 1850 1849 1760 5722 6043 4612
4942 11 2 1 1 315 286 167 2671 844 845 605 6097 6595 4675
4943 11 2 1 1 2058 2118 2124 2776 2232 2273 2302 6530 4952 6605
4944 11 2 1 1 14 13 1723 350 45 1780 1779 548 4670 547
4945 11 2 1 1 1657 1670 1669 2663 1863 1862 1799 6317 6546 6121
4946 11 2 1 1 212 211 210 2801 1052 1048 1053 6374 4199 6444
4947 11 2 1 1 334 335 333 2681 1471 1470 1465 5053 6024 5350
4948 11 2 1 1 274 263 336 2757 1317 1318 1320 5684 5320 5374
4949 11 2 1 1 456 257 218 2765 1096 1095 1084 5538 5279 5792
4950 11 2 1 1 371 372 366 2763 1101 1533 1541 5235 6109 5222
4951 11 2 1 1 1742 1728 1663 2683 1874 1769 1898 5624 5996 4537
4952 11 2 1 1 2082 2083 2105 2727 2380 2409 2408 6152 6557 5307
4953 11 2 1 1 225 224 226 2807 1118 1123 1122 5338 5463 4811
4954 11 2 1 1 178 88 87 2115 666 119 667 6002 2142 2143
4955 11 2 1 1 1694 1713 1736 2802 2032 1854 2035 6431 6309 6185
4956 11 2 1 1 412 443 475 2663 567 1647 1645 5984 4709 6600
4957 11 2 1 1 300 298 169 2811 855 857 856 5660 6258 6336
4958 11 2 1 1 175 12 13 1666 544 44 545 4000 1776 1777
4959 11 2 1 1 234 232 246 2743 1163 1165 1164 4594 5745 5401
4960 11 2 1 1 417 98 97 2116 696 129 697 6286 2172 2173
4961 11 2 1 1 30 504 1733 1656 596 5054 1827 1831 1832 5680
4962 11 2 1 1 489 150 423 2724 760 638 761 6357 6339 6524
4963 11 2 1 1 152 332 419 2674 770 769 576 6405 5345 4183
4964 11 2 1 1 2111 2105 2083 2727 2252 2409 2414 5430 5307 6557
4965 11 2 1 1 1 75 1659 495 86 6310 1745 505 6114 509
4966 11 2 1 1 322 302 279 2740 835 1386 1387 6146 6189 5237
4967 11 2 1 1 1660 27 26 291 1818 58 1819 6596 586 587
4968 11 2 1 1 421 71 150 2813 641 634 644 6382 6525 5873
4969 11 2 1 1 70 423 150 2724 628 638 635 5895 6524 6339
4970 11 2 1 1 154 10 11 1658 538 42 539 5546 1770 1771
4971 11 2 1 1 328 329 330 2796 1286 1287 1459 6205 6340 4597
4972 11 2 1 1 2134 2115 2060 2729 2307 2147 2308 5067 4620 5957
4973 11 2 1 1 376 476 474 2678 1559 777 1568 6057 5747 5394
4974 11 2 1 1 4 3 1722 179 35 1750 1749 518 4177 517
4975 11 2 1 1 413 16 17 1668 556 48 557 6341 1788 1789
4976 11 2 1 1 2059 96 97 157 2169 128 2170 6324 693 694
4977 11 2 1 1 227 225 226 2807 1127 1122 1128 5005 5463 5338
4978 11 2 1 1 94 95 2051 174 126 2164 2163 688 3556 687
4979 11 2 1 1 501 74 73 2648 654 84 655 6521 6166 5972
4980 11 2 1 1 403 405 404 2753 1629 1628 1627 5789 4485 6453
4981 11 2 1 1 2047 90 91 321 2151 122 2152 5250 675 676
4982 11 2 1 1 313 6 7 1654 526 38 527 5919 1758 1759
4983 11 2 1 1 180 449 499 2776 911 614 756 6529 6613 5354
4984 11 2 1 1 1655 15 14 162 1782 46 1783 6515 550 551
4985 11 2 1 1 168 424 68 2812 626 619 622 6332 3766 5906
4986 11 2 1 1 2058 116 117 180 2229 148 2230 5973 753 754
4987 11 2 1 1 499 66 2 2118 511 76 512 6615 2140 6604
4988 11 2 1 1 403 406 405 2753 1631 1630 1629 5789 6453 6599
4989 11 2 1 1 2055 108 109 158 2205 140 2206 5990 729 730
4990 11 2 1 1 261 262 247 2667 1238 1237 1232 6315 3623 6053
4991 11 2 1 1 4 5 181 1667 36 521 520 1753 5668 1752
4992 11 2 1 1 501 171 319 2792 657 868 869 6522 4917 5798
4993 11 2 1 1 170 69 68 2812 624 79 625 6026 3766 6458
4994 11 2 1 1 2105 2049 2120 2747 2250 2228 2253 6590 5481 6541
4995 11 2 1 1 427 251 192 2794 966 965 951 5259 4065 3954
4996 11 2 1 1 1720 1743 1653 2674 1846 1844 1808 5346 4888 4336
4997 11 2 1 1 25 24 1662 173 56 1813 1812 581 6424 580
4998 11 2 1 1 1661 21 20 176 1800 52 1801 5780 568 569
4999 11 2 1 1 2060 88 89 442 2145 120 2146 5654 669 670
5000 11 2 1 1 1700 1714 1689 2767 2018 2017 1986 5118 5156 4207
5001 11 2 1 1 1 75 498 1725 86 510 508 1746 6397 6274
5002 11 2 1 1 464 436 424 2711 1392 1652 854 4265 5400 6256
5003 11 2 1 1 297 312 168 2735 850 849 851 6136 6218 5031
5004 11 2 1 1 404 415 258 2737 1292 1026 1293 5247 4539 6330
5005 11 2 1 1 324 248 337 2783 1243 1136 1246 4344 4897 5867
5006 11 2 1 1 177 32 33 1665 606 64 607 6234 1836 1837
5007 11 2 1 1 414 15 16 1732 553 47 554 4224 1785 1786
5008 11 2 1 1 2055 2109 2117 2759 2287 2238 2207 4672 6501 4607
5009 11 2 1 1 5 6 172 1730 37 524 523 1756 5719 1755
5010 11 2 1 1 99 98 418 2048 130 700 699 2176 5833 2175
5011 11 2 1 1 450 424 436 2711 621 1652 902 6164 6256 5400
5012 11 2 1 1 483 107 106 2046 723 138 724 6510 2199 2200
5013 11 2 1 1 487 308 309 2764 1440 1436 1441 6356 6116 5606
5014 11 2 1 1 452 480 160 2772 810 809 722 5003 6143 5445
5015 11 2 1 1 1659 3 1 495 1744 34 1745 6114 505 506
5016 11 2 1 1 410 407 406 2810 1634 1633 1635 5932 6496 6385
5017 11 2 1 1 1664 29 28 468 1824 60 1825 6092 592 593
5018 11 2 1 1 2123 89 90 165 2148 121 2149 3609 672 673
5019 11 2 1 1 105 104 452 2054 136 718 717 2194 6601 2193
5020 11 2 1 1 1726 8 7 164 1761 39 1762 6009 529 530
5021 11 2 1 1 499 449 66 2776 614 611 511 6613 6355 5354
5022 11 2 1 1 19 18 1657 412 50 1795 1794 563 6318 562
5023 11 2 1 1 92 91 351 2119 123 679 678 2155 5297 2154
5024 11 2 1 1 112 113 2057 490 144 2218 2217 742 3239 741
5025 11 2 1 1 168 69 466 2812 623 630 632 6332 6461 6458
5026 11 2 1 1 2120 115 116 314 2226 147 2227 5479 750 751
5027 11 2 1 1 310 311 489 2719 1435 1428 1447 4312 6456 6485
5028 11 2 1 1 115 114 166 2049 146 748 747 2224 6237 2223
5029 11 2 1 1 2113 2136 2054 2772 2239 2285 2198 6144 5035 5564
5030 11 2 1 1 310 306 311 2719 1434 1306 1435 4312 6485 5078
5031 11 2 1 1 442 178 436 2729 671 901 900 5655 6282 6003
5032 11 2 1 1 377 370 480 2771 1552 1544 1553 5812 5444 4677
5033 11 2 1 1 1710 1713 1694 2802 2033 2032 1994 5523 6431 6185
5034 11 2 1 1 305 301 446 2742 1380 1432 907 6029 5859 6040
5035 11 2 1 1 107 108 2117 453 139 2203 2202 727 6617 726
5036 11 2 1 1 1717 1668 1735 2785 1922 1919 1921 6175 4306 6592
5037 11 2 1 1 1724 24 23 444 1809 55 1810 4886 577 578
5038 11 2 1 1 2053 110 111 457 2211 142 2212 4614 735 736
5039 11 2 1 1 419 21 22 1720 571 53 572 5343 1803 1804
5040 11 2 1 1 2050 102 103 153 2187 134 2188 3254 711 712
5041 11 2 1 1 23 22 1653 152 54 1807 1806 575 6404 574
5042 11 2 1 1 1656 31 30 167 1830 62 1831 6594 600 601
5043 11 2 1 1 30 504 1656 167 596 5680 1831 600 6594 602
5044 11 2 1 1 498 462 177 2799 665 898 609 6398 6197 5918
5045 11 2 1 1 168 68 69 2812 622 79 623 6332 6458 3766
5046 11 2 1 1 99 100 2125 156 131 2179 2178 703 6401 702
5047 11 2 1 1 503 177 462 2799 897 898 899 4848 5918 6197
5048 11 2 1 1 87 2 500 2052 118 513 515 2138 5824 2137
5049 11 2 1 1 10 9 1728 341 41 1768 1767 536 4464 535
5050 11 2 1 1 105 106 2113 160 137 2197 2196 721 6142 720
5051 11 2 1 1 328 330 445 2796 1459 1460 1458 6205 6022 6340
5052 11 2 1 1 158 453 484 2759 731 800 799 5691 5410 6593
5053 11 2 1 1 2061 100 101 473 2181 132 2182 5945 705 706
5054 11 2 1 1 346 11 12 1729 541 43 542 3095 1773 1774
5055 11 2 1 1 420 94 93 2121 684 125 685 2900 2160 2161
5056 11 2 1 1 25 26 441 1721 57 584 583 1816 6489 1815
5057 11 2 1 1 504 317 29 1733 599 598 595 5054 1828 5701
5058 11 2 1 1 319 171 493 2792 868 867 866 4917 6474 5798
5059 11 2 1 1 299 298 300 2811 1430 855 1431 5499 5660 6336
5060 11 2 1 1 95 96 2122 416 127 2167 2166 691 6044 690
5061 11 2 1 1 1669 20 19 443 1797 51 1798 6577 565 566
5062 11 2 1 1 315 31 32 1727 603 63 604 6098 1833 1834
5063 11 2 1 1 102 101 448 2130 133 709 708 2185 5878 2184
5064 11 2 1 1 1737 1668 1717 2785 1793 1922 1866 6609 6175 6592
5065 11 2 1 1 499 2 117 2118 512 149 516 6615 2139 2140
5066 11 2 1 1 2133 111 112 163 2214 143 2215 5739 738 739
5067 11 2 1 1 314 166 486 2747 752 840 839 5480 5388 6542
5068 11 2 1 1 1737 18 17 161 1791 49 1792 6607 559 560
5069 11 2 1 1 492 110 109 2114 732 141 733 2886 2208 2209
5070 11 2 1 1 2126 113 114 488 2220 145 2221 6370 744 745
5071 11 2 1 1 104 103 478 2062 135 715 714 2191 3790 2190
5072 11 2 1 1 1740 28 27 155 1821 59 1822 6322 589 590
5073 11 2 1 1 498 33 1 1725 507 65 508 6397 1746 1747
5074 11 2 1 1 504 29 30 1733 595 61 596 5054 1827 1828
5075 11 2 1 1 2623 195 241 396 3189 970 4143 5795 981 979
5076 11 2 1 1 2623 241 195 2495 4143 970 3189 3188 3187 3866
5077 11 2 1 1 2751 2472 2519 2444 3636 2827 2884 2883 2828 2826
5078 11 2 1 1 2751 2519 2472 2587 2884 2827 3636 3957 3956 4920
5079 11 2 1 1 2779 2571 2699 2540 3555 2976 3383 3382 2975 2972
5080 11 2 1 1 2779 2699 2571 2658 3383 2976 3555 3494 3350 3493
5081 11 2 1 1 2734 2547 2731 2524 4285 3084 3216 3215 3083 3080
5082 11 2 1 1 2734 2731 2547 2448 3216 3084 4285 4457 4456 4432
5083 11 2 1 1 2570 2738 2504 2441 3299 5447 3718 3297 4026 3298
5084 11 2 1 1 2504 2738 2570 2548 5447 3299 3718 3719 3340 3341
5085 11 2 1 1 2050 2540 2578 2110 3252 3317 3791 2257 3318 3316
5086 11 2 1 1 2050 2578 2540 2678 3791 3317 3252 3255 3257 4149
5087 11 2 1 1 2619 188 304 190 3022 944 6266 3047 945 942
5088 11 2 1 1 2619 304 188 2558 6266 944 3022 3021 2893 6054
5089 11 2 1 1 2547 2623 195 2614 5111 3189 6621 4510 3186 3190
5090 11 2 1 1 195 197 2547 2614 977 4989 6621 3186 4510 4990
5091 11 2 1 1 2634 2110 2779 2085 3319 6622 5424 5476 4858 2320
5092 11 2 1 1 2634 2779 2110 2540 5424 6622 3319 3321 3316 3382
5093 11 2 1 1 2128 2779 2110 2085 3291 6622 2315 2420 2320 4858
5094 11 2 1 1 2128 2110 2779 2540 2315 6622 3291 4204 3382 3316
5095 11 2 1 1 2729 2127 2476 2612 5172 6623 5069 4621 3743 4796
5096 11 2 1 1 2729 2476 2127 2134 5069 6623 5172 5067 2310 4872
5097 11 2 1 1 2088 2476 2127 2612 3741 6623 2430 3742 4796 3743
5098 11 2 1 1 2088 2127 2476 2134 2430 6623 3741 2431 4872 2310
5099 11 2 1 1 2796 2516 327 2565 5514 3449 4125 3184 3453 3452
5100 11 2 1 1 2796 327 2516 2640 4125 3449 5514 5513 4531 4530
5101 11 2 1 1 2717 2454 2608 2506 4264 4533 4474 4262 4299 3761
5102 11 2 1 1 2717 2608 2454 2566 4474 4533 4264 4296 3776 4471
5103 11 2 1 1 2623 197 195 396 5876 977 3189 5795 979 980
5104 11 2 1 1 2623 195 197 2547 3189 977 5876 5111 4989 6621
5105 11 2 1 1 2682 2687 2549 2485 3092 4340 5423 4641 5074 4703
5106 11 2 1 1 2549 2687 2682 2493 4340 3092 5423 4338 3088 3090
5107 11 2 1 1 2647 1732 1713 1655 4229 1852 6183 6450 1853 1787
5108 11 2 1 1 2647 1713 1732 2599 6183 1852 4229 4228 4225 6184
5109 11 2 1 1 2699 397 380 383 2974 1571 6064 3014 1575 1576
5110 11 2 1 1 2699 380 397 2571 6064 1571 2974 2976 2971 6174
5111 11 2 1 1 2783 292 323 2573 4076 1422 6558 4077 5266 3166
5112 11 2 1 1 2783 323 292 324 6558 1422 4076 4344 1424 1242
5113 11 2 1 1 2685 1688 1687 1681 6250 1980 3679 3695 1977 1979
5114 11 2 1 1 2685 1687 1688 2551 3679 1980 6250 3680 5290 3676
5115 11 2 1 1 2654 213 215 2542 4750 1067 3572 3571 3570 4749
5116 11 2 1 1 2654 215 213 395 3572 1067 4750 4787 1069 1070
5117 11 2 1 1 2711 2458 2657 2555 2879 4008 5495 2844 5493 2892
5118 11 2 1 1 2711 2657 2458 2534 5495 4008 2879 2880 2876 4746
5119 11 2 1 1 2674 1724 1716 1653 4890 1845 4720 4888 1840 1811
5120 11 2 1 1 2674 1716 1724 2640 4720 1845 4890 4347 4914 4719
5121 11 2 1 1 2601 203 2720 2524 4774 5200 5898 4450 5201 4841
5122 11 2 1 1 2601 2720 203 205 5898 5200 4774 4775 1017 5897
5123 11 2 1 1 2632 2762 2560 2458 5195 5770 5326 2878 3520 3863
5124 11 2 1 1 2560 2762 2632 2563 5770 5195 5326 5191 3707 5194
5125 11 2 1 1 1666 2647 1711 1723 4002 6069 1911 1781 1910 4134
5126 11 2 1 1 1711 2647 1666 2530 6069 4002 1911 6070 3481 4003
5127 11 2 1 1 2733 2602 2644 2445 4326 5152 5555 4325 3102 3336
5128 11 2 1 1 2733 2644 2602 2494 5555 5152 4326 4546 4547 5551
5129 11 2 1 1 2582 2687 2808 2492 5105 4522 3943 3503 4521 4520
5130 11 2 1 1 2808 2687 2582 2442 4522 5105 3943 4584 5173 3091
5131 11 2 1 1 2645 420 460 159 3566 806 4884 6571 807 686
5132 11 2 1 1 2645 460 420 2523 4884 806 3566 3565 2902 4883
5133 11 2 1 1 2722 208 250 2590 4330 1034 6034 4329 5630 4331
5134 11 2 1 1 2722 250 208 408 6034 1034 4330 4452 1045 1046
5135 11 2 1 1 2725 263 265 254 6150 1274 3755 4894 1275 1213
5136 11 2 1 1 2725 265 263 2536 3755 1274 6150 3160 5373 3754
5137 11 2 1 1 2642 2129 2104 2087 5647 2428 3600 4993 2402 2427
5138 11 2 1 1 2642 2104 2129 2577 3600 2428 5647 3599 5636 3601
5139 11 2 1 1 2718 2580 2543 2649 5382 5533 2858 2906 5440 5383
5140 11 2 1 1 2718 2543 2580 2483 2858 5533 5382 3850 5407 4499
5141 11 2 1 1 2646 2593 2572 2450 4053 5591 5073 4381 4469 3843
5142 11 2 1 1 2646 2572 2593 2508 5073 5591 4053 4156 4155 3784
5143 11 2 1 1 2649 2605 2570 2488 5548 3721 2904 4384 4453 2953
5144 11 2 1 1 2649 2570 2605 2455 2904 3721 5548 5380 3894 3893
5145 11 2 1 1 2709 2643 2625 2453 4038 3245 5144 4037 3274 3276
5146 11 2 1 1 2709 2625 2643 2488 5144 3245 4038 4454 4382 2939
5147 11 2 1 1 2670 2744 2780 2483 4794 6429 5916 5065 3852 5066
5148 11 2 1 1 2780 2744 2670 2582 6429 4794 5916 5915 4789 4792
5149 11 2 1 1 2647 414 403 2599 4227 823 5787 4228 5788 4226
5150 11 2 1 1 2647 403 414 162 5787 823 4227 6499 555 822
5151 11 2 1 1 2701 484 2639 358 5205 5409 6203 5379 5958 1521
5152 11 2 1 1 2701 2639 484 2513 6203 5409 5205 3947 5206 3578
5153 11 2 1 1 2763 217 240 371 5377 1080 3911 5235 1091 1089
5154 11 2 1 1 2763 240 217 2606 3911 1080 5377 3912 5376 3848
5155 11 2 1 1 2634 2063 2110 2085 6294 2258 3319 5476 2320 2318
5156 11 2 1 1 2634 2110 2063 2578 3319 2258 6294 3320 5305 3318
5157 11 2 1 1 372 2651 221 243 5368 5287 1100 1111 1109 4162
5158 11 2 1 1 221 2651 372 2541 5287 5368 1100 4617 5415 5286
5159 11 2 1 1 2626 2777 2585 2446 5544 5708 4373 4374 4372 5543
5160 11 2 1 1 2585 2777 2626 2498 5708 5544 4373 3143 5075 4513
5161 11 2 1 1 2588 2791 2661 2464 4423 6415 5885 4335 4767 4275
5162 11 2 1 1 2661 2791 2588 2520 6415 4423 5885 5884 4843 4844
5163 11 2 1 1 2062 452 2772 478 6589 5003 3976 3790 3977 719
5164 11 2 1 1 2062 2772 452 2054 3976 5003 6589 2195 6601 5035
5165 11 2 1 1 2121 159 2645 2056 6488 6571 3564 2162 4036 6487
5166 11 2 1 1 2121 2645 159 420 3564 6571 6488 2900 686 3566
5167 11 2 1 1 2679 2643 2583 2466 5671 3874 3288 3577 3576 3244
5168 11 2 1 1 2679 2583 2643 2499 3288 3874 5671 3322 4758 4230
5169 11 2 1 1 2700 227 229 2527 4756 1137 3106 3489 3487 4755
5170 11 2 1 1 2700 229 227 245 3106 1137 4756 5289 1139 1140
5171 11 2 1 1 2724 170 310 2501 6025 862 5076 4728 3704 4388
5172 11 2 1 1 2724 310 170 423 5076 862 6025 6339 633 861
5173 11 2 1 1 2690 2129 2642 2106 5640 5647 3932 3780 4442 2248
5174 11 2 1 1 2690 2642 2129 2577 3932 5647 5640 5639 5636 3599
5175 11 2 1 1 336 2764 265 308 5321 4429 1319 1330 1328 5606
5176 11 2 1 1 265 2764 336 2757 4429 5321 1319 4165 5320 4431
5177 11 2 1 1 2663 1692 2785 1717 6120 4304 4816 6208 6175 1927
5178 11 2 1 1 2663 2785 1692 2620 4816 4304 6120 3854 4941 4942
5179 11 2 1 1 2724 151 71 70 5858 637 5872 5895 81 636
5180 11 2 1 1 2724 71 151 2539 5872 637 5858 4986 5857 5871
5181 11 2 1 1 2691 2675 2578 2517 5695 3436 5928 4696 3433 3437
5182 11 2 1 1 2691 2578 2675 2487 5928 3436 5695 5696 4291 4289
5183 11 2 1 1 408 2801 447 210 4200 5854 1056 1044 1055 4199
5184 11 2 1 1 447 2801 408 2722 5854 4200 1056 5818 4452 4333
5185 11 2 1 1 2764 422 497 309 5755 865 6441 6116 1438 1446
5186 11 2 1 1 2764 497 422 2632 6441 865 5755 5196 4892 4129
5187 11 2 1 1 443 176 2663 1669 570 6624 6600 6577 6546 6578
5188 11 2 1 1 1661 176 2663 2556 5780 6624 6543 6154 4060 6037
5189 11 2 1 1 1661 2663 176 1669 6543 6624 5780 1802 6578 6546
5190 11 2 1 1 2667 266 2514 246 6358 4271 6004 6005 5242 1235
5191 11 2 1 1 2667 2514 266 2661 6004 4271 6358 6316 4662 4574
5192 11 2 1 1 2666 181 182 172 5669 871 2948 5721 872 525
5193 11 2 1 1 2666 182 181 2550 2948 871 5669 3076 5666 3034
5194 11 2 1 1 2749 2517 2446 2604 5724 6314 5269 3430 4420 5811
5195 11 2 1 1 2749 2446 2517 2691 5269 6314 5724 5634 4696 4375
5196 11 2 1 1 2809 387 386 2533 6039 1195 4770 4769 3699 5820
5197 11 2 1 1 2809 386 387 425 4770 1195 6039 6214 1591 1587
5198 11 2 1 1 1728 2545 1742 1658 4467 5623 1874 1772 1873 5547
5199 11 2 1 1 1742 2545 1728 2683 5623 4467 1874 5624 4537 3225
5200 11 2 1 1 2776 2458 2638 2561 4610 5150 4954 5038 5036 5158
5201 11 2 1 1 2776 2638 2458 2555 4954 5150 4610 3981 2892 4992
5202 11 2 1 1 2697 2720 2528 2482 4657 6063 5837 4656 5836 4561
5203 11 2 1 1 2528 2720 2697 2590 6063 4657 5837 5631 5094 5369
5204 11 2 1 1 500 2729 450 178 5826 6533 615 668 903 6003
5205 11 2 1 1 450 2729 500 2555 6533 5826 615 6163 5823 5827
5206 11 2 1 1 2795 2090 2081 2089 5448 2405 6387 5831 2401 2262
5207 11 2 1 1 2795 2081 2090 2625 6387 2405 5448 5450 4723 3030
5208 11 2 1 1 2627 1739 2666 2595 6106 5853 4600 4619 4839 6105
5209 11 2 1 1 2627 2666 1739 1698 4600 5853 6106 4599 2043 4488
5210 11 2 1 1 162 1732 2647 1655 6516 4229 6499 6515 6450 1787
5211 11 2 1 1 2647 1732 162 414 4229 6516 6499 4227 555 4224
5212 11 2 1 1 2796 2496 2447 2565 4596 3025 2942 3184 3182 3351
5213 11 2 1 1 2796 2447 2496 2559 2942 3025 4596 2943 3024 2916
5214 11 2 1 1 2714 184 2672 2557 6361 3544 5603 5690 3309 3247
5215 11 2 1 1 2714 2672 184 186 5603 3544 6361 5483 922 5395
5216 11 2 1 1 2071 2635 2070 2069 5084 3259 2345 2346 2338 5126
5217 11 2 1 1 2070 2635 2071 2605 3259 5084 2345 4315 5081 5085
5218 11 2 1 1 2775 2502 1687 2662 4602 3677 5292 4603 5216 4526
5219 11 2 1 1 2775 1687 2502 2551 5292 3677 4602 3622 3675 3676
5220 11 2 1 1 2800 390 2533 387 6446 6038 5963 6447 5820 1595
5221 11 2 1 1 2800 2533 390 2728 5963 6038 6446 5806 5133 6233
5222 11 2 1 1 1666 346 12 1729 3480 542 1777 1778 1773 3095
5223 11 2 1 1 1666 12 346 175 1777 542 3480 4000 546 544
5224 11 2 1 1 2720 2528 415 2590 6063 5627 5911 5369 5629 5631
5225 11 2 1 1 2720 415 2528 2737 5911 5627 6063 4540 5734 6330
5226 11 2 1 1 2805 437 2529 259 6389 6625 5800 6224 6232 1300
5227 11 2 1 1 2805 2529 437 2684 5800 6625 6389 5947 6265 4864
5228 11 2 1 1 440 2529 437 259 4029 6625 1301 996 1300 6232
5229 11 2 1 1 440 437 2529 2684 1301 6625 4029 4865 4864 6265
5230 11 2 1 1 2728 399 393 2564 5454 1607 5805 4034 3421 4772
5231 11 2 1 1 2728 393 399 391 5805 1607 5454 5713 1608 1601
5232 11 2 1 1 453 2046 107 483 6509 2200 727 728 723 6510
5233 11 2 1 1 453 107 2046 2117 727 2200 6509 6617 2204 2202
5234 11 2 1 1 1712 2767 1689 1714 4208 5156 2016 1906 2017 4207
5235 11 2 1 1 1689 2767 1712 2610 5156 4208 2016 5309 5491 5045
5236 11 2 1 1 2677 2686 2806 2469 2994 6564 6263 2969 6552 2946
5237 11 2 1 1 2806 2686 2677 2522 6564 2994 6263 6262 3409 3410
5238 11 2 1 1 2729 2052 2092 2115 5825 2269 6285 5957 2270 2144
5239 11 2 1 1 2729 2092 2052 2555 6285 2269 5825 5827 5822 5888
5240 11 2 1 1 209 2801 208 210 6480 4201 1038 1042 1043 4199
5241 11 2 1 1 208 2801 209 2566 4201 6480 1038 5178 4956 5179
5242 11 2 1 1 2772 483 481 160 6145 813 4784 6143 811 725
5243 11 2 1 1 2772 481 483 2680 4784 813 6145 5565 6511 4934
5244 11 2 1 1 153 2130 2540 2050 6614 3512 3253 3254 3252 2189
5245 11 2 1 1 2540 2130 153 448 3512 6614 3253 3969 713 5878
5246 11 2 1 1 2757 285 454 274 5686 1368 5804 5684 1369 1367
5247 11 2 1 1 2757 454 285 2631 5804 1368 5686 5700 3661 5803
5248 11 2 1 1 2772 2046 483 2113 6367 6510 6145 6144 6141 2201
5249 11 2 1 1 2772 483 2046 2680 6145 6510 6367 5565 6494 6511
5250 11 2 1 1 2046 2759 453 2117 6502 6593 6509 2204 6617 6501
5251 11 2 1 1 453 2759 2046 2680 6593 6502 6509 6512 6494 5633
5252 11 2 1 1 2676 2741 2693 2553 5983 6206 3251 6181 6503 5333
5253 11 2 1 1 2693 2741 2676 2444 6206 5983 3251 2907 3066 5049
5254 11 2 1 1 1667 179 2550 181 6575 4176 5667 5668 5666 522
5255 11 2 1 1 1667 2550 179 1722 5667 4176 6575 1754 4177 4175
5256 11 2 1 1 1653 444 23 152 4887 577 1806 6404 575 579
5257 11 2 1 1 23 444 1653 1724 577 4887 1806 1810 1811 4886
5258 11 2 1 1 412 1737 2785 161 6585 6609 5985 564 6362 6607
5259 11 2 1 1 412 2785 1737 1657 5985 6609 6585 6318 1796 6319
5260 11 2 1 1 462 501 2648 74 664 6521 5917 659 5972 654
5261 11 2 1 1 2648 501 462 320 6521 664 5917 3412 1449 1448
5262 11 2 1 1 176 2663 496 443 6624 5349 894 570 893 6600
5263 11 2 1 1 176 496 2663 2556 894 5349 6624 6037 4060 5891
$EndElements
