$MeshFormat
2.2 0 8
$EndMeshFormat
$PhysicalNames
2
1 1 "boundary"
2 1 "domain"
$EndPhysicalNames
$Nodes
3607
1 1 0 0
2 0 1 0
3 -1 0 0
4 0 -1 0
5 0.9951847266721969 0.09801714032956059 0
6 0.9807852804032304 0.1950903220161284 0
7 0.9569403357322089 0.2902846772544621 0
8 0.9238795325112868 0.3826834323650897 0
9 0.881921264348355 0.4713967368259976 0
10 0.8314696123025455 0.555570233019602 0
11 0.7730104533627371 0.6343932841636453 0
12 0.7071067811865477 0.7071067811865475 0
13 0.6343932841636459 0.7730104533627367 0
14 0.5555702330196022 0.8314696123025452 0
15 0.4713967368259979 0.8819212643483549 0
16 0.3826834323650903 0.9238795325112865 0
17 0.2902846772544624 0.9569403357322088 0
18 0.1950903220161287 0.9807852804032303 0
19 0.09801714032956045 0.9951847266721969 0
20 0.9994645874763657 0.03271908282177621 0
21 0.9978589232386035 0.06540312923014331 0
22 0.9914448613738104 0.1305261922200518 0
23 0.986643332084879 0.1628954733945891 0
24 0.9738769792773336 0.227076263034373 0
25 0.9659258262890684 0.2588190451025204 0
26 0.9469301294951057 0.3214394653031615 0
27 0.9359059267573256 0.3522500479212336 0
28 0.9108638249211758 0.4127070298043948 0
29 0.8968727415326883 0.4422886902190015 0
30 0.8660254037844388 0.4999999999999997 0
31 0.8492021815265792 0.5280678506503675 0
32 0.8128466845916154 0.582477696867802 0
33 0.7933533402912352 0.6087614290087207 0
34 0.7518398074789775 0.6593458151000688 0
35 0.7298640726978356 0.6835923020228714 0
36 0.6835923020228716 0.7298640726978354 0
37 0.6593458151000691 0.7518398074789773 0
38 0.6087614290087209 0.7933533402912349 0
39 0.5824776968678023 0.8128466845916151 0
40 0.5280678506503678 0.849202181526579 0
41 0.4999999999999996 0.8660254037844388 0
42 0.4422886902190014 0.8968727415326883 0
43 0.4127070298043947 0.9108638249211759 0
44 0.3522500479212339 0.9359059267573255 0
45 0.3214394653031618 0.9469301294951056 0
46 0.2588190451025206 0.9659258262890683 0
47 0.2270762630343729 0.9738769792773337 0
48 0.162895473394589 0.986643332084879 0
49 0.1305261922200516 0.9914448613738104 0
50 0.06540312923014273 0.9978589232386035 0
51 0.03271908282177562 0.9994645874763657 0
52 -0.09801714032956009 0.9951847266721969 0
53 -0.1950903220161283 0.9807852804032304 0
54 -0.2902846772544621 0.9569403357322089 0
55 -0.38268343236509 0.9238795325112866 0
56 -0.4713967368259976 0.881921264348355 0
57 -0.5555702330196018 0.8314696123025455 0
58 -0.6343932841636456 0.7730104533627369 0
59 -0.7071067811865474 0.7071067811865477 0
60 -0.7730104533627367 0.6343932841636459 0
61 -0.8314696123025452 0.5555702330196022 0
62 -0.8819212643483548 0.4713967368259979 0
63 -0.9238795325112865 0.3826834323650904 0
64 -0.9569403357322088 0.2902846772544625 0
65 -0.9807852804032303 0.1950903220161287 0
66 -0.9951847266721969 0.09801714032956051 0
67 -0.03271908282177614 0.9994645874763657 0
68 -0.06540312923014326 0.9978589232386035 0
69 -0.1305261922200513 0.9914448613738105 0
70 -0.1628954733945886 0.986643332084879 0
71 -0.2270762630343734 0.9738769792773336 0
72 -0.2588190451025211 0.9659258262890682 0
73 -0.3214394653031615 0.9469301294951057 0
74 -0.3522500479212335 0.9359059267573256 0
75 -0.4127070298043951 0.9108638249211757 0
76 -0.4422886902190019 0.896872741532688 0
77 -0.5000000000000001 0.8660254037844386 0
78 -0.5280678506503682 0.8492021815265788 0
79 -0.5824776968678019 0.8128466845916154 0
80 -0.6087614290087205 0.7933533402912352 0
81 -0.6593458151000691 0.7518398074789772 0
82 -0.6835923020228717 0.7298640726978354 0
83 -0.7298640726978356 0.6835923020228714 0
84 -0.7518398074789775 0.6593458151000687 0
85 -0.7933533402912349 0.6087614290087209 0
86 -0.8128466845916151 0.5824776968678023 0
87 -0.849202181526579 0.5280678506503679 0
88 -0.8660254037844388 0.4999999999999997 0
89 -0.8968727415326883 0.4422886902190014 0
90 -0.9108638249211758 0.4127070298043947 0
91 -0.9359059267573255 0.352250047921234 0
92 -0.9469301294951056 0.3214394653031619 0
93 -0.9659258262890683 0.2588190451025207 0
94 -0.9738769792773337 0.227076263034373 0
95 -0.986643332084879 0.162895473394589 0
96 -0.9914448613738104 0.1305261922200517 0
97 -0.9978589232386035 0.0654031292301428 0
98 -0.9994645874763657 0.03271908282177569 0
99 -0.9951847266721969 -0.09801714032956035 0
100 -0.9807852804032305 -0.1950903220161278 0
101 -0.956940335732209 -0.2902846772544617 0
102 -0.9238795325112871 -0.382683432365089 0
103 -0.8819212643483556 -0.4713967368259965 0
104 -0.831469612302546 -0.555570233019601 0
105 -0.773010453362738 -0.6343932841636443 0
106 -0.7071067811865488 -0.7071067811865462 0
107 -0.634393284163647 -0.7730104533627357 0
108 -0.5555702330196035 -0.8314696123025443 0
109 -0.4713967368259988 -0.8819212643483544 0
110 -0.3826834323650908 -0.9238795325112863 0
111 -0.2902846772544634 -0.9569403357322086 0
112 -0.1950903220161287 -0.9807852804032303 0
113 -0.09801714032956077 -0.9951847266721968 0
114 -0.9994645874763657 -0.03271908282177605 0
115 -0.9978589232386035 -0.0654031292301429 0
116 -0.9914448613738105 -0.1305261922200513 0
117 -0.9866433320848791 -0.1628954733945883 0
118 -0.9738769792773337 -0.2270762630343727 0
119 -0.9659258262890684 -0.2588190451025202 0
120 -0.9469301294951059 -0.3214394653031609 0
121 -0.935905926757326 -0.3522500479212328 0
122 -0.9108638249211762 -0.4127070298043938 0
123 -0.8968727415326888 -0.4422886902190002 0
124 -0.8660254037844393 -0.4999999999999989 0
125 -0.8492021815265796 -0.5280678506503669 0
126 -0.8128466845916161 -0.5824776968678009 0
127 -0.7933533402912361 -0.6087614290087194 0
128 -0.7518398074789785 -0.6593458151000676 0
129 -0.7298640726978368 -0.68359230202287 0
130 -0.6835923020228726 -0.7298640726978344 0
131 -0.6593458151000703 -0.7518398074789762 0
132 -0.6087614290087221 -0.7933533402912341 0
133 -0.5824776968678035 -0.8128466845916142 0
134 -0.5280678506503692 -0.8492021815265781 0
135 -0.5000000000000011 -0.866025403784438 0
136 -0.4422886902190025 -0.8968727415326877 0
137 -0.4127070298043959 -0.9108638249211752 0
138 -0.3522500479212346 -0.9359059267573253 0
139 -0.3214394653031628 -0.9469301294951052 0
140 -0.2588190451025216 -0.9659258262890681 0
141 -0.2270762630343739 -0.9738769792773335 0
142 -0.162895473394589 -0.986643332084879 0
143 -0.1305261922200517 -0.9914448613738104 0
144 -0.06540312923014327 -0.9978589232386035 0
145 -0.03271908282177639 -0.9994645874763657 0
146 0.0980171403295602 -0.9951847266721969 0
147 0.1950903220161278 -0.9807852804032305 0
148 0.2902846772544616 -0.9569403357322092 0
149 0.3826834323650889 -0.9238795325112871 0
150 0.4713967368259965 -0.8819212643483556 0
151 0.5555702330196008 -0.8314696123025461 0
152 0.6343932841636439 -0.7730104533627382 0
153 0.7071067811865459 -0.7071067811865491 0
154 0.7730104533627356 -0.6343932841636472 0
155 0.8314696123025443 -0.5555702330196036 0
156 0.8819212643483545 -0.4713967368259986 0
157 0.9238795325112864 -0.3826834323650907 0
158 0.9569403357322086 -0.2902846772544632 0
159 0.9807852804032304 -0.1950903220161286 0
160 0.9951847266721968 -0.09801714032956083 0
161 0.03271908282177604 -0.9994645874763657 0
162 0.06540312923014292 -0.9978589232386035 0
163 0.1305261922200512 -0.9914448613738105 0
164 0.1628954733945883 -0.9866433320848791 0
165 0.2270762630343727 -0.9738769792773337 0
166 0.2588190451025202 -0.9659258262890684 0
167 0.3214394653031608 -0.9469301294951059 0
168 0.3522500479212327 -0.935905926757326 0
169 0.4127070298043938 -0.9108638249211762 0
170 0.4422886902190004 -0.8968727415326888 0
171 0.4999999999999987 -0.8660254037844394 0
172 0.5280678506503664 -0.8492021815265799 0
173 0.5824776968678006 -0.8128466845916164 0
174 0.6087614290087189 -0.7933533402912365 0
175 0.6593458151000672 -0.7518398074789788 0
176 0.6835923020228695 -0.7298640726978374 0
177 0.7298640726978342 -0.6835923020228728 0
178 0.7518398074789762 -0.6593458151000703 0
179 0.7933533402912339 -0.6087614290087222 0
180 0.8128466845916141 -0.5824776968678036 0
181 0.8492021815265781 -0.5280678506503692 0
182 0.866025403784438 -0.5000000000000011 0
183 0.8968727415326879 -0.4422886902190021 0
184 0.9108638249211756 -0.4127070298043954 0
185 0.9359059267573254 -0.3522500479212343 0
186 0.9469301294951055 -0.3214394653031622 0
187 0.9659258262890681 -0.2588190451025215 0
188 0.9738769792773335 -0.2270762630343737 0
189 0.986643332084879 -0.1628954733945889 0
190 0.9914448613738104 -0.1305261922200516 0
191 0.9978589232386035 -0.06540312923014312 0
192 0.9994645874763657 -0.032719082821776 0
193 -0.2973060724285794 0.873196202962319 0
194 0.3069308766309604 -0.8604631665138093 0
195 -0.8581521386238313 -0.3115732866712942 0
196 0.8622899257470038 0.3071409520357311 0
197 0.3907031584676456 0.8260724231130114 0
198 -0.8451872064964165 0.3969243297761629 0
199 0.8260724231130109 -0.3907031584676459 0
200 -0.3910088928518914 -0.8280904961599573 0
201 0.04822483338277101 0.9121429125782082 0
202 -0.6175017274768955 0.6686065338686059 0
203 -0.9179004474643124 0.05311849777863541 0
204 0.6174381617839786 -0.678590440521516 0
205 -0.6737720616821101 -0.6165091975372772 0
206 0.6770868816548051 0.6136757783678348 0
207 -0.04959989821782972 -0.9169000342546789 0
208 0.9139197124397249 -0.04192863365543597 0
209 0.2131251740655552 0.9017512437119485 0
210 -0.1335363565655153 0.9025634305414896 0
211 -0.730630453373555 0.5539823647721585 0
212 -0.897553176005479 0.2099209066151331 0
213 0.7784298116971189 0.4664105515194161 0
214 0.5591833074653276 0.735926806319228 0
215 0.7386047102965284 -0.5477507929568231 0
216 -0.4620072976101331 0.7790429923490192 0
217 0.916077713694894 0.1499485573190636 0
218 0.1321219767333475 -0.9070863703513994 0
219 -0.9068501816811827 -0.1376313045193866 0
220 0.8807834963184052 -0.2170417950276885 0
221 -0.5418192258708223 -0.7325699651673834 0
222 0.4562702653745825 -0.7878439556613435 0
223 -0.7849705406763094 -0.4736308903136777 0
224 -0.2187537025074019 -0.8809702872835086 0
225 0.300459746723222 0.8638796985851664 0
226 0.3082226134678812 0.769018010244543 0
227 0.3949652851722093 0.728576151391364 0
228 0.3153963385375388 0.6740372080205919 0
229 0.4024235151427612 0.6310539625368359 0
230 0.321743087018856 0.576608833543565 0
231 0.2341877529697102 0.6204592679040541 0
232 0.2401695502411795 0.5225458668971935 0
233 0.3279668194863825 0.4786826936883406 0
234 0.2461341430986173 0.4246003848233483 0
235 0.1583612647015779 0.4684744045366632 0
236 0.1642697319141136 0.3705182081083005 0
237 0.2520538876042875 0.3266452540010422 0
238 0.170171528817972 0.272560924040026 0
239 0.0823901802607018 0.3164342776385228 0
240 0.08828695984022522 0.2184763318105004 0
241 0.1760691680881377 0.1746030863003786 0
242 0.09418312495244331 0.1205183056572695 0
243 0.006401161594293994 0.1643915828530719 0
244 0.01229690081879259 0.06643350189676307 0
245 0.1000789356761389 0.02256023386589615 0
246 0.01819258778207845 -0.03152458578415513 0
247 -0.06958942637062203 0.01234868490829173 0
248 -0.06369377530181397 -0.08560940738417239 0
249 0.02408824486286415 -0.1294826773045563 0
250 -0.1514757919861592 -0.04173613701672895 0
251 -0.05779812863828953 -0.1835675002426114 0
252 0.02998389079217479 -0.2274407702573245 0
253 -0.05190248456755804 -0.2815255934341074 0
254 0.03587953443077415 -0.3253988635043299 0
255 0.1177659103166562 -0.271314040259964 0
256 -0.04600684131074386 -0.3794836867301525 0
257 -0.1337888601046936 -0.3356104166336769 0
258 0.1236615534259795 -0.3692721335749545 0
259 0.2055479292785095 -0.3151873103348727 0
260 -0.1278932170938326 -0.4335685099613148 0
261 -0.2156752358947108 -0.3896952398657288 0
262 0.2114435722730367 -0.4131454036646088 0
263 0.2933299481219001 -0.3590605804249978 0
264 0.287434305162994 -0.2611024870906862 0
265 0.3752163239807713 -0.3049757571841012 0
266 0.369320681023533 -0.2070176638495755 0
267 -0.1573714345892891 0.05622195636328851 0
268 -0.2392578077070309 0.002137133474510913 0
269 -0.2451534511211236 0.1000952267503502 0
270 -0.327039826595923 0.046010403558791 0
271 -0.3329354695664833 0.1439684968916053 0
272 -0.4148218453467554 0.08988367366080594 0
273 -0.408926202389866 -0.008074419673764422 0
274 -0.420717488307754 0.1878417669948486 0
275 -0.3388311124533024 0.2419265902351767 0
276 -0.04011119827214547 -0.4774417800542279 0
277 0.4571026998373194 -0.250890933943503 0
278 0.4512070568796941 -0.152932840609027 0
279 -0.496708221187717 0.03579885042221067 0
280 -0.4908125782323302 -0.06215924291255279 0
281 -0.4266131312543155 0.2857998603307456 0
282 -0.3447267553974577 0.3398846835713829 0
283 -0.2097795929259969 -0.4876533331987807 0
284 -0.2975616117350544 -0.4437800631042453 0
285 -0.5084995071073116 0.2317150370906045 0
286 0.2992255910848772 -0.4570186737587864 0
287 0.2173392152307556 -0.5111034969990729 0
288 0.5389890756927508 -0.1968061107030483 0
289 0.5330934327349393 -0.09884801736859608 0
290 0.4453114139220937 -0.05497474727454774 0
291 0.5271977897771247 -0.0008899240341442559 0
292 0.4629983427953626 -0.3488490272779253 0
293 -0.5785945970431039 -0.01828597281823785 0
294 -0.5726989540852855 -0.1162440661526891 0
295 -0.4325087742080268 0.3837579536657243 0
296 -0.3506223983523605 0.4378427769062084 0
297 -0.2628403795393867 0.3939695068121759 0
298 -0.2687360224964703 0.4919276001467214 0
299 -0.4849169352724386 -0.1601173362467377 0
300 -0.5668033111270748 -0.21420215948709 0
301 -0.1809540036837464 0.4480543300526567 0
302 -0.1868496466415227 0.5460124233871133 0
303 0.4394157709642653 0.04298334605990216 0
304 0.52130214681925 0.09706816930029967 0
305 -0.2333621652644738 -0.09582095992613007 0
306 0.609084165632106 0.05319489920625296 0
307 0.6031885226742191 0.1511529925406953 0
308 0.5154065038613609 0.1950262626347418 0
309 -0.2926968161401872 -0.5401774162942888 0
310 -0.2038839499597009 -0.5856114265321429 0
311 -0.3796197954807901 -0.4976047629868463 0
312 0.5972928797163304 0.2491110858751375 0
313 0.6208754515478435 -0.142721287462637 0
314 0.3051212340435856 -0.5549767670931232 0
315 0.2232348581887527 -0.6090615903335012 0
316 -0.274631665454362 0.5898856934811628 0
317 -0.1925898756459117 0.6437352143826502 0
318 -0.1049373684609547 0.6000580295710259 0
319 -0.438404417164721 0.4817160470003197 0
320 -0.5202907930196082 0.4276312237599357 0
321 0.5095108607176988 0.2929843564147099 0
322 -0.1750583607258809 0.3500962367182118 0
323 0.2815386622107831 -0.1631443937555148 0
324 -0.303457254692309 -0.3458219697697215 0
325 0.6267710945057394 -0.2406793807970785 0
326 -0.6545853299398774 -0.1703288893930357 0
327 0.5913972367274791 0.347069179283834 0
328 -0.6486896869819261 -0.2682869827274698 0
329 -0.5609076681690572 -0.312160252821516 0
330 -0.3747836345368215 -0.5939587622842373 0
331 -0.4615682130744984 -0.5515956527925348 0
332 -0.1106732804110954 0.6977742843904802 0
333 -0.0230414711668859 0.6541287862648538 0
334 0.6909705414870777 0.107279722446649 0
335 0.3110168770016291 -0.6529348604275452 0
336 0.3929032528566017 -0.5988500371871494 0
337 0.5036152085364116 0.3909424637117498 0
338 -0.01717590621728468 0.5562162490876496 0
339 0.4276244848857294 0.2388995334960278 0
340 0.6968661844449662 0.009321629112206638 0
341 -0.09317198415648038 0.4041810607136654 0
342 0.1354528393759171 -0.5651883202394514 0
343 0.1413484823338277 -0.6631464135738909 0
344 0.05356646352097679 -0.6192731434798433 0
345 0.05946210647887034 -0.717231236814285 0
346 -0.02831991233398596 -0.673357966720238 0
347 -0.5844902400006444 0.07967212051624908 0
348 -0.6663766158556261 0.0255872972758526 0
349 -0.6722722588134582 0.1235453906103021 0
350 0.3575293951092955 -0.01110147718049342 0
351 -0.1632670753421845 0.1541800499809914 0
352 0.351633752150905 0.08685661615665026 0
353 0.5855015922271967 0.4450272749577514 0
354 0.7079634962649348 -0.1866363246363728 0
355 0.6791792555712999 0.3031959091155334 0
356 -0.6419110911197685 -0.364478456243407 0
357 -0.2790736643949179 0.6860282858474418 0
358 -0.3621714102643286 0.6334563800805165 0
359 -0.02893569503978234 0.7520844400065939 0
360 0.05882208304341688 0.7082489181135384 0
361 -0.5261584164591604 0.5255468945319413 0
362 0.4983935215010418 0.4902053960365962 0
363 -0.08727634144779574 0.3062229674376985 0
364 0.2697473762966361 0.03277179291513238 0
365 -0.4672645010861572 -0.4539393900468461 0
366 -0.5479690184909284 -0.5056235860303899 0
367 -0.7526560898699658 0.06955099856715158 0
368 -0.7457196874401697 -0.02834445628544045 0
369 0.7113573608531116 -0.2830348477626594 0
370 0.6321341120527363 -0.3383845069434402 0
371 -0.7338409473592458 -0.220432377331295 0
372 -0.6054794112262466 0.4675779916665546 0
373 -0.601744935439982 0.372891983488332 0
374 0.1488501062326987 -0.7565400668001874 0
375 0.7765896997342991 0.06327627981423788 0
376 0.7672992319070935 0.1622639015485237 0
377 -0.02052928895279012 -0.7675245668103409 0
378 -0.107629414545933 -0.7266747927020878 0
379 -0.7543695918996366 0.1677607955523397 0
380 -0.6772204541502163 0.2215605064194115 0
381 -0.7599331142317128 0.2630365424304401 0
382 -0.6871647841788593 0.4119146712564939 0
383 0.7764385632967148 -0.03330074830398458 0
384 -0.5605801075310319 -0.6125325195141266 0
385 0.584378895837897 0.5474792432623743 0
386 0.668948796434043 0.5003745783319351 0
387 -0.3711232488066742 0.731136865984598 0
388 -0.4501957030800742 0.6776322336692576 0
389 0.4048884883945205 -0.6996031461349788 0
390 0.4770100401783901 -0.6361829583357699 0
391 0.4741770901297529 -0.5436751557891794 0
392 0.323510327199839 -0.7601629131137266 0
393 -0.1191755769281291 0.7965877513898644 0
394 -0.1042360456777138 -0.8294113304462123 0
395 -0.1947957500427111 -0.7741938088524629 0
396 -0.625366420974919 0.5646031237260765 0
397 0.7285045988150057 -0.3871180289461825 0
398 0.6366918996802413 -0.4352406282624027 0
399 0.05205384432398891 0.808403667664675 0
400 0.1382900919233581 0.7612386166297107 0
401 -0.2887878442616514 -0.8106451799597127 0
402 -0.2792299642835633 -0.7261841592364956 0
403 0.5687597265377672 -0.6030361474306621 0
404 0.5708743390666594 0.6448714274546853 0
405 0.4919406065742463 0.5896681748119665 0
406 -0.8409149949880179 0.1237485649731264 0
407 0.2263234887599755 0.7152199644137174 0
408 0.1524366389362311 0.5664224796753858 0
409 0.4097815619080445 0.5333014634166892 0
410 0.3339265502896839 0.3807290946999574 0
411 0.07649115063075927 0.4143920547975851 0
412 0.07058894562986688 0.5123467407183797 0
413 0.2579544822671989 0.228687777398531 0
414 0.3398377258686757 0.2827723329717967 0
415 0.4159020837829233 0.4351197900482866 0
416 -0.005391153814327524 0.3603076570935414 0
417 0.2638513742460011 0.1307298408796883 0
418 0.0005050179130169483 0.2623496150205172 0
419 0.1819651632834727 0.07664503821525499 0
420 0.105974613284389 -0.07539785501876825 0
421 -0.6803837188631029 0.3150546499086386 0
422 -0.03421555529560493 -0.5753998733862747 0
423 -0.5546793882146965 -0.4094063962423448 0
424 -0.6327283248879061 -0.4533573499969388 0
425 -0.4730759589714104 -0.3559061602294321 0
426 -0.07548509547400085 0.1103067748820291 0
427 -0.03785624749976842 0.8505703529601593 0
428 -0.2091268078819692 0.8334378193929061 0
429 -0.4790130105833762 -0.2580542024667764 0
430 -0.397133536170719 -0.2039870684883417 0
431 -0.740135467517853 -0.1256841256997751 0
432 -0.6601909349054302 -0.07231463939688425 0
433 -0.74887580335611 -0.3176890566994323 0
434 -0.5954382747634095 0.2747542535305374 0
435 0.1295571964123325 -0.4672302269057407 0
436 0.07497378577998827 -0.8216034999202145 0
437 -0.5900874331634407 0.1775007086539596 0
438 -0.4573474485243463 -0.6525534113611804 0
439 -0.3666249289149028 -0.6857582328232672 0
440 -0.385369732577819 -0.3998335076353756 0
441 0.3811119669392311 -0.4029338505184699 0
442 -0.09906241904041964 0.5021313297069339 0
443 -0.5141825692987755 0.3294250519776465 0
444 0.6792723131694889 0.4045483505172534 0
445 0.7691702613696979 0.3579239584495673 0
446 0.7692312447448175 0.2608318964522238 0
447 -0.1455801476600647 -0.1396942301754062 0
448 -0.2274665221644395 -0.1937790532423115 0
449 0.6149798085899725 -0.04476319412819225 0
450 0.701277891726691 -0.08843494328921031 0
451 0.7959601413281706 -0.1354592621646526 0
452 -0.3912364460891777 -0.3019295319007952 0
453 0.6845269460168062 0.2056392513297938 0
454 -0.1396845036614019 -0.2376523233761549 0
455 -0.5025541225189372 0.1337353595564464 0
456 -0.113411408634491 -0.6292206153653577 0
457 0.1118702648354526 -0.1733559472496033 0
458 -0.3211441836630627 -0.05194768977886623 0
459 -0.2569447365844452 0.2960114134773554 0
460 0.2291305011467028 -0.7070196836679351 0
461 0.0476708205577808 -0.5213150501460824 0
462 -0.121549153696962 -0.5314825897496831 0
463 0.1996522858672944 -0.2172292170586538 0
464 0.3634250380670494 -0.1090595705149529 0
465 0.1937566409822899 -0.1192711239717104 0
466 -0.3564776623090714 0.5357504396582907 0
467 -0.2510490938058959 0.1980533201198781 0
468 0.4335201279784483 0.1409414395244094 0
469 0.04177517754066293 -0.423356956819248 0
470 -0.4442202618506106 0.5795658116657343 0
471 -0.1691627178101997 0.2521381435039839 0
472 -0.2215708790272963 -0.2917371465537271 0
473 0.3869055201346285 -0.500710267493169 0
474 0.2756430188512555 -0.06518630047239567 0
475 -0.3152483107209815 -0.1499051934794496 0
476 -0.4030302910748996 -0.1060318250966187 0
477 0.5447959477487668 -0.2947220428394844 0
478 0.4687748810290414 -0.4465951648595015 0
479 0.1878609580623637 -0.02131303574443178 0
480 0.5503451979787881 -0.3924119601481846 0
481 0.5566760045665807 -0.4906803907063536 0
482 -0.3093521581441538 -0.2478599939057244 0
483 -0.08138084176114498 0.2082648556130486 0
484 0.3457369912328264 0.1848145900711839 0
485 0.4217361523468537 0.336907928557088 0
486 -0.01128594072708292 0.4582650081709196 0
487 0.1457943644071897 0.6636497695866517 0
488 0.06457077577208899 0.6101688239077432 0
489 -0.5319139618263079 0.6232928750540805 0
490 -0.1982380317004244 0.7390198910194603 0
491 -0.4316545506533918 -0.7456923938899143 0
492 0.1343066070368876 0.8536776093074142 0
493 -0.8182742565842476 -0.1742736881586357 0
494 0.2330058928851116 -0.801919043687404 0
495 0.7922064210999084 -0.236478171578306 0
496 0.6467363408150547 -0.5294801171338183 0
497 -0.826598617798236 -0.08254828034691758 0
498 0.8441949144013301 0.2043364988104515 0
499 0.8963564106131029 -0.1275018998639966 0
500 -0.5419303678627763 0.7255091167677075 0
501 0.5306185999217833 -0.7156766733927934 0
502 -0.8512402273023191 0.300205726543198 0
503 -0.7738076094983698 0.460997913958313 0
504 0.8687568684720856 -0.3108461779706024 0
505 0.6752760289971018 -0.6167262605655026 0
506 0.7914208678888592 -0.4743594130471126 0
507 0.3876481433643913 -0.829894335044167 0
508 0.917083766196801 0.05667684948407576 0
509 -0.133139421749727 -0.9206503318119653 0
510 -0.3856836551416149 0.830797572549073 0
511 0.0417257101244494 -0.914549970853596 0
512 -0.6196432819040458 -0.6836710071865997 0
513 0.4746729833044643 0.7805947007991383 0
514 0.2203716084391542 -0.8903214815994891 0
515 -0.9122606192247618 -0.04152664935070865 0
516 -0.8195303303282386 -0.3944505972111302 0
517 -0.7326084028453678 -0.5518348476847331 0
518 -0.8310621234456913 0.01573841315321327 0
519 0.7445989241550088 0.552925044165037 0
520 -0.2900919133923633 0.7822694396259663 0
521 -0.291955410007424 -0.6303318089080241 0
522 -0.8878418227885376 -0.2272788266001844 0
523 -0.6855585299349063 0.6213540328034313 0
524 -0.7193827024535393 -0.4097301803912918 0
525 0.482343339454278 0.6851152038855363 0
526 -0.1984843162456372 -0.6787027685994285 0
527 -0.637318570021797 -0.5402087591416433 0
528 0.2187295754968311 0.8083332241106017 0
529 -0.9264677251066472 0.1359790863425168 0
530 -0.04576853417194373 0.9316399155801254 0
531 0.7853795344706245 -0.3216360769450792 0
532 0.844221129750752 0.01604769035217508 0
533 0.8440815667205834 0.3983721121801381 0
534 -0.7644779355712346 0.3543976150816756 0
535 0.7083916834991378 -0.4747897960692677 0
536 -0.3156536786502085 -0.8826315894819738 0
537 -0.00748177722764432 -0.8477907502401139 0
538 -0.2266247135297461 0.9102770860944429 0
539 -0.8093969937423945 -0.2502494470921683 0
540 0.1647959051149167 -0.8347346929088827 0
541 0.6325160481313543 0.6978739160358006 0
542 -0.680322446527362 0.4918611733857635 0
543 0.8442444092808615 0.1087582962214212 0
544 -0.3514612361930802 -0.7592740924138695 0
545 -0.7014017081769839 -0.4857524055056569 0
546 -0.4835231332053108 -0.8082637061563525 0
547 -0.818073325861205 0.2130911446756989 0
548 0.1383124495266358 0.9324545027191444 0
549 0.9161773869687972 0.2298190809421939 0
550 0.8462811172766215 -0.06952874751169796 0
551 0.3907987105709183 -0.7681529705251045 0
552 -0.7706977181893248 0.4254644809994338 0
553 -0.7675878268802796 0.3899310480405547 0
554 -0.7387068851071095 0.3735699671399483 0
555 -0.7129358346429844 0.3927423191982212 0
556 -0.7160457259520294 0.4282757521571003 0
557 -0.7449266677251997 0.4446368330577066 0
558 -0.7418167764161545 0.4091034000988274 0
559 -0.8452782025253004 -0.3391990568512395 0
560 -0.8324042664267696 -0.3668248270311849 0
561 -0.7959788213375291 -0.3688634170405642 0
562 -0.7724273123468196 -0.3432762368699983 0
563 -0.7853012484453504 -0.3156504666900529 0
564 -0.8217266935345909 -0.3136118766806736 0
565 -0.80885275743606 -0.3412376468606189 0
566 0.6723899686791917 0.4684325023937079 0
567 0.6758311409243403 0.4364904264554806 0
568 0.7123248126786988 0.4251690841846409 0
569 0.7453773121879089 0.4457898178520285 0
570 0.7419361399427603 0.4777318937902558 0
571 0.7054424681884016 0.4890532360610954 0
572 0.7088836404335502 0.4571111601228682 0
573 0.4810530435569828 -0.7637881949051601 0
574 0.505835821739383 -0.7397324341489767 0
575 0.488708562746029 -0.7103188309735219 0
576 0.4467985255702748 -0.7049609885542503 0
577 0.4220157473878745 -0.7290167493104337 0
578 0.4391430063812285 -0.7584303524858885 0
579 0.4639257845636288 -0.7343745917297051 0
580 -0.5136619667553303 -0.7058977805653157 0
581 -0.4855047076398383 -0.6792255959632481 0
582 -0.4917583348599082 -0.6392131140788291 0
583 -0.52616922119547 -0.6258728167964779 0
584 -0.5543264803109621 -0.6525450013985455 0
585 -0.5480728530908922 -0.6925574832829644 0
586 -0.5199155939754001 -0.6658852986808967 0
587 -0.8182841161880225 0.3827487582113338 0
588 -0.7913810258796286 0.3685731866465047 0
589 -0.7976008084977187 0.439640052564263 0
590 -0.8213940074970676 0.4182821911702129 0
591 -0.7944909171886736 0.4041066196053838 0
592 0.5127490800073189 -0.6891787683737856 0
593 0.4948795600928545 -0.6626808633547777 0
594 0.4529695229171002 -0.6573230209355062 0
595 0.4289290056558103 -0.6784630835352424 0
596 0.4708390428315645 -0.683820925954514 0
597 -0.1344226137993796 -0.8110054899149625 0
598 -0.1646091819210453 -0.7925996493837127 0
599 -0.2027817341976081 -0.8097859683294781 0
600 -0.210767718352505 -0.8453781278064934 0
601 -0.1805811502308392 -0.8637839683377432 0
602 -0.1424085979542765 -0.8465976493919777 0
603 -0.1725951660759423 -0.8281918088607279 0
604 -0.655729135089422 -0.6388964674203846 0
605 -0.637686208496734 -0.6612837373034922 0
606 -0.5999555571130412 -0.6599581779624419 0
607 -0.5802678323220366 -0.6362453487382843 0
608 -0.5983107589147246 -0.6138580788551767 0
609 -0.6360414102984174 -0.615183638196227 0
610 -0.6179984837057293 -0.6375709080793345 0
611 -0.5861595950279537 -0.5884245993899655 0
612 -0.6117390825248753 -0.5643166792658044 0
613 -0.6494697339085681 -0.5656422386068546 0
614 -0.6616208977953391 -0.5910757180720659 0
615 -0.6238902464116464 -0.5897501587310157 0
616 0.7092382959028919 0.3890068864946913 0
617 0.7392042786362949 0.3734654224721293 0
618 0.7722567781455049 0.3940861561395169 0
619 0.7753432949213119 0.4302483538294665 0
620 0.7422907954121019 0.4096276201620789 0
621 0.5560460176657726 -0.6405829894180393 0
622 0.5433323087937779 -0.6781298314054163 0
623 0.5595584538758483 -0.7033145957690342 0
624 0.5884983078299135 -0.6909525181452751 0
625 0.6012120167019082 -0.653405676157898 0
626 0.5849858716198376 -0.6282209117942801 0
627 0.572272162747843 -0.6657677537816572 0
628 -0.1902156089215103 -0.8941969687929942 0
629 -0.1616775153356187 -0.9074236503024797 0
630 -0.1235049630590559 -0.8902373313567143 0
631 -0.1138705043683849 -0.8598243309014633 0
632 -0.1520430566449476 -0.8770106498472287 0
633 0.5381764977513082 -0.6140850843990314 0
634 0.5075932689648491 -0.6251340213674006 0
635 0.5254627888793135 -0.6516319263864084 0
636 -0.3441128036685706 0.7481810571983875 0
637 -0.317102358530467 0.7652252484121769 0
638 -0.3219558273087805 0.7984454839336685 0
639 -0.3538197412251977 0.8146215282413708 0
640 -0.3808301863633013 0.7975773370275814 0
641 -0.3759767175849878 0.7643571015060897 0
642 -0.3489662724468842 0.7814012927198791 0
643 0.7947089012520832 -0.1691322319692037 0
644 0.7934576611759958 -0.2028052017737549 0
645 0.8217321128394073 -0.2299993793947669 0
646 0.8512578045789063 -0.2235205872112277 0
647 0.8525090446549937 -0.1898476174066765 0
648 0.8242345929915822 -0.1626534397856646 0
649 0.8229833529154947 -0.1963264095902157 0
650 0.8859744677499711 -0.1871951633064579 0
651 0.891165439181537 -0.1573485315852273 0
652 0.8628909875181254 -0.1301543539642153 0
653 0.8294255644231481 -0.1328068080644339 0
654 0.8577000160865595 -0.1600009856854459 0
655 -0.7690495334848715 -0.2952091868303443 0
656 -0.789223263613633 -0.2727293169612564 0
657 -0.8256487087028734 -0.270690726951877 0
658 -0.8419004236633524 -0.2911320068115856 0
659 -0.8054749785741118 -0.2931705968209649 0
660 -0.7861477877033388 -0.3995437916045174 0
661 -0.7527652450784391 -0.4046369859979046 0
662 -0.7292137360877295 -0.3790498058273386 0
663 -0.7390447697219198 -0.3483694312633855 0
664 -0.7625962787126292 -0.3739566114339514 0
665 -0.5937019298929713 -0.6999706598468609 0
666 -0.5677605778818968 -0.7162703125071221 0
667 -0.5740142051019667 -0.6762578306227032 0
668 0.9622419546524988 -0.1078453935077061 0
669 0.9292991826328009 -0.1176736466858514 0
670 0.9244993672098121 -0.1500313739147073 0
671 0.9526423238065213 -0.1725608479654179 0
672 0.958148201357264 -0.1403078551595457 0
673 0.612568862703279 0.5317776882855613 0
674 0.640758829568661 0.5160761333087481 0
675 0.6716614915076304 0.5381416450105684 0
676 0.6743741865812177 0.5759087116892015 0
677 0.6461842197158357 0.5916102666660147 0
678 0.6152815577768664 0.5695447549641944 0
679 0.6434715246422482 0.5538431999873814 0
680 -0.292496633071102 0.8125783607380839 0
681 -0.2949013527498408 0.8428872818502015 0
682 -0.3267652666662579 0.8590633261579037 0
683 -0.3562244609039364 0.8449304493534884 0
684 -0.3243605469875192 0.828754405045786 0
685 -0.6035723120633558 0.7571766744977271 0
686 -0.572751339963066 0.7413428956327173 0
687 -0.5464769895817181 0.7608292819459868 0
688 -0.55102361130066 0.7961494471242662 0
689 -0.5777231645797662 0.7772363805501858 0
690 0.5998017227496903 -0.7538991933727566 0
691 0.5652101613357369 -0.734787933382775 0
692 0.5389358109543891 -0.7542743196960443 0
693 0.547253021986995 -0.7928719659992952 0
694 0.5739525752661008 -0.7739588994252153 0
695 0.6367174508550196 -0.6579690472028449 0
696 0.6559967399260608 -0.6373476538841737 0
697 0.6397705948439902 -0.6121628895205558 0
698 0.6042651606908788 -0.607599518475609 0
699 0.6204913057729491 -0.6327842828392268 0
700 0.6657627996030862 -0.5876442127549412 0
701 0.6562495702090704 -0.5585621649443797 0
702 0.6207441360559589 -0.5539987938994329 0
703 0.594751931296863 -0.5785174706650476 0
704 0.6302573654499745 -0.5830808417099944 0
705 0.6416827007920899 0.6240743280634516 0
706 0.6062785199293746 0.6344728777590685 0
707 0.5753758579904052 0.6124073660572483 0
708 0.5798773769141512 0.5799433046598113 0
709 0.6107800388531205 0.6020088163616313 0
710 -0.5050976674650122 -0.7369441080748936 0
711 -0.468376109059202 -0.741318250982404 0
712 -0.4402188499437099 -0.7146460663803363 0
713 -0.4487831492340281 -0.6835997388707583 0
714 -0.4769404083495201 -0.7102719234728261 0
715 -0.260798378753495 -0.6464554621384923 0
716 -0.2296413474995661 -0.6625791153689603 0
717 -0.2002841941503251 -0.6476723212436666 0
718 -0.202084072055013 -0.6166418738879048 0
719 -0.2332411033089419 -0.6005182206574367 0
720 -0.2625982566581829 -0.6154250147827304 0
721 -0.231441225404254 -0.6315486680131984 0
722 -0.4580700994334468 0.745239406122432 0
723 -0.4541329012567605 0.7114358198958448 0
724 -0.4238382183222742 0.6954671111077044 0
725 -0.3974807335644742 0.7133019885461512 0
726 -0.4014179317411605 0.7471055747727384 0
727 -0.4317126146756468 0.7630742835608788 0
728 -0.4277754164989605 0.7292706973342917 0
729 -0.09206913378534218 0.814581951913296 0
730 -0.0649626906425553 0.8325761524367277 0
731 -0.06974961718835072 0.8679013788206027 0
732 -0.101642986876933 0.8852324046810461 0
733 -0.1287494300197199 0.8672382041576145 0
734 -0.1239625034739245 0.8319129777737394 0
735 -0.0968560603311376 0.849907178297171 0
736 -0.7138611177581573 0.5332753009766935 0
737 -0.6970917821427597 0.5125682371812285 0
738 -0.6620037713432143 0.5161084901658678 0
739 -0.6436850961590667 0.5403558069459722 0
740 -0.6604544317744644 0.5610628707414371 0
741 -0.6955424425740097 0.5575226177567978 0
742 -0.678773106958612 0.5368155539613328 0
743 -0.6454304572949148 0.5835200934185281 0
744 -0.6654944936149105 0.6024370631109797 0
745 -0.7005825044144559 0.5988968101263403 0
746 -0.7156064788940054 0.5764395874492494 0
747 -0.6805184680944601 0.5799798404338887 0
748 0.3338366322087707 -0.8502735560239285 0
749 0.360742387786581 -0.8400839455340477 0
750 0.3662688713095405 -0.8066505277340202 0
751 0.3448895992546898 -0.7834067204238734 0
752 0.3179838436768794 -0.7935963309137541 0
753 0.3124573601539199 -0.8270297487137818 0
754 0.3393631157317302 -0.816840138223901 0
755 0.7494766885062902 -0.4161984903131592 0
756 0.7704487781975747 -0.4452789516801359 0
757 0.8029713862969098 -0.446473994853957 0
758 0.8145219047049603 -0.4185885766608015 0
759 0.7935498150136758 -0.3895081152938247 0
760 0.7610272069143408 -0.3883130721200036 0
761 0.7819992966056251 -0.4173935334869803 0
762 0.273216356314425 0.8453642070936449 0
763 0.2459729659056281 0.8268487156021233 0
764 0.2485605881538478 0.7952281528219155 0
765 0.2783916008108645 0.7821230815332292 0
766 0.3056349912196615 0.8006385730247508 0
767 0.3030473689714417 0.8322591358049586 0
768 0.2758039785626448 0.8137436443134369 0
769 0.7091762575040992 0.321438592226878 0
770 0.7391732594368986 0.3396812753382226 0
771 0.6792412939700926 0.3707642033833468 0
772 0.6792102747706962 0.3369800562494401 0
773 0.7092072767034954 0.3552227393607847 0
774 -0.8280864530140544 -0.04978604918020729 0
775 -0.8295742882298729 -0.01702381801349702 0
776 -0.8581282887053815 -0.003349941014760701 0
777 -0.8851944539650716 -0.02243829518273468 0
778 -0.8837066187492532 -0.05520052634944495 0
779 -0.8551526182737446 -0.06887440334818126 0
780 -0.856640453489563 -0.03611217218147097 0
781 -0.6848840049616935 0.4385635052995838 0
782 -0.6826032257445277 0.4652123393426736 0
783 -0.7114841675176979 0.48157342024328 0
784 -0.7426458885080338 0.4712856671007964 0
785 -0.7137649467348637 0.4549245862001901 0
786 -0.7614480546782201 0.2934902333141852 0
787 -0.7629629951247273 0.3239439241979304 0
788 -0.793398699481596 0.3363336522355164 0
789 -0.8223194633919576 0.3182696893893572 0
790 -0.8208045229454504 0.2878159985056121 0
791 -0.7903688185885815 0.275426270468026 0
792 -0.7918837590350887 0.3058799613517712 0
793 0.9141174243466803 -0.2097246373571686 0
794 0.9474513523749554 -0.2024074796866486 0
795 0.9193083957782461 -0.1798780056359379 0
796 0.9080652784975176 -0.07045305572495619 0
797 0.9022108445553102 -0.09897747779447641 0
798 0.9680963885947061 -0.07932097143818588 0
799 0.9410080505172156 -0.06062480254681092 0
800 0.9351536165750082 -0.08914922461633115 0
801 0.06389109389480864 -0.8525856568980084 0
802 0.05280840200962903 -0.8835678138758022 0
803 0.07185779899408208 -0.9120621040195305 0
804 0.1019898878637148 -0.9095742371854649 0
805 0.1130725797488944 -0.8785920802076711 0
806 0.09402318276444134 -0.8500977900639428 0
807 0.08294049087926171 -0.8810799470417366 0
808 -0.4111248692977876 0.8135460458157218 0
809 -0.4365660834539604 0.7962945190823705 0
810 -0.4062714005194741 0.78032581029423 0
811 0.7671528491830822 0.495248715734623 0
812 0.7558758866690455 0.5240868799498299 0
813 0.7193822149146869 0.5354082222206696 0
814 0.694165505674365 0.5178914002763024 0
815 0.7306591774287235 0.5065700580054627 0
816 0.3886983324332337 -0.8093138802044795 0
817 0.389748521502076 -0.788733425364792 0
818 0.3683692494472252 -0.7654896180546452 0
819 0.3459397883235321 -0.7628262655841859 0
820 0.3673190603783829 -0.7860700728943327 0
821 -0.158733173671 0.8795215601586284 0
822 -0.1839299907764846 0.8564796897757673 0
823 -0.1791430642306892 0.8211544633918921 0
824 -0.1491593205794091 0.8088711073908783 0
825 -0.1539462471252045 0.8441963337747533 0
826 -0.5923112742721891 0.6875740615016398 0
827 -0.5671208210674826 0.7065415891346736 0
828 -0.6287627652680622 0.7382091468646932 0
829 -0.6231322463724789 0.7034078403666496 0
830 -0.5979417931677724 0.7223753679996834 0
831 -0.5152893444452286 0.7433537419614781 0
832 -0.4886483210276808 0.7611983671552486 0
833 -0.4931949427466227 0.796518532333528 0
834 -0.5243825878831123 0.8139940723180367 0
835 -0.5198359661641704 0.7786739071397574 0
836 -0.2261264481156912 -0.7863442658882128 0
837 -0.2574571461886713 -0.7984947229239628 0
838 -0.2654431303435683 -0.8340868824009781 0
839 -0.2420984164254851 -0.8575285848422433 0
840 -0.2341124322705881 -0.8219364253652282 0
841 -0.2523147482709213 -0.7103570290241399 0
842 -0.2253995322582792 -0.6945298988117842 0
843 -0.2877135947661371 -0.662282592350848 0
844 -0.2834717795248502 -0.6942333757936717 0
845 -0.2565565635122081 -0.678406245581316 0
846 0.4893702545895886 -0.8023858412084111 0
847 0.5224702438045947 -0.8169277267554785 0
848 0.5141530327719889 -0.7783300804522277 0
849 0.6287415767037555 -0.7415371157489975 0
850 0.623089869243867 -0.7100637781352567 0
851 0.594150015289802 -0.7224258557590157 0
852 0.7091965852958058 0.2890745715610969 0
853 0.7392139150203116 0.2749532340066603 0
854 0.7692109169531109 0.293195917118005 0
855 0.7691905891614045 0.3255599377837861 0
856 0.7391935872286051 0.3073172546724415 0
857 -0.658679616073526 -0.5220566412629812 0
858 -0.6800406621252549 -0.503904523384319 0
859 -0.7118039397331118 -0.5077798862320156 0
860 -0.7222061712892398 -0.5298073669583744 0
861 -0.7008451252375109 -0.5479594848370365 0
862 -0.6690818476296539 -0.54408412198934 0
863 -0.6904428936813829 -0.5259320041106778 0
864 0.4645542583521791 0.5708792710135407 0
865 0.4371679101301117 0.552090367215115 0
866 0.4393188817723769 0.5189361076233249 0
867 0.4688562016367094 0.5045707518299605 0
868 0.4962425498587766 0.5233596556283863 0
869 0.4940915782165115 0.5565139152201765 0
870 0.4667052299944441 0.5377250114217506 0
871 0.7409964785021471 0.2424343480780805 0
872 0.7127617122594766 0.2240367997039371 0
873 0.7121177079802353 0.1911808014027037 0
874 0.7397084699436643 0.1767223514756137 0
875 0.7679432361863349 0.195119899849757 0
876 0.7685872404655761 0.2279758981509904 0
877 0.7403524742229057 0.2095783497768471 0
878 -0.8333011052790803 0.1535294248739839 0
879 -0.8256872155701426 0.1833102847748414 0
880 -0.8445666092426296 0.2120343986555103 0
881 -0.8710598926240544 0.2109776526353217 0
882 -0.878673782332992 0.1811967927344642 0
883 -0.8597943886605049 0.1524726788537953 0
884 -0.8521804989515671 0.1822535387546528 0
885 -0.9071913590392018 0.1852736331909277 0
886 -0.9168295420729244 0.1606263597667223 0
887 -0.8979501484004374 0.1319022458860534 0
888 -0.8694325716942277 0.1278254054295899 0
889 -0.8883119653667146 0.1565495193102588 0
890 0.01953113975525786 0.8916187260388586 0
891 -0.009162553872255281 0.8710945394995089 0
892 -0.007886216891849306 0.8365147911949978 0
893 0.0220838137160698 0.8224592294298364 0
894 0.05077750734358295 0.842983415969186 0
895 0.04950117036317698 0.8775631642736972 0
896 0.02080747673566383 0.8570389777343475 0
897 -0.8401845934886144 0.271167532587365 0
898 -0.8291289596749096 0.242129338631532 0
899 -0.7986932553180409 0.229739610593946 0
900 -0.7793131847748769 0.246388076512193 0
901 -0.8097488891317455 0.2587778045497791 0
902 -0.7129962891242819 -0.5733929643022478 0
903 -0.693384175403196 -0.5949510809197625 0
904 -0.6812330115164249 -0.5695176014545511 0
905 0.4240913032662322 0.7140891688894214 0
906 0.4532173213602551 0.6996021863874788 0
907 0.4797865540710068 0.716941702856737 0
908 0.4772297686877355 0.7487682018279376 0
909 0.4481037505937127 0.7632551843298802 0
910 0.421534517882961 0.7459156678606221 0
911 0.4506605359769838 0.7314286853586794 0
912 0.2933421824282632 -0.7740816233049524 0
913 0.2631740376566874 -0.7880003334961782 0
914 0.2576475541337279 -0.8214337512962058 0
915 0.2822892153823441 -0.8409484589050075 0
916 0.2878156989053037 -0.80751504110498 0
917 0.2149933078759805 0.8706119038448329 0
918 0.2168614416864058 0.8394725639777173 0
919 0.2713482225039998 0.8765035469607605 0
920 0.2422366982847775 0.8891273953363544 0
921 0.2441048320952028 0.857988055469239 0
922 -0.5942156012587153 0.5841663741687445 0
923 -0.5630647815425116 0.6037296246114124 0
924 -0.5604432170431705 0.6383974279922556 0
925 -0.5889724722600329 0.6535019809304308 0
926 -0.6201232919762366 0.6339387304877627 0
927 -0.6227448564755779 0.5992709271069196 0
928 -0.5915940367593739 0.6188341775495876 0
929 -0.7631079279353861 -0.4523306536728824 0
930 -0.7412453151944627 -0.4310304170320871 0
931 -0.8080104004442622 -0.4208440282453127 0
932 -0.7964904705602859 -0.4472374592794952 0
933 -0.7746278578193625 -0.4259372226386999 0
934 0.7220949099882743 0.5731752888993029 0
935 0.6995908958215397 0.5934255336335689 0
936 0.6968782007479523 0.5556584669549356 0
937 0.5335699847949777 0.7189896055079974 0
938 0.5079566621246279 0.7020524046967669 0
939 0.5118536726584051 0.6717006117419193 0
940 0.5413640058625323 0.6582860195983022 0
941 0.5669773285328822 0.6752232204095329 0
942 0.5630803179991049 0.7055750133643804 0
943 0.537466995328755 0.6886378125531498 0
944 0.4048761973978556 0.5984697961634536 0
945 0.4073288796529501 0.5658856297900714 0
946 0.4621015760970846 0.603463437386923 0
947 0.4322625456199229 0.6172586999618794 0
948 0.4347152278750174 0.5846745335884971 0
949 0.4855424284942674 0.6532995275276797 0
950 0.4887415175342569 0.6214838511698231 0
951 0.518251850738384 0.6080692590262061 0
952 0.5445630949025217 0.6264703432404457 0
953 0.5150527616983945 0.6398849353840627 0
954 0.8002508050788796 0.2762682483133929 0
955 0.8312703654129417 0.291704600174562 0
956 0.8312500376212352 0.3240686208403432 0
957 0.8002101494954665 0.3409962896449552 0
958 0.800230477287173 0.3086322689791741 0
959 0.5535661327500134 0.5615422204455717 0
960 0.5227533696621299 0.5756051976287692 0
961 0.5270553129466602 0.5092966784451889 0
962 0.5557171043922786 0.5283879608537816 0
963 0.524904341304395 0.542450938036979 0
964 0.8928039805581545 0.07403733172985758 0
965 0.8685241949195081 0.0913978139756394 0
966 0.8442366494374917 0.07785476093167251 0
967 0.8442288895941219 0.0469512256419238 0
968 0.8685086752327683 0.02959074339614197 0
969 0.8927962207147847 0.04313379644010887 0
970 0.8685164350761383 0.06049427868589069 0
971 0.6809618190531354 0.2706770231869535 0
972 0.6827443825349707 0.2381581372583736 0
973 0.7109791487776412 0.256555685632517 0
974 0.7218002937097164 -0.4163419513205442 0
975 0.7150959886044271 -0.445565873694906 0
976 0.7360680782957116 -0.4746463350618827 0
977 0.7637444730922854 -0.4745028740544976 0
978 0.7427723834010008 -0.4454224126875209 0
979 -0.8600082314518983 0.02819844136168732 0
980 -0.8889543394581054 0.04065846957016137 0
981 -0.9160205047177955 0.02157011540218739 0
982 -0.9141405619712787 -0.009978266974260627 0
983 -0.8870743967115885 0.009110087193713345 0
984 0.8177232368906341 -0.2612675070424048 0
985 0.8432400526813598 -0.2860568425065036 0
986 0.8727657444208587 -0.2795780503229645 0
987 0.8767746203696321 -0.2483099226753265 0
988 0.847248928630133 -0.2547887148588657 0
989 0.07947143189495513 0.8234949815455881 0
990 0.1068890194659214 0.8385862954265011 0
991 0.1056126824855154 0.8731660437310123 0
992 0.07691875793414321 0.8926544781546102 0
993 0.07819509491454917 0.858074729850099 0
994 0.1651032531145158 0.776936819123341 0
995 0.1919164143056734 0.7926350216169714 0
996 0.1905885860101833 0.8234480191762059 0
997 0.1624475965235355 0.83856281424181 0
998 0.1356344353323778 0.8228646117481797 0
999 0.1369622636278679 0.7920516141889452 0
1000 0.1637754248190256 0.8077498166825755 0
1001 0.1430132861938705 -0.8829691445372272 0
1002 0.1539045956543936 -0.8588519187230549 0
1003 0.1348551986699405 -0.8303576285793266 0
1004 0.1049144922249644 -0.8259805642497706 0
1005 0.1239638892094175 -0.8544748543934988 0
1006 -0.2229404881229952 -0.7581905923138071 0
1007 -0.2510852262032792 -0.7421873757751514 0
1008 -0.2824159242762593 -0.7543378328109013 0
1009 -0.2856018842689553 -0.7824915063853071 0
1010 -0.2542711861959752 -0.770341049349557 0
1011 0.08079926019044528 0.7926819839863536 0
1012 0.1095446760569017 0.7769603003080321 0
1013 0.1082168477614115 0.8077732978672665 0
1014 -0.847204880098384 0.3646847953651746 0
1015 -0.8492225537003516 0.3324452609541864 0
1016 -0.82030178978999 0.3505092238003454 0
1017 -0.04049367639049352 0.8775935405001479 0
1018 -0.04313110528121863 0.9046167280401367 0
1019 -0.07502447496980093 0.9219477539005801 0
1020 -0.1042804157676581 0.9122555922210348 0
1021 -0.07238704607907583 0.8949245663605915 0
1022 0.8921332788902165 0.1362184702865162 0
1023 0.868188844085539 0.1224883832539687 0
1024 0.916748415362832 0.08776741876240504 0
1025 0.916413064528863 0.1188579880407343 0
1026 0.8924686297241855 0.1051279010081868 0
1027 0.5310131994117065 0.7508161044791981 0
1028 0.5028430913580855 0.7657054026391682 0
1029 0.5053998767413567 0.7338789036679675 0
1030 0.5490646138262675 0.5940062818430086 0
1031 -0.2054972158214543 0.8019651766017575 0
1032 -0.2018676237609393 0.7704925338106089 0
1033 -0.1718838801096593 0.758209177809595 0
1034 -0.1455297285188941 0.7773984645997297 0
1035 -0.1755134721701742 0.7896818206007437 0
1036 0.1994804473090469 0.6980298994713622 0
1037 0.1726374058581183 0.6808398345290069 0
1038 0.1752588272613632 0.6492529356924525 0
1039 0.2047232901155367 0.6348561017982534 0
1040 0.2315663315664653 0.6520461667406086 0
1041 0.2289449101632204 0.683633065577163 0
1042 0.2021018687122919 0.6664430006348078 0
1043 0.1407915160846353 0.7287090009486911 0
1044 0.1432929402459125 0.6961793852676713 0
1045 0.1969790231477697 0.7305595151523818 0
1046 0.1676345575355639 0.7458990658910463 0
1047 0.1701359816968411 0.7133694502100266 0
1048 0.2857053886116844 0.687764793484967 0
1049 0.25601443868583 0.7014923789493422 0
1050 0.2612572814923197 0.6383185812762334 0
1051 0.2883268100149293 0.6561778946484126 0
1052 0.2586358600890749 0.6699054801127878 0
1053 0.3572785742518961 0.4641617258083226 0
1054 0.3865903290174097 0.4496407579283046 0
1055 0.4138619098246303 0.4678470145044208 0
1056 0.4118217358663374 0.500574238960555 0
1057 0.3825099811008238 0.515095206840573 0
1058 0.3552384002936032 0.4968889502644568 0
1059 0.3845501550591167 0.4823679823844387 0
1060 0.4433992296889628 0.4534816587110564 0
1061 0.4708963755950023 0.4718435273738263 0
1062 0.4413590557306699 0.4862088831671906 0
1063 0.3804354036116483 0.5477372534589811 0
1064 0.3510892453152522 0.5621730435012731 0
1065 0.3238176645080315 0.5439667869251569 0
1066 0.325892241997207 0.5113247403067487 0
1067 0.3531638228044276 0.5295309968828649 0
1068 0.06073831395297425 0.6755555533782733 0
1069 0.06265454486253162 0.6428621886430083 0
1070 0.09164530531712256 0.6279958058007127 0
1071 0.1187198348621561 0.6458227876936822 0
1072 0.1168036039525988 0.6785161524289473 0
1073 0.08781284349800782 0.6933825352712428 0
1074 0.08972907440756518 0.6606891705359778 0
1075 0.04329731684421696 0.494319496535893 0
1076 0.01600568805856701 0.4762922523534063 0
1077 0.01797308972553114 0.4436406903798081 0
1078 0.04723212017814521 0.4290163725886966 0
1079 0.07452374896379514 0.4470436167711833 0
1080 0.07255634729683101 0.4796951787447815 0
1081 0.04526471851118108 0.4616679345622947 0
1082 0.01007298777917321 0.5742004406943474 0
1083 0.0373218817756311 0.5921846323010453 0
1084 0.03536669345909737 0.6248221446934468 0
1085 0.006162611146105735 0.6394754654791502 0
1086 -0.02108628285035216 0.6214912738724524 0
1087 -0.01913109453381842 0.588853761480051 0
1088 0.008117799462639472 0.6068379530867488 0
1089 0.1118007556300443 0.7435753837909866 0
1090 0.0853114193367306 0.7259121509522625 0
1091 0.1143021797913215 0.7110457681099669 0
1092 -0.01521258438721743 0.5235658354487396 0
1093 -0.01324926255715018 0.4909154218098296 0
1094 0.0413339950141497 0.526969910174803 0
1095 0.01207904439843251 0.5415930796312263 0
1096 0.01404236622849976 0.5089426659923162 0
1097 0.1291038250110075 0.4830985165972354 0
1098 0.0998463853204372 0.4977226286578075 0
1099 0.1037811886543655 0.4324195047106111 0
1100 0.1310712266779717 0.4504469546236372 0
1101 0.1018137869874013 0.4650710666842093 0
1102 0.1251540745007764 0.5483972333563838 0
1103 0.09787151006532163 0.5303719870373818 0
1104 0.1563863894464623 0.5011237629162374 0
1105 0.1544115141913467 0.5337731212958117 0
1106 0.127128949755892 0.5157478749768096 0
1107 0.2109252464728634 0.5371714044899243 0
1108 0.1816809427045473 0.5517969420826551 0
1109 0.1856306932147784 0.4864982253235066 0
1110 0.2129001217279789 0.5045220461103501 0
1111 0.1836558179596628 0.5191475837030809 0
1112 0.06858288901060758 0.5449541017815008 0
1113 0.06657683239134829 0.5775614628446221 0
1114 0.0393279383948904 0.5595772712379241 0
1115 0.4178467733042334 0.4023825028845537 0
1116 0.4197914628255436 0.3696452157208209 0
1117 0.4490291710767064 0.3549194402753086 0
1118 0.476322189806559 0.3729309519935292 0
1119 0.4743775002852488 0.4056682391572621 0
1120 0.445139792034086 0.4203940146027744 0
1121 0.4470844815553962 0.3876567274390415 0
1122 0.09385939682680303 0.5955867091636241 0
1123 0.1231480178815171 0.5810045944195049 0
1124 0.1502225474265507 0.5988315763124744 0
1125 0.1480084559168702 0.6312406729495631 0
1126 0.1209339263718366 0.6134136910565936 0
1127 0.03153423163998262 0.6902088741639769 0
1128 0.004246380236548357 0.6721688302144153 0
1129 0.03345046254954 0.6575155094287118 0
1130 0.5018746461912884 0.424030107820032 0
1131 0.5001340838461651 0.4571177519283141 0
1132 0.4726369379401256 0.4387558832655442 0
1133 0.3631964176420739 0.3661220393190009 0
1134 0.3924662849944638 0.3515149839380445 0
1135 0.3885769059518435 0.4169895582655102 0
1136 0.3612517281207637 0.3988593264827338 0
1137 0.3905215954731536 0.3842522711017773 0
1138 0.3299533964208163 0.4460314940255462 0
1139 0.3319399733552501 0.4133802943627518 0
1140 0.3592651511863299 0.4315105261455283 0
1141 0.2753982788289728 0.4099766214488846 0
1142 0.3046624145593284 0.395352858074421 0
1143 0.3006892606904608 0.4606552574000098 0
1144 0.273411701894539 0.442627821111679 0
1145 0.3026758376248945 0.4280040577372154 0
1146 -0.05801588832752484 0.2915985166319714 0
1147 -0.02875543520725394 0.2769740658262443 0
1148 -0.001460372662764542 0.2950022957115253 0
1149 -0.003425763238546033 0.3276549764025333 0
1150 -0.03268621635881692 0.3422794272082604 0
1151 -0.05998127890330632 0.3242511973229795 0
1152 -0.03072082578303543 0.3096267465172523 0
1153 -0.06587663634668124 0.4222090431994168 0
1154 -0.03858128853688208 0.4402370256851683 0
1155 -0.04054476683152849 0.472887115349591 0
1156 -0.06980359293597406 0.4875092225282625 0
1157 -0.09709894074577322 0.4694812400425111 0
1158 -0.09513546245112681 0.4368311503780883 0
1159 -0.06784011464132765 0.4548591328638396 0
1160 0.4802526245940838 0.3076255471288359 0
1161 0.4509943884704687 0.322266737842962 0
1162 0.4236989298598123 0.3042384635367346 0
1163 0.4256617073727709 0.2715689985163812 0
1164 0.4549199434963859 0.2569278078022552 0
1165 0.4822154021070423 0.2749560821084825 0
1166 0.4529571659834273 0.2895972728226086 0
1167 -0.03465143059504514 0.3749321249669161 0
1168 -0.06391170737576277 0.3895565928402908 0
1169 -0.09120676992025217 0.3715283629550098 0
1170 -0.08924155568402395 0.3388756651963541 0
1171 -0.06194649313953454 0.3569038950816351 0
1172 0.0278000720289119 0.2803778358931857 0
1173 0.05509512614480686 0.2984060567658542 0
1174 0.05312973556902537 0.3310587374568623 0
1175 0.02386929087734892 0.3456831972752019 0
1176 0.02583468145313041 0.3130305165841937 0
1177 0.04919704914906368 0.3963639222295706 0
1178 0.02190294766736807 0.378335789661556 0
1179 0.08042383705072095 0.3490868700248769 0
1180 0.07845749384074012 0.381739462411231 0
1181 0.05116339235904453 0.3637113298432164 0
1182 0.1350102048196621 0.3851428236713954 0
1183 0.1057506777252107 0.3997674392344903 0
1184 0.1096833641451724 0.334462254461782 0
1185 0.136976548029643 0.3524902312850413 0
1186 0.1077170209351915 0.3671148468481361 0
1187 0.3944366768541277 0.3188627300286576 0
1188 0.3671372013614017 0.3008175315002271 0
1189 0.3690999788743602 0.2681480664798737 0
1190 0.3983622318800448 0.2535237999879508 0
1191 0.3963994543670862 0.2861932650083042 0
1192 -0.00735608278524599 0.3929601074526675 0
1193 -0.009321011756164456 0.4256125578117935 0
1194 -0.03661635956596361 0.4075845753260421 0
1195 0.2872153185890747 0.2140633816227486 0
1196 0.3164761549109505 0.1994389858469662 0
1197 0.3437705694447761 0.2174671710380548 0
1198 0.3418041476567259 0.2501197520049258 0
1199 0.3125433113348501 0.2647441477807081 0
1200 0.2852488968010244 0.2467159625896195 0
1201 0.3145097331229003 0.2320915668138372 0
1202 0.3730328224504607 0.2028429045461319 0
1203 0.4003286536680951 0.2208712190210798 0
1204 0.3710664006624104 0.2354954855130028 0
1205 0.5075456433239364 0.3256370588470566 0
1206 0.505580425930174 0.3582897612794032 0
1207 0.4782874072003214 0.3402782495611826 0
1208 0.3105764464472129 0.2973966399815451 0
1209 0.2813151670257502 0.3120209469912937 0
1210 0.2540207524919246 0.2939927618002051 0
1211 0.2559876173795617 0.2613402695993681 0
1212 0.2832820319133873 0.2793684547904566 0
1213 -0.044471410491663 0.538187942627411 0
1214 -0.07176691476604131 0.5201596361671724 0
1215 -0.04250808866159574 0.5055375289885009 0
1216 0.1994325133010476 0.2579365418261943 0
1217 0.2286934977841232 0.2433121596123626 0
1218 0.224759768008849 0.3086171440140368 0
1219 0.1974656484134105 0.2905890340270313 0
1220 0.2267266328964861 0.2759646518131997 0
1221 -0.02679026864503703 0.2443213618846943 0
1222 -0.054085555203091 0.2262931087488715 0
1223 -0.05212017397599865 0.1936404313597231 0
1224 -0.02285950619085233 0.1790160071063975 0
1225 0.004435780367201646 0.1970442602422203 0
1226 0.002470399140109297 0.2296969376313687 0
1227 -0.02482488741794468 0.2116686844955459 0
1228 0.4042590823965743 0.1555658230400009 0
1229 0.3749980368147003 0.1701902065555924 0
1230 0.3477025782055193 0.1521619320996727 0
1231 0.3496681651782121 0.1195092741281615 0
1232 0.3789292107600861 0.10488489061257 0
1233 0.4062246693692672 0.1229131650684897 0
1234 0.3769636237873932 0.1375375485840812 0
1235 -0.08531117488557882 0.2735702634961485 0
1236 -0.08334600832336189 0.2409175595545986 0
1237 -0.05605072176530791 0.2589458126904214 0
1238 0.0590263125311558 0.2331007595471727 0
1239 0.02976566522208637 0.2477251872838449 0
1240 0.03369642767627107 0.1824198325055481 0
1241 0.06099169375824815 0.2004480821580242 0
1242 0.03173104644917873 0.2150725098946965 0
1243 0.3184417855705513 0.1667863403406853 0
1244 0.2911465799082762 0.1487580906101868 0
1245 0.2931121668809691 0.1161054326386756 0
1246 0.322372959515937 0.1014810243976629 0
1247 0.3204073725432441 0.1341336823691741 0
1248 0.236555970591825 0.1127015733248772 0
1249 0.2092605669376489 0.09467330577006608 0
1250 0.2112259009545272 0.06202062311521413 0
1251 0.2404866386255817 0.04739620801517325 0
1252 0.2677820422797578 0.06542447556998432 0
1253 0.2658167082628795 0.09807715822483629 0
1254 0.2385213046087033 0.0800488906700252 0
1255 0.2970428349147258 0.05080006732897167 0
1256 0.3243382935328154 0.06882834174281097 0
1257 0.2950775008978474 0.08345274998382361 0
1258 0.4315549136142087 0.1735941375149489 0
1259 0.429589699249969 0.2062468355054884 0
1260 0.4022938680323347 0.1882185210305404 0
1261 0.178034499819916 0.1419504036053374 0
1262 0.1799998315516944 0.1092977209102962 0
1263 0.2345906388600466 0.1453542560199184 0
1264 0.2053299034740921 0.1599786711601485 0
1265 0.2072952352058705 0.1273259884651073 0
1266 0.1293396098048805 0.007935810662453508 0
1267 0.1586002839336221 -0.006688612540989135 0
1268 0.1858956931360667 0.01133965557546381 0
1269 0.1839304282097697 0.04399234689535941 0
1270 0.1546697540810281 0.05861677009880206 0
1271 0.1273743448785835 0.0405885019823491 0
1272 0.1566350190073251 0.02596407877890645 0
1273 0.2151564308071212 -0.003284759524577064 0
1274 0.2424519035518787 0.01474351669527766 0
1275 0.2131911658808242 0.02936793179531853 0
1276 0.1527044838397963 0.09126946069592651 0
1277 0.1234438043961198 0.105893883176598 0
1278 0.09614839519367517 0.08786561506014506 0
1279 0.09811366543490703 0.05521292446302061 0
1280 0.1254090746373516 0.07324119257947354 0
1281 -0.07155464940508163 0.04500138156620419 0
1282 -0.07351987243954125 0.07765407822411664 0
1283 -0.1027805418457636 0.09227850204244892 0
1284 -0.1300759882175263 0.07425022920286871 0
1285 -0.1281107651830667 0.04159753254495625 0
1286 -0.09885009577684439 0.02697310872662399 0
1287 -0.100815318811304 0.05962580538453646 0
1288 -0.07941559299876361 0.1756121620360421 0
1289 -0.07745034423638222 0.1429594684590356 0
1290 -0.0481896764512359 0.12833504420571 0
1291 -0.02089425742847096 0.1463633135293909 0
1292 -0.05015492521361727 0.1609877377827165 0
1293 -0.1047457554300621 0.1249311999150165 0
1294 -0.1340064153861233 0.139555624948004 0
1295 -0.1613018617578861 0.1215273521084238 0
1296 -0.1593366481735876 0.08887465423585614 0
1297 -0.1320412018018248 0.1069029270754363 0
1298 -0.01696376461213855 0.08105792622518508 0
1299 -0.0462244300430697 0.0956823505536071 0
1300 -0.04229398397415048 0.03037695723778218 0
1301 -0.01499854157767895 0.04840522956727263 0
1302 -0.04425920700861009 0.06302965389569462 0
1303 0.2463823319216249 -0.0505618788964077 0
1304 0.2171216449919943 -0.03593745732041975 0
1305 0.1898261857023391 -0.0539657318201913 0
1306 0.1917914133423145 -0.08661842789595083 0
1307 0.2210521002719451 -0.1012428494719388 0
1308 0.2483475595616003 -0.08321457497216724 0
1309 0.2190868726319697 -0.06859015339617927 0
1310 0.2736778046663824 -0.03253360267655298 0
1311 0.2717125904815093 0.0001190951192896927 0
1312 0.2444171177367518 -0.01790918110056503 0
1313 0.1605655098030388 -0.03934130883587727 0
1314 0.1332700615437139 -0.05736958192732276 0
1315 0.1352352891836893 -0.09002227800308228 0
1316 0.1644959650829896 -0.1046467009873963 0
1317 0.1625307374430142 -0.07199400491163679 0
1318 -0.3873253037482719 -0.3671988490571821 0
1319 -0.3892808749187248 -0.3345641904789887 0
1320 -0.4185162837165886 -0.3199217413436742 0
1321 -0.4457961213439995 -0.3379139507865531 0
1322 -0.4438405501735466 -0.3705486093647466 0
1323 -0.4146051413756828 -0.3851910585000611 0
1324 -0.4165607125461357 -0.3525563999218677 0
1325 -0.638850169042481 -0.394104754161251 0
1326 -0.6357892469651936 -0.4237310520790948 0
1327 -0.6067120126635029 -0.4387070320787408 0
1328 -0.5806957004390997 -0.4240567141605427 0
1329 -0.5837566225163872 -0.3944304162426989 0
1330 -0.6128338568180779 -0.3794544362430529 0
1331 -0.6097729347407903 -0.4090807341608968 0
1332 -0.5274782451336012 -0.3915729842380405 0
1333 -0.5002771020525058 -0.3737395722337363 0
1334 -0.5023531953706261 -0.3413241910934601 0
1335 -0.5316304317698416 -0.326742221957488 0
1336 -0.558831574850937 -0.3445756339617923 0
1337 -0.5567554815328167 -0.3769910151020685 0
1338 -0.5295543384517214 -0.3591576030977642 0
1339 0.1020441615455556 -0.01009246242899198 0
1340 0.1040093874149723 -0.04274515872388011 0
1341 0.1313048356742972 -0.02471688563243462 0
1342 -0.3327169851579319 -0.3311911571467461 0
1343 -0.3619767156235548 -0.3165603445237706 0
1344 -0.358065573282649 -0.3818296616801576 0
1345 -0.330761413987479 -0.3638258157249395 0
1346 -0.3600211444531018 -0.3491950031019641 0
1347 -0.5879088091526277 -0.3295996539621464 0
1348 -0.6149099501361981 -0.3470390551027767 0
1349 -0.5858327158345074 -0.3620150351024226 0
1350 -0.3678730768285306 -0.2186113769608026 0
1351 -0.3386126174863422 -0.2332356854332635 0
1352 -0.3113175423364297 -0.2152083937636328 0
1353 -0.3132829265287056 -0.1825567936215412 0
1354 -0.342543385870894 -0.1679324851490803 0
1355 -0.3698384610208065 -0.185959776818711 0
1356 -0.3405780016786181 -0.2005840852911719 0
1357 -0.6849044290736072 0.3796279974738755 0
1358 -0.682644073968355 0.3473413236912571 0
1359 -0.6541707910553959 0.3343337611018697 0
1360 -0.627957863247689 0.3536128722951009 0
1361 -0.6302182183529411 0.3858995460777193 0
1362 -0.6586915012659001 0.3989071086671066 0
1363 -0.656431146160648 0.3666204348844881 0
1364 -0.1803694465163186 -0.5022630853824148 0
1365 -0.1509593001066403 -0.516872837566049 0
1366 -0.1236638414959189 -0.4988445631535603 0
1367 -0.1257785292948758 -0.4662065365574376 0
1368 -0.1551886757045541 -0.4515967843738035 0
1369 -0.1824841343152755 -0.4696250587862921 0
1370 -0.1530739879055972 -0.4842348109699262 0
1371 0.7372957112860135 -0.169577303812466 0
1372 0.766627926307092 -0.1525182829885593 0
1373 0.7643993914610108 -0.1197844892061718 0
1374 0.7328386415938508 -0.1041097162476911 0
1375 0.7035064265727723 -0.1211687370715978 0
1376 0.7057349614188535 -0.1539025308539853 0
1377 0.7350671764399321 -0.1368435100300786 0
1378 -0.5375398776125087 -0.2288195071469855 0
1379 -0.5082764440979424 -0.2434368548068809 0
1380 -0.4809809854797303 -0.2254085803934302 0
1381 -0.4829489603760845 -0.1927629583200839 0
1382 -0.5122123938906507 -0.1781456106601885 0
1383 -0.5395078525088628 -0.1961738850736392 0
1384 -0.5102444189942965 -0.2107912327335347 0
1385 -0.4204953009205772 -0.2873044220894556 0
1386 -0.4497541557519767 -0.272679312278116 0
1387 -0.4770339933793876 -0.290671521720995 0
1388 -0.475054976175399 -0.3232888409752135 0
1389 -0.447775138547988 -0.3052966315323346 0
1390 0.04745326294951529 -0.0461490088623595 0
1391 0.07671393811695211 -0.06077343194056387 0
1392 0.07278348637811875 0.004531960649212394 0
1393 0.04548803708009861 -0.01349631256747136 0
1394 0.07474871224753543 -0.02812073564567574 0
1395 -0.3542243123862531 0.9069850893282975 0
1396 -0.3257651924074163 0.8900906461453082 0
1397 -0.2949656073705403 0.9011109138856157 0
1398 -0.2926251423125012 0.9290256248089123 0
1399 -0.3236651952176582 0.9186774197382499 0
1400 0.04570560621874151 -0.4886623523704709 0
1401 0.04374039187970222 -0.4560096545948594 0
1402 0.01447971893639346 -0.4413852312309079 0
1403 -0.012815739667876 -0.4594135056425679 0
1404 -0.01085052532883672 -0.4920662034181794 0
1405 0.01841014761447203 -0.5066906267821309 0
1406 0.01644493327543275 -0.4740379290065194 0
1407 -0.1745723335325906 0.9547113304493168 0
1408 -0.154054345049053 0.9286373804954032 0
1409 -0.1216966178201969 0.933437195918392 0
1410 -0.1098568790748785 0.9643109612952945 0
1411 -0.1423193407267184 0.9602172080000597 0
1412 -0.7978565593262151 0.5550409436037876 0
1413 -0.7642435063498851 0.554511654187973 0
1414 -0.7447571200366155 0.5807860045693209 0
1415 -0.7588837866996762 0.6075896443664834 0
1416 -0.7789434927521348 0.5817404968828939 0
1417 -0.1161239903219813 -0.5966412734934662 0
1418 -0.1188365720094716 -0.5640619316215746 0
1419 -0.1489940857845416 -0.5495255353438364 0
1420 -0.1764390178721212 -0.5675684809379896 0
1421 -0.1737264361846309 -0.6001478228098812 0
1422 -0.143568922409561 -0.6146842190876194 0
1423 -0.1462815040970513 -0.5821048772157278 0
1424 -0.469201653714575 -0.4212616467743747 0
1425 -0.4711388063429927 -0.3885839035019034 0
1426 -0.5255410925051834 -0.4242507275105118 0
1427 -0.4964027967956703 -0.439095058778679 0
1428 -0.498339949424088 -0.4064173155062076 0
1429 -0.7134872899803787 -0.1078942969321448 0
1430 -0.6868391124429045 -0.09010446816451452 0
1431 -0.6887005190836767 -0.05765791169306964 0
1432 -0.7172101032619232 -0.04300118398925504 0
1433 -0.7438582807993974 -0.06079101275688532 0
1434 -0.7419968741586253 -0.09323756922833018 0
1435 -0.7153486966211509 -0.07544774046069991 0
1436 -0.6520685708298718 0.3016211844492716 0
1437 -0.6237534227966406 0.2881877189899045 0
1438 -0.5975404949889337 0.3074668301831356 0
1439 -0.5996427152144578 0.3401794068357338 0
1440 -0.6258556430221647 0.3209002956425027 0
1441 0.5567745911681773 0.7996220103081062 0
1442 0.5579789493167525 0.7677744083136671 0
1443 0.5842532996981004 0.7482880220003976 0
1444 0.6093232919308732 0.7606492376815671 0
1445 0.5834741444472835 0.780708943734026 0
1446 -0.006920096677809689 -0.5573715989728772 0
1447 0.02037536193998555 -0.5393433245594799 0
1448 -0.03814598394663195 -0.5100944778315769 0
1449 -0.03618076962111844 -0.5427471756089258 0
1450 -0.008885311003323201 -0.5247189011955283 0
1451 -0.5571782008400753 0.09769320019631485 0
1452 -0.5298661616795063 0.1157142798763806 0
1453 -0.5317318927337716 0.1483238092556174 0
1454 -0.5609096629486062 0.1629122589547885 0
1455 -0.5882217021091752 0.1448911792747227 0
1456 -0.5863559710549099 0.1122816498954859 0
1457 -0.5590439318943408 0.1303027295755517 0
1458 0.1880785422912812 -0.4964790736346288 0
1459 0.1588178693518069 -0.4818546502701848 0
1460 0.1315224107335274 -0.4998829246836443 0
1461 0.1334876250547222 -0.5325356224615478 0
1462 0.1627482979941966 -0.5471600458259919 0
1463 0.1900437566124761 -0.5291317714125324 0
1464 0.1607830836730017 -0.5145073480480883 0
1465 -0.5336094489738302 -0.2941249027032695 0
1466 -0.5063112297786032 -0.2760895525850229 0
1467 -0.5648380968077357 -0.246854857265232 0
1468 -0.5628728824883964 -0.279507555043374 0
1469 -0.5355746632931695 -0.2614722049251275 0
1470 -0.4517198524458238 -0.2400318244739648 0
1471 -0.4244266943082714 -0.2220094464811533 0
1472 -0.4263946692046255 -0.1893638244078071 0
1473 -0.4556558022385321 -0.1747405803272724 0
1474 -0.4536878273421779 -0.2073862024006186 0
1475 0.9061691094563397 -0.2414560891032801 0
1476 0.9315547225942742 -0.2658703831788717 0
1477 0.9401954339616022 -0.2343123677215279 0
1478 -0.6643147222055609 -0.007046681615059679 0
1479 -0.6622528285554955 -0.03968066050597195 0
1480 -0.6329921556179882 -0.05430508387066878 0
1481 -0.605793376330546 -0.03629552834445331 0
1482 -0.6078552699806113 -0.003661549453541034 0
1483 -0.6371159429181187 0.01096287391115578 0
1484 -0.6350540492680534 -0.0216711049797565 0
1485 0.6744770783337418 -0.1065303913470192 0
1486 0.6476762649407927 -0.1246258394048281 0
1487 0.649904799786874 -0.1573596331872156 0
1488 0.6789341480259043 -0.1719979789117942 0
1489 0.676705613179823 -0.1392641851294067 0
1490 -0.6174823750467798 0.1595156026394071 0
1491 -0.6448773169301191 0.1415304966248546 0
1492 -0.6430115858758536 0.1089209672456178 0
1493 -0.613750912938249 0.09429654388093343 0
1494 -0.6156166439925145 0.1269060732601702 0
1495 -0.08509358697932699 -0.2015957746204593 0
1496 -0.1123890453203645 -0.2196240489983071 0
1497 -0.1104238306301206 -0.2522767467288058 0
1498 -0.08116315759883934 -0.2669011700814566 0
1499 -0.05386769925780187 -0.2488728957036088 0
1500 -0.0558329139480457 -0.2162201979731101 0
1501 -0.08312837228908315 -0.2342484723509579 0
1502 -0.102979051987443 0.5674157962829952 0
1503 -0.1010207355139313 0.5347735629949646 0
1504 -0.04642972696517469 0.5708301759154417 0
1505 -0.07568354771306471 0.5854441027432338 0
1506 -0.073725231239553 0.552801869455203 0
1507 -0.4576213872065923 -0.1420888325300314 0
1508 -0.430325839140746 -0.1240603288133251 0
1509 -0.4322910534607098 -0.09140763103526342 0
1510 -0.46155181584652 -0.0767834369739081 0
1511 -0.4888473639123663 -0.09481194069061442 0
1512 -0.4868821495924024 -0.1274646384686761 0
1513 -0.4595866015265561 -0.1094361347519697 0
1514 0.1022617377941486 -0.4852585013191879 0
1515 0.07496627917596468 -0.5032867757326351 0
1516 0.07693149349715954 -0.5359394735105387 0
1517 0.1061921664365383 -0.5505638968749951 0
1518 0.1042269521153434 -0.5179111990970915 0
1519 0.1756102378707001 -0.7400332724227699 0
1520 0.2023703695087015 -0.7235264780453525 0
1521 0.1998698282090778 -0.6923952603032537 0
1522 0.1706091552714528 -0.6777708369385723 0
1523 0.1438490236334514 -0.6942776313159897 0
1524 0.146349564933075 -0.7254088490580886 0
1525 0.1731096965710764 -0.7089020546806712 0
1526 -0.4399662449167111 -0.4359040959096893 0
1527 -0.4126679887472651 -0.4178688017725324 0
1528 -0.4419033975451288 -0.4032263526372179 0
1529 -0.5509865639700098 -0.7985030632574907 0
1530 -0.546402894920416 -0.7655365142124371 0
1531 -0.5726772453017639 -0.7460501278991675 0
1532 -0.6035352647327055 -0.7595302906309516 0
1533 -0.5776861172491159 -0.7795899966834106 0
1534 -0.09440316855535648 -0.5134689865178648 0
1535 -0.06725718341375098 -0.4954553832860463 0
1536 -0.06937187121270787 -0.4628173566899236 0
1537 -0.09863254415327026 -0.4481929333256192 0
1538 -0.09651785635431338 -0.4808309599217419 0
1539 -0.656453864928395 -0.1376574727276519 0
1540 -0.6583223999169127 -0.1049860560622681 0
1541 -0.7116187549918611 -0.1405657135975286 0
1542 -0.6831020424658693 -0.1554473014952822 0
1543 -0.6849705774543868 -0.1227758848298983 0
1544 -0.6928243063838073 0.007610046088754912 0
1545 -0.7192719969119885 -0.01036720509834277 0
1546 -0.6907624127337419 -0.02502393280215736 0
1547 -0.3639416834408364 -0.283906352569105 0
1548 -0.3366469207924951 -0.2658831732374147 0
1549 -0.3951678394768719 -0.2366345562924929 0
1550 -0.3932021427830248 -0.2692820440966441 0
1551 -0.3659073801346835 -0.2512588647649537 0
1552 0.9033496635898591 0.3575026055886368 0
1553 0.8828197946684315 0.3323217788121839 0
1554 0.8938400624087388 0.3015221937753081 0
1555 0.9253901990704739 0.2959034355148851 0
1556 0.9150419939998116 0.3269434884200421 0
1557 -0.6739216572590442 0.1562170958800053 0
1558 -0.6755710557046303 0.1888888011497084 0
1559 -0.702936833400023 0.2036272694637209 0
1560 -0.7286532126498299 0.1856940325080303 0
1561 -0.7270038142042438 0.1530223272383272 0
1562 -0.699638036508851 0.1382838589243147 0
1563 -0.7012874349544371 0.1709555641940178 0
1564 0.6189102372285532 -0.1100685896844888 0
1565 0.6169450229092628 -0.07741589190634052 0
1566 0.5876843499716281 -0.06279146854166019 0
1567 0.5603888913532836 -0.08081974295512814 0
1568 0.562354105672574 -0.1134724407332764 0
1569 0.5916147786102087 -0.1280968640979567 0
1570 0.5896495642909183 -0.09544416631980845 0
1571 -0.5043322125746147 -0.3087068718392415 0
1572 -0.01653329940594328 -0.9723000114182263 0
1573 -0.0330665988118865 -0.9446000228364526 0
1574 -0.06573897892174006 -0.9429949317271848 0
1575 -0.08187805962565041 -0.9690898291996909 0
1576 -0.04924070342324977 -0.971407848323216 0
1577 0.3574325804537127 -0.9027407438454611 0
1578 0.3321817285423366 -0.8816019551796352 0
1579 0.3013821435054608 -0.8926222229199425 0
1580 0.2958334103799612 -0.9247812793260759 0
1581 0.326873463285118 -0.9144330742554136 0
1582 -0.5182547184459974 0.3948958331658393 0
1583 -0.5162186438723864 0.362160442571743 0
1584 -0.4869579709351926 0.3475360192070058 0
1585 -0.4597333725716097 0.3656469864363651 0
1586 -0.4617694471452206 0.3983823770304614 0
1587 -0.4910301200824144 0.4130068003951985 0
1588 -0.4889940455088035 0.3802714098011022 0
1589 0.626370901816489 0.234620474360023 0
1590 0.6554489239166476 0.2201298628449083 0
1591 0.6518837969529767 0.2851676347020681 0
1592 0.6245883383346535 0.2671393602886028 0
1593 0.6536663604348121 0.2526487487734883 0
1594 -0.1377192891424991 -0.2703050211286622 0
1595 -0.1357540746235964 -0.3029577188811695 0
1596 -0.1064934015923151 -0.3175821422338204 0
1597 -0.07919794307993658 -0.2995538678339639 0
1598 -0.1084586161112179 -0.2849294444813131 0
1599 0.184148113652802 -0.4311736780783195 0
1600 0.1568526550325672 -0.44920195249203 0
1601 0.215374000911516 -0.4784507992209182 0
1602 0.2134087865922763 -0.4457981014427636 0
1603 0.1861133279720416 -0.4638263758564741 0
1604 -0.2078143786038983 -0.5203060309765681 0
1605 -0.2058491642817996 -0.5529587287543556 0
1606 -0.1784042321942199 -0.5349157831602022 0
1607 -0.5936546608967532 0.2423364052383448 0
1608 -0.591871047030097 0.2099185569461522 0
1609 -0.5628914578113977 0.1955721514661745 0
1610 -0.5356954824593546 0.2136435942783895 0
1611 -0.5374790963260109 0.2460614425705822 0
1612 -0.5664586855447102 0.2604078480505598 0
1613 -0.5646750716780538 0.2279899997583671 0
1614 -0.6310269412987153 -0.08695778164881919 0
1615 -0.6018629476920004 -0.1016009239007541 0
1616 -0.5746641684045583 -0.08359136837453868 0
1617 -0.5766293827238311 -0.05093867059638826 0
1618 -0.6038281620112731 -0.06894822612260373 0
1619 0.8005146449672057 -0.5529637529986767 0
1620 0.7695596776318671 -0.5503572729777499 0
1621 0.7500732913185975 -0.5766316233590978 0
1622 0.7615418723406665 -0.6055124537613724 0
1623 0.7816015783931254 -0.579663306277783 0
1624 -0.3561003589635641 -0.4144823594583322 0
1625 -0.3268309853493093 -0.4291312112812888 0
1626 -0.2995268260541393 -0.4111273653260707 0
1627 -0.3014920403732241 -0.3784746675478961 0
1628 -0.3287961996683941 -0.3964785135031141 0
1629 -0.5103938611711329 0.2642850420529519 0
1630 -0.5122882152349542 0.2968550470152992 0
1631 -0.5412678044536535 0.3112014524952768 0
1632 -0.5683530396085315 0.2929778530129071 0
1633 -0.5393734503898321 0.2786314475329295 0
1634 0.5857191356523566 -0.03013877076350959 0
1635 0.5564584627147406 -0.01551434739882692 0
1636 0.5291630040963963 -0.03354262181229486 0
1637 0.5311282184156677 -0.06619531959044547 0
1638 0.5584236770340122 -0.04816704517697752 0
1639 -0.3990991211387792 -0.1713353206911007 0
1640 -0.4010647061068394 -0.1386835728938597 0
1641 -0.4283602541726858 -0.156712076610566 0
1642 0.6303013304550814 0.1693150788037281 0
1643 0.6574141382359439 0.187477165066761 0
1644 0.5992580940356266 0.2164583880969901 0
1645 0.6012233083549229 0.1838056903188428 0
1646 0.6283361161357851 0.2019677765818755 0
1647 -0.4271066086545318 -0.663621685181876 0
1648 -0.3968657687847173 -0.6746899590025716 0
1649 -0.3693444974555424 -0.6551584093102573 0
1650 -0.372064065996182 -0.6245585857972472 0
1651 -0.4023049058659964 -0.6134903119765517 0
1652 -0.4298261771951714 -0.633021861668866 0
1653 -0.3995853373253569 -0.6440901354895616 0
1654 0.1002965234551093 -0.4526058035435764 0
1655 0.0710358504978861 -0.4379813801814122 0
1656 0.07300106483692539 -0.4706340779570237 0
1657 -0.385458585860691 -0.89194985372751 0
1658 -0.3882337393562912 -0.8600201749437336 0
1659 -0.4178048408432605 -0.8460340855560897 0
1660 -0.4446007888346296 -0.863977674952222 0
1661 -0.4153348709584299 -0.8786090208712733 0
1662 -0.1436149329938437 -0.1723469279089891 0
1663 -0.1416497183276228 -0.204999625642572 0
1664 -0.08705880164554791 -0.1689430768868763 0
1665 -0.1163194746528063 -0.1543186535311413 0
1666 -0.1143542599865854 -0.1869713512647242 0
1667 0.3771815383002579 -0.3376284549622241 0
1668 0.3791467526197445 -0.370281152740347 0
1669 0.4084074255579416 -0.3849055761049551 0
1670 0.4357028841766521 -0.3668773016914402 0
1671 0.4337376698571655 -0.3342246039133173 0
1672 0.4044769969189684 -0.3196001805487093 0
1673 0.406442211238455 -0.3522528783268322 0
1674 -0.5725574800595798 0.3584030063181035 0
1675 -0.5433700246791776 0.343914029147875 0
1676 -0.5474421738263995 0.4093848103360678 0
1677 -0.5745935546331907 0.3911383969121999 0
1678 -0.5454060992527886 0.3766494197419714 0
1679 0.9713065708132417 -0.01397621121847874 0
1680 0.9426131416264832 -0.02795242243695735 0
1681 0.9704144077182312 -0.04668361523578502 0
1682 0.9592160915004516 0.1800430671171068 0
1683 0.9376469025976728 0.1649958122180852 0
1684 0.9424467180206616 0.1326380849892293 0
1685 0.9688157223464293 0.1153276126593949 0
1686 0.9647219690511943 0.1477900743112348 0
1687 0.012514504590194 -0.4087325334562161 0
1688 -0.01674616836027494 -0.3941081100931844 0
1689 -0.0440416269645444 -0.4121363845048444 0
1690 -0.04207641261834493 -0.4447890822795361 0
1691 -0.01478095401407547 -0.4267608078678761 0
1692 -0.5259688941253594 0.05042327378689014 0
1693 -0.555229567063002 0.06504769715156961 0
1694 -0.5825250256814642 0.04701942273808678 0
1695 -0.5805598113622841 0.01436672495992447 0
1696 -0.5512991384246416 -0.0002576984047550145 0
1697 -0.5240036798061792 0.01777057600872782 0
1698 -0.5532643527438217 0.0323949993734073 0
1699 -0.6272898713216801 -0.1523006149795869 0
1700 -0.5999944127034827 -0.134272340566138 0
1701 -0.6291584063101978 -0.119629198314203 0
1702 0.6725118640144515 -0.07387769356887096 0
1703 0.6437458363022119 -0.0593204438485316 0
1704 0.6457110506215022 -0.09197314162667987 0
1705 -0.6820850591066541 -0.2847543407181239 0
1706 -0.7154804312313821 -0.3012216987087781 0
1707 -0.7132208992773296 -0.3332855232140906 0
1708 -0.677565995198549 -0.3488819897287488 0
1709 -0.644170623073821 -0.3324146317380946 0
1710 -0.6464301550278736 -0.3003508072327822 0
1711 -0.6798255271526016 -0.3168181652234363 0
1712 -0.460161291557781 -0.5852482389820833 0
1713 -0.4587543700410636 -0.6189008251716318 0
1714 -0.4037118273827138 -0.5798377257870031 0
1715 -0.4326400202286061 -0.5657166892897689 0
1716 -0.4312330987118888 -0.5993692754793175 0
1717 0.04963603487884613 -0.5539677479240027 0
1718 0.05160124919991146 -0.586620445701923 0
1719 0.08086192213929021 -0.6012448690663793 0
1720 0.1081573807576036 -0.5832165946529154 0
1721 0.07889670781822487 -0.568592171288459 0
1722 -0.004954882356744359 -0.5900242967507976 0
1723 0.02430579058211621 -0.6046487201153204 0
1724 0.02234057626105088 -0.5719960223374001 0
1725 -0.6703070444941809 0.09089269283215229 0
1726 -0.6683418301749035 0.05823999505400245 0
1727 -0.6390811572372989 0.04361557168931809 0
1728 -0.6117856986189717 0.06164384610278359 0
1729 -0.6410463715565762 0.07626826946746793 0
1730 0.1741008735885343 -0.9562189770526202 0
1731 0.1531114251609409 -0.9316526737020098 0
1732 0.120753697932085 -0.9364524891249986 0
1733 0.1093854191308226 -0.9658186078985977 0
1734 0.1418478807826623 -0.961724854603363 0
1735 -0.2041014927296707 -0.1104453833425555 0
1736 -0.1748408201948677 -0.1250698067589808 0
1737 -0.1475453624354295 -0.1070415324558471 0
1738 -0.1495105772107943 -0.07438883473628805 0
1739 -0.1787712497455974 -0.05976441131986265 0
1740 -0.2060667075050356 -0.07779268562299636 0
1741 -0.1768060349702326 -0.09241710903942175 0
1742 -0.3834530868788094 -0.4324239260858658 0
1743 -0.3815364411797997 -0.465014344536356 0
1744 -0.3522670675655448 -0.4796631963593126 0
1745 -0.3249143396502996 -0.461721629731779 0
1746 -0.3541837132645544 -0.4470727779088224 0
1747 -0.1829192180030052 0.4807070278308089 0
1748 -0.184884432322264 0.5133597256089611 0
1749 -0.2141451052598386 0.5279841489736493 0
1750 -0.2414405638781544 0.5099558745601853 0
1751 -0.2394753495588957 0.4773031767820332 0
1752 -0.2102146766213211 0.4626787534173449 0
1753 -0.2121798909405798 0.4953314511954971 0
1754 -0.3780077418328006 -0.5297227627526433 0
1755 -0.376395688184811 -0.5618407625184403 0
1756 -0.3474213617379434 -0.5760316469542545 0
1757 -0.3200590889390653 -0.5581045316242716 0
1758 -0.3216711425870548 -0.5259865318584747 0
1759 -0.3506454690339224 -0.5117956474226605 0
1760 -0.3490334153859329 -0.5439136471884575 0
1761 0.6499185826233597 0.3178203325049669 0
1762 0.6206579096754193 0.3324447558944004 0
1763 0.5933624510570962 0.3144164814809352 0
1764 0.5953276653867133 0.2817637836780363 0
1765 0.6226231240050364 0.2997920580915016 0
1766 0.1374180536952206 -0.5978410180175979 0
1767 0.1393832680145242 -0.6304937157957444 0
1768 0.1686439409521361 -0.6451181391604277 0
1769 0.1959393995704444 -0.6270898647469644 0
1770 0.1939741852511408 -0.5944371669688179 0
1771 0.164713512313529 -0.5798127436041347 0
1772 0.1666787266328325 -0.6124654413822811 0
1773 0.6499806210221523 0.3853886267727802 0
1774 0.6206889288748157 0.3662289030283071 0
1775 0.649949601822756 0.3516044796388736 0
1776 -0.5521727148376295 -0.5412598971916355 0
1777 -0.5563764111843308 -0.576896208352881 0
1778 -0.5275761427121874 -0.5922202306069293 0
1779 -0.4945721778933429 -0.571907941699732 0
1780 -0.4903684815466417 -0.5362716305384865 0
1781 -0.519168750018785 -0.5209476082844382 0
1782 -0.5233724463654862 -0.5565839194456838 0
1783 0.7734928771252306 0.09627215372566647 0
1784 0.770396054516162 0.1292680276370951 0
1785 0.7418563351004216 0.1439358418478988 0
1786 0.7164134382937496 0.1256077821472739 0
1787 0.7195102609028182 0.09261190823584531 0
1788 0.7480499803185586 0.0779440940250416 0
1789 0.7449531577094901 0.1109399679364702 0
1790 -0.03190921252644437 0.7849130776577824 0
1791 -0.03488273001310639 0.8177417153089708 0
1792 -0.08909561629868015 0.7817533142621076 0
1793 -0.05901565566923124 0.7669188771343507 0
1794 -0.06198917315589327 0.7997475147855391 0
1795 -0.6499597276879473 0.2392917554564535 0
1796 -0.6226990012256785 0.2570230044934955 0
1797 -0.6793292972921406 0.2838899354122296 0
1798 -0.6782748757211785 0.2527252209158206 0
1799 -0.6510141492589095 0.2704564699528625 0
1800 0.01607494446092379 0.9707143041927361 0
1801 0.0321498889218474 0.9414286083854722 0
1802 0.06482226903170081 0.9398235172762045 0
1803 0.08141970468063063 0.9675041219742007 0
1804 0.04878234847822977 0.9698221410977258 0
1805 0.6971001480093002 0.6759631135803099 0
1806 0.6870935148320526 0.6448194459740724 0
1807 0.7090614055574491 0.6205816136331049 0
1808 0.7410359294600931 0.6274874488983752 0
1809 0.7195969206105394 0.6522046318302583 0
1810 -0.8159699217604671 -0.5282571187842932 0
1811 -0.8004702312183883 -0.5009440045489855 0
1812 -0.8172874485669915 -0.4728861724844506 0
1813 -0.8496043564576735 -0.4721414546552236 0
1814 -0.8333993753291093 -0.5005662469880143 0
1815 -0.2429706945081587 -0.4077235142785677 0
1816 -0.2702661531216066 -0.4257517886914065 0
1817 -0.2683009387987019 -0.4584044864690905 0
1818 -0.2390402658623494 -0.4730289098339356 0
1819 -0.2117448072489016 -0.4550006354210968 0
1820 -0.2137100215718062 -0.4223479376434128 0
1821 -0.2410054801852541 -0.4403762120562516 0
1822 -0.2449359088272436 -0.375070816500393 0
1823 -0.2741965817597763 -0.3604463931350573 0
1824 -0.2722313674406914 -0.3930990909132319 0
1825 -0.4947430068692547 0.003146152643956183 0
1826 -0.4927777925507924 -0.0295065451342983 0
1827 -0.4635171196181754 -0.04413096849962333 0
1828 -0.4362216610040207 -0.02610269408669388 0
1829 -0.438186875322483 0.006550003691560606 0
1830 -0.4674475482551 0.02117442705688563 0
1831 -0.4654823339366376 -0.01147827072136885 0
1832 -0.09243795422984297 -0.5461216842952137 0
1833 -0.06332675476272395 -0.5607607788407442 0
1834 -0.06529196908823746 -0.5281080810633954 0
1835 0.6130145942706836 -0.01211049635004385 0
1836 0.6110493799513949 0.02054220142810455 0
1837 0.5817887070137789 0.03516662479278723 0
1838 0.5544932483954518 0.01713835037932148 0
1839 0.5837539213330677 0.00251392701463882 0
1840 -0.6098204842997915 0.02899114832462128 0
1841 -0.6194290140443032 -0.2829114060921519 0
1842 -0.5901683411066801 -0.2975358294568339 0
1843 -0.5940987697453586 -0.2322304339005499 0
1844 -0.6213942283636423 -0.2502587083140099 0
1845 -0.5921335554260194 -0.2648831316786919 0
1846 -0.157587237441155 0.5313853921603868 0
1847 -0.1283248282407873 0.5167583609336603 0
1848 -0.1322414611878107 0.5820428275097217 0
1849 -0.1595455539146667 0.5640276254484176 0
1850 -0.130283144714299 0.5494005942216909 0
1851 -0.2313969508977957 -0.1284736576981905 0
1852 -0.2294317365311176 -0.161126355470251 0
1853 -0.2001710639963145 -0.1757507788866764 0
1854 -0.1728756058281896 -0.1577225045310413 0
1855 -0.2021362783629926 -0.1430980811146159 0
1856 0.5894320218940516 0.3797218778418064 0
1857 0.5874668070606242 0.4123745763997789 0
1858 0.5582061309969349 0.4269990045424176 0
1859 0.5309106697666733 0.4089707341270837 0
1860 0.5328758846001008 0.3763180355691112 0
1861 0.5621365606637899 0.3616936074264726 0
1862 0.5601713458303624 0.3943463059844451 0
1863 0.6983367535388745 -0.02326389502159901 0
1864 0.6998073226327827 -0.05584941915540465 0
1865 0.7263314489166989 -0.07005687829413507 0
1866 0.7513850061067069 -0.05167881329905982 0
1867 0.7499144370127986 -0.01909328916525417 0
1868 0.7233903107288824 -0.004885830026523767 0
1869 0.7248608798227907 -0.03747135416032941 0
1870 -0.6191317734923659 0.1921873079091102 0
1871 -0.648176113821291 0.2068739071642609 0
1872 -0.6465267153757051 0.1742022018945578 0
1873 0.6133173269628122 0.4634763760824793 0
1874 0.6411330616984275 0.4819254772072072 0
1875 0.5847531279676635 0.5133285871608333 0
1876 0.5851273600974302 0.4791779310592924 0
1877 0.6129430948330455 0.4976270321840203 0
1878 -0.4208542721414923 0.6629069491396773 0
1879 -0.3915128412029105 0.6481816646100969 0
1880 -0.3651553564451105 0.6660165420485437 0
1881 -0.3681393026258924 0.6985767040165709 0
1882 -0.3944967873836924 0.680741826578124 0
1883 -0.2255013077853918 -0.2264317510127833 0
1884 -0.223536093406344 -0.2590844487832552 0
1885 -0.1942754205719982 -0.273708872161203 0
1886 -0.1669799621167 -0.255680597768679 0
1887 -0.1689451764957478 -0.2230278999982071 0
1888 -0.1982058493300936 -0.2084034766202593 0
1889 -0.1962406349510459 -0.2410561743907312 0
1890 -0.6772384299499967 0.6942733654139004 0
1891 -0.6473700787134461 0.6814399496412532 0
1892 -0.6534799481999454 0.7167701380151394 0
1893 -0.9561402474958812 -0.1759373161838808 0
1894 -0.931495214588532 -0.1567843103516337 0
1895 -0.9362950300115208 -0.1244265831227779 0
1896 -0.9657398783418588 -0.1112218617261691 0
1897 -0.9616461250466239 -0.1436843233780087 0
1898 -0.2029781155132198 -0.9475136160299897 0
1899 -0.2108659090103109 -0.9142419516567492 0
1900 -0.2425973607564224 -0.9062936367664086 0
1901 -0.2664410190054429 -0.9316169862493086 0
1902 -0.2348830035480992 -0.9402576976166367 0
1903 -0.1554062203882458 0.02356925856994936 0
1904 -0.1534410061872025 -0.009083439223389795 0
1905 -0.1241803367809801 -0.02370786304172206 0
1906 -0.09688488157580109 -0.00567958906671517 0
1907 -0.1261455509820235 0.008944834751617095 0
1908 0.2387390308893245 -0.3951171292514051 0
1909 0.2660344895056123 -0.3770888548382015 0
1910 0.2640692751741033 -0.3444361570616228 0
1911 0.2348086022263064 -0.3298117336982477 0
1912 0.2075131436100186 -0.3478400081114514 0
1913 0.2094783579415277 -0.3804927058880301 0
1914 0.2367738165578155 -0.3624644314748264 0
1915 0.2407042452103169 -0.4277698270293347 0
1916 0.269964918147597 -0.4423942503940605 0
1917 0.2972603767638848 -0.4243659759808568 0
1918 0.2952951624428924 -0.3917132782029273 0
1919 0.2679997038266047 -0.409741552616131 0
1920 0.2446346738487961 -0.493075222585644 0
1921 0.2719301324668366 -0.4750469481722152 0
1922 0.2426694595295565 -0.4604225248074893 0
1923 -0.4049955948465551 -0.07337935662233397 0
1924 -0.4069608986182106 -0.04072688814804919 0
1925 -0.4342563572323652 -0.05875516256097865 0
1926 -0.4849927566172889 0.3148833214286796 0
1927 -0.4558029439358022 0.3003415908797126 0
1928 -0.4285783455722193 0.3184525581090719 0
1929 -0.4305435598901231 0.351105255887398 0
1930 -0.4577681582537059 0.3329942886580388 0
1931 -0.3174312967781007 0.3579129579849806 0
1932 -0.2901358381587437 0.3759412323985782 0
1933 -0.2921010524770446 0.4085939301768534 0
1934 -0.3213617254147026 0.4232183535415309 0
1935 -0.3486571840340596 0.4051900791279332 0
1936 -0.3466919697157586 0.3725373813496581 0
1937 -0.3193965110964016 0.3905656557632556 0
1938 -0.5045359173817286 0.1663952520678324 0
1939 -0.5065177122445201 0.1990551445792185 0
1940 -0.5337136875965631 0.1809837017670035 0
1941 0.2193044295500879 -0.5437561947772156 0
1942 0.2212696438694203 -0.5764088925553584 0
1943 0.2505303168070304 -0.5910333159200418 0
1944 0.277825775425308 -0.5730050415065825 0
1945 0.2758605611059756 -0.5403523437284398 0
1946 0.2465998881683656 -0.5257279203637563 0
1947 0.2485651024876979 -0.5583806181418989 0
1948 0.5409246997114228 -0.229444754748527 0
1949 0.5428603237300949 -0.2620833987940057 0
1950 0.5721209966677577 -0.2767078221586825 0
1951 0.5994460455867485 -0.2586936014778805 0
1952 0.5975104215680765 -0.2260549574324018 0
1953 0.5682497486304137 -0.2114305340677251 0
1954 0.5701853726490856 -0.2440691781132037 0
1955 -0.4656998757830167 0.4636877725868583 0
1956 -0.4929953344013125 0.445659498173397 0
1957 -0.4344739885269249 0.4164106514439228 0
1958 -0.4364392028458229 0.4490633492221212 0
1959 -0.4637346614641186 0.4310350748086599 0
1960 -0.4941660068877476 -0.471167455374694 0
1961 -0.521067512689338 -0.488395520702542 0
1962 -0.4634669757450513 -0.5190435652106385 0
1963 -0.4653657384156042 -0.4864914776287423 0
1964 -0.4922672442171946 -0.5037195429565904 0
1965 -0.4931652563766255 -0.6055605278892805 0
1966 0.3151813604010324 -0.6886775446562724 0
1967 0.3193458438004357 -0.7244202288849995 0
1968 0.3506363809313995 -0.7399763241208107 0
1969 0.3777624346629599 -0.7197897351278947 0
1970 0.3735979512635567 -0.6840470508991676 0
1971 0.3423074141325929 -0.6684909556633564 0
1972 0.3464718975319962 -0.7042336398920837 0
1973 0.08925810639681313 -0.7303341801429192 0
1974 0.1190541063147559 -0.7434371234715532 0
1975 0.1140530237155086 -0.6811746879873556 0
1976 0.08675756509718946 -0.6992029624008204 0
1977 0.1165535650151323 -0.7123059057294544 0
1978 -0.1366848597115257 -0.7425144647522128 0
1979 -0.1657403048771184 -0.7583541368023379 0
1980 -0.1053671686337869 -0.7951658178648374 0
1981 -0.1064982915898599 -0.7609203052834627 0
1982 -0.1355537367554526 -0.7767599773335876 0
1983 0.4723763537628491 -0.51131515881262 0
1984 0.4705756173959452 -0.4789551618360608 0
1985 0.4414850940642371 -0.4646335324040573 0
1986 0.4141953070994328 -0.4826718999486132 0
1987 0.4159960434663367 -0.5150318969251725 0
1988 0.4450865667980448 -0.5293535263571759 0
1989 0.443285830431141 -0.4969935293806166 0
1990 -0.9019704012154685 -0.3589800504671574 0
1991 -0.8800612699196499 -0.3352766685692258 0
1992 -0.8910815376599572 -0.30447708353235 0
1993 -0.9240109366960831 -0.2973808803934059 0
1994 -0.9136627316254211 -0.3284209332985626 0
1995 -0.6959952080184025 -0.6769075866367898 0
1996 -0.6848836348502564 -0.6467083920870336 0
1997 -0.7068515255756528 -0.6224705597460662 0
1998 -0.7399309894691953 -0.6284319219548552 0
1999 -0.7184919806196417 -0.6531491048867383 0
2000 0.8912771627118612 -0.3853566743992757 0
2001 0.8586747929124361 -0.3880299164334608 0
2002 0.8446887035247921 -0.4176010179204301 0
2003 0.8633049839365733 -0.4444988773732144 0
2004 0.8779363298556248 -0.4152329594970143 0
2005 -0.1571538900274587 -0.4189440865961195 0
2006 -0.1864145629610848 -0.4043196632309242 0
2007 -0.1844493486381801 -0.4369723610086081 0
2008 0.3225906210610104 -0.3736850037894885 0
2009 0.3518512940001208 -0.3883094271539792 0
2010 0.3479208653611476 -0.3230040315977334 0
2011 0.3206254067415238 -0.3410323060113656 0
2012 0.3498860796806342 -0.3556567293758563 0
2013 0.4180159553037456 -0.07300302168801612 0
2014 0.3907204966853975 -0.09103129610148449 0
2015 0.3926857110045976 -0.1236839938796442 0
2016 0.4219463839421458 -0.1383084172443356 0
2017 0.449241842560494 -0.1202801428308672 0
2018 0.4472766282412938 -0.08762744505270749 0
2019 0.4199811696229458 -0.1056557194661758 0
2020 -0.373987428334314 0.3545091069361634 0
2021 -0.4032481012711704 0.3691335303009438 0
2022 -0.3993176726353629 0.3038281347442914 0
2023 -0.3720222140164103 0.3218564091578371 0
2024 -0.4012828869532666 0.3364808325226176 0
2025 -0.295940013203432 -0.4759125141675932 0
2026 -0.2943184146718096 -0.508044965230941 0
2027 -0.2650577417354571 -0.5226693885957862 0
2028 -0.237418667330727 -0.5051613608972835 0
2029 -0.2666793402670795 -0.4905369375324383 0
2030 0.566284534311115 -0.1787778362895779 0
2031 0.5935799929294793 -0.1607495618761075 0
2032 0.5350586470542098 -0.1315007151467468 0
2033 0.5370238613734802 -0.1641534129248976 0
2034 0.5643193199918446 -0.1461251385114272 0
2035 -0.2355449209208399 0.4119977812256695 0
2036 -0.2082494623022932 0.4300260556391631 0
2037 -0.2667708081774424 0.4592749023685396 0
2038 -0.2648055938584146 0.4266222045903577 0
2039 -0.2375101352398678 0.4446504790038514 0
2040 -0.2335797066015514 0.3793450834475212 0
2041 -0.2043190336637162 0.3647206600828665 0
2042 -0.1770235750451694 0.3827489344963601 0
2043 -0.1789887893644579 0.4154016322745084 0
2044 -0.2062842479830047 0.3973733578610147 0
2045 -0.1263596139215286 0.4841056631555081 0
2046 -0.1536568088026375 0.4660799966040824 0
2047 -0.1516933305079911 0.4334299069396596 0
2048 -0.1224326573322357 0.4188054838266626 0
2049 -0.1243961356268821 0.4514555734910853 0
2050 0.6538352284254713 -0.2226650287435099 0
2051 0.680899362345203 -0.2046506766899414 0
2052 0.6228406658671422 -0.1753739852407842 0
2053 0.6248058801864408 -0.2080266830189314 0
2054 0.6518700141061724 -0.1900123309653627 0
2055 0.628558767021405 -0.2732477561791991 0
2056 0.6303464395370707 -0.3058161315613196 0
2057 0.6585418616528614 -0.3199346205498466 0
2058 0.6849496112529865 -0.301484734156253 0
2059 0.6831619387373209 -0.2689163587741324 0
2060 0.6549665166215302 -0.2547978697856055 0
2061 0.6567541891371957 -0.287366245167726 0
2062 -0.6171694820902506 -0.3149752305974642 0
2063 -0.1163414780891178 0.7636499290567363 0
2064 -0.1135073792501066 0.7307121067236082 0
2065 -0.08342741862065772 0.7158776695958514 0
2066 -0.05618155683022003 0.7339810548012227 0
2067 -0.08626151745966894 0.7488154919289796 0
2068 0.6695707258266349 -0.008706645301259655 0
2069 0.6422752672083037 -0.02673491971472595 0
2070 0.6710412949205431 -0.0412921694350653 0
2071 -0.7503439557267004 0.03691918028295425 0
2072 -0.7480318215834351 0.004287361998756904 0
2073 -0.6951364405270727 0.04024186437295226 0
2074 -0.7238962651985192 0.05489643147005192 0
2075 -0.7215841310552539 0.02226461318585458 0
2076 -0.001939181918525259 0.770857515892621 0
2077 0.02505733120273182 0.7896305917786479 0
2078 -0.004912699405187283 0.8036861535438093 0
2079 -0.07633379343607259 -0.8087824092342552 0
2080 -0.04843154119443135 -0.788153488022298 0
2081 -0.0495626641505044 -0.7539079754409231 0
2082 -0.07859603934821868 -0.7402913840715055 0
2083 -0.07746491639214563 -0.7745368966528803 0
2084 0.7894529486510187 -0.1014064242110966 0
2085 0.7829457559738667 -0.06735358625754059 0
2086 0.7578921987838587 -0.08573165125261581 0
2087 0.1976870709056263 -0.184576519363006 0
2088 0.1957218559439581 -0.1519238216673582 0
2089 0.1664611822666775 -0.1372993983976747 0
2090 0.139165723551065 -0.155327672823639 0
2091 0.1411309385127332 -0.1879803705192868 0
2092 0.1703916121900138 -0.2026047937889703 0
2093 0.1684263972283457 -0.1699520960933225 0
2094 0.0631749930594015 -0.3073705890895413 0
2095 0.09047045168802885 -0.2893423146747527 0
2096 0.08850523714182908 -0.2566896169257509 0
2097 0.05924456396700194 -0.2420651935915377 0
2098 0.03194910533837458 -0.2600934680063263 0
2099 0.03391431988457436 -0.2927461657553281 0
2100 0.06120977851320171 -0.2747178913405395 0
2101 -0.13182364576774 -0.3682631144095562 0
2102 -0.1298584314307863 -0.4009158121854355 0
2103 -0.1005977584994697 -0.4155402355509274 0
2104 -0.0733022999051068 -0.3975119611405399 0
2105 -0.07526751424206045 -0.3648592633646606 0
2106 -0.104528187173377 -0.3502348399991688 0
2107 -0.1025629728364234 -0.382887537775048 0
2108 -0.07133708555890735 -0.4301646589152318 0
2109 -0.161084318701366 -0.3536386910443609 0
2110 -0.1883797772980384 -0.3716669654550449 0
2111 -0.1591191043644123 -0.3862913888202402 0
2112 0.1529222263749986 -0.3838965569381727 0
2113 0.1821828993240177 -0.3985209803013907 0
2114 0.1782524706609995 -0.3332155847482333 0
2115 0.1509570120434895 -0.351243859161594 0
2116 0.1802176849925086 -0.365868282524812 0
2117 0.1256267677547638 -0.4019248313518832 0
2118 0.1275919820835482 -0.434577529128812 0
2119 0.1548874407037829 -0.4165492547151013 0
2120 0.455137485518111 -0.2182382361653443 0
2121 0.4531722711989025 -0.1855855383871856 0
2122 0.4239115982609737 -0.1709611150225431 0
2123 0.3966161396422534 -0.1889893894360593 0
2124 0.3985813539614618 -0.221642087214218 0
2125 0.4278420268993907 -0.2362665105788605 0
2126 0.4258768125801822 -0.2036138128007018 0
2127 -0.1866321067665672 0.0708463798256424 0
2128 -0.2158927789438454 0.08547080328799629 0
2129 -0.2431882366497593 0.0674425289917371 0
2130 -0.2412230221783951 0.03478983123312402 0
2131 -0.2119623500011169 0.02016540777077011 0
2132 -0.184666892295203 0.03819368206702931 0
2133 -0.2139275644724812 0.0528181055293832 0
2134 -0.1905625339351642 0.1361517755707777 0
2135 -0.2178579925281439 0.1181235011605639 0
2136 -0.1885973203508657 0.10349907769821 0
2137 -0.2724489096127234 0.08206695235316379 0
2138 -0.2997443681043231 0.0640386779559774 0
2139 -0.2977791536329589 0.03138598019736431 0
2140 -0.2685184806699949 0.01676155683593761 0
2141 -0.2704836951413591 0.0494142545945507 0
2142 -0.2665532663590415 -0.01589114094328147 0
2143 -0.2938487250110521 -0.03391941536107385 0
2144 -0.2918835108635331 -0.06657211316128751 0
2145 -0.2626228380640034 -0.08119653654370879 0
2146 -0.2353273794119928 -0.06316826212591642 0
2147 -0.2372925935595118 -0.03051556432570275 0
2148 -0.2645880522115225 -0.04854383874349513 0
2149 -0.3621961424802402 0.158592920259353 0
2150 -0.3914568153939971 0.1732173436271008 0
2151 -0.4187522739874212 0.1551890692168343 0
2152 -0.4167870596670883 0.1225363714388202 0
2153 -0.3875263867533314 0.1079119480710724 0
2154 -0.3602309281599074 0.1259402224813388 0
2155 -0.3894916010736642 0.1405646458490866 0
2156 -0.5454034954676337 -0.09821579173931032 0
2157 -0.518108036849982 -0.08018751732593156 0
2158 -0.5200732511692547 -0.04753481954778114 0
2159 -0.5493339241061793 -0.0329103961830095 0
2160 -0.5473687097869065 -0.0655630939611599 0
2161 -0.377917856970916 0.4198145024927137 0
2162 -0.4052133155894714 0.401786228079219 0
2163 -0.375952642652615 0.3871618047144385 0
2164 -0.2960314811151004 0.473899325733217 0
2165 -0.3233269397337304 0.4558710513197127 0
2166 -0.2940662667960725 0.4412466279550352 0
2167 -0.2161103195791358 0.5606368467517965 0
2168 -0.2453709925167489 0.5752612701164797 0
2169 -0.2726664511350648 0.5572329957030157 0
2170 -0.2707012368157676 0.5245802979248685 0
2171 -0.2434057781974516 0.5426085723383325 0
2172 -0.3019136644059318 0.5718406088735388 0
2173 -0.3291956633575016 0.5537955242659147 0
2174 -0.3272304490382044 0.5211428264877676 0
2175 -0.2979832357673373 0.5065352133172445 0
2176 -0.2999484500866345 0.5391879110953914 0
2177 -0.1556220231218962 0.4987326943822347 0
2178 -0.1887630563096524 0.5785866870522923 0
2179 -0.190676465977782 0.6111609507174712 0
2180 -0.2199371389153951 0.6257853740821544 0
2181 -0.2472844021848786 0.6078355337816587 0
2182 -0.2180237292472655 0.5932111104169755 0
2183 0.4920414738723161 0.1116925927083363 0
2184 0.4627808009253822 0.1263170161163729 0
2185 0.435485342307054 0.108288741702907 0
2186 0.4374505566356596 0.07563604388140457 0
2187 0.4667112295825935 0.06101162047336799 0
2188 0.4940066882009218 0.07903989488683383 0
2189 0.4647460152539879 0.0936643182948704 0
2190 0.5699974210980072 0.2310828114616723 0
2191 0.5427019624796841 0.213054537048207 0
2192 0.5446671767989802 0.1804018392700596 0
2193 0.5739278497365997 0.1657774159053775 0
2194 0.5719626354173034 0.1984301136835249 0
2195 0.6888226763303206 0.1400662320743639 0
2196 0.6866748111735633 0.1728527417020788 0
2197 0.6324491956118387 0.1365285691760132 0
2198 0.6617098685494581 0.1219041458113311 0
2199 0.659562003392701 0.154690655439046 0
2200 -0.4069359346786928 -0.5156017262554091 0
2201 -0.4342520738765956 -0.5335986895239719 0
2202 -0.4053238810307033 -0.5477197260212061 0
2203 -0.4088346973492458 -0.4830496386735129 0
2204 -0.4380495992177015 -0.4684945143601795 0
2205 -0.4361508365471485 -0.5010466019420758 0
2206 0.4489744444044606 -0.6237386512862297 0
2207 0.4209388486305312 -0.6112943442366895 0
2208 0.3968983313692412 -0.6324344068364258 0
2209 0.4008934098818809 -0.6660187764857023 0
2210 0.4249339271431707 -0.644878713885966 0
2211 0.01130506929146934 -0.7855508778469654 0
2212 0.0431394275357288 -0.80357718888359 0
2213 0.06980322601294896 -0.7868127455515713 0
2214 0.06463266624590965 -0.7520219911829282 0
2215 0.03279830800165019 -0.7339956801463037 0
2216 0.006134509524430043 -0.7507601234783222 0
2217 0.03796886776868949 -0.768786434514947 0
2218 -0.3097568591988367 0.7010644792264938 0
2219 -0.3404400540027555 0.716100672605546 0
2220 -0.3344721616411917 0.6509803486694916 0
2221 -0.3067729130180548 0.6685043172584667 0
2222 -0.3374561078219735 0.6835405106375188 0
2223 0.633653374595238 -0.3706698807164277 0
2224 0.6351726371377396 -0.4029552544894152 0
2225 0.6672961327251627 -0.4191997618236626 0
2226 0.6979003657700843 -0.4031588953849226 0
2227 0.6963811032275826 -0.370873521611935 0
2228 0.6642576076401594 -0.3546290142776876 0
2229 0.6657768701826611 -0.386914388050675 0
2230 -0.5704552598340555 0.3256904296655053 0
2231 -0.4224609976144242 -0.2546569342853044 0
2232 -0.1709103911619687 -0.1903752022646242 0
2233 -0.2237536351406638 0.2160815945812467 0
2234 -0.1964581764754318 0.2341098690426153 0
2235 -0.1984233907349482 0.2667625668284411 0
2236 -0.2276840636596967 0.2813869901528982 0
2237 -0.2549795223249288 0.2633587156915296 0
2238 -0.2530143080654123 0.2307060179057039 0
2239 -0.2257188494001803 0.2487342923670725 0
2240 -0.9726334824881041 0.01770616592621196 0
2241 -0.9452669649762083 0.03541233185242369 0
2242 -0.9436618738669406 0.06808471196227711 0
2243 -0.9694233002695688 0.0830509261459188 0
2244 -0.9717413193930938 0.05041356994351796 0
2245 0.3853566743992754 0.8912771627118615 0
2246 0.3880299164334605 0.8586747929124364 0
2247 0.4176010179204297 0.8446887035247926 0
2248 0.4444988773732138 0.8633049839365737 0
2249 0.4152329594970138 0.8779363298556251 0
2250 0.6772172413856902 -0.6976013342982047 0
2251 0.6473277015848343 -0.6880958874098604 0
2252 0.6534587596356385 -0.720098106899444 0
2253 -0.1182846902073144 -0.1216659559116616 0
2254 -0.09098923275456421 -0.103637681647917 0
2255 -0.09295444752992904 -0.07098498392835791 0
2256 -0.1222151197580441 -0.05636056047254343 0
2257 -0.1202499049826793 -0.08901325819210251 0
2258 -0.2099971358000736 -0.01248729002256904 0
2259 -0.1807364638931164 -0.027111713519649 0
2260 -0.1827016780941597 0.005540984273690156 0
2261 -0.2080319216525546 -0.04513998782278269 0
2262 0.4610331284760149 -0.3161963294997845 0
2263 0.4590679141566671 -0.2835436317216438 0
2264 0.4298072412184701 -0.2689192083570357 0
2265 0.4025117825996207 -0.2869474827705685 0
2266 0.4317724555378177 -0.3015719061351765 0
2267 -0.4128566310277923 0.05723097588261582 0
2268 -0.4108914167088291 0.0245782781044257 0
2269 -0.381630743791885 0.009953854737087386 0
2270 -0.3543352851939039 0.02798212914793919 0
2271 -0.3563004995128671 0.06063482692612931 0
2272 -0.3855611724298112 0.07525925029346762 0
2273 -0.3835959581108481 0.04260655251527751 0
2274 -0.4440659377374827 0.1045009022926861 0
2275 -0.4733100301282099 0.1191181309245662 0
2276 -0.5006054887418637 0.1010898565117011 0
2277 -0.4986568549647903 0.0684443534669559 0
2278 -0.4694127625740631 0.05382712483507576 0
2279 -0.4421173039604093 0.07185539924794085 0
2280 -0.4713613963511365 0.08647262787982099 0
2281 -0.4752752444485428 0.1517708287025804 0
2282 -0.4479963663781484 0.1698062978487145 0
2283 -0.4499781612409399 0.2024661903601006 0
2284 -0.4792388341741258 0.2170906137253525 0
2285 -0.4772570393113343 0.1844307212139665 0
2286 0.1920089709318084 -0.561784469190675 0
2287 0.5955452072487778 -0.1934022596542546 0
2288 0.5252325754578332 0.03176277374400372 0
2289 0.5232673611385416 0.06441547152215168 0
2290 0.4686764439018851 0.02835892269522002 0
2291 0.4979371168395049 0.01373449933053788 0
2292 0.4959719025202133 0.04638719710868584 0
2293 -0.5707337397658819 -0.1488967639308227 0
2294 -0.5687685254464784 -0.1815494617089564 0
2295 -0.5141776082100542 -0.1454929128820548 0
2296 -0.5434382811476699 -0.130868489517372 0
2297 -0.5414730668282662 -0.1635211872955056 0
2298 -0.1477629018694141 0.368124511383363 0
2299 -0.1204674430129472 0.3861527860485142 0
2300 -0.1497281161887025 0.4007772091615113 0
2301 0.4101550980264785 0.05760776942548486 0
2302 0.3808944250886918 0.07223219279106756 0
2303 0.3535989664703685 0.05420391837760238 0
2304 0.355564180789832 0.02155122059855448 0
2305 0.3848248537276188 0.006926797232971774 0
2306 0.412120312345942 0.02495507164643697 0
2307 0.3828596394081553 0.03957949501201967 0
2308 0.2990080492341893 0.01814736954992378 0
2309 0.3282687221717424 0.003522946184715184 0
2310 0.3263035078522789 0.03617564396376308 0
2311 -0.8976487571729965 0.3874303981687812 0
2312 -0.8714179818347065 0.3921773639724721 0
2313 -0.8574318924470626 0.4217484654594413 0
2314 -0.8696765783977087 0.4465726011427196 0
2315 -0.8843079243167602 0.4173066832665198 0
2316 -0.06172855974730582 -0.1182621050036521 0
2317 -0.05976334419279768 -0.1509148026231317 0
2318 -0.03050267080457164 -0.1655392259299264 0
2319 -0.003207212970853741 -0.1475109516172414 0
2320 -0.005172428525361884 -0.1148582539977617 0
2321 -0.03443310191358792 -0.100233830690967 0
2322 -0.03246788635907977 -0.1328865283104467 0
2323 -0.08902401720005605 -0.1362903792673967 0
2324 -0.02460702611431377 -0.2634973190418465 0
2325 0.002688432338930511 -0.2454690446495855 0
2326 0.0007232176486866874 -0.2128163469190868 0
2327 -0.02853745549480142 -0.1981919235808491 0
2328 -0.02657224080455759 -0.2308446213113478 0
2329 -0.02264181156811398 -0.2961500167908483 0
2330 0.006618861431330078 -0.3107744401475891 0
2331 0.004653646885130293 -0.2781217423985873 0
2332 -0.04797205572968192 -0.3468309889648042 0
2333 -0.04993727014861998 -0.3141782911994558 0
2334 -0.07723272866099851 -0.3322065655993123 0
2335 0.06514020742917594 -0.3400232868612048 0
2336 0.09440088042757772 -0.3546477102180797 0
2337 0.1216963390562051 -0.336619435803291 0
2338 0.1197311246864306 -0.3039667380316275 0
2339 0.09243566605780328 -0.3219950124464162 0
2340 0.1450613688335356 -0.2532857658595273 0
2341 0.172356827350415 -0.2352574914590906 0
2342 0.1138354799958538 -0.2060086449197235 0
2343 0.115800695156255 -0.2386613425898438 0
2344 0.1430961536731344 -0.220633068189407 0
2345 0.3265210497029952 -0.4389903993453476 0
2346 0.3538165083211131 -0.4209621249319087 0
2347 0.3245558353820028 -0.4063377015674181 0
2348 0.2542432034296202 -0.1811726681898945 0
2349 0.2269477446484573 -0.1992009426242742 0
2350 0.2289129589658609 -0.2318536404026646 0
2351 0.2581736320644274 -0.2464780637466754 0
2352 0.2854690908455903 -0.2284497893122958 0
2353 0.2835038765281867 -0.1957970915339053 0
2354 0.2562084177470238 -0.2138253659682849 0
2355 -0.3796655294809316 -0.02269884304213169 0
2356 -0.3504048565719972 -0.03732326641049896 0
2357 -0.3231093979740162 -0.01929499199964716 0
2358 -0.3250746122849695 0.01335770577957191 0
2359 -0.3523700708829506 -0.004670568631279892 0
2360 -0.4401520896414461 0.03920270146975073 0
2361 -0.4460311520578155 0.1371536000707003 0
2362 0.4843981584557965 -0.2328626595300181 0
2363 0.5116936170742736 -0.2148343851165332 0
2364 0.5097284027550653 -0.1821816873383745 0
2365 0.4804677298173797 -0.1675572639737007 0
2366 0.4824329441365881 -0.2002099617518594 0
2367 0.5057979741165242 -0.116876291782073 0
2368 0.4785025154981091 -0.13490456619555 0
2369 0.5077631884357947 -0.1495289895602238 0
2370 -0.5220384654877169 -0.01488212176952666 0
2371 -0.2630925274133584 -0.5553220863735735 0
2372 -0.2334882386865297 -0.5704667564528583 0
2373 -0.2354534530086283 -0.5378140586750708 0
2374 0.4999023311587811 -0.01891819844761209 0
2375 0.4726068725404374 -0.03694647286107991 0
2376 0.4745720868597089 -0.06959917063923053 0
2377 0.5038327597973241 -0.0842235940039133 0
2378 0.5018675454780525 -0.05157089622576268 0
2379 0.4413809852835415 0.01033064828175219 0
2380 0.4433461996028176 -0.02232204949639778 0
2381 0.4706416582211612 -0.004293775082929949 0
2382 -0.3545259076568344 0.5031145520742633 0
2383 -0.3525741530045975 0.4704786644902358 0
2384 -0.3252786943859673 0.4885069389037401 0
2385 -0.1341548708559404 0.6146170911749007 0
2386 -0.163372373250926 0.6291761527787755 0
2387 -0.1614589635827963 0.5966018891135965 0
2388 0.5680322067167866 0.2637355093883283 0
2389 0.5387715337172426 0.2783599329015191 0
2390 0.5114760750989195 0.2603316584880539 0
2391 0.5134412894801402 0.2276789605613978 0
2392 0.5407367480984634 0.2457072349748631 0
2393 0.5641017780575523 0.329040904994126 0
2394 0.5368063193876256 0.3110126307044179 0
2395 0.5660669923871694 0.2963882071912272 0
2396 -0.05034010359824217 0.6361052007002446 0
2397 -0.07763873602959845 0.6180816151356352 0
2398 -0.04838491528170843 0.6034676883078431 0
2399 -0.4403430320600175 0.5143326352221246 0
2400 -0.4422816469553141 0.5469492234439294 0
2401 -0.4715329800534605 0.5615595059544699 0
2402 -0.4988456982563105 0.5435532002432056 0
2403 -0.4969070833610139 0.5109366120214007 0
2404 -0.4676557502628675 0.4963263295108602 0
2405 -0.4695943651581639 0.5289429177326651 0
2406 -0.5525987480481891 0.5062239269101457 0
2407 -0.5790390796372179 0.4869009592883501 0
2408 -0.5770832051573671 0.4542624023643483 0
2409 -0.5486869990884877 0.440946813062142 0
2410 -0.5222466674994589 0.4602697806839375 0
2411 -0.5242025419793097 0.4929083376079394 0
2412 -0.5506428735683383 0.4735853699861439 0
2413 0.5348411019938631 0.3436653331367646 0
2414 -0.6810038690796668 -0.1870300520391222 0
2415 -0.7074224082194563 -0.2037312146852086 0
2416 -0.7054571939001392 -0.2363839124633532 0
2417 -0.6770734404410327 -0.2523354475954115 0
2418 -0.6506549013012431 -0.2356342849493251 0
2419 -0.6526201156205603 -0.2029815871711804 0
2420 -0.6790386547603497 -0.2196827498172668 0
2421 0.6480154061887248 0.4180413253307527 0
2422 0.6167584992079608 0.4315343001442521 0
2423 0.6187237140413882 0.3988816015862796 0
2424 -0.02500621245785138 0.6867806708454338 0
2425 -0.02697095374881686 0.7194325554260139 0
2426 -0.08146267732969224 0.6832257850152714 0
2427 -0.05225207424828907 0.6686772856400626 0
2428 -0.05421681553925455 0.7013291702206426 0
2429 0.7234406895414105 0.02730651267955039 0
2430 0.7500151946378548 0.04529139624689413 0
2431 0.6929357558063739 0.07462702466850156 0
2432 0.69490097012567 0.04197432689035411 0
2433 0.7214754752221144 0.05995921045769786 0
2434 0.5564655686518117 0.4600866486506996 0
2435 0.5274295450764268 0.4751460223436479 0
2436 0.52917010742155 0.4420583782353659 0
2437 0.02627100490265587 -0.6373014178933082 0
2438 -0.001024453715665045 -0.6553296923067731 0
2439 0.0009407606036328107 -0.6879823900849203 0
2440 0.03020143354125157 -0.7026068134496026 0
2441 0.05749689215957249 -0.6845785390361377 0
2442 0.05553167784027464 -0.6519258412579906 0
2443 0.02823621922195372 -0.6699541156714554 0
2444 -0.1652322894981896 0.1868327478219889 0
2445 -0.1671975036541946 0.2194854456629864 0
2446 -0.2217884209846588 0.1834288967402492 0
2447 -0.1925277481634217 0.1688044733606203 0
2448 -0.1944929623194267 0.2014571712016178 0
2449 0.6445742339435762 0.44998340126898 0
2450 0.05656600347027423 0.741633834630584 0
2451 0.05430992389713157 0.7750187511476294 0
2452 0.0003168976546174 0.7374725993755754 0
2453 0.02956949034901714 0.7228607587445569 0
2454 0.02731341077587447 0.7562456752616024 0
2455 0.08305533976358793 0.7592970674693079 0
2456 -0.5592277512977466 0.538565637596653 0
2457 -0.5922970861363328 0.5515843806613647 0
2458 -0.6187374177253615 0.5322614130395692 0
2459 -0.6121084144758041 0.4999197023530619 0
2460 -0.5856680828867753 0.5192426699748575 0
2461 -0.7047913408440485 0.235385851756421 0
2462 -0.7323622275378806 0.2492111970934305 0
2463 -0.7580786067876875 0.23127796013774 0
2464 -0.756224099343662 0.1995193778450399 0
2465 -0.7305077200938551 0.2174526148007304 0
2466 -0.4651371106820879 0.8133357496821312 0
2467 -0.4682669237540428 0.8476285070152431 0
2468 -0.4966917160868338 0.831423525886679 0
2469 0.05138370100337242 -0.1114544032092936 0
2470 0.0786791571438807 -0.09342612911403095 0
2471 0.02015780680900702 -0.06417728295762219 0
2472 0.02212302583593559 -0.09682998013108925 0
2473 0.04941848197644385 -0.07880170603582656 0
2474 0.02801867548240458 -0.1947880726064018 0
2475 0.02605346017263437 -0.1621353749554791 0
2476 -0.001241997661083523 -0.1801636492681641 0
2477 0.05727934880660072 -0.2094124959214174 0
2478 0.08457480682102665 -0.1913842215855104 0
2479 0.08260959151125644 -0.1587315239345876 0
2480 0.0533489181870603 -0.144107100619572 0
2481 0.05531413349683052 -0.1767597982704947 0
2482 0.08654002198142785 -0.2240369192556306 0
2483 -0.1923102060530954 -0.3063615699137103 0
2484 -0.1630495330788945 -0.3209859932736936 0
2485 -0.1650147475977973 -0.2883332955211863 0
2486 0.2913647338022647 -0.3264078826468939 0
2487 0.2893995194826293 -0.2937551848687901 0
2488 0.2601388465348325 -0.279130761505415 0
2489 0.232843387906671 -0.2971590359201439 0
2490 0.2621040608544679 -0.3117834592835189 0
2491 0.3459556510415122 -0.2903513338196295 0
2492 0.3166949781022531 -0.2757269104551579 0
2493 0.3186601924218884 -0.3083796082332617 0
2494 -0.2958139393220055 -0.00126671758185478 0
2495 -0.2490838795776385 0.1654006223300355 0
2496 -0.247118665349381 0.1327479245401929 0
2497 -0.2198232067564013 0.1507761989504066 0
2498 -0.3290050409194431 0.07866310133639576 0
2499 -0.3309702552429632 0.1113157991140005 0
2500 -0.3582657138363872 0.09328752470373407 0
2501 -0.3349006838620897 0.1766211946727958 0
2502 -0.336865898157696 0.2092738924539863 0
2503 -0.3661265710714529 0.223898315821734 0
2504 -0.3934220296896035 0.2058700414082913 0
2505 -0.3641613567758465 0.1912456180405435 0
2506 -0.4539085898719809 0.2677715859173653 0
2507 -0.4812040484896463 0.2497433115039849 0
2508 -0.4226827026232745 0.2204944647734809 0
2509 -0.4246479169387951 0.2531471625521132 0
2510 -0.4519433755564604 0.2351188881387329 0
2511 -0.5279175279024327 0.08306877683163538 0
2512 -0.6253246570022766 -0.1849533127577205 0
2513 -0.5960639840646756 -0.1995777361224053 0
2514 -0.5980291983840792 -0.1669250383442716 0
2515 -0.2608751652210728 0.3613168090339024 0
2516 -0.258909950902759 0.3286641112556289 0
2517 -0.2296492779649238 0.3140396878909742 0
2518 -0.2023538193454024 0.332067962304593 0
2519 -0.2316144922832376 0.3466923856692477 0
2520 0.5173717181806573 0.1623735648565944 0
2521 0.5193369324999536 0.129720867078447 0
2522 0.5485976054375731 0.1150964437137649 0
2523 0.575893064055896 0.1331247181272301 0
2524 0.5466323911182766 0.1477491414919123 0
2525 0.4881110452337233 0.176997988264631 0
2526 0.4608155866060858 0.1589697138945202 0
2527 0.4900762595530197 0.1443452904864836 0
2528 0.6676055115073461 0.02394605247688874 0
2529 0.638344838569726 0.03857047584157085 0
2530 0.6403100528890149 0.005917778063422453 0
2531 -0.4949512088811632 0.4782980550973989 0
2532 -0.6042345859641584 0.4360159889404804 0
2533 -0.6029897607020702 0.4044539862144062 0
2534 -0.575838379895279 0.422700399638274 0
2535 0.3656077942382775 -0.6168783116006147 0
2536 0.3383123356199533 -0.6349065860140799 0
2537 0.369602872750917 -0.6504626812498912 0
2538 -0.6990668691656274 0.1055472599292519 0
2539 -0.7258614795177966 0.08754912924820177 0
2540 -0.69710165484635 0.07289456215110211 0
2541 0.5560913365220452 0.4942373047522406 0
2542 -0.6209153873590222 0.2246051562013028 0
2543 -0.3484395528003417 -0.06997573488478373 0
2544 -0.3757349219376206 -0.08800377999070123 0
2545 -0.3737696309569269 -0.120656281224229 0
2546 -0.3445089708389542 -0.1352807373518393 0
2547 -0.3172136017016752 -0.1172526922459218 0
2548 -0.319178892682369 -0.08460019101239402 0
2549 -0.3464742618196479 -0.1026282361183115 0
2550 -0.06565899232474999 -0.05295670995335101 0
2551 -0.06762420934768601 -0.02030401252252964 0
2552 -0.09491966455286506 -0.03833228649753653 0
2553 0.1762872562912251 -0.3005628869765699 0
2554 0.1470265833039407 -0.2859384636182669 0
2555 0.1489917976737151 -0.3185911613899305 0
2556 0.3732511096616919 -0.2723230594059259 0
2557 0.3712858953426125 -0.2396703616277507 0
2558 0.3420252224033534 -0.225045938263279 0
2559 0.3147297637831736 -0.2430742126769826 0
2560 0.3439904367224328 -0.2576986360414543 0
2561 0.3400600080859497 -0.1923932404848886 0
2562 0.3107993351483664 -0.1777688171202017 0
2563 0.31276454946577 -0.2104215148985922 0
2564 0.3653902523858773 -0.1417122682931604 0
2565 0.3673554667047051 -0.1743649660713679 0
2566 0.3946509253234255 -0.1563366916578517 0
2567 -0.3407963267680208 0.2745792880139121 0
2568 -0.3427615410827393 0.3072319857926475 0
2569 -0.3973524583206445 0.271175436965556 0
2570 -0.3680917853869735 0.2565510136003664 0
2571 -0.3700569997016918 0.2892037113791018 0
2572 0.476537301178909 -0.1022518684173903 0
2573 -0.4830984025534675 0.2823133164663322 0
2574 -0.3232927411186772 -0.4938540807951268 0
2575 0.3867900680468949 -0.02572590054517819 0
2576 0.4160507409844943 -0.04035032390986296 0
2577 0.4140855266652182 -0.007697626131713004 0
2578 0.3594946094285468 -0.04375417495864655 0
2579 0.3614598237477981 -0.07640687273679971 0
2580 0.3887552823661462 -0.05837859832333133 0
2581 0.5798234926944873 0.06781932257093519 0
2582 0.5505628197568687 0.08244374593561743 0
2583 0.5525280340761602 0.04979104815746947 0
2584 0.6363796242504299 0.07122317361971831 0
2585 0.6636750828687538 0.08925144803318366 0
2586 0.6051537369935147 0.1185002947625479 0
2587 0.6071189513128104 0.08584759698440042 0
2588 0.6344144099311342 0.1038758713978658 0
2589 0.6656402971880498 0.05659875025503621 0
2590 0.4568851578776066 0.2242751098755991 0
2591 0.4861458308694837 0.2096506862551704 0
2592 0.4841806164882629 0.2423033841818265 0
2593 -0.4107513430482553 -0.4504592202230226 0
2594 0.7142655731369923 0.1583942917749888 0
2595 0.08282713645859376 -0.6338975668445258 0
2596 0.1120878093962107 -0.6485219902092084 0
2597 0.1101225950769072 -0.6158692924310619 0
2598 -0.03225034097506527 -0.6080525711642625 0
2599 -0.03028512665452562 -0.6407052689422502 0
2600 -0.002989668036204704 -0.6226769945287853 0
2601 -0.02572303787358735 -0.7047468334169389 0
2602 -0.02312616341318873 -0.7361357001136399 0
2603 0.003537635064031427 -0.7193712567816213 0
2604 -0.7069001839859729 0.2977152807492391 0
2605 -0.7334166491088429 0.2803759115898396 0
2606 -0.7058457624150106 0.2665505662528301 0
2607 -0.009102866579219016 -0.04955285965082754 0
2608 -0.03639832094051648 -0.06758113351749997 0
2609 -0.007137647552290446 -0.08220555682429459 0
2610 -0.01871138273023786 -0.361455412321545 0
2611 0.008584075850268142 -0.3434271379129375 0
2612 -0.02067659714917592 -0.3288027145561966 0
2613 0.2035827148081045 -0.2825346125761331 0
2614 0.2016175003376995 -0.2498819148173935 0
2615 0.1743220418208201 -0.2679101892178302 0
2616 0.2308781734362659 -0.2645063381614043 0
2617 0.336129579448294 -0.1270878449284735 0
2618 0.3088341208295385 -0.1451161193419941 0
2619 0.3380947937671218 -0.159740542706681 0
2620 -0.2744141239362435 0.1147196501307686 0
2621 -0.3036747967513634 0.1293440735111869 0
2622 -0.3017095824278433 0.09669137573358215 0
2623 -0.395387244005124 0.2385227391869236 0
2624 -0.31153565383035 0.2599548646492363 0
2625 -0.2842401952073976 0.2779831390632959 0
2626 -0.286205409522116 0.3106358368420312 0
2627 -0.3154660824597869 0.3252602602067071 0
2628 -0.3135008681450684 0.2926075624279717 0
2629 -0.3095704395708336 0.2273021668634105 0
2630 -0.2803097666883647 0.2126777434916443 0
2631 -0.2822749809478812 0.2453304412774701 0
2632 -0.2881706238404298 0.3432885346203047 0
2633 0.5778582783751917 0.1004720203490826 0
2634 -0.3602734942792429 0.600887733273108 0
2635 -0.3583755782941571 0.5683190864656993 0
2636 -0.3038115803910176 0.6044092556809474 0
2637 -0.3329914953276731 0.618932817880732 0
2638 -0.3310935793425873 0.5863641710733234 0
2639 -0.1068493391110016 0.6326301145108441 0
2640 -0.1087613097610485 0.6652021994506621 0
2641 -0.1379788121560342 0.6797612610545368 0
2642 -0.1652843439009729 0.6617482377185936 0
2643 -0.1360668415059872 0.6471891761147186 0
2644 -0.1457976876331859 0.3354718136247073 0
2645 -0.1165370145404908 0.3208473905312029 0
2646 -0.118502228776719 0.3535000882898585 0
2647 0.252277988467952 -0.1485199704942466 0
2648 0.223017314725121 -0.1338955472329785 0
2649 0.2249825296867891 -0.1665482449286263 0
2650 -0.7388525660248672 -0.2528512704540075 0
2651 -0.7438641846904887 -0.2852701635767199 0
2652 -0.7104688125657607 -0.2688028055860657 0
2653 0.09959922593089175 -0.7999156888802055 0
2654 0.1242246660817952 -0.7782278778401964 0
2655 0.09442866616385241 -0.7651249345115624 0
2656 -0.06061417307523361 -0.5933401207126358 0
2657 -0.08701279085486231 -0.6112803680389967 0
2658 -0.08504757653432266 -0.6439330658169844 0
2659 -0.0566837444341543 -0.6586455162686112 0
2660 -0.05864895875469395 -0.6259928184906235 0
2661 -0.753798424556413 0.135024196557277 0
2662 -0.7532272572131894 0.1022875975622143 0
2663 -0.7264326468610203 0.1202857282432645 0
2664 0.1079398304680768 -0.1080505524290466 0
2665 0.1099050476517647 -0.1407032498393249 0
2666 0.1372005063673772 -0.1226749754133606 0
2667 0.8137896787674033 0.5258503391862066 0
2668 0.7961097452322611 0.4961304453528114 0
2669 0.8129269625808643 0.4680726132882766 0
2670 0.8474241134646097 0.4697346750571371 0
2671 0.8312191323360457 0.4981594673899277 0
2672 0.2011019393659375 0.9544406015061364 0
2673 0.2071135567157464 0.9280959226090424 0
2674 0.2388450084618576 0.920147607718702 0
2675 0.26456484285816 0.9385439717254553 0
2676 0.2330068274008162 0.9471846830927835 0
2677 -0.3056400109796208 0.1619967713010296 0
2678 -0.2783445523927584 0.1800250457104539 0
2679 -0.3076052252752272 0.1946494690822201 0
2680 0.4863337824744686 -0.2655013035754968 0
2681 0.5155648651116177 -0.2801116732074906 0
2682 0.5136292410929455 -0.2474730291620119 0
2683 -0.3837865805942879 0.5177389754389671 0
2684 -0.4110954988795045 0.4997275112196434 0
2685 -0.4091437442272675 0.4670916236356159 0
2686 -0.379883071289814 0.4524672002709121 0
2687 -0.3818348259420509 0.4851030878549395 0
2688 -0.6233594426829594 -0.2176060105358651 0
2689 -0.2879529289021456 -0.1318771156283431 0
2690 -0.2606575470833097 -0.1138490377772366 0
2691 -0.2899182198828393 -0.09922461439481528 0
2692 0.5739086691834233 -0.309276197540803 0
2693 0.6030213906180798 -0.3238303522421216 0
2694 0.6012337181024142 -0.291261976860001 0
2695 -0.7380372941316505 -0.157266876243615 0
2696 -0.7359391207454482 -0.188849626787455 0
2697 -0.7095205816056587 -0.1721484641413686 0
2698 0.08479235077789161 -0.666550264622673 0
2699 -0.6044752227555802 -0.4707794286747558 0
2700 -0.5762221206232543 -0.4882015073525729 0
2701 -0.5502058083988511 -0.4735511894343749 0
2702 -0.5524425983067738 -0.4414787928383598 0
2703 -0.5784589105311769 -0.4561291107565578 0
2704 -0.7832180595957637 0.1530900520259353 0
2705 -0.8120665272918908 0.1384193084995309 0
2706 -0.8114953599486672 0.1056827095044681 0
2707 -0.7820757249093165 0.08761685403580985 0
2708 -0.7826468922525401 0.1203534530308726 0
2709 0.7227888528277077 -0.3524236352183415 0
2710 0.7170731068404097 -0.3177292414905004 0
2711 0.6906653572402844 -0.336179127884094 0
2712 0.5372321810684291 -0.5832491502168345 0
2713 0.505704635599091 -0.5634621530030069 0
2714 0.475121406812632 -0.5745110899713762 0
2715 0.476065723495511 -0.605347024153573 0
2716 0.5066489522819699 -0.5942980871852038 0
2717 0.4395539096657713 -0.4320413934124909 0
2718 0.4103329383025012 -0.4174876219654804 0
2719 0.3830431513376969 -0.4355259895100363 0
2720 0.3849743357361627 -0.4681181285016027 0
2721 0.412264122700967 -0.4500797609570468 0
2722 0.08064437432756856 -0.1260788265243093 0
2723 0.4005465682805412 -0.2542947849923932 0
2724 -0.276379338164501 0.1473723479206112 0
2725 -0.4071785299083694 0.4344389258574174 0
2726 0.4081898836978728 0.09026046724698727 0
2727 0.4588503722418462 0.1916224118850597 0
2728 -0.3857251954895844 0.5503555636607719 0
2729 -0.4149727286700975 0.5649606876632531 0
2730 -0.413034113774801 0.5323440994414483 0
2731 0.7764889421092429 -0.001108405597910425 0
2732 0.776539320921771 0.03108393710816373 0
2733 0.7499648158253268 0.01309905354081998 0
2734 -0.1114840772716383 -0.6617053411442677 0
2735 -0.1095567459087856 -0.6941900669231778 0
2736 -0.0811929138086173 -0.7089025173748045 0
2737 -0.05475641307130163 -0.6911302420475213 0
2738 -0.08312024517146997 -0.6764177915958944 0
2739 -0.6327078688771175 0.4490235515298677 0
2740 -0.6599363265279884 0.4304691113931808 0
2741 -0.6314630436150293 0.4174615488037935 0
2742 -0.9530412456039798 0.2000338502157968 0
2743 -0.9252972108047295 0.204977378415465 0
2744 -0.917348895914389 0.2367088301615762 0
2745 -0.9371446158232989 0.2634967537080194 0
2746 -0.9457853271906271 0.2319387382506756 0
2747 0.4613124225250538 -0.8192030585570141 0
2748 0.4663545796755251 -0.8505621614526849 0
2749 0.4947793720083158 -0.8343571803241209 0
2750 -0.5161428225300181 -0.1128402151039932 0
2751 0.3636425799189296 -0.584225613822474 0
2752 0.3343819069812576 -0.5696011904577986 0
2753 0.3070864483629334 -0.5876294648712639 0
2754 0.3090516626822813 -0.6202821626494045 0
2755 0.3363471213006055 -0.6022538882359393 0
2756 0.3341643649951181 -0.09443514716743379 0
2757 0.3049036919231868 -0.07981072381991473 0
2758 0.2776082333044314 -0.09783899823343536 0
2759 0.2795734477576072 -0.1304916959944751 0
2760 0.3068689063763627 -0.1124634215809544 0
2761 -0.2196056646497678 -0.3243898443243943 0
2762 -0.2176404502722393 -0.3570425420950616 0
2763 -0.1903449916755669 -0.3390142676843776 0
2764 0.3031560197240161 -0.5223240693150109 0
2765 0.3011908054044466 -0.4896713715368987 0
2766 0.273895346786406 -0.5076996459503275 0
2767 -0.2214178052289137 0.6578329048709141 0
2768 -0.2502457348119158 0.671930595359178 0
2769 -0.2775929980813993 0.6539807550586821 0
2770 -0.2761123317678806 0.6219332242699225 0
2771 -0.2487650684983971 0.6398830645704183 0
2772 -0.3052922467045361 0.6364567864697069 0
2773 0.2837214183833203 -0.6709631348410086 0
2774 0.2564259597650116 -0.6889914092544718 0
2775 0.2605904431644149 -0.7247340934831989 0
2776 0.2920503851821269 -0.7424485032984628 0
2777 0.2878859017827236 -0.7067058190697356 0
2778 0.3029384776039356 -0.04715802604176158 0
2779 0.3302339363566155 -0.0291297516111275 0
2780 0.3009732634190624 -0.0145053282459189 0
2781 0.3321991506758668 -0.06178244938928063 0
2782 -0.5233043025972607 -0.4563231241065269 0
2783 -0.2488663375823006 -0.3097654209590585 0
2784 -0.2761617961373048 -0.32779369536439 0
2785 -0.246901123204772 -0.3424181187297258 0
2786 -0.07955070667964534 0.6506537000754532 0
2787 0.3889047643752863 -0.5334235240578291 0
2788 0.3909040086159439 -0.5661367806224893 0
2789 0.4199945319476521 -0.5804584100544927 0
2790 0.4470858110387025 -0.562066782921836 0
2791 0.4179952877069943 -0.5477451534898325 0
2792 -0.05215953861090301 -0.7225191087442222 0
2793 -0.08972537254235265 -0.5787010261671053 0
2794 0.4668493682844818 -0.4140131189989761 0
2795 0.4649238555399222 -0.3814310731384507 0
2796 0.4376283969212117 -0.3994593475519655 0
2797 0.2524955311263782 -0.6236860136981826 0
2798 0.2817562040640036 -0.6383104370628638 0
2799 0.2797909897446558 -0.6056577392847231 0
2800 -0.1711279321154268 0.2847908412420598 0
2801 -0.1730931464206538 0.3174435389801358 0
2802 -0.2003886050401752 0.299415264566517 0
2803 0.002281638945582876 0.7048207147949953 0
2804 -0.389521027459756 0.6154928572755891 0
2805 -0.4168706446551833 0.5975293344706617 0
2806 -0.3876231114746702 0.5829242104681805 0
2807 -0.2820569461509157 -0.2298330136845868 0
2808 -0.2547617341576776 -0.2118060334634491 0
2809 -0.2567271183499535 -0.1791544333213575 0
2810 -0.2859877145354675 -0.1645298134004035 0
2811 -0.2840223303431916 -0.1971814135424952 0
2812 -0.01106808360215504 -0.01690016222000618 0
2813 -0.04032875498638853 -0.002275738655857225 0
2814 -0.03836353796345251 -0.03492843608667859 0
2815 0.3596440914376142 -0.5187991006931537 0
2816 0.3323826627405999 -0.5368879338931385 0
2817 0.3616433356782719 -0.5515123572578139 0
2818 0.4480301277215815 -0.5929027171040329 0
2819 -0.3718040459888667 -0.15330802902147 0
2820 -0.1418672590227317 0.2701664181485554 0
2821 -0.1145718002352637 0.288194692793127 0
2822 -0.1438324733279588 0.3028191158866314 0
2823 0.2503127740147761 -0.1158672727332069 0
2824 0.0398099631707 -0.3907042590476086 0
2825 0.03784474880073708 -0.3580515612759693 0
2826 0.01054929022023107 -0.3760798356845768 0
2827 0.2271652868273861 -0.6743669858897905 0
2828 0.2252000725080694 -0.6417142881116458 0
2829 0.1979046138897611 -0.6597425625251091 0
2830 0.7102260726570527 -0.2509020067205638 0
2831 0.7090947844609937 -0.2187691656784683 0
2832 0.6820306505412619 -0.2367835177320369 0
2833 0.4980752555415545 -0.4612902401417855 0
2834 0.5273756300540676 -0.4759853154240695 0
2835 0.5545657357039832 -0.4579242471869639 0
2836 0.5524554668413857 -0.4251681036675743 0
2837 0.5231550923288726 -0.4104730283852903 0
2838 0.495964986678957 -0.4285340966223958 0
2839 0.5252653611914702 -0.4432291719046798 0
2840 -0.2586923327166316 -0.146501735549297 0
2841 0.2544607454456949 -0.6563387114763273 0
2842 -0.3777002257092761 -0.05535131151641646 0
2843 0.3576788771180447 -0.4861464029150415 0
2844 0.328452234101461 -0.4715825383369139 0
2845 0.3304174484210305 -0.5042352361150262 0
2846 0.355747692719579 -0.453554263923475 0
2847 0.06907063616910178 -0.4053286824044835 0
2848 0.09636609479754064 -0.387300407989719 0
2849 0.06710542179913885 -0.3726759846328441 0
2850 0.09833130912632497 -0.4199531057666477 0
2851 0.490264211113164 -0.3308066991317783 0
2852 0.5175300794309654 -0.3127643709856314 0
2853 0.4882989967938162 -0.2981540013536376 0
2854 -0.4482038893369196 0.6449434263347499 0
2855 -0.4462120755937651 0.612254619000242 0
2856 -0.4188624583983377 0.6302181418051694 0
2857 0.4921139611898377 -0.3633700049013451 0
2858 0.5212295795843129 -0.3778909825247649 0
2859 0.5484954479021144 -0.3598486543786179 0
2860 0.5466456978254406 -0.3272853486090512 0
2861 0.5193798295076391 -0.3453276767551982 0
2862 0.4940394739343975 -0.3959520507618704 0
2863 -0.3054222225095906 -0.3131679778150558 0
2864 -0.3073871903268722 -0.2805139858603901 0
2865 -0.3346819529752134 -0.2985371651920803 0
2866 0.5647318192140384 -0.5655842285225593 0
2867 0.5607039118903095 -0.5281323096144565 0
2868 0.5291763664209714 -0.5083453124006289 0
2869 0.5016767282753621 -0.5260102340949041 0
2870 0.5332042737447003 -0.5457972313087318 0
2871 -0.280091731771868 -0.2624857114550586 0
2872 -0.2508313053995821 -0.2771114290043928 0
2873 -0.2527965197786299 -0.244458731233921 0
2874 0.4998759919084583 -0.4936502371183447 0
2875 0.5833479696044676 -0.4722004698917033 0
2876 0.6100199346423545 -0.453720549077053 0
2877 0.6079096657797569 -0.4209644055576633 0
2878 0.5791274318792725 -0.406688182852924 0
2879 0.5812377007418701 -0.4394443263723136 0
2880 0.6048711406947536 -0.3563936580116883 0
2881 0.5776081693367708 -0.3744028090799365 0
2882 0.6063904032372551 -0.3886790317846758 0
2883 -0.2781267639545864 -0.2951397034097243 0
2884 0.575758419260097 -0.3418395033103697 0
2885 0.0162273587943165 0.001128110109484267 0
2886 0.01426212980655455 0.03378080600312367 0
2887 -0.01303331258991699 0.01575253367363321 0
2888 0.07081825739035678 0.03718465654285179 0
2889 0.0415575791045747 0.05180907921980744 0
2890 0.04352280809233666 0.01915638332616803 0
2891 -0.1086762529548248 0.1902365870690295 0
2892 -0.1359716641485046 0.1722083185250105 0
2893 -0.1067110041924434 0.157583893492023 0
2894 -0.1106414671108299 0.222889284910027 0
2895 -0.1399020924605148 0.2375137142070055 0
2896 -0.1379368783045097 0.204861016366008 0
2897 0.01033165441062639 0.099086195548866 0
2898 0.008366408002460194 0.1317388892009689 0
2899 -0.01892901102030476 0.113710619877288 0
2900 0.06688771690789307 0.1024900377371007 0
2901 0.03959230886334284 0.08446176981693189 0
2902 0.06885298714912491 0.06983734713997625 0
2903 -0.1126066336730468 0.255541988851577 0
2904 0.06492247049972687 0.1351427313892036 0
2905 0.03566181604701044 0.1497671571211378 0
2906 0.03762706245517664 0.1171144634690348 0
2907 0.09221773658170394 0.1531709810416798 0
2908 0.09025234821096459 0.1858236564260901 0
2909 0.06295708212898751 0.1677954067736139 0
2910 0.1487738203762395 0.1565748260860089 0
2911 0.1214784726643414 0.1385465658716392 0
2912 0.1507391521080179 0.1239221433909677 0
2913 0.2618857435864003 0.1633824863859691 0
2914 0.2599201129267996 0.1960351318922501 0
2915 0.2306593775408451 0.2106595470324802 0
2916 0.2033642728144914 0.1926313166664294 0
2917 0.2326250082004458 0.1780069015261993 0
2918 0.1468084320055002 0.1892275014704192 0
2919 0.1175476959228627 0.2038519166404598 0
2920 0.1195130842936021 0.1711992412560495 0
2921 0.1721374085746939 0.2399083114601435 0
2922 0.1741032883314158 0.2072556988802611 0
2923 0.2013983930577695 0.2252839292463119 0
2924 0.2891809492486754 0.1814107361164677 0
2925 0.08632136664705074 0.2511289804198412 0
2926 0.08435577345387628 0.283781629029182 0
2927 0.05706071933798133 0.2657534081565135 0
2928 0.1428766724920564 0.2545327266301841 0
2929 0.1155818161661408 0.2365045292203423 0
2930 0.1448425522487783 0.2218801140503017 0
2931 0.1409110792988819 0.2871853752395249 0
2932 0.1116506297797919 0.3018098264390238 0
2933 0.1136162229729663 0.2691571778296831 0
2934 0.1682042631833525 0.3052133520627842 0
2935 0.166236997548733 0.3378657800855423 0
2936 0.1389438136642624 0.3198378032622831 0
2937 0.3378673340090118 0.3154245868811836 0
2938 0.3358969421493478 0.3480768407905704 0
2939 0.3066356627278851 0.362701147800319 0
2940 0.2793447751660863 0.3446732009006805 0
2941 0.3086060545875491 0.330048893890932 0
2942 0.248107391267174 0.3919486745492463 0
2943 0.2500806394357308 0.3592969642751442 0
2944 0.2773715269975295 0.3773249111747826 0
2945 0.2227925023742295 0.3412695720367949 0
2946 0.1935311171441715 0.3558938900725477 0
2947 0.195498382778791 0.3232414620497895 0
2948 0.3651668095017377 0.333469785409614 0
2949 0.1623002428432683 0.4031702735844214 0
2950 0.1603307537724231 0.4358223390605422 0
2951 0.1330407157488169 0.4177948891475162 0
2952 0.218846006037116 0.406572992584999 0
2953 0.1915578689756148 0.3885456003466498 0
2954 0.2208192542056728 0.373921282310897 0
2955 0.0199380186964496 0.410988240020682 0
2956 0.2168765169662708 0.4392250580611199 0
2957 0.1876188908339243 0.4538497312988916 0
2958 0.1895883799047695 0.4211976658227705 0
2959 0.2441459454794714 0.4572488788479633 0
2960 0.2421577478603254 0.4898973728725784 0
2961 0.2148883193471249 0.471873552085735 0
2962 0.2987010630713148 0.4933037514246249 0
2963 0.2694353066562472 0.5079248091609092 0
2964 0.271423504275393 0.4752763151362941 0
2965 0.2069373816252172 0.6024470051611647 0
2966 0.1796870102807242 0.5844347424182753 0
2967 0.2381756178173564 0.5551836672328138 0
2968 0.2361816853935333 0.5878214675684339 0
2969 0.2089313140490403 0.5698092048255445 0
2970 0.2945519080929638 0.5585878446614412 0
2971 0.2673607291670717 0.5405668557793173 0
2972 0.2966264855821393 0.525945798043033 0
2973 0.1774729187710437 0.6168438390553639 0
2974 0.09586545344606233 0.5629793481005029 0
2975 0.2925579756691408 0.5912256449970613 0
2976 0.2633728643194255 0.6058424564505578 0
2977 0.2653667967432485 0.5732046561149374 0
2978 0.3755300391014595 0.6129055862057455 0
2979 0.3486365630601577 0.5947572098746553 0
2980 0.3779827213565539 0.5803214198323633 0
2981 0.3196275041917503 0.6090849583692406 0
2982 0.3175119213646446 0.6415610831949162 0
2983 0.290442392842035 0.623701769822737 0
2984 0.3734144562743538 0.6453817110314212 0
2985 0.3444053974059463 0.6597094595260066 0
2986 0.346520980233052 0.6272333347003308 0
2987 0.3999374384859106 0.6635613588216785 0
2988 0.3974513618290599 0.6960687551065213 0
2989 0.3684423029606525 0.7103965036011066 0
2990 0.3419193207490956 0.6922168558108492 0
2991 0.3709283796175031 0.6778891073162638 0
2992 0.2809229052319127 0.7510853283009344 0
2993 0.2536231969959441 0.7331526463573259 0
2994 0.313005096847653 0.7056974754285755 0
2995 0.3106138551577671 0.7373577428365593 0
2996 0.2833141469217985 0.7194250608929508 0
2997 -0.3168452496432503 -0.6488072835464385 0
2998 -0.3417350892790765 -0.6672827581848528 0
2999 -0.3374932740377897 -0.6992335416276767 0
3000 -0.3083616191606764 -0.7127088504320861 0
3001 -0.3126034344019634 -0.6807580669892622 0
3002 -0.5280769315815429 0.558128888039321 0
3003 -0.5299954467039254 0.5907108815467007 0
3004 -0.561146266420129 0.5711476311040328 0
3005 -0.4774351226621521 0.6595191141308653 0
3006 -0.50467454224423 0.6414059945924728 0
3007 -0.5026827285010754 0.6087171872579651 0
3008 -0.473451495175843 0.5941414994618497 0
3009 -0.4754433089189975 0.6268303067963574 0
3010 -0.5007642133786929 0.5761351937505853 0
3011 0.3660510612707666 0.7420567710090903 0
3012 0.3371368373693239 0.7555373906268167 0
3013 0.3395280790592097 0.723877123218833 0
3014 -0.5113521462685422 0.7095501557348909 0
3015 -0.4807739246743082 0.6935911947020742 0
3016 -0.4847111228509945 0.7273947809286614 0
3017 -0.7450228387484933 0.52298754783421 0
3018 -0.7594152241234315 0.4919927308962614 0
3019 -0.7282535031330956 0.5022804840387449 0
3020 0.792931126071839 0.1762881006358329 0
3021 0.8185630202365846 0.1903122997231422 0
3022 0.8192070245158259 0.2231682980243756 0
3023 0.7942191346303217 0.2420000972382997 0
3024 0.7935751303510804 0.2091440989370663 0
3025 -0.1944725943307492 0.675496773261587 0
3026 -0.1963553130155868 0.7072583321405236 0
3027 -0.2251832425985889 0.7213560226287875 0
3028 -0.2521284534967534 0.7036921542381146 0
3029 -0.2233005239137513 0.6895944637498508 0
3030 -0.169049781270648 0.7252713554764669 0
3031 -0.1398615308408717 0.7115228199334735 0
3032 -0.1426956296798829 0.7444606422666016 0
3033 0.1868523183893327 0.8857266989104371 0
3034 0.1605794627131102 0.8697021541089256 0
3035 0.188720452199758 0.8545873590433215 0
3036 0.4001918957866531 -0.722453087598354 0
3037 0.3954953031787857 -0.7453030290617292 0
3038 0.4126225621721397 -0.7747166322371841 0
3039 0.4344464137733611 -0.7812802939492638 0
3040 0.4173191547800071 -0.7518666907738087 0
3041 0.3935445762706881 0.7610749086319132 0
3042 0.3921238673691668 0.7935736658724623 0
3043 0.3632096434677241 0.8070542854901886 0
3044 0.3357161284678027 0.7880361478673658 0
3045 0.3646303523692453 0.7745555282496395 0
3046 -0.1671670625858105 0.6935097965975302 0
3047 0.2304222983928391 -0.7386528036744248 0
3048 0.2317140956389753 -0.7702859236809143 0
3049 0.2618822404105511 -0.7563672134896884 0
3050 -0.1052929139057613 -0.9194002326262032 0
3051 -0.07744640606179549 -0.9181501334404411 0
3052 -0.06781194737112442 -0.8877371329851901 0
3053 -0.08602399652441912 -0.8585742317157011 0
3054 -0.09565845521509019 -0.8889872321709522 0
3055 -0.6401873282962324 0.6528557001802143 0
3056 -0.6628729291155694 0.6371048664918229 0
3057 -0.6428088927955735 0.6181878967993711 0
3058 -0.4099780100738954 -0.7257143402010319 0
3059 -0.3883014694943991 -0.7057362865121496 0
3060 -0.4185423093642137 -0.694668012691454 0
3061 0.736044471209926 -0.2032502736170172 0
3062 0.7641254461549172 -0.2198642225976616 0
3063 0.7653766862310047 -0.1861912527931104 0
3064 0.7899307922234804 -0.2648641400338971 0
3065 0.7876551633470524 -0.2932501084894882 0
3066 0.8131719791377782 -0.318039443953587 0
3067 0.8409644238049319 -0.3144428109620946 0
3068 0.8154476080142061 -0.2896534754979959 0
3069 0.5866961166494054 -0.5036136328488418 0
3070 0.6167162287322301 -0.51654687499133 0
3071 0.6433881937701169 -0.4980669541766797 0
3072 0.6400400467251791 -0.4666537912195413 0
3073 0.6133680816872922 -0.4851337120341913 0
3074 -0.03556052455443458 -0.8938636062498239 0
3075 -0.02152115089103945 -0.8708271782449689 0
3076 -0.03973320004433415 -0.84166427697548 0
3077 -0.07198462286102399 -0.8355378037108462 0
3078 -0.05377257370772929 -0.864700704980335 0
3079 -0.8666778768700391 0.2701107865671764 0
3080 -0.882115526437759 0.2400158465911548 0
3081 -0.8556222430563342 0.2410725926113433 0
3082 -0.9104571400435687 -0.07356153440693464 0
3083 -0.9086536608623758 -0.1055964194631606 0
3084 -0.8800996603868672 -0.1192702964618969 0
3085 -0.8533491390925515 -0.1009092884044073 0
3086 -0.8819031395680601 -0.08723541140567093 0
3087 -0.7661817305399845 -0.1418806465193952 0
3088 -0.792227993562116 -0.1580771673390154 0
3089 -0.7901298201759136 -0.1896599178828554 0
3090 -0.7619853837675797 -0.2050461476070752 0
3091 -0.764083557153782 -0.1734633970632352 0
3092 0.1769020351168364 -0.7716663924292596 0
3093 0.204953964000974 -0.7867927180583317 0
3094 0.2036621667548377 -0.7551595980518422 0
3095 -0.8343464139598001 0.05174179709318432 0
3096 -0.8376307044739091 0.08774518103315536 0
3097 -0.8665768124801161 0.1002052092416294 0
3098 -0.8922386299722143 0.07666185351013241 0
3099 -0.863292521966007 0.06420182530165836 0
3100 -0.282746414060733 0.7181086704402833 0
3101 -0.2864191637265482 0.7501890550331248 0
3102 -0.3134296088646518 0.7331448638193353 0
3103 -0.8049267789204495 0.03367594162452604 0
3104 -0.7787914343952076 0.05161347009583881 0
3105 -0.8082110694345582 0.06967932556449707 0
3106 0.4466830416921914 0.7957539415704293 0
3107 0.4186931000799185 0.8109131823417204 0
3108 0.4201138089814398 0.7784144251011712 0
3109 -0.8210490436555771 -0.1436985522213963 0
3110 -0.8238238307269065 -0.113123416284157 0
3111 -0.8773248733155377 -0.1498454323991363 0
3112 -0.8477995649498926 -0.162059560278886 0
3113 -0.8505743520212221 -0.1314844243416466 0
3114 -0.768956517611314 -0.1113055105821559 0
3115 -0.7977775677047749 -0.09692689546453674 0
3116 -0.7950027806334454 -0.1275020314017761 0
3117 0.7383070476020439 -0.2675159557012083 0
3118 0.7652567343509761 -0.2519970636397572 0
3119 0.7371757594059849 -0.2353831146591127 0
3120 0.5907240239731342 -0.5410655517569446 0
3121 -0.2924496807625994 -0.5702288804988672 0
3122 -0.2922025453850117 -0.6002803447034457 0
3123 -0.2628453920357706 -0.585373550578152 0
3124 -0.3195648181838898 -0.6182074600334285 0
3125 -0.3471742263603557 -0.6060831111588328 0
3126 -0.3444546578197161 -0.6366829346718429 0
3127 -0.7726793308928585 -0.04641239763926615 0
3128 -0.7996389743455472 -0.06448033899309187 0
3129 -0.7708179242520863 -0.07885895411071103 0
3130 -0.6677349615643587 -0.379562364292702 0
3131 -0.6935588320089491 -0.3946462723419968 0
3132 -0.6904979099316616 -0.4242725702598408 0
3133 -0.6616131174097838 -0.4388149601283898 0
3134 -0.6646740394870713 -0.4091886622105458 0
3135 -0.1960252721103531 -0.7423634621014514 0
3136 -0.1972547941779952 -0.7105331153504399 0
3137 -0.2241700101906372 -0.7263602455627958 0
3138 0.04748859811077741 -0.830332583360181 0
3139 0.02000341044156654 -0.8390616668001474 0
3140 0.008920718556386919 -0.8700438237779412 0
3141 0.02532321434041816 -0.8922968973157687 0
3142 0.03640590622559779 -0.8613147403379747 0
3143 0.8125081268988821 -0.3676807979601237 0
3144 0.7989438306847533 -0.3446584374526014 0
3145 0.7664212225854182 -0.3434633942787803 0
3146 0.747462910700212 -0.3652907116124814 0
3147 0.779985518799547 -0.3664857547863025 0
3148 0.850226584849888 0.2386046498855447 0
3149 0.8562582552984459 0.2728728009606379 0
3150 0.8252386949643837 0.2574364490994688 0
3151 -0.1701266803752551 -0.6622087175214049 0
3152 -0.141769044504873 -0.6457146664433813 0
3153 -0.171926558279943 -0.631178270165643 0
3154 -0.1379143817791677 -0.7106841180012013 0
3155 -0.1681993490124024 -0.6946934433003149 0
3156 -0.1669698269447604 -0.7265237900513263 0
3157 0.2212608799178793 0.777295470878307 0
3158 0.2237921843389274 0.7462577176460121 0
3159 0.2510918925748959 0.7641903995896207 0
3160 0.856220472738197 0.3375513387505334 0
3161 0.8501510197293902 0.3679617254653358 0
3162 0.8191111316036216 0.3848893942699478 0
3163 0.7941406964866597 0.3714066763597575 0
3164 0.8251805846124284 0.3544790075551454 0
3165 0.8221976483794285 0.4210515919598974 0
3166 0.8003137300382738 0.4437310717396568 0
3167 0.7972272132624667 0.4075688740497071 0
3168 -0.5777522023345513 -0.5171519770674744 0
3169 -0.6075353861781742 -0.5286803681045589 0
3170 -0.5819558986812524 -0.5527882882287201 0
3171 -0.5385915658506202 0.6914370361964984 0
3172 -0.535252763838464 0.6573649556252895 0
3173 -0.5080133442563861 0.6754780751636817 0
3174 0.3606220212195044 0.8386748482703964 0
3175 0.3305408839713632 0.8512772734277815 0
3176 0.3331285062195829 0.8196567106475736 0
3177 -0.2631035448888986 0.7993255662149462 0
3178 -0.2361151763854339 0.8163816928039261 0
3179 -0.2385198960641726 0.8466906139160437 0
3180 -0.2679129842463761 0.8599434084391814 0
3181 -0.2655082645676373 0.8296344873270637 0
3182 -0.5637820190553264 0.6724695085634647 0
3183 -0.3615703646742953 -0.710263519353468 0
3184 -0.3565158004336877 -0.7347688058836687 0
3185 -0.3273841455565745 -0.7482441146880782 0
3186 -0.3033070549200689 -0.7372141369622869 0
3187 -0.332438709797182 -0.7237388281578774 0
3188 -0.7741671661086769 -0.01365016647255588 0
3189 -0.8026146447771841 0.001044123340328694 0
3190 -0.8011268095613656 -0.03171810782638159 0
3191 -0.7364465300018573 0.3412832933573299 0
3192 -0.7084151244324801 0.3281689716329843 0
3193 -0.7106754795377324 0.3604556454156027 0
3194 -0.3778263406322876 -0.8051516949112614 0
3195 -0.3646437884126839 -0.7822128936625654 0
3196 -0.3781923410131841 -0.7547468595725511 0
3197 -0.4049234458332879 -0.7502196267312327 0
3198 -0.4181059980528916 -0.7731584279799286 0
3199 -0.4045574454523915 -0.800624462069943 0
3200 -0.3913748932327878 -0.7776856608212468 0
3201 -0.01183094780269292 -0.8210353557635228 0
3202 -0.01618011837774152 -0.7942799612869319 0
3203 -0.04408237061938275 -0.8149088824988889 0
3204 -0.6553747680936568 0.4837667794793605 0
3205 -0.6304270896599518 0.4756723855729575 0
3206 -0.6370560929095093 0.5080140962594648 0
3207 -0.775604169886826 0.1828709119267928 0
3208 -0.7968387478740155 0.1979810283012458 0
3209 -0.8044526375829533 0.1682001684003884 0
3210 0.696385589430244 -0.5937344380292761 0
3211 0.7174951498633863 -0.5707426154930496 0
3212 0.7079819204693705 -0.5416605676824882 0
3213 0.6773591306422126 -0.5355703424081532 0
3214 0.6868723600362283 -0.5646523902187146 0
3215 -0.7590262961536287 -0.2303714005849195 0
3216 -0.7842116449480115 -0.2403104238385439 0
3217 -0.76403791481925 -0.2627902937076319 0
3218 0.159480638820844 -0.8086698175393175 0
3219 0.1541653725267714 -0.7826049421697525 0
3220 0.1295399323758679 -0.8042927532097615 0
3221 -0.3658904881179971 -0.8462708606006295 0
3222 -0.3407720833841028 -0.8644512250413017 0
3223 -0.3066984005206895 -0.8586361196412201 0
3224 -0.2977431223911704 -0.8346406498004665 0
3225 -0.3228615271250647 -0.8164602853597943 0
3226 -0.3569352099884781 -0.8222753907598758 0
3227 -0.3318168052545837 -0.8404557552005478 0
3228 -0.9217069662555789 0.293591693684041 0
3229 -0.886473596778949 0.2968987101136195 0
3230 -0.8754533290386416 0.3276982951504955 0
3231 -0.899666430774964 0.355190863757793 0
3232 -0.9113587611849165 0.324631746589198 0
3233 0.2936763670773823 0.9259201233498614 0
3234 0.2970680569003021 0.8948999109675139 0
3235 0.3278676419371781 0.8838796432272065 0
3236 0.3552755371511342 0.9038795878692465 0
3237 0.3247164199825392 0.9155719182791991 0
3238 0.2679565326810799 0.907523759343108 0
3239 -0.7595431031902813 -0.6068738053373406 0
3240 -0.7460757530178245 -0.5793543265110368 0
3241 -0.7655621393310938 -0.5530799761296891 0
3242 -0.7985158758168199 -0.554325104574645 0
3243 -0.7796028092427398 -0.5810246578537511 0
3244 -0.9019112463466689 0.2668037701375979 0
3245 0.384338336031523 -0.8925511333555803 0
3246 0.3859932396979572 -0.8612227341998737 0
3247 0.3590874841201468 -0.8714123446897545 0
3248 0.6964965304567312 -0.6769799409795336 0
3249 0.6858862797269165 -0.6468531007725181 0
3250 0.6666069906558755 -0.6674744940911892 0
3251 0.4434805390054614 -0.8645789545802928 0
3252 0.4155643411849264 -0.8472366448122298 0
3253 0.4142146211292618 -0.879210300499344 0
3254 0.8517544655285227 -0.47238429556637 0
3255 0.821587666708691 -0.4733718543067413 0
3256 0.8047704493600876 -0.5014296863712763 0
3257 0.818120030831316 -0.5284999596954399 0
3258 0.8355494843999585 -0.5008090878991609 0
3259 0.7738154820247489 -0.4988232063503494 0
3260 0.7562100961606387 -0.5232869996535863 0
3261 0.7871650634959771 -0.5258934796745131 0
3262 0.7404323119075243 -0.628504276297599 0
3263 0.707854170452313 -0.6226152684315508 0
3264 0.7189933030579707 -0.6532214592294818 0
3265 0.8981513575587933 -0.303992344398556 0
3266 0.9275458466455009 -0.2971385108265096 0
3267 0.9021602335075665 -0.2727242167509181 0
3268 0.3579487791853193 0.8712772180698215 0
3269 -0.8734356554366739 0.3599378295614837 0
3270 0.9723612553989337 0.0188922831613585 0
3271 0.9447225107978673 0.03778456632271713 0
3272 0.916029081611109 0.02380835510423851 0
3273 0.9149743970254169 -0.00906013927559873 0
3274 0.9436678262121754 0.004916071942879884 0
3275 -0.44282570959787 0.8648800337485943 0
3276 -0.4142546823697424 0.8478388031488338 0
3277 -0.3846835808827733 0.8618248925364775 0
3278 -0.3836835066239316 0.8928522125238821 0
3279 -0.4135597917216706 0.8795113796676455 0
3280 -0.4396958965259152 0.8305872764154822 0
3281 -0.750062448789015 -0.5257668618943813 0
3282 -0.7675164947326623 -0.4996988761040295 0
3283 -0.783016185274741 -0.5270119903393372 0
3284 0.7289637308854552 -0.5996234458953242 0
3285 0.9055053111648861 -0.3587376809002613 0
3286 0.8871310898184859 -0.3347919294354318 0
3287 0.8545287200190607 -0.3374651714696169 0
3288 0.8403005715660358 -0.3640841649686314 0
3289 0.8729029413654609 -0.3614109229344462 0
3290 -0.3552243866450948 0.8759577693408928 0
3291 -0.9707535397415873 -0.01384221645023605 0
3292 -0.9415070794831745 -0.02768443290047235 0
3293 -0.9433870222296914 0.003863949475975668 0
3294 -0.8098454944483648 0.4644641882475413 0
3295 -0.8458833793983598 0.4679304625367696 0
3296 -0.8336386934477136 0.4431063268534913 0
3297 0.4333962247045188 -0.8018607487889513 0
3298 0.410522184034455 -0.8158775419165591 0
3299 0.43843838185499 -0.8332198516846219 0
3300 0.917197641574839 -0.3281785637316663 0
3301 -0.6245599493239129 -0.713450822578645 0
3302 -0.62947661674378 -0.7432306379706903 0
3303 -0.5986185973128384 -0.7297504752389062 0
3304 0.5286044831145562 0.8145113084680763 0
3305 0.5016387332095102 0.7975530046336072 0
3306 0.5298088412631314 0.7826637064736373 0
3307 -0.6487977816648801 -0.6914829318532485 0
3308 -0.6779522814257145 -0.6992948565198974 0
3309 -0.6541937996756628 -0.7217916291211368 0
3310 -0.1744400219273282 -0.9607402975394753 0
3311 -0.1537897218385276 -0.9406953146757203 0
3312 -0.1823278154244192 -0.9274686331662347 0
3313 -0.1097245674696162 -0.970339928385453 0
3314 -0.1214319946096716 -0.9454951300987091 0
3315 -0.1421870291214559 -0.9662461750902183 0
3316 -0.9399019883739068 -0.06035681301032588 0
3317 -0.9675433575230519 -0.07918697666994312 0
3318 -0.9380985091927138 -0.09239169806655187 0
3319 -0.8403273083349443 -0.4200993104160856 0
3320 -0.8611242863416499 -0.4457480236210411 0
3321 -0.8288073784509677 -0.4464927414502681 0
3322 -0.7264636392967387 -0.6009124431285515 0
3323 -0.6668407082575681 -0.6690956619701409 0
3324 -0.09358548676570581 -0.9442450309129469 0
3325 0.2780777872336917 -0.8704159382090358 0
3326 0.249224697836423 -0.8803687099042625 0
3327 0.2436759647109233 -0.9125277663103958 0
3328 0.2669803209826924 -0.9347340510213025 0
3329 0.2725290541081921 -0.902574994615169 0
3330 0.8331381851167415 -0.4454864361135856 0
3331 0.4735809011449755 0.8143702219822105 0
3332 0.4724888189854867 0.8481457431652827 0
3333 0.4455909595327026 0.8295294627535015 0
3334 0.5009136113182773 0.8319407620367187 0
3335 -0.969861376646577 -0.04654962046754254 0
3336 0.9691510731803983 0.08423704338106565 0
3337 0.9431174196885996 0.07045694643257069 0
3338 0.9714690923039234 0.05159968717866509 0
3339 0.01390857004148309 -0.9715166569511987 0
3340 0.02781714008296625 -0.9430333139023973 0
3341 0.01128384067702303 -0.9153333253206236 0
3342 -0.01915802877040335 -0.9161166797876513 0
3343 -0.002624729364460127 -0.9438166683694249 0
3344 0.07925333026118993 -0.9683064747326633 0
3345 0.06048952019281967 -0.9414282227931297 0
3346 0.04661597405878946 -0.9706244938561884 0
3347 0.9427820688546306 0.1015475157109 0
3348 -0.8122489447011534 0.5240461266658392 0
3349 -0.7930282770997616 0.492522020312076 0
3350 -0.7786358917248233 0.5235168372500245 0
3351 0.2035174174904699 -0.9506306808019834 0
3352 0.2119445129648121 -0.9204760812007362 0
3353 0.1909550645372186 -0.8959097778501258 0
3354 0.1615385206352831 -0.9014980741007627 0
3355 0.1825279690628765 -0.9260643774513728 0
3356 0.09062160906245235 -0.9389403559590642 0
3357 -0.8296783982697957 0.4963552548695601 0
3358 0.235422305525349 -0.9433747623886304 0
3359 -0.8543133977225881 -0.3905282089291164 0
3360 -0.8890964651169376 -0.3866058206471027 0
3361 -0.8757556322607011 -0.4164821057448413 0
3362 -0.8671873338211191 -0.3629024387491711 0
3363 -0.7764793002519423 0.01898165181164147 0
3364 -0.3832469052537916 -0.7302415730423503 0
3365 0.8442114126945073 0.1724770979474414 0
3366 0.8442279109876843 0.1406176970844313 0
3367 0.8921167805970394 0.1680778711495262 0
3368 0.8681558474991847 0.1862071849799889 0
3369 0.8681723457923618 0.1543477841169788 0
3370 0.8025127162533666 0.5546885034014136 0
3371 0.7735558202041877 0.5538067737832253 0
3372 0.7848327827182244 0.5249686095680183 0
3373 0.7540694338909183 0.580081124164573 0
3374 0.7635399436268276 0.6072372041641092 0
3375 0.7315654197241837 0.600331368898839 0
3376 0.667288121709749 -0.5112500101123014 0
3377 0.6878399026044435 -0.4930199030907846 0
3378 0.6844917555595057 -0.4616067401336461 0
3379 0.6605918276198735 -0.4484236841980244 0
3380 0.6639399746648114 -0.4798368471551628 0
3381 0.2287944647364591 -0.8313865229914323 0
3382 0.2245830365878067 -0.8608540022954607 0
3383 0.2534361259850754 -0.8509012306002339 0
3384 0.01689371086453276 0.9186419135788473 0
3385 -0.01443741165370548 0.9251409145794863 0
3386 -0.01179998276298038 0.8981177270394975 0
3387 0.7835996496792865 0.5813880566805198 0
3388 0.4290634565799334 0.649074376319736 0
3389 0.4557033980171057 0.6670947901026362 0
3390 0.4265773799230828 0.6815817726045785 0
3391 -0.655619452650932 -0.4641557018331782 0
3392 -0.678510580413958 -0.4749540536694175 0
3393 -0.6357884883105001 -0.5112582894267418 0
3394 -0.6342584065992031 -0.4823078197118403 0
3395 -0.6571495343622289 -0.4931061715480796 0
3396 -0.8680487000120668 -0.2834751333142576 0
3397 -0.8779452614003022 -0.255376979957221 0
3398 -0.9108746604364281 -0.2482807768182769 0
3399 -0.9339074980843186 -0.2692827270363693 0
3400 -0.9009780990481926 -0.2763789301753135 0
3401 -0.9498041278649996 -0.2058198235441467 0
3402 -0.9188229753267686 -0.2165493250721656 0
3403 -0.8941779424194193 -0.1973963192399185 0
3404 -0.900514062050301 -0.1675138118796526 0
3405 -0.9251590949576503 -0.1866668177118996 0
3406 -0.7147091710775164 0.6257004499235028 0
3407 -0.7438598122201265 0.6300468670435744 0
3408 -0.7297331455570659 0.6032432272464119 0
3409 -0.6999240307693336 0.6785225317255089 0
3410 -0.69274128035212 0.64993828226447 0
3411 -0.670055679532783 0.6656891159528615 0
3412 -0.2594739528283837 0.7678529234237976 0
3413 -0.228855992264404 0.753436407221629 0
3414 -0.232485584324919 0.7849090500127776 0
3415 -0.2149594430978949 0.8590509082934183 0
3416 -0.2207920783138204 0.8846639971939306 0
3417 -0.2501851664960238 0.8979167917170683 0
3418 -0.2737456194623016 0.8855564973396937 0
3419 -0.2443525312800983 0.872303702816556 0
3420 -0.2833536866026063 -0.8820778220824854 0
3421 -0.2510536945550041 -0.881524054682997 0
3422 -0.2743984084730873 -0.8580823522417317 0
3423 -0.1645658088869256 0.9051346490591407 0
3424 -0.1955952612083358 0.9077058675767918 0
3425 -0.1897626259924102 0.8820927786762793 0
3426 -0.2558012031625685 0.7357725388309562 0
3427 -0.3198119535614776 -0.58815599582885 0
3428 -0.9425482094516464 -0.2377247115790257 0
3429 -0.7224208033705731 0.6547640499754571 0
3430 -0.9236119658925356 0.1083588901545564 0
3431 -0.9207562066784241 0.08073869396659589 0
3432 -0.8950943891863257 0.1042820496980929 0
3433 -0.7033898656431393 -0.3639658977780437 0
3434 -0.9626794286377026 0.1753865767915914 0
3435 -0.9445735768721749 0.1556828315670541 0
3436 -0.9349353938384521 0.1803301049912596 0
3437 -0.9493733922951638 0.1233251043381981 0
3438 -0.9722790594836803 0.1106711223338793 0
3439 -0.9465176330810521 0.09570490815023759 0
3440 0.7285337013640649 -0.5234304606609713 0
3441 0.7184626924316013 -0.4991101283651195 0
3442 0.6979109115369069 -0.5173402353866363 0
3443 -0.3305701055492706 -0.7763977882624838 0
3444 -0.309678974905461 -0.7935214841110984 0
3445 -0.3064930149127649 -0.7653678105366926 0
3446 -0.8646526340537742 -0.2096104471196682 0
3447 -0.841463445319011 -0.1919420676391519 0
3448 -0.8709887536846559 -0.1797279397594022 0
3449 -0.06318473622448252 0.9528215192774826 0
3450 -0.08060093827702131 0.9740031229748397 0
3451 -0.09244067702233973 0.9431293575979371 0
3452 -0.01525617805731445 0.9772133051933751 0
3453 -0.03051235611462909 0.9544266103867503 0
3454 0.000818766403609154 0.9479276093861112 0
3455 0.4589024870570951 0.6352791137447795 0
3456 0.7929476243650162 0.1444286997728229 0
3457 0.8185960168229388 0.1265934979971221 0
3458 0.8185795185297616 0.1584528988601321 0
3459 0.8972802105810523 0.3879129923034392 0
3460 0.8706808886508179 0.3931425522417886 0
3461 0.8767503416596245 0.3627321655269863 0
3462 0.8566947992631739 0.422713653728758 0
3463 0.8693080318057645 0.4470551952773778 0
3464 0.8348108809220192 0.4453931335085172 0
3465 0.7607054765981202 -0.3087690005509393 0
3466 0.7360314187256159 -0.2959019241567993 0
3467 0.7417471647129139 -0.3305963178846403 0
3468 0.5914215754215577 0.6625389236483904 0
3469 0.611968811776456 0.6802064198420955 0
3470 0.6080718012426788 0.7105582127969431 0
3471 0.5836275543540032 0.7232425095580856 0
3472 0.5875245648877805 0.6928907166032379 0
3473 0.6622299371469882 0.6417418242571568 0
3474 0.6473729926391713 0.6698078701464787 0
3475 0.6268257562842728 0.6521403739527736 0
3476 -0.3071973448516268 -0.9074011715653855 0
3477 -0.2987410110530451 -0.932170753648797 0
3478 -0.2748973528040246 -0.9068474041658969 0
3479 -0.3603401811267967 -0.9101302181681822 0
3480 -0.3379969298885026 -0.896380903825078 0
3481 -0.3631153346223969 -0.8782005393844058 0
3482 -0.4489440781706981 -0.766549497978727 0
3483 -0.4662336056880045 -0.7874066020675398 0
3484 -0.4526850530875043 -0.8148726361575541 0
3485 -0.4218469729696979 -0.8214815661587557 0
3486 -0.4353955255701979 -0.7940155320687414 0
3487 -0.2478447014379847 0.925831502640365 0
3488 -0.2690646893462234 0.9413859191862869 0
3489 -0.2714051544042625 0.9134712082629902 0
3490 -0.2056017858540009 0.957282548966968 0
3491 -0.2161132496918735 0.9337798175307054 0
3492 -0.1850837973704632 0.9312085990130543 0
3493 -0.1398417131420203 -0.6781993922222913 0
3494 0.9161109381195284 0.1765720651934404 0
3495 0.9161441625441629 0.2031955730678171 0
3496 0.8921832294463082 0.2213248868982798 0
3497 0.8681890719238191 0.2128306928543656 0
3498 0.8921500050216737 0.194701379023903 0
3499 0.6331417934754515 0.7229194284781126 0
3500 0.6337675388195487 0.7479649409204246 0
3501 0.608697546586776 0.7356037252392551 0
3502 0.6822432035014833 0.7040291594696318 0
3503 0.6573796258164187 0.7009515377527162 0
3504 0.6722365703242357 0.6728854918633942 0
3505 -0.5315545330815059 -0.8237343102538137 0
3506 -0.5075388331434084 -0.8159990082050831 0
3507 -0.5029551640938147 -0.7830324591600294 0
3508 -0.5223871949823184 -0.7578012121637064 0
3509 -0.5269708640319122 -0.7907677612087599 0
3510 -0.4794810010788735 -0.8328162255536864 0
3511 -0.4754388689524361 -0.8573687449510204 0
3512 -0.4486429209610669 -0.8394251555548882 0
3513 0.8802524128209349 0.281366995004552 0
3514 0.8982148998948661 0.255593037973373 0
3515 0.9297650365566011 0.24997427971295 0
3516 0.943352686144405 0.2701294784837061 0
3517 0.9118025494826698 0.275748236744129 0
3518 0.959249315925086 0.2066665749914835 0
3519 0.9377133514469417 0.2182428279668387 0
3520 0.9376801270223072 0.1916193200924619 0
3521 0.176164364519631 0.9646750211752017 0
3522 0.1572384070231334 0.9485647619471731 0
3523 0.1632500243729423 0.9222200830500791 0
3524 0.1881875992192487 0.9119856633810138 0
3525 0.1821759818694399 0.9383303422781076 0
3526 0.07825403876405924 0.9189134426251869 0
3527 0.1082832441453475 0.9256839726721657 0
3528 0.1248806797942773 0.9533645773701619 0
3529 0.1114489100619189 0.9742746520211795 0
3530 0.09485147441298904 0.9465940473231831 0
3531 -0.4856656365765083 -0.7621753550712167 0
3532 0.1369771686967197 0.9061955382485677 0
3533 0.1356418878668037 0.8799365737779909 0
3534 0.1619147435430262 0.8959611185795022 0
3535 0.1069479633154314 0.8994250082015889 0
3536 -0.6060053044668772 -0.4997298983896573 0
3537 0.1944477187267216 0.7615972683846766 0
3538 -0.3437526577688743 -0.7993365895111799 0
3539 -0.9681853061884456 0.1431335839857192 0
3540 0.691196060664795 -0.4323828177592843 0
3541 0.8742207423723769 0.2470988439294588 0
3542 -0.8355452700911089 -0.2425925735948404 0
3543 -0.8616935464398232 -0.2349357000975124 0
3544 -0.8517969850515877 -0.2630338534545489 0
3545 -0.04796358207462104 0.9763211420983648 0
3546 0.7629811054745481 -0.2803830320953482 0
3547 0.8674539906470763 -0.00327775098369527 0
3548 0.8906868515434007 -0.02260319231956562 0
3549 0.8917415361290927 0.01026530206027162 0
3550 -0.8123560813563455 -0.2249241941143241 0
3551 -0.8153151689702965 -0.1995989411364799 0
3552 -0.8385043577050599 -0.2172673206169961 0
3553 0.7990327521147272 -0.01685126875193136 0
3554 0.8216269409327396 -0.0004017891998781445 0
3555 0.8216773197452677 0.03179055350619601 0
3556 0.7991335097397835 0.04753341666021695 0
3557 0.7990831309272552 0.01534107395414279 0
3558 0.8839393777248158 0.4177892774011781 0
3559 -0.73493158955535 0.3108296024735848 0
3560 0.8216928394320074 0.09359762408569344 0
3561 0.7991412695831532 0.07843695194996567 0
3562 0.8216850795886375 0.06269408879594472 0
3563 0.8127337999776543 -0.1134824239470011 0
3564 0.8295074586271378 -0.09150558572934951 0
3565 0.8230002659499859 -0.0574527477757935 0
3566 0.7997194146233504 -0.04537674803988904 0
3567 0.8062266073005022 -0.07942958599344505 0
3568 -0.3297810639582019 -0.9218225485781346 0
3569 -0.005118655107008215 -0.8930802517827963 0
3570 0.01565423986651794 -0.8123062723235563 0
3571 -0.2375066738888802 0.9500266305536149 0
3572 -0.7133890376946875 -0.4350709220960802 0
3573 -0.7073953729358357 -0.4604116638008685 0
3574 -0.6845042451728097 -0.4496133119646291 0
3575 0.6584847217514316 0.7265259320708711 0
3576 -0.6576555473108227 0.4571179454362707 0
3577 0.7960444469740848 0.1114328258613943 0
3578 0.2102692302950466 -0.8128575934278969 0
3579 0.1875325677049816 -0.8237961431683898 0
3580 0.1833211395563292 -0.8532636224724182 0
3581 0.2018463739977417 -0.8717925520359536 0
3582 0.2060578021463941 -0.8423250727319251 0
3583 -0.503863661285227 -0.8411637638224561 0
3584 -0.7774586773308514 0.2146294942194929 0
3585 0.1439113717137588 0.9701808987259446 0
3586 0.951993397511733 0.2385714630263624 0
3587 0.3730658420550926 -0.7426396765912699 0
3588 0.8449077922593752 -0.0124777889357826 0
3589 0.8455944547679983 -0.04100326822374028 0
3590 0.8688273156643226 -0.06032870955961063 0
3591 0.8913735140520238 -0.0511286716075233 0
3592 0.8681406531556994 -0.03180323027165294 0
3593 0.826736275351907 -0.3410618044611092 0
3594 -0.7871707325619626 -0.2149851708606997 0
3595 0.1724298300958061 -0.8773808482865904 0
3596 0.182217301410909 -0.7977312677988246 0
3597 0.7461390872281751 -0.4989666673577345 0
3598 0.4115723731032974 -0.7952970870768715 0
3599 0.8796646461676091 -0.1081775157465637 0
3600 0.8629728817221153 -0.08885313162913086 0
3601 0.8461992230726316 -0.1108299698467824 0
3602 -0.729257985676759 -0.4817119004416638 0
3603 -0.7571142631765343 -0.4776713953776707 0
3604 -0.739660217232887 -0.5037393811680225 0
3605 0.8223136034413626 -0.02892726848783582 0
3606 -0.7352516504356109 -0.4563711587368754 0
3607 0.8855190801098165 -0.07965309367704351 0
$EndNodes
$Elements
844
1 26 2 1 1 1 5 20 21
2 26 2 1 1 5 6 22 23
3 26 2 1 1 6 7 24 25
4 26 2 1 1 7 8 26 27
5 26 2 1 1 8 9 28 29
6 26 2 1 1 9 10 30 31
7 26 2 1 1 10 11 32 33
8 26 2 1 1 11 12 34 35
9 26 2 1 1 12 13 36 37
10 26 2 1 1 13 14 38 39
11 26 2 1 1 14 15 40 41
12 26 2 1 1 15 16 42 43
13 26 2 1 1 16 17 44 45
14 26 2 1 1 17 18 46 47
15 26 2 1 1 18 19 48 49
16 26 2 1 1 19 2 50 51
17 26 2 1 2 2 52 67 68
18 26 2 1 2 52 53 69 70
19 26 2 1 2 53 54 71 72
20 26 2 1 2 54 55 73 74
21 26 2 1 2 55 56 75 76
22 26 2 1 2 56 57 77 78
23 26 2 1 2 57 58 79 80
24 26 2 1 2 58 59 81 82
25 26 2 1 2 59 60 83 84
26 26 2 1 2 60 61 85 86
27 26 2 1 2 61 62 87 88
28 26 2 1 2 62 63 89 90
29 26 2 1 2 63 64 91 92
30 26 2 1 2 64 65 93 94
31 26 2 1 2 65 66 95 96
32 26 2 1 2 66 3 97 98
33 26 2 1 3 3 99 114 115
34 26 2 1 3 99 100 116 117
35 26 2 1 3 100 101 118 119
36 26 2 1 3 101 102 120 121
37 26 2 1 3 102 103 122 123
38 26 2 1 3 103 104 124 125
39 26 2 1 3 104 105 126 127
40 26 2 1 3 105 106 128 129
41 26 2 1 3 106 107 130 131
42 26 2 1 3 107 108 132 133
43 26 2 1 3 108 109 134 135
44 26 2 1 3 109 110 136 137
45 26 2 1 3 110 111 138 139
46 26 2 1 3 111 112 140 141
47 26 2 1 3 112 113 142 143
48 26 2 1 3 113 4 144 145
49 26 2 1 4 4 146 161 162
50 26 2 1 4 146 147 163 164
51 26 2 1 4 147 148 165 166
52 26 2 1 4 148 149 167 168
53 26 2 1 4 149 150 169 170
54 26 2 1 4 150 151 171 172
55 26 2 1 4 151 152 173 174
56 26 2 1 4 152 153 175 176
57 26 2 1 4 153 154 177 178
58 26 2 1 4 154 155 179 180
59 26 2 1 4 155 156 181 182
60 26 2 1 4 156 157 183 184
61 26 2 1 4 157 158 185 186
62 26 2 1 4 158 159 187 188
63 26 2 1 4 159 160 189 190
64 26 2 1 4 160 1 191 192
65 21 2 1 1 503 534 382 552 553 554 555 556 557 558
66 21 2 1 1 195 516 433 559 560 561 562 563 564 565
67 21 2 1 1 386 444 213 566 567 568 569 570 571 572
68 21 2 1 1 222 501 389 573 574 575 576 577 578 579
69 21 2 1 1 221 438 384 580 581 582 583 584 585 586
70 21 2 1 1 198 534 503 587 588 553 552 589 590 591
71 21 2 1 1 389 501 390 576 575 592 593 594 595 596
72 21 2 1 1 394 395 224 597 598 599 600 601 602 603
73 21 2 1 1 205 512 384 604 605 606 607 608 609 610
74 21 2 1 1 384 527 205 611 612 613 614 609 608 615
75 21 2 1 1 444 445 213 616 617 618 619 569 568 620
76 21 2 1 1 403 501 204 621 622 623 624 625 626 627
77 21 2 1 1 224 509 394 628 629 630 631 602 601 632
78 21 2 1 1 390 501 403 593 592 622 621 633 634 635
79 21 2 1 1 387 520 510 636 637 638 639 640 641 642
80 21 2 1 1 451 495 220 643 644 645 646 647 648 649
81 21 2 1 1 220 499 451 650 651 652 653 648 647 654
82 21 2 1 1 433 539 195 655 656 657 658 564 563 659
83 21 2 1 1 516 524 433 660 661 662 663 562 561 664
84 21 2 1 1 384 512 221 607 606 665 666 585 584 667
85 21 2 1 1 160 499 159 668 669 670 671 189 190 672
86 21 2 1 1 385 386 206 673 674 675 676 677 678 679
87 21 2 1 1 510 520 193 639 638 680 681 682 683 684
88 21 2 1 1 58 500 57 685 686 687 688 79 80 689
89 21 2 1 1 152 501 151 690 691 692 693 173 174 694
90 21 2 1 1 204 505 403 695 696 697 698 626 625 699
91 21 2 1 1 403 505 496 698 697 700 701 702 703 704
92 21 2 1 1 206 404 385 705 706 707 708 678 677 709
93 21 2 1 1 221 491 438 710 711 712 713 581 580 714
94 21 2 1 1 521 526 310 715 716 717 718 719 720 721
95 21 2 1 1 216 388 387 722 723 724 725 726 727 728
96 21 2 1 1 393 427 210 729 730 731 732 733 734 735
97 21 2 1 1 211 542 396 736 737 738 739 740 741 742
98 21 2 1 1 396 523 211 743 744 745 746 741 740 747
99 21 2 1 1 194 507 392 748 749 750 751 752 753 754
100 21 2 1 1 397 506 199 755 756 757 758 759 760 761
101 21 2 1 1 225 528 226 762 763 764 765 766 767 768
102 21 2 1 1 355 445 444 769 770 617 616 771 772 773
103 21 2 1 1 497 518 515 774 775 776 777 778 779 780
104 21 2 1 1 382 542 503 781 782 783 784 557 556 785
105 21 2 1 1 381 534 502 786 787 788 789 790 791 792
106 21 2 1 1 159 499 220 671 670 651 650 793 794 795
107 21 2 1 1 208 499 160 796 797 669 668 798 799 800
108 21 2 1 1 436 511 218 801 802 803 804 805 806 807
109 21 2 1 1 387 510 216 641 640 808 809 727 726 810
110 21 2 1 1 213 519 386 811 812 813 814 571 570 815
111 21 2 1 1 507 551 392 816 817 818 819 751 750 820
112 21 2 1 1 210 428 393 821 822 823 824 734 733 825
113 21 2 1 1 202 500 58 826 827 686 685 828 829 830
114 21 2 1 1 57 500 216 688 687 831 832 833 834 835
115 21 2 1 1 395 401 224 836 837 838 839 600 599 840
116 21 2 1 1 402 526 521 841 842 716 715 843 844 845
117 21 2 1 1 151 501 222 693 692 574 573 846 847 848
118 21 2 1 1 204 501 152 624 623 691 690 849 850 851
119 21 2 1 1 355 446 445 852 853 854 855 770 769 856
120 21 2 1 1 527 545 517 857 858 859 860 861 862 863
121 21 2 1 1 405 409 362 864 865 866 867 868 869 870
122 21 2 1 1 446 453 376 871 872 873 874 875 876 877
123 21 2 1 1 406 547 212 878 879 880 881 882 883 884
124 21 2 1 1 212 529 406 885 886 887 888 883 882 889
125 21 2 1 1 201 427 399 890 891 892 893 894 895 896
126 21 2 1 1 502 547 381 897 898 899 900 791 790 901
127 21 2 1 1 205 527 517 614 613 862 861 902 903 904
128 21 2 1 1 227 525 513 905 906 907 908 909 910 911
129 21 2 1 1 392 494 194 912 913 914 915 753 752 916
130 21 2 1 1 209 528 225 917 918 763 762 919 920 921
131 21 2 1 1 396 489 202 922 923 924 925 926 927 928
132 21 2 1 1 223 524 516 929 930 661 660 931 932 933
133 21 2 1 1 386 519 206 814 813 934 935 676 675 936
134 21 2 1 1 214 525 404 937 938 939 940 941 942 943
135 21 2 1 1 229 409 405 944 945 865 864 946 947 948
136 21 2 1 1 404 525 405 940 939 949 950 951 952 953
137 21 2 1 1 445 446 196 855 854 954 955 956 957 958
138 21 2 1 1 385 405 362 959 960 869 868 961 962 963
139 21 2 1 1 508 543 532 964 965 966 967 968 969 970
140 21 2 1 1 355 453 446 971 972 872 871 853 852 973
141 21 2 1 1 397 535 506 974 975 976 977 756 755 978
142 21 2 1 1 515 518 203 777 776 979 980 981 982 983
143 21 2 1 1 495 504 220 984 985 986 987 646 645 988
144 21 2 1 1 399 492 201 989 990 991 992 895 894 993
145 21 2 1 1 400 528 492 994 995 996 997 998 999 1000
146 21 2 1 1 218 540 436 1001 1002 1003 1004 806 805 1005
147 21 2 1 1 395 402 401 1006 1007 1008 1009 837 836 1010
148 21 2 1 1 400 492 399 999 998 990 989 1011 1012 1013
149 21 2 1 1 502 534 198 789 788 588 587 1014 1015 1016
150 21 2 1 1 427 530 210 1017 1018 1019 1020 732 731 1021
151 21 2 1 1 217 543 508 1022 1023 965 964 1024 1025 1026
152 21 2 1 1 513 525 214 908 907 938 937 1027 1028 1029
153 21 2 1 1 404 405 385 952 951 960 959 708 707 1030
154 21 2 1 1 428 490 393 1031 1032 1033 1034 824 823 1035
155 21 2 1 1 407 487 231 1036 1037 1038 1039 1040 1041 1042
156 21 2 1 1 400 487 407 1043 1044 1037 1036 1045 1046 1047
157 21 2 1 1 228 407 231 1048 1049 1041 1040 1050 1051 1052
158 21 2 1 1 233 415 409 1053 1054 1055 1056 1057 1058 1059
159 21 2 1 1 409 415 362 1056 1055 1060 1061 867 866 1062
160 21 2 1 1 233 409 230 1058 1057 1063 1064 1065 1066 1067
161 21 2 1 1 360 488 487 1068 1069 1070 1071 1072 1073 1074
162 21 2 1 1 412 486 411 1075 1076 1077 1078 1079 1080 1081
163 21 2 1 1 338 488 333 1082 1083 1084 1085 1086 1087 1088
164 21 2 1 1 360 487 400 1073 1072 1044 1043 1089 1090 1091
165 21 2 1 1 338 486 412 1092 1093 1076 1075 1094 1095 1096
166 21 2 1 1 235 412 411 1097 1098 1080 1079 1099 1100 1101
167 21 2 1 1 408 412 235 1102 1103 1098 1097 1104 1105 1106
168 21 2 1 1 232 408 235 1107 1108 1105 1104 1109 1110 1111
169 21 2 1 1 412 488 338 1112 1113 1083 1082 1095 1094 1114
170 21 2 1 1 415 485 337 1115 1116 1117 1118 1119 1120 1121
171 21 2 1 1 487 488 408 1071 1070 1122 1123 1124 1125 1126
172 21 2 1 1 333 488 360 1085 1084 1069 1068 1127 1128 1129
173 21 2 1 1 362 415 337 1061 1060 1120 1119 1130 1131 1132
174 21 2 1 1 410 485 415 1133 1134 1116 1115 1135 1136 1137
175 21 2 1 1 410 415 233 1136 1135 1054 1053 1138 1139 1140
176 21 2 1 1 234 410 233 1141 1142 1139 1138 1143 1144 1145
177 21 2 1 1 363 418 416 1146 1147 1148 1149 1150 1151 1152
178 21 2 1 1 341 486 442 1153 1154 1155 1156 1157 1158 1159
179 21 2 1 1 321 485 339 1160 1161 1162 1163 1164 1165 1166
180 21 2 1 1 363 416 341 1151 1150 1167 1168 1169 1170 1171
181 21 2 1 1 416 418 239 1149 1148 1172 1173 1174 1175 1176
182 21 2 1 1 411 416 239 1177 1178 1175 1174 1179 1180 1181
183 21 2 1 1 236 411 239 1182 1183 1180 1179 1184 1185 1186
184 21 2 1 1 339 485 414 1163 1162 1187 1188 1189 1190 1191
185 21 2 1 1 416 486 341 1192 1193 1154 1153 1168 1167 1194
186 21 2 1 1 413 484 414 1195 1196 1197 1198 1199 1200 1201
187 21 2 1 1 414 484 339 1198 1197 1202 1203 1190 1189 1204
188 21 2 1 1 337 485 321 1118 1117 1161 1160 1205 1206 1207
189 21 2 1 1 413 414 237 1200 1199 1208 1209 1210 1211 1212
190 21 2 1 1 442 486 338 1156 1155 1093 1092 1213 1214 1215
191 21 2 1 1 238 413 237 1216 1217 1211 1210 1218 1219 1220
192 21 2 1 1 418 483 243 1221 1222 1223 1224 1225 1226 1227
193 21 2 1 1 468 484 352 1228 1229 1230 1231 1232 1233 1234
194 21 2 1 1 363 483 418 1235 1236 1222 1221 1147 1146 1237
195 21 2 1 1 240 418 243 1238 1239 1226 1225 1240 1241 1242
196 21 2 1 1 352 484 417 1231 1230 1243 1244 1245 1246 1247
197 21 2 1 1 417 419 364 1248 1249 1250 1251 1252 1253 1254
198 21 2 1 1 352 417 364 1246 1245 1253 1252 1255 1256 1257
199 21 2 1 1 339 484 468 1203 1202 1229 1228 1258 1259 1260
200 21 2 1 1 241 419 417 1261 1262 1249 1248 1263 1264 1265
201 21 2 1 1 245 479 419 1266 1267 1268 1269 1270 1271 1272
202 21 2 1 1 419 479 364 1269 1268 1273 1274 1251 1250 1275
203 21 2 1 1 245 419 242 1271 1270 1276 1277 1278 1279 1280
204 21 2 1 1 247 426 267 1281 1282 1283 1284 1285 1286 1287
205 21 2 1 1 243 483 426 1224 1223 1288 1289 1290 1291 1292
206 21 2 1 1 267 426 351 1284 1283 1293 1294 1295 1296 1297
207 21 2 1 1 244 426 247 1298 1299 1282 1281 1300 1301 1302
208 21 2 1 1 474 479 465 1303 1304 1305 1306 1307 1308 1309
209 21 2 1 1 364 479 474 1274 1273 1304 1303 1310 1311 1312
210 21 2 1 1 465 479 420 1306 1305 1313 1314 1315 1316 1317
211 21 2 1 1 440 452 425 1318 1319 1320 1321 1322 1323 1324
212 21 2 1 1 356 424 423 1325 1326 1327 1328 1329 1330 1331
213 21 2 1 1 423 425 329 1332 1333 1334 1335 1336 1337 1338
214 21 2 1 1 420 479 245 1314 1313 1267 1266 1339 1340 1341
215 21 2 1 1 324 452 440 1342 1343 1319 1318 1344 1345 1346
216 21 2 1 1 356 423 329 1330 1329 1337 1336 1347 1348 1349
217 21 2 1 1 430 482 475 1350 1351 1352 1353 1354 1355 1356
218 21 2 1 1 382 421 373 1357 1358 1359 1360 1361 1362 1363
219 21 2 1 1 283 462 260 1364 1365 1366 1367 1368 1369 1370
220 21 2 1 1 354 451 450 1371 1372 1373 1374 1375 1376 1377
221 21 2 1 1 300 429 299 1378 1379 1380 1381 1382 1383 1384
222 21 2 1 1 425 452 429 1321 1320 1385 1386 1387 1388 1389
223 21 2 1 1 246 420 245 1390 1391 1340 1339 1392 1393 1394
224 21 2 1 1 55 193 54 1395 1396 1397 1398 73 74 1399
225 21 2 1 1 461 469 276 1400 1401 1402 1403 1404 1405 1406
226 21 2 1 1 53 210 52 1407 1408 1409 1410 69 70 1411
227 21 2 1 1 61 211 60 1412 1413 1414 1415 85 86 1416
228 21 2 1 1 456 462 310 1417 1418 1419 1420 1421 1422 1423
229 21 2 1 1 365 425 423 1424 1425 1333 1332 1426 1427 1428
230 21 2 1 1 431 432 368 1429 1430 1431 1432 1433 1434 1435
231 21 2 1 1 421 434 373 1436 1437 1438 1439 1360 1359 1440
232 21 2 1 1 14 214 13 1441 1442 1443 1444 38 39 1445
233 21 2 1 1 422 461 276 1446 1447 1405 1404 1448 1449 1450
234 21 2 1 1 347 455 437 1451 1452 1453 1454 1455 1456 1457
235 21 2 1 1 287 435 342 1458 1459 1460 1461 1462 1463 1464
236 21 2 1 1 329 429 300 1465 1466 1379 1378 1467 1468 1469
237 21 2 1 1 429 430 299 1470 1471 1472 1473 1381 1380 1474
238 21 2 1 1 159 220 158 794 793 1475 1476 187 188 1477
239 21 2 1 1 348 432 293 1478 1479 1480 1481 1482 1483 1484
240 21 2 1 1 354 450 313 1376 1375 1485 1486 1487 1488 1489
241 21 2 1 1 347 437 349 1456 1455 1490 1491 1492 1493 1494
242 21 2 1 1 251 454 253 1495 1496 1497 1498 1499 1500 1501
243 21 2 1 1 318 442 338 1502 1503 1214 1213 1504 1505 1506
244 21 2 1 1 299 476 280 1507 1508 1509 1510 1511 1512 1513
245 21 2 1 1 435 461 342 1514 1515 1516 1517 1461 1460 1518
246 21 2 1 1 374 460 343 1519 1520 1521 1522 1523 1524 1525
247 21 2 1 1 365 440 425 1526 1527 1323 1322 1425 1424 1528
248 21 2 1 1 108 221 107 1529 1530 1531 1532 132 133 1533
249 21 2 1 1 260 462 276 1367 1366 1534 1535 1536 1537 1538
250 21 2 1 1 326 432 431 1539 1540 1430 1429 1541 1542 1543
251 21 2 1 1 368 432 348 1432 1431 1479 1478 1544 1545 1546
252 21 2 1 1 452 482 430 1547 1548 1351 1350 1549 1550 1551
253 21 2 1 1 8 196 7 1552 1553 1554 1555 26 27 1556
254 21 2 1 1 349 380 379 1557 1558 1559 1560 1561 1562 1563
255 21 2 1 1 313 449 289 1564 1565 1566 1567 1568 1569 1570
256 21 2 1 1 425 429 329 1388 1387 1466 1465 1335 1334 1571
257 21 2 1 1 4 207 113 1572 1573 1574 1575 144 145 1576
258 21 2 1 1 149 194 148 1577 1578 1579 1580 167 168 1581
259 21 2 1 1 320 443 295 1582 1583 1584 1585 1586 1587 1588
260 21 2 1 1 312 453 355 1589 1590 972 971 1591 1592 1593
261 21 2 1 1 253 454 257 1498 1497 1594 1595 1596 1597 1598
262 21 2 1 1 262 435 287 1599 1600 1459 1458 1601 1602 1603
263 21 2 1 1 310 462 283 1420 1419 1365 1364 1604 1605 1606
264 21 2 1 1 434 437 285 1607 1608 1609 1610 1611 1612 1613
265 21 2 1 1 293 432 294 1481 1480 1614 1615 1616 1617 1618
266 21 2 1 1 155 215 154 1619 1620 1621 1622 179 180 1623
267 21 2 1 1 324 440 284 1345 1344 1624 1625 1626 1627 1628
268 21 2 1 1 285 443 434 1629 1630 1631 1632 1612 1611 1633
269 21 2 1 1 289 449 291 1567 1566 1634 1635 1636 1637 1638
270 21 2 1 1 430 476 299 1639 1640 1508 1507 1473 1472 1641
271 21 2 1 1 307 453 312 1642 1643 1590 1589 1644 1645 1646
272 21 2 1 1 438 439 330 1647 1648 1649 1650 1651 1652 1653
273 21 2 1 1 435 469 461 1654 1655 1401 1400 1515 1514 1656
274 21 2 1 1 110 200 109 1657 1658 1659 1660 136 137 1661
275 21 2 1 1 447 454 251 1662 1663 1496 1495 1664 1665 1666
276 21 2 1 1 265 441 292 1667 1668 1669 1670 1671 1672 1673
277 21 2 1 1 373 443 320 1674 1675 1583 1582 1676 1677 1678
278 21 2 1 1 1 208 160 1679 1680 799 798 191 192 1681
279 21 2 1 1 6 217 5 1682 1683 1684 1685 22 23 1686
280 21 2 1 1 276 469 256 1403 1402 1687 1688 1689 1690 1691
281 21 2 1 1 279 347 293 1692 1693 1694 1695 1696 1697 1698
282 21 2 1 1 294 432 326 1615 1614 1540 1539 1699 1700 1701
283 21 2 1 1 313 450 449 1486 1485 1702 1703 1565 1564 1704
284 21 2 1 1 328 433 356 1705 1706 1707 1708 1709 1710 1711
285 21 2 1 1 331 438 330 1712 1713 1652 1651 1714 1715 1716
286 21 2 1 1 342 461 344 1517 1516 1717 1718 1719 1720 1721
287 21 2 1 1 344 461 422 1718 1717 1447 1446 1722 1723 1724
288 21 2 1 1 347 349 348 1493 1492 1725 1726 1727 1728 1729
289 21 2 1 1 147 218 146 1730 1731 1732 1733 163 164 1734
290 21 2 1 1 305 447 250 1735 1736 1737 1738 1739 1740 1741
291 21 2 1 1 284 440 311 1625 1624 1742 1743 1744 1745 1746
292 21 2 1 1 301 302 298 1747 1748 1749 1750 1751 1752 1753
293 21 2 1 1 311 330 309 1754 1755 1756 1757 1758 1759 1760
294 21 2 1 1 312 355 327 1592 1591 1761 1762 1763 1764 1765
295 21 2 1 1 342 343 315 1766 1767 1768 1769 1770 1771 1772
296 21 2 1 1 355 444 327 772 771 1773 1774 1762 1761 1775
297 21 2 1 1 366 384 331 1776 1777 1778 1779 1780 1781 1782
298 21 2 1 1 375 376 334 1783 1784 1785 1786 1787 1788 1789
299 21 2 1 1 359 427 393 1790 1791 730 729 1792 1793 1794
300 21 2 1 1 380 434 421 1795 1796 1437 1436 1797 1798 1799
301 21 2 1 1 2 201 19 1800 1801 1802 1803 50 51 1804
302 21 2 1 1 12 206 11 1805 1806 1807 1808 34 35 1809
303 21 2 1 1 104 223 103 1810 1811 1812 1813 124 125 1814
304 21 2 1 1 261 284 283 1815 1816 1817 1818 1819 1820 1821
305 21 2 1 1 261 324 284 1822 1823 1627 1626 1816 1815 1824
306 21 2 1 1 279 280 273 1825 1826 1827 1828 1829 1830 1831
307 21 2 1 1 276 462 422 1535 1534 1832 1833 1449 1448 1834
308 21 2 1 1 291 449 306 1635 1634 1835 1836 1837 1838 1839
309 21 2 1 1 347 348 293 1728 1727 1483 1482 1695 1694 1840
310 21 2 1 1 328 329 300 1841 1842 1468 1467 1843 1844 1845
311 21 2 1 1 302 442 318 1846 1847 1503 1502 1848 1849 1850
312 21 2 1 1 305 448 447 1851 1852 1853 1854 1736 1735 1855
313 21 2 1 1 327 353 337 1856 1857 1858 1859 1860 1861 1862
314 21 2 1 1 340 450 383 1863 1864 1865 1866 1867 1868 1869
315 21 2 1 1 349 437 380 1491 1490 1870 1871 1558 1557 1872
316 21 2 1 1 353 386 385 1873 1874 674 673 1875 1876 1877
317 21 2 1 1 387 388 358 725 724 1878 1879 1880 1881 1882
318 21 2 1 1 448 472 454 1883 1884 1885 1886 1887 1888 1889
319 21 2 1 1 59 202 58 1890 1891 829 828 81 82 1892
320 21 2 1 1 100 219 99 1893 1894 1895 1896 116 117 1897
321 21 2 1 1 112 224 111 1898 1899 1900 1901 140 141 1902
322 21 2 1 1 247 267 250 1286 1285 1903 1904 1905 1906 1907
323 21 2 1 1 262 263 259 1908 1909 1910 1911 1912 1913 1914
324 21 2 1 1 262 286 263 1915 1916 1917 1918 1909 1908 1919
325 21 2 1 1 262 287 286 1602 1601 1920 1921 1916 1915 1922
326 21 2 1 1 280 476 273 1510 1509 1923 1924 1828 1827 1925
327 21 2 1 1 295 443 281 1585 1584 1926 1927 1928 1929 1930
328 21 2 1 1 282 297 296 1931 1932 1933 1934 1935 1936 1937
329 21 2 1 1 437 455 285 1454 1453 1938 1939 1610 1609 1940
330 21 2 1 1 287 315 314 1941 1942 1943 1944 1945 1946 1947
331 21 2 1 1 288 477 325 1948 1949 1950 1951 1952 1953 1954
332 21 2 1 1 319 320 295 1955 1956 1587 1586 1957 1958 1959
333 21 2 1 1 365 366 331 1960 1961 1781 1780 1962 1963 1964
334 21 2 1 1 384 438 331 583 582 1713 1712 1779 1778 1965
335 21 2 1 1 335 392 389 1966 1967 1968 1969 1970 1971 1972
336 21 2 1 1 345 374 343 1973 1974 1524 1523 1975 1976 1977
337 21 2 1 1 378 395 394 1978 1979 598 597 1980 1981 1982
338 21 2 1 1 391 478 473 1983 1984 1985 1986 1987 1988 1989
339 21 2 1 1 102 195 101 1990 1991 1992 1993 120 121 1994
340 21 2 1 1 106 205 105 1995 1996 1997 1998 128 129 1999
341 21 2 1 1 157 199 156 2000 2001 2002 2003 183 184 2004
342 21 2 1 1 261 283 260 1820 1819 1369 1368 2005 2006 2007
343 21 2 1 1 263 441 265 2008 2009 1668 1667 2010 2011 2012
344 21 2 1 1 290 464 278 2013 2014 2015 2016 2017 2018 2019
345 21 2 1 1 282 295 281 2020 2021 1929 1928 2022 2023 2024
346 21 2 1 1 284 309 283 2025 2026 2027 2028 1818 1817 2029
347 21 2 1 1 288 313 289 2030 2031 1569 1568 2032 2033 2034
348 21 2 1 1 297 301 298 2035 2036 1752 1751 2037 2038 2039
349 21 2 1 1 297 322 301 2040 2041 2042 2043 2036 2035 2044
350 21 2 1 1 341 442 301 1158 1157 2045 2046 2047 2048 2049
351 21 2 1 1 325 354 313 2050 2051 1488 1487 2052 2053 2054
352 21 2 1 1 325 370 369 2055 2056 2057 2058 2059 2060 2061
353 21 2 1 1 328 356 329 1710 1709 1348 1347 1842 1841 2062
354 21 2 1 1 359 393 332 1793 1792 2063 2064 2065 2066 2067
355 21 2 1 1 449 450 340 1703 1702 1864 1863 2068 2069 2070
356 21 2 1 1 367 368 348 2071 2072 1545 1544 2073 2074 2075
357 21 2 1 1 399 427 359 893 892 1791 1790 2076 2077 2078
358 21 2 1 1 378 394 377 1981 1980 2079 2080 2081 2082 2083
359 21 2 1 1 450 451 383 1374 1373 2084 2085 1866 1865 2086
360 21 2 1 1 463 465 457 2087 2088 2089 2090 2091 2092 2093
361 21 2 1 1 254 255 252 2094 2095 2096 2097 2098 2099 2100
362 21 2 1 1 257 260 256 2101 2102 2103 2104 2105 2106 2107
363 21 2 1 1 260 276 256 1537 1536 1690 1689 2104 2103 2108
364 21 2 1 1 257 261 260 2109 2110 2006 2005 2102 2101 2111
365 21 2 1 1 258 262 259 2112 2113 1913 1912 2114 2115 2116
366 21 2 1 1 258 435 262 2117 2118 1600 1599 2113 2112 2119
367 21 2 1 1 277 278 266 2120 2121 2122 2123 2124 2125 2126
368 21 2 1 1 267 269 268 2127 2128 2129 2130 2131 2132 2133
369 21 2 1 1 267 351 269 1296 1295 2134 2135 2128 2127 2136
370 21 2 1 1 269 270 268 2137 2138 2139 2140 2130 2129 2141
371 21 2 1 1 268 458 305 2142 2143 2144 2145 2146 2147 2148
372 21 2 1 1 271 274 272 2149 2150 2151 2152 2153 2154 2155
373 21 2 1 1 293 294 280 1617 1616 2156 2157 2158 2159 2160
374 21 2 1 1 282 296 295 1936 1935 2161 2162 2021 2020 2163
375 21 2 1 1 297 298 296 2038 2037 2164 2165 1934 1933 2166
376 21 2 1 1 302 316 298 2167 2168 2169 2170 1750 1749 2171
377 21 2 1 1 316 466 298 2172 2173 2174 2175 2170 2169 2176
378 21 2 1 1 301 442 302 2046 2045 1847 1846 1748 1747 2177
379 21 2 1 1 302 317 316 2178 2179 2180 2181 2168 2167 2182
380 21 2 1 1 304 468 303 2183 2184 2185 2186 2187 2188 2189
381 21 2 1 1 307 312 308 1645 1644 2190 2191 2192 2193 2194
382 21 2 1 1 334 453 307 2195 2196 1643 1642 2197 2198 2199
383 21 2 1 1 311 331 330 2200 2201 1715 1714 1755 1754 2202
384 21 2 1 1 311 365 331 2203 2204 1963 1962 2201 2200 2205
385 21 2 1 1 389 390 336 595 594 2206 2207 2208 2209 2210
386 21 2 1 1 377 436 345 2211 2212 2213 2214 2215 2216 2217
387 21 2 1 1 357 387 358 2218 2219 1881 1880 2220 2221 2222
388 21 2 1 1 370 398 397 2223 2224 2225 2226 2227 2228 2229
389 21 2 1 1 434 443 373 1632 1631 1675 1674 1439 1438 2230
390 21 2 1 1 429 452 430 1386 1385 1550 1549 1471 1470 2231
391 21 2 1 1 448 454 447 1888 1887 1663 1662 1854 1853 2232
392 21 2 1 1 467 471 459 2233 2234 2235 2236 2237 2238 2239
393 21 2 1 1 3 203 66 2240 2241 2242 2243 97 98 2244
394 21 2 1 1 16 197 15 2245 2246 2247 2248 42 43 2249
395 21 2 1 1 153 204 152 2250 2251 850 849 175 176 2252
396 21 2 1 1 250 447 248 1738 1737 2253 2254 2255 2256 2257
397 21 2 1 1 267 268 250 2132 2131 2258 2259 1904 1903 2260
398 21 2 1 1 268 305 250 2147 2146 1740 1739 2259 2258 2261
399 21 2 1 1 265 292 277 1672 1671 2262 2263 2264 2265 2266
400 21 2 1 1 272 273 270 2267 2268 2269 2270 2271 2272 2273
401 21 2 1 1 272 455 279 2274 2275 2276 2277 2278 2279 2280
402 21 2 1 1 285 455 274 1939 1938 2281 2282 2283 2284 2285
403 21 2 1 1 287 342 315 1463 1462 1771 1770 1942 1941 2286
404 21 2 1 1 288 325 313 1953 1952 2053 2052 2031 2030 2287
405 21 2 1 1 291 304 303 2288 2289 2188 2187 2290 2291 2292
406 21 2 1 1 294 300 299 2293 2294 1383 1382 2295 2296 2297
407 21 2 1 1 322 341 301 2298 2299 2048 2047 2043 2042 2300
408 21 2 1 1 303 352 350 2301 2302 2303 2304 2305 2306 2307
409 21 2 1 1 352 364 350 1256 1255 2308 2309 2304 2303 2310
410 21 2 1 1 63 198 62 2311 2312 2313 2314 89 90 2315
411 21 2 1 1 248 251 249 2316 2317 2318 2319 2320 2321 2322
412 21 2 1 1 248 447 251 2254 2253 1665 1664 2317 2316 2323
413 21 2 1 1 251 253 252 1500 1499 2324 2325 2326 2327 2328
414 21 2 1 1 253 254 252 2329 2330 2099 2098 2325 2324 2331
415 21 2 1 1 253 257 256 1597 1596 2106 2105 2332 2333 2334
416 21 2 1 1 254 258 255 2335 2336 2337 2338 2095 2094 2339
417 21 2 1 1 255 463 457 2340 2341 2092 2091 2342 2343 2344
418 21 2 1 1 286 441 263 2345 2346 2009 2008 1918 1917 2347
419 21 2 1 1 323 463 264 2348 2349 2350 2351 2352 2353 2354
420 21 2 1 1 273 458 270 2355 2356 2357 2358 2270 2269 2359
421 21 2 1 1 272 279 273 2279 2278 1830 1829 2268 2267 2360
422 21 2 1 1 274 455 272 2282 2281 2275 2274 2152 2151 2361
423 21 2 1 1 277 288 278 2362 2363 2364 2365 2121 2120 2366
424 21 2 1 1 288 289 278 2033 2032 2367 2368 2365 2364 2369
425 21 2 1 1 279 293 280 1697 1696 2159 2158 1826 1825 2370
426 21 2 1 1 309 310 283 2371 2372 1605 1604 2028 2027 2373
427 21 2 1 1 289 291 290 1637 1636 2374 2375 2376 2377 2378
428 21 2 1 1 291 303 290 2291 2290 2379 2380 2375 2374 2381
429 21 2 1 1 298 466 296 2175 2174 2382 2383 2165 2164 2384
430 21 2 1 1 302 318 317 1849 1848 2385 2386 2179 2178 2387
431 21 2 1 1 312 321 308 2388 2389 2390 2391 2191 2190 2392
432 21 2 1 1 312 327 321 1764 1763 2393 2394 2389 2388 2395
433 21 2 1 1 318 338 333 1505 1504 1087 1086 2396 2397 2398
434 21 2 1 1 319 470 361 2399 2400 2401 2402 2403 2404 2405
435 21 2 1 1 361 372 320 2406 2407 2408 2409 2410 2411 2412
436 21 2 1 1 327 337 321 1861 1860 1206 1205 2394 2393 2413
437 21 2 1 1 326 371 328 2414 2415 2416 2417 2418 2419 2420
438 21 2 1 1 327 444 353 1774 1773 2421 2422 1857 1856 2423
439 21 2 1 1 333 359 332 2424 2425 2066 2065 2426 2427 2428
440 21 2 1 1 340 375 334 2429 2430 1788 1787 2431 2432 2433
441 21 2 1 1 353 362 337 2434 2435 1131 1130 1859 1858 2436
442 21 2 1 1 344 346 345 2437 2438 2439 2440 2441 2442 2443
443 21 2 1 1 351 471 467 2444 2445 2234 2233 2446 2447 2448
444 21 2 1 1 353 444 386 2422 2421 567 566 1874 1873 2449
445 21 2 1 1 360 399 359 2450 2451 2077 2076 2452 2453 2454
446 21 2 1 1 360 400 399 1090 1089 1012 1011 2451 2450 2455
447 21 2 1 1 361 396 372 2456 2457 2458 2459 2407 2406 2460
448 21 2 1 1 380 381 379 2461 2462 2463 2464 1560 1559 2465
449 21 2 1 1 57 216 56 834 833 2466 2467 77 78 2468
450 21 2 1 1 249 420 246 2469 2470 1391 1390 2471 2472 2473
451 21 2 1 1 251 252 249 2327 2326 2474 2475 2319 2318 2476
452 21 2 1 1 252 457 249 2477 2478 2479 2480 2475 2474 2481
453 21 2 1 1 255 457 252 2343 2342 2478 2477 2097 2096 2482
454 21 2 1 1 454 472 257 1886 1885 2483 2484 1595 1594 2485
455 21 2 1 1 263 264 259 2486 2487 2488 2489 1911 1910 2490
456 21 2 1 1 263 265 264 2011 2010 2491 2492 2487 2486 2493
457 21 2 1 1 270 458 268 2358 2357 2143 2142 2140 2139 2494
458 21 2 1 1 351 467 269 2447 2446 2495 2496 2135 2134 2497
459 21 2 1 1 271 272 270 2154 2153 2272 2271 2498 2499 2500
460 21 2 1 1 271 275 274 2501 2502 2503 2504 2150 2149 2505
461 21 2 1 1 281 285 274 2506 2507 2284 2283 2508 2509 2510
462 21 2 1 1 279 455 347 2277 2276 1452 1451 1693 1692 2511
463 21 2 1 1 294 326 300 1700 1699 2512 2513 2294 2293 2514
464 21 2 1 1 297 459 322 2515 2516 2517 2518 2041 2040 2519
465 21 2 1 1 307 308 304 2193 2192 2520 2521 2522 2523 2524
466 21 2 1 1 308 468 304 2525 2526 2184 2183 2521 2520 2527
467 21 2 1 1 306 449 340 1836 1835 2069 2068 2528 2529 2530
468 21 2 1 1 319 361 320 2404 2403 2411 2410 1956 1955 2531
469 21 2 1 1 372 373 320 2532 2533 1677 1676 2409 2408 2534
470 21 2 1 1 335 389 336 1971 1970 2209 2208 2535 2536 2537
471 21 2 1 1 349 367 348 2538 2539 2074 2073 1726 1725 2540
472 21 2 1 1 353 385 362 1876 1875 962 961 2435 2434 2541
473 21 2 1 1 380 437 434 1871 1870 1608 1607 1796 1795 2542
474 21 2 1 1 458 476 475 2543 2544 2545 2546 2547 2548 2549
475 21 2 1 1 247 250 248 1906 1905 2256 2255 2550 2551 2552
476 21 2 1 1 258 259 255 2115 2114 2553 2554 2338 2337 2555
477 21 2 1 1 265 266 264 2556 2557 2558 2559 2492 2491 2560
478 21 2 1 1 266 323 264 2561 2562 2353 2352 2559 2558 2563
479 21 2 1 1 278 464 266 2016 2015 2564 2565 2123 2122 2566
480 21 2 1 1 275 282 281 2567 2568 2023 2022 2569 2570 2571
481 21 2 1 1 289 290 278 2377 2376 2018 2017 2368 2367 2572
482 21 2 1 1 281 443 285 1927 1926 1630 1629 2507 2506 2573
483 21 2 1 1 284 311 309 1745 1744 1759 1758 2026 2025 2574
484 21 2 1 1 303 350 290 2306 2305 2575 2576 2380 2379 2577
485 21 2 1 1 350 464 290 2578 2579 2014 2013 2576 2575 2580
486 21 2 1 1 291 306 304 1838 1837 2581 2582 2289 2288 2583
487 21 2 1 1 306 334 307 2584 2585 2198 2197 2586 2587 2588
488 21 2 1 1 306 340 334 2529 2528 2432 2431 2585 2584 2589
489 21 2 1 1 321 339 308 1165 1164 2590 2591 2391 2390 2592
490 21 2 1 1 311 440 365 1743 1742 1527 1526 2204 2203 2593
491 21 2 1 1 376 453 334 874 873 2196 2195 1786 1785 2594
492 21 2 1 1 342 344 343 1720 1719 2595 2596 1767 1766 2597
493 21 2 1 1 344 422 346 1723 1722 2598 2599 2438 2437 2600
494 21 2 1 1 346 377 345 2601 2602 2216 2215 2440 2439 2603
495 21 2 1 1 380 421 381 1798 1797 2604 2605 2462 2461 2606
496 21 2 1 1 248 249 246 2321 2320 2472 2471 2607 2608 2609
497 21 2 1 1 253 256 254 2333 2332 2610 2611 2330 2329 2612
498 21 2 1 1 259 463 255 2613 2614 2341 2340 2554 2553 2615
499 21 2 1 1 264 463 259 2351 2350 2614 2613 2489 2488 2616
500 21 2 1 1 266 464 323 2565 2564 2617 2618 2562 2561 2619
501 21 2 1 1 269 271 270 2620 2621 2499 2498 2138 2137 2622
502 21 2 1 1 275 281 274 2570 2569 2509 2508 2504 2503 2623
503 21 2 1 1 275 459 282 2624 2625 2626 2627 2568 2567 2628
504 21 2 1 1 275 467 459 2629 2630 2238 2237 2625 2624 2631
505 21 2 1 1 282 459 297 2627 2626 2516 2515 1932 1931 2632
506 21 2 1 1 306 307 304 2587 2586 2523 2522 2582 2581 2633
507 21 2 1 1 358 466 316 2634 2635 2173 2172 2636 2637 2638
508 21 2 1 1 318 332 317 2639 2640 2641 2642 2386 2385 2643
509 21 2 1 1 322 363 341 2644 2645 1170 1169 2299 2298 2646
510 21 2 1 1 323 465 463 2647 2648 2088 2087 2349 2348 2649
511 21 2 1 1 371 433 328 2650 2651 1706 1705 2417 2416 2652
512 21 2 1 1 345 436 374 2214 2213 2653 2654 1974 1973 2655
513 21 2 1 1 422 456 346 2656 2657 2658 2659 2599 2598 2660
514 21 2 1 1 349 379 367 1562 1561 2661 2662 2539 2538 2663
515 21 2 1 1 457 465 420 2090 2089 1316 1315 2664 2665 2666
516 21 2 1 1 10 213 9 2667 2668 2669 2670 30 31 2671
517 21 2 1 1 18 209 17 2672 2673 2674 2675 46 47 2676
518 21 2 1 1 271 467 275 2677 2678 2630 2629 2502 2501 2679
519 21 2 1 1 277 477 288 2680 2681 1949 1948 2363 2362 2682
520 21 2 1 1 296 466 319 2383 2382 2683 2684 2685 2686 2687
521 21 2 1 1 326 328 300 2419 2418 1844 1843 2513 2512 2688
522 21 2 1 1 458 475 305 2548 2547 2689 2690 2145 2144 2691
523 21 2 1 1 325 477 370 1951 1950 2692 2693 2056 2055 2694
524 21 2 1 1 326 431 371 1542 1541 2695 2696 2415 2414 2697
525 21 2 1 1 344 345 343 2442 2441 1976 1975 2596 2595 2698
526 21 2 1 1 423 424 366 1328 1327 2699 2700 2701 2702 2703
527 21 2 1 1 379 406 367 2704 2705 2706 2707 2662 2661 2708
528 21 2 1 1 370 397 369 2228 2227 2709 2710 2058 2057 2711
529 21 2 1 1 390 403 391 634 633 2712 2713 2714 2715 2716
530 21 2 1 1 473 478 441 1986 1985 2717 2718 2719 2720 2721
531 21 2 1 1 249 457 420 2480 2479 2665 2664 2470 2469 2722
532 21 2 1 1 265 277 266 2265 2264 2125 2124 2557 2556 2723
533 21 2 1 1 269 467 271 2496 2495 2678 2677 2621 2620 2724
534 21 2 1 1 296 319 295 2686 2685 1958 1957 2162 2161 2725
535 21 2 1 1 303 468 352 2186 2185 1233 1232 2302 2301 2726
536 21 2 1 1 339 468 308 1259 1258 2526 2525 2591 2590 2727
537 21 2 1 1 466 470 319 2728 2729 2400 2399 2684 2683 2730
538 21 2 1 1 340 383 375 1868 1867 2731 2732 2430 2429 2733
539 21 2 1 1 346 456 378 2659 2658 2734 2735 2736 2737 2738
540 21 2 1 1 372 382 373 2739 2740 1362 1361 2533 2532 2741
541 21 2 1 1 65 212 64 2742 2743 2744 2745 93 94 2746
542 21 2 1 1 151 222 150 847 846 2747 2748 171 172 2749
543 21 2 1 1 294 299 280 2296 2295 1512 1511 2157 2156 2750
544 21 2 1 1 335 336 314 2536 2535 2751 2752 2753 2754 2755
545 21 2 1 1 464 474 323 2756 2757 2758 2759 2618 2617 2760
546 21 2 1 1 257 472 261 2484 2483 2761 2762 2110 2109 2763
547 21 2 1 1 287 314 286 1946 1945 2764 2765 1921 1920 2766
548 21 2 1 1 317 357 316 2767 2768 2769 2770 2181 2180 2771
549 21 2 1 1 357 358 316 2221 2220 2637 2636 2770 2769 2772
550 21 2 1 1 335 460 392 2773 2774 2775 2776 1967 1966 2777
551 21 2 1 1 364 474 350 1311 1310 2778 2779 2309 2308 2780
552 21 2 1 1 350 474 464 2779 2778 2757 2756 2579 2578 2781
553 21 2 1 1 365 423 366 1427 1426 2702 2701 1961 1960 2782
554 21 2 1 1 261 472 324 2762 2761 2783 2784 1823 1822 2785
555 21 2 1 1 318 333 332 2397 2396 2427 2426 2640 2639 2786
556 21 2 1 1 391 473 336 1988 1987 2787 2788 2789 2790 2791
557 21 2 1 1 346 378 377 2737 2736 2082 2081 2602 2601 2792
558 21 2 1 1 422 462 456 1833 1832 1418 1417 2657 2656 2793
559 21 2 1 1 441 478 292 2718 2717 2794 2795 1670 1669 2796
560 21 2 1 1 315 335 314 2797 2798 2754 2753 1944 1943 2799
561 21 2 1 1 459 471 322 2236 2235 2800 2801 2518 2517 2802
562 21 2 1 1 333 360 359 1128 1127 2453 2452 2425 2424 2803
563 21 2 1 1 358 470 466 2804 2805 2729 2728 2635 2634 2806
564 21 2 1 1 475 482 448 1353 1352 2807 2808 2809 2810 2811
565 21 2 1 1 247 248 246 2551 2550 2608 2607 2812 2813 2814
566 21 2 1 1 336 473 314 2788 2787 2815 2816 2752 2751 2817
567 21 2 1 1 390 391 336 2715 2714 2790 2789 2207 2206 2818
568 21 2 1 1 475 476 430 2546 2545 1640 1639 1355 1354 2819
569 21 2 1 1 322 471 363 2801 2800 2820 2821 2645 2644 2822
570 21 2 1 1 323 474 465 2759 2758 1308 1307 2648 2647 2823
571 21 2 1 1 256 469 254 1688 1687 2824 2825 2611 2610 2826
572 21 2 1 1 343 460 315 1522 1521 2827 2828 1769 1768 2829
573 21 2 1 1 325 369 354 2060 2059 2830 2831 2051 2050 2832
574 21 2 1 1 478 481 480 2833 2834 2835 2836 2837 2838 2839
575 21 2 1 1 305 475 448 2690 2689 2810 2809 1852 1851 2840
576 21 2 1 1 315 460 335 2828 2827 2774 2773 2798 2797 2841
577 21 2 1 1 273 476 458 1924 1923 2544 2543 2356 2355 2842
578 21 2 1 1 314 473 286 2816 2815 2843 2844 2765 2764 2845
579 21 2 1 1 286 473 441 2844 2843 2720 2719 2346 2345 2846
580 21 2 1 1 254 469 258 2825 2824 2847 2848 2336 2335 2849
581 21 2 1 1 258 469 435 2848 2847 1655 1654 2118 2117 2850
582 21 2 1 1 292 477 277 2851 2852 2681 2680 2263 2262 2853
583 21 2 1 1 388 470 358 2854 2855 2805 2804 1879 1878 2856
584 21 2 1 1 292 480 477 2857 2858 2859 2860 2852 2851 2861
585 21 2 1 1 478 480 292 2838 2837 2858 2857 2795 2794 2862
586 21 2 1 1 324 482 452 2863 2864 1548 1547 1343 1342 2865
587 21 2 1 1 403 481 391 2866 2867 2868 2869 2713 2712 2870
588 21 2 1 1 448 482 472 2808 2807 2871 2872 1884 1883 2873
589 21 2 1 1 391 481 478 2869 2868 2834 2833 1984 1983 2874
590 21 2 1 1 480 481 398 2836 2835 2875 2876 2877 2878 2879
591 21 2 1 1 370 480 398 2880 2881 2878 2877 2224 2223 2882
592 21 2 1 1 472 482 324 2872 2871 2864 2863 2784 2783 2883
593 21 2 1 1 477 480 370 2860 2859 2881 2880 2693 2692 2884
594 21 2 1 1 244 247 246 1301 1300 2813 2812 2885 2886 2887
595 21 2 1 1 244 246 245 2886 2885 1393 1392 2888 2889 2890
596 21 2 1 1 426 483 351 1289 1288 2891 2892 1294 1293 2893
597 21 2 1 1 351 483 471 2892 2891 2894 2895 2445 2444 2896
598 21 2 1 1 243 426 244 1291 1290 1299 1298 2897 2898 2899
599 21 2 1 1 244 245 242 2889 2888 1279 1278 2900 2901 2902
600 21 2 1 1 471 483 363 2895 2894 1236 1235 2821 2820 2903
601 21 2 1 1 243 244 242 2898 2897 2901 2900 2904 2905 2906
602 21 2 1 1 240 243 242 1241 1240 2905 2904 2907 2908 2909
603 21 2 1 1 242 419 241 1277 1276 1262 1261 2910 2911 2912
604 21 2 1 1 241 417 413 1264 1263 2913 2914 2915 2916 2917
605 21 2 1 1 240 242 241 2908 2907 2911 2910 2918 2919 2920
606 21 2 1 1 241 413 238 2916 2915 1217 1216 2921 2922 2923
607 21 2 1 1 417 484 413 1244 1243 1196 1195 2914 2913 2924
608 21 2 1 1 239 418 240 1173 1172 1239 1238 2925 2926 2927
609 21 2 1 1 240 241 238 2919 2918 2922 2921 2928 2929 2930
610 21 2 1 1 239 240 238 2926 2925 2929 2928 2931 2932 2933
611 21 2 1 1 236 239 238 1185 1184 2932 2931 2934 2935 2936
612 21 2 1 1 237 414 410 1209 1208 2937 2938 2939 2940 2941
613 21 2 1 1 237 410 234 2940 2939 1142 1141 2942 2943 2944
614 21 2 1 1 236 238 237 2935 2934 1219 1218 2945 2946 2947
615 21 2 1 1 414 485 410 1188 1187 1134 1133 2938 2937 2948
616 21 2 1 1 235 411 236 1100 1099 1183 1182 2949 2950 2951
617 21 2 1 1 236 237 234 2946 2945 2943 2942 2952 2953 2954
618 21 2 1 1 411 486 416 1078 1077 1193 1192 1178 1177 2955
619 21 2 1 1 235 236 234 2950 2949 2953 2952 2956 2957 2958
620 21 2 1 1 232 235 234 1110 1109 2957 2956 2959 2960 2961
621 21 2 1 1 232 234 233 2960 2959 1144 1143 2962 2963 2964
622 21 2 1 1 231 408 232 2965 2966 1108 1107 2967 2968 2969
623 21 2 1 1 232 233 230 2963 2962 1066 1065 2970 2971 2972
624 21 2 1 1 231 487 408 1039 1038 1125 1124 2966 2965 2973
625 21 2 1 1 408 488 412 1123 1122 1113 1112 1103 1102 2974
626 21 2 1 1 231 232 230 2968 2967 2971 2970 2975 2976 2977
627 21 2 1 1 230 409 229 1064 1063 945 944 2978 2979 2980
628 21 2 1 1 228 231 230 1051 1050 2976 2975 2981 2982 2983
629 21 2 1 1 228 230 229 2982 2981 2979 2978 2984 2985 2986
630 21 2 1 1 228 229 227 2985 2984 2987 2988 2989 2990 2991
631 21 2 1 1 226 407 228 2992 2993 1049 1048 2994 2995 2996
632 21 2 1 1 402 521 439 844 843 2997 2998 2999 3000 3001
633 21 2 1 1 361 489 396 3002 3003 923 922 2457 2456 3004
634 21 2 1 1 388 489 470 3005 3006 3007 3008 2855 2854 3009
635 21 2 1 1 470 489 361 3008 3007 3003 3002 2402 2401 3010
636 21 2 1 1 226 228 227 2995 2994 2990 2989 3011 3012 3013
637 21 2 1 1 216 500 388 832 831 3014 3015 723 722 3016
638 21 2 1 1 503 542 211 784 783 737 736 3017 3018 3019
639 21 2 1 1 376 498 446 3020 3021 3022 3023 876 875 3024
640 21 2 1 1 317 490 357 3025 3026 3027 3028 2768 2767 3029
641 21 2 1 1 393 490 332 1034 1033 3030 3031 2064 2063 3032
642 21 2 1 1 492 528 209 997 996 918 917 3033 3034 3035
643 21 2 1 1 389 551 222 3036 3037 3038 3039 578 577 3040
644 21 2 1 1 226 227 197 3012 3011 3041 3042 3043 3044 3045
645 21 2 1 1 332 490 317 3031 3030 3026 3025 2642 2641 3046
646 21 2 1 1 460 494 392 3047 3048 913 912 2776 2775 3049
647 21 2 1 1 394 509 207 631 630 3050 3051 3052 3053 3054
648 21 2 1 1 202 523 396 3055 3056 744 743 927 926 3057
649 21 2 1 1 438 491 439 713 712 3058 3059 1648 1647 3060
650 21 2 1 1 354 495 451 3061 3062 644 643 1372 1371 3063
651 21 2 1 1 495 531 504 3064 3065 3066 3067 985 984 3068
652 21 2 1 1 481 496 398 3069 3070 3071 3072 2876 2875 3073
653 21 2 1 1 207 537 394 3074 3075 3076 3077 3053 3052 3078
654 21 2 1 1 212 547 502 881 880 898 897 3079 3080 3081
655 21 2 1 1 497 515 219 779 778 3082 3083 3084 3085 3086
656 21 2 1 1 431 493 371 3087 3088 3089 3090 2696 2695 3091
657 21 2 1 1 374 494 460 3092 3093 3048 3047 1520 1519 3094
658 21 2 1 1 203 518 406 980 979 3095 3096 3097 3098 3099
659 21 2 1 1 357 520 387 3100 3101 637 636 2219 2218 3102
660 21 2 1 1 406 518 367 3096 3095 3103 3104 2707 2706 3105
661 21 2 1 1 227 513 197 910 909 3106 3107 3042 3041 3108
662 21 2 1 1 493 497 219 3109 3110 3085 3084 3111 3112 3113
663 21 2 1 1 431 497 493 3114 3115 3110 3109 3088 3087 3116
664 21 2 1 1 369 495 354 3117 3118 3062 3061 2831 2830 3119
665 21 2 1 1 403 496 481 703 702 3070 3069 2867 2866 3120
666 21 2 1 1 309 521 310 3121 3122 720 719 2372 2371 3123
667 21 2 1 1 439 521 330 2998 2997 3124 3125 1650 1649 3126
668 21 2 1 1 368 497 431 3127 3128 3115 3114 1434 1433 3129
669 21 2 1 1 356 524 424 3130 3131 3132 3133 1326 1325 3134
670 21 2 1 1 395 526 402 3135 3136 842 841 1007 1006 3137
671 21 2 1 1 436 537 511 3138 3139 3140 3141 802 801 3142
672 21 2 1 1 199 531 397 3143 3144 3145 3146 760 759 3147
673 21 2 1 1 446 498 196 3023 3022 3148 3149 955 954 3150
674 21 2 1 1 310 526 456 718 717 3151 3152 1422 1421 3153
675 21 2 1 1 378 526 395 3154 3155 3136 3135 1979 1978 3156
676 21 2 1 1 226 528 407 765 764 3157 3158 2993 2992 3159
677 21 2 1 1 196 533 445 3160 3161 3162 3163 957 956 3164
678 21 2 1 1 445 533 213 3163 3162 3165 3166 619 618 3167
679 21 2 1 1 366 527 384 3168 3169 612 611 1777 1776 3170
680 21 2 1 1 388 500 489 3015 3014 3171 3172 3006 3005 3173
681 21 2 1 1 225 226 197 767 766 3044 3043 3174 3175 3176
682 21 2 1 1 193 520 428 681 680 3177 3178 3179 3180 3181
683 21 2 1 1 489 500 202 3172 3171 827 826 925 924 3182
684 21 2 1 1 439 544 402 3183 3184 3185 3186 3000 2999 3187
685 21 2 1 1 368 518 497 3188 3189 775 774 3128 3127 3190
686 21 2 1 1 382 534 421 555 554 3191 3192 1358 1357 3193
687 21 2 1 1 200 544 491 3194 3195 3196 3197 3198 3199 3200
688 21 2 1 1 394 537 377 3077 3076 3201 3202 2080 2079 3203
689 21 2 1 1 396 542 372 739 738 3204 3205 2459 2458 3206
690 21 2 1 1 379 547 406 3207 3208 879 878 2705 2704 3209
691 21 2 1 1 496 505 215 701 700 3210 3211 3212 3213 3214
692 21 2 1 1 371 539 433 3215 3216 656 655 2651 2650 3217
693 21 2 1 1 436 540 374 1004 1003 3218 3219 2654 2653 3220
694 21 2 1 1 200 536 401 3221 3222 3223 3224 3225 3226 3227
695 21 2 1 1 64 502 63 3228 3229 3230 3231 91 92 3232
696 21 2 1 1 17 225 16 3233 3234 3235 3236 44 45 3237
697 21 2 1 1 209 225 17 920 919 3234 3233 2675 2674 3238
698 21 2 1 1 105 517 104 3239 3240 3241 3242 126 127 3243
699 21 2 1 1 212 502 64 3080 3079 3229 3228 2745 2744 3244
700 21 2 1 1 149 507 194 3245 3246 749 748 1578 1577 3247
701 21 2 1 1 153 505 204 3248 3249 696 695 2251 2250 3250
702 21 2 1 1 150 507 149 3251 3252 3246 3245 169 170 3253
703 21 2 1 1 156 506 155 3254 3255 3256 3257 181 182 3258
704 21 2 1 1 155 506 215 3257 3256 3259 3260 1620 1619 3261
705 21 2 1 1 154 505 153 3262 3263 3249 3248 177 178 3264
706 21 2 1 1 220 504 158 987 986 3265 3266 1476 1475 3267
707 21 2 1 1 16 225 197 3236 3235 3175 3174 2246 2245 3268
708 21 2 1 1 63 502 198 3231 3230 1015 1014 2312 2311 3269
709 21 2 1 1 1 508 208 3270 3271 3272 3273 1680 1679 3274
710 21 2 1 1 56 510 55 3275 3276 3277 3278 75 76 3279
711 21 2 1 1 216 510 56 809 808 3276 3275 2467 2466 3280
712 21 2 1 1 104 517 223 3242 3241 3281 3282 1811 1810 3283
713 21 2 1 1 215 505 154 3211 3210 3263 3262 1622 1621 3284
714 21 2 1 1 157 504 199 3285 3286 3287 3288 2001 2000 3289
715 21 2 1 1 55 510 193 3278 3277 683 682 1396 1395 3290
716 21 2 1 1 3 515 203 3291 3292 982 981 2241 2240 3293
717 21 2 1 1 198 503 62 590 589 3294 3295 2314 2313 3296
718 21 2 1 1 222 507 150 3297 3298 3252 3251 2748 2747 3299
719 21 2 1 1 158 504 157 3266 3265 3286 3285 185 186 3300
720 21 2 1 1 221 512 107 666 665 3301 3302 1532 1531 3303
721 21 2 1 1 14 513 214 3304 3305 1028 1027 1442 1441 3306
722 21 2 1 1 107 512 106 3302 3301 3307 3308 130 131 3309
723 21 2 1 1 112 509 224 3310 3311 629 628 1899 1898 3312
724 21 2 1 1 113 509 112 3313 3314 3311 3310 142 143 3315
725 21 2 1 1 219 515 99 3083 3082 3316 3317 1896 1895 3318
726 21 2 1 1 223 516 103 932 931 3319 3320 1813 1812 3321
727 21 2 1 1 205 517 105 903 902 3240 3239 1998 1997 3322
728 21 2 1 1 106 512 205 3308 3307 605 604 1996 1995 3323
729 21 2 1 1 207 509 113 3051 3050 3314 3313 1575 1574 3324
730 21 2 1 1 194 514 148 3325 3326 3327 3328 1580 1579 3329
731 21 2 1 1 199 506 156 758 757 3255 3254 2003 2002 3330
732 21 2 1 1 197 513 15 3107 3106 3331 3332 2248 2247 3333
733 21 2 1 1 15 513 14 3332 3331 3305 3304 40 41 3334
734 21 2 1 1 99 515 3 3317 3316 3292 3291 114 115 3335
735 21 2 1 1 5 508 1 3336 3337 3271 3270 20 21 3338
736 21 2 1 1 4 511 207 3339 3340 3341 3342 1573 1572 3343
737 21 2 1 1 146 511 4 3344 3345 3340 3339 161 162 3346
738 21 2 1 1 217 508 5 1025 1024 3337 3336 1685 1684 3347
739 21 2 1 1 61 503 211 3348 3349 3018 3017 1413 1412 3350
740 21 2 1 1 147 514 218 3351 3352 3353 3354 1731 1730 3355
741 21 2 1 1 218 511 146 804 803 3345 3344 1733 1732 3356
742 21 2 1 1 62 503 61 3295 3294 3349 3348 87 88 3357
743 21 2 1 1 148 514 147 3328 3327 3352 3351 165 166 3358
744 21 2 1 1 103 516 102 3320 3319 3359 3360 122 123 3361
745 21 2 1 1 102 516 195 3360 3359 560 559 1991 1990 3362
746 21 2 1 1 367 518 368 3104 3103 3189 3188 2072 2071 3363
747 21 2 1 1 491 544 439 3197 3196 3184 3183 3059 3058 3364
748 21 2 1 1 498 543 217 3365 3366 1023 1022 3367 3368 3369
749 21 2 1 1 10 519 213 3370 3371 812 811 2668 2667 3372
750 21 2 1 1 206 519 11 935 934 3373 3374 1808 1807 3375
751 21 2 1 1 496 535 398 3376 3377 3378 3379 3072 3071 3380
752 21 2 1 1 494 514 194 3381 3382 3326 3325 915 914 3383
753 21 2 1 1 201 530 427 3384 3385 1018 1017 891 890 3386
754 21 2 1 1 11 519 10 3374 3373 3371 3370 32 33 3387
755 21 2 1 1 229 525 227 3388 3389 906 905 2988 2987 3390
756 21 2 1 1 424 545 527 3391 3392 858 857 3393 3394 3395
757 21 2 1 1 195 522 101 3396 3397 3398 3399 1993 1992 3400
758 21 2 1 1 100 522 219 3401 3402 3403 3404 1894 1893 3405
759 21 2 1 1 211 523 60 746 745 3406 3407 1415 1414 3408
760 21 2 1 1 59 523 202 3409 3410 3056 3055 1891 1890 3411
761 21 2 1 1 428 520 490 3178 3177 3412 3413 1032 1031 3414
762 21 2 1 1 428 538 193 3415 3416 3417 3418 3180 3179 3419
763 21 2 1 1 401 536 224 3224 3223 3420 3421 839 838 3422
764 21 2 1 1 210 538 428 3423 3424 3416 3415 822 821 3425
765 21 2 1 1 490 520 357 3413 3412 3101 3100 3028 3027 3426
766 21 2 1 1 330 521 309 3125 3124 3122 3121 1757 1756 3427
767 21 2 1 1 101 522 100 3399 3398 3402 3401 118 119 3428
768 21 2 1 1 60 523 59 3407 3406 3410 3409 83 84 3429
769 21 2 1 1 406 529 203 888 887 3430 3431 3098 3097 3432
770 21 2 1 1 433 524 356 663 662 3131 3130 1708 1707 3433
771 21 2 1 1 65 529 212 3434 3435 886 885 2743 2742 3436
772 21 2 1 1 203 529 66 3431 3430 3437 3438 2243 2242 3439
773 21 2 1 1 215 535 496 3440 3441 3377 3376 3213 3212 3442
774 21 2 1 1 402 544 401 3186 3185 3443 3444 1009 1008 3445
775 21 2 1 1 219 522 493 3404 3403 3446 3447 3112 3111 3448
776 21 2 1 1 210 530 52 1020 1019 3449 3450 1410 1409 3451
777 21 2 1 1 2 530 201 3452 3453 3385 3384 1801 1800 3454
778 21 2 1 1 405 525 229 950 949 3389 3388 947 946 3455
779 21 2 1 1 376 543 498 3456 3457 3366 3365 3021 3020 3458
780 21 2 1 1 8 533 196 3459 3460 3161 3160 1553 1552 3461
781 21 2 1 1 213 533 9 3166 3165 3462 3463 2670 2669 3464
782 21 2 1 1 397 531 369 3146 3145 3465 3466 2710 2709 3467
783 21 2 1 1 404 541 214 3468 3469 3470 3471 942 941 3472
784 21 2 1 1 206 541 404 3473 3474 3469 3468 706 705 3475
785 21 2 1 1 224 536 111 3421 3420 3476 3477 1901 1900 3478
786 21 2 1 1 110 536 200 3479 3480 3222 3221 1658 1657 3481
787 21 2 1 1 491 546 200 3482 3483 3484 3485 3199 3198 3486
788 21 2 1 1 193 538 54 3418 3417 3487 3488 1398 1397 3489
789 21 2 1 1 53 538 210 3490 3491 3424 3423 1408 1407 3492
790 21 2 1 1 456 526 378 3152 3151 3155 3154 2735 2734 3493
791 21 2 1 1 217 549 498 3494 3495 3496 3497 3368 3367 3498
792 21 2 1 1 214 541 13 3471 3470 3499 3500 1444 1443 3501
793 21 2 1 1 12 541 206 3502 3503 3474 3473 1806 1805 3504
794 21 2 1 1 108 546 221 3505 3506 3507 3508 1530 1529 3509
795 21 2 1 1 200 546 109 3485 3484 3510 3511 1660 1659 3512
796 21 2 1 1 196 549 7 3513 3514 3515 3516 1555 1554 3517
797 21 2 1 1 6 549 217 3518 3519 3495 3494 1683 1682 3520
798 21 2 1 1 18 548 209 3521 3522 3523 3524 2673 2672 3525
799 21 2 1 1 201 548 19 3526 3527 3528 3529 1803 1802 3530
800 21 2 1 1 221 546 491 3508 3507 3483 3482 711 710 3531
801 21 2 1 1 209 548 492 3524 3523 3532 3533 3034 3033 3534
802 21 2 1 1 492 548 201 3533 3532 3527 3526 992 991 3535
803 21 2 1 1 424 527 366 3394 3393 3169 3168 2700 2699 3536
804 21 2 1 1 407 528 400 3158 3157 995 994 1046 1045 3537
805 21 2 1 1 401 544 200 3444 3443 3195 3194 3226 3225 3538
806 21 2 1 1 66 529 65 3438 3437 3435 3434 95 96 3539
807 21 2 1 1 398 535 397 3379 3378 975 974 2226 2225 3540
808 21 2 1 1 498 549 196 3497 3496 3514 3513 3149 3148 3541
809 21 2 1 1 195 539 522 658 657 3542 3543 3397 3396 3544
810 21 2 1 1 52 530 2 3450 3449 3453 3452 67 68 3545
811 21 2 1 1 369 531 495 3466 3465 3065 3064 3118 3117 3546
812 21 2 1 1 508 532 208 969 968 3547 3548 3273 3272 3549
813 21 2 1 1 522 539 493 3543 3542 3550 3551 3447 3446 3552
814 21 2 1 1 383 532 375 3553 3554 3555 3556 2732 2731 3557
815 21 2 1 1 9 533 8 3463 3462 3460 3459 28 29 3558
816 21 2 1 1 421 534 381 3192 3191 787 786 2605 2604 3559
817 21 2 1 1 532 543 375 967 966 3560 3561 3556 3555 3562
818 21 2 1 1 451 550 383 3563 3564 3565 3566 2085 2084 3567
819 21 2 1 1 111 536 110 3477 3476 3480 3479 138 139 3568
820 21 2 1 1 511 537 207 3141 3140 3075 3074 3342 3341 3569
821 21 2 1 1 377 537 436 3202 3201 3139 3138 2212 2211 3570
822 21 2 1 1 54 538 53 3488 3487 3491 3490 71 72 3571
823 21 2 1 1 524 545 424 3572 3573 3392 3391 3133 3132 3574
824 21 2 1 1 13 541 12 3500 3499 3503 3502 36 37 3575
825 21 2 1 1 372 542 382 3205 3204 782 781 2740 2739 3576
826 21 2 1 1 375 543 376 3561 3560 3457 3456 1784 1783 3577
827 21 2 1 1 494 540 514 3578 3579 3580 3581 3382 3381 3582
828 21 2 1 1 109 546 108 3511 3510 3506 3505 134 135 3583
829 21 2 1 1 381 547 379 900 899 3208 3207 2464 2463 3584
830 21 2 1 1 19 548 18 3529 3528 3522 3521 48 49 3585
831 21 2 1 1 7 549 6 3516 3515 3519 3518 24 25 3586
832 21 2 1 1 392 551 389 819 818 3037 3036 1969 1968 3587
833 21 2 1 1 532 550 208 3588 3589 3590 3591 3548 3547 3592
834 21 2 1 1 504 531 199 3067 3066 3144 3143 3288 3287 3593
835 21 2 1 1 493 539 371 3551 3550 3216 3215 3090 3089 3594
836 21 2 1 1 514 540 218 3581 3580 1002 1001 3354 3353 3595
837 21 2 1 1 374 540 494 3219 3218 3579 3578 3093 3092 3596
838 21 2 1 1 506 535 215 977 976 3441 3440 3260 3259 3597
839 21 2 1 1 222 551 507 3039 3038 817 816 3298 3297 3598
840 21 2 1 1 499 550 451 3599 3600 3564 3563 653 652 3601
841 21 2 1 1 517 545 223 860 859 3602 3603 3282 3281 3604
842 21 2 1 1 383 550 532 3566 3565 3589 3588 3554 3553 3605
843 21 2 1 1 223 545 524 3603 3602 3573 3572 930 929 3606
844 21 2 1 1 208 550 499 3591 3590 3600 3599 797 796 3607
$EndElements
