$MeshFormat
2.2 0 8
$EndMeshFormat
$PhysicalNames
8
2 1 "left"
2 2 "front"
2 3 "bottom"
2 4 "patch"
2 5 "top_rest"
2 6 "right"
2 7 "back"
3 1 "domain"
$EndPhysicalNames
$Nodes
1170
1 0 0 0
2 0 0 50
3 0 25 50
4 0 50 50
5 0 50 0
6 50 0 50
7 50 0 0
8 50 50 50
9 50 50 0
10 25 0 50
11 25 25 50
12 0 0 5
13 0 0 10
14 0 0 15
15 0 0 20
16 0 0 25
17 0 0 30
18 0 0 35
19 0 0 40
20 0 0 45
21 0 5 50
22 0 10 50
23 0 15 50
24 0 20 50
25 0 30 50
26 0 35 50
27 0 40 50
28 0 45 50
29 0 50 5
30 0 50 10
31 0 50 15
32 0 50 20
33 0 50 25
34 0 50 30
35 0 50 35
36 0 50 40
37 0 50 45
38 0 5 0
39 0 10 0
40 0 15 0
41 0 20 0
42 0 25 0
43 0 30 0
44 0 35 0
45 0 40 0
46 0 45 0
47 50 0 5
48 50 0 10
49 50 0 15
50 50 0 20
51 50 0 25
52 50 0 30
53 50 0 35
54 50 0 40
55 50 0 45
56 50 5 50
57 50 10 50
58 50 15 50
59 50 20 50
60 50 25 50
61 50 30 50
62 50 35 50
63 50 40 50
64 50 45 50
65 50 50 5
66 50 50 10
67 50 50 15
68 50 50 20
69 50 50 25
70 50 50 30
71 50 50 35
72 50 50 40
73 50 50 45
74 50 5 0
75 50 10 0
76 50 15 0
77 50 20 0
78 50 25 0
79 50 30 0
80 50 35 0
81 50 40 0
82 50 45 0
83 5 0 0
84 10 0 0
85 15 0 0
86 20 0 0
87 25 0 0
88 30 0 0
89 35 0 0
90 40 0 0
91 45 0 0
92 5 0 50
93 10 0 50
94 15 0 50
95 20 0 50
96 30 0 50
97 35 0 50
98 40 0 50
99 45 0 50
100 5 50 0
101 10 50 0
102 15 50 0
103 20 50 0
104 25 50 0
105 30 50 0
106 35 50 0
107 40 50 0
108 45 50 0
109 5 50 50
110 10 50 50
111 15 50 50
112 20 50 50
113 25 50 50
114 30 50 50
115 35 50 50
116 40 50 50
117 45 50 50
118 25 5 50
119 25 10 50
120 25 15 50
121 25 20 50
122 20 25 50
123 15 25 50
124 10 25 50
125 5 25 50
126 12.21662714353167 20.90733469879357 50
127 12.25830236262855 4.068878904498026 50
128 3.337713240271471 12.29870039137465 50
129 20.66987298107781 12.5 50
130 20.76613977472084 7.521186846404381 50
131 16.76451773204279 9.910999573732283 50
132 16.81894091643698 15.07747627553701 50
133 12.00961894323343 12.5 50
134 20.75942470626264 17.48822782331733 50
135 7.502839415119282 20.76544641308066 50
136 4.702275100556555 7.880872820782058 50
137 17.14215904474357 20.44155343641327 50
138 4.363009988571612 17.10274762669503 50
139 7.644307581603371 4.040769199526618 50
140 17.09651787014288 4.702509108158723 50
141 9.634486976851182 16.70944091744548 50
142 9.721882704758679 7.997576300782538 50
143 7.942092415158056 11.91471216219413 50
144 3.660254037844384 21.33974596215562 50
145 3.660254037844387 3.660254037844387 50
146 21.33974596215562 21.33974596215562 50
147 21.33974596215562 3.660254037844386 50
148 13.5449533895733 17.2424242808471 50
149 13.54691925945237 7.756244394631977 50
150 0 45.66987298107781 27.5
151 0 22.5 4.330127018922193
152 0 4.330127018922193 27.5
153 0 22.50000000000001 45.6698729810778
154 0 32.5 45.66987298107781
155 0 45.66987298107781 17.5
156 0 4.330127018922193 17.5
157 0 32.5 4.330127018922193
158 0 4.092665301206431 37.21662714353167
159 0 45.90733469879358 37.21662714353167
160 0 12.70105983838109 3.979612844817003
161 0 12.5 45.66987298107781
162 0 45.85251297925592 7.529661584966135
163 0 4.14748702074408 7.529661584966133
164 0 42.47881315359561 45.76613977472084
165 0 27.5 45.66987298107781
166 0 25 41.33974596215562
167 0 20.00000000000001 41.33974596215562
168 0 22.5 37.00961894323342
169 0 27.5 37.00961894323343
170 0 25 32.67949192431124
171 0 20.03284930203603 32.69845747768441
172 0 22.53832418570871 28.37149138432443
173 0 27.50638736428478 28.35305265187828
174 0 25.00745192499892 24.02354025737095
175 0 20.1222088299484 23.99542130895835
176 0 30.00230654821395 24.02056957269907
177 0 27.50162641220215 19.69004987706738
178 0 32.43735597462717 28.31319736047691
179 0 32.50065549340268 19.68948931683714
180 0 30.00038031760081 15.35920342509166
181 0 25.00033445496716 15.35917694628779
182 0 35.00017263516725 15.35908351958274
183 0 37.63368305296531 19.9044657619182
184 0 27.50000000000001 11.02885682970028
185 0 22.50000000000001 11.02885682970027
186 0 20.00005574249453 15.35901603156669
187 0 17.50000000000001 11.02885682970027
188 0 15.00000929041576 15.3589892124465
189 0 12.59466241145091 11.08550604988918
190 0 40.76254024679226 15.18462944445731
191 0 37.45166425110834 11.07492173884514
192 0 9.270106523207634 15.16194373284005
193 0 12.86215843135686 19.53769386144126
194 0 7.521186846404381 45.76613977472084
195 0 9.911221461152445 41.76419008706296
196 0 37.49646885893259 45.68591744668498
197 0 34.99941147648877 41.34242003975682
198 0 45.69793034288622 12.53571517157057
199 0 45.77350269189625 22.5
200 0 40.64196726434653 24.5787205502257
201 0 41.59451983934574 30.06961013394197
202 0 14.98520357685876 41.41048664964016
203 0 12.21265682478125 37.01502796786794
204 0 29.99990191274813 41.34019164175582
205 0 22.52194622743519 19.68605254813263
206 0 17.66612659640289 19.61221486898043
207 0 35.00000000000001 24.01923788646685
208 0 4.3075107854471 12.53193421963436
209 0 4.226497308103743 22.5
210 0 8.353285523231346 25.1300005174132
211 0 8.25565945725573 30.05693342794073
212 0 12.56010186459618 28.00818621447728
213 0 4.208390415548067 32.47304292517528
214 0 17.5 4.330127018922195
215 0 27.5 4.330127018922195
216 0 37.29894016161892 3.979612844816999
217 0 32.50000000000002 11.02885682970026
218 0 29.99062388981865 32.67407862457408
219 0 34.71551809030404 32.64090902082399
220 0 32.4509092282266 37.00280620222959
221 0 40.08809192808446 41.76730984426435
222 0 37.85233126832271 37.00142836383991
223 0 17.49753392947646 45.68166309565856
224 0 17.45511828394601 37.02547148748212
225 0 15.20135589091027 32.65365023722853
226 0 45.8153341085685 32.46437287957895
227 0 17.65753685499436 28.24388714566836
228 0 4.706129052251507 42.09023662243491
229 0 45.29377286049662 42.09068230203511
230 0 7.795330506954496 4.692717198848393
231 0 42.20466949304551 4.692717198848396
232 0 7.962876829305051 34.66969748405335
233 0 42.0269384896653 34.66809866011617
234 0 37.16858435182999 28.55224898688503
235 0 8.097344149808691 9.999999999999998
236 0 41.90265585019132 10
237 0 15.49038105676658 23.73611625133717
238 0 8.358154119604775 20.37019538287782
239 0 42.09631324741563 19.93356315132024
240 0 15 7.679491924311233
241 0 30.00000000000001 7.679491924311231
242 0 20.00000000000001 7.679491924311234
243 0 25.00000000000001 7.679491924311236
244 0 34.99999999999999 7.679491924311217
245 0 46.3397459621556 3.660254037844401
246 0 46.3397459621556 46.3397459621556
247 0 3.660254037844387 3.660254037844387
248 0 3.660254037844397 46.3397459621556
249 0 38.7496867421141 32.71160005023125
250 0 11.2385301733697 32.48069906631357
251 0 11.23767938131904 7.487465603573161
252 0 38.77158595119283 7.48534874136435
253 0 11.69583419700814 23.31900072745377
254 0 42.24242428084713 38.54495338957334
255 0 7.757575719152895 38.54495338957329
256 50 22.5 4.330127018922193
257 50 4.238914066107833 27.34201453141715
258 50 27.5 45.66987298107781
259 50 45.31830741429655 23.06366288805715
260 50 4.330127018922193 17.5
261 50 17.5 45.66987298107781
262 50 45.55673803546412 32.5549465074422
263 50 32.62348182379848 4.258834754712116
264 50 4.481480624777138 37.93362827353292
265 50 37.45913491193611 45.69346645067194
266 50 45.66987298107781 12.5
267 50 12.70105983838106 3.979612844817014
268 50 4.147487020744077 7.529661584966133
269 50 42.47881315359561 4.233860225279161
270 50 7.52118684640438 45.76613977472084
271 50 45.47151376279602 42.04087190471299
272 50 32.49318915198935 45.67380522601016
273 50 29.99886485866489 41.34040133631101
274 50 24.99981080977747 41.33985519118151
275 50 27.49977927807372 37.00974637709697
276 50 22.49993168130853 37.00965838704835
277 50 24.9999518265637 32.67951973725765
278 50 29.99995518410623 32.67951779877956
279 50 27.49999999999997 28.34936490538905
280 50 22.49999197109392 28.34936954088013
281 50 24.99999866184894 24.0192386590487
282 50 19.99999843882378 24.01923878781236
283 50 29.99999977697478 24.01923801523048
284 50 27.4999997398039 19.6891110177689
285 50 32.44019964383907 19.72363661927174
286 50 17.49999840165293 28.34936582819516
287 50 14.77670847972016 24.18269854274767
288 50 17.46278448642394 19.7163544604824
289 50 34.93023296117829 24.05951790511106
290 50 29.9900332306071 15.52945154941357
291 50 34.99999999999992 15.35898384862243
292 50 24.99833882840177 15.38739515712503
293 50 27.58681702402373 11.46953445677503
294 50 12.41921235035506 28.50641813461815
295 50 14.98653512533466 32.70566761631714
296 50 12.32303712948699 19.93617011674585
297 50 14.99999999999992 15.35898384862251
298 50 9.999999999999986 32.67949192431129
299 50 12.64278760895299 36.93024743593305
300 50 22.50724114391367 11.23554162244208
301 50 9.450929703068701 15.2376699562461
302 50 12.56131209637872 11.07813729040183
303 50 32.48836465370988 28.35608257570173
304 50 34.99805330630268 32.68061584844138
305 50 37.49999999999999 28.349364905389
306 50 39.88410900909572 23.79920218790165
307 50 40.12591492071358 32.65892167552138
308 50 37.52066137116937 37.00637788912347
309 50 42.55424386412567 37.18347732315927
310 50 42.5190207504958 27.98768302738523
311 50 41.71421715032888 19.07703742454433
312 50 40.04339389694064 41.51256222141099
313 50 22.49352002588371 19.69838698847664
314 50 32.50288566638614 37.00940086865134
315 50 4.337647982090601 12.5445552568687
316 50 4.211295149301343 22.47366908856952
317 50 9.160088466980467 24.49900822894303
318 50 5.029080220032356 32.64491944645563
319 50 17.5 4.330127018922195
320 50 27.64406212776489 4.083492358421569
321 50 37.51704916289901 4.302200509280008
322 50 40.42466630892384 8.94026913188145
323 50 35.15233630737237 8.293426820697757
324 50 17.50297416182018 11.12506194738172
325 50 19.99414310774053 15.42028733742173
326 50 12.50353114106739 45.68591744668498
327 50 35.00302164284774 41.37266899869648
328 50 17.52154240259936 37.00075954798684
329 50 22.49996846829625 45.66989118591546
330 50 20.00067614018308 32.68097059028215
331 50 9.243963278706079 40.91681465315276
332 50 20.00354222699693 41.3382972092276
333 50 14.90256110972046 41.2569848790105
334 50 4.161838532260673 42.54379421374312
335 50 42.34825372210815 45.8969151971064
336 50 45.81884973429214 7.3890638991675
337 50 40.48537071300018 14.71873672306849
338 50 7.795330506954483 4.692717198848396
339 50 37.40902157957368 19.45618578475328
340 50 45.94026049056744 17.47220936743674
341 50 8.097344149808643 9.999999999999998
342 50 7.965322569167469 19.96393034596984
343 50 30.0844495471599 7.966986241235546
344 50 46.71649913247717 37.35585914706289
345 50 14.99999999999989 7.679491924311294
346 50 20.00000000000001 7.679491924311207
347 50 25.05376164047703 7.794195603684605
348 50 32.4965971520106 11.95315246746906
349 50 8.370190528383302 36.50721420742515
350 50 46.71074539915065 27.58063355851928
351 50 8.169459020695141 29.13437045314905
352 50 37.10792960582212 12.00961894323345
353 50 46.33974596215561 3.660254037844387
354 50 46.3397459621556 46.3397459621556
355 50 3.660254037844387 3.660254037844387
356 50 3.660254037844397 46.3397459621556
357 50 11.23100931830456 7.485991851675705
358 23.14820203938658 0 45.32268260448677
359 4.330127018922193 0 22.5
360 45.66987298107781 0 22.5
361 23.19551468455088 0 4.750004405907994
362 45.66987298107779 0 32.5
363 4.330127018922193 0 32.5
364 32.56379452424921 0 4.428997567031179
365 32.5460099950828 0 45.5572848964095
366 4.00320631441117 0 12.65962712631745
367 45.71939829561445 0 12.39567414254589
368 12.60207664185475 0 45.5637451117544
369 12.54224600041769 0 4.212963894552918
370 45.78151847792405 0 42.30662432702594
371 4.774764140512 0 42.22779727052847
372 41.86631737609326 0 4.379407687548246
373 45.6698729810778 0 27.5
374 41.33974596215562 0 25
375 41.33974596215563 0 19.99999999999999
376 37.00961894323343 0 22.49999999999998
377 37.00961894323341 0 27.49999999999997
378 32.67949192431122 0 24.99999999999995
379 32.67949192431119 0 29.99999999999994
380 28.34936490538901 0 27.49999999999991
381 28.34936490538906 0 22.49999999999991
382 24.01923788646684 0 24.99999999999986
383 24.0192378864668 0 29.99999999999987
384 19.68911086754463 0 27.49999999999983
385 19.68911086754468 0 22.49999999999983
386 19.69168343025404 0 32.50445580931826
387 37.05546257271379 0 17.42656009534424
388 24.01923788646675 0 34.99999999999987
389 15.35941260907398 0 30.00074263488619
390 15.36205663185865 0 35.00532221668568
391 37.00961894323336 0 32.49999999999998
392 32.66091879489165 0 35.03216960381003
393 37.00652342166338 0 37.505361600635
394 11.0288568297002 0 32.49999999999974
395 11.08619560853429 0 37.40577765728762
396 11.02885682970024 0 27.49999999999975
397 15.15985842781722 0 40.71575629355863
398 32.62046406133506 0 40.16429324057987
399 37.00961894323324 0 42.49999999999999
400 28.07150833616762 0 42.63876217630331
401 28.23792612887203 0 37.69301762286045
402 23.91977879689006 0 40.21611536575679
403 19.70454624380126 0 37.52673485591044
404 41.35783762470156 0 39.96866432127682
405 41.85553157257346 0 45.39509567215273
406 41.34224531898492 0 34.9956709869853
407 45.69191240044805 0 37.46182660588133
408 17.5 0 45.66987298107781
409 15.35905530869772 0 25.00012377248085
410 15.35899575863505 0 20.00002062874663
411 19.68911285254682 0 17.5000034381243
412 15.29915552302123 0 14.77671301745244
413 11.02885682970035 0 17.49999999999974
414 19.68911086754478 0 12.49999999999983
415 24.01923821730063 0 15.00000057302061
416 11.0288568297004 0 12.49999999999974
417 24.01923788646699 0 9.999999999999869
418 28.3493649605281 0 12.50000009550336
419 28.13641425631436 0 7.507194061659824
420 32.67317943644582 0 9.93594704615027
421 37.07090130173357 0 7.109482095135702
422 37.28468072011547 0 12.05936057206556
423 41.47502448816637 0 9.502264613674974
424 11.02885682970028 0 22.49999999999975
425 28.32769625439957 0 32.53753120444501
426 4.728061182724703 0 7.795006604659684
427 4.330127018922195 0 17.5
428 4.330127018922195 0 27.5
429 4.07731250134275 0 37.29500575210389
430 17.62296011416143 0 4.276949685206479
431 15.17008782985262 0 9.200562639905508
432 41.34016252162715 0 29.99927849783087
433 28.34936496971787 0 17.50000011142061
434 24.01923828316098 0 20.00000068709419
435 45.67812720016725 0 17.48261235709098
436 41.40093208906029 0 14.86505616437163
437 32.68713253994611 0 19.98776003446077
438 32.73319753324452 0 14.90160465915747
439 7.656474449184936 0 3.961176774375094
440 7.674230049055669 0 46.0054087058741
441 45.88692345762335 0 7.645334245139425
442 10.00828547412288 0 41.90116389080618
443 10.00828547412284 0 8.098836109193581
444 20 0 8.038475772933584
445 19.86382129829462 0 41.92532703911058
446 27.57266365395223 0 3.36992533121099
447 7.679491924311392 0 14.9999999999997
448 37.44331322942975 0 46.66100603877518
449 7.679491924311344 0 19.99999999999973
450 7.679491924311324 0 24.99999999999973
451 7.679491924311202 0 29.99999999999986
452 7.679491924311074 0 34.99999999999999
453 27.5 0 46.73718682342012
454 37.49999999999999 0 3.093502181031721
455 3.660254037844387 0 46.33974596215561
456 46.3397459621556 0 46.3397459621556
457 3.660254037844386 0 3.660254037844386
458 46.33974596215562 0 3.660254037844387
459 7.489580345054101 0 11.21069396803403
460 7.569290499635066 0 38.84488843641655
461 4.330127018922193 50 22.5
462 45.66987298107781 50 22.5
463 23.14820203938658 50 45.32268260448677
464 23.19551468455088 50 4.750004405907994
465 45.66987298107779 50 32.5
466 4.330127018922193 50 32.5
467 32.56379452424921 50 4.428997567031179
468 32.5460099950828 50 45.5572848964095
469 4.00320631441117 50 12.65962712631745
470 45.71939829561445 50 12.39567414254589
471 12.60207664185475 50 45.5637451117544
472 12.54224600041769 50 4.212963894552918
473 45.78151847792405 50 42.30662432702594
474 4.774764140512 50 42.22779727052847
475 41.86631737609326 50 4.379407687548246
476 45.6698729810778 50 27.5
477 41.33974596215562 50 25
478 41.33974596215563 50 19.99999999999999
479 37.00961894323343 50 22.49999999999998
480 37.00961894323341 50 27.49999999999997
481 32.67949192431122 50 24.99999999999995
482 32.67949192431119 50 29.99999999999994
483 28.34936490538901 50 27.49999999999991
484 28.34936490538906 50 22.49999999999991
485 24.01923788646684 50 24.99999999999986
486 24.0192378864668 50 29.99999999999987
487 19.68911086754463 50 27.49999999999983
488 19.68911086754468 50 22.49999999999983
489 19.69168343025404 50 32.50445580931826
490 37.05546257271379 50 17.42656009534424
491 24.01923788646675 50 34.99999999999987
492 15.35941260907398 50 30.00074263488619
493 15.36205663185865 50 35.00532221668568
494 37.00961894323336 50 32.49999999999998
495 32.66091879489165 50 35.03216960381003
496 37.00652342166338 50 37.505361600635
497 11.0288568297002 50 32.49999999999974
498 11.08619560853429 50 37.40577765728762
499 11.02885682970024 50 27.49999999999975
500 15.15985842781722 50 40.71575629355863
501 32.62046406133506 50 40.16429324057987
502 37.00961894323324 50 42.49999999999999
503 28.07150833616762 50 42.63876217630331
504 28.23792612887203 50 37.69301762286045
505 23.91977879689006 50 40.21611536575679
506 19.70454624380126 50 37.52673485591044
507 41.35783762470156 50 39.96866432127682
508 41.85553157257346 50 45.39509567215273
509 41.34224531898492 50 34.9956709869853
510 45.69191240044805 50 37.46182660588133
511 17.5 50 45.66987298107781
512 15.35905530869772 50 25.00012377248085
513 15.35899575863505 50 20.00002062874663
514 19.68911285254682 50 17.5000034381243
515 15.29915552302123 50 14.77671301745244
516 11.02885682970035 50 17.49999999999974
517 19.68911086754478 50 12.49999999999983
518 24.01923821730063 50 15.00000057302061
519 11.0288568297004 50 12.49999999999974
520 24.01923788646699 50 9.999999999999869
521 28.3493649605281 50 12.50000009550336
522 28.13641425631436 50 7.507194061659824
523 32.67317943644582 50 9.93594704615027
524 37.07090130173357 50 7.109482095135702
525 37.28468072011547 50 12.05936057206556
526 41.47502448816637 50 9.502264613674974
527 11.02885682970028 50 22.49999999999975
528 28.32769625439957 50 32.53753120444501
529 4.728061182724703 50 7.795006604659684
530 4.330127018922195 50 17.5
531 4.330127018922195 50 27.5
532 4.07731250134275 50 37.29500575210389
533 17.62296011416143 50 4.276949685206479
534 15.17008782985262 50 9.200562639905508
535 41.34016252162715 50 29.99927849783087
536 28.34936496971787 50 17.50000011142061
537 24.01923828316098 50 20.00000068709419
538 45.67812720016725 50 17.48261235709098
539 41.40093208906029 50 14.86505616437163
540 32.68713253994611 50 19.98776003446077
541 32.73319753324452 50 14.90160465915747
542 7.656474449184936 50 3.961176774375094
543 7.674230049055669 50 46.0054087058741
544 45.88692345762335 50 7.645334245139425
545 10.00828547412288 50 41.90116389080618
546 10.00828547412284 50 8.098836109193581
547 20 50 8.038475772933584
548 19.86382129829462 50 41.92532703911058
549 27.57266365395223 50 3.36992533121099
550 7.679491924311392 50 14.9999999999997
551 37.44331322942975 50 46.66100603877518
552 7.679491924311344 50 19.99999999999973
553 7.679491924311324 50 24.99999999999973
554 7.679491924311202 50 29.99999999999986
555 7.679491924311074 50 34.99999999999999
556 27.5 50 46.73718682342012
557 37.49999999999999 50 3.093502181031721
558 3.660254037844387 50 46.33974596215561
559 46.3397459621556 50 46.3397459621556
560 3.660254037844386 50 3.660254037844386
561 46.33974596215562 50 3.660254037844387
562 7.489580345054101 50 11.21069396803403
563 7.569290499635066 50 38.84488843641655
564 4.330127018922193 22.5 0
565 45.66987298107781 22.5 0
566 22.5 45.77350269189626 0
567 23.14273400090955 4.68032375328901 0
568 32.5 45.66987298107781 0
569 4.330127018922193 32.5 0
570 44.97951130183058 32.60554190289132 0
571 32.54600999508286 4.442715103590499 0
572 4.003206314411134 12.65962712631752 0
573 45.69346645067194 12.54086508806388 0
574 12.60207664185478 45.56374511175447 0
575 12.60207664185475 4.436254888245564 0
576 45.71073806914168 42.66515428715898 0
577 4.774764140512002 42.2277972705285 0
578 42.04087190471299 4.528486237203964 0
579 45.67380522601016 17.50681084801065 0
580 41.34040133631102 20.00113514133511 0
581 41.43106814399588 24.84220372163968 0
582 37.02494853589938 22.47388981049581 0
583 37.18628629283202 28.00539620480381 0
584 32.64515472173277 24.96498247994424 0
585 32.66665469411943 20.00146592395622 0
586 28.33236913906154 22.5102275123802 0
587 28.2744727176155 27.38096980944839 0
588 24.00392322745002 24.9818662203048 0
589 24.00297716691522 20.01751946482681 0
590 24.00420341200181 29.97713933829223 0
591 19.68405267863102 27.49316759309955 0
592 19.68576209031491 32.49505115523201 0
593 29.14830581189114 32.66175858403217 0
594 15.35758268759859 29.99803645805531 0
595 15.35790729029955 24.99853400852587 0
596 15.35819219224689 34.99884793554793 0
597 11.0288568297003 27.5000000000001 0
598 19.90369600294187 37.63252821333368 0
599 11.02885682970028 22.5000000000001 0
600 15.3588044222353 19.99975566808772 0
601 11.02885682970026 17.5000000000001 0
602 15.35895394422458 14.99995927801469 0
603 11.08600715568974 12.59454313320668 0
604 15.15341886924035 9.291983153341528 0
605 19.68911086754463 12.50000000000007 0
606 15.20015816298096 40.74681176565523 0
607 11.07631404115997 37.45074470566723 0
608 41.34444281026927 15.00813517956827 0
609 41.48490880846062 9.970446172203236 0
610 36.99758135131624 12.49643022529525 0
611 37.15142255329098 7.474695552819279 0
612 32.60466471929664 9.843739070976142 0
613 28.06468229664492 7.367164141951774 0
614 28.21617859502318 12.36942208379944 0
615 23.90785292085358 9.783090151477374 0
616 32.63154384053053 14.96766232906794 0
617 19.6846235713601 17.50589013280408 0
618 27.5 45.68714459954755 0
619 30.07645915009632 41.38676827612403 0
620 35.01274319168272 41.34758301448368 0
621 32.50000000000001 37.00961894323343 0
622 37.3570921105499 36.92719099598671 0
623 40.73358075652649 40.91834989782498 0
624 34.74552599697482 32.76567758612218 0
625 39.63087480880763 32.643851347622 0
626 4.728061182724697 7.795006604659735 0
627 4.330127018922193 17.5 0
628 4.330127018922193 27.5 0
629 4.07731250134279 37.29500575210392 0
630 17.5 4.330127018922195 0
631 45.5089399331859 37.94937671588339 0
632 17.49999999999999 45.66987298107779 0
633 24.56544970572614 40.67370703093458 0
634 19.68653695790078 22.4998015723791 0
635 37.5 45.66987298107782 0
636 11.02885682970032 32.50000000000009 0
637 37.00645196734941 17.49688524111506 0
638 45.66987298107781 27.50000000000003 0
639 24.01923788646688 35.00000000000005 0
640 23.99761706368215 15.00345104211117 0
641 28.30136338459617 17.53541397768148 0
642 45.89362312413613 7.653393905170882 0
643 7.666446222757778 3.998391939990573 0
644 7.674230049055677 46.00540870587415 0
645 42.46376279996475 45.89768621963805 0
646 28.01137510989331 37.31115945260001 0
647 10.00828547412283 8.098836109193753 0
648 10.00828547412288 41.90116389080632 0
649 19.93386077432979 42.0992845365795 0
650 19.84740081847031 8.096167174087018 0
651 32.32464864034896 29.25417594472449 0
652 7.679491924311296 35.0000000000001 0
653 37.34766089061737 3.289179378722749 0
654 7.679491924311248 30.00000000000005 0
655 7.679491924311247 25.00000000000006 0
656 7.679491924311224 20.00000000000004 0
657 7.679491924311179 15 0
658 41.63851683630485 36.29410561072265 0
659 27.56525542964584 3.271983163873343 0
660 41.8590402936469 29.06960891041263 0
661 46.33974596215561 3.660254037844387 0
662 46.3397459621556 46.3397459621556 0
663 3.660254037844387 3.660254037844387 0
664 3.660254037844387 46.33974596215562 0
665 7.567878847153064 38.85131230047085 0
666 7.501010410251915 11.22960259467554 0
667 33.04911113985496 45.2416780218247 50
668 45.66987298107781 32.5 50
669 4.06887890449803 37.25830236262855 50
670 29.33012701892219 22.5 50
671 22.5 45.66987298107781 50
672 45.66987298107781 12.5 50
673 29.55341801261478 27.5 50
674 17.5 29.28281114358112 50
675 45.66987298107781 22.5 50
676 29.33012701892218 12.5 50
677 37.79169002234079 4.161719706003802 50
678 12.5 45.66987298107781 50
679 33.69746920345981 25 50
680 33.70367173106239 30 50
681 29.59786946043322 32.5 50
682 33.71211406029921 35.00000000000001 50
683 45.9491546228347 42.48357111462066 50
684 33.66645656544695 20 50
685 29.44389674049177 37.39520634618067 50
686 24.79305502059405 34.2550509227789 50
687 37.99038105676657 27.50000000000001 50
688 7.847127306689576 29.79755136558244 50
689 24.94285251807678 40.61445974483567 50
690 21.09700476753002 37.40243553152992 50
691 33.66025403784436 40.00000000000001 50
692 37.99038105676656 37.50000000000002 50
693 37.99038105676653 42.50000000000003 50
694 37.99038105676657 22.5 50
695 37.4826944429981 17.2505072874479 50
696 45.66987298107781 27.5 50
697 7.521186846404381 45.76613977472084 50
698 9.910999573732292 41.76451773204279 50
699 14.94013480597766 41.39823246745468 50
700 11.97026136483585 37.09633835243569 50
701 37.99038105676658 32.50000000000002 50
702 22.27213349712494 29.43298086011825 50
703 29.23386022527915 7.521186846404381 50
704 33.06130796048671 9.916854004276768 50
705 29.33116077352261 17.5 50
706 12.7747169307789 29.18243809130827 50
707 42.49652999168725 4.223631404037761 50
708 40.43902510046783 8.791681011321094 50
709 33.29420218470105 14.94456021528744 50
710 45.67089243554277 17.2505072874479 50
711 45.74640625095692 37.49900213281224 50
712 27.49999999999999 45.66987298107779 50
713 17.49002246766294 45.77965922254346 50
714 3.976026146445581 32.61983378039572 50
715 4.702509108158724 42.09651787014288 50
716 45.82419567256475 7.362594408867206 50
717 41.0980997046929 14.12161797962724 50
718 32.85087707460059 4.569323564921308 50
719 42.29117101864053 45.70684135959281 50
720 7.81995206584747 34.6938896963505 50
721 41.83012701892221 25 50
722 41.96627017081457 40.11490243450429 50
723 14.99999999999999 33.16987298107779 50
724 41.8301270189222 30 50
725 41.86557308921743 35.01898409455276 50
726 41.62367794000006 19.77043875908717 50
727 19.85261142074411 41.70749005960055 50
728 19.67447299489676 33.31366010935949 50
729 29.71922288725357 41.78424341878377 50
730 37.50000000000001 46.65063509461098 50
731 16.7298118326415 37.05178286354239 50
732 36.98004649983469 12.13609857930988 50
733 46.33974596215561 3.660254037844387 50
734 26.29053638868509 29.86612569213236 50
735 3.660254037844397 46.3397459621556 50
736 28.66025403784439 3.66025403784439 50
737 3.660254037844381 28.66025403784438 50
738 46.36520367722471 46.36520367722471 50
739 11.18956063290552 32.81563032278311 50
740 36.50494960566153 7.791370977898881 50
741 7.694520203414474 38.58191320272008 50
742 25.00873902068334 25.00947821254816 24.98989749006549
743 34.18567992584784 15.80284054410194 34.14736062973752
744 34.19371644490287 34.20688092222575 34.13440577860046
745 34.10087766510709 17.47443795098552 15.11602694309632
746 15.01329495842595 30.54779984281213 35.02181885413178
747 15.48048040582104 15.29853379351672 32.38168538471918
748 15.36063810903418 17.50003250742092 15.36068692611527
749 26.68975798074919 35.4444558371442 14.62547626296773
750 14.15518662453224 33.37581009032072 21.08129076700987
751 36.90883211824434 29.84821178746586 21.22012149331531
752 26.62710281339385 12.42094055681875 24.51695455271436
753 24.08375895764653 37.67200368249651 27.49999999999987
754 24.22283325457771 22.49813662951837 37.74504375501157
755 38.12553503876887 37.04251636211254 11.85026523493483
756 24.69555796484453 24.0265342078065 11.85805165777578
757 38.19713151521217 11.43713798548898 24.15676165366574
758 38.87558487475407 25.00618515759555 38.92928082692185
759 11.07115601132183 23.70437762107503 26.15860990659766
760 22.00105268405983 38.82817494945134 38.68723640228055
761 11.49076917899811 27.61498240306302 11.49076917899812
762 24.8679764861155 11.20933315783796 38.71651094649012
763 24.68652670631319 11.27745301170194 12.50000024235794
764 13.29200536317754 38.88917350624029 11.11375764840919
765 11.0323117964647 11.03025452739234 23.20765211060225
766 38.9702074384602 39.43545543209824 25.89583888646778
767 10.20698360658296 39.81316784737212 34.6532511118609
768 39.21469676195709 26.24392123522901 11.22625344604683
769 10.44624533509995 21.67871531015619 39.4222013524189
770 9.807209067723132 10.52234450253904 9.812160507607926
771 39.53453551755277 22.96136858303888 28.6712625226914
772 9.87871709242229 9.854986710457922 39.47180577042744
773 39.89718120366911 10.40306552275954 10.23376301158433
774 40.6214946441237 37.34272321887574 40.67417769983833
775 27.5856712856375 31.1401320042504 40.49869109662366
776 30.69014300776143 40.80067781099608 21.40219604080032
777 10.10514708946903 40.85217269948457 25.24388734078809
778 20.14248491928764 40.61767488881814 19.29885307738633
779 40.44886031824314 9.273716533133909 37.48499321433362
780 31.20387839945353 40.55384224559488 40.63312610949414
781 8.738765631547901 32.38056807345529 41.29136607911687
782 31.14824124615679 25.52200305245243 32.11810390841814
783 19.75379352551952 31.70028799938279 9.414895964359372
784 22.0138473053929 41.02737579382597 8.938592999706144
785 18.97271217717771 17.86217572291327 24.03538674324835
786 19.40820253259531 8.874780739252406 20.00000160754087
787 40.85396649622729 21.70462612721378 19.67389721518454
788 32.38905790239038 19.59120008326506 23.922561047848
789 32.04621994856853 31.13302401331849 8.805767684767776
790 31.95577812991953 8.936927633007716 17.85086515764996
791 9.037750472251361 32.21268885352811 28.44386360517845
792 18.46448407668035 25.62107782602996 18.49374678007288
793 21.38130147576934 8.680852558624299 30.80837745655408
794 17.95673111272133 16.72255664569166 41.07281770578384
795 23.60027802424565 30.2992050516734 32.53760622418929
796 8.887446806053953 19.41540679271428 8.88744680605395
797 41.24270525950236 31.62662397981305 29.42059382242535
798 31.90333460747037 20.2429744503976 41.38747743319838
799 30.80009169837554 41.39167055157789 9.578138937201009
800 30.50177821794098 8.392821457402789 31.26565143308656
801 18.31955884058126 23.4742148310851 31.06265429129517
802 31.52053268131052 41.38720754204754 30.03300746313936
803 28.76293354963978 32.44568528780921 22.45767893906812
804 8.263406089165741 9.850576512602778 31.1414637838306
805 8.561029709916715 22.3996400584967 17.8777166553967
806 23.83274167841183 16.88066977688598 31.28258818338445
807 17.62870986057639 41.88353470701165 31.07409433671522
808 25.64644913645519 18.64109267682908 18.57240216036915
809 19.64648163608718 28.39458274573096 41.81968966697756
810 17.10758871905098 21.96831092712232 8.203884246829501
811 39.87434735029224 16.84274684004182 41.67561747510559
812 41.54209512174275 41.70269617985403 18.10287447994477
813 17.89578400448326 8.264329535797671 8.304240591548801
814 32.25325780146805 22.24555483229098 8.251662123907964
815 41.6208284979998 18.55808276405386 8.405712142590843
816 32.70274078457243 12.33557081565738 41.8387505374206
817 30.44911111947392 25.55910694214318 17.85675793991036
818 14.23216480700695 38.75908476436317 42.00581321985428
819 41.8362953184384 15.15716326192369 30.74689613960129
820 39.10331348692676 42.00127876687244 33.87390557837028
821 7.816675848703967 42.20477103620337 17.49999999999972
822 17.73121085228977 8.11466873105257 41.86128528635311
823 31.94365779530667 12.84584427045772 8.256020230217743
824 8.097998148119927 18.86623238965473 32.0808319063033
825 42.05212614566688 7.906093117950661 17.78603314956183
826 7.23087311589497 42.6634072835845 41.15773131304859
827 7.507918331630133 27.09095280071461 34.35903110790397
828 35.41515377319502 31.43697308174542 42.28160453475449
829 7.929824052190898 33.85211041112407 7.929824052190884
830 42.34603060282448 31.76360591844411 15.87095605367301
831 7.550955751099328 30.29808230920231 17.86921387455818
832 16.90937412964099 34.46704140427979 28.4166498766678
833 7.094669217455375 41.30337163321704 7.116448223111886
834 25.4202520393705 17.50896730350547 7.392266116797009
835 42.33323047172566 7.602835665024969 29.38696551482271
836 8.003496486328638 14.4725182102644 16.59074134345967
837 42.49050872850972 32.26621977022804 7.425340858429196
838 21.63786493445247 32.51935329206761 19.60731748198944
839 12.61964107221885 7.544379924865793 16.43125630901433
840 26.47114518609913 42.9083615054402 15.54100214790015
841 33.55828213292787 35.2523680745615 17.40856110482472
842 7.287421316794597 17.62166689442319 23.64026559001804
843 42.59306094929207 31.19504275677475 36.80999429326226
844 24.7928109885446 42.69418935073393 32.96020178890736
845 25.9773236371032 35.03388394550414 7.301992151399285
846 25.2665219977497 17.5 43.06674086981148
847 14.56960168998602 7.163039795894925 28.40493672309648
848 42.31358733241102 15.30014077139213 15.65972903394646
849 33.61260338620376 30.79754699182917 27.6848091199919
850 7.251845663984057 15.92129539329078 42.95960579530666
851 43.24977879055061 20.01259042256503 35.96834897939481
852 43.08355985151588 27.20177226582804 23.96904242183495
853 34.76472644186738 42.27092428398582 15.58626137021517
854 17.05354643631408 27.83591513636366 25.32442810607219
855 42.9241154564038 34.31981786986671 22.6257986146332
856 42.37441979362449 42.30966122007069 7.662129041493529
857 43.37629923071759 28.35109579384239 43.27522702138052
858 27.27458585102181 36.13768712584074 34.59288568417299
859 12.88686010815156 27.0436746036387 43.28582759495083
860 17.20818571802379 23.01186975963633 37.99689675474431
861 18.70622437040326 15.17408308341787 6.681365330312095
862 6.579905436924196 27.02048249737271 6.579905436924208
863 30.78693019895368 6.750189899652709 24.43270738295537
864 15.82640298488427 8.828078626199327 35.12513495126397
865 25.46261369065127 6.367939722119035 17.50000061104516
866 21.35273338745602 43.64574948168119 25.3814787291021
867 30.04311001073498 6.783675312268922 11.38237975801947
868 24.75325131839831 7.242304516699622 6.614663532433174
869 43.42117042954521 43.23944766653952 43.42586380592112
870 6.516402047321758 33.93954748422806 34.90287608993552
871 27.25188246109901 24.90987208849496 43.4680932870476
872 6.347921663386354 6.398666528068456 21.70968317348949
873 32.41388495499147 13.96835982632953 27.80694791717986
874 43.13626425750681 16.50990841020832 23.91561932089317
875 14.94672512582849 32.94161227746147 14.22662392177747
876 43.59174457599127 37.92202278235251 30.70820823830634
877 32.24499471926129 26.50397050709002 38.75668418593412
878 16.98696855117865 43.58771760714325 37.80181240403758
879 34.02670458780992 6.560147704673405 37.01416596426705
880 25.21948059850466 43.57368526817553 42.75756196835751
881 28.04515649472393 16.93562705363423 36.85823838637712
882 26.22767618411173 28.172109242499 6.549612641070248
883 6.207438165844719 26.52728464556703 43.34471910685645
884 26.84037960649608 6.725008105482333 43.57671994372732
885 6.808162434346874 35.3133431123301 22.63077838530969
886 43.40065550609493 6.581160973061692 43.31967480244266
887 16.2828894413301 37.11637420027179 35.60905061976663
888 6.369818028975309 27.9581452408563 24.02411419338129
889 15.90008542902388 43.53510776142772 6.513793588266608
890 7.951348033413754 36.14242299421023 14.36191441881514
891 6.260303797977722 6.12867288479551 13.17171455956916
892 13.96327168363722 43.3359879399113 20.20936035040473
893 37.09057165962881 28.25300244901346 33.391788139344
894 13.84116435346335 31.19070697751147 6.380162642609974
895 23.39640616427864 6.617302128264803 24.81746444126024
896 20.26516137213237 36.88520856706882 13.81616801456403
897 19.49326835363742 34.88270403500893 43.48790381911718
898 6.140788972473779 43.80268282966586 31.43217798720913
899 43.84553010858387 21.90633687334601 13.72165394216947
900 17.66835496697095 43.54145712917722 13.61033391824076
901 23.04500577692644 31.28240218992125 25.98603340810564
902 43.49378196096282 25.89031859172086 33.02918787814777
903 43.16262598949125 43.96191497735063 28.15648518711443
904 26.29560056148879 36.99625162152899 43.50124115171955
905 35.11361231794992 6.874536757855143 6.622690530285761
906 34.40097966573435 36.83739676782805 6.35849855501807
907 43.49036593493082 24.63413441135356 6.351964499363211
908 34.59403208543271 29.43427386676185 14.59190883665441
909 21.72568434150291 18.04184019006513 13.06273191397091
910 35.99755301608587 6.395822222773797 28.35521164913564
911 44.03189415345825 37.5662686677767 14.02894445626679
912 44.12802291869787 13.18425914257014 6.243543386425443
913 6.598465929505863 6.137975806370038 43.82956714407268
914 37.39759954663162 43.29884977671173 40.30890494042683
915 43.94158017453843 21.79242267837775 43.19249155902446
916 29.65744693787008 19.542692854003 29.88174466431745
917 5.977987533931334 6.093713334538211 36.04336552506544
918 17.41358132617533 37.05324749393706 6.210802062082183
919 43.68437447847421 6.266917854320218 6.491165437988851
920 12.46684894773635 27.06790240095039 20.72679698134047
921 24.91605053957163 23.75580997137383 31.38636563226856
922 20.69703374217409 22.15557617160822 43.45590409873263
923 5.797494116971039 24.82162658669671 12.57535436863997
924 6.537071825984118 6.124149297240136 6.141465047751063
925 13.03692088868991 17.50195485615311 26.73858328285603
926 6.113534077591786 37.28506551953488 44.10901235675016
927 6.169367847944025 14.49400135403907 36.61813683461862
928 34.05947898593143 35.87754413843997 23.78079436013485
929 36.48902873077463 43.62246465189314 21.65706313696043
930 25.54124849551837 29.16917808797495 15.68739631645895
931 36.12436788834225 21.93968648857683 34.00984097486246
932 18.49015680111076 11.63486025771747 25.80314087419332
933 5.886222023168671 13.75932667092143 5.886222023168736
934 17.53337924950583 11.35905464002802 14.15117710281541
935 13.9353098499444 20.75480305128371 21.13148306400443
936 31.31603334167944 25.91413377040637 24.20770932301557
937 25.28587444212667 18.62618516150759 25.3024141004568
938 12.36142498335021 15.67177179478067 38.02419337730777
939 36.74601068867542 6.581348007590904 43.45924234170167
940 12.49062646459604 23.21062173740738 33.59642342370424
941 30.57348520610545 14.80447045122053 20.05253861112533
942 36.75469517370404 6.205328737622919 14.23891278417148
943 14.5440868378109 21.03527797315171 44.15461066962684
944 25.67638286680385 6.180097431646808 34.84117532731838
945 35.187120953205 37.38652437482009 44.35429004768289
946 16.36036604824638 39.72826603222525 24.87471161076615
947 25.47781780483923 37.41835245922654 20.46660039708205
948 12.3774431195411 15.06265016807875 5.758341978365807
949 27.60809417156202 43.98144317041015 25.85785161778177
950 20.5310446747526 32.8291220244114 37.42788709374791
951 36.07812405593496 23.44944154832189 15.93576382741958
952 43.36348010448842 5.730077308509456 23.50521035553224
953 30.33614152982174 44.17212016779963 35.55412005094441
954 37.0644481149837 16.68017042894445 20.70703461689942
955 35.21974725271315 24.83782055561958 43.96558237785555
956 12.37240339504327 25.0000000000001 5.537725503900885
957 36.79224546547236 6.153880873202282 20.90467960060401
958 20.41470953987913 14.99608777461995 18.52488757731766
959 35.79926548817613 17.4228570238954 6.208429984253006
960 6.257619215920684 37.84436046878358 29.28052633273361
961 29.75258951564962 35.52395952843291 28.91525313992559
962 14.40273981872714 5.797441862097505 22.26123044691933
963 13.68735825236338 12.7401170634203 43.7881022078108
964 28.35672847393746 18.93290256041884 12.83834133032226
965 21.63414222528173 12.51942109635319 43.86001321743382
966 12.11507732924265 44.45565569712014 29.99999999999975
967 5.51233590101254 10.87601610430154 25.79602700004428
968 17.60872441511311 26.61458369004038 12.37117324621424
969 18.0909965317263 43.40688465082235 44.09518304096198
970 5.747154702660299 24.5428328290605 29.07261356459505
971 37.524243268624 17.36984833550028 26.86257371634716
972 22.80741563430423 22.97736124111486 5.811896696384485
973 36.59487008879769 44.08497509759302 9.736623999912318
974 5.856252409781553 44.28761740763112 12.19949975531881
975 35.78065968341847 26.93029289455495 6.019855622499677
976 37.54877924252933 10.94657121181472 32.26802187207738
977 44.25642122601148 26.45386999421299 18.07339468534112
978 20.48942140872867 14.51731518049856 35.89754478761284
979 44.60001747091948 35.01646609441304 44.63658177373031
980 44.34519391688402 39.99690289477059 36.49582079266712
981 37.34504736249669 11.8209831365857 16.88561116489579
982 14.76201069605012 32.2328585826241 40.82016060520525
983 13.07217200776092 38.03586179290176 17.20675227264214
984 13.05547515849025 27.96868256977535 29.93374137125949
985 44.22089443992495 5.293527706797288 34.98739831668377
986 36.70066975411539 44.15653093310184 28.81810085551015
987 12.6186780197856 6.011787124596518 44.29307817593265
988 8.714985769770594 5.48246911003467 27.10635035559891
989 44.11573817577563 14.23215091086529 38.00208493681717
990 44.70590309388142 20.31608276838098 29.97611094964203
991 21.55868546265668 36.52587808800875 32.81812016486224
992 20.77368735445459 6.080212513426224 13.3923531788434
993 37.01144776092847 24.3040472118708 23.43051916437864
994 29.48526819147142 30.58132683340227 34.85017600034074
995 39.32435374318019 36.21987213958109 18.32901104649975
996 30.15981477031083 26.42908087268409 11.95875782398697
997 27.98496928269873 28.92714879320367 28.3712911810517
998 5.497246762037597 30.72970544273159 12.33294364439894
999 18.25426204421584 27.2615015197734 5.761811711866589
1000 12.14464654374376 43.84244527118223 44.33090924714533
1001 31.81996688815318 36.10787087153382 11.88391830736088
1002 24.2835112269284 24.42990915586729 19.0927068613994
1003 5.535303549968942 44.54923834393825 25.6209813372641
1004 26.52330125628249 44.16699556017986 5.975551101415595
1005 39.78877264624157 36.0937847343926 34.91094892684838
1006 44.90002141085922 25.27534102262965 38.61220422325827
1007 14.91891643934337 14.88086697215443 20.83593458095503
1008 30.27716357560146 11.47585379734235 36.31809574684068
1009 12.56269831878086 7.158102449554594 5.492130634630612
1010 5.595393939546648 19.05114938563092 13.76414418186855
1011 13.03345963990629 38.5932738888315 29.72535911908554
1012 25.52121586501218 12.10441622719772 18.75768446161007
1013 44.15295320884577 40.6905235798742 23.32073936754341
1014 42.85307696062366 5.312873257591459 12.39380612503829
1015 5.353804516779483 20.2355393742726 37.01899881386306
1016 24.81391375481197 44.36971020885162 20.84851500580242
1017 11.2356666644372 5.633248599209193 33.71838922723961
1018 30.18305740476741 13.11239590651962 13.96050845134221
1019 27.84392402531813 12.42294098288987 44.35511692689094
1020 31.82181400232706 34.9311883494608 39.37227579543302
1021 37.54997196670525 31.60615210423913 10.22458276299699
1022 43.27811675152838 44.57605920933256 13.13711759213392
1023 12.12623037793045 21.95772006442185 13.1574980135283
1024 34.08539721536102 39.77467591265756 35.68329091782665
1025 11.68880314747712 44.14854990874817 13.40966488104948
1026 36.8436532956826 35.26929626852053 29.18195418587662
1027 25.966624867524 11.69089486146875 32.52338682580306
1028 20.97611842718815 27.02187734253115 36.42586240611625
1029 4.949715961838155 22.67331655321172 22.4801901008996
1030 34.84513351514877 16.35344704363775 44.56792139514211
1031 22.57551185483897 5.653331770228652 39.74953808674859
1032 44.3823900326264 28.69738015146803 11.48431605024575
1033 38.75120251992948 5.403193756724855 33.28175871041605
1034 39.75707036627118 11.63970086622322 44.68894460287765
1035 40.17749252950949 37.30836612803548 5.571842145016649
1036 5.582040085434202 21.05589720691926 44.67744964950744
1037 26.47389034957249 5.012280948066288 29.25158278102302
1038 36.91633954922613 20.46490903224483 11.09782615054617
1039 4.87166810631897 40.42414055535317 36.70160238694825
1040 5.064739876232697 14.44922118699975 30.19085551720761
1041 44.47331502335121 10.93270454690999 33.42443139890028
1042 23.71510399761145 31.20143617474087 44.73491899051979
1043 44.59437758767388 11.21775231316819 21.88702029991061
1044 4.957883417122715 20 4.957883417122715
1045 30.82456142082881 29.14447107262082 44.71505173194451
1046 12.11186985966541 34.66188450182377 44.93817092637002
1047 11.88361298030147 26.81826558627198 37.80505721927238
1048 13.53859132203115 5.3664222718461 11.0268487744226
1049 20.16710958189218 35.67737899312603 24.00866388861229
1050 11.3978372767924 44.37505117308837 37.75670170439642
1051 22.59671823716139 44.93076856535749 37.80251197611973
1052 19.96175869974564 5.074237318423142 34.83965690407654
1053 4.937860580666435 29.29153609655547 38.72974476208002
1054 18.42920943565682 29.48549583845529 30.51066121924436
1055 33.99235577935755 22.93458352822594 28.0834735261145
1056 11.48685601978307 37.82858703428585 5.740079610282804
1057 30.96503026933198 21.60947585234023 36.0734732278603
1058 43.94984634141844 44.7945632706208 33.63685846804061
1059 9.364109789910312 37.62022885902407 39.65393680597503
1060 44.71932479844849 14.99824837152824 44.58259071875734
1061 44.7255636110344 21.86065695039199 24.57227168789322
1062 30.50819859753235 44.35661425914363 44.90524808178169
1063 23.55873809779993 12.61517070158026 5.151571841583136
1064 29.77895338092846 5.034451932810192 4.979793212216815
1065 12.58074390930038 12.33287674376117 28.69856278085529
1066 5.510467036497709 13.83875263776613 11.54066033098725
1067 19.87336489261422 23.36782484010526 23.43551737404823
1068 20.39432825627132 19.90977394383093 34.72911927051832
1069 11.76017191132511 34.68194347123333 33.38881296286686
1070 30.79983578312133 45.13307108941759 18.05314927989749
1071 29.41749953247792 38.6307818303415 5.092650287105849
1072 13.32445054919461 5.585833035245301 38.8314631097367
1073 44.83997712362431 37.15426836668805 8.562394420825319
1074 39.47694410440831 16.02000372015869 35.64281013754211
1075 38.65127844020038 12.71726768333773 5.318387153651932
1076 38.59051452471434 22.16917695248832 5.464836099792193
1077 32.99065085794255 44.5059425864669 5.462570218357122
1078 30.41929896117466 18.09085613316828 5.085077755289024
1079 16.21207774966754 44.87938353696411 26.50169692030935
1080 30.32782265033143 30.93826769237895 17.52417001618629
1081 44.4948765403132 10.58869247392696 13.47960117434282
1082 4.924188459391392 40.47832438203378 21.90519659514625
1083 4.739705106239033 5.866561448426456 30.6527936288976
1084 30.91207963007709 20.15924777232706 18.67489292269233
1085 20.47631483648333 20.48147634636967 18.80138553983923
1086 40.01150116463066 32.19959462942357 45.00502014986308
1087 30.25701993736902 39.17740067867352 15.95305692022223
1088 5.266479819536618 11.28405750893203 45.00999798087379
1089 6.348836901417052 45.39806455100335 36.88588453524231
1090 11.75866806315826 35.70328562507054 25.33487813057189
1091 18.92117276679959 18.3181466102217 29.45135402533305
1092 4.598176543381571 29.67673671779568 29.97990867936192
1093 44.69251488779158 12.05302663989656 27.28121215373639
1094 5.114531578023453 31.41329593848302 44.99582453253254
1095 20.42238242579275 30.62495708180792 14.68097739740296
1096 27.19086717886224 31.42259622125324 11.09429899125103
1097 12.0117761612151 15.45211692874051 11.34700115278993
1098 36.83701679609263 14.93710876743138 11.03655077467735
1099 38.08685824020991 27.90434907328304 27.23489696495172
1100 22.70410723988256 45.24331411177585 12.34521241957426
1101 39.19365175117603 27.62870498517515 16.96694795008588
1102 21.34253087349303 5.633743586981515 44.99057079841188
1103 18.44193900385238 4.817435873855 25.59524717914278
1104 4.646632125184438 10.1354908548342 39.12043905376406
1105 45.25560137629441 19.87602032337461 4.747752513951831
1106 41.51015581914123 45.27120007202321 22.5
1107 32.80943044396708 44.72438206339799 25.28719301414174
1108 26.89047375229408 40.59467203338328 37.49669183068704
1109 5.14714733241873 9.706207290558396 17.3437094697137
1110 29.12993963031218 5.207438528735645 38.90398570291167
1111 45.06226826811139 15.39395152545203 11.04766726839204
1112 16.99226247380226 4.658316138730512 17.67848751452221
1113 35.82995989164373 45.10385253982108 45.126903528421
1114 4.627480368453977 25.9102501380411 17.72140190246251
1115 21.2810987812645 45.5451540703286 30.25976387656282
1116 10.06233556356556 45.21206670058429 4.805510723439935
1117 10.36183242137351 14.22045487686546 33.31919192713306
1118 45.36259574694517 31.3605144976038 26.19543461843822
1119 36.66836078300672 20.15592315525767 39.00228215912053
1120 21.7713298577875 39.54422083337833 45.06420518408562
1121 45.37754977009207 32.4990335618145 32.54662359358208
1122 38.90076098045349 21.03087810250211 44.90673648747202
1123 26.30901215241176 39.60581845478436 11.51762265286461
1124 37.5093560670752 32.67410747044568 4.948002091321463
1125 45.61032552616205 20.01727386439058 18.27592402633541
1126 17.85921521280372 35.96870562959927 18.39946215712003
1127 4.917943088313073 19.47962322549556 27.94481854974567
1128 45.2544921402164 35.3217734587015 38.92786670499912
1129 30.74247916399715 34.49051719019347 45.1517657196454
1130 28.05787371414267 23.38020399906641 5.219942119521583
1131 37.38904627359564 31.62459373073226 37.4134445273175
1132 29.93141725607461 4.47558918901231 19.76710527281747
1133 26.13590027477962 27.33622782384968 37.21613522252245
1134 12.39802252928296 30.24074068006979 24.91630891011957
1135 24.94273864881712 28.98061249350748 21.58606692283226
1136 15.97701397703759 21.86395350926533 26.63530889537811
1137 45.24320998780286 44.89987182860282 38.75574333844146
1138 35.06068834410834 45.29442535544848 33.64072097499625
1139 31.82865841261387 7.630899166927812 45.31259140265838
1140 20.22886926008967 5.24379879352677 4.530563643800519
1141 5.589532908895521 45.34872605370461 45.23961938184709
1142 5.119835808435974 18.59595093379745 18.96618985247611
1143 33.00341057931382 11.38558137883572 23.24786960874689
1144 21.41935752548968 33.838283666358 4.842101737664343
1145 9.019378495890322 45.17913458801002 21.69854142987052
1146 20.88982294952887 44.16485125916885 4.800822584692098
1147 12.47211289073733 20.00000000000009 4.273096335310724
1148 22.95219368758739 12.84505811816245 28.1493188324648
1149 44.63010563355184 37.71233321895922 19.14397088631033
1150 31.01953361157397 45.50002103505894 12.82781174180863
1151 17.32808193541424 25.52781001225656 45.42729503714656
1152 38.68699989365906 32.74200354906338 25.09108977270452
1153 18.66327412557698 45.55518688276881 20.00000131180376
1154 45.30545354486773 25.41057573549412 28.24344102857977
1155 6.350671149084333 36.88876352114353 4.367303911999939
1156 35.4595436725709 11.61834959279314 37.01661123633247
1157 8.421161675113611 4.388618756673345 17.49999999999972
1158 28.96149975953843 19.9999236791101 45.55863321961822
1159 4.820129890336632 35.22785090468791 39.58452147611018
1160 37.76762884847641 42.07916098320479 4.872662038419231
1161 5.651609261504564 13.30200875506818 21.1392506809697
1162 25.60183826092641 4.366380648470387 12.74114451357245
1163 16.16441324236455 12.24271656504232 39.06635873474756
1164 14.1370868698975 28.10702777961046 15.9260405756647
1165 28.76988459103132 10.25911978485292 4.85499560320843
1166 15.47257916514331 30.72633661646977 45.59634091684896
1167 4.563925861551084 37.39570874301427 9.016885673314274
1168 12.99296306829642 12.79761496560525 16.3988564719727
1169 33.54055598724805 4.437609493158583 32.38846813234049
1170 21.53834469895197 4.346271013053811 20.70296675061191
$EndNodes
$Elements
6244
1 2 2 4 100 2 145 21
2 2 2 4 100 92 145 2
3 2 2 4 100 24 144 3
4 2 2 4 100 3 144 125
5 2 2 4 100 10 147 95
6 2 2 4 100 118 147 10
7 2 2 4 100 11 146 121
8 2 2 4 100 122 146 11
9 2 2 4 100 21 136 22
10 2 2 4 100 21 145 136
11 2 2 4 100 22 128 23
12 2 2 4 100 22 136 128
13 2 2 4 100 23 138 24
14 2 2 4 100 128 138 23
15 2 2 4 100 138 144 24
16 2 2 4 100 93 139 92
17 2 2 4 100 139 145 92
18 2 2 4 100 94 127 93
19 2 2 4 100 127 139 93
20 2 2 4 100 95 140 94
21 2 2 4 100 94 140 127
22 2 2 4 100 95 147 140
23 2 2 4 100 119 130 118
24 2 2 4 100 130 147 118
25 2 2 4 100 120 129 119
26 2 2 4 100 129 130 119
27 2 2 4 100 121 134 120
28 2 2 4 100 120 134 129
29 2 2 4 100 121 146 134
30 2 2 4 100 123 137 122
31 2 2 4 100 137 146 122
32 2 2 4 100 124 126 123
33 2 2 4 100 126 137 123
34 2 2 4 100 125 135 124
35 2 2 4 100 124 135 126
36 2 2 4 100 125 144 135
37 2 2 4 100 135 141 126
38 2 2 4 100 126 148 137
39 2 2 4 100 141 148 126
40 2 2 4 100 127 142 139
41 2 2 4 100 140 149 127
42 2 2 4 100 127 149 142
43 2 2 4 100 136 143 128
44 2 2 4 100 128 143 138
45 2 2 4 100 129 131 130
46 2 2 4 100 129 132 131
47 2 2 4 100 129 134 132
48 2 2 4 100 131 140 130
49 2 2 4 100 140 147 130
50 2 2 4 100 132 133 131
51 2 2 4 100 133 149 131
52 2 2 4 100 131 149 140
53 2 2 4 100 132 148 133
54 2 2 4 100 134 137 132
55 2 2 4 100 137 148 132
56 2 2 4 100 141 143 133
57 2 2 4 100 133 148 141
58 2 2 4 100 133 143 142
59 2 2 4 100 142 149 133
60 2 2 4 100 134 146 137
61 2 2 4 100 138 141 135
62 2 2 4 100 135 144 138
63 2 2 4 100 139 142 136
64 2 2 4 100 136 145 139
65 2 2 4 100 142 143 136
66 2 2 4 100 138 143 141
67 2 2 1 101 1 12 247
68 2 2 1 101 38 1 247
69 2 2 1 101 20 2 248
70 2 2 1 101 2 21 248
71 2 2 1 101 24 3 153
72 2 2 1 101 3 25 165
73 2 2 1 101 153 3 165
74 2 2 1 101 28 4 246
75 2 2 1 101 4 37 246
76 2 2 1 101 29 5 245
77 2 2 1 101 5 46 245
78 2 2 1 101 12 13 163
79 2 2 1 101 12 163 247
80 2 2 1 101 13 14 208
81 2 2 1 101 163 13 208
82 2 2 1 101 14 15 156
83 2 2 1 101 14 156 208
84 2 2 1 101 15 16 209
85 2 2 1 101 156 15 209
86 2 2 1 101 16 17 152
87 2 2 1 101 16 152 209
88 2 2 1 101 17 18 213
89 2 2 1 101 152 17 213
90 2 2 1 101 18 19 158
91 2 2 1 101 18 158 213
92 2 2 1 101 19 20 228
93 2 2 1 101 158 19 228
94 2 2 1 101 228 20 248
95 2 2 1 101 21 22 194
96 2 2 1 101 21 194 248
97 2 2 1 101 22 23 161
98 2 2 1 101 22 161 194
99 2 2 1 101 23 24 223
100 2 2 1 101 161 23 223
101 2 2 1 101 24 153 223
102 2 2 1 101 25 26 154
103 2 2 1 101 25 154 165
104 2 2 1 101 26 27 196
105 2 2 1 101 154 26 196
106 2 2 1 101 27 28 164
107 2 2 1 101 27 164 196
108 2 2 1 101 164 28 246
109 2 2 1 101 30 29 162
110 2 2 1 101 162 29 245
111 2 2 1 101 31 30 198
112 2 2 1 101 30 162 198
113 2 2 1 101 32 31 155
114 2 2 1 101 155 31 198
115 2 2 1 101 33 32 199
116 2 2 1 101 32 155 199
117 2 2 1 101 34 33 150
118 2 2 1 101 150 33 199
119 2 2 1 101 35 34 226
120 2 2 1 101 34 150 226
121 2 2 1 101 36 35 159
122 2 2 1 101 159 35 226
123 2 2 1 101 37 36 229
124 2 2 1 101 36 159 229
125 2 2 1 101 37 229 246
126 2 2 1 101 39 38 230
127 2 2 1 101 230 38 247
128 2 2 1 101 40 39 160
129 2 2 1 101 160 39 230
130 2 2 1 101 41 40 214
131 2 2 1 101 40 160 214
132 2 2 1 101 42 41 151
133 2 2 1 101 151 41 214
134 2 2 1 101 43 42 215
135 2 2 1 101 42 151 215
136 2 2 1 101 44 43 157
137 2 2 1 101 157 43 215
138 2 2 1 101 45 44 216
139 2 2 1 101 44 157 216
140 2 2 1 101 46 45 231
141 2 2 1 101 45 216 231
142 2 2 1 101 46 231 245
143 2 2 1 101 150 199 200
144 2 2 1 101 150 200 201
145 2 2 1 101 150 201 226
146 2 2 1 101 151 214 242
147 2 2 1 101 215 151 243
148 2 2 1 101 151 242 243
149 2 2 1 101 209 152 210
150 2 2 1 101 210 152 211
151 2 2 1 101 211 152 213
152 2 2 1 101 153 165 166
153 2 2 1 101 153 166 167
154 2 2 1 101 153 167 223
155 2 2 1 101 165 154 204
156 2 2 1 101 154 196 197
157 2 2 1 101 154 197 204
158 2 2 1 101 190 155 198
159 2 2 1 101 155 190 239
160 2 2 1 101 199 155 239
161 2 2 1 101 156 192 208
162 2 2 1 101 192 156 238
163 2 2 1 101 156 209 238
164 2 2 1 101 157 215 241
165 2 2 1 101 216 157 244
166 2 2 1 101 157 241 244
167 2 2 1 101 213 158 232
168 2 2 1 101 158 228 255
169 2 2 1 101 232 158 255
170 2 2 1 101 159 226 233
171 2 2 1 101 229 159 254
172 2 2 1 101 159 233 254
173 2 2 1 101 214 160 240
174 2 2 1 101 160 230 251
175 2 2 1 101 240 160 251
176 2 2 1 101 194 161 195
177 2 2 1 101 195 161 202
178 2 2 1 101 202 161 223
179 2 2 1 101 198 162 236
180 2 2 1 101 162 231 236
181 2 2 1 101 231 162 245
182 2 2 1 101 163 208 235
183 2 2 1 101 230 163 235
184 2 2 1 101 163 230 247
185 2 2 1 101 196 164 221
186 2 2 1 101 221 164 229
187 2 2 1 101 229 164 246
188 2 2 1 101 166 165 204
189 2 2 1 101 167 166 168
190 2 2 1 101 168 166 169
191 2 2 1 101 169 166 204
192 2 2 1 101 167 168 224
193 2 2 1 101 167 202 223
194 2 2 1 101 202 167 224
195 2 2 1 101 168 169 170
196 2 2 1 101 168 170 171
197 2 2 1 101 168 171 224
198 2 2 1 101 170 169 218
199 2 2 1 101 169 204 220
200 2 2 1 101 218 169 220
201 2 2 1 101 171 170 172
202 2 2 1 101 172 170 173
203 2 2 1 101 173 170 218
204 2 2 1 101 171 172 227
205 2 2 1 101 224 171 225
206 2 2 1 101 225 171 227
207 2 2 1 101 172 173 174
208 2 2 1 101 172 174 175
209 2 2 1 101 172 175 227
210 2 2 1 101 174 173 176
211 2 2 1 101 176 173 178
212 2 2 1 101 178 173 218
213 2 2 1 101 175 174 205
214 2 2 1 101 174 176 177
215 2 2 1 101 174 177 205
216 2 2 1 101 175 205 206
217 2 2 1 101 175 206 237
218 2 2 1 101 227 175 237
219 2 2 1 101 177 176 179
220 2 2 1 101 176 178 207
221 2 2 1 101 179 176 207
222 2 2 1 101 177 179 180
223 2 2 1 101 177 180 181
224 2 2 1 101 177 181 205
225 2 2 1 101 207 178 234
226 2 2 1 101 178 218 219
227 2 2 1 101 178 219 234
228 2 2 1 101 180 179 182
229 2 2 1 101 182 179 183
230 2 2 1 101 183 179 207
231 2 2 1 101 181 180 184
232 2 2 1 101 180 182 217
233 2 2 1 101 184 180 217
234 2 2 1 101 181 184 185
235 2 2 1 101 181 185 186
236 2 2 1 101 181 186 205
237 2 2 1 101 182 183 190
238 2 2 1 101 182 190 191
239 2 2 1 101 182 191 217
240 2 2 1 101 190 183 239
241 2 2 1 101 200 183 207
242 2 2 1 101 183 200 239
243 2 2 1 101 185 184 243
244 2 2 1 101 184 217 241
245 2 2 1 101 184 241 243
246 2 2 1 101 186 185 187
247 2 2 1 101 187 185 242
248 2 2 1 101 242 185 243
249 2 2 1 101 186 187 188
250 2 2 1 101 186 188 206
251 2 2 1 101 205 186 206
252 2 2 1 101 188 187 189
253 2 2 1 101 189 187 240
254 2 2 1 101 240 187 242
255 2 2 1 101 188 189 192
256 2 2 1 101 188 192 193
257 2 2 1 101 188 193 206
258 2 2 1 101 192 189 235
259 2 2 1 101 235 189 251
260 2 2 1 101 189 240 251
261 2 2 1 101 191 190 236
262 2 2 1 101 190 198 236
263 2 2 1 101 217 191 244
264 2 2 1 101 191 236 252
265 2 2 1 101 244 191 252
266 2 2 1 101 193 192 238
267 2 2 1 101 208 192 235
268 2 2 1 101 206 193 237
269 2 2 1 101 237 193 253
270 2 2 1 101 193 238 253
271 2 2 1 101 194 195 228
272 2 2 1 101 194 228 248
273 2 2 1 101 195 202 203
274 2 2 1 101 195 203 255
275 2 2 1 101 228 195 255
276 2 2 1 101 197 196 221
277 2 2 1 101 204 197 220
278 2 2 1 101 220 197 222
279 2 2 1 101 197 221 222
280 2 2 1 101 200 199 239
281 2 2 1 101 201 200 234
282 2 2 1 101 200 207 234
283 2 2 1 101 226 201 233
284 2 2 1 101 233 201 249
285 2 2 1 101 201 234 249
286 2 2 1 101 203 202 224
287 2 2 1 101 203 224 225
288 2 2 1 101 203 225 250
289 2 2 1 101 232 203 250
290 2 2 1 101 203 232 255
291 2 2 1 101 209 210 238
292 2 2 1 101 210 211 212
293 2 2 1 101 210 212 253
294 2 2 1 101 238 210 253
295 2 2 1 101 212 211 250
296 2 2 1 101 211 213 232
297 2 2 1 101 211 232 250
298 2 2 1 101 212 225 227
299 2 2 1 101 225 212 250
300 2 2 1 101 212 227 237
301 2 2 1 101 212 237 253
302 2 2 1 101 214 240 242
303 2 2 1 101 241 215 243
304 2 2 1 101 231 216 252
305 2 2 1 101 216 244 252
306 2 2 1 101 241 217 244
307 2 2 1 101 219 218 220
308 2 2 1 101 219 220 222
309 2 2 1 101 219 222 249
310 2 2 1 101 234 219 249
311 2 2 1 101 222 221 254
312 2 2 1 101 221 229 254
313 2 2 1 101 222 233 249
314 2 2 1 101 233 222 254
315 2 2 1 101 230 235 251
316 2 2 1 101 236 231 252
317 2 2 6 102 55 356 6
318 2 2 6 102 6 356 56
319 2 2 6 102 7 355 47
320 2 2 6 102 74 355 7
321 2 2 6 102 64 354 8
322 2 2 6 102 8 354 73
323 2 2 6 102 65 353 9
324 2 2 6 102 9 353 82
325 2 2 6 102 47 268 48
326 2 2 6 102 47 355 268
327 2 2 6 102 48 315 49
328 2 2 6 102 268 315 48
329 2 2 6 102 49 260 50
330 2 2 6 102 49 315 260
331 2 2 6 102 50 316 51
332 2 2 6 102 260 316 50
333 2 2 6 102 51 257 52
334 2 2 6 102 51 316 257
335 2 2 6 102 52 318 53
336 2 2 6 102 257 318 52
337 2 2 6 102 53 264 54
338 2 2 6 102 53 318 264
339 2 2 6 102 54 334 55
340 2 2 6 102 264 334 54
341 2 2 6 102 334 356 55
342 2 2 6 102 56 270 57
343 2 2 6 102 56 356 270
344 2 2 6 102 57 326 58
345 2 2 6 102 270 326 57
346 2 2 6 102 58 261 59
347 2 2 6 102 58 326 261
348 2 2 6 102 59 329 60
349 2 2 6 102 261 329 59
350 2 2 6 102 60 258 61
351 2 2 6 102 60 329 258
352 2 2 6 102 61 272 62
353 2 2 6 102 258 272 61
354 2 2 6 102 62 265 63
355 2 2 6 102 62 272 265
356 2 2 6 102 63 335 64
357 2 2 6 102 265 335 63
358 2 2 6 102 335 354 64
359 2 2 6 102 66 336 65
360 2 2 6 102 336 353 65
361 2 2 6 102 67 266 66
362 2 2 6 102 266 336 66
363 2 2 6 102 68 340 67
364 2 2 6 102 67 340 266
365 2 2 6 102 69 259 68
366 2 2 6 102 259 340 68
367 2 2 6 102 70 350 69
368 2 2 6 102 69 350 259
369 2 2 6 102 71 262 70
370 2 2 6 102 262 350 70
371 2 2 6 102 72 344 71
372 2 2 6 102 71 344 262
373 2 2 6 102 73 271 72
374 2 2 6 102 271 344 72
375 2 2 6 102 73 354 271
376 2 2 6 102 75 338 74
377 2 2 6 102 338 355 74
378 2 2 6 102 76 267 75
379 2 2 6 102 267 338 75
380 2 2 6 102 77 319 76
381 2 2 6 102 76 319 267
382 2 2 6 102 78 256 77
383 2 2 6 102 256 319 77
384 2 2 6 102 79 320 78
385 2 2 6 102 78 320 256
386 2 2 6 102 80 263 79
387 2 2 6 102 263 320 79
388 2 2 6 102 81 321 80
389 2 2 6 102 80 321 263
390 2 2 6 102 82 269 81
391 2 2 6 102 269 321 81
392 2 2 6 102 82 353 269
393 2 2 6 102 256 346 319
394 2 2 6 102 320 347 256
395 2 2 6 102 256 347 346
396 2 2 6 102 316 317 257
397 2 2 6 102 317 351 257
398 2 2 6 102 257 351 318
399 2 2 6 102 258 273 272
400 2 2 6 102 258 274 273
401 2 2 6 102 258 329 274
402 2 2 6 102 259 310 306
403 2 2 6 102 306 311 259
404 2 2 6 102 259 350 310
405 2 2 6 102 311 340 259
406 2 2 6 102 260 315 301
407 2 2 6 102 301 342 260
408 2 2 6 102 260 342 316
409 2 2 6 102 326 333 261
410 2 2 6 102 261 332 329
411 2 2 6 102 261 333 332
412 2 2 6 102 262 309 307
413 2 2 6 102 307 310 262
414 2 2 6 102 262 344 309
415 2 2 6 102 310 350 262
416 2 2 6 102 263 343 320
417 2 2 6 102 321 323 263
418 2 2 6 102 323 343 263
419 2 2 6 102 318 349 264
420 2 2 6 102 331 334 264
421 2 2 6 102 264 349 331
422 2 2 6 102 272 327 265
423 2 2 6 102 265 327 312
424 2 2 6 102 312 335 265
425 2 2 6 102 322 336 266
426 2 2 6 102 266 337 322
427 2 2 6 102 266 340 337
428 2 2 6 102 319 345 267
429 2 2 6 102 267 357 338
430 2 2 6 102 345 357 267
431 2 2 6 102 268 341 315
432 2 2 6 102 338 341 268
433 2 2 6 102 268 355 338
434 2 2 6 102 269 322 321
435 2 2 6 102 269 336 322
436 2 2 6 102 269 353 336
437 2 2 6 102 270 331 326
438 2 2 6 102 270 334 331
439 2 2 6 102 270 356 334
440 2 2 6 102 271 312 309
441 2 2 6 102 309 344 271
442 2 2 6 102 271 335 312
443 2 2 6 102 271 354 335
444 2 2 6 102 273 327 272
445 2 2 6 102 274 275 273
446 2 2 6 102 275 314 273
447 2 2 6 102 314 327 273
448 2 2 6 102 274 276 275
449 2 2 6 102 274 332 276
450 2 2 6 102 329 332 274
451 2 2 6 102 276 277 275
452 2 2 6 102 277 278 275
453 2 2 6 102 278 314 275
454 2 2 6 102 276 330 277
455 2 2 6 102 328 330 276
456 2 2 6 102 276 332 328
457 2 2 6 102 277 279 278
458 2 2 6 102 277 280 279
459 2 2 6 102 277 330 280
460 2 2 6 102 279 303 278
461 2 2 6 102 303 304 278
462 2 2 6 102 304 314 278
463 2 2 6 102 280 281 279
464 2 2 6 102 281 283 279
465 2 2 6 102 283 303 279
466 2 2 6 102 280 282 281
467 2 2 6 102 280 286 282
468 2 2 6 102 280 330 286
469 2 2 6 102 282 313 281
470 2 2 6 102 281 284 283
471 2 2 6 102 281 313 284
472 2 2 6 102 286 287 282
473 2 2 6 102 287 288 282
474 2 2 6 102 288 313 282
475 2 2 6 102 284 285 283
476 2 2 6 102 285 289 283
477 2 2 6 102 289 303 283
478 2 2 6 102 284 290 285
479 2 2 6 102 284 292 290
480 2 2 6 102 284 313 292
481 2 2 6 102 285 339 289
482 2 2 6 102 290 291 285
483 2 2 6 102 291 339 285
484 2 2 6 102 286 294 287
485 2 2 6 102 286 295 294
486 2 2 6 102 286 330 295
487 2 2 6 102 287 296 288
488 2 2 6 102 294 317 287
489 2 2 6 102 287 317 296
490 2 2 6 102 296 297 288
491 2 2 6 102 297 325 288
492 2 2 6 102 288 325 313
493 2 2 6 102 289 305 303
494 2 2 6 102 289 306 305
495 2 2 6 102 289 339 306
496 2 2 6 102 290 348 291
497 2 2 6 102 292 293 290
498 2 2 6 102 293 348 290
499 2 2 6 102 337 339 291
500 2 2 6 102 291 352 337
501 2 2 6 102 348 352 291
502 2 2 6 102 292 300 293
503 2 2 6 102 292 325 300
504 2 2 6 102 313 325 292
505 2 2 6 102 300 347 293
506 2 2 6 102 293 347 343
507 2 2 6 102 343 348 293
508 2 2 6 102 295 298 294
509 2 2 6 102 298 351 294
510 2 2 6 102 294 351 317
511 2 2 6 102 295 299 298
512 2 2 6 102 295 328 299
513 2 2 6 102 295 330 328
514 2 2 6 102 296 301 297
515 2 2 6 102 296 342 301
516 2 2 6 102 317 342 296
517 2 2 6 102 301 302 297
518 2 2 6 102 302 324 297
519 2 2 6 102 324 325 297
520 2 2 6 102 299 349 298
521 2 2 6 102 298 349 318
522 2 2 6 102 318 351 298
523 2 2 6 102 328 333 299
524 2 2 6 102 299 333 331
525 2 2 6 102 331 349 299
526 2 2 6 102 300 325 324
527 2 2 6 102 324 346 300
528 2 2 6 102 346 347 300
529 2 2 6 102 301 341 302
530 2 2 6 102 315 341 301
531 2 2 6 102 302 345 324
532 2 2 6 102 341 357 302
533 2 2 6 102 302 357 345
534 2 2 6 102 303 305 304
535 2 2 6 102 305 307 304
536 2 2 6 102 307 308 304
537 2 2 6 102 308 314 304
538 2 2 6 102 306 310 305
539 2 2 6 102 305 310 307
540 2 2 6 102 306 339 311
541 2 2 6 102 307 309 308
542 2 2 6 102 309 312 308
543 2 2 6 102 312 327 308
544 2 2 6 102 308 327 314
545 2 2 6 102 311 339 337
546 2 2 6 102 337 340 311
547 2 2 6 102 316 342 317
548 2 2 6 102 319 346 345
549 2 2 6 102 343 347 320
550 2 2 6 102 322 323 321
551 2 2 6 102 322 352 323
552 2 2 6 102 337 352 322
553 2 2 6 102 323 348 343
554 2 2 6 102 323 352 348
555 2 2 6 102 345 346 324
556 2 2 6 102 331 333 326
557 2 2 6 102 332 333 328
558 2 2 6 102 338 357 341
559 2 2 2 103 12 1 457
560 2 2 2 103 1 83 457
561 2 2 2 103 2 20 455
562 2 2 2 103 92 2 455
563 2 2 2 103 55 6 456
564 2 2 2 103 6 99 456
565 2 2 2 103 7 47 458
566 2 2 2 103 91 7 458
567 2 2 2 103 10 95 358
568 2 2 2 103 96 10 453
569 2 2 2 103 10 358 453
570 2 2 2 103 13 12 426
571 2 2 2 103 426 12 457
572 2 2 2 103 14 13 366
573 2 2 2 103 366 13 426
574 2 2 2 103 15 14 427
575 2 2 2 103 14 366 427
576 2 2 2 103 16 15 359
577 2 2 2 103 359 15 427
578 2 2 2 103 17 16 428
579 2 2 2 103 16 359 428
580 2 2 2 103 18 17 363
581 2 2 2 103 363 17 428
582 2 2 2 103 19 18 429
583 2 2 2 103 18 363 429
584 2 2 2 103 20 19 371
585 2 2 2 103 371 19 429
586 2 2 2 103 20 371 455
587 2 2 2 103 47 48 441
588 2 2 2 103 47 441 458
589 2 2 2 103 48 49 367
590 2 2 2 103 48 367 441
591 2 2 2 103 49 50 435
592 2 2 2 103 367 49 435
593 2 2 2 103 50 51 360
594 2 2 2 103 50 360 435
595 2 2 2 103 51 52 373
596 2 2 2 103 360 51 373
597 2 2 2 103 52 53 362
598 2 2 2 103 52 362 373
599 2 2 2 103 53 54 407
600 2 2 2 103 362 53 407
601 2 2 2 103 54 55 370
602 2 2 2 103 54 370 407
603 2 2 2 103 370 55 456
604 2 2 2 103 83 84 439
605 2 2 2 103 83 439 457
606 2 2 2 103 84 85 369
607 2 2 2 103 84 369 439
608 2 2 2 103 85 86 430
609 2 2 2 103 369 85 430
610 2 2 2 103 86 87 361
611 2 2 2 103 86 361 430
612 2 2 2 103 87 88 446
613 2 2 2 103 361 87 446
614 2 2 2 103 88 89 364
615 2 2 2 103 88 364 446
616 2 2 2 103 89 90 454
617 2 2 2 103 364 89 454
618 2 2 2 103 90 91 372
619 2 2 2 103 90 372 454
620 2 2 2 103 372 91 458
621 2 2 2 103 93 92 440
622 2 2 2 103 440 92 455
623 2 2 2 103 94 93 368
624 2 2 2 103 368 93 440
625 2 2 2 103 95 94 408
626 2 2 2 103 94 368 408
627 2 2 2 103 358 95 408
628 2 2 2 103 97 96 365
629 2 2 2 103 365 96 453
630 2 2 2 103 98 97 448
631 2 2 2 103 97 365 448
632 2 2 2 103 99 98 405
633 2 2 2 103 405 98 448
634 2 2 2 103 99 405 456
635 2 2 2 103 400 358 402
636 2 2 2 103 358 400 453
637 2 2 2 103 402 358 445
638 2 2 2 103 358 408 445
639 2 2 2 103 359 427 449
640 2 2 2 103 428 359 450
641 2 2 2 103 359 449 450
642 2 2 2 103 360 373 374
643 2 2 2 103 360 374 375
644 2 2 2 103 360 375 435
645 2 2 2 103 417 361 419
646 2 2 2 103 361 417 444
647 2 2 2 103 419 361 446
648 2 2 2 103 430 361 444
649 2 2 2 103 373 362 432
650 2 2 2 103 406 362 407
651 2 2 2 103 362 406 432
652 2 2 2 103 363 428 451
653 2 2 2 103 429 363 452
654 2 2 2 103 363 451 452
655 2 2 2 103 419 364 420
656 2 2 2 103 364 419 446
657 2 2 2 103 420 364 421
658 2 2 2 103 421 364 454
659 2 2 2 103 365 398 399
660 2 2 2 103 398 365 400
661 2 2 2 103 365 399 448
662 2 2 2 103 400 365 453
663 2 2 2 103 366 426 459
664 2 2 2 103 427 366 447
665 2 2 2 103 447 366 459
666 2 2 2 103 423 367 436
667 2 2 2 103 367 423 441
668 2 2 2 103 367 435 436
669 2 2 2 103 368 397 408
670 2 2 2 103 397 368 442
671 2 2 2 103 368 440 442
672 2 2 2 103 369 430 431
673 2 2 2 103 369 431 443
674 2 2 2 103 439 369 443
675 2 2 2 103 404 370 405
676 2 2 2 103 370 404 407
677 2 2 2 103 405 370 456
678 2 2 2 103 371 429 460
679 2 2 2 103 440 371 442
680 2 2 2 103 371 440 455
681 2 2 2 103 442 371 460
682 2 2 2 103 421 372 423
683 2 2 2 103 372 421 454
684 2 2 2 103 423 372 441
685 2 2 2 103 441 372 458
686 2 2 2 103 374 373 432
687 2 2 2 103 375 374 376
688 2 2 2 103 376 374 377
689 2 2 2 103 377 374 432
690 2 2 2 103 375 376 387
691 2 2 2 103 375 387 436
692 2 2 2 103 435 375 436
693 2 2 2 103 376 377 378
694 2 2 2 103 376 378 437
695 2 2 2 103 387 376 437
696 2 2 2 103 378 377 379
697 2 2 2 103 379 377 391
698 2 2 2 103 391 377 432
699 2 2 2 103 378 379 380
700 2 2 2 103 378 380 381
701 2 2 2 103 378 381 437
702 2 2 2 103 380 379 425
703 2 2 2 103 379 391 392
704 2 2 2 103 379 392 425
705 2 2 2 103 381 380 382
706 2 2 2 103 382 380 383
707 2 2 2 103 383 380 425
708 2 2 2 103 381 382 434
709 2 2 2 103 433 381 434
710 2 2 2 103 381 433 437
711 2 2 2 103 382 383 384
712 2 2 2 103 382 384 385
713 2 2 2 103 382 385 434
714 2 2 2 103 384 383 386
715 2 2 2 103 386 383 388
716 2 2 2 103 388 383 425
717 2 2 2 103 385 384 409
718 2 2 2 103 384 386 389
719 2 2 2 103 384 389 409
720 2 2 2 103 385 409 410
721 2 2 2 103 385 410 411
722 2 2 2 103 385 411 434
723 2 2 2 103 386 388 403
724 2 2 2 103 389 386 390
725 2 2 2 103 390 386 403
726 2 2 2 103 387 422 436
727 2 2 2 103 422 387 438
728 2 2 2 103 387 437 438
729 2 2 2 103 388 401 402
730 2 2 2 103 401 388 425
731 2 2 2 103 388 402 403
732 2 2 2 103 389 390 394
733 2 2 2 103 389 394 396
734 2 2 2 103 389 396 409
735 2 2 2 103 394 390 395
736 2 2 2 103 395 390 397
737 2 2 2 103 397 390 403
738 2 2 2 103 392 391 393
739 2 2 2 103 393 391 406
740 2 2 2 103 406 391 432
741 2 2 2 103 392 393 398
742 2 2 2 103 392 398 401
743 2 2 2 103 392 401 425
744 2 2 2 103 398 393 399
745 2 2 2 103 399 393 404
746 2 2 2 103 404 393 406
747 2 2 2 103 394 395 452
748 2 2 2 103 396 394 451
749 2 2 2 103 451 394 452
750 2 2 2 103 395 397 442
751 2 2 2 103 395 442 460
752 2 2 2 103 452 395 460
753 2 2 2 103 409 396 424
754 2 2 2 103 424 396 450
755 2 2 2 103 450 396 451
756 2 2 2 103 397 403 445
757 2 2 2 103 408 397 445
758 2 2 2 103 398 400 401
759 2 2 2 103 399 404 405
760 2 2 2 103 399 405 448
761 2 2 2 103 401 400 402
762 2 2 2 103 403 402 445
763 2 2 2 103 404 406 407
764 2 2 2 103 410 409 424
765 2 2 2 103 411 410 412
766 2 2 2 103 412 410 413
767 2 2 2 103 413 410 424
768 2 2 2 103 411 412 414
769 2 2 2 103 411 414 415
770 2 2 2 103 411 415 434
771 2 2 2 103 412 413 416
772 2 2 2 103 414 412 431
773 2 2 2 103 412 416 431
774 2 2 2 103 416 413 447
775 2 2 2 103 413 424 449
776 2 2 2 103 447 413 449
777 2 2 2 103 415 414 417
778 2 2 2 103 417 414 444
779 2 2 2 103 414 431 444
780 2 2 2 103 415 417 418
781 2 2 2 103 415 418 433
782 2 2 2 103 415 433 434
783 2 2 2 103 431 416 443
784 2 2 2 103 443 416 459
785 2 2 2 103 416 447 459
786 2 2 2 103 418 417 419
787 2 2 2 103 418 419 420
788 2 2 2 103 418 420 438
789 2 2 2 103 433 418 438
790 2 2 2 103 420 421 422
791 2 2 2 103 420 422 438
792 2 2 2 103 422 421 423
793 2 2 2 103 422 423 436
794 2 2 2 103 449 424 450
795 2 2 2 103 426 439 443
796 2 2 2 103 439 426 457
797 2 2 2 103 426 443 459
798 2 2 2 103 427 447 449
799 2 2 2 103 428 450 451
800 2 2 2 103 429 452 460
801 2 2 2 103 431 430 444
802 2 2 2 103 437 433 438
803 2 2 7 104 4 558 37
804 2 2 7 104 109 558 4
805 2 2 7 104 29 560 5
806 2 2 7 104 5 560 100
807 2 2 7 104 73 559 8
808 2 2 7 104 8 559 117
809 2 2 7 104 9 561 65
810 2 2 7 104 108 561 9
811 2 2 7 104 30 529 29
812 2 2 7 104 529 560 29
813 2 2 7 104 31 469 30
814 2 2 7 104 469 529 30
815 2 2 7 104 32 530 31
816 2 2 7 104 31 530 469
817 2 2 7 104 33 461 32
818 2 2 7 104 461 530 32
819 2 2 7 104 34 531 33
820 2 2 7 104 33 531 461
821 2 2 7 104 35 466 34
822 2 2 7 104 466 531 34
823 2 2 7 104 36 532 35
824 2 2 7 104 35 532 466
825 2 2 7 104 37 474 36
826 2 2 7 104 474 532 36
827 2 2 7 104 37 558 474
828 2 2 7 104 65 544 66
829 2 2 7 104 65 561 544
830 2 2 7 104 66 470 67
831 2 2 7 104 66 544 470
832 2 2 7 104 67 538 68
833 2 2 7 104 470 538 67
834 2 2 7 104 68 462 69
835 2 2 7 104 68 538 462
836 2 2 7 104 69 476 70
837 2 2 7 104 462 476 69
838 2 2 7 104 70 465 71
839 2 2 7 104 70 476 465
840 2 2 7 104 71 510 72
841 2 2 7 104 465 510 71
842 2 2 7 104 72 473 73
843 2 2 7 104 72 510 473
844 2 2 7 104 473 559 73
845 2 2 7 104 100 542 101
846 2 2 7 104 100 560 542
847 2 2 7 104 101 472 102
848 2 2 7 104 101 542 472
849 2 2 7 104 102 533 103
850 2 2 7 104 472 533 102
851 2 2 7 104 103 464 104
852 2 2 7 104 103 533 464
853 2 2 7 104 104 549 105
854 2 2 7 104 464 549 104
855 2 2 7 104 105 467 106
856 2 2 7 104 105 549 467
857 2 2 7 104 106 557 107
858 2 2 7 104 467 557 106
859 2 2 7 104 107 475 108
860 2 2 7 104 107 557 475
861 2 2 7 104 475 561 108
862 2 2 7 104 110 543 109
863 2 2 7 104 543 558 109
864 2 2 7 104 111 471 110
865 2 2 7 104 471 543 110
866 2 2 7 104 112 511 111
867 2 2 7 104 111 511 471
868 2 2 7 104 113 463 112
869 2 2 7 104 463 511 112
870 2 2 7 104 114 556 113
871 2 2 7 104 113 556 463
872 2 2 7 104 115 468 114
873 2 2 7 104 468 556 114
874 2 2 7 104 116 551 115
875 2 2 7 104 115 551 468
876 2 2 7 104 117 508 116
877 2 2 7 104 508 551 116
878 2 2 7 104 117 559 508
879 2 2 7 104 461 552 530
880 2 2 7 104 531 553 461
881 2 2 7 104 461 553 552
882 2 2 7 104 462 477 476
883 2 2 7 104 462 478 477
884 2 2 7 104 462 538 478
885 2 2 7 104 503 505 463
886 2 2 7 104 463 556 503
887 2 2 7 104 505 548 463
888 2 2 7 104 463 548 511
889 2 2 7 104 520 522 464
890 2 2 7 104 464 547 520
891 2 2 7 104 522 549 464
892 2 2 7 104 533 547 464
893 2 2 7 104 476 535 465
894 2 2 7 104 509 510 465
895 2 2 7 104 465 535 509
896 2 2 7 104 466 554 531
897 2 2 7 104 532 555 466
898 2 2 7 104 466 555 554
899 2 2 7 104 522 523 467
900 2 2 7 104 467 549 522
901 2 2 7 104 523 524 467
902 2 2 7 104 524 557 467
903 2 2 7 104 468 502 501
904 2 2 7 104 501 503 468
905 2 2 7 104 468 551 502
906 2 2 7 104 503 556 468
907 2 2 7 104 469 562 529
908 2 2 7 104 530 550 469
909 2 2 7 104 550 562 469
910 2 2 7 104 526 539 470
911 2 2 7 104 470 544 526
912 2 2 7 104 470 539 538
913 2 2 7 104 471 511 500
914 2 2 7 104 500 545 471
915 2 2 7 104 471 545 543
916 2 2 7 104 472 534 533
917 2 2 7 104 472 546 534
918 2 2 7 104 542 546 472
919 2 2 7 104 507 508 473
920 2 2 7 104 473 510 507
921 2 2 7 104 508 559 473
922 2 2 7 104 474 563 532
923 2 2 7 104 543 545 474
924 2 2 7 104 474 558 543
925 2 2 7 104 545 563 474
926 2 2 7 104 524 526 475
927 2 2 7 104 475 557 524
928 2 2 7 104 526 544 475
929 2 2 7 104 544 561 475
930 2 2 7 104 477 535 476
931 2 2 7 104 478 479 477
932 2 2 7 104 479 480 477
933 2 2 7 104 480 535 477
934 2 2 7 104 478 490 479
935 2 2 7 104 478 539 490
936 2 2 7 104 538 539 478
937 2 2 7 104 479 481 480
938 2 2 7 104 479 540 481
939 2 2 7 104 490 540 479
940 2 2 7 104 481 482 480
941 2 2 7 104 482 494 480
942 2 2 7 104 494 535 480
943 2 2 7 104 481 483 482
944 2 2 7 104 481 484 483
945 2 2 7 104 481 540 484
946 2 2 7 104 483 528 482
947 2 2 7 104 482 495 494
948 2 2 7 104 482 528 495
949 2 2 7 104 484 485 483
950 2 2 7 104 485 486 483
951 2 2 7 104 486 528 483
952 2 2 7 104 484 537 485
953 2 2 7 104 536 537 484
954 2 2 7 104 484 540 536
955 2 2 7 104 485 487 486
956 2 2 7 104 485 488 487
957 2 2 7 104 485 537 488
958 2 2 7 104 487 489 486
959 2 2 7 104 489 491 486
960 2 2 7 104 491 528 486
961 2 2 7 104 488 512 487
962 2 2 7 104 487 492 489
963 2 2 7 104 487 512 492
964 2 2 7 104 488 513 512
965 2 2 7 104 488 514 513
966 2 2 7 104 488 537 514
967 2 2 7 104 489 506 491
968 2 2 7 104 492 493 489
969 2 2 7 104 493 506 489
970 2 2 7 104 490 539 525
971 2 2 7 104 525 541 490
972 2 2 7 104 490 541 540
973 2 2 7 104 491 505 504
974 2 2 7 104 504 528 491
975 2 2 7 104 491 506 505
976 2 2 7 104 492 497 493
977 2 2 7 104 492 499 497
978 2 2 7 104 492 512 499
979 2 2 7 104 497 498 493
980 2 2 7 104 498 500 493
981 2 2 7 104 500 506 493
982 2 2 7 104 495 496 494
983 2 2 7 104 496 509 494
984 2 2 7 104 509 535 494
985 2 2 7 104 495 501 496
986 2 2 7 104 495 504 501
987 2 2 7 104 495 528 504
988 2 2 7 104 501 502 496
989 2 2 7 104 502 507 496
990 2 2 7 104 507 509 496
991 2 2 7 104 497 555 498
992 2 2 7 104 499 554 497
993 2 2 7 104 554 555 497
994 2 2 7 104 498 545 500
995 2 2 7 104 498 563 545
996 2 2 7 104 555 563 498
997 2 2 7 104 512 527 499
998 2 2 7 104 527 553 499
999 2 2 7 104 553 554 499
1000 2 2 7 104 500 548 506
1001 2 2 7 104 511 548 500
1002 2 2 7 104 501 504 503
1003 2 2 7 104 502 508 507
1004 2 2 7 104 502 551 508
1005 2 2 7 104 504 505 503
1006 2 2 7 104 506 548 505
1007 2 2 7 104 507 510 509
1008 2 2 7 104 513 527 512
1009 2 2 7 104 514 515 513
1010 2 2 7 104 515 516 513
1011 2 2 7 104 516 527 513
1012 2 2 7 104 514 517 515
1013 2 2 7 104 514 518 517
1014 2 2 7 104 514 537 518
1015 2 2 7 104 515 519 516
1016 2 2 7 104 517 534 515
1017 2 2 7 104 515 534 519
1018 2 2 7 104 519 550 516
1019 2 2 7 104 516 552 527
1020 2 2 7 104 550 552 516
1021 2 2 7 104 518 520 517
1022 2 2 7 104 520 547 517
1023 2 2 7 104 517 547 534
1024 2 2 7 104 518 521 520
1025 2 2 7 104 518 536 521
1026 2 2 7 104 518 537 536
1027 2 2 7 104 534 546 519
1028 2 2 7 104 546 562 519
1029 2 2 7 104 519 562 550
1030 2 2 7 104 521 522 520
1031 2 2 7 104 521 523 522
1032 2 2 7 104 521 541 523
1033 2 2 7 104 536 541 521
1034 2 2 7 104 523 525 524
1035 2 2 7 104 523 541 525
1036 2 2 7 104 525 526 524
1037 2 2 7 104 525 539 526
1038 2 2 7 104 552 553 527
1039 2 2 7 104 529 546 542
1040 2 2 7 104 542 560 529
1041 2 2 7 104 529 562 546
1042 2 2 7 104 530 552 550
1043 2 2 7 104 531 554 553
1044 2 2 7 104 532 563 555
1045 2 2 7 104 534 547 533
1046 2 2 7 104 540 541 536
1047 2 2 3 105 1 38 663
1048 2 2 3 105 83 1 663
1049 2 2 3 105 46 5 664
1050 2 2 3 105 5 100 664
1051 2 2 3 105 74 7 661
1052 2 2 3 105 7 91 661
1053 2 2 3 105 9 82 662
1054 2 2 3 105 108 9 662
1055 2 2 3 105 38 39 626
1056 2 2 3 105 38 626 663
1057 2 2 3 105 39 40 572
1058 2 2 3 105 39 572 626
1059 2 2 3 105 40 41 627
1060 2 2 3 105 572 40 627
1061 2 2 3 105 41 42 564
1062 2 2 3 105 41 564 627
1063 2 2 3 105 42 43 628
1064 2 2 3 105 564 42 628
1065 2 2 3 105 43 44 569
1066 2 2 3 105 43 569 628
1067 2 2 3 105 44 45 629
1068 2 2 3 105 569 44 629
1069 2 2 3 105 45 46 577
1070 2 2 3 105 45 577 629
1071 2 2 3 105 577 46 664
1072 2 2 3 105 75 74 642
1073 2 2 3 105 642 74 661
1074 2 2 3 105 76 75 573
1075 2 2 3 105 573 75 642
1076 2 2 3 105 77 76 579
1077 2 2 3 105 76 573 579
1078 2 2 3 105 78 77 565
1079 2 2 3 105 565 77 579
1080 2 2 3 105 79 78 638
1081 2 2 3 105 78 565 638
1082 2 2 3 105 80 79 570
1083 2 2 3 105 570 79 638
1084 2 2 3 105 81 80 631
1085 2 2 3 105 80 570 631
1086 2 2 3 105 82 81 576
1087 2 2 3 105 576 81 631
1088 2 2 3 105 82 576 662
1089 2 2 3 105 84 83 643
1090 2 2 3 105 643 83 663
1091 2 2 3 105 85 84 575
1092 2 2 3 105 575 84 643
1093 2 2 3 105 86 85 630
1094 2 2 3 105 85 575 630
1095 2 2 3 105 87 86 567
1096 2 2 3 105 567 86 630
1097 2 2 3 105 88 87 659
1098 2 2 3 105 87 567 659
1099 2 2 3 105 89 88 571
1100 2 2 3 105 571 88 659
1101 2 2 3 105 90 89 653
1102 2 2 3 105 89 571 653
1103 2 2 3 105 91 90 578
1104 2 2 3 105 578 90 653
1105 2 2 3 105 91 578 661
1106 2 2 3 105 100 101 644
1107 2 2 3 105 100 644 664
1108 2 2 3 105 101 102 574
1109 2 2 3 105 101 574 644
1110 2 2 3 105 102 103 632
1111 2 2 3 105 574 102 632
1112 2 2 3 105 103 104 566
1113 2 2 3 105 103 566 632
1114 2 2 3 105 104 105 618
1115 2 2 3 105 566 104 618
1116 2 2 3 105 105 106 568
1117 2 2 3 105 105 568 618
1118 2 2 3 105 106 107 635
1119 2 2 3 105 568 106 635
1120 2 2 3 105 107 108 645
1121 2 2 3 105 635 107 645
1122 2 2 3 105 645 108 662
1123 2 2 3 105 627 564 656
1124 2 2 3 105 564 628 655
1125 2 2 3 105 564 655 656
1126 2 2 3 105 565 579 580
1127 2 2 3 105 565 580 581
1128 2 2 3 105 565 581 638
1129 2 2 3 105 566 618 633
1130 2 2 3 105 632 566 649
1131 2 2 3 105 566 633 649
1132 2 2 3 105 613 567 615
1133 2 2 3 105 567 613 659
1134 2 2 3 105 615 567 650
1135 2 2 3 105 567 630 650
1136 2 2 3 105 618 568 619
1137 2 2 3 105 619 568 620
1138 2 2 3 105 620 568 635
1139 2 2 3 105 628 569 654
1140 2 2 3 105 569 629 652
1141 2 2 3 105 569 652 654
1142 2 2 3 105 570 625 658
1143 2 2 3 105 625 570 660
1144 2 2 3 105 631 570 658
1145 2 2 3 105 570 638 660
1146 2 2 3 105 611 571 612
1147 2 2 3 105 571 611 653
1148 2 2 3 105 612 571 613
1149 2 2 3 105 613 571 659
1150 2 2 3 105 626 572 666
1151 2 2 3 105 572 627 657
1152 2 2 3 105 572 657 666
1153 2 2 3 105 579 573 608
1154 2 2 3 105 608 573 609
1155 2 2 3 105 609 573 642
1156 2 2 3 105 606 574 632
1157 2 2 3 105 574 606 648
1158 2 2 3 105 644 574 648
1159 2 2 3 105 575 604 630
1160 2 2 3 105 604 575 647
1161 2 2 3 105 575 643 647
1162 2 2 3 105 623 576 631
1163 2 2 3 105 576 623 645
1164 2 2 3 105 576 645 662
1165 2 2 3 105 629 577 665
1166 2 2 3 105 577 644 648
1167 2 2 3 105 644 577 664
1168 2 2 3 105 577 648 665
1169 2 2 3 105 609 578 611
1170 2 2 3 105 578 609 642
1171 2 2 3 105 611 578 653
1172 2 2 3 105 578 642 661
1173 2 2 3 105 580 579 608
1174 2 2 3 105 581 580 582
1175 2 2 3 105 582 580 637
1176 2 2 3 105 580 608 637
1177 2 2 3 105 581 582 583
1178 2 2 3 105 581 583 660
1179 2 2 3 105 638 581 660
1180 2 2 3 105 583 582 584
1181 2 2 3 105 584 582 585
1182 2 2 3 105 585 582 637
1183 2 2 3 105 583 584 651
1184 2 2 3 105 583 624 625
1185 2 2 3 105 624 583 651
1186 2 2 3 105 583 625 660
1187 2 2 3 105 584 585 586
1188 2 2 3 105 584 586 587
1189 2 2 3 105 584 587 651
1190 2 2 3 105 586 585 641
1191 2 2 3 105 616 585 637
1192 2 2 3 105 585 616 641
1193 2 2 3 105 587 586 588
1194 2 2 3 105 588 586 589
1195 2 2 3 105 589 586 641
1196 2 2 3 105 587 588 590
1197 2 2 3 105 587 590 593
1198 2 2 3 105 587 593 651
1199 2 2 3 105 588 589 634
1200 2 2 3 105 590 588 591
1201 2 2 3 105 591 588 634
1202 2 2 3 105 589 617 634
1203 2 2 3 105 617 589 640
1204 2 2 3 105 640 589 641
1205 2 2 3 105 590 591 592
1206 2 2 3 105 590 592 639
1207 2 2 3 105 593 590 639
1208 2 2 3 105 592 591 594
1209 2 2 3 105 594 591 595
1210 2 2 3 105 595 591 634
1211 2 2 3 105 592 594 596
1212 2 2 3 105 592 596 598
1213 2 2 3 105 592 598 639
1214 2 2 3 105 593 621 624
1215 2 2 3 105 621 593 646
1216 2 2 3 105 593 624 651
1217 2 2 3 105 593 639 646
1218 2 2 3 105 594 595 597
1219 2 2 3 105 596 594 636
1220 2 2 3 105 594 597 636
1221 2 2 3 105 597 595 599
1222 2 2 3 105 599 595 600
1223 2 2 3 105 600 595 634
1224 2 2 3 105 598 596 606
1225 2 2 3 105 606 596 607
1226 2 2 3 105 607 596 636
1227 2 2 3 105 597 599 655
1228 2 2 3 105 636 597 654
1229 2 2 3 105 654 597 655
1230 2 2 3 105 598 606 649
1231 2 2 3 105 598 633 639
1232 2 2 3 105 633 598 649
1233 2 2 3 105 599 600 601
1234 2 2 3 105 599 601 656
1235 2 2 3 105 655 599 656
1236 2 2 3 105 601 600 602
1237 2 2 3 105 602 600 617
1238 2 2 3 105 617 600 634
1239 2 2 3 105 601 602 603
1240 2 2 3 105 601 603 657
1241 2 2 3 105 656 601 657
1242 2 2 3 105 603 602 604
1243 2 2 3 105 604 602 605
1244 2 2 3 105 605 602 617
1245 2 2 3 105 603 604 647
1246 2 2 3 105 603 647 666
1247 2 2 3 105 657 603 666
1248 2 2 3 105 604 605 650
1249 2 2 3 105 630 604 650
1250 2 2 3 105 615 605 640
1251 2 2 3 105 605 615 650
1252 2 2 3 105 605 617 640
1253 2 2 3 105 606 607 648
1254 2 2 3 105 606 632 649
1255 2 2 3 105 607 636 652
1256 2 2 3 105 648 607 665
1257 2 2 3 105 607 652 665
1258 2 2 3 105 608 609 610
1259 2 2 3 105 608 610 637
1260 2 2 3 105 610 609 611
1261 2 2 3 105 610 611 612
1262 2 2 3 105 610 612 616
1263 2 2 3 105 610 616 637
1264 2 2 3 105 612 613 614
1265 2 2 3 105 612 614 616
1266 2 2 3 105 614 613 615
1267 2 2 3 105 614 615 640
1268 2 2 3 105 616 614 641
1269 2 2 3 105 614 640 641
1270 2 2 3 105 618 619 633
1271 2 2 3 105 619 620 621
1272 2 2 3 105 619 621 646
1273 2 2 3 105 633 619 646
1274 2 2 3 105 621 620 622
1275 2 2 3 105 622 620 623
1276 2 2 3 105 623 620 635
1277 2 2 3 105 621 622 624
1278 2 2 3 105 622 623 658
1279 2 2 3 105 624 622 625
1280 2 2 3 105 625 622 658
1281 2 2 3 105 623 631 658
1282 2 2 3 105 623 635 645
1283 2 2 3 105 643 626 647
1284 2 2 3 105 626 643 663
1285 2 2 3 105 647 626 666
1286 2 2 3 105 627 656 657
1287 2 2 3 105 628 654 655
1288 2 2 3 105 652 629 665
1289 2 2 3 105 639 633 646
1290 2 2 3 105 652 636 654
1291 2 2 5 106 3 737 25
1292 2 2 5 106 125 737 3
1293 2 2 5 106 28 735 4
1294 2 2 5 106 4 735 109
1295 2 2 5 106 56 733 6
1296 2 2 5 106 6 733 99
1297 2 2 5 106 8 738 64
1298 2 2 5 106 117 738 8
1299 2 2 5 106 96 736 10
1300 2 2 5 106 10 736 118
1301 2 2 5 106 121 670 11
1302 2 2 5 106 11 702 122
1303 2 2 5 106 670 673 11
1304 2 2 5 106 673 734 11
1305 2 2 5 106 11 734 702
1306 2 2 5 106 25 714 26
1307 2 2 5 106 25 737 714
1308 2 2 5 106 26 669 27
1309 2 2 5 106 26 714 669
1310 2 2 5 106 27 715 28
1311 2 2 5 106 669 715 27
1312 2 2 5 106 715 735 28
1313 2 2 5 106 57 716 56
1314 2 2 5 106 716 733 56
1315 2 2 5 106 58 672 57
1316 2 2 5 106 672 716 57
1317 2 2 5 106 59 710 58
1318 2 2 5 106 58 710 672
1319 2 2 5 106 60 675 59
1320 2 2 5 106 675 710 59
1321 2 2 5 106 61 696 60
1322 2 2 5 106 60 696 675
1323 2 2 5 106 62 668 61
1324 2 2 5 106 668 696 61
1325 2 2 5 106 63 711 62
1326 2 2 5 106 62 711 668
1327 2 2 5 106 64 683 63
1328 2 2 5 106 683 711 63
1329 2 2 5 106 64 738 683
1330 2 2 5 106 97 718 96
1331 2 2 5 106 718 736 96
1332 2 2 5 106 98 677 97
1333 2 2 5 106 677 718 97
1334 2 2 5 106 99 707 98
1335 2 2 5 106 98 707 677
1336 2 2 5 106 99 733 707
1337 2 2 5 106 109 697 110
1338 2 2 5 106 109 735 697
1339 2 2 5 106 110 678 111
1340 2 2 5 106 110 697 678
1341 2 2 5 106 111 713 112
1342 2 2 5 106 678 713 111
1343 2 2 5 106 112 671 113
1344 2 2 5 106 112 713 671
1345 2 2 5 106 113 712 114
1346 2 2 5 106 671 712 113
1347 2 2 5 106 114 667 115
1348 2 2 5 106 114 712 667
1349 2 2 5 106 115 730 116
1350 2 2 5 106 667 730 115
1351 2 2 5 106 116 719 117
1352 2 2 5 106 116 730 719
1353 2 2 5 106 719 738 117
1354 2 2 5 106 118 703 119
1355 2 2 5 106 118 736 703
1356 2 2 5 106 119 676 120
1357 2 2 5 106 119 703 676
1358 2 2 5 106 120 705 121
1359 2 2 5 106 676 705 120
1360 2 2 5 106 121 705 670
1361 2 2 5 106 122 674 123
1362 2 2 5 106 122 702 674
1363 2 2 5 106 123 706 124
1364 2 2 5 106 674 706 123
1365 2 2 5 106 124 688 125
1366 2 2 5 106 124 706 688
1367 2 2 5 106 688 737 125
1368 2 2 5 106 691 693 667
1369 2 2 5 106 667 729 691
1370 2 2 5 106 693 730 667
1371 2 2 5 106 712 729 667
1372 2 2 5 106 668 724 696
1373 2 2 5 106 711 725 668
1374 2 2 5 106 668 725 724
1375 2 2 5 106 714 720 669
1376 2 2 5 106 669 741 715
1377 2 2 5 106 720 741 669
1378 2 2 5 106 670 679 673
1379 2 2 5 106 670 684 679
1380 2 2 5 106 670 705 684
1381 2 2 5 106 689 712 671
1382 2 2 5 106 671 727 689
1383 2 2 5 106 713 727 671
1384 2 2 5 106 708 716 672
1385 2 2 5 106 672 717 708
1386 2 2 5 106 710 717 672
1387 2 2 5 106 679 680 673
1388 2 2 5 106 680 681 673
1389 2 2 5 106 681 734 673
1390 2 2 5 106 702 728 674
1391 2 2 5 106 674 723 706
1392 2 2 5 106 674 728 723
1393 2 2 5 106 696 721 675
1394 2 2 5 106 675 726 710
1395 2 2 5 106 721 726 675
1396 2 2 5 106 703 704 676
1397 2 2 5 106 704 709 676
1398 2 2 5 106 676 709 705
1399 2 2 5 106 707 708 677
1400 2 2 5 106 708 740 677
1401 2 2 5 106 677 740 718
1402 2 2 5 106 697 698 678
1403 2 2 5 106 698 699 678
1404 2 2 5 106 699 713 678
1405 2 2 5 106 679 687 680
1406 2 2 5 106 684 694 679
1407 2 2 5 106 679 694 687
1408 2 2 5 106 680 682 681
1409 2 2 5 106 680 701 682
1410 2 2 5 106 687 701 680
1411 2 2 5 106 682 685 681
1412 2 2 5 106 685 686 681
1413 2 2 5 106 686 734 681
1414 2 2 5 106 682 691 685
1415 2 2 5 106 682 692 691
1416 2 2 5 106 682 701 692
1417 2 2 5 106 683 722 711
1418 2 2 5 106 719 722 683
1419 2 2 5 106 683 738 719
1420 2 2 5 106 684 695 694
1421 2 2 5 106 684 709 695
1422 2 2 5 106 705 709 684
1423 2 2 5 106 685 689 686
1424 2 2 5 106 685 729 689
1425 2 2 5 106 691 729 685
1426 2 2 5 106 689 690 686
1427 2 2 5 106 690 728 686
1428 2 2 5 106 686 728 702
1429 2 2 5 106 702 734 686
1430 2 2 5 106 694 721 687
1431 2 2 5 106 687 724 701
1432 2 2 5 106 721 724 687
1433 2 2 5 106 706 739 688
1434 2 2 5 106 688 720 714
1435 2 2 5 106 714 737 688
1436 2 2 5 106 688 739 720
1437 2 2 5 106 689 727 690
1438 2 2 5 106 689 729 712
1439 2 2 5 106 727 731 690
1440 2 2 5 106 690 731 728
1441 2 2 5 106 692 693 691
1442 2 2 5 106 692 722 693
1443 2 2 5 106 701 725 692
1444 2 2 5 106 692 725 722
1445 2 2 5 106 693 722 719
1446 2 2 5 106 719 730 693
1447 2 2 5 106 695 726 694
1448 2 2 5 106 694 726 721
1449 2 2 5 106 709 732 695
1450 2 2 5 106 717 726 695
1451 2 2 5 106 695 732 717
1452 2 2 5 106 696 724 721
1453 2 2 5 106 697 715 698
1454 2 2 5 106 697 735 715
1455 2 2 5 106 698 700 699
1456 2 2 5 106 698 741 700
1457 2 2 5 106 715 741 698
1458 2 2 5 106 700 731 699
1459 2 2 5 106 699 727 713
1460 2 2 5 106 699 731 727
1461 2 2 5 106 720 739 700
1462 2 2 5 106 700 741 720
1463 2 2 5 106 723 731 700
1464 2 2 5 106 700 739 723
1465 2 2 5 106 724 725 701
1466 2 2 5 106 703 718 704
1467 2 2 5 106 703 736 718
1468 2 2 5 106 704 732 709
1469 2 2 5 106 718 740 704
1470 2 2 5 106 704 740 732
1471 2 2 5 106 723 739 706
1472 2 2 5 106 707 716 708
1473 2 2 5 106 707 733 716
1474 2 2 5 106 717 732 708
1475 2 2 5 106 732 740 708
1476 2 2 5 106 710 726 717
1477 2 2 5 106 722 725 711
1478 2 2 5 106 728 731 723
1479 4 2 1 1 942 823 1018 1098
1480 4 2 1 1 852 855 285 977
1481 4 2 1 1 753 947 776 961
1482 4 2 1 1 812 853 490 1022
1483 4 2 1 1 745 951 787 1038
1484 4 2 1 1 748 909 968 1085
1485 4 2 1 1 157 569 829 862
1486 4 2 1 1 841 929 928 995
1487 4 2 1 1 776 947 803 961
1488 4 2 1 1 660 907 837 975
1489 4 2 1 1 698 926 1000 1046
1490 4 2 1 1 867 942 823 1018
1491 4 2 1 1 124 859 943 1036
1492 4 2 1 1 753 776 949 961
1493 4 2 1 1 742 788 937 1084
1494 4 2 1 1 747 938 860 940
1495 4 2 1 1 802 844 528 949
1496 4 2 1 1 922 1042 809 1151
1497 4 2 1 1 850 943 148 963
1498 4 2 1 1 250 917 804 1104
1499 4 2 1 1 745 787 848 1038
1500 4 2 1 1 148 850 141 943
1501 4 2 1 1 182 179 831 885
1502 4 2 1 1 182 885 831 890
1503 4 2 1 1 921 1067 937 1091
1504 4 2 1 1 743 916 873 1027
1505 4 2 1 1 776 928 841 929
1506 4 2 1 1 742 937 921 1067
1507 4 2 1 1 871 922 11 1042
1508 4 2 1 1 942 1018 981 1098
1509 4 2 1 1 914 945 869 1113
1510 4 2 1 1 742 936 788 1084
1511 4 2 1 1 755 853 812 1022
1512 4 2 1 1 305 876 855 1118
1513 4 2 1 1 743 881 916 1027
1514 4 2 1 1 830 285 855 977
1515 4 2 1 1 285 855 852 1118
1516 4 2 1 1 743 798 816 1119
1517 4 2 1 1 748 909 810 968
1518 4 2 1 1 404 779 393 939
1519 4 2 1 1 722 869 774 945
1520 4 2 1 1 454 653 905 919
1521 4 2 1 1 660 975 837 1124
1522 4 2 1 1 693 869 945 1113
1523 4 2 1 1 779 879 393 939
1524 4 2 1 1 762 864 978 1052
1525 4 2 1 1 250 804 927 1104
1526 4 2 1 1 762 978 864 1163
1527 4 2 1 1 283 285 852 1118
1528 4 2 1 1 305 855 876 1013
1529 4 2 1 1 752 873 806 1027
1530 4 2 1 1 806 873 752 916
1531 4 2 1 1 814 964 823 1098
1532 4 2 1 1 126 943 141 1036
1533 4 2 1 1 853 929 841 995
1534 4 2 1 1 743 816 798 881
1535 4 2 1 1 748 968 792 1085
1536 4 2 1 1 754 846 794 978
1537 4 2 1 1 285 284 852 977
1538 4 2 1 1 745 964 814 1098
1539 4 2 1 1 787 899 848 1038
1540 4 2 1 1 633 845 784 1144
1541 4 2 1 1 742 921 901 1054
1542 4 2 1 1 389 847 1017 1052
1543 4 2 1 1 251 924 933 1066
1544 4 2 1 1 122 1042 922 1151
1545 4 2 1 1 818 1000 926 1046
1546 4 2 1 1 755 830 995 1021
1547 4 2 1 1 285 284 283 852
1548 4 2 1 1 178 791 885 960
1549 4 2 1 1 819 851 771 931
1550 4 2 1 1 756 968 909 1085
1551 4 2 1 1 814 823 959 1098
1552 4 2 1 1 141 850 148 963
1553 4 2 1 1 921 801 1067 1091
1554 4 2 1 1 178 885 791 1092
1555 4 2 1 1 829 761 875 890
1556 4 2 1 1 666 603 933 1009
1557 4 2 1 1 122 11 922 1042
1558 4 2 1 1 754 881 846 978
1559 4 2 1 1 776 803 928 961
1560 4 2 1 1 141 943 850 1036
1561 4 2 1 1 773 823 942 1098
1562 4 2 1 1 859 769 943 1036
1563 4 2 1 1 769 1015 883 1053
1564 4 2 1 1 752 932 785 958
1565 4 2 1 1 752 1027 806 1148
1566 4 2 1 1 560 162 245 833
1567 4 2 1 1 124 883 859 1036
1568 4 2 1 1 813 861 604 948
1569 4 2 1 1 756 783 882 999
1570 4 2 1 1 389 847 1052 1103
1571 4 2 1 1 752 786 932 958
1572 4 2 1 1 389 1052 386 1103
1573 4 2 1 1 793 932 847 1065
1574 4 2 1 1 901 921 795 1054
1575 4 2 1 1 754 978 794 1068
1576 4 2 1 1 528 844 802 953
1577 4 2 1 1 851 931 819 1074
1578 4 2 1 1 251 235 924 1066
1579 4 2 1 1 793 747 932 1065
1580 4 2 1 1 747 940 860 1068
1581 4 2 1 1 769 827 1015 1053
1582 4 2 1 1 860 938 747 1068
1583 4 2 1 1 722 774 692 945
1584 4 2 1 1 908 995 830 1021
1585 4 2 1 1 742 782 916 936
1586 4 2 1 1 752 865 863 895
1587 4 2 1 1 755 973 853 1022
1588 4 2 1 1 752 786 958 1012
1589 4 2 1 1 742 1002 936 1084
1590 4 2 1 1 776 841 853 929
1591 4 2 1 1 166 883 1015 1053
1592 4 2 1 1 374 910 952 957
1593 4 2 1 1 742 782 936 997
1594 4 2 1 1 802 949 776 961
1595 4 2 1 1 539 812 490 1022
1596 4 2 1 1 664 560 245 833
1597 4 2 1 1 422 905 942 1014
1598 4 2 1 1 822 762 1031 1163
1599 4 2 1 1 422 423 905 1014
1600 4 2 1 1 756 968 783 999
1601 4 2 1 1 638 320 837 907
1602 4 2 1 1 775 760 858 950
1603 4 2 1 1 654 829 862 894
1604 4 2 1 1 617 810 861 972
1605 4 2 1 1 806 916 752 937
1606 4 2 1 1 633 784 845 1071
1607 4 2 1 1 781 1047 870 1069
1608 4 2 1 1 829 761 890 998
1609 4 2 1 1 831 890 761 998
1610 4 2 1 1 722 693 869 945
1611 4 2 1 1 698 1000 700 1046
1612 4 2 1 1 756 792 968 1085
1613 4 2 1 1 745 823 964 1098
1614 4 2 1 1 634 810 617 972
1615 4 2 1 1 348 1032 911 1073
1616 4 2 1 1 134 794 846 965
1617 4 2 1 1 821 183 890 1082
1618 4 2 1 1 831 875 761 890
1619 4 2 1 1 232 917 250 1104
1620 4 2 1 1 134 846 794 922
1621 4 2 1 1 816 798 881 1019
1622 4 2 1 1 752 785 932 1148
1623 4 2 1 1 386 383 384 793
1624 4 2 1 1 311 812 1013 1106
1625 4 2 1 1 742 916 782 921
1626 4 2 1 1 831 885 750 983
1627 4 2 1 1 816 743 1119 1156
1628 4 2 1 1 460 917 913 1072
1629 4 2 1 1 764 875 829 894
1630 4 2 1 1 751 852 830 855
1631 4 2 1 1 853 973 525 1022
1632 4 2 1 1 692 774 979 1086
1633 4 2 1 1 836 935 842 1007
1634 4 2 1 1 809 922 871 1042
1635 4 2 1 1 863 865 752 1012
1636 4 2 1 1 593 789 906 1071
1637 4 2 1 1 814 964 951 996
1638 4 2 1 1 305 855 289 1118
1639 4 2 1 1 742 921 782 997
1640 4 2 1 1 377 374 376 910
1641 4 2 1 1 423 919 905 1014
1642 4 2 1 1 805 842 836 935
1643 4 2 1 1 867 905 823 942
1644 4 2 1 1 750 792 838 854
1645 4 2 1 1 374 376 910 957
1646 4 2 1 1 600 617 810 861
1647 4 2 1 1 126 124 943 1036
1648 4 2 1 1 593 845 789 1071
1649 4 2 1 1 846 881 798 1019
1650 4 2 1 1 830 852 751 1101
1651 4 2 1 1 634 600 617 810
1652 4 2 1 1 383 384 793 1103
1653 4 2 1 1 748 792 968 1023
1654 4 2 1 1 766 928 802 1107
1655 4 2 1 1 859 883 769 1036
1656 4 2 1 1 774 869 914 945
1657 4 2 1 1 746 1047 781 1069
1658 4 2 1 1 393 879 779 1033
1659 4 2 1 1 831 890 885 983
1660 4 2 1 1 651 882 587 1130
1661 4 2 1 1 393 779 404 1033
1662 4 2 1 1 773 823 905 942
1663 4 2 1 1 857 955 687 1086
1664 4 2 1 1 289 855 305 1013
1665 4 2 1 1 771 851 819 990
1666 4 2 1 1 454 372 653 919
1667 4 2 1 1 762 978 793 1052
1668 4 2 1 1 752 785 937 958
1669 4 2 1 1 422 423 421 905
1670 4 2 1 1 722 692 774 979
1671 4 2 1 1 688 859 781 1046
1672 4 2 1 1 787 951 899 1038
1673 4 2 1 1 383 793 1037 1103
1674 4 2 1 1 783 845 784 896
1675 4 2 1 1 348 830 911 1032
1676 4 2 1 1 162 560 529 833
1677 4 2 1 1 885 890 183 1082
1678 4 2 1 1 813 948 604 1009
1679 4 2 1 1 692 945 774 1086
1680 4 2 1 1 813 861 948 1097
1681 4 2 1 1 166 1015 168 1053
1682 4 2 1 1 819 931 771 971
1683 4 2 1 1 783 1095 756 1096
1684 4 2 1 1 178 791 960 1092
1685 4 2 1 1 951 964 817 996
1686 4 2 1 1 349 779 989 1041
1687 4 2 1 1 241 157 829 862
1688 4 2 1 1 654 829 569 862
1689 4 2 1 1 806 873 916 1027
1690 4 2 1 1 836 842 805 1142
1691 4 2 1 1 374 910 835 952
1692 4 2 1 1 666 933 924 1009
1693 4 2 1 1 802 986 820 1026
1694 4 2 1 1 374 432 835 910
1695 4 2 1 1 814 1038 745 1098
1696 4 2 1 1 617 861 834 972
1697 4 2 1 1 386 793 384 1103
1698 4 2 1 1 753 803 947 961
1699 4 2 1 1 865 895 752 1012
1700 4 2 1 1 349 331 779 985
1701 4 2 1 1 817 964 951 1084
1702 4 2 1 1 748 968 810 1023
1703 4 2 1 1 654 636 829 894
1704 4 2 1 1 777 885 821 983
1705 4 2 1 1 936 1002 817 1084
1706 4 2 1 1 829 875 761 894
1707 4 2 1 1 742 901 854 1054
1708 4 2 1 1 813 934 861 1097
1709 4 2 1 1 137 134 794 922
1710 4 2 1 1 750 875 831 983
1711 4 2 1 1 185 923 1010 1044
1712 4 2 1 1 664 560 833 1116
1713 4 2 1 1 170 970 827 1015
1714 4 2 1 1 784 845 783 1144
1715 4 2 1 1 486 528 844 949
1716 4 2 1 1 332 915 851 989
1717 4 2 1 1 945 1062 780 1129
1718 4 2 1 1 747 925 940 1091
1719 4 2 1 1 750 838 792 1164
1720 4 2 1 1 349 779 331 989
1721 4 2 1 1 654 862 597 894
1722 4 2 1 1 776 928 802 961
1723 4 2 1 1 340 538 812 1106
1724 4 2 1 1 155 821 530 1145
1725 4 2 1 1 830 837 755 911
1726 4 2 1 1 885 888 791 1092
1727 4 2 1 1 830 977 852 1101
1728 4 2 1 1 504 953 501 1062
1729 4 2 1 1 353 561 662 856
1730 4 2 1 1 749 840 896 947
1731 4 2 1 1 688 1046 781 1094
1732 4 2 1 1 820 1024 802 1026
1733 4 2 1 1 819 851 295 990
1734 4 2 1 1 295 851 819 989
1735 4 2 1 1 931 971 819 1074
1736 4 2 1 1 814 745 951 964
1737 4 2 1 1 633 784 598 1144
1738 4 2 1 1 781 859 688 1094
1739 4 2 1 1 940 1091 925 1136
1740 4 2 1 1 814 823 964 1078
1741 4 2 1 1 374 377 432 910
1742 4 2 1 1 760 844 807 1051
1743 4 2 1 1 168 1015 827 1053
1744 4 2 1 1 232 250 917 1083
1745 4 2 1 1 580 608 815 959
1746 4 2 1 1 814 959 1038 1098
1747 4 2 1 1 745 848 787 954
1748 4 2 1 1 362 257 373 835
1749 4 2 1 1 142 963 987 1088
1750 4 2 1 1 490 853 812 929
1751 4 2 1 1 126 141 135 1036
1752 4 2 1 1 756 882 783 1096
1753 4 2 1 1 870 1047 827 1069
1754 4 2 1 1 182 183 885 890
1755 4 2 1 1 752 958 937 1012
1756 4 2 1 1 798 1030 816 1119
1757 4 2 1 1 742 916 788 936
1758 4 2 1 1 137 922 794 943
1759 4 2 1 1 386 1052 793 1103
1760 4 2 1 1 875 890 831 983
1761 4 2 1 1 638 837 660 907
1762 4 2 1 1 760 775 858 904
1763 4 2 1 1 794 938 860 1068
1764 4 2 1 1 570 320 263 837
1765 4 2 1 1 152 428 872 988
1766 4 2 1 1 155 1082 821 1145
1767 4 2 1 1 617 834 589 972
1768 4 2 1 1 753 802 844 961
1769 4 2 1 1 756 882 972 999
1770 4 2 1 1 787 993 971 1061
1771 4 2 1 1 725 692 979 1086
1772 4 2 1 1 864 1017 847 1052
1773 4 2 1 1 842 1040 967 1065
1774 4 2 1 1 748 861 810 909
1775 4 2 1 1 818 700 1000 1046
1776 4 2 1 1 778 896 840 947
1777 4 2 1 1 750 1095 838 1164
1778 4 2 1 1 810 861 748 1097
1779 4 2 1 1 742 788 916 937
1780 4 2 1 1 771 971 993 1061
1781 4 2 1 1 1005 1020 774 1024
1782 4 2 1 1 763 861 813 934
1783 4 2 1 1 899 907 346 1105
1784 4 2 1 1 743 971 931 1074
1785 4 2 1 1 743 971 916 1055
1786 4 2 1 1 168 827 169 1053
1787 4 2 1 1 802 858 844 961
1788 4 2 1 1 300 346 899 907
1789 4 2 1 1 171 970 170 1015
1790 4 2 1 1 753 844 858 961
1791 4 2 1 1 748 805 836 935
1792 4 2 1 1 210 152 988 1083
1793 4 2 1 1 774 1020 1005 1131
1794 4 2 1 1 767 807 966 1050
1795 4 2 1 1 758 857 828 955
1796 4 2 1 1 770 813 948 1097
1797 4 2 1 1 937 958 808 1012
1798 4 2 1 1 796 1010 923 1044
1799 4 2 1 1 183 190 821 890
1800 4 2 1 1 928 929 766 995
1801 4 2 1 1 755 812 911 1022
1802 4 2 1 1 743 873 1008 1027
1803 4 2 1 1 343 837 320 907
1804 4 2 1 1 823 814 959 1078
1805 4 2 1 1 743 931 971 1055
1806 4 2 1 1 729 691 945 1062
1807 4 2 1 1 795 901 753 961
1808 4 2 1 1 840 896 778 1100
1809 4 2 1 1 242 185 1010 1044
1810 4 2 1 1 763 909 861 934
1811 4 2 1 1 743 1008 881 1027
1812 4 2 1 1 865 1012 863 1132
1813 4 2 1 1 753 866 949 1016
1814 4 2 1 1 938 943 850 963
1815 4 2 1 1 421 454 905 919
1816 4 2 1 1 830 855 852 977
1817 4 2 1 1 311 340 812 1106
1818 4 2 1 1 383 793 386 1052
1819 4 2 1 1 651 789 593 882
1820 4 2 1 1 753 949 947 1016
1821 4 2 1 1 210 152 872 988
1822 4 2 1 1 753 947 866 1016
1823 4 2 1 1 638 320 570 837
1824 4 2 1 1 795 753 858 961
1825 4 2 1 1 331 886 779 985
1826 4 2 1 1 509 496 820 914
1827 4 2 1 1 729 945 685 1062
1828 4 2 1 1 132 137 134 794
1829 4 2 1 1 349 985 779 1041
1830 4 2 1 1 486 483 528 949
1831 4 2 1 1 804 917 250 1083
1832 4 2 1 1 215 628 157 862
1833 4 2 1 1 157 628 569 862
1834 4 2 1 1 760 807 878 1051
1835 4 2 1 1 651 584 975 1130
1836 4 2 1 1 776 947 753 949
1837 4 2 1 1 598 784 918 1144
1838 4 2 1 1 837 911 830 1032
1839 4 2 1 1 501 914 780 953
1840 4 2 1 1 528 802 482 953
1841 4 2 1 1 569 157 829 1155
1842 4 2 1 1 774 1020 945 1024
1843 4 2 1 1 745 814 951 1038
1844 4 2 1 1 423 421 905 919
1845 4 2 1 1 518 1100 1016 1153
1846 4 2 1 1 802 949 482 1107
1847 4 2 1 1 210 988 967 1083
1848 4 2 1 1 696 857 258 915
1849 4 2 1 1 752 916 873 937
1850 4 2 1 1 603 948 933 1009
1851 4 2 1 1 580 637 608 959
1852 4 2 1 1 760 807 844 991
1853 4 2 1 1 793 1052 847 1103
1854 4 2 1 1 600 861 810 1147
1855 4 2 1 1 749 896 845 1096
1856 4 2 1 1 702 11 122 1042
1857 4 2 1 1 760 775 904 950
1858 4 2 1 1 404 886 779 939
1859 4 2 1 1 911 1032 837 1073
1860 4 2 1 1 288 848 1043 1125
1861 4 2 1 1 428 209 152 872
1862 4 2 1 1 509 507 914 1137
1863 4 2 1 1 954 993 951 1084
1864 4 2 1 1 783 845 896 1096
1865 4 2 1 1 764 829 875 890
1866 4 2 1 1 243 923 185 1044
1867 4 2 1 1 166 1015 883 1036
1868 4 2 1 1 428 359 209 872
1869 4 2 1 1 155 199 1082 1145
1870 4 2 1 1 389 1017 390 1052
1871 4 2 1 1 693 722 692 945
1872 4 2 1 1 421 372 454 919
1873 4 2 1 1 794 747 938 1068
1874 4 2 1 1 768 814 951 996
1875 4 2 1 1 633 1004 784 1071
1876 4 2 1 1 828 955 857 1086
1877 4 2 1 1 831 885 179 888
1878 4 2 1 1 862 923 243 1044
1879 4 2 1 1 780 1062 904 1129
1880 4 2 1 1 265 711 335 869
1881 4 2 1 1 747 925 824 940
1882 4 2 1 1 783 896 784 918
1883 4 2 1 1 210 872 967 988
1884 4 2 1 1 775 858 795 950
1885 4 2 1 1 842 925 1040 1065
1886 4 2 1 1 593 789 845 882
1887 4 2 1 1 802 928 776 1107
1888 4 2 1 1 763 808 1012 1018
1889 4 2 1 1 769 1047 827 1053
1890 4 2 1 1 777 885 983 1090
1891 4 2 1 1 753 832 807 946
1892 4 2 1 1 821 885 777 1082
1893 4 2 1 1 815 899 346 1105
1894 4 2 1 1 756 964 817 1002
1895 4 2 1 1 132 137 794 943
1896 4 2 1 1 178 176 207 885
1897 4 2 1 1 260 825 435 952
1898 4 2 1 1 891 924 235 1066
1899 4 2 1 1 789 996 882 1130
1900 4 2 1 1 962 1007 786 1168
1901 4 2 1 1 826 926 698 1141
1902 4 2 1 1 765 1007 962 1168
1903 4 2 1 1 250 927 804 1040
1904 4 2 1 1 746 827 1047 1069
1905 4 2 1 1 763 964 808 1018
1906 4 2 1 1 747 824 938 940
1907 4 2 1 1 729 691 685 945
1908 4 2 1 1 685 1062 945 1129
1909 4 2 1 1 769 883 1047 1053
1910 4 2 1 1 711 869 265 979
1911 4 2 1 1 752 800 1027 1037
1912 4 2 1 1 816 1119 1030 1156
1913 4 2 1 1 790 863 1012 1132
1914 4 2 1 1 561 645 662 856
1915 4 2 1 1 784 783 918 1144
1916 4 2 1 1 793 978 864 1052
1917 4 2 1 1 171 824 970 1015
1918 4 2 1 1 311 1013 259 1106
1919 4 2 1 1 764 833 890 974
1920 4 2 1 1 916 936 782 1055
1921 4 2 1 1 756 1095 930 1096
1922 4 2 1 1 581 907 660 975
1923 4 2 1 1 698 926 826 1000
1924 4 2 1 1 793 747 978 1148
1925 4 2 1 1 850 938 769 943
1926 4 2 1 1 881 978 754 1068
1927 4 2 1 1 748 861 909 934
1928 4 2 1 1 954 981 848 1043
1929 4 2 1 1 353 662 576 856
1930 4 2 1 1 379 863 1037 1169
1931 4 2 1 1 748 935 836 1007
1932 4 2 1 1 838 1095 792 1164
1933 4 2 1 1 750 838 1095 1126
1934 4 2 1 1 805 831 761 923
1935 4 2 1 1 779 886 331 989
1936 4 2 1 1 747 938 824 1117
1937 4 2 1 1 808 763 909 964
1938 4 2 1 1 437 957 942 1132
1939 4 2 1 1 683 335 711 869
1940 4 2 1 1 182 183 179 885
1941 4 2 1 1 761 831 805 1164
1942 4 2 1 1 827 870 781 1047
1943 4 2 1 1 753 795 858 991
1944 4 2 1 1 839 962 786 1168
1945 4 2 1 1 269 353 576 856
1946 4 2 1 1 631 269 856 1073
1947 4 2 1 1 813 861 763 1063
1948 4 2 1 1 770 934 813 1097
1949 4 2 1 1 792 930 756 1095
1950 4 2 1 1 840 778 1016 1100
1951 4 2 1 1 750 875 1095 1164
1952 4 2 1 1 764 875 894 918
1953 4 2 1 1 752 786 895 932
1954 4 2 1 1 442 460 913 1072
1955 4 2 1 1 756 810 909 968
1956 4 2 1 1 779 985 404 1033
1957 4 2 1 1 802 928 766 1026
1958 4 2 1 1 132 794 134 965
1959 4 2 1 1 751 908 995 1101
1960 4 2 1 1 631 321 269 1073
1961 4 2 1 1 1016 1100 778 1153
1962 4 2 1 1 747 794 978 1068
1963 4 2 1 1 624 593 789 906
1964 4 2 1 1 790 863 752 1012
1965 4 2 1 1 608 815 959 1075
1966 4 2 1 1 755 837 830 1021
1967 4 2 1 1 765 962 839 1168
1968 4 2 1 1 830 995 908 1101
1969 4 2 1 1 850 943 769 1036
1970 4 2 1 1 780 953 880 1062
1971 4 2 1 1 743 816 881 1008
1972 4 2 1 1 190 974 890 1167
1973 4 2 1 1 795 858 775 994
1974 4 2 1 1 605 604 813 861
1975 4 2 1 1 746 801 860 940
1976 4 2 1 1 752 1037 1027 1148
1977 4 2 1 1 768 951 814 1038
1978 4 2 1 1 263 320 343 837
1979 4 2 1 1 792 756 930 1002
1980 4 2 1 1 750 1095 875 1126
1981 4 2 1 1 570 837 263 1073
1982 4 2 1 1 790 981 942 1018
1983 4 2 1 1 504 501 503 1062
1984 4 2 1 1 1030 1119 811 1156
1985 4 2 1 1 838 854 792 1135
1986 4 2 1 1 765 842 967 1065
1987 4 2 1 1 758 828 857 1131
1988 4 2 1 1 783 894 875 918
1989 4 2 1 1 675 696 258 915
1990 4 2 1 1 675 258 329 915
1991 4 2 1 1 482 949 483 1107
1992 4 2 1 1 702 1042 122 1151
1993 4 2 1 1 176 179 885 888
1994 4 2 1 1 597 894 862 956
1995 4 2 1 1 518 1016 514 1153
1996 4 2 1 1 332 851 328 989
1997 4 2 1 1 653 372 578 919
1998 4 2 1 1 792 1023 935 1164
1999 4 2 1 1 529 833 560 1116
2000 4 2 1 1 788 993 954 1084
2001 4 2 1 1 796 761 862 923
2002 4 2 1 1 777 983 946 1090
2003 4 2 1 1 749 1095 896 1096
2004 4 2 1 1 790 942 867 1018
2005 4 2 1 1 757 981 954 1043
2006 4 2 1 1 807 489 878 1115
2007 4 2 1 1 761 796 862 956
2008 4 2 1 1 340 462 538 1106
2009 4 2 1 1 787 971 874 1061
2010 4 2 1 1 861 934 748 1097
2011 4 2 1 1 591 588 882 999
2012 4 2 1 1 764 974 890 1025
2013 4 2 1 1 743 916 931 1055
2014 4 2 1 1 746 860 809 1047
2015 4 2 1 1 783 968 756 1095
2016 4 2 1 1 855 876 766 1152
2017 4 2 1 1 769 860 938 940
2018 4 2 1 1 747 793 932 1148
2019 4 2 1 1 722 725 692 979
2020 4 2 1 1 1005 1020 744 1131
2021 4 2 1 1 770 924 891 1066
2022 4 2 1 1 741 698 926 1141
2023 4 2 1 1 810 861 834 909
2024 4 2 1 1 792 748 935 1023
2025 4 2 1 1 610 616 612 1075
2026 4 2 1 1 187 240 1044 1066
2027 4 2 1 1 749 838 930 1080
2028 4 2 1 1 616 823 612 1075
2029 4 2 1 1 915 989 332 1060
2030 4 2 1 1 379 863 380 1037
2031 4 2 1 1 178 885 207 960
2032 4 2 1 1 598 784 633 1146
2033 4 2 1 1 744 1020 1005 1024
2034 4 2 1 1 170 827 168 1015
2035 4 2 1 1 815 907 899 1105
2036 4 2 1 1 905 919 773 1014
2037 4 2 1 1 518 514 1100 1153
2038 4 2 1 1 599 956 655 1044
2039 4 2 1 1 183 821 190 1082
2040 4 2 1 1 795 901 961 997
2041 4 2 1 1 351 952 835 1093
2042 4 2 1 1 766 929 928 1107
2043 4 2 1 1 896 1095 783 1096
2044 4 2 1 1 881 916 806 921
2045 4 2 1 1 750 854 838 1049
2046 4 2 1 1 776 841 803 947
2047 4 2 1 1 783 875 896 918
2048 4 2 1 1 792 756 968 1095
2049 4 2 1 1 753 807 832 991
2050 4 2 1 1 797 876 855 1152
2051 4 2 1 1 499 1079 966 1145
2052 4 2 1 1 752 937 785 1148
2053 4 2 1 1 433 867 418 1162
2054 4 2 1 1 798 1019 816 1030
2055 4 2 1 1 501 953 780 1062
2056 4 2 1 1 750 792 854 920
2057 4 2 1 1 751 908 841 995
2058 4 2 1 1 756 972 968 999
2059 4 2 1 1 746 860 801 1028
2060 4 2 1 1 863 895 865 1132
2061 4 2 1 1 601 657 948 1044
2062 4 2 1 1 859 883 688 1094
2063 4 2 1 1 751 817 951 993
2064 4 2 1 1 459 443 891 1048
2065 4 2 1 1 490 929 812 1106
2066 4 2 1 1 788 752 873 937
2067 4 2 1 1 808 909 763 1012
2068 4 2 1 1 433 1132 867 1162
2069 4 2 1 1 834 861 763 909
2070 4 2 1 1 655 956 862 1044
2071 4 2 1 1 772 987 963 1088
2072 4 2 1 1 177 831 179 888
2073 4 2 1 1 846 881 762 978
2074 4 2 1 1 580 959 815 1076
2075 4 2 1 1 834 861 810 972
2076 4 2 1 1 773 942 905 1014
2077 4 2 1 1 916 921 881 1057
2078 4 2 1 1 664 245 231 833
2079 4 2 1 1 756 1002 792 1085
2080 4 2 1 1 754 794 846 922
2081 4 2 1 1 126 135 124 1036
2082 4 2 1 1 762 793 944 1052
2083 4 2 1 1 605 813 650 1063
2084 4 2 1 1 806 916 881 1027
2085 4 2 1 1 754 881 806 921
2086 4 2 1 1 438 437 942 1132
2087 4 2 1 1 330 295 851 990
2088 4 2 1 1 321 570 263 1073
2089 4 2 1 1 836 842 765 1007
2090 4 2 1 1 698 1000 826 1141
2091 4 2 1 1 269 576 631 856
2092 4 2 1 1 346 899 815 1111
2093 4 2 1 1 863 895 381 1037
2094 4 2 1 1 781 883 859 1094
2095 4 2 1 1 288 1043 874 1125
2096 4 2 1 1 904 950 775 1042
2097 4 2 1 1 809 871 754 1133
2098 4 2 1 1 190 821 890 974
2099 4 2 1 1 478 538 812 1022
2100 4 2 1 1 781 870 827 1053
2101 4 2 1 1 598 918 784 1146
2102 4 2 1 1 362 318 257 835
2103 4 2 1 1 896 900 778 1100
2104 4 2 1 1 746 832 887 991
2105 4 2 1 1 935 1023 920 1164
2106 4 2 1 1 746 781 982 1069
2107 4 2 1 1 810 909 834 972
2108 4 2 1 1 866 947 753 1049
2109 4 2 1 1 437 387 942 957
2110 4 2 1 1 353 336 561 856
2111 4 2 1 1 679 955 871 1045
2112 4 2 1 1 585 584 814 1076
2113 4 2 1 1 746 832 991 1054
2114 4 2 1 1 803 751 936 1080
2115 4 2 1 1 904 1062 685 1129
2116 4 2 1 1 752 863 790 1143
2117 4 2 1 1 316 435 360 952
2118 4 2 1 1 752 863 800 1037
2119 4 2 1 1 570 1035 837 1073
2120 4 2 1 1 538 340 812 1022
2121 4 2 1 1 762 965 846 978
2122 4 2 1 1 951 964 745 1084
2123 4 2 1 1 892 946 777 983
2124 4 2 1 1 132 943 794 963
2125 4 2 1 1 821 885 890 983
2126 4 2 1 1 490 812 478 1106
2127 4 2 1 1 242 1010 187 1044
2128 4 2 1 1 1019 1030 798 1158
2129 4 2 1 1 874 954 848 1043
2130 4 2 1 1 834 861 617 1063
2131 4 2 1 1 778 947 866 1049
2132 4 2 1 1 443 459 891 924
2133 4 2 1 1 749 841 947 1080
2134 4 2 1 1 746 809 860 1028
2135 4 2 1 1 814 768 975 996
2136 4 2 1 1 786 865 763 1012
2137 4 2 1 1 803 930 838 1080
2138 4 2 1 1 763 861 834 1063
2139 4 2 1 1 743 873 916 971
2140 4 2 1 1 288 848 296 1043
2141 4 2 1 1 895 1037 793 1103
2142 4 2 1 1 753 844 802 949
2143 4 2 1 1 478 812 538 1106
2144 4 2 1 1 760 887 807 991
2145 4 2 1 1 331 989 886 1060
2146 4 2 1 1 433 438 418 867
2147 4 2 1 1 599 956 1044 1147
2148 4 2 1 1 764 896 875 918
2149 4 2 1 1 680 828 687 955
2150 4 2 1 1 433 438 867 1132
2151 4 2 1 1 874 1043 848 1125
2152 4 2 1 1 595 600 634 810
2153 4 2 1 1 752 806 937 1148
2154 4 2 1 1 753 949 802 961
2155 4 2 1 1 774 945 914 1024
2156 4 2 1 1 905 919 611 1075
2157 4 2 1 1 933 1044 240 1066
2158 4 2 1 1 926 1000 818 1059
2159 4 2 1 1 169 168 170 827
2160 4 2 1 1 774 869 722 979
2161 4 2 1 1 521 1100 1004 1150
2162 4 2 1 1 490 539 478 812
2163 4 2 1 1 362 318 835 985
2164 4 2 1 1 494 535 820 986
2165 4 2 1 1 933 948 657 1044
2166 4 2 1 1 801 1091 940 1136
2167 4 2 1 1 837 907 768 975
2168 4 2 1 1 920 935 805 1023
2169 4 2 1 1 827 1047 781 1053
2170 4 2 1 1 601 1044 948 1147
2171 4 2 1 1 346 324 899 1111
2172 4 2 1 1 403 822 1052 1072
2173 4 2 1 1 593 651 624 789
2174 4 2 1 1 908 975 768 996
2175 4 2 1 1 754 881 921 1057
2176 4 2 1 1 846 1019 798 1158
2177 4 2 1 1 826 1000 926 1059
2178 4 2 1 1 830 855 285 1149
2179 4 2 1 1 809 754 871 922
2180 4 2 1 1 754 846 798 871
2181 4 2 1 1 647 666 924 1009
2182 4 2 1 1 544 561 336 856
2183 4 2 1 1 758 857 955 1122
2184 4 2 1 1 933 948 770 1009
2185 4 2 1 1 760 878 807 887
2186 4 2 1 1 403 822 445 1031
2187 4 2 1 1 837 907 343 1032
2188 4 2 1 1 786 763 934 1012
2189 4 2 1 1 803 751 849 936
2190 4 2 1 1 776 928 929 1107
2191 4 2 1 1 803 947 841 1080
2192 4 2 1 1 759 824 925 940
2193 4 2 1 1 588 972 882 999
2194 4 2 1 1 897 950 904 1042
2195 4 2 1 1 794 846 965 978
2196 4 2 1 1 640 589 617 834
2197 4 2 1 1 295 989 819 1041
2198 4 2 1 1 378 863 910 957
2199 4 2 1 1 896 1100 840 1123
2200 4 2 1 1 381 895 1132 1170
2201 4 2 1 1 482 953 802 1138
2202 4 2 1 1 775 950 795 1133
2203 4 2 1 1 729 685 904 1062
2204 4 2 1 1 766 802 986 1107
2205 4 2 1 1 823 834 763 1018
2206 4 2 1 1 749 896 840 1123
2207 4 2 1 1 403 822 1031 1052
2208 4 2 1 1 429 158 228 917
2209 4 2 1 1 640 834 617 1063
2210 4 2 1 1 763 865 786 992
2211 4 2 1 1 820 986 766 1026
2212 4 2 1 1 580 815 608 1105
2213 4 2 1 1 844 486 949 1115
2214 4 2 1 1 132 148 943 963
2215 4 2 1 1 389 386 384 1103
2216 4 2 1 1 800 1008 873 1027
2217 4 2 1 1 561 475 645 856
2218 4 2 1 1 809 1042 871 1133
2219 4 2 1 1 793 383 1037 1052
2220 4 2 1 1 342 825 260 952
2221 4 2 1 1 378 910 376 957
2222 4 2 1 1 414 444 813 992
2223 4 2 1 1 501 914 953 1138
2224 4 2 1 1 966 1050 497 1089
2225 4 2 1 1 789 624 906 1124
2226 4 2 1 1 751 841 803 928
2227 4 2 1 1 765 842 836 1161
2228 4 2 1 1 535 494 820 1058
2229 4 2 1 1 781 1059 982 1069
2230 4 2 1 1 828 687 955 1086
2231 4 2 1 1 755 911 856 1022
2232 4 2 1 1 670 679 871 1045
2233 4 2 1 1 121 922 871 1158
2234 4 2 1 1 654 597 636 894
2235 4 2 1 1 527 1079 499 1145
2236 4 2 1 1 920 1023 805 1164
2237 4 2 1 1 379 910 863 1169
2238 4 2 1 1 791 970 888 984
2239 4 2 1 1 381 895 382 1037
2240 4 2 1 1 747 864 793 978
2241 4 2 1 1 805 842 759 1029
2242 4 2 1 1 828 1086 857 1131
2243 4 2 1 1 751 803 841 1080
2244 4 2 1 1 824 1040 925 1065
2245 4 2 1 1 651 587 584 1130
2246 4 2 1 1 770 933 924 1066
2247 4 2 1 1 328 851 295 989
2248 4 2 1 1 753 807 866 946
2249 4 2 1 1 509 507 496 914
2250 4 2 1 1 767 818 887 1050
2251 4 2 1 1 300 907 899 1032
2252 4 2 1 1 493 807 489 878
2253 4 2 1 1 414 813 444 1048
2254 4 2 1 1 504 953 880 1051
2255 4 2 1 1 764 896 784 900
2256 4 2 1 1 747 794 938 978
2257 4 2 1 1 341 912 357 919
2258 4 2 1 1 1100 1123 1004 1150
2259 4 2 1 1 789 975 651 1124
2260 4 2 1 1 813 650 1063 1140
2261 4 2 1 1 748 836 805 1023
2262 4 2 1 1 898 966 497 1089
2263 4 2 1 1 650 605 604 813
2264 4 2 1 1 743 819 971 1074
2265 4 2 1 1 788 752 937 941
2266 4 2 1 1 605 861 813 1063
2267 4 2 1 1 312 979 869 1128
2268 4 2 1 1 167 1015 166 1036
2269 4 2 1 1 870 960 249 1039
2270 4 2 1 1 817 951 993 1084
2271 4 2 1 1 348 837 1032 1073
2272 4 2 1 1 827 984 791 1069
2273 4 2 1 1 311 259 340 1106
2274 4 2 1 1 784 896 764 918
2275 4 2 1 1 812 766 929 995
2276 4 2 1 1 749 947 841 1087
2277 4 2 1 1 406 404 985 1033
2278 4 2 1 1 404 779 886 985
2279 4 2 1 1 951 954 787 993
2280 4 2 1 1 803 841 776 928
2281 4 2 1 1 438 437 387 942
2282 4 2 1 1 647 603 666 1009
2283 4 2 1 1 794 860 769 943
2284 4 2 1 1 759 888 970 984
2285 4 2 1 1 871 1042 775 1133
2286 4 2 1 1 764 833 1025 1116
2287 4 2 1 1 285 830 290 977
2288 4 2 1 1 547 900 889 1100
2289 4 2 1 1 264 407 370 886
2290 4 2 1 1 858 961 802 1024
2291 4 2 1 1 432 362 373 835
2292 4 2 1 1 231 245 162 833
2293 4 2 1 1 764 894 829 1056
2294 4 2 1 1 827 970 824 1015
2295 4 2 1 1 231 577 664 833
2296 4 2 1 1 764 1025 889 1116
2297 4 2 1 1 755 841 1001 1021
2298 4 2 1 1 492 807 493 966
2299 4 2 1 1 768 951 908 996
2300 4 2 1 1 927 1015 824 1040
2301 4 2 1 1 239 155 199 1082
2302 4 2 1 1 752 800 873 1027
2303 4 2 1 1 799 755 853 1001
2304 4 2 1 1 357 912 341 1081
2305 4 2 1 1 798 846 754 881
2306 4 2 1 1 747 1091 978 1148
2307 4 2 1 1 775 795 994 1133
2308 4 2 1 1 756 808 964 1002
2309 4 2 1 1 854 1067 792 1135
2310 4 2 1 1 752 788 873 941
2311 4 2 1 1 864 1017 772 1117
2312 4 2 1 1 535 820 986 1058
2313 4 2 1 1 435 825 375 952
2314 4 2 1 1 759 842 805 935
2315 4 2 1 1 746 991 950 1054
2316 4 2 1 1 921 937 806 1091
2317 4 2 1 1 612 823 905 1075
2318 4 2 1 1 810 948 861 1097
2319 4 2 1 1 602 604 861 948
2320 4 2 1 1 624 789 651 1124
2321 4 2 1 1 761 875 831 1164
2322 4 2 1 1 757 952 910 957
2323 4 2 1 1 496 509 820 1138
2324 4 2 1 1 774 828 1020 1131
2325 4 2 1 1 807 844 753 1115
2326 4 2 1 1 489 1051 878 1115
2327 4 2 1 1 142 987 913 1088
2328 4 2 1 1 839 1109 765 1168
2329 4 2 1 1 769 860 794 938
2330 4 2 1 1 763 786 934 992
2331 4 2 1 1 755 856 973 1022
2332 4 2 1 1 744 961 858 1024
2333 4 2 1 1 432 373 374 835
2334 4 2 1 1 757 835 819 976
2335 4 2 1 1 772 913 987 1088
2336 4 2 1 1 260 435 825 1014
2337 4 2 1 1 741 926 715 1141
2338 4 2 1 1 1040 1065 824 1117
2339 4 2 1 1 843 857 273 1128
2340 4 2 1 1 771 851 902 931
2341 4 2 1 1 982 1059 887 1069
2342 4 2 1 1 789 975 908 996
2343 4 2 1 1 493 492 489 807
2344 4 2 1 1 777 821 892 983
2345 4 2 1 1 660 638 570 837
2346 4 2 1 1 746 984 827 1069
2347 4 2 1 1 609 611 919 1075
2348 4 2 1 1 634 595 810 999
2349 4 2 1 1 802 766 986 1026
2350 4 2 1 1 800 1037 863 1169
2351 4 2 1 1 786 752 895 1012
2352 4 2 1 1 264 407 886 985
2353 4 2 1 1 746 809 982 1047
2354 4 2 1 1 182 890 831 998
2355 4 2 1 1 760 904 897 950
2356 4 2 1 1 799 1004 1123 1150
2357 4 2 1 1 773 942 981 1098
2358 4 2 1 1 817 993 936 1084
2359 4 2 1 1 828 945 774 1020
2360 4 2 1 1 462 340 259 1106
2361 4 2 1 1 863 381 895 1132
2362 4 2 1 1 770 948 813 1009
2363 4 2 1 1 966 1079 777 1145
2364 4 2 1 1 752 895 1037 1148
2365 4 2 1 1 202 167 850 1015
2366 4 2 1 1 841 947 776 1087
2367 4 2 1 1 616 959 823 1075
2368 4 2 1 1 752 790 1012 1143
2369 4 2 1 1 901 991 832 1054
2370 4 2 1 1 658 570 631 1035
2371 4 2 1 1 166 168 169 1053
2372 4 2 1 1 241 862 829 998
2373 4 2 1 1 300 346 324 899
2374 4 2 1 1 393 404 406 1033
2375 4 2 1 1 786 934 958 1012
2376 4 2 1 1 869 979 774 1128
2377 4 2 1 1 157 244 241 829
2378 4 2 1 1 752 800 863 873
2379 4 2 1 1 751 936 817 993
2380 4 2 1 1 898 1050 966 1089
2381 4 2 1 1 795 991 901 1054
2382 4 2 1 1 585 814 959 1076
2383 4 2 1 1 380 863 381 1037
2384 4 2 1 1 790 1012 865 1132
2385 4 2 1 1 600 810 595 1147
2386 4 2 1 1 277 330 851 902
2387 4 2 1 1 373 374 835 952
2388 4 2 1 1 817 936 751 1080
2389 4 2 1 1 564 628 215 862
2390 4 2 1 1 151 564 215 862
2391 4 2 1 1 380 381 382 1037
2392 4 2 1 1 570 631 1035 1073
2393 4 2 1 1 518 840 1016 1100
2394 4 2 1 1 751 803 849 928
2395 4 2 1 1 273 857 843 1006
2396 4 2 1 1 758 857 843 1131
2397 4 2 1 1 835 910 757 952
2398 4 2 1 1 796 923 862 1044
2399 4 2 1 1 662 645 576 856
2400 4 2 1 1 11 871 121 922
2401 4 2 1 1 855 876 797 1118
2402 4 2 1 1 378 863 379 910
2403 4 2 1 1 489 807 492 1115
2404 4 2 1 1 913 917 772 1072
2405 4 2 1 1 347 907 300 1032
2406 4 2 1 1 754 871 1057 1133
2407 4 2 1 1 754 922 860 1068
2408 4 2 1 1 171 970 824 1127
2409 4 2 1 1 535 509 494 1058
2410 4 2 1 1 877 1057 871 1133
2411 4 2 1 1 176 177 179 888
2412 4 2 1 1 272 696 668 857
2413 4 2 1 1 518 537 514 1016
2414 4 2 1 1 258 696 272 857
2415 4 2 1 1 428 988 152 1083
2416 4 2 1 1 762 793 978 1027
2417 4 2 1 1 769 938 824 940
2418 4 2 1 1 766 876 855 1013
2419 4 2 1 1 799 853 755 973
2420 4 2 1 1 819 835 757 1093
2421 4 2 1 1 914 945 780 1024
2422 4 2 1 1 878 887 818 1050
2423 4 2 1 1 375 825 387 957
2424 4 2 1 1 753 832 946 1049
2425 4 2 1 1 569 829 654 1155
2426 4 2 1 1 857 843 1086 1128
2427 4 2 1 1 746 887 950 991
2428 4 2 1 1 183 182 190 890
2429 4 2 1 1 547 1100 889 1146
2430 4 2 1 1 328 330 295 851
2431 4 2 1 1 704 816 732 1139
2432 4 2 1 1 132 963 794 965
2433 4 2 1 1 807 753 866 1115
2434 4 2 1 1 838 901 854 1135
2435 4 2 1 1 277 330 276 851
2436 4 2 1 1 684 798 955 1030
2437 4 2 1 1 403 397 445 822
2438 4 2 1 1 750 885 831 1134
2439 4 2 1 1 608 815 912 1105
2440 4 2 1 1 478 812 539 1022
2441 4 2 1 1 239 821 155 1082
2442 4 2 1 1 398 939 1110 1139
2443 4 2 1 1 509 820 494 1058
2444 4 2 1 1 755 812 853 995
2445 4 2 1 1 535 986 903 1058
2446 4 2 1 1 478 539 538 1022
2447 4 2 1 1 121 846 922 1158
2448 4 2 1 1 908 1001 841 1021
2449 4 2 1 1 839 872 765 1109
2450 4 2 1 1 520 1004 521 1100
2451 4 2 1 1 276 277 851 902
2452 4 2 1 1 782 893 849 994
2453 4 2 1 1 792 920 750 1164
2454 4 2 1 1 770 891 839 1109
2455 4 2 1 1 754 794 922 1068
2456 4 2 1 1 160 230 572 933
2457 4 2 1 1 881 1008 816 1019
2458 4 2 1 1 857 1086 843 1131
2459 4 2 1 1 850 927 202 1015
2460 4 2 1 1 821 890 885 1082
2461 4 2 1 1 831 875 750 1164
2462 4 2 1 1 705 1030 1019 1158
2463 4 2 1 1 840 1123 1100 1150
2464 4 2 1 1 732 816 704 1030
2465 4 2 1 1 744 849 893 994
2466 4 2 1 1 831 923 805 1114
2467 4 2 1 1 381 1132 434 1170
2468 4 2 1 1 496 820 914 1138
2469 4 2 1 1 883 1015 769 1036
2470 4 2 1 1 585 582 584 1076
2471 4 2 1 1 802 961 928 1026
2472 4 2 1 1 824 1065 925 1117
2473 4 2 1 1 754 871 798 1057
2474 4 2 1 1 259 903 462 1106
2475 4 2 1 1 796 810 1097 1147
2476 4 2 1 1 783 875 894 968
2477 4 2 1 1 460 371 913 917
2478 4 2 1 1 371 429 228 917
2479 4 2 1 1 836 765 1109 1168
2480 4 2 1 1 746 982 781 1047
2481 4 2 1 1 225 1015 927 1040
2482 4 2 1 1 860 922 794 1068
2483 4 2 1 1 460 429 371 917
2484 4 2 1 1 295 819 286 1093
2485 4 2 1 1 851 902 330 990
2486 4 2 1 1 273 843 275 1006
2487 4 2 1 1 414 992 813 1048
2488 4 2 1 1 753 803 901 947
2489 4 2 1 1 584 975 814 1076
2490 4 2 1 1 745 787 951 954
2491 4 2 1 1 237 967 842 1040
2492 4 2 1 1 885 888 831 1134
2493 4 2 1 1 389 847 396 1017
2494 4 2 1 1 890 974 833 1167
2495 4 2 1 1 721 857 696 915
2496 4 2 1 1 757 954 874 1043
2497 4 2 1 1 837 755 911 1073
2498 4 2 1 1 257 835 351 952
2499 4 2 1 1 759 940 925 1136
2500 4 2 1 1 761 894 875 968
2501 4 2 1 1 758 902 851 931
2502 4 2 1 1 321 631 570 1073
2503 4 2 1 1 244 217 241 829
2504 4 2 1 1 753 844 807 991
2505 4 2 1 1 394 389 396 1017
2506 4 2 1 1 756 808 1002 1085
2507 4 2 1 1 978 1091 806 1148
2508 4 2 1 1 126 148 141 943
2509 4 2 1 1 945 1020 780 1024
2510 4 2 1 1 684 955 798 1158
2511 4 2 1 1 379 378 380 863
2512 4 2 1 1 794 769 938 943
2513 4 2 1 1 766 876 820 1026
2514 4 2 1 1 817 908 751 951
2515 4 2 1 1 260 435 316 952
2516 4 2 1 1 858 904 775 1020
2517 4 2 1 1 375 436 387 825
2518 4 2 1 1 351 317 952 1093
2519 4 2 1 1 854 901 838 1049
2520 4 2 1 1 751 995 830 1101
2521 4 2 1 1 652 569 654 1155
2522 4 2 1 1 804 772 1017 1117
2523 4 2 1 1 760 818 887 897
2524 4 2 1 1 750 832 854 1049
2525 4 2 1 1 862 956 796 1044
2526 4 2 1 1 803 753 901 961
2527 4 2 1 1 480 986 929 1106
2528 4 2 1 1 836 1010 805 1023
2529 4 2 1 1 608 912 815 1075
2530 4 2 1 1 845 896 749 1123
2531 4 2 1 1 948 1097 810 1147
2532 4 2 1 1 784 896 845 1123
2533 4 2 1 1 961 994 795 997
2534 4 2 1 1 799 755 906 973
2535 4 2 1 1 756 810 968 972
2536 4 2 1 1 614 641 1063 1078
2537 4 2 1 1 583 581 660 975
2538 4 2 1 1 762 1008 881 1019
2539 4 2 1 1 764 833 974 1025
2540 4 2 1 1 275 902 843 1121
2541 4 2 1 1 670 673 679 1045
2542 4 2 1 1 348 830 291 911
2543 4 2 1 1 420 905 867 942
2544 4 2 1 1 825 942 387 957
2545 4 2 1 1 795 961 858 994
2546 4 2 1 1 286 819 295 990
2547 4 2 1 1 750 946 983 1090
2548 4 2 1 1 784 1100 896 1123
2549 4 2 1 1 770 813 934 1048
2550 4 2 1 1 741 715 698 1141
2551 4 2 1 1 705 709 1019 1030
2552 4 2 1 1 823 964 834 1018
2553 4 2 1 1 763 958 934 1012
2554 4 2 1 1 954 971 787 993
2555 4 2 1 1 924 933 770 1009
2556 4 2 1 1 743 873 800 1008
2557 4 2 1 1 480 929 479 1106
2558 4 2 1 1 890 974 821 1025
2559 4 2 1 1 790 867 865 1018
2560 4 2 1 1 699 818 700 1000
2561 4 2 1 1 816 1034 732 1139
2562 4 2 1 1 529 162 833 974
2563 4 2 1 1 257 373 835 952
2564 4 2 1 1 812 929 853 995
2565 4 2 1 1 378 377 376 910
2566 4 2 1 1 857 979 273 1128
2567 4 2 1 1 530 821 155 974
2568 4 2 1 1 637 959 580 1076
2569 4 2 1 1 590 591 588 882
2570 4 2 1 1 217 241 829 998
2571 4 2 1 1 428 450 359 872
2572 4 2 1 1 857 1086 979 1128
2573 4 2 1 1 784 889 764 900
2574 4 2 1 1 863 873 800 910
2575 4 2 1 1 817 964 756 996
2576 4 2 1 1 336 353 269 856
2577 4 2 1 1 177 831 888 1114
2578 4 2 1 1 428 450 872 988
2579 4 2 1 1 599 655 656 1044
2580 4 2 1 1 601 656 657 1044
2581 4 2 1 1 187 240 242 1044
2582 4 2 1 1 242 243 185 1044
2583 4 2 1 1 765 925 842 1065
2584 4 2 1 1 788 873 916 937
2585 4 2 1 1 501 496 914 1138
2586 4 2 1 1 809 860 859 1047
2587 4 2 1 1 544 475 561 856
2588 4 2 1 1 277 330 902 990
2589 4 2 1 1 387 825 436 942
2590 4 2 1 1 844 858 802 1108
2591 4 2 1 1 966 1003 499 1145
2592 4 2 1 1 759 920 805 1029
2593 4 2 1 1 851 915 758 1119
2594 4 2 1 1 834 964 763 1018
2595 4 2 1 1 241 215 157 862
2596 4 2 1 1 628 654 569 862
2597 4 2 1 1 894 999 592 1144
2598 4 2 1 1 592 894 594 999
2599 4 2 1 1 404 886 407 985
2600 4 2 1 1 893 1005 797 1026
2601 4 2 1 1 791 870 827 1069
2602 4 2 1 1 851 915 811 989
2603 4 2 1 1 312 265 869 979
2604 4 2 1 1 639 845 633 1144
2605 4 2 1 1 880 1051 953 1108
2606 4 2 1 1 757 971 873 976
2607 4 2 1 1 756 909 810 972
2608 4 2 1 1 989 1034 886 1060
2609 4 2 1 1 743 971 819 976
2610 4 2 1 1 994 1020 877 1131
2611 4 2 1 1 869 980 312 1128
2612 4 2 1 1 838 930 803 1135
2613 4 2 1 1 275 273 314 843
2614 4 2 1 1 590 591 882 999
2615 4 2 1 1 403 397 822 1072
2616 4 2 1 1 371 228 913 917
2617 4 2 1 1 756 909 808 1085
2618 4 2 1 1 614 1078 1063 1165
2619 4 2 1 1 857 915 721 1122
2620 4 2 1 1 936 993 788 1084
2621 4 2 1 1 291 830 285 1149
2622 4 2 1 1 868 992 417 1162
2623 4 2 1 1 792 935 748 1085
2624 4 2 1 1 743 800 873 976
2625 4 2 1 1 757 873 910 976
2626 4 2 1 1 822 963 131 965
2627 4 2 1 1 398 1110 365 1139
2628 4 2 1 1 746 801 940 984
2629 4 2 1 1 848 899 815 1038
2630 4 2 1 1 750 983 885 1090
2631 4 2 1 1 424 962 872 988
2632 4 2 1 1 443 924 891 1048
2633 4 2 1 1 460 395 917 1072
2634 4 2 1 1 870 1053 218 1092
2635 4 2 1 1 398 939 879 1110
2636 4 2 1 1 744 1005 893 1026
2637 4 2 1 1 810 968 972 999
2638 4 2 1 1 760 904 858 1108
2639 4 2 1 1 180 182 831 998
2640 4 2 1 1 792 935 920 1164
2641 4 2 1 1 146 121 134 846
2642 4 2 1 1 664 833 577 1116
2643 4 2 1 1 151 564 862 1044
2644 4 2 1 1 832 901 753 991
2645 4 2 1 1 396 847 409 962
2646 4 2 1 1 757 819 971 976
2647 4 2 1 1 396 847 988 1017
2648 4 2 1 1 759 888 920 1029
2649 4 2 1 1 796 761 923 1023
2650 4 2 1 1 396 847 962 988
2651 4 2 1 1 795 753 901 991
2652 4 2 1 1 789 908 975 1021
2653 4 2 1 1 827 218 1053 1092
2654 4 2 1 1 743 816 1008 1156
2655 4 2 1 1 340 311 812 1022
2656 4 2 1 1 764 889 784 918
2657 4 2 1 1 866 947 778 1016
2658 4 2 1 1 297 296 288 848
2659 4 2 1 1 296 1043 848 1081
2660 4 2 1 1 560 644 542 1116
2661 4 2 1 1 670 871 673 1045
2662 4 2 1 1 143 963 142 1088
2663 4 2 1 1 809 674 1042 1166
2664 4 2 1 1 762 944 793 1027
2665 4 2 1 1 731 818 969 1120
2666 4 2 1 1 278 902 275 1121
2667 4 2 1 1 431 414 444 1048
2668 4 2 1 1 810 956 595 1147
2669 4 2 1 1 444 813 992 1140
2670 4 2 1 1 851 915 332 1006
2671 4 2 1 1 732 939 740 1139
2672 4 2 1 1 865 867 763 1018
2673 4 2 1 1 873 910 863 1143
2674 4 2 1 1 307 903 876 1058
2675 4 2 1 1 782 795 994 997
2676 4 2 1 1 349 264 331 985
2677 4 2 1 1 789 845 1001 1071
2678 4 2 1 1 701 828 682 945
2679 4 2 1 1 761 796 956 1023
2680 4 2 1 1 701 680 682 828
2681 4 2 1 1 796 1044 933 1066
2682 4 2 1 1 795 921 782 994
2683 4 2 1 1 782 921 795 997
2684 4 2 1 1 747 932 1091 1148
2685 4 2 1 1 731 897 818 1120
2686 4 2 1 1 823 867 763 1165
2687 4 2 1 1 942 957 790 1132
2688 4 2 1 1 824 940 827 1015
2689 4 2 1 1 276 851 332 1006
2690 4 2 1 1 382 895 381 1170
2691 4 2 1 1 759 925 824 1127
2692 4 2 1 1 237 1040 842 1127
2693 4 2 1 1 203 250 927 1104
2694 4 2 1 1 908 1080 1001 1096
2695 4 2 1 1 843 1086 774 1131
2696 4 2 1 1 967 1040 211 1083
2697 4 2 1 1 546 1025 974 1116
2698 4 2 1 1 808 937 785 958
2699 4 2 1 1 255 228 917 1104
2700 4 2 1 1 178 960 219 1092
2701 4 2 1 1 404 393 399 939
2702 4 2 1 1 831 920 805 1164
2703 4 2 1 1 583 975 660 1124
2704 4 2 1 1 911 1022 322 1073
2705 4 2 1 1 886 989 779 1034
2706 4 2 1 1 494 986 820 1138
2707 4 2 1 1 146 846 134 922
2708 4 2 1 1 761 862 829 894
2709 4 2 1 1 608 959 637 1075
2710 4 2 1 1 286 990 874 1093
2711 4 2 1 1 305 303 876 1118
2712 4 2 1 1 758 915 857 1122
2713 4 2 1 1 834 1063 641 1078
2714 4 2 1 1 264 886 331 985
2715 4 2 1 1 789 1001 906 1071
2716 4 2 1 1 752 895 863 1037
2717 4 2 1 1 944 1110 425 1169
2718 4 2 1 1 768 975 908 1021
2719 4 2 1 1 542 529 560 1116
2720 4 2 1 1 219 960 870 1092
2721 4 2 1 1 207 960 885 1082
2722 4 2 1 1 182 179 180 831
2723 4 2 1 1 599 1044 656 1147
2724 4 2 1 1 601 656 1044 1147
2725 4 2 1 1 530 552 461 1145
2726 4 2 1 1 774 1086 843 1128
2727 4 2 1 1 908 1001 789 1096
2728 4 2 1 1 631 856 1035 1073
2729 4 2 1 1 675 721 696 915
2730 4 2 1 1 746 1028 801 1054
2731 4 2 1 1 765 872 839 962
2732 4 2 1 1 766 995 812 1013
2733 4 2 1 1 748 1007 836 1168
2734 4 2 1 1 745 964 823 1018
2735 4 2 1 1 813 763 868 1063
2736 4 2 1 1 303 876 1118 1121
2737 4 2 1 1 822 965 131 1102
2738 4 2 1 1 130 131 965 1102
2739 4 2 1 1 590 999 882 1144
2740 4 2 1 1 382 381 434 1170
2741 4 2 1 1 791 984 888 1134
2742 4 2 1 1 796 810 1023 1097
2743 4 2 1 1 484 949 1070 1107
2744 4 2 1 1 529 546 562 974
2745 4 2 1 1 825 301 1014 1081
2746 4 2 1 1 743 873 971 976
2747 4 2 1 1 636 829 894 1056
2748 4 2 1 1 827 1053 870 1092
2749 4 2 1 1 337 812 311 1022
2750 4 2 1 1 732 816 1030 1034
2751 4 2 1 1 766 928 995 1152
2752 4 2 1 1 759 824 940 970
2753 4 2 1 1 152 209 210 872
2754 4 2 1 1 809 754 1028 1133
2755 4 2 1 1 759 888 984 1134
2756 4 2 1 1 807 878 1051 1115
2757 4 2 1 1 746 940 860 1047
2758 4 2 1 1 704 732 740 1139
2759 4 2 1 1 260 825 301 1014
2760 4 2 1 1 822 965 762 1163
2761 4 2 1 1 755 799 906 1001
2762 4 2 1 1 778 1100 900 1153
2763 4 2 1 1 404 370 407 886
2764 4 2 1 1 680 828 955 1045
2765 4 2 1 1 146 121 846 922
2766 4 2 1 1 774 980 869 1128
2767 4 2 1 1 546 562 974 1025
2768 4 2 1 1 892 1079 527 1145
2769 4 2 1 1 809 859 982 1047
2770 4 2 1 1 887 897 818 982
2771 4 2 1 1 664 577 644 1116
2772 4 2 1 1 752 1012 941 1143
2773 4 2 1 1 921 994 795 1133
2774 4 2 1 1 904 1020 858 1108
2775 4 2 1 1 281 977 313 1061
2776 4 2 1 1 835 910 432 1033
2777 4 2 1 1 684 1030 955 1122
2778 4 2 1 1 900 983 896 1126
2779 4 2 1 1 764 829 890 1167
2780 4 2 1 1 258 857 274 915
2781 4 2 1 1 167 850 1015 1036
2782 4 2 1 1 527 512 499 1079
2783 4 2 1 1 751 951 908 1101
2784 4 2 1 1 755 853 841 995
2785 4 2 1 1 827 984 970 1092
2786 4 2 1 1 286 819 990 1093
2787 4 2 1 1 807 1051 844 1115
2788 4 2 1 1 400 365 1110 1139
2789 4 2 1 1 889 1100 784 1146
2790 4 2 1 1 912 919 341 1081
2791 4 2 1 1 782 994 921 1133
2792 4 2 1 1 244 829 157 1155
2793 4 2 1 1 422 905 420 942
2794 4 2 1 1 711 722 869 979
2795 4 2 1 1 808 958 909 1012
2796 4 2 1 1 968 1023 792 1164
2797 4 2 1 1 430 1009 431 1140
2798 4 2 1 1 249 960 898 1039
2799 4 2 1 1 794 943 938 963
2800 4 2 1 1 837 975 768 1021
2801 4 2 1 1 224 202 927 1015
2802 4 2 1 1 941 1012 790 1143
2803 4 2 1 1 272 857 668 979
2804 4 2 1 1 336 544 856 1022
2805 4 2 1 1 581 907 975 1076
2806 4 2 1 1 251 924 230 933
2807 4 2 1 1 305 876 310 1013
2808 4 2 1 1 1005 1024 820 1026
2809 4 2 1 1 796 1044 956 1147
2810 4 2 1 1 970 984 791 1092
2811 4 2 1 1 764 890 833 1167
2812 4 2 1 1 787 954 874 971
2813 4 2 1 1 310 876 903 1013
2814 4 2 1 1 626 572 230 933
2815 4 2 1 1 679 955 684 1158
2816 4 2 1 1 761 968 956 999
2817 4 2 1 1 512 527 892 1079
2818 4 2 1 1 844 802 953 1108
2819 4 2 1 1 178 207 234 960
2820 4 2 1 1 743 881 798 1057
2821 4 2 1 1 769 824 938 1015
2822 4 2 1 1 769 938 850 1015
2823 4 2 1 1 865 1132 895 1170
2824 4 2 1 1 893 994 877 1131
2825 4 2 1 1 827 940 769 1015
2826 4 2 1 1 780 880 953 1108
2827 4 2 1 1 555 898 497 1089
2828 4 2 1 1 745 1038 848 1098
2829 4 2 1 1 281 852 977 1061
2830 4 2 1 1 754 798 881 1057
2831 4 2 1 1 534 889 547 900
2832 4 2 1 1 731 818 699 969
2833 4 2 1 1 585 959 814 1078
2834 4 2 1 1 1010 1023 836 1097
2835 4 2 1 1 948 1044 796 1147
2836 4 2 1 1 134 846 120 965
2837 4 2 1 1 743 800 976 1008
2838 4 2 1 1 871 877 798 1057
2839 4 2 1 1 811 915 851 1119
2840 4 2 1 1 595 956 810 999
2841 4 2 1 1 903 986 820 1058
2842 4 2 1 1 829 764 1056 1167
2843 4 2 1 1 811 1119 1074 1156
2844 4 2 1 1 756 964 834 1130
2845 4 2 1 1 199 1003 1082 1145
2846 4 2 1 1 587 651 593 882
2847 4 2 1 1 124 688 859 883
2848 4 2 1 1 199 461 1003 1145
2849 4 2 1 1 593 906 621 1071
2850 4 2 1 1 830 751 855 995
2851 4 2 1 1 804 1040 967 1083
2852 4 2 1 1 749 896 838 947
2853 4 2 1 1 465 476 350 903
2854 4 2 1 1 131 963 132 965
2855 4 2 1 1 887 982 818 1059
2856 4 2 1 1 337 911 812 1022
2857 4 2 1 1 796 948 933 1044
2858 4 2 1 1 639 646 633 1071
2859 4 2 1 1 756 814 964 1130
2860 4 2 1 1 770 934 839 1048
2861 4 2 1 1 778 983 900 1126
2862 4 2 1 1 684 798 1030 1158
2863 4 2 1 1 893 902 758 931
2864 4 2 1 1 818 897 760 1120
2865 4 2 1 1 351 835 318 1041
2866 4 2 1 1 432 362 835 985
2867 4 2 1 1 275 843 902 1006
2868 4 2 1 1 398 365 939 1139
2869 4 2 1 1 573 642 338 912
2870 4 2 1 1 782 849 893 1099
2871 4 2 1 1 864 1017 804 1065
2872 4 2 1 1 424 872 962 1157
2873 4 2 1 1 788 936 916 1055
2874 4 2 1 1 809 1151 674 1166
2875 4 2 1 1 848 874 787 954
2876 4 2 1 1 864 1065 804 1117
2877 4 2 1 1 778 900 896 1126
2878 4 2 1 1 484 949 1016 1070
2879 4 2 1 1 760 897 887 950
2880 4 2 1 1 887 950 897 982
2881 4 2 1 1 537 514 1016 1153
2882 4 2 1 1 844 953 491 1051
2883 4 2 1 1 333 332 989 1060
2884 4 2 1 1 909 958 763 1012
2885 4 2 1 1 784 1004 633 1146
2886 4 2 1 1 664 644 560 1116
2887 4 2 1 1 264 370 334 886
2888 4 2 1 1 818 760 969 1120
2889 4 2 1 1 748 836 1023 1097
2890 4 2 1 1 359 427 209 872
2891 4 2 1 1 889 900 784 1100
2892 4 2 1 1 798 871 846 1158
2893 4 2 1 1 342 260 316 952
2894 4 2 1 1 445 822 408 1102
2895 4 2 1 1 352 348 911 1073
2896 4 2 1 1 573 338 267 912
2897 4 2 1 1 715 926 164 1141
2898 4 2 1 1 828 945 701 1086
2899 4 2 1 1 805 920 888 1029
2900 4 2 1 1 788 873 954 971
2901 4 2 1 1 871 922 846 1158
2902 4 2 1 1 804 1017 864 1117
2903 4 2 1 1 759 970 940 984
2904 4 2 1 1 937 1067 1002 1085
2905 4 2 1 1 791 984 832 1069
2906 4 2 1 1 888 920 805 1114
2907 4 2 1 1 770 839 934 1168
2908 4 2 1 1 747 932 925 1091
2909 4 2 1 1 761 894 968 999
2910 4 2 1 1 761 956 894 999
2911 4 2 1 1 774 820 1005 1024
2912 4 2 1 1 760 878 818 969
2913 4 2 1 1 867 1132 865 1162
2914 4 2 1 1 803 961 901 997
2915 4 2 1 1 782 893 1055 1099
2916 4 2 1 1 400 365 398 1110
2917 4 2 1 1 788 954 873 1143
2918 4 2 1 1 522 521 1004 1150
2919 4 2 1 1 753 947 901 1049
2920 4 2 1 1 782 1055 849 1099
2921 4 2 1 1 940 970 827 984
2922 4 2 1 1 797 893 843 1005
2923 4 2 1 1 850 938 927 1015
2924 4 2 1 1 249 870 219 960
2925 4 2 1 1 439 643 924 1009
2926 4 2 1 1 822 987 408 1102
2927 4 2 1 1 777 1003 966 1145
2928 4 2 1 1 801 921 795 1028
2929 4 2 1 1 809 1028 950 1133
2930 4 2 1 1 772 938 864 1117
2931 4 2 1 1 605 602 604 861
2932 4 2 1 1 817 1002 936 1135
2933 4 2 1 1 914 980 820 1137
2934 4 2 1 1 375 435 436 825
2935 4 2 1 1 462 903 476 1106
2936 4 2 1 1 335 312 265 869
2937 4 2 1 1 383 382 384 895
2938 4 2 1 1 792 930 838 1135
2939 4 2 1 1 482 986 802 1107
2940 4 2 1 1 896 900 764 983
2941 4 2 1 1 585 814 584 1130
2942 4 2 1 1 800 910 873 976
2943 4 2 1 1 765 842 925 1007
2944 4 2 1 1 502 914 869 1113
2945 4 2 1 1 812 911 337 1149
2946 4 2 1 1 304 980 1121 1128
2947 4 2 1 1 937 1002 808 1085
2948 4 2 1 1 202 224 167 1015
2949 4 2 1 1 119 965 884 1102
2950 4 2 1 1 771 902 851 990
2951 4 2 1 1 810 748 1023 1097
2952 4 2 1 1 818 1046 926 1059
2953 4 2 1 1 259 1013 903 1106
2954 4 2 1 1 787 993 852 1101
2955 4 2 1 1 314 843 273 1128
2956 4 2 1 1 774 914 820 1024
2957 4 2 1 1 297 296 848 1081
2958 4 2 1 1 937 1067 785 1091
2959 4 2 1 1 351 257 318 835
2960 4 2 1 1 776 947 949 1016
2961 4 2 1 1 475 856 524 1160
2962 4 2 1 1 766 855 995 1013
2963 4 2 1 1 494 820 509 1138
2964 4 2 1 1 392 425 1110 1169
2965 4 2 1 1 811 989 915 1060
2966 4 2 1 1 203 232 250 1104
2967 4 2 1 1 744 961 849 994
2968 4 2 1 1 766 995 855 1152
2969 4 2 1 1 304 980 876 1121
2970 4 2 1 1 777 966 960 1011
2971 4 2 1 1 742 936 1002 1135
2972 4 2 1 1 141 133 850 963
2973 4 2 1 1 847 1017 864 1065
2974 4 2 1 1 626 230 924 933
2975 4 2 1 1 913 917 228 1104
2976 4 2 1 1 834 909 763 964
2977 4 2 1 1 129 131 132 965
2978 4 2 1 1 839 962 872 1157
2979 4 2 1 1 960 966 898 1011
2980 4 2 1 1 516 1025 892 1145
2981 4 2 1 1 666 626 924 933
2982 4 2 1 1 820 876 766 903
2983 4 2 1 1 954 971 873 1143
2984 4 2 1 1 925 932 747 1065
2985 4 2 1 1 929 986 480 1107
2986 4 2 1 1 876 1005 820 1026
2987 4 2 1 1 520 522 521 1004
2988 4 2 1 1 762 881 846 1019
2989 4 2 1 1 746 801 984 1054
2990 4 2 1 1 329 258 274 915
2991 4 2 1 1 801 795 921 1054
2992 4 2 1 1 882 999 783 1144
2993 4 2 1 1 490 853 929 1070
2994 4 2 1 1 829 1056 636 1155
2995 4 2 1 1 290 830 348 1032
2996 4 2 1 1 759 842 925 1127
2997 4 2 1 1 867 868 763 1165
2998 4 2 1 1 348 837 343 1032
2999 4 2 1 1 642 338 912 919
3000 4 2 1 1 827 940 824 970
3001 4 2 1 1 760 818 878 887
3002 4 2 1 1 680 682 828 1129
3003 4 2 1 1 865 1012 790 1018
3004 4 2 1 1 817 936 803 1135
3005 4 2 1 1 616 612 823 1165
3006 4 2 1 1 877 1020 828 1131
3007 4 2 1 1 768 899 815 907
3008 4 2 1 1 482 802 986 1138
3009 4 2 1 1 367 268 441 1014
3010 4 2 1 1 764 918 894 1056
3011 4 2 1 1 761 805 1023 1164
3012 4 2 1 1 841 853 755 1001
3013 4 2 1 1 838 901 803 947
3014 4 2 1 1 480 477 986 1106
3015 4 2 1 1 477 903 986 1106
3016 4 2 1 1 408 445 397 822
3017 4 2 1 1 856 1022 911 1073
3018 4 2 1 1 801 1028 795 1054
3019 4 2 1 1 590 882 845 1144
3020 4 2 1 1 870 1059 781 1069
3021 4 2 1 1 856 973 524 1160
3022 4 2 1 1 767 898 966 1011
3023 4 2 1 1 965 978 762 1163
3024 4 2 1 1 773 919 905 1075
3025 4 2 1 1 834 964 823 1078
3026 4 2 1 1 786 895 865 1012
3027 4 2 1 1 811 779 1034 1156
3028 4 2 1 1 767 960 898 1011
3029 4 2 1 1 843 1005 893 1131
3030 4 2 1 1 163 891 426 924
3031 4 2 1 1 845 1071 784 1123
3032 4 2 1 1 916 921 742 937
3033 4 2 1 1 530 550 821 974
3034 4 2 1 1 838 930 792 1095
3035 4 2 1 1 305 876 303 1121
3036 4 2 1 1 504 491 953 1051
3037 4 2 1 1 717 811 695 1122
3038 4 2 1 1 425 1037 944 1169
3039 4 2 1 1 810 956 796 1023
3040 4 2 1 1 439 369 643 1009
3041 4 2 1 1 612 905 823 1165
3042 4 2 1 1 555 497 1050 1089
3043 4 2 1 1 854 935 920 1067
3044 4 2 1 1 792 1002 930 1135
3045 4 2 1 1 974 1025 833 1116
3046 4 2 1 1 325 899 1111 1125
3047 4 2 1 1 479 929 480 1107
3048 4 2 1 1 261 675 329 915
3049 4 2 1 1 342 301 825 1043
3050 4 2 1 1 731 818 897 1046
3051 4 2 1 1 724 857 687 1086
3052 4 2 1 1 1027 1037 793 1148
3053 4 2 1 1 754 921 806 1068
3054 4 2 1 1 142 963 149 987
3055 4 2 1 1 812 755 911 995
3056 4 2 1 1 491 844 528 953
3057 4 2 1 1 602 861 600 1147
3058 4 2 1 1 863 910 800 1169
3059 4 2 1 1 849 994 961 997
3060 4 2 1 1 757 825 981 1043
3061 4 2 1 1 833 1056 764 1167
3062 4 2 1 1 778 946 892 1126
3063 4 2 1 1 838 947 896 1126
3064 4 2 1 1 944 1037 800 1169
3065 4 2 1 1 806 881 754 1068
3066 4 2 1 1 1063 1078 834 1165
3067 4 2 1 1 535 480 477 986
3068 4 2 1 1 752 932 895 1148
3069 4 2 1 1 946 983 892 1126
3070 4 2 1 1 548 880 969 1051
3071 4 2 1 1 285 291 290 830
3072 4 2 1 1 750 854 832 1134
3073 4 2 1 1 297 848 288 1125
3074 4 2 1 1 592 596 894 1144
3075 4 2 1 1 593 845 590 882
3076 4 2 1 1 717 1060 811 1122
3077 4 2 1 1 255 228 158 917
3078 4 2 1 1 787 874 848 1125
3079 4 2 1 1 810 972 634 999
3080 4 2 1 1 676 705 709 1019
3081 4 2 1 1 276 902 851 1006
3082 4 2 1 1 802 776 949 1107
3083 4 2 1 1 140 131 822 987
3084 4 2 1 1 848 981 825 1043
3085 4 2 1 1 803 930 1080 1135
3086 4 2 1 1 396 962 424 988
3087 4 2 1 1 639 633 845 1071
3088 4 2 1 1 793 864 847 1052
3089 4 2 1 1 777 898 960 966
3090 4 2 1 1 485 949 486 1115
3091 4 2 1 1 750 983 946 1126
3092 4 2 1 1 535 477 903 986
3093 4 2 1 1 771 902 893 931
3094 4 2 1 1 436 825 435 1014
3095 4 2 1 1 348 323 343 837
3096 4 2 1 1 842 935 925 1007
3097 4 2 1 1 743 1057 798 1119
3098 4 2 1 1 1074 1119 743 1156
3099 4 2 1 1 831 920 888 1114
3100 4 2 1 1 146 11 121 922
3101 4 2 1 1 550 552 530 821
3102 4 2 1 1 890 998 182 1167
3103 4 2 1 1 669 714 154 1094
3104 4 2 1 1 723 1046 897 1166
3105 4 2 1 1 589 834 1078 1130
3106 4 2 1 1 475 526 524 856
3107 4 2 1 1 169 170 218 827
3108 4 2 1 1 516 821 1025 1145
3109 4 2 1 1 751 908 817 1080
3110 4 2 1 1 827 791 984 1092
3111 4 2 1 1 524 856 526 973
3112 4 2 1 1 848 1038 815 1098
3113 4 2 1 1 759 805 920 935
3114 4 2 1 1 683 711 722 869
3115 4 2 1 1 793 1037 895 1148
3116 4 2 1 1 732 1034 939 1139
3117 4 2 1 1 810 796 956 1147
3118 4 2 1 1 180 831 177 1114
3119 4 2 1 1 763 1012 865 1018
3120 4 2 1 1 751 841 928 995
3121 4 2 1 1 375 952 825 957
3122 4 2 1 1 295 1041 819 1093
3123 4 2 1 1 585 1078 814 1130
3124 4 2 1 1 804 927 772 1117
3125 4 2 1 1 249 222 870 1039
3126 4 2 1 1 806 978 881 1068
3127 4 2 1 1 920 935 854 1136
3128 4 2 1 1 360 435 375 952
3129 4 2 1 1 293 899 292 1032
3130 4 2 1 1 868 992 813 1140
3131 4 2 1 1 493 497 966 1050
3132 4 2 1 1 716 672 270 886
3133 4 2 1 1 207 200 960 1082
3134 4 2 1 1 807 887 832 991
3135 4 2 1 1 323 837 348 1073
3136 4 2 1 1 347 343 907 1032
3137 4 2 1 1 742 1002 937 1067
3138 4 2 1 1 304 308 980 1128
3139 4 2 1 1 666 572 626 933
3140 4 2 1 1 408 822 397 987
3141 4 2 1 1 925 1007 932 1065
3142 4 2 1 1 799 1077 1004 1150
3143 4 2 1 1 614 641 640 1063
3144 4 2 1 1 732 704 709 1030
3145 4 2 1 1 732 740 939 1034
3146 4 2 1 1 124 859 123 943
3147 4 2 1 1 852 993 751 1101
3148 4 2 1 1 291 348 290 830
3149 4 2 1 1 765 932 847 962
3150 4 2 1 1 291 911 830 1149
3151 4 2 1 1 465 350 262 903
3152 4 2 1 1 750 831 920 1134
3153 4 2 1 1 803 936 817 1080
3154 4 2 1 1 810 956 761 968
3155 4 2 1 1 179 177 180 831
3156 4 2 1 1 756 834 909 972
3157 4 2 1 1 131 963 822 987
3158 4 2 1 1 874 990 819 1093
3159 4 2 1 1 762 944 1031 1052
3160 4 2 1 1 921 1057 782 1133
3161 4 2 1 1 896 947 778 1126
3162 4 2 1 1 699 700 698 1000
3163 4 2 1 1 289 305 306 1013
3164 4 2 1 1 767 807 887 1011
3165 4 2 1 1 834 964 814 1130
3166 4 2 1 1 160 251 230 933
3167 4 2 1 1 420 867 438 942
3168 4 2 1 1 784 900 896 1100
3169 4 2 1 1 927 938 824 1015
3170 4 2 1 1 284 285 290 977
3171 4 2 1 1 892 900 778 983
3172 4 2 1 1 767 887 818 1059
3173 4 2 1 1 140 408 987 1102
3174 4 2 1 1 788 916 873 971
3175 4 2 1 1 724 721 687 857
3176 4 2 1 1 275 843 314 1121
3177 4 2 1 1 182 998 217 1167
3178 4 2 1 1 728 1042 674 1166
3179 4 2 1 1 399 393 879 939
3180 4 2 1 1 641 834 640 1063
3181 4 2 1 1 328 332 276 851
3182 4 2 1 1 475 645 856 1160
3183 4 2 1 1 293 300 292 899
3184 4 2 1 1 753 858 844 991
3185 4 2 1 1 300 899 293 1032
3186 4 2 1 1 821 983 890 1025
3187 4 2 1 1 744 994 893 1131
3188 4 2 1 1 892 900 515 1153
3189 4 2 1 1 751 993 951 1101
3190 4 2 1 1 507 869 502 914
3191 4 2 1 1 832 984 746 1069
3192 4 2 1 1 890 983 764 1025
3193 4 2 1 1 788 916 971 1055
3194 4 2 1 1 294 295 286 1093
3195 4 2 1 1 820 903 766 986
3196 4 2 1 1 803 1080 817 1135
3197 4 2 1 1 400 1110 884 1139
3198 4 2 1 1 525 853 541 1150
3199 4 2 1 1 506 878 489 1051
3200 4 2 1 1 757 910 835 976
3201 4 2 1 1 541 525 490 853
3202 4 2 1 1 485 866 949 1115
3203 4 2 1 1 865 867 790 1132
3204 4 2 1 1 196 926 669 1094
3205 4 2 1 1 815 1105 346 1111
3206 4 2 1 1 516 515 892 1025
3207 4 2 1 1 861 948 810 1147
3208 4 2 1 1 281 852 284 977
3209 4 2 1 1 810 956 968 999
3210 4 2 1 1 244 217 829 1167
3211 4 2 1 1 672 326 270 886
3212 4 2 1 1 310 876 307 903
3213 4 2 1 1 169 827 218 1053
3214 4 2 1 1 515 900 892 1025
3215 4 2 1 1 757 910 873 1143
3216 4 2 1 1 502 869 508 1113
3217 4 2 1 1 754 1057 921 1133
3218 4 2 1 1 779 811 1074 1156
3219 4 2 1 1 604 650 813 1140
3220 4 2 1 1 589 1078 641 1130
3221 4 2 1 1 892 1025 821 1145
3222 4 2 1 1 196 669 154 1094
3223 4 2 1 1 279 1121 1118 1154
3224 4 2 1 1 140 987 822 1102
3225 4 2 1 1 884 965 119 1019
3226 4 2 1 1 529 974 833 1116
3227 4 2 1 1 771 971 931 1055
3228 4 2 1 1 278 902 1121 1154
3229 4 2 1 1 331 886 326 1060
3230 4 2 1 1 525 973 853 1150
3231 4 2 1 1 347 300 293 1032
3232 4 2 1 1 453 884 736 1139
3233 4 2 1 1 791 888 970 1092
3234 4 2 1 1 813 868 763 992
3235 4 2 1 1 530 821 552 1145
3236 4 2 1 1 850 772 963 1088
3237 4 2 1 1 516 552 550 821
3238 4 2 1 1 765 932 1007 1065
3239 4 2 1 1 776 853 841 1087
3240 4 2 1 1 909 934 763 958
3241 4 2 1 1 333 332 328 989
3242 4 2 1 1 131 140 822 1102
3243 4 2 1 1 935 1067 854 1136
3244 4 2 1 1 310 903 307 1058
3245 4 2 1 1 700 818 731 1046
3246 4 2 1 1 272 273 857 979
3247 4 2 1 1 278 1121 279 1154
3248 4 2 1 1 465 903 262 1058
3249 4 2 1 1 518 840 536 1016
3250 4 2 1 1 311 812 337 1149
3251 4 2 1 1 843 758 893 902
3252 4 2 1 1 589 834 641 1078
3253 4 2 1 1 300 347 346 907
3254 4 2 1 1 767 818 1050 1059
3255 4 2 1 1 133 149 142 963
3256 4 2 1 1 769 860 859 943
3257 4 2 1 1 906 973 755 1160
3258 4 2 1 1 744 1020 994 1131
3259 4 2 1 1 864 938 772 1163
3260 4 2 1 1 600 602 617 861
3261 4 2 1 1 584 814 975 1130
3262 4 2 1 1 396 988 394 1017
3263 4 2 1 1 879 1110 939 1139
3264 4 2 1 1 257 351 317 952
3265 4 2 1 1 805 923 761 1023
3266 4 2 1 1 156 209 427 872
3267 4 2 1 1 865 434 1132 1170
3268 4 2 1 1 839 872 1109 1157
3269 4 2 1 1 405 448 677 939
3270 4 2 1 1 459 891 416 1048
3271 4 2 1 1 816 1034 939 1156
3272 4 2 1 1 767 966 807 1011
3273 4 2 1 1 765 804 967 988
3274 4 2 1 1 899 977 292 1032
3275 4 2 1 1 770 836 1066 1109
3276 4 2 1 1 899 951 787 1101
3277 4 2 1 1 634 617 589 972
3278 4 2 1 1 181 186 923 1114
3279 4 2 1 1 784 1071 1004 1123
3280 4 2 1 1 501 953 495 1138
3281 4 2 1 1 652 636 1056 1155
3282 4 2 1 1 801 860 940 1068
3283 4 2 1 1 679 684 670 1158
3284 4 2 1 1 776 1070 949 1107
3285 4 2 1 1 856 911 755 1073
3286 4 2 1 1 768 977 899 1032
3287 4 2 1 1 529 546 974 1116
3288 4 2 1 1 163 208 426 891
3289 4 2 1 1 268 919 441 1014
3290 4 2 1 1 553 499 1003 1145
3291 4 2 1 1 777 1079 892 1145
3292 4 2 1 1 832 901 854 1049
3293 4 2 1 1 624 621 593 906
3294 4 2 1 1 862 894 761 956
3295 4 2 1 1 752 873 863 1143
3296 4 2 1 1 939 1034 779 1156
3297 4 2 1 1 846 871 754 922
3298 4 2 1 1 547 517 900 1100
3299 4 2 1 1 754 922 809 1028
3300 4 2 1 1 901 947 838 1049
3301 4 2 1 1 682 945 828 1129
3302 4 2 1 1 825 952 342 1043
3303 4 2 1 1 761 956 810 1023
3304 4 2 1 1 831 750 920 1164
3305 4 2 1 1 920 935 792 1067
3306 4 2 1 1 127 440 139 987
3307 4 2 1 1 767 966 898 1050
3308 4 2 1 1 124 688 706 859
3309 4 2 1 1 832 887 807 1011
3310 4 2 1 1 499 966 554 1003
3311 4 2 1 1 234 207 200 960
3312 4 2 1 1 612 905 610 1075
3313 4 2 1 1 888 920 831 1134
3314 4 2 1 1 223 850 167 1036
3315 4 2 1 1 451 452 1017 1083
3316 4 2 1 1 596 918 894 1144
3317 4 2 1 1 383 382 895 1037
3318 4 2 1 1 807 1079 492 1115
3319 4 2 1 1 744 893 1005 1131
3320 4 2 1 1 804 772 917 1017
3321 4 2 1 1 715 196 164 926
3322 4 2 1 1 142 143 133 963
3323 4 2 1 1 835 985 318 1041
3324 4 2 1 1 297 325 1111 1125
3325 4 2 1 1 836 1109 765 1161
3326 4 2 1 1 761 923 831 998
3327 4 2 1 1 734 871 11 1042
3328 4 2 1 1 757 835 952 1093
3329 4 2 1 1 817 930 756 1002
3330 4 2 1 1 731 700 699 818
3331 4 2 1 1 186 1010 1114 1142
3332 4 2 1 1 839 962 413 1112
3333 4 2 1 1 281 284 313 977
3334 4 2 1 1 774 979 1086 1128
3335 4 2 1 1 761 829 862 998
3336 4 2 1 1 426 208 366 891
3337 4 2 1 1 775 828 877 1020
3338 4 2 1 1 751 995 928 1152
3339 4 2 1 1 787 852 977 1101
3340 4 2 1 1 800 1110 944 1169
3341 4 2 1 1 343 320 347 907
3342 4 2 1 1 824 1040 171 1127
3343 4 2 1 1 796 1097 948 1147
3344 4 2 1 1 743 1008 976 1156
3345 4 2 1 1 313 1061 977 1125
3346 4 2 1 1 616 823 1078 1165
3347 4 2 1 1 534 889 900 1025
3348 4 2 1 1 399 393 398 879
3349 4 2 1 1 839 413 962 1157
3350 4 2 1 1 233 249 898 1039
3351 4 2 1 1 522 1004 1077 1150
3352 4 2 1 1 785 937 808 1085
3353 4 2 1 1 167 168 166 1015
3354 4 2 1 1 642 912 609 919
3355 4 2 1 1 235 192 891 1066
3356 4 2 1 1 939 1034 816 1139
3357 4 2 1 1 367 435 315 1014
3358 4 2 1 1 768 899 977 1101
3359 4 2 1 1 768 951 899 1101
3360 4 2 1 1 170 168 171 1015
3361 4 2 1 1 202 167 223 850
3362 4 2 1 1 717 726 1060 1122
3363 4 2 1 1 757 819 874 971
3364 4 2 1 1 713 678 471 1000
3365 4 2 1 1 218 827 170 1092
3366 4 2 1 1 945 1062 691 1113
3367 4 2 1 1 823 959 616 1078
3368 4 2 1 1 186 1010 923 1114
3369 4 2 1 1 830 1021 837 1032
3370 4 2 1 1 756 808 909 964
3371 4 2 1 1 453 736 365 1139
3372 4 2 1 1 534 547 517 900
3373 4 2 1 1 859 883 781 1047
3374 4 2 1 1 623 631 856 1035
3375 4 2 1 1 950 991 795 1054
3376 4 2 1 1 856 322 1022 1073
3377 4 2 1 1 768 815 899 1038
3378 4 2 1 1 301 825 1043 1081
3379 4 2 1 1 548 969 878 1051
3380 4 2 1 1 396 409 424 962
3381 4 2 1 1 217 998 829 1167
3382 4 2 1 1 749 838 896 1095
3383 4 2 1 1 299 349 331 989
3384 4 2 1 1 299 349 989 1041
3385 4 2 1 1 852 855 751 1152
3386 4 2 1 1 889 918 649 1146
3387 4 2 1 1 877 893 782 994
3388 4 2 1 1 710 675 261 915
3389 4 2 1 1 463 548 880 969
3390 4 2 1 1 824 925 747 1117
3391 4 2 1 1 765 804 988 1065
3392 4 2 1 1 793 1037 944 1052
3393 4 2 1 1 746 887 832 1069
3394 4 2 1 1 781 1047 883 1053
3395 4 2 1 1 977 1032 768 1101
3396 4 2 1 1 847 804 1017 1065
3397 4 2 1 1 868 1064 867 1162
3398 4 2 1 1 236 974 190 1167
3399 4 2 1 1 351 318 298 1041
3400 4 2 1 1 237 842 967 1161
3401 4 2 1 1 788 971 954 993
3402 4 2 1 1 224 927 225 1015
3403 4 2 1 1 804 765 967 1065
3404 4 2 1 1 805 1029 888 1114
3405 4 2 1 1 163 235 891 924
3406 4 2 1 1 763 867 823 1018
3407 4 2 1 1 869 980 914 1137
3408 4 2 1 1 859 860 809 1151
3409 4 2 1 1 672 326 886 1060
3410 4 2 1 1 808 958 785 1085
3411 4 2 1 1 870 960 791 1092
3412 4 2 1 1 655 862 564 1044
3413 4 2 1 1 151 862 243 1044
3414 4 2 1 1 872 962 765 988
3415 4 2 1 1 825 952 757 957
3416 4 2 1 1 631 576 623 856
3417 4 2 1 1 398 399 879 939
3418 4 2 1 1 301 260 342 825
3419 4 2 1 1 934 839 1048 1112
3420 4 2 1 1 492 807 966 1079
3421 4 2 1 1 934 1048 992 1112
3422 4 2 1 1 759 920 854 1136
3423 4 2 1 1 378 376 437 957
3424 4 2 1 1 557 475 524 1160
3425 4 2 1 1 819 757 874 1093
3426 4 2 1 1 591 999 590 1144
3427 4 2 1 1 237 227 1040 1127
3428 4 2 1 1 746 950 809 1028
3429 4 2 1 1 843 893 797 902
3430 4 2 1 1 130 131 129 965
3431 4 2 1 1 819 874 971 990
3432 4 2 1 1 223 161 202 1088
3433 4 2 1 1 902 1099 797 1154
3434 4 2 1 1 490 929 540 1070
3435 4 2 1 1 196 715 669 926
3436 4 2 1 1 143 850 963 1088
3437 4 2 1 1 505 504 880 1051
3438 4 2 1 1 436 942 825 1014
3439 4 2 1 1 432 910 377 1033
3440 4 2 1 1 531 466 226 898
3441 4 2 1 1 774 914 869 980
3442 4 2 1 1 791 832 984 1134
3443 4 2 1 1 594 592 596 894
3444 4 2 1 1 808 964 941 1018
3445 4 2 1 1 854 920 792 1067
3446 4 2 1 1 516 821 550 1025
3447 4 2 1 1 224 225 171 1015
3448 4 2 1 1 567 446 659 868
3449 4 2 1 1 753 946 866 1049
3450 4 2 1 1 207 176 179 885
3451 4 2 1 1 878 1000 500 1050
3452 4 2 1 1 798 955 871 1158
3453 4 2 1 1 775 877 994 1020
3454 4 2 1 1 216 629 231 1155
3455 4 2 1 1 267 319 579 912
3456 4 2 1 1 413 839 416 1157
3457 4 2 1 1 881 978 806 1027
3458 4 2 1 1 638 565 256 907
3459 4 2 1 1 766 812 929 1013
3460 4 2 1 1 649 598 633 1146
3461 4 2 1 1 404 399 886 939
3462 4 2 1 1 776 1016 949 1070
3463 4 2 1 1 745 954 951 1084
3464 4 2 1 1 229 826 254 1089
3465 4 2 1 1 337 322 911 1022
3466 4 2 1 1 442 913 987 1072
3467 4 2 1 1 770 934 1097 1168
3468 4 2 1 1 859 860 769 1047
3469 4 2 1 1 477 480 479 1106
3470 4 2 1 1 395 1017 917 1072
3471 4 2 1 1 518 536 537 1016
3472 4 2 1 1 552 821 516 1145
3473 4 2 1 1 837 975 1021 1124
3474 4 2 1 1 132 148 137 943
3475 4 2 1 1 809 922 860 1028
3476 4 2 1 1 754 860 922 1028
3477 4 2 1 1 827 870 791 1092
3478 4 2 1 1 782 994 849 997
3479 4 2 1 1 874 990 286 1061
3480 4 2 1 1 502 507 508 869
3481 4 2 1 1 832 753 901 1049
3482 4 2 1 1 242 185 187 1010
3483 4 2 1 1 759 935 920 1136
3484 4 2 1 1 758 877 893 931
3485 4 2 1 1 762 978 881 1027
3486 4 2 1 1 573 609 642 912
3487 4 2 1 1 814 756 964 996
3488 4 2 1 1 409 396 389 847
3489 4 2 1 1 917 1017 452 1083
3490 4 2 1 1 774 820 914 980
3491 4 2 1 1 598 649 918 1146
3492 4 2 1 1 744 1024 1005 1026
3493 4 2 1 1 130 965 119 1102
3494 4 2 1 1 976 1008 800 1156
3495 4 2 1 1 814 756 996 1130
3496 4 2 1 1 584 582 975 1076
3497 4 2 1 1 695 1030 811 1034
3498 4 2 1 1 268 367 315 1014
3499 4 2 1 1 871 1042 734 1045
3500 4 2 1 1 878 969 500 1000
3501 4 2 1 1 229 474 826 1089
3502 4 2 1 1 823 834 1078 1165
3503 4 2 1 1 891 924 770 1048
3504 4 2 1 1 290 977 830 1032
3505 4 2 1 1 1005 1121 980 1128
3506 4 2 1 1 126 124 123 943
3507 4 2 1 1 590 845 639 1144
3508 4 2 1 1 423 372 421 919
3509 4 2 1 1 1067 1091 801 1136
3510 4 2 1 1 746 809 950 982
3511 4 2 1 1 782 893 877 931
3512 4 2 1 1 427 156 872 1157
3513 4 2 1 1 828 877 758 955
3514 4 2 1 1 926 1046 720 1094
3515 4 2 1 1 778 892 983 1126
3516 4 2 1 1 202 927 850 1104
3517 4 2 1 1 980 1005 876 1121
3518 4 2 1 1 1020 1024 858 1108
3519 4 2 1 1 747 864 938 1117
3520 4 2 1 1 766 1013 929 1106
3521 4 2 1 1 768 907 815 1076
3522 4 2 1 1 530 155 469 974
3523 4 2 1 1 668 857 724 1086
3524 4 2 1 1 758 877 828 1131
3525 4 2 1 1 514 900 1100 1153
3526 4 2 1 1 579 573 267 912
3527 4 2 1 1 270 326 331 886
3528 4 2 1 1 767 960 870 1039
3529 4 2 1 1 745 848 954 981
3530 4 2 1 1 929 1013 812 1106
3531 4 2 1 1 659 868 446 1064
3532 4 2 1 1 761 810 968 1023
3533 4 2 1 1 235 251 189 1066
3534 4 2 1 1 768 907 837 1032
3535 4 2 1 1 866 946 778 1049
3536 4 2 1 1 336 856 322 1022
3537 4 2 1 1 832 791 1069 1090
3538 4 2 1 1 763 934 813 992
3539 4 2 1 1 602 948 861 1147
3540 4 2 1 1 824 769 940 1015
3541 4 2 1 1 785 925 932 1091
3542 4 2 1 1 978 1027 793 1148
3543 4 2 1 1 609 919 912 1075
3544 4 2 1 1 508 869 719 1113
3545 4 2 1 1 765 1007 925 1065
3546 4 2 1 1 717 695 726 1122
3547 4 2 1 1 223 202 850 1088
3548 4 2 1 1 765 836 1007 1168
3549 4 2 1 1 760 969 880 1051
3550 4 2 1 1 184 862 241 998
3551 4 2 1 1 543 678 697 1000
3552 4 2 1 1 815 580 1076 1105
3553 4 2 1 1 484 1070 540 1107
3554 4 2 1 1 253 967 238 1161
3555 4 2 1 1 783 882 845 1096
3556 4 2 1 1 249 222 219 870
3557 4 2 1 1 743 931 916 1057
3558 4 2 1 1 875 896 764 983
3559 4 2 1 1 731 897 723 1046
3560 4 2 1 1 798 877 871 955
3561 4 2 1 1 802 820 986 1138
3562 4 2 1 1 763 868 1063 1165
3563 4 2 1 1 463 880 671 969
3564 4 2 1 1 938 978 794 1163
3565 4 2 1 1 532 229 159 1089
3566 4 2 1 1 768 899 951 1038
3567 4 2 1 1 780 1062 945 1113
3568 4 2 1 1 750 832 1049 1090
3569 4 2 1 1 327 273 979 1128
3570 4 2 1 1 694 955 687 1122
3571 4 2 1 1 808 941 1012 1018
3572 4 2 1 1 908 1021 830 1101
3573 4 2 1 1 758 915 851 1006
3574 4 2 1 1 941 964 808 1084
3575 4 2 1 1 325 899 324 1111
3576 4 2 1 1 155 821 190 974
3577 4 2 1 1 575 643 369 1009
3578 4 2 1 1 955 1030 798 1122
3579 4 2 1 1 910 957 863 1143
3580 4 2 1 1 915 758 1119 1122
3581 4 2 1 1 668 979 857 1086
3582 4 2 1 1 771 931 893 1055
3583 4 2 1 1 129 132 134 965
3584 4 2 1 1 865 992 415 1170
3585 4 2 1 1 620 1071 906 1077
3586 4 2 1 1 797 902 893 1099
3587 4 2 1 1 289 855 1013 1149
3588 4 2 1 1 501 495 496 1138
3589 4 2 1 1 275 314 278 1121
3590 4 2 1 1 783 968 894 999
3591 4 2 1 1 504 491 528 953
3592 4 2 1 1 1118 1121 797 1154
3593 4 2 1 1 638 256 320 907
3594 4 2 1 1 750 1049 946 1090
3595 4 2 1 1 805 935 748 1023
3596 4 2 1 1 902 797 1121 1154
3597 4 2 1 1 653 364 454 905
3598 4 2 1 1 816 1110 879 1139
3599 4 2 1 1 777 892 821 1145
3600 4 2 1 1 770 1066 891 1109
3601 4 2 1 1 297 1111 848 1125
3602 4 2 1 1 769 883 859 1047
3603 4 2 1 1 906 755 1035 1160
3604 4 2 1 1 780 953 914 1024
3605 4 2 1 1 268 341 919 1014
3606 4 2 1 1 819 971 771 990
3607 4 2 1 1 946 1049 832 1090
3608 4 2 1 1 121 120 134 846
3609 4 2 1 1 412 416 413 839
3610 4 2 1 1 11 121 871 1158
3611 4 2 1 1 747 978 938 1163
3612 4 2 1 1 604 948 603 1009
3613 4 2 1 1 771 893 902 1099
3614 4 2 1 1 802 1024 820 1138
3615 4 2 1 1 849 936 751 1099
3616 4 2 1 1 422 421 420 905
3617 4 2 1 1 759 925 842 935
3618 4 2 1 1 311 1013 812 1149
3619 4 2 1 1 235 189 192 1066
3620 4 2 1 1 791 888 885 1134
3621 4 2 1 1 515 513 516 892
3622 4 2 1 1 879 1110 800 1169
3623 4 2 1 1 694 687 721 1122
3624 4 2 1 1 424 962 413 1157
3625 4 2 1 1 392 425 401 1110
3626 4 2 1 1 745 981 941 1018
3627 4 2 1 1 186 1114 205 1142
3628 4 2 1 1 440 913 139 987
3629 4 2 1 1 554 966 898 1003
3630 4 2 1 1 744 893 849 1026
3631 4 2 1 1 443 1009 924 1048
3632 4 2 1 1 759 824 970 1127
3633 4 2 1 1 996 1080 908 1096
3634 4 2 1 1 856 755 973 1160
3635 4 2 1 1 825 757 952 1043
3636 4 2 1 1 220 218 870 1053
3637 4 2 1 1 850 769 1015 1036
3638 4 2 1 1 859 943 860 1151
3639 4 2 1 1 424 872 450 988
3640 4 2 1 1 609 611 578 919
3641 4 2 1 1 832 1069 1011 1090
3642 4 2 1 1 589 972 834 1130
3643 4 2 1 1 746 827 984 1047
3644 4 2 1 1 773 905 823 1075
3645 4 2 1 1 782 936 849 1055
3646 4 2 1 1 804 967 1040 1065
3647 4 2 1 1 718 448 365 939
3648 4 2 1 1 526 856 544 1022
3649 4 2 1 1 405 886 399 939
3650 4 2 1 1 780 945 914 1113
3651 4 2 1 1 260 315 435 1014
3652 4 2 1 1 608 912 579 1105
3653 4 2 1 1 856 1035 755 1160
3654 4 2 1 1 184 923 862 998
3655 4 2 1 1 894 956 594 999
3656 4 2 1 1 162 236 833 974
3657 4 2 1 1 411 415 992 1170
3658 4 2 1 1 848 1111 899 1125
3659 4 2 1 1 338 357 912 919
3660 4 2 1 1 512 1079 892 1153
3661 4 2 1 1 290 292 977 1032
3662 4 2 1 1 459 416 443 1048
3663 4 2 1 1 616 1078 614 1165
3664 4 2 1 1 828 774 1086 1131
3665 4 2 1 1 513 892 515 1153
3666 4 2 1 1 546 519 562 1025
3667 4 2 1 1 776 840 947 1016
3668 4 2 1 1 728 897 1042 1166
3669 4 2 1 1 941 981 790 1018
3670 4 2 1 1 237 212 967 1040
3671 4 2 1 1 756 930 817 996
3672 4 2 1 1 914 1024 953 1138
3673 4 2 1 1 995 1013 855 1149
3674 4 2 1 1 746 984 832 1054
3675 4 2 1 1 746 982 887 1069
3676 4 2 1 1 263 837 323 1073
3677 4 2 1 1 131 149 963 987
3678 4 2 1 1 133 143 850 963
3679 4 2 1 1 140 149 131 987
3680 4 2 1 1 747 938 864 1163
3681 4 2 1 1 720 926 741 1046
3682 4 2 1 1 451 1017 988 1083
3683 4 2 1 1 771 1099 902 1154
3684 4 2 1 1 865 895 786 1170
3685 4 2 1 1 760 878 969 1051
3686 4 2 1 1 743 976 819 1074
3687 4 2 1 1 190 821 239 1082
3688 4 2 1 1 606 1056 889 1116
3689 4 2 1 1 702 674 728 1042
3690 4 2 1 1 389 390 386 1052
3691 4 2 1 1 426 891 459 924
3692 4 2 1 1 419 867 1064 1162
3693 4 2 1 1 545 826 563 1050
3694 4 2 1 1 830 911 755 995
3695 4 2 1 1 681 734 1042 1045
3696 4 2 1 1 606 649 889 918
3697 4 2 1 1 941 1018 964 1084
3698 4 2 1 1 845 1001 1071 1123
3699 4 2 1 1 771 1055 893 1099
3700 4 2 1 1 288 287 874 1043
3701 4 2 1 1 811 989 779 1074
3702 4 2 1 1 520 1100 547 1146
3703 4 2 1 1 845 882 783 1144
3704 4 2 1 1 155 239 190 821
3705 4 2 1 1 610 959 616 1075
3706 4 2 1 1 606 648 1056 1116
3707 4 2 1 1 333 989 331 1060
3708 4 2 1 1 156 1109 872 1157
3709 4 2 1 1 899 907 768 1032
3710 4 2 1 1 151 215 243 862
3711 4 2 1 1 564 655 628 862
3712 4 2 1 1 829 1155 244 1167
3713 4 2 1 1 757 952 1043 1093
3714 4 2 1 1 284 281 283 852
3715 4 2 1 1 768 814 975 1038
3716 4 2 1 1 699 969 818 1000
3717 4 2 1 1 432 985 835 1033
3718 4 2 1 1 591 592 999 1144
3719 4 2 1 1 695 811 717 1034
3720 4 2 1 1 343 323 263 837
3721 4 2 1 1 884 965 762 1031
3722 4 2 1 1 747 1065 864 1117
3723 4 2 1 1 520 1004 1100 1146
3724 4 2 1 1 806 921 916 937
3725 4 2 1 1 639 633 598 1144
3726 4 2 1 1 405 404 399 886
3727 4 2 1 1 743 916 881 1057
3728 4 2 1 1 611 610 905 1075
3729 4 2 1 1 486 528 491 844
3730 4 2 1 1 932 958 786 1007
3731 4 2 1 1 219 178 234 960
3732 4 2 1 1 840 778 947 1016
3733 4 2 1 1 773 919 912 1081
3734 4 2 1 1 419 1064 868 1162
3735 4 2 1 1 765 847 932 1065
3736 4 2 1 1 276 277 902 1006
3737 4 2 1 1 768 815 1038 1076
3738 4 2 1 1 879 976 800 1156
3739 4 2 1 1 427 366 156 891
3740 4 2 1 1 513 512 527 892
3741 4 2 1 1 445 1031 822 1102
3742 4 2 1 1 811 1030 695 1122
3743 4 2 1 1 315 260 301 1014
3744 4 2 1 1 789 996 908 1096
3745 4 2 1 1 759 984 940 1136
3746 4 2 1 1 834 972 756 1130
3747 4 2 1 1 757 957 910 1143
3748 4 2 1 1 563 1050 826 1089
3749 4 2 1 1 788 941 954 1143
3750 4 2 1 1 843 857 758 1006
3751 4 2 1 1 590 593 639 845
3752 4 2 1 1 849 936 782 997
3753 4 2 1 1 780 1024 1020 1108
3754 4 2 1 1 459 426 366 891
3755 4 2 1 1 900 983 892 1025
3756 4 2 1 1 681 1045 1042 1129
3757 4 2 1 1 301 1043 296 1081
3758 4 2 1 1 200 1003 960 1082
3759 4 2 1 1 211 967 212 1040
3760 4 2 1 1 470 544 266 1022
3761 4 2 1 1 811 779 989 1034
3762 4 2 1 1 768 830 1021 1101
3763 4 2 1 1 831 805 920 1114
3764 4 2 1 1 511 969 713 1000
3765 4 2 1 1 238 967 872 1161
3766 4 2 1 1 410 413 962 1112
3767 4 2 1 1 630 1009 430 1140
3768 4 2 1 1 965 1031 884 1102
3769 4 2 1 1 307 876 304 980
3770 4 2 1 1 749 1001 1080 1096
3771 4 2 1 1 191 182 217 1167
3772 4 2 1 1 783 999 894 1144
3773 4 2 1 1 508 730 551 1113
3774 4 2 1 1 843 758 902 1006
3775 4 2 1 1 771 993 852 1061
3776 4 2 1 1 541 853 490 1070
3777 4 2 1 1 757 825 957 981
3778 4 2 1 1 213 158 363 917
3779 4 2 1 1 840 1100 521 1150
3780 4 2 1 1 903 766 986 1106
3781 4 2 1 1 282 874 286 1061
3782 4 2 1 1 795 950 858 991
3783 4 2 1 1 760 858 950 991
3784 4 2 1 1 594 894 597 956
3785 4 2 1 1 249 201 898 960
3786 4 2 1 1 192 891 1066 1109
3787 4 2 1 1 433 865 1132 1162
3788 4 2 1 1 342 296 301 1043
3789 4 2 1 1 636 894 596 1056
3790 4 2 1 1 595 594 956 999
3791 4 2 1 1 429 363 158 917
3792 4 2 1 1 677 708 707 939
3793 4 2 1 1 427 891 156 1157
3794 4 2 1 1 351 835 1041 1093
3795 4 2 1 1 460 395 452 917
3796 4 2 1 1 815 773 912 1111
3797 4 2 1 1 828 775 877 1045
3798 4 2 1 1 827 970 170 1092
3799 4 2 1 1 718 677 448 939
3800 4 2 1 1 929 986 766 1106
3801 4 2 1 1 813 1009 604 1140
3802 4 2 1 1 936 993 751 1099
3803 4 2 1 1 815 912 773 1075
3804 4 2 1 1 799 1071 1001 1123
3805 4 2 1 1 803 901 838 1135
3806 4 2 1 1 289 855 285 1118
3807 4 2 1 1 696 724 668 857
3808 4 2 1 1 612 611 610 905
3809 4 2 1 1 202 850 1088 1104
3810 4 2 1 1 822 397 987 1072
3811 4 2 1 1 864 1052 822 1072
3812 4 2 1 1 941 981 954 1143
3813 4 2 1 1 319 579 912 1105
3814 4 2 1 1 672 886 1034 1060
3815 4 2 1 1 719 869 693 1113
3816 4 2 1 1 412 992 1048 1112
3817 4 2 1 1 785 932 925 1007
3818 4 2 1 1 133 143 141 850
3819 4 2 1 1 416 1048 891 1157
3820 4 2 1 1 416 839 1048 1157
3821 4 2 1 1 521 536 518 840
3822 4 2 1 1 340 337 311 1022
3823 4 2 1 1 853 1001 841 1087
3824 4 2 1 1 806 1068 921 1091
3825 4 2 1 1 823 745 1018 1098
3826 4 2 1 1 243 862 184 923
3827 4 2 1 1 589 640 641 834
3828 4 2 1 1 758 893 877 1131
3829 4 2 1 1 757 971 954 1143
3830 4 2 1 1 512 892 513 1153
3831 4 2 1 1 430 369 431 1009
3832 4 2 1 1 773 815 1098 1111
3833 4 2 1 1 899 787 977 1101
3834 4 2 1 1 680 828 1045 1129
3835 4 2 1 1 471 511 713 1000
3836 4 2 1 1 474 229 826 1141
3837 4 2 1 1 923 998 180 1114
3838 4 2 1 1 273 258 272 857
3839 4 2 1 1 482 495 953 1138
3840 4 2 1 1 474 563 545 826
3841 4 2 1 1 941 745 1018 1084
3842 4 2 1 1 543 1000 697 1141
3843 4 2 1 1 708 886 707 939
3844 4 2 1 1 940 984 801 1136
3845 4 2 1 1 159 229 254 1089
3846 4 2 1 1 200 201 960 1003
3847 4 2 1 1 507 869 914 1137
3848 4 2 1 1 505 880 548 1051
3849 4 2 1 1 765 988 847 1065
3850 4 2 1 1 800 1008 944 1110
3851 4 2 1 1 173 174 888 970
3852 4 2 1 1 772 822 963 987
3853 4 2 1 1 416 839 412 1048
3854 4 2 1 1 730 508 719 1113
3855 4 2 1 1 803 849 961 997
3856 4 2 1 1 936 997 803 1135
3857 4 2 1 1 289 285 855 1149
3858 4 2 1 1 745 848 981 1098
3859 4 2 1 1 180 923 184 998
3860 4 2 1 1 822 762 965 1031
3861 4 2 1 1 749 930 838 1095
3862 4 2 1 1 806 1027 978 1148
3863 4 2 1 1 937 1091 785 1148
3864 4 2 1 1 800 879 1008 1110
3865 4 2 1 1 710 915 261 1060
3866 4 2 1 1 830 768 1021 1032
3867 4 2 1 1 236 190 191 1167
3868 4 2 1 1 278 277 902 1154
3869 4 2 1 1 964 1018 745 1084
3870 4 2 1 1 879 800 976 1169
3871 4 2 1 1 847 765 962 988
3872 4 2 1 1 812 1013 995 1149
3873 4 2 1 1 816 879 939 1139
3874 4 2 1 1 571 364 653 905
3875 4 2 1 1 773 1075 823 1098
3876 4 2 1 1 495 528 482 953
3877 4 2 1 1 295 294 1041 1093
3878 4 2 1 1 759 1029 842 1127
3879 4 2 1 1 184 180 181 923
3880 4 2 1 1 814 964 834 1078
3881 4 2 1 1 811 915 1119 1122
3882 4 2 1 1 880 969 760 1120
3883 4 2 1 1 898 960 201 1003
3884 4 2 1 1 794 978 965 1163
3885 4 2 1 1 442 395 460 1072
3886 4 2 1 1 180 181 923 1114
3887 4 2 1 1 772 822 987 1072
3888 4 2 1 1 867 905 420 1064
3889 4 2 1 1 577 231 629 1155
3890 4 2 1 1 357 341 302 1081
3891 4 2 1 1 786 934 839 1168
3892 4 2 1 1 751 841 908 1080
3893 4 2 1 1 221 826 229 1141
3894 4 2 1 1 156 891 1109 1157
3895 4 2 1 1 589 641 586 1130
3896 4 2 1 1 785 1067 937 1085
3897 4 2 1 1 921 1068 801 1091
3898 4 2 1 1 799 906 1077 1160
3899 4 2 1 1 841 1001 908 1080
3900 4 2 1 1 223 850 138 1088
3901 4 2 1 1 893 931 782 1055
3902 4 2 1 1 671 969 880 1120
3903 4 2 1 1 253 210 238 967
3904 4 2 1 1 394 988 451 1017
3905 4 2 1 1 577 833 231 1155
3906 4 2 1 1 229 532 474 1089
3907 4 2 1 1 425 379 1037 1169
3908 4 2 1 1 544 526 475 856
3909 4 2 1 1 540 1070 929 1107
3910 4 2 1 1 288 874 282 1125
3911 4 2 1 1 361 446 567 868
3912 4 2 1 1 815 1075 773 1098
3913 4 2 1 1 523 522 1077 1150
3914 4 2 1 1 921 1028 801 1068
3915 4 2 1 1 485 866 488 1016
3916 4 2 1 1 125 153 165 883
3917 4 2 1 1 749 840 947 1087
3918 4 2 1 1 307 876 980 1058
3919 4 2 1 1 230 251 235 924
3920 4 2 1 1 749 930 1095 1096
3921 4 2 1 1 312 980 869 1137
3922 4 2 1 1 824 938 927 1117
3923 4 2 1 1 980 1058 820 1137
3924 4 2 1 1 825 773 942 981
3925 4 2 1 1 425 944 401 1110
3926 4 2 1 1 346 1105 345 1111
3927 4 2 1 1 575 369 630 1009
3928 4 2 1 1 818 1000 878 1050
3929 4 2 1 1 268 315 341 1014
3930 4 2 1 1 752 941 873 1143
3931 4 2 1 1 257 360 373 952
3932 4 2 1 1 401 944 402 1031
3933 4 2 1 1 887 1059 767 1069
3934 4 2 1 1 345 1105 912 1111
3935 4 2 1 1 758 851 902 1006
3936 4 2 1 1 235 208 163 891
3937 4 2 1 1 852 993 787 1061
3938 4 2 1 1 572 627 160 933
3939 4 2 1 1 849 928 803 961
3940 4 2 1 1 401 944 1031 1110
3941 4 2 1 1 500 878 548 969
3942 4 2 1 1 303 1118 279 1121
3943 4 2 1 1 848 1043 825 1081
3944 4 2 1 1 915 1060 726 1122
3945 4 2 1 1 871 955 877 1045
3946 4 2 1 1 630 369 430 1009
3947 4 2 1 1 792 1067 1002 1135
3948 4 2 1 1 834 814 1078 1130
3949 4 2 1 1 546 534 519 1025
3950 4 2 1 1 267 338 357 912
3951 4 2 1 1 225 927 250 1040
3952 4 2 1 1 776 947 840 1087
3953 4 2 1 1 341 919 1014 1081
3954 4 2 1 1 259 310 903 1013
3955 4 2 1 1 615 1063 650 1140
3956 4 2 1 1 521 840 518 1100
3957 4 2 1 1 477 476 903 1106
3958 4 2 1 1 221 229 164 1141
3959 4 2 1 1 816 884 1110 1139
3960 4 2 1 1 758 931 851 1119
3961 4 2 1 1 233 898 226 1089
3962 4 2 1 1 120 965 846 1019
3963 4 2 1 1 485 483 486 949
3964 4 2 1 1 274 915 857 1006
3965 4 2 1 1 799 973 906 1160
3966 4 2 1 1 701 945 692 1086
3967 4 2 1 1 336 266 544 1022
3968 4 2 1 1 822 772 963 1163
3969 4 2 1 1 785 958 932 1007
3970 4 2 1 1 466 159 226 1089
3971 4 2 1 1 430 431 444 1140
3972 4 2 1 1 673 871 734 1045
3973 4 2 1 1 874 1061 282 1125
3974 4 2 1 1 237 175 842 1142
3975 4 2 1 1 898 767 1050 1089
3976 4 2 1 1 780 1020 904 1108
3977 4 2 1 1 660 837 625 1124
3978 4 2 1 1 127 368 440 987
3979 4 2 1 1 348 291 352 911
3980 4 2 1 1 758 877 931 1119
3981 4 2 1 1 278 277 275 902
3982 4 2 1 1 782 921 916 1057
3983 4 2 1 1 844 760 991 1108
3984 4 2 1 1 627 214 160 933
3985 4 2 1 1 569 43 628 157
3986 4 2 1 1 628 42 564 215
3987 4 2 1 1 215 628 43 157
3988 4 2 1 1 42 151 564 215
3989 4 2 1 1 171 172 170 970
3990 4 2 1 1 745 954 941 981
3991 4 2 1 1 391 432 377 1033
3992 4 2 1 1 772 938 850 963
3993 4 2 1 1 680 687 679 955
3994 4 2 1 1 171 172 970 1127
3995 4 2 1 1 130 129 119 965
3996 4 2 1 1 403 1052 390 1072
3997 4 2 1 1 585 959 582 1076
3998 4 2 1 1 815 899 848 1111
3999 4 2 1 1 159 466 532 1089
4000 4 2 1 1 849 803 936 997
4001 4 2 1 1 788 873 941 1143
4002 4 2 1 1 250 211 212 1040
4003 4 2 1 1 858 1020 744 1024
4004 4 2 1 1 668 61 696 272
4005 4 2 1 1 258 696 61 272
4006 4 2 1 1 848 1098 815 1111
4007 4 2 1 1 759 970 1029 1127
4008 4 2 1 1 789 1001 908 1021
4009 4 2 1 1 477 462 476 1106
4010 4 2 1 1 750 1090 885 1134
4011 4 2 1 1 796 1066 933 1097
4012 4 2 1 1 559 473 354 869
4013 4 2 1 1 916 931 782 1057
4014 4 2 1 1 303 279 278 1121
4015 4 2 1 1 505 504 503 880
4016 4 2 1 1 672 886 716 1034
4017 4 2 1 1 545 826 1000 1141
4018 4 2 1 1 782 931 916 1055
4019 4 2 1 1 854 901 832 1054
4020 4 2 1 1 799 1077 973 1160
4021 4 2 1 1 678 543 471 1000
4022 4 2 1 1 177 888 174 1029
4023 4 2 1 1 162 529 469 974
4024 4 2 1 1 821 974 550 1025
4025 4 2 1 1 525 973 526 1022
4026 4 2 1 1 545 1000 826 1050
4027 4 2 1 1 134 120 129 965
4028 4 2 1 1 790 981 941 1143
4029 4 2 1 1 896 983 875 1126
4030 4 2 1 1 526 973 856 1022
4031 4 2 1 1 797 1118 876 1121
4032 4 2 1 1 137 146 134 922
4033 4 2 1 1 767 898 960 1039
4034 4 2 1 1 210 872 238 967
4035 4 2 1 1 809 1042 897 1166
4036 4 2 1 1 402 401 388 944
4037 4 2 1 1 283 852 281 1154
4038 4 2 1 1 307 304 308 980
4039 4 2 1 1 933 948 796 1097
4040 4 2 1 1 773 1098 848 1111
4041 4 2 1 1 791 1090 832 1134
4042 4 2 1 1 746 950 1028 1054
4043 4 2 1 1 164 196 221 926
4044 4 2 1 1 755 1001 906 1021
4045 4 2 1 1 412 992 414 1048
4046 4 2 1 1 708 716 886 1034
4047 4 2 1 1 772 822 1072 1163
4048 4 2 1 1 940 984 827 1047
4049 4 2 1 1 872 765 1109 1161
4050 4 2 1 1 365 718 939 1139
4051 4 2 1 1 354 335 683 869
4052 4 2 1 1 744 858 961 994
4053 4 2 1 1 150 531 226 898
4054 4 2 1 1 120 119 965 1019
4055 4 2 1 1 278 279 277 1154
4056 4 2 1 1 283 289 285 1118
4057 4 2 1 1 563 826 474 1089
4058 4 2 1 1 879 939 779 1156
4059 4 2 1 1 493 489 506 878
4060 4 2 1 1 751 855 995 1152
4061 4 2 1 1 981 1018 745 1098
4062 4 2 1 1 177 888 1029 1114
4063 4 2 1 1 198 469 155 974
4064 4 2 1 1 693 945 691 1113
4065 4 2 1 1 844 991 858 1108
4066 4 2 1 1 757 981 957 1143
4067 4 2 1 1 125 153 883 1036
4068 4 2 1 1 806 1091 937 1148
4069 4 2 1 1 389 409 847 1103
4070 4 2 1 1 174 888 970 1029
4071 4 2 1 1 428 209 16 152
4072 4 2 1 1 16 359 209 428
4073 4 2 1 1 359 427 15 209
4074 4 2 1 1 836 1142 188 1161
4075 4 2 1 1 322 856 269 1073
4076 4 2 1 1 401 1031 402 1110
4077 4 2 1 1 731 969 727 1120
4078 4 2 1 1 569 216 157 1155
4079 4 2 1 1 826 1039 254 1089
4080 4 2 1 1 763 867 865 1162
4081 4 2 1 1 536 840 521 1150
4082 4 2 1 1 569 629 216 1155
4083 4 2 1 1 211 210 967 1083
4084 4 2 1 1 444 417 361 1140
4085 4 2 1 1 787 977 1061 1125
4086 4 2 1 1 286 874 287 1093
4087 4 2 1 1 377 378 379 910
4088 4 2 1 1 727 731 699 969
4089 4 2 1 1 774 945 828 1086
4090 4 2 1 1 384 895 382 1103
4091 4 2 1 1 707 733 456 886
4092 4 2 1 1 409 962 847 1103
4093 4 2 1 1 758 843 893 1131
4094 4 2 1 1 854 984 832 1134
4095 4 2 1 1 174 970 172 1029
4096 4 2 1 1 657 666 603 933
4097 4 2 1 1 233 249 201 898
4098 4 2 1 1 755 1021 906 1124
4099 4 2 1 1 162 469 198 974
4100 4 2 1 1 233 226 159 1089
4101 4 2 1 1 559 354 738 869
4102 4 2 1 1 756 909 834 964
4103 4 2 1 1 553 499 554 1003
4104 4 2 1 1 388 402 944 1031
4105 4 2 1 1 852 797 1099 1154
4106 4 2 1 1 843 902 797 1121
4107 4 2 1 1 623 576 645 856
4108 4 2 1 1 391 377 910 1033
4109 4 2 1 1 660 570 625 837
4110 4 2 1 1 452 917 395 1017
4111 4 2 1 1 867 823 905 1165
4112 4 2 1 1 769 940 827 1047
4113 4 2 1 1 750 946 1049 1126
4114 4 2 1 1 831 180 998 1114
4115 4 2 1 1 383 386 388 1052
4116 4 2 1 1 305 310 306 1013
4117 4 2 1 1 396 451 394 988
4118 4 2 1 1 966 1011 777 1079
4119 4 2 1 1 655 597 862 956
4120 4 2 1 1 398 365 399 939
4121 4 2 1 1 957 981 790 1143
4122 4 2 1 1 486 844 491 1115
4123 4 2 1 1 748 935 1007 1085
4124 4 2 1 1 772 927 850 938
4125 4 2 1 1 766 903 876 1013
4126 4 2 1 1 733 356 456 886
4127 4 2 1 1 478 538 462 1106
4128 4 2 1 1 491 1051 489 1115
4129 4 2 1 1 283 1118 852 1154
4130 4 2 1 1 758 955 877 1119
4131 4 2 1 1 424 449 872 1157
4132 4 2 1 1 882 996 756 1130
4133 4 2 1 1 932 962 786 1103
4134 4 2 1 1 226 531 34 466
4135 4 2 1 1 289 1013 306 1149
4136 4 2 1 1 778 946 866 1153
4137 4 2 1 1 946 777 1011 1079
4138 4 2 1 1 787 951 993 1101
4139 4 2 1 1 754 1028 921 1068
4140 4 2 1 1 680 955 679 1045
4141 4 2 1 1 665 648 833 1056
4142 4 2 1 1 778 947 1049 1126
4143 4 2 1 1 782 1057 877 1133
4144 4 2 1 1 305 304 876 1121
4145 4 2 1 1 757 873 971 1143
4146 4 2 1 1 352 911 322 1073
4147 4 2 1 1 162 236 231 833
4148 4 2 1 1 511 671 713 969
4149 4 2 1 1 877 955 798 1119
4150 4 2 1 1 832 984 854 1054
4151 4 2 1 1 354 683 738 869
4152 4 2 1 1 807 946 832 1011
4153 4 2 1 1 358 118 453 884
4154 4 2 1 1 310 262 903 1058
4155 4 2 1 1 266 336 322 1022
4156 4 2 1 1 799 1001 853 1087
4157 4 2 1 1 488 1016 866 1153
4158 4 2 1 1 310 307 262 1058
4159 4 2 1 1 431 1009 443 1048
4160 4 2 1 1 839 891 770 1048
4161 4 2 1 1 410 413 424 962
4162 4 2 1 1 742 997 936 1135
4163 4 2 1 1 774 820 980 1005
4164 4 2 1 1 880 904 780 1062
4165 4 2 1 1 288 296 287 1043
4166 4 2 1 1 141 148 133 963
4167 4 2 1 1 125 883 124 1036
4168 4 2 1 1 805 1114 1010 1142
4169 4 2 1 1 755 1035 1021 1124
4170 4 2 1 1 696 60 675 258
4171 4 2 1 1 329 675 60 258
4172 4 2 1 1 960 1003 777 1082
4173 4 2 1 1 877 1057 931 1119
4174 4 2 1 1 665 1056 833 1155
4175 4 2 1 1 310 350 259 903
4176 4 2 1 1 763 992 868 1162
4177 4 2 1 1 838 1049 947 1126
4178 4 2 1 1 879 800 1008 1156
4179 4 2 1 1 381 380 378 863
4180 4 2 1 1 466 226 898 1089
4181 4 2 1 1 764 900 889 1025
4182 4 2 1 1 596 894 918 1056
4183 4 2 1 1 496 494 509 1138
4184 4 2 1 1 813 992 934 1048
4185 4 2 1 1 620 1077 906 1160
4186 4 2 1 1 673 11 734 871
4187 4 2 1 1 891 1048 839 1157
4188 4 2 1 1 848 899 787 1125
4189 4 2 1 1 768 1038 975 1076
4190 4 2 1 1 946 1079 866 1153
4191 4 2 1 1 223 138 161 1088
4192 4 2 1 1 417 868 361 1140
4193 4 2 1 1 819 989 851 1074
4194 4 2 1 1 825 773 981 1081
4195 4 2 1 1 358 118 884 1102
4196 4 2 1 1 417 419 868 1162
4197 4 2 1 1 749 1001 845 1123
4198 4 2 1 1 188 1109 836 1161
4199 4 2 1 1 795 1028 950 1054
4200 4 2 1 1 261 915 332 1060
4201 4 2 1 1 700 720 741 1046
4202 4 2 1 1 121 120 846 1158
4203 4 2 1 1 221 254 229 826
4204 4 2 1 1 123 943 859 1151
4205 4 2 1 1 257 316 360 952
4206 4 2 1 1 935 785 1007 1085
4207 4 2 1 1 536 1016 840 1070
4208 4 2 1 1 885 960 777 1082
4209 4 2 1 1 859 982 781 1046
4210 4 2 1 1 549 568 467 1077
4211 4 2 1 1 766 986 929 1107
4212 4 2 1 1 237 227 212 1040
4213 4 2 1 1 305 303 304 1121
4214 4 2 1 1 809 950 897 1042
4215 4 2 1 1 557 524 1077 1160
4216 4 2 1 1 818 969 878 1000
4217 4 2 1 1 837 1035 755 1073
4218 4 2 1 1 793 847 932 1103
4219 4 2 1 1 565 78 638 256
4220 4 2 1 1 924 1009 770 1048
4221 4 2 1 1 858 991 760 1108
4222 4 2 1 1 331 264 334 886
4223 4 2 1 1 173 888 176 1092
4224 4 2 1 1 813 770 1009 1048
4225 4 2 1 1 273 274 857 1006
4226 4 2 1 1 208 156 366 891
4227 4 2 1 1 412 839 413 1112
4228 4 2 1 1 781 1046 926 1094
4229 4 2 1 1 784 1004 1100 1123
4230 4 2 1 1 183 190 239 1082
4231 4 2 1 1 540 929 479 1107
4232 4 2 1 1 237 842 175 1127
4233 4 2 1 1 131 130 140 1102
4234 4 2 1 1 422 420 438 942
4235 4 2 1 1 385 1112 962 1170
4236 4 2 1 1 813 1063 868 1140
4237 4 2 1 1 847 962 932 1103
4238 4 2 1 1 122 11 146 922
4239 4 2 1 1 755 906 1035 1124
4240 4 2 1 1 976 1033 835 1041
4241 4 2 1 1 825 942 773 1014
4242 4 2 1 1 363 452 451 1083
4243 4 2 1 1 581 975 583 1076
4244 4 2 1 1 758 857 915 1006
4245 4 2 1 1 906 1001 789 1021
4246 4 2 1 1 172 1029 970 1127
4247 4 2 1 1 254 826 221 1039
4248 4 2 1 1 119 884 118 1102
4249 4 2 1 1 119 703 884 1019
4250 4 2 1 1 765 967 842 1161
4251 4 2 1 1 936 849 1055 1099
4252 4 2 1 1 772 987 913 1072
4253 4 2 1 1 764 890 875 983
4254 4 2 1 1 755 837 1021 1035
4255 4 2 1 1 351 1041 298 1093
4256 4 2 1 1 446 868 419 1064
4257 4 2 1 1 787 977 852 1061
4258 4 2 1 1 511 500 969 1000
4259 4 2 1 1 463 671 511 969
4260 4 2 1 1 305 289 303 1118
4261 4 2 1 1 610 637 616 959
4262 4 2 1 1 591 590 592 1144
4263 4 2 1 1 272 327 273 979
4264 4 2 1 1 534 900 515 1025
4265 4 2 1 1 385 962 1103 1170
4266 4 2 1 1 402 1031 884 1110
4267 4 2 1 1 549 618 568 1077
4268 4 2 1 1 796 1023 1010 1097
4269 4 2 1 1 764 983 900 1025
4270 4 2 1 1 500 1000 545 1050
4271 4 2 1 1 845 882 789 1096
4272 4 2 1 1 347 346 907 1105
4273 4 2 1 1 185 181 186 923
4274 4 2 1 1 481 484 540 1107
4275 4 2 1 1 597 594 636 894
4276 4 2 1 1 686 897 904 1042
4277 4 2 1 1 237 206 175 1142
4278 4 2 1 1 275 902 277 1006
4279 4 2 1 1 907 1076 580 1105
4280 4 2 1 1 975 1038 814 1076
4281 4 2 1 1 856 755 1035 1073
4282 4 2 1 1 655 597 654 862
4283 4 2 1 1 184 243 241 862
4284 4 2 1 1 761 862 923 998
4285 4 2 1 1 763 868 867 1162
4286 4 2 1 1 751 928 849 1152
4287 4 2 1 1 394 451 452 1017
4288 4 2 1 1 749 1001 841 1080
4289 4 2 1 1 870 960 767 1069
4290 4 2 1 1 595 594 597 956
4291 4 2 1 1 717 1034 811 1060
4292 4 2 1 1 971 993 788 1055
4293 4 2 1 1 312 327 979 1128
4294 4 2 1 1 793 932 895 1103
4295 4 2 1 1 334 370 456 886
4296 4 2 1 1 449 450 424 872
4297 4 2 1 1 686 897 690 1120
4298 4 2 1 1 777 946 892 1079
4299 4 2 1 1 219 870 218 1092
4300 4 2 1 1 770 948 933 1097
4301 4 2 1 1 894 918 783 1144
4302 4 2 1 1 782 931 877 1057
4303 4 2 1 1 770 933 1066 1097
4304 4 2 1 1 837 1035 625 1124
4305 4 2 1 1 762 965 884 1019
4306 4 2 1 1 887 1011 832 1069
4307 4 2 1 1 757 954 981 1143
4308 4 2 1 1 854 1067 801 1136
4309 4 2 1 1 603 657 933 948
4310 4 2 1 1 320 638 78 256
4311 4 2 1 1 506 548 878 1051
4312 4 2 1 1 290 293 292 1032
4313 4 2 1 1 686 904 897 1120
4314 4 2 1 1 185 923 186 1010
4315 4 2 1 1 779 1041 976 1074
4316 4 2 1 1 537 485 488 1016
4317 4 2 1 1 485 949 866 1016
4318 4 2 1 1 728 723 897 1166
4319 4 2 1 1 822 1031 965 1102
4320 4 2 1 1 775 877 871 1133
4321 4 2 1 1 615 868 1063 1140
4322 4 2 1 1 749 845 1001 1096
4323 4 2 1 1 797 1005 876 1026
4324 4 2 1 1 879 816 1008 1110
4325 4 2 1 1 585 637 582 959
4326 4 2 1 1 425 379 380 1037
4327 4 2 1 1 497 898 554 966
4328 4 2 1 1 768 975 907 1076
4329 4 2 1 1 321 263 323 1073
4330 4 2 1 1 276 330 328 851
4331 4 2 1 1 860 943 922 1151
4332 4 2 1 1 26 154 669 714
4333 4 2 1 1 545 474 826 1141
4334 4 2 1 1 369 443 431 1009
4335 4 2 1 1 258 273 274 857
4336 4 2 1 1 340 538 470 1022
4337 4 2 1 1 811 1060 915 1122
4338 4 2 1 1 876 903 820 1058
4339 4 2 1 1 297 325 324 1111
4340 4 2 1 1 982 1046 859 1166
4341 4 2 1 1 898 966 777 1003
4342 4 2 1 1 675 59 261 329
4343 4 2 1 1 516 892 527 1145
4344 4 2 1 1 527 516 513 892
4345 4 2 1 1 555 554 497 898
4346 4 2 1 1 463 548 505 880
4347 4 2 1 1 702 734 11 1042
4348 4 2 1 1 789 1001 845 1096
4349 4 2 1 1 912 919 773 1075
4350 4 2 1 1 545 1000 543 1141
4351 4 2 1 1 816 939 879 1156
4352 4 2 1 1 791 960 870 1069
4353 4 2 1 1 963 965 822 1163
4354 4 2 1 1 746 984 940 1047
4355 4 2 1 1 746 950 887 982
4356 4 2 1 1 860 922 809 1151
4357 4 2 1 1 227 171 1040 1127
4358 4 2 1 1 591 592 594 999
4359 4 2 1 1 140 368 127 987
4360 4 2 1 1 271 354 473 869
4361 4 2 1 1 325 300 324 899
4362 4 2 1 1 910 976 800 1169
4363 4 2 1 1 748 934 909 958
4364 4 2 1 1 277 990 902 1154
4365 4 2 1 1 847 988 804 1065
4366 4 2 1 1 186 181 205 1114
4367 4 2 1 1 801 984 854 1136
4368 4 2 1 1 213 917 363 1083
4369 4 2 1 1 233 1039 898 1089
4370 4 2 1 1 359 449 427 872
4371 4 2 1 1 744 849 961 1026
4372 4 2 1 1 225 203 250 927
4373 4 2 1 1 282 287 286 874
4374 4 2 1 1 283 281 279 1154
4375 4 2 1 1 892 1079 946 1153
4376 4 2 1 1 491 844 1051 1115
4377 4 2 1 1 738 719 559 869
4378 4 2 1 1 684 955 694 1122
4379 4 2 1 1 363 917 452 1083
4380 4 2 1 1 580 581 907 1105
4381 4 2 1 1 867 905 1064 1165
4382 4 2 1 1 334 456 356 886
4383 4 2 1 1 784 1100 1004 1146
4384 4 2 1 1 692 701 682 945
4385 4 2 1 1 773 981 848 1098
4386 4 2 1 1 713 699 678 1000
4387 4 2 1 1 794 922 860 943
4388 4 2 1 1 826 1059 926 1159
4389 4 2 1 1 583 651 975 1124
4390 4 2 1 1 931 1074 851 1119
4391 4 2 1 1 173 970 888 1092
4392 4 2 1 1 166 883 153 1036
4393 4 2 1 1 617 861 605 1063
4394 4 2 1 1 351 298 294 1093
4395 4 2 1 1 414 417 444 992
4396 4 2 1 1 549 1004 618 1077
4397 4 2 1 1 330 286 295 990
4398 4 2 1 1 606 918 889 1056
4399 4 2 1 1 684 1030 705 1158
4400 4 2 1 1 204 1094 1053 1159
4401 4 2 1 1 775 994 858 1020
4402 4 2 1 1 710 726 915 1060
4403 4 2 1 1 292 977 899 1125
4404 4 2 1 1 750 920 854 1134
4405 4 2 1 1 777 960 898 1003
4406 4 2 1 1 188 1066 836 1109
4407 4 2 1 1 156 15 427 209
4408 4 2 1 1 748 1007 958 1085
4409 4 2 1 1 750 832 1090 1134
4410 4 2 1 1 895 932 786 1103
4411 4 2 1 1 464 1004 520 1146
4412 4 2 1 1 472 574 632 889
4413 4 2 1 1 216 629 45 231
4414 4 2 1 1 645 623 856 1160
4415 4 2 1 1 844 953 1051 1108
4416 4 2 1 1 161 138 128 1088
4417 4 2 1 1 484 1016 536 1070
4418 4 2 1 1 464 520 547 1146
4419 4 2 1 1 581 580 907 1076
4420 4 2 1 1 794 965 963 1163
4421 4 2 1 1 456 405 707 886
4422 4 2 1 1 345 319 912 1105
4423 4 2 1 1 778 900 892 1153
4424 4 2 1 1 821 1082 777 1145
4425 4 2 1 1 779 1033 976 1041
4426 4 2 1 1 316 50 360 435
4427 4 2 1 1 781 982 859 1047
4428 4 2 1 1 335 711 63 683
4429 4 2 1 1 301 315 1014 1081
4430 4 2 1 1 484 949 485 1016
4431 4 2 1 1 797 1005 843 1121
4432 4 2 1 1 236 252 231 833
4433 4 2 1 1 265 711 63 335
4434 4 2 1 1 388 425 383 1037
4435 4 2 1 1 442 913 440 987
4436 4 2 1 1 232 211 250 1083
4437 4 2 1 1 982 1046 818 1059
4438 4 2 1 1 826 1039 1059 1159
4439 4 2 1 1 175 1029 842 1142
4440 4 2 1 1 283 279 1118 1154
4441 4 2 1 1 139 913 142 987
4442 4 2 1 1 621 906 620 1071
4443 4 2 1 1 410 962 385 1112
4444 4 2 1 1 602 603 604 948
4445 4 2 1 1 510 465 344 1058
4446 4 2 1 1 446 361 419 868
4447 4 2 1 1 839 934 786 1112
4448 4 2 1 1 405 399 448 939
4449 4 2 1 1 461 32 530 199
4450 4 2 1 1 906 1071 799 1077
4451 4 2 1 1 392 1110 879 1169
4452 4 2 1 1 768 1021 908 1101
4453 4 2 1 1 577 665 648 833
4454 4 2 1 1 1042 1045 775 1129
4455 4 2 1 1 160 230 39 572
4456 4 2 1 1 771 993 971 1055
4457 4 2 1 1 536 1070 840 1150
4458 4 2 1 1 908 951 817 996
4459 4 2 1 1 176 174 177 888
4460 4 2 1 1 756 996 882 1096
4461 4 2 1 1 713 969 699 1000
4462 4 2 1 1 173 174 176 888
4463 4 2 1 1 223 138 850 1036
4464 4 2 1 1 317 1043 952 1093
4465 4 2 1 1 871 877 775 1045
4466 4 2 1 1 393 879 1033 1169
4467 4 2 1 1 759 970 888 1029
4468 4 2 1 1 850 927 772 1104
4469 4 2 1 1 652 636 607 1056
4470 4 2 1 1 819 976 1041 1074
4471 4 2 1 1 483 949 484 1107
4472 4 2 1 1 747 864 978 1163
4473 4 2 1 1 785 1091 932 1148
4474 4 2 1 1 580 608 579 1105
4475 4 2 1 1 627 160 40 572
4476 4 2 1 1 772 917 913 1104
4477 4 2 1 1 237 1142 842 1161
4478 4 2 1 1 828 1020 775 1045
4479 4 2 1 1 476 465 535 903
4480 4 2 1 1 332 915 274 1006
4481 4 2 1 1 750 1049 838 1126
4482 4 2 1 1 488 866 1079 1153
4483 4 2 1 1 850 772 1088 1104
4484 4 2 1 1 530 469 550 974
4485 4 2 1 1 729 685 689 904
4486 4 2 1 1 562 550 974 1025
4487 4 2 1 1 819 976 835 1041
4488 4 2 1 1 188 836 1010 1142
4489 4 2 1 1 848 981 773 1081
4490 4 2 1 1 642 661 355 919
4491 4 2 1 1 540 479 481 1107
4492 4 2 1 1 26 154 196 669
4493 4 2 1 1 501 914 502 1113
4494 4 2 1 1 295 299 989 1041
4495 4 2 1 1 216 244 157 1155
4496 4 2 1 1 483 484 481 1107
4497 4 2 1 1 337 322 352 911
4498 4 2 1 1 289 339 285 1149
4499 4 2 1 1 121 705 120 1158
4500 4 2 1 1 472 632 533 889
4501 4 2 1 1 804 988 847 1017
4502 4 2 1 1 950 1028 795 1133
4503 4 2 1 1 297 301 296 1081
4504 4 2 1 1 262 350 310 903
4505 4 2 1 1 627 214 933 1044
4506 4 2 1 1 960 1011 767 1069
4507 4 2 1 1 730 719 693 1113
4508 4 2 1 1 487 488 866 1079
4509 4 2 1 1 821 892 983 1025
4510 4 2 1 1 778 892 946 1153
4511 4 2 1 1 270 356 716 886
4512 4 2 1 1 733 716 356 886
4513 4 2 1 1 958 1007 785 1085
4514 4 2 1 1 165 153 166 883
4515 4 2 1 1 365 736 718 1139
4516 4 2 1 1 527 499 553 1145
4517 4 2 1 1 781 1046 982 1059
4518 4 2 1 1 629 44 569 216
4519 4 2 1 1 406 985 432 1033
4520 4 2 1 1 762 846 965 1019
4521 4 2 1 1 388 944 425 1037
4522 4 2 1 1 319 579 76 267
4523 4 2 1 1 608 573 579 912
4524 4 2 1 1 526 544 470 1022
4525 4 2 1 1 216 44 569 157
4526 4 2 1 1 214 160 40 627
4527 4 2 1 1 304 1121 314 1128
4528 4 2 1 1 338 341 357 919
4529 4 2 1 1 511 471 500 1000
4530 4 2 1 1 322 269 321 1073
4531 4 2 1 1 129 120 119 965
4532 4 2 1 1 579 573 76 267
4533 4 2 1 1 770 1097 836 1168
4534 4 2 1 1 11 871 670 1158
4535 4 2 1 1 420 418 438 867
4536 4 2 1 1 490 479 540 929
4537 4 2 1 1 836 805 1010 1142
4538 4 2 1 1 127 139 142 987
4539 4 2 1 1 159 226 35 466
4540 4 2 1 1 641 1078 586 1130
4541 4 2 1 1 310 305 307 876
4542 4 2 1 1 619 1071 620 1077
4543 4 2 1 1 193 1109 188 1161
4544 4 2 1 1 213 158 18 363
4545 4 2 1 1 630 604 1009 1140
4546 4 2 1 1 158 429 18 363
4547 4 2 1 1 466 35 159 532
4548 4 2 1 1 775 1042 871 1045
4549 4 2 1 1 843 1121 1005 1128
4550 4 2 1 1 238 872 1109 1161
4551 4 2 1 1 463 511 548 969
4552 4 2 1 1 606 598 649 918
4553 4 2 1 1 679 694 684 955
4554 4 2 1 1 400 402 884 1110
4555 4 2 1 1 759 920 888 1134
4556 4 2 1 1 562 519 550 1025
4557 4 2 1 1 111 713 678 471
4558 4 2 1 1 798 1057 877 1119
4559 4 2 1 1 782 877 994 1133
4560 4 2 1 1 288 287 282 874
4561 4 2 1 1 791 885 1090 1134
4562 4 2 1 1 248 194 145 913
4563 4 2 1 1 123 124 706 859
4564 4 2 1 1 585 584 586 1130
4565 4 2 1 1 765 967 872 988
4566 4 2 1 1 697 543 110 678
4567 4 2 1 1 786 992 865 1170
4568 4 2 1 1 453 118 736 884
4569 4 2 1 1 840 1016 776 1070
4570 4 2 1 1 492 493 497 966
4571 4 2 1 1 535 903 465 1058
4572 4 2 1 1 992 1112 411 1170
4573 4 2 1 1 419 867 420 1064
4574 4 2 1 1 145 139 440 913
4575 4 2 1 1 352 323 348 1073
4576 4 2 1 1 419 418 867 1162
4577 4 2 1 1 515 900 514 1153
4578 4 2 1 1 779 939 886 1034
4579 4 2 1 1 638 660 581 907
4580 4 2 1 1 580 565 581 1105
4581 4 2 1 1 797 852 1118 1154
4582 4 2 1 1 449 427 872 1157
4583 4 2 1 1 647 666 626 924
4584 4 2 1 1 721 724 696 857
4585 4 2 1 1 697 1000 698 1141
4586 4 2 1 1 299 328 295 989
4587 4 2 1 1 415 434 865 1170
4588 4 2 1 1 347 293 343 1032
4589 4 2 1 1 816 1019 884 1139
4590 4 2 1 1 200 201 234 960
4591 4 2 1 1 705 676 120 1019
4592 4 2 1 1 188 1010 836 1066
4593 4 2 1 1 276 275 277 1006
4594 4 2 1 1 710 726 675 915
4595 4 2 1 1 830 768 1032 1101
4596 4 2 1 1 196 715 27 669
4597 4 2 1 1 240 933 214 1044
4598 4 2 1 1 657 627 933 1044
4599 4 2 1 1 684 709 705 1030
4600 4 2 1 1 917 1017 772 1072
4601 4 2 1 1 268 48 367 441
4602 4 2 1 1 447 416 459 891
4603 4 2 1 1 830 1032 977 1101
4604 4 2 1 1 364 420 905 1064
4605 4 2 1 1 804 1065 1040 1117
4606 4 2 1 1 336 269 322 856
4607 4 2 1 1 786 962 839 1112
4608 4 2 1 1 36 159 532 229
4609 4 2 1 1 19 228 429 158
4610 4 2 1 1 280 286 990 1061
4611 4 2 1 1 389 394 390 1017
4612 4 2 1 1 612 1064 905 1165
4613 4 2 1 1 417 419 361 868
4614 4 2 1 1 529 30 162 469
4615 4 2 1 1 497 498 555 1050
4616 4 2 1 1 708 672 716 1034
4617 4 2 1 1 799 1004 1071 1123
4618 4 2 1 1 731 728 723 897
4619 4 2 1 1 414 992 412 1112
4620 4 2 1 1 944 1008 762 1110
4621 4 2 1 1 443 426 459 924
4622 4 2 1 1 313 977 292 1125
4623 4 2 1 1 204 197 1094 1159
4624 4 2 1 1 885 960 791 1090
4625 4 2 1 1 1030 1119 798 1122
4626 4 2 1 1 751 993 852 1099
4627 4 2 1 1 193 188 1142 1161
4628 4 2 1 1 773 825 1014 1081
4629 4 2 1 1 637 959 610 1075
4630 4 2 1 1 447 416 891 1157
4631 4 2 1 1 1004 1071 619 1077
4632 4 2 1 1 923 1010 805 1114
4633 4 2 1 1 715 27 164 196
4634 4 2 1 1 817 1080 930 1135
4635 4 2 1 1 818 982 897 1046
4636 4 2 1 1 756 930 996 1096
4637 4 2 1 1 412 1048 839 1112
4638 4 2 1 1 796 923 1010 1023
4639 4 2 1 1 342 952 317 1043
4640 4 2 1 1 522 1004 549 1077
4641 4 2 1 1 385 962 409 1103
4642 4 2 1 1 11 670 121 1158
4643 4 2 1 1 864 772 1017 1072
4644 4 2 1 1 156 238 872 1109
4645 4 2 1 1 870 1039 222 1159
4646 4 2 1 1 557 1077 635 1160
4647 4 2 1 1 227 171 225 1040
4648 4 2 1 1 197 926 1094 1159
4649 4 2 1 1 695 732 1030 1034
4650 4 2 1 1 565 907 581 1105
4651 4 2 1 1 640 617 605 1063
4652 4 2 1 1 488 1079 512 1153
4653 4 2 1 1 777 960 885 1090
4654 4 2 1 1 265 312 327 979
4655 4 2 1 1 643 647 924 1009
4656 4 2 1 1 195 913 228 1104
4657 4 2 1 1 616 641 614 1078
4658 4 2 1 1 455 371 248 913
4659 4 2 1 1 928 961 849 1026
4660 4 2 1 1 175 1029 172 1127
4661 4 2 1 1 393 1033 391 1169
4662 4 2 1 1 955 798 1119 1122
4663 4 2 1 1 80 263 321 570
4664 4 2 1 1 778 1049 946 1126
4665 4 2 1 1 642 355 338 919
4666 4 2 1 1 541 853 1070 1150
4667 4 2 1 1 665 833 577 1155
4668 4 2 1 1 298 1041 294 1093
4669 4 2 1 1 797 876 1005 1121
4670 4 2 1 1 606 889 574 1116
4671 4 2 1 1 251 933 240 1066
4672 4 2 1 1 537 1016 488 1153
4673 4 2 1 1 811 1034 989 1060
4674 4 2 1 1 839 1109 891 1157
4675 4 2 1 1 690 686 728 897
4676 4 2 1 1 831 998 923 1114
4677 4 2 1 1 378 381 863 1132
4678 4 2 1 1 276 332 274 1006
4679 4 2 1 1 350 476 69 462
4680 4 2 1 1 371 442 460 913
4681 4 2 1 1 973 1077 524 1160
4682 4 2 1 1 852 751 1099 1152
4683 4 2 1 1 757 874 954 971
4684 4 2 1 1 261 710 59 675
4685 4 2 1 1 854 984 801 1054
4686 4 2 1 1 358 400 402 884
4687 4 2 1 1 712 729 689 1062
4688 4 2 1 1 921 795 1028 1133
4689 4 2 1 1 531 34 150 226
4690 4 2 1 1 559 719 508 869
4691 4 2 1 1 368 140 408 987
4692 4 2 1 1 737 883 165 1094
4693 4 2 1 1 341 1014 315 1081
4694 4 2 1 1 236 833 974 1167
4695 4 2 1 1 202 203 927 1104
4696 4 2 1 1 895 932 793 1148
4697 4 2 1 1 743 931 1057 1119
4698 4 2 1 1 458 268 355 919
4699 4 2 1 1 236 252 833 1167
4700 4 2 1 1 771 852 1099 1154
4701 4 2 1 1 922 943 137 1151
4702 4 2 1 1 801 1028 860 1068
4703 4 2 1 1 501 496 502 914
4704 4 2 1 1 879 976 1033 1169
4705 4 2 1 1 556 712 880 1062
4706 4 2 1 1 784 918 889 1146
4707 4 2 1 1 854 920 759 1134
4708 4 2 1 1 469 30 162 198
4709 4 2 1 1 261 329 332 915
4710 4 2 1 1 268 458 441 919
4711 4 2 1 1 492 1079 487 1115
4712 4 2 1 1 530 31 469 155
4713 4 2 1 1 247 163 457 924
4714 4 2 1 1 482 480 986 1107
4715 4 2 1 1 863 957 790 1143
4716 4 2 1 1 759 854 984 1136
4717 4 2 1 1 439 643 457 924
4718 4 2 1 1 681 1042 686 1129
4719 4 2 1 1 517 514 900 1100
4720 4 2 1 1 882 972 588 1130
4721 4 2 1 1 403 390 397 1072
4722 4 2 1 1 775 1045 1020 1129
4723 4 2 1 1 835 1033 985 1041
4724 4 2 1 1 912 1105 815 1111
4725 4 2 1 1 783 896 875 1095
4726 4 2 1 1 826 767 1039 1050
4727 4 2 1 1 230 247 663 924
4728 4 2 1 1 155 530 32 199
4729 4 2 1 1 458 355 661 919
4730 4 2 1 1 125 124 135 1036
4731 4 2 1 1 837 1021 768 1032
4732 4 2 1 1 930 1080 996 1096
4733 4 2 1 1 767 1039 870 1059
4734 4 2 1 1 582 959 637 1076
4735 4 2 1 1 776 929 853 1070
4736 4 2 1 1 419 418 420 867
4737 4 2 1 1 204 165 883 1094
4738 4 2 1 1 14 427 366 156
4739 4 2 1 1 744 858 994 1020
4740 4 2 1 1 897 950 809 982
4741 4 2 1 1 454 364 421 905
4742 4 2 1 1 583 624 651 1124
4743 4 2 1 1 877 955 828 1045
4744 4 2 1 1 925 1065 747 1117
4745 4 2 1 1 634 591 595 999
4746 4 2 1 1 803 997 901 1135
4747 4 2 1 1 790 957 863 1132
4748 4 2 1 1 929 1070 776 1107
4749 4 2 1 1 636 596 607 1056
4750 4 2 1 1 410 409 385 962
4751 4 2 1 1 141 850 138 1036
4752 4 2 1 1 523 1077 973 1150
4753 4 2 1 1 150 531 898 1003
4754 4 2 1 1 234 249 219 960
4755 4 2 1 1 585 616 637 959
4756 4 2 1 1 211 152 210 1083
4757 4 2 1 1 257 373 52 362
4758 4 2 1 1 256 907 565 1105
4759 4 2 1 1 661 578 458 919
4760 4 2 1 1 382 1103 895 1170
4761 4 2 1 1 828 1020 1045 1129
4762 4 2 1 1 415 992 865 1162
4763 4 2 1 1 741 669 715 926
4764 4 2 1 1 145 194 136 913
4765 4 2 1 1 703 884 1019 1139
4766 4 2 1 1 691 693 692 945
4767 4 2 1 1 220 169 218 1053
4768 4 2 1 1 616 959 585 1078
4769 4 2 1 1 51 373 257 360
4770 4 2 1 1 936 1055 993 1099
4771 4 2 1 1 347 256 346 1105
4772 4 2 1 1 367 49 315 435
4773 4 2 1 1 773 1014 919 1081
4774 4 2 1 1 494 480 535 986
4775 4 2 1 1 774 1005 843 1131
4776 4 2 1 1 593 590 587 882
4777 4 2 1 1 934 992 786 1112
4778 4 2 1 1 231 629 45 577
4779 4 2 1 1 280 282 286 1061
4780 4 2 1 1 173 172 174 970
4781 4 2 1 1 721 915 726 1122
4782 4 2 1 1 785 1091 1067 1136
4783 4 2 1 1 308 304 314 1128
4784 4 2 1 1 493 498 497 1050
4785 4 2 1 1 324 346 345 1111
4786 4 2 1 1 377 391 910 1169
4787 4 2 1 1 465 262 344 1058
4788 4 2 1 1 166 204 883 1053
4789 4 2 1 1 626 39 230 572
4790 4 2 1 1 487 866 485 1115
4791 4 2 1 1 852 797 1118 1152
4792 4 2 1 1 879 1033 976 1156
4793 4 2 1 1 219 220 218 870
4794 4 2 1 1 807 946 1011 1079
4795 4 2 1 1 761 968 875 1164
4796 4 2 1 1 613 868 659 1064
4797 4 2 1 1 737 125 165 883
4798 4 2 1 1 548 500 506 878
4799 4 2 1 1 17 428 152 1083
4800 4 2 1 1 188 192 1066 1109
4801 4 2 1 1 748 836 1097 1168
4802 4 2 1 1 432 406 362 985
4803 4 2 1 1 347 907 256 1105
4804 4 2 1 1 118 119 703 884
4805 4 2 1 1 159 254 233 1039
4806 4 2 1 1 440 455 145 913
4807 4 2 1 1 50 316 260 435
4808 4 2 1 1 807 1011 966 1079
4809 4 2 1 1 855 830 995 1149
4810 4 2 1 1 467 568 557 1077
4811 4 2 1 1 671 727 969 1120
4812 4 2 1 1 175 842 1029 1127
4813 4 2 1 1 205 1114 1029 1142
4814 4 2 1 1 119 676 703 1019
4815 4 2 1 1 852 1118 855 1152
4816 4 2 1 1 17 363 428 1083
4817 4 2 1 1 427 447 366 891
4818 4 2 1 1 255 195 228 1104
4819 4 2 1 1 825 981 848 1081
4820 4 2 1 1 382 385 1103 1170
4821 4 2 1 1 202 1088 195 1104
4822 4 2 1 1 606 574 648 1116
4823 4 2 1 1 771 852 993 1099
4824 4 2 1 1 793 1027 944 1037
4825 4 2 1 1 767 1050 826 1059
4826 4 2 1 1 829 998 890 1167
4827 4 2 1 1 860 940 769 1047
4828 4 2 1 1 461 531 33 1003
4829 4 2 1 1 422 942 436 1014
4830 4 2 1 1 686 728 897 1042
4831 4 2 1 1 194 913 195 1088
4832 4 2 1 1 317 342 316 952
4833 4 2 1 1 930 1002 817 1135
4834 4 2 1 1 722 693 719 869
4835 4 2 1 1 534 472 889 1116
4836 4 2 1 1 248 145 455 913
4837 4 2 1 1 805 1010 923 1023
4838 4 2 1 1 448 399 365 939
4839 4 2 1 1 442 440 368 987
4840 4 2 1 1 159 1039 233 1089
4841 4 2 1 1 402 1031 445 1102
4842 4 2 1 1 481 479 480 1107
4843 4 2 1 1 277 280 990 1154
4844 4 2 1 1 585 586 1078 1130
4845 4 2 1 1 539 525 526 1022
4846 4 2 1 1 836 1066 1010 1097
4847 4 2 1 1 393 392 879 1169
4848 4 2 1 1 673 670 11 871
4849 4 2 1 1 826 1039 767 1059
4850 4 2 1 1 124 125 688 883
4851 4 2 1 1 206 1142 237 1161
4852 4 2 1 1 1010 1066 796 1097
4853 4 2 1 1 881 1008 762 1027
4854 4 2 1 1 204 165 166 883
4855 4 2 1 1 790 957 942 981
4856 4 2 1 1 588 587 882 1130
4857 4 2 1 1 779 985 1033 1041
4858 4 2 1 1 141 138 135 1036
4859 4 2 1 1 589 588 972 1130
4860 4 2 1 1 648 833 1056 1116
4861 4 2 1 1 433 865 434 1132
4862 4 2 1 1 790 1012 941 1018
4863 4 2 1 1 770 1066 836 1097
4864 4 2 1 1 543 110 678 471
4865 4 2 1 1 345 912 357 1111
4866 4 2 1 1 222 220 870 1159
4867 4 2 1 1 175 174 172 1029
4868 4 2 1 1 762 884 1031 1110
4869 4 2 1 1 488 485 487 866
4870 4 2 1 1 797 852 1099 1152
4871 4 2 1 1 468 1062 501 1113
4872 4 2 1 1 976 1033 779 1156
4873 4 2 1 1 904 1042 775 1129
4874 4 2 1 1 942 957 825 981
4875 4 2 1 1 797 1099 1026 1152
4876 4 2 1 1 228 248 371 913
4877 4 2 1 1 779 989 1041 1074
4878 4 2 1 1 876 820 980 1058
4879 4 2 1 1 467 522 549 1077
4880 4 2 1 1 721 675 726 915
4881 4 2 1 1 875 968 783 1095
4882 4 2 1 1 166 153 167 1036
4883 4 2 1 1 826 1050 1039 1089
4884 4 2 1 1 541 490 540 1070
4885 4 2 1 1 209 156 238 872
4886 4 2 1 1 788 954 941 1084
4887 4 2 1 1 421 364 420 905
4888 4 2 1 1 646 593 621 1071
4889 4 2 1 1 1026 1099 849 1152
4890 4 2 1 1 656 655 564 1044
4891 4 2 1 1 151 243 242 1044
4892 4 2 1 1 242 240 214 1044
4893 4 2 1 1 657 656 627 1044
4894 4 2 1 1 347 320 256 907
4895 4 2 1 1 786 1112 992 1170
4896 4 2 1 1 567 659 613 868
4897 4 2 1 1 712 689 880 1062
4898 4 2 1 1 883 1053 204 1094
4899 4 2 1 1 880 904 760 1108
4900 4 2 1 1 500 493 878 1050
4901 4 2 1 1 612 571 905 1064
4902 4 2 1 1 289 306 339 1149
4903 4 2 1 1 958 1007 748 1168
4904 4 2 1 1 866 946 807 1079
4905 4 2 1 1 643 663 457 924
4906 4 2 1 1 295 294 298 1041
4907 4 2 1 1 481 482 483 1107
4908 4 2 1 1 906 1001 799 1071
4909 4 2 1 1 163 426 457 924
4910 4 2 1 1 635 557 568 1077
4911 4 2 1 1 740 677 718 939
4912 4 2 1 1 1039 1050 767 1089
4913 4 2 1 1 927 938 772 1117
4914 4 2 1 1 742 1002 1067 1135
4915 4 2 1 1 388 1031 944 1052
4916 4 2 1 1 988 1017 804 1083
4917 4 2 1 1 914 820 1024 1138
4918 4 2 1 1 934 958 748 1168
4919 4 2 1 1 879 779 1033 1156
4920 4 2 1 1 780 904 880 1108
4921 4 2 1 1 870 767 1059 1069
4922 4 2 1 1 207 179 183 885
4923 4 2 1 1 195 1088 913 1104
4924 4 2 1 1 241 243 215 862
4925 4 2 1 1 654 628 655 862
4926 4 2 1 1 851 1074 811 1119
4927 4 2 1 1 507 473 869 1137
4928 4 2 1 1 663 626 230 924
4929 4 2 1 1 229 532 36 474
4930 4 2 1 1 19 228 371 429
4931 4 2 1 1 364 905 571 1064
4932 4 2 1 1 689 880 904 1120
4933 4 2 1 1 398 879 392 1110
4934 4 2 1 1 941 954 745 1084
4935 4 2 1 1 159 254 1039 1089
4936 4 2 1 1 220 219 222 870
4937 4 2 1 1 780 904 1020 1129
4938 4 2 1 1 596 918 606 1056
4939 4 2 1 1 146 922 137 1151
4940 4 2 1 1 203 224 202 927
4941 4 2 1 1 237 967 253 1161
4942 4 2 1 1 577 833 648 1116
4943 4 2 1 1 94 368 127 140
4944 4 2 1 1 686 1042 904 1129
4945 4 2 1 1 17 213 363 1083
4946 4 2 1 1 375 387 376 957
4947 4 2 1 1 130 119 118 1102
4948 4 2 1 1 484 537 536 1016
4949 4 2 1 1 589 586 588 1130
4950 4 2 1 1 747 1068 978 1091
4951 4 2 1 1 314 1121 843 1128
4952 4 2 1 1 754 921 1028 1133
4953 4 2 1 1 439 84 643 369
4954 4 2 1 1 889 918 764 1056
4955 4 2 1 1 609 912 608 1075
4956 4 2 1 1 247 457 663 924
4957 4 2 1 1 465 71 510 344
4958 4 2 1 1 799 1087 853 1150
4959 4 2 1 1 872 967 765 1161
4960 4 2 1 1 643 575 647 1009
4961 4 2 1 1 17 152 213 1083
4962 4 2 1 1 762 1031 944 1110
4963 4 2 1 1 756 972 882 1130
4964 4 2 1 1 372 458 578 919
4965 4 2 1 1 299 331 333 989
4966 4 2 1 1 333 331 326 1060
4967 4 2 1 1 292 899 325 1125
4968 4 2 1 1 139 127 93 440
4969 4 2 1 1 423 441 919 1014
4970 4 2 1 1 567 361 868 1140
4971 4 2 1 1 757 1043 874 1093
4972 4 2 1 1 703 1019 676 1139
4973 4 2 1 1 133 131 149 963
4974 4 2 1 1 897 1046 982 1166
4975 4 2 1 1 391 1033 910 1169
4976 4 2 1 1 671 880 689 1120
4977 4 2 1 1 780 1020 945 1129
4978 4 2 1 1 684 695 1030 1122
4979 4 2 1 1 713 111 511 471
4980 4 2 1 1 302 345 357 1111
4981 4 2 1 1 731 690 897 1120
4982 4 2 1 1 360 257 51 316
4983 4 2 1 1 434 433 415 865
4984 4 2 1 1 476 70 465 350
4985 4 2 1 1 554 898 531 1003
4986 4 2 1 1 62 272 668 979
4987 4 2 1 1 854 759 984 1134
4988 4 2 1 1 531 554 466 898
4989 4 2 1 1 760 950 887 991
4990 4 2 1 1 367 315 48 268
4991 4 2 1 1 228 195 194 913
4992 4 2 1 1 935 792 1067 1085
4993 4 2 1 1 581 583 582 1076
4994 4 2 1 1 911 995 830 1149
4995 4 2 1 1 257 317 316 952
4996 4 2 1 1 837 1021 1035 1124
4997 4 2 1 1 711 265 62 979
4998 4 2 1 1 265 272 62 979
4999 4 2 1 1 266 322 337 1022
5000 4 2 1 1 473 508 507 869
5001 4 2 1 1 852 771 1061 1154
5002 4 2 1 1 534 546 472 1116
5003 4 2 1 1 711 62 668 979
5004 4 2 1 1 185 243 184 923
5005 4 2 1 1 538 67 340 470
5006 4 2 1 1 688 883 737 1094
5007 4 2 1 1 415 411 434 1170
5008 4 2 1 1 973 1077 799 1150
5009 4 2 1 1 307 980 309 1058
5010 4 2 1 1 393 392 398 879
5011 4 2 1 1 155 190 198 974
5012 4 2 1 1 297 1081 848 1111
5013 4 2 1 1 447 891 427 1157
5014 4 2 1 1 740 939 718 1139
5015 4 2 1 1 787 1061 874 1125
5016 4 2 1 1 711 725 722 979
5017 4 2 1 1 925 935 785 1007
5018 4 2 1 1 482 481 480 1107
5019 4 2 1 1 472 574 889 1116
5020 4 2 1 1 618 1004 619 1077
5021 4 2 1 1 545 471 543 1000
5022 4 2 1 1 156 891 192 1109
5023 4 2 1 1 277 280 330 990
5024 4 2 1 1 819 1041 835 1093
5025 4 2 1 1 978 1068 806 1091
5026 4 2 1 1 772 1072 864 1163
5027 4 2 1 1 321 631 80 570
5028 4 2 1 1 377 910 379 1169
5029 4 2 1 1 897 904 760 1120
5030 4 2 1 1 523 973 525 1150
5031 4 2 1 1 623 658 631 1035
5032 4 2 1 1 396 424 450 988
5033 4 2 1 1 815 959 1075 1098
5034 4 2 1 1 608 609 573 912
5035 4 2 1 1 867 1064 868 1165
5036 4 2 1 1 260 315 49 435
5037 4 2 1 1 594 596 636 894
5038 4 2 1 1 804 1040 927 1117
5039 4 2 1 1 492 966 499 1079
5040 4 2 1 1 619 1004 633 1071
5041 4 2 1 1 773 848 1081 1111
5042 4 2 1 1 702 122 674 1151
5043 4 2 1 1 510 1058 344 1137
5044 4 2 1 1 766 903 1013 1106
5045 4 2 1 1 189 251 240 1066
5046 4 2 1 1 583 975 582 1076
5047 4 2 1 1 841 1001 749 1087
5048 4 2 1 1 367 436 435 1014
5049 4 2 1 1 163 230 235 924
5050 4 2 1 1 534 515 519 1025
5051 4 2 1 1 259 350 69 462
5052 4 2 1 1 267 345 319 912
5053 4 2 1 1 615 605 650 1063
5054 4 2 1 1 559 508 473 869
5055 4 2 1 1 450 449 359 872
5056 4 2 1 1 568 106 467 557
5057 4 2 1 1 345 346 319 1105
5058 4 2 1 1 653 611 571 905
5059 4 2 1 1 312 980 308 1128
5060 4 2 1 1 178 173 176 1092
5061 4 2 1 1 777 1011 960 1090
5062 4 2 1 1 800 944 1027 1037
5063 4 2 1 1 906 1035 622 1160
5064 4 2 1 1 789 906 1021 1124
5065 4 2 1 1 853 973 799 1150
5066 4 2 1 1 138 850 143 1088
5067 4 2 1 1 340 470 266 1022
5068 4 2 1 1 515 534 517 900
5069 4 2 1 1 188 192 189 1066
5070 4 2 1 1 620 906 622 1160
5071 4 2 1 1 511 500 548 969
5072 4 2 1 1 504 495 501 953
5073 4 2 1 1 198 469 31 155
5074 4 2 1 1 170 970 173 1092
5075 4 2 1 1 52 257 362 318
5076 4 2 1 1 762 1008 944 1027
5077 4 2 1 1 206 193 188 1142
5078 4 2 1 1 910 1033 976 1169
5079 4 2 1 1 955 1119 758 1122
5080 4 2 1 1 406 404 407 985
5081 4 2 1 1 547 889 533 1146
5082 4 2 1 1 819 1041 989 1074
5083 4 2 1 1 437 376 387 957
5084 4 2 1 1 199 461 33 1003
5085 4 2 1 1 238 210 209 872
5086 4 2 1 1 817 996 930 1080
5087 4 2 1 1 227 237 175 1127
5088 4 2 1 1 221 926 197 1159
5089 4 2 1 1 491 506 489 1051
5090 4 2 1 1 681 734 686 1042
5091 4 2 1 1 549 467 568 105
5092 4 2 1 1 362 407 53 985
5093 4 2 1 1 253 237 212 967
5094 4 2 1 1 855 1118 797 1152
5095 4 2 1 1 482 986 494 1138
5096 4 2 1 1 494 482 480 986
5097 4 2 1 1 221 222 1039 1159
5098 4 2 1 1 156 366 14 208
5099 4 2 1 1 840 1087 749 1123
5100 4 2 1 1 898 1039 767 1089
5101 4 2 1 1 789 882 996 1096
5102 4 2 1 1 616 614 612 1165
5103 4 2 1 1 264 407 54 370
5104 4 2 1 1 725 701 692 1086
5105 4 2 1 1 725 979 668 1086
5106 4 2 1 1 776 840 1070 1087
5107 4 2 1 1 708 886 939 1034
5108 4 2 1 1 842 1142 836 1161
5109 4 2 1 1 358 402 445 1102
5110 4 2 1 1 842 1029 805 1142
5111 4 2 1 1 141 143 138 850
5112 4 2 1 1 761 1023 968 1164
5113 4 2 1 1 507 502 496 914
5114 4 2 1 1 583 660 625 1124
5115 4 2 1 1 484 483 485 949
5116 4 2 1 1 725 668 724 1086
5117 4 2 1 1 136 142 913 1088
5118 4 2 1 1 344 465 71 262
5119 4 2 1 1 638 581 565 907
5120 4 2 1 1 743 1074 931 1119
5121 4 2 1 1 800 944 1008 1027
5122 4 2 1 1 412 414 431 1048
5123 4 2 1 1 393 391 392 1169
5124 4 2 1 1 785 935 1067 1085
5125 4 2 1 1 451 988 428 1083
5126 4 2 1 1 262 465 70 350
5127 4 2 1 1 358 453 400 884
5128 4 2 1 1 896 1095 838 1126
5129 4 2 1 1 697 678 698 1000
5130 4 2 1 1 632 574 472 102
5131 4 2 1 1 282 1061 313 1125
5132 4 2 1 1 304 307 305 876
5133 4 2 1 1 786 1103 962 1170
5134 4 2 1 1 751 849 1099 1152
5135 4 2 1 1 415 865 433 1162
5136 4 2 1 1 875 1095 896 1126
5137 4 2 1 1 551 502 508 1113
5138 4 2 1 1 604 630 650 1140
5139 4 2 1 1 748 958 909 1085
5140 4 2 1 1 742 901 997 1135
5141 4 2 1 1 689 671 712 880
5142 4 2 1 1 301 341 315 1081
5143 4 2 1 1 368 408 397 987
5144 4 2 1 1 844 1051 760 1108
5145 4 2 1 1 687 694 679 955
5146 4 2 1 1 852 1061 281 1154
5147 4 2 1 1 327 314 273 1128
5148 4 2 1 1 632 889 649 1146
5149 4 2 1 1 388 401 425 944
5150 4 2 1 1 503 556 880 1062
5151 4 2 1 1 860 1028 754 1068
5152 4 2 1 1 373 360 374 952
5153 4 2 1 1 736 884 703 1139
5154 4 2 1 1 259 306 310 1013
5155 4 2 1 1 870 1059 1039 1159
5156 4 2 1 1 568 618 619 1077
5157 4 2 1 1 136 913 194 1088
5158 4 2 1 1 476 535 477 903
5159 4 2 1 1 273 275 274 1006
5160 4 2 1 1 851 989 811 1074
5161 4 2 1 1 456 370 405 886
5162 4 2 1 1 642 609 578 919
5163 4 2 1 1 967 988 804 1083
5164 4 2 1 1 291 285 339 1149
5165 4 2 1 1 773 1081 912 1111
5166 4 2 1 1 763 865 992 1162
5167 4 2 1 1 880 760 904 1120
5168 4 2 1 1 232 158 213 917
5169 4 2 1 1 270 334 356 886
5170 4 2 1 1 193 1142 206 1161
5171 4 2 1 1 197 221 196 926
5172 4 2 1 1 404 405 370 886
5173 4 2 1 1 707 716 733 886
5174 4 2 1 1 213 232 917 1083
5175 4 2 1 1 809 982 859 1166
5176 4 2 1 1 926 1046 781 1059
5177 4 2 1 1 261 332 333 1060
5178 4 2 1 1 775 1020 904 1129
5179 4 2 1 1 487 512 488 1079
5180 4 2 1 1 738 683 719 869
5181 4 2 1 1 286 287 294 1093
5182 4 2 1 1 205 1029 175 1142
5183 4 2 1 1 205 175 206 1142
5184 4 2 1 1 695 717 732 1034
5185 4 2 1 1 472 533 632 102
5186 4 2 1 1 774 843 1005 1128
5187 4 2 1 1 749 1080 930 1096
5188 4 2 1 1 649 632 606 889
5189 4 2 1 1 767 1011 887 1069
5190 4 2 1 1 177 1029 205 1114
5191 4 2 1 1 422 387 436 942
5192 4 2 1 1 397 442 987 1072
5193 4 2 1 1 549 464 618 1004
5194 4 2 1 1 484 485 537 1016
5195 4 2 1 1 473 271 869 1137
5196 4 2 1 1 823 1075 959 1098
5197 4 2 1 1 177 174 205 1029
5198 4 2 1 1 866 1016 778 1153
5199 4 2 1 1 271 335 354 869
5200 4 2 1 1 300 325 292 899
5201 4 2 1 1 492 499 512 1079
5202 4 2 1 1 737 688 125 883
5203 4 2 1 1 677 740 708 939
5204 4 2 1 1 112 713 511 671
5205 4 2 1 1 138 23 161 128
5206 4 2 1 1 269 81 631 576
5207 4 2 1 1 619 621 620 1071
5208 4 2 1 1 542 546 529 1116
5209 4 2 1 1 653 89 454 364
5210 4 2 1 1 466 554 555 898
5211 4 2 1 1 617 602 605 861
5212 4 2 1 1 388 403 1031 1052
5213 4 2 1 1 500 498 493 1050
5214 4 2 1 1 799 1071 1004 1077
5215 4 2 1 1 377 379 391 1169
5216 4 2 1 1 309 980 312 1137
5217 4 2 1 1 161 128 22 1088
5218 4 2 1 1 772 913 1088 1104
5219 4 2 1 1 612 571 611 905
5220 4 2 1 1 337 911 291 1149
5221 4 2 1 1 876 980 820 1005
5222 4 2 1 1 332 329 274 915
5223 4 2 1 1 547 534 533 889
5224 4 2 1 1 487 485 486 1115
5225 4 2 1 1 575 643 84 369
5226 4 2 1 1 809 897 982 1166
5227 4 2 1 1 290 292 284 977
5228 4 2 1 1 127 93 440 368
5229 4 2 1 1 588 587 590 882
5230 4 2 1 1 452 363 429 917
5231 4 2 1 1 591 594 595 999
5232 4 2 1 1 207 885 183 1082
5233 4 2 1 1 817 908 996 1080
5234 4 2 1 1 917 804 1017 1083
5235 4 2 1 1 575 85 630 369
5236 4 2 1 1 223 23 161 138
5237 4 2 1 1 489 492 487 1115
5238 4 2 1 1 148 132 133 963
5239 4 2 1 1 194 161 22 1088
5240 4 2 1 1 340 462 68 538
5241 4 2 1 1 118 703 736 884
5242 4 2 1 1 384 382 385 1103
5243 4 2 1 1 307 309 262 1058
5244 4 2 1 1 780 953 1024 1108
5245 4 2 1 1 269 631 81 321
5246 4 2 1 1 312 335 271 869
5247 4 2 1 1 607 596 606 1056
5248 4 2 1 1 122 922 146 1151
5249 4 2 1 1 284 292 313 977
5250 4 2 1 1 466 898 555 1089
5251 4 2 1 1 667 691 1062 1113
5252 4 2 1 1 423 367 441 1014
5253 4 2 1 1 623 1035 856 1160
5254 4 2 1 1 271 312 869 1137
5255 4 2 1 1 524 973 523 1077
5256 4 2 1 1 249 234 201 960
5257 4 2 1 1 835 976 910 1033
5258 4 2 1 1 210 212 211 967
5259 4 2 1 1 514 515 517 900
5260 4 2 1 1 644 577 648 1116
5261 4 2 1 1 106 568 635 557
5262 4 2 1 1 789 1021 975 1124
5263 4 2 1 1 408 368 94 140
5264 4 2 1 1 509 1058 510 1137
5265 4 2 1 1 407 264 53 985
5266 4 2 1 1 622 620 621 906
5267 4 2 1 1 144 223 153 1036
5268 4 2 1 1 652 1056 607 1155
5269 4 2 1 1 85 430 630 369
5270 4 2 1 1 197 154 204 1094
5271 4 2 1 1 150 33 531 1003
5272 4 2 1 1 1053 1094 781 1159
5273 4 2 1 1 287 874 1043 1093
5274 4 2 1 1 615 567 613 868
5275 4 2 1 1 598 596 592 1144
5276 4 2 1 1 488 512 513 1153
5277 4 2 1 1 125 3 165 153
5278 4 2 1 1 500 471 545 1000
5279 4 2 1 1 759 925 935 1136
5280 4 2 1 1 448 97 718 365
5281 4 2 1 1 414 411 415 992
5282 4 2 1 1 775 994 877 1133
5283 4 2 1 1 204 1053 220 1159
5284 4 2 1 1 188 1010 186 1142
5285 4 2 1 1 131 133 132 963
5286 4 2 1 1 334 264 54 370
5287 4 2 1 1 622 906 624 1124
5288 4 2 1 1 232 255 917 1104
5289 4 2 1 1 187 1010 188 1066
5290 4 2 1 1 779 1074 976 1156
5291 4 2 1 1 902 990 771 1154
5292 4 2 1 1 665 607 648 1056
5293 4 2 1 1 433 434 381 1132
5294 4 2 1 1 156 208 192 891
5295 4 2 1 1 507 509 510 1137
5296 4 2 1 1 122 146 137 1151
5297 4 2 1 1 311 306 1013 1149
5298 4 2 1 1 909 958 808 1085
5299 4 2 1 1 216 244 1155 1167
5300 4 2 1 1 203 225 224 927
5301 4 2 1 1 786 962 1112 1170
5302 4 2 1 1 378 437 381 1132
5303 4 2 1 1 529 562 469 974
5304 4 2 1 1 180 217 182 998
5305 4 2 1 1 568 549 105 618
5306 4 2 1 1 66 266 470 544
5307 4 2 1 1 556 463 503 880
5308 4 2 1 1 647 604 603 1009
5309 4 2 1 1 785 935 925 1136
5310 4 2 1 1 766 1026 928 1152
5311 4 2 1 1 125 144 153 1036
5312 4 2 1 1 563 474 532 1089
5313 4 2 1 1 318 362 53 985
5314 4 2 1 1 337 340 266 1022
5315 4 2 1 1 220 1053 870 1159
5316 4 2 1 1 938 963 772 1163
5317 4 2 1 1 690 728 731 897
5318 4 2 1 1 390 1017 395 1072
5319 4 2 1 1 309 344 1058 1137
5320 4 2 1 1 781 1059 870 1159
5321 4 2 1 1 464 566 618 1004
5322 4 2 1 1 776 1070 853 1087
5323 4 2 1 1 1029 1114 805 1142
5324 4 2 1 1 498 500 545 1050
5325 4 2 1 1 57 270 716 672
5326 4 2 1 1 567 868 615 1140
5327 4 2 1 1 334 270 331 886
5328 4 2 1 1 598 918 596 1144
5329 4 2 1 1 89 653 571 364
5330 4 2 1 1 545 563 498 1050
5331 4 2 1 1 487 1079 866 1115
5332 4 2 1 1 411 992 414 1112
5333 4 2 1 1 1070 1087 840 1150
5334 4 2 1 1 615 1063 868 1165
5335 4 2 1 1 519 516 550 1025
5336 4 2 1 1 768 908 951 1101
5337 4 2 1 1 899 977 787 1125
5338 4 2 1 1 608 637 610 1075
5339 4 2 1 1 613 615 868 1165
5340 4 2 1 1 150 898 201 1003
5341 4 2 1 1 722 719 683 869
5342 4 2 1 1 438 387 422 942
5343 4 2 1 1 185 186 187 1010
5344 4 2 1 1 606 648 607 1056
5345 4 2 1 1 460 452 429 917
5346 4 2 1 1 750 875 983 1126
5347 4 2 1 1 595 956 599 1147
5348 4 2 1 1 491 504 505 1051
5349 4 2 1 1 511 463 112 671
5350 4 2 1 1 788 993 936 1055
5351 4 2 1 1 311 306 259 1013
5352 4 2 1 1 895 1103 786 1170
5353 4 2 1 1 603 601 657 948
5354 4 2 1 1 517 518 514 1100
5355 4 2 1 1 959 814 1038 1076
5356 4 2 1 1 162 198 236 974
5357 4 2 1 1 802 953 1024 1138
5358 4 2 1 1 462 68 259 340
5359 4 2 1 1 567 446 87 659
5360 4 2 1 1 116 730 551 508
5361 4 2 1 1 120 676 119 1019
5362 4 2 1 1 217 184 241 998
5363 4 2 1 1 161 195 202 1088
5364 4 2 1 1 533 889 632 1146
5365 4 2 1 1 513 515 514 1153
5366 4 2 1 1 228 194 248 913
5367 4 2 1 1 572 657 627 933
5368 4 2 1 1 574 606 632 889
5369 4 2 1 1 811 1119 1030 1122
5370 4 2 1 1 464 566 1004 1146
5371 4 2 1 1 853 1087 1070 1150
5372 4 2 1 1 880 760 1051 1108
5373 4 2 1 1 523 525 541 1150
5374 4 2 1 1 123 137 943 1151
5375 4 2 1 1 622 1035 906 1124
5376 4 2 1 1 388 403 402 1031
5377 4 2 1 1 293 290 348 1032
5378 4 2 1 1 262 309 344 1058
5379 4 2 1 1 268 341 338 919
5380 4 2 1 1 621 624 622 906
5381 4 2 1 1 240 160 214 933
5382 4 2 1 1 57 270 672 326
5383 4 2 1 1 655 599 597 956
5384 4 2 1 1 792 1095 968 1164
5385 4 2 1 1 534 472 533 889
5386 4 2 1 1 173 170 172 970
5387 4 2 1 1 799 1001 1087 1123
5388 4 2 1 1 645 475 107 557
5389 4 2 1 1 680 679 673 1045
5390 4 2 1 1 554 531 553 1003
5391 4 2 1 1 718 97 448 677
5392 4 2 1 1 123 137 126 943
5393 4 2 1 1 233 201 226 898
5394 4 2 1 1 748 1097 934 1168
5395 4 2 1 1 463 113 671 556
5396 4 2 1 1 677 98 405 707
5397 4 2 1 1 864 1072 822 1163
5398 4 2 1 1 360 375 374 952
5399 4 2 1 1 680 1045 681 1129
5400 4 2 1 1 674 1151 123 1166
5401 4 2 1 1 583 584 582 975
5402 4 2 1 1 674 123 706 1166
5403 4 2 1 1 389 384 409 1103
5404 4 2 1 1 812 995 911 1149
5405 4 2 1 1 566 633 1004 1146
5406 4 2 1 1 154 737 165 1094
5407 4 2 1 1 832 1011 946 1090
5408 4 2 1 1 582 637 580 1076
5409 4 2 1 1 467 523 522 1077
5410 4 2 1 1 642 578 661 919
5411 4 2 1 1 828 945 1020 1129
5412 4 2 1 1 414 417 992 1162
5413 4 2 1 1 712 671 113 556
5414 4 2 1 1 238 193 253 1161
5415 4 2 1 1 785 1067 935 1136
5416 4 2 1 1 136 142 139 913
5417 4 2 1 1 422 436 423 1014
5418 4 2 1 1 184 181 185 923
5419 4 2 1 1 150 199 33 1003
5420 4 2 1 1 474 558 246 1141
5421 4 2 1 1 715 697 698 1141
5422 4 2 1 1 410 412 413 1112
5423 4 2 1 1 230 163 247 924
5424 4 2 1 1 398 392 401 1110
5425 4 2 1 1 439 426 443 924
5426 4 2 1 1 927 1040 824 1117
5427 4 2 1 1 98 405 448 677
5428 4 2 1 1 588 634 589 972
5429 4 2 1 1 968 1095 875 1164
5430 4 2 1 1 870 1053 781 1159
5431 4 2 1 1 626 643 647 924
5432 4 2 1 1 521 518 520 1100
5433 4 2 1 1 178 219 218 1092
5434 4 2 1 1 282 281 313 1061
5435 4 2 1 1 555 1050 498 1089
5436 4 2 1 1 794 963 938 1163
5437 4 2 1 1 140 127 149 987
5438 4 2 1 1 424 413 449 1157
5439 4 2 1 1 524 526 525 973
5440 4 2 1 1 611 609 610 1075
5441 4 2 1 1 990 1061 771 1154
5442 4 2 1 1 266 66 336 544
5443 4 2 1 1 630 604 575 1009
5444 4 2 1 1 684 694 695 1122
5445 4 2 1 1 665 577 629 1155
5446 4 2 1 1 313 292 325 1125
5447 4 2 1 1 371 440 442 913
5448 4 2 1 1 295 298 299 1041
5449 4 2 1 1 53 264 318 985
5450 4 2 1 1 713 671 727 969
5451 4 2 1 1 500 493 506 878
5452 4 2 1 1 441 372 423 919
5453 4 2 1 1 255 158 232 917
5454 4 2 1 1 708 716 707 886
5455 4 2 1 1 368 397 442 987
5456 4 2 1 1 866 1079 807 1115
5457 4 2 1 1 505 503 463 880
5458 4 2 1 1 153 223 167 1036
5459 4 2 1 1 393 406 391 1033
5460 4 2 1 1 504 528 495 953
5461 4 2 1 1 147 408 140 1102
5462 4 2 1 1 928 1026 849 1152
5463 4 2 1 1 204 220 197 1159
5464 4 2 1 1 400 401 402 1110
5465 4 2 1 1 680 681 682 1129
5466 4 2 1 1 651 584 583 975
5467 4 2 1 1 293 348 343 1032
5468 4 2 1 1 266 340 67 470
5469 4 2 1 1 809 859 1151 1166
5470 4 2 1 1 686 904 685 1129
5471 4 2 1 1 731 727 690 1120
5472 4 2 1 1 261 58 710 1060
5473 4 2 1 1 710 717 726 1060
5474 4 2 1 1 635 645 107 557
5475 4 2 1 1 516 519 515 1025
5476 4 2 1 1 708 939 740 1034
5477 4 2 1 1 358 147 118 1102
5478 4 2 1 1 816 879 1008 1156
5479 4 2 1 1 781 1053 883 1094
5480 4 2 1 1 557 524 467 1077
5481 4 2 1 1 510 72 473 1137
5482 4 2 1 1 499 497 554 966
5483 4 2 1 1 600 595 599 1147
5484 4 2 1 1 150 226 201 898
5485 4 2 1 1 720 669 741 926
5486 4 2 1 1 235 192 208 891
5487 4 2 1 1 501 468 503 1062
5488 4 2 1 1 538 539 470 1022
5489 4 2 1 1 338 355 268 919
5490 4 2 1 1 311 339 306 1149
5491 4 2 1 1 372 441 458 919
5492 4 2 1 1 724 687 701 1086
5493 4 2 1 1 126 137 148 943
5494 4 2 1 1 424 409 410 962
5495 4 2 1 1 508 116 730 719
5496 4 2 1 1 366 447 459 891
5497 4 2 1 1 414 992 415 1162
5498 4 2 1 1 468 501 502 1113
5499 4 2 1 1 151 41 564 1044
5500 4 2 1 1 41 214 627 1044
5501 4 2 1 1 302 1081 297 1111
5502 4 2 1 1 622 625 658 1035
5503 4 2 1 1 689 904 686 1120
5504 4 2 1 1 309 1058 980 1137
5505 4 2 1 1 166 169 204 1053
5506 4 2 1 1 287 1043 317 1093
5507 4 2 1 1 689 686 690 1120
5508 4 2 1 1 136 139 145 913
5509 4 2 1 1 732 709 695 1030
5510 4 2 1 1 815 1076 907 1105
5511 4 2 1 1 218 170 173 1092
5512 4 2 1 1 188 186 206 1142
5513 4 2 1 1 714 737 154 1094
5514 4 2 1 1 411 1112 385 1170
5515 4 2 1 1 428 451 450 988
5516 4 2 1 1 339 337 291 1149
5517 4 2 1 1 474 246 229 1141
5518 4 2 1 1 312 309 308 980
5519 4 2 1 1 598 606 596 918
5520 4 2 1 1 774 1005 980 1128
5521 4 2 1 1 522 523 521 1150
5522 4 2 1 1 383 380 382 1037
5523 4 2 1 1 946 1011 777 1090
5524 4 2 1 1 406 432 391 1033
5525 4 2 1 1 413 416 447 1157
5526 4 2 1 1 627 564 41 1044
5527 4 2 1 1 41 151 214 1044
5528 4 2 1 1 363 451 428 1083
5529 4 2 1 1 446 567 87 361
5530 4 2 1 1 614 1063 615 1165
5531 4 2 1 1 261 326 58 1060
5532 4 2 1 1 587 586 584 1130
5533 4 2 1 1 602 601 948 1147
5534 4 2 1 1 622 625 1035 1124
5535 4 2 1 1 567 615 650 1140
5536 4 2 1 1 556 468 114 1062
5537 4 2 1 1 223 144 138 1036
5538 4 2 1 1 238 1109 193 1161
5539 4 2 1 1 510 344 72 1137
5540 4 2 1 1 281 1061 280 1154
5541 4 2 1 1 395 390 394 1017
5542 4 2 1 1 193 206 237 1161
5543 4 2 1 1 216 252 244 1167
5544 4 2 1 1 246 735 164 1141
5545 4 2 1 1 815 1038 959 1098
5546 4 2 1 1 665 607 1056 1155
5547 4 2 1 1 781 1094 926 1159
5548 4 2 1 1 154 25 165 737
5549 4 2 1 1 217 180 184 998
5550 4 2 1 1 619 633 646 1071
5551 4 2 1 1 749 1087 1001 1123
5552 4 2 1 1 666 657 572 933
5553 4 2 1 1 618 633 619 1004
5554 4 2 1 1 509 535 465 1058
5555 4 2 1 1 150 201 200 1003
5556 4 2 1 1 520 464 522 1004
5557 4 2 1 1 735 715 164 1141
5558 4 2 1 1 410 385 411 1112
5559 4 2 1 1 358 408 147 1102
5560 4 2 1 1 641 585 586 1078
5561 4 2 1 1 498 1050 563 1089
5562 4 2 1 1 723 700 731 1046
5563 4 2 1 1 138 143 128 1088
5564 4 2 1 1 204 154 165 1094
5565 4 2 1 1 188 187 186 1010
5566 4 2 1 1 461 553 1003 1145
5567 4 2 1 1 785 925 1091 1136
5568 4 2 1 1 729 667 691 1062
5569 4 2 1 1 440 371 455 913
5570 4 2 1 1 499 492 497 966
5571 4 2 1 1 198 190 236 974
5572 4 2 1 1 222 254 221 1039
5573 4 2 1 1 588 586 587 1130
5574 4 2 1 1 199 1003 200 1082
5575 4 2 1 1 160 240 251 933
5576 4 2 1 1 467 524 523 1077
5577 4 2 1 1 288 282 313 1125
5578 4 2 1 1 72 271 473 1137
5579 4 2 1 1 545 543 474 1141
5580 4 2 1 1 439 457 426 924
5581 4 2 1 1 167 224 168 1015
5582 4 2 1 1 613 1064 612 1165
5583 4 2 1 1 633 618 566 1004
5584 4 2 1 1 533 632 103 1146
5585 4 2 1 1 595 597 599 956
5586 4 2 1 1 484 536 540 1070
5587 4 2 1 1 394 452 395 1017
5588 4 2 1 1 704 703 676 1139
5589 4 2 1 1 663 643 626 924
5590 4 2 1 1 299 298 349 1041
5591 4 2 1 1 168 224 171 1015
5592 4 2 1 1 280 1061 990 1154
5593 4 2 1 1 678 699 698 1000
5594 4 2 1 1 613 868 1064 1165
5595 4 2 1 1 645 635 623 1160
5596 4 2 1 1 221 197 222 1159
5597 4 2 1 1 464 533 103 1146
5598 4 2 1 1 692 682 691 945
5599 4 2 1 1 414 415 417 1162
5600 4 2 1 1 671 689 727 1120
5601 4 2 1 1 474 37 246 558
5602 4 2 1 1 455 20 248 371
5603 4 2 1 1 771 993 1055 1099
5604 4 2 1 1 556 114 712 1062
5605 4 2 1 1 486 491 489 1115
5606 4 2 1 1 464 103 566 1146
5607 4 2 1 1 103 632 566 1146
5608 4 2 1 1 25 154 714 737
5609 4 2 1 1 685 686 689 904
5610 4 2 1 1 663 38 247 230
5611 4 2 1 1 468 667 114 1062
5612 4 2 1 1 297 288 325 1125
5613 4 2 1 1 976 1074 743 1156
5614 4 2 1 1 437 438 433 1132
5615 4 2 1 1 153 144 24 223
5616 4 2 1 1 739 1046 723 1166
5617 4 2 1 1 10 358 118 453
5618 4 2 1 1 664 245 46 231
5619 4 2 1 1 206 186 205 1142
5620 4 2 1 1 465 510 509 1058
5621 4 2 1 1 411 414 412 1112
5622 4 2 1 1 267 357 345 912
5623 4 2 1 1 686 685 681 1129
5624 4 2 1 1 739 720 700 1046
5625 4 2 1 1 815 959 1038 1076
5626 4 2 1 1 364 419 420 1064
5627 4 2 1 1 294 317 351 1093
5628 4 2 1 1 299 333 328 989
5629 4 2 1 1 681 673 734 1045
5630 4 2 1 1 562 550 469 974
5631 4 2 1 1 312 308 327 1128
5632 4 2 1 1 337 352 291 911
5633 4 2 1 1 227 172 171 1127
5634 4 2 1 1 418 415 433 1162
5635 4 2 1 1 623 622 1035 1160
5636 4 2 1 1 232 203 255 1104
5637 4 2 1 1 727 699 713 969
5638 4 2 1 1 189 240 187 1066
5639 4 2 1 1 672 1034 717 1060
5640 4 2 1 1 72 344 271 1137
5641 4 2 1 1 730 115 551 1113
5642 4 2 1 1 537 488 514 1153
5643 4 2 1 1 602 600 601 1147
5644 4 2 1 1 579 319 77 1105
5645 4 2 1 1 661 578 91 458
5646 4 2 1 1 397 395 442 1072
5647 4 2 1 1 536 541 1070 1150
5648 4 2 1 1 256 565 77 1105
5649 4 2 1 1 440 92 139 145
5650 4 2 1 1 524 525 523 973
5651 4 2 1 1 200 207 183 1082
5652 4 2 1 1 202 195 203 1104
5653 4 2 1 1 327 272 265 979
5654 4 2 1 1 156 192 238 1109
5655 4 2 1 1 419 417 418 1162
5656 4 2 1 1 474 37 229 246
5657 4 2 1 1 228 248 20 371
5658 4 2 1 1 568 620 635 1077
5659 4 2 1 1 551 115 468 1113
5660 4 2 1 1 230 663 38 626
5661 4 2 1 1 612 613 571 1064
5662 4 2 1 1 492 512 487 1079
5663 4 2 1 1 560 644 100 542
5664 4 2 1 1 777 1082 1003 1145
5665 4 2 1 1 114 667 712 1062
5666 4 2 1 1 643 457 83 439
5667 4 2 1 1 46 664 231 577
5668 4 2 1 1 280 281 282 1061
5669 4 2 1 1 199 200 239 1082
5670 4 2 1 1 615 614 640 1063
5671 4 2 1 1 142 149 127 987
5672 4 2 1 1 193 192 188 1109
5673 4 2 1 1 667 693 691 1113
5674 4 2 1 1 565 579 77 1105
5675 4 2 1 1 446 88 659 1064
5676 4 2 1 1 280 286 330 990
5677 4 2 1 1 187 188 189 1066
5678 4 2 1 1 403 445 402 1031
5679 4 2 1 1 136 143 142 1088
5680 4 2 1 1 244 191 217 1167
5681 4 2 1 1 536 521 541 1150
5682 4 2 1 1 792 1002 1067 1085
5683 4 2 1 1 311 337 339 1149
5684 4 2 1 1 287 317 294 1093
5685 4 2 1 1 506 505 548 1051
5686 4 2 1 1 445 408 358 1102
5687 4 2 1 1 610 609 608 1075
5688 4 2 1 1 302 301 297 1081
5689 4 2 1 1 667 468 115 1113
5690 4 2 1 1 684 695 709 1030
5691 4 2 1 1 620 635 1077 1160
5692 4 2 1 1 619 620 568 1077
5693 4 2 1 1 539 526 470 1022
5694 4 2 1 1 390 395 397 1072
5695 4 2 1 1 446 364 88 1064
5696 4 2 1 1 77 319 256 1105
5697 4 2 1 1 667 115 730 1113
5698 4 2 1 1 372 91 578 458
5699 4 2 1 1 697 109 543 1141
5700 4 2 1 1 581 582 580 1076
5701 4 2 1 1 571 659 88 1064
5702 4 2 1 1 194 195 161 1088
5703 4 2 1 1 461 552 553 1145
5704 4 2 1 1 603 602 601 948
5705 4 2 1 1 694 721 726 1122
5706 4 2 1 1 708 717 672 1034
5707 4 2 1 1 364 571 88 1064
5708 4 2 1 1 145 440 92 455
5709 4 2 1 1 644 560 100 664
5710 4 2 1 1 10 358 147 118
5711 4 2 1 1 335 64 354 683
5712 4 2 1 1 457 643 83 663
5713 4 2 1 1 354 559 73 473
5714 4 2 1 1 555 498 563 1089
5715 4 2 1 1 3 165 737 125
5716 4 2 1 1 3 125 144 153
5717 4 2 1 1 210 253 212 967
5718 4 2 1 1 180 177 181 1114
5719 4 2 1 1 688 714 720 1094
5720 4 2 1 1 547 533 464 1146
5721 4 2 1 1 407 362 406 985
5722 4 2 1 1 392 379 425 1169
5723 4 2 1 1 441 268 47 458
5724 4 2 1 1 307 308 309 980
5725 4 2 1 1 271 309 312 1137
5726 4 2 1 1 458 268 47 355
5727 4 2 1 1 58 672 710 1060
5728 4 2 1 1 396 450 451 988
5729 4 2 1 1 507 510 473 1137
5730 4 2 1 1 276 274 275 1006
5731 4 2 1 1 431 443 416 1048
5732 4 2 1 1 680 673 681 1045
5733 4 2 1 1 365 96 736 453
5734 4 2 1 1 277 279 280 1154
5735 4 2 1 1 213 211 232 1083
5736 4 2 1 1 466 555 532 1089
5737 4 2 1 1 667 1062 468 1113
5738 4 2 1 1 926 1059 781 1159
5739 4 2 1 1 542 644 101 1116
5740 4 2 1 1 233 222 249 1039
5741 4 2 1 1 738 354 64 683
5742 4 2 1 1 552 516 527 1145
5743 4 2 1 1 697 735 109 1141
5744 4 2 1 1 58 326 672 1060
5745 4 2 1 1 385 382 434 1170
5746 4 2 1 1 718 365 96 736
5747 4 2 1 1 558 543 109 1141
5748 4 2 1 1 123 122 137 1151
5749 4 2 1 1 658 623 622 1035
5750 4 2 1 1 370 55 334 456
5751 4 2 1 1 668 725 711 979
5752 4 2 1 1 425 380 383 1037
5753 4 2 1 1 641 616 585 1078
5754 4 2 1 1 718 736 703 1139
5755 4 2 1 1 706 739 723 1166
5756 4 2 1 1 95 147 358 408
5757 4 2 1 1 549 522 464 1004
5758 4 2 1 1 172 227 175 1127
5759 4 2 1 1 576 269 82 353
5760 4 2 1 1 271 354 73 473
5761 4 2 1 1 661 74 642 355
5762 4 2 1 1 303 283 279 1118
5763 4 2 1 1 553 531 461 1003
5764 4 2 1 1 287 296 317 1043
5765 4 2 1 1 279 281 280 1154
5766 4 2 1 1 349 318 264 985
5767 4 2 1 1 477 479 478 1106
5768 4 2 1 1 301 302 341 1081
5769 4 2 1 1 21 194 136 145
5770 4 2 1 1 145 21 194 248
5771 4 2 1 1 338 642 74 355
5772 4 2 1 1 662 576 82 353
5773 4 2 1 1 361 567 86 1140
5774 4 2 1 1 715 164 28 735
5775 4 2 1 1 735 164 28 246
5776 4 2 1 1 732 708 740 1034
5777 4 2 1 1 503 468 556 1062
5778 4 2 1 1 520 517 547 1100
5779 4 2 1 1 199 150 200 1003
5780 4 2 1 1 401 400 398 1110
5781 4 2 1 1 423 436 367 1014
5782 4 2 1 1 456 55 334 356
5783 4 2 1 1 705 670 684 1158
5784 4 2 1 1 482 494 495 1138
5785 4 2 1 1 739 700 723 1046
5786 4 2 1 1 314 304 278 1121
5787 4 2 1 1 99 733 456 707
5788 4 2 1 1 728 674 723 1166
5789 4 2 1 1 12 457 163 426
5790 4 2 1 1 162 560 29 529
5791 4 2 1 1 237 253 193 1161
5792 4 2 1 1 457 247 12 163
5793 4 2 1 1 416 412 431 1048
5794 4 2 1 1 245 560 29 162
5795 4 2 1 1 559 117 719 738
5796 4 2 1 1 405 99 456 707
5797 4 2 1 1 735 558 109 1141
5798 4 2 1 1 225 212 227 1040
5799 4 2 1 1 390 403 386 1052
5800 4 2 1 1 613 614 615 1165
5801 4 2 1 1 579 565 580 1105
5802 4 2 1 1 164 229 246 1141
5803 4 2 1 1 225 250 212 1040
5804 4 2 1 1 403 388 386 1052
5805 4 2 1 1 665 652 607 1155
5806 4 2 1 1 566 649 633 1146
5807 4 2 1 1 101 644 574 1116
5808 4 2 1 1 296 342 317 1043
5809 4 2 1 1 385 409 384 1103
5810 4 2 1 1 494 496 495 1138
5811 4 2 1 1 205 174 175 1029
5812 4 2 1 1 478 462 477 1106
5813 4 2 1 1 125 135 144 1036
5814 4 2 1 1 623 620 622 1160
5815 4 2 1 1 569 652 629 1155
5816 4 2 1 1 324 302 297 1111
5817 4 2 1 1 220 204 169 1053
5818 4 2 1 1 361 86 430 1140
5819 4 2 1 1 117 719 508 559
5820 4 2 1 1 304 303 278 1121
5821 4 2 1 1 662 561 108 645
5822 4 2 1 1 640 605 615 1063
5823 4 2 1 1 356 56 270 716
5824 4 2 1 1 686 702 728 1042
5825 4 2 1 1 725 724 701 1086
5826 4 2 1 1 544 65 336 561
5827 4 2 1 1 575 604 647 1009
5828 4 2 1 1 561 108 645 475
5829 4 2 1 1 704 740 718 1139
5830 4 2 1 1 181 177 205 1114
5831 4 2 1 1 542 101 472 1116
5832 4 2 1 1 353 336 65 561
5833 4 2 1 1 624 583 625 1124
5834 4 2 1 1 222 197 220 1159
5835 4 2 1 1 283 303 289 1118
5836 4 2 1 1 56 356 733 716
5837 4 2 1 1 536 541 540 1070
5838 4 2 1 1 223 144 24 138
5839 4 2 1 1 628 43 42 215
5840 4 2 1 1 151 41 42 564
5841 4 2 1 1 44 43 569 157
5842 4 2 1 1 214 40 41 627
5843 4 2 1 1 61 60 696 258
5844 4 2 1 1 428 16 17 152
5845 4 2 1 1 76 77 579 319
5846 4 2 1 1 62 61 668 272
5847 4 2 1 1 101 574 472 1116
5848 4 2 1 1 408 95 147 140
5849 4 2 1 1 152 211 213 1083
5850 4 2 1 1 236 191 252 1167
5851 4 2 1 1 314 327 308 1128
5852 4 2 1 1 147 140 130 1102
5853 4 2 1 1 656 601 599 1147
5854 4 2 1 1 565 77 78 256
5855 4 2 1 1 38 39 230 626
5856 4 2 1 1 231 45 46 577
5857 4 2 1 1 705 121 670 1158
5858 4 2 1 1 711 63 62 265
5859 4 2 1 1 15 16 359 209
5860 4 2 1 1 18 17 213 363
5861 4 2 1 1 229 36 37 474
5862 4 2 1 1 20 19 228 371
5863 4 2 1 1 173 178 218 1092
5864 4 2 1 1 694 726 695 1122
5865 4 2 1 1 147 130 118 1102
5866 4 2 1 1 505 506 491 1051
5867 4 2 1 1 226 34 35 466
5868 4 2 1 1 323 322 321 1073
5869 4 2 1 1 135 138 144 1036
5870 4 2 1 1 619 646 621 1071
5871 4 2 1 1 430 86 630 1140
5872 4 2 1 1 567 630 86 1140
5873 4 2 1 1 192 193 238 1109
5874 4 2 1 1 622 624 625 1124
5875 4 2 1 1 60 59 675 329
5876 4 2 1 1 86 87 567 361
5877 4 2 1 1 590 639 592 1144
5878 4 2 1 1 444 361 430 1140
5879 4 2 1 1 26 25 154 714
5880 4 2 1 1 530 32 31 155
5881 4 2 1 1 487 486 489 1115
5882 4 2 1 1 674 122 123 1151
5883 4 2 1 1 110 111 678 471
5884 4 2 1 1 427 14 15 156
5885 4 2 1 1 736 10 118 453
5886 4 2 1 1 214 151 242 1044
5887 4 2 1 1 627 656 564 1044
5888 4 2 1 1 53 52 362 318
5889 4 2 1 1 246 558 735 1141
5890 4 2 1 1 106 568 467 105
5891 4 2 1 1 465 70 71 262
5892 4 2 1 1 365 97 718 96
5893 4 2 1 1 69 68 259 462
5894 4 2 1 1 345 302 324 1111
5895 4 2 1 1 194 22 21 136
5896 4 2 1 1 552 527 553 1145
5897 4 2 1 1 27 26 196 669
5898 4 2 1 1 614 613 612 1165
5899 4 2 1 1 164 28 27 715
5900 4 2 1 1 263 80 79 570
5901 4 2 1 1 233 254 222 1039
5902 4 2 1 1 360 51 50 316
5903 4 2 1 1 352 322 323 1073
5904 4 2 1 1 379 392 391 1169
5905 4 2 1 1 381 437 433 1132
5906 4 2 1 1 434 411 385 1170
5907 4 2 1 1 261 333 326 1060
5908 4 2 1 1 712 667 729 1062
5909 4 2 1 1 714 688 737 1094
5910 4 2 1 1 468 114 667 115
5911 4 2 1 1 163 13 12 426
5912 4 2 1 1 162 29 30 529
5913 4 2 1 1 82 81 269 576
5914 4 2 1 1 49 50 260 435
5915 4 2 1 1 642 74 75 338
5916 4 2 1 1 461 33 32 199
5917 4 2 1 1 99 405 98 707
5918 4 2 1 1 682 681 685 1129
5919 4 2 1 1 710 59 58 261
5920 4 2 1 1 502 551 468 1113
5921 4 2 1 1 730 693 667 1113
5922 4 2 1 1 598 592 639 1144
5923 4 2 1 1 88 89 571 364
5924 4 2 1 1 412 410 411 1112
5925 4 2 1 1 271 73 72 473
5926 4 2 1 1 33 34 150 531
5927 4 2 1 1 573 75 76 267
5928 4 2 1 1 54 53 407 264
5929 4 2 1 1 54 55 334 370
5930 4 2 1 1 109 697 543 110
5931 4 2 1 1 601 600 599 1147
5932 4 2 1 1 239 200 183 1082
5933 4 2 1 1 513 514 488 1153
5934 4 2 1 1 63 64 335 683
5935 4 2 1 1 520 518 517 1100
5936 4 2 1 1 127 93 368 94
5937 4 2 1 1 578 90 91 372
5938 4 2 1 1 325 288 313 1125
5939 4 2 1 1 446 419 364 1064
5940 4 2 1 1 203 195 255 1104
5941 4 2 1 1 47 48 268 441
5942 4 2 1 1 635 620 623 1160
5943 4 2 1 1 449 447 427 1157
5944 4 2 1 1 686 734 702 1042
5945 4 2 1 1 315 48 49 367
5946 4 2 1 1 415 418 417 1162
5947 4 2 1 1 4 735 246 558
5948 4 2 1 1 248 145 2 455
5949 4 2 1 1 1 247 457 663
5950 4 2 1 1 9 662 353 561
5951 4 2 1 1 7 661 458 355
5952 4 2 1 1 5 560 245 664
5953 4 2 1 1 356 456 6 733
5954 4 2 1 1 463 113 112 671
5955 4 2 1 1 8 559 354 738
5956 4 2 1 1 429 18 19 158
5957 4 2 1 1 35 36 159 532
5958 4 2 1 1 93 92 139 440
5959 4 2 1 1 165 25 3 737
5960 4 2 1 1 613 659 571 1064
5961 4 2 1 1 271 344 309 1137
5962 4 2 1 1 672 717 710 1060
5963 4 2 1 1 256 319 346 1105
5964 4 2 1 1 95 408 94 140
5965 4 2 1 1 703 704 718 1139
5966 4 2 1 1 719 508 116 117
5967 4 2 1 1 104 103 566 464
5968 4 2 1 1 270 56 57 716
5969 4 2 1 1 706 723 674 1166
5970 4 2 1 1 102 574 472 101
5971 4 2 1 1 644 542 101 100
5972 4 2 1 1 83 84 643 439
5973 4 2 1 1 84 85 575 369
5974 4 2 1 1 566 632 649 1146
5975 4 2 1 1 629 45 44 216
5976 4 2 1 1 523 541 521 1150
5977 4 2 1 1 24 3 144 153
5978 4 2 1 1 160 39 40 572
5979 4 2 1 1 108 645 475 107
5980 4 2 1 1 631 80 81 321
5981 4 2 1 1 128 143 136 1088
5982 4 2 1 1 469 31 30 198
5983 4 2 1 1 366 13 14 208
5984 4 2 1 1 638 78 79 320
5985 4 2 1 1 574 644 648 1116
5986 4 2 1 1 24 23 223 138
5987 4 2 1 1 472 546 542 1116
5988 4 2 1 1 336 66 65 544
5989 4 2 1 1 147 358 10 95
5990 4 2 1 1 373 52 51 257
5991 4 2 1 1 708 732 717 1034
5992 4 2 1 1 67 66 266 470
5993 4 2 1 1 111 713 511 112
5994 4 2 1 1 532 555 563 1089
5995 4 2 1 1 23 22 161 128
5996 4 2 1 1 630 567 650 1140
5997 4 2 1 1 735 697 715 1141
5998 4 2 1 1 689 690 727 1120
5999 4 2 1 1 510 71 72 344
6000 4 2 1 1 632 533 103 102
6001 4 2 1 1 447 449 413 1157
6002 4 2 1 1 474 543 558 1141
6003 4 2 1 1 476 69 70 350
6004 4 2 1 1 430 86 85 630
6005 4 2 1 1 4 735 558 109
6006 4 2 1 1 356 6 56 733
6007 4 2 1 1 457 83 1 663
6008 4 2 1 1 458 47 7 355
6009 4 2 1 1 82 9 662 353
6010 4 2 1 1 145 92 2 455
6011 4 2 1 1 353 65 9 561
6012 4 2 1 1 5 100 560 664
6013 4 2 1 1 456 6 55 356
6014 4 2 1 1 64 8 354 738
6015 4 2 1 1 672 58 57 326
6016 4 2 1 1 68 67 340 538
6017 4 2 1 1 629 652 665 1155
6018 4 2 1 1 244 252 191 1167
6019 4 2 1 1 98 448 97 677
6020 4 2 1 1 9 662 561 108
6021 4 2 1 1 559 73 8 354
6022 4 2 1 1 91 7 661 458
6023 4 2 1 1 7 74 661 355
6024 4 2 1 1 12 1 247 457
6025 4 2 1 1 29 5 560 245
6026 4 2 1 1 247 1 38 663
6027 4 2 1 1 145 2 21 248
6028 4 2 1 1 245 46 5 664
6029 4 2 1 1 28 4 735 246
6030 4 2 1 1 246 37 4 558
6031 4 2 1 1 2 20 248 455
6032 4 2 1 1 733 456 6 99
6033 4 2 1 1 559 8 117 738
6034 4 2 1 1 105 549 104 618
6035 4 2 1 1 107 106 635 557
6036 4 2 1 1 114 712 113 556
6037 4 2 1 1 736 96 10 453
6038 4 2 1 1 115 730 551 116
6039 4 2 1 1 88 87 446 659
6040 4 2 1 1 454 90 89 653
6041 4 2 1 1 176 1092 885 178
6042 4 2 1 1 885 1092 176 888
6043 4 2 1 1 490 1022 525 539
6044 4 2 1 1 525 1022 490 853
6045 4 2 1 1 1065 793 864 847
6046 4 2 1 1 1065 864 793 747
6047 4 2 1 1 741 1046 698 700
6048 4 2 1 1 698 1046 741 926
6049 4 2 1 1 949 482 528 802
6050 4 2 1 1 949 528 482 483
6051 4 2 1 1 1002 937 1084 742
6052 4 2 1 1 1002 1084 937 808
6053 4 2 1 1 921 1067 854 742
6054 4 2 1 1 854 1067 921 801
6055 4 2 1 1 854 1054 921 742
6056 4 2 1 1 921 1054 854 801
6057 4 2 1 1 937 1012 941 752
6058 4 2 1 1 941 1012 937 808
6059 4 2 1 1 199 530 1145 155
6060 4 2 1 1 199 1145 530 461
6061 4 2 1 1 1062 504 880 503
6062 4 2 1 1 1062 880 504 953
6063 4 2 1 1 919 653 611 578
6064 4 2 1 1 919 611 653 905
6065 4 2 1 1 820 1137 509 914
6066 4 2 1 1 509 1137 820 1058
6067 4 2 1 1 1130 789 651 882
6068 4 2 1 1 1130 651 789 975
6069 4 2 1 1 921 901 997 742
6070 4 2 1 1 921 997 901 795
6071 4 2 1 1 1122 687 857 955
6072 4 2 1 1 1122 857 687 721
6073 4 2 1 1 1103 383 895 1037
6074 4 2 1 1 1103 895 383 384
6075 4 2 1 1 1050 807 493 878
6076 4 2 1 1 1050 493 807 966
6077 4 2 1 1 1010 1044 1066 187
6078 4 2 1 1 1066 1044 1010 796
6079 4 2 1 1 1165 834 763 823
6080 4 2 1 1 1165 763 834 1063
6081 4 2 1 1 762 1052 1163 864
6082 4 2 1 1 762 1163 1052 1031
6083 4 2 1 1 822 1163 1052 864
6084 4 2 1 1 822 1052 1163 1031
6085 4 2 1 1 925 1127 1040 824
6086 4 2 1 1 1040 1127 925 842
6087 4 2 1 1 940 1091 1068 747
6088 4 2 1 1 1068 1091 940 801
6089 4 2 1 1 942 1132 867 438
6090 4 2 1 1 867 1132 942 790
6091 4 2 1 1 1133 1042 950 809
6092 4 2 1 1 1133 950 1042 775
6093 4 2 1 1 1152 876 1026 797
6094 4 2 1 1 1152 1026 876 766
6095 4 2 1 1 1021 841 995 755
6096 4 2 1 1 1021 995 841 908
6097 4 2 1 1 1007 962 932 765
6098 4 2 1 1 1007 932 962 786
6099 4 2 1 1 887 1050 807 767
6100 4 2 1 1 807 1050 887 878
6101 4 2 1 1 1030 1156 1034 816
6102 4 2 1 1 1034 1156 1030 811
6103 4 2 1 1 996 975 1130 789
6104 4 2 1 1 996 1130 975 814
6105 4 2 1 1 570 320 79 263
6106 4 2 1 1 79 320 570 638
6107 4 2 1 1 1040 1015 171 225
6108 4 2 1 1 1040 171 1015 824
6109 4 2 1 1 1048 1009 1140 431
6110 4 2 1 1 1140 1009 1048 813
6111 4 2 1 1 1140 444 1048 431
6112 4 2 1 1 1048 444 1140 813
6113 4 2 1 1 1071 639 593 845
6114 4 2 1 1 1071 593 639 646
6115 4 2 1 1 1024 961 1026 744
6116 4 2 1 1 1024 1026 961 802
6117 4 2 1 1 1108 802 1024 858
6118 4 2 1 1 1108 1024 802 953
6119 4 2 1 1 1035 570 625 658
6120 4 2 1 1 1035 625 570 837
6121 4 2 1 1 1002 1084 964 817
6122 4 2 1 1 964 1084 1002 808
6123 4 2 1 1 999 588 634 591
6124 4 2 1 1 999 634 588 972
6125 4 2 1 1 1166 739 859 706
6126 4 2 1 1 1166 859 739 1046
6127 4 2 1 1 688 859 739 706
6128 4 2 1 1 688 739 859 1046
6129 4 2 1 1 1158 679 871 670
6130 4 2 1 1 1158 871 679 955
6131 4 2 1 1 1132 378 957 863
6132 4 2 1 1 1132 957 378 437
6133 4 2 1 1 1116 764 1056 889
6134 4 2 1 1 1116 1056 764 833
6135 4 2 1 1 688 1046 720 739
6136 4 2 1 1 688 720 1046 1094
6137 4 2 1 1 854 742 1135 901
6138 4 2 1 1 854 1135 742 1067
6139 4 2 1 1 1115 753 949 844
6140 4 2 1 1 1115 949 753 866
6141 4 2 1 1 1083 1040 250 804
6142 4 2 1 1 1083 250 1040 211
6143 4 2 1 1 937 1084 941 808
6144 4 2 1 1 941 1084 937 788
6145 4 2 1 1 1116 534 1025 889
6146 4 2 1 1 1116 1025 534 546
6147 4 2 1 1 707 939 405 677
6148 4 2 1 1 405 939 707 886
6149 4 2 1 1 1104 804 772 917
6150 4 2 1 1 1104 772 804 927
6151 4 2 1 1 1155 636 654 652
6152 4 2 1 1 1155 654 636 829
6153 4 2 1 1 701 828 687 680
6154 4 2 1 1 687 828 701 1086
6155 4 2 1 1 957 374 375 952
6156 4 2 1 1 957 375 374 376
6157 4 2 1 1 1017 1052 1072 390
6158 4 2 1 1 1072 1052 1017 864
6159 4 2 1 1 947 1080 838 749
6160 4 2 1 1 838 1080 947 803
6161 4 2 1 1 1061 971 990 771
6162 4 2 1 1 1061 990 971 874
6163 4 2 1 1 1151 1042 674 702
6164 4 2 1 1 1151 674 1042 809
6165 4 2 1 1 573 338 75 267
6166 4 2 1 1 75 338 573 642
6167 4 2 1 1 1141 221 926 164
6168 4 2 1 1 1141 926 221 826
6169 4 2 1 1 1140 417 992 444
6170 4 2 1 1 1140 992 417 868
6171 4 2 1 1 1139 400 453 884
6172 4 2 1 1 1139 453 400 365
6173 4 2 1 1 1059 1000 1050 826
6174 4 2 1 1 1059 1050 1000 818
6175 4 2 1 1 1094 196 197 154
6176 4 2 1 1 1094 197 196 926
6177 4 2 1 1 1019 1008 884 762
6178 4 2 1 1 1019 884 1008 816
6179 4 2 1 1 1110 884 1008 762
6180 4 2 1 1 1110 1008 884 816
6181 4 2 1 1 676 1139 816 704
6182 4 2 1 1 816 1139 676 1019
6183 4 2 1 1 816 1030 709 704
6184 4 2 1 1 709 1030 816 1019
6185 4 2 1 1 676 816 709 704
6186 4 2 1 1 709 816 676 1019
6187 4 2 1 1 1009 439 443 924
6188 4 2 1 1 1009 443 439 369
6189 4 2 1 1 1106 490 479 478
6190 4 2 1 1 1106 479 490 929
6191 4 2 1 1 1167 182 190 191
6192 4 2 1 1 1167 190 182 890
6193 4 2 1 1 1109 1168 770 836
6194 4 2 1 1 770 1168 1109 839
6195 4 2 1 1 1158 120 1019 705
6196 4 2 1 1 1158 1019 120 846
6197 4 2 1 1 1094 669 720 926
6198 4 2 1 1 1094 720 669 714
6199 4 2 1 1 1113 780 501 914
6200 4 2 1 1 1113 501 780 1062
6201 4 2 1 1 1069 1090 960 1011
6202 4 2 1 1 960 1090 1069 791
6203 4 2 1 1 1062 689 904 729
6204 4 2 1 1 1062 904 689 880
6205 4 2 1 1 1159 826 221 926
6206 4 2 1 1 1159 221 826 1039
6207 4 2 1 1 426 208 13 366
6208 4 2 1 1 13 208 426 163
6209 4 2 1 1 1037 388 1052 383
6210 4 2 1 1 1037 1052 388 944
6211 4 2 1 1 1041 318 349 985
6212 4 2 1 1 1041 349 318 298
6213 4 2 1 1 1102 402 884 358
6214 4 2 1 1 1102 884 402 1031
6215 4 2 1 1 1026 1099 893 849
6216 4 2 1 1 893 1099 1026 797
6217 4 2 1 1 350 462 903 476
6218 4 2 1 1 903 462 350 259
6219 4 2 1 1 945 685 682 691
6220 4 2 1 1 945 682 685 1129
6221 4 2 1 1 357 1111 1081 302
6222 4 2 1 1 1081 1111 357 912
6223 4 2 1 1 1168 958 786 934
6224 4 2 1 1 1168 786 958 1007
6225 4 2 1 1 1056 1167 1155 829
6226 4 2 1 1 1155 1167 1056 833
6227 4 2 1 1 1166 123 859 1151
6228 4 2 1 1 1166 859 123 706
6229 4 2 1 1 1150 1123 1087 840
6230 4 2 1 1 1150 1087 1123 799
6231 4 2 1 1 1167 216 833 1155
6232 4 2 1 1 1167 833 216 252
6233 4 2 1 1 231 833 216 1155
6234 4 2 1 1 231 216 833 252
6235 4 2 1 1 22 1088 136 194
6236 4 2 1 1 136 1088 22 128
6237 4 2 1 1 653 372 90 578
6238 4 2 1 1 90 372 653 454
6239 4 2 1 1 556 671 880 712
6240 4 2 1 1 556 880 671 463
6241 4 2 1 1 645 557 1160 475
6242 4 2 1 1 1160 557 645 635
6243 4 2 1 1 464 618 104 549
6244 4 2 1 1 104 618 464 566
$EndElements
