$MeshFormat
2.2 0 8
$EndMeshFormat
$PhysicalNames
7
2 1 "bottom"
2 2 "top"
2 3 "front"
2 4 "back"
2 5 "left"
2 6 "right"
3 7 "domain"
$EndPhysicalNames
$Nodes
847
1 0 45 41.666666666666671
2 0 50 41.666666666666671
3 0 50 50
4 5 50 50
5 0 45 50
6 5 50 41.666666666666671
7 5 45 50
8 0 45 33.333333333333336
9 5 45 41.666666666666671
10 0 40 41.666666666666671
11 0 50 33.333333333333336
12 10 50 50
13 0 40 50
14 5 50 33.333333333333336
15 0 40 33.333333333333336
16 5 45 33.333333333333336
17 10 50 41.666666666666671
18 5 40 50
19 5 40 41.666666666666671
20 10 45 50
21 0 45 25
22 10 45 41.666666666666671
23 0 35 41.666666666666671
24 0 50 25
25 0 40 25
26 5 40 33.333333333333336
27 15 50 50
28 0 35 50
29 0 35 33.333333333333336
30 5 50 25
31 5 45 25
32 10 50 33.333333333333336
33 10 45 33.333333333333336
34 15 50 41.666666666666671
35 5 35 50
36 5 35 41.666666666666671
37 10 40 50
38 10 40 41.666666666666671
39 15 45 50
40 0 45 16.666666666666668
41 0 35 25
42 5 40 25
43 15 45 41.666666666666671
44 0 30 41.666666666666671
45 5 35 33.333333333333336
46 0 50 16.666666666666668
47 0 40 16.666666666666668
48 10 40 33.333333333333336
49 20 50 50
50 0 30 50
51 0 30 33.333333333333336
52 5 50 16.666666666666668
53 5 45 16.666666666666668
54 10 50 25
55 10 45 25
56 15 50 33.333333333333336
57 0 35 16.666666666666668
58 5 35 25
59 15 45 33.333333333333336
60 20 50 41.666666666666671
61 5 30 50
62 5 30 41.666666666666671
63 10 35 50
64 10 35 41.666666666666671
65 15 40 50
66 0 30 25
67 15 40 41.666666666666671
68 20 45 50
69 0 45 8.3333333333333339
70 5 40 16.666666666666668
71 10 40 25
72 20 45 41.666666666666671
73 0 25 41.666666666666671
74 5 30 33.333333333333336
75 10 35 33.333333333333336
76 0 50 8.3333333333333339
77 0 40 8.3333333333333339
78 0 30 16.666666666666668
79 5 35 16.666666666666668
80 15 40 33.333333333333336
81 25 50 50
82 0 25 50
83 0 25 33.333333333333336
84 5 30 25
85 5 50 8.3333333333333339
86 5 45 8.3333333333333339
87 10 50 16.666666666666668
88 10 45 16.666666666666668
89 15 50 25
90 0 35 8.3333333333333339
91 15 45 25
92 20 50 33.333333333333336
93 10 35 25
94 20 45 33.333333333333336
95 25 50 41.666666666666671
96 5 25 50
97 5 25 41.666666666666671
98 10 30 50
99 10 30 41.666666666666671
100 15 35 50
101 0 25 25
102 15 35 41.666666666666671
103 20 40 50
104 20 40 41.666666666666671
105 25 45 50
106 0 45 0
107 5 40 8.3333333333333339
108 10 40 16.666666666666668
109 0 30 8.3333333333333339
110 5 30 16.666666666666668
111 15 40 25
112 25 45 41.666666666666671
113 0 20 41.666666666666671
114 5 25 33.333333333333336
115 10 30 33.333333333333336
116 0 25 16.666666666666668
117 15 35 33.333333333333336
118 0 50 0
119 0 40 0
120 5 35 8.3333333333333339
121 10 35 16.666666666666668
122 20 40 33.333333333333336
123 30 50 50
124 0 20 50
125 0 20 33.333333333333336
126 5 25 25
127 10 30 25
128 5 50 0
129 5 45 0
130 10 50 8.3333333333333339
131 10 45 8.3333333333333339
132 15 50 16.666666666666668
133 0 35 0
134 15 45 16.666666666666668
135 20 50 25
136 20 45 25
137 25 50 33.333333333333336
138 0 25 8.3333333333333339
139 5 30 8.3333333333333339
140 15 35 25
141 25 45 33.333333333333336
142 30 50 41.666666666666671
143 5 20 50
144 5 20 41.666666666666671
145 10 25 50
146 10 25 41.666666666666671
147 15 30 50
148 0 20 25
149 15 30 41.666666666666671
150 20 35 50
151 20 35 41.666666666666671
152 25 40 50
153 5 25 16.666666666666668
154 25 40 41.666666666666671
155 30 45 50
156 5 40 0
157 10 40 8.3333333333333339
158 0 30 0
159 15 40 16.666666666666668
160 10 30 16.666666666666668
161 20 40 25
162 30 45 41.666666666666671
163 0 15 41.666666666666671
164 5 20 33.333333333333336
165 10 25 33.333333333333336
166 0 20 16.666666666666668
167 15 30 33.333333333333336
168 20 35 33.333333333333336
169 5 35 0
170 10 35 8.3333333333333339
171 0 25 0
172 5 25 8.3333333333333339
173 15 35 16.666666666666668
174 25 40 33.333333333333336
175 35 50 50
176 0 15 50
177 0 15 33.333333333333336
178 5 20 25
179 10 25 25
180 0 20 8.3333333333333339
181 15 30 25
182 10 50 0
183 10 45 0
184 15 50 8.3333333333333339
185 15 45 8.3333333333333339
186 20 50 16.666666666666668
187 20 45 16.666666666666668
188 25 50 25
189 5 30 0
190 25 45 25
191 30 50 33.333333333333336
192 10 30 8.3333333333333339
193 20 35 25
194 30 45 33.333333333333336
195 35 50 41.666666666666671
196 5 15 50
197 5 15 41.666666666666671
198 10 20 50
199 10 20 41.666666666666671
200 15 25 50
201 0 15 25
202 15 25 41.666666666666671
203 20 30 50
204 20 30 41.666666666666671
205 25 35 50
206 5 20 16.666666666666668
207 25 35 41.666666666666671
208 30 40 50
209 10 25 16.666666666666668
210 30 40 41.666666666666671
211 35 45 50
212 10 40 0
213 15 40 8.3333333333333339
214 20 40 16.666666666666668
215 0 20 0
216 5 25 0
217 15 30 16.666666666666668
218 25 40 25
219 35 45 41.666666666666671
220 0 10 41.666666666666671
221 5 15 33.333333333333336
222 10 20 33.333333333333336
223 0 15 16.666666666666668
224 15 25 33.333333333333336
225 20 30 33.333333333333336
226 5 20 8.3333333333333339
227 25 35 33.333333333333336
228 10 35 0
229 15 35 8.3333333333333339
230 10 25 8.3333333333333339
231 20 35 16.666666666666668
232 30 40 33.333333333333336
233 40 50 50
234 0 10 50
235 0 10 33.333333333333336
236 5 15 25
237 10 20 25
238 0 15 8.3333333333333339
239 15 25 25
240 20 30 25
241 15 50 0
242 15 45 0
243 20 50 8.3333333333333339
244 20 45 8.3333333333333339
245 25 50 16.666666666666668
246 25 45 16.666666666666668
247 30 50 25
248 10 30 0
249 30 45 25
250 35 50 33.333333333333336
251 5 20 0
252 15 30 8.3333333333333339
253 25 35 25
254 35 45 33.333333333333336
255 40 50 41.666666666666671
256 5 10 50
257 5 10 41.666666666666671
258 10 15 50
259 10 15 41.666666666666671
260 15 20 50
261 0 10 25
262 15 20 41.666666666666671
263 20 25 50
264 20 25 41.666666666666671
265 25 30 50
266 5 15 16.666666666666668
267 25 30 41.666666666666671
268 30 35 50
269 10 20 16.666666666666668
270 30 35 41.666666666666671
271 35 40 50
272 0 15 0
273 15 25 16.666666666666668
274 35 40 41.666666666666671
275 40 45 50
276 15 40 0
277 20 40 8.3333333333333339
278 25 40 16.666666666666668
279 10 25 0
280 20 30 16.666666666666668
281 30 40 25
282 40 45 41.666666666666671
283 0 5 41.666666666666671
284 5 10 33.333333333333336
285 10 15 33.333333333333336
286 0 10 16.666666666666668
287 15 20 33.333333333333336
288 20 25 33.333333333333336
289 5 15 8.3333333333333339
290 25 30 33.333333333333336
291 10 20 8.3333333333333339
292 30 35 33.333333333333336
293 15 35 0
294 20 35 8.3333333333333339
295 15 25 8.3333333333333339
296 25 35 16.666666666666668
297 35 40 33.333333333333336
298 45 50 50
299 0 5 50
300 0 5 33.333333333333336
301 5 10 25
302 10 15 25
303 0 10 8.3333333333333339
304 15 20 25
305 20 25 25
306 5 15 0
307 25 30 25
308 20 50 0
309 20 45 0
310 25 50 8.3333333333333339
311 25 45 8.3333333333333339
312 30 50 16.666666666666668
313 30 45 16.666666666666668
314 35 50 25
315 15 30 0
316 35 45 25
317 40 50 33.333333333333336
318 10 20 0
319 20 30 8.3333333333333339
320 30 35 25
321 40 45 33.333333333333336
322 45 50 41.666666666666671
323 5 5 50
324 5 5 41.666666666666671
325 10 10 50
326 10 10 41.666666666666671
327 15 15 50
328 0 5 25
329 15 15 41.666666666666671
330 20 20 50
331 20 20 41.666666666666671
332 25 25 50
333 5 10 16.666666666666668
334 25 25 41.666666666666671
335 30 30 50
336 10 15 16.666666666666668
337 30 30 41.666666666666671
338 35 35 50
339 0 10 0
340 15 20 16.666666666666668
341 35 35 41.666666666666671
342 40 40 50
343 20 25 16.666666666666668
344 40 40 41.666666666666671
345 45 45 50
346 20 40 0
347 25 40 8.3333333333333339
348 30 40 16.666666666666668
349 15 25 0
350 25 30 16.666666666666668
351 35 40 25
352 45 45 41.666666666666671
353 0 0 41.666666666666671
354 5 5 33.333333333333336
355 10 10 33.333333333333336
356 0 5 16.666666666666668
357 15 15 33.333333333333336
358 20 20 33.333333333333336
359 5 10 8.3333333333333339
360 25 25 33.333333333333336
361 10 15 8.3333333333333339
362 30 30 33.333333333333336
363 15 20 8.3333333333333339
364 35 35 33.333333333333336
365 20 35 0
366 25 35 8.3333333333333339
367 20 25 8.3333333333333339
368 30 35 16.666666666666668
369 40 40 33.333333333333336
370 50 50 50
371 0 0 50
372 0 0 33.333333333333336
373 5 5 25
374 10 10 25
375 0 5 8.3333333333333339
376 15 15 25
377 20 20 25
378 5 10 0
379 25 25 25
380 10 15 0
381 30 30 25
382 25 50 0
383 25 45 0
384 30 50 8.3333333333333339
385 30 45 8.3333333333333339
386 35 50 16.666666666666668
387 35 45 16.666666666666668
388 40 50 25
389 20 30 0
390 40 45 25
391 45 50 33.333333333333336
392 15 20 0
393 25 30 8.3333333333333339
394 35 35 25
395 45 45 33.333333333333336
396 50 50 41.666666666666671
397 5 0 50
398 5 0 41.666666666666671
399 10 5 50
400 10 5 41.666666666666671
401 15 10 50
402 0 0 25
403 15 10 41.666666666666671
404 20 15 50
405 20 15 41.666666666666671
406 25 20 50
407 5 5 16.666666666666668
408 25 20 41.666666666666671
409 30 25 50
410 10 10 16.666666666666668
411 30 25 41.666666666666671
412 35 30 50
413 0 5 0
414 15 15 16.666666666666668
415 35 30 41.666666666666671
416 40 35 50
417 20 20 16.666666666666668
418 40 35 41.666666666666671
419 45 40 50
420 25 25 16.666666666666668
421 45 40 41.666666666666671
422 50 45 50
423 25 40 0
424 30 40 8.3333333333333339
425 35 40 16.666666666666668
426 20 25 0
427 30 30 16.666666666666668
428 40 40 25
429 50 45 41.666666666666671
430 5 0 33.333333333333336
431 10 5 33.333333333333336
432 0 0 16.666666666666668
433 15 10 33.333333333333336
434 20 15 33.333333333333336
435 5 5 8.3333333333333339
436 25 20 33.333333333333336
437 10 10 8.3333333333333339
438 30 25 33.333333333333336
439 15 15 8.3333333333333339
440 35 30 33.333333333333336
441 20 20 8.3333333333333339
442 40 35 33.333333333333336
443 25 35 0
444 30 35 8.3333333333333339
445 25 25 8.3333333333333339
446 35 35 16.666666666666668
447 45 40 33.333333333333336
448 5 0 25
449 10 5 25
450 0 0 8.3333333333333339
451 15 10 25
452 20 15 25
453 5 5 0
454 25 20 25
455 10 10 0
456 30 25 25
457 15 15 0
458 35 30 25
459 30 50 0
460 30 45 0
461 35 50 8.3333333333333339
462 35 45 8.3333333333333339
463 40 50 16.666666666666668
464 40 45 16.666666666666668
465 45 50 25
466 25 30 0
467 45 45 25
468 50 50 33.333333333333336
469 20 20 0
470 30 30 8.3333333333333339
471 40 35 25
472 50 45 33.333333333333336
473 10 0 50
474 10 0 41.666666666666671
475 15 5 50
476 15 5 41.666666666666671
477 20 10 50
478 20 10 41.666666666666671
479 25 15 50
480 5 0 16.666666666666668
481 25 15 41.666666666666671
482 30 20 50
483 10 5 16.666666666666668
484 30 20 41.666666666666671
485 35 25 50
486 0 0 0
487 15 10 16.666666666666668
488 35 25 41.666666666666671
489 40 30 50
490 20 15 16.666666666666668
491 40 30 41.666666666666671
492 45 35 50
493 25 20 16.666666666666668
494 45 35 41.666666666666671
495 50 40 50
496 30 25 16.666666666666668
497 50 40 41.666666666666671
498 30 40 0
499 35 40 8.3333333333333339
500 40 40 16.666666666666668
501 25 25 0
502 35 30 16.666666666666668
503 45 40 25
504 10 0 33.333333333333336
505 15 5 33.333333333333336
506 20 10 33.333333333333336
507 5 0 8.3333333333333339
508 25 15 33.333333333333336
509 10 5 8.3333333333333339
510 30 20 33.333333333333336
511 15 10 8.3333333333333339
512 35 25 33.333333333333336
513 20 15 8.3333333333333339
514 40 30 33.333333333333336
515 25 20 8.3333333333333339
516 45 35 33.333333333333336
517 30 35 0
518 35 35 8.3333333333333339
519 30 25 8.3333333333333339
520 40 35 16.666666666666668
521 50 40 33.333333333333336
522 10 0 25
523 15 5 25
524 20 10 25
525 5 0 0
526 25 15 25
527 10 5 0
528 30 20 25
529 15 10 0
530 35 25 25
531 20 15 0
532 40 30 25
533 35 50 0
534 35 45 0
535 40 50 8.3333333333333339
536 40 45 8.3333333333333339
537 45 50 16.666666666666668
538 45 45 16.666666666666668
539 50 50 25
540 30 30 0
541 50 45 25
542 25 20 0
543 35 30 8.3333333333333339
544 45 35 25
545 15 0 50
546 15 0 41.666666666666671
547 20 5 50
548 20 5 41.666666666666671
549 25 10 50
550 25 10 41.666666666666671
551 30 15 50
552 10 0 16.666666666666668
553 30 15 41.666666666666671
554 35 20 50
555 15 5 16.666666666666668
556 35 20 41.666666666666671
557 40 25 50
558 20 10 16.666666666666668
559 40 25 41.666666666666671
560 45 30 50
561 25 15 16.666666666666668
562 45 30 41.666666666666671
563 50 35 50
564 30 20 16.666666666666668
565 50 35 41.666666666666671
566 35 25 16.666666666666668
567 35 40 0
568 40 40 8.3333333333333339
569 45 40 16.666666666666668
570 30 25 0
571 40 30 16.666666666666668
572 50 40 25
573 15 0 33.333333333333336
574 20 5 33.333333333333336
575 25 10 33.333333333333336
576 10 0 8.3333333333333339
577 30 15 33.333333333333336
578 15 5 8.3333333333333339
579 35 20 33.333333333333336
580 20 10 8.3333333333333339
581 40 25 33.333333333333336
582 25 15 8.3333333333333339
583 45 30 33.333333333333336
584 30 20 8.3333333333333339
585 50 35 33.333333333333336
586 35 35 0
587 40 35 8.3333333333333339
588 35 25 8.3333333333333339
589 45 35 16.666666666666668
590 15 0 25
591 20 5 25
592 25 10 25
593 10 0 0
594 30 15 25
595 15 5 0
596 35 20 25
597 20 10 0
598 40 25 25
599 25 15 0
600 45 30 25
601 40 50 0
602 40 45 0
603 45 50 8.3333333333333339
604 45 45 8.3333333333333339
605 50 50 16.666666666666668
606 50 45 16.666666666666668
607 35 30 0
608 30 20 0
609 40 30 8.3333333333333339
610 50 35 25
611 20 0 50
612 20 0 41.666666666666671
613 25 5 50
614 25 5 41.666666666666671
615 30 10 50
616 30 10 41.666666666666671
617 35 15 50
618 15 0 16.666666666666668
619 35 15 41.666666666666671
620 40 20 50
621 20 5 16.666666666666668
622 40 20 41.666666666666671
623 45 25 50
624 25 10 16.666666666666668
625 45 25 41.666666666666671
626 50 30 50
627 30 15 16.666666666666668
628 50 30 41.666666666666671
629 35 20 16.666666666666668
630 40 25 16.666666666666668
631 40 40 0
632 45 40 8.3333333333333339
633 50 40 16.666666666666668
634 35 25 0
635 45 30 16.666666666666668
636 20 0 33.333333333333336
637 25 5 33.333333333333336
638 30 10 33.333333333333336
639 15 0 8.3333333333333339
640 35 15 33.333333333333336
641 20 5 8.3333333333333339
642 40 20 33.333333333333336
643 25 10 8.3333333333333339
644 45 25 33.333333333333336
645 30 15 8.3333333333333339
646 50 30 33.333333333333336
647 35 20 8.3333333333333339
648 40 35 0
649 45 35 8.3333333333333339
650 40 25 8.3333333333333339
651 50 35 16.666666666666668
652 20 0 25
653 25 5 25
654 30 10 25
655 15 0 0
656 35 15 25
657 20 5 0
658 40 20 25
659 25 10 0
660 45 25 25
661 30 15 0
662 50 30 25
663 45 50 0
664 45 45 0
665 50 50 8.3333333333333339
666 50 45 8.3333333333333339
667 40 30 0
668 35 20 0
669 45 30 8.3333333333333339
670 25 0 50
671 25 0 41.666666666666671
672 30 5 50
673 30 5 41.666666666666671
674 35 10 50
675 35 10 41.666666666666671
676 40 15 50
677 20 0 16.666666666666668
678 40 15 41.666666666666671
679 45 20 50
680 25 5 16.666666666666668
681 45 20 41.666666666666671
682 50 25 50
683 30 10 16.666666666666668
684 50 25 41.666666666666671
685 35 15 16.666666666666668
686 40 20 16.666666666666668
687 45 25 16.666666666666668
688 45 40 0
689 50 40 8.3333333333333339
690 40 25 0
691 50 30 16.666666666666668
692 25 0 33.333333333333336
693 30 5 33.333333333333336
694 35 10 33.333333333333336
695 20 0 8.3333333333333339
696 40 15 33.333333333333336
697 25 5 8.3333333333333339
698 45 20 33.333333333333336
699 30 10 8.3333333333333339
700 50 25 33.333333333333336
701 35 15 8.3333333333333339
702 40 20 8.3333333333333339
703 45 35 0
704 50 35 8.3333333333333339
705 45 25 8.3333333333333339
706 25 0 25
707 30 5 25
708 35 10 25
709 20 0 0
710 40 15 25
711 25 5 0
712 45 20 25
713 30 10 0
714 50 25 25
715 35 15 0
716 50 50 0
717 50 45 0
718 45 30 0
719 40 20 0
720 50 30 8.3333333333333339
721 30 0 50
722 30 0 41.666666666666671
723 35 5 50
724 35 5 41.666666666666671
725 40 10 50
726 40 10 41.666666666666671
727 45 15 50
728 25 0 16.666666666666668
729 45 15 41.666666666666671
730 50 20 50
731 30 5 16.666666666666668
732 50 20 41.666666666666671
733 35 10 16.666666666666668
734 40 15 16.666666666666668
735 45 20 16.666666666666668
736 50 25 16.666666666666668
737 50 40 0
738 45 25 0
739 30 0 33.333333333333336
740 35 5 33.333333333333336
741 40 10 33.333333333333336
742 25 0 8.3333333333333339
743 45 15 33.333333333333336
744 30 5 8.3333333333333339
745 50 20 33.333333333333336
746 35 10 8.3333333333333339
747 40 15 8.3333333333333339
748 45 20 8.3333333333333339
749 50 35 0
750 50 25 8.3333333333333339
751 30 0 25
752 35 5 25
753 40 10 25
754 25 0 0
755 45 15 25
756 30 5 0
757 50 20 25
758 35 10 0
759 40 15 0
760 50 30 0
761 45 20 0
762 35 0 50
763 35 0 41.666666666666671
764 40 5 50
765 40 5 41.666666666666671
766 45 10 50
767 45 10 41.666666666666671
768 50 15 50
769 30 0 16.666666666666668
770 50 15 41.666666666666671
771 35 5 16.666666666666668
772 40 10 16.666666666666668
773 45 15 16.666666666666668
774 50 20 16.666666666666668
775 50 25 0
776 35 0 33.333333333333336
777 40 5 33.333333333333336
778 45 10 33.333333333333336
779 30 0 8.3333333333333339
780 50 15 33.333333333333336
781 35 5 8.3333333333333339
782 40 10 8.3333333333333339
783 45 15 8.3333333333333339
784 50 20 8.3333333333333339
785 35 0 25
786 40 5 25
787 45 10 25
788 30 0 0
789 50 15 25
790 35 5 0
791 40 10 0
792 45 15 0
793 50 20 0
794 40 0 50
795 40 0 41.666666666666671
796 45 5 50
797 45 5 41.666666666666671
798 50 10 50
799 50 10 41.666666666666671
800 35 0 16.666666666666668
801 40 5 16.666666666666668
802 45 10 16.666666666666668
803 50 15 16.666666666666668
804 40 0 33.333333333333336
805 45 5 33.333333333333336
806 50 10 33.333333333333336
807 35 0 8.3333333333333339
808 40 5 8.3333333333333339
809 45 10 8.3333333333333339
810 50 15 8.3333333333333339
811 40 0 25
812 45 5 25
813 50 10 25
814 35 0 0
815 40 5 0
816 45 10 0
817 50 15 0
818 45 0 50
819 45 0 41.666666666666671
820 50 5 50
821 50 5 41.666666666666671
822 40 0 16.666666666666668
823 45 5 16.666666666666668
824 50 10 16.666666666666668
825 45 0 33.333333333333336
826 50 5 33.333333333333336
827 40 0 8.3333333333333339
828 45 5 8.3333333333333339
829 50 10 8.3333333333333339
830 45 0 25
831 50 5 25
832 40 0 0
833 45 5 0
834 50 10 0
835 50 0 50
836 50 0 41.666666666666671
837 45 0 16.666666666666668
838 50 5 16.666666666666668
839 50 0 33.333333333333336
840 45 0 8.3333333333333339
841 50 5 8.3333333333333339
842 50 0 25
843 45 0 0
844 50 5 0
845 50 0 16.666666666666668
846 50 0 8.3333333333333339
847 50 0 0
$EndNodes
$Elements
4480
1 2 2 1 1 106 128 118
2 2 2 1 1 106 129 128
3 2 2 1 1 119 129 106
4 2 2 1 1 119 156 129
5 2 2 1 1 133 156 119
6 2 2 1 1 129 182 128
7 2 2 1 1 133 169 156
8 2 2 1 1 158 169 133
9 2 2 1 1 129 183 182
10 2 2 1 1 156 183 129
11 2 2 1 1 158 189 169
12 2 2 1 1 171 189 158
13 2 2 1 1 156 212 183
14 2 2 1 1 169 212 156
15 2 2 1 1 171 216 189
16 2 2 1 1 215 216 171
17 2 2 1 1 183 241 182
18 2 2 1 1 169 228 212
19 2 2 1 1 189 228 169
20 2 2 1 1 215 251 216
21 2 2 1 1 183 242 241
22 2 2 1 1 212 242 183
23 2 2 1 1 189 248 228
24 2 2 1 1 216 248 189
25 2 2 1 1 272 251 215
26 2 2 1 1 212 276 242
27 2 2 1 1 228 276 212
28 2 2 1 1 216 279 248
29 2 2 1 1 251 279 216
30 2 2 1 1 272 306 251
31 2 2 1 1 242 308 241
32 2 2 1 1 228 293 276
33 2 2 1 1 248 293 228
34 2 2 1 1 251 318 279
35 2 2 1 1 242 309 308
36 2 2 1 1 276 309 242
37 2 2 1 1 248 315 293
38 2 2 1 1 279 315 248
39 2 2 1 1 339 306 272
40 2 2 1 1 306 318 251
41 2 2 1 1 276 346 309
42 2 2 1 1 293 346 276
43 2 2 1 1 279 349 315
44 2 2 1 1 318 349 279
45 2 2 1 1 339 378 306
46 2 2 1 1 306 380 318
47 2 2 1 1 309 382 308
48 2 2 1 1 293 365 346
49 2 2 1 1 315 365 293
50 2 2 1 1 318 392 349
51 2 2 1 1 309 383 382
52 2 2 1 1 346 383 309
53 2 2 1 1 315 389 365
54 2 2 1 1 349 389 315
55 2 2 1 1 413 378 339
56 2 2 1 1 378 380 306
57 2 2 1 1 380 392 318
58 2 2 1 1 346 423 383
59 2 2 1 1 365 423 346
60 2 2 1 1 349 426 389
61 2 2 1 1 392 426 349
62 2 2 1 1 413 453 378
63 2 2 1 1 378 455 380
64 2 2 1 1 380 457 392
65 2 2 1 1 383 459 382
66 2 2 1 1 365 443 423
67 2 2 1 1 389 443 365
68 2 2 1 1 392 469 426
69 2 2 1 1 383 460 459
70 2 2 1 1 423 460 383
71 2 2 1 1 389 466 443
72 2 2 1 1 426 466 389
73 2 2 1 1 486 453 413
74 2 2 1 1 453 455 378
75 2 2 1 1 455 457 380
76 2 2 1 1 457 469 392
77 2 2 1 1 423 498 460
78 2 2 1 1 443 498 423
79 2 2 1 1 426 501 466
80 2 2 1 1 469 501 426
81 2 2 1 1 486 525 453
82 2 2 1 1 453 527 455
83 2 2 1 1 455 529 457
84 2 2 1 1 457 531 469
85 2 2 1 1 460 533 459
86 2 2 1 1 443 517 498
87 2 2 1 1 466 517 443
88 2 2 1 1 469 542 501
89 2 2 1 1 460 534 533
90 2 2 1 1 498 534 460
91 2 2 1 1 466 540 517
92 2 2 1 1 501 540 466
93 2 2 1 1 525 527 453
94 2 2 1 1 527 529 455
95 2 2 1 1 529 531 457
96 2 2 1 1 531 542 469
97 2 2 1 1 498 567 534
98 2 2 1 1 517 567 498
99 2 2 1 1 501 570 540
100 2 2 1 1 542 570 501
101 2 2 1 1 525 593 527
102 2 2 1 1 527 595 529
103 2 2 1 1 529 597 531
104 2 2 1 1 531 599 542
105 2 2 1 1 534 601 533
106 2 2 1 1 517 586 567
107 2 2 1 1 540 586 517
108 2 2 1 1 542 608 570
109 2 2 1 1 534 602 601
110 2 2 1 1 567 602 534
111 2 2 1 1 540 607 586
112 2 2 1 1 570 607 540
113 2 2 1 1 593 595 527
114 2 2 1 1 595 597 529
115 2 2 1 1 597 599 531
116 2 2 1 1 599 608 542
117 2 2 1 1 567 631 602
118 2 2 1 1 586 631 567
119 2 2 1 1 570 634 607
120 2 2 1 1 608 634 570
121 2 2 1 1 593 655 595
122 2 2 1 1 595 657 597
123 2 2 1 1 597 659 599
124 2 2 1 1 599 661 608
125 2 2 1 1 602 663 601
126 2 2 1 1 586 648 631
127 2 2 1 1 607 648 586
128 2 2 1 1 608 668 634
129 2 2 1 1 602 664 663
130 2 2 1 1 631 664 602
131 2 2 1 1 607 667 648
132 2 2 1 1 634 667 607
133 2 2 1 1 655 657 595
134 2 2 1 1 657 659 597
135 2 2 1 1 659 661 599
136 2 2 1 1 661 668 608
137 2 2 1 1 631 688 664
138 2 2 1 1 648 688 631
139 2 2 1 1 634 690 667
140 2 2 1 1 668 690 634
141 2 2 1 1 655 709 657
142 2 2 1 1 657 711 659
143 2 2 1 1 659 713 661
144 2 2 1 1 661 715 668
145 2 2 1 1 664 716 663
146 2 2 1 1 648 703 688
147 2 2 1 1 667 703 648
148 2 2 1 1 668 719 690
149 2 2 1 1 664 717 716
150 2 2 1 1 688 717 664
151 2 2 1 1 667 718 703
152 2 2 1 1 690 718 667
153 2 2 1 1 709 711 657
154 2 2 1 1 711 713 659
155 2 2 1 1 713 715 661
156 2 2 1 1 715 719 668
157 2 2 1 1 688 737 717
158 2 2 1 1 703 737 688
159 2 2 1 1 690 738 718
160 2 2 1 1 719 738 690
161 2 2 1 1 709 754 711
162 2 2 1 1 711 756 713
163 2 2 1 1 713 758 715
164 2 2 1 1 715 759 719
165 2 2 1 1 703 749 737
166 2 2 1 1 718 749 703
167 2 2 1 1 719 761 738
168 2 2 1 1 718 760 749
169 2 2 1 1 738 760 718
170 2 2 1 1 754 756 711
171 2 2 1 1 756 758 713
172 2 2 1 1 758 759 715
173 2 2 1 1 759 761 719
174 2 2 1 1 738 775 760
175 2 2 1 1 761 775 738
176 2 2 1 1 754 788 756
177 2 2 1 1 756 790 758
178 2 2 1 1 758 791 759
179 2 2 1 1 759 792 761
180 2 2 1 1 761 793 775
181 2 2 1 1 788 790 756
182 2 2 1 1 790 791 758
183 2 2 1 1 791 792 759
184 2 2 1 1 792 793 761
185 2 2 1 1 788 814 790
186 2 2 1 1 790 815 791
187 2 2 1 1 791 816 792
188 2 2 1 1 792 817 793
189 2 2 1 1 814 815 790
190 2 2 1 1 815 816 791
191 2 2 1 1 816 817 792
192 2 2 1 1 814 832 815
193 2 2 1 1 815 833 816
194 2 2 1 1 816 834 817
195 2 2 1 1 832 833 815
196 2 2 1 1 833 834 816
197 2 2 1 1 832 843 833
198 2 2 1 1 833 844 834
199 2 2 1 1 843 844 833
200 2 2 1 1 843 847 844
201 2 2 2 2 3 5 4
202 2 2 2 2 7 4 5
203 2 2 2 2 5 13 7
204 2 2 2 2 4 7 12
205 2 2 2 2 18 7 13
206 2 2 2 2 20 12 7
207 2 2 2 2 13 28 18
208 2 2 2 2 7 18 20
209 2 2 2 2 12 20 27
210 2 2 2 2 35 18 28
211 2 2 2 2 37 20 18
212 2 2 2 2 39 27 20
213 2 2 2 2 28 50 35
214 2 2 2 2 18 35 37
215 2 2 2 2 20 37 39
216 2 2 2 2 27 39 49
217 2 2 2 2 61 35 50
218 2 2 2 2 63 37 35
219 2 2 2 2 65 39 37
220 2 2 2 2 68 49 39
221 2 2 2 2 50 82 61
222 2 2 2 2 35 61 63
223 2 2 2 2 37 63 65
224 2 2 2 2 39 65 68
225 2 2 2 2 49 68 81
226 2 2 2 2 96 61 82
227 2 2 2 2 98 63 61
228 2 2 2 2 100 65 63
229 2 2 2 2 103 68 65
230 2 2 2 2 105 81 68
231 2 2 2 2 82 124 96
232 2 2 2 2 61 96 98
233 2 2 2 2 63 98 100
234 2 2 2 2 65 100 103
235 2 2 2 2 68 103 105
236 2 2 2 2 81 105 123
237 2 2 2 2 143 96 124
238 2 2 2 2 145 98 96
239 2 2 2 2 147 100 98
240 2 2 2 2 150 103 100
241 2 2 2 2 152 105 103
242 2 2 2 2 155 123 105
243 2 2 2 2 124 176 143
244 2 2 2 2 96 143 145
245 2 2 2 2 98 145 147
246 2 2 2 2 100 147 150
247 2 2 2 2 103 150 152
248 2 2 2 2 105 152 155
249 2 2 2 2 123 155 175
250 2 2 2 2 196 143 176
251 2 2 2 2 198 145 143
252 2 2 2 2 200 147 145
253 2 2 2 2 203 150 147
254 2 2 2 2 205 152 150
255 2 2 2 2 208 155 152
256 2 2 2 2 211 175 155
257 2 2 2 2 176 234 196
258 2 2 2 2 143 196 198
259 2 2 2 2 145 198 200
260 2 2 2 2 147 200 203
261 2 2 2 2 150 203 205
262 2 2 2 2 152 205 208
263 2 2 2 2 155 208 211
264 2 2 2 2 175 211 233
265 2 2 2 2 256 196 234
266 2 2 2 2 258 198 196
267 2 2 2 2 260 200 198
268 2 2 2 2 263 203 200
269 2 2 2 2 265 205 203
270 2 2 2 2 268 208 205
271 2 2 2 2 271 211 208
272 2 2 2 2 275 233 211
273 2 2 2 2 234 299 256
274 2 2 2 2 196 256 258
275 2 2 2 2 198 258 260
276 2 2 2 2 200 260 263
277 2 2 2 2 203 263 265
278 2 2 2 2 205 265 268
279 2 2 2 2 208 268 271
280 2 2 2 2 211 271 275
281 2 2 2 2 233 275 298
282 2 2 2 2 323 256 299
283 2 2 2 2 325 258 256
284 2 2 2 2 327 260 258
285 2 2 2 2 330 263 260
286 2 2 2 2 332 265 263
287 2 2 2 2 335 268 265
288 2 2 2 2 338 271 268
289 2 2 2 2 342 275 271
290 2 2 2 2 345 298 275
291 2 2 2 2 299 371 323
292 2 2 2 2 256 323 325
293 2 2 2 2 258 325 327
294 2 2 2 2 260 327 330
295 2 2 2 2 263 330 332
296 2 2 2 2 265 332 335
297 2 2 2 2 268 335 338
298 2 2 2 2 271 338 342
299 2 2 2 2 275 342 345
300 2 2 2 2 298 345 370
301 2 2 2 2 397 323 371
302 2 2 2 2 399 325 323
303 2 2 2 2 401 327 325
304 2 2 2 2 404 330 327
305 2 2 2 2 406 332 330
306 2 2 2 2 409 335 332
307 2 2 2 2 412 338 335
308 2 2 2 2 416 342 338
309 2 2 2 2 419 345 342
310 2 2 2 2 422 370 345
311 2 2 2 2 323 397 399
312 2 2 2 2 325 399 401
313 2 2 2 2 327 401 404
314 2 2 2 2 330 404 406
315 2 2 2 2 332 406 409
316 2 2 2 2 335 409 412
317 2 2 2 2 338 412 416
318 2 2 2 2 342 416 419
319 2 2 2 2 345 419 422
320 2 2 2 2 473 399 397
321 2 2 2 2 475 401 399
322 2 2 2 2 477 404 401
323 2 2 2 2 479 406 404
324 2 2 2 2 482 409 406
325 2 2 2 2 485 412 409
326 2 2 2 2 489 416 412
327 2 2 2 2 492 419 416
328 2 2 2 2 495 422 419
329 2 2 2 2 399 473 475
330 2 2 2 2 401 475 477
331 2 2 2 2 404 477 479
332 2 2 2 2 406 479 482
333 2 2 2 2 409 482 485
334 2 2 2 2 412 485 489
335 2 2 2 2 416 489 492
336 2 2 2 2 419 492 495
337 2 2 2 2 545 475 473
338 2 2 2 2 547 477 475
339 2 2 2 2 549 479 477
340 2 2 2 2 551 482 479
341 2 2 2 2 554 485 482
342 2 2 2 2 557 489 485
343 2 2 2 2 560 492 489
344 2 2 2 2 563 495 492
345 2 2 2 2 475 545 547
346 2 2 2 2 477 547 549
347 2 2 2 2 479 549 551
348 2 2 2 2 482 551 554
349 2 2 2 2 485 554 557
350 2 2 2 2 489 557 560
351 2 2 2 2 492 560 563
352 2 2 2 2 611 547 545
353 2 2 2 2 613 549 547
354 2 2 2 2 615 551 549
355 2 2 2 2 617 554 551
356 2 2 2 2 620 557 554
357 2 2 2 2 623 560 557
358 2 2 2 2 626 563 560
359 2 2 2 2 547 611 613
360 2 2 2 2 549 613 615
361 2 2 2 2 551 615 617
362 2 2 2 2 554 617 620
363 2 2 2 2 557 620 623
364 2 2 2 2 560 623 626
365 2 2 2 2 670 613 611
366 2 2 2 2 672 615 613
367 2 2 2 2 674 617 615
368 2 2 2 2 676 620 617
369 2 2 2 2 679 623 620
370 2 2 2 2 682 626 623
371 2 2 2 2 613 670 672
372 2 2 2 2 615 672 674
373 2 2 2 2 617 674 676
374 2 2 2 2 620 676 679
375 2 2 2 2 623 679 682
376 2 2 2 2 721 672 670
377 2 2 2 2 723 674 672
378 2 2 2 2 725 676 674
379 2 2 2 2 727 679 676
380 2 2 2 2 730 682 679
381 2 2 2 2 672 721 723
382 2 2 2 2 674 723 725
383 2 2 2 2 676 725 727
384 2 2 2 2 679 727 730
385 2 2 2 2 762 723 721
386 2 2 2 2 764 725 723
387 2 2 2 2 766 727 725
388 2 2 2 2 768 730 727
389 2 2 2 2 723 762 764
390 2 2 2 2 725 764 766
391 2 2 2 2 727 766 768
392 2 2 2 2 794 764 762
393 2 2 2 2 796 766 764
394 2 2 2 2 798 768 766
395 2 2 2 2 764 794 796
396 2 2 2 2 766 796 798
397 2 2 2 2 818 796 794
398 2 2 2 2 820 798 796
399 2 2 2 2 796 818 820
400 2 2 2 2 835 820 818
401 2 2 3 3 353 397 371
402 2 2 3 3 353 398 397
403 2 2 3 3 372 398 353
404 2 2 3 3 372 430 398
405 2 2 3 3 402 430 372
406 2 2 3 3 398 473 397
407 2 2 3 3 402 448 430
408 2 2 3 3 432 448 402
409 2 2 3 3 398 474 473
410 2 2 3 3 430 474 398
411 2 2 3 3 432 480 448
412 2 2 3 3 450 480 432
413 2 2 3 3 430 504 474
414 2 2 3 3 448 504 430
415 2 2 3 3 450 507 480
416 2 2 3 3 486 507 450
417 2 2 3 3 474 545 473
418 2 2 3 3 448 522 504
419 2 2 3 3 480 522 448
420 2 2 3 3 486 525 507
421 2 2 3 3 474 546 545
422 2 2 3 3 504 546 474
423 2 2 3 3 480 552 522
424 2 2 3 3 507 552 480
425 2 2 3 3 504 573 546
426 2 2 3 3 522 573 504
427 2 2 3 3 507 576 552
428 2 2 3 3 525 576 507
429 2 2 3 3 546 611 545
430 2 2 3 3 522 590 573
431 2 2 3 3 552 590 522
432 2 2 3 3 525 593 576
433 2 2 3 3 546 612 611
434 2 2 3 3 573 612 546
435 2 2 3 3 552 618 590
436 2 2 3 3 576 618 552
437 2 2 3 3 573 636 612
438 2 2 3 3 590 636 573
439 2 2 3 3 576 639 618
440 2 2 3 3 593 639 576
441 2 2 3 3 612 670 611
442 2 2 3 3 590 652 636
443 2 2 3 3 618 652 590
444 2 2 3 3 593 655 639
445 2 2 3 3 612 671 670
446 2 2 3 3 636 671 612
447 2 2 3 3 618 677 652
448 2 2 3 3 639 677 618
449 2 2 3 3 636 692 671
450 2 2 3 3 652 692 636
451 2 2 3 3 639 695 677
452 2 2 3 3 655 695 639
453 2 2 3 3 671 721 670
454 2 2 3 3 652 706 692
455 2 2 3 3 677 706 652
456 2 2 3 3 655 709 695
457 2 2 3 3 671 722 721
458 2 2 3 3 692 722 671
459 2 2 3 3 677 728 706
460 2 2 3 3 695 728 677
461 2 2 3 3 692 739 722
462 2 2 3 3 706 739 692
463 2 2 3 3 695 742 728
464 2 2 3 3 709 742 695
465 2 2 3 3 722 762 721
466 2 2 3 3 706 751 739
467 2 2 3 3 728 751 706
468 2 2 3 3 709 754 742
469 2 2 3 3 722 763 762
470 2 2 3 3 739 763 722
471 2 2 3 3 728 769 751
472 2 2 3 3 742 769 728
473 2 2 3 3 739 776 763
474 2 2 3 3 751 776 739
475 2 2 3 3 742 779 769
476 2 2 3 3 754 779 742
477 2 2 3 3 763 794 762
478 2 2 3 3 751 785 776
479 2 2 3 3 769 785 751
480 2 2 3 3 754 788 779
481 2 2 3 3 763 795 794
482 2 2 3 3 776 795 763
483 2 2 3 3 769 800 785
484 2 2 3 3 779 800 769
485 2 2 3 3 776 804 795
486 2 2 3 3 785 804 776
487 2 2 3 3 779 807 800
488 2 2 3 3 788 807 779
489 2 2 3 3 795 818 794
490 2 2 3 3 785 811 804
491 2 2 3 3 800 811 785
492 2 2 3 3 788 814 807
493 2 2 3 3 795 819 818
494 2 2 3 3 804 819 795
495 2 2 3 3 800 822 811
496 2 2 3 3 807 822 800
497 2 2 3 3 804 825 819
498 2 2 3 3 811 825 804
499 2 2 3 3 807 827 822
500 2 2 3 3 814 827 807
501 2 2 3 3 819 835 818
502 2 2 3 3 811 830 825
503 2 2 3 3 822 830 811
504 2 2 3 3 814 832 827
505 2 2 3 3 819 836 835
506 2 2 3 3 825 836 819
507 2 2 3 3 822 837 830
508 2 2 3 3 827 837 822
509 2 2 3 3 825 839 836
510 2 2 3 3 830 839 825
511 2 2 3 3 827 840 837
512 2 2 3 3 832 840 827
513 2 2 3 3 830 842 839
514 2 2 3 3 837 842 830
515 2 2 3 3 832 843 840
516 2 2 3 3 837 845 842
517 2 2 3 3 840 845 837
518 2 2 3 3 840 846 845
519 2 2 3 3 843 846 840
520 2 2 3 3 843 847 846
521 2 2 4 4 2 3 4
522 2 2 4 4 6 2 4
523 2 2 4 4 11 2 6
524 2 2 4 4 6 4 12
525 2 2 4 4 14 11 6
526 2 2 4 4 17 6 12
527 2 2 4 4 24 11 14
528 2 2 4 4 14 6 17
529 2 2 4 4 17 12 27
530 2 2 4 4 30 24 14
531 2 2 4 4 32 14 17
532 2 2 4 4 34 17 27
533 2 2 4 4 46 24 30
534 2 2 4 4 30 14 32
535 2 2 4 4 32 17 34
536 2 2 4 4 34 27 49
537 2 2 4 4 52 46 30
538 2 2 4 4 54 30 32
539 2 2 4 4 56 32 34
540 2 2 4 4 60 34 49
541 2 2 4 4 76 46 52
542 2 2 4 4 52 30 54
543 2 2 4 4 54 32 56
544 2 2 4 4 56 34 60
545 2 2 4 4 60 49 81
546 2 2 4 4 85 76 52
547 2 2 4 4 87 52 54
548 2 2 4 4 89 54 56
549 2 2 4 4 92 56 60
550 2 2 4 4 95 60 81
551 2 2 4 4 118 76 85
552 2 2 4 4 85 52 87
553 2 2 4 4 87 54 89
554 2 2 4 4 89 56 92
555 2 2 4 4 92 60 95
556 2 2 4 4 95 81 123
557 2 2 4 4 128 118 85
558 2 2 4 4 130 85 87
559 2 2 4 4 132 87 89
560 2 2 4 4 135 89 92
561 2 2 4 4 137 92 95
562 2 2 4 4 142 95 123
563 2 2 4 4 128 85 130
564 2 2 4 4 130 87 132
565 2 2 4 4 132 89 135
566 2 2 4 4 135 92 137
567 2 2 4 4 137 95 142
568 2 2 4 4 142 123 175
569 2 2 4 4 182 128 130
570 2 2 4 4 184 130 132
571 2 2 4 4 186 132 135
572 2 2 4 4 188 135 137
573 2 2 4 4 191 137 142
574 2 2 4 4 195 142 175
575 2 2 4 4 182 130 184
576 2 2 4 4 184 132 186
577 2 2 4 4 186 135 188
578 2 2 4 4 188 137 191
579 2 2 4 4 191 142 195
580 2 2 4 4 195 175 233
581 2 2 4 4 241 182 184
582 2 2 4 4 243 184 186
583 2 2 4 4 245 186 188
584 2 2 4 4 247 188 191
585 2 2 4 4 250 191 195
586 2 2 4 4 255 195 233
587 2 2 4 4 241 184 243
588 2 2 4 4 243 186 245
589 2 2 4 4 245 188 247
590 2 2 4 4 247 191 250
591 2 2 4 4 250 195 255
592 2 2 4 4 255 233 298
593 2 2 4 4 308 241 243
594 2 2 4 4 310 243 245
595 2 2 4 4 312 245 247
596 2 2 4 4 314 247 250
597 2 2 4 4 317 250 255
598 2 2 4 4 322 255 298
599 2 2 4 4 308 243 310
600 2 2 4 4 310 245 312
601 2 2 4 4 312 247 314
602 2 2 4 4 314 250 317
603 2 2 4 4 317 255 322
604 2 2 4 4 322 298 370
605 2 2 4 4 382 308 310
606 2 2 4 4 384 310 312
607 2 2 4 4 386 312 314
608 2 2 4 4 388 314 317
609 2 2 4 4 391 317 322
610 2 2 4 4 396 322 370
611 2 2 4 4 382 310 384
612 2 2 4 4 384 312 386
613 2 2 4 4 386 314 388
614 2 2 4 4 388 317 391
615 2 2 4 4 391 322 396
616 2 2 4 4 459 382 384
617 2 2 4 4 461 384 386
618 2 2 4 4 463 386 388
619 2 2 4 4 465 388 391
620 2 2 4 4 468 391 396
621 2 2 4 4 459 384 461
622 2 2 4 4 461 386 463
623 2 2 4 4 463 388 465
624 2 2 4 4 465 391 468
625 2 2 4 4 533 459 461
626 2 2 4 4 535 461 463
627 2 2 4 4 537 463 465
628 2 2 4 4 539 465 468
629 2 2 4 4 533 461 535
630 2 2 4 4 535 463 537
631 2 2 4 4 537 465 539
632 2 2 4 4 601 533 535
633 2 2 4 4 603 535 537
634 2 2 4 4 605 537 539
635 2 2 4 4 601 535 603
636 2 2 4 4 603 537 605
637 2 2 4 4 663 601 603
638 2 2 4 4 665 603 605
639 2 2 4 4 663 603 665
640 2 2 4 4 716 663 665
641 2 2 5 5 1 2 3
642 2 2 5 5 1 3 5
643 2 2 5 5 8 2 1
644 2 2 5 5 10 1 5
645 2 2 5 5 8 11 2
646 2 2 5 5 10 5 13
647 2 2 5 5 15 8 1
648 2 2 5 5 15 1 10
649 2 2 5 5 21 11 8
650 2 2 5 5 23 10 13
651 2 2 5 5 21 24 11
652 2 2 5 5 25 8 15
653 2 2 5 5 23 13 28
654 2 2 5 5 29 15 10
655 2 2 5 5 25 21 8
656 2 2 5 5 29 10 23
657 2 2 5 5 40 24 21
658 2 2 5 5 41 25 15
659 2 2 5 5 44 23 28
660 2 2 5 5 41 15 29
661 2 2 5 5 40 46 24
662 2 2 5 5 47 21 25
663 2 2 5 5 44 28 50
664 2 2 5 5 51 29 23
665 2 2 5 5 47 40 21
666 2 2 5 5 57 25 41
667 2 2 5 5 51 23 44
668 2 2 5 5 66 41 29
669 2 2 5 5 69 46 40
670 2 2 5 5 57 47 25
671 2 2 5 5 73 44 50
672 2 2 5 5 66 29 51
673 2 2 5 5 69 76 46
674 2 2 5 5 77 40 47
675 2 2 5 5 78 57 41
676 2 2 5 5 73 50 82
677 2 2 5 5 83 51 44
678 2 2 5 5 78 41 66
679 2 2 5 5 77 69 40
680 2 2 5 5 90 47 57
681 2 2 5 5 83 44 73
682 2 2 5 5 101 66 51
683 2 2 5 5 106 76 69
684 2 2 5 5 90 77 47
685 2 2 5 5 109 57 78
686 2 2 5 5 113 73 82
687 2 2 5 5 101 51 83
688 2 2 5 5 116 78 66
689 2 2 5 5 106 118 76
690 2 2 5 5 119 69 77
691 2 2 5 5 109 90 57
692 2 2 5 5 113 82 124
693 2 2 5 5 125 83 73
694 2 2 5 5 116 66 101
695 2 2 5 5 119 106 69
696 2 2 5 5 133 77 90
697 2 2 5 5 138 109 78
698 2 2 5 5 125 73 113
699 2 2 5 5 148 101 83
700 2 2 5 5 138 78 116
701 2 2 5 5 133 119 77
702 2 2 5 5 158 90 109
703 2 2 5 5 163 113 124
704 2 2 5 5 148 83 125
705 2 2 5 5 166 116 101
706 2 2 5 5 158 133 90
707 2 2 5 5 171 109 138
708 2 2 5 5 163 124 176
709 2 2 5 5 177 125 113
710 2 2 5 5 166 101 148
711 2 2 5 5 180 138 116
712 2 2 5 5 171 158 109
713 2 2 5 5 177 113 163
714 2 2 5 5 201 148 125
715 2 2 5 5 180 116 166
716 2 2 5 5 215 171 138
717 2 2 5 5 220 163 176
718 2 2 5 5 201 125 177
719 2 2 5 5 223 166 148
720 2 2 5 5 215 138 180
721 2 2 5 5 220 176 234
722 2 2 5 5 235 177 163
723 2 2 5 5 223 148 201
724 2 2 5 5 238 180 166
725 2 2 5 5 235 163 220
726 2 2 5 5 261 201 177
727 2 2 5 5 238 166 223
728 2 2 5 5 272 215 180
729 2 2 5 5 283 220 234
730 2 2 5 5 261 177 235
731 2 2 5 5 286 223 201
732 2 2 5 5 272 180 238
733 2 2 5 5 283 234 299
734 2 2 5 5 300 235 220
735 2 2 5 5 286 201 261
736 2 2 5 5 303 238 223
737 2 2 5 5 300 220 283
738 2 2 5 5 328 261 235
739 2 2 5 5 303 223 286
740 2 2 5 5 339 272 238
741 2 2 5 5 353 283 299
742 2 2 5 5 328 235 300
743 2 2 5 5 356 286 261
744 2 2 5 5 339 238 303
745 2 2 5 5 353 299 371
746 2 2 5 5 372 300 283
747 2 2 5 5 356 261 328
748 2 2 5 5 375 303 286
749 2 2 5 5 372 283 353
750 2 2 5 5 402 328 300
751 2 2 5 5 375 286 356
752 2 2 5 5 413 339 303
753 2 2 5 5 402 300 372
754 2 2 5 5 432 356 328
755 2 2 5 5 413 303 375
756 2 2 5 5 432 328 402
757 2 2 5 5 450 375 356
758 2 2 5 5 450 356 432
759 2 2 5 5 486 413 375
760 2 2 5 5 486 375 450
761 2 2 6 6 429 396 370
762 2 2 6 6 429 370 422
763 2 2 6 6 472 396 429
764 2 2 6 6 497 429 422
765 2 2 6 6 472 468 396
766 2 2 6 6 497 422 495
767 2 2 6 6 521 472 429
768 2 2 6 6 521 429 497
769 2 2 6 6 541 468 472
770 2 2 6 6 565 497 495
771 2 2 6 6 541 539 468
772 2 2 6 6 572 472 521
773 2 2 6 6 565 495 563
774 2 2 6 6 585 521 497
775 2 2 6 6 572 541 472
776 2 2 6 6 585 497 565
777 2 2 6 6 606 539 541
778 2 2 6 6 610 572 521
779 2 2 6 6 628 565 563
780 2 2 6 6 610 521 585
781 2 2 6 6 606 605 539
782 2 2 6 6 633 541 572
783 2 2 6 6 628 563 626
784 2 2 6 6 646 585 565
785 2 2 6 6 633 606 541
786 2 2 6 6 651 572 610
787 2 2 6 6 646 565 628
788 2 2 6 6 662 610 585
789 2 2 6 6 666 605 606
790 2 2 6 6 651 633 572
791 2 2 6 6 684 628 626
792 2 2 6 6 662 585 646
793 2 2 6 6 666 665 605
794 2 2 6 6 689 606 633
795 2 2 6 6 691 651 610
796 2 2 6 6 684 626 682
797 2 2 6 6 700 646 628
798 2 2 6 6 691 610 662
799 2 2 6 6 689 666 606
800 2 2 6 6 704 633 651
801 2 2 6 6 700 628 684
802 2 2 6 6 714 662 646
803 2 2 6 6 717 665 666
804 2 2 6 6 704 689 633
805 2 2 6 6 720 651 691
806 2 2 6 6 732 684 682
807 2 2 6 6 714 646 700
808 2 2 6 6 736 691 662
809 2 2 6 6 717 716 665
810 2 2 6 6 737 666 689
811 2 2 6 6 720 704 651
812 2 2 6 6 732 682 730
813 2 2 6 6 745 700 684
814 2 2 6 6 736 662 714
815 2 2 6 6 737 717 666
816 2 2 6 6 749 689 704
817 2 2 6 6 750 720 691
818 2 2 6 6 745 684 732
819 2 2 6 6 757 714 700
820 2 2 6 6 750 691 736
821 2 2 6 6 749 737 689
822 2 2 6 6 760 704 720
823 2 2 6 6 770 732 730
824 2 2 6 6 757 700 745
825 2 2 6 6 774 736 714
826 2 2 6 6 760 749 704
827 2 2 6 6 775 720 750
828 2 2 6 6 770 730 768
829 2 2 6 6 780 745 732
830 2 2 6 6 774 714 757
831 2 2 6 6 784 750 736
832 2 2 6 6 775 760 720
833 2 2 6 6 780 732 770
834 2 2 6 6 789 757 745
835 2 2 6 6 784 736 774
836 2 2 6 6 793 775 750
837 2 2 6 6 799 770 768
838 2 2 6 6 789 745 780
839 2 2 6 6 803 774 757
840 2 2 6 6 793 750 784
841 2 2 6 6 799 768 798
842 2 2 6 6 806 780 770
843 2 2 6 6 803 757 789
844 2 2 6 6 810 784 774
845 2 2 6 6 806 770 799
846 2 2 6 6 813 789 780
847 2 2 6 6 810 774 803
848 2 2 6 6 817 793 784
849 2 2 6 6 821 799 798
850 2 2 6 6 813 780 806
851 2 2 6 6 824 803 789
852 2 2 6 6 817 784 810
853 2 2 6 6 821 798 820
854 2 2 6 6 826 806 799
855 2 2 6 6 824 789 813
856 2 2 6 6 829 810 803
857 2 2 6 6 826 799 821
858 2 2 6 6 831 813 806
859 2 2 6 6 829 803 824
860 2 2 6 6 834 817 810
861 2 2 6 6 836 821 820
862 2 2 6 6 831 806 826
863 2 2 6 6 838 824 813
864 2 2 6 6 834 810 829
865 2 2 6 6 836 820 835
866 2 2 6 6 839 826 821
867 2 2 6 6 838 813 831
868 2 2 6 6 841 829 824
869 2 2 6 6 839 821 836
870 2 2 6 6 842 831 826
871 2 2 6 6 841 824 838
872 2 2 6 6 844 834 829
873 2 2 6 6 842 826 839
874 2 2 6 6 845 838 831
875 2 2 6 6 844 829 841
876 2 2 6 6 845 831 842
877 2 2 6 6 846 841 838
878 2 2 6 6 846 838 845
879 2 2 6 6 847 844 841
880 2 2 6 6 847 841 846
881 4 2 7 7 1 2 3 4
882 4 2 7 7 1 3 5 4
883 4 2 7 7 1 6 2 4
884 4 2 7 7 1 7 4 5
885 4 2 7 7 8 2 1 6
886 4 2 7 7 1 9 6 4
887 4 2 7 7 10 1 5 7
888 4 2 7 7 1 9 4 7
889 4 2 7 7 8 11 2 6
890 4 2 7 7 8 9 6 1
891 4 2 7 7 9 6 4 12
892 4 2 7 7 10 5 13 7
893 4 2 7 7 10 9 1 7
894 4 2 7 7 9 4 7 12
895 4 2 7 7 8 14 11 6
896 4 2 7 7 15 8 1 9
897 4 2 7 7 8 16 6 9
898 4 2 7 7 9 17 6 12
899 4 2 7 7 10 18 7 13
900 4 2 7 7 15 1 10 9
901 4 2 7 7 10 19 9 7
902 4 2 7 7 9 20 12 7
903 4 2 7 7 21 11 8 14
904 4 2 7 7 8 16 14 6
905 4 2 7 7 15 16 8 9
906 4 2 7 7 16 6 9 17
907 4 2 7 7 9 22 17 12
908 4 2 7 7 23 10 13 18
909 4 2 7 7 10 19 7 18
910 4 2 7 7 15 19 9 10
911 4 2 7 7 19 9 7 20
912 4 2 7 7 9 22 12 20
913 4 2 7 7 21 24 11 14
914 4 2 7 7 21 16 14 8
915 4 2 7 7 16 14 6 17
916 4 2 7 7 25 8 15 16
917 4 2 7 7 15 26 16 9
918 4 2 7 7 16 22 17 9
919 4 2 7 7 22 17 12 27
920 4 2 7 7 23 13 28 18
921 4 2 7 7 23 19 10 18
922 4 2 7 7 19 7 18 20
923 4 2 7 7 29 15 10 19
924 4 2 7 7 15 26 9 19
925 4 2 7 7 19 22 9 20
926 4 2 7 7 22 12 20 27
927 4 2 7 7 21 30 24 14
928 4 2 7 7 25 21 8 16
929 4 2 7 7 21 31 14 16
930 4 2 7 7 16 32 14 17
931 4 2 7 7 25 26 16 15
932 4 2 7 7 26 16 9 22
933 4 2 7 7 16 33 17 22
934 4 2 7 7 22 34 17 27
935 4 2 7 7 23 35 18 28
936 4 2 7 7 29 10 23 19
937 4 2 7 7 23 36 19 18
938 4 2 7 7 19 37 20 18
939 4 2 7 7 29 26 15 19
940 4 2 7 7 26 9 19 22
941 4 2 7 7 19 38 22 20
942 4 2 7 7 22 39 27 20
943 4 2 7 7 40 24 21 30
944 4 2 7 7 21 31 30 14
945 4 2 7 7 25 31 21 16
946 4 2 7 7 31 14 16 32
947 4 2 7 7 16 33 32 17
948 4 2 7 7 41 25 15 26
949 4 2 7 7 25 42 16 26
950 4 2 7 7 26 33 16 22
951 4 2 7 7 33 17 22 34
952 4 2 7 7 22 43 34 27
953 4 2 7 7 44 23 28 35
954 4 2 7 7 23 36 18 35
955 4 2 7 7 29 36 19 23
956 4 2 7 7 36 19 18 37
957 4 2 7 7 19 38 20 37
958 4 2 7 7 41 15 29 26
959 4 2 7 7 29 45 26 19
960 4 2 7 7 26 38 22 19
961 4 2 7 7 38 22 20 39
962 4 2 7 7 22 43 27 39
963 4 2 7 7 40 46 24 30
964 4 2 7 7 40 31 30 21
965 4 2 7 7 31 30 14 32
966 4 2 7 7 47 21 25 31
967 4 2 7 7 25 42 31 16
968 4 2 7 7 31 33 32 16
969 4 2 7 7 33 32 17 34
970 4 2 7 7 41 42 25 26
971 4 2 7 7 42 16 26 33
972 4 2 7 7 26 48 33 22
973 4 2 7 7 33 43 34 22
974 4 2 7 7 43 34 27 49
975 4 2 7 7 44 28 50 35
976 4 2 7 7 44 36 23 35
977 4 2 7 7 36 18 35 37
978 4 2 7 7 51 29 23 36
979 4 2 7 7 29 45 19 36
980 4 2 7 7 36 38 19 37
981 4 2 7 7 38 20 37 39
982 4 2 7 7 41 45 26 29
983 4 2 7 7 45 26 19 38
984 4 2 7 7 26 48 22 38
985 4 2 7 7 38 43 22 39
986 4 2 7 7 43 27 39 49
987 4 2 7 7 40 52 46 30
988 4 2 7 7 47 40 21 31
989 4 2 7 7 40 53 30 31
990 4 2 7 7 31 54 30 32
991 4 2 7 7 47 42 31 25
992 4 2 7 7 42 31 16 33
993 4 2 7 7 31 55 32 33
994 4 2 7 7 33 56 32 34
995 4 2 7 7 57 25 41 42
996 4 2 7 7 41 58 42 26
997 4 2 7 7 42 48 33 26
998 4 2 7 7 48 33 22 43
999 4 2 7 7 33 59 34 43
1000 4 2 7 7 43 60 34 49
1001 4 2 7 7 44 61 35 50
1002 4 2 7 7 51 23 44 36
1003 4 2 7 7 44 62 36 35
1004 4 2 7 7 36 63 37 35
1005 4 2 7 7 51 45 29 36
1006 4 2 7 7 45 19 36 38
1007 4 2 7 7 36 64 38 37
1008 4 2 7 7 38 65 39 37
1009 4 2 7 7 66 41 29 45
1010 4 2 7 7 41 58 26 45
1011 4 2 7 7 45 48 26 38
1012 4 2 7 7 48 22 38 43
1013 4 2 7 7 38 67 43 39
1014 4 2 7 7 43 68 49 39
1015 4 2 7 7 69 46 40 52
1016 4 2 7 7 40 53 52 30
1017 4 2 7 7 47 53 40 31
1018 4 2 7 7 53 30 31 54
1019 4 2 7 7 31 55 54 32
1020 4 2 7 7 57 47 25 42
1021 4 2 7 7 47 70 31 42
1022 4 2 7 7 42 55 31 33
1023 4 2 7 7 55 32 33 56
1024 4 2 7 7 33 59 56 34
1025 4 2 7 7 57 58 42 41
1026 4 2 7 7 58 42 26 48
1027 4 2 7 7 42 71 33 48
1028 4 2 7 7 48 59 33 43
1029 4 2 7 7 59 34 43 60
1030 4 2 7 7 43 72 60 49
1031 4 2 7 7 73 44 50 61
1032 4 2 7 7 44 62 35 61
1033 4 2 7 7 51 62 36 44
1034 4 2 7 7 62 36 35 63
1035 4 2 7 7 36 64 37 63
1036 4 2 7 7 66 29 51 45
1037 4 2 7 7 51 74 45 36
1038 4 2 7 7 45 64 38 36
1039 4 2 7 7 64 38 37 65
1040 4 2 7 7 38 67 39 65
1041 4 2 7 7 66 58 41 45
1042 4 2 7 7 58 26 45 48
1043 4 2 7 7 45 75 48 38
1044 4 2 7 7 48 67 43 38
1045 4 2 7 7 67 43 39 68
1046 4 2 7 7 43 72 49 68
1047 4 2 7 7 69 76 46 52
1048 4 2 7 7 69 53 52 40
1049 4 2 7 7 53 52 30 54
1050 4 2 7 7 77 40 47 53
1051 4 2 7 7 47 70 53 31
1052 4 2 7 7 53 55 54 31
1053 4 2 7 7 55 54 32 56
1054 4 2 7 7 57 70 47 42
1055 4 2 7 7 70 31 42 55
1056 4 2 7 7 42 71 55 33
1057 4 2 7 7 55 59 56 33
1058 4 2 7 7 59 56 34 60
1059 4 2 7 7 78 57 41 58
1060 4 2 7 7 57 79 42 58
1061 4 2 7 7 58 71 42 48
1062 4 2 7 7 71 33 48 59
1063 4 2 7 7 48 80 59 43
1064 4 2 7 7 59 72 60 43
1065 4 2 7 7 72 60 49 81
1066 4 2 7 7 73 50 82 61
1067 4 2 7 7 73 62 44 61
1068 4 2 7 7 62 35 61 63
1069 4 2 7 7 83 51 44 62
1070 4 2 7 7 51 74 36 62
1071 4 2 7 7 62 64 36 63
1072 4 2 7 7 64 37 63 65
1073 4 2 7 7 66 74 45 51
1074 4 2 7 7 74 45 36 64
1075 4 2 7 7 45 75 38 64
1076 4 2 7 7 64 67 38 65
1077 4 2 7 7 67 39 65 68
1078 4 2 7 7 78 41 66 58
1079 4 2 7 7 66 84 58 45
1080 4 2 7 7 58 75 48 45
1081 4 2 7 7 75 48 38 67
1082 4 2 7 7 48 80 43 67
1083 4 2 7 7 67 72 43 68
1084 4 2 7 7 72 49 68 81
1085 4 2 7 7 69 85 76 52
1086 4 2 7 7 77 69 40 53
1087 4 2 7 7 69 86 52 53
1088 4 2 7 7 53 87 52 54
1089 4 2 7 7 77 70 53 47
1090 4 2 7 7 70 53 31 55
1091 4 2 7 7 53 88 54 55
1092 4 2 7 7 55 89 54 56
1093 4 2 7 7 90 47 57 70
1094 4 2 7 7 57 79 70 42
1095 4 2 7 7 70 71 55 42
1096 4 2 7 7 71 55 33 59
1097 4 2 7 7 55 91 56 59
1098 4 2 7 7 59 92 56 60
1099 4 2 7 7 78 79 57 58
1100 4 2 7 7 79 42 58 71
1101 4 2 7 7 58 93 71 48
1102 4 2 7 7 71 80 59 48
1103 4 2 7 7 80 59 43 72
1104 4 2 7 7 59 94 60 72
1105 4 2 7 7 72 95 60 81
1106 4 2 7 7 73 96 61 82
1107 4 2 7 7 83 44 73 62
1108 4 2 7 7 73 97 62 61
1109 4 2 7 7 62 98 63 61
1110 4 2 7 7 83 74 51 62
1111 4 2 7 7 74 36 62 64
1112 4 2 7 7 62 99 64 63
1113 4 2 7 7 64 100 65 63
1114 4 2 7 7 101 66 51 74
1115 4 2 7 7 66 84 45 74
1116 4 2 7 7 74 75 45 64
1117 4 2 7 7 75 38 64 67
1118 4 2 7 7 64 102 67 65
1119 4 2 7 7 67 103 68 65
1120 4 2 7 7 78 84 58 66
1121 4 2 7 7 84 58 45 75
1122 4 2 7 7 58 93 48 75
1123 4 2 7 7 75 80 48 67
1124 4 2 7 7 80 43 67 72
1125 4 2 7 7 67 104 72 68
1126 4 2 7 7 72 105 81 68
1127 4 2 7 7 106 76 69 85
1128 4 2 7 7 69 86 85 52
1129 4 2 7 7 77 86 69 53
1130 4 2 7 7 86 52 53 87
1131 4 2 7 7 53 88 87 54
1132 4 2 7 7 90 77 47 70
1133 4 2 7 7 77 107 53 70
1134 4 2 7 7 70 88 53 55
1135 4 2 7 7 88 54 55 89
1136 4 2 7 7 55 91 89 56
1137 4 2 7 7 90 79 70 57
1138 4 2 7 7 79 70 42 71
1139 4 2 7 7 70 108 55 71
1140 4 2 7 7 71 91 55 59
1141 4 2 7 7 91 56 59 92
1142 4 2 7 7 59 94 92 60
1143 4 2 7 7 109 57 78 79
1144 4 2 7 7 78 110 79 58
1145 4 2 7 7 79 93 71 58
1146 4 2 7 7 93 71 48 80
1147 4 2 7 7 71 111 59 80
1148 4 2 7 7 80 94 59 72
1149 4 2 7 7 94 60 72 95
1150 4 2 7 7 72 112 95 81
1151 4 2 7 7 113 73 82 96
1152 4 2 7 7 73 97 61 96
1153 4 2 7 7 83 97 62 73
1154 4 2 7 7 97 62 61 98
1155 4 2 7 7 62 99 63 98
1156 4 2 7 7 101 51 83 74
1157 4 2 7 7 83 114 74 62
1158 4 2 7 7 74 99 64 62
1159 4 2 7 7 99 64 63 100
1160 4 2 7 7 64 102 65 100
1161 4 2 7 7 101 84 66 74
1162 4 2 7 7 84 45 74 75
1163 4 2 7 7 74 115 75 64
1164 4 2 7 7 75 102 67 64
1165 4 2 7 7 102 67 65 103
1166 4 2 7 7 67 104 68 103
1167 4 2 7 7 116 78 66 84
1168 4 2 7 7 78 110 58 84
1169 4 2 7 7 84 93 58 75
1170 4 2 7 7 93 48 75 80
1171 4 2 7 7 75 117 80 67
1172 4 2 7 7 80 104 72 67
1173 4 2 7 7 104 72 68 105
1174 4 2 7 7 72 112 81 105
1175 4 2 7 7 106 118 76 85
1176 4 2 7 7 106 86 85 69
1177 4 2 7 7 86 85 52 87
1178 4 2 7 7 119 69 77 86
1179 4 2 7 7 77 107 86 53
1180 4 2 7 7 86 88 87 53
1181 4 2 7 7 88 87 54 89
1182 4 2 7 7 90 107 77 70
1183 4 2 7 7 107 53 70 88
1184 4 2 7 7 70 108 88 55
1185 4 2 7 7 88 91 89 55
1186 4 2 7 7 91 89 56 92
1187 4 2 7 7 109 90 57 79
1188 4 2 7 7 90 120 70 79
1189 4 2 7 7 79 108 70 71
1190 4 2 7 7 108 55 71 91
1191 4 2 7 7 71 111 91 59
1192 4 2 7 7 91 94 92 59
1193 4 2 7 7 94 92 60 95
1194 4 2 7 7 109 110 79 78
1195 4 2 7 7 110 79 58 93
1196 4 2 7 7 79 121 71 93
1197 4 2 7 7 93 111 71 80
1198 4 2 7 7 111 59 80 94
1199 4 2 7 7 80 122 94 72
1200 4 2 7 7 94 112 95 72
1201 4 2 7 7 112 95 81 123
1202 4 2 7 7 113 82 124 96
1203 4 2 7 7 113 97 73 96
1204 4 2 7 7 97 61 96 98
1205 4 2 7 7 125 83 73 97
1206 4 2 7 7 83 114 62 97
1207 4 2 7 7 97 99 62 98
1208 4 2 7 7 99 63 98 100
1209 4 2 7 7 101 114 74 83
1210 4 2 7 7 114 74 62 99
1211 4 2 7 7 74 115 64 99
1212 4 2 7 7 99 102 64 100
1213 4 2 7 7 102 65 100 103
1214 4 2 7 7 116 66 101 84
1215 4 2 7 7 101 126 84 74
1216 4 2 7 7 84 115 75 74
1217 4 2 7 7 115 75 64 102
1218 4 2 7 7 75 117 67 102
1219 4 2 7 7 102 104 67 103
1220 4 2 7 7 104 68 103 105
1221 4 2 7 7 116 110 78 84
1222 4 2 7 7 110 58 84 93
1223 4 2 7 7 84 127 93 75
1224 4 2 7 7 93 117 80 75
1225 4 2 7 7 117 80 67 104
1226 4 2 7 7 80 122 72 104
1227 4 2 7 7 104 112 72 105
1228 4 2 7 7 112 81 105 123
1229 4 2 7 7 106 128 118 85
1230 4 2 7 7 119 106 69 86
1231 4 2 7 7 106 129 85 86
1232 4 2 7 7 86 130 85 87
1233 4 2 7 7 119 107 86 77
1234 4 2 7 7 107 86 53 88
1235 4 2 7 7 86 131 87 88
1236 4 2 7 7 88 132 87 89
1237 4 2 7 7 133 77 90 107
1238 4 2 7 7 90 120 107 70
1239 4 2 7 7 107 108 88 70
1240 4 2 7 7 108 88 55 91
1241 4 2 7 7 88 134 89 91
1242 4 2 7 7 91 135 89 92
1243 4 2 7 7 109 120 90 79
1244 4 2 7 7 120 70 79 108
1245 4 2 7 7 79 121 108 71
1246 4 2 7 7 108 111 91 71
1247 4 2 7 7 111 91 59 94
1248 4 2 7 7 91 136 92 94
1249 4 2 7 7 94 137 92 95
1250 4 2 7 7 138 109 78 110
1251 4 2 7 7 109 139 79 110
1252 4 2 7 7 110 121 79 93
1253 4 2 7 7 121 71 93 111
1254 4 2 7 7 93 140 111 80
1255 4 2 7 7 111 122 94 80
1256 4 2 7 7 122 94 72 112
1257 4 2 7 7 94 141 95 112
1258 4 2 7 7 112 142 95 123
1259 4 2 7 7 113 143 96 124
1260 4 2 7 7 125 73 113 97
1261 4 2 7 7 113 144 97 96
1262 4 2 7 7 97 145 98 96
1263 4 2 7 7 125 114 83 97
1264 4 2 7 7 114 62 97 99
1265 4 2 7 7 97 146 99 98
1266 4 2 7 7 99 147 100 98
1267 4 2 7 7 148 101 83 114
1268 4 2 7 7 101 126 74 114
1269 4 2 7 7 114 115 74 99
1270 4 2 7 7 115 64 99 102
1271 4 2 7 7 99 149 102 100
1272 4 2 7 7 102 150 103 100
1273 4 2 7 7 116 126 84 101
1274 4 2 7 7 126 84 74 115
1275 4 2 7 7 84 127 75 115
1276 4 2 7 7 115 117 75 102
1277 4 2 7 7 117 67 102 104
1278 4 2 7 7 102 151 104 103
1279 4 2 7 7 104 152 105 103
1280 4 2 7 7 138 78 116 110
1281 4 2 7 7 116 153 110 84
1282 4 2 7 7 110 127 93 84
1283 4 2 7 7 127 93 75 117
1284 4 2 7 7 93 140 80 117
1285 4 2 7 7 117 122 80 104
1286 4 2 7 7 122 72 104 112
1287 4 2 7 7 104 154 112 105
1288 4 2 7 7 112 155 123 105
1289 4 2 7 7 106 129 128 85
1290 4 2 7 7 119 129 106 86
1291 4 2 7 7 129 85 86 130
1292 4 2 7 7 86 131 130 87
1293 4 2 7 7 133 119 77 107
1294 4 2 7 7 119 156 86 107
1295 4 2 7 7 107 131 86 88
1296 4 2 7 7 131 87 88 132
1297 4 2 7 7 88 134 132 89
1298 4 2 7 7 133 120 107 90
1299 4 2 7 7 120 107 70 108
1300 4 2 7 7 107 157 88 108
1301 4 2 7 7 108 134 88 91
1302 4 2 7 7 134 89 91 135
1303 4 2 7 7 91 136 135 92
1304 4 2 7 7 158 90 109 120
1305 4 2 7 7 109 139 120 79
1306 4 2 7 7 120 121 108 79
1307 4 2 7 7 121 108 71 111
1308 4 2 7 7 108 159 91 111
1309 4 2 7 7 111 136 91 94
1310 4 2 7 7 136 92 94 137
1311 4 2 7 7 94 141 137 95
1312 4 2 7 7 138 139 109 110
1313 4 2 7 7 139 79 110 121
1314 4 2 7 7 110 160 121 93
1315 4 2 7 7 121 140 111 93
1316 4 2 7 7 140 111 80 122
1317 4 2 7 7 111 161 94 122
1318 4 2 7 7 122 141 94 112
1319 4 2 7 7 141 95 112 142
1320 4 2 7 7 112 162 142 123
1321 4 2 7 7 163 113 124 143
1322 4 2 7 7 113 144 96 143
1323 4 2 7 7 125 144 97 113
1324 4 2 7 7 144 97 96 145
1325 4 2 7 7 97 146 98 145
1326 4 2 7 7 148 83 125 114
1327 4 2 7 7 125 164 114 97
1328 4 2 7 7 114 146 99 97
1329 4 2 7 7 146 99 98 147
1330 4 2 7 7 99 149 100 147
1331 4 2 7 7 148 126 101 114
1332 4 2 7 7 126 74 114 115
1333 4 2 7 7 114 165 115 99
1334 4 2 7 7 115 149 102 99
1335 4 2 7 7 149 102 100 150
1336 4 2 7 7 102 151 103 150
1337 4 2 7 7 166 116 101 126
1338 4 2 7 7 116 153 84 126
1339 4 2 7 7 126 127 84 115
1340 4 2 7 7 127 75 115 117
1341 4 2 7 7 115 167 117 102
1342 4 2 7 7 117 151 104 102
1343 4 2 7 7 151 104 103 152
1344 4 2 7 7 104 154 105 152
1345 4 2 7 7 138 153 110 116
1346 4 2 7 7 153 110 84 127
1347 4 2 7 7 110 160 93 127
1348 4 2 7 7 127 140 93 117
1349 4 2 7 7 140 80 117 122
1350 4 2 7 7 117 168 122 104
1351 4 2 7 7 122 154 112 104
1352 4 2 7 7 154 112 105 155
1353 4 2 7 7 112 162 123 155
1354 4 2 7 7 129 128 85 130
1355 4 2 7 7 119 156 129 86
1356 4 2 7 7 129 131 130 86
1357 4 2 7 7 131 130 87 132
1358 4 2 7 7 133 156 119 107
1359 4 2 7 7 156 86 107 131
1360 4 2 7 7 107 157 131 88
1361 4 2 7 7 131 134 132 88
1362 4 2 7 7 134 132 89 135
1363 4 2 7 7 158 133 90 120
1364 4 2 7 7 133 169 107 120
1365 4 2 7 7 120 157 107 108
1366 4 2 7 7 157 88 108 134
1367 4 2 7 7 108 159 134 91
1368 4 2 7 7 134 136 135 91
1369 4 2 7 7 136 135 92 137
1370 4 2 7 7 158 139 120 109
1371 4 2 7 7 139 120 79 121
1372 4 2 7 7 120 170 108 121
1373 4 2 7 7 121 159 108 111
1374 4 2 7 7 159 91 111 136
1375 4 2 7 7 111 161 136 94
1376 4 2 7 7 136 141 137 94
1377 4 2 7 7 141 137 95 142
1378 4 2 7 7 171 109 138 139
1379 4 2 7 7 138 172 139 110
1380 4 2 7 7 139 160 121 110
1381 4 2 7 7 160 121 93 140
1382 4 2 7 7 121 173 111 140
1383 4 2 7 7 140 161 111 122
1384 4 2 7 7 161 94 122 141
1385 4 2 7 7 122 174 141 112
1386 4 2 7 7 141 162 142 112
1387 4 2 7 7 162 142 123 175
1388 4 2 7 7 163 124 176 143
1389 4 2 7 7 163 144 113 143
1390 4 2 7 7 144 96 143 145
1391 4 2 7 7 177 125 113 144
1392 4 2 7 7 125 164 97 144
1393 4 2 7 7 144 146 97 145
1394 4 2 7 7 146 98 145 147
1395 4 2 7 7 148 164 114 125
1396 4 2 7 7 164 114 97 146
1397 4 2 7 7 114 165 99 146
1398 4 2 7 7 146 149 99 147
1399 4 2 7 7 149 100 147 150
1400 4 2 7 7 166 101 148 126
1401 4 2 7 7 148 178 126 114
1402 4 2 7 7 126 165 115 114
1403 4 2 7 7 165 115 99 149
1404 4 2 7 7 115 167 102 149
1405 4 2 7 7 149 151 102 150
1406 4 2 7 7 151 103 150 152
1407 4 2 7 7 166 153 116 126
1408 4 2 7 7 153 84 126 127
1409 4 2 7 7 126 179 127 115
1410 4 2 7 7 127 167 117 115
1411 4 2 7 7 167 117 102 151
1412 4 2 7 7 117 168 104 151
1413 4 2 7 7 151 154 104 152
1414 4 2 7 7 154 105 152 155
1415 4 2 7 7 180 138 116 153
1416 4 2 7 7 138 172 110 153
1417 4 2 7 7 153 160 110 127
1418 4 2 7 7 160 93 127 140
1419 4 2 7 7 127 181 140 117
1420 4 2 7 7 140 168 122 117
1421 4 2 7 7 168 122 104 154
1422 4 2 7 7 122 174 112 154
1423 4 2 7 7 154 162 112 155
1424 4 2 7 7 162 123 155 175
1425 4 2 7 7 129 182 128 130
1426 4 2 7 7 156 129 86 131
1427 4 2 7 7 129 183 130 131
1428 4 2 7 7 131 184 130 132
1429 4 2 7 7 133 169 156 107
1430 4 2 7 7 156 157 131 107
1431 4 2 7 7 157 131 88 134
1432 4 2 7 7 131 185 132 134
1433 4 2 7 7 134 186 132 135
1434 4 2 7 7 158 169 133 120
1435 4 2 7 7 169 107 120 157
1436 4 2 7 7 120 170 157 108
1437 4 2 7 7 157 159 134 108
1438 4 2 7 7 159 134 91 136
1439 4 2 7 7 134 187 135 136
1440 4 2 7 7 136 188 135 137
1441 4 2 7 7 171 158 109 139
1442 4 2 7 7 158 189 120 139
1443 4 2 7 7 139 170 120 121
1444 4 2 7 7 170 108 121 159
1445 4 2 7 7 121 173 159 111
1446 4 2 7 7 159 161 136 111
1447 4 2 7 7 161 136 94 141
1448 4 2 7 7 136 190 137 141
1449 4 2 7 7 141 191 137 142
1450 4 2 7 7 171 172 139 138
1451 4 2 7 7 172 139 110 160
1452 4 2 7 7 139 192 121 160
1453 4 2 7 7 160 173 121 140
1454 4 2 7 7 173 111 140 161
1455 4 2 7 7 140 193 161 122
1456 4 2 7 7 161 174 141 122
1457 4 2 7 7 174 141 112 162
1458 4 2 7 7 141 194 142 162
1459 4 2 7 7 162 195 142 175
1460 4 2 7 7 163 196 143 176
1461 4 2 7 7 177 113 163 144
1462 4 2 7 7 163 197 144 143
1463 4 2 7 7 144 198 145 143
1464 4 2 7 7 177 164 125 144
1465 4 2 7 7 164 97 144 146
1466 4 2 7 7 144 199 146 145
1467 4 2 7 7 146 200 147 145
1468 4 2 7 7 201 148 125 164
1469 4 2 7 7 148 178 114 164
1470 4 2 7 7 164 165 114 146
1471 4 2 7 7 165 99 146 149
1472 4 2 7 7 146 202 149 147
1473 4 2 7 7 149 203 150 147
1474 4 2 7 7 166 178 126 148
1475 4 2 7 7 178 126 114 165
1476 4 2 7 7 126 179 115 165
1477 4 2 7 7 165 167 115 149
1478 4 2 7 7 167 102 149 151
1479 4 2 7 7 149 204 151 150
1480 4 2 7 7 151 205 152 150
1481 4 2 7 7 180 116 166 153
1482 4 2 7 7 166 206 153 126
1483 4 2 7 7 153 179 127 126
1484 4 2 7 7 179 127 115 167
1485 4 2 7 7 127 181 117 167
1486 4 2 7 7 167 168 117 151
1487 4 2 7 7 168 104 151 154
1488 4 2 7 7 151 207 154 152
1489 4 2 7 7 154 208 155 152
1490 4 2 7 7 180 172 138 153
1491 4 2 7 7 172 110 153 160
1492 4 2 7 7 153 209 160 127
1493 4 2 7 7 160 181 140 127
1494 4 2 7 7 181 140 117 168
1495 4 2 7 7 140 193 122 168
1496 4 2 7 7 168 174 122 154
1497 4 2 7 7 174 112 154 162
1498 4 2 7 7 154 210 162 155
1499 4 2 7 7 162 211 175 155
1500 4 2 7 7 129 183 182 130
1501 4 2 7 7 156 183 129 131
1502 4 2 7 7 183 130 131 184
1503 4 2 7 7 131 185 184 132
1504 4 2 7 7 169 156 107 157
1505 4 2 7 7 156 212 131 157
1506 4 2 7 7 157 185 131 134
1507 4 2 7 7 185 132 134 186
1508 4 2 7 7 134 187 186 135
1509 4 2 7 7 158 189 169 120
1510 4 2 7 7 169 170 157 120
1511 4 2 7 7 170 157 108 159
1512 4 2 7 7 157 213 134 159
1513 4 2 7 7 159 187 134 136
1514 4 2 7 7 187 135 136 188
1515 4 2 7 7 136 190 188 137
1516 4 2 7 7 171 189 158 139
1517 4 2 7 7 189 120 139 170
1518 4 2 7 7 139 192 170 121
1519 4 2 7 7 170 173 159 121
1520 4 2 7 7 173 159 111 161
1521 4 2 7 7 159 214 136 161
1522 4 2 7 7 161 190 136 141
1523 4 2 7 7 190 137 141 191
1524 4 2 7 7 141 194 191 142
1525 4 2 7 7 215 171 138 172
1526 4 2 7 7 171 216 139 172
1527 4 2 7 7 172 192 139 160
1528 4 2 7 7 192 121 160 173
1529 4 2 7 7 160 217 173 140
1530 4 2 7 7 173 193 161 140
1531 4 2 7 7 193 161 122 174
1532 4 2 7 7 161 218 141 174
1533 4 2 7 7 174 194 141 162
1534 4 2 7 7 194 142 162 195
1535 4 2 7 7 162 219 195 175
1536 4 2 7 7 220 163 176 196
1537 4 2 7 7 163 197 143 196
1538 4 2 7 7 177 197 144 163
1539 4 2 7 7 197 144 143 198
1540 4 2 7 7 144 199 145 198
1541 4 2 7 7 201 125 177 164
1542 4 2 7 7 177 221 164 144
1543 4 2 7 7 164 199 146 144
1544 4 2 7 7 199 146 145 200
1545 4 2 7 7 146 202 147 200
1546 4 2 7 7 201 178 148 164
1547 4 2 7 7 178 114 164 165
1548 4 2 7 7 164 222 165 146
1549 4 2 7 7 165 202 149 146
1550 4 2 7 7 202 149 147 203
1551 4 2 7 7 149 204 150 203
1552 4 2 7 7 223 166 148 178
1553 4 2 7 7 166 206 126 178
1554 4 2 7 7 178 179 126 165
1555 4 2 7 7 179 115 165 167
1556 4 2 7 7 165 224 167 149
1557 4 2 7 7 167 204 151 149
1558 4 2 7 7 204 151 150 205
1559 4 2 7 7 151 207 152 205
1560 4 2 7 7 180 206 153 166
1561 4 2 7 7 206 153 126 179
1562 4 2 7 7 153 209 127 179
1563 4 2 7 7 179 181 127 167
1564 4 2 7 7 181 117 167 168
1565 4 2 7 7 167 225 168 151
1566 4 2 7 7 168 207 154 151
1567 4 2 7 7 207 154 152 208
1568 4 2 7 7 154 210 155 208
1569 4 2 7 7 215 138 180 172
1570 4 2 7 7 180 226 172 153
1571 4 2 7 7 172 209 160 153
1572 4 2 7 7 209 160 127 181
1573 4 2 7 7 160 217 140 181
1574 4 2 7 7 181 193 140 168
1575 4 2 7 7 193 122 168 174
1576 4 2 7 7 168 227 174 154
1577 4 2 7 7 174 210 162 154
1578 4 2 7 7 210 162 155 211
1579 4 2 7 7 162 219 175 211
1580 4 2 7 7 183 182 130 184
1581 4 2 7 7 156 212 183 131
1582 4 2 7 7 183 185 184 131
1583 4 2 7 7 185 184 132 186
1584 4 2 7 7 169 212 156 157
1585 4 2 7 7 212 131 157 185
1586 4 2 7 7 157 213 185 134
1587 4 2 7 7 185 187 186 134
1588 4 2 7 7 187 186 135 188
1589 4 2 7 7 189 169 120 170
1590 4 2 7 7 169 228 157 170
1591 4 2 7 7 170 213 157 159
1592 4 2 7 7 213 134 159 187
1593 4 2 7 7 159 214 187 136
1594 4 2 7 7 187 190 188 136
1595 4 2 7 7 190 188 137 191
1596 4 2 7 7 171 216 189 139
1597 4 2 7 7 189 192 170 139
1598 4 2 7 7 192 170 121 173
1599 4 2 7 7 170 229 159 173
1600 4 2 7 7 173 214 159 161
1601 4 2 7 7 214 136 161 190
1602 4 2 7 7 161 218 190 141
1603 4 2 7 7 190 194 191 141
1604 4 2 7 7 194 191 142 195
1605 4 2 7 7 215 216 171 172
1606 4 2 7 7 216 139 172 192
1607 4 2 7 7 172 230 192 160
1608 4 2 7 7 192 217 173 160
1609 4 2 7 7 217 173 140 193
1610 4 2 7 7 173 231 161 193
1611 4 2 7 7 193 218 161 174
1612 4 2 7 7 218 141 174 194
1613 4 2 7 7 174 232 194 162
1614 4 2 7 7 194 219 195 162
1615 4 2 7 7 219 195 175 233
1616 4 2 7 7 220 176 234 196
1617 4 2 7 7 220 197 163 196
1618 4 2 7 7 197 143 196 198
1619 4 2 7 7 235 177 163 197
1620 4 2 7 7 177 221 144 197
1621 4 2 7 7 197 199 144 198
1622 4 2 7 7 199 145 198 200
1623 4 2 7 7 201 221 164 177
1624 4 2 7 7 221 164 144 199
1625 4 2 7 7 164 222 146 199
1626 4 2 7 7 199 202 146 200
1627 4 2 7 7 202 147 200 203
1628 4 2 7 7 223 148 201 178
1629 4 2 7 7 201 236 178 164
1630 4 2 7 7 178 222 165 164
1631 4 2 7 7 222 165 146 202
1632 4 2 7 7 165 224 149 202
1633 4 2 7 7 202 204 149 203
1634 4 2 7 7 204 150 203 205
1635 4 2 7 7 223 206 166 178
1636 4 2 7 7 206 126 178 179
1637 4 2 7 7 178 237 179 165
1638 4 2 7 7 179 224 167 165
1639 4 2 7 7 224 167 149 204
1640 4 2 7 7 167 225 151 204
1641 4 2 7 7 204 207 151 205
1642 4 2 7 7 207 152 205 208
1643 4 2 7 7 238 180 166 206
1644 4 2 7 7 180 226 153 206
1645 4 2 7 7 206 209 153 179
1646 4 2 7 7 209 127 179 181
1647 4 2 7 7 179 239 181 167
1648 4 2 7 7 181 225 168 167
1649 4 2 7 7 225 168 151 207
1650 4 2 7 7 168 227 154 207
1651 4 2 7 7 207 210 154 208
1652 4 2 7 7 210 155 208 211
1653 4 2 7 7 215 226 172 180
1654 4 2 7 7 226 172 153 209
1655 4 2 7 7 172 230 160 209
1656 4 2 7 7 209 217 160 181
1657 4 2 7 7 217 140 181 193
1658 4 2 7 7 181 240 193 168
1659 4 2 7 7 193 227 174 168
1660 4 2 7 7 227 174 154 210
1661 4 2 7 7 174 232 162 210
1662 4 2 7 7 210 219 162 211
1663 4 2 7 7 219 175 211 233
1664 4 2 7 7 183 241 182 184
1665 4 2 7 7 212 183 131 185
1666 4 2 7 7 183 242 184 185
1667 4 2 7 7 185 243 184 186
1668 4 2 7 7 169 228 212 157
1669 4 2 7 7 212 213 185 157
1670 4 2 7 7 213 185 134 187
1671 4 2 7 7 185 244 186 187
1672 4 2 7 7 187 245 186 188
1673 4 2 7 7 189 228 169 170
1674 4 2 7 7 228 157 170 213
1675 4 2 7 7 170 229 213 159
1676 4 2 7 7 213 214 187 159
1677 4 2 7 7 214 187 136 190
1678 4 2 7 7 187 246 188 190
1679 4 2 7 7 190 247 188 191
1680 4 2 7 7 216 189 139 192
1681 4 2 7 7 189 248 170 192
1682 4 2 7 7 192 229 170 173
1683 4 2 7 7 229 159 173 214
1684 4 2 7 7 173 231 214 161
1685 4 2 7 7 214 218 190 161
1686 4 2 7 7 218 190 141 194
1687 4 2 7 7 190 249 191 194
1688 4 2 7 7 194 250 191 195
1689 4 2 7 7 215 251 216 172
1690 4 2 7 7 216 230 192 172
1691 4 2 7 7 230 192 160 217
1692 4 2 7 7 192 252 173 217
1693 4 2 7 7 217 231 173 193
1694 4 2 7 7 231 161 193 218
1695 4 2 7 7 193 253 218 174
1696 4 2 7 7 218 232 194 174
1697 4 2 7 7 232 194 162 219
1698 4 2 7 7 194 254 195 219
1699 4 2 7 7 219 255 195 233
1700 4 2 7 7 220 256 196 234
1701 4 2 7 7 235 163 220 197
1702 4 2 7 7 220 257 197 196
1703 4 2 7 7 197 258 198 196
1704 4 2 7 7 235 221 177 197
1705 4 2 7 7 221 144 197 199
1706 4 2 7 7 197 259 199 198
1707 4 2 7 7 199 260 200 198
1708 4 2 7 7 261 201 177 221
1709 4 2 7 7 201 236 164 221
1710 4 2 7 7 221 222 164 199
1711 4 2 7 7 222 146 199 202
1712 4 2 7 7 199 262 202 200
1713 4 2 7 7 202 263 203 200
1714 4 2 7 7 223 236 178 201
1715 4 2 7 7 236 178 164 222
1716 4 2 7 7 178 237 165 222
1717 4 2 7 7 222 224 165 202
1718 4 2 7 7 224 149 202 204
1719 4 2 7 7 202 264 204 203
1720 4 2 7 7 204 265 205 203
1721 4 2 7 7 238 166 223 206
1722 4 2 7 7 223 266 206 178
1723 4 2 7 7 206 237 179 178
1724 4 2 7 7 237 179 165 224
1725 4 2 7 7 179 239 167 224
1726 4 2 7 7 224 225 167 204
1727 4 2 7 7 225 151 204 207
1728 4 2 7 7 204 267 207 205
1729 4 2 7 7 207 268 208 205
1730 4 2 7 7 238 226 180 206
1731 4 2 7 7 226 153 206 209
1732 4 2 7 7 206 269 209 179
1733 4 2 7 7 209 239 181 179
1734 4 2 7 7 239 181 167 225
1735 4 2 7 7 181 240 168 225
1736 4 2 7 7 225 227 168 207
1737 4 2 7 7 227 154 207 210
1738 4 2 7 7 207 270 210 208
1739 4 2 7 7 210 271 211 208
1740 4 2 7 7 272 215 180 226
1741 4 2 7 7 215 251 172 226
1742 4 2 7 7 226 230 172 209
1743 4 2 7 7 230 160 209 217
1744 4 2 7 7 209 273 217 181
1745 4 2 7 7 217 240 193 181
1746 4 2 7 7 240 193 168 227
1747 4 2 7 7 193 253 174 227
1748 4 2 7 7 227 232 174 210
1749 4 2 7 7 232 162 210 219
1750 4 2 7 7 210 274 219 211
1751 4 2 7 7 219 275 233 211
1752 4 2 7 7 183 242 241 184
1753 4 2 7 7 212 242 183 185
1754 4 2 7 7 242 184 185 243
1755 4 2 7 7 185 244 243 186
1756 4 2 7 7 228 212 157 213
1757 4 2 7 7 212 276 185 213
1758 4 2 7 7 213 244 185 187
1759 4 2 7 7 244 186 187 245
1760 4 2 7 7 187 246 245 188
1761 4 2 7 7 189 248 228 170
1762 4 2 7 7 228 229 213 170
1763 4 2 7 7 229 213 159 214
1764 4 2 7 7 213 277 187 214
1765 4 2 7 7 214 246 187 190
1766 4 2 7 7 246 188 190 247
1767 4 2 7 7 190 249 247 191
1768 4 2 7 7 216 248 189 192
1769 4 2 7 7 248 170 192 229
1770 4 2 7 7 192 252 229 173
1771 4 2 7 7 229 231 214 173
1772 4 2 7 7 231 214 161 218
1773 4 2 7 7 214 278 190 218
1774 4 2 7 7 218 249 190 194
1775 4 2 7 7 249 191 194 250
1776 4 2 7 7 194 254 250 195
1777 4 2 7 7 251 216 172 230
1778 4 2 7 7 216 279 192 230
1779 4 2 7 7 230 252 192 217
1780 4 2 7 7 252 173 217 231
1781 4 2 7 7 217 280 231 193
1782 4 2 7 7 231 253 218 193
1783 4 2 7 7 253 218 174 232
1784 4 2 7 7 218 281 194 232
1785 4 2 7 7 232 254 194 219
1786 4 2 7 7 254 195 219 255
1787 4 2 7 7 219 282 255 233
1788 4 2 7 7 283 220 234 256
1789 4 2 7 7 220 257 196 256
1790 4 2 7 7 235 257 197 220
1791 4 2 7 7 257 197 196 258
1792 4 2 7 7 197 259 198 258
1793 4 2 7 7 261 177 235 221
1794 4 2 7 7 235 284 221 197
1795 4 2 7 7 221 259 199 197
1796 4 2 7 7 259 199 198 260
1797 4 2 7 7 199 262 200 260
1798 4 2 7 7 261 236 201 221
1799 4 2 7 7 236 164 221 222
1800 4 2 7 7 221 285 222 199
1801 4 2 7 7 222 262 202 199
1802 4 2 7 7 262 202 200 263
1803 4 2 7 7 202 264 203 263
1804 4 2 7 7 286 223 201 236
1805 4 2 7 7 223 266 178 236
1806 4 2 7 7 236 237 178 222
1807 4 2 7 7 237 165 222 224
1808 4 2 7 7 222 287 224 202
1809 4 2 7 7 224 264 204 202
1810 4 2 7 7 264 204 203 265
1811 4 2 7 7 204 267 205 265
1812 4 2 7 7 238 266 206 223
1813 4 2 7 7 266 206 178 237
1814 4 2 7 7 206 269 179 237
1815 4 2 7 7 237 239 179 224
1816 4 2 7 7 239 167 224 225
1817 4 2 7 7 224 288 225 204
1818 4 2 7 7 225 267 207 204
1819 4 2 7 7 267 207 205 268
1820 4 2 7 7 207 270 208 268
1821 4 2 7 7 272 180 238 226
1822 4 2 7 7 238 289 226 206
1823 4 2 7 7 226 269 209 206
1824 4 2 7 7 269 209 179 239
1825 4 2 7 7 209 273 181 239
1826 4 2 7 7 239 240 181 225
1827 4 2 7 7 240 168 225 227
1828 4 2 7 7 225 290 227 207
1829 4 2 7 7 227 270 210 207
1830 4 2 7 7 270 210 208 271
1831 4 2 7 7 210 274 211 271
1832 4 2 7 7 272 251 215 226
1833 4 2 7 7 251 172 226 230
1834 4 2 7 7 226 291 230 209
1835 4 2 7 7 230 273 217 209
1836 4 2 7 7 273 217 181 240
1837 4 2 7 7 217 280 193 240
1838 4 2 7 7 240 253 193 227
1839 4 2 7 7 253 174 227 232
1840 4 2 7 7 227 292 232 210
1841 4 2 7 7 232 274 219 210
1842 4 2 7 7 274 219 211 275
1843 4 2 7 7 219 282 233 275
1844 4 2 7 7 242 241 184 243
1845 4 2 7 7 212 276 242 185
1846 4 2 7 7 242 244 243 185
1847 4 2 7 7 244 243 186 245
1848 4 2 7 7 228 276 212 213
1849 4 2 7 7 276 185 213 244
1850 4 2 7 7 213 277 244 187
1851 4 2 7 7 244 246 245 187
1852 4 2 7 7 246 245 188 247
1853 4 2 7 7 248 228 170 229
1854 4 2 7 7 228 293 213 229
1855 4 2 7 7 229 277 213 214
1856 4 2 7 7 277 187 214 246
1857 4 2 7 7 214 278 246 190
1858 4 2 7 7 246 249 247 190
1859 4 2 7 7 249 247 191 250
1860 4 2 7 7 216 279 248 192
1861 4 2 7 7 248 252 229 192
1862 4 2 7 7 252 229 173 231
1863 4 2 7 7 229 294 214 231
1864 4 2 7 7 231 278 214 218
1865 4 2 7 7 278 190 218 249
1866 4 2 7 7 218 281 249 194
1867 4 2 7 7 249 254 250 194
1868 4 2 7 7 254 250 195 255
1869 4 2 7 7 251 279 216 230
1870 4 2 7 7 279 192 230 252
1871 4 2 7 7 230 295 252 217
1872 4 2 7 7 252 280 231 217
1873 4 2 7 7 280 231 193 253
1874 4 2 7 7 231 296 218 253
1875 4 2 7 7 253 281 218 232
1876 4 2 7 7 281 194 232 254
1877 4 2 7 7 232 297 254 219
1878 4 2 7 7 254 282 255 219
1879 4 2 7 7 282 255 233 298
1880 4 2 7 7 283 234 299 256
1881 4 2 7 7 283 257 220 256
1882 4 2 7 7 257 196 256 258
1883 4 2 7 7 300 235 220 257
1884 4 2 7 7 235 284 197 257
1885 4 2 7 7 257 259 197 258
1886 4 2 7 7 259 198 258 260
1887 4 2 7 7 261 284 221 235
1888 4 2 7 7 284 221 197 259
1889 4 2 7 7 221 285 199 259
1890 4 2 7 7 259 262 199 260
1891 4 2 7 7 262 200 260 263
1892 4 2 7 7 286 201 261 236
1893 4 2 7 7 261 301 236 221
1894 4 2 7 7 236 285 222 221
1895 4 2 7 7 285 222 199 262
1896 4 2 7 7 222 287 202 262
1897 4 2 7 7 262 264 202 263
1898 4 2 7 7 264 203 263 265
1899 4 2 7 7 286 266 223 236
1900 4 2 7 7 266 178 236 237
1901 4 2 7 7 236 302 237 222
1902 4 2 7 7 237 287 224 222
1903 4 2 7 7 287 224 202 264
1904 4 2 7 7 224 288 204 264
1905 4 2 7 7 264 267 204 265
1906 4 2 7 7 267 205 265 268
1907 4 2 7 7 303 238 223 266
1908 4 2 7 7 238 289 206 266
1909 4 2 7 7 266 269 206 237
1910 4 2 7 7 269 179 237 239
1911 4 2 7 7 237 304 239 224
1912 4 2 7 7 239 288 225 224
1913 4 2 7 7 288 225 204 267
1914 4 2 7 7 225 290 207 267
1915 4 2 7 7 267 270 207 268
1916 4 2 7 7 270 208 268 271
1917 4 2 7 7 272 289 226 238
1918 4 2 7 7 289 226 206 269
1919 4 2 7 7 226 291 209 269
1920 4 2 7 7 269 273 209 239
1921 4 2 7 7 273 181 239 240
1922 4 2 7 7 239 305 240 225
1923 4 2 7 7 240 290 227 225
1924 4 2 7 7 290 227 207 270
1925 4 2 7 7 227 292 210 270
1926 4 2 7 7 270 274 210 271
1927 4 2 7 7 274 211 271 275
1928 4 2 7 7 272 306 251 226
1929 4 2 7 7 251 291 230 226
1930 4 2 7 7 291 230 209 273
1931 4 2 7 7 230 295 217 273
1932 4 2 7 7 273 280 217 240
1933 4 2 7 7 280 193 240 253
1934 4 2 7 7 240 307 253 227
1935 4 2 7 7 253 292 232 227
1936 4 2 7 7 292 232 210 274
1937 4 2 7 7 232 297 219 274
1938 4 2 7 7 274 282 219 275
1939 4 2 7 7 282 233 275 298
1940 4 2 7 7 242 308 241 243
1941 4 2 7 7 276 242 185 244
1942 4 2 7 7 242 309 243 244
1943 4 2 7 7 244 310 243 245
1944 4 2 7 7 228 293 276 213
1945 4 2 7 7 276 277 244 213
1946 4 2 7 7 277 244 187 246
1947 4 2 7 7 244 311 245 246
1948 4 2 7 7 246 312 245 247
1949 4 2 7 7 248 293 228 229
1950 4 2 7 7 293 213 229 277
1951 4 2 7 7 229 294 277 214
1952 4 2 7 7 277 278 246 214
1953 4 2 7 7 278 246 190 249
1954 4 2 7 7 246 313 247 249
1955 4 2 7 7 249 314 247 250
1956 4 2 7 7 279 248 192 252
1957 4 2 7 7 248 315 229 252
1958 4 2 7 7 252 294 229 231
1959 4 2 7 7 294 214 231 278
1960 4 2 7 7 231 296 278 218
1961 4 2 7 7 278 281 249 218
1962 4 2 7 7 281 249 194 254
1963 4 2 7 7 249 316 250 254
1964 4 2 7 7 254 317 250 255
1965 4 2 7 7 251 318 279 230
1966 4 2 7 7 279 295 252 230
1967 4 2 7 7 295 252 217 280
1968 4 2 7 7 252 319 231 280
1969 4 2 7 7 280 296 231 253
1970 4 2 7 7 296 218 253 281
1971 4 2 7 7 253 320 281 232
1972 4 2 7 7 281 297 254 232
1973 4 2 7 7 297 254 219 282
1974 4 2 7 7 254 321 255 282
1975 4 2 7 7 282 322 255 298
1976 4 2 7 7 283 323 256 299
1977 4 2 7 7 300 220 283 257
1978 4 2 7 7 283 324 257 256
1979 4 2 7 7 257 325 258 256
1980 4 2 7 7 300 284 235 257
1981 4 2 7 7 284 197 257 259
1982 4 2 7 7 257 326 259 258
1983 4 2 7 7 259 327 260 258
1984 4 2 7 7 328 261 235 284
1985 4 2 7 7 261 301 221 284
1986 4 2 7 7 284 285 221 259
1987 4 2 7 7 285 199 259 262
1988 4 2 7 7 259 329 262 260
1989 4 2 7 7 262 330 263 260
1990 4 2 7 7 286 301 236 261
1991 4 2 7 7 301 236 221 285
1992 4 2 7 7 236 302 222 285
1993 4 2 7 7 285 287 222 262
1994 4 2 7 7 287 202 262 264
1995 4 2 7 7 262 331 264 263
1996 4 2 7 7 264 332 265 263
1997 4 2 7 7 303 223 286 266
1998 4 2 7 7 286 333 266 236
1999 4 2 7 7 266 302 237 236
2000 4 2 7 7 302 237 222 287
2001 4 2 7 7 237 304 224 287
2002 4 2 7 7 287 288 224 264
2003 4 2 7 7 288 204 264 267
2004 4 2 7 7 264 334 267 265
2005 4 2 7 7 267 335 268 265
2006 4 2 7 7 303 289 238 266
2007 4 2 7 7 289 206 266 269
2008 4 2 7 7 266 336 269 237
2009 4 2 7 7 269 304 239 237
2010 4 2 7 7 304 239 224 288
2011 4 2 7 7 239 305 225 288
2012 4 2 7 7 288 290 225 267
2013 4 2 7 7 290 207 267 270
2014 4 2 7 7 267 337 270 268
2015 4 2 7 7 270 338 271 268
2016 4 2 7 7 339 272 238 289
2017 4 2 7 7 272 306 226 289
2018 4 2 7 7 289 291 226 269
2019 4 2 7 7 291 209 269 273
2020 4 2 7 7 269 340 273 239
2021 4 2 7 7 273 305 240 239
2022 4 2 7 7 305 240 225 290
2023 4 2 7 7 240 307 227 290
2024 4 2 7 7 290 292 227 270
2025 4 2 7 7 292 210 270 274
2026 4 2 7 7 270 341 274 271
2027 4 2 7 7 274 342 275 271
2028 4 2 7 7 306 251 226 291
2029 4 2 7 7 251 318 230 291
2030 4 2 7 7 291 295 230 273
2031 4 2 7 7 295 217 273 280
2032 4 2 7 7 273 343 280 240
2033 4 2 7 7 280 307 253 240
2034 4 2 7 7 307 253 227 292
2035 4 2 7 7 253 320 232 292
2036 4 2 7 7 292 297 232 274
2037 4 2 7 7 297 219 274 282
2038 4 2 7 7 274 344 282 275
2039 4 2 7 7 282 345 298 275
2040 4 2 7 7 242 309 308 243
2041 4 2 7 7 276 309 242 244
2042 4 2 7 7 309 243 244 310
2043 4 2 7 7 244 311 310 245
2044 4 2 7 7 293 276 213 277
2045 4 2 7 7 276 346 244 277
2046 4 2 7 7 277 311 244 246
2047 4 2 7 7 311 245 246 312
2048 4 2 7 7 246 313 312 247
2049 4 2 7 7 248 315 293 229
2050 4 2 7 7 293 294 277 229
2051 4 2 7 7 294 277 214 278
2052 4 2 7 7 277 347 246 278
2053 4 2 7 7 278 313 246 249
2054 4 2 7 7 313 247 249 314
2055 4 2 7 7 249 316 314 250
2056 4 2 7 7 279 315 248 252
2057 4 2 7 7 315 229 252 294
2058 4 2 7 7 252 319 294 231
2059 4 2 7 7 294 296 278 231
2060 4 2 7 7 296 278 218 281
2061 4 2 7 7 278 348 249 281
2062 4 2 7 7 281 316 249 254
2063 4 2 7 7 316 250 254 317
2064 4 2 7 7 254 321 317 255
2065 4 2 7 7 318 279 230 295
2066 4 2 7 7 279 349 252 295
2067 4 2 7 7 295 319 252 280
2068 4 2 7 7 319 231 280 296
2069 4 2 7 7 280 350 296 253
2070 4 2 7 7 296 320 281 253
2071 4 2 7 7 320 281 232 297
2072 4 2 7 7 281 351 254 297
2073 4 2 7 7 297 321 254 282
2074 4 2 7 7 321 255 282 322
2075 4 2 7 7 282 352 322 298
2076 4 2 7 7 353 283 299 323
2077 4 2 7 7 283 324 256 323
2078 4 2 7 7 300 324 257 283
2079 4 2 7 7 324 257 256 325
2080 4 2 7 7 257 326 258 325
2081 4 2 7 7 328 235 300 284
2082 4 2 7 7 300 354 284 257
2083 4 2 7 7 284 326 259 257
2084 4 2 7 7 326 259 258 327
2085 4 2 7 7 259 329 260 327
2086 4 2 7 7 328 301 261 284
2087 4 2 7 7 301 221 284 285
2088 4 2 7 7 284 355 285 259
2089 4 2 7 7 285 329 262 259
2090 4 2 7 7 329 262 260 330
2091 4 2 7 7 262 331 263 330
2092 4 2 7 7 356 286 261 301
2093 4 2 7 7 286 333 236 301
2094 4 2 7 7 301 302 236 285
2095 4 2 7 7 302 222 285 287
2096 4 2 7 7 285 357 287 262
2097 4 2 7 7 287 331 264 262
2098 4 2 7 7 331 264 263 332
2099 4 2 7 7 264 334 265 332
2100 4 2 7 7 303 333 266 286
2101 4 2 7 7 333 266 236 302
2102 4 2 7 7 266 336 237 302
2103 4 2 7 7 302 304 237 287
2104 4 2 7 7 304 224 287 288
2105 4 2 7 7 287 358 288 264
2106 4 2 7 7 288 334 267 264
2107 4 2 7 7 334 267 265 335
2108 4 2 7 7 267 337 268 335
2109 4 2 7 7 339 238 303 289
2110 4 2 7 7 303 359 289 266
2111 4 2 7 7 289 336 269 266
2112 4 2 7 7 336 269 237 304
2113 4 2 7 7 269 340 239 304
2114 4 2 7 7 304 305 239 288
2115 4 2 7 7 305 225 288 290
2116 4 2 7 7 288 360 290 267
2117 4 2 7 7 290 337 270 267
2118 4 2 7 7 337 270 268 338
2119 4 2 7 7 270 341 271 338
2120 4 2 7 7 339 306 272 289
2121 4 2 7 7 306 226 289 291
2122 4 2 7 7 289 361 291 269
2123 4 2 7 7 291 340 273 269
2124 4 2 7 7 340 273 239 305
2125 4 2 7 7 273 343 240 305
2126 4 2 7 7 305 307 240 290
2127 4 2 7 7 307 227 290 292
2128 4 2 7 7 290 362 292 270
2129 4 2 7 7 292 341 274 270
2130 4 2 7 7 341 274 271 342
2131 4 2 7 7 274 344 275 342
2132 4 2 7 7 306 318 251 291
2133 4 2 7 7 318 230 291 295
2134 4 2 7 7 291 363 295 273
2135 4 2 7 7 295 343 280 273
2136 4 2 7 7 343 280 240 307
2137 4 2 7 7 280 350 253 307
2138 4 2 7 7 307 320 253 292
2139 4 2 7 7 320 232 292 297
2140 4 2 7 7 292 364 297 274
2141 4 2 7 7 297 344 282 274
2142 4 2 7 7 344 282 275 345
2143 4 2 7 7 282 352 298 345
2144 4 2 7 7 309 308 243 310
2145 4 2 7 7 276 346 309 244
2146 4 2 7 7 309 311 310 244
2147 4 2 7 7 311 310 245 312
2148 4 2 7 7 293 346 276 277
2149 4 2 7 7 346 244 277 311
2150 4 2 7 7 277 347 311 246
2151 4 2 7 7 311 313 312 246
2152 4 2 7 7 313 312 247 314
2153 4 2 7 7 315 293 229 294
2154 4 2 7 7 293 365 277 294
2155 4 2 7 7 294 347 277 278
2156 4 2 7 7 347 246 278 313
2157 4 2 7 7 278 348 313 249
2158 4 2 7 7 313 316 314 249
2159 4 2 7 7 316 314 250 317
2160 4 2 7 7 279 349 315 252
2161 4 2 7 7 315 319 294 252
2162 4 2 7 7 319 294 231 296
2163 4 2 7 7 294 366 278 296
2164 4 2 7 7 296 348 278 281
2165 4 2 7 7 348 249 281 316
2166 4 2 7 7 281 351 316 254
2167 4 2 7 7 316 321 317 254
2168 4 2 7 7 321 317 255 322
2169 4 2 7 7 318 349 279 295
2170 4 2 7 7 349 252 295 319
2171 4 2 7 7 295 367 319 280
2172 4 2 7 7 319 350 296 280
2173 4 2 7 7 350 296 253 320
2174 4 2 7 7 296 368 281 320
2175 4 2 7 7 320 351 281 297
2176 4 2 7 7 351 254 297 321
2177 4 2 7 7 297 369 321 282
2178 4 2 7 7 321 352 322 282
2179 4 2 7 7 352 322 298 370
2180 4 2 7 7 353 299 371 323
2181 4 2 7 7 353 324 283 323
2182 4 2 7 7 324 256 323 325
2183 4 2 7 7 372 300 283 324
2184 4 2 7 7 300 354 257 324
2185 4 2 7 7 324 326 257 325
2186 4 2 7 7 326 258 325 327
2187 4 2 7 7 328 354 284 300
2188 4 2 7 7 354 284 257 326
2189 4 2 7 7 284 355 259 326
2190 4 2 7 7 326 329 259 327
2191 4 2 7 7 329 260 327 330
2192 4 2 7 7 356 261 328 301
2193 4 2 7 7 328 373 301 284
2194 4 2 7 7 301 355 285 284
2195 4 2 7 7 355 285 259 329
2196 4 2 7 7 285 357 262 329
2197 4 2 7 7 329 331 262 330
2198 4 2 7 7 331 263 330 332
2199 4 2 7 7 356 333 286 301
2200 4 2 7 7 333 236 301 302
2201 4 2 7 7 301 374 302 285
2202 4 2 7 7 302 357 287 285
2203 4 2 7 7 357 287 262 331
2204 4 2 7 7 287 358 264 331
2205 4 2 7 7 331 334 264 332
2206 4 2 7 7 334 265 332 335
2207 4 2 7 7 375 303 286 333
2208 4 2 7 7 303 359 266 333
2209 4 2 7 7 333 336 266 302
2210 4 2 7 7 336 237 302 304
2211 4 2 7 7 302 376 304 287
2212 4 2 7 7 304 358 288 287
2213 4 2 7 7 358 288 264 334
2214 4 2 7 7 288 360 267 334
2215 4 2 7 7 334 337 267 335
2216 4 2 7 7 337 268 335 338
2217 4 2 7 7 339 359 289 303
2218 4 2 7 7 359 289 266 336
2219 4 2 7 7 289 361 269 336
2220 4 2 7 7 336 340 269 304
2221 4 2 7 7 340 239 304 305
2222 4 2 7 7 304 377 305 288
2223 4 2 7 7 305 360 290 288
2224 4 2 7 7 360 290 267 337
2225 4 2 7 7 290 362 270 337
2226 4 2 7 7 337 341 270 338
2227 4 2 7 7 341 271 338 342
2228 4 2 7 7 339 378 306 289
2229 4 2 7 7 306 361 291 289
2230 4 2 7 7 361 291 269 340
2231 4 2 7 7 291 363 273 340
2232 4 2 7 7 340 343 273 305
2233 4 2 7 7 343 240 305 307
2234 4 2 7 7 305 379 307 290
2235 4 2 7 7 307 362 292 290
2236 4 2 7 7 362 292 270 341
2237 4 2 7 7 292 364 274 341
2238 4 2 7 7 341 344 274 342
2239 4 2 7 7 344 275 342 345
2240 4 2 7 7 306 380 318 291
2241 4 2 7 7 318 363 295 291
2242 4 2 7 7 363 295 273 343
2243 4 2 7 7 295 367 280 343
2244 4 2 7 7 343 350 280 307
2245 4 2 7 7 350 253 307 320
2246 4 2 7 7 307 381 320 292
2247 4 2 7 7 320 364 297 292
2248 4 2 7 7 364 297 274 344
2249 4 2 7 7 297 369 282 344
2250 4 2 7 7 344 352 282 345
2251 4 2 7 7 352 298 345 370
2252 4 2 7 7 309 382 308 310
2253 4 2 7 7 346 309 244 311
2254 4 2 7 7 309 383 310 311
2255 4 2 7 7 311 384 310 312
2256 4 2 7 7 293 365 346 277
2257 4 2 7 7 346 347 311 277
2258 4 2 7 7 347 311 246 313
2259 4 2 7 7 311 385 312 313
2260 4 2 7 7 313 386 312 314
2261 4 2 7 7 315 365 293 294
2262 4 2 7 7 365 277 294 347
2263 4 2 7 7 294 366 347 278
2264 4 2 7 7 347 348 313 278
2265 4 2 7 7 348 313 249 316
2266 4 2 7 7 313 387 314 316
2267 4 2 7 7 316 388 314 317
2268 4 2 7 7 349 315 252 319
2269 4 2 7 7 315 389 294 319
2270 4 2 7 7 319 366 294 296
2271 4 2 7 7 366 278 296 348
2272 4 2 7 7 296 368 348 281
2273 4 2 7 7 348 351 316 281
2274 4 2 7 7 351 316 254 321
2275 4 2 7 7 316 390 317 321
2276 4 2 7 7 321 391 317 322
2277 4 2 7 7 318 392 349 295
2278 4 2 7 7 349 367 319 295
2279 4 2 7 7 367 319 280 350
2280 4 2 7 7 319 393 296 350
2281 4 2 7 7 350 368 296 320
2282 4 2 7 7 368 281 320 351
2283 4 2 7 7 320 394 351 297
2284 4 2 7 7 351 369 321 297
2285 4 2 7 7 369 321 282 352
2286 4 2 7 7 321 395 322 352
2287 4 2 7 7 352 396 322 370
2288 4 2 7 7 353 397 323 371
2289 4 2 7 7 372 283 353 324
2290 4 2 7 7 353 398 324 323
2291 4 2 7 7 324 399 325 323
2292 4 2 7 7 372 354 300 324
2293 4 2 7 7 354 257 324 326
2294 4 2 7 7 324 400 326 325
2295 4 2 7 7 326 401 327 325
2296 4 2 7 7 402 328 300 354
2297 4 2 7 7 328 373 284 354
2298 4 2 7 7 354 355 284 326
2299 4 2 7 7 355 259 326 329
2300 4 2 7 7 326 403 329 327
2301 4 2 7 7 329 404 330 327
2302 4 2 7 7 356 373 301 328
2303 4 2 7 7 373 301 284 355
2304 4 2 7 7 301 374 285 355
2305 4 2 7 7 355 357 285 329
2306 4 2 7 7 357 262 329 331
2307 4 2 7 7 329 405 331 330
2308 4 2 7 7 331 406 332 330
2309 4 2 7 7 375 286 356 333
2310 4 2 7 7 356 407 333 301
2311 4 2 7 7 333 374 302 301
2312 4 2 7 7 374 302 285 357
2313 4 2 7 7 302 376 287 357
2314 4 2 7 7 357 358 287 331
2315 4 2 7 7 358 264 331 334
2316 4 2 7 7 331 408 334 332
2317 4 2 7 7 334 409 335 332
2318 4 2 7 7 375 359 303 333
2319 4 2 7 7 359 266 333 336
2320 4 2 7 7 333 410 336 302
2321 4 2 7 7 336 376 304 302
2322 4 2 7 7 376 304 287 358
2323 4 2 7 7 304 377 288 358
2324 4 2 7 7 358 360 288 334
2325 4 2 7 7 360 267 334 337
2326 4 2 7 7 334 411 337 335
2327 4 2 7 7 337 412 338 335
2328 4 2 7 7 413 339 303 359
2329 4 2 7 7 339 378 289 359
2330 4 2 7 7 359 361 289 336
2331 4 2 7 7 361 269 336 340
2332 4 2 7 7 336 414 340 304
2333 4 2 7 7 340 377 305 304
2334 4 2 7 7 377 305 288 360
2335 4 2 7 7 305 379 290 360
2336 4 2 7 7 360 362 290 337
2337 4 2 7 7 362 270 337 341
2338 4 2 7 7 337 415 341 338
2339 4 2 7 7 341 416 342 338
2340 4 2 7 7 378 306 289 361
2341 4 2 7 7 306 380 291 361
2342 4 2 7 7 361 363 291 340
2343 4 2 7 7 363 273 340 343
2344 4 2 7 7 340 417 343 305
2345 4 2 7 7 343 379 307 305
2346 4 2 7 7 379 307 290 362
2347 4 2 7 7 307 381 292 362
2348 4 2 7 7 362 364 292 341
2349 4 2 7 7 364 274 341 344
2350 4 2 7 7 341 418 344 342
2351 4 2 7 7 344 419 345 342
2352 4 2 7 7 380 318 291 363
2353 4 2 7 7 318 392 295 363
2354 4 2 7 7 363 367 295 343
2355 4 2 7 7 367 280 343 350
2356 4 2 7 7 343 420 350 307
2357 4 2 7 7 350 381 320 307
2358 4 2 7 7 381 320 292 364
2359 4 2 7 7 320 394 297 364
2360 4 2 7 7 364 369 297 344
2361 4 2 7 7 369 282 344 352
2362 4 2 7 7 344 421 352 345
2363 4 2 7 7 352 422 370 345
2364 4 2 7 7 309 383 382 310
2365 4 2 7 7 346 383 309 311
2366 4 2 7 7 383 310 311 384
2367 4 2 7 7 311 385 384 312
2368 4 2 7 7 365 346 277 347
2369 4 2 7 7 346 423 311 347
2370 4 2 7 7 347 385 311 313
2371 4 2 7 7 385 312 313 386
2372 4 2 7 7 313 387 386 314
2373 4 2 7 7 315 389 365 294
2374 4 2 7 7 365 366 347 294
2375 4 2 7 7 366 347 278 348
2376 4 2 7 7 347 424 313 348
2377 4 2 7 7 348 387 313 316
2378 4 2 7 7 387 314 316 388
2379 4 2 7 7 316 390 388 317
2380 4 2 7 7 349 389 315 319
2381 4 2 7 7 389 294 319 366
2382 4 2 7 7 319 393 366 296
2383 4 2 7 7 366 368 348 296
2384 4 2 7 7 368 348 281 351
2385 4 2 7 7 348 425 316 351
2386 4 2 7 7 351 390 316 321
2387 4 2 7 7 390 317 321 391
2388 4 2 7 7 321 395 391 322
2389 4 2 7 7 392 349 295 367
2390 4 2 7 7 349 426 319 367
2391 4 2 7 7 367 393 319 350
2392 4 2 7 7 393 296 350 368
2393 4 2 7 7 350 427 368 320
2394 4 2 7 7 368 394 351 320
2395 4 2 7 7 394 351 297 369
2396 4 2 7 7 351 428 321 369
2397 4 2 7 7 369 395 321 352
2398 4 2 7 7 395 322 352 396
2399 4 2 7 7 352 429 396 370
2400 4 2 7 7 353 398 323 397
2401 4 2 7 7 372 398 324 353
2402 4 2 7 7 398 324 323 399
2403 4 2 7 7 324 400 325 399
2404 4 2 7 7 402 300 372 354
2405 4 2 7 7 372 430 354 324
2406 4 2 7 7 354 400 326 324
2407 4 2 7 7 400 326 325 401
2408 4 2 7 7 326 403 327 401
2409 4 2 7 7 402 373 328 354
2410 4 2 7 7 373 284 354 355
2411 4 2 7 7 354 431 355 326
2412 4 2 7 7 355 403 329 326
2413 4 2 7 7 403 329 327 404
2414 4 2 7 7 329 405 330 404
2415 4 2 7 7 432 356 328 373
2416 4 2 7 7 356 407 301 373
2417 4 2 7 7 373 374 301 355
2418 4 2 7 7 374 285 355 357
2419 4 2 7 7 355 433 357 329
2420 4 2 7 7 357 405 331 329
2421 4 2 7 7 405 331 330 406
2422 4 2 7 7 331 408 332 406
2423 4 2 7 7 375 407 333 356
2424 4 2 7 7 407 333 301 374
2425 4 2 7 7 333 410 302 374
2426 4 2 7 7 374 376 302 357
2427 4 2 7 7 376 287 357 358
2428 4 2 7 7 357 434 358 331
2429 4 2 7 7 358 408 334 331
2430 4 2 7 7 408 334 332 409
2431 4 2 7 7 334 411 335 409
2432 4 2 7 7 413 303 375 359
2433 4 2 7 7 375 435 359 333
2434 4 2 7 7 359 410 336 333
2435 4 2 7 7 410 336 302 376
2436 4 2 7 7 336 414 304 376
2437 4 2 7 7 376 377 304 358
2438 4 2 7 7 377 288 358 360
2439 4 2 7 7 358 436 360 334
2440 4 2 7 7 360 411 337 334
2441 4 2 7 7 411 337 335 412
2442 4 2 7 7 337 415 338 412
2443 4 2 7 7 413 378 339 359
2444 4 2 7 7 378 289 359 361
2445 4 2 7 7 359 437 361 336
2446 4 2 7 7 361 414 340 336
2447 4 2 7 7 414 340 304 377
2448 4 2 7 7 340 417 305 377
2449 4 2 7 7 377 379 305 360
2450 4 2 7 7 379 290 360 362
2451 4 2 7 7 360 438 362 337
2452 4 2 7 7 362 415 341 337
2453 4 2 7 7 415 341 338 416
2454 4 2 7 7 341 418 342 416
2455 4 2 7 7 378 380 306 361
2456 4 2 7 7 380 291 361 363
2457 4 2 7 7 361 439 363 340
2458 4 2 7 7 363 417 343 340
2459 4 2 7 7 417 343 305 379
2460 4 2 7 7 343 420 307 379
2461 4 2 7 7 379 381 307 362
2462 4 2 7 7 381 292 362 364
2463 4 2 7 7 362 440 364 341
2464 4 2 7 7 364 418 344 341
2465 4 2 7 7 418 344 342 419
2466 4 2 7 7 344 421 345 419
2467 4 2 7 7 380 392 318 363
2468 4 2 7 7 392 295 363 367
2469 4 2 7 7 363 441 367 343
2470 4 2 7 7 367 420 350 343
2471 4 2 7 7 420 350 307 381
2472 4 2 7 7 350 427 320 381
2473 4 2 7 7 381 394 320 364
2474 4 2 7 7 394 297 364 369
2475 4 2 7 7 364 442 369 344
2476 4 2 7 7 369 421 352 344
2477 4 2 7 7 421 352 345 422
2478 4 2 7 7 352 429 370 422
2479 4 2 7 7 383 382 310 384
2480 4 2 7 7 346 423 383 311
2481 4 2 7 7 383 385 384 311
2482 4 2 7 7 385 384 312 386
2483 4 2 7 7 365 423 346 347
2484 4 2 7 7 423 311 347 385
2485 4 2 7 7 347 424 385 313
2486 4 2 7 7 385 387 386 313
2487 4 2 7 7 387 386 314 388
2488 4 2 7 7 389 365 294 366
2489 4 2 7 7 365 443 347 366
2490 4 2 7 7 366 424 347 348
2491 4 2 7 7 424 313 348 387
2492 4 2 7 7 348 425 387 316
2493 4 2 7 7 387 390 388 316
2494 4 2 7 7 390 388 317 391
2495 4 2 7 7 349 426 389 319
2496 4 2 7 7 389 393 366 319
2497 4 2 7 7 393 366 296 368
2498 4 2 7 7 366 444 348 368
2499 4 2 7 7 368 425 348 351
2500 4 2 7 7 425 316 351 390
2501 4 2 7 7 351 428 390 321
2502 4 2 7 7 390 395 391 321
2503 4 2 7 7 395 391 322 396
2504 4 2 7 7 392 426 349 367
2505 4 2 7 7 426 319 367 393
2506 4 2 7 7 367 445 393 350
2507 4 2 7 7 393 427 368 350
2508 4 2 7 7 427 368 320 394
2509 4 2 7 7 368 446 351 394
2510 4 2 7 7 394 428 351 369
2511 4 2 7 7 428 321 369 395
2512 4 2 7 7 369 447 395 352
2513 4 2 7 7 395 429 396 352
2514 4 2 7 7 398 323 397 399
2515 4 2 7 7 372 430 324 398
2516 4 2 7 7 398 400 324 399
2517 4 2 7 7 400 325 399 401
2518 4 2 7 7 402 430 354 372
2519 4 2 7 7 430 354 324 400
2520 4 2 7 7 354 431 326 400
2521 4 2 7 7 400 403 326 401
2522 4 2 7 7 403 327 401 404
2523 4 2 7 7 432 328 402 373
2524 4 2 7 7 402 448 373 354
2525 4 2 7 7 373 431 355 354
2526 4 2 7 7 431 355 326 403
2527 4 2 7 7 355 433 329 403
2528 4 2 7 7 403 405 329 404
2529 4 2 7 7 405 330 404 406
2530 4 2 7 7 432 407 356 373
2531 4 2 7 7 407 301 373 374
2532 4 2 7 7 373 449 374 355
2533 4 2 7 7 374 433 357 355
2534 4 2 7 7 433 357 329 405
2535 4 2 7 7 357 434 331 405
2536 4 2 7 7 405 408 331 406
2537 4 2 7 7 408 332 406 409
2538 4 2 7 7 450 375 356 407
2539 4 2 7 7 375 435 333 407
2540 4 2 7 7 407 410 333 374
2541 4 2 7 7 410 302 374 376
2542 4 2 7 7 374 451 376 357
2543 4 2 7 7 376 434 358 357
2544 4 2 7 7 434 358 331 408
2545 4 2 7 7 358 436 334 408
2546 4 2 7 7 408 411 334 409
2547 4 2 7 7 411 335 409 412
2548 4 2 7 7 413 435 359 375
2549 4 2 7 7 435 359 333 410
2550 4 2 7 7 359 437 336 410
2551 4 2 7 7 410 414 336 376
2552 4 2 7 7 414 304 376 377
2553 4 2 7 7 376 452 377 358
2554 4 2 7 7 377 436 360 358
2555 4 2 7 7 436 360 334 411
2556 4 2 7 7 360 438 337 411
2557 4 2 7 7 411 415 337 412
2558 4 2 7 7 415 338 412 416
2559 4 2 7 7 413 453 378 359
2560 4 2 7 7 378 437 361 359
2561 4 2 7 7 437 361 336 414
2562 4 2 7 7 361 439 340 414
2563 4 2 7 7 414 417 340 377
2564 4 2 7 7 417 305 377 379
2565 4 2 7 7 377 454 379 360
2566 4 2 7 7 379 438 362 360
2567 4 2 7 7 438 362 337 415
2568 4 2 7 7 362 440 341 415
2569 4 2 7 7 415 418 341 416
2570 4 2 7 7 418 342 416 419
2571 4 2 7 7 378 455 380 361
2572 4 2 7 7 380 439 363 361
2573 4 2 7 7 439 363 340 417
2574 4 2 7 7 363 441 343 417
2575 4 2 7 7 417 420 343 379
2576 4 2 7 7 420 307 379 381
2577 4 2 7 7 379 456 381 362
2578 4 2 7 7 381 440 364 362
2579 4 2 7 7 440 364 341 418
2580 4 2 7 7 364 442 344 418
2581 4 2 7 7 418 421 344 419
2582 4 2 7 7 421 345 419 422
2583 4 2 7 7 380 457 392 363
2584 4 2 7 7 392 441 367 363
2585 4 2 7 7 441 367 343 420
2586 4 2 7 7 367 445 350 420
2587 4 2 7 7 420 427 350 381
2588 4 2 7 7 427 320 381 394
2589 4 2 7 7 381 458 394 364
2590 4 2 7 7 394 442 369 364
2591 4 2 7 7 442 369 344 421
2592 4 2 7 7 369 447 352 421
2593 4 2 7 7 421 429 352 422
2594 4 2 7 7 383 459 382 384
2595 4 2 7 7 423 383 311 385
2596 4 2 7 7 383 460 384 385
2597 4 2 7 7 385 461 384 386
2598 4 2 7 7 365 443 423 347
2599 4 2 7 7 423 424 385 347
2600 4 2 7 7 424 385 313 387
2601 4 2 7 7 385 462 386 387
2602 4 2 7 7 387 463 386 388
2603 4 2 7 7 389 443 365 366
2604 4 2 7 7 443 347 366 424
2605 4 2 7 7 366 444 424 348
2606 4 2 7 7 424 425 387 348
2607 4 2 7 7 425 387 316 390
2608 4 2 7 7 387 464 388 390
2609 4 2 7 7 390 465 388 391
2610 4 2 7 7 426 389 319 393
2611 4 2 7 7 389 466 366 393
2612 4 2 7 7 393 444 366 368
2613 4 2 7 7 444 348 368 425
2614 4 2 7 7 368 446 425 351
2615 4 2 7 7 425 428 390 351
2616 4 2 7 7 428 390 321 395
2617 4 2 7 7 390 467 391 395
2618 4 2 7 7 395 468 391 396
2619 4 2 7 7 392 469 426 367
2620 4 2 7 7 426 445 393 367
2621 4 2 7 7 445 393 350 427
2622 4 2 7 7 393 470 368 427
2623 4 2 7 7 427 446 368 394
2624 4 2 7 7 446 351 394 428
2625 4 2 7 7 394 471 428 369
2626 4 2 7 7 428 447 395 369
2627 4 2 7 7 447 395 352 429
2628 4 2 7 7 395 472 396 429
2629 4 2 7 7 398 473 399 397
2630 4 2 7 7 430 324 398 400
2631 4 2 7 7 398 474 400 399
2632 4 2 7 7 400 475 401 399
2633 4 2 7 7 402 448 354 430
2634 4 2 7 7 430 431 354 400
2635 4 2 7 7 431 326 400 403
2636 4 2 7 7 400 476 403 401
2637 4 2 7 7 403 477 404 401
2638 4 2 7 7 432 448 373 402
2639 4 2 7 7 448 373 354 431
2640 4 2 7 7 373 449 355 431
2641 4 2 7 7 431 433 355 403
2642 4 2 7 7 433 329 403 405
2643 4 2 7 7 403 478 405 404
2644 4 2 7 7 405 479 406 404
2645 4 2 7 7 450 356 432 407
2646 4 2 7 7 432 480 407 373
2647 4 2 7 7 407 449 374 373
2648 4 2 7 7 449 374 355 433
2649 4 2 7 7 374 451 357 433
2650 4 2 7 7 433 434 357 405
2651 4 2 7 7 434 331 405 408
2652 4 2 7 7 405 481 408 406
2653 4 2 7 7 408 482 409 406
2654 4 2 7 7 450 435 375 407
2655 4 2 7 7 435 333 407 410
2656 4 2 7 7 407 483 410 374
2657 4 2 7 7 410 451 376 374
2658 4 2 7 7 451 376 357 434
2659 4 2 7 7 376 452 358 434
2660 4 2 7 7 434 436 358 408
2661 4 2 7 7 436 334 408 411
2662 4 2 7 7 408 484 411 409
2663 4 2 7 7 411 485 412 409
2664 4 2 7 7 486 413 375 435
2665 4 2 7 7 413 453 359 435
2666 4 2 7 7 435 437 359 410
2667 4 2 7 7 437 336 410 414
2668 4 2 7 7 410 487 414 376
2669 4 2 7 7 414 452 377 376
2670 4 2 7 7 452 377 358 436
2671 4 2 7 7 377 454 360 436
2672 4 2 7 7 436 438 360 411
2673 4 2 7 7 438 337 411 415
2674 4 2 7 7 411 488 415 412
2675 4 2 7 7 415 489 416 412
2676 4 2 7 7 453 378 359 437
2677 4 2 7 7 378 455 361 437
2678 4 2 7 7 437 439 361 414
2679 4 2 7 7 439 340 414 417
2680 4 2 7 7 414 490 417 377
2681 4 2 7 7 417 454 379 377
2682 4 2 7 7 454 379 360 438
2683 4 2 7 7 379 456 362 438
2684 4 2 7 7 438 440 362 415
2685 4 2 7 7 440 341 415 418
2686 4 2 7 7 415 491 418 416
2687 4 2 7 7 418 492 419 416
2688 4 2 7 7 455 380 361 439
2689 4 2 7 7 380 457 363 439
2690 4 2 7 7 439 441 363 417
2691 4 2 7 7 441 343 417 420
2692 4 2 7 7 417 493 420 379
2693 4 2 7 7 420 456 381 379
2694 4 2 7 7 456 381 362 440
2695 4 2 7 7 381 458 364 440
2696 4 2 7 7 440 442 364 418
2697 4 2 7 7 442 344 418 421
2698 4 2 7 7 418 494 421 419
2699 4 2 7 7 421 495 422 419
2700 4 2 7 7 457 392 363 441
2701 4 2 7 7 392 469 367 441
2702 4 2 7 7 441 445 367 420
2703 4 2 7 7 445 350 420 427
2704 4 2 7 7 420 496 427 381
2705 4 2 7 7 427 458 394 381
2706 4 2 7 7 458 394 364 442
2707 4 2 7 7 394 471 369 442
2708 4 2 7 7 442 447 369 421
2709 4 2 7 7 447 352 421 429
2710 4 2 7 7 421 497 429 422
2711 4 2 7 7 383 460 459 384
2712 4 2 7 7 423 460 383 385
2713 4 2 7 7 460 384 385 461
2714 4 2 7 7 385 462 461 386
2715 4 2 7 7 443 423 347 424
2716 4 2 7 7 423 498 385 424
2717 4 2 7 7 424 462 385 387
2718 4 2 7 7 462 386 387 463
2719 4 2 7 7 387 464 463 388
2720 4 2 7 7 389 466 443 366
2721 4 2 7 7 443 444 424 366
2722 4 2 7 7 444 424 348 425
2723 4 2 7 7 424 499 387 425
2724 4 2 7 7 425 464 387 390
2725 4 2 7 7 464 388 390 465
2726 4 2 7 7 390 467 465 391
2727 4 2 7 7 426 466 389 393
2728 4 2 7 7 466 366 393 444
2729 4 2 7 7 393 470 444 368
2730 4 2 7 7 444 446 425 368
2731 4 2 7 7 446 425 351 428
2732 4 2 7 7 425 500 390 428
2733 4 2 7 7 428 467 390 395
2734 4 2 7 7 467 391 395 468
2735 4 2 7 7 395 472 468 396
2736 4 2 7 7 469 426 367 445
2737 4 2 7 7 426 501 393 445
2738 4 2 7 7 445 470 393 427
2739 4 2 7 7 470 368 427 446
2740 4 2 7 7 427 502 446 394
2741 4 2 7 7 446 471 428 394
2742 4 2 7 7 471 428 369 447
2743 4 2 7 7 428 503 395 447
2744 4 2 7 7 447 472 395 429
2745 4 2 7 7 398 474 399 473
2746 4 2 7 7 430 474 400 398
2747 4 2 7 7 474 400 399 475
2748 4 2 7 7 400 476 401 475
2749 4 2 7 7 448 354 430 431
2750 4 2 7 7 430 504 431 400
2751 4 2 7 7 431 476 403 400
2752 4 2 7 7 476 403 401 477
2753 4 2 7 7 403 478 404 477
2754 4 2 7 7 432 480 373 448
2755 4 2 7 7 448 449 373 431
2756 4 2 7 7 449 355 431 433
2757 4 2 7 7 431 505 433 403
2758 4 2 7 7 433 478 405 403
2759 4 2 7 7 478 405 404 479
2760 4 2 7 7 405 481 406 479
2761 4 2 7 7 450 480 407 432
2762 4 2 7 7 480 407 373 449
2763 4 2 7 7 407 483 374 449
2764 4 2 7 7 449 451 374 433
2765 4 2 7 7 451 357 433 434
2766 4 2 7 7 433 506 434 405
2767 4 2 7 7 434 481 408 405
2768 4 2 7 7 481 408 406 482
2769 4 2 7 7 408 484 409 482
2770 4 2 7 7 486 375 450 435
2771 4 2 7 7 450 507 435 407
2772 4 2 7 7 435 483 410 407
2773 4 2 7 7 483 410 374 451
2774 4 2 7 7 410 487 376 451
2775 4 2 7 7 451 452 376 434
2776 4 2 7 7 452 358 434 436
2777 4 2 7 7 434 508 436 408
2778 4 2 7 7 436 484 411 408
2779 4 2 7 7 484 411 409 485
2780 4 2 7 7 411 488 412 485
2781 4 2 7 7 486 453 413 435
2782 4 2 7 7 453 359 435 437
2783 4 2 7 7 435 509 437 410
2784 4 2 7 7 437 487 414 410
2785 4 2 7 7 487 414 376 452
2786 4 2 7 7 414 490 377 452
2787 4 2 7 7 452 454 377 436
2788 4 2 7 7 454 360 436 438
2789 4 2 7 7 436 510 438 411
2790 4 2 7 7 438 488 415 411
2791 4 2 7 7 488 415 412 489
2792 4 2 7 7 415 491 416 489
2793 4 2 7 7 453 455 378 437
2794 4 2 7 7 455 361 437 439
2795 4 2 7 7 437 511 439 414
2796 4 2 7 7 439 490 417 414
2797 4 2 7 7 490 417 377 454
2798 4 2 7 7 417 493 379 454
2799 4 2 7 7 454 456 379 438
2800 4 2 7 7 456 362 438 440
2801 4 2 7 7 438 512 440 415
2802 4 2 7 7 440 491 418 415
2803 4 2 7 7 491 418 416 492
2804 4 2 7 7 418 494 419 492
2805 4 2 7 7 455 457 380 439
2806 4 2 7 7 457 363 439 441
2807 4 2 7 7 439 513 441 417
2808 4 2 7 7 441 493 420 417
2809 4 2 7 7 493 420 379 456
2810 4 2 7 7 420 496 381 456
2811 4 2 7 7 456 458 381 440
2812 4 2 7 7 458 364 440 442
2813 4 2 7 7 440 514 442 418
2814 4 2 7 7 442 494 421 418
2815 4 2 7 7 494 421 419 495
2816 4 2 7 7 421 497 422 495
2817 4 2 7 7 457 469 392 441
2818 4 2 7 7 469 367 441 445
2819 4 2 7 7 441 515 445 420
2820 4 2 7 7 445 496 427 420
2821 4 2 7 7 496 427 381 458
2822 4 2 7 7 427 502 394 458
2823 4 2 7 7 458 471 394 442
2824 4 2 7 7 471 369 442 447
2825 4 2 7 7 442 516 447 421
2826 4 2 7 7 447 497 429 421
2827 4 2 7 7 460 459 384 461
2828 4 2 7 7 423 498 460 385
2829 4 2 7 7 460 462 461 385
2830 4 2 7 7 462 461 386 463
2831 4 2 7 7 443 498 423 424
2832 4 2 7 7 498 385 424 462
2833 4 2 7 7 424 499 462 387
2834 4 2 7 7 462 464 463 387
2835 4 2 7 7 464 463 388 465
2836 4 2 7 7 466 443 366 444
2837 4 2 7 7 443 517 424 444
2838 4 2 7 7 444 499 424 425
2839 4 2 7 7 499 387 425 464
2840 4 2 7 7 425 500 464 390
2841 4 2 7 7 464 467 465 390
2842 4 2 7 7 467 465 391 468
2843 4 2 7 7 426 501 466 393
2844 4 2 7 7 466 470 444 393
2845 4 2 7 7 470 444 368 446
2846 4 2 7 7 444 518 425 446
2847 4 2 7 7 446 500 425 428
2848 4 2 7 7 500 390 428 467
2849 4 2 7 7 428 503 467 395
2850 4 2 7 7 467 472 468 395
2851 4 2 7 7 469 501 426 445
2852 4 2 7 7 501 393 445 470
2853 4 2 7 7 445 519 470 427
2854 4 2 7 7 470 502 446 427
2855 4 2 7 7 502 446 394 471
2856 4 2 7 7 446 520 428 471
2857 4 2 7 7 471 503 428 447
2858 4 2 7 7 503 395 447 472
2859 4 2 7 7 447 521 472 429
2860 4 2 7 7 474 399 473 475
2861 4 2 7 7 430 504 400 474
2862 4 2 7 7 474 476 400 475
2863 4 2 7 7 476 401 475 477
2864 4 2 7 7 448 504 431 430
2865 4 2 7 7 504 431 400 476
2866 4 2 7 7 431 505 403 476
2867 4 2 7 7 476 478 403 477
2868 4 2 7 7 478 404 477 479
2869 4 2 7 7 480 373 448 449
2870 4 2 7 7 448 522 449 431
2871 4 2 7 7 449 505 433 431
2872 4 2 7 7 505 433 403 478
2873 4 2 7 7 433 506 405 478
2874 4 2 7 7 478 481 405 479
2875 4 2 7 7 481 406 479 482
2876 4 2 7 7 450 507 407 480
2877 4 2 7 7 480 483 407 449
2878 4 2 7 7 483 374 449 451
2879 4 2 7 7 449 523 451 433
2880 4 2 7 7 451 506 434 433
2881 4 2 7 7 506 434 405 481
2882 4 2 7 7 434 508 408 481
2883 4 2 7 7 481 484 408 482
2884 4 2 7 7 484 409 482 485
2885 4 2 7 7 486 507 435 450
2886 4 2 7 7 507 435 407 483
2887 4 2 7 7 435 509 410 483
2888 4 2 7 7 483 487 410 451
2889 4 2 7 7 487 376 451 452
2890 4 2 7 7 451 524 452 434
2891 4 2 7 7 452 508 436 434
2892 4 2 7 7 508 436 408 484
2893 4 2 7 7 436 510 411 484
2894 4 2 7 7 484 488 411 485
2895 4 2 7 7 488 412 485 489
2896 4 2 7 7 486 525 453 435
2897 4 2 7 7 453 509 437 435
2898 4 2 7 7 509 437 410 487
2899 4 2 7 7 437 511 414 487
2900 4 2 7 7 487 490 414 452
2901 4 2 7 7 490 377 452 454
2902 4 2 7 7 452 526 454 436
2903 4 2 7 7 454 510 438 436
2904 4 2 7 7 510 438 411 488
2905 4 2 7 7 438 512 415 488
2906 4 2 7 7 488 491 415 489
2907 4 2 7 7 491 416 489 492
2908 4 2 7 7 453 527 455 437
2909 4 2 7 7 455 511 439 437
2910 4 2 7 7 511 439 414 490
2911 4 2 7 7 439 513 417 490
2912 4 2 7 7 490 493 417 454
2913 4 2 7 7 493 379 454 456
2914 4 2 7 7 454 528 456 438
2915 4 2 7 7 456 512 440 438
2916 4 2 7 7 512 440 415 491
2917 4 2 7 7 440 514 418 491
2918 4 2 7 7 491 494 418 492
2919 4 2 7 7 494 419 492 495
2920 4 2 7 7 455 529 457 439
2921 4 2 7 7 457 513 441 439
2922 4 2 7 7 513 441 417 493
2923 4 2 7 7 441 515 420 493
2924 4 2 7 7 493 496 420 456
2925 4 2 7 7 496 381 456 458
2926 4 2 7 7 456 530 458 440
2927 4 2 7 7 458 514 442 440
2928 4 2 7 7 514 442 418 494
2929 4 2 7 7 442 516 421 494
2930 4 2 7 7 494 497 421 495
2931 4 2 7 7 457 531 469 441
2932 4 2 7 7 469 515 445 441
2933 4 2 7 7 515 445 420 496
2934 4 2 7 7 445 519 427 496
2935 4 2 7 7 496 502 427 458
2936 4 2 7 7 502 394 458 471
2937 4 2 7 7 458 532 471 442
2938 4 2 7 7 471 516 447 442
2939 4 2 7 7 516 447 421 497
2940 4 2 7 7 447 521 429 497
2941 4 2 7 7 460 533 459 461
2942 4 2 7 7 498 460 385 462
2943 4 2 7 7 460 534 461 462
2944 4 2 7 7 462 535 461 463
2945 4 2 7 7 443 517 498 424
2946 4 2 7 7 498 499 462 424
2947 4 2 7 7 499 462 387 464
2948 4 2 7 7 462 536 463 464
2949 4 2 7 7 464 537 463 465
2950 4 2 7 7 466 517 443 444
2951 4 2 7 7 517 424 444 499
2952 4 2 7 7 444 518 499 425
2953 4 2 7 7 499 500 464 425
2954 4 2 7 7 500 464 390 467
2955 4 2 7 7 464 538 465 467
2956 4 2 7 7 467 539 465 468
2957 4 2 7 7 501 466 393 470
2958 4 2 7 7 466 540 444 470
2959 4 2 7 7 470 518 444 446
2960 4 2 7 7 518 425 446 500
2961 4 2 7 7 446 520 500 428
2962 4 2 7 7 500 503 467 428
2963 4 2 7 7 503 467 395 472
2964 4 2 7 7 467 541 468 472
2965 4 2 7 7 469 542 501 445
2966 4 2 7 7 501 519 470 445
2967 4 2 7 7 519 470 427 502
2968 4 2 7 7 470 543 446 502
2969 4 2 7 7 502 520 446 471
2970 4 2 7 7 520 428 471 503
2971 4 2 7 7 471 544 503 447
2972 4 2 7 7 503 521 472 447
2973 4 2 7 7 474 545 475 473
2974 4 2 7 7 504 400 474 476
2975 4 2 7 7 474 546 476 475
2976 4 2 7 7 476 547 477 475
2977 4 2 7 7 448 522 431 504
2978 4 2 7 7 504 505 431 476
2979 4 2 7 7 505 403 476 478
2980 4 2 7 7 476 548 478 477
2981 4 2 7 7 478 549 479 477
2982 4 2 7 7 480 522 449 448
2983 4 2 7 7 522 449 431 505
2984 4 2 7 7 449 523 433 505
2985 4 2 7 7 505 506 433 478
2986 4 2 7 7 506 405 478 481
2987 4 2 7 7 478 550 481 479
2988 4 2 7 7 481 551 482 479
2989 4 2 7 7 507 407 480 483
2990 4 2 7 7 480 552 483 449
2991 4 2 7 7 483 523 451 449
2992 4 2 7 7 523 451 433 506
2993 4 2 7 7 451 524 434 506
2994 4 2 7 7 506 508 434 481
2995 4 2 7 7 508 408 481 484
2996 4 2 7 7 481 553 484 482
2997 4 2 7 7 484 554 485 482
2998 4 2 7 7 486 525 435 507
2999 4 2 7 7 507 509 435 483
3000 4 2 7 7 509 410 483 487
3001 4 2 7 7 483 555 487 451
3002 4 2 7 7 487 524 452 451
3003 4 2 7 7 524 452 434 508
3004 4 2 7 7 452 526 436 508
3005 4 2 7 7 508 510 436 484
3006 4 2 7 7 510 411 484 488
3007 4 2 7 7 484 556 488 485
3008 4 2 7 7 488 557 489 485
3009 4 2 7 7 525 453 435 509
3010 4 2 7 7 453 527 437 509
3011 4 2 7 7 509 511 437 487
3012 4 2 7 7 511 414 487 490
3013 4 2 7 7 487 558 490 452
3014 4 2 7 7 490 526 454 452
3015 4 2 7 7 526 454 436 510
3016 4 2 7 7 454 528 438 510
3017 4 2 7 7 510 512 438 488
3018 4 2 7 7 512 415 488 491
3019 4 2 7 7 488 559 491 489
3020 4 2 7 7 491 560 492 489
3021 4 2 7 7 527 455 437 511
3022 4 2 7 7 455 529 439 511
3023 4 2 7 7 511 513 439 490
3024 4 2 7 7 513 417 490 493
3025 4 2 7 7 490 561 493 454
3026 4 2 7 7 493 528 456 454
3027 4 2 7 7 528 456 438 512
3028 4 2 7 7 456 530 440 512
3029 4 2 7 7 512 514 440 491
3030 4 2 7 7 514 418 491 494
3031 4 2 7 7 491 562 494 492
3032 4 2 7 7 494 563 495 492
3033 4 2 7 7 529 457 439 513
3034 4 2 7 7 457 531 441 513
3035 4 2 7 7 513 515 441 493
3036 4 2 7 7 515 420 493 496
3037 4 2 7 7 493 564 496 456
3038 4 2 7 7 496 530 458 456
3039 4 2 7 7 530 458 440 514
3040 4 2 7 7 458 532 442 514
3041 4 2 7 7 514 516 442 494
3042 4 2 7 7 516 421 494 497
3043 4 2 7 7 494 565 497 495
3044 4 2 7 7 531 469 441 515
3045 4 2 7 7 469 542 445 515
3046 4 2 7 7 515 519 445 496
3047 4 2 7 7 519 427 496 502
3048 4 2 7 7 496 566 502 458
3049 4 2 7 7 502 532 471 458
3050 4 2 7 7 532 471 442 516
3051 4 2 7 7 471 544 447 516
3052 4 2 7 7 516 521 447 497
3053 4 2 7 7 460 534 533 461
3054 4 2 7 7 498 534 460 462
3055 4 2 7 7 534 461 462 535
3056 4 2 7 7 462 536 535 463
3057 4 2 7 7 517 498 424 499
3058 4 2 7 7 498 567 462 499
3059 4 2 7 7 499 536 462 464
3060 4 2 7 7 536 463 464 537
3061 4 2 7 7 464 538 537 465
3062 4 2 7 7 466 540 517 444
3063 4 2 7 7 517 518 499 444
3064 4 2 7 7 518 499 425 500
3065 4 2 7 7 499 568 464 500
3066 4 2 7 7 500 538 464 467
3067 4 2 7 7 538 465 467 539
3068 4 2 7 7 467 541 539 468
3069 4 2 7 7 501 540 466 470
3070 4 2 7 7 540 444 470 518
3071 4 2 7 7 470 543 518 446
3072 4 2 7 7 518 520 500 446
3073 4 2 7 7 520 500 428 503
3074 4 2 7 7 500 569 467 503
3075 4 2 7 7 503 541 467 472
3076 4 2 7 7 542 501 445 519
3077 4 2 7 7 501 570 470 519
3078 4 2 7 7 519 543 470 502
3079 4 2 7 7 543 446 502 520
3080 4 2 7 7 502 571 520 471
3081 4 2 7 7 520 544 503 471
3082 4 2 7 7 544 503 447 521
3083 4 2 7 7 503 572 472 521
3084 4 2 7 7 474 546 475 545
3085 4 2 7 7 504 546 476 474
3086 4 2 7 7 546 476 475 547
3087 4 2 7 7 476 548 477 547
3088 4 2 7 7 522 431 504 505
3089 4 2 7 7 504 573 505 476
3090 4 2 7 7 505 548 478 476
3091 4 2 7 7 548 478 477 549
3092 4 2 7 7 478 550 479 549
3093 4 2 7 7 480 552 449 522
3094 4 2 7 7 522 523 449 505
3095 4 2 7 7 523 433 505 506
3096 4 2 7 7 505 574 506 478
3097 4 2 7 7 506 550 481 478
3098 4 2 7 7 550 481 479 551
3099 4 2 7 7 481 553 482 551
3100 4 2 7 7 507 552 483 480
3101 4 2 7 7 552 483 449 523
3102 4 2 7 7 483 555 451 523
3103 4 2 7 7 523 524 451 506
3104 4 2 7 7 524 434 506 508
3105 4 2 7 7 506 575 508 481
3106 4 2 7 7 508 553 484 481
3107 4 2 7 7 553 484 482 554
3108 4 2 7 7 484 556 485 554
3109 4 2 7 7 525 435 507 509
3110 4 2 7 7 507 576 509 483
3111 4 2 7 7 509 555 487 483
3112 4 2 7 7 555 487 451 524
3113 4 2 7 7 487 558 452 524
3114 4 2 7 7 524 526 452 508
3115 4 2 7 7 526 436 508 510
3116 4 2 7 7 508 577 510 484
3117 4 2 7 7 510 556 488 484
3118 4 2 7 7 556 488 485 557
3119 4 2 7 7 488 559 489 557
3120 4 2 7 7 525 527 453 509
3121 4 2 7 7 527 437 509 511
3122 4 2 7 7 509 578 511 487
3123 4 2 7 7 511 558 490 487
3124 4 2 7 7 558 490 452 526
3125 4 2 7 7 490 561 454 526
3126 4 2 7 7 526 528 454 510
3127 4 2 7 7 528 438 510 512
3128 4 2 7 7 510 579 512 488
3129 4 2 7 7 512 559 491 488
3130 4 2 7 7 559 491 489 560
3131 4 2 7 7 491 562 492 560
3132 4 2 7 7 527 529 455 511
3133 4 2 7 7 529 439 511 513
3134 4 2 7 7 511 580 513 490
3135 4 2 7 7 513 561 493 490
3136 4 2 7 7 561 493 454 528
3137 4 2 7 7 493 564 456 528
3138 4 2 7 7 528 530 456 512
3139 4 2 7 7 530 440 512 514
3140 4 2 7 7 512 581 514 491
3141 4 2 7 7 514 562 494 491
3142 4 2 7 7 562 494 492 563
3143 4 2 7 7 494 565 495 563
3144 4 2 7 7 529 531 457 513
3145 4 2 7 7 531 441 513 515
3146 4 2 7 7 513 582 515 493
3147 4 2 7 7 515 564 496 493
3148 4 2 7 7 564 496 456 530
3149 4 2 7 7 496 566 458 530
3150 4 2 7 7 530 532 458 514
3151 4 2 7 7 532 442 514 516
3152 4 2 7 7 514 583 516 494
3153 4 2 7 7 516 565 497 494
3154 4 2 7 7 531 542 469 515
3155 4 2 7 7 542 445 515 519
3156 4 2 7 7 515 584 519 496
3157 4 2 7 7 519 566 502 496
3158 4 2 7 7 566 502 458 532
3159 4 2 7 7 502 571 471 532
3160 4 2 7 7 532 544 471 516
3161 4 2 7 7 544 447 516 521
3162 4 2 7 7 516 585 521 497
3163 4 2 7 7 534 533 461 535
3164 4 2 7 7 498 567 534 462
3165 4 2 7 7 534 536 535 462
3166 4 2 7 7 536 535 463 537
3167 4 2 7 7 517 567 498 499
3168 4 2 7 7 567 462 499 536
3169 4 2 7 7 499 568 536 464
3170 4 2 7 7 536 538 537 464
3171 4 2 7 7 538 537 465 539
3172 4 2 7 7 540 517 444 518
3173 4 2 7 7 517 586 499 518
3174 4 2 7 7 518 568 499 500
3175 4 2 7 7 568 464 500 538
3176 4 2 7 7 500 569 538 467
3177 4 2 7 7 538 541 539 467
3178 4 2 7 7 501 570 540 470
3179 4 2 7 7 540 543 518 470
3180 4 2 7 7 543 518 446 520
3181 4 2 7 7 518 587 500 520
3182 4 2 7 7 520 569 500 503
3183 4 2 7 7 569 467 503 541
3184 4 2 7 7 503 572 541 472
3185 4 2 7 7 542 570 501 519
3186 4 2 7 7 570 470 519 543
3187 4 2 7 7 519 588 543 502
3188 4 2 7 7 543 571 520 502
3189 4 2 7 7 571 520 471 544
3190 4 2 7 7 520 589 503 544
3191 4 2 7 7 544 572 503 521
3192 4 2 7 7 546 475 545 547
3193 4 2 7 7 504 573 476 546
3194 4 2 7 7 546 548 476 547
3195 4 2 7 7 548 477 547 549
3196 4 2 7 7 522 573 505 504
3197 4 2 7 7 573 505 476 548
3198 4 2 7 7 505 574 478 548
3199 4 2 7 7 548 550 478 549
3200 4 2 7 7 550 479 549 551
3201 4 2 7 7 552 449 522 523
3202 4 2 7 7 522 590 523 505
3203 4 2 7 7 523 574 506 505
3204 4 2 7 7 574 506 478 550
3205 4 2 7 7 506 575 481 550
3206 4 2 7 7 550 553 481 551
3207 4 2 7 7 553 482 551 554
3208 4 2 7 7 507 576 483 552
3209 4 2 7 7 552 555 483 523
3210 4 2 7 7 555 451 523 524
3211 4 2 7 7 523 591 524 506
3212 4 2 7 7 524 575 508 506
3213 4 2 7 7 575 508 481 553
3214 4 2 7 7 508 577 484 553
3215 4 2 7 7 553 556 484 554
3216 4 2 7 7 556 485 554 557
3217 4 2 7 7 525 576 509 507
3218 4 2 7 7 576 509 483 555
3219 4 2 7 7 509 578 487 555
3220 4 2 7 7 555 558 487 524
3221 4 2 7 7 558 452 524 526
3222 4 2 7 7 524 592 526 508
3223 4 2 7 7 526 577 510 508
3224 4 2 7 7 577 510 484 556
3225 4 2 7 7 510 579 488 556
3226 4 2 7 7 556 559 488 557
3227 4 2 7 7 559 489 557 560
3228 4 2 7 7 525 593 527 509
3229 4 2 7 7 527 578 511 509
3230 4 2 7 7 578 511 487 558
3231 4 2 7 7 511 580 490 558
3232 4 2 7 7 558 561 490 526
3233 4 2 7 7 561 454 526 528
3234 4 2 7 7 526 594 528 510
3235 4 2 7 7 528 579 512 510
3236 4 2 7 7 579 512 488 559
3237 4 2 7 7 512 581 491 559
3238 4 2 7 7 559 562 491 560
3239 4 2 7 7 562 492 560 563
3240 4 2 7 7 527 595 529 511
3241 4 2 7 7 529 580 513 511
3242 4 2 7 7 580 513 490 561
3243 4 2 7 7 513 582 493 561
3244 4 2 7 7 561 564 493 528
3245 4 2 7 7 564 456 528 530
3246 4 2 7 7 528 596 530 512
3247 4 2 7 7 530 581 514 512
3248 4 2 7 7 581 514 491 562
3249 4 2 7 7 514 583 494 562
3250 4 2 7 7 562 565 494 563
3251 4 2 7 7 529 597 531 513
3252 4 2 7 7 531 582 515 513
3253 4 2 7 7 582 515 493 564
3254 4 2 7 7 515 584 496 564
3255 4 2 7 7 564 566 496 530
3256 4 2 7 7 566 458 530 532
3257 4 2 7 7 530 598 532 514
3258 4 2 7 7 532 583 516 514
3259 4 2 7 7 583 516 494 565
3260 4 2 7 7 516 585 497 565
3261 4 2 7 7 531 599 542 515
3262 4 2 7 7 542 584 519 515
3263 4 2 7 7 584 519 496 566
3264 4 2 7 7 519 588 502 566
3265 4 2 7 7 566 571 502 532
3266 4 2 7 7 571 471 532 544
3267 4 2 7 7 532 600 544 516
3268 4 2 7 7 544 585 521 516
3269 4 2 7 7 534 601 533 535
3270 4 2 7 7 567 534 462 536
3271 4 2 7 7 534 602 535 536
3272 4 2 7 7 536 603 535 537
3273 4 2 7 7 517 586 567 499
3274 4 2 7 7 567 568 536 499
3275 4 2 7 7 568 536 464 538
3276 4 2 7 7 536 604 537 538
3277 4 2 7 7 538 605 537 539
3278 4 2 7 7 540 586 517 518
3279 4 2 7 7 586 499 518 568
3280 4 2 7 7 518 587 568 500
3281 4 2 7 7 568 569 538 500
3282 4 2 7 7 569 538 467 541
3283 4 2 7 7 538 606 539 541
3284 4 2 7 7 570 540 470 543
3285 4 2 7 7 540 607 518 543
3286 4 2 7 7 543 587 518 520
3287 4 2 7 7 587 500 520 569
3288 4 2 7 7 520 589 569 503
3289 4 2 7 7 569 572 541 503
3290 4 2 7 7 542 608 570 519
3291 4 2 7 7 570 588 543 519
3292 4 2 7 7 588 543 502 571
3293 4 2 7 7 543 609 520 571
3294 4 2 7 7 571 589 520 544
3295 4 2 7 7 589 503 544 572
3296 4 2 7 7 544 610 572 521
3297 4 2 7 7 546 611 547 545
3298 4 2 7 7 573 476 546 548
3299 4 2 7 7 546 612 548 547
3300 4 2 7 7 548 613 549 547
3301 4 2 7 7 522 590 505 573
3302 4 2 7 7 573 574 505 548
3303 4 2 7 7 574 478 548 550
3304 4 2 7 7 548 614 550 549
3305 4 2 7 7 550 615 551 549
3306 4 2 7 7 552 590 523 522
3307 4 2 7 7 590 523 505 574
3308 4 2 7 7 523 591 506 574
3309 4 2 7 7 574 575 506 550
3310 4 2 7 7 575 481 550 553
3311 4 2 7 7 550 616 553 551
3312 4 2 7 7 553 617 554 551
3313 4 2 7 7 576 483 552 555
3314 4 2 7 7 552 618 555 523
3315 4 2 7 7 555 591 524 523
3316 4 2 7 7 591 524 506 575
3317 4 2 7 7 524 592 508 575
3318 4 2 7 7 575 577 508 553
3319 4 2 7 7 577 484 553 556
3320 4 2 7 7 553 619 556 554
3321 4 2 7 7 556 620 557 554
3322 4 2 7 7 525 593 509 576
3323 4 2 7 7 576 578 509 555
3324 4 2 7 7 578 487 555 558
3325 4 2 7 7 555 621 558 524
3326 4 2 7 7 558 592 526 524
3327 4 2 7 7 592 526 508 577
3328 4 2 7 7 526 594 510 577
3329 4 2 7 7 577 579 510 556
3330 4 2 7 7 579 488 556 559
3331 4 2 7 7 556 622 559 557
3332 4 2 7 7 559 623 560 557
3333 4 2 7 7 593 527 509 578
3334 4 2 7 7 527 595 511 578
3335 4 2 7 7 578 580 511 558
3336 4 2 7 7 580 490 558 561
3337 4 2 7 7 558 624 561 526
3338 4 2 7 7 561 594 528 526
3339 4 2 7 7 594 528 510 579
3340 4 2 7 7 528 596 512 579
3341 4 2 7 7 579 581 512 559
3342 4 2 7 7 581 491 559 562
3343 4 2 7 7 559 625 562 560
3344 4 2 7 7 562 626 563 560
3345 4 2 7 7 595 529 511 580
3346 4 2 7 7 529 597 513 580
3347 4 2 7 7 580 582 513 561
3348 4 2 7 7 582 493 561 564
3349 4 2 7 7 561 627 564 528
3350 4 2 7 7 564 596 530 528
3351 4 2 7 7 596 530 512 581
3352 4 2 7 7 530 598 514 581
3353 4 2 7 7 581 583 514 562
3354 4 2 7 7 583 494 562 565
3355 4 2 7 7 562 628 565 563
3356 4 2 7 7 597 531 513 582
3357 4 2 7 7 531 599 515 582
3358 4 2 7 7 582 584 515 564
3359 4 2 7 7 584 496 564 566
3360 4 2 7 7 564 629 566 530
3361 4 2 7 7 566 598 532 530
3362 4 2 7 7 598 532 514 583
3363 4 2 7 7 532 600 516 583
3364 4 2 7 7 583 585 516 565
3365 4 2 7 7 599 542 515 584
3366 4 2 7 7 542 608 519 584
3367 4 2 7 7 584 588 519 566
3368 4 2 7 7 588 502 566 571
3369 4 2 7 7 566 630 571 532
3370 4 2 7 7 571 600 544 532
3371 4 2 7 7 600 544 516 585
3372 4 2 7 7 544 610 521 585
3373 4 2 7 7 534 602 601 535
3374 4 2 7 7 567 602 534 536
3375 4 2 7 7 602 535 536 603
3376 4 2 7 7 536 604 603 537
3377 4 2 7 7 586 567 499 568
3378 4 2 7 7 567 631 536 568
3379 4 2 7 7 568 604 536 538
3380 4 2 7 7 604 537 538 605
3381 4 2 7 7 538 606 605 539
3382 4 2 7 7 540 607 586 518
3383 4 2 7 7 586 587 568 518
3384 4 2 7 7 587 568 500 569
3385 4 2 7 7 568 632 538 569
3386 4 2 7 7 569 606 538 541
3387 4 2 7 7 570 607 540 543
3388 4 2 7 7 607 518 543 587
3389 4 2 7 7 543 609 587 520
3390 4 2 7 7 587 589 569 520
3391 4 2 7 7 589 569 503 572
3392 4 2 7 7 569 633 541 572
3393 4 2 7 7 608 570 519 588
3394 4 2 7 7 570 634 543 588
3395 4 2 7 7 588 609 543 571
3396 4 2 7 7 609 520 571 589
3397 4 2 7 7 571 635 589 544
3398 4 2 7 7 589 610 572 544
3399 4 2 7 7 546 612 547 611
3400 4 2 7 7 573 612 548 546
3401 4 2 7 7 612 548 547 613
3402 4 2 7 7 548 614 549 613
3403 4 2 7 7 590 505 573 574
3404 4 2 7 7 573 636 574 548
3405 4 2 7 7 574 614 550 548
3406 4 2 7 7 614 550 549 615
3407 4 2 7 7 550 616 551 615
3408 4 2 7 7 552 618 523 590
3409 4 2 7 7 590 591 523 574
3410 4 2 7 7 591 506 574 575
3411 4 2 7 7 574 637 575 550
3412 4 2 7 7 575 616 553 550
3413 4 2 7 7 616 553 551 617
3414 4 2 7 7 553 619 554 617
3415 4 2 7 7 576 618 555 552
3416 4 2 7 7 618 555 523 591
3417 4 2 7 7 555 621 524 591
3418 4 2 7 7 591 592 524 575
3419 4 2 7 7 592 508 575 577
3420 4 2 7 7 575 638 577 553
3421 4 2 7 7 577 619 556 553
3422 4 2 7 7 619 556 554 620
3423 4 2 7 7 556 622 557 620
3424 4 2 7 7 593 509 576 578
3425 4 2 7 7 576 639 578 555
3426 4 2 7 7 578 621 558 555
3427 4 2 7 7 621 558 524 592
3428 4 2 7 7 558 624 526 592
3429 4 2 7 7 592 594 526 577
3430 4 2 7 7 594 510 577 579
3431 4 2 7 7 577 640 579 556
3432 4 2 7 7 579 622 559 556
3433 4 2 7 7 622 559 557 623
3434 4 2 7 7 559 625 560 623
3435 4 2 7 7 593 595 527 578
3436 4 2 7 7 595 511 578 580
3437 4 2 7 7 578 641 580 558
3438 4 2 7 7 580 624 561 558
3439 4 2 7 7 624 561 526 594
3440 4 2 7 7 561 627 528 594
3441 4 2 7 7 594 596 528 579
3442 4 2 7 7 596 512 579 581
3443 4 2 7 7 579 642 581 559
3444 4 2 7 7 581 625 562 559
3445 4 2 7 7 625 562 560 626
3446 4 2 7 7 562 628 563 626
3447 4 2 7 7 595 597 529 580
3448 4 2 7 7 597 513 580 582
3449 4 2 7 7 580 643 582 561
3450 4 2 7 7 582 627 564 561
3451 4 2 7 7 627 564 528 596
3452 4 2 7 7 564 629 530 596
3453 4 2 7 7 596 598 530 581
3454 4 2 7 7 598 514 581 583
3455 4 2 7 7 581 644 583 562
3456 4 2 7 7 583 628 565 562
3457 4 2 7 7 597 599 531 582
3458 4 2 7 7 599 515 582 584
3459 4 2 7 7 582 645 584 564
3460 4 2 7 7 584 629 566 564
3461 4 2 7 7 629 566 530 598
3462 4 2 7 7 566 630 532 598
3463 4 2 7 7 598 600 532 583
3464 4 2 7 7 600 516 583 585
3465 4 2 7 7 583 646 585 565
3466 4 2 7 7 599 608 542 584
3467 4 2 7 7 608 519 584 588
3468 4 2 7 7 584 647 588 566
3469 4 2 7 7 588 630 571 566
3470 4 2 7 7 630 571 532 600
3471 4 2 7 7 571 635 544 600
3472 4 2 7 7 600 610 544 585
3473 4 2 7 7 602 601 535 603
3474 4 2 7 7 567 631 602 536
3475 4 2 7 7 602 604 603 536
3476 4 2 7 7 604 603 537 605
3477 4 2 7 7 586 631 567 568
3478 4 2 7 7 631 536 568 604
3479 4 2 7 7 568 632 604 538
3480 4 2 7 7 604 606 605 538
3481 4 2 7 7 607 586 518 587
3482 4 2 7 7 586 648 568 587
3483 4 2 7 7 587 632 568 569
3484 4 2 7 7 632 538 569 606
3485 4 2 7 7 569 633 606 541
3486 4 2 7 7 570 634 607 543
3487 4 2 7 7 607 609 587 543
3488 4 2 7 7 609 587 520 589
3489 4 2 7 7 587 649 569 589
3490 4 2 7 7 589 633 569 572
3491 4 2 7 7 608 634 570 588
3492 4 2 7 7 634 543 588 609
3493 4 2 7 7 588 650 609 571
3494 4 2 7 7 609 635 589 571
3495 4 2 7 7 635 589 544 610
3496 4 2 7 7 589 651 572 610
3497 4 2 7 7 612 547 611 613
3498 4 2 7 7 573 636 548 612
3499 4 2 7 7 612 614 548 613
3500 4 2 7 7 614 549 613 615
3501 4 2 7 7 590 636 574 573
3502 4 2 7 7 636 574 548 614
3503 4 2 7 7 574 637 550 614
3504 4 2 7 7 614 616 550 615
3505 4 2 7 7 616 551 615 617
3506 4 2 7 7 618 523 590 591
3507 4 2 7 7 590 652 591 574
3508 4 2 7 7 591 637 575 574
3509 4 2 7 7 637 575 550 616
3510 4 2 7 7 575 638 553 616
3511 4 2 7 7 616 619 553 617
3512 4 2 7 7 619 554 617 620
3513 4 2 7 7 576 639 555 618
3514 4 2 7 7 618 621 555 591
3515 4 2 7 7 621 524 591 592
3516 4 2 7 7 591 653 592 575
3517 4 2 7 7 592 638 577 575
3518 4 2 7 7 638 577 553 619
3519 4 2 7 7 577 640 556 619
3520 4 2 7 7 619 622 556 620
3521 4 2 7 7 622 557 620 623
3522 4 2 7 7 593 639 578 576
3523 4 2 7 7 639 578 555 621
3524 4 2 7 7 578 641 558 621
3525 4 2 7 7 621 624 558 592
3526 4 2 7 7 624 526 592 594
3527 4 2 7 7 592 654 594 577
3528 4 2 7 7 594 640 579 577
3529 4 2 7 7 640 579 556 622
3530 4 2 7 7 579 642 559 622
3531 4 2 7 7 622 625 559 623
3532 4 2 7 7 625 560 623 626
3533 4 2 7 7 593 655 595 578
3534 4 2 7 7 595 641 580 578
3535 4 2 7 7 641 580 558 624
3536 4 2 7 7 580 643 561 624
3537 4 2 7 7 624 627 561 594
3538 4 2 7 7 627 528 594 596
3539 4 2 7 7 594 656 596 579
3540 4 2 7 7 596 642 581 579
3541 4 2 7 7 642 581 559 625
3542 4 2 7 7 581 644 562 625
3543 4 2 7 7 625 628 562 626
3544 4 2 7 7 595 657 597 580
3545 4 2 7 7 597 643 582 580
3546 4 2 7 7 643 582 561 627
3547 4 2 7 7 582 645 564 627
3548 4 2 7 7 627 629 564 596
3549 4 2 7 7 629 530 596 598
3550 4 2 7 7 596 658 598 581
3551 4 2 7 7 598 644 583 581
3552 4 2 7 7 644 583 562 628
3553 4 2 7 7 583 646 565 628
3554 4 2 7 7 597 659 599 582
3555 4 2 7 7 599 645 584 582
3556 4 2 7 7 645 584 564 629
3557 4 2 7 7 584 647 566 629
3558 4 2 7 7 629 630 566 598
3559 4 2 7 7 630 532 598 600
3560 4 2 7 7 598 660 600 583
3561 4 2 7 7 600 646 585 583
3562 4 2 7 7 599 661 608 584
3563 4 2 7 7 608 647 588 584
3564 4 2 7 7 647 588 566 630
3565 4 2 7 7 588 650 571 630
3566 4 2 7 7 630 635 571 600
3567 4 2 7 7 635 544 600 610
3568 4 2 7 7 600 662 610 585
3569 4 2 7 7 602 663 601 603
3570 4 2 7 7 631 602 536 604
3571 4 2 7 7 602 664 603 604
3572 4 2 7 7 604 665 603 605
3573 4 2 7 7 586 648 631 568
3574 4 2 7 7 631 632 604 568
3575 4 2 7 7 632 604 538 606
3576 4 2 7 7 604 666 605 606
3577 4 2 7 7 607 648 586 587
3578 4 2 7 7 648 568 587 632
3579 4 2 7 7 587 649 632 569
3580 4 2 7 7 632 633 606 569
3581 4 2 7 7 634 607 543 609
3582 4 2 7 7 607 667 587 609
3583 4 2 7 7 609 649 587 589
3584 4 2 7 7 649 569 589 633
3585 4 2 7 7 589 651 633 572
3586 4 2 7 7 608 668 634 588
3587 4 2 7 7 634 650 609 588
3588 4 2 7 7 650 609 571 635
3589 4 2 7 7 609 669 589 635
3590 4 2 7 7 635 651 589 610
3591 4 2 7 7 612 670 613 611
3592 4 2 7 7 636 548 612 614
3593 4 2 7 7 612 671 614 613
3594 4 2 7 7 614 672 615 613
3595 4 2 7 7 590 652 574 636
3596 4 2 7 7 636 637 574 614
3597 4 2 7 7 637 550 614 616
3598 4 2 7 7 614 673 616 615
3599 4 2 7 7 616 674 617 615
3600 4 2 7 7 618 652 591 590
3601 4 2 7 7 652 591 574 637
3602 4 2 7 7 591 653 575 637
3603 4 2 7 7 637 638 575 616
3604 4 2 7 7 638 553 616 619
3605 4 2 7 7 616 675 619 617
3606 4 2 7 7 619 676 620 617
3607 4 2 7 7 639 555 618 621
3608 4 2 7 7 618 677 621 591
3609 4 2 7 7 621 653 592 591
3610 4 2 7 7 653 592 575 638
3611 4 2 7 7 592 654 577 638
3612 4 2 7 7 638 640 577 619
3613 4 2 7 7 640 556 619 622
3614 4 2 7 7 619 678 622 620
3615 4 2 7 7 622 679 623 620
3616 4 2 7 7 593 655 578 639
3617 4 2 7 7 639 641 578 621
3618 4 2 7 7 641 558 621 624
3619 4 2 7 7 621 680 624 592
3620 4 2 7 7 624 654 594 592
3621 4 2 7 7 654 594 577 640
3622 4 2 7 7 594 656 579 640
3623 4 2 7 7 640 642 579 622
3624 4 2 7 7 642 559 622 625
3625 4 2 7 7 622 681 625 623
3626 4 2 7 7 625 682 626 623
3627 4 2 7 7 655 595 578 641
3628 4 2 7 7 595 657 580 641
3629 4 2 7 7 641 643 580 624
3630 4 2 7 7 643 561 624 627
3631 4 2 7 7 624 683 627 594
3632 4 2 7 7 627 656 596 594
3633 4 2 7 7 656 596 579 642
3634 4 2 7 7 596 658 581 642
3635 4 2 7 7 642 644 581 625
3636 4 2 7 7 644 562 625 628
3637 4 2 7 7 625 684 628 626
3638 4 2 7 7 657 597 580 643
3639 4 2 7 7 597 659 582 643
3640 4 2 7 7 643 645 582 627
3641 4 2 7 7 645 564 627 629
3642 4 2 7 7 627 685 629 596
3643 4 2 7 7 629 658 598 596
3644 4 2 7 7 658 598 581 644
3645 4 2 7 7 598 660 583 644
3646 4 2 7 7 644 646 583 628
3647 4 2 7 7 659 599 582 645
3648 4 2 7 7 599 661 584 645
3649 4 2 7 7 645 647 584 629
3650 4 2 7 7 647 566 629 630
3651 4 2 7 7 629 686 630 598
3652 4 2 7 7 630 660 600 598
3653 4 2 7 7 660 600 583 646
3654 4 2 7 7 600 662 585 646
3655 4 2 7 7 661 608 584 647
3656 4 2 7 7 608 668 588 647
3657 4 2 7 7 647 650 588 630
3658 4 2 7 7 650 571 630 635
3659 4 2 7 7 630 687 635 600
3660 4 2 7 7 635 662 610 600
3661 4 2 7 7 602 664 663 603
3662 4 2 7 7 631 664 602 604
3663 4 2 7 7 664 603 604 665
3664 4 2 7 7 604 666 665 605
3665 4 2 7 7 648 631 568 632
3666 4 2 7 7 631 688 604 632
3667 4 2 7 7 632 666 604 606
3668 4 2 7 7 607 667 648 587
3669 4 2 7 7 648 649 632 587
3670 4 2 7 7 649 632 569 633
3671 4 2 7 7 632 689 606 633
3672 4 2 7 7 634 667 607 609
3673 4 2 7 7 667 587 609 649
3674 4 2 7 7 609 669 649 589
3675 4 2 7 7 649 651 633 589
3676 4 2 7 7 668 634 588 650
3677 4 2 7 7 634 690 609 650
3678 4 2 7 7 650 669 609 635
3679 4 2 7 7 669 589 635 651
3680 4 2 7 7 635 691 651 610
3681 4 2 7 7 612 671 613 670
3682 4 2 7 7 636 671 614 612
3683 4 2 7 7 671 614 613 672
3684 4 2 7 7 614 673 615 672
3685 4 2 7 7 652 574 636 637
3686 4 2 7 7 636 692 637 614
3687 4 2 7 7 637 673 616 614
3688 4 2 7 7 673 616 615 674
3689 4 2 7 7 616 675 617 674
3690 4 2 7 7 618 677 591 652
3691 4 2 7 7 652 653 591 637
3692 4 2 7 7 653 575 637 638
3693 4 2 7 7 637 693 638 616
3694 4 2 7 7 638 675 619 616
3695 4 2 7 7 675 619 617 676
3696 4 2 7 7 619 678 620 676
3697 4 2 7 7 639 677 621 618
3698 4 2 7 7 677 621 591 653
3699 4 2 7 7 621 680 592 653
3700 4 2 7 7 653 654 592 638
3701 4 2 7 7 654 577 638 640
3702 4 2 7 7 638 694 640 619
3703 4 2 7 7 640 678 622 619
3704 4 2 7 7 678 622 620 679
3705 4 2 7 7 622 681 623 679
3706 4 2 7 7 655 578 639 641
3707 4 2 7 7 639 695 641 621
3708 4 2 7 7 641 680 624 621
3709 4 2 7 7 680 624 592 654
3710 4 2 7 7 624 683 594 654
3711 4 2 7 7 654 656 594 640
3712 4 2 7 7 656 579 640 642
3713 4 2 7 7 640 696 642 622
3714 4 2 7 7 642 681 625 622
3715 4 2 7 7 681 625 623 682
3716 4 2 7 7 625 684 626 682
3717 4 2 7 7 655 657 595 641
3718 4 2 7 7 657 580 641 643
3719 4 2 7 7 641 697 643 624
3720 4 2 7 7 643 683 627 624
3721 4 2 7 7 683 627 594 656
3722 4 2 7 7 627 685 596 656
3723 4 2 7 7 656 658 596 642
3724 4 2 7 7 658 581 642 644
3725 4 2 7 7 642 698 644 625
3726 4 2 7 7 644 684 628 625
3727 4 2 7 7 657 659 597 643
3728 4 2 7 7 659 582 643 645
3729 4 2 7 7 643 699 645 627
3730 4 2 7 7 645 685 629 627
3731 4 2 7 7 685 629 596 658
3732 4 2 7 7 629 686 598 658
3733 4 2 7 7 658 660 598 644
3734 4 2 7 7 660 583 644 646
3735 4 2 7 7 644 700 646 628
3736 4 2 7 7 659 661 599 645
3737 4 2 7 7 661 584 645 647
3738 4 2 7 7 645 701 647 629
3739 4 2 7 7 647 686 630 629
3740 4 2 7 7 686 630 598 660
3741 4 2 7 7 630 687 600 660
3742 4 2 7 7 660 662 600 646
3743 4 2 7 7 661 668 608 647
3744 4 2 7 7 668 588 647 650
3745 4 2 7 7 647 702 650 630
3746 4 2 7 7 650 687 635 630
3747 4 2 7 7 687 635 600 662
3748 4 2 7 7 635 691 610 662
3749 4 2 7 7 664 663 603 665
3750 4 2 7 7 631 688 664 604
3751 4 2 7 7 664 666 665 604
3752 4 2 7 7 648 688 631 632
3753 4 2 7 7 688 604 632 666
3754 4 2 7 7 632 689 666 606
3755 4 2 7 7 667 648 587 649
3756 4 2 7 7 648 703 632 649
3757 4 2 7 7 649 689 632 633
3758 4 2 7 7 634 690 667 609
3759 4 2 7 7 667 669 649 609
3760 4 2 7 7 669 649 589 651
3761 4 2 7 7 649 704 633 651
3762 4 2 7 7 668 690 634 650
3763 4 2 7 7 690 609 650 669
3764 4 2 7 7 650 705 669 635
3765 4 2 7 7 669 691 651 635
3766 4 2 7 7 671 613 670 672
3767 4 2 7 7 636 692 614 671
3768 4 2 7 7 671 673 614 672
3769 4 2 7 7 673 615 672 674
3770 4 2 7 7 652 692 637 636
3771 4 2 7 7 692 637 614 673
3772 4 2 7 7 637 693 616 673
3773 4 2 7 7 673 675 616 674
3774 4 2 7 7 675 617 674 676
3775 4 2 7 7 677 591 652 653
3776 4 2 7 7 652 706 653 637
3777 4 2 7 7 653 693 638 637
3778 4 2 7 7 693 638 616 675
3779 4 2 7 7 638 694 619 675
3780 4 2 7 7 675 678 619 676
3781 4 2 7 7 678 620 676 679
3782 4 2 7 7 639 695 621 677
3783 4 2 7 7 677 680 621 653
3784 4 2 7 7 680 592 653 654
3785 4 2 7 7 653 707 654 638
3786 4 2 7 7 654 694 640 638
3787 4 2 7 7 694 640 619 678
3788 4 2 7 7 640 696 622 678
3789 4 2 7 7 678 681 622 679
3790 4 2 7 7 681 623 679 682
3791 4 2 7 7 655 695 641 639
3792 4 2 7 7 695 641 621 680
3793 4 2 7 7 641 697 624 680
3794 4 2 7 7 680 683 624 654
3795 4 2 7 7 683 594 654 656
3796 4 2 7 7 654 708 656 640
3797 4 2 7 7 656 696 642 640
3798 4 2 7 7 696 642 622 681
3799 4 2 7 7 642 698 625 681
3800 4 2 7 7 681 684 625 682
3801 4 2 7 7 655 709 657 641
3802 4 2 7 7 657 697 643 641
3803 4 2 7 7 697 643 624 683
3804 4 2 7 7 643 699 627 683
3805 4 2 7 7 683 685 627 656
3806 4 2 7 7 685 596 656 658
3807 4 2 7 7 656 710 658 642
3808 4 2 7 7 658 698 644 642
3809 4 2 7 7 698 644 625 684
3810 4 2 7 7 644 700 628 684
3811 4 2 7 7 657 711 659 643
3812 4 2 7 7 659 699 645 643
3813 4 2 7 7 699 645 627 685
3814 4 2 7 7 645 701 629 685
3815 4 2 7 7 685 686 629 658
3816 4 2 7 7 686 598 658 660
3817 4 2 7 7 658 712 660 644
3818 4 2 7 7 660 700 646 644
3819 4 2 7 7 659 713 661 645
3820 4 2 7 7 661 701 647 645
3821 4 2 7 7 701 647 629 686
3822 4 2 7 7 647 702 630 686
3823 4 2 7 7 686 687 630 660
3824 4 2 7 7 687 600 660 662
3825 4 2 7 7 660 714 662 646
3826 4 2 7 7 661 715 668 647
3827 4 2 7 7 668 702 650 647
3828 4 2 7 7 702 650 630 687
3829 4 2 7 7 650 705 635 687
3830 4 2 7 7 687 691 635 662
3831 4 2 7 7 664 716 663 665
3832 4 2 7 7 688 664 604 666
3833 4 2 7 7 664 717 665 666
3834 4 2 7 7 648 703 688 632
3835 4 2 7 7 688 689 666 632
3836 4 2 7 7 667 703 648 649
3837 4 2 7 7 703 632 649 689
3838 4 2 7 7 649 704 689 633
3839 4 2 7 7 690 667 609 669
3840 4 2 7 7 667 718 649 669
3841 4 2 7 7 669 704 649 651
3842 4 2 7 7 668 719 690 650
3843 4 2 7 7 690 705 669 650
3844 4 2 7 7 705 669 635 691
3845 4 2 7 7 669 720 651 691
3846 4 2 7 7 671 721 672 670
3847 4 2 7 7 692 614 671 673
3848 4 2 7 7 671 722 673 672
3849 4 2 7 7 673 723 674 672
3850 4 2 7 7 652 706 637 692
3851 4 2 7 7 692 693 637 673
3852 4 2 7 7 693 616 673 675
3853 4 2 7 7 673 724 675 674
3854 4 2 7 7 675 725 676 674
3855 4 2 7 7 677 706 653 652
3856 4 2 7 7 706 653 637 693
3857 4 2 7 7 653 707 638 693
3858 4 2 7 7 693 694 638 675
3859 4 2 7 7 694 619 675 678
3860 4 2 7 7 675 726 678 676
3861 4 2 7 7 678 727 679 676
3862 4 2 7 7 695 621 677 680
3863 4 2 7 7 677 728 680 653
3864 4 2 7 7 680 707 654 653
3865 4 2 7 7 707 654 638 694
3866 4 2 7 7 654 708 640 694
3867 4 2 7 7 694 696 640 678
3868 4 2 7 7 696 622 678 681
3869 4 2 7 7 678 729 681 679
3870 4 2 7 7 681 730 682 679
3871 4 2 7 7 655 709 641 695
3872 4 2 7 7 695 697 641 680
3873 4 2 7 7 697 624 680 683
3874 4 2 7 7 680 731 683 654
3875 4 2 7 7 683 708 656 654
3876 4 2 7 7 708 656 640 696
3877 4 2 7 7 656 710 642 696
3878 4 2 7 7 696 698 642 681
3879 4 2 7 7 698 625 681 684
3880 4 2 7 7 681 732 684 682
3881 4 2 7 7 709 657 641 697
3882 4 2 7 7 657 711 643 697
3883 4 2 7 7 697 699 643 683
3884 4 2 7 7 699 627 683 685
3885 4 2 7 7 683 733 685 656
3886 4 2 7 7 685 710 658 656
3887 4 2 7 7 710 658 642 698
3888 4 2 7 7 658 712 644 698
3889 4 2 7 7 698 700 644 684
3890 4 2 7 7 711 659 643 699
3891 4 2 7 7 659 713 645 699
3892 4 2 7 7 699 701 645 685
3893 4 2 7 7 701 629 685 686
3894 4 2 7 7 685 734 686 658
3895 4 2 7 7 686 712 660 658
3896 4 2 7 7 712 660 644 700
3897 4 2 7 7 660 714 646 700
3898 4 2 7 7 713 661 645 701
3899 4 2 7 7 661 715 647 701
3900 4 2 7 7 701 702 647 686
3901 4 2 7 7 702 630 686 687
3902 4 2 7 7 686 735 687 660
3903 4 2 7 7 687 714 662 660
3904 4 2 7 7 715 668 647 702
3905 4 2 7 7 668 719 650 702
3906 4 2 7 7 702 705 650 687
3907 4 2 7 7 705 635 687 691
3908 4 2 7 7 687 736 691 662
3909 4 2 7 7 664 717 716 665
3910 4 2 7 7 688 717 664 666
3911 4 2 7 7 703 688 632 689
3912 4 2 7 7 688 737 666 689
3913 4 2 7 7 667 718 703 649
3914 4 2 7 7 703 704 689 649
3915 4 2 7 7 690 718 667 669
3916 4 2 7 7 718 649 669 704
3917 4 2 7 7 669 720 704 651
3918 4 2 7 7 719 690 650 705
3919 4 2 7 7 690 738 669 705
3920 4 2 7 7 705 720 669 691
3921 4 2 7 7 671 722 672 721
3922 4 2 7 7 692 722 673 671
3923 4 2 7 7 722 673 672 723
3924 4 2 7 7 673 724 674 723
3925 4 2 7 7 706 637 692 693
3926 4 2 7 7 692 739 693 673
3927 4 2 7 7 693 724 675 673
3928 4 2 7 7 724 675 674 725
3929 4 2 7 7 675 726 676 725
3930 4 2 7 7 677 728 653 706
3931 4 2 7 7 706 707 653 693
3932 4 2 7 7 707 638 693 694
3933 4 2 7 7 693 740 694 675
3934 4 2 7 7 694 726 678 675
3935 4 2 7 7 726 678 676 727
3936 4 2 7 7 678 729 679 727
3937 4 2 7 7 695 728 680 677
3938 4 2 7 7 728 680 653 707
3939 4 2 7 7 680 731 654 707
3940 4 2 7 7 707 708 654 694
3941 4 2 7 7 708 640 694 696
3942 4 2 7 7 694 741 696 678
3943 4 2 7 7 696 729 681 678
3944 4 2 7 7 729 681 679 730
3945 4 2 7 7 681 732 682 730
3946 4 2 7 7 709 641 695 697
3947 4 2 7 7 695 742 697 680
3948 4 2 7 7 697 731 683 680
3949 4 2 7 7 731 683 654 708
3950 4 2 7 7 683 733 656 708
3951 4 2 7 7 708 710 656 696
3952 4 2 7 7 710 642 696 698
3953 4 2 7 7 696 743 698 681
3954 4 2 7 7 698 732 684 681
3955 4 2 7 7 709 711 657 697
3956 4 2 7 7 711 643 697 699
3957 4 2 7 7 697 744 699 683
3958 4 2 7 7 699 733 685 683
3959 4 2 7 7 733 685 656 710
3960 4 2 7 7 685 734 658 710
3961 4 2 7 7 710 712 658 698
3962 4 2 7 7 712 644 698 700
3963 4 2 7 7 698 745 700 684
3964 4 2 7 7 711 713 659 699
3965 4 2 7 7 713 645 699 701
3966 4 2 7 7 699 746 701 685
3967 4 2 7 7 701 734 686 685
3968 4 2 7 7 734 686 658 712
3969 4 2 7 7 686 735 660 712
3970 4 2 7 7 712 714 660 700
3971 4 2 7 7 713 715 661 701
3972 4 2 7 7 715 647 701 702
3973 4 2 7 7 701 747 702 686
3974 4 2 7 7 702 735 687 686
3975 4 2 7 7 735 687 660 714
3976 4 2 7 7 687 736 662 714
3977 4 2 7 7 715 719 668 702
3978 4 2 7 7 719 650 702 705
3979 4 2 7 7 702 748 705 687
3980 4 2 7 7 705 736 691 687
3981 4 2 7 7 688 737 717 666
3982 4 2 7 7 703 737 688 689
3983 4 2 7 7 718 703 649 704
3984 4 2 7 7 703 749 689 704
3985 4 2 7 7 690 738 718 669
3986 4 2 7 7 718 720 704 669
3987 4 2 7 7 719 738 690 705
3988 4 2 7 7 738 669 705 720
3989 4 2 7 7 705 750 720 691
3990 4 2 7 7 722 672 721 723
3991 4 2 7 7 692 739 673 722
3992 4 2 7 7 722 724 673 723
3993 4 2 7 7 724 674 723 725
3994 4 2 7 7 706 739 693 692
3995 4 2 7 7 739 693 673 724
3996 4 2 7 7 693 740 675 724
3997 4 2 7 7 724 726 675 725
3998 4 2 7 7 726 676 725 727
3999 4 2 7 7 728 653 706 707
4000 4 2 7 7 706 751 707 693
4001 4 2 7 7 707 740 694 693
4002 4 2 7 7 740 694 675 726
4003 4 2 7 7 694 741 678 726
4004 4 2 7 7 726 729 678 727
4005 4 2 7 7 729 679 727 730
4006 4 2 7 7 695 742 680 728
4007 4 2 7 7 728 731 680 707
4008 4 2 7 7 731 654 707 708
4009 4 2 7 7 707 752 708 694
4010 4 2 7 7 708 741 696 694
4011 4 2 7 7 741 696 678 729
4012 4 2 7 7 696 743 681 729
4013 4 2 7 7 729 732 681 730
4014 4 2 7 7 709 742 697 695
4015 4 2 7 7 742 697 680 731
4016 4 2 7 7 697 744 683 731
4017 4 2 7 7 731 733 683 708
4018 4 2 7 7 733 656 708 710
4019 4 2 7 7 708 753 710 696
4020 4 2 7 7 710 743 698 696
4021 4 2 7 7 743 698 681 732
4022 4 2 7 7 698 745 684 732
4023 4 2 7 7 709 754 711 697
4024 4 2 7 7 711 744 699 697
4025 4 2 7 7 744 699 683 733
4026 4 2 7 7 699 746 685 733
4027 4 2 7 7 733 734 685 710
4028 4 2 7 7 734 658 710 712
4029 4 2 7 7 710 755 712 698
4030 4 2 7 7 712 745 700 698
4031 4 2 7 7 711 756 713 699
4032 4 2 7 7 713 746 701 699
4033 4 2 7 7 746 701 685 734
4034 4 2 7 7 701 747 686 734
4035 4 2 7 7 734 735 686 712
4036 4 2 7 7 735 660 712 714
4037 4 2 7 7 712 757 714 700
4038 4 2 7 7 713 758 715 701
4039 4 2 7 7 715 747 702 701
4040 4 2 7 7 747 702 686 735
4041 4 2 7 7 702 748 687 735
4042 4 2 7 7 735 736 687 714
4043 4 2 7 7 715 759 719 702
4044 4 2 7 7 719 748 705 702
4045 4 2 7 7 748 705 687 736
4046 4 2 7 7 705 750 691 736
4047 4 2 7 7 703 749 737 689
4048 4 2 7 7 718 749 703 704
4049 4 2 7 7 738 718 669 720
4050 4 2 7 7 718 760 704 720
4051 4 2 7 7 719 761 738 705
4052 4 2 7 7 738 750 720 705
4053 4 2 7 7 722 762 723 721
4054 4 2 7 7 739 673 722 724
4055 4 2 7 7 722 763 724 723
4056 4 2 7 7 724 764 725 723
4057 4 2 7 7 706 751 693 739
4058 4 2 7 7 739 740 693 724
4059 4 2 7 7 740 675 724 726
4060 4 2 7 7 724 765 726 725
4061 4 2 7 7 726 766 727 725
4062 4 2 7 7 728 751 707 706
4063 4 2 7 7 751 707 693 740
4064 4 2 7 7 707 752 694 740
4065 4 2 7 7 740 741 694 726
4066 4 2 7 7 741 678 726 729
4067 4 2 7 7 726 767 729 727
4068 4 2 7 7 729 768 730 727
4069 4 2 7 7 742 680 728 731
4070 4 2 7 7 728 769 731 707
4071 4 2 7 7 731 752 708 707
4072 4 2 7 7 752 708 694 741
4073 4 2 7 7 708 753 696 741
4074 4 2 7 7 741 743 696 729
4075 4 2 7 7 743 681 729 732
4076 4 2 7 7 729 770 732 730
4077 4 2 7 7 709 754 697 742
4078 4 2 7 7 742 744 697 731
4079 4 2 7 7 744 683 731 733
4080 4 2 7 7 731 771 733 708
4081 4 2 7 7 733 753 710 708
4082 4 2 7 7 753 710 696 743
4083 4 2 7 7 710 755 698 743
4084 4 2 7 7 743 745 698 732
4085 4 2 7 7 754 711 697 744
4086 4 2 7 7 711 756 699 744
4087 4 2 7 7 744 746 699 733
4088 4 2 7 7 746 685 733 734
4089 4 2 7 7 733 772 734 710
4090 4 2 7 7 734 755 712 710
4091 4 2 7 7 755 712 698 745
4092 4 2 7 7 712 757 700 745
4093 4 2 7 7 756 713 699 746
4094 4 2 7 7 713 758 701 746
4095 4 2 7 7 746 747 701 734
4096 4 2 7 7 747 686 734 735
4097 4 2 7 7 734 773 735 712
4098 4 2 7 7 735 757 714 712
4099 4 2 7 7 758 715 701 747
4100 4 2 7 7 715 759 702 747
4101 4 2 7 7 747 748 702 735
4102 4 2 7 7 748 687 735 736
4103 4 2 7 7 735 774 736 714
4104 4 2 7 7 759 719 702 748
4105 4 2 7 7 719 761 705 748
4106 4 2 7 7 748 750 705 736
4107 4 2 7 7 718 760 749 704
4108 4 2 7 7 738 760 718 720
4109 4 2 7 7 761 738 705 750
4110 4 2 7 7 738 775 720 750
4111 4 2 7 7 722 763 723 762
4112 4 2 7 7 739 763 724 722
4113 4 2 7 7 763 724 723 764
4114 4 2 7 7 724 765 725 764
4115 4 2 7 7 751 693 739 740
4116 4 2 7 7 739 776 740 724
4117 4 2 7 7 740 765 726 724
4118 4 2 7 7 765 726 725 766
4119 4 2 7 7 726 767 727 766
4120 4 2 7 7 728 769 707 751
4121 4 2 7 7 751 752 707 740
4122 4 2 7 7 752 694 740 741
4123 4 2 7 7 740 777 741 726
4124 4 2 7 7 741 767 729 726
4125 4 2 7 7 767 729 727 768
4126 4 2 7 7 729 770 730 768
4127 4 2 7 7 742 769 731 728
4128 4 2 7 7 769 731 707 752
4129 4 2 7 7 731 771 708 752
4130 4 2 7 7 752 753 708 741
4131 4 2 7 7 753 696 741 743
4132 4 2 7 7 741 778 743 729
4133 4 2 7 7 743 770 732 729
4134 4 2 7 7 754 697 742 744
4135 4 2 7 7 742 779 744 731
4136 4 2 7 7 744 771 733 731
4137 4 2 7 7 771 733 708 753
4138 4 2 7 7 733 772 710 753
4139 4 2 7 7 753 755 710 743
4140 4 2 7 7 755 698 743 745
4141 4 2 7 7 743 780 745 732
4142 4 2 7 7 754 756 711 744
4143 4 2 7 7 756 699 744 746
4144 4 2 7 7 744 781 746 733
4145 4 2 7 7 746 772 734 733
4146 4 2 7 7 772 734 710 755
4147 4 2 7 7 734 773 712 755
4148 4 2 7 7 755 757 712 745
4149 4 2 7 7 756 758 713 746
4150 4 2 7 7 758 701 746 747
4151 4 2 7 7 746 782 747 734
4152 4 2 7 7 747 773 735 734
4153 4 2 7 7 773 735 712 757
4154 4 2 7 7 735 774 714 757
4155 4 2 7 7 758 759 715 747
4156 4 2 7 7 759 702 747 748
4157 4 2 7 7 747 783 748 735
4158 4 2 7 7 748 774 736 735
4159 4 2 7 7 759 761 719 748
4160 4 2 7 7 761 705 748 750
4161 4 2 7 7 748 784 750 736
4162 4 2 7 7 738 775 760 720
4163 4 2 7 7 761 775 738 750
4164 4 2 7 7 763 723 762 764
4165 4 2 7 7 739 776 724 763
4166 4 2 7 7 763 765 724 764
4167 4 2 7 7 765 725 764 766
4168 4 2 7 7 751 776 740 739
4169 4 2 7 7 776 740 724 765
4170 4 2 7 7 740 777 726 765
4171 4 2 7 7 765 767 726 766
4172 4 2 7 7 767 727 766 768
4173 4 2 7 7 769 707 751 752
4174 4 2 7 7 751 785 752 740
4175 4 2 7 7 752 777 741 740
4176 4 2 7 7 777 741 726 767
4177 4 2 7 7 741 778 729 767
4178 4 2 7 7 767 770 729 768
4179 4 2 7 7 742 779 731 769
4180 4 2 7 7 769 771 731 752
4181 4 2 7 7 771 708 752 753
4182 4 2 7 7 752 786 753 741
4183 4 2 7 7 753 778 743 741
4184 4 2 7 7 778 743 729 770
4185 4 2 7 7 743 780 732 770
4186 4 2 7 7 754 779 744 742
4187 4 2 7 7 779 744 731 771
4188 4 2 7 7 744 781 733 771
4189 4 2 7 7 771 772 733 753
4190 4 2 7 7 772 710 753 755
4191 4 2 7 7 753 787 755 743
4192 4 2 7 7 755 780 745 743
4193 4 2 7 7 754 788 756 744
4194 4 2 7 7 756 781 746 744
4195 4 2 7 7 781 746 733 772
4196 4 2 7 7 746 782 734 772
4197 4 2 7 7 772 773 734 755
4198 4 2 7 7 773 712 755 757
4199 4 2 7 7 755 789 757 745
4200 4 2 7 7 756 790 758 746
4201 4 2 7 7 758 782 747 746
4202 4 2 7 7 782 747 734 773
4203 4 2 7 7 747 783 735 773
4204 4 2 7 7 773 774 735 757
4205 4 2 7 7 758 791 759 747
4206 4 2 7 7 759 783 748 747
4207 4 2 7 7 783 748 735 774
4208 4 2 7 7 748 784 736 774
4209 4 2 7 7 759 792 761 748
4210 4 2 7 7 761 784 750 748
4211 4 2 7 7 761 793 775 750
4212 4 2 7 7 763 794 764 762
4213 4 2 7 7 776 724 763 765
4214 4 2 7 7 763 795 765 764
4215 4 2 7 7 765 796 766 764
4216 4 2 7 7 751 785 740 776
4217 4 2 7 7 776 777 740 765
4218 4 2 7 7 777 726 765 767
4219 4 2 7 7 765 797 767 766
4220 4 2 7 7 767 798 768 766
4221 4 2 7 7 769 785 752 751
4222 4 2 7 7 785 752 740 777
4223 4 2 7 7 752 786 741 777
4224 4 2 7 7 777 778 741 767
4225 4 2 7 7 778 729 767 770
4226 4 2 7 7 767 799 770 768
4227 4 2 7 7 779 731 769 771
4228 4 2 7 7 769 800 771 752
4229 4 2 7 7 771 786 753 752
4230 4 2 7 7 786 753 741 778
4231 4 2 7 7 753 787 743 778
4232 4 2 7 7 778 780 743 770
4233 4 2 7 7 754 788 744 779
4234 4 2 7 7 779 781 744 771
4235 4 2 7 7 781 733 771 772
4236 4 2 7 7 771 801 772 753
4237 4 2 7 7 772 787 755 753
4238 4 2 7 7 787 755 743 780
4239 4 2 7 7 755 789 745 780
4240 4 2 7 7 788 756 744 781
4241 4 2 7 7 756 790 746 781
4242 4 2 7 7 781 782 746 772
4243 4 2 7 7 782 734 772 773
4244 4 2 7 7 772 802 773 755
4245 4 2 7 7 773 789 757 755
4246 4 2 7 7 790 758 746 782
4247 4 2 7 7 758 791 747 782
4248 4 2 7 7 782 783 747 773
4249 4 2 7 7 783 735 773 774
4250 4 2 7 7 773 803 774 757
4251 4 2 7 7 791 759 747 783
4252 4 2 7 7 759 792 748 783
4253 4 2 7 7 783 784 748 774
4254 4 2 7 7 792 761 748 784
4255 4 2 7 7 761 793 750 784
4256 4 2 7 7 763 795 764 794
4257 4 2 7 7 776 795 765 763
4258 4 2 7 7 795 765 764 796
4259 4 2 7 7 765 797 766 796
4260 4 2 7 7 785 740 776 777
4261 4 2 7 7 776 804 777 765
4262 4 2 7 7 777 797 767 765
4263 4 2 7 7 797 767 766 798
4264 4 2 7 7 767 799 768 798
4265 4 2 7 7 769 800 752 785
4266 4 2 7 7 785 786 752 777
4267 4 2 7 7 786 741 777 778
4268 4 2 7 7 777 805 778 767
4269 4 2 7 7 778 799 770 767
4270 4 2 7 7 779 800 771 769
4271 4 2 7 7 800 771 752 786
4272 4 2 7 7 771 801 753 786
4273 4 2 7 7 786 787 753 778
4274 4 2 7 7 787 743 778 780
4275 4 2 7 7 778 806 780 770
4276 4 2 7 7 788 744 779 781
4277 4 2 7 7 779 807 781 771
4278 4 2 7 7 781 801 772 771
4279 4 2 7 7 801 772 753 787
4280 4 2 7 7 772 802 755 787
4281 4 2 7 7 787 789 755 780
4282 4 2 7 7 788 790 756 781
4283 4 2 7 7 790 746 781 782
4284 4 2 7 7 781 808 782 772
4285 4 2 7 7 782 802 773 772
4286 4 2 7 7 802 773 755 789
4287 4 2 7 7 773 803 757 789
4288 4 2 7 7 790 791 758 782
4289 4 2 7 7 791 747 782 783
4290 4 2 7 7 782 809 783 773
4291 4 2 7 7 783 803 774 773
4292 4 2 7 7 791 792 759 783
4293 4 2 7 7 792 748 783 784
4294 4 2 7 7 783 810 784 774
4295 4 2 7 7 792 793 761 784
4296 4 2 7 7 795 764 794 796
4297 4 2 7 7 776 804 765 795
4298 4 2 7 7 795 797 765 796
4299 4 2 7 7 797 766 796 798
4300 4 2 7 7 785 804 777 776
4301 4 2 7 7 804 777 765 797
4302 4 2 7 7 777 805 767 797
4303 4 2 7 7 797 799 767 798
4304 4 2 7 7 800 752 785 786
4305 4 2 7 7 785 811 786 777
4306 4 2 7 7 786 805 778 777
4307 4 2 7 7 805 778 767 799
4308 4 2 7 7 778 806 770 799
4309 4 2 7 7 779 807 771 800
4310 4 2 7 7 800 801 771 786
4311 4 2 7 7 801 753 786 787
4312 4 2 7 7 786 812 787 778
4313 4 2 7 7 787 806 780 778
4314 4 2 7 7 788 807 781 779
4315 4 2 7 7 807 781 771 801
4316 4 2 7 7 781 808 772 801
4317 4 2 7 7 801 802 772 787
4318 4 2 7 7 802 755 787 789
4319 4 2 7 7 787 813 789 780
4320 4 2 7 7 788 814 790 781
4321 4 2 7 7 790 808 782 781
4322 4 2 7 7 808 782 772 802
4323 4 2 7 7 782 809 773 802
4324 4 2 7 7 802 803 773 789
4325 4 2 7 7 790 815 791 782
4326 4 2 7 7 791 809 783 782
4327 4 2 7 7 809 783 773 803
4328 4 2 7 7 783 810 774 803
4329 4 2 7 7 791 816 792 783
4330 4 2 7 7 792 810 784 783
4331 4 2 7 7 792 817 793 784
4332 4 2 7 7 795 818 796 794
4333 4 2 7 7 804 765 795 797
4334 4 2 7 7 795 819 797 796
4335 4 2 7 7 797 820 798 796
4336 4 2 7 7 785 811 777 804
4337 4 2 7 7 804 805 777 797
4338 4 2 7 7 805 767 797 799
4339 4 2 7 7 797 821 799 798
4340 4 2 7 7 800 811 786 785
4341 4 2 7 7 811 786 777 805
4342 4 2 7 7 786 812 778 805
4343 4 2 7 7 805 806 778 799
4344 4 2 7 7 807 771 800 801
4345 4 2 7 7 800 822 801 786
4346 4 2 7 7 801 812 787 786
4347 4 2 7 7 812 787 778 806
4348 4 2 7 7 787 813 780 806
4349 4 2 7 7 788 814 781 807
4350 4 2 7 7 807 808 781 801
4351 4 2 7 7 808 772 801 802
4352 4 2 7 7 801 823 802 787
4353 4 2 7 7 802 813 789 787
4354 4 2 7 7 814 790 781 808
4355 4 2 7 7 790 815 782 808
4356 4 2 7 7 808 809 782 802
4357 4 2 7 7 809 773 802 803
4358 4 2 7 7 802 824 803 789
4359 4 2 7 7 815 791 782 809
4360 4 2 7 7 791 816 783 809
4361 4 2 7 7 809 810 783 803
4362 4 2 7 7 816 792 783 810
4363 4 2 7 7 792 817 784 810
4364 4 2 7 7 795 819 796 818
4365 4 2 7 7 804 819 797 795
4366 4 2 7 7 819 797 796 820
4367 4 2 7 7 797 821 798 820
4368 4 2 7 7 811 777 804 805
4369 4 2 7 7 804 825 805 797
4370 4 2 7 7 805 821 799 797
4371 4 2 7 7 800 822 786 811
4372 4 2 7 7 811 812 786 805
4373 4 2 7 7 812 778 805 806
4374 4 2 7 7 805 826 806 799
4375 4 2 7 7 807 822 801 800
4376 4 2 7 7 822 801 786 812
4377 4 2 7 7 801 823 787 812
4378 4 2 7 7 812 813 787 806
4379 4 2 7 7 814 781 807 808
4380 4 2 7 7 807 827 808 801
4381 4 2 7 7 808 823 802 801
4382 4 2 7 7 823 802 787 813
4383 4 2 7 7 802 824 789 813
4384 4 2 7 7 814 815 790 808
4385 4 2 7 7 815 782 808 809
4386 4 2 7 7 808 828 809 802
4387 4 2 7 7 809 824 803 802
4388 4 2 7 7 815 816 791 809
4389 4 2 7 7 816 783 809 810
4390 4 2 7 7 809 829 810 803
4391 4 2 7 7 816 817 792 810
4392 4 2 7 7 819 796 818 820
4393 4 2 7 7 804 825 797 819
4394 4 2 7 7 819 821 797 820
4395 4 2 7 7 811 825 805 804
4396 4 2 7 7 825 805 797 821
4397 4 2 7 7 805 826 799 821
4398 4 2 7 7 822 786 811 812
4399 4 2 7 7 811 830 812 805
4400 4 2 7 7 812 826 806 805
4401 4 2 7 7 807 827 801 822
4402 4 2 7 7 822 823 801 812
4403 4 2 7 7 823 787 812 813
4404 4 2 7 7 812 831 813 806
4405 4 2 7 7 814 827 808 807
4406 4 2 7 7 827 808 801 823
4407 4 2 7 7 808 828 802 823
4408 4 2 7 7 823 824 802 813
4409 4 2 7 7 814 832 815 808
4410 4 2 7 7 815 828 809 808
4411 4 2 7 7 828 809 802 824
4412 4 2 7 7 809 829 803 824
4413 4 2 7 7 815 833 816 809
4414 4 2 7 7 816 829 810 809
4415 4 2 7 7 816 834 817 810
4416 4 2 7 7 819 835 820 818
4417 4 2 7 7 825 797 819 821
4418 4 2 7 7 819 836 821 820
4419 4 2 7 7 811 830 805 825
4420 4 2 7 7 825 826 805 821
4421 4 2 7 7 822 830 812 811
4422 4 2 7 7 830 812 805 826
4423 4 2 7 7 812 831 806 826
4424 4 2 7 7 827 801 822 823
4425 4 2 7 7 822 837 823 812
4426 4 2 7 7 823 831 813 812
4427 4 2 7 7 814 832 808 827
4428 4 2 7 7 827 828 808 823
4429 4 2 7 7 828 802 823 824
4430 4 2 7 7 823 838 824 813
4431 4 2 7 7 832 815 808 828
4432 4 2 7 7 815 833 809 828
4433 4 2 7 7 828 829 809 824
4434 4 2 7 7 833 816 809 829
4435 4 2 7 7 816 834 810 829
4436 4 2 7 7 819 836 820 835
4437 4 2 7 7 825 836 821 819
4438 4 2 7 7 830 805 825 826
4439 4 2 7 7 825 839 826 821
4440 4 2 7 7 822 837 812 830
4441 4 2 7 7 830 831 812 826
4442 4 2 7 7 827 837 823 822
4443 4 2 7 7 837 823 812 831
4444 4 2 7 7 823 838 813 831
4445 4 2 7 7 832 808 827 828
4446 4 2 7 7 827 840 828 823
4447 4 2 7 7 828 838 824 823
4448 4 2 7 7 832 833 815 828
4449 4 2 7 7 833 809 828 829
4450 4 2 7 7 828 841 829 824
4451 4 2 7 7 833 834 816 829
4452 4 2 7 7 825 839 821 836
4453 4 2 7 7 830 839 826 825
4454 4 2 7 7 837 812 830 831
4455 4 2 7 7 830 842 831 826
4456 4 2 7 7 827 840 823 837
4457 4 2 7 7 837 838 823 831
4458 4 2 7 7 832 840 828 827
4459 4 2 7 7 840 828 823 838
4460 4 2 7 7 828 841 824 838
4461 4 2 7 7 832 843 833 828
4462 4 2 7 7 833 841 829 828
4463 4 2 7 7 833 844 834 829
4464 4 2 7 7 830 842 826 839
4465 4 2 7 7 837 842 831 830
4466 4 2 7 7 840 823 837 838
4467 4 2 7 7 837 845 838 831
4468 4 2 7 7 832 843 828 840
4469 4 2 7 7 840 841 828 838
4470 4 2 7 7 843 833 828 841
4471 4 2 7 7 833 844 829 841
4472 4 2 7 7 837 845 831 842
4473 4 2 7 7 840 845 838 837
4474 4 2 7 7 843 828 840 841
4475 4 2 7 7 840 846 841 838
4476 4 2 7 7 843 844 833 841
4477 4 2 7 7 840 846 838 845
4478 4 2 7 7 843 846 841 840
4479 4 2 7 7 843 847 844 841
4480 4 2 7 7 843 847 841 846
$EndElements
