$MeshFormat
2.2 0 8
$EndMeshFormat
$PhysicalNames
6
1 1 "bottom"
1 2 "right"
1 3 "top"
1 4 "left"
1 5 "hole"
2 1 "domain"
$EndPhysicalNames
$Nodes
5097
1 1 0 0
2 1.068875720638019e-14 1 0
3 0 20 0
4 20 20 0
5 20 0 0
6 0.9992290362407229 0.03925981575906858 0
7 0.996917333733128 0.07845909572784489 0
8 0.9930684569549263 0.1175373974578376 0
9 0.9876883405951378 0.1564344650402308 0
10 0.9807852804032304 0.1950903220161282 0
11 0.9723699203976767 0.2334453638559053 0
12 0.9624552364536473 0.2714404498650742 0
13 0.9510565162951536 0.3090169943749473 0
14 0.9381913359224842 0.3461170570774929 0
15 0.9238795325112868 0.3826834323650896 0
16 0.9081431738250814 0.4186597375374279 0
17 0.8910065241883679 0.4539904997395466 0
18 0.8724960070727972 0.4886212414969549 0
19 0.8526401643540923 0.5224985647159488 0
20 0.8314696123025453 0.5555702330196021 0
21 0.8090169943749476 0.5877852522924729 0
22 0.7853169308807451 0.6190939493098337 0
23 0.7604059656000312 0.6494480483301834 0
24 0.7343225094356859 0.6788007455329413 0
25 0.7071067811865479 0.7071067811865472 0
26 0.678800745532942 0.7343225094356853 0
27 0.6494480483301842 0.7604059656000305 0
28 0.6190939493098344 0.7853169308807446 0
29 0.5877852522924738 0.8090169943749469 0
30 0.5555702330196028 0.8314696123025448 0
31 0.5224985647159495 0.8526401643540918 0
32 0.4886212414969557 0.8724960070727966 0
33 0.4539904997395478 0.8910065241883673 0
34 0.4186597375374291 0.9081431738250808 0
35 0.3826834323650911 0.9238795325112862 0
36 0.3461170570774945 0.9381913359224836 0
37 0.309016994374949 0.9510565162951531 0
38 0.2714404498650758 0.9624552364536468 0
39 0.2334453638559068 0.9723699203976762 0
40 0.1950903220161294 0.9807852804032302 0
41 0.1564344650402316 0.9876883405951377 0
42 0.1175373974578384 0.9930684569549262 0
43 0.07845909572784544 0.996917333733128 0
44 0.03925981575906889 0.9992290362407229 0
45 0.9998072404820648 0.01963369246062829 0
46 0.9982656101847159 0.05887080365118899 0
47 0.9951847266721969 0.09801714032956055 0
48 0.9905693404435773 0.1370123416819679 0
49 0.9844265680898917 0.1757962799343544 0
50 0.9767658813208725 0.2143091530650506 0
51 0.9675990923602599 0.2524915770151578 0
52 0.9569403357322089 0.2902846772544623 0
53 0.944806046466878 0.3276301795616934 0
54 0.9312149347588036 0.3644704998791495 0
55 0.916187957117136 0.4007488331031408 0
56 0.8997482840522215 0.4364092406733419 0
57 0.8819212643483552 0.4713967368259975 0
58 0.8627343859777918 0.5056573733779844 0
59 0.8422172337162867 0.5391383229110002 0
60 0.8204014435255137 0.571787960227612 0
61 0.7973206537727073 0.6035559419535712 0
62 0.7730104533627371 0.6343932841636453 0
63 0.7475083268625971 0.6642524379112814 0
64 0.7208535967029192 0.6930873625456355 0
65 0.6930873625456362 0.7208535967029186 0
66 0.6642524379112821 0.7475083268625965 0
67 0.6343932841636459 0.7730104533627365 0
68 0.603555941953572 0.7973206537727067 0
69 0.5717879602276129 0.8204014435255131 0
70 0.5391383229110007 0.8422172337162862 0
71 0.5056573733779853 0.8627343859777914 0
72 0.4713967368259986 0.8819212643483545 0
73 0.4364092406733432 0.899748284052221 0
74 0.4007488331031421 0.9161879571171354 0
75 0.364470499879151 0.931214934758803 0
76 0.3276301795616949 0.9448060464668775 0
77 0.290284677254464 0.9569403357322084 0
78 0.2524915770151594 0.9675990923602594 0
79 0.214309153065052 0.9767658813208722 0
80 0.1757962799343555 0.9844265680898915 0
81 0.1370123416819689 0.9905693404435771 0
82 0.09801714032956121 0.9951847266721968 0
83 0.05887080365118943 0.9982656101847158 0
84 0.01963369246062847 0.9998072404820648 0
85 0 18.58033194690223 0
86 0 17.26391191997526 0
87 0 16.04323085066805 0
88 0 14.91132616157922 0
89 0 13.86174149287224 0
90 0 12.88848958751758 0
91 0 11.98601946022711 0
92 0 11.14918282229804 0
93 0 10.37320688610131 0
94 0 9.653665171432642 0
95 0 8.986453548563668 0
96 0 8.367766080703889 0
97 0 7.794073814521186 0
98 0 7.262104317128975 0
99 0 6.768823416606264 0
100 0 6.311417163792488 0
101 0 5.887276688103199 0
102 0 5.493982600261679 0
103 0 5.129291563339288 0
104 0 4.791123349264963 0
105 0 4.477549066230099 0
106 0 4.186780013883091 0
107 0 3.917157755869066 0
108 0 3.667144200584826 0
109 0 3.435313363375332 0
110 0 3.220342921762157 0
111 0 3.021006509826655 0
112 0 2.836167243833426 0
113 0 2.664770751841456 0
114 0 2.505839387941407 0
115 0 2.358466618344043 0
116 0 2.221811801088077 0
117 0 2.095095466872088 0
118 0 1.977594781075201 0
119 0 1.868639580635737 0
120 0 1.767608338137258 0
121 0 1.673924783554938 0
122 0 1.587054532469882 0
123 0 1.506502085877234 0
124 0 1.431807974986796 0
125 0 1.362546125366972 0
126 0 1.298321460062333 0
127 0 1.238767676400343 0
128 0 1.183545031874313 0
129 0 1.132338559707808 0
130 0 1.084856180020108 0
131 0 1.040827041798941 0
132 0 19.29016597345112 0
133 0 17.92212193343875 0
134 0 16.65357138532165 0
135 0 15.47727850612363 0
136 0 14.38653382722573 0
137 0 13.37511554019491 0
138 0 12.43725452387235 0
139 0 11.56760114126258 0
140 0 10.76119485419968 0
141 0 10.01343602876698 0
142 0 9.320059359998154 0
143 0 8.677109814633779 0
144 0 8.080919947612538 0
145 0 7.52808906582508 0
146 0 7.01546386686762 0
147 0 6.540120290199376 0
148 0 6.099346925947843 0
149 0 5.69062964418244 0
150 0 5.311637081800484 0
151 0 4.960207456302125 0
152 0 4.634336207747531 0
153 0 4.332164540056596 0
154 0 4.051968884876079 0
155 0 3.792150978226946 0
156 0 3.551228781980079 0
157 0 3.327828142568745 0
158 0 3.120674715794404 0
159 0 2.928586876830039 0
160 0 2.750468997837441 0
161 0 2.585305069891433 0
162 0 2.432153003142723 0
163 0 2.29013920971606 0
164 0 2.158453633980084 0
165 0 2.036345123973646 0
166 0 1.923117180855467 0
167 0 1.818123959386497 0
168 0 1.720766560846098 0
169 0 1.630489658012408 0
170 0 1.546778309173558 0
171 0 1.469155030432017 0
172 0 1.397177050176886 0
173 0 1.330433792714651 0
174 0 1.268544568231338 0
175 0 1.21115635413733 0
176 0 1.157941795791061 0
177 0 1.108597369863958 0
178 0 1.062841610909526 0
179 0 1.020413520899471 0
180 18.57142857142857 20 0
181 17.14285714285715 20 0
182 15.71428571428572 20 0
183 14.28571428571429 20 0
184 12.85714285714287 20 0
185 11.42857142857145 20 0
186 10.00000000000002 20 0
187 8.571428571428601 20 0
188 7.142857142857171 20 0
189 5.714285714285737 20 0
190 4.285714285714302 20 0
191 2.857142857142868 20 0
192 1.428571428571434 20 0
193 19.28571428571429 20 0
194 17.85714285714286 20 0
195 16.42857142857143 20 0
196 15.00000000000001 20 0
197 13.57142857142858 20 0
198 12.14285714285716 20 0
199 10.71428571428574 20 0
200 9.285714285714313 20 0
201 7.857142857142886 20 0
202 6.428571428571454 20 0
203 5.00000000000002 20 0
204 3.571428571428587 20 0
205 2.142857142857153 20 0
206 0.7142857142857189 20 0
207 20 1.428571428571427 0
208 20 2.857142857142852 0
209 20 4.28571428571428 0
210 20 5.714285714285708 0
211 20 7.142857142857132 0
212 20 8.571428571428553 0
213 20 9.999999999999975 0
214 20 11.4285714285714 0
215 20 12.85714285714283 0
216 20 14.28571428571426 0
217 20 15.7142857142857 0
218 20 17.14285714285713 0
219 20 18.57142857142857 0
220 20 0.7142857142857133 0
221 20 2.142857142857139 0
222 20 3.571428571428566 0
223 20 4.999999999999994 0
224 20 6.42857142857142 0
225 20 7.857142857142843 0
226 20 9.285714285714263 0
227 20 10.71428571428569 0
228 20 12.14285714285711 0
229 20 13.57142857142855 0
230 20 14.99999999999998 0
231 20 16.42857142857141 0
232 20 17.85714285714285 0
233 20 19.28571428571428 0
234 1.040827041798944 0 0
235 1.084856180020108 0 0
236 1.132338559707809 0 0
237 1.183545031874316 0 0
238 1.238767676400345 0 0
239 1.298321460062335 0 0
240 1.362546125366973 0 0
241 1.431807974986801 0 0
242 1.506502085877236 0 0
243 1.587054532469889 0 0
244 1.673924783554944 0 0
245 1.767608338137261 0 0
246 1.868639580635737 0 0
247 1.977594781075204 0 0
248 2.095095466872089 0 0
249 2.221811801088081 0 0
250 2.358466618344048 0 0
251 2.505839387941414 0 0
252 2.664770751841461 0 0
253 2.836167243833434 0 0
254 3.021006509826662 0 0
255 3.220342921762164 0 0
256 3.43531336337534 0 0
257 3.667144200584834 0 0
258 3.917157755869078 0 0
259 4.186780013883102 0 0
260 4.477549066230108 0 0
261 4.791123349264975 0 0
262 5.129291563339303 0 0
263 5.493982600261694 0 0
264 5.887276688103216 0 0
265 6.311417163792502 0 0
266 6.768823416606273 0 0
267 7.262104317128991 0 0
268 7.79407381452117 0 0
269 8.367766080703886 0 0
270 8.986453548563675 0 0
271 9.653665171432626 0 0
272 10.37320688610127 0 0
273 11.14918282229805 0 0
274 11.98601946022714 0 0
275 12.88848958751759 0 0
276 13.86174149287226 0 0
277 14.91132616157926 0 0
278 16.04323085066811 0 0
279 17.26391191997527 0 0
280 18.58033194690224 0 0
281 1.020413520899472 0 0
282 1.062841610909526 0 0
283 1.108597369863959 0 0
284 1.157941795791062 0 0
285 1.21115635413733 0 0
286 1.26854456823134 0 0
287 1.330433792714654 0 0
288 1.397177050176887 0 0
289 1.469155030432018 0 0
290 1.546778309173563 0 0
291 1.630489658012416 0 0
292 1.720766560846103 0 0
293 1.818123959386499 0 0
294 1.923117180855471 0 0
295 2.036345123973647 0 0
296 2.158453633980085 0 0
297 2.290139209716065 0 0
298 2.432153003142731 0 0
299 2.585305069891437 0 0
300 2.750468997837447 0 0
301 2.928586876830048 0 0
302 3.120674715794413 0 0
303 3.327828142568752 0 0
304 3.551228781980087 0 0
305 3.792150978226956 0 0
306 4.051968884876089 0 0
307 4.332164540056604 0 0
308 4.634336207747541 0 0
309 4.960207456302139 0 0
310 5.311637081800498 0 0
311 5.690629644182454 0 0
312 6.099346925947859 0 0
313 6.540120290199388 0 0
314 7.015463866867631 0 0
315 7.52808906582508 0 0
316 8.080919947612529 0 0
317 8.677109814633781 0 0
318 9.320059359998151 0 0
319 10.01343602876695 0 0
320 10.76119485419966 0 0
321 11.5676011412626 0 0
322 12.43725452387237 0 0
323 13.37511554019492 0 0
324 14.38653382722576 0 0
325 15.47727850612369 0 0
326 16.65357138532169 0 0
327 17.92212193343876 0 0
328 19.29016597345112 0 0
329 0.7176251830215268 0.7434526535429864 0
330 0.8385228403434333 0.605268310185739 0
331 2.446009627339921 0.1270083494390501 0
332 0.1238383442250424 2.335369496139614 0
333 0.5259902447168869 0.8935418311980925 0
334 0.1951676332075323 3.364522795809117 0
335 4.349388280775226 0.2375230423066039 0
336 0.353818408044372 5.790500397074868 0
337 7.519597595070302 0.4084943856596563 0
338 0.6651114456400489 9.992933373648395 0
339 0.9258329988059693 0.4575460097017423 0
340 1.824601232844538 0.08621798346143628 0
341 0.07572545110285311 1.751906907131422 0
342 0.2640310524563176 4.440524743182877 0
343 3.137502285695961 0.1630473254728688 0
344 5.71187502581756 0.3424485642272046 0
345 0.47166083895155 7.745006941347318 0
346 9.765759284945117 0.6103698400440436 0
347 0.3562938807079448 0.9718204431554938 0
348 1.480132200360234 0.05794965324903778 0
349 18.80343899191476 9.945954664105543 0
350 9.142063436018789 18.5040653306551 0
351 0.05552987192249503 1.403401311536129 0
352 0.9892981093998099 0.3001003048923288 0
353 0.6257901421702741 0.8285120716110637 0
354 12.0412045519013 0.7755157618877107 0
355 0.6945789521110495 12.16675390170589 0
356 0.1573848216973293 2.798635270590091 0
357 0.2366707274374615 1.008464821876348 0
358 1.276848420446413 0.05069558388418649 0
359 18.68610804971096 14.02809842742014 0
360 1.023657930080503 0.1619581486123014 0
361 0.044068223111843 1.221866191295167 0
362 18.74506688184878 5.596745704110989 0
363 4.984078826777338 18.91825421755606 0
364 13.24782267777372 18.74848729656264 0
365 14.9607132067622 0.9375344673538937 0
366 1.030230396151833 15.13340477396464 0
367 0.1577758399942191 1.023375055979983 0
368 0.4281080855051336 0.9357094638758241 0
369 0.9613539389646739 0.3784553502354857 0
370 0.7967287145337156 0.6579774786057602 0
371 0.8846213333246062 0.5343555200338663 0
372 0.06475863570947915 1.562306264499256 0
373 1.63661236052959 0.07177770439108855 0
374 0.0925934445785046 1.962984382061331 0
375 2.044819298785663 0.1052533618926486 0
376 0.820870181837865 8.74322323405312 0
377 0.3199533900146001 5.074371521996332 0
378 2.768744929784753 0.1412830824457494 0
379 4.978369273947981 0.2854382193358873 0
380 8.457278705086043 0.4931649223473542 0
381 0.2516957484742921 3.812763555101715 0
382 0.4798290711050903 6.633452898568052 0
383 6.555679295869671 0.4219157179447812 0
384 3.569227729253576 0.1878946447055139 0
385 1.175274968043821 0.04048110448157161 0
386 18.84187968274854 16.54645392138107 0
387 1.029121374307401 0.09805866992677004 0
388 0.04066348741209858 1.122890849206595 0
389 16.04815516633495 18.75466494141604 0
390 17.34730421948844 1.102400422919168 0
391 1.22948401716538 17.50680416401875 0
392 0.07978309644813208 1.034235655689772 0
393 1.078229334024677 0.0391661433788606 0
394 13.89156722679216 0.8903050471221459 0
395 14.84696740439164 1.895982180456979 0
396 13.76533192341987 1.79151462035126 0
397 14.58389963883857 3.029091030975631 0
398 13.488545314597 2.688134906261049 0
399 13.89460353362454 3.623187725695817 0
400 13.20759034152989 3.534651294283764 0
401 13.12999499603482 4.381159868855646 0
402 12.16974676354856 4.448684218592624 0
403 13.21826364836832 5.29288537341525 0
404 12.27028452282812 5.410039254764869 0
405 12.42934772759173 6.373751213234983 0
406 11.6297315966979 6.592534178217086 0
407 11.89330575104906 7.226119305279648 0
408 10.93775162136887 7.095908148045745 0
409 11.52861746950621 7.798347974863617 0
410 10.24927048677495 7.680736033715455 0
411 9.697721278518685 6.805060415936602 0
412 9.513292472430091 8.131829468868384 0
413 9.046622250326356 7.27716676686163 0
414 8.376121314607664 7.678042481426582 0
415 7.987268207071725 6.89916229196196 0
416 8.781197126323555 8.508473416505888 0
417 8.068071464756255 8.868586348943577 0
418 8.369568201035747 9.494287620216372 0
419 7.319112080926381 9.229518603838335 0
420 7.860332857473891 10.14526492988481 0
421 8.553493703227517 6.499527541278006 0
422 7.734089859392285 6.360669994313659 0
423 8.795863879359429 10.52198443397132 0
424 7.025162584958609 10.35699392087982 0
425 6.378466715064196 9.677496013775482 0
426 7.885316514897127 11.17703004129364 0
427 8.029995876068067 5.915481245061902 0
428 7.490803119238757 5.518666107480583 0
429 7.749216801804081 5.076579751261738 0
430 6.984046207973595 5.097165709882235 0
431 6.560895533911889 5.620945918100304 0
432 6.120017703811804 5.14348344923739 0
433 5.70157237505583 5.476777735173891 0
434 5.52061438292393 5.123049906546393 0
435 5.190739002185079 5.611210233459368 0
436 5.148769930049278 5.107787744506829 0
437 5.244680328961511 4.637389261080527 0
438 4.742570621095267 4.520501413526922 0
439 4.627944038527691 5.058104936770302 0
440 4.238509498962967 4.383312589521154 0
441 3.763537835050839 4.224299347036566 0
442 3.934607644751077 3.7609092220645 0
443 3.476306013092686 3.685445823794539 0
444 3.531360170963649 4.651375131213757 0
445 3.541595750675312 3.299049260929861 0
446 4.000702284328985 3.311351164138065 0
447 3.533943044198755 2.940048162018763 0
448 3.146020930663721 2.935121496661101 0
449 3.134112096163219 3.27519705706324 0
450 2.797828733979761 2.912925977370392 0
451 3.155429227214345 2.619711338783496 0
452 2.824715131478401 2.615221401789002 0
453 2.560569396797632 2.886324886078516 0
454 2.460000330272834 2.636234212783766 0
455 2.5646090661467 2.297189350058154 0
456 2.302732547895141 2.23161221533867 0
457 2.166078496030037 2.474253221417674 0
458 1.949585225733236 2.34272615440974 0
459 2.082241024640823 2.133115340644634 0
460 1.890879609610913 2.030973114682295 0
461 2.00210360169687 1.839201606182568 0
462 1.717279178702757 1.936586286876754 0
463 1.827393627610721 1.763412391340914 0
464 2.099905646360804 1.647860081048904 0
465 1.658579492017752 1.704408041712597 0
466 1.766761274934085 1.526470269683685 0
467 1.595346417600313 1.529627135855968 0
468 1.485280005434074 1.6675753167581 0
469 1.663053510178759 1.337448073791952 0
470 1.43751544670379 1.483537859943725 0
471 1.344669798016845 1.63326793948243 0
472 1.29722581029257 1.502335550851857 0
473 1.180150678732678 1.620154696942501 0
474 1.06902736354124 1.499985398953271 0
475 1.180715380132042 1.388817939020791 0
476 1.76638601324106 2.217140704703566 0
477 1.018359001614211 1.618906863266012 0
478 0.9341192079628087 1.495312689613426 0
479 0.9210653824164368 1.612110155809383 0
480 0.9017419199869288 1.730812474649992 0
481 0.8175349538881829 1.493076117227449 0
482 6.804223662158178 11.22135600905257 0
483 0.7979892719283725 1.598802063871426 0
484 0.7052510956483822 1.484819625978245 0
485 0.7155810377524556 1.389271332945954 0
486 7.273212538939648 12.34428133495597 0
487 0.7238928119642463 1.278161394593374 0
488 7.435163556940282 4.64915355977864 0
489 8.012028763576556 4.333340254819686 0
490 0.6271249577712101 1.477615938049897 0
491 0.5931136330658937 1.39561789752692 0
492 5.860793706326971 11.74689748467652 0
493 12.24668111084005 8.255863998472504 0
494 6.338043121666757 12.63400286409072 0
495 7.762110267619097 13.30069954654336 0
496 7.590456077191275 3.663196944815094 0
497 8.195493544863908 3.368762812997147 0
498 0.5126045595414634 1.482599824010432 0
499 0.5003492689828857 1.343501894575912 0
500 0.4390053657947437 1.299006035528437 0
501 11.94355215800059 8.97882425302922 0
502 13.21291604964286 8.780722440913209 0
503 12.42977954923835 9.661369788861684 0
504 13.56887809857528 9.743579218701665 0
505 13.14628101501872 10.4176815897347 0
506 5.372477011201977 12.84367456384112 0
507 4.944030922403352 11.94639573010175 0
508 5.254332160666024 6.163633796870926 0
509 14.14266975301487 5.131037900026937 0
510 14.34232501909525 8.638255919397817 0
511 4.820271087804637 6.149160438724047 0
512 0.4719096268079142 1.25103287971881 0
513 0.3849190916381549 1.258459041976142 0
514 6.82507067868227 13.59448217047666 0
515 8.314927042186952 14.23530095110478 0
516 12.11422670549759 3.38528905115436 0
517 0.3422317181765475 1.31587630984596 0
518 5.186820977473348 6.740285366057117 0
519 4.632261646986798 6.547356832807042 0
520 1.88361492059067 1.325447790201679 0
521 1.770789623691304 1.218654251770678 0
522 1.94848924707113 1.2080329922945 0
523 1.882796194382193 1.104860706725288 0
524 2.012813245825881 1.021866589502528 0
525 1.666803911233217 1.106045053309357 0
526 1.768669398888569 0.9266184686482859 0
527 1.616914485110465 0.9342557977274879 0
528 1.667759089775437 0.7745797337016906 0
529 1.541314340956401 0.8414381284603696 0
530 1.617629202220638 0.6982512933698466 0
531 1.516570684629743 0.6928909785961306 0
532 1.434563189158977 0.8210763212065508 0
533 1.404386780134233 0.748314737632862 0
534 1.316175371571827 0.7943505610806891 0
535 1.751337190004849 0.683084881711256 0
536 1.448072493097882 0.6262590634882983 0
537 1.352124050895336 0.6484467353713388 0
538 1.373669766164243 0.5223136698911546 0
539 1.27367887017428 0.5325454406209644 0
540 1.252973138526528 0.6121681251779645 0
541 1.337864709291818 0.4591617464531232 0
542 1.435783302914125 0.4363728035310288 0
543 1.283154225610961 0.4561839934293257 0
544 1.302399690670692 0.3869616689904198 0
545 4.376416085738923 12.95356283197412 0
546 4.765832269010209 13.91437392289705 0
547 0.3272976057050325 1.229691499783113 0
548 5.118290924882488 7.341711423867964 0
549 4.342859421832736 7.266527742003108 0
550 3.696888222330697 6.680552546640339 0
551 3.463273133699835 7.1973925952729 0
552 3.643868290324372 7.61212869694265 0
553 3.000844795698434 6.674290955410202 0
554 1.359018928022381 0.8934127867281632 0
555 1.268389015411348 0.9003503994328561 0
556 1.280560004296664 1.717539278912076 0
557 7.234361916699656 3.034440399431892 0
558 8.757247902714262 3.022197351991333 0
559 0.5883700671288192 1.542232167398186 0
560 0.447974711782372 1.560777664089059 0
561 0.5314815897343532 1.65293080653575 0
562 3.013775828743227 7.192076140055644 0
563 2.61966331264542 6.69562819643706 0
564 13.94411141705743 10.92449134651042 0
565 13.53866458803047 11.68010582506932 0
566 12.54685026922627 11.48151923692251 0
567 12.68294515879402 12.72431345899829 0
568 1.238936071665806 0.3674275701784424 0
569 1.201869872262096 0.4476305130924718 0
570 1.330045736992654 0.3210015805764463 0
571 8.636331884876013 4.020516351734676 0
572 0.8344759982461429 1.303653217253528 0
573 0.7725001834771899 1.221397448029339 0
574 0.8350760883036159 1.224868159759083 0
575 0.815742477352412 1.1478780068771 0
576 0.7458576092437852 1.169299679196971 0
577 0.7854435420675969 1.071919036130542 0
578 0.8495869609523155 1.04418949851182 0
579 0.8223820043139014 0.9969669760628115 0
580 0.8994168165256777 0.9940509607470354 0
581 0.9738496460243695 1.059636630554611 0
582 0.8462341781877534 0.9513086311211563 0
583 0.9365591654511736 0.9259758848970083 0
584 0.7038231981427998 1.093577198301704 0
585 0.874540906398618 0.8742117586273235 0
586 0.968801144698519 0.8594019436986589 0
587 3.978644696097541 12.04614882520217 0
588 0.4405284989243636 1.17968322842372 0
589 0.2934652402989268 1.284837973961018 0
590 0.2722236195056382 1.207916637843114 0
591 1.307191710538772 1.009487162894297 0
592 0.9216778071545431 0.8158812218145179 0
593 1.00193655660569 0.7983995869659726 0
594 7.370030171672894 14.58190006242483 0
595 8.777206614095537 14.94193031652541 0
596 14.02688864834511 12.56260463535388 0
597 2.097373652025857 1.186488232377963 0
598 2.209267264743928 1.059856894313214 0
599 2.280670087352849 1.272225009298595 0
600 2.408449894705987 1.056260170867844 0
601 2.509854126102105 1.213159765924372 0
602 2.655037141864663 1.041765375151375 0
603 2.658610685997364 1.204221129872845 0
604 2.799444808139365 1.023068168415286 0
605 2.908539735233582 1.162982066964767 0
606 2.288760337650251 0.8691354382888772 0
607 3.041351936395444 0.9300400208404724 0
608 3.24581511424015 1.268511285350392 0
609 3.032111120072811 1.50047092755624 0
610 3.364921378671774 1.482176949754857 0
611 3.594388931217257 1.215839282827428 0
612 3.583666107702595 1.482148106772927 0
613 3.887401876940295 1.219048110042397 0
614 3.871501367931878 1.484853035025706 0
615 2.624040195720925 1.378118084453446 0
616 4.099802321732749 1.231139035484604 0
617 4.203953593738436 1.479743188301564 0
618 4.617546185947271 10.97481696396717 0
619 3.617803375593958 11.18665036613903 0
620 13.6575866708132 13.96526468877209 0
621 1.177708202174266 0.346143838639609 0
622 1.204970797043513 0.2845048519674354 0
623 14.88453332578722 4.020235653081841 0
624 0.9550908773916831 0.7600014917750517 0
625 7.832697724895851 2.655835303614428 0
626 6.997203173022588 2.626194618531432 0
627 2.85129808124651 6.18573763082931 0
628 2.427054130569717 6.380279376873066 0
629 4.097093929977023 1.75327923095179 0
630 4.487350134172605 1.721955706411997 0
631 4.810426269729971 1.427258147521131 0
632 4.903411389675421 1.758600607495707 0
633 0.296426064675126 1.158136928594395 0
634 1.661555270305787 0.6242027872195397 0
635 1.815893796568053 0.5701611028755345 0
636 1.71667441089884 0.5240806045076845 0
637 1.876121980070295 0.4537548465526431 0
638 2.649452270184971 0.8808796478897971 0
639 2.048092962812341 6.656550393596166 0
640 2.660475922633649 5.836386840618561 0
641 2.159136024552613 5.871282354709354 0
642 2.327993091083965 5.286537238678971 0
643 1.84983901606709 5.162549629890087 0
644 1.927567289039565 4.772064410291261 0
645 1.660986649736937 4.771879744309956 0
646 1.834119457539712 4.420082791854357 0
647 1.549151370187413 4.5517955489523 0
648 1.658490770408307 4.106500382846599 0
649 1.392419498673011 4.262564290917047 0
650 1.511044474286523 3.888196012462835 0
651 1.916864643238871 3.939776758822484 0
652 1.637777838036433 3.62467090032145 0
653 1.237722822880016 3.561992890167735 0
654 1.566344104470026 3.206053401558298 0
655 1.224800655532441 3.274967559941986 0
656 5.254493513390637 1.451836877715227 0
657 5.165793250279768 1.831153867303422 0
658 5.011827827527256 2.189379411531036 0
659 0.3084211015931686 1.3531208292966 0
660 1.019535100168948 0.897876987759112 0
661 5.593634626233963 7.357517399067383 0
662 0.9221388088216305 3.267678019558711 0
663 1.194025175534238 3.026484858497451 0
664 0.9211649830509021 3.019158564924608 0
665 0.9325931658644286 2.749537354436982 0
666 6.665878010003502 3.201088741332414 0
667 1.03484336630197 0.7395443097778056 0
668 0.9875221025479402 0.7048998028266897 0
669 0.254739401846118 1.13947506089921 0
670 3.391472457488522 13.03293647669022 0
671 14.79647952011287 14.28169601974866 0
672 9.220853178362105 13.82215229454472 0
673 9.8826434012365 14.90111082491735 0
674 1.198093384920027 2.806377828552644 0
675 1.050059506458091 2.606042082284878 0
676 0.8145306736035813 2.543282772141236 0
677 0.9834189338945265 2.473695331999211 0
678 0.7294151420139663 2.386727656524426 0
679 3.557415661219475 1.756838589557619 0
680 0.7932741377424879 0.9283047591404507 0
681 0.3789042907934039 1.627844532679703 0
682 0.4335146509713432 1.720531268195117 0
683 0.5479562072145008 1.752102544834159 0
684 0.4955776528967988 1.808077253692225 0
685 0.5743640756358595 1.882554130155123 0
686 0.5242879911529261 1.951653138344998 0
687 0.6879068974537166 1.974157209883494 0
688 4.017647358622667 10.36997252879601 0
689 3.355131773845067 10.41458108446771 0
690 1.914538790500274 0.6290976826591219 0
691 1.98755940089514 0.5043012511421487 0
692 0.2416811314475975 1.259415361638768 0
693 1.138382109403608 0.2667562021315071 0
694 1.176823547609569 0.2250396448850491 0
695 1.221389911242095 0.2271138071650807 0
696 5.215220605175737 7.9952137043586 0
697 5.654407798599973 1.521806537204366 0
698 2.144277227527893 4.262391434530755 0
699 1.613624848243855 5.570032857405384 0
700 5.388787272517999 2.384562569634427 0
701 0.5347419696192262 1.188311787612143 0
702 0.4803530702942744 1.116498078014242 0
703 1.118450669778488 0.3318704428165624 0
704 7.207947726561497 2.271684319434549 0
705 8.057803467560985 2.009428527253668 0
706 1.127533431460085 4.430472125897679 0
707 0.6356913454167508 2.586032100203827 0
708 0.5795019925660618 2.427742661516561 0
709 15.35851045539258 13.11980962119853 0
710 11.153207601953 5.551223291569808 0
711 3.621686399051988 0.9044686101441801 0
712 4.237053152408462 1.949750942911573 0
713 14.4124393973031 15.09051142343304 0
714 0.8552494244600446 0.816750695261657 0
715 1.160936694329271 2.420062173404515 0
716 1.10654307305707 2.210722179705355 0
717 2.721868966281587 11.26021414334766 0
718 1.76870853844035 0.4158948932143804 0
719 1.661501670227691 0.3894432633377534 0
720 0.4086154505263142 1.100398534429086 0
721 1.067730135910002 0.6813309508702456 0
722 1.019490099306818 0.6503512328719605 0
723 1.120376662772573 0.7139304910198163 0
724 13.47284945605404 15.07775366275381 0
725 1.970204294555666 3.463153432605825 0
726 0.422376622008926 1.906223787041805 0
727 0.4441834609933846 2.050673768967388 0
728 2.130395281859081 0.5809814821404302 0
729 2.185833256814052 0.3953779364866907 0
730 15.89752869706347 14.68077468493064 0
731 0.9145746827291763 3.521345267375466 0
732 8.163302535739453 15.71998900736853 0
733 6.705888585775861 15.93876705987298 0
734 0.3052038555861198 1.677397988021349 0
735 0.2686541344379147 1.592722739972553 0
736 0.2732494518686206 1.111431279214779 0
737 1.070976426421554 0.2818037319572362 0
738 3.228168491897377 9.695154372770453 0
739 4.224702563978646 9.708113573895872 0
740 1.268315614268815 2.239452926842738 0
741 0.2239801960909276 1.109512693396679 0
742 0.1884701976314034 1.146562676454367 0
743 1.230261205506043 0.9630008556930303 0
744 1.245107139967542 1.105472060432275 0
745 1.395067136683224 1.064753861751017 0
746 1.228786896851137 0.1713453024734353 0
747 1.158994306142917 0.1830792437858211 0
748 1.277034663934286 0.1730708049836096 0
749 11.91099022667549 12.71937658575151 0
750 0.4573147174688863 1.075885937536766 0
751 0.5009970352862716 1.043983621427444 0
752 0.9434042906276403 0.6747869308949159 0
753 0.9549789711846373 4.169790079944372 0
754 7.334440831555677 7.163245883784547 0
755 2.005586814413663 0.7079686193544834 0
756 0.3244396943812955 2.050949587935029 0
757 0.3551838268495349 2.175331260735247 0
758 2.305919997504595 0.5643799336440285 0
759 2.334933684543759 0.4101885478391125 0
760 2.462661011552195 0.5681422215388654 0
761 2.491988894773352 0.4172037728169489 0
762 6.886820630470572 17.00200836354168 0
763 6.603366530596467 2.002268561638014 0
764 6.966927014343172 1.543677151833005 0
765 11.51913681997932 12.03686314867294 0
766 4.992341648902936 0.9904316109075975 0
767 1.697151603674364 0.2714469463387204 0
768 1.580354035337171 0.2890811935865685 0
769 1.82058877626411 0.3046701739547188 0
770 1.174096954664387 1.041322670314283 0
771 5.841574639881469 7.823130974822476 0
772 1.10070538035316 0.6223988660065078 0
773 1.050597321581703 0.5943610323889583 0
774 1.001850960188188 0.5743035002779315 0
775 1.025089514425366 0.5229609614423563 0
776 15.08716459868559 15.93484624516265 0
777 16.04108388668315 2.019141640346336 0
778 0.6643194606875564 1.140692576559708 0
779 0.9073314358004652 1.311798545640983 0
780 0.4719960412655393 1.00008789573203 0
781 0.539903711320985 1.005951922752326 0
782 0.9383617161108369 1.236485896597314 0
783 5.911353147980911 2.646024003036455 0
784 5.563831668489554 2.924084883289058 0
785 0.3886766172203977 1.049640816023725 0
786 2.175804335279825 3.738658716092598 0
787 0.4592911168842413 2.599366140270321 0
788 0.4749063076568802 2.761734946327448 0
789 1.326891774848781 1.17131651276649 0
790 1.410925040551497 1.239017878089124 0
791 4.744205882275661 2.520723772370738 0
792 3.894563576470617 2.121833018477265 0
793 0.6550042794648689 2.261808043135114 0
794 0.4258283510956069 2.446095947984078 0
795 2.427932265755452 3.519966348862447 0
796 2.663653775714617 3.756298535388929 0
797 5.374821957789012 8.713602984488203 0
798 1.33554787272954 2.361742938046653 0
799 6.387822699051235 1.616073282843107 0
800 1.06366282994146 0.3294579095621728 0
801 1.093167783284859 0.3841110291476078 0
802 1.166832778456111 0.9161768314143046 0
803 16.66066686342079 16.21661781694758 0
804 0.1585790333695982 1.108316530776738 0
805 0.1229273479536754 1.138015278666087 0
806 0.1430830969794457 1.194250040838964 0
807 1.294202089581228 0.2269442716844754 0
808 1.355504793255808 0.1863677395840888 0
809 1.378323742339049 0.2225741330696565 0
810 4.152475144425345 2.436186000115731 0
811 0.7459780320589893 4.319088740032487 0
812 0.8613820274078527 4.582359985717387 0
813 3.152878550312503 8.997612988802668 0
814 2.332172667538647 8.994247670979979 0
815 2.362656008586413 9.675774382481501 0
816 0.5788678340728488 1.043145852184482 0
817 0.6009537329473016 1.007545005599967 0
818 1.56080044349876 8.918937244417068 0
819 2.354570992972815 8.375932020854206 0
820 0.7379205076250841 1.825058244924726 0
821 0.8423983424182673 1.975887529497161 0
822 1.132465816373715 0.5660558305606589 0
823 1.559651589774125 0.373899395706033 0
824 1.492788730485978 0.2867800359333259 0
825 1.587050033935137 0.2136359232699796 0
826 2.625595374962254 0.5681889635048556 0
827 2.648930835357328 0.4266988662161868 0
828 1.213095829264702 2.0494003795019 0
829 1.345872190637174 2.139528728826664 0
830 17.08902063374894 14.99305202144487 0
831 0.6620434535343911 4.151142734448966 0
832 6.019873748759399 17.00975487180988 0
833 5.329014312135914 16.23634321983341 0
834 0.5840586190517438 0.9625290744066923 0
835 0.6437707932272545 0.9592938527312516 0
836 0.5963083700669447 0.9015580957553091 0
837 0.650994917309804 0.9085415061342879 0
838 0.695599595667721 0.9577540338173982 0
839 2.751627178164418 0.5577504931712483 0
840 0.1093467360101315 1.108635041612452 0
841 4.745815403496773 17.27968572971585 0
842 3.982997009653847 15.93994074918037 0
843 3.747112272848096 16.89042082105533 0
844 3.180226827454293 15.74942406531803 0
845 1.045459956904258 0.3768883510011189 0
846 1.066566610264379 0.4306740251516796 0
847 2.802898734434399 0.4504862864836507 0
848 2.969518154211663 0.4911912208057796 0
849 1.16876115573247 0.1243327601530435 0
850 1.114096680071176 0.126665152202925 0
851 1.10446512971653 0.1685052043803559 0
852 0.3054004260659795 1.112792386296709 0
853 0.2991193143820023 1.072138517570892 0
854 1.417892145285084 0.1649079676680856 0
855 6.558294717873762 1.337062236521621 0
856 0.6991196888292439 0.9096317502854667 0
857 0.9806375646726284 0.5141778787247322 0
858 1.002488455065986 0.4679068408200724 0
859 1.629711689854012 8.346834633624601 0
860 1.723569013268698 7.812213106430994 0
861 10.80244843657344 12.64533470716189 0
862 10.15971453594308 11.82343600905167 0
863 11.52845377966194 13.30951042881319 0
864 6.17670359272315 1.206696990499328 0
865 2.211636630166405 3.283030615058744 0
866 2.520336406677611 16.35434200703503 0
867 3.632437865902687 17.86769585065711 0
868 7.201533026229187 1.12278496149686 0
869 1.405886381434652 0.1110865615087988 0
870 0.2290773763368197 1.711268663759325 0
871 0.2613505514655632 1.815712359567124 0
872 0.2060715713429317 1.618630264521171 0
873 0.2454695619268961 1.539461368651471 0
874 0.9579027116680852 0.5599787714321121 0
875 1.016331143314698 1.348415441598572 0
876 1.031854114872566 1.175123937131678 0
877 4.670515801598543 8.788337343169372 0
878 8.103018255492625 17.09254108686789 0
879 12.81577440975909 1.664529393652172 0
880 6.739286933068362 17.99334177962935 0
881 0.7669089403786096 0.9924938203444995 0
882 1.562255929477226 1.024626340039555 0
883 0.1951627135051481 1.066283877845391 0
884 3.967203946055828 14.96698614785109 0
885 2.979358686714063 15.02172047533615 0
886 2.437844960714934 0.7503487468882355 0
887 0.2310959497315785 2.185008915744885 0
888 3.728647066146507 2.353254370283564 0
889 1.023166209703005 0.2920463131707436 0
890 1.065051384222633 0.2385937756972805 0
891 0.8783841312516216 0.7781017358764188 0
892 0.8253743922440702 0.7476827463346929 0
893 0.8149929352638114 0.8138406085148322 0
894 0.8708790896603276 0.6943341364807605 0
895 0.2978094331382923 2.612941190962853 0
896 0.9741008383637197 0.6255940387117267 0
897 0.903954105498423 0.6491700335425072 0
898 1.42803888873074 0.2200621702387231 0
899 1.418956802632252 0.2783429792844192 0
900 1.505268564853241 0.1375953258102616 0
901 0.9903124512720627 2.058344588604355 0
902 1.09665976556882 1.959650644597035 0
903 0.8788068487772609 2.281732874218956 0
904 0.3514790587654044 1.169640863035232 0
905 1.116914905150189 0.9822776047662938 0
906 0.8572158197157549 3.776442810880092 0
907 0.599174741434453 3.704340188798936 0
908 0.6426486207073232 3.495365615582777 0
909 0.8076228982908145 0.8707671726277812 0
910 0.7557278286696132 0.864764578384932 0
911 1.471065130498646 0.3597617248422065 0
912 1.066879584200326 0.1262783520678656 0
913 1.119426147685411 0.08282654117314792 0
914 6.487099160588577 7.335058575414106 0
915 6.90652580355299 8.330085563059024 0
916 6.540596916185201 6.57683361843525 0
917 0.611864320489012 1.281922793201733 0
918 1.486517346794226 1.318963675602813 0
919 0.9948964538382778 7.757085780771489 0
920 1.36013222130792 7.180645970183993 0
921 1.937911257013422 7.265442914054821 0
922 0.2598674791226028 1.08512244553461 0
923 0.287354057244702 1.03416714066743 0
924 0.4318855353374751 1.028810496535048 0
925 0.763945313973835 0.7637690506549699 0
926 6.012873872018535 2.037082154509894 0
927 0.6623337450252098 0.8606368394612876 0
928 1.271448898791849 0.727030244815289 0
929 1.214633807111484 0.6831628756563752 0
930 1.223728100577292 0.7667499989273825 0
931 0.645542059694387 3.268540462485189 0
932 0.612963375555001 3.003330653193792 0
933 0.4058978768081722 3.304408309386835 0
934 0.3776780930558115 3.10170490087701 0
935 1.602163949049917 2.10239355720185 0
936 1.55464040305597 1.858921705643244 0
937 0.2543175206034203 2.318953111323653 0
938 0.2775355619777926 2.46293599742645 0
939 1.574508432550802 1.223621930782596 0
940 0.5815103286520262 4.682300510280897 0
941 0.6538155521410083 5.005661894817259 0
942 0.9882009775104859 4.892948524118055 0
943 0.327281158707029 1.548698459894577 0
944 0.2737794552195094 1.49438385612272 0
945 0.2121571301217866 1.465774014283815 0
946 0.3860102168794697 1.487667397488885 0
947 0.4816776701727434 2.169888017723243 0
948 10.88942792649797 11.08537839577258 0
949 3.054331129711128 0.326523097890405 0
950 3.167743162867169 0.5282534408628781 0
951 3.100842320971841 0.719150878364367 0
952 3.325082261019148 0.7400134208704117 0
953 3.380930353839592 0.5553181472134838 0
954 0.6823211953500277 1.191697053154213 0
955 0.611529937249065 1.197218058725845 0
956 0.3294294604971704 1.022387909496675 0
957 1.060107639009233 1.032836160448781 0
958 6.569204942527579 2.62524127315825 0
959 1.202928571739688 0.5263171962101296 0
960 1.617378149489348 0.4901622456371211 0
961 1.570645738185954 0.5855483209030048 0
962 1.013218116648098 0.2484774443789419 0
963 6.467740642119947 4.656960806654197 0
964 6.850937422912073 3.992514788793875 0
965 6.085767242143225 3.805895572913776 0
966 5.928866058216154 4.35166842502639 0
967 5.554653661133523 3.676352062096225 0
968 1.848444437795614 3.255755705324779 0
969 1.731049445019128 2.883292432849045 0
970 0.7024602728688549 5.352802794658675 0
971 1.110071903682424 0.2207980265292164 0
972 5.505005792468928 11.11886504633444 0
973 5.871581763893095 10.5837480107925 0
974 2.404146190115327 1.988021127158285 0
975 2.642670898101044 2.025969109969479 0
976 2.483564187695016 1.765538642090727 0
977 2.698875503265162 1.794602269246997 0
978 2.907578648998995 2.031034570007811 0
979 0.1986820871194155 1.539710115613151 0
980 3.329734226632276 4.082684907504194 0
981 3.133480937061871 4.47066937566275 0
982 3.329140290756245 4.938858101971297 0
983 2.975116515153151 4.882835038392993 0
984 3.08600763265973 3.612485321591005 0
985 0.1379976095632518 1.445260792001919 0
986 0.1834705492190523 1.371166536800335 0
987 1.654565063410388 0.2085691954957092 0
988 1.774366455822243 0.1743536384365942 0
989 11.24702568773205 4.498006499845584 0
990 11.1285209999584 3.684419146093054 0
991 11.5978240801189 2.837372345670769 0
992 10.99462060300014 2.92581721343645 0
993 11.04847204340744 2.186020151875026 0
994 10.28569064317586 2.085648141066043 0
995 10.37780227365231 3.915380704968346 0
996 10.44170636236261 1.353692492242596 0
997 11.1779169230225 1.449990272754899 0
998 9.558293101006816 1.892896325693235 0
999 8.901147086263453 1.678017276366603 0
1000 8.634196620692425 2.226606625692159 0
1001 10.63416032127168 4.47508289877193 0
1002 10.28897281799401 4.925651114702099 0
1003 9.746479803818458 4.289530255363243 0
1004 10.35634659670268 6.256929623447437 0
1005 8.277401411687316 1.493517481090429 0
1006 7.70252395982185 1.312622872839867 0
1007 12.57796261237015 2.48128223641532 0
1008 1.953430801662373 0.884209615510624 0
1009 2.15187858362816 0.9499521250785072 0
1010 2.925716031849849 1.785167715476334 0
1011 3.201624502136662 2.028795808248435 0
1012 12.91361045649428 0.8337084839661468 0
1013 9.259340990947626 3.609447338143275 0
1014 1.106131059680388 0.4518256947038051 0
1015 1.077414897872895 0.4821561327932447 0
1016 1.528314065813744 9.569795026880557 0
1017 1.499867194610298 10.44396336359773 0
1018 1.068358157196325 10.86236105200094 0
1019 1.910937199242678 11.34953970199391 0
1020 1.233074626671037 11.42412786723493 0
1021 2.196145446934015 12.19704501950535 0
1022 3.063695469597493 12.13343627833539 0
1023 2.473271272733532 13.10173743191489 0
1024 7.661760807274719 8.00892565589103 0
1025 1.322930715641643 0.1285120218747231 0
1026 2.72301205596398 3.274686492096276 0
1027 1.797398737925517 2.530059824224108 0
1028 1.985842050065592 2.689065626437758 0
1029 0.8029642109457011 0.6960736892885127 0
1030 0.08370287353186434 1.157319505293115 0
1031 4.919437044021356 4.003028714731384 0
1032 0.896212778011293 14.05074552704427 0
1033 2.205887094091641 0.7391372190005079 0
1034 8.424498756955796 0.9900102847124934 0
1035 0.05001085183996778 1.337743709081593 0
1036 3.952460033609607 8.912285623511462 0
1037 4.149055189819597 6.179488912911998 0
1038 4.563118821287358 5.697049232133625 0
1039 4.088741686567576 5.476101790750862 0
1040 10.0261366560259 3.015198983551413 0
1041 14.9188250724962 17.4512578001183 0
1042 1.702773163282927 6.297443279470629 0
1043 1.226796957279086 5.98543497519569 0
1044 1.401700940270191 6.639880747219842 0
1045 1.053022068592858 6.440657128165928 0
1046 0.7342162580549605 6.047989965054423 0
1047 1.238519966099412 0.1085266209464333 0
1048 1.20938545889898 0.07501889485695479 0
1049 0.2103415043889374 2.063471140420473 0
1050 0.2959250802014761 1.930790580066086 0
1051 2.042569044314341 15.13093726444502 0
1052 0.725790284395103 2.126340227650515 0
1053 2.054461673307389 0.3673913702639044 0
1054 3.310794749371166 5.995606221059824 0
1055 3.29631528236083 0.9596726243221561 0
1056 1.93456108555441 0.3349201888560795 0
1057 0.1846528595078354 3.163621180780449 0
1058 2.302197942466665 0.120323645772844 0
1059 2.388442249459088 0.2632109479485276 0
1060 2.543613176782551 0.2737400175008773 0
1061 4.068782787609682 0.2193460405952106 0
1062 4.21182421055279 0.4747671831060156 0
1063 3.943041100221487 0.4368169928910248 0
1064 4.505120688880695 0.5207450435384278 0
1065 4.355084982079275 0.7883451919168341 0
1066 5.075506881313705 10.16585150312981 0
1067 5.354120978629607 9.45165358386595 0
1068 3.945907062241916 2.906087328238711 0
1069 0.5096127052819526 0.9652500262032966 0
1070 0.4472901055791372 0.964009771982802 0
1071 1.393426931260418 3.012541463759027 0
1072 1.433799527128778 2.839062069196572 0
1073 1.166219879323265 16.26939067320113 0
1074 6.088472692105619 3.248388613629608 0
1075 0.2404370997269645 1.398269592796122 0
1076 0.7921767059495384 13.05897264369364 0
1077 0.6310249507417076 1.068327323374497 0
1078 0.0465056879864143 1.278171914833571 0
1079 0.0984927557109998 1.313844254519067 0
1080 10.46062346956518 0.6695402235760266 0
1081 1.125841979294046 0.04082949832989513 0
1082 18.78941432964299 7.043905980014242 0
1083 17.61425479065316 5.548446415483997 0
1084 17.57242171757559 4.579815819870919 0
1085 17.61623784730356 6.994596918618768 0
1086 16.47872765803604 7.029370315400224 0
1087 15.37562120520522 7.192564963503795 0
1088 15.25238694505911 5.904367206499159 0
1089 17.61346232339723 8.510677531827392 0
1090 16.46670795947284 8.560539728947136 0
1091 18.40345705024301 4.040113883353907 0
1092 17.08942355005016 3.295019533019108 0
1093 16.80148037102198 4.240139932510719 0
1094 18.60715801570552 2.552408506692529 0
1095 16.37485159035582 5.404485934398982 0
1096 2.390318377497612 7.777569713468832 0
1097 3.518990870376067 2.050117289177201 0
1098 3.48922442296647 2.335209903577674 0
1099 1.553959672773185 0.0649495929793229 0
1100 0.06921297408789506 1.655006529488551 0
1101 1.728455948113115 0.077907633687051 0
1102 0.08416362679914791 1.855391611607248 0
1103 18.81528565894184 11.36836574096374 0
1104 17.59847011279674 10.00951027166016 0
1105 17.62469151090469 11.43303104931478 0
1106 16.39131188327578 10.06685170401498 0
1107 16.21904141374368 11.76550626108957 0
1108 16.79732773917231 12.7244069159315 0
1109 18.79308519365509 12.73141895785354 0
1110 15.24987875179505 9.98500708278034 0
1111 10.45392186089936 18.68477213450981 0
1112 9.413043148800044 17.27425963729408 0
1113 10.74148819299099 17.43034018461821 0
1114 10.87256530439214 16.2676975334844 0
1115 12.15406472748234 16.28291101911802 0
1116 10.89993324319947 15.42114717747356 0
1117 13.50351451592462 16.22113376347907 0
1118 12.07712024689514 17.48732741889446 0
1119 2.11278591345141 0.234842074005444 0
1120 1.991494710321506 0.2175942465139755 0
1121 1.930811035370574 0.09683837343248314 0
1122 0.4836560912169219 0.9226563878307843 0
1123 9.081443425499698 0.5520764359241905 0
1124 9.113944589749774 5.98915938043093 0
1125 0.1965851768231133 1.017780657020026 0
1126 0.1197801508136944 1.029452757318539 0
1127 1.027581228948547 0.1244892994684648 0
1128 2.169868170901751 0.1144246813020775 0
1129 0.7491739985389838 9.329984875005653 0
1130 0.5057698668342603 8.128883848634114 0
1131 0.867205302279535 1.853180172143308 0
1132 0.4644685767831049 7.233022491884764 0
1133 15.36822858758525 8.59397034224766 0
1134 14.32520719341622 7.363166496273923 0
1135 14.26203474355226 6.172326654410702 0
1136 13.34074288521454 7.408131231745889 0
1137 15.04471193495727 4.907414547726233 0
1138 0.5592996201456835 0.8705823004690316 0
1139 0.1704224843760489 2.975522746460197 0
1140 0.2913691042458808 4.746869513061451 0
1141 3.810983786337458 0.2022965170601072 0
1142 0.2526673240677457 4.153078698691973 0
1143 0.21090859981949 3.582927278568812 0
1144 2.948175197005667 0.1512935074622561 0
1145 0.3786650869201154 6.182223218083568 0
1146 5.331846450915906 0.3152950102719512 0
1147 5.536287663643877 0.6950706467691319 0
1148 5.940852568611908 0.7501732782155965 0
1149 3.34723780020637 0.175252123348292 0
1150 6.978450679532314 0.5374768848944509 0
1151 0.3942333060238372 0.955193758222034 0
1152 0.3710353252695793 1.008163893942941 0
1153 1.024291412069358 0.4228559083492325 0
1154 18.80022144344076 8.513710242881956 0
1155 0.975929480696955 0.3394136943056463 0
1156 0.944477773986943 0.4180099363643279 0
1157 16.41108814824074 13.54783133873522 0
1158 6.26946742066225 14.83907675653838 0
1159 0.5919284031547747 0.8501315233459934 0
1160 18.37251779549693 15.25439854817871 0
1161 4.422588421310967 3.864511594322177 0
1162 4.601479711297125 3.264226636332334 0
1163 3.950085994289423 0.9682063872086371 0
1164 11.6834752375385 10.34249924937076 0
1165 10.12494471135749 10.22388042215642 0
1166 11.2121496231525 0.7228306376269611 0
1167 0.9058333708695585 0.4966817963285912 0
1168 18.81671967255054 17.43437570013461 0
1169 17.61707988934844 17.52570377686052 0
1170 4.657149968410143 0.8888529551664845 0
1171 0.9392810274629397 7.244562127616304 0
1172 5.381004294031322 1.069174276481649 0
1173 2.86299526253873 2.318127681768687 0
1174 4.472513926632101 1.197804415615646 0
1175 4.365302456985266 2.772541028303491 0
1176 9.437566653325646 12.44095236329974 0
1177 8.89562538385894 11.65983607098127 0
1178 2.192067439292305 1.919292321242857 0
1179 0.8622980340273827 0.5704991609852108 0
1180 11.81200809281705 18.73259333881139 0
1181 11.79038998820153 2.292438049621656 0
1182 3.257453327664991 0.3502986716024381 0
1183 10.88769240757765 8.967600731686485 0
1184 1.93120939819417 1.582192399883784 0
1185 1.463587228495678 0.9608501554980897 0
1186 1.846890440256516 0.7482955792877348 0
1187 0.6905650515494806 0.7712782969038798 0
1188 0.7195912894421639 0.7712395465592277 0
1189 0.7157225546077743 0.813342629804291 0
1190 0.7508745345322545 0.7178983818149405 0
1191 2.958087301029821 3.939485734520904 0
1192 0.6693336558999565 0.805529637836905 0
1193 14.63664422681422 18.74487567555084 0
1194 3.69896406281949 0.4017854654296684 0
1195 3.812202036271223 0.6555121515652047 0
1196 0.52978401617138 3.917686773291901 0
1197 1.521412933368012 0.4635353114059964 0
1198 0.813746349806614 0.6373780887026079 0
1199 3.028686129300394 7.74025908252091 0
1200 1.366319715353038 0.408896015554669 0
1201 4.000020331676034 4.982363629039597 0
1202 1.342666800517149 0.05722798300672771 0
1203 0.3144647804967171 2.771168342459685 0
1204 6.072521525011723 1.593329581289117 0
1205 12.49318888697399 13.71171764845582 0
1206 2.196730559974717 2.873176653936607 0
1207 14.87919690038998 11.28797260245397 0
1208 1.201462952907924 3.92883695057442 0
1209 0.7725550836958952 1.708176197224319 0
1210 6.129316840195102 0.3762541142511022 0
1211 7.900518251625467 18.20769990966107 0
1212 0.6155051921646386 1.128134922867424 0
1213 1.016403862248017 0.3338690935453101 0
1214 2.609159031482169 18.84905236340826 0
1215 0.6852421155445381 1.578968837718563 0
1216 8.428932224357501 2.634327543383615 0
1217 0.6652051211624901 2.771087525633353 0
1218 5.786708707738573 1.134052594247621 0
1219 5.167895788057653 0.6428421712832222 0
1220 6.356835547961641 0.8307843512278676 0
1221 1.185168384349868 0.5902181340567392 0
1222 2.49888445358623 10.44518172677401 0
1223 0.0886115678923467 1.206883655301645 0
1224 1.6115930911589 13.12359820387902 0
1225 0.1470239400319784 2.638446366035663 0
1226 0.1280823463895295 1.247120590775438 0
1227 0.1544032003193578 1.289650573984106 0
1228 0.1100709553061119 1.373284860987299 0
1229 9.606388204686608 16.10670210325059 0
1230 16.10175009649031 1.010836902046336 0
1231 17.28057624339914 2.250560410058348 0
1232 1.032899645211057 0.06356523990391416 0
1233 0.0399981654834356 1.079269304915313 0
1234 1.629621139771094 2.386943580321687 0
1235 0.06239901117171343 1.479726134798835 0
1236 4.519813828391973 8.097567414231868 0
1237 0.3895269331218962 1.361752231673195 0
1238 0.08022198878035525 1.07424439290539 0
1239 5.811218268327561 13.79664342896 0
1240 0.2261868706477017 1.181259419180284 0
1241 5.083113157527912 14.95946378133457 0
1242 1.161179509844475 5.299688002259578 0
1243 1.405727091774043 1.791787869970369 0
1244 1.08034447364053 1.744971313165793 0
1245 0.3528032925901421 1.777195171036707 0
1246 1.480327729779919 2.251827053791099 0
1247 2.828167164816643 3.558507657993751 0
1248 1.062815650289661 0.1642567800899837 0
1249 15.90985539149882 3.05571847385558 0
1250 13.45333146776699 17.46562769556477 0
1251 0.04212295637592334 1.171300310734978 0
1252 3.489424308276122 5.261710808635267 0
1253 1.877460286487203 0.1981025264677179 0
1254 0.317791691167983 0.9855072775760263 0
1255 0.8924575869040652 1.120483824022571 0
1256 17.38352026762195 18.74169840054857 0
1257 2.283408664426029 1.712657130256703 0
1258 8.403593886570622 5.173373214092431 0
1259 5.77312980851679 6.923843352275066 0
1260 0.8273399167027478 1.392127966316419 0
1261 1.177205691396948 1.196331068446767 0
1262 6.122187335680673 8.5935550574724 0
1263 0.5619536326697077 2.073546740524007 0
1264 1.203476940561305 2.604703566538552 0
1265 1.259106386078601 1.278789291743792 0
1266 9.823165585844755 8.843265905009103 0
1267 1.053075240629854 0.8361089970333442 0
1268 0.6422097611438744 1.012755272464954 0
1269 2.024751821611168 1.39619461577095 0
1270 4.724418010452647 1.965012431022712 0
1271 0.1138980341109033 2.204087899402733 0
1272 4.655264993414807 0.260415130363624 0
1273 8.15677840582118 12.03524788075556 0
1274 1.143392392980191 0.4056365550786634 0
1275 1.266501147481755 0.3011117935909393 0
1276 0.1712335309078963 1.838222354603628 0
1277 2.604766622310622 0.1351500980155595 0
1278 0.9916554180489481 0.9643465246576071 0
1279 1.285014003673709 4.721787577823779 0
1280 1.087445270135547 0.7744641725328467 0
1281 1.604784973858457 0.1432122874459907 0
1282 9.137176464483522 4.73361493420084 0
1283 3.865466139718865 1.766362064447826 0
1284 5.109668260515121 3.519759403958724 0
1285 0.3905627571713737 2.308137486244585 0
1286 2.749761731910132 4.278137974913944 0
1287 2.833286176176053 1.411286329780109 0
1288 2.445091582948021 1.337598553833836 0
1289 1.669386095437016 2.656861706607655 0
1290 0.1261093983839032 1.074265986927722 0
1291 3.502432006004276 0.7375023944852224 0
1292 7.890576031733329 0.4360669781082169 0
1293 1.810834776521785 14.09249038590414 0
1294 0.1531412050257348 1.734276250573004 0
1295 1.478763229692385 0.5548510212854154 0
1296 3.08709329872004 8.338805878400988 0
1297 0.4322414714958853 3.668800907862549 0
1298 3.499512071666262 2.621130489903388 0
1299 1.145615937292872 0.8075859957120564 0
1300 3.718531323805483 13.99049464380683 0
1301 1.313155307238482 1.919504937142424 0
1302 2.556875917618597 1.564337313724597 0
1303 0.5271594616409523 1.266071689943518 0
1304 2.934951602010447 5.458126675658476 0
1305 0.2129551256615514 1.314213521228091 0
1306 2.508347636649997 0.8891848149215047 0
1307 4.458032072891822 2.217438152451041 0
1308 5.145118317477976 2.855359158583641 0
1309 9.182005061584636 9.491911774184011 0
1310 0.3433996187846695 1.06362190285193 0
1311 8.641303723499696 12.90794620916997 0
1312 2.431868584946605 4.018859978234072 0
1313 3.863765259393126 18.91374164101779 0
1314 1.029596759878086 5.657072379022605 0
1315 0.8399518668246824 0.6636736145946731 0
1316 1.992405172023844 3.084475739548653 0
1317 11.9564294610848 1.548035380370781 0
1318 0.5183571282583657 4.398473493644493 0
1319 17.47065329865658 13.8269589396199 0
1320 4.440814074950847 17.96275937746356 0
1321 6.769765002955946 0.9567454674378499 0
1322 0.6308829835962211 0.8609274216668226 0
1323 1.413345109389926 0.05665366376638836 0
1324 4.075616888102725 0.7210475409444683 0
1325 1.222620506491527 6.871628200989247 0
1326 0.7594072023273366 0.6846570027037444 0
1327 2.706064152290762 0.2857120977706096 0
1328 0.4535974333687989 0.9162773765207639 0
1329 0.6566722328607106 1.680122633976575 0
1330 5.986546559624596 6.172037168857235 0
1331 1.155196990165352 0.652330021004822 0
1332 0.5398960039221308 1.104375054082553 0
1333 0.7077213121536694 0.8612955568859313 0
1334 0.8955355689742817 0.5868783765010832 0
1335 0.5394847399553413 0.9288217972808379 0
1336 9.232329575063799 2.527727649173176 0
1337 0.9864296980145824 0.2748296252530977 0
1338 0.2781114268986613 0.9975212991845304 0
1339 13.31551782525528 6.303496651969043 0
1340 9.502455595366055 11.05289173068944 0
1341 0.9417773063295733 0.5051633766094614 0
1342 4.825627817898519 0.5832172512009102 0
1343 0.7269154506499582 5.711148170062311 0
1344 1.063341685749302 0.08194912165245327 0
1345 0.1394341991689547 1.637433101599893 0
1346 1.060273030612263 0.2005349088981472 0
1347 0.9384060273844206 6.808118945258319 0
1348 1.001589824368095 0.3766190537088274 0
1349 1.357285144831845 0.26194436610146 0
1350 1.099216078312159 1.280035251575196 0
1351 7.854329178794397 0.8668902900653048 0
1352 1.349529744277804 1.34751706886783 0
1353 2.429396150748304 4.701626704993133 0
1354 2.306759288320084 0.6806761867541908 0
1355 2.857707543505423 0.6736310594204244 0
1356 3.473872069919624 0.3738050381596398 0
1357 1.500162174726423 4.977647741704578 0
1358 0.8694956710416317 0.6261013649241036 0
1359 0.1035883694255375 2.080427889936129 0
1360 5.68482787814823 17.71677589767852 0
1361 2.641067445059846 0.7202457006768839 0
1362 2.754703540938548 1.60062605909588 0
1363 0.733804274828076 0.9532164276977859 0
1364 3.805052193423245 8.22996071271225 0
1365 8.521025245245037 11.11107340454632 0
1366 5.411629518387226 4.162491462707762 0
1367 2.246563015150067 0.2521257370395915 0
1368 0.2661042714322441 1.338284489356086 0
1369 10.07161907668077 13.26455919045595 0
1370 1.109306579916254 1.110827635781643 0
1371 1.044619088984279 0.4762324227645607 0
1372 0.8611662382779208 2.105847257781888 0
1373 17.93797672398088 16.38869698388009 0
1374 2.492351251744103 17.67421404022742 0
1375 15.72010477407397 4.708525374565681 0
1376 6.713923057045216 18.98078310992019 0
1377 18.64042232870453 1.265996621697527 0
1378 1.316959368911272 18.7392420761117 0
1379 1.461755970493865 0.1001151033799044 0
1380 1.157196126487793 0.5248669772229704 0
1381 4.772786155683725 9.299680342717206 0
1382 0.4669481849280253 2.889357197064995 0
1383 9.048935071060033 1.113903764367167 0
1384 0.5269265933263956 2.291745273825676 0
1385 5.273029150516916 3.214912859456689 0
1386 1.688457651889237 0.1538849439048224 0
1387 1.710427004974902 6.963278722061123 0
1388 1.083719178777983 0.5297869624511229 0
1389 0.7450617621044788 0.9158189049496954 0
1390 3.22201067676589 1.702569067370797 0
1391 0.4205746491257933 3.51787473867547 0
1392 0.3540652435882787 1.112435134233793 0
1393 0.9327356347385578 0.6051751779102386 0
1394 0.9124266416040925 8.314884232074562 0
1395 1.109021845245195 0.873408686482783 0
1396 0.1366578425127614 2.484790022001371 0
1397 0.7777372729505458 6.351262469738955 0
1398 1.929294113906174 0.7836565802981017 0
1399 2.834805046713366 0.8880390949879953 0
1400 3.177698412027039 2.324672016050373 0
1401 2.189818818664025 1.457054184343393 0
1402 0.7531711225891211 4.006714544132245 0
1403 0.9631290057716217 0.4622618703990486 0
1404 0.9197675801522962 0.5467399041789331 0
1405 1.037111463968232 0.03702428582795037 0
1406 0.3192430229538239 1.418009079672149 0
1407 18.69633665060946 18.682023567422 0
1408 0.03964278640647123 1.038376417797959 0
1409 7.478549727273582 1.792360633237889 0
1410 0.4935852415755395 4.149265695117625 0
1411 0.6202024472030416 11.35857109039942 0
1412 7.118843084907231 6.257566983663272 0
1413 0.3427140666609532 5.427360223893138 0
1414 1.452574253804048 2.0049743901573 0
1415 4.213504110259647 1.053111189344943 0
1416 0.07998541497421563 1.115089060525497 0
1417 14.01218210988439 4.2504449808427 0
1418 7.701857335248766 18.9889777623464 0
1419 0.7005373721705048 1.013757135498444 0
1420 0.3399719391091285 2.931008655349479 0
1421 1.42191522915023 1.385020734557044 0
1422 0.410860755835964 0.9892099150993001 0
1423 1.137745008964384 0.4900625094393334 0
1424 16.3074487550175 17.48077509194115 0
1425 14.24559737482828 9.819738270225015 0
1426 2.420335185617748 3.065102020827973 0
1427 7.391870716689387 0.7130017335161281 0
1428 0.9391117234469544 1.973572370537774 0
1429 1.4609150564795 2.573900824373463 0
1430 2.876138632145607 0.3036244442998814 0
1431 1.038202314739831 0.9785446664461048 0
1432 5.55481483443897 1.949638397094834 0
1433 1.092693893880352 0.1964346935201906 0
1434 2.394372816118317 7.115953332251133 0
1435 1.431403244253609 12.22476268010863 0
1436 0.5652425599506348 0.9010095182881557 0
1437 0.1591771226346435 1.053360674771424 0
1438 3.828931627363283 2.569280242474996 0
1439 0.1938181731087472 1.230424437316941 0
1440 1.22547900341455 0.8378740227485757 0
1441 1.396522695006375 0.3422062150021503 0
1442 9.711742993136278 1.241378595939368 0
1443 5.60174318288313 3.244473341344018 0
1444 1.069355931756604 0.9346380387893038 0
1445 0.6130546395689649 10.65503154596624 0
1446 1.020068452673842 0.2005994624061262 0
1447 3.767966783328766 5.719536242434561 0
1448 0.2458435594825339 1.048167429881024 0
1449 0.7633707548042512 0.8132765358701501 0
1450 0.9482620868217317 1.380969751127559 0
1451 2.909113563166251 1.629813396921733 0
1452 10.85808115371959 14.05260599580128 0
1453 5.699382676423778 4.821593033280668 0
1454 2.742171589665942 14.05420938137302 0
1455 0.9896350888876864 1.888673774288719 0
1456 9.728802206283738 5.471512038538121 0
1457 0.1917092724448857 1.948683360244214 0
1458 2.367907368898072 1.517349650005064 0
1459 1.22406789896681 0.04318508401394539 0
1460 3.592750868528746 0.5954709723012588 0
1461 0.1489033039540324 1.34822561928468 0
1462 0.4475895281126068 1.418642025828838 0
1463 1.192330141339351 1.836468098751245 0
1464 15.8140012629771 4.02672638134618 0
1465 1.503546454245487 0.2162243431853987 0
1466 0.7452871115161877 2.221576617321592 0
1467 0.9108955408085784 0.7268102560479299 0
1468 1.550795042055185 1.428134071048081 0
1469 1.178297205824764 0.7446150993284952 0
1470 0.6256014698791539 1.784710521392974 0
1471 0.983312943123348 0.4195736455684358 0
1472 0.09271763640213493 1.260398154253615 0
1473 17.63342965618815 12.67886341670933 0
1474 2.081477444142472 0.8180817939606229 0
1475 0.1345987226280076 1.547304577961423 0
1476 0.6038730829961931 2.150857480702976 0
1477 11.94918093267489 14.92556223448381 0
1478 1.17068005254429 0.08033332543975291 0
1479 1.485497749051166 1.136923653102574 0
1480 12.4674555432728 7.328706185456122 0
1481 14.20235224828357 5.65168227721882 0
1482 14.59369084398607 5.019226223876585 0
1483 15.14854944000819 5.405890877112697 0
1484 14.75721084430569 6.03834693045493 0
1485 14.67545084414588 5.528786577165758 0
1486 5.866293846846902 9.564574798820715 0
1487 5.36447146820931 9.082628284177076 0
1488 5.748504646734843 8.653579020980301 0
1489 6.250327025372435 9.135525535623941 0
1490 5.807399246790872 9.109076909900509 0
1491 11.99881700649305 1.161775571129246 0
1492 12.47740750419779 0.8046121229269296 0
1493 12.86469243312668 1.249118938809159 0
1494 12.38610193542194 1.606282387011476 0
1495 12.43175471980986 1.205447254969203 0
1496 5.720558253169273 1.327929565725993 0
1497 5.981706150230862 1.170374792373474 0
1498 6.124612558867437 1.400013285894222 0
1499 5.863464661805848 1.557568059246741 0
1500 5.922585406018355 1.363971425810107 0
1501 2.745910470265629 3.65740309669134 0
1502 2.957087398738187 3.585496489792378 0
1503 3.022047466844775 3.775985528055955 0
1504 2.810870538372219 3.847892134954916 0
1505 2.883978968555203 3.716694312373647 0
1506 0.1899102463576838 3.264071988294783 0
1507 0.2811654762818243 3.13266304082873 0
1508 0.391787984931991 3.203056605131922 0
1509 0.3005327550078523 3.334465552597976 0
1510 0.2908491156448356 3.233564296713352 0
1511 8.415912714869961 3.694639582365912 0
1512 8.476370723789085 3.195480082494241 0
1513 9.008294446830943 3.315822345067303 0
1514 8.947836437911819 3.814981844938975 0
1515 8.712103580850453 3.505230963716608 0
1516 9.653474886471061 9.857896098170215 0
1517 9.81370015336177 10.63838607642293 0
1518 9.149159737362741 10.78743808233038 0
1519 8.988934470472032 10.00694810407767 0
1520 9.401317311916902 10.3226670902503 0
1521 10.8862492737958 15.84442235547898 0
1522 10.23947675453937 16.1871998183675 0
1523 9.744515802961555 15.50390646408397 0
1524 10.39128832221798 15.16112900119546 0
1525 10.31538253837868 15.67416440978148 0
1526 9.642738823486765 3.312323160847344 0
1527 8.994788738889032 2.774962500582255 0
1528 9.629233115544851 2.771463316362294 0
1529 9.318763781187897 3.043642830714798 0
1530 1.070785509886989 0.06055763251565693 0
1531 1.102035656659361 0.03999782085437786 0
1532 1.122634063489729 0.06182801975152152 0
1533 1.091383916717357 0.08238783141280059 0
1534 1.09670978668836 0.06119282613359012 0
1535 0.8351211798619289 0.8152956518882455 0
1536 0.8648951654293313 0.8454812269444894 0
1537 0.8410819023447154 0.8724894656275524 0
1538 0.811307916777313 0.8423038905713067 0
1539 0.8381015411033221 0.8438925587578971 0
1540 9.277553292409417 17.88916248397459 0
1541 8.521290843822129 18.35588262015808 0
1542 8.001768253559046 17.65012049826448 0
1543 8.758030702146334 17.18340036208098 0
1544 8.639660772984232 17.76964149111953 0
1545 0.9879758992759538 0.59994876949483 0
1546 0.9534182365511388 0.6153846083109826 0
1547 0.9453191732033215 0.5825769746711753 0
1548 0.9798768359281365 0.5671411358550209 0
1549 0.9666475362396376 0.591262872083 0
1550 6.910769996072127 7.249152229599327 0
1551 7.498100819415198 7.586085769837789 0
1552 7.284143305413854 8.169505609475028 0
1553 6.696812482070784 7.832572069236565 0
1554 7.097456650742991 7.709328919537176 0
1555 3.212962290995494 0.7295821496173893 0
1556 3.310698771689989 0.8498430225962839 0
1557 3.168833609378137 0.9448563225813142 0
1558 3.071097128683642 0.8245954496024197 0
1559 3.190897950186815 0.8372192360993527 0
1560 1.731731932155473 5.366291243647735 0
1561 1.387402179044166 5.434860429832481 0
1562 1.33067084228545 5.138667871982078 0
1563 1.675000595396757 5.070098685797332 0
1564 1.531201387220463 5.252479557814906 0
1565 16.30517664850973 10.91617898255227 0
1566 16.99489099803625 10.03818098783757 0
1567 17.61158081185071 10.72127066048747 0
1568 16.92186646232418 11.59926865520217 0
1569 16.95837873018022 10.81872482151987 0
1570 1.453424216706384 0.3980672641866185 0
1571 1.515358360136386 0.3668305602741206 0
1572 1.540532261571069 0.4187173535560156 0
1573 1.478598118141068 0.4499540574685135 0
1574 1.496978239138727 0.4083923088713171 0
1575 1.527369101426983 2.053683973679576 0
1576 1.541245839414918 2.177110305496475 0
1577 1.413099960208546 2.195677891308882 0
1578 1.399223222220611 2.072251559491982 0
1579 1.470234530817764 2.124680932494228 0
1580 8.856746003723696 19.25203266532755 0
1581 8.136642953338683 19.4944888811732 0
1582 7.801187793437117 18.59833883600373 0
1583 8.328966898580406 18.92518575066564 0
1584 6.007316650179689 4.078781998970083 0
1585 6.468352332527649 3.899205180853826 0
1586 6.65933903251601 4.324737797724037 0
1587 6.19830335016805 4.504314615840293 0
1588 6.333327841347851 4.20175989834706 0
1589 2.702256332950728 4.792230871693063 0
1590 2.955034058581798 5.170480857025734 0
1591 2.631472346547206 5.372331957168724 0
1592 2.378694620916134 4.994081971836052 0
1593 2.666864339748967 5.082281414430893 0
1594 0.3070769220278535 1.796453765301916 0
1595 0.387589957299534 1.841709479039256 0
1596 0.359150851105202 1.918507183553945 0
1597 0.2786378158335197 1.873251469816605 0
1598 0.333113886566526 1.857480474427931 0
1599 3.71144090046917 1.761600327002721 0
1600 3.880014858094741 1.944097541462545 0
1601 3.706777223423342 2.085975153827233 0
1602 3.538203265797771 1.903477939367409 0
1603 3.709109061946256 1.923787740414978 0
1604 0.3662417474822437 5.986361807579218 0
1605 0.5403669293471651 5.75082428356859 0
1606 0.7305658543524594 5.879569067558368 0
1607 0.5564406724875379 6.115106591568995 0
1608 0.5484038009173506 5.932965437568793 0
1609 1.465792671488114 0.2181432567120609 0
1610 1.498167592365732 0.2515021895593623 0
1611 1.455872766559114 0.2825615076088717 0
1612 1.423497845681496 0.249202574761572 0
1613 1.460832719023614 0.2503523821604681 0
1614 4.52515855179187 14.96322496459283 0
1615 3.842867634930656 14.47874039582896 0
1616 4.242181796407847 13.95243428335194 0
1617 4.924472713269061 14.43691885211581 0
1618 4.383670174099858 14.45782962397238 0
1619 17.60596621809698 9.260093901743778 0
1620 16.42900992137431 9.313695716481059 0
1621 17.04008514143504 8.535608630387264 0
1622 17.01748806973564 9.286894809112418 0
1623 1.618780971364782 1.280535002287273 0
1624 1.606924276116972 1.382791072420016 0
1625 1.518656194424706 1.373548873325447 0
1626 1.530512889672515 1.271292803192704 0
1627 1.568718582894745 1.32704193780636 0
1628 0.2528555193025674 1.066644937707817 0
1629 0.2419238376067661 1.097317569465645 0
1630 0.2095714547980378 1.087898285621035 0
1631 0.220503136493841 1.057225653863208 0
1632 0.2312134870503044 1.077271611664425 0
1633 0.1724969919212409 2.194548407573809 0
1634 0.2427067351674985 2.251981013534269 0
1635 0.1890779324142322 2.327161303731634 0
1636 0.1188681891679728 2.269728697771173 0
1637 0.1807874621677357 2.260854855652722 0
1638 12.71101519436446 15.00165794861881 0
1639 13.48818198598933 15.64944371311644 0
1640 12.82878962170348 16.25202239129855 0
1641 12.05162283007861 15.60423662680091 0
1642 12.76990240803397 15.62684016995868 0
1643 1.500088081530198 0.5091931663457068 0
1644 1.56939554142868 0.4768487785215587 0
1645 1.59401194383765 0.537855283270062 0
1646 1.524704483939169 0.5701996710942101 0
1647 1.547050012683926 0.5235242248078826 0
1648 0.04309558974388317 1.196583251015072 0
1649 0.06291291495389473 1.164309908014047 0
1650 0.08615722071210641 1.182101580297381 0
1651 0.06633989550209485 1.214374923298406 0
1652 0.06462640522799568 1.189342415656228 0
1653 0.7761762412231032 1.032206428237521 0
1654 0.7446333701051984 1.082748117216124 0
1655 0.7021802851566523 1.053667166900073 0
1656 0.7337231562745572 1.003125477921472 0
1657 0.7391782631898778 1.042936797568796 0
1658 2.018157004553585 0.1614238042033129 0
1659 1.934477498404355 0.2078483864908467 0
1660 1.904135660928889 0.1474704499501005 0
1661 1.987815167078118 0.1010458676625667 0
1662 1.961146332741237 0.1544471270767058 0
1663 9.199040489612496 11.35636390083535 0
1664 8.708325314551988 11.38545473776379 0
1665 8.658444562302233 10.81652891925882 0
1666 8.928742525957365 11.08644641004709 0
1667 0.5467314510243888 1.369559896051417 0
1668 0.5137543653119181 1.304786792259716 0
1669 0.5695118910649821 1.273997241572626 0
1670 0.6024889767774528 1.338770345364328 0
1671 0.5581216710446864 1.321778568812022 0
1672 1.311786474843593 0.687738490093313 0
1673 1.243041352951668 0.7050965602358321 0
1674 1.233803472819005 0.647665500417169 0
1675 1.302548594710931 0.6303074302746516 0
1676 1.272794973831299 0.6677019952552428 0
1677 3.521170082847517 12.08979255176878 0
1678 2.89278221793954 11.69682521084153 0
1679 3.169836170937772 11.22343225474334 0
1680 3.79822403584575 11.6163995956706 0
1681 3.345503126892645 11.65661240325606 0
1682 13.87665435983221 0.4451525235610738 0
1683 13.40258884164322 0.8620067655441463 0
1684 12.90105002200593 0.4168542419830743 0
1685 13.38885219091907 0.4310033827720723 0
1686 0.3502323928833739 1.015275901719807 0
1687 0.3798559712449894 1.028902354983334 0
1688 0.3660381180025336 1.056631359437826 0
1689 0.3364145396409199 1.043004906174303 0
1690 0.3581352554429564 1.035953630578819 0
1691 1.843278143000438 16.31186634011808 0
1692 1.098225137737549 15.70139772358289 0
1693 1.536399720233087 15.13217101920483 0
1694 2.281452725495976 15.74263963574002 0
1695 1.689838931616762 15.72201867966146 0
1696 0.2359248010970241 2.784901806524887 0
1697 0.1522043808646529 2.718540818312877 0
1698 0.2224166865851345 2.625693778499258 0
1699 0.3061371068175056 2.692054766711269 0
1700 0.2291707438410793 2.705297792512074 0
1701 6.950119963351579 3.117764570382153 0
1702 7.412408996945466 3.348818672123492 0
1703 7.220696750051674 3.827855866804485 0
1704 6.758407716457787 3.596801765063145 0
1705 7.085408356701627 3.472810218593319 0
1706 1.554974434775506 2.319385317056393 0
1707 1.684274981145489 2.159767130952709 0
1708 1.698003576506078 2.302042142512627 0
1709 1.619624707960497 2.23957622400455 0
1710 0.3005303069632692 1.521541158008649 0
1711 0.2979676465724719 1.570710599933566 0
1712 0.2570618481824063 1.566092054312012 0
1713 0.2596245085732036 1.516922612387095 0
1714 0.2787960775728386 1.54381660616033 0
1715 0.4519407883015063 1.014449196133539 0
1716 0.4213731455867205 1.009010205817173 0
1717 0.4290754307075506 0.976609843541052 0
1718 0.4596430734223382 0.9820488338574158 0
1719 0.4405081095045311 0.9955295198372944 0
1720 1.448721193672862 1.278990776845969 0
1721 1.448211394801332 1.18797076559585 0
1722 1.530003090800985 1.180272791942585 0
1723 1.489362142236924 1.229631784394277 0
1724 0.7595492917369313 0.8390205571275402 0
1725 0.7317245704116413 0.8630300676354317 0
1726 0.7117219333807228 0.837319093345112 0
1727 0.7395466547060128 0.8133095828372205 0
1728 0.735635612558827 0.8381698252363261 0
1729 4.498744359831186 9.503896958306539 0
1730 5.063453567156666 9.375666963291579 0
1731 5.214813929971656 9.808752543497882 0
1732 4.650104722646175 9.936982538512842 0
1733 4.85677914490142 9.656324750902211 0
1734 6.586285736562023 2.313754917398132 0
1735 6.240279045254245 2.635632638097352 0
1736 5.962113509999723 2.341553078773175 0
1737 6.308120201307501 2.019675358073954 0
1738 6.274199623280873 2.327653998085653 0
1739 1.293812135181838 0.76069040294799 0
1740 1.27082718749319 0.8161122919146315 0
1741 1.224603551995921 0.80231201083798 0
1742 1.247588499684571 0.7468901218713349 0
1743 1.259207843588882 0.7815012068929832 0
1744 18.206841883419 8.512193887354673 0
1745 18.80183021767776 9.229832453493749 0
1746 18.20095455235575 9.977732467882852 0
1747 18.20389821788737 9.244963177618763 0
1748 1.08756164395253 0.2296959011132493 0
1749 1.124227006543016 0.2437771143303618 0
1750 1.10467926791258 0.2742799670443716 0
1751 1.068013905322093 0.2601987538272574 0
1752 1.096120455932555 0.2519879340788087 0
1753 10.4511649159639 1.011616357909311 0
1754 10.83638654635884 0.6961854306014938 0
1755 11.1950332730875 1.086410455190929 0
1756 10.80981164269256 1.401841382498748 0
1757 10.8230990945257 1.04901340655012 0
1758 0.5731359534341465 1.192764923168994 0
1759 0.5373189867706785 1.146343420847348 0
1760 0.5777005980433856 1.116254988474989 0
1761 0.6135175647068518 1.162676490796635 0
1762 0.575418275738766 1.154509955821991 0
1763 3.212187955143284 5.359918742146871 0
1764 3.152128402954698 4.910846570182144 0
1765 3.409282299516184 5.100284455303282 0
1766 3.182158179048992 5.135382656164508 0
1767 5.4586459788376 0.8821224616253893 0
1768 5.186672971467129 1.029802943694623 0
1769 5.080118718480295 0.8166368910954098 0
1770 5.352091725850766 0.6689564090261761 0
1771 5.269382348658947 0.8493796763603996 0
1772 2.361687967001424 0.336699747893821 0
1773 2.46602771312082 0.2684754827247033 0
1774 2.517801035777952 0.3454718951589122 0
1775 2.413461289658555 0.4136961603280298 0
1776 2.439744501389686 0.3410858215263666 0
1777 1.420210902761472 5.777733916300537 0
1778 1.128196858578587 5.821253677109148 0
1779 1.095388134861281 5.478380190641092 0
1780 1.257799518811378 5.628057053470815 0
1781 0.4953207343054054 3.052517777035401 0
1782 0.6292527176246949 3.135935557839491 0
1783 0.5257199682512805 3.286474385936012 0
1784 0.5105203512783447 3.169496081485706 0
1785 12.18417630028584 2.386860143018488 0
1786 11.87340972464316 1.920236714996218 0
1787 12.69686851106462 2.072905815033746 0
1788 12.28513911785389 1.996571265014982 0
1789 2.260383470678906 0.4027832421629007 0
1790 2.21619813598206 0.3237518367631402 0
1791 2.317502632304578 0.2576683424940605 0
1792 2.288943051491741 0.3302257923284806 0
1793 4.317596772284968 10.67239474638159 0
1794 4.121174961300657 10.03904305134594 0
1795 4.846526533630488 10.57033423354849 0
1796 4.483850747465572 10.30468864244722 0
1797 1.082489320125173 10.21844836862306 0
1798 0.7071427220895163 9.661459124327024 0
1799 1.138744032176364 9.449889950943106 0
1800 1.514090630212021 10.00687919523914 0
1801 1.110616676150768 9.834169159783084 0
1802 2.860765138190002 14.53796492835458 0
1803 3.230351456735713 14.02235201258992 0
1804 3.473281316384945 14.99435331159362 0
1805 3.351816386560329 14.50835266209177 0
1806 1.028351301627975 0.1112739846976183 0
1807 1.046231530028351 0.09000389578961077 0
1808 1.065110634974815 0.1041137368601603 0
1809 1.047230406574435 0.1253838257681643 0
1810 1.046730968301395 0.1076938607788875 0
1811 1.659721563876337 2.019489922039302 0
1812 1.503607328430009 1.931948047900272 0
1813 1.635959790879363 1.897753996259999 0
1814 1.581664446153173 1.975718984969786 0
1815 0.8041109953956145 2.334230265371691 0
1816 0.6922097107394176 2.32426784982977 0
1817 0.7001456954905283 2.241692330228354 0
1818 0.8120469801467252 2.251654745770274 0
1819 0.7521283454430705 2.287961297800022 0
1820 0.4868844710778042 5.040016708406796 0
1821 0.3056612471302405 4.910620517528892 0
1822 0.4364397164489535 4.714585011671174 0
1823 0.6176629403965173 4.843981202549078 0
1824 0.461662093763378 4.877300860038985 0
1825 3.360307686256364 2.039456548712818 0
1826 3.211817589451276 1.865682437809616 0
1827 3.389713168992683 1.729703828464208 0
1828 3.375010427624524 1.884580188588512 0
1829 1.158817100361791 0.578136982308699 0
1830 1.144830971430753 0.5454614038918137 0
1831 1.18006234911374 0.52559208671655 0
1832 1.194048478044778 0.5582676651334353 0
1833 1.169439724737765 0.5518645345126245 0
1834 5.676290289095082 14.89927026893647 0
1835 5.288525268668885 13.85550867592853 0
1836 6.040342844494906 14.31786009274919 0
1837 5.482407778881984 14.3773894724325 0
1838 1.87757493090926 0.3197951814054001 0
1839 1.849024531375656 0.2513863502112184 0
1840 1.963027897937959 0.2762572176850284 0
1841 1.906026214656809 0.2638217839481225 0
1842 4.721650978641134 9.04400884294329 0
1843 4.088581298794127 9.310199598703669 0
1844 4.311487917604075 8.850311483340418 0
1845 4.405116138717631 9.177104220823479 0
1846 0.6232650714531722 1.098231123120961 0
1847 0.6674240744422537 1.080952260838099 0
1848 0.684071329415179 1.117134887430705 0
1849 0.6399123264260975 1.134413749713566 0
1850 0.6536682004341756 1.107683005275833 0
1851 0.8554154782425059 0.6790038755377168 0
1852 0.8481267409521998 0.7210084414077258 0
1853 0.8141693015948857 0.7218782178116037 0
1854 0.8214580388851918 0.6798736519415929 0
1855 0.8347923899186949 0.7004410466746585 0
1856 1.482321588863812 0.6595750210422153 0
1857 1.463417861395133 0.5905550423868569 0
1858 1.543608211407848 0.6392196497495668 0
1859 1.503513036401491 0.6148873460682118 0
1860 15.34700410858817 14.48123535233965 0
1861 15.07749498775273 13.7007528204736 0
1862 15.88479930181666 13.33382047996687 0
1863 16.1543084226521 14.11430301183293 0
1864 15.61590170520241 13.90752791615326 0
1865 2.853924516469976 4.108811854717424 0
1866 2.590815158428368 4.148498976574008 0
1867 2.54776118033061 3.887579256811501 0
1868 2.700842848400294 3.998195555764463 0
1869 0.6390842483587456 2.887209089413573 0
1870 0.5399557802415131 2.946343925129394 0
1871 0.4709272462924528 2.825546071696222 0
1872 0.5700557144096852 2.766411235980401 0
1873 0.5550057473256 2.856377580554899 0
1874 3.337853923419265 3.28712315899655 0
1875 3.508950881883999 3.4922475423622 0
1876 3.281156822876208 3.648965572692772 0
1877 3.110059864411475 3.443841189327122 0
1878 3.309505373147737 3.468044365844661 0
1879 1.139909512935972 6.213046051680808 0
1880 1.464785060281006 6.14143912733316 0
1881 1.552237051776558 6.468662013345236 0
1882 1.227361504431524 6.540268937692884 0
1883 1.346073282356265 6.340854032513023 0
1884 0.1418408912723699 2.561618194018517 0
1885 0.207096702245277 2.47386300971391 0
1886 0.2876724975580416 2.537938594194651 0
1887 0.2147566944152057 2.549778394106585 0
1888 16.508184576458 12.24495658851053 0
1889 16.60420794370652 13.13611912733336 0
1890 15.78877593456813 12.44265794114405 0
1891 16.19649193913732 12.7893885342387 0
1892 0.08010370187728455 1.094666726715444 0
1893 0.0603244511931571 1.118989954866045 0
1894 0.04033082644776798 1.101080077060953 0
1895 0.06011007713189542 1.076756848910351 0
1896 0.06021726416252804 1.097873401888197 0
1897 0.2659265412906073 2.390944554375052 0
1898 0.3224401388873979 2.313545298784119 0
1899 0.4081955541334903 2.377116717114331 0
1900 0.3516819565366998 2.454515972705265 0
1901 0.3370610477120497 2.384030635744692 0
1902 6.042697698515129 1.815205867899506 0
1903 6.230172112031479 1.604701432066111 0
1904 6.495594614823851 1.809170922240561 0
1905 6.26914615666949 1.812188395070031 0
1906 6.273721046768243 5.89649154347877 0
1907 6.83986930940956 5.939256450881788 0
1908 6.829720000546216 6.417200301049261 0
1909 6.263571737904899 6.374435393646243 0
1910 6.551720523657229 6.156845922264015 0
1911 0.7591788963604884 1.195348563613155 0
1912 0.7481964977207181 1.249779421311356 0
1913 0.7031070036571379 1.234929223873793 0
1914 0.7140894022969064 1.180498366175591 0
1915 0.7311429500088131 1.215138893743472 0
1916 5.67024778830169 4.257079943867076 0
1917 5.814124367319966 4.586630729153529 0
1918 5.472031502692644 4.729491147180598 0
1919 5.328154923674369 4.399940361894144 0
1920 5.571139645497167 4.493285545523838 0
1921 1.078220962046281 4.049313515259396 0
1922 0.8540750468868801 4.088252312038309 0
1923 0.8051934711524389 3.891578677506168 0
1924 1.02933938631184 3.852639880727256 0
1925 0.9417072165993599 3.970446096382783 0
1926 14.29533955730511 16.07799000432086 0
1927 13.94264442667857 15.08413254309343 0
1928 14.74980199799434 15.51267883429785 0
1929 14.11899199199184 15.58106127370714 0
1930 0.2777000783510992 4.593697128122164 0
1931 0.3911940903573417 4.419499118413685 0
1932 0.5499337284551959 4.540387001962696 0
1933 0.4138169034031467 4.567042065042431 0
1934 0.7186082362318444 0.757346100051107 0
1935 0.7342498587768915 0.7306755176789643 0
1936 0.7574099242530448 0.7408337162349561 0
1937 0.7417683017079995 0.7675042986070988 0
1938 0.7380090802424455 0.7490899081430324 0
1939 5.863780638175241 0.9421129362316094 0
1940 6.148844058286774 0.7904788147217321 0
1941 6.266769570342396 1.018740670863597 0
1942 6.065275104258818 0.9804268035476014 0
1943 1.238303720956985 0.529431318415547 0
1944 1.263326004350404 0.5723567828994653 0
1945 1.219070761438198 0.6011931296173518 0
1946 1.228687241197591 0.5653122240164485 0
1947 0.7691679499234834 0.922061832045074 0
1948 0.7503947953870451 0.8902917416673137 0
1949 0.7816753634802147 0.8677658755063575 0
1950 0.8004485180166512 0.899535965884116 0
1951 0.7754216567018481 0.8949138537757158 0
1952 10.75316163680535 3.7998999255307 0
1953 11.18777334384523 4.091212822969319 0
1954 10.94059300450187 4.486544699308757 0
1955 10.50598129746199 4.195231801870138 0
1956 10.84687732065361 4.143222312419728 0
1957 0.66787856622663 1.280042093897553 0
1958 0.7197369248583509 1.333716363769664 0
1959 0.6543473354091738 1.392444615236437 0
1960 0.6611129508179019 1.336243354566996 0
1961 10.01772631090624 4.607590685032671 0
1962 10.06214103873538 4.102455480165794 0
1963 10.46156656963285 4.700367006737014 0
1964 10.26185380418411 4.401411243451404 0
1965 2.316403082762132 11.30487692267079 0
1966 2.629920458265754 12.16524064892037 0
1967 2.053541323088346 11.77329236074963 0
1968 2.473161770513943 11.73505878579558 0
1969 19.30357900785276 2.70477568191769 0
1970 18.62379017220502 1.909202564195027 0
1971 19.32021116435227 1.347284025134478 0
1972 19.31189508610251 2.026029853526083 0
1973 0.4446001264031807 1.052348217035906 0
1974 0.4329650839976011 1.088142235982925 0
1975 0.3986460338733551 1.075019675226406 0
1976 0.4102810762789364 1.039225656279386 0
1977 0.4216230801382679 1.063683946131155 0
1978 3.403020119862481 3.884065365649366 0
1979 3.143910763831048 4.011085321012549 0
1980 3.212533793353629 3.830025446852661 0
1981 1.019785035975511 0.3129577033580269 0
1982 1.047071318062279 0.2869250225639899 0
1983 1.067319628181508 0.3056308207597045 0
1984 1.040033346094738 0.3316635015537415 0
1985 1.043552332078509 0.3092942620588648 0
1986 1.60660994753686 1.78166487367792 0
1987 1.742986559814238 1.733910216526755 0
1988 1.772336403156739 1.849999339108834 0
1989 1.689473175346802 1.815832106393378 0
1990 0.1569649369072366 2.071949515178301 0
1991 0.2207187270602589 2.12424002808268 0
1992 0.1087432017682204 2.142257894669431 0
1993 0.1647309644142396 2.133248961376054 0
1994 0.9000309692030832 0.7969914788454684 0
1995 0.8946398360301 0.7524559959621744 0
1996 0.9329932091001307 0.7434058739114917 0
1997 0.938384342273114 0.7879413567947857 0
1998 0.9165120891516079 0.7701986763784809 0
1999 0.4562190628661398 1.215358054071265 0
2000 0.455457496301328 1.275019457623625 0
2001 0.4119622287164493 1.278732538752291 0
2002 0.4127237952812592 1.219071135199931 0
2003 0.4340906457912936 1.247045296411779 0
2004 1.378255415514785 0.6983807365021004 0
2005 1.360281075853031 0.7713326493567756 0
2006 1.336033775348312 0.7295355697250443 0
2007 0.8603875422931857 0.9127601948742399 0
2008 0.8197541579651215 0.9398066951308035 0
2009 0.8304180301549184 0.9061480803791788 0
2010 0.8005930097100045 1.109898521503821 0
2011 0.7808000432980986 1.158588843037036 0
2012 0.7248404036932925 1.131438438749338 0
2013 0.7627167067016476 1.12066848012658 0
2014 0.8668167778558331 0.7974262155690379 0
2015 0.8981093567765797 0.8450464902209198 0
2016 0.8824630673162055 0.8212363528949798 0
2017 0.6469255662995472 1.19445755594003 0
2018 0.6116971288690394 1.239570425963789 0
2019 0.6574020662630886 1.237249824918791 0
2020 6.337902713025636 10.90255200992253 0
2021 6.332508684242574 11.48412674686454 0
2022 5.68289974939795 11.43288126550548 0
2023 5.688293778181012 10.85130652856347 0
2024 6.010401231211793 11.16771663771401 0
2025 1.054404346601675 0.5263739619467387 0
2026 1.034854301704822 0.4995966921034594 0
2027 1.061016993428588 0.4791942777789018 0
2028 1.080567038325439 0.5059715476221847 0
2029 1.057710670015133 0.502784119862822 0
2030 8.76936106529287 0.5226206791357733 0
2031 9.065189248279864 0.832990100145679 0
2032 8.736716914007914 1.051957024539831 0
2033 8.44088873102092 0.7415876035299238 0
2034 8.753038989650392 0.7872888518378041 0
2035 2.709502253399003 7.758914397994872 0
2036 2.392345596807964 7.446761522859982 0
2037 2.704074322430772 7.154014736153388 0
2038 3.02123097902181 7.466167611288276 0
2039 2.706788287914886 7.456464567074129 0
2040 3.081046415308838 6.090671925944567 0
2041 3.503841485850931 6.338079383850081 0
2042 3.348866509014566 6.67742175102527 0
2043 2.926071438472472 6.430014293119756 0
2044 3.214956462161702 6.384046838484918 0
2045 1.293726053397329 3.01951316112824 0
2046 1.479885517865222 3.109297432658662 0
2047 1.395572380001234 3.240510480750142 0
2048 1.209412915533338 3.150726209219719 0
2049 1.344649216699281 3.130011820939192 0
2050 1.026224140884946 0.584332266333444 0
2051 1.03504371044426 0.6223561326304594 0
2052 0.9967954688352698 0.6379726357918436 0
2053 1.011509804860108 0.6111524510626438 0
2054 0.4688338938815804 1.096192007775503 0
2055 0.4604407846093181 1.148090653218981 0
2056 0.4245719747253389 1.140040881426403 0
2057 0.4467029343034596 1.118116444600952 0
2058 8.018941060941192 7.843484068658806 0
2059 7.660854519313702 7.031204087873253 0
2060 8.181694760839694 7.28860238669427 0
2061 7.839897790127447 7.43734407826603 0
2062 1.003506100927378 0.6776255178493251 0
2063 0.9654631965877911 0.6898433668608028 0
2064 0.9587525644956791 0.6501904848033213 0
2065 0.9811293327115305 0.6639080013263232 0
2066 1.93095459391777 6.084362817089992 0
2067 1.886380436398234 5.720657606057369 0
2068 1.675582748339618 5.931048366695265 0
2069 0.9311128913358928 2.377714103109083 0
2070 0.8989748037490539 2.508489052070224 0
2071 0.7719729078087738 2.465005214332831 0
2072 0.8515428995723333 2.421359658720957 0
2073 0.6713735666571896 1.013256203981699 0
2074 0.636617355942791 1.040541297919725 0
2075 0.6693988205497217 1.047104232409898 0
2076 0.2665584654956117 1.098276862374695 0
2077 0.2639944268573693 1.125453170056995 0
2078 0.2393597989685219 1.124493877147945 0
2079 0.2529591322320677 1.111385369761319 0
2080 6.701814650011403 10.01724496732765 0
2081 6.914693123558393 10.78917496496619 0
2082 6.125024239478646 10.13062201228399 0
2083 6.519858681518519 10.45989848862509 0
2084 17.18695104429879 4.409977876190819 0
2085 17.59333825411438 5.064131117677458 0
2086 16.99455319050449 5.476466174941489 0
2087 16.58816598068891 4.82231293345485 0
2088 17.09075211740164 4.943222025566154 0
2089 4.012851441196074 0.8446269640765536 0
2090 3.785886196670706 0.9363374986764086 0
2091 3.716944217661606 0.7799903808546915 0
2092 3.943909462186975 0.6882798462548365 0
2093 3.864897829428841 0.8123086724656225 0
2094 1.481926930492312 0.3232708803877671 0
2095 1.536571382911575 0.2879306147599472 0
2096 1.570002812555648 0.3314902946463008 0
2097 1.52596487152398 0.3273805875170339 0
2098 1.128416389591049 0.2993133224740347 0
2099 1.091056749859973 0.3306641761893676 0
2100 1.097868008886277 0.3024720716168705 0
2101 0.3393883322352185 1.199666181409173 0
2102 0.2997606126053363 1.218804068813114 0
2103 0.2843248420903812 1.183026783218754 0
2104 0.3239525617202652 1.163888895814814 0
2105 0.3118565871628007 1.191346482313964 0
2106 1.63943990985852 0.4398027544874381 0
2107 1.715105104334022 0.402669078276066 0
2108 1.742691474669595 0.4699877488610333 0
2109 1.667026280194094 0.5071214250724019 0
2110 1.691065692264058 0.4548952516742357 0
2111 1.154877797416761 2.004525512049468 0
2112 1.159819451160885 2.130061279603628 0
2113 1.048427762164566 2.134533384154855 0
2114 1.043486108420442 2.008997616600695 0
2115 1.101652779790664 2.069529448102162 0
2116 8.833719146488646 6.244343460854468 0
2117 9.40583293413423 6.397109898183766 0
2118 9.372171764422522 7.041113591399116 0
2119 8.800057976776937 6.888347154069818 0
2120 9.102945455455583 6.642728526126792 0
2121 1.238970595212306 1.445576744936325 0
2122 1.238688244512623 1.56124512389718 0
2123 1.124589021136959 1.560070047947885 0
2124 1.12487137183664 1.44440166898703 0
2125 1.181779808174632 1.502823396442105 0
2126 1.016739220176309 2.539868707142045 0
2127 0.9913263361612596 2.67778971836093 0
2128 0.873561919734005 2.646410063289109 0
2129 0.9451505699551568 2.593139385215578 0
2130 1.705402196926489 10.89675153279582 0
2131 1.999375824098264 10.44457254518587 0
2132 2.610376709933909 10.85269793506084 0
2133 2.157889453430199 10.87472473392833 0
2134 1.196059280227132 2.916431343525048 0
2135 1.315946456024403 2.822719948874608 0
2136 1.413613229194599 2.9258017664778 0
2137 1.304836254710867 2.921116555001424 0
2138 19.20172852512151 4.162914084534094 0
2139 18.50530753297426 3.296261195023218 0
2140 19.25265376648713 3.433844883225892 0
2141 1.013470237306777 0.548632230860143 0
2142 0.9692701381703568 0.5370783250784221 0
2143 1.002863539548997 0.5185694200835442 0
2144 0.9913701877385677 0.5428552779692826 0
2145 1.292776958140827 0.4215728312098719 0
2146 1.242512048936529 0.4519072532608988 0
2147 1.220402971963951 0.4075290416354562 0
2148 1.270667881168249 0.3771946195844311 0
2149 1.25658996505239 0.4145509364226641 0
2150 1.604536715365919 0.8080089310810301 0
2151 1.718214244332003 0.8505991011749892 0
2152 1.692791941999516 0.9304371331878869 0
2153 1.579114413033434 0.8878469630939279 0
2154 1.648664328682717 0.8692230321344585 0
2155 1.19133949960889 0.315324345303523 0
2156 1.148079435976378 0.3390071407280857 0
2157 1.171676453223562 0.2756305270494721 0
2158 1.15987794459997 0.3073188338887789 0
2159 0.5309507156300892 1.227191738777829 0
2160 0.5713239222495652 1.233381082370808 0
2161 1.139965729222101 1.334426595297995 0
2162 1.04267925342797 1.424200420275922 0
2163 1.057773610813427 1.314225346586884 0
2164 1.091322491325036 1.379313507786957 0
2165 1.616100504245871 0.6048755540612731 0
2166 1.639592236263212 0.661227040294694 0
2167 1.567099943425191 0.6955711359829877 0
2168 1.591600223835531 0.6502233450221304 0
2169 1.799483844333391 0.1302858109490153 0
2170 1.73141205385574 0.1641192911707083 0
2171 1.708456800001176 0.1158962887959376 0
2172 1.776528590478826 0.08206280857424275 0
2173 1.753970322167284 0.1230910498724782 0
2174 1.642694145998037 0.7364155135357677 0
2175 1.528942512793073 0.7671645535282501 0
2176 1.585818329395556 0.7517900335320089 0
2177 0.2220758245231558 1.53958574213231 0
2178 0.2373628528904241 1.605676502246862 0
2179 0.2023768292311736 1.57917019006716 0
2180 0.22971933870679 1.572631122189586 0
2181 1.461397726068931 1.575556588350914 0
2182 1.494155244379488 1.455835965495904 0
2183 1.573070729827748 1.478880603452025 0
2184 1.540313211517194 1.598601226307034 0
2185 1.517234227948341 1.527218595901468 0
2186 1.804079394156835 1.983779700779525 0
2187 1.828632811425987 2.12405690969293 0
2188 1.744177187651163 2.071773415866116 0
2189 1.602060971253231 3.415362150939874 0
2190 1.437750330458226 3.593331895244592 0
2191 1.231261739206229 3.418480225054861 0
2192 1.41666135522973 3.416921187997367 0
2193 1.914748614653796 1.801306998761742 0
2194 1.946491605653891 1.935087360432432 0
2195 1.859414004405314 1.892543349770634 0
2196 0.2794933967523026 1.07863048155275 0
2197 0.3022598702239918 1.092465451933801 0
2198 0.2893249389673009 1.112111832755744 0
2199 0.2844091678598026 1.095371157154247 0
2200 1.400098271996608 0.6373528994298177 0
2201 1.460478732381988 0.7206028581144963 0
2202 1.430288502189299 0.6789778787721588 0
2203 1.610576630000908 0.3816713295218932 0
2204 1.589986085714795 0.4292600540217251 0
2205 0.7769193727389769 0.7069860355517257 0
2206 0.7946598531089535 0.7557258984948305 0
2207 0.7857896129239652 0.7313559670232799 0
2208 1.05759507929257 3.02282171171103 0
2209 1.073469732177035 3.271322789750348 0
2210 0.9216518959362663 3.14341829224166 0
2211 1.065532405734801 3.147072250730688 0
2212 1.362896908529789 0.5853802026312458 0
2213 1.32367431816926 0.5274295552560595 0
2214 1.313111456440094 0.5788684927653556 0
2215 3.705456828921882 3.72317752292952 0
2216 3.849072739900958 3.992604284550533 0
2217 3.546636030841558 4.15349212727038 0
2218 3.626046429881719 3.93833482509995 0
2219 1.27841654789262 0.4943647170251459 0
2220 1.202399222000892 0.4869738546512998 0
2221 1.240407884946755 0.4906692858382229 0
2222 2.575472160859716 3.397326420479361 0
2223 2.319784447960928 3.401498481960595 0
2224 2.315985907892076 3.174066317943359 0
2225 2.571673620790864 3.169894256462124 0
2226 2.445729034375895 3.28569636921136 0
2227 1.525455134540659 4.184532336881823 0
2228 1.74630511397401 4.263291587350478 0
2229 1.691635413863562 4.485939170403329 0
2230 1.470785434430212 4.407179919934674 0
2231 1.608545274202111 4.335235753642577 0
2232 7.143050489926177 4.320834174286258 0
2233 7.209604882456938 4.873159634830438 0
2234 6.725893425046771 4.877063258268216 0
2235 6.934471957486474 4.598948716277238 0
2236 1.71879676746226 1.162349652540017 0
2237 1.717736655060893 1.016331760978822 0
2238 1.825732796635382 1.015739587686788 0
2239 1.826792909036747 1.161757479247983 0
2240 1.772264782048822 1.089044620113404 0
2241 2.057831860881636 2.408489687913708 0
2242 2.015913125187029 2.237920747527188 0
2243 2.192486786267981 2.182363777991652 0
2244 2.234405521962589 2.352932718378172 0
2245 2.12515932357481 2.295426732952679 0
2246 0.1771699180698967 1.059822276308408 0
2247 0.1768708734373732 1.087300204311065 0
2248 0.1423442158767507 1.09129125885223 0
2249 0.1426432605092742 1.063813330849573 0
2250 0.1597570669733237 1.07555676758032 0
2251 0.4864965382759046 1.022035758579737 0
2252 0.4791558763775789 1.059934779482106 0
2253 0.4655483323395426 1.037191987807823 0
2254 1.88084337328964 4.596073601072809 0
2255 1.794276969388251 4.771972077300608 0
2256 1.605069009962175 4.661837646631128 0
2257 1.742956191625908 4.628955623851969 0
2258 2.775589610390311 3.416597075045013 0
2259 2.545793020735035 3.638132442125688 0
2260 2.660691315562673 3.52736475858535 0
2261 1.529614118813214 0.1012724593947922 0
2262 1.483512267673554 0.118855214595083 0
2263 1.47094408542705 0.07903237831447107 0
2264 1.51704593656671 0.06144962311418034 0
2265 1.500279102120132 0.09015241885463077 0
2266 10.20196946483911 3.465289844259879 0
2267 9.502910397383042 3.949488796753259 0
2268 9.852439931111073 3.707389320506568 0
2269 8.593090063535882 2.828262447687474 0
2270 8.531564422524962 2.430467084537887 0
2271 8.933263097878111 2.377167137432668 0
2272 8.763176580706997 2.602714792560072 0
2273 1.310509467451389 0.4576728699412236 0
2274 1.355767237728031 0.4907377081721389 0
2275 1.317091892810325 0.4925512125986415 0
2276 1.296941225790468 4.095700620745733 0
2277 1.259976465066547 4.346518208407363 0
2278 1.041256201322362 4.300131102921025 0
2279 1.169098713556416 4.197915861833378 0
2280 2.094567865999281 2.97882619674263 0
2281 2.308532872796232 2.969139337382289 0
2282 2.102020901095124 3.183753177303698 0
2283 2.205276886945677 3.076446257342994 0
2284 2.409805973593131 5.853834597663957 0
2285 2.75588700194008 6.011062235723935 0
2286 2.639176105908113 6.283008503851188 0
2287 2.293095077561165 6.12578086579121 0
2288 2.524491039750623 6.068421550757573 0
2289 1.163877730937694 0.1537060019694323 0
2290 1.131729717929723 0.1757922240830894 0
2291 1.109280904893854 0.1475851782916404 0
2292 1.141428917901823 0.1254989561779851 0
2293 1.136579317915775 0.1506455901305372 0
2294 0.9713064899698125 0.7324506473008707 0
2295 0.9271499157181093 0.700798593471422 0
2296 0.94922820284396 0.7166246203861455 0
2297 2.990072179346373 2.617466370286249 0
2298 3.150725078939033 2.777416417722298 0
2299 2.971924832321741 2.924023737015746 0
2300 2.811271932729081 2.764073689579697 0
2301 2.980998505834057 2.770745053650997 0
2302 0.8201836637539408 0.7807616774247634 0
2303 0.8518792617478468 0.7628922411055559 0
2304 0.8435002208048878 0.7890939464968998 0
2305 1.487938765057688 0.8312572248334611 0
2306 1.419474984646605 0.7846955294197073 0
2307 1.474208748719839 0.7759300414739805 0
2308 1.676640351561355 8.079523870027797 0
2309 2.056943695383154 7.794891409949913 0
2310 2.372444685235213 8.076750867161518 0
2311 1.992141341413413 8.361383327239404 0
2312 2.024542518398285 8.078137368594659 0
2313 0.4587446752488837 2.299941380035131 0
2314 0.5532142929462296 2.359743967671118 0
2315 0.5026651718308344 2.43691930475032 0
2316 0.4807049235398608 2.368430342392724 0
2317 4.005911943915585 0.3280815167431186 0
2318 3.821002581520489 0.4193012291603466 0
2319 3.754973924578474 0.3020409912448869 0
2320 3.93988328697357 0.2108212788276589 0
2321 3.880442934247029 0.3150612539940028 0
2322 0.5901834945593443 0.9320435850810007 0
2323 0.5617716795035435 0.9456754358437642 0
2324 0.5523636499529871 0.9149156577844977 0
2325 0.5807754650087897 0.9012838070217324 0
2326 0.5712735722561675 0.9234796214327474 0
2327 0.396003778844884 1.174662045729477 0
2328 0.3561083486715937 1.244075270879627 0
2329 0.3760560637582397 1.209368658304552 0
2330 1.614529920355221 1.065335696674456 0
2331 1.589585207293846 0.9794410688835207 0
2332 1.65366093117737 0.9978864149311715 0
2333 2.810254054171927 6.684959575923631 0
2334 2.523358721607568 6.537953786655063 0
2335 2.72471508004002 6.483984039887409 0
2336 3.771149017502148 3.305200212533963 0
2337 3.967654964540031 3.536130193101283 0
2338 3.738302923212015 3.514188867731741 0
2339 3.095916707703545 0.2447852116816378 0
2340 2.965234880928367 0.3150737710951432 0
2341 2.912156914575637 0.2274589758810688 0
2342 3.042838741350813 0.1571704164675616 0
2343 3.00403681113959 0.2361220937813506 0
2344 1.83074013514106 7.538828010242907 0
2345 2.166142036565869 7.190698123152977 0
2346 2.111542865974512 7.492794766551444 0
2347 1.13453310491267 0.2019386351575179 0
2348 1.167908926876244 0.2040594443354351 0
2349 1.157602828506588 0.2458979235082772 0
2350 1.14606796670963 0.2239182793328958 0
2351 1.145505929907287 1.011800137540288 0
2352 1.14187384180315 0.9492272180903001 0
2353 1.198546991981077 0.9395888435536683 0
2354 1.202179080085216 1.002161763003656 0
2355 1.172026460944185 0.975694490546978 0
2356 4.001023667006903 4.30380596827886 0
2357 4.178598033031022 3.812710408193338 0
2358 4.330548960136968 4.123912091921666 0
2359 4.089810850018963 4.058258188236098 0
2360 8.167602439624151 1.751473004172048 0
2361 8.589274248975384 1.585767378728516 0
2362 8.767671853477939 1.952311951029381 0
2363 8.346000044126704 2.118017576472914 0
2364 8.467637146551045 1.851892477600716 0
2365 0.2062251968611655 1.128037684925523 0
2366 0.1735246155005008 1.127439603615553 0
2367 0.1915480351492693 1.107668944618293 0
2368 2.343371830255731 8.685089845917092 0
2369 1.946486555518703 8.956592457698523 0
2370 1.595256066676386 8.632885939020834 0
2371 1.969313948466057 8.658987892468964 0
2372 0.644095340200856 3.381953039033983 0
2373 0.7838404342580088 3.26810924102195 0
2374 0.9183567457754034 3.394511643467089 0
2375 0.7786116517182506 3.508355441479122 0
2376 0.7812260429881306 3.388232341250536 0
2377 1.359232733553487 7.784649443601241 0
2378 0.9670887406506097 7.500823954193897 0
2379 1.149706624385431 7.212604048900149 0
2380 1.541850617288308 7.496429538307493 0
2381 1.254469678969459 7.498626746250695 0
2382 0.4169924643309209 1.524222530788972 0
2383 0.413439501287888 1.594311098384381 0
2384 0.3530927247502156 1.58827149628714 0
2385 0.3566456877932502 1.518182928691731 0
2386 0.3850425945405682 1.556247013538057 0
2387 2.506343829210858 17.01427802363122 0
2388 1.860917634454742 17.59050910212308 0
2389 1.197851948244322 16.88809741860994 0
2390 1.85209788872759 16.95118772112058 0
2391 1.679326636951028 0.3304451048382369 0
2392 1.638752819505768 0.2802640699626444 0
2393 1.624664724753337 0.3309676997422688 0
2394 0.342054073189761 1.652621260350525 0
2395 0.2869289950120173 1.635060363996951 0
2396 0.3200108598811156 1.611665930142046 0
2397 6.473058708462499 1.476567759682364 0
2398 6.762610866108467 1.440369694177313 0
2399 6.78514677246982 1.77297285673551 0
2400 6.629102740466159 1.624770308208937 0
2401 9.44182813415099 4.511572594782042 0
2402 8.886754174679767 4.377065642967757 0
2403 9.194832286031405 4.163277219860509 0
2404 4.944662099876818 2.688041465477189 0
2405 4.87329901438755 3.059792897457988 0
2406 4.483391084141195 3.018383832317912 0
2407 4.554754169630463 2.646632400337115 0
2408 4.714026592009007 2.85321264889755 0
2409 1.039134750435366 0.2435356100381121 0
2410 1.018192163175552 0.2702618787748428 0
2411 1.043103034248823 0.2652303163010501 0
2412 3.686389566233867 10.39227680663186 0
2413 4.117674780770614 11.0807336650531 0
2414 3.486467574719512 10.80061572530337 0
2415 3.90203217350224 10.73650523584248 0
2416 6.087119967124423 3.527142093271692 0
2417 6.377175351054561 3.22473867748101 0
2418 6.422763841791105 3.561971929167418 0
2419 1.712670383475919 1.615439155698141 0
2420 1.571929748725914 1.685991679235348 0
2421 1.681053846267199 1.528048702769826 0
2422 1.626491797496557 1.607020191002588 0
2423 0.825409282828014 1.186373083318092 0
2424 0.8037881358904038 1.223132803894211 0
2425 0.7922940895942521 1.190860823465623 0
2426 1.480183747415007 1.825354787806805 0
2427 1.445503548604059 1.729681593364234 0
2428 1.526056748070459 1.755673233521078 0
2429 0.7946454723462555 0.9947303982036555 0
2430 0.8359844826331084 1.020578237287316 0
2431 0.8175152515099562 1.058054267321181 0
2432 0.8060803619281049 1.026392332762418 0
2433 0.7176569220249682 0.7922910881817593 0
2434 0.7636580343890422 0.78852279326256 0
2435 0.7406574782070052 0.7904069407221588 0
2436 1.689114840602313 0.574141695863613 0
2437 1.641563392219982 0.5559984895668375 0
2438 7.115782544861123 2.830317508981662 0
2439 7.102575449792043 2.44893946898299 0
2440 7.520322725728675 2.463759811524488 0
2441 7.533529820797754 2.84513785152316 0
2442 7.318052635294898 2.647038660253076 0
2443 17.31394023144379 1.676480416488758 0
2444 17.99386327409648 1.184198522308346 0
2445 17.94386712955232 2.401484458375439 0
2446 17.96886520182441 1.792841490341893 0
2447 3.413757133511712 0.738757907677817 0
2448 3.562059202528133 0.8209855023147021 0
2449 3.459000840706409 0.932070617233169 0
2450 3.436378987109061 0.8354142624554921 0
2451 1.396791058590679 0.857244553967357 0
2452 1.50245078472604 0.9011441419792305 0
2453 1.41130307825903 0.9271314711131264 0
2454 1.449620921658358 0.8791943479732947 0
2455 7.237424663606176 5.307915908681409 0
2456 7.592190179372181 4.86286665552019 0
2457 7.620009960521418 5.29762292937116 0
2458 7.414807421489178 5.085391282100799 0
2459 0.9926749609171654 2.246227526962155 0
2460 1.13373988369317 2.315392176554935 0
2461 1.0721778141119 2.446878752701863 0
2462 1.032426387514533 2.346553139832009 0
2463 4.691694954545998 5.923104835428836 0
2464 4.726266367395718 6.348258635765545 0
2465 4.390658418403198 6.36342287285952 0
2466 4.356087005553478 5.938269072522811 0
2467 4.541176686474598 6.143263854144178 0
2468 0.8343080912508274 0.974137803591983 0
2469 0.7800915390605496 0.960399289742476 0
2470 0.8071998151556894 0.9672685466672295 0
2471 1.595917503896796 0.1784241053579851 0
2472 1.545298244090311 0.2149301332276892 0
2473 1.504407509549363 0.176909834497831 0
2474 1.555026769355848 0.1404038066281252 0
2475 1.55016250672308 0.177666969927909 0
2476 0.7891818450340313 0.8135585721924912 0
2477 0.7854286042571239 0.8406622238494244 0
2478 0.3009132453705519 1.135464657445553 0
2479 0.32973283482713 1.112613760265251 0
2480 0.3527721511768416 1.141037998634513 0
2481 0.3268426982736976 1.138251328040033 0
2482 4.780788554175311 11.46060634703446 0
2483 4.461337809250447 11.99627227765196 0
2484 4.28950629501053 11.53850297135253 0
2485 6.340456618861847 5.382214683668847 0
2486 6.293879172965876 4.900222127945794 0
2487 6.772470870942742 5.35905581399127 0
2488 6.533175021954309 5.129638970968531 0
2489 5.24987111948678 0.4790685907775867 0
2490 4.996761802978086 0.6130297112420671 0
2491 4.90199854592325 0.4343277352683987 0
2492 5.155107862431944 0.3003666148039201 0
2493 5.075934832705015 0.4566981630229954 0
2494 2.052140311886458 0.2262181602597089 0
2495 2.0836237933794 0.3011167221346742 0
2496 1.9945113794309 0.351155779559992 0
2497 2.023325845658679 0.2886869699098504 0
2498 0.2054196086206019 1.502742064948482 0
2499 0.242968292670648 1.480078935203267 0
2500 0.2325220585969028 1.509832338667788 0
2501 8.01409563487988 3.012299058305787 0
2502 7.892974811027592 3.515979878906121 0
2503 7.713252315912673 3.180558865214641 0
2504 11.85602539280824 3.111330698412564 0
2505 11.69410703416022 2.564905197646212 0
2506 12.34609465893387 2.93328564378484 0
2507 12.02010084654704 2.749095420715527 0
2508 1.857985619487149 2.279933429556653 0
2509 1.986560317125868 2.082044227663465 0
2510 1.922272968306508 2.180988828610058 0
2511 11.20011664484253 5.024614895707696 0
2512 10.72109020997351 5.238437203135954 0
2513 10.83084160723769 4.862490951222355 0
2514 1.065535096592363 1.227579594353436 0
2515 1.07058034739441 1.14297578645666 0
2516 1.1432561356566 1.153579352114205 0
2517 1.138210884854553 1.238183160010982 0
2518 1.104395616124481 1.19057947323382 0
2519 8.71137178246701 7.477604624144105 0
2520 8.270380955149621 6.699344916619983 0
2521 8.490876368808316 7.088474770382044 0
2522 0.7552377956604897 1.766617221074522 0
2523 0.681760988752119 1.80488438315885 0
2524 0.6411368513699323 1.732416577684774 0
2525 0.7146136582783029 1.694149415600446 0
2526 0.6981873235152118 1.749516899379648 0
2527 7.860679033232005 6.629916143137809 0
2528 7.882042867730176 6.13807561968778 0
2529 8.291744789647792 6.207504393169954 0
2530 8.076211911439898 6.418710268153881 0
2531 2.512304698209767 2.46671178142096 0
2532 2.313039413151436 2.55524371710072 0
2533 2.433670807020921 2.264400782698411 0
2534 2.373355110086178 2.409822249899566 0
2535 6.783204057775084 2.625717945844841 0
2536 6.905657128578982 2.136976440536282 0
2537 6.844430593177033 2.381347193190561 0
2538 2.642357730875617 2.625727807286384 0
2539 2.679199065388696 2.899625431724454 0
2540 2.510284863535233 2.761279549431141 0
2541 2.660778398132157 2.762676619505418 0
2542 13.35057707277036 18.10705749606371 0
2543 12.52991538529539 18.74054031768702 0
2544 11.9445641698561 18.10996037885293 0
2545 12.76522585733107 17.47647755722962 0
2546 12.64757062131323 18.10850893745832 0
2547 5.4735443226034 10.37479975696116 0
2548 5.0612759892081 11.0468410051508 0
2549 5.26741015590575 10.71082038105598 0
2550 0.6733203280187929 1.166194814856961 0
2551 0.6990803658560427 1.148816626803148 0
2552 3.58161191855407 15.8446824072492 0
2553 3.079792757084178 15.38557227032709 0
2554 3.975100477854838 15.45346344851573 0
2555 3.527446617469508 15.41951785942141 0
2556 6.61754147626554 2.913165007245332 0
2557 5.999912920043265 2.947206308333032 0
2558 6.308727198154403 2.930185657789181 0
2559 0.6658337004625832 0.8330832386490954 0
2560 0.6466083643107154 0.8607821305640542 0
2561 0.6283365628832485 0.844719746638944 0
2562 0.6475618990351144 0.8170208547239852 0
2563 0.6470851316729167 0.8389014926440197 0
2564 6.456257421915655 0.6263500345863235 0
2565 6.035084704403505 0.5632136962333494 0
2566 6.342498068032386 0.3990849160979408 0
2567 6.24567106315958 0.5947818654098356 0
2568 6.866662010563331 2.871741258113497 0
2569 14.93601968417073 0.4687672336769459 0
2570 14.42614021677718 0.9139197572380198 0
2571 14.40633702200147 0.4569598786190099 0
2572 1.223952712499196 0.09177275790169404 0
2573 1.203640560915941 0.1164296905497384 0
2574 1.16972060413838 0.1023330427963991 0
2575 1.190032755721635 0.07767611014835296 0
2576 1.196836658318787 0.09705290034904479 0
2577 0.7988991435134594 2.760312440035168 0
2578 0.9268790744576663 2.884347959680795 0
2579 0.7670641793029525 3.011244609059201 0
2580 0.7829816614082059 2.885778524547185 0
2581 1.367370628498179 1.492936705397792 0
2582 1.41497490172546 1.650421628120265 0
2583 1.320947804154708 1.567801745167143 0
2584 1.39117276511182 1.571679166759028 0
2585 3.537769397437033 3.119548711474312 0
2586 3.14006651341347 3.105159276862171 0
2587 3.339981987431238 2.937584829339932 0
2588 3.338917955425252 3.112353994168242 0
2589 15.38240835451562 4.807969961145957 0
2590 16.0474781822149 5.056505654482331 0
2591 15.81361926770747 5.65442657044907 0
2592 15.59801381111154 5.231198265797514 0
2593 4.487560534409766 6.906942287405075 0
2594 4.019873822081717 6.973540144321722 0
2595 3.922971706075147 6.430020729776168 0
2596 4.205266120242456 6.668481508590621 0
2597 0.710416066700418 1.4370454794621 0
2598 0.666188026709797 1.48121778201407 0
2599 0.6101192954185528 1.43661691778841 0
2600 0.6602676810594854 1.436831198625256 0
2601 0.7754523067804815 3.139676925040575 0
2602 18.79481788654188 7.778808111448098 0
2603 17.61485008535039 7.75263722522308 0
2604 18.20282608847327 7.019251449316505 0
2605 18.20483398594613 7.76572266833559 0
2606 11.02154632320379 2.555918682655738 0
2607 10.51037862951302 2.970508098493932 0
2608 10.15591364960088 2.550423562308728 0
2609 10.66708134329165 2.135834146470534 0
2610 10.58872998640234 2.553171122482233 0
2611 13.03325396348357 2.584708571338185 0
2612 13.34806782806345 3.111393100272407 0
2613 12.66090852351374 3.459970172719062 0
2614 12.84708124349866 3.022339372028624 0
2615 1.076148752804595 3.541669078771601 0
2616 1.074809242490815 3.406495934260976 0
2617 2.23757354669103 6.518414885234616 0
2618 1.875433063047634 6.476996836533398 0
2619 2.0842640703044 6.301388851162304 0
2620 1.356253713597223 3.908516481518627 0
2621 1.584767622347414 3.997348197654717 0
2622 1.44085442406894 4.046524409200225 0
2623 13.62693861900844 2.239824763306155 0
2624 13.29055316658948 1.728022007001716 0
2625 13.16190356503653 2.156365289169949 0
2626 2.928562076063599 3.274941774579758 0
2627 2.76042039497187 3.093806234733334 0
2628 2.950243454192671 3.099482755797752 0
2629 0.275582733260622 1.148805994746802 0
2630 0.2824538361139624 1.130458913751273 0
2631 0.6544585672900141 2.407235159020494 0
2632 0.7251110095101652 2.564657436172531 0
2633 0.6075966689914054 2.506887380860194 0
2634 0.6897847884000896 2.485946297596513 0
2635 1.257684193272912 0.07961110241530989 0
2636 1.309757610481782 0.0539617834454571 0
2637 1.332798758079395 0.0928700024407263 0
2638 1.280725340870529 0.1185193214105773 0
2639 1.295241475676155 0.08624055242801987 0
2640 10.64704910903577 6.676418885746592 0
2641 10.59351105407191 7.3883220908806 0
2642 9.973495882646818 7.242898224826028 0
2643 10.02703393761068 6.530995019692019 0
2644 10.31027249584129 6.95965855528631 0
2645 11.06157080147927 3.305118179764753 0
2646 10.63177013315919 3.385204012012316 0
2647 1.043693182577726 1.559446131109642 0
2648 0.969712192015324 1.615508509537698 0
2649 0.9275922951896227 1.553711422711405 0
2650 1.001573285752023 1.497649044283349 0
2651 0.9856427388836728 1.556578776910523 0
2652 11.29622234155952 2.881594779553609 0
2653 11.621373852728 3.534854098623708 0
2654 11.45879809714376 3.208224439088658 0
2655 0.2671406159614698 1.694333325890337 0
2656 0.2175744738398748 1.664949464140248 0
2657 0.2522517344259469 1.6500049140686 0
2658 10.75477709932784 5.904076457508623 0
2659 11.39146959932545 6.071878734893447 0
2660 11.28374160903339 6.844221163131415 0
2661 11.01925935418061 6.374148810320019 0
2662 0.8595273271724047 1.605456109840404 0
2663 0.8077621129082786 1.545939090549439 0
2664 0.8758270809254967 1.494194403420437 0
2665 0.8676772040489507 1.549825256630422 0
2666 3.958510986574181 5.949512577673279 0
2667 3.928354234948171 5.597819016592712 0
2668 4.325930253927467 5.586575511442243 0
2669 4.142220620250823 5.768044044557761 0
2670 2.243564557818289 5.578909796694163 0
2671 2.088916053575527 5.224543434284529 0
2672 1.987648244986881 5.472600520170949 0
2673 18.76724060574589 6.320325842062616 0
2674 17.61524631897836 6.271521667051383 0
2675 18.17966083625097 5.572596059797493 0
2676 18.19124346236212 6.295923754556998 0
2677 12.14198673452307 3.916986634873492 0
2678 11.70838622564031 4.473345359219104 0
2679 11.66488003918415 4.004099728921405 0
2680 1.582424486073954 2.861177251022808 0
2681 1.648696774744577 3.044672917203672 0
2682 1.531155001969589 2.985237341840735 0
2683 5.196725129505395 4.872588502793677 0
2684 4.888356984288484 5.082946340638566 0
2685 4.685257329811479 4.789303175148612 0
2686 4.993625475028389 4.578945337303725 0
2687 4.940991229658437 4.830945838971145 0
2688 0.5474912311504951 2.592699120237074 0
2689 0.4425597339899241 2.5227310441272 0
2690 0.5250782014906648 2.514809212493697 0
2691 0.3785502750112677 2.606153665616587 0
2692 0.3651161157739828 2.530334819160925 0
2693 4.824745808656539 0.9396422830370419 0
2694 4.741388893154331 0.7360351031836974 0
2695 4.910753805817313 0.7763359971395545 0
2696 12.22001564318834 4.929361736678747 0
2697 11.71174606239056 5.480631273167338 0
2698 11.71006614401543 4.976988316193221 0
2699 6.51384803838689 6.955946096924678 0
2700 7.226641958231454 6.710406433723909 0
2701 6.870244998309172 6.833176265324294 0
2702 14.33376610625574 8.00071120783587 0
2703 14.85041419931072 7.277865729888859 0
2704 15.37192489639524 7.893267652875728 0
2705 14.85527680334025 8.61611313082274 0
2706 14.85284550132549 7.946989430355799 0
2707 0.3370427859379639 0.97866386036576 0
2708 0.3636646029887629 0.9899921685492181 0
2709 0.3236105758325767 1.003947593536351 0
2710 0.3436375894106689 0.9969698810427836 0
2711 3.647449003007244 4.437837239125161 0
2712 3.33242055401276 4.561022253438253 0
2713 3.231607581847074 4.276677141583471 0
2714 3.439528292427159 4.357257190354316 0
2715 17.21537869768023 12.70163516632041 0
2716 17.55204147742237 13.25291117816461 0
2717 16.94087072344866 13.68739513917756 0
2718 17.07812471056445 13.19451515274899 0
2719 0.3635754049073512 1.28716767591105 0
2720 0.3178484792377372 1.30035714190349 0
2721 0.3103814230019797 1.257264736872067 0
2722 0.3369784139546645 1.272216206391558 0
2723 11.20428237323864 11.56112077222276 0
2724 11.16079262827638 12.34109892791741 0
2725 10.48108148625826 12.23438535810678 0
2726 10.52457123122053 11.45440720241212 0
2727 10.84268192974845 11.89775306516477 0
2728 15.31400407513217 6.548466085001476 0
2729 14.29362096848424 6.767746575342312 0
2730 14.8038125218082 6.658106330171894 0
2731 5.669919084725151 9.969687277890936 0
2732 2.276503183093864 14.07334988363858 0
2733 1.711213933840343 13.60804429489158 0
2734 2.042432181946216 13.11266781789695 0
2735 2.607721431199737 13.57797340664395 0
2736 2.15946768252004 13.59300885076776 0
2737 5.169754466117178 5.359498988983098 0
2738 4.876928911736218 5.654129732796497 0
2739 4.595531429907524 5.377577084451964 0
2740 4.882642948012352 5.368538036717531 0
2741 1.735759029748303 0.2229002923876564 0
2742 1.825913371154723 0.1862280824521569 0
2743 1.758870189969237 0.2880585601467196 0
2744 1.79239178056198 0.2371433212994383 0
2745 0.7332786463949148 7.751046361059403 0
2746 0.9536615477211861 8.035985006423026 0
2747 0.7090982542191764 8.221884040354338 0
2748 0.4887153528929051 7.936945394990715 0
2749 0.7211884503070447 7.986465200706871 0
2750 5.334692156486604 5.115418825526611 0
2751 5.61109337898988 5.299913820860143 0
2752 5.446155688620454 5.543993984316629 0
2753 5.390423922553529 5.329706404921621 0
2754 1.172631132621143 0.4266335340855676 0
2755 1.160550297577227 0.3758901968591353 0
2756 1.208322136920035 0.3567857044090257 0
2757 1.190476634770588 0.391709619247294 0
2758 13.82844957510601 1.340909833736703 0
2759 13.34657100411635 1.29501438627293 0
2760 0.2675731858732622 1.272126667799892 0
2761 0.2569523754766188 1.233665999740941 0
2762 0.2836668992393001 1.245465368306505 0
2763 0.5247582083014688 0.985600974477812 0
2764 0.5204503733036283 1.024967772089884 0
2765 0.4908043732737468 0.9826689609676631 0
2766 0.5056273732886858 1.003818366528773 0
2767 0.840706398382645 10.75869629898359 0
2768 1.150716391933681 11.14324445961793 0
2769 0.9266385369370393 11.39134947881718 0
2770 0.6166285433860033 11.00680131818283 0
2771 0.8836724676598422 11.07502288890038 0
2772 19.37253344092439 5.655515709198349 0
2773 19.3947071648215 7.093381561435686 0
2774 19.38362030287295 6.374448635317018 0
2775 3.580080678015266 6.938972570956619 0
2776 3.238524481221531 7.194734367664272 0
2777 3.007310312220831 6.933183547732923 0
2778 3.293695495118048 6.936078059344771 0
2779 2.603639982123871 2.161579230013816 0
2780 2.77512477355002 2.028501839988644 0
2781 2.885286955768862 2.174581125888249 0
2782 2.713802164342715 2.30765851591342 0
2783 2.744463468946366 2.168080177951032 0
2784 1.620656171892009 1.164833492045975 0
2785 1.716921566935032 1.278051162781315 0
2786 1.668788869413518 1.221442327413644 0
2787 2.328365445123776 2.754705433360186 0
2788 2.091286305020155 2.781121140187182 0
2789 2.075960273047815 2.581659423927716 0
2790 2.202162859085795 2.66818242864395 0
2791 0.837148501841412 1.719494335937156 0
2792 0.884473611133231 1.791996323396649 0
2793 0.8025629049523104 1.839119208534017 0
2794 0.8198557033968612 1.779306772235586 0
2795 10.80702674869157 16.84901885905131 0
2796 10.07726567089552 17.35229991095614 0
2797 9.509715676743326 16.69048087027233 0
2798 10.15837121271745 16.76974986466182 0
2799 9.881281479602521 7.906282751291919 0
2800 9.279957361378223 7.704498117865006 0
2801 9.626726622012521 7.473698171345517 0
2802 4.119264915319501 4.682838109280375 0
2803 3.765690251319842 4.816869380126677 0
2804 3.883356959163374 4.560337674202769 0
2805 2.298106814703816 1.95365672420057 0
2806 2.237738051859166 1.815974725749779 0
2807 2.383486426060522 1.739097886173715 0
2808 2.443855188905172 1.876779884624506 0
2809 2.340796620382168 1.846377305187143 0
2810 0.5831099396616324 16.15631076193459 0
2811 0.5151151980759163 15.02236546777193 0
2812 0.5491125688687735 15.58933811485326 0
2813 0.1240342824346818 1.409272826494609 0
2814 0.1001983103674817 1.462493463400378 0
2815 0.05896444154710423 1.441563723167482 0
2816 0.08280041361430435 1.388343086261713 0
2817 0.09149936199089304 1.425418274831046 0
2818 18.5742619660459 4.818429793732449 0
2819 19.28713098302295 4.909214896866221 0
2820 12.01361200606422 0.3877578809438553 0
2821 12.45733101403508 0.4023060614634648 0
2822 1.447357291804138 2.706481446785018 0
2823 1.565150575958258 2.615381265490559 0
2824 1.700217770228072 2.77007706972835 0
2825 1.573787531016105 2.738279258256684 0
2826 3.19052352110494 9.346383680786561 0
2827 2.795412250241895 9.685464377625976 0
2828 2.34741433806253 9.33501102673074 0
2829 2.742525608925575 8.995930329891323 0
2830 2.768968929583735 9.34069735375865 0
2831 19.40011072172038 8.542569407155254 0
2832 19.40171949595738 9.972977332052759 0
2833 19.40091510883888 9.257773369604006 0
2834 10.50718631892773 10.6546294089645 0
2835 10.50631855946757 9.595740576921452 0
2836 11.28558382255808 9.655049990528623 0
2837 11.28645158201824 10.71393882257167 0
2838 10.8963850707429 10.15483969974656 0
2839 0.6147420085826898 17.385358041997 0
2840 0.598925974122162 16.77083440196579 0
2841 2.220319460639205 0.9095437816836913 0
2842 2.348605116178119 0.9626978045783616 0
2843 2.308858579724957 1.058058532590529 0
2844 2.180572924186044 1.00490450969586 0
2845 2.264589020182081 0.9838011571371119 0
2846 12.11559248718874 16.88511921900624 0
2847 13.47842299184581 16.84338072952193 0
2848 12.79700773951727 16.86424997426408 0
2849 9.797992648459074 18.59441873258245 0
2850 10.22696093044969 19.3423860672549 0
2851 9.541853467086693 19.29720936629123 0
2852 0.6434189463628215 1.164435652826798 0
2853 1.824169130994161 7.114360818057972 0
2854 1.879259983893622 6.809914557828644 0
2855 2.221232889465329 6.886251862923649 0
2856 2.022701010229745 7.00030634049081 0
2857 7.801242420383916 3.99826859981739 0
2858 7.723596160258419 4.491246907299163 0
2859 7.472146455155046 4.159551387051824 0
2860 3.504107646671269 2.192663596377438 0
2861 3.811605321308562 2.237543694380415 0
2862 3.608935744556488 2.34423213693062 0
2863 3.657856483989915 2.215103645378926 0
2864 5.909700190117791 4.982538241259029 0
2865 6.054001770142921 4.743426428549661 0
2866 17.0474827526698 7.011983617009497 0
2867 16.42678962419593 6.216928124899603 0
2868 17.02101797158715 6.244224895975493 0
2869 11.51331501593724 16.27530427630121 0
2870 11.42455708793718 15.17335470597869 0
2871 11.46893605193721 15.72432949113995 0
2872 0.6952466055964592 1.531894231848405 0
2873 0.6368060913366786 1.560600502558374 0
2874 0.6077475124500147 1.509924052724042 0
2875 0.6514970590232387 1.520909142286222 0
2876 14.1860782701316 17.45844274784154 0
2877 14.77773464965521 18.09806673783457 0
2878 13.94223345229397 18.74668148605674 0
2879 14.06415586121278 18.10256211694914 0
2880 0.4481063890056465 13.95624350995826 0
2881 0.9632215870815628 14.59207515050446 0
2882 0.4816107935407814 14.48930448886509 0
2883 16.94545196053607 3.767579732764913 0
2884 17.74644030014658 3.667566708186508 0
2885 17.98793938390931 4.309964851612413 0
2886 17.46669567222269 4.038772292188663 0
2887 12.78803028212853 10.03952568929819 0
2888 12.8465656421225 10.94960041332861 0
2889 12.11516275338239 10.91200924314664 0
2890 12.05662739338842 10.00193451911622 0
2891 12.45159651775546 10.47576746622241 0
2892 0.2262971149243747 1.432021803539968 0
2893 0.2798400613403942 1.408139336234136 0
2894 0.2965112390866658 1.456196467897435 0
2895 0.2614041770055202 1.444109135718701 0
2896 1.21959288789397 3.745414920371077 0
2897 0.8858952512224647 3.648894039127779 0
2898 1.052744069558218 3.697154479749429 0
2899 1.945485037200079 9.622784704681029 0
2900 1.544557254656251 9.244366135648812 0
2901 1.945985796359391 9.289688581189775 0
2902 0.1607340793911511 1.408213664401128 0
2903 0.2119538244730084 1.384718064798228 0
2904 0.1750773698425192 1.455517403142867 0
2905 0.1935155971577629 1.420117733970548 0
2906 3.291650132871222 10.05486772861908 0
2907 3.726435527938012 9.701633973333163 0
2908 3.706412547085939 10.04695538998251 0
2909 1.065343275392227 2.777957591494813 0
2910 1.061469177342399 2.900389651602922 0
2911 2.353439369005233 2.109816671248478 0
2912 2.523408544108186 2.006995118563882 0
2913 2.478539675564552 2.135697950631146 0
2914 3.552669291961055 8.954949306157065 0
2915 3.639552409949533 9.328291639745114 0
2916 5.578198422008326 3.460412701720122 0
2917 5.845107937494374 3.246430977486813 0
2918 5.820210451638374 3.741123817505001 0
2919 5.832659194566373 3.493777397495907 0
2920 1.193890601497028 0.1772122731296282 0
2921 1.225088404046616 0.199229554819258 0
2922 1.199106729425832 0.2260767260250649 0
2923 1.19649866546143 0.2016444995773465 0
2924 4.564831947521122 1.043328685391065 0
2925 4.343009018445875 1.125457802480295 0
2926 4.284294546169461 0.9207281906308893 0
2927 4.506117475244709 0.8385990735416584 0
2928 4.424563246845292 0.9820284380109783 0
2929 2.720832145846428 8.357368949627597 0
2930 3.119985924516271 8.668209433601829 0
2931 2.731678877386003 8.676649639759461 0
2932 13.32813035523491 6.855813941857466 0
2933 12.90409921424367 7.368418708601006 0
2934 12.44840163543227 6.851228699345552 0
2935 12.8724327764235 6.338623932602014 0
2936 12.88826599533359 6.853521320601509 0
2937 2.330332280405356 0.06016182288642113 0
2938 2.236033056684208 0.1173741635374608 0
2939 2.195839985994916 0.05721234065103786 0
2940 2.263086133200137 0.05868708176873128 0
2941 0.6236516436883743 0.9050498009447985 0
2942 0.6473828552685283 0.9339176794327706 0
2943 0.6139147061395001 0.9609114635689728 0
2944 0.6187831749139363 0.9329806322568857 0
2945 1.803991066296049 3.543912166463638 0
2946 1.70739427113282 3.230904553441539 0
2947 1.909324366175639 3.359454568965302 0
2948 1.755692668714435 3.387408359952587 0
2949 5.402412314365161 11.84664660738914 0
2950 5.231844151786631 11.44674380626997 0
2951 18.8093623254283 10.65716020253464 0
2952 18.21998858492326 11.40069839513926 0
2953 18.21047156863951 10.68921543151106 0
2954 19.40764282947092 11.39846858476757 0
2955 19.40468116271415 10.68572295841016 0
2956 0.06357882344059718 1.521016199649045 0
2957 0.03237931785474046 1.574680398484569 0
2958 0.03119950558585671 1.493114110338034 0
2959 0.03178941172029859 1.533897254411302 0
2960 2.578899953417484 0.8850322314056509 0
2961 2.473096298682465 0.819766780904871 0
2962 2.53945620288739 0.7352972237825597 0
2963 2.645259857622409 0.8005626742833414 0
2964 2.559178078152437 0.8101647275941062 0
2965 3.057889714010217 8.039532480460949 0
2966 2.715167199622716 8.058141673811235 0
2967 14.90384030557692 1.416758323905437 0
2968 14.30614966390576 1.84374840040412 0
2969 14.36614494034147 1.378834078821072 0
2970 4.044381009121805 5.229232709895229 0
2971 4.313982185101862 5.02023428290495 0
2972 4.319956219514665 5.303404897173596 0
2973 1.777321240637651 3.782223829571967 0
2974 1.787677706823589 4.023138570834542 0
2975 1.574411156161478 3.756433456392143 0
2976 1.681044431492534 3.889786013613342 0
2977 2.797713762322048 5.647256758138518 0
2978 2.520639160070169 5.61308327741634 0
2979 10.59770502694517 18.05755615956401 0
2980 9.937629159677297 17.9733593217693 0
2981 1.279484009950938 2.094464554164283 0
2982 1.307093902452994 2.189490827834701 0
2983 1.187429343662942 2.225087553274046 0
2984 1.23345667680694 2.159776053719165 0
2985 15.82059531753541 10.02592939339766 0
2986 15.30905366969015 9.289488712514 0
2987 15.91746827352905 8.577255035597398 0
2988 15.86903179553223 9.30159221449753 0
2989 4.177530390918232 12.49985582858814 0
2990 3.883944271613723 12.99324965433217 0
2991 3.227583963543007 12.58318637751281 0
2992 3.70255717723062 12.54152110305047 0
2993 4.901383959316454 1.208844879214364 0
2994 4.641470098181037 1.31253128156839 0
2995 4.733107953418788 1.126086782302718 0
2996 0.07246921259537409 1.703456718309987 0
2997 0.03786272555142745 1.759757622634339 0
2998 0.03460648704394842 1.664465656521745 0
2999 0.03623460629768971 1.712111639578042 0
3000 6.487678003219056 15.38892190820568 0
3001 6.017451448955888 16.0875551398532 0
3002 5.206063734831913 15.59790350058399 0
3003 5.846870869025484 15.49341270439484 0
3004 1.337597149797105 0.843881673904427 0
3005 1.313703971716865 0.8968815930805096 0
3006 1.24693400941295 0.8691122110907159 0
3007 1.292265579605029 0.8564969424975715 0
3008 2.107343734843707 0.109839021597363 0
3009 2.141327042176581 0.1746333776537607 0
3010 2.079742023365082 0.1680285909285359 0
3011 0.5941183866108588 0.8758448095506512 0
3012 0.56227109004816 0.8857959093785936 0
3013 0.5756140116502291 0.8603569119075125 0
3014 0.5781947383295112 0.8808203594646233 0
3015 0.8347760432748785 1.264260688506305 0
3016 0.7791844051051946 1.290907305923451 0
3017 0.7914862704977992 1.257020054908832 0
3018 14.71543352161511 2.462536605716306 0
3019 14.03622247671779 2.85861296861834 0
3020 14.17118607031177 2.35118068451123 0
3021 0.04825826991319104 1.307957811957582 0
3022 0.02500542591998389 1.350144917224283 0
3023 0.02325284399320715 1.288246687447952 0
3024 0.02412913495659552 1.319195802336115 0
3025 0.2412571434599968 1.028316125878685 0
3026 0.1958739451641307 1.04203226743271 0
3027 0.2166279521302883 1.013122739448187 0
3028 0.2185655443120638 1.035174196655698 0
3029 5.158253966802665 12.39503514697143 0
3030 4.87444654847045 12.89861869790762 0
3031 4.667892178860448 12.44744548777979 0
3032 1.179409999959068 0.0202405522407858 0
3033 1.150558473668934 0.04065530140573337 0
3034 1.129090269500928 0.02041474916494757 0
3035 1.154250134729997 0.0203276507028658 0
3036 9.423601355222408 0.581223137984118 0
3037 9.738751139040698 0.925874217991705 0
3038 9.380339032098156 1.177641180153268 0
3039 9.401970193660281 0.879432159068692 0
3040 2.510963865514202 15.07632886989059 0
3041 2.850281617065952 16.05188303617653 0
3042 2.680622741290078 15.56410595303356 0
3043 1.364408548538147 0.119799291691761 0
3044 1.411889263359868 0.1379972645884422 0
3045 1.386698469270446 0.1756378536260872 0
3046 1.339217754448725 0.157439880729406 0
3047 1.375553508904297 0.1477185726589241 0
3048 1.512921578986452 0.9927382477688234 0
3049 1.546017996009944 0.9402926054313756 0
3050 1.861727308521486 2.983884086198849 0
3051 1.920424804909729 3.170115722436716 0
3052 1.784560789827152 3.107394319820193 0
3053 13.16879266878236 3.957905581569705 0
3054 12.64987087979169 4.414922043724135 0
3055 12.65538970165272 3.937446108221598 0
3056 10.41691517783323 0.3347701117880142 0
3057 10.11319137725515 0.639955031810036 0
3058 9.709712228188872 0.3051849200220218 0
3059 10.06331370301105 0.319977515905018 0
3060 7.864916136015487 8.438756002417303 0
3061 7.693591772841318 9.049052476390955 0
3062 7.112818942239685 8.779802083448679 0
3063 7.488867539127586 8.609279042932991 0
3064 1.144494953454085 1.89805937167414 0
3065 1.252742724288916 1.877986517946834 0
3066 1.263125568251592 1.984452658322162 0
3067 1.203810260852839 1.941256014998151 0
3068 0.4142661494583209 1.330379133600816 0
3069 0.365879325649221 1.338814270759578 0
3070 0.388920777182836 1.308773404755932 0
3071 0.4654730983980286 0.9433330799067932 0
3072 0.4966343982494372 0.9439532070170404 0
3073 0.4781387358358877 0.9630010204372272 0
3074 1.081542757022392 0.0195830716894303 0
3075 1.105316513261661 0.01999891042718893 0
3076 4.127781400746391 0.1096730202976062 0
3077 3.864070771103267 0.1011482585300527 0
3078 3.995926085924831 0.1054106394138294 0
3079 2.927008113715649 10.42988140562086 0
3080 3.048422142326711 10.8266568301821 0
3081 13.05248276745829 19.37424364828132 0
3082 11.62028976069425 19.3662966694057 0
3083 12.33638626407627 19.37027015884351 0
3084 0.05277036188123141 1.370572510308861 0
3085 0.02776493596124752 1.417604643261463 0
3086 0.02638518094061659 1.383874780242873 0
3087 15.92717443162063 7.110967639452009 0
3088 15.87039684966405 6.382697104950539 0
3089 9.033948487031687 0.2760382179620962 0
3090 9.371830357610278 0.290611568992059 0
3091 11.56717319205365 1.49901282656284 0
3092 11.6266770875269 0.7491731997573368 0
3093 11.59692513979027 1.124093013160088 0
3094 0.987863903707197 0.2874649650727132 0
3095 0.99982390733134 0.2616535348160198 0
3096 1.006232159551407 0.2960733090315362 0
3097 1.003028033441375 0.2788634219237789 0
3098 17.62906058354642 12.05594723301205 0
3099 17.06862258000221 12.15045191076129 0
3100 12.34981612520993 5.891895233999926 0
3101 12.02953966214482 6.483142695726034 0
3102 11.87064286226769 5.981886984446687 0
3103 19.39654259682754 12.79428090749818 0
3104 18.80418542629847 12.04989234940864 0
3105 19.40209271314923 12.09637474613288 0
3106 0.08837853568882537 1.909187996834289 0
3107 0.0462967222892523 1.970289581568267 0
3108 0.04208181339957306 1.862015596121491 0
3109 0.04418926784441268 1.916152588844877 0
3110 1.40105150913358 0.422634409542848 0
3111 1.381421205179706 0.3755511152784088 0
3112 1.43379391275251 0.3509839699221793 0
3113 1.417422710943045 0.3868091897325137 0
3114 4.671012732666162 3.93377015452678 0
3115 4.831003832558311 4.261765064129153 0
3116 4.490540060029117 4.451907001524038 0
3117 4.580776396347639 4.192838578025409 0
3118 12.03299354460279 11.75919119279773 0
3119 11.65972256331052 11.2365650076847 0
3120 2.843855197008565 2.466674541778845 0
3121 3.020346837282885 2.321399848909531 0
3122 3.166563819620691 2.472191677416935 0
3123 3.005209508314628 2.469433109597889 0
3124 2.137154231966564 2.026203830943746 0
3125 2.245296800485899 2.06801025109611 0
3126 2.591219845480089 1.780070455668863 0
3127 2.670773200683103 1.910285689608237 0
3128 2.557314194794136 1.893532787116371 0
3129 16.47271780875444 7.79495502217368 0
3130 15.92232135257484 7.844111337524703 0
3131 3.739925053220335 2.923067745128737 0
3132 3.97330467328545 3.108719246188388 0
3133 3.755537035361242 3.114133978831349 0
3134 11.40930421994307 17.45883380175633 0
3135 11.46130961794015 16.86706903902877 0
3136 2.090920462361035 3.373092023832284 0
3137 2.005672633635382 3.2716038731345 0
3138 0.8728254973567147 0.9726797959340949 0
3139 0.8745018887389975 1.019120229629427 0
3140 0.8544049899949115 0.9966290166107061 0
3141 1.570507102621537 0.03247479648966234 0
3142 1.493317143118736 0.02897482662451978 0
3143 1.531912122870137 0.03072481155708928 0
3144 1.79464865735223 0.3602825335845488 0
3145 1.736987647151629 0.3453638192113928 0
3146 1.054561393422858 0.3531731302816468 0
3147 1.105809226531672 0.3579907359820851 0
3148 1.069313870094557 0.3804996900743625 0
3149 1.080185309977264 0.3555819331318659 0
3150 0.6709571742026235 1.629545735847568 0
3151 0.7416156937364562 1.588885450794994 0
3152 0.7852721778121339 1.653489130547872 0
3153 0.7281146760073796 1.64151743319772 0
3154 1.655268572042267 0.03588885219554427 0
3155 1.595286016651388 0.06836364868520661 0
3156 1.612887837331902 0.03418182434260331 0
3157 3.608037665134622 1.060153946485805 0
3158 3.420102022728703 1.24217528408891 0
3159 3.27106519830049 1.114091954836274 0
3160 3.439551431717557 1.087122950661039 0
3161 0.4680647078673275 7.489014716616041 0
3162 0.7018748021230223 7.238792309750535 0
3163 0.7175767242589686 7.494919335404969 0
3164 0.9055500359248967 0.9000938217621659 0
3165 0.9179879909884257 0.9600134228220227 0
3166 0.8891877666408057 0.9363868088481304 0
3167 3.327470649440304 2.620420914343442 0
3168 3.333461417496754 2.329940959814023 0
3169 3.494368247316366 2.478170196740531 0
3170 3.330466033468529 2.475180937078733 0
3171 19.34305402485548 14.1569063565672 0
3172 18.73959662168303 13.37975869263684 0
3173 19.36979831084151 13.47559363203269 0
3174 1.583702034636154 0.251358558428274 0
3175 1.620807548672762 0.2111025593828444 0
3176 1.675858333542376 0.2400080709172148 0
3177 1.629780184089265 0.2456833146727444 0
3178 1.947804720104036 1.063363648113908 0
3179 1.86105010027547 0.905414042079455 0
3180 1.983122023744126 0.9530381025065751 0
3181 1.904427410189754 0.9843888450966816 0
3182 1.873491981829376 2.436392989316924 0
3183 1.713509938848306 2.458501702272898 0
3184 1.785747779167728 2.369217565914775 0
3185 10.5684814471763 8.32416838270097 0
3186 11.23318454543754 7.447128061454681 0
3187 11.20815493854193 8.382974353275051 0
3188 10.90083299630692 7.885648222077825 0
3189 0.945239475926531 0.8376415827565893 0
3190 0.9526801550748463 0.8926889142978336 0
3191 0.9253947559257156 0.8688677022593758 0
3192 11.18066622272528 0.3614153188134814 0
3193 11.59713911439475 0.3745865998786684 0
3194 9.421373398016756 5.730335709484526 0
3195 10.04257440149321 5.864220830992779 0
3196 9.724203667813718 6.130665364588273 0
3197 16.07249047357921 0.5054184510231678 0
3198 15.53123165162626 0.9741856847001138 0
3199 15.50425507887497 0.4870928423500569 0
3200 0.240463136246909 1.160367240039747 0
3201 0.2073285341395525 1.163911047817326 0
3202 0.2233441665540372 1.144202462482635 0
3203 9.166596018592294 12.0503942171405 0
3204 9.83108506565457 11.43816386987055 0
3205 9.798640594634366 12.1321941861757 0
3206 9.498840542123432 11.74427904350553 0
3207 2.015557522277486 1.615026240466344 0
3208 2.051004624028836 1.743530843615737 0
3209 1.879301512902446 1.672802395612349 0
3210 1.965153068465641 1.708166619614044 0
3211 0.7919208490714915 0.7846422353436608 0
3212 5.609998529673854 4.972321469913531 0
3213 5.403361829589624 4.922454986353605 0
3214 19.18625889774847 15.48434213123221 0
3215 18.52931292260394 14.64124848779943 0
3216 19.26465646130197 14.8206242438997 0
3217 19.39740894327094 7.81797548429547 0
3218 18.82929967764954 16.99041481075784 0
3219 19.42093984137427 16.13036981783338 0
3220 19.40835983627527 17.28861642149587 0
3221 19.41464983882477 16.70949311966463 0
3222 0.0199990827417178 1.082062742467709 0
3223 0.0203317437060484 1.127614704457201 0
3224 0.02016541322388221 1.104838723462453 0
3225 3.865054641250971 16.41518078511785 0
3226 3.133724339762853 16.62238141404518 0
3227 3.357668129158461 16.23353191064719 0
3228 0.2322342883915525 7.247563404506869 0
3229 0.235830419475775 7.769540377934252 0
3230 0.2340323539336637 7.508551891220561 0
3231 3.981280034847944 1.759820647699808 0
3232 4.167073541192742 1.851515086931681 0
3233 4.06580836443954 2.035791980694419 0
3234 4.023544199643742 1.897806314197116 0
3235 5.037414857816344 16.75801447477463 0
3236 4.246463838172435 17.08505327538559 0
3237 4.656005660894881 16.08814198450689 0
3238 4.451234749533658 16.58659762994624 0
3239 1.353523777266538 14.07161795647421 0
3240 1.926701910418064 14.61171382517458 0
3241 1.444961748749812 14.60189448783952 0
3242 1.748032143125188 0.0389538168435255 0
3243 1.682534154321353 0.07484266903906978 0
3244 1.701650357583729 0.037421334519534 0
3245 0.02106147818796167 1.177422671304646 0
3246 0.0220341115559215 1.230316933847755 0
3247 0.0215477948719407 1.2038698025762 0
3248 8.57865922046561 8.093257948966235 0
3249 8.424634295539905 8.688529882724733 0
3250 8.221787678240549 8.26600697569177 0
3251 1.706446230155318 0.6536438344653988 0
3252 1.709548139890142 0.7288323077064724 0
3253 1.674570188076675 0.6950296740005832 0
3254 7.426466472149758 6.309118488988466 0
3255 7.54366049573173 6.670161288430859 0
3256 1.846620406740136 0.04310899173071903 0
3257 1.797326274932663 0.04103140428712138 0
3258 1.827202272140987 1.272051020986179 0
3259 1.825188097762378 1.425959029942682 0
3260 1.714907392556423 1.43195917173782 0
3261 1.771054832348707 1.352005096361999 0
3262 0.9785137169986875 0.7792005393705121 0
3263 0.9853688506521046 0.8289007653323157 0
3264 0.9618765964626093 0.8084210610635498 0
3265 18.08380011008014 4.941280455704954 0
3266 5.222535581425552 5.887422015165147 0
3267 5.037301624235331 6.156397117797487 0
3268 4.957115267985775 5.905263425296992 0
3269 14.23925158623156 3.326139378335724 0
3270 13.55109693757722 3.57891950998979 0
3271 13.7936597071475 3.218766239304065 0
3272 12.61489771401014 12.1029163479604 0
3273 12.29696769273475 12.7218450223749 0
3274 11.7150635233274 12.37811986721222 0
3275 12.16498061866877 12.24051810758631 0
3276 1.888703152553328 4.967307020090674 0
3277 1.58057441223168 4.874763743007267 0
3278 1.734638782392503 4.921035381548971 0
3279 1.545268098125298 2.480422202347575 0
3280 1.733392416681266 2.593460765415882 0
3281 1.63933025740328 2.536941483881728 0
3282 8.412522392894964 0.2465824611736771 0
3283 8.723235439963325 0.2613103395678866 0
3284 2.475924507640667 0.06350417471952596 0
3285 2.374103784903292 0.1236659976059471 0
3286 2.403128394023012 0.06183299880297355 0
3287 4.413468673502667 0.1187615211533029 0
3288 4.209085534192454 0.2284345414509072 0
3289 4.270625037124529 0.1142172707254545 0
3290 0.728195280575104 3.740391499839514 0
3291 0.6209116810708881 3.599852902190857 0
3292 0.7534034661466755 3.624373470659318 0
3293 15.88122044031033 19.37733247070802 0
3294 14.46117925626426 19.37243783777542 0
3295 15.34239969657459 18.74977030848344 0
3296 15.1711998482873 19.37488515424172 0
3297 0.4332800415011562 1.978448778004596 0
3298 0.38431157768734 2.050811678451208 0
3299 0.3101823872913858 1.990870084000557 0
3300 0.3717312143962701 1.984659431002576 0
3301 11.41562228278912 8.973212492357852 0
3302 12.18666585361947 9.320097020945452 0
3303 11.73612483808877 9.487573505737037 0
3304 0.2673905993851164 2.057210364177751 0
3305 0.3398117606154152 2.113140424335137 0
3306 0.2931398882905576 2.180170088240066 0
3307 0.2802652438378388 2.118690226208909 0
3308 1.011182734424956 0.7222220563022468 0
3309 1.018389961453831 0.7689719483718882 0
3310 0.9948482257118219 0.7507112978363804 0
3311 10.00888751213887 5.19858157662011 0
3312 10.38183230573336 5.551329017064367 0
3313 1.09048813213575 0.1264717521353944 0
3314 1.116761413878294 0.1047458466880364 0
3315 1.090936024426554 0.1044297917740984 0
3316 0.7551408684297947 0.7012776922593424 0
3317 0.7780679584305261 0.6713172406547514 0
3318 0.7998464627397084 0.6770255839471364 0
3319 0.7774936655847515 0.6891516381032403 0
3320 2.678079947609166 2.466693161599903 0
3321 0.2010253884169124 2.006077250332344 0
3322 0.09809090700202105 2.02170613599873 0
3323 0.1421513585116951 1.955833871152773 0
3324 0.1495581477094667 2.013891693165537 0
3325 6.662251356237972 0.2109578589723906 0
3326 6.220367001993802 0.188127057125552 0
3327 6.441309179115887 0.1995424580489704 0
3328 0.08521124218802356 2.998264628143426 0
3329 0.1775376719419413 3.069571963620323 0
3330 0.09232642975391769 3.191982051271303 0
3331 0.08876883597097063 3.095123339707364 0
3332 1.043610117608409 0.6658410918711031 0
3333 1.051286751105987 0.7104376303240265 0
3334 1.027396426016683 0.6940315740866758 0
3335 2.218157639681838 0.5726807078922285 0
3336 2.30633964291234 0.6225280601991088 0
3337 2.256323191205862 0.7099067028773494 0
3338 2.168141187975361 0.6600593505704691 0
3339 2.23724041544385 0.641293705384788 0
3340 1.067158250179844 0.5620739974200397 0
3341 1.04031424374331 0.5553531141400914 0
3342 0.1893325434600577 6.246820190938028 0
3343 0.4292470790126028 6.40783805832581 0
3344 0.2399145355525452 6.701138157587158 0
3345 0.2146235395063005 6.473979174262593 0
3346 0.5327374923361141 0.9111818142394661 0
3347 0.5245487226186469 0.9470359117420664 0
3348 0.5048231679669044 0.9080991095144384 0
3349 0.5146859452927757 0.9275675106282506 0
3350 3.918743935614859 1.093627248625516 0
3351 3.740895404078776 1.217443696434913 0
3352 3.763390800374741 1.076890597555661 0
3353 6.848789397995288 9.453507308806907 0
3354 7.589722469200136 9.687391766861573 0
3355 7.44274772121625 10.25112942538232 0
3356 7.145768559605769 9.852318367094611 0
3357 0.3960883529747683 12.97373111560561 0
3358 0.8441947419804166 13.55485908536896 0
3359 0.4220973709902083 13.46498731278194 0
3360 2.021010537101265 0.4358463107030275 0
3361 1.931840690482717 0.4790280488473968 0
3362 1.905341532812352 0.3943375177043613 0
3363 1.963176034956808 0.4150919142036944 0
3364 1.822415259255322 0.4348248698835118 0
3365 1.846007888319175 0.5119579747140897 0
3366 1.766284103733447 0.5471208536916095 0
3367 1.794349681494385 0.4909728617875615 0
3368 1.783615493286451 0.6266229922933952 0
3369 1.736365166944385 0.6003823440785041 0
3370 10.36369850276924 1.719670316654319 0
3371 11.11319448321497 1.818005212314963 0
3372 10.7384464929921 1.768837764484642 0
3373 1.954202908222889 0.04841918671624157 0
3374 1.877706134107555 0.0915281784469606 0
3375 1.900411657481513 0.0457640892234803 0
3376 9.395311338035308 2.210311987433205 0
3377 9.921991872091338 1.989272233379639 0
3378 9.775612493818095 2.380367774870966 0
3379 1.075651350967432 0.6083799491977331 0
3380 1.084217758131581 0.6518649084383767 0
3381 1.05963073428792 0.6371105205344172 0
3382 0.1456845521229404 4.768996431163207 0
3383 0.1599766950073001 5.10183154266781 0
3384 0.1528306235651211 4.935413986915509 0
3385 6.367499155298457 1.271879613510475 0
3386 6.298835633664968 1.438290522788293 0
3387 5.31774890371098 1.260505577098439 0
3388 5.032459891560304 1.43954751261818 0
3389 5.109566431513716 1.234675228156402 0
3390 13.75683101186128 19.37334074302837 0
3391 1.915642720726662 1.156446849509894 0
3392 1.9160520838309 1.266740391248089 0
3393 1.871422496433823 1.214248935248037 0
3394 4.155604759613591 2.839314178271101 0
3395 4.301090997813055 3.287788900235199 0
3396 4.228347878713323 3.063551539253149 0
3397 17.18499989672465 2.772789971538728 0
3398 17.84515371484945 3.034525583280973 0
3399 13.17412932220157 4.837022621135448 0
3400 12.74427408559822 5.351462314090059 0
3401 12.69707248269496 4.883192178907097 0
3402 0.8710222739281903 1.082336661267195 0
3403 0.8541000321282386 1.134180915449836 0
3404 0.8358076418190965 1.096117591385509 0
3405 0.8309079574744445 1.347890591784974 0
3406 0.7714604772276026 1.390699649631188 0
3407 0.7753224411663986 1.340803477777319 0
3408 0.105454299909745 3.625035739576819 0
3409 0.2313021741468901 3.697845416835264 0
3410 0.1258478742371452 3.86496065548539 0
3411 0.1156510870734451 3.744998197531105 0
3412 0.126333662033872 4.169929356287533 0
3413 0.2583491882620308 4.296801720937426 0
3414 0.1320155262281588 4.459036904706488 0
3415 0.1291745941310154 4.314483130497011 0
3416 4.40226112256549 4.736070642214494 0
3417 1.233653431475275 0.1399359617099343 0
3418 1.198765581206485 0.1468209818396833 0
3419 1.298273442237203 0.3110566870836919 0
3420 1.316222713831673 0.3539816247834331 0
3421 1.25271860957378 0.3342696818846917 0
3422 1.284470661702727 0.3441256533340642 0
3423 1.299982689787964 0.1507914134291664 0
3424 1.25291078039271 0.1722080537285215 0
3425 1.26681806063162 0.1453636875695494 0
3426 2.406499475923047 1.427474101919451 0
3427 2.534565889334473 1.357858319143642 0
3428 2.59045805666976 1.47122769908902 0
3429 2.462391643258334 1.54084348186483 0
3430 2.498478766296403 1.449350900504236 0
3431 1.216726678932895 0.05910198943545097 0
3432 1.250458159706611 0.04694033394906683 0
3433 1.237205436102903 0.06935654592538043 0
3434 1.101382898781388 0.2086163600247026 0
3435 1.098579511798441 0.1824699489502741 0
3436 1.116556308355555 0.1922042920538978 0
3437 2.069957382828877 0.05262668094632517 0
3438 2.012080145525882 0.05052293383128337 0
3439 11.1329649768582 18.7086827366606 0
3440 10.92362534557197 19.3543413683303 0
3441 1.034875684486808 0.3998721296751757 0
3442 1.079867196774618 0.4073925271496428 0
3443 1.045429011166869 0.4267649667504561 0
3444 1.057371440630712 0.4036323284124084 0
3445 1.397002022027724 3.75092418838161 0
3446 17.04378394705242 7.77379612369838 0
3447 7.319902592346915 18.10052084464521 0
3448 6.813053781769467 17.49767507158551 0
3449 7.494919442981598 17.04727472520478 0
3450 7.407411017664256 17.57389778492499 0
3451 18.21325742492162 12.70514118728143 0
3452 18.21662300492244 12.05291979121035 0
3453 3.539380766349966 5.857571231747192 0
3454 3.731176236212557 6.143795980761681 0
3455 1.213180354142803 0.255809329566258 0
3456 1.185391591324695 0.2508536265372676 0
3457 5.483141589760375 3.919421762401994 0
3458 5.745229119970032 3.999101880686038 0
3459 1.646621312873847 0.1485486156754057 0
3460 1.671511357649813 0.1812270697002667 0
3461 1.633714430773304 0.1798255875291233 0
3462 11.27113459840064 18.08375826920847 0
3463 0.6504482332896195 2.67855981291859 0
3464 0.7620050765118123 2.66248493810385 0
3465 11.76151867387348 6.909326741748367 0
3466 11.71096161027764 7.512233640071631 0
3467 11.49735160965551 7.178227401601523 0
3468 11.71972200316871 13.01444350728235 0
3469 11.16545110811769 12.97742256798754 0
3470 11.44025731572255 12.67777121759988 0
3471 6.099418413996863 12.19045017438362 0
3472 5.855260066434367 12.73883871396592 0
3473 5.628836190399764 12.29274266067753 0
3474 1.352092212322429 0.434028881003897 0
3475 1.404726534539183 0.4793432367110917 0
3476 1.378409373430806 0.4566860588574926 0
3477 0.3325557228200253 9.823299272540519 0
3478 0.3745869992694928 9.158219211784662 0
3479 0.3535713610447573 9.490759242162589 0
3480 7.768176597417284 1.90089458024578 0
3481 7.590536843547715 1.552491753038879 0
3482 7.989962685754583 1.403070176965148 0
3483 7.879069641585933 1.651982378605464 0
3484 2.458398765677992 0.9727224928946754 0
3485 2.363302649182593 0.8097420925885572 0
3486 2.410850707430292 0.8912322927416163 0
3487 0.7613930247682816 1.488947871602846 0
3488 0.7515043592523689 1.53891666119892 0
3489 0.118658774135767 1.011260607136734 0
3490 0.09978162363091414 1.031844206504156 0
3491 0.07912109608798801 1.01557649471145 0
3492 0.09889938198023884 1.013514466588177 0
3493 1.378536067221855 0.8142886016620672 0
3494 2.132898684411897 0.05491951079868151 0
3495 1.523876839264197 1.080774996571066 0
3496 1.572266505578103 1.122804244308519 0
3497 0.4876352342717958 1.183997508017931 0
3498 0.4995345442244332 1.258552284831165 0
3499 0.4935848892481136 1.22127489642455 0
3500 10.79879070027925 0.3480927153007478 0
3501 5.191348705516019 3.367336131707706 0
3502 5.437386166700023 3.229693100400354 0
3503 5.332160960824321 3.598055733027474 0
3504 5.384773563762172 3.413874416713914 0
3505 1.190835312668312 8.831080239235094 0
3506 0.8666484117209787 8.529053733063842 0
3507 1.271069165729052 8.330859432849582 0
3508 1.230952239198682 8.580969836042337 0
3509 9.147244799376823 8.320151442687136 0
3510 8.929308290921917 7.89887803341562 0
3511 1.201884898554219 13.09128542378633 0
3512 1.277704337910379 13.58145169013027 0
3513 0.7214461780299395 4.632330247999143 0
3514 0.6321675801586775 4.35878111683849 0
3515 0.803680029733421 4.450724362874936 0
3516 0.6768068790943094 4.495555682418815 0
3517 16.72452715798937 1.056618662482752 0
3518 17.30560806973185 0.5512002114595838 0
3519 16.68904927165553 0.5283093312413758 0
3520 5.022668879693778 8.750970163828788 0
3521 4.595164814995258 8.442952378700621 0
3522 4.867517216783854 8.046390559295235 0
3523 5.295021281482374 8.354408344423401 0
3524 4.945093048238816 8.398680361562011 0
3525 6.819748796167572 14.7104884094816 0
3526 7.766666353706174 15.15094453489668 0
3527 7.434595560757657 15.82937803362075 0
3528 7.127172178462615 15.26993322155118 0
3529 2.430770231086322 10.06047805462776 0
3530 2.861210181978773 10.05767289162342 0
3531 17.5003000784852 18.13370108870455 0
3532 16.71583771697845 18.7481816709823 0
3533 16.17780196067622 18.11772001667859 0
3534 16.96226432218297 17.50323943440084 0
3535 16.83905101958071 18.12571055269157 0
3536 1.287584940254373 0.02534779194209236 0
3537 1.231417787683577 0.02159254200697269 0
3538 1.259501363968976 0.02347016697453341 0
3539 0.5925061759995227 0.9850370400033306 0
3540 0.5899107835100743 1.025345428892225 0
3541 0.5593857726969169 1.024548887468404 0
3542 0.5619811651863635 0.9842404985795099 0
3543 0.5759459743482189 1.004792963735868 0
3544 8.216794881319345 5.544427229577167 0
3545 8.758769238160198 5.58126629726168 0
3546 8.525257013903996 5.894385345215818 0
3547 3.887419344802599 2.737683785356854 0
3548 3.990703385894314 2.502733121295363 0
3549 4.258888800705305 2.604363514209611 0
3550 4.073154072753952 2.671023649783233 0
3551 6.796354608123217 16.47038771170733 0
3552 6.453347189614986 17.00588161767578 0
3553 5.674444030447656 16.62304904582165 0
3554 6.235399319285437 16.54671837876449 0
3555 16.87484374858486 15.60483491919623 0
3556 15.87391573105318 16.07573203105512 0
3557 15.49234664787453 15.30781046504665 0
3558 16.4932746654062 14.83691335318776 0
3559 16.1835951982297 15.45632269212144 0
3560 8.173927368409686 0.4646159502277847 0
3561 7.842324923127249 0.2180334890541076 0
3562 8.127423658011107 0.2323079751138923 0
3563 7.872824686185509 10.66114748558923 0
3564 7.344770088527652 11.1991930251731 0
3565 7.393758904871952 10.72516122527771 0
3566 8.218819832896001 9.181436984579975 0
3567 8.11495052925482 9.819776275050593 0
3568 7.904271151048068 9.434414375720774 0
3569 0.4167998724960391 1.453154711658861 0
3570 0.4800970438270351 1.450620924919635 0
3571 0.4802896356619186 1.521688744049746 0
3572 0.4485447540789771 1.487421727854302 0
3573 4.590582106343375 15.52568347454986 0
3574 1.083640390003096 0.1663809922351689 0
3575 1.064847617244993 0.1452675660789247 0
3576 1.087064261069422 0.1464263721852817 0
3577 0.09758381660376614 3.399918079592225 0
3578 0.09495512317884192 3.295950065431763 0
3579 0.07351197001598919 2.651608558938559 0
3580 0.07869241084866374 2.817401257211758 0
3581 0.07610219043232647 2.734504908075159 0
3582 0.2177496522781723 1.244919899477853 0
3583 0.2100025218782235 1.205841928248613 0
3584 0.24920524507667 1.194588028511699 0
3585 0.2334774486774212 1.219753963994776 0
3586 2.942824737400892 3.430219132186068 0
3587 3.073863354307869 1.743868391423565 0
3588 2.91741479750805 1.707490556199033 0
3589 2.970612341619531 1.565142162238987 0
3590 3.127060898419351 1.601519997463519 0
3591 3.022237847963701 1.654505276831276 0
3592 0.5101245371082026 1.110436566048397 0
3593 0.4988798856899983 1.147217037033164 0
3594 3.993363856078554 7.439328219472879 0
3595 3.553570712012103 7.404760646107775 0
3596 3.78672226704691 7.18915039521475 0
3597 14.60445945870799 14.68610372159085 0
3598 15.04840305329126 14.99695709331875 0
3599 0.04139322189401184 1.147095579970786 0
3600 0.02069661094700592 1.152518687880923 0
3601 1.44673865487508 0.05730165850771307 0
3602 1.422576542188363 0.02832683188319507 0
3603 1.45794684265355 0.02865082925385565 0
3604 1.126768223509698 2.605372824411715 0
3605 1.200785162740665 2.705540697545597 0
3606 1.096055749450962 2.691665207953263 0
3607 8.130814974626677 2.645081423499022 0
3608 8.303592849207881 2.92028075299663 0
3609 1.169807440613241 0.4688465112659017 0
3610 1.121938034322387 0.4709441020715701 0
3611 1.12476172633029 0.4287311248912342 0
3612 1.147284583471766 0.4487888180785689 0
3613 8.767890110274529 14.02872662282475 0
3614 9.551748289799303 14.36163155973104 0
3615 9.329925007666018 14.92152057072138 0
3616 8.546066828141244 14.5886156338151 0
3617 9.048907558970273 14.47512359677307 0
3618 3.054298726107511 4.676752207027871 0
3619 3.430250230859947 4.795116616592527 0
3620 3.242274478483729 4.735934411810199 0
3621 0.3909480405527717 0.9986869045211204 0
3622 0.4006145584158567 1.018956280400253 0
3623 0.6781379125049316 5.179232344737967 0
3624 0.522587169764904 5.390081509275907 0
3625 0.3313337283377766 5.250865872944734 0
3626 0.5047358204213541 5.215049108841352 0
3627 13.56521806343362 14.52150917576295 0
3628 14.22703309546304 14.12348035426038 0
3629 14.0848387610708 14.6038064486769 0
3630 4.151877957735593 1.355441111893084 0
3631 4.156653215996198 1.142125112414774 0
3632 4.338233760185268 1.338773801958606 0
3633 4.247443488090733 1.240449457186692 0
3634 0.2623939891686469 1.17169701162925 0
3635 13.54519621603808 10.67108646812256 0
3636 13.74138800254395 11.30229858578987 0
3637 13.04275742862837 11.58081253099592 0
3638 13.29397682233322 11.12594949955924 0
3639 2.301868300517638 3.629312532477522 0
3640 2.073004314917745 3.600906074349211 0
3641 2.196394381439337 3.501202278154903 0
3642 11.41943101580448 2.239229100748341 0
3643 11.357826678682 2.560411940150975 0
3644 1.268726458022407 0.9862440092936637 0
3645 1.276149425253157 1.057479611663286 0
3646 1.209602047315965 1.073397365373278 0
3647 1.239164252669184 1.029820687333471 0
3648 1.891620393995556 2.609562725330933 0
3649 1.974726127438597 2.50902620662232 0
3650 0.994457729433968 4.506416055807533 0
3651 0.8504785016218133 4.244439409988429 0
3652 0.9224681155278915 4.37542773289798 0
3653 12.588067022884 13.21801555372706 0
3654 12.01082133331797 13.51061403863451 0
3655 12.15389451302636 13.1162295305047 0
3656 3.178922603729062 0.08152366273643352 0
3657 2.984590853416165 0.07564675373112806 0
3658 3.081756728572614 0.07858520823378079 0
3659 3.618185964919205 0.09394732235275782 0
3660 3.458232764729973 0.1815733840269029 0
3661 3.391275581790855 0.08762606167414688 0
3662 3.50473077335503 0.09078669201345235 0
3663 5.799575856960388 0.1712242821136023 0
3664 5.521860738366733 0.3288717872495788 0
3665 5.4129145255888 0.1576475051359765 0
3666 5.606245191274594 0.1644358936247894 0
3667 13.78277661818779 12.1213552302116 0
3668 13.35491690356957 12.64345904717609 0
3669 13.19883716609897 12.112135789086 0
3670 5.220576569069687 6.451959581464022 0
3671 4.909541312230074 6.643821099432079 0
3672 4.973421468232702 6.400109108614783 0
3673 17.77752830666466 16.95720038037031 0
3674 16.48405780921914 16.84869645444437 0
3675 17.29932179370083 16.30265740041384 0
3676 17.1307930579419 16.90294841740734 0
3677 6.318144473504915 13.69556279971833 0
3678 7.097550425177581 14.08819111645074 0
3679 6.568946634836244 14.20302560459996 0
3680 0.7147019352478985 0.9554852307575921 0
3681 0.7503566076033437 0.9728551240211427 0
3682 0.698068483919112 0.9857555846579213 0
3683 0.7242125457612278 0.979305354339532 0
3684 3.690105757795517 0.1950955808828105 0
3685 3.741128368011235 0.09754779044140527 0
3686 1.249325110458695 0.9316756275629423 0
3687 1.333105319280577 0.9514499748112293 0
3688 1.291215214869636 0.9415628011870858 0
3689 2.85846006339521 0.1462882949540028 0
3690 2.802456086809094 0.07064154122287469 0
3691 2.89352347011263 0.07314414747700049 0
3692 5.053830418643642 0.1427191096679437 0
3693 5.233372472116221 0.1501833074019601 0
3694 3.242370042951165 0.1691497244105804 0
3695 3.285099092759959 0.0845748622052902 0
3696 7.120277498330652 0.2687384424472263 0
3697 6.767064987700993 0.4796963014196152 0
3698 6.891264427284312 0.2398481507098076 0
3699 1.284112675903312 10.65316220779933 0
3700 0.6390830426045078 10.32398245980732 0
3701 0.9615978592539101 10.48857233380333 0
3702 13.84223765957915 13.26393466206299 0
3703 14.69269955186885 12.84120712827621 0
3704 14.45986632366594 13.48234374126829 0
3705 7.304823102072994 5.888116545571927 0
3706 7.038646986507868 5.623586179781598 0
3707 3.302345563935681 0.2627753974753659 0
3708 3.15589222868806 0.3384108847464216 0
3709 3.199131135819613 0.2537803045785019 0
3710 5.152555951177918 7.040998394962541 0
3711 4.730575173357612 7.304119582935535 0
3712 4.820058242793843 6.973970341183808 0
3713 5.624081344730719 0.5187596054981682 0
3714 5.43697623210875 0.4989140981378775 0
3715 0.9828087304188031 0.4650843556095605 0
3716 0.9732209744474858 0.4409177579837422 0
3717 1.003802177596352 0.4212147769588341 0
3718 1.013389933567673 0.4453813745846524 0
3719 0.9933054540075794 0.4431495662841964 0
3720 1.572005912956858 11.38683378461442 0
3721 1.428059294430085 11.01999799620688 0
3722 11.88764929017313 8.02710598666806 0
3723 12.09511663442032 8.617344125750861 0
3724 11.65163578648112 8.500159239512957 0
3725 3.236462145437647 18.88139700221303 0
3726 4.074739772553714 19.4568708205089 0
3727 2.733150944312518 19.42452618170413 0
3728 3.403945358433117 19.44069850110651 0
3729 0.4670987122705608 2.680550543298885 0
3730 0.5587734727800893 2.679555178108737 0
3731 14.45304277436754 11.92528861890392 0
3732 15.54911915706683 11.52673943177177 0
3733 15.12090935446784 12.18397328002399 0
3734 7.038718100548913 11.78281867200427 0
3735 6.805627830303202 12.48914209952335 0
3736 6.569068257272888 11.98663442319395 0
3737 1.972430430649172 10.03367862493345 0
3738 13.07538777889359 13.83849116861396 0
3739 13.21515234123158 13.24097510789502 0
3740 8.133160395616038 16.40626504711821 0
3741 7.464757501869628 16.43832637941277 0
3742 0.2551972117425887 2.953265700904838 0
3743 0.35882501608247 3.016356778113245 0
3744 0.2681813440122056 3.042964370866784 0
3745 1.312614901156754 1.675403609197254 0
3746 1.23035534151467 1.668846987927289 0
3747 1.275651572834688 1.618324366547217 0
3748 1.85844574754236 2.786179029643401 0
3749 1.97650680677082 2.882502613193016 0
3750 1.332238935462323 11.82444527367178 0
3751 1.06299109818233 12.19575829090726 0
3752 0.6573906996570464 11.76266249605266 0
3753 0.9948148175596856 11.79355388486222 0
3754 2.097085520494588 1.879246963712713 0
3755 2.041822918810228 1.980645595688088 0
3756 8.470254574917494 15.33095966194697 0
3757 7.842478606929922 14.40860050676481 0
3758 8.156366590923708 14.86978008435589 0
3759 0.05694901705545163 2.212949850245405 0
3760 0.06191917211252118 2.346918057241828 0
3761 0.05943409458398641 2.279933953743616 0
3762 8.207811325073589 4.753356734456059 0
3763 8.076405344187352 5.124976482677084 0
3764 7.900000752222885 4.808111694988124 0
3765 16.07141699158673 1.514989271196336 0
3766 15.4440256455374 1.957561910401658 0
3767 15.48762864858183 1.465873797550888 0
3768 0.1571051525172251 1.005531698287561 0
3769 0.1387779954039559 1.02641390664926 0
3770 0.1378951685429612 1.008491623546419 0
3771 8.038518654903024 13.76800024882407 0
3772 7.293590473150683 13.44759085851001 0
3773 7.568034540040302 13.92809568263741 0
3774 0.6135956768315829 0.8812427587110658 0
3775 0.6566643311675069 0.8845891727977886 0
3776 0.6351300039995458 0.8829159657544245 0
3777 1.141701767290321 1.076075153047963 0
3778 1.211156415682245 1.150901564439522 0
3779 1.17642909148628 1.113488358743741 0
3780 3.336277209812383 7.67619388973178 0
3781 3.287400845516958 7.435464128698026 0
3782 6.664029860414855 1.146903851979737 0
3783 6.985649014592567 1.039765214467355 0
3784 7.08423002028618 1.333231056664932 0
3785 6.874129940350517 1.240067454322334 0
3786 1.851809752631137 0.1388781304495588 0
3787 0.3884583691944634 0.93953664536666 0
3788 0.3752635933658901 0.9635071006887639 0
3789 0.3512054688927186 0.9550058895389881 0
3790 0.3698670466225202 0.9473610177237823 0
3791 0.3472894760555256 12.0763866809665 0
3792 0.7433778290302939 12.61286327269977 0
3793 0.371688914515147 12.52505889828606 0
3794 2.507018064381868 6.905790764344096 0
3795 2.372295805536449 6.712102824789357 0
3796 7.945250596228418 2.332631915434048 0
3797 8.238407509376691 2.381549499985969 0
3798 2.030570935383382 4.10108409667662 0
3799 1.989198342533802 4.341237113192556 0
3800 1.888438024678695 4.182187842013549 0
3801 0.5504873133351413 1.512415995704309 0
3802 0.5528590963036777 1.439108860768677 0
3803 0.5803033043768444 1.474516456746359 0
3804 2.017454122902422 0.8511457047356235 0
3805 2.116678013885316 0.884016959519565 0
3806 2.08234591472702 0.9859093572905167 0
3807 2.049900018814721 0.9185275310130709 0
3808 2.274380478808366 0.1862246914062169 0
3809 2.417225938399504 0.1951096486937889 0
3810 2.345803208603934 0.190667170050002 0
3811 0.4861386663569398 0.8975761974517908 0
3812 0.5242444047164181 0.8730909977760923 0
3813 0.505240270672445 0.885416747746115 0
3814 0.1657766473054245 1.170406358646666 0
3815 0.1330052224665614 1.166132659752526 0
3816 0.1407531906616377 1.123165904721413 0
3817 0.1532649189835311 1.146786131684038 0
3818 4.816817133681393 0.2729266748497565 0
3819 4.723194171339891 0.1302075651818129 0
3820 4.888512294991767 0.1364633374248783 0
3821 6.514356569616831 8.461820310265711 0
3822 6.68157298380606 8.95766380953631 0
3823 12.82134779944061 9.221046114887447 0
3824 13.39089707410907 9.262150829807437 0
3825 13.357579556797 10.08063040421818 0
3826 13.0894636781188 9.650838259552815 0
3827 0.8224374352954662 1.442602041771934 0
3828 0.7664267509979421 1.439823760617017 0
3829 7.517661403279371 12.82249044074967 0
3830 6.581556900174513 13.11424251728369 0
3831 7.049609151726942 12.96836647901668 0
3832 1.013019354020265 0.08825888282730787 0
3833 1.010324842951736 0.1210133484631513 0
3834 1.011768014150084 0.1046455625135891 0
3835 2.686755776047688 0.1382165902306554 0
3836 2.634768687076042 0.06757504900777889 0
3837 2.718612386942569 0.06910829511532768 0
3838 12.72979858024146 8.518293219692856 0
3839 12.45823221693046 8.919195120319154 0
3840 4.280606245664009 0.3561451127063098 0
3841 4.077432655387138 0.4557920879985211 0
3842 4.143259094789796 0.3421133147247133 0
3843 1.848985336564127 1.554331334783734 0
3844 1.795985948189182 1.644120775655244 0
3845 14.4116541587237 11.1062319744822 0
3846 14.09721538845575 11.6137936023469 0
3847 1.440282442867195 1.100838757426796 0
3848 1.42932718258945 1.012802008624554 0
3849 1.476602010926824 1.04678850259781 0
3850 1.172977510294055 0.06040721496066226 0
3851 1.199671433505316 0.0418330942477585 0
3852 1.194852094613475 0.05975460219805484 0
3853 4.648888201951288 1.574606926966563 0
3854 4.345651863955521 1.600849447356779 0
3855 4.493560981068278 1.456690364462585 0
3856 0.4897281507583635 1.606854235312404 0
3857 0.4824981203528473 1.686731037365433 0
3858 0.4062094708823736 1.67418790043741 0
3859 0.4479688108203668 1.640521067874907 0
3860 0.1031656935821292 1.074255189916556 0
3861 0.08000254261424367 1.054240024297581 0
3862 0.1229447745987997 1.051859372123131 0
3863 0.1014736586065226 1.053049698210357 0
3864 1.025619579514526 0.1432237240403822 0
3865 1.005673135337821 0.1591963068262672 0
3866 1.008094459979052 0.1401180328611744 0
3867 0.04528695554912865 1.250019053064369 0
3868 0.02264347777456344 1.259281810647854 0
3869 0.8878010017622397 1.386548858721989 0
3870 0.9411906473922702 1.438141220370493 0
3871 0.8818140413438673 1.440371631071212 0
3872 1.703635193699059 0.2020636810439616 0
3873 1.378005954953537 0.05694082338655804 0
3874 1.409615745412289 0.08387011263759447 0
3875 1.371207251745842 0.08837005753915861 0
3876 16.66083006504114 2.134851025202343 0
3877 16.69267861151526 1.595734843842548 0
3878 0.1958377494196206 0.9992829687116291 0
3879 0.1771805084086662 1.020577856500005 0
3880 0.1764883941715105 1.002502212294949 0
3881 17.26318870523955 19.37084920027429 0
3882 16.57220457277494 19.37409083549115 0
3883 0.5599258284315862 1.597581486966968 0
3884 0.5201077320467533 1.559635115508357 0
3885 0.3813403470572965 1.106416834331441 0
3886 0.3886720629510911 1.140539440030459 0
3887 0.1161370419819043 1.12332516013927 0
3888 0.1177280671970173 1.091450514270086 0
3889 0.1292406289293275 1.107308209495748 0
3890 0.2350580456466851 0.9904173711370134 0
3891 0.2154685525976703 0.994944310384529 0
3892 0.07425180377548379 1.325793981800331 0
3893 0.1042818555085567 1.343564557753183 0
3894 0.07852610869489496 1.357068534031022 0
3895 0.06698580489868711 1.608656396993904 0
3896 0.03349290244934267 1.619573027503158 0
3897 2.120147465060721 0.3813846533752976 0
3898 2.158114269336567 0.4881797093135596 0
3899 2.05897734137711 0.5426413666412895 0
3900 2.089562403218915 0.4620130100082935 0
3901 7.760399497653412 5.717073676271243 0
3902 7.918402420920382 5.421025079474163 0
3903 2.153320458384892 1.123172563345587 0
3904 2.055093448925868 1.104177410940245 0
3905 2.117833186555956 1.05454096031805 0
3906 8.324180324226285 4.176928303277181 0
3907 8.108577567626938 3.846454091091651 0
3908 5.591847639764769 13.32015899640056 0
3909 4.571124177374566 13.43396837743558 0
3910 5.081485908569666 13.37706368691807 0
3911 3.744722319976078 5.122037218837432 0
3912 3.587486275418013 4.958576917714979 0
3913 1.35260646294206 0.02861399150336297 0
3914 1.320095701598218 0.02698089172272944 0
3915 9.039435188412671 12.67444928623485 0
3916 8.399041064660439 12.47159704496276 0
3917 8.52620189484006 11.84754197586841 0
3918 8.782818541626366 12.26099563105163 0
3919 15.06453782609251 10.63648984261715 0
3920 15.68485723730112 10.77633441258471 0
3921 0.915409651507451 1.178484860309943 0
3922 0.8867189022072264 1.230677028178199 0
3923 0.8704094671677325 1.182428971814018 0
3924 0.02948222077355211 1.455359376799748 0
3925 0.3946855440767987 2.766451644393566 0
3926 0.3866179095440341 2.686302655005077 0
3927 0.423383911521281 0.9219263188504527 0
3928 0.4111706957644863 0.9454516110489291 0
3929 0.4059597644338133 0.9308197840830328 0
3930 1.324853441418519 0.206656005634283 0
3931 1.285618376757757 0.2000075383340416 0
3932 1.312418065603241 0.1787237095317238 0
3933 5.738570116127892 0.7226219624923651 0
3934 5.583856500884948 1.101613435364634 0
3935 5.66121330850642 0.9121176989284994 0
3936 2.178481719893934 4.736845557642197 0
3937 2.133698886734731 4.980694495963363 0
3938 8.88484537021303 15.91334555530956 0
3939 8.821438036179682 16.54837295869527 0
3940 4.512034066304046 3.564369115327255 0
3941 4.239844515422039 3.550249654214268 0
3942 2.046334489259348 3.839217737457541 0
3943 1.925162777777699 3.691564951960588 0
3944 4.878016854901459 2.355051591950887 0
3945 4.601118977583742 2.369080962410889 0
3946 4.591225041672234 2.091225291736876 0
3947 4.868122918989951 2.077195921276874 0
3948 4.734620948286847 2.223138441843882 0
3949 1.334359703011865 0.3979288422725453 0
3950 1.32243458523163 0.4278008561068845 0
3951 4.502326637095017 0.2489690863351139 0
3952 4.568331422421279 0.1244845431675579 0
3953 0.1982128374403018 1.342690029014213 0
3954 0.2395296985468978 1.326249005292087 0
3955 0.2532706855796043 1.368277041076105 0
3956 0.2257417615099531 1.355483535045156 0
3957 2.525388124825271 0.1310792237273048 0
3958 2.555346597358354 0.06553961186365242 0
3959 10.3554289967112 8.905433318347793 0
3960 9.668229029137423 8.487547686938743 0
3961 10.11835523815686 8.405858034819856 0
3962 10.37036227747804 14.47685841035932 0
3963 11.40363104319724 14.48908411514255 0
3964 10.89745968270761 14.825106558169 0
3965 0.07994453895100051 1.803649259369335 0
3966 0.03997226947550025 1.810886609377917 0
3967 1.301931743499178 2.300597932444695 0
3968 1.248242283529406 2.390902555725584 0
3969 1.217835813596174 2.307995054499814 0
3970 1.407739748819314 0.3102745971432839 0
3971 1.444833339655812 0.3167727387655255 0
3972 18.38992820336471 16.46757545263058 0
3973 18.15524725973891 15.8215477660294 0
3974 18.78809355055659 15.97595879193139 0
3975 15.00299483559089 16.69305202264048 0
3976 14.24070891371835 16.7682163760812 0
3977 3.446072746071643 8.284383295556619 0
3978 3.878756113516426 8.571123168111857 0
3979 3.499371019016349 8.619666300856842 0
3980 5.717604633057716 7.59032418694493 0
3981 5.683382217375376 7.140680375671224 0
3982 6.130114484552683 7.129450963844586 0
3983 6.164336900235023 7.579094775118291 0
3984 5.9238595588052 7.359887575394758 0
3985 7.343248726917539 2.032022476336219 0
3986 7.644249661572979 2.182327195885135 0
3987 3.516727557932509 2.780589325961076 0
3988 3.333726318435771 2.779002871841687 0
3989 2.624838664536656 0.2797260576357434 0
3990 2.677497493824045 0.3562054819933991 0
3991 2.57045986506534 0.4219513195165678 0
3992 2.597649264800999 0.3508386885761556 0
3993 0.3931589717807427 1.748863219615913 0
3994 0.3290035740881301 1.727296579529028 0
3995 0.3676065224852518 1.700742239983219 0
3996 0.543264943902507 0.9656382051607864 0
3997 2.916647340424422 1.908101142742073 0
3998 2.812295767557505 1.789884992361666 0
3999 2.793710270553762 1.909193416175153 0
4000 0.9114036512016828 1.671461315229688 0
4001 0.8483379145069083 1.66247522288878 0
4002 0.7850220901884235 9.036604054529388 0
4003 1.164789672422337 9.140485095089101 0
4004 2.143682269117056 0.7786095064805654 0
4005 2.043532129278067 0.7630252066575522 0
4006 2.067991048136372 0.6444750507474559 0
4007 2.105836658626714 0.7115422786140098 0
4008 0.3134043427714666 0.96828189693559 0
4009 0.3323364827498292 0.9617349534163182 0
4010 1.643989061192086 1.455419887594921 0
4011 17.73076921462293 15.12372528481179 0
4012 17.51504550416188 15.71319134261281 0
4013 9.107385188939524 15.41743306301547 0
4014 2.247323715870946 0.8041363286446916 0
4015 2.372302124517509 0.7155124668212132 0
4016 2.309812920194227 0.7598243977329524 0
4017 2.520220052656807 1.664937977907663 0
4018 2.655789729278572 1.582481686410238 0
4019 2.726789522101855 1.697614164171439 0
4020 2.62350478737933 1.68127607103955 0
4021 6.08670226996964 13.21720075684213 0
4022 0.9744424672341161 0.2731350375590864 0
4023 0.9927940185228863 0.2409614041174244 0
4024 0.9837114998457999 0.2570725559155882 0
4025 5.355962775558226 7.349614411467673 0
4026 5.528397622528603 7.909172339590538 0
4027 5.166755765029112 7.668462564113282 0
4028 5.442180199043414 7.629393375529105 0
4029 1.426216497928314 0.538582345588285 0
4030 1.45240730803469 0.4942682015283992 0
4031 0.4104350909189325 8.555494657378505 0
4032 0.3925110450942135 8.856856934581582 0
4033 2.589578941329219 4.489882339953539 0
4034 2.941621334486001 4.374403675288347 0
4035 2.821938833718365 4.583317273490705 0
4036 0.06832892125638068 2.495314704971388 0
4037 0.07092044563618494 2.573461631954975 0
4038 1.118280088132526 0.3948737921131347 0
4039 1.133179762054452 0.3669404664206102 0
4040 0.9701773128474827 0.3045586496336377 0
4041 0.9826137950483833 0.3197569995989866 0
4042 0.9570604083097187 0.3427653756915703 0
4043 0.9637099207576298 0.3236935895803406 0
4044 1.620698667194024 0.1074949959185396 0
4045 1.575156393003617 0.1043837276566659 0
4046 0.5316116349165583 3.506620177129124 0
4047 0.4132362629669828 3.411141524031152 0
4048 0.5286658015839194 3.396547281532568 0
4049 1.043236790185082 0.1631074643511425 0
4050 1.04523359837976 0.1442456450596534 0
4051 8.201706995559396 13.10432287785666 0
4052 8.931078450930901 13.36504925185734 0
4053 8.484798552916963 13.56652475034071 0
4054 0.922846575955651 1.274142221119149 0
4055 0.8709037170233032 1.307725881447254 0
4056 0.8788113096152639 1.269201454812727 0
4057 13.77762053436906 8.709489180155513 0
4058 13.2768294674287 8.094426836329548 0
4059 13.83297503931538 7.385648864009906 0
4060 13.80529778684222 8.04756902208271 0
4061 4.431336625112355 7.682047578117488 0
4062 4.799046195070733 7.675255071115386 0
4063 0.94261673573798 0.3805693913002877 0
4064 0.9529158564758085 0.3982326432999059 0
4065 0.9263104739060122 0.4183348369508781 0
4066 0.9345519067964716 0.3994907382015249 0
4067 0.2528849334171301 8.248324964669001 0
4068 0.2443576764464535 8.008932671301627 0
4069 0.5644793788029165 3.811013481045419 0
4070 0.390739882322837 3.865225164196808 0
4071 0.3419686099850878 3.740782231482132 0
4072 0.5157081064651692 3.686570548330742 0
4073 0.4532239943940013 3.775897856263775 0
4074 9.432989335383629 5.10256348636948 0
4075 9.725357823144932 4.855077085701076 0
4076 2.191657155393417 1.680258605652803 0
4077 2.144371337944002 1.779752784682758 0
4078 0.1713570333304766 5.460671412077408 0
4079 0.3482662373526626 5.608930310484003 0
4080 0.176909204022186 5.838888542589034 0
4081 0.1741331186763322 5.649779977333221 0
4082 1.84999509508229 0.377310025644455 0
4083 10.07672467774945 1.297535544090982 0
4084 10.0949580275023 0.9687452879505081 0
4085 5.210143381835202 1.641495372509326 0
4086 5.034602319977594 1.794877237399565 0
4087 4.856918829702696 1.592929377508419 0
4088 5.033531105768949 1.617212375008872 0
4089 0.1462877020973448 1.685854676086448 0
4090 0.1727528852559423 1.628031683060531 0
4091 0.1911092906812772 1.722772457166165 0
4092 0.1819310879686089 1.675402070113348 0
4093 1.038969252883588 0.01851214291397518 0
4094 1.018170250104477 0.03814205079351041 0
4095 1.019388246682826 0.01907291768730168 0
4096 1.235735972262635 0.2928083227791873 0
4097 1.222029054591335 0.3247970135941074 0
4098 1.556063972622546 6.801579734640482 0
4099 1.535279613141411 7.071962346122557 0
4100 1.291376363899722 7.02613708558662 0
4101 1.31216072338086 6.755754474104545 0
4102 1.423720168261134 6.913858410113551 0
4103 0.03945130108277084 1.018802727019342 0
4104 0.01982139320323562 1.03960172979845 0
4105 0.0197275428319319 1.019704485140259 0
4106 5.92059593300633 0.3593513392391543 0
4107 6.009971429477095 0.1796756696195771 0
4108 0.6973596422484825 0.9336928920514325 0
4109 0.6696851944474886 0.9585239432743258 0
4110 0.6750573030695239 0.9090866282098773 0
4111 0.6723712487585054 0.9338052857421033 0
4112 0.4721488239440976 6.933237695226408 0
4113 0.2360744119720497 6.974350781047014 0
4114 0.1033151107427699 1.147667391979601 0
4115 0.1158473324358962 1.200566848070306 0
4116 0.1095812215893339 1.174117120024954 0
4117 8.770385175527073 4.953494074146635 0
4118 8.547282749876679 4.565211188711908 0
4119 9.502585323714696 9.167588839596558 0
4120 10.00445194159113 9.381664708259004 0
4121 0.9915630098693065 0.4910423597724023 0
4122 1.023553772025132 0.4720696317923156 0
4123 1.013208655787064 0.4953195259379299 0
4124 0.9351553863964561 0.437777973033036 0
4125 0.9084197614971679 0.4557682547206454 0
4126 0.9174518352243375 0.437093606853189 0
4127 0.4686267622928604 0.9194668821757741 0
4128 0.4537939665541728 0.9036419503545652 0
4129 0.4700117495594291 0.9006940732620645 0
4130 2.932371865111027 13.06733695430255 0
4131 3.555001890647002 13.51171556024852 0
4132 3.081361660923369 13.54484448344624 0
4133 0.9366332312750245 1.026843795650823 0
4134 0.9331536164642174 1.090060227288591 0
4135 0.9038277526016074 1.054590228459009 0
4136 1.951049095697707 0.5666994669006353 0
4137 1.865216293534164 0.5996293927673282 0
4138 1.898528492008442 0.5393287208073634 0
4139 1.799113815130681 0.7156902304994954 0
4140 1.807779919572543 0.8374570239680104 0
4141 1.758664029731342 0.7831446658372414 0
4142 1.257796000411663 0.227029039424778 0
4143 1.255353390402188 0.1996185465766498 0
4144 9.754592865003207 12.85275577687784 0
4145 9.646236127521437 13.54335574250034 0
4146 9.342835657967054 13.10890251436759 0
4147 1.055592849624329 0.453453223958121 0
4148 1.034491391595999 0.449417299271385 0
4149 0.1388500391755496 4.614016667934847 0
4150 10.43703375662711 12.95494694880892 0
4151 10.11783717563074 12.54357056749231 0
4152 2.022931449548493 1.197260612336231 0
4153 1.985368084826266 1.13031213022507 0
4154 18.63388261101902 19.341011783711 0
4155 19.34816832530473 18.62672606942528 0
4156 19.31694130550951 19.31336303471264 0
4157 0.4696773173888147 1.321253965052176 0
4158 0.4846059308066231 1.28990312494167 0
4159 3.879451622436086 1.351950572534051 0
4160 3.727583737817237 1.483500570899317 0
4161 3.589027519459925 1.348993694800178 0
4162 3.734239570948006 1.350472133667115 0
4163 0.1639036530366891 2.887079008525144 0
4164 0.08195182651834543 2.907832942677592 0
4165 2.886208444323031 0.4708387536447152 0
4166 2.839518683290002 0.3770553653917652 0
4167 3.011924641961396 0.4088571593480914 0
4168 2.925721662625699 0.3929562623699283 0
4169 0.9247915024591684 4.737654254917722 0
4170 0.8210082648257462 4.949305209467657 0
4171 0.7712272214278428 4.7908177287334 0
4172 0.8548018223489002 1.914533850820234 0
4173 0.7651526199359928 1.975022369690327 0
4174 0.7129137025393995 1.89960772740411 0
4175 0.7838577624441516 1.907070789112172 0
4176 0.1831208737411227 6.042854366763531 0
4177 5.454450655995305 1.486821707459796 0
4178 5.519153578440126 1.294217571412215 0
4179 3.778789346754895 2.46126730637928 0
4180 3.664221849514773 2.595205366189192 0
4181 3.63657879703563 2.469718751559905 0
4182 3.474293743187184 1.482162528263892 0
4183 3.305368246455962 1.375344117552626 0
4184 3.447197882957943 1.3621689061764 0
4185 3.993602099336522 1.225093572763502 0
4186 4.037727480835157 1.482298111663635 0
4187 4.01566479008584 1.353695842213568 0
4188 3.077177424736866 1.215746676157579 0
4189 2.974945835814513 1.046511043902619 0
4190 3.123005517057501 1.080301499369446 0
4191 3.21259824526608 0.4392760562326572 0
4192 3.068630658539416 0.5097223308343288 0
4193 3.112261443613738 0.4240666077903725 0
4194 2.144862232512414 1.552457132696148 0
4195 2.278863093781048 1.487201917174229 0
4196 2.32565801666205 1.615003390130884 0
4197 2.235260124587233 1.583730261413516 0
4198 2.727240975002013 1.03241677178333 0
4199 2.853992271686473 1.093025117690026 0
4200 2.783575210615473 1.183601598418807 0
4201 2.656823913931014 1.12299325251211 0
4202 2.755408092808743 1.108009185101068 0
4203 0.2521815362710189 3.982921126896844 0
4204 0.1260907681355086 4.017445005886461 0
4205 0.2030381165135111 3.473725037188965 0
4206 0.1015190582567556 3.512476909584523 0
4207 0.9158331848377639 0.4771139030151659 0
4208 0.889164688971178 0.4926515189127727 0
4209 0.8988772245930576 0.4742553199205819 0
4210 1.417082686930561 4.636791563388039 0
4211 1.206273717566898 4.576129851860729 0
4212 1.338529575998553 4.491654885897701 0
4213 0.6846828985412117 0.7528004031697826 0
4214 0.6799493537247194 0.7884039673703924 0
4215 0.6593908521150702 0.7829678017184669 0
4216 0.6721008958180015 0.7679561471164948 0
4217 0.5574349265826442 0.8510259563857883 0
4218 0.5426449324312852 0.8820620658335621 0
4219 0.540891627671142 0.8621396497749245 0
4220 0.9686417098308144 0.358934522270566 0
4221 0.9499283222948094 0.3617025110748582 0
4222 2.777262956299408 0.5041183898274504 0
4223 2.688611276563336 0.5629697283380519 0
4224 2.637263105159791 0.4974439148605221 0
4225 2.725914784895863 0.4385925763499188 0
4226 2.7072630307296 0.5007811523439862 0
4227 2.544128193257224 0.5681655925218614 0
4228 2.477324953162773 0.4926729971779071 0
4229 2.557294029161282 0.4950584560192155 0
4230 2.531743518285325 1.049012773009609 0
4231 2.584232406049734 1.208690447898608 0
4232 2.459152010404046 1.134709968396109 0
4233 2.55798796216753 1.12885161045411 0
4234 4.15052376185773 1.616511209626676 0
4235 4.362201643290534 1.835853324661784 0
4236 4.256362702574132 1.72618226714423 0
4237 1.540934813500943 0.2514303739938182 0
4238 1.07469024367748 5.096318263188817 0
4239 0.931819891356664 5.326245398459127 0
4240 0.8764140780912051 5.137775303963393 0
4241 0.06961166219427461 1.269285034543593 0
4242 0.09560519605656737 1.287121204386342 0
4243 0.0719317329848792 1.297539508171962 0
4244 0.4589771374528624 1.857150520367014 0
4245 0.5349708642663291 1.845315691923673 0
4246 0.5493260333943937 1.917103634250061 0
4247 0.4733323065809252 1.928938462693402 0
4248 0.504151585423628 1.887127077308538 0
4249 14.74773806331166 9.902372676502678 0
4250 14.29396119696177 9.228997094811417 0
4251 14.80150743332596 9.259242903662708 0
4252 2.384290504528395 0.5662610775914469 0
4253 2.320426841024177 0.4872842407415696 0
4254 2.398875897093474 0.4899786189597375 0
4255 2.344559991029418 1.164242590083219 0
4256 2.189021869689353 1.229356620838278 0
4257 2.248940224707154 1.143707576714403 0
4258 0.2452139639011914 1.763490511663225 0
4259 0.2871087689946599 1.745393545596126 0
4260 2.817124927426365 0.9555536317016404 0
4261 2.938078491554405 0.9090395579142339 0
4262 2.89603538162044 1.00103233780213 0
4263 1.323377777285188 1.424926309859844 0
4264 1.385722486714016 1.366268901712438 0
4265 1.429715337927011 1.434279297250384 0
4266 1.376546557606098 1.429602803555117 0
4267 1.086348834972384 0.4412498599277423 0
4268 1.102314461552456 0.4180618260204394 0
4269 2.239270555180371 0.4877319750275646 0
4270 0.9236791980630308 0.6619784822187107 0
4271 0.9183448701184904 0.627172605726372 0
4272 0.9385487173070857 0.6386815452648467 0
4273 1.422965517007912 0.1924850689534043 0
4274 1.403181315534894 0.2213181516541898 0
4275 1.366914267797428 0.2044709363268726 0
4276 1.39493989240267 0.1984780026401385 0
4277 1.960062802456967 0.6685331510068018 0
4278 2.00952007191704 0.6055872588240465 0
4279 1.38022739241465 1.293267473478476 0
4280 1.304318065178203 1.313153180305811 0
4281 1.292999080463691 1.22505290225514 0
4282 1.36890840770014 1.205167195427807 0
4283 1.33661323643917 1.259160187866808 0
4284 0.4629305655830649 2.110280893345315 0
4285 0.4184307485111383 2.172609639229245 0
4286 0.4013711630992383 2.111710658840225 0
4287 18.61037713780339 0.6329983108487625 0
4288 19.30518856890169 0.6736420125672389 0
4289 0.6584796844556351 18.65978701150697 0
4290 1.372765398741354 19.36962103805585 0
4291 0.6863826993706788 19.32989350575348 0
4292 1.315150949641271 8.057754438225411 0
4293 0.7040107427966902 4.235115737240726 0
4294 0.7076072880617552 4.078928639290606 0
4295 0.7790428948417834 4.161684024639518 0
4296 1.130247576186605 1.682563005054147 0
4297 1.04935173762737 1.681939088215902 0
4298 1.086970379382166 1.621004568081894 0
4299 0.464546151934071 1.764304260943671 0
4300 0.5397188984744261 1.702516675684954 0
4301 0.5217669300556498 1.780089899263192 0
4302 0.5021325252042477 1.733410468314313 0
4303 17.27983696620276 14.41000548053239 0
4304 18.07838067418377 13.92752868352002 0
4305 17.90457494440335 14.52562698416591 0
4306 0.9961666714724871 0.3366413939254791 0
4307 1.001199415511948 0.316357351478505 0
4308 0.8952273520970824 0.5155186581812288 0
4309 0.8686307488393492 0.5284270423749078 0
4310 0.8789808690374361 0.5105880157796072 0
4311 3.35300630742937 0.6476657840419477 0
4312 3.134292741919506 0.6237021596136216 0
4313 3.27433675835338 0.5417857940381801 0
4314 3.243649524674439 0.6356839718277847 0
4315 0.4739693985477462 1.381071960202375 0
4316 0.4185582306172506 1.390197128751016 0
4317 0.4441177740030327 1.355725546901596 0
4318 3.054601575567828 2.029915189128123 0
4319 3.064232464937849 1.886891790275845 0
4320 6.928390099951193 19.4903915549601 0
4321 7.207890196146991 18.9848804361333 0
4322 7.532516526644939 19.49244021806665 0
4323 0.4260680546168025 1.803006869991464 0
4324 1.285999457408161 1.138394286599382 0
4325 1.351129423610999 1.037120512322657 0
4326 1.360979455766003 1.118035187258753 0
4327 1.318564440509581 1.087757399461021 0
4328 15.97546963909098 2.537430057100958 0
4329 15.24687751516869 3.042404752415606 0
4330 15.34545158035305 2.499983331408632 0
4331 0.7050781704958222 0.7712589217315546 0
4332 0.6925281052538654 0.8094361338205971 0
4333 0.6988031378748438 0.7903475277760759 0
4334 14.96462263037224 4.463825100404037 0
4335 15.34926729438216 4.02348101721401 0
4336 15.76705301852553 4.36762587795593 0
4337 15.36583782444889 4.415725489179984 0
4338 1.002851880448468 1.117380283843143 0
4339 0.9851079154917013 1.205804916864496 0
4340 0.9591307659779584 1.147932572076543 0
4341 1.41315738496246 0.5879676225090513 0
4342 13.78877628440377 6.237911653189872 0
4343 13.81087566185958 6.811780258599889 0
4344 1.000426866538536 0.1978448922111262 0
4345 1.016643284660969 0.2245384533925332 0
4346 0.9967045829909207 0.2194238032287927 0
4347 5.043061223425221 9.063318563560182 0
4348 0.05179418471276875 2.087761678404108 0
4349 0.05437160088411019 2.150355764324758 0
4350 4.580192841147751 0.3905800869510259 0
4351 4.358472449716743 0.4977561133222217 0
4352 4.43039954340588 0.3733625998286687 0
4353 1.343143548035354 1.754663574441222 0
4354 1.379059224880406 1.702542601280744 0
4355 5.879838184070693 6.547940260566151 0
4356 6.196843111228792 6.751943178745414 0
4357 0.5593819189974898 1.073760453133517 0
4358 0.6049463924072782 1.055736587779489 0
4359 0.5913234952253319 1.085995788127239 0
4360 5.829583024567111 0.5409866508657579 0
4361 0.589856827723624 0.82957425886047 0
4362 0.5737009859389222 0.8403791777165139 0
4363 0.3065273197844824 10.51411921603378 0
4364 0.3195415213022539 10.16870924428715 0
4365 3.122873175690806 5.72686644835915 0
4366 2.939380088815443 5.868964342041542 0
4367 0.2665988083636179 1.041167285274227 0
4368 0.2932366858133513 1.05315282911916 0
4369 0.2730461025579594 1.059898883413489 0
4370 2.574189899546587 0.2044450577582175 0
4371 2.495707918973046 0.1997773532260041 0
4372 8.021047460359153 11.6061389610246 0
4373 7.714995472380414 12.18976460785577 0
4374 7.529882780454033 11.69447881651444 0
4375 1.461580355069163 0.1512516467391727 0
4376 1.463686513278638 0.1846974517256186 0
4377 0.9910431968137292 1.737891893907893 0
4378 0.9803776944145266 1.676700201722795 0
4379 15.61313691375685 17.46601644602973 0
4380 15.74352632240502 16.77087423854242 0
4381 3.586418066369557 0.3877952517946532 0
4382 3.5215498995866 0.2808498414325769 0
4383 3.638261912082537 0.2914454163387319 0
4384 2.49045229120769 2.975713453453244 0
4385 2.625436343089779 3.034759844093289 0
4386 5.844059467340213 5.824407452015564 0
4387 5.910795039433817 5.31013059220564 0
4388 6.09225804310103 5.603311067842204 0
4389 0.6224420457400548 0.8069145012459042 0
4390 0.6409775915993805 0.7950156540433611 0
4391 0.3272183598029237 2.851088498904582 0
4392 0.2455610064198073 2.869083753714863 0
4393 4.305253608658584 2.326812076283385 0
4394 4.430003889144523 2.48672223831025 0
4395 5.737592408235233 2.785054443162757 0
4396 5.354474992983764 2.889722020936349 0
4397 5.266952794997987 2.619960864109034 0
4398 5.650070210249455 2.515293286335441 0
4399 5.50227260161661 2.702507653635895 0
4400 0.2162920411867297 1.826967357085376 0
4401 0.1621873679668155 1.786249302588317 0
4402 0.2037006659340044 1.774869907125771 0
4403 1.407937801254729 2.306784995918877 0
4404 1.357515851853861 2.248137911876789 0
4405 5.479975392995069 6.832064359166091 0
4406 5.417969084276647 7.090839385316882 0
4407 1.182206817445287 2.512382869971534 0
4408 1.099473018810798 2.526125788556788 0
4409 14.07742593144963 4.690741440434818 0
4410 14.4483577178358 4.135340316962271 0
4411 14.52102428091094 4.577283270419429 0
4412 0.6311354865447889 1.928355670019307 0
4413 0.5999827727575067 1.833632325774047 0
4414 0.6564482376484513 1.866620026589079 0
4415 13.2668907368118 5.798191012692147 0
4416 12.80835343101086 5.845043123346036 0
4417 0.5909654363956314 2.276776658480395 0
4418 0.6227120018428245 2.342005908750444 0
4419 8.775786631310192 9.493099697200192 0
4420 8.32809836841666 10.33362468192807 0
4421 8.551942499863426 9.913362189564129 0
4422 0.08184414425303999 1.136204282909306 0
4423 0.06161868307352592 1.141649931440046 0
4424 5.981880987781071 8.208343016147438 0
4425 5.638451134631723 8.28137568028542 0
4426 2.409408868165732 2.865209443406715 0
4427 0.24381717632318 1.939736970155149 0
4428 0.25560388785415 1.998473667166449 0
4429 0.8468838231649638 0.563034697002406 0
4430 0.850410437185408 0.5878837355854749 0
4431 0.8237699173591899 0.5965267812391062 0
4432 0.8354059403554608 0.5798358479065424 0
4433 7.705086813401815 0.4222806818839366 0
4434 7.390850956099646 0.2042471928298291 0
4435 7.616587939613447 0.2111403409419683 0
4436 7.222738370808377 1.668018892535446 0
4437 7.452028493025519 1.217703917168365 0
4438 7.337383431916948 1.442861404851906 0
4439 1.392588089200066 4.849717659764178 0
4440 1.498828549581122 4.755777653197653 0
4441 4.423922043085232 18.91599792928693 0
4442 5.349182270531537 19.45912710877803 0
4443 4.711961021542626 19.45799896464347 0
4444 0.8734596836759945 0.5524273405095386 0
4445 0.8578384586961398 0.5457828317102695 0
4446 6.339346734925928 8.020457542692002 0
4447 1.795919082111812 2.689819897529642 0
4448 1.19615589093533 0.8770254270814402 0
4449 1.222740500697011 0.9043505273221903 0
4450 2.550755141613136 18.26163320181784 0
4451 1.963059200196721 18.79414721975999 0
4452 1.273221693038327 18.12302312006523 0
4453 1.911988417325732 18.19232816094154 0
4454 4.855573985906123 3.391993020145529 0
4455 5.014552652268238 3.761394059345054 0
4456 4.763293359286141 3.662881587336155 0
4457 0.8261345950750236 0.6213231994441735 0
4458 0.7995316403436803 0.6282360190062199 0
4459 0.8117276244238667 0.6124395706988714 0
4460 5.088810538903513 2.010266639417229 0
4461 4.813914700064034 1.861806519259209 0
4462 4.951362619483772 1.936036579338218 0
4463 6.212057405608296 17.85505883865394 0
4464 5.852350813453814 17.3632653847442 0
4465 6.332702297611641 17.43047022816486 0
4466 0.7289906578594021 0.7125025815007433 0
4467 0.6982129642772357 0.7388875814893368 0
4468 0.713668610661264 0.7257645571909421 0
4469 0.6215817470455889 1.010150139032461 0
4470 0.6132640697264335 1.032943363405975 0
4471 0.6088592726625244 0.8393217974785294 0
4472 0.6062076073080469 0.8183212256256169 0
4473 15.47776830516572 18.10789337725658 0
4474 1.387591502565211 0.02847041169327902 0
4475 5.165533281204291 4.082760088719573 0
4476 5.248847121014306 3.840407910873524 0
4477 0.2979515590333222 0.9915142883802783 0
4478 0.2747759383818682 0.9799882678190883 0
4479 0.2941181181438921 0.974227312056243 0
4480 3.042766049158525 4.192744498150448 0
4481 7.778426569308123 1.089756581452587 0
4482 8.139413967875097 0.9284502873888982 0
4483 8.350950084321557 1.241763882901461 0
4484 8.06468832681484 1.165760232177021 0
4485 0.5431208119113169 2.012599939434502 0
4486 0.5030685468315461 2.062110254745697 0
4487 0.4882004267062356 1.99552435871955 0
4488 0.114433328064294 1.743091578852212 0
4489 0.1043235866284249 1.646219815544221 0
4490 0.1093784573463594 1.694655697198215 0
4491 4.430102835479985 0.6545451177276309 0
4492 4.215350935090999 0.7546963664306503 0
4493 4.143720549327758 0.5979073620252429 0
4494 4.286911692403871 0.6262262398764378 0
4495 0.1302480933689019 2.410079759070492 0
4496 0.1980873173297546 2.400512156722773 0
4497 2.286836689138099 4.482009069761944 0
4498 2.288072906237248 4.140625706382414 0
4499 2.438825923783233 4.315254023167975 0
4500 5.471801053478485 2.167100483364631 0
4501 5.783844353228752 1.993360275802363 0
4502 5.716957281739104 2.254326781068903 0
4503 2.303836460113215 3.878759347163335 0
4504 2.167203697748297 3.989921721919978 0
4505 0.2872626865127064 1.345702659326342 0
4506 0.3138320622734962 1.385564954484375 0
4507 0.2835513739265512 1.376920997780239 0
4508 3.868483753825371 1.625607549736767 0
4509 4.00950375784155 1.621059379681721 0
4510 0.6429902771855645 0.9860245625981037 0
4511 0.6177482265925427 0.9855308013007171 0
4512 0.7146878617594066 5.531975482360494 0
4513 0.5314770495560346 5.570452896422248 0
4514 0.8052375321701639 0.6476777836541849 0
4515 0.7785673400668731 0.653712763467972 0
4516 0.7891239927664522 0.6410355339089158 0
4517 2.424814740424125 3.758445894644511 0
4518 3.13896311715648 1.384491106453316 0
4519 2.932698648124432 1.455878628668174 0
4520 2.870912955704817 1.287134198372438 0
4521 3.004938036430649 1.335812652412876 0
4522 1.218156038737774 1.237560180095279 0
4523 1.252077748072967 1.187977233347331 0
4524 4.063063034010785 13.47284196884205 0
4525 2.641325440859145 1.291169607163145 0
4526 2.477472854525063 1.275379159879105 0
4527 2.559399147692104 1.283274383521125 0
4528 1.093135418453397 0.9584578217777988 0
4529 1.0891888885009 0.9040233626360425 0
4530 1.137927311850653 0.8947927589485438 0
4531 1.115531365152025 0.9266252903631713 0
4532 7.296701871459288 0.9178933475064941 0
4533 7.623099947741892 0.7899460117907164 0
4534 7.537564220383705 1.00382496447954 0
4535 0.7016455673865281 0.7550732516104439 0
4536 2.235244453008438 1.364639596820993 0
4537 2.107285320137597 1.426624400057172 0
4538 2.061062736818512 1.291341424074457 0
4539 2.148153594913474 1.327990510447725 0
4540 1.388120973732049 0.2701436726929387 0
4541 1.367804443585447 0.2422592495855582 0
4542 1.395651144633471 0.2457309121735634 0
4543 0.4408527594369662 0.925993420198294 0
4544 0.4376990955421363 0.9498596179293131 0
4545 0.4531629289174965 0.9346632500525427 0
4546 8.981601093954096 9.00019259534495 0
4547 9.324915061545759 8.743870141141846 0
4548 10.16913569229115 11.04639663941752 0
4549 0.8699865435275917 2.193790066000422 0
4550 0.9257393447749926 2.082095923193121 0
4551 0.9592071528460799 2.164161725077637 0
4552 2.652244706024817 0.961322511520585 0
4553 2.555321735851404 0.9670225022076302 0
4554 4.605884072312626 1.843484068717355 0
4555 4.731401451007661 1.718206723112885 0
4556 0.6249302650617121 2.02385197520375 0
4557 0.5871281492280538 1.970477804726906 0
4558 2.182000864878131 0.8440766440821275 0
4559 13.90723773670178 9.781658744463339 0
4560 13.84242913553542 9.245573962309427 0
4561 0.1264479780151788 1.301747414251587 0
4562 0.1103999913958322 1.253759372514526 0
4563 0.1412427733544437 1.268385582379771 0
4564 0.1184239847055064 1.277753393383056 0
4565 0.7468648558815119 0.6817288741183418 0
4566 0.7379972325663591 0.6971825274024894 0
4567 1.136607490592098 4.807368050970917 0
4568 1.065532610013033 4.656892053389226 0
4569 12.18038064716093 7.277412745367885 0
4570 12.10496015465287 6.880277720546959 0
4571 3.293466027718832 1.592373008562827 0
4572 3.216214572437655 1.488432057508074 0
4573 0.594076911297531 1.666526720256162 0
4574 0.615441501317104 1.613563611407267 0
4575 0.1276985788535221 1.846806983105438 0
4576 0.121065953458908 1.794949280978827 0
4577 5.760396784553835 5.141226031059586 0
4578 10.46485011520018 13.65858259312862 0
4579 10.00829920249974 14.01010707642983 0
4580 1.880714615378395 0.6886966309734284 0
4581 1.832165054332423 0.6576598116334118 0
4582 0.3728732920104534 2.241734373489916 0
4583 0.307790013588976 2.246857693512093 0
4584 5.200307550022627 2.286970990582732 0
4585 5.072484824949722 2.48750622802996 0
4586 0.3083917588709362 1.028277525082054 0
4587 0.321259466583335 1.06788021021141 0
4588 0.3148256127271356 1.048078867646732 0
4589 11.19326746669076 13.68105821230724 0
4590 12.22118490982444 14.31863994146981 0
4591 11.7072261882576 13.99984907688853 0
4592 0.04904545350101053 2.029025629986188 0
4593 16.49963947077449 3.175369003437345 0
4594 16.58023476790781 2.655110014319844 0
4595 0.6850275285894405 0.8609661981736103 0
4596 0.7034205004914575 0.885463653585699 0
4597 0.6800424158294831 0.8850264131917438 0
4598 1.027505898617772 0.8172542919996584 0
4599 1.036305170399402 0.8669929923962272 0
4600 0.9941681224337344 0.8786394657288845 0
4601 1.010837010525753 0.8479468788642706 0
4602 8.600210463425048 9.090814789962462 0
4603 1.954183371100919 1.360821202986315 0
4604 1.988557410324706 1.279040907661273 0
4605 2.334708359833773 12.64939122571012 0
4606 2.78114616168839 12.61628880161146 0
4607 0.3526266199166468 1.452838238580517 0
4608 0.326578463439958 1.487189698294584 0
4609 1.28035161853149 0.2640280326377074 0
4610 1.246765986337149 0.2599186811019827 0
4611 0.7627881426465635 0.6677848392830157 0
4612 0.1355827216844876 1.220685315807202 0
4613 0.09066460214724081 1.23364090477763 0
4614 0.1131236619158642 1.227163110292416 0
4615 4.347542612650142 2.083594547681306 0
4616 4.023519360447981 2.279009509296498 0
4617 4.185530986549062 2.181302028488902 0
4618 9.635018047071547 1.567137460816301 0
4619 9.229720093635134 1.78545680102992 0
4620 8.975041078661743 1.395960520366884 0
4621 9.305029562866645 1.481548990591595 0
4622 16.71707269442743 14.26215424618266 0
4623 8.66299558149165 1.318862201634172 0
4624 0.9641072917500608 0.9451612047773068 0
4625 0.9827525320366597 1.011991577606109 0
4626 0.9503702615125427 0.9860025002140667 0
4627 1.219910883105321 1.333803615382291 0
4628 1.271644330195254 1.379364962621068 0
4629 1.977980609902669 1.489193507827366 0
4630 1.901584353832522 1.457576268885024 0
4631 2.979274932238632 0.6963909688923948 0
4632 2.913612848858543 0.582411140113102 0
4633 3.023952795389024 0.6030566498633618 0
4634 0.9153796707717028 6.395959798952441 0
4635 0.7559767655027532 6.199626217396689 0
4636 0.9805066076670244 6.016712470125057 0
4637 0.9479431392193653 6.206336134538748 0
4638 5.604611316519471 1.7357224671496 0
4639 5.823654507517301 1.775464167524554 0
4640 0.6705293805523382 0.9858900736280116 0
4641 3.689775069375392 17.37905833585622 0
4642 4.593314739223811 17.62122255358971 0
4643 4.036625970426767 17.91522761406033 0
4644 4.141544904299601 17.50014044472297 0
4645 2.791101392218184 0.2946682710352455 0
4646 2.758508088557024 0.3666304236925821 0
4647 14.7342164823129 3.524663342028736 0
4648 13.95339282175446 3.936816353269259 0
4649 14.34380465203368 3.730739847648997 0
4650 3.570540884461035 1.619493348165273 0
4651 3.719512319143203 1.622550448951021 0
4652 0.2273181285545753 1.286814441433428 0
4653 0.1836791629904546 1.301932047606098 0
4654 0.1741106867140516 1.260037505650523 0
4655 0.2007144076343135 1.273425973541976 0
4656 13.5710885529596 4.315802424849173 0
4657 13.6804667006916 5.211961636721094 0
4658 13.6257776268256 4.763882030785133 0
4659 5.62043936014531 6.167835482864081 0
4660 5.550207376570189 6.499949921015086 0
4661 2.737404541037757 0.2134975901081795 0
4662 2.655797220292173 0.2089713239331985 0
4663 0.4025470309299006 0.9722018366606662 0
4664 0.3831058169593327 0.9810970026049421 0
4665 4.162433010907609 8.16376406347206 0
4666 4.236960464255842 8.507037773406239 0
4667 2.728663185948489 1.394702207116778 0
4668 2.756119198281981 1.289151902767792 0
4669 4.476713342481384 1.96353930819933 0
4670 5.07957937811634 4.330852713011649 0
4671 7.872452605263863 0.6514786340867609 0
4672 8.156670668142391 0.6965331188083432 0
4673 3.877621568246355 0.5461645722281148 0
4674 4.010671058787056 0.5720359671266788 0
4675 1.005595259108947 0.9311117562083595 0
4676 0.9791377070918976 0.9119003352530974 0
4677 3.062394558823395 17.77095494544226 0
4678 3.748101562647907 18.39071874583745 0
4679 3.149428352130521 18.32617597382765 0
4680 2.362880835150435 1.304911781566215 0
4681 2.41101642277724 1.219810874981162 0
4682 5.582787425686342 3.084279112316538 0
4683 5.791350172864804 3.015742710324785 0
4684 0.2573910771680623 1.002993060530439 0
4685 0.2549413270916112 0.9852960764453496 0
4686 9.999358274920391 1.64340388873531 0
4687 9.081491595756622 2.081311969231294 0
4688 0.5204465196042012 1.074179337754998 0
4689 0.5399161461505582 1.049364112611698 0
4690 1.094053399341288 0.6976307209450319 0
4691 1.103910966454059 0.7441973317763306 0
4692 1.061144318218759 0.7570042411553253 0
4693 1.077598858780023 0.7273174810501786 0
4694 5.849000941911277 18.94951866373813 0
4695 6.138786185241365 19.47475933186907 0
4696 0.438631000055155 0.9128708521252573 0
4697 7.593432984901585 6.013096082629854 0
4698 0.3543849780378601 1.389880655672673 0
4699 0.3855924252669496 1.421517683665765 0
4700 0.4946402067428917 1.085185672765249 0
4701 0.7394330184662774 0.9345176663237407 0
4702 0.7597622787634144 0.9474584780331092 0
4703 0.8782561052640219 5.684110274542459 0
4704 0.9293813564655231 5.850411372333758 0
4705 1.888092277081345 0.7659760797929174 0
4706 1.941362457784273 0.8339330979043638 0
4707 1.874571188678408 0.8356950609361888 0
4708 1.040170741643053 0.2005671856521367 0
4709 1.062662207417448 0.2195643422977138 0
4710 1.039652746039209 0.2220513978451244 0
4711 0.6887778169216539 0.8352011659971037 0
4712 11.49330210392906 1.86912096365559 0
4713 1.070260255382699 0.8052865847830954 0
4714 1.044325108418265 0.7871292665774927 0
4715 3.189661457081851 2.176733912149404 0
4716 3.34688455187656 2.18469875426342 0
4717 6.874107841244131 0.7471111761661504 0
4718 6.563300275458793 0.8937649093328588 0
4719 6.665182631579893 0.686730605376237 0
4720 0.5597666725690544 8.388689348866421 0
4721 1.683009874141234 7.305395178182732 0
4722 1.057670398996454 0.03809521460340548 0
4723 1.06025600495299 0.01904760730170274 0
4724 1.014928866394389 0.9714455955518559 0
4725 1.049154976874533 1.005690413447443 0
4726 1.016978642516801 1.046236395501696 0
4727 1.015953754455595 1.008840995526777 0
4728 0.06512404668445093 2.421116381106607 0
4729 0.09466607549217443 1.111862051068975 0
4730 0.09899059311747216 1.129764721524289 0
4731 0.5134142474257111 1.410090410485525 0
4732 5.360304042359369 1.890396132199129 0
4733 5.407377349177336 1.688608919829463 0
4734 5.533297524382883 5.855914733590355 0
4735 1.127951185259256 0.637364443505664 0
4736 1.137786826468963 0.6831302560123191 0
4737 1.111002292300272 0.6674975822253479 0
4738 1.170182687257611 0.6212740775307815 0
4739 1.116585598363438 0.5942273482835834 0
4740 1.143384142810525 0.6077507129071833 0
4741 2.422939034659429 1.639970684019275 0
4742 0.3253264098848589 1.334498569571281 0
4743 0.2797847558655846 1.311561231658551 0
4744 0.3025555828752218 1.323029900614916 0
4745 0.8268491083156491 0.6505258516486414 0
4746 0.8133477855276787 0.6637757177978898 0
4747 0.9647120873595085 2.015958479571064 0
4748 0.9643734061673204 1.931123072413246 0
4749 1.043147427228252 1.924162209442876 0
4750 1.003929757293879 1.970060344506971 0
4751 7.958351233969905 12.64704374285622 0
4752 1.014908489472091 0.07101216781587993 0
4753 1.04812066548018 0.07275718077818283 0
4754 1.030570009750223 0.08050803180274535 0
4755 0.3101012236015208 11.25387695634873 0
4756 0.3286953498285232 11.66513181865762 0
4757 0.1666404048737107 1.543507346787287 0
4758 0.1362981660956297 1.496282684981672 0
4759 0.1708588873581149 1.499512374965077 0
4760 3.901154353601438 2.37013840783789 0
4761 2.8319085520524 1.615219728008807 0
4762 2.822102159804952 1.702552360185235 0
4763 18.21689978094949 17.48003973849757 0
4764 18.3034139921571 16.97380759556408 0
4765 2.75716418830135 6.919487156038509 0
4766 2.749387494282635 0.6969383800486533 0
4767 2.63333141001105 0.6442173320908697 0
4768 2.804667360834921 0.6156907762958355 0
4769 2.718999385422984 0.6299540541933535 0
4770 0.1656668641688892 5.281251477372609 0
4771 1.201012653201028 0.7556825491279398 0
4772 1.196465506468124 0.7138889874924352 0
4773 1.222027003076349 0.730389554681885 0
4774 13.73462149254768 5.724936644955484 0
4775 0.9724021197197033 0.2888748211635885 0
4776 0.25355144221008 1.29918783654599 0
4777 1.205413893821323 0.02091654712388014 0
4778 2.083840031213869 4.539041335417377 0
4779 0.3487324311864732 1.088028518542862 0
4780 0.3254961507052325 1.090246985238331 0
4781 3.724460241873809 7.92104470482745 0
4782 3.391174977942013 7.9802885926442 0
4783 1.10809249757585 0.5479213965058918 0
4784 1.091871924271642 0.5781506728518124 0
4785 8.203170880071083 11.14405172291998 0
4786 8.364686387455571 11.4957968493942 0
4787 3.365662698792308 0.3620518548810381 0
4788 3.427401211879608 0.4645615926865609 0
4789 3.319999728572844 0.4519188244596091 0
4790 0.3083142716930016 10.88399808619126 0
4791 1.084707109462745 1.071831898115212 0
4792 1.08851127207971 1.007556882607538 0
4793 1.115106519685016 1.041816017827752 0
4794 5.215321640822502 17.49823081369719 0
4795 5.444882835635079 17.06063992975942 0
4796 1.6645777335976 0.1116956423572368 0
4797 0.2827327420716816 1.015844219925981 0
4798 0.3031716589521292 1.009895906731165 0
4799 0.6112274747470536 0.8602822780947985 0
4800 6.465399715378625 1.082822261421668 0
4801 7.185160698110851 0.6252393092052895 0
4802 7.085404856351709 0.8325022618363214 0
4803 1.381216250935015 0.9821259917178917 0
4804 3.628695545802444 5.490623525534915 0
4805 3.375784360746625 5.608744986947032 0
4806 0.890887315234453 0.7105721962643443 0
4807 0.8713832884911508 0.736732218684951 0
4808 1.091772978776643 0.4669909137485249 0
4809 1.073682914200486 0.460222068853323 0
4810 3.411947731761141 0.2718126194539714 0
4811 0.9773464297127674 1.292450669097942 0
4812 1.021440763152565 1.260015131725687 0
4813 2.450252986133565 0.6592454842135496 0
4814 2.378296314522952 0.6408867722063292 0
4815 1.145053100114851 0.08157993330645041 0
4816 1.143241009008337 0.1035394447422178 0
4817 18.03992845911571 18.71186098398529 0
4818 17.94853565812928 19.35593049199264 0
4819 8.265634624243871 10.73883820242402 0
4820 14.09485439594285 10.37211480836772 0
4821 14.57969611101768 10.50430232549244 0
4822 0.6287831720278181 6.492357684153504 0
4823 0.9957140479886384 6.624388036712123 0
4824 0.7091175492447555 6.720785921913185 0
4825 0.8122486100082291 6.558372860432813 0
4826 0.592611922257678 6.30373213786125 0
4827 0.9050379983103412 5.505177836500793 0
4828 1.433821175964258 0.1056008324443525 0
4829 1.447700765516711 0.1284262395917626 0
4830 7.06419774969368 1.902497666535865 0
4831 1.023524890636176 0.3767537023549732 0
4832 1.008996843308056 0.3552440736270697 0
4833 1.031779118365456 0.3542086019543582 0
4834 3.702073451367554 2.759136555658966 0
4835 0.3398556939613613 1.362189612621979 0
4836 4.665374253389606 0.5519811473696699 0
4837 4.585745864317158 0.6952901104556641 0
4838 0.9814718816663834 0.3775372019721566 0
4839 0.9888192765694352 0.3570892979488178 0
4840 1.325743617206538 0.2444443188929668 0
4841 1.34366544091225 0.2914729733389532 0
4842 1.312008529721872 0.2777505029883294 0
4843 17.95799260376762 0.5920992611541731 0
4844 0.6366108465191616 18.02257252675199 0
4845 1.179060883979936 1.285993387696639 0
4846 1.363284215999514 0.3316038977892983 0
4847 1.375702594865782 0.3008737852411176 0
4848 1.521498167706255 12.67418044199383 0
4849 1.132437998368275 12.6435218573468 0
4850 3.702476452399985 0.6254915619332309 0
4851 3.645857465674118 0.4986282188654627 0
4852 3.761739516960237 0.5223963955467887 0
4853 1.076483462246308 0.1984848012091689 0
4854 1.061544340450961 0.1823958444940654 0
4855 1.080061926124699 0.1824328967221689 0
4856 0.9924513837457205 0.3980963496386316 0
4857 1.013663534116263 0.3989842396569028 0
4858 12.35706832705642 7.792285091964313 0
4859 12.81694889724256 7.943355964146932 0
4860 0.3157416244726416 3.550401008622141 0
4861 0.4264080603108393 3.593337823269009 0
4862 0.3288551172288638 3.645591620052136 0
4863 2.052958171526937 19.39707360987999 0
4864 4.077898433493083 7.801546141472469 0
4865 0.7220907254668614 0.9127253276175811 0
4866 0.7183963303573808 0.9341052791875857 0
4867 1.346328942501984 0.2244576276099188 0
4868 2.179674464300739 0.2434839055225169 0
4869 2.149910964680729 0.3124342794489063 0
4870 2.742128658449168 0.8844593714388971 0
4871 2.73468481672559 0.9584380716111127 0
4872 1.233639166438774 4.973017961476497 0
4873 18.75652816158 18.05819963377831 0
4874 19.37826408079 17.95767124546058 0
4875 2.541792198072308 0.6517314081522088 0
4876 1.184915398638418 0.6677464483305986 0
4877 1.20199308003831 0.6344697889739752 0
4878 1.71574851783509 6.63928828558694 0
4879 1.147470567726089 0.5074647433311519 0
4880 1.110732093871183 0.5099247359452281 0
4881 1.127781532650967 0.5276930699185236 0
4882 0.9822966150682149 1.364692596363065 0
4883 0.9919349504101191 1.431170820323208 0
4884 3.098059449293125 17.19666817974372 0
4885 3.432003456089934 1.605933178364049 0
4886 18.1458190495527 13.31633493540073 0
4887 0.9388435274236802 7.026340536437312 0
4888 0.7054961756838889 6.97978911583186 0
4889 5.334453352462784 18.31751505761729 0
4890 4.712446450864093 18.44050679750981 0
4891 4.963884045843297 17.9693688056035 0
4892 2.061421421207542 1.520825320261757 0
4893 4.230274006756 18.41561277167363 0
4894 1.967440464159917 0.7458125998262926 0
4895 1.924077539769156 0.7172546153998596 0
4896 2.845437902578976 0.5432647649702744 0
4897 0.03982047594495342 1.058822861356635 0
4898 0.01991023797247671 1.060832236133081 0
4899 9.095879286771915 5.34191489181558 0
4900 0.8540092556925316 0.6156848375549213 0
4901 0.854723768933157 0.6448874897593875 0
4902 0.8404291820040903 0.6331053446017805 0
4903 1.127318891269034 0.8404973410974197 0
4904 1.185547470353711 0.822730009230316 0
4905 1.161737391102182 0.8587613840894299 0
4906 0.1684506350440955 1.212337239077954 0
4907 0.1548467041992687 1.240361410728863 0
4908 1.021863191377172 0.1812788055092138 0
4909 1.041703765914068 0.1818373250016396 0
4910 1.034989781264109 1.816822543727255 0
4911 0.9284201955836107 1.870926973216013 0
4912 0.9597316961986699 1.804409433561954 0
4913 1.080513266937974 6.839873573123783 0
4914 1.1151099456617 7.026238811011966 0
4915 3.037474206425357 2.175657519018825 0
4916 2.207853760492474 0.1804290345299897 0
4917 1.147805786891892 0.061117617356091 0
4918 0.6414775693802497 3.962200658712073 0
4919 0.6848364249776786 3.851296079275794 0
4920 0.05971294142730166 1.036306036743866 0
4921 0.05991150927959943 1.056531442827108 0
4922 12.89320148662903 14.42007455861638 0
4923 0.1294871296300713 1.36075524013599 0
4924 0.1661869265865423 1.359696078042507 0
4925 0.1451106045106094 1.384484452268559 0
4926 0.5236598706908637 3.596595362729933 0
4927 0.3731262828216426 4.151172196904799 0
4928 0.5059711849169517 4.273869594381059 0
4929 0.3821601865894912 4.285335657659243 0
4930 0.8789168015008322 0.578688768743147 0
4931 0.8825156200079576 0.6064898707125934 0
4932 0.8664630285966801 0.5971868031490342 0
4933 0.8517822903480941 2.040867393639525 0
4934 0.7934782613365119 2.116093742716202 0
4935 0.7068485909244089 2.050248718767005 0
4936 0.7793154406362497 2.045558056203264 0
4937 18.1284141200326 18.09595036124143 0
4938 1.035005554589645 0.05029476286593138 0
4939 1.016635582387181 0.05458278325856014 0
4940 0.3736892325299124 1.081524096884634 0
4941 0.05929187253924439 1.017285823464292 0
4942 0.308137189740247 3.442433280610058 0
4943 4.741095693535499 0.4124539111097114 0
4944 13.56109274526841 3.947360967419481 0
4945 1.13633730748994 1.790719705958519 0
4946 1.089742367359097 1.857440957700698 0
4947 0.9277967613110985 1.346384148384271 0
4948 0.952571595511932 1.319417408741106 0
4949 5.209073733997446 3.035136009020166 0
4950 5.032323859951784 3.213564514582847 0
4951 1.398231464604521 2.467821881210059 0
4952 1.476602949690013 2.393603599133226 0
4953 1.440279915419669 0.08145124547603366 0
4954 4.081795052274535 1.010658788276789 0
4955 4.037698575805528 1.117876180520145 0
4956 1.454216287972228 1.351992205079927 0
4957 1.474185766175859 1.403914085287916 0
4958 13.72621697636993 10.22637260629295 0
4959 0.9238053385995659 0.5009225864690272 0
4960 0.9444810022887964 0.4599039400503955 0
4961 0.9524531560505984 0.483712623504255 0
4962 0.934143170444182 0.4804132632597096 0
4963 0.9076515745632889 0.5668091403400091 0
4964 0.9388351459101898 0.5533593378055226 0
4965 0.9141356018564188 0.5960267772056618 0
4966 0.9264853738833061 0.5746930575055913 0
4967 6.726604995056789 18.48706244477477 0
4968 7.263896394246952 18.54270064038925 0
4969 7.455734155879844 0.5607480595878922 0
4970 7.288005827105248 0.4147432510175584 0
4971 1.043779494955608 1.094606090979177 0
4972 1.052895532238317 0.05542619769079415 0
4973 2.824780727806697 0.220478282994625 0
4974 6.030529173759787 18.40228875119603 0
4975 0.5867788385468273 1.768406533113566 0
4976 0.5904278749221792 1.717466626684864 0
4977 5.395930579841894 3.059707560668352 0
4978 0.1516532521366951 1.318938096634394 0
4979 0.127967553822625 1.33125132719379 0
4980 1.332195998520403 2.589302195456007 0
4981 1.324071227272402 2.706011072165308 0
4982 0.9638953585551455 0.418791790966381 0
4983 0.954188180421971 0.4393478655083882 0
4984 1.359441199506263 1.855646403556396 0
4985 1.236445072818007 1.777003688831661 0
4986 1.297943136162134 1.816325046194027 0
4987 0.187889584591824 1.18812414344764 0
4988 0.1584764813144304 1.038367865375704 0
4989 0.140710627956615 1.045113618749419 0
4990 0.09891588453714917 1.093058620492766 0
4991 2.7939948585573 1.505956194437996 0
4992 2.69222645761353 1.488591946763508 0
4993 0.8907550329326099 1.974729950017467 0
4994 0.9095876142581094 1.92282846161674 0
4995 12.03401496866703 7.652259366017972 0
4996 2.846256295109395 0.780835077204209 0
4997 2.958676711896518 0.8027152634033143 0
4998 0.5116846288734607 4.033476234204763 0
4999 0.3819330825722407 4.008198680550803 0
5000 0.0996786791687434 1.554805421230339 0
5001 0.1370164608984812 1.592368839780658 0
5002 0.1020011328985841 1.600512618387281 0
5003 1.003144879733531 0.1785375427217843 0
5004 1.153937385684749 6.690071255408333 0
5005 1.382864780521265 1.962239663649862 0
5006 1.331174395236102 2.028352108907072 0
5007 5.280305796190998 2.08868356139093 0
5008 0.1771752132392805 1.040200066404207 0
5009 0.9021944567384512 0.5405477121063988 0
5010 0.8905556291196408 0.559618240424772 0
5011 0.4201230632360176 0.9610307272949896 0
5012 0.9307724432409348 0.5259516403941973 0
5013 0.9129998976690086 0.520735149287713 0
5014 0.5778143475549662 4.150204214783296 0
5015 0.6096459584676097 4.056202436747684 0
5016 1.417221840193438 1.322629839279202 0
5017 1.813774345593812 12.21090384980699 0
5018 1.692890129275336 11.79886881721071 0
5019 0.06797577884818473 1.241829978920999 0
5020 1.101252536323914 0.4884578248468756 0
5021 3.836538277462124 5.359928117715072 0
5022 0.9612074355011018 0.5096706276670968 0
5023 0.9720080829599524 0.4873774916383287 0
5024 0.1696966450648283 1.585769514923909 0
5025 0.7355386979556453 2.173958422486054 0
5026 0.6294386812305319 2.206332761919045 0
5027 0.6648316836956489 2.138598854176745 0
5028 0.6824886895930895 2.190145592202549 0
5029 0.09993849476811434 1.508649442315358 0
5030 1.348821959505688 0.3647663700309209 0
5031 0.5043021317495686 2.230816645774459 0
5032 0.438587711880011 2.236275509632187 0
5033 3.486840611184169 0.5753945597573704 0
5034 3.536629338776864 0.4815949057760118 0
5035 1.149336934298669 0.7292727951741558 0
5036 1.167126166468544 0.6985096217523772 0
5037 0.8874165975793744 0.671752085011633 0
5038 0.907283256648741 0.6862753392415275 0
5039 1.431524263968136 1.893797225728335 0
5040 0.8793523593927706 1.347137370084624 0
5041 7.664093380571854 0.6061133468373257 0
5042 0.5608748514065791 1.80686111251862 0
5043 0.1814714016763901 1.89345285742392 0
5044 0.1349249686826077 1.901320427129104 0
5045 1.404595425283668 1.153002976427302 0
5046 4.148572993682766 0.8826775773537197 0
5047 1.081048542937523 0.8547588417580627 0
5048 1.11653060371421 0.7910250841224524 0
5049 1.098789573325867 0.8228919629402576 0
5050 1.928103263770014 12.66178583385197 0
5051 0.5829133578329504 2.112202110613492 0
5052 0.6448809743786796 2.081225414690248 0
5053 1.183346324502306 1.729783346942904 0
5054 0.9726836201107645 0.3981644964692688 0
5055 3.547591437266512 0.6664866833932415 0
5056 3.450298872347941 0.6570762337175964 0
5057 0.6049909638568209 4.254492665810892 0
5058 3.632267827464059 0.7232385321239665 0
5059 16.30774081699954 4.133433156928449 0
5060 15.86192832723796 3.54122242760088 0
5061 16.40369014388701 3.654401080182897 0
5062 1.161956571558818 0.7761005475202758 0
5063 1.132933769006438 0.7601489396483032 0
5064 15.29807240477543 3.532942884814808 0
5065 0.8867248882700274 0.6376356992333054 0
5066 0.8710701832562648 0.658319787385512 0
5067 0.9500212907056458 0.5315149827363097 0
5068 1.290219141024904 2.490102375590796 0
5069 0.9082471888538031 2.028412936605294 0
5070 0.5475042911921371 0.8984888618090299 0
5071 2.393733524304032 14.57483937676458 0
5072 10.81515061165894 13.31800258055808 0
5073 0.1749330447884976 1.330814062824302 0
5074 2.320871964465741 1.396056849370222 0
5075 1.044445515962776 0.916257513274207 0
5076 1.053779123248217 0.9565913526177034 0
5077 1.029687191178583 0.9438515544130315 0
5078 2.745758076365901 0.7906988757437752 0
5079 16.17760949960722 4.59496940570539 0
5080 0.4034600620185778 2.910182926207237 0
5081 0.3990728030476891 2.838317285300402 0
5082 0.5427753765844692 2.16037274921311 0
5083 0.5668704064900503 2.218574703846752 0
5084 1.062747029450151 0.8855081775161349 0
5085 0.9004302450632231 0.6168312382194827 0
5086 0.2300546087549549 1.883352163620263 0
5087 0.7269076479392513 0.8878776976265055 0
5088 0.5229219617080076 2.111241501979404 0
5089 1.071145197663963 0.9820741176126209 0
5090 1.17493489486349 0.4972192989912259 0
5091 1.19328006177737 0.7892062791791279 0
5092 0.4493903981619916 2.98135035162132 0
5093 1.082022553099417 0.2140903511612073 0
5094 0.8027626207416194 2.183874244243238 0
5095 2.882303600088416 1.535549178338492 0
5096 0.2619949427658383 1.022080172902333 0
5097 1.992447293531169 0.798479152280958 0
$EndNodes
$Elements
1397
1 8 2 5 1 1 6 45
2 8 2 5 1 6 7 46
3 8 2 5 1 7 8 47
4 8 2 5 1 8 9 48
5 8 2 5 1 9 10 49
6 8 2 5 1 10 11 50
7 8 2 5 1 11 12 51
8 8 2 5 1 12 13 52
9 8 2 5 1 13 14 53
10 8 2 5 1 14 15 54
11 8 2 5 1 15 16 55
12 8 2 5 1 16 17 56
13 8 2 5 1 17 18 57
14 8 2 5 1 18 19 58
15 8 2 5 1 19 20 59
16 8 2 5 1 20 21 60
17 8 2 5 1 21 22 61
18 8 2 5 1 22 23 62
19 8 2 5 1 23 24 63
20 8 2 5 1 24 25 64
21 8 2 5 1 25 26 65
22 8 2 5 1 26 27 66
23 8 2 5 1 27 28 67
24 8 2 5 1 28 29 68
25 8 2 5 1 29 30 69
26 8 2 5 1 30 31 70
27 8 2 5 1 31 32 71
28 8 2 5 1 32 33 72
29 8 2 5 1 33 34 73
30 8 2 5 1 34 35 74
31 8 2 5 1 35 36 75
32 8 2 5 1 36 37 76
33 8 2 5 1 37 38 77
34 8 2 5 1 38 39 78
35 8 2 5 1 39 40 79
36 8 2 5 1 40 41 80
37 8 2 5 1 41 42 81
38 8 2 5 1 42 43 82
39 8 2 5 1 43 44 83
40 8 2 5 1 44 2 84
41 8 2 4 2 3 85 132
42 8 2 4 2 85 86 133
43 8 2 4 2 86 87 134
44 8 2 4 2 87 88 135
45 8 2 4 2 88 89 136
46 8 2 4 2 89 90 137
47 8 2 4 2 90 91 138
48 8 2 4 2 91 92 139
49 8 2 4 2 92 93 140
50 8 2 4 2 93 94 141
51 8 2 4 2 94 95 142
52 8 2 4 2 95 96 143
53 8 2 4 2 96 97 144
54 8 2 4 2 97 98 145
55 8 2 4 2 98 99 146
56 8 2 4 2 99 100 147
57 8 2 4 2 100 101 148
58 8 2 4 2 101 102 149
59 8 2 4 2 102 103 150
60 8 2 4 2 103 104 151
61 8 2 4 2 104 105 152
62 8 2 4 2 105 106 153
63 8 2 4 2 106 107 154
64 8 2 4 2 107 108 155
65 8 2 4 2 108 109 156
66 8 2 4 2 109 110 157
67 8 2 4 2 110 111 158
68 8 2 4 2 111 112 159
69 8 2 4 2 112 113 160
70 8 2 4 2 113 114 161
71 8 2 4 2 114 115 162
72 8 2 4 2 115 116 163
73 8 2 4 2 116 117 164
74 8 2 4 2 117 118 165
75 8 2 4 2 118 119 166
76 8 2 4 2 119 120 167
77 8 2 4 2 120 121 168
78 8 2 4 2 121 122 169
79 8 2 4 2 122 123 170
80 8 2 4 2 123 124 171
81 8 2 4 2 124 125 172
82 8 2 4 2 125 126 173
83 8 2 4 2 126 127 174
84 8 2 4 2 127 128 175
85 8 2 4 2 128 129 176
86 8 2 4 2 129 130 177
87 8 2 4 2 130 131 178
88 8 2 4 2 131 2 179
89 8 2 3 3 4 180 193
90 8 2 3 3 180 181 194
91 8 2 3 3 181 182 195
92 8 2 3 3 182 183 196
93 8 2 3 3 183 184 197
94 8 2 3 3 184 185 198
95 8 2 3 3 185 186 199
96 8 2 3 3 186 187 200
97 8 2 3 3 187 188 201
98 8 2 3 3 188 189 202
99 8 2 3 3 189 190 203
100 8 2 3 3 190 191 204
101 8 2 3 3 191 192 205
102 8 2 3 3 192 3 206
103 8 2 2 4 5 207 220
104 8 2 2 4 207 208 221
105 8 2 2 4 208 209 222
106 8 2 2 4 209 210 223
107 8 2 2 4 210 211 224
108 8 2 2 4 211 212 225
109 8 2 2 4 212 213 226
110 8 2 2 4 213 214 227
111 8 2 2 4 214 215 228
112 8 2 2 4 215 216 229
113 8 2 2 4 216 217 230
114 8 2 2 4 217 218 231
115 8 2 2 4 218 219 232
116 8 2 2 4 219 4 233
117 8 2 1 5 1 234 281
118 8 2 1 5 234 235 282
119 8 2 1 5 235 236 283
120 8 2 1 5 236 237 284
121 8 2 1 5 237 238 285
122 8 2 1 5 238 239 286
123 8 2 1 5 239 240 287
124 8 2 1 5 240 241 288
125 8 2 1 5 241 242 289
126 8 2 1 5 242 243 290
127 8 2 1 5 243 244 291
128 8 2 1 5 244 245 292
129 8 2 1 5 245 246 293
130 8 2 1 5 246 247 294
131 8 2 1 5 247 248 295
132 8 2 1 5 248 249 296
133 8 2 1 5 249 250 297
134 8 2 1 5 250 251 298
135 8 2 1 5 251 252 299
136 8 2 1 5 252 253 300
137 8 2 1 5 253 254 301
138 8 2 1 5 254 255 302
139 8 2 1 5 255 256 303
140 8 2 1 5 256 257 304
141 8 2 1 5 257 258 305
142 8 2 1 5 258 259 306
143 8 2 1 5 259 260 307
144 8 2 1 5 260 261 308
145 8 2 1 5 261 262 309
146 8 2 1 5 262 263 310
147 8 2 1 5 263 264 311
148 8 2 1 5 264 265 312
149 8 2 1 5 265 266 313
150 8 2 1 5 266 267 314
151 8 2 1 5 267 268 315
152 8 2 1 5 268 269 316
153 8 2 1 5 269 270 317
154 8 2 1 5 270 271 318
155 8 2 1 5 271 272 319
156 8 2 1 5 272 273 320
157 8 2 1 5 273 274 321
158 8 2 1 5 274 275 322
159 8 2 1 5 275 276 323
160 8 2 1 5 276 277 324
161 8 2 1 5 277 278 325
162 8 2 1 5 278 279 326
163 8 2 1 5 279 280 327
164 8 2 1 5 280 5 328
165 10 2 1 3 1135 509 1137 1088 1481 1482 1483 1484 1485
166 10 2 1 3 425 1067 797 1262 1486 1487 1488 1489 1490
167 10 2 1 3 1317 354 1012 879 1491 1492 1493 1494 1495
168 10 2 1 3 697 1218 864 1204 1496 1497 1498 1499 1500
169 10 2 1 3 796 1247 984 1191 1501 1502 1503 1504 1505
170 10 2 1 3 334 1057 934 933 1506 1507 1508 1509 1510
171 10 2 1 3 571 497 558 1013 1511 1512 1513 1514 1515
172 10 2 1 3 1309 1165 1340 423 1516 1517 1518 1519 1520
173 10 2 1 3 1116 1114 1229 673 1521 1522 1523 1524 1525
174 10 2 1 3 1040 1013 558 1336 1526 1513 1527 1528 1529
175 10 2 1 3 1344 393 1081 913 1530 1531 1532 1533 1534
176 10 2 1 3 893 714 585 909 1535 1536 1537 1538 1539
177 10 2 1 3 1112 350 1211 878 1540 1541 1542 1543 1544
178 10 2 1 3 774 896 1393 874 1545 1546 1547 1548 1549
179 10 2 1 3 914 754 1024 915 1550 1551 1552 1553 1554
180 10 2 1 3 951 952 1055 607 1555 1556 1557 1558 1559
181 10 2 1 3 643 699 1242 1357 1560 1561 1562 1563 1564
182 10 2 1 3 1107 1106 1104 1105 1565 1566 1567 1568 1569
183 10 2 1 3 542 911 823 1197 1570 1571 1572 1573 1574
184 10 2 1 3 1414 935 1246 829 1575 1576 1577 1578 1579
185 10 2 1 3 350 187 1418 1211 1580 1581 1582 1541 1583
186 10 2 1 3 966 965 964 963 1584 1585 1586 1587 1588
187 10 2 1 3 1353 983 1304 642 1589 1590 1591 1592 1593
188 10 2 1 3 871 1245 726 1050 1594 1595 1596 1597 1598
189 10 2 1 3 679 1283 792 1097 1599 1600 1601 1602 1603
190 10 2 1 3 1145 336 1343 1046 1604 1605 1606 1607 1608
191 10 2 1 3 898 1465 824 899 1609 1610 1611 1612 1613
192 10 2 1 3 1241 884 1300 546 1614 1615 1616 1617 1618
193 10 2 1 3 1089 1104 1106 1090 1619 1566 1620 1621 1622
194 10 2 1 3 939 469 1468 918 1623 1624 1625 1626 1627
195 10 2 1 3 1448 922 741 883 1628 1629 1630 1631 1632
196 10 2 1 3 1271 887 937 332 1633 1634 1635 1636 1637
197 10 2 1 3 1477 724 1117 1115 1638 1639 1640 1641 1642
198 10 2 1 3 1295 1197 960 961 1643 1644 1645 1646 1647
199 10 2 1 3 361 1251 1030 1223 1648 1649 1650 1651 1652
200 10 2 1 3 881 577 584 1419 1653 1654 1655 1656 1657
201 10 2 1 3 375 1120 1253 1121 1658 1659 1660 1661 1662
202 10 2 1 3 423 1340 1177 1365 1518 1663 1664 1665 1666
203 10 2 1 3 491 499 1303 917 1667 1668 1669 1670 1671
204 10 2 1 3 537 928 929 540 1672 1673 1674 1675 1676
205 10 2 1 3 587 1022 717 619 1677 1678 1679 1680 1681
206 10 2 1 3 275 276 394 1012 323 1682 1683 1684 1685
207 10 2 1 3 956 1152 785 1310 1686 1687 1688 1689 1690
208 10 2 1 3 866 1073 366 1051 1691 1692 1693 1694 1695
209 10 2 1 3 1203 356 1225 895 1696 1697 1698 1699 1700
210 10 2 1 3 666 557 496 964 1701 1702 1703 1704 1705
211 10 2 1 3 1234 1246 935 476 1706 1576 1707 1708 1709
212 10 2 1 3 944 943 735 873 1710 1711 1712 1713 1714
213 10 2 1 3 780 924 1422 1070 1715 1716 1717 1718 1719
214 10 2 1 3 918 790 1479 939 1720 1721 1722 1626 1723
215 10 2 1 3 1449 910 1333 1189 1724 1725 1726 1727 1728
216 10 2 1 3 739 1381 1067 1066 1729 1730 1731 1732 1733
217 10 2 1 3 763 958 783 926 1734 1735 1736 1737 1738
218 10 2 1 3 928 534 1440 930 1739 1740 1741 1742 1743
219 10 2 1 3 1104 1089 1154 349 1619 1744 1745 1746 1747
220 10 2 1 3 890 971 693 737 1748 1749 1750 1751 1752
221 10 2 1 3 996 1080 1166 997 1753 1754 1755 1756 1757
222 10 2 1 3 955 701 1332 1212 1758 1759 1760 1761 1762
223 10 2 1 3 1252 1304 983 982 1763 1590 1764 1765 1766
224 10 2 1 3 1147 1172 766 1219 1767 1768 1769 1770 1771
225 10 2 1 3 759 1059 1060 761 1772 1773 1774 1775 1776
226 10 2 1 3 1242 699 1043 1314 1561 1777 1778 1779 1780
227 10 2 1 3 934 932 931 933 1781 1782 1783 1508 1784
228 10 2 1 3 1007 1181 1317 879 1785 1786 1494 1787 1788
229 10 2 1 3 759 729 1367 1059 1789 1790 1791 1772 1792
230 10 2 1 3 618 688 739 1066 1793 1794 1732 1795 1796
231 10 2 1 3 1017 338 1129 1016 1797 1798 1799 1800 1801
232 10 2 1 3 885 1454 1300 884 1802 1803 1615 1804 1805
233 10 2 1 3 1127 387 1344 912 1806 1807 1808 1809 1810
234 10 2 1 3 462 935 1414 936 1811 1575 1812 1813 1814
235 10 2 1 3 903 678 793 1466 1815 1816 1817 1818 1819
236 10 2 1 3 941 377 1140 940 1820 1821 1822 1823 1824
237 10 2 1 3 1097 1011 1390 679 1825 1826 1827 1602 1828
238 10 2 1 3 1221 822 1380 959 1829 1830 1831 1832 1833
239 10 2 1 3 1158 1241 546 1239 1834 1617 1835 1836 1837
240 10 2 1 3 1056 769 1253 1120 1838 1839 1659 1840 1841
241 10 2 1 3 877 1381 739 1036 1842 1729 1843 1844 1845
242 10 2 1 3 1212 1077 584 778 1846 1847 1848 1849 1850
243 10 2 1 3 1315 894 892 1029 1851 1852 1853 1854 1855
244 10 2 1 3 531 536 1295 961 1856 1857 1646 1858 1859
245 10 2 1 3 730 671 709 1157 1860 1861 1862 1863 1864
246 10 2 1 3 796 1191 1286 1312 1504 1865 1866 1867 1868
247 10 2 1 3 1217 932 1382 788 1869 1870 1871 1872 1873
248 10 2 1 3 449 445 443 984 1874 1875 1876 1877 1878
249 10 2 1 3 1045 1043 1042 1044 1879 1880 1881 1882 1883
250 10 2 1 3 895 1225 1396 938 1698 1884 1885 1886 1887
251 10 2 1 3 1107 1108 1157 709 1888 1889 1862 1890 1891
252 10 2 1 3 1238 1416 388 1233 1892 1893 1894 1895 1896
253 10 2 1 3 938 937 1285 794 1897 1898 1899 1900 1901
254 10 2 1 3 763 926 1204 799 1737 1902 1903 1904 1905
255 10 2 1 3 1330 431 1412 916 1906 1907 1908 1909 1910
256 10 2 1 3 576 573 487 954 1911 1912 1913 1914 1915
257 10 2 1 3 1366 966 1453 437 1916 1917 1918 1919 1920
258 10 2 1 3 1208 753 1402 906 1921 1922 1923 1924 1925
259 10 2 1 3 776 1117 724 713 1926 1639 1927 1928 1929
260 10 2 1 3 940 1140 342 1318 1822 1930 1931 1932 1933
261 10 2 1 3 1188 329 1190 925 1934 1935 1936 1937 1938
262 10 2 1 3 1218 1148 1220 864 1939 1940 1941 1497 1942
263 10 2 1 3 1221 959 539 540 1832 1943 1944 1945 1946
264 10 2 1 3 680 1389 910 909 1947 1948 1949 1950 1951
265 10 2 1 3 995 990 989 1001 1952 1953 1954 1955 1956
266 10 2 1 3 491 917 487 485 1670 1957 1958 1959 1960
267 10 2 1 3 1002 1003 995 1001 1961 1962 1955 1963 1964
268 10 2 1 3 1019 717 1022 1021 1965 1678 1966 1967 1968
269 10 2 1 3 208 1094 1377 207 1969 1970 1971 221 1972
270 10 2 1 3 924 750 720 785 1973 1974 1975 1976 1977
271 10 2 1 3 443 980 1191 984 1978 1979 1503 1876 1980
272 10 2 1 3 1213 889 737 800 1981 1982 1983 1984 1985
273 10 2 1 3 936 465 463 462 1986 1987 1988 1813 1989
274 10 2 1 3 1359 1049 887 1271 1990 1991 1633 1992 1993
275 10 2 1 3 592 891 1467 624 1994 1995 1996 1997 1998
276 10 2 1 3 588 512 500 513 1999 2000 2001 2002 2003
277 10 2 1 3 537 533 534 928 2004 2005 1739 1672 2006
278 10 2 1 3 585 582 680 909 2007 2008 1950 1537 2009
279 10 2 1 3 584 577 575 576 1654 2010 2011 2012 2013
280 10 2 1 3 585 714 891 592 1536 2014 1994 2015 2016
281 10 2 1 3 955 954 487 917 2017 1913 1957 2018 2019
282 10 2 1 3 973 482 492 972 2020 2021 2022 2023 2024
283 10 2 1 3 1388 775 1371 1015 2025 2026 2027 2028 2029
284 10 2 1 3 380 1123 1383 1034 2030 2031 2032 2033 2034
285 10 2 1 3 1199 1096 1434 562 2035 2036 2037 2038 2039
286 10 2 1 3 627 1054 550 553 2040 2041 2042 2043 2044
287 10 2 1 3 663 1071 654 655 2045 2046 2047 2048 2049
288 10 2 1 3 896 774 773 722 1545 2050 2051 2052 2053
289 10 2 1 3 750 702 588 720 2054 2055 2056 1974 2057
290 10 2 1 3 414 1024 754 415 2058 1551 2059 2060 2061
291 10 2 1 3 722 668 752 896 2062 2063 2064 2052 2065
292 10 2 1 3 641 1042 1043 699 2066 1880 1777 2067 2068
293 10 2 1 3 903 677 676 678 2069 2070 2071 1815 2072
294 10 2 1 3 1268 1419 584 1077 2073 1655 1847 2074 2075
295 10 2 1 3 922 736 669 741 2076 2077 2078 1629 2079
296 10 2 1 3 425 424 482 973 2080 2081 2020 2082 2083
297 10 2 1 3 1093 1084 1083 1095 2084 2085 2086 2087 2088
298 10 2 1 3 1324 1163 711 1195 2089 2090 2091 2092 2093
299 10 2 1 3 911 824 768 823 2094 2095 2096 1571 2097
300 10 2 1 3 693 703 800 737 2098 2099 1983 1750 2100
301 10 2 1 3 904 547 590 633 2101 2102 2103 2104 2105
302 10 2 1 3 960 719 718 636 2106 2107 2108 2109 2110
303 10 2 1 3 902 828 716 901 2111 2112 2113 2114 2115
304 10 2 1 3 421 1124 411 413 2116 2117 2118 2119 2120
305 10 2 1 3 475 472 473 474 2121 2122 2123 2124 2125
306 10 2 1 3 677 675 665 676 2126 2127 2128 2070 2129
307 10 2 1 3 717 1019 1017 1222 1965 2130 2131 2132 2133
308 10 2 1 3 663 674 1072 1071 2134 2135 2136 2045 2137
309 10 2 1 3 1094 208 209 1091 1969 222 2138 2139 2140
310 10 2 1 3 775 774 874 857 2141 1548 2142 2143 2144
311 10 2 1 3 544 543 569 568 2145 2146 2147 2148 2149
312 10 2 1 3 529 528 526 527 2150 2151 2152 2153 2154
313 10 2 1 3 622 621 703 693 2155 2156 2098 2157 2158
314 10 2 1 3 917 1303 701 955 1669 2159 1758 2018 2160
315 10 2 1 3 1350 475 474 875 2161 2124 2162 2163 2164
316 10 2 1 3 531 961 634 530 1858 2165 2166 2167 2168
317 10 2 1 3 340 988 1386 1101 2169 2170 2171 2172 2173
318 10 2 1 3 531 530 528 529 2167 2174 2150 2175 2176
319 10 2 1 3 979 873 735 872 2177 1712 2178 2179 2180
320 10 2 1 3 468 470 1468 467 2181 2182 2183 2184 2185
321 10 2 1 3 462 460 476 935 2186 2187 1707 1811 2188
322 10 2 1 3 655 654 652 653 2047 2189 2190 2191 2192
323 10 2 1 3 460 462 463 461 2186 1988 2193 2194 2195
324 10 2 1 3 922 853 852 736 2196 2197 2198 2076 2199
325 10 2 1 3 537 536 531 533 2200 1856 2201 2004 2202
326 10 2 1 3 719 960 1197 823 2106 1644 1572 2203 2204
327 10 2 1 3 1190 1029 892 925 2205 1853 2206 1936 2207
328 10 2 1 3 664 663 655 662 2208 2048 2209 2210 2211
329 10 2 1 3 538 537 540 539 2212 1675 1944 2213 2214
330 10 2 1 3 980 443 442 441 1978 2215 2216 2217 2218
331 10 2 1 3 569 543 539 959 2146 2219 1943 2220 2221
332 10 2 1 3 1026 795 865 1426 2222 2223 2224 2225 2226
333 10 2 1 3 649 648 646 647 2227 2228 2229 2230 2231
334 10 2 1 3 964 488 430 963 2232 2233 2234 1586 2235
335 10 2 1 3 521 525 526 523 2236 2237 2238 2239 2240
336 10 2 1 3 457 458 459 456 2241 2242 2243 2244 2245
337 10 2 1 3 1437 883 804 1290 2246 2247 2248 2249 2250
338 10 2 1 3 924 780 751 750 1715 2251 2252 1973 2253
339 10 2 1 3 647 646 644 645 2229 2254 2255 2256 2257
340 10 2 1 3 1026 1247 796 795 2258 1501 2259 2222 2260
341 10 2 1 3 1099 900 1379 348 2261 2262 2263 2264 2265
342 10 2 1 3 1040 995 1003 1013 2266 1962 2267 1526 2268
343 10 2 1 3 558 1216 1000 1336 2269 2270 2271 1527 2272
344 10 2 1 3 543 541 538 539 2273 2274 2213 2219 2275
345 10 2 1 3 1208 649 706 753 2276 2277 2278 1921 2279
346 10 2 1 3 1316 1206 1426 865 2280 2281 2224 2282 2283
347 10 2 1 3 641 640 627 628 2284 2285 2286 2287 2288
348 10 2 1 3 849 747 851 850 2289 2290 2291 2292 2293
349 10 2 1 3 668 624 1467 752 2294 1996 2295 2063 2296
350 10 2 1 3 452 451 448 450 2297 2298 2299 2300 2301
351 10 2 1 3 891 714 893 892 2014 1535 2302 2303 2304
352 10 2 1 3 533 531 529 532 2201 2175 2305 2306 2307
353 10 2 1 3 859 860 1096 819 2308 2309 2310 2311 2312
354 10 2 1 3 1285 1384 708 794 2313 2314 2315 1899 2316
355 10 2 1 3 1061 1063 1194 1141 2317 2318 2319 2320 2321
356 10 2 1 3 836 834 1335 1436 2322 2323 2324 2325 2326
357 10 2 1 3 547 904 588 513 2101 2327 2002 2328 2329
358 10 2 1 3 526 525 882 527 2237 2330 2331 2152 2332
359 10 2 1 3 628 627 553 563 2286 2043 2333 2334 2335
360 10 2 1 3 445 446 442 443 2336 2337 2215 1875 2338
361 10 2 1 3 343 949 1430 1144 2339 2340 2341 2342 2343
362 10 2 1 3 860 921 1434 1096 2344 2345 2036 2309 2346
363 10 2 1 3 693 971 747 694 1749 2347 2348 2349 2350
364 10 2 1 3 770 905 802 743 2351 2352 2353 2354 2355
365 10 2 1 3 440 441 442 1161 2356 2216 2357 2358 2359
366 10 2 1 3 705 1005 999 1000 2360 2361 2362 2363 2364
367 10 2 1 3 883 741 742 804 1630 2365 2366 2247 2367
368 10 2 1 3 859 819 814 818 2311 2368 2369 2370 2371
369 10 2 1 3 908 931 662 731 2372 2373 2374 2375 2376
370 10 2 1 3 860 919 1171 920 2377 2378 2379 2380 2381
371 10 2 1 3 946 560 681 943 2382 2383 2384 2385 2386
372 10 2 1 3 866 1374 391 1073 2387 2388 2389 1691 2390
373 10 2 1 3 767 719 823 768 2391 2203 2096 2392 2393
374 10 2 1 3 943 681 734 735 2384 2394 2395 1711 2396
375 10 2 1 3 763 799 855 764 1904 2397 2398 2399 2400
376 10 2 1 3 1013 1003 1282 571 2267 2401 2402 1514 2403
377 10 2 1 3 791 1308 1162 1175 2404 2405 2406 2407 2408
378 10 2 1 3 962 890 737 889 2409 1751 1982 2410 2411
379 10 2 1 3 689 688 618 619 2412 1793 2413 2414 2415
380 10 2 1 3 964 965 1074 666 1585 2416 2417 1704 2418
381 10 2 1 3 466 465 468 467 2419 2420 2184 2421 2422
382 10 2 1 3 576 575 574 573 2011 2423 2424 1911 2425
383 10 2 1 3 465 936 1243 468 1986 2426 2427 2420 2428
384 10 2 1 3 881 579 578 577 2429 2430 2431 1653 2432
385 10 2 1 3 1189 1188 925 1449 2433 1937 2434 1727 2435
386 10 2 1 3 636 634 961 960 2436 2165 1645 2109 2437
387 10 2 1 3 557 626 704 625 2438 2439 2440 2441 2442
388 10 2 1 3 1231 390 1377 1094 2443 2444 1970 2445 2446
389 10 2 1 3 952 1291 711 1055 2447 2448 2449 1556 2450
390 10 2 1 3 554 532 529 1185 2451 2305 2452 2453 2454
391 10 2 1 3 428 430 488 429 2455 2233 2456 2457 2458
392 10 2 1 3 903 716 715 677 2459 2460 2461 2069 2462
393 10 2 1 3 1038 511 519 1037 2463 2464 2465 2466 2467
394 10 2 1 3 582 579 881 680 2468 2429 2469 2008 2470
395 10 2 1 3 1281 825 1465 900 2471 2472 2473 2474 2475
396 10 2 1 3 909 910 1449 893 1949 1724 2476 1538 2477
397 10 2 1 3 633 852 1392 904 2478 2479 2480 2104 2481
398 10 2 1 3 619 618 507 587 2413 2482 2483 1680 2484
399 10 2 1 3 431 432 963 430 2485 2486 2234 2487 2488
400 10 2 1 3 1146 1219 1342 379 2489 2490 2491 2492 2493
401 10 2 1 3 1056 1120 1119 1053 1840 2494 2495 2496 2497
402 10 2 1 3 944 873 979 945 1713 2177 2498 2499 2500
403 10 2 1 3 496 557 625 497 1702 2441 2501 2502 2503
404 10 2 1 3 516 991 1181 1007 2504 2505 1785 2506 2507
405 10 2 1 3 459 458 476 460 2242 2508 2187 2509 2510
406 10 2 1 3 989 710 1002 1001 2511 2512 1963 1954 2513
407 10 2 1 3 1350 876 1370 1261 2514 2515 2516 2517 2518
408 10 2 1 3 421 413 414 415 2119 2519 2060 2520 2521
409 10 2 1 3 1209 820 1470 1329 2522 2523 2524 2525 2526
410 10 2 1 3 415 422 427 421 2527 2528 2529 2520 2530
411 10 2 1 3 455 454 457 456 2531 2532 2244 2533 2534
412 10 2 1 3 704 626 958 763 2439 2535 1734 2536 2537
413 10 2 1 3 454 452 450 453 2538 2300 2539 2540 2541
414 10 2 1 3 1250 364 1180 1118 2542 2543 2544 2545 2546
415 10 2 1 3 618 1066 973 972 1795 2547 2023 2548 2549
416 10 2 1 3 954 778 584 576 2550 1848 2012 1914 2551
417 10 2 1 3 842 844 885 884 2552 2553 1804 2554 2555
418 10 2 1 3 783 958 666 1074 1735 2556 2417 2557 2558
419 10 2 1 3 1192 927 1322 353 2559 2560 2561 2562 2563
420 10 2 1 3 383 1220 1148 1210 2564 1940 2565 2566 2567
421 10 2 1 3 958 626 557 666 2535 2438 1701 2556 2568
422 10 2 1 3 276 277 365 394 324 2569 2570 1682 2571
423 10 2 1 3 1048 1047 849 1478 2572 2573 2574 2575 2576
424 10 2 1 3 932 1217 665 664 1869 2577 2578 2579 2580
425 10 2 1 3 472 470 468 471 2581 2181 2582 2583 2584
426 10 2 1 3 447 445 449 448 2585 1874 2586 2587 2588
427 10 2 1 3 1137 1375 1095 1088 2589 2590 2591 1483 2592
428 10 2 1 3 1037 519 549 550 2465 2593 2594 2595 2596
429 10 2 1 3 491 485 484 490 1959 2597 2598 2599 2600
430 10 2 1 3 932 664 662 931 2579 2210 2373 1782 2601
431 10 2 1 3 1082 1154 1089 1085 2602 1744 2603 2604 2605
432 10 2 1 3 993 992 1040 994 2606 2607 2608 2609 2610
433 10 2 1 3 516 1007 398 400 2506 2611 2612 2613 2614
434 10 2 1 3 662 655 653 731 2209 2191 2615 2374 2616
435 10 2 1 3 641 628 639 1042 2287 2617 2618 2066 2619
436 10 2 1 3 648 649 1208 650 2227 2276 2620 2621 2622
437 10 2 1 3 396 398 1007 879 2623 2611 1787 2624 2625
438 10 2 1 3 448 449 1026 450 2586 2626 2627 2299 2628
439 10 2 1 3 669 736 852 633 2077 2198 2478 2629 2630
440 10 2 1 3 708 678 676 707 2631 2071 2632 2633 2634
441 10 2 1 3 1047 358 1202 1025 2635 2636 2637 2638 2639
442 10 2 1 3 1004 408 410 411 2640 2641 2642 2643 2644
443 10 2 1 3 1040 992 990 995 2607 2645 1952 2266 2646
444 10 2 1 3 474 477 479 478 2647 2648 2649 2650 2651
445 10 2 1 3 992 991 516 990 2652 2504 2653 2645 2654
446 10 2 1 3 872 735 734 870 2178 2395 2655 2656 2657
447 10 2 1 3 408 1004 710 406 2640 2658 2659 2660 2661
448 10 2 1 3 478 479 483 481 2649 2662 2663 2664 2665
449 10 2 1 3 1038 1037 1447 1039 2466 2666 2667 2668 2669
450 10 2 1 3 642 641 699 643 2670 2067 1560 2671 2672
451 10 2 1 3 362 1082 1085 1083 2673 2604 2674 2675 2676
452 10 2 1 3 990 516 402 989 2653 2677 2678 1953 2679
453 10 2 1 3 1072 969 654 1071 2680 2681 2046 2136 2682
454 10 2 1 3 437 436 439 438 2683 2684 2685 2686 2687
455 10 2 1 3 794 708 707 787 2315 2633 2688 2689 2690
456 10 2 1 3 938 794 787 895 1900 2689 2691 1886 2692
457 10 2 1 3 766 1170 1342 1219 2693 2694 2490 1769 2695
458 10 2 1 3 710 989 402 404 2511 2678 2696 2697 2698
459 10 2 1 3 914 916 1412 754 2699 1908 2700 1550 2701
460 10 2 1 3 510 1134 1087 1133 2702 2703 2704 2705 2706
461 10 2 1 3 1254 347 1152 956 2707 2708 1686 2709 2710
462 10 2 1 3 441 444 981 980 2711 2712 2713 2217 2714
463 10 2 1 3 1157 1108 1473 1319 1889 2715 2716 2717 2718
464 10 2 1 3 513 517 589 547 2719 2720 2721 2328 2722
465 10 2 1 3 948 765 861 862 2723 2724 2725 2726 2727
466 10 2 1 3 1088 1087 1134 1135 2728 2703 2729 1484 2730
467 10 2 1 3 425 973 1066 1067 2082 2547 1731 1486 2731
468 10 2 1 3 1454 1293 1224 1023 2732 2733 2734 2735 2736
469 10 2 1 3 439 436 435 1038 2684 2737 2738 2739 2740
470 10 2 1 3 767 988 1253 769 2741 2742 1839 2743 2744
471 10 2 1 3 345 919 1394 1130 2745 2746 2747 2748 2749
472 10 2 1 3 436 434 433 435 2750 2751 2752 2737 2753
473 10 2 1 3 569 1274 621 568 2754 2755 2756 2147 2757
474 10 2 1 3 394 396 879 1012 2758 2624 1493 1683 2759
475 10 2 1 3 547 589 692 590 2721 2760 2761 2102 2762
476 10 2 1 3 1069 781 751 780 2763 2764 2251 2765 2766
477 10 2 1 3 1445 1018 1020 1411 2767 2768 2769 2770 2771
478 10 2 1 3 362 210 211 1082 2772 224 2773 2673 2774
479 10 2 1 3 550 551 562 553 2775 2776 2777 2042 2778
480 10 2 1 3 455 975 978 1173 2779 2780 2781 2782 2783
481 10 2 1 3 469 939 525 521 1623 2784 2236 2785 2786
482 10 2 1 3 454 1206 1028 457 2787 2788 2789 2532 2790
483 10 2 1 3 820 1209 480 1131 2522 2791 2792 2793 2794
484 10 2 1 3 1229 1114 1113 1112 1522 2795 2796 2797 2798
485 10 2 1 3 413 411 410 412 2118 2642 2799 2800 2801
486 10 2 1 3 441 440 1201 444 2356 2802 2803 2711 2804
487 10 2 1 3 974 1178 1257 976 2805 2806 2807 2808 2809
488 10 2 1 3 1073 87 88 366 2810 135 2811 1692 2812
489 10 2 1 3 1228 985 1235 351 2813 2814 2815 2816 2817
490 10 2 1 3 210 362 1091 209 2772 2818 2138 223 2819
491 10 2 1 3 1012 354 274 275 1492 2820 322 1684 2821
492 10 2 1 3 969 1072 1429 1289 2680 2822 2823 2824 2825
493 10 2 1 3 813 738 815 814 2826 2827 2828 2829 2830
494 10 2 1 3 1154 212 213 349 2831 226 2832 1745 2833
495 10 2 1 3 948 1165 1183 1164 2834 2835 2836 2837 2838
496 10 2 1 3 87 1073 391 86 2810 2389 2839 134 2840
497 10 2 1 3 1009 606 600 598 2841 2842 2843 2844 2845
498 10 2 1 3 1250 1118 1115 1117 2545 2846 1640 2847 2848
499 10 2 1 3 187 350 1111 186 1580 2849 2850 200 2851
500 10 2 1 3 954 955 1212 778 2017 1761 1849 2550 2852
501 10 2 1 3 1434 921 1387 639 2345 2853 2854 2855 2856
502 10 2 1 3 964 496 489 488 1703 2857 2858 2232 2859
503 10 2 1 3 1098 1097 792 888 2860 1601 2861 2862 2863
504 10 2 1 3 966 963 432 1453 1587 2486 2864 1917 2865
505 10 2 1 3 1085 1086 1095 1083 2866 2867 2086 2674 2868
506 10 2 1 3 1477 1115 1114 1116 1641 2869 1521 2870 2871
507 10 2 1 3 484 1215 559 490 2872 2873 2874 2598 2875
508 10 2 1 3 364 1250 1041 1193 2542 2876 2877 2878 2879
509 10 2 1 3 366 88 89 1032 2811 136 2880 2881 2882
510 10 2 1 3 1093 1092 1091 1084 2883 2884 2885 2084 2886
511 10 2 1 3 503 505 566 1164 2887 2888 2889 2890 2891
512 10 2 1 3 945 1075 1406 944 2892 2893 2894 2499 2895
513 10 2 1 3 653 1208 906 731 2896 1924 2897 2615 2898
514 10 2 1 3 814 815 1016 818 2828 2899 2900 2369 2901
515 10 2 1 3 985 986 1075 945 2902 2903 2892 2904 2905
516 10 2 1 3 689 738 739 688 2906 2907 1794 2412 2908
517 10 2 1 3 664 665 674 663 2578 2909 2134 2208 2910
518 10 2 1 3 456 974 975 455 2911 2912 2779 2533 2913
519 10 2 1 3 739 738 813 1036 2907 2826 2914 1843 2915
520 10 2 1 3 967 1443 1074 965 2916 2917 2416 2918 2919
521 10 2 1 3 747 746 695 694 2920 2921 2922 2348 2923
522 10 2 1 3 1170 1174 1415 1065 2924 2925 2926 2927 2928
523 10 2 1 3 813 814 819 1296 2829 2368 2929 2930 2931
524 10 2 1 3 1339 1136 1480 405 2932 2933 2934 2935 2936
525 10 2 1 3 250 1058 1128 249 2937 2938 2939 297 2940
526 10 2 1 3 834 836 837 835 2322 2941 2942 2943 2944
527 10 2 1 3 725 652 654 968 2945 2189 2946 2947 2948
528 10 2 1 3 492 507 618 972 2949 2482 2548 2022 2950
529 10 2 1 3 349 1103 1105 1104 2951 2952 1567 1746 2953
530 10 2 1 3 349 213 214 1103 2832 227 2954 2951 2955
531 10 2 1 3 1235 372 122 123 2956 2957 170 2958 2959
532 10 2 1 3 638 1306 886 1361 2960 2961 2962 2963 2964
533 10 2 1 3 1199 1296 819 1096 2965 2929 2310 2035 2966
534 10 2 1 3 396 394 365 395 2758 2570 2967 2968 2969
535 10 2 1 3 1038 1039 1201 439 2668 2970 2971 2739 2972
536 10 2 1 3 652 651 648 650 2973 2974 2621 2975 2976
537 10 2 1 3 641 642 1304 640 2670 1591 2977 2284 2978
538 10 2 1 3 350 1112 1113 1111 1540 2796 2979 2849 2980
539 10 2 1 3 716 828 829 740 2112 2981 2982 2983 2984
540 10 2 1 3 1106 1110 1133 1090 2985 2986 2987 1620 2988
541 10 2 1 3 1022 587 545 670 1677 2989 2990 2991 2992
542 10 2 1 3 1170 766 631 1174 2693 2993 2994 2924 2995
543 10 2 1 3 1100 341 120 121 2996 2997 168 2998 2999
544 10 2 1 3 1241 1158 733 833 1834 3000 3001 3002 3003
545 10 2 1 3 1440 534 554 555 1740 3004 3005 3006 3007
546 10 2 1 3 1120 375 1128 1119 1658 3008 3009 2494 3010
547 10 2 1 3 1159 836 1436 1138 3011 2325 3012 3013 3014
548 10 2 1 3 487 573 574 572 1912 2424 3015 3016 3017
549 10 2 1 3 398 396 395 397 2623 2968 3018 3019 3020
550 10 2 1 3 1078 1035 125 126 3021 3022 173 3023 3024
551 10 2 1 3 357 1448 883 1125 3025 1631 3026 3027 3028
552 10 2 1 3 587 507 506 545 2483 3029 3030 2989 3031
553 10 2 1 3 237 385 1081 236 3032 3033 3034 284 3035
554 10 2 1 3 1123 346 1442 1383 3036 3037 3038 2031 3039
555 10 2 1 3 866 1051 885 844 1694 3040 2553 3041 3042
556 10 2 1 3 1025 869 854 808 3043 3044 3045 3046 3047
557 10 2 1 3 882 1185 529 527 3048 2452 2153 2331 3049
558 10 2 1 3 654 969 1316 968 2681 3050 3051 2946 3052
559 10 2 1 3 516 400 401 402 2613 3053 3054 2677 3055
560 10 2 1 3 271 272 1080 346 319 3056 3057 3058 3059
561 10 2 1 3 1024 417 419 915 3060 3061 3062 1552 3063
562 10 2 1 3 828 902 1463 1301 2111 3064 3065 3066 3067
563 10 2 1 3 513 500 1237 517 2001 3068 3069 2719 3070
564 10 2 1 3 780 1070 1122 1069 1718 3071 3072 2765 3073
565 10 2 1 3 236 1081 393 235 3034 1531 3074 283 3075
566 10 2 1 3 259 1061 1141 258 3076 2320 3077 306 3078
567 10 2 1 3 619 717 1222 689 1679 2132 3079 2414 3080
568 10 2 1 3 364 184 185 1180 3081 198 3082 2543 3083
569 10 2 1 3 124 125 1035 351 172 3022 3084 3085 3086
570 10 2 1 3 1087 1088 1095 1086 2728 2591 2867 3087 3088
571 10 2 1 3 346 1123 270 271 3036 3089 318 3058 3090
572 10 2 1 3 354 1317 997 1166 1491 3091 1755 3092 3093
573 10 2 1 3 352 1337 962 889 3094 3095 2410 3096 3097
574 10 2 1 3 1107 1105 1473 1108 1568 3098 2715 1888 3099
575 10 2 1 3 710 404 405 406 2697 3100 3101 2659 3102
576 10 2 1 3 215 1109 1103 214 3103 3104 2954 228 3105
577 10 2 1 3 1102 374 118 119 3106 3107 166 3108 3109
578 10 2 1 3 542 1200 1441 911 3110 3111 3112 1570 3113
579 10 2 1 3 440 1161 1031 438 2358 3114 3115 3116 3117
580 10 2 1 3 948 1164 566 765 2837 2889 3118 2723 3119
581 10 2 1 3 452 1173 1400 451 3120 3121 3122 2297 3123
582 10 2 1 3 1178 974 456 459 2805 2911 2243 3124 3125
583 10 2 1 3 974 976 977 975 2808 3126 3127 2912 3128
584 10 2 1 3 1087 1086 1090 1133 3087 3129 2987 2704 3130
585 10 2 1 3 445 447 1068 446 2585 3131 3132 2336 3133
586 10 2 1 3 1114 1115 1118 1113 2869 2846 3134 2795 3135
587 10 2 1 3 725 968 1316 865 2947 3051 2282 3136 3137
588 10 2 1 3 582 580 578 579 3138 3139 2430 2468 3140
589 10 2 1 3 243 1099 348 242 3141 2264 3142 290 3143
590 10 2 1 3 719 767 769 718 2391 2743 3144 2107 3145
591 10 2 1 3 845 800 703 801 3146 2099 3147 3148 3149
592 10 2 1 3 1209 1329 1215 483 2525 3150 3151 3152 3153
593 10 2 1 3 244 373 1099 243 3154 3155 3141 291 3156
594 10 2 1 3 711 611 608 1055 3157 3158 3159 2449 3160
595 10 2 1 3 919 345 1132 1171 2745 3161 3162 2378 3163
596 10 2 1 3 585 583 580 582 3164 3165 3138 2007 3166
597 10 2 1 3 1298 451 1400 1098 3167 3122 3168 3169 3170
598 10 2 1 3 1109 215 216 359 3103 229 3171 3172 3173
599 10 2 1 3 767 768 825 987 2392 3174 3175 3176 3177
600 10 2 1 3 524 523 526 1008 3178 2238 3179 3180 3181
601 10 2 1 3 458 1027 1234 476 3182 3183 1708 2508 3184
602 10 2 1 3 1183 410 408 409 3185 2641 3186 3187 3188
603 10 2 1 3 592 586 583 585 3189 3190 3164 2015 3191
604 10 2 1 3 354 1166 273 274 3092 3192 321 2820 3193
605 10 2 1 3 411 1124 1456 1004 2117 3194 3195 2643 3196
606 10 2 1 3 277 278 1230 365 325 3197 3198 2569 3199
607 10 2 1 3 741 669 1240 742 2078 3200 3201 2365 3202
608 10 2 1 3 1176 1177 1340 862 3203 1663 3204 3205 3206
609 10 2 1 3 1184 464 461 463 3207 3208 2193 3209 3210
610 10 2 1 3 892 893 1449 925 2302 2476 2434 2206 3211
611 10 2 1 3 436 437 1453 434 2683 1918 3212 2750 3213
612 10 2 1 3 359 216 217 1160 3171 230 3214 3215 3216
613 10 2 1 3 1082 211 212 1154 2773 225 2831 2602 3217
614 10 2 1 3 1168 386 217 218 3218 3219 231 3220 3221
615 10 2 1 3 129 130 1233 388 177 3222 1894 3223 3224
616 10 2 1 3 842 843 866 844 3225 3226 3041 2552 3227
617 10 2 1 3 97 98 1132 345 145 3228 3161 3229 3230
618 10 2 1 3 1283 629 712 792 3231 3232 3233 1600 3234
619 10 2 1 3 833 841 843 842 3235 3236 3225 3237 3238
620 10 2 1 3 1051 366 1032 1293 1693 2881 3239 3240 3241
621 10 2 1 3 245 1101 373 244 3242 3243 3154 292 3244
622 10 2 1 3 127 128 1251 361 175 3245 1648 3246 3247
623 10 2 1 3 1024 414 416 417 2058 3248 3249 3060 3250
624 10 2 1 3 634 535 528 530 3251 3252 2174 2166 3253
625 10 2 1 3 415 754 1412 422 2059 2700 3254 2527 3255
626 10 2 1 3 246 340 1101 245 3256 2172 3242 293 3257
627 10 2 1 3 521 520 466 469 3258 3259 3260 2785 3261
628 10 2 1 3 624 593 586 592 3262 3263 3189 1997 3264
629 10 2 1 3 1083 1084 1091 362 2085 2885 2818 2675 3265
630 10 2 1 3 1038 435 508 511 2738 3266 3267 2463 3268
631 10 2 1 3 400 398 397 399 2612 3019 3269 3270 3271
632 10 2 1 3 765 566 567 749 3118 3272 3273 3274 3275
633 10 2 1 3 644 643 1357 645 3276 1563 3277 2255 3278
634 10 2 1 3 1429 1234 1027 1289 3279 3183 3280 2823 3281
635 10 2 1 3 269 270 1123 380 317 3089 2030 3282 3283
636 10 2 1 3 1058 250 251 331 2937 298 3284 3285 3286
637 10 2 1 3 260 335 1061 259 3287 3288 3076 307 3289
638 10 2 1 3 908 731 906 907 2375 2897 3290 3291 3292
639 10 2 1 3 389 182 183 1193 3293 196 3294 3295 3296
640 10 2 1 3 1050 726 727 756 1596 3297 3298 3299 3300
641 10 2 1 3 1183 501 503 1164 3301 3302 2890 2836 3303
642 10 2 1 3 1049 756 757 887 3304 3305 3306 1991 3307
643 10 2 1 3 668 667 593 624 3308 3309 3262 2294 3310
644 10 2 1 3 1456 1002 710 1004 3311 2512 2658 3195 3312
645 10 2 1 3 850 912 1344 913 3313 1808 1533 3314 3315
646 10 2 1 3 1190 1326 370 1029 3316 3317 3318 2205 3319
647 10 2 1 3 454 455 1173 452 2531 2782 3120 2538 3320
648 10 2 1 3 1457 1049 1359 374 3321 1990 3322 3323 3324
649 10 2 1 3 266 383 1210 265 3325 2566 3326 313 3327
650 10 2 1 3 110 111 1139 1057 158 3328 3329 3330 3331
651 10 2 1 3 722 721 667 668 3332 3333 3308 2062 3334
652 10 2 1 3 728 758 1354 1033 3335 3336 3337 3338 3339
653 10 2 1 3 774 775 1388 773 2141 2025 3340 2050 3341
654 10 2 1 3 99 100 1145 382 147 3342 3343 3344 3345
655 10 2 1 3 333 1335 1069 1122 3346 3347 3072 3348 3349
656 10 2 1 3 611 711 1163 613 3157 2090 3350 3351 3352
657 10 2 1 3 425 419 420 424 3353 3354 3355 2080 3356
658 10 2 1 3 1032 89 90 1076 2880 137 3357 3358 3359
659 10 2 1 3 1053 691 637 1056 3360 3361 3362 2496 3363
660 10 2 1 3 718 637 635 636 3364 3365 3366 2108 3367
661 10 2 1 3 636 635 535 634 3366 3368 3251 2436 3369
662 10 2 1 3 994 996 997 993 3370 1756 3371 2609 3372
663 10 2 1 3 247 1121 340 246 3373 3374 3256 294 3375
664 10 2 1 3 994 1040 1336 998 2608 1528 3376 3377 3378
665 10 2 1 3 773 772 721 722 3379 3380 3332 2051 3381
666 10 2 1 3 103 104 1140 377 151 3382 1821 3383 3384
667 10 2 1 3 855 799 1204 864 2397 1903 1498 3385 3386
668 10 2 1 3 631 766 1172 656 2993 1768 3387 3388 3389
669 10 2 1 3 184 364 1193 183 3081 2878 3294 197 3390
670 10 2 1 3 523 522 520 521 3391 3392 3258 2239 3393
671 10 2 1 3 1068 1175 1162 446 3394 2406 3395 3132 3396
672 10 2 1 3 1231 1094 1091 1092 2445 2139 2884 3397 3398
673 10 2 1 3 404 402 401 403 2696 3054 3399 3400 3401
674 10 2 1 3 577 578 1255 575 2431 3402 3403 2010 3404
675 10 2 1 3 487 572 1260 485 3016 3405 3406 1958 3407
676 10 2 1 3 107 108 1143 381 155 3408 3409 3410 3411
677 10 2 1 3 105 106 1142 342 153 3412 3413 3414 3415
678 10 2 1 3 438 439 1201 440 2685 2971 2802 3116 3416
679 10 2 1 3 747 849 1047 746 2289 2573 3417 2920 3418
680 10 2 1 3 1275 570 544 568 3419 3420 2148 3421 3422
681 10 2 1 3 1025 748 746 1047 3423 3424 3417 2638 3425
682 10 2 1 3 1458 1288 615 1302 3426 3427 3428 3429 3430
683 10 2 1 3 1047 1048 1459 358 2572 3431 3432 2635 3433
684 10 2 1 3 747 971 1433 851 2347 3434 3435 2290 3436
685 10 2 1 3 248 375 1121 247 3437 1661 3373 295 3438
686 10 2 1 3 186 1111 1180 185 2850 3439 3082 199 3440
687 10 2 1 3 1153 845 801 846 3441 3148 3442 3443 3444
688 10 2 1 3 652 650 1208 653 2975 2620 2896 2190 3445
689 10 2 1 3 1090 1086 1085 1089 3129 2866 2603 1621 3446
690 10 2 1 3 878 1211 880 762 1542 3447 3448 3449 3450
691 10 2 1 3 1473 1105 1103 1109 3098 2952 3104 3451 3452
692 10 2 1 3 550 1054 1447 1037 2041 3453 2666 2595 3454
693 10 2 1 3 693 694 695 622 2349 2922 3455 2157 3456
694 10 2 1 3 965 966 1366 967 1584 1916 3457 2918 3458
695 10 2 1 3 825 1281 1386 987 2471 3459 3460 3175 3461
696 10 2 1 3 1118 1180 1111 1113 2544 3439 2979 3134 3462
697 10 2 1 3 707 676 665 1217 2632 2128 2577 3463 3464
698 10 2 1 3 406 407 409 408 3465 3466 3186 2660 3467
699 10 2 1 3 765 749 863 861 3274 3468 3469 2724 3470
700 10 2 1 3 507 492 494 506 2949 3471 3472 3029 3473
701 10 2 1 3 538 541 1200 542 2274 3474 3110 3475 3476
702 10 2 1 3 338 94 95 1129 3477 142 3478 1798 3479
703 10 2 1 3 1005 705 1409 1006 2360 3480 3481 3482 3483
704 10 2 1 3 886 1306 600 606 2961 3484 2842 3485 3486
705 10 2 1 3 481 483 1215 484 2663 3151 2872 3487 3488
706 10 2 1 3 42 1126 392 43 3489 3490 3491 82 3492
707 10 2 1 3 533 532 554 534 2306 2451 3004 2005 3493
708 10 2 1 3 249 1128 375 248 2939 3008 3437 296 3494
709 10 2 1 3 1479 882 525 939 3495 2330 2784 1722 3496
710 10 2 1 3 588 701 1303 512 3497 2159 3498 1999 3499
711 10 2 1 3 272 273 1166 1080 320 3192 1754 3056 3500
712 10 2 1 3 1284 1385 1443 967 3501 3502 2916 3503 3504
713 10 2 1 3 818 376 1394 859 3505 3506 3507 2370 3508
714 10 2 1 3 413 412 416 414 2800 3509 3248 2519 3510
715 10 2 1 3 1032 1076 1224 1293 3358 3511 2733 3239 3512
716 10 2 1 3 812 940 1318 811 3513 1932 3514 3515 3516
717 10 2 1 3 390 1230 278 279 3517 3197 326 3518 3519
718 10 2 1 3 797 877 1236 696 3520 3521 3522 3523 3524
719 10 2 1 3 1158 594 732 733 3525 3526 3527 3000 3528
720 10 2 1 3 815 738 689 1222 2827 2906 3079 3529 3530
721 10 2 1 3 1169 1256 389 1424 3531 3532 3533 3534 3535
722 10 2 1 3 239 358 1459 238 3536 3432 3537 286 3538
723 10 2 1 3 834 817 816 781 3539 3540 3541 3542 3543
724 10 2 1 3 421 427 1258 1124 2529 3544 3545 2116 3546
725 10 2 1 3 1175 1068 1438 810 3394 3547 3548 3549 3550
726 10 2 1 3 833 733 762 832 3001 3551 3552 3553 3554
727 10 2 1 3 830 803 776 730 3555 3556 3557 3558 3559
728 10 2 1 3 380 1292 268 269 3560 3561 316 3282 3562
729 10 2 1 3 482 424 420 426 2081 3355 3563 3564 3565
730 10 2 1 3 417 418 420 419 3566 3567 3354 3061 3568
731 10 2 1 3 946 1462 498 560 3569 3570 3571 2382 3572
732 10 2 1 3 884 1241 833 842 1614 3002 3237 2554 3573
733 10 2 1 3 850 851 1248 912 2291 3574 3575 3313 3576
734 10 2 1 3 109 110 1057 334 157 3330 1506 3577 3578
735 10 2 1 3 112 113 1225 356 160 3579 1697 3580 3581
736 10 2 1 3 590 692 1439 1240 2761 3582 3583 3584 3585
737 10 2 1 3 984 1247 1026 449 1502 2258 2626 1877 3586
738 10 2 1 3 1390 1010 1451 609 3587 3588 3589 3590 3591
739 10 2 1 3 588 702 1332 701 2055 3592 1759 3497 3593
740 10 2 1 3 550 549 552 551 2594 3594 3595 2775 3596
741 10 2 1 3 776 713 671 730 1928 3597 1860 3557 3598
742 10 2 1 3 388 1251 128 129 3599 3245 176 3223 3600
743 10 2 1 3 242 348 1323 241 3142 3601 3602 289 3603
744 10 2 1 3 665 675 1264 674 2127 3604 3605 2909 3606
745 10 2 1 3 558 497 625 1216 1512 2501 3607 2269 3608
746 10 2 1 3 1274 569 1423 1014 2754 3609 3610 3611 3612
747 10 2 1 3 515 672 673 595 3613 3614 3615 3616 3617
748 10 2 1 3 983 981 444 982 3618 2712 3619 1764 3620
749 10 2 1 3 785 1152 1422 924 1687 3621 1716 1976 3622
750 10 2 1 3 941 970 1413 377 3623 3624 3625 1820 3626
751 10 2 1 3 724 620 671 713 3627 3628 3597 1927 3629
752 10 2 1 3 617 616 1415 1174 3630 3631 2925 3632 3633
753 10 2 1 3 633 590 1240 669 2103 3584 3200 2629 3634
754 10 2 1 3 566 505 564 565 2888 3635 3636 3637 3638
755 10 2 1 3 865 795 786 725 2223 3639 3640 3136 3641
756 10 2 1 3 992 993 1181 991 2606 3642 2505 2652 3643
757 10 2 1 3 770 743 591 744 2354 3644 3645 3646 3647
758 10 2 1 3 458 457 1028 1027 2241 2789 3648 3182 3649
759 10 2 1 3 753 706 812 811 2278 3650 3515 3651 3652
760 10 2 1 3 567 1205 863 749 3653 3654 3468 3273 3655
761 10 2 1 3 255 343 1144 254 3656 2342 3657 302 3658
762 10 2 1 3 257 384 1149 256 3659 3660 3661 304 3662
763 10 2 1 3 264 344 1146 263 3663 3664 3665 311 3666
764 10 2 1 3 566 565 596 567 3637 3667 3668 3272 3669
765 10 2 1 3 519 511 508 518 2464 3267 3670 3671 3672
766 10 2 1 3 1373 1169 1424 803 3673 3534 3674 3675 3676
767 10 2 1 3 594 1158 1239 514 3525 1836 3677 3678 3679
768 10 2 1 3 838 1363 881 1419 3680 3681 1656 3682 3683
769 10 2 1 3 258 1141 384 257 3077 3684 3659 305 3685
770 10 2 1 3 743 555 554 591 3686 3005 3687 3644 3688
771 10 2 1 3 254 1144 378 253 3657 3689 3690 301 3691
772 10 2 1 3 263 1146 379 262 3665 2492 3692 310 3693
773 10 2 1 3 256 1149 343 255 3661 3694 3656 303 3695
774 10 2 1 3 267 1150 383 266 3696 3697 3325 314 3698
775 10 2 1 3 1017 1018 1445 338 3699 2767 3700 1797 3701
776 10 2 1 3 709 671 620 596 1861 3628 3702 3703 3704
777 10 2 1 3 430 428 1412 431 2455 3705 1907 2487 3706
778 10 2 1 3 949 343 1149 1182 2339 3694 3707 3708 3709
779 10 2 1 3 549 519 518 548 2593 3671 3710 3711 3712
780 10 2 1 3 1219 1146 344 1147 2489 3664 3713 1770 3714
781 10 2 1 3 858 1403 1471 1153 3715 3716 3717 3718 3719
782 10 2 1 3 1017 1019 1020 1018 2130 3720 2768 3699 3721
783 10 2 1 3 1183 409 493 501 3187 3722 3723 3301 3724
784 10 2 1 3 1214 1313 190 191 3725 3726 204 3727 3728
785 10 2 1 3 1217 788 787 707 1872 3729 2688 3463 3730
786 10 2 1 3 1107 709 596 1207 1890 3703 3731 3732 3733
787 10 2 1 3 482 486 494 492 3734 3735 3471 2021 3736
788 10 2 1 3 1222 1017 1016 815 2131 1800 2899 3529 3737
789 10 2 1 3 596 620 1205 567 3702 3738 3653 3668 3739
790 10 2 1 3 878 762 733 732 3449 3551 3527 3740 3741
791 10 2 1 3 1057 1139 1420 934 3329 3742 3743 1507 3744
792 10 2 1 3 472 471 556 473 2583 3745 3746 2122 3747
793 10 2 1 3 969 1028 1206 1316 3748 2788 2280 3050 3749
794 10 2 1 3 1411 1020 1435 355 2769 3750 3751 3752 3753
795 10 2 1 3 460 461 1178 459 2194 3754 3124 2509 3755
796 10 2 1 3 515 595 732 594 3616 3756 3526 3757 3758
797 10 2 1 3 115 116 1271 332 163 3759 1636 3760 3761
798 10 2 1 3 488 489 1258 429 2858 3762 3763 2456 3764
799 10 2 1 3 1230 777 395 365 3765 3766 2967 3198 3767
800 10 2 1 3 41 367 1126 42 3768 3769 3489 81 3770
801 10 2 1 3 495 515 594 514 3771 3757 3678 3772 3773
802 10 2 1 3 836 1322 927 837 3774 2560 3775 2941 3776
803 10 2 1 3 1370 770 744 1261 3777 3646 3778 2516 3779
804 10 2 1 3 562 551 552 1199 2776 3595 3780 2038 3781
805 10 2 1 3 764 855 1321 868 2398 3782 3783 3784 3785
806 10 2 1 3 988 340 1121 1253 2169 3374 1660 2742 3786
807 10 2 1 3 35 1151 347 36 3787 3788 3789 75 3790
808 10 2 1 3 91 355 1076 90 3791 3792 3357 138 3793
809 10 2 1 3 628 563 1434 639 2334 3794 2855 2617 3795
810 10 2 1 3 1000 1216 625 705 2270 3607 3796 2363 3797
811 10 2 1 3 651 698 646 648 3798 3799 2228 2974 3800
812 10 2 1 3 491 490 559 498 2599 2874 3801 3802 3803
813 10 2 1 3 524 1008 1474 1009 3180 3804 3805 3806 3807
814 10 2 1 3 1367 1058 331 1059 3808 3285 3809 1791 3810
815 10 2 1 3 1122 32 31 333 3811 71 3812 3348 3813
816 10 2 1 3 804 742 806 805 2366 3814 3815 3816 3817
817 10 2 1 3 262 379 1272 261 3692 3818 3819 309 3820
818 10 2 1 3 419 425 1262 915 3353 1489 3821 3062 3822
819 10 2 1 3 505 503 502 504 2887 3823 3824 3825 3826
820 10 2 1 3 484 485 1260 481 2597 3406 3827 3487 3828
821 10 2 1 3 486 495 514 494 3829 3772 3830 3735 3831
822 10 2 1 3 7 387 1127 8 3832 1806 3833 47 3834
823 10 2 1 3 253 378 1277 252 3690 3835 3836 300 3837
824 10 2 1 3 503 501 493 502 3302 3723 3838 3823 3839
825 10 2 1 3 1063 1061 335 1062 2317 3288 3840 3841 3842
826 10 2 1 3 465 466 1184 463 2419 3843 3209 1987 3844
827 10 2 1 3 564 1207 596 565 3845 3731 3667 3636 3846
828 10 2 1 3 1185 882 1479 745 3048 3495 3847 3848 3849
829 10 2 1 3 1459 1048 1478 385 3431 2575 3850 3851 3852
830 10 2 1 3 1174 631 630 617 2994 3853 3854 3632 3855
831 10 2 1 3 560 561 682 681 3856 3857 3858 2383 3859
832 10 2 1 3 1290 1238 392 1126 3860 3861 3490 3862 3863
833 10 2 1 3 8 1127 360 9 3833 3864 3865 48 3866
834 10 2 1 3 126 127 361 1078 174 3246 3867 3023 3868
835 10 2 1 3 481 1260 1450 478 3827 3869 3870 2664 3871
836 10 2 1 3 767 987 1386 988 3176 3460 2170 2741 3872
837 10 2 1 3 1025 1202 1323 869 2637 3873 3874 3043 3875
838 10 2 1 3 390 1231 777 1230 2443 3876 3765 3517 3877
839 10 2 1 3 40 1125 367 41 3878 3879 3768 80 3880
840 10 2 1 3 182 389 1256 181 3293 3532 3881 195 3882
841 10 2 1 3 498 559 561 560 3801 3883 3856 3571 3884
842 10 2 1 3 588 904 1392 720 2327 2480 3885 2056 3886
843 10 2 1 3 805 840 1290 804 3887 3888 2248 3816 3889
844 10 2 1 3 39 357 1125 40 3890 3027 3878 79 3891
845 10 2 1 3 351 1035 1079 1228 3084 3892 3893 2816 3894
846 10 2 1 3 121 122 372 1100 169 2957 3895 2998 3896
847 10 2 1 3 1053 729 728 691 3897 3898 3899 3360 3900
848 10 2 1 3 428 429 1258 427 2457 3763 3544 3901 3902
849 10 2 1 3 1009 598 597 524 2844 3903 3904 3806 3905
850 10 2 1 3 496 497 571 489 2502 1511 3906 2857 3907
851 10 2 1 3 545 506 1239 546 3030 3908 1835 3909 3910
852 10 2 1 3 444 1201 1252 982 2803 3911 1765 3619 3912
853 10 2 1 3 240 1202 358 239 3913 2636 3536 287 3914
854 10 2 1 3 1176 1311 1273 1177 3915 3916 3917 3203 3918
855 10 2 1 3 1106 1107 1207 1110 1565 3732 3919 2985 3920
856 10 2 1 3 575 1255 782 574 3403 3921 3922 2423 3923
857 10 2 1 3 123 124 351 1235 171 3085 2815 2958 3924
858 10 2 1 3 895 787 788 1203 2691 3729 3925 1699 3926
859 10 2 1 3 34 368 1151 35 3927 3928 3787 74 3929
860 10 2 1 3 1025 808 807 748 3046 3930 3931 3423 3932
861 10 2 1 3 1172 1147 1148 1218 1767 3933 1939 3934 3935
862 10 2 1 3 643 644 1353 642 3276 3936 1592 2671 3937
863 10 2 1 3 1112 878 732 1229 1543 3740 3938 2797 3939
864 10 2 1 3 1162 1161 442 446 3940 2357 2337 3395 3941
865 10 2 1 3 652 725 786 651 2945 3640 3942 2973 3943
866 10 2 1 3 658 791 1307 1270 3944 3945 3946 3947 3948
867 10 2 1 3 543 544 1200 541 2145 3949 3474 2273 3950
868 10 2 1 3 261 1272 335 260 3819 3951 3287 308 3952
869 10 2 1 3 986 1305 1368 1075 3953 3954 3955 2903 3956
870 10 2 1 3 252 1277 331 251 3836 3957 3284 299 3958
871 10 2 1 3 412 410 1183 1266 2799 3185 3959 3960 3961
872 10 2 1 3 673 1452 1477 1116 3962 3963 2870 1524 3964
873 10 2 1 3 119 120 341 1102 167 2997 3965 3108 3966
874 10 2 1 3 716 740 798 715 2983 3967 3968 2460 3969
875 10 2 1 3 824 911 1441 899 2094 3112 3970 1611 3971
876 10 2 1 3 217 386 1373 1160 3219 3972 3973 3214 3974
877 10 2 1 3 1117 776 1041 1250 1926 3975 2876 2847 3976
878 10 2 1 3 813 1296 1364 1036 2930 3977 3978 2914 3979
879 10 2 1 3 771 661 1259 914 3980 3981 3982 3983 3984
880 10 2 1 3 625 704 1409 705 2440 3985 3480 3796 3986
881 10 2 1 3 451 1298 447 448 3167 3987 2587 2298 3988
882 10 2 1 3 761 1060 1327 827 1774 3989 3990 3991 3992
883 10 2 1 3 681 682 1245 734 3858 3993 3994 2394 3995
884 10 2 1 3 781 1069 1335 834 2763 3347 2323 3542 3996
885 10 2 1 3 1010 978 975 977 3997 2780 3127 3998 3999
886 10 2 1 3 483 479 480 1209 2662 4000 2791 3152 4001
887 10 2 1 3 1129 376 818 1016 4002 3505 2900 1799 4003
888 10 2 1 3 728 1033 1474 755 3338 4004 4005 4006 4007
889 10 2 1 3 36 347 1254 37 3789 2707 4008 76 4009
890 10 2 1 3 466 467 1468 469 2421 2183 1624 3260 4010
891 10 2 1 3 1160 1373 803 830 3973 3675 3555 4011 4012
892 10 2 1 3 673 1229 732 595 1523 3938 3756 3615 4013
893 10 2 1 3 886 606 1033 1354 3485 4014 3337 4015 4016
894 10 2 1 3 976 1302 1362 977 4017 4018 4019 3126 4020
895 10 2 1 3 506 494 514 1239 3472 3830 3677 3908 4021
896 10 2 1 3 962 1337 12 11 3095 4022 51 4023 4024
897 10 2 1 3 548 661 771 696 4025 3980 4026 4027 4028
898 10 2 1 3 1197 1295 538 542 1643 4029 3475 1573 4030
899 10 2 1 3 96 376 1129 95 4031 4002 3478 143 4032
900 10 2 1 3 981 983 1353 1286 3618 1589 4033 4034 4035
901 10 2 1 3 113 114 1396 1225 161 4036 1884 3579 4037
902 10 2 1 3 801 703 621 1274 3147 2156 2755 4038 4039
903 10 2 1 3 14 13 352 1155 53 4040 4041 4042 4043
904 10 2 1 3 900 1099 373 1281 2261 3155 4044 2474 4045
905 10 2 1 3 931 908 1391 933 2372 4046 4047 1783 4048
906 10 2 1 3 912 1248 360 1127 3575 4049 3864 1809 4050
907 10 2 1 3 672 515 495 1311 3613 3771 4051 4052 4053
908 10 2 1 3 782 779 572 574 4054 4055 3015 3922 4056
909 10 2 1 3 1134 510 502 1136 2702 4057 4058 4059 4060
910 10 2 1 3 549 548 696 1236 3711 4027 3522 4061 4062
911 10 2 1 3 16 15 369 1156 55 4063 4064 4065 4066
912 10 2 1 3 96 97 345 1130 144 3229 2748 4067 4068
913 10 2 1 3 907 1196 381 1297 4069 4070 4071 4072 4073
914 10 2 1 3 1003 1002 1456 1282 1961 3311 4074 2401 4075
915 10 2 1 3 1257 1178 461 464 2806 3754 3208 4076 4077
916 10 2 1 3 101 102 1413 336 149 4078 4079 4080 4081
917 10 2 1 3 637 718 769 1056 3364 3144 1838 3362 4082
918 10 2 1 3 996 1442 346 1080 4083 3037 3057 1753 4084
919 10 2 1 3 631 656 657 632 3388 4085 4086 4087 4088
920 10 2 1 3 1294 1345 872 870 4089 4090 2656 4091 4092
921 10 2 1 3 234 1405 6 1 4093 4094 45 281 4095
922 10 2 1 3 621 622 1275 568 2155 4096 3421 2756 4097
923 10 2 1 3 1044 1387 920 1325 4098 4099 4100 4101 4102
924 10 2 1 3 131 2 44 1408 179 84 4103 4104 4105
925 10 2 1 3 265 1210 344 264 3326 4106 3663 312 4107
926 10 2 1 3 856 838 835 837 4108 4109 2942 4110 4111
927 10 2 1 3 98 99 382 1132 146 3344 4112 3228 4113
928 10 2 1 3 1030 805 806 1223 4114 3815 4115 1650 4116
929 10 2 1 3 489 571 1282 1258 3906 2402 4117 3762 4118
930 10 2 1 3 1183 1165 1309 1266 2835 1516 4119 3959 4120
931 10 2 1 3 857 858 1371 775 4121 4122 2026 2143 4123
932 10 2 1 3 17 16 1156 339 56 4065 4124 4125 4126
933 10 2 1 3 32 1122 1328 33 3811 4127 4128 72 4129
934 10 2 1 3 1023 670 1300 1454 4130 4131 1803 2735 4132
935 10 2 1 3 1255 578 580 581 3402 3139 4133 4134 4135
936 10 2 1 3 691 690 635 637 4136 4137 3365 3361 4138
937 10 2 1 3 526 528 535 1186 2151 3252 4139 4140 4141
938 10 2 1 3 746 748 807 695 3424 3931 4142 2921 4143
939 10 2 1 3 1311 1176 1369 672 3915 4144 4145 4052 4146
940 10 2 1 3 858 1153 846 1371 3718 3443 4147 4122 4148
941 10 2 1 3 104 105 342 1140 152 3414 1930 3382 4149
942 10 2 1 3 862 861 1369 1176 2725 4150 4144 3205 4151
943 10 2 1 3 523 524 597 522 3178 3904 4152 3391 4153
944 10 2 1 3 219 4 180 1407 233 193 4154 4155 4156
945 10 2 1 3 500 512 1303 499 2000 3498 1668 4157 4158
946 10 2 1 3 611 613 614 612 3351 4159 4160 4161 4162
947 10 2 1 3 111 112 356 1139 159 3580 4163 3328 4164
948 10 2 1 3 848 847 1430 949 4165 4166 2340 4167 4168
949 10 2 1 3 940 812 942 941 3513 4169 4170 1823 4171
950 10 2 1 3 1131 821 687 820 4172 4173 4174 2793 4175
951 10 2 1 3 100 101 336 1145 148 4080 1604 3342 4176
952 10 2 1 3 656 1172 1218 697 3387 3934 1496 4177 4178
953 10 2 1 3 1098 888 1438 1298 2862 4179 4180 3169 4181
954 10 2 1 3 608 611 612 610 3158 4161 4182 4183 4184
955 10 2 1 3 613 616 617 614 4185 3630 4186 4159 4187
956 10 2 1 3 1055 608 605 607 3159 4188 4189 1557 4190
957 10 2 1 3 1182 950 848 949 4191 4192 4167 3708 4193
958 10 2 1 3 464 1401 1458 1257 4194 4195 4196 4076 4197
959 10 2 1 3 602 604 605 603 4198 4199 4200 4201 4202
960 10 2 1 3 106 107 381 1142 154 3410 4203 3412 4204
961 10 2 1 3 108 109 334 1143 156 3577 4205 3408 4206
962 10 2 1 3 18 17 339 1167 57 4125 4207 4208 4209
963 10 2 1 3 649 647 1279 706 2230 4210 4211 2277 4212
964 10 2 1 3 26 1187 1192 27 4213 4214 4215 66 4216
965 10 2 1 3 30 1138 333 31 4217 4218 3812 70 4219
966 10 2 1 3 15 14 1155 369 54 4042 4220 4063 4221
967 10 2 1 3 847 839 826 827 4222 4223 4224 4225 4226
968 10 2 1 3 827 826 760 761 4224 4227 4228 3991 4229
969 10 2 1 3 600 602 603 601 4230 4201 4231 4232 4233
970 10 2 1 3 712 629 617 630 3232 4234 3854 4235 4236
971 10 2 1 3 768 824 1465 825 2095 1610 2472 3174 4237
972 10 2 1 3 941 942 1242 970 4170 4238 4239 3623 4240
973 10 2 1 3 1035 1078 1472 1079 3021 4241 4242 3892 4243
974 10 2 1 3 726 684 685 686 4244 4245 4246 4247 4248
975 10 2 1 3 1133 1110 1425 510 2986 4249 4250 2705 4251
976 10 2 1 3 761 760 758 759 4228 4252 4253 1775 4254
977 10 2 1 3 600 599 597 598 4255 4256 3903 2843 4257
978 10 2 1 3 870 734 1245 871 2655 3994 1594 4258 4259
979 10 2 1 3 605 604 1399 607 4199 4260 4261 4189 4262
980 10 2 1 3 472 1352 1421 470 4263 4264 4265 2581 4266
981 10 2 1 3 1274 1014 846 801 3611 4267 3442 4038 4268
982 10 2 1 3 759 758 728 729 4253 3335 3898 1789 4269
983 10 2 1 3 752 897 1393 896 4270 4271 1546 2064 4272
984 10 2 1 3 808 854 898 809 3045 4273 4274 4275 4276
985 10 2 1 3 755 690 691 728 4277 4136 3899 4006 4278
986 10 2 1 3 790 1352 1265 789 4279 4280 4281 4282 4283
987 10 2 1 3 756 727 947 757 3298 4284 4285 3305 4286
988 10 2 1 3 280 5 207 1377 328 220 1971 4287 4288
989 10 2 1 3 85 1378 192 3 4289 4290 206 132 4291
990 10 2 1 3 860 859 1394 919 2308 3507 2746 2377 4292
991 10 2 1 3 811 831 1402 753 4293 4294 1922 3651 4295
992 10 2 1 3 474 473 1244 477 2123 4296 4297 2647 4298
993 10 2 1 3 684 682 561 683 4299 3857 4300 4301 4302
994 10 2 1 3 830 1319 359 1160 4303 4304 3215 4011 4305
995 10 2 1 3 889 1213 1155 352 1981 4306 4041 3096 4307
996 10 2 1 3 19 18 1167 371 58 4208 4308 4309 4310
997 10 2 1 3 953 952 951 950 4311 1555 4312 4313 4314
998 10 2 1 3 500 499 1462 1237 4157 4315 4316 3068 4317
999 10 2 1 3 978 1010 1390 1011 3997 3587 1826 4318 4319
1000 10 2 1 3 187 188 1376 1418 201 4320 4321 1581 4322
1001 10 2 1 3 726 1245 682 684 1595 3993 4299 4244 4323
1002 10 2 1 3 789 744 591 745 4324 3645 4325 4326 4327
1003 10 2 1 3 397 395 777 1249 3018 3766 4328 4329 4330
1004 10 2 1 3 1192 1187 1188 1189 4214 4331 2433 4332 4333
1005 10 2 1 3 1137 623 1464 1375 4334 4335 4336 2589 4337
1006 10 2 1 3 581 876 782 1255 4338 4339 3921 4134 4340
1007 10 2 1 3 537 538 1295 536 2212 4029 1857 2200 4341
1008 10 2 1 3 1134 1136 1339 1135 4059 2932 4342 2729 4343
1009 10 2 1 3 962 11 10 1446 4023 50 4344 4345 4346
1010 10 2 1 3 1067 1381 877 797 1730 1842 3520 1487 4347
1011 10 2 1 3 116 117 1359 1271 164 4348 1992 3759 4349
1012 10 2 1 3 1062 335 1272 1064 3840 3951 4350 4351 4352
1013 10 2 1 3 468 1243 556 471 2427 4353 3745 2582 4354
1014 10 2 1 3 914 1259 1330 916 3982 4355 1909 2699 4356
1015 10 2 1 3 1077 1212 1332 816 1846 1760 4357 4358 4359
1016 10 2 1 3 1147 344 1210 1148 3713 4106 2565 3933 4360
1017 10 2 1 3 29 1159 1138 30 4361 3013 4217 69 4362
1018 10 2 1 3 94 338 1445 93 3477 3700 4363 141 4364
1019 10 2 1 3 627 640 1304 1054 2285 2977 4365 2040 4366
1020 10 2 1 3 853 922 1448 923 2196 1628 4367 4368 4369
1021 10 2 1 3 1059 331 1277 1060 3809 3957 4370 1773 4371
1022 10 2 1 3 482 426 1273 486 3564 4372 4373 3734 4374
1023 10 2 1 3 854 900 1465 898 4375 2473 1609 4273 4376
1024 10 2 1 3 479 477 1244 480 2648 4297 4377 4000 4378
1025 10 2 1 3 776 803 1424 1041 3556 3674 4379 3975 4380
1026 10 2 1 3 1141 1194 1356 384 2319 4381 4382 3684 4383
1027 10 2 1 3 450 1026 1426 453 2627 2225 4384 2539 4385
1028 10 2 1 3 432 431 1330 433 2485 1906 4386 4387 4388
1029 10 2 1 3 27 1192 353 28 4215 2562 4389 67 4390
1030 10 2 1 3 1203 1420 1139 356 4391 3742 4163 1696 4392
1031 10 2 1 3 810 1307 791 1175 4393 3945 2407 3549 4394
1032 10 2 1 3 783 784 1308 700 4395 4396 4397 4398 4399
1033 10 2 1 3 870 871 1276 1294 4258 4400 4401 4091 4402
1034 10 2 1 3 829 1246 798 740 1577 4403 3967 2982 4404
1035 10 2 1 3 548 518 1259 661 3710 4405 3981 4025 4406
1036 10 2 1 3 677 715 1264 675 2461 4407 3604 2126 4408
1037 10 2 1 3 509 1417 623 1137 4409 4410 4334 1482 4411
1038 10 2 1 3 687 685 1470 820 4412 4413 2523 4174 4414
1039 10 2 1 3 404 403 1339 405 3400 4415 2935 3100 4416
1040 10 2 1 3 678 708 1384 793 2631 2314 4417 1816 4418
1041 10 2 1 3 420 418 1309 423 3567 4419 1519 4420 4421
1042 10 2 1 3 1251 388 1416 1030 3599 1893 4422 1649 4423
1043 10 2 1 3 696 771 1262 797 4026 4424 1488 3523 4425
1044 10 2 1 3 454 453 1426 1206 2540 4384 2281 2787 4426
1045 10 2 1 3 756 1049 1457 1050 3304 3321 4427 3299 4428
1046 10 2 1 3 21 20 1179 330 60 4429 4430 4431 4432
1047 10 2 1 3 267 268 1292 337 315 3561 4433 4434 4435
1048 10 2 1 3 1006 1409 764 868 3481 4436 3784 4437 4438
1049 10 2 1 3 647 645 1357 1279 2256 3277 4439 4210 4440
1050 10 2 1 3 189 190 1313 363 203 3726 4441 4442 4443
1051 10 2 1 3 20 19 371 1179 59 4309 4444 4429 4445
1052 10 2 1 3 914 915 1262 771 1553 3821 4424 3983 4446
1053 10 2 1 3 969 1289 1027 1028 2824 3280 3648 3748 4447
1054 10 2 1 3 743 802 1440 555 2353 4448 3006 3686 4449
1055 10 2 1 3 1374 1214 1378 391 4450 4451 4452 2388 4453
1056 10 2 1 3 1031 1161 1162 1284 3114 3940 4454 4455 4456
1057 10 2 1 3 22 21 330 1198 61 4431 4457 4458 4459
1058 10 2 1 3 657 658 1270 632 4460 3947 4461 4086 4462
1059 10 2 1 3 762 880 1360 832 3448 4463 4464 3552 4465
1060 10 2 1 3 26 25 1190 329 65 4466 1935 4467 4468
1061 10 2 1 3 816 817 1268 1077 3540 4469 2074 4358 4470
1062 10 2 1 3 28 353 1159 29 4389 4471 4361 68 4472
1063 10 2 1 3 1193 1041 1424 389 2877 4379 3533 3295 4473
1064 10 2 1 3 1202 240 241 1323 3913 288 3602 3873 4474
1065 10 2 1 3 967 1366 1031 1284 3457 4475 4455 3503 4476
1066 10 2 1 3 37 1254 1338 38 4008 4477 4478 77 4479
1067 10 2 1 3 980 981 1286 1191 2713 4034 1865 1979 4480
1068 10 2 1 3 1005 1006 1351 1034 3482 4481 4482 4483 4484
1069 10 2 1 3 726 686 1263 727 4247 4485 4486 3297 4487
1070 10 2 1 3 1294 341 1100 1345 4488 2996 4489 4089 4490
1071 10 2 1 3 1064 1065 1324 1062 4491 4492 4493 4351 4494
1072 10 2 1 3 937 938 1396 332 1897 1885 4495 1635 4496
1073 10 2 1 3 1353 698 1312 1286 4497 4498 1866 4033 4499
1074 10 2 1 3 783 700 1432 926 4398 4500 4501 1736 4502
1075 10 2 1 3 651 786 1312 698 3942 4503 4498 3798 4504
1076 10 2 1 3 1406 1075 1368 659 2893 3955 4505 4506 4507
1077 10 2 1 3 617 629 1283 614 4234 3231 4508 4186 4509
1078 10 2 1 3 834 835 1268 817 2943 4510 4469 3539 4511
1079 10 2 1 3 1413 970 1343 336 3624 4512 1605 4079 4513
1080 10 2 1 3 23 22 1198 370 62 4458 4514 4515 4516
1081 10 2 1 3 795 796 1312 786 2259 1867 4503 3639 4517
1082 10 2 1 3 608 609 1287 605 4518 4519 4520 4188 4521
1083 10 2 1 3 744 789 1265 1261 4324 4281 4522 3778 4523
1084 10 2 1 3 670 545 546 1300 2990 3909 1616 4131 4524
1085 10 2 1 3 603 615 1288 601 4525 3427 4526 4231 4527
1086 10 2 1 3 905 1444 1395 802 4528 4529 4530 2352 4531
1087 10 2 1 3 1006 868 1427 1351 4437 4532 4533 4481 4534
1088 10 2 1 3 26 329 1188 1187 4467 1934 4331 4213 4535
1089 10 2 1 3 599 1401 1269 597 4536 4537 4538 4256 4539
1090 10 2 1 3 898 899 1349 809 1612 4540 4541 4274 4542
1091 10 2 1 3 368 1328 1122 1070 4543 4127 3071 4544 4545
1092 10 2 1 3 412 1266 1309 416 3960 4119 4546 3509 4547
1093 10 2 1 3 1165 948 862 1340 2834 2726 3204 1517 4548
1094 10 2 1 3 716 903 1372 901 2459 4549 4550 2113 4551
1095 10 2 1 3 638 602 600 1306 4552 4230 3484 2960 4553
1096 10 2 1 3 631 632 1270 630 4087 4461 4554 3853 4555
1097 10 2 1 3 685 687 1263 686 4412 4556 4485 4246 4557
1098 10 2 1 3 606 1009 1474 1033 2841 3805 4004 4014 4558
1099 10 2 1 3 502 510 1425 504 4057 4250 4559 3824 4560
1100 10 2 1 3 1227 1079 1472 1226 4561 4242 4562 4563 4564
1101 10 2 1 3 25 24 1326 1190 64 4565 3316 4466 4566
1102 10 2 1 3 706 1279 942 812 4211 4567 4169 3650 4568
1103 10 2 1 3 406 405 1480 407 3101 2934 4569 3465 4570
1104 10 2 1 3 608 610 1390 609 4183 4571 3590 4518 4572
1105 10 2 1 3 1215 1329 561 559 3150 4573 3883 2873 4574
1106 10 2 1 3 1276 1102 341 1294 4575 3965 4488 4401 4576
1107 10 2 1 3 433 434 1453 432 2751 3212 2864 4387 4577
1108 10 2 1 3 672 1369 1452 673 4145 4578 3962 3614 4579
1109 10 2 1 3 535 635 690 1186 3368 4137 4580 4139 4581
1110 10 2 1 3 887 757 1285 937 3306 4582 1898 1634 4583
1111 10 2 1 3 658 700 1308 791 4584 4397 2404 3944 4585
1112 10 2 1 3 923 956 1310 853 4586 1689 4587 4368 4588
1113 10 2 1 3 1452 863 1205 1477 4589 3654 4590 3963 4591
1114 10 2 1 3 374 1359 117 118 3322 4348 165 3107 4592
1115 10 2 1 3 1092 1249 777 1231 4593 4328 3876 3397 4594
1116 10 2 1 3 837 927 1333 856 3775 4595 4596 4110 4597
1117 10 2 1 3 593 1267 660 586 4598 4599 4600 3263 4601
1118 10 2 1 3 417 416 1309 418 3249 4546 4419 3566 4602
1119 10 2 1 3 520 522 597 1269 3392 4152 4538 4603 4604
1120 10 2 1 3 670 1023 1021 1022 4130 4605 1966 2991 4606
1121 10 2 1 3 943 944 1406 946 1710 2894 4607 2385 4608
1122 10 2 1 3 622 695 807 1275 3455 4142 4609 4096 4610
1123 10 2 1 3 24 23 370 1326 63 4515 3317 4565 4611
1124 10 2 1 3 806 1226 1472 1223 4612 4562 4613 4115 4614
1125 10 2 1 3 792 712 1307 810 3233 4615 4393 4616 4617
1126 10 2 1 3 1442 998 999 1383 4618 4619 4620 3038 4621
1127 10 2 1 3 730 1157 1319 830 1863 2717 4303 3558 4622
1128 10 2 1 3 1005 1034 1383 999 4483 2032 4620 2361 4623
1129 10 2 1 3 583 1278 581 580 4624 4625 4133 3165 4626
1130 10 2 1 3 1265 1352 472 475 4280 4263 2121 4627 4628
1131 10 2 1 3 466 520 1269 1184 3259 4603 4629 3843 4630
1132 10 2 1 3 950 951 1355 848 4312 4631 4632 4192 4633
1133 10 2 1 3 1043 1045 1397 1046 1879 4634 4635 4636 4637
1134 10 2 1 3 926 1432 697 1204 4501 4638 1499 1902 4639
1135 10 2 1 3 1419 1268 835 838 2073 4510 4109 3682 4640
1136 10 2 1 3 867 843 841 1320 4641 3236 4642 4643 4644
1137 10 2 1 3 827 1327 1430 847 3990 4645 4166 4225 4646
1138 10 2 1 3 397 623 1417 399 4647 4410 4648 3269 4649
1139 10 2 1 3 679 612 614 1283 4650 4160 4508 1599 4651
1140 10 2 1 3 1439 692 1305 1227 3582 4652 4653 4654 4655
1141 10 2 1 3 403 401 1417 509 3399 4656 4409 4657 4658
1142 10 2 1 3 518 508 1330 1259 3670 4659 4355 4405 4660
1143 10 2 1 3 378 1327 1060 1277 4661 3989 4370 3835 4662
1144 10 2 1 3 347 1151 1422 1152 3788 4663 3621 2708 4664
1145 10 2 1 3 1036 1364 1236 877 3978 4665 3521 1844 4666
1146 10 2 1 3 615 603 605 1287 4525 4200 4520 4667 4668
1147 10 2 1 3 630 1270 1307 712 4554 3946 4615 4235 4669
1148 10 2 1 3 438 1031 1366 437 3115 4475 1919 2686 4670
1149 10 2 1 3 380 1034 1351 1292 2033 4482 4671 3560 4672
1150 10 2 1 3 1195 1063 1062 1324 4673 3841 4493 2092 4674
1151 10 2 1 3 586 660 1278 583 4600 4675 4624 3190 4676
1152 10 2 1 3 1313 1214 1374 867 3725 4450 4677 4678 4679
1153 10 2 1 3 600 601 1288 599 4232 4526 4680 4255 4681
1154 10 2 1 3 783 1074 1443 784 2557 2917 4682 4395 4683
1155 10 2 1 3 357 39 38 1338 3890 78 4478 4684 4685
1156 10 2 1 3 994 998 1442 996 3377 4618 4083 3370 4686
1157 10 2 1 3 999 998 1336 1000 4619 3376 2271 2362 4687
1158 10 2 1 3 781 816 1332 751 3541 4357 4688 2764 4689
1159 10 2 1 3 721 723 1280 667 4690 4691 4692 3333 4693
1160 10 2 1 3 188 189 363 1376 202 4442 4694 4320 4695
1161 10 2 1 3 368 34 33 1328 3927 73 4128 4543 4696
1162 10 2 1 3 427 422 1412 428 2528 3254 3705 3901 4697
1163 10 2 1 3 1462 946 1406 1237 3569 4607 4698 4316 4699
1164 10 2 1 3 750 751 1332 702 2252 4688 3592 2054 4700
1165 10 2 1 3 881 1363 1389 680 3681 4701 1947 2469 4702
1166 10 2 1 3 1043 1046 1343 1314 4636 1606 4703 1778 4704
1167 10 2 1 3 526 1186 1398 1008 4140 4705 4706 3179 4707
1168 10 2 1 3 890 962 1446 1346 2409 4345 4708 4709 4710
1169 10 2 1 3 1192 1189 1333 927 4332 1726 4595 2559 4711
1170 10 2 1 3 993 997 1317 1181 3371 3091 1786 3642 4712
1171 10 2 1 3 667 1280 1267 593 4692 4713 4598 3309 4714
1172 10 2 1 3 1097 1098 1400 1011 2860 3168 4715 1825 4716
1173 10 2 1 3 1150 1321 1220 383 4717 4718 2564 3697 4719
1174 10 2 1 3 96 1130 1394 376 4067 2747 3506 4031 4720
1175 10 2 1 3 860 920 1387 921 2380 4099 2853 2344 4721
1176 10 2 1 3 235 393 1405 234 3074 4722 4093 282 4723
1177 10 2 1 3 581 1278 1431 957 4625 4724 4725 4726 4727
1178 10 2 1 3 332 1396 114 115 4495 4036 162 3760 4728
1179 10 2 1 3 805 1030 1416 840 4114 4422 4729 3887 4730
1180 10 2 1 3 491 498 1462 499 3802 3570 4315 1667 4731
1181 10 2 1 3 656 697 1432 657 4177 4638 4732 4085 4733
1182 10 2 1 3 435 433 1330 508 2752 4386 4659 3266 4734
1183 10 2 1 3 723 721 772 1331 4690 3380 4735 4736 4737
1184 10 2 1 3 822 1221 1331 772 1829 4738 4735 4739 4740
1185 10 2 1 3 1458 1302 976 1257 3429 4017 2807 4196 4741
1186 10 2 1 3 517 659 1368 589 4742 4505 4743 2720 4744
1187 10 2 1 3 1029 370 1198 1315 3318 4514 4745 1854 4746
1188 10 2 1 3 901 1428 1455 902 4747 4748 4749 2114 4750
1189 10 2 1 3 486 1273 1311 495 4373 3916 4051 3829 4751
1190 10 2 1 3 7 1232 1344 387 4752 4753 1807 3832 4754
1191 10 2 1 3 355 91 92 1411 3791 139 4755 3752 4756
1192 10 2 1 3 945 979 1475 985 2498 4757 4758 2904 4759
1193 10 2 1 3 792 810 1438 888 4616 3548 4179 2861 4760
1194 10 2 1 3 1010 977 1362 1451 3998 4019 4761 3588 4762
1195 10 2 1 3 1168 1169 1373 386 4763 3673 3972 3218 4764
1196 10 2 1 3 553 562 1434 563 2777 2037 3794 2333 4765
1197 10 2 1 3 1355 1361 826 839 4766 4767 4223 4768 4769
1198 10 2 1 3 377 1413 102 103 3625 4078 150 3383 4770
1199 10 2 1 3 928 930 1469 929 1742 4771 4772 1673 4773
1200 10 2 1 3 1135 1339 403 509 4342 4415 4657 1481 4774
1201 10 2 1 3 13 12 1337 352 52 4022 3094 4040 4775
1202 10 2 1 3 589 1368 1305 692 4743 3954 4652 2760 4776
1203 10 2 1 3 385 237 238 1459 3032 285 3537 3851 4777
1204 10 2 1 3 646 698 1353 644 3799 4497 3936 2254 4778
1205 10 2 1 3 853 1310 1392 852 4587 4779 2479 2197 4780
1206 10 2 1 3 1199 552 1364 1296 3780 4781 3977 2965 4782
1207 10 2 1 3 772 773 1388 822 3379 3340 4783 4739 4784
1208 10 2 1 3 426 1365 1177 1273 4785 1664 3917 4372 4786
1209 10 2 1 3 950 1182 1356 953 4191 4787 4788 4313 4789
1210 10 2 1 3 1411 92 93 1445 4755 140 4363 2770 4790
1211 10 2 1 3 905 770 1370 957 2351 3777 4791 4792 4793
1212 10 2 1 3 833 832 1360 841 3553 4464 4794 3235 4795
1213 10 2 1 3 1281 373 1101 1386 4044 3243 2171 3459 4796
1214 10 2 1 3 956 923 1338 1254 4586 4797 4477 2709 4798
1215 10 2 1 3 836 1159 353 1322 3011 4471 2561 3774 4799
1216 10 2 1 3 864 1220 1321 855 1941 4718 3782 3385 4800
1217 10 2 1 3 868 1321 1150 1427 3783 4717 4801 4532 4802
1218 10 2 1 3 1185 745 591 554 3848 4325 3687 2453 4803
1219 10 2 1 3 1304 1252 1447 1054 1763 4804 3453 4365 4805
1220 10 2 1 3 892 894 1467 891 1852 4806 1995 2303 4807
1221 10 2 1 3 1014 1015 1371 846 4808 2027 4147 4267 4809
1222 10 2 1 3 1182 1149 384 1356 3707 3660 4382 4787 4810
1223 10 2 1 3 782 876 1350 875 4339 2514 2163 4811 4812
1224 10 2 1 3 758 760 886 1354 4252 4813 4015 3336 4814
1225 10 2 1 3 850 913 1478 849 3314 4815 2574 2292 4816
1226 10 2 1 3 181 1256 1407 180 3881 4817 4154 194 4818
1227 10 2 1 3 423 1365 426 420 1665 4785 3563 4420 4819
1228 10 2 1 3 1207 564 1425 1110 3845 4820 4249 3919 4821
1229 10 2 1 3 382 1397 1045 1347 4822 4634 4823 4824 4825
1230 10 2 1 3 1046 1397 382 1145 4635 4822 3343 1607 4826
1231 10 2 1 3 1242 1314 1343 970 1779 4703 4512 4239 4827
1232 10 2 1 3 900 854 869 1379 4375 3044 4828 2262 4829
1233 10 2 1 3 763 764 1409 704 2399 4436 3985 2536 4830
1234 10 2 1 3 800 845 1348 1213 3146 4831 4832 1984 4833
1235 10 2 1 3 1298 1438 1068 447 4180 3547 3131 3987 4834
1236 10 2 1 3 517 1237 1406 659 3069 4698 4506 4742 4835
1237 10 2 1 3 1065 1064 1342 1170 4491 4836 2694 2927 4837
1238 10 2 1 3 1213 1348 369 1155 4832 4838 4220 4306 4839
1239 10 2 1 3 570 1275 807 1349 3419 4609 4840 4841 4842
1240 10 2 1 3 279 280 1377 390 327 4287 2444 3518 4843
1241 10 2 1 3 86 391 1378 85 2839 4452 4289 133 4844
1242 10 2 1 3 1261 1265 475 1350 4522 4627 2161 2517 4845
1243 10 2 1 3 899 1441 570 1349 3970 4846 4841 4540 4847
1244 10 2 1 3 1076 355 1435 1224 3792 3751 4848 3511 4849
1245 10 2 1 3 1063 1195 1460 1194 4673 4850 4851 2318 4852
1246 10 2 1 3 851 1433 1346 1248 3435 4853 4854 3574 4855
1247 10 2 1 3 845 1153 1471 1348 3441 3717 4856 4831 4857
1248 10 2 1 3 502 493 1480 1136 3838 4858 2933 4058 4859
1249 10 2 1 3 381 1143 1391 1297 3409 4860 4861 4071 4862
1250 10 2 1 3 191 192 1378 1214 205 4290 4451 3727 4863
1251 10 2 1 3 549 1236 1364 552 4061 4665 4781 3594 4864
1252 10 2 1 3 838 856 1389 1363 4108 4865 4701 3680 4866
1253 10 2 1 3 808 809 1349 807 4275 4541 4840 3930 4867
1254 10 2 1 3 1053 1119 1367 729 2495 4868 1790 3897 4869
1255 10 2 1 3 602 638 1399 604 4552 4870 4260 4198 4871
1256 10 2 1 3 1279 1357 1242 942 4439 1562 4238 4567 4872
1257 10 2 1 3 218 219 1407 1168 232 4155 4873 3220 4874
1258 10 2 1 3 760 826 1361 886 4227 4767 2962 4813 4875
1259 10 2 1 3 540 929 1331 1221 1674 4876 4738 1945 4877
1260 10 2 1 3 1042 639 1387 1044 2618 2854 4098 1881 4878
1261 10 2 1 3 1423 1380 822 1388 4879 1830 4783 4880 4881
1262 10 2 1 3 474 478 1450 875 2650 3870 4882 2162 4883
1263 10 2 1 3 843 867 1374 866 4641 4677 2387 3226 4884
1264 10 2 1 3 612 679 1390 610 4650 1827 4571 4182 4885
1265 10 2 1 3 1109 359 1319 1473 3172 4304 2716 3451 4886
1266 10 2 1 3 1171 1132 382 1347 3162 4112 4824 4887 4888
1267 10 2 1 3 841 1360 363 1320 4794 4889 4890 4642 4891
1268 10 2 1 3 464 1184 1269 1401 3207 4629 4537 4194 4892
1269 10 2 1 3 867 1320 363 1313 4643 4890 4441 4678 4893
1270 10 2 1 3 690 755 1398 1186 4277 4894 4705 4580 4895
1271 10 2 1 3 847 848 1355 839 4165 4632 4768 4222 4896
1272 10 2 1 3 130 131 1408 1233 178 4104 4897 3222 4898
1273 10 2 1 3 1258 1282 1456 1124 4117 4074 3194 3545 4899
1274 10 2 1 3 330 1358 1315 1198 4900 4901 4745 4457 4902
1275 10 2 1 3 1440 802 1395 1299 4448 4530 4903 4904 4905
1276 10 2 1 3 1227 1226 806 1439 4563 4612 4906 4654 4907
1277 10 2 1 3 1248 1346 1446 360 4854 4708 4908 4049 4909
1278 10 2 1 3 1131 480 1244 1455 2792 4377 4910 4911 4912
1279 10 2 1 3 920 1171 1347 1325 2379 4887 4913 4100 4914
1280 10 2 1 3 1173 978 1011 1400 2781 4318 4715 3121 4915
1281 10 2 1 3 1058 1367 1119 1128 3808 4868 3009 2938 4916
1282 10 2 1 3 1081 385 1478 913 3033 3850 4815 1532 4917
1283 10 2 1 3 1196 907 906 1402 4069 3290 1923 4918 4919
1284 10 2 1 3 1238 1233 1408 392 1895 4897 4920 3861 4921
1285 10 2 1 3 620 724 1477 1205 3627 1638 4590 3738 4922
1286 10 2 1 3 985 1228 1461 986 2813 4923 4924 2902 4925
1287 10 2 1 3 907 1297 1391 908 4072 4861 4046 3291 4926
1288 10 2 1 3 1142 1410 1318 342 4927 4928 1931 3413 4929
1289 10 2 1 3 1179 1334 1358 330 4930 4931 4900 4430 4932
1290 10 2 1 3 687 821 1372 1052 4173 4933 4934 4935 4936
1291 10 2 1 3 1169 1168 1407 1256 4763 4873 4817 3531 4937
1292 10 2 1 3 7 6 1405 1232 46 4094 4938 4752 4939
1293 10 2 1 3 720 1392 1310 785 3885 4779 1688 1975 4940
1294 10 2 1 3 43 392 1408 44 3491 4920 4103 83 4941
1295 10 2 1 3 933 1391 1143 334 4047 4860 4205 1509 4942
1296 10 2 1 3 379 1342 1064 1272 2491 4836 4350 3818 4943
1297 10 2 1 3 400 399 1417 401 3270 4648 4656 3053 4944
1298 10 2 1 3 1244 1463 902 1455 4945 3064 4749 4910 4946
1299 10 2 1 3 782 875 1450 779 4811 4882 4947 4054 4948
1300 10 2 1 3 1284 1162 1308 1385 4454 2405 4949 3501 4950
1301 10 2 1 3 1246 1234 1429 798 1706 3279 4951 4403 4952
1302 10 2 1 3 348 1379 869 1323 2263 4828 3874 3601 4953
1303 10 2 1 3 613 1163 1415 616 3350 4954 3631 4185 4955
1304 10 2 1 3 470 1421 918 1468 4265 4956 1625 2182 4957
1305 10 2 1 3 505 504 1425 564 3825 4559 4820 3635 4958
1306 10 2 1 3 1341 1167 339 1403 4959 4207 4960 4961 4962
1307 10 2 1 3 1334 1404 874 1393 4963 4964 1547 4965 4966
1308 10 2 1 3 1376 880 1211 1418 4967 3447 1582 4321 4968
1309 10 2 1 3 267 337 1427 1150 4434 4969 4801 3696 4970
1310 10 2 1 3 581 957 1370 876 4726 4791 2515 4338 4971
1311 10 2 1 3 1344 1232 1405 393 4753 4938 4722 1530 4972
1312 10 2 1 3 1327 378 1144 1430 4661 3689 2341 4645 4973
1313 10 2 1 3 880 1376 363 1360 4967 4694 4889 4463 4974
1314 10 2 1 3 561 1329 1470 683 4573 2524 4975 4300 4976
1315 10 2 1 3 1308 784 1443 1385 4396 4682 3502 4949 4977
1316 10 2 1 3 1228 1079 1227 1461 3893 4561 4978 4923 4979
1317 10 2 1 3 674 1264 1429 1072 3605 4980 2822 2135 4981
1318 10 2 1 3 1471 1403 339 1156 3716 4960 4124 4982 4983
1319 10 2 1 3 1243 1301 1463 556 4984 3065 4985 4353 4986
1320 10 2 1 3 742 1240 1439 806 3201 3583 4906 3814 4987
1321 10 2 1 3 1126 367 1437 1290 3769 4988 2249 3862 4989
1322 10 2 1 3 1290 840 1416 1238 3888 4729 1892 3860 4990
1323 10 2 1 3 1302 615 1287 1362 3428 4667 4991 4018 4992
1324 10 2 1 3 1455 1428 821 1131 4748 4993 4172 4911 4994
1325 10 2 1 3 409 407 1480 493 3466 4569 4858 3722 4995
1326 10 2 1 3 607 1399 1355 951 4261 4996 4631 1558 4997
1327 10 2 1 3 381 1196 1410 1142 4070 4998 4927 4203 4999
1328 10 2 1 3 1100 372 1475 1345 3895 5000 5001 4489 5002
1329 10 2 1 3 9 360 1446 10 3865 4908 4344 49 5003
1330 10 2 1 3 1044 1325 1347 1045 4101 4913 4823 1882 5004
1331 10 2 1 3 828 1301 1414 829 3066 5005 1578 2981 5006
1332 10 2 1 3 658 657 1432 700 4460 4732 4500 4584 5007
1333 10 2 1 3 883 1437 367 1125 2246 4988 3879 3026 5008
1334 10 2 1 3 1334 1179 371 1404 4930 4444 5009 4963 5010
1335 10 2 1 3 1070 1422 1151 368 1717 4663 3928 4544 5011
1336 10 2 1 3 1167 1341 1404 371 4959 5012 5009 4308 5013
1337 10 2 1 3 1402 831 1410 1196 4294 5014 4998 4918 5015
1338 10 2 1 3 790 918 1421 1352 1720 4956 4264 4279 5016
1339 10 2 1 3 1019 1021 1435 1020 1967 5017 3750 3720 5018
1340 10 2 1 3 1223 1472 1078 361 4613 4241 3867 1651 5019
1341 10 2 1 3 1388 1015 1014 1423 2028 4808 3610 4880 5020
1342 10 2 1 3 1201 1039 1447 1252 2970 2667 4804 3911 5021
1343 10 2 1 3 858 857 1341 1403 4121 5022 4961 3715 5023
1344 10 2 1 3 872 1345 1475 979 4090 5001 4757 2179 5024
1345 10 2 1 3 1052 1466 793 1476 5025 1817 5026 5027 5028
1346 10 2 1 3 372 1235 985 1475 2956 2814 4758 5000 5029
1347 10 2 1 3 544 570 1441 1200 3420 4846 3111 3949 5030
1348 10 2 1 3 757 947 1384 1285 4285 5031 2313 4582 5032
1349 10 2 1 3 1194 1460 953 1356 4851 5033 4788 4381 5034
1350 10 2 1 3 723 1331 929 1469 4736 4876 4772 5035 5036
1351 10 2 1 3 897 752 1467 894 4270 2295 4806 5037 5038
1352 10 2 1 3 1301 1243 936 1414 4984 2426 1812 5005 5039
1353 10 2 1 3 572 779 1450 1260 4055 4947 3869 3405 5040
1354 10 2 1 3 1292 1351 1427 337 4671 4533 4969 4433 5041
1355 10 2 1 3 684 683 1470 685 4301 4975 4413 4245 5042
1356 10 2 1 3 1102 1276 1457 374 4575 5043 3323 3106 5044
1357 10 2 1 3 789 745 1479 790 4326 3847 1721 4282 5045
1358 10 2 1 3 1065 1415 1163 1324 2926 4954 2089 4492 5046
1359 10 2 1 3 1299 1395 1267 1280 4903 5047 4713 5048 5049
1360 10 2 1 3 1023 1224 1435 1021 2734 4848 5017 4605 5050
1361 10 2 1 3 687 1052 1476 1263 4935 5027 5051 4556 5052
1362 10 2 1 3 473 556 1463 1244 3746 4985 4945 4296 5053
1363 10 2 1 3 1348 1471 1156 369 4856 4982 4064 4838 5054
1364 10 2 1 3 952 953 1460 1291 4311 5033 5055 2447 5056
1365 10 2 1 3 811 1318 1410 831 3514 4928 5014 4293 5057
1366 10 2 1 3 711 1291 1460 1195 2448 5055 4850 2091 5058
1367 10 2 1 3 1092 1093 1464 1249 2883 5059 5060 4593 5061
1368 10 2 1 3 1280 723 1469 1299 4691 5035 5062 5048 5063
1369 10 2 1 3 397 1249 1464 623 4329 5060 4335 4647 5064
1370 10 2 1 3 1315 1358 897 894 4901 5065 5037 1851 5066
1371 10 2 1 3 857 874 1404 1341 2142 4964 5012 5022 5067
1372 10 2 1 3 715 798 1429 1264 3968 4951 4980 4407 5068
1373 10 2 1 3 821 1428 901 1372 4993 4747 4550 4933 5069
1374 10 2 1 3 1138 1436 1335 333 3012 2324 3346 4218 5070
1375 10 2 1 3 1051 1293 1454 885 3240 2732 1802 3040 5071
1376 10 2 1 3 861 863 1452 1369 3469 4589 4578 4150 5072
1377 10 2 1 3 986 1461 1227 1305 4924 4978 4653 3953 5073
1378 10 2 1 3 599 1288 1458 1401 4680 3426 4195 4536 5074
1379 10 2 1 3 1278 660 1444 1431 4675 5075 5076 4724 5077
1380 10 2 1 3 1361 1355 1399 638 4766 4996 4870 2963 5078
1381 10 2 1 3 1095 1375 1464 1093 2590 4336 5059 2087 5079
1382 10 2 1 3 788 1382 1420 1203 1871 5080 4391 3925 5081
1383 10 2 1 3 947 1476 793 1384 5082 5026 4417 5031 5083
1384 10 2 1 3 660 1267 1395 1444 4599 5047 4529 5075 5084
1385 10 2 1 3 1358 1334 1393 897 4931 4965 4271 5065 5085
1386 10 2 1 3 871 1050 1457 1276 1597 4427 5043 4400 5086
1387 10 2 1 3 856 1333 910 1389 4596 1725 1948 4865 5087
1388 10 2 1 3 727 1263 1476 947 4486 5051 5082 4284 5088
1389 10 2 1 3 957 1431 1444 905 4725 5076 4528 4792 5089
1390 10 2 1 3 959 1380 1423 569 1831 4879 3609 2220 5090
1391 10 2 1 3 1440 1299 1469 930 4904 5062 4771 1741 5091
1392 10 2 1 3 932 934 1420 1382 1781 3743 5080 1870 5092
1393 10 2 1 3 971 890 1346 1433 1748 4709 4853 3434 5093
1394 10 2 1 3 1052 1372 903 1466 4934 4549 1818 5025 5094
1395 10 2 1 3 609 1451 1362 1287 3589 4761 4991 4519 5095
1396 10 2 1 3 357 1338 923 1448 4684 4797 4367 3025 5096
1397 10 2 1 3 1008 1398 755 1474 4706 4894 4005 3804 5097
$EndElements
