$MeshFormat
2.2 0 8
$EndMeshFormat
$PhysicalNames
6
2 1 "xplane"
2 2 "yplane"
2 3 "zplane"
2 4 "inner"
2 5 "outer"
3 1 "domain"
$EndPhysicalNames
$Nodes
5423
1 7.477970903957901e-32 6.735557395310443e-16 11
2 1.221245327087672e-15 11 0
3 11 0 0
4 6.798155367234456e-32 6.123233995736766e-16 10
5 1.110223024625157e-15 10 0
6 10 0 0
7 1.218630547097881e-15 10.97644815562464 0.7194344215315751
8 1.210797404017851e-15 10.90589347511191 1.435788114420563
9 1.197779440568817e-15 10.78863808443553 2.145993542177411
10 1.179632401668823e-15 10.62518408917975 2.847009496127723
11 1.156433995724422e-15 10.41623142444616 3.535834118334776
12 1.128283561871352e-15 10.16267485762416 4.20951775601598
13 1.095301644589105e-15 9.865600156859573 4.865175592409011
14 1.05762947751096e-15 9.526279441628825 5.5
15 1.015428378639882e-15 9.146165735327999 6.11127256321562
16 9.688790595600669e-16 8.726886743203588 6.696375719095926
17 9.181808516021967e-16 8.270237882268756 7.252803966100752
18 8.635508522760773e-16 7.778174593052032 7.778174593052014
19 8.052229956257722e-16 7.252803966100765 8.270237882268745
20 7.43447050488115e-16 6.696375719095938 8.726886743203579
21 6.784875509441994e-16 6.111272563215634 9.146165735327992
22 6.106226635438376e-16 5.500000000000013 9.526279441628818
23 5.401429961536835e-16 4.865175592409025 9.865600156859566
24 4.67350353529739e-16 4.209517756016004 10.16267485762415
25 3.925564449430475e-16 3.53583411833479 10.41623142444616
26 3.16081549392748e-16 2.847009496127738 10.62518408917975
27 2.382531441222265e-16 2.145993542177417 10.78863808443553
28 1.594045023112865e-16 1.435788114420579 10.90589347511191
29 7.987326594922418e-17 0.7194344215315811 10.97644815562464
30 1.22059145704512e-15 10.99411046224002 0.3599099110395369
31 1.215364697037443e-15 10.94703199339417 1.07818854362516
32 1.204933558810869e-15 10.85307665293367 1.791850207340474
33 1.189342710100701e-15 10.71264677205067 2.497838893378107
34 1.168658913314668e-15 10.5263436930543 3.193131449799082
35 1.142970739646042e-15 10.29496519433059 3.874750527133559
36 1.11238818979819e-15 10.01950207413294 4.539777327848337
37 1.07704222294468e-15 9.701133907831906 5.185364105085973
38 1.037084195941992e-15 9.341223996792367 5.808746357154051
39 9.926852151962172e-16 8.941313530507768 6.407254665545821
40 9.44035403959166e-16 8.503114986990111 6.978326125800093
41 8.913430881914092e-16 8.028504799676195 7.51951532225158
42 8.348339044785372e-16 7.519515322251593 8.028504799676185
43 7.747498338206553e-16 6.978326125800113 8.503114986990095
44 7.113481654325941e-16 6.407254665545834 8.94131353050776
45 6.449003949919935e-16 5.808746357154055 9.341223996792364
46 5.756910620531282e-16 5.185364105085987 9.701133907831899
47 5.040165316048517e-16 4.53977732784836 10.01950207413293
48 4.301837249902167e-16 3.874750527133584 10.29496519433058
49 3.545088056221665e-16 3.193131449799097 10.52634369305429
50 2.773158251232602e-16 2.497838893378113 10.71264677205067
51 1.989353356868761e-16 1.79185020734048 10.85307665293367
52 1.197029746019735e-16 1.078188543625176 10.94703199339416
53 3.995802700268924e-17 0.359909911039543 10.99411046224002
54 10.97644815562464 0.7194344215315727 0
55 10.90589347511191 1.435788114420566 0
56 10.78863808443554 2.145993542177408 0
57 10.62518408917975 2.847009496127725 0
58 10.41623142444616 3.535834118334772 0
59 10.16267485762416 4.20951775601598 0
60 9.865600156859575 4.865175592409004 0
61 9.526279441628832 5.499999999999989 0
62 9.146165735328005 6.111272563215613 0
63 8.726886743203593 6.696375719095918 0
64 8.270237882268759 7.252803966100749 0
65 7.778174593052031 7.778174593052015 0
66 7.252803966100765 8.270237882268745 0
67 6.696375719095935 8.726886743203581 0
68 6.111272563215633 9.146165735327992 0
69 5.500000000000005 9.526279441628823 0
70 4.865175592409023 9.865600156859568 0
71 4.209517756015993 10.16267485762415 0
72 3.535834118334784 10.41623142444616 0
73 2.847009496127731 10.62518408917975 0
74 2.145993542177414 10.78863808443553 0
75 1.435788114420571 10.90589347511191 0
76 0.7194344215315736 10.97644815562464 0
77 10.99411046224002 0.359909911039537 0
78 10.94703199339417 1.078188543625165 0
79 10.85307665293367 1.791850207340474 0
80 10.71264677205067 2.497838893378102 0
81 10.5263436930543 3.193131449799082 0
82 10.29496519433059 3.874750527133562 0
83 10.01950207413294 4.539777327848333 0
84 9.70113390783191 5.185364105085964 0
85 9.341223996792376 5.808746357154037 0
86 8.941313530507776 6.407254665545812 0
87 8.503114986990115 6.978326125800092 0
88 8.028504799676201 7.519515322251575 0
89 7.519515322251593 8.028504799676185 0
90 6.978326125800107 8.5031149869901 0
91 6.407254665545831 8.941313530507761 0
92 5.808746357154055 9.341223996792364 0
93 5.18536410508598 9.701133907831903 0
94 4.539777327848348 10.01950207413293 0
95 3.874750527133574 10.29496519433058 0
96 3.19313144979909 10.5263436930543 0
97 2.497838893378108 10.71264677205067 0
98 1.791850207340479 10.85307665293367 0
99 1.078188543625168 10.94703199339416 0
100 0.3599099110395378 10.99411046224002 0
101 10.97644815562464 0 0.7194344215315751
102 10.90589347511191 0 1.435788114420563
103 10.78863808443553 0 2.145993542177411
104 10.62518408917975 0 2.847009496127723
105 10.41623142444616 0 3.535834118334776
106 10.16267485762416 0 4.20951775601598
107 9.865600156859573 0 4.865175592409011
108 9.526279441628825 0 5.5
109 9.146165735327999 0 6.11127256321562
110 8.726886743203588 0 6.696375719095926
111 8.270237882268756 0 7.252803966100752
112 7.778174593052032 0 7.778174593052014
113 7.252803966100765 0 8.270237882268745
114 6.696375719095938 0 8.726886743203579
115 6.111272563215634 0 9.146165735327992
116 5.500000000000013 0 9.526279441628818
117 4.865175592409025 0 9.865600156859566
118 4.209517756016004 0 10.16267485762415
119 3.53583411833479 0 10.41623142444616
120 2.847009496127738 0 10.62518408917975
121 2.145993542177417 0 10.78863808443553
122 1.435788114420579 0 10.90589347511191
123 0.7194344215315811 0 10.97644815562464
124 10.99411046224002 0 0.3599099110395369
125 10.94703199339417 0 1.07818854362516
126 10.85307665293367 0 1.791850207340474
127 10.71264677205067 0 2.497838893378107
128 10.5263436930543 0 3.193131449799082
129 10.29496519433059 0 3.874750527133559
130 10.01950207413294 0 4.539777327848337
131 9.701133907831906 0 5.185364105085973
132 9.341223996792367 0 5.808746357154051
133 8.941313530507768 0 6.407254665545821
134 8.503114986990111 0 6.978326125800093
135 8.028504799676195 0 7.51951532225158
136 7.519515322251593 0 8.028504799676185
137 6.978326125800113 0 8.503114986990095
138 6.407254665545834 0 8.94131353050776
139 5.808746357154055 0 9.341223996792364
140 5.185364105085987 0 9.701133907831899
141 4.53977732784836 0 10.01950207413293
142 3.874750527133584 0 10.29496519433058
143 3.193131449799097 0 10.52634369305429
144 2.497838893378113 0 10.71264677205067
145 1.79185020734048 0 10.85307665293367
146 1.078188543625176 0 10.94703199339416
147 0.359909911039543 0 10.99411046224002
148 0 0 10.5
149 0 0 10.25
150 0 0 10.75
151 1.165734175856414e-15 10.5 0
152 1.137978600240785e-15 10.25 0
153 1.193489751472043e-15 10.75 0
154 1.107118615874181e-15 9.972037971811801 0.747300935864243
155 1.097822750734255e-15 9.888308262251286 1.490422661761739
156 1.082387415453993e-15 9.749279121818237 2.225209339563142
157 1.060898930689436e-15 9.555728057861407 2.947551744109043
158 1.033477468763926e-15 9.308737486442045 3.653410243663945
159 1.000276381615727e-15 9.009688679024192 4.338837391175579
160 9.614813431917819e-16 8.660254037844386 5
161 9.173093110836863e-16 8.262387743159952 5.633200580636215
162 8.680073132128263e-16 7.8183148246803 6.234898018587334
163 8.138510663500424e-16 7.330518718298263 6.801727377709193
164 7.551434341956033e-16 6.801727377709192 7.330518718298266
165 6.922127336425429e-16 6.234898018587337 7.818314824680296
166 6.254108986954133e-16 5.63320058063622 8.262387743159948
167 5.55111512312578e-16 4.999999999999997 8.660254037844389
168 4.817077171787671e-16 4.338837391175575 9.009688679024194
169 4.056100170917112e-16 3.653410243663942 9.308737486442046
170 3.272439812583893e-16 2.947551744109039 9.555728057861408
171 2.470478643393935e-16 2.225209339563138 9.749279121818237
172 1.654701555511001e-16 1.490422661761744 9.888308262251286
173 8.296707053204062e-17 0.7473009358642396 9.972037971811801
174 1.109446650980226e-15 9.993007047883985 0.3739119427632508
175 1.103242175274624e-15 9.937122098932425 1.119644761033076
176 1.090867921808334e-15 9.825664732332882 1.859116071629146
177 1.072393092426203e-15 9.659258262890685 2.588190451025203
178 1.047921005868222e-15 9.438833303083676 3.302790619551668
179 1.017588519969222e-15 9.165622558699763 3.99892024319741
180 9.815652662943487e-16 8.841153935046101 4.672686282730615
181 9.400527014905395e-16 8.467241992282844 5.320320765153363
182 8.932829806592361e-16 8.045977797666684 5.938201855735016
183 8.41517659050887e-16 7.579717231454533 6.522874112781207
184 7.850462293418871e-16 7.071067811865471 7.071067811865479
185 7.241845026741091e-16 6.522874112781212 7.579717231454531
186 6.592728425108851e-16 5.93820185573502 8.04597779766668
187 5.90674261186459e-16 5.32032076515336 8.467241992282844
188 5.187723897937668e-16 4.67268628273062 8.841153935046098
189 4.439693327637383e-16 3.998920243197399 9.165622558699766
190 3.666834191342245e-16 3.302790619551665 9.438833303083678
191 2.873468630843154e-16 2.588190451025207 9.659258262890683
192 2.064033468173346e-16 1.859116071629143 9.825664732332882
193 1.243055393099849e-16 1.119644761033073 9.937122098932425
194 4.151256480380909e-17 0.3739119427632563 9.993007047883985
195 10.5 0 0
196 10.25 0 0
197 10.75 0 0
198 9.972037971811801 0.747300935864242 0
199 9.888308262251286 1.490422661761743 0
200 9.749279121818237 2.225209339563142 0
201 9.555728057861408 2.94755174410904 0
202 9.308737486442043 3.653410243663948 0
203 9.009688679024192 4.33883739117558 0
204 8.660254037844387 4.999999999999999 0
205 8.262387743159948 5.63320058063622 0
206 7.818314824680299 6.234898018587334 0
207 7.330518718298266 6.801727377709192 0
208 6.801727377709199 7.330518718298258 0
209 6.234898018587343 7.818314824680291 0
210 5.633200580636232 8.262387743159941 0
211 5.000000000000014 8.660254037844378 0
212 4.338837391175599 9.009688679024183 0
213 3.65341024366397 9.308737486442034 0
214 2.94755174410906 9.555728057861401 0
215 2.225209339563158 9.749279121818233 0
216 1.490422661761753 9.888308262251284 0
217 0.7473009358642482 9.972037971811801 0
218 9.993007047883985 0.373911942763256 0
219 9.937122098932425 1.119644761033078 0
220 9.825664732332882 1.859116071629145 0
221 9.659258262890683 2.588190451025207 0
222 9.438833303083676 3.302790619551669 0
223 9.165622558699763 3.998920243197408 0
224 8.841153935046099 4.672686282730619 0
225 8.46724199228284 5.320320765153365 0
226 8.045977797666684 5.938201855735016 0
227 7.579717231454532 6.52287411278121 0
228 7.071067811865479 7.071067811865471 0
229 6.522874112781219 7.579717231454524 0
230 5.938201855735025 8.045977797666676 0
231 5.320320765153379 8.467241992282833 0
232 4.672686282730637 8.841153935046089 0
233 3.998920243197429 9.165622558699752 0
234 3.30279061955169 9.438833303083669 0
235 2.588190451025222 9.659258262890679 0
236 1.859116071629158 9.82566473233288 0
237 1.119644761033086 9.937122098932425 0
238 0.3739119427632582 9.993007047883985 0
239 9.972037971811801 0 0.747300935864243
240 9.888308262251286 0 1.490422661761739
241 9.749279121818237 0 2.225209339563142
242 9.555728057861407 0 2.947551744109043
243 9.308737486442045 0 3.653410243663945
244 9.009688679024192 0 4.338837391175579
245 8.660254037844386 0 5
246 8.262387743159952 0 5.633200580636215
247 7.8183148246803 0 6.234898018587334
248 7.330518718298263 0 6.801727377709193
249 6.801727377709192 0 7.330518718298266
250 6.234898018587337 0 7.818314824680296
251 5.63320058063622 0 8.262387743159948
252 4.999999999999997 0 8.660254037844389
253 4.338837391175575 0 9.009688679024194
254 3.653410243663942 0 9.308737486442046
255 2.947551744109039 0 9.555728057861408
256 2.225209339563138 0 9.749279121818237
257 1.490422661761744 0 9.888308262251286
258 0.7473009358642396 0 9.972037971811801
259 9.993007047883985 0 0.3739119427632508
260 9.937122098932425 0 1.119644761033076
261 9.825664732332882 0 1.859116071629146
262 9.659258262890685 0 2.588190451025203
263 9.438833303083676 0 3.302790619551668
264 9.165622558699763 0 3.99892024319741
265 8.841153935046101 0 4.672686282730615
266 8.467241992282844 0 5.320320765153363
267 8.045977797666684 0 5.938201855735016
268 7.579717231454533 0 6.522874112781207
269 7.071067811865471 0 7.071067811865479
270 6.522874112781212 0 7.579717231454531
271 5.93820185573502 0 8.04597779766668
272 5.32032076515336 0 8.467241992282844
273 4.67268628273062 0 8.841153935046098
274 3.998920243197399 0 9.165622558699766
275 3.302790619551665 0 9.438833303083678
276 2.588190451025207 0 9.659258262890683
277 1.859116071629143 0 9.825664732332882
278 1.119644761033073 0 9.937122098932425
279 0.3739119427632563 0 9.993007047883985
280 0.6232708971499304 8.015606810898207 7.507435037471065
281 8.015606810892026 7.507435037477661 0.6232708971499932
282 7.512852561470112 0.591074041629333 8.012969353923921
283 6.413232622864955 8.912135395120469 0.6665508413179139
284 9.326217092599332 0.6232708971520345 5.799414464449956
285 0.6232708971520509 5.799414464450575 9.326217092598945
286 0.6096418194565834 9.377107801986952 5.718232779616889
287 5.188765403382552 0.610302296038177 9.680095283421068
288 9.705292086006066 5.149809627055077 0.5355056772797733
289 4.5468347267519 9.997572012151029 0.6122481763610291
290 3.212249991934477 0.6286508750945264 10.50172595655399
291 10.28174944816072 0.5805895121893854 3.866334711788733
292 0.6462470152859824 10.29100979472195 3.831120227840795
293 0.6060132032750247 3.909012105065083 10.26413037523935
294 10.50943286516293 3.18800160624118 0.6232708971522163
295 2.405902874137225 10.71833089682369 0.573597547425898
296 8.489454525363687 0.6232708971522131 6.967115274670364
297 6.396961254646026 0.6232708971522136 8.926949092233057
298 1.788971556277299 0.6232708971521861 10.8356409205729
299 10.7072117777573 0.6448484790661719 2.437167697410545
300 8.941777925807958 6.377651888859625 0.6084109713497788
301 0.5925197585425889 10.69780926188881 2.491143779869516
302 0.6232708971522144 6.967115274670377 8.489454525363676
303 0.6916922621151469 2.482244262194771 10.69392468822046
304 10.83067039412151 1.771417329095875 0.7474352547737697
305 0.7137013827134838 10.92200863429427 1.095608382915331
306 0.6232708971522206 1.076456407431743 10.92944531948727
307 10.93031014782272 0.6087603281557177 1.075979058935393
308 0.6226029466741653 7.50661755261198 8.016424295757451
309 1.244538658688686 7.727414825177527 7.729048042718841
310 1.243204904443843 8.219532512921965 7.203730063972797
311 1.861806586878006 7.914250412391914 7.409339825045959
312 1.859811315471834 7.405369776303831 7.91843421056516
313 2.47309083911422 7.575787546222892 7.582299437240887
314 2.466452058598351 7.05085181864292 8.074781908768545
315 3.07443794494285 7.205594428880866 7.721867665867927
316 3.061861072059627 6.66538027227656 8.197421094548718
317 3.663270774733589 6.805257557818193 7.827446378145374
318 3.668626941791538 7.330456485246766 7.335228972558722
319 4.249602281929186 6.914970572130741 7.424558063076086
320 4.246472596264891 7.42490287964137 6.916522805359975
321 4.818342814777966 6.994049129762208 6.990482765142193
322 4.811754513704392 6.469210725273956 7.483069630295164
323 5.370174609328876 6.533860900363869 7.033483233790758
324 5.365844022368659 7.044201637645089 6.525867085361821
325 5.906170179692259 6.569461993316184 6.554336192696255
326 5.898416069629827 6.045078612774046 7.047390469877091
327 6.42176083417182 6.067160883434475 6.553666653349056
328 5.889759536737236 7.065213162485974 6.032702177966994
329 6.400803367176509 5.529796989497665 7.03214487263199
330 6.910406373522404 5.539450966690589 6.523861336694063
331 6.875183473913013 4.990224318437427 6.987811778497552
332 6.360923508750212 4.980063507244139 7.465763161234361
333 7.371583615762777 4.990013583147614 6.462160585734471
334 7.389931440578405 5.526537687250504 5.987177506551031
335 7.833719707886407 4.964411598533669 5.915019274576922
336 7.838343103573318 5.49199077364033 5.422030499076346
337 8.264317353513638 4.917781368285426 5.340082873341767
338 8.250665266510245 5.433327199703157 4.837920855178108
339 8.659960231423394 4.848902941105345 4.742702716585258
340 7.320682885823666 4.432262782182302 6.911052648829272
341 8.655474812810629 4.322890294154498 5.23405915800592
342 9.033303773467294 4.244691416829828 4.624069388769243
343 8.62818526954973 5.353429453914671 4.230273281513136
344 8.200801482537344 5.926293700074532 4.315773166475531
345 9.009119554306968 3.708988731557617 5.106776619882885
346 9.366870718417406 3.621757725413686 4.48827404721023
347 8.560681577835597 5.834696136509834 3.697438561694228
348 8.122739261199113 6.385281356864115 3.774823027409106
349 3.657014757444675 7.824575685698079 6.811920316813335
350 3.64348667447953 6.250607111801997 8.285826186131375
351 9.370593744238601 4.148521766085145 3.997716852999242
352 9.684822803397905 3.517769606707765 3.850909536837631
353 5.337370910469773 7.524831949283776 5.990774232026209
354 5.84925447012017 7.530207531980214 5.484723937363455
355 5.284877297833661 7.97369204883516 5.430497864577918
356 5.784828568116961 7.962452324656139 4.912749883219774
357 5.208588150778755 8.388858304089121 4.847439100131339
358 5.69675793399538 8.360095114765315 4.319231264187855
359 5.108830413626268 8.768551480977015 4.244096691907838
360 4.609603600872219 8.778927320248593 4.762561259303518
361 4.499430757335809 9.139815115712707 4.149566544897191
362 3.990441923071498 9.130987695646592 4.658480112713159
363 3.871170604716976 9.472294933716768 4.036045940999534
364 4.987175796474759 9.110756094841935 3.622457861087815
365 3.353756593031694 9.443530642403084 4.535641709911671
366 3.226742423795189 9.764566061431101 3.904021383449158
367 3.736549703862442 9.772714484647276 3.39591635823541
368 3.034890946771795 6.096887947778881 8.638136042771682
369 3.609359427653936 5.668882153895667 8.708403966700722
370 2.993643152089675 5.502553782760057 9.042123785139173
371 3.561035289785377 5.062575721167062 9.093368722995509
372 9.668124412534315 4.036317792839421 3.351941082263516
373 9.961613195657815 3.397470026311507 3.197414574372705
374 1.858044433749853 8.373494319718832 6.887108519534715
375 3.084659062611784 10.04404778893898 3.256068562078663
376 2.93829445932033 4.884924852231983 9.407652994151823
377 3.498721358515663 4.4342861969084 9.439070652313921
378 4.113896349008245 4.601759415098233 9.104925431609608
379 4.043424084496177 3.963786090322052 9.430754026221109
380 4.658448082945086 4.128294000460453 9.069512120520457
381 3.420166284876648 3.787312778479172 9.744676726385613
382 3.967344985591907 3.316651985937011 9.708758590544871
383 3.325706724031222 3.124428131367009 10.00887724161187
384 9.660693567561029 2.988673161857748 4.328837317949957
385 8.456553716389051 6.289476640795796 3.151060587597538
386 7.993447880265699 6.836143910134702 3.220547690285619
387 9.924568378845724 3.907702168833917 2.68938770974106
388 3.854606193762259 2.638727200069152 9.958871916769732
389 4.477398410360728 2.816431434607225 9.644719666690968
390 7.754482761482281 6.452871213330559 4.385025679063228
391 3.215747491319347 2.448473110127868 10.23053994181412
392 2.70227618566917 9.715216728298461 4.394572486437674
393 3.587438229397777 10.03131403704724 2.739165135656187
394 2.822800191412191 9.373649154424207 5.016622430393348
395 2.679837638901466 2.928201643073204 10.25885497346709
396 8.614540196783247 3.779498367115422 5.70132346836921
397 8.948947471251168 3.157921897274611 5.562721316720876
398 8.53302484565303 3.219828936539044 6.149812078664999
399 4.710937267359382 4.750703847654571 8.731430754171082
400 8.878645845274365 5.723124655070039 3.068467392155521
401 2.928115421100876 10.28077807967442 2.594560108611313
402 10.19605568391451 3.261374539402859 2.530589773995265
403 10.21218829840526 2.743656848843148 3.030438458987532
404 6.260693699709219 7.916196495287069 4.374648265452434
405 6.159808436124284 8.296396217058444 3.771812540388298
406 8.317432668279309 6.716985796532632 2.588902396348499
407 7.838637924133592 7.251553751896527 2.640212809167098
408 5.241236360737921 4.266127202604981 8.679262647372328
409 8.849050088957704 2.591068378499837 5.998389548958611
410 8.415585067968799 2.647507499160432 6.570284012557591
411 10.42501602074148 2.601283979824499 2.35634518345504
412 2.419174528464974 10.27208517198848 3.103523935825301
413 3.423630186416291 10.24592136565989 2.073608380426088
414 4.063648697264539 9.976773900454706 2.22502624803079
415 2.257003972260771 10.48700912753058 2.434866039084968
416 2.165398638920956 9.6248779764631 4.865467364267779
417 6.389062563398741 7.054947042104588 5.514308822878569
418 4.095728921689863 8.755141245892444 5.250952900617764
419 2.56356019213439 2.246484516590538 10.45855948293181
420 2.433864905176873 5.938188244032631 8.93388056791566
421 6.696978629402763 7.845718041185318 3.820364597200364
422 6.56635386662689 8.225486358528883 3.1975570462291
423 4.379874400574323 2.144918518388179 9.859818699381302
424 4.972360549762445 2.299165706017064 9.538839951453278
425 10.13689906670635 3.764366174921498 2.018124032985763
426 9.843081656947685 4.402727339991802 2.174795499431782
427 2.280576863497972 9.262949953478484 5.476926814284694
428 10.41917063597356 2.077926320420338 2.850106220015442
429 10.60900940535131 1.930135036008492 2.173361033040732
430 2.039658015864442 9.945719048151856 4.233493568384067
431 8.713108049328889 2.013132834466225 6.405391815612383
432 8.261286453528875 2.06457721370937 6.963380433480016
433 7.945891108082987 2.693902004782204 7.113768796293433
434 7.774223493839671 2.105872125382248 7.491778938234186
435 7.44198112698038 2.730053067342346 7.626514744964601
436 7.258487845446043 2.139447630914742 7.983552970456534
437 6.909988656377612 2.757926629708589 8.102215590434319
438 6.718892078949867 2.166377920198823 8.43583403928146
439 6.363356155484392 2.762495668994218 8.536762625096651
440 6.557065627071046 3.32352010574425 8.182854298409396
441 9.15465089999504 1.952710663788508 5.77748110881781
442 1.498273970192931 9.83440676810158 4.694637220250373
443 5.165455984869458 3.655710342920258 8.997435543366908
444 2.935641222743558 9.004867556760338 5.594137189641832
445 4.210182384191858 5.809827372184895 8.337881637277643
446 6.793273301133372 7.445109920772591 4.40701442290833
447 10.18409468331276 2.215044273471089 3.518208968762905
448 4.226390357846626 7.902679432571906 6.378501573967513
449 6.027900817028566 8.646058625117664 3.148028270377315
450 6.434884713553368 8.54547230804469 2.562647411509929
451 5.873607130279085 8.954542671314357 2.513345345698646
452 1.848536140534254 6.864941523327699 8.393776981694824
453 7.377216420420315 6.041431123249049 5.484322006348516
454 2.022031065457405 2.720667412593848 10.46467195856493
455 2.133269586935087 3.396330727069219 10.24275834244972
456 1.900839306274486 2.033627060619204 10.64195334090689
457 8.143519173801085 7.115002973197766 2.014901525464963
458 7.712836815662499 7.546348677982571 2.13653221021164
459 8.585621347642018 6.600864901528088 1.927612156707943
460 5.287285438508858 4.880481179216451 8.320187266585179
461 6.153340091672772 2.219972256538565 8.843535995087688
462 10.03807274901187 4.241760185919452 1.498187575270154
463 5.785610563792472 4.378372462102316 8.267802911731572
464 6.282890535692278 8.820311616222623 1.930644842853453
465 5.694974506463915 9.224070819320525 1.866489456408914
466 5.273090561518385 9.337107160048266 2.452130871670829
467 5.090235012503976 9.58152538412836 1.812147574228583
468 10.58936482361689 2.437537546890661 1.709901558524194
469 1.749692633201278 10.45542770275428 2.936427632651541
470 1.471009837364263 3.182240997397335 10.42638347140854
471 5.461030234260791 9.469133543578179 1.229901912500381
472 1.225763445862132 8.66984015980775 6.658181101334876
473 9.337167695856703 4.654054349159399 3.48670009242557
474 8.179890328029918 3.83425472467432 6.27597681064193
475 2.453295660018126 1.582194837713881 10.60556457243309
476 9.711611281503243 4.892731371133283 1.657041353408897
477 9.510624492392717 5.017894112118823 2.317058575924017
478 9.347739155386108 5.514712803796147 1.791009596431092
479 7.608401291860705 3.310850995013377 7.221529995148624
480 3.631173489863875 8.282784060003795 6.261794255790973
481 3.051300621860594 8.190128883446761 6.67917310657272
482 3.886946560763048 10.16846933921062 1.579201611988137
483 6.839941888885094 8.381739909817188 1.990384646457255
484 1.578385704280846 3.850854150908766 10.18231903236932
485 2.236667726110932 4.057177176469472 9.976804640851146
486 1.677695305381428 4.503225676498569 9.894761087000793
487 3.257688646567665 10.41441876210114 1.388289065583896
488 7.180586919945773 7.391572149921786 3.847574903442988
489 7.012165231460434 1.571780170529068 8.328207842160824
490 1.617610981906612 10.63918736041396 2.278382544969793
491 2.086231358078939 10.6563994422914 1.7574952764943
492 10.35437946434889 1.684623605296648 3.308907556391892
493 10.14842290886173 1.709027076995064 3.884422597116341
494 2.387993949202095 8.878322812358453 6.039277186727702
495 1.748214888038866 9.170341042088221 5.817954097191862
496 4.924748637659376 1.663037403479737 9.694387935836872
497 4.295307142837354 1.490538993576517 10.0164180252882
498 5.747227654293552 2.775719597843925 8.959059939740809
499 8.386944548175435 6.990427890694991 1.339059016930891
500 8.041313237854471 1.516711548754047 7.350977315199832
501 7.397372174051703 7.702923451090494 2.635119584611992
502 9.013899154465969 1.350502976199189 6.158389703842621
503 1.339826402898521 10.80065738370584 1.597080239028878
504 5.410451762782729 1.814270376642566 9.404011629248366
505 3.709342500912702 10.31909742064263 0.8700612818700245
506 10.74385680981389 1.803259949691159 1.522430426671641
507 10.32868685079263 3.5810351280195 1.222462821583441
508 6.659185608663189 8.65234957169193 1.338691121437481
509 7.22292159819213 8.181777407387647 1.374016754748915
510 10.16164828484265 4.137701297833179 0.7876116460948165
511 6.980142954021398 8.472616809298518 0.7016899202765214
512 10.74410590997637 1.260274078180426 1.993965256236264
513 5.123129430557175 2.982949296008941 9.265827450109281
514 1.350404538585399 10.13927181086818 4.046180263841673
515 1.930336905183256 10.77080259721824 1.124104463225896
516 1.382555940421583 2.527750459149257 10.61597930894158
517 1.266048644938778 1.86989116721573 10.76571538967185
518 0.6971714554754547 9.981162886203562 4.570595081687159
519 0.9949841471540426 9.649273683027484 5.186667903090129
520 1.185625349213058 10.39317317530298 3.402387967217444
521 1.770213688092141 1.338154047285893 10.77384273340871
522 0.6232708971522736 5.17703369117496 9.685548799588094
523 1.244870046655149 5.464666013744158 9.465079182192316
524 1.239649671653331 6.089216955985835 9.07660209299187
525 8.026732656332905 0.5506851899783535 7.501220479715112
526 0.6150373433917109 4.585982765306412 9.979503551908092
527 9.688398049986825 0.6133832326735589 5.172881618100924
528 9.446688992513455 1.287824435997867 5.486490253410818
529 9.534506014709125 1.894238512730162 5.148306081845305
530 9.791882674942835 1.226911430434779 4.859395232127435
531 8.921719550954947 0.6703148385298965 6.399499845406271
532 0.7168571485199885 0.4428978270464365 10.96767784644559
533 1.058190312447915 0.5821107819925976 10.93349808158987
534 2.528755498891523 0.6305436861194536 10.68680542944059
535 5.800364693464279 0.5907107444540836 9.327745185155925
536 6.151149296825374 1.145553726154223 9.047158061438902
537 10.5225430104944 0.612471277229689 3.146580290865649
538 0.61989493635578 10.83524744618222 1.792524211240186
539 5.17907879487134 9.685331375715871 0.609507160817477
540 6.977559321475637 0.5726527735391388 8.484440742691671
541 9.332876528638812 5.792035899379269 0.5913846814760607
542 9.161855656144791 5.967479228818685 1.203990278027708
543 8.501367478328763 6.952661089904219 0.6222979731173049
544 7.777754713371968 7.639167866299899 1.466167087719266
545 0.5996920877863798 3.205509069198123 10.5054786186606
546 10.68746753762102 2.527177291469813 0.625629738564477
547 4.531447191886665 0.6226029466685565 10.0039168288197
548 3.869506425117682 0.572103206780309 10.28103194950607
549 3.639005500656443 1.252244832314465 10.30483002509667
550 2.853587036994742 1.188826406833308 10.55669137545999
551 3.742778277773202 1.943839818988221 10.15938470191699
552 0.5454896858837437 1.658010890811764 10.86063722295078
553 0.6155818788331812 8.489297466886203 6.967990203004859
554 6.06549976504028 9.087696644480369 1.274159447713105
555 5.678933340402999 3.787497739385988 8.625808773060372
556 2.374329613352948 5.318543777975945 9.331433489497131
557 4.601295520611133 3.475332515874287 9.367504653647673
558 4.169067156145095 5.217403342772993 8.740571000019017
559 6.415443093192333 6.57687234982744 6.04870564766431
560 6.915681607166024 6.063415165229847 6.033932750898559
561 3.076145064969642 7.722691777106318 7.203982457993452
562 8.96627821598074 5.252421802371265 3.608035499216188
563 9.01744601213935 4.761671374841412 4.124579146551562
564 4.220335971415992 9.742400059365458 2.876526615842123
565 7.53047168705565 1.559112344116617 7.86518689344865
566 8.086961279192145 3.272266999991157 6.70024820059793
567 5.354110355480875 5.998604202109564 7.506680353376312
568 4.702625337564061 8.383038620891002 5.348829630409849
569 6.333683801781556 7.5026613925963 4.959286392929415
570 9.956125836352191 2.873170978136183 3.690588958569669
571 4.235766002276804 6.375067872945743 7.900430114195747
572 9.612761654799577 4.529323527465089 2.842541424775743
573 7.792628642060593 4.421067625855097 6.381935434846771
574 8.24489143944605 4.375684796428017 5.820236053121725
575 9.323736000172552 3.07870761343103 4.958780740271561
576 3.467661271432406 9.081796966753828 5.147454629355052
577 7.810065805069768 5.991685066513619 4.909438072142026
578 5.583701651858627 8.722930637846646 3.705773461822448
579 2.869082070496976 4.246648063117167 9.733157159975175
580 6.818255763951043 4.432444413551999 7.407079374363426
581 4.806898885318647 7.489211592392987 6.465712089993557
582 10.56094864740736 1.323539678253693 2.777518026388433
583 8.552711853738735 1.328903234630055 6.788603401282675
584 10.38729958518445 3.10984340326456 1.85280364172756
585 2.568575219345006 10.01705130873118 3.74981391815831
586 7.083210536679804 3.338709836506247 7.725357281102579
587 2.452498687056561 6.504198008456231 8.525295212294987
588 2.760230245766945 10.47273027089146 1.924330965168679
589 8.749470712761097 6.173477283166811 2.516930765984463
590 1.620088287846409 9.492711459971035 5.316365589133
591 2.45744268552348 8.05470063916235 7.076918330802241
592 4.369483315208739 9.459872169052042 3.523979867040537
593 0.6198896336511105 6.412325970688852 8.916154579622381
594 2.784625028625887 3.594507818041214 10.016255637512
595 5.873267852081961 5.510767990650013 7.492406882366158
596 1.239216499934552 7.202316600816469 8.221373245869176
597 9.252262152485329 2.533143724405972 5.383198671161058
598 0.6003036828459042 8.944346110003687 6.374818283906102
599 9.916903836534761 2.357171573401043 4.135064748038678
600 1.901870046857556 10.22007125786779 3.596252745424152
601 4.76913882796921 7.949210022813146 5.921602388945368
602 4.783361312375926 5.917079305909336 7.94403090646334
603 5.442194283036672 9.051000308677134 3.076022561362221
604 1.225788813787817 6.648183722405994 8.677505112480699
605 6.898783878973957 6.554337899174796 5.51791950780817
606 6.865354543650356 7.004207669802187 4.980761177597622
607 7.718611758719706 3.875710897544773 6.811893830412111
608 2.334660108396766 4.710228305600626 9.662458873774286
609 10.00622773706936 0.5902932181309608 4.53066886789715
610 5.801009642142014 9.32474726230619 0.6303773678429573
611 9.26264820796129 5.140409863621287 2.963027946128163
612 4.178671895499978 8.346935818082773 5.819567306816329
613 4.754106852305868 5.353444483371824 8.350993964811266
614 4.83703921836018 9.415444828850871 2.992064550592268
615 7.53237374474679 7.977042634782888 0.7938114211229929
616 1.83755641225266 6.31114801607963 8.820022514195941
617 10.8434017512083 0.6147798329070215 1.744329160148265
618 5.309895864065393 5.457708131975672 7.938414694316986
619 4.675127045667588 9.674537208307429 2.355104437587117
620 3.568885352705409 8.697102976928749 5.711694770201036
621 7.347527098046704 6.510991581430305 4.961938549600656
622 9.143509442040045 5.61214652381378 2.42900112774149
623 7.233456067540574 3.8742107615314 7.325817653627119
624 3.011723428306159 8.611481636802356 6.145885291022571
625 4.853060956271274 9.798522534136881 1.198647363792665
626 1.836094448654873 5.727288446009514 9.210153322927077
627 10.93018950674934 1.075811515941622 0.6112175788653971
628 2.44065002754887 8.478855307420458 6.569036468071526
629 5.834541505080945 4.960559950957903 7.896263065427869
630 6.473084538076519 1.643269936170215 8.740643024388644
631 1.092892587905205 10.93304087630246 0.5236439519382021
632 2.602717522534491 10.6169292028748 1.227467229312509
633 7.52880983115378 7.332866068770801 3.247475595565274
634 7.276525792180454 6.960390534635119 4.427768738438639
635 9.607721390770211 2.45643442678971 4.760002057165398
636 1.799452361033711 5.066153021506038 9.596669462008967
637 3.066734242276951 10.54214148331958 0.6770480285167411
638 6.713284392145762 3.891610939412842 7.796613172808718
639 9.870731021104667 4.74775460332713 1.013654445848328
640 8.979257589631638 6.082081846014711 1.838807645573873
641 5.481829849058624 1.196133610495727 9.461437834272989
642 0.5843152936917179 10.51888203574264 3.164126475931176
643 10.5558452367808 2.8532375016105 1.197149571497035
644 9.875836783966159 1.798404598155683 4.498176154597932
645 6.308694610476847 4.432642412736576 7.845511682009609
646 7.665693510728272 6.895167026183715 3.833251189344016
647 1.199632603192679 4.873139082084891 9.788431800038961
648 9.522015845087775 5.388104858551559 1.139973806344003
649 6.190948386060572 3.849773432655844 8.237196282616511
650 4.489306813470358 9.893502069511277 1.721842366508824
651 3.068603113869261 1.820959336223502 10.40518053785576
652 1.147566157990572 9.089015038267743 6.08875172323339
653 10.85974976357487 1.191419301491105 1.283103706085353
654 1.136218018154797 10.58805557244098 2.757188388580284
655 7.064527847738293 7.793434955232604 3.217890285122961
656 10.10662989561661 1.106489653059241 4.199013312755911
657 1.829187949057456 8.787990525893104 6.358088860957832
658 1.748816460857023 10.84732420472758 0.5264965182854804
659 1.144263128398709 4.258051318291878 10.07768132378574
660 6.922730552990056 8.158425163925502 2.552626203603877
661 6.002995424930752 3.24797881075697 8.626394355298986
662 10.70301696345487 2.261642860694453 1.153429430293509
663 8.770183304329557 6.531132897966823 1.19506814766131
664 4.266665764914099 10.08106811319124 1.080568807484623
665 5.46697846416043 2.350216224554509 9.251412333814054
666 4.791088571288014 1.091278220405914 9.841472559924204
667 9.989195593686873 4.583514441934829 0.4553753963946898
668 1.185263792827575 9.380950082261425 5.620758427074711
669 6.697833516228997 1.057489772917439 8.661451470109066
670 1.180851133225219 1.206000405597293 10.86973567401066
671 10.97478768220483 0.5263246766612106 0.5263246766612111
672 0.5142719190441872 10.97682632845848 0.494780909234985
673 1.088955372745157 3.598628431235057 10.33750693397959
674 1.054331819934174 10.7336466620498 2.162686696621014
675 7.301270076507675 7.984576280749777 1.984438683049101
676 1.366450668080451 10.86958375442257 0.9924523047962934
677 7.236113208150043 1.043335916886515 8.218887747339727
678 10.36164307391885 1.101574188978768 3.524611626106516
679 0.4351157259733567 9.696359491973666 5.176030033473809
680 7.764028286106656 1.026406975131873 7.7243998792098
681 10.35290926953561 3.682428455029164 0.5069421370878927
682 5.895559026986306 1.730914756002006 9.123942013558327
683 2.23666565631274 1.055993740997512 10.71831161894658
684 5.53309604525919 3.268408770971951 8.927617389862244
685 4.070149993941045 10.20708818341938 0.4992292486645904
686 8.220886668252067 0.9895228735445427 7.241399510487429
687 1.060950878399672 2.925238884932361 10.55070427505684
688 4.136135257755481 0.97481361499681 10.1460397961751
689 0.3586921643663834 0.2216117681248526 10.99191649147003
690 0.3586473987302116 0.5815209324108737 10.97876156260587
691 0.7182914185677938 0.2214938213822114 10.9742880372761
692 0.2572196611917948 10.9802103045823 0.6073052881715297
693 0.2572714935200895 10.99420505568828 0.2475208518495342
694 0.6170360771655714 10.97989199137607 0.247463809862799
695 10.97918346365693 0.6230818980591297 0.2632478293798303
696 10.99369511366067 0.2633132619841005 0.2633132619841007
697 10.97918346365693 0.2632478293798301 0.6230818980591312
698 0.3570814492447041 10.92100857303138 1.266516713818036
699 0.3570919723316582 10.95663160466509 0.9081350136132845
700 0.6142429164431426 10.95398754596276 0.7955265441781848
701 0.310111339557865 10.81765911457144 1.970300037559537
702 0.3101129874983737 10.87637560384273 1.615018160615985
703 0.6671442399678736 10.88427424704222 1.444815793882117
704 0.2964078121987719 10.66682033400058 2.670409401387618
705 0.2964064217884462 10.74853772055619 2.319715521977476
706 0.6065255485283503 10.77217975525252 2.142958254262121
707 0.2923056876668143 10.47286080379725 3.351677784221629
708 0.2922945523748298 10.57698713364278 3.006976399875293
709 0.5887125571832482 10.61366464661464 2.829052897034133
710 0.3233163825631209 10.23294680743232 4.022718751420103
711 0.3232973967436331 10.35919241644305 3.685459438437449
712 0.6155996201299142 10.41033144954771 3.499433699651116
713 0.3487970086614196 9.929396171722832 4.720744889498352
714 0.3488198079641837 10.0786823073123 4.393004403576428
715 0.6721575511201653 10.14285142095214 4.203661413453904
716 0.2176305406685523 9.614530237531355 5.339798241447292
717 0.2176286034609628 9.784160179023132 5.022235297372443
718 0.5664458173296797 9.844013452724555 4.875914096721523
719 0.3050035498899331 9.26718608231181 5.918296625749746
720 0.3049600451087582 9.456007843523514 5.611676668706876
721 0.5226090115467308 9.540936969412961 5.449532233755407
722 0.3003104311571101 8.840284857267179 6.539050182351476
723 0.300297853947006 9.049656097729628 6.246082429150276
724 0.6053596510825425 9.16658554156496 6.050392483303332
725 0.3079526083078751 8.384169193841627 7.11413185990205
726 0.3079529640715936 8.612623502740341 6.835779499952015
727 0.6082942575379509 8.721861341243949 6.675261256337511
728 0.3118023914802637 7.901121061142037 7.64689906078568
729 0.311802391480261 8.147284504740854 7.384073026959903
730 0.6197564851448167 8.256849935000467 7.241569653742463
731 0.3114677015127159 7.383651363437286 8.1476794496424
732 0.3114682373320661 7.646490099393076 7.901530022534681
733 0.6232706288123279 7.765269804457813 7.766087727243081
734 0.311802391481406 6.835405258462654 8.61278202564349
735 0.3118023914814054 7.113768421088454 8.384335281928507
736 0.623268488983254 7.240718339107167 8.257332155385157
737 0.3101139524030342 6.265216304365291 9.036088423429701
738 0.3101052832802853 6.557744201987063 8.826087791008353
739 0.621895067373797 6.693108660174153 8.707212124915639
740 0.3118023914813246 5.652733776682104 9.431297902124809
741 0.311802391481324 5.958533787445396 9.241139235642873
742 0.6219297642667996 6.109303393992765 9.126314448257167
743 0.311802391481435 5.023794444253612 9.78081124705681
744 0.3118023914814356 5.34137668555838 9.611060002499196
745 0.6236037101743607 5.491154669390503 9.510958879602395
746 0.3076946765243221 4.400267263209376 10.07685327859677
747 0.3076678357108525 4.727871353051943 9.927364855381301
748 0.6194330677078949 4.883707493591624 9.836956022655942
749 0.3031725301936854 3.724461536899418 10.34584325596965
750 0.3031531555138806 4.061228257436916 10.21834248815814
751 0.6108657511594563 4.249866180193067 10.12746169997752
752 0.3000018131493599 3.027831416653148 10.57082001665128
753 0.2999938180402741 3.372332773328479 10.4660104803632
754 0.6031974673631971 3.559295281883977 10.39074443491539
755 0.3460608674454368 2.315555742125932 10.747950664249
756 0.3460665029871381 2.666324769969329 10.66634661899557
757 0.6460707765248337 2.845544172635301 10.60591678796802
758 0.2728432280172753 1.547457503356221 10.8871911826803
759 0.2728973669524343 1.903065851660078 10.83069099325411
760 0.6190570595459663 2.071687341490824 10.78540124038661
761 0.3118023914814086 0.8984264432509422 10.95881422393563
762 0.3118023914814084 1.256795164797035 10.92351798563124
763 0.5845910903672856 1.367726840429105 10.89897135270265
764 0.6703491318363644 0.7600003561775115 10.95322014295597
765 10.92372782760481 1.256453861105945 0.3057679566669271
766 10.95901187980784 0.8980895132865163 0.3057676313073866
767 10.95601060788462 0.8013256973526464 0.5689540286191708
768 10.81748783627868 1.960124880577724 0.3739884550396479
769 10.87589058433932 1.604725369429442 0.3739792590356641
770 10.88619313713655 1.424368487913661 0.6796862449687441
771 10.66180774916328 2.688475715776496 0.312975790696346
772 10.7441252808511 2.337906777845187 0.3129917690318744
773 10.7658165848128 2.150645255842804 0.68696305991704
774 10.46843707711851 3.363718839480619 0.3118023914814064
775 10.572969377388 3.019122026928049 0.3118023914814064
776 10.60358224822208 2.858973168417705 0.6247526930371163
777 10.26384827592174 3.948302812624665 0.2536207181570507
778 10.38760218713509 3.610184995093106 0.2535450710048406
779 10.43421651286472 3.436217963109589 0.5652715034957165
780 9.930496258880018 4.7258195055865 0.2277587605079752
781 10.07986521620469 4.398230904234798 0.2277765048919136
782 10.07895092099129 4.362135201005435 0.6217112033718989
783 10.16873440772928 4.176308997192377 0.3940605347313221
784 10.26069918637484 3.911368733147033 0.6474927336166905
785 9.620173933195273 5.327334836909553 0.2678750278021875
786 9.78942622652758 5.009529343326059 0.2678617436835589
787 9.851394026560159 4.868713121727489 0.4956493435619198
788 9.244168342802324 5.954647740543107 0.2958410653986831
789 9.434183395134109 5.648775467318552 0.2958367570062017
790 9.524539557922916 5.474058070535152 0.5637680817237627
791 8.839062928324054 6.540514233429619 0.3043683811304293
792 9.048486882884919 6.247579669807887 0.3043573551973351
793 9.142014600071988 6.087965368413627 0.6002055690069561
794 8.39040446171227 7.106630213624073 0.3113197322436829
795 8.618613838850596 6.828073002429071 0.3113110506747817
796 8.726304848491175 6.668772866555645 0.6156883509460189
797 7.901121061138891 7.64689906078893 0.3118023914802934
798 8.147284504737819 7.38407302696325 0.3118023914802934
799 8.263129959205585 7.234112703144419 0.6231345564832941
800 7.398662067095036 8.130314048695411 0.3972317793367135
801 7.66105461403315 7.88355694226901 0.3972054113471964
802 7.777873189674991 7.746105888942437 0.708895057555279
803 6.842767616783297 8.605421361003758 0.3510762627721411
804 7.120945096203581 8.376687532207962 0.3510654135711264
805 7.260452614609964 8.229583841261773 0.7481828858283713
806 6.266074511145913 9.034661150035509 0.3334788221259929
807 6.558591205002543 8.824606536182241 0.3334679703254065
808 6.700258972213114 8.697011538926729 0.6844852058686212
809 5.653592932997594 9.430664580241455 0.3153609407312265
810 5.959377345016442 9.24047454234787 0.3153599402677708
811 6.110571132779029 9.12359246693608 0.6488304312490808
812 5.024736431007088 9.780544592365361 0.3049119145964324
813 5.34229838552398 9.610768814825667 0.3049110493279904
814 5.492980197806985 9.510122447229771 0.6202737985734796
815 4.380511429854431 10.08549987172531 0.3062873656279823
816 4.708406696138877 9.936654303994272 0.3062803073439553
817 4.865456650850837 9.84651086847914 0.6111917011982188
818 3.805266713822976 10.31782744663949 0.2497639246240551
819 4.140991742469224 10.18773012352503 0.2496844388870448
820 4.309756527169225 10.10529425078212 0.5559017733665191
821 2.958441876958733 10.58928238473093 0.3387037600680035
822 3.303654590848571 10.48671079068412 0.3387670835758027
823 3.389789566707091 10.43601078696578 0.773954486890273
824 3.625572945725775 10.37620630003213 0.4353890609500538
825 3.890872852440676 10.26606534858608 0.6848435622099515
826 2.276892820923124 10.75794763205362 0.2869178070819401
827 2.627901563414146 10.67763032141398 0.2869566033851437
828 2.737672012072411 10.6354941795764 0.6256320887805821
829 1.592925453507774 10.8808655262612 0.2633512843857729
830 1.948287550808143 10.82288377222241 0.2633675612726323
831 2.078327389266349 10.78785064673631 0.5503032679680389
832 0.9065527674438537 10.95945037057461 0.2619344474330494
833 1.264853344483675 10.92389763916786 0.2619282075900279
834 1.421497268123354 10.89510886939645 0.5253077580968223
835 0.8038626179969628 10.95875570610739 0.5093900914286746
836 10.95903948484694 0.3045374573752905 0.8981706444886309
837 10.92375301875229 0.3045377111891004 1.256533631767928
838 10.9560682550492 0.5677248686380998 0.8014092988186678
839 10.88001090382138 0.3075415187423324 1.590842841696693
840 10.82208430487529 0.3075622655656464 1.946251975200547
841 10.89196873650322 0.6120573857112779 1.410816359287336
842 10.75356138766708 0.3225933261460934 2.292782376851684
843 10.67271080792169 0.3226211146150818 2.643701879349508
844 10.78087100811858 0.6301393847235381 2.091828067057286
845 10.57906035709322 0.3063861462870252 2.998267748274345
846 10.47521017165075 0.306405963396519 3.3430655460729
847 10.6207864890702 0.6290098408248178 2.793428175867332
848 10.35395896404235 0.2904341259740055 3.70286129761793
849 10.22716885626003 0.2904355186785254 4.039884205646858
850 10.40835270972176 0.5968863168546108 3.5085496426272
851 10.08941446524248 0.2952918685477718 4.372244098963979
852 9.940845716300107 0.2952931074151921 4.700254080944017
853 10.14941438322803 0.5857545045367156 4.200747473716893
854 9.782076617392013 0.3068508912788753 5.021635150226842
855 9.612399773990195 0.3068531777175785 5.33925198059783
856 9.852545761808702 0.6021580426147135 4.85435347942234
857 9.431297902125001 0.3118023914813154 5.652733776681782
858 9.241139235643077 0.3118023914813154 5.958533787445083
859 9.512456463734592 0.6186619335942861 5.48911918594189
860 9.039386338741968 0.3353593792552645 6.259155590469899
861 8.829553340121166 0.3353568277758796 6.551833606862988
862 9.12892960088028 0.6471445700637386 6.102773815865111
863 8.612782025643503 0.3118023914814049 6.83540525846264
864 8.384335281928516 0.3118023914814049 7.113768421088444
865 8.710188578074474 0.6471347452107445 6.686840177237824
866 8.152058976594056 0.2754633528732899 7.380247582795315
867 7.906062315049857 0.2754683314015248 7.643186238012479
868 8.26240216211295 0.587284293028754 7.237942226259682
869 7.649267166136461 0.2956821156421605 7.899448329317437
870 7.386516192154041 0.2956846497888337 8.145670575890325
871 7.774030859356923 0.5711910180398431 7.761326240964031
872 7.118488491481905 0.2864594596550047 8.381232759839918
873 6.840259660899131 0.2864642588193866 8.609807547204245
874 7.249019895311568 0.5821697067004898 8.25304725480094
875 6.550175532883291 0.3118023914814051 8.831646491854368
876 6.257467235254817 0.3118023914814051 9.041398291657044
877 6.690962561701858 0.5982928854687427 8.710514658796091
878 5.958765338411893 0.2955015027095921 9.241525550667346
879 5.652977839722844 0.2955015027095921 9.431676436641517
880 6.101926771127897 0.60731566165311 9.132231784558664
881 5.347106637035147 0.3053066780482249 9.608081933690711
882 5.029629377052298 0.3053125494093278 9.778016801819565
883 5.497397324462582 0.6008160625326747 9.508819207240949
884 4.700828274477454 0.3114682373292586 9.940080536444778
885 4.372816215968279 0.3114677015099058 10.08868010258433
886 4.862805094218772 0.616794934901039 9.847471280685228
887 4.041420183957028 0.2861867219790938 10.22668177156538
888 3.704419255393847 0.2861867219790938 10.35351993963551
889 4.202724254375703 0.5976726877515921 10.14790107362099
890 3.375811394894678 0.3144902690713396 10.46446335445629
891 3.031333294817517 0.3145021817013557 10.56939481869401
892 3.542649571767841 0.6006773861509169 10.39657735456338
893 2.689279363436467 0.3154356867157158 10.6615325743038
894 2.338714499647065 0.315452583322264 10.74387751963023
895 2.871990818357257 0.6299236647850043 10.59975777628033
896 1.968536528337862 0.3118023914813913 10.81793155854048
897 1.613243586168646 0.3118023914813913 10.87659066069659
898 2.160134732942982 0.6272764339638418 10.76755971476021
899 1.247610847442777 0.2912004844160814 10.9251393332634
900 0.8892308570572834 0.2911924320577853 10.96013117852015
901 1.424383570221482 0.6030306455279086 10.89070638138029
902 0.8876494195657798 0.512576884207536 10.9521387612521
903 0.9340709159477899 7.621096619468675 7.876953588837729
904 0.9344050700959824 7.875727581217568 7.622322627088661
905 1.24453812286342 7.977745053662062 7.470388793062251
906 0.9337378357279408 8.121918238651119 7.359522931467527
907 0.9298952257696923 8.358926029713162 7.089686205952592
908 8.44876800679322 6.975352179085843 0.9812141178711736
909 8.209060514847739 7.255812312853704 0.9820963008831444
910 7.903087481780848 7.579445808065766 1.045566591811884
911 8.089105620768038 7.320912276356398 1.403785488581901
912 7.660022955588609 7.813163112564535 1.130721228383199
913 7.898197022103751 0.7888273837759936 7.61552592790784
914 7.641092187795585 0.8090212710562675 7.871416312239354
915 7.376948842898091 0.8174782449579931 8.118642441214227
916 7.109472775258056 0.8082940968113513 8.354762564604957
917 7.504130115635663 1.035431563999901 7.975958417888262
918 6.82347950390998 8.567273423233395 1.020761260667341
919 6.540127299397942 8.787507069981954 1.003222010667096
920 6.24272661470564 9.004763227614205 0.9708777619519715
921 6.365935418586109 8.875031894169128 1.307163005853366
922 5.93657105388429 9.211367705328618 0.9528006713957338
923 9.391830303040553 0.9560950755573332 5.646185062976965
924 9.236428455133433 1.320040412036532 5.826309526946869
925 9.177221353324128 0.9876578475913749 5.983572528864578
926 8.972716834324162 1.010961836507011 6.282380820689095
927 9.573594645674518 0.9512050567986241 5.333056768892764
928 0.9345704509058045 5.323697938636713 9.580439359990175
929 0.9345704509056882 5.635054895853109 9.400677336927156
930 1.242954728432291 5.780172869288593 9.276026366079813
931 0.9319670501821169 5.947549745887236 9.206415667216612
932 0.9302639822589205 6.254094804113449 9.001161430863961
933 0.8977689884174996 9.382333274888943 5.671493027620464
934 1.090458186353034 9.518029079373569 5.405369865977237
935 0.802731976272359 9.518158828650922 5.455297781683815
936 0.7152833157836037 9.675973617903679 5.183040065810179
937 0.8742983169213109 9.020429858108015 6.234376282193912
938 0.8790669323911325 9.237926396125006 5.906602850044458
939 1.166783468267218 9.237900068347296 5.856604704554281
940 5.643930880334065 0.8938709570413675 9.399310556108331
941 5.337928065138439 0.9036632629426298 9.575485192856561
942 4.992070362407439 0.8511557069822647 9.764976572385864
943 4.662778029511356 0.8572182133744619 9.925909428468774
944 5.139818949271462 1.144454009288168 9.657768178483797
945 9.432318380118863 5.592959380149692 0.8661266351218259
946 9.618183492645372 5.271439741621913 0.8381344475996749
947 9.701863427810391 5.070799144707966 1.077423808045937
948 9.792237335549355 4.950918654797757 0.774914471312052
949 9.933583200089252 4.667335344254997 0.7347826829564634
950 4.702266801869377 9.90293098249988 0.9058945191803826
951 5.018487347075161 9.746622031229212 0.904512978129037
952 4.408138438113722 10.04248259874358 0.8466751232654887
953 4.561926278936018 9.944292165889497 1.1401236533735
954 4.170098900961318 10.14819335369907 0.7902194708682573
955 3.034315175515716 0.909157115729862 10.53405737380202
956 2.692379006257126 0.9100932930630563 10.62651520888139
957 3.756259925276354 0.9126609235959473 10.29842519088738
958 3.427787641550613 0.9410408162233017 10.40983736984563
959 3.248593710108814 1.221399406698611 10.43814266984111
960 10.44649723542823 0.8573842021791195 3.337002822900236
961 10.32590623484354 0.8414249078169405 3.696980464341744
962 10.19859364291086 0.8439039984334672 4.034416159521257
963 10.06044688363576 0.8487304121782493 4.366585071768006
964 10.23963725592325 1.104625329847873 3.863888164500501
965 1.024557469104961 10.06777853926665 4.311625827548482
966 0.9989091048743568 10.22110957287528 3.940951623589974
967 1.268678403686946 10.27159405895607 3.726232761924126
968 0.9163956101313595 10.34727901366 3.618568238848524
969 0.885367495151024 10.46072025911406 3.284730743773475
970 0.8755419349675837 4.085415761664922 10.17559847745837
971 0.8800114582250719 4.423832912736645 10.03271061047714
972 0.8446921730949662 3.403553332244223 10.42604046833127
973 0.8477776937591459 3.755119870352938 10.30438487932419
974 1.117192705441712 3.930392525705509 10.21292783939973
975 10.44854927136231 3.219072101503725 1.210534150379314
976 10.53746864627353 3.022004617055334 0.9106275985815752
977 10.42494359280498 3.386429634448257 0.9233880104078785
978 10.34638787210354 3.633694956998693 0.8651699020834001
979 10.62660060396829 2.691459646474897 0.9118138928190784
980 2.267667088745645 10.69924402615391 1.176377168866253
981 2.505544026672472 10.6728857982181 0.9009760643880718
982 2.169312384860583 10.7504764037409 0.8493178848349519
983 1.840329585984846 10.81348734043431 0.8256382701980995
984 2.836261236892128 10.58526546929879 0.9527733941361742
985 8.357601398174429 0.8066314934426322 7.106324261038146
986 8.126309904926732 0.7703410445686228 7.373578642975378
987 8.743733540345517 1.000354730629934 6.598970691580859
988 8.525785867076909 0.9766257559386057 6.881655141140754
989 8.39052998695545 1.159728710430026 7.018121960767403
990 6.276309790530658 0.884730115777319 8.990282978612278
991 5.978905580281603 0.8685896481900948 9.19229242817778
992 6.54976302908861 0.8406839733031413 8.797377718378087
993 6.427515895630172 1.10204031829363 8.858473149943885
994 6.840132209826563 0.8153616258747186 8.576000044959429
995 1.476102845942288 1.272569006715747 10.82597286673801
996 1.486002524320049 0.9153077667432393 10.86066334023175
997 1.780540587112476 0.9812348844926617 10.81049736686984
998 2.013653874309816 0.8399807449181511 10.78144843806452
999 2.004061432612366 1.197445401787008 10.74941218318727
1000 1.119993290296191 0.8944329888463305 10.90621862325137
1001 2.383368844837255 0.8435016819138329 10.70551530109913
1002 10.65970411670318 1.292777263821161 2.38734896705286
1003 10.64065408924984 0.9848024970995781 2.608954693864398
1004 10.73205273084821 0.9531291289760845 2.216887242462023
1005 10.79920881619974 0.9380007662428852 1.870091844440121
1006 10.54875850977575 0.9686494235892077 2.964019601253344
1007 9.057164628157036 6.176212326814898 0.9067360104025461
1008 9.251527483386386 5.882403503486812 0.8980914465200289
1009 8.859616437721447 6.45704224407272 0.9021097686624728
1010 8.970387048922641 6.252350254131859 1.200113533036861
1011 8.640936621997492 6.745926335129685 0.9092261410817237
1012 0.8237002077490155 10.71929913273676 2.327690716281536
1013 0.8374041656621003 10.78819324031286 1.978292413421166
1014 0.8606890842523902 10.55865101609873 2.962111243772931
1015 0.8647070061230224 10.64709564500632 2.62519258715418
1016 1.095706647292301 10.66505334126517 2.46090718456591
1017 0.931731422252678 7.088426442246011 8.359789897458819
1018 0.931405208154326 7.358381556201201 8.123220125761765
1019 0.9232968805988754 6.533493347878987 8.801192393278164
1020 0.9250078757012762 6.811169335316173 8.587917833534462
1021 1.233159284954597 6.928939657763395 8.453940702240818
1022 0.979589233256367 2.177665590458376 10.73769889269679
1023 1.324944079240269 2.199886411009925 10.69602837344498
1024 1.037644596553867 2.50625452875328 10.660299335776
1025 1.22208888311898 2.727243323340972 10.58624780633106
1026 0.8766414109520758 2.704728387779303 10.62619142425661
1027 0.906305906710922 1.76499631229784 10.81958398558077
1028 0.8305732299016584 3.066303373849145 10.53128347967578
1029 10.80677306031772 1.49802853269108 1.403412461835269
1030 10.85221003890182 1.48237448570922 1.01592477855242
1031 10.7940585048903 1.788464484926974 1.135647735506122
1032 10.77153440968239 2.017408625344514 0.9508464121054637
1033 10.72729347139994 2.033182357517968 1.338411102590664
1034 10.69910394052841 2.395274616520515 0.8898507634553253
1035 10.90026067489453 1.134165938398378 0.9476206221504127
1036 0.9804256874125471 10.82419037887654 1.695779500199869
1037 1.027462797454374 10.86872617521937 1.347260749798831
1038 1.353657492211968 10.83927606276329 1.295262841660049
1039 1.040548540831792 10.90074624776877 1.044504655771337
1040 0.9037368714439546 10.93284622398876 0.810020437894907
1041 1.230051175256022 10.90467708621705 0.7582821055412685
1042 0.8411074053230766 0.8296552648885931 10.93637099197688
1043 0.9023698524851089 1.141619127197149 10.90332217343611
1044 0.863713149357438 1.432906057271772 10.87201820393348
1045 10.89939250967915 0.9004502259852254 1.180013690799032
1046 10.85769625702739 0.9036089329073909 1.514570198605318
1047 10.93515525499047 0.8426639346981856 0.8439769205454031
1048 1.2425428523159 7.468864636660795 7.979482959402601
1049 1.554004656338152 7.825022233686439 7.573248746105745
1050 1.553337421970084 8.071212891119805 7.310449050484435
1051 1.553006486202263 7.570445612130927 7.827932299629405
1052 1.861805785308955 7.663913449588854 7.667992557051759
1053 1.550343981286716 7.307755852563277 8.074226770348677
1054 1.860855487337382 8.147944364713577 7.151798339213612
1055 1.55142941109835 8.300819134490109 7.049075718054239
1056 1.542764825809031 8.526425113363503 6.776426158267393
1057 1.235123216696751 8.449057802197803 6.934543452506237
1058 0.9211494414499792 8.584011824728144 6.8166138734304
1059 2.167611643713454 7.494591359336695 7.754518690324604
1060 2.168609813849324 7.749167980892119 7.499835136800859
1061 2.466502903874753 7.819162836148772 7.33328411879475
1062 2.160707521752427 7.988479125773029 7.246760949729961
1063 2.158852119180615 8.218317543551123 6.985600495366823
1064 2.164290475260331 7.231982891684298 8.000891837356821
1065 2.471094503800707 7.317237422987585 7.832734417105941
1066 1.85516700765236 7.138977948015023 8.160474816545504
1067 2.15864986773962 6.96162401166595 8.238690543326884
1068 1.544698061921827 7.037372772716796 8.311996893365592
1069 2.771929127340008 7.132041708211563 7.902555914723712
1070 2.775250295793122 7.394650175863933 7.656182767691463
1071 3.076994487665185 7.468276469414618 7.46705775384562
1072 2.776133707494573 7.653418390745919 7.39717977166329
1073 2.768250357550309 7.892848937591196 7.14420923589785
1074 2.765637322187118 6.861789933724804 8.140460005893932
1075 3.069793114179535 6.939202686601152 7.963908356479452
1076 2.460751805334719 6.78104235194884 8.304346161716651
1077 2.758618850869064 6.588225739745356 8.365721943609326
1078 2.151656234028321 6.688109622509211 8.464015898370391
1079 3.364367247755164 6.738927020970267 8.01672599184163
1080 3.370659052908048 7.009178795457008 7.778821900671391
1081 3.667912704660245 7.071643267900804 7.585398992969664
1082 3.373338571084618 7.271918933531698 7.532581357607496
1083 3.374206435949382 7.530637017413786 7.273529888544831
1084 3.354469898463371 6.461453235022189 8.246038672715793
1085 3.655335837191882 6.531429343878042 8.060952216907726
1086 3.050009022443525 6.384552479382983 8.42228796711545
1087 3.340977611880246 6.177054802290761 8.466514192181551
1088 2.745163688934513 6.303916054174125 8.586309958467677
1089 3.958555988783297 6.863789023577285 7.630087464995921
1090 3.961235506959856 7.126529161651954 7.38384692193201
1091 3.951634142914136 6.593693061223949 7.868150952728501
1092 4.244956945213754 6.648578954975112 7.666598881690861
1093 3.941723238986544 6.316197555395428 8.097435788473426
1094 4.250313109965481 7.173777656284998 7.174381688023133
1095 3.959669825842428 7.381631900608514 7.129693215996866
1096 3.953860623349231 7.628823850499883 6.867898720072435
1097 3.664783020343601 7.581575355866831 7.07736395398131
1098 3.368325429744094 7.777664237772282 7.011584899565674
1099 4.536401394472411 6.958235377309886 7.211381478065206
1100 4.534835713354983 7.213338116266448 6.95722777213006
1101 4.533105479261342 6.695675597271322 7.457806849871893
1102 4.817628082650844 6.735236057252768 7.240652933978824
1103 4.526168068991529 6.425557538974928 7.695843873452993
1104 4.815211718543302 7.245528883845028 6.73171949051434
1105 4.529126154016959 7.461077462324424 6.69472474282506
1106 4.238700930617957 7.667896643999779 6.651073257581471
1107 3.943814125119129 7.867840099258096 6.598743995565915
1108 4.519052085156191 7.700047608183494 6.425529945720674
1109 5.093691787891405 6.505018681287352 7.262164685964524
1110 5.096987703102473 6.767578461325913 7.015739314157829
1111 5.370884954916629 6.792668148600133 6.78330702711026
1112 5.094821249676068 7.022885524565551 6.761795275124559
1113 5.089074807841238 7.270568794679973 6.499242032885178
1114 5.085645035286797 6.237234303450296 7.498874770185568
1115 5.364973548366657 6.269540952261613 7.273920199812522
1116 4.800127961665882 6.196462679312384 7.717682412196173
1117 5.071480185865016 5.961067492160218 7.729538348329041
1118 4.511948512970095 6.149323903515625 7.926420134332921
1119 5.64119275976238 6.555171167577718 6.797549206218538
1120 5.639026306335976 6.810478230817356 6.543605167185268
1121 5.637313627795328 6.292839021390225 7.044208409235321
1122 5.905454979214673 6.310649103607449 6.804506549310326
1123 5.629226173601674 6.025012691977083 7.280867719437905
1124 5.901124394118884 6.820989621167833 6.296890619429223
1125 5.630816589273132 7.058486602190251 6.282648440320948
1126 5.616572406810009 7.298930494680864 6.014958689207946
1127 5.354474319027101 7.288419104330385 6.261673236963992
1128 5.074800053072992 7.510966338235058 6.231515793707836
1129 6.163388407242085 6.059364007479124 6.804171600300832
1130 6.167267539209137 6.321696153666615 6.55751239728405
1131 6.42201842633165 6.325381669295526 6.304540115630711
1132 6.164087441236949 6.576667570082129 6.304876659334023
1133 6.155877750192326 6.824675155467304 6.043920759493327
1134 6.152904060293771 5.790538127768046 7.043538870176339
1135 6.414716620288234 5.80158517782721 6.796544718150063
1136 5.888788064472029 5.780815387644021 7.273537556492705
1137 6.140147683053757 5.523081809733361 7.265958557085366
1138 5.616635781367224 5.757706784597476 7.503480198019156
1139 6.659170273510909 5.537588872527216 6.781634076478279
1140 6.66965462045922 5.806414752238297 6.542266806602773
1141 6.916721951404733 5.804519614366624 6.282237618348182
1142 6.672265735548174 6.068511806364396 6.297144941181341
1143 6.669105186076342 6.323502998805383 6.044530241561289
1144 5.872651294478703 7.301619725877144 5.761797996471186
1145 5.596309024232673 7.531552228017282 5.74082279311423
1146 6.142699928538675 7.063862182573079 5.776598363530639
1147 6.122436545961313 7.296483915909466 5.502462467436898
1148 6.40566058870581 6.819537635668621 5.78458458819649
1149 6.64154938926411 5.26282843822311 7.01373356635363
1150 6.896487389435099 5.267658012634196 6.759455654806341
1151 6.38410790445892 5.257602213582679 7.252639879930316
1152 6.621426654603433 4.987684796557356 7.230470899457227
1153 6.120385419251809 5.248236703334641 7.483107230661671
1154 7.127233307639643 4.992815811658168 6.728620634968822
1155 7.144822137375275 5.267553853968044 6.496490823576879
1156 7.384678274457438 5.261068893830472 6.227975664461586
1157 7.153999247841769 5.535958348400599 6.258870499271662
1158 7.156617523489137 5.798063976961247 6.013757539305398
1159 6.593081101772135 4.708747548599211 7.440361423278848
1160 6.850189074515479 4.713721752397452 7.201092756267193
1161 7.101717487025024 4.713755379067973 6.953137346607697
1162 7.350046072803125 4.713647508938183 6.690168151037177
1163 7.073112591437979 4.43463782103321 7.162755451996344
1164 6.337733777910089 4.708525836312694 7.659171953227931
1165 6.566541253321823 4.43461403438427 7.62985808088622
1166 5.856732859156494 5.238193462477073 7.698052316406991
1167 6.100649848069305 4.972689677779108 7.684687944201839
1168 6.07479493809795 4.699058605835223 7.875005693901779
1169 7.606688590887921 4.979855439027838 6.191876007127435
1170 7.615903224197429 5.248284640216055 5.954286390066524
1171 7.586083709709625 4.708009136019403 6.425417023387362
1172 7.817333665776408 4.69523788073675 6.151750612729148
1173 7.560584095170537 4.42896640810975 6.649949225045988
1174 7.840255583105948 5.231019557788745 5.671580624271126
1175 7.618243869795887 5.512235589001132 5.707680715638072
1176 7.611857308413759 5.769801736072748 5.456098994956006
1177 7.387529306208603 5.787082881900043 5.738822393830333
1178 7.150258351049502 6.055649322853463 5.762197219105854
1179 8.053330384644926 4.943743425553224 5.630565749376708
1180 8.055641199325688 5.207672953520136 5.383937896828069
1181 8.043666333964351 4.672581371594366 5.87081044095939
1182 8.259083204034313 4.649254320472232 5.583187162580938
1183 8.023088599117676 4.400750472005027 6.104379134183549
1184 8.261914842687919 5.178326825027884 5.091728039219075
1185 8.048784441568886 5.465565515308591 5.132705194244859
1186 8.034608116449879 5.715524148655965 4.876254312605959
1187 7.82835624185336 5.744884733491102 5.168475398948555
1188 7.597726183413846 6.019794758905301 5.199675749748626
1189 8.466671954666548 4.88595815788307 5.044093465775471
1190 8.459842254457827 5.143869162373723 4.792877952761843
1191 8.464428043942261 4.622810942092753 5.289903296147416
1192 8.662355455712172 4.588353279438592 4.991053209690183
1193 8.454682155721066 4.351603184263984 5.530090358433154
1194 8.648703374586514 5.103898888894485 4.488891407726129
1195 8.443946262607883 5.3962675560393 4.536525981169733
1196 8.419001014623257 5.642882847140362 4.275312279731349
1197 8.230139894494569 5.682853120619598 4.579298824767063
1198 8.009649652959187 5.962127645993649 4.615034817824134
1199 8.849153003978646 4.286098164708989 4.931719135824137
1200 8.85137470972864 4.549234731257589 4.685896830692702
1201 9.030199224399396 4.505588480366602 4.376662474219862
1202 8.843431987814325 4.807858073514588 4.436013009656646
1203 8.827493927547946 5.06023217401335 4.179641288936679
1204 7.523362743525048 4.156039304604178 6.864863460253559
1205 7.759531065206541 4.150481136906443 6.600241206219545
1206 7.029419598851342 4.155434255189451 7.370184953858534
1207 7.280763901788289 4.155345288513312 7.122049040806081
1208 7.479894596820548 3.876961890294285 7.072506155646704
1209 8.83702863936403 4.018090849017723 5.173187678414535
1210 9.026066984532626 3.978980455600952 4.868041631362222
1211 8.63960777093876 4.05335258841329 5.470604204138501
1212 8.816513986054781 3.746233879473157 5.406922678750636
1213 8.434127625748836 4.079725645369796 5.7637947440113
1214 9.192917139327314 3.66733676651883 4.800095364719468
1215 9.205012043445612 3.93533002230171 4.558610632154501
1216 9.373751055036301 3.887221012561676 4.245268419982984
1217 9.206851482126005 4.198842509233492 4.313189929591322
1218 9.198931973041763 4.457476797743879 4.063317751902373
1219 8.599054767131616 5.597070798663005 3.965987340704067
1220 8.385249306417498 5.883657878887481 4.00876090998579
1221 8.801885690322409 5.305731003571808 3.921227717467387
1222 8.768114680448733 5.546490817995001 3.654668870964449
1223 8.99660583498164 5.009688091707308 3.868347020857914
1224 8.346030486913472 6.11315303336773 3.738065689917419
1225 8.166068731726179 6.159029446435755 4.047428535090059
1226 7.942817621676372 6.422477705397161 4.082086274500299
1227 7.981611488652344 6.19266215390619 4.352564013520173
1228 7.786223016222877 6.225435329427527 4.649589885221781
1229 9.171338226584759 3.395666254733189 5.03547473631349
1230 9.350309632171902 3.35202738686485 4.726057784266011
1231 8.786441443553398 3.470565645872397 5.635035124708417
1232 8.983816077594453 3.4352840995029 5.337590452597312
1233 9.141173155169184 3.119963761817211 5.263532983858054
1234 9.530949750766345 3.571675986114055 4.171825439610714
1235 9.532812260888187 3.835199100025241 3.926415446921712
1236 9.518823616507996 3.306966919114397 4.410891832010019
1237 9.677847794565475 3.254933163363629 4.092025435803136
1238 9.497303044876926 3.035316584361146 4.64629832301733
1239 8.513158595074056 6.065321652002525 3.42607705588565
1240 8.294014765343366 6.340718516878396 3.464766624461403
1241 8.724253752146101 5.781952420593482 3.384733767101606
1242 8.672131777367879 6.009441140620619 3.111389980922124
1243 8.927262410491322 5.49072570932675 3.340047460615934
1244 8.229406925857562 6.566325968623115 3.187510772128195
1245 8.062485943965147 6.614316056190623 3.499591906520442
1246 7.833507149800376 6.869107297137361 3.528672650507641
1247 7.898070802272962 6.643466335793804 3.805894460893229
1248 7.714137241744409 6.677524113212002 4.111296429717058
1249 3.930863165348484 8.097018807629105 6.323495963800959
1250 3.646027865018185 8.05795356430164 6.540326074674675
1251 3.343030072981856 8.240876423740628 6.473955954420358
1252 3.355954509725886 8.011641817936608 6.749160296639861
1253 3.065289263043443 7.960478282225633 6.945126870841498
1254 3.323904847495583 5.886036508498491 8.677916269786097
1255 3.62836572351543 5.962937264137699 8.501666975386438
1256 3.911865367631518 5.742429331620545 8.527708643995124
1257 3.928938132016157 6.033447625412779 8.316306566390532
1258 4.225207487761981 6.095669576883028 8.123449642536277
1259 9.681657288527925 3.77906705960496 3.603354590725543
1260 9.524458592797879 4.09461208605258 3.676797571097813
1261 9.507649600540466 4.347473995832105 3.421121004715606
1262 9.358888471742215 4.403644358540411 3.744211924689345
1263 9.18224736963503 4.710397295081551 3.807688349290022
1264 9.828480290963936 3.459472061176354 3.526049946905702
1265 9.820126622873625 3.718885047203693 3.276432071081806
1266 9.82570135330592 3.197171109460113 3.772756262002063
1267 9.964204475869435 3.1370000913594 3.445846715957434
1268 9.813560962838153 2.932461355637024 4.011818992222175
1269 5.570048157517697 7.756102504823361 5.460534539548898
1270 5.313969269849002 7.753413273627079 5.713695232285659
1271 5.029647081517548 7.965630543243261 5.679029871723873
1272 5.055907666570316 7.741082674862156 5.959315119043835
1273 4.790538906174045 7.723273613985205 6.19691711030192
1274 5.820157704443051 7.750479632177418 5.201521870242901
1275 5.53781795005938 7.972340677787217 5.174394309414329
1276 6.094690572801857 7.520409483489956 5.22476679120078
1277 6.062481277099929 7.736672579709495 4.938645376941341
1278 6.364737683470109 7.282653943265183 5.239567325959237
1279 5.499652942508921 8.180035007559445 4.882708755092293
1280 5.249543395583565 8.185657880205389 5.14172142439829
1281 4.95820651299723 8.390347828402897 5.100808905740995
1282 4.996401205541455 8.18270510861119 5.392523722597076
1283 4.738431633358633 8.170520535004187 5.638249714500159
1284 5.743868590233491 8.16564570868672 4.618463356825004
1285 5.455594035757676 8.378962911104891 4.585790471808967
1286 6.025987523100234 7.943577500848034 4.646186700882909
1287 5.981928616348962 8.142505404393441 4.349268417599562
1288 6.300562150626771 7.713558879967809 4.669467420526578
1289 5.405688447104267 8.568911200241686 4.283957662631138
1290 5.161472799379698 8.583300499114412 4.548203060898426
1291 4.861820086611273 8.778439487052138 4.505741405982699
1292 4.91172567526468 8.588491197915346 4.807574215160527
1293 4.658565150970218 8.585499452825529 5.058356440554423
1294 5.643266558075679 8.546111725922399 4.014662740823487
1295 5.34912579360042 8.750419226903404 3.97706130172492
1296 6.213577895338489 8.110638893811172 4.07541242977424
1297 5.931458962471759 8.332707101649873 4.047689085716345
1298 5.874900850524407 8.514222499587319 3.740796068222464
1299 4.806704155083076 8.958980048461799 4.199079858346414
1300 4.556957030968057 8.964170747262733 4.458451012608515
1301 5.05070835174777 8.944444587039566 3.935385136802231
1302 4.745836617866742 9.13015931004788 3.888087675151009
1303 5.288243073347249 8.921574466957232 3.666059768706945
1304 4.247210349815455 9.140295234217765 4.406382561212371
1305 4.30232628134365 8.959754672808105 4.713044108848658
1306 4.045189509555611 8.94771858644893 4.957295021430292
1307 4.354930511105255 8.771594879873195 5.009361586752036
1308 4.40152567675296 8.573664632464411 5.302720668384607
1309 4.187542743854706 9.311040272284584 4.094998756566895
1310 3.932911994230301 9.306624197829956 4.349591852807038
1311 4.436798347255697 9.3047537871613 3.838798950986699
1312 4.12250241609824 9.471081467748812 3.782008680652276
1313 4.680811449838456 9.290240070816095 3.575114487350604
1314 3.614398793253653 9.462979385733943 4.288139749180408
1315 3.674066399214398 9.292234347667124 4.599523553825883
1316 3.412536046768844 9.267625807500151 4.844141783810675
1317 3.731036417610864 9.111239288241119 4.905577018340752
1318 3.783696469679543 8.923188996179666 5.201955321203045
1319 3.550857687931845 9.6235830844796 3.972160406651951
1320 3.292012092915943 9.609193234316766 4.222092107670799
1321 3.805897879678162 9.627659478640172 3.71797179828079
1322 3.483511179340453 9.773873327222999 3.651924156771182
1323 4.055174015169931 9.6214122813334 3.461789915534651
1324 5.515936045018857 8.891782304903247 3.392735915079637
1325 5.217430325008382 9.085658855014426 3.351003427927352
1326 4.914711633523005 9.268011242340204 3.309014531725304
1327 4.605657575376452 9.442571438026306 3.259718229563307
1328 5.142305909852091 9.238053591424446 3.035631033487132
1329 2.96609739042133 9.74510904829342 4.151519710588579
1330 3.029638495743137 9.584505349547761 4.467499053117035
1331 2.764018078435427 9.549545887824696 4.708118243886039
1332 3.089932780930041 9.413630073848044 4.778690640968257
1333 3.146915629461133 9.232666345777083 5.084760974579676
1334 3.412431441767078 9.913689050065949 3.327774192135331
1335 3.157391250020761 9.909612655905377 3.581962800506493
1336 2.828110052043645 10.03584730147193 3.504791359705777
1337 2.899218807766539 9.89613350969662 3.828977913615121
1338 2.636855368313133 9.871486199162794 4.074402285776003
1339 3.66396436984806 9.907342221772794 3.069191293673634
1340 3.337842660609432 10.04307883972188 2.999228866249862
1341 3.980518898156666 9.762649032834878 3.137858053371105
1342 3.905916844459506 9.891997511743481 2.809305756201741
1343 4.297224298235592 9.606310452861003 3.201977953376169
1344 3.015881790311068 5.802827771931054 8.844865565749192
1345 3.303269901946251 5.58871023377799 8.880018348954081
1346 2.735717519724281 6.020486136243108 8.790312641514985
1347 2.715198532907974 5.723415909984071 8.992786400678911
1348 2.444413546105087 6.224329591395358 8.7339889828931
1349 3.2790948894075 5.285394618434618 9.072603839785137
1350 3.587117946592016 5.368603355002059 8.905654543822038
1351 3.867121728369026 5.142743020989301 8.92174667641051
1352 3.891296740907776 5.44605863633267 8.729161185579452
1353 4.191854734630819 5.51655002752237 8.543771396613801
1354 2.967557673247867 5.196521600240125 9.229830156302201
1355 3.251405717893631 4.976414721464193 9.255466351170158
1356 2.685376894232903 5.413351861043657 9.191538095686447
1357 2.657717844295715 5.104434321205336 9.374501913201209
1358 2.405453323289167 5.631540768029385 9.137808429131139
1359 3.220232061492729 4.662101672191941 9.428409911977703
1360 3.531769277652362 4.750974690386434 9.271183595460638
1361 3.808347890917107 4.520443107855638 9.276965045228298
1362 3.839521547318009 4.834756157127892 9.104021484420754
1363 4.143686092496409 4.912194546605869 8.927497426667083
1364 9.94843437182209 3.654549058902381 2.944982975438825
1365 9.801626139756756 3.974150696903892 3.022292384058061
1366 9.773786415259064 4.220724479428424 2.767414673960344
1367 9.645482397796712 4.285059425812052 3.098860279369345
1368 9.479925798158199 4.594093161821351 3.166277764492705
1369 10.08423366478151 3.33120585218924 2.865536418269249
1370 10.06568593785951 3.586453103266003 2.611382916856703
1371 10.09230429314241 3.072208336395846 3.115594645071656
1372 10.20958833261431 3.004124139810008 2.78200363607895
1373 10.08955914370221 2.809918378980161 3.362313933767129
1374 1.844478613608867 8.584756394280696 6.625696664864476
1375 1.528214938670632 8.733139811991302 6.511284675502711
1376 2.45015558945746 8.270522198980091 6.826067692575858
1377 2.150350888007905 8.430109493008786 6.731214228824305
1378 2.136053404472343 8.638010394966583 6.466997160173442
1379 3.25952103293245 10.16148358662484 2.668290455446121
1380 3.007997761528916 10.16785693224675 2.92688142431476
1381 2.675077244641381 10.28193670350968 2.850568252159975
1382 2.753390995559858 10.16350815001128 3.181499663715866
1383 2.495177071256119 10.14986531040499 3.428458190457512
1384 2.905243768806682 4.568232346483754 9.575531936782911
1385 3.185607328565415 4.342792315405993 9.59124918107339
1386 2.355666169279459 5.016880586419608 9.501670699435877
1387 2.637730556333759 4.799857148792968 9.539588505976777
1388 2.603230911280211 4.480778760741431 9.702876404440268
1389 3.773092882688147 4.201285564521835 9.439966615616207
1390 4.080845152353795 4.285067031263294 9.272804504576321
1391 3.461297043481254 4.113001640281722 9.597012049790694
1392 3.73379430491794 3.877625563689375 9.59285150913872
1393 3.146297931435245 4.01911849379411 9.744100566983516
1394 4.353346441074562 4.048281494631152 9.25525751690413
1395 4.388539220815317 4.367382301410736 9.092122708184814
1396 4.687135891467686 4.441814264028737 8.90511331644838
1397 4.414780536972368 4.678736685592615 8.922955555042275
1398 4.442350280243449 4.986689382010114 8.740620858667221
1399 4.324834816290411 3.721689149013451 9.404511347747835
1400 4.632353382027348 3.803851004588154 9.223449445782933
1401 3.69574995492668 3.553900156178935 9.731969274025211
1402 4.007462732672569 3.642107769287843 9.574721585672014
1403 4.286727904990994 3.397900690675905 9.543491749086167
1404 4.952456943791885 4.199427750726236 8.879075221345854
1405 4.978755654619513 4.510833538061101 8.710015667236046
1406 4.914417920343902 3.893956025331485 9.038008794916463
1407 5.205926033240137 3.962882627807905 8.842731219179452
1408 4.885838292402372 3.56731941472145 9.18710054227372
1409 3.374743384325955 3.457721762457953 9.88206796694765
1410 3.648556950924728 3.222333882871517 9.864309226862114
1411 3.104047017881149 3.692874917372254 9.885725413717802
1412 3.05678880124112 3.361252546962972 10.01788518301851
1413 2.828351583683586 3.9226555719211 9.879939300580288
1414 3.592079703355809 2.883121324982633 9.989222934251174
1415 3.913138312370612 2.979336219710257 9.839253235798939
1416 4.16823402676086 2.729040479788573 9.807046607303766
1417 4.224617609747309 3.068172827240488 9.68188626010428
1418 4.541817247083035 3.147593942712991 9.511285321442921
1419 3.272479234040524 2.787943320516427 10.12512971296474
1420 3.537070634455471 2.544962760032414 10.10011365663382
1421 3.004380764553452 3.027936082119238 10.13929481296316
1422 2.94937169565311 2.689777517169017 10.25018553534581
1423 2.733682713648744 3.263087184392837 10.1429404438826
1424 9.793878932688877 2.674309571772245 4.234147348187157
1425 9.941295124513143 2.616429390133203 3.914709247668133
1426 9.470694133739435 2.769022805122905 4.861940490160557
1427 9.638908461245945 2.723882256122742 4.546637123248458
1428 9.767318573040113 2.408037170578264 4.449814027334073
1429 8.391486099083503 6.506714995360427 2.871518939174897
1430 8.159809138275573 6.780195054678601 2.906281102616591
1431 8.818830633795107 5.951521665152944 2.794211180575322
1432 8.607471620778625 6.234707073287489 2.835464689921135
1433 8.537750209415835 6.448478168595689 2.554202550849219
1434 8.082358510890208 6.988007625874795 2.615956865499951
1435 7.920407857223094 7.047732852832981 2.931996079522848
1436 7.687468246925459 7.295763490240922 2.945278772371199
1437 7.764846496388508 7.087898522072474 3.235560759486049
1438 7.601599102010764 7.118087453366478 3.542389320576703
1439 10.17193386648244 3.514755764013012 2.275577582778702
1440 10.03608729287152 3.83808152737486 2.355012110178363
1441 9.99534446381346 4.085735320709861 2.097583356822197
1442 9.889102948760392 4.157433625766597 2.433390333703935
1443 9.733100867755409 4.468403176149585 2.510004094314424
1444 4.119494572168936 2.393132432167908 9.91477088146654
1445 4.430956436006633 2.481974528137564 9.757378106022525
1446 3.481196345946727 2.197376890807651 10.20062776503053
1447 3.80079573896607 2.292552294123873 10.06469849172665
1448 4.063577310880953 2.045512256572102 10.01514947700267
1449 4.678427581193474 2.22313985042213 9.704121009807805
1450 4.727438077194898 2.559183658782063 9.596973909879647
1451 5.050692924987024 2.642599905671536 9.407824760061743
1452 4.803183714863851 2.901454122435787 9.461024795267534
1453 4.864852123303592 3.230893975037404 9.321723978988841
1454 7.554922480890928 6.485294300448764 4.675906772412776
1455 7.582607337351276 6.254481717063277 4.938170148796797
1456 7.519294752443011 6.710013390954121 4.40861959337607
1457 7.315748281116157 6.739119538177062 4.697243333861486
1458 7.475042471388256 6.931425588950084 4.132684279713338
1459 2.623103357906563 2.588729117821873 10.36425638086402
1460 2.891201827393641 2.348736356219064 10.35009128086562
1461 2.81735961934552 2.034644849991857 10.436604098541
1462 3.1436237957827 2.135700293639823 10.32261661044987
1463 3.407557011082728 1.883431130783674 10.2879173009806
1464 2.435141217399662 9.675227590401638 4.632500223988362
1465 2.495435502586577 9.504352314701963 4.943691811839602
1466 2.372237226286784 9.835734063421816 4.316344052072649
1467 2.103654650437934 9.79054049029908 4.551917620026213
1468 2.305352474191063 9.986738883422994 3.993794742355747
1469 3.507403830605606 10.14402497701039 2.407670167369801
1470 3.177574116735456 10.26884779237848 2.335334611916795
1471 3.827497606444424 10.0091541795782 2.4833635823404
1472 3.745593973317424 10.11662670641114 2.150439459779582
1473 4.144150314863165 9.864723830717377 2.552105388007367
1474 2.22417860428899 9.44897306348442 5.173967296163451
1475 2.55305546532474 9.323291360907429 5.249585316061105
1476 2.609482763922343 9.138719689113804 5.538447629850435
1477 2.880656203687976 9.193839855435742 5.308024919756434
1478 3.203268143319422 9.047899320666762 5.373508266028154
1479 2.35219374616911 2.825947575556566 10.3673142559049
1480 2.294023877909651 2.484906414606639 10.46722000142479
1481 2.407842802109433 3.16396020899134 10.25629800835805
1482 2.078763322112465 3.060137505776004 10.35926162891849
1483 2.460256170496235 3.497279834571848 10.13489878263381
1484 8.578401006029161 3.501548834169992 5.928759730473201
1485 8.74569908040538 3.190594779080178 5.859424250786319
1486 8.401748440802832 3.808931661784575 5.991883070731787
1487 8.360934135686998 3.528931264600792 6.216222688130386
1488 8.216679202048427 4.107113279684293 6.051264611506072
1489 8.695693250373266 2.907005104458625 6.077354705631745
1490 8.903793303081459 2.876043832670367 5.783669828799058
1491 9.055750431420339 2.563548174995699 5.69399726714955
1492 9.105446433451672 2.847046665507988 5.475871668690026
1493 9.292635790057009 2.80732643069314 5.173571144275805
1494 8.478844636415191 2.935239781988881 6.363455119175681
1495 8.636941905325255 2.620691089660113 6.28770329584759
1496 8.31432917423248 3.247741739466224 6.428382687444452
1497 8.255668343854357 2.961463880015692 6.638800485301803
1498 8.137667846653637 3.555114089482474 6.491496424423477
1499 5.267028375227668 4.575708423531519 8.504193349011373
1500 5.00178937360532 4.818172223184823 8.530376280670103
1501 5.023337842998786 5.11965518072046 8.339976483517113
1502 4.735016877617517 5.054737439834874 8.545714983721892
1503 4.463951259789746 5.288224731006507 8.550311008647153
1504 9.11932956522131 5.199190279992297 3.287285919008893
1505 9.075318378508797 5.434564600724266 3.017300768775815
1506 9.015655424271465 5.670514844660435 2.750130663675845
1507 8.950911980347131 5.89572449178963 2.474188237986374
1508 9.208044842873958 5.379179254776497 2.697469317083042
1509 2.59394928956108 10.38945929400469 2.516060941512588
1510 2.339345281833595 10.38512308655062 2.770682610757909
1511 3.093572756063467 10.36482904944479 2.000031594432287
1512 2.845684970587106 10.38227109582081 2.260646797060189
1513 2.509950450734722 10.48543979894803 2.180756968920012
1514 10.32414933294857 2.673907106678305 2.694839760696867
1515 10.31606307211498 2.932900671741812 2.444777360383167
1516 10.41168358493683 2.857080026648294 2.105691964292124
1517 10.297199285616 3.187318101934055 2.192872588499555
1518 10.26759981294573 3.438947077850007 1.936501246305733
1519 10.32121003119719 2.412084086711769 2.941848713062303
1520 10.42767208875942 2.340857498969849 2.604619161955226
1521 10.20360462856335 2.480678747625709 3.276077766940036
1522 10.30717557001729 2.147640237721943 3.18587086652243
1523 10.07547016417786 2.545461749360064 3.606317436569697
1524 6.48220230694789 7.885051896295239 4.099635330676414
1525 6.431676784584548 8.075179358553187 3.798027391401058
1526 6.530402137604455 7.684676102625203 4.393131129264445
1527 6.748709851191678 7.649476216686292 4.11587523557009
1528 6.5670040998831 7.477900226946804 4.685665944980234
1529 6.635431800172668 8.040164926338139 3.510953258381452
1530 6.366370920976016 8.265212267979674 3.486486406368063
1531 6.300182276899885 8.439864951106228 3.174331880085201
1532 6.097186126143538 8.475858626165246 3.46181193776077
1533 5.808888338153088 8.689112415403667 3.428723043254867
1534 8.234884981590023 6.919699278518696 2.303135088276615
1535 7.995230976627422 7.187011030619414 2.328766642695701
1536 8.456094480199109 6.662524042691391 2.259477710114732
1537 8.368612132882157 6.861247782712623 1.972209378742189
1538 8.672535994591389 6.390848229589237 2.223550837933073
1539 7.931344121441002 7.333603339142889 2.076545807680518
1540 7.778602030994373 7.401677064166545 2.389252410525338
1541 7.558014445320341 7.627572796022262 2.386744830456371
1542 7.621142929183754 7.480318499444863 2.638752659840524
1543 7.467174366284367 7.522008108999322 2.942906894832745
1544 5.424543939302442 3.723216502172831 8.815439973621569
1545 5.462475331444199 4.028575450593326 8.656323878658908
1546 5.516149395029807 4.324386828090595 8.477722242014588
1547 5.539328200403077 4.631835164721349 8.298309833639014
1548 5.735168002077221 4.08499787519267 8.451073325183076
1549 8.568934473480136 2.331568517797466 6.491313444598053
1550 8.78578308743824 2.30333384026722 6.205213031054136
1551 8.939356349190735 1.984137370364607 6.095170789871759
1552 9.006966685389175 2.273180746823837 5.891281729858026
1553 9.208232053435097 2.244091013340703 5.583235439593599
1554 8.342902655313939 2.357304486779138 6.770457210600077
1555 8.491743837426926 2.039947237386245 6.687966945806628
1556 8.185120504051214 2.672135446754356 6.84569167348043
1557 8.107929867998003 2.380514166343135 7.042345174689007
1558 8.020780854622625 2.9847049653441 6.910760504602181
1559 10.51969765635178 2.005099517641469 2.513073246704303
1560 10.52264272065258 2.266922396225278 2.266065538105512
1561 10.60436609127379 2.184903357946633 1.942580016029249
1562 10.51231439108215 2.520639386984499 2.034114850206253
1563 10.49389768496747 2.775162293488443 1.782297848911424
1564 2.004404467745671 10.47673884039036 2.68706270859786
1565 2.085532095976472 10.36921822972259 3.02156733849183
1566 1.826751436182569 10.34324225799653 3.268075700285991
1567 2.161668389745261 10.25151349863799 3.351665371128077
1568 2.236399579893373 10.12388916789881 3.67496735157659
1569 3.977291130483542 10.07767276011881 1.903067787372854
1570 3.657045911771456 10.21210318287908 1.827283169469565
1571 3.57413801331911 10.29668844552202 1.48450143738589
1572 3.342474757684021 10.33578356136703 1.731889334461123
1573 3.010633817986169 10.44938596964862 1.65723168908531
1574 4.278428744032436 9.939670533192661 1.974334615463798
1575 4.190113095216638 10.03574335204977 1.651304823793255
1576 4.44995392078852 9.713319695450073 2.617122579636
1577 4.371565946719178 9.830553498403932 2.291206906524036
1578 4.584507366632209 9.788910215141961 2.039492340065144
1579 1.938221677724495 10.56808288956815 2.357736365078968
1580 1.684494677339023 10.55258772478821 2.608710407972833
1581 2.172777734285281 10.57735164532579 2.097300428769793
1582 1.852861668721215 10.6532008864643 2.018963721620524
1583 2.424523164266919 10.57019917165144 1.841894920334041
1584 1.893757404814944 9.563915358274862 5.093643677316152
1585 1.951370657259915 9.382822139217291 5.399518613895025
1586 1.769913626950299 9.895361008336428 4.466456791219493
1587 1.832817618063188 9.734854535316288 4.782612963135225
1588 1.560016381327307 9.668735876312189 5.008182848509426
1589 6.660663988600124 6.56910682198138 5.786397047590427
1590 6.647429417596604 6.808233483390644 5.519025183282801
1591 6.630731048671404 7.033313718242398 5.250324171036329
1592 6.603146381322398 7.257421142870379 4.972755395336364
1593 6.885570072144062 6.782721353491695 5.252010645693878
1594 4.139325495193871 8.555430801057701 5.538103308277231
1595 4.442932285805679 8.369289037968217 5.587070225322977
1596 3.520006843091374 8.893830000318889 5.432249971238216
1597 3.834261269138673 8.730571648811653 5.484118817544827
1598 3.875805516312342 8.526478406758333 5.768647811992573
1599 1.962485925407869 2.37842067282123 10.55896605239702
1600 2.233395537145262 2.141202215086468 10.55590817735587
1601 2.178216127184332 1.808864822277559 10.62936416527352
1602 2.509659853189867 1.915279838489287 10.53723448356178
1603 2.762307376302019 1.702414017767713 10.51053968504641
1604 2.136035012866794 5.835621509921595 9.076501309246176
1605 2.10623815422425 5.525608093789834 9.275312179734669
1606 2.146141452200667 6.411000486212878 8.677162533508536
1607 2.136831567374275 6.127882607408474 8.881610529768434
1608 1.837761819153804 6.022286746887811 9.019683688152259
1609 6.884315806992107 7.823625150345833 3.520949499279241
1610 6.818507474381479 8.013064524967771 3.209166985450727
1611 6.990295004998538 7.421913696623261 4.129282361738966
1612 6.941945134104039 7.622117303135541 3.83571708710784
1613 7.12676596682961 7.596989817771349 3.53482001843342
1614 6.504132910281478 8.390011730614608 2.881658939837027
1615 6.234732747355998 8.600372735545751 2.856868281655284
1616 6.748359719417076 8.196592528091255 2.876718968858049
1617 6.68148559223517 8.355297563681294 2.558662326899599
1618 6.997938456798734 7.980844579200575 2.887036050606598
1619 4.654988256226922 1.905073426799442 9.782728636371965
1620 4.950760020922294 1.981984474234205 9.620899789475622
1621 4.339652989279903 1.818592957421064 9.942843234601082
1622 4.612552408126839 1.577651670527108 9.860799941625746
1623 4.021250057094726 1.718132524531178 10.09344186125148
1624 5.169432775688598 1.739270465326658 9.552586195689567
1625 5.193795562482105 2.057664670183588 9.475785126321695
1626 5.440478607619998 2.0829184644561 9.330736476316165
1627 5.22144913593081 2.325483560943643 9.398329379664679
1628 5.29789406839979 2.668013041801103 9.263585960565894
1629 10.09278398315999 4.005165639879429 1.75907920981358
1630 9.945939286022925 4.324575240244768 1.837482165956354
1631 10.24023749917644 3.675372607073059 1.621472219816765
1632 10.1896664718025 3.913812343863607 1.361164990162763
1633 10.36466372620646 3.347593715798963 1.53862346160565
1634 9.880514478044059 4.56986936801524 1.578520702568612
1635 9.782658214739731 4.650254330578377 1.916959288697162
1636 9.616003463117039 4.957831653382779 1.988060032805074
1637 9.681947406368332 4.712790445965767 2.247109394918569
1638 9.566885758102023 4.776201231445924 2.581201016612059
1639 2.335433415086572 9.075097349767352 5.76093385276577
1640 2.663232338201954 8.946347629575149 5.819798759712443
1641 2.015246050266044 9.220535377151215 5.649823954389201
1642 2.069266731965582 9.029403770470322 5.93194763478209
1643 1.684799054867725 9.335113727745721 5.569300120730628
1644 10.49650774948484 1.701778418532307 2.815541738142488
1645 10.59302833702159 1.62807447996519 2.477321969131905
1646 10.27299621446314 1.950547692502538 3.41480782429979
1647 10.39074085773451 1.881993258427532 3.080682684510052
1648 10.46258768098673 1.504789785974226 3.044645581622327
1649 10.6814880573736 1.867581314441386 1.848770649413991
1650 10.67169785686154 2.12140999298182 1.616936762379291
1651 10.68206726901704 1.596027758487665 2.08473841388595
1652 10.74972621176508 1.532586056179033 1.759137957209824
1653 1.695991008909417 10.04818151989938 4.142180903926206
1654 1.425127568681647 9.992366601973362 4.37282758689968
1655 1.971783451340785 10.08811074686555 3.91689820904174
1656 1.626999894410952 10.1850714485715 3.82324350925761
1657 8.412708278889736 1.697892466758243 6.880661347982887
1658 8.63863001334658 1.672125230905049 6.601368699343978
1659 8.868916058743139 1.682844899537686 6.285726766816076
1660 9.089229975385475 1.652507676269219 5.971190570935201
1661 8.788848671900485 1.340548595658531 6.477581993700353
1662 7.864267928499458 2.401172683008116 7.306685958432213
1663 8.022050079762197 2.086341723032901 7.231451495551874
1664 7.91135112479189 1.812112475929923 7.424740517676914
1665 8.15550317275344 1.791567751016665 7.160869569593186
1666 8.302272302773918 1.423709357437494 7.074272137551537
1667 7.698057754060867 2.713430340648668 7.374089950739048
1668 7.61217796582506 2.419257897338432 7.563196271601912
1669 7.781215826490593 3.003947584034449 7.171400084638002
1670 7.52930727632927 3.022104133072544 7.428083100469524
1671 7.851756196580841 3.293268140579971 6.964503541796452
1672 7.354109792561101 2.436034036540313 7.80914895054346
1673 7.52031071712043 2.123776805149531 7.741737453561213
1674 7.397726726511794 1.850092017411039 7.927849570152365
1675 7.656285853894172 1.8334353227494 7.682434629774261
1676 7.790136091068847 1.538750171105509 7.612228819048291
1677 7.179769243340099 2.745436928291948 7.868512545910975
1678 7.088032599766357 2.449998657801132 8.047192084287664
1679 7.266417330127487 3.035978110174415 7.679975006402346
1680 7.000283938597467 3.049923448176575 7.917953759607153
1681 7.349834571151511 3.326603823518871 7.477542295303699
1682 6.817947082146477 2.463419299767989 8.273280059237745
1683 6.992276930671255 2.154017765232023 8.213907157490121
1684 6.868730592027991 1.869950744153756 8.385930137353734
1685 7.139027609785533 1.856576401789622 8.160110835707917
1686 7.274950757325439 1.566228256824989 8.100741973795547
1687 6.640018357763609 2.761602740345906 8.323683470259802
1688 6.54445092808928 2.465690205321506 8.490614457223515
1689 6.736666221738617 3.042140912165123 8.146330884970061
1690 6.463400130028647 3.044510141527358 8.363935482611206
1691 6.823567382399619 3.332789921717082 7.95810527170589
1692 6.261146526106932 2.492347910933296 8.694035085590897
1693 6.439369469196443 2.194283713569852 8.644052280241183
1694 6.316119240646048 1.932510513479226 8.796137837325713
1695 6.598899636924608 1.905664676797385 8.592029196959412
1696 6.745871918893339 1.608299186390409 8.538535341669686
1697 6.283338120474386 3.287480011422983 8.409050911862035
1698 6.185563492496464 3.006397745751503 8.584892362437355
1699 6.058786254889238 2.770705612742209 8.75295947237756
1700 5.953280506122311 2.49910387186106 8.905780766057131
1701 5.877535383107271 3.013091776641909 8.796354686224003
1702 6.901439565058442 3.616833270219582 7.764576551575667
1703 6.638579620291489 3.609416620115584 7.993833391276296
1704 6.455242729057407 3.872567710110784 8.020789277842848
1705 6.376734417506326 3.588181480352389 8.21353832599851
1706 6.10043247645807 3.550890422878582 8.436581108771778
1707 9.306556047115944 1.621292966156394 5.635549987337655
1708 9.495403496004927 1.591837164960515 5.320090872185161
1709 9.349830230130538 1.924555605613812 5.465963811500914
1710 9.398658093977115 2.214934017807925 5.268708886366343
1711 1.09849316409605 9.914738737491708 4.635867614127432
1712 0.8465837938338835 9.821088225911664 4.881549133100793
1713 1.247311748072021 9.747175133328742 4.943358203017391
1714 1.308120256553068 9.575267660297103 5.253862448529079
1715 5.147092643181258 3.321136464190974 9.136601660832678
1716 5.33011711647488 3.126854880243186 9.10014450888341
1717 5.350879508705459 3.463097340464689 8.965213064606017
1718 5.60822719433183 3.529345617186439 8.780176948741056
1719 2.701175017392022 8.749165842258522 6.095551705143179
1720 2.975111727407234 8.81240854646752 5.872832861540517
1721 3.253976570679979 8.855647940452263 5.65589391981757
1722 3.292026631578744 8.658822215317581 5.931893331854432
1723 4.484481563769279 5.584546137106481 8.348788507726287
1724 4.499073822486137 5.866454940813438 8.145123766231277
1725 4.771121023459126 5.638082567401118 8.151590589736088
1726 7.03830985663817 7.206241906700995 4.419533000675118
1727 7.232530458731149 7.179926540350294 4.13994662268726
1728 6.833047535858199 7.228608545390299 4.696453967645433
1729 7.074425490704857 6.985740733120037 4.706583727725756
1730 10.17037230693855 1.962829561676714 3.702813423609866
1731 10.25536670342631 1.697481718680022 3.598056363233082
1732 10.05540456623107 2.287223694834681 3.828504509492727
1733 10.03822860210834 2.034227107895222 4.011967921770831
1734 4.204755928212577 8.129108862835469 6.102263242464309
1735 3.90693897805499 8.319153271278925 6.043799853628825
1736 4.500115205396797 7.930086968638719 6.153266108984961
1737 4.47629789872341 8.152430313882446 5.873724295468334
1738 6.157330459784943 8.754393035820499 2.539268434683911
1739 5.953964267983222 8.805048207162832 2.832213898193005
1740 5.66089584840744 9.007537317137203 2.796163384686976
1741 5.738084646649291 8.853215363338883 3.113673444378526
1742 6.362161997548449 8.687363031294691 2.247802989464304
1743 6.081548533214988 8.892251863221418 2.223201349222756
1744 6.640970495574692 8.468142016295937 2.277736084086523
1745 6.564850230038051 8.605527241691178 1.96154081009812
1746 6.883988198004671 8.273269718623059 2.272380833541581
1747 5.992107586339204 9.026974381684976 1.899573685367136
1748 5.7874184094002 9.094221372732694 2.191101498851106
1749 5.487058841785385 9.285710388695158 2.160501757477565
1750 5.576291709369671 9.15065413323078 2.484049054668914
1751 5.360410249511946 9.198803501203216 2.765504674228331
1752 1.843977058819507 6.591371889794037 8.611246438058799
1753 1.537981415814857 6.760162249048888 8.540188495059251
1754 1.532477317691322 6.483070132887478 8.753360207533103
1755 7.141639032473766 6.301095111239443 5.503925174724085
1756 6.910857326872524 6.312187127420606 5.778957057812243
1757 7.366133808144295 6.27941839143714 5.225799210244746
1758 7.126928784081728 6.536125239651999 5.242704736890249
1759 1.803105117210821 3.291047930511084 10.34010712978192
1760 1.747456061270519 2.953035297076345 10.45112337732888
1761 1.703118940279401 2.625481407416351 10.54543660805813
1762 1.64256911227571 2.281899454821865 10.6346086711962
1763 1.427479291937683 2.856389232311945 10.52631670740632
1764 1.85682181125986 3.625533595080631 10.21800953768254
1765 1.525514550417819 3.518431386380831 10.30987128609246
1766 2.186139142798484 3.728750371415732 10.11519729496125
1767 1.908548576005455 3.956133827285439 10.08496145127166
1768 2.51198544741466 3.827883035953237 10.00186185542664
1769 1.836509787523325 1.686793684415967 10.71363425110945
1770 2.11296533622594 1.461011555817088 10.69583202568536
1771 1.584172544486149 1.952657150711076 10.70875937730759
1772 1.518974043075969 1.60491317131273 10.77575851478718
1773 7.966479321426789 7.382499524259249 1.741811699234828
1774 7.748996787368273 7.596386406265739 1.802210408375581
1775 8.491000154387777 6.799423841125551 1.634243496826649
1776 8.269774119657374 7.056591337468491 1.677901876096966
1777 7.510037595776661 7.768549349951172 2.061304515930225
1778 7.353211072804433 7.847901511338199 2.31100168479426
1779 7.544306657520701 7.816839525530599 1.72639997955033
1780 8.68306657621944 6.569906348815032 1.562269311207492
1781 8.581920727305109 6.76342589478288 1.267559385603431
1782 8.869139068326477 6.131080381108836 2.179042346322634
1783 8.786361272045671 6.344305162363074 1.884050849608158
1784 8.880775378299607 6.310910163805056 1.517972853699801
1785 5.812955471874866 4.671780364852926 8.086038393711393
1786 5.563705298936087 4.922990886362998 8.112295857485559
1787 5.301217006059932 5.171656823031381 8.133330434665366
1788 5.034550453366955 5.408314647260195 8.148830247878122
1789 5.575238575479049 5.211957156891688 7.921629720027051
1790 5.609102890850518 2.563882020361249 9.108483613945884
1791 5.814091238765587 2.286640652729113 9.053596942243223
1792 6.026842440841546 1.97622814264206 8.987307300938399
1793 6.187442724705324 1.687943743836638 8.936800235326618
1794 5.684696242961628 2.04179655911195 9.193220079844524
1795 9.959741305058856 4.497168327777062 1.256594671301531
1796 9.795830177183879 4.822536649191373 1.33598331089116
1797 10.25074848740899 3.861470552739447 1.005584714585661
1798 10.10540557686084 4.192031002165094 1.143527089332184
1799 10.02144911806458 4.445060811016518 0.9011059651383545
1800 5.93749955272053 3.820281887637134 8.435137542472866
1801 5.991032098088107 4.115964056925792 8.256293010896172
1802 6.049996328934434 4.407579177047062 8.060446030955175
1803 6.253097592345487 4.143378702573685 8.045569179844387
1804 6.177704461489145 8.959093439244976 1.603312924345942
1805 5.883317821045544 9.16068054463269 1.571147152801425
1806 6.753266550715308 8.521717180481469 1.665451047277212
1807 6.474518515826641 8.741029423726372 1.635547187264193
1808 5.395372474228848 9.407624018718217 1.840262532023564
1809 5.18435611179128 9.464233035676687 2.133247466314786
1810 5.581001404044098 9.351627416809769 1.549028077611789
1811 5.278300426230475 9.530146270270011 1.521793901194839
1812 5.766320745590493 9.283334610875107 1.252694520424283
1813 4.885082617230471 9.632766925205319 2.084650855060179
1814 4.976581429458449 9.510547521466027 2.404812491215423
1815 5.05761422487485 9.381004572317231 2.723470500392242
1816 4.758537078680319 9.549915848158669 2.674963955628651
1817 5.159599912866277 9.638599735376943 1.214876076125391
1818 4.974113668635159 9.694829717607336 1.506144069501502
1819 4.792081367956269 9.742210838098314 1.767847320592509
1820 4.673188142982089 9.850236916077337 1.460871410302372
1821 10.65008105079137 2.350448752682964 1.432188630238953
1822 10.57737952852831 2.64658215871193 1.454181964768494
1823 10.47724699253651 2.983156159591102 1.525802996745733
1824 10.63353541732256 2.55842767950838 1.175743312663148
1825 1.377574426139482 10.6187083515712 2.518992188300442
1826 1.443590866214704 10.52637587208018 2.848061869178723
1827 1.544674388557295 10.31280914022192 3.501420950227258
1828 1.468477146573567 10.43011152825047 3.171174605449504
1829 1.161469794858353 10.49556735480577 3.081242252139094
1830 1.334121629403875 3.726001120106705 10.26338322050387
1831 1.28041553693477 3.391581469959041 10.38545671530176
1832 1.266306989603904 3.054527827271547 10.49124999037312
1833 1.075508456673494 3.263618804316506 10.44950112970641
1834 5.633906675999992 9.401757736808865 0.9306164755028726
1835 5.322865860844645 9.582293482379178 0.9201905482062631
1836 0.9135497978204971 8.81207270673762 6.520184152159512
1837 1.187285679441483 8.884073423987243 6.376801087739586
1838 1.489343234496296 8.944305217214914 6.227460229592972
1839 9.156551518518752 4.955851465641413 3.549239431091086
1840 9.30487245831803 4.899846362392061 3.226585526433148
1841 9.442686315521653 4.837418621933894 2.904316825490513
1842 7.953374257176726 3.856982360280428 6.547329608150499
1843 7.90697220116875 3.575881899050223 6.759649344011092
1844 7.990433663713948 4.129818580150142 6.332264078576758
1845 2.345796322970465 1.319553115650318 10.66564668391541
1846 2.962530106199869 1.505622185352506 10.48601531587827
1847 2.654311711956462 1.385965087870104 10.5845987222462
1848 2.546242828541497 1.122902446531728 10.64216789726953
1849 9.534968312487354 5.206612405313911 1.724983055190208
1850 9.434544742342915 5.269298707866111 2.055202333593992
1851 9.622269387755265 5.143334384217899 1.399300983201909
1852 9.439464258928863 5.45405902952979 1.466204149090139
1853 9.250004145212104 5.566065177335294 2.111004915961669
1854 9.331892654247275 5.31777023117133 2.374257622515666
1855 9.391428159302679 5.081744857769155 2.641390983779845
1856 9.074771266369455 6.027579957901416 1.522105881396059
1857 9.167855758538725 5.801154553037303 1.815771638285744
1858 9.260387294564243 5.744563632821027 1.498404425762028
1859 9.346469966894507 5.680547825548334 1.172550877189148
1860 9.066969161369551 5.850718480789701 2.135219774477419
1861 7.667460206266956 3.595134756473473 7.020331905836725
1862 7.42452549149179 3.594272123604442 7.277199263979832
1863 7.161803821457389 3.608208791260581 7.529236039707362
1864 3.3231832680762 8.451544827753541 6.207080069666472
1865 3.032964625301781 8.404830647935876 6.415601870532947
1866 3.601808996121948 8.49414028690552 5.98970389433598
1867 2.755878715250979 8.126858961503949 6.881809059153674
1868 2.747304987821557 8.338527844275589 6.62731232809587
1869 2.727660207518492 8.549787059391637 6.360897030402197
1870 3.800332361913501 10.24968406838874 1.225336866829252
1871 3.485250123964891 10.37192002109381 1.129737424995789
1872 4.078493779485309 10.12895993067919 1.330435723135486
1873 3.989700860887815 10.20442247299425 0.975730000195176
1874 4.380231198248094 9.992406292118941 1.401924086074517
1875 7.035550838624559 8.286610209842321 1.683186153479847
1876 6.944932400565462 8.42176711000395 1.357111895324694
1877 7.073314513886898 8.186292810892329 1.988172980897162
1878 7.265231083526622 8.086666573461398 1.679952687613748
1879 7.115649878527642 8.075642659257344 2.269696553769366
1880 1.958229976599777 4.282494327579331 9.941105456285879
1881 1.628912645061138 4.179277551244164 10.04391769900702
1882 1.411530696750726 4.382350665710121 9.990124310281653
1883 1.361838327301461 4.055983323252763 10.13382433495806
1884 2.286927963317932 4.386127070418776 9.825062331239131
1885 2.007273747750518 4.609243797513087 9.78395235662351
1886 2.554181905772552 4.154038294187566 9.860026401721619
1887 2.067948246835986 4.890300100755466 9.633719685197356
1888 1.739329690542317 4.786769526714545 9.749952293509697
1889 1.500214956826257 4.971874705763302 9.696897286942143
1890 1.439224120404492 4.690007795792523 9.845428421691524
1891 1.172511320221471 4.567790267816333 9.937832222028851
1892 3.164037963070728 10.48433246120318 1.033265024671115
1893 2.931705245444944 10.52106481505941 1.308548627735865
1894 2.682946645858939 10.55062133587949 1.576764637591427
1895 7.426838839832836 7.146928815141906 3.84232655541467
1896 7.358384761000399 7.365909264404074 3.549303370753667
1897 7.299901396096086 7.566501124866401 3.234115077524281
1898 7.126652816154847 1.308019386899461 8.276466934718423
1899 7.386939325347909 1.301866852614572 8.046009576286371
1900 6.588181446477544 1.350938099640586 8.704644247712167
1901 6.858361009668544 1.315279657998947 8.498995451364383
1902 6.970472495989857 1.050940410445697 8.444408649298135
1903 1.714098159074854 10.73522519775416 1.678334726614579
1904 1.479586231386728 10.72621156730219 1.938868225889399
1905 1.197581394619074 10.77166981919615 1.880672249351554
1906 1.336440330070096 10.69016796910342 2.221314033746083
1907 2.009194650664873 10.71845836911844 1.441453101982339
1908 1.636050895744814 10.79212354229978 1.361398881397907
1909 2.345805834150906 10.64270473366984 1.493328811878041
1910 10.26080022561557 1.40609094715891 3.706600461113291
1911 10.36214975791742 1.393655502456082 3.418124739526905
1912 10.46829660646328 1.213368382118744 3.153173532868742
1913 9.900930666746003 2.078745553425216 4.318609597590809
1914 10.01688055725484 1.754547967898213 4.193288128668751
1915 9.997654455319411 1.453380577011778 4.351389466641298
1916 10.13238195344045 1.408433302079788 4.043655720160515
1917 1.78952333518557 8.983291752512512 6.090818953315472
1918 2.109510933446424 8.837010600873642 6.201387527135913
1919 2.415427628556817 8.682563424878095 6.307043819744202
1920 1.40310256999937 9.439700349070785 5.470224903768957
1921 1.467346044031036 9.279482349925379 5.721722022651034
1922 1.44855018879799 9.133837564755046 5.956065286009121
1923 4.545244684309386 1.291490194452938 9.933418537310766
1924 4.859758469047376 1.377679390025305 9.771629706493272
1925 5.206423746075603 1.430446700637689 9.583682695756096
1926 5.44833907820853 1.505809551094375 9.436532142937827
1927 3.692838874789069 1.59888531034135 10.2375049113161
1928 3.969497282596542 1.372201151230386 10.16661966063552
1929 3.888974039561027 1.113931278582749 10.22912694349891
1930 4.217063686878226 1.233068847180179 10.0844392545608
1931 4.466082272260592 1.033617650420569 9.999287159099829
1932 5.438137452865484 2.880901956197583 9.117404508001092
1933 5.641849899015748 3.022968660783564 8.946015324874892
1934 5.76990550683689 3.259244319417846 8.7798358133006
1935 7.650080919232744 1.293238225845764 7.797678938017543
1936 7.906402107844748 1.272159644716837 7.541247612127721
1937 8.133807598834238 1.253534497561885 7.298618034160213
1938 7.996120749216725 1.008426916126405 7.486329415593303
1939 7.234378179821165 7.751852588697147 2.927892380951998
1940 7.163304980210895 7.934278104880381 2.595051582320012
1941 1.648981694972792 10.82405225480397 1.058655824580236
1942 5.692053423905821 1.464388345865622 9.298176949913083
1943 5.654879270887905 1.773180150879842 9.267047673569399
1944 10.80777363898857 1.226510095238991 1.639421225512436
1945 7.105905459662917 8.332325066655059 1.038492456363812
1946 7.381265341325841 8.08337180394509 1.084445591132833
1947 7.50507495424394 7.915468453544404 1.420988772694455
1948 1.558219316938992 10.8625373316463 0.7597600140232701
1949 1.224030214163959 1.538675287894484 10.82285675749414
1950 0.9118617370605766 5.02734675809742 9.741370167811725
1951 1.222828145020911 5.171341920904565 9.631298669693502
1952 0.907767127155767 4.731813562562594 9.888675303194258
1953 1.541252276465104 5.598774447237953 9.342283773748607
1954 1.538674310512756 5.911334815544918 9.148147466273956
1955 1.522922367768488 5.268042510609075 9.535640280975684
1956 1.818878290756688 5.400000988984292 9.409127009578663
1957 1.233320651479443 6.371807447476423 8.88138446543771
1958 1.539354740613035 6.20321164218261 8.952684083828844
1959 9.745028192696482 0.9206090830051106 5.018655640690961
1960 9.624418740096889 1.258038871993257 5.17570305483475
1961 9.904779608318622 0.9091277486933868 4.697747082080016
1962 9.669139873551666 1.561535155450355 5.006929404733596
1963 9.838578214790473 1.513383818288288 4.681030669627516
1964 9.710673932286909 1.847368362838252 4.825975747223335
1965 9.57578605305673 2.176398408251095 4.956572549115598
1966 9.435067503414446 2.496131906060341 5.074330173881106
1967 9.747555237627738 2.128680913974305 4.631833811340558
1968 9.954910712089571 1.167363608677156 4.531778339621275
1969 5.820231685225843 1.171596945438044 9.260251817727928
1970 6.315022726040429 1.395053754296606 8.897994886052468
1971 6.025931107828685 1.438849554699731 9.08943706962334
1972 4.335137309507708 0.7989563613077554 10.07810762199135
1973 4.00386119251093 0.7736594361956133 10.2161904165834
1974 3.356089393903146 1.537649035305037 10.36206057810686
1975 5.843355922915896 3.519178587341712 8.629633458526458
1976 2.087893190132321 5.194841959231365 9.468596466489018
1977 4.531031285455328 9.583879736857156 2.935814142564863
1978 5.334654110716926 5.731004130011204 7.726387071639986
1979 5.594582968011717 5.48718155776271 7.719551798270545
1980 5.049176206770038 5.690264805943004 7.945231656234685
1981 6.768954308284052 4.163986485932961 7.605423993264967
1982 6.976921072740562 3.884888030223113 7.565065587116734
1983 6.5140776841554 4.164100785876824 7.824771981971656
1984 7.109938675024468 6.760925777014065 4.973796806776296
1985 6.167692298376813e-16 5.555363347341139 8.90369121202278
1986 1.028391970699013e-15 9.262931392061766 4.933141103393422
1987 9.884675433686348e-16 8.903324119965626 5.552167319680031
1988 5.478308036296291e-16 4.934421206176954 9.259980004887476
1989 9.439431789616981e-16 8.50228429806165 6.153647445770926
1990 1.22645907193895e-16 1.104696123873883 10.44252661224363
1991 1.159353348017381e-15 10.44252661224363 1.104696123873878
1992 6.832512463636792e-16 6.154180117047785 8.50234548007117
1993 1.063687922282958e-15 9.580849060864056 4.286157118969541
1994 4.758827187238381e-16 4.286370469433471 9.58035716300167
1995 5.377806874633832e-17 0.4843897807334283 10.49442305084783
1996 1.165115010120824e-15 10.49442305084783 0.484389780733427
1997 1.161286855789496e-15 10.45994210200766 1.679422318534065
1998 7.415887707667654e-16 6.679637823374698 8.221104466408013
1999 1.864533326105891e-16 1.679422318534072 10.45994210200766
2000 1.098597687968038e-15 9.895288276325887 3.779866403387705
2001 9.127245881319759e-16 8.221092230006112 6.679531289119317
2002 4.196542084367592e-16 3.779909073480498 9.895189896753406
2003 8.161935435717063e-16 7.351617877383482 7.351617877383477
2004 1.117346711062415e-15 10.06416446316869 2.696684740400052
2005 2.987475713520856e-16 2.690878902038187 10.04249677942167
2006 1.139375929212967e-15 10.26258602047686 2.180790349760688
2007 3.599822954124568e-16 3.242432262959032 9.973927955684072
2008 8.654180358574707e-16 7.794992687614823 7.016458853658681
2009 2.420089362280238e-16 2.179822710033716 10.25897473985236
2010 1.107731199312844e-15 9.977555632903989 3.243392791003873
2011 7.789853883464112e-16 7.016476609367917 7.794994727015134
2012 6.682566734778125e-17 0.6019121011325047 10.73543560323624
2013 2.688903437316935e-17 0.2421948903667158 10.74721152542392
2014 2.688903437316916e-17 0.2421948903667142 10.49721152542392
2015 1.193180168604248e-15 10.74721152542392 0.2421948903667122
2016 1.191872778609352e-15 10.73543560323624 0.601912101132501
2017 1.165424592988619e-15 10.49721152542392 0.2421948903667135
2018 2.688903437316916e-17 0.2421948903667142 10.24721152542392
2019 6.837256963918946e-17 0.6158453582988339 10.23323051132982
2020 1.13766901737299e-15 10.24721152542392 0.2421948903667135
2021 1.136116812997503e-15 10.23323051132982 0.615845358298835
2022 1.188991947557631e-15 10.70948738393413 0.9120652727027265
2023 1.185075376017616e-15 10.67421004367777 1.270242119147221
2024 1.162234179069103e-15 10.46847483154573 0.7945429523036525
2025 1.186042129903674e-15 10.68291778855979 1.557605216477314
2026 1.179533148179157e-15 10.6242900932216 1.912707930355738
2027 1.160320101903439e-15 10.45123435712564 1.392059221203971
2028 1.168577684890892e-15 10.5256120524562 2.16339194596905
2029 1.159504165440895e-15 10.44388505482831 2.513899922944206
2030 1.150331392501231e-15 10.36126406124226 1.930106334147377
2031 1.143681800490833e-15 10.30136986104187 3.045201143565798
2032 1.132082597518633e-15 10.19689352867508 3.389613454669324
2033 1.14848955636562e-15 10.34467427617422 2.771847118263887
2034 1.128361320137691e-15 10.16337524182277 2.43873754508037
2035 1.11253895518763e-15 10.02086004803634 2.970038765701962
2036 1.12751584184623e-15 10.15575985038603 3.65785026086124
2037 1.113440624919695e-15 10.02898156697502 3.994692079701843
2038 1.103164443640441e-15 9.936421954614939 3.511629597195789
2039 1.095985742077155e-15 9.871761959244107 4.247837437492761
2040 1.079494783436032e-15 9.723224608861814 4.575666355689275
2041 1.081142805125498e-15 9.738068668594972 4.033011761178622
2042 1.061846807644059e-15 9.564265774460669 4.899158347901216
2043 1.043010724104986e-15 9.394605416845295 5.21657055169671
2044 1.046039946490985e-15 9.42189022646291 4.609649111181481
2045 1.023048510439797e-15 9.214801780797226 5.526083659840015
2046 1.001947961004258e-15 9.024744927646813 5.831719941447826
2047 1.008429757033824e-15 9.083127756013695 5.242654211536726
2048 9.796857788007901e-16 8.824225016694825 6.132460004493273
2049 9.564111192608826e-16 8.61458552063262 6.425011582433426
2050 9.662053611651665e-16 8.702804209013639 5.852907382725478
2051 9.408018238460214e-16 8.47398948660485 6.687953504107622
2052 9.154527198670862e-16 8.245665056137433 6.966167627610035
2053 9.283338835468369e-16 8.36168826403388 6.416589367445122
2054 8.917994437298337e-16 8.032615284941789 7.134631409879717
2055 8.64484444066774e-16 7.786583640333427 7.397316723355347
2056 8.890713119947234e-16 8.008042458810468 6.847995071388999
2057 8.212681203112443e-16 7.397325601209975 7.786584660033574
2058 7.921041919860917e-16 7.13464028773434 8.032616304641939
2059 8.398721979238918e-16 7.564896235217757 7.564896235217745
2060 8.408057897145885e-16 7.573305282499152 7.184038365521079
2061 7.975894659590587e-16 7.1840472433757 7.573306302199306
2062 7.734058831962688e-16 6.966220894737731 8.24567117433838
2063 7.425179106274402e-16 6.688006771235318 8.473995604805797
2064 7.602870795565883e-16 6.848057216371307 8.008049596711574
2065 7.133491484258971e-16 6.425277918071862 8.614616111637375
2066 6.808693986539393e-16 6.132726340131709 8.82425560769958
2067 7.124200085652223e-16 6.416908970211241 8.361724973239593
2068 6.476283903909404e-16 5.833317955278386 9.024928473675386
2069 6.136959466907595e-16 5.527681673670577 9.214985326825799
2070 6.500102381006802e-16 5.854771732194462 8.703018346046974
2071 5.792267335867333e-16 5.217210603088484 9.393129723258147
2072 5.439868998916563e-16 4.899798399292989 9.562790080873521
2073 5.823000167336552e-16 5.244892276759046 9.081835608455128
2074 5.080128574387608e-16 4.575773030921248 9.722978659930618
2075 4.716165361267886e-16 4.247944112724738 9.871516010312909
2076 5.118567611767335e-16 4.610395837805212 9.420168583944573
2077 4.435022809832491e-16 3.994713414748251 10.02893237718878
2078 4.061053266899033e-16 3.657871595907644 10.15571066059978
2079 4.477684635802986e-16 4.033139771456985 9.737773529877538
2080 3.762693701777521e-16 3.389133190646911 10.19507969006511
2081 3.380319224026024e-16 3.044720879543385 10.29955602243191
2082 3.89818251924608e-16 3.511170668219765 9.934558926218738
2083 2.790452428103859e-16 2.513416103080727 10.44207941451605
2084 2.401310401751251e-16 2.162908126105566 10.52380641214394
2085 3.074145603724168e-16 2.768944199082962 10.33384043430071
2086 3.293649333822712e-16 2.96665558249861 10.00821236755287
2087 2.703782537900547e-16 2.435350806035951 10.15073575963701
2088 2.123532383664078e-16 1.912707930355745 10.6242900932216
2089 1.729289174609378e-16 1.557605216477326 10.68291778855979
2090 2.142311344193064e-16 1.929622514283894 10.35945842093001
2091 1.410252047525908e-16 1.270242119147231 10.67421004367777
2092 1.012595865715596e-16 0.9120652727027323 10.70948738393413
2093 1.54549619902242e-16 1.392059221203978 10.45123435712564
2094 8.821198797011663e-17 0.7945429523036559 10.46847483154573
2095 1.128588049375818e-15 10.16541743724746 1.297559392817809
2096 1.133235981945781e-15 10.20728229202772 0.9259985298690605
2097 1.11088167233348e-15 10.00593257114755 2.202999844661915
2098 1.118599339973611e-15 10.07544714136407 1.835606505761214
2099 1.129554803261875e-15 10.17412518212947 1.584922490147902
2100 1.089122820875926e-15 9.809946260515048 2.822118242254547
2101 1.099867063258204e-15 9.906721792493462 2.460947039981597
2102 1.070604334038385e-15 9.643146559673017 3.448401517333909
2103 1.08431506500114e-15 9.766641845382697 3.095472267556458
2104 1.031982151949343e-15 9.295268869944124 4.31249725507256
2105 1.048582695523442e-15 9.444793273653051 3.969783681316743
2106 1.066037578365982e-15 9.602012881383967 3.716638323525825
2107 9.949366569453972e-16 8.961592714953076 4.96657055169671
2108 1.01433417615737e-15 9.13631003554298 4.635989247284501
2109 9.528884272261606e-16 8.58285593156279 5.592683950158123
2110 9.749744432802084e-16 8.781789078905007 5.276083659840015
2111 9.059752460872622e-16 8.160299561370975 6.19427273217913
2112 9.306262450226922e-16 8.382336020610801 5.893424013203571
2113 8.396345511037566e-16 7.562755702956544 6.909093115683937
2114 8.667126745351485e-16 7.806653756147561 6.625678436123007
2115 8.903659506724012e-16 8.019703527343207 6.457214653853326
2116 7.856684888836548e-16 7.076672627546337 7.341068297840872
2117 8.150223049608743e-16 7.341068297840873 7.076672627546335
2118 7.35599060994477e-16 6.625687313977627 7.806654775847715
2119 7.670644112710072e-16 6.909101993538554 7.5627567226567
2120 6.543310725295462e-16 5.893690348842003 8.382366611615559
2121 6.87731990003111e-16 6.194539067817561 8.160330152375733
2122 7.169007522046542e-16 6.457267920981018 8.019709645544154
2123 5.859403710751296e-16 5.277681673670568 8.781972624933584
2124 6.210900642665473e-16 5.59428196398868 8.583039477591363
2125 5.147692604041981e-16 4.636629298676265 9.134834341955834
2126 5.514711579711035e-16 4.967210603088476 8.960117021365932
2127 4.407463679077746e-16 3.969890356548706 9.444547324721858
2128 4.787952179513026e-16 4.312603930304523 9.295022921012933
2129 3.43613138335423e-16 3.094992003534036 9.76482800677274
2130 3.82796156252084e-16 3.447921253311487 9.641332721063058
2131 4.126321127642351e-16 3.71665965857222 9.601963691597726
2132 2.728977178457396e-16 2.458044120800663 9.895887950619951
2133 3.129957763052374e-16 2.819215323073613 9.799112418641538
2134 2.037395458895619e-16 1.83512268589773 10.07364150105182
2135 2.445284002837086e-16 2.202516024798427 10.0041269308353
2136 1.028064888629678e-16 0.9259985298690616 10.20728229202771
2137 1.440580313724975e-16 1.297559392817814 10.16541743724746
2138 1.759617440808446e-16 1.584922490147908 10.17412518212947
2139 4.933141103393433 9.262931392061761 0
2140 9.262931392061768 4.933141103393416 0
2141 5.552167319680043 8.903324119965621 0
2142 8.903324119965632 5.552167319680027 0
2143 4.286157118969558 9.580849060864047 0
2144 9.580849060864056 4.286157118969539 0
2145 1.104696123873883 10.44252661224363 0
2146 10.44252661224363 1.104696123873879 0
2147 6.15364744577094 8.502284298061642 0
2148 8.502284298061653 6.153647445770923 0
2149 0.484389780733428 10.49442305084783 0
2150 10.49442305084783 0.4843897807334269 0
2151 3.77986640338772 9.895288276325877 0
2152 10.45994210200766 1.679422318534066 0
2153 9.895288276325886 3.779866403387704 0
2154 8.221092230006114 6.679531289119311 0
2155 6.679531289119328 8.221092230006105 0
2156 1.679422318534072 10.45994210200766 0
2157 7.373061734798886 7.373061734798878 0
2158 2.690878902038197 10.04249677942166 0
2159 10.05684429974064 2.694723308521046 0
2160 2.17982271003372 10.25897473985235 0
2161 10.26136599323885 2.180463444447521 0
2162 7.798566663850726 7.020032829894579 0
2163 7.020032829894591 7.798566663850716 0
2164 3.24242515127691 9.973944352279482 0
2165 9.97633560566598 3.243065885690705 0
2166 0.6019121011325008 10.73543560323623 0
2167 0.2421948903667143 10.74721152542391 0
2168 0.2421948903667143 10.49721152542391 0
2169 10.74721152542392 0.2421948903667134 0
2170 10.73543560323624 0.6019121011324997 0
2171 10.49721152542392 0.2421948903667134 0
2172 0.2421948903667143 10.24721152542391 0
2173 0.6158453582988381 10.23323051132981 0
2174 10.24721152542392 0.2421948903667134 0
2175 10.23323051132982 0.6158453582988344 0
2176 10.70948738393413 0.9120652727027259 0
2177 10.67421004367777 1.270242119147222 0
2178 10.46847483154573 0.7945429523036529 0
2179 10.68291778855979 1.557605216477316 0
2180 10.6242900932216 1.912707930355737 0
2181 10.45123435712564 1.392059221203973 0
2182 10.52500203883719 2.163228493312465 0
2183 10.4432750412093 2.513736470287623 0
2184 10.36065404762325 1.929942881490794 0
2185 10.30075984742287 3.045037690909215 0
2186 10.19628351505607 3.389450002012738 0
2187 10.3410141944602 2.770866402324385 0
2188 10.15910514648975 2.437593376484283 0
2189 10.01658995270331 2.968894597105876 0
2190 10.15575985038602 3.657850260861238 0
2191 10.02898156697502 3.994692079701842 0
2192 9.935811940995933 3.511466144539205 0
2193 9.871761959244107 4.24783743749276 0
2194 9.723224608861816 4.575666355689272 0
2195 9.73806866859497 4.033011761178622 0
2196 9.564265774460672 4.89915834790121 0
2197 9.3946054168453 5.216570551696703 0
2198 9.421890226462912 4.609649111181477 0
2199 9.214801780797231 5.526083659840008 0
2200 9.024744927646818 5.831719941447821 0
2201 9.083127756013699 5.242654211536722 0
2202 8.824225016694829 6.132460004493268 0
2203 8.614585520632623 6.42501158243342 0
2204 8.702804209013642 5.852907382725475 0
2205 8.473989486604854 6.687953504107615 0
2206 8.245665056137437 6.96616762761003 0
2207 8.361688264033884 6.416589367445116 0
2208 8.034402273059742 7.136418397997664 0
2209 7.788370628451379 7.399103711473296 0
2210 8.009829446928419 6.849782059506945 0
2211 7.399103711473311 7.788370628451365 0
2212 7.136418397997678 8.03440227305973 0
2213 7.575618163925459 7.575618163925446 0
2214 7.585814199324806 7.196547282346729 0
2215 7.196547282346739 7.585814199324798 0
2216 6.966167627610046 8.245665056137426 0
2217 6.687953504107631 8.473989486604843 0
2218 6.84978205950696 8.009829446928411 0
2219 6.425011582433437 8.614585520632613 0
2220 6.132460004493286 8.824225016694818 0
2221 6.416589367445134 8.361688264033873 0
2222 5.831719941447838 9.024744927646807 0
2223 5.526083659840024 9.214801780797222 0
2224 5.852907382725491 8.702804209013632 0
2225 5.216570551696719 9.394605416845291 0
2226 4.899158347901228 9.564265774460665 0
2227 5.242654211536738 9.083127756013692 0
2228 4.57566635568929 9.723224608861807 0
2229 4.247837437492775 9.8717619592441 0
2230 4.609649111181495 9.421890226462903 0
2231 3.994692079701856 10.02898156697501 0
2232 3.657850260861252 10.15575985038602 0
2233 4.033011761178638 9.738068668594963 0
2234 3.389129634805847 10.19508788836282 0
2235 3.04471732370232 10.29956422072962 0
2236 3.511145777332315 9.93461631430268 0
2237 2.513416103080726 10.44207941451605 0
2238 2.162908126105567 10.52380641214394 0
2239 2.768944199082964 10.33384043430071 0
2240 2.435350806035959 10.15073575963701 0
2241 2.966652026657553 10.00822056585057 0
2242 1.912707930355743 10.6242900932216 0
2243 1.557605216477322 10.68291778855979 0
2244 1.929622514283897 10.35945842093001 0
2245 1.270242119147227 10.67421004367777 0
2246 0.9120652727027284 10.70948738393413 0
2247 1.392059221203978 10.45123435712564 0
2248 0.7945429523036556 10.46847483154573 0
2249 10.16541743724746 1.297559392817811 0
2250 10.20728229202772 0.9259985298690605 0
2251 10.00532255752854 2.202836392005332 0
2252 10.07483712774507 1.835443053104632 0
2253 10.17412518212947 1.584922490147905 0
2254 9.806286178801024 2.821137526315043 0
2255 9.90306171077944 2.459966324042094 0
2256 9.642536546054011 3.448238064677327 0
2257 9.766031831763694 3.095308814899873 0
2258 9.295268869944124 4.312497255072559 0
2259 9.444793273653049 3.969783681316744 0
2260 9.602012881383963 3.716638323525826 0
2261 8.961592714953078 4.966570551696708 0
2262 9.13631003554298 4.635989247284498 0
2263 8.58285593156279 5.592683950158124 0
2264 8.78178907890501 5.276083659840014 0
2265 8.160299561370977 6.194272732179128 0
2266 8.382336020610801 5.893424013203571 0
2267 7.564542691074496 6.910880103801885 0
2268 7.808440744265512 6.627465424240956 0
2269 8.019703527343207 6.457214653853322 0
2270 7.087394556254042 7.351790226548568 0
2271 7.351790226548576 7.087394556254035 0
2272 6.627465424240967 7.808440744265503 0
2273 6.910880103801895 7.564542691074487 0
2274 5.893424013203585 8.382336020610792 0
2275 6.194272732179142 8.160299561370966 0
2276 6.457214653853336 8.019703527343198 0
2277 5.276083659840029 8.781789078905 0
2278 5.592683950158138 8.582855931562781 0
2279 4.635989247284517 9.136310035542973 0
2280 4.966570551696724 8.961592714953071 0
2281 3.969783681316764 9.44479327365304 0
2282 4.312497255072579 9.295268869944115 0
2283 3.094988447692985 9.764836205070441 0
2284 3.44791769747044 9.641340919360758 0
2285 3.716638323525845 9.602012881383956 0
2286 2.458044120800677 9.895887950619947 0
2287 2.819215323073629 9.799112418641531 0
2288 1.835122685897737 10.07364150105182 0
2289 2.202516024798439 10.00412693083529 0
2290 0.9259985298690657 10.20728229202772 0
2291 1.297559392817818 10.16541743724746 0
2292 1.584922490147913 10.17412518212947 0
2293 5.555363347341139 0 8.90369121202278
2294 8.903691212022785 0 5.555363347341128
2295 9.259980004887481 0 4.934421206176944
2296 4.934421206176953 0 9.259980004887476
2297 8.502345480071174 0 6.154180117047776
2298 1.104696123873883 0 10.44252661224363
2299 10.44252661224363 0 1.104696123873878
2300 6.154180117047785 0 8.50234548007117
2301 9.580357163001674 0 4.286370469433462
2302 4.286370469433471 0 9.58035716300167
2303 0.4843897807334283 0 10.49442305084783
2304 10.49442305084783 0 0.484389780733427
2305 10.45994210200766 0 1.679422318534065
2306 6.679637823374698 0 8.221104466408013
2307 1.679422318534072 0 10.45994210200766
2308 9.895189896753411 0 3.779909073480489
2309 8.221104466408017 0 6.679637823374688
2310 3.779909073480498 0 9.895189896753406
2311 7.351617877383481 0 7.351617877383479
2312 10.05684429974064 0 2.694723308521042
2313 2.690878902038187 0 10.04249677942167
2314 10.26136599323885 0 2.18046344444752
2315 3.242432262959032 0 9.973927955684072
2316 7.794994727015141 0 7.016476609367911
2317 2.179822710033716 0 10.25897473985236
2318 9.976319209070567 0 3.243072997372836
2319 7.016476609367917 0 7.794994727015134
2320 0.2421948903667158 0 10.74721152542392
2321 0.6019121011325047 0 10.73543560323624
2322 0.2421948903667142 0 10.49721152542392
2323 10.73543560323624 0 0.601912101132501
2324 10.74721152542392 0 0.2421948903667121
2325 10.49721152542392 0 0.2421948903667135
2326 0.2421948903667142 0 10.24721152542392
2327 0.6158453582988339 0 10.23323051132982
2328 10.24721152542392 0 0.2421948903667135
2329 10.23323051132982 0 0.615845358298835
2330 10.67421004367777 0 1.270242119147221
2331 10.70948738393413 0 0.9120652727027265
2332 10.46847483154573 0 0.7945429523036525
2333 10.6242900932216 0 1.912707930355738
2334 10.68291778855979 0 1.557605216477314
2335 10.45123435712564 0 1.392059221203971
2336 10.4432750412093 0 2.513736470287621
2337 10.52500203883719 0 2.163228493312466
2338 10.36065404762325 0 1.929942881490792
2339 10.19627531675837 0 3.389453557853805
2340 10.30075164912516 0 3.045041246750279
2341 10.15910514648975 0 2.437593376484281
2342 10.3410141944602 0 2.770866402324383
2343 10.0165817544056 0 2.968898152946939
2344 10.02893237718878 0 3.994713414748235
2345 10.15571066059979 0 3.657871595907632
2346 9.935754552911989 0 3.511491035426662
2347 9.722978659930623 0 4.575773030921236
2348 9.871516010312916 0 4.247944112724721
2349 9.737773529877543 0 4.033139771456975
2350 9.393129723258152 0 5.217210603088472
2351 9.562790080873526 0 4.899798399292978
2352 9.420168583944577 0 4.610395837805203
2353 9.024928473675391 0 5.833317955278375
2354 9.214985326825804 0 5.527681673670564
2355 9.081835608455133 0 5.244892276759036
2356 8.614616111637382 0 6.425277918071851
2357 8.824255607699588 0 6.132726340131699
2358 8.70301834604698 0 5.854771732194452
2359 8.245671174338387 0 6.96622089473772
2360 8.473995604805802 0 6.688006771235306
2361 8.361724973239596 0 6.416908970211232
2362 7.786584660033586 0 7.397325601209962
2363 8.032616304641948 0 7.134640287734332
2364 8.008049596711579 0 6.848057216371299
2365 7.13464028773434 0 8.032616304641939
2366 7.397325601209975 0 7.786584660033574
2367 7.573306302199311 0 7.184047243375694
2368 7.564896235217757 0 7.564896235217747
2369 7.1840472433757 0 7.573306302199306
2370 6.688006771235318 0 8.473995604805797
2371 6.966220894737731 0 8.24567117433838
2372 6.848057216371307 0 8.008049596711574
2373 6.132726340131709 0 8.82425560769958
2374 6.425277918071862 0 8.614616111637375
2375 6.416908970211241 0 8.361724973239593
2376 5.527681673670577 0 9.214985326825799
2377 5.833317955278386 0 9.024928473675386
2378 5.854771732194462 0 8.703018346046974
2379 4.899798399292989 0 9.562790080873521
2380 5.217210603088484 0 9.393129723258147
2381 5.244892276759046 0 9.081835608455128
2382 4.247944112724738 0 9.871516010312909
2383 4.575773030921248 0 9.722978659930618
2384 4.610395837805212 0 9.420168583944573
2385 3.657871595907644 0 10.15571066059978
2386 3.994713414748251 0 10.02893237718878
2387 4.033139771456985 0 9.737773529877538
2388 3.044720879543385 0 10.29955602243191
2389 3.389133190646911 0 10.19507969006511
2390 3.511170668219765 0 9.934558926218738
2391 2.162908126105566 0 10.52380641214394
2392 2.513416103080727 0 10.44207941451605
2393 2.96665558249861 0 10.00821236755287
2394 2.768944199082962 0 10.33384043430071
2395 2.435350806035951 0 10.15073575963701
2396 1.557605216477326 0 10.68291778855979
2397 1.912707930355745 0 10.6242900932216
2398 1.929622514283894 0 10.35945842093001
2399 0.9120652727027323 0 10.70948738393413
2400 1.270242119147231 0 10.67421004367777
2401 1.392059221203978 0 10.45123435712564
2402 0.7945429523036559 0 10.46847483154573
2403 10.20728229202772 0 0.9259985298690605
2404 10.16541743724746 0 1.297559392817809
2405 10.07483712774507 0 1.83544305310463
2406 10.00532255752854 0 2.202836392005331
2407 10.17412518212947 0 1.584922490147902
2408 9.903061710779438 0 2.459966324042092
2409 9.806286178801024 0 2.821137526315042
2410 9.766023633465988 0 3.095312370740939
2411 9.642528347756306 0 3.44824162051839
2412 9.44454732472186 0 3.969890356548703
2413 9.295022921012933 0 4.312603930304521
2414 9.601963691597728 0 3.716659658572217
2415 9.134834341955838 0 4.636629298676262
2416 8.960117021365933 0 4.967210603088472
2417 8.781972624933585 0 5.277681673670564
2418 8.583039477591369 0 5.594281963988672
2419 8.382366611615563 0 5.893690348841996
2420 8.160330152375737 0 6.194539067817555
2421 7.80665477584772 0 6.625687313977622
2422 7.562756722656703 0 6.909101993538552
2423 8.019709645544157 0 6.45726792098101
2424 7.341068297840872 0 7.076672627546336
2425 7.076672627546337 0 7.341068297840872
2426 6.909101993538554 0 7.5627567226567
2427 6.625687313977627 0 7.806654775847715
2428 6.194539067817561 0 8.160330152375733
2429 5.893690348842003 0 8.382366611615559
2430 6.457267920981018 0 8.019709645544154
2431 5.59428196398868 0 8.583039477591363
2432 5.277681673670568 0 8.781972624933584
2433 4.967210603088475 0 8.960117021365932
2434 4.636629298676264 0 9.134834341955834
2435 4.312603930304523 0 9.295022921012933
2436 3.969890356548706 0 9.444547324721858
2437 3.447921253311487 0 9.641332721063058
2438 3.094992003534036 0 9.76482800677274
2439 3.71665965857222 0 9.601963691597726
2440 2.819215323073613 0 9.799112418641538
2441 2.458044120800663 0 9.895887950619951
2442 2.202516024798427 0 10.0041269308353
2443 1.83512268589773 0 10.07364150105182
2444 1.297559392817814 0 10.16541743724746
2445 0.9259985298690616 0 10.20728229202771
2446 1.584922490147908 0 10.17412518212947
2447 0.6474833437226829 7.056230060018847 7.05623006000287
2448 7.575872221501218 0.6061672297503282 6.499132355404297
2449 7.038837735015976 7.075198092524366 0.6295516592423017
2450 8.454622003921017 5.301643339058663 0.6418291643649982
2451 5.309156737116669 0.6474833437232821 8.449474543445268
2452 0.6443574334591887 8.451581067077237 5.306183276571542
2453 0.6460626880158404 5.322372322130438 8.441265063233923
2454 8.831338138367258 0.5900246022394741 4.65395935248387
2455 4.650008457410927 8.825740646428729 0.6955022559148604
2456 3.398171068574356 0.6704832204453512 9.380985323504426
2457 0.6474315233365685 9.419753938541334 3.293792367458082
2458 9.41902709133814 3.295860126315748 0.6474833437240843
2459 0.6161059685134957 3.302027110431044 9.418971833355297
2460 9.675012915035143 0.5781891714249491 2.461670647334882
2461 2.586096613873914 9.639738188639864 0.6225367123215221
2462 6.514887765577867 0.6430286148944107 7.559282479332995
2463 1.855214948959438 0.6474833437240377 9.805046803190557
2464 5.925741281470619 8.029094319079508 0.6474833437240815
2465 9.791151491352354 1.897189131540046 0.7307707387101106
2466 0.6192672766908187 9.798918971326824 1.896759086808652
2467 0.6474833437240796 1.855214948959437 9.805046803190555
2468 9.906077735923708 0.6779498115643768 1.187437553236578
2469 1.120789048370649 9.916840700614152 0.6325365030534034
2470 0.6897349180782711 0.7504632747376777 9.947917903564221
2471 0.6474833437241472 6.509186676874947 7.56381214237857
2472 1.292697086578705 6.744657285006368 7.269011786354556
2473 1.289474989688685 7.273506673907133 6.740426909001815
2474 1.931328692446176 6.94208627827027 6.933787391230409
2475 1.930006167982102 6.394014265093939 7.442557206318689
2476 2.563247456717716 6.57278382292405 7.08719093102042
2477 2.555632184281203 6.006553691897222 7.575622541086768
2478 3.181707724858605 6.167712164456942 7.19972656494571
2479 3.166059717877911 5.584437101261266 7.667472081780767
2480 3.181279608226569 6.716105151044081 6.691292226050284
2481 3.790831379624428 6.292995326322233 6.784379652860038
2482 3.780641890242356 6.823174825382813 6.257078567511113
2483 4.37959315733056 6.381701586724041 6.331907187748978
2484 4.357978858331772 6.893393483060813 5.786980780858703
2485 4.944697010766353 6.433334330025643 5.844842245076577
2486 4.955829421065888 5.906335367125147 6.368277418607359
2487 5.508849401184963 5.941068937886299 5.861422877625077
2488 5.481313651982507 6.450373817530384 5.324272557139492
2489 6.025738742490331 5.937755748119813 5.332309938752732
2490 6.032784964623834 5.408815886661748 5.860905755495826
2491 6.537138173708694 5.392624968998319 5.308994296623084
2492 6.526585763914195 4.848562454854258 5.821951596127385
2493 7.012648990899963 4.8180332722711 5.25445615813077
2494 7.004230901480724 5.347800264147212 4.726709406503594
2495 7.460117262158614 4.758975802376037 4.658197048992499
2496 3.747633043041233 7.315662719249051 5.695289769001667
2497 7.44827262733807 4.215800434345133 5.172065502932249
2498 7.87594236775309 4.1449274657883 4.559507443045314
2499 7.432207574406601 5.275301297666294 4.115031809084041
2500 7.841570342035765 3.589297920363416 5.062283576586752
2501 8.246162051614288 3.506847914791598 4.438786897457262
2502 4.313621677669436 7.365987862261366 5.209116127997008
2503 3.691989631476221 7.767701923870178 5.102158306342094
2504 4.246428154651193 7.799508261490043 4.597338230578018
2505 3.614023162617864 8.176761799393345 4.481004692704892
2506 4.158381254721384 8.184446276223547 3.965186564588398
2507 3.536753849525025 8.524848211629603 3.849459075837212
2508 6.007330526303224 4.852052745651339 6.353704754012632
2509 5.986438953349938 6.432724657485393 4.773112416316417
2510 8.256889594298105 4.051015858060132 3.925945076706627
2511 8.605078127036936 3.403104569213199 3.790977409401268
2512 7.393568014023016 3.649993008109705 5.657976940812505
2513 8.593639914967047 3.936331629110517 3.264145572358758
2514 8.916309257350626 3.2786486674238 3.122481728190525
2515 4.047203642602851 8.52391071604716 3.311055538670202
2516 4.679343941105067 8.143501898557497 3.433237118090405
2517 3.273074206934723 8.884478810848831 3.21761114733847
2518 7.765535638683605 3.0133550609143 5.533186019030717
2519 7.296309673691842 3.064721069334944 6.113211096695853
2520 2.999208547033638 8.48297495134743 4.363929887866259
2521 1.923565693824197 7.451102532933787 6.385997656220236
2522 8.904658488342474 2.735562083663329 3.636448444899755
2523 2.531973383191021 5.407050565511709 8.022026861636137
2524 3.134423357580699 4.969545237732683 8.091910179035661
2525 3.759688649211148 5.132155580246017 7.715291333523481
2526 3.718400125991796 4.503120740223483 8.117598419606214
2527 3.083540477966497 4.327248108059519 8.471522999557839
2528 3.657994129434195 3.848460574605347 8.473985494130448
2529 4.282526391537523 4.012640501586607 8.096831720544239
2530 3.013695936308078 3.661141469280637 8.804185365233618
2531 4.211003199078702 3.346974331960352 8.430018676049745
2532 4.823644020050893 3.500850365182462 8.029726339572793
2533 2.430705795134666 4.128744787345314 8.777535862556624
2534 2.353238770738595 3.451731849498496 9.085582784117396
2535 2.928714887566177 2.974170090311187 9.087185558865109
2536 4.739471789943988 2.825596838097495 8.339868683669939
2537 5.411776670540325 2.915886430821895 7.887349338703354
2538 9.191542450677581 2.603020513930137 2.956320615469653
2539 8.879258388598043 3.80249253569186 2.588401241020989
2540 8.533088134958057 4.446556347167227 2.722965944058954
2541 4.556532006078381 8.460542350924834 2.767171697923825
2542 5.175741534874352 8.05688689460956 2.880672340208998
2543 9.153953544916661 2.052125487932177 3.463223278867075
2544 2.260862676118432 2.755763829754118 9.343140032898656
2545 8.844652357288188 2.178454072721864 4.126313431109907
2546 5.285396868888775 7.719121403376779 3.532668212310809
2547 5.753203503340684 7.618219291452105 2.977143643913659
2548 4.872104508960366 4.158304024252965 7.679264632479446
2549 7.647189828770315 2.419573457964547 5.972114533753127
2550 7.160825425132207 2.465632214604519 6.530178941888543
2551 6.785926387410051 3.100669242446104 6.658607460543132
2552 6.62713782283616 2.491419474625678 7.062143674451145
2553 8.792688392498249 4.303519558818802 2.041653800057826
2554 8.419863205674716 4.938617055584687 2.17162731056992
2555 5.039303844304883 8.350801974252567 2.206699606107155
2556 4.406659580762733 8.730920559438459 2.086235251367114
2557 2.84434312722725 2.293277405160199 9.308629916243142
2558 2.154094658047988 2.044736948602881 9.548765732553465
2559 5.240441389436157 2.287246907695948 8.204040201456825
2560 4.627217027625702 2.13506999071492 8.604088488271106
2561 5.428480252740401 6.924548108339985 4.752076981793608
2562 6.955351073548757 5.848545199787996 4.173441084970645
2563 7.362426040928104 5.759764601290761 3.552435014125046
2564 6.875422454561044 6.309449433316876 3.594358624252055
2565 7.254216841312513 6.21171374125877 2.964953695401476
2566 3.115585087402817 7.6962591829484 5.573214884789176
2567 8.094837071321558 2.360601029975756 5.375981358415933
2568 6.984019703501198 1.858847575897914 6.911450967104193
2569 6.323007601768828 1.921816113216698 7.505078127171913
2570 5.842505364573412 7.265958482769598 3.615380808656179
2571 7.965932822126838 1.76889818517621 5.780563422698747
2572 1.772917389469615 3.919454451525455 9.027438215381679
2573 1.835145644082561 4.574482065667641 8.700939851297095
2574 9.414146680530543 1.92940997966018 2.766083767322219
2575 9.420120325664501 2.448747476764836 2.294551992228633
2576 9.620613556321462 1.777547859002709 2.069811201264166
2577 9.155426452338057 3.56844245832364 1.855905411776613
2578 8.989521694218901 4.190031809980264 1.277549662643785
2579 6.760295567000406 6.72178418247167 3.019274954532679
2580 7.123559789998099 6.604751730671693 2.373215222964722
2581 7.599160766673479 6.071784433662482 2.320816544534391
2582 7.433163627163597 6.461981359089223 1.729414758406877
2583 6.940935081986947 6.968727366904989 1.80561875084203
2584 7.9003128002384 5.879085592628442 1.738220427028153
2585 8.37925093125066 1.716185352734727 5.181009714929488
2586 1.277190070379741 7.761913898330833 6.174259320681474
2587 1.905716995025609 7.916486347926667 5.804953629268822
2588 1.579703055129572 2.523599968886691 9.546516718397836
2589 1.572403107659914 1.878731003478721 9.69525235791154
2590 3.488864048572368 2.481243688081473 9.037215135811202
2591 7.817810907337218 5.170363365211012 3.485566709848356
2592 6.48090503068209 4.276559900076473 6.30150025028465
2593 5.946460906679643 4.273520875205738 6.810038326948792
2594 5.467817810767513 4.843568700676132 6.829554204344826
2595 6.280633807581973 3.129907428974553 7.124417061143197
2596 9.065988533034323 1.545408512823623 3.926775324281038
2597 1.182169716825742 4.347224695101958 8.927715957114442
2598 3.376467114724508 1.793483840686187 9.240286009446974
2599 8.236773087599643 1.163062600917343 5.550031935920876
2600 9.604901115892796 2.327381249317374 1.526162204435433
2601 7.738307273382418 6.229397532758839 1.145952408075851
2602 5.142884055742607 1.629171111767577 8.420008615065097
2603 4.505865776490131 1.387802175552584 8.818796897864612
2604 5.713098339586627 1.737276359661137 8.021370095711521
2605 4.868468411189738 8.607803295408619 1.484499160255802
2606 5.443377818853845 8.22470561410827 1.65041070114861
2607 4.217032065004905 8.965406463939841 1.355775607933031
2608 3.741607095115608 9.067207396941606 1.945797103150256
2609 3.561660488445061 9.259000017653115 1.259163705857555
2610 3.069785679832908 9.34224660376235 1.816272081595607
2611 5.315658535734348 8.426847793660999 0.8555761765882252
2612 4.661522730523839 0.6465768289488566 8.82338621148797
2613 9.79811224862511 1.486922381597998 1.336434882231646
2614 9.76587126756389 1.054441678199618 1.875076300486367
2615 9.621867961061989 2.626732400306459 0.7210643778949849
2616 9.428129775026466 3.040231017346221 1.366515388287066
2617 5.953485782238119 0.6259531253162967 8.010255284670729
2618 2.58126048282062 0.6465768289491369 9.639451889194465
2619 2.256389136529088 1.338740173138958 9.649688223635902
2620 0.6227867762577863 4.025617808074955 9.132717990534264
2621 9.146172177529442 0.5737085639015228 4.002298462470334
2622 9.429499074062083 0.6690497607147032 3.261429077866009
2623 0.64748334372415 9.146389645547474 3.99052900896883
2624 1.292897207855405 9.231424513102388 3.620665445579312
2625 1.289474989688807 8.931796843229975 4.308161951718399
2626 1.289474989688641 9.477764704194104 2.91705852922082
2627 1.931328692443541 9.263061214562615 3.235068224475346
2628 1.923565693827339 9.483991954794508 2.520672851229129
2629 2.567890975573853 9.234668565235326 2.85075997372997
2630 2.521350964910724 9.002020265104884 3.550552134300351
2631 0.6411701966844759 8.822259481185696 4.664401186166632
2632 0.610991418972013 2.584000960379234 9.641038767824853
2633 8.833522822721939 4.642976088980235 0.6415976758128433
2634 8.599362649761822 4.907556174667275 1.40244586717864
2635 1.856536417521133 9.805320245487108 0.6395056011157765
2636 2.223736957813103 9.674199136714366 1.210316076754806
2637 6.495335870420645 7.576831143552996 0.6342253168332765
2638 6.221853001499169 7.732919719359274 1.220859468440272
2639 7.057357504055783 0.6224227822750198 7.057357504055791
2640 3.96414483478794 9.157362978980071 0.6544150059628341
2641 3.991842528763156 0.5946999396949053 9.149400264896309
2642 0.647863182689152 5.93119639171504 8.025034745060134
2643 1.291397599126581 5.592542970560254 8.188757864499792
2644 0.6385231195986506 7.564763648318718 6.50896606004469
2645 1.90939885816289 8.995938497975636 3.92775846267131
2646 1.879754913531614 8.682644595480063 4.591100553640118
2647 1.289474989696257 6.178029473850687 7.756881207752252
2648 2.551216526397382 7.099597637790373 6.564069440287652
2649 3.16346540136675 7.224501008897144 6.148094975421222
2650 3.786666602561176 5.733418211024735 7.265608829171698
2651 4.364777740808414 5.268128588822614 7.293527023667854
2652 2.492403728506593 4.777630857674497 8.423904500997319
2653 4.381788655946891 5.838467649742408 6.834634129017186
2654 4.909481409091236 6.929935397338957 5.279487445055255
2655 3.580338574697697 3.173920838113375 8.781082063386116
2656 4.094106003421758 2.688685566165524 8.718329310082241
2657 3.994719063561326 1.985232571064877 8.94992018076155
2658 1.695355493180119 3.238081875205465 9.308093012062667
2659 7.486820817380642 1.823387704737829 6.373599558071307
2660 7.727201707197965 5.638763656326864 2.914566555144033
2661 5.50802726479935 5.401012320872215 6.363230434300925
2662 7.867736066217067 4.675090234993295 4.030168791380518
2663 8.186215915116669 2.938982266700354 4.934394818730197
2664 8.494460937991715 2.284040966837627 4.756815135649099
2665 5.383330320066835 3.605142369658708 7.617263495477933
2666 5.613190502084057 7.942311306617386 2.326324030759893
2667 6.150688293893274 7.506236983760448 2.413594799255065
2668 3.073310093490509 8.114789698126238 4.970407752331153
2669 6.056847345237913 2.649068760861264 7.503135007229539
2670 9.175457228101655 3.138498417160494 2.441477491347842
2671 4.776295751313095 7.785345862970188 4.071288332938537
2672 4.848309842289811 7.383217365119995 4.68849581556242
2673 6.983140855886192 4.260436955388059 5.751905835113853
2674 8.568912696605748 2.851423490978627 4.294545292931961
2675 6.512167147339496 5.906547573733119 4.764910786608661
2676 3.885466981173951 8.827583621729572 2.641384814747519
2677 0.642068527885342 9.639229600396622 2.58321518970773
2678 4.320412877135296 4.641745303050693 7.732285115843204
2679 2.995260440714258 1.234313307412783 9.460702170105343
2680 1.478386596247582 9.816559593143076 1.20396462834509
2681 2.52958323042572 7.590960025162492 5.998210948002249
2682 1.252423952880571 9.662408232177091 2.251510914254551
2683 1.275093557311387 8.591186190878863 4.956375314053138
2684 0.6358427979182137 8.035034047492834 5.918946848212649
2685 9.160780259630968 3.960812117659347 0.6261568520414372
2686 3.197883238926903 9.145211502746676 2.477629786755934
2687 8.226787499091136 4.566014568103371 3.386957101686648
2688 6.906572041132472 3.692797313271277 6.21791851375874
2689 6.391484402628578 3.71800087020151 6.732413880632744
2690 6.44809657691607 6.384347386547859 4.202637146202701
2691 9.347535381938028 1.383585728268929 3.272502531083392
2692 1.920931587824388 5.816824245320025 7.90408612895606
2693 1.909037378469827 5.209801566959452 8.319467766661031
2694 1.255173696438148 4.994348844504232 8.572107011182784
2695 4.937289885247098 5.354492617141081 6.852195079098257
2696 1.276045302564731 8.207852467396078 5.568021754560823
2697 5.358216964850711 7.346328864532117 4.161846125426589
2698 8.146423503370501 5.058181823965378 2.83735453185515
2699 6.178947079067629 1.229478761203249 7.765886618399199
2700 6.754103369623421 1.257620490273611 7.266393766847865
2701 3.296581016184621 9.421087276219879 0.6129177249672625
2702 8.743627810074246 1.669028801093239 4.556678129955801
2703 2.499601619496042 8.025827357447405 5.416464434689994
2704 4.917677062576933 4.788001091835481 7.272654113374768
2705 5.92417628599231 6.877965296564199 4.194964685399022
2706 1.889253865652691 8.327694489256563 5.203866286207036
2707 9.914070093709602 1.144275402708837 0.6339148048187535
2708 0.6814702487044038 9.907838943272257 1.170609146687511
2709 8.022906854322327 5.511584445198604 2.292466468743349
2710 3.771507480456591 1.30403555206558 9.169254201068318
2711 7.296587426258879 1.227341352826615 6.727068093501252
2712 1.066262775116197 2.972477877432779 9.488280084534511
2713 7.792056431043767 1.19896593174946 6.151937684171843
2714 6.370514828510924 6.792728042383337 3.643540388405415
2715 8.045049159008352 5.908523441809566 0.605421148231423
2716 5.434919248410135 4.256291569751111 7.235028323132305
2717 0.6316556395482229 4.715217148369758 8.795893268835558
2718 2.505626164151606 9.430898933516216 2.186317184518655
2719 1.879537535144095 9.651599855144273 1.82042821615232
2720 8.459450784596681 0.5814897353560367 5.300902009154872
2721 8.05478412640802 0.5934382383631284 5.896463663435386
2722 5.872005377395574 3.712403259783309 7.192886408430744
2723 9.576842160382656 1.287568775571369 2.57415245921661
2724 2.930526961361866 9.487134598325001 1.185870499673504
2725 8.231458778760988 5.542416990366488 1.234787543853419
2726 2.465087551215662 8.421142159238974 4.796635080838391
2727 6.26370489471162 7.175908231416631 3.045052059694993
2728 1.16990351711612 3.656025094725268 9.233894425830222
2729 6.738324748980541 7.28760580401313 1.218926258060947
2730 7.246589920980714 6.78854041420054 1.184336760345922
2731 6.44153782081808 7.430636571858173 1.814450506333547
2732 5.567859600982972 1.153872133962708 8.226026900163049
2733 9.258131936069168 3.591096364898448 1.179415089079887
2734 8.615413640114976 1.146410840819446 4.945744634913174
2735 7.520811026904014 6.56477423629287 0.5840725332562388
2736 1.623746299604574 1.261417356683024 9.786330988004609
2737 6.646353354510222 7.062131266300497 2.439731350893302
2738 0.6088182883661131 1.27026722958428 9.900290978410444
2739 1.311872578796786 0.6752303443654298 9.890553792333836
2740 2.465231939274603 8.744889311083602 4.177264945209503
2741 5.820318628496295 3.204282399180753 7.473718309454769
2742 9.816634054844737 0.4627395419985704 1.849207384133409
2743 2.695736793824765 1.714668436731378 9.475912372457682
2744 5.953251805896866 7.838153404399425 1.766959010471773
2745 0.5468828027115056 9.970047061082353 0.5468828027115026
2746 9.97007759370528 0.5466044161438479 0.546604416143848
2747 8.25523257768115 5.355475990722576 1.780452751742064
2748 8.952264961229613 1.107996856674838 4.316166705485228
2749 1.108343057669825 2.157742038566933 9.701325938319778
2750 2.987572640397334 8.74380745344545 3.823642364999783
2751 4.988567172367705 1.074656329751411 8.599959961517293
2752 9.368498312784018 2.916847077984153 1.929570544711523
2753 5.756085276055263 2.312379968835073 7.843492919261807
2754 5.766364246320911 8.085617280939058 1.171254269973673
2755 2.526653880548324 9.534758674457342 1.644505149815768
2756 1.077851985934607 1.509675449363418 9.826449772629287
2757 1.163195109133065 9.785788274780751 1.698624437376457
2758 9.233226891668412 1.064092037296648 3.689882017508574
2759 0.345072979296662 0.749328393981158 9.965913485322504
2760 0.34531737345478 0.3757211649204628 9.986970988133544
2761 0.7190278002695211 0.3754979085158447 9.967045717921625
2762 0.2736463909758798 9.992508959486189 0.2736463909758771
2763 0.2735574321613174 9.975273580542533 0.6473664531310455
2764 0.647366453131049 9.975273580542533 0.2735574321613144
2765 9.992516598361316 0.2735068842585091 0.2735068842585092
2766 9.975286446400675 0.6472270446135551 0.2734181138399748
2767 9.975286446400673 0.2734181138399747 0.6472270446135554
2768 0.3410113330785579 9.947996029377734 0.9597323950960537
2769 0.3409769046607743 9.905097120793544 1.331460017475336
2770 0.6144923162449774 9.944053298674687 0.8591875152683265
2771 0.3098492878150843 9.850469364334696 1.69477040366655
2772 0.3098249506664019 9.780138137106119 2.062257626744775
2773 0.6508106720351153 9.860074082306985 1.534726216816298
2774 0.3212562206762756 9.700956776626251 2.405874489391749
2775 0.3212559932931395 9.604107538229323 2.767293439608436
2776 0.6310602617978811 9.725120845721008 2.241380708871723
2777 0.3239416030332634 9.494360151888991 3.122849202898962
2778 0.3239429323012915 9.370817161515877 3.476038938511993
2779 0.6451962672200957 9.536087280244592 2.940537563154495
2780 0.3239682212879326 9.23402087257478 3.824644181678714
2781 0.3239682212879338 9.08439183399566 4.167597581104552
2782 0.6479112680345543 9.289578749978569 3.644713656338511
2783 0.3208066198983759 8.922134941801012 4.504729869029088
2784 0.3208057167230147 8.747272266543298 4.835525988667653
2785 0.6447776305678494 8.990611242775378 4.330493192281947
2786 0.3224014477775034 8.561832494644548 5.156654112903024
2787 0.3224036438979181 8.362818784425372 5.473510561720285
2788 0.6432056053489271 8.642856680804773 4.988718767811633
2789 0.3181352723455284 8.154192729515163 5.779959418405261
2790 0.3181406290182186 7.932140457911031 6.081112915917518
2791 0.6405398876857747 8.248971008576644 5.616421098167901
2792 0.3194801243293841 7.696804817672847 6.376294225395071
2793 0.3194805955635941 7.452750786167081 6.659912752307217
2794 0.6376368659812381 7.805455227553969 6.218383062966773
2795 0.3239682212871944 7.198408201544956 6.933827511232619
2796 0.323968221287201 6.933827511240758 7.198408201537116
2797 0.6434523448678593 7.315602957103701 6.787335445806376
2798 0.3239682212879315 6.660114413410084 7.452376841778921
2799 0.3239682212879314 6.376501404630171 7.696445571063632
2800 0.6479345410416149 6.787434883585306 7.315115073026161
2801 0.3241564290575823 6.087269388038754 7.92717314097194
2802 0.3241605557564712 5.786285514768145 8.149467459636611
2803 0.648116401615785 6.224447392823688 7.799756392601438
2804 0.3232520422201065 5.481528929316148 8.357532453677383
2805 0.3232614575851537 5.164862767166506 8.55685074232203
2806 0.6474032526723539 5.630613897182431 8.238753314020595
2807 0.316024799423639 4.860638231404969 8.733517293138751
2808 0.3160595602099575 4.530349001447012 8.909323446788086
2809 0.6392545100336963 5.021900524129621 8.623912615347411
2810 0.3115886229886 4.184849738212026 9.076890723073117
2811 0.3116105725226819 3.842191932844802 9.227158826110799
2812 0.6276835704815464 4.373639176514882 8.970913759980183
2813 0.3082515654208192 3.479960529775735 9.369890910977491
2814 0.3082549348952959 3.126837948960841 9.49356957819613
2815 0.6199158026690759 3.666598985667835 9.282874354201976
2816 0.305691704499673 2.767550774460633 9.60454138897753
2817 0.3056920872247839 2.406150870278676 9.701391154739888
2818 0.613982396341671 2.945094380207142 9.53674182877228
2819 0.3239682212878974 2.04163985323447 9.784004870260453
2820 0.3239682212878975 1.673989418144972 9.85356808570044
2821 0.6296778055814795 2.221161532318939 9.729848267496502
2822 0.3045688073880579 1.381068939357975 9.899489200272246
2823 0.3046565118630191 1.009603836607792 9.944238759346351
2824 0.6284279591141603 1.563430577927402 9.857015934257447
2825 0.6495031666905864 1.010717816622317 9.927567432741069
2826 9.950056323757343 0.946454230635568 0.3171806163190966
2827 9.907660121044744 1.318209988472988 0.317164550588038
2828 9.94664998924029 0.8458290491697839 0.5905312956369522
2829 9.848461013402236 1.695308869887296 0.365709588577694
2830 9.77808220568231 2.062858896664077 0.3656795747274082
2831 9.859902040625368 1.521857657792786 0.6828477273075982
2832 9.694027853915804 2.428088443633829 0.360846889132243
2833 9.596324880365293 2.789329881205998 0.3608151940999756
2834 9.713323395956113 2.263548592451922 0.7264271299865771
2835 9.494016695013462 3.123890456850437 0.3239682212878998
2836 9.370434989208668 3.477066681070339 0.3239682212878997
2837 9.526335317004257 2.963127636559013 0.6846970406373878
2838 9.240633852516623 3.809533193014371 0.3132776006124787
2839 9.091575829583077 4.152721271161614 0.3132969501649577
2840 9.295823600138952 3.630648253223061 0.6372259069341313
2841 8.927580103843647 4.493914075615074 0.3210136608367016
2842 8.753117786934613 4.82492181054981 0.3210273043365835
2843 9.00359911595276 4.30497694390372 0.6343315155910657
2844 8.563276075337743 5.154335662540036 0.3211335164945708
2845 8.364349716022572 5.471245157969823 0.3211389877683593
2846 8.650318126354831 4.975902421033201 0.6421770855558308
2847 8.158712841803379 5.774396832770107 0.3028959931844525
2848 7.936886958818143 6.075695137775273 0.3029092203224704
2849 8.25538278101703 5.608852255372965 0.6240444826173461
2850 7.674730407079356 6.404148111545283 0.2922330303756218
2851 7.429691916000499 6.686875228720883 0.2921946420382779
2852 7.789807112265066 6.2421595598179 0.5952723607547834
2853 7.189678583428325 6.943291732049524 0.314994905744173
2854 6.92476558798455 7.207524492632027 0.3149797447050405
2855 7.284332037539352 6.824209089838732 0.6071878334092552
2856 6.653163733061435 7.458867992590498 0.3173335944790679
2857 6.369325146516249 7.702662119540812 0.3173223127150424
2858 6.771718988685937 7.331029399598551 0.6323210264509537
2859 6.084574563886139 7.929249458057513 0.3239682212878984
2860 5.783515315619862 8.151441294984959 0.3239682212878984
2861 6.214650583949617 7.808129086023433 0.64127864100524
2862 5.480323325887109 8.353601579082385 0.4282486447029973
2863 5.16355190781206 8.553030032490071 0.4282627215312509
2864 5.624735074374505 8.233878012393477 0.7520692921030904
2865 4.828830197745462 8.749930069148219 0.3480268759124832
2866 4.497878553307386 8.924571230087222 0.348018503526598
2867 4.986748566344466 8.633071998946573 0.776148566362178
2868 4.154558627576582 9.090237597688242 0.3274492748565364
2869 3.811387943872415 9.239378246615843 0.327431759708764
2870 4.31021384791179 8.99810110703104 0.6754502593945804
2871 3.477237509181539 9.370954116357275 0.3066565731688143
2872 3.124080568538078 9.494529074546836 0.3066565731688143
2873 3.632710933143971 9.295233114179087 0.6340762014811909
2874 2.76864259583361 9.604040961562161 0.3114729284735087
2875 2.407247677017176 9.700935116567102 0.3114746950406121
2876 2.943372979653807 9.53700375429329 0.6181544250747978
2877 2.042272385474058 9.784004363217242 0.3199720676497213
2878 1.674631021848515 9.85358961690237 0.3199728149959389
2879 2.222872970107891 9.729341696677656 0.6314633069729998
2880 1.306484018513231 9.90923505124201 0.3164809766894062
2881 0.9346792031512868 9.951191551797441 0.3164829958018316
2882 1.489694348879992 9.867914020716132 0.636461802992927
2883 0.8341900474908297 9.947666764063634 0.5899600967955424
2884 9.90402581204031 0.3392089268957628 1.339854476558373
2885 9.947238929554926 0.3392539241158201 0.9681655092591452
2886 9.943448760546385 0.612608022818992 0.8674895715605714
2887 9.787362407403881 0.2314739699028212 2.038125832080718
2888 9.856759677862925 0.231470480122494 1.670541849127829
2889 9.867429378109723 0.5706959447590988 1.519257584036587
2890 9.62240477464384 0.2893060777849377 2.70658980014854
2891 9.716953846498027 0.2892376969323659 2.344600072443153
2892 9.750803717196399 0.520730320217218 2.156540470827148
2893 9.376339203156769 0.3347827038043944 3.460084347032437
2894 9.49929011728803 0.3347601656681994 3.106673928669657
2895 9.560722730830184 0.6241722173321753 2.864086225534712
2896 9.083166426720997 0.2870197347030013 4.172973440651105
2897 9.232965001444466 0.2870255768237561 3.830140154139348
2898 9.295254474270704 0.6218755016100111 3.634764795560748
2899 8.751236047821944 0.2951958012857236 4.829982098745819
2900 8.925862046621161 0.2951891871250539 4.499094360923356
2901 8.994649130651721 0.582248115963247 4.3309668837251
2902 8.366017672451916 0.2909221611166123 5.470385050468885
2903 8.56487498057159 0.2909154648088126 5.153473077402642
2904 8.651419113207252 0.5861653610385278 4.980899265910806
2905 7.941739355634688 0.2969131501838108 6.069647319936395
2906 8.16332791633398 0.2968915800221972 5.768182791843046
2907 8.26247525499759 0.5878451748794006 5.602315656130377
2908 7.458037315261964 0.3032805081407406 6.654750208500843
2909 7.701870519606258 0.3032717156651337 6.370966705743921
2910 7.821125073899186 0.6002476285459184 6.202395131144939
2911 6.934115037923762 0.3114167501923777 7.198685174984329
2912 7.198685174984324 0.3114167501923777 6.934115037923767
2913 7.321931940012688 0.6147414220196393 6.783170766675073
2914 6.379351845598439 0.321739192378741 7.694176624054538
2915 6.662874001534487 0.321734809808819 7.450006493408788
2916 6.790764237416517 0.6331584731461967 7.313318769184621
2917 5.797388058362646 0.3131950809880424 8.142002244042866
2918 6.098064267267281 0.3131754339912626 7.919313943759418
2919 6.238233895103902 0.6349027700920147 7.789822613032102
2920 5.158185462953118 0.3239682212874978 8.560850852653312
2921 5.475007305268496 0.3239682212874981 8.361778494964598
2922 5.635609737846058 0.6372031211249775 8.236132287981007
2923 4.503316001248013 0.3235136972821261 8.922750914408317
2924 4.834141857515077 0.3235146467177606 8.747937515482135
2925 4.988828397630213 0.6474828680052588 8.642474018163899
2926 3.824987097225723 0.2975336020618956 9.234768403251964
2927 4.167912318060237 0.2975336020618958 9.085151658866561
2928 4.329700659938416 0.6210713038601062 8.992661598817692
2929 3.175574269560635 0.3355282488486215 9.476452334746849
2930 3.528084279540221 0.3354596940750422 9.350940493346766
2931 3.696910368316251 0.6329174744992038 9.269965976157051
2932 2.404909600058267 0.3235136972822671 9.701121002400617
2933 2.766340602201607 0.323514646717901 9.604306218877543
2934 2.992465316717076 0.6591356526068446 9.518964834461146
2935 1.673989418144971 0.3239682212878764 9.85356808570044
2936 2.041639853234471 0.3239682212878766 9.784004870260453
2937 2.21977701182818 0.6474790782442738 9.728995881435818
2938 1.0305937746462 0.3379453865352269 9.941009475268599
2939 1.402002789430588 0.3378212304709999 9.89546689119174
2940 1.584144471044558 0.6616077255201045 9.851535997619411
2941 1.001299521826494 0.7131999362051423 9.924149591707444
2942 0.9707683570681855 6.905267430169921 7.167627955938396
2943 0.9707683570689248 6.63155453316011 7.421596409845883
2944 0.9691567157150867 7.16988091615498 6.90315456212165
2945 1.291989283238251 7.013985540333699 7.009619856453507
2946 0.9646771512090641 7.424353931864546 6.629356430932239
2947 7.181752151933655 0.92549801621293 6.896802842635292
2948 7.441029086591675 0.9173459546434388 6.617368248178122
2949 7.549769823380563 1.21402968302385 6.444152973254843
2950 7.68895117155487 0.9031523408737215 6.329640252859504
2951 7.928386556155781 0.8967638106786977 6.027976549724237
2952 6.892742160168917 7.185739739289513 0.9247972278426214
2953 6.620841852345547 7.436724356503145 0.9271375365189715
2954 7.146584037472515 6.935625218770575 0.9074356286242392
2955 6.996907000087399 7.042551801908552 1.202396169971682
2956 7.388186332440803 6.680713630091318 0.8847418323143891
2957 8.72412032601196 4.779472266770373 1.022921985509081
2958 8.53504886589864 5.109422724415452 1.023103259670959
2959 8.421376328335592 5.228690531682581 1.319551461839159
2960 8.347835235362089 5.42514626959736 0.9388476110216291
2961 8.144006529788721 5.729517290097799 0.9207547258792913
2962 4.827097685301116 0.8609827141336807 8.71537932063336
2963 5.150844769632291 0.8614014327499623 8.528000101477954
2964 5.441047592728719 0.9010982957872855 8.341643900034949
2965 5.764088662793768 0.8904403311877714 8.122954998277816
2966 5.28139427732096 1.114935737992225 8.418063482038441
2967 0.9587798747244241 8.712611312074461 4.813641581644355
2968 0.9603735859949867 8.52713801264103 5.134744383968449
2969 1.276401048005693 8.404995465417954 5.26562926827873
2970 0.9608345174513868 8.335209318775808 5.440687699387539
2971 0.9566173558381412 8.127163480502363 5.747529642872489
2972 0.9703045354911126 5.765875674835173 8.112532700134366
2973 0.9694007272753917 5.461235460206292 8.320767361135829
2974 1.274091933199349 5.296797887701245 8.385739197148929
2975 0.9512078090040044 5.161560033913445 8.511962272026189
2976 0.944024669091904 4.857922043414254 8.68961511485151
2977 8.896217643255568 0.8494323887470531 4.487290525559477
2978 9.053991023120298 0.8412961663315824 4.161426115380737
2979 8.54244807021704 0.8644578706648458 5.126333344359374
2980 8.728192209185764 0.8686970788770731 4.802502071281113
2981 8.789458800735519 1.127924982397529 4.633918344582313
2982 4.763514044296938 8.72460295436098 1.090979944151801
2983 4.545983690932625 8.792859036511336 1.421148213880437
2984 4.437087649496886 8.902731290585228 1.026464202160437
2985 5.096067166238442 8.524022388542081 1.170957623836079
2986 4.09362246722409 9.068105612254595 1.005840792986088
2987 2.79017511463506 0.9410908564318502 9.556634911390704
2988 3.198661917280667 0.9529780846133115 9.426579162622309
2989 3.587466255817216 0.9879828529855086 9.281916598719222
2990 3.884356615660955 0.9500236057953231 9.165654850080415
2991 3.38631592790217 1.270274268832407 9.323050344086873
2992 0.9708429063030649 9.332111617420233 3.459646920032641
2993 0.9708708387605866 9.195352856051882 3.808266753674539
2994 0.9691288699799318 9.455350975641284 3.107591858788863
2995 1.292084018137649 9.361100000601168 3.271135226311818
2996 0.9664444660081671 9.565155112625456 2.752052464168749
2997 9.532450468285525 2.835698399166958 1.044606461135018
2998 9.430446726030974 3.170354574180734 1.007733308699764
2999 9.347424160206645 3.317187286862595 1.273550184744306
3000 9.343205581556841 3.445184047221977 0.9139017132779093
3001 9.214666873026797 3.77809070280495 0.9032967732264563
3002 0.8968454706105392 3.842965329643288 9.188432166425621
3003 0.8935256636948616 3.481055540107652 9.331873564027992
3004 0.8415168866248555 3.138492629806904 9.457362916911508
3005 0.8390273262469641 2.779565315185651 9.569224096259203
3006 1.118842384811137 3.316502041399405 9.36744393777426
3007 9.727486912597357 0.8169070436127928 2.169944987169713
3008 9.632256915294478 0.9334923734268192 2.519567166502144
3009 9.678361394717696 1.171853351715026 2.226225602968489
3010 9.795580294118768 0.7589258993421009 1.862964889840884
3011 9.513601159822118 0.9793830462438525 2.920993293481067
3012 2.406354942468559 9.66274359574003 0.9169744237666324
3013 2.041356388875891 9.745582632641955 0.9254637993693032
3014 2.759896647847619 9.568931316162169 0.9047231398446853
3015 2.57885760841913 9.587082086781088 1.198895532071059
3016 3.115371686935759 9.459630263463945 0.8999191801468086
3017 6.069819877937264 0.9282670240750783 7.892756614859757
3018 6.350883717523235 0.9368387686891237 7.66737302653127
3019 6.638818273645512 0.9509437366118216 7.417667958281037
3020 6.910389050972626 0.9406557760108931 7.166707045446675
3021 6.471227388185375 1.244453878622373 7.521605588860747
3022 2.057507685515302 0.993935716116325 9.735438044396039
3023 2.420594718649008 0.9933848517835636 9.651627207072156
3024 1.740418185531431 0.9549647886228839 9.800968666002454
3025 1.941098926659772 1.3007697987246 9.723175041499882
3026 1.46863898238128 0.9688711057914038 9.844002657445426
3027 5.848267716665585 8.060408571386384 0.9097133485488695
3028 5.54391734937884 8.260562481095155 1.013946704309142
3029 6.362120792817461 7.659120681368408 0.9280567901989856
3030 6.077628483698276 7.885978346738785 0.9347606800172925
3031 5.996615180119708 7.912575918702428 1.19655702426934
3032 9.708376120005608 2.114539439199036 1.129670780615615
3033 9.801191016361139 1.693188871271537 1.034294980652954
3034 9.710975835779987 1.909013290579021 1.432695561970454
3035 9.622266158216627 2.47934532962543 1.124651375717651
3036 9.863792715543685 1.316626900424993 0.9859446586216801
3037 0.9364842472191791 9.737303924981793 2.075550415490904
3038 0.9478187758515844 9.656652073385105 2.418824156843641
3039 0.8916049509565845 9.796460268974306 1.798445664966708
3040 1.208306349576231 9.728098149537951 1.975880097204807
3041 0.922939428793212 9.85329126406122 1.435560544300969
3042 0.8601325775070228 2.372154855828592 9.67641737881743
3043 0.8782587233168954 2.007268188809886 9.757024958106321
3044 0.8629968236750992 1.683087151725991 9.81949357767607
3045 0.8436333735884278 1.390462887949704 9.866858450804003
3046 1.093694535707242 1.834710255354672 9.769220569802922
3047 9.860582361796077 1.083368592171463 1.263023348846945
3048 9.843781883822711 0.8668832945634473 1.532472374083999
3049 9.787844358431572 1.271442283460701 1.60671632062025
3050 9.916570291398237 0.9117098711585572 0.9112731569567605
3051 1.668424753003199 9.816607426337258 0.9222675754608296
3052 1.30034299213883 9.87243352952645 0.9187841465095857
3053 1.080799519884145 9.870154366010839 1.188244582960669
3054 0.9016737521388765 9.918324909442736 0.9021171960624241
3055 0.8846140827494153 1.131118667924097 9.896364407380876
3056 1.195991792506838 1.09348559882844 9.86782108053298
3057 1.291989283242043 6.465863741824194 7.518202562059029
3058 0.9691567157196094 6.348046070020081 7.66570586138538
3059 0.9693290587609081 6.058738055080754 7.89633423531185
3060 1.611528701525632 7.112770076211101 6.841891338446924
3061 1.613140877283565 6.848160353574166 7.106368712765455
3062 1.932018459338446 6.672716393862655 7.193202388356113
3063 1.612479207796803 6.573932819481811 7.360931876424541
3064 1.610859970173057 6.290393082137104 7.605003946658787
3065 1.607644541469211 7.367456546103885 6.567805041987411
3066 1.928795968824222 7.201630388747346 6.66455293733332
3067 1.284230582653234 7.522971042200115 6.461861845381457
3068 1.601497797256318 7.611831110879515 6.284523207438246
3069 0.958526350405518 7.668697156487132 6.346046892173462
3070 2.248860685650292 6.762163779981874 7.015394973145685
3071 2.248198960679052 6.487936008011283 7.269957894592805
3072 2.242803177945612 7.025636501838419 6.753537269389478
3073 2.558996175498352 6.840906883581703 6.830339053366917
3074 2.23892869290478 7.280349860797386 6.479483329130122
3075 2.561230875152432 6.294070166032706 7.336537136089677
3076 2.244388664770931 6.204622837092878 7.514344613529065
3077 2.23981312698334 5.915733240321578 7.745149281036968
3078 1.926784935180909 6.109592307047093 7.678566380206066
3079 1.606309766604892 6.001560927831425 7.835881275468441
3080 2.874487705762077 6.374705793786395 7.148457628893721
3081 2.870677405019441 6.091392608770035 7.392844332334655
3082 2.874273498037531 6.649094166398576 6.894062563165751
3083 3.183720026569778 6.446416605726415 6.950369755475839
3084 2.868257381678991 6.912693977726854 6.632327009635672
3085 3.176104756073587 5.880186618941905 7.438801241118309
3086 2.862847926798197 5.799550994559647 7.626880752281988
3087 2.851010248317444 5.499589670046998 7.850239106237545
3088 2.545582897638686 5.710795660700538 7.804282198445501
3089 2.227999244313366 5.615836124860884 7.968588581803338
3090 3.48662397540711 5.954726963837597 7.237726165050857
3091 3.478837678039965 5.662955750068814 7.471855230303386
3092 3.488494981722886 6.50910202248649 6.742550972989121
3093 3.488709189833612 6.2347136507215 6.996946039685992
3094 3.791331413801843 6.017305388494985 7.029782498222014
3095 3.152446028132792 5.280683926465962 7.885205216636649
3096 2.835180998874466 5.191928592411323 8.062606662545491
3097 3.465297449455285 5.36204599383777 7.696764017869264
3098 3.449468199988335 5.054384916155273 7.909131574111743
3099 3.775842701518839 5.436624188603974 7.495740745601672
3100 3.483396671837445 6.774377277786438 6.478715931791007
3101 3.788385834996908 6.562674322563236 6.525292215768114
3102 3.174571049201858 6.975133698321971 6.42414263105223
3103 3.474459877766912 7.028705636656658 6.206885340572907
3104 2.859355676181355 7.167099287293543 6.360563884056654
3105 4.082972727060737 6.607058490413926 6.298897666602264
3106 4.088071036975483 6.341783235168077 6.562732707857553
3107 4.383693901451348 6.114273124750641 6.587783537300712
3108 4.089165003312967 6.069969437560254 6.814264494629256
3109 4.087043268351541 5.789931720580781 7.054981785492775
3110 4.072158014887048 6.863083475631944 6.026243797615471
3111 4.371843216857823 6.642192388222887 6.063684289691226
3112 3.766771551951107 7.074365842474383 5.980366209710203
3113 4.055642041746088 7.109499740279881 5.745152832795828
3114 3.457947253357585 7.275127048406516 5.925801821065281
3115 4.654592869054142 6.668026825773032 5.81998139809068
3116 4.665407581229977 6.412001840558446 6.092635267080818
3117 4.95368142128198 6.174095180130707 6.110776471376819
3118 4.670978286703522 6.148318762823396 6.354536823078297
3119 4.672031617374889 5.876454849843191 6.606012334533126
3120 4.636994799084737 6.916534009837783 5.537132518191919
3121 4.930587956508422 6.68637952044202 5.566114561500477
3122 4.033447931179808 7.345962287007037 5.456018315982054
3123 4.338834394116295 7.134679920165491 5.501895903888117
3124 4.614726082585573 7.152882204625764 5.247911903743474
3125 5.230441476722767 6.191543955664965 5.857240425631068
3126 5.236031716388958 5.927882331756095 6.119165214784026
3127 5.216653312056133 6.446361983845562 5.588465388194194
3128 5.49885421093107 6.199975090951546 5.596687523750635
3129 5.199031475148286 6.69483406673347 5.305588425360793
3130 5.512184257532556 5.674897128985681 6.1164832450061
3131 5.235596504322912 5.657637695708515 6.370217025189938
3132 4.949896082159333 5.634211677364577 6.614694819148675
3133 4.66270586757511 5.600283470220226 6.848065350568637
3134 5.22636401962091 5.381567951781889 6.612400888842572
3135 5.757552426078519 6.198399293770825 5.332019903933095
3136 5.771242563413566 5.943478672777496 5.600698219015437
3137 6.033481037956214 5.677255895253367 5.600524266926597
3138 5.77484511320858 5.678903423651165 5.865255307596938
3139 5.774216634451954 5.408483268827109 6.116104233025757
3140 5.737888780815349 6.446056934255723 5.052225483816718
3141 6.010291816207536 6.189568538443415 5.056246986841146
3142 5.458685505818754 6.692105560912553 5.041673899625754
3143 5.711413631988861 6.683263226271921 4.765894141994054
3144 5.172522315541515 6.931987895448367 5.019218735279658
3145 6.285834111794813 5.669154771344494 5.324375427929428
3146 6.289359688280317 5.404499768639345 5.588858287898502
3147 6.273342121257311 5.926298026068243 5.05214512221081
3148 6.529230986156836 5.653550566016539 5.040486953351183
3149 6.253629868125523 6.173907774549633 4.77231351273614
3150 6.536432865014904 5.124177024382838 5.569367578454496
3151 6.284079791176304 5.13227814829171 5.845516417451668
3152 6.271289963807027 4.853660208115955 6.092036176353931
3153 6.024227079699803 5.13398752051865 6.111535014329079
3154 5.761646803501827 5.130065486308732 6.362849536008309
3155 6.779634548280348 5.108901751165842 5.285421297181342
3156 6.774354651176336 4.836680130818209 5.542079426734508
3157 6.775422558146198 5.373970608486567 5.02136326685156
3158 7.01334434430763 5.086473714921937 4.99407511513157
3159 6.762899051869368 5.631087368639044 4.749110596835813
3160 7.002791942266147 4.54241160051094 5.507032037756449
3161 6.7595902590007 4.557686873727933 5.790978319029604
3162 6.508296617958771 4.565753987366086 6.065967825460098
3163 6.248479099806656 4.56749434832334 6.332022134935549
3164 6.736694395677436 4.271460403257898 6.030885062961167
3165 7.237235045632313 5.056924316221388 4.695736934101004
3166 7.241447035766465 4.791855458900663 4.959794964430786
3167 7.459411275334549 4.490528323314639 4.918570808977014
3168 7.235520574009866 4.520077722015188 5.216908990007583
3169 7.220713829498092 4.241059589436763 5.4657758233705
3170 7.223300536948257 5.315289871783075 4.423982700219709
3171 7.451402591707806 5.020669318573273 4.389701471606829
3172 6.984675337532837 5.602090246852161 4.453189339718719
3173 7.198814967602391 5.565816593530652 4.147137411444505
3174 6.738390082521251 5.881588520248354 4.472249498212505
3175 7.673400249839288 4.455069634002881 4.612080133947349
3176 7.66750686111988 4.183309785118826 4.869215314237875
3177 7.66937010388359 4.720383374958304 4.347268453071868
3178 7.87736850332841 4.413106500258674 4.297854869599968
3179 7.655305024985829 4.978664241500458 4.075439527809412
3180 3.722414403826908 7.546959874461954 5.402501981438154
3181 4.005606756196983 7.572140054347333 5.159245052530248
3182 3.434010452287894 7.511213506737292 5.63819508972373
3183 3.406169277305012 7.737391274077472 5.341421826271845
3184 3.141706878236877 7.465564261202493 5.864727457699564
3185 7.864289742834254 3.869835545620395 4.814282884356179
3186 7.650271282762406 3.905280121042883 5.120755459532132
3187 7.62289983538279 3.622178436272612 5.363881195134987
3188 7.426113366198337 3.935648901658894 5.418810570156662
3189 7.193300764684213 3.95793657785662 5.708866976419939
3190 8.066688575019743 3.828562787807774 4.50229301728125
3191 8.049495170253392 3.550555804249943 4.753859588268709
3192 8.072021337313229 4.100819344373984 4.24567453236445
3193 8.257300113386245 3.781576324641993 4.185292742255753
3194 8.067879286696465 4.366065425881787 3.980803500829176
3195 7.163898236971942 5.808216558566724 3.865641273980506
3196 7.40246413622852 5.52137225441523 3.836401066106647
3197 7.5954299219071 5.468888350687302 3.521463404483285
3198 7.630313467639633 5.226465518780546 3.802942882368237
3199 7.848115745925003 4.926080012116321 3.760427496015859
3200 8.22206669795403 3.225220706535108 4.68994356133765
3201 8.019489141388281 3.266419406406503 5.001829482560002
3202 7.809013796314778 3.303636707969613 5.301442070863471
3203 7.584855879750707 3.334005488585624 5.599497181488001
3204 7.98127548084355 2.978183543441832 5.237333718645187
3205 8.436883733062889 3.729668352856679 3.861161334686514
3206 8.431516208236571 3.457393981057972 4.117761684457721
3207 8.593004458692576 3.12945244120298 4.045590413170645
3208 8.41337149127194 3.181341753163449 4.369696190747302
3209 8.383471817790802 2.897244456190722 4.617723989302469
3210 3.972006453939783 7.789091100010228 4.853166447341589
3211 4.28306014946646 7.588125462690035 4.906704364288466
3212 4.550463623043943 7.596528969364901 4.646076671015409
3213 4.584159933874102 7.379744709131907 4.952256629931756
3214 4.882305138817281 7.161577603429427 4.987474587557957
3215 3.655562714549035 7.977810706457849 4.79493457431125
3216 3.932958981531776 7.993690475416476 4.542328283251273
3217 3.384853241153958 7.946418551999859 5.039563545812475
3218 3.345907993333574 8.151236119355277 4.728874012559906
3219 3.096539744313654 7.910869360121648 5.27537558653168
3220 3.888937351709042 8.186361618343588 4.226067880215985
3221 4.20532603055106 7.99753293794315 4.284238541827951
3222 4.470426158573306 7.990414928017212 4.02101470264201
3223 4.514510165039049 7.79786493511319 4.33733794204363
3224 4.815601641291157 7.589480656305581 4.382894500208431
3225 3.577741575925499 8.356300919447037 4.16797314765135
3226 3.850050128335363 8.360037935117244 3.909843952475013
3227 3.308624261740265 8.334927857927962 4.425153454713192
3228 3.270252312713461 8.509821455250778 4.109548468012734
3229 3.038192479464924 8.304166149024296 4.670140364820075
3230 3.794590504524313 8.530250704600805 3.58272324072505
3231 4.105644213490081 8.359985310079738 3.640649833132321
3232 4.366327143517708 8.33953810636708 3.374506104340589
3233 4.421937182745938 8.169654470146844 3.701785702908609
3234 4.731042693833291 7.969853047994675 3.754820557962344
3235 3.407462455198792 8.711178565382577 3.536179805726761
3236 3.663520163016995 8.712235703111475 3.267348935849617
3237 3.263592234686816 8.638110097505267 3.838231320422138
3238 3.132158519002049 8.819310263706305 3.522690659755341
3239 2.994738827636878 8.61727070486487 4.095629982471781
3240 6.217914539248294 4.277951726241754 6.560233822856459
3241 5.980983954195697 4.565907787932536 6.586373585802025
3242 5.711098769716575 4.561707344733569 6.824527598562822
3243 5.741289832182932 4.85095017435778 6.595898230625689
3244 5.491560652829183 5.125686236943349 6.60076527356547
3245 5.680293494418191 6.906077606858449 4.476645832017391
3246 5.959304455104775 6.659811634387628 4.487047961170417
3247 6.221475762485134 6.412873474355885 4.490912283569197
3248 6.484579777582756 6.14966567066596 4.486851596297495
3249 6.190147476219318 6.635455933914725 4.201523387026602
3250 8.431216467959079 3.996494925107049 3.597584909909596
3251 8.60540659166525 3.672298858898104 3.530042277800641
3252 8.247579187930201 4.311516198839506 3.658997896414422
3253 8.415961288190521 4.254078371084754 3.327824035063666
3254 8.052845716851253 4.623758567976317 3.711136290363913
3255 8.761073661037948 3.610003274070484 3.195538243718499
3256 8.766824290441036 3.34321451221825 3.459148534802502
3257 8.916719291950606 3.009209701478513 3.381829984059443
3258 8.760994829422785 3.071481198532922 3.716311726145423
3259 8.742899460202141 2.795447630463243 3.968271862427588
3260 7.536192679642302 3.041164737062941 5.827273542348141
3261 7.350078718710318 3.359706465365941 5.889712666619653
3262 7.106393419447512 3.381115546137776 6.169864685039578
3263 7.155013451327213 3.673933494155904 5.942053112506319
3264 6.94959460651711 3.979330198373336 5.988995406358425
3265 8.742528647689115 3.872104718105593 2.928309733679066
3266 8.904030267213072 3.543056161701339 2.857446068709554
3267 8.569331119319719 4.194364655962532 2.995641717607592
3268 8.712195030724148 4.127377237078335 2.657520440085658
3269 8.385694209215286 4.509380939604705 3.057060053558482
3270 9.060268407146371 2.942894735629041 3.041530365699516
3271 9.054468492970097 2.671169937265633 3.298704514814888
3272 9.052115127445287 3.210783990945079 2.783896169573672
3273 9.189843696172732 2.872742553390548 2.70076342204449
3274 9.03357288239947 3.472884811914233 2.516670829002549
3275 4.304878205055939 8.498169262558683 3.041240343106276
3276 4.621169535319771 8.307831751703924 3.10237388320824
3277 3.582452772064795 8.8639047388564 2.932102473721598
3278 3.969148623673148 8.68190085480558 2.97833120228757
3279 4.224173409346824 8.650562756688249 2.706311696823826
3280 4.869542017892171 8.264493943808413 2.825898156115456
3281 4.930990956353938 8.105862787616807 3.159163917349769
3282 5.234176848209838 7.893444690568511 3.208881992002806
3283 4.98584478930704 7.936842437022537 3.485381452125145
3284 5.034331785636327 7.757604542759575 3.804612362683978
3285 2.923240859613668 9.06813006003622 3.037051216386156
3286 2.899713774393677 8.950970321997307 3.387003147520681
3287 2.546359454897241 9.124574066670162 3.202842741738305
3288 2.884849901863682 9.196196943860951 2.666008779700403
3289 3.237994033149894 9.021853434115615 2.849834250377026
3290 2.755697371911075 8.876893983295904 3.688751171300031
3291 3.544336464171367 8.993150295179888 2.561430615310732
3292 7.711755527440323 2.718365199206607 5.756675892278119
3293 7.476978366399904 2.744066175986914 6.046891377409748
3294 7.935735777031983 2.688858351214703 5.458400722211363
3295 7.876521463789643 2.391759790138698 5.678018557273017
3296 8.146005237291755 2.651575013369685 5.158657637650405
3297 7.409104135678721 2.444284188776328 6.255449680971506
3298 7.233552512245853 2.767083562351255 6.326054584932633
3299 6.978265154112106 2.785102080908068 6.599016732652396
3300 7.046045296287366 3.084852378387227 6.390378039382753
3301 6.851041290502432 3.399110843193373 6.442769490794777
3302 2.770910330672926 8.273075959916506 4.886539685792148
3303 2.73377630069167 8.457095646014409 4.583012150533826
3304 2.466666202423903 8.5882608093171 4.489691984643003
3305 2.733548297837635 8.618119119046751 4.272673232685811
3306 2.727759312262114 8.748700739545402 4.002444815890039
3307 1.592559402580092 7.844647429695404 5.993768535156077
3308 1.915969842333262 7.689125937565237 6.099705064962647
3309 2.219127780580796 7.758889658678575 5.905514639547111
3310 2.228071103124833 7.526086705653016 6.196266461217838
3311 2.542186712942436 7.350445261362762 6.285558143573936
3312 9.179196911436755 2.329209404468739 3.212028581940754
3313 9.03562458563613 2.395518960736296 3.55231998223707
3314 9.005511179229735 2.116749026846778 3.797386200811225
3315 8.880806821213875 2.458711134236727 3.884071287021064
3316 8.712853385648668 2.516692338682609 4.213365110289734
3317 2.815382326421369 4.876998509404791 8.263686096127906
3318 2.513946546629326 5.095904253032459 8.22871998579464
3319 2.202202018479358 4.997077845729518 8.377321724365412
3320 2.221937401914356 5.311849511238221 8.176016692248883
3321 1.916281190067701 5.517046174510162 8.117269732423303
3322 3.741660913160829 4.821009469070714 7.921984682518326
3323 3.428809491844789 4.739647401709949 8.110425881302364
3324 3.403350248511183 4.418274102064423 8.30036511516124
3325 3.111157535340463 4.651649549151666 8.287512006758805
3326 2.789906719200997 4.555598489404602 8.453575746480992
3327 4.042857494138718 4.890345536397276 7.729154146265014
3328 4.022072523340672 4.575465858949111 7.930198281920767
3329 4.078534711700458 5.504569327283949 7.284591349319411
3330 4.065092502307723 5.203802338266404 7.509691349978016
3331 4.345784290660676 4.958575600258693 7.518423166832658
3332 3.690778071145191 4.17871281127395 8.301597224055667
3333 3.373126114640406 4.090714958715044 8.47868334951105
3334 4.003262721216377 4.260860220054219 8.112888374067447
3335 3.973038587345487 3.933301076704693 8.291206608416985
3336 4.304322745041765 4.330063074944115 7.919808045244635
3337 3.338179405745031 3.757428573752541 8.645130928343868
3338 3.050751583111134 3.996989864543162 8.643898819449713
3339 2.724105819877106 3.897668749405841 8.79701232248863
3340 2.759052528772507 4.230955134368379 8.630564743655881
3341 2.463248565558508 4.456252075353772 8.606638364958711
3342 4.249736615774087 3.68238248921547 8.269207815726261
3343 3.93725196570293 3.600235080435235 8.457916665714549
3344 3.621681317432272 3.513630639250541 8.633529067877276
3345 3.29932347033497 3.419921666219381 8.798784031615964
3346 3.898356468147568 3.262695258720233 8.611482827944124
3347 4.556271384556184 3.759374345863213 8.068921588287992
3348 4.52048476291362 3.426308349593747 8.235631645585539
3349 4.580426516139044 4.088249037546807 7.893409449486828
3350 4.851255659270455 3.832248326758519 7.859974000621943
3351 4.59936943789512 4.403002597437649 7.710990137505926
3352 2.685345202564986 3.558925398879449 8.951143566509923
3353 2.393646148226353 3.792890668704656 8.937809490716072
3354 2.973284615631567 3.319977424111217 8.951945514682297
3355 2.642824943980813 3.215199343410032 9.092742682909735
3356 3.256800010221166 3.076192677570921 8.940374282091463
3357 4.784903965428437 3.16543717670027 8.19052510660892
3358 4.478369196646343 3.088445320052529 8.390811334047193
3359 4.419986112627444 2.759137035760666 8.535273023288381
3360 4.155309092495907 3.019831749634839 8.579861452827675
3361 3.839638893452432 2.933149277154397 8.755216073051312
3362 5.122247811114434 3.211213002514334 7.965594040246858
3363 5.079848100916719 2.873130629557439 8.12036105460291
3364 5.106643100686292 3.555193494538071 7.828332865853832
3365 5.401260229602272 3.262753537021303 7.757630262443023
3366 5.131382426411983 3.884497640349071 7.653730624736721
3367 2.064520957049531 3.688170783146618 9.062844448198753
3368 2.103228960597294 4.02681329331463 8.908490480439962
3369 1.80524942101285 4.249835392894056 8.870173259933416
3370 2.134418308110988 4.354658618426416 8.74535344071154
3371 2.165263834055422 4.679274605895412 8.568314985547271
3372 2.596604574988017 2.866971819697965 9.22161142459435
3373 2.308665161921437 3.105919794466195 9.220809476421977
3374 1.979479500781183 2.998999093600664 9.332077225493233
3375 2.02563440984923 3.347116552777407 9.202913452801685
3376 1.73532783084418 3.581226855069457 9.174064068450086
3377 2.888406254857379 2.635436583880717 9.203889575567707
3378 2.55437732254459 2.526275517160453 9.332367786658732
3379 3.21103492941973 2.729615696382347 9.068541935289794
3380 3.168681357669309 2.388826949758458 9.178941347326862
3381 3.537050565167146 2.829541597470565 8.915322072008083
3382 5.3296066429903 2.603275097185743 8.050978313184444
3383 4.993448484304493 2.558210817471631 8.277743028626116
3384 4.937281826070221 2.212705783764701 8.409945379397595
3385 4.686621740926856 2.482069113452105 8.477907145841998
3386 4.363956174392317 2.41370005115834 8.667752798218313
3387 5.587317158263466 2.615718451971079 7.870190846033703
3388 5.500990537817121 2.300954173529095 8.027746445557778
3389 5.6044329130282 3.406297757853947 7.549004391852306
3390 5.619006620634952 3.061696705701751 7.684580527234758
3391 5.738868530736029 2.784688571233052 7.701356864096852
3392 5.94129486638068 2.928012059037282 7.491846280647438
3393 5.908827807382955 2.481716196881623 7.676381873046269
3394 9.309124453072908 2.267745055944359 2.863133646625663
3395 9.290657691050193 1.99218458889405 3.116870262218646
3396 9.311815986909252 2.527508396386027 2.627124727175966
3397 9.422931441923 2.19042649975532 2.531875745369147
3398 9.304271501022308 2.795570752763461 2.369665799550145
3399 8.668872263282481 4.378060065753086 2.383955482711405
3400 8.84213690779273 4.055833214287249 2.31664236379593
3401 8.981992247709625 3.939461187066129 1.950502708966004
3402 9.02487680689344 3.688546867290689 2.224010033295009
3403 9.17149872346919 3.355686542461904 2.150111391101187
3404 8.482403951333737 4.69586860458031 2.449008218629486
3405 8.612298338075172 4.624302059488939 2.108114749863957
3406 8.345356180596299 4.755560424151586 2.782027187362899
3407 8.288659819402712 5.001728308271701 2.506158879331583
3408 8.19224729379132 4.815414449614532 3.114300556435165
3409 4.801275434112275 8.411554322248355 2.488675971205375
3410 5.111096855146442 8.209585358161242 2.545466005346904
3411 4.484731944994977 8.601746615401145 2.428401644287148
3412 4.726286782249264 8.546838029754007 2.147969493518605
3413 4.149120112156638 8.785724903414346 2.365552835263308
3414 5.468131912233948 7.84280166694467 2.930869393776978
3415 5.523013118712803 7.673829200014709 3.257095561927506
3416 5.39792038405177 8.004721672455211 2.605165344841714
3417 5.687095459754657 7.785602265188023 2.65355282591794
3418 5.329649378345803 8.151760352554685 2.267959580419306
3419 9.115434877923279 1.799845837308623 3.697215431681343
3420 8.960805597548195 1.863071729559725 4.029010644496274
3421 9.387400670538977 1.657656175312803 3.021404417685871
3422 9.25677251266184 1.718975011865766 3.37005750060875
3423 9.212908189756289 1.465474786690286 3.602041967647867
3424 2.501082519892754 2.170624570581359 9.435728652429308
3425 2.20902342658773 2.401930047359211 9.452563014779621
3426 1.868205283597886 2.285766884582009 9.554322517462198
3427 1.921626649938788 2.641529107976916 9.451437720789134
3428 1.638719223276623 2.882934352789134 9.434155437810634
3429 8.91055706758665 1.608256268637664 4.244465162970391
3430 8.799145293437775 1.924836339799419 4.343966755162779
3431 8.675320222138021 2.232730866832721 4.444517062590212
3432 8.537463933003071 2.569470933867865 4.528744717102072
3433 8.624224549321438 1.977722811155313 4.659545407560419
3434 5.801767662080065 7.447111881713212 3.298487019299589
3435 5.567589109367836 7.497438944622902 3.576361388464607
3436 5.604142567689407 7.311076832893254 3.891239086016579
3437 5.325403723559797 7.537816216096166 3.849857383521259
3438 5.070677487260652 7.570945395620414 4.119346506027631
3439 6.011918530407862 7.401328731969618 3.012833979007075
3440 6.05697368956208 7.225548279974643 3.332344786739238
3441 5.885520950873004 7.728977508224854 2.371402499406051
3442 5.955580816655759 7.566846472506994 2.697015312857972
3443 6.211240093181371 7.345854737235621 2.731101368365741
3444 5.156888863616176 4.210054748299493 7.462032984692064
3445 5.413001613927869 3.93353419446059 7.431468379036782
3446 4.622451677358873 4.718350581621225 7.508002948813806
3447 4.898344892046832 4.476309062450598 7.481234824277432
3448 5.179871363744091 4.525267976821794 7.258848558346917
3449 7.572140463443868 2.122920265890702 6.177046085836386
3450 7.328801692569655 2.145967749624507 6.45627510013008
3451 8.035714545633157 2.066119938802794 5.581974573534101
3452 7.812047966388793 2.095707701379949 5.880469012010647
3453 7.732025284078185 1.797456037701895 6.08152421674901
3454 6.898885662678573 2.480288945724152 6.800995762313531
3455 6.711225232792376 2.798000987228316 6.865176352447203
3456 7.077243953215095 2.16371393039714 6.725396646599049
3457 6.810264306053426 2.176631073342177 6.991607630027296
3458 7.240339484153441 1.842369380953216 6.647041388342241
3459 6.458178781567382 2.81253303610771 7.097998643710465
3460 6.537147588829078 3.117132486038886 6.895591814075656
3461 6.340116558319117 3.426146763883107 6.932852254250127
3462 6.593174858980006 3.411647786860474 6.700052586161098
3463 6.653443048240491 3.707859405189502 6.479465582528241
3464 6.660121233457016 1.892209126410988 7.21542304910682
3465 6.480041034679124 2.208310931442466 7.289199614425882
3466 6.194573143546798 2.287157709392523 7.509738556142623
3467 6.346313974437003 2.571995464517976 7.28760168151118
3468 6.172018120833264 2.891023323296285 7.317661953128386
3469 8.516266997075107 4.926936209703903 1.788433957415785
3470 8.704852602589449 4.610212813684646 1.723797836096098
3471 8.898176096298663 4.250153124610016 1.660921604599926
3472 9.080973222518036 3.882871227241941 1.56819525715615
3473 8.801956356733283 4.552680592263522 1.341142691509595
3474 8.3412385817541 5.149324909289625 1.976914742933106
3475 8.432168037371632 5.134481761425624 1.592369062471351
3476 8.089902388903171 5.288306658313517 2.566572037885493
3477 8.226533037218465 5.228372566063796 2.233444536581243
3478 8.142536152752633 5.435844363126051 2.037326940131868
3479 4.640990959862099 8.675768219663286 1.786686516756305
3480 4.957710045909431 8.485847831573373 1.847024006360001
3481 5.159179658045097 8.421570262251221 1.568444954080183
3482 5.24454513545742 8.292820528528821 1.929734179559679
3483 5.532195711136811 8.08922796608992 1.98977424003534
3484 4.315215777030482 8.855078857585408 1.722350493834255
3485 4.077065325756718 8.905468272062466 2.017467021985994
3486 3.982230248851234 9.022901897913007 1.65199382134804
3487 3.816218671136394 8.953687209336628 2.295203784292726
3488 2.771373504635966 2.004937667419964 9.396792742609701
3489 2.426152253680633 1.880661202072457 9.51718964216747
3490 3.434928590220318 2.138772836256687 9.144775357272456
3491 3.112497502104382 2.044755212691233 9.280696925315793
3492 3.03809683656584 1.755228661080966 9.364247965478517
3493 1.864151773582118 1.962684590547751 9.626671665901828
3494 1.576916742033692 2.202371701895027 9.626156682466053
3495 2.206674165274273 1.692837316968357 9.605461516584743
3496 1.916221001270956 1.610269099603416 9.681690477450234
3497 2.477192037000137 1.527400474151104 9.567160885204455
3498 5.194840492370214 1.959407611749687 8.317112123198063
3499 4.888447552712094 1.883429357406901 8.517967737673169
3500 5.480602423542869 2.013669783315763 8.118382294448633
3501 5.431357943287014 1.6842677658053 8.225788289578226
3502 5.737204496909434 2.025750679159033 7.936045535814982
3503 4.828136796202557 1.509662909179186 8.62612386752031
3504 4.570080214298051 1.762801096832829 8.718193570223505
3505 4.253672174607218 1.687858460993038 8.891423218283252
3506 4.313892262135203 2.06154872303984 8.782957953515593
3507 4.047238280858022 2.338591853569512 8.840296965621445
3508 5.141937891896569 7.158815228884661 4.723540963574605
3509 5.106703454205701 7.369737622912352 4.428153926890275
3510 5.396933419823766 7.140181216868045 4.459923973822214
3511 5.645013742213268 7.116959516250942 4.181232724241562
3512 6.920182016450716 6.083212601603138 3.886593019971202
3513 7.123744053672971 6.038692695654275 3.575816156517375
3514 6.706296089475205 6.120619250664908 4.190896413499114
3515 6.666412794875306 6.351331756690718 3.901221009475729
3516 7.069674540595448 6.264883813402824 3.281909915677128
3517 7.313452728365731 5.989941852740195 3.260982335240591
3518 7.495906914248607 5.929350092854919 2.941799960786133
3519 7.550049560151091 5.703219104824049 3.235744656432626
3520 7.777890958186895 5.408307694012572 3.202283580421781
3521 6.822243671892358 6.519807092790265 3.308943449822983
3522 7.011701988599145 6.470851819116588 2.994012685028293
3523 6.627036477918367 6.555112425497503 3.621172270056698
3524 6.569896184110128 6.761878332089575 3.333686480764602
3525 6.413197954396979 6.592538810403331 3.925471185863454
3526 6.946818663880584 6.667962610229402 2.698144747737428
3527 7.193581001164038 6.412415833486882 2.670826755545655
3528 7.366085259561727 6.342336378862378 2.348522345268677
3529 7.431832289528931 6.146002665122276 2.644715497104563
3530 7.668516935443509 5.859350938913607 2.619514188827444
3531 2.848513857449253 7.412908054981941 6.077397713849524
3532 2.82447403859066 7.648727432836336 5.789586778303287
3533 2.809394125432427 7.866085291849905 5.498364013897984
3534 2.788324738016627 8.075721299878715 5.196919341499322
3535 2.516255078699886 7.813556617446614 5.711111394892701
3536 8.242549562916858 2.03975563391849 5.282023632733659
3537 8.178043082917739 1.743704062960667 5.484442312100272
3538 8.300346320295352 2.323916122653047 5.069878185719321
3539 8.442299536670031 2.001403666602805 4.9721184515707
3540 8.346135763451688 2.613326868366687 4.848973138418636
3541 6.873705605474083 1.559287531615627 7.093715080479496
3542 6.544152881621873 1.59107919602291 7.392058580256466
3543 7.396480091681971 1.526350105977722 6.554566164692678
3544 7.145043155511269 1.544118739590893 6.823786018327787
3545 7.03049781072181 1.243392161384925 7.00186235700491
3546 6.023119050812644 1.831086373737392 7.769759300753856
3547 6.255421092809654 1.576767547983991 7.64091035487635
3548 5.950041424779392 1.484380125106946 7.898963393230577
3549 6.043993928555487 2.11865706068189 7.679936825964599
3550 5.88697071964998 7.076325137588463 3.907582154365714
3551 6.110357273506038 7.033771835860287 3.631747203643239
3552 6.151272493150728 6.839713101776823 3.921756162791068
3553 6.321191696005108 6.988831091496823 3.346457158979239
3554 8.312818437796206 1.440456841477412 5.368624936431708
3555 8.106355470938317 1.46688562338581 5.668795952112974
3556 8.020044324871817 1.181843846212607 5.855094717445718
3557 7.883854299403536 1.484847330604827 5.9699304678172
3558 7.644525888596293 1.512183142972944 6.266939131720486
3559 1.478545449536014 4.13614231843851 8.983664623931508
3560 1.5096571228941 4.463808567797097 8.820167143617876
3561 1.472286070415515 3.789993807541154 9.136099860753502
3562 1.176877874268934 4.004487387541936 9.087300987205927
3563 1.433447308229879 3.449021203034038 9.276285978534197
3564 1.219511258646243 4.67400450959274 8.755939363331715
3565 1.546182912188518 4.787583810168991 8.642242744951336
3566 1.873390717546701 4.895536896781397 8.516109775693467
3567 1.583170150229455 5.105508437154673 8.451470633775219
3568 9.526814189637092 2.11457870394793 2.183659382994348
3569 9.523935868347623 1.854755630372607 2.419613011868366
3570 9.60468888386179 1.533510070410923 2.323423833089874
3571 9.501140578184538 1.609445808563717 2.671705803952195
3572 9.468694741155433 1.336495562232622 2.925337503767377
3573 9.520121489194814 2.389975005285145 1.911885536606045
3574 9.619952358546467 2.054000796884869 1.799332472249807
3575 9.398480744720022 2.683988539933829 2.11299910284667
3576 9.493419809180915 2.623971591038391 1.729090343526006
3577 9.276018854309669 3.028992323589133 2.186476553299773
3578 9.717307738842301 1.633570721933211 1.704516648518907
3579 9.700300785121737 1.417025860063817 1.973880034368108
3580 9.128854838549845 3.892708127181647 1.229159376671321
3581 9.212177969838049 3.581868557410965 1.51855019326369
3582 9.298671880237508 3.306788295094679 1.612405791078989
3583 9.402261596682516 2.979790116743631 1.648735190291676
3584 9.267471246050368 3.244573440138764 1.893863747785396
3585 8.918592254675788 4.420007802723071 0.9603349513082381
3586 9.080898550015041 4.078003054279859 0.9524560953759996
3587 6.707221564345876 6.895964493467746 2.731090000641829
3588 6.888758031987345 6.837214514687862 2.407801997023729
3589 6.515694825423207 6.95278864682964 3.033883810311484
3590 6.459275703501596 7.123703148174693 2.744195846298138
3591 7.28319495608737 6.537705073085922 2.052677180895739
3592 7.521142510908208 6.271035420462312 2.026457521369856
3593 7.03654099901081 6.790883216116126 2.09069268767847
3594 7.191589467265662 6.719596502442622 1.768633308143463
3595 6.797873824097017 7.019797002032467 2.123996591784595
3596 7.672092069545738 6.174842498261063 1.735028356564374
3597 7.754267021603403 5.978928053541624 2.030704874728687
3598 7.966164539937139 5.6985932311417 2.016496394401464
3599 7.815863439969571 5.795265487795959 2.308067722946636
3600 7.87988834740289 5.578596346272764 2.60511466884211
3601 7.09830583779977 6.883039443621739 1.495935242784602
3602 7.343903811657289 6.628895848841532 1.457675077078926
3603 7.590363531207639 6.349560970911198 1.438560718494135
3604 7.824199201292345 6.05802708631069 1.442988108066815
3605 7.497660346004369 6.513496613669035 1.165955059029151
3606 6.843796853346777 7.132509309788589 1.513193832891169
3607 6.695110993321595 7.20385092526844 1.811082724122057
3608 6.593750084763987 7.363385725725449 1.517567288082346
3609 6.548602659140805 7.251540888587464 2.128604696470934
3610 7.99210948532171 5.891234110914886 1.191447281680405
3611 8.070693804813335 5.714155428424081 1.487390079555222
3612 8.081834009011374 5.620105032464789 1.760221143734817
3613 8.246781824537864 5.45121782285847 1.508248582370328
3614 8.501964626002561 1.432078372240063 5.066137486681878
3615 8.431457573081572 1.155471847943564 5.251229189621731
3616 8.567061037726445 1.693718487395867 4.872040933871856
3617 8.684308631254002 1.408496365032327 4.75383230528991
3618 1.277522471230411 7.99054235606482 5.875301625570844
3619 1.59195113510853 8.067591818335309 5.69031227931788
3620 0.9571760425286583 7.903920716358396 6.05077278809325
3621 2.204080235092862 7.976299018154108 5.614328480795083
3622 1.583685249176322 8.273183800525505 5.389468511297165
3623 1.898745355368187 8.127483463957271 5.508064870584663
3624 2.195824858234185 8.181966782041689 5.313546157654717
3625 1.340864659635211 2.018976701952502 9.701845960512584
3626 1.344661919495734 2.341783609881238 9.628495928583531
3627 1.323758374547114 2.749649671610646 9.522976974099425
3628 1.381670823679059 3.107217716310014 9.40405145660333
3629 1.088270484027637 2.567392594546855 9.603341221630115
3630 1.598858351415582 1.570844097249388 9.745568264305852
3631 1.351409513288641 1.386172474398605 9.810821484392253
3632 1.325787282786611 1.695046712653354 9.765710661427788
3633 3.74417706068459 2.234661886025344 8.999301328069249
3634 3.687914049226846 1.890548007591027 9.100830632228513
3635 3.79390934097026 2.58661748040071 8.883448762872677
3636 7.941964480154821 5.351944494322053 2.877827362031125
3637 7.987518093956489 5.117733031945384 3.163599739608788
3638 8.027742083134898 4.871491881109233 3.438593302347893
3639 6.440266822586407 3.999809418190519 6.521080268793447
3640 6.172929798334601 3.998323989898549 6.775569568429985
3641 6.698168805698263 3.98731587748498 6.263852388389025
3642 5.693840983021253 4.267267678855326 7.026421665190914
3643 5.454849739125908 4.552835691881419 7.0367820405558
3644 6.135442030567221 3.71744214909105 6.966848280084079
3645 5.912685452829677 3.995294848365845 7.005552784079044
3646 5.656918577280319 3.986783259790121 7.218367644383186
3647 5.206088783292597 5.102495254167697 6.845522752987616
3648 5.196009477023098 4.818810131903081 7.055533603304172
3649 4.930554212360233 5.074407184254769 7.066825799986891
3650 6.053045017623169 3.168439540815235 7.302166588816354
3651 6.080204310432499 3.423342560398807 7.163228410260292
3652 5.848646193845471 3.459812372026378 7.336418475631696
3653 9.293743155716296 1.224281767677378 3.48245205407185
3654 9.153221117941348 1.30526555310108 3.809832673748318
3655 9.013137219721031 1.327293275258207 4.123305715070592
3656 8.852552372345107 1.389235648771772 4.438731891775926
3657 9.09812792086254 1.086687276466936 4.005393750779859
3658 0.9029957731556343 4.188821957004757 9.035395356384683
3659 0.9074299034443724 4.533805141764868 8.866858626753974
3660 3.885843843380218 1.645790553887273 9.065957813579296
3661 3.575778594681613 1.549535941087426 9.209383573784681
3662 3.187883038562406 1.514858111658174 9.356420610147321
3663 2.846639945945194 1.475082289936111 9.472105006600485
3664 8.150646065766399 0.8787752126535309 5.726667690396612
3665 8.352810440419471 0.8727671046953672 5.428520546832364
3666 9.523242301742377 2.685703211968736 1.447361157253221
3667 7.896508653555672 6.072675252721004 0.8762227794974854
3668 7.634097931839364 6.400891474829305 0.8655270617048633
3669 5.068030082394325 1.352528724927532 8.513855597330277
3670 4.749466773910478 1.231812886148352 8.713506893153827
3671 5.643324905504864 1.446303619385403 8.127797355462377
3672 5.358347490161194 1.392294808718062 8.327642363856651
3673 4.586984675323182 1.017919695484453 8.827423807764932
3674 4.254188685064839 0.9924955957348073 8.995378320243862
3675 4.142152571195186 1.347046003433062 9.001557595304055
3676 5.877746198878358 1.19255658548002 8.001869057413977
3677 5.384156847138282 8.332955883887918 1.254073874455451
3678 5.607347620773921 8.158764916075013 1.411455881005322
3679 5.701330028320472 8.035679273458834 1.709588992207014
3680 5.786400061215121 7.894569439630089 2.047766513650499
3681 5.863114505216383 7.966377948472112 1.469935604310102
3682 3.654104027365515 9.169302309385943 1.60356444095046
3683 3.89190138463427 9.118189507103214 1.30832859971596
3684 3.765435980018292 9.214380769925366 0.9574335001520028
3685 3.408013633278179 9.210989923581499 1.882314453822778
3686 3.318043375983694 9.307131743369609 1.538793964977931
3687 3.472283319344253 9.112870730588478 2.213331334840649
3688 3.135766003430512 9.249426440940319 2.148274210933876
3689 3.001799473848556 9.419846925520385 1.501893411186912
3690 3.247944552707868 9.378411557125515 1.223214146300594
3691 3.431326832173435 9.346052441509853 0.9366429049292697
3692 2.854059215180518 9.295560930295064 2.333857962133754
3693 2.789320948133543 9.392010774233361 2.002454060643558
3694 2.517099186196368 9.486443700800798 1.916141330483333
3695 2.799485282846995 9.442771228105819 1.731171188756327
3696 2.729872831723966 9.515416688142064 1.415852949159238
3697 2.627771872696604 1.287480716999229 9.562280501450465
3698 9.19367273215507 0.8192543549031258 3.84775311006314
3699 9.335776967488727 0.8669808102512662 3.477299625853812
3700 9.394595175741639 1.026982163107215 3.269080776088526
3701 1.292094825426966 9.088002244571793 3.96720382193339
3702 0.9691567157158798 9.045417003209945 4.15224836665911
3703 0.9659980667435719 8.883239762174536 4.489420793684745
3704 1.602209516116563 9.119723432184802 3.776714072699306
3705 1.600503868474891 8.969847243542775 4.120707195919773
3706 1.611528701524293 9.376969799771659 3.078215817374356
3707 1.613237124548286 9.253691241836139 3.430257188716951
3708 1.921689369993329 9.135801795874787 3.583885532734776
3709 1.283144915614834 8.767372045064725 4.6353777137305
3710 1.89585477798565 8.84525364901093 4.262302493423927
3711 1.585587535113519 8.812626296005005 4.452362287084661
3712 1.57842568073705 8.642398634952398 4.776768594454067
3713 1.607644541470762 9.487512793072385 2.72076827928567
3714 1.928795968824478 9.380085926393853 2.879884394227382
3715 1.271710212750681 9.575814753829338 2.585831575166866
3716 1.589097069155207 9.579844963766483 2.387748097057198
3717 2.247375913263178 9.366196732534432 2.687686788289482
3718 2.251168493179767 9.255273035820402 3.045022405127837
3719 2.227776647551071 9.138434632011839 3.394999806343555
3720 2.216807451366542 9.004798440122125 3.741573168647107
3721 2.215852138584649 9.462810094905997 2.354830016726258
3722 2.538294282014852 9.338433664029584 2.520063261192012
3723 1.567115787163587 9.664003565425746 2.037445262347211
3724 1.902789718819534 9.574025517399981 2.171963783797667
3725 2.194158289532122 9.548109437476825 2.004813101125257
3726 2.494732684484525 8.878584036204243 3.866142049255796
3727 2.188503612571373 8.875232573426695 4.054713147110137
3728 1.852395644079691 9.752401842827396 1.208010212627113
3729 2.052898166547335 9.668838237740285 1.516303482221788
3730 1.680155738733149 9.741000254837694 1.513271531766208
3731 2.376085793839301 9.608079276552132 1.427945697778632
3732 2.204372851537981 9.598740470488984 1.733471001084024
3733 6.483859130196826 7.514632393947513 1.220602623132487
3734 6.335592895392722 7.586445120071339 1.518589182101285
3735 6.200548195916074 7.638279550711311 1.791615911769972
3736 6.090457067694156 7.789251415771724 1.494622055394775
3737 1.291290952783434 5.88918405828099 7.978099949420833
3738 1.607225014937565 5.708449952284182 8.051734402824378
3739 1.601308862379128 5.40485595348484 8.25974225078153
3740 2.17390125958948 8.719413704680964 4.387023815775001
3741 1.885686995780742 8.51050689588755 4.900556797854082
3742 1.583179097204869 8.464815856345929 5.083348941822519
3743 2.1736530707186 8.556742598140131 4.696529403435016
3744 2.178549497097007 8.379721791265096 5.003417311167962
3745 4.376217115484118 5.557023676400675 7.068819676442891
3746 4.654118204596263 5.314832865407821 7.077551508143657
3747 4.644343964746739 5.031441162960665 7.287981130655154
3748 5.630698008613735 3.660742843319082 7.409062138414107
3749 6.056266128874552 7.677641413447851 2.091760718332132
3750 6.402071732604257 7.288226539101731 2.428009770433952
3751 6.299651957584825 7.472634614217838 2.115210896268056
3752 2.484027007325892 8.229058267963632 5.110010748455915
3753 1.321360780847505 9.805403191748649 1.451920774038137
3754 1.522405698207385 9.72533374002575 1.760728410397934
3755 1.576254201025269 7.0750135306551 7.593722998459858
3756 1.268617872633695 7.236036055091947 7.499029914536698
3757 1.577251836728355 7.329453848699141 7.339175805700258
3758 9.139231359182476 3.727050617909141 3.557527554598194
3759 9.13088216375068 3.986324710974969 3.308043327311137
3760 8.982116829602823 4.042426697597831 3.630931212679
3761 5.809455332279965 7.631262679909593 4.268247195439511
3762 5.759012700487498 7.82136254079528 3.966829332907444
3763 5.527487449423045 7.853211989648716 4.240538694807222
3764 0.6172941432139654 10.16851943114272 2.537179484788623
3765 0.8482001739097582 10.18643813122321 2.372950943164372
3766 0.8891432730200695 10.1136425864188 2.670201789144007
3767 6.051599532141315 7.591077489028334 3.995014537054306
3768 6.001156900348848 7.781177349914021 3.693596674522238
3769 1.896567639662091 7.428168345331092 7.171563608138184
3770 1.895570003959005 7.173728027287051 7.426110800897784
3771 1.267006824188685 7.50046074954233 7.234737475860328
3772 1.575640788283346 7.593878543149524 7.074883367023887
3773 4.595673835517475 6.425456155998999 6.907488409022071
3774 4.874883883329717 6.457781243543955 6.682695210769868
3775 4.598967986054263 6.687875358243125 6.661194976445586
3776 7.42549604723664 5.155012022955715 5.338243328603558
3777 7.194932705660139 5.429732197760075 5.369389082239643
3778 7.201290215739183 5.172285479760802 5.620816832340901
3779 4.314597719629873 6.648336079427391 6.878232625412532
3780 9.14495046521742 3.460437087960482 3.820943473119449
3781 8.987835935637769 3.775813167649172 3.894347131200255
3782 2.715349093913462 4.831277854953241 8.915778747574571
3783 2.743023440298134 5.140092320217278 8.733014143068246
3784 3.026719509145985 4.92010328942078 8.758636611996414
3785 5.722602652506529 8.007758810217611 3.652240376349553
3786 5.491077401442077 8.039608259071047 3.925949738249332
3787 9.300566030374267 3.398209137065782 3.486695632514078
3788 9.292216834942471 3.657483230131611 3.23721140522702
3789 7.623832360789106 6.523928825696736 3.092750692843548
3790 7.855385278850783 6.250595191027283 3.058007141499507
3791 7.785824754795911 6.464349768895701 2.776928045874988
3792 4.596771584825641 6.153839187508182 7.158851879656175
3793 4.315695468938038 6.376719110936575 7.129596096046636
3794 3.042516760898334 8.363135667464297 5.558146521676862
3795 3.321097723097959 8.405946337527492 5.341051261266094
3796 3.004475658117034 8.559828627443288 5.282272470986492
3797 4.875981632637883 6.186164275053139 6.934058681403972
3798 4.308777329111847 6.106767761344075 7.367532121606466
3799 6.326015808572073 1.436374348686732 8.253264821393921
3800 6.595556155264031 1.400629465866158 8.047047230280011
3801 6.448919579008749 1.697928340701035 8.10086032884033
3802 3.010917468643414 4.606086480145751 8.939587996854831
3803 2.976311274231737 4.286948085588342 9.102340079766506
3804 3.29113091824108 4.380767152483959 8.95529682593588
3805 7.421287002527022 5.419895518893771 5.07436995278997
3806 7.190723660950519 5.694615693698131 5.105515706426055
3807 6.963534807143549 5.459581328124411 5.648085901587057
3808 6.957177297064504 5.717028046123684 5.3966581514858
3809 3.064033254835187 5.23604951024637 8.567016982087416
3810 3.347729323683038 5.016060479449872 8.592639451015586
3811 8.027857241531265 6.180630537229139 2.735938566065965
3812 7.958296717476394 6.394385115097557 2.454859470441445
3813 7.481098857065845 6.92815274128411 2.50671401606591
3814 7.5585038351319 6.720447820403198 2.796881456625171
3815 7.720496229138704 6.660868763602163 2.481058809656611
3816 6.029921385084332 2.948523785809117 8.064764681264263
3817 5.911657026713524 3.226130604968862 8.050056332376878
3818 6.188692127783671 3.263901252462501 7.828286303932082
3819 6.30695648615448 2.986294433302757 7.842994652819467
3820 3.322287883875937 4.69491191461329 8.782445861276674
3821 6.723772273615549 5.466037967844454 5.916427816658573
3822 6.72640989043736 5.728020067114083 5.671463523760822
3823 1.153377886407373 10.19802744711344 2.207098805437782
3824 1.194320985517684 10.12523190230904 2.504349651417417
3825 5.197113641257522 8.243836442176898 3.888382452109323
3826 5.434549260373701 8.221026020611713 3.619220837066629
3827 4.87271858984961 6.712951612184565 6.428887136555399
3828 2.7556625239011 8.31865449712488 5.781174862856282
3829 2.7176214211198 8.515347457103871 5.505300812165913
3830 4.01865198794466 6.858949102981802 6.850451229110007
3831 4.313032876797726 6.903302233182705 6.624214996554477
3832 4.020216830776807 6.603982949226487 7.104468857968062
3833 3.630437492090815 8.232402450399464 5.406926538271565
3834 3.661581560670048 8.025242991936986 5.681976281066534
3835 3.935330763488099 8.057318870976475 5.460862806579211
3836 0.6058935176167037 10.24836411660782 2.193951433339084
3837 0.8367995483124966 10.26628281668831 2.029722891714833
3838 4.013298690950616 6.334031599633988 7.342404883527893
3839 2.941389003402527 3.953894766198902 9.268671262604396
3840 3.25620864741187 4.047713833094519 9.121628008773769
3841 5.163002015197382 6.220098133744508 6.700880326199059
3842 5.160836721717273 6.475268502385118 6.44707225198459
3843 3.063654257854488 8.153870409875378 5.859550087905873
3844 3.342235220054113 8.196681079938575 5.642454827495106
3845 4.293770387780501 7.1561932088879 6.361395328752335
3846 4.593246021324603 6.935456589558514 6.398809638871268
3847 4.013557243253624 7.124038852512092 6.586800686435543
3848 7.926248458937875 3.142811030452728 6.116717109814323
3849 7.86707555398123 2.845920228977852 6.336181367175528
3850 8.149280242168317 3.116591998726673 5.841499048847858
3851 8.090107337211672 2.819701197251796 6.060963306209063
3852 0.9433499218293495 6.855751638845708 7.892592694123873
3853 0.9366360787559823 6.57868519964047 8.120658627429634
3854 0.6353771204381808 6.738150975772662 8.026633333871123
3855 5.845950383316134 7.424495128564208 4.560566259178001
3856 5.571522766483836 7.654390594594128 4.537298004323182
3857 6.471595669073119 5.474133426676168 6.192383546094945
3858 6.474233285894929 5.736115525945797 5.947419253197193
3859 2.649893932815821 4.18769642523124 9.255346511265898
3860 2.684500127227498 4.506834819788649 9.092594428354223
3861 4.894087177365668 8.456026689767256 3.838666904999121
3862 5.131522796481847 8.433216268202072 3.569505289956426
3863 4.003516124044491 7.362927128977359 6.317790070739314
3864 0.9148106131433817 8.916265574669332 5.463470851823127
3865 0.9132169947560254 9.101604781723561 5.142579806620672
3866 1.230178675069481 8.986068136570143 5.288566870563924
3867 7.796540468426651 2.556737731373376 6.54294166502328
3868 7.553358266607598 2.579767109693361 6.821973869090987
3869 7.623893352162176 2.868949607297838 6.615213571243237
3870 3.688121051034884 5.69713223672308 8.002676859529206
3871 3.40477319617872 5.917522106531631 7.976649133956071
3872 3.387709572765924 5.626659627578467 8.187938024240744
3873 7.408430281886299 4.612424276960864 5.833462554845387
3874 7.387884748973392 4.340752290621579 6.066920634980312
3875 7.614016147666121 4.318060875908039 5.786070944117789
3876 5.531131830234918 3.696320054522348 8.121536134269153
3877 5.312283340402378 3.935634786131844 8.148263071425131
3878 5.584470441929653 3.991757415880512 7.942533203604752
3879 7.972712983356761 3.42380489279431 5.904581414836324
3880 4.867949505713883 5.918535925925986 7.170657241196749
3881 4.942563082469681 8.276948671973601 4.157692512423187
3882 5.236526842654238 8.072720488867752 4.195259798563196
3883 4.8757979480425 6.961272961209315 6.155277167535067
3884 5.155270516567506 6.738767983835366 6.185354665219199
3885 8.946324348389151 2.965065552204828 4.626663016601761
3886 8.789016125456358 3.280206111268122 4.700660956407423
3887 8.967891707511576 3.236590608196156 4.391409670071095
3888 8.24811995886401 2.505320918232192 5.985252041355869
3889 8.47194358013963 2.475834704237796 5.687185453687272
3890 8.313930958487294 2.7902149832574 5.762896718540466
3891 3.736452605285864 9.429448829388406 2.690274975201853
3892 3.974557839219245 9.402178761092138 2.433205531389154
3893 4.052901476294972 9.284991840547516 2.758955715294821
3894 7.192116303331369 4.904023427709356 5.858308371932621
3895 7.423184349393185 4.891222435402384 5.584737716353846
3896 6.9582586022463 5.187550071052381 5.904564551339208
3897 6.7184960687183 5.194006710772424 6.172906466410724
3898 2.372832207356817 8.842046056358729 5.136780947561542
3899 2.390089241497007 8.644388655462944 5.446695624487344
3900 2.70036438697961 8.713004857999657 5.195386135240112
3901 3.559622696248855 1.868661829837204 9.69983535568198
3902 3.615536654243384 2.21610552037767 9.599578963108353
3903 3.878170757649416 1.969201179537183 9.550052354414138
3904 1.696979993848358 1.299785701984459 10.28008686070666
3905 2.03852097981135 1.421806097198453 10.19594778021885
3906 1.76229280293953 1.647522208651114 10.21414216445575
3907 3.689403266452554 7.799223389626423 5.97854201239632
3908 3.963152469270605 7.831299268665912 5.757428537908998
3909 8.091877711793508 5.96412014856133 3.032813571370785
3910 7.924970484198539 6.012022506595489 3.344694791276569
3911 7.688478051255814 6.298497549061443 3.369888361405291
3912 8.031387448369557 2.53354047856249 6.271199273155359
3913 5.707098722245805 5.9852371570942 6.458783313498589
3914 5.964894049485585 5.734086602153345 6.45844854382499
3915 5.703221667214589 5.72304546682313 6.705310452089008
3916 3.729729160707983 6.811725905784499 7.05980431270938
3917 5.430999800379073 6.237898680220665 6.461306805651807
3918 5.427122745347857 5.975706989949597 6.707833944242225
3919 5.154969888273381 5.952469784617355 6.937478885991836
3920 8.357241554967386 3.085638479094456 5.547953667875797
3921 8.521892271286363 2.759261463625183 5.469351337568405
3922 3.998424493376517 5.771622791604814 7.80174523322467
3923 3.715076638520353 5.992012661413366 7.775717507651537
3924 9.568535211879734 3.267984221736 2.819446032860274
3925 9.685756456008082 3.199936478281677 2.486033632671554
3926 9.693822763253458 2.941077633001822 2.735957975167687
3927 8.596532857535937 4.909218185237318 3.497496300451418
3928 8.781977597473919 4.610034458631385 3.436828597056109
3929 8.744717853526213 4.85321221586233 3.174992523907406
3930 1.802676439189078 10.32632222510734 0.5830010597006284
3931 1.611493542800792 10.33745199995484 0.815978952956035
3932 1.434802754613836 10.38208245267086 0.5795165106694419
3933 1.24361985822555 10.39321222751836 0.8124944039248484
3934 9.438961226504221 3.338059346867653 3.159948151281615
3935 9.420438818098175 3.593175418128858 2.905934718965793
3936 5.356678775287031 7.449120078587573 5.091287423185763
3937 5.638867361430285 7.227377820160099 5.118400459578531
3938 5.60665441042868 7.443500216498062 4.832413432506691
3939 7.593098328041805 4.035530316982401 6.019956187829638
3940 7.819229726734533 4.012838902268861 5.739106496967115
3941 8.805542963553199 4.349001501975964 3.69436235945516
3942 8.965403805411874 4.295192989134958 3.375422832392164
3943 2.198890375522264 6.996469048456595 7.504284649999477
3944 2.202209765780198 7.258936912246581 7.258043414235647
3945 3.296107303021928 2.120978475407027 9.735412975630549
3946 3.352305769945858 2.464858399104671 9.633877538812662
3947 3.671735121167313 2.559985444075313 9.498043526290466
3948 5.283402557814733 7.867593584310619 4.504642612778964
3949 3.373379288633346 7.989521621476097 5.917504570290075
3950 7.816504528471972 5.600797498870413 4.215402487779786
3951 7.593345167944442 5.864086255498426 4.250028744073634
3952 7.621136689738185 5.633493182089957 4.512234940613034
3953 7.384613358496456 2.888241604808948 6.875854468518583
3954 6.128930043886934 7.190313344580249 4.577125539164218
3955 6.092434992850764 7.397080895925634 4.284806475425728
3956 5.361102343459496 4.568386374483781 7.777607794858742
3957 5.63473037674554 4.608425760354507 7.565645694280087
3958 5.610264906101303 4.317332015926714 7.751415617431938
3959 5.881082027260979 7.213604750468143 4.855681687361511
3960 1.265956793256628 6.973486942911419 7.745192516111866
3961 1.570616613556479 6.804799404167033 7.83139438402469
3962 0.957650016626435 7.125637418809174 7.642718041056003
3963 2.022576776226285 9.153761285971582 4.728283958953948
3964 2.31531528909778 9.18488364377335 4.521366154738641
3965 2.644016065343397 9.059269232753905 4.596943687801425
3966 2.351277552471903 9.028146874952135 4.803861492016733
3967 4.582574984161409 5.877773477825873 7.389332517740263
3968 4.860325598811512 5.635785961525208 7.398112992780798
3969 5.145700120363987 5.676548409625322 7.179437716237285
3970 5.693162872498794 3.426560590207839 8.12182892538846
3971 5.787139353063703 3.727457901157276 7.927229889047222
3972 6.005633507278434 3.527027915918298 7.85545729603564
3973 3.724634416016947 7.076815655314789 6.796153770034918
3974 3.422275191480079 6.760681354431137 7.259369302097829
3975 3.727051077179008 6.549126442070213 7.305913015502706
3976 3.424953275009053 7.023280818145423 7.013260599304504
3977 4.582438871825209 7.1913025377269 6.126346435426131
3978 4.292184608089199 7.39803645781636 6.082741177413109
3979 1.264345744815404 6.690173037333578 7.989127226810714
3980 1.257631901742037 6.413106598128341 8.217193160116475
3981 3.371891392617318 5.319213695814175 8.400157072868192
3982 3.084657152176247 5.533216592755782 8.365023110903671
3983 5.141033960618064 6.979083139654709 5.917808238551393
3984 0.9368259982384848 6.289690057060517 8.351269928770417
3985 0.6355670399206832 6.449155833192709 8.257244635211904
3986 6.415029380669255 7.700697294972757 3.121304552962046
3987 6.204429615600151 7.745722420649241 3.406468927442639
3988 6.480341762057192 7.510813136300975 3.432708328447679
3989 6.269741996988088 7.555838261977458 3.717872702928272
3990 8.556350859675621 5.155301813168322 3.22269501553567
3991 8.704535855665895 5.099295843793333 2.900191238991657
3992 6.949084689838486 4.919288019000936 6.142056090930929
3993 7.691635476441993 3.16849403466305 6.406729648646891
3994 7.73810000086088 3.449487897004632 6.194593953668892
3995 7.177362235824484 4.625225269267837 6.107033210424162
3996 6.159778684983786 7.921852824990494 3.08735034507138
3997 2.643943871313926 8.897395656831591 4.90662875561587
3998 2.966374411324034 8.751469562996402 4.972044855096722
3999 7.781613761732723 5.843029150682646 3.934104090300289
4000 7.558454401205193 6.10631790731066 3.968730346594137
4001 8.985974422727171 3.512431147313442 4.139625728305749
4002 8.819190950252114 3.823897993021514 4.207523399085256
4003 8.59766773471182 3.323985499128985 5.02058571930654
4004 8.754975957644611 3.008844940065692 4.946587779500879
4005 2.818842700830283 6.889189125902458 7.404529298444174
4006 2.518169147915968 7.074285684573471 7.334745184130654
4007 2.819696260843679 7.147737800015184 7.145586694506935
4008 3.407285386301795 2.802835909724241 9.523046188711536
4009 3.453022649364459 3.149174484740192 9.394979652498993
4010 3.773841780144802 3.245286412025193 9.244920326965493
4011 3.728104517082137 2.898947837009242 9.372986863178037
4012 3.500252429787173 3.480616808296273 9.262879394885864
4013 1.266339947066264 7.746519593414549 6.972078486487306
4014 0.9563729434193078 7.644556742402671 7.12393097323644
4015 9.550012803473688 3.523100292997206 2.565432600544451
4016 2.443797784349068 8.45207508490293 5.727870810708848
4017 7.84658203339206 4.295742615386575 5.496150778026987
4018 7.640996167612238 4.590106016439401 5.543542388754585
4019 1.930205977958657 1.158705548840268 10.25232130347559
4020 2.198229113290227 6.722433041868429 7.758669557543617
4021 1.894908741726968 6.899692020698885 7.680495708441924
4022 4.01121630241899 6.054243041985239 7.583019471683722
4023 4.285013957468551 5.825248758467035 7.604819867817518
4024 2.084915364575331 8.795322221367524 5.340396550245865
4025 3.811008342518197 9.300149053188424 3.018650586491464
4026 2.358827425091189 2.14561073259671 10.00366260774264
4027 2.416966148474727 2.486469295838043 9.903810353010275
4028 2.088062861752697 2.382702180598365 10.0067188455592
4029 2.514849757658034 6.811817820783485 7.580986419894482
4030 8.622116755615243 4.663842971472391 3.755768124119105
4031 0.8180771719192592 9.23576658210659 4.92553454462838
4032 1.135038852232715 9.120229936953173 5.071521608571633
4033 5.956505969732484 7.957307754255274 3.374478092150978
4034 5.123426159780505 7.227383673311366 5.635130838540732
4035 5.399620472914236 6.997574279912465 5.656094811511124
4036 5.379367939605703 7.230071464659585 5.382105691209356
4037 4.992441951045924 8.087102083529654 4.459363716534938
4038 3.684524038432542 5.400518867070842 8.211847650112102
4039 3.984935516701503 5.470991476215456 8.026586485400562
4040 9.132885847298983 3.195888865535474 4.059907363675612
4041 0.6350431451991563 7.007902114743464 7.79011821906801
4042 5.846012465271841 4.018892391197642 7.731387588743771
4043 5.028448996534283 7.886037834604558 4.767967457846879
4044 5.316569205203386 7.672834844888067 4.800622849391097
4045 6.496959099863867 3.510759184193697 7.460515116975957
4046 6.55238439738717 3.804805904807176 7.264513526720731
4047 6.812470235084576 3.796105815866455 7.029115767129932
4048 6.757044937561274 3.502059095252976 7.225117357385158
4049 5.417228273751794 6.749273746255808 5.938772211521785
4050 3.127858776584709 6.960849789962474 7.206579945959106
4051 3.128712336598105 7.2193984640752 6.947637342021868
4052 1.569005565115255 6.521485498589193 8.075329094723537
4053 5.87180692944349 4.344466991243843 7.540270002570956
4054 5.425433595229306 6.501398161670913 6.199589218886416
4055 7.627448083995485 5.390563731925185 4.782315130840852
4056 7.407148353275247 5.669742665330416 4.81807373932281
4057 3.270485682461458 8.598293332440033 5.058931190843102
4058 5.097179353462448 7.451813723087058 5.354992654816586
4059 1.889271154258178 6.629477894210819 7.918167094006757
4060 7.638483172206801 4.867907320278263 5.297269515736268
4061 5.066593570061736 7.678454706977577 5.059496840070169
4062 3.1272108057987 3.049299110839098 9.548031400238489
4063 3.174440586221412 3.380741434395179 9.415931142625361
4064 8.813741669268353 4.099768812072639 3.961830964852935
4065 8.637167803218727 4.406343616450772 4.025262111629095
4066 0.6350431451984241 7.281423806315414 7.53632717788016
4067 0.9460110012056842 7.391822442598187 7.392639051360856
4068 8.93512791540738 4.550305348163313 3.104833018242262
4069 8.897868171459674 4.793483105394257 2.842996945093558
4070 3.718828323843516 7.323875255540446 6.534499442162224
4071 3.702323900242954 7.570119202473565 6.253605042907501
4072 3.987011700443929 7.609171075910479 6.03689567148459
4073 6.227272899397827 5.737988385048112 6.207286204422441
4074 6.224114028908083 5.992844118244594 5.954805701580067
4075 9.43621754685141 3.075909822779991 3.406535343380097
4076 3.724968688647382 6.269337884421464 7.546527603658536
4077 7.452355482776273 3.18778603217416 6.667370545922239
4078 4.847674884400773 7.209112716172294 5.888877506442456
4079 9.70186537454142 2.673338681386642 2.993379537228592
4080 9.576577823167698 3.000245270120822 3.076867594921179
4081 7.716355962731814 2.258644854760016 6.74368417718237
4082 7.630522155610157 1.964629915060038 6.932689248152746
4083 7.467524459485939 2.285752169993383 7.010978940061364
4084 6.031476881728073 3.781088346219576 7.715041345523627
4085 6.09034999393621 4.072522836259942 7.519199045220176
4086 6.681922172130888 3.2343086327404 7.424887171122888
4087 7.786729171026467 3.742123866392012 5.966976875727218
4088 8.190037917733425 3.396426714014861 5.617254743699963
4089 8.004054105403132 3.714745687612563 5.679650204590857
4090 8.806516385015847 3.564302820102642 4.463530472333746
4091 8.627640802960627 3.607918323174608 4.772781758670073
4092 2.762808267640348 5.454802174135883 8.532075323387655
4093 2.783432164981408 5.751969256645295 8.33008145220391
4094 3.141271150769343 9.594629645842828 2.866849174417299
4095 3.39266073416234 9.588262769896957 2.608397461206061
4096 3.467216471394672 9.458962993696975 2.936773072495672
4097 2.463134316841733 5.357909550853564 8.678892534456489
4098 2.433366670929771 5.048087317825221 8.877668995247225
4099 5.965305117678392 6.004114910660387 6.207544765487066
4100 5.707509790438611 6.255265465601242 6.207879535160666
4101 0.6353771204363067 7.535918435458527 7.281832548736968
4102 3.100475332324853 5.840662524520074 8.152804062276225
4103 7.354916917515519 6.150708206559278 4.279233382016937
4104 7.382708439309262 5.920115133150807 4.541439578556336
4105 9.151905845050901 0.8798970367465025 5.059313126507049
4106 9.25986809417704 0.6017039174565164 4.913420485292397
4107 9.073924417291753 0.5974364840147978 5.236891813627897
4108 2.238987038753948 9.506494903353406 3.83878619041481
4109 1.974528437013666 9.470828773063747 4.080626015527688
4110 2.30583752191603 9.355577613137049 4.161165474554492
4111 2.512153682755801 7.337692592006633 7.073184438764269
4112 2.813680795683512 7.411144707448345 6.884025949140552
4113 5.123592874656245 5.406100374558377 7.395304886707621
4114 1.893436661352195 10.28806142135267 0.8818050321708364
4115 8.302923776236165 5.680944155698452 2.991516973649777
4116 8.143941642516781 5.736729896418349 3.30600255841913
4117 8.353552540603049 5.446438980237605 3.267396546774689
4118 8.512534674322433 5.390653239517709 2.952910962005336
4119 9.114803132083388 2.920048326418188 4.311691305440959
4120 2.482919144183947 5.672619404772171 8.477953714775898
4121 3.651745256862897 5.093474290252837 8.416240589527339
4122 7.841436420458423 5.354314248684726 4.476476332131075
4123 8.645096683882699 4.14785363744498 4.275007232737935
4124 2.138623907427393 8.603008650807508 5.621571736467369
4125 5.962146247188648 6.25897064385687 5.955064262644694
4126 8.63973291254079 3.875769665810713 4.531428143113253
4127 5.056670434849144 4.212215613428973 8.179263639925887
4128 5.328857536376419 4.268338243177641 7.973533772105508
4129 0.9408640120212468 7.892148080620341 6.856348062008744
4130 0.6308970083742905 7.790185229608463 7.008200548757878
4131 7.55608988637136 3.762851952827239 6.234935385612308
4132 7.507460716205774 3.470215983439858 6.462552463553981
4133 8.174315739717288 6.122630858414647 2.418873655259427
4134 8.238336209979531 5.906120469746837 2.715748660564248
4135 3.310756712671597 9.695566434203283 2.27561908359101
4136 3.630765968095721 9.560992701600691 2.351328017393362
4137 7.856294990425853 4.566790901315279 5.256074188137008
4138 4.833259868789913 8.627128996699717 3.52784748958911
4139 4.589387349220438 8.641658507135102 3.791401831493798
4140 7.542045080194343 0.5865539861266866 7.279288991885451
4141 7.639122086153925 0.8059728279097813 7.14937850727161
4142 7.410692895081219 0.8244148787034462 7.390878691632795
4143 5.079694973734612 4.519392601734708 7.999725949532312
4144 5.685536594359871 6.757793490008179 5.678487367553243
4145 5.665284061051338 6.990290674755299 5.404498247251474
4146 3.584519507590186 8.434965472009342 5.110680326474458
4147 9.573834143514887 2.73809574603316 3.323454787019661
4148 3.419147182835622 7.27034041837108 6.751606271431809
4149 7.961553809381851 5.797230368900298 3.624936787909637
4150 7.742582651063609 6.072522979077438 3.663629020767076
4151 9.103200784883313 4.232827578287804 3.053343498567251
4152 9.294740645870188 3.126665845185547 3.743678990868693
4153 9.282676027951752 2.862117622760539 3.982642881424856
4154 5.24896107024961 0.6288928198807295 9.064784913433169
4155 5.088666287875128 0.8424793128947938 9.14002762246918
4156 5.394465932915992 0.8326835371027471 8.963852573336609
4157 5.554760715290474 0.6190970440886828 8.888609864300596
4158 6.470710174828177 6.00058545667483 5.683121344825645
4159 6.220590917841331 6.257314048973626 5.690507793208521
4160 5.164749322725265 9.038468419493398 1.357200536378091
4161 5.466984088115009 8.847749969944495 1.379329303984454
4162 5.281721458826826 8.915937057364573 1.675494308332358
4163 3.964377902678121 5.174779461509505 8.227931166771249
4164 2.911004369222915 8.928312052885818 4.690276159129803
4165 3.233434909233022 8.782385959050629 4.755692258610656
4166 9.430392162347331 2.804366530899756 3.663518701734712
4167 3.216931110592363 3.724227123879905 9.274431045809616
4168 2.899160482466982 3.627824643660925 9.410220501372809
4169 2.856669958096032 3.2843389541762 9.551720598188552
4170 6.418849717326509 3.226713767359402 7.653635679776296
4171 6.266801510321029 3.547946669296797 7.635165741131743
4172 7.649230182865966 5.125483288008184 5.040113774034422
4173 7.862217307836126 4.838378585330732 4.999139961167133
4174 7.113953757195215 2.915361154894225 7.142561102753866
4175 7.301403276056293 2.597842640973433 7.078346843426572
4176 7.197163839635378 3.20576011872974 6.940068727845878
4177 5.417852977438463 5.699785614957563 6.949792774487674
4178 8.450776349798346 5.617354550134322 2.680466930449435
4179 8.386188783541712 5.842530864182708 2.404698617363906
4180 7.252269073064879 3.488190069995439 6.735250645477622
4181 8.189246242586407 5.502529750860423 3.591502635771292
4182 8.392044561658979 5.211392583791138 3.546801104532272
4183 3.422489249796096 6.486484861137567 7.513586471545542
4184 3.128072834900727 6.686653296668904 7.460797115406819
4185 2.141446870787918 2.738215621173983 9.90390599573179
4186 2.470350157509949 2.841982736413661 9.800997503182872
4187 1.525356446246918 2.852920483142013 9.986450094903187
4188 1.800867060293488 2.622133690740269 10.00559433848138
4189 1.856486321032329 2.959965347977955 9.894637530423775
4190 2.70395165968082 2.269880960875368 9.883594699587475
4191 2.762090383064358 2.610739524116701 9.783742444855115
4192 7.855391264334429 5.096151501039597 4.748058952085303
4193 3.412597199669067 6.209159638129469 7.742776375538543
4194 2.17145114182335 5.573994905496042 8.626674167288346
4195 2.141683495911388 5.264172672467699 8.825450628079082
4196 0.9156441213704508 4.794178115227325 9.29216253443726
4197 1.227403149815413 4.933743963294562 9.180269405610872
4198 1.250021871546648 5.229507429124196 9.01859309668755
4199 0.9382628431016861 5.089941581056959 9.130486225513938
4200 3.639717707888587 4.782848230695272 8.605483571300862
4201 3.943733641068446 4.860262041498238 8.429084709812615
4202 8.407491455542271 2.179983281838024 5.889476485828679
4203 4.56355884315049 7.42130175293698 5.854291584902036
4204 4.258385935505221 7.632436371031099 5.808446078973518
4205 3.582618640765949 9.656564381300749 2.009702741788172
4206 3.902627896190073 9.521990648698157 2.085411675590523
4207 6.317889332853392 7.355534201771095 4.011197615782255
4208 5.699304468961099 6.503141050186136 5.947062527796035
4209 6.358724793562841 7.161537608668395 4.300989554153675
4210 9.072924894878817 4.487939937316158 2.782753684417348
4211 0.932143282730391 8.117301904063234 6.583573580689783
4212 0.6270524992159159 8.02703055760246 6.738478131524774
4213 5.06076911207087 8.597251103617316 3.254629839726313
4214 8.009306194937281 5.548328532642772 3.900669938161944
4215 7.009691227475313 3.487440001988752 6.992212557085126
4216 7.312591899926089 3.784254105408025 6.514906172085425
4217 7.070014054336523 3.783504037401338 6.771868083692929
4218 5.656648842958671 8.182590014247221 3.340348241344062
4219 5.890552160184625 8.132138958284884 3.062585957145487
4220 8.400378055949957 3.359240316907888 5.317859143549703
4221 8.567581693183918 3.048452081987482 5.248558067725536
4222 2.19706613152676 3.076047278411668 9.792949187674186
4223 6.216794165900172 5.469306438079707 6.446525314063908
4224 4.328906006028596 8.662130695968127 4.057376554742794
4225 4.633605834173826 8.476498878600282 4.104641628248118
4226 8.673549611903443 2.446872377190863 5.379590014788496
4227 8.719239033800999 2.736062995553163 5.158796744945628
4228 4.280297013420769 9.2510604150185 2.498244626167318
4229 3.540842217025135 8.629279383073587 4.814229661029972
4230 3.854876042153863 8.465951522642895 4.865978796661328
4231 3.893859276583042 8.261421584881312 5.17655560347993
4232 3.57212240582585 9.1783868722828 3.626828544169002
4233 3.821278761071731 9.172175489950437 3.370795507189504
4234 3.504811955398583 9.328596647748054 3.30676375278694
4235 1.260197487411792 7.990723205626399 6.688994692327135
4236 1.251476758120937 8.215877029069292 6.416220211008175
4237 5.908771408069571 6.989747575222286 5.133192902336089
4238 5.935188107690625 6.752660429817485 5.419290690009031
4239 5.102481250542896 4.834241135525966 7.796420689979974
4240 5.376109283828939 4.874280521396692 7.584458589401319
4241 3.598718413487371 4.464503761578875 8.788224215583725
4242 2.568931899682241 3.523119833769854 9.550919210814698
4243 2.611160420617785 3.849189956307831 9.409369972046285
4244 3.410240079405712 7.524538347297611 6.480007646117278
4245 3.397319445615313 7.753642534450469 6.204944615606097
4246 3.578357743974929 4.141373385756873 8.956528073222184
4247 3.88594523922122 4.22510999485179 8.789455462870027
4248 5.308967908955513 8.553943601643347 2.978347450785609
4249 5.37972159336649 8.389908766228103 3.293222901015723
4250 6.204066946739866 5.190924867574502 6.692924813322311
4251 6.458868449912814 5.195751856170965 6.438783045353348
4252 3.916148237500021 4.552440077660858 8.611261925607911
4253 4.839310118530223 7.439572710076051 5.600544917000311
4254 3.924662628661792 2.311979885567015 9.454396048765641
4255 4.187296732067825 2.065075544726528 9.404869440071426
4256 7.514059775828188 6.327465813737238 3.692843101734531
4257 7.459955176020393 6.553440383721242 3.399102442372746
4258 7.15143908579773 6.17976839060915 4.56768981728565
4259 7.175878999763714 5.929395922788759 4.844323978052125
4260 0.9138469385492002 10.0162013878498 2.992801578462586
4261 0.61319191078853 10.07905581806963 2.873670832819453
4262 1.666277611859924 9.588571780627122 3.92707950698169
4263 1.985493354153992 9.604390131357235 3.734280896429707
4264 7.021862764280963 7.382527358695496 2.537425467752647
4265 7.087581592832001 7.197498667535649 2.843603473229288
4266 7.32618481057594 6.968808899721247 2.810345409264998
4267 7.2604659820249 7.153837590881094 2.504167403788357
4268 6.581894064822148 7.118918981577965 4.025277405656873
4269 6.533746728956844 7.319223041784328 3.73195249280289
4270 5.95441531598793 5.46540465518494 6.697687653466458
4271 4.57406952659217 5.592603947365975 7.618778965065597
4272 6.462261310732144 6.246046823647305 5.425114723280451
4273 6.717961026341325 5.973481434086558 5.413456902215627
4274 1.573759711719269 7.823500496812983 6.813767714268265
4275 2.804276263233821 2.951185866692195 9.673020266166098
4276 2.52274385237216 3.175135823897666 9.679697835205328
4277 3.528560010402127 3.812463779801345 9.117469695727364
4278 5.601821175951459 8.351472759863611 3.014350305293156
4279 1.52731302873593 5.030250933005135 9.084388236595874
4280 1.749921600689011 9.087678027725548 4.953733071386559
4281 2.080165888514792 8.972797274479273 5.034013683962406
4282 1.75467107674955 8.910202974613799 5.260115937670018
4283 8.228055269409506 3.684398143739419 5.381803522477981
4284 8.043230890740908 3.982491358395717 5.441259814854239
4285 3.030045309273299 2.370875257644033 9.769584929028632
4286 3.814276827939327 9.617838368076111 1.762499357569197
4287 3.811881329596937 3.568853464217713 9.105918044803612
4288 4.541380252819323 7.657598942537255 5.565359258471188
4289 4.246146786584707 7.85646184017207 5.514341717406669
4290 2.77065332936594 8.101220830982424 6.07204811951241
4291 2.485116628987295 8.034907666291474 6.283623708036888
4292 2.470125823522456 8.252341332433932 5.992750451380759
4293 7.758737047255473 1.108432113185579 6.984233801994341
4294 7.530307856182768 1.126874163979244 7.225733986355526
4295 2.413531918451679 4.743929581637562 9.043181687385802
4296 2.382682951765716 4.41948654647297 9.219997368165455
4297 0.9308031218901727 8.352437103650292 6.288563974773762
4298 0.6257123383756975 8.262165757189518 6.443468525608754
4299 1.567617252064797 8.067704109024833 6.530683920108094
4300 9.255768769653338 4.789068334265911 1.208761734493894
4301 9.430126357661784 4.468893206653696 1.145602054246057
4302 9.350566487861073 4.541381590556773 1.467295508026341
4303 7.144552699077093 7.027325125621235 3.133375275048977
4304 7.391513336233147 6.772289905014786 3.106214645483375
4305 7.212994538864339 6.808475604327692 3.426263071938347
4306 7.349600341596533 4.056932469563187 6.299926974302755
4307 5.235198510713165 1.135394970123569 9.030698897895141
4308 6.604870083289811 4.075222641876755 7.069746627498085
4309 6.345130570673309 4.072423836667654 7.299982891397085
4310 6.292644884770668 3.802007099598075 7.494749790619731
4311 3.163737163200286 9.878332682931747 1.602280573589751
4312 2.915007962799926 9.907488437326904 1.870301523382143
4313 2.643442063157634 10.0037444726744 1.784418057492223
4314 2.892171263557994 9.974588718279243 1.516397107699832
4315 6.9298471226931 6.208769577581712 4.863424668104658
4316 6.944691783879906 5.973989348491084 5.124616396478588
4317 8.425344948171366 3.649143325960517 5.084530098234818
4318 1.583182665272191 3.2101614363014 9.867238241735603
4319 1.914312540057603 3.317206301137342 9.775425677256191
4320 8.222998088443473 5.261896409562841 3.857919995680746
4321 8.427486384320433 4.959722011009021 3.808615191599892
4322 1.836629163514308 9.969709828774395 2.728550241940335
4323 2.171370111146157 9.878038563391495 2.812098393527215
4324 1.840510662822409 9.859244458658448 3.085747928563443
4325 2.175251610454258 9.767573193275549 3.169296080150324
4326 6.210101750361153 2.705782214927741 8.019948816163096
4327 3.121784398459116 6.416546218366751 7.698573829747214
4328 2.812554264388671 6.619082047600305 7.642306012784569
4329 3.113960394968769 6.124908686768913 7.932446588164742
4330 2.249951955894273 9.640056261646897 3.492441071316828
4331 5.690647558440656 5.455890155761114 6.927818658333541
4332 5.40527886866453 5.432630303895547 7.172300980732207
4333 6.705475513156726 6.230442736453957 5.141415147208416
4334 1.190901160009211 4.610181888593424 9.3580738785767
4335 1.490811038929727 4.706688858303998 9.262192709561704
4336 6.934568462044927 3.219689539476176 7.191982370822856
4337 3.850709106965186 3.906123332463699 8.952369760175777
4338 6.595311231979792 2.943917029341571 7.613316325788758
4339 2.511042121439777 6.528702755270071 7.825202224927656
4340 2.808746628170415 6.335966982086891 7.886521817817743
4341 7.954238141149595 2.242075335836959 6.467747483616572
4342 7.314952608021663 6.381160323323718 3.989692151657641
4343 7.270557982644658 6.602308229750295 3.713804906798035
4344 2.194385688984828 7.498393458716309 7.005352861016325
4345 2.190504189673839 7.752901586048068 6.731457993511238
4346 1.892686140351102 7.68267647266285 6.897668740633097
4347 8.180148939049602 2.216353146215386 6.188753174682755
4348 1.230654547696153 8.794401274828751 5.594390090817766
4349 1.511654222675126 8.880763616483542 5.387164705622499
4350 1.512130095301798 8.689096754742149 5.692987925876342
4351 4.287480062500135 5.538977980503754 7.815704330472749
4352 9.79912068192165 2.072227126565635 3.142146368042562
4353 9.765815032625394 1.799315000870009 3.395355749923148
4354 9.850957423143459 1.534104666782788 3.290705043737642
4355 9.884263072439715 1.807016792478414 3.037495661857056
4356 5.94837837258742 6.513623083678912 5.686489102401901
4357 1.890805063787025 7.912298426326309 6.636553087877475
4358 5.677864020402708 0.2953553722270418 9.115718198589352
4359 5.432260042228904 0.323741671861641 8.676582877734024
4360 5.372064375361846 0.3051511480190885 9.291893247721923
4361 1.597383627356481 9.725747885485088 3.608459095501732
4362 1.916599369650549 9.741566236215203 3.415660484949749
4363 8.953069888555067 0.9346570856769519 5.393696131282845
4364 8.841731040056548 1.225443518457605 5.518261094665847
4365 9.031051316314215 1.217117638408657 5.216117444161997
4366 4.837336802436903 5.362918360399143 7.61597085899242
4367 4.383992427796802 8.481686798236069 4.363873911945959
4368 4.692949676092656 8.28213659160939 4.416924796121028
4369 6.18775075837434 6.743835849794991 5.143710619597494
4370 6.160061377565747 6.967693025040846 4.866199404622916
4371 5.061593304779753 0.3051511480190885 9.470037644154271
4372 5.121788971646811 0.323741671861641 8.854727274166372
4373 8.030196421978166 5.314365375790482 4.172652545298588
4374 9.816154312034881 2.596202162803992 2.662495225608083
4375 9.808088004789505 2.855061008083847 2.412570883111949
4376 2.037398748541923 9.310408237219368 4.396612913469545
4377 2.583754062471886 9.230053019691031 4.285918715823589
4378 6.700884618913603 4.919393386645842 6.404881687312468
4379 6.441257000108118 4.921138532044383 6.670758266255092
4380 3.085024925629236 2.708852768263604 9.658753578927506
4381 2.766622241948179 10.0520319005999 1.206668864493007
4382 3.094107803964766 9.950776680213073 1.2870797826287
4383 2.564685701541408 10.07584393866607 1.435986189564139
4384 2.354842398273607 1.460467505426419 10.12762639803449
4385 2.078614221401787 1.686183616879081 10.14582078227139
4386 4.748447296633355 9.156222971783411 1.949191412797848
4387 4.540893313215161 9.202728883872943 2.220669844477115
4388 4.447983197116546 9.312211314474869 1.904038808937969
4389 2.243254178836841 3.424031288283857 9.664170563283555
4390 2.084902876239663 4.642355185634134 9.18169936253569
4391 2.104737628717754 4.946512921821792 9.016186670397113
4392 6.438390297648313 1.143484267060344 8.213669044254132
4393 6.132846558605985 1.105680953440074 8.443739185136057
4394 6.020472069529745 1.398571035066461 8.483334962275848
4395 4.791574780402181 9.044336019245245 0.3477511279574302
4396 5.056109949132386 9.474131383888816 0.3047535804087385
4397 4.914543626141134 9.2555360110723 0.6525047083661687
4398 5.101087888545486 8.864532383197176 0.3477511279574302
4399 5.365623057275691 9.294327747840747 0.3047535804087385
4400 2.844924413033252 9.229512090871957 4.109107425718729
4401 3.170664616714514 9.093669047924267 4.179642037455727
4402 2.909494266153148 9.094209976743343 4.356453327560587
4403 1.714119389695548 10.65363315336762 0.2632482591427402
4404 1.426756292365453 10.64492540848561 0.2632482591427402
4405 1.112742586122266 10.17968365642889 0.3162682515267017
4406 1.400105683452361 10.18839140131091 0.3162682515267017
4407 8.909098469082133 2.681374290134328 4.85779793796033
4408 8.873361545238522 2.408592345621799 5.070006903405078
4409 4.835891957441401 5.070722787603652 7.811824039093017
4410 5.113786463321163 5.122854611905577 7.605534403845877
4411 4.208367070391597 9.370872302624518 2.150450770368686
4412 4.115456954292982 9.480354733226442 1.83381973482954
4413 6.207400652944536 6.4963513951122 5.423309380815651
4414 6.678044252297552 4.63339210925695 6.644656014391101
4415 6.926244323222433 4.633286741612043 6.38183041800956
4416 6.900793958252878 4.354411341129387 6.606276449556961
4417 7.151911870854929 4.346349868785181 6.331479241971563
4418 4.979351711846857 9.094664339768489 1.648323367242193
4419 5.070779486354062 8.972455227728442 1.968315015963316
4420 1.703836414177911 9.415172633038608 4.311197841460841
4421 1.395585589024168 9.532915640601985 4.157651332914842
4422 4.408602895529607 9.477942756558477 0.9265311848777495
4423 4.25548978076992 9.57746749556555 0.6333315911619316
4424 4.11540529985102 9.619215546085657 0.8674919067237283
4425 7.326885948824723 7.25753802244378 1.971075480526835
4426 7.573000221413048 7.004165018535897 1.932973484309259
4427 7.418198302830299 7.075550204327133 2.254873716588181
4428 3.119805233168196 7.473596393001731 6.676038716707337
4429 0.6338764081701312 6.171761181201946 8.470594662341258
4430 0.9437564271712415 6.010206673850437 8.550818419026001
4431 0.6329761608334754 5.867349146409644 8.678709821428152
4432 0.9428561798345858 5.705794639058136 8.758933578112895
4433 7.801302438917062 0.5784262098643409 7.000176417559705
4434 7.898379444876642 0.7978450516474355 6.870265932945863
4435 1.247411684045739 5.541782900245034 8.824354552087327
4436 0.9454663673354948 5.393519167937297 8.95317212271312
4437 7.142287528339535 1.408366417195114 7.565790330148257
4438 7.006295607534732 1.698534060594176 7.624973368652199
4439 6.883134300541927 1.414700330401339 7.797300804504344
4440 2.146855472113852 8.39740458014256 5.922115407998263
4441 2.17318351128724 8.197670827673562 6.186995048670174
4442 8.247960667883399 5.014259844453983 4.130221036446827
4443 8.442591039178209 4.718380804917354 4.07737396896604
4444 1.563515700974458 6.244588744965158 8.288451860974096
4445 1.56447700568962 5.951845493319942 8.504390189347866
4446 1.258593206457199 6.120363346483124 8.433131488490245
4447 4.428015877761705 8.289217790869319 4.679949744940767
4448 4.727508152714973 8.094183282789583 4.722388665354678
4449 7.075974123370749 6.634919983975998 4.011063681345346
4450 7.115938432864605 6.404467867211557 4.300604911704642
4451 8.248522577423197 3.956094107258957 5.148171367296336
4452 8.051873720074349 4.269345364249816 5.203062330469084
4453 3.494825235052568 8.806981323497011 4.511205000289709
4454 3.176482570032666 8.963252796875256 4.449785798888965
4455 4.55944229655714 5.310786536097218 7.82226049423956
4456 4.256897750758508 5.242800031808921 8.033142649167374
4457 7.113627463478069 4.062530047726789 6.564485581294006
4458 2.504329605960431 7.577149138476361 6.820493885544947
4459 2.795261565526499 6.051720819838051 8.106879291929225
4460 3.409674567506363 9.836709389877129 1.323726385720725
4461 3.083442854631706 7.94319403319758 6.126193995680948
4462 3.107383011613672 7.707314946171952 6.413634040996971
4463 4.999363144557527 8.755771329800984 2.921597129643023
4464 4.77185390127657 8.785649222883386 3.19481477950582
4465 2.381315068206188 9.958954030523401 2.310591611801811
4466 2.716870792626241 9.855838506595319 2.390438646564984
4467 2.46240034630829 9.85149205275235 2.644920560171978
4468 6.856083644226121 4.075131826191906 6.821733264731008
4469 2.504065435668882 6.255375850176726 8.050458876690877
4470 2.492236035123791 5.95562428698397 8.273661036965562
4471 7.17959508508636 7.304239972141534 2.288131780552471
4472 8.450818432212458 3.914869104473048 4.836423027731591
4473 1.545634072546511 5.360818645256874 8.89113016705493
4474 1.835620046368717 5.150885255838578 8.955546587112085
4475 1.87256591356235 5.468545006484483 8.764810544794054
4476 0.6158734085141432 9.969317987141988 3.228959421694629
4477 0.9165284362748134 9.906463556922155 3.348090167337763
4478 3.91416312667958 9.670034065422179 1.169866256671089
4479 4.025483650957709 9.576251043582197 1.490503036183189
4480 3.724303524604054 9.713734678431866 1.419182658922846
4481 4.799249487751549 7.669839955548262 5.319806996287463
4482 3.478366120297978 9.755357971486482 1.697736846791872
4483 3.2467079331246 9.79408398471112 1.944940231010847
4484 6.382358335315343 4.352982644378868 7.108558850656109
4485 6.127577758578245 4.353081643971157 7.3277750044792
4486 9.014483476350421 2.089139739783895 4.952560608747202
4487 8.956878472979891 1.805211932732445 5.164657898387397
4488 8.815756541867994 2.124664538570349 5.282104193045273
4489 1.212846503921719 10.03291013831754 2.837123458900551
4490 1.23755016945085 9.935468939748541 3.159723248219132
4491 8.560291861060939 1.860804424482359 5.779022265758279
4492 8.624743985658299 2.156655846882132 5.576731233616871
4493 5.225509049776471 9.075243954367458 0.6629398118789088
4494 5.676588480911029 9.114035691135905 0.3151886839214786
4495 3.802232542844681 8.653874747519968 4.569742402709025
4496 4.111813381745042 8.477844559820969 4.621782976004205
4497 4.074411588896441 8.657716985935069 4.311833338650779
4498 6.394765414821332 6.941086483183193 4.587862931498321
4499 6.425896748500147 6.718466163643789 4.87693679695702
4500 7.874053635454759 1.943982459223599 6.668489995775662
4501 4.508123507616749 7.874513241576183 5.278972879203429
4502 4.775467589926937 7.883127993005498 5.018662722986134
4503 0.6274632683501369 5.257315806410166 9.061055180717251
4504 0.6274632683502482 4.946125419772359 9.240721034211827
4505 6.094044108447026 8.081845799748397 2.769895527711794
4506 6.024037607818713 8.243891807331039 2.444485721134911
4507 5.820545659556312 8.294184965867526 2.737176150568604
4508 1.884733864179321 6.340882884323863 8.148931555325442
4509 1.879244000038524 6.063986130699828 8.362054321576
4510 8.059200666363656 5.054208717348226 4.434044823279313
4511 4.925144066953196 0.6284395624935168 9.251740747454519
4512 6.656725560283213 6.694277528175023 4.591699161900161
4513 6.620684939024721 6.914728653660225 4.304825784555515
4514 8.339520435727863 1.891015509821218 6.092977619155565
4515 4.537259864720582 4.997594893211259 8.041639540327235
4516 4.803849157822077 4.761113241133572 8.026236191214192
4517 1.265523635389956 5.840879963273045 8.632679978745831
4518 3.763597886298262 8.827917953638098 4.253969594275185
4519 3.44525522127836 8.984189427016343 4.192550392874441
4520 8.070129860633363 4.531354417036863 4.94979515819354
4521 8.265708590281859 4.233908879971399 4.896783300525617
4522 2.191252427519331 6.449106136775085 7.983926209306838
4523 9.813167489467901 2.336533414251664 2.898261113154875
4524 9.687818566995169 2.409032393700613 3.237264792116279
4525 2.186715137440475 6.160511126888128 8.214690670625522
4526 6.442611416161947 6.493531278330094 5.145515962062293
4527 8.006471549647918 1.094244402647001 6.696668597329635
4528 8.140755478203728 0.9111184144508364 6.559526479421104
4529 8.032663373432452 0.6147190634512707 6.733123815037331
4530 4.197307484520141 8.07537027238059 5.225493968375972
4531 4.474526746107627 8.091273441190523 4.973083930493933
4532 4.171078538170528 8.277324753691243 4.924145565597891
4533 9.555039690634427 2.46264823303418 3.576906118718372
4534 9.669024114114709 2.133584880701633 3.49071612381499
4535 2.955742142572056 2.081570773429623 9.853226157135902
4536 0.6233464914699669 4.650599956838086 9.387698410371826
4537 8.26384814882023 4.761996588049319 4.386435753982888
4538 8.060038746791005 4.803939371740691 4.700449882788879
4539 4.791520888159874 4.454503935953769 8.205347693325264
4540 4.496731829448453 4.381672174620589 8.414131237357662
4541 4.761881376137723 4.139383852095794 8.388047183958284
4542 8.454623070610191 4.194809441309064 4.591788415907279
4543 8.45842491286075 4.449959399582738 4.334323896645943
4544 8.267951299588242 4.496915203446822 4.651105079815286
4545 5.05551934583586 9.147437095003454 0.9627020842076204
4546 4.198211370272884 4.307199958342419 8.600878576076923
4547 4.21466869667559 4.626912293939027 8.424514586888648
4548 8.76695091562285 1.834448008261617 5.479245411873649
4549 2.333686760622799 4.092960981907392 9.377170251703884
4550 2.294953248424763 3.754454512983984 9.531193712484271
4551 5.670542831424736 5.177168345663072 7.160980543355493
4552 5.934310588972011 5.186682845086898 6.930849538488408
4553 9.273691400566179 3.91940516426564 2.970171161642252
4554 9.401913383721883 3.855097352262889 2.638894475381025
4555 4.14501310319934 1.737885782320697 9.483169103024874
4556 4.459733850610351 1.824134987272307 9.322154058299212
4557 1.817299002558136 4.820317543586839 9.148804656653031
4558 9.709890110455905 3.864398831365814 0.9835133675873515
4559 9.661214272236807 4.049256707746263 0.7068842490681269
4560 9.648102342540518 3.91642827540895 1.338801332175021
4561 9.599426504321418 4.1012861517894 1.062172213655796
4562 5.395472457329447 5.149384541242747 7.382530497870463
4563 2.177398246500631 5.877506244676328 8.418983348435859
4564 1.873296895361243 5.760474791519542 8.569745140428486
4565 1.393874479940869 9.383101805665778 4.501399585984386
4566 1.767979368027603 10.13263117374738 0.3197528005578882
4567 8.583208148181185 5.561865484506193 2.360733798242419
4568 8.644966472705274 5.335164173889579 2.63317782979832
4569 5.707386047735539 3.081932620789433 8.25687184700117
4570 0.9112096897252325 4.449378445079923 9.460574895286612
4571 0.6189120598247486 4.305800286690683 9.556110771221178
4572 0.8835249523282475 4.141834563183417 9.605199657160004
4573 0.6346667925839456 5.560893393290506 8.883741077916433
4574 2.4935129579746 7.822830332162421 6.537564639402245
4575 2.790441926143157 7.890544454304626 6.338692027287484
4576 2.801258574128988 7.644863260618567 6.621621273430186
4577 6.768563239606886 2.624673052167134 7.582179632442732
4578 6.855174179757983 2.915064655565963 7.393750477776862
4579 4.406149359844918 3.41115342391732 8.89876166484871
4580 4.127213641787439 3.655380211141202 8.930386351135427
4581 4.090817047654415 3.324626676993831 9.074293358516893
4582 8.912969961882057 1.502004894366297 5.333749984170153
4583 4.15822110618964 3.9883772875329 8.771748807325451
4584 4.470487237241304 4.07046725102353 8.583171920532347
4585 4.244740016640195 4.929574322911844 8.236428057931111
4586 4.875173229091438 2.55900964336193 8.934957969190194
4587 4.799788788694073 2.217117848365992 9.071464219862193
4588 4.552307718993214 2.475750712661073 9.124404077481037
4589 6.722145907328697 7.283740190669208 3.44631348156899
4590 6.97044124347309 7.056678166196728 3.433424928987834
4591 6.775550874228348 7.092150096152562 3.745557645924201
4592 6.897811837481386 6.447669483989081 4.582287847901679
4593 6.862311184548262 6.672368960591489 4.31520294232067
4594 6.664116371224956 7.484671593324618 3.131471172408977
4595 6.607608070815783 7.649835969496525 2.815742542189013
4596 6.358521080260082 7.865861671144666 2.805575922742083
4597 8.699371009860599 5.483811257268178 2.104726939741777
4598 8.502351645221124 5.764476636944694 2.148691758863263
4599 1.390403045519839 10.21248781759735 1.988503491173125
4600 1.748574258525354 10.14539360777911 2.049405380561056
4601 1.982884446611517 10.15399964871783 1.78896174632331
4602 1.624713233606002 10.22109385853607 1.728059856935379
4603 4.127475148191345 9.143727895390807 3.082682340894028
4604 7.034559474908271 2.610736270984012 7.344329209707873
4605 1.756420474731994 4.538853871083105 9.297850469148944
4606 1.725306347425521 4.211340064012012 9.461099651191237
4607 2.05378874893319 4.314841378563041 9.344948544577981
4608 9.372073818086225 1.167454143554809 4.587780968806332
4609 9.203648157528907 1.186661135627113 4.902569933520304
4610 9.267755242508541 1.447970115764009 4.708036681041618
4611 2.004792557790273 3.988315813997464 9.502121428116412
4612 6.410822190296328 4.631872596821582 6.898925052723172
4613 6.184127017526718 4.916058126447739 6.909733957623496
4614 6.153692207714927 4.626792191224938 7.137900744091576
4615 3.222535114296885 1.807221588454845 9.82273327365137
4616 2.882169953847013 1.76781388647744 9.940546455156722
4617 2.229626970027812 10.21112472418096 0.9334864152141429
4618 2.131219645829179 10.2618255711554 0.6065515742708372
4619 1.163216422612225 4.302638006696919 9.502698640450093
4620 6.649580397316566 4.354502156814236 6.854289812324038
4621 8.099964433354765 1.918260269602027 6.389495686841845
4622 4.434725641011894 3.737634166210403 8.749765398285101
4623 5.914370659758863 4.911816103960135 7.147658682789594
4624 1.447590922578898 9.041948825424949 5.136370451593068
4625 1.454781638767608 9.212254151600504 4.8122637704257
4626 1.142229568421425 9.29053526312873 4.747414927404265
4627 9.311610406655046 0.9084680163371264 4.756677292305652
4628 9.418782937718307 0.5901589101852174 4.59231411019051
4629 9.479246349149484 0.8491450374028996 4.423417786691189
4630 9.252672962424608 2.583563617289806 4.227575374529932
4631 9.410781162438617 2.546366828532186 3.885756596469217
4632 9.380778096911474 2.267812823061453 4.130689089574292
4633 4.797971968350396 0.3232884144744283 9.041683108187723
4634 0.6468392693112754 9.855381866631642 3.562456297649438
4635 0.6468651795050662 9.718699720134712 3.910824618404813
4636 0.9695721115706939 9.761217153912169 3.725892836710053
4637 9.088317043687979 2.653928958884168 4.527273675048679
4638 9.051091164380964 2.370237696813668 4.758408596407248
4639 6.855440601124258 7.42778311076655 2.828810818008131
4640 4.515675072247339 4.696224575352632 8.231857935007143
4641 9.095158401293851 1.478426618545553 5.02158419168331
4642 8.324891756499749 6.026281437897627 2.127575596506308
4643 8.092391057157748 6.336324667595285 2.124214350621167
4644 8.242967073940209 6.239975247078265 1.832916291868048
4645 3.429371622557155 9.108051193581108 3.929844152999658
4646 3.107157532096261 9.254186757438276 3.86383187422447
4647 6.688760845494926 6.455377621767653 4.872835982103142
4648 3.06299933001389 9.712994791210548 2.536094947683623
4649 6.38786971209389 2.407723340530043 7.969484523255499
4650 6.483418000807763 2.703497695284927 7.802675298831929
4651 1.51958381144496 9.966596203474193 2.92674308093618
4652 1.595672518273099 9.848917981030947 3.256655637322486
4653 3.983131229466548 2.648837561344349 9.340967401251085
4654 6.29278650372332 8.025854645902569 2.488121105382497
4655 7.028004687253409 6.850510791619331 3.720966763847522
4656 6.823520310345689 6.876559288509227 4.035654563422026
4657 6.995108288886732 1.150478203580063 7.742640757093795
4658 7.133477965546767 0.9243472659514718 7.639681560385894
4659 7.259065827865038 1.142013732702742 7.495396823028832
4660 5.651179657924229 4.902064325817017 7.362908634886347
4661 4.241848914959502 9.523237288565543 1.218172207708827
4662 4.353169439237631 9.429454266725559 1.538808987220927
4663 6.912411707369349 7.257609568852137 3.11858261982782
4664 1.239261278534232 9.812298844202683 3.511526706398378
4665 0.3239315913445764 6.305417107544869 8.123069605734074
4666 0.3099448168255556 6.545981897031774 8.568629523015197
4667 0.3116354485761076 6.823376549022537 8.355279495885846
4668 4.608617716989467 2.835817431087233 8.992078380095762
4669 4.285752206891242 2.752558500386375 9.181524488386604
4670 8.137944296408019 0.2967191191815642 6.288050743405037
4671 8.278564803239597 0.2967191191815642 6.025321890241582
4672 8.272119325885853 0.6083545677576707 6.431789469052875
4673 8.495900002717431 0.3116354485761065 6.560647695859069
4674 8.355279495885853 0.3116354485761065 6.823376549022526
4675 1.563746023890727 5.659915708284885 8.699455593713434
4676 2.090284833044055 9.985500541162546 2.477769445157048
4677 4.839875071140559 9.034013859743363 2.269183061518971
4678 4.621849399561457 9.073182694144666 2.539149900979691
4679 1.67565154687523 3.885154301217111 9.604878623875502
4680 1.636870598730482 3.544468013057116 9.745206022215996
4681 1.966011609645525 3.647629525837468 9.642448826456906
4682 2.544963092127865 9.509535786918031 3.65018302622933
4683 2.611813575289947 9.358618496701673 3.972562310369012
4684 9.747979145399881 1.546306402631996 3.578462564099866
4685 4.53504651063809 9.381964499038361 1.277211485862848
4686 9.24601002169881 4.165908031578475 2.715471332898366
4687 5.018834395204215 1.974670183678743 9.004050058759736
4688 4.775982832642539 1.899053697097329 9.149238212053989
4689 5.859504448904174 1.149712930058465 8.636592480800974
4690 0.3116354485760257 5.366917835313764 9.29309854874321
4691 0.3116354485761371 5.055727448675957 9.472764402237786
4692 0.3158278197741117 4.824819177273357 9.027936636861517
4693 0.3116354485760258 5.677388905895857 9.114954152310862
4694 0.3158278197741118 5.135290247855449 8.849792240429169
4695 4.653633538754441 9.273465924034101 1.583961591080807
4696 2.31988389045552 10.06216506301787 1.872379590660499
4697 2.632928204959275 9.951814602203839 2.055324074843667
4698 4.018092303430418 8.832331663671155 3.999512810367202
4699 1.818734376845778 8.749017765672392 5.510910191699449
4700 1.859220907355073 8.557842507574833 5.780977573582434
4701 1.552616625811093 8.49792149664459 5.963055307759327
4702 5.524674332576719 8.505714782961959 2.697008842953822
4703 5.743398816181571 8.448426988965871 2.41983468822927
4704 5.032440190394407 3.883488783893721 8.354494493472561
4705 5.251288680226946 3.644174052284225 8.327767556316584
4706 0.3239315913445763 6.042688254381412 8.263690112565651
4707 0.3099448168255556 6.283253043868319 8.709250029846775
4708 5.897921378580174 4.618177538497624 7.350395742183332
4709 4.236058736961027 2.400832002836052 9.29731992372626
4710 0.3179213989591073 8.128063138749473 6.299239068665983
4711 0.3179213989591074 8.268659172777241 6.036297146991788
4712 0.3077909394165911 8.495790882473926 6.560818824387892
4713 0.307790939416591 8.355194848446157 6.823760746062088
4714 7.871339970237281 6.593393703430124 2.167859034999677
4715 7.633539481899592 6.859877351934729 2.194058374214842
4716 9.491446184784543 1.951290043112333 4.030920036159858
4717 9.535428690725711 2.20464853066661 3.799144013452877
4718 9.651188226889197 1.88057628246362 3.673822937991708
4719 9.607205720948029 1.627217794909343 3.90559896069869
4720 4.347700762016446 3.082009041019905 9.042916981864957
4721 4.030725494506832 3.002668776051268 9.213543950313557
4722 4.442121430481516 8.969677772449016 3.151560044631235
4723 4.208343478905795 8.991891442549601 3.41751770285537
4724 4.517189719538806 8.817333405444547 3.466756699879008
4725 6.495315091389184 7.943988446788818 2.20198972285616
4726 6.194068259725118 8.191812856222057 2.164803210990851
4727 6.39659684739098 8.109946657108306 1.878671828464514
4728 2.964628175283949 9.838410149588054 2.129962782472371
4729 1.867452472041532 8.352238436909886 6.081521245113327
4730 2.413227240173797 10.14556416979458 1.218891653033658
4731 9.226186874029199 2.317444249755787 4.443157744137652
4732 0.3099448168255556 5.983844659014995 8.90992289582258
4733 0.3230313440079206 5.438867834735788 8.672478137628351
4734 0.3230313440079206 5.738276219589111 8.471805271652546
4735 6.118071170794572 8.329232510311025 1.848801926662613
4736 6.306218707280028 8.245251488045678 1.552825065954627
4737 6.21277492749205 8.368983426315495 1.254972695705577
4738 6.024627391006595 8.45296444858084 1.550949556413562
4739 6.707530143608835 1.136407339044882 7.992387182869463
4740 6.606360640903432 0.8502591939059249 8.11036697472103
4741 6.875500486863954 0.8431822658904627 7.88908511333636
4742 2.07703693149818 10.2225008669663 1.167210269990351
4743 2.182107860686534 7.964978920177122 6.477517062145881
4744 1.881880714387731 8.144990333822749 6.346031074401768
4745 5.472436357899758 3.092147600896923 8.407483364282799
4746 5.178370032655041 3.384629568077206 8.478671864717519
4747 5.545355005471662 3.351692085103942 8.256579055881863
4748 4.361253099767065 9.121514225290221 2.816724682669894
4749 0.323741671862074 6.594412250124822 7.892458304393291
4750 4.483539806661886 2.14219913854097 9.244380066107414
4751 1.422418632164016 10.34307167378282 1.098208466570691
4752 5.442063099677005 1.402785542876709 8.86195098753781
4753 5.519221541364456 1.680042933884792 8.771975314311712
4754 5.73170931398464 1.442393444982357 8.674984456860688
4755 5.240749063670778 8.70090114146485 2.641361083734687
4756 5.456455487291985 8.652672322783463 2.3600224759029
4757 4.473946599978655 0.3232884144744283 9.20187168724482
4758 4.408908830660068 0.3113014733342783 9.792136995910687
4759 4.596484961205253 0.6345898878087066 9.413651520153836
4760 4.732934199031809 0.3113014733342783 9.631948416853589
4761 1.211805730277652 8.64843375283191 5.828386738897106
4762 0.8959617957248807 8.770298052672491 5.697467499902466
4763 9.177769333904857 5.015540473765897 0.890785741078423
4764 9.352126921913303 4.695365346153682 0.8276260608305857
4765 1.429932511103585 4.425225185800263 9.411238522057618
4766 1.157083322757414 3.957038206508573 9.655787874807984
4767 1.423799411248774 4.079625385611918 9.564327756415508
4768 9.045659071627369 0.295012301119737 4.794190279330407
4769 8.859715394742082 0.2907448676780183 5.117661607665909
4770 9.474189027437152 0.3066916163367794 5.053651412138934
4771 2.629648492979577 1.980576476660957 9.967235927694745
4772 4.27331719996933 8.831862915879935 3.730311041783696
4773 9.021856313675386 4.732225229643024 2.520012259991486
4774 5.754438791947063 8.65620112929432 1.462285074430858
4775 5.569176162658881 8.724388216714399 1.758450078778762
4776 2.068270753702433 10.06930449133743 2.127647127618644
4777 5.156197202911635 8.843954567150416 2.329415238888992
4778 5.367139175384399 8.787436396786546 2.036594531258034
4779 6.784541953750139 7.610278215113 2.496178777248589
4780 6.536709423441665 7.832331073842974 2.483110501429471
4781 7.924649639998807 1.278122293728335 6.757835747391963
4782 8.172384142391252 1.263934583189757 6.470270542727259
4783 9.139066912391685 1.781633656911701 4.852492105900553
4784 9.484111739033917 5.041475365224247 0.2677528386398866
4785 9.29790396035029 5.362588501386343 0.2956923407380304
4786 9.048227107391853 4.788058596186826 0.3207988379064217
4787 9.083199675680376 5.217505994179752 0.616491178644452
4788 9.269407454364003 4.896392858017656 0.5885516765463084
4789 6.746223543526751 0.6078406942167747 8.021861611012334
4790 1.374144610698483 3.753439622817017 9.708106729099773
4791 1.770588337866976 10.06158965760423 2.399527698099461
4792 8.009392487402808 6.531423130308656 1.82851345755741
4793 6.283440034317947 8.707209846591056 0.3332754206589569
4794 6.169486952167787 8.470614857099989 0.6570170925209977
4795 6.039694363620779 8.265689308570575 0.3237416718620407
4796 6.302636285294973 8.125093274542806 0.3237416718620407
4797 6.546381955992142 8.566613812563286 0.3332754206589569
4798 4.696785612219281 8.937993589887853 2.879618124258046
4799 4.914811283798383 8.898824755486551 2.609651284797327
4800 10.42219012076616 0.8765178654322775 0.8549469318770735
4801 10.38690992864224 1.167847352099971 0.9585092554520532
4802 10.42212980022947 1.11004345932523 0.6225661918420753
4803 2.246527396420914 1.197366957068235 10.18399992129124
4804 8.965243849033715 4.978255583851755 2.244342943246969
4805 8.841255706818004 5.039513459602987 2.567327628349042
4806 4.751534706841101 9.312131590282805 0.9470748098537627
4807 4.598421592081413 9.41165632928988 0.6538752161379447
4808 0.3075186716958557 4.760201985741683 9.619741778397785
4809 0.3075186716958557 4.436176617369942 9.77993035745488
4810 0.3158278197741117 4.500793808901615 9.188125215918614
4811 4.860764683730507 9.203162914772751 1.341573262024234
4812 3.703962227121001 8.998571572673185 3.942752508418373
4813 1.251510756015793 10.29322282924329 1.647852338202667
4814 1.26863630624023 3.077359437415057 9.957331777971525
4815 1.322324239698521 3.411666014170773 9.835299558451919
4816 1.077609073930677 3.285553154333918 9.912893509257053
4817 7.285105032762948 0.6067484119521764 7.535163428989856
4818 1.81271431852579 0.9928186955049654 10.28944476829963
4819 2.045940302636089 0.8517385423607747 10.26167921106857
4820 1.106840818137927 10.4249407884583 0.5780902274958027
4821 6.667586416614631 1.746798141872883 7.916642984666368
4822 6.520949840359348 2.04409701670776 7.970456083226686
4823 4.952463887406722 3.240653590508876 8.668652113518423
4824 4.68822959197408 3.501342337440305 8.713727109708326
4825 4.67038365527756 3.150464676985891 8.853686668658806
4826 0.3407351243522024 10.17518277775794 1.137652635280694
4827 0.6506825925300919 10.37154319472724 1.481566678963848
4828 0.3099474681778905 10.63888702921292 1.448610167557032
4829 0.3099474681778905 10.64759477409494 1.735973264887125
4830 0.3407351243522024 10.18389052263996 1.425015732610788
4831 2.306442619313631 10.09557905837437 1.701000213155034
4832 1.78230897716326 10.23647951771724 1.480729952419695
4833 3.249908315364956 9.324522436139965 3.560816265393814
4834 6.832229709505105 7.80620698962291 1.594233630541231
4835 6.640739854851587 7.906188240837681 1.902417576395401
4836 6.530897445192132 8.057329814588231 1.605622057448763
4837 6.72238729984565 7.957348563373461 1.297438111594594
4838 0.8915450227444226 10.31051786048148 1.745574324308321
4839 0.6195811065232993 10.31708320875452 1.844641649024419
4840 1.10876346453362 10.25971746841527 1.930655566998735
4841 5.731668427082226 0.323741671861641 8.47591001175822
4842 5.976162300993582 0.3116354485761068 8.915320152127919
4843 5.853058995881348 0.6353771204377479 8.688211817839163
4844 6.275570685846906 0.3116354485761068 8.714647286152115
4845 1.704361750715419 10.29368109518066 1.164034545785493
4846 6.237488677502565 2.239378944516948 8.139663479271633
4847 6.059720715769828 2.537437818914646 8.190127772179229
4848 10.18223518306768 1.790403904346934 1.796120813967903
4849 10.11481148083639 1.853841447505601 2.121586117152449
4850 10.10498918996918 2.107542702946685 1.88985637989418
4851 1.098794355889544 10.68778374427304 0.2618219759691011
4852 10.17437896285334 2.065320599504266 1.524296315553537
4853 10.09713296975484 2.382459398104018 1.618031881479813
4854 10.15395903967383 2.294512055005914 1.339795817364471
4855 1.129429444930638 3.627326762980163 9.785700679904908
4856 0.8879583601955723 3.782518599895175 9.749012400534784
4857 3.178866634773254 9.464263299893904 3.236839854708567
4858 8.781686323857381 5.275381789699233 2.300314219155705
4859 5.915932005680595 8.586656962709714 1.222706858843389
4860 1.481129497775577 2.525675214017974 10.08124801366971
4861 1.320326966764622 2.724419426909526 10.04861049672734
4862 6.452942117746009 8.250855564189013 0.6745866320003014
4863 6.292463445066904 8.34072194538572 0.993087232580781
4864 6.440519305081179 8.192634645525603 1.279775294938876
4865 6.600997977760283 8.102768264328896 0.9612746943583969
4866 9.175674600422228 2.062731613941474 4.6583400935606
4867 9.360244570627174 1.988429335438773 4.312244792853919
4868 9.309732297020203 1.733716699624461 4.527427142276867
4869 9.054993571077269 4.962725143393049 1.859752221551328
4870 8.973550902573965 5.211134489231711 1.596727731804866
4871 9.155486965632534 4.900143772900279 1.529743610293768
4872 1.689014441862272 9.258525681790822 4.642868886945245
4873 0.3192615597993257 7.892927939162416 6.594248674582003
4874 7.898488343954617 0.3030836148751641 6.589385089389493
4875 10.450193870764 0.5776823721497828 0.8112917375396207
4876 10.45013355022731 0.811207966042735 0.5789109975046225
4877 9.513797221615384 4.215895997949858 1.38786861895697
4878 3.959187123659914 8.998102824881965 3.673550739834868
4879 0.8917044779543931 8.562024542880287 6.003849285723019
4880 1.250904374213431 8.438846313601914 6.113101427947849
4881 7.668950332056675 1.372026450790331 7.039022704350542
4882 6.980623173586336 7.734691605700389 1.296471506404931
4883 6.859128734306387 7.879304275470322 1.004121035791096
4884 9.529447428423111 1.10724325486704 4.25759000912057
4885 9.586309214325468 1.325949082941432 4.062894318518475
4886 9.669928393642511 1.085290845177944 3.944447665132243
4887 1.501058293040924 10.05891796746569 2.593969273453046
4888 0.3048209097282922 9.320019597024359 5.325686941505156
4889 0.3205850983422385 9.042595436623731 4.798771144780027
4890 0.6254060080705297 9.099683641586324 5.19131698289176
4891 0.3048209097282922 9.140215960976288 5.63520004964846
4892 0.3205850983422385 8.862791800575661 5.108284252923331
4893 2.874046694352956 9.383293163267993 3.727286758874754
4894 2.803005013761254 9.523034027021932 3.403310348189507
4895 0.6143999897664055 3.967314956570019 9.698424182886804
4896 8.303747990073377 0.9611707364965916 6.342533532359031
4897 1.435017467393592 10.15079779629552 2.264946729612172
4898 9.414050872597887 1.453200727415261 4.40717143004158
4899 9.470912658500241 1.671906555489653 4.212475739439485
4900 1.477479524040748 2.203240731313989 10.15561583342656
4901 1.7366212069672 1.956179032048962 10.16860284940921
4902 1.797217086558659 2.299699208036285 10.07996215823823
4903 0.296259879271295 10.38098686252875 2.593914260134784
4904 0.3210342639426715 9.851697031782654 2.639949965053891
4905 0.2921576468458595 10.29152324945566 2.930405608165614
4906 4.74104605149799 3.814572182821458 8.549619230046625
4907 5.136283917601588 3.047002804534722 8.633743036766091
4908 5.579502162416938 2.84580301433291 8.423204639222082
4909 5.24334972211877 2.800658217970709 8.649464311705374
4910 10.3046365093861 0.8346107555533199 1.809702730317316
4911 10.25498858877013 1.157357878190022 1.934520778361315
4912 10.31281051556938 1.122930489845361 1.57909000328586
4913 8.019766335559689 1.576145469683942 6.581101479676991
4914 4.994550002460175 3.57828035405136 8.513580941469851
4915 7.788341400482341 6.788492166143495 1.87215814193592
4916 6.325659649233558 0.8417214491168679 8.335853377389897
4917 6.465522551856878 0.5993029494277178 8.247348013681201
4918 8.625336121032806 1.256782788558266 5.854210819881748
4919 8.489915988296403 1.5597005806877 5.969476563270684
4920 8.696575042858314 1.533344164466958 5.669699709386054
4921 9.576199957299398 0.5820008910162418 4.266483665183742
4922 9.118100324302223 5.672101609529648 0.2956923407380304
4923 8.858776697991392 5.11739222122604 0.3209145821824991
4924 8.678973061943324 5.426905329369346 0.3209145821824991
4925 8.893749266279915 5.546839619218966 0.6166069229205294
4926 7.379121598670435 1.982359850640081 7.201614952669189
4927 7.213000415240788 2.29445032162013 7.268982856034397
4928 6.871403948662877 7.707606426303975 1.899444594691324
4929 6.682134186904068 7.794530867891837 2.183538354968712
4930 6.973811715508949 7.523353773525137 2.212085016971201
4931 1.553189009718599 8.274952212111968 6.266174090819653
4932 9.411359208204406 4.613245265457532 0.5484865361037665
4933 9.515755640367818 4.354283360493238 0.8199056489448826
4934 9.57498792665892 4.272163279797089 0.5407661242180635
4935 7.121102579247311 7.476651823827383 1.895028716945566
4936 0.3113933881288934 3.902763440777727 9.513953943643834
4937 0.3113933881288934 4.155994138754213 9.356537576767966
4938 0.3030066016375126 3.84446058927279 10.07966013599638
4939 0.3030066016375126 4.097691287249277 9.922243769120508
4940 0.3231235076429917 10.09314903552392 3.80549331561425
4941 0.3237157616682848 9.65752110743361 3.536829385422894
4942 0.3237416718620755 9.520838960936681 3.885197706178268
4943 6.737739412221021 8.024723976425758 0.667957618554899
4944 9.205847650684465 0.295012301119737 4.470164910958665
4945 9.633103870978418 0.2951466090654804 4.732545037037047
4946 9.793292450035516 0.2951466090654804 4.408519668665306
4947 8.781495090099487 0.8931667490346886 5.674723200185416
4948 8.892833938598006 0.6023803162540355 5.550158236802414
4949 6.942812834141101 2.31543355277021 7.522848322453839
4950 10.374739743566 0.6463648222356992 1.465883356692422
4951 10.38291374974929 0.9346845565277406 1.235270629660966
4952 5.658492474566465 8.589624142711314 2.081878023423628
4953 5.863134177273062 8.522508615165446 1.790527772001032
4954 5.948040518888168 8.381311461420005 2.128484436806673
4955 2.998630601819409 10.01463804082229 0.9314592640951227
4956 2.826415428075433 10.09093983597972 0.6497923704191315
4957 2.594407068204203 10.12833369575733 0.9250019708170156
4958 5.312356952400615 1.412652361131652 8.940723224669043
4959 2.027466982161237 2.039182004611042 10.09535953673018
4960 5.887566413012358 2.839191049908057 8.212055981900003
4961 8.617245083656394 5.718778918368644 1.809630198657969
4962 0.9172452155420665 10.41942466745421 0.8640724429843671
4963 9.361170022772864 4.102609937841831 2.381598370226385
4964 9.656178147404004 3.451432296040996 2.229800762166803
4965 2.15498415794602 10.16529928950288 1.483905676624553
4966 10.33001790302652 0.538759687452796 1.796768272140837
4967 10.26192291630102 0.5537940105323712 2.143187540771977
4968 10.23654152266059 0.8496450786328951 2.156121998948456
4969 4.931300610250581 2.904273067053218 8.802848066889609
4970 0.3237416718613418 7.203923968701165 7.203923968693173
4971 0.3116354485749656 7.683612344140845 7.429526457427271
4972 0.311301473337083 7.429117714997732 7.684021086570464
4973 6.089798434592932 8.498876338029763 0.9189025556457933
4974 6.829837121570363 8.346854519652311 0.3508449601382607
4975 0.6269996264578861 8.914344434532094 5.512208028094215
4976 0.3221787167295949 8.677452593521432 5.429175298125786
4977 6.587433579769987 7.89896168677955 0.3171126584166383
4978 10.02281478853147 2.189415919413604 2.213078192359603
4979 0.9989439411547745 9.642830728207826 4.018354636405252
4980 1.321650873220402 9.685348161985283 3.833422854710492
4981 9.790337688090393 3.716780712074463 0.7175474949094505
4982 9.657157683832013 3.537863264851726 0.3237416718620422
4983 10.02846828058427 3.958783850610442 0.3938058230474082
4984 9.528034267978427 3.870339260523526 0.3130784260207186
4985 1.409106499573051 10.30860848842446 1.400522433686984
4986 9.91665865825205 2.003668150040259 2.80809499366883
4987 9.91964548081903 2.263336898592587 2.572329106122038
4988 10.18700609785863 1.411848860621452 0.3169574024093768
4989 10.64530624806458 1.72541982381497 0.3737176273868849
4990 10.37237024391555 1.457846365902356 0.6906750297962616
4991 10.17829835297661 1.124485763291358 0.3169574024093768
4992 10.63659850318257 1.438056726484877 0.3737176273868849
4993 9.922568173202993 2.525015728294668 2.325448587841836
4994 5.864445579299652 8.669491594390735 0.7610635089530695
4995 5.558334088938181 8.875797527983593 0.7429767722155912
4996 5.982699971272499 8.907729757543045 0.3332754206589569
4997 5.433912927707196 8.665085956813311 0.4277880882941126
4998 5.103225127052209 2.587906531326002 8.795640508741997
4999 5.353709926798293 2.318731566125229 8.72772626763544
5000 5.493834521864855 2.531483252769936 8.581550070598817
5001 10.16340995748563 1.188990678226656 2.3262971634374
5002 10.09078110186441 1.550543768628201 2.4236646138263
5003 10.18235973314892 1.518910968591568 2.031888228750215
5004 8.883801180530412 5.226664929690417 1.981318453500506
5005 9.114954152311059 0.3116354485760173 5.677388905895542
5006 8.681570998309734 0.2907448676780183 5.428132678248
5007 9.293098548743407 0.3116354485760173 5.36691783531345
5008 0.3080529842567481 3.540968091955771 9.65708086505435
5009 0.6110595858942602 3.605519607748063 9.84155110429732
5010 6.790747723607435 2.03063187206572 7.744315548814224
5011 7.121253774473621 1.999147603406328 7.447501968780363
5012 7.408296224193972 7.357182979412133 1.047859373480784
5013 7.258039731176254 7.463386835156514 1.342546672890107
5014 7.512172317176341 7.21385414025022 1.325251924032594
5015 0.2175578629866789 9.479645442017716 5.054585568433616
5016 0.5381429613289164 9.259309486579681 4.920215609820221
5017 4.468082788190243 9.203294853646387 0.3477511279574302
5018 4.739987915072667 9.630251702106396 0.3061240881805146
5019 4.416495922860729 9.789210536507538 0.3061240881805146
5020 1.023960458392427 10.38871134884741 1.081530725741902
5021 1.010648325801462 10.35424816348905 1.383844692858194
5022 10.01989209614751 1.927737089711524 2.459958710639804
5023 2.493532752019414 9.753376868611905 2.977141954777635
5024 2.56823309745943 9.625859936983252 3.30028694594414
5025 6.828598572425167 0.2863263867695694 8.352772604549841
5026 6.316561802806408 0.3129765626581483 8.115679875539371
5027 6.597262794476283 0.3215143074472053 7.890193472870504
5028 9.539997415591891 3.738072313578779 2.272646560758836
5029 9.499254054642872 3.985584899157721 2.015350455604197
5030 0.3221787167295949 8.476932682569444 5.729915361171233
5031 0.3001518414229526 8.923835114984657 5.963492801793066
5032 0.6223305581525465 8.697963588540462 5.840500780238822
5033 0.3001518414229526 8.723315204032669 6.264232864838513
5034 9.060689247424799 5.147830516609417 1.271209836761321
5035 7.413529556657265 1.393226848471616 7.296127493474951
5036 9.416301675583293 4.296379574986033 1.726172581037783
5037 0.8525306706293262 3.45032777083305 9.878239383667445
5038 4.281298025872303 1.197656886235747 9.505363380496261
5039 3.953821369106036 1.139424583531195 9.657646998621708
5040 4.033407311646973 1.397287272821049 9.592836113178258
5041 9.626063492874319 4.758327772664122 0.2276876981973449
5042 9.207185941792996 4.464566603974887 0.3207988379064217
5043 9.785022327275463 4.434835780452184 0.2276876981973449
5044 9.690824900265074 1.386559557145856 3.787152307312458
5045 9.797434982793632 1.082833113137708 3.607246821807546
5046 9.854589227928441 1.242579958623848 3.398557078594954
5047 3.36901935924373 1.589076563200502 9.810043436011165
5048 3.03193177729176 1.527636321818143 9.932941353980553
5049 6.175223518442072 0.6246120112342551 8.468602188451893
5050 5.982410427814499 0.8885715155574607 8.576487996198054
5051 7.019797412744108 7.636091042381453 1.601682470555025
5052 9.370814660247511 4.123484618314444 0.3130784260207186
5053 9.752698689745186 3.340606626452825 1.973847288848643
5054 9.782276998349264 3.089110808693506 2.230080159353394
5055 8.402977792754868 1.274734453974324 6.155163694007232
5056 9.877898948984233 3.013345240624356 1.891187093219541
5057 9.89675716676275 2.759065528904326 2.142957864083281
5058 6.053832949642953 0.3129765626581483 8.256300382370949
5059 5.730153016971022 0.8965185349387524 8.748316302442085
5060 2.748003198337365 9.757723322454874 2.722660041170641
5061 2.826275019092819 9.639358177087153 3.053414267904317
5062 0.6723273995998023 9.563776265875518 4.280562045327994
5063 1.072878656958541 9.490398206824526 4.342583114609601
5064 9.697515501387761 3.677731269909973 1.598769561032825
5065 9.793409393430899 3.586065746458974 1.200938955331664
5066 9.782514420866409 3.40229859613386 1.692319710636414
5067 9.878408312909549 3.310633072682861 1.294489104935253
5068 10.0888565989214 2.73998495095848 0.9591069746960101
5069 10.06565041311246 2.90736700327382 0.6721676375236005
5070 9.975277405927311 3.10388376416298 0.9717635997392127
5071 9.964229978250536 3.241930866278464 0.6353771204381503
5072 9.873856971065386 3.438447627167624 0.9349730826537624
5073 10.01495856831714 2.464332614570937 1.941253693945237
5074 8.161964310512218 6.415131217143464 1.536782282391897
5075 8.912705381488866 0.3351574192649482 5.9774315963737
5076 8.71203251551306 0.3351574192649482 6.276839981227024
5077 8.690585167775815 0.6259022869429666 5.850200927280572
5078 8.480898132333927 0.2907448676780183 5.727541063101324
5079 6.61649812907322 2.339871371462643 7.803646858803116
5080 7.204487690719632 0.3112113911375099 7.204487690719635
5081 7.689175266858193 0.2753425949891767 7.426419178549295
5082 7.432235219426797 0.2955370208146665 7.6822936156537
5083 8.789598967073548 5.528564897081317 1.512898570142255
5084 8.605358184196312 5.8122494181906 1.536797594713646
5085 8.801485866533628 5.435094397259362 1.785731174086578
5086 1.245449499045704 2.342746248858095 10.15865262363068
5087 1.084646968034749 2.541490461749647 10.12601510668831
5088 0.3096336383454099 10.12943053666724 1.788090702671359
5089 5.38834438499757 8.947990668619589 1.042739044544303
5090 5.690579150387314 8.757272219070684 1.064867812150665
5091 10.65167192660798 0.3073899164535108 1.711875739341165
5092 10.18300991896568 0.3389749057821884 1.433429935885322
5093 10.17430217408367 0.3389749057821884 1.146066838555228
5094 10.64296418172597 0.3073899164535108 1.424512642011072
5095 5.751656465174408 2.544049783339499 8.401276429501308
5096 10.12409877293075 3.731147429208434 0.2534710685439464
5097 9.885968180436873 3.489144290672456 0.5772127404059886
5098 3.87200561908783 9.526325627652973 0.327207502981417
5099 3.538223709786171 9.658187776272879 0.3064588624836312
5100 3.683365505062833 9.814087729819629 0.5560734868159265
5101 3.925008198664382 10.05118822987263 0.2496146243322952
5102 4.017147414364493 9.682225581199724 0.5768221273137122
5103 9.596749600674963 3.905101322121546 1.677046493523383
5104 9.626401036573027 0.8400991084803819 4.100655887613122
5105 5.276667909262668 1.721720744205072 8.912010122156731
5106 5.199509467575217 1.444463353196988 9.001985795382829
5107 7.359344897679457 7.303947616602444 1.635892919280648
5108 0.6975858157089438 10.41492378878326 1.133108764801421
5109 8.488251838681483 0.6318765384465124 6.147981754420829
5110 8.579246319277296 0.9166887197236195 5.974765890663573
5111 10.0803731763368 2.590309375463937 1.361655887966234
5112 10.16244246225843 2.444187630500456 0.937246904094247
5113 0.618073240382059 8.489690078748261 6.146882566059375
5114 5.047097745893065 2.242643107634715 8.927750411042581
5115 0.3205850983422385 9.201554271024875 4.475279152568087
5116 0.3485857277377279 9.781005973533809 4.42837610032835
5117 0.6691708260799654 9.40171118369463 4.617498133926896
5118 0.3485857277377278 9.622047139132665 4.75186809254029
5119 10.1546677493415 2.576954845888136 0.673347058229731
5120 8.133070694507232 6.294027365464438 0.3027105741157115
5121 8.273666728535002 6.031085443790245 0.3027105741157115
5122 8.361229854167439 6.816096189511764 0.3111489865586525
5123 8.501825888195208 6.553154267837571 0.3111489865586525
5124 8.273208318668559 6.430592265856893 0.613859560674364
5125 7.764067027617557 1.670049626745938 6.86228843663557
5126 9.151656442445482 4.660706835468813 2.179356187990921
5127 9.252149837000747 4.598125464976043 1.849347576733362
5128 9.202725023648913 4.416421543141945 2.442097612416784
5129 10.41819394187321 0.6433550698600472 1.131708306085986
5130 7.257245695278424 1.708979960007265 7.388318930276421
5131 8.259322337932787 1.548900709903132 6.284583411990711
5132 3.317132970685351 1.243279069863624 9.882766097601007
5133 3.507736307690476 1.522864336500326 9.772558017271823
5134 3.635501494678882 9.789048719147875 1.06461249386379
5135 3.836743667850321 9.738230199811351 0.7622381439164293
5136 0.6302920927124946 10.44602784768831 0.8212455928134168
5137 0.8198876953083555 10.45154396869241 0.5352633773248523
5138 8.335248052283978 6.205109245297633 1.466644287344732
5139 8.43978519493502 5.980583719321577 1.788514036301013
5140 3.181657629230786 9.981614379769731 0.6449828767420018
5141 1.063606826757934 2.94885838118257 10.01949217979567
5142 9.996100350538622 2.718612326290967 1.689482923081497
5143 4.125150976878749 9.369106019922059 0.327207502981417
5144 9.991987505903634 2.946734259478361 1.281832479892051
5145 9.969242617150755 1.194571482275069 3.049382042661563
5146 9.965610812365771 1.486096190434009 2.941530007804251
5147 8.988318924504396 5.344874098805111 0.8909014853545003
5148 3.319934731137284 9.903116009483817 1.027965890771764
5149 5.696890740554464 2.253609582117257 8.523788098272256
5150 5.954712683864017 2.266176112686819 8.343514457174749
5151 8.69665721745289 5.754948109592586 1.219388910940563
5152 8.500821041545272 6.036774944166655 1.214927845757364
5153 8.586618352284473 5.960034439613056 0.9215992576015988
5154 7.512666470677834 1.68777956232598 7.131214141152013
5155 10.1382880784262 0.2313697709992852 1.764314851333737
5156 4.726305650905926 0.8689275246773853 9.332429385706087
5157 9.757488169914565 0.8223407747430165 3.778108364648654
5158 9.71396081284508 0.577149038045454 3.934316587129533
5159 10.11798078122125 0.9508644248393212 2.619594336861657
5160 10.19111234639622 0.6115188252455606 2.449419172372714
5161 9.363264670265558 0.2868542819507614 4.144334465951898
5162 2.191985223925481 0.6390135149217456 10.24592611631557
5163 2.555007990856072 0.6385602575342952 10.16312865931753
5164 2.40896306956668 0.8512852849733243 10.17888175407052
5165 5.804328683286466 1.734095557831572 8.572656054634924
5166 6.093091438831573 1.690273147915676 8.381006560050082
5167 5.648112073707689 1.924571684153071 8.631772305076392
5168 5.933219215629699 1.978624308099851 8.432453045399605
5169 9.646162759522205 3.666404316622569 1.937014722381188
5170 8.722031111934806 6.265649667315274 0.3042054856748894
5171 8.922551022886795 5.964909604269826 0.3042054856748894
5172 8.698199964864488 5.839647613959144 0.6251200678573885
5173 8.478453150991335 5.727645392414793 0.3209145821824991
5174 2.717423759907681 0.9177016178912226 10.09807163232723
5175 1.541043133444463 1.006692195825661 10.33219826287127
5176 0.3210342639426715 9.950907810436739 2.382002769734209
5177 0.296259879271295 10.48019764118284 2.335967064815102
5178 0.3237416718620755 9.363619353205765 4.138343063969185
5179 0.2921576468458595 10.24821883432332 3.203759633467524
5180 0.3210342639426715 9.808392616650305 2.913303990355801
5181 5.304931259951518 1.989693668161043 8.835710474439576
5182 9.871248672853351 4.21192920840136 0.3938058230474082
5183 0.7886411843193166 10.71373196357514 0.2618219759691011
5184 0.8257894632926944 10.20628683666299 0.2734414013557513
5185 0.5156362917224668 10.23223505596509 0.2734414013557513
5186 7.135349246863665 7.63232421939801 1.00636883959197
5187 7.013854807583717 7.776936889167942 0.7140183689781348
5188 5.738954300575331 8.466209219522565 0.3237416718620407
5189 8.254245288855987 6.380265215362831 1.17051027786858
5190 3.502961758548662 9.870092348431257 0.7414895034186435
5191 9.317885024722967 4.353123449405302 2.108224649744804
5192 7.870951628455064 6.62215276270609 0.2920362666281194
5193 8.011089252616388 6.758717663098545 0.6031852531867719
5194 1.822093252618369 0.6353771204381119 10.32034386188173
5195 10.26750415058312 1.850224540615602 1.126600582690876
5196 10.31091094273693 1.83430323031796 0.7391029967419401
5197 10.24708422740361 2.07941599611725 0.9421000845018099
5198 4.400586459663742 1.439170584564551 9.417607461576406
5199 4.715307207074753 1.525419789516161 9.256592416850742
5200 0.3237416718613419 7.425611373816835 7.036344456830776
5201 0.3116354485749657 7.905299749256516 7.261946945564873
5202 0.3237416718613418 7.036353334693382 7.425612393509002
5203 0.311301473337083 7.261547080989949 7.905709511386293
5204 10.68641838003317 0.3043801640778588 1.090337591404636
5205 10.20630210297445 0.273302208071924 0.825650270008863
5206 10.23225032227656 0.273302208071924 0.5154970984386376
5207 10.71236659933527 0.3043801640778588 0.7801844198344102
5208 10.47243263795506 0.5364645464025293 0.5364645464025295
5209 10.68635805949648 1.090253819907751 0.3056087894326985
5210 10.27110907930074 1.373598229889212 1.665200069233955
5211 2.292862792085473 10.48865281833802 0.286798773712949
5212 2.548390888087711 10.38041383812267 0.286798773712949
5213 2.495999744005569 10.17903454273177 0.59806712987371
5214 2.638487757956055 9.841117484030763 0.311268356160761
5215 2.382959661953817 9.949356464246108 0.311268356160761
5216 2.018179563777427 10.03214749266973 0.3197528005578882
5217 1.964319585445371 10.55314947228997 0.2632482591427402
5218 10.20630210297445 0.8256502700088635 0.273302208071924
5219 10.23225032227656 0.5154970984386373 0.273302208071924
5220 10.71230627879858 0.7801006483375246 0.3056087894326985
5221 0.5305773608778463 10.47343669477041 0.5208318559732438
5222 8.808238830032904 5.634561283938674 0.9229097211963531
5223 8.880609152953307 5.43751770174298 1.303218072603174
5224 6.215995209268247 1.95182713992998 8.228602067496491
5225 7.285605739881383 7.526120363653627 0.7116815401826473
5226 10.06889540389501 1.305554226912531 2.675835242802521
5227 7.6950545473909 6.951771693699153 1.599619142905443
5228 7.816767234578075 6.889484152447766 1.261697888638407
5229 7.910054087669517 6.726204624892107 1.534236887668884
5230 2.878806572157574 10.29231913137062 0.3385240142583705
5231 4.95815876963643 1.601036276097575 9.111404263556489
5232 0.3568506913567425 10.68226762326895 1.100152253394604
5233 0.3568506913567425 10.70821584257105 0.7899990818243789
5234 0.2734414013557533 10.23223505596509 0.5156362917224648
5235 0.2734414013557533 10.20628683666299 0.8257894632926903
5236 10.09877796276477 0.5953302243273191 2.804125469100265
5237 10.24943110978248 0.3062356386148445 3.194826644119242
5238 9.825666062052855 0.2890945857124745 2.852371822353859
5239 9.865928607387891 0.2890945857124745 2.578196977927962
5240 10.28969365511752 0.3062356386148445 2.920651799693346
5241 0.4993308498888076 10.73562468965315 0.2473904546174925
5242 0.3237157616682848 9.698654785722661 3.268592579230978
5243 7.01387016352399 0.6170513282618718 7.786125916628459
5244 9.998006398178108 1.682747547995854 2.712129339616026
5245 8.407616231668953 6.219828169888194 0.9002446479463666
5246 8.493413542408156 6.143087665334596 0.6069160597906009
5247 10.31439132137331 1.629169855346936 1.041935068502708
5248 10.32893100609999 1.339170841544551 1.3097692941585
5249 10.04969258543852 0.9500200264005292 2.86036637504113
5250 1.402298716414897 1.233708881140158 10.32803333100763
5251 1.246361856011003 0.9406153749813613 10.38014473317225
5252 0.323741671862074 6.762831643121432 7.679403434696852
5253 10.2709845292195 1.645091165644578 1.429432654451644
5254 9.907714680105457 3.07503721030539 1.609659515007313
5255 2.554988086761915 1.263783289986133 10.10318979954795
5256 0.3458461310575736 2.586561582116479 10.36821073382107
5257 0.2998460438931901 2.948193985618155 10.27398769904113
5258 0.65134184054358 2.533122611287003 10.16748172802266
5259 0.6053417533791965 2.894755014788679 10.07325869324272
5260 0.3054957094860067 2.637439931208711 9.84176777362326
5261 4.993847812774377 1.291967893024156 9.1401173660688
5262 4.648477173889073 1.239540197979249 9.330134728894407
5263 4.88982787182786 1.082967275078663 9.220716260720749
5264 10.37215591868083 2.610950299995429 0.3128148692822385
5265 10.47441676542993 2.353820367958667 0.3128148692822385
5266 9.941616977150421 2.40359792237699 0.3605321889474924
5267 9.839356130401315 2.660727854413753 0.3605321889474924
5268 0.3192615597993257 7.679878167966771 6.762712456851686
5269 1.171950315436693 1.689783308289574 10.29608258115057
5270 1.424032837013374 1.423914748324655 10.300146253019
5271 1.444897472271676 1.565654261949377 10.27602318883823
5272 10.28313858245179 2.941362457381113 0.3116354485761081
5273 7.264664585419014 0.2955370208146665 7.903982040469527
5274 7.03691705671185 0.3112113911375099 7.426176115535462
5275 0.8329774314512884 3.088993473315451 9.996879351597554
5276 0.3116354485761076 6.991795942019147 8.142224626189405
5277 7.910863691674024 0.2753425949891767 7.258848544541511
5278 7.426176115535462 0.3112113911375099 7.03691705671185
5279 3.705256490556518 1.278140192190023 9.737042113082495
5280 4.178153556455301 9.893968622141713 0.2496146243322952
5281 0.6078990281499378 3.253768089814583 9.962225226007948
5282 0.2571359595220942 10.73562468965315 0.489585344984206
5283 1.446833840075591 0.311635448576093 10.63908376640826
5284 1.734196937405686 0.311635448576093 10.64779151129028
5285 1.208284351335335 0.3376151721827149 10.16654020228873
5286 1.495647448665429 0.3376151721827149 10.17524794717075
5287 1.550422067537042 0.649250620758808 10.36309735645337
5288 0.272744842941872 1.668716604672918 10.66028966247922
5289 0.272744842941872 1.91891680042274 10.55980598140157
5290 0.5964865148039116 1.756612919885601 10.33284201307067
5291 0.3237416718620399 2.017518829496577 10.03201077152146
5292 0.3237416718620399 1.767318633746755 10.13249445259911
5293 10.23930951448668 2.212183211504929 0.6782002386372938
5294 10.03900002404179 0.2313697709992852 2.014835414290464
5295 10.55238387222358 0.3073899164535108 1.962396302297893
5296 9.976021042278239 0.6407605189721961 3.204004684365829
5297 9.895571073990467 0.8853119748467354 3.393020351986263
5298 0.2998460438931901 3.223970666078578 10.23970328717234
5299 0.3054957094860067 2.913216611669133 9.807483361754462
5300 9.8556242611114 0.6248196364520443 3.563881894827372
5301 9.520681037141426 0.2868542819507614 3.891103767975411
5302 10.08846967245706 0.2902947560946927 3.823121892634611
5303 9.662344485407747 0.3345248803573516 3.520669075673249
5304 6.765682187472892 0.3215143074472053 7.677138603174065
5305 1.129351559579913 1.357837927480355 10.34809272331997
5306 0.3096336383454099 10.03075249590184 2.03877471828467
5307 10.73460536652633 0.2631623383306053 0.505357228697319
5308 3.305210530254417 0.6495670477699389 9.941355640029208
5309 3.103755216324368 0.9314820912536546 9.981214063329666
5310 3.5185882846154 0.9613640263799081 9.842907674300548
5311 0.8359711486858423 2.754619922655797 10.09587152144084
5312 6.997017965421777 0.2863263867695694 8.139717734853402
5313 7.685433474258179 0.3030836148751641 6.757804482386105
5314 10.73460536652633 0.5053572286973187 0.2631623383306055
5315 7.029435282455283 7.436882378187541 0.3147758296211509
5316 7.205949734907431 7.224129913661622 0.3147758296211509
5317 7.276203287320691 7.887804649316802 0.3969057105614964
5318 7.452717739772838 7.675052184790884 0.3969057105614964
5319 7.527222272954001 7.291316565001013 0.6264112781961475
5320 7.63109836593637 7.1479877258391 0.9038038287479577
5321 8.119837375855591 6.591029311331529 0.8841251905965779
5322 0.307790939416591 8.142145077250513 6.99222452833177
5323 8.062625910778927 6.609912711726915 1.242505712503371
5324 2.9244237388545 1.211569857123046 10.00869677278267
5325 2.774661915409753 1.451747421782343 10.01630187395884
5326 4.391465550025585 0.8429890800504097 9.495436412410257
5327 4.063988893259319 0.7847567773458577 9.647720030535705
5328 10.24288423541445 3.215533745965943 0.3116354485761081
5329 9.799101783363984 2.934899142998582 0.3605321889474924
5330 2.609817200464855 0.3152718430597268 10.36465110443113
5331 2.636069692429404 0.3232884144745685 9.840974334308065
5332 2.896755237377548 0.6376138520218317 10.07058892287423
5333 2.951564446986332 0.3143254375472632 10.27211136798783
5334 10.38202803874897 0.322424239533086 2.565945502965794
5335 3.15457969677693 10.25804291779953 0.3385240142583705
5336 3.269503083730766 9.69751581424968 0.3064588624836312
5337 2.914260882575412 9.806841270459673 0.311268356160761
5338 0.3099474681778905 10.54891673332954 1.986657280500437
5339 0.308052984256748 3.272229686695038 9.696449894519684
5340 0.3030066016375125 3.575722184012057 10.11902916546171
5341 10.12554679668001 1.788305725037056 0.3653853693550553
5342 2.662496125199175 1.57984975468123 10.02743438074583
5343 0.9000176598924861 2.319993150380852 10.19762531327012
5344 4.139106499098314 0.2973499698474527 9.36487871394899
5345 4.26164486032491 0.6086514431817309 9.576658546858006
5346 8.142224626189414 0.3116354485761065 6.991795942019137
5347 3.63383874684602 0.6212932136128302 9.831008636505249
5348 3.475883826094806 10.14652088646106 0.4350306409350123
5349 3.744604452150211 10.10719284848425 0.4350306409350123
5350 7.000087891957994 8.135591736574618 0.3508449601382607
5351 6.757684350157618 7.687698903701856 0.3171126584166383
5352 10.48428888549807 0.322424239533086 2.308815570929033
5353 1.419225876299346 1.874311085347225 10.23048387379169
5354 0.3458461310575736 2.331033486114244 10.47644971403641
5355 0.3054957094860066 2.381911835206475 9.950006753838604
5356 0.3231235076429917 10.13428271381297 3.537256509422334
5357 3.767153163164919 0.8226484177210807 9.763512559839763
5358 7.76820891889802 7.036104636885266 0.6036717152031159
5359 7.953877787539724 6.777601063493931 0.9615657750935649
5360 0.9567659943314291 1.862553058087584 10.2853810964312
5361 1.187195851304302 2.013816602891331 10.23352066399581
5362 0.6695878029196132 2.168729605577104 10.24948574570551
5363 2.35428910446262 0.3152718430597268 10.47289008464647
5364 2.380541596427168 0.3232884144745685 9.94921331452341
5365 2.911846372889826 0.3232884144745685 9.806689922439269
5366 3.227341127446754 0.3143254375472632 10.23782695611903
5367 3.82470774929909 0.2860516033901545 10.08811092312974
5368 3.589040071027427 0.3352416102226756 9.638087610128917
5369 3.320301665766694 0.3352416102226756 9.677456639594249
5370 3.555969344038357 0.2860516033901545 10.12747995259507
5371 1.081443218160899 0.2910553909962988 10.68801234691675
5372 1.18503144562235 0.6286705631790137 10.41202593696185
5373 9.942241935006379 4.181690422661267 0.2276876981973449
5374 0.5771539871249284 1.464139060198022 10.38046410068061
5375 0.3044091441830566 1.474844774059176 10.18011654020905
5376 7.694334272845456 7.44024838613827 0.3116354485749966
5377 7.418702199433351 7.047615461209473 0.3147758296211509
5378 7.907086737371376 7.263733933686121 0.3116354485749966
5379 9.69768134850206 3.269463006003226 0.3237416718620422
5380 0.3485857277377279 9.938225581264724 4.175230742537432
5381 6.538299539010362 0.3116354485761068 8.574026779320535
5382 4.155678132683581 0.3113014733342783 9.949553362786554
5383 10.54601819368018 1.975940386771698 0.3737176273868849
5384 10.0262587422956 2.038826287993783 0.3653853693550553
5385 0.2727448429418719 1.381353507342824 10.6515819175972
5386 0.3044091441830566 1.187481676729082 10.17140879532704
5387 7.65968884537737 6.792403533093725 0.2920362666281194
5388 8.149967071089744 6.986346959899399 0.3111489865586525
5389 10.16462243760079 3.462747170359934 0.2534710685439464
5390 0.8116708359091753 1.583843170087591 10.34354349779003
5391 2.017518829496577 0.3237416718620189 10.03201077152146
5392 1.984397133155507 0.311635448576093 10.54730783021263
5393 3.930674476940419 0.5834015732376072 9.715216107201192
5394 3.885875801121827 0.2973499698474527 9.522295080824858
5395 0.8948347107956662 1.238133817590786 10.38501332621055
5396 0.6160445927591669 1.173361818508011 10.41486814894886
5397 0.3116354485761104 1.090576265652813 10.68598596586545
5398 0.3116354485761103 0.7804230940825855 10.71193418516755
5399 0.3448674590391356 0.9275796993057805 10.19522225790393
5400 0.3448674590391356 0.6174265277355531 10.22117047720603
5401 0.6565029076152459 0.9134598410847101 10.43868161152575
5402 9.968189454136997 0.2890945857124745 2.321067045891201
5403 1.767318633746755 0.3237416718620189 10.13249445259911
5404 9.950708816911384 0.2951466090654804 4.15528897068882
5405 9.702909141566325 0.3345248803573516 3.252251037619422
5406 10.12903432861564 0.2902947560946927 3.554703854580785
5407 0.2421948903667146 10.49442305084783 0.2421948903667135
5408 0.3584285742599942 0.4636438038899324 10.73105044864671
5409 0.7032960332991298 0.5966805508920572 10.45779787500491
5410 0.8739626152630928 0.6662870283651376 10.44070799257705
5411 0.9352930256517453 0.9782318401674852 10.40882678878744
5412 10.49442305084783 0.2421948903667134 0.2421948903667135
5413 0.6006234646267083 0.2214489135232183 10.73105044864671
5414 0.9107766361969361 0.2214489135232183 10.70510222934461
5415 0.5870623494058498 0.3752316373688389 10.22117047720603
5416 0.8972155209760773 0.3752316373688389 10.19522225790393
5417 0.2421948903667142 0.2421948903667142 10.49442305084783
5418 0.8212337454390963 9.39783166428748 4.588598456029479
5419 5.56985823459654 1.110105027952817 8.823559011478096
5420 3.835887128780931 1.642011417131352 9.628352017367586
5421 8.534341640436995 0.9719706072811587 6.027426683639003
5422 7.479713368321606 7.167444546091556 1.660434485278781
5423 2.409974664331739 1.792612344864748 10.05412385328385
$EndNodes
$Elements
4482
1 9 2 5 1 1 532 29 689 690 53
2 9 2 5 1 123 532 1 691 689 147
3 9 2 5 1 7 672 2 692 693 30
4 9 2 5 1 2 672 76 693 694 100
5 9 2 5 1 54 671 3 695 696 77
6 9 2 5 1 3 671 101 696 697 124
7 9 2 5 1 8 305 7 698 699 31
8 9 2 5 1 305 672 7 700 692 699
9 9 2 5 1 9 538 8 701 702 32
10 9 2 5 1 8 538 305 702 703 698
11 9 2 5 1 10 301 9 704 705 33
12 9 2 5 1 301 538 9 706 701 705
13 9 2 5 1 11 642 10 707 708 34
14 9 2 5 1 10 642 301 708 709 704
15 9 2 5 1 12 292 11 710 711 35
16 9 2 5 1 292 642 11 712 707 711
17 9 2 5 1 13 518 12 713 714 36
18 9 2 5 1 12 518 292 714 715 710
19 9 2 5 1 14 679 13 716 717 37
20 9 2 5 1 13 679 518 717 718 713
21 9 2 5 1 15 286 14 719 720 38
22 9 2 5 1 286 679 14 721 716 720
23 9 2 5 1 16 598 15 722 723 39
24 9 2 5 1 15 598 286 723 724 719
25 9 2 5 1 17 553 16 725 726 40
26 9 2 5 1 553 598 16 727 722 726
27 9 2 5 1 18 280 17 728 729 41
28 9 2 5 1 280 553 17 730 725 729
29 9 2 5 1 19 308 18 731 732 42
30 9 2 5 1 18 308 280 732 733 728
31 9 2 5 1 20 302 19 734 735 43
32 9 2 5 1 302 308 19 736 731 735
33 9 2 5 1 21 593 20 737 738 44
34 9 2 5 1 20 593 302 738 739 734
35 9 2 5 1 22 285 21 740 741 45
36 9 2 5 1 285 593 21 742 737 741
37 9 2 5 1 23 522 22 743 744 46
38 9 2 5 1 22 522 285 744 745 740
39 9 2 5 1 24 526 23 746 747 47
40 9 2 5 1 23 526 522 747 748 743
41 9 2 5 1 25 293 24 749 750 48
42 9 2 5 1 293 526 24 751 746 750
43 9 2 5 1 26 545 25 752 753 49
44 9 2 5 1 25 545 293 753 754 749
45 9 2 5 1 27 303 26 755 756 50
46 9 2 5 1 303 545 26 757 752 756
47 9 2 5 1 28 552 27 758 759 51
48 9 2 5 1 27 552 303 759 760 755
49 9 2 5 1 29 306 28 761 762 52
50 9 2 5 1 306 552 28 763 758 762
51 9 2 5 1 29 532 306 690 764 761
52 9 2 5 1 55 627 54 765 766 78
53 9 2 5 1 627 671 54 767 695 766
54 9 2 5 1 56 304 55 768 769 79
55 9 2 5 1 304 627 55 770 765 769
56 9 2 5 1 57 546 56 771 772 80
57 9 2 5 1 56 546 304 772 773 768
58 9 2 5 1 58 294 57 774 775 81
59 9 2 5 1 294 546 57 776 771 775
60 9 2 5 1 59 681 58 777 778 82
61 9 2 5 1 58 681 294 778 779 774
62 9 2 5 1 60 667 59 780 781 83
63 9 2 5 1 59 667 510 781 782 783
64 9 2 5 1 510 681 59 784 777 783
65 9 2 5 1 61 288 60 785 786 84
66 9 2 5 1 288 667 60 787 780 786
67 9 2 5 1 62 541 61 788 789 85
68 9 2 5 1 61 541 288 789 790 785
69 9 2 5 1 63 300 62 791 792 86
70 9 2 5 1 300 541 62 793 788 792
71 9 2 5 1 64 543 63 794 795 87
72 9 2 5 1 63 543 300 795 796 791
73 9 2 5 1 65 281 64 797 798 88
74 9 2 5 1 281 543 64 799 794 798
75 9 2 5 1 66 615 65 800 801 89
76 9 2 5 1 65 615 281 801 802 797
77 9 2 5 1 67 511 66 803 804 90
78 9 2 5 1 511 615 66 805 800 804
79 9 2 5 1 68 283 67 806 807 91
80 9 2 5 1 283 511 67 808 803 807
81 9 2 5 1 69 610 68 809 810 92
82 9 2 5 1 68 610 283 810 811 806
83 9 2 5 1 70 539 69 812 813 93
84 9 2 5 1 539 610 69 814 809 813
85 9 2 5 1 71 289 70 815 816 94
86 9 2 5 1 289 539 70 817 812 816
87 9 2 5 1 72 685 71 818 819 95
88 9 2 5 1 71 685 289 819 820 815
89 9 2 5 1 73 637 72 821 822 96
90 9 2 5 1 72 637 505 822 823 824
91 9 2 5 1 505 685 72 825 818 824
92 9 2 5 1 74 295 73 826 827 97
93 9 2 5 1 295 637 73 828 821 827
94 9 2 5 1 75 658 74 829 830 98
95 9 2 5 1 74 658 295 830 831 826
96 9 2 5 1 76 631 75 832 833 99
97 9 2 5 1 631 658 75 834 829 833
98 9 2 5 1 76 672 631 694 835 832
99 9 2 5 1 101 307 102 836 837 125
100 9 2 5 1 101 671 307 697 838 836
101 9 2 5 1 102 617 103 839 840 126
102 9 2 5 1 307 617 102 841 839 837
103 9 2 5 1 103 299 104 842 843 127
104 9 2 5 1 103 617 299 840 844 842
105 9 2 5 1 104 537 105 845 846 128
106 9 2 5 1 299 537 104 847 845 843
107 9 2 5 1 105 291 106 848 849 129
108 9 2 5 1 105 537 291 846 850 848
109 9 2 5 1 106 609 107 851 852 130
110 9 2 5 1 291 609 106 853 851 849
111 9 2 5 1 107 527 108 854 855 131
112 9 2 5 1 107 609 527 852 856 854
113 9 2 5 1 108 284 109 857 858 132
114 9 2 5 1 108 527 284 855 859 857
115 9 2 5 1 109 531 110 860 861 133
116 9 2 5 1 284 531 109 862 860 858
117 9 2 5 1 110 296 111 863 864 134
118 9 2 5 1 110 531 296 861 865 863
119 9 2 5 1 111 525 112 866 867 135
120 9 2 5 1 296 525 111 868 866 864
121 9 2 5 1 112 282 113 869 870 136
122 9 2 5 1 112 525 282 867 871 869
123 9 2 5 1 113 540 114 872 873 137
124 9 2 5 1 282 540 113 874 872 870
125 9 2 5 1 114 297 115 875 876 138
126 9 2 5 1 114 540 297 873 877 875
127 9 2 5 1 115 535 116 878 879 139
128 9 2 5 1 297 535 115 880 878 876
129 9 2 5 1 116 287 117 881 882 140
130 9 2 5 1 116 535 287 879 883 881
131 9 2 5 1 117 547 118 884 885 141
132 9 2 5 1 287 547 117 886 884 882
133 9 2 5 1 118 548 119 887 888 142
134 9 2 5 1 547 548 118 889 887 885
135 9 2 5 1 119 290 120 890 891 143
136 9 2 5 1 119 548 290 888 892 890
137 9 2 5 1 120 534 121 893 894 144
138 9 2 5 1 290 534 120 895 893 891
139 9 2 5 1 121 298 122 896 897 145
140 9 2 5 1 121 534 298 894 898 896
141 9 2 5 1 122 533 123 899 900 146
142 9 2 5 1 298 533 122 901 899 897
143 9 2 5 1 123 533 532 900 902 691
144 9 2 5 1 308 309 280 903 904 733
145 9 2 5 1 309 310 280 905 906 904
146 9 2 5 1 310 553 280 907 730 906
147 9 2 5 1 499 543 281 908 799 909
148 9 2 5 1 281 544 499 910 911 909
149 9 2 5 1 281 615 544 802 912 910
150 9 2 5 1 525 680 282 913 914 871
151 9 2 5 1 282 677 540 915 916 874
152 9 2 5 1 282 680 677 914 917 915
153 9 2 5 1 508 511 283 918 808 919
154 9 2 5 1 283 554 508 920 921 919
155 9 2 5 1 283 610 554 811 922 920
156 9 2 5 1 284 528 502 923 924 925
157 9 2 5 1 502 531 284 926 862 925
158 9 2 5 1 527 528 284 927 923 859
159 9 2 5 1 522 523 285 928 929 745
160 9 2 5 1 523 524 285 930 931 929
161 9 2 5 1 524 593 285 932 742 931
162 9 2 5 1 286 668 519 933 934 935
163 9 2 5 1 519 679 286 936 721 935
164 9 2 5 1 598 652 286 937 938 724
165 9 2 5 1 652 668 286 939 933 938
166 9 2 5 1 535 641 287 940 941 883
167 9 2 5 1 287 666 547 942 943 886
168 9 2 5 1 641 666 287 944 942 941
169 9 2 5 1 541 648 288 945 946 790
170 9 2 5 1 288 648 639 946 947 948
171 9 2 5 1 639 667 288 949 787 948
172 9 2 5 1 289 625 539 950 951 817
173 9 2 5 1 289 664 625 952 953 950
174 9 2 5 1 289 685 664 820 954 952
175 9 2 5 1 290 550 534 955 956 895
176 9 2 5 1 548 549 290 957 958 892
177 9 2 5 1 549 550 290 959 955 958
178 9 2 5 1 537 678 291 960 961 850
179 9 2 5 1 291 656 609 962 963 853
180 9 2 5 1 291 678 656 961 964 962
181 9 2 5 1 292 518 514 715 965 966
182 9 2 5 1 514 520 292 967 968 966
183 9 2 5 1 520 642 292 969 712 968
184 9 2 5 1 293 659 526 970 971 751
185 9 2 5 1 545 673 293 972 973 754
186 9 2 5 1 293 673 659 973 974 970
187 9 2 5 1 507 643 294 975 976 977
188 9 2 5 1 294 681 507 779 978 977
189 9 2 5 1 294 643 546 976 979 776
190 9 2 5 1 515 632 295 980 981 982
191 9 2 5 1 295 658 515 831 983 982
192 9 2 5 1 632 637 295 984 828 981
193 9 2 5 1 296 686 525 985 986 868
194 9 2 5 1 531 583 296 987 988 865
195 9 2 5 1 583 686 296 989 985 988
196 9 2 5 1 297 536 535 990 991 880
197 9 2 5 1 297 669 536 992 993 990
198 9 2 5 1 540 669 297 994 992 877
199 9 2 5 1 521 670 298 995 996 997
200 9 2 5 1 298 683 521 998 999 997
201 9 2 5 1 298 670 533 996 1000 901
202 9 2 5 1 534 683 298 1001 998 898
203 9 2 5 1 512 582 299 1002 1003 1004
204 9 2 5 1 299 617 512 844 1005 1004
205 9 2 5 1 299 582 537 1003 1006 847
206 9 2 5 1 300 542 541 1007 1008 793
207 9 2 5 1 300 663 542 1009 1010 1007
208 9 2 5 1 543 663 300 1011 1009 796
209 9 2 5 1 301 674 538 1012 1013 706
210 9 2 5 1 642 654 301 1014 1015 709
211 9 2 5 1 654 674 301 1016 1012 1015
212 9 2 5 1 302 596 308 1017 1018 736
213 9 2 5 1 593 604 302 1019 1020 739
214 9 2 5 1 302 604 596 1020 1021 1017
215 9 2 5 1 303 517 516 1022 1023 1024
216 9 2 5 1 516 687 303 1025 1026 1024
217 9 2 5 1 303 552 517 760 1027 1022
218 9 2 5 1 303 687 545 1026 1028 757
219 9 2 5 1 506 653 304 1029 1030 1031
220 9 2 5 1 304 662 506 1032 1033 1031
221 9 2 5 1 546 662 304 1034 1032 773
222 9 2 5 1 304 653 627 1030 1035 770
223 9 2 5 1 305 538 503 703 1036 1037
224 9 2 5 1 503 676 305 1038 1039 1037
225 9 2 5 1 631 672 305 835 700 1040
226 9 2 5 1 305 676 631 1039 1041 1040
227 9 2 5 1 532 533 306 902 1042 764
228 9 2 5 1 533 670 306 1000 1043 1042
229 9 2 5 1 306 670 552 1043 1044 763
230 9 2 5 1 307 653 617 1045 1046 841
231 9 2 5 1 627 653 307 1035 1045 1047
232 9 2 5 1 307 671 627 838 767 1047
233 9 2 5 1 308 596 309 1018 1048 903
234 9 2 5 1 309 311 310 1049 1050 905
235 9 2 5 1 309 312 311 1051 1052 1049
236 9 2 5 1 309 596 312 1048 1053 1051
237 9 2 5 1 311 374 310 1054 1055 1050
238 9 2 5 1 374 472 310 1056 1057 1055
239 9 2 5 1 472 553 310 1058 907 1057
240 9 2 5 1 312 313 311 1059 1060 1052
241 9 2 5 1 313 591 311 1061 1062 1060
242 9 2 5 1 311 591 374 1062 1063 1054
243 9 2 5 1 312 314 313 1064 1065 1059
244 9 2 5 1 312 452 314 1066 1067 1064
245 9 2 5 1 312 596 452 1053 1068 1066
246 9 2 5 1 314 315 313 1069 1070 1065
247 9 2 5 1 315 561 313 1071 1072 1070
248 9 2 5 1 561 591 313 1073 1061 1072
249 9 2 5 1 314 316 315 1074 1075 1069
250 9 2 5 1 314 587 316 1076 1077 1074
251 9 2 5 1 452 587 314 1078 1076 1067
252 9 2 5 1 316 317 315 1079 1080 1075
253 9 2 5 1 317 318 315 1081 1082 1080
254 9 2 5 1 318 561 315 1083 1071 1082
255 9 2 5 1 316 350 317 1084 1085 1079
256 9 2 5 1 316 368 350 1086 1087 1084
257 9 2 5 1 316 587 368 1077 1088 1086
258 9 2 5 1 317 319 318 1089 1090 1081
259 9 2 5 1 317 571 319 1091 1092 1089
260 9 2 5 1 350 571 317 1093 1091 1085
261 9 2 5 1 319 320 318 1094 1095 1090
262 9 2 5 1 320 349 318 1096 1097 1095
263 9 2 5 1 349 561 318 1098 1083 1097
264 9 2 5 1 319 321 320 1099 1100 1094
265 9 2 5 1 319 322 321 1101 1102 1099
266 9 2 5 1 319 571 322 1092 1103 1101
267 9 2 5 1 321 581 320 1104 1105 1100
268 9 2 5 1 320 448 349 1106 1107 1096
269 9 2 5 1 320 581 448 1105 1108 1106
270 9 2 5 1 322 323 321 1109 1110 1102
271 9 2 5 1 323 324 321 1111 1112 1110
272 9 2 5 1 324 581 321 1113 1104 1112
273 9 2 5 1 322 567 323 1114 1115 1109
274 9 2 5 1 322 602 567 1116 1117 1114
275 9 2 5 1 571 602 322 1118 1116 1103
276 9 2 5 1 323 325 324 1119 1120 1111
277 9 2 5 1 323 326 325 1121 1122 1119
278 9 2 5 1 323 567 326 1115 1123 1121
279 9 2 5 1 325 328 324 1124 1125 1120
280 9 2 5 1 328 353 324 1126 1127 1125
281 9 2 5 1 353 581 324 1128 1113 1127
282 9 2 5 1 326 327 325 1129 1130 1122
283 9 2 5 1 327 559 325 1131 1132 1130
284 9 2 5 1 325 559 328 1132 1133 1124
285 9 2 5 1 326 329 327 1134 1135 1129
286 9 2 5 1 326 595 329 1136 1137 1134
287 9 2 5 1 567 595 326 1138 1136 1123
288 9 2 5 1 329 330 327 1139 1140 1135
289 9 2 5 1 330 560 327 1141 1142 1140
290 9 2 5 1 327 560 559 1142 1143 1131
291 9 2 5 1 328 354 353 1144 1145 1126
292 9 2 5 1 328 417 354 1146 1147 1144
293 9 2 5 1 328 559 417 1133 1148 1146
294 9 2 5 1 329 331 330 1149 1150 1139
295 9 2 5 1 329 332 331 1151 1152 1149
296 9 2 5 1 329 595 332 1137 1153 1151
297 9 2 5 1 331 333 330 1154 1155 1150
298 9 2 5 1 333 334 330 1156 1157 1155
299 9 2 5 1 334 560 330 1158 1141 1157
300 9 2 5 1 332 580 331 1159 1160 1152
301 9 2 5 1 331 340 333 1161 1162 1154
302 9 2 5 1 331 580 340 1160 1163 1161
303 9 2 5 1 332 645 580 1164 1165 1159
304 9 2 5 1 595 629 332 1166 1167 1153
305 9 2 5 1 629 645 332 1168 1164 1167
306 9 2 5 1 333 335 334 1169 1170 1156
307 9 2 5 1 333 573 335 1171 1172 1169
308 9 2 5 1 340 573 333 1173 1171 1162
309 9 2 5 1 335 336 334 1174 1175 1170
310 9 2 5 1 336 453 334 1176 1177 1175
311 9 2 5 1 453 560 334 1178 1158 1177
312 9 2 5 1 335 337 336 1179 1180 1174
313 9 2 5 1 335 574 337 1181 1182 1179
314 9 2 5 1 573 574 335 1183 1181 1172
315 9 2 5 1 337 338 336 1184 1185 1180
316 9 2 5 1 338 577 336 1186 1187 1185
317 9 2 5 1 336 577 453 1187 1188 1176
318 9 2 5 1 337 339 338 1189 1190 1184
319 9 2 5 1 337 341 339 1191 1192 1189
320 9 2 5 1 337 574 341 1182 1193 1191
321 9 2 5 1 339 343 338 1194 1195 1190
322 9 2 5 1 343 344 338 1196 1197 1195
323 9 2 5 1 344 577 338 1198 1186 1197
324 9 2 5 1 341 342 339 1199 1200 1192
325 9 2 5 1 342 563 339 1201 1202 1200
326 9 2 5 1 339 563 343 1202 1203 1194
327 9 2 5 1 340 607 573 1204 1205 1173
328 9 2 5 1 580 623 340 1206 1207 1163
329 9 2 5 1 340 623 607 1207 1208 1204
330 9 2 5 1 341 345 342 1209 1210 1199
331 9 2 5 1 341 396 345 1211 1212 1209
332 9 2 5 1 341 574 396 1193 1213 1211
333 9 2 5 1 345 346 342 1214 1215 1210
334 9 2 5 1 346 351 342 1216 1217 1215
335 9 2 5 1 351 563 342 1218 1201 1217
336 9 2 5 1 343 347 344 1219 1220 1196
337 9 2 5 1 343 562 347 1221 1222 1219
338 9 2 5 1 343 563 562 1203 1223 1221
339 9 2 5 1 347 348 344 1224 1225 1220
340 9 2 5 1 348 390 344 1226 1227 1225
341 9 2 5 1 390 577 344 1228 1198 1227
342 9 2 5 1 345 575 346 1229 1230 1214
343 9 2 5 1 396 397 345 1231 1232 1212
344 9 2 5 1 397 575 345 1233 1229 1232
345 9 2 5 1 346 352 351 1234 1235 1216
346 9 2 5 1 346 384 352 1236 1237 1234
347 9 2 5 1 346 575 384 1230 1238 1236
348 9 2 5 1 347 385 348 1239 1240 1224
349 9 2 5 1 347 400 385 1241 1242 1239
350 9 2 5 1 347 562 400 1222 1243 1241
351 9 2 5 1 385 386 348 1244 1245 1240
352 9 2 5 1 386 646 348 1246 1247 1245
353 9 2 5 1 348 646 390 1247 1248 1226
354 9 2 5 1 448 480 349 1249 1250 1107
355 9 2 5 1 480 481 349 1251 1252 1250
356 9 2 5 1 481 561 349 1253 1098 1252
357 9 2 5 1 368 369 350 1254 1255 1087
358 9 2 5 1 369 445 350 1256 1257 1255
359 9 2 5 1 445 571 350 1258 1093 1257
360 9 2 5 1 352 372 351 1259 1260 1235
361 9 2 5 1 372 473 351 1261 1262 1260
362 9 2 5 1 473 563 351 1263 1218 1262
363 9 2 5 1 352 373 372 1264 1265 1259
364 9 2 5 1 352 570 373 1266 1267 1264
365 9 2 5 1 384 570 352 1268 1266 1237
366 9 2 5 1 354 355 353 1269 1270 1145
367 9 2 5 1 355 601 353 1271 1272 1270
368 9 2 5 1 353 601 581 1272 1273 1128
369 9 2 5 1 354 356 355 1274 1275 1269
370 9 2 5 1 354 569 356 1276 1277 1274
371 9 2 5 1 417 569 354 1278 1276 1147
372 9 2 5 1 356 357 355 1279 1280 1275
373 9 2 5 1 357 568 355 1281 1282 1280
374 9 2 5 1 568 601 355 1283 1271 1282
375 9 2 5 1 356 358 357 1284 1285 1279
376 9 2 5 1 356 404 358 1286 1287 1284
377 9 2 5 1 356 569 404 1277 1288 1286
378 9 2 5 1 358 359 357 1289 1290 1285
379 9 2 5 1 359 360 357 1291 1292 1290
380 9 2 5 1 360 568 357 1293 1281 1292
381 9 2 5 1 358 578 359 1294 1295 1289
382 9 2 5 1 404 405 358 1296 1297 1287
383 9 2 5 1 405 578 358 1298 1294 1297
384 9 2 5 1 359 361 360 1299 1300 1291
385 9 2 5 1 359 364 361 1301 1302 1299
386 9 2 5 1 359 578 364 1295 1303 1301
387 9 2 5 1 361 362 360 1304 1305 1300
388 9 2 5 1 362 418 360 1306 1307 1305
389 9 2 5 1 418 568 360 1308 1293 1307
390 9 2 5 1 361 363 362 1309 1310 1304
391 9 2 5 1 361 592 363 1311 1312 1309
392 9 2 5 1 364 592 361 1313 1311 1302
393 9 2 5 1 363 365 362 1314 1315 1310
394 9 2 5 1 365 576 362 1316 1317 1315
395 9 2 5 1 362 576 418 1317 1318 1306
396 9 2 5 1 363 366 365 1319 1320 1314
397 9 2 5 1 363 367 366 1321 1322 1319
398 9 2 5 1 363 592 367 1312 1323 1321
399 9 2 5 1 578 603 364 1324 1325 1303
400 9 2 5 1 364 614 592 1326 1327 1313
401 9 2 5 1 603 614 364 1328 1326 1325
402 9 2 5 1 366 392 365 1329 1330 1320
403 9 2 5 1 392 394 365 1331 1332 1330
404 9 2 5 1 394 576 365 1333 1316 1332
405 9 2 5 1 367 375 366 1334 1335 1322
406 9 2 5 1 375 585 366 1336 1337 1335
407 9 2 5 1 366 585 392 1337 1338 1329
408 9 2 5 1 367 393 375 1339 1340 1334
409 9 2 5 1 367 564 393 1341 1342 1339
410 9 2 5 1 367 592 564 1323 1343 1341
411 9 2 5 1 368 370 369 1344 1345 1254
412 9 2 5 1 368 420 370 1346 1347 1344
413 9 2 5 1 368 587 420 1088 1348 1346
414 9 2 5 1 370 371 369 1349 1350 1345
415 9 2 5 1 371 558 369 1351 1352 1350
416 9 2 5 1 369 558 445 1352 1353 1256
417 9 2 5 1 370 376 371 1354 1355 1349
418 9 2 5 1 370 556 376 1356 1357 1354
419 9 2 5 1 420 556 370 1358 1356 1347
420 9 2 5 1 376 377 371 1359 1360 1355
421 9 2 5 1 377 378 371 1361 1362 1360
422 9 2 5 1 378 558 371 1363 1351 1362
423 9 2 5 1 373 387 372 1364 1365 1265
424 9 2 5 1 387 572 372 1366 1367 1365
425 9 2 5 1 372 572 473 1367 1368 1261
426 9 2 5 1 373 402 387 1369 1370 1364
427 9 2 5 1 373 403 402 1371 1372 1369
428 9 2 5 1 373 570 403 1267 1373 1371
429 9 2 5 1 374 657 472 1374 1375 1056
430 9 2 5 1 591 628 374 1376 1377 1063
431 9 2 5 1 628 657 374 1378 1374 1377
432 9 2 5 1 393 401 375 1379 1380 1340
433 9 2 5 1 401 412 375 1381 1382 1380
434 9 2 5 1 412 585 375 1383 1336 1382
435 9 2 5 1 376 579 377 1384 1385 1359
436 9 2 5 1 556 608 376 1386 1387 1357
437 9 2 5 1 376 608 579 1387 1388 1384
438 9 2 5 1 377 379 378 1389 1390 1361
439 9 2 5 1 377 381 379 1391 1392 1389
440 9 2 5 1 377 579 381 1385 1393 1391
441 9 2 5 1 379 380 378 1394 1395 1390
442 9 2 5 1 380 399 378 1396 1397 1395
443 9 2 5 1 399 558 378 1398 1363 1397
444 9 2 5 1 379 557 380 1399 1400 1394
445 9 2 5 1 381 382 379 1401 1402 1392
446 9 2 5 1 382 557 379 1403 1399 1402
447 9 2 5 1 380 408 399 1404 1405 1396
448 9 2 5 1 380 443 408 1406 1407 1404
449 9 2 5 1 380 557 443 1400 1408 1406
450 9 2 5 1 381 383 382 1409 1410 1401
451 9 2 5 1 381 594 383 1411 1412 1409
452 9 2 5 1 579 594 381 1413 1411 1393
453 9 2 5 1 383 388 382 1414 1415 1410
454 9 2 5 1 388 389 382 1416 1417 1415
455 9 2 5 1 389 557 382 1418 1403 1417
456 9 2 5 1 383 391 388 1419 1420 1414
457 9 2 5 1 383 395 391 1421 1422 1419
458 9 2 5 1 383 594 395 1412 1423 1421
459 9 2 5 1 384 599 570 1424 1425 1268
460 9 2 5 1 575 635 384 1426 1427 1238
461 9 2 5 1 384 635 599 1427 1428 1424
462 9 2 5 1 385 406 386 1429 1430 1244
463 9 2 5 1 400 589 385 1431 1432 1242
464 9 2 5 1 385 589 406 1432 1433 1429
465 9 2 5 1 406 407 386 1434 1435 1430
466 9 2 5 1 407 633 386 1436 1437 1435
467 9 2 5 1 633 646 386 1438 1246 1437
468 9 2 5 1 402 425 387 1439 1440 1370
469 9 2 5 1 425 426 387 1441 1442 1440
470 9 2 5 1 426 572 387 1443 1366 1442
471 9 2 5 1 388 423 389 1444 1445 1416
472 9 2 5 1 391 551 388 1446 1447 1420
473 9 2 5 1 388 551 423 1447 1448 1444
474 9 2 5 1 423 424 389 1449 1450 1445
475 9 2 5 1 424 513 389 1451 1452 1450
476 9 2 5 1 513 557 389 1453 1418 1452
477 9 2 5 1 390 621 577 1454 1455 1228
478 9 2 5 1 390 634 621 1456 1457 1454
479 9 2 5 1 390 646 634 1248 1458 1456
480 9 2 5 1 395 419 391 1459 1460 1422
481 9 2 5 1 419 651 391 1461 1462 1460
482 9 2 5 1 391 651 551 1462 1463 1446
483 9 2 5 1 392 416 394 1464 1465 1331
484 9 2 5 1 392 430 416 1466 1467 1464
485 9 2 5 1 392 585 430 1338 1468 1466
486 9 2 5 1 393 413 401 1469 1470 1379
487 9 2 5 1 393 414 413 1471 1472 1469
488 9 2 5 1 393 564 414 1342 1473 1471
489 9 2 5 1 416 427 394 1474 1475 1465
490 9 2 5 1 427 444 394 1476 1477 1475
491 9 2 5 1 444 576 394 1478 1333 1477
492 9 2 5 1 395 454 419 1479 1480 1459
493 9 2 5 1 395 455 454 1481 1482 1479
494 9 2 5 1 395 594 455 1423 1483 1481
495 9 2 5 1 396 398 397 1484 1485 1231
496 9 2 5 1 396 474 398 1486 1487 1484
497 9 2 5 1 396 574 474 1213 1488 1486
498 9 2 5 1 398 409 397 1489 1490 1485
499 9 2 5 1 409 597 397 1491 1492 1490
500 9 2 5 1 397 597 575 1492 1493 1233
501 9 2 5 1 398 410 409 1494 1495 1489
502 9 2 5 1 398 566 410 1496 1497 1494
503 9 2 5 1 474 566 398 1498 1496 1487
504 9 2 5 1 408 460 399 1499 1500 1405
505 9 2 5 1 460 613 399 1501 1502 1500
506 9 2 5 1 399 613 558 1502 1503 1398
507 9 2 5 1 562 611 400 1504 1505 1243
508 9 2 5 1 400 622 589 1506 1507 1431
509 9 2 5 1 611 622 400 1508 1506 1505
510 9 2 5 1 401 415 412 1509 1510 1381
511 9 2 5 1 413 588 401 1511 1512 1470
512 9 2 5 1 401 588 415 1512 1513 1509
513 9 2 5 1 403 411 402 1514 1515 1372
514 9 2 5 1 411 584 402 1516 1517 1515
515 9 2 5 1 402 584 425 1517 1518 1439
516 9 2 5 1 403 428 411 1519 1520 1514
517 9 2 5 1 403 447 428 1521 1522 1519
518 9 2 5 1 403 570 447 1373 1523 1521
519 9 2 5 1 404 421 405 1524 1525 1296
520 9 2 5 1 404 446 421 1526 1527 1524
521 9 2 5 1 404 569 446 1288 1528 1526
522 9 2 5 1 421 422 405 1529 1530 1525
523 9 2 5 1 422 449 405 1531 1532 1530
524 9 2 5 1 449 578 405 1533 1298 1532
525 9 2 5 1 406 457 407 1534 1535 1434
526 9 2 5 1 406 459 457 1536 1537 1534
527 9 2 5 1 406 589 459 1433 1538 1536
528 9 2 5 1 457 458 407 1539 1540 1535
529 9 2 5 1 458 501 407 1541 1542 1540
530 9 2 5 1 501 633 407 1543 1436 1542
531 9 2 5 1 443 555 408 1544 1545 1407
532 9 2 5 1 408 463 460 1546 1547 1499
533 9 2 5 1 408 555 463 1545 1548 1546
534 9 2 5 1 410 431 409 1549 1550 1495
535 9 2 5 1 431 441 409 1551 1552 1550
536 9 2 5 1 441 597 409 1553 1491 1552
537 9 2 5 1 410 432 431 1554 1555 1549
538 9 2 5 1 410 433 432 1556 1557 1554
539 9 2 5 1 410 566 433 1497 1558 1556
540 9 2 5 1 428 429 411 1559 1560 1520
541 9 2 5 1 429 468 411 1561 1562 1560
542 9 2 5 1 468 584 411 1563 1516 1562
543 9 2 5 1 415 469 412 1564 1565 1510
544 9 2 5 1 469 600 412 1566 1567 1565
545 9 2 5 1 412 600 585 1567 1568 1383
546 9 2 5 1 414 482 413 1569 1570 1472
547 9 2 5 1 482 487 413 1571 1572 1570
548 9 2 5 1 487 588 413 1573 1511 1572
549 9 2 5 1 414 650 482 1574 1575 1569
550 9 2 5 1 564 619 414 1576 1577 1473
551 9 2 5 1 619 650 414 1578 1574 1577
552 9 2 5 1 415 490 469 1579 1580 1564
553 9 2 5 1 415 491 490 1581 1582 1579
554 9 2 5 1 415 588 491 1513 1583 1581
555 9 2 5 1 416 590 427 1584 1585 1474
556 9 2 5 1 430 442 416 1586 1587 1467
557 9 2 5 1 442 590 416 1588 1584 1587
558 9 2 5 1 559 605 417 1589 1590 1148
559 9 2 5 1 417 606 569 1591 1592 1278
560 9 2 5 1 605 606 417 1593 1591 1590
561 9 2 5 1 418 612 568 1594 1595 1308
562 9 2 5 1 576 620 418 1596 1597 1318
563 9 2 5 1 418 620 612 1597 1598 1594
564 9 2 5 1 454 456 419 1599 1600 1480
565 9 2 5 1 456 475 419 1601 1602 1600
566 9 2 5 1 475 651 419 1603 1461 1602
567 9 2 5 1 420 626 556 1604 1605 1358
568 9 2 5 1 587 616 420 1606 1607 1348
569 9 2 5 1 616 626 420 1608 1604 1607
570 9 2 5 1 421 655 422 1609 1610 1529
571 9 2 5 1 446 488 421 1611 1612 1527
572 9 2 5 1 488 655 421 1613 1609 1612
573 9 2 5 1 422 450 449 1614 1615 1531
574 9 2 5 1 422 660 450 1616 1617 1614
575 9 2 5 1 655 660 422 1618 1616 1610
576 9 2 5 1 423 496 424 1619 1620 1449
577 9 2 5 1 423 497 496 1621 1622 1619
578 9 2 5 1 423 551 497 1448 1623 1621
579 9 2 5 1 496 504 424 1624 1625 1620
580 9 2 5 1 504 665 424 1626 1627 1625
581 9 2 5 1 424 665 513 1627 1628 1451
582 9 2 5 1 425 462 426 1629 1630 1441
583 9 2 5 1 425 507 462 1631 1632 1629
584 9 2 5 1 425 584 507 1518 1633 1631
585 9 2 5 1 462 476 426 1634 1635 1630
586 9 2 5 1 476 477 426 1636 1637 1635
587 9 2 5 1 477 572 426 1638 1443 1637
588 9 2 5 1 427 494 444 1639 1640 1476
589 9 2 5 1 427 495 494 1641 1642 1639
590 9 2 5 1 427 590 495 1585 1643 1641
591 9 2 5 1 428 582 429 1644 1645 1559
592 9 2 5 1 447 492 428 1646 1647 1522
593 9 2 5 1 492 582 428 1648 1644 1647
594 9 2 5 1 429 506 468 1649 1650 1561
595 9 2 5 1 429 512 506 1651 1652 1649
596 9 2 5 1 429 582 512 1645 1002 1651
597 9 2 5 1 430 514 442 1653 1654 1586
598 9 2 5 1 430 600 514 1655 1656 1653
599 9 2 5 1 585 600 430 1568 1655 1468
600 9 2 5 1 432 583 431 1657 1658 1555
601 9 2 5 1 431 502 441 1659 1660 1551
602 9 2 5 1 431 583 502 1658 1661 1659
603 9 2 5 1 433 434 432 1662 1663 1557
604 9 2 5 1 434 500 432 1664 1665 1663
605 9 2 5 1 500 583 432 1666 1657 1665
606 9 2 5 1 433 435 434 1667 1668 1662
607 9 2 5 1 433 479 435 1669 1670 1667
608 9 2 5 1 433 566 479 1558 1671 1669
609 9 2 5 1 435 436 434 1672 1673 1668
610 9 2 5 1 436 565 434 1674 1675 1673
611 9 2 5 1 434 565 500 1675 1676 1664
612 9 2 5 1 435 437 436 1677 1678 1672
613 9 2 5 1 435 586 437 1679 1680 1677
614 9 2 5 1 479 586 435 1681 1679 1670
615 9 2 5 1 437 438 436 1682 1683 1678
616 9 2 5 1 438 489 436 1684 1685 1683
617 9 2 5 1 489 565 436 1686 1674 1685
618 9 2 5 1 437 439 438 1687 1688 1682
619 9 2 5 1 437 440 439 1689 1690 1687
620 9 2 5 1 437 586 440 1680 1691 1689
621 9 2 5 1 439 461 438 1692 1693 1688
622 9 2 5 1 461 630 438 1694 1695 1693
623 9 2 5 1 438 630 489 1695 1696 1684
624 9 2 5 1 440 661 439 1697 1698 1690
625 9 2 5 1 439 498 461 1699 1700 1692
626 9 2 5 1 439 661 498 1698 1701 1699
627 9 2 5 1 586 638 440 1702 1703 1691
628 9 2 5 1 638 649 440 1704 1705 1703
629 9 2 5 1 649 661 440 1706 1697 1705
630 9 2 5 1 502 528 441 924 1707 1660
631 9 2 5 1 528 529 441 1708 1709 1707
632 9 2 5 1 529 597 441 1710 1553 1709
633 9 2 5 1 514 518 442 965 1711 1654
634 9 2 5 1 518 519 442 1712 1713 1711
635 9 2 5 1 519 590 442 1714 1588 1713
636 9 2 5 1 443 557 513 1408 1453 1715
637 9 2 5 1 513 684 443 1716 1717 1715
638 9 2 5 1 443 684 555 1717 1718 1544
639 9 2 5 1 494 624 444 1719 1720 1640
640 9 2 5 1 444 620 576 1721 1596 1478
641 9 2 5 1 444 624 620 1720 1722 1721
642 9 2 5 1 558 613 445 1503 1723 1353
643 9 2 5 1 445 602 571 1724 1118 1258
644 9 2 5 1 445 613 602 1723 1725 1724
645 9 2 5 1 446 634 488 1726 1727 1611
646 9 2 5 1 569 606 446 1592 1728 1528
647 9 2 5 1 606 634 446 1729 1726 1728
648 9 2 5 1 447 493 492 1730 1731 1646
649 9 2 5 1 447 599 493 1732 1733 1730
650 9 2 5 1 570 599 447 1425 1732 1523
651 9 2 5 1 448 612 480 1734 1735 1249
652 9 2 5 1 581 601 448 1273 1736 1108
653 9 2 5 1 601 612 448 1737 1734 1736
654 9 2 5 1 450 451 449 1738 1739 1615
655 9 2 5 1 451 603 449 1740 1741 1739
656 9 2 5 1 449 603 578 1741 1324 1533
657 9 2 5 1 450 464 451 1742 1743 1738
658 9 2 5 1 450 483 464 1744 1745 1742
659 9 2 5 1 450 660 483 1617 1746 1744
660 9 2 5 1 464 465 451 1747 1748 1743
661 9 2 5 1 465 466 451 1749 1750 1748
662 9 2 5 1 466 603 451 1751 1740 1750
663 9 2 5 1 452 616 587 1752 1606 1078
664 9 2 5 1 596 604 452 1021 1753 1068
665 9 2 5 1 604 616 452 1754 1752 1753
666 9 2 5 1 453 605 560 1755 1756 1178
667 9 2 5 1 577 621 453 1455 1757 1188
668 9 2 5 1 453 621 605 1757 1758 1755
669 9 2 5 1 455 470 454 1759 1760 1482
670 9 2 5 1 454 516 456 1761 1762 1599
671 9 2 5 1 470 516 454 1763 1761 1760
672 9 2 5 1 455 484 470 1764 1765 1759
673 9 2 5 1 455 485 484 1766 1767 1764
674 9 2 5 1 455 594 485 1483 1768 1766
675 9 2 5 1 456 521 475 1769 1770 1601
676 9 2 5 1 516 517 456 1023 1771 1762
677 9 2 5 1 517 521 456 1772 1769 1771
678 9 2 5 1 457 544 458 1773 1774 1539
679 9 2 5 1 459 499 457 1775 1776 1537
680 9 2 5 1 499 544 457 911 1773 1776
681 9 2 5 1 458 675 501 1777 1778 1541
682 9 2 5 1 544 675 458 1779 1777 1774
683 9 2 5 1 459 663 499 1780 1781 1775
684 9 2 5 1 589 640 459 1782 1783 1538
685 9 2 5 1 640 663 459 1784 1780 1783
686 9 2 5 1 463 629 460 1785 1786 1547
687 9 2 5 1 460 618 613 1787 1788 1501
688 9 2 5 1 460 629 618 1786 1789 1787
689 9 2 5 1 498 665 461 1790 1791 1700
690 9 2 5 1 461 682 630 1792 1793 1694
691 9 2 5 1 665 682 461 1794 1792 1791
692 9 2 5 1 462 639 476 1795 1796 1634
693 9 2 5 1 507 510 462 1797 1798 1632
694 9 2 5 1 510 639 462 1799 1795 1798
695 9 2 5 1 555 649 463 1800 1801 1548
696 9 2 5 1 463 645 629 1802 1168 1785
697 9 2 5 1 463 649 645 1801 1803 1802
698 9 2 5 1 464 554 465 1804 1805 1747
699 9 2 5 1 483 508 464 1806 1807 1745
700 9 2 5 1 508 554 464 921 1804 1807
701 9 2 5 1 465 467 466 1808 1809 1749
702 9 2 5 1 465 471 467 1810 1811 1808
703 9 2 5 1 465 554 471 1805 1812 1810
704 9 2 5 1 467 619 466 1813 1814 1809
705 9 2 5 1 466 614 603 1815 1328 1751
706 9 2 5 1 466 619 614 1814 1816 1815
707 9 2 5 1 471 625 467 1817 1818 1811
708 9 2 5 1 467 650 619 1819 1578 1813
709 9 2 5 1 625 650 467 1820 1819 1818
710 9 2 5 1 506 662 468 1033 1821 1650
711 9 2 5 1 468 643 584 1822 1823 1563
712 9 2 5 1 468 662 643 1821 1824 1822
713 9 2 5 1 490 654 469 1825 1826 1580
714 9 2 5 1 520 600 469 1827 1566 1828
715 9 2 5 1 469 654 520 1826 1829 1828
716 9 2 5 1 484 673 470 1830 1831 1765
717 9 2 5 1 470 687 516 1832 1025 1763
718 9 2 5 1 673 687 470 1833 1832 1831
719 9 2 5 1 471 610 539 1834 814 1835
720 9 2 5 1 539 625 471 951 1817 1835
721 9 2 5 1 554 610 471 922 1834 1812
722 9 2 5 1 472 598 553 1836 727 1058
723 9 2 5 1 472 652 598 1837 937 1836
724 9 2 5 1 472 657 652 1375 1838 1837
725 9 2 5 1 562 563 473 1223 1263 1839
726 9 2 5 1 473 611 562 1840 1504 1839
727 9 2 5 1 572 611 473 1841 1840 1368
728 9 2 5 1 474 607 566 1842 1843 1498
729 9 2 5 1 474 574 573 1488 1183 1844
730 9 2 5 1 573 607 474 1205 1842 1844
731 9 2 5 1 521 683 475 999 1845 1770
732 9 2 5 1 550 651 475 1846 1603 1847
733 9 2 5 1 475 683 550 1845 1848 1847
734 9 2 5 1 476 478 477 1849 1850 1636
735 9 2 5 1 476 648 478 1851 1852 1849
736 9 2 5 1 639 648 476 947 1851 1796
737 9 2 5 1 478 622 477 1853 1854 1850
738 9 2 5 1 477 611 572 1855 1841 1638
739 9 2 5 1 477 622 611 1854 1508 1855
740 9 2 5 1 542 640 478 1856 1857 1858
741 9 2 5 1 478 648 542 1852 1859 1858
742 9 2 5 1 478 640 622 1857 1860 1853
743 9 2 5 1 566 607 479 1843 1861 1671
744 9 2 5 1 479 623 586 1862 1863 1681
745 9 2 5 1 607 623 479 1208 1862 1861
746 9 2 5 1 480 624 481 1864 1865 1251
747 9 2 5 1 612 620 480 1598 1866 1735
748 9 2 5 1 620 624 480 1722 1864 1866
749 9 2 5 1 481 591 561 1867 1073 1253
750 9 2 5 1 481 628 591 1868 1376 1867
751 9 2 5 1 624 628 481 1869 1868 1865
752 9 2 5 1 482 505 487 1870 1871 1571
753 9 2 5 1 482 664 505 1872 1873 1870
754 9 2 5 1 650 664 482 1874 1872 1575
755 9 2 5 1 483 509 508 1875 1876 1806
756 9 2 5 1 483 675 509 1877 1878 1875
757 9 2 5 1 660 675 483 1879 1877 1746
758 9 2 5 1 485 486 484 1880 1881 1767
759 9 2 5 1 486 659 484 1882 1883 1881
760 9 2 5 1 659 673 484 974 1830 1883
761 9 2 5 1 485 608 486 1884 1885 1880
762 9 2 5 1 485 594 579 1768 1413 1886
763 9 2 5 1 579 608 485 1388 1884 1886
764 9 2 5 1 608 636 486 1887 1888 1885
765 9 2 5 1 636 647 486 1889 1890 1888
766 9 2 5 1 647 659 486 1891 1882 1890
767 9 2 5 1 505 637 487 823 1892 1871
768 9 2 5 1 487 632 588 1893 1894 1573
769 9 2 5 1 487 637 632 1892 984 1893
770 9 2 5 1 488 646 633 1895 1438 1896
771 9 2 5 1 633 655 488 1897 1613 1896
772 9 2 5 1 634 646 488 1458 1895 1727
773 9 2 5 1 489 677 565 1898 1899 1686
774 9 2 5 1 630 669 489 1900 1901 1696
775 9 2 5 1 669 677 489 1902 1898 1901
776 9 2 5 1 491 503 490 1903 1904 1582
777 9 2 5 1 503 674 490 1905 1906 1904
778 9 2 5 1 490 674 654 1906 1016 1825
779 9 2 5 1 491 515 503 1907 1908 1903
780 9 2 5 1 491 632 515 1909 980 1907
781 9 2 5 1 588 632 491 1894 1909 1583
782 9 2 5 1 493 678 492 1910 1911 1731
783 9 2 5 1 492 678 582 1911 1912 1648
784 9 2 5 1 599 644 493 1913 1914 1733
785 9 2 5 1 644 656 493 1915 1916 1914
786 9 2 5 1 656 678 493 964 1910 1916
787 9 2 5 1 495 657 494 1917 1918 1642
788 9 2 5 1 494 628 624 1919 1869 1719
789 9 2 5 1 494 657 628 1918 1378 1919
790 9 2 5 1 590 668 495 1920 1921 1643
791 9 2 5 1 652 657 495 1838 1917 1922
792 9 2 5 1 495 668 652 1921 939 1922
793 9 2 5 1 497 666 496 1923 1924 1622
794 9 2 5 1 496 641 504 1925 1926 1624
795 9 2 5 1 496 666 641 1924 944 1925
796 9 2 5 1 497 551 549 1623 1927 1928
797 9 2 5 1 549 688 497 1929 1930 1928
798 9 2 5 1 497 688 666 1930 1931 1923
799 9 2 5 1 513 665 498 1628 1790 1932
800 9 2 5 1 498 684 513 1933 1716 1932
801 9 2 5 1 661 684 498 1934 1933 1701
802 9 2 5 1 499 663 543 1781 1011 908
803 9 2 5 1 565 680 500 1935 1936 1676
804 9 2 5 1 500 686 583 1937 989 1666
805 9 2 5 1 680 686 500 1938 1937 1936
806 9 2 5 1 501 655 633 1939 1897 1543
807 9 2 5 1 501 660 655 1940 1618 1939
808 9 2 5 1 501 675 660 1778 1879 1940
809 9 2 5 1 502 583 531 1661 987 926
810 9 2 5 1 515 676 503 1941 1038 1908
811 9 2 5 1 538 674 503 1013 1905 1036
812 9 2 5 1 641 682 504 1942 1943 1926
813 9 2 5 1 504 682 665 1943 1794 1626
814 9 2 5 1 664 685 505 954 825 1873
815 9 2 5 1 512 653 506 1944 1029 1652
816 9 2 5 1 507 681 510 978 784 1797
817 9 2 5 1 584 643 507 1823 975 1633
818 9 2 5 1 509 511 508 1945 918 1876
819 9 2 5 1 509 615 511 1946 805 1945
820 9 2 5 1 544 615 509 912 1946 1947
821 9 2 5 1 509 675 544 1878 1779 1947
822 9 2 5 1 510 667 639 782 949 1799
823 9 2 5 1 617 653 512 1046 1944 1005
824 9 2 5 1 514 600 520 1656 1827 967
825 9 2 5 1 658 676 515 1948 1941 983
826 9 2 5 1 517 670 521 1949 995 1772
827 9 2 5 1 552 670 517 1044 1949 1027
828 9 2 5 1 518 679 519 718 936 1712
829 9 2 5 1 519 668 590 934 1920 1714
830 9 2 5 1 520 654 642 1829 1014 969
831 9 2 5 1 522 647 523 1950 1951 928
832 9 2 5 1 526 647 522 1952 1950 748
833 9 2 5 1 523 626 524 1953 1954 930
834 9 2 5 1 523 636 626 1955 1956 1953
835 9 2 5 1 523 647 636 1951 1889 1955
836 9 2 5 1 524 604 593 1957 1019 932
837 9 2 5 1 524 616 604 1958 1754 1957
838 9 2 5 1 524 626 616 1954 1608 1958
839 9 2 5 1 525 686 680 986 1938 913
840 9 2 5 1 526 659 647 971 1891 1952
841 9 2 5 1 527 530 528 1959 1960 927
842 9 2 5 1 527 609 530 856 1961 1959
843 9 2 5 1 528 530 529 1960 1962 1708
844 9 2 5 1 530 644 529 1963 1964 1962
845 9 2 5 1 529 635 597 1965 1966 1710
846 9 2 5 1 529 644 635 1964 1967 1965
847 9 2 5 1 609 656 530 963 1968 1961
848 9 2 5 1 530 656 644 1968 1915 1963
849 9 2 5 1 550 683 534 1848 1001 956
850 9 2 5 1 536 641 535 1969 940 991
851 9 2 5 1 536 669 630 993 1900 1970
852 9 2 5 1 630 682 536 1793 1971 1970
853 9 2 5 1 536 682 641 1971 1942 1969
854 9 2 5 1 582 678 537 1912 960 1006
855 9 2 5 1 540 677 669 916 1902 994
856 9 2 5 1 542 648 541 1859 945 1008
857 9 2 5 1 542 663 640 1010 1784 1856
858 9 2 5 1 545 687 673 1028 1833 972
859 9 2 5 1 643 662 546 1824 1034 979
860 9 2 5 1 547 688 548 1972 1973 889
861 9 2 5 1 666 688 547 1931 1972 943
862 9 2 5 1 548 688 549 1973 1929 957
863 9 2 5 1 549 651 550 1974 1846 959
864 9 2 5 1 551 651 549 1463 1974 1927
865 9 2 5 1 555 661 649 1975 1706 1800
866 9 2 5 1 555 684 661 1718 1934 1975
867 9 2 5 1 556 636 608 1976 1887 1386
868 9 2 5 1 626 636 556 1956 1976 1605
869 9 2 5 1 560 605 559 1756 1589 1143
870 9 2 5 1 592 614 564 1327 1977 1343
871 9 2 5 1 614 619 564 1816 1576 1977
872 9 2 5 1 677 680 565 917 1935 1899
873 9 2 5 1 567 618 595 1978 1979 1138
874 9 2 5 1 602 618 567 1980 1978 1117
875 9 2 5 1 568 612 601 1595 1737 1283
876 9 2 5 1 597 635 575 1966 1426 1493
877 9 2 5 1 580 638 623 1981 1982 1206
878 9 2 5 1 580 645 638 1165 1983 1981
879 9 2 5 1 623 638 586 1982 1702 1863
880 9 2 5 1 622 640 589 1860 1782 1507
881 9 2 5 1 618 629 595 1789 1166 1979
882 9 2 5 1 635 644 599 1967 1913 1428
883 9 2 5 1 613 618 602 1788 1980 1725
884 9 2 5 1 605 621 606 1758 1984 1593
885 9 2 5 1 621 634 606 1457 1729 1984
886 9 2 5 1 625 664 650 953 1874 1820
887 9 2 5 1 631 676 658 1041 1948 834
888 9 2 5 1 645 649 638 1803 1704 1983
889 9 2 1 2 1 29 1995 53 2012 2013
890 9 2 1 2 148 1 1995 150 2013 2014
891 9 2 1 2 7 2 1996 30 2015 2016
892 9 2 1 2 2 151 1996 153 2017 2015
893 9 2 1 2 4 148 1995 149 2014 2018
894 9 2 1 2 173 4 1995 194 2018 2019
895 9 2 1 2 151 5 1996 152 2020 2017
896 9 2 1 2 5 154 1996 174 2021 2020
897 9 2 1 2 8 7 1991 31 2022 2023
898 9 2 1 2 1991 7 1996 2022 2016 2024
899 9 2 1 2 9 8 1997 32 2025 2026
900 9 2 1 2 8 1991 1997 2023 2027 2025
901 9 2 1 2 10 9 2006 33 2028 2029
902 9 2 1 2 9 1997 2006 2026 2030 2028
903 9 2 1 2 11 10 2010 34 2031 2032
904 9 2 1 2 2004 10 2006 2033 2029 2034
905 9 2 1 2 10 2004 2010 2033 2035 2031
906 9 2 1 2 12 11 2000 35 2036 2037
907 9 2 1 2 2000 11 2010 2036 2032 2038
908 9 2 1 2 13 12 1993 36 2039 2040
909 9 2 1 2 1993 12 2000 2039 2037 2041
910 9 2 1 2 14 13 1986 37 2042 2043
911 9 2 1 2 1986 13 1993 2042 2040 2044
912 9 2 1 2 15 14 1987 38 2045 2046
913 9 2 1 2 14 1986 1987 2043 2047 2045
914 9 2 1 2 16 15 1989 39 2048 2049
915 9 2 1 2 15 1987 1989 2046 2050 2048
916 9 2 1 2 17 16 2001 40 2051 2052
917 9 2 1 2 16 1989 2001 2049 2053 2051
918 9 2 1 2 18 17 2008 41 2054 2055
919 9 2 1 2 17 2001 2008 2052 2056 2054
920 9 2 1 2 19 18 2011 42 2057 2058
921 9 2 1 2 2003 18 2008 2059 2055 2060
922 9 2 1 2 18 2003 2011 2059 2061 2057
923 9 2 1 2 20 19 1998 43 2062 2063
924 9 2 1 2 1998 19 2011 2062 2058 2064
925 9 2 1 2 21 20 1992 44 2065 2066
926 9 2 1 2 1992 20 1998 2065 2063 2067
927 9 2 1 2 22 21 1985 45 2068 2069
928 9 2 1 2 1985 21 1992 2068 2066 2070
929 9 2 1 2 23 22 1988 46 2071 2072
930 9 2 1 2 22 1985 1988 2069 2073 2071
931 9 2 1 2 24 23 1994 47 2074 2075
932 9 2 1 2 23 1988 1994 2072 2076 2074
933 9 2 1 2 25 24 2002 48 2077 2078
934 9 2 1 2 24 1994 2002 2075 2079 2077
935 9 2 1 2 26 25 2007 49 2080 2081
936 9 2 1 2 25 2002 2007 2078 2082 2080
937 9 2 1 2 27 26 2009 50 2083 2084
938 9 2 1 2 2005 26 2007 2085 2081 2086
939 9 2 1 2 26 2005 2009 2085 2087 2083
940 9 2 1 2 28 27 1999 51 2088 2089
941 9 2 1 2 1999 27 2009 2088 2084 2090
942 9 2 1 2 29 28 1990 52 2091 2092
943 9 2 1 2 1990 28 1999 2091 2089 2093
944 9 2 1 2 29 1990 1995 2092 2094 2012
945 9 2 1 2 154 155 1991 175 2095 2096
946 9 2 1 2 154 1991 1996 2096 2024 2021
947 9 2 1 2 155 156 2006 176 2097 2098
948 9 2 1 2 1991 155 1997 2095 2099 2027
949 9 2 1 2 1997 155 2006 2099 2098 2030
950 9 2 1 2 156 157 2004 177 2100 2101
951 9 2 1 2 156 2004 2006 2101 2034 2097
952 9 2 1 2 157 158 2010 178 2102 2103
953 9 2 1 2 2004 157 2010 2100 2103 2035
954 9 2 1 2 158 159 1993 179 2104 2105
955 9 2 1 2 158 1993 2000 2105 2041 2106
956 9 2 1 2 158 2000 2010 2106 2038 2102
957 9 2 1 2 159 160 1986 180 2107 2108
958 9 2 1 2 159 1986 1993 2108 2044 2104
959 9 2 1 2 160 161 1987 181 2109 2110
960 9 2 1 2 1986 160 1987 2107 2110 2047
961 9 2 1 2 161 162 1989 182 2111 2112
962 9 2 1 2 1987 161 1989 2109 2112 2050
963 9 2 1 2 162 163 2008 183 2113 2114
964 9 2 1 2 1989 162 2001 2111 2115 2053
965 9 2 1 2 2001 162 2008 2115 2114 2056
966 9 2 1 2 163 164 2003 184 2116 2117
967 9 2 1 2 163 2003 2008 2117 2060 2113
968 9 2 1 2 164 165 2011 185 2118 2119
969 9 2 1 2 2003 164 2011 2116 2119 2061
970 9 2 1 2 165 166 1992 186 2120 2121
971 9 2 1 2 165 1992 1998 2121 2067 2122
972 9 2 1 2 165 1998 2011 2122 2064 2118
973 9 2 1 2 166 167 1985 187 2123 2124
974 9 2 1 2 166 1985 1992 2124 2070 2120
975 9 2 1 2 167 168 1988 188 2125 2126
976 9 2 1 2 1985 167 1988 2123 2126 2073
977 9 2 1 2 168 169 1994 189 2127 2128
978 9 2 1 2 1988 168 1994 2125 2128 2076
979 9 2 1 2 169 170 2007 190 2129 2130
980 9 2 1 2 1994 169 2002 2127 2131 2079
981 9 2 1 2 2002 169 2007 2131 2130 2082
982 9 2 1 2 170 171 2005 191 2132 2133
983 9 2 1 2 170 2005 2007 2133 2086 2129
984 9 2 1 2 171 172 2009 192 2134 2135
985 9 2 1 2 2005 171 2009 2132 2135 2087
986 9 2 1 2 172 173 1990 193 2136 2137
987 9 2 1 2 172 1990 1999 2137 2093 2138
988 9 2 1 2 172 1999 2009 2138 2090 2134
989 9 2 1 2 1990 173 1995 2136 2019 2094
990 9 2 3 3 2 76 2149 100 2166 2167
991 9 2 3 3 151 2 2149 153 2167 2168
992 9 2 3 3 54 3 2150 77 2169 2170
993 9 2 3 3 3 195 2150 197 2171 2169
994 9 2 3 3 5 151 2149 152 2168 2172
995 9 2 3 3 217 5 2149 238 2172 2173
996 9 2 3 3 195 6 2150 196 2174 2171
997 9 2 3 3 6 198 2150 218 2175 2174
998 9 2 3 3 55 54 2146 78 2176 2177
999 9 2 3 3 2146 54 2150 2176 2170 2178
1000 9 2 3 3 56 55 2152 79 2179 2180
1001 9 2 3 3 55 2146 2152 2177 2181 2179
1002 9 2 3 3 57 56 2161 80 2182 2183
1003 9 2 3 3 56 2152 2161 2180 2184 2182
1004 9 2 3 3 58 57 2165 81 2185 2186
1005 9 2 3 3 2159 57 2161 2187 2183 2188
1006 9 2 3 3 57 2159 2165 2187 2189 2185
1007 9 2 3 3 59 58 2153 82 2190 2191
1008 9 2 3 3 2153 58 2165 2190 2186 2192
1009 9 2 3 3 60 59 2144 83 2193 2194
1010 9 2 3 3 2144 59 2153 2193 2191 2195
1011 9 2 3 3 61 60 2140 84 2196 2197
1012 9 2 3 3 2140 60 2144 2196 2194 2198
1013 9 2 3 3 62 61 2142 85 2199 2200
1014 9 2 3 3 61 2140 2142 2197 2201 2199
1015 9 2 3 3 63 62 2148 86 2202 2203
1016 9 2 3 3 62 2142 2148 2200 2204 2202
1017 9 2 3 3 64 63 2154 87 2205 2206
1018 9 2 3 3 63 2148 2154 2203 2207 2205
1019 9 2 3 3 65 64 2162 88 2208 2209
1020 9 2 3 3 64 2154 2162 2206 2210 2208
1021 9 2 3 3 66 65 2163 89 2211 2212
1022 9 2 3 3 2157 65 2162 2213 2209 2214
1023 9 2 3 3 65 2157 2163 2213 2215 2211
1024 9 2 3 3 67 66 2155 90 2216 2217
1025 9 2 3 3 2155 66 2163 2216 2212 2218
1026 9 2 3 3 68 67 2147 91 2219 2220
1027 9 2 3 3 2147 67 2155 2219 2217 2221
1028 9 2 3 3 69 68 2141 92 2222 2223
1029 9 2 3 3 2141 68 2147 2222 2220 2224
1030 9 2 3 3 70 69 2139 93 2225 2226
1031 9 2 3 3 2139 69 2141 2225 2223 2227
1032 9 2 3 3 71 70 2143 94 2228 2229
1033 9 2 3 3 70 2139 2143 2226 2230 2228
1034 9 2 3 3 72 71 2151 95 2231 2232
1035 9 2 3 3 71 2143 2151 2229 2233 2231
1036 9 2 3 3 73 72 2164 96 2234 2235
1037 9 2 3 3 72 2151 2164 2232 2236 2234
1038 9 2 3 3 74 73 2160 97 2237 2238
1039 9 2 3 3 73 2158 2160 2239 2240 2237
1040 9 2 3 3 2158 73 2164 2239 2235 2241
1041 9 2 3 3 75 74 2156 98 2242 2243
1042 9 2 3 3 2156 74 2160 2242 2238 2244
1043 9 2 3 3 76 75 2145 99 2245 2246
1044 9 2 3 3 2145 75 2156 2245 2243 2247
1045 9 2 3 3 76 2145 2149 2246 2248 2166
1046 9 2 3 3 198 199 2146 219 2249 2250
1047 9 2 3 3 198 2146 2150 2250 2178 2175
1048 9 2 3 3 199 200 2161 220 2251 2252
1049 9 2 3 3 2146 199 2152 2249 2253 2181
1050 9 2 3 3 2152 199 2161 2253 2252 2184
1051 9 2 3 3 200 201 2159 221 2254 2255
1052 9 2 3 3 200 2159 2161 2255 2188 2251
1053 9 2 3 3 201 202 2165 222 2256 2257
1054 9 2 3 3 2159 201 2165 2254 2257 2189
1055 9 2 3 3 202 203 2144 223 2258 2259
1056 9 2 3 3 202 2144 2153 2259 2195 2260
1057 9 2 3 3 202 2153 2165 2260 2192 2256
1058 9 2 3 3 203 204 2140 224 2261 2262
1059 9 2 3 3 203 2140 2144 2262 2198 2258
1060 9 2 3 3 204 205 2142 225 2263 2264
1061 9 2 3 3 2140 204 2142 2261 2264 2201
1062 9 2 3 3 205 206 2148 226 2265 2266
1063 9 2 3 3 2142 205 2148 2263 2266 2204
1064 9 2 3 3 206 207 2162 227 2267 2268
1065 9 2 3 3 2148 206 2154 2265 2269 2207
1066 9 2 3 3 2154 206 2162 2269 2268 2210
1067 9 2 3 3 207 208 2157 228 2270 2271
1068 9 2 3 3 207 2157 2162 2271 2214 2267
1069 9 2 3 3 208 209 2163 229 2272 2273
1070 9 2 3 3 2157 208 2163 2270 2273 2215
1071 9 2 3 3 209 210 2147 230 2274 2275
1072 9 2 3 3 209 2147 2155 2275 2221 2276
1073 9 2 3 3 209 2155 2163 2276 2218 2272
1074 9 2 3 3 210 211 2141 231 2277 2278
1075 9 2 3 3 210 2141 2147 2278 2224 2274
1076 9 2 3 3 211 212 2139 232 2279 2280
1077 9 2 3 3 211 2139 2141 2280 2227 2277
1078 9 2 3 3 212 213 2143 233 2281 2282
1079 9 2 3 3 2139 212 2143 2279 2282 2230
1080 9 2 3 3 213 214 2164 234 2283 2284
1081 9 2 3 3 2143 213 2151 2281 2285 2233
1082 9 2 3 3 2151 213 2164 2285 2284 2236
1083 9 2 3 3 214 215 2158 235 2286 2287
1084 9 2 3 3 214 2158 2164 2287 2241 2283
1085 9 2 3 3 215 216 2160 236 2288 2289
1086 9 2 3 3 2158 215 2160 2286 2289 2240
1087 9 2 3 3 216 217 2145 237 2290 2291
1088 9 2 3 3 216 2145 2156 2291 2247 2292
1089 9 2 3 3 216 2156 2160 2292 2244 2288
1090 9 2 3 3 2145 217 2149 2290 2173 2248
1091 9 2 2 4 1 2303 123 2320 2321 147
1092 9 2 2 4 148 2303 1 2322 2320 150
1093 9 2 2 4 101 2304 3 2323 2324 124
1094 9 2 2 4 3 2304 195 2324 2325 197
1095 9 2 2 4 4 2303 148 2326 2322 149
1096 9 2 2 4 258 2303 4 2327 2326 279
1097 9 2 2 4 195 2304 6 2325 2328 196
1098 9 2 2 4 6 2304 239 2328 2329 259
1099 9 2 2 4 102 2299 101 2330 2331 125
1100 9 2 2 4 2299 2304 101 2332 2323 2331
1101 9 2 2 4 103 2305 102 2333 2334 126
1102 9 2 2 4 102 2305 2299 2334 2335 2330
1103 9 2 2 4 104 2314 103 2336 2337 127
1104 9 2 2 4 103 2314 2305 2337 2338 2333
1105 9 2 2 4 105 2318 104 2339 2340 128
1106 9 2 2 4 2312 2314 104 2341 2336 2342
1107 9 2 2 4 104 2318 2312 2340 2343 2342
1108 9 2 2 4 106 2308 105 2344 2345 129
1109 9 2 2 4 2308 2318 105 2346 2339 2345
1110 9 2 2 4 107 2301 106 2347 2348 130
1111 9 2 2 4 2301 2308 106 2349 2344 2348
1112 9 2 2 4 108 2295 107 2350 2351 131
1113 9 2 2 4 2295 2301 107 2352 2347 2351
1114 9 2 2 4 109 2294 108 2353 2354 132
1115 9 2 2 4 2294 2295 108 2355 2350 2354
1116 9 2 2 4 110 2297 109 2356 2357 133
1117 9 2 2 4 109 2297 2294 2357 2358 2353
1118 9 2 2 4 111 2309 110 2359 2360 134
1119 9 2 2 4 110 2309 2297 2360 2361 2356
1120 9 2 2 4 112 2316 111 2362 2363 135
1121 9 2 2 4 111 2316 2309 2363 2364 2359
1122 9 2 2 4 113 2319 112 2365 2366 136
1123 9 2 2 4 2311 2316 112 2367 2362 2368
1124 9 2 2 4 112 2319 2311 2366 2369 2368
1125 9 2 2 4 114 2306 113 2370 2371 137
1126 9 2 2 4 2306 2319 113 2372 2365 2371
1127 9 2 2 4 115 2300 114 2373 2374 138
1128 9 2 2 4 2300 2306 114 2375 2370 2374
1129 9 2 2 4 116 2293 115 2376 2377 139
1130 9 2 2 4 2293 2300 115 2378 2373 2377
1131 9 2 2 4 117 2296 116 2379 2380 140
1132 9 2 2 4 116 2296 2293 2380 2381 2376
1133 9 2 2 4 118 2302 117 2382 2383 141
1134 9 2 2 4 117 2302 2296 2383 2384 2379
1135 9 2 2 4 119 2310 118 2385 2386 142
1136 9 2 2 4 118 2310 2302 2386 2387 2382
1137 9 2 2 4 120 2315 119 2388 2389 143
1138 9 2 2 4 119 2315 2310 2389 2390 2385
1139 9 2 2 4 121 2317 120 2391 2392 144
1140 9 2 2 4 2313 2315 120 2393 2388 2394
1141 9 2 2 4 120 2317 2313 2392 2395 2394
1142 9 2 2 4 122 2307 121 2396 2397 145
1143 9 2 2 4 2307 2317 121 2398 2391 2397
1144 9 2 2 4 123 2298 122 2399 2400 146
1145 9 2 2 4 2298 2307 122 2401 2396 2400
1146 9 2 2 4 123 2303 2298 2321 2402 2399
1147 9 2 2 4 239 2299 240 2403 2404 260
1148 9 2 2 4 239 2304 2299 2329 2332 2403
1149 9 2 2 4 240 2314 241 2405 2406 261
1150 9 2 2 4 2299 2305 240 2335 2407 2404
1151 9 2 2 4 2305 2314 240 2338 2405 2407
1152 9 2 2 4 241 2312 242 2408 2409 262
1153 9 2 2 4 241 2314 2312 2406 2341 2408
1154 9 2 2 4 242 2318 243 2410 2411 263
1155 9 2 2 4 2312 2318 242 2343 2410 2409
1156 9 2 2 4 243 2301 244 2412 2413 264
1157 9 2 2 4 243 2308 2301 2414 2349 2412
1158 9 2 2 4 243 2318 2308 2411 2346 2414
1159 9 2 2 4 244 2295 245 2415 2416 265
1160 9 2 2 4 244 2301 2295 2413 2352 2415
1161 9 2 2 4 245 2294 246 2417 2418 266
1162 9 2 2 4 245 2295 2294 2416 2355 2417
1163 9 2 2 4 246 2297 247 2419 2420 267
1164 9 2 2 4 2294 2297 246 2358 2419 2418
1165 9 2 2 4 247 2316 248 2421 2422 268
1166 9 2 2 4 2297 2309 247 2361 2423 2420
1167 9 2 2 4 2309 2316 247 2364 2421 2423
1168 9 2 2 4 248 2311 249 2424 2425 269
1169 9 2 2 4 248 2316 2311 2422 2367 2424
1170 9 2 2 4 249 2319 250 2426 2427 270
1171 9 2 2 4 2311 2319 249 2369 2426 2425
1172 9 2 2 4 250 2300 251 2428 2429 271
1173 9 2 2 4 250 2306 2300 2430 2375 2428
1174 9 2 2 4 250 2319 2306 2427 2372 2430
1175 9 2 2 4 251 2293 252 2431 2432 272
1176 9 2 2 4 251 2300 2293 2429 2378 2431
1177 9 2 2 4 252 2296 253 2433 2434 273
1178 9 2 2 4 2293 2296 252 2381 2433 2432
1179 9 2 2 4 253 2302 254 2435 2436 274
1180 9 2 2 4 2296 2302 253 2384 2435 2434
1181 9 2 2 4 254 2315 255 2437 2438 275
1182 9 2 2 4 2302 2310 254 2387 2439 2436
1183 9 2 2 4 2310 2315 254 2390 2437 2439
1184 9 2 2 4 255 2313 256 2440 2441 276
1185 9 2 2 4 255 2315 2313 2438 2393 2440
1186 9 2 2 4 256 2317 257 2442 2443 277
1187 9 2 2 4 2313 2317 256 2395 2442 2441
1188 9 2 2 4 257 2298 258 2444 2445 278
1189 9 2 2 4 257 2307 2298 2446 2401 2444
1190 9 2 2 4 257 2317 2307 2443 2398 2446
1191 9 2 2 4 2298 2303 258 2402 2327 2445
1192 9 2 4 5 4 173 2470 194 2759 2760
1193 9 2 4 5 258 4 2470 279 2760 2761
1194 9 2 4 5 154 5 2745 174 2762 2763
1195 9 2 4 5 5 217 2745 238 2764 2762
1196 9 2 4 5 198 6 2746 218 2765 2766
1197 9 2 4 5 6 239 2746 259 2767 2765
1198 9 2 4 5 155 154 2708 175 2768 2769
1199 9 2 4 5 2708 154 2745 2768 2763 2770
1200 9 2 4 5 156 155 2466 176 2771 2772
1201 9 2 4 5 2466 155 2708 2771 2769 2773
1202 9 2 4 5 157 156 2677 177 2774 2775
1203 9 2 4 5 156 2466 2677 2772 2776 2774
1204 9 2 4 5 158 157 2457 178 2777 2778
1205 9 2 4 5 2457 157 2677 2777 2775 2779
1206 9 2 4 5 159 158 2623 179 2780 2781
1207 9 2 4 5 158 2457 2623 2778 2782 2780
1208 9 2 4 5 160 159 2631 180 2783 2784
1209 9 2 4 5 159 2623 2631 2781 2785 2783
1210 9 2 4 5 161 160 2452 181 2786 2787
1211 9 2 4 5 2452 160 2631 2786 2784 2788
1212 9 2 4 5 162 161 2684 182 2789 2790
1213 9 2 4 5 161 2452 2684 2787 2791 2789
1214 9 2 4 5 163 162 2644 183 2792 2793
1215 9 2 4 5 2644 162 2684 2792 2790 2794
1216 9 2 4 5 164 163 2447 184 2795 2796
1217 9 2 4 5 2447 163 2644 2795 2793 2797
1218 9 2 4 5 165 164 2471 185 2798 2799
1219 9 2 4 5 164 2447 2471 2796 2800 2798
1220 9 2 4 5 166 165 2642 186 2801 2802
1221 9 2 4 5 165 2471 2642 2799 2803 2801
1222 9 2 4 5 167 166 2453 187 2804 2805
1223 9 2 4 5 2453 166 2642 2804 2802 2806
1224 9 2 4 5 168 167 2717 188 2807 2808
1225 9 2 4 5 167 2453 2717 2805 2809 2807
1226 9 2 4 5 169 168 2620 189 2810 2811
1227 9 2 4 5 2620 168 2717 2810 2808 2812
1228 9 2 4 5 170 169 2459 190 2813 2814
1229 9 2 4 5 2459 169 2620 2813 2811 2815
1230 9 2 4 5 171 170 2632 191 2816 2817
1231 9 2 4 5 170 2459 2632 2814 2818 2816
1232 9 2 4 5 172 171 2467 192 2819 2820
1233 9 2 4 5 2467 171 2632 2819 2817 2821
1234 9 2 4 5 173 172 2738 193 2822 2823
1235 9 2 4 5 172 2467 2738 2820 2824 2822
1236 9 2 4 5 2470 173 2738 2759 2823 2825
1237 9 2 4 5 199 198 2707 219 2826 2827
1238 9 2 4 5 2707 198 2746 2826 2766 2828
1239 9 2 4 5 200 199 2465 220 2829 2830
1240 9 2 4 5 2465 199 2707 2829 2827 2831
1241 9 2 4 5 201 200 2615 221 2832 2833
1242 9 2 4 5 200 2465 2615 2830 2834 2832
1243 9 2 4 5 202 201 2458 222 2835 2836
1244 9 2 4 5 2458 201 2615 2835 2833 2837
1245 9 2 4 5 203 202 2685 223 2838 2839
1246 9 2 4 5 202 2458 2685 2836 2840 2838
1247 9 2 4 5 204 203 2633 224 2841 2842
1248 9 2 4 5 2633 203 2685 2841 2839 2843
1249 9 2 4 5 205 204 2450 225 2844 2845
1250 9 2 4 5 2450 204 2633 2844 2842 2846
1251 9 2 4 5 206 205 2715 226 2847 2848
1252 9 2 4 5 205 2450 2715 2845 2849 2847
1253 9 2 4 5 207 206 2735 227 2850 2851
1254 9 2 4 5 206 2715 2735 2848 2852 2850
1255 9 2 4 5 208 207 2449 228 2853 2854
1256 9 2 4 5 2449 207 2735 2853 2851 2855
1257 9 2 4 5 209 208 2637 229 2856 2857
1258 9 2 4 5 208 2449 2637 2854 2858 2856
1259 9 2 4 5 210 209 2464 230 2859 2860
1260 9 2 4 5 2464 209 2637 2859 2857 2861
1261 9 2 4 5 211 210 2611 231 2862 2863
1262 9 2 4 5 210 2464 2611 2860 2864 2862
1263 9 2 4 5 212 211 2455 232 2865 2866
1264 9 2 4 5 2455 211 2611 2865 2863 2867
1265 9 2 4 5 213 212 2640 233 2868 2869
1266 9 2 4 5 212 2455 2640 2866 2870 2868
1267 9 2 4 5 214 213 2701 234 2871 2872
1268 9 2 4 5 213 2640 2701 2869 2873 2871
1269 9 2 4 5 215 214 2461 235 2874 2875
1270 9 2 4 5 2461 214 2701 2874 2872 2876
1271 9 2 4 5 216 215 2635 236 2877 2878
1272 9 2 4 5 215 2461 2635 2875 2879 2877
1273 9 2 4 5 217 216 2469 237 2880 2881
1274 9 2 4 5 2469 216 2635 2880 2878 2882
1275 9 2 4 5 217 2469 2745 2881 2883 2764
1276 9 2 4 5 239 240 2468 260 2884 2885
1277 9 2 4 5 239 2468 2746 2885 2886 2767
1278 9 2 4 5 240 241 2742 261 2887 2888
1279 9 2 4 5 2468 240 2742 2884 2888 2889
1280 9 2 4 5 241 242 2460 262 2890 2891
1281 9 2 4 5 241 2460 2742 2891 2892 2887
1282 9 2 4 5 242 243 2622 263 2893 2894
1283 9 2 4 5 2460 242 2622 2890 2894 2895
1284 9 2 4 5 243 244 2621 264 2896 2897
1285 9 2 4 5 243 2621 2622 2897 2898 2893
1286 9 2 4 5 244 245 2454 265 2899 2900
1287 9 2 4 5 244 2454 2621 2900 2901 2896
1288 9 2 4 5 245 246 2720 266 2902 2903
1289 9 2 4 5 2454 245 2720 2899 2903 2904
1290 9 2 4 5 246 247 2721 267 2905 2906
1291 9 2 4 5 2720 246 2721 2902 2906 2907
1292 9 2 4 5 247 248 2448 268 2908 2909
1293 9 2 4 5 247 2448 2721 2909 2910 2905
1294 9 2 4 5 248 249 2639 269 2911 2912
1295 9 2 4 5 2448 248 2639 2908 2912 2913
1296 9 2 4 5 249 250 2462 270 2914 2915
1297 9 2 4 5 249 2462 2639 2915 2916 2911
1298 9 2 4 5 250 251 2617 271 2917 2918
1299 9 2 4 5 2462 250 2617 2914 2918 2919
1300 9 2 4 5 251 252 2451 272 2920 2921
1301 9 2 4 5 251 2451 2617 2921 2922 2917
1302 9 2 4 5 252 253 2612 273 2923 2924
1303 9 2 4 5 2451 252 2612 2920 2924 2925
1304 9 2 4 5 253 254 2641 274 2926 2927
1305 9 2 4 5 2612 253 2641 2923 2927 2928
1306 9 2 4 5 254 255 2456 275 2929 2930
1307 9 2 4 5 254 2456 2641 2930 2931 2926
1308 9 2 4 5 255 256 2618 276 2932 2933
1309 9 2 4 5 2456 255 2618 2929 2933 2934
1310 9 2 4 5 256 257 2463 277 2935 2936
1311 9 2 4 5 256 2463 2618 2936 2937 2932
1312 9 2 4 5 257 258 2739 278 2938 2939
1313 9 2 4 5 2463 257 2739 2935 2939 2940
1314 9 2 4 5 258 2470 2739 2761 2941 2938
1315 9 2 4 5 2471 2447 2472 2800 2942 2943
1316 9 2 4 5 2472 2447 2473 2942 2944 2945
1317 9 2 4 5 2473 2447 2644 2944 2797 2946
1318 9 2 4 5 2448 2639 2711 2913 2947 2948
1319 9 2 4 5 2448 2711 2713 2948 2949 2950
1320 9 2 4 5 2448 2713 2721 2950 2951 2910
1321 9 2 4 5 2637 2449 2729 2858 2952 2953
1322 9 2 4 5 2729 2449 2730 2952 2954 2955
1323 9 2 4 5 2730 2449 2735 2954 2855 2956
1324 9 2 4 5 2450 2633 2634 2846 2957 2958
1325 9 2 4 5 2450 2634 2725 2958 2959 2960
1326 9 2 4 5 2715 2450 2725 2849 2960 2961
1327 9 2 4 5 2451 2612 2751 2925 2962 2963
1328 9 2 4 5 2617 2451 2732 2922 2964 2965
1329 9 2 4 5 2732 2451 2751 2964 2963 2966
1330 9 2 4 5 2452 2631 2683 2788 2967 2968
1331 9 2 4 5 2452 2683 2696 2968 2969 2970
1332 9 2 4 5 2684 2452 2696 2791 2970 2971
1333 9 2 4 5 2453 2642 2643 2806 2972 2973
1334 9 2 4 5 2453 2643 2694 2973 2974 2975
1335 9 2 4 5 2453 2694 2717 2975 2976 2809
1336 9 2 4 5 2621 2454 2748 2901 2977 2978
1337 9 2 4 5 2454 2720 2734 2904 2979 2980
1338 9 2 4 5 2454 2734 2748 2980 2981 2977
1339 9 2 4 5 2455 2605 2607 2982 2983 2984
1340 9 2 4 5 2605 2455 2611 2982 2867 2985
1341 9 2 4 5 2455 2607 2640 2984 2986 2870
1342 9 2 4 5 2456 2618 2679 2934 2987 2988
1343 9 2 4 5 2641 2456 2710 2931 2989 2990
1344 9 2 4 5 2456 2679 2710 2988 2991 2989
1345 9 2 4 5 2623 2457 2624 2782 2992 2993
1346 9 2 4 5 2624 2457 2626 2992 2994 2995
1347 9 2 4 5 2626 2457 2677 2994 2779 2996
1348 9 2 4 5 2458 2615 2616 2837 2997 2998
1349 9 2 4 5 2458 2616 2733 2998 2999 3000
1350 9 2 4 5 2685 2458 2733 2840 3000 3001
1351 9 2 4 5 2459 2620 2728 2815 3002 3003
1352 9 2 4 5 2632 2459 2712 2818 3004 3005
1353 9 2 4 5 2712 2459 2728 3004 3003 3006
1354 9 2 4 5 2614 2460 2723 3007 3008 3009
1355 9 2 4 5 2460 2614 2742 3007 3010 2892
1356 9 2 4 5 2460 2622 2723 2895 3011 3008
1357 9 2 4 5 2635 2461 2636 2879 3012 3013
1358 9 2 4 5 2636 2461 2724 3012 3014 3015
1359 9 2 4 5 2461 2701 2724 2876 3016 3014
1360 9 2 4 5 2462 2617 2699 2919 3017 3018
1361 9 2 4 5 2639 2462 2700 2916 3019 3020
1362 9 2 4 5 2462 2699 2700 3018 3021 3019
1363 9 2 4 5 2618 2463 2619 2937 3022 3023
1364 9 2 4 5 2619 2463 2736 3022 3024 3025
1365 9 2 4 5 2736 2463 2739 3024 2940 3026
1366 9 2 4 5 2611 2464 2754 2864 3027 3028
1367 9 2 4 5 2464 2637 2638 2861 3029 3030
1368 9 2 4 5 2464 2638 2754 3030 3031 3027
1369 9 2 4 5 2600 2465 2613 3032 3033 3034
1370 9 2 4 5 2465 2600 2615 3032 3035 2834
1371 9 2 4 5 2613 2465 2707 3033 2831 3036
1372 9 2 4 5 2677 2466 2682 2776 3037 3038
1373 9 2 4 5 2682 2466 2757 3037 3039 3040
1374 9 2 4 5 2466 2708 2757 2773 3041 3039
1375 9 2 4 5 2467 2632 2749 2821 3042 3043
1376 9 2 4 5 2738 2467 2756 2824 3044 3045
1377 9 2 4 5 2467 2749 2756 3043 3046 3044
1378 9 2 4 5 2613 2468 2614 3047 3048 3049
1379 9 2 4 5 2468 2613 2707 3047 3036 3050
1380 9 2 4 5 2614 2468 2742 3048 2889 3010
1381 9 2 4 5 2468 2707 2746 3050 2828 2886
1382 9 2 4 5 2469 2635 2680 2882 3051 3052
1383 9 2 4 5 2469 2680 2708 3052 3053 3054
1384 9 2 4 5 2469 2708 2745 3054 2770 2883
1385 9 2 4 5 2470 2738 2756 2825 3045 3055
1386 9 2 4 5 2739 2470 2756 2941 3055 3056
1387 9 2 4 5 2471 2472 2647 2943 3057 3058
1388 9 2 4 5 2642 2471 2647 2803 3058 3059
1389 9 2 4 5 2472 2473 2474 2945 3060 3061
1390 9 2 4 5 2472 2474 2475 3061 3062 3063
1391 9 2 4 5 2472 2475 2647 3063 3064 3057
1392 9 2 4 5 2474 2473 2521 3060 3065 3066
1393 9 2 4 5 2521 2473 2586 3065 3067 3068
1394 9 2 4 5 2586 2473 2644 3067 2946 3069
1395 9 2 4 5 2475 2474 2476 3062 3070 3071
1396 9 2 4 5 2476 2474 2648 3070 3072 3073
1397 9 2 4 5 2474 2521 2648 3066 3074 3072
1398 9 2 4 5 2475 2476 2477 3071 3075 3076
1399 9 2 4 5 2475 2477 2692 3076 3077 3078
1400 9 2 4 5 2647 2475 2692 3064 3078 3079
1401 9 2 4 5 2477 2476 2478 3075 3080 3081
1402 9 2 4 5 2478 2476 2480 3080 3082 3083
1403 9 2 4 5 2480 2476 2648 3082 3073 3084
1404 9 2 4 5 2477 2478 2479 3081 3085 3086
1405 9 2 4 5 2477 2479 2523 3086 3087 3088
1406 9 2 4 5 2477 2523 2692 3088 3089 3077
1407 9 2 4 5 2479 2478 2650 3085 3090 3091
1408 9 2 4 5 2478 2480 2481 3083 3092 3093
1409 9 2 4 5 2478 2481 2650 3093 3094 3090
1410 9 2 4 5 2523 2479 2524 3087 3095 3096
1411 9 2 4 5 2524 2479 2525 3095 3097 3098
1412 9 2 4 5 2525 2479 2650 3097 3091 3099
1413 9 2 4 5 2481 2480 2482 3092 3100 3101
1414 9 2 4 5 2482 2480 2649 3100 3102 3103
1415 9 2 4 5 2480 2648 2649 3084 3104 3102
1416 9 2 4 5 2481 2482 2483 3101 3105 3106
1417 9 2 4 5 2481 2483 2653 3106 3107 3108
1418 9 2 4 5 2650 2481 2653 3094 3108 3109
1419 9 2 4 5 2483 2482 2484 3105 3110 3111
1420 9 2 4 5 2484 2482 2496 3110 3112 3113
1421 9 2 4 5 2496 2482 2649 3112 3103 3114
1422 9 2 4 5 2483 2484 2485 3111 3115 3116
1423 9 2 4 5 2483 2485 2486 3116 3117 3118
1424 9 2 4 5 2483 2486 2653 3118 3119 3107
1425 9 2 4 5 2485 2484 2654 3115 3120 3121
1426 9 2 4 5 2484 2496 2502 3113 3122 3123
1427 9 2 4 5 2484 2502 2654 3123 3124 3120
1428 9 2 4 5 2486 2485 2487 3117 3125 3126
1429 9 2 4 5 2487 2485 2488 3125 3127 3128
1430 9 2 4 5 2488 2485 2654 3127 3121 3129
1431 9 2 4 5 2486 2487 2661 3126 3130 3131
1432 9 2 4 5 2653 2486 2695 3119 3132 3133
1433 9 2 4 5 2486 2661 2695 3131 3134 3132
1434 9 2 4 5 2487 2488 2489 3128 3135 3136
1435 9 2 4 5 2487 2489 2490 3136 3137 3138
1436 9 2 4 5 2487 2490 2661 3138 3139 3130
1437 9 2 4 5 2489 2488 2509 3135 3140 3141
1438 9 2 4 5 2509 2488 2561 3140 3142 3143
1439 9 2 4 5 2561 2488 2654 3142 3129 3144
1440 9 2 4 5 2490 2489 2491 3137 3145 3146
1441 9 2 4 5 2491 2489 2675 3145 3147 3148
1442 9 2 4 5 2489 2509 2675 3141 3149 3147
1443 9 2 4 5 2490 2491 2492 3146 3150 3151
1444 9 2 4 5 2490 2492 2508 3151 3152 3153
1445 9 2 4 5 2490 2508 2661 3153 3154 3139
1446 9 2 4 5 2492 2491 2493 3150 3155 3156
1447 9 2 4 5 2493 2491 2494 3155 3157 3158
1448 9 2 4 5 2494 2491 2675 3157 3148 3159
1449 9 2 4 5 2492 2493 2673 3156 3160 3161
1450 9 2 4 5 2508 2492 2592 3152 3162 3163
1451 9 2 4 5 2592 2492 2673 3162 3161 3164
1452 9 2 4 5 2493 2494 2495 3158 3165 3166
1453 9 2 4 5 2493 2495 2497 3166 3167 3168
1454 9 2 4 5 2493 2497 2673 3168 3169 3160
1455 9 2 4 5 2495 2494 2499 3165 3170 3171
1456 9 2 4 5 2499 2494 2562 3170 3172 3173
1457 9 2 4 5 2562 2494 2675 3172 3159 3174
1458 9 2 4 5 2497 2495 2498 3167 3175 3176
1459 9 2 4 5 2498 2495 2662 3175 3177 3178
1460 9 2 4 5 2495 2499 2662 3171 3179 3177
1461 9 2 4 5 2502 2496 2503 3122 3180 3181
1462 9 2 4 5 2503 2496 2566 3180 3182 3183
1463 9 2 4 5 2566 2496 2649 3182 3114 3184
1464 9 2 4 5 2497 2498 2500 3176 3185 3186
1465 9 2 4 5 2497 2500 2512 3186 3187 3188
1466 9 2 4 5 2497 2512 2673 3188 3189 3169
1467 9 2 4 5 2500 2498 2501 3185 3190 3191
1468 9 2 4 5 2501 2498 2510 3190 3192 3193
1469 9 2 4 5 2510 2498 2662 3192 3178 3194
1470 9 2 4 5 2499 2562 2563 3173 3195 3196
1471 9 2 4 5 2499 2563 2591 3196 3197 3198
1472 9 2 4 5 2499 2591 2662 3198 3199 3179
1473 9 2 4 5 2500 2501 2663 3191 3200 3201
1474 9 2 4 5 2512 2500 2518 3187 3202 3203
1475 9 2 4 5 2518 2500 2663 3202 3201 3204
1476 9 2 4 5 2501 2510 2511 3193 3205 3206
1477 9 2 4 5 2501 2511 2674 3206 3207 3208
1478 9 2 4 5 2663 2501 2674 3200 3208 3209
1479 9 2 4 5 2502 2503 2504 3181 3210 3211
1480 9 2 4 5 2502 2504 2672 3211 3212 3213
1481 9 2 4 5 2654 2502 2672 3124 3213 3214
1482 9 2 4 5 2504 2503 2505 3210 3215 3216
1483 9 2 4 5 2505 2503 2668 3215 3217 3218
1484 9 2 4 5 2503 2566 2668 3183 3219 3217
1485 9 2 4 5 2504 2505 2506 3216 3220 3221
1486 9 2 4 5 2504 2506 2671 3221 3222 3223
1487 9 2 4 5 2504 2671 2672 3223 3224 3212
1488 9 2 4 5 2506 2505 2507 3220 3225 3226
1489 9 2 4 5 2507 2505 2520 3225 3227 3228
1490 9 2 4 5 2520 2505 2668 3227 3218 3229
1491 9 2 4 5 2506 2507 2515 3226 3230 3231
1492 9 2 4 5 2506 2515 2516 3231 3232 3233
1493 9 2 4 5 2506 2516 2671 3233 3234 3222
1494 9 2 4 5 2515 2507 2517 3230 3235 3236
1495 9 2 4 5 2517 2507 2750 3235 3237 3238
1496 9 2 4 5 2507 2520 2750 3228 3239 3237
1497 9 2 4 5 2508 2592 2593 3163 3240 3241
1498 9 2 4 5 2508 2593 2594 3241 3242 3243
1499 9 2 4 5 2508 2594 2661 3243 3244 3154
1500 9 2 4 5 2509 2561 2705 3143 3245 3246
1501 9 2 4 5 2675 2509 2690 3149 3247 3248
1502 9 2 4 5 2690 2509 2705 3247 3246 3249
1503 9 2 4 5 2511 2510 2513 3205 3250 3251
1504 9 2 4 5 2513 2510 2687 3250 3252 3253
1505 9 2 4 5 2510 2662 2687 3194 3254 3252
1506 9 2 4 5 2511 2513 2514 3251 3255 3256
1507 9 2 4 5 2511 2514 2522 3256 3257 3258
1508 9 2 4 5 2511 2522 2674 3258 3259 3207
1509 9 2 4 5 2512 2518 2519 3203 3260 3261
1510 9 2 4 5 2512 2519 2688 3261 3262 3263
1511 9 2 4 5 2673 2512 2688 3189 3263 3264
1512 9 2 4 5 2514 2513 2539 3255 3265 3266
1513 9 2 4 5 2539 2513 2540 3265 3267 3268
1514 9 2 4 5 2540 2513 2687 3267 3253 3269
1515 9 2 4 5 2522 2514 2538 3257 3270 3271
1516 9 2 4 5 2538 2514 2670 3270 3272 3273
1517 9 2 4 5 2514 2539 2670 3266 3274 3272
1518 9 2 4 5 2516 2515 2541 3232 3275 3276
1519 9 2 4 5 2515 2517 2676 3236 3277 3278
1520 9 2 4 5 2541 2515 2676 3275 3278 3279
1521 9 2 4 5 2516 2541 2542 3276 3280 3281
1522 9 2 4 5 2516 2542 2546 3281 3282 3283
1523 9 2 4 5 2516 2546 2671 3283 3284 3234
1524 9 2 4 5 2629 2517 2630 3285 3286 3287
1525 9 2 4 5 2517 2629 2686 3285 3288 3289
1526 9 2 4 5 2630 2517 2750 3286 3238 3290
1527 9 2 4 5 2676 2517 2686 3277 3289 3291
1528 9 2 4 5 2519 2518 2549 3260 3292 3293
1529 9 2 4 5 2549 2518 2567 3292 3294 3295
1530 9 2 4 5 2567 2518 2663 3294 3204 3296
1531 9 2 4 5 2519 2549 2550 3293 3297 3298
1532 9 2 4 5 2519 2550 2551 3298 3299 3300
1533 9 2 4 5 2519 2551 2688 3300 3301 3262
1534 9 2 4 5 2520 2668 2726 3229 3302 3303
1535 9 2 4 5 2520 2726 2740 3303 3304 3305
1536 9 2 4 5 2520 2740 2750 3305 3306 3239
1537 9 2 4 5 2521 2586 2587 3068 3307 3308
1538 9 2 4 5 2521 2587 2681 3308 3309 3310
1539 9 2 4 5 2648 2521 2681 3074 3310 3311
1540 9 2 4 5 2522 2538 2543 3271 3312 3313
1541 9 2 4 5 2522 2543 2545 3313 3314 3315
1542 9 2 4 5 2522 2545 2674 3315 3316 3259
1543 9 2 4 5 2523 2524 2652 3096 3317 3318
1544 9 2 4 5 2523 2652 2693 3318 3319 3320
1545 9 2 4 5 2692 2523 2693 3089 3320 3321
1546 9 2 4 5 2524 2525 2526 3098 3322 3323
1547 9 2 4 5 2524 2526 2527 3323 3324 3325
1548 9 2 4 5 2524 2527 2652 3325 3326 3317
1549 9 2 4 5 2526 2525 2678 3322 3327 3328
1550 9 2 4 5 2525 2650 2651 3099 3329 3330
1551 9 2 4 5 2525 2651 2678 3330 3331 3327
1552 9 2 4 5 2527 2526 2528 3324 3332 3333
1553 9 2 4 5 2528 2526 2529 3332 3334 3335
1554 9 2 4 5 2529 2526 2678 3334 3328 3336
1555 9 2 4 5 2527 2528 2530 3333 3337 3338
1556 9 2 4 5 2527 2530 2533 3338 3339 3340
1557 9 2 4 5 2527 2533 2652 3340 3341 3326
1558 9 2 4 5 2528 2529 2531 3335 3342 3343
1559 9 2 4 5 2530 2528 2655 3337 3344 3345
1560 9 2 4 5 2528 2531 2655 3343 3346 3344
1561 9 2 4 5 2531 2529 2532 3342 3347 3348
1562 9 2 4 5 2532 2529 2548 3347 3349 3350
1563 9 2 4 5 2548 2529 2678 3349 3336 3351
1564 9 2 4 5 2533 2530 2534 3339 3352 3353
1565 9 2 4 5 2534 2530 2535 3352 3354 3355
1566 9 2 4 5 2535 2530 2655 3354 3345 3356
1567 9 2 4 5 2531 2532 2536 3348 3357 3358
1568 9 2 4 5 2531 2536 2656 3358 3359 3360
1569 9 2 4 5 2655 2531 2656 3346 3360 3361
1570 9 2 4 5 2536 2532 2537 3357 3362 3363
1571 9 2 4 5 2537 2532 2665 3362 3364 3365
1572 9 2 4 5 2532 2548 2665 3350 3366 3364
1573 9 2 4 5 2533 2534 2572 3353 3367 3368
1574 9 2 4 5 2533 2572 2573 3368 3369 3370
1575 9 2 4 5 2533 2573 2652 3370 3371 3341
1576 9 2 4 5 2534 2535 2544 3355 3372 3373
1577 9 2 4 5 2534 2544 2658 3373 3374 3375
1578 9 2 4 5 2572 2534 2658 3367 3375 3376
1579 9 2 4 5 2544 2535 2557 3372 3377 3378
1580 9 2 4 5 2557 2535 2590 3377 3379 3380
1581 9 2 4 5 2590 2535 2655 3379 3356 3381
1582 9 2 4 5 2536 2537 2559 3363 3382 3383
1583 9 2 4 5 2536 2559 2560 3383 3384 3385
1584 9 2 4 5 2536 2560 2656 3385 3386 3359
1585 9 2 4 5 2559 2537 2753 3382 3387 3388
1586 9 2 4 5 2537 2665 2741 3365 3389 3390
1587 9 2 4 5 2669 2537 2741 3391 3390 3392
1588 9 2 4 5 2537 2669 2753 3391 3393 3387
1589 9 2 4 5 2543 2538 2574 3312 3394 3395
1590 9 2 4 5 2574 2538 2575 3394 3396 3397
1591 9 2 4 5 2575 2538 2670 3396 3273 3398
1592 9 2 4 5 2539 2540 2553 3268 3399 3400
1593 9 2 4 5 2539 2553 2577 3400 3401 3402
1594 9 2 4 5 2539 2577 2670 3402 3403 3274
1595 9 2 4 5 2553 2540 2554 3399 3404 3405
1596 9 2 4 5 2554 2540 2698 3404 3406 3407
1597 9 2 4 5 2540 2687 2698 3269 3408 3406
1598 9 2 4 5 2542 2541 2555 3280 3409 3410
1599 9 2 4 5 2555 2541 2556 3409 3411 3412
1600 9 2 4 5 2556 2541 2676 3411 3279 3413
1601 9 2 4 5 2546 2542 2547 3282 3414 3415
1602 9 2 4 5 2547 2542 2666 3414 3416 3417
1603 9 2 4 5 2542 2555 2666 3410 3418 3416
1604 9 2 4 5 2545 2543 2596 3314 3419 3420
1605 9 2 4 5 2543 2574 2691 3395 3421 3422
1606 9 2 4 5 2596 2543 2691 3419 3422 3423
1607 9 2 4 5 2544 2557 2558 3378 3424 3425
1608 9 2 4 5 2544 2558 2588 3425 3426 3427
1609 9 2 4 5 2544 2588 2658 3427 3428 3374
1610 9 2 4 5 2545 2596 2702 3420 3429 3430
1611 9 2 4 5 2545 2664 2674 3431 3432 3316
1612 9 2 4 5 2664 2545 2702 3431 3430 3433
1613 9 2 4 5 2546 2547 2570 3415 3434 3435
1614 9 2 4 5 2546 2570 2697 3435 3436 3437
1615 9 2 4 5 2671 2546 2697 3284 3437 3438
1616 9 2 4 5 2570 2547 2727 3434 3439 3440
1617 9 2 4 5 2547 2666 2667 3417 3441 3442
1618 9 2 4 5 2547 2667 2727 3442 3443 3439
1619 9 2 4 5 2665 2548 2716 3366 3444 3445
1620 9 2 4 5 2548 2678 2704 3351 3446 3447
1621 9 2 4 5 2548 2704 2716 3447 3448 3444
1622 9 2 4 5 2550 2549 2659 3297 3449 3450
1623 9 2 4 5 2549 2567 2571 3295 3451 3452
1624 9 2 4 5 2549 2571 2659 3452 3453 3449
1625 9 2 4 5 2551 2550 2552 3299 3454 3455
1626 9 2 4 5 2552 2550 2568 3454 3456 3457
1627 9 2 4 5 2568 2550 2659 3456 3450 3458
1628 9 2 4 5 2551 2552 2595 3455 3459 3460
1629 9 2 4 5 2551 2595 2689 3460 3461 3462
1630 9 2 4 5 2688 2551 2689 3301 3462 3463
1631 9 2 4 5 2552 2568 2569 3457 3464 3465
1632 9 2 4 5 2552 2569 2669 3465 3466 3467
1633 9 2 4 5 2595 2552 2669 3459 3467 3468
1634 9 2 4 5 2553 2554 2634 3405 3469 3470
1635 9 2 4 5 2577 2553 2578 3401 3471 3472
1636 9 2 4 5 2578 2553 2634 3471 3470 3473
1637 9 2 4 5 2634 2554 2747 3469 3474 3475
1638 9 2 4 5 2554 2698 2709 3407 3476 3477
1639 9 2 4 5 2554 2709 2747 3477 3478 3474
1640 9 2 4 5 2555 2556 2605 3412 3479 3480
1641 9 2 4 5 2555 2605 2606 3480 3481 3482
1642 9 2 4 5 2555 2606 2666 3482 3483 3418
1643 9 2 4 5 2605 2556 2607 3479 3484 2983
1644 9 2 4 5 2607 2556 2608 3484 3485 3486
1645 9 2 4 5 2608 2556 2676 3485 3413 3487
1646 9 2 4 5 2558 2557 2743 3424 3488 3489
1647 9 2 4 5 2557 2590 2598 3380 3490 3491
1648 9 2 4 5 2557 2598 2743 3491 3492 3488
1649 9 2 4 5 2588 2558 2589 3426 3493 3494
1650 9 2 4 5 2589 2558 2619 3493 3495 3496
1651 9 2 4 5 2619 2558 2743 3495 3489 3497
1652 9 2 4 5 2560 2559 2602 3384 3498 3499
1653 9 2 4 5 2602 2559 2604 3498 3500 3501
1654 9 2 4 5 2604 2559 2753 3500 3388 3502
1655 9 2 4 5 2560 2602 2603 3499 3503 3504
1656 9 2 4 5 2560 2603 2657 3504 3505 3506
1657 9 2 4 5 2656 2560 2657 3386 3506 3507
1658 9 2 4 5 2561 2654 2672 3144 3214 3508
1659 9 2 4 5 2561 2672 2697 3508 3509 3510
1660 9 2 4 5 2561 2697 2705 3510 3511 3245
1661 9 2 4 5 2563 2562 2564 3195 3512 3513
1662 9 2 4 5 2564 2562 2690 3512 3514 3515
1663 9 2 4 5 2562 2675 2690 3174 3248 3514
1664 9 2 4 5 2563 2564 2565 3513 3516 3517
1665 9 2 4 5 2563 2565 2660 3517 3518 3519
1666 9 2 4 5 2591 2563 2660 3197 3519 3520
1667 9 2 4 5 2565 2564 2579 3516 3521 3522
1668 9 2 4 5 2579 2564 2714 3521 3523 3524
1669 9 2 4 5 2564 2690 2714 3515 3525 3523
1670 9 2 4 5 2565 2579 2580 3522 3526 3527
1671 9 2 4 5 2565 2580 2581 3527 3528 3529
1672 9 2 4 5 2565 2581 2660 3529 3530 3518
1673 9 2 4 5 2566 2649 2681 3184 3531 3532
1674 9 2 4 5 2668 2566 2703 3219 3533 3534
1675 9 2 4 5 2566 2681 2703 3532 3535 3533
1676 9 2 4 5 2571 2567 2585 3451 3536 3537
1677 9 2 4 5 2585 2567 2664 3536 3538 3539
1678 9 2 4 5 2567 2663 2664 3296 3540 3538
1679 9 2 4 5 2569 2568 2700 3464 3541 3542
1680 9 2 4 5 2568 2659 2711 3458 3543 3544
1681 9 2 4 5 2700 2568 2711 3541 3544 3545
1682 9 2 4 5 2604 2569 2699 3546 3547 3548
1683 9 2 4 5 2569 2604 2753 3546 3502 3549
1684 9 2 4 5 2669 2569 2753 3466 3549 3393
1685 9 2 4 5 2699 2569 2700 3547 3542 3021
1686 9 2 4 5 2697 2570 2705 3436 3550 3511
1687 9 2 4 5 2705 2570 2714 3550 3551 3552
1688 9 2 4 5 2714 2570 2727 3551 3440 3553
1689 9 2 4 5 2571 2585 2599 3537 3554 3555
1690 9 2 4 5 2571 2599 2713 3555 3556 3557
1691 9 2 4 5 2659 2571 2713 3453 3557 3558
1692 9 2 4 5 2573 2572 2597 3369 3559 3560
1693 9 2 4 5 2597 2572 2728 3559 3561 3562
1694 9 2 4 5 2572 2658 2728 3376 3563 3561
1695 9 2 4 5 2573 2597 2694 3560 3564 3565
1696 9 2 4 5 2652 2573 2693 3371 3566 3319
1697 9 2 4 5 2693 2573 2694 3566 3565 3567
1698 9 2 4 5 2574 2575 2576 3397 3568 3569
1699 9 2 4 5 2574 2576 2723 3569 3570 3571
1700 9 2 4 5 2691 2574 2723 3421 3571 3572
1701 9 2 4 5 2576 2575 2600 3568 3573 3574
1702 9 2 4 5 2600 2575 2752 3573 3575 3576
1703 9 2 4 5 2575 2670 2752 3398 3577 3575
1704 9 2 4 5 2576 2600 2613 3574 3034 3578
1705 9 2 4 5 2576 2613 2614 3578 3049 3579
1706 9 2 4 5 2576 2614 2723 3579 3009 3570
1707 9 2 4 5 2577 2578 2733 3472 3580 3581
1708 9 2 4 5 2616 2577 2733 3582 3581 2999
1709 9 2 4 5 2577 2616 2752 3582 3583 3584
1710 9 2 4 5 2670 2577 2752 3403 3584 3577
1711 9 2 4 5 2633 2578 2634 3585 3473 2957
1712 9 2 4 5 2578 2633 2685 3585 2843 3586
1713 9 2 4 5 2578 2685 2733 3586 3001 3580
1714 9 2 4 5 2580 2579 2737 3526 3587 3588
1715 9 2 4 5 2579 2714 2727 3524 3553 3589
1716 9 2 4 5 2579 2727 2737 3589 3590 3587
1717 9 2 4 5 2581 2580 2582 3528 3591 3592
1718 9 2 4 5 2582 2580 2583 3591 3593 3594
1719 9 2 4 5 2583 2580 2737 3593 3588 3595
1720 9 2 4 5 2581 2582 2584 3592 3596 3597
1721 9 2 4 5 2581 2584 2709 3597 3598 3599
1722 9 2 4 5 2660 2581 2709 3530 3599 3600
1723 9 2 4 5 2582 2583 2730 3594 3601 3602
1724 9 2 4 5 2584 2582 2601 3596 3603 3604
1725 9 2 4 5 2601 2582 2730 3603 3602 3605
1726 9 2 4 5 2583 2729 2730 3606 2955 3601
1727 9 2 4 5 2729 2583 2731 3606 3607 3608
1728 9 2 4 5 2731 2583 2737 3607 3595 3609
1729 9 2 4 5 2584 2601 2725 3604 3610 3611
1730 9 2 4 5 2709 2584 2747 3598 3612 3478
1731 9 2 4 5 2584 2725 2747 3611 3613 3612
1732 9 2 4 5 2599 2585 2734 3554 3614 3615
1733 9 2 4 5 2585 2664 2702 3539 3433 3616
1734 9 2 4 5 2585 2702 2734 3616 3617 3614
1735 9 2 4 5 2587 2586 2696 3307 3618 3619
1736 9 2 4 5 2586 2644 2684 3069 2794 3620
1737 9 2 4 5 2586 2684 2696 3620 2971 3618
1738 9 2 4 5 2681 2587 2703 3309 3621 3535
1739 9 2 4 5 2587 2696 2706 3619 3622 3623
1740 9 2 4 5 2703 2587 2706 3621 3623 3624
1741 9 2 4 5 2588 2589 2749 3494 3625 3626
1742 9 2 4 5 2658 2588 2712 3428 3627 3628
1743 9 2 4 5 2712 2588 2749 3627 3626 3629
1744 9 2 4 5 2589 2619 2736 3496 3025 3630
1745 9 2 4 5 2589 2736 2756 3630 3631 3632
1746 9 2 4 5 2749 2589 2756 3625 3632 3046
1747 9 2 4 5 2598 2590 2657 3490 3633 3634
1748 9 2 4 5 2590 2655 2656 3381 3361 3635
1749 9 2 4 5 2590 2656 2657 3635 3507 3633
1750 9 2 4 5 2591 2660 2698 3520 3636 3637
1751 9 2 4 5 2662 2591 2687 3199 3638 3254
1752 9 2 4 5 2687 2591 2698 3638 3637 3408
1753 9 2 4 5 2593 2592 2689 3240 3639 3640
1754 9 2 4 5 2592 2673 2688 3164 3264 3641
1755 9 2 4 5 2592 2688 2689 3641 3463 3639
1756 9 2 4 5 2594 2593 2716 3242 3642 3643
1757 9 2 4 5 2593 2689 2722 3640 3644 3645
1758 9 2 4 5 2716 2593 2722 3642 3645 3646
1759 9 2 4 5 2661 2594 2695 3244 3647 3134
1760 9 2 4 5 2695 2594 2704 3647 3648 3649
1761 9 2 4 5 2704 2594 2716 3648 3643 3448
1762 9 2 4 5 2595 2669 2741 3468 3392 3650
1763 9 2 4 5 2689 2595 2722 3461 3651 3644
1764 9 2 4 5 2722 2595 2741 3651 3650 3652
1765 9 2 4 5 2596 2691 2758 3423 3653 3654
1766 9 2 4 5 2702 2596 2748 3429 3655 3656
1767 9 2 4 5 2748 2596 2758 3655 3654 3657
1768 9 2 4 5 2597 2620 2717 3658 2812 3659
1769 9 2 4 5 2620 2597 2728 3658 3562 3002
1770 9 2 4 5 2694 2597 2717 3564 3659 2976
1771 9 2 4 5 2598 2657 2710 3634 3660 3661
1772 9 2 4 5 2679 2598 2710 3662 3661 2991
1773 9 2 4 5 2598 2679 2743 3662 3663 3492
1774 9 2 4 5 2713 2599 2721 3556 3664 2951
1775 9 2 4 5 2599 2720 2721 3665 2907 3664
1776 9 2 4 5 2720 2599 2734 3665 3615 2979
1777 9 2 4 5 2615 2600 2616 3035 3666 2997
1778 9 2 4 5 2616 2600 2752 3666 3576 3583
1779 9 2 4 5 2601 2715 2725 3667 2961 3610
1780 9 2 4 5 2715 2601 2735 3667 3668 2852
1781 9 2 4 5 2601 2730 2735 3605 2956 3668
1782 9 2 4 5 2603 2602 2751 3503 3669 3670
1783 9 2 4 5 2602 2604 2732 3501 3671 3672
1784 9 2 4 5 2602 2732 2751 3672 2966 3669
1785 9 2 4 5 2603 2612 2641 3673 2928 3674
1786 9 2 4 5 2612 2603 2751 3673 3670 2962
1787 9 2 4 5 2603 2641 2710 3674 2990 3675
1788 9 2 4 5 2657 2603 2710 3505 3675 3660
1789 9 2 4 5 2604 2699 2732 3548 3676 3671
1790 9 2 4 5 2606 2605 2611 3481 2985 3677
1791 9 2 4 5 2606 2611 2754 3677 3028 3678
1792 9 2 4 5 2666 2606 2744 3483 3679 3680
1793 9 2 4 5 2744 2606 2754 3679 3678 3681
1794 9 2 4 5 2607 2608 2609 3486 3682 3683
1795 9 2 4 5 2607 2609 2640 3683 3684 2986
1796 9 2 4 5 2609 2608 2610 3682 3685 3686
1797 9 2 4 5 2610 2608 2686 3685 3687 3688
1798 9 2 4 5 2608 2676 2686 3487 3291 3687
1799 9 2 4 5 2609 2610 2724 3686 3689 3690
1800 9 2 4 5 2640 2609 2701 3684 3691 2873
1801 9 2 4 5 2701 2609 2724 3691 3690 3016
1802 9 2 4 5 2610 2686 2718 3688 3692 3693
1803 9 2 4 5 2610 2718 2755 3693 3694 3695
1804 9 2 4 5 2724 2610 2755 3689 3695 3696
1805 9 2 4 5 2699 2617 2732 3017 2965 3676
1806 9 2 4 5 2618 2619 2679 3023 3697 2987
1807 9 2 4 5 2679 2619 2743 3697 3497 3663
1808 9 2 4 5 2622 2621 2758 2898 3698 3699
1809 9 2 4 5 2621 2748 2758 2978 3657 3698
1810 9 2 4 5 2622 2691 2723 3700 3572 3011
1811 9 2 4 5 2691 2622 2758 3700 3699 3653
1812 9 2 4 5 2623 2624 2625 2993 3701 3702
1813 9 2 4 5 2623 2625 2631 3702 3703 2785
1814 9 2 4 5 2625 2624 2645 3701 3704 3705
1815 9 2 4 5 2624 2626 2627 2995 3706 3707
1816 9 2 4 5 2624 2627 2645 3707 3708 3704
1817 9 2 4 5 2631 2625 2683 3703 3709 2967
1818 9 2 4 5 2625 2645 2646 3705 3710 3711
1819 9 2 4 5 2625 2646 2683 3711 3712 3709
1820 9 2 4 5 2627 2626 2628 3706 3713 3714
1821 9 2 4 5 2628 2626 2682 3713 3715 3716
1822 9 2 4 5 2626 2677 2682 2996 3038 3715
1823 9 2 4 5 2627 2628 2629 3714 3717 3718
1824 9 2 4 5 2627 2629 2630 3718 3287 3719
1825 9 2 4 5 2627 2630 2645 3719 3720 3708
1826 9 2 4 5 2629 2628 2718 3717 3721 3722
1827 9 2 4 5 2628 2682 2719 3716 3723 3724
1828 9 2 4 5 2718 2628 2719 3721 3724 3725
1829 9 2 4 5 2686 2629 2718 3288 3722 3692
1830 9 2 4 5 2645 2630 2740 3720 3726 3727
1831 9 2 4 5 2740 2630 2750 3726 3290 3306
1832 9 2 4 5 2632 2712 2749 3005 3629 3042
1833 9 2 4 5 2725 2634 2747 2959 3475 3613
1834 9 2 4 5 2635 2636 2680 3013 3728 3051
1835 9 2 4 5 2680 2636 2719 3728 3729 3730
1836 9 2 4 5 2719 2636 2755 3729 3731 3732
1837 9 2 4 5 2636 2724 2755 3015 3696 3731
1838 9 2 4 5 2638 2637 2729 3029 2953 3733
1839 9 2 4 5 2638 2729 2731 3733 3608 3734
1840 9 2 4 5 2638 2731 2744 3734 3735 3736
1841 9 2 4 5 2638 2744 2754 3736 3681 3031
1842 9 2 4 5 2639 2700 2711 3020 3545 2947
1843 9 2 4 5 2643 2642 2647 2972 3059 3737
1844 9 2 4 5 2643 2647 2692 3737 3079 3738
1845 9 2 4 5 2643 2692 2693 3738 3321 3739
1846 9 2 4 5 2643 2693 2694 3739 3567 2974
1847 9 2 4 5 2646 2645 2740 3710 3727 3740
1848 9 2 4 5 2683 2646 2706 3712 3741 3742
1849 9 2 4 5 2706 2646 2726 3741 3743 3744
1850 9 2 4 5 2726 2646 2740 3743 3740 3304
1851 9 2 4 5 2649 2648 2681 3104 3311 3531
1852 9 2 4 5 2651 2650 2653 3329 3109 3745
1853 9 2 4 5 2651 2653 2695 3745 3133 3746
1854 9 2 4 5 2678 2651 2704 3331 3747 3446
1855 9 2 4 5 2651 2695 2704 3746 3649 3747
1856 9 2 4 5 2658 2712 2728 3628 3006 3563
1857 9 2 4 5 2711 2659 2713 3543 3558 2949
1858 9 2 4 5 2698 2660 2709 3636 3600 3476
1859 9 2 4 5 2664 2663 2674 3540 3209 3432
1860 9 2 4 5 2665 2716 2722 3445 3646 3748
1861 9 2 4 5 2665 2722 2741 3748 3652 3389
1862 9 2 4 5 2667 2666 2744 3441 3680 3749
1863 9 2 4 5 2727 2667 2737 3443 3750 3590
1864 9 2 4 5 2667 2731 2737 3751 3609 3750
1865 9 2 4 5 2731 2667 2744 3751 3749 3735
1866 9 2 4 5 2668 2703 2726 3534 3752 3302
1867 9 2 4 5 2672 2671 2697 3224 3438 3509
1868 9 2 4 5 2708 2680 2757 3053 3753 3041
1869 9 2 4 5 2680 2719 2757 3730 3754 3753
1870 9 2 4 5 2719 2682 2757 3723 3040 3754
1871 9 2 4 5 2696 2683 2706 2969 3742 3622
1872 9 2 4 5 2690 2705 2714 3249 3552 3525
1873 9 2 4 5 2734 2702 2748 3617 3656 2981
1874 9 2 4 5 2703 2706 2726 3624 3744 3752
1875 9 2 4 5 2718 2719 2755 3725 3732 3694
1876 9 2 4 5 2736 2739 2756 3026 3056 3631
1877 11 2 1 3 312 2472 309 311 3755 3756 1051 1052 1049 3757
1878 11 2 1 3 2513 352 372 351 3758 1259 3759 3760 1260 1235
1879 11 2 1 3 2697 404 405 358 3761 1296 3762 3763 1297 1287
1880 11 2 1 3 674 301 2677 654 1012 3764 3765 1016 3766 1015
1881 11 2 1 3 2570 2697 404 405 3436 3761 3767 3768 1296 3762
1882 11 2 1 3 311 312 2472 2474 1052 3755 3757 3769 3061 3770
1883 11 2 1 3 2473 309 2472 311 3771 3756 2945 3772 3757 1049
1884 11 2 1 3 2483 322 323 321 3773 1109 3774 3775 1110 1102
1885 11 2 1 3 336 334 453 2493 1175 1177 1176 3776 3777 3778
1886 11 2 1 3 321 2483 322 319 3775 3773 1102 1099 1101 3779
1887 11 2 1 3 2513 2511 352 351 3251 3780 3758 3760 1235 3781
1888 11 2 1 3 376 2652 370 371 3782 3783 1354 1355 1349 3784
1889 11 2 1 3 2546 2697 405 358 3437 3762 3785 3786 1297 3763
1890 11 2 1 3 2514 352 372 2513 3787 1259 3788 3255 3759 3758
1891 11 2 1 3 2565 386 385 406 3789 1244 3790 3791 1429 1430
1892 11 2 1 3 2483 2653 322 319 3107 3792 3773 3779 1101 3793
1893 11 2 1 3 2546 2697 2570 405 3437 3436 3435 3785 3768 3762
1894 11 2 1 3 2668 624 620 444 3794 1722 3795 3796 1721 1720
1895 11 2 1 3 2653 322 323 2483 3792 1109 3797 3107 3774 3773
1896 11 2 1 3 571 322 2653 319 1103 3792 3798 1092 3793 1101
1897 11 2 1 3 630 438 489 2699 1695 1684 1696 3799 3800 3801
1898 11 2 1 3 2527 376 579 377 3802 1384 3803 3804 1385 1359
1899 11 2 1 3 2494 336 453 2493 3805 1176 3806 3158 3777 3776
1900 11 2 1 3 334 453 2493 2491 1177 3777 3778 3807 3155 3808
1901 11 2 1 3 311 2472 2473 2474 3757 2945 3772 3769 3060 3061
1902 11 2 1 3 2524 370 2652 371 3809 3783 3317 3810 3784 1349
1903 11 2 1 3 2581 2565 385 406 3529 3790 3811 3812 1429 3791
1904 11 2 1 3 2580 407 386 406 3813 1435 3814 3815 1430 1434
1905 11 2 1 3 661 2669 2741 440 3816 3392 3817 1697 3818 3819
1906 11 2 1 3 2652 376 2527 371 3782 3802 3326 3784 3820 1355
1907 11 2 1 3 330 560 334 2491 1141 1158 1157 3821 3807 3822
1908 11 2 1 3 2514 2511 352 2513 3256 3780 3787 3255 3758 3251
1909 11 2 1 3 674 2677 2682 654 3765 3038 3823 1016 3824 3766
1910 11 2 1 3 578 359 2546 358 1295 3825 3826 1294 3786 1289
1911 11 2 1 3 324 2483 323 321 3827 3774 1111 1112 1110 3775
1912 11 2 1 3 2668 2703 624 444 3534 3828 3794 3796 1720 3829
1913 11 2 1 3 386 2565 2580 406 3789 3527 3814 1430 3815 3791
1914 11 2 1 3 320 2481 2483 319 3830 3106 3831 1094 3779 3832
1915 11 2 1 3 2503 620 480 612 3833 1866 3834 3835 1735 1598
1916 11 2 1 3 2677 2466 301 674 2776 3836 3764 3765 1012 3837
1917 11 2 1 3 2483 321 320 319 3775 1100 3831 3779 1094 1099
1918 11 2 1 3 2653 2481 571 319 3108 3838 3798 3793 1092 3832
1919 11 2 1 3 2527 579 2530 377 3803 3839 3338 3804 3840 1385
1920 11 2 1 3 323 2486 2483 324 3841 3118 3774 1111 3827 3842
1921 11 2 1 3 624 2566 2668 620 3843 3219 3794 1722 3795 3844
1922 11 2 1 3 581 2482 2483 320 3845 3105 3846 1105 3831 3847
1923 11 2 1 3 2518 566 2549 398 3848 3849 3292 3850 3851 1496
1924 11 2 1 3 604 596 2471 302 1021 3852 3853 1020 3854 1017
1925 11 2 1 3 2697 569 404 356 3855 1288 3761 3856 1286 1277
1926 11 2 1 3 560 330 2490 2491 1141 3857 3858 3822 3146 3821
1927 11 2 1 3 376 579 2533 2527 1384 3859 3860 3802 3340 3803
1928 11 2 1 3 2546 2516 359 578 3283 3861 3825 3826 1295 3862
1929 11 2 1 3 448 2482 581 320 3863 3845 1108 1106 1105 3847
1930 11 2 1 3 453 2494 2493 2491 3806 3158 3777 3808 3155 3157
1931 11 2 1 3 2452 2683 2631 668 2968 2967 2788 3864 3865 3866
1932 11 2 1 3 433 2549 2550 566 3867 3297 3868 1558 3869 3849
1933 11 2 1 3 2479 445 350 369 3870 1257 3871 3872 1255 1256
1934 11 2 1 3 2673 335 573 574 3873 1172 3874 3875 1183 1181
1935 11 2 1 3 555 2665 408 463 3876 3877 1545 1548 1546 3878
1936 11 2 1 3 474 566 2518 398 1498 3848 3879 1487 3850 1496
1937 11 2 1 3 567 322 323 2653 1114 1109 1115 3880 3797 3792
1938 11 2 1 3 2481 2653 2483 319 3108 3107 3106 3832 3779 3793
1939 11 2 1 3 2546 359 2671 358 3825 3881 3284 3786 3882 1289
1940 11 2 1 3 2527 2524 2652 371 3325 3317 3326 3820 3784 3810
1941 11 2 1 3 2483 2485 581 324 3116 3883 3846 3827 1113 3884
1942 11 2 1 3 345 575 2674 346 1229 3885 3886 1214 3887 1230
1943 11 2 1 3 409 2549 398 2567 3888 3851 1489 3889 3890 3295
1944 11 2 1 3 393 2676 414 564 3891 3892 1471 1342 1473 3893
1945 11 2 1 3 334 335 333 2493 1170 1169 1156 3778 3894 3895
1946 11 2 1 3 334 2492 330 2491 3896 3897 1157 3807 3821 3150
1947 11 2 1 3 2726 427 2703 444 3898 3899 3752 3900 3829 1476
1948 11 2 1 3 388 551 2598 423 1447 3901 3902 1444 3903 1448
1949 11 2 1 3 521 456 475 2736 1769 1601 1770 3904 3905 3906
1950 11 2 1 3 2503 480 2496 612 3834 3907 3180 3835 3908 1735
1951 11 2 1 3 348 385 2660 2565 1240 3909 3910 3911 3518 3790
1952 11 2 1 3 566 433 2549 410 1558 3867 3849 1497 3912 1556
1953 11 2 1 3 327 325 2661 326 1130 3913 3914 1129 3915 1122
1954 11 2 1 3 319 320 2481 318 1094 3830 3832 1090 3916 1095
1955 11 2 1 3 325 2486 2661 326 3917 3131 3913 1122 3915 3918
1956 11 2 1 3 2486 567 323 2653 3919 1115 3841 3119 3797 3880
1957 11 2 1 3 397 398 2518 2567 1485 3850 3920 3921 3294 3890
1958 11 2 1 3 2479 445 2650 350 3870 3922 3091 3871 3923 1257
1959 11 2 1 3 373 2670 402 403 3924 3925 1369 1371 1372 3926
1960 11 2 1 3 2581 2580 2565 406 3528 3527 3529 3812 3791 3815
1961 11 2 1 3 562 611 473 2687 1504 1840 1839 3927 3928 3929
1962 11 2 1 3 658 2635 676 2469 3930 3931 1948 3932 3933 2882
1963 11 2 1 3 373 372 387 2514 1265 1365 1364 3934 3935 3788
1964 11 2 1 3 2561 355 354 356 3936 1269 3937 3938 1274 1275
1965 11 2 1 3 573 2673 574 2512 3874 3875 1183 3939 3940 3189
1966 11 2 1 3 351 2513 563 473 3760 3941 1218 1262 1263 3942
1967 11 2 1 3 398 397 409 2567 1485 1490 1489 3890 3889 3921
1968 11 2 1 3 312 314 2474 313 1064 3943 3770 1059 3944 1065
1969 11 2 1 3 391 2598 2590 388 3945 3490 3946 1420 3947 3902
1970 11 2 1 3 356 2697 357 358 3856 3948 1279 1284 1285 3763
1971 11 2 1 3 2668 2703 2566 624 3534 3533 3219 3794 3843 3828
1972 11 2 1 3 323 2486 2653 2483 3841 3119 3797 3774 3107 3118
1973 11 2 1 3 620 2566 2503 480 3844 3183 3833 1866 3834 3949
1974 11 2 1 3 344 577 390 2499 1198 1228 1227 3950 3951 3952
1975 11 2 1 3 479 433 2550 566 1669 3868 3953 1671 3869 1558
1976 11 2 1 3 569 2705 2697 404 3954 3511 3855 1288 3761 3955
1977 11 2 1 3 460 2716 629 463 3956 3957 1786 1547 1785 3958
1978 11 2 1 3 385 348 386 2565 1240 1245 1244 3790 3789 3911
1979 11 2 1 3 569 2697 2561 356 3855 3510 3959 1277 3938 3856
1980 11 2 1 3 312 596 2472 452 1053 3960 3755 1066 3961 1068
1981 11 2 1 3 309 596 308 2472 1048 1018 903 3756 3962 3960
1982 11 2 1 3 410 2549 398 409 3912 3851 1494 1495 1489 3888
1983 11 2 1 3 416 2646 2740 394 3963 3740 3964 1465 3965 3966
1984 11 2 1 3 2549 2518 398 2567 3292 3850 3851 3295 3890 3294
1985 11 2 1 3 2653 567 602 2695 3880 1117 3967 3133 3968 3969
1986 11 2 1 3 398 566 2549 410 1496 3849 3851 1494 3912 1497
1987 11 2 1 3 579 2530 2533 2527 3839 3339 3859 3803 3340 3338
1988 11 2 1 3 649 661 2665 2741 1706 3970 3971 3972 3389 3817
1989 11 2 1 3 320 2482 2481 318 3847 3101 3830 1095 3916 3973
1990 11 2 1 3 2481 2480 317 318 3092 3974 3975 3916 1081 3976
1991 11 2 1 3 2482 581 2484 448 3845 3977 3110 3863 3978 1108
1992 11 2 1 3 2671 2516 359 2546 3234 3861 3881 3284 3825 3283
1993 11 2 1 3 2647 596 2471 604 3979 3852 3058 3980 3853 1021
1994 11 2 1 3 370 368 369 2524 1344 1254 1345 3809 3981 3982
1995 11 2 1 3 2485 581 324 353 3883 1113 3884 3983 1127 1128
1996 11 2 1 3 2471 2642 604 302 2803 3984 3853 3854 1020 3985
1997 11 2 1 3 2727 422 2570 421 3986 3987 3440 3988 3989 1529
1998 11 2 1 3 611 562 2698 2687 1504 3990 3991 3929 3408 3927
1999 11 2 1 3 334 333 2492 2493 1156 3992 3896 3778 3156 3894
2000 11 2 1 3 566 2519 474 2518 3993 3994 1498 3848 3879 3260
2001 11 2 1 3 333 335 2673 2493 1169 3873 3995 3894 3160 3895
2002 11 2 1 3 2570 2547 422 2727 3434 3996 3987 3440 3986 3439
2003 11 2 1 3 2549 2519 566 2518 3293 3993 3849 3292 3848 3260
2004 11 2 1 3 576 394 2726 444 1333 3997 3998 1478 3900 1477
2005 11 2 1 3 2563 344 390 2499 3999 1227 4000 3196 3951 3950
2006 11 2 1 3 342 346 2511 351 1215 4001 4002 1217 3781 1216
2007 11 2 1 3 2674 575 345 2663 3885 1229 3886 3209 4003 4004
2008 11 2 1 3 315 2476 313 561 4005 4006 1070 1071 1072 4007
2009 11 2 1 3 383 2590 2655 382 4008 3381 4009 1410 4010 4011
2010 11 2 1 3 382 2655 383 381 4010 4009 1410 1401 1409 4012
2011 11 2 1 3 2473 310 280 309 4013 906 4014 3771 904 905
2012 11 2 1 3 2492 2490 330 2491 3151 3857 3897 3150 3821 3146
2013 11 2 1 3 373 387 2670 2514 1364 4015 3924 3934 3272 3935
2014 11 2 1 3 444 427 2703 494 1476 3899 3829 1640 4016 1639
2015 11 2 1 3 574 2673 335 2497 3875 3873 1181 4017 4018 3169
2016 11 2 1 3 475 521 2736 683 1770 3904 3905 1845 4019 999
2017 11 2 1 3 312 314 2475 2474 1064 4020 4021 3770 3062 3943
2018 11 2 1 3 2650 571 602 2653 4022 1118 4023 3109 3967 3798
2019 11 2 1 3 581 2483 2482 2484 3846 3105 3845 3977 3110 3111
2020 11 2 1 3 2519 2550 2549 566 3298 3297 3293 3993 3849 3869
2021 11 2 1 3 2726 427 2706 2703 3898 4024 3744 3752 3624 3899
2022 11 2 1 3 367 2676 393 564 4025 3891 1339 1341 1342 3893
2023 11 2 1 3 323 2486 324 325 3841 3842 1111 1119 1120 3917
2024 11 2 1 3 419 454 395 2558 1480 1479 1459 4026 4027 4028
2025 11 2 1 3 324 581 2483 321 1113 3846 3827 1112 3775 1104
2026 11 2 1 3 2474 314 2476 313 3943 4029 3070 3944 4006 1065
2027 11 2 1 3 321 581 2483 320 1104 3846 3775 1100 3831 1105
2028 11 2 1 3 2513 563 473 2687 3941 1263 3942 3253 3928 4030
2029 11 2 1 3 519 2631 2683 668 4031 2967 4032 934 3866 3865
2030 11 2 1 3 422 2547 2570 405 3996 3434 3987 1530 3768 4033
2031 11 2 1 3 2654 353 328 354 4034 1126 4035 4036 1144 1145
2032 11 2 1 3 2697 2671 357 358 3438 4037 3948 3763 1285 3882
2033 11 2 1 3 385 2660 2565 2581 3909 3518 3790 3811 3529 3530
2034 11 2 1 3 2479 445 369 2525 3870 1256 3872 3097 4038 4039
2035 11 2 1 3 421 422 2570 405 1529 3987 3989 1525 3768 1530
2036 11 2 1 3 346 352 384 2511 1234 1237 1236 4001 4040 3780
2037 11 2 1 3 2472 596 308 2471 3960 1018 3962 2943 4041 3852
2038 11 2 1 3 463 2665 645 649 3878 4042 1802 1801 1803 3971
2039 11 2 1 3 357 2672 2697 356 4043 3509 3948 1279 3856 4044
2040 11 2 1 3 638 2595 2689 623 4045 3461 4046 1982 4047 4048
2041 11 2 1 3 353 2485 2654 328 3983 3121 4034 1126 4035 4049
2042 11 2 1 3 315 2480 2476 561 4050 3082 4005 1071 4007 4051
2043 11 2 1 3 2647 2472 596 452 3057 3960 3979 4052 1068 3961
2044 11 2 1 3 2716 2665 645 463 3445 4042 4053 3958 1802 3878
2045 11 2 1 3 2486 2485 324 325 3117 3884 3842 3917 1120 4054
2046 11 2 1 3 338 336 577 2494 1185 1187 1186 4055 4056 3805
2047 11 2 1 3 2668 576 2726 444 4057 3998 3302 3796 3900 1478
2048 11 2 1 3 355 2654 2561 354 4058 3144 3936 1269 3937 4036
2049 11 2 1 3 2472 2475 312 452 3063 4021 3755 3961 1066 4059
2050 11 2 1 3 336 337 335 2493 1180 1179 1174 3776 3895 4060
2051 11 2 1 3 355 2561 2672 356 3936 3508 4061 1275 4044 3938
2052 11 2 1 3 383 2655 2535 381 4009 3356 4062 1409 4063 4012
2053 11 2 1 3 351 563 2513 2510 1218 3941 3760 4064 3250 4065
2054 11 2 1 3 2482 2481 2483 320 3101 3106 3105 3847 3831 3830
2055 11 2 1 3 308 2447 309 2472 4066 4067 903 3962 3756 2942
2056 11 2 1 3 2540 473 611 2687 4068 1840 4069 3269 3929 3928
2057 11 2 1 3 2466 2677 2682 674 2776 3038 3037 3837 3823 3765
2058 11 2 1 3 349 448 2482 2496 1107 3863 4070 4071 3112 4072
2059 11 2 1 3 2535 2590 2655 383 3379 3381 3356 4062 4009 4008
2060 11 2 1 3 327 2490 559 560 4073 4074 1131 1142 1143 3858
2061 11 2 1 3 373 570 352 2514 1267 1266 1264 3934 3787 4075
2062 11 2 1 3 480 2503 2496 2566 3834 3180 3907 3949 3182 3183
2063 11 2 1 3 2481 317 2650 571 3975 4076 3094 3838 4022 1091
2064 11 2 1 3 2519 479 2550 566 4077 3953 3298 3993 3869 1671
2065 11 2 1 3 2485 581 353 2484 3883 1128 3983 3115 4078 3977
2066 11 2 1 3 403 373 2670 2538 1371 3924 3926 4079 3273 4080
2067 11 2 1 3 434 433 2659 2550 1662 4081 4082 4083 3450 3868
2068 11 2 1 3 2665 645 649 2722 4042 1803 3971 3748 4084 4085
2069 11 2 1 3 2595 638 586 623 4045 1702 4086 4048 1863 1982
2070 11 2 1 3 2518 2512 474 396 3203 4087 3879 4088 1486 4089
2071 11 2 1 3 346 2674 345 2501 3887 3886 1214 4090 4091 3208
2072 11 2 1 3 368 370 2523 2524 1344 4092 4093 3982 3096 3809
2073 11 2 1 3 393 375 2686 367 1340 4094 4095 1339 4096 1334
2074 11 2 1 3 2665 2716 645 2722 3445 4053 4042 3748 4085 3646
2075 11 2 1 3 2646 2726 2740 394 3743 3304 3740 3966 3965 3997
2076 11 2 1 3 2652 370 420 556 3783 1347 4097 4098 1358 1356
2077 11 2 1 3 327 2661 325 2487 3914 3913 1130 4099 4100 3130
2078 11 2 1 3 280 2447 2473 309 4101 2944 4014 904 3771 4067
2079 11 2 1 3 2479 369 368 2524 3872 1254 4102 3095 3982 3981
2080 11 2 1 3 2480 317 318 315 3974 1081 3976 4050 1082 1080
2081 11 2 1 3 2562 390 577 2499 4103 1228 4104 3173 3952 3951
2082 11 2 1 3 2734 2720 2454 527 2979 2904 2980 4105 4106 4107
2083 11 2 1 3 2645 585 430 392 4108 1468 4109 4110 1466 1338
2084 11 2 1 3 391 551 2598 388 1446 3901 3945 1420 3902 1447
2085 11 2 1 3 2648 313 2476 561 4111 4006 3073 4112 4007 1072
2086 11 2 1 3 618 602 567 2695 1980 1117 1978 4113 3969 3968
2087 11 2 1 3 676 515 2635 658 1941 4114 3931 1948 3930 983
2088 11 2 1 3 2660 400 347 2698 4115 1241 4116 3636 4117 4118
2089 11 2 1 3 346 384 2674 2511 1236 4119 3887 4001 3207 4040
2090 11 2 1 3 562 347 400 2698 1222 1241 1243 3990 4118 4117
2091 11 2 1 3 325 2661 2486 2487 3913 3131 3917 4100 3126 3130
2092 11 2 1 3 2673 574 2512 2497 3875 3940 3189 3169 3188 4017
2093 11 2 1 3 445 2479 2650 2525 3870 3091 3922 4039 3099 3097
2094 11 2 1 3 2652 420 370 2523 4097 1347 3783 3318 4092 4120
2095 11 2 1 3 2524 369 371 558 3981 1350 3810 4121 1351 1352
2096 11 2 1 3 577 338 2494 2499 1186 4055 4056 3952 3170 4122
2097 11 2 1 3 351 2511 342 2510 3781 4002 1217 4064 4123 3205
2098 11 2 1 3 427 2706 2703 494 4024 3624 3899 1639 4016 4124
2099 11 2 1 3 327 559 2490 2487 1131 4074 4073 4099 3138 4125
2100 11 2 1 3 2511 346 342 2501 4001 1215 4002 3206 4126 4090
2101 11 2 1 3 2665 2548 408 463 3366 4127 3877 3878 1546 4128
2102 11 2 1 3 2644 2473 310 280 2946 4013 4129 4130 906 4014
2103 11 2 1 3 2512 474 607 2519 4087 1842 4131 3261 4132 3994
2104 11 2 1 3 322 602 571 2653 1116 1118 1103 3792 3798 3967
2105 11 2 1 3 581 2485 2483 2484 3883 3116 3846 3977 3111 3115
2106 11 2 1 3 385 2660 2581 589 3909 3530 3811 1432 4133 4134
2107 11 2 1 3 414 413 2686 393 1472 4135 4136 1471 4095 1469
2108 11 2 1 3 2493 337 335 2497 4060 1179 3895 3168 4018 4137
2109 11 2 1 3 364 359 361 2516 1301 1299 1302 4138 4139 3861
2110 11 2 1 3 525 680 686 2639 913 1938 986 4140 4141 4142
2111 11 2 1 3 2705 2697 2561 569 3511 3510 3245 3954 3959 3855
2112 11 2 1 3 460 2548 2716 463 4143 3444 3956 1547 3958 4128
2113 11 2 1 3 328 2488 2654 354 4144 3129 4035 1144 4036 4145
2114 11 2 1 3 2668 418 576 620 4146 1318 4057 3795 1596 1597
2115 11 2 1 3 2514 373 570 2538 3934 1267 4075 3270 4147 4080
2116 11 2 1 3 2673 2492 333 2493 3161 3992 3995 3160 3894 3156
2117 11 2 1 3 318 2482 2480 349 3973 3100 3976 1097 4148 4070
2118 11 2 1 3 2549 2659 433 2550 3449 4081 3867 3297 3868 3450
2119 11 2 1 3 347 348 2660 2563 1224 3910 4116 4149 3519 4150
2120 11 2 1 3 372 2513 473 572 3759 3942 1261 1367 1368 4151
2121 11 2 1 3 352 384 2511 2522 1237 4040 3780 4152 3258 4153
2122 11 2 1 3 287 2451 2751 535 4154 2963 4155 883 4156 4157
2123 11 2 1 3 560 2490 559 2489 3858 4074 1143 4158 4159 3137
2124 11 2 1 3 554 471 2605 465 1812 4160 4161 1805 4162 1810
2125 11 2 1 3 2525 369 2524 558 4038 3981 3098 4163 4121 1352
2126 11 2 1 3 2642 2647 2471 604 3059 3058 2803 3984 3853 3980
2127 11 2 1 3 394 2726 2520 576 3997 3303 4164 1333 4165 3998
2128 11 2 1 3 2522 352 570 2514 4152 1266 4166 3257 4075 3787
2129 11 2 1 3 2563 390 2562 2499 4000 4103 3195 3196 3173 3951
2130 11 2 1 3 2485 2483 2486 324 3116 3118 3117 3884 3842 3827
2131 11 2 1 3 2530 2535 381 594 3354 4063 4167 4168 1411 4169
2132 11 2 1 3 440 2595 2741 638 4170 3650 3818 1703 4171 4045
2133 11 2 1 3 337 336 2495 2493 1180 4172 4173 4060 3166 3776
2134 11 2 1 3 2550 2551 435 479 3299 4174 4175 3953 1670 4176
2135 11 2 1 3 2698 2540 611 2687 3406 4069 3991 3408 3929 3269
2136 11 2 1 3 2695 2486 567 326 3132 3919 3969 4177 1123 3918
2137 11 2 1 3 2709 2660 400 589 3600 4115 4178 4179 1431 4134
2138 11 2 1 3 607 479 2551 2519 1861 4176 4180 4132 3300 4077
2139 11 2 1 3 2698 562 347 2591 3990 1222 4117 3637 4181 4182
2140 11 2 1 3 2480 2478 317 315 3083 4183 3974 4050 1080 4184
2141 11 2 1 3 454 2544 395 2558 4185 4186 1479 4028 4027 3425
2142 11 2 1 3 470 455 454 2588 1759 1482 1760 4187 4188 4189
2143 11 2 1 3 2558 395 419 2557 4027 1459 4026 3424 4190 4191
2144 11 2 1 3 571 2481 317 319 3838 3975 1091 1092 1089 3832
2145 11 2 1 3 336 338 2495 2494 1185 4192 4172 3805 3165 4055
2146 11 2 1 3 2650 317 2478 350 4076 4183 3090 3923 4193 1085
2147 11 2 1 3 2496 349 448 480 4071 1107 4072 3907 1249 1250
2148 11 2 1 3 323 567 2486 326 1115 3919 3841 1121 3918 1123
2149 11 2 1 3 2480 2648 2476 561 3084 3073 3082 4051 4007 4112
2150 11 2 1 3 2652 420 2693 556 4097 4194 3319 4098 4195 1358
2151 11 2 1 3 2694 2717 647 523 2976 4196 4197 4198 1951 4199
2152 11 2 1 3 314 2476 2475 2474 4029 3071 4020 3943 3062 3070
2153 11 2 1 3 2590 391 388 383 3946 1420 3947 4008 1414 1419
2154 11 2 1 3 371 2526 2524 558 4200 3323 3810 1351 4121 4201
2155 11 2 1 3 409 2571 2549 2567 4202 3452 3888 3889 3295 3451
2156 11 2 1 3 2484 448 601 2496 3978 1736 4203 3113 4204 4072
2157 11 2 1 3 413 2686 2608 414 4135 3687 4205 1472 4206 4136
2158 11 2 1 3 2570 404 446 421 3767 1526 4207 3989 1527 1524
2159 11 2 1 3 2478 2481 2480 317 3093 3092 3083 4183 3974 3975
2160 11 2 1 3 2485 328 325 2487 4049 1124 4054 3125 4100 4208
2161 11 2 1 3 404 446 2705 2570 1526 4209 3955 3767 3550 4207
2162 11 2 1 3 2513 2540 473 572 3267 4068 3942 4151 1368 4210
2163 11 2 1 3 2644 310 472 553 4129 1057 4211 4212 1058 907
2164 11 2 1 3 2516 603 364 578 4213 1325 4138 3862 1303 1324
2165 11 2 1 3 2563 347 344 2591 4149 1220 3999 3197 4214 4181
2166 11 2 1 3 2660 385 400 589 3909 1242 4115 4134 1431 1432
2167 11 2 1 3 567 602 322 2653 1117 1116 1114 3880 3792 3967
2168 11 2 1 3 2551 623 607 2688 4215 1208 4180 3301 4216 4217
2169 11 2 1 3 449 2546 2547 405 4218 3415 4219 1532 4033 3785
2170 11 2 1 3 317 2650 571 350 4076 4022 1091 1085 1093 3923
2171 11 2 1 3 594 381 2530 579 1411 4167 4168 1413 3839 1393
2172 11 2 1 3 396 397 2518 2663 1231 3920 4088 4220 3204 4221
2173 11 2 1 3 454 455 2544 2588 1482 4222 4185 4188 3427 4189
2174 11 2 1 3 329 2490 327 330 4223 4073 1135 1139 1140 3857
2175 11 2 1 3 2709 2581 2660 589 3599 3530 3600 4179 4134 4133
2176 11 2 1 3 2506 361 359 2516 4224 1299 4225 3233 3861 4139
2177 11 2 1 3 2567 2663 397 597 3296 4221 3921 4226 1492 4227
2178 11 2 1 3 2546 449 578 405 4218 1533 3826 3785 1298 1532
2179 11 2 1 3 2676 619 414 564 4228 1577 3892 3893 1473 1576
2180 11 2 1 3 576 418 2668 2505 1318 4146 4057 4229 3218 4230
2181 11 2 1 3 418 2668 2503 620 4146 3217 4231 1597 3833 3795
2182 11 2 1 3 363 367 592 2517 1321 1323 1312 4232 4233 4234
2183 11 2 1 3 2586 2644 310 472 3069 4129 4235 4236 1057 4211
2184 11 2 1 3 602 571 2650 445 1118 4022 4023 1724 3922 1258
2185 11 2 1 3 417 2561 2488 354 4237 3142 4238 1147 4145 3937
2186 11 2 1 3 2716 2704 460 629 3448 4239 3956 3957 1786 4240
2187 11 2 1 3 371 377 2527 378 1360 3804 3820 1362 4241 1361
2188 11 2 1 3 2501 2674 345 2663 3208 3886 4091 3200 4003 3209
2189 11 2 1 3 594 2530 2534 579 4168 3352 4242 1413 4243 3839
2190 11 2 1 3 2687 2513 563 2510 3253 3941 4030 3252 4065 3250
2191 11 2 1 3 2671 357 2672 2697 4037 4043 3224 3438 3509 3948
2192 11 2 1 3 2496 2649 349 480 3114 4244 4071 3907 1250 4245
2193 11 2 1 3 2528 2527 377 378 3333 3804 4246 4247 1361 4241
2194 11 2 1 3 2472 308 2447 2471 3962 4066 2942 2943 2800 4041
2195 11 2 1 3 603 2516 2542 578 4213 3281 4248 1324 4249 3862
2196 11 2 1 3 329 2508 2490 330 4250 3153 4223 1139 3857 4251
2197 11 2 1 3 2472 2647 2475 452 3057 3064 3063 3961 4059 4052
2198 11 2 1 3 2527 2526 371 378 3324 4200 3820 4241 1362 4252
2199 11 2 1 3 574 474 2512 396 1488 4087 3940 1213 4089 1486
2200 11 2 1 3 2484 353 2654 601 4078 4034 3120 4203 4253 1272
2201 11 2 1 3 388 2598 2657 423 3902 3634 4254 1444 4255 3903
2202 11 2 1 3 2561 2654 355 2672 3144 4058 3936 3508 4061 3214
2203 11 2 1 3 348 2565 2563 646 3911 3517 4150 1247 4256 4257
2204 11 2 1 3 2562 577 621 2494 4104 1455 4258 3172 4259 4056
2205 11 2 1 3 448 601 2496 612 1736 4204 4072 1734 3908 1737
2206 11 2 1 3 2677 520 654 642 4260 1829 3766 4261 1014 969
2207 11 2 1 3 2645 2627 2624 430 3708 3707 3704 4109 4262 4263
2208 11 2 1 3 2737 501 633 2580 4264 1543 4265 3588 4266 4267
2209 11 2 1 3 2570 446 2714 421 4207 4268 3551 3989 4269 1527
2210 11 2 1 3 2661 2490 327 329 3139 4073 3914 4270 1135 4223
2211 11 2 1 3 2651 2653 602 2695 3745 3967 4271 3746 3968 3133
2212 11 2 1 3 2489 605 560 2491 4272 1756 4158 3145 3822 4273
2213 11 2 1 3 2473 310 311 374 4013 1050 3772 4274 1054 1055
2214 11 2 1 3 2544 395 2535 594 4186 4275 3372 4276 4169 1423
2215 11 2 1 3 379 2530 381 377 4277 4167 1392 1389 1391 3840
2216 11 2 1 3 2542 2546 449 578 3282 4218 4278 4249 1533 3826
2217 11 2 1 3 406 385 2581 589 1429 3811 3812 1433 4133 1432
2218 11 2 1 3 479 2551 623 607 4176 4215 1862 1861 1208 4180
2219 11 2 1 3 647 2694 523 636 4197 4198 1951 1889 1955 4279
2220 11 2 1 3 427 590 2646 2706 1585 4280 4281 4024 3741 4282
2221 11 2 1 3 577 453 621 2494 1188 1757 1455 4056 4259 3806
2222 11 2 1 3 571 2650 2481 2653 4022 3094 3838 3798 3108 3109
2223 11 2 1 3 2652 2693 420 2523 3319 4194 4097 3318 4120 3320
2224 11 2 1 3 2726 2520 576 2668 3303 4165 3998 3302 4057 3229
2225 11 2 1 3 2485 2488 2654 328 3127 3129 3121 4049 4035 4144
2226 11 2 1 3 396 2512 574 2500 4089 3940 1213 4283 4284 3187
2227 11 2 1 3 2590 2557 2598 391 3380 3491 3490 3946 3945 4285
2228 11 2 1 3 2608 482 413 414 4286 1570 4205 4206 1472 1569
2229 11 2 1 3 2530 2655 379 381 3345 4287 4277 4167 1392 4012
2230 11 2 1 3 2496 601 2502 612 4204 4288 3122 3908 4289 1737
2231 11 2 1 3 624 2703 2681 628 3828 3535 4290 1869 4291 4292
2232 11 2 1 3 2639 680 686 2711 4142 1938 4141 2947 4293 4294
2233 11 2 1 3 348 385 347 2660 1240 1239 1224 3910 4116 3909
2234 11 2 1 3 2533 2652 608 376 3341 4295 4296 3860 1387 3782
2235 11 2 1 3 453 560 605 2491 1178 1756 1755 3808 4273 3822
2236 11 2 1 3 472 2684 2644 553 4297 2794 4211 1058 4212 4298
2237 11 2 1 3 310 2473 2586 374 4013 3067 4235 1055 4299 4274
2238 11 2 1 3 639 648 2578 476 947 4300 4301 1796 4302 1851
2239 11 2 1 3 633 2579 2565 646 4303 3522 4304 1438 4257 4305
2240 11 2 1 3 2688 573 607 2512 4306 1205 4216 3263 4131 3939
2241 11 2 1 3 2751 641 287 535 4307 941 4155 4156 883 940
2242 11 2 1 3 2689 580 2722 638 4308 4309 3644 4046 4310 1981
2243 11 2 1 3 2565 2660 348 2563 3518 3910 3911 3517 4150 3519
2244 11 2 1 3 588 487 2610 2755 1573 4311 4312 4313 3695 4314
2245 11 2 1 3 501 407 633 2580 1542 1436 1543 4267 4266 3813
2246 11 2 1 3 2523 2479 368 2524 3087 4102 4093 3096 3982 3095
2247 11 2 1 3 2722 580 645 638 4309 1165 4085 4310 1983 1981
2248 11 2 1 3 2675 621 453 2494 4315 1757 4316 3159 3806 4259
2249 11 2 1 3 2663 396 345 2500 4220 1212 4003 3201 4317 4283
2250 11 2 1 3 455 470 2658 2588 1759 4318 4319 4189 3428 4187
2251 11 2 1 3 556 608 2652 376 1386 4295 4098 1357 3782 1387
2252 11 2 1 3 2591 562 343 2687 4182 1221 4320 3638 4321 3927
2253 11 2 1 3 474 607 573 2512 1842 1205 1844 4087 3939 4131
2254 11 2 1 3 469 2628 412 2627 4322 4323 1565 4324 4325 3714
2255 11 2 1 3 2669 661 439 440 3816 1698 4326 3819 1690 1697
2256 11 2 1 3 316 2478 2476 315 4327 3080 4328 1075 4005 4184
2257 11 2 1 3 2473 2644 2447 280 2946 2797 2944 4014 4101 4130
2258 11 2 1 3 2478 316 2479 350 4327 4329 3085 4193 3871 1084
2259 11 2 1 3 585 2627 2645 430 4330 3708 4108 1468 4109 4263
2260 11 2 1 3 2703 624 494 628 3828 1719 4016 4292 1919 1869
2261 11 2 1 3 326 2695 2661 595 4177 3134 3915 1136 4331 4332
2262 11 2 1 3 2675 453 605 2491 4316 1755 4333 3148 4273 3808
2263 11 2 1 3 417 2561 354 569 4237 3937 1147 1278 1276 3959
2264 11 2 1 3 2597 2694 647 636 3564 4197 4334 4335 1889 4279
2265 11 2 1 3 2551 2595 586 623 3460 4086 4336 4215 1863 4048
2266 11 2 1 3 379 2528 2530 377 4337 3337 4277 1389 3840 4246
2267 11 2 1 3 437 2595 440 586 4338 4170 1689 1680 1691 4086
2268 11 2 1 3 314 2477 2476 316 4339 3075 4029 1074 4328 4340
2269 11 2 1 3 433 432 2549 410 1557 4341 3867 1556 3912 1554
2270 11 2 1 3 390 2563 2564 646 4000 3513 4342 1248 4343 4256
2271 11 2 1 3 2644 2586 2684 472 3069 3620 2794 4211 4297 4236
2272 11 2 1 3 348 347 344 2563 1224 1220 1225 4150 3999 4149
2273 11 2 1 3 2474 311 591 2521 3769 1062 4344 3066 4345 4346
2274 11 2 1 3 2698 347 2660 2591 4117 4116 3636 3637 3520 4181
2275 11 2 1 3 409 410 2549 431 1495 3912 3888 1550 4347 1549
2276 11 2 1 3 668 2696 2683 495 4348 2969 3866 1921 4349 4350
2277 11 2 1 3 2650 602 445 2651 4023 1724 3922 3329 4351 4271
2278 11 2 1 3 2691 2574 447 492 3421 4352 4353 4354 1646 4355
2279 11 2 1 3 559 328 2488 2487 1133 4144 4356 4125 3128 4208
2280 11 2 1 3 2521 2473 311 374 3065 3772 4346 4357 1054 4274
2281 11 2 1 3 2511 384 2674 2522 4040 4119 3207 3258 3259 4153
2282 11 2 1 3 328 324 2485 325 1125 3884 4049 1124 4054 1120
2283 11 2 1 3 591 311 2474 313 1062 3769 4344 1061 3944 1060
2284 11 2 1 3 535 287 2451 2293 883 4154 4157 4358 4359 4360
2285 11 2 1 3 600 2624 2627 430 4361 3707 4362 1655 4263 4262
2286 11 2 1 3 2720 2734 2599 528 2979 3615 3665 4363 4364 4365
2287 11 2 1 3 647 2717 2694 2597 4196 2976 4197 4334 3564 3659
2288 11 2 1 3 602 618 2651 2695 1980 4366 4271 3968 3746 4113
2289 11 2 1 3 2506 359 360 2671 4225 1291 4367 3222 4368 3881
2290 11 2 1 3 2653 2486 567 2695 3119 3919 3880 3133 3969 3132
2291 11 2 1 3 2714 2705 446 2570 3552 4209 4268 3551 4207 3550
2292 11 2 1 3 2561 417 2509 569 4237 4369 3143 3959 4370 1278
2293 11 2 1 3 287 2296 2451 2293 4371 4372 4154 4360 4359 2381
2294 11 2 1 3 2591 343 344 2499 4320 1196 4214 3198 3950 4373
2295 11 2 1 3 2670 402 403 2575 3925 1372 3926 3398 4374 4375
2296 11 2 1 3 416 2740 2645 392 3964 3727 4376 1464 4110 4377
2297 11 2 1 3 2493 2495 337 2497 3166 4173 4060 3168 4137 3167
2298 11 2 1 3 397 396 345 2663 1231 1212 1232 4221 4003 4220
2299 11 2 1 3 331 2492 2508 330 4378 3152 4379 1150 4251 3897
2300 11 2 1 3 2590 2557 391 383 3380 4285 3946 4008 1419 4380
2301 11 2 1 3 338 2495 2494 2499 4192 3165 4055 4122 3170 3171
2302 11 2 1 3 2510 2511 342 2501 3205 4002 4123 3193 4126 3206
2303 11 2 1 3 632 2724 487 2755 4381 4382 1893 4383 4314 3696
2304 11 2 1 3 2736 456 475 2619 3906 1601 3905 3025 4384 4385
2305 11 2 1 3 619 467 2556 650 1813 4386 4387 1578 4388 1819
2306 11 2 1 3 2663 575 397 597 4004 1233 4221 4227 1492 1493
2307 11 2 1 3 455 2544 2534 594 4222 3373 4389 1483 4242 4276
2308 11 2 1 3 608 2652 2573 556 4295 3371 4390 1386 4391 4098
2309 11 2 1 3 586 435 2551 479 1679 4174 4336 1681 4176 1670
2310 11 2 1 3 669 630 2699 2732 1900 3799 4392 4393 3676 4394
2311 11 2 1 3 2455 2139 539 2141 4395 4396 4397 4398 4399 2227
2312 11 2 1 3 649 2741 2722 638 3972 3652 4084 1704 4310 4171
2313 11 2 1 3 2750 392 2740 365 4400 4377 3306 4401 4402 1330
2314 11 2 1 3 2145 2156 658 2469 2247 4403 4404 4405 3932 4406
2315 11 2 1 3 575 2663 2664 597 4004 3540 4407 1493 4408 4227
2316 11 2 1 3 2487 559 2490 2489 4125 4074 3138 3136 3137 4159
2317 11 2 1 3 2686 2676 414 393 3291 3892 4136 4095 1471 3891
2318 11 2 1 3 570 2522 2514 2538 4166 3257 4075 4147 3270 3271
2319 11 2 1 3 2649 349 2482 2496 4244 4070 3103 3114 3112 4071
2320 11 2 1 3 613 2704 618 460 4409 4410 1788 1501 1787 4239
2321 11 2 1 3 619 2556 2608 650 4387 3485 4411 1578 4412 4388
2322 11 2 1 3 2488 417 559 2489 4238 1148 4356 3135 4159 4413
2323 11 2 1 3 331 2592 2492 333 4414 3162 4378 1154 3992 4415
2324 11 2 1 3 340 2592 333 2673 4416 4415 1162 4417 3995 3164
2325 11 2 1 3 2605 467 466 465 4418 1809 4419 4162 1749 1808
2326 11 2 1 3 396 2518 2512 2500 4088 3203 4089 4283 3187 3202
2327 11 2 1 3 442 2645 2624 430 4420 3704 4421 1586 4262 4109
2328 11 2 1 3 2640 625 289 664 4422 950 4423 4424 952 953
2329 11 2 1 3 458 2583 2582 2580 4425 3594 4426 4427 3591 3593
2330 11 2 1 3 2480 561 349 2649 4051 1098 4148 3102 4244 4428
2331 11 2 1 3 2558 2544 395 2557 3425 4186 4027 3424 4191 3378
2332 11 2 1 3 593 2642 524 2453 4429 4430 932 4431 4432 2806
2333 11 2 1 3 2639 686 525 2448 4141 986 4140 2913 4433 4434
2334 11 2 1 3 2453 2694 524 523 2975 4435 4432 4436 930 4198
2335 11 2 1 3 565 489 436 2700 1686 1685 1674 4437 4438 4439
2336 11 2 1 3 319 2481 317 318 3832 3975 1089 1090 1081 3916
2337 11 2 1 3 494 2587 2703 628 4440 3621 4016 1919 4292 4441
2338 11 2 1 3 318 320 2482 349 1095 3847 3973 1097 4070 1096
2339 11 2 1 3 2662 343 563 2687 4442 1203 4443 3254 4030 4321
2340 11 2 1 3 616 2647 2643 604 4444 3737 4445 1754 4446 3980
2341 11 2 1 3 2671 357 360 2504 4037 1292 4368 3223 4447 4448
2342 11 2 1 3 2564 2562 390 634 3512 4103 4342 4449 1456 4450
2343 11 2 1 3 2500 574 341 2497 4284 1193 4451 3186 4452 4017
2344 11 2 1 3 2520 362 365 576 4453 1315 4454 4165 1316 1317
2345 11 2 1 3 2651 445 2525 613 4351 4039 3330 4455 4456 1723
2346 11 2 1 3 2526 2525 2524 558 3322 3098 3323 4201 4121 4163
2347 11 2 1 3 2673 573 340 2688 3874 1173 4417 3264 4457 4306
2348 11 2 1 3 313 2474 591 2648 3944 4344 1061 4111 4458 3072
2349 11 2 1 3 2479 316 2477 368 4329 4340 3086 4102 4459 1086
2350 11 2 1 3 562 563 343 2687 1223 1203 1221 3927 4321 4030
2351 11 2 1 3 2610 2609 2724 487 3686 3690 3689 4311 4382 4460
2352 11 2 1 3 2566 481 2649 480 4461 4462 3184 3949 4245 1251
2353 11 2 1 3 2541 603 364 2516 4463 1325 4464 3276 4138 4213
2354 11 2 1 3 415 2718 401 412 4465 4466 1509 1510 1381 4467
2355 11 2 1 3 340 623 2689 2688 1207 4047 4468 4457 3463 4217
2356 11 2 1 3 412 600 469 2627 1567 1566 1565 4325 4324 4362
2357 11 2 1 3 587 2477 368 2523 4469 4459 1088 4470 4093 3088
2358 11 2 1 3 2688 607 2551 2519 4216 4180 3301 3262 3300 4132
2359 11 2 1 3 2535 2530 2534 594 3354 3352 3355 4169 4242 4168
2360 11 2 1 3 2737 2583 458 2580 3595 4425 4471 3588 4427 3593
2361 11 2 1 3 2501 345 341 2500 4091 1209 4472 3191 4451 4317
2362 11 2 1 3 2696 2683 2452 668 2969 2968 2970 4348 3864 3866
2363 11 2 1 3 2595 2551 2689 623 3460 3462 3461 4048 4047 4215
2364 11 2 1 3 2573 2694 626 2693 3565 4473 4474 3566 4475 3567
2365 11 2 1 3 434 433 2550 435 1662 3868 4083 1668 4175 1667
2366 11 2 1 3 2542 2546 2547 449 3282 3415 3414 4278 4219 4218
2367 11 2 1 3 2677 520 642 2457 4260 969 4261 2779 4476 4477
2368 11 2 1 3 650 664 2609 482 1874 4478 4479 1575 4480 1872
2369 11 2 1 3 355 2502 2654 601 4481 3124 4058 1271 4253 4288
2370 11 2 1 3 2518 398 397 396 3850 1485 3920 4088 1231 1484
2371 11 2 1 3 482 2610 2608 413 4482 3685 4286 1570 4205 4483
2372 11 2 1 3 2593 580 645 2722 4484 1165 4485 3645 4085 4309
2373 11 2 1 3 529 597 2664 2585 1710 4408 4486 4487 3539 4488
2374 11 2 1 3 654 520 2677 2626 1829 4260 3766 4489 2996 4490
2375 11 2 1 3 359 357 360 2671 1290 1292 1291 3881 4368 4037
2376 11 2 1 3 2595 2722 2741 638 3651 3652 3650 4045 4171 4310
2377 11 2 1 3 441 2571 409 2567 4491 4202 1552 4492 3889 3451
2378 11 2 1 3 610 2455 539 2141 4493 4397 814 4494 4399 4398
2379 11 2 1 3 2563 390 348 646 4000 1226 4150 4256 1247 1248
2380 11 2 1 3 2505 362 360 2506 4495 1305 4496 3220 4367 4497
2381 11 2 1 3 606 2705 2509 569 4498 3246 4499 1592 4370 3954
2382 11 2 1 3 433 432 2659 2549 1557 4500 4081 3867 3449 4341
2383 11 2 1 3 2502 568 355 2672 4501 1282 4481 3213 4061 4502
2384 11 2 1 3 2567 2664 597 2585 3538 4408 4226 3536 4488 3539
2385 11 2 1 3 2717 285 522 523 4503 745 4504 4199 928 929
2386 11 2 1 3 607 2688 2512 2519 4216 3263 4131 4132 3261 3262
2387 11 2 1 3 2737 633 2579 2580 4265 4303 3587 3588 3526 4266
2388 11 2 1 3 333 2492 331 330 3992 4378 1154 1155 1150 3897
2389 11 2 1 3 2741 649 440 638 3972 1705 3818 4171 1703 1704
2390 11 2 1 3 2547 449 450 2666 4219 1615 4505 3417 4506 4507
2391 11 2 1 3 2548 2716 2704 460 3444 3448 3447 4143 4239 3956
2392 11 2 1 3 452 2647 2692 616 4052 3079 4508 1752 4509 4444
2393 11 2 1 3 343 2662 338 2499 4442 4510 1195 4373 4122 3179
2394 11 2 1 3 2612 2451 2751 287 2925 2963 2962 4511 4155 4154
2395 11 2 1 3 2690 2705 606 446 3249 4498 4512 4513 1728 4209
2396 11 2 1 3 409 2549 2571 431 3888 3452 4202 1550 4514 4347
2397 11 2 1 3 613 2678 2704 460 4515 3446 4409 1501 4239 4516
2398 11 2 1 3 2653 602 2650 2651 3967 4023 3109 3745 3329 4271
2399 11 2 1 3 2579 2564 2565 646 3521 3516 3522 4305 4257 4343
2400 11 2 1 3 323 2486 325 326 3841 3917 1119 1121 1122 3918
2401 11 2 1 3 2573 2533 2652 608 3370 3341 3371 4390 4295 4296
2402 11 2 1 3 604 2642 2643 524 3984 2972 4446 1957 4517 4430
2403 11 2 1 3 561 318 2480 349 1083 3976 4051 1098 4148 1097
2404 11 2 1 3 362 2507 2520 365 4518 3228 4453 1315 4454 4519
2405 11 2 1 3 2608 619 650 414 4411 1578 4412 4206 1574 1577
2406 11 2 1 3 341 337 2498 2497 1191 4520 4521 4452 3176 4137
2407 11 2 1 3 317 2478 2481 2650 4183 3093 3975 4076 3094 3090
2408 11 2 1 3 353 355 2654 601 1270 4058 4034 1272 4253 1271
2409 11 2 1 3 2475 2477 314 587 3076 4339 4020 4522 1076 4469
2410 11 2 1 3 2538 2574 403 447 3394 4523 4079 4524 1521 4352
2411 11 2 1 3 587 2475 2692 452 4522 3078 4525 1078 4508 4059
2412 11 2 1 3 2489 417 605 2509 4413 1590 4272 3141 4526 4369
2413 11 2 1 3 2713 686 2448 296 4527 4434 2950 4528 4529 985
2414 11 2 1 3 316 2476 314 315 4328 4029 1074 1075 1069 4005
2415 11 2 1 3 569 606 2705 446 1592 4498 3954 1528 4209 1728
2416 11 2 1 3 333 573 340 2673 1171 1173 1162 3995 4417 3874
2417 11 2 1 3 2503 418 568 2504 4231 1308 4530 3210 4531 4532
2418 11 2 1 3 2543 2538 570 447 3312 4147 4533 4534 1523 4524
2419 11 2 1 3 568 2503 2502 612 4530 3181 4501 1595 4289 3835
2420 11 2 1 3 2598 2557 2743 391 3491 3488 3492 3945 4535 4285
2421 11 2 1 3 522 647 526 2717 1950 1952 748 4504 4536 4196
2422 11 2 1 3 2662 339 338 2495 4537 1190 4510 3177 4192 4538
2423 11 2 1 3 2529 2548 399 408 3349 4539 4540 4541 1405 4127
2424 11 2 1 3 2686 2676 393 367 3291 3891 4095 4096 1339 4025
2425 11 2 1 3 2501 341 342 2498 4472 1199 4126 3190 4542 4521
2426 11 2 1 3 619 2608 2676 414 4411 3487 4228 1577 3892 4206
2427 11 2 1 3 2609 2610 482 487 3686 4482 4480 4460 1571 4311
2428 11 2 1 3 2610 2686 2608 413 3688 3687 3685 4483 4205 4135
2429 11 2 1 3 633 2565 386 646 4304 3789 1437 1438 1246 4257
2430 11 2 1 3 2510 342 339 2498 4123 1200 4543 3192 4544 4542
2431 11 2 1 3 2663 2567 2664 597 3296 3538 3540 4227 4408 4226
2432 11 2 1 3 539 471 2455 610 1835 4545 4397 814 4493 1834
2433 11 2 1 3 2529 2526 378 399 3334 4252 4546 4540 1397 4547
2434 11 2 1 3 597 441 2567 2585 1553 4492 4226 4488 3536 4548
2435 11 2 1 3 458 501 2737 2580 1541 4264 4471 4427 3588 4267
2436 11 2 1 3 2533 485 2534 579 4549 4550 3353 3859 4243 1886
2437 11 2 1 3 595 2594 2661 329 4551 3244 4331 1137 4270 4552
2438 11 2 1 3 372 2539 387 2514 4553 4554 1365 3788 3935 3266
2439 11 2 1 3 2535 395 2557 383 4275 4191 3377 4062 4380 1421
2440 11 2 1 3 2587 2681 2703 628 3309 3535 3621 4441 4292 4291
2441 11 2 1 3 2503 2668 418 2505 3217 4146 4231 3215 4230 3218
2442 11 2 1 3 423 497 2657 496 1621 4555 4255 1619 4556 1622
2443 11 2 1 3 555 661 2665 649 1975 3970 3876 1800 3971 1706
2444 11 2 1 3 626 2573 2693 556 4474 3566 4475 1605 4195 4391
2445 11 2 1 3 636 2694 626 2573 4279 4473 1956 4557 4474 3565
2446 11 2 1 3 2480 2481 2482 318 3092 3101 3100 3976 3973 3916
2447 11 2 1 3 563 339 2662 2510 1202 4537 4443 4065 3194 4543
2448 11 2 1 3 2733 510 2685 462 4558 4559 3001 4560 4561 1798
2449 11 2 1 3 618 2704 2695 595 4410 3649 4113 1979 4332 4562
2450 11 2 1 3 2520 362 576 2505 4453 1317 4165 3227 4229 4495
2451 11 2 1 3 434 433 432 2659 1662 1557 1663 4082 4500 4081
2452 11 2 1 3 348 386 2565 646 1245 3789 3911 1247 4257 1246
2453 11 2 1 3 616 2692 420 2693 4509 4563 1607 4564 4194 3321
2454 11 2 1 3 618 2651 2704 613 4366 3747 4410 1788 4409 4455
2455 11 2 1 3 2625 2645 2624 442 3705 3704 3701 4565 4421 4420
2456 11 2 1 3 2635 658 2156 2469 3930 4403 4566 2882 4406 3932
2457 11 2 1 3 400 2709 622 2698 4178 4567 1506 4118 4568 3476
2458 11 2 1 3 2527 2528 2526 378 3333 3332 3324 4241 4252 4247
2459 11 2 1 3 2537 661 2669 2741 4569 3816 3391 3390 3392 3817
2460 11 2 1 3 2675 2562 621 2494 3174 4258 4315 3159 4259 3172
2461 11 2 1 3 647 659 526 2620 1891 971 1952 4570 4571 4572
2462 11 2 1 3 650 2609 2608 482 4479 3682 4412 1575 4286 4480
2463 11 2 1 3 2453 285 2717 523 4573 4503 2809 4436 4199 929
2464 11 2 1 3 398 2518 474 396 3850 3879 1487 1484 1486 4088
2465 11 2 1 3 591 2648 2681 481 4458 3311 4574 1867 4575 4576
2466 11 2 1 3 326 567 2695 595 1123 3969 4177 1136 4332 1138
2467 11 2 1 3 2498 337 339 2495 4520 1189 4544 3175 4538 4173
2468 11 2 1 3 437 2552 2595 586 4577 3459 4338 1680 4086 4578
2469 11 2 1 3 2563 2660 347 2591 3519 4116 4149 3197 4181 3520
2470 11 2 1 3 2590 2598 2657 388 3490 3634 3633 3947 4254 3902
2471 11 2 1 3 2531 557 379 2655 4579 1399 4580 3346 4287 4581
2472 11 2 1 3 2521 2586 2473 374 3068 3067 3065 4357 4274 4299
2473 11 2 1 3 487 588 632 2755 1573 1894 1893 4314 4383 4313
2474 11 2 1 3 417 2488 2561 2509 4238 3142 4237 4369 3143 3140
2475 11 2 1 3 379 2528 2655 2530 4337 3344 4287 4277 3345 3337
2476 11 2 1 3 559 325 328 2487 1132 1124 1133 4125 4208 4100
2477 11 2 1 3 2734 2585 2599 528 3614 3554 3615 4365 4364 4582
2478 11 2 1 3 2504 357 568 2672 4448 1281 4531 3212 4502 4043
2479 11 2 1 3 2529 2528 380 378 3335 4583 4584 4546 1395 4247
2480 11 2 1 3 613 2525 2678 558 4456 3327 4515 1503 4585 4163
2481 11 2 1 3 513 2560 424 389 4586 4587 1451 1452 1450 4588
2482 11 2 1 3 2727 2714 2579 488 3553 3524 3589 4589 4590 4591
2483 11 2 1 3 2690 621 2562 634 4592 4258 3514 4593 4450 1457
2484 11 2 1 3 2490 2661 2508 329 3139 3154 3153 4223 4250 4270
2485 11 2 1 3 360 418 2505 2504 1307 4230 4496 4447 3216 4532
2486 11 2 1 3 316 2479 350 368 4329 3871 1084 1086 1087 4102
2487 11 2 1 3 655 2727 422 2667 4594 3986 1610 4595 4596 3443
2488 11 2 1 3 460 399 2548 408 1500 4539 4143 1499 4127 1405
2489 11 2 1 3 2709 589 622 2747 4179 1507 4567 3478 4597 4598
2490 11 2 1 3 2564 2563 2565 646 3513 3517 3516 4343 4257 4256
2491 11 2 1 3 601 2502 2484 2496 4288 3123 4203 4204 3113 3122
2492 11 2 1 3 2719 2757 490 491 3754 4599 4600 4601 1582 4602
2493 11 2 1 3 397 2518 2663 2567 3920 3204 4221 3921 3296 3294
2494 11 2 1 3 564 367 2676 592 1341 4025 3893 1343 4603 1323
2495 11 2 1 3 2551 2552 435 586 3455 4604 4174 4336 1679 4578
2496 11 2 1 3 2519 474 607 566 3994 1842 4132 3993 1843 1498
2497 11 2 1 3 2658 2544 455 2588 3374 4222 4319 3428 4189 3427
2498 11 2 1 3 486 2573 608 2572 4605 4390 1885 4606 4607 3369
2499 11 2 1 3 605 2489 2675 2491 4272 3147 4333 4273 3148 3145
2500 11 2 1 3 349 2482 2480 2649 4070 3100 4148 4244 3102 3103
2501 11 2 1 3 2748 2702 2734 530 3656 3617 2981 4608 4609 4610
2502 11 2 1 3 365 392 2740 394 1330 4377 4402 1332 3965 1331
2503 11 2 1 3 481 561 2648 2649 1253 4112 4576 4462 3104 4428
2504 11 2 1 3 608 2533 485 2572 4296 4549 1884 4607 4611 3368
2505 11 2 1 3 2508 2593 331 332 3241 4612 4379 4613 1152 4614
2506 11 2 1 3 2714 2727 421 488 3553 3988 4269 4591 1612 4589
2507 11 2 1 3 651 2598 2743 391 4615 3492 4616 1462 4535 3945
2508 11 2 1 3 515 295 632 2635 982 981 980 4114 4617 4618
2509 11 2 1 3 659 647 2597 2620 1891 4334 4619 4572 3658 4570
2510 11 2 1 3 2592 2593 580 331 3240 4484 4620 4414 1160 4612
2511 11 2 1 3 2486 2485 325 2487 3117 4054 3917 3126 4100 3125
2512 11 2 1 3 2659 2571 2549 431 3453 3452 3449 4621 4347 4514
2513 11 2 1 3 2538 2670 403 2575 3273 3926 4079 3396 4374 3398
2514 11 2 1 3 2528 379 2531 380 4337 4580 3343 4583 4622 1394
2515 11 2 1 3 2689 2592 580 340 3639 4620 4308 4468 1163 4416
2516 11 2 1 3 613 445 2525 558 1723 4039 4456 1503 4163 1353
2517 11 2 1 3 320 448 2482 349 1106 3863 3847 1096 4070 1107
2518 11 2 1 3 2648 2474 591 2521 3072 4344 4458 3074 4345 3066
2519 11 2 1 3 2565 2579 633 2580 3522 4303 4304 3527 4266 3526
2520 11 2 1 3 616 452 2647 604 1752 4052 4444 1754 3980 1753
2521 11 2 1 3 332 2508 2594 329 4613 3243 4623 1151 4552 4250
2522 11 2 1 3 338 344 343 2499 1197 1196 1195 4122 4373 3950
2523 11 2 1 3 337 341 574 2497 1191 1193 1182 4137 4017 4452
2524 11 2 1 3 449 422 2547 450 1531 3996 4219 1615 4505 1614
2525 11 2 1 3 383 2535 395 594 4062 4275 1421 1412 1423 4169
2526 11 2 1 3 435 433 2550 479 1667 3868 4175 1670 3953 1669
2527 11 2 1 3 2519 2512 474 2518 3261 4087 3994 3260 3879 3203
2528 11 2 1 3 2544 455 395 594 4222 1481 4186 4276 1423 1483
2529 11 2 1 3 2683 590 2625 519 4624 4625 3709 4032 4626 1714
2530 11 2 1 3 2448 2639 686 2711 2913 4141 4434 2948 4293 2947
2531 11 2 1 3 2454 2748 530 609 2977 4608 4627 4628 1961 4629
2532 11 2 1 3 2522 384 2545 599 4153 4630 3315 4631 4632 1424
2533 11 2 1 3 2518 396 2663 2500 4088 4220 3204 3202 3201 4283
2534 11 2 1 3 2296 2451 2612 287 4372 2925 4633 4371 4511 4154
2535 11 2 1 3 2478 2476 2477 316 3080 3075 3081 4327 4340 4328
2536 11 2 1 3 345 341 342 2501 1209 1199 1210 4091 4126 4472
2537 11 2 1 3 2704 618 629 595 4410 1789 4240 4562 1166 1979
2538 11 2 1 3 2623 2457 292 2624 2782 4634 4635 2993 4636 2992
2539 11 2 1 3 635 575 2674 2664 1426 3885 4637 4638 3432 4407
2540 11 2 1 3 2737 2727 655 2667 3590 4594 4639 3750 4595 3443
2541 11 2 1 3 365 2740 2520 394 4402 3305 4454 1332 4164 3965
2542 11 2 1 3 524 604 2642 593 1957 3984 4430 932 4429 1019
2543 11 2 1 3 399 2548 2678 460 4539 3351 4640 1500 4516 4143
2544 11 2 1 3 2692 587 420 2523 4525 1348 4563 3089 4120 4470
2545 11 2 1 3 2717 522 647 523 4504 1950 4196 4199 1951 928
2546 11 2 1 3 355 568 357 2672 1282 1281 1280 4061 4043 4502
2547 11 2 1 3 568 418 2503 612 1308 4231 4530 1595 3835 1594
2548 11 2 1 3 528 2734 2702 530 4365 3617 4641 1960 4610 4609
2549 11 2 1 3 2741 649 661 440 3972 1706 3817 3818 1697 1705
2550 11 2 1 3 2706 590 2646 2683 4282 4280 3741 3742 3712 4624
2551 11 2 1 3 403 570 2538 447 1373 4147 4079 1521 4524 1523
2552 11 2 1 3 385 400 347 2660 1242 1241 1239 3909 4116 4115
2553 11 2 1 3 339 563 342 2510 1202 1201 1200 4543 4123 4065
2554 11 2 1 3 589 2584 2581 459 4642 3597 4133 1538 4643 4644
2555 11 2 1 3 2750 363 366 365 4645 1319 4646 4401 1320 1314
2556 11 2 1 3 2509 605 2675 606 4526 4333 3149 4499 4647 1593
2557 11 2 1 3 2686 401 375 393 4648 1380 4094 4095 1340 1379
2558 11 2 1 3 581 353 2484 601 1128 4078 3977 1273 4203 1272
2559 11 2 1 3 439 438 2669 437 1688 4649 4326 1687 4650 1682
2560 11 2 1 3 314 2475 587 452 4020 4522 1076 1067 1078 4059
2561 11 2 1 3 2626 469 600 2627 4651 1566 4652 3706 4362 4324
2562 11 2 1 3 524 2642 2643 2453 4430 2972 4517 4432 2973 2806
2563 11 2 1 3 389 2590 388 382 4653 3947 1416 1417 1415 4011
2564 11 2 1 3 388 2590 383 382 3947 4008 1414 1415 1410 4011
2565 11 2 1 3 422 2547 450 2667 3996 4505 1614 4596 4654 3442
2566 11 2 1 3 488 2714 2564 634 4591 3523 4655 1727 4449 4656
2567 11 2 1 3 677 680 282 2700 917 914 915 4657 4658 4659
2568 11 2 1 3 629 2594 2704 595 4660 3648 4240 1166 4562 4551
2569 11 2 1 3 664 2609 2607 650 4478 3683 4661 1874 4662 4479
2570 11 2 1 3 353 324 2485 328 1127 3884 3983 1126 4049 1125
2571 11 2 1 3 607 479 2519 566 1861 4077 4132 1843 3993 1671
2572 11 2 1 3 2579 2727 488 655 3589 4589 4590 4663 1613 4594
2573 11 2 1 3 2567 397 409 597 3921 1490 3889 4226 1491 1492
2574 11 2 1 3 2626 600 520 2624 4652 1827 4490 2995 4664 4361
2575 11 2 1 3 401 2686 413 393 4648 4135 1470 1379 1469 4095
2576 11 2 1 3 2539 2670 387 2514 3274 4015 4554 3266 3935 3272
2577 11 2 1 3 593 2642 1998 302 4429 4665 4666 739 4667 3985
2578 11 2 1 3 513 2656 2560 389 4668 3386 4586 1452 4588 4669
2579 11 2 1 3 2690 2675 621 606 3248 4315 4592 4512 1984 4647
2580 11 2 1 3 661 2537 2665 2741 4569 3365 3970 3817 3389 3390
2581 11 2 1 3 2581 406 589 459 3812 1433 4133 4643 1538 1536
2582 11 2 1 3 2721 2309 2297 296 4670 2361 4671 4672 4673 4674
2583 11 2 1 3 2681 481 2566 624 4575 4461 3532 4290 3843 1865
2584 11 2 1 3 2453 524 285 523 4432 931 4573 4436 929 930
2585 11 2 1 3 624 481 2566 480 1865 4461 3843 1864 3949 1251
2586 11 2 1 3 2486 2695 2661 326 3132 3134 3131 3918 3915 4177
2587 11 2 1 3 2551 2552 2550 435 3455 3454 3299 4174 4175 4604
2588 11 2 1 3 616 626 2643 2693 1608 4675 4445 4564 3739 4475
2589 11 2 1 3 2533 608 485 579 4296 1884 4549 3859 1886 1388
2590 11 2 1 3 2628 2718 415 412 3721 4465 4676 4323 1510 4467
2591 11 2 1 3 2556 466 619 614 4677 1814 4387 4678 1816 1815
2592 11 2 1 3 580 2593 2689 2722 4484 3640 4308 4309 3644 3645
2593 11 2 1 3 626 636 2573 556 1956 4557 4474 1605 4391 1976
2594 11 2 1 3 2572 485 484 2658 4611 1767 4679 3376 4680 4681
2595 11 2 1 3 585 2645 2630 392 4108 3720 4682 1338 4683 4110
2596 11 2 1 3 447 493 2691 492 1730 4684 4353 1646 4354 1731
2597 11 2 1 3 2516 2541 603 2542 3276 4463 4213 3281 4248 3280
2598 11 2 1 3 2640 2607 625 664 2986 4685 4422 4424 953 4661
2599 11 2 1 3 2513 372 2539 572 3759 4553 3265 4151 4686 1367
2600 11 2 1 3 2564 2579 488 646 3521 4590 4655 4343 1895 4305
2601 11 2 1 3 2560 504 424 496 4687 1625 4587 4688 1620 1624
2602 11 2 1 3 630 669 536 2732 1900 993 1970 4394 4689 4393
2603 11 2 1 3 487 2610 413 588 4311 4483 1572 1573 1511 4312
2604 11 2 1 3 2492 2508 2592 331 3152 3163 3162 4378 4414 4379
2605 11 2 1 3 366 392 2750 365 1329 4400 4646 1320 4401 1330
2606 11 2 1 3 316 2478 317 350 4327 4183 1079 1084 1085 4193
2607 11 2 1 3 2484 2654 2502 601 3120 3124 3123 4203 4288 4253
2608 11 2 1 3 2662 2591 343 2687 3199 4320 4442 3254 4321 3638
2609 11 2 1 3 1988 285 522 2717 4690 745 4691 4692 4504 4503
2610 11 2 1 3 2626 2628 469 2627 3713 4322 4651 3706 4324 3714
2611 11 2 1 3 2567 441 2571 2585 4492 4491 3451 3536 3537 4548
2612 11 2 1 3 467 466 2556 2605 1809 4677 4386 4418 3479 4419
2613 11 2 1 3 595 2661 326 329 4331 3915 1136 1137 1134 4270
2614 11 2 1 3 581 2484 448 601 3977 3978 1108 1273 1736 4203
2615 11 2 1 3 1988 1985 285 2717 2073 4693 4690 4692 4503 4694
2616 11 2 1 3 2607 2556 467 650 3484 4386 4695 4662 1819 4388
2617 11 2 1 3 417 328 2488 559 1146 4144 4238 1148 4356 1133
2618 11 2 1 3 2719 2755 588 2718 3732 4313 4696 3725 4697 3694
2619 11 2 1 3 400 2660 2709 2698 4115 3600 4178 4118 3476 3636
2620 11 2 1 3 2705 2509 2690 606 3246 3247 3249 4498 4512 4499
2621 11 2 1 3 362 2507 361 2506 4518 4698 1304 4497 4224 3226
2622 11 2 1 3 623 2689 580 340 4047 4308 1206 1207 1163 4468
2623 11 2 1 3 448 2484 2482 2496 3978 3110 3863 4072 3112 3113
2624 11 2 1 3 338 339 337 2495 1190 1189 1184 4192 4173 4538
2625 11 2 1 3 495 2696 2706 657 4350 3622 4699 1917 4700 4701
2626 11 2 1 3 2643 2692 616 2693 3738 4509 4445 3739 4564 3321
2627 11 2 1 3 399 2678 2526 558 4640 3328 4547 1398 4201 4585
2628 11 2 1 3 451 449 2542 2666 1739 4278 4702 4703 3416 4507
2629 11 2 1 3 2724 2610 487 2755 3689 4311 4382 3696 4314 3695
2630 11 2 1 3 328 2485 2488 2487 4049 3127 4144 4208 3128 3125
2631 11 2 1 3 2532 2665 408 555 3364 3877 4704 4705 1545 3876
2632 11 2 1 3 592 367 2676 2517 1323 4025 4603 4233 3277 4234
2633 11 2 1 3 343 344 347 2591 1196 1220 1219 4320 4181 4214
2634 11 2 1 3 2642 1998 1992 593 4665 2067 4706 4429 4707 4666
2635 11 2 1 3 2557 395 419 391 4191 1459 4190 4285 1460 1422
2636 11 2 1 3 430 416 2645 392 1467 4376 4109 1466 4110 1464
2637 11 2 1 3 611 400 622 2698 1505 1506 1508 3991 4568 4118
2638 11 2 1 3 332 2594 2716 629 4623 3643 4708 1167 3957 4660
2639 11 2 1 3 388 2657 2590 389 4254 3633 3947 1416 4653 4709
2640 11 2 1 3 1989 2001 2684 553 2053 4710 4711 4712 4298 4713
2641 11 2 1 3 2626 520 2677 2457 4490 4260 2996 2994 2779 4477
2642 11 2 1 3 2581 457 2580 406 4714 4715 3528 3812 3815 1534
2643 11 2 1 3 599 2596 2543 493 4716 3419 4717 1733 4718 4719
2644 11 2 1 3 2734 2454 530 527 2980 4627 4609 4105 1959 4106
2645 11 2 1 3 2534 455 485 2658 4389 1766 4550 3375 4681 4319
2646 11 2 1 3 2581 2709 2584 589 3599 3598 3597 4133 4642 4179
2647 11 2 1 3 2686 2676 2608 414 3291 3487 3687 4136 4206 3892
2648 11 2 1 3 2673 340 2592 2688 4417 4416 3164 3264 3641 4457
2649 11 2 1 3 633 488 2579 646 1896 4590 4303 1438 4305 1895
2650 11 2 1 3 2655 2656 557 382 3361 4720 4581 4010 1403 4721
2651 11 2 1 3 446 2690 2714 634 4513 3525 4268 1726 4656 4593
2652 11 2 1 3 360 2506 2671 2504 4367 3222 4368 4447 3223 3221
2653 11 2 1 3 2655 557 379 382 4581 1399 4287 4010 1402 1403
2654 11 2 1 3 614 364 592 2515 1326 1313 1327 4722 4723 4724
2655 11 2 1 3 2563 2562 390 2564 3195 4103 4000 3513 4342 3512
2656 11 2 1 3 457 407 2580 406 1535 3813 4715 1534 3815 1434
2657 11 2 1 3 450 483 2667 2744 1744 4725 4654 4726 3749 4727
2658 11 2 1 3 413 401 588 2718 1470 1512 1511 4728 4697 4466
2659 11 2 1 3 418 362 360 2505 1306 1305 1307 4230 4496 4495
2660 11 2 1 3 602 445 2651 613 1724 4351 4271 1725 4455 1723
2661 11 2 1 3 410 432 2549 431 1554 4341 3912 1549 4347 1555
2662 11 2 1 3 2734 2454 2748 530 2980 2977 2981 4609 4608 4627
2663 11 2 1 3 2550 2551 479 2519 3299 4176 3953 3298 4077 3300
2664 11 2 1 3 495 2706 494 657 4699 4124 1642 1917 1918 4700
2665 11 2 1 3 445 571 2650 350 1258 4022 3922 1257 3923 1093
2666 11 2 1 3 2694 524 2643 2453 4435 4517 2974 2975 2973 4432
2667 11 2 1 3 2587 2706 2696 657 3623 3622 3619 4729 4701 4700
2668 11 2 1 3 353 2654 2485 2484 4034 3121 3983 4078 3115 3120
2669 11 2 1 3 632 2636 2724 2755 4730 3015 4381 4383 3696 3731
2670 11 2 1 3 635 2674 384 2545 4637 4119 1427 4731 4630 3316
2671 11 2 1 3 1985 1992 593 2453 2070 4707 4732 4733 4431 4734
2672 11 2 1 3 2543 570 2522 599 4533 4166 3313 4717 4631 1425
2673 11 2 1 3 2477 2478 316 2479 3081 4327 4340 3086 4329 3085
2674 11 2 1 3 420 587 368 2523 1348 1088 1346 4120 4093 4470
2675 11 2 1 3 2744 464 508 2754 4735 1807 4736 3681 4737 4738
2676 11 2 1 3 391 2557 395 383 4285 4191 1422 1419 1421 4380
2677 11 2 1 3 2699 677 669 2462 4739 1902 4392 3018 4740 4741
2678 11 2 1 3 413 482 2610 487 1570 4482 4483 1572 4311 1571
2679 11 2 1 3 515 632 2636 2635 980 4730 4742 4114 3013 4617
2680 11 2 1 3 628 2587 2521 374 4441 3308 4743 1377 4357 4744
2681 11 2 1 3 440 2669 2595 437 3819 3468 4170 1689 4338 4650
2682 11 2 1 3 2656 2590 389 382 3635 4653 4669 4721 1417 4011
2683 11 2 1 3 2706 2587 494 657 3623 4440 4124 4700 1918 4729
2684 11 2 1 3 684 2537 2532 555 4745 3362 4746 1718 4705 4747
2685 11 2 1 3 619 2676 2556 614 4228 3413 4387 1816 4678 4748
2686 11 2 1 3 605 559 417 2489 1589 1148 1590 4272 4413 4159
2687 11 2 1 3 2642 2471 1998 302 2803 4749 4665 3985 4667 3854
2688 11 2 1 3 2594 2695 2704 595 3647 3649 3648 4551 4562 4332
2689 11 2 1 3 2498 2500 341 2497 3185 4451 4521 3176 4452 3186
2690 11 2 1 3 2643 626 524 2694 4675 1954 4517 2974 4435 4473
2691 11 2 1 3 2657 2560 424 496 3506 4587 4750 4556 1620 4688
2692 11 2 1 3 2635 2680 676 2469 3051 4751 3931 2882 3933 3052
2693 11 2 1 3 682 2751 2602 2732 4752 3669 4753 4754 3672 2966
2694 11 2 1 3 524 285 593 2453 931 742 932 4432 4431 4573
2695 11 2 1 3 2555 603 2542 451 4755 4248 3410 4756 4702 1740
2696 11 2 1 3 2706 427 590 495 4024 1585 4282 4699 1643 1641
2697 11 2 1 3 2683 590 2646 2625 4624 4280 3712 3709 3711 4625
2698 11 2 1 3 2690 2564 2714 634 3515 3523 3525 4593 4656 4449
2699 11 2 1 3 2302 2296 2612 547 2384 4633 4757 4758 4759 4760
2700 11 2 1 3 2648 591 561 481 4458 1073 4112 4576 1253 1867
2701 11 2 1 3 2526 378 399 558 4252 1397 4547 4201 1398 1363
2702 11 2 1 3 2535 2534 2544 594 3355 3373 3372 4169 4276 4242
2703 11 2 1 3 651 551 2598 391 1463 3901 4615 1462 3945 1446
2704 11 2 1 3 2695 2594 2661 595 3647 3244 3134 4332 4331 4551
2705 11 2 1 3 668 2452 2696 652 3864 2970 4348 939 4761 4762
2706 11 2 1 3 564 2676 619 614 3893 4228 1576 1977 1816 4748
2707 11 2 1 3 639 648 2633 2578 947 4763 4764 4301 3585 4300
2708 11 2 1 3 2564 390 646 634 4342 1248 4343 4449 1458 1456
2709 11 2 1 3 659 2597 486 2728 4619 4765 1882 4766 4767 3562
2710 11 2 1 3 529 441 597 2585 1709 1553 1710 4487 4488 4548
2711 11 2 1 3 362 361 360 2506 1304 1300 1305 4497 4367 4224
2712 11 2 1 3 2692 2477 587 2523 3077 4469 4525 3089 4470 3088
2713 11 2 1 3 2295 2454 2720 527 4768 2904 4769 4770 4107 4106
2714 11 2 1 3 2557 419 2743 391 4190 4771 3488 4285 4535 1460
2715 11 2 1 3 2515 364 361 2516 4724 1302 4772 3232 4139 4138
2716 11 2 1 3 572 477 2540 611 1638 4773 4210 1841 4069 1855
2717 11 2 1 3 2647 2643 2692 616 3737 3738 3079 4444 4509 4445
2718 11 2 1 3 392 416 2740 394 1464 3964 4377 1331 3965 1465
2719 11 2 1 3 2727 421 488 655 3988 1612 4589 4594 1613 1609
2720 11 2 1 3 621 390 2562 634 1454 4103 4258 1457 4450 1456
2721 11 2 1 3 2666 450 2547 2667 4506 4505 3417 3441 3442 4654
2722 11 2 1 3 2681 481 2649 2566 4575 4462 3531 3532 3184 4461
2723 11 2 1 3 344 2563 2591 2499 3999 3197 4214 3950 3198 3196
2724 11 2 1 3 2549 432 2659 431 4341 4500 3449 4347 4621 1555
2725 11 2 1 3 2534 485 2533 2572 4550 4549 3353 3367 3368 4611
2726 11 2 1 3 554 2605 2606 465 4161 3481 4774 1805 4775 4162
2727 11 2 1 3 2718 588 2719 415 4697 4696 3725 4465 4776 1513
2728 11 2 1 3 2605 466 2555 465 4419 4777 3480 4162 4778 1749
2729 11 2 1 3 2477 2475 2692 587 3076 3078 3077 4469 4525 4522
2730 11 2 1 3 655 660 2737 2667 1618 4779 4639 4595 3750 4780
2731 11 2 1 3 341 2501 2500 2498 4472 3191 4451 4521 3185 3190
2732 11 2 1 3 2520 2750 2740 365 3239 3306 3305 4454 4402 4401
2733 11 2 1 3 686 2713 2711 583 4527 2949 4293 989 4781 4782
2734 11 2 1 3 529 2664 2702 2585 4486 3433 4783 4487 3616 3539
2735 11 2 1 3 362 2520 2507 2505 4453 3228 4518 4495 3225 3227
2736 11 2 1 3 2140 288 541 2633 4784 790 4785 4786 4787 4788
2737 11 2 1 3 2627 585 600 430 4330 1568 4362 4263 1655 1468
2738 11 2 1 3 633 655 501 2737 1897 1939 1543 4265 4264 4639
2739 11 2 1 3 677 540 669 2462 916 994 1902 4741 4740 4789
2740 11 2 1 3 2572 484 486 2728 4679 1881 4606 3561 4767 4790
2741 11 2 1 3 629 2716 332 645 3957 4708 1167 1168 1164 4053
2742 11 2 1 3 343 2591 2662 2499 4320 3199 4442 4373 3179 3198
2743 11 2 1 3 490 2628 2719 415 4791 3724 4600 1579 4776 4676
2744 11 2 1 3 2582 2581 2584 459 3592 3597 3596 4792 4644 4643
2745 11 2 1 3 2657 424 2560 389 4750 4587 3506 4709 4588 1450
2746 11 2 1 3 449 2542 603 451 4278 4248 1741 1739 1740 4702
2747 11 2 1 3 2650 2478 2479 350 3090 3085 3091 3923 3871 4193
2748 11 2 1 3 2147 283 2464 2155 4793 4794 4795 2221 4796 4797
2749 11 2 1 3 614 2556 466 2541 4678 4677 1815 4798 4799 3411
2750 11 2 1 3 2540 2513 2539 572 3267 3265 3268 4210 4686 4151
2751 11 2 1 3 2717 2694 2453 523 2976 2975 2809 4199 4436 4198
2752 11 2 1 3 653 307 2707 627 1045 4800 4801 1035 4802 1047
2753 11 2 1 3 2704 2651 2678 613 3747 3331 3446 4409 4515 4455
2754 11 2 1 3 660 655 422 2667 1618 1610 1616 4780 4596 4595
2755 11 2 1 3 683 2736 475 2619 4019 3905 1845 4803 4384 3025
2756 11 2 1 3 2593 580 331 332 4484 1160 4612 4614 1152 1159
2757 11 2 1 3 2544 395 2557 2535 4186 4191 3378 3372 3377 4275
2758 11 2 1 3 2706 590 2683 495 4282 4624 3742 4699 4349 1643
2759 11 2 1 3 2740 2645 2646 416 3727 3710 3740 3964 3963 4376
2760 11 2 1 3 2540 477 2554 611 4773 4804 3404 4069 4805 1855
2761 11 2 1 3 2571 409 431 441 4202 1550 4514 4491 1551 1552
2762 11 2 1 3 623 340 607 2688 1207 1204 1208 4217 4216 4457
2763 11 2 1 3 2681 2521 591 628 3310 4345 4574 4291 1376 4743
2764 11 2 1 3 2657 388 423 389 4254 1444 4255 4709 1445 1416
2765 11 2 1 3 2455 2640 625 289 2870 4422 4806 4807 950 4423
2766 11 2 1 3 1994 1988 526 2717 2076 4808 4809 4810 4536 4692
2767 11 2 1 3 471 2605 467 625 4160 4418 1811 1817 1818 4811
2768 11 2 1 3 595 332 2594 329 1153 4623 4551 1137 4552 1151
2769 11 2 1 3 2507 363 2750 365 4812 4645 3237 4519 4401 1314
2770 11 2 1 3 332 2716 2593 645 4708 3642 4614 1164 4485 4053
2771 11 2 1 3 503 490 2757 491 1904 4599 4813 1903 4602 1582
2772 11 2 1 3 345 396 341 2500 1212 1211 1209 4317 4451 4283
2773 11 2 1 3 568 2503 2504 2502 4530 3210 4531 4501 3211 3181
2774 11 2 1 3 2712 470 484 673 4814 1765 4815 4816 1830 1831
2775 11 2 1 3 282 680 2639 2700 914 4142 4817 4658 3020 4659
2776 11 2 1 3 2463 2736 521 683 3024 3904 4818 4819 999 4019
2777 11 2 1 3 658 676 631 2469 1948 1041 834 3932 4820 3933
2778 11 2 1 3 567 618 2695 595 1978 4113 3969 1138 4332 1979
2779 11 2 1 3 2569 489 438 2699 4821 1684 4822 3547 3801 3800
2780 11 2 1 3 2531 2536 443 557 3358 4823 4824 4579 1408 4825
2781 11 2 1 3 501 458 407 2580 1541 1540 1542 4267 3813 4427
2782 11 2 1 3 2691 2574 2543 447 3421 3395 3422 4353 4534 4352
2783 11 2 1 3 1991 2708 538 1997 4826 4827 4828 2027 4829 4830
2784 11 2 1 3 2510 339 2662 2498 4543 4537 3194 3192 3178 4544
2785 11 2 1 3 2502 2504 568 2672 3211 4531 4501 3213 4502 3212
2786 11 2 1 3 2557 2590 2535 383 3380 3379 3377 4380 4062 4008
2787 11 2 1 3 588 2755 2719 491 4313 3732 4696 1583 4601 4831
2788 11 2 1 3 481 2648 2681 2649 4576 3311 4575 4462 3531 3104
2789 11 2 1 3 588 2610 413 2718 4312 4483 1511 4697 4728 3693
2790 11 2 1 3 348 344 390 2563 1225 1227 1226 4150 4000 3999
2791 11 2 1 3 2757 2719 2680 491 3754 3730 3753 4602 4832 4601
2792 11 2 1 3 409 441 2567 597 1552 4492 3889 1491 4226 1553
2793 11 2 1 3 2517 363 366 2750 4232 1319 4833 3238 4646 4645
2794 11 2 1 3 483 509 2731 2638 1875 4834 4835 4836 3734 4837
2795 11 2 1 3 2466 2757 538 674 3039 4838 4839 3837 1013 4840
2796 11 2 1 3 575 2674 384 635 3885 4119 1238 1426 1427 4637
2797 11 2 1 3 2293 2300 2451 297 2378 4841 4359 4842 4843 4844
2798 11 2 1 3 676 515 2680 2635 1941 4845 4751 3931 3051 4114
2799 11 2 1 3 2478 316 317 315 4327 1079 4183 4184 1080 1075
2800 11 2 1 3 2694 626 524 523 4473 1954 4435 4198 930 1953
2801 11 2 1 3 488 446 2714 634 1611 4268 4591 1727 4656 1726
2802 11 2 1 3 439 438 2753 2669 1688 4846 4847 4326 3393 4649
2803 11 2 1 3 506 2576 429 468 4848 4849 1649 1650 1561 4850
2804 11 2 1 3 285 1985 593 2453 4693 4732 742 4573 4431 4733
2805 11 2 1 3 2574 2538 2543 447 3394 3312 3395 4352 4534 4524
2806 11 2 1 3 631 2145 658 2469 4851 4404 834 4820 3932 4405
2807 11 2 1 3 468 506 2600 662 1650 4852 4853 1821 4854 1033
2808 11 2 1 3 2488 559 2487 2489 4356 4125 3128 3135 3136 4159
2809 11 2 1 3 420 626 616 2693 1604 1608 1607 4194 4564 4475
2810 11 2 1 3 673 659 2728 293 974 4766 4855 973 4856 970
2811 11 2 1 3 367 375 2686 2517 1334 4094 4096 4234 3289 4857
2812 11 2 1 3 339 2662 2498 2495 4537 3178 4544 4538 3175 3177
2813 11 2 1 3 622 2554 611 2698 4858 4805 1508 4568 3991 3407
2814 11 2 1 3 2525 2650 445 2651 3099 3922 4039 3330 4351 3329
2815 11 2 1 3 464 554 508 2754 1804 921 1807 4738 4737 4859
2816 11 2 1 3 516 687 470 2588 1025 1832 1763 4860 4187 4861
2817 11 2 1 3 363 2507 361 362 4812 4698 1309 1310 1304 4518
2818 11 2 1 3 547 2296 2612 287 4760 4633 4759 886 4511 4371
2819 11 2 1 3 380 2528 379 378 4583 4337 1394 1395 1390 4247
2820 11 2 1 3 623 2551 2689 2688 4215 3462 4047 4217 3463 3301
2821 11 2 1 3 2464 511 508 2638 4862 918 4863 3030 4864 4865
2822 11 2 1 3 485 455 2534 594 1766 4389 4550 1768 4242 1483
2823 11 2 1 3 482 2608 650 414 4286 4412 1575 1569 1574 4206
2824 11 2 1 3 2545 635 2702 644 4731 4866 3430 4867 4868 1967
2825 11 2 1 3 2488 417 2489 2509 4238 4413 3135 3140 3141 4369
2826 11 2 1 3 2509 417 605 606 4369 1590 4526 4499 1593 1591
2827 11 2 1 3 477 2634 478 476 4869 4870 1850 1636 1849 4871
2828 11 2 1 3 325 559 327 2487 1132 1131 1130 4100 4099 4125
2829 11 2 1 3 2562 2564 2690 634 3512 3515 3514 4450 4593 4449
2830 11 2 1 3 2646 590 416 442 4280 1584 3963 4872 1587 1588
2831 11 2 1 3 614 564 2676 592 1977 3893 4748 1327 4603 1343
2832 11 2 1 3 423 2657 424 496 4255 4750 1449 1619 1620 4556
2833 11 2 1 3 2684 2001 2644 553 4710 4873 2794 4298 4212 4713
2834 11 2 1 3 397 345 575 2663 1232 1229 1233 4221 4004 4003
2835 11 2 1 3 636 2573 608 486 4557 4390 1887 1888 1885 4605
2836 11 2 1 3 541 288 648 2633 790 946 945 4787 4763 4788
2837 11 2 1 3 2609 2610 2608 482 3686 3685 3682 4480 4286 4482
2838 11 2 1 3 2531 2529 2528 380 3342 3335 3343 4622 4583 4584
2839 11 2 1 3 2448 2309 2721 296 4874 4670 2910 4529 4672 4674
2840 11 2 1 3 2746 2707 307 627 2828 4800 4875 4876 1047 4802
2841 11 2 1 3 2529 2548 2678 399 3349 3351 3336 4540 4640 4539
2842 11 2 1 3 570 384 2522 599 1268 4153 4166 1425 4631 1424
2843 11 2 1 3 2733 2685 2578 462 3001 3586 3580 4560 4877 4561
2844 11 2 1 3 562 343 347 2591 1221 1219 1222 4182 4181 4320
2845 11 2 1 3 603 466 2555 2541 1751 4777 4755 4463 3409 4799
2846 11 2 1 3 360 2505 2506 2504 4496 3220 4367 4447 3221 3216
2847 11 2 1 3 415 490 2628 469 1579 4791 4676 1564 4322 1580
2848 11 2 1 3 590 2646 2625 442 4280 3711 4625 1588 4565 4872
2849 11 2 1 3 2293 2451 535 297 4359 4157 4358 4842 880 4843
2850 11 2 1 3 2515 363 592 2517 4878 1312 4723 3236 4233 4232
2851 11 2 1 3 484 659 486 2728 1883 1882 1881 4790 4767 4766
2852 11 2 1 3 486 2597 2573 2572 4765 3560 4605 4606 3369 3559
2853 11 2 1 3 652 2684 2696 472 4879 2971 4761 1837 4880 4297
2854 11 2 1 3 2609 2608 2607 650 3682 3486 3683 4479 4662 4412
2855 11 2 1 3 364 614 2541 2515 1326 4798 4464 4724 3275 4722
2856 11 2 1 3 455 484 485 2658 1764 1767 1766 4319 4681 4680
2857 11 2 1 3 2711 500 686 583 4881 1937 4293 4781 989 1666
2858 11 2 1 3 2525 2678 2651 613 3327 3331 3330 4456 4455 4515
2859 11 2 1 3 2729 2638 509 2637 3733 4837 4882 2953 4883 3029
2860 11 2 1 3 2748 2758 2596 656 3657 3654 3655 4884 4885 4886
2861 11 2 1 3 2655 2530 2535 381 3345 3354 3356 4012 4063 4167
2862 11 2 1 3 654 2682 469 2626 3824 4887 1826 4489 4651 3715
2863 11 2 1 3 2702 529 528 530 4783 1708 4641 4610 1960 1962
2864 11 2 1 3 368 316 2477 587 1086 4340 4459 1088 4469 1077
2865 11 2 1 3 655 633 2579 2737 1897 4303 4663 4639 3587 4265
2866 11 2 1 3 286 1986 2631 1987 4888 4889 4890 4891 4892 2047
2867 11 2 1 3 339 343 2662 338 1194 4442 4537 1190 4510 1195
2868 11 2 1 3 2535 383 381 594 4062 1409 4063 4169 1411 1412
2869 11 2 1 3 341 396 574 2500 1211 1213 1193 4451 4284 4283
2870 11 2 1 3 366 2630 585 375 4893 4682 1337 1335 1336 4894
2871 11 2 1 3 332 331 2508 329 1152 4379 4613 1151 4250 1149
2872 11 2 1 3 442 416 2645 430 1587 4376 4420 1586 4109 1467
2873 11 2 1 3 2448 2721 2713 296 2910 2951 2950 4529 4528 4672
2874 11 2 1 3 481 349 2649 480 1252 4244 4462 1251 4245 1250
2875 11 2 1 3 2502 355 568 601 4481 1282 4501 4288 1283 1271
2876 11 2 1 3 2620 2728 659 293 3002 4766 4572 4895 970 4856
2877 11 2 1 3 2545 635 2674 2664 4731 4637 3316 3431 3432 4638
2878 11 2 1 3 583 2713 2721 296 4782 2951 4896 988 4672 4528
2879 11 2 1 3 493 2691 2543 447 4684 3422 4718 1730 4534 4353
2880 11 2 1 3 684 661 2537 555 1934 4569 4745 1718 4747 1975
2881 11 2 1 3 326 2661 327 329 3915 3914 1129 1134 1135 4270
2882 11 2 1 3 2663 2674 575 2664 3209 3885 4004 3540 4407 3432
2883 11 2 1 3 2682 2628 490 469 3716 4791 4897 4887 1580 4322
2884 11 2 1 3 656 2596 2748 644 4885 3655 4884 1915 4898 4899
2885 11 2 1 3 2675 621 2562 2690 4315 4258 3174 3248 3514 4592
2886 11 2 1 3 686 2713 583 296 4527 4782 989 985 988 4528
2887 11 2 1 3 2643 616 604 524 4445 1754 4446 4517 1957 1958
2888 11 2 1 3 378 380 2529 399 1395 4584 4546 1397 4540 1396
2889 11 2 1 3 2702 635 2664 529 4866 4638 3433 4783 4486 1965
2890 11 2 1 3 562 400 611 2698 1243 1505 1504 3990 3991 4118
2891 11 2 1 3 2713 2448 686 2711 2950 4434 4527 2949 4293 2948
2892 11 2 1 3 2689 2592 340 2688 3639 4416 4468 3463 4457 3641
2893 11 2 1 3 2488 328 417 354 4144 1146 4238 4145 1147 1144
2894 11 2 1 3 2717 1985 285 2453 4694 4693 4503 2809 4573 4733
2895 11 2 1 3 2646 590 427 416 4280 1585 4281 3963 1474 1584
2896 11 2 1 3 2478 2480 2476 315 3083 3082 3080 4184 4005 4050
2897 11 2 1 3 557 2531 2656 2655 4579 3360 4720 4581 3361 3346
2898 11 2 1 3 2532 2665 2548 408 3364 3366 3350 4704 4127 3877
2899 11 2 1 3 516 454 456 2589 1761 1599 1762 4900 4901 4902
2900 11 2 1 3 606 621 2690 634 1984 4592 4512 1729 4593 1457
2901 11 2 1 3 2593 2594 2716 332 3242 3643 3642 4614 4708 4623
2902 11 2 1 3 2591 2698 562 2687 3637 3990 4182 3638 3927 3408
2903 11 2 1 3 395 455 2544 454 1481 4222 4186 1479 4185 1482
2904 11 2 1 3 2675 2489 605 2509 3147 4272 4333 3149 4526 3141
2905 11 2 1 3 2560 2656 2657 389 3386 3507 3506 4588 4709 4669
2906 11 2 1 3 2593 2592 2508 331 3240 3163 3241 4612 4379 4414
2907 11 2 1 3 301 2004 2677 642 4903 4904 3764 709 4261 4905
2908 11 2 1 3 2754 2464 508 2638 3027 4863 4737 3031 4864 3030
2909 11 2 1 3 2651 618 602 613 4366 1980 4271 4455 1725 1788
2910 11 2 1 3 345 2501 2663 2500 4091 3200 4003 4317 3201 3191
2911 11 2 1 3 2573 636 2597 486 4557 4335 3560 4605 4765 1888
2912 11 2 1 3 2532 2529 380 408 3347 4584 4906 4704 1404 4541
2913 11 2 1 3 684 2536 2537 498 4907 3363 4745 1933 4908 4909
2914 11 2 1 3 512 617 2614 653 1005 4910 4911 1944 4912 1046
2915 11 2 1 3 601 568 2502 612 1283 4501 4288 1737 4289 1595
2916 11 2 1 3 431 432 2659 583 1555 4500 4621 1658 4913 1657
2917 11 2 1 3 561 481 349 2649 1253 1252 1098 4428 4244 4462
2918 11 2 1 3 315 318 2480 561 1082 3976 4050 1071 4051 1083
2919 11 2 1 3 2624 2626 600 2627 2995 4652 4361 3707 4362 3706
2920 11 2 1 3 2595 2689 2722 638 3461 3644 3651 4045 4310 4046
2921 11 2 1 3 471 2455 2605 625 4545 2982 4160 1817 4811 4806
2922 11 2 1 3 2590 2656 2655 382 3635 3361 3381 4011 4010 4721
2923 11 2 1 3 607 340 573 2688 1204 1173 1205 4216 4306 4457
2924 11 2 1 3 2531 443 2532 380 4824 4914 3348 4622 4906 1406
2925 11 2 1 3 2580 2582 457 2581 3591 4915 4715 3528 4714 3592
2926 11 2 1 3 331 580 2592 340 1160 4620 4414 1161 4416 1163
2927 11 2 1 3 2642 2643 2647 604 2972 3737 3059 3984 3980 4446
2928 11 2 1 3 605 621 2675 606 1758 4315 4333 1593 4647 1984
2929 11 2 1 3 2586 2696 2684 472 3618 2971 3620 4236 4297 4880
2930 11 2 1 3 452 2692 587 616 4508 4525 1078 1752 1606 4509
2931 11 2 1 3 2531 379 2528 2655 4580 4337 3343 3346 3344 4287
2932 11 2 1 3 2508 2661 2594 329 3154 3244 3243 4250 4552 4270
2933 11 2 1 3 2617 669 540 2462 4916 994 4917 2919 4789 4740
2934 11 2 1 3 502 2599 2571 2585 4918 3555 4919 4920 3537 3554
2935 11 2 1 3 2748 2454 2621 609 2977 2901 2978 4629 4921 4628
2936 11 2 1 3 2696 668 652 495 4348 939 4761 4350 1922 1921
2937 11 2 1 3 375 366 2630 2517 1335 4893 4894 4857 3286 4833
2938 11 2 1 3 491 2719 588 415 4601 4696 1583 1581 1513 4776
2939 11 2 1 3 2506 2515 361 2516 3231 4772 4224 3233 4139 3232
2940 11 2 1 3 2528 2529 2526 378 3335 3334 3332 4247 4252 4546
2941 11 2 1 3 2140 541 2142 2450 4785 4922 2201 4923 4924 4925
2942 11 2 1 3 2582 457 458 2580 4915 1539 4426 3591 4427 4715
2943 11 2 1 3 379 557 2531 380 1399 4579 4580 1394 4622 1400
2944 11 2 1 3 418 360 568 2504 1307 1293 1308 4532 4531 4447
2945 11 2 1 3 316 314 2477 587 1074 4339 4340 1077 4469 1076
2946 11 2 1 3 486 485 484 2572 1880 1767 1881 4606 4679 4611
2947 11 2 1 3 2550 2568 434 435 3456 4926 4083 4175 1668 4927
2948 11 2 1 3 341 339 342 2498 1192 1200 1199 4521 4542 4544
2949 11 2 1 3 2678 399 613 558 4640 1502 4515 4585 1503 1398
2950 11 2 1 3 561 2480 2648 2649 4051 3084 4112 4428 3104 3102
2951 11 2 1 3 337 339 341 2498 1189 1192 1191 4520 4521 4544
2952 11 2 1 3 2596 2543 2545 599 3419 3314 3420 4716 4632 4717
2953 11 2 1 3 2649 2496 2566 480 3114 3182 3184 4245 3949 3907
2954 11 2 1 3 2731 675 660 2737 4928 1879 4929 3609 4779 4930
2955 11 2 1 3 2500 2512 574 2497 3187 3940 4284 3186 4017 3188
2956 11 2 1 3 2586 2696 472 657 3618 4880 4236 4931 1375 4701
2957 11 2 1 3 501 660 675 2737 1940 1879 1778 4264 4930 4779
2958 11 2 1 3 400 2709 589 622 4178 4179 1431 1506 1507 4567
2959 11 2 1 3 2633 667 639 2685 4932 949 4764 2843 4933 4934
2960 11 2 1 3 2583 675 2731 2737 4935 4928 3607 3595 3609 4930
2961 11 2 1 3 2593 2508 2594 332 3241 3243 3242 4614 4623 4613
2962 11 2 1 3 530 528 2734 527 1960 4365 4609 1959 4105 927
2963 11 2 1 3 2645 2627 585 2630 3708 4330 4108 3720 4682 3719
2964 11 2 1 3 2554 622 2709 2698 4858 4567 3477 3407 3476 4568
2965 11 2 1 3 363 2507 362 365 4812 4518 1310 1314 1315 4519
2966 11 2 1 3 2581 457 406 459 4714 1534 3812 4643 1536 1537
2967 11 2 1 3 474 573 574 2512 1844 1183 1488 4087 3940 3939
2968 11 2 1 3 2002 2620 1994 293 4936 4937 2079 4938 4939 4895
2969 11 2 1 3 359 360 361 2506 1291 1300 1299 4225 4224 4367
2970 11 2 1 3 2496 2502 2503 612 3122 3181 3180 3908 3835 4289
2971 11 2 1 3 603 614 466 2541 1328 1815 1751 4463 4799 4798
2972 11 2 1 3 2556 2607 2608 650 3484 3486 3485 4388 4412 4662
2973 11 2 1 3 2673 573 2688 2512 3874 4306 3264 3189 3263 3939
2974 11 2 1 3 2457 292 2000 2623 4634 4940 4941 2782 4942 4635
2975 11 2 1 3 2545 2543 2522 599 3314 3313 3315 4632 4631 4717
2976 11 2 1 3 684 2532 443 555 4746 4914 1717 1718 1544 4705
2977 11 2 1 3 2669 2552 2595 437 3467 3459 3468 4650 4338 4577
2978 11 2 1 3 2534 2544 455 2658 3373 4222 4389 3375 4319 3374
2979 11 2 1 3 511 509 2638 2637 1945 4837 4865 4943 3029 4883
2980 11 2 1 3 592 361 363 2515 1311 1309 1312 4723 4878 4772
2981 11 2 1 3 2654 355 353 354 4058 1270 4034 4036 1145 1269
2982 11 2 1 3 593 1992 2642 2453 4707 4706 4429 4431 2806 4734
2983 11 2 1 3 2490 2661 327 2487 3139 3914 4073 3138 4099 3130
2984 11 2 1 3 380 443 2532 408 1406 4914 4906 1404 4704 1407
2985 11 2 1 3 2702 635 2545 2664 4866 4731 3430 3433 3431 4638
2986 11 2 1 3 2295 2301 2454 609 2352 4944 4768 4945 4628 4946
2987 11 2 1 3 2720 2599 284 528 3665 4947 4948 4363 923 4364
2988 11 2 1 3 436 2552 437 435 4949 4577 1678 1672 1677 4604
2989 11 2 1 3 2581 2582 457 459 3592 4915 4714 4643 1537 4792
2990 11 2 1 3 2755 2610 588 2718 3695 4312 4313 3694 4697 3693
2991 11 2 1 3 2468 2614 617 653 3048 4910 4950 4951 1046 4912
2992 11 2 1 3 1988 522 526 2717 4691 748 4808 4692 4536 4504
2993 11 2 1 3 530 2748 2702 644 4608 3656 4610 1963 4868 4898
2994 11 2 1 3 451 2606 464 2666 4952 4953 1743 4703 4954 3483
2995 11 2 1 3 637 2724 632 2461 4955 4381 984 4956 4957 3014
2996 11 2 1 3 480 448 2496 612 1249 4072 3907 1735 3908 1734
2997 11 2 1 3 368 2477 2479 2523 4459 3086 4102 4093 3087 3088
2998 11 2 1 3 641 2751 2602 682 4307 3669 4958 1942 4753 4752
2999 11 2 1 3 445 369 2525 558 1256 4038 4039 1353 4163 1352
3000 11 2 1 3 2488 2561 2654 354 3142 3144 3129 4145 4036 3937
3001 11 2 1 3 456 454 419 2558 1599 1480 1600 4959 4026 4028
3002 11 2 1 3 661 439 2537 2669 1698 4960 4569 3816 3391 4326
3003 11 2 1 3 622 589 640 2747 1507 1782 1860 4597 4961 4598
3004 11 2 1 3 2597 647 659 486 4334 1891 4619 4765 1882 1890
3005 11 2 1 3 2654 2502 355 2672 3124 4481 4058 3214 4061 3213
3006 11 2 1 3 563 339 343 2662 1202 1194 1203 4443 4442 4537
3007 11 2 1 3 305 631 676 2469 1040 1041 1039 4962 3933 4820
3008 11 2 1 3 426 2539 387 572 4963 4554 1442 1443 1366 4686
3009 11 2 1 3 402 387 425 2670 1370 1440 1439 3925 4964 4015
3010 11 2 1 3 2757 538 674 503 4838 1013 4840 4813 1905 1036
3011 11 2 1 3 2585 502 2599 528 4920 4918 3554 4582 4364 924
3012 11 2 1 3 2719 2755 2636 491 3732 3731 3729 4601 4965 4831
3013 11 2 1 3 632 2724 2636 2461 4381 3015 4730 4957 3012 3014
3014 11 2 1 3 2526 2529 2678 399 3334 3336 3328 4547 4640 4540
3015 11 2 1 3 2522 384 2674 2545 4153 4119 3259 3315 3316 4630
3016 11 2 1 3 299 617 2742 2614 844 4966 4967 4968 3010 4910
3017 11 2 1 3 2536 2656 513 557 3359 4668 4969 4825 1453 4720
3018 11 2 1 3 2003 2447 280 308 4970 4101 4971 4972 733 4066
3019 11 2 1 3 2464 508 283 2754 4863 919 4794 3027 4973 4737
3020 11 2 1 3 363 361 2507 2515 1309 4698 4812 4878 3230 4772
3021 11 2 1 3 2658 470 484 2712 4318 1765 4680 3628 4815 4814
3022 11 2 1 3 554 283 508 2754 920 919 921 4859 4737 4973
3023 11 2 1 3 2464 283 511 2155 4794 808 4862 4796 4974 4797
3024 11 2 1 3 2495 338 2662 2499 4192 4510 3177 3171 3179 4122
3025 11 2 1 3 329 331 2508 330 1149 4379 4250 1139 4251 1150
3026 11 2 1 3 2600 2576 506 468 3574 4848 4852 4853 1650 4850
3027 11 2 1 3 466 2555 2556 2605 4777 3412 4677 4419 3479 3480
3028 11 2 1 3 2631 2452 286 1987 2788 4975 4890 4892 4891 4976
3029 11 2 1 3 2572 486 2597 2728 4606 4765 3559 3561 3562 4767
3030 11 2 1 3 2477 2476 2475 314 3075 3071 3076 4339 4020 4029
3031 11 2 1 3 2666 464 450 2744 4954 1742 4506 3680 4726 4735
3032 11 2 1 3 366 392 2630 2750 1329 4683 4893 4646 3290 4400
3033 11 2 1 3 513 443 2536 557 1715 4823 4969 1453 4825 1408
3034 11 2 1 3 527 2454 530 609 4106 4627 1959 856 1961 4628
3035 11 2 1 3 2155 511 2464 2637 4974 4862 4796 4977 2861 4943
3036 11 2 1 3 429 2576 411 468 4849 4978 1560 1561 1562 4850
3037 11 2 1 3 2592 331 340 333 4414 1161 4416 4415 1162 1154
3038 11 2 1 3 292 514 2623 2624 966 4979 4635 4636 2993 4980
3039 11 2 1 3 2586 2521 2587 374 3068 3308 3307 4299 4744 4357
3040 11 2 1 3 2664 635 575 597 4638 1426 4407 4408 1493 1966
3041 11 2 1 3 2682 2628 2719 490 3716 3724 3723 4897 4600 4791
3042 11 2 1 3 364 614 603 2541 1326 1328 1325 4464 4463 4798
3043 11 2 1 3 2681 591 481 628 4574 1867 4575 4291 1868 1376
3044 11 2 1 3 374 2587 2586 657 4744 3307 4299 1374 4931 4729
3045 11 2 1 3 2728 2712 484 673 3006 4815 4790 4855 1830 4816
3046 11 2 1 3 2538 570 2522 2543 4147 4166 3271 3312 3313 4533
3047 11 2 1 3 2458 2685 510 2153 2840 4559 4981 4982 4983 4984
3048 11 2 1 3 424 2657 423 389 4750 4255 1449 1450 1445 4709
3049 11 2 1 3 668 2683 590 495 3866 4624 1920 1921 1643 4349
3050 11 2 1 3 2689 2592 2593 580 3639 3240 3640 4308 4484 4620
3051 11 2 1 3 559 605 560 2489 1589 1756 1143 4159 4158 4272
3052 11 2 1 3 503 2757 2680 491 4813 3753 4985 1903 4832 4602
3053 11 2 1 3 2689 580 638 623 4308 1981 4046 4047 1982 1206
3054 11 2 1 3 357 568 360 2504 1281 1293 1292 4448 4447 4531
3055 11 2 1 3 428 2574 403 2575 4986 4523 1519 4987 4374 3397
3056 11 2 1 3 591 2648 2521 2681 4458 3074 4345 4574 3310 3311
3057 11 2 1 3 2707 2152 304 2146 4988 4989 4990 4991 4992 2181
3058 11 2 1 3 2607 467 2605 625 4695 4418 2983 4685 4811 1818
3059 11 2 1 3 442 2624 514 430 4421 4980 1654 1586 1653 4262
3060 11 2 1 3 677 669 489 2699 1902 1901 1898 4739 3800 4392
3061 11 2 1 3 577 621 390 2562 1455 1454 1228 4104 4103 4258
3062 11 2 1 3 599 644 2596 493 1913 4899 4716 1733 4719 1914
3063 11 2 1 3 403 428 2575 411 1519 4987 4374 1514 4993 1520
3064 11 2 1 3 369 350 2479 368 1255 3871 3872 1254 4102 1087
3065 11 2 1 3 283 2611 610 2141 4994 4995 811 4996 4494 4997
3066 11 2 1 3 644 2596 2545 599 4899 3420 4867 1913 4632 4716
3067 11 2 1 3 2552 2551 2595 586 3455 3460 3459 4578 4086 4336
3068 11 2 1 3 2536 665 2559 498 4998 4999 3383 4909 5000 1790
3069 11 2 1 3 582 512 2614 2576 1002 4911 5001 5002 3579 5003
3070 11 2 1 3 2699 2617 669 2732 3017 4916 4392 3676 4393 2965
3071 11 2 1 3 593 604 2642 302 1019 3984 4429 739 3985 1020
3072 11 2 1 3 2736 2589 456 2619 3630 4901 3906 3025 4385 3496
3073 11 2 1 3 661 2665 2537 555 3970 3365 4569 1975 4747 3876
3074 11 2 1 3 418 2503 2505 2504 4231 3215 4230 4532 3216 3210
3075 11 2 1 3 613 399 2678 460 1502 4640 4515 1501 4516 1500
3076 11 2 1 3 2647 2692 2475 452 3079 3078 3064 4052 4059 4508
3077 11 2 1 3 638 440 2595 586 1703 4170 4045 1702 4086 1691
3078 11 2 1 3 2572 2534 485 2658 3367 4550 4611 3376 4681 3375
3079 11 2 1 3 478 2554 2634 477 5004 3469 4870 1850 4869 4804
3080 11 2 1 3 2720 284 2294 2295 4948 5005 5006 4769 2355 5007
3081 11 2 1 3 2562 577 2494 2499 4104 4056 3172 3173 3170 3952
3082 11 2 1 3 338 577 344 2499 1186 1198 1197 4122 3950 3952
3083 11 2 1 3 2457 2626 520 2624 2994 4490 4477 2992 4664 2995
3084 11 2 1 3 2675 2690 2509 606 3248 3247 3149 4647 4499 4512
3085 11 2 1 3 382 379 2655 381 1402 4287 4010 1401 4012 1392
3086 11 2 1 3 2555 466 603 451 4777 1751 4755 4756 1740 1750
3087 11 2 1 3 2002 2459 2620 293 5008 2815 4936 4938 4895 5009
3088 11 2 1 3 2552 437 435 586 4577 1677 4604 4578 1679 1680
3089 11 2 1 3 508 2744 2754 2638 4736 3681 4737 4864 3031 3736
3090 11 2 1 3 420 587 2692 616 1348 4525 4563 1607 4509 1606
3091 11 2 1 3 2530 2533 2534 579 3339 3353 3352 3839 4243 3859
3092 11 2 1 3 489 2569 436 2700 4821 5010 1685 4439 4438 3542
3093 11 2 1 3 464 450 451 2666 1742 1738 1743 4954 4703 4506
3094 11 2 1 3 636 2597 2694 2573 4335 3564 4279 4557 3565 3560
3095 11 2 1 3 436 434 2568 435 1673 4926 5011 1672 4927 1668
3096 11 2 1 3 447 2574 403 428 4352 4523 1521 1522 1519 4986
3097 11 2 1 3 599 2543 570 447 4717 4533 1425 1732 1523 4534
3098 11 2 1 3 2748 2596 2702 644 3655 3429 3656 4898 4868 4899
3099 11 2 1 3 2717 526 1994 2620 4536 4809 4810 2812 4937 4571
3100 11 2 1 3 2524 2479 369 2525 3095 3872 3981 3098 4038 3097
3101 11 2 1 3 2729 2449 544 2730 2952 5012 5013 2955 5014 2954
3102 11 2 1 3 2656 2536 2531 557 3359 3358 3360 4720 4579 4825
3103 11 2 1 3 679 1986 2631 286 5015 4889 5016 721 4890 4888
3104 11 2 1 3 2521 2681 2587 628 3310 3309 3308 4743 4441 4291
3105 11 2 1 3 2656 2590 2657 389 3635 3633 3507 4669 4709 4653
3106 11 2 1 3 2139 2143 2455 289 2230 5017 4395 5018 4807 5019
3107 11 2 1 3 2708 2680 676 503 3053 4751 5020 5021 1038 4985
3108 11 2 1 3 2492 2490 2508 330 3151 3153 3152 3897 4251 3857
3109 11 2 1 3 2516 359 2506 2671 3861 4225 3233 3234 3222 3881
3110 11 2 1 3 2507 362 2505 2506 4518 4495 3225 3226 3220 4497
3111 11 2 1 3 2607 467 625 650 4695 1818 4685 4662 1820 1819
3112 11 2 1 3 592 2676 614 2515 4603 4748 1327 4723 4722 3278
3113 11 2 1 3 373 403 570 2538 1371 1373 1267 4080 4147 4079
3114 11 2 1 3 651 2743 419 391 4616 4771 1461 1462 1460 4535
3115 11 2 1 3 594 2534 485 579 4242 4550 1768 1413 1886 4243
3116 11 2 1 3 2489 560 2490 2491 4158 3858 3137 3145 3146 3822
3117 11 2 1 3 428 2576 2575 411 5022 3568 4987 1520 4993 4978
3118 11 2 1 3 585 412 2629 2627 1383 5023 5024 4330 3718 4325
3119 11 2 1 3 623 586 2551 479 1863 4336 4215 1862 4176 1681
3120 11 2 1 3 449 451 450 2666 1739 1738 1615 4507 4506 4703
3121 11 2 1 3 485 486 608 2572 1880 1885 1884 4611 4607 4606
3122 11 2 1 3 2571 441 502 2585 4491 1660 4919 3537 4920 4548
3123 11 2 1 3 2495 2498 337 2497 3175 4520 4173 3167 4137 3176
3124 11 2 1 3 2708 676 2680 2469 5020 4751 3053 3054 3052 3933
3125 11 2 1 3 2527 2530 2528 377 3338 3337 3333 3804 4246 3840
3126 11 2 1 3 540 2306 2617 2462 5025 5026 4917 4789 2919 5027
3127 11 2 1 3 2577 2539 387 426 3402 4554 5028 5029 1442 4963
3128 11 2 1 3 2744 508 483 2638 4736 1806 4727 3736 4836 4864
3129 11 2 1 3 2525 2526 2678 558 3322 3328 3327 4163 4585 4201
3130 11 2 1 3 384 2674 575 346 4119 3885 1238 1236 1230 3887
3131 11 2 1 3 1987 1989 2452 598 2050 5030 4976 5031 5032 5033
3132 11 2 1 3 2634 2578 648 476 3473 4300 5034 4871 1851 4302
3133 11 2 1 3 333 2592 2492 2673 4415 3162 3992 3995 3161 3164
3134 11 2 1 3 596 2647 452 604 3979 4052 1068 1021 1753 3980
3135 11 2 1 3 509 2731 2638 2729 4834 3734 4837 4882 3733 3608
3136 11 2 1 3 399 380 2529 408 1396 4584 4540 1405 4541 1404
3137 11 2 1 3 2670 402 387 373 3925 1370 4015 3924 1364 1369
3138 11 2 1 3 342 2510 2501 2498 4123 3193 4126 4542 3190 3192
3139 11 2 1 3 563 2662 2687 2510 4443 3254 4030 4065 3252 3194
3140 11 2 1 3 2490 327 330 560 4073 1140 3857 3858 1141 1142
3141 11 2 1 3 680 565 500 2711 1935 1676 1936 4294 4881 5035
3142 11 2 1 3 2638 2464 511 2637 3030 4862 4865 3029 4943 2861
3143 11 2 1 3 2625 2631 2683 519 3703 2967 3709 4626 4032 4031
3144 11 2 1 3 2471 2472 596 2647 2943 3960 3852 3058 3979 3057
3145 11 2 1 3 637 2724 487 632 4955 4382 1892 984 1893 4381
3146 11 2 1 3 2589 516 454 2588 4900 1761 4902 3494 4188 4860
3147 11 2 1 3 2578 426 462 476 5036 1630 4877 4302 1634 1635
3148 11 2 1 3 2471 596 308 302 3852 1018 4041 3854 736 1017
3149 11 2 1 3 450 483 660 2667 1744 1746 1617 4654 4780 4725
3150 11 2 1 3 2526 371 378 558 4200 1362 4252 4201 1363 1351
3151 11 2 1 3 2728 2459 673 293 3003 5037 4855 4856 973 5009
3152 11 2 1 3 688 666 2710 497 1931 5038 5039 1930 5040 1923
3153 11 2 1 3 2702 635 529 644 4866 1965 4783 4868 1964 1967
3154 11 2 1 3 2671 357 2504 2672 4037 4448 3223 3224 3212 4043
3155 11 2 1 3 2633 2140 667 2144 4786 5041 4932 5042 5043 2198
3156 11 2 1 3 2532 2529 2531 380 3347 3342 3348 4906 4622 4584
3157 11 2 1 3 656 2758 2596 493 4886 3654 4885 1916 4719 5044
3158 11 2 1 3 539 2455 625 289 4397 4806 951 817 950 4807
3159 11 2 1 3 2758 2691 493 678 3653 4684 5044 5045 1910 5046
3160 11 2 1 3 394 2520 365 576 4164 4454 1332 1333 1316 4165
3161 11 2 1 3 418 576 362 2505 1318 1317 1306 4230 4495 4229
3162 11 2 1 3 2554 2540 611 2698 3404 4069 4805 3407 3991 3406
3163 11 2 1 3 2598 2679 551 651 3662 5047 3901 4615 1463 5048
3164 11 2 1 3 2514 2670 373 2538 3272 3924 3934 3270 4080 3273
3165 11 2 1 3 579 381 2530 377 1393 4167 3839 1385 3840 1391
3166 11 2 1 3 455 470 484 2658 1759 1765 1764 4319 4680 4318
3167 11 2 1 3 2558 454 2544 2588 4028 4185 3425 3426 3427 4188
3168 11 2 1 3 2451 297 2617 2732 4843 5049 2922 2964 2965 5050
3169 11 2 1 3 629 332 2594 595 1167 4623 4660 1166 4551 1153
3170 11 2 1 3 565 680 2700 2711 1935 4659 4437 5035 3545 4294
3171 11 2 1 3 646 488 2564 634 1895 4655 4343 1458 4449 1727
3172 11 2 1 3 2672 357 355 356 4043 1280 4061 4044 1275 1279
3173 11 2 1 3 509 483 508 2638 1875 1806 1876 4837 4864 4836
3174 11 2 1 3 562 473 563 2687 1839 1263 1223 3927 4030 3928
3175 11 2 1 3 2546 2542 2516 578 3282 3281 3283 3826 3862 4249
3176 11 2 1 3 2731 675 2583 2729 4928 4935 3607 3608 3606 5051
3177 11 2 1 3 2573 2533 608 2572 3370 4296 4390 3369 4607 3368
3178 11 2 1 3 364 359 2516 578 1301 3861 4138 1303 3862 1295
3179 11 2 1 3 2527 2526 2524 371 3324 3323 3325 3820 3810 4200
3180 11 2 1 3 346 345 342 2501 1214 1210 1215 4090 4126 4091
3181 11 2 1 3 523 2694 626 636 4198 4473 1953 1955 1956 4279
3182 11 2 1 3 457 407 458 2580 1535 1540 1539 4715 4427 3813
3183 11 2 1 3 2697 2672 2561 356 3509 3508 3510 3856 3938 4044
3184 11 2 1 3 2606 554 464 2754 4774 1804 4953 3678 4738 4859
3185 11 2 1 3 2704 2651 618 2695 3747 4366 4410 3649 4113 3746
3186 11 2 1 3 389 557 2656 382 1418 4720 4669 1417 4721 1403
3187 11 2 1 3 2536 513 665 498 4969 1628 4998 4909 1790 1932
3188 11 2 1 3 590 2625 519 442 4625 4626 1714 1588 1713 4565
3189 11 2 1 3 669 2617 2699 2462 4916 3017 4392 4740 3018 2919
3190 11 2 1 3 451 2542 2555 2666 4702 3410 4756 4703 3418 3416
3191 11 2 1 3 621 453 605 2675 1757 1755 1758 4315 4333 4316
3192 11 2 1 3 2566 2503 2668 620 3183 3217 3219 3844 3795 3833
3193 11 2 1 3 2575 402 403 411 4375 1372 4374 4993 1514 1515
3194 11 2 1 3 2748 530 656 644 4608 1968 4884 4898 1915 1963
3195 11 2 1 3 2646 2726 427 2706 3743 3898 4281 3741 4024 3744
3196 11 2 1 3 2144 667 2633 2685 5043 4932 5042 5052 2843 4934
3197 11 2 1 3 2748 530 609 656 4608 1961 4629 4884 963 1968
3198 11 2 1 3 425 402 2670 2752 1439 3925 4964 5053 3577 5054
3199 11 2 1 3 449 2547 2542 2666 4219 3414 4278 4507 3416 3417
3200 11 2 1 3 2714 2564 2579 488 3523 3521 3524 4591 4590 4655
3201 11 2 1 3 473 2540 2513 2687 4068 3267 3942 3928 3253 3269
3202 11 2 1 3 2703 2668 2726 444 3534 3302 3752 3829 3900 3796
3203 11 2 1 3 2509 417 606 569 4369 1591 4499 4370 1592 1278
3204 11 2 1 3 2571 2713 2599 502 3557 3556 3555 4919 4918 5055
3205 11 2 1 3 616 2643 626 524 4445 4675 1608 1958 1954 4517
3206 11 2 1 3 2540 473 572 611 4068 1368 4210 4069 1841 1840
3207 11 2 1 3 2644 2473 2586 310 2946 3067 3069 4129 4235 4013
3208 11 2 1 3 557 2656 513 389 4720 4668 1453 1418 1452 4669
3209 11 2 1 3 384 635 2545 599 1427 4731 4630 1424 4632 1428
3210 11 2 1 3 539 2139 2455 289 4396 4395 4397 817 4807 5018
3211 11 2 1 3 2520 2507 2750 365 3228 3237 3239 4454 4401 4519
3212 11 2 1 3 584 402 2752 411 1517 5054 5056 1516 5057 1515
3213 11 2 1 3 309 280 2447 308 904 4101 4067 903 4066 733
3214 11 2 1 3 2674 346 2511 2501 3887 4001 3207 3208 3206 4090
3215 11 2 1 3 664 2607 625 650 4661 4685 953 1874 1820 4662
3216 11 2 1 3 2694 2643 626 2693 2974 4675 4473 3567 4475 3739
3217 11 2 1 3 370 2652 2523 2524 3783 3318 4092 3809 3096 3317
3218 11 2 1 3 427 2726 394 444 3898 3997 1475 1476 1477 3900
3219 11 2 1 3 297 2300 2451 2617 4844 4841 4843 5049 2922 5058
3220 11 2 1 3 297 2451 536 2732 4843 5059 990 5050 4689 2964
3221 11 2 1 3 2629 2686 401 375 3288 4648 5060 5061 1380 4094
3222 11 2 1 3 2623 514 518 442 4979 965 5062 5063 1711 1654
3223 11 2 1 3 451 2606 465 464 4952 4775 1748 1743 1747 4953
3224 11 2 1 3 2475 314 312 452 4020 1064 4021 4059 1066 1067
3225 11 2 1 3 614 2676 2556 2541 4748 3413 4678 4798 3411 3279
3226 11 2 1 3 513 2536 684 498 4969 4907 1716 1932 1933 4909
3227 11 2 1 3 2556 2608 2676 619 3485 3487 3413 4387 4228 4411
3228 11 2 1 3 449 603 2542 578 1741 4248 4278 1533 4249 1324
3229 11 2 1 3 453 2675 2494 2491 4316 3159 3806 3808 3157 3148
3230 11 2 1 3 2493 335 2673 2497 3895 3873 3160 3168 3169 4018
3231 11 2 1 3 313 2476 2474 2648 4006 3070 3944 4111 3072 3073
3232 11 2 1 3 425 2733 507 2616 5064 5065 1631 5066 5067 2999
3233 11 2 1 3 443 2531 557 380 4824 4579 1408 1406 1400 4622
3234 11 2 1 3 313 314 2476 315 1065 4029 4006 1070 4005 1069
3235 11 2 1 3 2575 2752 402 411 3575 5054 4375 4993 1515 5057
3236 11 2 1 3 628 2521 591 374 4743 4345 1376 1377 1063 4357
3237 11 2 1 3 379 2528 377 378 4337 4246 1389 1390 1361 4247
3238 11 2 1 3 2696 2706 2683 495 3622 3742 2969 4350 4349 4699
3239 11 2 1 3 2474 2473 311 2521 3060 3772 3769 3066 4346 3065
3240 11 2 1 3 647 2597 636 486 4334 4335 1889 1890 1888 4765
3241 11 2 1 3 2475 2472 312 2474 3063 3755 4021 3062 3770 3061
3242 11 2 1 3 419 2743 2558 2557 4771 3489 4026 4190 3424 3488
3243 11 2 1 3 2693 2692 420 2523 3321 4563 4194 3320 4120 3089
3244 11 2 1 3 384 352 570 2522 1237 1266 1268 4153 4166 4152
3245 11 2 1 3 2697 2546 2671 358 3437 3284 3438 3763 3882 3786
3246 11 2 1 3 309 2447 2473 2472 4067 2944 3771 3756 2945 2942
3247 11 2 1 3 337 574 335 2497 1182 1181 1179 4137 4018 4017
3248 11 2 1 3 2705 2561 2509 569 3245 3143 3246 3954 4370 3959
3249 11 2 1 3 2667 2666 450 2744 3441 4506 4654 3749 4726 3680
3250 11 2 1 3 643 507 294 2615 975 977 976 5068 5069 5070
3251 11 2 1 3 2458 294 507 2615 5071 977 5072 2837 5070 5069
3252 11 2 1 3 2576 2600 411 468 3574 5073 4978 4850 1562 4853
3253 11 2 1 3 645 649 2722 638 1803 4084 4085 1983 4310 1704
3254 11 2 1 3 359 357 2671 358 1290 4037 3881 1289 3882 1285
3255 11 2 1 3 2582 2584 2601 459 3596 3604 3603 4792 5074 4644
3256 11 2 1 3 2522 2511 352 2514 3258 3780 4152 3257 3787 3256
3257 11 2 1 3 2555 603 2541 2542 4755 4463 3409 3410 3280 4248
3258 11 2 1 3 620 2503 418 612 3833 4231 1597 1598 1594 3835
3259 11 2 1 3 2727 2570 2714 421 3440 3551 3553 3988 4269 3989
3260 11 2 1 3 2556 466 467 619 4677 1809 4386 4387 1813 1814
3261 11 2 1 3 356 404 2697 358 1286 3761 3856 1284 3763 1287
3262 11 2 1 3 2547 2546 2570 405 3415 3435 3434 4033 3768 3785
3263 11 2 1 3 2524 369 370 371 3981 1345 3809 3810 1349 1350
3264 11 2 1 3 2585 441 502 528 4548 1660 4920 4582 924 1707
3265 11 2 1 3 531 2294 2297 2720 5075 2358 5076 5077 5078 5006
3266 11 2 1 3 2552 2569 436 437 3465 5010 4949 4577 1678 5079
3267 11 2 1 3 2702 2596 2545 644 3429 3420 3430 4868 4867 4899
3268 11 2 1 3 2639 2311 525 282 5080 5081 4140 4817 871 5082
3269 11 2 1 3 2725 478 640 2747 5083 1857 5084 3613 4961 5085
3270 11 2 1 3 404 2705 2697 2570 3955 3511 3761 3767 3436 3550
3271 11 2 1 3 538 2757 2708 503 4838 3041 4827 1036 5021 4813
3272 11 2 1 3 2566 2703 2681 624 3533 3535 3532 3843 4290 3828
3273 11 2 1 3 351 342 563 2510 1217 1201 1218 4064 4065 4123
3274 11 2 1 3 516 2749 687 2588 5086 5087 1025 4860 4861 3626
3275 11 2 1 3 2493 2492 334 2491 3156 3896 3778 3155 3807 3150
3276 11 2 1 3 2678 2548 2704 460 3351 3447 3446 4516 4239 4143
3277 11 2 1 3 2568 2552 436 435 3457 4949 5011 4927 1672 4604
3278 11 2 1 3 573 333 335 2673 1171 1169 1172 3874 3873 3995
3279 11 2 1 3 454 456 2589 2558 1599 4901 4902 4028 3493 4959
3280 11 2 1 3 351 2513 2511 2510 3760 3251 3781 4064 3205 3250
3281 11 2 1 3 2561 354 569 356 3937 1276 3959 3938 1277 1274
3282 11 2 1 3 2708 2466 538 1997 2773 4839 4827 4830 4829 5088
3283 11 2 1 3 376 2533 2652 2527 3860 3341 3782 3802 3326 3340
3284 11 2 1 3 2669 438 2569 437 4649 4822 3466 4650 5079 1682
3285 11 2 1 3 337 336 338 2495 1180 1185 1184 4173 4192 4172
3286 11 2 1 3 2494 2495 336 2493 3165 4172 3805 3158 3776 3166
3287 11 2 1 3 2605 2611 471 554 2985 5089 4160 4161 1812 5090
3288 11 2 1 3 2468 617 2305 2299 4950 5091 5092 5093 2335 5094
3289 11 2 1 3 654 2677 2682 2626 3766 3038 3824 4489 3715 2996
3290 11 2 1 3 2537 439 498 2753 4960 1699 4908 3387 5095 4847
3291 11 2 1 3 510 2458 2153 681 4981 4982 4983 784 5096 5097
3292 11 2 1 3 625 471 2455 539 1817 4545 4806 951 4397 1835
3293 11 2 1 3 2587 2703 2706 494 3621 3624 3623 4440 4124 4016
3294 11 2 1 3 460 2704 618 629 4239 4410 1787 1786 1789 4240
3295 11 2 1 3 377 2527 376 371 3804 3802 1359 1360 1355 3820
3296 11 2 1 3 483 450 464 2744 1744 1742 1745 4727 4735 4726
3297 11 2 1 3 620 576 2668 444 1596 4057 3795 1721 3796 1478
3298 11 2 1 3 484 2572 2658 2728 4679 3376 4680 4790 3563 3561
3299 11 2 1 3 412 2718 401 2629 4467 4466 1381 5023 5060 3722
3300 11 2 1 3 2701 2640 2151 685 2873 5098 5099 5100 5101 5102
3301 11 2 1 3 426 2577 2578 462 5029 3472 5036 1630 4877 5103
3302 11 2 1 3 330 333 2492 334 1155 3992 3897 1157 3896 1156
3303 11 2 1 3 2696 2586 2587 657 3618 3307 3619 4701 4729 4931
3304 11 2 1 3 2455 2640 2607 625 2870 2986 2984 4806 4685 4422
3305 11 2 1 3 597 2664 635 529 4408 4638 1966 1710 1965 4486
3306 11 2 1 3 465 2555 2606 451 4778 3482 4775 1748 4952 4756
3307 11 2 1 3 620 624 2566 480 1722 3843 3844 1866 3949 1864
3308 11 2 1 3 2668 2520 576 2505 3229 4165 4057 3218 4229 3227
3309 11 2 1 3 655 660 501 2737 1618 1940 1939 4639 4264 4779
3310 11 2 1 3 2684 2696 2452 652 2971 2970 2791 4879 4762 4761
3311 11 2 1 3 309 596 2472 312 1048 3960 3756 1051 3755 1053
3312 11 2 1 3 624 2681 481 628 4290 4575 1865 1869 1868 4291
3313 11 2 1 3 2712 484 2658 2728 4815 4680 3628 3006 3563 4790
3314 11 2 1 3 2547 422 2727 2667 3996 3986 3439 3442 3443 4596
3315 11 2 1 3 2532 443 2536 684 4914 4823 3357 4746 4907 1717
3316 11 2 1 3 280 310 2644 553 906 4129 4130 730 4212 907
3317 11 2 1 3 2511 346 352 351 4001 1234 3780 3781 1235 1216
3318 11 2 1 3 2667 483 2731 2744 4725 4835 3751 3749 3735 4727
3319 11 2 1 3 469 490 2682 654 1580 4897 4887 1826 3824 1825
3320 11 2 1 3 489 677 2699 2700 1898 4739 3800 4439 3021 4657
3321 11 2 1 3 453 577 336 2494 1188 1187 1176 3806 3805 4056
3322 11 2 1 3 520 469 600 2626 1828 1566 1827 4490 4652 4651
3323 11 2 1 3 609 2621 2748 656 4921 2978 4629 963 4884 5104
3324 11 2 1 3 2602 504 2751 641 5105 5106 3669 4958 4307 1926
3325 11 2 1 3 675 544 2583 2729 1779 5107 4935 5051 3606 5013
3326 11 2 1 3 453 334 560 2491 1177 1158 1178 3808 3822 3807
3327 11 2 1 3 2560 2656 513 2536 3386 4668 4586 3385 4969 3359
3328 11 2 1 3 372 373 352 2514 1265 1264 1259 3788 3787 3934
3329 11 2 1 3 2466 2757 2708 538 3039 3041 2773 4839 4827 4838
3330 11 2 1 3 483 2731 2744 2638 4835 3735 4727 4836 3736 3734
3331 11 2 1 3 446 606 2690 634 1728 4512 4513 1726 4593 1729
3332 11 2 1 3 2473 310 309 311 4013 905 3771 3772 1049 1050
3333 11 2 1 3 2652 2693 2573 556 3319 3566 3371 4098 4391 4195
3334 11 2 1 3 2507 363 2517 2750 4812 4232 3235 3237 3238 4645
3335 11 2 1 3 2548 460 408 463 4143 1499 4127 4128 1546 1547
3336 11 2 1 3 654 301 2677 642 1015 3764 3766 1014 4261 709
3337 11 2 1 3 412 585 600 2627 1383 1568 1567 4325 4362 4330
3338 11 2 1 3 2728 2620 2459 293 3002 2815 3003 4856 5009 4895
3339 11 2 1 3 2708 305 676 2469 5108 1039 5020 3054 3933 4962
3340 11 2 1 3 2659 2568 434 2550 3458 4926 4082 3450 4083 3456
3341 11 2 1 3 531 2721 2599 2720 5109 3664 5110 5077 3665 2907
3342 11 2 1 3 2474 311 312 313 3769 1052 3770 3944 1059 1060
3343 11 2 1 3 472 310 2586 374 1057 4235 4236 1056 4299 1055
3344 11 2 1 3 662 2600 643 2615 4854 5111 1824 5112 5068 3035
3345 11 2 1 3 2452 2684 652 598 2791 4879 4762 5032 937 5113
3346 11 2 1 3 2560 665 2559 2536 5114 4999 3384 3385 3383 4998
3347 11 2 1 3 2548 2665 2716 463 3366 3445 3444 4128 3958 3878
3348 11 2 1 3 591 313 2648 561 1061 4111 4458 1073 4112 1072
3349 11 2 1 3 2684 2452 1989 598 2791 5030 4711 5113 5033 5032
3350 11 2 1 3 2682 2757 674 490 3040 4840 3823 4897 1906 4599
3351 11 2 1 3 667 288 2140 2633 787 4784 5041 4932 4786 4788
3352 11 2 1 3 288 667 639 2633 787 949 948 4788 4764 4932
3353 11 2 1 3 392 2740 2630 2750 4377 3726 4683 4400 3290 3306
3354 11 2 1 3 536 535 2451 297 991 4157 5059 990 4843 880
3355 11 2 1 3 2585 529 441 528 4487 1709 4548 4582 1707 1708
3356 11 2 1 3 372 2513 351 473 3759 3760 1260 1261 1262 3942
3357 11 2 1 3 2593 580 332 645 4484 1159 4614 4485 1164 1165
3358 11 2 1 3 336 335 334 2493 1174 1170 1175 3776 3778 3895
3359 11 2 1 3 368 370 420 2523 1344 1347 1346 4093 4120 4092
3360 11 2 1 3 1993 1986 2631 518 2044 4889 5115 5116 5117 5118
3361 11 2 1 3 2515 592 2676 2517 4723 4603 3278 3236 3277 4233
3362 11 2 1 3 662 643 546 2615 1824 979 1034 5112 5119 5068
3363 11 2 1 3 2758 2691 2596 493 3653 3423 3654 5044 4719 4684
3364 11 2 1 3 405 578 2546 358 1298 3826 3785 1297 3786 1294
3365 11 2 1 3 630 489 669 2699 1696 1901 1900 3799 4392 3800
3366 11 2 1 3 2740 2726 2520 394 3304 3303 3305 3965 4164 3997
3367 11 2 1 3 2636 515 2680 491 4742 4845 3728 4965 4832 1907
3368 11 2 1 3 2740 2630 2645 392 3726 3720 3727 4377 4110 4683
3369 11 2 1 3 2154 2715 2148 543 5120 5121 2207 5122 5123 5124
3370 11 2 1 3 527 2295 2454 609 4770 4768 4106 856 4628 4945
3371 11 2 1 3 2705 569 446 404 3954 1528 4209 3955 1526 1288
3372 11 2 1 3 2705 2690 2714 446 3249 3525 3552 4209 4268 4513
3373 11 2 1 3 2720 284 2295 527 4948 5007 4769 4107 4770 859
3374 11 2 1 3 432 500 2659 583 1665 5125 4500 1657 4913 1666
3375 11 2 1 3 2686 2676 367 2517 3291 4025 4096 3289 4234 3277
3376 11 2 1 3 633 2579 488 655 4303 4590 1896 1897 1613 4663
3377 11 2 1 3 509 508 511 2638 1876 918 1945 4837 4865 4864
3378 11 2 1 3 2553 2634 477 476 3470 4869 5126 5127 1636 4871
3379 11 2 1 3 600 514 2624 430 1656 4980 4361 1655 4262 1653
3380 11 2 1 3 2540 2553 477 572 3399 5126 4773 4210 1638 5128
3381 11 2 1 3 490 674 2682 654 1906 3823 4897 1825 3824 1016
3382 11 2 1 3 283 554 2611 2754 920 5090 4994 4973 3028 4859
3383 11 2 1 3 2707 2468 307 653 3050 5129 4800 4801 1045 4951
3384 11 2 1 3 2691 2543 2596 493 3422 3419 3423 4684 4719 4718
3385 11 2 1 3 436 2568 565 2700 5011 5130 1674 4438 4437 3541
3386 11 2 1 3 403 2574 2538 2575 4523 3394 4079 4374 3396 3397
3387 11 2 1 3 645 629 2716 463 1168 3957 4053 1802 3958 1785
3388 11 2 1 3 2571 2713 502 583 3557 5055 4919 5131 1661 4782
3389 11 2 1 3 2547 422 449 405 3996 1531 4219 4033 1532 1530
3390 11 2 1 3 2598 2679 549 551 3662 5132 5133 3901 1927 5047
3391 11 2 1 3 664 2640 2609 505 4424 3684 4478 1873 5134 5135
3392 11 2 1 3 366 375 367 2517 1335 1334 1322 4833 4234 4857
3393 11 2 1 3 583 2721 531 296 4896 5109 987 988 865 4672
3394 11 2 1 3 2594 2704 2716 629 3648 3448 3643 4660 3957 4240
3395 11 2 1 3 519 2683 590 668 4032 4624 1714 934 1920 3866
3396 11 2 1 3 374 628 2587 657 1377 4441 4744 1374 4729 1378
3397 11 2 1 3 466 2555 465 451 4777 4778 1749 1750 1748 4756
3398 11 2 1 3 425 507 2733 462 1631 5065 5064 1629 4560 1632
3399 11 2 1 3 470 454 516 2588 1760 1761 1763 4187 4860 4188
3400 11 2 1 3 469 520 654 2626 1828 1829 1826 4651 4489 4490
3401 11 2 1 3 582 512 2576 429 1002 5003 5002 1645 4849 1651
3402 11 2 1 3 2682 2628 469 2626 3716 4322 4887 3715 4651 3713
3403 11 2 1 3 2521 311 591 374 4346 1062 4345 4357 1063 1054
3404 11 2 1 3 579 2533 608 376 3859 4296 1388 1384 1387 3860
3405 11 2 1 3 2450 2140 541 2633 4923 4785 4925 2846 4787 4786
3406 11 2 1 3 676 305 2708 503 1039 5108 5020 1038 5021 1037
3407 11 2 1 3 493 656 2758 678 1916 4886 5044 1910 5045 964
3408 11 2 1 3 366 367 363 2517 1322 1321 1319 4833 4232 4234
3409 11 2 1 3 412 585 2629 375 1383 5024 5023 1382 5061 1336
3410 11 2 1 3 434 432 500 2659 1663 1665 1664 4082 5125 4500
3411 11 2 1 3 631 305 2745 2469 1040 5136 5137 4820 2883 4962
3412 11 2 1 3 2682 2757 2466 674 3040 3039 3037 3823 3837 4840
3413 11 2 1 3 364 361 592 2515 1302 1311 1313 4724 4723 4772
3414 11 2 1 3 459 2584 663 640 4644 5138 1780 1783 1784 5139
3415 11 2 1 3 421 2570 404 405 3989 3767 1524 1525 1296 3768
3416 11 2 1 3 284 531 2599 2720 862 5110 4947 4948 3665 5077
3417 11 2 1 3 511 508 283 2464 918 919 808 4862 4794 4863
3418 11 2 1 3 2537 439 661 498 4960 1698 4569 4908 1701 1699
3419 11 2 1 3 2701 2724 637 2461 3016 4955 5140 2876 4956 3014
3420 11 2 1 3 660 2731 2737 2667 4929 3609 4779 4780 3750 3751
3421 11 2 1 3 687 2712 470 2588 5141 4814 1832 4861 4187 3627
3422 11 2 1 3 2579 2727 655 2737 3589 4594 4663 3587 4639 3590
3423 11 2 1 3 2586 472 374 657 4236 1056 4299 4931 1374 1375
3424 11 2 1 3 427 2706 494 495 4024 4124 1639 1641 1642 4699
3425 11 2 1 3 2600 584 2752 411 5142 5056 3576 5073 5057 1516
3426 11 2 1 3 665 2560 513 2536 5114 4586 1628 4998 4969 3385
3427 11 2 1 3 2741 2665 649 2722 3389 3971 3972 3652 4084 3748
3428 11 2 1 3 2640 2455 2143 289 2870 5017 5143 4423 5019 4807
3429 11 2 1 3 2684 652 598 472 4879 937 5113 4297 1836 1837
3430 11 2 1 3 2702 529 530 644 4783 1962 4610 4868 1963 1964
3431 11 2 1 3 507 643 2616 2615 975 5144 5067 5070 2997 5068
3432 11 2 1 3 645 2716 2593 2722 4053 3642 4485 4085 3645 3646
3433 11 2 1 3 556 2652 370 376 4098 3783 1356 1357 1354 3782
3434 11 2 1 3 678 2691 492 2723 5046 4354 1911 5145 5146 3572
3435 11 2 1 3 600 514 520 2624 1656 967 1827 4361 4664 4980
3436 11 2 1 3 679 2631 519 286 5016 4031 936 721 935 4890
3437 11 2 1 3 538 301 2466 674 706 3836 4839 1013 3837 1012
3438 11 2 1 3 2621 2758 2748 656 3698 3657 2978 5104 4884 4886
3439 11 2 1 3 2541 614 2676 2515 4798 4748 3279 3275 3278 4722
3440 11 2 1 3 2554 622 478 2747 4858 1853 5004 3474 5085 4597
3441 11 2 1 3 2607 2640 2609 664 2986 3684 3683 4661 4478 4424
3442 11 2 1 3 2595 2741 2669 440 3650 3392 3468 4170 3819 3818
3443 11 2 1 3 2746 2707 2468 307 2828 3050 2886 4875 5129 4800
3444 11 2 1 3 2450 541 648 2633 4925 945 5147 2846 4763 4787
3445 11 2 1 3 2552 2568 2550 435 3457 3456 3454 4604 4175 4927
3446 11 2 1 3 487 2609 2724 505 4460 3690 4382 1871 5148 5134
3447 11 2 1 3 622 2554 477 611 4858 4804 1854 1508 1855 4805
3448 11 2 1 3 679 2631 1986 518 5016 4889 5015 718 5118 5117
3449 11 2 1 3 2543 599 493 447 4717 1733 4718 4534 1730 1732
3450 11 2 1 3 2559 498 461 2753 5000 1700 5149 3388 5150 5095
3451 11 2 1 3 472 598 2684 553 1836 5113 4297 1058 4298 727
3452 11 2 1 3 498 2559 2537 2753 5000 3382 4908 5095 3387 3388
3453 11 2 1 3 663 542 2725 300 1010 5151 5152 1009 5153 1007
3454 11 2 1 3 2728 659 2597 2620 4766 4619 3562 3002 3658 4572
3455 11 2 1 3 2616 2458 507 2615 2998 5072 5067 2997 5070 2837
3456 11 2 1 3 461 498 439 2753 1700 1699 1692 5150 4847 5095
3457 11 2 1 3 565 2568 500 2711 5130 5154 1676 5035 4881 3544
3458 11 2 1 3 2742 617 2305 2468 4966 5091 5155 2889 5092 4950
3459 11 2 1 3 2568 434 500 2659 4926 1664 5154 3458 5125 4082
3460 11 2 1 3 2612 547 287 666 4759 886 4511 5156 942 943
3461 11 2 1 3 2703 624 444 494 3828 1720 3829 4016 1640 1719
3462 11 2 1 3 656 2621 2758 291 5104 3698 4886 962 5157 5158
3463 11 2 1 3 2574 428 2576 2575 4986 5022 3569 3397 3568 4987
3464 11 2 1 3 2507 363 2515 2517 4812 4878 3230 3235 3236 4232
3465 11 2 1 3 428 447 2574 492 1522 4352 4986 1647 4355 1646
3466 11 2 1 3 412 415 2628 469 1510 4676 4323 1565 4322 1564
3467 11 2 1 3 2614 299 582 2460 4968 1003 5001 3007 5159 5160
3468 11 2 1 3 2536 443 513 684 4823 1715 4969 4907 1716 1717
3469 11 2 1 3 436 2569 438 437 5010 4822 1683 1678 1682 5079
3470 11 2 1 3 2621 2454 2301 609 2901 4944 5161 4921 4946 4628
3471 11 2 1 3 2679 2598 2743 651 3662 3492 3663 5048 4616 4615
3472 11 2 1 3 2628 2718 412 2629 3721 4467 4323 3717 5023 3722
3473 11 2 1 3 617 2742 2614 2468 4966 3010 4910 4950 3048 2889
3474 11 2 1 3 459 589 2584 640 1538 4642 4644 1783 5139 1782
3475 11 2 1 3 2463 683 534 2618 4819 1001 5162 2937 5163 5164
3476 11 2 1 3 451 2555 2606 2666 4756 3482 4952 4703 3483 3418
3477 11 2 1 3 2602 504 641 682 5105 1926 4958 4753 1942 1943
3478 11 2 1 3 630 682 2604 2732 1793 5165 5166 4394 3671 4754
3479 11 2 1 3 2536 2537 2532 684 3363 3362 3357 4907 4746 4745
3480 11 2 1 3 2455 2607 2605 625 2984 2983 2982 4806 4811 4685
3481 11 2 1 3 648 2633 2578 2634 4763 3585 4300 5034 3473 2957
3482 11 2 1 3 509 675 2731 2729 1878 4928 4834 4882 3608 5051
3483 11 2 1 3 1987 2452 286 598 4976 4975 4891 5031 724 5032
3484 11 2 1 3 483 464 508 2744 1745 1807 1806 4727 4736 4735
3485 11 2 1 3 2464 283 2611 2754 4794 4994 2864 3027 3028 4973
3486 11 2 1 3 2558 2589 454 2588 3493 4902 4028 3426 4188 3494
3487 11 2 1 3 461 2602 2559 2604 5167 3498 5149 5168 3500 3501
3488 11 2 1 3 2635 515 295 658 4114 982 4618 3930 831 983
3489 11 2 1 3 2554 2709 622 2747 3477 4567 4858 3474 4597 3478
3490 11 2 1 3 2606 464 2744 2754 4953 4735 3679 3678 3681 4738
3491 11 2 1 3 2556 2555 466 2541 3412 4777 4677 3411 4799 3409
3492 11 2 1 3 660 422 450 2667 1616 1614 1617 4780 4654 4596
3493 11 2 1 3 401 588 2718 415 1512 4697 4466 1509 4465 1513
3494 11 2 1 3 2568 500 434 565 5154 1664 4926 5130 1675 1676
3495 11 2 1 3 1986 160 2631 1987 2107 2784 4889 2047 4892 2110
3496 11 2 1 3 425 2733 2616 2577 5064 2999 5066 5169 3582 3581
3497 11 2 1 3 2620 659 526 293 4572 971 4571 4895 751 970
3498 11 2 1 3 2731 660 483 2667 4929 1746 4835 3751 4725 4780
3499 11 2 1 3 300 2148 2142 2450 5170 2204 5171 5172 4924 5173
3500 11 2 1 3 2696 652 472 657 4761 1837 4880 4701 1375 1838
3501 11 2 1 3 683 2463 2736 2619 4819 3024 4019 4803 3025 3022
3502 11 2 1 3 683 534 2618 550 1001 5163 5164 1848 5174 956
3503 11 2 1 3 682 630 536 2732 1793 1970 1971 4754 4689 4394
3504 11 2 1 3 521 2736 2463 2739 3904 3024 4818 5175 2940 3026
3505 11 2 1 3 421 2727 422 655 3988 3986 1529 1609 1610 4594
3506 11 2 1 3 2611 2455 610 2141 2867 4493 4995 4997 4494 4398
3507 11 2 1 3 555 2665 463 649 3876 3878 1548 1800 1801 3971
3508 11 2 1 3 2677 2006 2004 301 5176 2034 4904 3764 4903 5177
3509 11 2 1 3 2757 2682 2719 490 3040 3723 3754 4599 4600 4897
3510 11 2 1 3 678 656 2758 291 964 4886 5045 961 5157 962
3511 11 2 1 3 2757 674 490 503 4840 1906 4599 4813 1904 1905
3512 11 2 1 3 1993 2631 2623 518 5115 2785 5178 5116 5062 5117
3513 11 2 1 3 2719 2636 2680 491 3729 3728 3730 4601 4832 4965
3514 11 2 1 3 642 2004 2677 2010 4905 4904 4261 5179 5180 2035
3515 11 2 1 3 665 2602 504 2560 5181 5105 1626 5114 4687 3499
3516 11 2 1 3 361 2507 2515 2506 4698 3230 4772 4224 3231 3226
3517 11 2 1 3 2669 438 2753 2569 4649 4846 3393 3466 3549 4822
3518 11 2 1 3 471 2611 2455 610 5089 2867 4545 1834 4493 4995
3519 11 2 1 3 421 446 2714 488 1527 4268 4269 1612 4591 1611
3520 11 2 1 3 2297 2721 531 2720 4671 5109 5076 5078 5077 2907
3521 11 2 1 3 484 659 2728 673 1883 4766 4790 1830 4855 974
3522 11 2 1 3 2685 2144 510 2153 5052 5182 4559 4984 4983 2195
3523 11 2 1 3 617 299 512 2614 844 1004 1005 4910 4911 4968
3524 11 2 1 3 2145 631 2149 2745 4851 5183 2248 5184 5185 5137
3525 11 2 1 3 2630 2629 585 375 3287 5024 4682 4894 1336 5061
3526 11 2 1 3 500 686 680 2711 1937 1938 1936 4881 4294 4293
3527 11 2 1 3 667 510 639 2685 782 1799 949 4934 4933 4559
3528 11 2 1 3 510 2733 2458 507 4558 3000 4981 1797 5072 5065
3529 11 2 1 3 2515 2541 364 2516 3275 4464 4724 3232 4138 3276
3530 11 2 1 3 2733 2685 510 2458 3001 4559 4558 3000 4981 2840
3531 11 2 1 3 2729 509 615 2637 4882 1946 5186 2953 5187 4883
3532 11 2 1 3 2575 2600 2752 411 3573 3576 3575 4993 5057 5073
3533 11 2 1 3 644 2545 635 599 4867 4731 1967 1913 1428 4632
3534 11 2 1 3 2141 210 2147 2464 2278 2274 2224 5188 4795 2860
3535 11 2 1 3 540 297 669 2617 877 992 994 4917 4916 5049
3536 11 2 1 3 2514 372 2539 2513 3788 4553 3266 3255 3265 3759
3537 11 2 1 3 663 2601 2584 459 5189 3604 5138 1780 4644 5074
3538 11 2 1 3 512 299 582 2614 1004 1003 1002 4911 5001 4968
3539 11 2 1 3 2701 2609 2640 505 3691 3684 2873 5190 5135 5134
3540 11 2 1 3 411 2600 584 468 5073 5142 1516 1562 1563 4853
3541 11 2 1 3 426 2578 2553 476 5036 3471 5191 1635 5127 4302
3542 11 2 1 3 2154 2735 2715 543 5192 2852 5120 5122 5124 5193
3543 11 2 1 3 2670 387 425 2577 4015 1440 4964 3403 5169 5028
3544 11 2 1 3 392 2630 585 366 4683 4682 1338 1329 1337 4893
3545 11 2 1 3 2462 2699 677 2700 3018 4739 4741 3019 4657 3021
3546 11 2 1 3 420 626 2693 556 1604 4475 4194 1358 4195 1605
3547 11 2 1 3 2619 2589 456 2558 3496 4901 4385 3495 4959 3493
3548 11 2 1 3 521 2463 683 298 4818 4819 999 997 998 5194
3549 11 2 1 3 2559 2537 2536 498 3382 3363 3383 5000 4909 4908
3550 11 2 1 3 502 431 2571 583 1659 4514 4919 1661 5131 1658
3551 11 2 1 3 506 662 304 2465 1033 1032 1031 5195 5196 5197
3552 11 2 1 3 372 387 2539 572 1365 4554 4553 1367 4686 1366
3553 11 2 1 3 2603 2657 497 496 3505 4555 5198 5199 1622 4556
3554 11 2 1 3 2296 252 2451 2293 2433 2920 4372 2381 4359 2432
3555 11 2 1 3 652 668 2452 286 939 3864 4762 938 4975 933
3556 11 2 1 3 2003 2447 2008 280 4970 5200 2060 4971 5201 4101
3557 11 2 1 3 2447 2003 2011 308 4970 2061 5202 4066 5203 4972
3558 11 2 1 3 598 1989 2684 553 5033 4711 5113 727 4298 4712
3559 11 2 1 3 2746 307 2299 2304 4875 5204 5205 5206 2332 5207
3560 11 2 1 3 644 656 2596 493 1915 4885 4899 1914 4719 1916
3561 11 2 1 3 630 2604 2699 2732 5166 3548 3799 4394 3676 3671
3562 11 2 1 3 2679 549 551 651 5132 1927 5047 5048 1463 1974
3563 11 2 1 3 627 307 2746 671 1047 4875 4876 767 5208 838
3564 11 2 1 3 284 2599 502 528 4947 4918 925 923 924 4364
3565 11 2 1 3 2584 2725 663 640 3611 5152 5138 5139 1784 5084
3566 11 2 1 3 2553 2539 426 572 3400 4963 5191 5128 1443 4686
3567 11 2 1 3 487 482 2609 505 1571 4480 4460 1871 5134 1870
3568 11 2 1 3 478 542 2725 640 1858 5151 5083 1857 5084 1856
3569 11 2 1 3 461 682 2602 2604 1792 4753 5167 5168 3501 5165
3570 11 2 1 3 627 2707 304 2146 4802 4990 770 5209 4992 4991
3571 11 2 1 3 2529 2532 2548 408 3347 3350 3349 4541 4127 4704
3572 11 2 1 3 680 677 565 2700 917 1899 1935 4659 4437 4657
3573 11 2 1 3 2636 632 515 491 4730 980 4742 4965 1907 1909
3574 11 2 1 3 2634 2554 2553 477 3469 3405 3470 4869 5126 4804
3575 11 2 1 3 512 2614 2576 2613 4911 3579 5003 5210 3578 3049
3576 11 2 1 3 160 2452 2631 1987 2786 2788 2784 2110 4892 4976
3577 11 2 1 3 295 2160 2158 2461 5211 2240 5212 5213 5214 5215
3578 11 2 1 3 2448 686 525 296 4434 986 4433 4529 868 985
3579 11 2 1 3 2160 2635 658 2156 5216 3930 5217 2244 4403 4566
3580 11 2 1 3 2146 627 2746 2150 5209 4876 5218 2178 5219 5220
3581 11 2 1 3 2620 526 1994 293 4571 4809 4937 4895 4939 751
3582 11 2 1 3 684 2537 661 498 4745 4569 1934 1933 1701 4908
3583 11 2 1 3 468 2600 643 662 4853 5111 1822 1821 1824 4854
3584 11 2 1 3 478 2725 2634 2747 5083 2959 4870 5085 3475 3613
3585 11 2 1 3 631 305 672 2745 1040 700 835 5137 5221 5136
3586 11 2 1 3 2450 648 542 2634 5147 1859 5222 2958 5223 5034
3587 11 2 1 3 438 630 461 2604 1695 1694 1693 5224 5168 5166
3588 11 2 1 3 680 2639 2700 2711 4142 3020 4659 4294 3545 2947
3589 11 2 1 3 300 541 542 2450 793 1008 1007 5172 5222 4925
3590 11 2 1 3 544 615 2449 2729 912 5225 5012 5013 2952 5186
3591 11 2 1 3 2554 478 622 477 5004 1853 4858 4804 1854 1850
3592 11 2 1 3 2753 438 461 2604 4846 1693 5150 3502 5168 5224
3593 11 2 1 3 2723 582 2614 2576 5226 5001 3009 3570 3579 5002
3594 11 2 1 3 441 431 2571 502 1551 4514 4491 1660 4919 1659
3595 11 2 1 3 2577 425 2733 462 5169 5064 3581 5103 4560 1629
3596 11 2 1 3 2730 457 2582 499 5227 4915 3602 5228 5229 1776
3597 11 2 1 3 608 2573 636 556 4390 4557 1887 1386 1976 4391
3598 11 2 1 3 411 428 2576 429 1520 5022 4978 1560 4849 1559
3599 11 2 1 3 677 489 565 2700 1898 1686 1899 4657 4437 4439
3600 11 2 1 3 2701 2724 2609 505 3016 3690 3691 5190 5134 5148
3601 11 2 1 3 2576 428 582 429 5022 1644 5002 4849 1645 1559
3602 11 2 1 3 2629 401 412 375 5060 1381 5023 5061 1382 1380
3603 11 2 1 3 622 640 478 2747 1860 1857 1853 4597 5085 4961
3604 11 2 1 3 300 2142 541 2450 5171 4922 793 5172 4925 4924
3605 11 2 1 3 434 436 2568 565 1673 5011 4926 1675 5130 1674
3606 11 2 1 3 617 2468 307 2299 4950 5129 841 5094 5204 5093
3607 11 2 1 3 2724 2701 637 505 3016 5140 4955 5148 823 5190
3608 11 2 1 3 2611 2605 2606 554 2985 3481 3677 5090 4774 4161
3609 11 2 1 3 2666 2606 464 2744 3483 4953 4954 3680 4735 3679
3610 11 2 1 3 637 295 2158 2461 828 5212 5230 4956 5214 5213
3611 11 2 1 3 491 490 2719 415 1582 4600 4601 1581 4776 1579
3612 11 2 1 3 2560 2603 504 496 3504 5231 4687 4688 1624 5199
3613 11 2 1 3 2665 2532 2537 555 3364 3362 3365 3876 4747 4705
3614 11 2 1 3 305 1991 1996 2745 5232 2024 5233 5136 5234 5235
3615 11 2 1 3 2460 537 2318 2312 5236 5237 5238 5239 2343 5240
3616 11 2 1 3 2149 631 672 2745 5183 835 5241 5185 5221 5137
3617 11 2 1 3 665 504 2602 682 1626 5105 5181 1794 4753 1943
3618 11 2 1 3 2010 2677 642 2457 5180 4261 5179 5242 4476 2779
3619 11 2 1 3 2630 2629 375 2517 3287 5061 4894 3286 4857 3285
3620 11 2 1 3 467 2556 2607 2605 4386 3484 4695 4418 2983 3479
3621 11 2 1 3 2712 687 2749 2588 5141 5087 3629 3627 3626 4861
3622 11 2 1 3 504 424 665 2560 1625 1627 1626 4687 5114 4587
3623 11 2 1 3 2145 631 2745 2469 4851 5137 5184 4405 2883 4820
3624 11 2 1 3 2536 443 2532 2531 4823 4914 3357 3358 3348 4824
3625 11 2 1 3 540 677 282 2462 916 915 874 4789 5243 4741
3626 11 2 1 3 2719 2628 2718 415 3724 3721 3725 4776 4465 4676
3627 11 2 1 3 402 2670 2752 2575 3925 3577 5054 4375 3575 3398
3628 11 2 1 3 387 2670 2539 2577 4015 3274 4554 5028 3402 3403
3629 11 2 1 3 295 637 632 2461 828 984 981 5213 4957 4956
3630 11 2 1 3 2574 428 492 2723 4986 1647 4355 3571 5146 5244
3631 11 2 1 3 1994 168 1988 2717 2128 2125 2076 4810 4692 2808
3632 11 2 1 3 2711 2568 500 2659 3544 5154 4881 3543 5125 3458
3633 11 2 1 3 439 438 461 2753 1688 1693 1692 4847 5150 4846
3634 11 2 1 3 663 2725 2715 300 5152 2961 5245 1009 5246 5153
3635 11 2 1 3 542 541 648 2450 1008 945 1859 5222 5147 4925
3636 11 2 1 3 2707 304 2613 653 4990 5247 3036 4801 5248 1030
3637 11 2 1 3 2612 252 2451 2296 2924 2920 2925 4633 4372 2433
3638 11 2 1 3 537 678 582 2723 960 1912 1006 5249 5226 5145
3639 11 2 1 3 505 664 2640 685 1873 4424 5135 825 5102 954
3640 11 2 1 3 2736 521 670 2739 3904 995 5250 3026 5251 5175
3641 11 2 1 3 308 2011 2447 2471 5203 5202 4066 4041 2800 5252
3642 11 2 1 3 286 2452 652 598 4975 4762 938 724 937 5032
3643 11 2 1 3 440 439 2669 437 1690 4326 3819 1689 4650 1687
3644 11 2 1 3 2600 2576 2613 506 3574 3578 3034 4852 5253 4848
3645 11 2 1 3 2576 2600 2575 411 3574 3573 3568 4978 4993 5073
3646 11 2 1 3 2712 2658 470 2588 3628 4318 4814 3627 4187 3428
3647 11 2 1 3 2752 425 584 2616 5053 1518 5056 3583 5254 5066
3648 11 2 1 3 2463 683 2618 2619 4819 5164 2937 3022 3023 4803
3649 11 2 1 3 483 509 675 2731 1875 1878 1877 4835 4928 4834
3650 11 2 1 3 683 2618 2619 550 5164 3023 4803 1848 5255 5174
3651 11 2 1 3 303 2005 545 2632 5256 5257 757 5258 5259 5260
3652 11 2 1 3 504 2603 2751 641 5231 3670 5106 1926 4307 5261
3653 11 2 1 3 292 642 520 2457 712 969 968 4634 4477 4476
3654 11 2 1 3 2606 554 465 464 4774 1805 4775 4953 1747 1804
3655 11 2 1 3 467 2605 471 465 4418 4160 1811 1808 1810 4162
3656 11 2 1 3 2569 438 489 436 4822 1684 4821 5010 1685 1683
3657 11 2 1 3 2612 2751 2603 666 2962 3670 3673 5156 5262 5263
3658 11 2 1 3 648 288 639 2633 946 948 947 4763 4764 4788
3659 11 2 1 3 305 1991 2708 538 5232 4826 5108 703 4827 4828
3660 11 2 1 3 424 665 2560 513 1627 5114 4587 1451 4586 1628
3661 11 2 1 3 648 478 542 2634 1852 1858 1859 5034 5223 4870
3662 11 2 1 3 2577 387 425 426 5028 1440 5169 5029 1441 1442
3663 11 2 1 3 546 2159 2161 2615 5264 2188 5265 5119 5266 5267
3664 11 2 1 3 2629 412 2628 2627 5023 4323 3717 3718 3714 4325
3665 11 2 1 3 477 2554 2553 2540 4804 3405 5126 4773 3399 3404
3666 11 2 1 3 544 2583 2729 2730 5107 3606 5013 5014 2955 3601
3667 11 2 1 3 426 477 2553 572 1637 5126 5191 1443 5128 1638
3668 11 2 1 3 2008 2447 2644 280 5200 2797 5268 5201 4130 4101
3669 11 2 1 3 2680 515 2636 2635 4845 4742 3728 3051 3013 4114
3670 11 2 1 3 2756 517 521 2736 5269 1772 5270 3631 3904 5271
3671 11 2 1 3 637 487 2724 505 1892 4382 4955 823 5148 1871
3672 11 2 1 3 2568 565 2700 2711 5130 4437 3541 3544 3545 5035
3673 11 2 1 3 514 292 2623 518 966 4635 4979 965 5062 715
3674 11 2 1 3 628 494 2587 657 1919 4440 4441 1378 4729 1918
3675 11 2 1 3 675 509 544 2729 1878 1947 1779 5051 5013 4882
3676 11 2 1 3 2708 305 538 503 5108 703 4827 5021 1036 1037
3677 11 2 1 3 492 493 2691 678 1731 4684 4354 1911 5046 1910
3678 11 2 1 3 2639 525 680 282 4140 913 4142 4817 914 871
3679 11 2 1 3 2159 546 294 2615 5264 776 5272 5267 5069 5119
3680 11 2 1 3 2627 2629 585 2630 3718 5024 4330 3719 4682 3287
3681 11 2 1 3 2629 2686 375 2517 3288 4094 5061 3285 4857 3289
3682 11 2 1 3 282 2639 2311 2319 4817 5080 5082 5273 2369 5274
3683 11 2 1 3 2707 304 653 627 4990 1030 4801 4802 1035 770
3684 11 2 1 3 2680 2708 2757 503 3053 3041 3753 4985 4813 5021
3685 11 2 1 3 687 673 2712 545 1833 4816 5141 1028 5275 972
3686 11 2 1 3 308 2011 2471 302 5203 5252 4041 736 3854 5276
3687 11 2 1 3 679 519 2631 518 936 4031 5016 718 5117 1712
3688 11 2 1 3 525 2316 2311 2639 5277 2367 5081 4140 5080 5278
3689 11 2 1 3 2583 458 544 675 4425 1774 5107 4935 1779 1777
3690 11 2 1 3 610 554 2611 283 922 5090 4995 811 4994 920
3691 11 2 1 3 2297 531 2721 296 5076 5109 4671 4673 4672 865
3692 11 2 1 3 2603 2560 2657 496 3504 3506 3505 5199 4556 4688
3693 11 2 1 3 2729 615 2449 2637 5186 5225 2952 2953 2858 5187
3694 11 2 1 3 2160 295 2635 2461 5211 4618 5216 5215 2879 5213
3695 11 2 1 3 2569 2552 2669 437 3465 3467 3466 5079 4650 4577
3696 11 2 1 3 2471 2011 1998 302 5252 2064 4749 3854 4667 5276
3697 11 2 1 3 2752 2670 425 2577 3577 4964 5053 3584 5169 3403
3698 11 2 1 3 2517 366 2630 2750 4833 4893 3286 3238 3290 4646
3699 11 2 1 3 2679 2710 2598 549 2991 3661 3662 5132 5133 5279
3700 11 2 1 3 2553 2577 2578 426 3401 3472 3471 5191 5036 5029
3701 11 2 1 3 2151 2640 2143 685 5098 5143 2233 5101 5280 5102
3702 11 2 1 3 293 2459 673 545 5009 5037 973 754 972 5281
3703 11 2 1 3 1996 672 305 2745 5282 700 5233 5234 5136 5221
3704 11 2 1 3 2298 298 2307 2739 5283 5284 2401 5285 5286 5287
3705 11 2 1 3 552 1999 2009 2467 5288 2090 5289 5290 5291 5292
3706 11 2 1 3 546 2465 662 2615 5293 5197 1034 5119 5112 2834
3707 11 2 1 3 408 443 2532 555 1407 4914 4704 1545 4705 1544
3708 11 2 1 3 295 2160 2635 658 5211 5216 4618 831 3930 5217
3709 11 2 1 3 2691 2574 492 2723 3421 4355 4354 3572 5146 3571
3710 11 2 1 3 510 2733 507 462 4558 5065 1797 1798 1632 4560
3711 11 2 1 3 2468 2613 2614 653 3047 3049 3048 4951 4912 5248
3712 11 2 1 3 478 2725 542 2634 5083 5151 1858 4870 5223 2959
3713 11 2 1 3 2305 617 2742 2314 5091 4966 5155 2338 5294 5295
3714 11 2 1 3 537 2622 678 2723 5296 5297 960 5249 5145 3011
3715 11 2 1 3 2007 545 2005 2632 5298 5257 2086 5299 5260 5259
3716 11 2 1 3 2602 504 2603 2751 5105 5231 3503 3669 3670 5106
3717 11 2 1 3 2613 512 2614 653 5210 4911 3049 5248 4912 1944
3718 11 2 1 3 652 2696 495 657 4761 4350 1922 1838 1917 4701
3719 11 2 1 3 2680 515 503 491 4845 1908 4985 4832 1903 1907
3720 11 2 1 3 2599 502 531 284 4918 926 5110 4947 862 925
3721 11 2 1 3 641 2603 2751 666 5261 3670 4307 944 5263 5262
3722 11 2 1 3 2621 2622 291 2308 2898 5300 5158 5301 5302 5303
3723 11 2 1 3 2319 282 2639 2462 5273 4817 5274 5304 2916 5243
3724 11 2 1 3 284 2294 531 2720 5005 5075 862 4948 5077 5006
3725 11 2 1 3 2753 2537 439 2669 3387 4960 4847 3393 4326 3391
3726 11 2 1 3 2568 436 2569 2700 5011 5010 3464 3541 3542 4438
3727 11 2 1 3 2736 521 2756 670 3904 5270 3631 5250 5305 995
3728 11 2 1 3 402 425 584 2752 1439 1518 1517 5054 5056 5053
3729 11 2 1 3 2677 2466 2006 301 2776 5306 5176 3764 5177 3836
3730 11 2 1 3 492 582 678 2723 1648 1912 1911 5146 5145 5226
3731 11 2 1 3 307 2746 671 2304 4875 5208 838 5207 5307 5206
3732 11 2 1 3 2640 2701 505 685 2873 5190 5135 5102 825 5100
3733 11 2 1 3 2569 489 2699 2700 4821 3800 3547 3542 3021 4439
3734 11 2 1 3 2686 401 2718 2629 4648 4466 3692 3288 3722 5060
3735 11 2 1 3 2600 662 2465 2615 4854 5197 3032 3035 2834 5112
3736 11 2 1 3 2733 2578 2577 462 3580 3472 3581 4560 5103 4877
3737 11 2 1 3 2614 2742 299 2460 3010 4967 4968 3007 5160 2892
3738 11 2 1 3 290 2456 2679 549 5308 2988 5309 958 5132 5310
3739 11 2 1 3 2712 687 545 2632 5141 1028 5275 3005 5259 5311
3740 11 2 1 3 245 2720 2294 2295 2903 5006 2417 2416 2355 4769
3741 11 2 1 3 2553 477 426 476 5126 1637 5191 5127 1635 1636
3742 11 2 1 3 2559 2602 665 2560 3498 5181 4999 3384 5114 3499
3743 11 2 1 3 2319 540 282 2462 5312 874 5273 5304 5243 4789
3744 11 2 1 3 525 2316 2639 2448 5277 5278 4140 4433 2913 5313
3745 11 2 1 3 2616 643 584 2600 5144 1823 5254 3666 5142 5111
3746 11 2 1 3 671 2746 627 2150 5208 4876 767 5314 5220 5219
3747 11 2 1 3 2459 2712 673 545 3004 4816 5037 5281 972 5275
3748 11 2 1 3 2163 2449 2157 615 5315 5316 2215 5317 5318 5225
3749 11 2 1 3 2449 281 544 2730 5319 910 5012 2954 5014 5320
3750 11 2 1 3 656 609 2621 291 963 4921 5104 962 5158 853
3751 11 2 1 3 522 22 285 1988 744 740 745 4691 4690 2071
3752 11 2 1 3 663 2715 2601 543 5245 3667 5189 1011 5321 5124
3753 11 2 1 3 2717 1994 168 2620 4810 2128 2808 2812 2810 4937
3754 11 2 1 3 1985 285 22 1988 4693 740 2069 2073 2071 4690
3755 11 2 1 3 687 2712 2749 2632 5141 3629 5087 5311 3042 3005
3756 11 2 1 3 2723 428 582 2576 5244 1644 5226 3570 5002 5022
3757 11 2 1 3 504 2602 2603 2560 5105 3503 5231 4687 3504 3499
3758 11 2 1 3 2604 2753 438 2569 3502 4846 5224 3546 4822 3549
3759 11 2 1 3 509 511 615 2637 1945 805 1946 4883 5187 4943
3760 11 2 1 3 2603 2657 2710 497 3505 3660 3675 5198 5040 4555
3761 11 2 1 3 300 2148 2715 543 5170 5121 5246 796 5124 5123
3762 11 2 1 3 280 2644 2008 553 4130 5268 5201 730 5322 4212
3763 11 2 1 3 499 2582 2601 459 5229 3603 5323 1775 5074 4792
3764 11 2 1 3 2584 2725 2601 663 3611 3610 3604 5138 5189 5152
3765 11 2 1 3 2144 510 667 2685 5182 782 5043 5052 4934 4559
3766 11 2 1 3 550 2679 2743 651 5324 3663 5325 1846 4616 5048
3767 11 2 1 3 2708 2745 305 2469 2770 5136 5108 3054 4962 2883
3768 11 2 1 3 1989 2452 161 1987 5030 2787 2112 2050 2109 4976
3769 11 2 1 3 550 290 2679 549 955 5309 5324 959 5132 958
3770 11 2 1 3 539 2139 69 2141 4396 2225 813 4399 2223 2227
3771 11 2 1 3 666 2710 2641 688 5038 2990 5326 1931 5327 5039
3772 11 2 1 3 2634 2554 478 2747 3469 5004 4870 3475 5085 3474
3773 11 2 1 3 482 664 2609 505 1872 4478 4480 1870 5134 1873
3774 11 2 1 3 675 660 483 2731 1879 1746 1877 4928 4835 4929
3775 11 2 1 3 2159 294 2165 2615 5272 5328 2189 5267 5329 5069
3776 11 2 1 3 2746 2707 627 2146 2828 4802 4876 5218 5209 4991
3777 11 2 1 3 507 584 425 2616 1633 1518 1631 5067 5066 5254
3778 11 2 1 3 534 2313 2618 290 5330 5331 5163 895 5332 5333
3779 11 2 1 3 1986 2631 159 1993 4889 2783 2108 2044 2104 5115
3780 11 2 1 3 300 2715 2148 2450 5246 5121 5170 5172 5173 2849
3781 11 2 1 3 2539 2577 2553 426 3402 3401 3400 4963 5191 5029
3782 11 2 1 3 2306 540 2319 2462 5025 5312 2372 5027 5304 4789
3783 11 2 1 3 2468 2746 307 2299 2886 4875 5129 5093 5204 5205
3784 11 2 1 3 2539 2553 2540 572 3400 3399 3268 4686 4210 5128
3785 11 2 1 3 2460 299 537 2312 5160 847 5236 5239 5240 5334
3786 11 2 1 3 300 2715 663 543 5246 5245 1009 796 1011 5124
3787 11 2 1 3 2701 637 2164 2461 5140 5335 5336 2876 5337 4956
3788 11 2 1 3 304 506 2613 653 1031 5253 5247 1030 5248 1029
3789 11 2 1 3 2466 2006 301 538 5306 5177 3836 4839 706 5338
3790 11 2 1 3 2007 2459 2002 293 5339 5008 2082 5340 4938 5009
3791 11 2 1 3 665 2559 498 461 4999 5000 1790 1791 1700 5149
3792 11 2 1 3 2466 2006 538 1997 5306 5338 4839 5088 4829 2030
3793 11 2 1 3 2644 2001 2008 553 4873 2056 5268 4212 5322 4713
3794 11 2 1 3 304 2465 2152 2707 5196 5341 4989 4990 4988 2831
3795 11 2 1 3 2733 2458 507 2616 3000 5072 5065 2999 5067 2998
3796 11 2 1 3 2743 2619 550 651 3497 5255 5325 4616 1846 5342
3797 11 2 1 3 2458 294 681 507 5071 779 5097 5072 978 977
3798 11 2 1 3 2720 245 2454 2295 2903 2899 2904 4769 4768 2416
3799 11 2 1 3 307 2468 617 653 5129 4950 841 1045 1046 4951
3800 11 2 1 3 643 584 2600 468 1823 5142 5111 1822 4853 1563
3801 11 2 1 3 303 687 2749 2632 1026 5087 5343 5258 3042 5311
3802 11 2 1 3 253 2296 2612 2302 2434 4633 2923 2435 4757 2384
3803 11 2 1 3 507 643 584 2616 975 1823 1633 5067 5254 5144
3804 11 2 1 3 436 2569 2552 2568 5010 3465 4949 5011 3457 3464
3805 11 2 1 3 425 2577 426 462 5169 5029 1441 1629 1630 5103
3806 11 2 1 3 2140 2142 204 2450 2201 2264 2261 4923 2844 4924
3807 11 2 1 3 678 2758 2622 291 5045 3699 5297 961 5300 5157
3808 11 2 1 3 2302 2612 2641 547 4757 2928 5344 4758 5345 4759
3809 11 2 1 3 525 2316 2448 296 5277 5313 4433 868 4529 5346
3810 11 2 1 3 290 548 2456 549 892 5347 5308 958 5310 957
3811 11 2 1 3 2158 2164 637 2461 2241 5335 5230 5214 4956 5337
3812 11 2 1 3 610 539 69 2141 814 813 809 4494 2223 4399
3813 11 2 1 3 290 2679 2618 550 5309 2987 5332 955 5174 5324
3814 11 2 1 3 2621 2622 2758 291 2898 3699 3698 5158 5157 5300
3815 11 2 1 3 2680 515 676 503 4845 1941 4751 4985 1038 1908
3816 11 2 1 3 116 287 535 2293 881 883 879 2376 4358 4360
3817 11 2 1 3 303 2749 687 516 5343 5087 1026 1024 1025 5086
3818 11 2 1 3 545 2007 2459 2632 5298 5339 5281 5259 2818 5299
3819 11 2 1 3 664 289 2640 685 952 4423 4424 954 5102 820
3820 11 2 1 3 673 2712 470 687 4816 4814 1831 1833 1832 5141
3821 11 2 1 3 641 504 2603 496 1926 5231 5261 1925 5199 1624
3822 11 2 1 3 2164 505 2701 2151 5348 5190 5336 2236 5099 5349
3823 11 2 1 3 2460 537 582 2723 5236 1006 5159 3008 5226 5249
3824 11 2 1 3 2163 511 2155 2637 5350 4974 2218 5351 4977 4943
3825 11 2 1 3 681 510 2458 507 784 4981 5097 978 5072 1797
3826 11 2 1 3 2742 617 299 2314 4966 844 4967 5294 5352 5295
3827 11 2 1 3 287 116 2296 2293 881 2380 4371 4360 2381 2376
3828 11 2 1 3 2309 2448 2316 296 4874 5313 2364 4674 5346 4529
3829 11 2 1 3 21 1985 1992 593 2068 2070 2066 737 4707 4732
3830 11 2 1 3 299 537 582 2460 847 1006 1003 5160 5159 5236
3831 11 2 1 3 2147 283 68 2141 4793 806 2220 2224 2222 4996
3832 11 2 1 3 2451 2300 2293 251 4841 2378 4359 2921 2431 2429
3833 11 2 1 3 2460 2622 537 2723 2895 5296 5236 3008 5249 3011
3834 11 2 1 3 516 456 517 2589 1762 1771 1023 4900 5353 4901
3835 11 2 1 3 2605 2555 2606 465 3480 3482 3481 4162 4775 4778
3836 11 2 1 3 2574 428 2723 2576 4986 5244 3571 3569 3570 5022
3837 11 2 1 3 550 2619 475 651 5255 4384 1847 1846 1603 5342
3838 11 2 1 3 2578 2633 639 2685 3585 4764 4301 3586 4933 2843
3839 11 2 1 3 2712 2728 2459 673 3006 3003 3004 4816 5037 4855
3840 11 2 1 3 648 478 2634 476 1852 4870 5034 1851 4871 1849
3841 11 2 1 3 2616 2752 425 2577 3583 5053 5066 3582 5169 3584
3842 11 2 1 3 303 2009 2005 2632 5354 2087 5256 5258 5260 5355
3843 11 2 1 3 2584 2725 640 2747 3611 5084 5139 3612 4961 3613
3844 11 2 1 3 292 2010 642 2457 5356 5179 712 4634 4476 5242
3845 11 2 1 3 2618 2456 2679 290 2934 2988 2987 5332 5309 5308
3846 11 2 1 3 2606 2611 554 2754 3677 5090 4774 3678 4859 3028
3847 11 2 1 3 2631 2623 159 1993 2785 2781 2783 5115 2104 5178
3848 11 2 1 3 534 683 2463 298 1001 4819 5162 898 5194 998
3849 11 2 1 3 2684 2452 161 1989 2791 2787 2789 4711 2112 5030
3850 11 2 1 3 688 2710 2456 549 5039 2989 5357 1929 5310 5279
3851 11 2 1 3 2735 281 2730 499 5358 5320 2956 5359 5228 909
3852 11 2 1 3 298 521 2463 2739 997 4818 5194 5287 2940 5175
3853 11 2 1 3 1992 1985 166 2453 2070 2124 2120 4734 2804 4733
3854 11 2 1 3 517 2756 2589 2736 5269 3632 5353 5271 3630 3631
3855 11 2 1 3 2151 505 2701 685 5349 5190 5099 5101 5100 825
3856 11 2 1 3 2450 542 2725 2634 5222 5151 2960 2958 2959 5223
3857 11 2 1 3 2007 2459 293 545 5339 5009 5340 5298 754 5281
3858 11 2 1 3 582 2614 2460 2723 5001 3007 5159 5226 3008 3009
3859 11 2 1 3 1988 167 1985 2717 2126 2123 2073 4692 4694 2807
3860 11 2 1 3 545 2459 2712 2632 5281 3004 5275 5259 3005 2818
3861 11 2 1 3 666 2603 2710 497 5262 3675 5038 1923 5040 5198
3862 11 2 1 3 2749 2467 517 303 3043 5360 5361 5343 1022 5362
3863 11 2 1 3 2302 117 2296 547 2383 2379 2384 4758 4760 884
3864 11 2 1 3 2163 2449 615 2637 5315 5225 5317 5351 5187 2858
3865 11 2 1 3 544 457 2730 499 1773 5227 5014 911 5228 1776
3866 11 2 1 3 2457 2000 158 2623 4941 2106 2778 2782 2780 4942
3867 11 2 1 3 1985 21 285 593 2068 741 4693 4732 742 737
3868 11 2 1 3 283 610 68 2141 811 810 806 4996 2222 4494
3869 11 2 1 3 115 2300 2293 297 2373 2378 2377 876 4842 4844
3870 11 2 1 3 2743 2619 2679 550 3497 3697 3663 5325 5324 5255
3871 11 2 1 3 305 1991 2745 2708 5232 5235 5136 5108 2770 4826
3872 11 2 1 3 2611 471 554 610 5089 1812 5090 4995 922 1834
3873 11 2 1 3 678 2622 2691 2723 5297 3700 5046 5145 3572 3011
3874 11 2 1 3 582 492 428 2723 1648 1647 1644 5226 5244 5146
3875 11 2 1 3 630 682 461 2604 1793 1792 1694 5166 5168 5165
3876 11 2 1 3 2293 535 115 297 4358 878 2377 4842 876 880
3877 11 2 1 3 541 2142 61 2140 4922 2199 789 4785 2197 2201
3878 11 2 1 3 534 2313 2317 2618 5330 2395 5363 5163 5364 5331
3879 11 2 1 3 2139 2455 211 2141 4395 2865 2280 2227 2277 4398
3880 11 2 1 3 462 639 2578 476 1795 4301 4877 1634 4302 1796
3881 11 2 1 3 2619 475 683 550 4384 1845 4803 5255 1848 1847
3882 11 2 1 3 2471 1998 165 2642 4749 2122 2799 2803 2801 4665
3883 11 2 1 3 648 2450 2633 2634 5147 2846 4763 5034 2957 2958
3884 11 2 1 3 2604 682 2602 2732 5165 4753 3501 3671 3672 4754
3885 11 2 1 3 499 457 2582 459 1776 4915 5229 1775 4792 1537
3886 11 2 1 3 2001 162 2684 2644 2115 2790 4710 4873 2794 2792
3887 11 2 1 3 117 2296 547 287 2379 4760 884 882 886 4371
3888 11 2 1 3 216 2635 2156 2469 2878 4566 2292 2880 4406 2882
3889 11 2 1 3 2641 547 666 688 5345 943 5326 5327 1931 1972
3890 11 2 1 3 670 2756 2736 2739 5305 3631 5250 5251 3026 3056
3891 11 2 1 3 2315 2618 2313 290 5365 5331 2393 5366 5333 5332
3892 11 2 1 3 547 2612 2641 666 4759 2928 5345 943 5326 5156
3893 11 2 1 3 549 688 2710 497 1929 5039 5279 1928 5040 1930
3894 11 2 1 3 545 687 303 2632 1028 1026 757 5259 5258 5311
3895 11 2 1 3 292 2000 2010 2457 4940 2038 5356 4634 5242 4941
3896 11 2 1 3 2715 2735 2601 543 2852 3668 3667 5124 5321 5193
3897 11 2 1 3 303 2467 2009 2632 5362 5291 5354 5258 5355 2821
3898 11 2 1 3 2310 548 2456 2315 5367 5347 5368 2390 5369 5370
3899 11 2 1 3 2297 2294 246 2720 2358 2418 2419 5078 2902 5006
3900 11 2 1 3 303 517 2749 516 1022 5361 5343 1024 5086 1023
3901 11 2 1 3 517 2467 552 303 5360 5290 1027 1022 760 5362
3902 11 2 1 3 497 666 2603 496 1923 5262 5198 1622 5199 1924
3903 11 2 1 3 2315 548 2456 290 5370 5347 5369 5366 5308 892
3904 11 2 1 3 2143 2455 212 2139 5017 2866 2282 2230 2279 4395
3905 11 2 1 3 2468 2707 2613 653 3050 3036 3047 4951 5248 4801
3906 11 2 1 3 288 541 61 2140 790 789 785 4784 2197 4785
3907 11 2 1 3 2298 533 298 2739 5371 901 5283 5285 5287 5372
3908 11 2 1 3 2730 2601 2735 499 3605 3668 2956 5228 5359 5323
3909 11 2 1 3 70 2143 2139 289 2228 2230 2226 816 5018 5019
3910 11 2 1 3 2753 461 2559 2604 5150 5149 3388 3502 3500 5168
3911 11 2 1 3 1992 166 2642 2453 2120 2802 4706 4734 2806 2804
3912 11 2 1 3 506 512 2613 653 1652 5210 5253 1029 5248 1944
3913 11 2 1 3 663 2725 542 640 5152 5151 1010 1784 1856 5084
3914 11 2 1 3 2155 2464 209 2637 4796 2859 2276 4977 2857 2861
3915 11 2 1 3 2600 2616 643 2615 3666 5144 5111 3035 5068 2997
3916 11 2 1 3 2144 667 510 2153 5043 782 5182 2195 4983 5373
3917 11 2 1 3 552 1999 2467 2738 5288 5292 5290 5374 2824 5375
3918 11 2 1 3 2617 2300 2451 251 5058 4841 2922 2917 2921 2429
3919 11 2 1 3 539 70 2139 289 812 2226 4396 817 5018 816
3920 11 2 1 3 2459 2620 169 2002 2815 2811 2813 5008 2131 4936
3921 11 2 1 3 289 2143 2640 685 5019 5143 4423 820 5102 5280
3922 11 2 1 3 167 1985 2717 2453 2123 4694 2807 2805 2809 4733
3923 11 2 1 3 2605 2611 2455 471 2985 2867 2982 4160 4545 5089
3924 11 2 1 3 548 688 2456 549 1973 5357 5347 957 5310 1929
3925 11 2 1 3 8 1991 538 1997 2023 4828 702 2025 4829 2027
3926 11 2 1 3 2634 2553 2578 476 3470 3471 3473 4871 4302 5127
3927 11 2 1 3 2449 2157 281 2162 5316 5376 5319 5377 5378 2214
3928 11 2 1 3 2458 2165 294 2615 5379 5328 5071 2837 5069 5329
3929 11 2 1 3 2611 210 2141 2464 2862 2278 4997 2864 5188 2860
3930 11 2 1 3 670 521 298 2739 995 997 996 5251 5287 5175
3931 11 2 1 3 2456 2618 2315 290 2934 5365 5369 5308 5366 5332
3932 11 2 1 3 2000 12 1993 518 2037 2039 2041 5380 5116 714
3933 11 2 1 3 2601 2730 2582 499 3605 3602 3603 5323 5229 5228
3934 11 2 1 3 297 114 2300 2306 875 2374 4844 5381 2375 2370
3935 11 2 1 3 615 544 509 2729 912 1947 1946 5186 4882 5013
3936 11 2 1 3 107 2301 2295 609 2347 2352 2351 852 4945 4946
3937 11 2 1 3 2467 2009 552 303 5291 5289 5290 5362 760 5354
3938 11 2 1 3 548 547 118 2310 889 885 887 5367 2386 5382
3939 11 2 1 3 304 2613 506 2465 5247 5253 1031 5196 5195 3033
3940 11 2 1 3 2749 516 2589 2588 5086 4900 3625 3626 3494 4860
3941 11 2 1 3 2152 2465 304 2161 5341 5196 4989 2184 5383 5384
3942 11 2 1 3 547 2302 118 2310 4758 2382 885 5382 2386 2387
3943 11 2 1 3 1999 552 1990 2738 5288 5385 2093 5375 5386 5374
3944 11 2 1 3 2730 2449 281 2735 2954 5319 5320 2956 5358 2855
3945 11 2 1 3 2735 2154 2162 543 5192 2210 5387 5193 5388 5122
3946 11 2 1 3 2691 2758 2622 678 3653 3699 3700 5046 5297 5045
3947 11 2 1 3 114 297 540 2306 875 877 873 2370 5025 5381
3948 11 2 1 3 2144 59 667 2153 2193 781 5043 2195 5373 2191
3949 11 2 1 3 2309 247 2448 2721 2423 2909 4874 4670 2910 2905
3950 11 2 1 3 615 511 2163 2637 805 5350 5317 5187 5351 4943
3951 11 2 1 3 584 2752 2616 2600 5056 3583 5254 5142 3666 3576
3952 11 2 1 3 205 2142 2148 2450 2263 2204 2266 2845 5173 4924
3953 11 2 1 3 244 2301 2454 2295 2413 4944 2900 2415 4768 2352
3954 11 2 1 3 294 2165 2458 681 5328 5379 5071 779 5097 5389
3955 11 2 1 3 666 641 2603 496 944 5261 5262 1924 5199 1925
3956 11 2 1 3 546 643 294 2615 979 976 776 5119 5069 5068
3957 11 2 1 3 246 2721 2297 2720 2906 4671 2419 2902 5078 2907
3958 11 2 1 3 213 2701 2640 2151 2871 2873 2869 2285 5098 5099
3959 11 2 1 3 108 2294 284 2295 2354 5005 857 2350 5007 2355
3960 11 2 1 3 2449 281 615 544 5319 802 5225 5012 912 910
3961 11 2 1 3 2466 2708 155 1997 2773 2769 2771 5088 2099 4830
3962 11 2 1 3 2749 2467 303 2632 3043 5362 5343 3042 5258 2821
3963 11 2 1 3 2465 304 2613 2707 5196 5247 3033 2831 3036 4990
3964 11 2 1 3 2730 281 544 499 5320 910 5014 5228 911 909
3965 11 2 1 3 2679 550 549 651 5324 959 5132 5048 1974 1846
3966 11 2 1 3 204 2140 2450 2633 2261 4923 2844 2842 2846 4786
3967 11 2 1 3 2756 2467 552 517 3044 5290 5390 5269 1027 5360
3968 11 2 1 3 2153 2458 2165 681 4982 5379 2192 5096 5389 5097
3969 11 2 1 3 2460 2318 242 2312 5238 2410 2890 5239 2409 2343
3970 11 2 1 3 2601 663 499 459 5189 1781 5323 5074 1775 1780
3971 11 2 1 3 517 2749 516 2589 5361 5086 1023 5353 4900 3625
3972 11 2 1 3 109 531 2294 2297 860 5075 2353 2357 2358 5076
3973 11 2 1 3 521 517 2756 670 1772 5269 5270 995 5305 1949
3974 11 2 1 3 2317 2463 534 2618 5391 5162 5363 5364 5163 2937
3975 11 2 1 3 2148 2142 62 300 2204 2200 2202 5170 792 5171
3976 11 2 1 3 662 304 2465 546 1032 5196 5197 1034 5293 773
3977 11 2 1 3 2455 212 2640 2143 2866 2868 2870 5017 5143 2282
3978 11 2 1 3 102 2305 617 2299 2334 5091 839 2330 5094 2335
3979 11 2 1 3 2679 2456 2710 549 2988 2989 2991 5132 5279 5310
3980 11 2 1 3 2317 534 2463 298 5363 5162 5391 5392 5194 898
3981 11 2 1 3 688 2641 547 548 5327 5345 1972 1973 889 5393
3982 11 2 1 3 203 2140 2633 2144 2262 4786 2841 2258 5042 2198
3983 11 2 1 3 548 2456 2641 2310 5347 2931 5393 5367 5394 5368
3984 11 2 1 3 281 2735 543 499 5358 5193 799 909 908 5359
3985 11 2 1 3 543 2735 2601 499 5193 3668 5321 908 5323 5359
3986 11 2 1 3 2458 202 2685 2153 2836 2838 2840 4982 4984 2260
3987 11 2 1 3 670 306 552 2738 1043 763 1044 5395 5374 5396
3988 11 2 1 3 2701 637 505 2164 5140 823 5190 5336 5348 5335
3989 11 2 1 3 1990 306 1995 2470 5397 5398 2094 5399 5400 5401
3990 11 2 1 3 2306 250 2617 2462 2430 2918 5026 5027 2919 2914
3991 11 2 1 3 2715 2601 2725 663 3667 3610 2961 5245 5152 5189
3992 11 2 1 3 1992 1998 20 593 2067 2063 2065 4707 738 4666
3993 11 2 1 3 593 1998 20 302 4666 2063 738 739 734 4667
3994 11 2 1 3 2312 2460 299 2314 5239 5160 5334 2341 5352 5402
3995 11 2 1 3 2307 2317 2463 298 2398 5391 5403 5284 5194 5392
3996 11 2 1 3 2145 216 2156 2469 2291 2292 2247 4405 4406 2880
3997 11 2 1 3 281 2157 2449 615 5376 5316 5319 802 5225 5318
3998 11 2 1 3 1990 552 306 2738 5385 763 5397 5386 5396 5374
3999 11 2 1 3 2002 1994 24 293 2079 2075 2077 4938 750 4939
4000 11 2 1 3 552 2756 670 2738 5390 5305 1044 5374 5395 3045
4001 11 2 1 3 527 107 2295 609 854 2351 4770 856 4945 852
4002 11 2 1 3 280 18 2003 308 728 2059 4971 733 4972 732
4003 11 2 1 3 298 533 670 2739 901 1000 996 5287 5251 5372
4004 11 2 1 3 552 2467 2756 2738 5290 3044 5390 5374 3045 2824
4005 11 2 1 3 2460 2742 299 2314 2892 4967 5160 5402 5352 5294
4006 11 2 1 3 541 62 2142 300 788 2200 4922 793 5171 792
4007 11 2 1 3 106 2301 609 2308 2348 4946 851 2344 5404 2349
4008 11 2 1 3 206 2154 2735 2715 2269 5192 2850 2848 2852 5120
4009 11 2 1 3 1988 526 23 1994 4808 747 2072 2076 2074 4809
4010 11 2 1 3 290 2618 534 550 5332 5163 895 955 956 5174
4011 11 2 1 3 12 2000 292 518 2037 4940 710 714 715 5380
4012 11 2 1 3 59 510 667 2153 783 782 781 2191 5373 4983
4013 11 2 1 3 2295 284 108 527 5007 857 2350 4770 855 859
4014 11 2 1 3 2144 2633 203 2685 5042 2841 2258 5052 2839 2843
4015 11 2 1 3 2623 2000 158 1993 4942 2106 2780 5178 2105 2041
4016 11 2 1 3 2622 2318 291 2308 5405 5406 5300 5303 5302 2346
4017 11 2 1 3 2156 658 75 2145 4403 829 2243 2247 2245 4404
4018 11 2 1 3 2603 2710 2641 666 3675 2990 3674 5262 5326 5038
4019 11 2 1 3 2603 2641 2612 666 3674 2928 3673 5262 5156 5326
4020 11 2 1 3 2708 1991 155 1997 4826 2095 2769 4830 2099 2027
4021 11 2 1 3 2642 1998 165 1992 4665 2122 2801 4706 2121 2067
4022 11 2 1 3 546 304 2465 2161 773 5196 5293 5265 5384 5383
4023 11 2 1 3 2601 663 543 499 5189 1011 5321 5323 908 1781
4024 11 2 1 3 537 2318 2622 2460 5237 5405 5296 5236 2895 5238
4025 11 2 1 3 2464 209 2147 2155 2859 2275 4795 4796 2221 2276
4026 11 2 1 3 2301 2454 2621 244 4944 2901 5161 2413 2896 2900
4027 11 2 1 3 2147 67 283 2155 2219 807 4793 2221 4797 2217
4028 11 2 1 3 552 2756 517 670 5390 5269 1027 1044 1949 5305
4029 11 2 1 3 2161 2465 546 2615 5384 5293 5265 5266 5119 2834
4030 11 2 1 3 2001 2684 162 1989 4710 2790 2115 2053 2111 4711
4031 11 2 1 3 522 526 23 1988 748 747 743 4691 2072 4808
4032 11 2 1 3 2620 1994 169 2002 4937 2127 2811 4936 2131 2079
4033 11 2 1 3 2157 2449 207 2162 5316 2853 2271 2214 2267 5377
4034 11 2 1 3 2161 2159 200 2615 2188 2255 2251 5266 2832 5267
4035 11 2 1 3 2679 2619 2618 550 3697 3023 2987 5324 5174 5255
4036 11 2 1 3 291 106 609 2308 849 851 853 5302 5404 2344
4037 11 2 1 3 2749 2467 2756 517 3043 3044 3046 5361 5269 5360
4038 11 2 1 3 298 2463 2307 2739 5194 5403 5284 5287 5286 2940
4039 11 2 1 3 291 2318 2622 537 5406 5405 5300 850 5296 5237
4040 11 2 1 3 1987 15 1989 598 2046 2048 2050 5031 5033 723
4041 11 2 1 3 2143 213 2640 2151 2281 2869 5143 2233 5098 2285
4042 11 2 1 3 240 2742 2305 2468 2888 5155 2407 2884 5092 2889
4043 11 2 1 3 2148 2715 205 2450 5121 2847 2266 5173 2845 2849
4044 11 2 1 3 688 2456 2641 548 5357 2931 5327 1973 5393 5347
4045 11 2 1 3 2455 2611 211 2141 2867 2863 2865 4398 2277 4997
4046 11 2 1 3 14 1986 286 1987 2043 4888 720 2045 4891 2047
4047 11 2 1 3 301 10 2004 642 704 2033 4903 709 4905 708
4048 11 2 1 3 14 1986 679 286 2043 5015 716 720 721 4888
4049 11 2 1 3 307 102 617 2299 837 839 841 5204 5094 2330
4050 11 2 1 3 2305 240 2468 2299 2407 2884 5092 2335 5093 2404
4051 11 2 1 3 2311 112 525 282 2368 867 5081 5082 871 869
4052 11 2 1 3 2721 2309 247 2297 4670 2423 2905 4671 2420 2361
4053 11 2 1 3 1996 2149 672 2745 5407 5241 5282 5234 5221 5185
4054 11 2 1 3 157 2677 2004 2010 2775 4904 2100 2103 2035 5180
4055 11 2 1 3 291 2622 678 537 5300 5297 961 850 960 5296
4056 11 2 1 3 2006 156 2677 2004 2097 2774 5176 2034 4904 2101
4057 11 2 1 3 532 1995 306 2470 5408 5398 764 5409 5401 5400
4058 11 2 1 3 533 306 670 2470 1042 1043 1000 5410 5411 5401
4059 11 2 1 3 2152 2465 199 2707 5341 2829 2253 4988 2827 2831
4060 11 2 1 3 2447 163 2003 2008 2795 2117 4970 5200 2060 2113
4061 11 2 1 3 2447 2003 164 2011 4970 2116 2796 5202 2119 2061
4062 11 2 1 3 2622 2621 243 2308 2898 2897 2893 5303 2414 5301
4063 11 2 1 3 2313 534 120 290 5330 893 2394 5333 891 895
4064 11 2 1 3 511 283 67 2155 808 807 803 4974 2217 4797
4065 11 2 1 3 60 667 2140 2144 780 5041 2196 2194 2198 5043
4066 11 2 1 3 2005 545 26 303 5257 752 2085 5256 756 757
4067 11 2 1 3 2145 658 75 631 4404 829 2245 4851 833 834
4068 11 2 1 3 286 15 1987 598 719 2046 4891 724 5031 723
4069 11 2 1 3 202 2144 2685 2153 2259 5052 2838 2260 4984 2195
4070 11 2 1 3 2294 531 109 284 5075 860 2353 5005 858 862
4071 11 2 1 3 2150 671 2746 2304 5314 5208 5219 5412 5206 5307
4072 11 2 1 3 2710 2456 2641 688 2989 2931 2990 5039 5327 5357
4073 11 2 1 3 104 537 299 2312 845 847 843 2342 5334 5240
4074 11 2 1 3 526 24 1994 293 746 2075 4809 751 4939 750
4075 11 2 1 3 306 670 2470 2738 1043 5411 5401 5396 2825 5395
4076 11 2 1 3 2303 532 2298 2470 5413 5414 2402 5415 5416 5409
4077 11 2 1 3 1991 305 8 538 5232 698 2023 4828 702 703
4078 11 2 1 3 2470 670 2756 2738 5411 5305 3055 2825 3045 5395
4079 11 2 1 3 253 2612 2641 2302 2923 2928 2927 2435 5344 4757
4080 11 2 1 3 546 294 57 2159 776 775 771 5264 2187 5272
4081 11 2 1 3 199 2152 2707 2146 2253 4988 2827 2249 4991 2181
4082 11 2 1 3 2162 281 2449 2735 5378 5319 5377 5387 2855 5358
4083 11 2 1 3 250 2300 2306 2617 2428 2375 2430 2918 5026 5058
4084 11 2 1 3 2158 2160 215 2461 2240 2289 2286 5214 2875 5215
4085 11 2 1 3 164 2447 2011 2471 2796 5202 2119 2798 5252 2800
4086 11 2 1 3 2298 533 2739 2470 5371 5372 5285 5416 2941 5410
4087 11 2 1 3 73 637 295 2158 821 828 827 2239 5212 5230
4088 11 2 1 3 2739 533 670 2470 5372 1000 5251 2941 5411 5410
4089 11 2 1 3 60 667 288 2140 780 787 786 2196 4784 5041
4090 11 2 1 3 2010 157 2677 2457 2103 2775 5180 5242 2779 2777
4091 11 2 1 3 533 2298 532 2470 5371 5414 902 5410 5409 5416
4092 11 2 1 3 208 2163 2449 2157 2273 5315 2854 2270 5316 2215
4093 11 2 1 3 306 1995 29 1990 5398 2012 761 5397 2092 2094
4094 11 2 1 3 2644 163 2447 2008 2793 2795 2797 5268 5200 2113
4095 11 2 1 3 214 2164 2158 2461 2283 2241 2287 2874 5214 5337
4096 11 2 1 3 2303 1995 532 2470 5417 5408 5413 5415 5409 5400
4097 11 2 1 3 2316 2311 2639 248 2367 5080 5278 2422 2912 2424
4098 11 2 1 3 2319 2639 2311 249 5274 5080 2369 2426 2425 2911
4099 11 2 1 3 2715 206 2154 2148 2848 2269 5120 5121 2207 2265
4100 11 2 1 3 2735 2162 281 543 5387 5378 5358 5193 799 5388
4101 11 2 1 3 2470 1990 306 2738 5399 5397 5401 2825 5396 5386
4102 11 2 1 3 2159 2165 201 2615 2189 2257 2254 5267 2833 5329
4103 11 2 1 3 2635 215 2160 2461 2877 2289 5216 2879 5215 2875
4104 11 2 1 3 2005 2009 171 2632 2087 2135 2132 5260 2817 5355
4105 11 2 1 3 170 2007 2005 2632 2129 2086 2133 2816 5260 5299
4106 11 2 1 3 2739 670 2756 2470 5251 5305 3056 2941 3055 5411
4107 11 2 1 3 2467 171 2009 2632 2819 2135 5291 2821 5355 2817
4108 11 2 1 3 2164 214 2701 2461 2283 2872 5336 5337 2876 2874
4109 11 2 1 3 156 2677 2466 2006 2774 2776 2772 2097 5306 5176
4110 11 2 1 3 2462 2639 2319 249 2916 5274 5304 2915 2426 2911
4111 11 2 1 3 2449 2163 208 2637 5315 2273 2854 2858 2856 5351
4112 11 2 1 3 617 2305 103 2314 5091 2333 840 5295 2337 2338
4113 11 2 1 3 2152 304 56 2161 4989 768 2180 2184 2182 5383
4114 11 2 1 3 2467 1999 172 2738 5292 2138 2820 2824 2822 5375
4115 11 2 1 3 517 2756 2749 2589 5269 3046 5361 5353 3625 3632
4116 11 2 1 3 2301 243 2621 2308 2412 2897 5161 2349 5301 2414
4117 11 2 1 3 76 2145 631 2149 2246 4851 832 2166 5183 2248
4118 11 2 1 3 2002 25 2007 293 2078 2080 2082 4938 5340 749
4119 11 2 1 3 27 552 1999 2009 759 5288 2088 2084 2090 5289
4120 11 2 1 3 2448 2316 2639 248 5313 5278 2913 2908 2912 2422
4121 11 2 1 3 533 532 306 2470 902 764 1042 5410 5401 5409
4122 11 2 1 3 2313 256 2317 2618 2441 2442 2395 5331 5364 2932
4123 11 2 1 3 2298 2307 257 2739 2401 2446 2444 5285 2939 5286
4124 11 2 1 3 72 505 2164 2151 824 5348 2234 2232 2236 5349
4125 11 2 1 3 2007 170 2459 2632 2129 2814 5339 5299 2818 2816
4126 11 2 1 3 2011 19 1998 302 2058 2062 2064 5276 4667 735
4127 11 2 1 3 19 2011 308 302 2058 5203 731 735 736 5276
4128 11 2 1 3 2157 65 2163 615 2213 2211 2215 5318 5317 801
4129 11 2 1 3 2318 242 2622 2460 2410 2894 5405 5238 2895 2890
4130 11 2 1 3 2309 2316 111 296 2364 2363 2359 4674 864 5346
4131 11 2 1 3 672 76 631 2149 694 832 835 5241 5183 2166
4132 11 2 1 3 2154 64 2162 543 2206 2208 2210 5122 5388 794
4133 11 2 1 3 74 2160 658 2156 2238 5217 830 2242 4403 2244
4134 11 2 1 3 293 25 2007 545 749 2080 5340 754 5298 753
4135 11 2 1 3 280 2008 17 553 5201 2054 729 730 725 5322
4136 11 2 1 3 1990 172 1999 2738 2137 2138 2093 5386 5375 2822
4137 11 2 1 3 2312 299 104 2314 5334 843 2342 2341 2336 5352
4138 11 2 1 3 72 505 2151 685 824 5349 2232 818 5101 825
4139 11 2 1 3 2008 2001 17 553 2056 2052 2054 5322 725 4713
4140 11 2 1 3 29 532 1995 306 690 5408 2012 761 5398 764
4141 11 2 1 3 2162 2449 207 2735 5377 2853 2267 5387 2851 2855
4142 11 2 1 3 165 2011 1998 2471 2118 2064 2122 2799 4749 5252
4143 11 2 1 3 2745 2149 2145 217 5185 2248 5184 2764 2290 2173
4144 11 2 1 3 538 2006 9 1997 5338 2028 701 4829 2026 2030
4145 11 2 1 3 2146 2746 198 2150 5218 2766 2250 2178 2175 5219
4146 11 2 1 3 158 2010 2000 2457 2102 2038 2106 2778 4941 5242
4147 11 2 1 3 255 2618 2313 2315 2933 5331 2440 2438 2393 5365
4148 11 2 1 3 2009 1999 172 2467 2090 2138 2134 5291 2820 5292
4149 11 2 1 3 250 2306 2319 2462 2430 2372 2427 2914 5304 5027
4150 11 2 1 3 255 2456 2618 2315 2929 2934 2933 2438 5365 5369
4151 11 2 1 3 2008 18 2003 280 2055 2059 2060 5201 4971 728
4152 11 2 1 3 2011 2003 18 308 2061 2059 2057 5203 732 4972
4153 11 2 1 3 301 2006 9 538 5177 2028 705 706 701 5338
4154 11 2 1 3 2149 2 151 1996 2167 153 2168 5407 2017 2015
4155 11 2 1 3 617 103 299 2314 840 842 844 5295 5352 2337
4156 11 2 1 3 2165 2458 201 2615 5379 2835 2257 5329 2833 2837
4157 11 2 1 3 2316 525 111 296 5277 866 2363 5346 864 868
4158 11 2 1 3 202 2458 2165 2153 2836 5379 2256 2260 2192 4982
4159 11 2 1 3 2635 2160 216 2156 5216 2288 2878 4566 2292 2244
4160 11 2 1 3 200 2465 2161 2615 2830 5384 2251 2832 5266 2834
4161 11 2 1 3 26 2009 2005 303 2083 2087 2085 756 5256 5354
4162 11 2 1 3 2009 27 552 303 2084 759 5289 5354 760 755
4163 11 2 1 3 2644 2001 162 2008 4873 2115 2792 5268 2114 2056
4164 11 2 1 3 546 56 304 2161 772 768 773 5265 5383 2182
4165 11 2 1 3 2160 73 295 2158 2237 827 5211 2240 5212 2239
4166 11 2 1 3 199 2465 2152 2161 2829 5341 2253 2252 2184 5384
4167 11 2 1 3 294 2165 57 2159 5328 2185 775 5272 2187 2189
4168 11 2 1 3 2317 256 2463 2618 2442 2936 5391 5364 2937 2932
4169 11 2 1 3 2155 209 2163 2637 2276 2272 2218 4977 5351 2857
4170 11 2 1 3 2150 195 3 2304 2171 197 2169 5412 2324 2325
4171 11 2 1 3 2006 2466 155 1997 5306 2771 2098 2030 2099 5088
4172 11 2 1 3 2315 2313 120 290 2393 2394 2388 5366 891 5333
4173 11 2 1 3 2160 295 74 658 5211 826 2238 5217 830 831
4174 11 2 1 3 2463 257 2307 2739 2935 2446 5403 2940 5286 2939
4175 11 2 1 3 119 548 2310 2315 888 5367 2385 2389 2390 5370
4176 11 2 1 3 120 534 2313 2317 893 5330 2394 2392 2395 5363
4177 11 2 1 3 2164 637 73 2158 5335 821 2235 2241 2239 5230
4178 11 2 1 3 282 113 540 2319 870 872 874 5273 5312 2365
4179 11 2 1 3 1996 1991 154 2745 2024 2096 2021 5234 2763 5235
4180 11 2 1 3 2299 239 2746 2304 2403 2767 5205 2332 5206 2329
4181 11 2 1 3 217 2145 2745 2469 2290 5184 2764 2881 2883 4405
4182 11 2 1 3 2000 2010 11 292 2038 2032 2036 4940 711 5356
4183 11 2 1 3 2164 2701 213 2151 5336 2871 2284 2236 2285 5099
4184 11 2 1 3 2004 2006 10 301 2034 2029 2033 4903 704 5177
4185 11 2 1 3 257 2317 2463 2307 2443 5391 2935 2446 5403 2398
4186 11 2 1 3 2010 642 11 292 5179 707 2032 5356 711 712
4187 11 2 1 3 2310 2456 254 2315 5368 2930 2439 2390 2437 5369
4188 11 2 1 3 2298 2303 2470 258 2402 5415 5416 2445 2761 2327
4189 11 2 1 3 282 2311 112 2319 5082 2368 869 5273 2366 2369
4190 11 2 1 3 113 540 2319 2306 872 5312 2365 2371 2372 5025
4191 11 2 1 3 119 548 2315 290 888 5370 2389 890 5366 892
4192 11 2 1 3 121 534 2317 298 894 5363 2391 896 5392 898
4193 11 2 1 3 2163 511 66 2155 5350 804 2212 2218 2216 4974
4194 11 2 1 3 57 546 2159 2161 771 5264 2187 2183 2188 5265
4195 11 2 1 3 254 2641 2456 2310 2926 2931 2930 2439 5368 5394
4196 11 2 1 3 291 105 2318 537 848 2339 5406 850 5237 846
4197 11 2 1 3 642 10 2004 2010 708 2033 4905 5179 2035 2031
4198 11 2 1 3 2641 254 2302 2310 2926 2436 5344 5394 2387 2439
4199 11 2 1 3 65 2157 281 615 2213 5376 797 801 802 5318
4200 11 2 1 3 2707 2746 198 2146 2828 2766 2826 4991 2250 5218
4201 11 2 1 3 26 2007 545 2005 2081 5298 752 2085 5257 2086
4202 11 2 1 3 2007 2459 169 2002 5339 2813 2130 2082 2131 5008
4203 11 2 1 3 291 2318 105 2308 5406 2339 848 5302 2345 2346
4204 11 2 1 3 2307 121 2317 298 2397 2391 2398 5284 5392 896
4205 11 2 1 3 247 2448 2316 2309 2909 5313 2421 2423 2364 4874
4206 11 2 1 3 2745 1991 154 2708 5235 2096 2763 2770 2768 4826
4207 11 2 1 3 2150 6 195 2304 2174 196 2171 5412 2325 2328
4208 11 2 1 3 2149 151 5 1996 2168 152 2172 5407 2020 2017
4209 11 2 1 3 2318 2622 243 2308 5405 2893 2411 2346 2414 5303
4210 11 2 1 3 1999 552 28 1990 5288 758 2089 2093 2091 5385
4211 11 2 1 3 2746 2468 239 2299 2886 2885 2767 5205 2403 5093
4212 11 2 1 3 505 637 72 2164 823 822 824 5348 2234 5335
4213 11 2 1 3 2163 66 511 615 2212 804 5350 5317 805 800
4214 11 2 1 3 2316 112 525 2311 2362 867 5277 2367 5081 2368
4215 11 2 1 3 1 148 1995 2303 150 2014 2013 2320 5417 2322
4216 11 2 1 3 104 2318 537 2312 2340 5237 845 2342 5240 2343
4217 11 2 1 3 1995 173 1990 2470 2019 2136 2094 5400 5399 2759
4218 11 2 1 3 4 1995 2303 2470 2018 5417 2326 2760 5415 5400
4219 11 2 1 3 59 510 2153 681 783 4983 2191 777 5096 784
4220 11 2 1 3 2162 206 2154 2735 2268 2269 2210 5387 5192 2850
4221 11 2 1 3 156 157 2677 2004 177 2775 2774 2101 4904 2100
4222 11 2 1 3 306 28 552 1990 762 758 763 5397 5385 2091
4223 11 2 1 3 2449 207 208 2157 2853 228 2854 5316 2270 2271
4224 11 2 1 3 64 281 2162 543 798 5378 2208 794 5388 799
4225 11 2 1 3 2003 164 163 2447 2116 184 2117 4970 2795 2796
4226 11 2 1 3 2150 2746 6 2304 5219 2765 2174 5412 2328 5206
4227 11 2 1 3 1996 5 2149 2745 2020 2172 5407 5234 5185 2762
4228 11 2 1 3 1995 532 1 2303 5408 689 2013 5417 2320 5413
4229 11 2 1 3 307 101 102 2299 836 125 837 5204 2330 2331
4230 11 2 1 3 1998 19 20 302 2062 43 2063 4667 734 735
4231 11 2 1 3 2151 2143 71 685 2233 2229 2231 5101 819 5280
4232 11 2 1 3 2149 672 2 1996 5241 693 2167 5407 2015 5282
4233 11 2 1 3 2011 165 164 2471 2118 185 2119 5252 2798 2799
4234 11 2 1 3 158 157 2010 2457 178 2103 2102 2778 5242 2777
4235 11 2 1 3 2009 172 171 2467 2134 192 2135 5291 2819 2820
4236 11 2 1 3 216 2145 217 2469 2291 2290 237 2880 2881 4405
4237 11 2 1 3 3 671 2150 2304 696 5314 2169 2324 5412 5307
4238 11 2 1 3 155 154 1991 2708 175 2096 2095 2769 4826 2768
4239 11 2 1 3 2319 250 2462 249 2427 2914 5304 2426 2915 270
4240 11 2 1 3 2452 160 161 1987 2786 181 2787 4976 2109 2110
4241 11 2 1 3 159 160 2631 1986 180 2784 2783 2108 4889 2107
4242 11 2 1 3 216 215 2160 2635 236 2289 2288 2878 5216 2877
4243 11 2 1 3 2296 2612 252 253 4633 2924 2433 2434 273 2923
4244 11 2 1 3 2159 201 200 2615 2254 221 2255 5267 2832 2833
4245 11 2 1 3 1985 167 166 2453 2123 187 2124 4733 2804 2805
4246 11 2 1 3 2008 17 18 280 2054 41 2055 5201 728 729
4247 11 2 1 3 23 22 522 1988 46 744 743 2072 4691 2071
4248 11 2 1 3 158 159 2623 1993 179 2781 2780 2105 5178 2104
4249 11 2 1 3 18 19 2011 308 42 2058 2057 732 5203 731
4250 11 2 1 3 305 8 7 1991 698 31 699 5232 2022 2023
4251 11 2 1 3 2163 209 208 2637 2272 229 2273 5351 2856 2857
4252 11 2 1 3 29 28 306 1990 52 762 761 2092 5397 2091
4253 11 2 1 3 2644 162 163 2008 2792 183 2793 5268 2113 2114
4254 11 2 1 3 2642 165 166 1992 2801 186 2802 4706 2120 2121
4255 11 2 1 3 2314 2312 2460 241 2341 5239 5402 2406 2891 2408
4256 11 2 1 3 2300 115 114 297 2373 138 2374 4844 875 876
4257 11 2 1 3 2293 252 2451 251 2432 2920 4359 2431 2921 272
4258 11 2 1 3 2158 215 214 2461 2286 235 2287 5214 2874 2875
4259 11 2 1 3 1995 4 173 2470 2018 194 2019 5400 2759 2760
4260 11 2 1 3 118 117 2302 547 141 2383 2382 885 4758 884
4261 11 2 1 3 304 56 55 2152 768 79 769 4989 2179 2180
4262 11 2 1 3 239 2468 240 2299 2885 2884 260 2403 2404 5093
4263 11 2 1 3 2143 70 71 289 2228 94 2229 5019 815 816
4264 11 2 1 3 16 17 2001 553 40 2052 2051 726 4713 725
4265 11 2 1 3 2165 57 58 294 2185 81 2186 5328 774 775
4266 11 2 1 3 532 1 29 1995 689 53 690 5408 2012 2013
4267 11 2 1 3 2309 111 110 296 2359 134 2360 4674 863 864
4268 11 2 1 3 285 22 21 1985 740 45 741 4693 2068 2069
4269 11 2 1 3 2154 63 64 543 2205 87 2206 5122 794 795
4270 11 2 1 3 249 2639 2311 248 2911 5080 2425 269 2424 2912
4271 11 2 1 3 2305 103 102 617 2333 126 2334 5091 839 840
4272 11 2 1 3 2611 210 211 2141 2862 231 2863 4997 2277 2278
4273 11 2 1 3 155 156 2466 2006 176 2772 2771 2098 5306 2097
4274 11 2 1 3 20 21 1992 593 44 2066 2065 738 4707 737
4275 11 2 1 3 103 104 299 2314 127 843 842 2337 5352 2336
4276 11 2 1 3 2684 161 162 1989 2789 182 2790 4711 2111 2112
4277 11 2 1 3 2458 201 202 2165 2835 222 2836 5379 2256 2257
4278 11 2 1 3 212 213 2640 2143 233 2869 2868 2282 5143 2281
4279 11 2 1 3 2139 69 70 539 2225 93 2226 4396 812 813
4280 11 2 1 3 2296 117 116 287 2379 140 2380 4371 881 882
4281 11 2 1 3 2463 256 2317 257 2936 2442 5391 2935 2443 277
4282 11 2 1 3 2005 171 170 2632 2132 191 2133 5260 2816 2817
4283 11 2 1 3 534 120 121 2317 893 144 894 5363 2391 2392
4284 11 2 1 3 213 214 2701 2164 234 2872 2871 2284 5336 2283
4285 11 2 1 3 120 119 2315 290 143 2389 2388 891 5366 890
4286 11 2 1 3 65 66 2163 615 89 2212 2211 801 5317 800
4287 11 2 1 3 2144 203 202 2685 2258 223 2259 5052 2838 2839
4288 11 2 1 3 168 167 1988 2717 188 2126 2125 2808 4692 2807
4289 11 2 1 3 2739 257 2298 258 2939 2444 5285 2938 2445 278
4290 11 2 1 3 122 123 533 2298 146 900 899 2400 5371 2399
4291 11 2 1 3 526 24 23 1994 746 47 747 4809 2074 2075
4292 11 2 1 3 289 71 2143 685 815 2229 5019 820 5280 819
4293 11 2 1 3 9 10 2006 301 33 2029 2028 705 5177 704
4294 11 2 1 3 610 69 68 2141 809 92 810 4494 2222 2223
4295 11 2 1 3 26 27 2009 303 50 2084 2083 756 5354 755
4296 11 2 1 3 2148 62 63 300 2202 86 2203 5170 791 792
4297 11 2 1 3 2002 24 25 293 2077 48 2078 4938 749 750
4298 11 2 1 3 2460 2742 2314 241 2892 5294 5402 2891 2406 2887
4299 11 2 1 3 112 113 282 2319 136 870 869 2366 5273 2365
4300 11 2 1 3 535 115 116 2293 878 139 879 4358 2376 2377
4301 11 2 1 3 11 10 642 2010 34 708 707 2032 5179 2031
4302 11 2 1 3 2470 2303 4 258 5415 2326 2760 2761 279 2327
4303 11 2 1 3 169 170 2459 2007 190 2814 2813 2130 5339 2129
4304 11 2 1 3 2617 250 2300 251 2918 2428 5058 2917 2429 271
4305 11 2 1 3 2305 2742 240 2314 5155 2888 2407 2338 2405 5294
4306 11 2 1 3 2456 255 254 2315 2929 275 2930 5369 2437 2438
4307 11 2 1 3 55 54 627 2146 78 766 765 2177 5209 2176
4308 11 2 1 3 68 67 283 2147 91 807 806 2220 4793 2219
4309 11 2 1 3 248 2448 2316 247 2908 5313 2422 268 2421 2909
4310 11 2 1 3 2707 198 199 2146 2826 219 2827 4991 2249 2250
4311 11 2 1 3 2470 2739 2298 258 2941 5285 5416 2761 2445 2938
4312 11 2 1 3 2295 108 107 527 2350 131 2351 4770 854 855
4313 11 2 1 3 2140 204 203 2633 2261 224 2262 4786 2841 2842
4314 11 2 1 3 538 9 8 1997 701 32 702 4829 2025 2026
4315 11 2 1 3 74 73 295 2160 97 827 826 2238 5211 2237
4316 11 2 1 3 281 2157 65 2162 5376 2213 797 5378 2209 2214
4317 11 2 1 3 548 118 119 2310 887 142 888 5367 2385 2386
4318 11 2 1 3 1990 173 172 2738 2136 193 2137 5386 2822 2823
4319 11 2 1 3 1993 12 13 518 2039 36 2040 5116 713 714
4320 11 2 1 3 2465 199 200 2161 2829 220 2830 5384 2251 2252
4321 11 2 1 3 11 12 2000 292 35 2037 2036 711 4940 710
4322 11 2 1 3 2142 61 62 541 2199 85 2200 4922 788 789
4323 11 2 1 3 169 168 1994 2620 189 2128 2127 2811 4937 2810
4324 11 2 1 3 107 106 2301 609 130 2348 2347 852 4946 851
4325 11 2 1 3 540 113 114 2306 872 137 873 5025 2370 2371
4326 11 2 1 3 244 2454 245 2295 2900 2899 265 2415 2416 4768
4327 11 2 1 3 109 110 531 2297 133 861 860 2357 5076 2356
4328 11 2 1 3 25 26 2007 545 49 2081 2080 753 5298 752
4329 11 2 1 3 2745 5 2149 217 2762 2172 5185 2764 2173 238
4330 11 2 1 3 2746 6 198 2150 2765 218 2766 5219 2175 2174
4331 11 2 1 3 286 15 14 1987 719 38 720 4891 2045 2046
4332 11 2 1 3 2145 75 76 631 2245 99 2246 4851 832 833
4333 11 2 1 3 2720 2294 246 245 5006 2418 2902 2903 266 2417
4334 11 2 1 3 511 67 66 2155 803 90 804 4974 2216 2217
4335 11 2 1 3 1995 148 4 2303 2014 149 2018 5417 2326 2322
4336 11 2 1 3 2142 205 204 2450 2263 225 2264 4924 2844 2845
4337 11 2 1 3 105 104 2318 537 128 2340 2339 846 5237 845
4338 11 2 1 3 243 242 2622 2318 263 2894 2893 2411 5405 2410
4339 11 2 1 3 637 73 72 2164 821 96 822 5335 2234 2235
4340 11 2 1 3 105 106 291 2308 129 849 848 2345 5302 2344
4341 11 2 1 3 246 2721 247 2297 2906 2905 267 2419 2420 4671
4342 11 2 1 3 54 3 671 2150 77 696 695 2170 5314 2169
4343 11 2 1 3 671 3 101 2304 696 124 697 5307 2323 2324
4344 11 2 1 3 122 121 2307 298 145 2397 2396 897 5284 896
4345 11 2 1 3 658 75 74 2156 829 98 830 4403 2242 2243
4346 11 2 1 3 672 2 76 2149 693 100 694 5241 2166 2167
4347 11 2 1 3 525 111 112 2316 866 135 867 5277 2362 2363
4348 11 2 1 3 2313 256 2618 255 2441 2932 5331 2440 2933 276
4349 11 2 1 3 15 16 1989 598 39 2049 2048 723 5033 722
4350 11 2 1 3 2312 242 2460 241 2409 2890 5239 2408 2891 262
4351 11 2 1 3 532 123 1 2303 691 147 689 5413 2320 2321
4352 11 2 1 3 154 5 1996 2745 174 2020 2021 2763 5234 2762
4353 11 2 1 3 546 57 56 2161 771 80 772 5265 2182 2183
4354 11 2 1 3 6 2746 239 2304 2765 2767 259 2328 2329 5206
4355 11 2 1 3 58 2165 294 681 2186 5328 774 778 779 5389
4356 11 2 1 3 207 206 2162 2735 227 2268 2267 2851 5387 2850
4357 11 2 1 3 205 206 2715 2148 226 2848 2847 2266 5121 2265
4358 11 2 1 3 2147 210 209 2464 2274 230 2275 4795 2859 2860
4359 11 2 1 3 2455 211 212 2139 2865 232 2866 4395 2279 2280
4360 11 2 1 3 532 2298 123 2303 5414 2399 691 5413 2321 2402
4361 11 2 1 3 173 1990 2470 2738 2136 5399 2759 2823 2825 5386
4362 11 2 1 3 2294 109 108 284 2353 132 2354 5005 857 858
4363 11 2 1 3 288 61 60 2140 785 84 786 4784 2196 2197
4364 11 2 1 3 2621 243 2301 244 2897 2412 5161 2896 2413 264
4365 11 2 1 3 672 7 2 1996 692 30 693 5282 2015 2016
4366 11 2 1 3 2165 58 2153 681 2186 2190 2192 5389 5096 778
4367 11 2 1 3 2153 58 59 681 2190 82 2191 5096 777 778
4368 11 2 1 3 2742 240 2314 241 2888 2405 5294 2887 2406 261
4369 11 2 1 3 2298 123 533 532 2399 900 5371 5414 902 691
4370 11 2 1 3 60 59 667 2144 83 781 780 2194 5043 2193
4371 11 2 1 3 28 27 552 1999 51 759 758 2089 5288 2088
4372 11 2 1 3 281 65 64 2162 797 88 798 5378 2208 2209
4373 11 2 1 3 2151 71 72 685 2231 95 2232 5101 818 819
4374 11 2 1 3 2641 254 253 2302 2926 274 2927 5344 2435 2436
4375 11 2 1 3 13 14 1986 679 37 2043 2042 717 5015 716
4376 11 2 1 3 668 2631 286 519 3865 4890 933 934 935 4031
4377 11 2 1 3 668 286 2631 2452 933 4890 3865 3864 2788 4975
4378 11 2 1 3 2646 394 427 2726 3966 1475 4281 3743 3898 3997
4379 11 2 1 3 427 394 2646 416 1475 3966 4281 1474 3963 1465
4380 11 2 1 3 2737 458 675 501 4471 1777 4930 4264 1778 1541
4381 11 2 1 3 2737 675 458 2583 4930 1777 4471 3595 4425 4935
4382 11 2 1 3 2635 632 2461 295 4617 4957 2879 4618 5213 981
4383 11 2 1 3 2635 2461 632 2636 2879 4957 4617 3013 4730 3012
4384 11 2 1 3 2699 438 2604 630 3801 5224 3548 3799 5166 1695
4385 11 2 1 3 2699 2604 438 2569 3548 5224 3801 3547 4822 3546
4386 11 2 1 3 304 2146 55 627 4992 2177 769 770 765 5209
4387 11 2 1 3 55 2146 304 2152 2177 4992 769 2179 4989 2181
4388 11 2 1 3 2580 386 633 2565 3814 1437 4266 3527 4304 3789
4389 11 2 1 3 2580 633 386 407 4266 1437 3814 3813 1435 1436
4390 11 2 1 3 2646 442 2645 2625 4872 4420 3710 3711 3705 4565
4391 11 2 1 3 2645 442 2646 416 4420 4872 3710 4376 3963 1587
4392 11 2 1 3 442 2623 519 518 5063 5418 1713 1711 1712 5062
4393 11 2 1 3 442 519 2623 2625 1713 5418 5063 4565 3702 4626
4394 11 2 1 3 2631 519 2623 518 4031 5418 2785 5117 5062 1712
4395 11 2 1 3 2631 2623 519 2625 2785 5418 4031 3703 4626 3702
4396 11 2 1 3 528 2702 2585 529 4641 3616 4582 1708 4487 4783
4397 11 2 1 3 528 2585 2702 2734 4582 3616 4641 4365 3617 3614
4398 11 2 1 3 297 2306 2617 540 5381 5026 5049 877 4917 5025
4399 11 2 1 3 2617 2306 297 2300 5026 5381 5049 5058 4844 2375
4400 11 2 1 3 2700 282 2462 2639 4658 5243 3019 3020 2916 4817
4401 11 2 1 3 2700 2462 282 677 3019 5243 4658 4657 915 4741
4402 11 2 1 3 2755 632 491 588 4383 1909 4831 4313 1583 1894
4403 11 2 1 3 2755 491 632 2636 4831 1909 4383 3731 4730 4965
4404 11 2 1 3 413 2718 2686 401 4728 3692 4135 1470 4648 4466
4405 11 2 1 3 2686 2718 413 2610 3692 4728 4135 3688 4483 3693
4406 11 2 1 3 647 2620 2717 2597 4570 2812 4196 4334 3659 3658
4407 11 2 1 3 2717 2620 647 526 2812 4570 4196 4536 1952 4571
4408 11 2 1 3 609 2308 2621 291 5404 5301 4921 853 5158 5302
4409 11 2 1 3 2621 2308 609 2301 5301 5404 4921 5161 4946 2349
4410 11 2 1 3 2736 456 517 521 3906 1771 5271 3904 1772 1769
4411 11 2 1 3 2736 517 456 2589 5271 1771 3906 3630 4901 5353
4412 11 2 1 3 2747 589 2584 2709 4598 4642 3612 3478 3598 4179
4413 11 2 1 3 2747 2584 589 640 3612 4642 4598 4961 1782 5139
4414 11 2 1 3 2751 535 536 641 4156 991 5419 4307 1969 940
4415 11 2 1 3 536 535 2751 2451 991 4156 5419 5059 2963 4157
4416 11 2 1 3 2751 2732 536 2451 2966 4689 5419 2963 5059 2964
4417 11 2 1 3 2464 2141 283 2147 5188 4996 4794 4795 4793 2224
4418 11 2 1 3 2464 283 2141 2611 4794 4996 5188 2864 4997 4994
4419 11 2 1 3 2602 461 665 682 5167 1791 5181 4753 1794 1792
4420 11 2 1 3 665 461 2602 2559 1791 5167 5181 4999 3498 5149
4421 11 2 1 3 2598 551 497 423 3901 1623 5420 3903 1621 1448
4422 11 2 1 3 2598 2657 497 2710 3634 4555 5420 3661 5040 3660
4423 11 2 1 3 497 2657 2598 423 4555 3634 5420 1621 3903 4255
4424 11 2 1 3 287 2751 666 641 4155 5263 942 941 944 4307
4425 11 2 1 3 287 666 2751 2612 942 5263 4155 4511 2962 5156
4426 11 2 1 3 583 2711 2659 2713 4781 3543 4913 4782 3558 2949
4427 11 2 1 3 583 2659 2711 500 4913 3543 4781 1666 4881 5125
4428 11 2 1 3 297 2732 669 2617 5050 4393 992 5049 4916 2965
4429 11 2 1 3 669 2732 297 536 4393 5050 992 993 990 4689
4430 11 2 1 3 462 2685 639 510 4561 4933 1795 1798 1799 4559
4431 11 2 1 3 462 639 2685 2578 1795 4933 4561 4877 3586 4301
4432 11 2 1 3 292 2624 520 514 4636 4664 968 966 967 4980
4433 11 2 1 3 520 2624 292 2457 4664 4636 968 4477 4634 2992
4434 11 2 1 3 2571 583 2659 2713 5131 4913 3453 3557 3558 4782
4435 11 2 1 3 2659 583 2571 431 4913 5131 3453 4621 4514 1658
4436 11 2 1 3 1996 305 7 1991 5233 699 2016 2024 2022 5232
4437 11 2 1 3 1996 7 305 672 2016 699 5233 5282 700 692
4438 11 2 1 3 300 2725 2450 542 5153 2960 5172 1007 5222 5151
4439 11 2 1 3 300 2450 2725 2715 5172 2960 5153 5246 2961 2849
4440 11 2 1 3 583 2721 502 531 4896 5421 1661 987 926 5109
4441 11 2 1 3 583 502 2721 2713 1661 5421 4896 4782 2951 5055
4442 11 2 1 3 2599 502 2721 531 4918 5421 3664 5110 5109 926
4443 11 2 1 3 2599 2721 502 2713 3664 5421 4918 3556 5055 2951
4444 11 2 1 3 547 2310 2641 2302 5382 5394 5345 4758 5344 2387
4445 11 2 1 3 2641 2310 547 548 5394 5382 5345 5393 889 5367
4446 11 2 1 3 2730 2583 458 544 3601 4425 5422 5014 1774 5107
4447 11 2 1 3 458 2583 2730 2582 4425 3601 5422 4426 3602 3594
4448 11 2 1 3 458 457 2730 544 1539 5227 5422 1774 5014 1773
4449 11 2 1 3 2730 457 458 2582 5227 1539 5422 3602 4426 4915
4450 11 2 1 3 2624 442 2623 2625 4421 5063 2993 3701 3702 4565
4451 11 2 1 3 2623 442 2624 514 5063 4421 2993 4979 4980 1654
4452 11 2 1 3 528 2720 527 284 4363 4107 927 923 859 4948
4453 11 2 1 3 528 527 2720 2734 927 4107 4363 4365 2979 4105
4454 11 2 1 3 651 2619 419 2743 5342 5423 1461 4616 4771 3497
4455 11 2 1 3 651 419 2619 475 1461 5423 5342 1603 4384 1602
4456 11 2 1 3 2558 419 2619 2743 4026 5423 3495 3489 3497 4771
4457 11 2 1 3 506 2465 2600 662 5195 3032 4852 1033 4854 5197
4458 11 2 1 3 2600 2465 506 2613 3032 5195 4852 3034 5253 3033
4459 11 2 1 3 1989 553 16 2001 4712 726 2049 2053 2051 4713
4460 11 2 1 3 16 553 1989 598 726 4712 2049 722 5033 727
4461 11 2 1 3 296 2297 110 2309 4673 2356 863 4674 2360 2361
4462 11 2 1 3 296 110 2297 531 863 2356 4673 865 5076 861
4463 11 2 1 3 518 2000 2623 1993 5380 4942 5062 5116 5178 2041
4464 11 2 1 3 518 2623 2000 292 5062 4942 5380 715 4940 4635
4465 11 2 1 3 2576 506 512 2613 4848 1652 5003 3578 5210 5253
4466 11 2 1 3 512 506 2576 429 1652 4848 5003 1651 4849 1649
4467 11 2 1 3 543 2148 63 300 5123 2203 795 796 791 5170
4468 11 2 1 3 543 63 2148 2154 795 2203 5123 5122 2207 2205
4469 11 2 1 3 518 1986 13 1993 5118 2042 713 5116 2040 2044
4470 11 2 1 3 518 13 1986 679 713 2042 5118 718 5015 717
4471 11 2 1 3 298 2298 122 533 5283 2400 897 901 899 5371
4472 11 2 1 3 122 2298 298 2307 2400 5283 897 2396 5284 2401
4473 11 2 1 3 2150 627 54 2146 5220 766 2170 2178 2176 5209
4474 11 2 1 3 2150 54 627 671 2170 766 5220 5314 767 695
4475 11 2 1 3 2304 307 101 671 5207 836 2323 5307 697 838
4476 11 2 1 3 2304 101 307 2299 2323 836 5207 2332 5204 2331
4477 11 2 1 3 536 2751 682 2732 5419 4752 1971 4689 4754 2966
4478 11 2 1 3 682 2751 536 641 4752 5419 1971 1942 1969 4307
4479 11 2 1 3 497 2598 549 551 5420 5133 1928 1623 1927 3901
4480 11 2 1 3 549 2598 497 2710 5133 5420 1928 5279 5040 3661
4481 11 2 1 3 419 2619 456 2558 5423 4385 1600 4026 4959 3495
4482 11 2 1 3 419 456 2619 475 1600 4385 5423 1602 4384 1601
$EndElements
