$MeshFormat
2.2 0 8
$EndMeshFormat
$PhysicalNames
7
2 1 "xplane"
2 2 "yplane"
2 3 "zbot"
2 4 "ztop"
2 5 "inner"
2 6 "outer"
3 1 "domain"
$EndPhysicalNames
$Nodes
7427
1 1.221245327087672e-15 11 5
2 11 0 5
3 1.221245327087672e-15 11 0
4 11 0 0
5 10 0 5
6 1.110223024625157e-15 10 5
7 1.110223024625157e-15 10 0
8 10 0 0
9 10.98892373195446 0.4935131338556648 5
10 10.95571723394763 0.9860323979377696 5
11 10.90044737944728 1.476565923994212 5
12 10.82322547458493 1.964125842785006 5
13 10.72420703400006 2.447730273519461 5
14 10.60359146765439 2.92640530123343 5
15 10.46162167924669 3.399186938124426 5
16 10.29858357703711 3.865123064894775 5
17 10.11480549806595 4.323275348193167 5
18 9.910657546926608 4.772721130293146 5
19 9.686550850424114 5.212555287202993 5
20 9.442936729620524 5.641892051464975 5
21 9.180305790934325 6.059866795973135 5
22 8.899186938124418 6.465637775217211 5
23 8.600146307148325 6.858387820446073 5
24 8.283786126039717 7.237325985336843 5
25 7.950743502101304 7.601689138855516 5
26 7.601689138855505 7.950743502101312 5
27 7.237325985336833 8.283786126039725 5
28 6.858387820446062 8.600146307148332 5
29 6.465637775217198 8.899186938124426 5
30 6.059866795973121 9.180305790934334 5
31 5.64189205146496 9.442936729620532 5
32 5.212555287202977 9.686550850424123 5
33 4.772721130293131 9.910657546926615 5
34 4.323275348193151 10.11480549806596 5
35 3.865123064894763 10.29858357703711 5
36 3.399186938124413 10.46162167924669 5
37 2.926405301233419 10.60359146765439 5
38 2.447730273519454 10.72420703400006 5
39 1.964125842784996 10.82322547458493 5
40 1.476565923994206 10.90044737944728 5
41 0.9860323979377643 10.95571723394763 5
42 0.4935131338556649 10.98892373195446 5
43 10.99723058436757 0.2468187072538546 5
44 10.97508362551102 0.7399590617324371 5
45 10.93083430882567 1.231609237136388 5
46 10.86457174654652 1.720779115442542 5
47 10.77642938265559 2.206483573616003 5
48 10.66658472414355 2.687744467516838 5
49 10.53525898353423 3.163592601752194 5
50 10.38271663339204 3.633069681506843 5
51 10.20926487370943 4.095230242421404 5
52 10.01525301324697 4.549143554631734 5
53 9.801071766072043 4.993895497135021 5
54 9.567152464712645 5.428590398707823 5
55 9.313966191511122 5.85235284166871 5
56 9.042022829927005 6.264329424852978 5
57 8.751870037699586 6.663690482249024 5
58 8.444092143938118 7.04963175383527 5
59 8.119308972360743 7.421376005252823 5
60 7.778174593052018 7.778174593052028 5
61 7.421376005252811 8.119308972360752 5
62 7.049631753835259 8.444092143938127 5
63 6.663690482249011 8.751870037699597 5
64 6.264329424852964 9.042022829927014 5
65 5.852352841668694 9.313966191511131 5
66 5.428590398707808 9.567152464712654 5
67 4.993895497135006 9.801071766072051 5
68 4.549143554631719 10.01525301324698 5
69 4.095230242421389 10.20926487370943 5
70 3.633069681506831 10.38271663339205 5
71 3.163592601752181 10.53525898353424 5
72 2.687744467516828 10.66658472414356 5
73 2.206483573615996 10.77642938265559 5
74 1.720779115442535 10.86457174654652 5
75 1.231609237136382 10.93083430882567 5
76 0.7399590617324344 10.97508362551102 5
77 0.246818707253855 10.99723058436757 5
78 1.221245327087672e-15 11 0.5
79 1.221245327087672e-15 11 1
80 1.221245327087672e-15 11 1.5
81 1.221245327087672e-15 11 2
82 1.221245327087672e-15 11 2.5
83 1.221245327087672e-15 11 3
84 1.221245327087672e-15 11 3.5
85 1.221245327087672e-15 11 4
86 1.221245327087672e-15 11 4.5
87 1.221245327087672e-15 11 0.25
88 1.221245327087672e-15 11 0.75
89 1.221245327087672e-15 11 1.25
90 1.221245327087672e-15 11 1.75
91 1.221245327087672e-15 11 2.25
92 1.221245327087672e-15 11 2.75
93 1.221245327087672e-15 11 3.25
94 1.221245327087672e-15 11 3.75
95 1.221245327087672e-15 11 4.25
96 1.221245327087672e-15 11 4.75
97 10.98892373195446 0.4935131338556648 0
98 10.95571723394763 0.9860323979377696 0
99 10.90044737944728 1.476565923994212 0
100 10.82322547458493 1.964125842785006 0
101 10.72420703400006 2.447730273519461 0
102 10.60359146765439 2.92640530123343 0
103 10.46162167924669 3.399186938124426 0
104 10.29858357703711 3.865123064894775 0
105 10.11480549806595 4.323275348193167 0
106 9.910657546926608 4.772721130293146 0
107 9.686550850424114 5.212555287202993 0
108 9.442936729620524 5.641892051464975 0
109 9.180305790934325 6.059866795973135 0
110 8.899186938124418 6.465637775217211 0
111 8.600146307148325 6.858387820446073 0
112 8.283786126039717 7.237325985336843 0
113 7.950743502101304 7.601689138855516 0
114 7.601689138855505 7.950743502101312 0
115 7.237325985336833 8.283786126039725 0
116 6.858387820446062 8.600146307148332 0
117 6.465637775217198 8.899186938124426 0
118 6.059866795973121 9.180305790934334 0
119 5.64189205146496 9.442936729620532 0
120 5.212555287202977 9.686550850424123 0
121 4.772721130293131 9.910657546926615 0
122 4.323275348193151 10.11480549806596 0
123 3.865123064894763 10.29858357703711 0
124 3.399186938124413 10.46162167924669 0
125 2.926405301233419 10.60359146765439 0
126 2.447730273519454 10.72420703400006 0
127 1.964125842784996 10.82322547458493 0
128 1.476565923994206 10.90044737944728 0
129 0.9860323979377643 10.95571723394763 0
130 0.4935131338556649 10.98892373195446 0
131 10.99723058436757 0.2468187072538546 0
132 10.97508362551102 0.7399590617324371 0
133 10.93083430882567 1.231609237136388 0
134 10.86457174654652 1.720779115442542 0
135 10.77642938265559 2.206483573616003 0
136 10.66658472414355 2.687744467516838 0
137 10.53525898353423 3.163592601752194 0
138 10.38271663339204 3.633069681506843 0
139 10.20926487370943 4.095230242421404 0
140 10.01525301324697 4.549143554631734 0
141 9.801071766072043 4.993895497135021 0
142 9.567152464712645 5.428590398707823 0
143 9.313966191511122 5.85235284166871 0
144 9.042022829927005 6.264329424852978 0
145 8.751870037699586 6.663690482249024 0
146 8.444092143938118 7.04963175383527 0
147 8.119308972360743 7.421376005252823 0
148 7.778174593052018 7.778174593052028 0
149 7.421376005252811 8.119308972360752 0
150 7.049631753835259 8.444092143938127 0
151 6.663690482249011 8.751870037699597 0
152 6.264329424852964 9.042022829927014 0
153 5.852352841668694 9.313966191511131 0
154 5.428590398707808 9.567152464712654 0
155 4.993895497135006 9.801071766072051 0
156 4.549143554631719 10.01525301324698 0
157 4.095230242421389 10.20926487370943 0
158 3.633069681506831 10.38271663339205 0
159 3.163592601752181 10.53525898353424 0
160 2.687744467516828 10.66658472414356 0
161 2.206483573615996 10.77642938265559 0
162 1.720779115442535 10.86457174654652 0
163 1.231609237136382 10.93083430882567 0
164 0.7399590617324344 10.97508362551102 0
165 0.246818707253855 10.99723058436757 0
166 11 0 0.5
167 11 0 1
168 11 0 1.5
169 11 0 2
170 11 0 2.5
171 11 0 3
172 11 0 3.5
173 11 0 4
174 11 0 4.5
175 11 0 0.25
176 11 0 0.75
177 11 0 1.25
178 11 0 1.75
179 11 0 2.25
180 11 0 2.75
181 11 0 3.25
182 11 0 3.75
183 11 0 4.25
184 11 0 4.75
185 10.5 0 5
186 10.25 0 5
187 10.75 0 5
188 9.987954562051724 0.4906767432741789 5
189 9.95184726672197 0.9801714032956035 5
190 9.891765099647809 1.467304744553614 5
191 9.807852804032306 1.950903220161278 5
192 9.700312531945441 2.429801799032633 5
193 9.569403357322091 2.902846772544617 5
194 9.41544065183021 3.368898533922193 5
195 9.238795325112871 3.82683432365089 5
196 9.039892931234437 4.275550934302811 5
197 8.819212643483556 4.713967368259965 5
198 8.577286100002727 5.141027441932207 5
199 8.31469612302546 5.555702330196009 5
200 8.032075314806459 5.956993044924321 5
201 7.730104533627379 6.343932841636443 5
202 7.409511253549602 6.715589548470172 5
203 7.071067811865488 7.071067811865462 5
204 6.7155895484702 7.409511253549576 5
205 6.34393284163647 7.730104533627356 5
206 5.956993044924347 8.032075314806439 5
207 5.555702330196035 8.314696123025444 5
208 5.14102744193223 8.577286100002713 5
209 4.713967368259987 8.819212643483544 5
210 4.275550934302832 9.039892931234428 5
211 3.826834323650909 9.238795325112862 5
212 3.368898533922211 9.415440651830204 5
213 2.902846772544634 9.569403357322086 5
214 2.429801799032644 9.700312531945439 5
215 1.950903220161287 9.807852804032303 5
216 1.467304744553622 9.891765099647809 5
217 0.9801714032956077 9.951847266721968 5
218 0.4906767432741813 9.987954562051724 5
219 9.996988186962042 0.2454122852291223 5
220 9.972904566786902 0.7356456359966724 5
221 9.9247953459871 1.224106751992159 5
222 9.852776423889413 1.709618887603008 5
223 9.757021300385286 2.191012401568693 5
224 9.6377606579544 2.667127574748978 5
225 9.495281805930368 3.136817403988907 5
226 9.329927988347391 3.598950365349874 5
227 9.14209755703531 4.05241314004989 5
228 8.932243011955158 4.496113296546056 5
229 8.700869911087121 4.928981922297829 5
230 8.448535652497078 5.34997619887096 5
231 8.175848131515846 5.75808191417844 5
232 7.883464276266072 6.152315905806256 5
233 7.572088465064857 6.531728429537756 5
234 7.242470829514681 6.895405447370657 5
235 6.895405447370683 7.242470829514657 5
236 6.531728429537783 7.572088465064832 5
237 6.152315905806284 7.883464276266051 5
238 5.758081914178467 8.175848131515828 5
239 5.349976198870986 8.448535652497062 5
240 4.928981922297853 8.700869911087107 5
241 4.496113296546076 8.932243011955148 5
242 4.05241314004991 9.142097557035301 5
243 3.598950365349891 9.329927988347386 5
244 3.136817403988927 9.495281805930363 5
245 2.667127574748993 9.637760657954397 5
246 2.191012401568704 9.757021300385285 5
247 1.709618887603016 9.852776423889413 5
248 1.224106751992165 9.9247953459871 5
249 0.7356456359966768 9.972904566786902 5
250 0.2454122852291249 9.996988186962042 5
251 1.165734175856414e-15 10.5 5
252 1.137978600240785e-15 10.25 5
253 1.193489751472043e-15 10.75 5
254 1.165734175856414e-15 10.5 0
255 1.137978600240785e-15 10.25 0
256 1.193489751472043e-15 10.75 0
257 1.110223024625157e-15 10 0.5
258 1.110223024625157e-15 10 1
259 1.110223024625157e-15 10 1.5
260 1.110223024625157e-15 10 2
261 1.110223024625157e-15 10 2.5
262 1.110223024625157e-15 10 3
263 1.110223024625157e-15 10 3.5
264 1.110223024625157e-15 10 4
265 1.110223024625157e-15 10 4.5
266 1.110223024625157e-15 10 0.25
267 1.110223024625157e-15 10 0.75
268 1.110223024625157e-15 10 1.25
269 1.110223024625157e-15 10 1.75
270 1.110223024625157e-15 10 2.25
271 1.110223024625157e-15 10 2.75
272 1.110223024625157e-15 10 3.25
273 1.110223024625157e-15 10 3.75
274 1.110223024625157e-15 10 4.25
275 1.110223024625157e-15 10 4.75
276 10.5 0 0
277 10.25 0 0
278 10.75 0 0
279 9.987954562051724 0.4906767432741789 0
280 9.95184726672197 0.9801714032956035 0
281 9.891765099647809 1.467304744553614 0
282 9.807852804032306 1.950903220161278 0
283 9.700312531945441 2.429801799032633 0
284 9.569403357322091 2.902846772544617 0
285 9.41544065183021 3.368898533922193 0
286 9.238795325112871 3.82683432365089 0
287 9.039892931234437 4.275550934302811 0
288 8.819212643483556 4.713967368259965 0
289 8.577286100002727 5.141027441932207 0
290 8.31469612302546 5.555702330196009 0
291 8.032075314806459 5.956993044924321 0
292 7.730104533627379 6.343932841636443 0
293 7.409511253549602 6.715589548470172 0
294 7.071067811865488 7.071067811865462 0
295 6.7155895484702 7.409511253549576 0
296 6.34393284163647 7.730104533627356 0
297 5.956993044924347 8.032075314806439 0
298 5.555702330196035 8.314696123025444 0
299 5.14102744193223 8.577286100002713 0
300 4.713967368259987 8.819212643483544 0
301 4.275550934302832 9.039892931234428 0
302 3.826834323650909 9.238795325112862 0
303 3.368898533922211 9.415440651830204 0
304 2.902846772544634 9.569403357322086 0
305 2.429801799032644 9.700312531945439 0
306 1.950903220161287 9.807852804032303 0
307 1.467304744553622 9.891765099647809 0
308 0.9801714032956077 9.951847266721968 0
309 0.4906767432741813 9.987954562051724 0
310 9.996988186962042 0.2454122852291223 0
311 9.972904566786902 0.7356456359966724 0
312 9.9247953459871 1.224106751992159 0
313 9.852776423889413 1.709618887603008 0
314 9.757021300385286 2.191012401568693 0
315 9.6377606579544 2.667127574748978 0
316 9.495281805930368 3.136817403988907 0
317 9.329927988347391 3.598950365349874 0
318 9.14209755703531 4.05241314004989 0
319 8.932243011955158 4.496113296546056 0
320 8.700869911087121 4.928981922297829 0
321 8.448535652497078 5.34997619887096 0
322 8.175848131515846 5.75808191417844 0
323 7.883464276266072 6.152315905806256 0
324 7.572088465064857 6.531728429537756 0
325 7.242470829514681 6.895405447370657 0
326 6.895405447370683 7.242470829514657 0
327 6.531728429537783 7.572088465064832 0
328 6.152315905806284 7.883464276266051 0
329 5.758081914178467 8.175848131515828 0
330 5.349976198870986 8.448535652497062 0
331 4.928981922297853 8.700869911087107 0
332 4.496113296546076 8.932243011955148 0
333 4.05241314004991 9.142097557035301 0
334 3.598950365349891 9.329927988347386 0
335 3.136817403988927 9.495281805930363 0
336 2.667127574748993 9.637760657954397 0
337 2.191012401568704 9.757021300385285 0
338 1.709618887603016 9.852776423889413 0
339 1.224106751992165 9.9247953459871 0
340 0.7356456359966768 9.972904566786902 0
341 0.2454122852291249 9.996988186962042 0
342 10 0 0.5
343 10 0 1
344 10 0 1.5
345 10 0 2
346 10 0 2.5
347 10 0 3
348 10 0 3.5
349 10 0 4
350 10 0 4.5
351 10 0 0.25
352 10 0 0.75
353 10 0 1.25
354 10 0 1.75
355 10 0 2.25
356 10 0 2.75
357 10 0 3.25
358 10 0 3.75
359 10 0 4.25
360 10 0 4.75
361 3.652428223756959 10.37592251659117 4.579420759866358
362 8.782336508399416 6.623485898923221 4.573449394610874
363 10.00852779574191 4.563920613010451 0.4368538149699107
364 7.778174593052018 7.778174593052027 0.4274935708153352
365 6.663690482249011 8.751870037699597 4.572506429184664
366 4.993895497135006 9.801071766072051 4.572506429184664
367 10.66298433939546 2.701992779007213 4.580774815353116
368 2.687744467516828 10.66658472414356 0.4274935708153335
369 9.319141267777733 5.844108660112509 0.4200458504856602
370 5.852352841668694 9.313966191511131 0.4274935708153359
371 4.09523024242139 10.20926487370943 0.4274935708153337
372 9.799821611459441 4.996348304869516 4.573392659162053
373 10.53525898353423 3.163592601752194 0.4274935708153365
374 7.757656805143331 7.798638399978125 4.575351452959369
375 0.4315654944528813 10.99153088627775 2.749538315578431
376 10.99147727272727 0.4329288199229 2.25
377 2.206382108929463 10.7764501571434 4.583291221060077
378 10.86457174654652 1.720779115442542 0.427493570815336
379 0.4326262444373151 10.99148918630338 1.749794673008827
380 10.99030241753436 0.4617929959823966 3.247361665914292
381 1.720779115442535 10.86457174654652 0.427493570815334
382 8.44409214393812 7.04963175383527 0.4274935708153353
383 7.049631753835258 8.444092143938128 0.4274935708153362
384 10.20926487370943 4.095230242421403 4.572506429184664
385 9.322590667211545 5.838604563730979 4.575414750120231
386 4.992159663724061 9.801956023768239 0.4226012104648127
387 5.898770730549868 9.284638058018642 4.585941256195357
388 10.86457174654652 1.720779115442542 4.572506429184664
389 0.4326942398115279 10.9914865097872 3.749800433789042
390 10.99147727272728 0.4329288199228209 1.25
391 1.231609237136382 10.93083430882567 4.572506429184668
392 0.4264670381149659 10.99172988502726 0.7613766066642017
393 10.9917617149989 0.4256458629944959 4.238653771930487
394 10.97508362551102 0.7399590617324372 0.4274935708153361
395 0.4326104226796753 10.99148980903812 1.250434524911218
396 0.8641514498284422 10.96600393360131 1.499329607620886
397 0.864226544780039 10.96599801565264 1.997945537165793
398 1.293506499342662 10.92368257210719 1.747828405491414
399 1.294138311896507 10.92360773873182 2.245167132402324
400 1.719985208295424 10.86469745935178 1.995771541297816
401 1.720997066413459 10.864537224263 2.49222562897117
402 2.143381135014085 10.78915739574068 2.243298319044405
403 2.144552657707757 10.78892459415296 2.738985064918296
404 2.563027607176656 10.6972374697793 2.490270558769979
405 2.564291188459156 10.69693464039071 2.985412690592888
406 2.978440087563125 10.58909319275248 2.7370354025344
407 2.977529403738306 10.58934930247717 2.242163345948096
408 3.388023539323157 10.46524230474346 2.488757352165815
409 3.387227977259326 10.46549982705421 1.994302694960479
410 3.792300812972474 10.3256212667291 2.240719052334015
411 3.793171460278378 10.32530146160051 2.735088267350971
412 4.191543210741371 10.17010154877954 2.487096176068628
413 4.18067104986673 10.17457564583439 2.984148611160794
414 4.571909003429722 10.00488121190643 2.744634408471902
415 4.582299533502541 10.00012654846239 2.240495989692856
416 4.966859226641024 9.814800528932361 2.487277043968879
417 4.960842065386742 9.817843245962393 2.984602019729442
418 5.344207428637275 9.614543512809028 2.732707122302525
419 5.345787382680774 9.613665131424698 2.238154669624918
420 5.715409566251713 9.398621893128714 2.484291477487473
421 5.715966720756096 9.398283058474501 2.977560649717895
422 6.076941395928793 9.169012120749269 2.730116518368793
423 6.077142761697628 9.16887865848088 2.236325605089343
424 6.428951701273881 8.925725742072052 2.482519629398347
425 6.428273093529448 8.926214485155807 1.989186538744911
426 6.770802031652406 8.669269856693333 2.235183965647536
427 6.771500024996635 8.668724670415514 2.728506040614244
428 7.102729690766568 8.39947801591879 2.481238633061657
429 7.103745683783345 8.398618770972373 2.974545831834964
430 7.424236176598696 8.116693735387777 2.726898151323089
431 7.418907394728225 8.121564693360932 2.232627078141498
432 7.731174723344775 7.824892165206805 2.47688030117826
433 7.737868378034925 7.818273016735036 2.974873017398972
434 8.034461315615456 7.513150562039786 2.725858467458673
435 8.027014175490342 7.52110652939294 2.230097028866038
436 8.316448475394484 7.199769771048848 2.475142072990285
437 8.32291662209389 7.192291630744212 2.971191528455936
438 8.593160144805854 6.867139049540225 2.72234579524331
439 8.5884342839365 6.873048563083499 2.226698112423862
440 8.851740617492062 6.530443173372023 2.475350732829793
441 8.845144350705567 6.539374696037948 2.970842132275921
442 9.094565635156973 6.1878005711094 2.727409053025318
443 9.09701023745059 6.184206071899541 2.228141465918297
444 9.332221770432277 5.823198161446154 2.474613603002555
445 9.329103667920389 5.828192237151615 2.971094375965378
446 9.550863400804893 5.457197843139425 2.721375782434197
447 9.551221293941847 5.456571432149662 2.227012614414369
448 9.756241019668741 5.080921291078328 2.473052315663721
449 9.756313101448452 5.080782879291861 2.966595622398407
450 9.946373756871106 4.697834510561837 2.719148405829966
451 9.946108285082929 4.698396533010465 2.225452094877222
452 10.12130323807413 4.308041406828648 2.471528048764914
453 10.12096672263641 4.308831929802597 1.977613064810133
454 10.28092614990458 3.911848348314159 2.223891225592296
455 10.28126751483681 3.910951072100155 2.717630156078893
456 10.42540366115445 3.50869755065713 2.469938553876261
457 10.42571583120457 3.507769862315705 2.964023152201193
458 10.55420294876118 3.099806464339487 2.716052276340167
459 10.55389223266689 3.10086419264911 2.221479847489065
460 10.66679320903222 2.686916938750459 2.467951647038804
461 10.66649982366655 2.688081381156727 1.973076034246081
462 10.76331098630556 2.26961155532703 2.2197203878609
463 10.76347472265716 2.268834920112164 2.715092382121988
464 1.724571909285164 10.86397034834432 2.989174320532844
465 6.078540092942792 9.167952352542363 3.223810284985505
466 10.28051533461734 3.912927862189361 1.729653357185688
467 9.946766614297287 4.697002652830941 3.212668465338145
468 2.979374358984565 10.58883036170782 3.231782942015722
469 9.945230372624778 4.700254550066585 1.731678945670653
470 10.55442935682459 3.099035487341075 3.210452619677648
471 2.142828237432901 10.78926722001361 1.747375034459544
472 10.84376519396856 1.847364722537482 2.466633167648929
473 10.84387009479159 1.846748864162281 2.962605366717518
474 10.8383292981854 1.8789938861252 1.977430703595398
475 3.791388407638047 10.32595632096262 1.746407648418727
476 6.762784874139159 8.675525387324653 1.740884389023362
477 6.074829406255573 9.170411533017074 1.746388713049115
478 3.386490457988405 10.46573850131722 1.500000733613663
479 10.42601132949907 3.506891466406815 3.458323106900625
480 5.717991241845484 9.397051460866773 3.471513831200746
481 9.756991162975657 5.079480627545984 3.460339563445474
482 2.565528327337529 10.69663799525948 3.480259029195928
483 10.90771959499725 1.421848528118626 2.713682403747255
484 10.90897886158411 1.412154452427599 3.215064893722421
485 10.84461599436462 1.84236368146222 3.458069988738857
486 2.964264390617624 10.59307021701057 3.72217216997596
487 9.947263608630422 4.695950031720619 3.706369050205306
488 10.91434677174309 1.370049103551124 3.718347963151755
489 3.367758564968389 10.47178123568679 3.482998178244383
490 6.772344045590901 8.668065304792613 3.2221817326168
491 7.10443156820012 8.398038586048624 3.468223962001138
492 10.5536337339268 3.101743865976402 1.726679996061229
493 10.66621475933592 2.689212283871357 1.478312846809391
494 6.079444327972796 9.167352762007111 3.717577168175641
495 10.55465802196394 3.098256612902203 3.70474196135457
496 1.294043474167268 10.92361897390078 1.250288210271566
497 10.42628726005934 3.506071016212343 3.952456893326806
498 3.793791428331274 10.32507368488575 1.257984448115877
499 4.189719814837825 10.17085285869161 1.498503140393702
500 3.392484570604795 10.46379703731912 0.9439116270240304
501 2.976581080951507 10.58961590750682 1.253558933820191
502 6.689146680318372 8.732429025717053 3.742828312452143
503 7.105144196171141 8.39743567713475 3.961903347149701
504 7.431121376536383 8.110390563171666 3.712521123097406
505 10.66712110468249 2.685614890120603 3.456990025195306
506 10.12200273290953 4.306397644780609 3.45875611473992
507 10.55471605100299 3.09805892176051 1.240482892140456
508 10.66590477579164 2.690441471904749 0.9838167432264769
509 10.76004985706141 2.285022335460341 1.226694331376811
510 2.566813231723262 10.69632973657088 3.974785365156219
511 2.143967478282669 10.78904089583807 3.721938782228768
512 2.921346501121969 10.60498630929727 4.232974536143358
513 10.12731763233638 4.293883740131857 3.940655759495931
514 5.713427524293035 9.399826909292042 3.948315903321105
515 5.323724793940774 9.625900182236478 3.711441905944143
516 10.77307351246187 2.222810629606684 0.7254316539415178
517 10.85343903011649 1.789653938487566 3.968908076110425
518 9.76126732780002 5.071258241819661 3.967640593371444
519 9.545413454789928 5.466724977270706 3.706148362054729
520 10.95636602645808 0.9787969627431542 2.963946128877481
521 10.64674175485942 2.765301069564201 3.872764163900087
522 10.85139514446152 1.802005388104279 0.9785160147040642
523 10.91380623585393 1.374348371496807 0.8048564300499813
524 10.90307332005753 1.457049133505717 1.294252782194862
525 7.426428837512418 8.114687592345375 4.207935894647689
526 7.750690694465725 7.805561719615213 3.975570285917426
527 8.052844310740086 7.493443701462033 4.224894457085286
528 8.045821113101711 7.500984109832972 3.723175242603484
529 8.330534574482661 7.183466691183931 3.962921238701695
530 10.95684614143333 0.9734077423964791 2.446399366295835
531 4.188861866682179 10.17120623435863 1.004530998810587
532 4.581558882466224 10.00046589947163 1.250809973585508
533 9.566803418392503 5.429205499318803 4.221064873791475
534 9.327816316637866 5.830252375589275 3.965658572805579
535 9.071220568942305 6.221973753528543 4.244734490682482
536 9.08273289183345 6.205156179791672 3.739160366990071
537 8.832781141562895 6.556064162685633 3.994068773857376
538 7.083607302237911 8.415610945598766 4.469426444063981
539 10.96327826571413 0.898069968610577 1.151442557129174
540 10.9435655730595 1.112821885185137 1.615030428275305
541 4.557037052864709 10.0116638626563 0.7434461774873905
542 4.964093142564453 9.81619983863127 0.9912997229735537
543 4.967152145999255 9.814652289230372 1.496789741021437
544 5.346182274928247 9.613445536499546 1.248245495652724
545 8.321190785495721 7.194288283866661 4.450517096662764
546 5.349925261397939 9.61136305096505 4.212917621918838
547 4.952455724763174 9.822076272064908 3.975027277417255
548 4.555076633039199 10.0125559607495 4.289230739286186
549 4.541461149403949 10.01873897396547 3.790129532114951
550 4.18396100474607 10.17322320165857 4.083616641649731
551 4.150751210566058 10.18681816800439 3.588641950227663
552 3.673824682807218 10.36836593682903 3.896983074702363
553 8.836990832228965 6.55038876946256 3.4973679794357
554 5.402989474609957 9.581633719635395 0.7406613119606982
555 5.766317471652718 9.367474729942568 0.9966339708622847
556 6.146504727973007 9.122525945647151 0.8276549600454526
557 4.922687640523014 9.837029348021789 3.478769042946217
558 0.8639144273236127 10.96602260905303 2.496641076759413
559 9.957588508138945 4.674016592030799 4.200895270790969
560 8.320291215173915 7.195328630069636 3.466676047917849
561 9.32135519640547 5.840576795355466 3.463834704865218
562 10.99108912081566 0.4426736250192796 3.746231501346077
563 10.96529140948538 0.8731462105891175 3.995906936309789
564 10.97267596818566 0.7748432726693081 4.538099546560966
565 10.92498012929674 1.282501140144308 4.242937765957491
566 10.77864327581825 2.195643216157425 4.348897232195096
567 10.96087679278265 0.9269195938368552 3.481733328218591
568 10.98848728590153 0.5031373247735876 2.748248571079008
569 1.720394443235446 10.86463266565808 1.498720632261866
570 2.142985346112415 10.78923601587932 1.251532824594501
571 1.720393279945802 10.86463284986277 0.9947977824173111
572 2.186111537371276 10.78058051990579 0.7428609890352569
573 1.295275891794416 10.92347290764875 0.7537630033361734
574 0.8610048591626071 10.96625143941622 0.999972648884341
575 0.7756418055602423 10.97261955001937 0.4611927788405571
576 0.4321611026539346 10.99150748447878 3.250238486527753
577 0.8636431302712226 10.96604397873432 3.499890745728155
578 0.9416116037407669 10.95962442731049 4.063712844184022
579 1.316895252617134 10.92088764220356 3.742804334818233
580 1.292935661131203 10.92375015167297 3.251548909534717
581 0.4340070564754548 10.99143475051958 4.248127855682309
582 10.99295994168166 0.3934866205886419 1.757398536007362
583 0.8616290732389926 10.96620241196328 2.999188928724317
584 5.345719111870664 9.613703093864544 1.743074376667516
585 2.570535444674879 10.69543582691562 1.004296388447985
586 7.746009641150603 7.810207080430193 3.467424269395403
587 10.42544935733525 3.508561770531908 1.480450046637968
588 10.44850505896394 3.439293827634514 0.9245544362289174
589 10.2844193550058 3.902655317906271 1.224672270803614
590 10.29573996836777 3.87269137729233 0.7764863125645514
591 10.11428737740557 4.324487350802898 0.9267586816529495
592 10.12051166983388 4.309900641633904 1.481908976055413
593 9.944582653136182 4.701624810099475 1.237937293928575
594 9.751225055265703 5.090541220887852 1.488692392341381
595 9.753732789829114 5.08573462388792 0.993539463118448
596 9.549437481118918 5.459692646495879 1.242741943761451
597 9.548070871106026 5.462082262318703 0.7491098827916043
598 9.322996278187944 5.837956868365314 0.9882308675261214
599 9.088013216969303 6.19742008969791 0.7345775101241031
600 9.088839510719186 6.196208223453262 1.233440061548888
601 8.840776345166155 6.545278727048264 0.9852654929419162
602 8.842257006240347 6.543278309501553 1.479167052356207
603 8.582218508725974 6.880808489449571 1.237650142438327
604 9.323975741696616 5.836392410406709 1.488926363036503
605 9.776329532817002 5.042160337173951 0.4917753366563024
606 8.582362592437157 6.880628774460614 1.72760857339631
607 8.307027747417369 7.210637281380746 1.478566505685248
608 8.294424883136378 7.225130854040507 0.9271499684586559
609 8.019209984192578 7.529427018666566 1.231459021645853
610 8.02161865284832 7.52686084555015 1.725629525736049
611 7.721481562442441 7.834457382669296 1.477925985059258
612 7.720700216110313 7.835227384891532 0.9843361301815985
613 7.411765623103511 8.128082821193509 1.230621657353978
614 7.410534889484648 8.129204921253415 0.7372128265592686
615 7.080266525697573 8.41842181914677 0.9763108186041405
616 6.737909992086969 8.694858764726117 0.7448635994291957
617 7.410031348960728 8.129663917248932 1.724526247340529
618 6.768875969775976 8.6707737893333 1.246801089433154
619 8.802270064145896 6.596972162882077 0.4832435865485081
620 0.4325221247520104 10.99149328397193 2.249269463351697
621 3.794237970636396 10.32490959874134 3.229243572853667
622 2.562193753601384 10.69743722435453 1.994655231691017
623 4.190692690243666 10.17045204383455 1.992750919837783
624 3.386739784829715 10.46565782117166 2.9837878441952
625 4.967410231092352 9.81452166924293 1.991852637385773
626 5.715848402928611 9.398355017487818 1.990225911521679
627 5.722000803012136 9.39461051935249 1.498206445419938
628 7.430904600050788 8.110589178656754 3.221441643094391
629 6.429551482917841 8.92529370544796 2.976076091558871
630 4.581957350362774 10.00028333795881 1.74538792638003
631 5.325153605251674 9.625109821735807 3.229162909175373
632 10.12162595303488 4.30728314217335 2.965123530679436
633 9.547772159515251 5.462604396255093 3.215363129892253
634 6.392741404160004 8.95169578010437 3.448014852661094
635 2.976430441124235 10.58965824893084 1.747610730711875
636 2.563276903834732 10.69717773593893 1.499786861063967
637 10.58631106671208 2.988313571031204 4.214014659356758
638 10.44501269909899 3.449885464136579 4.435267104750855
639 3.63101521914205 10.3834352927323 0.4284619677783076
640 4.09523024242139 10.20926487370943 4.572506429184666
641 6.278105586154944 9.032463133004756 4.575876609361092
642 6.450182022853461 8.910395719161862 4.178132904673395
643 8.121536083323036 7.418938714350046 0.427588328483398
644 3.163592601752191 10.53525898353423 0.4274935708153386
645 10.66658472414355 2.687744467516837 0.4274935708153371
646 10.7610251867695 2.28042472572817 1.724798531697463
647 1.293684547485673 10.92366148741331 2.744028257887232
648 10.28152497805184 3.910274175258819 3.211162917530459
649 10.75055876294912 2.329267327804582 3.773829141867882
650 8.845595514017578 6.538764409457807 1.981566328334493
651 2.145899201606208 10.7886568495131 3.233412914430245
652 10.66697000725408 2.686214969867792 2.962520179351724
653 10.28307940192442 3.906184585208132 3.700025714329263
654 10.42521736645259 3.509251040067565 1.975863785995039
655 1.71715200088768 10.86514560444762 4.550328996578019
656 10.89929917146948 1.485017700502171 2.230134152508763
657 9.751488678415956 5.090036203675315 1.978522399516589
658 10.76269922209372 2.272510826100363 3.217249249997638
659 9.544456129258 5.468396217966416 1.734822504213327
660 1.72581321073143 10.86377322856405 3.482500813299289
661 1.72722652948514 10.86354861524736 3.976357521783142
662 7.100790033724859 8.401117836154526 1.990741834917197
663 7.093585029242911 8.407202354701644 1.48093361268575
664 7.726110637645199 7.829892362916984 1.970455706346435
665 8.310794368411539 7.20629564797192 1.969723012386767
666 6.425569725854934 8.928160711937064 1.499763641384612
667 8.590485533415606 6.870484575353997 3.213035864627346
668 8.039218018889967 7.508060578122347 3.228465026273189
669 9.328136073559017 5.829740765520105 1.984960601627303
670 9.093628260893814 6.189178059538549 1.72157412022973
671 2.674449910743647 10.66992585142574 4.580417073210472
672 9.085615224364389 6.200935090355167 3.251595294345559
673 4.528438841315437 10.02463174687558 3.312820915534715
674 10.98930049746679 0.4850511069733167 0.7729843467304
675 0.7624800926123779 10.97354200376386 4.585533534193218
676 10.96769152136854 0.8424622793339968 2.017658992744205
677 6.228972059722506 9.066416440865508 0.3842559286227726
678 10.38695253587236 3.620941454585349 0.4111021656033421
679 8.590804584325605 6.870085632212321 3.710378272985753
680 6.064556458580743 9.177208451413023 4.178885124007507
681 10.27172130319313 3.935954962842994 4.199938554581094
682 8.575214419717589 6.889535373003576 4.198647860770398
683 10.83923234232208 1.873777529259825 1.475451164958297
684 6.120799216791863 9.139793047313496 1.276623773110576
685 3.342775870119569 10.47978289289174 3.972794378272319
686 10.93126364441577 1.227792790447135 0.3964295158753188
687 10.01525301324697 4.549143554631734 4.624402836759124
688 3.163592601752181 10.53525898353424 4.626560375599814
689 2.986198414966664 10.58690790677101 0.8344269740769497
690 8.599427761857193 6.859288750927445 0.7928761438316527
691 6.450896497564009 8.909878471545861 1.018015444951629
692 9.567152464712647 5.428590398707821 4.638439603983942
693 3.790785201896457 10.32617778043177 0.8383680492961527
694 5.444644610867705 9.558025165344002 4.628667648233572
695 6.812265699857915 8.636726002053056 4.178986277152402
696 7.421376005252811 8.119308972360754 4.642411679425889
697 10.19867352870364 4.12153590969673 0.3991676345085929
698 9.936768745926544 4.718116879643553 0.823290289561776
699 10.56579943072112 3.060046141771922 4.619853563189247
700 2.134446148577468 10.79092858093421 4.156212114521244
701 8.014330499260733 7.53462053779878 0.8283980984005885
702 9.042022829927003 6.26432942485298 4.654392033838968
703 10.8964693078694 1.505641598342773 1.721276753894495
704 5.428590398707808 9.567152464712654 0.3436256510952189
705 1.353594209274174 10.91639971403665 4.167652206140278
706 2.206483573615994 10.77642938265559 0.3405174364904741
707 4.549143554631719 10.01525301324698 0.3389795088777769
708 6.639873579395089 8.769953184005663 0.349313633490536
709 8.058979140744412 7.486845477839545 4.631088265047964
710 9.567152464712647 5.428590398707821 0.334867143008942
711 1.245165790011085 10.92929833774273 0.3424993867879633
712 10.92948142424087 1.24355771766882 4.659155321851412
713 10.77642938265559 2.206483573616003 0.3294450993343362
714 10.5669042375075 3.056228858470197 0.8234644412323331
715 7.421376005252811 8.119308972360752 0.3274164694990244
716 9.055214521638025 6.245245388863101 0.3355374721829214
717 4.549143554631719 10.01525301324698 4.684214992751185
718 10.95887989982428 0.9502375183222872 0.7403647979893527
719 3.807096685525192 10.32017513548404 4.272851240288039
720 0.3665231659979221 10.99389197549197 4.631766950340222
721 0.3742362883690376 10.99363212048083 0.3736332369401497
722 10.99364581990773 0.3738336346896043 4.626352374517618
723 10.99351479998358 0.3776669730622562 0.367742037220764
724 10.97591634067286 0.7275029089636251 1.499985246073279
725 10.10334534350089 4.349989985041209 4.321975971412949
726 10.77642874336488 2.206486695898978 4.72114341987877
727 3.371660901950528 10.47052542913956 4.33528859341363
728 8.535693797213069 6.938438686060312 4.655562497841887
729 2.445320544446789 10.72475675411365 4.310588026304303
730 6.471424793749649 8.894979546847891 0.6737673879995489
731 5.646346406217281 9.440273950526922 4.311024409422783
732 10.32501914105949 3.793939869944587 4.639309361120382
733 6.387719040511433 8.955280311608771 3.803399823781785
734 10.67724613294439 2.64507372610369 4.230807967834895
735 10.93570352824317 1.187597719082434 1.958319696901051
736 0.4300253249838029 10.99159125058208 4.815883475170111
737 0.183287028439367 10.99847288786975 4.815883475170111
738 0.183287028439367 10.99847288786975 4.565883475170111
739 10.99841134025694 0.1869438164462023 4.81317618725881
740 10.9914476672204 0.4336798113299025 4.81317618725881
741 10.99841134025694 0.1869438164462023 4.56317618725881
742 0.1871452306510951 10.99840791490498 0.4368166184700748
743 0.1871452306510951 10.99840791490498 0.1868166184700748
744 0.4338810979674662 10.99143972338595 0.1868166184700748
745 10.99137189052628 0.4355961020817243 0.183871018610382
746 10.99837858049584 0.1888613250253078 0.183871018610382
747 10.99837858049584 0.1888613250253078 0.433871018610382
748 10.9817007794353 0.6342302349700046 4.769049773280483
749 10.96470507211659 0.8804786661246941 4.769049773280483
750 10.98499091519673 0.5744341503124796 4.582225960539292
751 10.94335688441484 1.11487223498049 4.829577660925706
752 10.91558615464956 1.360139294492593 4.829577660925706
753 10.95358607572853 1.00943156360703 4.59862743420619
754 10.8831945865834 1.598773151689042 4.786253214592332
755 10.84458120370059 1.842568456352103 4.786253214592332
756 10.89963868522256 1.482523703554102 4.615830875518038
757 10.80050694548778 2.085437536938049 4.860571709939385
758 10.75099457369699 2.327254965906806 4.860571709939385
759 10.82322519004915 1.964127410705696 4.646824924531717
760 10.6943513625645 2.575043481965853 4.790387407676558
761 10.633879907366 2.81435571947072 4.790387407676558
762 10.72256918387138 2.454895129550717 4.650959117615943
763 10.58490636333742 2.993285365510463 4.809926781594624
764 10.51507792429127 3.230036570393961 4.809926781594624
765 10.61590154637081 2.881429221369476 4.600314189271182
766 10.39519440017357 3.597211890144933 4.819654680560191
767 10.31186278178105 3.829554278205081 4.819654680560191
768 10.50721420087001 3.255526030772232 4.527560333970051
769 10.45334792507124 3.42454627029753 4.717633552375427
770 10.38644063280767 3.622409554586805 4.537288232935618
771 10.25456968126815 3.980427194663399 4.786253214592332
772 10.16267485762415 4.209517756015995 4.786253214592332
773 10.2682471226561 3.945009635991354 4.605907895152523
774 10.06566282114052 4.436488698408863 4.812201418379562
775 9.963582420299133 4.661225735137282 4.812201418379562
776 10.11480549806595 4.323275348193167 4.598454632971894
777 9.855873854793138 4.884849082459462 4.786696329581027
778 9.743785932357909 5.104765979394562 4.786696329581027
779 9.910060222714582 4.773961288298241 4.598897747960589
780 9.627457640996287 5.320907758157644 4.819219801991971
781 9.505642913180198 5.535589653063807 4.819219801991971
782 9.685898488199319 5.21376739760206 4.605916131572998
783 9.383279201507021 5.740563685437673 4.787707375060116
784 9.252109682611362 5.949661034120269 4.787707375060116
785 9.44709621002132 5.634924418179964 4.606927177052087
786 9.111737832780175 6.162485997280839 4.827196016919483
787 8.971169558551857 6.365384257977871 4.827196016919483
788 9.184773684700412 6.053092793013736 4.614903391979599
789 8.841114005318131 6.544822621352514 4.786724697305437
790 8.69203497095973 6.741552348206834 4.786724697305437
791 8.913988714299714 6.445215683073555 4.613920714224921
792 8.568013541996271 6.898488526059062 4.827781248920944
793 8.41106768648268 7.089001366441321 4.827781248920944
794 8.660446999494857 6.782083586106893 4.61450594622638
795 8.172334986745597 7.362943763496626 4.815544132523982
796 8.005067272786068 7.544461409416142 4.815544132523982
797 8.191391159690872 7.341737591942267 4.540802680855364
798 8.302516342597176 7.215831371429546 4.725258548331382
799 8.429413040827086 7.067177356422737 4.553039797252326
800 7.854817458478906 7.700768967705432 4.787675726479685
801 7.680049540685356 7.875077082328697 4.787675726479685
802 7.909854415080027 7.64422678445891 4.603219859003667
803 7.512005402052871 8.03553201969406 4.821205839712944
804 7.329812357472038 8.202063813714826 4.821205839712944
805 7.591209829056808 7.960749545817361 4.608881566192629
806 7.160770000674125 8.350052275132503 4.73471322203199
807 6.971608159180453 8.508623841423978 4.73471322203199
808 7.254004680346044 8.269184729918525 4.555919061744935
809 6.761464739881243 8.676554302909805 4.786253214592332
810 6.565077356007534 8.826084030284163 4.786253214592332
811 6.87570481027908 8.586307900483487 4.520966436624322
812 6.372220127330786 8.966315332891233 4.787938304680546
813 6.169429065028193 9.107038212920013 4.787938304680546
814 6.472418751156499 8.894256321338943 4.574191519272878
815 5.979546318758615 9.232823285529747 4.792970628097678
816 5.770874195423366 9.364668228004488 4.792970628097678
817 6.089743611703459 9.160514327466386 4.580908932778224
818 5.543567004043596 9.500992836102924 4.814333824116786
819 5.328987439447645 9.622987730960132 4.814333824116786
820 5.673354653958258 9.424067432399355 4.607304452214464
821 5.103546625956167 9.744424653959383 4.786253214592332
822 4.883615704335295 9.85648505565598 4.786253214592332
823 5.220684611152707 9.682171873648667 4.600587038709119
824 4.661225735137267 9.963582420299138 4.842107496375593
825 4.436488698408847 10.06566282114052 4.842107496375593
826 4.772721130293131 9.910657546926615 4.628360710967925
827 4.209517756015979 10.16267485762416 4.786253214592334
828 3.980427194663387 10.25456968126816 4.786253214592334
829 4.323275348193151 10.11480549806596 4.628360710967925
830 3.758974550628153 10.33780007195583 4.789710379933179
831 3.526067949492576 10.41954148777964 4.789710379933179
832 3.874725360540924 10.29497466633022 4.575963594525512
833 3.281596324260708 10.49910117889139 4.813280187799907
834 3.045190625673337 10.5700905413961 4.813280187799907
835 3.408941478064423 10.45844720783788 4.602990567733086
836 2.800624008859499 10.63750464916466 4.790208536605236
837 2.56123389633001 10.69766707877424 4.790208536605236
838 2.919797747405472 10.60541282149101 4.603488724405143
839 2.327202795867825 10.75100586675056 4.791645610530038
840 2.085385126639399 10.80051706510346 4.791645610530038
841 2.440997164683673 10.72574159869639 4.581854147135275
842 1.840758258137328 10.84488861330992 4.775164498289009
843 1.596956511542345 10.8834613014538 4.775164498289009
844 1.962268253404151 10.82356241270323 4.566810108819048
845 1.354172816597067 10.91632795324461 4.786253214592334
846 1.108890614711045 10.94396462003628 4.786253214592334
847 1.474746405721681 10.90069369530265 4.561417712881344
848 0.8743016716255424 10.96519934096014 4.792766767096609
849 0.6280437051861374 10.9820563240395 4.792766767096609
850 0.9972733078530659 10.9546997197296 4.579019981688942
851 0.5645933225123219 10.98550109827378 4.608650242266719
852 0.2132736091269949 10.99793227691687 0.8806883033321009
853 0.2132736091269949 10.99793227691687 0.6306883033321009
854 0.4003527930283082 10.99271202393269 0.5675049218021757
855 0.2163470598143742 10.99787224647157 1.375217262455609
856 0.2163470598143742 10.99787224647157 1.125217262455609
857 0.4295387471701037 10.99161027623703 1.00590556578771
858 0.2163549752869788 10.99787209075776 1.874897336504413
859 0.2163549752869788 10.99787209075776 1.624897336504413
860 0.4326183335586072 10.9914894976736 1.500114598960022
861 0.2163028852197646 10.99787311537306 2.374634731675849
862 0.2163028852197646 10.99787311537306 2.124634731675849
863 0.4325741845995147 10.99149123526094 1.999532068180262
864 0.2158242930543287 10.99788251776348 2.874769157789215
865 0.2158242930543287 10.99788251776348 2.624769157789215
866 0.4320438100115286 10.9915120955322 2.499403889465064
867 0.2161222694835862 10.99787666618576 3.375119243263876
868 0.2161222694835862 10.99787666618576 3.125119243263876
869 0.4318632987119213 10.99151918941261 2.999888401053092
870 0.2163889927201013 10.99787142149923 3.874900216894521
871 0.2163889927201013 10.99787142149923 3.624900216894521
872 0.4324276713599022 10.99149700036543 3.500019460158398
873 0.2170457835164916 10.99785847917028 4.374063927841155
874 0.2170457835164916 10.99785847917028 4.124063927841155
875 0.4333506489162553 10.99146064975369 3.998964144735676
876 0.400266996843308 10.99271514828061 4.439947403011265
877 10.96609067106441 0.8630500530062956 0.213746785407668
878 10.98269496519598 0.6167749196091106 0.213746785407668
879 10.98579278361554 0.5588890010197345 0.39761780401805
880 10.91656418363212 1.352267142483454 0.1982147579376594
881 10.94415803131095 1.106980119826961 0.1982147579376594
882 10.95588919779564 0.9841198532825313 0.4119615433453274
883 10.84458120370059 1.842568456352103 0.213746785407668
884 10.8831945865834 1.598773151689042 0.213746785407668
885 10.90070497613064 1.474663020273046 0.4119615433453274
886 10.75099491083771 2.327253408449894 0.1647225496671681
887 10.8005072475973 2.085435972308465 0.1647225496671681
888 10.82322547458493 1.964125842785005 0.378469335074836
889 10.63575754499507 2.80725158190007 0.2137467854076686
890 10.69606912437444 2.567899002414962 0.2137467854076686
891 10.72420703400006 2.44773027351946 0.3784693350748367
892 10.49910117889139 3.281596324260722 0.2137467854076682
893 10.57009054139609 3.045190625673347 0.2137467854076682
894 10.60359146765439 2.926405301233429 0.4274935708153368
895 10.34348863944481 3.743293037644288 0.205551082801671
896 10.42487676028952 3.51026274412266 0.205551082801671
897 10.4636048142595 3.393077407163815 0.4192978682093392
898 10.15724038521356 4.222613853644061 0.1995838172542965
899 10.24943042814842 3.993641934193056 0.1995838172542965
900 10.29585590515717 3.872383139649304 0.4051349000559675
901 9.960139838019314 4.668577342949412 0.2184269074849554
902 10.06238606143139 4.443915700225567 0.2184269074849554
903 10.10602159101691 4.343768824638354 0.4180107247392518
904 9.73181313080131 5.12755430855327 0.2458876683281512
905 9.84441539356447 4.907900320804297 0.2458876683281512
906 9.895318245832206 4.80444344473949 0.4643145758131065
907 9.505642913180198 5.535589653063807 0.167433571504471
908 9.627457640996287 5.320907758157644 0.167433571504471
909 9.673670761159006 5.236419960688537 0.4133212398326221
910 9.250352602080639 5.952392522102347 0.2100229252428301
911 9.381583852650744 5.743333911212443 0.2100229252428301
912 9.445432049084179 5.637713490958321 0.3774564967473011
913 8.97787704001178 6.355920378232356 0.1677687360914607
914 9.118231274388425 6.152873997309293 0.1677687360914607
915 9.18936697154909 6.04611732124036 0.3777916613342908
916 8.702189863849053 6.728439014624627 0.241621793274254
917 8.850972103738211 6.531484733109923 0.241621793274254
918 8.930474055937234 6.422354173995075 0.4093905293657147
919 8.364465621600335 7.143928531632025 0.2137467854076676
920 8.522655669149605 6.954447522637012 0.2137467854076676
921 8.626150794498528 6.825651798222085 0.4553685786819217
922 8.03665926846636 7.510799411685401 0.213794164241699
923 8.203163718595869 7.328581377450372 0.213794164241699
924 8.284872150415422 7.236082742152064 0.4275409496493666
925 7.690415925689828 7.864954093311433 0.2137467854076676
926 7.864954093311425 7.690415925689836 0.2137467854076676
927 7.951884210817297 7.60049587183327 0.4275409496493666
928 7.329812357472038 8.202063813714826 0.1637082347495122
929 7.512005402052871 8.03553201969406 0.1637082347495122
930 7.601689138855506 7.950743502101312 0.3774550201571798
931 6.954447522637 8.522655669149616 0.2137467854076681
932 7.143928531632013 8.364465621600345 0.2137467854076681
933 7.237325985336833 8.283786126039725 0.3774550201571804
934 6.553074263829824 8.834999586459029 0.174656816745268
935 6.749664717485412 8.685736940613191 0.174656816745268
936 6.846691567574371 8.609460760030561 0.3884036021529361
937 6.144683295445618 9.123752911969481 0.1921279643113863
938 6.347855633360271 8.983581070932475 0.1921279643113863
939 6.436130020169415 8.920551012323962 0.3667847810566543
940 5.747484211875432 9.379041807895018 0.2137467854076679
941 5.956484739300977 9.247718072609835 0.2137467854076679
942 6.041930408652929 9.192120372198955 0.4058747497190542
943 5.320907758157629 9.627457640996296 0.1718128255476094
944 5.535589653063793 9.505642913180207 0.1718128255476094
945 5.64189205146496 9.442936729620532 0.3855596109552774
946 4.88274290083204 9.856917457520597 0.2113006052324063
947 5.102683744455176 9.744876530981442 0.2113006052324063
948 5.211697529956505 9.687012380308248 0.3831134307800158
949 4.436488698408847 10.06566282114052 0.1694897544388884
950 4.661225735137267 9.963582420299138 0.1694897544388884
951 4.771843530291177 9.911080128947512 0.3807903596712948
952 3.980427194663387 10.25456968126816 0.2137467854076669
953 4.209517756015979 10.16267485762416 0.2137467854076669
954 4.323275348193151 10.11480549806596 0.3832365398465553
955 3.515318459367166 10.42317303556035 0.2142309838891538
956 3.748309251751341 10.34167190319028 0.2142309838891538
957 3.864104173906039 10.29896591572192 0.4279777692968207
958 3.045190625673339 10.5700905413961 0.2137467854076693
959 3.281596324260713 10.49910117889139 0.2137467854076693
960 3.398151919530892 10.46195792057053 0.4279777692968231
961 2.567899002414953 10.69606912437444 0.2137467854076668
962 2.807251581900061 10.63575754499507 0.2137467854076668
963 2.926405301233424 10.60359146765439 0.4274935708153361
964 2.085435972308456 10.8005072475973 0.170258718245237
965 2.327253408449887 10.75099491083771 0.170258718245237
966 2.447730273519452 10.72420703400006 0.3840055036529038
967 1.598773151689036 10.8831945865834 0.213746785407667
968 1.842568456352094 10.8445812037006 0.213746785407667
969 1.964125842784996 10.82322547458493 0.384005503652904
970 1.115677295635135 10.94327483763449 0.1712496933939816
971 1.360942311490162 10.915486064523 0.1712496933939816
972 1.483325547022144 10.89952959175539 0.3849964788016486
973 0.6346298304114693 10.9816776941573 0.2305963894202785
974 0.8808776429730371 10.96467302650244 0.2305963894202785
975 1.010635946539588 10.95347501862135 0.4018460828142602
976 0.5750350335014014 10.98495947695057 0.4174130078903534
977 10.99732479906215 0.2425845500699179 0.6364921733652
978 10.99732479906215 0.2425845500699179 0.8864921733652
979 10.99153878847309 0.4313641866120691 0.5703631919755819
980 10.99786911178707 0.2165063509460701 1.125
981 10.99786911178707 0.2165063509460701 1.375
982 10.99041978401491 0.4589912538749438 1.0114921733652
983 10.99823984459555 0.1967747970418185 1.628699268003681
984 10.99823984459555 0.1967747970418185 1.878699268003681
985 10.99223629796704 0.4132083852679491 1.503699268003681
986 10.99786911178706 0.2165063509461097 2.125
987 10.99786911178706 0.2165063509461097 2.375
988 10.99223629796704 0.4132083852679887 2.003699268003681
989 10.99712144483539 0.2516345118253037 2.624124285539504
990 10.99712144483539 0.2516345118253037 2.874124285539504
991 10.99003834425444 0.4680354599996041 2.499124285539504
992 10.99757533715678 0.2309474043175608 3.123680832957146
993 10.99757533715678 0.2309474043175608 3.373680832957146
994 10.98941429491789 0.482466013988833 2.99780511849665
995 10.99777205457933 0.2213816512583799 3.623115750673038
996 10.99777205457933 0.2213816512583799 3.873115750673038
997 10.990699926672 0.4522334815690459 3.496796583630184
998 10.99794023590299 0.2128627903275302 4.119326885965243
999 10.99794023590299 0.2128627903275302 4.369326885965243
1000 10.99142871530304 0.4341598742535521 3.992442636638282
1001 10.99273429342004 0.3997408588912724 4.432503073224053
1002 3.951552605062869 10.26573095348894 4.422678834736352
1003 3.729866607624904 10.34833779354562 4.426136000077198
1004 3.512363084767319 10.42416929835485 4.457354676639994
1005 3.267787049010503 10.50340743769941 4.480924484506723
1006 3.590165933161813 10.39762994977049 4.304069916850835
1007 8.953559259468605 6.39013118700892 4.119401632269929
1008 8.807623338797631 6.589823299745393 4.283759084234125
1009 8.929035674651519 6.424353813481982 4.409091942646678
1010 9.05664646032923 6.243168658029832 4.449563262260725
1011 8.70559464525072 6.724033155226258 4.096358317313888
1012 8.679794878694342 6.757304260116714 4.386048627690636
1013 8.555489050052209 6.914015267153865 4.427105179306142
1014 10.15698737397768 4.22322240532723 0.6629631580807712
1015 10.06211979132262 4.444518568424882 0.6818062483114301
1016 9.972946287629034 4.64115743581989 0.6300720522658434
1017 10.02745974645361 4.522173264399824 0.8750244856073628
1018 9.857880704159617 4.88079788790291 0.6575328131090392
1019 7.596382659467209 7.955813628469804 0.5823531986873018
1020 7.567045305346643 7.983722524413742 0.8607744783704335
1021 7.749489908554358 7.806753880917099 0.7059148504984669
1022 7.868950948032865 7.686326234128543 0.9063671142910935
1023 7.897191520859718 7.657308018021827 0.6279458346079618
1024 7.415957098029158 8.124258755122892 0.5323146480291465
1025 8.068140626179307 7.476971769118497 0.6279932134419932
1026 6.94881605668488 8.527247821563439 4.324206360608191
1027 6.738224045900575 8.694615385814791 4.375746353168533
1028 6.557415315346543 8.831778098551762 4.37531966692903
1029 6.364436461917881 8.97184198045252 4.377004757017243
1030 6.632635500155926 8.775428554895273 4.178559590912898
1031 5.152267802763173 9.718751796841504 4.093972449668047
1032 4.973186700160859 9.811595896965139 4.27376685330096
1033 5.172780134541885 9.707849693917229 4.392712025551751
1034 5.397350823720552 9.584811113719617 4.420792635076205
1035 4.754720129683252 9.919306250357677 4.13212900835172
1036 4.775656873861491 9.909243231606514 4.430868584235425
1037 4.552110293580518 10.013904926405 4.486722866018686
1038 10.77753737331985 2.201065234538479 4.535020326036933
1039 10.72380278480182 2.449500731307646 4.464836023774106
1040 10.73029797005101 2.420889397291664 4.289852600014996
1041 10.67015318998708 2.673542762367668 4.405791391594006
1042 10.57611606471545 3.024197246488353 4.416934111273003
1043 10.62561215709439 2.845411444239283 4.397394737354937
1044 10.63316366814469 2.817060596871829 4.222411313595827
1045 2.378704486193754 10.73972834700029 0.8735786887416209
1046 2.629179530818025 10.68117104978324 0.7158949796316593
1047 2.437594480109196 10.7265154244303 0.5851772799252952
1048 2.196298536231456 10.77850976432956 0.5416892127628654
1049 2.778896790829847 10.64320123956677 0.9193616812624673
1050 2.837251144546059 10.62779402993735 0.6309602724461416
1051 3.07500394961484 10.56145589915771 0.6309602724461442
1052 9.321069280496268 5.841033082271387 0.7041383590058908
1053 9.437405060087132 5.651140215199213 0.8686703751588629
1054 9.435539704519476 5.654254193475609 0.5845778666386323
1055 9.557626338207029 5.445344688742052 0.5419885129002732
1056 9.205272472768236 6.021873354870172 0.5773116803048817
1057 9.207259152949117 6.018835343356281 0.8614041888251123
1058 9.071645385956874 6.221354353470581 0.5350574911535122
1059 5.585679943675118 9.476295666916769 0.8686476414114914
1060 5.809396763290946 9.340819516865993 0.7120637708388102
1061 5.629262308736044 9.4504711977469 0.584077441388017
1062 5.415794776826543 9.57440164894383 0.5421434815279585
1063 5.957670112275926 9.246954462594383 0.9121444654538686
1064 6.000192337423119 9.219419282901114 0.6275742654303942
1065 6.187801992616548 9.094564667985527 0.6059554443341126
1066 4.373676990796755 10.0931139684527 0.8739885881489888
1067 4.327261706571682 10.11310071752666 0.5854698741513621
1068 4.14208976641445 10.1903430936826 0.7160122848129605
1069 3.943441016922208 10.26884964083395 0.6329308100557433
1070 3.990575883226877 10.25062457220086 0.92144952405337
1071 4.55309065740915 10.01345921574625 0.5412128431825837
1072 3.711010641066736 10.35511467932101 0.6334150085372302
1073 9.66569248694803 5.251132139620599 4.094352733581459
1074 9.685730875851268 5.214078768160433 4.397228766476764
1075 9.780616186982709 5.033840184484586 4.270516626266748
1076 9.880019640252623 4.835825876540885 4.387143964976511
1077 9.861428349976377 4.873626052364111 4.084267932081207
1078 9.566977946495996 5.428897951818515 4.429752238887708
1079 9.986615939769921 4.611670204116221 4.412649053775047
1080 10.4181246998512 3.530251795318612 0.6678283009161298
1081 10.49278757715499 3.301728162750815 0.676024003522127
1082 10.50945011250374 3.248300837791227 0.8740094387306252
1083 10.5512181711504 3.109950981090459 0.6254790060238348
1084 10.61834302317143 2.872419092379563 0.6254790060238351
1085 7.754174522490858 7.802100837258749 4.275460869438398
1086 7.590133663071152 7.961775617079026 4.091753090282557
1087 7.593687244934118 7.958386395879813 4.391643673803529
1088 7.423902780983796 8.116998675526629 4.425173787036789
1089 7.906723236261547 7.647465440599371 4.400122955022328
1090 7.903308426191233 7.650994439972798 4.100232371501356
1091 8.055912401279585 7.490145217745099 4.427991361066625
1092 0.64672129265992 10.98097225065341 2.874363622151374
1093 0.8627717549652005 10.96611257004205 2.747915002741865
1094 0.6478655145809604 10.98090480220172 2.623089696168922
1095 0.648343367521902 10.98087659878711 2.372955270055555
1096 0.6470188107644282 10.98095472436331 3.124713707626035
1097 10.97518580141804 0.7384420250445383 2.597323968687421
1098 10.97748853515945 0.7033814473262334 2.348199683147917
1099 10.98149365730783 0.6378064396882912 2.133829496372103
1100 10.96246434933673 0.9079512043724292 2.23202917952002
1101 10.98262026822055 0.6181035868455023 1.887528764375784
1102 2.170426201574597 10.783749352777 4.369751667790661
1103 1.926156566296113 10.83004713203568 4.353270555549631
1104 2.560032028204454 10.69795475848386 4.445502549757387
1105 2.325994936760637 10.75126725340617 4.44693962368219
1106 2.290122358805263 10.7589655442194 4.233400070412774
1107 10.81428131853359 2.012789001265522 0.8519738343227909
1108 10.85805939980446 1.76140457315122 0.7030047927597001
1109 10.82173424174589 1.97232553120029 0.5764626123784269
1110 10.77475454012101 2.21464773725794 0.5274383766379269
1111 10.88470120914602 1.588483423777278 0.8916862223770228
1112 10.89056658081497 1.547759525519456 0.6161750004326586
1113 10.92278074269784 1.301099860483109 0.6006429729626501
1114 0.6485140488937966 10.98086651992398 1.624562140314856
1115 0.6485061456604594 10.98086698667462 1.374882066266052
1116 0.6485516472652679 10.9808642993541 1.87387010508731
1117 0.8641889973093078 10.96600097469126 1.74863757239334
1118 0.6484996377485124 10.98086737101583 2.123607500258745
1119 10.95865210756966 0.9528609474939147 3.222839728548036
1120 10.97805323674791 0.6945121533340006 3.364547497066442
1121 10.97637860239182 0.7204948139681797 3.105653897395887
1122 10.97500386095802 0.7411411822024848 2.856097349978245
1123 10.97865316910615 0.6849632051982578 3.613982414782334
1124 1.953704473678961 10.82511149270652 0.868829385726284
1125 1.953896689899223 10.82507679996779 0.5851772799252954
1126 1.720586197965416 10.86460229991742 0.7111456766163226
1127 1.508315049439132 10.89609956413924 0.5906282870757537
1128 1.508121572170542 10.89612634487843 0.8742803928767422
1129 1.270224180439277 10.92641434924685 0.5481311950620683
1130 8.208552490223791 7.32254505040705 0.6773691484710269
1131 8.36971851676978 7.137773598962149 0.6773217696369956
1132 8.448906699022757 7.043860844111586 0.8600130561451543
1133 8.52229137670728 6.954893938120174 0.610184857323494
1134 8.701837409706703 6.728894834594231 0.6380598651900804
1135 7.064960798821175 8.431270895370405 0.7019021947097384
1136 7.246843658936526 8.275461134156298 0.8567618225817045
1137 7.2317973788608 8.288613072830826 0.5823531986873024
1138 6.89491100910029 8.570892729266166 0.5861785851222659
1139 6.910470672492819 8.558352358054478 0.8605872090166681
1140 6.688997168059316 8.732543551892222 0.5470886164598658
1141 10.18963647360432 4.143827763770173 4.260957262997022
1142 10.1571038731862 4.222942210036246 4.447241200298807
1143 10.24080274433062 4.015714027630752 4.386222491882879
1144 10.29861501871153 3.865039287817052 4.419623957850738
1145 10.05979202051934 4.449784770513666 4.473189404086037
1146 9.449437728356717 5.630996947069733 4.093361723298527
1147 9.325204427012119 5.834429054709088 4.270536661462906
1148 9.446915058832628 5.635228111727273 4.398239811955853
1149 9.201603174921127 6.027478661204984 4.105196531744031
1150 9.198902974362563 6.031598798682119 4.410074620401357
1151 4.761568186611449 9.916020794867755 0.8673729502304721
1152 4.978131497584956 9.809087969467527 0.7069504667191833
1153 4.775749556608912 9.909198563584734 0.5830236939761015
1154 5.184867964941359 9.701399083953037 0.865980517467126
1155 5.198741855629708 9.693971483273705 0.5816312612127554
1156 6.171755373428212 9.105461855971942 4.3773808666843
1157 5.981904766764662 9.231295432460072 4.382413190101431
1158 5.856928575745965 9.311089499011937 4.244954766715145
1159 5.773083063509293 9.363306677761985 4.44848283280907
1160 5.545808036022585 9.499684901489486 4.469846028828178
1161 10.89697961058127 1.501943862658015 4.407722097571077
1162 10.89216168907674 1.536493976235795 4.105922921033958
1163 10.85905999426861 1.75522535330226 4.270707252647544
1164 10.81794587923601 1.992999486683483 4.158902654152761
1165 10.82421189300246 1.958682438626578 4.46070183068988
1166 10.92724812550268 1.263031434168637 4.451046543904452
1167 0.6482935098123839 10.98087954241987 3.624845589758599
1168 0.6480271985402218 10.98089526176951 3.375064616127954
1169 0.6873375706160942 10.9785047736028 3.906756638986532
1170 0.9026330740274784 10.9629035174844 3.781801794956089
1171 0.6879932039994545 10.97846370633207 4.155920349933165
1172 10.97823185824715 0.6916829234319972 0.9622134519297871
1173 10.9798411536885 0.6656487360225926 1.200721278564587
1174 10.96992881812317 0.8128110022083138 1.325713901601226
1175 10.98468429291424 0.5802680285895452 1.374992623036639
1176 10.98570766940276 0.5605595440497737 1.628691891040321
1177 0.8520742644444323 10.96694895802253 4.324623189188619
1178 1.086705766772353 10.94618977436732 4.318109636684345
1179 1.292621872093667 10.92378728719051 4.370079317662473
1180 1.147806396995502 10.93995157553342 4.11568252516215
1181 1.535586961960569 10.89228959779608 4.358990601359148
1182 0.6469307290423487 10.980959913952 1.12520358689778
1183 0.6438619878262476 10.98114027506399 0.8806746277742714
1184 0.8183295268382231 10.9695185302503 0.730582713862449
1185 0.6011303679207739 10.98356236750006 0.6112846927523794
1186 10.98030000316828 0.6580363519005598 3.871069218827933
1187 10.98080641929957 0.6495308936989836 4.117280354120138
1188 10.96909381092352 0.8240030140475171 4.267003241435377
1189 10.98360666595247 0.6003204208125538 4.388376659245727
1190 10.96748573010293 0.8451371249618044 0.5839291844023444
1191 10.97655480045237 0.7178054838645134 0.7566745723598763
1192 10.98293162100993 0.6125463314886285 0.600238958772868
1193 10.94595154973426 1.089102690690943 0.5683971569323358
1194 0.8625781633728548 10.96612779936803 1.249651128252613
1195 1.079073964849196 10.94694475086015 1.872886971328604
1196 1.07903648261539 10.94694844553426 1.62357900655615
1197 1.293774987145753 10.9236507763035 1.49905830788149
1198 1.079305542324515 10.94692192108392 1.374808908946226
1199 1.077734991324838 10.94707665490993 1.125130429577954
1200 1.079390544487234 10.94691354001079 2.121556334784059
1201 1.293822406160621 10.92364515998743 1.996497768946869
1202 0.8640704861393239 10.96601031346328 2.247293306962603
1203 1.079234757418402 10.94692889985041 2.370904104580869
1204 1.507349579227628 10.89623316775124 2.12046933685007
1205 1.507034465061289 10.89627675498 1.871799973394615
1206 1.720189826070505 10.86466506443174 1.747246086779841
1207 1.50723967761641 10.89624837061907 1.62327451887664
1208 1.507507491062261 10.89621132157371 1.374504421266716
1209 1.507856978895544 10.8961629636857 2.368696380686747
1210 1.720491139219845 10.8646173535871 2.243998585134493
1211 1.293911429970177 10.92363461542872 2.494597695144778
1212 1.50763066694686 10.89619427929226 2.618126943429201
1213 1.079007391161508 10.94695131302861 2.620334667323323
1214 1.932556661667157 10.82890690464397 2.367761974007788
1215 1.932052393429526 10.82899688563272 2.119534930171111
1216 2.143104686926992 10.78921231141883 1.995336676751974
1217 1.931774924616357 10.82904638648406 1.87157328787868
1218 1.931978870926614 10.8290100028716 1.623047833360705
1219 1.933144584574947 10.82880196582838 2.615605346944733
1220 2.143966899520752 10.78904101084797 2.49114169198135
1221 1.722784511165365 10.86425393333977 2.740699974752007
1222 1.934926147177865 10.82848377220779 2.86407969272557
1223 1.509423322905323 10.89594609165581 2.866601289210038
1224 2.35423652587761 10.74511844421567 2.614627811844137
1225 2.353653145716154 10.74524624518491 2.366784438907192
1226 2.562610682335369 10.69733735519174 2.242462895230498
1227 2.353234349900557 10.74533797022914 2.118976775367711
1228 2.352959024516735 10.74539826292843 1.87101513307528
1229 2.354871149297622 10.74497937970128 2.862198877755592
1230 2.56365940228933 10.6970860737424 2.737841624681434
1231 2.145225933834116 10.78879074284072 2.98619898967427
1232 2.35554168262368 10.7448324035986 3.109412802511567
1233 1.935601892393609 10.82836300251161 3.111293617481545
1234 2.771890139238218 10.64502818483793 2.861224046563644
1235 2.771261418402199 10.64519187947664 2.61365298065219
1236 2.977984748403927 10.58922125740479 2.489599374241248
1237 2.770803667162415 10.6453110352887 2.366216952359038
1238 2.770388765986707 10.64541901877491 2.118409288819556
1239 2.772359745640166 10.64490589158749 3.108597816304306
1240 2.978907226172566 10.58896178753408 2.984409172275061
1241 2.564909762186911 10.69678633571029 3.232835859894408
1242 2.772975310322559 10.64474555488958 3.356020985605825
1243 2.35616302651297 10.74469617032018 3.356835971813087
1244 3.18383409409656 10.52915953252055 2.612896377350108
1245 3.183381331925415 10.52929642927526 2.365460349056955
1246 3.183188303371018 10.52935478675127 2.8604116233648
1247 3.387381668447653 10.46545008264168 2.736272598180507
1248 3.183652806400784 10.52921434905266 3.107785393105461
1249 3.3876257607383 10.46537107345852 2.241530023563147
1250 3.182981118838375 10.52941741964475 2.118233020454287
1251 3.182434751082372 10.52958256794177 1.870956712836177
1252 2.97697992643902 10.58950378996009 1.994887038329985
1253 2.769836379551299 10.64556275781201 1.871132981201446
1254 3.590840842979047 10.39739688770192 2.364738202249915
1255 3.590445643001921 10.39753336540203 2.117510873647247
1256 3.59127919625729 10.39724548784579 2.611922809758393
1257 3.792736139996188 10.32546137334148 2.487903659842493
1258 3.59064149544694 10.39746573214716 2.859438055773086
1259 3.79184461400601 10.32578880392358 1.993563350376371
1260 3.589986267091052 10.39769198438277 1.870355171689603
1261 3.589619898664466 10.39781847231005 1.623204191016195
1262 3.386859219726308 10.4656191706824 1.747151714287071
1263 3.182063735699406 10.52969469557151 1.623805732162769
1264 3.993111424395068 10.24963712296029 2.611092221709799
1265 3.992679293959834 10.24980546428001 2.363907614201321
1266 4.191117954156422 10.17027680519796 2.239923547953205
1267 3.992250704806902 10.24997240532719 2.116734986085899
1268 3.991797847880253 10.25014877656215 1.869579284128255
1269 3.987633466359953 10.2517695710529 2.859618439255883
1270 4.186107728041471 10.17234004982293 2.735622393614711
1271 3.79370472051697 10.32510554394129 2.982165920102319
1272 3.988162928677147 10.251563610217 3.106696092007231
1273 3.591178482984952 10.397280274348 3.106515708524434
1274 4.377112455439916 10.09162457448912 2.864391509816348
1275 4.382504776659595 10.08928401238442 2.615865292270265
1276 4.577104885854921 10.00250522938544 2.492565199082379
1277 4.38774452314211 10.08700639434894 2.363796082880742
1278 4.387322740928836 10.08718985480737 2.116623454765319
1279 4.355200290156642 10.10110045651559 3.148484763347755
1280 4.550184638533623 10.0147800652462 3.028727662003309
1281 3.973094585227837 10.25741290076758 3.408942761540665
1282 4.165715627625824 10.18070789826297 3.286395280694228
1283 4.340352646729217 10.10748924817784 3.450731432881189
1284 4.770330963702803 9.911808235470371 2.615955726220391
1285 4.775478477596288 9.90932920585519 2.363886516830868
1286 4.767292893790088 9.913269817008842 2.864618214100672
1287 4.963850879152613 9.816322348493646 2.73593953184916
1288 4.745766892990332 9.923592927836012 3.148711467632078
1289 4.967134730823619 9.814661102954384 2.239564840677326
1290 4.7757566353194 9.909195151989021 2.116174313539315
1291 4.582128442603278 10.00020494467419 1.992941958036443
1292 4.387150160508858 10.08726491518623 1.869069423108906
1293 4.775587100119478 9.909276858034215 1.868620281882901
1294 5.153527332220741 9.718083969386855 2.858654571015983
1295 5.156505561960024 9.716504020967385 2.609992083135702
1296 5.344997423702854 9.614104354572497 2.485430895963721
1297 5.157303935606445 9.716080285577013 2.362715856796899
1298 5.15757666858962 9.715935513763974 2.115003653505346
1299 5.143900589756921 9.723182952238346 3.106882464452408
1300 5.334683133006875 9.619831384718339 2.980935015738949
1301 5.125016099589887 9.73315005427043 3.353965976060795
1302 4.941774164055679 9.827454813504451 3.231685531337829
1303 4.726494113922172 9.932786788764725 3.395794979240466
1304 5.530862279506755 9.508394314768889 2.608499299894999
1305 5.531643551816454 9.507939819732108 2.361223073556196
1306 5.531144113088593 9.508230371643579 2.85513388601021
1307 5.715688146014734 9.398452479930228 2.730926063602684
1308 5.521725012030062 9.513703426716729 3.103361779446634
1309 5.715628986147789 9.398488457869552 2.237258694504576
1310 5.531865523913196 9.507810674668516 2.114190290573299
1311 5.157542170086973 9.715953826762176 1.867463507026644
1312 5.345753247309418 9.613684112705224 1.990614523146217
1313 5.531831764399153 9.50783031665924 1.866650144094597
1314 5.897568291496455 9.285401889371055 2.853838584043344
1315 5.897293062558695 9.285576693684517 2.607203997928133
1316 6.077042079179593 9.168945390167867 2.483221061729068
1317 5.897395025799312 9.285511935788868 2.360308541288408
1318 5.897611804965965 9.285374251904233 2.113275758305511
1319 5.89837781115462 9.284887678204774 3.1006854673517
1320 6.077740767534604 9.168482271491168 2.976963401677149
1321 5.716979014465874 9.397667314187963 3.224537240459321
1322 5.899377889533708 9.28425228634384 3.347662058093126
1323 5.522749739258758 9.513108604316326 3.35033837018806
1324 6.254129644097397 9.049080748607681 2.60631807388357
1325 6.254229010388186 9.049012072354573 2.359422617243845
1326 6.254433683288171 9.048870609161696 2.853096304963832
1327 6.429251595724893 8.925509728798065 2.729297860478609
1328 6.255222579755365 9.048325285803923 3.099943188272188
1329 6.428612402046326 8.925970120062926 2.235853084071629
1330 6.253885024790196 9.049249808503737 2.112756071917127
1331 6.252743484229834 9.05003861430554 1.867787625897013
1332 6.075986132316579 9.16964516870182 1.991357159069229
1333 5.896440482021781 9.286118114797739 1.868307312285397
1334 6.601122408936355 8.799158081443831 2.358851797522941
1335 6.600787920814644 8.799409004269974 2.112185252196223
1336 6.601476640275848 8.7988923261904 2.605512835006295
1337 6.771151033811551 8.668997270579382 2.48184500313089
1338 6.601772273116298 8.798670516271926 2.852291066086558
1339 6.766794175757758 8.672398548436925 1.988034177335449
1340 6.596719929824308 8.802459097744151 1.865035463884136
1341 6.595387055784282 8.80345781976566 1.620324015203987
1342 6.426921483362742 8.927187700877049 1.744475090064761
1343 6.251373127609306 9.050985251308514 1.623076177216864
1344 6.938421001328839 8.535708172630956 2.604872336837951
1345 6.938077364989418 8.535987492810746 2.358211299354597
1346 7.101759909575716 8.400297982020824 2.235990233989427
1347 6.937091824647353 8.536788448615257 2.112962900282366
1348 6.933145186892022 8.539994017414532 1.865813111970279
1349 6.938937250687803 8.535288503092159 2.851525936224604
1350 7.103237700267304 8.399048408808063 2.727892232448311
1351 6.771922043318873 8.668394997876593 2.975343886615522
1352 6.939352772633648 8.534950679233109 3.098363782225882
1353 6.602200617895576 8.798349106568759 3.099128912087835
1354 7.26535853659816 8.259210938986863 2.850721991579027
1355 7.264858984538358 8.259650351847366 2.604068392192374
1356 7.421572185279465 8.119129651550478 2.479762614732294
1357 7.2621480888521 8.262033958752639 2.356932855601578
1358 7.261194174746206 8.262872330892677 2.111684456529347
1359 7.268751954761716 8.256224622680014 3.097993737464678
1360 7.427571015474831 8.113642142101055 2.97416989720874
1361 6.939701287957949 8.534667306574685 3.345202847308969
1362 7.104088631914634 8.39832868551245 3.221384896918051
1363 7.269089088150469 8.255927799377353 3.344832802547764
1364 7.579109903255222 7.972270258488394 2.601889226250675
1365 7.576493297913564 7.974757006120678 2.354753689659879
1366 7.582520515154622 7.969026454797304 2.850885584361031
1367 7.734522258767333 7.821583307018642 2.725876659288616
1368 7.585794658426103 7.965909828776246 3.098157330246681
1369 7.728643084867035 7.827392673600639 2.223668003762348
1370 7.573913188525181 7.977207469577579 2.101541392243966
1371 7.25668010233148 8.266836994426972 1.857634041128863
1372 7.414470477746657 8.125615517277645 1.978576662741014
1373 7.56955509299393 7.981342975598132 1.847490976843482
1374 7.887640389837204 7.667146084470335 2.850365742428822
1375 7.884358923528704 7.670520475494039 2.601369384318467
1376 8.030738730789478 7.517129467941723 2.477977748162356
1377 7.880558404768934 7.674425009668524 2.353488665022149
1378 7.878075432318667 7.676973849290945 2.100276367606237
1379 7.890067916898791 7.664647954519788 3.101669021836081
1380 8.03684007020861 7.510605946652325 2.977161746865931
1381 7.589943268722707 7.96195711980232 3.344432956244897
1382 7.741940060029288 7.81424110882904 3.221148643397187
1383 7.894059551146145 7.660536782951852 3.347944647834296
1384 8.176956318122086 7.357811180746847 2.600500270224479
1385 8.1733106623499 7.361860689847196 2.352619550928162
1386 8.180262273467344 7.354135512572968 2.848524997957305
1387 8.319683388959232 7.196031427632583 2.723166800723111
1388 8.182590666130935 7.351544734989166 3.099828277364562
1389 8.313622062223663 7.203033264292756 2.222432542688526
1390 8.17042064260241 7.365067991738869 2.099910020626402
1391 7.875322309391297 7.67979807828329 1.848042616041242
1392 8.024316929978896 7.523984171119318 1.977863277301044
1393 8.167779336253473 7.36799706258565 1.847676269061408
1394 8.459600720257265 7.031013842528172 2.846768661849623
1395 8.456439955519771 7.034815084896602 2.598743934116797
1396 8.590797722507213 6.87009421267022 2.474521953833586
1397 8.454019870074536 7.037723213965219 2.350920092707073
1398 8.451257046497989 7.041040713844659 2.098210562405314
1399 8.458231674748749 7.032660729501813 3.092113696541641
1400 8.591823001947869 6.868811942628762 2.967690829935328
1401 8.456948236517119 7.034204043448696 3.339855956272598
1402 8.32160405717938 7.193810250175887 3.218933788186892
1403 8.181249043556159 7.353037745538332 3.347570537095519
1404 8.724074832316765 6.7000386804956 2.598848264036551
1405 8.721769875510907 6.703038880883094 2.351024422626827
1406 8.720692248176181 6.704440820277248 2.846593963759616
1407 8.848443611021604 6.534909766980025 2.723096432552857
1408 8.71938677901491 6.706138545984566 3.091938998451634
1409 8.84866904391003 6.534604513767329 2.228458530582143
1410 8.71861716230441 6.707139090340307 2.104132220379177
1411 8.715655382763824 6.710987352759651 1.854587450865402
1412 8.585399274775867 6.876839338873494 1.977153342910086
1413 8.448147888980952 7.044770915076422 1.848665792891539
1414 8.97157732428049 6.364809526958064 2.849125592650619
1415 8.974788466403472 6.360280810098812 2.601379892927555
1416 9.095788113864327 6.186003442262574 2.477775259471807
1417 8.976045028062758 6.358507344824714 2.351746099374044
1418 8.973054284458422 6.36272715179288 2.104853897126395
1419 8.966976640786703 6.371289502415159 3.11121871331074
1420 9.090092802063449 6.194369447318613 2.989502173685438
1421 8.715207883350367 6.711568486575075 3.355201922031523
1422 8.84106930661366 6.544883002441973 3.23410505585581
1423 8.963006272084138 6.376873729860142 3.374481636890629
1424 9.215197081559282 6.006674849533749 2.601011328013936
1425 9.216383769024924 6.004853888485043 2.351377534460426
1426 9.213589267259081 6.00914077171173 2.849251714495348
1427 9.330663053300398 5.825695407912681 2.722853989483967
1428 9.209245478274594 6.015795684768468 3.111344835155469
1429 9.330179495479648 5.826469821609921 2.229787102314929
1430 9.214277809947149 6.008084922928069 2.1065510337728
1431 9.095319588916469 6.186692296815185 1.974857793074013
1432 8.971314845974305 6.365179489566733 1.851570224282112
1433 9.212635295647626 6.010603206782793 1.853267360928517
1434 9.441805883364417 5.643784338621126 2.846235079199787
1435 9.443315914142628 5.641257355031818 2.597994692718376
1436 9.551042352508814 5.456884640578624 2.474194198424283
1437 9.443500901732548 5.640947679156096 2.350813108708462
1438 9.441522519715468 5.64425836666835 2.105986608020836
1439 9.440207829728053 5.646456953837615 3.093228752928816
1440 9.54931816278971 5.459901338468907 2.968369456163225
1441 9.436456303989829 5.652724336361241 3.339598917378736
1442 9.325231488107855 5.834385802567548 3.217464540415298
1443 9.205248749651902 6.021909618803 3.357714999605389
1444 9.655385351537031 5.270060124260834 2.597214049048959
1445 9.655558166413529 5.269743494232427 2.350032465039045
1446 9.655422734326189 5.269991633907683 2.843985702416302
1447 9.756277060804051 5.080852085312922 2.719823969031064
1448 9.653930487544596 5.272724736002909 3.09097937614533
1449 9.753865913769362 5.085479302505142 2.225787357590155
1450 9.653094845057131 5.274254441371923 2.102767506965479
1451 9.649826971521481 5.28023100059993 1.856672451864958
1452 9.547840542191516 5.462484872371181 1.980917559313848
1453 9.438025565973485 5.65010384117238 1.859891552920315
1454 9.853204033334933 4.890232129201251 2.842872014114187
1455 9.8531693443548 4.890302022520368 2.596100360746844
1456 9.946241024946723 4.698115523661245 2.472300250353594
1457 9.853031174681519 4.890580402237974 2.349252205270472
1458 9.850744994264126 4.895183659269617 2.101987247196906
1459 9.853408516184306 4.88982010028862 3.089632043868276
1460 9.946570194280502 4.697418585803351 2.965908435584056
1461 9.756652153939021 5.080131764731804 3.213467592921941
1462 9.853734824250475 4.889162506335157 3.336504014391809
1463 9.654282349811663 5.27208045368382 3.337851346668864
1464 10.03573114722057 4.503787332979542 2.59533822729744
1465 10.03560389767692 4.504070870771435 2.348490071821068
1466 10.03589984416117 4.50341140891722 2.842135968254701
1467 10.12146460265532 4.307662277523084 2.718325789722175
1468 10.03608815143555 4.502991740678074 3.08889599800879
1469 10.12113498807336 4.308436671601114 2.224570556787524
1470 10.03542799218731 4.50446278857128 2.101532579843678
1471 10.03500719398749 4.5054001616526 1.854646005240393
1472 9.945669372242428 4.699325562039612 1.978565520273938
1473 9.850287700279633 4.896103779712983 1.855100672593621
1474 10.20303794145789 4.110719738095839 2.347709637178605
1475 10.20287739741356 4.111118195010627 2.100752145201215
1476 10.20321731197409 4.110274502345568 2.594579102421903
1477 10.28109684215934 3.911399713931208 2.470760690835594
1478 10.20337126849614 4.109892304821082 2.841376843379164
1479 10.28072075643008 3.912388110643902 1.976772291388992
1480 10.20266154200951 4.11165385936124 1.85363321099791
1481 10.20244444023058 4.112192534890375 1.605781166620551
1482 10.12073921034164 4.309366291724732 1.729761020432773
1483 10.03476930338114 4.505929984799991 1.606793960863033
1484 10.35528897576186 3.710524252509993 2.593784354977577
1485 10.35512704907578 3.710976124619929 2.346914889734279
1486 10.42531051747668 3.508974296598667 2.22290116993565
1487 10.35502853584416 3.711251004964919 2.099877505793668
1488 10.35483367400069 3.711794658084048 1.852758571590363
1489 10.35545405065802 3.710063531088167 2.840826654140043
1490 10.42555975649797 3.508233709958612 2.716980853038727
1491 10.28139625201494 3.910612625798314 2.964396536804676
1492 10.355576174874 3.709722642783683 3.087593034865826
1493 10.20350655456882 4.109556422641146 3.088143224104947
1494 10.4919424577631 3.304412725884591 2.84003771427068
1495 10.49179543056485 3.304879520221365 2.592995415108214
1496 10.55404760396475 3.100335332386801 2.468766061914616
1497 10.49162980961983 3.305405260765566 2.345709200682663
1498 10.49154206240689 3.305683764782571 2.098671816742052
1499 10.49206314196675 3.304029513334096 3.087237885939421
1500 10.55431615983272 3.099420977907627 2.963252448008908
1501 10.42586358960261 3.507330667473286 3.211173129550909
1502 10.49220231757858 3.303587523738211 3.334387863289137
1503 10.35573244075884 3.70928640245195 3.334743012215542
1504 10.61250625075697 2.893909307086903 2.592001961689485
1505 10.61236122341007 2.894441096975767 2.344715747263934
1506 10.61260146657516 2.893560110252905 2.839286227845945
1507 10.66688161391757 2.686565955763474 2.715235913195264
1508 10.61270714461402 2.893172490996454 3.086486399514686
1509 10.66664653223917 2.687499163957081 2.220513840642442
1510 10.61220321933625 2.895020350793624 2.097277940867573
1511 10.61208255779052 2.895462620487153 1.849878015153655
1512 10.55376299246212 3.101304032006042 1.974079921775147
1513 10.49140428623387 3.306121005467531 1.851271891028134
1514 10.71708343727514 2.478734071755774 2.343836017449852
1515 10.71694812372356 2.479319042281189 2.096398211053491
1516 10.71717285712868 2.47834742326904 2.591522014580396
1517 10.76339286148615 2.269223239196401 2.467406384991444
1518 10.71725439918866 2.477994782696556 2.838806280736856
1519 10.76216944458925 2.275018427606585 1.972259459779182
1520 10.71570123722169 2.484702596812256 1.848937282971772
1521 10.66635730648926 2.688646836292043 1.725694440527736
1522 10.61192904687053 2.896025190530193 1.60249642143531
1523 10.71556950161386 2.485270660528319 1.601555689253427
1524 10.80567505922313 2.058491319992173 2.590862774885458
1525 10.80560078672133 2.058881161701047 2.343176777754915
1526 10.84105878098033 1.863181286759117 2.222031935622164
1527 10.80258586108016 2.074641827880439 2.098575545728149
1528 10.8015422612436 2.080068455260188 1.851114617646431
1529 10.80573350933148 2.058184473100225 2.838848874419753
1530 10.84381764875217 1.847056794094592 2.714619267183223
1531 10.76308712930398 2.270672906213251 2.966170816059813
1532 10.80538188697654 2.060029678572449 3.089927308357578
1533 10.71683108943388 2.479824872958463 3.089884714674681
1534 1.293310105068246 10.92370582596073 2.997788583710974
1535 1.509049830390476 10.89599782532093 3.12036161503378
1536 1.509672314003733 10.89591159583862 3.367024861417003
1537 1.725192562823649 10.863871806183 3.235837566916067
1538 1.936220511347498 10.82825240430963 3.357956863864767
1539 5.899835750177106 9.283961337755137 3.594545499688194
1540 6.078992217850238 9.167652568423188 3.470693726580573
1541 6.237025029424293 9.060878477406861 3.582796010418368
1542 6.236578170060511 9.061186055297876 3.3359125688233
1543 6.411160034493626 8.938513691442871 3.212045472109982
1544 10.35680901395894 3.706279407759052 1.352561158720791
1545 10.28246862764034 3.907792077579389 1.477162813994651
1546 10.3549563707491 3.711452351827061 1.605051701911828
1547 10.42533336759029 3.508906407216992 1.728156916316504
1548 10.20449727916769 4.107095723191671 1.353290623429513
1549 9.853993502919199 4.888641124527984 3.58335430682539
1550 9.94701512538777 4.696476348849947 3.459518757771725
1551 10.03652333417602 4.502021697253381 3.582562582472613
1552 10.03628511182925 4.502552737511744 3.335712290039032
1553 10.12181435265557 4.306840397597258 3.211939822709677
1554 2.765381248048869 10.64672092960737 3.601215599585944
1555 2.971820130919168 10.59095298400779 3.476977555995841
1556 3.166592242737404 10.53435776724121 3.602585174110171
1557 3.174106049434622 10.53209621998121 3.357390560130053
1558 3.377250562722236 10.4687238303717 3.233393011219792
1559 10.03445885454025 4.506621294999024 1.359923134991994
1560 9.944906536480659 4.700939691238793 1.484808119799614
1561 9.849823567720941 4.89703743959234 1.363314843134978
1562 9.850160913765535 4.896358848463388 1.610185669006017
1563 9.751356870110149 5.090288713988196 1.733607395928985
1564 10.49232420485231 3.303200384516574 3.581532534127598
1565 10.55454369657891 3.098646052230937 3.457597290516109
1566 10.61289525166844 2.89248239011294 3.580865993274938
1567 10.61278851881655 2.892873978395137 3.333721322436477
1568 10.66704556018801 2.685914931056705 3.209755102273515
1569 2.142906791829456 10.78925161823243 1.499453929527022
1570 1.932057714687851 10.82899593624059 1.375126728428184
1571 2.353503031320694 10.7452791253445 1.623580947761755
1572 2.353581265443323 10.7452619896843 1.375659842829234
1573 2.562735332002354 10.69730749385596 1.747221046377492
1574 10.87786967113159 1.634610478944606 2.838143885232386
1575 10.87782324911933 1.634919374439946 2.590157785698092
1576 10.87304170142789 1.666422563160429 2.348383660078846
1577 10.87059920979047 1.682282027515859 2.103782428052081
1578 10.90355512923849 1.453439212233219 2.471908278128009
1579 10.87859492330703 1.629776823555434 3.088835130219969
1580 10.9083503051619 1.417001630159368 2.964373648734838
1581 10.8442432662375 1.844556310515503 3.210337677728187
1582 10.87892422459024 1.627577253350389 3.336567441230639
1583 10.80579818233517 2.057844902474898 3.337659619368248
1584 10.83878113406185 1.876385762018276 1.726440934276848
1585 10.80204248354765 2.077469177540726 1.60012484832788
1586 10.89788911842684 1.495330318850632 1.975705453201629
1587 10.86900251146068 1.692567400684963 1.849353728744947
1588 10.86940948591239 1.689951900959859 1.598363959426396
1589 3.792589943661258 10.32551507283 1.502196048267302
1590 3.590829798166163 10.39740070212753 1.37899259086477
1591 3.991307603495389 10.25033968287295 1.622455394406214
1592 3.992500339168408 10.24987517200771 1.378243794254789
1593 4.190206257333247 10.17065246289565 1.745627030115742
1594 6.92948382185117 8.542965173913732 1.610909000854556
1595 6.932483228441189 8.540531382026625 1.363867351059452
1596 6.765830839084539 8.673150123045986 1.493842739228258
1597 6.598477954098213 8.801141328786844 1.373282365408883
1598 7.097188183526756 8.404160867546992 1.735837723801473
1599 5.89948023498183 9.284187253446515 1.622297579234526
1600 5.718924909436773 9.396483271959973 1.744216178470808
1601 6.09783352927416 9.155131143203784 1.511506243079846
1602 5.922770556359708 9.269346737322891 1.387415109265257
1603 6.274076862184369 9.035262006571958 1.388193707247594
1604 3.593807413502947 10.39637188035573 1.100948037569954
1605 3.389487653302953 10.46476819848901 1.221956180318847
1606 3.185154143127521 10.52876028241301 1.098735280422111
1607 3.182138629186016 10.52967206254032 1.376779833716927
1608 2.97650576111316 10.58963707848669 1.500584832266033
1609 10.42614930284952 3.506481244023756 3.705390000113716
1610 10.49245416376457 3.302787553158609 3.828599427340689
1611 10.35646988501696 3.707226931378334 3.579174410614944
1612 10.35661574077868 3.706819445003385 3.826241303828035
1613 10.28230239330771 3.90822945751379 3.455594315929861
1614 5.715709551532902 9.398439462087072 3.709914867260926
1615 5.897581511796162 9.285393492562397 3.832946535748373
1616 5.522043660462399 9.513518476985633 3.591477868572445
1617 5.519733698753811 9.51485890041684 3.829878904632625
1618 5.324439214261377 9.625505028497763 3.470302407559759
1619 9.759130111341429 5.075369885033901 3.713990078408459
1620 9.856052048421867 4.884489535130474 3.837004821788375
1621 9.653144335064248 5.274163862302443 3.583243962750101
1622 9.65536530613519 5.270096849687006 3.836894477713087
1623 9.546593029472584 5.464664814023406 3.460755745973491
1624 2.566170784159053 10.69648388520866 3.727522197176074
1625 2.766020706391221 10.64655481608088 3.848478767566089
1626 2.355201108142868 10.74490706056607 3.601098905712348
1627 2.355846464480265 10.74476558310119 3.848362073692494
1628 2.144933348539786 10.78884891590951 3.477675848329507
1629 10.93481945194911 1.195710480540944 3.089505511299951
1630 10.93428706811641 1.200569161698824 2.838814266312368
1631 10.95660641529484 0.9761023820890553 2.705172747586658
1632 10.93458199910945 1.197880004320828 2.580040885021544
1633 10.93106619557256 1.229549441059961 2.338266759402298
1634 10.88204417512364 1.606584753649103 3.588208975945306
1635 10.91168312588209 1.391104367163022 3.466706428437088
1636 10.93985568643803 1.148719965835687 3.600040645685173
1637 10.93761901890477 1.169824857528965 3.348399110970506
1638 10.84905952332291 1.816014168280742 3.713489032424641
1639 10.88591483217122 1.580145014457423 3.84362801963109
1640 10.80033156851842 2.086345611365595 3.61594956530337
1641 10.80536791660416 2.060102955393622 3.871368608989154
1642 10.75666642635504 2.300897084210039 3.49553919593276
1643 3.154028807270388 10.53812612768079 3.847483274124139
1644 3.355269602841897 10.47578951164279 3.727896278258351
1645 2.744459913850534 10.65213310944186 4.103879950649788
1646 2.942811477236486 10.59904998617542 3.977573353059658
1647 3.13268674532614 10.54449020842913 4.102884457207838
1648 10.03930362753075 4.495818354231853 3.823512404850619
1649 10.12466211599395 4.300141513596611 3.699705937117925
1650 9.952432100575148 4.684986156163254 3.953632160498138
1651 10.04425153578897 4.484753180031314 4.07077551514345
1652 10.91975118920274 1.326285778369575 3.980642864554623
1653 10.94704936843675 1.078012117282835 4.11942235113364
1654 10.94263998569934 1.121886867457614 3.857127449730772
1655 10.96311707055634 0.9000356088933865 3.73882013226419
1656 3.734094543831182 10.34681293624902 3.563113323778015
1657 3.581751165762147 10.40053164922647 3.356120875549025
1658 3.521171302258382 10.42119727575253 3.689990626473374
1659 3.508742547460229 10.42538851725164 3.934888726487341
1660 6.730822298432648 8.700346613033405 3.482505022534471
1661 6.898815439337108 8.567750319305761 3.605526137226641
1662 6.5840701914881 8.811924858596893 3.335098292638947
1663 6.541862765382596 8.84330433485701 3.595421582556618
1664 6.899178960731417 8.567457596498564 3.852365829800922
1665 7.104787888580952 8.397737139150845 3.71506365457542
1666 7.269549705754341 8.255522217011288 3.837212235123554
1667 7.269199419370455 8.255830654841718 3.590372542549272
1668 7.431012988957156 8.110489871638459 3.466981383095898
1669 10.61243445245369 2.894172592015533 1.359397869474924
1670 10.55417505328767 3.099901441104243 1.483581444100843
1671 10.49209051083341 3.303942601268905 1.360466469389212
1672 10.49151357237773 3.305774184758227 1.603565021349599
1673 10.66605978527069 2.68982688235348 1.231064795017934
1674 10.61226766836402 2.894784091257195 1.112149817683466
1675 10.7150383215166 2.487559801980805 1.352503589093101
1676 10.71489496688223 2.488177214082993 1.105255537301644
1677 10.76053776746563 2.282723582684885 1.475746431537137
1678 5.890043838517241 9.29017672492537 4.063600513664306
1679 6.07200239291839 9.172283627341304 3.948231146091574
1680 6.234483482628955 9.062627417301604 3.760488495978713
1681 6.390230473673805 8.95348839801173 3.62570733822144
1682 6.227126488287522 9.067684141988401 3.991142473894646
1683 10.50948810854123 3.248177904061067 4.083235776341782
1684 10.57062748233059 3.043326244390707 3.959378310355664
1685 10.60200702568298 2.932140349193518 3.788753062627329
1686 10.65700591022819 2.725477027854285 3.664877094547697
1687 10.61711197430187 2.876965993044746 4.043389411628423
1688 1.720393861590628 10.86463275776044 1.246759207339589
1689 1.507506907726857 10.89621140227904 1.122542996344439
1690 1.29465968504078 10.92354595815526 1.00202560680387
1691 1.078352525815186 10.94701584131803 0.8768678261102572
1692 10.43568779239568 3.477990842374926 4.19386199903883
1693 10.51819409350857 3.21987468875442 4.324640882053806
1694 10.35123614226875 3.721815461167994 4.076197723953951
1695 10.36121772861785 3.693936542521433 4.317602829665974
1696 10.27741113197392 3.921073886625776 3.949982134455179
1697 4.189290844486001 10.17102955557134 1.251517069602145
1698 3.992068036141194 10.2500435508743 1.131257723463232
1699 3.792288355294981 10.32562584206372 1.048176248706015
1700 3.592293963625345 10.39689492487545 0.8911398381600916
1701 4.386466735929159 10.08756212246482 1.374656556989605
1702 4.386041278278459 10.087747117431 1.127670486198048
1703 4.386667706012865 10.08747473042802 1.621945533386866
1704 4.581758117323776 10.00037462069985 1.498098949982769
1705 3.189935458461348 10.52731265664942 0.88916930055049
1706 2.981390055419205 10.58826299906871 1.04399295394857
1707 3.278233316119265 10.50015172866972 0.6857025989196845
1708 3.511979758859916 10.42429844993697 0.6861867974011691
1709 2.566906322012784 10.69630739713527 1.252041624755976
1710 2.770451048048654 10.64540281015078 1.376672897442079
1711 2.774062887004413 10.6444621798823 1.128927661134088
1712 2.770375331425276 10.64542251500758 1.623698795887921
1713 6.750875782598802 8.684795689474853 3.960907294802272
1714 6.959733437310782 8.518339655213229 4.070444812151051
1715 6.539382229542735 8.845138781044687 3.773114068116964
1716 6.57026694499491 8.822221504332527 3.960480608562769
1717 6.418989763572315 8.932892611867324 3.99076636422759
1718 7.267161779414493 8.257624335837589 4.084919620898695
1719 7.428775417715919 8.112539417046902 3.960228508872548
1720 7.094381569664632 8.406530208356049 4.215664895606841
1721 7.256578113019144 8.266926520155572 4.338681169355835
1722 7.592436011964296 7.959580102255877 3.844045704507415
1723 7.748350515936735 7.807884750826111 3.721497277656415
1724 7.590049671302343 7.96185568741127 3.589972696246404
1725 10.7008713999534 2.547813038992335 3.823296652883985
1726 10.71032205978794 2.507788144086301 3.615409583531594
1727 10.7169008370613 2.479523431749514 3.337119637596472
1728 10.20703945484305 4.100773776652078 3.820340736912597
1729 10.20450326353973 4.10708085437905 3.579390914534591
1730 10.20368630514329 4.109110096630573 3.334959516135189
1731 10.61797978675096 2.873761515531179 0.9036405922294051
1732 10.56083085469856 3.077149924596918 1.031973666686394
1733 10.50299645643027 3.269107743133155 1.082518664184687
1734 10.43703467252133 3.47394692598887 1.202502241433443
1735 10.76660661888711 2.253925889228888 0.9760629926591642
1736 10.72203885285903 2.457210377192294 0.8546241985839973
1737 10.72234942510358 2.455854801485793 0.5764626123784274
1738 10.6662448352112 2.689092991201764 0.7056551570209071
1739 10.80842102743602 2.04402419106991 1.102605173040437
1740 10.80159842128969 2.07977680177276 1.351072748167554
1741 10.8453731149585 1.837901520031857 1.22698358983118
1742 2.139207021647131 10.78998578861602 3.939075448375006
1743 2.351105521994943 10.74580396361505 4.065498739838731
1744 2.506107194712102 10.71071550964791 4.142686695730261
1745 2.684001683002696 10.66752712514192 4.271781281223831
1746 1.935251114366111 10.82842569925771 3.602219797764028
1747 1.726519873760947 10.86366094488909 3.729429167541216
1748 1.935955477666581 10.82829979214155 3.849148152005955
1749 1.931177719804605 10.82915290383003 4.066284818152193
1750 3.0426692962613 10.57081659823823 4.429767455871586
1751 2.798086606378541 10.63817236856054 4.406695804676914
1752 3.147221866321868 10.54016102932709 4.284131564778495
1753 3.357221576942839 10.4751641172494 4.154041485842974
1754 10.03177526963581 4.512591820619654 4.26143562110196
1755 10.11537038808553 4.321953483303855 4.13131586545444
1756 10.20108943327697 4.115552742255276 4.070297157038513
1757 5.336829977430836 9.618640537622538 3.962179763931491
1758 5.53268746631983 9.507332401889999 4.080616762619972
1759 5.498801280012898 9.526971422384372 4.261971015670811
1760 5.679922968567586 9.42011014113627 4.129670156371945
1761 5.139026442605909 9.725759981728794 3.843234591680699
1762 5.124293690397228 9.733530406515159 3.59510547444518
1763 4.937577343177431 9.829564078846065 3.726898160181736
1764 10.76480835673908 2.262498849210848 4.061363187031489
1765 9.556126850335142 5.447975736023772 3.963606617923102
1766 9.438365247414891 5.649536393049505 3.835903467430154
1767 9.435236145953301 5.654760726157765 3.584991533459974
1768 9.324587185454252 5.835415479711994 3.714746638835399
1769 10.66216340680116 2.70523039437867 4.051786065867491
1770 10.71506598600406 2.487440635588892 4.002318554851389
1771 10.87860162189218 1.629732110552183 1.136384398449463
1772 10.90851815066079 1.415708923721258 1.049554606122422
1773 10.87314947556792 1.665719208617411 1.38485197357658
1774 10.93674756702564 1.177944249597002 1.222847669662019
1775 10.94113416659586 1.136478397748379 0.9781494935895778
1776 10.96111011814184 0.9241563601299539 0.9459036775592635
1777 10.93839874942478 1.162511418689053 0.772610614019667
1778 10.92467531925709 1.285095003809091 1.454641605235083
1779 10.95394820786193 1.005494236422276 1.38323649270224
1780 10.89979839279656 1.481349046102734 1.507764768044679
1781 10.92178363326289 1.309443495608342 1.6681535910849
1782 8.049333594878489 7.497214728041377 3.974034849844385
1783 7.89972393199595 7.654695408587494 3.849372764260455
1784 7.89742897113507 7.657063121450447 3.595299755999443
1785 8.193155519146202 7.339768568496156 4.09390784789349
1786 8.189716767346454 7.343605331895524 3.843048240652589
1787 8.188383834686771 7.345091570282861 4.337705776874024
1788 8.325864438168198 7.188879005606241 4.206719167682229
1789 8.325415007419851 7.189399484952017 3.714798643309772
1790 8.184483154329978 7.349437767373013 3.594925645260666
1791 8.042520344302947 7.5045230702206 3.475820134438337
1792 8.449576663884395 7.043057162989681 4.324582478716581
1793 8.454152007663307 7.037564481503702 4.080784549736046
1794 8.462120399396658 7.027981100295799 3.836649755843724
1795 8.457111565828866 7.034007674371959 3.588527160451801
1796 8.583015011340551 6.879814918666255 3.954513066878075
1797 10.9467987145257 1.080554442709182 2.202359531598443
1798 10.91851411069527 1.33643167223333 2.094226924704907
1799 10.95305702955943 1.01515600141982 1.987989344822628
1800 4.569301398015526 10.00607239300683 0.9971280755364496
1801 4.773715182228351 9.910178775328049 1.121054848279531
1802 4.775259390935983 9.909434784551422 1.373799857303473
1803 4.965622704569085 9.815426183099133 1.244044731997495
1804 4.775456812174188 9.909339646770572 1.621088833700733
1805 9.207182997800539 6.018951839399671 3.852409469897825
1806 9.076980625279509 6.213567632874081 3.991947428836276
1807 9.203849418683653 6.024048130468132 3.601497535927645
1808 8.959475144969153 6.381833993976964 3.866614570423724
1809 8.961524478118889 6.378955951256911 3.618264173212885
1810 8.83488644261895 6.553226804104057 3.745718376646538
1811 9.0841743032725 6.203045802487968 3.495377830667815
1812 8.715363721115324 6.711366120892739 3.603873126210726
1813 8.713207633109478 6.714165081551295 3.852223523421564
1814 10.96143419083329 0.920304558301742 1.557507837174292
1815 10.97195449384339 0.7849933662329537 1.758822119408742
1816 10.95646249679383 0.9777165010115532 1.816344710509755
1817 10.93969843999999 1.150216519556999 1.786675062588178
1818 10.91724464614386 1.346762538921889 1.839798225397773
1819 5.157648471814275 9.715897397625804 1.37251761833708
1820 5.156134416682404 9.716700977034499 1.119772609313139
1821 5.374609411221489 9.597581657730732 0.9944534038067109
1822 5.157414423926918 9.716021637474393 1.619932058844476
1823 5.345950694950532 9.613574317971331 1.49565993616012
1824 4.967281188975153 9.814586980084979 1.744321189203605
1825 5.557610823353868 9.492784730317018 1.122439733257504
1826 5.535173109567928 9.505885474121603 1.373225970536331
1827 5.744175161219088 9.381068793971913 1.247420208141111
1828 5.534944120551256 9.506018808227504 1.620640411043727
1829 4.747976775214735 9.922535791924435 3.882578404766103
1830 4.548269941886368 10.01564978100437 4.039680135700568
1831 4.732946511055153 9.929713859094372 3.634449287530584
1832 4.363394812091208 10.09756335527614 3.936873086882341
1833 4.370257223463192 10.0945951776566 4.186423690467958
1834 4.139634848307833 10.19134060478186 4.328061535417199
1835 4.326271588679988 10.11352431850442 4.430868584235427
1836 4.346918630659083 10.10466716020023 3.689385741171307
1837 4.16736165142837 10.18003422716271 3.836129295938697
1838 4.534950952502796 10.02168747558983 3.551475223824833
1839 3.913340884191006 10.2803581223671 3.742812512465013
1840 3.930104216131142 10.27396130274726 3.990299858176047
1841 3.740538292562539 10.34448516272672 4.084917157495201
1842 3.996204382914446 10.24843161317747 4.178233940968885
1843 3.523113100898776 10.42054096860021 4.116135834057997
1844 8.590645061186434 6.870285105635219 3.461707068806549
1845 5.94464847811253 9.255331137872615 1.136628871986431
1846 6.133658048547452 9.131168542059065 1.052139366578015
1847 6.309990546323479 9.0102174948948 0.7507111740225008
1848 6.350776937594246 8.981516146448831 0.5290116583111608
1849 6.286898954303786 9.02634486037255 1.147319609031102
1850 6.299597935293235 9.017486670555671 0.9228352024985407
1851 6.461164940122938 8.902434926273044 0.8458914164755889
1852 1.077866704878532 10.94706368696713 2.871608593305774
1853 10.9517699377089 1.028948604885433 4.390518656259228
1854 1.932057134950866 10.82899603967448 1.123165303505906
1855 2.164552768137033 10.78492982424783 0.997196906814879
1856 2.357227010739191 10.74446279810403 1.127914606521243
1857 1.03575039242969 10.95112876029598 0.6074778910883653
1858 0.8626361053923712 10.96612324158695 3.249539837226236
1859 1.129419514478131 10.94186508600412 3.903258589501128
1860 1.09050294978719 10.94581213599546 3.621347540273194
1861 1.304916241786894 10.92232546676397 3.497176622176475
1862 1.078496737516418 10.94700163456489 3.375719827631436
1863 1.07749146040647 10.9471006276891 3.125368919129517
1864 1.335246616506831 10.91865909684459 3.955228270479255
1865 0.5983104646249303 10.98371633773926 4.416830694937763
1866 1.521622230481203 10.89424920715996 3.612652574058761
1867 1.522330876344053 10.89415020563465 3.859580928300688
1868 1.54063701622192 10.89157645082872 4.07200486396171
1869 10.36905080788557 3.671891248864491 1.074613353516265
1870 10.37438594797333 3.656790423649335 0.8505203743967344
1871 10.29009056827462 3.887677468194305 1.000579291684082
1872 10.34211229933873 3.747093965710824 0.5937942390839467
1873 10.20751360343076 4.099593398835541 0.8516224971087505
1874 10.20153393636103 4.114450795096997 1.075715476228281
1875 10.11740215240858 4.317195117948489 1.204333828854181
1876 10.2479620924144 3.997408279427733 0.5878269735365722
1877 10.03120754901137 4.513853687112297 1.082347987790762
1878 9.940679119675016 4.709872465328246 1.030613791745175
1879 9.851030043092113 4.894610003881473 1.115738378523512
1880 9.752479218669226 5.088138076882827 1.241115927729914
1881 9.846966455912693 4.902779988550394 0.908414876340112
1882 9.653396126647408 5.273702989553812 1.118140703439949
1883 9.652096237585249 5.276081710928356 1.365717168051416
1884 9.546947797025876 5.46404499989365 1.488782223987389
1885 9.649690238209713 5.280480878348125 1.611757448277354
1886 9.652736167924637 5.274910849714866 0.8713246729550261
1887 9.548754250863896 5.460887497157279 0.9959259132765276
1888 9.7650554663671 5.063960084634752 0.7426573998873751
1889 9.66448117327513 5.25336117656216 0.6204426097239533
1890 9.438112096984383 5.649959295849576 1.115486405643786
1891 9.323486042756302 5.837174659929958 1.238578615281312
1892 9.438586088383138 5.649167430000664 1.365834153398977
1893 9.436010047505599 5.653469234317402 1.611874433624915
1894 9.088426384043283 6.196814170348013 0.9840087858364956
1895 9.207660413361037 6.018221474175245 1.110835464537505
1896 9.208165302313409 6.017448941642247 1.361183212292696
1897 8.966081931296923 6.372548532672846 0.8599215015330097
1898 8.966506774604243 6.371950742196319 1.109352777245402
1899 8.947372208332117 6.398791336304541 0.6089105483363055
1900 8.821561069510985 6.571153650378921 0.7342545397452122
1901 8.841516732278251 6.544278560150365 1.232216272649062
1902 8.967227552944498 6.370936352979287 1.356303556952548
1903 8.969690174454524 6.367468741524688 1.600370586292969
1904 9.091234565351261 6.192693604382708 1.477507090889309
1905 9.210491231612844 6.013888199192175 1.605250241633117
1906 8.713112674300282 6.71428831112783 1.111457817690122
1907 8.71387218167154 6.713302585277298 1.358408597397267
1908 8.721515372768238 6.703370018324166 0.8890708183867845
1909 8.590829873571447 6.870054008765315 1.01526314313499
1910 8.582290551051974 6.880718632332236 1.482629357917319
1911 8.7139424701857 6.713211349741191 1.603387812876259
1912 8.843926548113235 6.541021572474589 1.73036669034535
1913 8.4462332748486 7.0470663021459 1.358108324061787
1914 8.446307057919027 7.046977868799308 1.60308753954078
1915 8.440077755371224 7.054437432091083 1.082400055448491
1916 8.300729478608616 7.217886818380981 1.202858237071952
1917 9.326056500648848 5.83306695887381 1.736943482331903
1918 8.308911341492234 7.208466710696647 1.724144759036008
1919 8.158236309710837 7.378562211902514 1.079304495052254
1920 8.16467490727039 7.371437014489728 1.355012763665551
1921 8.020414421152996 7.528144028441609 1.478544273690951
1922 8.165854067509498 7.370130755158866 1.602098015710649
1923 8.155845848028571 7.381204407357591 0.8777740334296222
1924 8.016770662292535 7.532024173368384 1.029928560023221
1925 7.871823389299185 7.683384444870782 1.354692503352555
1926 7.873052457883405 7.682125031227758 1.601777755397654
1927 7.871440258580101 7.683776952489214 1.107897575913726
1928 7.721090898875142 7.83484239352059 1.231131057620428
1929 7.723796437303579 7.83217521478526 1.724190845702846
1930 7.567649679417398 7.983149649706798 1.107478893767788
1931 7.568047738303833 7.982772289797213 1.354273821206618
1932 7.410898528197463 8.128873415471585 1.477573952347254
1933 7.567196143321834 7.983579556094821 1.601226116199893
1934 7.411150277530806 8.128643894516173 0.9839172419566233
1935 7.247470119559249 8.274912498999361 1.103466237979059
1936 7.086927997691792 8.41281472252493 1.228622215644945
1937 7.254017942862985 8.269173095577445 1.355777635019864
1938 7.253135798231695 8.269946861522744 1.602729930013139
1939 6.753403717859936 8.68283008146512 0.9958323444311747
1940 6.925720709370044 8.54601618625912 1.111555954018647
1941 6.595279563744448 8.803538349780437 0.8814395221904122
1942 6.610967310789253 8.791763828474689 1.132408267192391
1943 6.605425304470378 8.795928407340661 0.7093154937143723
1944 6.555947235545627 8.832867928636862 0.5115405107450425
1945 6.438239601070362 8.919028581589441 1.25888954316812
1946 6.258791183063655 9.045857224542329 4.178509014340451
1947 1.722189450297769 10.86434827761348 4.26334325918058
1948 5.177287924748525 9.133892672033321 5
1949 9.13389267203333 5.177287924748516 5
1950 10.39381572498223 0.7666939083024121 5
1951 0.7406788755535321 10.45926297742228 5
1952 8.584786903855427 6.061341985982459 5
1953 6.061341985982471 8.584786903855413 5
1954 4.251118561276555 9.610381647707703 5
1955 9.58880816764928 4.241115649176873 5
1956 10.26454341647717 1.8050966054332 5
1957 1.808665679704066 10.26291152470178 5
1958 7.876396705495446 6.826023363264381 5
1959 6.826023363264401 7.876396705495433 5
1960 3.250184247423911 9.904297256306128 5
1961 9.827381903820458 3.214127740376455 5
1962 10.29204417778724 2.588323561869679 5
1963 2.588323561869678 10.29204417778725 5
1964 7.504417251566656 7.504417251566652 5
1965 8.872317386578631 5.606186421716217 5
1966 5.606186421716224 8.872317386578624 5
1967 4.733866867680668 9.36676471530162 5
1968 9.371073112516111 4.73069926148982 5
1969 3.750845769183571 9.723702015678677 5
1970 9.74217681695359 3.735765511880001 5
1971 8.216189617904801 6.411977310982098 5
1972 6.411977310982122 8.216189617904783 5
1973 10.35793325377121 1.256654028016166 5
1974 1.267869884001428 10.28809106091342 5
1975 10.42619747516559 2.211381416086353 5
1976 2.212095230940526 10.42587109681052 5
1977 7.812191565630005 7.251653958822503 5
1978 7.251653958822509 7.812191565630002 5
1979 2.98126587448277 10.23413961774751 5
1980 10.20403566297846 3.069177345036348 5
1981 0.3642706749027036 10.60618547731868 5
1982 10.62654789138734 0.3023660837549109 5
1983 2.738035200429393 9.932298539003998 5
1984 9.936690817805374 2.742651335947358 5
1985 7.11274958624572 7.453157881170947 5
1986 7.455193215452984 7.113391052081075 5
1987 2.26487423166354 10.04272814739608 5
1988 10.0431138707277 2.264894472576605 5
1989 3.615881004943586 10.05186699888703 5
1990 10.11835404079664 3.499834528938783 5
1991 6.770903952763114 8.25037033785938 5
1992 8.250370337859398 6.770903952763076 5
1993 10.58653738107015 1.625610600057146 5
1994 9.912899755009679 4.051281625012026 5
1995 1.565505210401301 10.5537788663495 5
1996 4.050311745311001 9.881547319344079 5
1997 10.26344846826433 0.2673262010775936 5
1998 0.2998390067090535 10.29334328811324 5
1999 6.393989532937788 8.550361842629478 5
2000 8.550361842629489 6.393989532937764 5
2001 1.127769445539832 10.62044944338148 5
2002 0.1821353374513521 10.80309273865934 5
2003 0.4288919043791842 10.79755460463657 5
2004 0.1821353374513521 10.55309273865934 5
2005 10.8077358116709 0.3979396088052878 5
2006 10.81327394569367 0.1511830418774555 5
2007 10.56327394569367 0.1511830418774555 5
2008 10.38172423413216 0.1336631005387968 5
2009 10.13172423413216 0.1336631005387968 5
2010 10.12570151515803 0.3790014721758862 5
2011 0.3952578749916174 10.14064892508248 5
2012 0.1499195033545271 10.14667164405662 5
2013 0.1499195033545271 10.39667164405662 5
2014 10.67476647946493 0.8763631531200908 5
2015 10.69136972846835 0.6301035210790384 5
2016 10.51018180818478 0.5345299960286616 5
2017 10.62919031660924 1.366609976005189 5
2018 10.65682524385942 1.121343212976968 5
2019 10.37587448937672 1.011673968159289 5
2020 10.70488142782754 1.794868221421076 5
2021 10.74349238025872 1.551088262025679 5
2022 10.47223531742068 1.441132314036656 5
2023 10.57520225458283 2.329555844802907 5
2024 10.62471147487526 2.087753629435679 5
2025 10.34537044582138 2.008239010759776 5
2026 10.54388444553105 1.884611224109103 5
2027 10.42554039877366 1.715353602745173 5
2028 10.44781782272081 2.757364431551554 5
2029 10.50812560589365 2.51802691769457 5
2030 10.35912082647642 2.399852488978016 5
2031 10.33282867111257 3.234182141580387 5
2032 10.40381356531642 2.997791323134889 5
2033 10.24803992038285 2.828750453453014 5
2034 10.20846880891687 3.682478796916779 5
2035 10.28998786002166 3.449510733531604 5
2036 10.16119485188755 3.284505936987566 5
2037 10.01385262653782 4.187278486602596 5
2038 10.10574166602339 3.9582023449534 5
2039 9.930265428875117 3.617800020409392 5
2040 10.02038019699535 3.800444288387388 5
2041 9.827538285981635 3.893523568446013 5
2042 9.749732857287944 4.506918389735009 5
2043 9.851806832857616 4.28219549868502 5
2044 9.750853961329479 4.146198637094449 5
2045 9.528811981470113 4.971627274346407 5
2046 9.640865329721359 4.751710195891483 5
2047 9.479940640082695 4.485907455333346 5
2048 9.288414700826927 5.409589988106745 5
2049 9.410221761228723 5.194921605975754 5
2050 9.25248289227472 4.953993593119168 5
2051 9.026311588756478 5.833026608844676 5
2052 9.157627058099578 5.624039236590596 5
2053 9.003105029305981 5.391737173232366 5
2054 8.741986920989923 6.263489880599835 5
2055 8.882546347394875 6.060604390977797 5
2056 8.72855214521703 5.833764203849338 5
2057 8.575254074888907 6.626188676691918 5
2058 8.724774390376954 6.429813654077487 5
2059 8.567574373242458 6.227665759460111 5
2060 8.267078231949558 7.00411496904996 5
2061 8.425258322503861 6.814645886604575 5
2062 8.400366090244443 6.58244674285042 5
2063 7.881467533865655 7.42667154883901 5
2064 8.047988845834862 7.244489972079673 5
2065 7.844294135562725 7.038838661043442 5
2066 8.080091415767582 7.031674674300612 5
2067 8.063383521677421 6.798463658013729 5
2068 7.55305319521108 7.727580376833982 5
2069 7.72758037683398 7.553053195211084 5
2070 7.658304408598331 7.378035605194578 5
2071 7.244489972079671 8.047988845834864 5
2072 7.426671548839007 7.881467533865656 5
2073 7.378035605194582 7.658304408598327 5
2074 6.814645886604588 8.425258322503856 5
2075 7.004114969049974 8.267078231949553 5
2076 7.038838661043455 7.844294135562718 5
2077 7.031674674300617 8.08009141576758 5
2078 6.798463658013757 8.063383521677407 5
2079 6.429813654077494 8.724774390376952 5
2080 6.626188676691925 8.575254074888905 5
2081 6.582446742850451 8.400366090244429 5
2082 6.060604390977796 8.882546347394873 5
2083 6.263489880599835 8.74198692098992 5
2084 6.22766575946013 8.567574373242445 5
2085 5.624039236590592 9.157627058099578 5
2086 5.833026608844673 9.026311588756478 5
2087 5.833764203849348 8.728552145217019 5
2088 5.19492160597575 9.410221761228723 5
2089 5.409589988106742 9.288414700826927 5
2090 5.391737173232374 9.003105029305972 5
2091 4.7532939989869 9.638711131114118 5
2092 4.973211077441823 9.526657782862872 5
2093 4.955577396214596 9.25032869366747 5
2094 4.287196954734853 9.862593572886832 5
2095 4.511919845784843 9.76051959731716 5
2096 4.492492714478612 9.488573181504663 5
2097 3.957717405102883 10.0900654481906 5
2098 4.186793546752076 9.998176408705021 5
2099 4.150715153293778 9.745964483525892 5
2100 3.507533971533999 10.25674433906686 5
2101 3.740502034919174 10.17522528796207 5
2102 3.833096375127294 9.966707159115552 5
2103 2.953835587858095 10.41886554270095 5
2104 3.190226406303592 10.3478806484971 5
2105 3.11572506095334 10.06921843702682 5
2106 3.324685592774162 10.18295946777641 5
2107 3.433032626183748 9.978082127596576 5
2108 2.518026917694566 10.50812560589365 5
2109 2.757364431551549 10.44781782272082 5
2110 2.784794718176224 10.26309189776738 5
2111 2.088110536862761 10.62454828569772 5
2112 2.329912752229991 10.57503906540529 5
2113 2.400209396405102 10.35895763729888 5
2114 1.521035567197754 10.72711312289839 5
2115 1.764815526593149 10.68850217046721 5
2116 2.010380455322296 10.34439131075615 5
2117 1.886395761244531 10.54306849964335 5
2118 1.687085445052683 10.40834519552564 5
2119 1.056900921738798 10.78808333866456 5
2120 1.302167684767019 10.76044841141438 5
2121 1.346637327970566 10.58711415486549 5
2122 0.6170960047045985 10.72409335468837 5
2123 0.8633556367456482 10.70749010568496 5
2124 0.9342241605466819 10.53985621040188 5
2125 0.5524747752281178 10.53272422737048 5
2126 10.44499817982583 0.2848461424162523 5
2127 10.19088514351698 0.6286853257882955 5
2128 10.1728314958521 0.8734326557990078 5
2129 10.32863209662328 0.5170100546900028 5
2130 10.15489026024659 1.118412715655885 5
2131 10.12484917670951 1.36197938628489 5
2132 10.07815425806249 1.636200674993407 5
2133 10.03619811025474 1.877999912797239 5
2134 10.31123833512419 1.530875316724682 5
2135 9.925483337380001 2.107898846368942 5
2136 9.871713201336568 2.347348135804619 5
2137 10.15382864360243 2.034995539004902 5
2138 9.818501674875407 2.586226567489996 5
2139 9.753047087563733 2.822749054245988 5
2140 9.989902344266536 2.503772904261981 5
2141 9.698392630571274 3.058487256460536 5
2142 9.621411277825334 3.291513137149324 5
2143 9.882036360812915 2.978389538161907 5
2144 9.578808734391899 3.552332022901097 5
2145 9.490486071033231 3.781299917765446 5
2146 9.784779360387024 3.474946626128228 5
2147 9.413801746381075 4.033974986413881 5
2148 9.314350549441858 4.258333291739842 5
2149 9.665492492301436 3.988440580528437 5
2150 9.205483021875274 4.503125097896316 5
2151 9.095142877999834 4.722333314874892 5
2152 8.976552657758443 4.94562764650424 5
2153 8.855589386018028 5.159157683340361 5
2154 8.72480174329068 5.373606931824211 5
2155 8.593506754802046 5.580944375956113 5
2156 8.449741513440443 5.808522158089234 5
2157 8.308431109330943 6.00916751545339 5
2158 8.124132466355629 6.18448517795321 5
2159 7.97314707576609 6.37795507630927 5
2160 8.400488260880113 6.236659648482279 5
2161 7.803250619561412 6.584978102450412 5
2162 7.642953979522524 6.770806455867277 5
2163 8.046293161700124 6.619000337123239 5
2164 7.432352234501293 6.914490300275624 5
2165 7.263130513659236 7.092229431973269 5
2166 7.665794960474215 6.969707207672728 5
2167 7.091908699055604 7.262112846518205 5
2168 6.91416956735796 7.431334567360262 5
2169 7.283971400849351 7.283274466626011 5
2170 6.770806455867301 7.642953979522504 5
2171 6.584978102450435 7.803250619561394 5
2172 6.96938647475506 7.66477729333319 5
2173 6.377955076309297 7.97314707576607 5
2174 6.184485177953235 8.124132466355611 5
2175 6.619000337123262 8.046293161700108 5
2176 6.009167515453409 8.308431109330925 5
2177 5.808522158089254 8.449741513440429 5
2178 6.236659648482297 8.400488260880099 5
2179 5.580944375956129 8.593506754802034 5
2180 5.373606931824227 8.724801743290669 5
2181 5.159157683340377 8.855589386018018 5
2182 4.945627646504256 8.976552657758432 5
2183 4.723917117970327 9.092988679392583 5
2184 4.50470890099175 9.203328823268023 5
2185 4.263334747789694 9.325137289471066 5
2186 4.038976442463731 9.424588486410283 5
2187 3.78884004641724 9.48124867039577 5
2188 3.559872151552891 9.569571333754441 5
2189 4.000982165230063 9.66704183169319 5
2190 3.309541390673061 9.659868954068166 5
2191 3.076515509984272 9.736850306814107 5
2192 3.500515008303741 9.813999635992403 5
2193 2.820440986487013 9.750850948163041 5
2194 2.583918499731019 9.816305535474719 5
2195 2.994109723926652 9.918297897655062 5
2196 2.347338015348092 9.871520339670759 5
2197 2.107888725912414 9.925290475714192 5
2198 2.501454716046466 9.987513343200039 5
2199 1.879784449932677 10.03538216436704 5
2200 1.637985212128844 10.07733831217479 5
2201 2.036769955683803 10.15281983604893 5
2202 1.367587314277525 10.08992808028061 5
2203 1.124020643648518 10.11996916381769 5
2204 1.538267781852747 10.2755012928076 5
2205 0.8604251394245699 10.20555512207213 5
2206 0.6156778094138566 10.22360876973701 5
2207 1.00427437977748 10.37367701916785 5
2208 0.5202589411312928 10.37630313276776 5
2209 0.3320548408058785 10.44976438271596 5
2210 1.19781966477063 10.45427025214745 5
2211 8.383275730267144 6.402983421959931 5
2212 6.402983421959956 8.38327573026713 5
2213 3.900578757247287 9.802624667511378 5
2214 10.23465567294665 2.238137944331479 5
2215 1.416687547201365 10.42093496363146 5
2216 2.238484731302033 10.2342996221033 5
2217 8.233279977882098 6.591440631872587 5
2218 7.633692390541494 7.182522505451789 5
2219 6.591440631872619 8.233279977882081 5
2220 7.182201772534114 7.632674723400474 5
2221 3.683363387063578 9.887784507282852 5
2222 2.859650537456082 10.08321907837575 5
2223 9.972867972308549 3.356981134657619 5
2224 10.07036324039192 2.905914340491853 5
2225 10.01570878339946 3.141652542706401 5
2226 10.16757902425747 2.426609017223142 5
2227 10.11436749779631 2.665487448908519 5
2228 2.426598896766609 10.16738616259166 5
2229 2.663179381149535 10.11217135839562 5
2230 7.47980523350982 7.308904151823864 5
2231 7.308583418906188 7.478787566368799 5
2232 1.173171259928083e-15 10.56698729810778 0.75
2233 1.168380234943906e-15 10.52383358144086 3.25062608827255
2234 1.166506733171687e-15 10.50695857767436 1.75
2235 1.173171259928083e-15 10.56698729810778 4.25
2236 1.163650351269223e-15 10.48123057673124 1.25
2237 1.163809662644412e-15 10.48266552603111 3.750053238798686
2238 1.164856237205285e-15 10.49209223163584 2.251227133014197
2239 1.166028862595808e-15 10.50265430217945 2.750308870214458
2240 1.15095057280153e-15 10.36684114158166 0.328725833079511
2241 1.15095057280153e-15 10.36684114158166 4.671274166920489
2242 1.189160877279225e-15 10.71100896759658 0.2899060668618011
2243 1.189160877279225e-15 10.71100896759658 4.710093933138198
2244 1.205203102183448e-15 10.85550448379829 4.605046966569099
2245 1.205203102183448e-15 10.85550448379829 4.855046966569099
2246 1.17744752656782e-15 10.60550448379829 4.855046966569099
2247 1.205203102183448e-15 10.85550448379829 0.1449530334309005
2248 1.205203102183448e-15 10.85550448379829 0.3949530334309005
2249 1.17744752656782e-15 10.60550448379829 0.1449530334309005
2250 1.158342374328972e-15 10.43342057079083 4.835637083460245
2251 1.130586798713343e-15 10.18342057079083 4.835637083460245
2252 1.130586798713343e-15 10.18342057079083 4.585637083460245
2253 1.130586798713343e-15 10.18342057079083 0.1643629165397555
2254 1.158342374328972e-15 10.43342057079083 0.1643629165397555
2255 1.130586798713343e-15 10.18342057079083 0.4143629165397555
2256 1.197208293507878e-15 10.78349364905389 0.625
2257 1.197208293507878e-15 10.78349364905389 0.875
2258 1.181166068603654e-15 10.63899813285218 0.5199530334309006
2259 1.192447839178448e-15 10.74061528836562 1.125
2260 1.192447839178448e-15 10.74061528836562 1.375
2261 1.168410805598653e-15 10.52410893741951 1
2262 1.193876030129679e-15 10.75347928883718 1.625
2263 1.193876030129679e-15 10.75347928883718 1.875
2264 1.165078542220455e-15 10.4940945772028 1.5
2265 1.193050782146478e-15 10.74604611581792 2.125613566507099
2266 1.193050782146478e-15 10.74604611581792 2.375613566507099
2267 1.165681485188486e-15 10.4995254046551 2.000613566507099
2268 1.19363709484174e-15 10.75132715108972 2.625154435107229
2269 1.19363709484174e-15 10.75132715108972 2.875154435107229
2270 1.165442549900546e-15 10.49737326690764 2.500768001614327
2271 1.194812781015789e-15 10.76191679072043 3.125313044136275
2272 1.194812781015789e-15 10.76191679072043 3.375313044136275
2273 1.167204548769857e-15 10.51324394181015 3.000467479243504
2274 1.192527494866042e-15 10.74133276301555 3.625026619399343
2275 1.192527494866042e-15 10.74133276301555 3.875026619399343
2276 1.166094948794159e-15 10.50324955373598 3.500339663535618
2277 1.197208293507878e-15 10.78349364905389 4.125
2278 1.197208293507878e-15 10.78349364905389 4.375
2279 1.168490461286247e-15 10.52482641206944 4.000026619399343
2280 1.181166068603654e-15 10.63899813285218 4.480046966569099
2281 1.170055725040377e-15 10.53892505458912 4.690684050029343
2282 1.170055725040377e-15 10.53892505458912 0.309315949970656
2283 1.14169714227662e-15 10.28349364905389 0.875
2284 1.14169714227662e-15 10.28349364905389 0.625
2285 1.162060916364807e-15 10.46691421984472 0.5393629165397555
2286 1.13693668794719e-15 10.24061528836562 1.375
2287 1.13693668794719e-15 10.24061528836562 1.125
2288 1.138364878898422e-15 10.25347928883718 1.875
2289 1.138364878898422e-15 10.25347928883718 1.625
2290 1.137539630915221e-15 10.24604611581792 2.375613566507099
2291 1.137539630915221e-15 10.24604611581792 2.125613566507099
2292 1.138125943610482e-15 10.25132715108972 2.875154435107229
2293 1.138125943610482e-15 10.25132715108972 2.625154435107229
2294 1.139301629784531e-15 10.26191679072043 3.375313044136275
2295 1.139301629784531e-15 10.26191679072043 3.125313044136275
2296 1.137016343634784e-15 10.24133276301555 3.875026619399343
2297 1.137016343634784e-15 10.24133276301555 3.625026619399343
2298 1.14169714227662e-15 10.28349364905389 4.375
2299 1.14169714227662e-15 10.28349364905389 4.125
2300 1.162060916364807e-15 10.46691421984472 4.460637083460245
2301 5.177287924748525 9.133892672033321 0
2302 9.13389267203333 5.177287924748516 0
2303 10.39381572498223 0.7666939083024121 0
2304 0.7406788755535321 10.45926297742228 0
2305 8.584786903855427 6.061341985982459 0
2306 6.061341985982471 8.584786903855413 0
2307 4.251118561276555 9.610381647707703 0
2308 9.58880816764928 4.241115649176873 0
2309 10.26454341647717 1.8050966054332 0
2310 1.808665679704066 10.26291152470178 0
2311 7.876396705495446 6.826023363264381 0
2312 6.826023363264401 7.876396705495433 0
2313 3.250184247423911 9.904297256306128 0
2314 9.827381903820458 3.214127740376455 0
2315 10.29204417778724 2.588323561869679 0
2316 2.588323561869678 10.29204417778725 0
2317 7.504417251566656 7.504417251566652 0
2318 8.872317386578631 5.606186421716217 0
2319 5.606186421716224 8.872317386578624 0
2320 4.733866867680668 9.36676471530162 0
2321 9.371073112516111 4.73069926148982 0
2322 3.750845769183571 9.723702015678677 0
2323 9.74217681695359 3.735765511880001 0
2324 8.216189617904801 6.411977310982098 0
2325 6.411977310982122 8.216189617904783 0
2326 10.35793325377121 1.256654028016166 0
2327 1.267869884001428 10.28809106091342 0
2328 10.42619747516559 2.211381416086353 0
2329 2.212095230940526 10.42587109681052 0
2330 7.812191565630005 7.251653958822503 0
2331 7.251653958822509 7.812191565630002 0
2332 2.98126587448277 10.23413961774751 0
2333 10.20403566297846 3.069177345036348 0
2334 0.3642706749027036 10.60618547731868 0
2335 10.62654789138734 0.3023660837549109 0
2336 2.738035200429393 9.932298539003998 0
2337 9.936690817805374 2.742651335947358 0
2338 7.11274958624572 7.453157881170947 0
2339 7.455193215452984 7.113391052081075 0
2340 2.26487423166354 10.04272814739608 0
2341 10.0431138707277 2.264894472576605 0
2342 3.615881004943586 10.05186699888703 0
2343 10.11835404079664 3.499834528938783 0
2344 6.770903952763114 8.25037033785938 0
2345 8.250370337859398 6.770903952763076 0
2346 10.58653738107015 1.625610600057146 0
2347 9.912899755009679 4.051281625012026 0
2348 1.565505210401301 10.5537788663495 0
2349 4.050311745311001 9.881547319344079 0
2350 10.26344846826433 0.2673262010775933 0
2351 0.2998390067090535 10.29334328811324 0
2352 6.393989532937788 8.550361842629478 0
2353 8.550361842629489 6.393989532937764 0
2354 1.127769445539832 10.62044944338148 0
2355 0.4288919043791842 10.79755460463657 0
2356 0.1821353374513521 10.80309273865934 0
2357 0.1821353374513521 10.55309273865934 0
2358 10.81327394569367 0.1511830418774554 0
2359 10.8077358116709 0.3979396088052878 0
2360 10.56327394569367 0.1511830418774554 0
2361 0.1499195033545271 10.39667164405662 0
2362 0.1499195033545271 10.14667164405662 0
2363 0.3952578749916174 10.14064892508248 0
2364 10.13172423413216 0.1336631005387967 0
2365 10.38172423413216 0.1336631005387967 0
2366 10.12570151515803 0.3790014721758861 0
2367 10.69136972846835 0.6301035210790384 0
2368 10.67476647946493 0.8763631531200908 0
2369 10.51018180818478 0.5345299960286615 0
2370 10.65682524385942 1.121343212976968 0
2371 10.62919031660924 1.366609976005189 0
2372 10.37587448937672 1.011673968159289 0
2373 10.74349238025872 1.551088262025679 0
2374 10.70488142782754 1.794868221421076 0
2375 10.47223531742068 1.441132314036656 0
2376 10.62471147487526 2.087753629435679 0
2377 10.57520225458283 2.329555844802907 0
2378 10.54388444553105 1.884611224109103 0
2379 10.34537044582138 2.008239010759776 0
2380 10.42554039877366 1.715353602745173 0
2381 10.50812560589365 2.51802691769457 0
2382 10.44781782272081 2.757364431551554 0
2383 10.35912082647642 2.399852488978016 0
2384 10.40381356531642 2.997791323134889 0
2385 10.33282867111257 3.234182141580387 0
2386 10.24803992038285 2.828750453453014 0
2387 10.28998786002166 3.449510733531604 0
2388 10.20846880891687 3.682478796916779 0
2389 10.16119485188755 3.284505936987566 0
2390 10.10574166602339 3.9582023449534 0
2391 10.01385262653782 4.187278486602596 0
2392 10.02038019699535 3.800444288387388 0
2393 9.930265428875117 3.617800020409392 0
2394 9.827538285981635 3.893523568446013 0
2395 9.851806832857616 4.28219549868502 0
2396 9.749732857287944 4.506918389735009 0
2397 9.750853961329479 4.146198637094449 0
2398 9.640865329721359 4.751710195891483 0
2399 9.528811981470113 4.971627274346407 0
2400 9.479940640082695 4.485907455333346 0
2401 9.410221761228723 5.194921605975754 0
2402 9.288414700826927 5.409589988106745 0
2403 9.25248289227472 4.953993593119168 0
2404 9.157627058099578 5.624039236590596 0
2405 9.026311588756478 5.833026608844676 0
2406 9.003105029305981 5.391737173232366 0
2407 8.882546347394875 6.060604390977797 0
2408 8.741986920989923 6.263489880599835 0
2409 8.72855214521703 5.833764203849338 0
2410 8.724774390376954 6.429813654077487 0
2411 8.575254074888907 6.626188676691918 0
2412 8.567574373242458 6.227665759460111 0
2413 8.425258322503861 6.814645886604575 0
2414 8.267078231949558 7.00411496904996 0
2415 8.400366090244443 6.58244674285042 0
2416 8.047988845834862 7.244489972079673 0
2417 7.881467533865655 7.42667154883901 0
2418 8.080091415767582 7.031674674300612 0
2419 7.844294135562725 7.038838661043442 0
2420 8.063383521677421 6.798463658013729 0
2421 7.72758037683398 7.553053195211084 0
2422 7.55305319521108 7.727580376833982 0
2423 7.658304408598331 7.378035605194578 0
2424 7.426671548839007 7.881467533865656 0
2425 7.244489972079671 8.047988845834864 0
2426 7.378035605194582 7.658304408598327 0
2427 7.004114969049974 8.267078231949553 0
2428 6.814645886604588 8.425258322503856 0
2429 7.031674674300617 8.08009141576758 0
2430 7.038838661043455 7.844294135562718 0
2431 6.798463658013757 8.063383521677407 0
2432 6.626188676691925 8.575254074888905 0
2433 6.429813654077494 8.724774390376952 0
2434 6.582446742850451 8.400366090244429 0
2435 6.263489880599835 8.74198692098992 0
2436 6.060604390977796 8.882546347394873 0
2437 6.22766575946013 8.567574373242445 0
2438 5.833026608844673 9.026311588756478 0
2439 5.624039236590592 9.157627058099578 0
2440 5.833764203849348 8.728552145217019 0
2441 5.409589988106742 9.288414700826927 0
2442 5.19492160597575 9.410221761228723 0
2443 5.391737173232374 9.003105029305972 0
2444 4.973211077441823 9.526657782862872 0
2445 4.7532939989869 9.638711131114118 0
2446 4.955577396214596 9.25032869366747 0
2447 4.511919845784843 9.76051959731716 0
2448 4.287196954734853 9.862593572886832 0
2449 4.492492714478612 9.488573181504663 0
2450 4.186793546752076 9.998176408705021 0
2451 3.957717405102883 10.0900654481906 0
2452 4.150715153293778 9.745964483525892 0
2453 3.740502034919174 10.17522528796207 0
2454 3.507533971533999 10.25674433906686 0
2455 3.833096375127294 9.966707159115552 0
2456 3.190226406303592 10.3478806484971 0
2457 2.953835587858095 10.41886554270095 0
2458 3.324685592774162 10.18295946777641 0
2459 3.11572506095334 10.06921843702682 0
2460 3.433032626183748 9.978082127596576 0
2461 2.757364431551549 10.44781782272082 0
2462 2.518026917694566 10.50812560589365 0
2463 2.784794718176224 10.26309189776738 0
2464 2.329912752229991 10.57503906540529 0
2465 2.088110536862761 10.62454828569772 0
2466 2.400209396405102 10.35895763729888 0
2467 1.764815526593149 10.68850217046721 0
2468 1.521035567197754 10.72711312289839 0
2469 1.886395761244531 10.54306849964335 0
2470 2.010380455322296 10.34439131075615 0
2471 1.687085445052683 10.40834519552564 0
2472 1.302167684767019 10.76044841141438 0
2473 1.056900921738798 10.78808333866456 0
2474 1.346637327970566 10.58711415486549 0
2475 0.8633556367456482 10.70749010568496 0
2476 0.6170960047045985 10.72409335468837 0
2477 0.9342241605466819 10.53985621040188 0
2478 0.5524747752281178 10.53272422737048 0
2479 0.3320548408058785 10.44976438271596 0
2480 10.44499817982583 0.2848461424162521 0
2481 10.1728314958521 0.8734326557990078 0
2482 10.19088514351698 0.6286853257882955 0
2483 10.32863209662328 0.5170100546900027 0
2484 10.12484917670951 1.36197938628489 0
2485 10.15489026024659 1.118412715655885 0
2486 10.03619811025474 1.877999912797239 0
2487 10.07815425806249 1.636200674993407 0
2488 10.31123833512419 1.530875316724682 0
2489 9.871713201336568 2.347348135804619 0
2490 9.925483337380001 2.107898846368942 0
2491 10.15382864360243 2.034995539004902 0
2492 9.753047087563733 2.822749054245988 0
2493 9.818501674875407 2.586226567489996 0
2494 9.989902344266536 2.503772904261981 0
2495 9.621411277825334 3.291513137149324 0
2496 9.698392630571274 3.058487256460536 0
2497 9.882036360812915 2.978389538161907 0
2498 9.490486071033231 3.781299917765446 0
2499 9.578808734391899 3.552332022901097 0
2500 9.784779360387024 3.474946626128228 0
2501 9.314350549441858 4.258333291739842 0
2502 9.413801746381075 4.033974986413881 0
2503 9.665492492301436 3.988440580528437 0
2504 9.095142877999834 4.722333314874892 0
2505 9.205483021875274 4.503125097896316 0
2506 8.855589386018028 5.159157683340361 0
2507 8.976552657758443 4.94562764650424 0
2508 8.593506754802046 5.580944375956113 0
2509 8.72480174329068 5.373606931824211 0
2510 8.308431109330943 6.00916751545339 0
2511 8.449741513440443 5.808522158089234 0
2512 7.97314707576609 6.37795507630927 0
2513 8.124132466355629 6.18448517795321 0
2514 8.400488260880113 6.236659648482279 0
2515 7.642953979522524 6.770806455867277 0
2516 7.803250619561412 6.584978102450412 0
2517 8.046293161700124 6.619000337123239 0
2518 7.263130513659236 7.092229431973269 0
2519 7.432352234501293 6.914490300275624 0
2520 7.665794960474215 6.969707207672728 0
2521 6.91416956735796 7.431334567360262 0
2522 7.091908699055604 7.262112846518205 0
2523 7.283971400849351 7.283274466626011 0
2524 6.584978102450435 7.803250619561394 0
2525 6.770806455867301 7.642953979522504 0
2526 6.96938647475506 7.66477729333319 0
2527 6.184485177953235 8.124132466355611 0
2528 6.377955076309297 7.97314707576607 0
2529 6.619000337123262 8.046293161700108 0
2530 5.808522158089254 8.449741513440429 0
2531 6.009167515453409 8.308431109330925 0
2532 6.236659648482297 8.400488260880099 0
2533 5.373606931824227 8.724801743290669 0
2534 5.580944375956129 8.593506754802034 0
2535 4.945627646504256 8.976552657758432 0
2536 5.159157683340377 8.855589386018018 0
2537 4.50470890099175 9.203328823268023 0
2538 4.723917117970327 9.092988679392583 0
2539 4.038976442463731 9.424588486410283 0
2540 4.263334747789694 9.325137289471066 0
2541 3.559872151552891 9.569571333754441 0
2542 3.78884004641724 9.48124867039577 0
2543 4.000982165230063 9.66704183169319 0
2544 3.076515509984272 9.736850306814107 0
2545 3.309541390673061 9.659868954068166 0
2546 3.500515008303741 9.813999635992403 0
2547 2.583918499731019 9.816305535474719 0
2548 2.820440986487013 9.750850948163041 0
2549 2.994109723926652 9.918297897655062 0
2550 2.107888725912414 9.925290475714192 0
2551 2.347338015348092 9.871520339670759 0
2552 2.501454716046466 9.987513343200039 0
2553 1.637985212128844 10.07733831217479 0
2554 1.879784449932677 10.03538216436704 0
2555 2.036769955683803 10.15281983604893 0
2556 1.124020643648518 10.11996916381769 0
2557 1.367587314277525 10.08992808028061 0
2558 1.538267781852747 10.2755012928076 0
2559 0.6156778094138566 10.22360876973701 0
2560 0.8604251394245699 10.20555512207213 0
2561 1.00427437977748 10.37367701916785 0
2562 0.5202589411312928 10.37630313276776 0
2563 1.19781966477063 10.45427025214745 0
2564 8.383275730267144 6.402983421959931 0
2565 6.402983421959956 8.38327573026713 0
2566 3.900578757247287 9.802624667511378 0
2567 10.23465567294665 2.238137944331479 0
2568 1.416687547201365 10.42093496363146 0
2569 2.238484731302033 10.2342996221033 0
2570 8.233279977882098 6.591440631872587 0
2571 7.633692390541494 7.182522505451789 0
2572 6.591440631872619 8.233279977882081 0
2573 7.182201772534114 7.632674723400474 0
2574 3.683363387063578 9.887784507282852 0
2575 2.859650537456082 10.08321907837575 0
2576 9.972867972308549 3.356981134657619 0
2577 10.01570878339946 3.141652542706401 0
2578 10.07036324039192 2.905914340491853 0
2579 10.16757902425747 2.426609017223142 0
2580 10.11436749779631 2.665487448908519 0
2581 2.426598896766609 10.16738616259166 0
2582 2.663179381149535 10.11217135839562 0
2583 7.47980523350982 7.308904151823864 0
2584 7.308583418906188 7.478787566368799 0
2585 10.56698729810778 0 0.75
2586 10.52383358144086 0 2.25062608827255
2587 10.50695857767436 0 3.25
2588 10.56698729810778 0 4.25
2589 10.48904895280029 0 2.75007453431816
2590 10.48123057673124 0 3.75
2591 10.48688108983995 0 1.250876523581569
2592 10.5017857785468 0 1.75025043530902
2593 10.36684114158166 0 0.328725833079511
2594 10.36684114158166 0 4.671274166920489
2595 10.71100896759658 0 0.2899060668618011
2596 10.71100896759658 0 4.710093933138198
2597 10.85550448379829 0 4.855046966569099
2598 10.85550448379829 0 4.605046966569099
2599 10.60550448379829 0 4.855046966569099
2600 10.85550448379829 0 0.3949530334309005
2601 10.85550448379829 0 0.1449530334309005
2602 10.60550448379829 0 0.1449530334309005
2603 10.18342057079083 0 4.835637083460245
2604 10.43342057079083 0 4.835637083460245
2605 10.18342057079083 0 4.585637083460245
2606 10.43342057079083 0 0.1643629165397555
2607 10.18342057079083 0 0.1643629165397555
2608 10.18342057079083 0 0.4143629165397555
2609 10.78349364905389 0 0.875
2610 10.78349364905389 0 0.625
2611 10.63899813285218 0 0.5199530334309006
2612 10.74344054491998 0 1.375438261790785
2613 10.74344054491998 0 1.125438261790785
2614 10.52693419397387 0 1.000438261790785
2615 10.7508928892734 0 1.87512521765451
2616 10.7508928892734 0 1.62512521765451
2617 10.49433343419338 0 1.500563479445295
2618 10.76191679072043 0 2.375313044136275
2619 10.76191679072043 0 2.125313044136275
2620 10.51280967999383 0 2.000438261790785
2621 10.74452447640014 0 2.87503726715908
2622 10.74452447640014 0 2.62503726715908
2623 10.50644126712057 0 2.500350311295355
2624 10.75347928883718 0 3.375
2625 10.75347928883718 0 3.125
2626 10.49800376523732 0 3.00003726715908
2627 10.74061528836562 0 3.875
2628 10.74061528836562 0 3.625
2629 10.4940945772028 0 3.5
2630 10.78349364905389 0 4.375
2631 10.78349364905389 0 4.125
2632 10.52410893741951 0 4
2633 10.63899813285218 0 4.480046966569099
2634 10.53892505458912 0 4.690684050029343
2635 10.53892505458912 0 0.309315949970656
2636 10.28349364905389 0 0.625
2637 10.28349364905389 0 0.875
2638 10.46691421984472 0 0.5393629165397555
2639 10.24344054491998 0 1.125438261790785
2640 10.24344054491998 0 1.375438261790785
2641 10.2508928892734 0 1.62512521765451
2642 10.2508928892734 0 1.87512521765451
2643 10.26191679072043 0 2.125313044136275
2644 10.26191679072043 0 2.375313044136275
2645 10.24452447640014 0 2.62503726715908
2646 10.24452447640014 0 2.87503726715908
2647 10.25347928883718 0 3.125
2648 10.25347928883718 0 3.375
2649 10.24061528836562 0 3.625
2650 10.24061528836562 0 3.875
2651 10.28349364905389 0 4.125
2652 10.28349364905389 0 4.375
2653 10.46691421984472 0 4.460637083460245
2654 6.895405447370683 7.242470829514657 4.574944123430386
2655 8.939095132401899 4.48247456366109 4.582158457470882
2656 8.175848131515846 5.75808191417844 4.574944123430384
2657 9.495281805930368 3.136817403988908 4.574944123430384
2658 4.05241314004991 9.142097557035301 4.574944123430384
2659 2.667127574748993 9.637760657954397 0.4250558765696174
2660 5.349976198870985 8.448535652497064 4.574944123430383
2661 7.572088465064857 6.531728429537756 0.4250558765696157
2662 6.13471326381516 7.89716994693481 0.4166755511302059
2663 8.699166542562709 4.931987577514522 0.4224691078053129
2664 9.643137939480011 2.647619814127623 0.4169887311063791
2665 4.487018372447701 8.93681521154582 0.4178254577396028
2666 2.667127574748993 9.637760657954397 4.574944123430383
2667 9.98694062452585 0.5108981916147547 2.710193613374643
2668 0.4309854747765621 9.990708259204231 2.250666629576731
2669 9.846231091116596 1.746921091614866 4.569299964044696
2670 0.4323264087802084 9.990650322990552 3.250139164024512
2671 9.990624999999993 0.4329112026445294 1.75
2672 1.709618887603016 9.852776423889413 4.574944123430381
2673 6.895405447370684 7.242470829514655 0.4250558765696154
2674 1.709618887603016 9.852776423889413 0.4250558765696192
2675 5.357318843586084 8.443881501309541 0.4177463964664515
2676 7.563305315201678 6.541896721062022 4.584419121844166
2677 9.329927988347391 3.598950365349874 0.4250558765696172
2678 8.196358870644644 5.728848162030903 0.4129736600167606
2679 3.598950365349893 9.329927988347384 0.4250558765696187
2680 6.15022772996169 7.885093459789191 4.571198532582131
2681 9.844852928386784 1.75467114253189 0.4135841275837034
2682 0.4291233926281089 9.990788413028239 1.250380668280918
2683 9.990713771809347 0.4308576676572344 3.747361402203861
2684 9.990954285445104 0.4252440077721428 0.7612840300811224
2685 0.4254218287329893 9.990946715283666 4.238523832771376
2686 0.8089475462024487 9.967226488220934 0.4193941556808812
2687 9.966635636542579 0.8161948838356623 4.577207830368748
2688 0.4310577155256212 9.990705142575564 3.748464158701714
2689 0.8623290329571738 9.962750054022191 3.500103376824356
2690 0.8630241453121139 9.96268986391769 3.002134860675044
2691 1.291538628949715 9.916245659014841 3.251473362210123
2692 1.291710657271131 9.916223251716964 2.75533378333979
2693 1.715482107578911 9.851757261452224 3.003843427828726
2694 1.716413010432796 9.851595118437269 2.509118565604346
2695 2.135911662325879 9.769231360283177 2.756649432432534
2696 2.136642227650071 9.769071603331739 2.263291560000122
2697 2.551230188460583 9.669086023274764 2.510409518683748
2698 2.552171579612194 9.668837584126637 2.017905561152565
2699 2.961416263633895 9.551440399933648 2.264724657805363
2700 2.960811512733178 9.55162788146956 2.756918377663076
2701 3.36527272476781 9.416737199685134 2.511318864690431
2702 3.364861194821371 9.416884258584965 3.003207812611513
2703 3.762973805742625 9.264989375994711 2.757691862023071
2704 3.763457297150834 9.26479299134752 2.265979248823141
2705 4.154135675130298 9.096326554857722 2.512378004642484
2706 4.153638288455342 9.096553686351649 3.003856649051075
2707 4.537131533162416 8.911477848863411 2.758595480735928
2708 4.537662001609481 8.911207749746913 2.267291982453715
2709 4.912300631821384 8.710298646005615 2.51345283168507
2710 4.912866015604742 8.709979765344807 2.02228367878786
2711 5.278508953563098 8.493370545734727 2.268427475532072
2712 5.277997215204224 8.493688562473695 2.759513872060766
2713 5.634595774295978 8.261436343656344 2.514474649612166
2714 5.635095842027718 8.261095257359155 2.023442683359948
2715 5.980958045584873 8.014246119065323 2.26950321385984
2716 5.980391501932235 8.014668894197483 2.760507206648557
2717 6.315943849726578 7.752989957887282 2.515575224373408
2718 6.316473457850007 7.752558484544077 2.024556855564739
2719 6.64006052193109 7.477271980147052 2.270562774300412
2720 6.639617005623011 7.477665813517058 2.76151584880301
2721 6.951634983572575 7.188516610203383 2.516622212510782
2722 6.952119221096805 7.188048298088735 2.025662337127964
2723 7.249450776855504 6.888066741397701 2.275819185083352
2724 7.250301965615976 6.887170783956583 2.763054497036472
2725 7.536387609423697 6.572888390998662 2.517706905188358
2726 7.522068068309191 6.589270974525424 2.025617094348331
2727 7.804661408836213 6.251980509680331 2.270822111236402
2728 7.80858290649978 6.247081958188114 2.763382867388907
2729 8.066298749267478 5.910568880198074 2.518001064534837
2730 8.066197943992382 5.910706449176194 2.028340311942431
2731 8.310549515357721 5.561903159242128 2.273718288730734
2732 8.311603021613381 5.560328696318891 2.764641005171158
2733 8.540121659217258 5.202530350297659 2.519533028625237
2734 8.540133741954868 5.20251051604165 3.010351455270718
2735 8.7535863978673 4.834741479652515 2.765615449255058
2736 8.753874080038464 4.834220577386878 2.274905981126028
2737 8.951311974379786 4.458028032361959 2.520814207562634
2738 8.951715890686984 4.45721691332407 2.029969634844168
2739 9.132912036490323 4.073072272097585 2.275912265270782
2740 9.13270872525629 4.073528119410453 2.766881591030762
2741 9.297816328513646 3.681115526742544 2.522023778568319
2742 9.298022180620768 3.680595539947881 2.030422069033587
2743 9.446263105776492 3.281480357467629 2.276750891408776
2744 9.445993950070195 3.2822550624894 2.768912463716806
2745 9.577485698866404 2.876068095162128 2.523345854298033
2746 9.577201961346042 2.877012789611737 3.015934111929018
2747 9.69144126359144 2.464947511481157 2.770181571221325
2748 9.691547814269667 2.464528547963048 2.27686984648316
2749 9.788038571632995 2.0479992481016 2.523967450330685
2750 9.788069083289381 2.047853417790094 2.029928994240856
2751 9.787937257166 2.048483402369105 3.018243042447364
2752 4.536601141147659 8.911747869309238 3.249860794597257
2753 1.717961814180797 9.851325149695175 2.015397881962824
2754 8.312085091843382 5.559608028085701 1.78302860127454
2755 2.962144707968098 9.551214515916634 1.772606475244547
2756 9.446375165863872 3.281157756912995 1.784774518580585
2757 9.445752367475983 3.28295022994895 3.261475540254521
2758 4.538349461344321 8.910857656068563 1.776141582998507
2759 2.138631592827322 9.768636287126309 3.25539537613671
2760 8.751951147189041 4.837701015690866 3.257855030967257
2761 8.311050418771504 5.5611546405974 3.254849601519684
2762 9.866789389987684 1.626796586431889 2.277617711124676
2763 9.862520006672485 1.652482713369481 1.790080588012443
2764 9.787011202789271 2.052903240895021 1.534952659202931
2765 9.576924001965963 2.877937918122671 3.508355735273353
2766 8.068393123040474 5.907709574113574 1.537018619085396
2767 4.913428998612538 8.709662190670393 1.531210020057301
2768 9.298191829382072 3.680166939693425 1.538747882090745
2769 2.553226554720973 9.668559052944119 1.525789102572434
2770 4.153323297247644 9.096697510005482 3.495146652410966
2771 4.53619655383245 8.911953816363649 3.741076049591401
2772 9.446491984058012 3.280821420792013 1.293033513984716
2773 2.960822099633553 9.551624599738076 1.284756687139153
2774 3.365556804247868 9.416635672966269 1.527589297666502
2775 4.91126500293236 8.710882622959158 3.495872584111139
2776 2.960436135765545 9.551744232654766 3.248702552307512
2777 3.364222301246634 9.417112524961928 3.494907423559499
2778 8.754333312754421 4.833388899022943 1.784020993352076
2779 8.951948487083449 4.456749744444298 1.539148108425797
2780 8.312624104669164 5.558802073691163 1.292103566567089
2781 1.290696893065341 9.916355254337729 3.74824972351901
2782 9.865660768088597 1.633627132793012 1.295054366585816
2783 9.444344848773392 3.286997167240561 3.74764463475331
2784 9.297276442152304 3.682478887678757 3.506922367943867
2785 9.296983192310876 3.683219179181316 3.998361050119542
2786 9.132089509072181 4.074916097086393 3.751952626197697
2787 8.711035689302872 4.910993506378484 1.264099682976208
2788 8.900397929813955 4.55882843403472 1.137894494417553
2789 2.960236092565265 9.551806231089172 3.74050314891618
2790 3.375268772524829 9.413158912565894 4.049149039776935
2791 4.542017073278048 8.908988770115872 1.290753017949859
2792 9.577562812159314 2.875811290600094 1.538970747584316
2793 4.157371404951959 9.094848157132024 1.529963791087705
2794 4.156398756379978 9.09529270435883 1.038837050235177
2795 9.926983748946938 1.206231175249332 2.038762183880546
2796 9.927425790380719 1.2025877001216 2.526602080985016
2797 4.917134023246119 8.707571015928348 1.039078661555077
2798 5.278158644448546 8.493588247851028 1.291838439560149
2799 9.781199681109205 2.080416496346146 1.038903563655261
2800 4.910876972486022 8.711101386225884 3.986962542891201
2801 5.2736884611941 8.496364517502071 3.735352835636298
2802 9.564774889841273 2.918061223939939 4.065826236640217
2803 9.687470236382318 2.48050809698471 3.762700766584112
2804 9.683833837454896 2.494666753008017 4.199418846311128
2805 9.786976733619856 2.053067562352396 4.00241033613925
2806 8.068795046169928 5.907160612587374 1.059369156374429
2807 7.784145868240547 6.277505324725231 1.300135574689361
2808 9.580220173563925 2.866946359114311 1.059050147325406
2809 3.367955356006487 9.415778072997856 1.049732296423621
2810 9.298358666904541 3.679745385431061 1.047087306275171
2811 4.51874029664718 8.920817570797922 4.240031549760152
2812 2.558826122152231 9.667078611276075 1.030890732329933
2813 2.122087721622368 9.772243534712977 1.282608246166898
2814 9.969962345249781 0.7745003772119667 2.279216727338621
2815 9.131752118678422 4.075672121627566 4.243082437935555
2816 8.94521551010323 4.470248256843082 4.00818364298569
2817 8.743458043441525 4.853034251123488 4.256122705687043
2818 2.175073801679975 9.760586762958743 0.7682241635102516
2819 1.714100517146286 9.851997737368743 1.025050916556415
2820 1.276499709521268 9.918192803711376 0.7371467250577827
2821 1.294786824256438 9.915822057688002 1.243262318546839
2822 9.311708718410895 3.64583059719874 4.499629908548442
2823 7.810931721909117 6.244144908285993 0.8001983867557078
2824 7.522881318383555 6.588342482712606 1.037966422335741
2825 7.23968605005966 6.898329210509711 0.697294712132006
2826 7.249134737680115 6.888399346361929 1.204618307163055
2827 4.910469901566974 8.71133085962213 4.47791853873626
2828 7.52091510547133 6.590586921989057 1.528527599401709
2829 8.747283136202601 4.846136371905521 3.759304152102532
2830 8.531390179053739 5.21683636054893 4.000967005527603
2831 8.549197256907778 5.187603132707871 4.477077931785588
2832 0.8499182379759868 9.963816487107527 0.9699789044310243
2833 0.8633484033435157 9.962661769549552 2.504212709885123
2834 0.8594806739771337 9.962996184434672 3.998983597749531
2835 1.291943270869685 9.916192948145701 4.24436658369988
2836 1.727764056715191 9.849610721461183 4.006241442657651
2837 2.184059765648475 9.758579965347188 4.292296977131953
2838 2.161127161242806 9.763684212065577 3.79163062381848
2839 2.578942694663597 9.661731448226103 4.06174954033333
2840 0.7752607521066026 9.969903247586863 4.537024490730333
2841 9.132627187699295 4.073710918866932 3.260276402747804
2842 9.990690574701723 0.4313952254791068 1.250362661483339
2843 9.96272225766292 0.8626501125415045 0.9999985950576827
2844 9.970045044232382 0.7734350754764824 0.4622768559879744
2845 9.916562669051443 1.289102335260994 0.7520445323981033
2846 9.962756798954855 0.8622511031473454 1.4972440592099
2847 0.4321431909202729 9.990658249712141 1.751083316651741
2848 0.8634581554642959 9.962652257996471 2.000000587088626
2849 9.990325192198235 0.4397755724563628 3.245627077329654
2850 9.962667635119693 0.8632807145642436 3.500000753166876
2851 9.963715303804269 0.8511036039969573 4.00346507028911
2852 9.920077881302252 1.261766550871371 3.742953533576429
2853 9.916346718838314 1.290762469157132 3.252245422309322
2854 9.844831817552979 1.75478958399476 3.513517410760733
2855 9.917931515212352 1.278528239640256 4.247903564387004
2856 9.960751219946909 0.8851187119963956 3.006455385585766
2857 1.717618105226002 9.851385082545491 3.506375013401022
2858 3.761819044385518 9.265458298287161 3.741232956020051
2859 3.366104868541918 9.416439773819954 2.019150538766107
2860 1.709745689200817 9.852754420884509 1.52409343135592
2861 5.277137787006333 8.494222552826709 3.250125975670572
2862 5.632252645426405 8.263033954794526 3.496738237192616
2863 5.633062878739485 8.262481625042637 3.987753344169834
2864 5.977101727866877 8.017122609436056 3.73859772448647
2865 5.979787561830303 8.01511950724252 3.251819155761664
2866 6.313719816641212 7.754801227430143 3.497738870746153
2867 6.32805891206265 7.743104700665262 4.052715630632415
2868 6.638499597244413 7.47865784064131 3.743636453745522
2869 6.638541786278309 7.47862039094356 3.252860620493897
2870 6.950400474196334 7.189710233958762 3.498648368519336
2871 6.950158437828902 7.189944206256104 3.989533647810329
2872 7.249591406922749 6.887918730115205 3.744551576249918
2873 7.249263274281875 6.888264075959053 4.235422054579782
2874 7.538229755183247 6.570775613127413 4.001915509861436
2875 7.536247539190192 6.573048990236554 3.500785787458049
2876 7.809214807825863 6.246292026893498 3.745883221481064
2877 7.810948733666492 6.244123627862747 4.244481854414338
2878 8.070690657484542 5.904570459499295 3.976040186399052
2879 8.067798346632317 5.908521798053794 3.498306104201428
2880 0.4321867504423885 9.990656365461783 2.751255670100903
2881 3.763970942498453 9.264584326564647 1.288429230454266
2882 2.550904283276287 9.669172008893144 3.00262363257282
2883 9.297738046076217 3.681313247544525 3.014423875487727
2884 7.809248321554617 6.246250127260065 3.254609689572209
2885 3.762417610458614 9.265215255163309 3.249299413151486
2886 4.152768447683545 9.096950819913449 3.986426133350876
2887 8.94921542504466 4.462235233169889 3.507642677466852
2888 4.911727345793394 8.710621934201104 3.004526269124499
2889 5.278848134510961 8.493159740212718 1.777935930359078
2890 5.634988826009905 8.261168254595928 1.532445345234225
2891 5.636086086093046 8.260419700605313 1.04139881893927
2892 5.980345380048248 8.01470330925204 1.290423046559159
2893 5.981459331884038 8.013871989308125 1.778537713449134
2894 6.316107350797621 7.752856759491966 1.533429223980427
2895 6.31097130408163 7.757038171819074 1.054719854296097
2896 6.623241594233912 7.492173969176759 1.275843348135406
2897 6.641249265550985 7.476216168144051 0.7975246256471369
2898 6.638400761557273 7.478745571882749 1.778048358884723
2899 6.952442810632085 7.187735315444652 1.534334519382591
2900 9.691375864357484 2.465204627561215 1.293290593413269
2901 8.06737779676247 5.909095995522826 3.009049266682484
2902 8.540219359506251 5.2023699687272 2.02903817321408
2903 8.525702040783862 5.226127123575726 1.551665233522732
2904 8.950412923932731 4.459832787347294 3.0126567322277
2905 7.805144176403372 6.251377798978121 1.781750800044629
2906 5.633559162801217 8.262143254581009 3.005494695241017
2907 4.154959310027532 9.095950369918226 2.021171601249695
2908 6.315228170099618 7.753572928629757 3.006902567338969
2909 9.446571523640491 3.280592392959625 0.8014614289394417
2910 9.152741405387289 4.028315375701003 0.67735753869285
2911 5.755273586810316 8.177825257424098 4.580545374697206
2912 8.452241756183641 5.344119131814492 0.4225755225742991
2913 8.564896914249903 5.161641294033564 0.8344727851715265
2914 4.925960446248302 8.702580863284018 0.4499936256055648
2915 3.136817403988937 9.495281805930359 0.4250558765696111
2916 5.752193040924343 8.179992372853508 0.412970225303915
2917 3.140000747237564 9.494229579452329 4.573367480327089
2918 8.902215279769479 4.5552785987949 0.4123682818268628
2919 6.528016928654267 7.575288441980497 4.571808318626193
2920 9.759381467711028 2.180475491194188 0.4480107747413385
2921 4.045577032205587 9.14512473815916 0.4173276175925923
2922 9.133146669924502 4.072546120751366 1.784978684444145
2923 6.950966180362546 7.18916331428464 3.007957452778154
2924 7.249852576208641 6.887643836845872 3.253854958339808
2925 1.294414922069427 9.915870612786556 2.260772427787452
2926 3.598950365349893 9.329927988347384 4.574944123430383
2927 7.536344925181018 6.572937331870609 3.008917209897535
2928 2.138548196262147 9.768654544627111 1.770704497797892
2929 3.764678848182976 9.264296690523448 1.774866292949496
2930 2.551135887018615 9.669110904626431 3.494290991372406
2931 9.577559137220616 2.875823529537564 2.031043810339253
2932 9.684490647021386 2.492115749269145 3.256939983049515
2933 9.090908563677173 4.165979055019485 1.228539153927829
2934 9.866608853868275 1.627891189474338 2.771532435491133
2935 9.691276180768954 2.46559647713496 1.784916547530631
2936 8.536844185300167 5.207906619353571 3.500198716197254
2937 0.8602688645724486 9.962928157958745 1.50713548450725
2938 8.308216119394858 5.565388118849165 3.740313485500261
2939 8.314696123025461 5.555702330196009 0.8238382039044621
2940 0.4120851024336403 9.991505685748884 0.7722044189198336
2941 9.991470724433164 0.4129319106039552 4.224737554857143
2942 1.287903333489584 9.91671845942933 1.782093018200433
2943 9.74284466818988 2.253214985642524 4.581423690577079
2944 9.67573557749237 2.525894105945141 0.8272119650749312
2945 6.973661234981281 7.167150687666568 0.8847200476988932
2946 5.961533590019807 8.028705826910434 0.7991942997464322
2947 3.801201622680112 9.249371125851427 0.8178786702731783
2948 3.005634726576977 9.537618145553665 0.8281194904481182
2949 5.907956407092763 8.068212385150231 4.194972280910982
2950 8.294629266346638 5.585617721780272 4.209548871474162
2951 9.495281805930368 3.136817403988907 0.3775142756150761
2952 7.248372556042037 6.889201353481884 1.796036038612257
2953 6.531728429537784 7.572088465064831 0.3742665620724804
2954 7.883464276266072 6.152315905806256 0.3710031863437977
2955 3.770353539643406 9.261988673395063 4.166642106027772
2956 9.631453167468379 2.689815957061618 4.586234046864828
2957 5.285310479149854 8.489139717249843 0.8474448918957775
2958 2.965510785881104 9.550169934552098 4.177093533184468
2959 6.643444479731388 7.474265545505228 4.157313381042476
2960 4.543847823111244 8.908055172730309 0.850894930560433
2961 9.433823381832999 3.317073469246799 4.185607314970095
2962 2.191012401568704 9.757021300385285 0.356931720562104
2963 8.788107548597106 4.7717046968867 0.8122648983892282
2964 5.266934171884698 8.500553183707121 4.166203061636625
2965 7.883464276266072 6.152315905806256 4.653061973951157
2966 4.496113296546076 8.932243011955148 4.653991942324051
2967 9.865572063466965 1.63416273991918 3.995869310686013
2968 9.770305296497416 2.130993761894804 3.510145143208395
2969 7.242470829514681 6.895405447370657 4.657054544506554
2970 9.923415763455866 1.235240699457251 1.54358039863087
2971 9.99176466353822 0.40575720384113 2.243598245108987
2972 9.9247953459871 1.224106751992159 4.658864010472644
2973 9.14209755703531 4.05241314004989 4.660919037294892
2974 1.224106751992165 9.9247953459871 0.3313627002386534
2975 1.243170854791058 9.922425420520835 4.654445158539909
2976 9.922716542615142 1.240845040652459 0.342863620095224
2977 9.856127003664941 1.690195399244341 0.8395369197959388
2978 8.736317398544781 4.86587693143628 4.649565832918162
2979 2.191012401568702 9.757021300385285 4.684255206094544
2980 7.242470829514681 6.895405447370657 0.3080994204330774
2981 9.922521685840401 1.242402267394494 1.143654707362265
2982 9.966714201745919 0.8152349481690658 1.890528927457551
2983 0.3762430045319443 9.992919553440865 4.623427803517292
2984 9.992924982442503 0.3760987839338444 0.3764877366373374
2985 9.133754545682743 4.071182616785919 0.3178535244357733
2986 0.3576496501549314 9.993602289852445 0.3602511714429938
2987 9.993602289852447 0.3576496501549254 4.639748828557004
2988 9.564000289479004 2.920598990420546 0.690402420521788
2989 6.366027115056509 7.711919266328279 0.6761702481502812
2990 8.024336010850346 5.967414145588551 0.6864146007756126
2991 9.855757281230131 1.692349967790122 3.135480788490801
2992 4.272888164531833 9.041151847712976 0.6974969361513488
2993 8.506768927004964 5.256889044153661 1.188021307257396
2994 9.917447651626187 1.282276131437457 2.885021153364205
2995 5.55569855450798 8.314698645858305 0.6919920816563689
2996 9.962178126118822 0.8689113783808309 2.650311832870544
2997 8.020484721655972 5.972589457654285 4.337843294372688
2998 3.368898533922213 9.415440651830204 0.6811742883237509
2999 5.555702330196043 8.314696123025438 4.325243789252717
3000 8.357909239907327 5.490478406976182 4.630254643854747
3001 8.997517454265303 4.364021042592626 0.7428724069021931
3002 9.990999830264515 0.4241725965387623 4.819874414278502
3003 9.998400444534226 0.1788534336762036 4.819874414278502
3004 9.998400444534226 0.1788534336762036 4.569874414278502
3005 0.1881548107162702 9.998229731667719 4.811713901758646
3006 0.4334669826744981 9.990600901594011 4.811713901758646
3007 0.1881548107162702 9.998229731667719 4.561713901758646
3008 0.1788534336762069 9.998400444534226 0.1801255857214969
3009 0.1788534336762069 9.998400444534226 0.4301255857214969
3010 0.4241725965387677 9.990999830264514 0.1801255857214969
3011 9.998231089158347 0.1880826621129361 0.1882438683186687
3012 9.990604029291152 0.43339488911546 0.1882438683186687
3013 9.998231089158347 0.1880826621129361 0.4382438683186687
3014 9.959578925167673 0.898213578919808 4.788603915184374
3015 9.978622550904388 0.6535227513885014 4.788603915184374
3016 9.982752148200786 0.5870771223549583 4.608478329462876
3017 9.909026354277801 1.345807085071259 4.829432005236322
3018 9.939069700023561 1.102222072938828 4.829432005236322
3019 9.947806524869247 1.020365299179104 4.618035920420696
3020 9.827571196210151 1.849011731552983 4.784649982022348
3021 9.869988334949719 1.607274173237557 4.784649982022348
3022 9.888968869532967 1.486033208716377 4.61408198725867
3023 9.721979541377326 2.341604961781703 4.79071184528854
3024 9.776517325381048 2.102310392526321 4.79071184528854
3025 9.797808716888923 2.000735951407739 4.575361827310887
3026 9.601019130982062 2.796503467996503 4.793117023432414
3027 9.666757114195644 2.560040408889658 4.793117023432414
3028 9.689608312943259 2.472142945248291 4.583828868720953
3029 9.456073253805215 3.253102921622623 4.787472061715192
3030 9.53306040354194 3.020059493192274 4.787472061715192
3031 9.565978792525492 2.914112170276312 4.580589085147606
3032 9.275693540347552 3.736510316532621 4.749814954274221
3033 9.364598428429705 3.507748034601672 4.749814954274221
3034 9.406938755694167 3.392565879481054 4.537287015989413
3035 9.091679830905228 4.164295600976362 4.830459518647446
3036 9.191138516900581 3.939920400610473 4.830459518647446
3037 9.229142368278985 3.850055992584749 4.580274472921667
3038 8.879908276295073 4.59861163880864 4.791079228735441
3039 8.990089393058957 4.379302764688556 4.791079228735441
3040 9.043153237403368 4.268650785065579 4.621538747382887
3041 8.657894864058218 5.004083984398576 4.824782916459081
3042 8.778093636603906 4.790101471473649 4.824782916459081
3043 8.839785143242489 4.675275245513292 4.615862145194522
3044 8.336366470895088 5.523132631300481 4.815127321927374
3045 8.469400173239563 5.316884492400568 4.815127321927374
3046 8.56327334419356 5.164334384276841 4.738538965892793
3047 8.644254228278601 5.02761064889551 4.563321882351875
3048 8.454909572644917 5.339897388377172 4.553666287820167
3049 8.104571982525957 5.857978574564377 4.787472061715192
3050 8.245893027850261 5.657318107836119 4.787472061715192
3051 8.267961424289501 5.625016789882563 4.602599383642566
3052 7.807372285720954 6.248594881423852 4.826530986975579
3053 7.958369046088844 6.055110414043243 4.826530986975579
3054 8.032075314806459 5.956993044924321 4.614003048690771
3055 7.48691200028032 6.629189143481918 4.792209560922084
3056 7.64734552805447 6.443454537322762 4.792209560922084
3057 7.725840796047834 6.349124663614897 4.618740547897662
3058 7.157308252838199 6.983762494089715 4.828527272253277
3059 7.326542716724139 6.806009977954519 4.828527272253277
3060 7.404997901198696 6.720565904984706 4.620736833175361
3061 6.806009977954545 7.326542716724115 4.787472061715193
3062 6.983762494089741 7.157308252838175 4.787472061715193
3063 7.071067811865488 7.071067811865462 4.61599933396847
3064 6.436440377085781 7.653249981035498 4.785904159313096
3065 6.622321998308774 7.492986811059772 4.785904159313096
3066 6.713773824168021 7.411156524990975 4.57337622102829
3067 6.054056461529252 7.959170833737388 4.785599266291065
3068 6.247560923194565 7.808199697175545 4.785599266291065
3069 6.341014642247397 7.732498516443707 4.571503425604162
3070 5.655902002089237 8.246864406716226 4.790272687348603
3071 5.8565867341528 8.105577821805515 4.790272687348603
3072 5.954549804750283 8.033886769350708 4.575871953639668
3073 5.245896826784701 8.513551931052643 4.787472061715191
3074 5.453249884220478 8.382247055548373 4.787472061715191
3075 5.554274410766342 8.315650050952494 4.577744749063794
3076 4.812520941256343 8.765822390966472 4.73895926936813
3077 5.026195550412682 8.645077112959246 4.73895926936813
3078 5.131905481906317 8.582747003423782 4.526431331083321
3079 4.386162385385287 8.986744656939534 4.826995971162026
3080 4.605387109582412 8.876396204028534 4.826995971162026
3081 4.704588442203823 8.824219375643503 4.565955240530156
3082 3.939920400610491 9.191138516900573 4.787472061715192
3083 4.164295600976383 9.091679830905218 4.787472061715192
3084 4.27555093430283 9.039892931234428 4.614468032877218
3085 3.484186802494358 9.373390119125744 4.787472061715191
3086 3.713171939518387 9.285060804732151 4.787472061715191
3087 3.82683432365091 9.238795325112862 4.574944123430383
3088 3.021657543642938 9.532553996120123 4.786683740163545
3089 3.254688062910103 9.455527780782546 4.786683740163545
3090 3.370476862058371 9.414875767758657 4.574155801878736
3091 2.548656596045153 9.66976471044852 4.787472061715191
3092 2.785196893850542 9.604305194155655 4.787472061715191
3093 2.904450917063084 9.568916598569109 4.574155801878736
3094 2.07111376192219 9.783173707196276 4.842127603047272
3095 2.310581082806715 9.729399522055601 4.842127603047272
3096 2.429801799032647 9.700312531945437 4.629599664762464
3097 1.588581433338618 9.873014181578583 4.78747206171519
3098 1.830398879551413 9.831054874312162 4.78747206171519
3099 1.950903220161285 9.807852804032304 4.629599664762463
3100 1.111768460789813 9.938006384058779 4.827222579269955
3101 1.355324502648622 9.907729078478088 4.827222579269955
3102 1.476805525917294 9.890351128176398 4.614694640985145
3103 0.6330330939541948 9.979943341620672 4.768512245365167
3104 0.8777625064140429 9.961402159451939 4.768512245365167
3105 1.009494959842098 9.948915515072654 4.595734824635121
3106 0.5758668795580832 9.983405097311639 4.580226147123813
3107 0.2060863199137336 9.997876195910031 0.6361022094599168
3108 0.2060863199137336 9.997876195910031 0.8861022094599168
3109 0.384868803974599 9.992591055563475 0.5662277951814136
3110 0.2146111247321529 9.997696838029306 1.125190334140459
3111 0.2146111247321529 9.997696838029306 1.375190334140459
3112 0.4206044004299672 9.991150681394959 1.011292543600376
3113 0.2161220753169356 9.997664289650894 1.625541658325871
3114 0.2161220753169356 9.997664289650894 1.875541658325871
3115 0.4306332966920912 9.990723445465804 1.50073199246633
3116 0.215542812403589 9.99767679493697 2.125333314788366
3117 0.215542812403589 9.99767679493697 2.375333314788366
3118 0.4315643335728023 9.990683271227642 2.000874973114236
3119 0.2161438703527905 9.997663818478241 2.625627835050452
3120 0.2161438703527905 9.997663818478241 2.875627835050452
3121 0.4315861133894356 9.99068233038812 2.500961149838817
3122 0.2162137485157774 9.997662307507328 3.125069582012256
3123 0.2162137485157774 9.997662307507328 3.375069582012256
3124 0.4322565796218557 9.9906533444702 3.000697417062707
3125 0.2155789579763702 9.997676015598717 3.624232079350857
3126 0.2155789579763702 9.997676015598717 3.874232079350857
3127 0.4316920630230914 9.990677752921615 3.499301661363113
3128 0.2127590740289803 9.997736422631791 4.119261916385688
3129 0.2127590740289803 9.997736422631791 4.369261916385688
3130 0.4282397891633887 9.990826326334439 3.993493995736545
3131 0.4008336303830082 9.991963390683233 4.430975818144335
3132 9.980001259504759 0.6321193402225617 0.2311384279939872
3133 9.961482484531384 0.876850449263977 0.2311384279939872
3134 9.983461929792899 0.5748807670950777 0.4193822963126559
3135 9.938136613025417 1.11060373709243 0.171431810047612
3136 9.907887851972621 1.35416332572307 0.171431810047612
3137 9.94912603732989 1.007418033055017 0.4025702380415992
3138 9.869354976785807 1.611158695533501 0.2067920637918517
3139 9.826842697852511 1.852879540516 0.2067920637918517
3140 9.887123191983854 1.498263990935846 0.3782238738394637
3141 9.784290475973641 2.065831523084949 0.2240053873706693
3142 9.730645587113507 2.305327841758827 0.2240053873706693
3143 9.804429045085749 1.968037372581866 0.430797451162521
3144 9.672338404287114 2.538871755909034 0.2084943655531896
3145 9.607118244843626 2.775478162333969 0.2084943655531896
3146 9.70407109368117 2.414747234967156 0.4324997529238588
3147 9.53306040354194 3.020059493192274 0.1887571378075381
3148 9.456073253805215 3.253102921622623 0.1887571378075381
3149 9.572335459978408 2.893163293289887 0.3972515033607276
3150 9.373390119125752 3.484186802494338 0.2125279382848086
3151 9.285060804732158 3.713171939518368 0.2125279382848086
3152 9.41544065183021 3.368898533922193 0.4012850760923466
3153 9.18708733553826 3.949357705905166 0.1589267622178867
3154 9.087398266617114 4.173630642963542 0.1589267622178867
3155 9.234860259050294 3.836320632561041 0.3714547005026952
3156 8.972144317576156 4.415951352153453 0.2061841409134314
3157 8.861069204173482 4.634808794205897 0.2061841409134314
3158 9.021232682738265 4.314783990409595 0.3651109031313181
3159 8.759867894519621 4.823350958676384 0.2112345539026564
3160 8.638858627962986 5.036876175375914 0.2112345539026564
3161 8.802706284293683 4.744719388167915 0.4174186948160878
3162 8.515369417105854 5.242946088814792 0.2112877612871495
3163 8.384136408943595 5.450344638298242 0.2112877612871495
3164 8.57817957156929 5.139536480842537 0.422522315189806
3165 8.255981414754402 5.64258547823867 0.2064868300083803
3166 8.11501888782627 5.84349796356796 0.2064868300083803
3167 8.326522672435331 5.537961735640686 0.4177745912955299
3168 7.958369046088844 6.055110414043243 0.1855015931718988
3169 7.807372285720954 6.248594881423852 0.1855015931718988
3170 8.042699132846259 5.942641723889642 0.3919884231802792
3171 7.651672656224599 6.438315428897903 0.2125279382848079
3172 7.491363945234603 6.624157775901706 0.2125279382848079
3173 7.730104533627379 6.343932841636443 0.3980295314567067
3174 7.326542716724139 6.806009977954519 0.1540497102165387
3175 7.157308252838199 6.983762494089715 0.1540497102165387
3176 7.409511253549602 6.715589548470171 0.3665776485013466
3177 6.983762494089741 7.157308252838175 0.2125279382848077
3178 6.806009977954545 7.326542716724115 0.2125279382848077
3179 7.071067811865489 7.071067811865461 0.3665776485013463
3180 6.624157775901734 7.491363945234578 0.1871332810362402
3181 6.438315428897932 7.651672656224575 0.1871332810362402
3182 6.7155895484702 7.409511253549576 0.3996612193210479
3183 6.23988219995832 7.814337472277693 0.208337775565103
3184 6.046229422439479 7.965118314954722 0.208337775565103
3185 6.335306289773301 7.737176113722554 0.3954710566013432
3186 5.855060167263311 8.106680605385076 0.2064851126519575
3187 5.654348831309314 8.2479293943311 0.2064851126519575
3188 5.945135196575816 8.040856141881624 0.4148228882170605
3189 5.456892888846622 8.379875894048501 0.2088731982332258
3190 5.249596925422195 8.511270887511326 0.2088731982332258
3191 5.556322789943806 8.314281511589025 0.4153583108851833
3192 5.033883786860779 8.640602642199223 0.2249968128027824
3193 4.820316671160803 8.761537946600997 0.2249968128027824
3194 5.14326643079626 8.57594370444701 0.4338700110360081
3195 4.600868639852724 8.878739086087604 0.2089127288698014
3196 4.381587779330191 8.98897594456812 0.2089127288698014
3197 4.70794636681232 8.822428294252024 0.4339095416725838
3198 4.160896669234806 9.093235887622772 0.2086638087962962
3199 3.936484305020107 9.192610691002333 0.2086638087962962
3200 4.267568898049225 9.043663842735581 0.4175765376660976
3201 3.713171939518387 9.285060804732151 0.2125279382848094
3202 3.484186802494358 9.373390119125744 0.2125279382848094
3203 3.82338042095135 9.240225222184028 0.4211917470811055
3204 3.253102921622646 9.456073253805208 0.2125279382848055
3205 3.020059493192297 9.533060403541933 0.2125279382848055
3206 3.368898533922217 9.415440651830201 0.4250558765696149
3207 2.785196893850542 9.604305194155655 0.2125279382848087
3208 2.548656596045153 9.66976471044852 0.2125279382848087
3209 2.902846772544638 9.569403357322084 0.4250558765696142
3210 2.310581082806717 9.7293995220556 0.178465860281052
3211 2.071113761922192 9.783173707196276 0.178465860281052
3212 2.429801799032647 9.700312531945437 0.3909937985658607
3213 1.830398879551413 9.831054874312162 0.2125279382848096
3214 1.588581433338618 9.873014181578583 0.2125279382848096
3215 1.950903220161287 9.807852804032303 0.3909937985658616
3216 1.345807085071264 9.909026354277801 0.1656813501193267
3217 1.102222072938832 9.939069700023561 0.1656813501193267
3218 1.46730474455362 9.891765099647809 0.3782092884041363
3219 0.8945925239888469 9.959904829666961 0.2096970778404406
3220 0.6498947889547922 9.97885949211078 0.2096970778404406
3221 1.016748516256462 9.948176840742743 0.3753784279597673
3222 0.5834476629185784 9.982964931553894 0.3898226635619375
3223 9.99773831560046 0.212670103151526 0.8806420150405612
3224 9.99773831560046 0.212670103151526 0.6306420150405612
3225 9.991969848915355 0.4006726074570736 0.56888588335923
3226 9.997672372783008 0.2157478307918492 1.37518133074167
3227 9.997672372783008 0.2157478307918492 1.12518133074167
3228 9.990822903476362 0.4283196369210279 1.005823345782231
3229 9.997655975277404 0.2165063509461864 1.875
3230 9.997655975277404 0.2165063509461864 1.625
3231 9.990657816105056 0.4321532153056019 1.50018133074167
3232 9.997940953901013 0.2029203841631066 2.371799122554494
3233 9.997940953901013 0.2029203841631066 2.121799122554494
3234 9.991204056633137 0.4193345904138412 1.996799122554494
3235 9.996734622997113 0.2555325368142976 2.855096806687321
3236 9.996734622997113 0.2555325368142976 2.605096806687321
3237 9.989490973200652 0.4583340444945088 2.476895929241815
3238 9.997581005472831 0.2199409898332521 3.372813538664827
3239 9.997581005472831 0.2199409898332521 3.122813538664827
3240 9.988696210454703 0.4753398944417236 2.977910345352148
3241 9.997678173408401 0.2154788642843195 3.873680701101931
3242 9.997678173408401 0.2154788642843195 3.623680701101931
3243 9.990520477059931 0.4353166634143514 3.496494239766758
3244 9.997867453720609 0.2065099945140234 4.362368777428571
3245 9.997867453720609 0.2065099945140234 4.112368777428571
3246 9.991096268361151 0.4218949588936419 3.986049478530502
3247 9.992574737206713 0.3852922544487266 4.432243191707073
3248 6.922831760654269 7.216259447503015 4.282238885620357
3249 7.10131304512375 7.040692653081461 4.112477851195056
3250 7.074551499380731 7.067582407203319 4.405183089005084
3251 6.770417013355841 7.359446546124361 4.366128752236431
3252 6.798287999641087 7.333708493929656 4.073423514426402
3253 7.245867931696068 6.891835598475819 4.446238299543168
3254 6.585924408505706 7.52499831796983 4.364560849834334
3255 9.037712772028131 4.280157456253168 4.412620447703219
3256 8.942157410829344 4.476362456275166 4.295171050228286
3257 9.040636716770857 4.27397797787666 4.125633040460622
3258 9.136932238869989 4.064045922759519 4.452000737615224
3259 8.843217758521252 4.668779248944456 4.419140581578962
3260 8.84640742337378 4.662732642954912 4.132153174336366
3261 8.739890079925278 4.859456902867204 4.452844269302602
3262 8.235690159469916 5.672160752060046 4.392246497452273
3263 8.098876640882684 5.865850079550686 4.456393708901537
3264 8.159851278759371 5.780728942661908 4.273696082923426
3265 8.326405139546905 5.538138446457156 4.419901757664455
3266 7.952482243373307 6.062839777598636 4.495452634161923
3267 9.5306560046035 3.027638703992807 4.3203851800353
3268 9.598792470020573 2.804136786513154 4.326030141752522
3269 9.464981714964804 3.227091745733598 4.38027571920024
3270 9.501393938001538 3.118254838031624 4.125716775805156
3271 9.374207366098393 3.481987400520948 4.342618611759269
3272 4.287004667238933 9.034466834466304 4.407487836595267
3273 4.102652895248174 9.119662231744757 4.28068512839063
3274 4.336648672202081 9.010742383060784 4.113228841555514
3275 4.507430416751184 8.926537460748499 4.447011746042102
3276 3.911842673367054 9.203123757661011 4.370793114729078
3277 3.962420331033345 9.181460946941591 4.076534119689324
3278 3.684808536229043 9.296353373841464 4.370793114729077
3279 2.613017967051822 9.652571528036679 0.7279733044497754
3280 2.367411680680489 9.715727555575937 0.8995574479200924
3281 2.421879457258409 9.702293537845044 0.5966400200399344
3282 2.836823075648843 9.589183220559832 0.6265876835088677
3283 2.782983316030894 9.604946843303907 0.9295051113890257
3284 2.183043829537203 9.758807285643034 0.5625779420361778
3285 3.071299014340124 9.516676014476555 0.6265876835088646
3286 5.089793239979765 8.60778744941209 4.322060800186442
3287 5.308518899943109 8.474646133553117 4.370573592533503
3288 5.453249884220481 8.382247055548369 4.45009395634155
3289 5.65590200208924 8.246864406716224 4.452894581974961
3290 5.412116122718905 8.408864315364239 4.245723425444671
3291 7.692854060011543 6.389052857142749 0.6126271316626617
3292 7.668837824678697 6.417859956307657 0.9190824045457244
3293 7.547537974635131 6.56008159411456 0.7315111494526784
3294 7.847332322407943 6.198336504393058 0.5856007865497528
3295 7.382910792486166 6.744822327548095 0.8676305672338736
3296 7.408155310526051 6.717085297591855 0.5611752943508108
3297 7.24107858735481 6.896867469493064 0.5026970662825416
3298 6.048481000148577 7.963408666572479 0.6079349254383191
3299 5.857351773700158 8.105024996823367 0.6060822625251736
3300 6.251056467402486 7.805401529796244 0.5464228996402436
3301 6.165815166348793 7.872910728213753 0.7376822739483566
3302 6.449256754485257 7.642452964508601 0.5252184051113808
3303 8.632795431816447 5.047260943562268 0.6284709464884197
3304 8.509058506821511 5.253182209621945 0.6285241538729127
3305 8.744004313544963 4.852049934275934 0.6173670030972706
3306 8.678692505749105 4.967926769856248 0.8233688417803773
3307 8.845823336860214 4.663840637613943 0.6123165901080455
3308 9.719093175036601 2.353556426975349 0.6376113699081349
3309 9.659628501045075 2.586808307895593 0.6221003480906552
3310 9.621892071945277 2.723819552730435 0.7588071927983596
3311 9.604538986555113 2.784390571694797 0.5536955758140836
3312 9.53025425152391 3.028903085493231 0.533958348068432
3313 4.736018590289551 8.807390527984539 0.6504442780829989
3314 4.515455995298869 8.922480437329044 0.6343601941500179
3315 4.380263938116728 8.989621117290435 0.5576611969454758
3316 4.159557476201027 9.093848558348668 0.5574122768719706
3317 4.408870269147526 8.97562604779338 0.7741959333558909
3318 2.426345807828695 9.701177558463309 4.433620550281168
3319 2.381993496643485 9.712162837491356 4.177023258732641
3320 2.62306251690657 9.649846788027247 4.318346831881856
3321 2.187536222431236 9.75780125210343 4.488276091613248
3322 2.772787873659717 9.607895056029996 4.1194215367589
3323 2.816659681096911 9.595125233204778 4.376018828307426
3324 3.05288389905241 9.522599429720151 4.375230506755779
3325 9.979321899023137 0.642755346673398 2.494705170356632
3326 9.982566262005026 0.5902294678165555 2.261407486223804
3327 9.976165500446818 0.6900158749584608 2.680252723122593
3328 9.96618203234709 0.8217150954692385 2.464764280104582
3329 9.978023107249122 0.6626121574515345 3.12604123145771
3330 9.97560087062328 0.6981312699056431 2.858324499480204
3331 9.961467969205016 0.8770153353861558 2.828383609228155
3332 0.6473188537404337 9.979026921578685 2.377439669730927
3333 0.6473738199593225 9.97902335588164 2.125333608332678
3334 0.8634032794170048 9.962657013924145 2.252106648486874
3335 0.6479187896826557 9.978987986864006 2.627734189993013
3336 0.6479520013715301 9.978985830429796 1.875541951870183
3337 9.817797298157537 1.900225305665244 4.285855150091972
3338 9.765423480034483 2.153254340664656 4.291917013358164
3339 9.828506441369111 1.844033929179687 3.999139823412631
3340 9.856062830194007 1.690569574808473 4.282584637365354
3341 9.884856035790207 1.513149414863547 4.40860176421585
3342 9.893349909729844 1.456580778277846 4.121886437536508
3343 9.921400745188203 1.251322202064269 4.453383787429824
3344 0.6474780185127373 9.97901659561416 3.375121270424434
3345 0.646844410992111 9.979057686373412 3.624283767763035
3346 0.6478261428151162 9.978994001836321 3.126137012349778
3347 0.8626765896595857 9.962719965032306 3.2511191187497
3348 0.6477563951227722 9.978998529540805 2.876695265387973
3349 9.979000174930182 0.6477310466107091 1.62362202960495
3350 9.979049289393803 0.6469739406259294 1.37380336034662
3351 9.98050048168848 0.6241875799917724 1.820264463728775
3352 9.964763229583054 0.8387453596589932 1.693886493333725
3353 9.981339472223825 0.6106245493153908 2.067063586283269
3354 1.501116005404317 9.886690585748044 4.40965535356513
3355 1.510220640931323 9.885303921261348 4.125304013178765
3356 1.718692201032632 9.85119775043165 4.290592783044016
3357 1.267560893392951 9.91933916052581 4.449405871119895
3358 1.956441426146625 9.806749560688157 4.149269209894802
3359 1.947408947010632 9.808547211136975 4.433620550281167
3360 7.069640109203915 7.072495226321136 0.5611752943508107
3361 7.10794460501349 7.033997689227629 0.7910073799154496
3362 6.934635602598259 7.204917005710522 0.6548879621342543
3363 6.769336335642427 7.360440582937353 0.6112902511083761
3364 6.809209010757536 7.323569665662939 0.8411223366730151
3365 6.586663283723842 7.524351585807527 0.5858955938598087
3366 1.942893217842352 9.809442692837457 0.5966400200399353
3367 1.945124215086295 9.809000549897268 0.8966375400333335
3368 1.711859746650526 9.852387335453148 0.7250533965630173
3369 1.495666365082144 9.887516479094332 0.8810988208070991
3370 1.493417521897386 9.887856395867097 0.5811013008137009
3371 1.250307589048314 9.921528659071051 0.534254712648218
3372 5.321362776753455 8.466587163561405 0.6325956441811145
3373 5.10675070457483 8.597737914203043 0.6487192587506712
3374 5.65434695862475 8.247930678145339 0.5524811534801419
3375 5.456890986203734 8.379877133030558 0.5548692390614103
3376 5.421206197776446 8.40300680478067 0.7697184867760732
3377 7.408308824601827 6.716915985727877 4.409920588211975
3378 7.395450443017497 6.731070698252419 4.11866878222061
3379 7.550781341564473 6.556348155176158 4.293167315852801
3380 7.676326950469946 6.408900416568257 4.123198682137887
3381 7.688568728543903 6.39420916974545 4.414450488129252
3382 7.847340765892765 6.198325814601678 4.448771914182748
3383 9.314230933704446 3.639382106020636 0.7360715914223939
3384 9.389599109150849 3.44026577017439 0.6132586527545294
3385 9.374589737153908 3.480957807852403 0.9242743676073062
3386 9.227196146661298 3.854718053378081 0.8622224224840103
3387 9.243827971005986 3.814661773007846 0.5512067076312336
3388 9.471199485894438 3.20879732896812 0.5894878522772589
3389 9.143273097868986 4.04976012348698 0.4976055315643116
3390 8.384136408943595 5.450344638298242 0.6232068632393806
3391 8.255981414754402 5.64258547823867 0.6184059319606113
3392 8.172109239522561 5.763387075089611 0.7551264023400373
3393 8.111224571035324 5.848763626462676 0.5496941303961865
3394 7.954437419386 6.060274361864469 0.5287088935597051
3395 3.484186802494358 9.373390119125744 0.5531150824466848
3396 3.253102921622646 9.456073253805208 0.5531150824466811
3397 3.923735546902871 9.198059543075965 0.6176031439328853
3398 3.700295219777728 9.29019995944598 0.6214672734213985
3399 3.586011549868722 9.334908738933024 0.7495264792984646
3400 6.239547225725611 7.814604943177859 4.311957081607273
3401 6.428585542694134 7.659849079470428 4.312261974629304
3402 6.029787252132886 7.977572669303347 4.383085406746556
3403 6.120166784841675 7.90844855364949 4.123843955771698
3404 5.831872531023988 8.123377547663772 4.387758827804094
3405 9.883449558845566 1.522309041474626 0.5828143299909033
3406 9.919668951191728 1.264977430139685 0.5474540762466636
3407 9.888378690911882 1.489955323195912 0.7957907260970211
3408 9.85054271860918 1.722442495079496 0.6265605236898211
3409 9.810817335461721 1.935939877734792 0.6437738472686387
3410 0.6396629928341685 9.979520592473289 1.110179786355971
3411 0.8550936666312785 9.963373666649618 1.238557194469137
3412 0.6448466070976271 9.979186983583116 1.378758076394084
3413 0.6311535318221811 9.980062385539902 0.871091661675429
3414 0.6463547553726914 9.979089413879761 1.629109400579496
3415 9.979033260565348 0.6472211249105748 3.623681077685369
3416 9.978743400002735 0.651674885891631 3.372813915248265
3417 9.979426917171949 0.6411227689171267 3.875413236246485
3418 9.963193329834839 0.8571923193394562 3.751732911727993
3419 9.979998044269013 0.6321701008325766 4.114101312573126
3420 9.979036331685403 0.6471737717975869 1.125180628270511
3421 9.979235087012793 0.6441017606968555 0.8806413125694026
3422 9.966483477565507 0.8180507877960562 0.7311377255228285
3423 9.982017973073056 0.5994307176367124 0.6117804430345484
3424 0.6454179113453582 9.979150049964908 3.873723878225622
3425 0.642603235606055 9.979331695138139 4.118753715260453
3426 0.8173780088911855 9.966538676520605 4.268004044239932
3427 0.6004334866295215 9.98195770518659 4.387774161750855
3428 1.043011811848524 9.945457574206651 0.578270440369332
3429 1.063453667059016 9.943292528032087 0.8535628147444034
3430 0.8294346445057514 9.965542542706524 0.6946865300559528
3431 0.6106370051978217 9.981338710207316 0.5957992873003575
3432 9.965190756128653 0.8336505226820532 4.290336450328929
3433 9.944970625202227 1.047644626705456 4.412555697377876
3434 9.943120386167369 1.065061963541496 4.125684317338057
3435 9.981090002369481 0.6146888355908099 4.400972692612945
3436 0.8609048622631577 9.962873221020715 3.749543487286943
3437 1.077531648305967 9.941776780178632 3.126804111442583
3438 1.077184822089883 9.941814364544291 3.375788369517239
3439 1.291117762170389 9.916300465607531 3.499861542864567
3440 1.076762870315797 9.941860073502809 3.624176550171683
3441 1.075341683625836 9.942013893746918 3.873616660634271
3442 1.077617883982175 9.941767433214366 2.878734322007417
3443 1.291624643159014 9.91623445573895 3.003403572774956
3444 0.8631862744421153 9.962675818052837 2.753173785280083
3445 1.07777967259962 9.941749895130688 2.629773246612457
3446 1.50394183638092 9.886261121009458 2.879588605584258
3447 1.503856082154585 9.886274165941721 3.127658395019425
3448 1.716550116489341 9.851571229889192 3.255109220614874
3449 1.504927834251115 9.886111076338169 3.378924187805572
3450 1.504508246252523 9.886174939629491 3.627312368460016
3451 1.504408920125421 9.88619005487185 2.632226174472068
3452 1.715947560921002 9.851676200940085 2.756480996716536
3453 1.293062801691564 9.916047024438798 2.508053105563621
3454 1.505756967301616 9.885984824761904 2.384945496695899
3455 1.07913529977111 9.941602838817689 2.382492568836287
3456 1.926602526015842 9.812655232237061 2.63288399901844
3457 1.926138916019895 9.812746245378696 2.88024643013063
3458 2.137271648287121 9.768933918367349 3.006022404284622
3459 1.927504961863386 9.812478006191505 3.129619401982718
3460 1.928568711303778 9.812268989677163 3.380885194768866
3461 1.926969433998837 9.812583186930656 2.386205062802234
3462 2.13627694648136 9.76915148863668 2.509970496216328
3463 1.71718741761221 9.851460164503244 2.262258223783585
3464 1.927740773884563 9.812431681734296 2.139344720981473
3465 1.50653407843195 9.885866429935374 2.138085154875138
3466 2.344469284611684 9.72128920326478 2.386850539341935
3467 2.344105789950535 9.721376859556489 2.633529475558141
3468 2.551067236230711 9.669129017457063 2.756516575628284
3469 2.343941956499314 9.72141636309042 2.879636532502677
3470 2.345295283962517 9.721089961060086 3.129009504354765
3471 2.344942524763627 9.721175060431491 2.140598560576343
3472 2.551700887059962 9.668961815157685 2.264157539918156
3473 2.137595222127467 9.768863120462781 2.016998028899007
3474 2.345890845786636 9.720946257420337 1.894305029475229
3475 1.928697999272368 9.812243577673904 1.893051189880358
3476 2.757418765986022 9.612317189366365 2.141315109478964
3477 2.756950824664868 9.61245141212062 2.387567088244555
3478 2.961113889667324 9.551534145487794 2.51082151773422
3479 2.756646519358955 9.61253868482755 2.633663948173412
3480 2.756484520084958 9.612585140872978 2.879771005117948
3481 2.757785311878374 9.612212033324477 1.895256018198556
3482 2.961780487954415 9.551327464869608 2.018665566524955
3483 2.552699070965486 9.668698332924238 1.771847331862499
3484 2.758309713650129 9.612061564700017 1.64919778890849
3485 2.346421180298732 9.720818260035804 1.648246800185163
3486 3.16406141328359 9.486238209794747 2.388021761247897
3487 3.163761103338506 9.486338370572827 2.634118621176754
3488 3.164480559554072 9.486098396506561 2.141937598285735
3489 3.365688799940303 9.416588495944611 2.265234701728269
3490 3.164842292030774 9.485977718009535 1.895878507005327
3491 3.36506696059793 9.416810731383116 2.757263338650972
3492 3.163553818374541 9.486407499061373 2.880063095137294
3493 3.163367411989005 9.486469660351315 3.125955182459513
3494 2.96062382482093 9.55168605890618 3.002810464985294
3495 2.756295634415713 9.61263930331836 3.125663092440166
3496 3.56493078480245 9.342979637116191 2.634505363356751
3497 3.564726632247634 9.343057531522774 2.880449837317292
3498 3.565174566828795 9.342886615390189 2.388649056756786
3499 3.763215552727779 9.264891186825011 2.511835555423106
3500 3.56558737871868 9.342729079060469 2.142564893794624
3501 3.762695709795593 9.265102319752645 3.003495637587278
3502 3.564446193127067 9.343164524736892 3.126253612881499
3503 3.364541749969834 9.416998397191641 3.249057618085506
3504 3.163045606752519 9.486576963773793 3.371804987933506
3505 3.564129248907875 9.343285433779672 3.372103418355493
3506 3.959692520099862 9.182637700914983 2.389178626732813
3507 3.959452919260495 9.182741016720419 2.635034933332777
3508 4.153886983345243 9.096440124004276 2.758117326846779
3509 3.959201865008499 9.18284926327952 2.880774255537073
3510 3.958926234458166 9.18296809697817 3.12657803110128
3511 3.960108249645749 9.182458420874427 2.143575425036418
3512 4.154547496836752 9.096138471710262 2.266774802946089
3513 3.56620330086858 9.342493993408507 1.897008415857802
3514 3.764068080846702 9.264544861068515 2.020422770886319
3515 3.96071360491532 9.182197326339631 1.898018947099596
3516 4.346616348668582 9.005938391832746 2.635486742689206
3517 4.346370127990825 9.006057223364119 2.881226064893502
3518 4.34688439647826 9.005809016609993 2.389834993548099
3519 4.537396769395733 8.911342803252333 2.512943731594821
3520 4.347292119907337 9.005612207073519 2.144231791851705
3521 4.536866339163888 8.911612863032239 3.004228137666592
3522 4.346102119538824 9.006186560722586 3.126858721824166
3523 4.345946189111571 9.006261806173892 3.372503723504112
3524 4.153480793474021 9.096625599541976 3.249501650731021
3525 3.958767243358952 9.183036638983216 3.372223032781226
3526 4.726049043366079 8.812744205960964 2.390372407069392
3527 4.725786741704838 8.812884866598836 2.636024156210499
3528 4.912013991467074 8.71046029481977 2.758989550404785
3529 4.725496725553752 8.813040377575764 2.881560874930214
3530 4.725234460820832 8.813180997249022 3.127193531860878
3531 4.726335062864711 8.812590815051816 2.144787830620787
3532 4.912583326300419 8.710139210262664 2.267868255236465
3533 4.538005734852987 8.911032709537173 2.021716782726111
3534 4.726674991965893 8.812408497131997 1.899212630893183
3535 4.347639494804366 9.005444510029321 1.898656592124101
3536 5.096838316942202 8.603617795494507 2.145355577159966
3537 5.096559079571513 8.603783211380744 2.390940153608571
3538 5.278253086778742 8.493529557958263 2.513970673796419
3539 5.096299886667345 8.60393674227992 2.636483351872918
3540 5.096016746361 8.604104446181964 2.882020070592633
3541 5.097010109882238 8.603516021938836 1.900109804573469
3542 5.278678545089351 8.493265144666884 2.023181702945575
3543 4.726959796513009 8.812255731772069 1.653675801527904
3544 4.913147509674554 8.709820982556343 1.776746849422581
3545 5.097288163068827 8.60335128787837 1.65457297520819
3546 5.457784538512716 8.379295192984404 2.391451062572119
3547 5.45753210818852 8.379459605970505 2.636994260836466
3548 5.458038142133416 8.37913000490008 2.14593507944601
3549 5.63484581074266 8.261265804291488 2.268958666486057
3550 5.458205452509713 8.379021019080525 1.900689306859513
3551 5.634077479635663 8.261789815376705 2.759984672426592
3552 5.457006409653518 8.379801969318871 2.882504283650892
3553 5.277567507858998 8.493955568519944 3.004819923865669
3554 5.095581453245578 8.604362245590297 3.127326122397536
3555 5.456582463667483 8.380078031688996 3.127810335455795
3556 5.809338224294485 8.139507933269122 2.146472948609894
3557 5.809091872867952 8.139683753843237 2.391988931736003
3558 5.980674777494313 8.014457511637538 2.515005210254198
3559 5.808804171278624 8.13988907170952 2.637490928130362
3560 5.808293501578365 8.140253472682687 2.883000950944787
3561 5.809592788070473 8.139326239732595 1.900990198404541
3562 5.981208691659723 8.014059058106209 2.024020463654487
3563 5.458151180808159 8.379056372136573 1.655190637796651
3564 5.635042334137013 8.26113175615083 1.777944014297087
3565 5.809540068883742 8.139363868757453 1.655491529341679
3566 6.149838432931953 7.885397088849303 2.392539219116624
3567 6.14955971891815 7.885614450596689 2.638041215510982
3568 6.150107763278094 7.885187030125951 2.147030034712289
3569 6.316208657472648 7.752774225738008 2.270066039969073
3570 6.150354372891612 7.884994678999665 1.901547284506936
3571 6.315586016639609 7.753281451516271 2.761238895856188
3572 6.149195764945455 7.885898264901524 2.883704886993763
3573 5.980089536125607 8.014894206408531 3.00616318120511
3574 5.807986804355249 8.140472300821084 3.128656925501341
3575 6.148898650595656 7.886129937092269 3.129360861550317
3576 6.479729072822517 7.616633845920299 2.147559814932575
3577 6.479468914997234 7.616855163358732 2.39306899933691
3578 6.639838766697014 7.477468900120378 2.516039311551711
3579 6.479243020236618 7.617047320629895 2.638545536588209
3580 6.478891461182107 7.617346351205359 2.884209208070989
3581 6.47888376867118 7.617352894020937 1.901302607224731
3582 6.639230682627543 7.478008822063331 2.024305566592568
3583 6.150168194147172 7.885139896266934 1.65598346871478
3584 6.316290406084498 7.752707624179111 1.778993039772583
3585 6.478703909275398 7.617505868454561 1.655738791432575
3586 6.797381230628451 7.334548957195667 2.393592493405597
3587 6.797163708040102 7.334750542868007 2.639069030656896
3588 6.797628272144653 7.334320000773057 2.148112555714188
3589 6.951877106278161 7.188282458223632 2.271142274819373
3590 6.796814296122689 7.335074329822585 1.901855348006344
3591 6.951300589488207 7.188839970021652 2.762289832644468
3592 6.796822511792858 7.335066717023494 2.884736650790582
3593 6.639079413106993 7.478143121554902 3.007188234648454
3594 6.478343827336187 7.61781210419469 3.129881593916433
3595 6.796295170433359 7.335555327059035 3.130409036636026
3596 7.102368959387668 7.03962748763928 2.150740761105657
3597 7.102131843656144 7.039866708633436 2.396220698797067
3598 7.249876385076316 6.88761877582614 2.519436841059912
3599 7.102566832063662 7.039427845788971 2.639838354773627
3600 7.102239372943546 7.039758226630405 2.885505974907313
3601 7.101818010356375 7.040183303563752 1.91084918787011
3602 7.248911688647698 6.888634068535414 2.035927611847804
3603 6.796979402151241 7.334921336097052 1.656191439133657
3604 6.952281017625705 7.18789180858764 1.779998428255277
3605 7.101976478502536 7.040023444477775 1.665185278997424
3606 7.394598606038867 6.732006495508457 2.396763045135855
3607 7.395014570829295 6.731549561373104 2.640380701112415
3608 7.387270265520218 6.740047331003014 2.150718139715841
3609 7.529232294651441 6.581083577434478 2.271661999768344
3610 7.386742761016287 6.740625444465334 1.910826566480294
3611 7.536366267342085 6.572912861469284 2.763312057542946
3612 7.394992713578667 6.731573572807359 2.885985853467004
3613 7.250077274770526 6.887407314066446 3.00845472768814
3614 7.102009704165769 7.039989926266603 3.130906205558981
3615 7.394773098857995 6.731814823389463 3.131386084118671
3616 7.66522017497334 6.422180289370712 2.148219602792366
3617 7.672202533317039 6.413837251424736 2.394264508212379
3618 7.806622541889969 6.249531541520163 2.517102489312655
3619 7.674214454363092 6.41142983338698 2.640544886288632
3620 7.674193636533576 6.411454751379563 2.886150038643221
3621 7.665468136267807 6.421884322522709 1.90368394719648
3622 7.804902798437613 6.251679158989264 2.026286455640515
3623 7.521491615669753 6.589928973472294 1.77707234687502
3624 7.664906325922574 6.42255486662684 1.655139199723169
3625 7.38615306853349 6.741271604689527 1.662281819006983
3626 7.937315954415266 6.082681599408675 2.394411587885619
3627 7.939223964536366 6.080191020102203 2.640691965961872
3628 7.93726408439394 6.082749284212693 2.149581211589416
3629 8.066248346923208 5.910637664902038 2.273170688238634
3630 7.937498939704248 6.082442813721633 1.90504555599353
3631 8.066838306630828 5.909832462487704 2.763525165608661
3632 7.939779007669011 6.079466202667673 2.886216067035695
3633 7.808915625103364 6.246666051584359 3.008996278480558
3634 7.94010279860053 6.079043308585327 3.131829478127346
3635 7.67453511008834 6.411046002332331 3.131763449734872
3636 8.190230782499338 5.737605748864266 2.151029300336583
3637 8.190279709318954 5.737535906913196 2.395859676632786
3638 8.311076305769131 5.561115952727738 2.519179646950946
3639 8.190823136337187 5.736760091658311 2.641321034852997
3640 8.191346825731987 5.736012306521882 2.886845135926821
3641 8.191022910834121 5.736474847342271 1.905684456608485
3642 8.31131738282426 5.560755646669192 2.028373445002637
3643 8.067295672677998 5.90920811357925 1.782679465513914
3644 8.192088275199303 5.734953329482471 1.660023610179968
3645 7.938628569306171 6.080968380002963 1.659384709565013
3646 8.42725144767647 5.383440631941141 2.396625658677985
3647 8.427761333458191 5.382642372131647 2.642087016898198
3648 8.427301996919983 5.383361501209857 2.151378230972407
3649 8.540170509738243 5.202450159741776 2.274285600919659
3650 8.428045211554588 5.382197870014793 1.90603338724431
3651 8.540127700591821 5.202520433173162 2.764942241947977
3652 8.427767583985906 5.382632585484204 2.887496230220938
3653 8.427500122023044 5.383051336677141 3.132600528395201
3654 8.311326730452297 5.560741675322561 3.009745303345421
3655 8.191061805374606 5.736419310034205 3.131949434101084
3656 8.648809268001026 5.019770736372287 2.642574238940147
3657 8.648815097147953 5.019760693035639 2.887983452262888
3658 8.648958618212609 5.019513404748097 2.397219504875633
3659 8.753730242827505 4.83448103065956 2.520260715190543
3660 8.649005750230019 5.019432192239281 2.151972077170054
3661 8.752768897615068 4.836221316786725 3.011735240111157
3662 8.647966318518263 5.02122281459145 3.134103243118987
3663 8.646379245639238 5.023955208854776 3.379026873582256
3664 8.538489389902153 5.205208827561902 3.255275085733986
3665 8.425798727040956 5.385714048424313 3.377524158858469
3666 8.854591098019418 4.647172956419342 2.397860094344331
3667 8.854452826021593 4.647436406424323 2.643214828408846
3668 8.950862494642665 4.458930432513977 2.766735469895167
3669 8.853984251649958 4.64832904079891 2.889136090741379
3670 8.85319826538035 4.649825854144042 3.135255881597478
3671 8.854801634906487 4.646771783341356 2.152437807985098
3672 8.951513941720574 4.457622477417998 2.275391921203401
3673 8.754103706273082 4.833804743658552 2.029463487239052
3674 8.855022356797196 4.646351155543654 1.906995314098122
3675 8.649244174542057 5.019021339778334 1.906529583283078
3676 9.044353685723269 4.266106703722247 2.152940950057475
3677 9.044160395148515 4.26651646508332 2.398363236416708
3678 9.132810383717402 4.073300197022506 2.521396928150772
3679 9.044053914698951 4.266742175011112 2.643847899296699
3680 9.043623718894965 4.26765392587548 2.889769161629231
3681 9.044476566596675 4.265846180569998 1.907474159644156
3682 9.133029356996342 4.072809198114122 2.030445474857463
3683 8.855143593246124 4.646120095627331 1.661584550888937
3684 8.951832191932732 4.456983330401497 1.784558871634983
3685 9.044587874282763 4.265610177263881 1.662063396434971
3686 9.217447832165789 3.87797053383625 2.398968021919551
3687 9.217351048437473 3.878200568545754 2.644452684799541
3688 9.217556266450931 3.877712789107926 2.153167167152184
3689 9.297919258202242 3.680855534784249 2.276222923800953
3690 9.217667959618398 3.877447277039935 1.907700376738866
3691 9.297777187820508 3.681214387351623 2.768223827028023
3692 9.21730981220434 3.878298573581153 2.890652733259245
3693 9.132667956935157 4.073619519342699 3.013578996889283
3694 9.217270997735994 3.878390820210738 3.137350139117765
3695 9.043581007767493 4.267744434235385 3.136466567487752
3696 9.374266955697589 3.481826969181015 2.153586480221181
3697 9.374169591322474 3.482089096092322 2.399387334988548
3698 9.446128535865325 3.281867712737798 2.522831677562791
3699 9.374026795213057 3.482473494892337 2.645468121142563
3700 9.37398976661515 3.482573165835063 2.891668169602266
3701 9.374326408140162 3.48166689872049 1.907598293807086
3702 9.446319137197319 3.281319057668681 2.03076270499468
3703 9.298107007470984 3.680381240798157 1.784584975562166
3704 9.374406650119338 3.481450840985456 1.661761200335665
3705 9.217757323472837 3.877234829819172 1.661863283267445
3706 9.514034077148604 3.079473263214846 2.400048372853404
3707 9.513907790780971 3.079863397704051 2.646129159007419
3708 9.514073394125118 3.079351790750866 2.153897350874014
3709 9.577522418824145 2.875945812584255 2.277194832318643
3710 9.514125974097103 3.079189333089283 1.907909164459919
3711 9.577343841754123 2.876540445885362 2.769639983113525
3712 9.513755882718591 3.080332612565951 2.892423287822912
3713 9.513642527995207 3.0806826921189 3.13870482609177
3714 9.44587316516818 3.282602648441579 3.015194001985663
3715 9.373861610573188 3.482918102083687 3.137949707871124
3716 9.636656142288945 2.671115571308126 2.646763712759679
3717 9.63652439320539 2.671590840521337 2.893057841575171
3718 9.636713876229669 2.67090727425767 2.400107850390596
3719 9.691494541194528 2.464738030297876 2.523525708852242
3720 9.636747976753355 2.670784235489667 2.153956828411206
3721 9.687975478884235 2.478534066850358 3.01356077713542
3722 9.632768914892811 2.685100190360645 3.136437047489267
3723 9.57706299282674 2.877475357223506 3.262144923601185
3724 9.51349372246148 3.081142189624821 3.384915637763937
3725 9.63263921552919 2.685565442034357 3.382647859161434
3726 9.74201958558244 2.256779651212796 2.400418648406922
3727 9.741970802990155 2.256990224544038 2.647074510776005
3728 9.787987917393032 2.048241325861781 2.771105246389024
3729 9.741914979986287 2.257231162889346 2.894212306834344
3730 9.738740397800319 2.270888694817979 3.13759151274844
3731 9.74203639697282 2.256707078922039 2.153399420362008
3732 9.788053827732776 2.04792633300267 2.27694822228577
3733 9.691412012229147 2.465062516290529 2.030893197006895
3734 9.741912045127778 2.25724382931803 1.907422770885743
3735 9.636600810793258 2.671315184215206 1.907980178934942
3736 9.829684003819562 1.837746550820821 2.153773352682766
3737 9.829670313432487 1.837819776045533 2.40079258072768
3738 9.829568355244385 1.838365020766601 2.647749942910909
3739 9.829522885678637 1.838608125708121 2.894887738969248
3740 9.866699137107268 1.627343890456678 2.524575073307904
3741 9.827283062683735 1.850542516639216 1.910004791126649
3742 9.864663058694154 1.639641039506792 2.033849149568559
3743 9.787540468717594 2.05037839756845 1.782440826721893
3744 9.826805347498182 1.853077619092393 1.662516623607687
3745 9.741329415225133 2.259756894904751 1.659934603366781
3746 9.779208298059709 2.089757178037708 3.264194092827879
3747 9.729073623600048 2.311952946443723 3.383542563128955
3748 9.861235735202998 1.660129445180523 2.953506611990967
3749 9.823461280794044 1.870724048260519 3.076861915469083
3750 9.815481912302934 1.912149269605789 3.322812965849598
3751 4.536398848658773 8.911850845132417 3.495468422094329
3752 4.345741751262246 9.006360454219903 3.618111351001184
3753 4.725000569408557 8.813306395393775 3.372866689354198
3754 4.724800511433422 8.813413647796096 3.61847431685127
3755 4.911496176092458 8.710752281647617 3.250199426617819
3756 1.713853900683685 9.852040641771191 1.769745656659372
3757 1.924606363524639 9.813046945036005 1.647398964576906
3758 1.503288193505945 9.886360533951088 1.898745450081628
3759 1.499165689764117 9.886986509277438 1.653093224778176
3760 1.29115919737239 9.916295070591673 2.021432722993942
3761 8.192366292140065 5.734556175974498 1.414561092826243
3762 8.312354608024302 5.559205057421172 1.537566083920815
3763 8.42080607785088 5.393516941591051 1.42188440004491
3764 8.420544593987678 5.393925170102465 1.667346917398636
3765 8.532968968115473 5.214253598472015 1.790351703368406
3766 2.757644204250049 9.612252516593919 1.405272894855793
3767 2.961483410898988 9.551419580720454 1.52868158119185
3768 3.16390945057799 9.486288894427751 1.406172992402827
3769 3.164566237759532 9.486069814566646 1.650097886455524
3770 3.365830837820116 9.416537727380437 1.773369918216304
3771 9.37446862639837 3.481283954616839 1.415890698037731
3772 9.446433576457828 3.280989589372412 1.538904016282651
3773 9.514182756483049 3.079013880488462 1.416002130784516
3774 9.514127941506583 3.07918325415096 1.661872633082451
3775 9.57756097469192 2.875817410069415 1.785007278961785
3776 9.512833412834951 3.083180250918028 3.628000185013331
3777 9.445048824874515 3.28497377398002 3.504560087503916
3778 9.372896756121879 3.485513792696846 3.627283501348589
3779 9.373643263252866 3.48350570162791 3.384198954099194
3780 9.297507262381481 3.681896074845624 3.260673121715797
3781 4.540183363472906 8.909923401805644 1.533447300474183
3782 4.728773400780178 8.811282660548002 1.41098151900358
3783 4.348833576058703 9.004867935052932 1.653052687043106
3784 4.350686831033205 9.003972684225239 1.410358404518782
3785 4.156165394028026 9.095399343485907 1.7755676961687
3786 2.149880802873155 9.766166726686446 3.523512999977595
3787 1.93986831285252 9.810041331655576 3.649002818609751
3788 2.345411707823504 9.721061872079842 3.374843183754558
3789 2.356605988837019 9.718354192628373 3.642960807595442
3790 2.551020085330404 9.669141457453234 3.248457311972613
3791 8.749618158243591 4.841919256341852 3.508579591534894
3792 8.852574097004327 4.651014067603756 3.382748854217054
3793 8.850331087204435 4.65528083437109 3.633473414784691
3794 8.643956486728994 5.028122537840119 3.629751434149893
3795 8.949814255101344 4.461034050439959 3.260149704847276
3796 8.19126594034844 5.736127813646378 3.376577852860556
3797 8.067588076805841 5.908808900529804 3.253677685441956
3798 8.309633538684999 5.563271560220787 3.497581543509972
3799 8.189804492680761 5.738214214515351 3.619309794850844
3800 8.424426533766166 5.387860203937792 3.620256100848757
3801 9.897267291138371 1.429720311026787 1.914421385946494
3802 9.899120293499481 1.416833587555983 2.158189947502611
3803 9.927204936817009 1.204409457965179 2.282682132432781
3804 9.899380129406483 1.415016979937733 2.402109896054846
3805 9.899301623798834 1.415566092082511 2.649067258238074
3806 9.828571972185911 1.843684622586398 1.415003512894373
3807 9.864094892773634 1.643055673541554 1.542567477299129
3808 9.896543105064387 1.434724562277565 1.419317382608343
3809 9.895167320437514 1.444182710236303 1.666830493321656
3810 9.925210354880347 1.220737240922852 1.791171291255708
3811 9.78411511297711 2.066661911395501 1.286928111429096
3812 9.825970006132183 1.857501935016684 1.166978965120538
3813 9.74137509763171 2.259559958762055 1.4141216263081
3814 9.738188490163754 2.273254259875513 1.166097078534265
3815 9.691326024543676 2.465400552851901 1.53910357047195
3816 9.570870471700628 2.898005937524797 3.787090985956785
3817 9.506349811668631 3.103113478135756 3.906735435696763
3818 9.634246673108855 2.679793096806347 3.635528250928733
3819 9.628608351406609 2.699981706460789 3.914263501612165
3820 9.685982180524013 2.486312369468348 3.509820374816814
3821 8.068594089273901 5.907435096768671 1.298193887729913
3822 8.19256136789801 5.734277481359364 1.175736361470759
3823 7.928425779548792 6.094264898918173 1.418577096887379
3824 7.928633092179227 6.093995182932169 1.179752365531895
3825 7.79465596969545 6.264450360094738 1.540943187366995
3826 4.730647645369931 8.810276548176903 1.164915839752468
3827 4.915281622138925 8.708616800334214 1.285144340806189
3828 5.09876899861581 8.602473754610026 1.165458550557612
3829 5.096938949873758 8.603558179105885 1.411524229808725
3830 5.278503393828022 8.493374001028451 1.534887184959613
3831 9.298275250532299 3.67995616350773 1.292917594182958
3832 9.374547539167619 3.481071449408407 1.170060410129943
3833 9.197758241514739 3.924441785865562 1.383643518009287
3834 9.197847200013543 3.92423328628702 1.1378132301015
3835 9.112147371374249 4.119316725181176 1.506758919185987
3836 2.556026445619941 9.667819237516364 1.278339917451183
3837 2.760427780301596 9.611453504529853 1.157823709734543
3838 2.338231920401586 9.722791342326293 1.404198674369666
3839 2.341047525893172 9.722113786698316 1.156749489248416
3840 2.130318714747718 9.77045250608157 1.526656371982395
3841 4.345467083320626 9.006492981609265 3.863751091471138
3842 4.153045874396887 9.096824169189762 3.740786392880921
3843 3.958470616664206 9.18316450778304 3.618189804215509
3844 3.762118329384723 9.26533678155886 3.495266184585768
3845 3.958190556930147 9.183285224527713 3.863829544685463
3846 4.911070988927291 8.710992006753118 3.74141756350117
3847 4.724604213856425 8.813518878541654 3.864019296241301
3848 4.715974520722269 8.818139504447544 4.113497046325676
3849 4.527470594391438 8.916389965502901 3.990553799675777
3850 9.515606497954783 3.074611028419809 1.176041830655061
3851 9.578892518384851 2.87137913226915 1.299010447454861
3852 9.44653175454334 3.28070690711687 1.047247471462079
3853 9.515643768685896 3.074495676931305 0.930255788132424
3854 3.165117626639055 9.485885852651757 1.167244491781387
3855 3.366756107433794 9.416206949353718 1.288660797045061
3856 2.983236633247229 9.544647672389576 1.056438088793636
3857 3.187377273876075 9.478429517276494 0.9389258934358695
3858 3.566764369714758 9.342279803716719 1.169080763438944
3859 3.565574480485866 9.342734001570843 1.408009264060384
3860 3.565931421969849 9.342597770096287 1.651227795307999
3861 3.764324898088037 9.264440515305525 1.531647761701881
3862 5.093606165674532 8.605531722619027 3.615612709873719
3863 5.093414498047975 8.605645167625418 3.86115768926375
3864 5.095353103466439 8.604497472310333 3.372999279890855
3865 5.275413232812381 8.495293710229683 3.492739405653435
3866 3.162946267703898 9.486610085147275 3.61770528623784
3867 2.96033611432771 9.551775232395658 3.494602850611846
3868 2.756310100649781 9.612635155307622 3.617397070144293
3869 2.756410759394668 9.612606292025763 3.371496771839959
3870 3.369746116716222 9.415137338821772 3.772028231668217
3871 3.168510887408861 9.484752962327038 3.894826094346557
3872 3.563827446163997 9.343400555149511 3.618070189789775
3873 3.569307985371549 9.341308286613973 3.895190997898493
3874 8.732770706555661 4.872239299000344 1.524060338164142
3875 8.834412083021283 4.685420274358275 1.401623895701003
3876 8.642248913514321 5.031056918467584 1.667843113437404
3877 8.619809115816942 5.069407342764947 1.40788245824947
3878 8.807477141025364 4.73585751583762 1.200997088696881
3879 8.926319127274384 4.507862779417255 1.338521301421675
3880 8.997797507964499 4.363443594876394 1.183216824172691
3881 9.022599932225896 4.311924218141741 1.383843631176813
3882 8.193630236582635 5.732750085792927 0.9416036801394454
3883 8.313660258314513 5.557252298512446 1.057970885235776
3884 8.411051263536159 5.408716727853919 1.240062436912243
3885 8.516249373467273 5.24151663251375 1.369843270390064
3886 8.412059435853246 5.407148606028168 1.005929755580929
3887 1.291320084517549 9.916274120823889 3.996308153609445
3888 1.075966488022206 9.941946294194771 4.121675090724706
3889 1.509599395371078 9.885398811656273 3.877245583088331
3890 1.722691309418188 9.850499208286607 3.756308228029337
3891 9.820601710551728 1.885678138683393 0.9392202417255998
3892 9.860934449671298 1.661918102460473 1.067295643190877
3893 9.89602472871417 1.438295716700019 1.21935453697404
3894 9.922969370725621 1.238821564084665 1.343617552996568
3895 9.891858554788923 1.46667458287419 0.9915958135791019
3896 9.372757980262239 3.485886952187424 3.873002842436426
3897 9.297129824599878 3.682849036348819 3.752641709031705
3898 9.439096094529111 3.30203950888618 3.966625974861702
3899 9.367192450234153 3.500814990866596 4.091984182544818
3900 9.216617425991471 3.87994371388431 3.875156838158619
3901 9.21677189051948 3.879576770490563 3.629437497070782
3902 9.132358368266345 4.074313516846203 3.50611451447275
3903 9.217027860268255 3.878968602997297 3.383599385345835
3904 9.21645680935112 3.88032522881335 4.120721744027549
3905 9.131920821699136 4.075294112848516 3.997517532066626
3906 9.304364735625756 3.664532284813966 4.248995479333992
3907 9.224234539859808 3.861799729874314 4.371356173241999
3908 9.040813628662555 4.273603740613932 3.880068134591693
3909 8.947216364620425 4.466242192791213 3.757913160226271
3910 9.042726417315942 4.269554887992001 3.629797651832274
3911 9.043008119741568 4.268958203858181 3.383959540107328
3912 8.74984879059333 4.841502467390931 1.038182290682718
3913 8.844893192727991 4.665604399135661 0.9750796964033905
3914 8.610639342238244 5.084967071466534 1.226060495116802
3915 8.638875384503965 5.036847435749019 1.049286234073867
3916 8.53596577326449 5.209346246666388 1.011247046214461
3917 8.949487764886623 4.461689001504323 0.9403834506598729
3918 9.044755060744048 4.265255665390406 0.9857057804150111
3919 8.895148434742714 4.569062740201129 0.7775686526457106
3920 3.171129823440071 9.483877669122949 4.113121286480702
3921 2.962873552182208 9.550988446950356 3.958798341050324
3922 2.770134707475829 9.608660348999635 3.901126344624755
3923 2.565041944618613 9.665431176225258 3.778020265852868
3924 3.766086691577008 9.263724468674926 3.953937531023911
3925 3.573610592571868 9.339663127364826 4.107895572902353
3926 3.257886944331184 9.45442608823806 4.311258260052012
3927 3.48735788132808 9.372210785483803 4.312046581603658
3928 4.156885086608587 9.095070443747597 1.284400420661441
3929 4.350205371633612 9.004205307777587 1.164795034092518
3930 4.351130555303961 9.003758264785892 0.9448659903978049
3931 4.542932472177064 8.908522018451725 1.070823974255146
3932 4.731552900323322 8.809790414728489 0.9449867960577548
3933 9.637891500059796 2.666654727008194 1.176170370369338
3934 9.636656520172036 2.671114208008671 1.416130670498793
3935 9.636602517596373 2.671309027023124 1.661943647557474
3936 3.961580333425187 9.181823417046246 1.409196510770986
3937 3.961089364690625 9.182035234354899 1.163633140344722
3938 3.961931126946295 9.18167205607639 1.652415042018601
3939 3.782593930836562 9.256996443469037 1.053153950363722
3940 3.979545952517288 9.174051123239028 0.9283578602541775
3941 4.038387090155818 9.148302012398958 0.7576878032122636
3942 4.214730395512068 9.068409325407995 0.8681669931932628
3943 9.950814732439552 0.9905988898963985 2.158989455609583
3944 9.950996349310522 0.988772803028414 2.402909404161818
3945 9.948769976773413 1.010928261179771 1.964645555669048
3946 9.968359080671194 0.7948693218385899 2.084872827398086
3947 9.947281976295498 1.025466373932725 1.71705466304421
3948 9.94620133320913 1.035895283930243 2.58845695692778
3949 9.922516719252187 1.242441932711883 2.70581161717461
3950 9.893537557175133 1.455305673996051 2.828276794427669
3951 9.941961469979823 1.075826254297893 2.767666493117374
3952 5.102391254517635 8.600325777888996 0.9432617767254271
3953 5.281735030144954 8.491364735502749 1.069641665727963
3954 4.92154786721147 8.705077058288813 0.7445361435803207
3955 5.45781107141953 8.379277910935429 1.412141892397187
3956 5.458367558381801 8.378915418931324 1.166618629249709
3957 5.635537468480038 8.260793995818901 1.286922082086748
3958 5.461895636619976 8.376616026455533 0.9444218554175239
3959 9.683603265492371 2.495561619464743 1.0602512792441
3960 9.731017161094558 2.303758887228263 0.933057764365096
3961 9.770418663446295 2.130473924032004 0.7434571691982996
3962 5.270311732665764 8.498459521614819 3.950777948636461
3963 5.089994357463983 8.607668525273542 4.076582802263913
3964 4.910673438366896 8.711216125301785 4.23244054081373
3965 4.715768485736578 8.818249689645544 4.358975044248206
3966 5.45591989895185 8.380509415078611 3.373432106431594
3967 5.454218426423907 8.381616870082878 3.616045536414457
3968 5.63265776885302 8.262757799849862 3.742245790681225
3969 5.454629364093593 8.381349443876442 3.861553089903066
3970 5.451298326331554 8.383516359937207 4.076978202903229
3971 9.685654624089725 2.487588089465241 3.98105980644762
3972 9.626632339693851 2.707018617660487 4.132622541475673
3973 9.658136405311337 2.592373656786346 4.392826446587978
3974 9.739568653154944 2.267333775711373 3.882555551361681
3975 9.737908837885371 2.27445190431321 4.100914591225189
3976 9.730457195815191 2.306122884932278 3.636422954896254
3977 9.778718639194542 2.092047268937592 3.756277739673823
3978 9.714089467336152 2.37412422181082 4.390421268444104
3979 9.817037189782312 1.904148317340591 3.757963873449992
3980 9.855386496587004 1.694507894018369 3.754693360723373
3981 9.809372222350248 1.943248981315399 3.511831276984564
3982 7.797556635898408 6.26083944131749 1.050166980722534
3983 7.94165097200188 6.077020638347511 0.9297837715650683
3984 7.918842782932304 6.106711797620791 0.7433064937656602
3985 8.046621926415296 5.937328993186465 0.8728918785750206
3986 7.65509145978732 6.434250130535123 1.169050998512551
3987 7.654131425177901 6.435392150141598 1.414331587045535
3988 7.521898295641478 6.589464775687464 1.283247010868725
3989 9.629487895600027 2.696843130123175 0.9431310562001688
3990 9.506990006196036 3.101151563869253 0.7459319247306149
3991 9.572147822490489 2.893784039003355 0.8747262839235972
3992 3.585543998374213 9.33508833572145 0.9338054833483995
3993 3.368426949189358 9.415609374224001 0.865453292373686
3994 3.187852005237343 9.478269862833841 0.7546468893859346
3995 9.122084677889552 4.097263858895676 0.9529483463103396
3996 2.148588666874015 9.766451082178241 1.025416204838575
3997 1.918508596286984 9.81424091644244 1.153829581361657
3998 1.916339563535974 9.814664674721534 1.403350838761409
3999 1.711923144981061 9.852376319735161 1.274572173956168
4000 8.745371269906677 4.849585688642988 4.007713428894787
4001 8.848245591988544 4.659243494802058 3.883743897544111
4002 8.63933928441681 5.036051700363337 4.128544855607323
4003 8.641324696146588 5.032644185293361 3.880135578815068
4004 8.647945762914212 5.021258216990453 4.366600318736316
4005 8.540306226054433 5.202227365774768 4.239022468656596
4006 1.504782091958648 9.886133261074349 1.134156617551627
4007 1.28564381335027 9.917011645914013 0.9902045218023108
4008 1.502597180820074 9.886465582410711 1.383677874951379
4009 1.072621003572637 9.942307789577571 1.106620611488931
4010 1.077785229839005 9.941749292671831 1.375198901527044
4011 1.291345156653931 9.916270855840235 1.512677668373636
4012 1.074334576466388 9.942122772215638 1.644614251353842
4013 7.387531598613064 6.739760891863561 1.121292364749398
4014 7.24441209521936 6.893365897342127 0.9509565096475303
4015 7.386525986708651 6.740862989831331 1.366572953282382
4016 7.11276366102221 7.029124632729308 1.044669177430974
4017 7.248753657952903 6.888800360462946 1.500327172887656
4018 7.102365924167662 7.039630549909707 1.369476413272823
4019 6.96305962950465 7.177450842462285 1.209527283540742
4020 8.534118350140062 5.212372203306538 3.750582860862429
4021 8.424264174968094 5.388114058773176 4.343313401629874
4022 8.415030155462654 5.402524176961561 4.105257938500882
4023 8.421606566074015 5.392266948720087 3.870640245513932
4024 8.301428855017557 5.575507059011037 3.974931178487211
4025 1.079190059845045 9.941596894600567 2.130386507438039
4026 1.033950829207487 9.946403655733119 4.390695537215107
4027 1.944920195671774 9.809041004729671 3.898936033238066
4028 2.172594962421751 9.761138823378122 4.041963800475216
4029 2.370583082541459 9.714954238120129 3.926690082075905
4030 9.962739530306436 0.862450608017348 1.248621327133792
4031 9.941929273231569 1.076123750347146 0.876021563727893
4032 9.946646156680821 1.031615351662945 0.6071606941930389
4033 9.944434855633462 1.052718101897306 1.071826651209974
4034 9.919569659728856 1.265755808118909 0.9478496198801841
4035 9.94445593440812 1.052518963541805 1.320449383286083
4036 9.944835096935147 1.048930357443669 1.520412228920385
4037 0.8618635210585167 9.962790335597182 1.753568035797938
4038 1.075925900097755 9.941950686736423 1.891046802644529
4039 9.961715411671769 0.8742002384243395 3.253228069376321
4040 9.944016737264977 1.056660365961543 3.87320930193277
4041 9.943369150249508 1.062737005032949 3.621477143371652
4042 9.91822289626951 1.276265873521364 3.497599477942876
4043 9.941805071708284 1.077270586322404 3.376123087738099
4044 9.9406183073009 1.08816711425874 3.129350403947544
4045 9.919008238861535 1.270147848636912 3.995428548981717
4046 9.885528907386439 1.508747235698234 3.628235472168581
4047 9.883312935327361 1.523195792533215 3.382881416535028
4048 9.894577083667642 1.448221093396702 3.869411422131221
4049 9.850344023748152 1.72357843274075 3.324499099625768
4050 9.888090931880898 1.491863841928869 3.193863105400061
4051 9.916898093000114 1.28651941806204 3.068633287836763
4052 9.941082994241963 1.083913696561327 2.945738269474986
4053 9.888728354394139 1.487632862302178 3.010250970927503
4054 5.632905921718997 8.262588630511811 3.251116466216817
4055 5.805979274732211 8.141904240494359 3.617667980839543
4056 5.806378459053338 8.141619568012336 3.863175534328152
4057 5.80734318230487 8.140931467770574 3.37427869647714
4058 5.978444728742032 8.016121170826736 3.495208440124067
4059 5.942583971568109 8.042741804935789 3.966785002698726
4060 5.771327115437147 8.166503739460353 4.091362812540408
4061 5.733154146672993 8.193347516765431 4.260108035081849
4062 5.594443521354151 8.288679127965962 4.156498566711275
4063 6.148131611948017 7.886727945235937 3.374779013253909
4064 6.146810285554649 7.887757812800769 3.618168297616312
4065 6.320892069839664 7.748956280779886 3.775227250689284
4066 6.154105625287844 7.882067238535873 3.895656677559443
4067 6.314474023236678 7.754187114705783 3.252320719042561
4068 6.477581395001975 7.618460426564168 3.620687662245838
4069 6.48462743180092 7.612463929026855 3.898176042188969
4070 6.477602883878144 7.618442155636122 3.375299745620025
4071 6.638520691787768 7.478639115822187 3.49824853711971
4072 6.640972401617272 7.476462101887344 3.950474917393999
4073 6.487144493817588 7.610319067971601 4.105014505837445
4074 6.796006563367245 7.33582270714535 3.375754494506617
4075 6.795985871656334 7.335841876175325 3.621142411132429
4076 6.950279456997165 7.189827221125915 3.744091008164832
4077 6.795862394811317 7.335956264236407 3.866585050777926
4078 6.950683332658788 7.189436779685829 3.253302910648745
4079 7.101599248332027 7.040403973927206 3.621599972384627
4080 7.101480744213889 7.040523506072494 3.867042612030123
4081 7.10173272525446 7.040269334269098 3.376251663429572
4082 7.249721992868611 6.887781284718407 3.499203267294862
4083 7.249427342658745 6.888091404991064 3.98998681541485
4084 7.395610767189593 6.730894545320804 3.873233543055677
4085 7.394595599041937 6.732009798465064 3.622668681853983
4086 7.537238732898537 6.571912376416323 3.751350648659742
4087 7.394723229102468 6.731869603978701 3.377320372898928
4088 7.674470417507333 6.411123443734712 3.623334504469557
4089 7.675437189704132 6.409965986407942 3.87389936567125
4090 7.810081846000739 6.245207887554239 3.995182537947701
4091 7.674487616593351 6.411102855418505 3.377697738515129
4092 7.809231564718341 6.246271077099259 3.500246455526636
4093 7.536296232392398 6.572993161233941 3.254851498677792
4094 7.941790906603145 6.0768377628332 3.860961703940058
4095 7.942634419773862 6.075735220845583 4.110261020406695
4096 7.940302819073221 6.078782044243557 3.622094662841246
4097 8.069244743919302 5.906546305814483 3.73717314530024
4098 7.940319126586386 6.07876074278026 3.376457896886818
4099 8.04565957001612 5.938633014710373 4.156941740385871
4100 7.916880952368397 6.109254945247126 4.291162574393513
4101 8.19120918829929 5.736208855465541 3.858176835949656
4102 8.184213875783126 5.746185102782448 4.092794528936607
4103 5.809514965824109 8.139381786220973 1.165910932749215
4104 5.808974386406518 8.139767599758178 1.411434195896692
4105 5.980902370409884 8.014287668634401 1.534480380004147
4106 5.799967100575286 8.146188165776945 0.9202965593428512
4107 5.970943589715415 8.021710082547012 1.044808673152796
4108 5.595958131667239 8.287656640367487 0.8666954502978196
4109 5.760391222899575 8.174221244812349 0.7455931907014006
4110 6.149620178871782 7.885567300810576 1.411926135269793
4111 6.147008564184246 7.887603293259971 1.172571450427628
4112 6.313539673604583 7.754947890851422 1.294074539138262
4113 6.13775569101945 7.894805575652788 0.9269570770212645
4114 6.468462265963865 7.626204554940919 1.165281601215751
4115 6.470987301765766 7.624062128575961 1.404636286057916
4116 6.630824577206983 7.485463607974314 1.526945853510065
4117 6.477632258050821 7.61841718006171 0.9261222399716168
4118 6.632250229385401 7.484200484675521 1.036683986891271
4119 6.338539355294396 7.734527706420354 0.8654450512231889
4120 6.504705888662516 7.595314430752634 0.736847436898709
4121 6.800393493773793 7.331756155917835 1.08028169791715
4122 6.789548769145267 7.341800018483069 1.405088933758998
4123 9.076681593060052 4.19688590006982 0.7101149727975216
4124 9.066818332244903 4.218151885609119 0.5303629656689832
4125 8.442096084567154 5.360131873278484 0.8291554945379942
4126 8.95037724627684 4.45990438791347 0.577620344364528
4127 5.667960218275715 8.83073962637771 2.023305854815703
4128 2.960351655270769 10.0665861597514 3.002688437058675
4129 9.862519646817042 3.61600227470915 3.955237328564362
4130 2.961507918657928 10.06540992190069 2.01842919736374
4131 8.027545130448949 6.772268373777818 3.219959446977792
4132 8.373107404501351 6.321649454891393 3.253899585024352
4133 6.034995218294151 8.579368016906113 2.760373854982277
4134 9.858015162452634 3.585632068969141 2.030656933952538
4135 9.857905239560548 3.58649788265698 3.014967191845338
4136 6.058081297698858 8.57484674761071 1.251965246283536
4137 6.231422405619994 8.429310305808254 0.5100647109677434
4138 8.097347481664007 6.673286839919106 2.519002173697889
4139 6.392034726232152 8.310325671576674 2.024214162206072
4140 9.692713297064589 4.034272893778053 2.714865695470293
4141 2.080912042815284 10.28416489159766 2.491053600526517
4142 5.687269254627998 8.828595600442275 3.460357319204876
4143 0.5473731846611982 10.49133898033953 1.999560102215607
4144 3.782934934886101 9.790653025976411 2.067867935126726
4145 7.731064682054555 7.102978858540757 2.481008526042106
4146 5.322905735366938 9.052179532767427 2.694293900118798
4147 6.759914945053323 8.02687123652237 2.727951064282535
4148 0.5456470491634553 10.49112239537636 3.000671736007281
4149 7.57254134458619 7.279924555358837 3.008371660370396
4150 9.090482431300027 5.247414782940214 2.406027322194238
4151 10.36706083674681 1.553949537611256 2.524920620895488
4152 9.997552670181612 3.162543844790958 1.295950308136486
4153 8.625858630779973 5.991821533555571 1.976079369896671
4154 10.12085720735517 2.79921325221281 2.409923931304161
4155 3.753449046517865 9.820039553418482 1.509486517622061
4156 4.933771660748935 9.26487714098389 2.090987117065212
4157 1.201213167916219 10.42014272988476 3.00334946591014
4158 9.509889740550729 4.441319359679716 3.459414778162046
4159 9.388365815100689 4.707785512681679 2.275338013293522
4160 1.787227303374371 10.35331192248656 1.769976893223001
4161 7.870182634786254 6.966823513925435 3.723508720528792
4162 7.0925494575183 7.733528277941147 3.466978329669711
4163 10.13013740276618 2.834211352563947 2.965613370929833
4164 10.22978396972471 2.35366741015189 1.879088463455025
4165 8.757346929634918 5.809932454865447 3.498044441491186
4166 9.978629211283971 3.294212365377823 0.6188228746986618
4167 1.780021374584544 10.36078851404979 3.235498589071189
4168 2.491908010626898 10.20112347191515 1.747326200351997
4169 8.281209977515944 6.439884178727077 2.026524687726087
4170 4.570180095153682 9.451889960676144 1.644602045996021
4171 8.791238085421375 5.699386868727879 2.518592688966851
4172 4.891575157825383 9.274339510436176 3.495608984415578
4173 9.197281378409638 5.079346531625456 3.004979093293016
4174 6.768889220011753 8.021498987739879 1.726110310694204
4175 7.268602421012677 7.581791738610123 2.271079306575911
4176 3.393949183858291 9.944470713643192 2.679255651830958
4177 9.435806762417002 4.638383156961762 1.037284572138998
4178 6.029858681943482 8.595828390630427 4.347654334723832
4179 6.456806849057907 8.28811317360711 0.9958979192406185
4180 3.79846471362883 9.757093440693646 3.003310050539438
4181 8.989119704924162 5.431617823234377 1.787297215012954
4182 10.38773388303732 1.540546141449737 1.961694460728583
4183 7.820132797470651 7.000931682260724 1.777467719920926
4184 10.42759970942536 1.098566540399474 2.820168865445118
4185 1.380632874305537 10.4232077560838 2.475428250921068
4186 0.579810079897866 10.4906096981864 1.443788749383911
4187 8.518322018646003 6.11308075024036 2.763142695864638
4188 4.612184583515734 9.392708895107585 2.51275984529883
4189 1.103757775755924 10.46570034321228 1.996670318677094
4190 5.282568377796869 9.070058120134846 1.715939703451742
4191 4.078075281782979 9.63680403752562 2.511996612914194
4192 4.202334177367606 9.599180846054084 1.259998006933813
4193 6.401512288832696 8.290900798789139 3.043088381324797
4194 10.0648516810941 2.865564023674223 1.785011173208745
4195 9.174744987207948 5.129204474146424 0.9953557108574035
4196 10.2200741186166 2.340321596956714 2.693532537640506
4197 8.762693144427407 5.821183385090392 1.47066095636624
4198 9.667929638765404 4.0764659103001 2.172050726659332
4199 6.380651673227277 8.31461500303962 4.002721254637641
4200 10.47784641994171 0.6791252233349244 0.6701459504054056
4201 3.782428235337531 9.790428173814226 0.6817624248123393
4202 1.095446716065151 10.42798788810557 0.5152528770618829
4203 2.952312403323342 10.07671867447918 1.463781791477924
4204 9.929667149386376 3.294353993219039 2.523076463014623
4205 7.155141930593544 7.648882991319774 2.799419579470994
4206 10.48019530537282 0.608514393455066 3.499193443601198
4207 2.475960673097675 10.20837663325687 3.232765450190924
4208 9.484634043248281 4.492775634508472 2.919094807389341
4209 5.305007013422761 9.054150098746554 3.795840809773638
4210 8.999455290453 5.380768687490963 3.75264811455205
4211 9.001814959053108 5.393325878904501 0.5301997459930727
4212 8.189874377617441 6.583730007361225 3.953754567012379
4213 7.472773403317129 7.34318167749047 3.541583923277887
4214 2.723837539155829 10.18104785012292 2.490077641806101
4215 1.168055657592106 10.42113520846633 3.556188355812949
4216 1.314186583236356 10.41808693613673 1.483188477664578
4217 8.346766563931228 6.338544495432313 1.297932485736076
4218 2.275151614008773 10.25203950253394 4.497024689047379
4219 9.403776932093166 4.751207751575747 1.733444866882028
4220 9.236365988489682 4.927051904782215 3.528648819542318
4221 2.600164914042316 10.15986649064146 3.786469440591893
4222 9.79872531333096 3.875376604225407 3.465950570880847
4223 0.6072215165500316 10.48782362365917 3.995307366265662
4224 10.11543912353536 2.734126077924908 3.512977855730112
4225 10.19990103367572 2.447158463645016 3.986652508858556
4226 9.921761973116073 3.328675551750528 3.505576450582817
4227 7.297923412149911 7.595262495902363 1.725997613864293
4228 4.898062876148717 9.26442634674064 2.954307762780733
4229 8.122605927868346 6.615298843941845 4.493610956826483
4230 10.30836630353009 1.912007031097789 1.575642471235008
4231 10.23017242921153 2.395036322304652 1.335664725786179
4232 8.548149814477595 6.091873890080465 0.8380737758088506
4233 9.664560556757705 4.088064391231194 4.137388701676119
4234 7.029787092441253 7.772279908645662 0.5041816405008699
4235 7.74392772975192 7.05557473063165 4.487356098629658
4236 8.857567593464216 5.603747701652976 4.251809903802964
4237 2.98606919344158 10.07030964868486 4.375934581843188
4238 6.107105601692448 8.499598499681829 3.436581593427198
4239 5.81955741979044 8.772172718514241 0.5782627931292086
4240 10.50102336933147 0.6529464842836269 1.78066348779392
4241 10.4507126248747 1.034361476374437 2.181017307621686
4242 2.059562029131544 10.27139064961359 0.5072744644161807
4243 5.629337577942495 8.90793465681319 1.274922136038501
4244 9.248505551360457 5.000665508299369 4.457465891508396
4245 10.25344365802462 2.006643269285471 2.276989150550321
4246 3.260367512667351 10.0062703818019 0.6366974484982426
4247 3.503674387238613 9.873844566205456 4.398302026153292
4248 10.43962481012564 1.17926010386723 3.459024195910438
4249 8.087160203361185 6.704960820729345 0.961672294594627
4250 5.57832314682384 8.901658622697473 4.365960182907413
4251 10.13604182576319 2.764992890672818 0.6371158199417808
4252 9.495089537676829 4.508706067895321 4.449215536963488
4253 4.450274734566408 9.486103927806996 3.249577921946446
4254 4.203465023233933 9.590883161906874 3.7283520937652
4255 4.956251929940927 9.250861703957742 1.327781997570033
4256 0.6072325370938266 10.49030281883471 0.8949712030372102
4257 8.471873502643827 6.177376079484058 3.756771241404615
4258 8.46136063593122 6.264588677524334 4.281287337296878
4259 7.610813102536234 7.241597410381846 0.5027528747366869
4260 10.44406472325346 1.123731901218329 1.342150690181003
4261 9.850291778145504 3.664944433829282 1.4810934633458
4262 10.3255115259444 1.972107010802719 3.08396852215464
4263 3.390500873018232 9.94252846769605 3.326338433438947
4264 6.886673437617417 7.93661010493384 2.228595578395681
4265 6.069280737522355 8.624742504263295 1.767849075730008
4266 1.975817757766271 10.27193215249666 3.735116191245859
4267 1.761859606151052 10.36456470657235 4.261607421816485
4268 0.7057368909738549 10.46443094334728 2.500384662931952
4269 4.261684266380599 9.600989486932381 2.030797646262737
4270 9.72803854731837 3.958756709485855 0.6960879686762974
4271 8.822359119805409 5.631935505826657 0.9739730325111642
4272 6.63588692457421 8.107464925875833 0.4790475010993972
4273 3.369124741890573 9.940336439344536 1.156732519691209
4274 5.275574507248066 9.017487847234417 3.208991658902716
4275 6.85708580635771 7.929872340736873 0.9878787931780924
4276 1.794994770384909 10.36237686914495 1.218376487268518
4277 10.48869507140705 0.5195951574897707 4.450969946736023
4278 10.49079101908986 0.611337460687812 1.199576022964004
4279 6.369018931139395 8.262178004012069 1.514592067714176
4280 7.480225779657065 7.392882465481649 1.241177031031969
4281 10.03246558248666 3.053547089245223 4.474784045445404
4282 8.858653205188915 5.613429353368181 3.027177553152298
4283 6.774631356330152 7.996248410529515 3.815563401950005
4284 6.357347465828304 8.263153786100732 2.528456053601319
4285 9.664613794235029 4.164086171765664 1.205387474121347
4286 1.108462302535218 10.41660306428841 4.508269117818262
4287 10.42969365149368 1.105102304550144 4.441650829278164
4288 5.99781452729976 8.524204911887788 2.258675905976815
4289 9.4641528483277 4.523833377259185 0.5005507325705798
4290 10.34768309254149 1.553191345684106 0.4862229553006299
4291 7.027162071463105 7.784894888923468 4.424092284983537
4292 2.584241464061027 10.1749441920935 0.7422135586063718
4293 3.257603145248096 9.953614019497126 3.930330868682132
4294 10.31846385703883 1.946468284406423 1.022865295793833
4295 4.928170694945942 9.258269654235535 0.6025014749016178
4296 4.386253247206329 9.543343876670125 0.5402971090243841
4297 5.007495436939344 9.187951768374367 4.232297992952462
4298 4.551574589159136 9.461586481828855 4.443786058444883
4299 2.328406717552641 10.29138284207354 1.24997131777773
4300 10.07508121777945 3.05516658861207 3.940399773189574
4301 4.058565307451662 9.701097145588193 4.349489333843257
4302 10.2519158620956 2.361698359417553 4.530361636931102
4303 10.41250832954122 1.413625393639518 3.970599246741509
4304 10.31099867271187 1.928319668358828 4.175532088789635
4305 10.48666892281565 0.5510402033044803 2.461146070188859
4306 3.410718600310177 10.0026004754815 1.817935069696476
4307 3.714094529310383 9.791922995891658 3.717022440887414
4308 6.054651504958139 8.881590576318768 4.032615751449737
4309 5.85856396828574 8.71221199553635 3.904005826964354
4310 5.883356791300397 8.997974181224693 3.588967243690258
4311 6.093274964832622 8.83347563084447 3.57707938080142
4312 5.897187428160223 8.664097050062052 3.448469456316037
4313 6.068482141817965 8.547713445156127 3.892117964075515
4314 5.656496216749188 8.536528289689905 2.759943863521522
4315 5.678950476830544 8.815773774836771 2.727333877550538
4316 5.30045147528558 8.772934047620561 2.726903886089782
4317 5.276785861226145 8.755588204854057 2.984252765481741
4318 5.299240121307502 9.034833690000923 2.951642779510757
4319 5.655284862771109 8.798427932070265 2.984682756942497
4320 6.6169175160998 8.150352202693979 4.520312488323055
4321 6.927255627500513 8.332990641729072 4.73471322203199
4322 6.460565841362403 8.067731898824285 4.785599266291065
4323 6.588694900712397 7.834994174356329 4.497645408782834
4324 6.89903301211311 8.017632613391424 4.712046142491769
4325 7.055384686850508 8.100252917261116 4.446759364523759
4326 0.1821353374513524 10.48651330945017 4.835637083460245
4327 0.1832615829989616 10.68036655853682 4.651520558630356
4328 0.3653969204503128 10.80003872640533 4.815883475170111
4329 0.4857460957263676 10.54700455048893 4.497653683132831
4330 0.4868723412739768 10.74085779957557 4.313537158302942
4331 0.3036107582750164 10.42733238262041 4.333290766593075
4332 9.802348231885315 3.675883893294575 4.477618664282181
4333 10.09376939393827 3.704971072326869 4.297273344842372
4334 10.03359797900654 3.764852690912294 4.819654680560191
4335 9.887321199720127 3.394656300562612 4.737392022722702
4336 10.17874236177308 3.423743479594905 4.557046703282893
4337 9.947492614651852 3.334774681977186 4.215010687004883
4338 6.865545621898304 7.606074334442353 3.359919475081804
4339 6.926232201285812 7.880199757231758 3.097464696976123
4340 6.699228365665816 7.752745813732965 2.990405842388216
4341 6.520027037555503 7.884760594866349 3.147974500909347
4342 6.58071361694301 8.158886017655753 2.885519722803666
4343 6.747030873175498 8.012214538365143 3.255033355497254
4344 5.525813975401286 8.928307223596207 0.9220394313790311
4345 5.552433949470148 8.630656217882041 0.7128538425124931
4346 5.792937445721579 9.069823724228405 0.7874483819957466
4347 5.697827524797606 9.137704693377879 1.135778053450393
4348 5.724447498866468 8.840053687663715 0.926592464583855
4349 5.457324028546175 8.698537187031516 1.06118351396714
4350 5.482633234916111 8.661142081457985 3.109935595632821
4351 5.861132236461074 8.703981808674193 3.110365587093577
4352 5.481421880938033 8.923041723838345 3.334674489053796
4353 5.632796200725919 8.865127111569874 3.913158751056145
4354 5.828883737398318 9.034505692352292 4.041768675541527
4355 5.804090914383661 8.748743506663949 4.356807258815623
4356 10.60131342891059 2.208932494851178 0.1647225496671681
4357 10.09278947143831 2.195928453640271 0.2240053873706693
4358 10.26790542518331 2.193479532405096 0.3887279370378374
4359 10.45623560420939 2.485738232144411 0.4832804596380585
4360 9.947711646737108 2.472734190933503 0.5425632973415597
4361 10.28111965046439 2.488187153379585 0.3185579099708904
4362 4.547520090529658 9.432611336171526 3.611980539090389
4363 4.369830788533191 9.251418489135261 3.7347140716783
4364 4.713885855828917 9.093146663399914 3.61834251700349
4365 4.949535297382363 9.231145639405272 3.86395348868402
4366 4.771845995385897 9.049952792369009 3.986687021271932
4367 4.605480230086638 9.389417465140621 3.980325043358831
4368 7.4999769843738 7.346912897787133 4.105496170248604
4369 7.496595502016898 6.971919403295352 4.36138907660472
4370 7.747309212108823 7.430568225123432 4.231463192273542
4371 7.388926382964415 7.79522830426934 4.199831285450482
4372 7.385544900607513 7.420234809777559 4.455724191806597
4373 7.13821267287249 7.336579482441261 4.32975716978166
4374 0.1881215022659727 10.17988034751126 4.647350985218891
4375 0.3702568397173239 10.29955251537977 4.811713901758646
4376 0.491732260540988 10.24037158855002 4.309367584891477
4377 5.834277190547684 8.420755635743561 2.882934275111647
4378 5.660414208714608 8.545369427511641 3.232926007222947
4379 5.831460780341484 8.429155007836531 4.167703839446833
4380 5.660166066683741 8.545538612742456 3.724055331687355
4381 5.870084240215967 8.381040062362233 3.712167468798516
4382 6.265439701594484 8.099854231414405 4.286959893609886
4383 6.732129487732594 8.365112974319192 4.236073849350811
4384 6.703906872345192 8.049754945981544 4.213406769810589
4385 0.7039880410603145 10.22693622469927 3.250387556415818
4386 0.4889867289718318 10.24088635918346 3.125405450015896
4387 0.7347752747536027 10.22528683884068 3.747705371545009
4388 0.51977396266512 10.23923697332486 3.622723265145087
4389 0.5764342828567435 10.48947300951776 3.497989551136471
4390 1.01519234527464 10.19194263124426 3.528145866318652
4391 0.8568513533777808 10.45612880192134 3.278430045910115
4392 0.887638587071069 10.45447941606275 3.775747861039305
4393 6.281102520471906 8.050641538846987 4.785599266291065
4394 6.747792306610016 8.315900281751775 4.73471322203199
4395 5.605693012781662 8.582070123870055 4.176856763538623
4396 0.5191396160378264 10.23926438311737 3.871885762483688
4397 9.806580005695091 4.388360230183343 1.951864836164992
4398 9.535853285429285 4.413836830937924 1.95274779677068
4399 9.674503652358972 4.725731150821167 1.732561906276341
4400 9.804922083429904 4.432170360916125 1.468533209896
4401 9.534195363164098 4.457646961670706 1.469416170501687
4402 9.666271716500216 4.120276041032882 1.688719100390339
4403 7.762808857028608 7.418312689476252 3.883239190181587
4404 7.671478019051691 7.155002595707953 3.63254632190334
4405 7.96151347276317 7.230133607693734 3.974201588807039
4406 7.898386020246003 7.274509216046842 4.356125277857473
4407 7.807055182269087 7.011199122278542 4.105432409579225
4408 7.608350566534525 7.199378204061061 4.014470010953772
4409 9.587114182613968 3.630916435953945 4.227433618556402
4410 9.526942767682243 3.69079805453937 4.749814954274221
4411 9.672087150448778 3.349688843221982 4.487206976996923
4412 6.055968307111472 8.874190068827691 2.745245186675535
4413 5.875480969525124 8.988825537690307 2.868967252350086
4414 5.699923565647866 9.110595826758349 2.712205209243796
4415 5.519436228061517 9.225231295620965 2.835927274918347
4416 5.478750754831458 8.656807938211886 2.604384274865482
4417 5.834795496295065 8.420402180281229 2.637424252297222
4418 5.816205150797869 8.392820627772066 2.38657527779449
4419 6.016404872796956 8.551786464396951 2.509524880479546
4420 5.660360131333348 8.788192222327607 2.476484903047806
4421 6.056767655618472 8.873660184724237 2.992092069983891
4422 10.05353228012626 1.866833418439147 0.4671168650209843
4423 10.56205623759854 1.879837459650054 0.4078340273174831
4424 10.38694028385354 1.882286380885229 0.243111477650315
4425 6.396314492104699 8.265402310472201 4.501360627318821
4426 9.587225148654216 4.264691875455455 3.798401739919083
4427 9.805912082694064 4.392007211475907 3.921878875940713
4428 9.728576674590576 4.568634695700167 3.582891914183676
4429 9.502489639113779 4.475012713787518 3.954315157562767
4430 9.721176573153626 4.602328049807969 4.077792293584397
4431 9.579825047217266 4.298385229563257 4.293302119319804
4432 5.882904673785395 8.998273976492319 3.342083802095191
4433 5.701617987692048 9.113439329458387 3.218958984461386
4434 4.96017253625269 9.533530771294506 1.159540860271793
4435 4.579293053654267 9.425021275005914 1.293890002251923
4436 4.583213659966029 9.707690342342676 1.125648864953683
4437 4.675173194885391 9.679771857650698 0.7657984159989689
4438 4.294293712286967 9.571262361362106 0.9001475579790983
4439 4.671252588573628 9.397102790313934 0.9340395532972083
4440 1.204816649650753 10.42303741212115 0.9992206773632306
4441 1.304115028701812 10.67085295501875 1.366738343968072
4442 1.19474509511621 10.67580343100317 0.8827705436667246
4443 0.8513396265794888 10.45914535347014 0.7051120400495465
4444 0.9506380056305475 10.70696089636774 1.072629706654388
4445 0.9607095601650912 10.45419487748572 1.189079840350894
4446 6.537833896615567 8.484029827802189 4.786253214592332
4447 6.522171077738144 8.533242520369608 4.287613841911153
4448 6.208788861227458 8.775554351119599 4.075527079252808
4449 6.24741232110194 8.727439405645299 3.619990708604492
4450 8.066917307062734 6.461609929284666 0.1855015931718988
4451 8.049826947085437 6.282146608394177 0.1855015931718988
4452 8.16876527061029 6.737932386746211 0.4808361472973135
4453 8.151674910632993 6.558469065855721 0.4808361472973135
4454 7.985312239813629 6.428638363267801 0.6663377404692123
4455 5.691684892263714 9.114680759753213 2.253798666151588
4456 5.872450807102254 8.999875873563489 2.376711186592248
4457 5.519157650809325 9.225400712948071 2.589292688803136
4458 5.495432976821326 8.94145957957257 2.35879987746725
4459 8.43178628497655 6.660256476593846 1.877066630561198
4460 8.050671387493297 6.7204079304939 1.901996203823506
4461 8.201247694953905 6.940780228360669 1.752538146658618
4462 8.464564578184191 6.609586634946464 1.512770529566193
4463 8.083449680700939 6.669738088846518 1.537700102828501
4464 8.313988270723586 6.389214337079695 1.662228586731081
4465 6.53757155757647 7.890222082576063 2.867426815810752
4466 6.358370229466157 8.022236863709448 3.024995474331883
4467 4.543885571495792 9.186770149096251 4.092431054018142
4468 4.377519806196535 9.526234821867863 4.086069076105042
4469 4.77953501304924 9.324769125101611 4.338042025698673
4470 7.350424566147314 7.497752962935659 3.982551966863877
4471 6.988660254646003 7.487419547589786 4.206812966396933
4472 8.509229841025348 6.504474736932087 0.241621793274254
4473 8.342867170205984 6.374644034344167 0.4271233864461529
4474 8.44471513375354 6.650966491805711 0.7224579405715675
4475 8.215807045371834 6.122094897943361 0.6045384810763241
4476 8.675209939311745 6.344423026481271 0.6606586811786793
4477 8.31765500891939 6.398417355404905 0.8998730352017388
4478 8.93706617281587 5.499756150310359 0.2650998729965364
4479 9.028514740345567 5.819285633883801 0.4328686090879971
4480 8.963765954108329 5.925715905289659 0.1677687360914607
4481 8.710233600528113 5.84903015589834 0.4190368879044253
4482 8.801682168057809 6.168559639471782 0.586805623995886
4483 8.774982386765352 5.742599884492483 0.6841367609009616
4484 0.5633753837575408 10.78986374054127 4.792766767096609
4485 0.6848508045812047 10.73068281371152 4.29042045022944
4486 5.106740587047899 8.873704685742689 0.7249731833986977
4487 5.34724408329933 9.312872192089053 0.7995677228819512
4488 5.278754136444219 9.083102155524362 0.9387118054700596
4489 6.717297217506063 8.501120187779488 4.786253214592332
4490 9.469793554521267 5.08217847241567 2.251175313853946
4491 9.239424123200358 4.977600147810946 2.34068266774388
4492 9.320851862620938 5.351993107544939 2.316519968304304
4493 9.477499113017506 5.103889591862705 1.980228740648199
4494 9.247129681696595 4.999311267257981 2.069736094538133
4495 9.396071373596929 4.729496632128713 2.004391440087775
4496 7.750792267447626 7.427106565304888 4.531353775794514
4497 7.624172490659288 7.279995991099151 4.743678049314829
4498 7.631037028354993 7.651527825772389 4.787675726479685
4499 7.392409438303218 7.791766644450796 4.499721868971453
4500 7.26578966151488 7.64465607024506 4.712046142491769
4501 7.812638486937011 6.626154740619422 1.779609259982777
4502 8.043177076959658 6.345630988852599 1.904137743885358
4503 8.0759553701673 6.294961147205217 1.539841642890353
4504 10.3447239059588 1.79857663272849 3.485793699749795
4505 10.58506376015451 1.90723534613247 3.271019255446749
4506 10.08517167174869 1.86344829739874 3.298742966457687
4507 10.07791524513242 1.841554626176794 3.844524749775184
4508 10.31825509932813 1.950213339580773 3.629750305472137
4509 10.57780733353825 1.885341674910524 3.816801038764246
4510 6.220917996462802 8.406009004267606 4.673827167361916
4511 6.346774582096247 8.673849214165012 4.460080381954248
4512 6.205255177585379 8.455221696835023 4.175187794680737
4513 4.373091000239425 9.253618009392197 1.055446468747123
4514 4.750049876526085 9.079458438344027 1.089338464065233
4515 4.465050535158786 9.225699524700218 0.6955960197924085
4516 6.703134637079756 7.744164752685645 3.482358600207932
4517 6.357616052736955 8.022851013109641 3.270413626035475
4518 7.199911349468669 7.373444040540654 4.787472061715193
4519 7.319666588561302 7.149022780073153 4.531150111030023
4520 6.961283759416894 7.513682859219062 4.499518204206962
4521 9.269278593021539 5.445655234865128 1.515019579387202
4522 9.081932346066054 5.2804111486904 1.391326462935179
4523 9.362091234163433 5.294448560321151 1.119048827309427
4524 9.476607206606042 5.105450199035813 1.48809340532174
4525 9.289260959650557 4.940206112861086 1.364400288869716
4526 9.196448318508665 5.091412787405062 1.760371040947491
4527 9.975720845331509 3.915497877150702 4.786253214592332
4528 9.994789848908596 3.941002130587891 4.388349031398251
4529 9.936912715233564 4.091647316826299 4.354947565430392
4530 9.703368686855647 3.911914951555598 4.56869435083806
4531 7.102876366433268 8.05331948685059 3.764042262523705
4532 6.933590406924226 7.864888344235331 3.641270865809858
4533 7.261835417027341 7.921959420556407 3.589749726383558
4534 7.229141723999744 7.947642726047567 4.068306704040472
4535 7.059855764490703 7.759211583432307 3.945535307326624
4536 6.900896713896628 7.890571649726491 4.119827843466771
4537 5.872551489986671 8.999809142429296 2.129815729952523
4538 6.037377961614277 8.846608516318529 2.494396212172804
4539 6.037478644498695 8.846541785184334 2.247500755533078
4540 5.832887372787738 8.67747226913275 2.140990880396259
4541 2.962308022944197 10.32982818838098 3.362430303517317
4542 3.164055110119579 10.2691836977191 3.242843307651529
4543 2.969863007127667 10.32770826072961 3.117235689537198
4544 10.22168659092807 3.646887199441685 4.819654680560191
4545 10.07540981164165 3.276690809092003 4.737392022722702
4546 9.039801068112094 5.339516303087295 2.096662268603596
4547 9.270170499433004 5.444094627692019 2.007154914713662
4548 9.569927246758322 4.898910858178497 2.126930206405055
4549 9.577632805254561 4.920621977625531 1.855983633199309
4550 6.047207570262112 8.886518421021725 4.263269729365669
4551 5.821439802702292 9.039433537055249 4.272422653457459
4552 10.53803514444676 2.150687169303651 3.428898832011261
4553 10.53077871783049 2.128793498081705 3.974680615328758
4554 10.2089624508118 0.7691710564279183 3.032897971387386
4555 10.19417546468613 0.9918426261979347 2.913312125515442
4556 10.23526024878553 0.5241449829557143 3.372410260465426
4557 10.22047326265987 0.7468165527257308 3.252824414593482
4558 10.45389750739909 0.8535404669272699 3.159681154523158
4559 8.053185093776882 7.117193919697955 1.09656565812024
4560 7.953646500415918 6.852946251495034 1.369570007257777
4561 7.919671390831615 7.265179350463645 1.504463370783389
4562 7.749717881924822 7.461154742074108 1.236318026338911
4563 7.650179288563859 7.196907073871186 1.509322375476447
4564 7.783692991509125 7.048921643105497 1.101424662813298
4565 5.373864057368191 9.015221186374887 0.5903821340154132
4566 2.78221465232997 10.37646835382601 3.754320805283926
4567 2.780258284656542 10.11322632519643 3.394578938825283
4568 2.78976963651344 10.37434842617464 3.509126191303808
4569 8.382169716191198 6.251925600531282 0.4190368879044253
4570 9.266787917091081 5.450007020600396 1.76105985961314
4571 9.474116530675584 5.109801984771082 1.734133685547677
4572 9.811074532448325 4.381040491630996 4.169141986233544
4573 9.726339022907887 4.59136132996306 4.325055403877229
4574 9.894220654299641 4.193183275967002 1.826979851357372
4575 9.892562732034452 4.236993406699784 1.34364822508838
4576 5.334346559023856 9.332922332096063 2.466224284871858
4577 5.506873800478244 9.222202378901205 2.130730262220311
4578 5.300865939512325 9.047808383680799 2.057146485940458
4579 5.139779521714854 9.439271136204294 2.164570893345065
4580 5.128338698057936 9.158528336875658 2.392640508592005
4581 9.370304191670058 5.260827013454846 1.882909807264772
4582 1.668030869326406 10.09479172666248 0.6222105947369817
4583 1.577504372598347 10.34968926885958 0.5112636707390319
4584 1.185973212793209 10.17309034590847 0.6261998010598329
4585 1.535747239953089 10.14028483642816 0.9777616061631502
4586 1.44522074322503 10.39518237862526 0.8668146821652004
4587 1.927278399758226 10.31688375937927 0.8628254758423493
4588 8.06358027244401 7.105784481820734 1.628017112803087
4589 8.197093975389276 6.957799051055045 1.220119400139938
4590 10.54639109965457 2.449562941801595 0.2137467854076686
4591 10.40131327495337 2.726368679094827 0.532304695378559
4592 6.090043205952586 8.24046092520981 4.459426433652982
4593 7.25902659893409 7.234929240003912 2.273449245829631
4594 7.499833551533616 7.34238529857544 2.376043916309008
4595 7.490257729455029 6.995522799969229 2.378413855562729
4596 7.534791787163078 6.944499211829212 2.026643452502139
4597 7.775598739762604 7.05195527040074 2.129238122981516
4598 7.544367609241664 7.291361710435424 2.024273513248418
4599 5.482203520817166 8.661409076634492 3.355241647437724
4600 5.300707344465017 8.772775039251076 2.481360687825435
4601 5.473234585919407 8.662055086056219 2.145866665173887
4602 5.106140307156016 8.879123843359309 2.179707296298642
4603 6.544175586485682 7.875524818979828 3.656651136348079
4604 6.588071822581425 8.143574604659326 3.429325891637401
4605 10.48462212908655 0.304257196727533 3.124633988959679
4606 10.23968707249926 0.2198877862281814 2.997850805823907
4607 10.23849705750694 0.4954078878804216 2.853386573759257
4608 10.48785893780797 0.2755201016522402 2.60561030225351
4609 10.48343211409424 0.5797772983797731 2.980169756895028
4610 9.577500993679434 4.920874486231799 1.611068629611704
4611 0.5584609400427382 10.22609126543157 4.811713901758646
4612 0.6739501960517819 10.47354330054073 4.497653683132831
4613 8.326897155674299 6.774590888406529 1.388249495710662
4614 7.361018338799502 7.115722876724762 3.888502988928835
4615 7.611732048891428 7.574371698552842 3.758577104597657
4616 8.33014088092146 6.730804532408683 0.2137467854076676
4617 8.347231240898758 6.910267853299173 0.2137467854076676
4618 8.265626173649652 6.877296287282308 0.6945829327049812
4619 7.647808298251509 7.551449134001532 2.250588167720974
4620 7.879039428772448 7.312042693966848 2.355552777454072
4621 7.923573486480496 7.261019105826832 2.003782374393482
4622 7.497356529328938 7.705842050763554 2.120767506461173
4623 7.773121717557926 7.415412022588853 1.873961713133681
4624 7.098490512859209 8.065783431994886 3.467601145835425
4625 6.932173256626721 8.212454911285498 3.098087513141837
4626 6.752971928516407 8.344469692418881 3.255656171662968
4627 7.802139332855599 6.639218503492978 1.538801647305143
4628 8.065456216085888 6.308024910078772 1.299034030212718
4629 9.268461801008833 4.411876936163557 1.759211775663087
4630 9.400538154344954 4.074506015525733 1.978514705551738
4631 9.398880232079765 4.118316146258515 1.495183079282746
4632 1.015849393931664 10.69358959360033 3.528039550770552
4633 0.704645089717339 10.72858318705534 3.250281240867718
4634 0.7354323234106271 10.72693380119675 3.747599055996909
4635 0.488904075908695 10.74131493992757 3.125455111267517
4636 0.5196913096019832 10.73966555406897 3.622772926396707
4637 9.894448180700909 4.192648920051349 2.074831895734732
4638 7.559722954534065 6.927543794942244 3.979465387554287
4639 6.931830314418335 8.212745003747372 2.85124844805875
4640 7.098147570650823 8.06607352445676 3.220762080752338
4641 9.462985021236825 5.109872847517138 1.242024051599392
4642 5.276356147127199 8.755855200030563 3.229558817286644
4643 0.9782257876138789 10.69711966376089 0.757612762973112
4644 0.7341186981282168 10.72827712912547 0.9474719259607756
4645 1.295343146378812 10.16813986992405 1.110167601361181
4646 1.554590676810633 10.39023190264084 1.350782482466548
4647 6.752628986308021 8.344759784880756 3.008817106579881
4648 2.960393895518157 9.809165196203082 3.125695494683093
4649 2.78030052490393 9.855805361648111 3.517585996449703
4650 3.175468504391888 9.747136350175408 3.28752049287323
4651 2.995332893530274 10.05119747916875 3.556403937015419
4652 3.1754262641445 10.00455731372372 3.164513435248811
4653 3.177382631817928 10.26779934235331 3.524255301707453
4654 3.37912971899331 10.20715485169142 3.404668305841665
4655 4.577960373998553 9.706479716985891 3.851689685591228
4656 4.922015441294278 9.548207891250541 3.735318130916417
4657 4.979975580851258 9.505014020219637 4.103662635184859
4658 10.21404300177522 2.676658226271249 0.3185579099708904
4659 10.08957784824544 2.514943681624711 0.3185579099708904
4660 5.290413116940228 8.770359695861259 2.022794766801781
4661 4.923318838176838 8.987428453164348 2.056635397926536
4662 1.082052410606171 10.19095171162213 1.226583691047801
4663 0.9726824770205689 10.19590218760655 0.7426158907464536
4664 0.7285753875349067 10.22705965297112 0.9324750537341173
4665 10.73434129563718 0.5558258591143268 3.123721007340103
4666 10.73876811935091 0.2515686623867938 2.749161552698584
4667 10.73757810435859 0.527088764039034 2.604697320633933
4668 7.935653035800866 6.491233072727288 1.130903934641994
4669 8.216963383646206 6.521752658080828 1.129802390165352
4670 9.722062096911053 3.221568118875291 1.048705868537964
4671 9.988090940732793 3.22837810508439 0.9573865914175739
4672 9.712600367462231 3.287402379168724 0.7101421518190518
4673 9.648431650892999 3.472768413394454 1.141277446142621
4674 9.914460494714739 3.479578399603553 1.049958169022231
4675 9.923922224163558 3.41374413931012 1.388521885741143
4676 6.596458686542595 8.475670502546338 4.090853765895021
4677 0.7515794840829551 10.71640249059307 4.792766767096609
4678 1.747751741081728 10.10627288775101 3.119671008449957
4679 1.930466708699914 10.32247670282372 2.863276094798853
4680 1.898197075197097 10.06796107652494 2.747448514177622
4681 1.548057490942224 10.13748250876801 2.739635839374897
4682 1.73077245856041 10.35368632384073 2.483240925723793
4683 1.580327124445041 10.3919981350668 2.855463419996128
4684 10.50811551628191 1.365356452303645 4.720825414639082
4685 10.34711853398542 1.455099454991672 4.720825414639082
4686 10.28777104459452 1.866708136896014 4.587766044394817
4687 10.37034616210277 1.516710986454485 4.3085914590339
4688 10.44876802689101 1.776965134207987 4.587766044394817
4689 10.2072701669756 0.8047323660071142 2.76518123940988
4690 9.587305035479432 3.61967455122274 0.7487746988078696
4691 9.853333879301172 3.626484537431839 0.6574554216874796
4692 9.789165162731937 3.811850571657569 1.088590716011049
4693 10.26622749008645 2.201643060400436 0.5867212143414282
4694 10.45455766911253 2.493901760139751 0.6812737369416493
4695 9.304888033430467 4.279156324037138 4.072786172330905
4696 9.227552625326979 4.455783808261399 3.733799210573868
4697 9.220152523890029 4.489477162369202 4.228699589974589
4698 7.211465920573016 7.266562941873287 3.765558785544108
4699 5.480478857911049 8.662480058972173 3.597855077420587
4700 5.42600580400897 8.699011570099772 4.050656509271855
4701 10.2486418849363 0.2198877862281814 3.247813538664827
4702 10.49357694152359 0.304257196727533 3.374596721800599
4703 7.911229401462127 6.651316191150416 0.2125279382848079
4704 7.829624334213021 6.618344625133551 0.6933640855821214
4705 5.691904310602163 9.114547321932765 2.006765883168691
4706 1.961934765512221 10.06119176290915 2.016634226611561
4707 1.934069673094827 10.31873840704211 2.130515246874759
4708 2.108777135232677 10.0266182474647 2.37717258026332
4709 2.314275119138484 9.985097537623446 2.005308880176059
4710 2.286410026721091 10.24264418175641 2.119189900439257
4711 2.139567657000634 10.27721769720086 1.758651546787499
4712 4.179366466873791 9.347236775206458 1.149417528584495
4713 4.271326001793153 9.319318290514477 0.7895670796297805
4714 1.965304219194228 10.57123465911362 2.006637606133703
4715 2.112146588914685 10.53666114366917 2.367175959785461
4716 2.317644572820492 10.49514043382792 1.995312259698201
4717 10.15767007860554 2.590642270784962 3.749815182294334
4718 9.985103165086567 2.28907611276991 3.748398826033475
4719 9.94287221001639 2.432559919909856 3.511561499469254
4720 10.22047532473988 2.353116544363814 3.298473188942376
4721 10.04790841122091 2.051550386348762 3.297056832681518
4722 10.26270627981006 2.209632737223868 3.535310515506598
4723 10.07301587325664 3.768817905560806 1.128789887955176
4724 10.13718458982587 3.583451871335077 0.6976545936316065
4725 10.01188925784307 3.915724043389093 0.7362871406204243
4726 6.939531462265136 8.197143498289069 3.641893681975572
4727 9.961433421773368 3.225598046321682 1.907834053580642
4728 10.24503452377335 3.187407531870894 1.880437479601892
4729 10.14161626445261 3.547441554518353 2.003260359973788
4730 9.893841155919505 3.43999303109409 2.27686669848358
4731 10.17744225791948 3.401802516643302 2.249470124504831
4732 9.997259415240238 3.079959008446631 2.154043818111684
4733 10.06108231435955 4.073255933716714 4.786253214592332
4734 9.788730155883691 4.06967300812161 4.56869435083806
4735 5.611273447200199 9.176903219074818 0.6594620525449534
4736 5.16558008477795 9.419951686935466 0.671581393431158
4737 10.39120456539472 2.71017052389635 3.237749017540918
4738 10.12278826315077 2.784168715244427 3.239295613329972
4739 10.39855370501013 2.760213161215869 2.964066775140778
4740 10.49624076659924 2.329160990335256 3.023244350753182
4741 10.22782446435529 2.403159181683333 3.024790946542236
4742 10.3093719568805 2.983214108161667 2.003245510348905
4743 10.24177969102663 3.197609092934074 2.372278155251844
4744 0.1832615829989616 10.78043963679988 4.440883475170111
4745 0.3036107582750164 10.52740546088348 4.122653683132831
4746 1.902741976050224 10.57406761997099 2.740113960529681
4747 1.752296641934854 10.61237943119705 3.112336454802016
4748 1.55260239179535 10.64358905221406 2.732301285726956
4749 3.177682723746093 9.747955556788419 2.471990154818161
4750 3.380027026200105 9.680455243731572 2.349203095298533
4751 3.186067431972036 9.777020437707572 2.04132986375092
4752 3.388411734426048 9.709520124650725 1.918542804231291
4753 3.402333892084235 9.973535594562343 2.248595360763717
4754 8.820000712746726 6.15329368742278 0.1677687360914607
4755 8.56646835916651 6.076607938031461 0.4190368879044253
4756 8.34329398260919 6.782124785828395 0.8772742192131399
4757 10.03892266237493 2.063471887800306 0.7354380352675858
4758 10.54744661984721 2.076475929011213 0.6761551975640845
4759 10.33307347479016 1.749829815045264 0.7545441255472314
4760 10.06712047500509 3.775978618776072 4.077587941572729
4761 9.968140929975419 4.012009677037094 4.168663628128607
4762 9.763540101787374 3.852033332970172 4.046313015120241
4763 7.226795454487762 7.949791240634421 4.316014089815614
4764 8.952015119411293 4.974302238849701 0.4712840139099678
4765 9.088279973130529 5.261265176525463 0.7627777284252382
4766 9.038480133488713 4.842241536470662 0.7038619963421331
4767 9.183184064048589 4.539555988027042 0.4564595071987213
4768 9.319448917767824 4.826518925702804 0.7479532217139917
4769 9.232983903690403 4.958579628081843 0.5153752392818263
4770 5.11788587548584 8.881079649056117 2.358288789453329
4771 6.354355292644963 8.028859851852442 4.027718442635027
4772 6.677610491762877 7.763999794794365 4.238403957807976
4773 9.901247669219362 2.222684981885396 0.2240053873706693
4774 4.372175625322827 9.254084808084979 1.275375512441836
4775 4.556325343160452 9.173077204158286 1.183309523902605
4776 4.749134501609488 9.079925237036807 1.309267507759946
4777 5.496138134025379 8.941372849594416 3.628099064489257
4778 5.289347737308431 8.775257308124313 3.765596822704968
4779 5.4416650801233 8.977904360722015 4.080900496340526
4780 10.46095557159759 0.9014285622766269 1.006148320293204
4781 10.6789354795537 1.249040136357568 1.073503560115492
4782 10.69582632789782 1.026736797415866 0.7375011902276934
4783 10.4127647562416 1.116158284509515 0.5781844528530178
4784 10.63074466419771 1.463769858590456 0.6455396926753056
4785 10.39587390789747 1.338461623451217 0.9141868227408164
4786 9.628178432738425 4.789982154857491 4.208428065167467
4787 4.752015156961155 9.641831376946882 4.209406667931069
4788 1.962287016146151 10.57485655410138 2.987241826994742
4789 2.112732350261521 10.53654474287531 2.615019332722406
4790 2.310256665402716 10.49865061370491 2.98587525755461
4791 2.278436357956479 10.24627076242726 2.861909525358721
4792 2.127991023841109 10.28458257365333 3.234132019631057
4793 4.936692976593523 8.979216359943045 1.183430329562555
4794 5.292794753941712 9.079398180385466 1.301352066804267
4795 5.273235800594307 8.807752836370769 1.157000398796789
4796 4.92265235909603 8.982920335081943 0.8207900682283472
4797 4.942211312443435 9.25456567909664 0.9651417362358252
4798 3.588442059372196 9.867561869809801 2.373561793478842
4799 3.57451990171401 9.603546399898182 2.043509236946417
4800 3.596826767598139 9.896626750728952 1.942901502411601
4801 8.94289033825541 5.020098990262454 1.129727696916806
4802 8.850077697113516 5.171305664806431 1.525698448994581
4803 9.057406310698019 4.831100628977116 1.498772274929118
4804 7.958001873943982 7.233903811879204 3.723341981566138
4805 7.75929725820942 7.422082893661721 3.632379582940685
4806 4.946131918755198 9.537234746433402 0.7969005989375857
4807 4.657211971076135 9.400806765452831 0.5713992919630009
4808 1.957966518455212 10.06500993716648 2.996074010751862
4809 2.108411852570582 10.02669812594042 2.623851516479526
4810 2.305936167711777 9.988803996770024 2.994707441311729
4811 5.692225670697779 9.110751430376833 3.75670898897464
4812 7.512017024897555 7.712577429409674 1.848226660105364
4813 7.283262916581294 7.588527117256243 1.998538460220102
4814 7.559028104810281 7.298097089081543 1.75173266689261
4815 8.286242912663971 6.029644017834508 0.7622441882922315
4816 8.055748107105765 6.336187483158948 0.8240434476851197
4817 1.89866252662404 10.06788000501746 2.500086083065431
4818 1.548522942369166 10.13740143726054 2.492273408262707
4819 9.618729311441978 3.436291457934455 4.787472061715192
4820 9.763873694208515 3.095182246617066 4.524864084437894
4821 9.185898300462163 5.545814076161268 1.108357488136308
4822 8.905739412364785 5.531776664530517 1.380635123762059
4823 8.998552053506678 5.38056998998654 0.9846643716842838
4824 2.961462091145912 9.808425160917167 2.141576927584552
4825 3.177728551258109 10.00494031777194 2.348842424597349
4826 3.186113259484053 10.03400519869109 1.918182133530108
4827 2.755743771144692 9.867848532188914 3.24848971421554
4828 2.575650400530465 9.914488697633942 3.640380215982149
4829 10.17510576069139 2.58726647476033 2.82957295428517
4830 10.44352206293534 2.513268283412253 2.828026358496115
4831 10.2727928222805 2.156214303879716 2.888750529897573
4832 10.73967568516732 0.2308964979911983 2.998718100116226
4833 10.73524886145359 0.5351536947187313 3.373277554757745
4834 9.305275874812475 4.883793815554093 1.016320141498201
4835 9.037571458510952 4.844016454090572 1.066625102637478
4836 9.168102346115479 4.598605795498241 1.087589533278275
4837 9.419791847255084 4.694795454268755 1.385364719510513
4838 9.152087430953561 4.655018092805234 1.435669680649791
4839 2.78020050330379 9.855836360865315 3.763486294754036
4840 3.175368482791749 9.747167349392612 3.533420791177563
4841 6.00685727598338 8.28854831404113 3.995237299403737
4842 6.243878637459862 8.407106751360725 3.71965142403242
4843 9.156547723310389 5.634005116820543 1.638111789024729
4844 9.073167430751013 5.734163958116683 1.231449697773834
4845 8.991824562346142 4.886594138343868 3.643976485822425
4846 9.11791063947134 5.153910296136589 3.640648467047184
4847 8.8733692133278 5.113452529698242 3.755976133327291
4848 8.997894343781528 4.923400940102445 4.108385021805464
4849 9.123980420906729 5.190717097895166 4.105057003030224
4850 9.24243576992507 4.963858706540792 3.993057355525357
4851 10.1286700735471 1.584207488817139 3.742058328751122
4852 10.62856216195292 1.627994537550869 3.714334617740183
4853 10.36175350112654 1.670972530999173 4.073065667765572
4854 6.862394897079527 7.593096308392809 3.902548524880167
4855 7.021353947673601 7.461736242098626 3.72825598874002
4856 10.74863049760436 0.2308964979911983 3.248680832957146
4857 10.54576868475035 2.084639457006553 0.8741484748676753
4858 10.64713269902009 1.412940709996343 4.507078629231414
4859 10.72555456380833 1.673194857749844 4.786253214592332
4860 10.58778520962919 1.824549391900685 4.374019258987149
4861 9.952282382818996 2.416218673112929 2.975236260345011
4862 9.907314024893784 2.663163550916546 3.111276676989674
4863 10.00500108648289 2.232111380035932 3.170454252602077
4864 7.67052395147099 6.795759302124891 1.652997659661317
4865 7.804037654416257 6.647773871359201 1.245099946998168
4866 1.304486703746397 10.16695449691236 1.363225398105709
4867 1.544890797320674 10.13909946341647 1.230819402907678
4868 8.500195785330618 5.717996510947478 0.6303246491915748
4869 8.727028357618375 5.368722505359496 0.4763876342836859
4870 8.91208703942926 5.51263069236558 0.7520863892521185
4871 8.637300437994526 5.488027318820574 0.6982742775427316
4872 8.685254467141501 5.861904697953561 0.9060234041600074
4873 1.260824933433141 10.66876746125149 3.861920280976613
4874 1.464957631871579 10.39284995751934 3.908897888814717
4875 1.557726907712613 10.6404822103045 4.214629813978382
4876 1.231028255904696 10.66650138916253 4.33796066197927
4877 1.435160954343135 10.39058388543038 4.384938269817374
4878 1.138258980063662 10.41886913637737 4.032228736815606
4879 4.736009259028593 9.083162413482922 0.7266982027310254
4880 10.39244424010726 2.746547622032581 1.288073808963317
4881 10.11386254969657 2.778790083547805 1.315807516961332
4882 10.2761343605923 3.130301383275734 1.268216600138471
4883 10.34537893838309 2.931525906216664 0.9387993560411183
4884 10.0667972479724 2.963768367731888 0.9665330640391334
4885 10.18310712748736 2.580014606488735 0.9863902728639797
4886 9.389072245935054 5.217743108039226 0.5109875413246876
4887 9.475537260012475 5.085682405660187 0.7435655237568529
4888 9.620241190572351 4.782996857216568 0.4961630346134411
4889 9.018053975901404 4.866283261771708 0.2061841409134314
4890 8.91652960729802 5.054637751131519 0.2112345539026564
4891 8.850490750807909 5.162656728209511 0.4763344268991928
4892 9.06785381554322 5.285306901826509 0.2650998729965364
4893 0.1821353374513524 10.48651330945017 0.1643629165397555
4894 0.1788248250774663 10.18022171571705 0.3444885022612524
4895 0.3609601625288175 10.29989388358556 0.1801255857214969
4896 0.4857516059982651 10.5482441480767 0.4474856015186051
4897 0.482441093624379 10.24195255434358 0.627611187240102
4898 0.3036162685469139 10.42857198020818 0.6118485180583606
4899 1.962887749818259 10.06098323355683 1.770340695510447
4900 2.315228103444522 9.984889008271132 1.759015349074945
4901 1.753606255834897 10.60900469091917 1.882874217260408
4902 1.900448625555354 10.57443117547472 2.243412570912167
4903 1.55030904130048 10.64395260771779 2.235599896109442
4904 1.583930088839954 10.38825983928518 2.122702572072034
4905 9.986819723484583 3.973060621046106 2.469378460531295
4906 9.775364229758612 3.809952481373597 2.372761314711415
4907 10.06947065617861 3.74874020864165 2.127274079772417
4908 10.10529664964548 3.603101170766599 2.37348384430346
4909 9.811190223225482 3.664313443498546 2.618971079242458
4910 10.22195530458854 0.7298089987260117 3.751329256945154
4911 10.7227433574291 0.7408303020220917 3.747550189955493
4912 10.46450335664482 0.8621249072930374 3.999686003299449
4913 10.22620518760566 0.6853493807433639 4.227217508512567
4914 10.72699324044621 0.6963706840394441 4.223438441522906
4915 10.48444518838993 0.5640547754724183 3.97508169516861
4916 9.90700826756936 4.171157150303351 2.593196872117604
4917 9.819543526967848 4.366053702169944 2.717007050650129
4918 9.667369785985898 4.702810011621757 2.497243209561744
4919 9.540539556082638 4.371029203229866 2.495101854381907
4920 9.754834526587409 4.507913459755164 2.373433031029219
4921 9.894616438419767 4.192253658564374 2.321789387712123
4922 9.528147726933046 4.392125711490889 2.223694369976427
4923 9.680321467914997 4.055369402039076 2.443458211064812
4924 6.545329484575534 8.511664912253096 3.39295834688847
4925 6.39812614100541 8.616013762699442 3.589704952939671
4926 6.254308945262572 8.395249649235485 3.239834987375998
4927 6.4408684790113 8.247923455105672 3.626072497688602
4928 6.731889018324262 8.364338718123284 3.779195857201074
4929 5.117603183594161 8.881239089386522 2.603873365901934
4930 9.412670242381942 4.053991906322493 2.987571049109048
4931 9.588673670156435 4.263524264143262 2.816980251429817
4932 9.308630615473788 4.283243276687702 3.089685605068573
4933 9.465676250515127 3.974543761546169 3.363113486814326
4934 9.64167967828962 4.184076119366939 3.192522689135094
4935 9.745719305197774 3.95482474900173 3.09040813317557
4936 10.23799478866307 0.2554490958073773 2.730134073846401
4937 10.23680477367075 0.5309691974596176 2.585669841781751
4938 4.178116735458739 9.343916990910161 3.857389113558038
4939 4.352171518421341 9.279268650871153 4.215106095897879
4940 10.09285444422463 2.832388637943517 2.097467552256453
4941 10.33737472001103 2.95003872243096 2.315701889396613
4942 10.02526217837077 3.046783622715925 2.466500197159392
4943 4.92303614628516 8.987587893494752 2.302219974375141
4944 5.372758933019371 8.73737679089913 0.5141282093673867
4945 5.498422672269482 8.95303269527378 0.2891313965646043
4946 5.051624185498413 8.918236767658669 0.2249968128027824
4947 4.927065570597122 8.980425258759777 0.5262475502535913
4948 5.052729309847233 9.196081163134428 0.3012507374508089
4949 2.43023988340295 9.975059726727331 2.376684600903111
4950 2.402374790985556 10.23260637086029 2.490565621166309
4951 2.607872774891363 10.19108566101904 2.118701921079049
4952 7.373444040540669 7.199911349468655 4.828527272253277
4953 7.4931992796333 6.975490089001154 4.572205321568106
4954 5.481752632651154 8.658099443944081 0.2088731982332258
4955 5.266073433982263 8.787449124931321 0.2249968128027824
4956 5.588438131688262 8.608027109911891 0.49800459479783
4957 5.712871920753332 8.822245052546432 0.2891313965646043
4958 8.534338128611637 5.66751729187356 0.2064868300083803
4959 8.390572887250036 5.895095074006681 0.2064868300083803
4960 8.372254342561121 5.910361026055684 0.6255237179128056
4961 9.899964885278376 2.613120913597026 3.384958919389813
4962 7.671507057927103 6.794637082486664 1.407717071128333
4963 7.80502076087237 6.646651651720975 0.999819358465184
4964 7.50155354902031 6.990612474097127 1.139571726683855
4965 9.929923743153559 3.133837414810839 4.737392022722702
4966 2.321552898208334 10.4908010579761 2.242854416108767
4967 2.527050882114141 10.44928034813485 1.870990716021507
4968 2.643015646378606 10.43924253723873 2.242366436748559
4969 8.160244424716783 6.937827558549825 0.2137467854076676
4970 7.981778454428316 6.765492091996863 0.4808361472973135
4971 9.299022760180515 4.85056065100385 0.2502753662852899
4972 1.89943692849804 10.06774502064642 2.253225741244671
4973 1.752594558777584 10.10231853609087 1.892687387592912
4974 1.549297344243167 10.13726645288949 2.245413066441946
4975 10.4793144509654 2.638034014693258 0.2137467854076686
4976 10.48071294105203 0.304257196727533 3.624596721800599
4977 10.23545453859108 0.5196860305561501 3.62327742290253
4978 10.23597217427029 0.2154288338286172 3.748680701101931
4979 10.48496282406914 0.2597975787448853 4.100484973368012
4980 10.2397044216082 0.4752264125735026 4.099165674469942
4981 8.840756957106457 5.193046759150043 1.0916885090574
4982 8.747944315964563 5.34425343369402 1.487659261135175
4983 8.664564023405187 5.444412274990159 1.08099716988428
4984 9.986990405950699 3.972611982939104 2.716247925774593
4985 10.10546733211159 3.602652532659596 2.620353309546758
4986 10.21356713512396 3.366753096506168 0.7716886554637896
4987 10.22302886457278 3.300918836212736 1.110252372182702
4988 10.14939841855472 3.552119130731898 1.202823949787359
4989 8.676315953387693 6.495480847909921 0.241621793274254
4990 8.549255828553541 6.242931711509114 0.4190368879044253
4991 10.17197321413184 1.194664504778303 3.03620714387722
4992 10.17252368052577 1.190421335918465 2.852595009404661
4993 10.12092912239136 1.631434739979926 3.168106972231981
4994 10.1214795887853 1.627191571120088 2.984494837759422
4995 10.37655561768488 1.535336775601097 2.952068693799879
4996 7.94904596263515 6.474552864507668 0.8809353406751674
4997 9.497261891899505 4.467047497094094 3.189254792775694
4998 9.321258464125012 4.257515139273324 3.359845590454925
4999 9.654307526940844 4.158347981952561 3.462682674521446
5000 9.722022327119813 3.221682632791485 1.294491911060601
5001 9.648391881101759 3.472882927310648 1.387063488665258
5002 9.788886421872768 3.014745101952634 1.177500227730946
5003 9.844464267269547 2.813874236176086 1.294620450774878
5004 9.960774146784507 2.430120474932933 1.314477659599724
5005 9.905196301387727 2.630991340709482 1.197357436555793
5006 9.858130999663556 2.815969624893564 0.8480829836335936
5007 5.509217268857898 9.226988504019298 3.872078356547372
5008 5.645875335558438 9.150742765994757 4.157138043114259
5009 10.64212040224513 1.510811892664725 3.458547092324648
5010 10.14222831383931 1.467024843930995 3.486270803335586
5011 10.38256816803502 1.575683557334975 3.271496359032539
5012 7.258487488527357 7.235496546046003 2.033557672594084
5013 7.534252676756344 6.945066517871304 1.786751879266591
5014 9.66723705009181 4.703091022846072 2.250395054085372
5015 9.907169625049736 4.170778017975701 2.839994613074864
5016 9.803129998141582 4.400029388340911 2.942109169034389
5017 9.960175633182921 4.091329873199379 3.215537050780141
5018 9.807018961924166 4.387431221655282 2.198751410768277
5019 8.981426267902528 4.950454585516562 0.9038103046233159
5020 9.126130198462402 4.647769037072942 0.656407815479904
5021 7.100530096921285 8.055468001437445 4.011749648298848
5022 1.900954554614371 10.57435105793033 2.491639614748844
5023 1.550814970359498 10.6438724901734 2.483826939946119
5024 10.6054654657692 1.700349200886769 2.743762993806503
5025 10.39733027308609 1.326258039005365 2.672544743170303
5026 10.63573490210847 1.472657702280877 2.891387116081318
5027 10.584690810368 1.9094279374825 3.023286944436079
5028 10.34628618134561 1.763028274206988 2.804444571525064
5029 7.500570442564197 6.991734693735353 1.384852315216839
5030 6.586928167211799 8.479483051790876 3.132635056970798
5031 6.773487700960526 8.332156857661063 3.518872567283402
5032 9.815757846792806 4.374301250926534 3.212269154420741
5033 6.21041270916683 8.127199863555987 3.467160232086676
5034 0.5199578781807798 10.73965506672318 3.872553900027352
5035 1.965027770403636 10.57128957125008 1.758675963841272
5036 2.317368124029899 10.49519534596438 1.74735061740577
5037 0.7579698138300673 10.21458311250457 4.768512245365167
5038 0.6912411343283171 10.22886343562302 4.266165928497998
5039 1.643142162921918 10.70917530644801 0.213746785407667
5040 1.408112915753843 10.64627981732604 0.4713732239386085
5041 1.330475963233226 10.49088337722753 0.2576264385309415
5042 1.812533619766422 10.41258475798154 0.2536372322080904
5043 1.890170572287039 10.56798119808005 0.4673840176157573
5044 10.718363159883 0.8146813708286058 0.7052553741973792
5045 10.70455503217874 0.9534590068910296 0.5332877331403623
5046 10.13552520177619 1.983026279309122 0.2067920637918517
5047 10.05469817243198 1.779883873982545 0.2067920637918517
5048 10.30611325450933 1.679143975558653 0.243111477650315
5049 10.09626801046413 1.653931244107998 0.4499035414421667
5050 3.390986361590724 10.20485650919333 2.584006501998387
5051 3.174765728990542 10.26532611332207 2.253593274764778
5052 3.399371069816667 10.23392139011248 2.153346210931145
5053 6.384185356869355 8.634947657324195 3.903060539209713
5054 10.43906917281454 2.503318452012635 3.365113552863875
5055 10.54410537401906 2.122308918451541 3.150608886076139
5056 2.520125930778415 10.45265563682379 3.109089070391906
5057 2.32260161563722 10.49054976599418 2.738233145559703
5058 2.644064363807492 10.43899124525682 2.737745166199494
5059 2.599899106126752 10.1947122416899 2.861421545998512
5060 9.260638925795506 4.390428892389632 2.275625139282152
5061 9.412812666777455 4.05367258293782 2.495388980370537
5062 9.308773039869301 4.282923953303028 2.597503536330062
5063 9.436499929174484 4.600280573595075 2.597216410341432
5064 10.1422542441865 1.418112834524357 2.704970887129846
5065 9.715503900059694 4.595305072535155 2.819121606609654
5066 7.724242585280152 6.678875896401069 0.2125279382848079
5067 9.49881665814485 4.999155073300939 3.748144706456881
5068 9.090790749296456 4.698650080812648 3.768416231264004
5069 9.353241418951626 4.770753249331372 3.987912118178567
5070 9.50488643958024 5.035961875059515 4.21255324243992
5071 9.096860530731844 4.735456882571225 4.232824767247044
5072 5.097717196700805 8.890018942739825 1.869111691119801
5073 5.475264298036292 8.950398873256278 1.869622779133723
5074 5.108170019272902 9.167467630559369 1.903463410258477
5075 7.559887020854501 6.92737112202032 3.734030148389355
5076 7.361182405119939 7.115550203802838 3.643067749763902
5077 2.429874600740854 9.975139605203049 2.623363537119317
5078 1.195361303929783 10.67573039787716 0.6345079401990281
5079 9.717787149836624 3.230727799253353 2.030850372145895
5080 9.821205409157358 2.870693776605894 1.908027491773999
5081 9.753613143303497 3.085088761378302 2.277060136676938
5082 3.379610954313051 9.680603956664163 2.595287258260695
5083 9.721963918022741 3.221850800851977 1.540362413358535
5084 9.927783916317123 3.374087956880049 1.663303621044512
5085 9.652195164158254 3.433394912941068 1.907715726266561
5086 9.755613423478987 3.07336089029361 1.784892845894665
5087 10.03120217563786 3.01405393423259 1.540480740672616
5088 9.913708845060336 2.615098759117016 0.9652032066775251
5089 10.22725284140101 2.35573058753962 0.8299905578678068
5090 3.312680855108242 10.21269762759196 3.706664523463258
5091 3.324052009133164 9.948071243596587 3.628334651060539
5092 3.11093376793286 10.27334211825385 3.826251519329046
5093 10.42606656983343 1.296442748753374 3.714811721325974
5094 1.962960288095376 10.57472268178144 3.234455751750717
5095 2.310929937351942 10.49851674138498 3.233089182310585
5096 6.5288400075934 8.651115940164537 4.786253214592332
5097 6.211924107440636 8.573095116629952 4.673827167361916
5098 6.439724823641674 8.583831902237222 3.329381663021999
5099 6.777589500058687 7.680091665451982 4.497950301804865
5100 10.6888998695133 1.143385802114318 3.983253091525649
5101 10.18811181667274 1.132364498818238 3.987032158515309
5102 10.44635181745702 1.011069893547292 3.734896345171354
5103 2.928884029645205 10.05674025506929 3.858400154637012
5104 0.3692534816358706 10.79990879889976 0.1868166184700748
5105 0.1871181441845194 10.68023663103124 0.3511795350098303
5106 0.4907344127314321 10.74196746965777 0.63430221998868
5107 9.320989624811455 4.258117728383055 3.605683702179871
5108 9.398325032914943 4.081490244158793 3.944670663936908
5109 0.9245705890443751 10.43793302085535 4.754134558909131
5110 0.9354711975737979 10.69507253402614 4.54690132600574
5111 0.8578419095426248 10.45221334397379 4.251788242041962
5112 3.593124998415383 10.13504599018615 2.459987352082487
5113 3.601509706641326 10.1641108711053 2.029327061015246
5114 10.15376617295802 3.532943869422864 4.195252216657608
5115 10.23873914079283 3.251716276690901 4.45502557509813
5116 9.759110708455454 3.870705172064691 1.826572095002566
5117 9.491719224035002 3.868745277290325 1.633036073894972
5118 9.757452786190267 3.914515302797473 1.343240468733573
5119 8.875906424675785 5.626400604162384 1.628979085689597
5120 9.043334443062012 5.82878789774855 1.479793659701371
5121 8.792526132116407 5.726559445458525 1.222316994438702
5122 1.458347637747565 10.13594999566849 3.003596446869433
5123 1.490617271250382 10.39046562196728 3.119424027490664
5124 1.290923021110878 10.42167524298428 2.739388858415604
5125 9.985401723989689 3.987422537731593 1.481501219700606
5126 8.573788788167395 6.475581320503955 0.8154749598202516
5127 9.292823596755163 4.893566022153568 2.640158553293269
5128 9.074296676394713 4.768687281993707 2.762896650427825
5129 9.169838894740238 4.582906772521818 2.398076110428078
5130 9.217973008814035 4.475401833435216 2.719954507475988
5131 9.34095771082896 4.786061083066963 2.962036950341179
5132 10.17798576448198 1.235011286512181 3.35563480910988
5133 10.4336122597755 1.138913322133352 3.139596530677778
5134 3.574103829826956 9.603695112830772 2.289593399908579
5135 10.70147231153887 1.036984709770308 1.041257744085178
5136 1.402532801834083 10.14038215599749 0.4701543768157511
5137 1.637562049002158 10.20327764511945 0.2125279382848096
5138 1.88459045836728 10.0620835367515 0.4661651704929
5139 9.400420837627863 4.074769091198842 2.223981495965057
5140 7.348832022483832 7.004398249725867 4.828527272253277
5141 7.599560472602452 7.084482891356362 4.743678049314829
5142 9.577915745483139 3.633373797855842 2.276340356260429
5143 9.495264812789117 3.857694210260298 2.618444737019306
5144 9.613741738950011 3.487734759980791 2.522550120791471
5145 10.73564221309424 0.5255940092371728 3.622712472473637
5146 10.73615984877345 0.2213368125096398 3.748115750673038
5147 10.73989209611135 0.4811343912545252 4.09860072404105
5148 7.747278139458899 7.463751501640214 1.034787564716279
5149 7.887325331396721 7.309006659761078 1.084163499745312
5150 0.7219807648631541 10.72830681589385 1.471559178502398
5151 0.9369267770325671 10.70711433604359 1.347038479827738
5152 1.089169016532399 10.69204543486902 1.491259042642732
5153 0.946998331567111 10.45434831716156 1.463488613524245
5154 9.371797544518643 4.754685788097344 4.453340714235942
5155 8.871456666947262 5.116901469307226 4.004385410119546
5156 8.99598179740099 4.926849879711428 4.35679429859772
5157 9.476761199039188 5.080133911351892 2.739015704478369
5158 9.572303417384715 4.894353401880004 2.374195164478622
5159 9.62043753145851 4.786848462793399 2.696073561526531
5160 1.246461912593675 10.16818299080086 2.879341624624965
5161 1.336171765788334 10.16971550390038 2.615381017130429
5162 6.534899176772825 8.523522014378337 3.872774783544892
5163 6.577641514778715 8.155431706784567 3.909142328293823
5164 10.2363506505822 0.2064659553019776 3.987368777428571
5165 10.24008289792011 0.4662635340468629 4.337853750796583
5166 1.526901438510368 10.14037882735903 4.252987002758182
5167 1.229999464230896 10.16866407830602 3.900277469756414
5168 1.200202786702451 10.16639800621705 4.376317850759071
5169 9.905888701627779 2.64544349830898 0.732163892508356
5170 8.871726508839291 5.132503361128659 1.785659104182515
5171 9.079055122423792 4.792298325299345 1.758732930117052
5172 1.633257325415806 10.0941437034172 3.741682957382435
5173 1.571936707679189 10.3465336804815 3.645652273529404
5174 1.229376275328724 10.16874523140203 3.652219039665979
5175 1.526278249608196 10.14045998045504 4.004928572667747
5176 1.868838681958662 10.31824842953451 3.998361806531172
5177 9.41271101116044 4.053900506594253 2.740873643250527
5178 9.308671384252285 4.283151876959462 2.842988199210052
5179 8.190792543248781 6.965045837384926 0.9444111315266415
5180 7.743604904015839 7.033810386823113 0.2513764373683435
5181 8.027452623237178 7.145614582108558 0.4651232227760111
5182 7.848986652948709 6.973279115555595 0.732212584665657
5183 8.464492536328601 6.609676492440942 1.267791314087201
5184 5.138989544693105 9.43971032689646 2.411847119683868
5185 5.333556582002107 9.333361522788227 2.713500511210661
5186 4.978196006076505 9.503626203958307 2.622733483800677
5187 4.967545159441336 9.222444213937507 2.603526872708814
5188 4.772978122132335 9.328793018045737 2.301873481182021
5189 6.929119329284031 8.205929678064141 4.142494923006993
5190 2.727667516041119 10.39860349748234 3.232274196103323
5191 2.718156164184222 10.13748139650413 3.117726943624799
5192 2.538062793569995 10.18412156194916 3.509617445391408
5193 8.026990652074222 7.147635244642484 2.726100027249021
5194 7.879304906251752 6.937623616159287 2.850483986509949
5195 8.175230876271421 6.982280002261015 3.095575487716864
5196 7.94772898334004 7.236108093051524 2.989781594413166
5197 7.80004323751757 7.026096464568328 3.114165553674094
5198 7.651803013320372 7.191451706949797 2.744690093206251
5199 6.551345134196401 7.869676555597389 3.93413951629121
5200 10.70245810980551 1.026203157228174 3.727465566110114
5201 10.45991005774923 0.893887248661148 3.479108819755818
5202 10.44803860250159 2.542738897104701 1.159740734506328
5203 10.40097330077742 2.727717181288783 0.8104662815841288
5204 7.920875725159485 7.263896263905437 1.751548622828488
5205 10.66828928550473 1.255360496413536 3.01761687958377
5206 10.61724519376425 1.692130731615159 3.149516707938531
5207 9.070976106483995 4.771263496167097 2.52047673127429
5208 8.975433888138468 4.957044005638986 2.885297271274037
5209 7.320300097488744 7.506938659513754 0.5034672576187784
5210 7.665756659323273 7.538412397636689 0.7435445024591427
5211 7.375243654275783 7.803753646768596 0.7442588853412342
5212 7.255006436049159 7.582581187063655 0.8726793357664193
5213 7.600462997883689 7.61405492518659 1.112756580606784
5214 7.54551944109665 7.317239937931747 0.8719649528843278
5215 9.799217440588862 4.429348026468265 4.385595754188219
5216 9.755171275461901 4.528924811263527 4.536809186861307
5217 9.852177205693128 4.301968155158361 4.510860983074076
5218 10.19670447764897 0.9781029542735504 4.222557949783637
5219 10.69749253048953 0.9891242575696305 4.218778882793977
5220 10.45919436145036 0.8123487310199571 4.446310388007094
5221 0.5206142865127432 10.73962918708938 4.121717610973985
5222 7.633704803617786 6.837958095205683 2.744962867969821
5223 7.781945027814984 6.672602852824213 3.114438328437664
5224 7.554443134883604 6.926430943614723 3.008644435133966
5225 7.1776102078802 7.174281664270802 4.828527272253277
5226 8.062446306056479 6.722777606848462 2.869480810337841
5227 7.816846203422513 6.623112085894857 2.763959691797712
5228 7.914206081859281 6.888132849229931 2.500005349869998
5229 8.768149737876584 5.294337653422267 3.626423415374652
5230 9.098368334431319 5.23005760955821 3.378813603922533
5231 8.867062781854901 5.143626575489513 3.252588904745135
5232 8.697748695244542 5.410667986360876 3.263688134674776
5233 9.027967291799277 5.346387942496818 3.016078323222657
5234 8.929054247820957 5.497099020429572 3.389912833852174
5235 10.67430183585487 1.295707278147414 3.33704454481643
5236 9.95295400335195 2.460465214124897 1.081438345430555
5237 10.39128011410893 2.709870484022756 3.484983940462709
5238 0.7148641589369265 10.22721309264696 1.206883826907468
5239 0.5935213084958464 10.49045625851055 1.169379976210561
5240 2.522039795119546 9.934980528020896 1.882615880752281
5241 2.638004559384012 9.924942717124779 2.253991601479333
5242 7.004077516808201 7.347814355342802 4.787472061715193
5243 7.069955828854413 7.619026385047207 4.712046142491769
5244 10.20167005696495 1.015181853932094 3.731244633099774
5245 9.626684362203491 4.164590020204034 4.56869435083806
5246 8.483133774653602 6.594394252215809 2.988122690133831
5247 8.20032626747515 6.546958914334605 3.236929516001072
5248 8.310352637627402 6.819703711659022 2.971152621110551
5249 8.34525381323493 6.770212944729666 2.620673984470599
5250 8.235227443082678 6.497468147405249 2.886450879361121
5251 9.495225671570402 3.857793070661289 2.86464478547901
5252 9.548231679703589 3.778344925884966 3.240187223184287
5253 3.174367947958627 10.26545487447745 2.006365946162109
5254 3.398973288784751 10.23405015126785 1.906118882328478
5255 8.296002172963743 6.823089913349499 1.998123850056427
5256 8.189278729589976 6.556585509323091 2.272763430711988
5257 8.204070925037772 6.939791243945513 2.244362593042328
5258 8.065463582941096 7.103613665116322 1.873595366153846
5259 7.958740139567329 6.837109261089915 2.148234946809408
5260 7.354844517626711 7.861672658547936 1.478309635609136
5261 7.033406316080832 7.808380741821121 1.726053962279249
5262 7.090327421557632 8.074790904466694 1.478365984024091
5263 7.134425714730611 8.02897758096519 1.109250225266035
5264 6.812987513184732 7.975685664238376 1.356994551936148
5265 7.077504609253811 7.762567418319618 1.356938203521193
5266 3.787617873929287 10.05813714635276 2.15429349373037
5267 5.422628659354269 8.701105903202297 4.266081622272019
5268 8.210132051878949 6.932789235331659 2.745096851076913
5269 6.347185744934245 8.034708115234881 3.750230062691897
5270 8.922034414583663 5.041078131296365 2.585821385724648
5271 9.143881904854833 5.163380657282834 2.705503207743627
5272 8.431422968751528 5.823788110138237 0.8309559898566563
5273 8.568527621415434 5.593818918011333 0.8989056182078131
5274 8.566475297504002 6.48516367604955 2.25093771027794
5275 8.453534304147958 6.215852856141324 2.001302028811379
5276 8.738799624136018 6.261132353463797 2.225715051363232
5277 8.685031318069033 6.321761961806191 2.619246714347215
5278 8.572090324712988 6.052451141897965 2.369611032880655
5279 8.399765998080973 6.276482464483719 2.394833691795362
5280 9.372526768962445 5.270975463940275 3.110171111592635
5281 9.273613724984125 5.421686541873028 3.484005622222152
5282 9.203212682352083 5.538016874811637 3.121270341522275
5283 9.883952950129299 4.219027188136202 4.229682336544535
5284 0.5491642628542317 10.22643263363737 0.1801255857214969
5285 0.6739557063236794 10.4747828981285 0.4474856015186051
5286 9.985629250390957 3.98688818181594 1.729353264077966
5287 9.899036520679353 4.168172945799138 4.786253214592332
5288 4.386257136260644 9.525535403365115 1.452300026464917
5289 4.391946529916915 9.799823372762855 1.255403990259661
5290 4.575869488809953 9.726177930073884 1.447706009790765
5291 4.763216012547304 9.351375832316943 1.486192021783027
5292 4.768905406203576 9.625663801714683 1.289295985577771
5293 8.173754363391712 6.175226529462575 2.272262876130462
5294 8.346078690023726 5.951195206876823 2.247040217215754
5295 8.292310383956741 6.011824815219217 2.640571880199738
5296 9.97442789433499 3.994157129307129 2.197970976125814
5297 9.762972400609019 3.83104898963462 2.101353830305935
5298 8.555741081725929 6.490109899890292 2.742744245553974
5299 8.307834750155006 6.393183795079732 2.641072434781264
5300 8.445714711573677 6.217365102565877 3.008521140444495
5301 7.341349832813565 7.14574773437207 2.498815369276444
5302 7.110118702292626 7.385154174406753 2.393850759543346
5303 7.053388457083059 7.418699800761578 2.658020895990888
5304 7.21187217580311 7.615337364964949 2.535249443023452
5305 7.443103306324049 7.375930924930266 2.640214052756551
5306 9.974222486691371 3.99469688624473 1.95085204192251
5307 10.06540355638142 3.788936148009322 1.605373410265744
5308 8.020929525233047 7.154637253256339 2.225365769214437
5309 10.13510238919094 1.3977968065393 0.8149388313314474
5310 10.18329320454693 1.183067084306412 1.242902698771634
5311 10.38126429014615 1.535100092812376 1.182507992987418
5312 10.12049277143962 1.594435275900459 1.083260001578049
5313 0.9418615273209103 10.19325315593763 4.522646804274298
5314 6.351423599684821 8.662144926328072 0.5919160494836462
5315 6.341159451592001 8.669594388677059 0.7640400779596861
5316 6.145491106770045 8.833576132681067 0.6260150905643788
5317 6.135226958677224 8.84102559503005 0.7981391190404187
5318 6.025489912705217 8.600741512161248 0.544163752048476
5319 7.273147984095974 7.242231924692123 1.761016826238275
5320 3.177661578428618 10.26362217305777 0.9955797468840794
5321 3.160718572606958 10.00852755691186 1.310257155584567
5322 2.969255409145003 10.3318132906251 1.149104382777437
5323 2.785219939513845 10.38092604943225 0.7883202663416607
5324 2.768276933692184 10.12583143328634 1.102997675042148
5325 2.9766831029758 10.05764031571902 0.9494730391487904
5326 3.935188047377727 9.981212652127361 2.376357832624104
5327 3.93050510833454 9.713728531751016 2.28993227402046
5328 3.736012232820635 9.790637375584406 2.595626132372576
5329 7.901639022912567 6.51457757662625 2.026070891037209
5330 7.809707774986599 6.631278907222265 2.27230963402311
5331 7.671100432889921 6.795101328393073 1.901542407134628
5332 6.896841858435927 7.563751691131667 3.026140099982446
5333 7.123845694055921 7.69120563463046 3.133198954570353
5334 6.957528437823433 7.837877113921072 2.763685321876765
5335 3.593560322068335 10.13488608762185 2.707171959590965
5336 3.935623371030679 9.981052749563064 2.623542440132582
5337 7.288893011234011 7.882549862814202 0.9861074616798454
5338 6.943436449399481 7.851076124691268 0.7460302168394811
5339 7.168655793007387 7.661377403109261 1.11452791210503
5340 7.411196960397415 7.083784196102355 3.131113309355102
5341 7.638698853328795 6.829956105311846 3.236907202658799
5342 7.948863882617601 6.869545943851627 3.471734083753292
5343 7.560017605497447 6.927233675385654 3.4886818394343
5344 7.721361989686222 7.123374034642136 3.365940190449594
5345 1.545135331089663 10.64292488839685 0.9860697453023457
5346 1.544519122276089 10.64299792152286 1.234332348770042
5347 1.757694025165355 10.61350485950386 1.106587134842914
5348 8.526320201002648 6.683938057822576 0.241621793274254
5349 0.7204074695302365 10.72843056880131 1.221880699134126
5350 0.1499195033545273 10.33009221484745 0.1643629165397555
5351 0.3287443284319925 10.14347278898284 0.1801255857214969
5352 1.447641093538623 10.64234191185684 3.766272938798045
5353 1.24247545510462 10.67101142533495 3.649496345315591
5354 3.10891961890668 9.752710125293149 3.835417008799156
5355 6.793448528094034 8.316487206291285 3.997274839551203
5356 9.095729327178182 5.725147540914363 0.2100229252428301
5357 9.160478113415421 5.618717269508505 0.4751227982393665
5358 9.849208172287891 2.837518390875187 2.220483870821707
5359 7.918064018474364 6.509675165982966 2.99167115718335
5360 8.090845155500565 6.284365706539754 3.008641226206629
5361 7.952965194081894 6.46018439905361 2.641192520543398
5362 10.14181053538256 3.547133872486342 2.989495172023266
5363 9.994021321163366 3.210354617610464 2.990290281387586
5364 10.27792661698538 3.170990607439826 2.964818261565513
5365 10.17373890216032 3.418222707033116 3.234799801392005
5366 10.02594968794113 3.081443452157237 3.235594910756325
5367 9.889833606338311 3.457586717203754 3.260271821214078
5368 9.38036130912651 5.226013464655312 3.860144353961747
5369 10.44828858937846 2.520292174451175 2.173520055246914
5370 10.49654747801513 2.31163948273946 2.049404425657963
5371 10.46011843352842 2.346780104017965 2.372470398794563
5372 10.50837732216509 2.13812741230625 2.248354769205611
5373 10.24161381387466 2.18015533971868 2.078038807002673
5374 7.566847210459894 6.914969946547226 0.770359648536214
5375 8.33468935604358 6.792884655089457 1.099661218516477
5376 5.487759926435372 9.260690096656369 1.261583815845613
5377 5.151217102434587 9.432153620228643 1.288013746611378
5378 5.361284700796823 9.309168216950155 1.162207984216159
5379 10.11683484530754 1.590920363542797 2.648226528193311
5380 10.09606018990634 1.799999100138528 2.927750478822887
5381 10.06735556657565 3.783799875867777 1.352882867074707
5382 10.00622895116208 3.930706013696063 0.9603801197399555
5383 0.7333510952635827 10.22540990404692 3.997145482007596
5384 1.01376816578462 10.1920656964505 3.77758597678124
5385 0.9839714882561759 10.18979962436154 4.253626357783896
5386 0.1821353374513524 10.65859722245763 4.855046966569099
5387 0.1832615829989616 10.85245047154428 4.670930441739211
5388 2.513432478186981 9.938774321075005 3.117694541381872
5389 2.637370911216058 9.925109929508032 2.746350637189461
5390 4.950315443694979 9.539838834958125 2.289132080517046
5391 4.789521905078379 9.603754712019974 2.500018444633854
5392 8.234125590060749 6.106828945894358 0.1855015931718988
5393 10.42110099051744 1.259363849094831 4.206125038009837
5394 8.163452462572891 6.180081354214237 2.763262781626772
5395 10.49169255246108 2.304966576141871 2.456626462750704
5396 10.44343366382441 2.513619267853587 2.580742092339655
5397 10.23675888832061 2.173482433121092 2.485260844095413
5398 9.674942608588047 4.724802142293106 1.979448480879625
5399 10.63739021587203 1.487899032864941 2.619301512321371
5400 10.6676596522113 1.26020753425905 2.766925634596186
5401 9.964076384128326 4.30021258982188 4.812201418379562
5402 9.802030590448126 4.395129601904303 4.812201418379562
5403 7.361312989762885 7.115412757168171 3.397719440808848
5404 7.52265737395166 7.311553116424654 3.274977791824142
5405 9.482872983639524 3.878790718521322 2.347037252613826
5406 7.591450783800545 6.886662919959801 0.4639043756531513
5407 8.634731035716186 5.539036214622026 1.329341131811818
5408 8.474544049578036 6.601865006645564 2.497176453263841
5409 2.583489072882789 10.42809811360616 3.880627402874056
5410 2.437658264025544 10.2059529965877 4.141747064819636
5411 2.420982422866017 10.47418461955241 4.235905027101799
5412 2.271315494744766 10.48413094453377 3.854950778201039
5413 2.125484685887522 10.2619858275153 4.116070440146618
5414 2.287991335904294 10.21589932156906 3.760792815918876
5415 9.574325222525022 3.672344909630172 1.264090384810485
5416 9.513198607111455 3.819251047458458 0.8715876374757341
5417 1.959326483705933 10.06471240058805 3.24544698260395
5418 2.307296132962498 9.988506460191589 3.244080413163817
5419 9.136644196142795 4.64298893014236 0.2061841409134314
5420 9.417612980421906 4.627266319374503 0.2502753662852899
5421 9.476797239929045 5.080064705458659 2.985787357845712
5422 9.620473572348367 4.786779256900166 2.942845214893874
5423 7.626566375181874 6.846124916533091 2.253312810195219
5424 10.71828066591545 0.7936556780991101 3.231569786239339
5425 8.583038995143113 5.597095751141385 2.002558771555376
5426 8.708548358100675 5.845604201141725 2.247336029431761
5427 8.665728722463813 5.450878418727539 2.273815431090465
5428 8.764669532215207 5.316993895980788 1.908167694113517
5429 8.890178895172768 5.565502345981128 2.152944951989903
5430 8.807489167852069 5.711719678394974 1.881688292454812
5431 10.34228337979538 2.966623419952511 3.08803299530374
5432 10.23809566497033 3.213855519545802 3.358014535130232
5433 10.0040056878913 2.194402499662909 2.855887790043935
5434 10.0567243915552 2.010295206585912 3.051105782301002
5435 1.744543067818096 10.61405666090985 4.118982471799814
5436 1.851522143625706 10.56774038387201 3.8557368565145
5437 10.61613504644638 1.660408327951615 0.9138608629219072
5438 1.337523898187482 10.16953918443518 2.36810033935426
5439 1.540821112721899 10.13459126763656 2.015374660505227
5440 1.199086348912676 10.19078547799942 2.128721373232273
5441 1.445492539565147 10.40950613284942 1.883323605950047
5442 1.24219532503073 10.44445404964804 2.236049284799081
5443 0.217003528237728 10.77921102431368 4.249063927841155
5444 1.054833630666437 10.69037981788841 3.809950599998485
5445 1.025036953137993 10.68811374579945 4.285990981001142
5446 9.661331854875414 3.175472572182681 4.787472061715192
5447 2.32196982499597 10.49070118068848 2.490662079648248
5448 2.643432573166242 10.43914265995111 2.49017410028804
5449 10.60541301535769 1.700657130074369 2.495776894272209
5450 10.56526777970199 1.91139222886171 2.620006501508738
5451 10.54860442599659 1.927003995911476 2.371811159099625
5452 10.50845919034089 2.137739094698818 2.496040766336154
5453 10.31025224738572 1.780296403448363 2.400954885722904
5454 8.081823115465742 6.29192786005859 2.518501619116363
5455 1.886831273138915 10.06169419349116 0.7661626904862981
5456 1.754547643765598 10.10718730325685 1.121713701912467
5457 8.940860258360701 5.473400825834046 2.462310005580544
5458 9.059687079490196 5.764563817123992 2.251776645297077
5459 9.209309252429522 5.538577774230159 2.195493961910771
5460 9.15862788924159 5.630679294377241 1.886128908320129
5461 1.759142283653541 10.05784397429559 0.2125279382848096
5462 1.934113854417805 10.26715108715768 0.2536372322080904
5463 0.1871181441845194 10.8523205440387 0.3317696519009754
5464 0.1821353374513524 10.65859722245763 0.1449530334309005
5465 10.63947336847863 1.39049206806562 0.4413262355879743
5466 10.30978386604854 2.981811472717367 1.512747032674601
5467 10.14751205515282 2.630300172989438 1.560337949497462
5468 3.123282963817008 10.29658914428646 0.7355622112875961
5469 3.314746127278962 9.973303410573218 0.8967149840947258
5470 2.922304488364189 10.0906072869477 0.6894555035523072
5471 7.659771032499116 7.561061670726256 1.725813569800171
5472 9.593515908841352 4.864462188924807 1.262988482240189
5473 9.853669682056111 2.855612071087842 2.990773741429425
5474 9.717553600453295 3.231755336134359 3.015450651887178
5475 9.749481967231057 3.102844170681132 3.260755281255918
5476 3.977891611942735 9.709610199736282 1.384742262277937
5477 3.983152559933029 9.431882586309365 1.274213618694039
5478 3.758709994508159 9.542311939991563 1.398957874038164
5479 3.767938640927698 9.805233863616355 1.0956244712172
5480 3.773199588917992 9.527506250189436 0.9850958276333027
5481 3.992381206352568 9.694804509934155 0.9708802158730759
5482 9.423361725484384 5.16416803700927 2.43953981892898
5483 7.36468025866859 7.140640905921789 1.222897669097512
5484 5.121135152392996 9.439484929774835 2.843507442541629
5485 5.110484305757828 9.158302939754034 2.824300831449766
5486 4.755123729832226 9.328567620924112 2.733533804039781
5487 9.648333472004687 3.473051095371139 1.632933990963192
5488 9.854153470299069 3.625288251399212 1.755875198649169
5489 7.332545401052245 7.506726416649992 3.237674995020053
5490 7.415208917776612 7.775900647338092 3.220925673534341
5491 7.655204861310557 7.549098786046937 2.991622338884684
5492 7.363841637589867 7.464403773339306 2.903895619920695
5493 7.446505154314234 7.733578004027406 2.887146298434983
5494 1.446934434161768 10.64245421851519 3.519344584556119
5495 1.850815484248851 10.56785269053035 3.608808502272574
5496 1.031771100436697 10.19144639195348 3.251726421367248
5497 0.8734301085398373 10.45563256263056 3.00201060095871
5498 1.184634412754163 10.42063896917555 3.279768910861544
5499 4.134809246262176 9.903452793152578 2.499546394491411
5500 10.36553322021501 2.77738815377279 1.631662010009068
5501 10.44819359427373 2.542124303088005 1.406988786297785
5502 8.721177248659821 5.832544843817717 4.625904951901482
5503 8.51670786249003 5.680914807915708 4.413377013616675
5504 8.380317517685636 5.90971195008045 4.787472061715192
5505 8.523073769893323 6.162965331753396 4.640643668648439
5506 8.318604383723532 6.011335295851387 4.428115730363631
5507 8.659464114697718 5.934168189588656 4.266548620549921
5508 9.728328177424007 4.569161006255328 3.336041621750096
5509 9.633440451763192 4.76039999361285 3.45987717080376
5510 9.620812603111968 4.786128131027228 3.189717185417408
5511 9.715700328772783 4.594889143669706 3.065881636363743
5512 4.382911435985538 9.244631290729618 2.758308247174952
5513 4.345129932649357 9.514756466316602 2.512378229106512
5514 4.115856785119161 9.366678861938635 2.757926630982634
5515 4.301956511510875 9.291328807079323 3.12671728549876
5516 4.264175008174694 9.561453982666308 2.88078726743032
5517 4.531229659041071 9.439406411457291 2.881168883622638
5518 9.49667857573267 5.0032662661641 3.494494191493896
5519 9.360500015868983 4.709913769645343 3.22387181346583
5520 9.496339544969068 5.003917392037038 3.247622220970363
5521 9.373127864520207 4.684185632230966 3.494031798852182
5522 0.7043355972377846 10.22690612964702 3.001403298341162
5523 1.032118656614167 10.19141629690123 3.002742163292591
5524 1.462892538600692 10.64205653911454 2.996261893221492
5525 7.445995701380288 7.760482643337578 1.235899344192974
5526 7.389074595903488 7.494072480692006 1.483587322448131
5527 10.49218431641524 2.318454878155586 1.003341019510155
5528 10.27431814312518 2.170752303355537 1.179265010790006
5529 4.763117866793262 9.054384669586145 4.236164771356307
5530 4.535157442903158 9.191202026313388 4.341908804102518
5531 8.468204073068847 5.77686234639885 2.124898829313703
5532 8.550893800389549 5.630645013985003 2.396155488848793
5533 8.757410872854013 5.328872473405051 1.669481224267843
5534 10.74022839320298 0.4726205102421333 4.344811859333255
5535 0.3380410056204989 10.14313142077705 4.811713901758646
5536 0.1499195033545273 10.33009221484745 4.835637083460245
5537 8.644197592605636 5.523655254333059 1.511163094944486
5538 5.285970592653729 8.777351641226836 3.981021935705131
5539 0.7744165601453993 10.72372402548483 4.029510105224842
5540 7.805879681738078 7.393992566740592 3.118418343321792
5541 8.033381574669459 7.140164475950082 3.22421223662549
5542 7.95470032683811 7.237442046023891 3.47598687340099
5543 9.170040852893838 4.582501213002875 2.152653824068845
5544 9.309822764726194 4.266841411812084 2.10101018075175
5545 1.488744385802222 10.07043374240142 0.2125279382848096
5546 1.181658300033289 10.35803947450949 0.2576264385309415
5547 9.815946236730131 4.373858502230163 3.459085446450983
5548 9.960364023120245 4.090887124503007 3.462353342810383
5549 10.77903820946172 0.2213368125096398 3.998115750673038
5550 10.77937450655334 0.2128229314972479 4.244326885965243
5551 10.52784118475741 0.2597975787448853 4.350484973368012
5552 7.605320890676027 7.580727347112753 3.258228470338429
5553 7.282661430417715 7.538354977715809 3.504281126473799
5554 9.111957155507053 4.705043926924231 0.9247747352641129
5555 9.449979805372351 4.581108267110473 0.7689176523547887
5556 3.560702201262176 9.617908813208169 1.279609407022841
5557 3.575191795672009 9.60310312340604 0.8657473606179801
5558 3.443831586586254 9.609491910804518 0.2125279382848055
5559 3.674898067266732 9.526815002013031 0.2125279382848094
5560 3.766637002260551 9.757065094746451 0.3408812124061696
5561 3.690689300343712 9.560178081080805 0.5534091506909791
5562 3.459622819663234 9.642854989872292 0.5534091506909752
5563 1.474038516088325 10.39096186125806 3.395843472442069
5564 1.752917292657987 10.61228087130692 3.358999701185239
5565 1.877919566175408 10.31636033327323 3.485307390158524
5566 9.216823683449661 5.003199218203836 3.266813956417667
5567 8.561733491878146 6.491581244114315 1.752845870041147
5568 8.734057818510159 6.267549921528563 1.727623211126439
5569 8.4863125973556 6.165183014493942 1.637005927816374
5570 8.594511785085787 6.440911402466933 1.388549769046142
5571 8.868707560182253 5.140928523833553 3.007665274281867
5572 8.699393473571892 5.407969934704916 3.018764504211508
5573 3.971584430677845 9.995446206055046 1.503994829007882
5574 4.196026996102715 9.885016852372846 1.379250573663757
5575 4.225702040609212 9.885921172811996 1.76465039332822
5576 4.232009221874103 9.600085166493233 1.645397826598275
5577 4.007566656449232 9.710514520175431 1.770142081942399
5578 9.483060734073739 3.878316424996763 1.855399304375039
5579 9.574241803763787 3.672555686761354 1.509920672718273
5580 8.974616262799341 4.958523773658161 3.131417062130136
5581 8.100358604634458 7.075145102554683 3.843214979615243
5582 8.030028506201848 6.77527676064333 3.838631643770586
5583 8.260204476050051 6.883598349272578 3.958337902857036
5584 8.03723115211729 7.119520710907791 4.225138668665677
5585 7.966901053684681 6.819652368996438 4.220555332821019
5586 8.091161106163607 6.283970740892445 3.499891403252708
5587 7.918379969137407 6.509280200335658 3.482921334229428
5588 7.999544592721652 6.415011017127362 3.849818894246721
5589 8.108709754033196 6.677999190569522 3.586857006995086
5590 8.281490891059395 6.452689731126309 3.603827076018365
5591 4.76224260766856 9.0515037705566 2.51310633849195
5592 8.156240152742892 6.599514425651535 4.223682761919431
5593 8.226570251175502 6.899382767562888 4.228266097764089
5594 7.933266828810133 6.835436787286747 4.49048352772807
5595 8.342078911636428 5.941402047744397 3.254374593272018
5596 8.565227167068134 6.06579095487842 3.375972013257769
5597 8.534198674203211 5.685543547731424 3.376447021505435
5598 8.414686218708754 5.83711769541888 3.008996148692161
5599 8.637834474140462 5.961506602552904 3.130593568677912
5600 8.976997352169494 5.910781149537838 1.980519985761987
5601 10.28947759198451 1.989375140044095 2.680478836352481
5602 10.54449312430078 2.120470965457442 2.899530452138314
5603 10.64772993385749 1.462868644661304 1.160333352442534
5604 10.58492950075018 1.874236836255351 1.000690655248949
5605 6.144751851659426 8.502078526709482 0.8810149786256396
5606 6.254488897631433 8.742362609578286 1.134990345617582
5607 5.938819358744649 8.673509733062476 0.9151140197063722
5608 0.7200394722351573 10.22676892807257 1.475462116945581
5609 1.087227723904402 10.19050754704774 1.495161981085914
5610 8.813404866891215 6.16283570541772 4.827196016919483
5611 8.949795211695609 5.934038563252978 4.453100968820966
5612 8.75169173292911 6.264459051188657 4.467839685567923
5613 9.753434555366209 3.085683391415388 2.76950528747182
5614 10.02990227607628 3.064282672891493 2.744344916972228
5615 9.893786194473462 3.440425937938009 2.769021827429981
5616 9.818603686443552 4.367601549905787 3.700035268828988
5617 9.963021472833669 4.084630172178632 3.703303165188389
5618 9.895939094547041 4.190974065681526 4.039022230586025
5619 9.731642935044333 3.981720497728301 3.801669636278483
5620 9.160405243429235 5.610672741423215 3.608241409708634
5621 9.090004200797193 5.727003074361823 3.245506129008758
5622 2.760755707582142 10.38242639996936 4.009721988367625
5623 2.598249057565371 10.4285129059156 4.364999612595368
5624 2.630610403725177 10.1611745756094 4.436479635445283
5625 2.953707847281774 10.33764797899106 4.304454558993273
5626 2.793117053741947 10.11508806966316 4.08120201121754
5627 10.09063440358727 1.832228489296421 3.10972465532272
5628 2.842626901394862 9.866244125028285 2.377401149805732
5629 2.842672728906878 10.1232288860118 2.25425341958492
5630 3.05889336150706 10.06275928188306 2.58466664681853
5631 3.187379734233775 9.7389772924491 0.9924260050696636
5632 3.133001119622164 9.771944263677781 0.7324084694731804
5633 2.794938095319002 9.856281168823582 0.785166524527245
5634 10.00568605516037 2.237726409325399 1.18728414472072
5635 9.958620753436197 2.422704693509482 0.8380096917985208
5636 3.759063947350421 9.542168121970965 1.642176405285779
5637 3.983506512775291 9.431738768288767 1.517432149941655
5638 4.013181557281787 9.432643088727914 1.902831969606117
5639 0.5163216726415105 10.23938516947142 4.116915599518519
5640 6.865524527381357 7.606093059291229 3.605307391707616
5641 6.706565476787283 7.737453125585413 3.779599927847764
5642 2.360236079227781 10.4883981283238 4.40380635767584
5643 9.482975909693085 3.878530725123991 2.101236397846459
5644 9.5780186715367 3.633113804458511 2.030539501493062
5645 9.574156979383137 3.672769986888582 1.755757766189693
5646 3.055930539239493 10.32314507743319 2.489417496985958
5647 7.419279549334451 7.77186767918567 3.467201299532557
5648 7.609391522233866 7.576694378960331 3.504504096336645
5649 9.260756242512596 4.390165816716523 2.030158348868834
5650 0.569956240231473 10.78940251366903 0.2305963894202785
5651 0.6914371713270344 10.73146118442704 0.6780819909388837
5652 6.70903791803077 7.735256978017372 3.98643839149624
5653 6.835303275597246 7.629580217214348 4.290702833013007
5654 4.556098584215865 9.180439365396008 1.46767753197294
5655 8.481955994413479 6.595867543551857 3.482138929005052
5656 8.309174857387276 6.82117700299507 3.465168859981772
5657 8.390339480971523 6.726907819786773 3.832066419999066
5658 7.781896334819571 6.672658682007186 3.36037261721792
5659 7.703215086988223 6.769936252080995 3.61214725399342
5660 8.807457261549567 5.706840078259211 3.874927172647075
5661 8.970150242648833 5.904451940722324 3.995485135396518
5662 8.920039910734184 6.007544317328559 3.618602404240629
5663 8.614610216139372 5.993654267174753 3.627407841447901
5664 8.777303197238638 6.191266129637865 3.747965804197343
5665 8.664720548054021 5.890561890568517 4.004290572603789
5666 8.414435767001862 5.837491954741244 2.518430492297686
5667 2.999201356548372 9.96928446040295 0.3183487242491213
5668 3.120816693575061 10.1202049997747 0.3183487242491213
5669 2.782753669271898 10.2045419049205 0.3711067793031859
5670 2.66113833224521 10.05362136554875 0.3711067793031859
5671 10.13796237130514 1.426011698082505 4.50547539666143
5672 10.05538725379688 1.776008848524033 4.784649982022348
5673 10.07861488191423 1.837620379986847 4.372416026417165
5674 9.073847151171185 4.769589659486375 3.008817912760358
5675 9.217523483590506 4.476304210927883 2.965875769808521
5676 10.41788983685646 0.9678896256755449 0.3350729752027028
5677 10.64459844909349 1.24222340923165 0.1982147579376594
5678 10.35280817315635 1.404922686850136 0.243111477650315
5679 10.49177442063688 2.304578258534439 2.704312459881247
5680 10.08165839271281 1.850569713469157 0.7182247116887681
5681 3.89821140069458 9.434413376918918 0.2086638087962962
5682 3.914002633771559 9.467776455986693 0.5495450212024658
5683 8.815350895403139 5.224892375833707 2.217532747704159
5684 1.411871492025674 10.66519890128203 1.996220929987455
5685 10.17769149029547 3.401061927767372 2.743549807607908
5686 8.58485181198021 5.58729199698279 3.141013577335991
5687 8.808000067411918 5.711680904116814 3.262610997321742
5688 8.688487611917459 5.86325505180427 2.895160124508468
5689 8.65478005203369 5.906233809484119 2.640867692415744
5690 2.964446742137425 10.333167290993 1.358670362649057
5691 3.17285291142104 10.26497617342568 1.2051457267557
5692 8.995730132748772 5.390517813200746 4.625904951901482
5693 9.212360029088432 5.516169050180398 4.445124753893452
5694 9.350522568372988 5.302939161728169 4.819219801991971
5695 9.191199111696893 5.088976716523942 4.728732945754198
5696 9.407829008036552 5.214627953503594 4.547952747746169
5697 9.053036572412337 5.302206604976172 4.35463789765568
5698 10.08701353580934 1.7728170819454 1.435348418910412
5699 10.37621551339178 1.517869466158059 1.458896580708006
5700 10.15486274567103 1.37867951700567 1.318602528383409
5701 10.09206231256372 1.790047708599717 1.158959831189824
5702 10.31341508028446 1.929237657752106 1.299253883514421
5703 5.179620702275442 9.416247711796569 1.034221654765366
5704 7.292237168758757 7.204374049024207 0.6937364612177901
5705 7.001724163711266 7.469715298156116 0.6944508440998816
5706 7.226943507319173 7.280016576574109 1.062948539365431
5707 7.755995711103548 7.425621127806409 3.385024474775538
5708 4.124369724097619 9.621598684250321 3.126443986242942
5709 4.489356787940922 9.755367837341286 3.28119941874058
5710 4.163451777472134 9.890862593784611 3.158065483037077
5711 4.000964868431382 9.673988301300259 3.365831072152319
5712 4.365951932274685 9.807757454391226 3.520586504649958
5713 4.326869878900171 9.538493544856934 3.488965007855823
5714 9.365452862342295 4.146764394613381 4.830459518647446
5715 9.450258443030087 3.943473123187807 4.749814954274221
5716 9.488134637584299 3.866947494214967 4.318509305112281
5717 9.403329056896506 4.070238765640542 4.399153869485506
5718 4.39214576386519 9.799732092006446 1.502692966656921
5719 4.421820808371686 9.800636412445595 1.888092786321384
5720 9.211352100866151 5.535306472193184 2.440320462598396
5721 9.061729927926827 5.761292515087016 2.496603145984703
5722 8.861434434115282 6.088013802727556 2.102110417907484
5723 8.807666128048297 6.14864341106995 2.495642080891467
5724 8.206897978529245 6.936528305483977 2.497072123344087
5725 8.02375657872452 7.151374314794802 2.478075299516196
5726 6.09282284731762 8.833775426112096 3.330195939206352
5727 6.071050409993299 8.53948325829397 3.098477724204738
5728 2.513548280058145 9.938743768941649 3.363528220781665
5729 8.582891856429537 5.584567910251071 3.996061694651612
5730 8.532781524514888 5.687660286857305 3.619178963495723
5731 8.390044811019344 5.871382099166611 3.748542363452438
5732 9.878113772725793 2.665384325617719 1.539150883311007
5733 3.938269997705905 9.696948739109633 2.757653331726816
5734 3.976051501042086 9.426823563522648 3.003583349795257
5735 10.04983176907402 2.013442390376285 1.030884429724547
5736 9.392069074002467 5.194828150518655 3.372005974717286
5737 7.220160990962951 7.950742414949538 0.6206972335300692
5738 7.133810347921179 8.029538630995145 0.8625458098686805
5739 10.58463835995648 1.909735866670101 2.775300844901785
5740 3.721674003275395 9.526770618605376 2.511657738802313
5741 5.651474522142809 8.545953940486818 1.777875600024964
5742 5.6321632019762 8.58455145570456 1.403683740636363
5743 5.648648898109105 8.86933714159545 1.649113995427102
5744 5.868620477899035 8.727741065320503 1.895577465272855
5745 5.849309157732425 8.766338580538243 1.521385605884255
5746 5.85213478176613 8.442955379429613 1.650147210482116
5747 0.7748132108779904 10.21324473282161 0.2096970778404406
5748 0.7080900416481377 10.22876465352782 0.6571826793590457
5749 5.473404176393338 8.661949683295214 1.90062089258739
5750 5.454092856226728 8.700547198512954 1.52642903319879
5751 4.179852791159782 9.347014501593055 1.394980899010759
5752 4.209527835666279 9.347918822032202 1.780380718675221
5753 7.021757818940423 7.461345796112894 3.237467891223933
5754 7.261753762474369 7.234543934821739 3.008164556574275
5755 7.053054055478045 7.419023152802207 2.903688516124574
5756 7.08946028448624 8.075581452494404 1.725318279017367
5757 7.353977380555319 7.862463206575647 1.725261930602411
5758 2.204798881293121 10.52148404173407 4.326618401784311
5759 2.05513195317187 10.53143036671544 3.945664152883551
5760 10.13212288079646 1.42114684047255 0.6191337438493666
5761 10.11751326304514 1.617785309833708 0.8874549140959681
5762 9.177746411390075 4.604212332449908 1.881707250863098
5763 3.561286894204219 9.880187996381508 1.333109518656635
5764 3.36854004894853 9.678057256171197 1.103232408057415
5765 3.575776488614052 9.865382306579381 0.9192474722517742
5766 2.755569262737787 9.871898642877628 1.247336261903929
5767 2.963975432021402 9.803707525310305 1.093811626010571
5768 2.571533793106629 9.921011401684787 0.8865521454681525
5769 10.3480500932837 1.726276586273763 1.768668465981796
5770 10.60241780569975 1.708824314720281 1.648459612564752
5771 10.64210159545336 1.523093869896255 1.841485607311539
5772 10.41589930314539 1.332139021334033 1.651922575454793
5773 10.67026701556143 1.314686749780551 1.531713722037749
5774 8.309015331932278 6.821376474565907 3.216497655802569
5775 8.481796468958478 6.596067015122695 3.233467724825849
5776 9.775309268312569 3.810385388217517 2.864916443657815
5777 10.06958637719868 3.748724477378568 2.866298673962115
5778 8.471348071881376 5.77591019647932 4.815127321927374
5779 8.607738416685772 5.547113054314579 4.441032273828855
5780 1.032428149093721 10.69309335430954 3.251620105819148
5781 4.768666120576468 9.633271124953257 1.570695893508729
5782 4.961702037970091 9.532756996594056 1.412285869295735
5783 9.960665891997186 2.409097979057469 2.077979154969092
5784 10.17532058853994 2.57644033118235 2.144506197379593
5785 9.906202510812417 2.631870900087929 2.34339688889366
5786 9.972495736147142 2.23558590862426 2.27692949851674
5787 10.18715043268989 2.402928260749141 2.343456540927241
5788 3.505606640925461 9.864986198740288 0.3183487242491213
5789 3.521397874002441 9.898349277808062 0.6592299366552909
5790 3.198592458328144 9.750776093866129 0.5308766625339268
5791 8.802475075333877 6.182230847295973 1.474914004361223
5792 8.694275887603691 5.906502459322981 1.723370163131455
5793 8.554729854179318 6.079863940261353 1.384296721051158
5794 0.1871181441845194 10.7803097092943 0.5618166184700748
5795 10.19720454449658 0.9841137792979593 0.7110952414017544
5796 10.20028148127843 0.9599851319936916 0.5065047852503148
5797 10.13519981757831 1.397018193168282 0.414543287697927
5798 1.245988317996797 10.10644320345026 0.1656813501193267
5799 1.159776734028658 10.17639161704633 0.4233077886502682
5800 4.324992142606351 9.820842624716025 2.628315510693048
5801 4.592046793472728 9.698795053507007 2.628697126885366
5802 4.511091868998065 9.745492569856712 2.997106165209174
5803 7.110360821054741 7.38492001834943 2.148370821851938
5804 8.944124161435983 5.94179647031371 2.373367077442574
5805 10.15557482324659 1.387893420453494 1.752637429679727
5806 10.15735881599213 1.373388658349534 2.000228322304565
5807 10.18706419416528 1.134801087915844 1.862298853126278
5808 10.18884818691082 1.120296325811884 2.109889745751116
5809 10.41922325395601 1.287453808912087 2.071355884175134
5810 7.211869791839838 7.266172495887555 3.274770688028021
5811 9.577860784037096 3.633806704699762 2.768495485206829
5812 8.735727072398776 6.265292971506689 1.978822849115582
5813 8.563402745766762 6.489324294092442 2.00404550803029
5814 6.696065407122832 7.756836478458318 1.500976829414805
5815 6.960582503191912 7.543718232539561 1.50092048099985
5816 6.740163700295811 7.711023154956816 1.131861070656749
5817 3.177380348295735 9.748049297556376 2.718087014747018
5818 2.842324525944504 9.86633786579624 2.623498009734589
5819 10.66171870564024 1.364071930266086 1.960007078814817
5820 10.66564972804841 1.326684013317437 1.788362444501944
5821 10.69320807655894 1.110979597728435 2.069668502261369
5822 10.6971390989671 1.073591680779787 1.898023867948495
5823 10.52048639956638 2.005790089524601 0.1647225496671681
5824 6.775195939150409 8.347657764154377 1.238415765963184
5825 6.656946327707809 8.108992757171992 0.9918883562093554
5826 6.975335417800311 8.168537347719258 1.234406202931921
5827 6.731301980191153 8.334690179356857 1.497762840199963
5828 6.613052368748552 8.096025172374471 1.251235430446134
5829 6.412912890098651 8.27514558880959 1.255244993477397
5830 9.465407411201571 3.9751463506559 3.608951598539272
5831 9.541948852663054 4.374910858536097 4.724607768481745
5832 8.342890882800255 6.773167701501302 2.372850143060876
5833 8.434822130726221 6.656466370905288 2.126611400074974
5834 10.2526532883345 3.560387991762066 0.205551082801671
5835 10.06456467641298 3.678353483232675 0.205551082801671
5836 10.04849162604031 3.397023447158303 0.3094114373493309
5837 9.860403014118781 3.514988938628912 0.3094114373493309
5838 10.18279087357817 3.457576909981586 0.514962520151002
5839 10.39381345263244 1.180878166283155 4.720825414639082
5840 0.703638061201224 10.72866240366982 2.999930332365799
5841 1.031421120577606 10.69317257092402 3.001269197317229
5842 7.261727028784543 7.922058728298951 3.344209986382051
5843 7.293023265322166 7.879736084988265 3.010430611282692
5844 5.870332382246833 8.380870877131418 3.221038144334108
5845 10.06926524853499 3.749279965579251 1.880155145569113
5846 10.17046566298588 2.569767424584762 2.551728234472334
5847 9.955810966443135 2.402425072459881 2.485201192061833
5848 10.06002625594645 1.817267229379904 2.524260793020727
5849 10.18374024335466 1.17948630033779 1.442865544405937
5850 10.44738867406408 1.079046688796383 1.761583998901344
5851 8.346028287386178 5.951263991365883 2.002209840919551
5852 8.173703960754164 6.175295313951636 2.027432499834259
5853 0.3036162685469139 10.52864505847124 0.8224856015186051
5854 10.14032489819317 1.248749534334312 0.171431810047612
5855 5.478081310293605 8.660426519537843 4.787472061715191
5856 5.680730004263269 8.525071322001361 4.790272687348603
5857 5.689917440407234 8.522182021563745 4.461299229077108
5858 5.892566134376899 8.386826824027263 4.464099854710518
5859 5.818022551829853 8.734072888604526 4.673827167361916
5860 4.90518175398505 8.987362496373127 2.733880297232901
5861 10.23875304491997 0.2164556013222647 1.500438261790785
5862 10.23878583227084 0.2156976127395534 1.250619592532454
5863 10.24070800954493 0.5221243316661708 1.474788011482002
5864 10.24074079689579 0.5213663430834594 1.224969342223672
5865 10.48883605446491 0.305668730343906 1.225226273272787
5866 2.506593407219083 10.09216902076897 4.748512344523689
5867 2.431737587939225 10.27204184016059 4.748512344523689
5868 2.787196377655629 10.18117691323605 4.687967290921594
5869 2.862052196935486 10.00130409384443 4.687967290921594
5870 6.931237124627332 8.21435067122076 1.603521961689977
5871 6.568954075575574 8.141838495875973 1.62035118920419
5872 6.612841409416942 8.479443481470206 1.121349504336886
5873 6.568947450457685 8.466475896672684 1.380696578573665
5874 4.907131399174199 9.555684429228982 3.487189013680898
5875 4.563076331878474 9.71395625496433 3.603560568355709
5876 4.129373165824854 9.905689841680003 2.748072612037494
5877 3.98956788174778 9.965834543264016 2.993729330850116
5878 4.315472892216569 9.830339786820691 3.11686326655362
5879 7.816867545543852 6.623087615458884 2.518354539443123
5880 7.633726145739126 6.837933624769709 2.499357715615232
5881 4.379685615116157 9.805422354355194 1.001722092210602
5882 4.471645150035519 9.777503869663214 0.6418716432558873
5883 10.6735690216555 1.290390517362023 1.318201736187933
5884 10.60571981179381 1.684528082301753 1.434947626714935
5885 10.61076858854818 1.70175870895607 1.158559038994348
5886 8.921481076999655 6.005433772610306 3.374819867918373
5887 8.72936131443287 6.26129227262328 3.252747439684955
5888 8.801968621505196 6.157007920297763 3.007368995105098
5889 0.7581603405568872 10.71594126372083 0.2305963894202785
5890 8.104348143342111 7.061949767539695 0.6946303115390124
5891 7.866174592929635 7.330268062365946 0.4651706016100424
5892 6.915373520669496 7.548511514201721 0.9362994204384928
5893 1.442836881409054 10.13626014550591 3.531281684606985
5894 1.748819739905273 10.10608679829764 3.370936801236105
5895 1.846717931496137 10.06165861752108 3.62074560232344
5896 4.735716831179207 9.088042445365401 2.179139549759463
5897 4.544365485388234 9.180413755451058 2.056079359157454
5898 4.208321788204065 9.348469928425303 2.025984623756216
5899 4.597727963564767 9.432933313958134 2.060892381663975
5900 4.39967313399504 9.256098618339646 2.149044814358226
5901 5.983031073881724 8.947349332080696 0.7029588765873306
5902 6.257444073378382 8.431479960608911 1.123931582762077
5903 6.453851673310957 8.598995822576486 1.006956682096124
5904 6.34411462733895 8.358711739707683 0.752981315104181
5905 10.2462053892734 0.2164556013222647 1.75012521765451
5906 10.24582418466573 0.5429288434640782 1.76533174389696
5907 10.50140457393913 0.3264732421418134 1.76545696155147
5908 10.49628839881833 0.305668730343906 1.474913229136512
5909 10.49590719421066 0.6321419724857195 1.490119755378962
5910 10.69381514815648 1.118276893201733 1.478590559228154
5911 7.918396726001783 6.509259250518942 3.237284568275
5912 8.091177863027983 6.283949791075729 3.25425463729828
5913 4.106346172512511 9.375659591485153 3.249438667548966
5914 3.780441162043722 9.511154347928478 3.126304731845462
5915 3.982941316846273 9.428049208535091 3.488825753458343
5916 7.882762998835005 7.308064710290271 2.60343349675039
5917 7.803501330100823 7.396537558699311 2.867115063914535
5918 5.659760950027202 8.5458147776184 3.478547778198746
5919 5.869679123559426 8.381316227238177 3.466659915309907
5920 4.950590945920643 9.53969940511341 2.041419877225493
5921 4.789797407304043 9.603615282175259 2.252306241342301
5922 4.614547248736475 9.707755578087657 2.011325141824255
5923 4.436934424948166 9.496849191019983 2.271778745780783
5924 4.751975877951308 9.358383550830016 1.867794581530617
5925 4.362569702590607 9.273920165297184 1.832886823622858
5926 4.415932180767141 9.526439723804263 1.837699846129379
5927 0.2157827472264413 10.7470925942286 2.749923592896444
5928 0.2162610623760058 10.74707379307569 2.499789166783078
5929 0.5691295078629327 10.7279621136596 2.374827063141825
5930 0.3528684454869281 10.48354262276336 2.625346766573205
5931 0.5686511927133682 10.72798091481251 2.624961489255192
5932 3.972070868380766 9.995245798626515 1.751118718729922
5933 4.226188478312133 9.885720765383464 2.01177428305026
5934 7.051733686945489 7.442528217329204 1.258510189583687
5935 9.48140281180855 3.922126555729545 1.372067678106046
5936 1.537565318431977 10.13501519095794 1.776034955711717
5937 1.195830554622753 10.1912094013208 1.889381668438763
5938 3.788109831834403 10.05775092934999 0.969873436464108
5939 3.77362023742457 10.07255661915211 1.383735482868969
5940 3.581458085110923 10.13270506211514 1.207358483903543
5941 3.987239072813736 9.980377287377973 2.277482055597677
5942 2.229605689828624 10.00530973394056 4.394660833089666
5943 2.392112339845395 9.959223227994322 4.039383208861922
5944 2.079938761707373 10.01525605892192 4.013706584188906
5945 8.220242600631909 6.115372725207109 3.131474425853418
5946 8.292849907704237 6.011088372881593 2.886095981273561
5947 8.174801550278209 6.173796876420326 1.781771653405742
5948 8.347125876910223 5.949765553834572 1.756548994491034
5949 8.207579843485851 6.123127034772944 1.417475552410736
5950 10.4966945164845 0.1511830418774554 0.1643629165397555
5951 10.66877842949196 0.1511830418774554 0.1449530334309005
5952 10.55219715566452 0.4907456535449176 0.3350729752027028
5953 10.59442769376914 0.3395626116674622 0.4800260086336033
5954 10.42234378076168 0.3395626116674622 0.4994358917424583
5955 6.083625448896219 8.197007437664441 4.790272687348603
5956 10.24515051921468 3.187062897103066 1.632730609923357
5957 10.30924270751045 2.983653944825313 1.755845584634987
5958 9.652139134114563 3.433556213218385 2.153703912680657
5959 9.687965127581434 3.287917175343334 2.399913677211699
5960 8.972134214776652 5.907182221861675 3.139386423748928
5961 2.631386736306662 10.48098501460649 4.790208536605236
5962 2.47480076237621 10.46098267697984 4.538720881128926
5963 2.830259552092613 10.3701177500553 4.47817582752683
5964 5.271383288277517 8.808798423741791 1.403066078047901
5965 5.453748111195521 8.70076145233211 1.283380287799325
5966 5.117205287194737 8.872224975904384 1.309810218565091
5967 4.934840464276732 8.980261947314068 1.429496008813667
5968 10.28222845384456 3.109386351630577 1.05970737468441
5969 10.35147303163534 2.910610874571507 0.7302901305870569
5970 9.65194959481537 3.434376472573191 2.891939827781072
5971 9.687830549728286 3.28830452785422 2.645994463365715
5972 9.787557741170463 3.019177567695526 1.417460527860401
5973 9.821207246626708 2.870687657137159 1.661990960396531
5974 4.329570705869081 9.292247862191552 0.6188970225878665
5975 7.95100444525011 6.462633674799719 2.394912142467145
5976 8.042935693176078 6.345932344203704 2.148673399481244
5977 9.651828803518265 3.434724056302965 3.13822136604993
5978 9.683757170296028 3.305812890849739 3.383525995418669
5979 2.755627969273528 9.86787908432227 3.002656034815748
5980 2.842094597213299 10.12381700493716 2.746383039432388
5981 3.699154620140559 9.921147586350624 0.3408812124061696
5982 3.438124258805468 10.02906869034446 0.3183487242491213
5983 9.989765596297715 3.946890512415165 2.990045361262387
5984 9.828315276445753 3.730937243441193 3.240458881363093
5985 10.74663152563704 0.2164644099614104 1.50012521765451
5986 10.74737286011423 0.196743310294321 1.753824485658191
5987 10.74187548038576 0.502412040638227 1.478487279485683
5988 10.74113414590857 0.5221331403053164 1.224788011482002
5989 9.606068147617002 4.840271747067856 0.76452995439765
5990 2.586282512965352 10.23349418494037 0.3711067793031859
5991 9.31859354735607 4.280559603972605 4.555067287129191
5992 9.735107682135979 3.847261110682928 0.3480439843381487
5993 10.05749554159537 3.789849082035602 0.5535950671398198
5994 7.139408015142807 7.798543227276735 4.712046142491769
5995 4.576068722758228 9.726086649317477 1.694994986188026
5996 10.39382520819369 2.743065095481635 2.438937789171482
5997 10.39367851551086 2.743647316684768 2.191499982775121
5998 10.44814189669563 2.520874395654308 1.926082248850553
5999 2.589553804352956 9.910798969433779 3.924109490462611
6000 2.427047154336186 9.956885475380021 4.279387114690355
6001 2.782505944052589 9.866020548455481 4.218842061088258
6002 4.574923292562607 9.151958322427248 2.390025913876272
6003 8.221898356682033 6.904793563904253 4.472064026744624
6004 8.03255925762382 7.124931507249156 4.468936597646211
6005 9.228241669622438 5.507946244239747 4.787707375060116
6006 9.09007913033788 5.721176132691978 4.413612326961598
6007 9.735259921650234 2.930873777252039 0.2084943655531896
6008 9.789914378642692 2.695135575037491 0.2084943655531896
6009 9.903005557552214 3.254170052877139 0.3094114373493309
6010 9.957660014544672 3.018431850662591 0.3094114373493309
6011 9.810883575381991 2.970916089752723 0.5179058029025205
6012 9.093389456211206 4.693442346064755 3.270652775885009
6013 5.752478576133046 9.078477722298633 4.792970628097678
6014 5.942146003935584 8.95239025979169 4.787938304680546
6015 6.153982134049214 8.814145761817592 4.461765472042462
6016 5.964314706246675 8.940233224324533 4.466797795459595
6017 4.736060561046628 9.087867398526226 1.93356435003186
6018 4.554264778249001 9.181373808372353 1.710371814497264
6019 8.576098429905427 5.594682711716624 4.230679387638563
6020 8.383251384495232 5.881496900632165 3.983160056439388
6021 9.361407929156986 5.295643368232564 0.8722327968245038
6022 9.274942915079567 5.427704070611602 0.6396548143923385
6023 7.425249576297947 7.069963310445779 0.6000237934343464
6024 7.359955914858363 7.14560583799568 0.9692358715819873
6025 2.726707964642413 10.13326669690792 1.882877698857868
6026 2.756839749135061 9.867123753013662 2.018167379258152
6027 10.22394573208705 0.7262801494057034 0.5662114031966899
6028 7.403980842746636 7.775227250848845 0.4658376056581026
6029 7.694493847794126 7.509886001716937 0.4651232227760111
6030 0.9839546127921829 10.7158521384068 1.74799996314899
6031 0.8417839278268948 10.47815502069934 1.720229534030502
6032 1.20897217949614 10.4418936396745 1.739929398170836
6033 7.839698721306059 6.606557770409466 3.734695971004928
6034 0.2060425512168207 10.17917341366527 0.5504651259996723
6035 0.5096588197637335 10.2409042522918 0.833587810978522
6036 6.178876700547077 8.165868806237839 3.870659489562056
6037 6.042103664779662 8.258360554558942 3.587589658956834
6038 0.2154927373882816 10.24140024542004 2.250946881295464
6039 0.2160933752211948 10.24137429854881 2.50124140155755
6040 0.5689618207081217 10.22754365440453 2.625820166516427
6041 0.352868445486928 10.47826158749156 2.375805897973075
6042 0.5683611828752085 10.22756960127575 2.375525646254341
6043 3.738256069884498 9.528569125527483 3.48316092701945
6044 3.756279621469607 9.774508218292652 3.360166245713426
6045 3.958779776272157 9.691403078899267 3.722687267326307
6046 10.63297367982885 1.601639666063542 3.969753661425967
6047 10.58221885141418 1.858986803423197 4.07222008245003
6048 4.372463086318941 9.80481106793617 3.759240812940075
6049 10.09466938123214 1.514601678712679 4.829432005236322
6050 10.17724449874039 1.164604528271151 4.550257419875404
6051 2.233477456907394 10.03001869335032 1.510337907787811
6052 2.410157364089769 10.24625315699435 1.498648759064863
6053 2.057817010463506 10.32234738228005 1.509974105500365
6054 10.20871341331031 0.9247982122717513 2.035773117539618
6055 9.23015133224173 4.450576073513505 3.236035755194873
6056 10.03636632178428 2.753822113310088 0.3185579099708904
6057 9.8895898826216 2.706306352400221 0.52705227552408
6058 10.05733551852358 3.02960262802532 0.6279693473202212
6059 4.379270828136566 9.801719561328184 4.008791416525693
6060 4.553325611099167 9.737071221289176 4.366508398865534
6061 4.546517869281542 9.740162727897161 4.116957795279917
6062 4.597242058509138 9.696417721784989 2.376627917495843
6063 4.42199189994157 9.800558017697387 2.135646817977797
6064 7.952618992836306 7.233364132211177 0.7149514215976714
6065 4.195598022024893 9.885193540206359 1.1322645028722
6066 3.971155456600022 9.995622893888557 1.257008758216324
6067 3.985645051009855 9.980817204086428 0.8431467118114633
6068 10.20538946249969 0.9694834246936976 1.616339808819277
6069 4.957949603512173 9.532796527270344 1.693838211331768
6070 5.1397453863098 9.439290117424218 1.917030746866364
6071 4.94501179534493 9.257869422470815 1.709384557317623
6072 5.150985520905795 9.432282398911143 1.535428187118774
6073 8.609125877603459 6.43051207546467 3.112370858650136
6074 8.681733184675785 6.326227723139153 2.866992414070279
6075 10.09133243713121 3.181694855207086 0.3094114373493309
6076 1.488744385802222 10.07043374240142 4.78747206171519
6077 1.255520369396243 10.10525824071713 4.827222579269955
6078 1.51486474507624 10.32632788374289 4.630803710908243
6079 1.502515230471055 10.1434950635466 4.458026290178197
6080 1.735739246877034 10.10867056523088 4.418275772623433
6081 9.193877624750225 4.54756645070303 1.288216340282398
6082 9.177862709588307 4.603978748010023 1.636296487653913
6083 10.74699165550657 0.5232165524361344 1.769031011900641
6084 2.761850836129656 10.38142357312761 2.006542214527378
6085 5.455952977869682 8.988996388474018 1.495430919745122
6086 5.097998688204703 8.889860155402619 1.623574861754522
6087 5.119410153868898 9.160459912046294 1.521860850510887
6088 9.577821642818382 3.633905565100752 3.014695533666532
6089 8.196018874710322 6.08502961258027 4.787472061715192
6090 8.049826947085437 6.282146608394177 4.826530986975579
6091 8.33877512691801 6.338282994253216 4.640643668648439
6092 8.172412456098646 6.208452291665296 4.467174655624017
6093 6.232273350605996 8.752330861177036 2.868224973270574
6094 6.268328542305144 8.712446102564893 3.206328842493035
6095 10.11589103349298 1.57362386527752 1.559611434932939
6096 9.283129354422751 5.404987093404883 3.986856494171763
6097 9.407654484876481 5.214935503809086 4.339265382649936
6098 10.17003874437082 2.917085117854583 0.3185579099708904
6099 2.762321421864963 10.38176040007105 2.994050563825781
6100 10.0697151088062 3.7483860289579 3.113065054687898
6101 10.0401251456914 3.892825389742113 3.338556744205653
6102 3.974607962097444 9.971955804349021 3.295976000383551
6103 4.177108116899996 9.888850664955633 3.658497021996431
6104 4.016773398307043 9.700404910760964 0.3408812124061696
6105 4.148347796741071 9.377753192933431 0.2086638087962962
6106 4.318685904241442 9.576862762188913 0.2701485545121921
6107 4.215915139705958 9.344234307414641 0.4788123633084882
6108 4.08434074127193 9.666886025242174 0.6110297669183617
6109 6.542498285404687 7.887177873615922 1.629769767337315
6110 6.586596578577666 7.841364550114419 1.26065400857926
6111 6.342563140968508 8.007517381752017 1.524010645847302
6112 2.637533863808206 9.925066936698842 2.500243580244924
6113 3.193500825706423 9.699789531118244 0.2125279382848055
6114 3.255275880045631 9.955283819054014 0.3183487242491213
6115 7.125021316623358 7.391655396995549 1.875829975496129
6116 8.957170108252818 5.935257923284599 4.827196016919483
6117 8.864942490021424 5.604967061684596 4.625904951901482
6118 3.986813812564884 9.980552534905479 2.030309427482254
6119 3.768191990701983 9.805346289697447 1.788677226374394
6120 4.02230960063335 9.695821256454396 2.049332790694732
6121 9.071119947569578 4.771003045034279 2.275121997209776
6122 9.071349563927555 4.77058720585231 2.029679503322799
6123 10.17753540527041 3.401525771938084 2.496507508445442
6124 10.31514480492299 0.1336631005387967 0.1643629165397555
6125 10.37064744410302 0.4732257122062589 0.3350729752027028
6126 10.16398914900179 1.015044551746324 0.2311384279939872
6127 10.47586799710308 0.8436539803290317 1.980840397707803
6128 10.23386878553869 0.7340907162263464 1.835596207625735
6129 10.47254404629247 0.8883391927509781 1.561407088987461
6130 5.835955130729567 9.043069455012686 0.5028781819722723
6131 2.780411272506267 10.38228004980016 0.9978862462132814
6132 4.36377575005282 9.273369058904084 1.587282918541863
6133 8.96439408120326 5.912860727590759 4.248272197242724
6134 8.771547035793066 6.1996749165063 4.000752866043548
6135 9.284483711882878 5.410958138806161 0.4325334445010074
6136 9.095437487810596 5.718313757407167 2.750895578077426
6137 8.97456781824447 5.430422068154197 2.716602437673268
6138 8.824945645305146 5.65640811104803 2.772885121059574
6139 4.686481187544711 9.661566637914392 3.364173482446331
6140 4.670924946195896 9.380221719121586 3.372593453181012
6141 0.9521971311337998 10.19760718816325 0.4673235163713821
6142 0.9180627958093415 10.44362543276393 0.2576264385309415
6143 8.415543133733941 5.864446479601983 1.503839787725818
6144 8.230493609555928 6.918454573068878 3.716943496757272
6145 7.50465538198292 7.805414982804063 4.787675726479685
6146 5.908307786396394 8.381306080639757 4.790272687348603
6147 6.045600333962977 8.59030764724292 4.673827167361916
6148 6.464115821403778 8.5915463602275 0.8348326536200837
6149 9.686287754171772 4.678250018302657 0.9302874308503868
6150 9.800691270080787 4.441101525704608 1.014338881841561
6151 9.550210278326016 4.401234664363713 1.121336023130172
6152 9.564383321281365 4.343959774512424 0.8529691033459632
6153 9.700460797127121 4.620975128451368 0.6619205110661779
6154 5.592254784270033 8.886988004638049 4.682980091453707
6155 5.464149672847412 8.67509713759727 4.470452153168898
6156 5.738546938686854 9.093148340358058 4.475950719551385
6157 4.383160129323016 9.244517724982654 2.512568924970656
6158 4.116105478456639 9.36656529619167 2.512187308778339
6159 9.547854252820919 3.779297891703362 3.732155810500195
6160 9.480771874534291 3.885641785206255 4.06787487589783
6161 8.841544964470554 5.182445528728193 4.738538965892793
6162 8.703382425185996 5.395675417180423 4.364443917794276
6163 8.898851404134117 5.09413432050362 4.467271911646992
6164 3.795818086953604 10.04119745114708 2.869199158945205
6165 3.596206948743561 9.850782077168418 2.841282851185198
6166 6.828737734634911 8.302939980813587 2.231889772021608
6167 6.994701564191992 8.168044060426315 2.354917105728669
6168 6.730038578297435 8.331315901009761 2.504847343331488
6169 6.62201045172286 8.099881945517286 2.3785258159985
6170 6.564074748740355 8.466211821397032 2.381820009624428
6171 2.827857892613209 10.45203273458662 4.790208536605236
6172 2.983667533962175 10.15222463321618 4.687967290921594
6173 10.72056234282792 0.7885975959727507 0.91079425376729
6174 10.7036714944838 1.010900934914453 1.246796623655089
6175 1.785262642927559 10.31373811563707 4.630803710908243
6176 1.663682408276176 10.45917178646092 4.630803710908243
6177 7.490683323835265 6.99507482124867 2.622031511539289
6178 7.411421655101083 7.08354766965771 2.885713078703434
6179 10.5995391185015 1.677598366894192 0.7323694850023471
6180 9.674179792614673 4.726416280837611 1.485691080405302
6181 9.690194707776591 4.670003983530618 1.137610933033786
6182 9.804598223685606 4.432855490932569 1.221662384024961
6183 0.5635916322795321 10.49097433926297 1.721674425799759
6184 0.7057623172448202 10.72867145697042 1.749444854918246
6185 0.8255654802085609 10.47851966177591 1.99811521044635
6186 10.34217017576368 2.967008908451717 2.840832823635
6187 10.24193504907378 3.197080228779263 2.619564369677395
6188 9.594769776123059 4.862058890424841 1.015412017628723
6189 9.46423888851853 5.107469549017171 0.9944475869879257
6190 2.424557847862283 10.10883616974479 0.3711067793031859
6191 9.661331854875414 3.175472572182681 0.1887571378075381
6192 9.736955508607171 3.215514884683365 0.498168575156869
6193 10.85226188379008 0.1888334865311281 0.3288240520412825
6194 10.81003134568546 0.3400165284085835 0.183871018610382
6195 10.73568060996264 0.5283960981985902 0.5189439938130848
6196 10.662539684699 0.9972433493747734 0.1982147579376594
6197 10.68444967524662 0.7533264850174246 0.213746785407668
6198 10.72646502272636 0.7095421425336808 0.5488197606103709
6199 10.43583107246197 0.7229095658186683 0.3350729752027028
6200 8.468971861311678 5.775714780820635 1.879553985585605
6201 8.650602398383771 5.495612925660039 1.785162908143747
6202 6.953501591284975 7.530268655246436 2.024563832730317
6203 6.762537099587345 7.707677838408294 2.003321968640202
6204 7.077637929315047 7.759200921771981 2.249837442485796
6205 6.919396329357111 7.562329201511288 2.127128957761822
6206 3.211980057209771 10.27076468266807 0.5320955096567906
6207 3.07242923811748 10.38469930064087 0.2137467854076693
6208 2.873917032906609 10.35510158781387 0.5848535647108553
6209 3.581868719198321 9.586915320189391 2.757314457614934
6210 6.102293012835933 8.848686346628931 1.039810103164494
6211 3.791814929008821 9.519899649832826 0.7498205475427588
6212 4.001767900023859 9.424275985952756 1.038938338603495
6213 4.09372743494322 9.396357501260777 0.6790878896487812
6214 7.731119702699665 7.463935511873781 2.478944413610183
6215 7.651858033965483 7.552408360282821 2.742625980774328
6216 2.520744500217602 10.45250731425817 3.356512239693426
6217 2.06085847968624 10.53029450100488 3.484264552838052
6218 2.2706730425519 10.48428507387807 3.607687610220894
6219 2.225889215431973 10.24015439287676 3.483940820718392
6220 4.768795163123016 9.633205814959538 1.818227341690897
6221 6.699765975338167 7.752268525019714 2.744733456542773
6222 6.897379468108277 7.563274402418417 2.780467714137002
6223 0.7038210246168234 10.22713356914914 1.753347793361429
6224 0.9820133201641861 10.21431425058551 1.751902901592172
6225 10.60131310926524 2.208934055992666 4.860571709939385
6226 10.52048607992103 2.005791650666089 4.860571709939385
6227 10.25822963928638 2.083397482425376 4.76518081846555
6228 10.51417230273024 2.284092527658266 4.625752528404936
6229 10.3390566686306 2.286539887751953 4.76518081846555
6230 1.188166093268323 10.35234706260091 4.754134558909131
6231 1.175816578663138 10.16951424240462 4.581357138179086
6232 9.272434372621465 5.423746832380835 3.72939823830339
6233 9.390889721639805 5.196888441026461 3.617398590798524
6234 10.72229447119548 0.8828841847343822 1.697846958034612
6235 7.021474965857317 7.461619255949955 3.482813349094523
6236 7.211586938756732 7.266445955724617 3.520116145898611
6237 3.932830996488427 10.01063614053612 4.311170287065648
6238 3.781119847345138 9.787470855896824 4.373895679998275
6239 3.655385536381902 10.09700985084475 4.335576633220665
6240 3.760595607417788 10.05604906568785 3.994936840587727
6241 3.608884458274498 9.832883781048558 4.057662233520353
6242 3.886329918381023 9.746510070739927 4.033255887365335
6243 4.910458919570595 8.990457888101705 1.746040643225124
6244 4.747300695642624 9.080859680013152 1.55196179028427
6245 9.548000877741632 3.778927745952082 3.486436469412357
6246 7.864052066400344 6.577252810244319 3.977835038436908
6247 7.70420619498475 6.768799563526424 3.862712115195114
6248 7.641078742467584 6.813175171879532 4.244635804245547
6249 8.329695334300196 5.948673284561738 1.295018026151583
6250 8.537658624548286 5.689992729390777 1.381382261466664
6251 8.430386959573379 5.825337981885815 1.06508867118797
6252 8.655421479452501 5.956528637585428 1.154367366087545
6253 8.447458189204411 6.215209192756388 1.068003130772464
6254 3.186194635710708 10.26678195319784 2.708145527182679
6255 2.851138813359477 10.3850705214377 2.61355652217025
6256 2.969395871416947 10.32783967625194 2.869861919796537
6257 3.17715041956453 10.00552843669729 2.840972044444817
6258 6.939887776250647 8.196842043832133 3.888733374549853
6259 1.851790907240731 10.06077143697892 3.870678816951755
6260 1.744811831433121 10.10708771401677 4.133924432237068
6261 0.7057998647206186 10.72866849799608 1.9987528196907
6262 0.9839921602679813 10.71584917943246 1.997307927921444
6263 5.727821752941743 8.516296209559776 0.8098308060342394
6264 5.847083691895952 8.417633224108013 1.146682032611403
6265 5.843709437820676 8.74139070221195 1.263443691161019
6266 5.632711832017771 8.58417717870925 1.158160477488886
6267 10.27922901127047 0.2064659553019776 4.237368777428571
6268 10.28168336994782 3.474859996537681 4.717633552375427
6269 3.932422869938221 9.989370581948027 3.652832195557538
6270 4.287557556944254 9.857275055514378 0.7724140539174857
6271 9.209793049610209 5.537803510045915 2.688560849079808
6272 9.093878436554652 5.720810795259898 2.999135964558838
6273 7.267102172003954 7.638348580106157 0.2520908202504349
6274 7.071268339343487 7.612718894908305 0.2520908202504349
6275 7.557615177051445 7.373007330974249 0.2513764373683435
6276 7.361781344390977 7.347377645776397 0.2513764373683435
6277 10.54371370803837 2.067403182128903 4.448337754334203
6278 10.28145726740373 2.14500901388819 4.352946862860368
6279 3.780719259685728 9.511041408344179 2.880500956281254
6280 3.920524543762802 9.450896706760165 2.634844237468632
6281 1.33698375646826 10.48519096531895 4.754134558909131
6282 4.493235644199428 9.199028872085321 3.495326985768923
6283 4.301799015907026 9.291400718906239 3.372362287178706
6284 4.178394160240789 9.343790335956179 3.611749373088083
6285 10.24677522104251 0.202878601920565 1.996924340209004
6286 10.24639401643484 0.5293518440623785 2.012130866451454
6287 9.779424692423948 3.080579362246067 0.8389365110120341
6288 7.998966394409241 7.122481038807213 0.213794164241699
6289 9.993438883647787 2.250113012998706 3.994531422498903
6290 10.04065198460464 2.029656715126816 3.842838615999015
6291 10.04898770316586 1.990693615355612 4.088971212464442
6292 10.25544985319379 2.187739066001922 4.081092298824095
6293 10.12818672535342 0.3217124925057189 0.1882438683186687
6294 10.17988306201208 0.1880493919669222 0.3526067848584242
6295 10.23538570119211 0.5276120036343844 0.5233168435213715
6296 1.337158710895605 10.67343462174856 2.60972825440415
6297 1.247448857700946 10.67190210864904 2.873688861898686
6298 0.9997107192297638 10.69404621538029 2.622206460409592
6299 0.9534750294450371 10.44228683661602 2.751867064421046
6300 1.043184882639696 10.44381934971554 2.48790645692651
6301 8.928511441958609 5.49225819457197 4.002229009177507
6302 8.800512818452869 5.228390976388232 4.253966304745003
6303 6.58141837894228 8.489797764135004 2.129699063926804
6304 6.639354081924784 8.123467888255258 2.126404870300877
6305 6.374691096030228 8.286739728838704 2.276335107903696
6306 6.0964779978199 8.229008066359345 0.6546295053570879
6307 6.009807443859332 8.301776287260573 1.025579773014984
6308 6.209170219538857 8.158409500258772 0.8975461094935253
6309 8.815308086627446 5.224962649490932 2.708189388732478
6310 10.73917918128362 0.2164644099614104 1.250438261790785
6311 0.2162610623760058 10.74179275780388 2.250248298182947
6312 5.280363511122708 8.781823183992937 1.503889071505945
6313 8.382544398667516 6.7366326901824 4.076201213891388
6314 8.348910173792968 6.752417108472711 4.346129408798441
6315 10.17388665130757 3.417783509078671 3.481949778741721
6316 8.859743445836894 6.090499796547061 1.848826745063201
6317 8.928160702660611 6.005180722314471 1.596117538297985
6318 3.380804656247684 10.20206673833183 1.05032207335762
6319 10.14136429987915 1.240380390004162 4.829432005236322
6320 6.763366979774254 7.706941042540446 2.249579176348046
6321 8.377994951138929 5.925103199652304 4.24541810438552
6322 8.466617069287523 6.220982378504196 4.019029289350747
6323 9.30828114065924 4.310417958104981 1.372267791273572
6324 10.53405663395505 2.116330648138545 1.928259583525212
6325 10.2690751366274 2.132837220624839 1.727365467345017
6326 10.57334780085775 1.895500458611494 1.776536587415203
6327 10.54588647810501 1.942818577705335 2.12720992707286
6328 10.28090498077736 1.95932515019163 1.926315810892665
6329 6.58402855521967 7.843455256277974 1.021299323737094
6330 6.339995117610512 8.009608087915572 1.284655961005136
6331 9.320672916052459 5.352306313039819 2.563701552314217
6332 9.204758302996904 5.535313598253802 2.874276667793247
6333 4.574658058339075 9.152093371985497 2.635677663017379
6334 4.493703133864412 9.198790888335203 3.004086701341187
6335 10.57379932292609 1.892892280178807 1.525546818096652
6336 10.57884809968046 1.910122906833124 1.249158230376065
6337 5.893560480063987 8.372004475833279 0.6010283963120562
6338 5.687627987149209 8.543435682186274 0.6351274373927888
6339 5.890545504905123 8.400439272712337 0.6887285464378203
6340 8.693528484000662 6.329157074432268 0.241621793274254
6341 7.830417841525796 6.593037228534629 4.24776323334396
6342 4.932461051394871 9.539613437836501 2.720792403374806
6343 9.374072389607266 5.26827218738244 2.863177437863607
6344 8.710757321743205 5.396894777212044 4.738538965892793
6345 5.871394812265644 9.000575579697392 1.884847283932409
6346 5.852083492099034 9.039173094915132 1.510655424543808
6347 6.072055071888964 8.897577018640185 1.757118894389562
6348 8.173918172811433 6.983798501923728 3.34331774744782
6349 8.095236924980085 7.081076071997536 3.59509238422332
6350 2.05989261802447 10.53048652416736 3.728527486737313
6351 8.422490453572589 6.249512767187726 3.505335413214483
6352 8.140544155234846 6.211834053188777 3.751327231442839
6353 8.330873940130633 6.380553043422642 3.855262904208497
6354 3.326426041636073 10.23503370956051 0.7903045377611365
6355 2.969518661198117 10.32737961218893 2.130296271655918
6356 2.850683471447067 10.38519857630005 2.366120493877098
6357 2.380646037642561 9.961775351353516 3.789050032205186
6358 2.068472459504539 10.01780818228112 3.763373407532169
6359 10.20018801503627 1.032189407931813 3.232739790748102
6360 3.575663384629872 9.602934412822215 0.6814683565680451
6361 0.7054156700627471 10.226995619168 1.999780344652117
6362 0.9836079656101098 10.21417630060438 1.99833545288286
6363 3.089474823185032 10.2793001643972 4.081652702412745
6364 5.314143744833766 9.341880606999695 1.729507040059629
6365 6.954331471471884 7.529531859378588 2.270821040438161
6366 9.771314750381489 3.107405677899185 0.654612647610225
6367 9.850021057621095 2.842795940546682 0.6637591202317844
6368 3.916369990324266 9.835987746579153 0.3408812124061696
6369 5.280708256153915 8.781608930173782 1.74693781690541
6370 2.227943316616122 9.899874723890683 0.178465860281052
6371 2.464523800999049 9.844659919694642 0.178465860281052
6372 2.387626932814865 9.965982746239391 0.549572639584238
6373 3.300189507683832 10.21669845619443 3.951562623477225
6374 8.531339043484717 6.523730855848189 3.733574757195184
6375 7.44315832696916 7.736887578263289 2.638149940324627
6376 5.694980510643926 9.1126750728651 1.76075615011782
6377 5.675669190477316 9.15127258808284 1.386564290729219
6378 2.960581584001973 9.80910702061048 2.879803407360876
6379 9.910789333178812 2.649579432022552 2.867897471075579
6380 9.955757691104022 2.402634554218936 2.731857054430916
6381 4.383571946771633 9.244329632512905 2.266965723274262
6382 3.773196116018467 9.527723008661965 2.166923591974934
6383 3.920766289466907 9.45079851443657 2.388987930868668
6384 0.2160933752211948 10.24665533382062 2.75078227015768
6385 4.717597204655567 9.087952097802026 2.856451621758331
6386 4.674168805357562 9.375265137273818 3.10194284236359
6387 3.121836169344838 10.01196183409099 4.15313272526266
6388 4.614990082113372 9.149503863628384 4.826995971162026
6389 4.8367006106473 9.033067841994235 4.826995971162026
6390 4.75180436674271 9.060097390164756 4.443144967638257
6391 5.092391680843934 9.160922220203844 4.616148996476231
6392 4.870681152310006 9.277358241837995 4.616148996476231
6393 8.815302045258642 5.224972566618936 2.462780175409737
6394 8.699387432203086 5.40797985183292 2.773355290888767
6395 9.843125905103854 2.456257143352114 0.2084943655531896
6396 1.540366901358516 10.63849724729687 1.758902649357208
6397 1.198632137549293 10.69469145765973 1.872249362084254
6398 5.511483878845773 9.229841894020737 4.497313915570492
6399 5.377805535786182 9.017775647365397 4.682980091453707
6400 5.310966267808115 9.345958918688662 4.814333824116786
6401 5.226070023903524 9.372988466859184 4.430482820593017
6402 5.292909291881593 9.04480519553592 4.299129087929938
6403 6.968162086853592 7.537004033892556 1.752022986374508
6404 7.092298424883664 7.765936300418101 1.977296596129987
6405 9.216662108341152 4.501202099777194 0.8900784895205953
6406 9.230835151296501 4.443927209925906 0.6217115697363864
6407 4.218282496258665 9.712445598007102 0.2701485545121921
6408 8.207780805050579 6.122852554009843 1.178650821055252
6409 8.308472430323761 5.99951725133392 0.9487214660916397
6410 8.766290602436762 6.243281215526439 4.26301091398968
6411 2.235617477492771 10.54032503104357 1.498673176118637
6412 1.752370229792863 10.10756564501473 1.371234959312219
6413 1.79111103687964 10.35784439581575 1.494176690245759
6414 1.748486496287594 10.10303317168553 1.64703516228946
6415 2.019076203376729 10.07206863147902 1.387032374566825
6416 2.061700743968775 10.32687985560924 1.234173902523124
6417 10.17381258335301 1.1918152720952 4.344777196832585
6418 10.11446509396211 1.603423953999542 4.21171782658832
6419 10.33493424017998 2.916580782632992 3.36171523770388
6420 10.01860054832572 3.031400814837718 3.509277153156464
6421 5.502284590404503 9.232334319743668 1.60707307443584
6422 0.9355442608126966 10.70030371906247 0.48822282795122
6423 1.121990638824526 10.19293476281668 2.489820480403096
6424 1.032280785629867 10.19140224971716 2.753781087897631
6425 0.7845426471586854 10.21354635644841 2.502298686408538
6426 6.169723786068708 8.808625018430085 4.787938304680546
6427 6.82329419133537 7.981740670728104 2.478273321339108
6428 6.931322317909945 8.21317462622058 2.604594848672096
6429 6.558631205440813 8.145012511311551 2.628203558941927
6430 1.198948043826215 10.69465404097205 2.120918725539709
6431 1.337385593101022 10.67340774740781 2.360297691661696
6432 0.9999376014351808 10.69401934103955 2.372775897667138
6433 0.9047473333648892 10.46506564327978 2.248527490804523
6434 6.812980888066843 8.300323065035087 1.117339941305623
6435 3.158934603785605 9.746677173722723 1.495685544572213
6436 2.95722855564572 9.813966595197908 1.618194133361235
6437 3.186431654139137 9.776907495699064 1.795270772470511
6438 3.18151550181676 10.03965957498034 1.6408584305872
6439 3.388137702279023 9.709618074223883 1.672762183681489
6440 8.665679872319316 5.450958609512769 2.519062858796044
6441 9.039351063020195 5.825254625110457 3.480939573178202
6442 8.87840111004396 5.595350571178205 3.625346278021618
6443 9.229552582797695 4.451777296424803 3.483528727814448
6444 9.092790706767172 4.694643568976052 3.518145748504585
6445 10.27276672439574 3.17522061192401 0.7211436579654975
6446 9.403583091351518 4.061899123679237 3.483168573052956
6447 3.367340773069221 9.678486056155403 1.342160908678856
6448 3.389921671100375 9.971468457413016 1.487333794693843
6449 8.615113313242979 5.548332414346199 4.815127321927374
6450 1.122273650814575 10.69461518256841 2.486034663840241
6451 0.7848256591487338 10.71522677620015 2.498512869845682
6452 9.878199747681883 2.665046285818636 2.030940509845952
6453 10.1473178254094 2.609615716913057 1.832049818331885
6454 3.773806891534538 9.52747485824993 1.921367114038111
6455 7.750922216252692 7.459871655515899 1.483403278384009
6456 2.471139594378883 9.944900080244167 4.535984406238881
6457 2.702581387589193 9.785029598479198 4.787472061715191
6458 2.826598384095286 9.854035153319629 4.475439352636785
6459 9.097454026895088 5.722395492723598 4.787707375060116
6460 5.04387891315775 8.922611765827725 4.73895926936813
6461 4.958982669253158 8.949641313998249 4.355108265844361
6462 2.963747543708172 9.822015519878148 0.5308766625339301
6463 2.702581387589193 9.785029598479198 0.2125279382848087
6464 2.625684519405009 9.906352425023947 0.5836347175879946
6465 2.316071115637933 9.97662545743621 2.500731559605132
6466 9.072677698996676 5.734946187095986 0.9811019500186429
6467 10.21150101375843 3.335552807661433 1.388200177387227
6468 10.27559320205421 3.13214385538368 1.511315152098858
6469 0.9838361015397681 10.71586147613265 2.246655697718253
6470 8.694463079821876 6.318576308564364 0.9116696343753834
6471 8.463968274263671 6.625119773888804 0.9734688937682716
6472 8.653835704923928 5.473078403170064 3.746480800026156
6473 7.346419298805687 7.84924273699895 2.4989887289495
6474 7.289689053596121 7.882788363353775 2.763158865397042
6475 7.155454807108057 8.026651920160809 2.477746864859385
6476 7.020907684105481 7.792746548126807 2.514007578933337
6477 10.16521992237679 1.346076816639887 4.109251405564256
6478 10.17889771351338 0.2126220038860714 0.5450049315803167
6479 10.23440035269341 0.5521846155535336 0.715714990243264
6480 6.601573447733712 7.844584294738959 2.12657621698021
6481 6.35425409204108 8.031442078060376 2.024385508885405
6482 6.336910461839155 8.007856135322404 2.276506454583029
6483 9.960713775375792 4.307601119011238 0.2184269074849554
6484 10.05578664185666 4.086408767354378 0.1995838172542965
6485 9.868283171530138 4.261338661248153 0.5664708918231041
6486 9.963356038011005 4.040146309591293 0.5476278015924452
6487 9.820469151164025 4.005019167248941 0.3480439843381487
6488 2.007523894316765 10.51968084092259 4.791645610530038
6489 2.209238669934995 10.60116062697696 4.791645610530038
6490 2.041908646856419 10.25747551361786 4.748512344523689
6491 2.24362342247465 10.33895529967223 4.748512344523689
6492 2.240766861469118 10.51424482983867 4.540157955053727
6493 7.641295922309337 7.64129592230934 0.2137467854076676
6494 7.514914275937263 7.795183079341014 0.2137467854076676
6495 7.140720525631881 7.792235737137831 0.2520908202504349
6496 6.601308643671997 7.844800031410561 2.372085401384544
6497 6.33664565777744 8.008071871994007 2.522015638987363
6498 0.7836829821064237 10.71531667765528 2.749786795828135
6499 0.6256919700686552 10.47777666936182 2.750528199469616
6500 1.53578000176713 10.13851708653232 3.243485975640656
6501 1.229797143270911 10.16869043374059 3.403830859011536
6502 2.834505170999799 10.45036217094553 0.2137467854076668
6503 2.638034014693253 10.4793144509654 0.2137467854076668
6504 2.635992965788927 10.42076445811853 0.5848535647108527
6505 9.830622480074002 3.745689439467278 3.710593949722604
6506 9.579751419563959 3.649610726945233 3.976799189341952
6507 10.4954045782471 2.31704606794003 1.801943497576244
6508 10.5346957451498 2.096215878412979 1.650220501466236
6509 10.36567575238033 2.776822702415475 1.879043603727413
6510 6.383889076569769 8.022575672713092 1.025308886768358
6511 6.897601226262317 7.563077485733413 2.534991176885703
6512 6.763145221620213 7.707137959225449 2.495055713599345
6513 8.220452875566835 6.115085626472593 3.37610284461289
6514 8.412572638133618 5.85922712645962 3.498175272846307
6515 10.80081575844918 0.5211625727436741 0.213746785407668
6516 8.935105035289055 5.021582428092398 4.824782916459081
6517 8.992411474952618 4.933271219867825 4.553515862213279
6518 10.63854003804387 1.56720225454103 4.271552837963086
6519 8.765422734753368 5.298802524019947 3.876807560039827
6520 8.694478886258977 5.410292031100953 4.126388454665284
6521 7.499888572178726 7.703341951908464 2.373979803877085
6522 8.414962520129691 5.836704723279626 2.763891850517898
6523 8.585128113401147 5.586879024843536 2.895909279161728
6524 7.129443807188444 8.023750881146073 2.886982705652979
6525 3.164422531780574 10.2750462707883 4.174364480057753
6526 1.303846541289509 10.67088475412196 1.615508441577996
6527 1.550706943305363 10.38569942931164 1.62658268544379
6528 5.263632061809755 8.791214162265192 4.787472061715191
6529 5.244396524195407 8.806494741159803 4.421939360821836
6530 10.69198286794172 1.038681751571314 2.892057497161299
6531 10.69799541829186 1.079028533305192 3.211485162393959
6532 8.647095557467543 5.508919537109509 3.49912157884422
6533 5.792780506069763 8.455262256827933 4.336449061988274
6534 5.567012738509941 8.608177372861455 4.345601986080065
6535 7.092075560826009 8.071782485955072 2.727424607802813
6536 10.13904019650409 1.523894066779349 3.983234278713761
6537 10.08828536808942 1.781241204139004 4.085700699737824
6538 8.717803037325208 6.267376359442787 1.265686273642482
6539 8.925766327573296 6.008695804271827 1.352050508957564
6540 8.81849466259839 6.144041056766863 1.035756918678869
6541 9.970425172828616 3.928650710788366 0.1995838172542965
6542 1.759142283653541 10.05784397429559 4.78747206171519
6543 7.781698196155534 7.495631364703098 4.815544132523982
6544 7.935585353187209 7.369249718331024 4.815544132523982
6545 7.778059647690963 7.153614344727076 4.743678049314829
6546 7.901453435248166 7.271210104235598 4.559222181838811
6547 2.956567251478448 9.814171637108629 1.374269239308538
6548 6.703644990784513 7.750122279811314 1.752079334789464
6549 9.648171514325021 3.466537871977974 4.070422321767229
6550 9.73314448215983 3.185310279246011 4.330195680207749
6551 9.754452299806221 3.186120028929435 4.063003544079834
6552 10.05377340013305 3.054356838928647 4.20759190931749
6553 9.968800432298243 3.33558443166061 3.947818550876968
6554 1.536478517857873 10.64226933286138 3.243523749302953
6555 1.230495659361655 10.67244268006965 3.403868632673833
6556 4.121263156098866 9.937160173623383 4.216552987746494
6557 3.949027767028227 9.982573098775115 3.900319541268573
6558 9.99491863957671 3.954943007420503 3.947946544030146
6559 0.9835530895497197 10.21418105638092 2.250441514281109
6560 10.07279952437073 3.761093429958641 3.827631521446812
6561 10.04090235762769 3.89078059471677 3.582988142605055
6562 5.085591710941765 9.467482219052686 4.786253214592332
6563 5.000695467037175 9.494511767223209 4.402402211068564
6564 4.786513324451239 9.605276070534989 2.748680932514135
6565 4.929452470767729 9.541134796351518 2.969454891255087
6566 4.705558399976574 9.651973586884694 3.117089970837944
6567 10.72703464240199 0.7547037146491945 1.175509290046589
6568 10.48431871951578 0.6452313420113682 0.9348609866847049
6569 10.46742787117166 0.8675346809530706 1.270863356572503
6570 6.393149583551093 8.594439764086392 2.505487841499833
6571 6.410493213753017 8.618025706824362 2.25336689580221
6572 6.194924626765957 8.417265291732232 2.141445034091443
6573 6.21338311428682 8.72496532697992 2.370597767687581
6574 6.177580996564032 8.39367934899426 2.393565979789067
6575 10.25779912248954 0.202878601920565 2.247112166690768
6576 10.51242847538616 0.3264732421418134 2.015644788033235
6577 9.398156337718063 4.08186825642938 4.190235569805838
6578 7.343754907870451 7.851678215985528 2.251853192358704
6579 7.152790416172821 8.029087399147386 2.230611328268589
6580 3.164973420762063 9.745980519541305 1.220744603415181
6581 9.618729311441978 3.436291457934455 0.1887571378075381
6582 6.190649925331499 8.153010153015829 3.14745376854323
6583 6.043446581761375 8.257359003462174 3.344200374594431
6584 0.7843805181429844 10.21356040363248 2.751259761803498
6585 3.314633023294782 9.710855516816052 0.6589358684109967
6586 0.2161632043901048 10.23665792451083 3.500096201411599
6587 0.2155288577628112 10.23668533430334 3.7492586987502
6588 2.018505610079913 10.30830210455315 4.379316055431932
6589 1.984120857540257 10.57050743185788 4.422449321438281
6590 10.20339349045819 0.9931910068799169 1.171074642619343
6591 10.22028433880232 0.7708876679382144 0.8350722727315442
6592 10.22675663837639 0.7369937866146583 1.099787309010843
6593 1.958541246003639 10.06731020192896 1.250492366717708
6594 2.225247219587505 10.03181318839326 1.266289781972314
6595 1.247074414523711 10.67194644077887 3.127449187722428
6596 5.887921152957752 9.01523030123017 1.051288548041977
6597 3.451306235590435 10.14010988644865 4.789710379933179
6598 3.206888424588046 10.21977811992018 4.813280187799907
6599 3.333633494495397 10.20455177486985 4.512431200876553
6600 3.376929317331262 9.889070911255793 4.699151013076646
6601 3.578051305497786 10.12488354139831 4.488861393009826
6602 5.314375326362558 9.341751828317197 1.482092599552233
6603 2.652493899252074 10.44049937479018 1.25176512579896
6604 2.640359560437991 10.18405075827636 1.356876554627827
6605 2.456324090806834 10.23316351708352 0.9960924381920507
6606 8.593771454548691 6.441911611240288 1.141598989338996
6607 3.118126720432745 9.987303452495492 4.687967290921594
6608 3.07483089759688 10.30278431610955 4.501247478721501
6609 3.244871790340096 9.972077107445157 4.38711830399824
6610 7.451947389926756 7.726786120331068 3.627052523187646
6611 9.313420828177627 4.292189094761444 4.346148987449522
6612 6.827781328814584 7.97905454633686 1.977352944544942
6613 10.52241685902474 0.3395626116674622 0.7100729752027028
6614 10.27897079177644 0.2126220038860714 0.7556420150405612
6615 10.52888915859882 0.305668730343906 0.974788011482002
6616 10.24087265226748 0.5182907342299774 0.9804300265225632
6617 2.582846620689923 10.42825224295047 3.63336423489391
6618 10.17985134571395 1.220513327369301 3.600988864743433
6619 10.16629310542173 1.337695972255445 3.856776390158969
6620 5.846535061854381 8.418007501103318 1.39220529575888
6621 6.063681017610607 8.599794625937003 1.509907161006772
6622 9.941867435565307 2.470912608326516 4.093035677584842
6623 10.11618330808119 2.750352776445119 4.23071827715198
6624 9.858149709970778 2.77410692112662 4.337101445878266
6625 9.967874849775246 2.428182556212785 4.364890241621115
6626 10.14219072229113 2.707622724331388 4.502572841188253
6627 10.22590844788566 2.404428411531284 4.258507072894829
6628 7.20272194810476 7.268026887638179 2.781237038253733
6629 3.16260642504607 9.74173520916818 3.002948124835094
6630 3.379405189339831 9.680677486114078 2.841231732221236
6631 1.972959685899763 10.06157233595977 4.276952199474219
6632 10.24539550954493 0.305668730343906 1.099788011482002
6633 10.61303159061136 1.709770013787468 1.969562582161991
6634 10.32058877053097 1.773594705367604 2.119341805639452
6635 10.22143147024626 0.7358975540096548 3.499597098384037
6636 10.20114622262266 1.021270409215737 3.479512474538657
6637 3.93882923887946 9.999846523761828 0.5546279978138365
6638 4.072770993866196 10.04540609652675 0.2137467854076669
6639 4.24074174481386 9.876304375189779 0.4838953399198589
6640 10.14170941180354 3.547164809813136 2.250297743914399
6641 8.942901860289174 5.943593719918639 2.623000870996084
6642 8.806443826901489 6.15044066067488 2.745275874444978
6643 10.67921610993598 1.228105002246531 2.44734985568447
6644 10.40888673081076 1.294155506992846 2.352968964258587
6645 10.43915616715003 1.066464008386955 2.500593086533402
6646 6.76853668737774 8.35326749637694 0.9861043689223795
6647 6.968676166027642 8.174147079941822 0.9820948058911164
6648 6.4101539098808 8.61827007836624 2.006700350475492
6649 6.213043810414604 8.725209698521798 2.123931222360863
6650 8.976609420172945 5.900614962238791 2.877293303088808
6651 9.853811550816292 2.855139723863037 2.744479612613933
6652 9.75357642412639 3.085211044190583 2.523211158656328
6653 6.007391390062227 8.297243762074316 3.006096505371971
6654 3.786606718616994 10.058302977123 0.760065237054246
6655 3.579954971893515 10.13325710988815 0.9975502844936809
6656 3.637013963441009 9.567916619800259 4.282472066090532
6657 3.914459423547534 9.481542909491628 4.258065719935514
6658 3.742224034476894 9.52695583464336 3.941832273457593
6659 0.2060425512168207 10.27924649192833 0.7611022094599168
6660 5.098291085624073 9.164244804591366 3.645724897094608
6661 5.314365903681768 9.340025140491516 3.753641357858891
6662 5.107649975883079 9.450119846336328 3.603525445179861
6663 5.165610115440058 9.406925975305423 3.971869949448303
6664 5.156251225181053 9.121050933560461 4.01406940136305
6665 3.995003962185101 9.963597494736591 2.745203113304033
6666 4.306820970245431 9.856826553168844 4.319360036564722
6667 4.305069948305399 9.581341813708523 4.396637696144071
6668 4.131015165342797 9.645990153747533 4.038920713804229
6669 7.148352393289072 8.033137011091386 1.976560912868105
6670 4.523843942852606 9.196914746892002 4.548889000384467
6671 4.642720728419902 9.414175598565237 4.721893029222441
6672 10.75800940265551 1.434584158862983 4.829577660925706
6673 10.67958753786727 1.174330011109482 4.550403075564788
6674 7.066153133817123 8.09116528302911 4.192997816066619
6675 4.863881182407837 9.583918240686835 4.786253214592332
6676 9.042581623136392 5.820092415227361 3.731851507148383
6677 9.092691955051041 5.717000038621125 4.108734238304272
6678 7.358415403439068 7.858413594631648 1.979312346002895
6679 9.798667981695592 4.402518131093662 0.2184269074849554
6680 9.658423357483825 4.099936179331364 0.3480439843381487
6681 9.21218550592836 5.516476600485889 4.236437388797219
6682 5.29964965059442 9.321694014735447 3.46021678242343
6683 5.083574832536724 9.145913678835296 3.352300321659147
6684 5.290290760335414 9.035818972990485 3.502416234338177
6685 9.96053007524683 2.409631943643425 1.832002505492828
6686 9.878063930931528 2.665580250404592 1.784963860369688
6687 10.1251269448549 1.596514427409609 1.875887524370513
6688 10.08544315510129 1.782244872233635 1.682861529623725
6689 10.75839676156126 0.196743310294321 2.004012312139956
6690 3.377681033919801 9.679706363140507 3.16477312302523
6691 3.392225028438261 9.943499590669621 3.002797042634953
6692 6.962596269905968 7.507375369080158 0.4646187585352426
6693 7.004077516808202 7.347814355342801 0.2125279382848077
6694 7.253109274953459 7.242034119948251 0.4639043756531511
6695 5.511499127634123 9.225600779806664 3.633677320487192
6696 5.496782874546775 9.207269654050595 3.340252745051731
6697 2.323942795500611 10.28171741370042 0.2536372322080904
6698 2.162218130397542 10.15705939850483 0.2536372322080904
6699 2.321901746596285 10.22316742085354 0.6247440115112763
6700 1.968911503908905 10.57582204457928 1.482875760864031
6701 3.173545720050242 10.26612199046153 2.993238140626937
6702 3.390344484344003 10.20506426740743 2.831521748013079
6703 3.072429238117476 10.38469930064087 4.813280187799907
6704 4.901226065155702 8.992720448331031 3.74128576365339
6705 4.959186204712683 8.949526577300126 4.109630267921832
6706 2.057224675296796 10.02028421981148 3.495255783691285
6707 2.117317915405759 10.01598870628617 0.6377493139632162
6708 1.985034286032442 10.06148181605185 0.9933003253893847
6709 2.251740259616308 10.02598480251614 1.009097740643991
6710 2.193984373342092 10.28138674584356 0.8786228910969551
6711 2.372066196162492 10.47445369323976 3.75420411141033
6712 9.377761178956101 4.165032613392574 1.216963314024588
6713 1.94815287736426 10.57774664375328 4.208909768168865
6714 9.53605240265049 3.667357938614938 0.2125279382848086
6715 9.654278599815681 3.446581365363849 0.5219393756341395
6716 9.528983267832881 3.778853537417865 0.5605719226229573
6717 10.26004695843922 3.252526026374325 4.187833438970214
6718 9.263192523165014 5.453769384388536 2.988036734629197
6719 5.525415516291964 9.215171275961314 4.814333824116786
6720 7.364299167849551 7.141041909481766 1.518606534822113
6721 10.75765542708406 0.21646440996145 2.250313044136275
6722 10.74625032102937 0.5429376521032634 2.01533174389696
6723 10.23189008414316 0.7575987937154862 1.63895377350191
6724 10.20341076110416 0.9929915021828374 1.419697374695452
6725 5.968907544518123 8.332020387890328 4.271313307817406
6726 6.144304040160019 8.191413694094926 4.098846767774312
6727 8.994158567839362 4.882376460236541 3.393251925254788
6728 6.218253753563424 8.435134407847626 2.901731118153537
6729 6.564423745412469 8.465939228258122 2.628481047107782
6730 6.746412379978506 8.3557217538656 2.007477998561634
6731 6.993731735671139 8.168863970544184 2.109668706656439
6732 10.04821769340974 1.979930224443941 1.802785732737932
6733 10.05798183234855 1.829562991327476 2.033534869281382
6734 10.020756370657 2.027248343537782 2.153459072395588
6735 9.849171453110785 2.837640673687469 2.466634892801097
6736 9.960724304990242 2.430316399719806 1.560290636658405
6737 0.4897581877907355 10.24099861502584 1.875321709433674
6738 0.5059766354090695 10.24063397394927 1.597436033017826
6739 10.23891768764253 0.2126220038860714 1.006080276831346
6740 1.246375898432967 10.1681941944498 3.127411414060131
6741 1.968990058248662 10.57580644251214 1.23495465593151
6742 2.235696031832528 10.54030942897643 1.250752071186116
6743 7.336514982037659 7.965750268995378 4.821205839712944
6744 7.224269038357958 7.952101930642111 4.533251982204713
6745 2.227943316616121 9.899874723890683 4.842127603047272
6746 2.464523800999047 9.844659919694642 4.842127603047272
6747 2.233082007788738 10.00453040145961 4.590639947570962
6748 2.270012922836156 10.14738382496501 4.748512344523689
6749 10.71836344878732 0.9202721016830304 1.869491592347486
6750 5.108364381538529 9.449724666085991 3.362385946795476
6751 5.300364056249871 9.321298834485113 3.219077284039045
6752 10.50525125212826 0.2755201016522402 2.355886079230705
6753 10.23921679317694 0.4783987035728052 2.352372157648923
6754 10.49384614607356 0.6019933437940537 2.12090477899139
6755 10.0567750487887 2.010053129452159 2.803967986242663
6756 6.336047559546366 8.791412487817116 4.787938304680546
6757 10.33504857274965 2.916191345413556 3.608859908542341
6758 10.23820999754001 3.213466082326365 3.605159205968694
6759 10.61574953850294 1.693955431993609 2.214163814188757
6760 10.37739735989206 1.547247839530497 2.243307540812036
6761 3.855555623682488 10.13056593629823 4.786253214592334
6762 3.923038005802481 9.966483444694054 4.786253214592334
6763 3.627260078211092 9.798773290942066 4.699151013076646
6764 3.799452314830002 10.04155471995744 4.48540422766898
6765 3.559777696091099 9.96285578254624 4.699151013076646
6766 9.974516574620413 4.033370744835968 1.21502987246248
6767 9.6963261707767 4.061421440625759 0.950737721398822
6768 5.49920839036274 9.234206568811331 1.853082807486711
6769 10.0040563451248 2.194160422529157 2.608749993985596
6770 10.02074111482881 2.027321258693535 2.400478300440503
6771 3.559776957529892 9.618239663619217 1.764318528194084
6772 2.755790921865676 9.86783609151308 2.756548977871211
6773 8.567491612237287 5.59536878975891 1.133038299539127
6774 8.269835924638073 6.042948938768927 3.627538672803021
6775 4.072770993866196 10.04540609652675 4.786253214592334
6776 3.582083823414021 9.911320014449988 1.663710793659269
6777 0.2132335190574836 10.77935859156752 0.7556883033321009
6778 0.5168497876043963 10.74101635193099 0.828173904850706
6779 7.125183111390998 7.391498905673507 1.630166066623442
6780 7.216334295144575 7.29030889046315 1.38775577520728
6781 10.3984653058992 2.760564145657203 2.716782508984318
6782 10.12549730506067 2.816712302388378 2.687768651116997
6783 6.240020352398472 8.753112054896144 4.262893619698613
6784 6.415416848040369 8.612505361100741 4.090427079655518
6785 6.765707485024979 8.347797953468941 2.72822855244839
6786 5.651528030151717 8.545917441868433 2.023374269087825
6787 5.852188289775037 8.442918880811225 1.895645879544978
6788 8.605049118365159 6.436019112176977 3.375633782230026
6789 8.654432167436397 6.363882424473309 3.627069610420157
6790 0.2736865923305997 10.49171560598769 2.125393617614902
6791 0.4899476547066043 10.74141613215573 2.124414782783652
6792 0.6265550378175266 10.4778849618434 2.24997238257378
6793 5.107941992954391 8.882625742486219 3.89140167633242
6794 5.875068397367179 9.023863852063343 1.275772954574539
6795 6.095039977157109 8.882267775788396 1.522236424420292
6796 3.559502925382867 9.618337613192375 1.518537907644282
6797 10.14195828452981 3.546694674531897 3.236645149372982
6798 6.298710257297008 8.068085376393134 0.6391209004229147
6799 6.546346886816059 8.197789049741472 0.7374727101700078
6800 6.433654665097102 8.268387615842045 0.4945561060335703
6801 0.4886062718081683 10.74132664082705 2.875105025792855
6802 0.2728235245817283 10.4968883487779 2.875490303110869
6803 5.309890967942671 9.316015680021723 2.97084939060262
6804 5.086818691698392 9.140957096987528 3.081649710841725
6805 9.579898044484672 3.649240581193953 3.731079848254114
6806 10.63318000410815 1.519483619056714 2.377527386702125
6807 10.67500589817209 1.259689588438304 2.205575730065224
6808 8.271282080064186 6.040973269491676 3.866405713901834
6809 8.266025646707881 6.084579568511815 4.128663761847966
6810 10.78025104904568 0.1888334865311281 0.558871018610382
6811 9.591814798560051 4.811500968251417 3.617508934873812
6812 10.00892652650704 2.200760413970992 1.95450872884794
6813 8.003035102067209 6.383807374874051 4.57333646538882
6814 8.169397772886573 6.513638077461971 4.746805478413242
6815 8.291983281899782 6.43994376073309 4.38744914706168
6816 4.495867941985178 9.752421450886231 3.519853727030698
6817 2.449919849228677 10.54622791047704 0.2137467854076668
6818 2.135828630036035 10.34863087321205 0.2536372322080904
6819 2.373653248324186 10.46898768687857 0.4673840176157571
6820 2.31854391717024 9.986030422661223 3.512198037004702
6821 1.405335500206193 10.74153860204611 0.1712496933939816
6822 1.170306253038118 10.67864311292415 0.4288761319249231
6823 1.762908840295873 10.5640285645747 4.775164498289009
6824 1.739505803519366 10.61485515550999 4.405968209197252
6825 10.44799936453031 2.521439847011623 1.678700655132208
6826 10.22997819946812 2.374351866228271 1.607376594620602
6827 9.87945752761717 2.774916670810044 4.069909309750351
6828 10.13749112572758 2.751162526128543 3.963526141024065
6829 10.72053604907774 0.7677169936459606 3.490463385909894
6830 10.70025080145415 1.053089848852043 3.470378762064515
6831 4.054438526381332 9.791322232466136 4.674744666921629
6832 4.076897774936526 9.955181009648811 4.460997881513961
6833 3.904705538317617 9.712399580633434 4.674744666921629
6834 10.08729543035189 1.818331841825382 0.9312011077948859
6835 0.7845975232190754 10.21354160067187 2.250192625010289
6836 8.797168880931942 6.180160612164004 3.497706210463443
6837 0.7849817178769469 10.71521447949996 2.249165100048873
6838 6.415531885875268 8.608097252118549 3.009582236441834
6839 9.653432247795216 3.451499720974855 3.851440981658836
6840 9.759713033276419 3.171081877926316 3.844022203971442
6841 4.134383986013322 9.903628040680083 2.252373766375988
6842 4.169879774081789 9.618896762228999 2.271397129588466
6843 3.706721727239791 10.08693173327326 0.5551121962953235
6844 3.623448112042818 10.21765114580966 0.2142309838891538
6845 3.4456913659047 10.1948528372671 0.5325797081382752
6846 10.15851378475014 3.810685219317756 0.1995838172542965
6847 8.505861239280353 6.329289105231049 4.640643668648439
6848 8.537389118135394 5.690395706588046 1.62684477882039
6849 10.56455758151184 1.762937860437871 0.213746785407668
6850 10.68148338186287 1.916047086836574 0.1647225496671681
6851 10.72555456380833 1.673194857749844 0.213746785407668
6852 1.64132860564449 10.70946223539856 4.775164498289009
6853 1.412807151711449 10.64087433436801 4.52929905719814
6854 5.314177880238821 9.341861625779771 1.97704718653833
6855 10.33753007805817 2.949509858276149 2.562988103822164
6856 6.586506156914665 8.479812734602326 2.885797210969521
6857 6.403247621645393 8.624046343660813 2.744439947798261
6858 6.196171342061227 8.421260901503423 2.644414954291798
6859 6.3794298773305 8.277027292444934 2.785772217463058
6860 6.231973459784016 8.752546879489081 2.621446742190312
6861 3.923038005802481 9.966483444694054 0.2137467854076669
6862 3.855555623682488 10.13056593629823 0.2137467854076669
6863 2.756369053559256 9.867247972587725 2.264419358023744
6864 9.248870632697946 5.483580671255869 0.9917932891917625
6865 3.439471579881721 9.643501739385675 4.223725532965114
6866 3.544681650917606 9.602540954228775 3.883085740332175
6867 0.4889168998029219 10.24088938041907 2.875963703054092
6868 8.802788182133757 6.319617460900432 0.1677687360914607
6869 10.30938832459937 3.020930330138214 4.344399352401082
6870 10.3931060501939 2.71773601733811 4.100333584107657
6871 10.41911346440384 2.675005965224378 4.37218814814393
6872 10.11895944803458 3.922610747478307 4.819654680560191
6873 9.045414608993212 5.825462075305248 1.727810778996771
6874 6.089440257245361 8.857319897462103 1.264294509697056
6875 9.577590840856427 3.634488385167869 3.260944779894603
6876 5.495770614002081 9.207885452854459 3.093276154310305
6877 2.757367236689451 9.866984487422403 1.772109149968087
6878 2.522567282673935 9.934841262429636 1.636557651462215
6879 9.622238840403472 3.579163417087178 3.363713055567684
6880 8.240922678793595 6.11858906758931 4.309565315834783
6881 4.207909970755448 9.348658020895051 2.271587825452611
6882 6.007693360113193 8.297018455551797 2.760440530815417
6883 8.098793745495584 7.010155823565521 4.725258548331382
6884 8.285780561677559 6.982596118314868 4.725258548331382
6885 8.186488132863872 6.693101398352461 4.746805478413242
6886 7.999501316681895 6.720661103603113 4.746805478413242
6887 7.966863824476521 7.335296336586275 0.213794164241699
6888 7.71150233408312 7.246625684602175 0.2513764373683435
6889 10.43857358331005 2.546116094874352 4.108730238346725
6890 10.46458099751999 2.503386042760622 4.380584802382998
6891 5.111608240700195 9.444768084238223 3.091735335978053
6892 10.43531019356101 2.878460906276592 0.2137467854076686
6893 4.493437937857033 9.198925898558116 3.249719358271851
6894 4.226613738560985 9.885545517855959 2.258946911165682
6895 0.2161632043901048 10.2572419522157 3.25038262614853
6896 2.968969179891082 10.32753408541576 1.883019964037807
6897 2.734169225875567 10.395390860423 1.747468465531936
6898 9.984578200146018 2.898099212596291 4.737392022722702
6899 10.16225488013695 2.820935325557451 4.737392022722702
6900 10.09430333995049 2.552174847682456 4.76518081846555
6901 10.27198001994142 2.475010960643616 4.76518081846555
6902 10.49511114313647 2.340029328882497 1.281179528581495
6903 10.53925685705012 2.115745309933382 1.124779813585322
6904 2.125287215350124 10.01420597499943 0.4321030924891424
6905 2.752769479022157 9.87263886371165 1.494785447025179
6906 2.956910160990635 10.07106429818993 1.741105494420832
6907 2.72211020697512 10.13892107319717 1.60555399591496
6908 9.621535081052176 3.581186885732984 3.606797602817078
6909 0.4899997145492566 10.74141408332146 1.874677387612217
6910 0.5062181621675905 10.74104944224489 1.596791711196369
6911 8.336483885248917 6.504644188439805 4.746805478413242
6912 4.772735043147071 9.631329123950453 4.508146243814774
6913 10.18193038460731 0.7700644918894473 0.2311384279939872
6914 1.30104495836297 10.16740269778303 1.632640747932506
6915 7.509702487296176 7.714859939285829 1.601961799461776
6916 7.600853671049753 7.613669924075472 1.359551508045613
6917 8.662279571381136 5.475152776765354 0.2112877612871495
6918 3.437667644594571 10.17218499767251 4.366795309783461
6919 10.13775457229905 3.587097736948424 1.728478624670419
6920 3.634154614350273 10.2138947577391 4.789710379933179
6921 6.183067834717576 8.163240126371532 0.4633701310489747
6922 6.385300094194685 8.00231743640532 0.4478615261148016
6923 10.14440345343819 3.561036645460747 3.953847110945584
6924 10.25068423891939 3.280618802412207 3.94642833325819
6925 6.190951895382465 8.152784846493311 2.901797793986677
6926 2.961826313313013 9.808312218908661 1.895517836304143
6927 0.4891793297188802 10.24102361977188 2.125113365896169
6928 6.934839626868306 8.211308411947202 1.858426072805701
6929 3.178865047696054 10.27041753891221 4.35561158762841
6930 6.00200387857465 8.261673129303999 1.5235187064742
6931 6.219149834330874 8.443460254137683 1.641220571722092
6932 6.213550114419126 8.418512375811389 1.383278656998856
6933 4.717332008648188 9.08808710802494 3.102084278688995
6934 9.350522568372988 5.302939161728169 0.167433571504471
6935 9.469112788614378 5.07964483009882 0.167433571504471
6936 7.336514982037659 7.965750268995377 0.1637082347495122
6937 7.225581548847032 7.945794440503207 0.4157990549999472
6938 9.163635803545432 5.605510531540119 3.859153343678815
6939 2.958655911086452 9.771028957130262 0.2125279382848087
6940 10.10164347558396 3.619474863504673 3.358369684056638
6941 9.860243643223516 3.602026077987967 3.485763510731832
6942 4.33018740764276 9.818465292994006 2.376246301303525
6943 1.990553153878093 10.57147869452537 0.9806187381518874
6944 2.12283678325141 10.52598558475969 0.6250677267257188
6945 2.257259127461959 10.53598168098966 0.9964161534064933
6946 6.025370034703196 8.31930724678571 1.773193394589571
6947 6.175239131511717 8.138024996660096 1.646564890581655
6948 10.36964732325635 3.116384973394271 0.2137467854076682
6949 10.32680651216544 3.331713565345488 0.2137467854076682
6950 10.2569440974091 3.228902483565009 0.5231582227569991
6951 1.889977654538673 10.56801174973818 0.751036123416746
6952 8.796192336278246 6.329159478895372 4.827196016919483
6953 6.910267853299186 8.347231240898754 0.2137467854076681
6954 6.900345522602183 8.01132512325252 0.2520908202504349
6955 7.039709423138255 8.108186026291895 0.4658376056581031
6956 6.842759339204735 8.27577853490698 0.4532705359573667
6957 6.832837008507731 7.939872417260748 0.4916145708001335
6958 6.703395438668663 8.178917631867606 0.2395237505496986
6959 2.964371422223789 10.33318846170501 1.605696261094899
6960 3.193574520717206 10.29612936220617 1.782772900204176
6961 3.787161671262074 10.05830467346951 1.907137791772726
6962 3.772418727077956 10.07299793719055 1.627947083020394
6963 1.753810873304908 10.60897229407232 1.634348762742433
6964 4.901420080378871 8.992611066697666 3.495740784263359
6965 4.714088149486521 9.093043689872708 3.372734889506417
6966 4.901651251809389 8.992480722318639 3.250067626770039
6967 9.683053410944733 3.307836359495544 3.626610542668064
6968 9.892140809966557 3.472338913229839 3.730406889573589
6969 7.879930490880759 6.489169634535319 0.1855015931718988
6970 2.443616419852436 9.979230726674807 1.140431025053831
6971 3.986909281438669 9.426435917650968 3.947497099896486
6972 3.982642033809725 9.428170730097017 3.734792524892625
6973 3.737956786847951 9.528690647089409 3.729127698453732
6974 4.105666877567604 9.399023982750821 4.167957733597067
6975 6.580461973121952 8.165912329658276 1.875162236450138
6976 10.11236832141502 3.691134035316111 3.462136838890736
6977 1.517290513235901 10.6413598008974 1.490954554963222
6978 0.2163052113398382 10.77923855357295 1.000217262455609
6979 0.519921479886751 10.74089631393642 1.072702863974214
6980 10.67698579093436 1.274654603709177 3.588686079531097
6981 10.66342755064215 1.391837248595321 3.844473604946632
6982 10.69222292542935 1.035987141397976 2.633284115870476
6983 10.70377938315402 1.003884609385458 2.31370833695876
6984 10.47751425859135 2.645158170438446 4.790387407676558
6985 10.34772496094106 2.877769934126218 4.52777943039926
6986 10.45745010074553 2.531845569212383 4.555568226142109
6987 8.886605086894924 5.067479262067893 3.514423767869786
6988 4.904895110971055 8.987524140470871 2.979417015952616
6989 4.89481901698705 9.269382928588408 3.224958373598156
6990 2.757794653579037 10.38694820520905 1.481784326270946
6991 2.527592457230815 10.44915060392704 1.623556530707982
6992 2.445841810693687 10.49428028900623 1.374879089420848
6993 4.29972764997136 9.94840016629553 0.1694897544388884
6994 4.467698400919025 9.779298444958552 0.4396383089510805
6995 9.573701322666556 4.886429799331886 0.2458876683281512
6996 5.108136008177561 8.882516360852856 3.645856696942388
6997 5.093419755090213 8.864185235096787 3.352432121506927
6998 5.274631484221083 8.756926182368243 3.472172247269507
6999 10.14702229284688 1.380090356430294 2.281841402388017
7000 10.14724331356377 1.378268618866428 2.525761350940252
7001 10.18906920762771 1.118474588248018 2.353809694303351
7002 10.38491754684979 3.064611743404135 4.809926781594624
7003 10.42892180425418 2.824184851820801 4.809926781594624
7004 10.11825062273256 3.061362217140786 4.737392022722702
7005 10.29913250660389 3.056796615508573 4.547318804317326
7006 6.927905227852827 7.824338307070548 0.2520908202504349
7007 6.730955143919306 7.991930815685633 0.2395237505496986
7008 6.073211749609992 8.896810581372087 2.002087340409675
7009 6.033547632411057 8.574473708075541 2.013262490853411
7010 10.73907309777146 0.4919845116136902 2.355573035094429
7011 3.581343507437732 9.587102982827787 3.249108737049468
7012 3.539158415278508 9.604517760426793 3.605964932223457
7013 2.440816636136807 9.979970947508829 1.387880210175082
7014 6.249923502926226 8.725647139893098 3.442298223044146
7015 9.481486230569786 3.921915778598363 1.126237390198259
7016 6.248776915525902 8.775478494709551 1.87851780723746
7017 10.77814389778729 0.2425255534866583 0.7614921733652
7018 10.77923228541753 0.2164644099614104 1
7019 10.74004575827833 0.5481942838305643 0.986280184847202
7020 8.955599315262297 5.914071864639959 1.103706547030026
7021 6.597358420572438 8.491485969166614 0.8703807593349071
7022 6.858076725135891 8.262943372511302 0.7276791598517689
7023 6.68689845833059 8.401161845300976 0.6119555502642964
7024 6.953358780096484 8.1869822423375 0.7076861819967143
7025 6.746486365465961 8.018668633306353 0.7334631471387447
7026 5.61233477652056 9.170966286612199 4.338492296165098
7027 5.326920921578312 9.314112859450645 4.271661201187623
7028 6.019213338873553 8.294775028431374 1.271194146421347
7029 6.174682155593821 8.138440656632055 1.402507557136668
7030 5.093650926520731 8.86405489071776 3.106758964013608
7031 8.666349175514451 6.508737715930492 4.786724697305437
7032 8.621848572165318 6.444037288223777 4.427368365953877
7033 9.736340322034803 4.543876995134818 0.4687022737702453
7034 9.789220112866637 4.424160364031041 0.7136547071117647
7035 9.83195937497752 2.871681523153421 4.530509046155116
7036 9.941684514781988 2.525757158239585 4.558297841897964
7037 5.302939161728166 9.350522568372988 0.1718128255476094
7038 5.517388410212016 9.219734925645639 0.1718128255476094
7039 7.123699684258606 7.997852838928093 4.821205839712944
7040 6.926592717363754 7.830645797209451 4.712046142491769
7041 5.687629874993238 8.543434420769842 0.2891313965646043
7042 5.785875230357392 8.476082545683875 0.4956165092165618
7043 9.437965681318166 3.90347406433296 0.1589267622178867
7044 9.361281356666012 4.156149132981396 0.1589267622178867
7045 9.430896546500556 4.014969663135886 0.5069707465560354
7046 9.906149235473302 2.632080381846984 2.590052751262743
7047 1.757694606810178 10.61350476740152 1.358548559765192
7048 9.60951920763419 3.505577219714643 3.506249409263342
7049 4.16973264410112 9.901046018235263 0.7126043011498648
7050 0.5062102512887707 10.74104975361226 1.347111637147564
7051 0.2899050399489336 10.7453048490932 1.471894374691955
7052 6.241825511776896 8.751503729773887 1.375864443834074
7053 6.413478633737418 8.622810268472005 1.249383167858345
7054 6.397294328497164 8.595169357974566 1.507177854549394
7055 6.411416982057208 8.000016219967694 0.8360340836954498
7056 6.50095701981536 7.909692096102056 0.5776088746248391
7057 2.021253617349464 10.07169028972114 1.137511117167072
7058 7.812571800898484 7.388108974090313 0.6655754865686377
7059 1.961994426433606 10.57491470494393 3.478718685649978
7060 5.475676709820021 9.247212024636738 4.053432609598211
7061 6.516931556166439 8.660157513317571 0.174656816745268
7062 6.435647992507541 8.599631744906958 0.4296891722291397
7063 6.312705969278891 8.489836074218866 0.2550323554838717
7064 6.514938228756 8.328913384252655 0.2395237505496986
7065 6.637880251984649 8.438709054940748 0.4141805672949666
7066 2.918272919955847 9.807672733861615 3.996040204507731
7067 8.393032067536232 6.854671319411694 4.827781248920944
7068 8.543027819921278 6.666214109499037 4.827781248920944
7069 8.329149862540707 6.776868765001079 4.574586727334186
7070 1.186467617775458 10.77487389056211 0.1712496933939816
7071 1.111608080802491 10.52421866574353 0.2576264385309415
7072 8.000411555641966 6.413926817611986 4.099118210713359
7073 7.966777330767419 6.429711235902296 4.369046405620411
7074 10.11692511336725 1.590373062021573 2.401269166010082
7075 10.1272616365125 1.583671363940813 2.119656085926629
7076 10.10190504810321 1.621693372464224 0.6628799375482843
7077 6.565901902639277 8.468851695668361 1.627738228368769
7078 6.835518178996119 7.624248038394857 0.6508531330740034
7079 6.749167535954347 7.703044254440462 0.8927017094126146
7080 10.19337035371237 0.5713963461181283 0.1882438683186687
7081 10.38109043919739 2.749713573744554 3.6928710098151
7082 10.42332139426757 2.606229766604608 3.929708336379321
7083 10.4335110691791 2.566386676882809 3.721821267026931
7084 6.765837047075456 8.348512187532265 1.733497349858783
7085 5.702630248236741 9.112823530654524 3.465935575202811
7086 10.19488891777209 0.9837389593901523 2.735240349157831
7087 10.06011652400615 1.81671992785868 2.277303430837498
7088 6.705388766079102 8.510161760932522 0.174656816745268
7089 6.484666198853482 8.562084535267186 0.6274641551984695
7090 5.137214804412021 8.844252476040744 4.199250527294543
7091 6.54268133893088 7.887028736141978 1.875333583129472
7092 6.380526828685774 8.286251837794371 1.769403114960124
7093 6.342746194494701 8.007368244278073 1.769574461639457
7094 4.012570781765717 9.43289123913995 2.148388447542939
7095 2.306997866124633 9.986683503314065 1.514967223259447
7096 7.348832022483832 7.004398249725867 0.1540497102165387
7097 7.1776102078802 7.174281664270802 0.1540497102165387
7098 7.426641966025457 7.068501428876251 0.4054261475848822
7099 7.533003158994608 7.177494231231461 0.2513764373683435
7100 6.53792939738995 7.889930597204826 2.621763144327971
7101 10.73357345870425 0.5820881651541205 0.7215651485679028
7102 9.846320542440703 2.805569433768323 3.264455983829565
7103 10.23549285729062 0.7137234307477969 2.02994010756627
7104 10.22831563403272 0.6627702902582235 2.37018139876374
7105 3.5816629542251 9.586988849639305 3.003258931575475
7106 8.551420553517378 5.629857782523384 2.641616847069004
7107 6.577409800185656 8.492925529450662 1.882549275614717
7108 10.21033748506224 0.9044309267932017 2.230117017480153
7109 10.46869077384518 0.7927008398394585 2.321081688905272
7110 10.10242068752025 3.617430068479329 3.60280108245604
7111 9.162405618620525 5.615641373634908 0.759215306759597
7112 10.0490734766061 2.05430972551621 4.549830800487898
7113 9.294274083902145 4.333349266331382 0.8573210554159238
7114 9.308447126857494 4.276074376480094 0.5889541356317149
7115 0.2899050399489336 10.48592013745882 1.346894374691955
7116 0.2163052113398382 10.73636019288468 1.250217262455609
7117 0.3036162685469139 10.48576669778297 1.072485601518605
7118 7.810162217623683 6.940799046948015 4.743678049314829
7119 9.52648050798849 4.382474513218028 0.2502753662852899
7120 9.596095697823035 4.24129504337252 0.5983193506234386
7121 3.569969752253135 10.14288902736785 1.504743625617862
7122 3.377807599939489 10.20303747033088 1.328366626652436
7123 3.398604529149291 10.23416948839936 1.658967901655069
7124 0.216071595460137 10.24880841369325 1.750541658325871
7125 0.2899050399489336 10.2453048490932 1.471894374691955
7126 0.2899050399489336 10.49878413793038 1.596894374691955
7127 8.45247121813388 6.619392371432533 4.533530175718679
7128 5.81645518466374 8.392650084623472 2.141059294668382
7129 5.638161740431429 8.508787728811257 2.263551690754444
7130 0.2163131222186581 10.74922388198887 1.749897336504413
7131 0.5044667362629875 10.24069905560732 1.347084708832415
7132 9.784071992636877 2.716233646504488 4.793117023432414
7133 6.186747029058095 8.1620988304424 1.901375937827603
7134 2.20928940227826 10.60115023973306 0.170258718245237
7135 2.133022801373769 10.52391001613459 0.4238959504533274
7136 3.594482793323531 9.849810954194847 3.164824241989193
7137 3.377361587132433 9.67982049632899 3.410622928499223
7138 3.552297701164307 9.867225731793855 3.52168043716318
7139 0.2163471199057646 10.75766004561403 3.500213261030796
7140 0.2160805513269679 10.75767053295982 3.250432287400152
7141 3.388620328923974 10.20409314443386 3.155063138817074
7142 10.64370733900604 1.250105872842493 4.829577660925706
7143 6.416032805830757 8.650133945793975 1.754366732376685
7144 6.247425231688645 8.77645160810018 1.63380635855731
7145 6.230657731877254 8.467534087919985 1.89603161896804
7146 8.013856927895819 7.146450357984246 4.743678049314829
7147 5.729269631692459 9.093141789044878 0.2137467854076679
7148 10.33069614224576 3.021740079821637 4.077207216273166
7149 10.51527956895692 2.278670787787489 4.439629434563098
7150 10.54482097426506 2.061981442258126 4.262214660492365
7151 10.13787056774038 3.586753102180595 1.480771754991884
7152 10.33565040464871 2.964292746212506 0.5323046953785586
7153 5.989636929591899 8.269038450597957 2.018606809712974
7154 10.606127419544 1.636985230563324 0.4568582630579829
7155 10.46711023680582 1.589400972870626 0.243111477650315
7156 6.218576114553077 8.151408241429575 1.143160482899889
7157 0.3036162685469139 10.24515140941736 0.9474856015186051
7158 0.5181779648609678 10.24054561593147 1.072675935659064
7159 6.186496385908512 8.162285895320998 2.146858688032956
7160 6.169152755706588 8.138699952583028 2.39897963373058
7161 3.369011637906393 9.67788854558737 0.91895340400748
7162 9.749342987541018 3.103306734936599 3.506966092928085
7163 9.921162962361972 4.141622030144377 0.8114233251646235
7164 10.00839758625699 2.203285325523455 1.707020561328978
7165 10.0085918160004 2.223969781599836 1.435308692494555
7166 5.117316540580166 8.881400733484266 2.849410084621649
7167 3.169401430655873 10.2712285878982 1.481891262545794
7168 3.588749535022915 10.12110525151724 4.147642550427828
7169 3.6939596060588 10.08014446636034 3.807002757794889
7170 0.2736865923305997 10.49914877900695 1.874780051107804
7171 5.989103014615997 8.269436903042635 2.509591556312686
7172 9.819928053810358 2.986613906276005 4.003113004914896
7173 2.939017973833479 9.713264059228162 4.786683740163545
7174 3.063034970339571 9.782269614068593 4.474651031085139
7175 3.206888424588051 10.21977811992018 0.2137467854076693
7176 5.991807723272169 8.304651339330881 0.4615174681358292
7177 3.436286460580412 9.644642609017829 4.699151013076646
7178 6.16886948388027 8.138911340149107 2.644481630124938
7179 10.17751274990304 1.150577120260537 2.673385473215067
7180 10.20644537549676 0.9516364273776338 2.415664570246115
7181 4.193713013990001 9.882053181782723 3.905984367707465
7182 10.32452418103872 3.259531404586464 4.717633552375427
7183 3.195092497330737 9.699263417879228 4.786683740163545
7184 1.999839040636384 10.00996641254353 4.842127603047272
7185 10.6435165272534 1.512781920975954 2.095914306618673
7186 2.975789989661342 9.810239791618478 4.276514057513828
7187 3.1115569655646 9.751891977024613 4.0537122009333
7188 0.2145616963140551 10.23600949487974 1.250190334140459
7189 5.906767513453407 8.382389638354461 0.2064851126519575
7190 5.940449702886456 8.678479811184827 0.2891313965646043
7191 8.922178255669245 5.040817680163546 2.340466651660133
7192 4.926208611606063 9.546091378199286 3.24010550207251
7193 10.22442352446724 0.7099757908426556 2.555728951529701
7194 10.45713431612051 0.8248033718519771 2.640657467816988
7195 9.798620236163966 2.985804156592581 4.270305141042811
7196 6.311480796330147 8.808389141747494 0.1921279643113863
7197 6.23019723267125 8.74786337333688 0.4471603197952581
7198 3.601053503974113 10.16427839822206 1.782171359057601
7199 9.263357663047088 4.402181105990623 1.132911863033413
7200 9.40867759981116 4.096200773733333 0.9413725064070984
7201 5.989386286442317 8.269225515476556 2.264089559918327
7202 10.67733689039521 1.193801722347226 4.342294297617828
7203 10.66874422941898 1.348063266891913 4.1067685063495
7204 10.25054627363926 3.281029027509443 3.6993614400451
7205 10.31486961987169 3.076711600757137 3.822570867272072
7206 9.998421595447759 3.191921070181299 3.722988111886195
7207 3.674898067266732 9.526815002013031 4.787472061715191
7208 3.551312376294253 9.601886277276421 4.486623074791837
7209 7.842955621535012 6.578597782501934 4.539015039335325
7210 7.653616522476799 6.798735725846836 4.535887610236912
7211 10.04768875315968 1.982455135996405 1.55529756521897
7212 10.26926936637081 2.15352167670122 1.455653598510593
7213 10.05273752991405 1.999685762650722 1.278908977498382
7214 5.32746613741035 9.332756574855802 4.004379215846238
7215 5.178710349168641 9.399657409669707 4.222607807435651
7216 9.943685635029018 2.463833280314863 3.874676637721334
7217 9.881275727080881 2.767837342798391 3.851550269886843
7218 4.641505211156193 9.6910088642743 0.1694897544388884
7219 4.863013265702364 9.584360369534931 0.2113006052324063
7220 4.689206455465195 9.672649950219181 0.4814491597445984
7221 4.560060057443499 9.455054295985873 0.2701485545121921
7222 3.90162945461674 9.432899786356989 4.787472061715192
7223 3.828757836400777 9.515512566967789 4.46221672863682
7224 4.055489223750786 9.421597351311746 4.46221672863682
7225 0.2728235245817283 10.74556119768818 3.00033586800364
7226 6.040005329394001 8.890145690273322 3.454186085932985
7227 6.336287817963961 8.008363357365244 2.767679310470144
7228 6.321699858301058 8.32274996185652 0.2550323554838717
7229 6.523932117778166 8.161827271890308 0.2395237505496986
7230 4.330902090754581 9.291618403952278 0.2701485545121921
7231 4.436635809827015 9.240079544107973 0.4790612833819934
7232 4.960165179335002 9.530112839001887 0.5125513426832152
7233 0.2736865923305997 10.74566949016977 1.999780051107804
7234 10.47522989831242 2.388212895724799 3.880240825363219
7235 7.133556538889042 8.028033017342693 0.2520908202504349
7236 10.74009765268641 0.304257196727533 3.499596721800599
7237 2.443272570842087 10.54789847411813 4.790208536605236
7238 10.24009765268641 0.304257196727533 3.499596721800599
7239 2.577388454367953 10.43519000950456 0.8732549735271784
7240 2.44947108111376 10.49340933449458 1.127133853112857
7241 1.992385250805895 10.05240796321168 4.53598440623888
7242 8.869820950728926 5.145422884089994 0.914914248014465
7243 8.783355936651507 5.277483586469033 0.6823362655822995
7244 8.894961253825107 5.082515287895601 0.6712323221911505
7245 3.594093577247344 10.13469015619226 2.954249612342313
7246 6.024264739756473 8.919294579689875 0.4812593608759906
7247 6.871375809966652 7.597203071236522 4.712046142491769
7248 5.178380546826875 9.412711059474095 0.4730635629984183
7249 5.070362991074459 9.47241025232983 0.3012507374508089
7250 7.559433767505063 6.860714405317519 0.1540497102165387
7251 9.298953697005221 4.297507997022551 0.4092021285031766
7252 4.610442620064184 9.15178996342372 0.2089127288698014
7253 4.29972764997136 9.94840016629553 4.842107496375593
7254 4.303854431041691 9.858175079417586 4.516852163297221
7255 4.151765850663232 9.376239602371502 4.787472061715192
7256 4.154841934364109 9.655739396647949 4.674744666921629
7257 3.440599733282981 10.14386627451922 0.2142309838891538
7258 0.3036107582750164 10.24391181182958 3.997653683132831
7259 4.400131057954138 9.812817330477341 4.842107496375593
7260 10.72151747463687 0.7649185830238172 2.71254609953317
7261 10.7217575321245 0.7622239728504797 2.453772718242347
7262 10.17402461658771 3.417373283981435 3.729016671954812
7263 4.400131057954138 9.812817330477341 0.1694897544388884
7264 9.042844711307676 5.829570126727853 1.22944591194618
7265 3.592369421827314 10.13371903321869 3.277791003146307
7266 2.385176500716152 10.47776235599964 0.7425372738208144
7267 10.68148306221751 1.916048647978062 4.860571709939385
7268 10.49559880799051 2.337730524016411 1.530231628741821
7269 6.146382195801232 8.507048604831834 0.2550323554838717
7270 2.01184393595827 10.54730806209926 0.2536372322080904
7271 2.379657632870501 9.967765477526122 0.7552188610583117
7272 10.0952601706574 2.894646333268489 3.726688814459843
7273 8.130282517550992 6.24415023343026 3.964897376705716
7274 8.136154684798855 6.254356152693541 4.262884595855608
7275 8.32561750677433 6.424159342442779 4.117520952154629
7276 8.818081515723449 6.144646989889187 0.7863256429664769
7277 8.955186168387357 5.914677797762284 0.8542752713176336
7278 9.846181562750663 2.806031998023789 3.510666795501733
7279 10.70920207312162 0.9384118778542168 2.099338150182946
7280 10.73435744535 0.7477043818088118 1.899161240269063
7281 10.7271802220921 0.6967512413192385 2.239402531466532
7282 3.796351342132613 10.04100151971749 3.116276811696553
7283 9.093800341881177 4.74157003598023 4.519812174489639
7284 9.217092335039364 4.495590315778205 4.515686997217186
7285 3.75416624997339 10.0584162973165 3.47313300687054
7286 3.329777225395882 10.2339460305243 0.3183487242491213
7287 0.2736865923305997 10.24566949016977 1.999780051107804
7288 8.693628017027656 5.396788399930111 0.9042229088413454
7289 9.070750193791572 5.738022082969583 0.6970094414984123
7290 0.2163471199057646 10.73707601790915 3.749926836293864
7291 1.511966136218587 10.13542067851062 1.503640954510249
7292 3.321837567238088 9.684037072828893 4.485834753240191
7293 10.73068551979635 0.6472192150795394 4.494534746648494
7294 10.70118480983967 0.9399727886097258 4.489875187919566
7295 6.145157022852489 8.82560167236046 0.1921279643113863
7296 10.53420808029575 2.098514683279065 1.40116840130591
7297 9.944672480922147 2.005907782095735 4.784649982022348
7298 10.14751486641165 2.313296415997079 4.76518081846555
7299 10.22766535397481 0.6678950206627166 4.514088888552385
7300 10.19816464401813 0.9606485941929029 4.509429329823456
7301 10.36091148631943 2.910233829088136 3.906581968544831
7302 3.525576357281904 10.16622408111684 0.7375327488971977
7303 10.22677390902236 0.7367942819175788 1.348410041086952
7304 4.707594533696822 9.097542432890677 0.5101634663206103
7305 4.831018781313305 9.312517184768577 0.3012507374508089
7306 0.2728235245817282 10.24556119768818 3.00033586800364
7307 1.398557223768842 10.74230658758758 4.786253214592334
7308 1.1700357698358 10.67371868655704 4.540387773501465
7309 9.647455574568134 4.752527186382418 4.511304098062771
7310 0.2728235245817283 10.50747798840861 3.125648912139915
7311 0.2127109143664952 10.27896700669572 4.244261916385688
7312 4.821069031602965 9.03874114885954 0.3012507374508089
7313 8.652327322103361 6.366720121084846 3.875420007630995
7314 9.524163581409949 4.998506906584442 4.515429275335224
7315 9.053695255530446 4.79828809646305 4.824782916459081
7316 9.309789331938283 4.865682384894594 4.728732945754198
7317 9.901454679958841 2.607317087454809 3.637839311157112
7318 9.826002609872704 2.966552253367371 3.724377754231464
7319 0.3036107582750164 10.48524457484514 3.872680302532174
7320 0.3036107582750164 10.74391181182958 3.997653683132831
7321 8.078849142920172 6.291344701859153 1.049065436245892
7322 4.550359071895428 9.738419747537918 4.564000525598034
7323 4.401346575217845 9.535984064768279 4.721893029222441
7324 8.789550529527919 5.267176660418354 0.2650998729965364
7325 9.155084122459005 4.606586912575455 4.791079228735441
7326 10.01944629785773 2.207382960884974 4.266385986535176
7327 8.647070888747058 6.410326420104983 4.137678055577127
7328 1.179689341338107 10.77564187610358 4.786253214592334
7329 1.118115874037525 10.51852625383495 4.754134558909131
7330 10.75890051274296 1.42670169525214 0.1982147579376594
7331 10.70999053196316 0.9256174050909772 1.421067968127141
7332 10.73846985500216 0.6902246966236261 1.640324366933599
7333 10.73335367988136 0.6694201848257186 1.349780634518641
7334 9.267491234455633 4.392128501099066 4.724607768481745
7335 6.61155646070711 7.820895803532576 0.8320245206641868
7336 6.677020145959334 7.725842573737966 4.785904159313096
7337 9.889450585820303 4.244286761284281 1.066073077887148
7338 4.413562761730984 9.250739706531641 4.721893029222441
7339 0.951705625550037 10.79653449670043 0.2305963894202785
7340 6.69790710374888 7.742099587486971 0.5901759443255755
7341 6.09420772527217 8.230692810307346 0.2550323554838717
7342 10.69270544272065 1.045567351243957 4.720825414639082
7343 3.380638766243354 9.91372929285129 4.164316447417712
7344 3.465713914027657 10.16098997816308 3.913656971692248
7345 3.48584883727924 9.872768507694392 3.823676654784773
7346 9.222375844336817 5.517608965184738 0.2650998729965364
7347 0.2127109143664952 10.17889392843266 4.454898999845932
7348 8.071545324762159 6.293944150798065 4.415727125599586
7349 8.511327759590168 6.569897085023429 3.973911670434878
7350 0.9451247690761049 10.79699572357267 4.792766767096609
7351 9.800934469904377 2.97819693089492 4.737392022722702
7352 9.440389976352829 3.993536042593429 0.6867227536845737
7353 10.74333446140783 0.2755201016522402 2.480573035094429
7354 3.310912723247365 9.685363272229527 3.712619146120815
7355 8.518287527824405 6.577062025263955 4.239967599033639
7356 7.795183079341012 7.514914275937265 0.2137467854076676
7357 6.273345287398641 8.056679782419796 0.208337775565103
7358 9.892979269458788 2.259054729109565 4.79071184528854
7359 9.839767742997626 2.497933160794942 4.79071184528854
7360 9.997380265142738 2.307456672530039 4.55589266375409
7361 10.81009685564754 0.3380998592222576 4.81317618725881
7362 10.74117044565739 0.4467143960896875 4.538661160626821
7363 10.73880940168075 0.5065541456727177 4.725484973368012
7364 10.55762148139719 0.4109806206223408 4.725484973368012
7365 3.532162777912725 10.15544720226254 3.611660754070655
7366 7.926355230747863 6.479615842789144 4.746805478413242
7367 3.316435958886462 9.683386466031511 3.989739954229533
7368 7.576719491650762 6.885582139550911 4.743678049314829
7369 10.48806144804783 2.404714316468507 4.76518081846555
7370 4.301993864604523 9.301842019432078 4.509365090937633
7371 9.43308132509647 4.61970266469257 4.724607768481745
7372 6.489909883105341 7.918784729751595 0.2395237505496986
7373 6.583807677055997 7.839776695470333 0.4266570315859388
7374 9.94398339955724 2.009782807554248 0.2067920637918517
7375 9.702873542301719 4.640713599094234 4.724607768481745
7376 9.467528200892286 5.106610397751181 4.728732945754198
7377 6.780757760989518 7.672184186855247 0.4392241012866752
7378 10.48927215474698 2.32140083990122 4.167774870526825
7379 6.872688320455726 7.59089558109762 0.2520908202504349
7380 2.005232624646415 10.03962172682294 0.2536372322080904
7381 5.93971210788178 8.976239254724288 0.2891313965646043
7382 10.44125539819464 0.6431445328960914 4.725484973368012
7383 10.68324584658394 0.7707685904858601 4.769049773280483
7384 10.41175468823795 0.9358981064262779 4.720825414639082
7385 3.234592586559859 9.712007250378777 4.28769777966888
7386 3.314632023599312 10.21206972431834 4.132809731047881
7387 10.18022171571705 0.1788248250774627 4.655511497738747
7388 10.24114868062975 0.4386224038223481 4.545359387646513
7389 10.24434753570352 0.2597975787448853 4.475484973368012
7390 10.42776810649435 0.2597975787448853 4.561122056828256
7391 10.02692167045088 2.090767327000676 4.378477889683356
7392 6.678875896401093 7.724242585280132 0.1871332810362402
7393 10.24333446140783 0.2755201016522402 2.480573035094429
7394 4.662147859726133 9.686122014377734 4.721893029222441
7395 7.719851010348561 6.683960042163202 4.792209560922084
7396 1.037809059680379 10.18991757741377 0.2576264385309415
7397 9.252022889781069 4.399692155780998 0.2502753662852899
7398 9.687405197627154 4.648277253776165 0.2502753662852899
7399 9.585447361987775 4.863523783179668 4.786696329581027
7400 10.16228444515689 1.036424455925914 4.788603915184374
7401 10.66877842949196 0.1511830418774555 4.855046966569099
7402 10.4966945164845 0.1511830418774555 4.835637083460245
7403 10.59985201950181 0.2597975787448853 4.58053193993711
7404 10.12852537905839 0.3124879256162595 4.819874414278502
7405 10.31514480492299 0.1336631005387968 4.835637083460245
7406 10.37607176983569 0.3934606792836821 4.725484973368012
7407 10.85232739375216 0.1869168173448022 4.668223153827908
7408 10.78031655900776 0.1869168173448022 4.43817618725881
7409 10.19370900741734 0.5621717792286688 4.819874414278502
7410 10.1802256807624 0.7914443960690372 4.788603915184374
7411 1.044316852915413 10.18422516550519 4.754134558909131
7412 10.11972409609465 1.51024804511886 0.243111477650315
7413 8.922407872027224 5.040401840981579 2.095024157773157
7414 0.3036107582750164 10.50582860255001 3.622966727269106
7415 6.488125546613046 7.880745082642312 4.785599266291065
7416 10.59151780179267 1.833623699924482 0.7251794333045845
7417 1.67741896046298 10.59743177863117 0.6305187338761771
7418 9.446239559366827 4.58309914428185 3.857276346595498
7419 8.185551287390787 6.152979320510432 0.9921735432558445
7420 10.20018405289106 0.9607637453647093 0.9069003288838353
7421 7.190639907182643 7.650167384713885 3.851027385453867
7422 8.938786820721717 5.938590447344879 0.6547552523470428
7423 10.2113850183171 3.335897442429261 1.635907047065762
7424 10.48130012788472 2.359834644872689 3.601950879428097
7425 5.624073909249124 9.169662591613449 0.4609442221122138
7426 9.515652656520174 4.976211887983503 0.4177089377897609
7427 7.096139979007963 8.184839655110068 4.821205839712944
$EndNodes
$Elements
6031
1 9 2 6 1 42 720 1 736 737 77
2 9 2 6 1 1 720 86 737 738 96
3 9 2 6 1 2 722 9 739 740 43
4 9 2 6 1 174 722 2 741 739 184
5 9 2 6 1 78 721 3 742 743 87
6 9 2 6 1 3 721 130 743 744 165
7 9 2 6 1 97 723 4 745 746 131
8 9 2 6 1 4 723 166 746 747 175
9 9 2 6 1 9 564 10 748 749 44
10 9 2 6 1 9 722 564 740 750 748
11 9 2 6 1 10 712 11 751 752 45
12 9 2 6 1 564 712 10 753 751 749
13 9 2 6 1 11 388 12 754 755 46
14 9 2 6 1 11 712 388 752 756 754
15 9 2 6 1 12 726 13 757 758 47
16 9 2 6 1 388 726 12 759 757 755
17 9 2 6 1 13 367 14 760 761 48
18 9 2 6 1 13 726 367 758 762 760
19 9 2 6 1 14 699 15 763 764 49
20 9 2 6 1 367 699 14 765 763 761
21 9 2 6 1 15 732 16 766 767 50
22 9 2 6 1 15 699 638 764 768 769
23 9 2 6 1 638 732 15 770 766 769
24 9 2 6 1 16 384 17 771 772 51
25 9 2 6 1 16 732 384 767 773 771
26 9 2 6 1 17 687 18 774 775 52
27 9 2 6 1 384 687 17 776 774 772
28 9 2 6 1 18 372 19 777 778 53
29 9 2 6 1 18 687 372 775 779 777
30 9 2 6 1 19 692 20 780 781 54
31 9 2 6 1 372 692 19 782 780 778
32 9 2 6 1 20 385 21 783 784 55
33 9 2 6 1 20 692 385 781 785 783
34 9 2 6 1 21 702 22 786 787 56
35 9 2 6 1 385 702 21 788 786 784
36 9 2 6 1 22 362 23 789 790 57
37 9 2 6 1 22 702 362 787 791 789
38 9 2 6 1 23 728 24 792 793 58
39 9 2 6 1 362 728 23 794 792 790
40 9 2 6 1 24 709 25 795 796 59
41 9 2 6 1 545 709 24 797 795 798
42 9 2 6 1 24 728 545 793 799 798
43 9 2 6 1 25 374 26 800 801 60
44 9 2 6 1 25 709 374 796 802 800
45 9 2 6 1 26 696 27 803 804 61
46 9 2 6 1 374 696 26 805 803 801
47 9 2 6 1 27 538 28 806 807 62
48 9 2 6 1 27 696 538 804 808 806
49 9 2 6 1 28 365 29 809 810 63
50 9 2 6 1 28 538 365 807 811 809
51 9 2 6 1 29 641 30 812 813 64
52 9 2 6 1 365 641 29 814 812 810
53 9 2 6 1 30 387 31 815 816 65
54 9 2 6 1 30 641 387 813 817 815
55 9 2 6 1 31 694 32 818 819 66
56 9 2 6 1 387 694 31 820 818 816
57 9 2 6 1 32 366 33 821 822 67
58 9 2 6 1 32 694 366 819 823 821
59 9 2 6 1 33 717 34 824 825 68
60 9 2 6 1 366 717 33 826 824 822
61 9 2 6 1 34 640 35 827 828 69
62 9 2 6 1 34 717 640 825 829 827
63 9 2 6 1 35 361 36 830 831 70
64 9 2 6 1 35 640 361 828 832 830
65 9 2 6 1 36 688 37 833 834 71
66 9 2 6 1 361 688 36 835 833 831
67 9 2 6 1 37 671 38 836 837 72
68 9 2 6 1 37 688 671 834 838 836
69 9 2 6 1 38 377 39 839 840 73
70 9 2 6 1 38 671 377 837 841 839
71 9 2 6 1 39 655 40 842 843 74
72 9 2 6 1 377 655 39 844 842 840
73 9 2 6 1 40 391 41 845 846 75
74 9 2 6 1 40 655 391 843 847 845
75 9 2 6 1 41 675 42 848 849 76
76 9 2 6 1 391 675 41 850 848 846
77 9 2 6 1 675 720 42 851 736 849
78 9 2 6 1 79 392 78 852 853 88
79 9 2 6 1 392 721 78 854 742 853
80 9 2 6 1 80 395 79 855 856 89
81 9 2 6 1 79 395 392 856 857 852
82 9 2 6 1 81 379 80 858 859 90
83 9 2 6 1 379 395 80 860 855 859
84 9 2 6 1 82 620 81 861 862 91
85 9 2 6 1 81 620 379 862 863 858
86 9 2 6 1 83 375 82 864 865 92
87 9 2 6 1 375 620 82 866 861 865
88 9 2 6 1 84 576 83 867 868 93
89 9 2 6 1 83 576 375 868 869 864
90 9 2 6 1 85 389 84 870 871 94
91 9 2 6 1 389 576 84 872 867 871
92 9 2 6 1 86 581 85 873 874 95
93 9 2 6 1 85 581 389 874 875 870
94 9 2 6 1 86 720 581 738 876 873
95 9 2 6 1 98 394 97 877 878 132
96 9 2 6 1 394 723 97 879 745 878
97 9 2 6 1 99 686 98 880 881 133
98 9 2 6 1 98 686 394 881 882 877
99 9 2 6 1 100 378 99 883 884 134
100 9 2 6 1 378 686 99 885 880 884
101 9 2 6 1 101 713 100 886 887 135
102 9 2 6 1 100 713 378 887 888 883
103 9 2 6 1 102 645 101 889 890 136
104 9 2 6 1 645 713 101 891 886 890
105 9 2 6 1 103 373 102 892 893 137
106 9 2 6 1 373 645 102 894 889 893
107 9 2 6 1 104 678 103 895 896 138
108 9 2 6 1 103 678 373 896 897 892
109 9 2 6 1 105 697 104 898 899 139
110 9 2 6 1 104 697 678 899 900 895
111 9 2 6 1 106 363 105 901 902 140
112 9 2 6 1 363 697 105 903 898 902
113 9 2 6 1 107 605 106 904 905 141
114 9 2 6 1 106 605 363 905 906 901
115 9 2 6 1 108 710 107 907 908 142
116 9 2 6 1 107 710 605 908 909 904
117 9 2 6 1 109 369 108 910 911 143
118 9 2 6 1 369 710 108 912 907 911
119 9 2 6 1 110 716 109 913 914 144
120 9 2 6 1 109 716 369 914 915 910
121 9 2 6 1 111 619 110 916 917 145
122 9 2 6 1 619 716 110 918 913 917
123 9 2 6 1 112 382 111 919 920 146
124 9 2 6 1 382 619 111 921 916 920
125 9 2 6 1 113 643 112 922 923 147
126 9 2 6 1 112 643 382 923 924 919
127 9 2 6 1 114 364 113 925 926 148
128 9 2 6 1 364 643 113 927 922 926
129 9 2 6 1 115 715 114 928 929 149
130 9 2 6 1 114 715 364 929 930 925
131 9 2 6 1 116 383 115 931 932 150
132 9 2 6 1 383 715 115 933 928 932
133 9 2 6 1 117 708 116 934 935 151
134 9 2 6 1 116 708 383 935 936 931
135 9 2 6 1 118 677 117 937 938 152
136 9 2 6 1 677 708 117 939 934 938
137 9 2 6 1 119 370 118 940 941 153
138 9 2 6 1 370 677 118 942 937 941
139 9 2 6 1 120 704 119 943 944 154
140 9 2 6 1 119 704 370 944 945 940
141 9 2 6 1 121 386 120 946 947 155
142 9 2 6 1 386 704 120 948 943 947
143 9 2 6 1 122 707 121 949 950 156
144 9 2 6 1 121 707 386 950 951 946
145 9 2 6 1 123 371 122 952 953 157
146 9 2 6 1 371 707 122 954 949 953
147 9 2 6 1 124 639 123 955 956 158
148 9 2 6 1 123 639 371 956 957 952
149 9 2 6 1 125 644 124 958 959 159
150 9 2 6 1 124 644 639 959 960 955
151 9 2 6 1 126 368 125 961 962 160
152 9 2 6 1 368 644 125 963 958 962
153 9 2 6 1 127 706 126 964 965 161
154 9 2 6 1 126 706 368 965 966 961
155 9 2 6 1 128 381 127 967 968 162
156 9 2 6 1 381 706 127 969 964 968
157 9 2 6 1 129 711 128 970 971 163
158 9 2 6 1 128 711 381 971 972 967
159 9 2 6 1 130 575 129 973 974 164
160 9 2 6 1 575 711 129 975 970 974
161 9 2 6 1 130 721 575 744 976 973
162 9 2 6 1 166 674 167 977 978 176
163 9 2 6 1 166 723 674 747 979 977
164 9 2 6 1 167 390 168 980 981 177
165 9 2 6 1 167 674 390 978 982 980
166 9 2 6 1 168 582 169 983 984 178
167 9 2 6 1 390 582 168 985 983 981
168 9 2 6 1 169 376 170 986 987 179
169 9 2 6 1 169 582 376 984 988 986
170 9 2 6 1 170 568 171 989 990 180
171 9 2 6 1 376 568 170 991 989 987
172 9 2 6 1 171 380 172 992 993 181
173 9 2 6 1 171 568 380 990 994 992
174 9 2 6 1 172 562 173 995 996 182
175 9 2 6 1 380 562 172 997 995 993
176 9 2 6 1 173 393 174 998 999 183
177 9 2 6 1 173 562 393 996 1000 998
178 9 2 6 1 393 722 174 1001 741 999
179 9 2 6 1 640 719 361 1002 1003 832
180 9 2 6 1 361 727 688 1004 1005 835
181 9 2 6 1 719 727 361 1006 1004 1003
182 9 2 6 1 535 537 362 1007 1008 1009
183 9 2 6 1 362 702 535 791 1010 1009
184 9 2 6 1 537 682 362 1011 1012 1008
185 9 2 6 1 682 728 362 1013 794 1012
186 9 2 6 1 591 697 363 1014 903 1015
187 9 2 6 1 363 698 591 1016 1017 1015
188 9 2 6 1 605 698 363 1018 1016 906
189 9 2 6 1 364 614 612 1019 1020 1021
190 9 2 6 1 612 701 364 1022 1023 1021
191 9 2 6 1 364 715 614 930 1024 1019
192 9 2 6 1 364 701 643 1023 1025 927
193 9 2 6 1 538 695 365 1026 1027 811
194 9 2 6 1 365 642 641 1028 1029 814
195 9 2 6 1 365 695 642 1027 1030 1028
196 9 2 6 1 546 547 366 1031 1032 1033
197 9 2 6 1 366 694 546 823 1034 1033
198 9 2 6 1 547 548 366 1035 1036 1032
199 9 2 6 1 548 717 366 1037 826 1036
200 9 2 6 1 367 726 566 762 1038 1039
201 9 2 6 1 566 734 367 1040 1041 1039
202 9 2 6 1 637 699 367 1042 765 1043
203 9 2 6 1 367 734 637 1041 1044 1043
204 9 2 6 1 572 585 368 1045 1046 1047
205 9 2 6 1 368 706 572 966 1048 1047
206 9 2 6 1 585 689 368 1049 1050 1046
207 9 2 6 1 368 689 644 1050 1051 963
208 9 2 6 1 369 598 597 1052 1053 1054
209 9 2 6 1 597 710 369 1055 912 1054
210 9 2 6 1 369 599 598 1056 1057 1052
211 9 2 6 1 369 716 599 915 1058 1056
212 9 2 6 1 554 555 370 1059 1060 1061
213 9 2 6 1 370 704 554 945 1062 1061
214 9 2 6 1 555 556 370 1063 1064 1060
215 9 2 6 1 556 677 370 1065 942 1064
216 9 2 6 1 531 541 371 1066 1067 1068
217 9 2 6 1 371 693 531 1069 1070 1068
218 9 2 6 1 541 707 371 1071 954 1067
219 9 2 6 1 639 693 371 1072 1069 957
220 9 2 6 1 518 533 372 1073 1074 1075
221 9 2 6 1 372 559 518 1076 1077 1075
222 9 2 6 1 533 692 372 1078 782 1074
223 9 2 6 1 372 687 559 779 1079 1076
224 9 2 6 1 373 678 588 897 1080 1081
225 9 2 6 1 588 714 373 1082 1083 1081
226 9 2 6 1 373 714 645 1083 1084 894
227 9 2 6 1 374 526 525 1085 1086 1087
228 9 2 6 1 525 696 374 1088 805 1087
229 9 2 6 1 374 527 526 1089 1090 1085
230 9 2 6 1 374 709 527 802 1091 1089
231 9 2 6 1 375 583 558 1092 1093 1094
232 9 2 6 1 558 620 375 1095 866 1094
233 9 2 6 1 576 583 375 1096 1092 869
234 9 2 6 1 530 568 376 1097 991 1098
235 9 2 6 1 376 676 530 1099 1100 1098
236 9 2 6 1 582 676 376 1101 1099 988
237 9 2 6 1 377 700 655 1102 1103 844
238 9 2 6 1 671 729 377 1104 1105 841
239 9 2 6 1 377 729 700 1105 1106 1102
240 9 2 6 1 516 522 378 1107 1108 1109
241 9 2 6 1 378 713 516 888 1110 1109
242 9 2 6 1 522 523 378 1111 1112 1108
243 9 2 6 1 523 686 378 1113 885 1112
244 9 2 6 1 379 396 395 1114 1115 860
245 9 2 6 1 379 397 396 1116 1117 1114
246 9 2 6 1 379 620 397 863 1118 1116
247 9 2 6 1 520 567 380 1119 1120 1121
248 9 2 6 1 380 568 520 994 1122 1121
249 9 2 6 1 380 567 562 1120 1123 997
250 9 2 6 1 571 572 381 1124 1125 1126
251 9 2 6 1 381 573 571 1127 1128 1126
252 9 2 6 1 572 706 381 1048 969 1125
253 9 2 6 1 381 711 573 972 1129 1127
254 9 2 6 1 382 643 608 924 1130 1131
255 9 2 6 1 608 690 382 1132 1133 1131
256 9 2 6 1 382 690 619 1133 1134 921
257 9 2 6 1 383 615 614 1135 1136 1137
258 9 2 6 1 614 715 383 1024 933 1137
259 9 2 6 1 383 616 615 1138 1139 1135
260 9 2 6 1 383 708 616 936 1140 1138
261 9 2 6 1 681 725 384 1141 1142 1143
262 9 2 6 1 384 732 681 773 1144 1143
263 9 2 6 1 384 725 687 1142 1145 776
264 9 2 6 1 533 534 385 1146 1147 1148
265 9 2 6 1 385 692 533 785 1078 1148
266 9 2 6 1 534 535 385 1149 1150 1147
267 9 2 6 1 535 702 385 1010 788 1150
268 9 2 6 1 541 542 386 1151 1152 1153
269 9 2 6 1 386 707 541 951 1071 1153
270 9 2 6 1 542 554 386 1154 1155 1152
271 9 2 6 1 554 704 386 1062 948 1155
272 9 2 6 1 641 680 387 1156 1157 817
273 9 2 6 1 680 731 387 1158 1159 1157
274 9 2 6 1 387 731 694 1159 1160 820
275 9 2 6 1 388 565 517 1161 1162 1163
276 9 2 6 1 517 566 388 1164 1165 1163
277 9 2 6 1 388 712 565 756 1166 1161
278 9 2 6 1 566 726 388 1038 759 1165
279 9 2 6 1 389 577 576 1167 1168 872
280 9 2 6 1 389 578 577 1169 1170 1167
281 9 2 6 1 389 581 578 875 1171 1169
282 9 2 6 1 390 674 539 982 1172 1173
283 9 2 6 1 539 724 390 1174 1175 1173
284 9 2 6 1 390 724 582 1175 1176 985
285 9 2 6 1 578 675 391 1177 850 1178
286 9 2 6 1 391 705 578 1179 1180 1178
287 9 2 6 1 655 705 391 1181 1179 847
288 9 2 6 1 395 574 392 1182 1183 857
289 9 2 6 1 574 575 392 1184 1185 1183
290 9 2 6 1 575 721 392 976 854 1185
291 9 2 6 1 562 563 393 1186 1187 1000
292 9 2 6 1 563 564 393 1188 1189 1187
293 9 2 6 1 564 722 393 750 1001 1189
294 9 2 6 1 394 718 674 1190 1191 1192
295 9 2 6 1 674 723 394 979 879 1192
296 9 2 6 1 686 718 394 1193 1190 882
297 9 2 6 1 396 574 395 1194 1182 1115
298 9 2 6 1 397 398 396 1195 1196 1117
299 9 2 6 1 398 496 396 1197 1198 1196
300 9 2 6 1 496 574 396 1199 1194 1198
301 9 2 6 1 397 399 398 1200 1201 1195
302 9 2 6 1 397 558 399 1202 1203 1200
303 9 2 6 1 397 620 558 1118 1095 1202
304 9 2 6 1 399 400 398 1204 1205 1201
305 9 2 6 1 400 569 398 1206 1207 1205
306 9 2 6 1 398 569 496 1207 1208 1197
307 9 2 6 1 399 401 400 1209 1210 1204
308 9 2 6 1 399 647 401 1211 1212 1209
309 9 2 6 1 558 647 399 1213 1211 1203
310 9 2 6 1 401 402 400 1214 1215 1210
311 9 2 6 1 402 471 400 1216 1217 1215
312 9 2 6 1 471 569 400 1218 1206 1217
313 9 2 6 1 401 403 402 1219 1220 1214
314 9 2 6 1 401 464 403 1221 1222 1219
315 9 2 6 1 401 647 464 1212 1223 1221
316 9 2 6 1 403 404 402 1224 1225 1220
317 9 2 6 1 404 622 402 1226 1227 1225
318 9 2 6 1 402 622 471 1227 1228 1216
319 9 2 6 1 403 405 404 1229 1230 1224
320 9 2 6 1 403 651 405 1231 1232 1229
321 9 2 6 1 464 651 403 1233 1231 1222
322 9 2 6 1 405 406 404 1234 1235 1230
323 9 2 6 1 406 407 404 1236 1237 1235
324 9 2 6 1 407 622 404 1238 1226 1237
325 9 2 6 1 405 468 406 1239 1240 1234
326 9 2 6 1 405 482 468 1241 1242 1239
327 9 2 6 1 405 651 482 1232 1243 1241
328 9 2 6 1 406 408 407 1244 1245 1236
329 9 2 6 1 406 624 408 1246 1247 1244
330 9 2 6 1 468 624 406 1248 1246 1240
331 9 2 6 1 408 409 407 1249 1250 1245
332 9 2 6 1 409 635 407 1251 1252 1250
333 9 2 6 1 407 635 622 1252 1253 1238
334 9 2 6 1 408 410 409 1254 1255 1249
335 9 2 6 1 408 411 410 1256 1257 1254
336 9 2 6 1 408 624 411 1247 1258 1256
337 9 2 6 1 410 475 409 1259 1260 1255
338 9 2 6 1 475 478 409 1261 1262 1260
339 9 2 6 1 478 635 409 1263 1251 1262
340 9 2 6 1 411 412 410 1264 1265 1257
341 9 2 6 1 412 623 410 1266 1267 1265
342 9 2 6 1 410 623 475 1267 1268 1259
343 9 2 6 1 411 413 412 1269 1270 1264
344 9 2 6 1 411 621 413 1271 1272 1269
345 9 2 6 1 411 624 621 1258 1273 1271
346 9 2 6 1 413 414 412 1274 1275 1270
347 9 2 6 1 414 415 412 1276 1277 1275
348 9 2 6 1 415 623 412 1278 1266 1277
349 9 2 6 1 413 673 414 1279 1280 1274
350 9 2 6 1 413 621 551 1272 1281 1282
351 9 2 6 1 551 673 413 1283 1279 1282
352 9 2 6 1 414 416 415 1284 1285 1276
353 9 2 6 1 414 417 416 1286 1287 1284
354 9 2 6 1 414 673 417 1280 1288 1286
355 9 2 6 1 416 625 415 1289 1290 1285
356 9 2 6 1 415 630 623 1291 1292 1278
357 9 2 6 1 625 630 415 1293 1291 1290
358 9 2 6 1 417 418 416 1294 1295 1287
359 9 2 6 1 418 419 416 1296 1297 1295
360 9 2 6 1 419 625 416 1298 1289 1297
361 9 2 6 1 417 631 418 1299 1300 1294
362 9 2 6 1 557 631 417 1301 1299 1302
363 9 2 6 1 417 673 557 1288 1303 1302
364 9 2 6 1 418 420 419 1304 1305 1296
365 9 2 6 1 418 421 420 1306 1307 1304
366 9 2 6 1 418 631 421 1300 1308 1306
367 9 2 6 1 420 626 419 1309 1310 1305
368 9 2 6 1 584 625 419 1311 1298 1312
369 9 2 6 1 419 626 584 1310 1313 1312
370 9 2 6 1 421 422 420 1314 1315 1307
371 9 2 6 1 422 423 420 1316 1317 1315
372 9 2 6 1 423 626 420 1318 1309 1317
373 9 2 6 1 421 465 422 1319 1320 1314
374 9 2 6 1 421 480 465 1321 1322 1319
375 9 2 6 1 421 631 480 1308 1323 1321
376 9 2 6 1 422 424 423 1324 1325 1316
377 9 2 6 1 422 629 424 1326 1327 1324
378 9 2 6 1 465 629 422 1328 1326 1320
379 9 2 6 1 424 425 423 1329 1330 1325
380 9 2 6 1 425 477 423 1331 1332 1330
381 9 2 6 1 477 626 423 1333 1318 1332
382 9 2 6 1 424 426 425 1334 1335 1329
383 9 2 6 1 424 427 426 1336 1337 1334
384 9 2 6 1 424 629 427 1327 1338 1336
385 9 2 6 1 426 476 425 1339 1340 1335
386 9 2 6 1 476 666 425 1341 1342 1340
387 9 2 6 1 425 666 477 1342 1343 1331
388 9 2 6 1 427 428 426 1344 1345 1337
389 9 2 6 1 428 662 426 1346 1347 1345
390 9 2 6 1 426 662 476 1347 1348 1339
391 9 2 6 1 427 429 428 1349 1350 1344
392 9 2 6 1 427 490 429 1351 1352 1349
393 9 2 6 1 427 629 490 1338 1353 1351
394 9 2 6 1 429 430 428 1354 1355 1350
395 9 2 6 1 430 431 428 1356 1357 1355
396 9 2 6 1 431 662 428 1358 1346 1357
397 9 2 6 1 429 628 430 1359 1360 1354
398 9 2 6 1 490 491 429 1361 1362 1352
399 9 2 6 1 491 628 429 1363 1359 1362
400 9 2 6 1 430 432 431 1364 1365 1356
401 9 2 6 1 430 433 432 1366 1367 1364
402 9 2 6 1 430 628 433 1360 1368 1366
403 9 2 6 1 432 664 431 1369 1370 1365
404 9 2 6 1 617 662 431 1371 1358 1372
405 9 2 6 1 431 664 617 1370 1373 1372
406 9 2 6 1 433 434 432 1374 1375 1367
407 9 2 6 1 434 435 432 1376 1377 1375
408 9 2 6 1 435 664 432 1378 1369 1377
409 9 2 6 1 433 668 434 1379 1380 1374
410 9 2 6 1 433 628 586 1368 1381 1382
411 9 2 6 1 586 668 433 1383 1379 1382
412 9 2 6 1 434 436 435 1384 1385 1376
413 9 2 6 1 434 437 436 1386 1387 1384
414 9 2 6 1 434 668 437 1380 1388 1386
415 9 2 6 1 436 665 435 1389 1390 1385
416 9 2 6 1 610 664 435 1391 1378 1392
417 9 2 6 1 435 665 610 1390 1393 1392
418 9 2 6 1 437 438 436 1394 1395 1387
419 9 2 6 1 438 439 436 1396 1397 1395
420 9 2 6 1 439 665 436 1398 1389 1397
421 9 2 6 1 437 667 438 1399 1400 1394
422 9 2 6 1 560 667 437 1401 1399 1402
423 9 2 6 1 437 668 560 1388 1403 1402
424 9 2 6 1 438 440 439 1404 1405 1396
425 9 2 6 1 438 441 440 1406 1407 1404
426 9 2 6 1 438 667 441 1400 1408 1406
427 9 2 6 1 440 650 439 1409 1410 1405
428 9 2 6 1 439 650 606 1410 1411 1412
429 9 2 6 1 606 665 439 1413 1398 1412
430 9 2 6 1 441 442 440 1414 1415 1407
431 9 2 6 1 442 443 440 1416 1417 1415
432 9 2 6 1 443 650 440 1418 1409 1417
433 9 2 6 1 441 672 442 1419 1420 1414
434 9 2 6 1 441 667 553 1408 1421 1422
435 9 2 6 1 553 672 441 1423 1419 1422
436 9 2 6 1 442 444 443 1424 1425 1416
437 9 2 6 1 442 445 444 1426 1427 1424
438 9 2 6 1 442 672 445 1420 1428 1426
439 9 2 6 1 444 669 443 1429 1430 1425
440 9 2 6 1 443 670 650 1431 1432 1418
441 9 2 6 1 669 670 443 1433 1431 1430
442 9 2 6 1 445 446 444 1434 1435 1427
443 9 2 6 1 446 447 444 1436 1437 1435
444 9 2 6 1 447 669 444 1438 1429 1437
445 9 2 6 1 445 633 446 1439 1440 1434
446 9 2 6 1 561 633 445 1441 1439 1442
447 9 2 6 1 445 672 561 1428 1443 1442
448 9 2 6 1 446 448 447 1444 1445 1436
449 9 2 6 1 446 449 448 1446 1447 1444
450 9 2 6 1 446 633 449 1440 1448 1446
451 9 2 6 1 448 657 447 1449 1450 1445
452 9 2 6 1 657 659 447 1451 1452 1450
453 9 2 6 1 659 669 447 1453 1438 1452
454 9 2 6 1 449 450 448 1454 1455 1447
455 9 2 6 1 450 451 448 1456 1457 1455
456 9 2 6 1 451 657 448 1458 1449 1457
457 9 2 6 1 449 467 450 1459 1460 1454
458 9 2 6 1 449 481 467 1461 1462 1459
459 9 2 6 1 449 633 481 1448 1463 1461
460 9 2 6 1 450 452 451 1464 1465 1456
461 9 2 6 1 450 632 452 1466 1467 1464
462 9 2 6 1 467 632 450 1468 1466 1460
463 9 2 6 1 452 453 451 1469 1470 1465
464 9 2 6 1 453 469 451 1471 1472 1470
465 9 2 6 1 469 657 451 1473 1458 1472
466 9 2 6 1 452 454 453 1474 1475 1469
467 9 2 6 1 452 455 454 1476 1477 1474
468 9 2 6 1 452 632 455 1467 1478 1476
469 9 2 6 1 454 466 453 1479 1480 1475
470 9 2 6 1 466 592 453 1481 1482 1480
471 9 2 6 1 453 592 469 1482 1483 1471
472 9 2 6 1 455 456 454 1484 1485 1477
473 9 2 6 1 456 654 454 1486 1487 1485
474 9 2 6 1 454 654 466 1487 1488 1479
475 9 2 6 1 455 457 456 1489 1490 1484
476 9 2 6 1 455 648 457 1491 1492 1489
477 9 2 6 1 632 648 455 1493 1491 1478
478 9 2 6 1 457 458 456 1494 1495 1490
479 9 2 6 1 458 459 456 1496 1497 1495
480 9 2 6 1 459 654 456 1498 1486 1497
481 9 2 6 1 457 470 458 1499 1500 1494
482 9 2 6 1 457 479 470 1501 1502 1499
483 9 2 6 1 457 648 479 1492 1503 1501
484 9 2 6 1 458 460 459 1504 1505 1496
485 9 2 6 1 458 652 460 1506 1507 1504
486 9 2 6 1 470 652 458 1508 1506 1500
487 9 2 6 1 460 461 459 1509 1510 1505
488 9 2 6 1 461 492 459 1511 1512 1510
489 9 2 6 1 492 654 459 1513 1498 1512
490 9 2 6 1 460 462 461 1514 1515 1509
491 9 2 6 1 460 463 462 1516 1517 1514
492 9 2 6 1 460 652 463 1507 1518 1516
493 9 2 6 1 462 646 461 1519 1520 1515
494 9 2 6 1 461 493 492 1521 1522 1511
495 9 2 6 1 461 646 493 1520 1523 1521
496 9 2 6 1 463 472 462 1524 1525 1517
497 9 2 6 1 472 474 462 1526 1527 1525
498 9 2 6 1 474 646 462 1528 1519 1527
499 9 2 6 1 463 473 472 1529 1530 1524
500 9 2 6 1 463 658 473 1531 1532 1529
501 9 2 6 1 652 658 463 1533 1531 1518
502 9 2 6 1 464 647 580 1223 1534 1535
503 9 2 6 1 580 660 464 1536 1537 1535
504 9 2 6 1 464 660 651 1537 1538 1233
505 9 2 6 1 480 494 465 1539 1540 1322
506 9 2 6 1 494 634 465 1541 1542 1540
507 9 2 6 1 465 634 629 1542 1543 1328
508 9 2 6 1 587 589 466 1544 1545 1546
509 9 2 6 1 466 654 587 1488 1547 1546
510 9 2 6 1 589 592 466 1548 1481 1545
511 9 2 6 1 481 487 467 1549 1550 1462
512 9 2 6 1 487 506 467 1551 1552 1550
513 9 2 6 1 506 632 467 1553 1468 1552
514 9 2 6 1 482 486 468 1554 1555 1242
515 9 2 6 1 486 489 468 1556 1557 1555
516 9 2 6 1 489 624 468 1558 1248 1557
517 9 2 6 1 592 593 469 1559 1560 1483
518 9 2 6 1 593 594 469 1561 1562 1560
519 9 2 6 1 594 657 469 1563 1473 1562
520 9 2 6 1 479 495 470 1564 1565 1502
521 9 2 6 1 495 505 470 1566 1567 1565
522 9 2 6 1 505 652 470 1568 1508 1567
523 9 2 6 1 471 570 569 1569 1570 1218
524 9 2 6 1 471 636 570 1571 1572 1569
525 9 2 6 1 622 636 471 1573 1571 1228
526 9 2 6 1 473 483 472 1574 1575 1530
527 9 2 6 1 472 656 474 1576 1577 1526
528 9 2 6 1 483 656 472 1578 1576 1575
529 9 2 6 1 473 484 483 1579 1580 1574
530 9 2 6 1 473 485 484 1581 1582 1579
531 9 2 6 1 473 658 485 1532 1583 1581
532 9 2 6 1 474 683 646 1584 1585 1528
533 9 2 6 1 656 703 474 1586 1587 1577
534 9 2 6 1 474 703 683 1587 1588 1584
535 9 2 6 1 475 498 478 1589 1590 1261
536 9 2 6 1 475 499 498 1591 1592 1589
537 9 2 6 1 475 623 499 1268 1593 1591
538 9 2 6 1 476 663 618 1594 1595 1596
539 9 2 6 1 618 666 476 1597 1341 1596
540 9 2 6 1 662 663 476 1598 1594 1348
541 9 2 6 1 477 627 626 1599 1600 1333
542 9 2 6 1 477 684 627 1601 1602 1599
543 9 2 6 1 666 684 477 1603 1601 1343
544 9 2 6 1 498 500 478 1604 1605 1590
545 9 2 6 1 500 501 478 1606 1607 1605
546 9 2 6 1 501 635 478 1608 1263 1607
547 9 2 6 1 479 497 495 1609 1610 1564
548 9 2 6 1 479 653 497 1611 1612 1609
549 9 2 6 1 648 653 479 1613 1611 1503
550 9 2 6 1 480 514 494 1614 1615 1539
551 9 2 6 1 480 515 514 1616 1617 1614
552 9 2 6 1 480 631 515 1323 1618 1616
553 9 2 6 1 481 518 487 1619 1620 1549
554 9 2 6 1 481 519 518 1621 1622 1619
555 9 2 6 1 481 633 519 1463 1623 1621
556 9 2 6 1 482 510 486 1624 1625 1554
557 9 2 6 1 482 511 510 1626 1627 1624
558 9 2 6 1 482 651 511 1243 1628 1626
559 9 2 6 1 484 520 483 1629 1630 1580
560 9 2 6 1 520 530 483 1631 1632 1630
561 9 2 6 1 530 656 483 1633 1578 1632
562 9 2 6 1 485 488 484 1634 1635 1582
563 9 2 6 1 488 567 484 1636 1637 1635
564 9 2 6 1 484 567 520 1637 1119 1629
565 9 2 6 1 485 517 488 1638 1639 1634
566 9 2 6 1 485 649 517 1640 1641 1638
567 9 2 6 1 485 658 649 1583 1642 1640
568 9 2 6 1 486 685 489 1643 1644 1556
569 9 2 6 1 510 512 486 1645 1646 1625
570 9 2 6 1 512 685 486 1647 1643 1646
571 9 2 6 1 487 513 506 1648 1649 1551
572 9 2 6 1 487 559 513 1650 1651 1648
573 9 2 6 1 518 559 487 1077 1650 1620
574 9 2 6 1 517 565 488 1162 1652 1639
575 9 2 6 1 488 565 563 1652 1653 1654
576 9 2 6 1 563 567 488 1655 1636 1654
577 9 2 6 1 552 621 489 1656 1657 1658
578 9 2 6 1 489 685 552 1644 1659 1658
579 9 2 6 1 621 624 489 1273 1558 1657
580 9 2 6 1 490 502 491 1660 1661 1361
581 9 2 6 1 490 634 502 1662 1663 1660
582 9 2 6 1 629 634 490 1543 1662 1353
583 9 2 6 1 502 503 491 1664 1665 1661
584 9 2 6 1 503 504 491 1666 1667 1665
585 9 2 6 1 504 628 491 1668 1363 1667
586 9 2 6 1 493 507 492 1669 1670 1522
587 9 2 6 1 507 587 492 1671 1672 1670
588 9 2 6 1 587 654 492 1547 1513 1672
589 9 2 6 1 493 508 507 1673 1674 1669
590 9 2 6 1 493 509 508 1675 1676 1673
591 9 2 6 1 493 646 509 1523 1677 1675
592 9 2 6 1 514 680 494 1678 1679 1615
593 9 2 6 1 494 733 634 1680 1681 1541
594 9 2 6 1 680 733 494 1682 1680 1679
595 9 2 6 1 497 637 495 1683 1684 1610
596 9 2 6 1 495 521 505 1685 1686 1566
597 9 2 6 1 495 637 521 1684 1687 1685
598 9 2 6 1 569 571 496 1688 1689 1208
599 9 2 6 1 571 573 496 1128 1690 1689
600 9 2 6 1 573 574 496 1691 1199 1690
601 9 2 6 1 497 638 637 1692 1693 1683
602 9 2 6 1 497 681 638 1694 1695 1692
603 9 2 6 1 653 681 497 1696 1694 1612
604 9 2 6 1 499 531 498 1697 1698 1592
605 9 2 6 1 498 693 500 1699 1700 1604
606 9 2 6 1 531 693 498 1070 1699 1698
607 9 2 6 1 499 532 531 1701 1702 1697
608 9 2 6 1 499 630 532 1703 1704 1701
609 9 2 6 1 623 630 499 1292 1703 1593
610 9 2 6 1 500 689 501 1705 1706 1606
611 9 2 6 1 639 644 500 960 1707 1708
612 9 2 6 1 500 693 639 1700 1072 1708
613 9 2 6 1 644 689 500 1051 1705 1707
614 9 2 6 1 585 636 501 1709 1710 1711
615 9 2 6 1 501 689 585 1706 1049 1711
616 9 2 6 1 501 636 635 1710 1712 1608
617 9 2 6 1 502 695 503 1713 1714 1664
618 9 2 6 1 634 733 502 1681 1715 1663
619 9 2 6 1 642 695 502 1030 1713 1716
620 9 2 6 1 502 733 642 1715 1717 1716
621 9 2 6 1 503 525 504 1718 1719 1666
622 9 2 6 1 503 538 525 1720 1721 1718
623 9 2 6 1 503 695 538 1714 1026 1720
624 9 2 6 1 525 526 504 1086 1722 1719
625 9 2 6 1 526 586 504 1723 1724 1722
626 9 2 6 1 586 628 504 1381 1668 1724
627 9 2 6 1 521 649 505 1725 1726 1686
628 9 2 6 1 649 658 505 1642 1727 1726
629 9 2 6 1 505 658 652 1727 1533 1568
630 9 2 6 1 513 653 506 1728 1729 1649
631 9 2 6 1 506 648 632 1730 1493 1553
632 9 2 6 1 506 653 648 1729 1613 1730
633 9 2 6 1 508 714 507 1731 1732 1674
634 9 2 6 1 507 588 587 1733 1734 1671
635 9 2 6 1 507 714 588 1732 1082 1733
636 9 2 6 1 509 516 508 1735 1736 1676
637 9 2 6 1 516 645 508 1737 1738 1736
638 9 2 6 1 645 714 508 1084 1731 1738
639 9 2 6 1 509 522 516 1739 1107 1735
640 9 2 6 1 509 683 522 1740 1741 1739
641 9 2 6 1 646 683 509 1585 1740 1677
642 9 2 6 1 511 700 510 1742 1743 1627
643 9 2 6 1 510 729 512 1744 1745 1645
644 9 2 6 1 700 729 510 1106 1744 1743
645 9 2 6 1 651 660 511 1538 1746 1628
646 9 2 6 1 660 661 511 1747 1748 1746
647 9 2 6 1 661 700 511 1749 1742 1748
648 9 2 6 1 671 688 512 838 1750 1751
649 9 2 6 1 512 729 671 1745 1104 1751
650 9 2 6 1 512 727 685 1752 1753 1647
651 9 2 6 1 688 727 512 1005 1752 1750
652 9 2 6 1 559 725 513 1754 1755 1651
653 9 2 6 1 513 681 653 1756 1696 1728
654 9 2 6 1 513 725 681 1755 1141 1756
655 9 2 6 1 515 546 514 1757 1758 1617
656 9 2 6 1 546 731 514 1759 1760 1758
657 9 2 6 1 514 731 680 1760 1158 1678
658 9 2 6 1 515 547 546 1761 1031 1757
659 9 2 6 1 515 557 547 1762 1763 1761
660 9 2 6 1 515 631 557 1618 1301 1762
661 9 2 6 1 516 713 645 1110 891 1737
662 9 2 6 1 517 649 566 1641 1764 1164
663 9 2 6 1 519 533 518 1765 1073 1622
664 9 2 6 1 519 534 533 1766 1146 1765
665 9 2 6 1 519 561 534 1767 1768 1766
666 9 2 6 1 519 633 561 1623 1441 1767
667 9 2 6 1 520 568 530 1122 1097 1631
668 9 2 6 1 637 734 521 1044 1769 1687
669 9 2 6 1 521 734 649 1769 1770 1725
670 9 2 6 1 522 524 523 1771 1772 1111
671 9 2 6 1 522 683 524 1741 1773 1771
672 9 2 6 1 524 539 523 1774 1775 1772
673 9 2 6 1 539 718 523 1776 1777 1775
674 9 2 6 1 523 718 686 1777 1193 1113
675 9 2 6 1 524 540 539 1778 1779 1774
676 9 2 6 1 524 703 540 1780 1781 1778
677 9 2 6 1 683 703 524 1588 1780 1773
678 9 2 6 1 538 696 525 808 1088 1721
679 9 2 6 1 527 528 526 1782 1783 1090
680 9 2 6 1 528 586 526 1784 1723 1783
681 9 2 6 1 527 529 528 1785 1786 1782
682 9 2 6 1 527 545 529 1787 1788 1785
683 9 2 6 1 527 709 545 1091 797 1787
684 9 2 6 1 529 560 528 1789 1790 1786
685 9 2 6 1 560 668 528 1403 1791 1790
686 9 2 6 1 528 668 586 1791 1383 1784
687 9 2 6 1 545 682 529 1792 1793 1788
688 9 2 6 1 529 679 560 1794 1795 1789
689 9 2 6 1 529 682 679 1793 1796 1794
690 9 2 6 1 530 735 656 1797 1798 1633
691 9 2 6 1 676 735 530 1799 1797 1100
692 9 2 6 1 532 541 531 1800 1066 1702
693 9 2 6 1 532 542 541 1801 1151 1800
694 9 2 6 1 532 543 542 1802 1803 1801
695 9 2 6 1 532 630 543 1704 1804 1802
696 9 2 6 1 534 536 535 1805 1806 1149
697 9 2 6 1 534 561 536 1768 1807 1805
698 9 2 6 1 536 537 535 1808 1007 1806
699 9 2 6 1 536 553 537 1809 1810 1808
700 9 2 6 1 536 672 553 1811 1423 1809
701 9 2 6 1 561 672 536 1443 1811 1807
702 9 2 6 1 553 679 537 1812 1813 1810
703 9 2 6 1 679 682 537 1796 1011 1813
704 9 2 6 1 540 724 539 1814 1174 1779
705 9 2 6 1 674 718 539 1191 1776 1172
706 9 2 6 1 676 724 540 1815 1814 1816
707 9 2 6 1 540 735 676 1817 1799 1816
708 9 2 6 1 703 735 540 1818 1817 1781
709 9 2 6 1 543 544 542 1819 1820 1803
710 9 2 6 1 544 554 542 1821 1154 1820
711 9 2 6 1 543 584 544 1822 1823 1819
712 9 2 6 1 543 625 584 1824 1311 1822
713 9 2 6 1 543 630 625 1804 1293 1824
714 9 2 6 1 544 555 554 1825 1059 1821
715 9 2 6 1 544 627 555 1826 1827 1825
716 9 2 6 1 584 627 544 1828 1826 1823
717 9 2 6 1 545 728 682 799 1013 1792
718 9 2 6 1 694 731 546 1160 1759 1034
719 9 2 6 1 547 549 548 1829 1830 1035
720 9 2 6 1 547 557 549 1763 1831 1829
721 9 2 6 1 549 550 548 1832 1833 1830
722 9 2 6 1 550 640 548 1834 1835 1833
723 9 2 6 1 640 717 548 829 1037 1835
724 9 2 6 1 549 551 550 1836 1837 1832
725 9 2 6 1 549 673 551 1838 1283 1836
726 9 2 6 1 557 673 549 1303 1838 1831
727 9 2 6 1 551 552 550 1839 1840 1837
728 9 2 6 1 552 719 550 1841 1842 1840
729 9 2 6 1 550 719 640 1842 1002 1834
730 9 2 6 1 551 621 552 1281 1656 1839
731 9 2 6 1 685 727 552 1753 1843 1659
732 9 2 6 1 552 727 719 1843 1006 1841
733 9 2 6 1 667 679 553 1844 1812 1421
734 9 2 6 1 555 684 556 1845 1846 1063
735 9 2 6 1 627 684 555 1602 1845 1827
736 9 2 6 1 556 730 677 1847 1848 1065
737 9 2 6 1 684 691 556 1849 1850 1846
738 9 2 6 1 691 730 556 1851 1847 1850
739 9 2 6 1 583 647 558 1852 1213 1093
740 9 2 6 1 687 725 559 1145 1754 1079
741 9 2 6 1 560 679 667 1795 1844 1401
742 9 2 6 1 562 567 563 1123 1655 1186
743 9 2 6 1 563 565 564 1653 1853 1188
744 9 2 6 1 565 712 564 1166 753 1853
745 9 2 6 1 649 734 566 1770 1040 1764
746 9 2 6 1 570 571 569 1854 1688 1570
747 9 2 6 1 570 572 571 1855 1124 1854
748 9 2 6 1 570 585 572 1856 1045 1855
749 9 2 6 1 570 636 585 1572 1709 1856
750 9 2 6 1 573 575 574 1857 1184 1691
751 9 2 6 1 573 711 575 1129 975 1857
752 9 2 6 1 577 583 576 1858 1096 1168
753 9 2 6 1 578 579 577 1859 1860 1170
754 9 2 6 1 579 580 577 1861 1862 1860
755 9 2 6 1 580 583 577 1863 1858 1862
756 9 2 6 1 578 705 579 1180 1864 1859
757 9 2 6 1 581 675 578 1865 1177 1171
758 9 2 6 1 579 660 580 1866 1536 1861
759 9 2 6 1 579 661 660 1867 1747 1866
760 9 2 6 1 579 705 661 1864 1868 1867
761 9 2 6 1 580 647 583 1534 1852 1863
762 9 2 6 1 581 720 675 876 851 1865
763 9 2 6 1 582 724 676 1176 1815 1101
764 9 2 6 1 626 627 584 1600 1828 1313
765 9 2 6 1 588 589 587 1869 1544 1734
766 9 2 6 1 588 590 589 1870 1871 1869
767 9 2 6 1 588 678 590 1080 1872 1870
768 9 2 6 1 590 591 589 1873 1874 1871
769 9 2 6 1 591 592 589 1875 1548 1874
770 9 2 6 1 590 697 591 1876 1014 1873
771 9 2 6 1 678 697 590 900 1876 1872
772 9 2 6 1 591 593 592 1877 1559 1875
773 9 2 6 1 591 698 593 1017 1878 1877
774 9 2 6 1 593 595 594 1879 1880 1561
775 9 2 6 1 593 698 595 1878 1881 1879
776 9 2 6 1 595 596 594 1882 1883 1880
777 9 2 6 1 596 659 594 1884 1885 1883
778 9 2 6 1 594 659 657 1885 1451 1563
779 9 2 6 1 595 597 596 1886 1887 1882
780 9 2 6 1 595 605 597 1888 1889 1886
781 9 2 6 1 595 698 605 1881 1018 1888
782 9 2 6 1 597 598 596 1053 1890 1887
783 9 2 6 1 598 604 596 1891 1892 1890
784 9 2 6 1 604 659 596 1893 1884 1892
785 9 2 6 1 605 710 597 909 1055 1889
786 9 2 6 1 599 600 598 1894 1895 1057
787 9 2 6 1 600 604 598 1896 1891 1895
788 9 2 6 1 599 601 600 1897 1898 1894
789 9 2 6 1 599 619 601 1899 1900 1897
790 9 2 6 1 599 716 619 1058 918 1899
791 9 2 6 1 601 602 600 1901 1902 1898
792 9 2 6 1 602 670 600 1903 1904 1902
793 9 2 6 1 600 670 604 1904 1905 1896
794 9 2 6 1 601 603 602 1906 1907 1901
795 9 2 6 1 601 690 603 1908 1909 1906
796 9 2 6 1 619 690 601 1134 1908 1900
797 9 2 6 1 603 606 602 1910 1911 1907
798 9 2 6 1 606 650 602 1411 1912 1911
799 9 2 6 1 650 670 602 1432 1903 1912
800 9 2 6 1 603 607 606 1913 1914 1910
801 9 2 6 1 603 608 607 1915 1916 1913
802 9 2 6 1 603 690 608 1909 1132 1915
803 9 2 6 1 604 669 659 1917 1453 1893
804 9 2 6 1 604 670 669 1905 1433 1917
805 9 2 6 1 607 665 606 1918 1413 1914
806 9 2 6 1 608 609 607 1919 1920 1916
807 9 2 6 1 609 610 607 1921 1922 1920
808 9 2 6 1 610 665 607 1393 1918 1922
809 9 2 6 1 608 701 609 1923 1924 1919
810 9 2 6 1 643 701 608 1025 1923 1130
811 9 2 6 1 609 611 610 1925 1926 1921
812 9 2 6 1 609 612 611 1927 1928 1925
813 9 2 6 1 609 701 612 1924 1022 1927
814 9 2 6 1 611 664 610 1929 1391 1926
815 9 2 6 1 612 613 611 1930 1931 1928
816 9 2 6 1 613 617 611 1932 1933 1931
817 9 2 6 1 617 664 611 1373 1929 1933
818 9 2 6 1 612 614 613 1020 1934 1930
819 9 2 6 1 614 615 613 1136 1935 1934
820 9 2 6 1 615 663 613 1936 1937 1935
821 9 2 6 1 613 663 617 1937 1938 1932
822 9 2 6 1 616 618 615 1939 1940 1139
823 9 2 6 1 618 663 615 1595 1936 1940
824 9 2 6 1 616 691 618 1941 1942 1939
825 9 2 6 1 616 730 691 1943 1851 1941
826 9 2 6 1 708 730 616 1944 1943 1140
827 9 2 6 1 617 663 662 1938 1598 1371
828 9 2 6 1 618 691 666 1942 1945 1597
829 9 2 6 1 635 636 622 1712 1573 1253
830 9 2 6 1 638 699 637 768 1042 1693
831 9 2 6 1 681 732 638 1144 770 1695
832 9 2 6 1 642 680 641 1946 1156 1029
833 9 2 6 1 642 733 680 1717 1682 1946
834 9 2 6 1 655 700 661 1103 1749 1947
835 9 2 6 1 661 705 655 1868 1181 1947
836 9 2 6 1 656 735 703 1798 1818 1586
837 9 2 6 1 666 691 684 1945 1849 1603
838 9 2 6 1 677 730 708 1848 1944 939
839 9 2 4 2 1 1981 42 2002 2003 77
840 9 2 4 2 251 1981 1 2004 2002 253
841 9 2 4 2 9 1982 2 2005 2006 43
842 9 2 4 2 2 1982 185 2006 2007 187
843 9 2 4 2 185 1997 5 2008 2009 186
844 9 2 4 2 5 1997 188 2009 2010 219
845 9 2 4 2 218 1998 6 2011 2012 250
846 9 2 4 2 6 1998 251 2012 2013 252
847 9 2 4 2 10 1950 9 2014 2015 44
848 9 2 4 2 1950 1982 9 2016 2005 2015
849 9 2 4 2 11 1973 10 2017 2018 45
850 9 2 4 2 10 1973 1950 2018 2019 2014
851 9 2 4 2 12 1993 11 2020 2021 46
852 9 2 4 2 11 1993 1973 2021 2022 2017
853 9 2 4 2 13 1975 12 2023 2024 47
854 9 2 4 2 12 1975 1956 2024 2025 2026
855 9 2 4 2 1956 1993 12 2027 2020 2026
856 9 2 4 2 14 1962 13 2028 2029 48
857 9 2 4 2 1962 1975 13 2030 2023 2029
858 9 2 4 2 15 1980 14 2031 2032 49
859 9 2 4 2 14 1980 1962 2032 2033 2028
860 9 2 4 2 16 1990 15 2034 2035 50
861 9 2 4 2 15 1990 1980 2035 2036 2031
862 9 2 4 2 17 1994 16 2037 2038 51
863 9 2 4 2 1970 1990 16 2039 2034 2040
864 9 2 4 2 16 1994 1970 2038 2041 2040
865 9 2 4 2 18 1955 17 2042 2043 52
866 9 2 4 2 1955 1994 17 2044 2037 2043
867 9 2 4 2 19 1968 18 2045 2046 53
868 9 2 4 2 18 1968 1955 2046 2047 2042
869 9 2 4 2 20 1949 19 2048 2049 54
870 9 2 4 2 1949 1968 19 2050 2045 2049
871 9 2 4 2 21 1965 20 2051 2052 55
872 9 2 4 2 20 1965 1949 2052 2053 2048
873 9 2 4 2 22 1952 21 2054 2055 56
874 9 2 4 2 1952 1965 21 2056 2051 2055
875 9 2 4 2 23 2000 22 2057 2058 57
876 9 2 4 2 22 2000 1952 2058 2059 2054
877 9 2 4 2 24 1992 23 2060 2061 58
878 9 2 4 2 1992 2000 23 2062 2057 2061
879 9 2 4 2 25 1977 24 2063 2064 59
880 9 2 4 2 24 1977 1958 2064 2065 2066
881 9 2 4 2 1958 1992 24 2067 2060 2066
882 9 2 4 2 26 1964 25 2068 2069 60
883 9 2 4 2 1964 1977 25 2070 2063 2069
884 9 2 4 2 27 1978 26 2071 2072 61
885 9 2 4 2 26 1978 1964 2072 2073 2068
886 9 2 4 2 28 1991 27 2074 2075 62
887 9 2 4 2 1959 1978 27 2076 2071 2077
888 9 2 4 2 27 1991 1959 2075 2078 2077
889 9 2 4 2 29 1999 28 2079 2080 63
890 9 2 4 2 28 1999 1991 2080 2081 2074
891 9 2 4 2 30 1953 29 2082 2083 64
892 9 2 4 2 1953 1999 29 2084 2079 2083
893 9 2 4 2 31 1966 30 2085 2086 65
894 9 2 4 2 30 1966 1953 2086 2087 2082
895 9 2 4 2 32 1948 31 2088 2089 66
896 9 2 4 2 1948 1966 31 2090 2085 2089
897 9 2 4 2 33 1967 32 2091 2092 67
898 9 2 4 2 32 1967 1948 2092 2093 2088
899 9 2 4 2 34 1954 33 2094 2095 68
900 9 2 4 2 1954 1967 33 2096 2091 2095
901 9 2 4 2 35 1996 34 2097 2098 69
902 9 2 4 2 34 1996 1954 2098 2099 2094
903 9 2 4 2 36 1989 35 2100 2101 70
904 9 2 4 2 1989 1996 35 2102 2097 2101
905 9 2 4 2 37 1979 36 2103 2104 71
906 9 2 4 2 36 1979 1960 2104 2105 2106
907 9 2 4 2 1960 1989 36 2107 2100 2106
908 9 2 4 2 38 1963 37 2108 2109 72
909 9 2 4 2 1963 1979 37 2110 2103 2109
910 9 2 4 2 39 1976 38 2111 2112 73
911 9 2 4 2 38 1976 1963 2112 2113 2108
912 9 2 4 2 40 1995 39 2114 2115 74
913 9 2 4 2 1957 1976 39 2116 2111 2117
914 9 2 4 2 39 1995 1957 2115 2118 2117
915 9 2 4 2 41 2001 40 2119 2120 75
916 9 2 4 2 40 2001 1995 2120 2121 2114
917 9 2 4 2 42 1951 41 2122 2123 76
918 9 2 4 2 1951 2001 41 2124 2119 2123
919 9 2 4 2 42 1981 1951 2003 2125 2122
920 9 2 4 2 1982 1997 185 2126 2008 2007
921 9 2 4 2 188 1950 189 2127 2128 220
922 9 2 4 2 188 1997 1950 2010 2129 2127
923 9 2 4 2 189 1973 190 2130 2131 221
924 9 2 4 2 1950 1973 189 2019 2130 2128
925 9 2 4 2 190 1956 191 2132 2133 222
926 9 2 4 2 190 1973 1956 2131 2134 2132
927 9 2 4 2 191 1988 192 2135 2136 223
928 9 2 4 2 1956 1988 191 2137 2135 2133
929 9 2 4 2 192 1984 193 2138 2139 224
930 9 2 4 2 192 1988 1984 2136 2140 2138
931 9 2 4 2 193 1961 194 2141 2142 225
932 9 2 4 2 193 1984 1961 2139 2143 2141
933 9 2 4 2 194 1970 195 2144 2145 226
934 9 2 4 2 1961 1970 194 2146 2144 2142
935 9 2 4 2 195 1955 196 2147 2148 227
936 9 2 4 2 195 1970 1955 2145 2149 2147
937 9 2 4 2 196 1968 197 2150 2151 228
938 9 2 4 2 1955 1968 196 2047 2150 2148
939 9 2 4 2 197 1949 198 2152 2153 229
940 9 2 4 2 197 1968 1949 2151 2050 2152
941 9 2 4 2 198 1965 199 2154 2155 230
942 9 2 4 2 1949 1965 198 2053 2154 2153
943 9 2 4 2 199 1952 200 2156 2157 231
944 9 2 4 2 199 1965 1952 2155 2056 2156
945 9 2 4 2 200 1971 201 2158 2159 232
946 9 2 4 2 1952 1971 200 2160 2158 2157
947 9 2 4 2 201 1958 202 2161 2162 233
948 9 2 4 2 201 1971 1958 2159 2163 2161
949 9 2 4 2 202 1986 203 2164 2165 234
950 9 2 4 2 1958 1986 202 2166 2164 2162
951 9 2 4 2 203 1985 204 2167 2168 235
952 9 2 4 2 203 1986 1985 2165 2169 2167
953 9 2 4 2 204 1959 205 2170 2171 236
954 9 2 4 2 204 1985 1959 2168 2172 2170
955 9 2 4 2 205 1972 206 2173 2174 237
956 9 2 4 2 1959 1972 205 2175 2173 2171
957 9 2 4 2 206 1953 207 2176 2177 238
958 9 2 4 2 206 1972 1953 2174 2178 2176
959 9 2 4 2 207 1966 208 2179 2180 239
960 9 2 4 2 1953 1966 207 2087 2179 2177
961 9 2 4 2 208 1948 209 2181 2182 240
962 9 2 4 2 208 1966 1948 2180 2090 2181
963 9 2 4 2 209 1967 210 2183 2184 241
964 9 2 4 2 1948 1967 209 2093 2183 2182
965 9 2 4 2 210 1954 211 2185 2186 242
966 9 2 4 2 210 1967 1954 2184 2096 2185
967 9 2 4 2 211 1969 212 2187 2188 243
968 9 2 4 2 1954 1969 211 2189 2187 2186
969 9 2 4 2 212 1960 213 2190 2191 244
970 9 2 4 2 212 1969 1960 2188 2192 2190
971 9 2 4 2 213 1983 214 2193 2194 245
972 9 2 4 2 1960 1983 213 2195 2193 2191
973 9 2 4 2 214 1987 215 2196 2197 246
974 9 2 4 2 1983 1987 214 2198 2196 2194
975 9 2 4 2 215 1957 216 2199 2200 247
976 9 2 4 2 215 1987 1957 2197 2201 2199
977 9 2 4 2 216 1974 217 2202 2203 248
978 9 2 4 2 1957 1974 216 2204 2202 2200
979 9 2 4 2 217 1951 218 2205 2206 249
980 9 2 4 2 217 1974 1951 2203 2207 2205
981 9 2 4 2 1951 1998 218 2208 2011 2206
982 9 2 4 2 251 1998 1981 2013 2209 2004
983 9 2 4 2 1950 1997 1982 2129 2126 2016
984 9 2 4 2 1974 2001 1951 2210 2124 2207
985 9 2 4 2 1981 1998 1951 2209 2208 2125
986 9 2 4 2 1952 2000 1971 2059 2211 2160
987 9 2 4 2 1972 1999 1953 2212 2084 2178
988 9 2 4 2 1954 1996 1969 2099 2213 2189
989 9 2 4 2 1970 1994 1955 2041 2044 2149
990 9 2 4 2 1973 1993 1956 2022 2027 2134
991 9 2 4 2 1975 1988 1956 2214 2137 2025
992 9 2 4 2 1957 1995 1974 2118 2215 2204
993 9 2 4 2 1957 1987 1976 2201 2216 2116
994 9 2 4 2 1971 1992 1958 2217 2067 2163
995 9 2 4 2 1977 1986 1958 2218 2166 2065
996 9 2 4 2 1959 1991 1972 2078 2219 2175
997 9 2 4 2 1959 1985 1978 2172 2220 2076
998 9 2 4 2 1969 1989 1960 2221 2107 2192
999 9 2 4 2 1979 1983 1960 2222 2195 2105
1000 9 2 4 2 1961 1990 1970 2223 2039 2146
1001 9 2 4 2 1961 1984 1980 2143 2224 2225
1002 9 2 4 2 1980 1990 1961 2036 2223 2225
1003 9 2 4 2 1962 1988 1975 2226 2214 2030
1004 9 2 4 2 1980 1984 1962 2224 2227 2033
1005 9 2 4 2 1984 1988 1962 2140 2226 2227
1006 9 2 4 2 1976 1987 1963 2216 2228 2113
1007 9 2 4 2 1963 1983 1979 2229 2222 2110
1008 9 2 4 2 1963 1987 1983 2228 2198 2229
1009 9 2 4 2 1964 1986 1977 2230 2218 2070
1010 9 2 4 2 1978 1985 1964 2220 2231 2073
1011 9 2 4 2 1985 1986 1964 2169 2230 2231
1012 9 2 4 2 1969 1996 1989 2213 2102 2221
1013 9 2 4 2 1971 2000 1992 2211 2062 2217
1014 9 2 4 2 1991 1999 1972 2081 2212 2219
1015 9 2 4 2 1995 2001 1974 2121 2210 2215
1016 9 2 1 3 1 86 2243 96 2244 2245
1017 9 2 1 3 251 1 2243 253 2245 2246
1018 9 2 1 3 78 3 2242 87 2247 2248
1019 9 2 1 3 3 254 2242 256 2249 2247
1020 9 2 1 3 6 251 2241 252 2250 2251
1021 9 2 1 3 265 6 2241 275 2251 2252
1022 9 2 1 3 254 7 2240 255 2253 2254
1023 9 2 1 3 7 257 2240 266 2255 2253
1024 9 2 1 3 79 78 2232 88 2256 2257
1025 9 2 1 3 2232 78 2242 2256 2248 2258
1026 9 2 1 3 80 79 2236 89 2259 2260
1027 9 2 1 3 79 2232 2236 2257 2261 2259
1028 9 2 1 3 81 80 2234 90 2262 2263
1029 9 2 1 3 2234 80 2236 2262 2260 2264
1030 9 2 1 3 82 81 2238 91 2265 2266
1031 9 2 1 3 81 2234 2238 2263 2267 2265
1032 9 2 1 3 83 82 2239 92 2268 2269
1033 9 2 1 3 82 2238 2239 2266 2270 2268
1034 9 2 1 3 84 83 2233 93 2271 2272
1035 9 2 1 3 2233 83 2239 2271 2269 2273
1036 9 2 1 3 85 84 2237 94 2274 2275
1037 9 2 1 3 84 2233 2237 2272 2276 2274
1038 9 2 1 3 86 85 2235 95 2277 2278
1039 9 2 1 3 2235 85 2237 2277 2275 2279
1040 9 2 1 3 86 2235 2243 2278 2280 2244
1041 9 2 1 3 2241 251 2243 2250 2246 2281
1042 9 2 1 3 254 2240 2242 2254 2282 2249
1043 9 2 1 3 257 258 2232 267 2283 2284
1044 9 2 1 3 257 2232 2240 2284 2285 2255
1045 9 2 1 3 258 259 2236 268 2286 2287
1046 9 2 1 3 2232 258 2236 2283 2287 2261
1047 9 2 1 3 259 260 2234 269 2288 2289
1048 9 2 1 3 259 2234 2236 2289 2264 2286
1049 9 2 1 3 260 261 2238 270 2290 2291
1050 9 2 1 3 2234 260 2238 2288 2291 2267
1051 9 2 1 3 261 262 2239 271 2292 2293
1052 9 2 1 3 2238 261 2239 2290 2293 2270
1053 9 2 1 3 262 263 2233 272 2294 2295
1054 9 2 1 3 262 2233 2239 2295 2273 2292
1055 9 2 1 3 263 264 2237 273 2296 2297
1056 9 2 1 3 2233 263 2237 2294 2297 2276
1057 9 2 1 3 264 265 2235 274 2298 2299
1058 9 2 1 3 264 2235 2237 2299 2279 2296
1059 9 2 1 3 2235 265 2241 2298 2252 2300
1060 9 2 1 3 2240 2232 2242 2285 2258 2282
1061 9 2 1 3 2235 2241 2243 2300 2281 2280
1062 9 2 3 4 3 130 2334 165 2355 2356
1063 9 2 3 4 254 3 2334 256 2356 2357
1064 9 2 3 4 97 4 2335 131 2358 2359
1065 9 2 3 4 4 276 2335 278 2360 2358
1066 9 2 3 4 7 254 2351 255 2361 2362
1067 9 2 3 4 309 7 2351 341 2362 2363
1068 9 2 3 4 276 8 2350 277 2364 2365
1069 9 2 3 4 8 279 2350 310 2366 2364
1070 9 2 3 4 98 97 2303 132 2367 2368
1071 9 2 3 4 2303 97 2335 2367 2359 2369
1072 9 2 3 4 99 98 2326 133 2370 2371
1073 9 2 3 4 98 2303 2326 2368 2372 2370
1074 9 2 3 4 100 99 2346 134 2373 2374
1075 9 2 3 4 99 2326 2346 2371 2375 2373
1076 9 2 3 4 101 100 2328 135 2376 2377
1077 9 2 3 4 100 2309 2328 2378 2379 2376
1078 9 2 3 4 2309 100 2346 2378 2374 2380
1079 9 2 3 4 102 101 2315 136 2381 2382
1080 9 2 3 4 2315 101 2328 2381 2377 2383
1081 9 2 3 4 103 102 2333 137 2384 2385
1082 9 2 3 4 102 2315 2333 2382 2386 2384
1083 9 2 3 4 104 103 2343 138 2387 2388
1084 9 2 3 4 103 2333 2343 2385 2389 2387
1085 9 2 3 4 105 104 2347 139 2390 2391
1086 9 2 3 4 2323 104 2343 2392 2388 2393
1087 9 2 3 4 104 2323 2347 2392 2394 2390
1088 9 2 3 4 106 105 2308 140 2395 2396
1089 9 2 3 4 2308 105 2347 2395 2391 2397
1090 9 2 3 4 107 106 2321 141 2398 2399
1091 9 2 3 4 106 2308 2321 2396 2400 2398
1092 9 2 3 4 108 107 2302 142 2401 2402
1093 9 2 3 4 2302 107 2321 2401 2399 2403
1094 9 2 3 4 109 108 2318 143 2404 2405
1095 9 2 3 4 108 2302 2318 2402 2406 2404
1096 9 2 3 4 110 109 2305 144 2407 2408
1097 9 2 3 4 2305 109 2318 2407 2405 2409
1098 9 2 3 4 111 110 2353 145 2410 2411
1099 9 2 3 4 110 2305 2353 2408 2412 2410
1100 9 2 3 4 112 111 2345 146 2413 2414
1101 9 2 3 4 2345 111 2353 2413 2411 2415
1102 9 2 3 4 113 112 2330 147 2416 2417
1103 9 2 3 4 112 2311 2330 2418 2419 2416
1104 9 2 3 4 2311 112 2345 2418 2414 2420
1105 9 2 3 4 114 113 2317 148 2421 2422
1106 9 2 3 4 2317 113 2330 2421 2417 2423
1107 9 2 3 4 115 114 2331 149 2424 2425
1108 9 2 3 4 114 2317 2331 2422 2426 2424
1109 9 2 3 4 116 115 2344 150 2427 2428
1110 9 2 3 4 2312 115 2331 2429 2425 2430
1111 9 2 3 4 115 2312 2344 2429 2431 2427
1112 9 2 3 4 117 116 2352 151 2432 2433
1113 9 2 3 4 116 2344 2352 2428 2434 2432
1114 9 2 3 4 118 117 2306 152 2435 2436
1115 9 2 3 4 2306 117 2352 2435 2433 2437
1116 9 2 3 4 119 118 2319 153 2438 2439
1117 9 2 3 4 118 2306 2319 2436 2440 2438
1118 9 2 3 4 120 119 2301 154 2441 2442
1119 9 2 3 4 2301 119 2319 2441 2439 2443
1120 9 2 3 4 121 120 2320 155 2444 2445
1121 9 2 3 4 120 2301 2320 2442 2446 2444
1122 9 2 3 4 122 121 2307 156 2447 2448
1123 9 2 3 4 2307 121 2320 2447 2445 2449
1124 9 2 3 4 123 122 2349 157 2450 2451
1125 9 2 3 4 122 2307 2349 2448 2452 2450
1126 9 2 3 4 124 123 2342 158 2453 2454
1127 9 2 3 4 2342 123 2349 2453 2451 2455
1128 9 2 3 4 125 124 2332 159 2456 2457
1129 9 2 3 4 124 2313 2332 2458 2459 2456
1130 9 2 3 4 2313 124 2342 2458 2454 2460
1131 9 2 3 4 126 125 2316 160 2461 2462
1132 9 2 3 4 2316 125 2332 2461 2457 2463
1133 9 2 3 4 127 126 2329 161 2464 2465
1134 9 2 3 4 126 2316 2329 2462 2466 2464
1135 9 2 3 4 128 127 2348 162 2467 2468
1136 9 2 3 4 2310 127 2329 2469 2465 2470
1137 9 2 3 4 127 2310 2348 2469 2471 2467
1138 9 2 3 4 129 128 2354 163 2472 2473
1139 9 2 3 4 128 2348 2354 2468 2474 2472
1140 9 2 3 4 130 129 2304 164 2475 2476
1141 9 2 3 4 2304 129 2354 2475 2473 2477
1142 9 2 3 4 130 2304 2334 2476 2478 2355
1143 9 2 3 4 254 2334 2351 2357 2479 2361
1144 9 2 3 4 2335 276 2350 2360 2365 2480
1145 9 2 3 4 279 280 2303 311 2481 2482
1146 9 2 3 4 279 2303 2350 2482 2483 2366
1147 9 2 3 4 280 281 2326 312 2484 2485
1148 9 2 3 4 2303 280 2326 2481 2485 2372
1149 9 2 3 4 281 282 2309 313 2486 2487
1150 9 2 3 4 281 2309 2326 2487 2488 2484
1151 9 2 3 4 282 283 2341 314 2489 2490
1152 9 2 3 4 2309 282 2341 2486 2490 2491
1153 9 2 3 4 283 284 2337 315 2492 2493
1154 9 2 3 4 283 2337 2341 2493 2494 2489
1155 9 2 3 4 284 285 2314 316 2495 2496
1156 9 2 3 4 284 2314 2337 2496 2497 2492
1157 9 2 3 4 285 286 2323 317 2498 2499
1158 9 2 3 4 2314 285 2323 2495 2499 2500
1159 9 2 3 4 286 287 2308 318 2501 2502
1160 9 2 3 4 286 2308 2323 2502 2503 2498
1161 9 2 3 4 287 288 2321 319 2504 2505
1162 9 2 3 4 2308 287 2321 2501 2505 2400
1163 9 2 3 4 288 289 2302 320 2506 2507
1164 9 2 3 4 288 2302 2321 2507 2403 2504
1165 9 2 3 4 289 290 2318 321 2508 2509
1166 9 2 3 4 2302 289 2318 2506 2509 2406
1167 9 2 3 4 290 291 2305 322 2510 2511
1168 9 2 3 4 290 2305 2318 2511 2409 2508
1169 9 2 3 4 291 292 2324 323 2512 2513
1170 9 2 3 4 2305 291 2324 2510 2513 2514
1171 9 2 3 4 292 293 2311 324 2515 2516
1172 9 2 3 4 292 2311 2324 2516 2517 2512
1173 9 2 3 4 293 294 2339 325 2518 2519
1174 9 2 3 4 2311 293 2339 2515 2519 2520
1175 9 2 3 4 294 295 2338 326 2521 2522
1176 9 2 3 4 294 2338 2339 2522 2523 2518
1177 9 2 3 4 295 296 2312 327 2524 2525
1178 9 2 3 4 295 2312 2338 2525 2526 2521
1179 9 2 3 4 296 297 2325 328 2527 2528
1180 9 2 3 4 2312 296 2325 2524 2528 2529
1181 9 2 3 4 297 298 2306 329 2530 2531
1182 9 2 3 4 297 2306 2325 2531 2532 2527
1183 9 2 3 4 298 299 2319 330 2533 2534
1184 9 2 3 4 2306 298 2319 2530 2534 2440
1185 9 2 3 4 299 300 2301 331 2535 2536
1186 9 2 3 4 299 2301 2319 2536 2443 2533
1187 9 2 3 4 300 301 2320 332 2537 2538
1188 9 2 3 4 2301 300 2320 2535 2538 2446
1189 9 2 3 4 301 302 2307 333 2539 2540
1190 9 2 3 4 301 2307 2320 2540 2449 2537
1191 9 2 3 4 302 303 2322 334 2541 2542
1192 9 2 3 4 2307 302 2322 2539 2542 2543
1193 9 2 3 4 303 304 2313 335 2544 2545
1194 9 2 3 4 303 2313 2322 2545 2546 2541
1195 9 2 3 4 304 305 2336 336 2547 2548
1196 9 2 3 4 2313 304 2336 2544 2548 2549
1197 9 2 3 4 305 306 2340 337 2550 2551
1198 9 2 3 4 2336 305 2340 2547 2551 2552
1199 9 2 3 4 306 307 2310 338 2553 2554
1200 9 2 3 4 306 2310 2340 2554 2555 2550
1201 9 2 3 4 307 308 2327 339 2556 2557
1202 9 2 3 4 2310 307 2327 2553 2557 2558
1203 9 2 3 4 308 309 2304 340 2559 2560
1204 9 2 3 4 308 2304 2327 2560 2561 2556
1205 9 2 3 4 2304 309 2351 2559 2363 2562
1206 9 2 3 4 2303 2335 2350 2369 2480 2483
1207 9 2 3 4 2327 2304 2354 2561 2477 2563
1208 9 2 3 4 2334 2304 2351 2478 2562 2479
1209 9 2 3 4 2305 2324 2353 2514 2564 2412
1210 9 2 3 4 2325 2306 2352 2532 2437 2565
1211 9 2 3 4 2307 2322 2349 2543 2566 2452
1212 9 2 3 4 2323 2308 2347 2503 2397 2394
1213 9 2 3 4 2326 2309 2346 2488 2380 2375
1214 9 2 3 4 2328 2309 2341 2379 2491 2567
1215 9 2 3 4 2310 2327 2348 2558 2568 2471
1216 9 2 3 4 2310 2329 2340 2470 2569 2555
1217 9 2 3 4 2324 2311 2345 2517 2420 2570
1218 9 2 3 4 2330 2311 2339 2419 2520 2571
1219 9 2 3 4 2312 2325 2344 2529 2572 2431
1220 9 2 3 4 2312 2331 2338 2430 2573 2526
1221 9 2 3 4 2322 2313 2342 2546 2460 2574
1222 9 2 3 4 2332 2313 2336 2459 2549 2575
1223 9 2 3 4 2314 2323 2343 2500 2393 2576
1224 9 2 3 4 2314 2333 2337 2577 2578 2497
1225 9 2 3 4 2333 2314 2343 2577 2576 2389
1226 9 2 3 4 2315 2328 2341 2383 2567 2579
1227 9 2 3 4 2333 2315 2337 2386 2580 2578
1228 9 2 3 4 2337 2315 2341 2580 2579 2494
1229 9 2 3 4 2329 2316 2340 2466 2581 2569
1230 9 2 3 4 2316 2332 2336 2463 2575 2582
1231 9 2 3 4 2316 2336 2340 2582 2552 2581
1232 9 2 3 4 2317 2330 2339 2423 2571 2583
1233 9 2 3 4 2331 2317 2338 2426 2584 2573
1234 9 2 3 4 2338 2317 2339 2584 2583 2523
1235 9 2 3 4 2322 2342 2349 2574 2455 2566
1236 9 2 3 4 2324 2345 2353 2570 2415 2564
1237 9 2 3 4 2344 2325 2352 2572 2565 2434
1238 9 2 3 4 2348 2327 2354 2568 2563 2474
1239 9 2 2 5 2 2596 174 2597 2598 184
1240 9 2 2 5 185 2596 2 2599 2597 187
1241 9 2 2 5 166 2595 4 2600 2601 175
1242 9 2 2 5 4 2595 276 2601 2602 278
1243 9 2 2 5 5 2594 185 2603 2604 186
1244 9 2 2 5 350 2594 5 2605 2603 360
1245 9 2 2 5 276 2593 8 2606 2607 277
1246 9 2 2 5 8 2593 342 2607 2608 351
1247 9 2 2 5 167 2585 166 2609 2610 176
1248 9 2 2 5 2585 2595 166 2611 2600 2610
1249 9 2 2 5 168 2591 167 2612 2613 177
1250 9 2 2 5 167 2591 2585 2613 2614 2609
1251 9 2 2 5 169 2592 168 2615 2616 178
1252 9 2 2 5 168 2592 2591 2616 2617 2612
1253 9 2 2 5 170 2586 169 2618 2619 179
1254 9 2 2 5 2586 2592 169 2620 2615 2619
1255 9 2 2 5 171 2589 170 2621 2622 180
1256 9 2 2 5 170 2589 2586 2622 2623 2618
1257 9 2 2 5 172 2587 171 2624 2625 181
1258 9 2 2 5 2587 2589 171 2626 2621 2625
1259 9 2 2 5 173 2590 172 2627 2628 182
1260 9 2 2 5 172 2590 2587 2628 2629 2624
1261 9 2 2 5 174 2588 173 2630 2631 183
1262 9 2 2 5 2588 2590 173 2632 2627 2631
1263 9 2 2 5 174 2596 2588 2598 2633 2630
1264 9 2 2 5 2594 2596 185 2634 2599 2604
1265 9 2 2 5 276 2595 2593 2602 2635 2606
1266 9 2 2 5 342 2585 343 2636 2637 352
1267 9 2 2 5 342 2593 2585 2608 2638 2636
1268 9 2 2 5 343 2591 344 2639 2640 353
1269 9 2 2 5 2585 2591 343 2614 2639 2637
1270 9 2 2 5 344 2592 345 2641 2642 354
1271 9 2 2 5 2591 2592 344 2617 2641 2640
1272 9 2 2 5 345 2586 346 2643 2644 355
1273 9 2 2 5 345 2592 2586 2642 2620 2643
1274 9 2 2 5 346 2589 347 2645 2646 356
1275 9 2 2 5 2586 2589 346 2623 2645 2644
1276 9 2 2 5 347 2587 348 2647 2648 357
1277 9 2 2 5 347 2589 2587 2646 2626 2647
1278 9 2 2 5 348 2590 349 2649 2650 358
1279 9 2 2 5 2587 2590 348 2629 2649 2648
1280 9 2 2 5 349 2588 350 2651 2652 359
1281 9 2 2 5 349 2590 2588 2650 2632 2651
1282 9 2 2 5 2588 2594 350 2653 2605 2652
1283 9 2 2 5 2593 2595 2585 2635 2611 2638
1284 9 2 2 5 2588 2596 2594 2633 2634 2653
1285 9 2 5 6 5 188 2987 219 3002 3003
1286 9 2 5 6 350 5 2987 360 3003 3004
1287 9 2 5 6 218 6 2983 250 3005 3006
1288 9 2 5 6 6 265 2983 275 3007 3005
1289 9 2 5 6 257 7 2986 266 3008 3009
1290 9 2 5 6 7 309 2986 341 3010 3008
1291 9 2 5 6 279 8 2984 310 3011 3012
1292 9 2 5 6 8 342 2984 351 3013 3011
1293 9 2 5 6 188 189 2687 220 3014 3015
1294 9 2 5 6 188 2687 2987 3015 3016 3002
1295 9 2 5 6 189 190 2972 221 3017 3018
1296 9 2 5 6 2687 189 2972 3014 3018 3019
1297 9 2 5 6 190 191 2669 222 3020 3021
1298 9 2 5 6 190 2669 2972 3021 3022 3017
1299 9 2 5 6 191 192 2943 223 3023 3024
1300 9 2 5 6 2669 191 2943 3020 3024 3025
1301 9 2 5 6 192 193 2956 224 3026 3027
1302 9 2 5 6 2943 192 2956 3023 3027 3028
1303 9 2 5 6 193 194 2657 225 3029 3030
1304 9 2 5 6 193 2657 2956 3030 3031 3026
1305 9 2 5 6 194 195 2822 226 3032 3033
1306 9 2 5 6 2657 194 2822 3029 3033 3034
1307 9 2 5 6 195 196 2973 227 3035 3036
1308 9 2 5 6 2822 195 2973 3032 3036 3037
1309 9 2 5 6 196 197 2655 228 3038 3039
1310 9 2 5 6 196 2655 2973 3039 3040 3035
1311 9 2 5 6 197 198 2978 229 3041 3042
1312 9 2 5 6 2655 197 2978 3038 3042 3043
1313 9 2 5 6 198 199 3000 230 3044 3045
1314 9 2 5 6 198 2831 2978 3046 3047 3041
1315 9 2 5 6 2831 198 3000 3046 3045 3048
1316 9 2 5 6 199 200 2656 231 3049 3050
1317 9 2 5 6 199 2656 3000 3050 3051 3044
1318 9 2 5 6 200 201 2965 232 3052 3053
1319 9 2 5 6 2656 200 2965 3049 3053 3054
1320 9 2 5 6 201 202 2676 233 3055 3056
1321 9 2 5 6 201 2676 2965 3056 3057 3052
1322 9 2 5 6 202 203 2969 234 3058 3059
1323 9 2 5 6 2676 202 2969 3055 3059 3060
1324 9 2 5 6 203 204 2654 235 3061 3062
1325 9 2 5 6 203 2654 2969 3062 3063 3058
1326 9 2 5 6 204 205 2919 236 3064 3065
1327 9 2 5 6 2654 204 2919 3061 3065 3066
1328 9 2 5 6 205 206 2680 237 3067 3068
1329 9 2 5 6 205 2680 2919 3068 3069 3064
1330 9 2 5 6 206 207 2911 238 3070 3071
1331 9 2 5 6 2680 206 2911 3067 3071 3072
1332 9 2 5 6 207 208 2660 239 3073 3074
1333 9 2 5 6 207 2660 2911 3074 3075 3070
1334 9 2 5 6 208 209 2827 240 3076 3077
1335 9 2 5 6 2660 208 2827 3073 3077 3078
1336 9 2 5 6 209 210 2966 241 3079 3080
1337 9 2 5 6 2827 209 2966 3076 3080 3081
1338 9 2 5 6 210 211 2658 242 3082 3083
1339 9 2 5 6 210 2658 2966 3083 3084 3079
1340 9 2 5 6 211 212 2926 243 3085 3086
1341 9 2 5 6 2658 211 2926 3082 3086 3087
1342 9 2 5 6 212 213 2917 244 3088 3089
1343 9 2 5 6 212 2917 2926 3089 3090 3085
1344 9 2 5 6 213 214 2666 245 3091 3092
1345 9 2 5 6 213 2666 2917 3092 3093 3088
1346 9 2 5 6 214 215 2979 246 3094 3095
1347 9 2 5 6 2666 214 2979 3091 3095 3096
1348 9 2 5 6 215 216 2672 247 3097 3098
1349 9 2 5 6 215 2672 2979 3098 3099 3094
1350 9 2 5 6 216 217 2975 248 3100 3101
1351 9 2 5 6 2672 216 2975 3097 3101 3102
1352 9 2 5 6 217 218 2840 249 3103 3104
1353 9 2 5 6 217 2840 2975 3104 3105 3100
1354 9 2 5 6 2840 218 2983 3103 3006 3106
1355 9 2 5 6 258 257 2940 267 3107 3108
1356 9 2 5 6 2940 257 2986 3107 3009 3109
1357 9 2 5 6 259 258 2682 268 3110 3111
1358 9 2 5 6 2682 258 2940 3110 3108 3112
1359 9 2 5 6 260 259 2847 269 3113 3114
1360 9 2 5 6 259 2682 2847 3111 3115 3113
1361 9 2 5 6 261 260 2668 270 3116 3117
1362 9 2 5 6 2668 260 2847 3116 3114 3118
1363 9 2 5 6 262 261 2880 271 3119 3120
1364 9 2 5 6 261 2668 2880 3117 3121 3119
1365 9 2 5 6 263 262 2670 272 3122 3123
1366 9 2 5 6 2670 262 2880 3122 3120 3124
1367 9 2 5 6 264 263 2688 273 3125 3126
1368 9 2 5 6 263 2670 2688 3123 3127 3125
1369 9 2 5 6 265 264 2685 274 3128 3129
1370 9 2 5 6 2685 264 2688 3128 3126 3130
1371 9 2 5 6 265 2685 2983 3129 3131 3007
1372 9 2 5 6 280 279 2844 311 3132 3133
1373 9 2 5 6 2844 279 2984 3132 3012 3134
1374 9 2 5 6 281 280 2976 312 3135 3136
1375 9 2 5 6 280 2844 2976 3133 3137 3135
1376 9 2 5 6 282 281 2681 313 3138 3139
1377 9 2 5 6 2681 281 2976 3138 3136 3140
1378 9 2 5 6 283 282 2920 314 3141 3142
1379 9 2 5 6 282 2681 2920 3139 3143 3141
1380 9 2 5 6 284 283 2664 315 3144 3145
1381 9 2 5 6 2664 283 2920 3144 3142 3146
1382 9 2 5 6 285 284 2951 316 3147 3148
1383 9 2 5 6 284 2664 2951 3145 3149 3147
1384 9 2 5 6 286 285 2677 317 3150 3151
1385 9 2 5 6 2677 285 2951 3150 3148 3152
1386 9 2 5 6 287 286 2985 318 3153 3154
1387 9 2 5 6 286 2677 2985 3151 3155 3153
1388 9 2 5 6 288 287 2918 319 3156 3157
1389 9 2 5 6 2918 287 2985 3156 3154 3158
1390 9 2 5 6 289 288 2663 320 3159 3160
1391 9 2 5 6 2663 288 2918 3159 3157 3161
1392 9 2 5 6 290 289 2912 321 3162 3163
1393 9 2 5 6 289 2663 2912 3160 3164 3162
1394 9 2 5 6 291 290 2678 322 3165 3166
1395 9 2 5 6 2678 290 2912 3165 3163 3167
1396 9 2 5 6 292 291 2954 323 3168 3169
1397 9 2 5 6 291 2678 2954 3166 3170 3168
1398 9 2 5 6 293 292 2661 324 3171 3172
1399 9 2 5 6 2661 292 2954 3171 3169 3173
1400 9 2 5 6 294 293 2980 325 3174 3175
1401 9 2 5 6 293 2661 2980 3172 3176 3174
1402 9 2 5 6 295 294 2673 326 3177 3178
1403 9 2 5 6 2673 294 2980 3177 3175 3179
1404 9 2 5 6 296 295 2953 327 3180 3181
1405 9 2 5 6 295 2673 2953 3178 3182 3180
1406 9 2 5 6 297 296 2662 328 3183 3184
1407 9 2 5 6 2662 296 2953 3183 3181 3185
1408 9 2 5 6 298 297 2916 329 3186 3187
1409 9 2 5 6 297 2662 2916 3184 3188 3186
1410 9 2 5 6 299 298 2675 330 3189 3190
1411 9 2 5 6 2675 298 2916 3189 3187 3191
1412 9 2 5 6 300 299 2914 331 3192 3193
1413 9 2 5 6 299 2675 2914 3190 3194 3192
1414 9 2 5 6 301 300 2665 332 3195 3196
1415 9 2 5 6 2665 300 2914 3195 3193 3197
1416 9 2 5 6 302 301 2921 333 3198 3199
1417 9 2 5 6 301 2665 2921 3196 3200 3198
1418 9 2 5 6 303 302 2679 334 3201 3202
1419 9 2 5 6 2679 302 2921 3201 3199 3203
1420 9 2 5 6 304 303 2915 335 3204 3205
1421 9 2 5 6 303 2679 2915 3202 3206 3204
1422 9 2 5 6 305 304 2659 336 3207 3208
1423 9 2 5 6 2659 304 2915 3207 3205 3209
1424 9 2 5 6 306 305 2962 337 3210 3211
1425 9 2 5 6 305 2659 2962 3208 3212 3210
1426 9 2 5 6 307 306 2674 338 3213 3214
1427 9 2 5 6 2674 306 2962 3213 3211 3215
1428 9 2 5 6 308 307 2974 339 3216 3217
1429 9 2 5 6 307 2674 2974 3214 3218 3216
1430 9 2 5 6 309 308 2686 340 3219 3220
1431 9 2 5 6 2686 308 2974 3219 3217 3221
1432 9 2 5 6 309 2686 2986 3220 3222 3010
1433 9 2 5 6 342 343 2684 352 3223 3224
1434 9 2 5 6 342 2684 2984 3224 3225 3013
1435 9 2 5 6 343 344 2842 353 3226 3227
1436 9 2 5 6 2684 343 2842 3223 3227 3228
1437 9 2 5 6 344 345 2671 354 3229 3230
1438 9 2 5 6 344 2671 2842 3230 3231 3226
1439 9 2 5 6 345 346 2971 355 3232 3233
1440 9 2 5 6 2671 345 2971 3229 3233 3234
1441 9 2 5 6 346 347 2667 356 3235 3236
1442 9 2 5 6 346 2667 2971 3236 3237 3232
1443 9 2 5 6 347 348 2849 357 3238 3239
1444 9 2 5 6 2667 347 2849 3235 3239 3240
1445 9 2 5 6 348 349 2683 358 3241 3242
1446 9 2 5 6 348 2683 2849 3242 3243 3238
1447 9 2 5 6 349 350 2941 359 3244 3245
1448 9 2 5 6 2683 349 2941 3241 3245 3246
1449 9 2 5 6 2941 350 2987 3244 3004 3247
1450 9 2 5 6 2654 2871 2873 3248 3249 3250
1451 9 2 5 6 2871 2654 2959 3248 3251 3252
1452 9 2 5 6 2654 2873 2969 3250 3253 3063
1453 9 2 5 6 2654 2919 2959 3066 3254 3251
1454 9 2 5 6 2815 2655 2816 3255 3256 3257
1455 9 2 5 6 2655 2815 2973 3255 3258 3040
1456 9 2 5 6 2816 2655 2817 3256 3259 3260
1457 9 2 5 6 2817 2655 2978 3259 3043 3261
1458 9 2 5 6 2950 2656 2997 3262 3263 3264
1459 9 2 5 6 2656 2950 3000 3262 3265 3051
1460 9 2 5 6 2656 2965 2997 3054 3266 3263
1461 9 2 5 6 2657 2802 2956 3267 3268 3031
1462 9 2 5 6 2802 2657 2961 3267 3269 3270
1463 9 2 5 6 2657 2822 2961 3034 3271 3269
1464 9 2 5 6 2811 2658 2886 3272 3273 3274
1465 9 2 5 6 2658 2811 2966 3272 3275 3084
1466 9 2 5 6 2886 2658 2955 3273 3276 3277
1467 9 2 5 6 2658 2926 2955 3087 3278 3276
1468 9 2 5 6 2659 2812 2818 3279 3280 3281
1469 9 2 5 6 2812 2659 2948 3279 3282 3283
1470 9 2 5 6 2659 2818 2962 3281 3284 3212
1471 9 2 5 6 2659 2915 2948 3209 3285 3282
1472 9 2 5 6 2660 2827 2964 3078 3286 3287
1473 9 2 5 6 2911 2660 2999 3075 3288 3289
1474 9 2 5 6 2660 2964 2999 3287 3290 3288
1475 9 2 5 6 2661 2823 2824 3291 3292 3293
1476 9 2 5 6 2823 2661 2954 3291 3173 3294
1477 9 2 5 6 2661 2824 2825 3293 3295 3296
1478 9 2 5 6 2661 2825 2980 3296 3297 3176
1479 9 2 5 6 2916 2662 2946 3188 3298 3299
1480 9 2 5 6 2946 2662 2989 3298 3300 3301
1481 9 2 5 6 2662 2953 2989 3185 3302 3300
1482 9 2 5 6 2912 2663 2913 3164 3303 3304
1483 9 2 5 6 2913 2663 2963 3303 3305 3306
1484 9 2 5 6 2663 2918 2963 3161 3307 3305
1485 9 2 5 6 2664 2920 2944 3146 3308 3309
1486 9 2 5 6 2664 2944 2988 3309 3310 3311
1487 9 2 5 6 2951 2664 2988 3149 3311 3312
1488 9 2 5 6 2665 2914 2960 3197 3313 3314
1489 9 2 5 6 2921 2665 2992 3200 3315 3316
1490 9 2 5 6 2665 2960 2992 3314 3317 3315
1491 9 2 5 6 2666 2837 2839 3318 3319 3320
1492 9 2 5 6 2837 2666 2979 3318 3096 3321
1493 9 2 5 6 2666 2839 2958 3320 3322 3323
1494 9 2 5 6 2917 2666 2958 3093 3323 3324
1495 9 2 5 6 2667 2814 2971 3325 3326 3237
1496 9 2 5 6 2814 2667 2996 3325 3327 3328
1497 9 2 5 6 2667 2849 2856 3240 3329 3330
1498 9 2 5 6 2667 2856 2996 3330 3331 3327
1499 9 2 5 6 2833 2668 2848 3332 3333 3334
1500 9 2 5 6 2668 2833 2880 3332 3335 3121
1501 9 2 5 6 2668 2847 2848 3118 3336 3333
1502 9 2 5 6 2805 2669 2943 3337 3025 3338
1503 9 2 5 6 2669 2805 2967 3337 3339 3340
1504 9 2 5 6 2855 2669 2967 3341 3340 3342
1505 9 2 5 6 2669 2855 2972 3341 3343 3022
1506 9 2 5 6 2688 2670 2689 3127 3344 3345
1507 9 2 5 6 2689 2670 2690 3344 3346 3347
1508 9 2 5 6 2690 2670 2880 3346 3124 3348
1509 9 2 5 6 2842 2671 2846 3231 3349 3350
1510 9 2 5 6 2846 2671 2982 3349 3351 3352
1511 9 2 5 6 2671 2971 2982 3234 3353 3351
1512 9 2 5 6 2672 2835 2836 3354 3355 3356
1513 9 2 5 6 2835 2672 2975 3354 3102 3357
1514 9 2 5 6 2672 2836 2837 3356 3358 3359
1515 9 2 5 6 2672 2837 2979 3359 3321 3099
1516 9 2 5 6 2673 2825 2945 3360 3361 3362
1517 9 2 5 6 2825 2673 2980 3360 3179 3297
1518 9 2 5 6 2897 2673 2945 3363 3362 3364
1519 9 2 5 6 2673 2897 2953 3363 3365 3182
1520 9 2 5 6 2674 2818 2819 3366 3367 3368
1521 9 2 5 6 2818 2674 2962 3366 3215 3284
1522 9 2 5 6 2674 2819 2820 3368 3369 3370
1523 9 2 5 6 2674 2820 2974 3370 3371 3218
1524 9 2 5 6 2914 2675 2957 3194 3372 3373
1525 9 2 5 6 2675 2916 2995 3191 3374 3375
1526 9 2 5 6 2957 2675 2995 3372 3375 3376
1527 9 2 5 6 2676 2873 2874 3377 3378 3379
1528 9 2 5 6 2873 2676 2969 3377 3060 3253
1529 9 2 5 6 2676 2874 2877 3379 3380 3381
1530 9 2 5 6 2676 2877 2965 3381 3382 3057
1531 9 2 5 6 2810 2677 2909 3383 3384 3385
1532 9 2 5 6 2677 2810 2910 3383 3386 3387
1533 9 2 5 6 2909 2677 2951 3384 3152 3388
1534 9 2 5 6 2677 2910 2985 3387 3389 3155
1535 9 2 5 6 2678 2912 2939 3167 3390 3391
1536 9 2 5 6 2678 2939 2990 3391 3392 3393
1537 9 2 5 6 2954 2678 2990 3170 3393 3394
1538 9 2 5 6 2915 2679 2998 3206 3395 3396
1539 9 2 5 6 2679 2921 2947 3203 3397 3398
1540 9 2 5 6 2679 2947 2998 3398 3399 3395
1541 9 2 5 6 2680 2867 2919 3400 3401 3069
1542 9 2 5 6 2867 2680 2949 3400 3402 3403
1543 9 2 5 6 2680 2911 2949 3072 3404 3402
1544 9 2 5 6 2845 2681 2976 3405 3140 3406
1545 9 2 5 6 2681 2845 2977 3405 3407 3408
1546 9 2 5 6 2920 2681 2977 3143 3408 3409
1547 9 2 5 6 2682 2832 2937 3410 3411 3412
1548 9 2 5 6 2832 2682 2940 3410 3112 3413
1549 9 2 5 6 2847 2682 2937 3115 3412 3414
1550 9 2 5 6 2849 2683 2850 3243 3415 3416
1551 9 2 5 6 2850 2683 2851 3415 3417 3418
1552 9 2 5 6 2851 2683 2941 3417 3246 3419
1553 9 2 5 6 2684 2842 2843 3228 3420 3421
1554 9 2 5 6 2684 2843 2844 3421 3422 3423
1555 9 2 5 6 2684 2844 2984 3423 3134 3225
1556 9 2 5 6 2685 2688 2834 3130 3424 3425
1557 9 2 5 6 2685 2834 2840 3425 3426 3427
1558 9 2 5 6 2685 2840 2983 3427 3106 3131
1559 9 2 5 6 2686 2820 2832 3428 3429 3430
1560 9 2 5 6 2820 2686 2974 3428 3221 3371
1561 9 2 5 6 2686 2832 2940 3430 3413 3431
1562 9 2 5 6 2686 2940 2986 3431 3109 3222
1563 9 2 5 6 2851 2687 2855 3432 3433 3434
1564 9 2 5 6 2687 2851 2941 3432 3419 3435
1565 9 2 5 6 2855 2687 2972 3433 3019 3343
1566 9 2 5 6 2687 2941 2987 3435 3247 3016
1567 9 2 5 6 2688 2689 2834 3345 3436 3424
1568 9 2 5 6 2689 2690 2691 3347 3437 3438
1569 9 2 5 6 2689 2691 2781 3438 3439 3440
1570 9 2 5 6 2689 2781 2834 3440 3441 3436
1571 9 2 5 6 2691 2690 2692 3437 3442 3443
1572 9 2 5 6 2692 2690 2833 3442 3444 3445
1573 9 2 5 6 2833 2690 2880 3444 3348 3335
1574 9 2 5 6 2691 2692 2693 3443 3446 3447
1575 9 2 5 6 2691 2693 2857 3447 3448 3449
1576 9 2 5 6 2781 2691 2857 3439 3449 3450
1577 9 2 5 6 2693 2692 2694 3446 3451 3452
1578 9 2 5 6 2694 2692 2925 3451 3453 3454
1579 9 2 5 6 2692 2833 2925 3445 3455 3453
1580 9 2 5 6 2693 2694 2695 3452 3456 3457
1581 9 2 5 6 2693 2695 2759 3457 3458 3459
1582 9 2 5 6 2693 2759 2857 3459 3460 3448
1583 9 2 5 6 2695 2694 2696 3456 3461 3462
1584 9 2 5 6 2696 2694 2753 3461 3463 3464
1585 9 2 5 6 2753 2694 2925 3463 3454 3465
1586 9 2 5 6 2695 2696 2697 3462 3466 3467
1587 9 2 5 6 2695 2697 2882 3467 3468 3469
1588 9 2 5 6 2759 2695 2882 3458 3469 3470
1589 9 2 5 6 2697 2696 2698 3466 3471 3472
1590 9 2 5 6 2698 2696 2928 3471 3473 3474
1591 9 2 5 6 2696 2753 2928 3464 3475 3473
1592 9 2 5 6 2697 2698 2699 3472 3476 3477
1593 9 2 5 6 2697 2699 2700 3477 3478 3479
1594 9 2 5 6 2697 2700 2882 3479 3480 3468
1595 9 2 5 6 2699 2698 2755 3476 3481 3482
1596 9 2 5 6 2755 2698 2769 3481 3483 3484
1597 9 2 5 6 2769 2698 2928 3483 3474 3485
1598 9 2 5 6 2700 2699 2701 3478 3486 3487
1599 9 2 5 6 2701 2699 2859 3486 3488 3489
1600 9 2 5 6 2699 2755 2859 3482 3490 3488
1601 9 2 5 6 2700 2701 2702 3487 3491 3492
1602 9 2 5 6 2700 2702 2776 3492 3493 3494
1603 9 2 5 6 2700 2776 2882 3494 3495 3480
1604 9 2 5 6 2702 2701 2703 3491 3496 3497
1605 9 2 5 6 2703 2701 2704 3496 3498 3499
1606 9 2 5 6 2704 2701 2859 3498 3489 3500
1607 9 2 5 6 2702 2703 2885 3497 3501 3502
1608 9 2 5 6 2776 2702 2777 3493 3503 3504
1609 9 2 5 6 2777 2702 2885 3503 3502 3505
1610 9 2 5 6 2703 2704 2705 3499 3506 3507
1611 9 2 5 6 2703 2705 2706 3507 3508 3509
1612 9 2 5 6 2703 2706 2885 3509 3510 3501
1613 9 2 5 6 2705 2704 2907 3506 3511 3512
1614 9 2 5 6 2704 2859 2929 3500 3513 3514
1615 9 2 5 6 2907 2704 2929 3511 3514 3515
1616 9 2 5 6 2706 2705 2707 3508 3516 3517
1617 9 2 5 6 2707 2705 2708 3516 3518 3519
1618 9 2 5 6 2708 2705 2907 3518 3512 3520
1619 9 2 5 6 2706 2707 2752 3517 3521 3522
1620 9 2 5 6 2706 2752 2770 3522 3523 3524
1621 9 2 5 6 2706 2770 2885 3524 3525 3510
1622 9 2 5 6 2707 2708 2709 3519 3526 3527
1623 9 2 5 6 2707 2709 2888 3527 3528 3529
1624 9 2 5 6 2752 2707 2888 3521 3529 3530
1625 9 2 5 6 2709 2708 2710 3526 3531 3532
1626 9 2 5 6 2710 2708 2758 3531 3533 3534
1627 9 2 5 6 2758 2708 2907 3533 3520 3535
1628 9 2 5 6 2709 2710 2711 3532 3536 3537
1629 9 2 5 6 2709 2711 2712 3537 3538 3539
1630 9 2 5 6 2709 2712 2888 3539 3540 3528
1631 9 2 5 6 2711 2710 2889 3536 3541 3542
1632 9 2 5 6 2710 2758 2767 3534 3543 3544
1633 9 2 5 6 2710 2767 2889 3544 3545 3541
1634 9 2 5 6 2712 2711 2713 3538 3546 3547
1635 9 2 5 6 2713 2711 2714 3546 3548 3549
1636 9 2 5 6 2714 2711 2889 3548 3542 3550
1637 9 2 5 6 2712 2713 2906 3547 3551 3552
1638 9 2 5 6 2712 2861 2888 3553 3554 3540
1639 9 2 5 6 2861 2712 2906 3553 3552 3555
1640 9 2 5 6 2713 2714 2715 3549 3556 3557
1641 9 2 5 6 2713 2715 2716 3557 3558 3559
1642 9 2 5 6 2713 2716 2906 3559 3560 3551
1643 9 2 5 6 2715 2714 2893 3556 3561 3562
1644 9 2 5 6 2714 2889 2890 3550 3563 3564
1645 9 2 5 6 2714 2890 2893 3564 3565 3561
1646 9 2 5 6 2716 2715 2717 3558 3566 3567
1647 9 2 5 6 2717 2715 2718 3566 3568 3569
1648 9 2 5 6 2718 2715 2893 3568 3562 3570
1649 9 2 5 6 2716 2717 2908 3567 3571 3572
1650 9 2 5 6 2716 2865 2906 3573 3574 3560
1651 9 2 5 6 2865 2716 2908 3573 3572 3575
1652 9 2 5 6 2717 2718 2719 3569 3576 3577
1653 9 2 5 6 2717 2719 2720 3577 3578 3579
1654 9 2 5 6 2717 2720 2908 3579 3580 3571
1655 9 2 5 6 2719 2718 2898 3576 3581 3582
1656 9 2 5 6 2718 2893 2894 3570 3583 3584
1657 9 2 5 6 2718 2894 2898 3584 3585 3581
1658 9 2 5 6 2720 2719 2721 3578 3586 3587
1659 9 2 5 6 2721 2719 2722 3586 3588 3589
1660 9 2 5 6 2722 2719 2898 3588 3582 3590
1661 9 2 5 6 2720 2721 2923 3587 3591 3592
1662 9 2 5 6 2720 2869 2908 3593 3594 3580
1663 9 2 5 6 2869 2720 2923 3593 3592 3595
1664 9 2 5 6 2721 2722 2723 3589 3596 3597
1665 9 2 5 6 2721 2723 2724 3597 3598 3599
1666 9 2 5 6 2721 2724 2923 3599 3600 3591
1667 9 2 5 6 2723 2722 2952 3596 3601 3602
1668 9 2 5 6 2722 2898 2899 3590 3603 3604
1669 9 2 5 6 2722 2899 2952 3604 3605 3601
1670 9 2 5 6 2724 2723 2725 3598 3606 3607
1671 9 2 5 6 2725 2723 2726 3606 3608 3609
1672 9 2 5 6 2726 2723 2952 3608 3602 3610
1673 9 2 5 6 2724 2725 2927 3607 3611 3612
1674 9 2 5 6 2923 2724 2924 3600 3613 3614
1675 9 2 5 6 2924 2724 2927 3613 3612 3615
1676 9 2 5 6 2725 2726 2727 3609 3616 3617
1677 9 2 5 6 2725 2727 2728 3617 3618 3619
1678 9 2 5 6 2725 2728 2927 3619 3620 3611
1679 9 2 5 6 2727 2726 2905 3616 3621 3622
1680 9 2 5 6 2726 2828 2905 3623 3624 3621
1681 9 2 5 6 2828 2726 2952 3623 3610 3625
1682 9 2 5 6 2728 2727 2729 3618 3626 3627
1683 9 2 5 6 2729 2727 2730 3626 3628 3629
1684 9 2 5 6 2730 2727 2905 3628 3622 3630
1685 9 2 5 6 2728 2729 2901 3627 3631 3632
1686 9 2 5 6 2884 2728 2901 3633 3632 3634
1687 9 2 5 6 2728 2884 2927 3633 3635 3620
1688 9 2 5 6 2729 2730 2731 3629 3636 3637
1689 9 2 5 6 2729 2731 2732 3637 3638 3639
1690 9 2 5 6 2729 2732 2901 3639 3640 3631
1691 9 2 5 6 2731 2730 2754 3636 3641 3642
1692 9 2 5 6 2754 2730 2766 3641 3643 3644
1693 9 2 5 6 2766 2730 2905 3643 3630 3645
1694 9 2 5 6 2732 2731 2733 3638 3646 3647
1695 9 2 5 6 2733 2731 2902 3646 3648 3649
1696 9 2 5 6 2731 2754 2902 3642 3650 3648
1697 9 2 5 6 2732 2733 2734 3647 3651 3652
1698 9 2 5 6 2732 2734 2761 3652 3653 3654
1699 9 2 5 6 2732 2761 2901 3654 3655 3640
1700 9 2 5 6 2734 2733 2735 3651 3656 3657
1701 9 2 5 6 2735 2733 2736 3656 3658 3659
1702 9 2 5 6 2736 2733 2902 3658 3649 3660
1703 9 2 5 6 2734 2735 2760 3657 3661 3662
1704 9 2 5 6 2734 2760 2936 3662 3663 3664
1705 9 2 5 6 2761 2734 2936 3653 3664 3665
1706 9 2 5 6 2735 2736 2737 3659 3666 3667
1707 9 2 5 6 2735 2737 2904 3667 3668 3669
1708 9 2 5 6 2760 2735 2904 3661 3669 3670
1709 9 2 5 6 2737 2736 2738 3666 3671 3672
1710 9 2 5 6 2738 2736 2778 3671 3673 3674
1711 9 2 5 6 2778 2736 2902 3673 3660 3675
1712 9 2 5 6 2737 2738 2739 3672 3676 3677
1713 9 2 5 6 2737 2739 2740 3677 3678 3679
1714 9 2 5 6 2737 2740 2904 3679 3680 3668
1715 9 2 5 6 2739 2738 2922 3676 3681 3682
1716 9 2 5 6 2738 2778 2779 3674 3683 3684
1717 9 2 5 6 2738 2779 2922 3684 3685 3681
1718 9 2 5 6 2740 2739 2741 3678 3686 3687
1719 9 2 5 6 2741 2739 2742 3686 3688 3689
1720 9 2 5 6 2742 2739 2922 3688 3682 3690
1721 9 2 5 6 2740 2741 2883 3687 3691 3692
1722 9 2 5 6 2841 2740 2883 3693 3692 3694
1723 9 2 5 6 2740 2841 2904 3693 3695 3680
1724 9 2 5 6 2741 2742 2743 3689 3696 3697
1725 9 2 5 6 2741 2743 2744 3697 3698 3699
1726 9 2 5 6 2741 2744 2883 3699 3700 3691
1727 9 2 5 6 2743 2742 2756 3696 3701 3702
1728 9 2 5 6 2756 2742 2768 3701 3703 3704
1729 9 2 5 6 2768 2742 2922 3703 3690 3705
1730 9 2 5 6 2744 2743 2745 3698 3706 3707
1731 9 2 5 6 2745 2743 2931 3706 3708 3709
1732 9 2 5 6 2743 2756 2931 3702 3710 3708
1733 9 2 5 6 2744 2745 2746 3707 3711 3712
1734 9 2 5 6 2744 2746 2757 3712 3713 3714
1735 9 2 5 6 2744 2757 2883 3714 3715 3700
1736 9 2 5 6 2746 2745 2747 3711 3716 3717
1737 9 2 5 6 2747 2745 2748 3716 3718 3719
1738 9 2 5 6 2748 2745 2931 3718 3709 3720
1739 9 2 5 6 2746 2747 2932 3717 3721 3722
1740 9 2 5 6 2757 2746 2765 3713 3723 3724
1741 9 2 5 6 2765 2746 2932 3723 3722 3725
1742 9 2 5 6 2747 2748 2749 3719 3726 3727
1743 9 2 5 6 2747 2749 2751 3727 3728 3729
1744 9 2 5 6 2747 2751 2932 3729 3730 3721
1745 9 2 5 6 2749 2748 2750 3726 3731 3732
1746 9 2 5 6 2750 2748 2935 3731 3733 3734
1747 9 2 5 6 2748 2931 2935 3720 3735 3733
1748 9 2 5 6 2749 2750 2762 3732 3736 3737
1749 9 2 5 6 2751 2749 2934 3728 3738 3739
1750 9 2 5 6 2749 2762 2934 3737 3740 3738
1751 9 2 5 6 2762 2750 2763 3736 3741 3742
1752 9 2 5 6 2763 2750 2764 3741 3743 3744
1753 9 2 5 6 2764 2750 2935 3743 3734 3745
1754 9 2 5 6 2932 2751 2968 3730 3746 3747
1755 9 2 5 6 2751 2934 2991 3739 3748 3749
1756 9 2 5 6 2968 2751 2991 3746 3749 3750
1757 9 2 5 6 2770 2752 2771 3523 3751 3752
1758 9 2 5 6 2771 2752 2775 3751 3753 3754
1759 9 2 5 6 2775 2752 2888 3753 3530 3755
1760 9 2 5 6 2753 2860 2928 3756 3757 3475
1761 9 2 5 6 2860 2753 2942 3756 3758 3759
1762 9 2 5 6 2753 2925 2942 3465 3760 3758
1763 9 2 5 6 2754 2766 2780 3644 3761 3762
1764 9 2 5 6 2754 2780 2903 3762 3763 3764
1765 9 2 5 6 2902 2754 2903 3650 3764 3765
1766 9 2 5 6 2755 2769 2773 3484 3766 3767
1767 9 2 5 6 2755 2773 2774 3767 3768 3769
1768 9 2 5 6 2755 2774 2859 3769 3770 3490
1769 9 2 5 6 2756 2768 2772 3704 3771 3772
1770 9 2 5 6 2756 2772 2792 3772 3773 3774
1771 9 2 5 6 2756 2792 2931 3774 3775 3710
1772 9 2 5 6 2757 2765 2783 3724 3776 3777
1773 9 2 5 6 2757 2783 2784 3777 3778 3779
1774 9 2 5 6 2757 2784 2883 3779 3780 3715
1775 9 2 5 6 2767 2758 2791 3543 3781 3782
1776 9 2 5 6 2791 2758 2793 3781 3783 3784
1777 9 2 5 6 2793 2758 2907 3783 3535 3785
1778 9 2 5 6 2759 2838 2857 3786 3787 3460
1779 9 2 5 6 2838 2759 2930 3786 3788 3789
1780 9 2 5 6 2759 2882 2930 3470 3790 3788
1781 9 2 5 6 2829 2760 2887 3791 3792 3793
1782 9 2 5 6 2760 2829 2936 3791 3794 3663
1783 9 2 5 6 2887 2760 2904 3792 3670 3795
1784 9 2 5 6 2761 2879 2901 3796 3797 3655
1785 9 2 5 6 2879 2761 2938 3796 3798 3799
1786 9 2 5 6 2761 2936 2938 3665 3800 3798
1787 9 2 5 6 2762 2763 2795 3742 3801 3802
1788 9 2 5 6 2762 2795 2796 3802 3803 3804
1789 9 2 5 6 2762 2796 2934 3804 3805 3740
1790 9 2 5 6 2763 2764 2782 3744 3806 3807
1791 9 2 5 6 2763 2782 2970 3807 3808 3809
1792 9 2 5 6 2795 2763 2970 3801 3809 3810
1793 9 2 5 6 2782 2764 2799 3806 3811 3812
1794 9 2 5 6 2799 2764 2900 3811 3813 3814
1795 9 2 5 6 2900 2764 2935 3813 3745 3815
1796 9 2 5 6 2783 2765 2802 3776 3816 3817
1797 9 2 5 6 2802 2765 2803 3816 3818 3819
1798 9 2 5 6 2803 2765 2932 3818 3725 3820
1799 9 2 5 6 2780 2766 2806 3761 3821 3822
1800 9 2 5 6 2806 2766 2807 3821 3823 3824
1801 9 2 5 6 2807 2766 2905 3823 3645 3825
1802 9 2 5 6 2767 2791 2797 3782 3826 3827
1803 9 2 5 6 2767 2797 2798 3827 3828 3829
1804 9 2 5 6 2767 2798 2889 3829 3830 3545
1805 9 2 5 6 2772 2768 2810 3771 3831 3832
1806 9 2 5 6 2810 2768 2933 3831 3833 3834
1807 9 2 5 6 2768 2922 2933 3705 3835 3833
1808 9 2 5 6 2773 2769 2812 3766 3836 3837
1809 9 2 5 6 2812 2769 2813 3836 3838 3839
1810 9 2 5 6 2813 2769 2928 3838 3485 3840
1811 9 2 5 6 2770 2771 2886 3752 3841 3842
1812 9 2 5 6 2770 2858 2885 3843 3844 3525
1813 9 2 5 6 2858 2770 2886 3843 3842 3845
1814 9 2 5 6 2771 2775 2800 3754 3846 3847
1815 9 2 5 6 2771 2800 2811 3847 3848 3849
1816 9 2 5 6 2771 2811 2886 3849 3274 3841
1817 9 2 5 6 2792 2772 2808 3773 3850 3851
1818 9 2 5 6 2808 2772 2909 3850 3852 3853
1819 9 2 5 6 2772 2810 2909 3832 3385 3852
1820 9 2 5 6 2774 2773 2809 3768 3854 3855
1821 9 2 5 6 2809 2773 2948 3854 3856 3857
1822 9 2 5 6 2773 2812 2948 3837 3283 3856
1823 9 2 5 6 2774 2809 2881 3855 3858 3859
1824 9 2 5 6 2859 2774 2929 3770 3860 3513
1825 9 2 5 6 2774 2881 2929 3859 3861 3860
1826 9 2 5 6 2800 2775 2801 3846 3862 3863
1827 9 2 5 6 2801 2775 2861 3862 3864 3865
1828 9 2 5 6 2861 2775 2888 3864 3755 3554
1829 9 2 5 6 2776 2777 2789 3504 3866 3867
1830 9 2 5 6 2776 2789 2930 3867 3868 3869
1831 9 2 5 6 2882 2776 2930 3495 3869 3790
1832 9 2 5 6 2789 2777 2790 3866 3870 3871
1833 9 2 5 6 2790 2777 2858 3870 3872 3873
1834 9 2 5 6 2858 2777 2885 3872 3505 3844
1835 9 2 5 6 2779 2778 2787 3683 3874 3875
1836 9 2 5 6 2787 2778 2903 3874 3876 3877
1837 9 2 5 6 2778 2902 2903 3675 3765 3876
1838 9 2 5 6 2779 2787 2788 3875 3878 3879
1839 9 2 5 6 2779 2788 2933 3879 3880 3881
1840 9 2 5 6 2922 2779 2933 3685 3881 3835
1841 9 2 5 6 2780 2806 2939 3822 3882 3883
1842 9 2 5 6 2903 2780 2993 3763 3884 3885
1843 9 2 5 6 2780 2939 2993 3883 3886 3884
1844 9 2 5 6 2834 2781 2835 3441 3887 3888
1845 9 2 5 6 2835 2781 2836 3887 3889 3355
1846 9 2 5 6 2836 2781 2857 3889 3450 3890
1847 9 2 5 6 2782 2799 2977 3812 3891 3892
1848 9 2 5 6 2970 2782 2981 3808 3893 3894
1849 9 2 5 6 2782 2977 2981 3892 3895 3893
1850 9 2 5 6 2784 2783 2785 3778 3896 3897
1851 9 2 5 6 2785 2783 2961 3896 3898 3899
1852 9 2 5 6 2783 2802 2961 3817 3270 3898
1853 9 2 5 6 2784 2785 2786 3897 3900 3901
1854 9 2 5 6 2784 2786 2841 3901 3902 3903
1855 9 2 5 6 2784 2841 2883 3903 3694 3780
1856 9 2 5 6 2786 2785 2815 3900 3904 3905
1857 9 2 5 6 2815 2785 2822 3904 3906 3907
1858 9 2 5 6 2822 2785 2961 3906 3899 3271
1859 9 2 5 6 2786 2815 2816 3905 3257 3908
1860 9 2 5 6 2786 2816 2887 3908 3909 3910
1861 9 2 5 6 2841 2786 2887 3902 3910 3911
1862 9 2 5 6 2788 2787 2963 3878 3912 3913
1863 9 2 5 6 2787 2903 2993 3877 3885 3914
1864 9 2 5 6 2787 2913 2963 3915 3306 3912
1865 9 2 5 6 2913 2787 2993 3915 3914 3916
1866 9 2 5 6 2933 2788 3001 3880 3917 3918
1867 9 2 5 6 2788 2963 3001 3913 3919 3917
1868 9 2 5 6 2789 2790 2958 3871 3920 3921
1869 9 2 5 6 2789 2839 2930 3922 3923 3868
1870 9 2 5 6 2839 2789 2958 3922 3921 3322
1871 9 2 5 6 2790 2858 2955 3873 3924 3925
1872 9 2 5 6 2917 2790 2926 3926 3927 3090
1873 9 2 5 6 2790 2917 2958 3926 3324 3920
1874 9 2 5 6 2926 2790 2955 3927 3925 3278
1875 9 2 5 6 2791 2793 2794 3784 3928 3929
1876 9 2 5 6 2791 2794 2960 3929 3930 3931
1877 9 2 5 6 2797 2791 2960 3826 3931 3932
1878 9 2 5 6 2792 2808 2900 3851 3933 3934
1879 9 2 5 6 2792 2900 2935 3934 3815 3935
1880 9 2 5 6 2931 2792 2935 3775 3935 3735
1881 9 2 5 6 2794 2793 2881 3928 3936 3937
1882 9 2 5 6 2881 2793 2929 3936 3938 3861
1883 9 2 5 6 2793 2907 2929 3785 3515 3938
1884 9 2 5 6 2794 2881 2947 3937 3939 3940
1885 9 2 5 6 2794 2947 2992 3940 3941 3942
1886 9 2 5 6 2960 2794 2992 3930 3942 3317
1887 9 2 5 6 2796 2795 2814 3803 3943 3944
1888 9 2 5 6 2814 2795 2982 3943 3945 3946
1889 9 2 5 6 2795 2970 2982 3810 3947 3945
1890 9 2 5 6 2796 2814 2996 3944 3328 3948
1891 9 2 5 6 2934 2796 2994 3805 3949 3950
1892 9 2 5 6 2994 2796 2996 3949 3948 3951
1893 9 2 5 6 2798 2797 2957 3828 3952 3953
1894 9 2 5 6 2797 2914 2957 3954 3373 3952
1895 9 2 5 6 2914 2797 2960 3954 3932 3313
1896 9 2 5 6 2889 2798 2890 3830 3955 3563
1897 9 2 5 6 2890 2798 2891 3955 3956 3957
1898 9 2 5 6 2891 2798 2957 3956 3953 3958
1899 9 2 5 6 2799 2900 2944 3814 3959 3960
1900 9 2 5 6 2920 2799 2944 3961 3960 3308
1901 9 2 5 6 2799 2920 2977 3961 3409 3891
1902 9 2 5 6 2800 2801 2964 3863 3962 3963
1903 9 2 5 6 2811 2800 2827 3848 3964 3965
1904 9 2 5 6 2827 2800 2964 3964 3963 3286
1905 9 2 5 6 2801 2861 2862 3865 3966 3967
1906 9 2 5 6 2801 2862 2863 3967 3968 3969
1907 9 2 5 6 2801 2863 2964 3969 3970 3962
1908 9 2 5 6 2802 2803 2804 3819 3971 3972
1909 9 2 5 6 2802 2804 2956 3972 3973 3268
1910 9 2 5 6 2804 2803 2805 3971 3974 3975
1911 9 2 5 6 2805 2803 2968 3974 3976 3977
1912 9 2 5 6 2803 2932 2968 3820 3747 3976
1913 9 2 5 6 2804 2805 2943 3975 3338 3978
1914 9 2 5 6 2804 2943 2956 3978 3028 3973
1915 9 2 5 6 2805 2854 2967 3979 3980 3339
1916 9 2 5 6 2854 2805 2968 3979 3977 3981
1917 9 2 5 6 2806 2807 2823 3824 3982 3983
1918 9 2 5 6 2806 2823 2990 3983 3984 3985
1919 9 2 5 6 2939 2806 2990 3882 3985 3392
1920 9 2 5 6 2823 2807 2824 3982 3986 3292
1921 9 2 5 6 2824 2807 2828 3986 3987 3988
1922 9 2 5 6 2828 2807 2905 3987 3825 3624
1923 9 2 5 6 2900 2808 2944 3933 3989 3959
1924 9 2 5 6 2808 2909 2988 3853 3990 3991
1925 9 2 5 6 2944 2808 2988 3989 3991 3310
1926 9 2 5 6 2881 2809 2947 3858 3992 3939
1927 9 2 5 6 2947 2809 2998 3992 3993 3399
1928 9 2 5 6 2809 2948 2998 3857 3994 3993
1929 9 2 5 6 2910 2810 2933 3386 3834 3995
1930 9 2 5 6 2811 2827 2966 3965 3081 3275
1931 9 2 5 6 2812 2813 2818 3839 3996 3280
1932 9 2 5 6 2818 2813 2819 3996 3997 3367
1933 9 2 5 6 2819 2813 2860 3997 3998 3999
1934 9 2 5 6 2860 2813 2928 3998 3840 3757
1935 9 2 5 6 2971 2814 2982 3326 3946 3353
1936 9 2 5 6 2815 2822 2973 3907 3037 3258
1937 9 2 5 6 2816 2817 2829 3260 4000 4001
1938 9 2 5 6 2816 2829 2887 4001 3793 3909
1939 9 2 5 6 2829 2817 2830 4000 4002 4003
1940 9 2 5 6 2830 2817 2831 4002 4004 4005
1941 9 2 5 6 2831 2817 2978 4004 3261 3047
1942 9 2 5 6 2820 2819 2821 3369 4006 4007
1943 9 2 5 6 2821 2819 2860 4006 3999 4008
1944 9 2 5 6 2820 2821 2832 4007 4009 3429
1945 9 2 5 6 2832 2821 2937 4009 4010 3411
1946 9 2 5 6 2821 2860 2942 4008 3759 4011
1947 9 2 5 6 2937 2821 2942 4010 4011 4012
1948 9 2 5 6 2823 2954 2990 3294 3394 3984
1949 9 2 5 6 2825 2824 2826 3295 4013 4014
1950 9 2 5 6 2826 2824 2828 4013 3988 4015
1951 9 2 5 6 2825 2826 2945 4014 4016 3361
1952 9 2 5 6 2826 2828 2952 4015 3625 4017
1953 9 2 5 6 2826 2899 2945 4018 4019 4016
1954 9 2 5 6 2899 2826 2952 4018 4017 3605
1955 9 2 5 6 2829 2830 2936 4003 4020 3794
1956 9 2 5 6 2830 2831 2950 4005 4021 4022
1957 9 2 5 6 2936 2830 2938 4020 4023 3800
1958 9 2 5 6 2938 2830 2950 4023 4022 4024
1959 9 2 5 6 2950 2831 3000 4021 3048 3265
1960 9 2 5 6 2833 2848 2925 3334 4025 3455
1961 9 2 5 6 2834 2835 2840 3888 4026 3426
1962 9 2 5 6 2840 2835 2975 4026 3357 3105
1963 9 2 5 6 2837 2836 2838 3358 4027 4028
1964 9 2 5 6 2838 2836 2857 4027 3890 3787
1965 9 2 5 6 2837 2838 2839 4028 4029 3319
1966 9 2 5 6 2839 2838 2930 4029 3789 3923
1967 9 2 5 6 2841 2887 2904 3911 3795 3695
1968 9 2 5 6 2843 2842 2846 3420 3350 4030
1969 9 2 5 6 2844 2843 2845 3422 4031 4032
1970 9 2 5 6 2845 2843 2981 4031 4033 4034
1971 9 2 5 6 2843 2846 2981 4030 4035 4033
1972 9 2 5 6 2844 2845 2976 4032 3406 3137
1973 9 2 5 6 2977 2845 2981 3407 4034 3895
1974 9 2 5 6 2846 2970 2981 4036 3894 4035
1975 9 2 5 6 2970 2846 2982 4036 3352 3947
1976 9 2 5 6 2848 2847 2937 3336 3414 4037
1977 9 2 5 6 2925 2848 2942 4025 4038 3760
1978 9 2 5 6 2848 2937 2942 4037 4012 4038
1979 9 2 5 6 2849 2850 2856 3416 4039 3329
1980 9 2 5 6 2850 2851 2852 3418 4040 4041
1981 9 2 5 6 2850 2852 2853 4041 4042 4043
1982 9 2 5 6 2850 2853 2856 4043 4044 4039
1983 9 2 5 6 2852 2851 2855 4040 3434 4045
1984 9 2 5 6 2853 2852 2854 4042 4046 4047
1985 9 2 5 6 2854 2852 2967 4046 4048 3980
1986 9 2 5 6 2852 2855 2967 4045 3342 4048
1987 9 2 5 6 2853 2854 2991 4047 4049 4050
1988 9 2 5 6 2856 2853 2994 4044 4051 4052
1989 9 2 5 6 2853 2991 2994 4050 4053 4051
1990 9 2 5 6 2854 2968 2991 3981 3750 4049
1991 9 2 5 6 2856 2994 2996 4052 3951 3331
1992 9 2 5 6 2858 2886 2955 3845 3277 3924
1993 9 2 5 6 2862 2861 2906 3966 3555 4054
1994 9 2 5 6 2863 2862 2864 3968 4055 4056
1995 9 2 5 6 2864 2862 2865 4055 4057 4058
1996 9 2 5 6 2865 2862 2906 4057 4054 3574
1997 9 2 5 6 2863 2864 2949 4056 4059 4060
1998 9 2 5 6 2863 2949 2999 4060 4061 4062
1999 9 2 5 6 2964 2863 2999 3970 4062 3290
2000 9 2 5 6 2864 2865 2866 4058 4063 4064
2001 9 2 5 6 2864 2866 2867 4064 4065 4066
2002 9 2 5 6 2864 2867 2949 4066 3403 4059
2003 9 2 5 6 2866 2865 2908 4063 3575 4067
2004 9 2 5 6 2867 2866 2868 4065 4068 4069
2005 9 2 5 6 2868 2866 2869 4068 4070 4071
2006 9 2 5 6 2869 2866 2908 4070 4067 3594
2007 9 2 5 6 2867 2868 2959 4069 4072 4073
2008 9 2 5 6 2919 2867 2959 3401 4073 3254
2009 9 2 5 6 2868 2869 2870 4071 4074 4075
2010 9 2 5 6 2868 2870 2871 4075 4076 4077
2011 9 2 5 6 2868 2871 2959 4077 3252 4072
2012 9 2 5 6 2870 2869 2923 4074 3595 4078
2013 9 2 5 6 2871 2870 2872 4076 4079 4080
2014 9 2 5 6 2872 2870 2924 4079 4081 4082
2015 9 2 5 6 2870 2923 2924 4078 3614 4081
2016 9 2 5 6 2871 2872 2873 4080 4083 3249
2017 9 2 5 6 2873 2872 2874 4083 4084 3378
2018 9 2 5 6 2874 2872 2875 4084 4085 4086
2019 9 2 5 6 2875 2872 2924 4085 4082 4087
2020 9 2 5 6 2874 2875 2876 4086 4088 4089
2021 9 2 5 6 2874 2876 2877 4089 4090 3380
2022 9 2 5 6 2876 2875 2884 4088 4091 4092
2023 9 2 5 6 2884 2875 2927 4091 4093 3635
2024 9 2 5 6 2875 2924 2927 4087 3615 4093
2025 9 2 5 6 2877 2876 2878 4090 4094 4095
2026 9 2 5 6 2878 2876 2879 4094 4096 4097
2027 9 2 5 6 2879 2876 2884 4096 4092 4098
2028 9 2 5 6 2877 2878 2997 4095 4099 4100
2029 9 2 5 6 2965 2877 2997 3382 4100 3266
2030 9 2 5 6 2878 2879 2938 4097 3799 4101
2031 9 2 5 6 2878 2938 2950 4101 4024 4102
2032 9 2 5 6 2878 2950 2997 4102 3264 4099
2033 9 2 5 6 2879 2884 2901 4098 3634 3797
2034 9 2 5 6 2890 2891 2892 3957 4103 4104
2035 9 2 5 6 2890 2892 2893 4104 4105 3565
2036 9 2 5 6 2892 2891 2946 4103 4106 4107
2037 9 2 5 6 2946 2891 2995 4106 4108 4109
2038 9 2 5 6 2891 2957 2995 3958 3376 4108
2039 9 2 5 6 2893 2892 2894 4105 4110 3583
2040 9 2 5 6 2894 2892 2895 4110 4111 4112
2041 9 2 5 6 2895 2892 2946 4111 4107 4113
2042 9 2 5 6 2894 2895 2896 4112 4114 4115
2043 9 2 5 6 2894 2896 2898 4115 4116 3585
2044 9 2 5 6 2896 2895 2897 4114 4117 4118
2045 9 2 5 6 2897 2895 2989 4117 4119 4120
2046 9 2 5 6 2895 2946 2989 4113 3301 4119
2047 9 2 5 6 2896 2897 2945 4118 3364 4121
2048 9 2 5 6 2898 2896 2899 4116 4122 3603
2049 9 2 5 6 2899 2896 2945 4122 4121 4019
2050 9 2 5 6 2953 2897 2989 3365 4120 3302
2051 9 2 5 6 2909 2951 2988 3388 3312 3990
2052 9 2 5 6 2910 2933 3001 3995 3918 4123
2053 9 2 5 6 2985 2910 3001 3389 4123 4124
2054 9 2 5 6 2949 2911 2999 3404 3289 4061
2055 9 2 5 6 2912 2913 2939 3304 4125 3390
2056 9 2 5 6 2939 2913 2993 4125 3916 3886
2057 9 2 5 6 2948 2915 2998 3285 3396 3994
2058 9 2 5 6 2916 2946 2995 3299 4109 3374
2059 9 2 5 6 2963 2918 3001 3307 4126 3919
2060 9 2 5 6 2918 2985 3001 3158 4124 4126
2061 9 2 5 6 2947 2921 2992 3397 3316 3941
2062 9 2 5 6 2991 2934 2994 3748 3950 4053
2063 11 2 1 3 494 4178 4142 4238 4308 4309 4310 4311 4312 4313
2064 11 2 1 3 2712 4133 4146 4274 4314 4315 4316 4317 4318 4319
2065 11 2 1 3 2680 538 1991 4291 4320 4321 4322 4323 4324 4325
2066 11 2 1 3 1981 2241 720 4223 4326 4327 4328 4329 4330 4331
2067 11 2 1 3 1970 4129 732 4281 4332 4333 4334 4335 4336 4337
2068 11 2 1 3 2869 4162 4147 4193 4338 4339 4340 4341 4342 4343
2069 11 2 1 3 555 2957 4239 4243 4344 4345 4346 4347 4348 4349
2070 11 2 1 3 2712 4142 4133 4274 4350 4351 4314 4317 4319 4352
2071 11 2 1 3 4142 4178 494 4250 4309 4308 4310 4353 4354 4355
2072 11 2 1 3 713 2328 2920 4251 4356 4357 4358 4359 4360 4361
2073 11 2 1 3 4172 4254 2771 4297 4362 4363 4364 4365 4366 4367
2074 11 2 1 3 526 2873 4235 4291 4368 4369 4370 4371 4372 4373
2075 11 2 1 3 2983 2241 1981 4223 4374 4326 4375 4376 4329 4331
2076 11 2 1 3 2906 4133 2712 4142 4377 4314 3552 4378 4350 4351
2077 11 2 1 3 4142 4178 2863 4238 4309 4379 4380 4312 4381 4313
2078 11 2 1 3 2680 4199 538 4291 4382 4383 4320 4323 4325 4384
2079 11 2 1 3 2689 4148 2670 4223 4385 4386 3344 4387 4388 4389
2080 11 2 1 3 2689 4215 4148 4223 4390 4391 4385 4387 4389 4392
2081 11 2 1 3 2680 1972 1991 538 4393 2219 4322 4320 4321 4394
2082 11 2 1 3 2863 4178 4142 4250 4379 4309 4380 4395 4353 4355
2083 11 2 1 3 2689 2670 2688 4223 3344 3127 3345 4387 4396 4388
2084 11 2 1 3 469 4198 4219 4285 4397 4398 4399 4400 4401 4402
2085 11 2 1 3 527 4213 4161 4235 4403 4404 4405 4406 4407 4408
2086 11 2 1 3 2822 4129 1970 4281 4409 4332 4410 4411 4335 4337
2087 11 2 1 3 422 4133 421 4146 4412 4413 1314 4414 4415 4315
2088 11 2 1 3 2713 4146 4133 4288 4416 4315 4417 4418 4419 4420
2089 11 2 1 3 421 422 465 4133 1314 1320 1319 4413 4421 4412
2090 11 2 1 3 2920 2328 713 4290 4357 4356 4358 4422 4423 4424
2091 11 2 1 3 2680 1972 538 4199 4393 4394 4320 4382 4383 4425
2092 11 2 1 3 4158 4233 487 4252 4426 4427 4428 4429 4430 4431
2093 11 2 1 3 465 421 4133 4142 1319 4413 4421 4432 4351 4433
2094 11 2 1 3 542 4255 4192 4296 4434 4435 4436 4437 4438 4439
2095 11 2 1 3 4202 4216 496 4256 4440 4441 4442 4443 4444 4445
2096 11 2 1 3 1972 365 538 4199 4446 811 4394 4425 4383 4447
2097 11 2 1 3 733 4178 494 4238 4448 4308 1680 4449 4311 4313
2098 11 2 1 3 2345 2954 2324 4249 4450 4451 2570 4452 4453 4454
2099 11 2 1 3 420 4127 422 4146 4455 4456 1315 4457 4414 4458
2100 11 2 1 3 606 4169 4183 4217 4459 4460 4461 4462 4463 4464
2101 11 2 1 3 2869 4147 2908 4193 4340 4465 3594 4341 4466 4342
2102 11 2 1 3 2771 4297 4254 4298 4366 4367 4363 4467 4468 4469
2103 11 2 1 3 526 2871 2873 4291 4470 3249 4368 4371 4373 4471
2104 11 2 1 3 619 2324 2954 4249 4472 4451 4473 4474 4454 4453
2105 11 2 1 3 619 2954 4232 4249 4473 4475 4476 4474 4477 4454
2106 11 2 1 3 2318 4211 716 4232 4478 4479 4480 4481 4482 4483
2107 11 2 1 3 720 675 1981 4223 851 4484 4328 4330 4329 4485
2108 11 2 1 3 2957 4243 555 4295 4349 4347 4344 4486 4487 4488
2109 11 2 1 3 538 1972 1991 365 4394 2219 4321 811 4489 4446
2110 11 2 1 3 447 4159 4150 4219 4490 4491 4492 4493 4494 4495
2111 11 2 1 3 374 4235 1964 4291 4496 4497 4498 4499 4500 4372
2112 11 2 1 3 2905 4183 4169 4217 4501 4460 4502 4503 4464 4463
2113 11 2 1 3 2854 485 4262 4304 4504 4505 4506 4507 4508 4509
2114 11 2 1 3 1972 4178 365 4199 4510 4511 4446 4425 4447 4512
2115 11 2 1 3 2960 4192 4255 4296 4513 4435 4514 4515 4439 4438
2116 11 2 1 3 2866 4162 2869 4193 4516 4338 4070 4517 4341 4343
2117 11 2 1 3 2654 1964 4235 4291 4518 4497 4519 4520 4372 4500
2118 11 2 1 3 596 4181 4195 4219 4521 4522 4523 4524 4525 4526
2119 11 2 1 3 732 1970 384 4233 4334 4527 773 4528 4529 4530
2120 11 2 1 3 504 4283 4162 4291 4531 4532 4533 4534 4535 4536
2121 11 2 1 3 422 4127 423 4288 4456 4537 1316 4538 4539 4540
2122 11 2 1 3 486 468 489 4128 1555 1557 1556 4541 4542 4543
2123 11 2 1 3 1990 1970 732 4281 2039 4334 4544 4545 4336 4335
2124 11 2 1 3 526 4235 374 4291 4370 4496 1085 4371 4499 4372
2125 11 2 1 3 447 4150 4181 4219 4492 4546 4547 4493 4526 4494
2126 11 2 1 3 657 4159 447 4219 4548 4490 1450 4549 4493 4495
2127 11 2 1 3 680 494 4178 4250 1679 4308 4550 4551 4355 4354
2128 11 2 1 3 649 4262 485 4304 4552 4505 1640 4553 4509 4508
2129 11 2 1 3 2849 4184 2856 4206 4554 4555 3329 4556 4557 4558
2130 11 2 1 3 609 4249 4183 4280 4559 4560 4561 4562 4563 4564
2131 11 2 1 3 420 423 422 4127 1317 1316 1315 4455 4456 4537
2132 11 2 1 3 555 4239 2957 4295 4346 4345 4344 4487 4486 4565
2133 11 2 1 3 486 468 4128 4221 1555 4543 4541 4566 4567 4568
2134 11 2 1 3 2324 619 2954 4232 4472 4473 4451 4569 4475 4476
2135 11 2 1 3 659 4181 596 4219 4570 4521 1884 4571 4524 4526
2136 11 2 1 3 559 487 4233 4252 1650 4427 4572 4573 4431 4430
2137 11 2 1 3 469 592 4198 4285 1483 4574 4397 4400 4402 4575
2138 11 2 1 3 4127 4146 419 4156 4458 4576 4577 4578 4579 4580
2139 11 2 1 3 657 447 4181 4219 1450 4547 4581 4549 4526 4493
2140 11 2 1 3 2820 4242 4202 4276 4582 4583 4584 4585 4586 4587
2141 11 2 1 3 609 607 4183 4249 1920 4588 4561 4559 4560 4589
2142 11 2 1 3 645 2328 713 4251 4590 4356 891 4591 4359 4361
2143 11 2 1 3 1972 2680 4178 4199 4393 4592 4510 4425 4512 4382
2144 11 2 1 3 2723 4175 4145 4183 4593 4594 4595 4596 4597 4598
2145 11 2 1 3 2861 2906 2712 4142 3555 3552 3553 4599 4350 4378
2146 11 2 1 3 2711 4146 4127 4156 4600 4458 4601 4602 4578 4580
2147 11 2 1 3 2866 4162 4193 4283 4516 4343 4517 4603 4604 4532
2148 11 2 1 3 2849 4206 2589 4305 4556 4605 4606 4607 4608 4609
2149 11 2 1 3 659 596 594 4219 1884 1883 1885 4571 4610 4524
2150 11 2 1 3 1981 1951 2983 4223 2125 4611 4375 4329 4376 4612
2151 11 2 1 3 607 606 4183 4217 1914 4461 4588 4613 4463 4462
2152 11 2 1 3 2873 4213 526 4235 4614 4615 4368 4369 4370 4408
2153 11 2 1 3 2345 2324 382 4249 2570 4616 4617 4452 4618 4453
2154 11 2 1 3 4145 4175 435 4183 4594 4619 4620 4597 4621 4598
2155 11 2 1 3 435 4175 664 4183 4619 4622 1378 4621 4623 4598
2156 11 2 1 3 4147 4162 491 4193 4339 4624 4625 4342 4626 4343
2157 11 2 1 3 2905 2807 4183 4217 3825 4627 4501 4503 4463 4628
2158 11 2 1 3 526 4213 527 4235 4615 4403 1090 4370 4406 4408
2159 11 2 1 3 2922 4219 4198 4285 4629 4398 4630 4631 4402 4401
2160 11 2 1 3 4148 4215 577 4223 4391 4632 4633 4389 4634 4392
2161 11 2 1 3 576 4148 577 4223 4635 4633 1168 4636 4634 4389
2162 11 2 1 3 453 469 592 4198 1471 1483 1482 4637 4574 4397
2163 11 2 1 3 2873 4161 4213 4235 4638 4404 4614 4369 4408 4407
2164 11 2 1 3 491 4147 429 4162 4625 4639 1362 4624 4640 4339
2165 11 2 1 3 596 4195 594 4219 4523 4641 1883 4524 4610 4525
2166 11 2 1 3 2861 4142 2712 4274 4599 4350 3553 4642 4317 4352
2167 11 2 1 3 2712 4133 2713 4146 4314 4417 3547 4316 4416 4315
2168 11 2 1 3 574 4202 496 4256 4643 4442 1199 4644 4444 4443
2169 11 2 1 3 4202 4216 2820 4276 4440 4645 4584 4586 4585 4646
2170 11 2 1 3 429 4147 491 4193 4639 4625 1362 4647 4626 4342
2171 11 2 1 3 2776 4128 4221 4263 4648 4567 4649 4650 4651 4652
2172 11 2 1 3 486 4128 489 4263 4541 4542 1556 4653 4654 4652
2173 11 2 1 3 547 4254 4172 4297 4655 4362 4656 4657 4365 4367
2174 11 2 1 3 2315 2341 2328 4251 2579 2567 2383 4658 4361 4659
2175 11 2 1 3 486 4221 4128 4263 4566 4567 4541 4653 4652 4651
2176 11 2 1 3 2710 2711 4127 4156 3536 4601 4660 4661 4578 4602
2177 11 2 1 3 2832 4216 4202 4256 4662 4440 4663 4664 4443 4445
2178 11 2 1 3 419 4127 420 4146 4577 4455 1305 4576 4457 4458
2179 11 2 1 3 2589 4206 568 4305 4605 4665 4666 4608 4667 4609
2180 11 2 1 3 4183 4217 2807 4249 4463 4628 4627 4560 4668 4669
2181 11 2 1 3 2909 4152 4166 4261 4670 4671 4672 4673 4674 4675
2182 11 2 1 3 695 538 365 4199 1026 811 1027 4676 4447 4383
2183 11 2 1 3 675 1951 1981 4223 4677 2125 4484 4485 4329 4612
2184 11 2 1 3 2693 4167 4141 4185 4678 4679 4680 4681 4682 4683
2185 11 2 1 3 1956 1993 4287 4304 2027 4684 4685 4686 4687 4688
2186 11 2 1 3 2856 2849 2667 4184 3329 3240 3330 4555 4689 4554
2187 11 2 1 3 2909 4261 4166 4270 4673 4674 4672 4690 4691 4692
2188 11 2 1 3 713 2920 516 4251 4358 4693 1110 4359 4694 4360
2189 11 2 1 3 2816 4233 4158 4252 4695 4426 4696 4697 4429 4431
2190 11 2 1 3 2713 2711 2712 4146 3546 3538 3547 4416 4316 4600
2191 11 2 1 3 2873 2871 526 4213 3249 4470 4368 4614 4615 4698
2192 11 2 1 3 2863 4142 2801 4250 4380 4699 3969 4395 4700 4353
2193 11 2 1 3 2589 2849 2587 4206 4606 4701 2626 4605 4702 4556
2194 11 2 1 3 2345 2661 2954 4249 4703 3173 4450 4452 4454 4704
2195 11 2 1 3 419 626 420 4127 1310 1309 1305 4577 4455 4705
2196 11 2 1 3 2696 4160 4141 4168 4706 4707 4708 4709 4710 4711
2197 11 2 1 3 2960 2794 4192 4296 3930 4712 4513 4515 4438 4713
2198 11 2 1 3 607 4217 4183 4249 4613 4463 4588 4589 4560 4669
2199 11 2 1 3 4141 4160 402 4168 4707 4714 4715 4710 4716 4711
2200 11 2 1 3 4224 4225 2968 4262 4717 4718 4719 4720 4721 4722
2201 11 2 1 3 4166 4261 590 4270 4674 4723 4724 4691 4725 4692
2202 11 2 1 3 491 4193 4162 4283 4626 4343 4624 4726 4532 4604
2203 11 2 1 3 4134 4194 654 4204 4727 4728 4729 4730 4731 4732
2204 11 2 1 3 1970 1994 384 4233 2041 4733 4527 4530 4529 4734
2205 11 2 1 3 554 4239 555 4295 4735 4346 1059 4736 4487 4565
2206 11 2 1 3 652 4224 4163 4262 4737 4738 4739 4740 4741 4720
2207 11 2 1 3 2866 2869 2908 4193 4070 3594 4067 4517 4466 4341
2208 11 2 1 3 459 654 4194 4204 1498 4728 4742 4743 4732 4731
2209 11 2 1 3 720 2241 2235 4223 4327 2300 4744 4330 4745 4331
2210 11 2 1 3 464 4141 4167 4185 4746 4679 4747 4748 4683 4682
2211 11 2 1 3 2699 4176 2859 4306 4749 4750 3488 4751 4752 4753
2212 11 2 1 3 2318 716 2305 4232 4480 4754 2409 4481 4755 4482
2213 11 2 1 3 619 690 382 4249 1134 1133 921 4474 4618 4756
2214 11 2 1 3 2920 4290 713 4294 4422 4423 4358 4757 4758 4759
2215 11 2 1 3 681 4129 732 4233 4760 4333 1144 4761 4528 4762
2216 11 2 1 3 526 525 504 4291 1086 1719 1722 4371 4534 4763
2217 11 2 1 3 2918 4211 4195 4289 4764 4765 4766 4767 4768 4769
2218 11 2 1 3 2710 4146 2711 4156 4770 4600 3536 4661 4602 4580
2219 11 2 1 3 2867 4199 2680 4291 4771 4382 3400 4772 4323 4384
2220 11 2 1 3 2328 2341 2920 4251 2567 4773 4357 4361 4360 4659
2221 11 2 1 3 2794 4192 2791 4255 4712 4774 3929 4775 4776 4435
2222 11 2 1 3 4142 4209 2801 4250 4777 4778 4699 4353 4700 4779
2223 11 2 1 3 4200 4260 523 4290 4780 4781 4782 4783 4784 4785
2224 11 2 1 3 559 518 487 4252 1077 1620 1650 4573 4430 4786
2225 11 2 1 3 547 4254 4297 4298 4655 4367 4657 4787 4469 4468
2226 11 2 1 3 403 4167 4141 4207 4788 4679 4789 4790 4791 4792
2227 11 2 1 3 2797 4255 4243 4295 4793 4794 4795 4796 4488 4797
2228 11 2 1 3 2859 4176 4144 4306 4750 4798 4799 4752 4800 4753
2229 11 2 1 3 2787 4195 4181 4219 4801 4522 4802 4803 4526 4525
2230 11 2 1 3 528 4161 527 4213 4804 4405 1782 4805 4403 4404
2231 11 2 1 3 542 4295 4255 4296 4806 4797 4434 4437 4439 4807
2232 11 2 1 3 4141 4167 2695 4207 4679 4808 4809 4791 4810 4792
2233 11 2 1 3 494 4209 4142 4250 4811 4777 4310 4354 4353 4779
2234 11 2 1 3 2794 2960 4192 4255 3930 4513 4712 4775 4435 4514
2235 11 2 1 3 664 4183 4175 4227 4623 4598 4622 4812 4813 4814
2236 11 2 1 3 2324 619 382 4249 4472 921 4616 4453 4618 4474
2237 11 2 1 3 2990 4232 2954 4249 4815 4475 3394 4816 4454 4477
2238 11 2 1 3 2694 2693 4141 4185 3452 4680 4817 4818 4682 4681
2239 11 2 1 3 2657 2822 1970 4281 3034 4410 4819 4820 4335 4411
2240 11 2 1 3 596 4195 4181 4271 4523 4522 4521 4821 4822 4823
2241 11 2 1 3 2699 4130 4176 4306 4824 4825 4749 4751 4753 4826
2242 11 2 1 3 2776 4128 2930 4221 4648 4827 3869 4649 4828 4567
2243 11 2 1 3 4163 4196 652 4262 4829 4830 4739 4741 4740 4831
2244 11 2 1 3 568 2589 380 4206 4666 4832 994 4665 4833 4605
2245 11 2 1 3 4177 4195 2788 4219 4834 4835 4836 4837 4838 4525
2246 11 2 1 3 2776 4221 2789 4263 4649 4839 3867 4650 4840 4651
2247 11 2 1 3 4178 4199 2863 4238 4512 4841 4379 4313 4381 4842
2248 11 2 1 3 604 596 4181 4271 1892 4521 4843 4844 4822 4821
2249 11 2 1 3 2829 4220 4210 4244 4845 4846 4847 4848 4849 4850
2250 11 2 1 3 2854 4303 485 4304 4851 4852 4504 4507 4509 4853
2251 11 2 1 3 681 732 384 4233 1144 773 1143 4761 4529 4528
2252 11 2 1 3 4162 4283 2871 4291 4532 4854 4855 4535 4471 4536
2253 11 2 1 3 2589 2587 380 4206 2626 4856 4832 4605 4833 4702
2254 11 2 1 3 2957 2797 4243 4295 3952 4795 4349 4486 4488 4796
2255 11 2 1 3 516 2920 713 4294 4693 4358 1110 4857 4758 4757
2256 11 2 1 3 388 4287 1993 4304 4858 4684 4859 4860 4688 4687
2257 11 2 1 3 2932 4196 4163 4262 4861 4829 4862 4863 4741 4831
2258 11 2 1 3 2807 2828 4183 4249 3987 4864 4627 4668 4560 4865
2259 11 2 1 3 2820 4216 2821 4276 4645 4866 4007 4585 4867 4646
2260 11 2 1 3 4211 4232 2912 4271 4483 4868 4869 4870 4871 4872
2261 11 2 1 3 705 4215 4267 4286 4873 4874 4875 4876 4877 4878
2262 11 2 1 3 2960 4255 4295 4296 4514 4797 4879 4515 4807 4439
2263 11 2 1 3 507 4231 4152 4251 4880 4881 4882 4883 4884 4885
2264 11 2 1 3 4195 4211 605 4289 4765 4886 4887 4768 4888 4769
2265 11 2 1 3 2663 2918 2302 4211 3161 4889 4890 4891 4892 4764
2266 11 2 1 3 2334 2240 2986 4256 4893 4894 4895 4896 4897 4898
2267 11 2 1 3 2696 2928 4160 4168 3473 4899 4706 4709 4711 4900
2268 11 2 1 3 400 4160 4141 4185 4901 4707 4902 4903 4682 4904
2269 11 2 1 3 454 4140 4134 4204 4905 4906 4907 4908 4730 4909
2270 11 2 1 3 2851 4206 563 4277 4910 4911 4912 4913 4914 4915
2271 11 2 1 3 2807 2828 2905 4183 3987 3624 3825 4627 4501 4864
2272 11 2 1 3 450 452 4140 4159 1464 4916 4917 4918 4919 4920
2273 11 2 1 3 452 4140 4159 4198 4916 4919 4920 4921 4922 4923
2274 11 2 1 3 4193 502 4238 4283 4924 4925 4926 4604 4927 4928
2275 11 2 1 3 2710 2709 2711 4146 3532 3537 3536 4770 4600 4929
2276 11 2 1 3 2841 4140 4208 4222 4930 4931 4932 4933 4934 4935
2277 11 2 1 3 2667 2849 2589 4305 3240 4606 4936 4937 4608 4607
2278 11 2 1 3 2886 2771 4254 4298 3841 4363 4938 4939 4468 4467
2279 11 2 1 3 459 4194 4154 4204 4742 4940 4941 4743 4942 4732
2280 11 2 1 3 2710 2709 4146 4156 3532 4929 4770 4661 4580 4943
2281 11 2 1 3 2914 4239 2301 4295 4944 4945 4946 4947 4948 4565
2282 11 2 1 3 2696 4168 4141 4214 4709 4710 4708 4949 4950 4951
2283 11 2 1 3 2654 1964 2969 4235 4518 4952 3063 4519 4953 4497
2284 11 2 1 3 2675 2319 2914 4239 4954 4955 3194 4956 4944 4957
2285 11 2 1 3 2678 2318 2305 4232 4958 2409 4959 4960 4755 4481
2286 11 2 1 3 2932 4163 4224 4262 4862 4738 4961 4863 4720 4741
2287 11 2 1 3 2824 4183 4249 4280 4962 4560 4963 4964 4564 4563
2288 11 2 1 3 1970 1990 1961 4281 2039 2223 2146 4335 4965 4545
2289 11 2 1 3 622 4141 4168 4214 4966 4710 4967 4968 4951 4950
2290 11 2 1 3 2345 382 2311 4249 4617 4969 2420 4452 4970 4618
2291 11 2 1 3 2918 2302 4211 4289 4889 4892 4764 4767 4769 4971
2292 11 2 1 3 2753 4141 4160 4185 4972 4707 4973 4974 4904 4682
2293 11 2 1 3 645 2315 2328 4251 4975 2383 4590 4591 4361 4658
2294 11 2 1 3 2590 4206 2683 4277 4976 4977 4978 4979 4980 4915
2295 11 2 1 3 4181 4195 2993 4271 4522 4981 4982 4822 4983 4823
2296 11 2 1 3 454 455 4140 4204 1477 4984 4905 4908 4909 4985
2297 11 2 1 3 588 4166 4152 4261 4986 4671 4987 4988 4675 4674
2298 11 2 1 3 619 2324 2353 4232 4472 2564 4989 4476 4990 4569
2299 11 2 1 3 2853 4184 2994 4262 4991 4992 4051 4993 4994 4995
2300 11 2 1 3 2823 2990 2954 4249 3984 3394 3294 4996 4454 4816
2301 11 2 1 3 2841 4208 4158 4222 4932 4997 4998 4933 4999 4934
2302 11 2 1 3 2654 4235 2873 4291 4519 4369 3250 4520 4373 4372
2303 11 2 1 3 2772 4152 2909 4261 5000 4670 3852 5001 4673 4675
2304 11 2 1 3 2900 2808 4152 4231 3933 5002 5003 5004 4881 5005
2305 11 2 1 3 4152 4231 2808 4251 4881 5005 5002 4884 5006 4885
2306 11 2 1 3 514 4209 494 4250 5007 4811 1615 5008 4354 4779
2307 11 2 1 3 485 4248 2854 4262 5009 5010 4504 4505 4506 5011
2308 11 2 1 3 2952 4175 2723 4183 5012 4593 3602 5013 4596 4598
2309 11 2 1 3 450 451 452 4159 1456 1465 1464 4918 4920 5014
2310 11 2 1 3 4140 632 4208 4222 5015 5016 4931 4935 4934 5017
2311 11 2 1 3 452 4159 451 4198 4920 5014 1465 4921 5018 4922
2312 11 2 1 3 2963 2918 4195 4289 3307 4766 5019 5020 4768 4767
2313 11 2 1 3 525 4283 504 4291 5021 4531 1719 4763 4534 4536
2314 11 2 1 3 464 401 4141 4185 1221 5022 4746 4748 4682 5023
2315 11 2 1 3 2824 4183 2828 4249 4962 4864 3988 4963 4865 4560
2316 11 2 1 3 473 4151 4184 4262 5024 5025 5026 5027 4995 5028
2317 11 2 1 3 2824 2828 4183 4280 3988 4864 4962 4964 4563 5029
2318 11 2 1 3 502 4193 490 4283 4924 5030 1660 4928 5031 4604
2319 11 2 1 3 4158 4208 632 4222 4997 5016 5032 4999 5017 4934
2320 11 2 1 3 2866 4193 4238 4283 4517 4926 5033 4603 4927 4604
2321 11 2 1 3 576 577 389 4223 1168 1167 872 4636 5034 4634
2322 11 2 1 3 471 402 4160 4168 1216 4714 5035 5036 4711 4716
2323 11 2 1 3 2983 1951 2840 4223 4611 5037 3106 4376 5038 4612
2324 11 2 1 3 2348 381 4202 4242 5039 5040 5041 5042 4583 5043
2325 11 2 1 3 718 523 686 4200 1777 1113 1193 5044 5045 4782
2326 11 2 1 3 2309 2328 2681 4290 2379 5046 5047 5048 5049 4424
2327 11 2 1 3 622 4141 402 4168 4966 4715 1227 4967 4716 4710
2328 11 2 1 3 408 4176 4130 4306 5050 4825 5051 5052 4826 4753
2329 11 2 1 3 733 4199 4178 4238 5053 4512 4448 4449 4313 4842
2330 11 2 1 3 652 658 4224 4262 1533 5054 4737 4740 4720 5055
2331 11 2 1 3 405 4207 4141 4214 5056 4791 5057 5058 4950 5059
2332 11 2 1 3 4140 4159 2739 4208 4919 5060 5061 4931 5062 5063
2333 11 2 1 3 2994 4184 4151 4262 4992 5025 5064 4994 5028 4995
2334 11 2 1 3 450 4159 4140 4208 4918 4919 4917 5065 4931 5063
2335 11 2 1 3 2661 2345 2311 4249 4703 2420 5066 4704 4970 4452
2336 11 2 1 3 2851 2683 4206 4277 3417 4977 4910 4913 4915 4980
2337 11 2 1 3 518 4220 2816 4244 5067 5068 5069 5070 5071 4850
2338 11 2 1 3 2710 4156 4127 4190 4661 4578 4660 5072 5073 5074
2339 11 2 1 3 2776 2930 2789 4221 3869 3868 3867 4649 4839 4828
2340 11 2 1 3 2873 4161 2872 4213 4638 5075 4083 4614 5076 4404
2341 11 2 1 3 4141 4207 2695 4214 4791 4810 4809 4950 5077 5059
2342 11 2 1 3 659 657 447 4181 1451 1450 1452 4570 4547 4581
2343 11 2 1 3 400 4141 401 4185 4902 5022 1210 4903 5023 4682
2344 11 2 1 3 573 496 574 4202 1690 1199 1691 5078 4643 4442
2345 11 2 1 3 4134 2931 4194 4204 5079 5080 4727 4730 4732 5081
2346 11 2 1 3 2920 2681 2328 4290 3143 5046 4357 4422 4424 5049
2347 11 2 1 3 2699 2701 2859 4176 3486 3489 3488 4749 4750 5082
2348 11 2 1 3 2756 4152 4134 4194 5083 5084 5085 5086 4727 5087
2349 11 2 1 3 2900 2808 4231 4251 3933 5005 5004 5088 4885 5006
2350 11 2 1 3 516 4251 2920 4294 4694 4360 4693 4857 4757 5089
2351 11 2 1 3 2914 2319 2301 4239 4955 2443 4946 4944 4945 4957
2352 11 2 1 3 489 486 4263 4293 1556 4653 4654 5090 5091 5092
2353 11 2 1 3 485 2854 4248 4303 4504 5010 5009 4852 5093 4851
2354 11 2 1 3 403 651 4167 4207 1231 5094 4788 4790 4792 5095
2355 11 2 1 3 1972 1999 365 4178 2212 5096 4446 4510 4511 5097
2356 11 2 1 3 502 490 4193 4238 1660 5030 4924 4925 4926 5098
2357 11 2 1 3 2867 2680 2919 4291 3400 3069 3401 4772 5099 4323
2358 11 2 1 3 563 4206 2851 4303 4911 4910 4912 5100 5101 5102
2359 11 2 1 3 4221 4263 486 4293 4651 4653 4566 5103 5092 5091
2360 11 2 1 3 2334 721 2240 4256 5104 5105 4893 4896 4898 5106
2361 11 2 1 3 2816 2786 4158 4233 3908 5107 4696 4695 4426 5108
2362 11 2 1 3 1951 4223 675 4286 4612 4485 4677 5109 5110 5111
2363 11 2 1 3 410 4176 408 4306 5112 5050 1254 5113 5052 4753
2364 11 2 1 3 638 732 4129 4281 770 4333 5114 5115 4337 4336
2365 11 2 1 3 2922 4198 4261 4285 4630 5116 5117 4631 5118 4402
2366 11 2 1 3 604 4181 4197 4271 4843 5119 5120 4844 5121 4822
2367 11 2 1 3 2693 4157 4167 4185 5122 5123 4678 4681 4683 5124
2368 11 2 1 3 592 4261 4198 4285 5125 5116 4574 4575 4402 5118
2369 11 2 1 3 619 4232 690 4249 4476 5126 1134 4474 4756 4477
2370 11 2 1 3 4159 4173 2737 4208 5127 5128 5129 5063 5130 5131
2371 11 2 1 3 2853 4248 4184 4262 5132 5133 4991 4993 4995 5011
2372 11 2 1 3 2701 4144 2859 4176 5134 4799 3489 5082 4750 4798
2373 11 2 1 3 523 4200 718 4260 4782 5044 1777 4781 5135 4780
2374 11 2 1 3 713 516 645 4251 1110 1737 891 4359 4591 4694
2375 11 2 1 3 2348 4202 2674 4242 5041 5136 5137 5042 5138 4583
2376 11 2 1 3 2739 4159 4140 4198 5060 4919 5061 5139 4923 4922
2377 11 2 1 3 1986 2969 1964 4235 5140 4952 2230 5141 4497 4953
2378 11 2 1 3 2741 4134 4140 4204 5142 4906 5143 5144 4909 4730
2379 11 2 1 3 562 4206 2590 4277 5145 4976 5146 5147 4979 4915
2380 11 2 1 3 2829 2816 4220 4244 4001 5068 4845 4848 4850 5071
2381 11 2 1 3 2794 2791 2960 4255 3929 3931 3930 4775 4514 4776
2382 11 2 1 3 701 608 609 4280 1923 1919 1924 5148 4562 5149
2383 11 2 1 3 2914 2957 4239 4295 3373 4345 4944 4947 4565 4486
2384 11 2 1 3 396 4186 496 4216 5150 5151 1198 5152 4441 5153
2385 11 2 1 3 2816 518 4244 4252 5069 5070 5071 4697 5154 4786
2386 11 2 1 3 2817 2829 4210 4244 4000 4847 5155 5156 4849 4848
2387 11 2 1 3 448 4173 4159 4208 5157 5127 5158 5159 5063 5131
2388 11 2 1 3 2693 2692 4157 4185 3446 5160 5122 4681 5124 5161
2389 11 2 1 3 4199 4238 502 4283 4842 4925 5162 5163 4928 4927
2390 11 2 1 3 2590 2683 2941 4277 4978 3246 5164 4979 5165 4980
2391 11 2 1 3 2835 4267 4215 4286 5166 4874 5167 5168 4878 4877
2392 11 2 1 3 2900 2944 2808 4251 3959 3989 3933 5088 5006 5169
2393 11 2 1 3 2778 2787 4181 4219 3874 4802 5170 5171 4526 4803
2394 11 2 1 3 2781 4266 4215 4267 5172 5173 5174 5175 4874 5176
2395 11 2 1 3 2740 4140 2739 4208 5177 5061 3678 5178 5062 4931
2396 11 2 1 3 608 4249 609 4280 5179 4559 1919 5149 4562 4564
2397 11 2 1 3 2311 4249 382 4259 4970 4618 4969 5180 5181 5182
2398 11 2 1 3 607 603 606 4217 1913 1910 1914 4613 4462 5183
2399 11 2 1 3 418 4156 4146 4188 5184 4580 5185 5186 5187 5188
2400 11 2 1 3 4199 4283 538 4291 5163 5189 4383 4384 4325 4536
2401 11 2 1 3 468 4207 4128 4221 5190 5191 4543 4568 4567 5192
2402 11 2 1 3 437 4145 4131 4149 5193 5194 5195 5196 5197 5198
2403 11 2 1 3 2867 4283 4199 4291 5199 5163 4771 4772 4384 4536
2404 11 2 1 3 2305 2353 2324 4232 2412 2564 2514 4755 4569 4990
2405 11 2 1 3 563 4248 4206 4303 5200 5201 4911 5100 5102 5093
2406 11 2 1 3 507 508 4231 4251 1674 5202 4880 4883 4885 5203
2407 11 2 1 3 610 435 664 4183 1392 1378 1391 5204 4623 4621
2408 11 2 1 3 473 4184 484 4262 5026 5205 1579 5027 5206 4995
2409 11 2 1 3 2737 4159 2735 4173 5129 5207 3667 5128 5208 5127
2410 11 2 1 3 4234 4259 612 4280 5209 5210 5211 5212 5213 5214
2411 11 2 1 3 725 384 687 4252 1142 776 1145 5215 5216 5217
2412 11 2 1 3 2851 4277 563 4287 4913 4914 4912 5218 5219 5220
2413 11 2 1 3 720 581 675 4223 876 1865 851 4330 4485 5221
2414 11 2 1 3 4131 4145 2927 4149 5194 5222 5223 5197 5224 5198
2415 11 2 1 3 1985 1986 2969 1964 2169 5140 5225 2231 4952 2230
2416 11 2 1 3 4131 4138 2927 4145 5226 5227 5223 5194 5222 5228
2417 11 2 1 3 2936 4210 4173 4282 5229 5230 5231 5232 5233 5234
2418 11 2 1 3 4184 4248 484 4262 5133 5235 5205 4995 5206 5011
2419 11 2 1 3 659 657 4181 4219 1451 4581 4570 4571 4526 4549
2420 11 2 1 3 2900 4231 2944 4251 5004 5236 3959 5088 5169 4885
2421 11 2 1 3 652 658 505 4224 1533 1727 1568 4737 5237 5054
2422 11 2 1 3 4186 4216 2832 4256 5153 4662 5238 5239 4664 4445
2423 11 2 1 3 2696 2698 4168 4214 3471 5240 4709 4949 4951 5241
2424 11 2 1 3 2654 1985 1964 4291 5242 2231 4518 4520 4500 5243
2425 11 2 1 3 4206 4248 2851 4303 5201 5244 4910 5102 5101 5093
2426 11 2 1 3 1970 1955 1994 4233 2149 2044 2041 4530 4734 5245
2427 11 2 1 3 438 4132 4131 4138 5246 5247 5248 5249 5226 5250
2428 11 2 1 3 2990 2678 2954 4232 3393 3170 3394 4815 4475 4960
2429 11 2 1 3 2883 4140 2841 4222 5251 4930 3694 5252 4933 4935
2430 11 2 1 3 2851 2941 2683 4277 3419 3246 3417 4913 4980 5165
2431 11 2 1 3 409 408 4130 4306 1249 5051 5253 5254 4826 5052
2432 11 2 1 3 665 4169 4138 4183 5255 5256 5257 5258 5259 4460
2433 11 2 1 3 613 4227 4174 4275 5260 5261 5262 5263 5264 5265
2434 11 2 1 3 528 527 526 4213 1782 1090 1783 4805 4615 4403
2435 11 2 1 3 403 4141 405 4207 4789 5057 1229 4790 5056 4791
2436 11 2 1 3 2781 4215 2835 4267 5174 5167 3887 5175 5166 4874
2437 11 2 1 3 410 4144 4176 4306 5266 4798 5112 5113 4753 4800
2438 11 2 1 3 2863 2801 2964 4250 3969 3962 3970 4395 5267 4700
2439 11 2 1 3 437 4138 4131 4145 5268 5226 5195 5193 5194 5228
2440 11 2 1 3 2866 4238 4199 4283 5033 4842 5269 4603 5163 4927
2441 11 2 1 3 2740 2739 2737 4208 3678 3677 3679 5178 5130 5062
2442 11 2 1 3 2735 4159 4150 4173 5207 4491 5270 5208 5271 5127
2443 11 2 1 3 2753 2694 4141 4185 3463 4817 4972 4974 4682 4818
2444 11 2 1 3 2939 2912 4232 4271 3390 4868 5272 5273 4872 4871
2445 11 2 1 3 2739 4159 2737 4208 5060 5129 3677 5062 5130 5063
2446 11 2 1 3 440 4169 4153 4187 5274 5275 5276 5277 5278 5279
2447 11 2 1 3 633 4173 4210 4282 5280 5230 5281 5282 5234 5233
2448 11 2 1 3 725 4233 384 4252 5283 4529 1142 5215 5217 4431
2449 11 2 1 3 2334 2986 2304 4256 4895 5284 2478 4896 5285 4897
2450 11 2 1 3 592 453 4198 4261 1482 4637 4574 5125 5116 5286
2451 11 2 1 3 2693 2695 4141 4167 3457 4809 4680 4678 4679 4808
2452 11 2 1 3 1994 1955 384 4233 2044 5287 4733 4734 4529 5245
2453 11 2 1 3 4170 4192 532 4255 5288 5289 5290 5291 5292 4435
2454 11 2 1 3 4153 4169 2729 4187 5275 5293 5294 5278 5295 5279
2455 11 2 1 3 454 4134 4140 4198 4907 4906 4905 5296 4923 5297
2456 11 2 1 3 438 4132 4138 4187 5246 5250 5249 5298 5299 5300
2457 11 2 1 3 2721 4145 4175 4205 5301 4594 5302 5303 5304 5305
2458 11 2 1 3 2696 2753 4141 4160 3464 4972 4708 4706 4707 4973
2459 11 2 1 3 466 4198 453 4261 5306 4637 1480 5307 5286 5116
2460 11 2 1 3 403 464 4141 4167 1222 4746 4789 4788 4679 4747
2461 11 2 1 3 665 4138 4145 4183 5257 5228 5308 5258 4597 5259
2462 11 2 1 3 4260 4290 2981 4294 4785 5309 5310 5311 5312 4759
2463 11 2 1 3 2840 4223 1951 4286 5038 4612 5037 5313 5109 5111
2464 11 2 1 3 400 402 4141 4160 1215 4715 4902 4901 4707 4714
2465 11 2 1 3 730 4137 691 4239 5314 5315 1851 5316 5317 5318
2466 11 2 1 3 2788 4195 2787 4219 4835 4801 3878 4838 4803 4525
2467 11 2 1 3 2952 4175 4183 4227 5012 4598 5013 5319 4814 4813
2468 11 2 1 3 689 4273 4203 4292 5320 5321 5322 5323 5324 5325
2469 11 2 1 3 471 622 402 4168 1228 1227 1216 5036 4716 4967
2470 11 2 1 3 410 4176 4144 4191 5112 4798 5266 5326 5327 5328
2471 11 2 1 3 4138 4169 2726 4183 5256 5329 5330 5259 5331 4460
2472 11 2 1 3 514 494 680 4250 1615 1679 1678 5008 4551 4354
2473 11 2 1 3 2869 4147 4162 4205 4340 4339 4338 5332 5333 5334
2474 11 2 1 3 411 4176 410 4191 5335 5112 1257 5336 5326 5328
2475 11 2 1 3 2957 2675 2914 4239 3372 3194 3373 4345 4944 4956
2476 11 2 1 3 612 4275 4234 4280 5337 5338 5211 5213 5212 5339
2477 11 2 1 3 563 4206 562 4277 4911 5145 1186 4914 5147 4915
2478 11 2 1 3 4131 4149 2924 4161 5197 5340 5341 5342 5343 5344
2479 11 2 1 3 573 571 496 4276 1128 1689 1690 5345 5346 5347
2480 11 2 1 3 619 2345 2324 382 5348 2570 4472 921 4616 4617
2481 11 2 1 3 496 396 574 4186 1198 1194 1199 5151 5349 5150
2482 11 2 1 3 2351 2334 2240 2986 2479 4893 5350 5351 4894 4895
2483 11 2 1 3 705 579 661 4215 1864 1867 1868 4873 5352 5353
2484 11 2 1 3 2789 4263 4221 4293 4840 4651 4839 5354 5103 5091
2485 11 2 1 3 538 4199 695 4283 4383 4676 1026 5189 5355 5163
2486 11 2 1 3 716 2318 369 4211 4480 5356 915 4479 5357 4478
2487 11 2 1 3 4154 4194 2931 4204 4940 5080 5358 4942 5081 4732
2488 11 2 1 3 2728 4131 4132 4138 5359 5247 5360 5361 5250 5226
2489 11 2 1 3 457 4135 4163 4226 5362 5363 5364 5365 5366 5367
2490 11 2 1 3 4210 4220 518 4244 4846 5067 5368 4849 5070 4850
2491 11 2 1 3 460 4164 462 4245 5369 5370 1514 5371 5372 5373
2492 11 2 1 3 4249 4259 2824 4280 5182 5374 4963 4564 4964 5214
2493 11 2 1 3 409 410 408 4306 1255 1254 1249 5254 5052 5113
2494 11 2 1 3 607 603 4217 4249 1913 5183 4613 4589 4669 5375
2495 11 2 1 3 544 555 4243 4255 1825 4347 5376 5377 4794 5378
2496 11 2 1 3 2939 2912 2678 4232 3390 3167 3391 5272 4960 4868
2497 11 2 1 3 2994 4151 2934 4262 5064 5379 3950 4994 5380 5028
2498 11 2 1 3 589 590 4261 4270 1871 4723 5381 5382 4692 4725
2499 11 2 1 3 4215 4223 2834 4286 4392 5383 5384 4878 5385 5111
2500 11 2 1 3 720 1981 2243 2241 4328 5386 5387 4327 2281 4326
2501 11 2 1 3 401 400 402 4141 1210 1215 1214 5022 4715 4902
2502 11 2 1 3 2882 2695 4207 4214 3469 4810 5388 5389 5059 5077
2503 11 2 1 3 490 4193 491 4283 5030 4626 1361 5031 4726 4604
2504 11 2 1 3 418 416 4156 4188 1295 5390 5184 5186 5188 5391
2505 11 2 1 3 2305 2324 2954 4232 2514 4451 5392 4755 4475 4569
2506 11 2 1 3 2851 4287 563 4303 5218 5219 4912 5101 5100 5393
2507 11 2 1 3 2728 4138 4132 4187 5361 5250 5360 5394 5300 5299
2508 11 2 1 3 460 462 4196 4245 1514 5395 5396 5371 5397 5372
2509 11 2 1 3 469 4198 451 4219 4397 5018 1472 4399 5398 4398
2510 11 2 1 3 2787 2993 4181 4195 3914 4982 4802 4801 4522 4981
2511 11 2 1 3 483 473 4151 4184 1574 5024 5399 5400 5025 5026
2512 11 2 1 3 451 4198 4159 4219 5018 4922 5014 5398 4495 4398
2513 11 2 1 3 1994 384 1955 687 4733 5287 2044 5401 5402 776
2514 11 2 1 3 2924 4161 4149 4213 5343 5344 5340 5403 5404 4404
2515 11 2 1 3 2741 4140 4134 4198 5143 4906 5142 5405 5297 4923
2516 11 2 1 3 2311 2661 4249 4259 5066 4704 4970 5180 5182 5406
2517 11 2 1 3 4181 2993 4197 4271 4982 5407 5119 4822 5121 4983
2518 11 2 1 3 440 4138 4169 4187 5408 5256 5274 5277 5279 5299
2519 11 2 1 3 419 4146 418 4156 4576 5185 1296 4579 5184 4580
2520 11 2 1 3 510 4221 4218 4266 5409 5410 5411 5412 5413 5414
2521 11 2 1 3 2696 2928 2753 4160 3473 3475 3464 4706 4973 4899
2522 11 2 1 3 2909 2810 4261 4270 3385 5415 4673 4690 4692 5416
2523 11 2 1 3 2678 2305 2954 4232 4959 5392 3170 4960 4475 4755
2524 11 2 1 3 2759 2695 4167 4207 3458 4808 5417 5418 4792 4810
2525 11 2 1 3 2918 2321 2302 4289 5419 2403 4889 4767 4971 5420
2526 11 2 1 3 449 4173 448 4208 5421 5157 1447 5422 5159 5131
2527 11 2 1 3 2726 4145 4138 4183 5423 5228 5330 5331 5259 4597
2528 11 2 1 3 520 568 380 4206 1122 994 1121 5424 4833 4665
2529 11 2 1 3 2674 4202 2820 4242 5136 4584 3370 5138 4582 4583
2530 11 2 1 3 2902 4153 4171 4181 5425 5426 5427 5428 5429 5430
2531 11 2 1 3 457 4163 470 4226 5364 5431 1499 5365 5432 5366
2532 11 2 1 3 2932 2751 4196 4262 3730 5433 4861 4863 4831 5434
2533 11 2 1 3 705 4215 661 4267 4873 5352 1868 4875 5435 4874
2534 11 2 1 3 464 401 403 4141 1221 1219 1222 4746 4789 5022
2535 11 2 1 3 4215 4266 661 4267 5173 5436 5352 4874 5435 5176
2536 11 2 1 3 523 4290 4260 4294 4784 4785 4781 5437 5311 4759
2537 11 2 1 3 2925 4185 4160 4189 5438 4904 5439 5440 5441 5442
2538 11 2 1 3 581 720 2235 4223 876 4744 5443 5221 4745 4330
2539 11 2 1 3 2829 2817 2816 4244 4000 3260 4001 4848 5071 5156
2540 11 2 1 3 705 578 4215 4286 1180 5444 4873 4876 4878 5445
2541 11 2 1 3 1970 1961 2657 4281 2146 5446 4819 4335 4820 4965
2542 11 2 1 3 622 404 4141 4214 1226 5447 4966 4968 4950 5448
2543 11 2 1 3 472 4151 463 4245 5449 5450 1524 5451 5452 5453
2544 11 2 1 3 2729 4169 4138 4187 5293 5256 5454 5295 5299 5279
2545 11 2 1 3 404 405 4141 4214 1230 5057 5447 5448 4950 5058
2546 11 2 1 3 2819 4242 2820 4276 5455 4582 3369 5456 4585 4587
2547 11 2 1 3 4150 4171 669 4181 5457 5458 5459 4546 5460 5429
2548 11 2 1 3 2674 2310 2348 4242 5461 2471 5137 5138 5042 5462
2549 11 2 1 3 2242 721 2240 2334 5463 5105 2282 5464 4893 5104
2550 11 2 1 3 686 4200 523 4290 5045 4782 1113 5465 4784 4783
2551 11 2 1 3 507 4194 4152 4231 5466 5087 4882 4880 4881 5467
2552 11 2 1 3 689 4246 4273 4292 5468 5469 5320 5323 5325 5470
2553 11 2 1 3 610 4183 664 4227 5204 4623 1391 5471 4812 4814
2554 11 2 1 3 594 4195 4177 4219 4641 4834 5472 4610 4837 4525
2555 11 2 1 3 2746 4163 4135 4226 5473 5363 5474 5475 5367 5366
2556 11 2 1 3 4155 4192 2881 4201 5476 5477 5478 5479 5480 5481
2557 11 2 1 3 4150 4159 448 4173 4491 5158 5482 5271 5157 5127
2558 11 2 1 3 2753 4160 2925 4185 4973 5439 3465 4974 5438 4904
2559 11 2 1 3 2824 2826 2828 4280 4013 4015 3988 4964 5029 5483
2560 11 2 1 3 418 4188 4146 4228 5186 5187 5185 5484 5485 5486
2561 11 2 1 3 2756 4134 4152 4261 5085 5084 5083 5487 4675 5488
2562 11 2 1 3 4149 4162 433 4205 5489 5490 5491 5492 5493 5333
2563 11 2 1 3 660 661 4215 4266 1747 5352 5494 5495 5173 5436
2564 11 2 1 3 2689 4157 4148 4215 5496 5497 4385 4390 4391 5498
2565 11 2 1 3 412 411 410 4191 1264 1257 1265 5499 5326 5336
2566 11 2 1 3 507 493 4194 4231 1669 5500 5466 4880 5467 5501
2567 11 2 1 3 2694 2692 2693 4185 3451 3446 3452 4818 4681 5161
2568 11 2 1 3 1952 4236 2656 4258 5502 5503 5504 5505 5506 5507
2569 11 2 1 3 481 467 4158 4208 1462 5508 5509 5510 4997 5511
2570 11 2 1 3 2706 4188 4191 4253 5512 5513 5514 5515 5516 5517
2571 11 2 1 3 481 449 4208 4220 1461 5422 5510 5518 5519 5520
2572 11 2 1 3 481 4208 4158 4220 5510 4997 5509 5518 5521 5519
2573 11 2 1 3 2690 4148 2689 4157 5522 4385 3347 5523 5496 5497
2574 11 2 1 3 464 4167 4157 4185 4747 5123 5524 4748 5124 4683
2575 11 2 1 3 613 4227 4275 4280 5260 5265 5263 5525 5339 5526
2576 11 2 1 3 508 4231 4251 4294 5202 4885 5203 5527 5089 5528
2577 11 2 1 3 419 418 416 4156 1296 1295 1297 4579 5390 5184
2578 11 2 1 3 2811 4297 2771 4298 5529 4366 3849 5530 4467 4469
2579 11 2 1 3 2731 2902 4153 4171 3648 5425 5531 5532 5426 5427
2580 11 2 1 3 2787 2993 2903 4181 3914 3885 3877 4802 5533 4982
2581 11 2 1 3 2835 4215 2834 4286 5167 5384 3888 5168 5385 4878
2582 11 2 1 3 393 563 562 4277 1187 1186 1000 5534 5147 4914
2583 11 2 1 3 481 449 467 4208 1461 1459 1462 5510 5511 5422
2584 11 2 1 3 1981 2983 1998 2241 4375 5535 2209 4326 5536 4374
2585 11 2 1 3 2993 2903 4181 4197 3885 5533 4982 5407 5119 5537
2586 11 2 1 3 2801 4209 2964 4250 4778 5538 3962 4700 5267 4779
2587 11 2 1 3 578 4223 4215 4286 5539 4392 5444 5445 4878 5111
2588 11 2 1 3 668 4149 4131 4161 5540 5197 5541 5542 5342 5344
2589 11 2 1 3 542 532 4192 4255 1801 5289 4436 4434 4435 5292
2590 11 2 1 3 2739 2738 4159 4198 3676 5543 5060 5139 4922 5544
2591 11 2 1 3 2348 2327 2674 4202 2568 5545 5137 5041 5136 5546
2592 11 2 1 3 506 4158 632 4222 5547 5032 1553 5548 5017 4999
2593 11 2 1 3 562 2588 393 4277 5549 5550 1000 5147 5534 5551
2594 11 2 1 3 433 4162 4149 4213 5490 5489 5491 5552 5404 5553
2595 11 2 1 3 2963 4195 4177 4289 5019 4834 5554 5020 5555 4768
2596 11 2 1 3 2809 4155 2881 4201 5556 5478 3858 5557 5480 5479
2597 11 2 1 3 2322 2915 2679 4201 5558 3206 5559 5560 5561 5562
2598 11 2 1 3 660 4215 4167 4266 5494 5563 5564 5495 5565 5173
2599 11 2 1 3 4173 4208 449 4220 5131 5422 5421 5566 5520 5519
2600 11 2 1 3 4153 4169 602 4217 5275 5567 5568 5569 5570 4464
2601 11 2 1 3 2936 4173 2734 4282 5231 5571 3664 5232 5572 5233
2602 11 2 1 3 499 4155 4192 4269 5573 5476 5574 5575 5576 5577
2603 11 2 1 3 2922 4198 2768 4261 4630 5578 3705 5117 5579 5116
2604 11 2 1 3 2760 2734 2936 4173 3662 3664 3663 5580 5231 5571
2605 11 2 1 3 529 4161 4212 4235 5581 5582 5583 5584 5585 4407
2606 11 2 1 3 2876 4132 4131 4212 5586 5247 5587 5588 5589 5590
2607 11 2 1 3 2709 4146 4156 4188 4929 4580 4943 5591 5188 5187
2608 11 2 1 3 529 4212 4229 4235 5583 5592 5593 5584 5594 5585
2609 11 2 1 3 2761 4132 4165 4187 5595 5596 5597 5598 5599 5300
2610 11 2 1 3 669 4171 4153 4181 5458 5426 5600 5460 5430 5429
2611 11 2 1 3 4151 463 4245 4262 5450 5452 5453 5028 5601 5602
2612 11 2 1 3 522 523 4260 4294 1111 4781 5603 5604 5311 5437
2613 11 2 1 3 691 4137 4136 4239 5315 5605 5606 5317 5607 5318
2614 11 2 1 3 2832 4186 2937 4216 5238 5608 3411 4662 5609 5153
2615 11 2 1 3 1952 702 4236 4258 5610 5611 5502 5505 5507 5612
2616 11 2 1 3 2746 4135 4163 4204 5474 5363 5473 5613 5614 5615
2617 11 2 1 3 513 4158 4222 4233 5616 4999 5617 5618 5619 4426
2618 11 2 1 3 633 4210 561 4282 5281 5620 1441 5282 5621 5234
2619 11 2 1 3 4218 4221 512 4237 5410 5622 5623 5624 5625 5626
2620 11 2 1 3 2991 2853 2994 4262 4050 4051 4053 5627 4994 4993
2621 11 2 1 3 2699 4176 4130 4214 4749 4825 4824 5628 5629 5630
2622 11 2 1 3 2948 4273 4246 4292 5631 5469 5632 5633 5470 5325
2623 11 2 1 3 2799 2944 4231 4251 3960 5236 5634 5635 4885 5169
2624 11 2 1 3 4155 2929 4192 4269 5636 5637 5476 5577 5576 5638
2625 11 2 1 3 592 466 453 4261 1481 1480 1482 5125 5286 5307
2626 11 2 1 3 2983 2840 2685 4223 3106 3427 3131 4376 5639 5038
2627 11 2 1 3 2871 4162 2868 4283 4855 5640 4077 4854 5641 4532
2628 11 2 1 3 510 512 729 4218 1645 1745 1744 5411 5642 5623
2629 11 2 1 3 2742 4198 4134 4261 5643 5297 5644 5645 5488 5116
2630 11 2 1 3 408 4130 4176 4214 5051 4825 5050 5646 5630 5629
2631 11 2 1 3 1985 2969 2654 1964 5225 3063 5242 2231 4518 4952
2632 11 2 1 3 403 405 651 4207 1229 1232 1231 4790 5095 5056
2633 11 2 1 3 586 4162 433 4213 5647 5490 1382 5648 5552 5553
2634 11 2 1 3 4159 4198 2922 4219 4922 4630 5649 4495 4629 4398
2635 11 2 1 3 2334 575 721 4256 5650 976 5104 4896 5106 5651
2636 11 2 1 3 2959 2871 4283 4291 3252 4854 5652 5653 4536 4471
2637 11 2 1 3 2922 4159 2738 4198 5649 5543 3681 4630 5544 4922
2638 11 2 1 3 2791 4192 4170 4255 4774 5288 5654 4776 5291 4435
2639 11 2 1 3 2871 2654 2873 4291 3248 3250 3249 4471 4373 4520
2640 11 2 1 3 4131 4132 679 4212 5247 5655 5656 5589 5657 5590
2641 11 2 1 3 2875 4131 2924 4161 5658 5341 4087 5659 5343 5342
2642 11 2 1 3 4165 4236 536 4257 5660 5661 5662 5663 5664 5665
2643 11 2 1 3 2731 4153 2729 4187 5531 5294 3637 5666 5295 5278
2644 11 2 1 3 2332 2336 4246 4292 2575 5667 5668 5669 5470 5670
2645 11 2 1 3 1956 4287 2669 4304 4685 5671 5672 4686 5673 4687
2646 11 2 1 3 2904 2737 4173 4208 3668 5128 5674 5675 5131 5130
2647 11 2 1 3 2904 2737 2735 4173 3668 3667 3669 5674 5208 5128
2648 11 2 1 3 2326 4200 686 4290 5676 5045 5677 5678 5465 4783
2649 11 2 1 3 4196 4245 463 4262 5397 5452 5679 4831 5602 5601
2650 11 2 1 3 680 494 733 4178 1679 1680 1682 4550 4448 4308
2651 11 2 1 3 510 512 4218 4221 1645 5623 5411 5409 5410 5622
2652 11 2 1 3 2920 2681 4290 4294 3143 5049 4422 4757 4759 5680
2653 11 2 1 3 2322 2679 2921 4201 5559 3203 5681 5560 5682 5561
2654 11 2 1 3 2902 4171 4150 4181 5427 5457 5683 5428 4546 5429
2655 11 2 1 3 4160 4185 400 4189 4904 4903 4901 5441 5684 5442
2656 11 2 1 3 457 4163 4135 4204 5364 5363 5362 5685 5615 5614
2657 11 2 1 3 720 2243 2235 2241 5387 2280 4744 4327 2300 2281
2658 11 2 1 3 2761 4187 4165 4282 5598 5599 5597 5686 5687 5688
2659 11 2 1 3 2731 4171 4153 4187 5532 5426 5531 5666 5278 5689
2660 11 2 1 3 501 4203 689 4273 5690 5322 1706 5691 5320 5321
2661 11 2 1 3 1949 4236 692 4244 5692 5693 5694 5695 5696 5697
2662 11 2 1 3 2693 2759 2695 4167 3459 3458 3457 4678 4808 5417
2663 11 2 1 3 2782 4230 4260 4294 5698 5699 5700 5701 5311 5702
2664 11 2 1 3 544 554 555 4255 1821 1059 1825 5377 5378 5703
2665 11 2 1 3 2945 4259 4234 4280 5704 5209 5705 5706 5212 5214
2666 11 2 1 3 668 4149 4161 4213 5540 5344 5542 5707 4404 5404
2667 11 2 1 3 4180 4253 673 4254 5708 5709 5710 5711 5712 5713
2668 11 2 1 3 2822 2973 1955 4233 3037 5714 5715 5716 5245 5717
2669 11 2 1 3 499 4192 630 4269 5574 5718 1703 5575 5719 5576
2670 11 2 1 3 669 4150 444 4171 5459 5720 1429 5458 5721 5457
2671 11 2 1 3 527 374 526 4235 1089 1085 1090 4406 4370 4496
2672 11 2 1 3 440 4153 443 4187 5276 5722 1417 5277 5723 5278
2673 11 2 1 3 2932 4224 2968 4262 4961 4719 3747 4863 4721 4720
2674 11 2 1 3 436 665 4138 4145 1389 5257 5724 5725 5228 5308
2675 11 2 1 3 465 4142 4133 4238 4432 4351 4421 5726 5727 4312
2676 11 2 1 3 2930 4128 4207 4221 4827 5191 5728 4828 5192 4567
2677 11 2 1 3 506 513 4158 4222 1649 5616 5547 5548 4999 5617
2678 11 2 1 3 2938 4236 4165 4257 5729 5660 5730 5731 5663 5665
2679 11 2 1 3 4152 4194 2900 4231 5087 5732 5003 4881 5004 5467
2680 11 2 1 3 2706 4191 4180 4253 5514 5733 5734 5515 5708 5516
2681 11 2 1 3 2799 4251 4231 4294 5635 4885 5634 5735 5528 5089
2682 11 2 1 3 633 4210 4173 4220 5281 5230 5280 5736 5566 4846
2683 11 2 1 3 614 4234 612 4275 5737 5211 1020 5738 5337 5338
2684 11 2 1 3 463 4151 472 4262 5450 5449 1524 5602 5739 5028
2685 11 2 1 3 2701 4144 4176 4191 5134 4798 5082 5740 5328 5327
2686 11 2 1 3 483 484 473 4184 1580 1579 1574 5400 5026 5205
2687 11 2 1 3 4127 2890 4243 4265 5741 5742 5743 5744 5745 5746
2688 11 2 1 3 2986 2686 2304 4256 3222 5747 5284 4897 5285 5748
2689 11 2 1 3 2890 2889 4127 4243 3563 5749 5741 5742 5743 5750
2690 11 2 1 3 2793 4192 2929 4269 5751 5637 3938 5752 5638 5576
2691 11 2 1 3 2923 4162 4149 4205 5753 5489 5754 5755 5492 5333
2692 11 2 1 3 617 4174 613 4227 5756 5262 1932 5757 5260 5261
2693 11 2 1 3 2835 2781 2834 4215 3887 3441 3888 5167 5384 5174
2694 11 2 1 3 510 4218 700 4266 5411 5758 1743 5412 5759 5413
2695 11 2 1 3 2845 2981 4290 4294 4034 5309 5760 5761 4759 5312
2696 11 2 1 3 2922 2738 4159 4219 3681 5543 5649 4629 4495 5762
2697 11 2 1 3 4155 4201 2809 4273 5479 5557 5556 5763 5764 5765
2698 11 2 1 3 2812 4203 4273 4292 5766 5321 5767 5768 5325 5324
2699 11 2 1 3 2886 2811 2771 4298 3274 3849 3841 4939 4467 5530
2700 11 2 1 3 4182 4230 703 4260 5769 5770 5771 5772 5773 5699
2701 11 2 1 3 2810 2772 2909 4261 3832 3852 3385 5415 4673 5001
2702 11 2 1 3 667 4131 438 4132 5774 5248 1400 5775 5246 5247
2703 11 2 1 3 2351 2304 2334 2986 2562 2478 2479 5351 4895 5284
2704 11 2 1 3 4135 4140 455 4204 5776 4984 5777 5615 4985 4909
2705 11 2 1 3 1952 3000 2656 4236 5778 3051 5504 5502 5503 5779
2706 11 2 1 3 4148 4157 577 4215 5497 5780 4633 4391 4632 5498
2707 11 2 1 3 543 4170 532 4255 5781 5290 1802 5782 5292 5291
2708 11 2 1 3 2748 4164 4154 4245 5783 5784 5785 5786 5787 5373
2709 11 2 1 3 2322 2915 4201 4246 5558 5562 5560 5788 5789 5790
2710 11 2 1 3 602 4197 4153 4217 5791 5792 5568 5570 5569 5793
2711 11 2 1 3 2240 721 2242 2232 5105 5463 2282 2285 2258 5794
2712 11 2 1 3 2976 2845 4200 4290 3406 5795 5796 5797 4783 5760
2713 11 2 1 3 2974 2674 2327 4202 3218 5545 5798 5799 5546 5136
2714 11 2 1 3 414 4191 4188 4253 5800 5513 5801 5802 5517 5516
2715 11 2 1 3 2952 2722 2723 4175 3601 3596 3602 5012 4593 5803
2716 11 2 1 3 4153 4171 443 4187 5426 5804 5722 5278 5723 5689
2717 11 2 1 3 2970 4182 2795 4241 5805 5806 3810 5807 5808 5809
2718 11 2 1 3 2923 4149 4162 4213 5754 5489 5753 5810 5553 5404
2719 11 2 1 3 2741 4140 4135 4204 5143 5776 5811 5144 5615 4909
2720 11 2 1 3 650 602 4153 4169 1912 5568 5812 5813 5275 5567
2721 11 2 1 3 2896 4174 4227 4275 5814 5261 5815 5816 5265 5264
2722 11 2 1 3 2699 2700 4176 4214 3478 5817 4749 5628 5630 5818
2723 11 2 1 3 735 4182 540 4241 5819 5820 1817 5821 5822 5809
2724 11 2 1 3 2309 713 2328 4290 5823 4356 2379 5048 4424 4423
2725 11 2 1 3 2931 2756 4134 4194 3710 5085 5079 5080 4727 5086
2726 11 2 1 3 609 608 607 4249 1919 1916 1920 4559 4589 5179
2727 11 2 1 3 663 4179 4275 4279 5824 5825 5826 5827 5828 5829
2728 11 2 1 3 2786 4222 4158 4233 5830 4999 5107 5108 4426 5619
2729 11 2 1 3 1955 384 4233 4252 5287 4529 5245 5831 4431 5217
2730 11 2 1 3 439 4138 665 4169 5832 5257 1398 5833 5255 5256
2731 11 2 1 3 2343 678 2323 4166 5834 5835 2393 5836 5837 5838
2732 11 2 1 3 1956 1993 1973 4287 2027 2022 2134 4685 5839 4684
2733 11 2 1 3 577 4148 583 4157 4633 5840 1858 5780 5841 5497
2734 11 2 1 3 433 4162 628 4205 5490 5842 1368 5493 5843 5333
2735 11 2 1 3 4133 4142 2906 4238 4351 4378 4377 5727 5844 4312
2736 11 2 1 3 4134 4198 466 4261 5297 5306 5845 5488 5307 5116
2737 11 2 1 3 2748 4154 4196 4245 5785 5846 5847 5786 5397 5787
2738 11 2 1 3 2934 4151 4245 4262 5379 5453 5848 5380 5601 5028
2739 11 2 1 3 2970 4182 4241 4260 5805 5809 5807 5849 5850 5772
2740 11 2 1 3 2730 2729 4153 4169 3629 5294 5851 5852 5275 5293
2741 11 2 1 3 721 2232 2240 4256 5794 2285 5105 5106 4898 5853
2742 11 2 1 3 2326 2976 4200 4290 5854 5796 5676 5678 4783 5797
2743 11 2 1 3 2660 1966 2911 4178 5855 5856 3075 5857 5858 5859
2744 11 2 1 3 2709 4146 4188 4228 4929 5187 5591 5860 5486 5485
2745 11 2 1 3 2671 2591 2842 4278 5861 5862 3231 5863 5864 5865
2746 11 2 1 3 1963 1983 4218 4237 2229 5866 5867 5868 5624 5869
2747 11 2 1 3 663 4275 4174 4279 5826 5264 5870 5827 5871 5828
2748 11 2 1 3 663 618 4179 4279 1595 5872 5824 5827 5829 5873
2749 11 2 1 3 557 4172 547 4254 5874 4656 1763 5875 4655 4362
2750 11 2 1 3 2873 2872 2871 4213 4083 4080 3249 4614 4698 5076
2751 11 2 1 3 562 2590 2588 4277 5146 2632 5549 5147 5551 4979
2752 11 2 1 3 4180 4191 413 4253 5733 5876 5877 5708 5878 5516
2753 11 2 1 3 508 4251 516 4294 5203 4694 1736 5527 4857 5089
2754 11 2 1 3 2927 4138 2725 4145 5227 5879 3611 5222 5880 5228
2755 11 2 1 3 542 4192 541 4296 4436 5881 1151 4437 5882 4438
2756 11 2 1 3 2348 2310 2674 2327 2471 5461 5137 2568 5545 2558
2757 11 2 1 3 487 4158 513 4233 4428 5616 1648 4427 5618 4426
2758 11 2 1 3 524 4260 4230 4294 5883 5699 5884 5885 5702 5311
2759 11 2 1 3 672 4165 4132 4187 5886 5596 5887 5888 5300 5599
2760 11 2 1 3 469 453 451 4198 1471 1470 1472 4397 5018 4637
2761 11 2 1 3 2334 2304 575 4256 2478 5889 5650 4896 5651 5285
2762 11 2 1 3 382 4249 643 4259 4618 5890 924 5181 5891 5182
2763 11 2 1 3 2945 4234 4275 4280 5705 5338 5892 5706 5339 5212
2764 11 2 1 3 1955 687 384 4252 5402 776 5287 5831 5217 5216
2765 11 2 1 3 4167 4215 2857 4266 5563 5893 5894 5565 5895 5173
2766 11 2 1 3 2907 2708 4156 4269 3520 5896 5897 5898 5899 5900
2767 11 2 1 3 730 691 556 4239 1851 1850 1847 5316 5901 5317
2768 11 2 1 3 4136 4137 691 4179 5605 5315 5606 5902 5903 5904
2769 11 2 1 3 2592 2671 4240 4278 5905 5906 5907 5908 5909 5863
2770 11 2 1 3 4182 540 4241 4260 5820 5822 5809 5772 5850 5910
2771 11 2 1 3 2884 4131 2876 4132 5911 5587 4092 5912 5586 5247
2772 11 2 1 3 2948 2812 4273 4292 3283 5767 5631 5633 5325 5768
2773 11 2 1 3 2885 4253 4180 4254 5913 5708 5914 5915 5711 5713
2774 11 2 1 3 434 4145 437 4149 5916 5193 1386 5917 5196 5198
2775 11 2 1 3 2862 4142 2863 4238 5918 4380 3968 5919 4381 4312
2776 11 2 1 3 625 4156 4188 4269 5920 5188 5921 5922 5923 5899
2777 11 2 1 3 613 4275 612 4280 5263 5337 1930 5525 5213 5339
2778 11 2 1 3 4156 4170 2907 4269 5924 5925 5897 5899 5898 5926
2779 11 2 1 3 620 375 2239 4268 866 5927 5928 5929 5930 5931
2780 11 2 1 3 623 4155 499 4269 5932 5573 1593 5933 5575 5577
2781 11 2 1 3 2896 4275 4227 4280 5816 5265 5815 5934 5526 5339
2782 11 2 1 3 2922 4261 2768 4285 5117 5579 3705 4631 5935 5118
2783 11 2 1 3 2925 4160 2942 4189 5439 5936 3760 5440 5937 5441
2784 11 2 1 3 498 4201 4155 4273 5938 5479 5939 5940 5763 5765
2785 11 2 1 3 412 410 4144 4191 1265 5266 5941 5499 5327 5326
2786 11 2 1 3 2837 4218 4221 4266 5942 5410 5943 5944 5414 5413
2787 11 2 1 3 2761 2901 4132 4187 3655 5945 5595 5598 5300 5946
2788 11 2 1 3 2766 4169 4153 4217 5947 5275 5948 5949 5569 4464
2789 11 2 1 3 2335 2593 2595 4200 5950 2635 5951 5952 5953 5954
2790 11 2 1 3 524 522 4260 4294 1771 5603 5883 5885 5311 5604
2791 11 2 1 3 1972 2680 2911 4178 4393 3072 5955 4510 5858 4592
2792 11 2 1 3 587 492 654 4194 1672 1513 1547 5956 4728 5957
2793 11 2 1 3 2743 2931 4134 4204 3708 5079 5958 5959 4730 5081
2794 11 2 1 3 4165 4187 672 4282 5599 5888 5886 5687 5960 5688
2795 11 2 1 3 671 1963 4218 4237 5961 5867 5962 5963 5624 5868
2796 11 2 1 3 2798 2767 4243 4255 3829 5964 5965 5966 4794 5967
2797 11 2 1 3 507 4152 714 4251 4882 5968 1732 4883 5969 4884
2798 11 2 1 3 2746 2744 4135 4204 3712 5970 5474 5613 5615 5971
2799 11 2 1 3 2857 4215 2781 4266 5893 5174 3450 5895 5172 5173
2800 11 2 1 3 2739 2922 2738 4198 3682 3681 3676 5139 5544 4630
2801 11 2 1 3 2900 4152 2792 4194 5003 5972 3934 5732 5973 5087
2802 11 2 1 3 660 661 579 4215 1747 1867 1866 5494 5353 5352
2803 11 2 1 3 2960 2992 2794 4296 3317 3942 3930 4515 4713 5974
2804 11 2 1 3 2727 2726 4138 4169 3616 5330 5975 5976 5256 5329
2805 11 2 1 3 2969 2873 2654 4235 3253 3250 3063 4953 4519 4369
2806 11 2 1 3 2746 4135 2757 4226 5474 5977 3713 5475 5978 5367
2807 11 2 1 3 1970 2822 1955 4233 4410 5715 2149 4530 5245 5716
2808 11 2 1 3 2882 4207 4128 4214 5388 5191 5979 5389 5980 5059
2809 11 2 1 3 2322 4201 2342 4246 5560 5981 2574 5788 5982 5789
2810 11 2 1 3 613 4174 663 4275 5262 5870 1937 5263 5826 5264
2811 11 2 1 3 632 4140 4135 4222 5015 5776 5983 5017 5984 4935
2812 11 2 1 3 582 390 2592 4278 985 5985 5986 5987 5908 5988
2813 11 2 1 3 605 4177 4195 4289 5989 4834 4887 4888 4768 5555
2814 11 2 1 3 665 606 4169 4183 1413 4459 5255 5258 4460 4461
2815 11 2 1 3 2316 2336 2332 4292 2582 2575 2463 5990 5669 5670
2816 11 2 1 3 2973 1955 4233 4252 5714 5245 5717 5991 4431 5831
2817 11 2 1 3 2323 4166 678 4270 5837 5838 5835 5992 5993 4691
2818 11 2 1 3 1964 1985 1978 4291 2231 2220 2073 4500 5994 5243
2819 11 2 1 3 630 4192 4170 4269 5718 5288 5995 5719 5926 5576
2820 11 2 1 3 522 523 524 4260 1111 1772 1771 5603 5883 4781
2821 11 2 1 3 460 4154 461 4164 5996 5997 1509 5369 5998 5784
2822 11 2 1 3 2839 4221 4218 4237 5999 5410 6000 6001 5624 5626
2823 11 2 1 3 2708 4188 4156 4269 6002 5188 5896 5900 5899 5923
2824 11 2 1 3 529 4229 545 4235 5593 6003 1788 5584 6004 5594
2825 11 2 1 3 1949 385 692 4236 6005 785 5694 5692 5693 6006
2826 11 2 1 3 2314 2664 2337 4166 6007 6008 2497 6009 6010 6011
2827 11 2 1 3 2744 2741 4135 4204 3699 5811 5970 5971 5615 5144
2828 11 2 1 3 2904 4208 4173 4220 5675 5131 5674 6012 5566 5519
2829 11 2 1 3 1966 387 641 4178 6013 817 6014 5859 6015 6016
2830 11 2 1 3 2907 4156 2758 4170 5897 6017 3535 5925 6018 5924
2831 11 2 1 3 2938 2950 4236 4257 4024 6019 5729 5731 5665 6020
2832 11 2 1 3 605 4195 597 4211 4887 6021 1889 4886 6022 4765
2833 11 2 1 3 2743 4134 2741 4204 5958 5142 3697 5959 5144 4730
2834 11 2 1 3 2824 4259 2825 4280 5374 6023 3295 4964 6024 5214
2835 11 2 1 3 4130 4168 2698 4214 6025 5240 6026 5629 5241 4951
2836 11 2 1 3 2871 2868 2959 4283 4077 4072 3252 4854 5652 5641
2837 11 2 1 3 2844 2976 2845 4200 3137 3406 4032 6027 5795 5796
2838 11 2 1 3 612 4234 364 4259 5211 6028 1021 5210 6029 5209
2839 11 2 1 3 669 447 4150 4181 1438 4492 5459 5460 4546 4547
2840 11 2 1 3 396 4189 4186 4216 6030 6031 5150 5152 5153 6032
2841 11 2 1 3 4131 4161 2876 4212 5342 6033 5587 5589 5588 5582
2842 11 2 1 3 2792 4152 2756 4194 5972 5083 3774 5973 5086 5087
2843 11 2 1 3 2944 2799 2920 4251 3960 3961 3308 5169 4360 5635
2844 11 2 1 3 2940 2986 2240 4256 3109 4894 6034 6035 4898 4897
2845 11 2 1 3 2863 4199 2864 4238 4841 6036 4056 4381 6037 4842
2846 11 2 1 3 2880 2668 2238 4268 3121 6038 6039 6040 6041 6042
2847 11 2 1 3 2885 4254 4180 4307 5915 5711 5914 6043 6044 6045
2848 11 2 1 3 485 4303 517 4304 4852 6046 1638 4509 6047 4853
2849 11 2 1 3 2981 2782 4260 4294 3893 5700 5310 5312 5311 5701
2850 11 2 1 3 549 557 547 4254 1831 1763 1829 6048 4655 5875
2851 11 2 1 3 2669 1956 2972 4287 5672 6049 3022 5671 6050 4685
2852 11 2 1 3 2928 4160 4168 4299 4899 4711 4900 6051 6052 6053
2853 11 2 1 3 2982 2970 2795 4241 3947 3810 3945 6054 5808 5807
2854 11 2 1 3 2904 4158 4208 4220 6055 4997 5675 6012 5519 5521
2855 11 2 1 3 1981 1998 2983 1951 2209 5535 4375 2125 4611 2208
2856 11 2 1 3 2337 4166 2664 4251 6010 6011 6008 6056 6057 6058
2857 11 2 1 3 548 4254 549 4298 6059 6048 1830 6060 6061 4468
2858 11 2 1 3 625 4188 415 4269 5921 6062 1290 5922 6063 5923
2859 11 2 1 3 643 4249 608 4259 5890 5179 1130 5891 6064 5182
2860 11 2 1 3 549 4254 547 4298 6048 4655 1829 6061 4787 4468
2861 11 2 1 3 531 4192 4155 4201 6065 5476 6066 6067 5479 5481
2862 11 2 1 3 2982 2970 4241 4260 3947 5807 6054 6068 5850 5849
2863 11 2 1 3 4156 4170 584 4255 5924 6069 6070 6071 6072 5291
2864 11 2 1 3 438 441 4132 4187 1406 6073 5246 5298 5300 6074
2865 11 2 1 3 2333 2314 2337 4166 2577 2497 2578 6075 6010 6009
2866 11 2 1 3 2994 2934 2991 4262 3950 3748 4053 4994 5627 5380
2867 11 2 1 3 1974 2672 2975 4267 6076 3102 6077 6078 6079 6080
2868 11 2 1 3 2779 4177 2788 4219 6081 4836 3879 6082 4838 4837
2869 11 2 1 3 2779 2788 2787 4219 3879 3878 3875 6082 4803 4838
2870 11 2 1 3 2729 2727 4138 4169 3626 5975 5454 5293 5256 5976
2871 11 2 1 3 586 628 433 4162 1381 1368 1382 5647 5490 5842
2872 11 2 1 3 582 2592 4240 4278 5986 5907 6083 5987 5909 5908
2873 11 2 1 3 622 4168 4130 4214 4967 6025 6084 4968 5629 4951
2874 11 2 1 3 438 4138 440 4187 5249 5408 1404 5298 5277 5299
2875 11 2 1 3 4190 4243 2767 4255 6085 5964 6086 6087 5967 4794
2876 11 2 1 3 2883 4135 4140 4222 6088 5776 5251 5252 4935 5984
2877 11 2 1 3 1971 2656 2965 4258 6089 3054 6090 6091 6092 5506
2878 11 2 1 3 700 510 729 4218 1743 1744 1106 5758 5642 5411
2879 11 2 1 3 465 4133 629 4238 4421 6093 1328 5726 6094 5727
2880 11 2 1 3 2970 4230 4182 4260 6095 5769 5805 5849 5772 5699
2881 11 2 1 3 414 413 4191 4253 1274 5876 5800 5802 5516 5878
2882 11 2 1 3 533 4210 518 4244 6096 5368 1073 6097 5070 4849
2883 11 2 1 3 2333 4166 2337 4251 6075 6010 2578 6098 6056 6058
2884 11 2 1 3 4128 4207 405 4214 5191 5056 6099 5980 5058 5059
2885 11 2 1 3 502 490 491 4283 1660 1361 1661 4928 4726 5031
2886 11 2 1 3 2920 4251 2799 4294 4360 5635 3961 4757 5735 5089
2887 11 2 1 3 632 4135 648 4222 5983 6100 1493 5017 6101 5984
2888 11 2 1 3 551 4180 673 4254 6102 5710 1283 6103 5712 5711
2889 11 2 1 3 2307 4201 2921 4296 6104 5682 6105 6106 6107 6108
2890 11 2 1 3 2894 4174 4275 4279 6109 5264 6110 6111 5828 5871
2891 11 2 1 3 2882 2697 2695 4214 3468 3467 3469 5389 5077 6112
2892 11 2 1 3 2322 2313 2915 4246 2546 6113 5558 5788 5790 6114
2893 11 2 1 3 2722 4175 2952 4227 5803 5012 3601 6115 5319 4813
2894 11 2 1 3 1952 702 1965 4236 5610 6116 2056 5502 6117 5611
2895 11 2 1 3 623 4144 4155 4269 6118 6119 5932 5933 5577 6120
2896 11 2 1 3 2927 2924 4131 4149 3615 5341 5223 5224 5197 5340
2897 11 2 1 3 2736 2738 2778 4159 3671 3674 3673 6121 6122 5543
2898 11 2 1 3 455 454 456 4204 1477 1485 1484 4985 6123 4908
2899 11 2 1 3 2350 2593 2335 4200 6124 5950 2480 6125 5952 5954
2900 11 2 1 3 2326 2976 2844 4200 5854 3137 6126 5676 6027 5796
2901 11 2 1 3 2982 4241 4240 4260 6054 6127 6128 6068 6129 5850
2902 11 2 1 3 460 461 462 4164 1509 1515 1514 5369 5370 5998
2903 11 2 1 3 554 370 555 4239 1061 1060 1059 4735 4346 6130
2904 11 2 1 3 689 4203 501 4292 5322 5690 1706 5323 6131 5324
2905 11 2 1 3 2324 2345 619 2353 2570 5348 4472 2564 4989 2415
2906 11 2 1 3 617 663 613 4174 1938 1937 1932 5756 5262 5870
2907 11 2 1 3 2793 4170 4192 4269 6132 5288 5751 5752 5576 5926
2908 11 2 1 3 2753 2925 2694 4185 3465 3454 3463 4974 4818 5438
2909 11 2 1 3 2921 2307 2322 4201 6105 2543 5681 5682 5560 6104
2910 11 2 1 3 2753 2942 2925 4160 3758 3760 3465 4973 5439 5936
2911 11 2 1 3 524 703 4230 4260 1780 5770 5884 5883 5699 5773
2912 11 2 1 3 535 536 4236 4257 1806 5661 6133 6134 5665 5664
2913 11 2 1 3 605 597 710 4211 1889 1055 909 4886 6135 6022
2914 11 2 1 3 443 4153 669 4171 5722 5600 1430 5804 5458 5426
2915 11 2 1 3 2708 2758 2907 4156 3533 3535 3520 5896 5897 6017
2916 11 2 1 3 444 4171 4150 4282 5721 5457 5720 6136 6137 6138
2917 11 2 1 3 557 4253 4172 4254 6139 6140 5874 5875 4362 5713
2918 11 2 1 3 2686 4202 2304 4256 6141 6142 5747 5748 5285 4443
2919 11 2 1 3 2766 4153 4197 4217 5948 5792 6143 5949 5793 5569
2920 11 2 1 3 679 4161 4131 4212 6144 5342 5656 5657 5589 5582
2921 11 2 1 3 1964 1978 374 4291 2073 6145 4498 4500 4499 5994
2922 11 2 1 3 1972 2911 1953 4178 5955 6146 2178 4510 6147 5858
2923 11 2 1 3 730 691 4137 4179 1851 5315 5314 6148 5904 5903
2924 11 2 1 3 4177 698 4285 4289 6149 6150 6151 5555 6152 6153
2925 11 2 1 3 1966 4178 2660 4250 5859 5857 5855 6154 6155 4355
2926 11 2 1 3 1966 387 4178 4250 6013 6016 5859 6154 4355 6156
2927 11 2 1 3 2706 4188 2705 4191 5512 6157 3508 5514 6158 5513
2928 11 2 1 3 2786 2785 4222 4233 3900 6159 5830 5108 5619 6160
2929 11 2 1 3 1949 2831 4236 4244 6161 6162 5692 5695 5697 6163
2930 11 2 1 3 411 4180 4176 4191 6164 6165 5335 5336 5328 5733
2931 11 2 1 3 472 4151 473 4262 5449 5024 1530 5739 5027 5028
2932 11 2 1 3 2592 2591 2671 4278 2617 5861 5905 5908 5863 5865
2933 11 2 1 3 622 404 402 4141 1226 1225 1227 4966 4715 5447
2934 11 2 1 3 404 405 403 4141 1230 1229 1224 5447 4789 5057
2935 11 2 1 3 428 426 4264 4284 1345 6166 6167 6168 6169 6170
2936 11 2 1 3 671 1979 1963 4237 6171 2110 5961 5963 5868 6172
2937 11 2 1 3 539 718 4200 4260 1776 5044 6173 6174 4780 5135
2938 11 2 1 3 467 632 4158 4208 1468 5032 5508 5511 4997 5016
2939 11 2 1 3 2905 2726 4169 4183 3621 5329 4502 4501 4460 5331
2940 11 2 1 3 541 542 532 4192 1151 1801 1800 5881 5289 4436
2941 11 2 1 3 1957 1974 1995 4267 2204 2215 2118 6175 6176 6078
2942 11 2 1 3 2724 2927 4145 4149 3612 5222 6177 6178 5198 5224
2943 11 2 1 3 522 4290 523 4294 6179 4784 1111 5604 5437 4759
2944 11 2 1 3 593 4219 4177 4285 6180 4837 6181 6182 6151 4401
2945 11 2 1 3 4143 4186 396 4189 6183 5150 6184 6185 6030 6031
2946 11 2 1 3 579 705 578 4215 1864 1180 1859 5353 5444 4873
2947 11 2 1 3 458 4163 457 4204 6186 5364 1494 6187 5685 5614
2948 11 2 1 3 605 4177 595 4195 5989 6188 1888 4887 6189 4834
2949 11 2 1 3 2336 2316 2340 4292 2582 2581 2552 5670 6190 5990
2950 11 2 1 3 593 469 4219 4285 1560 4399 6180 6182 4401 4400
2951 11 2 1 3 643 382 608 4249 924 1131 1130 5890 5179 4618
2952 11 2 1 3 2951 2664 2314 4166 3149 6007 6191 6192 6009 6011
2953 11 2 1 3 2335 2595 723 4200 5951 6193 6194 5952 6195 5953
2954 11 2 1 3 2823 2954 2661 4249 3294 3173 3291 4996 4704 4454
2955 11 2 1 3 2866 2864 4199 4238 4064 6036 5269 5033 4842 6037
2956 11 2 1 3 2970 2782 4230 4260 3808 5698 6095 5849 5699 5700
2957 11 2 1 3 394 686 2303 4200 882 6196 6197 6198 6199 5045
2958 11 2 1 3 2754 4153 2902 4181 6200 5425 3650 6201 5428 5430
2959 11 2 1 3 2898 2722 4175 4264 3590 5803 6202 6203 6204 6205
2960 11 2 1 3 2742 2768 4198 4261 3703 5578 5643 5645 5116 5579
2961 11 2 1 3 484 4248 485 4262 5235 5009 1582 5206 4505 5011
2962 11 2 1 3 2332 4246 644 4292 5668 6206 6207 5669 6208 5470
2963 11 2 1 3 4176 4180 2701 4191 6165 6209 5082 5328 5740 5733
2964 11 2 1 3 691 4136 556 4239 5606 6210 1850 5317 5901 5607
2965 11 2 1 3 2947 4201 4192 4296 6211 5481 6212 6213 4438 6108
2966 11 2 1 3 432 4145 434 4149 6214 5916 1375 6215 5917 5198
2967 11 2 1 3 651 4207 482 4266 5095 6216 1243 6217 6218 6219
2968 11 2 1 3 638 732 681 4129 770 1144 1695 5114 4760 4333
2969 11 2 1 3 584 4156 625 4170 6070 5920 1311 6069 6220 5924
2970 11 2 1 3 531 4155 498 4201 6066 5939 1698 6067 5938 5479
2971 11 2 1 3 2869 2720 4147 4205 3593 6221 4340 5332 5334 6222
2972 11 2 1 3 2937 4186 4143 4189 5608 6183 6223 6224 6185 6031
2973 11 2 1 3 543 532 542 4255 1802 1801 1803 5782 4434 5292
2974 11 2 1 3 1956 1975 726 4302 2025 6225 6226 6227 6228 6229
2975 11 2 1 3 1974 4267 2975 4286 6078 6079 6077 6230 6231 4877
2976 11 2 1 3 518 4210 519 4220 5368 6232 1622 5067 6233 4846
2977 11 2 1 3 463 472 473 4262 1524 1530 1529 5602 5027 5739
2978 11 2 1 3 602 4169 606 4217 5567 4459 1911 5570 4462 4464
2979 11 2 1 3 4240 4241 540 4260 6127 5822 6234 6129 5910 5850
2980 11 2 1 3 2923 4162 2870 4213 5753 6235 4078 5810 6236 5553
2981 11 2 1 3 719 4301 4247 4307 6237 6238 6239 6240 6241 6242
2982 11 2 1 3 2758 4156 4190 4255 6017 5074 6243 6244 6087 6071
2983 11 2 1 3 2784 2786 2785 4222 3901 3900 3897 6245 6159 5830
2984 11 2 1 3 2874 4212 4161 4235 6246 5582 6247 6248 4407 5585
2985 11 2 1 3 2780 4217 4197 4232 6249 5793 6250 6251 6252 6253
2986 11 2 1 3 408 4176 406 4214 5050 6254 1244 5646 6255 5630
2987 11 2 1 3 444 669 447 4150 1429 1438 1437 5720 4492 5459
2988 11 2 1 3 406 4128 405 4214 6256 6099 1234 6255 5058 5980
2989 11 2 1 3 4128 406 4176 4214 6256 6254 6257 5980 5630 6255
2990 11 2 1 3 538 695 503 4283 1026 1714 1720 5189 6258 5355
2991 11 2 1 3 2781 2836 4266 4267 3889 6259 5172 5175 5176 6260
2992 11 2 1 3 397 4143 396 4189 6261 6184 1117 6262 6030 6185
2993 11 2 1 3 2721 4145 2723 4175 5301 4595 3597 5302 4593 4594
2994 11 2 1 3 4136 4239 2891 4243 5607 6263 6264 6265 6266 4348
2995 11 2 1 3 2590 2941 2588 4277 5164 6267 2632 4979 5551 5165
2996 11 2 1 3 732 638 1990 4281 770 6268 4544 4336 4545 5115
2997 11 2 1 3 4180 4254 551 4307 5711 6103 6102 6044 6269 6045
2998 11 2 1 3 679 4131 667 4132 5656 5774 1844 5655 5775 5247
2999 11 2 1 3 531 4192 4201 4296 6065 5481 6067 6270 6108 4438
3000 11 2 1 3 444 4150 445 4282 5720 6271 1427 6136 6272 6137
3001 11 2 1 3 2317 4234 2338 4259 6273 6274 2584 6275 6276 5209
3002 11 2 1 3 1956 4302 726 4304 6227 6228 6226 4686 6277 6278
3003 11 2 1 3 2703 4180 2706 4191 6279 5734 3509 6280 5514 5733
3004 11 2 1 3 1995 4267 1974 4286 6176 6078 2215 6281 6230 4877
3005 11 2 1 3 507 714 508 4251 1732 1731 1674 4883 5203 5969
3006 11 2 1 3 2770 2771 4253 4254 3752 6282 6283 6284 5713 4363
3007 11 2 1 3 436 4138 437 4145 5724 5268 1387 5725 5193 5228
3008 11 2 1 3 2703 2701 4180 4191 3496 6209 6279 6280 5733 5740
3009 11 2 1 3 2881 4192 2947 4201 5477 6212 3939 5480 6211 5481
3010 11 2 1 3 450 448 4159 4208 1455 5158 4918 5065 5063 5159
3011 11 2 1 3 2671 2971 2592 4240 3234 6285 5905 5906 5907 6286
3012 11 2 1 3 2322 2342 2313 4246 2574 2460 2546 5788 6114 5982
3013 11 2 1 3 2808 4166 4152 4251 6287 4671 5002 5006 4884 6058
3014 11 2 1 3 2311 382 643 4259 4969 924 6288 5180 5891 5181
3015 11 2 1 3 2968 4225 2805 4304 4718 6289 3977 6290 6291 6292
3016 11 2 1 3 2824 2825 2826 4280 3295 4014 4013 4964 5483 6024
3017 11 2 1 3 2350 2984 2593 4200 6293 6294 6124 6125 5954 6295
3018 11 2 1 3 4186 4189 2937 4216 6031 6224 5608 5153 5609 6032
3019 11 2 1 3 647 4185 4157 4268 6296 5124 6297 6298 6299 6300
3020 11 2 1 3 2729 4138 2728 4187 5454 5361 3627 5295 5394 5299
3021 11 2 1 3 2876 4131 2875 4161 5587 5658 4088 6033 5659 5342
3022 11 2 1 3 4210 4236 2817 4244 6301 6302 5155 4849 5156 5697
3023 11 2 1 3 426 4139 4264 4284 6303 6304 6166 6170 6169 6305
3024 11 2 1 3 2946 4137 4136 4179 6306 5605 6307 6308 5902 5904
3025 11 2 1 3 2884 2728 4131 4132 3633 5359 5911 5912 5247 5360
3026 11 2 1 3 2911 1966 1953 4178 5856 2087 6146 5858 6147 5859
3027 11 2 1 3 654 459 456 4204 1498 1497 1486 4731 6123 4743
3028 11 2 1 3 625 4170 4156 4269 6220 5924 5920 5922 5899 5926
3029 11 2 1 3 4150 2734 4173 4282 6309 5571 5271 6137 5233 5572
3030 11 2 1 3 467 632 506 4158 1468 1553 1552 5508 5547 5032
3031 11 2 1 3 2591 2592 390 4278 2617 5985 6310 5865 5988 5908
3032 11 2 1 3 2239 2238 620 4268 2270 6311 5928 5930 5929 6041
3033 11 2 1 3 2798 2767 4190 4243 3829 6086 6312 5965 6085 5964
3034 11 2 1 3 529 4212 682 4229 5583 6313 1793 5593 6314 5592
3035 11 2 1 3 440 4138 439 4169 5408 5832 1405 5274 5833 5256
3036 11 2 1 3 479 457 470 4226 1501 1499 1502 6315 5432 5365
3037 11 2 1 3 4172 4253 2771 4254 6140 6282 4364 4362 4363 5713
3038 11 2 1 3 602 670 4153 4197 1903 6316 5568 5791 5792 6317
3039 11 2 1 3 501 689 500 4273 1706 1705 1606 5691 6318 5320
3040 11 2 1 3 1956 1973 2972 4287 2134 6319 6049 4685 6050 5839
3041 11 2 1 3 2898 2719 2722 4264 3582 3588 3590 6203 6205 6320
3042 11 2 1 3 2932 2968 2751 4262 3747 3746 3730 4863 5434 4721
3043 11 2 1 3 4236 4257 2950 4258 5665 6020 6019 5507 6321 6322
3044 11 2 1 3 650 4153 440 4169 5812 5276 1409 5813 5274 5275
3045 11 2 1 3 2922 2779 4219 4285 3685 6082 4629 4631 4401 6323
3046 11 2 1 3 474 4164 4230 4245 6324 6325 6326 6327 6328 5373
3047 11 2 1 3 2894 4275 2895 4279 6110 6329 4112 6111 6330 5828
3048 11 2 1 3 446 445 4150 4282 1434 6271 6331 6332 6137 6272
3049 11 2 1 3 2707 4188 2706 4253 6333 5512 3517 6334 5515 5517
3050 11 2 1 3 524 703 683 4230 1780 1588 1773 5884 6335 5770
3051 11 2 1 3 2778 4159 2738 4219 6122 5543 3674 5171 5762 4495
3052 11 2 1 3 683 524 4230 4294 1773 5884 6335 6336 5702 5885
3053 11 2 1 3 446 445 444 4150 1434 1427 1435 6331 5720 6271
3054 11 2 1 3 2995 2946 4137 4239 4109 6306 6337 6338 5318 6339
3055 11 2 1 3 619 2353 2305 4232 4989 2412 6340 4476 4755 4990
3056 11 2 1 3 2874 4229 4212 4235 6341 5592 6246 6248 5585 5594
3057 11 2 1 3 416 4188 418 4228 5391 5186 1295 6342 5484 5486
3058 11 2 1 3 446 4150 4173 4282 6331 5271 6343 6332 5233 6137
3059 11 2 1 3 2754 2731 2902 4153 3642 3648 3650 6200 5425 5531
3060 11 2 1 3 2831 1965 1949 4236 6344 2053 6161 6162 5692 6117
3061 11 2 1 3 477 4127 4243 4265 6345 5743 6346 6347 5745 5744
3062 11 2 1 3 668 4131 560 4161 5541 6348 1403 5542 6349 5342
3063 11 2 1 3 2726 2725 4138 4145 3609 5879 5330 5423 5228 5880
3064 11 2 1 3 651 482 511 4266 1243 1626 1628 6217 6350 6218
3065 11 2 1 3 4132 4212 2876 4257 5590 5588 5586 6351 6352 6353
3066 11 2 1 3 689 4246 500 4273 5468 6354 1705 5320 6318 5469
3067 11 2 1 3 2758 4170 4156 4255 6018 5924 6017 6244 6071 5291
3068 11 2 1 3 2995 2891 2946 4239 4108 4106 4109 6338 6339 6263
3069 11 2 1 3 622 4130 407 4214 6084 6355 1238 4968 6356 5629
3070 11 2 1 3 2927 4131 2728 4138 5223 5359 3620 5227 5361 5226
3071 11 2 1 3 2837 4221 2838 4266 5943 6357 4028 5944 6358 5414
3072 11 2 1 3 2856 4206 4184 4248 4557 4558 4555 6359 5133 5201
3073 11 2 1 3 2998 2679 2915 4201 3395 3206 3396 6360 5562 5561
3074 11 2 1 3 485 649 658 4262 1640 1642 1583 4505 5055 4552
3075 11 2 1 3 2848 2937 4143 4189 4037 6223 6361 6362 6185 6224
3076 11 2 1 3 512 4221 486 4293 5622 4566 1646 6363 5092 5103
3077 11 2 1 3 4156 584 4190 4255 6070 6364 5074 6071 6087 6072
3078 11 2 1 3 584 625 543 4170 1311 1824 1822 6069 5781 6220
3079 11 2 1 3 2341 2315 2337 4251 2579 2580 2494 4659 6056 4658
3080 11 2 1 3 2820 2819 2674 4242 3369 3368 3370 4582 5138 5455
3081 11 2 1 3 2719 4175 2722 4264 6365 5803 3588 6320 6205 6204
3082 11 2 1 3 2808 2988 4166 4251 3991 6366 6287 5006 6058 6367
3083 11 2 1 3 2307 2349 2322 4201 2452 2566 2543 6104 5560 6368
3084 11 2 1 3 2889 4190 4127 4243 6369 5073 5749 5750 5743 6085
3085 11 2 1 3 2336 2340 2962 4292 2552 6370 6371 5670 6372 6190
3086 11 2 1 3 512 486 685 4293 1646 1643 1647 6363 6373 5092
3087 11 2 1 3 679 4212 4132 4257 5657 5590 5655 6374 6351 6353
3088 11 2 1 3 437 4131 668 4149 5195 5541 1388 5196 5540 5197
3089 11 2 1 3 651 4167 4207 4266 5094 4792 5095 6217 6219 5565
3090 11 2 1 3 432 4149 433 4205 6215 5491 1367 6375 5493 5492
3091 11 2 1 3 627 477 4127 4243 1599 6345 6376 6377 5743 6346
3092 11 2 1 3 4128 4176 2700 4214 6257 5817 6378 5980 5818 5630
3093 11 2 1 3 2747 4163 2932 4196 6379 4862 3721 6380 4861 4829
3094 11 2 1 3 437 438 4131 4138 1394 5248 5195 5268 5226 5249
3095 11 2 1 3 584 4170 543 4255 6069 5781 1822 6072 5782 5291
3096 11 2 1 3 2907 4188 2708 4269 6381 6002 3520 5898 5900 5923
3097 11 2 1 3 2704 4144 2701 4191 6382 5134 3498 6383 5740 5327
3098 11 2 1 3 560 4131 679 4161 6348 5656 1795 6349 6144 5342
3099 11 2 1 3 2239 2880 2238 4268 6384 6039 2270 5930 6041 6040
3100 11 2 1 3 2707 4228 4188 4253 6385 5486 6333 6334 5517 6386
3101 11 2 1 3 512 4237 4221 4293 5625 5626 5622 6363 5103 6387
3102 11 2 1 3 2966 1967 1948 4297 6388 2093 6389 6390 6391 6392
3103 11 2 1 3 595 4177 594 4195 6188 5472 1880 6189 4641 4834
3104 11 2 1 3 2734 4150 2733 4282 6309 6393 3651 5572 6394 6137
3105 11 2 1 3 2794 2947 4192 4296 3940 6212 4712 4713 4438 6213
3106 11 2 1 3 2341 2337 2664 4251 2494 6008 6395 4659 6057 6056
3107 11 2 1 3 398 4160 400 4189 6396 4901 1205 6397 5684 5441
3108 11 2 1 3 694 4250 1948 4297 6398 6399 6400 6401 6391 6402
3109 11 2 1 3 4175 4227 2898 4264 4813 6403 6202 6204 6203 6404
3110 11 2 1 3 3001 2963 4177 4289 3919 5554 6405 6406 5555 5020
3111 11 2 1 3 2349 4201 2307 4296 6368 6104 2452 6407 6106 6108
3112 11 2 1 3 506 513 487 4158 1649 1648 1551 5547 4428 5616
3113 11 2 1 3 429 491 490 4193 1362 1361 1352 4647 5030 4626
3114 11 2 1 3 649 485 517 4304 1640 1638 1641 4553 6047 4509
3115 11 2 1 3 665 4145 435 4183 5308 4620 1390 5258 4621 4597
3116 11 2 1 3 408 407 4130 4214 1245 6355 5051 5646 5629 6356
3117 11 2 1 3 1972 1953 1999 4178 2178 2084 2212 4510 5097 6147
3118 11 2 1 3 2806 4217 2780 4232 6408 6249 3822 6409 6251 6253
3119 11 2 1 3 535 4257 4236 4258 6134 5665 6133 6410 5507 6322
3120 11 2 1 3 471 4168 4160 4299 5036 4711 5035 6411 6053 6052
3121 11 2 1 3 2860 4276 4160 4299 6412 6413 6414 6415 6053 6416
3122 11 2 1 3 2669 4287 2855 4304 5671 6417 3341 5673 6418 4687
3123 11 2 1 3 470 4163 4224 4226 5431 4738 6419 5432 6420 5366
3124 11 2 1 3 627 4127 4190 4243 6376 5073 6421 6377 6085 5743
3125 11 2 1 3 450 449 448 4208 1454 1447 1455 5065 5159 5422
3126 11 2 1 3 2723 4145 2726 4183 4595 5423 3608 4596 5331 4597
3127 11 2 1 3 491 429 628 4162 1362 1359 1363 4624 5842 4640
3128 11 2 1 3 2304 4202 575 4256 6142 6422 5889 5285 5651 4443
3129 11 2 1 3 4157 4185 2833 4268 5124 6423 6424 6299 6425 6300
3130 11 2 1 3 1966 641 1953 4178 6014 6426 2087 5859 6147 6015
3131 11 2 1 3 428 4264 4147 4284 6167 6427 6428 6168 6429 6169
3132 11 2 1 3 399 4189 4185 4268 6430 5442 6431 6432 6300 6433
3133 11 2 1 3 663 4179 618 4275 5824 5872 1595 5826 6434 5825
3134 11 2 1 3 2755 2774 4203 4306 3769 6435 6436 6437 6438 6439
3135 11 2 1 3 2733 4150 2902 4171 6393 5683 3649 6440 5427 5457
3136 11 2 1 3 2734 2735 4150 4173 3657 5270 6309 5571 5271 5208
3137 11 2 1 3 4165 561 4210 4282 6441 5620 6442 5687 5234 5621
3138 11 2 1 3 2798 2797 2767 4255 3828 3827 3829 5966 5967 4793
3139 11 2 1 3 303 2915 2679 2322 3204 3206 3202 2541 5559 5558
3140 11 2 1 3 2887 4158 2904 4220 6443 6055 3795 6444 6012 5521
3141 11 2 1 3 2841 4140 2740 4208 4930 5177 3693 4932 5178 4931
3142 11 2 1 3 4152 4166 714 4251 4671 6445 5968 4884 5969 6058
3143 11 2 1 3 2898 4175 2722 4227 6202 5803 3590 6403 6115 4813
3144 11 2 1 3 613 614 612 4275 1934 1020 1930 5263 5337 5738
3145 11 2 1 3 2784 2841 4158 4222 3903 4998 6446 6245 4999 4933
3146 11 2 1 3 261 2668 2238 2880 3117 6038 2290 3119 6039 3121
3147 11 2 1 3 2774 4273 4203 4306 6447 5321 6435 6439 6438 6448
3148 11 2 1 3 1952 1965 3000 4236 2056 6449 5778 5502 5779 6117
3149 11 2 1 3 2968 2805 2854 4304 3977 3979 3981 6290 4507 6291
3150 11 2 1 3 507 493 492 4194 1669 1522 1670 5466 5957 5500
3151 11 2 1 3 527 4161 529 4235 4405 5581 1785 4406 5584 4407
3152 11 2 1 3 558 399 4185 4268 1203 6431 6450 6451 6300 6432
3153 11 2 1 3 671 4218 512 4237 5962 5623 1751 5963 5625 5624
3154 11 2 1 3 2748 4154 4164 4194 5785 5784 5783 6452 6453 4940
3155 11 2 1 3 2728 4132 2901 4187 5360 5945 3632 5394 5946 5300
3156 11 2 1 3 2929 4155 4144 4269 5636 6119 6454 5638 6120 5577
3157 11 2 1 3 2696 2697 2698 4214 3466 3472 3471 4949 5241 6112
3158 11 2 1 3 4183 4227 610 4280 4814 5471 5204 4563 6455 5526
3159 11 2 1 3 2723 2721 2724 4145 3597 3599 3598 4595 6177 5301
3160 11 2 1 3 686 2326 2303 4200 5677 2372 6196 5045 6199 5676
3161 11 2 1 3 2666 4218 1983 4237 6456 5866 6457 6458 5869 5624
3162 11 2 1 3 385 1949 1965 4236 6005 2053 6459 6006 6117 5692
3163 11 2 1 3 2966 1948 2827 4297 6389 6460 3081 6390 6461 6391
3164 11 2 1 3 716 619 2305 4232 918 6340 4754 4482 4755 4476
3165 11 2 1 3 2659 4246 2336 4292 6462 5667 6463 6464 5670 5470
3166 11 2 1 3 2697 4141 2695 4214 6465 4809 3467 6112 5077 4950
3167 11 2 1 3 2798 4243 2797 4255 5965 4795 3828 5966 4793 4794
3168 11 2 1 3 598 596 604 4271 1890 1892 1891 6466 4844 4821
3169 11 2 1 3 2816 4158 2887 4220 4696 6443 3909 5068 6444 5521
3170 11 2 1 3 587 4152 492 4194 6467 6468 1672 5956 5957 5087
3171 11 2 1 3 344 2842 2671 2591 3226 3231 3230 2640 5861 5862
3172 11 2 1 3 558 4189 399 4268 6469 6430 1203 6451 6432 6433
3173 11 2 1 3 601 690 4232 4249 1908 5126 6470 6471 4477 4756
3174 11 2 1 3 2938 4210 4165 4236 6472 6442 5730 5729 5660 6301
3175 11 2 1 3 430 4175 4205 4264 6473 5304 6474 6475 6476 6204
3176 11 2 1 3 4287 4303 2855 4304 5393 6477 6417 4687 6418 4853
3177 11 2 1 3 559 487 513 4233 1650 1648 1651 4572 5618 4427
3178 11 2 1 3 540 4182 703 4260 5820 5771 1781 5910 5773 5772
3179 11 2 1 3 2984 2684 2593 4200 3225 6478 6294 6295 5954 6479
3180 11 2 1 3 2674 2974 2820 4202 3218 3371 3370 5136 4584 5799
3181 11 2 1 3 558 4185 647 4268 6450 6296 1213 6451 6298 6300
3182 11 2 1 3 2718 4264 4139 4284 6480 6304 6481 6482 6305 6169
3183 11 2 1 3 363 2347 697 4270 6483 6484 903 6485 6486 6487
3184 11 2 1 3 2875 2927 2924 4131 4093 3615 4087 5658 5341 5223
3185 11 2 1 3 1957 377 1976 4218 6488 6489 2116 6490 6491 6492
3186 11 2 1 3 2317 364 2331 4234 6493 6494 2426 6273 6495 6028
3187 11 2 1 3 2717 4264 2718 4284 6496 6480 3569 6497 6482 6169
3188 11 2 1 3 2786 2784 4158 4222 3901 6446 5107 5830 4999 6245
3189 11 2 1 3 583 4157 4148 4268 5841 5497 5840 6498 6499 6299
3190 11 2 1 3 548 549 547 4298 1830 1829 1035 6060 4787 6061
3191 11 2 1 3 535 4236 702 4258 6133 5611 1010 6410 5612 5507
3192 11 2 1 3 2857 4167 2691 4215 5894 6500 3449 5893 6501 5563
3193 11 2 1 3 2316 2332 368 4292 2463 6502 6503 5990 6504 5669
3194 11 2 1 3 2841 2786 2784 4158 3902 3901 3903 4998 6446 5107
3195 11 2 1 3 4129 4222 2785 4233 6505 6159 6506 4762 6160 5619
3196 11 2 1 3 446 4150 448 4173 6331 5482 1444 6343 5157 5271
3197 11 2 1 3 2709 4188 2707 4228 5591 6333 3527 5860 6385 5486
3198 11 2 1 3 2697 2696 4141 4214 3466 4708 6465 6112 4950 4949
3199 11 2 1 3 399 400 4185 4189 1204 4903 6431 6430 5442 5684
3200 11 2 1 3 646 474 4164 4230 1528 6324 6507 6508 6325 6326
3201 11 2 1 3 2670 2689 2690 4148 3344 3347 3346 4386 5522 4385
3202 11 2 1 3 461 4164 4154 4194 5998 5784 5997 6509 4940 6453
3203 11 2 1 3 2767 2758 4190 4255 3543 6243 6086 5967 6087 6244
3204 11 2 1 3 2742 2768 2922 4198 3703 3705 3690 5643 4630 5578
3205 11 2 1 3 2895 4275 4179 4279 6329 5825 6510 6330 5829 5828
3206 11 2 1 3 2656 4236 2950 4258 5503 6019 3262 5506 6321 5507
3207 11 2 1 3 2883 2740 2841 4140 3692 3693 3694 5251 4930 5177
3208 11 2 1 3 459 654 492 4194 1498 1513 1512 4742 5957 4728
3209 11 2 1 3 2719 2720 4205 4264 3578 6222 6511 6320 6476 6512
3210 11 2 1 3 2879 2761 4132 4165 3796 5595 6513 6514 5596 5597
3211 11 2 1 3 394 2335 723 4200 6515 6194 879 6198 6195 5952
3212 11 2 1 3 2988 2664 2951 4166 3311 3149 3312 6366 6192 6011
3213 11 2 1 3 454 4140 452 4198 4905 4916 1474 5296 4921 4923
3214 11 2 1 3 1949 2978 2831 4244 6516 3047 6161 5695 6163 6517
3215 11 2 1 3 2747 2932 2751 4196 3721 3730 3729 6380 5433 4861
3216 11 2 1 3 2656 1971 1952 4258 6089 2160 5504 5506 5505 6091
3217 11 2 1 3 2709 4156 2708 4188 4943 5896 3526 5591 6002 5188
3218 11 2 1 3 2809 2881 2947 4201 3858 3939 3992 5557 6211 5480
3219 11 2 1 3 388 4303 4287 4304 6518 5393 4858 4860 4687 4853
3220 11 2 1 3 364 4234 2317 4259 6028 6273 6493 6029 6275 5209
3221 11 2 1 3 2817 4210 2830 4236 5155 6519 4002 6302 6520 6301
3222 11 2 1 3 435 4145 432 4175 4620 6214 1377 4619 6521 4594
3223 11 2 1 3 2761 2732 4187 4282 3654 6522 5598 5686 5688 6523
3224 11 2 1 3 628 429 430 4205 1359 1354 1360 5843 6474 6524
3225 11 2 1 3 512 685 4237 4293 1647 6525 5625 6363 6387 6373
3226 11 2 1 3 398 4160 4189 4216 6396 5441 6397 6526 6032 6527
3227 11 2 1 3 2660 2827 1948 4250 3078 6460 6528 6155 6399 6529
3228 11 2 1 3 4184 4206 520 4248 4558 5424 6530 5133 6531 5201
3229 11 2 1 3 2936 4165 4210 4282 6532 6442 5229 5232 5234 5687
3230 11 2 1 3 474 462 4164 4245 1527 5370 6324 6327 5373 5372
3231 11 2 1 3 623 499 630 4269 1593 1703 1292 5933 5719 5575
3232 11 2 1 3 735 703 540 4182 1818 1781 1817 5819 5820 5771
3233 11 2 1 3 2999 4178 2863 4250 6533 4379 4062 6534 4395 4355
3234 11 2 1 3 430 4205 4147 4264 6474 5334 6535 6475 6427 6476
3235 11 2 1 3 2967 4303 2854 4304 6536 4851 3980 6537 4507 4853
3236 11 2 1 3 4197 4217 600 4232 5793 6538 6539 6252 6540 6253
3237 11 2 1 3 697 2323 678 4270 6541 5835 900 6486 5993 5992
3238 11 2 1 3 1957 2672 1974 4267 6542 6076 2204 6175 6078 6080
3239 11 2 1 3 1977 1964 709 4235 2070 6543 6544 6545 6546 4497
3240 11 2 1 3 2729 2731 2730 4153 3637 3636 3629 5294 5851 5531
3241 11 2 1 3 529 682 545 4229 1793 1792 1788 5593 6003 6314
3242 11 2 1 3 2773 2755 2774 4203 3767 3769 3768 6547 6435 6436
3243 11 2 1 3 2898 2896 4174 4227 4116 5814 6548 6403 5261 5815
3244 11 2 1 3 2961 4129 4281 4300 6549 4337 6550 6551 6552 6553
3245 11 2 1 3 580 4167 660 4215 6554 5564 1536 6555 5494 5563
3246 11 2 1 3 719 550 4301 4307 1842 6556 6237 6240 6242 6557
3247 11 2 1 3 513 4222 4129 4233 5617 6505 6558 5618 4762 5619
3248 11 2 1 3 2833 4185 4189 4268 6423 5442 6559 6425 6433 6300
3249 11 2 1 3 653 4129 513 4222 6560 6558 1728 6561 5617 6505
3250 11 2 1 3 439 436 665 4138 1397 1389 1398 5832 5257 5724
3251 11 2 1 3 2730 4153 2766 4169 5851 5948 3643 5852 5947 5275
3252 11 2 1 3 366 694 1948 4297 823 6400 6562 6563 6391 6401
3253 11 2 1 3 417 4188 4228 4253 6564 5486 6565 6566 6386 5517
3254 11 2 1 3 609 4183 610 4280 4561 5204 1921 4562 6455 4563
3255 11 2 1 3 539 4260 4200 4278 6174 4780 6173 6567 6568 6569
3256 11 2 1 3 4139 4284 424 4288 6305 6570 6571 6572 6573 6574
3257 11 2 1 3 2586 2592 2971 4240 2620 6285 6575 6576 6286 5907
3258 11 2 1 3 620 82 2239 375 861 2268 5928 866 5927 865
3259 11 2 1 3 2816 2815 2786 4233 3257 3905 3908 4695 5108 6577
3260 11 2 1 3 2885 2706 4180 4253 3510 5734 5914 5913 5708 5515
3261 11 2 1 3 2791 2793 4170 4192 3784 6132 5654 4774 5288 5751
3262 11 2 1 3 430 431 4175 4264 1356 6578 6473 6475 6204 6579
3263 11 2 1 3 2773 4203 2774 4273 6547 6435 3768 6580 6447 5321
3264 11 2 1 3 525 526 374 4291 1086 1085 1087 4763 4499 4371
3265 11 2 1 3 1948 1966 2660 4250 2090 5855 6528 6399 6155 6154
3266 11 2 1 3 2951 2314 2323 4166 6191 2500 6581 6192 5837 6009
3267 11 2 1 3 2866 4193 2865 4238 4517 6582 4063 5033 6583 4926
3268 11 2 1 3 2690 4157 2833 4268 5523 6424 3444 6584 6425 6299
3269 11 2 1 3 2915 2998 4201 4246 3396 6360 5562 5790 5789 6585
3270 11 2 1 3 2733 2734 2735 4150 3651 3657 3656 6393 5270 6309
3271 11 2 1 3 263 2688 2670 2237 3125 3127 3123 2297 6586 6587
3272 11 2 1 3 394 718 686 4200 1190 1193 882 6198 5045 5044
3273 11 2 1 3 2719 4205 4175 4264 6511 5304 6365 6320 6204 6476
3274 11 2 1 3 1957 377 4218 4267 6488 6492 6490 6175 6588 6589
3275 11 2 1 3 2905 4169 2766 4217 4502 5947 3645 4503 5949 4464
3276 11 2 1 3 4200 4260 2843 4278 4780 6590 6591 6568 6592 6569
3277 11 2 1 3 2813 4276 2860 4299 6593 6412 3998 6594 6415 6416
3278 11 2 1 3 2808 2909 4152 4166 3853 4670 5002 6287 4671 4672
3279 11 2 1 3 426 424 4139 4284 1334 6571 6303 6170 6305 6570
3280 11 2 1 3 580 4157 4167 4215 6595 5123 6554 6555 5563 5498
3281 11 2 1 3 556 4239 4136 4243 5901 5607 6210 6596 6265 4348
3282 11 2 1 3 688 361 1960 4247 835 6597 6598 6599 6600 6601
3283 11 2 1 3 2911 2660 207 1966 3075 3074 3070 5856 2179 5855
3284 11 2 1 3 544 4243 4190 4255 5376 6085 6602 5377 6087 4794
3285 11 2 1 3 650 606 602 4169 1411 1911 1912 5813 5567 4459
3286 11 2 1 3 2666 2839 4218 4237 3320 6000 6456 6458 5624 6001
3287 11 2 1 3 501 4292 4203 4299 6131 5324 5690 6603 6604 6605
3288 11 2 1 3 1963 1979 1983 4237 2110 2222 2229 5868 5869 6172
3289 11 2 1 3 2660 2911 2999 4178 3075 3289 3288 5857 6533 5858
3290 11 2 1 3 580 577 583 4157 1862 1858 1863 6595 5841 5780
3291 11 2 1 3 601 4232 4217 4249 6470 6253 6606 6471 4669 4477
3292 11 2 1 3 688 1960 4237 4247 6598 6607 6608 6599 6609 6600
3293 11 2 1 3 2332 2336 2313 4246 2575 2549 2459 5668 6114 5667
3294 11 2 1 3 2766 4197 2780 4217 6143 6250 3761 5949 6249 5793
3295 11 2 1 3 504 4162 586 4213 4533 5647 1724 6610 5648 5553
3296 11 2 1 3 474 462 646 4164 1527 1519 1528 6324 6507 5370
3297 11 2 1 3 454 455 452 4140 1477 1476 1474 4905 4916 4984
3298 11 2 1 3 2816 2815 4233 4252 3257 6577 4695 4697 4431 6611
3299 11 2 1 3 4147 4205 2720 4264 5334 6222 6221 6427 6512 6476
3300 11 2 1 3 4174 2898 4227 4264 6548 6403 5261 6612 6404 6203
3301 11 2 1 3 2585 4200 2684 4278 6613 6479 6614 6615 6616 6568
3302 11 2 1 3 385 1965 702 4236 6459 6116 788 6006 5611 6117
3303 11 2 1 3 4150 4171 2733 4282 5457 6440 6393 6137 6394 6138
3304 11 2 1 3 2690 4148 4157 4268 5522 5497 5523 6584 6299 6499
3305 11 2 1 3 4207 4221 482 4266 5192 6617 6216 6219 6218 5414
3306 11 2 1 3 2854 2852 4248 4303 4046 6618 5010 4851 5093 6619
3307 11 2 1 3 448 4150 447 4159 5482 4492 1445 5158 4490 4491
3308 11 2 1 3 577 4157 580 4215 5780 6595 1862 4632 6555 5498
3309 11 2 1 3 2833 4157 2692 4185 6424 5160 3445 6423 5161 5124
3310 11 2 1 3 4136 4243 2890 4265 6265 5742 6620 6621 5746 5745
3311 11 2 1 3 2804 4225 4281 4302 6622 6623 6624 6625 6626 6627
3312 11 2 1 3 2923 4149 2724 4205 5754 6178 3600 5755 6628 5492
3313 11 2 1 3 2700 4128 2702 4176 6378 6629 3492 5817 6630 6257
3314 11 2 1 3 2669 2972 2855 4287 3022 3343 3341 5671 6417 6050
3315 11 2 1 3 461 4154 459 4194 5997 4941 1510 6509 4742 4940
3316 11 2 1 3 4218 4266 2837 4267 5413 5944 5942 6588 6631 5176
3317 11 2 1 3 2684 2842 343 4278 3228 3227 3223 6616 6632 5864
3318 11 2 1 3 474 4230 4182 4245 6326 5769 6633 6327 6634 6328
3319 11 2 1 3 1948 4250 2827 4297 6399 6529 6460 6391 6461 6402
3320 11 2 1 3 533 519 518 4210 1765 1622 1073 6096 5368 6232
3321 11 2 1 3 2821 2832 2937 4216 4009 3411 4010 4866 5609 4662
3322 11 2 1 3 2724 2927 2725 4145 3612 3611 3607 6177 5880 5222
3323 11 2 1 3 441 667 438 4132 1408 1400 1406 6073 5246 5775
3324 11 2 1 3 396 398 4189 4216 1196 6397 6030 5152 6032 6526
3325 11 2 1 3 612 614 364 4234 1020 1019 1021 5211 6028 5737
3326 11 2 1 3 671 729 512 4218 1104 1745 1751 5962 5623 5642
3327 11 2 1 3 2851 4206 2850 4248 4910 6635 3418 5244 6636 5201
3328 11 2 1 3 371 4201 2349 4296 6637 6368 6638 6639 6407 6108
3329 11 2 1 3 454 4134 456 4204 4907 6640 1485 4908 6123 4730
3330 11 2 1 3 2923 2724 2721 4205 3600 3599 3591 5755 5303 6628
3331 11 2 1 3 443 4171 442 4187 5804 6641 1416 5723 6642 5689
3332 11 2 1 3 483 4184 4151 4241 5400 5025 5399 6643 6644 6645
3333 11 2 1 3 618 4179 615 4275 5872 6646 1940 6434 6647 5825
3334 11 2 1 3 424 425 4139 4288 1329 6648 6571 6573 6572 6649
3335 11 2 1 3 672 4187 442 4282 5888 6642 1420 5960 6650 5688
3336 11 2 1 3 2746 4163 2745 4204 5473 6651 3711 5613 6652 5614
3337 11 2 1 3 2865 4133 2906 4238 6653 4377 3574 6583 5844 5727
3338 11 2 1 3 519 4210 633 4220 6232 5281 1623 6233 5736 4846
3339 11 2 1 3 2696 2695 2697 4141 3462 3467 3466 4708 6465 4809
3340 11 2 1 3 455 457 4135 4204 1489 5362 5777 4985 5615 5685
3341 11 2 1 3 693 4201 498 4273 6654 5938 1699 6655 5940 5765
3342 11 2 1 3 2824 4249 2661 4259 4963 4704 3293 5374 5406 5182
3343 11 2 1 3 2955 4247 4301 4307 6656 6238 6657 6658 6242 6241
3344 11 2 1 3 602 600 4197 4217 1902 6539 5791 5570 5793 6538
3345 11 2 1 3 2940 2240 2232 4256 6034 2285 6659 6035 5853 4898
3346 11 2 1 3 2664 4166 2988 4251 6011 6366 3311 6057 6367 6058
3347 11 2 1 3 654 456 4134 4204 1486 6640 4729 4731 4730 6123
3348 11 2 1 3 4172 4209 515 4297 6660 6661 6662 4365 6663 6664
3349 11 2 1 3 411 412 4180 4191 1264 6665 6164 5336 5733 5499
3350 11 2 1 3 2710 2758 4156 4190 3534 6017 4661 5072 5074 6243
3351 11 2 1 3 548 4254 4298 4301 6059 4468 6060 6666 6667 6668
3352 11 2 1 3 4174 4227 617 4264 5261 5757 5756 6612 6669 6404
3353 11 2 1 3 2875 2876 2884 4131 4088 4092 4091 5658 5911 5587
3354 11 2 1 3 659 604 596 4181 1893 1892 1884 4570 4521 4843
3355 11 2 1 3 2966 1967 4297 4298 6388 6392 6390 6670 4469 6671
3356 11 2 1 3 2957 2891 4239 4243 3958 6263 4345 4349 4348 6266
3357 11 2 1 3 455 4135 632 4140 5777 5983 1478 4984 5015 5776
3358 11 2 1 3 2585 2595 2593 4200 2611 2635 2638 6613 5954 5953
3359 11 2 1 3 388 712 1993 4287 756 6672 4859 4858 4684 6673
3360 11 2 1 3 538 4283 503 4291 5189 6258 1720 4325 6674 4536
3361 11 2 1 3 2869 2720 2908 4147 3593 3580 3594 4340 4465 6221
3362 11 2 1 3 2314 2343 2323 4166 2576 2393 2500 6009 5837 5836
3363 11 2 1 3 366 1948 1967 4297 6562 2093 6675 6563 6392 6391
3364 11 2 1 3 507 492 4152 4194 1670 6468 4882 5466 5087 5957
3365 11 2 1 3 2863 2862 2801 4142 3968 3967 3969 4380 4699 5918
3366 11 2 1 3 663 618 615 4275 1595 1940 1936 5826 6647 6434
3367 11 2 1 3 536 4165 534 4236 5662 6676 1805 5661 6677 5660
3368 11 2 1 3 2869 4162 2923 4205 4338 5753 3595 5332 5755 5333
3369 11 2 1 3 2889 2710 4127 4190 3541 4660 5749 6369 5073 5072
3370 11 2 1 3 2833 4185 2925 4189 6423 5438 3455 6559 5440 5442
3371 11 2 1 3 2239 261 2238 2880 2293 2290 2270 6384 6039 3119
3372 11 2 1 3 431 617 4227 4264 1372 5757 6678 6579 6404 6669
3373 11 2 1 3 2308 2347 363 4270 2397 6483 6679 6680 6485 6487
3374 11 2 1 3 533 4236 4210 4244 6681 6301 6096 6097 4849 5697
3375 11 2 1 3 515 4209 4172 4274 6661 6660 6662 6682 6683 6684
3376 11 2 1 3 424 425 426 4139 1329 1335 1334 6571 6303 6648
3377 11 2 1 3 647 464 4157 4185 1223 5524 6297 6296 5124 4748
3378 11 2 1 3 2748 4164 2935 4194 5783 6685 3733 6452 6686 6453
3379 11 2 1 3 678 4166 590 4270 5838 4724 1872 5993 4725 4691
3380 11 2 1 3 2741 4134 2742 4198 5142 5644 3689 5405 5643 5297
3381 11 2 1 3 2763 4182 2970 4230 6687 5805 3809 6688 6095 5769
3382 11 2 1 3 2586 582 2592 4240 6689 5986 2620 6576 5907 6083
3383 11 2 1 3 2702 4176 4128 4263 6630 6257 6629 6690 4652 6691
3384 11 2 1 3 2338 4234 2673 4259 6274 6692 6693 6276 6694 5209
3385 11 2 1 3 632 455 648 4135 1478 1491 1493 5983 6100 5777
3386 11 2 1 3 480 4209 515 4274 6695 6661 1616 6696 6682 6684
3387 11 2 1 3 627 4190 544 4243 6421 6602 1826 6377 5376 6085
3388 11 2 1 3 2316 4242 2340 4292 6697 6698 2581 5990 6190 6699
3389 11 2 1 3 471 4160 4276 4299 5035 6413 6700 6411 6416 6053
3390 11 2 1 3 429 4147 430 4205 4639 6535 1354 6524 6474 5334
3391 11 2 1 3 624 4128 406 4176 6701 6256 1246 6702 6254 6257
3392 11 2 1 3 2781 2857 2691 4215 3450 3449 3439 5174 6501 5893
3393 11 2 1 3 688 1979 671 4237 6703 6171 838 6608 5963 6172
3394 11 2 1 3 2923 2924 4149 4213 3614 5340 5754 5810 5404 5403
3395 11 2 1 3 2721 4175 2719 4205 5302 6365 3586 5303 6511 5304
3396 11 2 1 3 2771 2800 4172 4297 3847 6704 4364 4366 4365 6705
3397 11 2 1 3 2759 4207 4167 4266 5418 4792 5417 6706 5565 6219
3398 11 2 1 3 430 4147 428 4264 6535 6428 1355 6475 6167 6427
3399 11 2 1 3 2818 4242 4276 4299 6707 4587 6708 6709 6416 6710
3400 11 2 1 3 511 482 4221 4266 1626 6617 6711 6350 5414 6218
3401 11 2 1 3 440 443 442 4187 1417 1416 1415 5277 6642 5723
3402 11 2 1 3 2922 2933 2779 4285 3835 3881 3685 4631 6323 6712
3403 11 2 1 3 2889 2710 2711 4127 3541 3536 3542 5749 4601 4660
3404 11 2 1 3 700 4266 4218 4267 5759 5413 5758 6713 6588 5176
3405 11 2 1 3 2699 2697 2700 4214 3477 3479 3478 5628 5818 6112
3406 11 2 1 3 455 456 457 4204 1484 1490 1489 4985 5685 6123
3407 11 2 1 3 2323 2677 4166 4270 6714 6715 5837 5992 4691 6716
3408 11 2 1 3 408 624 406 4176 1247 1246 1244 5050 6254 6702
3409 11 2 1 3 2776 2702 2700 4128 3493 3492 3494 4648 6378 6629
3410 11 2 1 3 594 4177 593 4219 5472 6181 1561 4610 6180 4837
3411 11 2 1 3 638 4281 4129 4300 5115 4337 5114 6717 6553 6552
3412 11 2 1 3 446 4173 445 4282 6343 6718 1434 6332 6272 5233
3413 11 2 1 3 1966 694 387 4250 6719 820 6013 6154 6156 6398
3414 11 2 1 3 2952 4227 4183 4280 5319 4814 5013 6720 4563 5526
3415 11 2 1 3 2710 2767 2758 4190 3544 3543 3534 5072 6243 6086
3416 11 2 1 3 2586 376 582 4240 6721 988 6689 6576 6083 6722
3417 11 2 1 3 2982 4240 2846 4260 6128 6723 3352 6068 6724 6129
3418 11 2 1 3 2592 344 2671 2591 2641 3230 5905 2617 5861 2640
3419 11 2 1 3 2837 4218 2839 4221 5942 6000 3319 5943 5999 5410
3420 11 2 1 3 2791 2794 2793 4192 3929 3928 3784 4774 5751 4712
3421 11 2 1 3 668 4161 528 4213 5542 4804 1791 5707 4805 4404
3422 11 2 1 3 2949 4178 2680 4199 6725 4592 3402 6726 4382 4512
3423 11 2 1 3 2904 4173 2760 4220 5674 5580 3670 6012 6727 5566
3424 11 2 1 3 2338 2317 2331 4234 2584 2426 2573 6274 6495 6273
3425 11 2 1 3 2982 2846 2970 4260 3352 4036 3947 6068 5849 6724
3426 11 2 1 3 2865 4193 4133 4238 6582 6728 6653 6583 5727 4926
3427 11 2 1 3 433 432 434 4149 1367 1375 1374 5491 5917 6215
3428 11 2 1 3 428 427 426 4284 1344 1337 1345 6168 6170 6729
3429 11 2 1 3 2761 2732 2901 4187 3654 3640 3655 5598 5946 6522
3430 11 2 1 3 2770 4253 2885 4254 6283 5913 3525 6284 5915 5713
3431 11 2 1 3 426 4139 662 4264 6303 6730 1347 6166 6731 6304
3432 11 2 1 3 436 435 665 4145 1385 1390 1389 5725 5308 4620
3433 11 2 1 3 431 4227 4175 4264 6678 4813 6578 6579 6204 6404
3434 11 2 1 3 2763 4230 2750 4245 6688 6732 3741 6733 6734 6328
3435 11 2 1 3 2745 4154 2931 4204 6735 5358 3709 6652 5081 4942
3436 11 2 1 3 2900 4194 2935 4231 5732 6686 3815 5004 6736 5467
3437 11 2 1 3 531 541 4192 4296 1066 5881 6065 6270 4438 5882
3438 11 2 1 3 2847 4143 2937 4186 6737 6223 3414 6738 5608 6183
3439 11 2 1 3 2591 2585 2684 4278 2614 6614 6739 5865 6616 6615
3440 11 2 1 3 2691 2693 4157 4167 3447 5122 6740 6500 5123 4678
3441 11 2 1 3 417 414 4188 4253 1286 5801 6564 6566 5517 5802
3442 11 2 1 3 2712 2906 2713 4133 3552 3551 3547 4314 4417 4377
3443 11 2 1 3 471 4276 570 4299 6700 6741 1569 6411 6742 6416
3444 11 2 1 3 2931 2756 2743 4134 3710 3702 3708 5079 5958 5085
3445 11 2 1 3 374 1978 696 4291 6145 6743 805 4499 6744 5994
3446 11 2 1 3 449 446 448 4173 1446 1444 1447 5421 5157 6343
3447 11 2 1 3 2979 1987 1983 4218 6745 2198 6746 6747 5866 6748
3448 11 2 1 3 735 540 4240 4241 1817 6234 6749 5821 6127 5822
3449 11 2 1 3 694 1966 1948 4250 6719 2090 6400 6398 6399 6154
3450 11 2 1 3 631 515 4172 4274 1618 6662 6750 6751 6683 6682
3451 11 2 1 3 2746 2744 2757 4135 3712 3714 3713 5474 5977 5970
3452 11 2 1 3 2586 4240 2971 4305 6576 6286 6575 6752 6753 6754
3453 11 2 1 3 2856 2850 4206 4248 4039 6635 4557 6359 5201 6636
3454 11 2 1 3 2934 2749 2751 4262 3738 3728 3739 5380 5434 6755
3455 11 2 1 3 434 436 437 4145 1384 1387 1386 5916 5193 5725
3456 11 2 1 3 631 480 515 4274 1323 1616 1618 6751 6682 6696
3457 11 2 1 3 1999 641 365 4178 6756 814 5096 5097 4511 6015
3458 11 2 1 3 495 470 4224 4226 1565 6419 6757 6758 6420 5432
3459 11 2 1 3 2784 2883 2841 4222 3780 3694 3903 6245 4933 5252
3460 11 2 1 3 2890 2798 2889 4243 3955 3830 3563 5742 5750 5965
3461 11 2 1 3 2971 345 2671 2592 3233 3229 3234 6285 5905 2642
3462 11 2 1 3 657 448 447 4159 1449 1445 1450 4548 4490 5158
3463 11 2 1 3 2923 2870 2924 4213 4078 4081 3614 5810 5403 6236
3464 11 2 1 3 472 4182 4151 4245 6759 6760 5449 5451 5453 6634
3465 11 2 1 3 2808 2988 2909 4166 3991 3990 3853 6287 4672 6366
3466 11 2 1 3 2848 2937 2847 4143 4037 3414 3336 6361 6737 6223
3467 11 2 1 3 1969 1989 640 4247 2221 6761 6762 6763 6764 6765
3468 11 2 1 3 589 4270 4261 4285 5382 4692 5381 6766 5118 6767
3469 11 2 1 3 2830 4210 2938 4236 6519 6472 4023 6520 5729 6301
3470 11 2 1 3 2881 4155 2929 4192 5478 5636 3861 5477 5637 5476
3471 11 2 1 3 627 4127 626 4190 6376 4705 1600 6421 6768 5073
3472 11 2 1 3 2749 2748 4196 4245 3726 5847 6769 6770 5397 5786
3473 11 2 1 3 200 1971 2656 2965 2158 6089 3049 3053 3054 6090
3474 11 2 1 3 2859 4144 2929 4155 4799 6454 3513 6771 5636 6119
3475 11 2 1 3 441 672 4132 4187 1419 5887 6073 6074 5300 5888
3476 11 2 1 3 2945 4275 2896 4280 5892 5816 4121 5706 5934 5339
3477 11 2 1 3 477 626 627 4127 1333 1600 1599 6345 6376 4705
3478 11 2 1 3 2870 4162 2871 4213 6235 4855 4076 6236 4698 5553
3479 11 2 1 3 2882 4128 2697 4214 5979 6772 3468 5389 6112 5980
3480 11 2 1 3 2915 303 2313 2322 3204 2545 6113 5558 2546 2541
3481 11 2 1 3 2780 4232 4197 4271 6251 6252 6250 6773 5121 4872
3482 11 2 1 3 474 4182 472 4245 6633 6759 1526 6327 5451 6634
3483 11 2 1 3 2879 4132 2876 4257 6513 5586 4096 6774 6352 6351
3484 11 2 1 3 2585 2593 2684 4200 2638 6478 6614 6613 6479 5954
3485 11 2 1 3 1989 1996 1969 640 2102 2213 2221 6761 6762 6775
3486 11 2 1 3 2761 2901 2879 4132 3655 3797 3796 5595 6513 5945
3487 11 2 1 3 4144 4155 2859 4306 6119 6771 4799 4800 4752 6776
3488 11 2 1 3 302 2679 2921 2322 3201 3203 3199 2542 5681 5559
3489 11 2 1 3 2721 2719 2720 4205 3586 3578 3587 5303 6222 6511
3490 11 2 1 3 2702 4128 2776 4263 6629 4648 3493 6690 4650 4652
3491 11 2 1 3 721 392 2232 4256 854 6777 5794 5106 5853 6778
3492 11 2 1 3 2899 2896 4227 4280 4122 5815 6779 6780 5526 5934
3493 11 2 1 3 460 4163 4154 4196 6781 6782 5996 5396 5846 4829
3494 11 2 1 3 365 4178 642 4199 4511 6783 1028 4447 6784 4512
3495 11 2 1 3 625 416 415 4188 1289 1285 1290 5921 6062 5391
3496 11 2 1 3 511 482 510 4221 1626 1624 1627 6711 5409 6617
3497 11 2 1 3 438 439 440 4138 1396 1405 1404 5249 5408 5832
3498 11 2 1 3 428 4147 427 4284 6428 6785 1344 6168 6729 6429
3499 11 2 1 3 2714 2890 4127 4265 3564 5741 6786 6787 5744 5746
3500 11 2 1 3 547 4172 515 4297 4656 6662 1761 4657 6663 4365
3501 11 2 1 3 444 443 669 4171 1425 1430 1429 5721 5458 5804
3502 11 2 1 3 553 679 4132 4257 1812 5655 6788 6789 6351 6374
3503 11 2 1 3 2779 2787 2778 4219 3875 3874 3683 6082 5171 4803
3504 11 2 1 3 2238 4143 620 4268 6790 6791 6311 6041 5929 6792
3505 11 2 1 3 2800 4209 4172 4297 6793 6660 6704 6705 4365 6664
3506 11 2 1 3 2748 2931 4154 4194 3720 5358 5785 6452 4940 5080
3507 11 2 1 3 2697 4128 2700 4214 6772 6378 3479 6112 5818 5980
3508 11 2 1 3 2797 2957 2914 4295 3952 3373 3954 4796 4947 4486
3509 11 2 1 3 684 477 4243 4265 1601 6346 6794 6795 5745 6347
3510 11 2 1 3 650 602 670 4153 1912 1903 1432 5812 6316 5568
3511 11 2 1 3 2774 2859 2929 4155 3770 3513 3860 6796 5636 6771
3512 11 2 1 3 479 4135 457 4226 6797 5362 1501 6315 5365 5367
3513 11 2 1 3 2946 4137 4179 4272 6306 5904 6308 6798 6799 6800
3514 11 2 1 3 2959 4283 2867 4291 5652 5199 4073 5653 4772 4536
3515 11 2 1 3 2859 4155 2774 4306 6771 6796 3770 4752 6439 6776
3516 11 2 1 3 2749 4196 2751 4262 6769 5433 3728 6755 5434 4831
3517 11 2 1 3 2808 2792 2900 4152 3851 3934 3933 5002 5003 5972
3518 11 2 1 3 2763 4182 4230 4245 6687 5769 6688 6733 6328 6634
3519 11 2 1 3 507 508 493 4231 1674 1673 1669 4880 5501 5202
3520 11 2 1 3 2239 375 4148 4268 5927 6801 6802 5930 6499 5931
3521 11 2 1 3 652 4163 460 4196 4739 6781 1507 4830 5396 4829
3522 11 2 1 3 418 4228 4146 4274 5484 5485 5185 6803 4318 6804
3523 11 2 1 3 2784 2785 4129 4222 3897 6506 6805 6245 6505 6159
3524 11 2 1 3 483 4151 656 4241 5399 6806 1578 6643 6807 6644
3525 11 2 1 3 2950 4257 2878 4258 6020 6808 4102 6321 6809 6322
3526 11 2 1 3 2585 723 2595 4200 6810 6193 2611 6613 5953 6195
3527 11 2 1 3 487 481 4158 4220 1549 5509 4428 6811 5521 5518
3528 11 2 1 3 2750 4164 2748 4245 6812 5783 3731 6734 5786 5373
3529 11 2 1 3 2965 4229 1971 4258 6813 6814 6090 6092 6091 6815
3530 11 2 1 3 588 714 4152 4166 1082 5968 4987 4986 4671 6445
3531 11 2 1 3 557 549 4253 4254 1831 6816 6139 5875 5713 6048
3532 11 2 1 3 2316 368 2329 4242 6503 6817 2466 6697 6818 6819
3533 11 2 1 3 2838 4221 4207 4266 6357 5192 6820 6358 6219 5414
3534 11 2 1 3 2332 644 368 4292 6207 963 6502 5669 6504 6208
3535 11 2 1 3 711 2348 381 4202 6821 5039 972 6822 5040 5041
3536 11 2 1 3 695 365 642 4199 1027 1028 1030 4676 6784 4447
3537 11 2 1 3 1957 655 377 4267 6823 844 6488 6175 6589 6824
3538 11 2 1 3 2698 2928 2696 4168 3474 3473 3471 5240 4709 4900
3539 11 2 1 3 493 4164 4194 4231 6825 6453 5500 5501 5467 6826
3540 11 2 1 3 2804 4281 4225 4300 6624 6623 6622 6827 6828 6552
3541 11 2 1 3 2741 2883 4135 4140 3691 6088 5811 5143 5776 5251
3542 11 2 1 3 2695 2694 2693 4141 3456 3452 3457 4809 4680 4817
3543 11 2 1 3 2999 2660 4178 4250 3288 5857 6533 6534 4355 6155
3544 11 2 1 3 620 82 2238 2239 861 2266 6311 5928 2270 2268
3545 11 2 1 3 1963 1983 1987 4218 2229 2198 2228 5867 6748 5866
3546 11 2 1 3 563 567 4206 4248 1655 6829 4911 5200 5201 6830
3547 11 2 1 3 4164 2750 4230 4245 6812 6732 6325 5373 6328 6734
3548 11 2 1 3 510 511 4221 4266 1627 6711 5409 5412 5414 6350
3549 11 2 1 3 2729 2727 2728 4138 3626 3618 3627 5454 5361 5975
3550 11 2 1 3 2938 2878 2950 4257 4101 4102 4024 5731 6020 6808
3551 11 2 1 3 1996 1969 640 4301 2213 6762 6775 6831 6832 6833
3552 11 2 1 3 2845 2977 2981 4294 3407 3895 4034 5761 5312 6834
3553 11 2 1 3 2336 2962 2659 4292 6371 3212 6463 5670 6464 6372
3554 11 2 1 3 440 650 443 4153 1409 1418 1417 5276 5722 5812
3555 11 2 1 3 2848 2833 4189 4268 3334 6559 6362 6835 6433 6425
3556 11 2 1 3 2727 2905 2726 4169 3622 3621 3616 5976 5329 4502
3557 11 2 1 3 4132 4165 553 4257 5596 6836 6788 6351 6789 5663
3558 11 2 1 3 672 553 4132 4165 1423 6788 5887 5886 5596 6836
3559 11 2 1 3 558 397 4189 4268 1202 6262 6469 6451 6433 6837
3560 11 2 1 3 2906 4142 2862 4238 4378 5918 4054 5844 5919 4312
3561 11 2 1 3 4133 4193 629 4238 6728 6838 6093 5727 6094 4926
3562 11 2 1 3 2961 2783 4129 4300 3898 6839 6549 6551 6553 6840
3563 11 2 1 3 495 479 470 4226 1564 1502 1565 6758 5432 6315
3564 11 2 1 3 623 4191 4144 4269 6841 5327 6118 5933 6120 6842
3565 11 2 1 3 2342 4201 639 4246 5981 6843 6844 5982 6845 5789
3566 11 2 1 3 2964 2999 2863 4250 3290 4062 3970 5267 4395 6534
3567 11 2 1 3 697 2323 2343 678 6541 2393 6846 900 5834 5835
3568 11 2 1 3 2889 2714 2890 4127 3550 3564 3563 5749 5741 6786
3569 11 2 1 3 2759 2838 4207 4266 3786 6820 5418 6706 6219 6358
3570 11 2 1 3 1971 2000 1952 4258 2211 2059 2160 6091 5505 6847
3571 11 2 1 3 2754 4153 4181 4197 6200 5430 6201 6848 5119 5792
3572 11 2 1 3 2986 2940 2686 4256 3109 3431 3222 4897 5748 6035
3573 11 2 1 3 2692 2691 2693 4157 3443 3447 3446 5160 5122 6740
3574 11 2 1 3 493 4164 461 4194 6825 5998 1521 5500 6509 6453
3575 11 2 1 3 713 378 2309 2346 888 6849 5823 6850 2380 6851
3576 11 2 1 3 2834 4215 2689 4223 5384 4390 3436 5383 4387 4392
3577 11 2 1 3 1995 655 4267 4286 6852 6824 6176 6281 4877 6853
3578 11 2 1 3 413 673 4180 4253 1279 5710 5877 5878 5708 5709
3579 11 2 1 3 584 626 419 4190 1313 1310 1312 6364 6854 6768
3580 11 2 1 3 458 459 4154 4204 1496 4941 6855 6187 4942 4743
3581 11 2 1 3 438 667 437 4131 1400 1399 1394 5248 5195 5774
3582 11 2 1 3 642 4178 733 4199 6783 4448 1717 6784 5053 4512
3583 11 2 1 3 473 484 485 4262 1579 1582 1581 5027 4505 5206
3584 11 2 1 3 2949 2863 4178 4199 4060 4379 6725 6726 4512 4841
3585 11 2 1 3 427 4193 4133 4284 6856 6728 6857 6729 6858 6859
3586 11 2 1 3 2806 2766 2780 4217 3821 3761 3822 6408 6249 5949
3587 11 2 1 3 623 412 4144 4191 1266 5941 6118 6841 5327 5499
3588 11 2 1 3 427 4133 424 4284 6857 6860 1336 6729 6570 6858
3589 11 2 1 3 2349 2322 371 2342 2566 6861 6638 2455 6862 2574
3590 11 2 1 3 2699 4130 2697 4214 4824 6863 3477 5628 6112 5629
3591 11 2 1 3 598 4195 596 4271 6864 4523 1890 6466 4821 4823
3592 11 2 1 3 2745 4163 4154 4204 6651 6782 6735 6652 4942 5614
3593 11 2 1 3 2697 4130 2698 4214 6863 6026 3472 6112 5241 5629
3594 11 2 1 3 439 665 606 4169 1398 1413 1412 5833 4459 5255
3595 11 2 1 3 2697 2882 2700 4128 3468 3480 3479 6772 6378 5979
3596 11 2 1 3 2699 2698 2697 4130 3476 3472 3477 4824 6863 6026
3597 11 2 1 3 2955 2790 4247 4307 3925 6865 6656 6658 6241 6866
3598 11 2 1 3 584 419 4156 4190 1312 4579 6070 6364 5074 6854
3599 11 2 1 3 504 586 526 4213 1724 1723 1722 6610 4615 5648
3600 11 2 1 3 692 4236 533 4244 5693 6681 1078 5696 6097 5697
3601 11 2 1 3 2239 4148 2880 4268 6802 6867 6384 5930 6040 6499
3602 11 2 1 3 619 716 2305 2353 918 4754 6340 4989 2412 6868
3603 11 2 1 3 637 4281 4225 4302 6869 6623 6870 6871 6627 6626
3604 11 2 1 3 2766 4153 2754 4197 5948 6200 3644 6143 6848 5792
3605 11 2 1 3 421 420 422 4146 1307 1315 1314 4415 4414 4457
3606 11 2 1 3 384 1994 1970 732 4733 2041 4527 773 4334 6872
3607 11 2 1 3 604 4181 669 4197 4843 5460 1917 5120 6873 5119
3608 11 2 1 3 2896 2894 4174 4275 4115 6109 5814 5816 5264 6110
3609 11 2 1 3 684 4243 4136 4265 6794 6265 6874 6795 6621 5745
3610 11 2 1 3 2684 343 2591 4278 3223 2639 6739 6616 5865 6632
3611 11 2 1 3 2744 2741 2883 4135 3699 3691 3700 5970 6088 5811
3612 11 2 1 3 539 523 718 4260 1775 1777 1776 6174 5135 4781
3613 11 2 1 3 2784 2757 2883 4135 3779 3715 3780 6875 6088 5977
3614 11 2 1 3 418 4146 421 4274 5185 4415 1306 6803 6876 4318
3615 11 2 1 3 2725 2727 2726 4138 3617 3616 3609 5879 5330 5975
3616 11 2 1 3 2691 4167 4157 4215 6500 5123 6740 6501 5498 5563
3617 11 2 1 3 600 4217 601 4232 6538 6606 1898 6540 6470 6253
3618 11 2 1 3 1966 207 2911 1953 2179 3070 5856 2087 6146 2177
3619 11 2 1 3 2698 4130 2769 4168 6026 6877 3483 5240 6878 6025
3620 11 2 1 3 2743 2742 2741 4134 3696 3689 3697 5958 5142 5644
3621 11 2 1 3 2757 4135 2784 4222 5977 6875 3779 6879 6245 5984
3622 11 2 1 3 629 4133 427 4193 6093 6857 1338 6838 6856 6728
3623 11 2 1 3 2784 4135 2883 4222 6875 6088 3780 6245 5252 5984
3624 11 2 1 3 2656 2997 2965 4258 3263 3266 3054 5506 6092 6880
3625 11 2 1 3 2907 2705 4188 4269 3512 6157 6381 5898 5923 6881
3626 11 2 1 3 2906 2865 2716 4133 3574 3573 3560 4377 6882 6653
3627 11 2 1 3 1992 1958 545 4229 2067 6883 6884 6885 6003 6886
3628 11 2 1 3 3001 2918 2963 4289 4126 3307 3919 6406 5020 4767
3629 11 2 1 3 2785 2822 2961 4129 3906 3271 3899 6506 6549 4409
3630 11 2 1 3 2330 2311 643 4259 2419 6288 6887 6888 5891 5180
3631 11 2 1 3 2677 2951 2323 4166 3152 6581 6714 6715 5837 6192
3632 11 2 1 3 2793 2881 2929 4192 3936 3861 3938 5751 5637 5477
3633 11 2 1 3 551 413 673 4180 1282 1279 1283 6102 5710 5877
3634 11 2 1 3 637 4225 734 4302 6870 6889 1044 6871 6890 6627
3635 11 2 1 3 2673 4234 2945 4259 6692 5705 3362 6694 5704 5209
3636 11 2 1 3 631 4228 418 4274 6891 5484 1300 6751 6803 6804
3637 11 2 1 3 645 2333 2315 4251 6892 2386 4975 4591 4658 6098
3638 11 2 1 3 625 4156 416 4188 5920 5390 1289 5921 5391 5188
3639 11 2 1 3 2752 2707 2706 4253 3521 3517 3522 6893 5515 6334
3640 11 2 1 3 604 669 670 4197 1917 1433 1905 5120 6317 6873
3641 11 2 1 3 623 412 4191 4269 1266 5499 6841 5933 6842 6894
3642 11 2 1 3 2670 263 2237 2233 3123 2297 6586 6895 2276 2294
3643 11 2 1 3 580 4157 464 4167 6595 5524 1535 6554 4747 5123
3644 11 2 1 3 2887 2816 2786 4158 3909 3908 3910 6443 5107 4696
3645 11 2 1 3 622 635 4130 4168 1253 6896 6084 4967 6025 6897
3646 11 2 1 3 1984 4281 1962 4302 6898 6899 2227 6900 6901 6626
3647 11 2 1 3 1999 1991 1972 365 2081 2219 2212 5096 4446 4489
3648 11 2 1 3 2787 2903 2778 4181 3877 3876 3874 4802 5170 5533
3649 11 2 1 3 625 630 4170 4269 1293 5995 6220 5922 5926 5719
3650 11 2 1 3 508 509 4231 4294 1676 6902 5202 5527 5528 6903
3651 11 2 1 3 2347 2323 697 4270 2394 6541 6484 6487 6486 5992
3652 11 2 1 3 458 456 459 4204 1495 1497 1496 6187 4743 6123
3653 11 2 1 3 2340 4242 2962 4292 6698 6904 6370 6190 6372 6699
3654 11 2 1 3 610 609 607 4183 1921 1920 1922 5204 4588 4561
3655 11 2 1 3 2927 2728 2725 4138 3620 3619 3611 5227 5879 5361
3656 11 2 1 3 422 629 465 4133 1326 1328 1320 4412 4421 6093
3657 11 2 1 3 2769 4168 4130 4203 6878 6025 6877 6905 6906 6907
3658 11 2 1 3 531 498 693 4201 1698 1699 1070 6067 6654 5938
3659 11 2 1 3 2869 2866 2868 4162 4070 4068 4071 4338 5640 4516
3660 11 2 1 3 2784 4129 2783 4222 6805 6839 3778 6245 6908 6505
3661 11 2 1 3 396 4143 379 4186 6184 6909 1114 5150 6910 6183
3662 11 2 1 3 1971 4229 2000 4258 6814 6911 2211 6091 6847 6815
3663 11 2 1 3 633 519 561 4210 1623 1767 1441 5281 5620 6232
3664 11 2 1 3 366 4297 1967 4298 6563 6392 6675 6912 6671 4469
3665 11 2 1 3 458 4154 4163 4204 6855 6782 6186 6187 5614 4942
3666 11 2 1 3 2830 2817 2829 4210 4002 4000 4003 6519 4847 5155
3667 11 2 1 3 2844 2303 2326 4200 6913 2372 6126 6027 5676 6199
3668 11 2 1 3 2942 4189 4160 4216 5937 5441 5936 6914 6527 6032
3669 11 2 1 3 611 4227 613 4280 6915 5260 1931 6916 5525 5526
3670 11 2 1 3 458 4154 460 4163 6855 5996 1504 6186 6781 6782
3671 11 2 1 3 2303 2335 394 4200 2369 6515 6197 6199 6198 5952
3672 11 2 1 3 2591 343 2842 4278 2639 3227 5862 5865 5864 6632
3673 11 2 1 3 2827 1948 208 2660 6460 2181 3077 3078 3073 6528
3674 11 2 1 3 2678 290 2318 2912 3165 2508 4958 3167 6917 3163
3675 11 2 1 3 688 727 361 4247 1005 1004 835 6599 6601 6918
3676 11 2 1 3 2822 4129 2785 4233 4409 6506 3906 5716 6160 4762
3677 11 2 1 3 654 4134 466 4261 4729 5845 1488 6919 5307 5488
3678 11 2 1 3 361 1989 1960 4247 6920 2107 6597 6601 6600 6765
3679 11 2 1 3 2946 2662 4137 4272 3298 6921 6306 6798 6800 6922
3680 11 2 1 3 709 1964 374 4235 6543 4498 802 6546 4496 4497
3681 11 2 1 3 593 592 469 4285 1559 1483 1560 6182 4400 4575
3682 11 2 1 3 2874 4161 2873 4235 6247 4638 3378 6248 4369 4407
3683 11 2 1 3 679 560 667 4131 1795 1401 1844 5656 5774 6348
3684 11 2 1 3 497 638 4129 4300 1692 5114 6923 6924 6553 6717
3685 11 2 1 3 408 407 409 4130 1245 1250 1249 5051 5253 6355
3686 11 2 1 3 2716 4133 2865 4193 6882 6653 3573 6925 6582 6728
3687 11 2 1 3 2698 2755 2769 4130 3481 3484 3483 6026 6877 6926
3688 11 2 1 3 396 397 379 4143 1117 1116 1114 6184 6909 6261
3689 11 2 1 3 2668 4143 2238 4268 6927 6790 6038 6042 6041 6792
3690 11 2 1 3 2343 104 697 678 2388 899 6846 5834 900 895
3691 11 2 1 3 662 4174 617 4264 6928 5756 1371 6731 6669 6612
3692 11 2 1 3 688 4237 727 4247 6608 6929 1005 6599 6918 6609
3693 11 2 1 3 2819 2820 2821 4276 3369 4007 4006 5456 4867 4585
3694 11 2 1 3 2884 2901 2728 4132 3634 3632 3633 5912 5360 5945
3695 11 2 1 3 2825 2824 2661 4259 3295 3293 3296 6023 5406 5374
3696 11 2 1 3 2979 1983 2666 4218 6746 6457 3096 6747 6456 5866
3697 11 2 1 3 1960 1979 688 4237 2105 6703 6598 6607 6608 6172
3698 11 2 1 3 2890 4136 4265 4279 6620 6621 5746 6930 6931 6932
3699 11 2 1 3 2752 4228 2707 4253 6933 6385 3521 6893 6334 6386
3700 11 2 1 3 2769 4130 2755 4203 6877 6926 3484 6905 6436 6906
3701 11 2 1 3 2704 2701 2703 4191 3498 3496 3499 6383 6280 5740
3702 11 2 1 3 710 2302 107 2321 6934 2401 908 6935 2399 2403
3703 11 2 1 3 715 2331 364 4234 6936 6494 930 6937 6028 6495
3704 11 2 1 3 2660 1948 208 1966 6528 2181 3073 5855 2180 2090
3705 11 2 1 3 2920 2341 2664 4251 4773 6395 3146 4360 6057 4659
3706 11 2 1 3 434 437 668 4149 1386 1388 1380 5917 5540 5196
3707 11 2 1 3 4165 4210 534 4236 6442 6938 6676 5660 6677 6301
3708 11 2 1 3 435 432 664 4175 1377 1369 1378 4619 4622 6521
3709 11 2 1 3 2798 4190 2889 4243 6312 6369 3830 5965 5750 6085
3710 11 2 1 3 2313 2659 2915 4246 6939 3209 6113 6114 5790 6462
3711 11 2 1 3 648 4222 4135 4226 6101 5984 6100 6940 5367 6941
3712 11 2 1 3 415 4188 4191 4269 6062 5513 6942 6063 6842 5923
3713 11 2 1 3 445 4173 633 4282 6718 5280 1439 6272 5282 5233
3714 11 2 1 3 648 4135 479 4226 6100 6797 1503 6940 6315 5367
3715 11 2 1 3 407 622 635 4130 1238 1253 1252 6355 6896 6084
3716 11 2 1 3 572 4276 4242 4299 6943 4587 6944 6945 6710 6416
3717 11 2 1 3 2931 2792 2756 4194 3775 3774 3710 5080 5086 5973
3718 11 2 1 3 2890 4265 2893 4279 5746 6946 3565 6930 6947 6931
3719 11 2 1 3 567 520 4206 4248 1119 5424 6829 6830 5201 6531
3720 11 2 1 3 2774 4155 4273 4306 6796 5763 6447 6439 6448 6776
3721 11 2 1 3 2333 373 2343 4166 6948 6949 2389 6075 5836 6950
3722 11 2 1 3 645 2333 102 2315 6892 2384 889 4975 2382 2386
3723 11 2 1 3 571 4242 572 4276 6951 6944 1124 5347 6943 4587
3724 11 2 1 3 2709 2708 2707 4188 3526 3519 3527 5591 6333 6002
3725 11 2 1 3 2884 2876 2879 4132 4092 4096 4098 5912 6513 5586
3726 11 2 1 3 2792 2772 2756 4152 3773 3772 3774 5972 5083 5000
3727 11 2 1 3 2000 702 1952 4258 6952 5610 2059 6847 5505 5612
3728 11 2 1 3 2848 4189 4143 4268 6362 6185 6361 6835 6792 6433
3729 11 2 1 3 383 2344 4234 4272 6953 6954 6955 6956 6957 6958
3730 11 2 1 3 4130 4203 635 4306 6906 6959 6896 4826 6960 6438
3731 11 2 1 3 475 623 4144 4155 1268 6118 6961 6962 6119 5932
3732 11 2 1 3 1969 4247 640 4301 6763 6764 6762 6833 6832 6238
3733 11 2 1 3 569 400 398 4160 1206 1205 1207 6963 6396 4901
3734 11 2 1 3 610 4227 611 4280 5471 6915 1926 6455 6916 5526
3735 11 2 1 3 2849 347 2589 2587 3239 2646 4606 4701 2626 2647
3736 11 2 1 3 2935 4194 4164 4231 6686 6453 6685 6736 6826 5467
3737 11 2 1 3 2350 2335 2303 4200 2480 2369 2483 6125 6199 5952
3738 11 2 1 3 683 522 524 4294 1741 1771 1773 6336 5885 5604
3739 11 2 1 3 418 421 631 4274 1306 1308 1300 6803 6751 6876
3740 11 2 1 3 2589 2667 347 2849 4936 3235 2646 4606 3239 3240
3741 11 2 1 3 2854 2852 2853 4248 4046 4042 4047 5010 5132 6618
3742 11 2 1 3 2666 2839 2837 4218 3320 3319 3318 6456 5942 6000
3743 11 2 1 3 2848 2833 2925 4189 3334 3455 4025 6362 5440 6559
3744 11 2 1 3 2775 2888 2752 4172 3755 3530 3753 6964 6965 6966
3745 11 2 1 3 431 430 428 4264 1356 1355 1357 6579 6167 6475
3746 11 2 1 3 2690 2689 2691 4157 3347 3438 3437 5523 6740 5496
3747 11 2 1 3 2879 4165 4132 4257 6514 5596 6513 6774 6351 5663
3748 11 2 1 3 2690 2692 2833 4157 3442 3445 3444 5523 6424 5160
3749 11 2 1 3 2783 4222 4129 4226 6908 6505 6839 6967 6968 6941
3750 11 2 1 3 458 460 652 4163 1504 1507 1506 6186 4739 6781
3751 11 2 1 3 2324 292 2954 2311 2512 3169 4451 2517 6969 2516
3752 11 2 1 3 4143 4189 397 4268 6185 6262 6261 6792 6837 6433
3753 11 2 1 3 629 424 427 4133 1327 1336 1338 6093 6857 6860
3754 11 2 1 3 595 594 596 4195 1880 1883 1882 6189 4523 4641
3755 11 2 1 3 468 405 406 4128 1239 1234 1240 4543 6256 6099
3756 11 2 1 3 2812 4203 4292 4299 5766 5324 5768 6970 6605 6604
3757 11 2 1 3 2955 4301 4254 4307 6657 6668 6971 6658 6045 6242
3758 11 2 1 3 2858 4254 2885 4307 6972 5915 3844 6973 6043 6045
3759 11 2 1 3 2886 4298 4254 4301 4939 4468 4938 6974 6668 6667
3760 11 2 1 3 662 4139 4174 4264 6730 6975 6928 6731 6612 6304
3761 11 2 1 3 2729 2730 2727 4169 3629 3628 3626 5293 5976 5852
3762 11 2 1 3 648 479 4222 4226 1503 6976 6101 6940 6941 6315
3763 11 2 1 3 398 569 4160 4216 1207 6963 6396 6526 6527 6977
3764 11 2 1 3 2793 2929 2907 4269 3938 3515 3785 5752 5898 5638
3765 11 2 1 3 395 2232 392 4256 6978 6777 857 6979 6778 5853
3766 11 2 1 3 563 488 4248 4303 1654 6980 5200 5100 5093 6981
3767 11 2 1 3 2763 2970 2782 4230 3809 3808 3807 6688 5698 6095
3768 11 2 1 3 2689 2691 4157 4215 3438 6740 5496 4390 5498 6501
3769 11 2 1 3 483 530 4184 4241 1632 6982 5400 6643 6645 6983
3770 11 2 1 3 647 401 464 4185 1212 1221 1223 6296 4748 5023
3771 11 2 1 3 367 1962 4281 4302 6984 6899 6985 6986 6626 6901
3772 11 2 1 3 508 645 516 4251 1738 1737 1736 5203 4694 4591
3773 11 2 1 3 2966 1948 209 2827 6389 2182 3080 3081 3076 6460
3774 11 2 1 3 2336 2659 2313 4246 6463 6939 2549 5667 6114 6462
3775 11 2 1 3 2760 2936 2829 4220 3663 3794 3791 6727 4845 6987
3776 11 2 1 3 2887 2904 2760 4220 3795 3670 3792 6444 6727 6012
3777 11 2 1 3 2752 4172 2888 4228 6965 6966 3530 6933 6988 6989
3778 11 2 1 3 636 4203 4168 4299 6990 6907 6991 6992 6052 6604
3779 11 2 1 3 371 2349 707 4296 6638 6993 954 6639 6994 6407
3780 11 2 1 3 710 107 605 2321 908 904 909 6935 6995 2399
3781 11 2 1 3 2775 4209 2801 4274 6996 4778 3862 6997 6998 6684
3782 11 2 1 3 2796 2795 4151 4241 3803 6999 7000 7001 6644 5808
3783 11 2 1 3 2819 2818 4242 4276 3367 6707 5455 5456 4587 6708
3784 11 2 1 3 2744 2743 2741 4204 3698 3697 3699 5971 5144 5959
3785 11 2 1 3 1980 699 1962 4281 7002 7003 2033 7004 6899 7005
3786 11 2 1 3 2344 2312 4234 4272 2431 7006 6954 6958 6957 7007
3787 11 2 1 3 4127 4265 423 4288 5744 7008 4537 4540 4539 7009
3788 11 2 1 3 206 1972 2680 2911 2174 4393 3067 3071 3072 5955
3789 11 2 1 3 376 4240 2586 4305 6722 6576 6721 7010 6752 6754
3790 11 2 1 3 641 1966 30 387 6014 2086 813 817 815 6013
3791 11 2 1 3 2777 2885 4180 4307 3505 5914 7011 7012 6044 6043
3792 11 2 1 3 602 601 600 4217 1901 1898 1902 5570 6538 6606
3793 11 2 1 3 2862 2863 2864 4238 3968 4056 4055 5919 6037 4381
3794 11 2 1 3 4168 4203 2769 4299 6907 6905 6878 6052 7013 6604
3795 11 2 1 3 634 465 629 4238 1542 1328 1543 7014 6094 5726
3796 11 2 1 3 4261 4270 2810 4285 4692 5416 5415 5118 7015 6767
3797 11 2 1 3 423 4265 425 4288 7008 7016 1330 4539 6649 7009
3798 11 2 1 3 2323 104 697 2343 2392 899 6541 2393 6846 2388
3799 11 2 1 3 2801 4209 4142 4274 4778 4777 4699 6998 4352 6684
3800 11 2 1 3 405 4128 468 4207 6099 4543 1239 5056 5190 5191
3801 11 2 1 3 636 4168 471 4299 6991 5036 1571 6992 6411 6052
3802 11 2 1 3 568 2589 171 380 4666 2621 990 994 992 4832
3803 11 2 1 3 674 2585 390 4278 7017 7018 982 7019 5988 6615
3804 11 2 1 3 2936 4210 2829 4220 5229 4847 3794 6987 4845 4846
3805 11 2 1 3 4197 4232 600 4271 6252 6540 6539 5121 7020 4872
3806 11 2 1 3 615 4179 616 4272 6646 7021 1139 7022 7023 6799
3807 11 2 1 3 383 4272 4234 4275 6956 6957 6955 7024 5338 7025
3808 11 2 1 3 665 607 606 4183 1918 1914 1413 5258 4461 4588
3809 11 2 1 3 731 4250 694 4297 7026 6398 1160 7027 6401 6402
3810 11 2 1 3 446 633 445 4173 1440 1439 1434 6343 6718 5280
3811 11 2 1 3 2756 4152 2772 4261 5083 5000 3772 5487 5001 4675
3812 11 2 1 3 2892 4136 2890 4279 7028 6620 4104 7029 6930 6932
3813 11 2 1 3 2731 2733 2902 4171 3646 3649 3648 5532 5427 6440
3814 11 2 1 3 2775 2888 4172 4274 3755 6966 6964 6997 6683 7030
3815 11 2 1 3 291 2954 2678 2305 3168 3170 3166 2510 4959 5392
3816 11 2 1 3 2000 362 702 4258 7031 791 6952 6847 5612 7032
3817 11 2 1 3 2861 2801 4142 4274 3865 4699 4599 4642 4352 6998
3818 11 2 1 3 2963 2788 4177 4195 3913 4836 5554 5019 4834 4835
3819 11 2 1 3 363 591 698 4289 1015 1017 1016 7033 6153 7034
3820 11 2 1 3 2957 2891 2995 4239 3958 4108 3376 4345 6338 6263
3821 11 2 1 3 403 651 464 4167 1231 1233 1222 4788 4747 5094
3822 11 2 1 3 2804 4281 2956 4302 6624 7035 3973 6625 7036 6626
3823 11 2 1 3 2795 4182 4151 4241 5806 6760 6999 5808 6644 5809
3824 11 2 1 3 2812 2769 4203 4299 3836 6905 5766 6970 6604 7013
3825 11 2 1 3 380 2589 171 2587 4832 2621 992 4856 2625 2626
3826 11 2 1 3 2843 2844 2845 4200 3422 4032 4031 6591 5795 6027
3827 11 2 1 3 2861 2775 2801 4274 3864 3862 3865 4642 6998 6997
3828 11 2 1 3 668 560 528 4161 1403 1790 1791 5542 4804 6349
3829 11 2 1 3 704 2301 119 2319 7037 2441 944 7038 2439 2443
3830 11 2 1 3 696 1978 1959 4291 6743 2076 7039 6744 7040 5994
3831 11 2 1 3 2909 2772 2808 4152 3852 3850 3853 4670 5002 5000
3832 11 2 1 3 2675 2916 298 4239 3191 3187 3189 4956 7041 7042
3833 11 2 1 3 490 629 4193 4238 1353 6838 5030 5098 4926 6094
3834 11 2 1 3 2921 4201 2947 4296 5682 6211 3397 6107 6213 6108
3835 11 2 1 3 1962 699 367 4281 7003 765 6984 6899 6985 7005
3836 11 2 1 3 438 440 441 4187 1404 1407 1406 5298 6074 5277
3837 11 2 1 3 2888 4228 4172 4274 6988 6989 6966 7030 6683 6804
3838 11 2 1 3 2890 4136 2891 4243 6620 6264 3957 5742 6266 6265
3839 11 2 1 3 2868 4162 2866 4283 5640 4516 4068 5641 4603 4532
3840 11 2 1 3 2703 2885 2706 4180 3501 3510 3509 6279 5734 5914
3841 11 2 1 3 2985 2323 2308 4270 7043 2503 7044 7045 6680 5992
3842 11 2 1 3 2747 4154 2745 4163 7046 6735 3716 6379 6651 6782
3843 11 2 1 3 2959 2867 2919 4291 4073 3401 3254 5653 5099 4772
3844 11 2 1 3 471 4160 569 4276 5035 6963 1218 6700 7047 6413
3845 11 2 1 3 510 700 511 4266 1743 1742 1627 5412 6350 5759
3846 11 2 1 3 475 499 623 4155 1591 1593 1268 6962 5932 5573
3847 11 2 1 3 1966 694 31 387 6719 818 2085 6013 816 820
3848 11 2 1 3 458 457 456 4204 1494 1490 1495 6187 6123 5685
3849 11 2 1 3 2784 4222 2783 4226 6245 6908 3778 7048 6967 6941
3850 11 2 1 3 531 4201 541 4296 6067 7049 1066 6270 5882 6108
3851 11 2 1 3 2753 2694 2696 4141 3463 3461 3464 4972 4708 4817
3852 11 2 1 3 487 518 481 4220 1620 1619 1549 6811 5518 5067
3853 11 2 1 3 501 4203 636 4299 5690 6990 1710 6603 6992 6604
3854 11 2 1 3 1967 1948 209 2966 2093 2182 2183 6388 3080 6389
3855 11 2 1 3 291 2324 2954 2305 2513 4451 3168 2510 5392 2514
3856 11 2 1 3 379 80 395 4186 859 855 860 6910 7050 7051
3857 11 2 1 3 409 4130 635 4306 5253 6896 1251 5254 6960 4826
3858 11 2 1 3 2781 2835 2836 4267 3887 3355 3889 5175 6260 5166
3859 11 2 1 3 666 4136 618 4279 7052 7053 1597 7054 5873 6932
3860 11 2 1 3 2946 4179 2989 4272 6308 7055 3301 6798 7056 6799
3861 11 2 1 3 2705 4191 4188 4269 6158 5513 6157 6881 5923 6842
3862 11 2 1 3 463 4196 462 4245 5679 5395 1517 5452 5372 5397
3863 11 2 1 3 2819 2818 4276 4299 3367 6708 5456 7057 6416 6709
3864 11 2 1 3 701 612 4259 4280 1022 5210 7058 5148 5214 5213
3865 11 2 1 3 660 651 511 4167 1538 1628 1746 5564 7059 5094
3866 11 2 1 3 2892 2890 2893 4279 4104 3565 4105 7029 6947 6930
3867 11 2 1 3 4209 4250 731 4297 4779 7026 7060 6664 7027 6402
3868 11 2 1 3 371 2342 2322 4201 6862 2574 6861 6637 5560 5981
3869 11 2 1 3 2935 2900 2792 4194 3815 3934 3935 6686 5973 5732
3870 11 2 1 3 2743 2745 2931 4204 3706 3709 3708 5959 5081 6652
3871 11 2 1 3 556 4136 684 4243 6210 6874 1846 6596 6794 6265
3872 11 2 1 3 2352 708 4137 4272 7061 7062 7063 7064 6800 7065
3873 11 2 1 3 4221 4237 2839 4293 5626 6001 5999 5103 7066 6387
3874 11 2 1 3 1992 728 2000 4229 7067 7068 2062 6885 6911 7069
3875 11 2 1 3 711 2354 2348 4202 7070 2474 6821 6822 5041 7071
3876 11 2 1 3 2677 2323 2985 4270 6714 7043 3155 6716 7045 5992
3877 11 2 1 3 397 620 4143 4268 1118 6791 6261 6837 6792 5929
3878 11 2 1 3 2746 2745 2744 4204 3711 3707 3712 5613 5971 6652
3879 11 2 1 3 2748 2935 2931 4194 3733 3735 3720 6452 5080 6686
3880 11 2 1 3 2703 2706 2705 4191 3509 3508 3507 6280 6158 5514
3881 11 2 1 3 390 2585 2591 4278 7018 2614 6310 5988 5865 6615
3882 11 2 1 3 2877 4212 2874 4229 7072 6246 3380 7073 6341 5592
3883 11 2 1 3 1989 361 640 4247 6920 832 6761 6765 6764 6601
3884 11 2 1 3 415 4188 414 4191 6062 5801 1276 6942 5800 5513
3885 11 2 1 3 2795 2762 4151 4182 3802 7074 6999 5806 6760 7075
3886 11 2 1 3 2845 4290 2977 4294 5760 7076 3407 5761 6834 4759
3887 11 2 1 3 468 624 489 4128 1248 1558 1557 4543 4542 6701
3888 11 2 1 3 635 4168 636 4203 6897 6991 1712 6959 6990 6907
3889 11 2 1 3 558 399 647 4185 1203 1211 1213 6450 6296 6431
3890 11 2 1 3 39 1957 377 1976 2117 6488 840 2111 6489 2116
3891 11 2 1 3 345 2971 2586 2592 3233 6575 2643 2642 2620 6285
3892 11 2 1 3 2866 2865 2864 4238 4063 4058 4064 5033 6037 6583
3893 11 2 1 3 558 397 399 4189 1202 1200 1203 6469 6430 6262
3894 11 2 1 3 476 618 663 4279 1596 1595 1594 7077 5827 5873
3895 11 2 1 3 2945 4234 2897 4275 5705 7078 3364 5892 7079 5338
3896 11 2 1 3 488 485 4248 4303 1634 5009 6980 6981 5093 4852
3897 11 2 1 3 2984 2350 2303 4200 6293 2483 7080 6295 6199 6125
3898 11 2 1 3 642 680 733 4178 1946 1682 1717 6783 4448 4550
3899 11 2 1 3 398 397 396 4189 1195 1117 1196 6397 6030 6262
3900 11 2 1 3 206 1972 2911 1953 2174 5955 3071 2176 6146 2178
3901 11 2 1 3 2340 2316 2329 4242 2581 2466 2569 6698 6818 6697
3902 11 2 1 3 2690 2880 4148 4268 3348 6867 5522 6584 6499 6040
3903 11 2 1 3 368 4242 2316 4292 6819 6697 6503 6504 5990 6699
3904 11 2 1 3 506 632 648 4222 1553 1493 1730 5548 6101 5017
3905 11 2 1 3 578 577 4215 4223 1170 4632 5444 5539 4392 4634
3906 11 2 1 3 457 458 470 4163 1494 1500 1499 5364 5431 6186
3907 11 2 1 3 2322 2349 371 4201 2566 6638 6861 5560 6637 6368
3908 11 2 1 3 471 569 570 4276 1218 1570 1569 6700 6741 7047
3909 11 2 1 3 521 4224 505 4225 7081 5237 1686 7082 7083 4717
3910 11 2 1 3 476 663 4174 4279 1594 5870 7084 7077 5871 5827
3911 11 2 1 3 421 4142 480 4274 4433 7085 1321 6876 6696 4352
3912 11 2 1 3 2775 4172 2800 4209 6964 6704 3846 6996 6793 6660
3913 11 2 1 3 2705 2706 2707 4188 3508 3517 3516 6157 6333 5512
3914 11 2 1 3 625 415 630 4269 1290 1291 1293 5922 5719 6063
3915 11 2 1 3 2856 2667 2996 4184 3330 3327 3331 4555 7086 4689
3916 11 2 1 3 2771 2800 2775 4172 3847 3846 3754 4364 6964 6704
3917 11 2 1 3 2907 2705 2708 4188 3512 3518 3520 6381 6002 6157
3918 11 2 1 3 397 558 620 4268 1202 1095 1118 6837 5929 6451
3919 11 2 1 3 1953 641 1999 4178 6426 6756 2084 6147 5097 6015
3920 11 2 1 3 595 605 698 4177 1888 1018 1881 6188 6149 5989
3921 11 2 1 3 499 532 630 4192 1701 1704 1703 5574 5718 5289
3922 11 2 1 3 545 527 529 4235 1787 1785 1788 6004 5584 4406
3923 11 2 1 3 2934 4151 2762 4245 5379 7074 3740 5848 7087 5453
3924 11 2 1 3 643 608 701 4259 1130 1923 1025 5891 7058 6064
3925 11 2 1 3 532 4170 630 4192 5290 5995 1704 5289 5718 5288
3926 11 2 1 3 445 633 561 4282 1439 1441 1442 6272 5621 5282
3927 11 2 1 3 420 626 423 4127 1309 1318 1317 4455 4537 4705
3928 11 2 1 3 1971 1952 200 2656 2160 2157 2158 6089 3049 5504
3929 11 2 1 3 428 426 662 4264 1345 1347 1346 6167 6731 6166
3930 11 2 1 3 2728 2927 2884 4131 3620 3635 3633 5359 5911 5223
3931 11 2 1 3 2337 2315 2333 4251 2580 2386 2578 6056 6098 4658
3932 11 2 1 3 472 463 462 4245 1524 1517 1525 5451 5372 5452
3933 11 2 1 3 571 381 572 4242 1126 1125 1124 6951 6944 5043
3934 11 2 1 3 2978 198 1949 2831 3041 2153 6516 3047 6161 3046
3935 11 2 1 3 2352 2344 708 4272 2434 7088 7061 7064 7065 6958
3936 11 2 1 3 4136 4179 618 4279 5902 5872 7053 6932 5873 5829
3937 11 2 1 3 2784 2757 4222 4226 3779 6879 6245 7048 6941 5978
3938 11 2 1 3 554 544 542 4255 1821 1820 1154 5703 4434 5377
3939 11 2 1 3 429 427 4147 4193 1349 6785 4639 4647 4342 6856
3940 11 2 1 3 431 662 617 4264 1358 1371 1372 6579 6669 6731
3941 11 2 1 3 730 4137 616 4179 5314 7089 1943 6148 7021 5904
3942 11 2 1 3 583 4148 375 4268 5840 6801 1092 6498 5931 6499
3943 11 2 1 3 2874 2872 2873 4161 4084 4083 3378 6247 4638 5075
3944 11 2 1 3 2964 4250 4209 4297 5267 4779 5538 7090 6664 6402
3945 11 2 1 3 2732 2734 2733 4282 3652 3651 3647 6523 6394 5572
3946 11 2 1 3 651 511 4167 4266 1628 7059 5094 6217 5565 6350
3947 11 2 1 3 4139 4174 2718 4279 6975 7091 6481 7092 7093 5871
3948 11 2 1 3 601 690 619 4232 1908 1134 1900 6470 4476 5126
3949 11 2 1 3 2668 2848 4143 4268 3333 6361 6927 6042 6792 6835
3950 11 2 1 3 2907 2704 2705 4269 3511 3506 3512 5898 6881 7094
3951 11 2 1 3 2730 2766 2905 4169 3643 3645 3630 5852 4502 5947
3952 11 2 1 3 2836 2837 4266 4267 3358 5944 6259 6260 5176 6631
3953 11 2 1 3 3000 2950 2656 4236 3265 3262 3051 5779 5503 6019
3954 11 2 1 3 2347 104 697 2323 2390 899 6484 2394 6541 2392
3955 11 2 1 3 2807 2824 2828 4249 3986 3988 3987 4668 4865 4963
3956 11 2 1 3 2795 2762 2796 4151 3802 3804 3803 6999 7000 7074
3957 11 2 1 3 2890 2891 2798 4243 3957 3956 3955 5742 5965 6266
3958 11 2 1 3 668 437 560 4131 1388 1402 1403 5541 6348 5195
3959 11 2 1 3 2704 4191 2705 4269 6383 6158 3506 7094 6881 6842
3960 11 2 1 3 2347 2308 2323 4270 2397 2503 2394 6487 5992 6680
3961 11 2 1 3 580 464 660 4167 1535 1537 1536 6554 5564 4747
3962 11 2 1 3 2928 4168 2813 4299 4900 7095 3840 6051 6594 6052
3963 11 2 1 3 2980 2339 2338 4259 7096 2523 7097 7098 6276 7099
3964 11 2 1 3 2934 2762 2749 4245 3740 3737 3738 5848 6770 7087
3965 11 2 1 3 404 622 407 4214 1226 1238 1237 5448 6356 4968
3966 11 2 1 3 2909 4166 2677 4270 4672 6715 3384 4690 6716 4691
3967 11 2 1 3 2717 4147 4264 4284 7100 6427 6496 6497 6169 6429
3968 11 2 1 3 674 4200 2585 4278 7101 6613 7017 7019 6615 6568
3969 11 2 1 3 697 678 590 4270 900 1872 1876 6486 4725 5993
3970 11 2 1 3 400 471 402 4160 1217 1216 1215 4901 4714 5035
3971 11 2 1 3 2932 4163 2746 4224 4862 5473 3722 4961 7102 4738
3972 11 2 1 3 2894 2718 4174 4279 3584 7091 6109 6111 5871 7093
3973 11 2 1 3 406 405 404 4214 1234 1230 1235 6255 5448 5058
3974 11 2 1 3 2814 2971 4240 4305 3326 6286 7103 7104 6754 6753
3975 11 2 1 3 2701 4176 2702 4180 5082 6630 3491 6209 7105 6165
3976 11 2 1 3 531 499 4155 4192 1697 5573 6066 6065 5476 5574
3977 11 2 1 3 2732 2733 4171 4282 3647 6440 7106 6523 6138 6394
3978 11 2 1 3 442 4187 4171 4282 6642 5689 6641 6650 6138 5688
3979 11 2 1 3 2314 285 2951 2323 2495 3148 6191 2500 6581 2499
3980 11 2 1 3 2817 4236 2831 4244 6302 6162 4004 5156 6163 5697
3981 11 2 1 3 662 4139 476 4174 6730 7107 1348 6928 7084 6975
3982 11 2 1 3 605 595 597 4195 1888 1886 1889 4887 6021 6189
3983 11 2 1 3 2814 4240 4241 4305 7103 6127 7108 7104 7109 6754
3984 11 2 1 3 2862 2906 2861 4142 4054 3555 3966 5918 4599 4378
3985 11 2 1 3 479 653 4222 4226 1611 6561 6976 6315 6941 7110
3986 11 2 1 3 598 4211 4195 4271 7111 4765 6864 6466 4823 4870
3987 11 2 1 3 558 583 375 4268 1093 1092 1094 6451 5931 6498
3988 11 2 1 3 2757 4135 4222 4226 5977 5984 6879 5978 6941 5367
3989 11 2 1 3 490 634 629 4238 1662 1543 1353 5098 6094 7014
3990 11 2 1 3 2669 4302 1956 4304 7112 6227 5672 5673 4686 6278
3991 11 2 1 3 679 667 553 4132 1844 1421 1812 5655 6788 5775
3992 11 2 1 3 415 4191 412 4269 6942 5499 1277 6063 6894 6842
3993 11 2 1 3 2910 3001 4177 4289 4123 6405 7113 7114 5555 6406
3994 11 2 1 3 660 4167 511 4266 5564 7059 1746 5495 6350 5565
3995 11 2 1 3 2302 2663 288 2918 4890 3159 2507 4889 3157 3161
3996 11 2 1 3 514 731 4209 4250 1760 7060 5007 5008 4779 7026
3997 11 2 1 3 2930 4128 2882 4207 4827 5979 3790 5728 5388 5191
3998 11 2 1 3 2739 4140 2741 4198 5061 5143 3686 5139 5405 4923
3999 11 2 1 3 20 692 1949 385 781 5694 2048 783 6005 785
4000 11 2 1 3 623 415 412 4269 1278 1277 1266 5933 6894 6063
4001 11 2 1 3 395 4186 2236 4256 7050 7115 7116 6979 7117 5239
4002 11 2 1 3 1958 545 4229 4235 6883 6003 6886 7118 5594 6004
4003 11 2 1 3 2308 4270 363 4289 6680 6485 6679 7119 7033 7120
4004 11 2 1 3 648 457 479 4135 1492 1501 1503 6100 6797 5362
4005 11 2 1 3 1995 655 1957 4267 6852 6823 2118 6176 6175 6824
4006 11 2 1 3 575 392 721 4256 1185 854 976 5651 5106 6778
4007 11 2 1 3 632 450 4140 4208 1466 4917 5015 5016 4931 5065
4008 11 2 1 3 2309 100 713 2346 2378 887 5823 2380 6850 2374
4009 11 2 1 3 4155 478 4273 4306 7121 7122 5763 6776 6448 7123
4010 11 2 1 3 259 2234 2847 4186 2289 7124 3113 7125 6738 7126
4011 11 2 1 3 2923 2869 2870 4162 3595 4074 4078 5753 6235 4338
4012 11 2 1 3 2000 4229 362 4258 6911 7127 7031 6847 7032 6815
4013 11 2 1 3 2232 392 79 395 6777 852 2257 6978 856 857
4014 11 2 1 3 2946 2989 2662 4272 3301 3300 3298 6798 6922 7056
4015 11 2 1 3 2714 4127 2711 4288 6786 4601 3548 7128 7129 4540
4016 11 2 1 3 618 4136 691 4179 7053 5606 1942 5872 5903 5902
4017 11 2 1 3 2307 302 2921 2322 2539 3199 6105 2543 5681 2542
4018 11 2 1 3 554 4255 542 4295 5703 4434 1154 4736 4806 4797
4019 11 2 1 3 492 493 461 4194 1522 1521 1511 5957 6509 5500
4020 11 2 1 3 379 2234 80 4186 7130 2262 859 6910 7051 7126
4021 11 2 1 3 465 480 421 4142 1322 1321 1319 4432 4433 7085
4022 11 2 1 3 2955 4254 2858 4307 6971 6972 3924 6658 6973 6045
4023 11 2 1 3 259 2847 2682 4186 3113 3115 3111 7125 7131 6738
4024 11 2 1 3 2851 4248 2852 4303 5244 6618 4040 5101 6619 5093
4025 11 2 1 3 2703 2701 2702 4180 3496 3491 3497 6279 7105 6209
4026 11 2 1 3 2956 4281 1984 4302 7035 6898 7132 7036 6900 6626
4027 11 2 1 3 556 555 4239 4243 1063 4346 5901 6596 4348 4347
4028 11 2 1 3 2893 4139 2718 4279 7133 6481 3570 6947 7093 7092
4029 11 2 1 3 2329 368 706 4242 6817 966 7134 6818 7135 6819
4030 11 2 1 3 462 463 460 4196 1517 1516 1514 5395 5396 5679
4031 11 2 1 3 2905 2828 2726 4183 3624 3623 3621 4501 5331 4864
4032 11 2 1 3 2777 4180 4263 4307 7011 7136 7137 7012 7138 6044
4033 11 2 1 3 492 461 459 4194 1511 1510 1512 5957 4742 6509
4034 11 2 1 3 399 400 401 4185 1204 1210 1209 6431 5023 4903
4035 11 2 1 3 2314 2333 2343 4166 2577 2389 2576 6009 5836 6075
4036 11 2 1 3 2882 2930 2776 4128 3790 3869 3495 5979 4648 4827
4037 11 2 1 3 2800 2964 4209 4297 3963 5538 6793 6705 6664 7090
4038 11 2 1 3 84 389 2233 576 871 7139 2272 867 7140 872
4039 11 2 1 3 530 483 656 4241 1632 1578 1633 6983 6807 6643
4040 11 2 1 3 361 1960 36 688 6597 2106 831 835 833 6598
4041 11 2 1 3 2761 4165 2936 4282 5597 6532 3665 5686 5232 5687
4042 11 2 1 3 399 398 400 4189 1201 1205 1204 6430 5684 6397
4043 11 2 1 3 1984 1980 1962 4281 2224 2033 2227 6898 6899 7004
4044 11 2 1 3 2590 2683 349 2941 4978 3241 2650 5164 3245 3246
4045 11 2 1 3 423 4127 477 4265 4537 6345 1332 7008 6347 5744
4046 11 2 1 3 2819 4276 2813 4299 5456 6593 3997 7057 6594 6416
4047 11 2 1 3 489 4128 624 4263 4542 6701 1558 4654 7141 4652
4048 11 2 1 3 2981 2977 2782 4294 3895 3892 3893 5312 5701 6834
4049 11 2 1 3 2841 2904 4158 4208 3695 6055 4998 4932 4997 5675
4050 11 2 1 3 1973 1993 712 4287 2022 6672 7142 5839 6673 4684
4051 11 2 1 3 2937 4189 2942 4216 6224 5937 4012 5609 6914 6032
4052 11 2 1 3 36 1989 1960 361 2100 2107 2106 831 6597 6920
4053 11 2 1 3 675 4223 578 4286 4485 5539 1177 5110 5445 5111
4054 11 2 1 3 476 4265 666 4279 7143 7144 1341 7077 7054 6931
4055 11 2 1 3 456 454 654 4134 1485 1487 1486 6640 4729 4907
4056 11 2 1 3 476 4139 4265 4279 7107 7145 7143 7077 6931 7092
4057 11 2 1 3 24 1977 709 4235 2064 6544 795 7146 6546 6545
4058 11 2 1 3 2849 2856 2850 4206 3329 4039 3416 4556 6635 4557
4059 11 2 1 3 370 704 119 2319 945 944 940 7147 2439 7038
4060 11 2 1 3 698 4177 605 4289 6149 5989 1018 6153 4888 5555
4061 11 2 1 3 4225 4281 637 4300 6623 6869 6870 6828 7148 6552
4062 11 2 1 3 566 726 4302 4304 1038 6228 7149 7150 6278 6277
4063 11 2 1 3 654 466 587 4261 1488 1546 1547 6919 7151 5307
4064 11 2 1 3 373 4166 2333 4251 6950 6075 6948 7152 6098 6058
4065 11 2 1 3 4139 4265 2893 4288 7145 6946 7133 6572 7153 7009
4066 11 2 1 3 378 2309 2346 4290 6849 2380 6851 7154 7155 5048
4067 11 2 1 3 2699 2700 2701 4176 3478 3487 3486 4749 5082 5817
4068 11 2 1 3 2871 2870 2868 4162 4076 4075 4077 4855 5640 6235
4069 11 2 1 3 2946 4136 2892 4179 6307 7028 4107 6308 7156 5902
4070 11 2 1 3 258 2682 2940 4256 3110 3112 3108 7157 6035 7158
4071 11 2 1 3 2974 2674 307 2327 3218 3214 3216 5798 2557 5545
4072 11 2 1 3 2798 2957 2797 4243 3953 3952 3828 5965 4795 4349
4073 11 2 1 3 2718 4139 2715 4284 6481 7159 3568 6482 7160 6305
4074 11 2 1 3 2723 2726 2952 4183 3608 3610 3602 4596 5013 5331
4075 11 2 1 3 2894 2893 2718 4279 3583 3570 3584 6111 7093 6947
4076 11 2 1 3 395 2236 2232 4256 7116 2261 6978 6979 5853 7117
4077 11 2 1 3 2714 2893 4265 4288 3561 6946 6787 7128 7009 7153
4078 11 2 1 3 2896 2895 2894 4275 4114 4112 4115 5816 6110 6329
4079 11 2 1 3 32 366 694 1948 821 823 819 2088 6400 6562
4080 11 2 1 3 2714 2711 2713 4288 3548 3546 3549 7128 4418 7129
4081 11 2 1 3 430 4175 432 4205 6473 6521 1364 6474 6375 5304
4082 11 2 1 3 1948 694 31 1966 6400 818 2089 2090 2085 6719
4083 11 2 1 3 648 479 653 4222 1503 1611 1613 6101 6561 6976
4084 11 2 1 3 2947 2921 2679 4201 3397 3203 3398 6211 5561 5682
4085 11 2 1 3 2793 2907 4170 4269 3785 5925 6132 5752 5926 5898
4086 11 2 1 3 529 4161 679 4212 5581 6144 1794 5583 5657 5582
4087 11 2 1 3 2784 2785 2783 4129 3897 3896 3778 6805 6839 6506
4088 11 2 1 3 4201 4246 2998 4273 5789 6585 6360 5765 7161 5469
4089 11 2 1 3 2746 2757 2765 4226 3713 3724 3723 5475 7162 5978
4090 11 2 1 3 4139 2718 4174 4264 6481 7091 6975 6304 6612 6480
4091 11 2 1 3 508 516 509 4294 1736 1735 1676 5527 6903 4857
4092 11 2 1 3 2852 2851 2850 4248 4040 3418 4041 6618 6636 5244
4093 11 2 1 3 2749 2750 2748 4245 3732 3731 3726 6770 5786 6734
4094 11 2 1 3 363 4270 591 4289 6485 7163 1015 7033 7034 7120
4095 11 2 1 3 4129 4222 653 4226 6505 6561 6560 6968 7110 6941
4096 11 2 1 3 496 569 4216 4276 1208 6977 4441 5346 4646 7047
4097 11 2 1 3 2343 373 678 4166 6949 897 5834 5836 5838 6950
4098 11 2 1 3 2809 4201 2998 4273 5557 6360 3993 5764 7161 5765
4099 11 2 1 3 2935 4164 2764 4231 6685 7164 3745 6736 7165 6826
4100 11 2 1 3 2819 2813 2818 4299 3997 3996 3367 7057 6709 6594
4101 11 2 1 3 2888 4146 2709 4228 7166 4929 3528 6988 5860 5485
4102 11 2 1 3 478 635 4203 4306 1263 6959 7167 7123 6438 6960
4103 11 2 1 3 2690 2833 2880 4268 3444 3335 3348 6584 6040 6425
4104 11 2 1 3 719 4247 552 4307 6239 7168 1841 6240 7169 6241
4105 11 2 1 3 2234 4143 2847 4186 7170 6737 7124 7126 6738 6183
4106 11 2 1 3 2713 4133 2716 4288 4417 6882 3559 4418 7171 4419
4107 11 2 1 3 541 4201 371 4296 7049 6637 1067 5882 6639 6108
4108 11 2 1 3 2831 198 1949 1965 3046 2153 6161 6344 2053 2154
4109 11 2 1 3 2961 2802 2783 4300 3270 3817 3898 6551 6840 7172
4110 11 2 1 3 2980 2338 2673 4259 7097 6693 3179 7098 6694 6276
4111 11 2 1 3 1953 1966 30 641 2087 2086 2082 6426 813 6014
4112 11 2 1 3 2684 2585 2591 343 6614 2614 6739 3223 2639 2637
4113 11 2 1 3 489 685 486 4293 1644 1643 1556 5090 5092 6373
4114 11 2 1 3 2688 2834 2689 4223 3424 3436 3345 4396 4387 5383
4115 11 2 1 3 545 728 1992 4229 799 7067 6884 6003 6885 7069
4116 11 2 1 3 576 583 577 4148 1096 1858 1168 4635 4633 5840
4117 11 2 1 3 2799 2944 2900 4231 3960 3959 3814 5634 5004 5236
4118 11 2 1 3 1983 2917 2666 4237 7173 3093 6457 5869 6458 7174
4119 11 2 1 3 644 2332 2313 4246 6207 2459 7175 6206 6114 5668
4120 11 2 1 3 2995 2946 2916 4137 4109 3299 3374 6337 7176 6306
4121 11 2 1 3 615 4179 4272 4275 6646 6799 7022 6647 7025 5825
4122 11 2 1 3 2936 4165 2938 4210 6532 5730 3800 5229 6472 6442
4123 11 2 1 3 1960 1969 212 4247 2192 2188 2190 6600 7177 6763
4124 11 2 1 3 4133 4284 2716 4288 6858 7178 6882 4419 7171 6574
4125 11 2 1 3 1986 1964 1977 4235 2230 2070 2218 5141 6545 4497
4126 11 2 1 3 2796 4184 2996 4241 7179 7086 3948 7001 7180 6645
4127 11 2 1 3 4254 4301 550 4307 6668 6556 7181 6045 6557 6242
4128 11 2 1 3 566 388 726 4304 1165 759 1038 7150 6277 4860
4129 11 2 1 3 1980 1990 638 4281 2036 6268 7182 7004 5115 4545
4130 11 2 1 3 2717 2718 2715 4284 3569 3568 3566 6497 7160 6482
4131 11 2 1 3 2746 2747 2745 4163 3717 3716 3711 5473 6651 6379
4132 11 2 1 3 713 2309 378 4290 5823 6849 888 4423 7154 5048
4133 11 2 1 3 1983 1960 2917 4237 2195 7183 7173 5869 7174 6607
4134 11 2 1 3 1987 2979 1957 4218 6745 7184 2201 6748 6490 6747
4135 11 2 1 3 472 656 4151 4182 1576 6806 5449 6759 6760 7185
4136 11 2 1 3 2958 2839 4237 4293 3322 6001 7186 7187 6387 7066
4137 11 2 1 3 3001 2963 2788 4177 3919 3913 3917 6405 4836 5554
4138 11 2 1 3 418 419 420 4146 1296 1305 1304 5185 4457 4576
4139 11 2 1 3 2236 4186 2682 4256 7115 7131 7188 7117 7158 5239
4140 11 2 1 3 2930 4207 2838 4221 5728 6820 3789 4828 6357 5192
4141 11 2 1 3 650 440 439 4169 1409 1405 1410 5813 5833 5274
4142 11 2 1 3 2704 2859 2701 4144 3500 3489 3498 6382 5134 4799
4143 11 2 1 3 298 2916 2306 4239 3187 7189 2530 7041 7190 7042
4144 11 2 1 3 451 4159 657 4219 5014 4548 1458 5398 4549 4495
4145 11 2 1 3 408 406 407 4214 1244 1236 1245 5646 6356 6255
4146 11 2 1 3 645 373 2333 4251 894 6948 6892 4591 6098 7152
4147 11 2 1 3 2902 2733 2736 4150 3649 3658 3660 5683 7191 6393
4148 11 2 1 3 2762 4182 2763 4245 7075 6687 3742 7087 6733 6634
4149 11 2 1 3 553 4165 536 4257 6836 5662 1809 6789 5664 5663
4150 11 2 1 3 2794 2992 2947 4296 3942 3941 3940 4713 6213 5974
4151 11 2 1 3 417 4228 4172 4253 6565 6989 7192 6566 6140 6386
4152 11 2 1 3 533 692 385 4236 1078 785 1148 6681 6006 5693
4153 11 2 1 3 2767 2889 2798 4190 3545 3830 3829 6086 6312 6369
4154 11 2 1 3 2996 4241 4184 4305 7180 6645 7086 7193 7194 7109
4155 11 2 1 3 616 4179 4137 4272 7021 5904 7089 7023 6800 6799
4156 11 2 1 3 655 39 1957 377 842 2117 6823 844 6488 840
4157 11 2 1 3 529 560 679 4161 1789 1795 1794 5581 6144 6349
4158 11 2 1 3 529 527 528 4161 1785 1782 1786 5581 4804 4405
4159 11 2 1 3 426 427 424 4284 1337 1336 1334 6170 6570 6729
4160 11 2 1 3 169 2586 582 2592 2619 6689 984 2615 5986 2620
4161 11 2 1 3 2317 2338 2339 4259 2584 2523 2583 6275 7099 6276
4162 11 2 1 3 437 436 438 4138 1387 1395 1394 5268 5249 5724
4163 11 2 1 3 2668 2833 2848 4268 3332 3334 3333 6042 6835 6425
4164 11 2 1 3 2961 4281 2802 4300 6550 7195 3270 6551 7172 6552
4165 11 2 1 3 666 691 618 4136 1945 1942 1597 7052 7053 5606
4166 11 2 1 3 2741 2739 2740 4140 3686 3678 3687 5143 5177 5061
4167 11 2 1 3 2682 2937 2832 4186 3412 3411 3410 7131 5238 5608
4168 11 2 1 3 2682 4186 2832 4256 7131 5238 3410 7158 4664 5239
4169 11 2 1 3 2352 708 677 4137 7061 939 7196 7063 7197 7062
4170 11 2 1 3 2318 290 2678 2305 2508 3165 4958 2409 4959 2511
4171 11 2 1 3 2729 2728 2901 4187 3627 3632 3631 5295 5946 5394
4172 11 2 1 3 478 4155 475 4306 7121 6962 1261 7123 7198 6776
4173 11 2 1 3 2933 2910 4177 4285 3995 7113 7199 6712 6151 7200
4174 11 2 1 3 4128 4176 624 4263 6257 6702 6701 4652 7141 6691
4175 11 2 1 3 2857 2759 4167 4266 3460 5417 5894 5895 5565 6706
4176 11 2 1 3 2796 4151 4184 4241 7000 5025 7179 7001 6645 6644
4177 11 2 1 3 2713 2716 2715 4288 3559 3558 3557 4418 7201 7171
4178 11 2 1 3 2881 2809 2774 4155 3858 3855 3859 5478 6796 5556
4179 11 2 1 3 4133 424 4284 4288 6860 6570 6858 4419 6574 6573
4180 11 2 1 3 2813 2928 2769 4168 3840 3485 3838 7095 6878 4900
4181 11 2 1 3 478 4203 501 4273 7167 5690 1607 7122 5691 5321
4182 11 2 1 3 597 4195 598 4211 6021 6864 1053 6022 7111 4765
4183 11 2 1 3 367 4281 637 4302 6985 6869 1043 6986 6871 6626
4184 11 2 1 3 425 423 477 4265 1330 1332 1331 7016 6347 7008
4185 11 2 1 3 1958 545 24 1992 6883 798 2066 2067 2060 6884
4186 11 2 1 3 2939 4232 2780 4271 5272 6251 3883 5273 6773 4872
4187 11 2 1 3 2973 4233 2815 4252 5717 6577 3258 5991 6611 4431
4188 11 2 1 3 2716 4284 2715 4288 7178 7160 3558 7171 7201 6574
4189 11 2 1 3 2949 2864 2863 4199 4059 4056 4060 6726 4841 6036
4190 11 2 1 3 503 4283 525 4291 6258 5021 1718 6674 4763 4536
4191 11 2 1 3 2898 4174 2718 4264 6548 7091 3581 6203 6480 6612
4192 11 2 1 3 395 80 2236 4186 855 2260 7116 7050 7115 7051
4193 11 2 1 3 565 4287 388 4303 7202 4858 1161 7203 6518 5393
4194 11 2 1 3 479 4226 495 4300 6315 6758 1564 7204 7205 7206
4195 11 2 1 3 2926 212 1969 4247 3085 2188 7207 7208 6763 7177
4196 11 2 1 3 292 2661 2954 2311 3171 3173 3169 2516 6969 5066
4197 11 2 1 3 2726 2723 2725 4145 3608 3606 3609 5423 5880 4595
4198 11 2 1 3 2929 4144 2704 4269 6454 6382 3514 5638 7094 6120
4199 11 2 1 3 2874 2676 4229 4235 3379 7209 6341 6248 5594 7210
4200 11 2 1 3 2970 2981 2782 4260 3894 3893 3808 5849 5700 5310
4201 11 2 1 3 639 2342 371 4201 6844 6862 957 6843 6637 5981
4202 11 2 1 3 2754 4181 2903 4197 6201 5533 3764 6848 5537 5119
4203 11 2 1 3 1983 1960 213 2917 2195 2191 2193 7173 3088 7183
4204 11 2 1 3 378 713 100 2346 888 887 883 6851 2374 6850
4205 11 2 1 3 450 452 632 4140 1464 1467 1466 4917 5015 4916
4206 11 2 1 3 424 423 425 4288 1325 1330 1329 6573 6649 4539
4207 11 2 1 3 2839 2789 4221 4293 3922 4839 5999 7066 5103 5354
4208 11 2 1 3 2764 4164 2750 4230 7164 6812 3743 7211 6732 6325
4209 11 2 1 3 2764 4231 4230 4294 7165 7212 7211 7213 5702 5528
4210 11 2 1 3 413 411 412 4180 1269 1264 1270 5877 6665 6164
4211 11 2 1 3 383 615 4272 4275 1135 7022 6956 7024 7025 6647
4212 11 2 1 3 2748 4154 2747 4196 5785 7046 3719 5847 6380 5846
4213 11 2 1 3 213 2666 1983 2917 3092 6457 2193 3088 7173 3093
4214 11 2 1 3 546 4209 731 4297 7214 7060 1759 7215 7027 6664
4215 11 2 1 3 2803 2804 4225 4300 3971 6622 7216 7217 6828 6827
4216 11 2 1 3 386 707 2320 4296 951 7218 7219 7220 7221 6994
4217 11 2 1 3 619 2345 111 2353 5348 2413 916 4989 2411 2415
4218 11 2 1 3 2759 2838 2930 4207 3786 3789 3788 5418 5728 6820
4219 11 2 1 3 548 550 549 4254 1833 1832 1830 6059 6048 7181
4220 11 2 1 3 2836 2857 2781 4266 3890 3450 3889 6259 5172 5895
4221 11 2 1 3 379 4143 2234 4186 6909 7170 7130 6910 7126 6183
4222 11 2 1 3 1969 2658 2926 4301 7222 3087 7207 6833 7223 7224
4223 11 2 1 3 602 600 670 4197 1902 1904 1903 5791 6317 6539
4224 11 2 1 3 441 442 672 4187 1414 1420 1419 6074 5888 6642
4225 11 2 1 3 375 576 83 4148 869 868 864 6801 7225 4635
4226 11 2 1 3 662 426 476 4139 1347 1339 1348 6730 7107 6303
4227 11 2 1 3 2996 4184 2667 4305 7086 4689 3327 7193 4937 7194
4228 11 2 1 3 2927 2724 2924 4149 3612 3613 3615 5224 5340 6178
4229 11 2 1 3 634 494 4142 4238 1541 4310 7226 7014 4312 4311
4230 11 2 1 3 2813 4168 2769 4299 7095 6878 3838 6594 7013 6052
4231 11 2 1 3 376 169 2586 582 986 2619 6721 988 6689 984
4232 11 2 1 3 373 2333 102 645 6948 2384 893 894 889 6892
4233 11 2 1 3 546 514 731 4209 1758 1760 1759 7214 7060 5007
4234 11 2 1 3 2908 4147 2717 4284 4465 7100 3571 7227 6497 6429
4235 11 2 1 3 730 616 691 4179 1943 1941 1851 6148 5903 7021
4236 11 2 1 3 413 4180 412 4191 5877 6665 1270 5876 5499 5733
4237 11 2 1 3 2841 2904 2887 4158 3695 3795 3911 4998 6443 6055
4238 11 2 1 3 2352 4137 2325 4272 7063 7228 2565 7064 7229 6800
4239 11 2 1 3 2325 2344 2352 4272 2572 2434 2565 7229 7064 6958
4240 11 2 1 3 2236 2682 258 4256 7188 3110 2287 7117 7157 7158
4241 11 2 1 3 563 488 567 4248 1654 1636 1655 5200 6830 6980
4242 11 2 1 3 2747 4154 4163 4196 7046 6782 6379 6380 4829 5846
4243 11 2 1 3 472 474 656 4182 1526 1577 1576 6759 7185 6633
4244 11 2 1 3 283 2341 2337 2664 2489 2494 2493 3144 6008 6395
4245 11 2 1 3 635 636 501 4203 1712 1710 1608 6959 5690 6990
4246 11 2 1 3 2319 2675 298 4239 4954 3189 2534 4957 7041 4956
4247 11 2 1 3 2921 2665 301 4296 3200 3196 3198 6107 7230 7231
4248 11 2 1 3 2908 4193 4147 4284 4466 4342 4465 7227 6429 6859
4249 11 2 1 3 548 550 4254 4301 1833 7181 6059 6666 6668 6556
4250 11 2 1 3 2336 2340 305 2962 2552 2551 2547 6371 3210 6370
4251 11 2 1 3 542 386 4295 4296 1152 7232 4806 4437 4807 7220
4252 11 2 1 3 394 686 98 2303 882 881 877 6197 2368 6196
4253 11 2 1 3 379 620 81 4143 863 862 858 6909 7233 6791
4254 11 2 1 3 2755 2859 2774 4306 3490 3770 3769 6437 6439 4752
4255 11 2 1 3 649 521 505 4225 1725 1686 1726 7234 7083 7082
4256 11 2 1 3 2588 173 562 393 2631 996 5549 5550 1000 998
4257 11 2 1 3 1992 2000 1971 4229 2062 2211 2217 6885 6814 6911
4258 11 2 1 3 367 637 734 4302 1043 1044 1041 6986 6890 6871
4259 11 2 1 3 498 4155 478 4273 5939 7121 1590 5940 7122 5763
4260 11 2 1 3 383 115 715 4234 932 928 933 6955 6937 7235
4261 11 2 1 3 409 635 478 4306 1251 1263 1262 5254 7123 6960
4262 11 2 1 3 2995 4137 2916 4239 6337 7176 3374 6338 7042 5318
4263 11 2 1 3 451 657 469 4219 1458 1473 1472 5398 4399 4549
4264 11 2 1 3 2590 562 172 4206 5146 995 2628 4976 7236 5145
4265 11 2 1 3 1963 1976 671 4218 2113 7237 5961 5867 5962 6491
4266 11 2 1 3 2711 2709 2712 4146 3537 3539 3538 4600 4316 4929
4267 11 2 1 3 448 451 450 4159 1457 1456 1455 5158 4918 5014
4268 11 2 1 3 673 557 549 4253 1303 1831 1838 5709 6816 6139
4269 11 2 1 3 2849 2683 348 4206 3243 3242 3238 4556 7238 4977
4270 11 2 1 3 585 4292 501 4299 7239 6131 1711 7240 6603 6605
4271 11 2 1 3 435 434 432 4145 1376 1375 1377 4620 6214 5916
4272 11 2 1 3 476 4139 425 4265 7107 6648 1340 7143 7016 7145
4273 11 2 1 3 2814 2971 2982 4240 3326 3353 3946 7103 6128 6286
4274 11 2 1 3 1957 4218 2672 4267 6490 7241 6542 6175 6080 6588
4275 11 2 1 3 2913 4195 2963 4211 7242 5019 3306 7243 7244 4765
4276 11 2 1 3 624 411 621 4176 1258 1271 1273 6702 7245 5335
4277 11 2 1 3 2770 2885 2858 4254 3525 3844 3843 6284 6972 5915
4278 11 2 1 3 4171 4187 2732 4282 5689 6522 7106 6138 6523 5688
4279 11 2 1 3 2869 2923 2720 4205 3595 3592 3593 5332 6222 5755
4280 11 2 1 3 557 417 4172 4253 1302 7192 5874 6139 6140 6566
4281 11 2 1 3 677 4137 730 4239 7197 5314 1848 7246 5316 5318
4282 11 2 1 3 204 1959 1985 4291 2170 2172 2168 7247 5243 7040
4283 11 2 1 3 459 461 460 4154 1510 1509 1505 4941 5996 5997
4284 11 2 1 3 2885 2770 2706 4253 3525 3524 3510 5913 5515 6283
4285 11 2 1 3 2590 348 2683 4206 2649 3242 4978 4976 4977 7238
4286 11 2 1 3 659 594 657 4219 1885 1563 1451 4571 4549 4610
4287 11 2 1 3 3001 2933 2910 4177 3918 3995 4123 6405 7113 7199
4288 11 2 1 3 704 120 2301 4295 943 2442 7037 7248 4948 7249
4289 11 2 1 3 2339 2980 2311 4259 7096 7250 2520 7099 5180 7098
4290 11 2 1 3 535 536 534 4236 1806 1805 1149 6133 6677 5661
4291 11 2 1 3 644 4246 689 4292 6206 5468 1051 6208 5323 5470
4292 11 2 1 3 2985 4270 2308 4289 7045 6680 7044 7251 7119 7120
4293 11 2 1 3 2665 2320 301 4296 7252 2537 3196 7231 7230 7221
4294 11 2 1 3 717 1996 640 4301 7253 6775 829 7254 6832 6831
4295 11 2 1 3 2784 2783 2757 4226 3778 3777 3779 7048 5978 6967
4296 11 2 1 3 1969 1954 2658 4301 2189 7255 7222 6833 7224 7256
4297 11 2 1 3 2590 172 2587 4206 2628 2624 2629 4976 4702 7236
4298 11 2 1 3 578 577 579 4215 1170 1860 1859 5444 5353 4632
4299 11 2 1 3 2695 2759 2882 4207 3458 3470 3469 4810 5388 5418
4300 11 2 1 3 2937 2848 2942 4189 4037 4038 4012 6224 5937 6362
4301 11 2 1 3 2888 2709 2707 4228 3528 3527 3529 6988 6385 5860
4302 11 2 1 3 664 4175 431 4227 4622 6578 1370 4812 6678 4813
4303 11 2 1 3 2774 4155 2809 4273 6796 5556 3855 6447 5764 5763
4304 11 2 1 3 2313 2342 639 4246 2460 6844 7257 6114 6845 5982
4305 11 2 1 3 643 2330 112 2311 6887 2416 923 6288 2418 2419
4306 11 2 1 3 2893 2715 4139 4288 3562 7159 7133 7153 6572 7201
4307 11 2 1 3 2975 4267 2835 4286 6079 5166 3357 6231 5168 4877
4308 11 2 1 3 264 2685 2688 4223 3128 3130 3126 7258 4396 5639
4309 11 2 1 3 2879 2938 4165 4257 3799 5730 6514 6774 5663 5731
4310 11 2 1 3 2898 2718 2719 4264 3581 3576 3582 6203 6320 6480
4311 11 2 1 3 717 1954 1996 4301 7259 2099 7253 7254 6831 7256
4312 11 2 1 3 1990 15 1980 638 2035 2031 2036 6268 7182 769
4313 11 2 1 3 520 4184 530 4305 6530 6982 1631 7260 7261 7194
4314 11 2 1 3 383 4234 614 4275 6955 5737 1137 7024 5738 5338
4315 11 2 1 3 653 497 4129 4226 1612 6923 6560 7110 6968 7262
4316 11 2 1 3 707 2349 2307 4296 6993 2452 7263 6994 6106 6407
4317 11 2 1 3 2783 4226 4129 4300 6967 6968 6839 6840 6553 7206
4318 11 2 1 3 443 670 669 4153 1431 1433 1430 5722 5600 6316
4319 11 2 1 3 696 27 1959 1978 804 2077 7039 6743 2076 2071
4320 11 2 1 3 672 536 553 4165 1811 1809 1423 5886 6836 5662
4321 11 2 1 3 2311 2980 2339 293 7250 7096 2520 2515 2519 3174
4322 11 2 1 3 1948 32 366 1967 2088 821 6562 2093 6675 2092
4323 11 2 1 3 3000 1965 2831 4236 6449 6344 3048 5779 6162 6117
4324 11 2 1 3 2838 2836 2837 4266 4027 3358 4028 6358 5944 6259
4325 11 2 1 3 598 604 4197 4271 1891 5120 7264 6466 5121 4844
4326 11 2 1 3 669 659 447 4181 1453 1452 1438 5460 4547 4570
4327 11 2 1 3 4130 2755 4203 4306 6926 6436 6906 4826 6438 6437
4328 11 2 1 3 641 387 680 4178 817 1157 1156 6015 4550 6016
4329 11 2 1 3 2770 2886 2771 4254 3842 3841 3752 6284 4363 4938
4330 11 2 1 3 427 4147 4193 4284 6785 4342 6856 6729 6859 6429
4331 11 2 1 3 2949 2911 2680 4178 3404 3072 3402 6725 4592 5858
4332 11 2 1 3 572 570 4276 4299 1855 6741 6943 6945 6416 6742
4333 11 2 1 3 621 624 4176 4263 1273 6702 7245 7265 6691 7141
4334 11 2 1 3 469 594 593 4219 1562 1561 1560 4399 6180 4610
4335 11 2 1 3 2672 1957 2979 4218 6542 7184 3099 7241 6747 6490
4336 11 2 1 3 2979 1957 215 1987 7184 2199 3094 6745 2197 2201
4337 11 2 1 3 2900 2935 2764 4231 3815 3745 3813 5004 7165 6736
4338 11 2 1 3 572 4242 4292 4299 6944 6699 7266 6945 6605 6710
4339 11 2 1 3 2926 4247 1969 4301 7208 6763 7207 7223 6833 6238
4340 11 2 1 3 2850 2851 2683 4206 3418 3417 3415 6635 4977 4910
4341 11 2 1 3 666 684 4136 4265 1603 6874 7052 7144 6621 6795
4342 11 2 1 3 2948 4246 2659 4292 5632 6462 3282 5633 6464 5470
4343 11 2 1 3 2710 2708 2709 4156 3531 3526 3532 4661 4943 5896
4344 11 2 1 3 2762 2763 2750 4245 3742 3741 3736 7087 6734 6733
4345 11 2 1 3 431 432 430 4175 1365 1364 1356 6578 6473 6521
4346 11 2 1 3 24 1958 1977 4235 2066 2065 2064 7146 6545 7118
4347 11 2 1 3 705 4267 655 4286 4875 6824 1181 4876 6853 4877
4348 11 2 1 3 2967 2854 2805 4304 3980 3979 3339 6537 6291 4507
4349 11 2 1 3 2791 4170 2758 4255 5654 6018 3781 4776 6244 5291
4350 11 2 1 3 2945 2825 4259 4280 3361 6023 5704 5706 5214 6024
4351 11 2 1 3 2936 2938 2830 4210 3800 4023 4020 5229 6519 6472
4352 11 2 1 3 1956 12 1993 726 2026 2020 2027 6226 7267 757
4353 11 2 1 3 410 411 408 4176 1257 1256 1254 5112 5050 5335
4354 11 2 1 3 2764 4230 2782 4294 7211 5698 3806 7213 5701 5702
4355 11 2 1 3 493 646 4164 4231 1523 6507 6825 5501 6826 7268
4356 11 2 1 3 2985 286 2308 2323 3153 2502 7044 7043 2503 2498
4357 11 2 1 3 653 513 506 4222 1728 1649 1729 6561 5548 5617
4358 11 2 1 3 616 4137 708 4272 7089 7062 1140 7023 7065 6800
4359 11 2 1 3 2916 4137 2306 4239 7176 7269 7189 7042 7190 5318
4360 11 2 1 3 286 2985 2677 2323 3153 3155 3151 2498 6714 7043
4361 11 2 1 3 610 665 435 4183 1393 1390 1392 5204 4621 5258
4362 11 2 1 3 595 593 594 4177 1879 1561 1880 6188 5472 6181
4363 11 2 1 3 2849 348 2587 4206 3238 2648 4701 4556 4702 7238
4364 11 2 1 3 476 4174 4139 4279 7084 6975 7107 7077 7092 5871
4365 11 2 1 3 499 498 531 4155 1592 1698 1697 5573 6066 5939
4366 11 2 1 3 127 706 381 4242 964 969 968 7270 5043 7135
4367 11 2 1 3 478 498 475 4155 1590 1589 1261 7121 6962 5939
4368 11 2 1 3 2818 4292 4242 4299 7271 6699 6707 6709 6710 6605
4369 11 2 1 3 653 479 497 4226 1611 1609 1612 7110 7262 6315
4370 11 2 1 3 83 2239 375 4148 2269 5927 864 7225 6801 6802
4371 11 2 1 3 2761 2936 2734 4282 3665 3664 3653 5686 5572 5232
4372 11 2 1 3 429 490 427 4193 1352 1351 1349 4647 6856 5030
4373 11 2 1 3 673 4253 549 4254 5709 6816 1838 5712 6048 5713
4374 11 2 1 3 2856 4184 2853 4248 4555 4991 4044 6359 5132 5133
4375 11 2 1 3 646 4230 4164 4231 6508 6325 6507 7268 6826 7212
4376 11 2 1 3 2804 2802 4281 4300 3972 7195 6624 6827 6552 7172
4377 11 2 1 3 2892 2946 2891 4136 4107 4106 4103 7028 6264 6307
4378 11 2 1 3 2730 2754 2766 4153 3641 3644 3643 5851 5948 6200
4379 11 2 1 3 674 167 390 2585 978 980 982 7017 7018 2609
4380 11 2 1 3 525 503 504 4283 1718 1666 1719 5021 4531 6258
4381 11 2 1 3 417 631 4172 4228 1299 6750 7192 6565 6989 6891
4382 11 2 1 3 2702 4180 4176 4263 7105 6165 6630 6690 6691 7136
4383 11 2 1 3 1963 671 37 1979 5961 836 2109 2110 2103 6171
4384 11 2 1 3 1986 2969 203 1985 5140 3058 2165 2169 2167 5225
4385 11 2 1 3 1983 1979 1960 4237 2222 2105 2195 5869 6607 6172
4386 11 2 1 3 410 623 412 4144 1267 1266 1265 5266 5941 6118
4387 11 2 1 3 495 4226 4224 4300 6758 6420 6757 7205 7272 7206
4388 11 2 1 3 79 2232 395 2236 2257 6978 856 2259 7116 2261
4389 11 2 1 3 598 604 600 4197 1891 1896 1895 7264 6539 5120
4390 11 2 1 3 2879 2938 2761 4165 3799 3798 3796 6514 5597 5730
4391 11 2 1 3 2780 2766 2754 4197 3761 3644 3762 6250 6848 6143
4392 11 2 1 3 580 660 579 4215 1536 1866 1861 6555 5353 5494
4393 11 2 1 3 674 723 2585 4200 979 6810 7017 7101 6613 6195
4394 11 2 1 3 2878 4212 2877 4258 7273 7072 4095 6809 7274 7275
4395 11 2 1 3 167 2591 390 2585 2613 6310 980 2609 7018 2614
4396 11 2 1 3 2236 259 2682 4186 2286 3111 7188 7115 7131 7125
4397 11 2 1 3 666 618 476 4279 1597 1596 1341 7054 7077 5873
4398 11 2 1 3 600 4232 599 4271 6540 7276 1894 7020 7277 4872
4399 11 2 1 3 2238 81 620 4143 2265 862 6311 6790 6791 7233
4400 11 2 1 3 714 507 588 4152 1732 1733 1082 5968 4987 4882
4401 11 2 1 3 2765 2932 2746 4224 3725 3722 3723 7278 7102 4961
4402 11 2 1 3 676 4241 4240 4305 7279 6127 7280 7281 6754 7109
4403 11 2 1 3 2834 4223 2840 4286 5383 5038 3426 5385 5313 5111
4404 11 2 1 3 2712 4146 2888 4274 4316 7166 3540 4317 7030 4318
4405 11 2 1 3 2702 2777 2885 4180 3503 3505 3502 7105 5914 7011
4406 11 2 1 3 2343 2333 103 373 2389 2385 2387 6949 892 6948
4407 11 2 1 3 2332 124 644 2313 2456 959 6207 2459 7175 2458
4408 11 2 1 3 2982 2814 4240 4241 3946 7103 6128 6054 6127 7108
4409 11 2 1 3 621 4176 411 4180 7245 5335 1271 7282 6164 6165
4410 11 2 1 3 2816 4244 2655 4252 5071 7283 3256 4697 7284 5154
4411 11 2 1 3 551 621 4180 4307 1281 7282 6102 6269 6044 7285
4412 11 2 1 3 2716 4193 2908 4284 6925 4466 3572 7178 7227 6859
4413 11 2 1 3 430 433 628 4205 1366 1368 1360 6474 5843 5493
4414 11 2 1 3 2950 2830 2938 4236 4022 4023 4024 6019 5729 6520
4415 11 2 1 3 4142 4209 480 4274 4777 6695 7085 4352 6696 6684
4416 11 2 1 3 385 1949 20 1965 6005 2048 783 6459 2052 2053
4417 11 2 1 3 1970 1961 194 2657 2146 2142 2144 4819 3029 5446
4418 11 2 1 3 664 431 617 4227 1370 1372 1373 4812 5757 6678
4419 11 2 1 3 644 2313 124 4246 7175 2458 959 6206 7286 6114
4420 11 2 1 3 2918 288 2302 2321 3157 2507 4889 5419 2403 2504
4421 11 2 1 3 2973 2822 2815 4233 3037 3907 3258 5717 6577 5716
4422 11 2 1 3 465 634 4142 4238 1542 7226 4432 5726 4312 7014
4423 11 2 1 3 639 644 124 4246 960 959 955 6845 7286 6206
4424 11 2 1 3 2847 260 2668 4143 3114 3116 3118 6737 6927 7287
4425 11 2 1 3 609 610 611 4280 1921 1926 1925 4562 6916 6455
4426 11 2 1 3 462 474 472 4245 1527 1526 1525 5372 5451 6327
4427 11 2 1 3 430 432 433 4205 1364 1367 1366 6474 5493 6375
4428 11 2 1 3 1969 1996 1954 4301 2213 2099 2189 6833 7256 6831
4429 11 2 1 3 2913 2993 4195 4271 3916 4981 7242 7288 4823 4983
4430 11 2 1 3 611 617 613 4227 1933 1932 1931 6915 5260 5757
4431 11 2 1 3 2893 2714 2715 4288 3561 3556 3562 7153 7201 7128
4432 11 2 1 3 2939 2806 2780 4232 3882 3822 3883 5272 6251 6409
4433 11 2 1 3 362 2000 728 4229 7031 7068 794 7127 7069 6911
4434 11 2 1 3 2814 4241 2996 4305 7108 7180 3328 7104 7193 7109
4435 11 2 1 3 593 4177 698 4285 6181 6149 1878 6182 6150 6151
4436 11 2 1 3 2898 2899 2896 4227 3603 4122 4116 6403 5815 6779
4437 11 2 1 3 599 369 598 4271 1056 1052 1057 7277 6466 7289
4438 11 2 1 3 666 477 684 4265 1343 1601 1603 7144 6795 6347
4439 11 2 1 3 635 4130 4168 4203 6896 6025 6897 6959 6907 6906
4440 11 2 1 3 389 2237 84 2233 7290 2274 871 7139 2272 2276
4441 11 2 1 3 2234 2236 80 4186 2264 2260 2262 7126 7051 7115
4442 11 2 1 3 379 81 2234 4143 858 2263 7130 6909 7170 7233
4443 11 2 1 3 2721 2723 2722 4175 3597 3596 3589 5302 5803 4593
4444 11 2 1 3 380 567 520 4206 1120 1119 1121 4833 5424 6829
4445 11 2 1 3 634 494 465 4142 1541 1540 1542 7226 4432 4310
4446 11 2 1 3 563 4287 565 4303 5219 7202 1653 5100 7203 5393
4447 11 2 1 3 2913 2963 2663 4211 3306 3305 3303 7243 4891 7244
4448 11 2 1 3 2716 2908 2717 4284 3572 3571 3567 7178 6497 7227
4449 11 2 1 3 639 124 2313 4246 955 2458 7257 6845 6114 7286
4450 11 2 1 3 396 496 398 4216 1198 1197 1196 5152 6526 4441
4451 11 2 1 3 473 472 483 4151 1530 1575 1574 5024 5399 5449
4452 11 2 1 3 2942 4160 2860 4216 5936 6414 3759 6914 7291 6527
4453 11 2 1 3 496 571 569 4276 1689 1688 1208 5346 7047 5347
4454 11 2 1 3 413 414 673 4253 1274 1280 1279 5878 5709 5802
4455 11 2 1 3 204 1985 2654 4291 2168 5242 3061 7247 4520 5243
4456 11 2 1 3 2831 2817 2830 4236 4004 4002 4005 6162 6520 6302
4457 11 2 1 3 2717 2719 2718 4264 3577 3576 3569 6496 6480 6320
4458 11 2 1 3 2929 2704 2907 4269 3514 3511 3515 5638 5898 7094
4459 11 2 1 3 172 380 2587 4206 993 4856 2624 7236 4702 4833
4460 11 2 1 3 416 417 4188 4228 1287 6564 5391 6342 5486 6565
4461 11 2 1 3 1960 212 2917 4247 2190 3089 7183 6600 7292 7177
4462 11 2 1 3 603 602 606 4217 1907 1911 1910 5183 4462 5570
4463 11 2 1 3 2672 2835 2975 4267 3354 3357 3102 6080 6079 5166
4464 11 2 1 3 680 4178 387 4250 4550 6016 1157 4551 6156 4355
4465 11 2 1 3 563 4277 564 4287 4914 7293 1188 5219 7294 5220
4466 11 2 1 3 542 541 386 4296 1151 1153 1152 4437 7220 5882
4467 11 2 1 3 598 4197 600 4271 7264 6539 1895 6466 7020 5121
4468 11 2 1 3 2684 4200 2843 4278 6479 6591 3421 6616 6592 6568
4469 11 2 1 3 2877 2874 2676 4229 3380 3379 3381 7073 7209 6341
4470 11 2 1 3 260 2847 2234 4143 3114 7124 2288 7287 7170 6737
4471 11 2 1 3 2912 2913 4211 4271 3304 7243 4869 4871 4870 7288
4472 11 2 1 3 1963 38 671 1976 2108 837 5961 2113 7237 2112
4473 11 2 1 3 545 24 709 4235 798 795 797 6004 6546 7146
4474 11 2 1 3 636 471 570 4299 1571 1569 1572 6992 6742 6411
4475 11 2 1 3 2920 2977 2681 4294 3409 3408 3143 4757 5680 6834
4476 11 2 1 3 369 4211 598 4271 5357 7111 1052 7289 6466 4870
4477 11 2 1 3 519 633 481 4220 1623 1463 1621 6233 5518 5736
4478 11 2 1 3 546 515 4209 4297 1757 6661 7214 7215 6664 6663
4479 11 2 1 3 2309 713 100 2328 5823 887 2378 2379 2376 4356
4480 11 2 1 3 621 4176 4180 4263 7245 6165 7282 7265 7136 6691
4481 11 2 1 3 2791 2758 2767 4255 3781 3543 3782 4776 5967 6244
4482 11 2 1 3 172 562 380 4206 995 997 993 7236 4833 5145
4483 11 2 1 3 681 513 653 4129 1756 1728 1696 4760 6560 6558
4484 11 2 1 3 704 386 120 4295 948 947 943 7248 7249 7232
4485 11 2 1 3 2738 2737 2739 4159 3672 3677 3676 5543 5060 5129
4486 11 2 1 3 2352 677 2306 4137 7196 7295 2437 7063 7269 7197
4487 11 2 1 3 259 2236 2234 4186 2286 2264 2289 7125 7126 7115
4488 11 2 1 3 383 615 616 4272 1135 1139 1138 6956 7023 7022
4489 11 2 1 3 502 4199 733 4238 5162 5053 1715 4925 4449 4842
4490 11 2 1 3 646 509 4230 4231 1677 7296 6508 7268 7212 6902
4491 11 2 1 3 2677 2951 285 2323 3152 3148 3150 6714 2499 6581
4492 11 2 1 3 502 634 490 4238 1663 1662 1660 4925 5098 7014
4493 11 2 1 3 1988 1956 2669 4302 2137 5672 7297 7298 7112 6227
4494 11 2 1 3 2878 2876 4212 4257 4094 5588 7273 6808 6353 6352
4495 11 2 1 3 672 561 4165 4282 1443 6441 5886 5960 5687 5621
4496 11 2 1 3 2310 307 2674 2327 2553 3214 5461 2558 5545 2557
4497 11 2 1 3 24 545 1958 4235 798 6883 2066 7146 7118 6004
4498 11 2 1 3 2587 348 2590 4206 2648 2649 2629 4702 4976 7238
4499 11 2 1 3 2860 4216 4160 4276 7291 6527 6414 6412 6413 4646
4500 11 2 1 3 2687 4277 2851 4287 7299 4913 3432 7300 5218 5220
4501 11 2 1 3 521 4224 4225 4300 7081 4717 7082 7301 6828 7272
4502 11 2 1 3 693 4246 4201 4273 7302 5789 6654 6655 5765 5469
4503 11 2 1 3 2846 4260 4240 4278 6724 6129 6723 7303 5909 6569
4504 11 2 1 3 517 4303 388 4304 6046 6518 1163 6047 4860 4853
4505 11 2 1 3 681 513 4129 4233 1756 6558 4760 4761 4762 5618
4506 11 2 1 3 2808 2944 2988 4251 3989 3310 3991 5006 6367 5169
4507 11 2 1 3 1969 211 2926 2658 2187 3086 7207 7222 3087 3082
4508 11 2 1 3 445 672 442 4282 1428 1420 1426 6272 6650 5960
4509 11 2 1 3 214 2979 1987 1983 3095 6745 2196 2194 2198 6746
4510 11 2 1 3 2866 4199 2867 4283 5269 4771 4065 4603 5199 5163
4511 11 2 1 3 2665 4295 2320 4296 7304 7305 7252 7231 7221 4807
4512 11 2 1 3 671 1976 377 4218 7237 6489 841 5962 6492 6491
4513 11 2 1 3 262 2670 2880 4148 3122 3124 3120 7306 6867 4386
4514 11 2 1 3 4203 4273 478 4306 5321 7122 7167 6438 7123 6448
4515 11 2 1 3 2657 194 1970 2822 3029 2144 4819 3034 4410 3033
4516 11 2 1 3 452 451 453 4198 1465 1470 1469 4921 4637 5018
4517 11 2 1 3 2854 2967 2852 4303 3980 4048 4046 4851 6619 6536
4518 11 2 1 3 1995 391 655 4286 7307 847 6852 6281 6853 7308
4519 11 2 1 3 1979 36 1960 688 2104 2106 2105 6703 6598 833
4520 11 2 1 3 559 372 518 4252 1076 1075 1077 4573 4786 7309
4521 11 2 1 3 2803 2802 2804 4300 3819 3972 3971 7217 6827 7172
4522 11 2 1 3 544 4190 584 4255 6602 6364 1823 5377 6072 6087
4523 11 2 1 3 2233 83 576 4148 2271 868 7140 7310 4635 7225
4524 11 2 1 3 260 2238 2668 4143 2291 6038 3116 7287 6927 6790
4525 11 2 1 3 2874 2876 4161 4212 4089 6033 6247 6246 5582 5588
4526 11 2 1 3 610 664 611 4227 1391 1929 1926 5471 6915 4812
4527 11 2 1 3 2714 2893 2890 4265 3561 3565 3564 6787 5746 6946
4528 11 2 1 3 2235 2685 264 4223 7311 3128 2299 4745 7258 5639
4529 11 2 1 3 300 2320 2665 4295 2538 7252 3195 7312 7304 7305
4530 11 2 1 3 2320 707 2307 4296 7218 7263 2449 7221 6106 6994
4531 11 2 1 3 2313 124 639 2342 2458 955 7257 2460 6844 2454
4532 11 2 1 3 2905 2766 2807 4217 3645 3823 3825 4503 4628 5949
4533 11 2 1 3 2685 2840 2834 4223 3427 3426 3425 5639 5383 5038
4534 11 2 1 3 537 536 535 4257 1808 1806 1007 7313 6134 5664
4535 11 2 1 3 634 733 494 4238 1681 1680 1541 7014 4311 4449
4536 11 2 1 3 1957 1995 39 655 2118 2115 2117 6823 842 6852
4537 11 2 1 3 568 520 530 4305 1122 1631 1097 4667 7261 7260
4538 11 2 1 3 372 4244 518 4252 7314 5070 1075 7309 4786 5154
4539 11 2 1 3 500 478 501 4273 1605 1607 1606 6318 5691 7122
4540 11 2 1 3 376 676 4240 4305 1099 7280 6722 7010 6754 7281
4541 11 2 1 3 2926 2917 212 4247 3090 3089 3085 7208 7177 7292
4542 11 2 1 3 2912 2939 2913 4271 3390 4125 3304 4871 7288 5273
4543 11 2 1 3 401 402 403 4141 1214 1220 1219 5022 4789 4715
4544 11 2 1 3 2978 1949 1968 4244 6516 2050 7315 6517 7316 5695
4545 11 2 1 3 631 557 417 4172 1301 1302 1299 6750 7192 5874
4546 11 2 1 3 2702 2777 4180 4263 3503 7011 7105 6690 7136 7137
4547 11 2 1 3 2833 2692 2925 4185 3445 3453 3455 6423 5438 5161
4548 11 2 1 3 562 2590 173 2588 5146 2627 996 5549 2631 2632
4549 11 2 1 3 4151 4182 656 4241 6760 7185 6806 6644 6807 5809
4550 11 2 1 3 1956 2972 190 2669 6049 3017 2132 5672 3021 3022
4551 11 2 1 3 2839 2958 2789 4293 3322 3921 3922 7066 5354 7187
4552 11 2 1 3 1988 1975 1956 4302 2214 2025 2137 7298 6227 6229
4553 11 2 1 3 2968 4224 2803 4225 4719 7317 3976 4718 7216 4717
4554 11 2 1 3 2763 2764 2750 4230 3744 3743 3741 6688 6732 7211
4555 11 2 1 3 575 4202 574 4256 6422 4643 1184 5651 4644 4443
4556 11 2 1 3 731 387 694 4250 1159 820 1160 7026 6398 6156
4557 11 2 1 3 2783 2765 4226 4300 3776 7162 6967 6840 7206 7318
4558 11 2 1 3 627 544 555 4243 1826 1825 1827 6377 4347 5376
4559 11 2 1 3 262 2880 2239 4148 3120 6384 2292 7306 6802 6867
4560 11 2 1 3 1993 12 388 726 2020 755 4859 7267 759 757
4561 11 2 1 3 589 591 590 4270 1874 1873 1871 5382 4725 7163
4562 11 2 1 3 25 709 1977 1964 796 6544 2063 2069 2070 6543
4563 11 2 1 3 264 2688 2237 4223 3126 6587 2296 7258 7319 4396
4564 11 2 1 3 541 531 371 4201 1066 1068 1067 7049 6637 6067
4565 11 2 1 3 527 709 374 4235 1091 802 1089 4406 4496 6546
4566 11 2 1 3 581 85 389 4223 874 870 875 5221 5034 7320
4567 11 2 1 3 2807 2806 2823 4217 3824 3983 3982 4628 7321 6408
4568 11 2 1 3 211 1969 1954 2658 2187 2189 2186 3082 7255 7222
4569 11 2 1 3 425 4265 4139 4288 7016 7145 6648 6649 6572 7009
4570 11 2 1 3 262 2233 2670 4148 2295 6895 3122 7306 4386 7310
4571 11 2 1 3 660 511 661 4266 1746 1748 1747 5495 5436 6350
4572 11 2 1 3 2588 2590 349 2941 2632 2650 2651 6267 3245 5164
4573 11 2 1 3 2895 4179 2892 4279 6510 7156 4111 6330 7029 5829
4574 11 2 1 3 717 4298 1954 4301 7322 7323 7259 7254 7256 6667
4575 11 2 1 3 2319 298 2306 4239 2534 2530 2440 4957 7190 7041
4576 11 2 1 3 2311 112 643 382 2418 923 6288 4969 924 919
4577 11 2 1 3 471 636 622 4168 1571 1573 1228 5036 4967 6991
4578 11 2 1 3 2672 1957 215 2979 6542 2199 3098 3099 3094 7184
4579 11 2 1 3 534 4165 561 4210 6676 6441 1768 6938 5620 6442
4580 11 2 1 3 615 383 614 4275 1135 1137 1136 6647 5738 7024
4581 11 2 1 3 2663 289 2912 4211 3160 3162 3164 4891 4869 7324
4582 11 2 1 3 2807 4217 2823 4249 4628 7321 3982 4668 4996 4669
4583 11 2 1 3 666 4265 4136 4279 7144 6621 7052 7054 6932 6931
4584 11 2 1 3 381 573 711 4202 1127 1129 972 5040 6822 5078
4585 11 2 1 3 544 627 584 4190 1826 1828 1823 6602 6364 6421
4586 11 2 1 3 621 4263 4180 4307 7265 7136 7282 7285 6044 7138
4587 11 2 1 3 2878 4257 4212 4258 6808 6353 7273 6809 7275 6322
4588 11 2 1 3 2796 2996 2814 4241 3948 3328 3944 7001 7108 7180
4589 11 2 1 3 2798 2891 2957 4243 3956 3958 3953 5965 4349 6266
4590 11 2 1 3 666 476 425 4265 1341 1340 1342 7144 7016 7143
4591 11 2 1 3 2748 2747 2749 4196 3719 3727 3726 5847 6769 6380
4592 11 2 1 3 38 377 671 1976 839 841 837 2112 7237 6489
4593 11 2 1 3 2899 2945 2896 4280 4019 4121 4122 6780 5934 5706
4594 11 2 1 3 1968 2655 2978 4244 7325 3043 7315 7316 6517 7283
4595 11 2 1 3 2338 294 2339 2980 2522 2518 2523 7097 7096 3175
4596 11 2 1 3 2748 2750 2935 4164 3731 3734 3733 5783 6685 6812
4597 11 2 1 3 1979 671 37 688 6171 836 2103 6703 834 838
4598 11 2 1 3 2712 2888 2861 4274 3540 3554 3553 4317 4642 7030
4599 11 2 1 3 631 4172 4228 4274 6750 6989 6891 6751 6804 6683
4600 11 2 1 3 85 2237 389 4223 2275 7290 870 7320 5034 7319
4601 11 2 1 3 2804 2805 4225 4302 3975 6289 6622 6625 6627 7326
4602 11 2 1 3 2827 4250 2964 4297 6529 5267 3286 6461 7090 6402
4603 11 2 1 3 2232 258 2940 4256 2283 3108 6659 5853 6035 7157
4604 11 2 1 3 646 461 493 4164 1520 1521 1523 6507 6825 5998
4605 11 2 1 3 553 441 672 4132 1422 1419 1423 6788 5887 6073
4606 11 2 1 3 120 2320 2301 4295 2444 2446 2442 7249 4948 7305
4607 11 2 1 3 416 418 417 4228 1295 1294 1287 6342 6565 5484
4608 11 2 1 3 2311 2345 112 382 2420 2414 2418 4969 919 4617
4609 11 2 1 3 2306 4137 677 4239 7269 7197 7295 7190 7246 5318
4610 11 2 1 3 481 467 487 4158 1462 1550 1549 5509 4428 5508
4611 11 2 1 3 2971 2671 2982 4240 3234 3351 3353 6286 6128 5906
4612 11 2 1 3 537 4257 535 4258 7313 6134 1007 7327 6410 6322
4613 11 2 1 3 2851 2687 2941 4277 3432 3435 3419 4913 5165 7299
4614 11 2 1 3 391 1995 2001 4286 7307 2121 7328 7308 7329 6281
4615 11 2 1 3 2326 686 2346 4290 5677 7330 2375 5678 7155 5465
4616 11 2 1 3 2821 4216 2860 4276 4866 7291 4008 4867 6412 4646
4617 11 2 1 3 2764 4164 4230 4231 7164 6325 7211 7165 7212 6826
4618 11 2 1 3 2878 2876 2877 4212 4094 4090 4095 7273 7072 5588
4619 11 2 1 3 4240 4260 724 4278 6129 7331 7332 5909 7333 6569
4620 11 2 1 3 479 497 4226 4300 1609 7262 6315 7204 7206 6924
4621 11 2 1 3 2997 2878 2877 4258 4099 4095 4100 6880 7274 6809
4622 11 2 1 3 2960 4255 2797 4295 4514 4793 3932 4879 4796 4797
4623 11 2 1 3 1949 1968 197 2978 2050 2151 2152 6516 3042 7315
4624 11 2 1 3 2928 2860 2753 4160 3757 3756 3475 4899 4973 6414
4625 11 2 1 3 587 507 492 4152 1671 1670 1672 6467 6468 4882
4626 11 2 1 3 2977 4290 2681 4294 7076 5049 3408 6834 5680 4759
4627 11 2 1 3 415 414 412 4191 1276 1275 1277 6942 5499 5800
4628 11 2 1 3 632 467 450 4208 1468 1460 1466 5016 5065 5511
4629 11 2 1 3 1973 2972 190 1956 6319 3017 2131 2134 2132 6049
4630 11 2 1 3 681 497 638 4129 1694 1692 1695 4760 5114 6923
4631 11 2 1 3 2655 196 2973 4252 3039 3035 3040 7284 5991 7334
4632 11 2 1 3 578 675 581 4223 1177 1865 1171 5539 5221 4485
4633 11 2 1 3 2832 4202 2686 4256 4663 6141 3430 4664 5748 4443
4634 11 2 1 3 581 2235 85 4223 5443 2277 874 5221 7320 4745
4635 11 2 1 3 2837 2839 2838 4221 3319 4029 4028 5943 6357 5999
4636 11 2 1 3 4144 4191 2704 4269 5327 6383 6382 6120 7094 6842
4637 11 2 1 3 619 111 2345 382 916 2413 5348 921 4617 920
4638 11 2 1 3 416 625 419 4156 1289 1298 1297 5390 4579 5920
4639 11 2 1 3 540 724 4240 4260 1814 7332 6234 5910 6129 7331
4640 11 2 1 3 620 558 375 4268 1095 1094 866 5929 5931 6451
4641 11 2 1 3 2931 2745 2748 4154 3709 3718 3720 5358 5785 6735
4642 11 2 1 3 2754 2902 2903 4181 3650 3765 3764 6201 5533 5428
4643 11 2 1 3 574 396 395 4186 1194 1115 1182 5349 7050 5150
4644 11 2 1 3 369 109 2318 716 910 2405 5356 915 4480 914
4645 11 2 1 3 2896 2945 2897 4275 4121 3364 4118 5816 7079 5892
4646 11 2 1 3 447 448 446 4150 1445 1444 1436 4492 6331 5482
4647 11 2 1 3 550 719 552 4307 1842 1841 1840 6557 7169 6240
4648 11 2 1 3 2354 2327 2348 4202 2563 2568 2474 7071 5041 5546
4649 11 2 1 3 2989 4272 4179 4275 7056 6799 7055 7335 5825 7025
4650 11 2 1 3 574 4186 395 4256 5349 7050 1182 4644 6979 5239
4651 11 2 1 3 2663 2302 289 4211 4890 2506 3160 4891 7324 4892
4652 11 2 1 3 386 121 2320 707 946 2445 7219 951 7218 950
4653 11 2 1 3 4151 4182 2762 4245 6760 7075 7074 5453 7087 6634
4654 11 2 1 3 364 614 715 4234 1019 1024 930 6028 6937 5737
4655 11 2 1 3 668 528 586 4213 1791 1784 1383 5707 5648 4805
4656 11 2 1 3 204 2919 1959 4291 3065 7336 2170 7247 7040 5099
4657 11 2 1 3 546 547 515 4297 1031 1761 1757 7215 6663 4657
4658 11 2 1 3 2874 2876 2875 4161 4089 4088 4086 6247 5659 6033
4659 11 2 1 3 464 580 647 4157 1535 1534 1223 5524 6297 6595
4660 11 2 1 3 591 4270 589 4285 7163 5382 1874 7337 6766 6767
4661 11 2 1 3 2955 2886 4254 4301 3277 4938 6971 6657 6668 6974
4662 11 2 1 3 525 374 696 4291 1087 805 1088 4763 6744 4499
4663 11 2 1 3 585 689 501 4292 1049 1706 1711 7239 6131 5323
4664 11 2 1 3 615 613 663 4275 1935 1937 1936 6647 5826 5263
4665 11 2 1 3 708 730 677 4137 1944 1848 939 7062 7197 5314
4666 11 2 1 3 2816 2887 2829 4220 3909 3793 4001 5068 4845 6444
4667 11 2 1 3 2661 2311 2980 4259 5066 7250 3176 5406 7098 5180
4668 11 2 1 3 2904 2740 2737 4208 3680 3679 3668 5675 5130 5178
4669 11 2 1 3 2865 2866 2908 4193 4063 4067 3575 6582 4466 4517
4670 11 2 1 3 429 428 430 4147 1350 1355 1354 4639 6535 6428
4671 11 2 1 3 2907 2758 2793 4170 3535 3783 3785 5925 6132 6018
4672 11 2 1 3 384 725 681 4233 1142 1141 1143 4529 4761 5283
4673 11 2 1 3 2867 2866 2864 4199 4065 4064 4066 4771 6036 5269
4674 11 2 1 3 2734 2760 2735 4173 3662 3661 3657 5571 5208 5580
4675 11 2 1 3 708 2344 383 4272 7088 6953 936 7065 6956 6958
4676 11 2 1 3 1967 2966 210 4298 6388 3079 2184 6671 7338 6670
4677 11 2 1 3 4184 4241 530 4305 6645 6983 6982 7194 7261 7109
4678 11 2 1 3 410 475 4144 4306 1259 6961 5266 5113 4800 7198
4679 11 2 1 3 85 2235 2237 4223 2277 2279 2275 7320 7319 4745
4680 11 2 1 3 2354 711 575 4202 7070 975 7339 7071 6422 6822
4681 11 2 1 3 21 702 385 1965 786 788 784 2051 6459 6116
4682 11 2 1 3 2989 4234 4272 4275 7340 6957 7056 7335 7025 5338
4683 11 2 1 3 2320 300 2301 4295 2538 2535 2446 7305 4948 7312
4684 11 2 1 3 2328 645 101 2315 4590 890 2377 2383 2381 4975
4685 11 2 1 3 486 512 510 4221 1646 1645 1625 4566 5409 5622
4686 11 2 1 3 2656 2950 2997 4258 3262 3264 3263 5506 6880 6321
4687 11 2 1 3 2916 2662 297 4137 3188 3184 3186 7176 7341 6921
4688 11 2 1 3 2346 686 378 4290 7330 885 6851 7155 7154 5465
4689 11 2 1 3 2238 2234 81 4143 2267 2263 2265 6790 7233 7170
4690 11 2 1 3 539 718 674 4200 1776 1191 1172 6173 7101 5044
4691 11 2 1 3 2775 4172 4209 4274 6964 6660 6996 6997 6684 6683
4692 11 2 1 3 712 564 10 4287 753 749 751 6673 7342 7294
4693 11 2 1 3 575 2304 2354 4202 5889 2477 7339 6422 7071 6142
4694 11 2 1 3 484 4184 520 4248 5205 6530 1629 5235 6531 5133
4695 11 2 1 3 2865 2906 2862 4238 3574 4054 4057 6583 5919 5844
4696 11 2 1 3 196 1955 2973 4252 2148 5714 3035 7334 5991 5831
4697 11 2 1 3 552 4247 4293 4307 7168 7343 7344 7169 7345 6241
4698 11 2 1 3 702 535 385 4236 1010 1150 788 5611 6006 6133
4699 11 2 1 3 2302 710 108 4211 6934 907 2402 4892 7346 6135
4700 11 2 1 3 2917 4237 1960 4247 7174 6607 7183 7292 6600 6609
4701 11 2 1 3 479 495 497 4300 1564 1610 1609 7204 6924 7205
4702 11 2 1 3 672 445 561 4282 1428 1442 1443 5960 5621 6272
4703 11 2 1 3 611 613 612 4280 1931 1930 1928 6916 5213 5525
4704 11 2 1 3 2816 2817 2655 4244 3260 3259 3256 5071 7283 5156
4705 11 2 1 3 1968 2655 197 2978 7325 3038 2151 7315 3042 3043
4706 11 2 1 3 2760 2904 2735 4173 3670 3669 3661 5580 5208 5674
4707 11 2 1 3 2914 300 2665 4295 3193 3195 3197 4947 7304 7312
4708 11 2 1 3 2978 2817 2831 4244 3261 4004 3047 6517 6163 5156
4709 11 2 1 3 619 716 599 4232 918 1058 1899 4476 7276 4482
4710 11 2 1 3 280 2326 2976 2844 2485 5854 3135 3133 3137 6126
4711 11 2 1 3 521 4225 637 4300 7082 6870 1687 7301 7148 6828
4712 11 2 1 3 2842 2684 2843 4278 3228 3421 3420 5864 6592 6616
4713 11 2 1 3 676 735 4240 4241 1799 6749 7280 7279 6127 5821
4714 11 2 1 3 2812 2813 2769 4299 3839 3838 3836 6970 7013 6594
4715 11 2 1 3 2685 265 2983 2241 3129 3007 3131 7347 4374 2252
4716 11 2 1 3 342 2984 2684 2593 3013 3225 3224 2608 6478 6294
4717 11 2 1 3 386 2320 4295 4296 7219 7305 7232 7220 4807 7221
4718 11 2 1 3 735 540 676 4240 1817 1816 1799 6749 7280 6234
4719 11 2 1 3 688 671 512 4237 838 1751 1750 6608 5625 5963
4720 11 2 1 3 2965 2997 4229 4258 3266 7348 6813 6092 6815 6880
4721 11 2 1 3 646 683 474 4230 1585 1584 1528 6508 6326 6335
4722 11 2 1 3 678 2343 103 373 5834 2387 896 897 892 6949
4723 11 2 1 3 2803 4225 4224 4300 7216 4717 7317 7217 7272 6828
4724 11 2 1 3 2764 2799 4231 4294 3811 5634 7165 7213 5528 5735
4725 11 2 1 3 2913 4195 4211 4271 7242 4765 7243 7288 4870 4823
4726 11 2 1 3 533 534 4210 4236 1146 6938 6096 6681 6301 6677
4727 11 2 1 3 2694 2925 2692 4185 3454 3453 3451 4818 5161 5438
4728 11 2 1 3 2232 2236 258 4256 2261 2287 2283 5853 7157 7117
4729 11 2 1 3 2921 2947 2992 4296 3397 3941 3316 6107 5974 6213
4730 11 2 1 3 2689 2834 2781 4215 3436 3441 3440 4390 5174 5384
4731 11 2 1 3 120 386 2320 4295 947 7219 2444 7249 7305 7232
4732 11 2 1 3 645 101 713 2328 890 886 891 4590 4356 2377
4733 11 2 1 3 521 495 4224 4300 1685 6757 7081 7301 7272 7205
4734 11 2 1 3 2856 2853 2850 4248 4044 4043 4039 6359 6636 5132
4735 11 2 1 3 630 532 543 4170 1704 1802 1804 5995 5781 5290
4736 11 2 1 3 537 4212 679 4257 7349 5657 1813 7313 6374 6353
4737 11 2 1 3 2677 2909 2951 4166 3384 3388 3152 6715 6192 4672
4738 11 2 1 3 2318 2912 289 4211 6917 3162 2509 4478 7324 4869
4739 11 2 1 3 83 2233 2239 4148 2271 2273 2269 7225 6802 7310
4740 11 2 1 3 391 705 655 4286 1179 1181 847 7308 6853 4876
4741 11 2 1 3 2837 2672 4218 4267 3359 7241 5942 6631 6588 6080
4742 11 2 1 3 675 2001 1951 4286 7350 2124 4677 5110 5109 7329
4743 11 2 1 3 2745 2747 2748 4154 3716 3719 3718 6735 5785 7046
4744 11 2 1 3 364 701 612 4259 1023 1022 1021 6029 5210 7058
4745 11 2 1 3 126 2329 2316 368 2464 2466 2462 961 6503 6817
4746 11 2 1 3 2993 2780 2903 4197 3884 3763 3885 5407 5537 6250
4747 11 2 1 3 640 4247 719 4301 6764 6239 1002 6832 6237 6238
4748 11 2 1 3 631 421 480 4274 1308 1321 1323 6751 6696 6876
4749 11 2 1 3 2661 2980 2311 293 3176 7250 5066 3172 2515 3174
4750 11 2 1 3 1980 14 1962 699 2032 2028 2033 7002 7003 763
4751 11 2 1 3 416 417 414 4188 1287 1286 1284 5391 5801 6564
4752 11 2 1 3 1984 193 1961 4281 2139 2141 2143 6898 4965 7351
4753 11 2 1 3 534 536 561 4165 1805 1807 1768 6676 6441 5662
4754 11 2 1 3 2894 2895 2892 4279 4112 4111 4110 6111 7029 6330
4755 11 2 1 3 2985 2910 4270 4289 3389 7352 7045 7251 7120 7114
4756 11 2 1 3 2738 2736 2737 4159 3671 3666 3672 5543 5129 6121
4757 11 2 1 3 2803 4224 2765 4300 7317 7278 3818 7217 7318 7272
4758 11 2 1 3 2338 294 2980 2673 2522 3175 7097 6693 3179 3177
4759 11 2 1 3 2921 301 2307 4296 3198 2540 6105 6107 6106 7230
4760 11 2 1 3 405 482 651 4207 1241 1243 1232 5056 5095 6216
4761 11 2 1 3 297 2306 2916 4137 2531 7189 3186 7341 7176 7269
4762 11 2 1 3 260 2234 2238 4143 2288 2267 2291 7287 6790 7170
4763 11 2 1 3 691 684 556 4136 1849 1846 1850 5606 6210 6874
4764 11 2 1 3 2914 2301 300 4295 4946 2535 3193 4947 7312 4948
4765 11 2 1 3 449 450 467 4208 1454 1460 1459 5422 5511 5065
4766 11 2 1 3 541 532 531 4192 1800 1702 1066 5881 6065 5289
4767 11 2 1 3 1989 1969 1960 4247 2221 2192 2107 6765 6600 6763
4768 11 2 1 3 2952 2899 4227 4280 3605 6779 5319 6720 5526 6780
4769 11 2 1 3 546 731 694 4297 1759 1160 1034 7215 6401 7027
4770 11 2 1 3 170 2589 568 4305 2622 4666 989 7353 4667 4608
4771 11 2 1 3 2989 2897 4234 4275 4120 7078 7340 7335 5338 7079
4772 11 2 1 3 416 414 415 4188 1284 1276 1285 5391 6062 5801
4773 11 2 1 3 4136 2892 4179 4279 7028 7156 5902 6932 5829 7029
4774 11 2 1 3 114 2331 2317 364 2424 2426 2422 925 6493 6494
4775 11 2 1 3 2789 2777 4263 4293 3866 7137 4840 5354 5091 7354
4776 11 2 1 3 682 4229 4212 4258 6314 5592 6313 7355 7275 6815
4777 11 2 1 3 1975 12 1956 726 2024 2026 2025 6225 6226 757
4778 11 2 1 3 2979 2666 2837 4218 3096 3318 3321 6747 5942 6456
4779 11 2 1 3 2947 2881 2794 4192 3939 3937 3940 6212 4712 5477
4780 11 2 1 3 452 453 454 4198 1469 1475 1474 4921 5296 4637
4781 11 2 1 3 2979 214 2666 1983 3095 3091 3096 6746 6457 2194
4782 11 2 1 3 2330 113 2317 364 2417 2421 2423 7356 6493 926
4783 11 2 1 3 683 4230 509 4294 6335 7296 1740 6336 6903 5702
4784 11 2 1 3 2788 2779 2933 4177 3879 3881 3880 4836 7199 6081
4785 11 2 1 3 2986 2240 257 2940 4894 2255 3009 3109 3107 6034
4786 11 2 1 3 2780 4197 2993 4271 6250 5407 3884 6773 4983 5121
4787 11 2 1 3 547 4297 366 4298 4657 6563 1032 4787 6912 4469
4788 11 2 1 3 2919 204 2654 4291 3065 3061 3066 5099 4520 7247
4789 11 2 1 3 484 488 485 4248 1635 1634 1582 5235 5009 6980
4790 11 2 1 3 702 21 1952 1965 786 2055 5610 6116 2056 2051
4791 11 2 1 3 607 608 603 4249 1916 1915 1913 4589 5375 5179
4792 11 2 1 3 1980 638 699 4281 7182 768 7002 7004 7005 5115
4793 11 2 1 3 414 413 412 4191 1274 1270 1275 5800 5499 5876
4794 11 2 1 3 2867 2949 2680 4199 3403 3402 3400 4771 4382 6726
4795 11 2 1 3 2856 2994 2853 4184 4052 4051 4044 4555 4991 4992
4796 11 2 1 3 683 646 509 4230 1585 1677 1740 6335 7296 6508
4797 11 2 1 3 515 514 546 4209 1617 1758 1757 6661 7214 5007
4798 11 2 1 3 2962 305 2336 2659 3210 2547 6371 3212 6463 3208
4799 11 2 1 3 491 4162 504 4283 4624 4533 1667 4726 4531 4532
4800 11 2 1 3 2739 2741 2742 4198 3686 3689 3688 5139 5643 5405
4801 11 2 1 3 539 4200 674 4278 6173 7101 1172 6567 7019 6568
4802 11 2 1 3 2997 2950 2878 4258 3264 4102 4099 6880 6809 6321
4803 11 2 1 3 2793 2758 2791 4170 3783 3781 3784 6132 5654 6018
4804 11 2 1 3 2662 2325 297 4137 7357 2527 3184 6921 7341 7228
4805 11 2 1 3 515 547 557 4172 1761 1763 1762 6662 5874 4656
4806 11 2 1 3 652 460 463 4196 1507 1516 1518 4830 5679 5396
4807 11 2 1 3 4172 4228 2752 4253 6989 6933 6965 6140 6893 6386
4808 11 2 1 3 2841 2740 2904 4208 3693 3680 3695 4932 5675 5178
4809 11 2 1 3 2977 2920 2799 4294 3409 3961 3891 6834 5735 4757
4810 11 2 1 3 565 388 517 4303 1161 1163 1162 7203 6046 6518
4811 11 2 1 3 475 4155 4144 4306 6962 6119 6961 7198 4800 6776
4812 11 2 1 3 1980 1961 1990 4281 2225 2223 2036 7004 4545 4965
4813 11 2 1 3 727 552 719 4247 1843 1841 1006 6918 6239 7168
4814 11 2 1 3 1988 2943 1984 4302 7358 7359 2140 7298 6900 7360
4815 11 2 1 3 427 428 429 4147 1344 1350 1349 6785 4639 6428
4816 11 2 1 3 2701 2700 2702 4176 3487 3492 3491 5082 6630 5817
4817 11 2 1 3 722 1982 9 4277 7361 2005 740 7362 7363 7364
4818 11 2 1 3 384 1994 17 687 4733 2037 772 776 774 5401
4819 11 2 1 3 489 4263 552 4293 4654 7365 1658 5090 7344 5091
4820 11 2 1 3 2237 2235 264 4223 2279 2299 2296 7319 7258 4745
4821 11 2 1 3 201 1971 2965 4229 2159 6090 3052 7366 6813 6814
4822 11 2 1 3 4247 2790 4293 4307 6865 7367 7343 6241 7345 6866
4823 11 2 1 3 627 684 477 4243 1602 1601 1599 6377 6346 6794
4824 11 2 1 3 404 403 402 4141 1224 1220 1225 5447 4715 4789
4825 11 2 1 3 2654 203 2969 1985 3062 3058 3063 5242 5225 2167
4826 11 2 1 3 481 518 519 4220 1619 1622 1621 5518 6233 5067
4827 11 2 1 3 2857 2759 2693 4167 3460 3459 3448 5894 4678 5417
4828 11 2 1 3 301 2320 2307 4296 2537 2449 2540 7230 6106 7221
4829 11 2 1 3 2893 4265 4139 4279 6946 7145 7133 6947 7092 6931
4830 11 2 1 3 1988 1984 1962 4302 2140 2227 2226 7298 6901 6900
4831 11 2 1 3 625 584 419 4156 1311 1312 1298 5920 4579 6070
4832 11 2 1 3 2799 2764 2782 4294 3811 3806 3812 5735 5701 7213
4833 11 2 1 3 2754 2903 2780 4197 3764 3763 3762 6848 6250 5537
4834 11 2 1 3 2239 2233 262 4148 2273 2295 2292 6802 7306 7310
4835 11 2 1 3 2969 1986 202 4235 5140 2164 3059 4953 7368 5141
4836 11 2 1 3 2922 2779 2738 4219 3685 3684 3681 4629 5762 6082
4837 11 2 1 3 572 4292 585 4299 7266 7239 1045 6945 7240 6605
4838 11 2 1 3 2881 2774 2929 4155 3859 3860 3861 5478 5636 6796
4839 11 2 1 3 2722 2719 2721 4175 3588 3586 3589 5803 5302 6365
4840 11 2 1 3 2923 2924 2724 4149 3614 3613 3600 5754 6178 5340
4841 11 2 1 3 2761 2938 2936 4165 3798 3800 3665 5597 6532 5730
4842 11 2 1 3 4212 4229 2877 4258 5592 7073 7072 7275 7274 6815
4843 11 2 1 3 265 2685 2235 2241 3129 7311 2298 2252 2300 7347
4844 11 2 1 3 342 2684 2585 2593 3224 6614 2636 2608 2638 6478
4845 11 2 1 3 2832 2686 2940 4256 3430 3431 3413 4664 6035 5748
4846 11 2 1 3 2776 2789 2777 4263 3867 3866 3504 4650 7137 4840
4847 11 2 1 3 2747 2746 2932 4163 3717 3722 3721 6379 4862 5473
4848 11 2 1 3 497 4129 4226 4300 6923 6968 7262 6924 7206 6553
4849 11 2 1 3 725 559 4233 4252 1754 4572 5283 5215 4431 4573
4850 11 2 1 3 1996 1989 35 640 2102 2101 2097 6775 828 6761
4851 11 2 1 3 629 427 490 4193 1338 1351 1353 6838 5030 6856
4852 11 2 1 3 598 597 596 4195 1053 1887 1890 6864 4523 6021
4853 11 2 1 3 2783 2802 2765 4300 3817 3816 3776 6840 7318 7172
4854 11 2 1 3 13 1975 1962 4302 2023 2030 2029 7369 6901 6229
4855 11 2 1 3 426 425 476 4139 1335 1340 1339 6303 7107 6648
4856 11 2 1 3 2658 4298 2886 4301 7370 4939 3273 7224 6974 6667
4857 11 2 1 3 712 388 565 4287 756 1161 1166 6673 7202 4858
4858 11 2 1 3 552 4293 4263 4307 7344 5091 7365 7169 7138 7345
4859 11 2 1 3 2750 2764 2935 4164 3743 3745 3734 6812 6685 7164
4860 11 2 1 3 443 444 442 4171 1425 1424 1416 5804 6641 5721
4861 11 2 1 3 488 517 485 4303 1639 1638 1634 6981 4852 6046
4862 11 2 1 3 538 503 525 4291 1720 1718 1721 4325 4763 6674
4863 11 2 1 3 4127 2714 4265 4288 6786 6787 5744 4540 7009 7128
4864 11 2 1 3 545 728 24 1992 799 793 798 6884 2060 7067
4865 11 2 1 3 2878 2879 2876 4257 4097 4096 4094 6808 6352 6774
4866 11 2 1 3 2662 2325 4137 4272 7357 7228 6921 6922 6800 7229
4867 11 2 1 3 461 646 462 4164 1520 1519 1515 5998 5370 6507
4868 11 2 1 3 369 108 710 4211 911 907 912 5357 6135 7346
4869 11 2 1 3 2305 2318 109 716 2409 2405 2407 4754 914 4480
4870 11 2 1 3 708 677 117 2352 939 938 934 7061 2433 7196
4871 11 2 1 3 2655 1968 196 4252 7325 2150 3039 7284 7334 7371
4872 11 2 1 3 2870 2871 2872 4213 4076 4080 4079 6236 5076 4698
4873 11 2 1 3 4160 4216 569 4276 6527 6977 6963 6413 7047 4646
4874 11 2 1 3 2662 2953 296 4272 3185 3181 3183 6922 7372 7373
4875 11 2 1 3 2800 2827 2964 4297 3964 3286 3963 6705 7090 6461
4876 11 2 1 3 2763 2795 2970 4182 3801 3810 3809 6687 5805 5806
4877 11 2 1 3 410 475 623 4144 1259 1268 1267 5266 6118 6961
4878 11 2 1 3 2662 296 2325 4272 3183 2528 7357 6922 7229 7372
4879 11 2 1 3 2691 2857 2693 4167 3449 3448 3447 6500 4678 5894
4880 11 2 1 3 2681 2309 282 2341 5047 2486 3139 7374 2490 2491
4881 11 2 1 3 662 476 663 4174 1348 1594 1598 6928 5870 7084
4882 11 2 1 3 210 2966 2658 4298 3079 3084 3083 7338 7370 6670
4883 11 2 1 3 2804 2943 2805 4302 3978 3338 3975 6625 7326 7360
4884 11 2 1 3 504 628 586 4162 1668 1381 1724 4533 5647 5842
4885 11 2 1 3 1955 18 687 4252 2042 775 5402 5831 5216 7375
4886 11 2 1 3 1949 692 19 4244 5694 780 2049 5695 7376 5696
4887 11 2 1 3 2712 2709 2888 4146 3539 3528 3540 4316 7166 4929
4888 11 2 1 3 2989 4234 2953 4272 7340 7377 3302 7056 7373 6957
4889 11 2 1 3 121 2307 2320 707 2447 2449 2445 950 7218 7263
4890 11 2 1 3 630 543 625 4170 1804 1824 1293 5995 6220 5781
4891 11 2 1 3 15 1980 638 699 2031 7182 769 764 768 7002
4892 11 2 1 3 457 648 455 4135 1492 1491 1489 5362 5777 6100
4893 11 2 1 3 2304 2351 309 2986 2562 2363 2559 5284 3010 5351
4894 11 2 1 3 649 566 4225 4304 1764 7378 7234 4553 6292 7150
4895 11 2 1 3 393 564 563 4277 1189 1188 1187 5534 4914 7293
4896 11 2 1 3 2943 2956 1984 4302 3028 7132 7359 7360 6900 7036
4897 11 2 1 3 2769 2773 2812 4203 3766 3837 3836 6905 5766 6547
4898 11 2 1 3 647 580 583 4157 1534 1863 1852 6297 5841 6595
4899 11 2 1 3 2338 295 2673 4234 2521 3178 6693 6274 6692 7379
4900 11 2 1 3 2316 2332 125 368 2463 2457 2461 6503 962 6502
4901 11 2 1 3 1954 1967 210 4298 2096 2184 2185 7323 7338 6671
4902 11 2 1 3 2989 4179 2895 4275 7055 6510 4119 7335 6329 5825
4903 11 2 1 3 368 126 2329 706 961 2464 6817 966 7134 965
4904 11 2 1 3 422 424 629 4133 1324 1327 1326 4412 6093 6860
4905 11 2 1 3 551 4254 550 4307 6103 7181 1837 6269 6557 6045
4906 11 2 1 3 4146 4228 2888 4274 5485 6988 7166 4318 7030 6804
4907 11 2 1 3 446 444 447 4150 1435 1437 1436 6331 4492 5720
4908 11 2 1 3 487 467 506 4158 1550 1552 1551 4428 5547 5508
4909 11 2 1 3 1985 1959 1978 4291 2172 2076 2220 5243 5994 7040
4910 11 2 1 3 2926 2955 4247 4301 3278 6656 7208 7223 6238 6657
4911 11 2 1 3 306 2962 2340 4242 3211 6370 2550 7380 6698 6904
4912 11 2 1 3 2777 2858 2885 4307 3872 3844 3505 7012 6043 6973
4913 11 2 1 3 2710 2758 2708 4156 3534 3533 3531 4661 5896 6017
4914 11 2 1 3 586 528 526 4213 1784 1783 1723 5648 4615 4805
4915 11 2 1 3 1973 712 10 4287 7142 751 2018 5839 7342 6673
4916 11 2 1 3 2942 2860 2821 4216 3759 4008 4011 6914 4866 7291
4917 11 2 1 3 2843 4260 2846 4278 6590 6724 4030 6592 7303 6569
4918 11 2 1 3 4224 4226 2765 4300 6420 7162 7278 7272 7318 7206
4919 11 2 1 3 361 719 640 4247 1003 1002 832 6601 6764 6239
4920 11 2 1 3 4225 4302 2805 4304 6627 7326 6289 6292 6291 6278
4921 11 2 1 3 368 572 706 4242 1047 1048 966 6819 7135 6944
4922 11 2 1 3 2933 2922 2768 4285 3835 3705 3833 6712 5935 4631
4923 11 2 1 3 598 600 599 4271 1895 1894 1057 6466 7277 7020
4924 11 2 1 3 2753 2860 2942 4160 3756 3759 3758 4973 5936 6414
4925 11 2 1 3 2898 2896 2894 4174 4116 4115 3585 6548 6109 5814
4926 11 2 1 3 2855 4303 2967 4304 6477 6536 3342 6418 6537 4853
4927 11 2 1 3 541 371 707 4296 1067 954 1071 5882 6994 6639
4928 11 2 1 3 2984 2303 2844 4200 7080 6913 3134 6295 6027 6199
4929 11 2 1 3 470 505 495 4224 1567 1566 1565 6419 6757 5237
4930 11 2 1 3 2302 108 2318 4211 2402 2404 2406 4892 4478 7346
4931 11 2 1 3 509 4230 4231 4294 7296 7212 6902 6903 5528 5702
4932 11 2 1 3 466 654 454 4134 1488 1487 1479 5845 4907 4729
4933 11 2 1 3 1984 2956 193 4281 7132 3026 2139 6898 7351 7035
4934 11 2 1 3 2777 4263 4293 4307 7137 5091 7354 7012 7345 7138
4935 11 2 1 3 2796 4151 2994 4184 7000 5064 3949 7179 4992 5025
4936 11 2 1 3 2915 2659 2948 4246 3209 3282 3285 5790 5632 6462
4937 11 2 1 3 2953 2673 295 4234 3182 3178 3180 7377 7379 6692
4938 11 2 1 3 2857 2838 2759 4266 3787 3786 3460 5895 6706 6358
4939 11 2 1 3 1988 2669 2943 4302 7297 3025 7358 7298 7360 7112
4940 11 2 1 3 2895 2989 2946 4179 4119 3301 4113 6510 6308 7055
4941 11 2 1 3 591 593 698 4285 1877 1878 1017 7337 6150 6182
4942 11 2 1 3 2741 2740 2883 4140 3687 3692 3691 5143 5251 5177
4943 11 2 1 3 201 1958 1971 4229 2161 2163 2159 7366 6814 6886
4944 11 2 1 3 2803 2765 2802 4300 3818 3816 3819 7217 7172 7318
4945 11 2 1 3 677 370 118 4239 942 941 937 7246 7381 6130
4946 11 2 1 3 362 4229 682 4258 7127 6314 1012 7032 7355 6815
4947 11 2 1 3 382 690 608 4249 1133 1132 1131 4618 5179 4756
4948 11 2 1 3 635 409 407 4130 1251 1250 1252 6896 6355 5253
4949 11 2 1 3 2349 371 123 2342 6638 952 2451 2455 2453 6862
4950 11 2 1 3 725 559 513 4233 1754 1651 1755 5283 5618 4572
4951 11 2 1 3 366 546 694 4297 1033 1034 823 6563 6401 7215
4952 11 2 1 3 2731 2754 2730 4153 3642 3641 3636 5531 5851 6200
4953 11 2 1 3 2331 114 715 364 2424 929 6936 6494 930 925
4954 11 2 1 3 2690 2880 2670 4148 3348 3124 3346 5522 4386 6867
4955 11 2 1 3 105 697 363 2347 898 903 902 2391 6483 6484
4956 11 2 1 3 622 636 635 4168 1573 1712 1253 4967 6897 6991
4957 11 2 1 3 573 574 575 4202 1691 1184 1857 5078 6422 4643
4958 11 2 1 3 2871 2959 2654 4291 3252 3251 3248 4471 4520 5653
4959 11 2 1 3 423 626 477 4127 1318 1333 1332 4537 6345 4705
4960 11 2 1 3 1987 1957 1976 4218 2201 2116 2216 6748 6491 6490
4961 11 2 1 3 2317 2330 364 4259 2423 7356 6493 6275 6029 6888
4962 11 2 1 3 2318 289 2302 4211 2509 2506 2406 4478 4892 7324
4963 11 2 1 3 562 563 567 4206 1186 1655 1123 5145 6829 4911
4964 11 2 1 3 2875 2884 2927 4131 4091 3635 4093 5658 5223 5911
4965 11 2 1 3 455 632 452 4140 1478 1467 1476 4984 4916 5015
4966 11 2 1 3 2889 2767 2710 4190 3545 3544 3541 6369 5072 6086
4967 11 2 1 3 459 460 458 4154 1505 1504 1496 4941 6855 5996
4968 11 2 1 3 2824 2823 2661 4249 3292 3291 3293 4963 4704 4996
4969 11 2 1 3 642 365 641 4178 1028 814 1029 6783 6015 4511
4970 11 2 1 3 2859 2704 2929 4144 3500 3514 3513 4799 6454 6382
4971 11 2 1 3 553 537 679 4257 1810 1813 1812 6789 6374 7313
4972 11 2 1 3 2673 2945 2825 4259 3362 3361 3360 6694 6023 5704
4973 11 2 1 3 544 584 543 4255 1823 1822 1819 5377 5782 6072
4974 11 2 1 3 564 4277 1950 4287 7293 7382 7383 7294 7384 5220
4975 11 2 1 3 2732 2761 2734 4282 3654 3653 3652 6523 5572 5686
4976 11 2 1 3 1954 4298 2658 4301 7323 7370 7255 7256 7224 6667
4977 11 2 1 3 4237 4247 2958 4293 6609 7385 7186 6387 7187 7343
4978 11 2 1 3 563 565 488 4303 1653 1652 1654 5100 6981 7203
4979 11 2 1 3 405 468 482 4207 1239 1242 1241 5056 6216 5190
4980 11 2 1 3 410 409 475 4306 1255 1260 1259 5113 7198 5254
4981 11 2 1 3 662 663 617 4174 1598 1938 1371 6928 5756 5870
4982 11 2 1 3 2997 2877 4229 4258 4100 7073 7348 6880 6815 7274
4983 11 2 1 3 2589 170 2586 4305 2622 2618 2623 4608 6752 7353
4984 11 2 1 3 2308 105 363 2347 2395 902 6679 2397 6483 2391
4985 11 2 1 3 468 406 624 4128 1240 1246 1248 4543 6701 6256
4986 11 2 1 3 2668 2848 2847 4143 3333 3336 3118 6927 6737 6361
4987 11 2 1 3 2735 2736 2733 4150 3659 3658 3656 5270 6393 7191
4988 11 2 1 3 1968 1955 196 4252 2047 2148 2150 7371 7334 5831
4989 11 2 1 3 556 677 730 4239 1065 1848 1847 5901 5316 7246
4990 11 2 1 3 192 1988 2943 1984 2136 7358 3023 2138 7359 2140
4991 11 2 1 3 566 4302 4225 4304 7149 6627 7378 7150 6292 6278
4992 11 2 1 3 2725 2723 2724 4145 3606 3598 3607 5880 6177 4595
4993 11 2 1 3 383 616 708 4272 1138 1140 936 6956 7065 7023
4994 11 2 1 3 727 4247 4237 4293 6918 6609 6929 7386 6387 7343
4995 11 2 1 3 699 637 367 4281 1042 1043 765 7005 6985 6869
4996 11 2 1 3 2892 2891 2890 4136 4103 3957 4104 7028 6620 6264
4997 11 2 1 3 201 2965 2676 4229 3052 3057 3056 7366 7209 6813
4998 11 2 1 3 2771 2811 2800 4297 3849 3848 3847 4366 6705 5529
4999 11 2 1 3 369 2318 108 4211 5356 2404 911 5357 7346 4478
5000 11 2 1 3 2993 2787 2913 4195 3914 3915 3916 4981 7242 4801
5001 11 2 1 3 2312 295 2338 4234 2525 2521 2526 7006 6274 7379
5002 11 2 1 3 503 502 491 4283 1664 1661 1665 6258 4726 4928
5003 11 2 1 3 2855 4287 2851 4303 6417 5218 3434 6477 5101 5393
5004 11 2 1 3 571 572 570 4276 1124 1855 1854 5347 6741 6943
5005 11 2 1 3 2920 2341 283 2664 4773 2489 3142 3146 3144 6395
5006 11 2 1 3 2987 2594 350 4277 7387 2605 3004 7388 7389 7390
5007 11 2 1 3 2848 2925 2942 4189 4025 3760 4038 6362 5937 5440
5008 11 2 1 3 2908 2720 2717 4147 3580 3579 3571 4465 7100 6221
5009 11 2 1 3 417 673 414 4253 1288 1280 1286 6566 5802 5709
5010 11 2 1 3 2897 2953 2989 4234 3365 3302 4120 7078 7340 7377
5011 11 2 1 3 2805 4302 2943 4304 7326 7360 3338 6291 7391 6278
5012 11 2 1 3 2940 2240 257 2232 6034 2255 3107 6659 2284 2285
5013 11 2 1 3 2774 2809 2773 4273 3855 3854 3768 6447 6580 5764
5014 11 2 1 3 2842 2843 2846 4278 3420 4030 3350 5864 7303 6592
5015 11 2 1 3 1949 19 1968 4244 2049 2045 2050 5695 7316 7376
5016 11 2 1 3 2339 2311 2330 4259 2520 2419 2571 7099 6888 5180
5017 11 2 1 3 2998 2809 2947 4201 3993 3992 3399 6360 6211 5557
5018 11 2 1 3 530 4241 676 4305 6983 7279 1100 7261 7281 7109
5019 11 2 1 3 2831 3000 198 1965 3048 3045 3046 6344 2154 6449
5020 11 2 1 3 2716 4133 4193 4284 6882 6728 6925 7178 6859 6858
5021 11 2 1 3 2801 2862 2861 4142 3967 3966 3865 4699 4599 5918
5022 11 2 1 3 2953 295 2312 4234 3180 2525 7392 7377 7006 7379
5023 11 2 1 3 546 366 547 4297 1033 1032 1031 7215 4657 6563
5024 11 2 1 3 1950 9 1982 4277 2015 2005 2016 7382 7364 7363
5025 11 2 1 3 210 2658 1954 4298 3083 7255 2185 7338 7323 7370
5026 11 2 1 3 2714 2889 2711 4127 3550 3542 3548 6786 4601 5749
5027 11 2 1 3 297 2325 2306 4137 2527 2532 2531 7341 7269 7228
5028 11 2 1 3 1964 26 374 1978 2068 801 4498 2073 6145 2072
5029 11 2 1 3 2742 2922 2739 4198 3690 3682 3688 5643 5139 4630
5030 11 2 1 3 2902 2778 2903 4181 3675 3876 3765 5428 5533 5170
5031 11 2 1 3 650 439 606 4169 1410 1412 1411 5813 4459 5833
5032 11 2 1 3 191 1988 1956 2669 2135 2137 2133 3020 5672 7297
5033 11 2 1 3 500 4246 693 4273 6354 7302 1700 6318 6655 5469
5034 11 2 1 3 493 509 646 4231 1675 1677 1523 5501 7268 6902
5035 11 2 1 3 676 582 376 4240 1101 988 1099 7280 6722 6083
5036 11 2 1 3 1961 193 2657 4281 2141 3030 5446 4965 4820 7351
5037 11 2 1 3 551 621 413 4180 1281 1272 1282 6102 5877 7282
5038 11 2 1 3 555 556 684 4243 1063 1846 1845 4347 6794 6596
5039 11 2 1 3 700 661 511 4266 1749 1748 1742 5759 6350 5436
5040 11 2 1 3 2796 2814 2795 4241 3944 3943 3803 7001 5808 7108
5041 11 2 1 3 2700 2882 2776 4128 3480 3495 3494 6378 4648 5979
5042 11 2 1 3 2895 2946 2892 4179 4113 4107 4111 6510 7156 6308
5043 11 2 1 3 97 723 394 2335 745 879 878 2359 6515 6194
5044 11 2 1 3 2668 2880 2833 4268 3121 3335 3332 6042 6425 6040
5045 11 2 1 3 23 728 2000 1992 792 7068 2057 2061 2062 7067
5046 11 2 1 3 116 708 2352 2344 935 7061 2432 2428 2434 7088
5047 11 2 1 3 451 448 657 4159 1457 1449 1458 5014 4548 5158
5048 11 2 1 3 2755 2698 2699 4130 3481 3476 3482 6926 4824 6026
5049 11 2 1 3 438 436 439 4138 1395 1397 1396 5249 5832 5724
5050 11 2 1 3 170 568 376 4305 989 991 987 7353 7010 4667
5051 11 2 1 3 2773 2769 2755 4203 3766 3484 3767 6547 6436 6905
5052 11 2 1 3 1975 13 726 4302 2023 758 6225 6229 6228 7369
5053 11 2 1 3 2589 346 2667 4305 2645 3236 4936 4608 4937 7393
5054 11 2 1 3 717 366 33 4298 826 822 824 7322 7394 6912
5055 11 2 1 3 2001 391 40 1995 7328 845 2120 2121 2114 7307
5056 11 2 1 3 2928 2698 2769 4168 3474 3483 3485 4900 6878 5240
5057 11 2 1 3 700 4218 377 4267 5758 6492 1102 6713 6589 6588
5058 11 2 1 3 624 408 411 4176 1247 1256 1258 6702 5335 5050
5059 11 2 1 3 368 572 4242 4292 1047 6944 6819 6504 6699 7266
5060 11 2 1 3 2669 2855 2967 4304 3341 3342 3340 5673 6537 6418
5061 11 2 1 3 2326 98 686 2303 2370 881 5677 2372 6196 2368
5062 11 2 1 3 2898 2894 2718 4174 3585 3584 3581 6548 7091 6109
5063 11 2 1 3 2713 2906 2716 4133 3551 3560 3559 4417 6882 4377
5064 11 2 1 3 2312 296 2953 4272 2524 3181 7392 7007 7373 7372
5065 11 2 1 3 2743 2756 2742 4134 3702 3701 3696 5958 5644 5085
5066 11 2 1 3 564 722 9 4277 750 740 748 7293 7363 7362
5067 11 2 1 3 2961 2657 2802 4281 3269 3267 3270 6550 7195 4820
5068 11 2 1 3 2655 4244 1968 4252 7283 7316 7325 7284 7371 5154
5069 11 2 1 3 708 116 383 2344 935 931 936 7088 6953 2428
5070 11 2 1 3 627 626 584 4190 1600 1313 1828 6421 6364 6768
5071 11 2 1 3 1958 201 2676 4229 2161 3056 7395 6886 7209 7366
5072 11 2 1 3 2744 2883 2757 4135 3700 3715 3714 5970 5977 6088
5073 11 2 1 3 2997 2877 2965 4229 4100 3382 3266 7348 6813 7073
5074 11 2 1 3 599 600 601 4232 1894 1898 1897 7276 6470 6540
5075 11 2 1 3 2695 2696 2694 4141 3462 3461 3456 4809 4817 4708
5076 11 2 1 3 524 523 539 4260 1772 1775 1774 5883 6174 4781
5077 11 2 1 3 99 2346 2326 686 2373 2375 2371 880 5677 7330
5078 11 2 1 3 2800 2964 2801 4209 3963 3962 3863 6793 4778 5538
5079 11 2 1 3 1974 2001 1995 4286 2210 2121 2215 6230 6281 7329
5080 11 2 1 3 640 1989 35 361 6761 2101 828 832 830 6920
5081 11 2 1 3 2837 2836 2672 4267 3358 3356 3359 6631 6080 6260
5082 11 2 1 3 709 25 374 1964 796 800 802 6543 4498 2069
5083 11 2 1 3 566 734 4225 4302 1040 6889 7378 7149 6627 6890
5084 11 2 1 3 533 534 519 4210 1146 1766 1765 6096 6232 6938
5085 11 2 1 3 2818 2813 2812 4299 3996 3839 3280 6709 6970 6594
5086 11 2 1 3 685 727 512 4237 1753 1752 1647 6525 5625 6929
5087 11 2 1 3 2879 2878 2938 4257 4097 4101 3799 6774 5731 6808
5088 11 2 1 3 395 396 379 4186 1115 1114 860 7050 6910 5150
5089 11 2 1 3 505 521 495 4224 1686 1685 1566 5237 6757 7081
5090 11 2 1 3 415 623 630 4269 1278 1292 1291 6063 5719 5933
5091 11 2 1 3 1998 218 2983 1951 2011 3006 5535 2208 4611 2206
5092 11 2 1 3 2986 309 2304 2686 3010 2559 5284 3222 5747 3220
5093 11 2 1 3 2971 346 2586 4305 3232 2644 6575 6753 6752 7393
5094 11 2 1 3 2673 2825 2980 4259 3360 3297 3179 6694 7098 6023
5095 11 2 1 3 369 597 598 4211 1054 1053 1052 5357 7111 6022
5096 11 2 1 3 2786 2841 2887 4158 3902 3911 3910 5107 6443 4998
5097 11 2 1 3 567 484 520 4248 1637 1629 1119 6830 6531 5235
5098 11 2 1 3 2669 2943 4302 4304 3025 7360 7112 5673 6278 7391
5099 11 2 1 3 552 4263 621 4307 7365 7265 1656 7169 7285 7138
5100 11 2 1 3 711 129 2354 575 970 2473 7070 975 7339 974
5101 11 2 1 3 391 2001 675 4286 7328 7350 850 7308 5110 7329
5102 11 2 1 3 350 2594 2588 4277 2605 2653 2652 7389 5551 7390
5103 11 2 1 3 560 437 667 4131 1402 1399 1401 6348 5774 5195
5104 11 2 1 3 2893 2715 2718 4139 3562 3568 3570 7133 6481 7159
5105 11 2 1 3 368 644 689 4292 963 1051 1050 6504 5323 6208
5106 11 2 1 3 129 2304 2354 575 2475 2477 2473 974 7339 5889
5107 11 2 1 3 202 1986 1958 4235 2164 2166 2162 7368 7118 5141
5108 11 2 1 3 514 515 480 4209 1617 1616 1614 5007 6695 6661
5109 11 2 1 3 2827 2660 2964 4250 3078 3287 3286 6529 5267 6155
5110 11 2 1 3 365 1999 29 641 5096 2079 810 814 812 6756
5111 11 2 1 3 2960 2791 2797 4255 3931 3826 3932 4514 4793 4776
5112 11 2 1 3 668 433 434 4149 1379 1374 1380 5540 5917 5491
5113 11 2 1 3 2749 2747 2751 4196 3727 3729 3728 6769 5433 6380
5114 11 2 1 3 2901 2884 2879 4132 3634 4098 3797 5945 6513 5912
5115 11 2 1 3 113 2330 643 364 2417 6887 922 926 927 7356
5116 11 2 1 3 659 669 604 4181 1453 1917 1893 4570 4843 5460
5117 11 2 1 3 2804 2956 2943 4302 3973 3028 3978 6625 7360 7036
5118 11 2 1 3 379 397 620 4143 1116 1118 863 6909 6791 6261
5119 11 2 1 3 443 650 670 4153 1418 1432 1431 5722 6316 5812
5120 11 2 1 3 2303 97 394 2335 2367 878 6197 2369 6515 2359
5121 11 2 1 3 2795 2763 2762 4182 3801 3742 3802 5806 7075 6687
5122 11 2 1 3 370 2319 118 4239 7147 2438 941 6130 7381 4957
5123 11 2 1 3 2958 4237 2917 4247 7186 7174 3324 7385 7292 6609
5124 11 2 1 3 2991 2751 2968 4262 3749 3746 3750 5627 4721 5434
5125 11 2 1 3 436 434 435 4145 1384 1376 1385 5725 4620 5916
5126 11 2 1 3 639 4201 693 4246 6843 6654 1072 6845 7302 5789
5127 11 2 1 3 2676 2969 202 4235 3060 3059 3055 7210 7368 4953
5128 11 2 1 3 398 496 569 4216 1197 1208 1207 6526 6977 4441
5129 11 2 1 3 2672 2979 2837 4218 3099 3321 3359 7241 5942 6747
5130 11 2 1 3 2810 4270 2910 4285 5416 7352 3386 7015 7200 6767
5131 11 2 1 3 2589 2586 346 4305 2623 2644 2645 4608 7393 6752
5132 11 2 1 3 2869 2868 2870 4162 4071 4075 4074 4338 6235 5640
5133 11 2 1 3 656 4182 735 4241 7185 5819 1798 6807 5821 5809
5134 11 2 1 3 661 4266 700 4267 5436 5759 1749 5435 6713 5176
5135 11 2 1 3 569 471 400 4160 1218 1217 1206 6963 4901 5035
5136 11 2 1 3 2728 2727 2725 4138 3618 3617 3619 5361 5879 5975
5137 11 2 1 3 170 376 2586 4305 987 6721 2618 7353 6752 7010
5138 11 2 1 3 2847 2937 2682 4186 3414 3412 3115 6738 7131 5608
5139 11 2 1 3 2312 2325 296 4272 2529 2528 2524 7007 7372 7229
5140 11 2 1 3 696 374 26 1978 805 801 803 6743 2072 6145
5141 11 2 1 3 515 557 631 4172 1762 1301 1618 6662 6750 5874
5142 11 2 1 3 585 501 636 4299 1711 1710 1709 7240 6992 6603
5143 11 2 1 3 2941 2987 350 4277 3247 3004 3244 5165 7389 7388
5144 11 2 1 3 418 420 421 4146 1304 1307 1306 5185 4415 4457
5145 11 2 1 3 556 555 370 4239 1063 1060 1064 5901 6130 4346
5146 11 2 1 3 308 2327 2304 4202 2556 2561 2560 7396 6142 5546
5147 11 2 1 3 2707 2752 2888 4228 3521 3530 3529 6385 6988 6933
5148 11 2 1 3 618 691 616 4179 1942 1941 1939 5872 7021 5903
5149 11 2 1 3 2955 2858 2790 4307 3924 3873 3925 6658 6866 6973
5150 11 2 1 3 489 621 552 4263 1657 1656 1658 4654 7365 7265
5151 11 2 1 3 2955 2658 2886 4301 3276 3273 3277 6657 6974 7224
5152 11 2 1 3 431 664 432 4175 1370 1369 1365 6578 6521 4622
5153 11 2 1 3 583 576 375 4148 1096 869 1092 5840 6801 4635
5154 11 2 1 3 2796 2762 2934 4151 3804 3740 3805 7000 5379 7074
5155 11 2 1 3 727 552 4247 4293 1843 7168 6918 7386 7343 7344
5156 11 2 1 3 649 566 734 4225 1764 1040 1770 7234 6889 7378
5157 11 2 1 3 2732 2729 2901 4187 3639 3631 3640 6522 5946 5295
5158 11 2 1 3 1955 1968 18 4252 2047 2046 2042 5831 7375 7371
5159 11 2 1 3 2948 2659 2812 4292 3282 3279 3283 5633 5768 6464
5160 11 2 1 3 633 446 449 4173 1440 1446 1448 5280 5421 6343
5161 11 2 1 3 2963 2787 2788 4195 3912 3878 3913 5019 4835 4801
5162 11 2 1 3 2691 2692 2690 4157 3443 3442 3437 6740 5523 5160
5163 11 2 1 3 494 480 465 4142 1539 1322 1540 4310 4432 7085
5164 11 2 1 3 564 1950 10 4287 7383 2014 749 7294 7342 7384
5165 11 2 1 3 548 4298 717 4301 6060 7322 1037 6666 7254 6667
5166 11 2 1 3 2952 2826 2899 4280 4017 4018 3605 6720 6780 5483
5167 11 2 1 3 2920 2664 2944 4251 3146 3309 3308 4360 5169 6057
5168 11 2 1 3 308 2974 2327 4202 3217 5798 2556 7396 5546 5799
5169 11 2 1 3 2775 2800 2801 4209 3846 3863 3862 6996 4778 6793
5170 11 2 1 3 2804 2802 2956 4281 3972 3268 3973 6624 7035 7195
5171 11 2 1 3 308 2304 2686 4202 2560 5747 3219 7396 6141 6142
5172 11 2 1 3 687 18 372 4252 775 777 779 5216 7309 7375
5173 11 2 1 3 362 728 682 4229 794 1013 1012 7127 6314 7069
5174 11 2 1 3 2721 2720 2923 4205 3587 3592 3591 5303 5755 6222
5175 11 2 1 3 531 532 499 4192 1702 1701 1697 6065 5574 5289
5176 11 2 1 3 2966 4297 2811 4298 6390 5529 3275 6670 5530 4469
5177 11 2 1 3 2346 99 378 686 2373 884 6851 7330 885 880
5178 11 2 1 3 280 2326 2844 2303 2485 6126 3133 2481 6913 2372
5179 11 2 1 3 458 652 470 4163 1506 1508 1500 6186 5431 4739
5180 11 2 1 3 486 510 482 4221 1625 1624 1554 4566 6617 5409
5181 11 2 1 3 287 2321 2918 4289 2505 5419 3156 7397 4767 5420
5182 11 2 1 3 2779 2778 2738 4219 3683 3674 3684 6082 5762 5171
5183 11 2 1 3 2961 2783 2785 4129 3898 3896 3899 6549 6506 6839
5184 11 2 1 3 727 4237 685 4293 6929 6525 1753 7386 6373 6387
5185 11 2 1 3 199 3000 1952 1965 3044 5778 2156 2155 2056 6449
5186 11 2 1 3 2796 2934 2994 4151 3805 3950 3949 7000 5064 5379
5187 11 2 1 3 2777 4293 2790 4307 7354 7367 3870 7012 6866 7345
5188 11 2 1 3 605 2321 106 4289 6995 2398 905 4888 7398 5420
5189 11 2 1 3 2752 2771 2775 4172 3751 3754 3753 6965 6964 4364
5190 11 2 1 3 637 4281 638 4300 6869 5115 1693 7148 6717 6552
5191 11 2 1 3 19 372 1968 4244 778 7399 2045 7376 7316 7314
5192 11 2 1 3 2792 2808 2772 4152 3851 3850 3773 5972 5000 5002
5193 11 2 1 3 523 522 378 4290 1111 1108 1112 4784 7154 6179
5194 11 2 1 3 589 4261 592 4285 5381 5125 1548 6766 4575 5118
5195 11 2 1 3 2689 2781 2691 4215 3440 3439 3438 4390 6501 5174
5196 11 2 1 3 306 2340 2310 4242 2550 2555 2554 7380 5462 6698
5197 11 2 1 3 2945 2826 2825 4280 4016 4014 3361 5706 6024 5483
5198 11 2 1 3 441 553 667 4132 1422 1421 1408 6073 5775 6788
5199 11 2 1 3 708 616 730 4137 1140 1943 1944 7062 5314 7089
5200 11 2 1 3 514 680 731 4250 1678 1158 1760 5008 7026 4551
5201 11 2 1 3 692 372 19 4244 782 778 780 5696 7376 7314
5202 11 2 1 3 2816 2655 2815 4252 3256 3255 3257 4697 6611 7284
5203 11 2 1 3 2956 2657 193 4281 3031 3030 3026 7035 7351 4820
5204 11 2 1 3 2687 2972 189 1973 3019 3018 3014 7400 2130 6319
5205 11 2 1 3 2794 2881 2793 4192 3937 3936 3928 4712 5751 5477
5206 11 2 1 3 2733 2731 2732 4171 3646 3638 3647 6440 7106 5532
5207 11 2 1 3 2789 2930 2839 4221 3868 3923 3922 4839 5999 4828
5208 11 2 1 3 507 587 588 4152 1671 1734 1733 4882 4987 6467
5209 11 2 1 3 529 679 682 4212 1794 1796 1793 5583 6313 5657
5210 11 2 1 3 2352 677 117 2306 7196 938 2433 2437 2435 7295
5211 11 2 1 3 441 440 442 4187 1407 1415 1414 6074 6642 5277
5212 11 2 1 3 682 4212 537 4258 6313 7349 1011 7355 7327 7275
5213 11 2 1 3 697 591 363 4270 1014 1015 903 6486 6485 7163
5214 11 2 1 3 603 601 602 4217 1906 1901 1907 5183 5570 6606
5215 11 2 1 3 13 1962 367 4302 2029 6984 760 7369 6986 6901
5216 11 2 1 3 2874 2877 2876 4212 3380 4090 4089 6246 5588 7072
5217 11 2 1 3 1951 675 41 2001 4677 848 2123 2124 2119 7350
5218 11 2 1 3 2716 2865 2908 4193 3573 3575 3572 6925 4466 6582
5219 11 2 1 3 2909 2677 2810 4270 3384 3383 3385 4690 5416 6716
5220 11 2 1 3 2870 2872 2924 4213 4079 4082 4081 6236 5403 5076
5221 11 2 1 3 308 2686 2974 4202 3219 3221 3217 7396 5799 6141
5222 11 2 1 3 1982 2596 2594 4277 7401 2634 7402 7364 7390 7403
5223 11 2 1 3 565 563 564 4287 1653 1188 1853 7202 7294 5219
5224 11 2 1 3 660 464 651 4167 1537 1233 1538 5564 5094 4747
5225 11 2 1 3 618 616 615 4179 1939 1139 1940 5872 6646 7021
5226 11 2 1 3 2886 2858 2955 4254 3845 3924 3277 4938 6971 6972
5227 11 2 1 3 628 504 491 4162 1668 1667 1363 5842 4624 4533
5228 11 2 1 3 2936 2830 2829 4210 4020 4003 3794 5229 4847 6519
5229 11 2 1 3 366 1967 33 4298 6675 2091 822 6912 7394 6671
5230 11 2 1 3 540 703 524 4260 1781 1780 1778 5910 5883 5773
5231 11 2 1 3 537 4212 4257 4258 7349 6353 7313 7327 6322 7275
5232 11 2 1 3 2332 644 125 368 6207 958 2457 6502 962 963
5233 11 2 1 3 637 521 734 4225 1687 1769 1044 6870 6889 7082
5234 11 2 1 3 367 1962 14 699 6984 2028 761 765 763 7003
5235 11 2 1 3 2786 2815 2785 4233 3905 3904 3900 5108 6160 6577
5236 11 2 1 3 2730 2905 2727 4169 3630 3622 3628 5852 5976 4502
5237 11 2 1 3 1999 28 1991 365 2080 2074 2081 5096 4489 809
5238 11 2 1 3 350 2588 2941 4277 2652 6267 3244 7389 5165 5551
5239 11 2 1 3 401 647 399 4185 1212 1211 1209 5023 6431 6296
5240 11 2 1 3 2987 1997 2594 4277 7404 7405 7387 7388 7390 7406
5241 11 2 1 3 588 590 678 4166 1870 1872 1080 4986 5838 4724
5242 11 2 1 3 306 2674 2962 4242 3213 3215 3211 7380 6904 5138
5243 11 2 1 3 2995 2916 2675 4239 3374 3191 3375 6338 4956 7042
5244 11 2 1 3 714 4166 373 4251 6445 6950 1083 5969 7152 6058
5245 11 2 1 3 391 675 578 4286 850 1177 1178 7308 5445 5110
5246 11 2 1 3 2933 3001 2788 4177 3918 3917 3880 7199 4836 6405
5247 11 2 1 3 683 509 522 4294 1740 1739 1741 6336 5604 6903
5248 11 2 1 3 1968 4244 372 4252 7316 7314 7399 7371 7309 5154
5249 11 2 1 3 1950 564 9 4277 7383 748 2015 7382 7363 7293
5250 11 2 1 3 528 560 529 4161 1790 1789 1786 4804 5581 6349
5251 11 2 1 3 2818 2812 4292 4299 3280 5768 7271 6709 6605 6970
5252 11 2 1 3 346 2971 2667 4305 3232 3237 3236 7393 4937 6753
5253 11 2 1 3 2821 2937 2942 4216 4010 4012 4011 4866 6914 5609
5254 11 2 1 3 1994 16 1970 732 2038 2040 2041 6872 4334 767
5255 11 2 1 3 579 577 580 4215 1860 1862 1861 5353 6555 4632
5256 11 2 1 3 383 715 614 4234 933 1024 1137 6955 5737 6937
5257 11 2 1 3 1952 3000 199 2656 5778 3044 2156 5504 3050 3051
5258 11 2 1 3 2594 1997 1982 4277 7405 2126 7402 7390 7364 7406
5259 11 2 1 3 2588 2596 722 4277 2633 7407 7408 5551 7362 7403
5260 11 2 1 3 1999 1953 29 641 2084 2083 2079 6756 812 6426
5261 11 2 1 3 2702 2776 2777 4263 3493 3504 3503 6690 7137 4650
5262 11 2 1 3 634 502 733 4238 1663 1715 1681 7014 4449 4925
5263 11 2 1 3 2790 2926 2955 4247 3927 3278 3925 6865 6656 7208
5264 11 2 1 3 2715 4284 4139 4288 7160 6305 7159 7201 6572 6574
5265 11 2 1 3 1982 722 2596 4277 7361 7407 7401 7364 7403 7362
5266 11 2 1 3 428 662 431 4264 1346 1358 1357 6167 6579 6731
5267 11 2 1 3 2874 2875 2872 4161 4086 4085 4084 6247 5075 5659
5268 11 2 1 3 538 1991 28 365 4321 2074 807 811 809 4489
5269 11 2 1 3 2703 2705 2704 4191 3507 3506 3499 6280 6383 6158
5270 11 2 1 3 1950 1997 2987 4277 2129 7404 7409 7382 7388 7406
5271 11 2 1 3 2243 2235 86 720 2280 2278 2244 5387 738 4744
5272 11 2 1 3 1955 17 1994 687 2043 2037 2044 5402 5401 774
5273 11 2 1 3 2913 2787 2963 4195 3915 3912 3306 7242 5019 4801
5274 11 2 1 3 520 484 483 4184 1629 1580 1630 6530 5400 5205
5275 11 2 1 3 2931 2935 2792 4194 3735 3935 3775 5080 5973 6686
5276 11 2 1 3 110 716 619 2353 913 918 917 2410 4989 6868
5277 11 2 1 3 631 417 418 4228 1299 1294 1300 6891 5484 6565
5278 11 2 1 3 578 389 577 4223 1169 1167 1170 5539 4634 5034
5279 11 2 1 3 397 398 399 4189 1195 1201 1200 6262 6430 6397
5280 11 2 1 3 2770 2752 2706 4253 3523 3522 3524 6283 5515 6893
5281 11 2 1 3 130 575 721 2334 973 976 744 2355 5104 5650
5282 11 2 1 3 2354 2348 128 711 2474 2468 2472 7070 971 6821
5283 11 2 1 3 727 685 552 4293 1753 1659 1843 7386 7344 6373
5284 11 2 1 3 287 2918 2985 4289 3156 3158 3154 7397 7251 4767
5285 11 2 1 3 2708 2705 2707 4188 3518 3516 3519 6002 6333 6157
5286 11 2 1 3 2745 2743 2744 4204 3706 3698 3707 6652 5971 5959
5287 11 2 1 3 466 592 589 4261 1481 1548 1545 5307 5381 5125
5288 11 2 1 3 2790 2958 4247 4293 3920 7385 6865 7367 7343 7187
5289 11 2 1 3 2242 721 78 2232 5463 742 2248 2258 2256 5794
5290 11 2 1 3 722 2588 174 2596 7408 2630 741 7407 2598 2633
5291 11 2 1 3 723 674 394 4200 979 1192 879 6195 6198 7101
5292 11 2 1 3 282 2920 2681 2341 3141 3143 3139 2490 7374 4773
5293 11 2 1 3 392 574 395 4256 1183 1182 857 6778 6979 4644
5294 11 2 1 3 171 170 2589 568 180 2622 2621 990 4666 989
5295 11 2 1 3 2813 2819 2860 4276 3997 3999 3998 6593 6412 5456
5296 11 2 1 3 499 475 498 4155 1591 1589 1592 5573 5939 6962
5297 11 2 1 3 724 676 540 4240 1815 1816 1814 7332 6234 7280
5298 11 2 1 3 2953 4234 2312 4272 7377 7006 7392 7373 7007 6957
5299 11 2 1 3 1968 372 18 4252 7399 777 2046 7371 7375 7309
5300 11 2 1 3 2789 2790 2777 4293 3871 3870 3866 5354 7354 7367
5301 11 2 1 3 106 2308 363 4289 2396 6679 901 7398 7033 7119
5302 11 2 1 3 363 605 106 4289 906 905 901 7033 7398 4888
5303 11 2 1 3 208 209 1948 2827 240 2182 2181 3077 6460 3076
5304 11 2 1 3 371 639 123 2342 957 956 952 6862 2453 6844
5305 11 2 1 3 544 543 542 4255 1819 1803 1820 5377 4434 5782
5306 11 2 1 3 724 4260 539 4278 7331 6174 1174 7333 6567 6569
5307 11 2 1 3 691 666 684 4136 1945 1603 1849 5606 6874 7052
5308 11 2 1 3 2673 2897 2945 4234 3363 3364 3362 6692 5705 7078
5309 11 2 1 3 2678 2990 2939 4232 3393 3392 3391 4960 5272 4815
5310 11 2 1 3 642 502 695 4199 1716 1713 1030 6784 4676 5162
5311 11 2 1 3 665 610 607 4183 1393 1922 1918 5258 4588 5204
5312 11 2 1 3 2887 2760 2829 4220 3792 3791 3793 6444 4845 6727
5313 11 2 1 3 2825 2661 2980 4259 3296 3176 3297 6023 7098 5406
5314 11 2 1 3 2863 2999 2949 4178 4062 4061 4060 4379 6725 6533
5315 11 2 1 3 376 530 676 4305 1098 1100 1099 7010 7281 7261
5316 11 2 1 3 643 364 2330 4259 927 7356 6887 5891 6888 6029
5317 11 2 1 3 16 1990 1970 732 2034 2039 2040 767 4334 4544
5318 11 2 1 3 2948 2773 2809 4273 3856 3854 3857 5631 5764 6580
5319 11 2 1 3 2676 202 1958 4235 3055 2162 7395 7210 7118 7368
5320 11 2 1 3 601 619 599 4232 1900 1899 1897 6470 7276 4476
5321 11 2 1 3 2822 2785 2815 4233 3906 3904 3907 5716 6577 6160
5322 11 2 1 3 2957 2995 2675 4239 3376 3375 3372 4345 4956 6338
5323 11 2 1 3 34 1996 640 717 2098 6775 827 825 829 7253
5324 11 2 1 3 670 600 604 4197 1904 1896 1905 6317 5120 6539
5325 11 2 1 3 406 404 407 4214 1235 1237 1236 6255 6356 5448
5326 11 2 1 3 548 547 366 4298 1035 1032 1036 6060 6912 4787
5327 11 2 1 3 122 707 371 2349 949 954 953 2450 6638 6993
5328 11 2 1 3 2782 2764 2763 4230 3806 3744 3807 5698 6688 7211
5329 11 2 1 3 2588 722 393 4277 7408 1001 5550 5551 5534 7362
5330 11 2 1 3 649 517 566 4304 1641 1164 1764 4553 7150 6047
5331 11 2 1 3 392 78 721 2232 853 742 854 6777 5794 2256
5332 11 2 1 3 2912 2913 2663 4211 3304 3303 3164 4869 4891 7243
5333 11 2 1 3 2819 2818 2674 4242 3367 3366 3368 5455 5138 6707
5334 11 2 1 3 2968 2854 2991 4262 3981 4049 3750 4721 5627 4506
5335 11 2 1 3 557 673 417 4253 1303 1288 1302 6139 6566 5709
5336 11 2 1 3 2932 2803 2968 4224 3820 3976 3747 4961 4719 7317
5337 11 2 1 3 472 656 483 4151 1576 1578 1575 5449 5399 6806
5338 11 2 1 3 497 637 638 4300 1683 1693 1692 6924 6717 7148
5339 11 2 1 3 682 679 537 4212 1796 1813 1011 6313 7349 5657
5340 11 2 1 3 2900 2764 2799 4231 3813 3811 3814 5004 5634 7165
5341 11 2 1 3 218 2840 2983 1951 3103 3106 3006 2206 4611 5037
5342 11 2 1 3 701 609 612 4280 1924 1927 1022 5148 5213 4562
5343 11 2 1 3 473 658 463 4262 1532 1531 1529 5027 5602 5055
5344 11 2 1 3 2686 2832 2820 4202 3430 3429 3428 6141 4584 4663
5345 11 2 1 3 2943 2956 192 1984 3028 3027 3023 7359 2138 7132
5346 11 2 1 3 2676 1958 4229 4235 7395 6886 7209 7210 5594 7118
5347 11 2 1 3 653 506 648 4222 1729 1730 1613 6561 6101 5548
5348 11 2 1 3 725 687 559 4252 1145 1079 1754 5215 4573 5216
5349 11 2 1 3 2703 2702 2885 4180 3497 3502 3501 6279 5914 7105
5350 11 2 1 3 2933 2810 2910 4285 3834 3386 3995 6712 7200 7015
5351 11 2 1 3 539 674 390 4278 1172 982 1173 6567 5988 7019
5352 11 2 1 3 367 726 13 4302 762 758 760 6986 7369 6228
5353 11 2 1 3 2669 191 1988 2943 3020 2135 7297 3025 7358 3024
5354 11 2 1 3 575 130 2304 2334 973 2476 5889 5650 2478 2355
5355 11 2 1 3 2987 2687 1950 4277 3016 7410 7409 7388 7382 7299
5356 11 2 1 3 2768 4261 2810 4285 5579 5415 3831 5935 7015 5118
5357 11 2 1 3 2348 381 128 711 5039 967 2468 6821 971 972
5358 11 2 1 3 706 572 381 4242 1048 1125 969 7135 5043 6944
5359 11 2 1 3 572 585 570 4299 1045 1856 1855 6945 6742 7240
5360 11 2 1 3 2899 2898 2722 4227 3603 3590 3604 6779 6115 6403
5361 11 2 1 3 2940 2682 2832 4256 3112 3410 3413 6035 4664 7158
5362 11 2 1 3 393 2588 174 722 5550 2630 999 1001 741 7408
5363 11 2 1 3 2843 2684 2844 4200 3421 3423 3422 6591 6027 6479
5364 11 2 1 3 2819 2821 2860 4276 4006 4008 3999 5456 6412 4867
5365 11 2 1 3 2855 2851 2852 4303 3434 4040 4045 6477 6619 5101
5366 11 2 1 3 1995 391 40 655 7307 845 2114 6852 843 847
5367 11 2 1 3 2846 2982 2671 4240 3352 3351 3349 6723 5906 6128
5368 11 2 1 3 2677 2985 2910 4270 3155 3389 3387 6716 7352 7045
5369 11 2 1 3 503 491 504 4283 1665 1667 1666 6258 4531 4726
5370 11 2 1 3 2840 1951 217 4286 5037 2205 3104 5313 7411 5109
5371 11 2 1 3 2688 2685 2834 4223 3130 3425 3424 4396 5383 5639
5372 11 2 1 3 2850 2683 2849 4206 3415 3243 3416 6635 4556 4977
5373 11 2 1 3 666 425 477 4265 1342 1331 1343 7144 6347 7016
5374 11 2 1 3 2775 2861 2888 4274 3864 3554 3755 6997 7030 4642
5375 11 2 1 3 705 391 578 4286 1179 1178 1180 4876 5445 7308
5376 11 2 1 3 533 385 534 4236 1148 1147 1146 6681 6677 6006
5377 11 2 1 3 2669 2805 2943 4304 3337 3338 3025 5673 7391 6291
5378 11 2 1 3 498 478 500 4273 1590 1605 1604 5940 6318 7122
5379 11 2 1 3 2762 2750 2749 4245 3736 3732 3737 7087 6770 6734
5380 11 2 1 3 2921 2992 2665 4296 3316 3315 3200 6107 7231 5974
5381 11 2 1 3 682 728 545 4229 1013 799 1792 6314 6003 7069
5382 11 2 1 3 392 575 574 4256 1185 1184 1183 6778 4644 5651
5383 11 2 1 3 561 536 672 4165 1807 1811 1443 6441 5886 5662
5384 11 2 1 3 681 725 513 4233 1141 1755 1756 4761 5618 5283
5385 11 2 1 3 2767 2797 2791 4255 3827 3826 3782 5967 4776 4793
5386 11 2 1 3 2834 2840 2835 4286 3426 4026 3888 5385 5168 5313
5387 11 2 1 3 2909 2988 2951 4166 3990 3312 3388 4672 6192 6366
5388 11 2 1 3 1987 1976 1963 4218 2216 2113 2228 6748 5867 6491
5389 11 2 1 3 551 549 550 4254 1836 1832 1837 6103 7181 6048
5390 11 2 1 3 217 1951 1974 4286 2205 2207 2203 7411 6230 5109
5391 11 2 1 3 723 166 2585 2595 747 2610 6810 6193 2611 2600
5392 11 2 1 3 287 2985 2308 4289 3154 7044 2501 7397 7119 7251
5393 11 2 1 3 707 386 541 4296 951 1153 1071 6994 5882 7220
5394 11 2 1 3 11 712 1973 1993 752 7142 2017 2021 2022 6672
5395 11 2 1 3 2972 1973 2687 4287 6319 7400 3019 6050 7300 5839
5396 11 2 1 3 2321 2308 106 4289 2400 2396 2398 5420 7398 7119
5397 11 2 1 3 2962 4242 2818 4292 6904 6707 3284 6372 7271 6699
5398 11 2 1 3 517 388 566 4304 1163 1165 1164 6047 7150 4860
5399 11 2 1 3 1950 4277 2687 4287 7382 7299 7410 7384 7300 5220
5400 11 2 1 3 675 391 41 2001 850 846 848 7350 2119 7328
5401 11 2 1 3 673 549 551 4254 1838 1836 1283 5712 6103 6048
5402 11 2 1 3 1984 1961 1980 4281 2143 2225 2224 6898 7004 4965
5403 11 2 1 3 2930 2882 2759 4207 3790 3470 3788 5728 5418 5388
5404 11 2 1 3 2234 259 2847 260 2289 3113 7124 2288 3114 269
5405 11 2 1 3 501 478 635 4203 1607 1263 1608 5690 6959 7167
5406 11 2 1 3 2666 2958 2839 4237 3323 3322 3320 6458 6001 7186
5407 11 2 1 3 534 561 519 4210 1768 1767 1766 6938 6232 5620
5408 11 2 1 3 1973 10 1950 4287 2018 2014 2019 5839 7384 7342
5409 11 2 1 3 2766 2806 2807 4217 3821 3824 3823 5949 4628 6408
5410 11 2 1 3 655 700 377 4267 1103 1102 844 6824 6589 6713
5411 11 2 1 3 2235 581 86 720 5443 873 2278 4744 738 876
5412 11 2 1 3 2321 287 2308 4289 2505 2501 2400 5420 7119 7397
5413 11 2 1 3 2667 346 2589 347 3236 2645 4936 3235 2646 356
5414 11 2 1 3 306 2310 2674 4242 2554 5461 3213 7380 5138 5462
5415 11 2 1 3 2304 2327 2354 4202 2561 2563 2477 6142 7071 5546
5416 11 2 1 3 2946 2662 2916 4137 3298 3188 3299 6306 7176 6921
5417 11 2 1 3 661 655 705 4267 1947 1181 1868 5435 4875 6824
5418 11 2 1 3 595 596 597 4195 1882 1887 1886 6189 6021 4523
5419 11 2 1 3 729 377 700 4218 1105 1102 1106 5642 5758 6492
5420 11 2 1 3 2874 2873 2676 4235 3378 3377 3379 6248 7210 4369
5421 11 2 1 3 537 553 536 4257 1810 1809 1808 7313 5664 6789
5422 11 2 1 3 2899 2722 2952 4227 3604 3601 3605 6779 5319 6115
5423 11 2 1 3 263 2670 262 2233 3123 3122 272 2294 2295 6895
5424 11 2 1 3 378 686 523 4290 885 1113 1112 7154 4784 5465
5425 11 2 1 3 508 509 493 4231 1676 1675 1673 5202 5501 6902
5426 11 2 1 3 520 483 530 4184 1630 1632 1631 6530 6982 5400
5427 11 2 1 3 656 703 735 4182 1586 1818 1798 7185 5819 5771
5428 11 2 1 3 2655 2973 2815 4252 3040 3258 3255 7284 6611 5991
5429 11 2 1 3 2772 2768 2756 4261 3771 3704 3772 5001 5487 5579
5430 11 2 1 3 2886 2658 2811 4298 3273 3272 3274 4939 5530 7370
5431 11 2 1 3 368 585 572 4292 1046 1045 1047 6504 7266 7239
5432 11 2 1 3 642 733 502 4199 1717 1715 1716 6784 5162 5053
5433 11 2 1 3 698 593 595 4177 1878 1879 1881 6149 6188 6181
5434 11 2 1 3 594 469 657 4219 1562 1473 1563 4610 4549 4399
5435 11 2 1 3 614 613 615 4275 1934 1935 1136 5738 6647 5263
5436 11 2 1 3 1974 2975 217 4286 6077 3100 2203 6230 7411 6231
5437 11 2 1 3 500 693 498 4273 1700 1699 1604 6318 5940 6655
5438 11 2 1 3 2864 2865 2862 4238 4058 4057 4055 6037 5919 6583
5439 11 2 1 3 2751 2991 2934 4262 3749 3748 3739 5434 5380 5627
5440 11 2 1 3 489 552 685 4293 1658 1659 1644 5090 6373 7344
5441 11 2 1 3 345 344 2671 2592 354 3230 3229 2642 5905 2641
5442 11 2 1 3 2827 2811 2966 4297 3965 3275 3081 6461 6390 5529
5443 11 2 1 3 693 371 531 4201 1069 1068 1070 6654 6067 6637
5444 11 2 1 3 640 548 717 4301 1835 1037 829 6832 7254 6666
5445 11 2 1 3 642 641 680 4178 1029 1156 1946 6783 4550 6015
5446 11 2 1 3 689 644 500 4246 1051 1707 1705 5468 6354 6206
5447 11 2 1 3 2944 2664 2988 4251 3309 3311 3310 5169 6367 6057
5448 11 2 1 3 2880 2239 261 262 6384 2293 3119 3120 271 2292
5449 11 2 1 3 42 1981 720 675 2003 4328 736 849 851 4484
5450 11 2 1 3 640 719 550 4301 1002 1842 1834 6832 6556 6237
5451 11 2 1 3 2855 2687 2851 4287 3433 3432 3434 6417 5218 7300
5452 11 2 1 3 2958 2917 2790 4247 3324 3926 3920 7385 6865 7292
5453 11 2 1 3 474 703 656 4182 1587 1586 1577 6633 7185 5771
5454 11 2 1 3 2302 2663 289 288 4890 3160 2506 2507 320 3159
5455 11 2 1 3 81 82 2238 620 91 2266 2265 862 6311 861
5456 11 2 1 3 702 362 535 4258 791 1009 1010 5612 6410 7032
5457 11 2 1 3 540 539 724 4260 1779 1174 1814 5910 7331 6174
5458 11 2 1 3 2840 217 2975 4286 3104 3100 3105 5313 6231 7411
5459 11 2 1 3 2894 2892 2893 4279 4110 4105 3583 6111 6947 7029
5460 11 2 1 3 1973 189 2687 1950 2130 3014 7400 2019 7410 2128
5461 11 2 1 3 395 80 79 2236 855 89 856 7116 2259 2260
5462 11 2 1 3 1958 1992 1971 4229 2067 2217 2163 6886 6814 6885
5463 11 2 1 3 711 573 575 4202 1129 1857 975 6822 6422 5078
5464 11 2 1 3 678 373 588 4166 897 1081 1080 5838 4986 6950
5465 11 2 1 3 551 552 621 4307 1839 1656 1281 6269 7285 7169
5466 11 2 1 3 530 656 735 4241 1633 1798 1797 6983 5821 6807
5467 11 2 1 3 710 597 369 4211 1055 1054 912 6135 5357 6022
5468 11 2 1 3 1950 188 2987 1997 2127 3002 7409 2129 7404 2010
5469 11 2 1 3 2717 2715 2716 4284 3566 3558 3567 6497 7178 7160
5470 11 2 1 3 361 727 719 4247 1004 1006 1003 6601 6239 6918
5471 11 2 1 3 373 714 588 4166 1083 1082 1081 6950 4986 6445
5472 11 2 1 3 2591 168 167 390 2612 177 2613 6310 980 981
5473 11 2 1 3 82 83 2239 375 92 2269 2268 865 5927 864
5474 11 2 1 3 518 372 533 4244 1075 1074 1073 5070 6097 7314
5475 11 2 1 3 42 1981 675 1951 2003 4484 849 2122 4677 2125
5476 11 2 1 3 2713 2715 2714 4288 3557 3556 3549 4418 7128 7201
5477 11 2 1 3 2981 2846 2843 4260 4035 4030 4033 5310 6590 6724
5478 11 2 1 3 260 261 2668 2238 270 3117 3116 2291 6038 2290
5479 11 2 1 3 2235 264 2685 265 2299 3128 7311 2298 3129 274
5480 11 2 1 3 343 2684 2585 342 3223 6614 2637 352 2636 3224
5481 11 2 1 3 2331 2312 2338 4234 2430 2526 2573 6495 6274 7006
5482 11 2 1 3 716 110 2305 2353 913 2408 4754 6868 2412 2410
5483 11 2 1 3 714 645 508 4251 1084 1738 1731 5969 5203 4591
5484 11 2 1 3 2817 2978 2655 4244 3261 3043 3259 5156 7283 6517
5485 11 2 1 3 2659 2962 2818 4292 3212 3284 3281 6464 7271 6372
5486 11 2 1 3 2585 674 166 723 7017 977 2610 6810 747 979
5487 11 2 1 3 712 11 388 1993 752 754 756 6672 4859 2021
5488 11 2 1 3 281 2681 2976 4290 3138 3140 3136 7412 5797 5049
5489 11 2 1 3 2772 2810 2768 4261 3832 3831 3771 5001 5579 5415
5490 11 2 1 3 2868 2866 2867 4283 4068 4065 4069 5641 5199 4603
5491 11 2 1 3 671 37 38 1963 836 72 837 5961 2108 2109
5492 11 2 1 3 552 551 550 4307 1839 1837 1840 7169 6557 6269
5493 11 2 1 3 30 29 1953 641 64 2083 2082 813 6426 812
5494 11 2 1 3 2780 2993 2939 4271 3884 3886 3883 6773 5273 4983
5495 11 2 1 3 554 542 386 4295 1154 1152 1155 4736 7232 4806
5496 11 2 1 3 2000 728 23 362 7068 792 2057 7031 790 794
5497 11 2 1 3 1982 1997 1950 4277 2126 2129 2016 7364 7382 7406
5498 11 2 1 3 2783 2765 2757 4226 3776 3724 3777 6967 5978 7162
5499 11 2 1 3 611 664 617 4227 1929 1373 1933 6915 5757 4812
5500 11 2 1 3 521 637 495 4300 1687 1684 1685 7301 7205 7148
5501 11 2 1 3 2949 2999 2911 4178 4061 3289 3404 6725 5858 6533
5502 11 2 1 3 639 371 693 4201 957 1069 1072 6843 6654 6637
5503 11 2 1 3 2797 2914 2960 4295 3954 3313 3932 4796 4879 4947
5504 11 2 1 3 734 521 649 4225 1769 1725 1770 6889 7234 7082
5505 11 2 1 3 2587 2849 347 348 4701 3239 2647 2648 357 3238
5506 11 2 1 3 2852 2850 2853 4248 4041 4043 4042 6618 5132 6636
5507 11 2 1 3 2805 2968 2803 4225 3977 3976 3974 6289 7216 4718
5508 11 2 1 3 2796 2994 2996 4184 3949 3951 3948 7179 7086 4992
5509 11 2 1 3 281 2309 2681 4290 2487 5047 3138 7412 5049 5048
5510 11 2 1 3 707 122 2307 2349 949 2448 7263 6993 2452 2450
5511 11 2 1 3 565 564 712 4287 1853 753 1166 7202 6673 7294
5512 11 2 1 3 605 107 106 2321 904 141 905 6995 2398 2399
5513 11 2 1 3 2306 2325 2352 4137 2532 2565 2437 7269 7063 7228
5514 11 2 1 3 658 473 485 4262 1532 1581 1583 5055 4505 5027
5515 11 2 1 3 1952 199 200 2656 2156 231 2157 5504 3049 3050
5516 11 2 1 3 363 698 605 4289 1016 1018 906 7033 4888 6153
5517 11 2 1 3 2915 2948 2998 4246 3285 3994 3396 5790 6585 5632
5518 11 2 1 3 591 589 592 4285 1874 1548 1875 7337 4575 6766
5519 11 2 1 3 724 582 676 4240 1176 1101 1815 7332 7280 6083
5520 11 2 1 3 2912 290 2318 289 3163 2508 6917 3162 2509 321
5521 11 2 1 3 2939 2990 2806 4232 3392 3985 3882 5272 6409 4815
5522 11 2 1 3 671 377 729 4218 841 1105 1104 5962 5642 6492
5523 11 2 1 3 2911 207 206 1953 3070 238 3071 6146 2176 2177
5524 11 2 1 3 2726 2828 2952 4183 3623 3625 3610 5331 5013 4864
5525 11 2 1 3 653 497 681 4129 1612 1694 1696 6560 4760 6923
5526 11 2 1 3 2679 2998 2947 4201 3395 3399 3398 5561 6211 6360
5527 11 2 1 3 2897 2673 2953 4234 3363 3182 3365 7078 7377 6692
5528 11 2 1 3 2590 173 172 562 2627 182 2628 5146 995 996
5529 11 2 1 3 608 690 603 4249 1132 1909 1915 5179 5375 4756
5530 11 2 1 3 590 591 697 4270 1873 1014 1876 4725 6486 7163
5531 11 2 1 3 2930 2838 2839 4221 3789 4029 3923 4828 5999 6357
5532 11 2 1 3 22 2000 362 702 2058 7031 789 787 791 6952
5533 11 2 1 3 2777 2790 2858 4307 3870 3873 3872 7012 6973 6866
5534 11 2 1 3 2916 298 2306 297 3187 2530 7189 3186 2531 329
5535 11 2 1 3 696 538 525 4291 808 1721 1088 6744 4763 4325
5536 11 2 1 3 571 570 569 4276 1854 1570 1688 5347 7047 6741
5537 11 2 1 3 2234 80 81 379 2262 90 2263 7130 858 859
5538 11 2 1 3 718 394 674 4200 1190 1192 1191 5044 7101 6198
5539 11 2 1 3 2304 129 130 575 2475 164 2476 5889 973 974
5540 11 2 1 3 2867 2864 2949 4199 4066 4059 3403 4771 6726 6036
5541 11 2 1 3 362 682 537 4258 1012 1011 1008 7032 7327 7355
5542 11 2 1 3 2672 2836 2835 4267 3356 3355 3354 6080 5166 6260
5543 11 2 1 3 2687 188 2987 1950 3015 3002 3016 7410 7409 2127
5544 11 2 1 3 302 2921 301 2307 3199 3198 333 2539 2540 6105
5545 11 2 1 3 2984 2350 279 2303 6293 2366 3012 7080 2482 2483
5546 11 2 1 3 638 1990 15 732 6268 2035 769 770 766 4544
5547 11 2 1 3 2915 303 304 2313 3204 335 3205 6113 2544 2545
5548 11 2 1 3 534 385 535 4236 1147 1150 1149 6677 6133 6006
5549 11 2 1 3 376 568 530 4305 991 1097 1098 7010 7261 4667
5550 11 2 1 3 2958 2666 2917 4237 3323 3093 3324 7186 7174 6458
5551 11 2 1 3 2984 2844 2684 4200 3134 3423 3225 6295 6479 6027
5552 11 2 1 3 1977 1958 1986 4235 2065 2166 2218 6545 5141 7118
5553 11 2 1 3 500 639 693 4246 1708 1072 1700 6354 7302 6845
5554 11 2 1 3 2914 299 300 2301 3192 331 3193 4946 2535 2536
5555 11 2 1 3 2941 2687 2987 4277 3435 3016 3247 5165 7388 7299
5556 11 2 1 3 2982 2795 2814 4241 3945 3943 3946 6054 7108 5808
5557 11 2 1 3 2814 2996 2667 4305 3328 3327 3325 7104 4937 7193
5558 11 2 1 3 301 2665 300 2320 3196 3195 332 2537 2538 7252
5559 11 2 1 3 2588 2594 2596 4277 2653 2634 2633 5551 7403 7390
5560 11 2 1 3 409 478 475 4306 1262 1261 1260 5254 7198 7123
5561 11 2 1 3 299 2675 298 2319 3190 3189 330 2533 2534 4954
5562 11 2 1 3 2985 2918 3001 4289 3158 4126 4124 7251 6406 4767
5563 11 2 1 3 2790 2917 2926 4247 3926 3090 3927 6865 7208 7292
5564 11 2 1 3 2996 2994 2856 4184 3951 4052 3331 7086 4555 4992
5565 11 2 1 3 2965 2877 2676 4229 3382 3381 3057 6813 7209 7073
5566 11 2 1 3 2945 2899 2826 4280 4019 4018 4016 5706 5483 6780
5567 11 2 1 3 562 567 380 4206 1123 1120 997 5145 4833 6829
5568 11 2 1 3 218 217 2840 1951 249 3104 3103 2206 5037 2205
5569 11 2 1 3 2989 2895 2897 4275 4119 4117 4120 7335 7079 6329
5570 11 2 1 3 2802 2657 2956 4281 3267 3031 3268 7195 7035 4820
5571 11 2 1 3 106 105 363 2308 140 902 901 2396 6679 2395
5572 11 2 1 3 258 2940 257 2232 3108 3107 267 2283 2284 6659
5573 11 2 1 3 1973 1950 2687 4287 2019 7410 7400 5839 7300 7384
5574 11 2 1 3 2933 2768 2810 4285 3833 3831 3834 6712 7015 5935
5575 11 2 1 3 2811 2658 2966 4298 3272 3084 3275 5530 6670 7370
5576 11 2 1 3 612 609 611 4280 1927 1925 1928 5213 6916 4562
5577 11 2 1 3 524 539 540 4260 1774 1779 1778 5883 5910 6174
5578 11 2 1 3 2830 2950 2831 4236 4022 4021 4005 6520 6162 6019
5579 11 2 1 3 2329 2310 2340 4242 2470 2555 2569 6818 6698 5462
5580 11 2 1 3 389 578 581 4223 1169 1171 875 5034 5221 5539
5581 11 2 1 3 349 2588 2941 350 2651 6267 3245 359 3244 2652
5582 11 2 1 3 2312 2344 2325 4272 2431 2572 2529 7007 7229 6958
5583 11 2 1 3 1951 2001 1974 4286 2124 2210 2207 5109 6230 7329
5584 11 2 1 3 644 639 500 4246 960 1708 1707 6206 6354 6845
5585 11 2 1 3 2989 2953 2662 4272 3302 3185 3300 7056 6922 7373
5586 11 2 1 3 2807 2823 2824 4249 3982 3292 3986 4668 4963 4996
5587 11 2 1 3 281 2976 2326 4290 3136 5854 2484 7412 5678 5797
5588 11 2 1 3 702 22 2000 1952 787 2058 6952 5610 2059 2054
5589 11 2 1 3 2999 2964 2660 4250 3290 3287 3288 6534 6155 5267
5590 11 2 1 3 680 387 731 4250 1157 1159 1158 4551 7026 6156
5591 11 2 1 3 2959 2868 2867 4283 4072 4069 4073 5652 5199 5641
5592 11 2 1 3 345 2971 346 2586 3233 3232 355 2643 2644 6575
5593 11 2 1 3 34 1996 717 1954 2098 7253 825 2094 7259 2099
5594 11 2 1 3 2317 2339 2330 4259 2583 2571 2423 6275 6888 7099
5595 11 2 1 3 1970 194 195 2822 2144 226 2145 4410 3032 3033
5596 11 2 1 3 591 592 593 4285 1875 1559 1877 7337 6182 4575
5597 11 2 1 3 2910 2810 2677 4270 3386 3383 3387 7352 6716 5416
5598 11 2 1 3 627 555 684 4243 1827 1845 1602 6377 6794 4347
5599 11 2 1 3 484 567 488 4248 1637 1636 1635 5235 6980 6830
5600 11 2 1 3 2858 2886 2770 4254 3845 3842 3843 6972 6284 4938
5601 11 2 1 3 171 172 380 2587 181 993 992 2625 4856 2624
5602 11 2 1 3 344 2842 2591 343 3226 5862 2640 353 2639 3227
5603 11 2 1 3 290 291 2678 2305 322 3166 3165 2511 4959 2510
5604 11 2 1 3 302 303 2679 2322 334 3202 3201 2542 5559 2541
5605 11 2 1 3 98 97 394 2303 132 878 877 2368 6197 2367
5606 11 2 1 3 2321 2918 288 287 5419 3157 2504 2505 319 3156
5607 11 2 1 3 675 41 42 1951 848 76 849 4677 2122 2123
5608 11 2 1 3 2926 2658 2955 4301 3087 3276 3278 7223 6657 7224
5609 11 2 1 3 83 84 2233 576 93 2272 2271 868 7140 867
5610 11 2 1 3 197 198 1949 2978 229 2153 2152 3042 6516 3041
5611 11 2 1 3 687 372 559 4252 779 1076 1079 5216 4573 7309
5612 11 2 1 3 2326 98 99 686 2370 133 2371 5677 880 881
5613 11 2 1 3 495 637 497 4300 1684 1683 1610 7205 6924 7148
5614 11 2 1 3 2660 208 207 1966 3073 239 3074 5855 2179 2180
5615 11 2 1 3 489 624 621 4263 1558 1273 1657 4654 7265 7141
5616 11 2 1 3 362 537 535 4258 1008 1007 1009 7032 6410 7327
5617 11 2 1 3 677 118 117 2306 937 152 938 7295 2435 2436
5618 11 2 1 3 3000 199 198 1965 3044 230 3045 6449 2154 2155
5619 11 2 1 3 102 101 645 2315 136 890 889 2382 4975 2381
5620 11 2 1 3 2686 309 2304 308 3220 2559 5747 3219 2560 340
5621 11 2 1 3 548 366 717 4298 1036 826 1037 6060 7322 6912
5622 11 2 1 3 527 545 709 4235 1787 797 1091 4406 6546 6004
5623 11 2 1 3 2765 2803 2932 4224 3818 3820 3725 7278 4961 7317
5624 11 2 1 3 2309 281 2326 4290 2487 2484 2488 5048 5678 7412
5625 11 2 1 3 582 168 169 2592 983 178 984 5986 2615 2616
5626 11 2 1 3 113 114 2317 364 148 2422 2421 926 6493 925
5627 11 2 1 3 31 30 1966 387 65 2086 2085 816 6013 815
5628 11 2 1 3 688 512 727 4237 1750 1752 1005 6608 6929 5625
5629 11 2 1 3 589 587 466 4261 1544 1546 1545 5381 5307 7151
5630 11 2 1 3 554 386 704 4295 1155 948 1062 4736 7248 7232
5631 11 2 1 3 2838 2857 2836 4266 3787 3890 4027 6358 6259 5895
5632 11 2 1 3 2237 84 85 389 2274 94 2275 7290 870 871
5633 11 2 1 3 2820 2974 2686 4202 3371 3221 3428 4584 6141 5799
5634 11 2 1 3 522 509 516 4294 1739 1735 1107 5604 4857 6903
5635 11 2 1 3 689 585 368 4292 1049 1046 1050 5323 6504 7239
5636 11 2 1 3 2590 2683 348 349 4978 3242 2649 2650 358 3241
5637 11 2 1 3 125 126 2316 368 160 2462 2461 962 6503 961
5638 11 2 1 3 2939 2993 2913 4271 3886 3916 4125 5273 7288 4983
5639 11 2 1 3 16 1994 384 732 2038 4733 771 767 773 6872
5640 11 2 1 3 692 533 372 4244 1078 1074 782 5696 7314 6097
5641 11 2 1 3 18 17 1955 687 52 2043 2042 775 5402 774
5642 11 2 1 3 9 10 564 1950 44 749 748 2015 7383 2014
5643 11 2 1 3 2351 2240 7 2986 5350 2253 2362 5351 3008 4894
5644 11 2 1 3 661 700 655 4267 1749 1103 1947 5435 6824 6713
5645 11 2 1 3 1998 2983 6 2241 5535 3005 2012 5536 2251 4374
5646 11 2 1 3 2237 263 2688 264 2297 3125 6587 2296 3126 273
5647 11 2 1 3 3000 2831 2950 4236 3048 4021 3265 5779 6019 6162
5648 11 2 1 3 258 2236 259 2682 2287 2286 268 3110 3111 7188
5649 11 2 1 3 714 373 645 4251 1083 894 1084 5969 4591 7152
5650 11 2 1 3 2655 197 196 1968 3038 228 3039 7325 2150 2151
5651 11 2 1 3 25 26 374 1964 60 801 800 2069 4498 2068
5652 11 2 1 3 2665 2960 2914 4295 3314 3313 3197 7304 4947 4879
5653 11 2 1 3 279 2844 2984 2303 3132 3134 3012 2482 7080 6913
5654 11 2 1 3 2835 2840 2975 4286 4026 3105 3357 5168 6231 5313
5655 11 2 1 3 14 13 1962 367 48 2029 2028 761 6984 760
5656 11 2 1 3 676 530 735 4241 1100 1797 1799 7279 5821 6983
5657 11 2 1 3 3 721 2242 2334 743 5463 2247 2356 5464 5104
5658 11 2 1 3 2818 2812 2659 4292 3280 3279 3281 7271 6464 5768
5659 11 2 1 3 296 297 2662 2325 328 3184 3183 2528 7357 2527
5660 11 2 1 3 566 726 367 4302 1038 762 1039 7149 6986 6228
5661 11 2 1 3 1981 2243 1 720 5386 2245 2002 4328 737 5387
5662 11 2 1 3 108 109 2318 369 143 2405 2404 911 5356 910
5663 11 2 1 3 2969 2676 2873 4235 3060 3377 3253 4953 4369 7210
5664 11 2 1 3 2846 2981 2970 4260 4035 3894 4036 6724 5849 5310
5665 11 2 1 3 2897 2895 2896 4275 4117 4114 4118 7079 5816 6329
5666 11 2 1 3 621 411 413 4180 1271 1269 1272 7282 5877 6164
5667 11 2 1 3 19 20 692 1949 54 781 780 2049 5694 2048
5668 11 2 1 3 2805 2669 2967 4304 3337 3340 3339 6291 6537 5673
5669 11 2 1 3 1957 215 216 2672 2199 247 2200 6542 3097 3098
5670 11 2 1 3 585 636 570 4299 1709 1572 1856 7240 6742 6992
5671 11 2 1 3 2910 2985 3001 4289 3389 4124 4123 7114 6406 7251
5672 11 2 1 3 1960 212 213 2917 2190 244 2191 7183 3088 3089
5673 11 2 1 3 111 110 619 2353 145 917 916 2411 4989 2410
5674 11 2 1 3 638 637 699 4281 1693 1042 768 5115 7005 6869
5675 11 2 1 3 550 548 640 4301 1833 1835 1834 6556 6832 6666
5676 11 2 1 3 205 204 2919 1959 236 3065 3064 2171 7336 2170
5677 11 2 1 3 2790 2789 2958 4293 3871 3921 3920 7367 7187 5354
5678 11 2 1 3 28 27 1991 538 62 2075 2074 807 4321 806
5679 11 2 1 3 109 110 2305 716 144 2408 2407 914 4754 913
5680 11 2 1 3 712 10 11 1973 751 45 752 7142 2017 2018
5681 11 2 1 3 2919 2654 2959 4291 3066 3251 3254 5099 5653 4520
5682 11 2 1 3 488 565 517 4303 1652 1162 1639 6981 6046 7203
5683 11 2 1 3 120 121 2320 386 155 2445 2444 947 7219 946
5684 11 2 1 3 2586 170 169 376 2618 179 2619 6721 986 987
5685 11 2 1 3 2674 2818 2962 4242 3366 3284 3215 5138 6904 6707
5686 11 2 1 3 1954 210 211 2658 2185 242 2186 7255 3082 3083
5687 11 2 1 3 205 206 1972 2680 237 2174 2173 3068 4393 3067
5688 11 2 1 3 701 364 643 4259 1023 927 1025 7058 5891 6029
5689 11 2 1 3 674 166 167 2585 977 176 978 7017 2609 2610
5690 11 2 1 3 370 119 118 2319 940 153 941 7147 2438 2439
5691 11 2 1 3 694 31 32 1948 818 66 819 6400 2088 2089
5692 11 2 1 3 677 556 370 4239 1065 1064 942 7246 6130 5901
5693 11 2 1 3 2971 2814 2667 4305 3326 3325 3237 6753 4937 7104
5694 11 2 1 3 121 122 2307 707 156 2448 2447 950 7263 949
5695 11 2 1 3 32 33 366 1967 67 822 821 2092 6675 2091
5696 11 2 1 3 385 20 21 1965 783 55 784 6459 2051 2052
5697 11 2 1 3 21 22 702 1952 56 787 786 2055 5610 2054
5698 11 2 1 3 201 202 1958 2676 233 2162 2161 3056 7395 3055
5699 11 2 1 3 2972 2687 2855 4287 3019 3433 3343 6050 6417 7300
5700 11 2 1 3 392 79 78 2232 852 88 853 6777 2256 2257
5701 11 2 1 3 2301 119 120 704 2441 154 2442 7037 943 944
5702 11 2 1 3 1962 1975 1988 4302 2030 2214 2226 6901 7298 6229
5703 11 2 1 3 2302 107 108 710 2401 142 2402 6934 907 908
5704 11 2 1 3 306 307 2674 2310 338 3214 3213 2554 5461 2553
5705 11 2 1 3 566 367 734 4302 1039 1041 1040 7149 6890 6986
5706 11 2 1 3 211 212 1969 2926 243 2188 2187 3086 7207 3085
5707 11 2 1 3 2804 2805 2803 4225 3975 3974 3971 6622 7216 6289
5708 11 2 1 3 296 2312 2953 295 2524 7392 3181 327 3180 2525
5709 11 2 1 3 8 2350 2984 2593 2364 6293 3011 2607 6294 6124
5710 11 2 1 3 2681 2845 2976 4290 3405 3406 3140 5049 5797 5760
5711 11 2 1 3 2588 174 173 393 2630 183 2631 5550 998 999
5712 11 2 1 3 209 210 1967 2966 241 2184 2183 3080 6388 3079
5713 11 2 1 3 1982 722 2 2596 7361 739 2006 7401 2597 7407
5714 11 2 1 3 2594 2987 5 1997 7387 3003 2603 7405 2009 7404
5715 11 2 1 3 102 103 2333 373 137 2385 2384 893 6948 892
5716 11 2 1 3 377 38 39 1976 839 73 840 6489 2111 2112
5717 11 2 1 3 2311 292 2661 293 2516 3171 5066 2515 3172 324
5718 11 2 1 3 2335 4 723 2595 2358 746 6194 5951 6193 2601
5719 11 2 1 3 282 2309 2681 281 2486 5047 3139 313 3138 2487
5720 11 2 1 3 390 724 539 4278 1175 1174 1173 5988 6567 7333
5721 11 2 1 3 717 33 34 1954 824 68 825 7259 2094 2095
5722 11 2 1 3 35 34 1996 640 69 2098 2097 828 6775 827
5723 11 2 1 3 19 18 1968 372 53 2046 2045 778 7399 777
5724 11 2 1 3 581 86 85 2235 873 95 874 5443 2277 2278
5725 11 2 1 3 2326 2346 2309 4290 2375 2380 2488 5678 5048 7155
5726 11 2 1 3 2967 2855 2852 4303 3342 4045 4048 6536 6619 6477
5727 11 2 1 3 286 2677 285 2323 3151 3150 317 2498 2499 6714
5728 11 2 1 3 2844 279 280 2303 3132 311 3133 6913 2481 2482
5729 11 2 1 3 196 195 2973 1955 227 3036 3035 2148 5714 2147
5730 11 2 1 3 36 35 1989 361 70 2101 2100 831 6920 830
5731 11 2 1 3 123 122 371 2349 157 953 952 2451 6638 2450
5732 11 2 1 3 2337 284 283 2664 2492 315 2493 6008 3144 3145
5733 11 2 1 3 1994 17 16 384 2037 51 2038 4733 771 772
5734 11 2 1 3 393 722 564 4277 1001 750 1189 5534 7293 7362
5735 11 2 1 3 40 39 1995 655 74 2115 2114 843 6852 842
5736 11 2 1 3 2827 2800 2811 4297 3964 3848 3965 6461 5529 6705
5737 11 2 1 3 2782 2977 2799 4294 3892 3891 3812 5701 5735 6834
5738 11 2 1 3 2330 112 113 643 2416 147 2417 6887 922 923
5739 11 2 1 3 2954 292 2324 291 3169 2512 4451 3168 2513 323
5740 11 2 1 3 189 188 2687 1950 220 3015 3014 2128 7410 2127
5741 11 2 1 3 644 125 124 2332 958 159 959 6207 2456 2457
5742 11 2 1 3 721 3 130 2334 743 165 744 5104 2355 2356
5743 11 2 1 3 190 191 1956 2669 222 2133 2132 3021 5672 3020
5744 11 2 1 3 23 22 2000 362 57 2058 2057 790 7031 789
5745 11 2 1 3 1981 1 42 720 2002 77 2003 4328 736 737
5746 11 2 1 3 2338 294 2673 295 2522 3177 6693 2521 3178 326
5747 11 2 1 3 128 127 381 2348 162 968 967 2468 5039 2467
5748 11 2 1 3 1971 200 201 2965 2158 232 2159 6090 3052 3053
5749 11 2 1 3 391 40 41 2001 845 75 846 7328 2119 2120
5750 11 2 1 3 2956 193 192 1984 3026 224 3027 7132 2138 2139
5751 11 2 1 3 124 123 639 2342 158 956 955 2454 6844 2453
5752 11 2 1 3 383 116 115 2344 931 150 932 6953 2427 2428
5753 11 2 1 3 1980 15 14 699 2031 49 2032 7002 763 764
5754 11 2 1 3 2666 214 213 1983 3091 245 3092 6457 2193 2194
5755 11 2 1 3 709 24 25 1977 795 59 796 6544 2063 2064
5756 11 2 1 3 2951 284 285 2314 3147 316 3148 6191 2495 2496
5757 11 2 1 3 251 2243 1981 2241 2246 5386 2004 2250 4326 2281
5758 11 2 1 3 2242 2240 254 2334 2282 2254 2249 5464 2357 4893
5759 11 2 1 3 2845 2681 2977 4290 3405 3408 3407 5760 7076 5049
5760 11 2 1 3 2983 265 6 2241 3007 275 3005 4374 2251 2252
5761 11 2 1 3 342 8 2984 2593 351 3011 3013 2608 6294 2607
5762 11 2 1 3 722 174 2 2596 741 184 739 7407 2597 2598
5763 11 2 1 3 2240 257 7 2986 2255 266 2253 4894 3008 3009
5764 11 2 1 3 350 2987 5 2594 3004 3003 360 2605 2603 7387
5765 11 2 1 3 1999 29 28 365 2079 63 2080 5096 809 810
5766 11 2 1 3 103 104 2343 678 138 2388 2387 896 5834 895
5767 11 2 1 3 26 27 696 1978 61 804 803 2072 6743 2071
5768 11 2 1 3 721 78 3 2242 742 87 743 5463 2247 2248
5769 11 2 1 3 286 2308 287 2985 2502 2501 318 3153 3154 7044
5770 11 2 1 3 1979 37 36 688 2103 71 2104 6703 833 834
5771 11 2 1 3 1 251 2243 1981 253 2246 2245 2002 5386 2004
5772 11 2 1 3 2242 254 3 2334 2249 256 2247 5464 2356 2357
5773 11 2 1 3 2334 2240 254 2351 4893 2254 2357 2479 2361 5350
5774 11 2 1 3 1981 1998 251 2241 2209 2013 2004 4326 2250 5536
5775 11 2 1 3 2654 204 203 1985 3061 235 3062 5242 2167 2168
5776 11 2 1 3 7 254 2240 2351 255 2254 2253 2362 5350 2361
5777 11 2 1 3 1961 193 194 2657 2141 225 2142 5446 3029 3030
5778 11 2 1 3 304 2336 305 2659 2548 2547 336 3207 3208 6463
5779 11 2 1 3 2243 86 1 720 2244 96 2245 5387 737 738
5780 11 2 1 3 309 2351 7 2986 2363 2362 341 3010 3008 5351
5781 11 2 1 3 2983 6 218 1998 3005 250 3006 5535 2011 2012
5782 11 2 1 3 2341 282 2920 283 2490 3141 4773 2489 3142 314
5783 11 2 1 3 2326 281 280 2976 2484 312 2485 5854 3135 3136
5784 11 2 1 3 2354 128 129 711 2472 163 2473 7070 970 971
5785 11 2 1 3 708 117 116 2352 934 151 935 7061 2432 2433
5786 11 2 1 3 2972 190 189 1973 3017 221 3018 6319 2130 2131
5787 11 2 1 3 1998 6 251 2241 2012 252 2013 5536 2250 2251
5788 11 2 1 3 23 24 728 1992 58 793 792 2061 7067 2060
5789 11 2 1 3 2340 305 2962 306 2551 3210 6370 2550 3211 337
5790 11 2 1 3 4 166 723 2595 175 747 746 2601 6193 2600
5791 11 2 1 3 191 192 1988 2943 223 2136 2135 3024 7358 3023
5792 11 2 1 3 126 127 2329 706 161 2465 2464 965 7134 964
5793 11 2 1 3 16 15 1990 732 50 2035 2034 767 4544 766
5794 11 2 1 3 105 104 697 2347 139 899 898 2391 6484 2390
5795 11 2 1 3 203 202 2969 1986 234 3059 3058 2165 5140 2164
5796 11 2 1 3 2 9 722 1982 43 740 739 2006 7361 2005
5797 11 2 1 3 111 112 2345 382 146 2414 2413 920 4617 919
5798 11 2 1 3 713 101 100 2328 886 135 887 4356 2376 2377
5799 11 2 1 3 723 97 4 2335 745 131 746 6194 2358 2359
5800 11 2 1 3 2331 114 115 715 2424 149 2425 6936 928 929
5801 11 2 1 3 1974 216 217 2975 2202 248 2203 6077 3100 3101
5802 11 2 1 3 2594 5 185 1997 2603 186 2604 7405 2008 2009
5803 11 2 1 3 185 2594 1982 2596 2604 7402 2007 2599 7401 2634
5804 11 2 1 3 276 2335 2593 2595 2360 5950 2606 2602 2635 5951
5805 11 2 1 3 100 99 378 2346 134 884 883 2374 6851 2373
5806 11 2 1 3 8 2350 279 2984 2364 2366 310 3011 3012 6293
5807 11 2 1 3 2987 188 5 1997 3002 219 3003 7404 2009 2010
5808 11 2 1 3 1982 2594 185 1997 7402 2604 2007 2126 2008 7405
5809 11 2 1 3 2335 2593 2350 276 5950 6124 2480 2360 2365 2606
5810 11 2 1 3 388 11 12 1993 754 46 755 4859 2020 2021
5811 11 2 1 3 8 2350 2593 276 2364 6124 2607 277 2606 2365
5812 11 2 1 3 308 2974 307 2327 3217 3216 339 2556 2557 5798
5813 11 2 1 3 276 4 2335 2595 278 2358 2360 2602 5951 2601
5814 11 2 1 3 2 185 1982 2596 187 2007 2006 2597 7401 2599
5815 11 2 1 3 2979 215 214 1987 3094 246 3095 6745 2196 2197
5816 11 2 1 3 294 2339 2980 293 2518 7096 3175 325 3174 2519
5817 11 2 1 3 13 12 1975 726 47 2024 2023 758 6225 757
5818 11 2 1 3 4281 2961 2822 4129 6550 3271 4411 4337 4409 6549
5819 11 2 1 3 4281 2822 2961 2657 4411 3271 6550 4820 3269 3034
5820 11 2 1 3 4274 4133 421 4142 4319 4413 6876 4352 4433 4351
5821 11 2 1 3 4274 421 4133 4146 6876 4413 4319 4318 4315 4415
5822 11 2 1 3 4223 2237 2670 2688 7319 6586 4388 4396 3127 6587
5823 11 2 1 3 4146 4288 422 4133 4420 4538 4414 4315 4412 4419
5824 11 2 1 3 422 4288 4146 4127 4538 4420 4414 4456 4458 4540
5825 11 2 1 3 4129 1970 4233 2822 4332 4530 4762 4409 5716 4410
5826 11 2 1 3 4129 4233 1970 732 4762 4530 4332 4333 4334 4528
5827 11 2 1 3 4225 4304 4262 649 6292 4508 4722 7234 4552 4553
5828 11 2 1 3 4219 4150 2778 4159 4494 7413 5171 4495 6122 4491
5829 11 2 1 3 4219 2778 4150 4181 5171 7413 4494 4526 4546 5170
5830 11 2 1 3 2736 2778 4150 4159 3673 7413 7191 6121 4491 6122
5831 11 2 1 3 4232 2912 2318 4211 4868 6917 4481 4483 4478 4869
5832 11 2 1 3 4232 2318 2912 2678 4481 6917 4868 4960 3167 4958
5833 11 2 1 3 4304 2968 4262 2854 6290 4721 4508 4507 4506 3981
5834 11 2 1 3 4304 4262 2968 4225 4508 4721 6290 6292 4718 4722
5835 11 2 1 3 496 4256 4186 574 4444 5239 5151 1199 5349 4644
5836 11 2 1 3 4186 4256 496 4216 5239 4444 5151 5153 4441 4445
5837 11 2 1 3 2237 4223 2233 389 7319 7414 2276 7290 7139 5034
5838 11 2 1 3 576 2233 4223 389 7140 7414 4636 872 5034 7139
5839 11 2 1 3 576 4223 2233 4148 4636 7414 7140 4635 7310 4389
5840 11 2 1 3 4305 2849 4184 2667 4607 4554 7194 4937 4689 3240
5841 11 2 1 3 4305 4184 2849 4206 7194 4554 4607 4609 4556 4558
5842 11 2 1 3 4211 2963 2918 4195 7244 3307 4764 4765 4766 5019
5843 11 2 1 3 4211 2918 2963 2663 4764 3307 7244 4891 3305 3161
5844 11 2 1 3 4202 496 4276 573 4442 5346 4586 5078 5345 1690
5845 11 2 1 3 4202 4276 496 4216 4586 5346 4442 4440 4441 4646
5846 11 2 1 3 4295 555 4255 4243 4487 5378 4797 4488 4794 4347
5847 11 2 1 3 4295 4255 555 554 4797 5378 4487 4736 1059 5703
5848 11 2 1 3 4216 2820 2832 4202 4645 3429 4662 4440 4663 4584
5849 11 2 1 3 4216 2832 2820 2821 4662 3429 4645 4866 4007 4009
5850 11 2 1 3 590 4261 588 589 4723 4988 1870 1871 1869 5381
5851 11 2 1 3 588 4261 590 4166 4988 4723 1870 4986 4724 4674
5852 11 2 1 3 2345 2954 2311 2324 4450 6969 2420 2570 2517 4451
5853 11 2 1 3 2345 2311 2954 2661 2420 6969 4450 4703 3173 5066
5854 11 2 1 3 2680 205 1959 1972 3068 2171 7415 4393 2175 2173
5855 11 2 1 3 1959 205 2680 2919 2171 3068 7415 7336 3069 3064
5856 11 2 1 3 1959 1991 2680 1972 2078 4322 7415 2175 4393 2219
5857 11 2 1 3 4205 429 4162 628 6524 4640 5333 5843 5842 1359
5858 11 2 1 3 4205 4162 429 4147 5333 4640 6524 5334 4639 4339
5859 11 2 1 3 4294 522 378 516 5604 1108 7416 4857 1109 1107
5860 11 2 1 3 378 522 4294 4290 1108 5604 7416 7154 4759 6179
5861 11 2 1 3 378 713 4294 516 888 4758 7416 1109 4857 1110
5862 11 2 1 3 4294 713 378 4290 4758 888 7416 4759 7154 4423
5863 11 2 1 3 2241 4223 2685 2235 4331 5639 7347 2300 7311 4745
5864 11 2 1 3 2685 4223 2241 2983 5639 4331 7347 3131 4374 4376
5865 11 2 1 3 4280 2828 2952 2826 5029 3625 6720 5483 4017 4015
5866 11 2 1 3 4280 2952 2828 4183 6720 3625 5029 4563 4864 5013
5867 11 2 1 3 4304 1993 726 1956 4688 7267 6277 4686 6226 2027
5868 11 2 1 3 4304 726 1993 388 6277 7267 4688 4860 4859 759
5869 11 2 1 3 4276 573 4242 4202 5345 7417 4587 4586 4583 5078
5870 11 2 1 3 4276 4242 573 571 4587 7417 5345 5347 1128 6951
5871 11 2 1 3 381 4242 573 4202 5043 7417 1127 5040 5078 4583
5872 11 2 1 3 381 573 4242 571 1127 7417 5043 1126 6951 1128
5873 11 2 1 3 4220 487 2816 4158 6811 7418 5068 5521 4696 4428
5874 11 2 1 3 4220 2816 487 518 5068 7418 6811 5067 1620 5069
5875 11 2 1 3 4252 2816 487 4158 4697 7418 4430 4429 4428 4696
5876 11 2 1 3 4252 487 2816 518 4430 7418 4697 4786 5069 1620
5877 11 2 1 3 2812 4273 2773 2948 5767 6580 3837 3283 3856 5631
5878 11 2 1 3 2773 4273 2812 4203 6580 5767 3837 6547 5766 5321
5879 11 2 1 3 4249 2990 4217 2823 4816 7419 4669 4996 7321 3984
5880 11 2 1 3 4249 4217 2990 4232 4669 7419 4816 4477 4815 6253
5881 11 2 1 3 2806 4217 2990 2823 6408 7419 3985 3983 3984 7321
5882 11 2 1 3 2806 2990 4217 4232 3985 7419 6408 6409 6253 4815
5883 11 2 1 3 4261 588 587 4152 4988 1734 7151 4675 6467 4987
5884 11 2 1 3 4261 587 588 589 7151 1734 4988 5381 1869 1544
5885 11 2 1 3 2981 4290 4200 2845 5309 4783 7420 4034 5795 5760
5886 11 2 1 3 4200 4290 2981 4260 4783 5309 7420 4780 5310 4785
5887 11 2 1 3 4200 2843 2981 2845 6591 4033 7420 5795 4034 4031
5888 11 2 1 3 2981 2843 4200 4260 4033 6591 7420 5310 4780 6590
5889 11 2 1 3 4288 422 424 423 4538 1324 6573 4539 1325 1316
5890 11 2 1 3 4288 424 422 4133 6573 1324 4538 4419 4412 6860
5891 11 2 1 3 4205 4145 432 4149 5305 6214 6375 5492 6215 5198
5892 11 2 1 3 4205 432 4145 4175 6375 6214 5305 5304 4594 6521
5893 11 2 1 3 4190 419 4127 626 6854 4577 5073 6768 4705 1310
5894 11 2 1 3 4190 4127 419 4156 5073 4577 6854 5074 4579 4578
5895 11 2 1 3 2328 2681 2341 2309 5046 7374 2567 2379 2491 5047
5896 11 2 1 3 2328 2341 2681 2920 2567 7374 5046 4357 3143 4773
5897 11 2 1 3 4288 2711 4146 4127 7129 4600 4420 4540 4458 4601
5898 11 2 1 3 4288 4146 2711 2713 4420 4600 7129 4418 3546 4416
5899 11 2 1 3 4159 2735 2736 2737 5207 3659 6121 5129 3666 3667
5900 11 2 1 3 4159 2736 2735 4150 6121 3659 5207 4491 5270 7191
5901 11 2 1 3 4259 608 4280 4249 6064 5149 5214 5182 4564 5179
5902 11 2 1 3 4259 4280 608 701 5214 5149 6064 7058 1923 5148
5903 11 2 1 3 433 4213 668 586 5552 5707 1379 1382 1383 5648
5904 11 2 1 3 668 4213 433 4149 5707 5552 1379 5540 5491 5404
5905 11 2 1 3 4209 494 480 514 4811 1539 6695 5007 1614 1615
5906 11 2 1 3 4209 480 494 4142 6695 1539 4811 4777 4310 7085
5907 11 2 1 3 4239 2946 4136 2891 6339 6307 5607 6263 6264 4106
5908 11 2 1 3 4239 4136 2946 4137 5607 6307 6339 5318 6306 5605
5909 11 2 1 3 4262 2853 2854 2991 4993 4047 4506 5627 4049 4050
5910 11 2 1 3 4262 2854 2853 4248 4506 4047 4993 5011 5132 5010
5911 11 2 1 3 4205 2724 4145 4149 6628 6177 5305 5492 5198 6178
5912 11 2 1 3 4205 4145 2724 2721 5305 6177 6628 5303 3599 5301
5913 11 2 1 3 4245 4154 460 4164 5787 5996 5371 5373 5369 5784
5914 11 2 1 3 4245 460 4154 4196 5371 5996 5787 5397 5846 5396
5915 11 2 1 3 2860 4299 2928 2813 6415 6051 3757 3998 3840 6594
5916 11 2 1 3 2928 4299 2860 4160 6051 6415 3757 4899 6414 6053
5917 11 2 1 3 652 4262 463 658 4740 5602 1518 1533 1531 5055
5918 11 2 1 3 463 4262 652 4196 5602 4740 1518 5679 4830 4831
5919 11 2 1 3 647 4268 583 558 6298 6498 1852 1213 1093 6451
5920 11 2 1 3 583 4268 647 4157 6498 6298 1852 5841 6297 6299
5921 11 2 1 3 4224 652 470 505 4737 1508 6419 5237 1567 1568
5922 11 2 1 3 4224 470 652 4163 6419 1508 4737 4738 4739 5431
5923 11 2 1 3 4213 504 2871 526 6610 7421 4698 4615 4470 1722
5924 11 2 1 3 4213 2871 504 4162 4698 7421 6610 5553 4533 4855
5925 11 2 1 3 4291 2871 504 526 4471 7421 4534 4371 1722 4470
5926 11 2 1 3 4291 504 2871 4162 4534 7421 4471 4535 4855 4533
5927 11 2 1 3 4232 4271 716 599 4872 7422 4482 7276 1058 7277
5928 11 2 1 3 4232 716 4271 4211 4482 7422 4872 4483 4870 4479
5929 11 2 1 3 369 716 4271 599 915 7422 7289 1056 7277 1058
5930 11 2 1 3 369 4271 716 4211 7289 7422 915 5357 4479 4870
5931 11 2 1 3 4220 2936 4173 2760 6987 5231 5566 6727 5580 3663
5932 11 2 1 3 4220 4173 2936 4210 5566 5231 6987 4846 5229 5230
5933 11 2 1 3 4262 2749 4245 2934 6755 6770 5601 5380 5848 3738
5934 11 2 1 3 4262 4245 2749 4196 5601 6770 6755 4831 6769 5397
5935 11 2 1 3 4220 449 633 481 5520 1448 5736 5518 1463 1461
5936 11 2 1 3 4220 633 449 4173 5736 1448 5520 5566 5421 5280
5937 11 2 1 3 1974 2672 216 2975 6076 3097 2202 6077 3101 3102
5938 11 2 1 3 216 2672 1974 1957 3097 6076 2202 2200 2204 6542
5939 11 2 1 3 4187 2731 2732 2729 5666 3638 6522 5295 3639 3637
5940 11 2 1 3 4187 2732 2731 4171 6522 3638 5666 5689 5532 7106
5941 11 2 1 3 4285 4289 2910 4177 6152 7114 7200 6151 7113 5555
5942 11 2 1 3 2910 4289 4285 4270 7114 6152 7200 7352 6767 7120
5943 11 2 1 3 4278 582 724 4240 5987 1176 7333 5909 7332 6083
5944 11 2 1 3 4278 724 582 390 7333 1176 5987 5988 985 1175
5945 11 2 1 3 4306 2699 2755 2859 4751 3482 6437 4752 3490 3488
5946 11 2 1 3 4306 2755 2699 4130 6437 3482 4751 4826 4824 6926
5947 11 2 1 3 4282 444 442 445 6136 1424 6650 6272 1426 1427
5948 11 2 1 3 4282 442 444 4171 6650 1424 6136 6138 5721 6641
5949 11 2 1 3 2592 390 168 2591 5985 981 2616 2617 2612 6310
5950 11 2 1 3 168 390 2592 582 981 5985 2616 983 5986 985
5951 11 2 1 3 2924 4161 2872 2875 5343 5075 4082 4087 4085 5659
5952 11 2 1 3 2924 2872 4161 4213 4082 5075 5343 5403 4404 5076
5953 11 2 1 3 4221 468 482 486 4568 1242 6617 4566 1554 1555
5954 11 2 1 3 4221 482 468 4207 6617 1242 4568 5192 5190 6216
5955 11 2 1 3 2664 2314 284 2951 6007 2496 3145 3149 3147 6191
5956 11 2 1 3 2664 284 2314 2337 3145 2496 6007 6008 2497 2492
5957 11 2 1 3 4198 466 454 4134 5306 1479 5296 5297 4907 5845
5958 11 2 1 3 4198 454 466 453 5296 1479 5306 4637 1480 1475
5959 11 2 1 3 4285 2779 4177 2933 6323 6081 6151 6712 7199 3881
5960 11 2 1 3 4285 4177 2779 4219 6151 6081 6323 4401 6082 4837
5961 11 2 1 3 4261 654 4152 587 6919 7423 4675 7151 6467 1547
5962 11 2 1 3 4261 4152 654 4134 4675 7423 6919 5488 4729 5084
5963 11 2 1 3 4194 4152 654 587 5087 7423 4728 5956 1547 6467
5964 11 2 1 3 4194 654 4152 4134 4728 7423 5087 4727 5084 4729
5965 11 2 1 3 2914 2319 299 2301 4955 2533 3192 4946 2536 2443
5966 11 2 1 3 299 2319 2914 2675 2533 4955 3192 3190 3194 4954
5967 11 2 1 3 1955 2822 195 2973 5715 3032 2147 5714 3036 3037
5968 11 2 1 3 1955 195 2822 1970 2147 3032 5715 2149 4410 2145
5969 11 2 1 3 4225 4262 658 649 4722 5055 7424 7234 1642 4552
5970 11 2 1 3 658 4262 4225 4224 5055 4722 7424 5054 4717 4720
5971 11 2 1 3 658 505 4225 649 1727 7083 7424 1642 7234 1726
5972 11 2 1 3 4225 505 658 4224 7083 1727 7424 4717 5054 5237
5973 11 2 1 3 2746 4224 4226 2765 7102 6420 5475 3723 7162 7278
5974 11 2 1 3 4226 4224 2746 4163 6420 7102 5475 5366 5473 4738
5975 11 2 1 3 704 2319 4239 2301 7038 4957 7425 7037 4945 2443
5976 11 2 1 3 4239 2319 704 370 4957 7038 7425 6130 945 7147
5977 11 2 1 3 4239 4295 704 2301 4565 7248 7425 4945 7037 4948
5978 11 2 1 3 4261 2742 2756 4134 5645 3701 5487 5488 5085 5644
5979 11 2 1 3 4261 2756 2742 2768 5487 3701 5645 5579 3703 3704
5980 11 2 1 3 4197 669 4153 4181 6873 5600 5792 5119 5430 5460
5981 11 2 1 3 4197 4153 669 670 5792 5600 6873 6317 1433 6316
5982 11 2 1 3 4249 601 603 4217 6471 1906 5375 4669 5183 6606
5983 11 2 1 3 4249 603 601 690 5375 1906 6471 4756 1908 1909
5984 11 2 1 3 2321 710 4289 605 6935 7426 5420 6995 4888 909
5985 11 2 1 3 2321 4289 710 2302 5420 7426 6935 2403 6934 4971
5986 11 2 1 3 4211 4289 710 605 4769 7426 6135 4886 909 4888
5987 11 2 1 3 4211 710 4289 2302 6135 7426 4769 4892 4971 6934
5988 11 2 1 3 4278 2671 2846 2842 5863 3349 7303 5864 3350 3231
5989 11 2 1 3 4278 2846 2671 4240 7303 3349 5863 5909 5906 6723
5990 11 2 1 3 4264 2720 2717 2719 6512 3579 6496 6320 3577 3578
5991 11 2 1 3 4264 2717 2720 4147 6496 3579 6512 6427 6221 7100
5992 11 2 1 3 4289 591 4285 4270 7034 7337 6152 7120 6767 7163
5993 11 2 1 3 4289 4285 591 698 6152 7337 7034 6153 1017 6150
5994 11 2 1 3 2771 4253 2752 2770 6282 6893 3751 3752 3523 6283
5995 11 2 1 3 2752 4253 2771 4172 6893 6282 3751 6965 4364 6140
5996 11 2 1 3 4291 1991 696 538 4324 7427 6744 4325 808 4321
5997 11 2 1 3 4291 696 1991 1959 6744 7427 4324 7040 2078 7039
5998 11 2 1 3 27 696 1991 538 804 7427 2075 806 4321 808
5999 11 2 1 3 27 1991 696 1959 2075 7427 804 2077 7039 2078
6000 11 2 1 3 2659 2313 304 2336 6939 2544 3207 6463 2548 2549
6001 11 2 1 3 2659 304 2313 2915 3207 2544 6939 3209 6113 3205
6002 11 2 1 3 4305 520 4206 568 7260 5424 4609 4667 4665 1122
6003 11 2 1 3 4305 4206 520 4184 4609 5424 7260 7194 6530 4558
6004 11 2 1 3 4230 703 474 4182 5770 1587 6326 5769 6633 5771
6005 11 2 1 3 4230 474 703 683 6326 1587 5770 6335 1588 1584
6006 11 2 1 3 2344 4234 115 383 6954 7235 2427 6953 932 6955
6007 11 2 1 3 115 4234 2344 2312 7235 6954 2427 2429 2431 7006
6008 11 2 1 3 2348 4242 127 381 5042 7270 2467 5039 968 5043
6009 11 2 1 3 127 4242 2348 2310 7270 5042 2467 2469 2471 5462
6010 11 2 1 3 4283 695 502 4199 5355 1713 4928 5163 5162 4676
6011 11 2 1 3 4283 502 695 503 4928 1713 5355 6258 1714 1664
6012 11 2 1 3 2998 4273 2948 2809 7161 5631 3994 3993 3857 5764
6013 11 2 1 3 2948 4273 2998 4246 5631 7161 3994 5632 6585 5469
6014 11 2 1 3 4234 115 2331 2312 7235 2425 6495 7006 2430 2429
6015 11 2 1 3 4234 2331 115 715 6495 2425 7235 6937 928 6936
6016 11 2 1 3 4242 127 2329 2310 7270 2465 6818 5462 2470 2469
6017 11 2 1 3 4242 2329 127 706 6818 2465 7270 7135 964 7134
6018 11 2 1 3 118 4239 2306 677 7381 7190 2436 937 7295 7246
6019 11 2 1 3 2306 4239 118 2319 7190 7381 2436 2440 2438 4957
6020 11 2 1 3 4296 2960 2665 4295 4515 3314 7231 4807 7304 4879
6021 11 2 1 3 4296 2665 2960 2992 7231 3314 4515 5974 3317 3315
6022 11 2 1 3 33 4298 1954 717 7394 7323 2095 824 7259 7322
6023 11 2 1 3 1954 4298 33 1967 7323 7394 2095 2096 2091 6671
6024 11 2 1 3 2778 4150 2902 2736 7413 5683 3675 3673 3660 7191
6025 11 2 1 3 2778 2902 4150 4181 3675 5683 7413 5170 4546 5428
6026 11 2 1 3 4223 2233 2670 2237 7414 6895 4388 7319 6586 2276
6027 11 2 1 3 4223 2670 2233 4148 4388 6895 7414 4389 7310 4386
6028 11 2 1 3 2680 1959 4291 1991 7415 7040 4323 4322 4324 2078
6029 11 2 1 3 4291 1959 2680 2919 7040 7415 4323 5099 3069 7336
6030 11 2 1 3 704 4239 554 4295 7425 4735 1062 7248 4736 4565
6031 11 2 1 3 554 4239 704 370 4735 7425 1062 1061 945 6130
$EndElements
